ZP Download Data,,,,,,,
2025/8/25 17:51,,,,,,,
C:\Users\aoit0\OneDrive\デスクトップ\BWSC2025ZPデータ\ZP_Data0825.csv,,,,,,,
データ記録=,5秒間隔,,,,,,
データ数=,8117,,,,,,
No,Solar[A],Battery[A],Main_Volt[V],Solar_Watt[W],Battery_Watt[W],Sub_Volt[V],Speed[kmh]
1,0.19,0.02,94.5,18,1.9,0,0
2,0.19,0.02,94.5,18,1.9,0,0
3,0.2,0.02,94.5,18.9,1.9,0,0
4,0.2,0.02,94.5,18.9,1.9,0,0
5,0.2,0.02,94.5,18.9,1.9,0,0
6,0.21,0.02,94.5,19.8,1.9,0,0
7,0.21,0.01,94.5,19.8,0.9,0,0
8,0.21,0.01,94.5,19.8,0.9,0,0
9,0.21,0.01,94.5,19.8,0.9,0,0
10,0.22,0,94.5,20.8,0,0,0
11,0.22,0.01,94.5,20.8,0.9,0,0
12,0.22,0,94.5,20.8,0,0,0
13,0.22,0,94.5,20.8,0,0,0
14,0.23,0,94.5,21.7,0,0,0
15,0.23,0,94.5,21.7,0,0,0
16,0.23,0,94.5,21.7,0,0,0
17,0.23,0,94.5,21.7,0,0,0
18,0.24,0,94.5,22.7,0,0,0
19,0.24,0,94.5,22.7,0,0,0
20,0.24,0,94.5,22.7,0,0,0
21,0.24,0,94.5,22.7,0,0,0
22,0.24,0,94.5,22.7,0,0,0
23,0.25,0,94.5,23.6,0,0,0
24,0.25,-0.01,94.5,23.6,-0.9,0,0
25,0.25,-0.01,94.5,23.6,-0.9,0,0
26,0.25,-0.01,94.5,23.6,-0.9,0,0
27,0.25,-0.01,94.5,23.6,-0.9,0,0
28,0.22,0,94.5,20.8,0,0,0
29,1.67,-1.3,94.8,158.3,-123.2,0,0
30,1.68,-1.31,94.8,159.3,-124.2,0,0
31,1.67,-1.3,94.8,158.3,-123.2,0,0
32,1.56,-1.19,94.8,147.9,-112.8,0,0
33,1.54,-1.18,94.8,146,-111.9,0,0
34,1.51,-1.15,94.8,143.1,-109,0,0
35,1.49,-1.14,94.8,141.3,-108.1,0,0
36,1.47,-1.12,94.8,139.4,-106.2,0,0
37,1.44,-1.09,94.8,136.5,-103.3,0,0
38,1.42,-1.08,94.8,134.6,-102.4,0,0
39,1.43,-1.08,94.8,135.6,-102.4,0,0
40,1.41,-1.07,94.8,133.7,-101.4,0,0
41,1.41,-1.06,94.8,133.7,-100.5,0,0
42,1.41,-1.06,94.8,133.7,-100.5,0,0
43,1.41,-1.06,94.8,133.7,-100.5,0,0
44,1.42,-1.08,94.8,134.6,-102.4,0,0
45,1.44,-1.09,94.8,136.5,-103.3,0,0
46,1.46,-1.1,94.8,138.4,-104.3,0,0
47,1.47,-1.11,94.8,139.4,-105.2,0,0
48,1.47,-1.12,94.9,139.5,-106.3,0,0
49,1.46,-1.11,94.8,138.4,-105.2,0,0
50,1.46,-1.11,94.9,138.6,-105.3,0,0
51,1.46,-1.11,94.8,138.4,-105.2,0,0
52,1.47,-1.12,94.9,139.5,-106.3,0,0
53,1.47,-1.12,94.9,139.5,-106.3,0,0
54,1.47,-1.11,94.9,139.5,-105.3,0,0
55,1.49,-1.13,94.9,141.4,-107.2,0,0
56,1.5,-1.15,94.9,142.4,-109.1,0,0
57,1.55,-1.18,95,147.3,-112.1,0,0
58,1.56,-1.2,94.9,148,-113.9,0,0
59,1.5,-1.14,94.9,142.4,-108.2,0,0
60,0.82,-0.53,94.8,77.7,-50.2,0,0
61,1.53,-1.17,94.9,145.2,-111,0,0
62,1.52,-1.17,94.9,144.2,-111,0,0
63,1.51,-1.15,94.9,143.3,-109.1,0,0
64,1.52,-1.16,94.9,144.2,-110.1,0,0
65,1.53,-1.17,94.9,145.2,-111,0,0
66,1.56,-1.2,94.9,148,-113.9,0,0
67,1.61,-1.25,95,153,-118.8,0,0
68,1.66,-1.29,95,157.7,-122.6,0,0
69,1.72,-1.35,95,163.4,-128.3,0,0
70,1.81,-1.42,95,172,-134.9,0,0
71,1.87,-1.49,95,177.7,-141.6,0,0
72,1.93,-1.54,95,183.4,-146.3,0,0
73,1.99,-1.59,95,189.1,-151.1,0,0
74,2.1,-1.69,95,199.5,-160.6,0,0
75,2.17,-1.76,95,206.2,-167.2,0,0
76,2.26,-1.84,95,214.7,-174.8,0,0
77,2.36,-1.94,95.1,224.4,-184.5,0,0
78,2.45,-2.02,95.1,233,-192.1,0,0
79,2.55,-2.11,95.1,242.5,-200.7,0,0
80,2.78,-2.31,95.1,264.4,-219.7,0,0
81,2.67,-2.23,95.1,253.9,-212.1,0,0
82,2.84,-2.38,95.2,270.4,-226.6,0,0
83,3.04,-2.56,95.3,289.7,-244,0,0
84,3.13,-2.64,95.3,298.3,-251.6,0,0
85,3.23,-2.74,95.3,307.8,-261.1,0,0
86,3.29,-2.79,95.3,313.5,-265.9,0,0
87,3.27,-2.78,95.3,311.6,-264.9,0,0
88,3.31,-2.81,95.3,315.4,-267.8,0,0
89,3.37,-2.87,95.3,321.2,-273.5,0,0
90,3.43,-2.92,95.3,326.9,-278.3,0,0
91,3.45,-2.95,95.3,328.8,-281.1,0,0
92,3.48,-2.97,95.3,331.6,-283,0,5
93,3.51,-3.01,95.3,334.5,-286.9,0,0
94,3.56,-3.04,95.3,339.3,-289.7,0,3
95,3.61,-3.08,95.3,344,-293.5,0,5
96,3.61,-3.08,95.4,344.4,-293.8,0,0
97,3.58,-3.06,95.4,341.5,-291.9,0,0
98,3.6,-3.08,95.4,343.4,-293.8,0,0
99,3.63,-3.1,95.4,346.3,-295.7,0,0
100,3.63,-3.1,95.4,346.3,-295.7,0,0
101,3.64,-3.11,95.4,347.3,-296.7,0,0
102,3.59,-3.07,95.4,342.5,-292.9,0,0
103,3.6,-3.08,95.4,343.4,-293.8,0,0
104,3.6,-3.08,95.4,343.4,-293.8,0,0
105,3.78,-3.24,95.4,360.6,-309.1,0,8
106,3.79,-3.24,95.4,361.6,-309.1,0,2
107,3.78,-3.23,95.5,361,-308.5,0,0
108,3.77,-3.23,95.4,359.7,-308.1,0,0
109,3.77,-3.23,95.4,359.7,-308.1,0,0
110,3.78,-3.24,95.4,360.6,-309.1,0,9
111,3.89,-3.34,95.5,371.5,-319,0,9
112,3.92,-3.37,95.5,374.4,-321.8,0,8
113,3.91,-3.37,95.5,373.4,-321.8,0,7
114,3.92,-3.36,95.5,374.4,-320.9,0,7
115,3.91,-3.37,95.6,373.8,-322.2,0,6
116,3.91,-3.36,95.5,373.4,-320.9,0,6
117,3.9,-3.35,95.5,372.5,-319.9,0,5
118,3.91,-3.36,95.5,373.4,-320.9,0,5
119,3.9,-3.34,95.6,372.8,-319.3,0,7
120,3.88,-3.33,95.5,370.5,-318,0,6
121,3.88,-3.33,95.6,370.9,-318.3,0,6
122,3.86,-3.32,95.6,369,-317.4,0,5
123,3.85,-3.31,95.6,368.1,-316.4,0,5
124,3.85,-3.31,95.6,368.1,-316.4,0,4
125,3.85,-3.31,95.6,368.1,-316.4,0,4
126,3.84,-3.31,95.6,367.1,-316.4,0,3
127,3.86,-3.31,95.6,369,-316.4,0,3
128,3.84,-3.31,95.6,367.1,-316.4,0,2
129,3.84,-3.29,95.6,367.1,-314.5,0,0
130,3.78,-3.25,95.6,361.4,-310.7,0,0
131,3.86,-3.31,95.6,369,-316.4,0,0
132,3.8,-3.26,95.6,363.3,-311.7,0,0
133,3.71,-3.19,95.6,354.7,-305,0,0
134,3.75,-3.22,95.6,358.5,-307.8,0,0
135,3.66,-3.14,95.5,349.5,-299.9,0,0
136,3.63,-3.11,95.6,347,-297.3,0,0
137,3.64,-3.12,95.6,348,-298.3,0,0
138,3.65,-3.12,95.6,348.9,-298.3,0,0
139,3.62,-3.1,95.5,345.7,-296.1,0,0
140,3.66,-3.13,95.6,349.9,-299.2,0,0
141,3.64,-3.11,95.6,348,-297.3,0,0
142,3.63,-3.11,95.6,347,-297.3,0,0
143,3.85,-3.31,95.6,368.1,-316.4,0,0
144,3.76,-3.23,95.6,359.5,-308.8,0,0
145,3.85,-3.31,95.6,368.1,-316.4,0,0
146,3.74,-3.21,95.6,357.5,-306.9,0,0
147,3.81,-3.27,95.6,364.2,-312.6,0,0
148,3.86,-3.31,95.6,369,-316.4,0,0
149,3.76,-3.22,95.6,359.5,-307.8,0,0
150,3.8,-3.26,95.6,363.3,-311.7,0,0
151,3.87,-3.33,95.6,370,-318.3,0,0
152,3.89,-3.35,95.6,371.9,-320.3,0,0
153,3.95,-3.39,95.6,377.6,-324.1,0,0
154,4.1,-3.54,95.7,392.4,-338.8,0,0
155,4.06,-3.5,95.7,388.5,-335,0,0
156,4.03,-3.48,95.7,385.7,-333,0,0
157,4.17,-3.6,95.7,399.1,-344.5,0,0
158,4.05,-3.49,95.7,387.6,-334,0,0
159,4.07,-3.51,95.7,389.5,-335.9,0,0
160,4.08,-3.52,95.7,390.5,-336.9,0,0
161,4.03,-3.47,95.7,385.7,-332.1,0,0
162,3.98,-3.42,95.7,380.9,-327.3,0,0
163,4.17,-3.6,95.7,399.1,-344.5,0,0
164,4.31,-3.74,95.7,412.5,-357.9,0,0
165,4.46,-3.87,95.8,427.3,-370.7,0,0
166,4.23,-3.66,95.7,404.8,-350.3,0,0
167,4.53,-3.94,95.8,434,-377.5,0,0
168,4.59,-3.99,95.8,439.7,-382.2,0,0
169,4.62,-4.03,95.9,443.1,-386.5,0,0
170,4.6,-4,95.8,440.7,-383.2,0,0
171,4.53,-3.94,95.8,434,-377.5,0,0
172,4.62,-4.02,95.8,442.6,-385.1,0,0
173,4.66,-4.05,95.8,446.4,-388,0,0
174,4.82,-4.21,95.9,462.2,-403.7,0,0
175,4.86,-4.24,95.9,466.1,-406.6,0,0
176,4.89,-4.27,95.9,469,-409.5,0,0
177,4.93,-4.31,95.9,472.8,-413.3,0,0
178,5,-4.37,95.9,479.5,-419.1,0,3
179,5.01,-4.38,95.9,480.5,-420,0,0
180,5.07,-4.43,95.9,486.2,-424.8,0,0
181,5.11,-4.49,95.9,490,-430.6,0,0
182,5.16,-4.52,96,495.4,-433.9,0,4
183,5.19,-4.56,95.9,497.7,-437.3,0,0
184,5.23,-4.59,96,502.1,-440.6,0,5
185,5.25,-4.61,96,504,-442.6,0,0
186,5.28,-4.65,96,506.9,-446.4,0,0
187,5.3,-4.65,96,508.8,-446.4,0,0
188,5.34,-4.69,96,512.6,-450.2,0,0
189,5.36,-4.71,96,514.6,-452.2,0,2
190,5.39,-4.74,96,517.4,-455,0,0
191,5.42,-4.76,96,520.3,-457,0,0
192,5.38,-4.72,96,516.5,-453.1,0,0
193,5.4,-4.74,96,518.4,-455,0,0
194,5.44,-4.79,96,522.2,-459.8,0,0
195,5.44,-4.78,96.1,522.8,-459.4,0,0
196,5.48,-4.82,96.1,526.6,-463.2,0,0
197,5.51,-4.85,96.1,529.5,-466.1,0,0
198,5.53,-4.86,96.1,531.4,-467,0,0
199,5.54,-4.87,96.2,532.9,-468.5,0,0
200,5.56,-4.9,96.2,534.9,-471.4,0,0
201,5.58,-4.91,96.1,536.2,-471.9,0,0
202,5.59,-4.92,96.2,537.8,-473.3,0,0
203,5.61,-4.94,96.2,539.7,-475.2,0,0
204,5.62,-4.95,96.2,540.6,-476.2,0,6
205,5.63,-4.95,96.2,541.6,-476.2,0,6
206,5.64,-4.96,96.2,542.6,-477.2,0,5
207,5.63,-4.96,96.2,541.6,-477.2,0,11
208,5.64,-4.96,96.2,542.6,-477.2,0,11
209,5.64,-4.97,96.2,542.6,-478.1,0,3
210,5.64,-4.97,96.2,542.6,-478.1,0,0
211,5.65,-4.98,96.2,543.5,-479.1,0,0
212,5.67,-4.99,96.2,545.5,-480,0,0
213,5.68,-5,96.2,546.4,-481,0,0
214,5.7,-5.02,96.2,548.3,-482.9,0,0
215,5.71,-5.03,96.2,549.3,-483.9,0,0
216,5.72,-5.03,96.2,550.3,-483.9,0,0
217,5.73,-5.06,96.2,551.2,-486.8,0,0
218,5.74,-5.07,96.2,552.2,-487.7,0,0
219,5.74,-5.06,96.2,552.2,-486.8,0,0
220,5.75,-5.07,96.2,553.2,-487.7,0,0
221,5.72,-5.04,96.2,550.3,-484.8,0,0
222,5.78,-5.1,96.2,556,-490.6,0,0
223,5.78,-5.11,96.3,556.6,-492.1,0,0
224,5.8,-5.11,96.3,558.5,-492.1,0,0
225,5.82,-5.14,96.2,559.9,-494.5,0,0
226,5.82,-5.13,96.3,560.5,-494,0,0
227,5.83,-5.14,96.3,561.4,-495,0,0
228,5.82,-5.14,96.3,560.5,-495,0,0
229,5.84,-5.15,96.3,562.4,-495.9,0,0
230,5.83,-5.15,96.3,561.4,-495.9,0,0
231,5.86,-5.17,96.3,564.3,-497.9,0,0
232,5.86,-5.17,96.3,564.3,-497.9,0,0
233,5.87,-5.17,96.3,565.3,-497.9,0,0
234,5.87,-5.17,96.3,565.3,-497.9,0,0
235,5.87,-5.17,96.3,565.3,-497.9,0,0
236,5.87,-5.18,96.3,565.3,-498.8,0,0
237,5.88,-5.19,96.3,566.2,-499.8,0,0
238,5.89,-5.19,96.3,567.2,-499.8,0,0
239,5.9,-5.2,96.3,568.2,-500.8,0,0
240,5.91,-5.21,96.3,569.1,-501.7,0,0
241,5.91,-5.22,96.4,569.7,-503.2,0,0
242,5.92,-5.24,96.3,570.1,-504.6,0,0
243,5.93,-5.24,96.4,571.7,-505.1,0,0
244,5.93,-5.25,96.4,571.7,-506.1,0,0
245,5.94,-5.25,96.4,572.6,-506.1,0,0
246,5.95,-5.26,96.4,573.6,-507.1,0,0
247,5.95,-5.27,96.5,574.2,-508.6,0,0
248,5.96,-5.27,96.5,575.1,-508.6,0,0
249,5.98,-5.29,96.4,576.5,-510,0,0
250,6,-5.29,96.4,578.4,-510,0,0
251,6.01,-5.31,96.5,580,-512.4,0,0
252,6.01,-5.3,96.4,579.4,-510.9,0,0
253,6.02,-5.32,96.5,580.9,-513.4,0,0
254,6.02,-5.32,96.5,580.9,-513.4,0,0
255,6.04,-5.34,96.5,582.9,-515.3,0,0
256,6.04,-5.34,96.5,582.9,-515.3,0,0
257,6.05,-5.35,96.5,583.8,-516.3,0,0
258,6.05,-5.36,96.4,583.2,-516.7,0,0
259,6.06,-5.36,96.5,584.8,-517.2,0,0
260,6.06,-5.36,96.5,584.8,-517.2,0,0
261,6.08,-5.38,96.5,586.7,-519.2,0,0
262,6.07,-5.37,96.5,585.8,-518.2,0,0
263,6.08,-5.39,96.5,586.7,-520.1,0,0
264,6.09,-5.39,96.5,587.7,-520.1,0,0
265,6.1,-5.4,96.5,588.7,-521.1,0,0
266,6.1,-5.41,96.5,588.7,-522.1,0,0
267,6.1,-5.4,96.5,588.7,-521.1,0,0
268,6.1,-5.39,96.5,588.7,-520.1,0,0
269,6.11,-5.41,96.5,589.6,-522.1,0,0
270,6.11,-5.41,96.5,589.6,-522.1,0,0
271,6.11,-5.41,96.5,589.6,-522.1,0,0
272,6.11,-5.41,96.5,589.6,-522.1,0,0
273,6.12,-5.43,96.5,590.6,-524,0,0
274,6.15,-5.44,96.5,593.5,-525,0,0
275,6.14,-5.44,96.5,592.5,-525,0,0
276,6.15,-5.44,96.5,593.5,-525,0,3
277,6.15,-5.45,96.6,594.1,-526.5,0,0
278,6.16,-5.46,96.6,595.1,-527.4,0,2
279,6.16,-5.45,96.6,595.1,-526.5,0,0
280,6.17,-5.46,96.6,596,-527.4,0,3
281,6.19,-5.46,96.6,598,-527.4,0,3
282,6.2,-5.48,96.6,598.9,-529.4,0,2
283,6.2,-5.49,96.6,598.9,-530.3,0,0
284,6.22,-5.5,96.6,600.9,-531.3,0,3
285,6.21,-5.51,96.6,599.9,-532.3,0,2
286,6.21,-5.49,96.6,599.9,-530.3,0,0
287,6.22,-5.51,96.6,600.9,-532.3,0,0
288,6.25,-5.53,96.6,603.8,-534.2,0,0
289,6.25,-5.54,96.6,603.8,-535.2,0,0
290,6.25,-5.54,96.6,603.8,-535.2,0,0
291,6.26,-5.55,96.6,604.7,-536.1,0,0
292,6.28,-5.56,96.7,607.3,-537.7,0,0
293,6.28,-5.56,96.6,606.6,-537.1,0,0
294,6.28,-5.57,96.6,606.6,-538.1,0,0
295,6.28,-5.56,96.6,606.6,-537.1,0,0
296,6.3,-5.58,96.7,609.2,-539.6,0,0
297,6.34,-5.61,96.7,613.1,-542.5,0,0
298,6.35,-5.62,96.7,614,-543.5,0,0
299,6.36,-5.63,96.7,615,-544.4,0,0
300,6.36,-5.63,96.7,615,-544.4,0,0
301,6.38,-5.65,96.8,617.6,-546.9,0,0
302,6.36,-5.62,96.7,615,-543.5,0,0
303,6.36,-5.63,96.8,615.6,-545,0,0
304,6.38,-5.66,96.8,617.6,-547.9,0,0
305,6.39,-5.66,96.7,617.9,-547.3,0,0
306,6.38,-5.66,96.8,617.6,-547.9,0,0
307,6.41,-5.68,96.8,620.5,-549.8,0,0
308,6.42,-5.69,96.8,621.5,-550.8,0,0
309,6.43,-5.7,96.8,622.4,-551.8,0,0
310,6.43,-5.7,96.8,622.4,-551.8,0,0
311,6.41,-5.68,96.8,620.5,-549.8,0,0
312,6.42,-5.69,96.8,621.5,-550.8,0,0
313,6.44,-5.72,96.8,623.4,-553.7,0,0
314,6.45,-5.72,96.8,624.4,-553.7,0,0
315,6.47,-5.73,96.8,626.3,-554.7,0,0
316,6.48,-5.74,96.8,627.3,-555.6,0,0
317,6.48,-5.75,96.8,627.3,-556.6,0,0
318,6.5,-5.77,96.8,629.2,-558.5,0,0
319,6.52,-5.78,96.8,631.1,-559.5,0,0
320,6.51,-5.78,96.8,630.2,-559.5,0,0
321,6.51,-5.78,96.8,630.2,-559.5,0,0
322,6.5,-5.76,96.8,629.2,-557.6,0,0
323,6.53,-5.79,96.8,632.1,-560.5,0,0
324,6.53,-5.79,96.8,632.1,-560.5,0,0
325,6.52,-5.79,96.8,631.1,-560.5,0,0
326,6.55,-5.81,96.8,634,-562.4,0,0
327,6.55,-5.81,96.8,634,-562.4,0,0
328,6.57,-5.83,96.8,636,-564.3,0,0
329,6.57,-5.83,96.9,636.6,-564.9,0,0
330,6.59,-5.85,96.9,638.6,-566.9,0,0
331,6.59,-5.85,96.8,637.9,-566.3,0,0
332,6.57,-5.84,96.9,636.6,-565.9,0,0
333,6.55,-5.83,96.9,634.7,-564.9,0,0
334,6.56,-5.82,96.9,635.7,-564,0,0
335,6.57,-5.83,96.9,636.6,-564.9,0,0
336,6.6,-5.86,96.9,639.5,-567.8,0,0
337,6.62,-5.88,96.9,641.5,-569.8,0,0
338,6.63,-5.88,96.9,642.4,-569.8,0,0
339,6.64,-5.9,96.9,643.4,-571.7,0,0
340,6.64,-5.9,96.9,643.4,-571.7,0,0
341,6.64,-5.9,96.9,643.4,-571.7,0,0
342,6.66,-5.91,96.9,645.4,-572.7,0,0
343,6.67,-5.91,96.9,646.3,-572.7,0,0
344,6.67,-5.92,96.9,646.3,-573.6,0,0
345,6.66,-5.91,96.9,645.4,-572.7,0,0
346,6.66,-5.91,96.9,645.4,-572.7,0,0
347,6.69,-5.94,97,648.9,-576.2,0,0
348,6.69,-5.94,97,648.9,-576.2,0,0
349,6.69,-5.9,96.9,648.3,-571.7,0,0
350,6.69,-5.93,96.9,648.3,-574.6,0,0
351,6.71,-5.97,97,650.9,-579.1,0,0
352,6.72,-5.97,97.1,652.5,-579.7,0,0
353,6.72,-5.97,97,651.8,-579.1,0,0
354,6.72,-5.98,97.1,652.5,-580.7,0,0
355,6.72,-5.98,97.1,652.5,-580.7,0,0
356,6.73,-5.99,97.1,653.5,-581.6,0,0
357,6.75,-6.01,97,654.8,-583,0,0
358,6.74,-6,97.1,654.5,-582.6,0,0
359,6.75,-6.01,97.1,655.4,-583.6,0,0
360,6.77,-6.02,97.1,657.4,-584.5,0,0
361,6.79,-6.03,97.1,659.3,-585.5,0,0
362,6.79,-6.04,97.1,659.3,-586.5,0,0
363,6.78,-6.03,97.1,658.3,-585.5,0,0
364,6.79,-6.04,97.1,659.3,-586.5,0,0
365,6.8,-6.04,97.1,660.3,-586.5,0,0
366,6.79,-6.04,97.1,659.3,-586.5,0,0
367,6.81,-6.05,97.1,661.3,-587.5,0,0
368,6.82,-6.06,97.1,662.2,-588.4,0,0
369,6.81,-6.05,97.1,661.3,-587.5,0,0
370,6.83,-6.07,97.1,663.2,-589.4,0,0
371,6.82,-6.06,97.1,662.2,-588.4,0,0
372,6.84,-6.08,97.1,664.2,-590.4,0,0
373,6.85,-6.08,97.1,665.1,-590.4,0,0
374,6.86,-6.1,97.1,666.1,-592.3,0,0
375,6.85,-6.09,97.1,665.1,-591.3,0,0
376,6.86,-6.1,97.1,666.1,-592.3,0,0
377,6.87,-6.1,97.1,667.1,-592.3,0,0
378,6.87,-6.1,97.1,667.1,-592.3,0,0
379,6.88,-6.12,97.1,668,-594.3,0,0
380,6.9,-6.13,97.2,670.7,-595.8,0,0
381,6.91,-6.14,97.2,671.7,-596.8,0,0
382,6.9,-6.14,97.2,670.7,-596.8,0,0
383,6.91,-6.15,97.2,671.7,-597.8,0,0
384,6.92,-6.15,97.2,672.6,-597.8,0,0
385,6.93,-6.16,97.2,673.6,-598.8,0,0
386,6.93,-6.16,97.2,673.6,-598.8,0,0
387,6.94,-6.17,97.2,674.6,-599.7,0,0
388,6.93,-6.17,97.2,673.6,-599.7,0,0
389,6.94,-6.18,97.2,674.6,-600.7,0,0
390,6.94,-6.18,97.2,674.6,-600.7,0,0
391,6.97,-6.2,97.2,677.5,-602.6,0,0
392,6.96,-6.19,97.2,676.5,-601.7,0,0
393,6.97,-6.2,97.2,677.5,-602.6,0,0
394,6.98,-6.2,97.2,678.5,-602.6,0,0
395,6.99,-6.22,97.2,679.4,-604.6,0,0
396,7,-6.22,97.2,680.4,-604.6,0,0
397,6.99,-6.22,97.2,679.4,-604.6,0,0
398,7.01,-6.23,97.2,681.4,-605.6,0,0
399,7.02,-6.24,97.2,682.3,-606.5,0,0
400,6.99,-6.22,97.2,679.4,-604.6,0,0
401,7.03,-6.25,97.3,684,-608.1,0,0
402,7.04,-6.26,97.3,685,-609.1,0,0
403,7.02,-6.25,97.3,683,-608.1,0,0
404,7.03,-6.24,97.3,684,-607.2,0,0
405,7.05,-6.27,97.4,686.7,-610.7,0,0
406,7.04,-6.27,97.4,685.7,-610.7,0,0
407,7.06,-6.29,97.3,686.9,-612,0,0
408,7.06,-6.29,97.3,686.9,-612,0,0
409,7.06,-6.29,97.4,687.6,-612.6,0,0
410,7.06,-6.3,97.4,687.6,-613.6,0,0
411,7.08,-6.31,97.3,688.9,-614,0,0
412,7.09,-6.31,97.3,689.9,-614,0,0
413,7.14,-6.35,97.4,695.4,-618.5,0,0
414,7.13,-6.35,97.4,694.5,-618.5,0,0
415,7.14,-6.36,97.4,695.4,-619.5,0,0
416,7.15,-6.37,97.4,696.4,-620.4,0,0
417,7.16,-6.38,97.4,697.4,-621.4,0,0
418,7.15,-6.38,97.4,696.4,-621.4,0,0
419,7.17,-6.38,97.4,698.4,-621.4,0,0
420,7.18,-6.39,97.4,699.3,-622.4,0,0
421,7.17,-6.39,97.4,698.4,-622.4,0,0
422,7.19,-6.41,97.4,700.3,-624.3,0,0
423,7.2,-6.42,97.4,701.3,-625.3,0,0
424,7.2,-6.42,97.4,701.3,-625.3,0,0
425,7.21,-6.43,97.4,702.3,-626.3,0,0
426,7.22,-6.43,97.4,703.2,-626.3,0,0
427,7.23,-6.44,97.4,704.2,-627.3,0,0
428,7.22,-6.44,97.4,703.2,-627.3,0,0
429,7.22,-6.43,97.4,703.2,-626.3,0,0
430,7.23,-6.45,97.4,704.2,-628.2,0,0
431,7.25,-6.46,97.4,706.2,-629.2,0,0
432,7.24,-6.45,97.5,705.9,-628.9,0,0
433,7.25,-6.46,97.5,706.9,-629.9,0,0
434,7.26,-6.47,97.5,707.9,-630.8,0,0
435,7.26,-6.47,97.4,707.1,-630.2,0,0
436,7.27,-6.48,97.4,708.1,-631.2,0,0
437,7.28,-6.49,97.5,709.8,-632.8,0,0
438,7.29,-6.49,97.5,710.8,-632.8,0,0
439,7.28,-6.49,97.5,709.8,-632.8,0,0
440,7.3,-6.5,97.5,711.8,-633.8,0,0
441,7.3,-6.51,97.5,711.8,-634.7,0,0
442,7.3,-6.51,97.5,711.8,-634.7,0,0
443,7.31,-6.52,97.5,712.7,-635.7,0,0
444,7.31,-6.51,97.5,712.7,-634.7,0,0
445,7.31,-6.52,97.5,712.7,-635.7,0,0
446,7.33,-6.55,97.5,714.7,-638.6,0,0
447,7.34,-6.54,97.5,715.7,-637.7,0,0
448,7.34,-6.54,97.5,715.7,-637.7,0,0
449,7.34,-6.54,97.5,715.7,-637.7,0,0
450,7.34,-6.54,97.5,715.7,-637.7,0,0
451,7.36,-6.56,97.6,718.3,-640.3,0,0
452,7.35,-6.57,97.6,717.4,-641.2,0,0
453,7.36,-6.57,97.6,718.3,-641.2,0,0
454,7.36,-6.58,97.6,718.3,-642.2,0,0
455,7.37,-6.58,97.7,720,-642.9,0,0
456,7.38,-6.59,97.6,720.3,-643.2,0,0
457,7.39,-6.59,97.6,721.3,-643.2,0,0
458,7.39,-6.59,97.6,721.3,-643.2,0,0
459,7.39,-6.59,97.6,721.3,-643.2,0,0
460,7.4,-6.61,97.6,722.2,-645.1,0,0
461,7.4,-6.61,97.6,722.2,-645.1,0,0
462,7.42,-6.62,97.7,724.9,-646.8,0,0
463,7.43,-6.63,97.7,725.9,-647.8,0,0
464,7.42,-6.62,97.7,724.9,-646.8,0,0
465,7.43,-6.63,97.7,725.9,-647.8,0,0
466,7.43,-6.63,97.7,725.9,-647.8,0,0
467,7.43,-6.63,97.7,725.9,-647.8,0,0
468,7.44,-6.64,97.7,726.9,-648.7,0,0
469,7.44,-6.64,97.7,726.9,-648.7,0,0
470,7.45,-6.65,97.7,727.9,-649.7,0,0
471,7.47,-6.66,97.7,729.8,-650.7,0,0
472,7.46,-6.66,97.7,728.8,-650.7,0,0
473,7.45,-6.65,97.7,727.9,-649.7,0,0
474,7.47,-6.67,97.7,729.8,-651.7,0,0
475,7.48,-6.67,97.7,730.8,-651.7,0,0
476,7.49,-6.68,97.7,731.8,-652.6,0,0
477,7.48,-6.67,97.7,730.8,-651.7,0,0
478,7.48,-6.67,97.7,730.8,-651.7,0,0
479,7.47,-6.67,97.7,729.8,-651.7,0,0
480,7.48,-6.67,97.7,730.8,-651.7,0,0
481,7.49,-6.69,97.7,731.8,-653.6,0,0
482,7.5,-6.69,97.7,732.8,-653.6,0,0
483,7.51,-6.71,97.7,733.7,-655.6,0,0
484,7.5,-6.69,97.7,732.8,-653.6,0,0
485,7.5,-6.71,97.7,732.8,-655.6,0,0
486,7.51,-6.72,97.8,734.5,-657.2,0,0
487,7.52,-6.72,97.7,734.7,-656.5,0,0
488,7.51,-6.72,97.8,734.5,-657.2,0,0
489,7.52,-6.72,97.7,734.7,-656.5,0,0
490,7.53,-6.72,97.8,736.4,-657.2,0,0
491,7.53,-6.73,97.8,736.4,-658.2,0,0
492,7.54,-6.73,97.8,737.4,-658.2,0,0
493,7.55,-6.74,97.8,738.4,-659.2,0,0
494,7.55,-6.75,97.8,738.4,-660.2,0,0
495,7.54,-6.74,97.8,737.4,-659.2,0,0
496,7.55,-6.75,97.8,738.4,-660.2,0,0
497,7.55,-6.74,97.8,738.4,-659.2,0,0
498,7.55,-6.74,97.8,738.4,-659.2,0,0
499,7.57,-6.76,97.8,740.3,-661.1,0,0
500,7.59,-6.78,97.8,742.3,-663.1,0,0
501,7.6,-6.79,97.8,743.3,-664.1,0,0
502,7.6,-6.79,97.8,743.3,-664.1,0,0
503,7.6,-6.79,97.8,743.3,-664.1,0,0
504,7.6,-6.79,97.8,743.3,-664.1,0,0
505,7.6,-6.8,97.8,743.3,-665,0,0
506,7.61,-6.8,97.9,745,-665.7,0,0
507,7.61,-6.8,97.9,745,-665.7,0,0
508,7.62,-6.81,97.9,746,-666.7,0,0
509,7.62,-6.81,97.9,746,-666.7,0,0
510,7.63,-6.81,97.9,747,-666.7,0,0
511,7.63,-6.81,97.9,747,-666.7,0,0
512,7.64,-6.83,97.9,748,-668.7,0,0
513,7.64,-6.83,98,748.7,-669.3,0,0
514,7.66,-6.84,97.9,749.9,-669.6,0,0
515,7.65,-6.84,97.9,748.9,-669.6,0,0
516,7.66,-6.84,97.9,749.9,-669.6,0,0
517,7.66,-6.84,98,750.7,-670.3,0,0
518,7.66,-6.85,98,750.7,-671.3,0,0
519,7.67,-6.85,98,751.7,-671.3,0,0
520,7.68,-6.87,98,752.6,-673.3,0,0
521,7.68,-6.87,98,752.6,-673.3,0,0
522,7.68,-6.86,98,752.6,-672.3,0,0
523,7.68,-6.87,98,752.6,-673.3,0,0
524,7.68,-6.86,98,752.6,-672.3,0,0
525,7.68,-6.87,98,752.6,-673.3,0,0
526,7.69,-6.88,98,753.6,-674.2,0,0
527,7.69,-6.88,98,753.6,-674.2,0,0
528,7.7,-6.89,98,754.6,-675.2,0,0
529,7.71,-6.9,98,755.6,-676.2,0,0
530,7.72,-6.91,98,756.6,-677.2,0,0
531,7.72,-6.9,98,756.6,-676.2,0,0
532,7.72,-6.91,98,756.6,-677.2,0,0
533,7.71,-6.9,98,755.6,-676.2,0,0
534,7.73,-6.91,98,757.5,-677.2,0,0
535,7.73,-6.91,98,757.5,-677.2,0,0
536,7.74,-6.92,98,758.5,-678.2,0,0
537,7.74,-6.93,98.1,759.3,-679.8,0,0
538,7.74,-6.92,98.1,759.3,-678.9,0,0
539,7.75,-6.93,98.1,760.3,-679.8,0,0
540,7.75,-6.93,98.1,760.3,-679.8,0,0
541,7.76,-6.94,98.1,761.3,-680.8,0,0
542,7.75,-6.93,98.1,760.3,-679.8,0,0
543,7.77,-6.94,98.1,762.2,-680.8,0,0
544,7.75,-6.94,98.1,760.3,-680.8,0,0
545,7.76,-6.94,98.1,761.3,-680.8,0,0
546,7.76,-6.95,98.1,761.3,-681.8,0,0
547,7.78,-6.95,98.1,763.2,-681.8,0,0
548,7.78,-6.95,98.1,763.2,-681.8,0,0
549,7.78,-6.96,98.1,763.2,-682.8,0,0
550,7.79,-6.97,98.1,764.2,-683.8,0,0
551,7.8,-6.97,98.1,765.2,-683.8,0,0
552,7.81,-6.98,98.1,766.2,-684.7,0,0
553,7.81,-6.98,98.1,766.2,-684.7,0,0
554,7.81,-6.98,98.1,766.2,-684.7,0,0
555,7.81,-6.97,98.1,766.2,-683.8,0,0
556,7.81,-6.98,98.2,766.9,-685.4,0,0
557,7.82,-6.99,98.1,767.1,-685.7,0,0
558,7.82,-6.98,98.1,767.1,-684.7,0,0
559,7.82,-6.99,98.2,767.9,-686.4,0,0
560,7.82,-7,98.2,767.9,-687.4,0,0
561,7.82,-6.99,98.2,767.9,-686.4,0,0
562,7.83,-7,98.2,768.9,-687.4,0,0
563,7.82,-6.99,98.2,767.9,-686.4,0,0
564,7.83,-7,98.3,769.7,-688.1,0,0
565,7.83,-7.01,98.3,769.7,-689.1,0,0
566,7.84,-7.01,98.2,769.9,-688.4,0,0
567,7.83,-7,98.3,769.7,-688.1,0,0
568,7.84,-7.01,98.3,770.7,-689.1,0,0
569,7.84,-7,98.3,770.7,-688.1,0,0
570,7.85,-7.02,98.3,771.7,-690.1,0,0
571,7.85,-7.02,98.3,771.7,-690.1,0,0
572,7.86,-7.03,98.3,772.6,-691,0,0
573,7.86,-7.02,98.3,772.6,-690.1,0,0
574,7.86,-7.03,98.3,772.6,-691,0,0
575,7.86,-7.03,98.3,772.6,-691,0,0
576,7.86,-7.03,98.3,772.6,-691,0,0
577,7.87,-7.04,98.3,773.6,-692,0,0
578,7.87,-7.04,98.3,773.6,-692,0,0
579,7.87,-7.04,98.3,773.6,-692,0,0
580,7.87,-7.05,98.3,773.6,-693,0,0
581,7.88,-7.04,98.3,774.6,-692,0,0
582,7.88,-7.06,98.3,774.6,-694,0,0
583,7.88,-7.06,98.3,774.6,-694,0,0
584,7.89,-7.07,98.3,775.6,-695,0,0
585,7.9,-7.07,98.3,776.6,-695,0,0
586,7.9,-7.07,98.3,776.6,-695,0,0
587,7.9,-7.07,98.3,776.6,-695,0,0
588,7.91,-7.07,98.3,777.6,-695,0,0
589,7.91,-7.08,98.3,777.6,-696,0,0
590,7.91,-7.07,98.3,777.6,-695,0,0
591,7.9,-7.07,98.4,777.4,-695.7,0,0
592,7.9,-7.07,98.4,777.4,-695.7,0,0
593,7.91,-7.08,98.4,778.3,-696.7,0,0
594,7.92,-7.1,98.4,779.3,-698.6,0,0
595,7.91,-7.08,98.4,778.3,-696.7,0,0
596,7.92,-7.09,98.4,779.3,-697.7,0,0
597,7.93,-7.09,98.4,780.3,-697.7,0,0
598,7.93,-7.1,98.4,780.3,-698.6,0,0
599,7.93,-7.1,98.4,780.3,-698.6,0,0
600,7.93,-7.1,98.4,780.3,-698.6,0,0
601,7.94,-7.1,98.4,781.3,-698.6,0,0
602,7.94,-7.11,98.4,781.3,-699.6,0,0
603,7.95,-7.11,98.4,782.3,-699.6,0,0
604,7.95,-7.11,98.4,782.3,-699.6,0,0
605,7.95,-7.11,98.4,782.3,-699.6,0,0
606,7.95,-7.11,98.5,783.1,-700.3,0,0
607,7.95,-7.11,98.4,782.3,-699.6,0,0
608,7.94,-7.11,98.5,782.1,-700.3,0,0
609,7.96,-7.12,98.4,783.3,-700.6,0,0
610,7.97,-7.12,98.5,785,-701.3,0,0
611,7.96,-7.13,98.5,784.1,-702.3,0,0
612,7.97,-7.13,98.6,785.8,-703,0,0
613,7.97,-7.15,98.5,785,-704.3,0,0
614,7.98,-7.15,98.5,786,-704.3,0,0
615,7.99,-7.15,98.5,787,-704.3,0,0
616,7.99,-7.15,98.6,787.8,-705,0,0
617,7.99,-7.15,98.6,787.8,-705,0,0
618,7.97,-7.14,98.6,785.8,-704,0,0
619,7.98,-7.15,98.6,786.8,-705,0,0
620,7.98,-7.16,98.6,786.8,-706,0,0
621,7.97,-7.14,98.6,785.8,-704,0,0
622,7.97,-7.14,98.6,785.8,-704,0,0
623,7.98,-7.14,98.6,786.8,-704,0,0
624,7.97,-7.14,98.6,785.8,-704,0,0
625,7.99,-7.15,98.6,787.8,-705,0,0
626,7.99,-7.16,98.6,787.8,-706,0,0
627,8,-7.16,98.6,788.8,-706,0,0
628,8,-7.15,98.6,788.8,-705,0,0
629,8.02,-7.17,98.6,790.8,-707,0,0
630,8.02,-7.18,98.6,790.8,-707.9,0,0
631,8.03,-7.2,98.6,791.8,-709.9,0,0
632,8.04,-7.2,98.6,792.7,-709.9,0,0
633,8.03,-7.2,98.6,791.8,-709.9,0,0
634,8.04,-7.2,98.6,792.7,-709.9,0,0
635,8.03,-7.2,98.6,791.8,-709.9,0,0
636,8.05,-7.2,98.6,793.7,-709.9,0,0
637,8.04,-7.2,98.6,792.7,-709.9,0,0
638,8.05,-7.21,98.6,793.7,-710.9,0,0
639,8.05,-7.21,98.6,793.7,-710.9,0,0
640,8.06,-7.22,98.6,794.7,-711.9,0,0
641,8.06,-7.22,98.7,795.5,-712.6,0,0
642,8.07,-7.23,98.7,796.5,-713.6,0,0
643,8.06,-7.23,98.7,795.5,-713.6,0,0
644,8.06,-7.21,98.7,795.5,-711.6,0,0
645,8.07,-7.22,98.7,796.5,-712.6,0,0
646,8.06,-7.22,98.7,795.5,-712.6,0,0
647,8.07,-7.23,98.7,796.5,-713.6,0,0
648,8.07,-7.22,98.7,796.5,-712.6,0,0
649,8.07,-7.22,98.7,796.5,-712.6,0,0
650,8.07,-7.23,98.7,796.5,-713.6,0,0
651,8.08,-7.24,98.7,797.5,-714.6,0,0
652,8.08,-7.23,98.7,797.5,-713.6,0,0
653,8.12,-7.27,98.7,801.4,-717.5,0,0
654,8.01,-7.17,98.7,790.6,-707.7,0,0
655,7.69,-6.88,98.7,759,-679.1,0,0
656,7.69,-6.89,98.7,759,-680,0,0
657,7.69,-6.88,98.7,759,-679.1,0,0
658,7.69,-6.88,98.7,759,-679.1,0,0
659,7.69,-6.88,98.7,759,-679.1,0,0
660,7.7,-6.9,98.7,760,-681,0,0
661,7.7,-6.89,98.7,760,-680,0,0
662,7.7,-6.88,98.7,760,-679.1,0,0
663,7.7,-6.89,98.7,760,-680,0,0
664,7.73,-6.91,98.7,763,-682,0,0
665,7.72,-6.9,98.7,762,-681,0,0
666,7.72,-6.9,98.7,762,-681,0,0
667,7.71,-6.89,98.7,761,-680,0,0
668,7.72,-6.91,98.7,762,-682,0,0
669,7.72,-6.9,98.8,762.7,-681.7,0,0
670,7.72,-6.9,98.8,762.7,-681.7,0,0
671,7.72,-6.91,98.8,762.7,-682.7,0,0
672,7.72,-6.9,98.8,762.7,-681.7,0,0
673,7.71,-6.89,98.8,761.7,-680.7,0,0
674,7.59,-6.77,98.9,750.7,-669.6,0,0
675,7.74,-6.92,98.9,765.5,-684.4,0,0
676,7.74,-6.92,98.9,765.5,-684.4,0,0
677,7.74,-6.93,98.9,765.5,-685.4,0,0
678,7.74,-6.92,98.8,764.7,-683.7,0,0
679,7.74,-6.93,98.9,765.5,-685.4,0,0
680,7.75,-6.94,98.9,766.5,-686.4,0,0
681,7.73,-6.91,98.9,764.5,-683.4,0,0
682,7.73,-6.91,98.9,764.5,-683.4,0,0
683,7.73,-6.91,98.9,764.5,-683.4,0,0
684,7.73,-6.91,98.9,764.5,-683.4,0,0
685,7.74,-6.92,98.9,765.5,-684.4,0,0
686,7.74,-6.93,98.9,765.5,-685.4,0,0
687,7.75,-6.94,98.9,766.5,-686.4,0,0
688,7.75,-6.94,98.9,766.5,-686.4,0,0
689,7.77,-6.99,98.9,768.5,-691.3,0,0
690,7.79,-6.96,98.9,770.4,-688.3,0,0
691,7.79,-6.97,98.9,770.4,-689.3,0,0
692,7.79,-6.97,98.9,770.4,-689.3,0,0
693,7.8,-6.97,98.9,771.4,-689.3,0,0
694,7.79,-6.96,98.9,770.4,-688.3,0,0
695,7.81,-6.98,98.9,772.4,-690.3,0,0
696,7.8,-6.98,98.9,771.4,-690.3,0,0
697,7.8,-6.97,98.9,771.4,-689.3,0,0
698,7.81,-6.98,98.9,772.4,-690.3,0,0
699,7.82,-7,98.9,773.4,-692.3,0,0
700,7.83,-7,98.9,774.4,-692.3,0,0
701,7.82,-6.98,99,774.2,-691,0,0
702,7.82,-6.99,98.9,773.4,-691.3,0,0
703,7.83,-7,99,775.2,-693,0,0
704,7.84,-7.02,99,776.2,-695,0,0
705,7.85,-7.04,98.9,776.4,-696.3,0,0
706,7.86,-7.07,99,778.1,-699.9,0,0
707,7.85,-7.02,99,777.2,-695,0,0
708,7.85,-7.02,99,777.2,-695,0,0
709,7.86,-7.02,99,778.1,-695,0,0
710,7.87,-7.04,99,779.1,-697,0,0
711,7.87,-7.05,99,779.1,-698,0,0
712,7.88,-7.06,99,780.1,-698.9,0,0
713,7.88,-7.05,99,780.1,-698,0,0
714,7.87,-7.05,99,779.1,-698,0,0
715,7.88,-7.05,99,780.1,-698,0,0
716,7.88,-7.05,99,780.1,-698,0,0
717,7.89,-7.06,99.1,781.9,-699.6,0,0
718,7.89,-7.06,99.1,781.9,-699.6,0,0
719,7.89,-7.06,99.1,781.9,-699.6,0,0
720,7.88,-7.05,99.1,780.9,-698.7,0,0
721,7.9,-7.07,99.1,782.9,-700.6,0,0
722,7.9,-7.06,99.1,782.9,-699.6,0,0
723,7.9,-7.07,99.1,782.9,-700.6,0,0
724,7.9,-7.07,99.2,783.7,-701.3,0,0
725,7.89,-7.06,99.2,782.7,-700.4,0,0
726,7.86,-7.02,99.2,779.7,-696.4,0,0
727,7.84,-7.01,99.2,777.7,-695.4,0,0
728,7.81,-6.98,99.2,774.8,-692.4,0,0
729,7.58,-6.77,99.1,751.2,-670.9,0,0
730,7.45,-6.66,99.1,738.3,-660,0,0
731,7.44,-6.64,99.1,737.3,-658,0,0
732,6.85,-6.08,99,678.2,-601.9,0,0
733,2.88,-2.4,98.5,283.7,-236.4,0,0
734,2.18,-1.75,98.3,214.3,-172,0,0
735,1.3,-0.96,98.2,127.7,-94.3,0,0
736,0.86,-0.56,98.1,84.4,-54.9,0,0
737,0.79,-0.49,98,77.4,-48,0,0
738,0.81,-0.51,98,79.4,-50,0,0
739,0.83,-0.53,98,81.3,-51.9,0,0
740,0.87,-0.58,98,85.3,-56.8,0,0
741,0.79,-0.5,98,77.4,-49,0,0
742,0.79,-0.49,98,77.4,-48,0,0
743,0.85,-0.54,98,83.3,-52.9,0,0
744,0.86,-0.58,97.9,84.2,-56.8,0,0
745,0.85,-0.55,98,83.3,-53.9,0,0
746,0.84,-0.54,98,82.3,-52.9,0,0
747,0.85,-0.55,98,83.3,-53.9,0,0
748,0.86,-0.56,98,84.3,-54.9,0,0
749,0.88,-0.59,97.9,86.2,-57.8,0,0
750,0.87,-0.58,97.9,85.2,-56.8,0,0
751,0.85,-0.55,98,83.3,-53.9,0,0
752,0.8,-0.51,98,78.4,-50,0,0
753,0.85,-0.56,97.9,83.2,-54.8,0,0
754,0.88,-0.57,98,86.2,-55.9,0,0
755,0.87,-0.57,97.9,85.2,-55.8,0,0
756,0.85,-0.57,97.9,83.2,-55.8,0,0
757,0.87,-0.57,97.9,85.2,-55.8,0,0
758,0.89,-0.59,97.9,87.1,-57.8,0,0
759,0.86,-0.55,97.9,84.2,-53.8,0,0
760,0.88,-0.57,97.9,86.2,-55.8,0,0
761,0.93,-0.63,98,91.1,-61.7,0,0
762,0.89,-0.6,97.9,87.1,-58.7,0,0
763,0.9,-0.59,97.9,88.1,-57.8,0,0
764,0.74,-0.45,97.8,72.4,-44,0,0
765,0.67,-0.39,97.8,65.5,-38.1,0,0
766,0.72,-0.43,97.9,70.5,-42.1,0,0
767,0.78,-0.49,97.9,76.4,-48,0,0
768,0.75,-0.45,97.8,73.4,-44,0,0
769,0.77,-0.48,97.9,75.4,-47,0,0
770,0.79,-0.49,97.8,77.3,-47.9,0,0
771,0.75,-0.45,97.8,73.4,-44,0,0
772,0.79,-0.5,97.8,77.3,-48.9,0,0
773,0.78,-0.48,97.8,76.3,-46.9,0,0
774,0.79,-0.49,97.9,77.3,-48,0,0
775,0.7,-0.41,97.8,68.5,-40.1,0,0
776,0.73,-0.44,97.8,71.4,-43,0,0
777,0.79,-0.48,97.8,77.3,-46.9,0,0
778,0.74,-0.44,97.8,72.4,-43,0,0
779,0.76,-0.46,97.9,74.4,-45,0,0
780,0.79,-0.5,97.8,77.3,-48.9,0,0
781,0.8,-0.51,97.8,78.2,-49.9,0,0
782,0.75,-0.45,97.8,73.4,-44,0,0
783,0.78,-0.49,97.8,76.3,-47.9,0,0
784,0.8,-0.5,97.8,78.2,-48.9,0,0
785,0.79,-0.5,97.8,77.3,-48.9,0,0
786,0.75,-0.45,97.8,73.4,-44,0,0
787,0.77,-0.48,97.8,75.3,-46.9,0,0
788,0.81,-0.51,97.8,79.2,-49.9,0,0
789,0.78,-0.48,97.8,76.3,-46.9,0,0
790,0.74,-0.44,97.8,72.4,-43,0,0
791,0.79,-0.51,97.8,77.3,-49.9,0,0
792,0.79,-0.51,97.8,77.3,-49.9,0,0
793,0.79,-0.5,97.8,77.3,-48.9,0,0
794,0.83,-0.52,97.8,81.2,-50.9,0,0
795,0.79,-0.5,97.8,77.3,-48.9,0,0
796,0.78,-0.51,97.8,76.3,-49.9,0,0
797,0.82,-0.52,97.8,80.2,-50.9,0,0
798,0.79,-0.49,97.8,77.3,-47.9,0,0
799,0.78,-0.48,97.8,76.3,-46.9,0,0
800,0.81,-0.51,97.8,79.2,-49.9,0,0
801,0.85,-0.54,97.8,83.1,-52.8,0,0
802,0.82,-0.53,97.8,80.2,-51.8,0,0
803,0.78,-0.49,97.8,76.3,-47.9,0,0
804,0.82,-0.53,97.9,80.3,-51.9,0,0
805,0.84,-0.56,97.7,82.1,-54.7,0,0
806,0.84,-0.53,97.8,82.2,-51.8,0,0
807,0.82,-0.52,97.8,80.2,-50.9,0,0
808,0.86,-0.56,97.8,84.1,-54.8,0,0
809,0.88,-0.55,97.8,86.1,-53.8,0,0
810,0.82,-0.51,97.8,80.2,-49.9,0,0
811,0.86,-0.54,97.8,84.1,-52.8,0,0
812,0.83,-0.5,97.8,81.2,-48.9,0,0
813,0.89,-0.57,97.8,87,-55.7,0,0
814,0.79,4.42,97,76.6,428.7,0,2
815,1.2,3.06,97.2,116.6,297.4,0,9
816,2.22,-1.78,98,217.6,-174.4,0,8
817,1.58,5.61,96.7,152.8,542.5,0,8
818,1.34,10.98,95.9,128.5,1053,0,21
819,0.85,17.75,94.7,80.5,1680.9,0,33
820,0.8,17.72,94.6,75.7,1676.3,0,43
821,0.53,16.05,94.8,50.2,1521.5,0,50
822,0.74,1.53,97.1,71.9,148.6,0,52
823,1.02,-11.74,99.3,101.3,-1165.8,0,46
824,1.29,1.56,97.3,125.5,151.8,0,42
825,1.17,7.15,96.3,112.7,688.5,0,44
826,1.4,12.5,95.5,133.7,1193.8,0,47
827,0.83,15.51,94.9,78.8,1471.9,0,52
828,1.77,18.95,94.2,166.7,1785.1,0,58
829,0.62,19.21,94.1,58.3,1807.7,0,64
830,0.8,2.98,96.7,77.4,288.2,0,66
831,1.01,-0.68,97.4,98.4,-66.2,0,60
832,0.72,-0.4,97.4,70.1,-39,0,57
833,0.62,0.21,97.3,60.3,20.4,0,54
834,0.99,9.54,95.8,94.8,913.9,0,55
835,0.87,11.78,95.4,83,1123.8,0,58
836,0.47,12.14,95.3,44.8,1156.9,0,60
837,1.1,12.62,95.2,104.7,1201.4,0,63
838,0.96,12.72,95.2,91.4,1210.9,0,66
839,1.27,12.47,95.2,120.9,1187.1,0,68
840,0.75,13.17,95,71.3,1251.2,0,70
841,0.97,11.15,95.3,92.4,1062.6,0,72
842,1.53,9.69,95.6,146.3,926.4,0,73
843,1.29,7.69,95.8,123.6,736.7,0,73
844,0.91,7.89,95.8,87.2,755.9,0,73
845,0.72,7.94,95.8,69,760.7,0,73
846,0.82,8.02,95.7,78.5,767.5,0,73
847,0.64,8.26,95.7,61.2,790.5,0,72
848,0.88,8.38,95.7,84.2,802,0,72
849,0.98,8.44,95.7,93.8,807.7,0,72
850,0.85,8.13,95.7,81.3,778,0,72
851,0.95,8.09,95.8,91,775,0,72
852,1.07,8.28,95.7,102.4,792.4,0,72
853,0.65,8.88,95.5,62.1,848,0,72
854,0.58,8.85,95.6,55.4,846.1,0,72
855,0.95,8.45,95.6,90.8,807.8,0,73
856,1,8.53,95.6,95.6,815.5,0,72
857,1.19,7.99,95.7,113.9,764.6,0,71
858,1.33,8.01,95.6,127.1,765.8,0,70
859,1.27,8,95.6,121.4,764.8,0,70
860,0.83,8.4,95.6,79.3,803,0,70
861,1,8.33,95.6,95.6,796.3,0,71
862,1.11,8.01,95.6,106.1,765.8,0,71
863,1.07,8.06,95.7,102.4,771.3,0,71
864,1.06,7.94,95.6,101.3,759.1,0,72
865,0.82,8.48,95.5,78.3,809.8,0,72
866,0.87,8.5,95.5,83.1,811.8,0,72
867,0.83,8.5,95.5,79.3,811.8,0,72
868,0.92,8.19,95.5,87.9,782.1,0,73
869,0.77,8.29,95.5,73.5,791.7,0,73
870,1.02,8.14,95.5,97.4,777.4,0,73
871,0.85,7.63,95.6,81.3,729.4,0,73
872,1.18,8.02,95.5,112.7,765.9,0,73
873,1.43,7.01,95.7,136.9,670.9,0,72
874,0.63,7.43,95.6,60.2,710.3,0,72
875,1.34,7.17,95.6,128.1,685.5,0,72
876,1.33,6.98,95.7,127.3,668,0,71
877,0.96,7.31,95.6,91.8,698.8,0,71
878,0.94,7.58,95.6,89.9,724.6,0,72
879,0.73,7.36,95.6,69.8,703.6,0,72
880,0.96,7.31,95.6,91.8,698.8,0,71
881,1.21,7.14,95.6,115.7,682.6,0,70
882,0.57,7.66,95.6,54.5,732.3,0,70
883,1.5,6.84,95.7,143.6,654.6,0,71
884,1.8,6.6,95.7,172.3,631.6,0,71
885,1.19,7.11,95.6,113.8,679.7,0,71
886,0.79,7.45,95.6,75.5,712.2,0,71
887,1.26,7.07,95.6,120.5,675.9,0,70
888,1.36,6.97,95.6,130,666.3,0,69
889,1.55,6.79,95.6,148.2,649.1,0,69
890,1.43,6.89,95.6,136.7,658.7,0,70
891,1.76,6.63,95.7,168.4,634.5,0,70
892,1.12,7.17,95.6,107.1,685.5,0,69
893,1.39,6.94,95.6,132.9,663.5,0,70
894,0.96,7.29,95.6,91.8,696.9,0,70
895,1.62,6.76,95.6,154.9,646.3,0,70
896,1.36,6.96,95.6,130,665.4,0,70
897,1.57,6.79,95.6,150.1,649.1,0,69
898,1.08,7.19,95.6,103.2,687.4,0,69
899,1.41,6.9,95.6,134.8,659.6,0,69
900,1.25,7.06,95.6,119.5,674.9,0,68
901,1.27,8.01,95.4,121.2,764.2,0,68
902,0.88,8.37,95.3,83.9,797.7,0,68
903,1.14,8.14,95.3,108.6,775.7,0,69
904,1.69,7.68,95.4,161.2,732.7,0,69
905,1.22,8.06,95.3,116.3,768.1,0,69
906,1.7,7.65,95.4,162.2,729.8,0,70
907,0.82,8.43,95.3,78.1,803.4,0,70
908,1.04,8.22,95.3,99.1,783.4,0,70
909,1.01,8.21,95.3,96.3,782.4,0,70
910,1.91,7.52,95.3,182,716.7,0,70
911,1.11,8.16,95.3,105.8,777.6,0,70
912,1.3,8,95.3,123.9,762.4,0,70
913,1.5,7.89,95.3,143,751.9,0,71
914,1.28,7.82,95.3,122,745.2,0,71
915,1.2,7.9,95.3,114.4,752.9,0,71
916,1.28,7.77,95.3,122,740.5,0,72
917,1.04,8.4,95.2,99,799.7,0,72
918,1.44,7.83,95.3,137.2,746.2,0,73
919,1.34,7.01,95.4,127.8,668.8,0,74
920,0.72,4.94,95.7,68.9,472.8,0,74
921,0.86,3.51,96,82.6,337,0,73
922,0.66,3.71,96,63.4,356.2,0,71
923,1.63,2.87,96.2,156.8,276.1,0,70
924,1.29,4.14,95.9,123.7,397,0,68
925,1.72,5.75,95.6,164.4,549.7,0,68
926,1.51,5.92,95.6,144.4,566,0,68
927,1.74,7.66,95.3,165.8,730,0,68
928,1.98,8.13,95.2,188.5,774,0,69
929,1.81,8.56,95.1,172.1,814.1,0,69
930,0.96,9.34,95,91.2,887.3,0,70
931,2.05,7.26,95.3,195.4,691.9,0,71
932,1.7,7.55,95.3,162,719.5,0,71
933,0.72,8.48,95.1,68.5,806.4,0,71
934,1.46,7.57,95.2,139,720.7,0,72
935,0.4,9.08,94.9,38,861.7,0,72
936,1,7.87,95.2,95.2,749.2,0,72
937,1.23,8.28,95.1,117,787.4,0,72
938,1.87,7.4,95.2,178,704.5,0,72
939,1.98,7.19,95.3,188.7,685.2,0,72
940,1.17,8.3,95,111.2,788.5,0,72
941,0.69,8.53,95,65.6,810.4,0,72
942,2.07,6.88,95.2,197.1,655,0,73
943,2.03,7.24,95.2,193.3,689.2,0,73
944,2.23,6.96,95.2,212.3,662.6,0,72
945,2.16,6.87,95.3,205.8,654.7,0,72
946,1.52,8.06,95.1,144.6,766.5,0,72
947,2.13,7.1,95.2,202.8,675.9,0,72
948,1.5,7.91,95.1,142.7,752.2,0,72
949,2.11,7.51,95.1,200.7,714.2,0,72
950,2.18,6.95,95.2,207.5,661.6,0,72
951,2.13,7.51,95.1,202.6,714.2,0,72
952,2.18,7.27,95.1,207.3,691.4,0,72
953,1.88,7.17,95.1,178.8,681.9,0,73
954,2.42,6.66,95.2,230.4,634,0,73
955,1.77,7.38,95.1,168.3,701.8,0,73
956,0.71,8.3,95,67.5,788.5,0,73
957,0.75,8.31,94.9,71.2,788.6,0,73
958,0.94,6.56,95.2,89.5,624.5,0,73
959,1.93,5.8,95.3,183.9,552.7,0,72
960,1.49,5.75,95.4,142.1,548.6,0,72
961,1.9,5.62,95.4,181.3,536.1,0,71
962,1.2,6.13,95.3,114.4,584.2,0,71
963,1.64,5.79,95.4,156.5,552.4,0,71
964,1.18,6.2,95.3,112.5,590.9,0,71
965,0.65,6.62,95.3,61.9,630.9,0,71
966,1.09,6.25,95.3,103.9,595.6,0,71
967,1.98,5.51,95.4,188.9,525.7,0,71
968,0.6,6.64,95.3,57.2,632.8,0,70
969,0.59,6.66,95.3,56.2,634.7,0,70
970,1.89,5.57,95.4,180.3,531.4,0,70
971,0.94,6.41,95.2,89.5,610.2,0,70
972,0.96,6.34,95.3,91.5,604.2,0,69
973,1.69,5.71,95.3,161.1,544.2,0,69
974,1.92,5.52,95.4,183.2,526.6,0,68
975,1.84,5.72,95.3,175.4,545.1,0,68
976,1.61,8.71,94.8,152.6,825.7,0,69
977,0.87,9.32,94.6,82.3,881.7,0,69
978,2.92,7.61,95,277.4,723,0,69
979,2.77,7.69,94.9,262.9,729.8,0,71
980,3.02,2.62,95.9,289.6,251.3,0,70
981,3.02,3.62,95.7,289,346.4,0,69
982,2.84,3.75,95.6,271.5,358.5,0,69
983,3.02,3.6,95.7,289,344.5,0,68
984,3.07,3.54,95.7,293.8,338.8,0,67
985,2.78,3.84,95.6,265.8,367.1,0,66
986,2.77,3.87,95.6,264.8,370,0,67
987,1.25,5.09,95.4,119.3,485.6,0,66
988,2.58,3.97,95.6,246.6,379.5,0,66
989,2.47,8.03,94.9,234.4,762,0,67
990,2.7,7.83,95,256.5,743.9,0,67
991,1.46,8.93,94.7,138.3,845.7,0,68
992,2.86,9.92,94.5,270.3,937.4,0,70
993,1.19,-0.83,96.3,114.6,-79.9,0,70
994,1.68,-27.62,100.8,169.3,-2784.1,0,60
995,2.13,-1.72,96.8,206.2,-166.5,0,46
996,1.61,1.23,96.3,155,118.4,0,45
997,2.42,9.13,94.9,229.7,866.4,0,47
998,2.47,9.06,94.9,234.4,859.8,0,50
999,1.22,10.34,94.6,115.4,978.2,0,54
1000,2.62,9.08,94.7,248.1,859.9,0,56
1001,1.51,12.31,94.2,142.2,1159.6,0,59
1002,1.38,3.1,95.7,132.1,296.7,0,60
1003,2.58,2.08,95.9,247.4,199.5,0,58
1004,1.38,3.09,95.7,132.1,295.7,0,57
1005,2.68,4.98,95.4,255.7,475.1,0,57
1006,2.76,6.86,95.1,262.5,652.4,0,58
1007,2.76,6.78,95.1,262.5,644.8,0,59
1008,2.54,7,95,241.3,665,0,60
1009,2.38,7.12,95,226.1,676.4,0,61
1010,2.36,7.2,95,224.2,684,0,62
1011,2.09,7.44,94.9,198.3,706.1,0,62
1012,2.57,6.99,95,244.2,664.1,0,63
1013,2.82,6.77,95,267.9,643.2,0,63
1014,2.23,7.25,95,211.9,688.8,0,64
1015,0.97,8.32,94.7,91.9,787.9,0,65
1016,2.72,6.89,95,258.4,654.6,0,66
1017,2.56,7.02,95,243.2,666.9,0,67
1018,2.46,11.3,94.2,231.7,1064.5,0,69
1019,1.6,10.84,94.2,150.7,1021.1,0,71
1020,2.1,8.02,94.6,198.7,758.7,0,72
1021,2.5,6.27,94.9,237.3,595,0,72
1022,2.01,6.45,94.9,190.7,612.1,0,72
1023,0.89,7.05,94.9,84.5,669,0,72
1024,2.64,6.05,95,250.8,574.8,0,72
1025,2.64,6.08,95,250.8,577.6,0,72
1026,1.53,6.57,94.9,145.2,623.5,0,72
1027,2.65,5.99,95.1,252,569.6,0,72
1028,1.8,6.92,94.8,170.6,656,0,71
1029,1.67,7.03,94.8,158.3,666.4,0,71
1030,2.42,6.18,95,229.9,587.1,0,71
1031,1.64,6.68,94.9,155.6,633.9,0,71
1032,1.77,6.5,94.9,168,616.9,0,71
1033,2.4,6.07,95,228,576.7,0,71
1034,1.75,6.85,94.8,165.9,649.4,0,71
1035,2.07,6.41,94.9,196.4,608.3,0,71
1036,2.09,6.46,94.9,198.3,613.1,0,71
1037,2.5,6.06,95,237.5,575.7,0,71
1038,1.41,7.2,94.8,133.7,682.6,0,71
1039,2.34,6.18,95,222.3,587.1,0,70
1040,2.3,6.25,95,218.5,593.8,0,70
1041,2.38,6.2,95,226.1,589,0,70
1042,1.74,6.75,94.8,165,639.9,0,70
1043,1.34,7.02,94.7,126.9,664.8,0,69
1044,1.01,7.28,94.7,95.6,689.4,0,69
1045,1.47,6.92,94.8,139.4,656,0,69
1046,2.28,6.26,95,216.6,594.7,0,69
1047,2.17,6.34,94.9,205.9,601.7,0,69
1048,2.41,6.12,95,229,581.4,0,69
1049,0.88,4.09,95.2,83.8,389.4,0,69
1050,2.5,2.6,95.5,238.8,248.3,0,66
1051,0.83,7.53,94.6,78.5,712.3,0,67
1052,2.36,6.24,94.9,224,592.2,0,67
1053,2.51,6.11,94.9,238.2,579.8,0,68
1054,1.4,7.35,94.6,132.4,695.3,0,68
1055,0.93,8.39,94.5,87.9,792.9,0,69
1056,2.34,9.31,94.3,220.7,877.9,0,70
1057,0.88,10.61,94.1,82.8,998.4,0,71
1058,2.16,9.11,94.3,203.7,859.1,0,72
1059,1.38,8.74,94.3,130.1,824.2,0,72
1060,0.77,8.97,94.3,72.6,845.9,0,73
1061,1.43,7.28,94.6,135.3,688.7,0,72
1062,1.69,6.49,94.7,160,614.6,0,72
1063,1.05,7.1,94.6,99.3,671.7,0,71
1064,2.5,6.05,94.8,237,573.5,0,70
1065,1.5,6.95,94.6,141.9,657.5,0,70
1066,1.32,7.05,94.6,124.9,666.9,0,70
1067,0.74,7.54,94.5,69.9,712.5,0,70
1068,1.16,7.22,94.5,109.6,682.3,0,69
1069,2.39,6.23,94.7,226.3,590,0,70
1070,1.88,6.68,94.6,177.8,631.9,0,70
1071,1.06,7.28,94.5,100.2,688,0,71
1072,1.11,7.41,94.5,104.9,700.2,0,71
1073,1.38,7.03,94.5,130.4,664.3,0,70
1074,2.49,6.11,94.7,235.8,578.6,0,69
1075,2.53,6.06,94.7,239.6,573.9,0,69
1076,2.5,6.08,94.7,236.8,575.8,0,70
1077,0.87,7.5,94.5,82.2,708.8,0,70
1078,1.71,6.79,94.5,161.6,641.7,0,70
1079,1.45,6.95,94.5,137,656.8,0,70
1080,1.53,6.92,94.5,144.6,653.9,0,70
1081,1.79,6.7,94.5,169.2,633.2,0,70
1082,2.42,6.18,94.6,228.9,584.6,0,69
1083,0.63,7.69,94.4,59.5,725.9,0,69
1084,1.99,6.51,94.5,188.1,615.2,0,69
1085,2.12,6.39,94.6,200.6,604.5,0,69
1086,2.5,6.08,94.6,236.5,575.2,0,69
1087,2.67,5.94,94.6,252.6,561.9,0,69
1088,1.8,6.66,94.6,170.3,630,0,69
1089,2.9,6.72,94.5,274.1,635,0,69
1090,2.71,6.86,94.5,256.1,648.3,0,69
1091,2.54,7.06,94.5,240,667.2,0,69
1092,0.95,8.35,94.2,89.5,786.6,0,70
1093,2.73,6.69,94.5,258,632.2,0,71
1094,2.06,7.7,94.3,194.3,726.1,0,71
1095,2.08,7.37,94.4,196.4,695.7,0,71
1096,2.27,6.97,94.4,214.3,658,0,71
1097,2.62,6.69,94.5,247.6,632.2,0,71
1098,1.88,7.16,94.4,177.5,675.9,0,72
1099,2.71,6.62,94.5,256.1,625.6,0,72
1100,2.3,7.24,94.3,216.9,682.7,0,72
1101,2.76,7.1,94.4,260.5,670.2,0,72
1102,2.78,6.54,94.5,262.7,618,0,72
1103,2.76,6.4,94.5,260.8,604.8,0,72
1104,2.82,6.98,94.3,265.9,658.2,0,72
1105,2.82,6.23,94.6,266.8,589.4,0,72
1106,2.89,5.62,94.6,273.4,531.7,0,71
1107,2.52,5.97,94.5,238.1,564.2,0,71
1108,1.69,6.94,94.4,159.5,655.1,0,71
1109,2.37,6.01,94.6,224.2,568.5,0,71
1110,2.11,6.56,94.5,199.4,619.9,0,71
1111,1.2,6.94,94.4,113.3,655.1,0,71
1112,2.56,6.11,94.5,241.9,577.4,0,71
1113,2.84,5.72,94.5,268.4,540.5,0,70
1114,1.63,6.91,94.4,153.9,652.3,0,70
1115,1.69,6.69,94.4,159.5,631.5,0,70
1116,2.36,6.17,94.5,223,583.1,0,70
1117,2.51,6.07,94.5,237.2,573.6,0,69
1118,1.19,7.16,94.3,112.2,675.2,0,69
1119,2.18,6.33,94.4,205.8,597.6,0,69
1120,2.72,5.88,94.5,257,555.7,0,69
1121,3.15,5.53,94.6,298,523.1,0,68
1122,3.21,6.49,94.5,303.3,613.3,0,69
1123,3.1,6.58,94.4,292.6,621.2,0,69
1124,1.85,6.61,94.3,174.5,623.3,0,70
1125,1.72,6.73,94.4,162.4,635.3,0,70
1126,0.54,7.72,94.2,50.9,727.2,0,70
1127,3.1,5.58,94.5,293,527.3,0,70
1128,3.19,5.51,94.5,301.5,520.7,0,70
1129,3.1,5.58,94.5,293,527.3,0,70
1130,2.73,5.92,94.4,257.7,558.8,0,70
1131,2.87,5.71,94.5,271.2,539.6,0,71
1132,2.72,6.16,94.4,256.8,581.5,0,71
1133,2.71,5.61,94.5,256.1,530.1,0,72
1134,3.14,5.44,94.4,296.4,513.5,0,71
1135,1.74,6.94,94.2,163.9,653.7,0,70
1136,2.81,5.85,94.5,265.5,552.8,0,71
1137,3.18,5.53,94.5,300.5,522.6,0,70
1138,3.21,5.47,94.5,303.3,516.9,0,69
1139,3.15,5.59,94.5,297.7,528.3,0,70
1140,3.28,5.58,94.5,310,527.3,0,71
1141,1.58,6.68,94.3,149,629.9,0,71
1142,1.67,6.78,94.2,157.3,638.7,0,71
1143,2.07,6.52,94.3,195.2,614.8,0,70
1144,1.43,7.05,94.2,134.7,664.1,0,70
1145,2.45,6.13,94.4,231.3,578.7,0,68
1146,1.13,7.18,94.2,106.4,676.4,0,66
1147,2.94,8.65,93.9,276.1,812.2,0,67
1148,1.92,9.65,93.7,179.9,904.2,0,68
1149,2.97,8.57,93.9,278.9,804.7,0,69
1150,2.48,8.67,93.9,232.9,814.1,0,70
1151,2.24,6.42,94.2,211,604.8,0,71
1152,3.18,5.42,94.4,300.2,511.6,0,71
1153,3.29,5.56,94.3,310.2,524.3,0,71
1154,3.02,5.65,94.4,285.1,533.4,0,69
1155,1.91,6.58,94.2,179.9,619.8,0,67
1156,2.82,5.8,94.4,266.2,547.5,0,67
1157,3.17,5.51,94.4,299.2,520.1,0,67
1158,3.02,5.62,94.4,285.1,530.5,0,68
1159,2.41,6.11,94.2,227,575.6,0,68
1160,3.03,6.23,94.2,285.4,586.9,0,68
1161,2.46,7.07,94.1,231.5,665.3,0,69
1162,2.13,7.53,94,200.2,707.8,0,70
1163,3.26,6.51,94.1,306.8,612.6,0,70
1164,2.11,7.47,94,198.3,702.2,0,70
1165,3.21,6.28,94.2,302.4,591.6,0,71
1166,3.11,6.85,94.1,292.7,644.6,0,71
1167,2.13,7.66,93.9,200,719.3,0,71
1168,1.59,8.04,93.9,149.3,755,0,71
1169,3.19,6.7,94.1,300.2,630.5,0,72
1170,3.2,4.43,94.5,302.4,418.6,0,72
1171,1.29,5.98,94.2,121.5,563.3,0,71
1172,3.28,5.36,94.4,309.6,506,0,71
1173,2.54,6.21,94.1,239,584.4,0,71
1174,2.93,5.98,94.2,276,563.3,0,71
1175,3.1,5.76,94.2,292,542.6,0,71
1176,3.22,5.33,94.3,303.6,502.6,0,71
1177,2.62,6.23,94.2,246.8,586.9,0,71
1178,1.85,6.53,94.1,174.1,614.5,0,71
1179,1.96,6.49,94.1,184.4,610.7,0,71
1180,3.15,5.79,94.2,296.7,545.4,0,71
1181,1.85,6.94,94,173.9,652.4,0,71
1182,1.5,6.99,94,141,657.1,0,71
1183,3.35,5.21,94.3,315.9,491.3,0,71
1184,3.4,5.39,94.3,320.6,508.3,0,71
1185,3.23,5.4,94.2,304.3,508.7,0,71
1186,2.05,6.56,94,192.7,616.6,0,70
1187,3.42,5.28,94.2,322.2,497.4,0,70
1188,2.93,5.63,94.2,276,530.3,0,70
1189,3.25,5.48,94.2,306.2,516.2,0,70
1190,3.2,5.53,94.2,301.4,520.9,0,70
1191,1.5,7.01,93.9,140.9,658.2,0,70
1192,3.11,5.52,94.2,293,520,0,70
1193,0.49,7.64,93.8,46,716.6,0,71
1194,3.44,5.24,94.2,324,493.6,0,71
1195,3.32,5.54,94.2,312.7,521.9,0,70
1196,3.22,5.53,94.2,303.3,520.9,0,70
1197,3.16,5.7,94.1,297.4,536.4,0,70
1198,1.6,6.87,93.9,150.2,645.1,0,70
1199,2.21,6.22,94,207.7,584.7,0,70
1200,2.52,6.26,94,236.9,588.4,0,70
1201,2.76,6.01,94,259.4,564.9,0,70
1202,3.33,5.44,94.2,313.7,512.4,0,70
1203,3.4,5.42,94.1,319.9,510,0,70
1204,3.32,5.41,94.2,312.7,509.6,0,70
1205,0.56,7.7,93.8,52.5,722.3,0,70
1206,2.06,6.5,94,193.6,611,0,70
1207,2.14,6.42,94,201.2,603.5,0,70
1208,3.06,5.62,94.1,287.9,528.8,0,69
1209,3.47,5.33,94.2,326.9,502.1,0,69
1210,2.48,6.07,94,233.1,570.6,0,70
1211,3.29,5.22,94.1,309.6,491.2,0,71
1212,3.67,5.25,94.1,345.3,494,0,72
1213,3.77,4.67,94.2,355.1,439.9,0,72
1214,3.07,4.84,94.2,289.2,455.9,0,73
1215,2.47,5.21,94.1,232.4,490.3,0,73
1216,3.78,4.61,94.2,356.1,434.3,0,73
1217,3.64,4.91,94.2,342.9,462.5,0,72
1218,3.79,5.02,94.1,356.6,472.4,0,72
1219,1.01,7.43,93.8,94.7,696.9,0,72
1220,3.62,5.15,94.2,341,485.1,0,71
1221,3.98,4.81,94.2,374.9,453.1,0,71
1222,3.22,5.61,94,302.7,527.3,0,71
1223,3.9,5.09,94.1,367,479,0,71
1224,1.3,6.91,93.8,121.9,648.2,0,71
1225,2.48,6.24,93.9,232.9,585.9,0,71
1226,1.84,6.7,93.9,172.8,629.1,0,70
1227,3.93,4.88,94.1,369.8,459.2,0,70
1228,3.81,4.96,94.1,358.5,466.7,0,70
1229,3.93,4.88,94.2,370.2,459.7,0,70
1230,3.44,5.34,94.1,323.7,502.5,0,70
1231,3.79,5.15,94.1,356.6,484.6,0,70
1232,3.79,5.05,94.1,356.6,475.2,0,70
1233,3.58,5.15,94.1,336.9,484.6,0,70
1234,3.47,5.31,94,326.2,499.1,0,70
1235,4,5.03,94.1,376.4,473.3,0,70
1236,3.74,5.24,94.1,351.9,493.1,0,70
1237,2.71,5.9,93.9,254.5,554,0,70
1238,2.74,5.89,93.9,257.3,553.1,0,70
1239,3.45,5.46,94,324.3,513.2,0,70
1240,3.77,5.09,94,354.4,478.5,0,70
1241,3.68,5.09,94,345.9,478.5,0,70
1242,2.96,5.59,94,278.2,525.5,0,70
1243,2.33,6.42,93.8,218.6,602.2,0,71
1244,2.77,5.74,93.9,260.1,539,0,70
1245,1.45,6.88,93.7,135.9,644.7,0,71
1246,3.22,5.7,93.9,302.4,535.2,0,71
1247,3.82,4.78,94.1,359.5,449.8,0,71
1248,1.64,7.05,93.7,153.7,660.6,0,71
1249,4.4,4.38,94.1,414,412.2,0,71
1250,3.72,5.11,94,349.7,480.3,0,70
1251,3.02,5.72,93.9,283.6,537.1,0,70
1252,2.91,5.95,93.8,273,558.1,0,70
1253,3.85,5.03,94,361.9,472.8,0,70
1254,2.16,6.36,93.8,202.6,596.6,0,70
1255,2.77,5.83,93.8,259.8,546.9,0,70
1256,2.21,6.36,93.7,207.1,595.9,0,70
1257,2.79,5.77,93.8,261.7,541.2,0,70
1258,3.19,5.46,93.9,299.5,512.7,0,70
1259,2.41,6.07,93.8,226.1,569.4,0,70
1260,1.75,6.78,93.6,163.8,634.6,0,70
1261,2.56,6.21,93.7,239.9,581.9,0,70
1262,3.65,5.2,93.9,342.7,488.3,0,70
1263,3.69,5.15,93.9,346.5,483.6,0,70
1264,3.56,5.21,93.9,334.3,489.2,0,70
1265,3.77,5.04,93.9,354,473.3,0,70
1266,4,4.77,93.9,375.6,447.9,0,70
1267,4.08,4.68,94,383.5,439.9,0,70
1268,4.16,4.63,94,391,435.2,0,71
1269,2.11,6.52,93.6,197.5,610.3,0,71
1270,4.16,4.54,94,391,426.8,0,71
1271,4.06,5.02,93.9,381.2,471.4,0,71
1272,4.25,4.61,94,399.5,433.3,0,71
1273,4.18,4.44,94,392.9,417.4,0,71
1274,4.15,4.78,93.9,389.7,448.8,0,71
1275,4.18,4.9,93.9,392.5,460.1,0,71
1276,3.33,5.48,93.8,312.4,514,0,71
1277,4.2,4.46,94,394.8,419.2,0,71
1278,4.19,4.91,93.9,393.4,461,0,71
1279,4.16,4.64,93.9,390.6,435.7,0,71
1280,4.18,4.53,94,392.9,425.8,0,71
1281,4.19,4.96,93.9,393.4,465.7,0,71
1282,4.17,4.98,93.8,391.1,467.1,0,72
1283,4.19,4.45,93.9,393.4,417.9,0,72
1284,4.14,4.55,93.9,388.7,427.2,0,72
1285,2.2,5.42,93.8,206.4,508.4,0,72
1286,2.38,5.92,93.7,223,554.7,0,72
1287,2.93,5.29,93.8,274.8,496.2,0,72
1288,4.27,4.36,93.9,401,409.4,0,71
1289,4.17,4.76,93.9,391.6,447,0,71
1290,3.3,5.62,93.7,309.2,526.6,0,71
1291,4.23,4.61,93.8,396.8,432.4,0,71
1292,4.35,4.46,93.9,408.5,418.8,0,71
1293,4.56,4.5,93.9,428.2,422.6,0,71
1294,1.45,6.86,93.5,135.6,641.4,0,70
1295,4.28,4.52,93.9,401.9,424.4,0,70
1296,4.3,4.66,93.8,403.3,437.1,0,70
1297,3.95,5.04,93.8,370.5,472.8,0,70
1298,2.99,5.65,93.7,280.2,529.4,0,70
1299,3.92,4.68,93.8,367.7,439,0,71
1300,4.3,4.81,93.8,403.3,451.2,0,71
1301,4.16,4.49,93.9,390.6,421.6,0,71
1302,0.81,7.63,93.3,75.6,711.9,0,71
1303,4.32,4.88,93.8,405.2,457.7,0,71
1304,4.22,4.75,93.8,395.8,445.6,0,71
1305,2.41,5.99,93.6,225.6,560.7,0,71
1306,4.32,4.67,93.8,405.2,438,0,70
1307,4.42,4.58,93.8,414.6,429.6,0,70
1308,4.3,4.67,93.8,403.3,438,0,70
1309,4.24,4.55,93.8,397.7,426.8,0,70
1310,2.45,6.01,93.6,229.3,562.5,0,70
1311,4.34,4.63,93.8,407.1,434.3,0,70
1312,2.79,5.98,93.6,261.1,559.7,0,70
1313,3.91,4.91,93.8,366.8,460.6,0,70
1314,4.24,4.52,93.8,397.7,424,0,71
1315,2.46,6.32,93.5,230,590.9,0,71
1316,3.91,4.7,93.8,366.8,440.9,0,71
1317,4.23,4.89,93.7,396.4,458.2,0,71
1318,3.62,4.9,93.7,339.2,459.1,0,71
1319,2.69,6.13,93.5,251.5,573.2,0,71
1320,3.05,5.88,93.5,285.2,549.8,0,71
1321,3.87,4.87,93.7,362.6,456.3,0,71
1322,3.06,5.33,93.6,286.4,498.9,0,71
1323,1.86,6.81,93.4,173.7,636.1,0,71
1324,4.52,4.26,93.8,424,399.6,0,70
1325,2.24,6.38,93.4,209.2,595.9,0,70
1326,4.23,4.65,93.7,396.4,435.7,0,70
1327,4.43,4.47,93.7,415.1,418.8,0,70
1328,4.44,4.48,93.7,416,419.8,0,70
1329,4.61,4.33,93.7,432,405.7,0,70
1330,4.28,4.58,93.7,401,429.1,0,70
1331,4.33,4.59,93.7,405.7,430.1,0,69
1332,4.55,4.43,93.7,426.3,415.1,0,69
1333,4.36,4.57,93.7,408.5,428.2,0,70
1334,1.16,7.2,93.3,108.2,671.8,0,70
1335,4.62,4.4,93.6,432.4,411.8,0,70
1336,2.38,6.26,93.4,222.3,584.7,0,70
1337,4.5,4.45,93.7,421.7,417,0,70
1338,3.24,5.58,93.5,302.9,521.7,0,70
1339,4.51,4.46,93.7,422.6,417.9,0,69
1340,3.63,5.19,93.5,339.4,485.3,0,69
1341,4.18,4.72,93.6,391.2,441.8,0,69
1342,4.1,4.82,93.6,383.8,451.2,0,69
1343,3.9,4.94,93.6,365,462.4,0,68
1344,4.52,4.39,93.7,423.5,411.3,0,68
1345,4.07,4.79,93.6,381,448.3,0,68
1346,4.45,4.47,93.6,416.5,418.4,0,68
1347,4.15,4.7,93.6,388.4,439.9,0,67
1348,4.25,4.6,93.6,397.8,430.6,0,67
1349,4.36,4.52,93.6,408.1,423.1,0,67
1350,4.33,4.54,93.6,405.3,424.9,0,68
1351,4.57,4.36,93.6,427.8,408.1,0,68
1352,4.32,4.59,93.6,404.4,429.6,0,68
1353,2.63,5.98,93.4,245.6,558.5,0,68
1354,4.51,4.43,93.6,422.1,414.6,0,68
1355,2.66,7.91,93,247.4,735.6,0,68
1356,4.3,6.55,93.2,400.8,610.5,0,69
1357,4.48,6.35,93.2,417.5,591.8,0,69
1358,4.21,4.69,93.5,393.6,438.5,0,70
1359,4.38,4.58,93.5,409.5,428.2,0,70
1360,3.14,5.61,93.3,293,523.4,0,70
1361,4.53,4.47,93.5,423.6,417.9,0,70
1362,2.74,5.79,93.3,255.6,540.2,0,70
1363,3.24,5.45,93.4,302.6,509,0,70
1364,4.08,4.81,93.5,381.5,449.7,0,70
1365,0.9,7.46,93,83.7,693.8,0,69
1366,4.46,4.5,93.6,417.5,421.2,0,69
1367,4.24,4.63,93.5,396.4,432.9,0,69
1368,4.27,4.65,93.5,399.2,434.8,0,69
1369,4.54,4.42,93.6,424.9,413.7,0,69
1370,4.5,4.44,93.6,421.2,415.6,0,69
1371,4.73,4.24,93.6,442.7,396.9,0,69
1372,4.53,4.43,93.6,424,414.6,0,70
1373,4.6,4.42,93.5,430.1,413.3,0,70
1374,4.32,4.51,93.5,403.9,421.7,0,70
1375,4.37,4.5,93.5,408.6,420.8,0,70
1376,3.98,5.13,93.3,371.3,478.6,0,70
1377,2.58,6.01,93.2,240.5,560.1,0,71
1378,4.22,4.56,93.5,394.6,426.4,0,70
1379,1.14,7.43,93,106,691,0,71
1380,3.05,5.76,93.3,284.6,537.4,0,70
1381,2.29,6.33,93.1,213.2,589.3,0,70
1382,1.57,6.79,93,146,631.5,0,70
1383,1.66,6.75,93,154.4,627.8,0,70
1384,1.16,7.27,93,107.9,676.1,0,70
1385,4.42,4.56,93.4,412.8,425.9,0,70
1386,1.9,6.75,93,176.7,627.8,0,70
1387,4.38,4.68,93.4,409.1,437.1,0,70
1388,2.65,6.27,93,246.5,583.1,0,70
1389,1.5,7.02,92.9,139.4,652.2,0,70
1390,4.22,4.65,93.3,393.7,433.8,0,69
1391,1.49,6.99,92.9,138.4,649.4,0,70
1392,3.85,4.96,93.3,359.2,462.8,0,69
1393,3.89,4.99,93.3,362.9,465.6,0,69
1394,0.91,7.44,92.8,84.4,690.4,0,69
1395,1.51,6.91,92.9,140.3,641.9,0,69
1396,1.37,7.1,92.9,127.3,659.6,0,69
1397,1.3,7.21,92.8,120.6,669.1,0,69
1398,1.21,7.16,92.8,112.3,664.4,0,69
1399,1.54,6.9,92.8,142.9,640.3,0,69
1400,1.15,7.22,92.8,106.7,670,0,70
1401,3.66,5.18,93.1,340.7,482.3,0,70
1402,1.39,6.95,92.8,129,645,0,70
1403,3.33,5.62,93,309.7,522.7,0,70
1404,1.56,6.83,92.8,144.8,633.8,0,69
1405,4.49,4.49,93.2,418.5,418.5,0,69
1406,3.62,5.09,93.1,337,473.9,0,69
1407,4.66,4.28,93.2,434.3,398.9,0,70
1408,2.98,5.56,93.1,277.4,517.6,0,70
1409,4.66,4.17,93.3,434.8,389.1,0,70
1410,0.7,7.64,92.7,64.9,708.2,0,70
1411,2.06,6.34,92.9,191.4,589,0,69
1412,0.64,7.65,92.7,59.3,709.2,0,69
1413,2.39,6.22,92.8,221.8,577.2,0,69
1414,3.82,5.04,93.1,355.6,469.2,0,68
1415,1.09,7.29,92.7,101,675.8,0,67
1416,2.11,6.4,92.9,196,594.6,0,67
1417,3.91,4.93,93.1,364,459,0,68
1418,2.42,6.19,92.9,224.8,575.1,0,68
1419,4.73,4.27,93.2,440.8,398,0,69
1420,1.44,7.02,92.7,133.5,650.8,0,70
1421,3.41,5.21,93,317.1,484.5,0,70
1422,2.15,6.56,92.7,199.3,608.1,0,70
1423,4.81,4.28,93.2,448.3,398.9,0,70
1424,3.81,5.03,93,354.3,467.8,0,70
1425,4.59,4.29,93.1,427.3,399.4,0,70
1426,4.61,4.4,93.1,429.2,409.6,0,69
1427,2.99,5.75,92.9,277.8,534.2,0,69
1428,4.77,4.24,93.1,444.1,394.7,0,69
1429,4.75,4.24,93.1,442.2,394.7,0,68
1430,4.44,7.42,92.6,411.1,687.1,0,69
1431,4.55,7.2,92.6,421.3,666.7,0,69
1432,3.73,7.6,92.6,345.4,703.8,0,70
1433,4.82,6.92,92.6,446.3,640.8,0,70
1434,4.56,7.23,92.6,422.3,669.5,0,69
1435,4.62,7.31,92.5,427.4,676.2,0,69
1436,4.62,7.3,92.5,427.4,675.3,0,69
1437,4.46,7.28,92.5,412.6,673.4,0,69
1438,4.2,3.83,93.1,391,356.6,0,70
1439,4.8,5.39,92.8,445.4,500.2,0,70
1440,4.75,4.27,93,441.8,397.1,0,70
1441,3.15,5.49,92.9,292.6,510,0,70
1442,4.38,4.58,93,407.3,425.9,0,69
1443,4.54,4.4,93,422.2,409.2,0,68
1444,4.5,6.51,92.6,416.7,602.8,0,67
1445,4.71,7.22,92.5,435.7,667.9,0,67
1446,4.67,7.13,92.5,432,659.5,0,68
1447,2.63,8.86,92.2,242.5,816.9,0,69
1448,4.41,6.91,92.4,407.5,638.5,0,70
1449,4.67,6.33,92.6,432.4,586.2,0,71
1450,4.51,4.85,92.8,418.5,450.1,0,72
1451,4.53,3.58,93.1,421.7,333.3,0,72
1452,4.5,3.81,93.1,419,354.7,0,71
1453,4.42,4.36,92.9,410.6,405,0,71
1454,3.64,5.26,92.8,337.8,488.1,0,69
1455,2.6,6.03,92.6,240.8,558.4,0,67
1456,1,7.34,92.5,92.5,679,0,65
1457,4.76,6.16,92.6,440.8,570.4,0,65
1458,4.62,6.3,92.5,427.4,582.8,0,66
1459,4.59,6.31,92.6,425,584.3,0,67
1460,4.41,6.49,92.5,407.9,600.3,0,69
1461,4.17,6.51,92.5,385.7,602.2,0,70
1462,4.15,5.17,92.7,384.7,479.3,0,71
1463,4.26,4.24,92.9,395.8,393.9,0,72
1464,4.31,3.15,93.1,401.3,293.3,0,73
1465,4.75,-2.71,94,446.5,-254.7,0,73
1466,2.35,-17.29,96.4,226.5,-1666.8,0,69
1467,4.82,-4.19,94.5,455.5,-396,0,65
1468,4.06,0.21,93.7,380.4,19.7,0,62
1469,4.77,6.25,92.7,442.2,579.4,0,61
1470,4.74,8.2,92.4,438,757.7,0,62
1471,4.85,8.08,92.3,447.7,745.8,0,62
1472,4.7,8.23,92.2,433.3,758.8,0,63
1473,4.72,8.2,92.2,435.2,756,0,65
1474,2.27,10.57,91.8,208.4,970.3,0,66
1475,4.67,8,92.2,430.6,737.6,0,67
1476,4.72,8.05,92.1,434.7,741.4,0,69
1477,4.76,6.17,92.5,440.3,570.7,0,70
1478,4.74,4.17,92.8,439.9,387,0,70
1479,4.84,4.22,92.8,449.2,391.6,0,70
1480,4.84,4.19,92.8,449.2,388.8,0,68
1481,4.9,5.09,92.7,454.2,471.8,0,67
1482,5.1,6.91,92.4,471.2,638.5,0,66
1483,4.99,6.97,92.4,461.1,644,0,66
1484,4.98,6.96,92.4,460.2,643.1,0,66
1485,4.89,7.06,92.3,451.3,651.6,0,67
1486,4.93,7.04,92.3,455,649.8,0,68
1487,4.91,6.76,92.3,453.2,623.9,0,70
1488,4.92,6.27,92.3,454.1,578.7,0,71
1489,4.96,5.75,92.4,458.3,531.3,0,71
1490,4.94,5.68,92.4,456.5,524.8,0,71
1491,1.85,8.54,92,170.2,785.7,0,71
1492,4.7,6.08,92.3,433.8,561.2,0,71
1493,4.82,5.12,92.5,445.9,473.6,0,72
1494,1.69,7.18,92.1,155.6,661.3,0,72
1495,4.69,4.01,92.7,434.8,371.7,0,72
1496,4.37,4.23,92.7,405.1,392.1,0,72
1497,4.72,3.64,92.8,438,337.8,0,73
1498,4.56,3.38,92.8,423.2,313.7,0,73
1499,4.93,3.74,92.7,457,346.7,0,73
1500,3.05,5.35,92.5,282.1,494.9,0,73
1501,3.93,5.22,92.5,363.5,482.9,0,72
1502,4.34,4.59,92.6,401.9,425,0,72
1503,4.83,5.55,92.4,446.3,512.8,0,72
1504,1.85,7.27,92.2,170.6,670.3,0,72
1505,4.18,5.5,92.4,386.2,508.2,0,71
1506,2.76,6.66,92.2,254.5,614.1,0,71
1507,4.69,5.47,92.3,432.9,504.9,0,72
1508,3.96,6.24,92.2,365.1,575.3,0,72
1509,4.74,5.38,92.4,438,497.1,0,72
1510,4.7,4.88,92.4,434.3,450.9,0,72
1511,4.13,5.56,92.3,381.2,513.2,0,72
1512,4.62,4.83,92.5,427.4,446.8,0,72
1513,1.82,6.82,92.1,167.6,628.1,0,72
1514,2.86,5.62,92.3,264,518.7,0,72
1515,4.85,5.06,92.4,448.1,467.5,0,72
1516,3,5.69,92.3,276.9,525.2,0,72
1517,4.64,5.13,92.4,428.7,474,0,72
1518,4.7,5.06,92.4,434.3,467.5,0,72
1519,4.72,6.66,92.1,434.7,613.4,0,70
1520,4.13,7.39,92,380,679.9,0,70
1521,1.22,9.14,91.7,111.9,838.1,0,71
1522,3.41,5.97,92.1,314.1,549.8,0,72
1523,4.77,4.14,92.5,441.2,383,0,72
1524,4.58,4.54,92.4,423.2,419.5,0,72
1525,4.85,4.57,92.4,448.1,422.3,0,72
1526,0.93,8.11,91.8,85.4,744.5,0,71
1527,5.07,5.77,92.2,467.5,532,0,70
1528,1.06,10.01,91.5,97,915.9,0,69
1529,2.61,8.93,91.7,239.3,818.9,0,68
1530,2.66,8.77,91.6,243.7,803.3,0,67
1531,0.86,10.83,91.3,78.5,988.8,0,68
1532,2.42,8.5,91.6,221.7,778.6,0,70
1533,3.06,5.38,92.1,281.8,495.5,0,72
1534,1.94,4.74,92.3,179.1,437.5,0,73
1535,2.49,3.77,92.4,230.1,348.3,0,73
1536,4.98,4.69,92.3,459.7,432.9,0,72
1537,4.59,7.25,91.8,421.4,665.6,0,68
1538,1.3,10.52,91.3,118.7,960.5,0,67
1539,1.45,10.22,91.3,132.4,933.1,0,65
1540,4.11,7.73,91.7,376.9,708.8,0,63
1541,4.27,11.04,91.2,389.4,1006.8,0,62
1542,4.33,10.9,91.2,394.9,994.1,0,62
1543,4.46,10.86,91.2,406.8,990.4,0,62
1544,4.84,10.28,91.2,441.4,937.5,0,62
1545,5.03,9.92,91.2,458.7,904.7,0,62
1546,5.16,9.76,91.2,470.6,890.1,0,62
1547,5.06,9.83,91.2,461.5,896.5,0,63
1548,3.08,11.37,90.9,280,1033.5,0,66
1549,2.62,11.67,90.9,238.2,1060.8,0,68
1550,4.79,7.4,91.6,438.8,677.8,0,70
1551,4.51,5.04,91.9,414.5,463.2,0,72
1552,4.8,2.65,92.3,443,244.6,0,73
1553,4.65,3.33,92.2,428.7,307,0,73
1554,2.2,5.37,91.9,202.2,493.5,0,72
1555,4.73,3.77,92.2,436.1,347.6,0,72
1556,4.67,4.33,92.1,430.1,398.8,0,72
1557,4.97,3.62,92.2,458.2,333.8,0,72
1558,5.11,3.28,92.3,471.7,302.7,0,72
1559,5.02,4.07,92.2,462.8,375.3,0,72
1560,5.01,3.35,92.3,462.4,309.2,0,73
1561,5.04,2.65,92.4,465.7,244.9,0,73
1562,4.48,1.58,92.6,414.8,146.3,0,74
1563,2.87,2.16,92.5,265.5,199.8,0,74
1564,4.91,1.37,92.7,455.2,127,0,74
1565,4.93,2.48,92.5,456,229.4,0,73
1566,5.04,3.2,92.4,465.7,295.7,0,73
1567,4.72,4.78,92.1,434.7,440.2,0,72
1568,4.84,5.79,91.9,444.8,532.1,0,71
1569,5.1,6.5,91.8,468.2,596.7,0,70
1570,5.04,6.85,91.7,462.2,628.1,0,71
1571,5.07,5.42,91.9,465.9,498.1,0,71
1572,3.34,6.34,91.8,306.6,582,0,71
1573,4.89,4.93,92,449.9,453.6,0,71
1574,5.05,5.32,91.9,464.1,488.9,0,71
1575,5.44,5.9,91.8,499.4,541.6,0,71
1576,2.78,7.22,91.6,254.6,661.4,0,71
1577,5.52,6.64,91.6,505.6,608.2,0,70
1578,5.4,6.51,91.7,495.2,597,0,70
1579,5.38,5.86,91.8,493.9,537.9,0,71
1580,5.24,4.39,92,482.1,403.9,0,72
1581,5.31,3.7,92.1,489.1,340.8,0,72
1582,5.3,2.41,92.3,489.2,222.4,0,73
1583,5.39,2.9,92.3,497.5,267.7,0,72
1584,5.25,3.59,92.2,484.1,331,0,72
1585,5.32,3.63,92.2,490.5,334.7,0,72
1586,5.41,3.6,92.2,498.8,331.9,0,72
1587,5.43,3.91,92.1,500.1,360.1,0,72
1588,5.52,3.91,92.1,508.4,360.1,0,72
1589,5.32,4.64,92,489.4,426.9,0,72
1590,5.41,4.23,92.1,498.3,389.6,0,72
1591,5.36,4.37,92,493.1,402,0,71
1592,5.27,3.47,92.1,485.4,319.6,0,72
1593,5.31,3.04,92.3,490.1,280.6,0,72
1594,5.16,3.3,92.2,475.8,304.3,0,72
1595,5.3,3.63,92.1,488.1,334.3,0,72
1596,5.41,3.23,92.2,498.8,297.8,0,72
1597,5.47,4.71,91.9,502.7,432.8,0,72
1598,5.55,4.91,91.9,510,451.2,0,71
1599,5.54,4.43,92,509.7,407.6,0,72
1600,5.37,5.17,91.9,493.5,475.1,0,71
1601,4.46,6.84,91.5,408.1,625.9,0,70
1602,5.44,5.58,91.7,498.8,511.7,0,71
1603,5.64,3.65,92.1,519.4,336.2,0,72
1604,5.47,3.48,92.1,503.8,320.5,0,72
1605,5.4,3.17,92.1,497.3,292,0,72
1606,5.44,3.54,92.1,501,326,0,72
1607,5.29,3.49,92,486.7,321.1,0,72
1608,4.62,3.29,92.1,425.5,303,0,72
1609,5.41,2.85,92.2,498.8,262.8,0,72
1610,5.46,3.61,92.1,502.9,332.5,0,72
1611,5.37,3.37,92.1,494.6,310.4,0,72
1612,5.37,3.19,92.2,495.1,294.1,0,72
1613,1.51,6.32,91.6,138.3,578.9,0,72
1614,5.49,2.97,92.2,506.2,273.8,0,72
1615,5.49,3.95,92,505.1,363.4,0,72
1616,5.45,3.42,92.1,501.9,315,0,72
1617,5.44,3.84,92,500.5,353.3,0,72
1618,5.51,3.24,92.1,507.5,298.4,0,72
1619,5.47,3.72,92,503.2,342.2,0,72
1620,5.42,3.07,92.1,499.2,282.7,0,72
1621,5.35,3.58,92.1,492.7,329.7,0,72
1622,5.33,3.77,92,490.4,346.8,0,72
1623,5.37,4.12,92,494,379,0,72
1624,5.43,4.49,91.9,499,412.6,0,71
1625,5.58,4.62,91.8,512.2,424.1,0,71
1626,5.33,4.06,92,490.4,373.5,0,72
1627,5.45,3.53,92,501.4,324.8,0,72
1628,5.39,3.99,92,495.9,367.1,0,72
1629,5.51,3.35,92,506.9,308.2,0,72
1630,5.41,4.33,91.8,496.6,397.5,0,72
1631,5.47,4.24,91.9,502.7,389.7,0,72
1632,5.44,3.88,91.9,499.9,356.6,0,72
1633,5.41,3.79,91.9,497.2,348.3,0,72
1634,5.5,4.01,91.9,505.5,368.5,0,72
1635,5.58,3.95,91.9,512.8,363,0,72
1636,5.38,3.72,91.9,494.4,341.9,0,72
1637,5.45,3.82,91.9,500.9,351.1,0,72
1638,5.38,4,91.9,494.4,367.6,0,72
1639,5.36,3.41,92,493.1,313.7,0,72
1640,5.41,3.79,91.9,497.2,348.3,0,72
1641,3.1,4.89,91.8,284.6,448.9,0,72
1642,5.48,4.02,91.9,503.6,369.4,0,72
1643,5.5,4.41,91.8,504.9,404.8,0,71
1644,5.52,4.25,91.8,506.7,390.2,0,71
1645,5.53,4.58,91.8,507.7,420.4,0,71
1646,5.57,4.84,91.7,510.8,443.8,0,71
1647,5.97,4.57,91.7,547.4,419.1,0,71
1648,6.5,4.78,91.7,596.1,438.3,0,71
1649,5.65,4.07,91.8,518.7,373.6,0,71
1650,4.56,4.26,91.8,418.6,391.1,0,72
1651,5.64,3.73,91.8,517.8,342.4,0,72
1652,5.63,3.26,91.9,517.4,299.6,0,72
1653,5.56,3.43,91.9,511,315.2,0,72
1654,4.31,3.26,92,396.5,299.9,0,72
1655,5.86,2.45,92.1,539.7,225.6,0,72
1656,5.89,3.45,91.9,541.3,317.1,0,72
1657,5.9,2.46,92.1,543.4,226.6,0,72
1658,5.57,2.7,92.1,513,248.7,0,72
1659,5.93,2.42,92.1,546.2,222.9,0,72
1660,5.12,3.11,92,471,286.1,0,72
1661,3.65,4.29,91.8,335.1,393.8,0,71
1662,4.96,3.84,91.8,455.3,352.5,0,71
1663,5.88,2.71,92,541,249.3,0,70
1664,4.2,4.23,91.8,385.6,388.3,0,70
1665,5.81,3.36,91.9,533.9,308.8,0,71
1666,5.72,2.72,92,526.2,250.2,0,71
1667,5.76,3.18,91.9,529.3,292.2,0,71
1668,5.9,2.81,92,542.8,258.5,0,71
1669,3.69,4.44,91.7,338.4,407.1,0,71
1670,5.67,3.43,91.9,521.1,315.2,0,71
1671,5.2,3.27,91.9,477.9,300.5,0,71
1672,5.74,2.96,91.9,527.5,272,0,71
1673,5.53,3.38,91.9,508.2,310.6,0,71
1674,5.56,2.81,91.9,511,258.2,0,71
1675,4.22,3.95,91.8,387.4,362.6,0,71
1676,4.94,3.73,91.8,453.5,342.4,0,71
1677,5.44,3.11,91.9,499.9,285.8,0,71
1678,5.53,2.6,92,508.8,239.2,0,71
1679,2.91,4.97,91.6,266.6,455.3,0,71
1680,5.66,3.23,91.9,520.2,296.8,0,71
1681,3.35,4.77,91.6,306.9,436.9,0,71
1682,5.51,2.63,92,506.9,242,0,71
1683,5.35,2.83,91.9,491.7,260.1,0,71
1684,5.45,3.16,91.9,500.9,290.4,0,71
1685,4.85,3.68,91.8,445.2,337.8,0,71
1686,5.4,3.19,91.8,495.7,292.8,0,72
1687,3.78,3.71,91.8,347,340.6,0,72
1688,5.19,2.54,92,477.5,233.7,0,72
1689,5.56,2.78,91.9,511,255.5,0,72
1690,5.56,2.56,92,511.5,235.5,0,72
1691,4.66,2.9,91.9,428.3,266.5,0,72
1692,2.31,5.35,91.5,211.4,489.5,0,72
1693,2.59,4.77,91.6,237.2,436.9,0,72
1694,3.96,3.36,91.8,363.5,308.4,0,72
1695,3.81,3.97,91.7,349.4,364,0,72
1696,5.58,1.86,92,513.4,171.1,0,72
1697,5.59,2.02,92,514.3,185.8,0,73
1698,4.55,2.41,92,418.6,221.7,0,73
1699,1.79,3.4,91.8,164.3,312.1,0,73
1700,5.13,1.35,92.2,473,124.5,0,73
1701,3.78,2.26,92,347.8,207.9,0,73
1702,5.59,0.82,92.3,516,75.7,0,73
1703,5.85,0.77,92.2,539.4,71,0,73
1704,5.06,1.59,92.1,466,146.4,0,73
1705,4.49,0.6,92.3,414.4,55.4,0,73
1706,2.58,2.31,92,237.4,212.5,0,72
1707,4.46,1.08,92.2,411.2,99.6,0,73
1708,3.56,1.73,92.1,327.9,159.3,0,73
1709,5.34,0.1,92.4,493.4,9.2,0,73
1710,4.09,1.03,92.3,377.5,95.1,0,73
1711,5.54,0.16,92.4,511.9,14.8,0,73
1712,5.71,0.64,92.3,527,59.1,0,72
1713,3.38,1.89,92.1,311.3,174.1,0,72
1714,3.74,0.97,92.3,345.2,89.5,0,71
1715,3.54,1.34,92.2,326.4,123.5,0,69
1716,5.7,-0.43,92.5,527.3,-39.8,0,67
1717,5.86,-0.53,92.5,542.1,-49,0,65
1718,5.8,1.5,92.2,534.8,138.3,0,65
1719,5.66,2.44,92,520.7,224.5,0,64
1720,5.58,3.66,91.8,512.2,336,0,65
1721,5,4.13,91.7,458.5,378.7,0,65
1722,5.87,4.6,91.6,537.7,421.4,0,65
1723,4.91,6.06,91.4,448.8,553.9,0,66
1724,5.8,5.33,91.5,530.7,487.7,0,66
1725,5.73,5.4,91.4,523.7,493.6,0,67
1726,5.67,5.5,91.4,518.2,502.7,0,67
1727,5.58,5.41,91.4,510,494.5,0,68
1728,5.82,5.17,91.4,531.9,472.5,0,69
1729,5.67,3.48,91.7,519.9,319.1,0,70
1730,5.46,3.72,91.7,500.7,341.1,0,70
1731,5.45,3.74,91.6,499.2,342.6,0,70
1732,5.53,3.55,91.7,507.1,325.5,0,70
1733,5.52,3.01,91.8,506.7,276.3,0,70
1734,5.55,3.03,91.7,508.9,277.9,0,70
1735,5.61,3.31,91.7,514.4,303.5,0,71
1736,5.63,2.72,91.8,516.8,249.7,0,71
1737,5.58,2.73,91.8,512.2,250.6,0,71
1738,5.63,2.59,91.8,516.8,237.8,0,71
1739,5.52,2.79,91.8,506.7,256.1,0,71
1740,5.5,3.27,91.7,504.4,299.9,0,71
1741,5.56,3.11,91.7,509.9,285.2,0,71
1742,5.62,2.88,91.7,515.4,264.1,0,72
1743,5.37,2.8,91.8,493,257,0,72
1744,5.71,0.47,92.2,526.5,43.3,0,72
1745,5.56,0.34,92.2,512.6,31.3,0,72
1746,5.55,0.49,92.2,511.7,45.2,0,72
1747,5.81,-0.3,92.3,536.3,-27.7,0,72
1748,5.77,-0.13,92.4,533.1,-12,0,72
1749,5.68,0.39,92.2,523.7,36,0,72
1750,5.67,0.27,92.3,523.3,24.9,0,72
1751,5.08,-0.26,92.4,469.4,-24,0,72
1752,5.73,-0.2,92.3,528.9,-18.5,0,72
1753,1.27,3.44,91.7,116.5,315.4,0,72
1754,5.63,-0.47,92.4,520.2,-43.4,0,71
1755,5.61,-0.54,92.4,518.4,-49.9,0,71
1756,5.58,-0.56,92.4,515.6,-51.7,0,71
1757,3.65,1.08,92.2,336.5,99.6,0,71
1758,5.75,-0.37,92.4,531.3,-34.2,0,71
1759,5.7,-0.51,92.4,526.7,-47.1,0,70
1760,5.34,0,92.3,492.9,0,0,70
1761,5.79,-0.5,92.5,535.6,-46.3,0,70
1762,5.74,-0.47,92.5,531,-43.5,0,69
1763,5.93,-0.65,92.5,548.5,-60.1,0,69
1764,4.51,0.56,92.3,416.3,51.7,0,69
1765,5.75,-0.5,92.5,531.9,-46.3,0,69
1766,5.62,-0.37,92.4,519.3,-34.2,0,68
1767,4.86,0.26,92.3,448.6,24,0,68
1768,5.83,-0.59,92.4,538.7,-54.5,0,68
1769,5.74,-0.48,92.5,531,-44.4,0,67
1770,5.72,2.56,92,526.2,235.5,0,67
1771,5.83,2.48,92,536.4,228.2,0,68
1772,3.34,4.35,91.7,306.3,398.9,0,69
1773,5.94,2.31,91.9,545.9,212.3,0,69
1774,5.76,2.63,91.8,528.8,241.4,0,70
1775,5.76,2.5,91.9,529.3,229.8,0,70
1776,5.84,2.35,91.9,536.7,216,0,70
1777,5.8,2.6,91.8,532.4,238.7,0,71
1778,5.45,1.52,92.1,501.9,140,0,71
1779,3.79,3.32,91.7,347.5,304.4,0,71
1780,5.83,1.38,92.1,536.9,127.1,0,70
1781,5.9,1.19,92.1,543.4,109.6,0,70
1782,5.94,1.29,92.1,547.1,118.8,0,70
1783,6.07,1.19,92.1,559,109.6,0,70
1784,5.86,1.66,92,539.1,152.7,0,71
1785,4.35,2.51,91.9,399.8,230.7,0,71
1786,5.36,1.95,91.9,492.6,179.2,0,71
1787,4.59,2.14,91.9,421.8,196.7,0,71
1788,4.33,2.15,91.9,397.9,197.6,0,71
1789,5.6,1.24,92,515.2,114.1,0,71
1790,5.85,1.09,92.1,538.8,100.4,0,71
1791,5.8,1.07,92.1,534.2,98.5,0,71
1792,5.85,1.31,92.1,538.8,120.7,0,71
1793,5.72,1.8,92,526.2,165.6,0,71
1794,5.84,1.14,92.1,537.9,105,0,71
1795,6.04,-2.96,92.7,559.9,-274.4,0,70
1796,4.58,0.49,92.3,422.7,45.2,0,69
1797,5.7,-0.45,92.4,526.7,-41.6,0,68
1798,4.09,0.89,92.2,377.1,82.1,0,68
1799,2.9,1.9,92,266.8,174.8,0,67
1800,4.96,4.15,91.6,454.3,380.1,0,67
1801,3.29,5.68,91.3,300.4,518.6,0,68
1802,5.56,3.8,91.6,509.3,348.1,0,68
1803,6.03,3.22,91.7,553,295.3,0,68
1804,5.77,3.49,91.6,528.5,319.7,0,69
1805,5.84,3.38,91.7,535.5,309.9,0,69
1806,5.87,3.47,91.6,537.7,317.9,0,70
1807,5.87,3.01,91.7,538.3,276,0,70
1808,5.87,2.92,91.7,538.3,267.8,0,71
1809,6.05,2.31,91.8,555.4,212.1,0,72
1810,5.95,1.52,91.9,546.8,139.7,0,72
1811,5.9,1.15,92,542.8,105.8,0,73
1812,5.89,-5.82,93.1,548.4,-541.8,0,72
1813,5.85,-5.3,93.1,544.6,-493.4,0,70
1814,5.9,-2.81,92.7,546.9,-260.5,0,68
1815,5.76,-1.47,92.5,532.8,-136,0,67
1816,5.77,-1.55,92.5,533.7,-143.4,0,67
1817,5.57,-19.54,95.4,531.4,-1864.1,0,66
1818,5.66,-4.97,93.3,528.1,-463.7,0,60
1819,1.24,-9.89,94,116.6,-929.7,0,58
1820,2.4,-1.97,92.8,222.7,-182.8,0,54
1821,5.64,-4.91,93.2,525.6,-457.6,0,52
1822,5.43,-23.67,96.3,522.9,-2279.4,0,41
1823,5.5,-4.86,93.3,513.2,-453.4,0,37
1824,5.85,-5.16,93.4,546.4,-481.9,0,35
1825,5.23,-11.81,94.5,494.2,-1116,0,27
1826,5.43,-7.35,93.8,509.3,-689.4,0,15
1827,5.6,-4.92,93.4,523,-459.5,0,4
1828,5.94,-5.24,93.4,554.8,-489.4,0,0
1829,6.07,-5.36,93.5,567.5,-501.2,0,0
1830,6.1,-5.38,93.5,570.4,-503,0,0
1831,6.17,-5.44,93.6,577.5,-509.2,0,0
1832,6.31,-5.58,93.6,590.6,-522.3,0,0
1833,6.41,-5.68,93.6,600,-531.6,0,0
1834,6.5,-5.75,93.6,608.4,-538.2,0,0
1835,6.59,-5.86,93.6,616.8,-548.5,0,0
1836,6.65,-5.91,93.6,622.4,-553.2,0,0
1837,6.18,-5.48,93.6,578.4,-512.9,0,0
1838,5.76,-5.09,93.6,539.1,-476.4,0,0
1839,5.9,-5.22,93.6,552.2,-488.6,0,0
1840,5.91,-5.23,93.6,553.2,-489.5,0,0
1841,5.92,-5.25,93.6,554.1,-491.4,0,0
1842,5.96,-5.28,93.6,557.9,-494.2,0,0
1843,5.93,-5.25,93.6,555,-491.4,0,0
1844,6.13,-5.41,93.7,574.4,-506.9,0,0
1845,6,-5.33,93.7,562.2,-499.4,0,0
1846,5.98,-5.3,93.6,559.7,-496.1,0,0
1847,6.07,-5.38,93.7,568.8,-504.1,0,0
1848,6.07,-5.39,93.7,568.8,-505,0,0
1849,6.07,-5.38,93.7,568.8,-504.1,0,0
1850,6.09,-5.41,93.7,570.6,-506.9,0,0
1851,6.1,-5.4,93.7,571.6,-506,0,0
1852,6.08,-5.39,93.7,569.7,-505,0,0
1853,6.08,-5.39,93.7,569.7,-505,0,0
1854,6.1,-5.42,93.7,571.6,-507.9,0,0
1855,6.1,-5.41,93.7,571.6,-506.9,0,0
1856,6.09,-5.41,93.7,570.6,-506.9,0,0
1857,6.09,-5.41,93.7,570.6,-506.9,0,0
1858,6.11,-5.42,93.7,572.5,-507.9,0,0
1859,6.12,-5.43,93.7,573.4,-508.8,0,0
1860,6.1,-5.42,93.8,572.2,-508.4,0,0
1861,6.1,-5.41,93.8,572.2,-507.5,0,0
1862,6.08,-5.39,93.8,570.3,-505.6,0,0
1863,6.11,-5.42,93.9,573.7,-508.9,0,0
1864,6.1,-5.41,93.9,572.8,-508,0,0
1865,6.11,-5.42,93.8,573.1,-508.4,0,0
1866,6.1,-5.41,93.9,572.8,-508,0,0
1867,6.11,-5.42,93.9,573.7,-508.9,0,0
1868,6.11,-5.43,93.9,573.7,-509.9,0,0
1869,6.1,-5.41,93.9,572.8,-508,0,0
1870,6.12,-5.43,93.9,574.7,-509.9,0,0
1871,6.11,-5.42,93.9,573.7,-508.9,0,0
1872,6.11,-5.42,93.9,573.7,-508.9,0,0
1873,6.11,-5.43,93.9,573.7,-509.9,0,0
1874,6.1,-5.42,93.9,572.8,-508.9,0,0
1875,6.1,-5.42,93.9,572.8,-508.9,0,0
1876,6.11,-5.43,93.9,573.7,-509.9,0,0
1877,6.1,-5.41,93.9,572.8,-508,0,0
1878,6.12,-5.43,93.9,574.7,-509.9,0,0
1879,6.12,-5.43,93.9,574.7,-509.9,0,0
1880,6.12,-5.43,94,575.3,-510.4,0,0
1881,6.13,-5.45,94,576.2,-512.3,0,0
1882,6.12,-5.43,94,575.3,-510.4,0,0
1883,6.12,-5.43,94,575.3,-510.4,0,0
1884,6.12,-5.43,94,575.3,-510.4,0,0
1885,6.11,-5.43,94,574.3,-510.4,0,0
1886,6.11,-5.43,94,574.3,-510.4,0,0
1887,6.11,-5.43,94,574.3,-510.4,0,0
1888,6.11,-5.42,94,574.3,-509.5,0,0
1889,6.13,-5.44,94,576.2,-511.4,0,0
1890,6.13,-5.44,94,576.2,-511.4,0,0
1891,6.13,-5.44,94,576.2,-511.4,0,0
1892,6.14,-5.44,94,577.2,-511.4,0,0
1893,6.14,-5.45,94.1,577.8,-512.8,0,0
1894,6.13,-5.44,94.1,576.8,-511.9,0,0
1895,6.12,-5.43,94.1,575.9,-511,0,0
1896,6.13,-5.44,94.1,576.8,-511.9,0,0
1897,6.14,-5.44,94.1,577.8,-511.9,0,0
1898,6.12,-5.43,94.2,576.5,-511.5,0,0
1899,6.13,-5.44,94.2,577.4,-512.4,0,0
1900,6.13,-5.44,94.2,577.4,-512.4,0,0
1901,6.13,-5.44,94.2,577.4,-512.4,0,0
1902,6.14,-5.46,94.2,578.4,-514.3,0,0
1903,6.13,-5.44,94.2,577.4,-512.4,0,0
1904,6.15,-5.46,94.2,579.3,-514.3,0,0
1905,6.16,-5.46,94.2,580.3,-514.3,0,0
1906,6.15,-5.46,94.2,579.3,-514.3,0,0
1907,6.21,-5.51,94.2,585,-519,0,0
1908,6.13,-5.44,94.2,577.4,-512.4,0,0
1909,6.16,-5.46,94.2,580.3,-514.3,0,0
1910,6.16,-5.46,94.2,580.3,-514.3,0,0
1911,6.15,-5.46,94.2,579.3,-514.3,0,0
1912,6.14,-5.45,94.3,579,-513.9,0,0
1913,6.16,-5.46,94.3,580.9,-514.9,0,0
1914,6.15,-5.45,94.3,579.9,-513.9,0,0
1915,6.16,-5.46,94.2,580.3,-514.3,0,0
1916,6.14,-5.45,94.3,579,-513.9,0,0
1917,6.16,-5.46,94.3,580.9,-514.9,0,0
1918,6.18,-5.47,94.3,582.8,-515.8,0,0
1919,6.17,-5.47,94.3,581.8,-515.8,0,0
1920,6.17,-5.47,94.3,581.8,-515.8,0,0
1921,6.18,-5.48,94.3,582.8,-516.8,0,0
1922,6.18,-5.48,94.3,582.8,-516.8,0,0
1923,6.19,-5.49,94.3,583.7,-517.7,0,0
1924,6.19,-5.49,94.3,583.7,-517.7,0,0
1925,6.21,-5.5,94.3,585.6,-518.7,0,0
1926,6.2,-5.51,94.3,584.7,-519.6,0,0
1927,6.2,-5.49,94.3,584.7,-517.7,0,0
1928,6.2,-5.5,94.4,585.3,-519.2,0,0
1929,6.18,-5.49,94.4,583.4,-518.3,0,0
1930,6.17,-5.47,94.4,582.4,-516.4,0,0
1931,6.17,-5.47,94.4,582.4,-516.4,0,0
1932,6.19,-5.49,94.5,585,-518.8,0,0
1933,6.2,-5.5,94.4,585.3,-519.2,0,0
1934,6.2,-5.51,94.5,585.9,-520.7,0,0
1935,6.21,-5.51,94.4,586.2,-520.1,0,0
1936,6.2,-5.5,94.4,585.3,-519.2,0,0
1937,6.21,-5.52,94.5,586.8,-521.6,0,0
1938,6.22,-5.52,94.5,587.8,-521.6,0,0
1939,6.21,-5.51,94.5,586.8,-520.7,0,0
1940,6.21,-5.5,94.5,586.8,-519.8,0,0
1941,6.2,-5.5,94.5,585.9,-519.8,0,0
1942,6.22,-5.53,94.5,587.8,-522.6,0,0
1943,6.19,-5.5,94.5,585,-519.8,0,0
1944,6.22,-5.53,94.5,587.8,-522.6,0,0
1945,6.18,-5.48,94.5,584,-517.9,0,0
1946,6.23,-5.53,94.5,588.7,-522.6,0,0
1947,6.22,-5.52,94.5,587.8,-521.6,0,0
1948,6.23,-5.53,94.5,588.7,-522.6,0,0
1949,6.22,-5.53,94.5,587.8,-522.6,0,0
1950,6.22,-5.52,94.5,587.8,-521.6,0,0
1951,6.22,-5.52,94.5,587.8,-521.6,0,0
1952,6.22,-5.52,94.5,587.8,-521.6,0,0
1953,6.21,-5.51,94.6,587.5,-521.2,0,0
1954,6.25,-5.55,94.6,591.3,-525,0,0
1955,6.24,-5.55,94.6,590.3,-525,0,0
1956,6.21,-5.51,94.6,587.5,-521.2,0,0
1957,6.24,-5.54,94.6,590.3,-524.1,0,0
1958,6.24,-5.55,94.6,590.3,-525,0,0
1959,6.21,-5.52,94.6,587.5,-522.2,0,0
1960,6.24,-5.55,94.6,590.3,-525,0,0
1961,6.24,-5.54,94.6,590.3,-524.1,0,0
1962,6.17,-5.47,94.6,583.7,-517.5,0,0
1963,6.23,-5.54,94.5,588.7,-523.5,0,0
1964,6.24,-5.55,94.6,590.3,-525,0,0
1965,6.24,-5.54,94.6,590.3,-524.1,0,0
1966,6.23,-5.54,94.6,589.4,-524.1,0,0
1967,6.22,-5.53,94.6,588.4,-523.1,0,0
1968,6.22,-5.53,94.6,588.4,-523.1,0,0
1969,6.25,-5.54,94.6,591.3,-524.1,0,0
1970,6.25,-5.55,94.6,591.3,-525,0,0
1971,6.23,-5.53,94.6,589.4,-523.1,0,0
1972,6.2,-5.5,94.6,586.5,-520.3,0,0
1973,6.21,-5.51,94.7,588.1,-521.8,0,0
1974,6.22,-5.53,94.7,589,-523.7,0,0
1975,6.23,-5.53,94.7,590,-523.7,0,0
1976,6.23,-5.54,94.7,590,-524.6,0,0
1977,6.21,-5.51,94.7,588.1,-521.8,0,0
1978,6.21,-5.52,94.8,588.7,-523.3,0,0
1979,6.21,-5.52,94.8,588.7,-523.3,0,0
1980,6.21,-5.53,94.7,588.1,-523.7,0,0
1981,6.24,-5.53,94.8,591.6,-524.2,0,0
1982,6.21,-5.51,94.8,588.7,-522.3,0,0
1983,6.21,-5.51,94.8,588.7,-522.3,0,0
1984,6.21,-5.52,94.8,588.7,-523.3,0,0
1985,6.22,-5.52,94.8,589.7,-523.3,0,0
1986,6.23,-5.54,94.8,590.6,-525.2,0,0
1987,6.21,-5.51,94.8,588.7,-522.3,0,0
1988,6.21,-5.52,94.8,588.7,-523.3,0,0
1989,6.2,-5.51,94.9,588.4,-522.9,0,0
1990,6.22,-5.52,94.8,589.7,-523.3,0,0
1991,6.23,-5.54,94.9,591.2,-525.7,0,0
1992,6.22,-5.52,94.8,589.7,-523.3,0,0
1993,6.23,-5.53,94.9,591.2,-524.8,0,0
1994,6.2,-5.51,94.9,588.4,-522.9,0,0
1995,6.21,-5.52,94.9,589.3,-523.8,0,0
1996,6.21,-5.52,95,590,-524.4,0,0
1997,6.22,-5.52,94.9,590.3,-523.8,0,0
1998,6.23,-5.54,94.9,591.2,-525.7,0,0
1999,6.19,-5.49,95,588.1,-521.6,0,0
2000,6.21,-5.52,95,590,-524.4,0,0
2001,6.21,-5.5,95,590,-522.5,0,0
2002,6.22,-5.53,95,590.9,-525.4,0,0
2003,6.24,-5.54,95,592.8,-526.3,0,0
2004,6.24,-5.54,95,592.8,-526.3,0,0
2005,6.22,-5.52,95,590.9,-524.4,0,0
2006,6.22,-5.52,95,590.9,-524.4,0,0
2007,6.24,-5.54,95,592.8,-526.3,0,0
2008,6.24,-5.55,95,592.8,-527.3,0,0
2009,6.22,-5.53,95,590.9,-525.4,0,0
2010,6.23,-5.54,95,591.9,-526.3,0,0
2011,6.23,-5.54,95,591.9,-526.3,0,0
2012,6.22,-5.53,95,590.9,-525.4,0,0
2013,6.22,-5.52,95,590.9,-524.4,0,0
2014,6.25,-5.56,95,593.8,-528.2,0,0
2015,6.25,-5.56,95,593.8,-528.2,0,0
2016,6.21,-5.52,95,590,-524.4,0,0
2017,6.24,-5.55,95,592.8,-527.3,0,0
2018,6.23,-5.54,95,591.9,-526.3,0,0
2019,6.23,-5.53,95,591.9,-525.4,0,0
2020,6.19,-5.49,95,588.1,-521.6,0,0
2021,6.23,-5.54,95,591.9,-526.3,0,0
2022,6.21,-5.52,95,590,-524.4,0,0
2023,6.22,-5.53,95,590.9,-525.4,0,0
2024,6.18,-5.48,95,587.1,-520.6,0,0
2025,6.22,-5.52,95.1,591.5,-525,0,0
2026,6.23,-5.53,95.1,592.5,-525.9,0,0
2027,6.23,-5.53,95.1,592.5,-525.9,0,0
2028,6.21,-5.52,95,590,-524.4,0,0
2029,6.2,-5.51,95.1,589.6,-524,0,0
2030,6.2,-5.51,95.1,589.6,-524,0,0
2031,6.2,-5.5,95.1,589.6,-523.1,0,0
2032,6.19,-5.48,95.1,588.7,-521.1,0,0
2033,6.19,-5.49,95.1,588.7,-522.1,0,0
2034,6.18,-5.5,95.1,587.7,-523.1,0,0
2035,6.22,-5.52,95.1,591.5,-525,0,0
2036,6.22,-5.52,95.1,591.5,-525,0,0
2037,6.17,-5.47,95.1,586.8,-520.2,0,0
2038,6.19,-5.49,95.1,588.7,-522.1,0,0
2039,6.19,-5.49,95.1,588.7,-522.1,0,0
2040,6.31,-5.61,95.1,600.1,-533.5,0,0
2041,6.29,-5.6,95.1,598.2,-532.6,0,0
2042,6.31,-5.61,95.2,600.7,-534.1,0,0
2043,6.3,-5.6,95.2,599.8,-533.1,0,0
2044,6.29,-5.59,95.2,598.8,-532.2,0,0
2045,6.3,-5.59,95.2,599.8,-532.2,0,0
2046,6.3,-5.59,95.2,599.8,-532.2,0,0
2047,6.28,-5.58,95.2,597.9,-531.2,0,0
2048,6.35,-5.64,95.3,605.2,-537.5,0,0
2049,6.31,-5.6,95.3,601.3,-533.7,0,0
2050,6.31,-5.62,95.3,601.3,-535.6,0,0
2051,6.3,-5.59,95.3,600.4,-532.7,0,0
2052,6.32,-5.61,95.3,602.3,-534.6,0,0
2053,6.3,-5.59,95.3,600.4,-532.7,0,0
2054,6.32,-5.61,95.3,602.3,-534.6,0,0
2055,6.3,-5.61,95.3,600.4,-534.6,0,0
2056,6.32,-5.62,95.3,602.3,-535.6,0,0
2057,6.11,-5.42,95.2,581.7,-516,0,0
2058,6.31,-5.61,95.3,601.3,-534.6,0,0
2059,6.31,-5.61,95.3,601.3,-534.6,0,0
2060,6.3,-5.6,95.3,600.4,-533.7,0,0
2061,6.32,-5.62,95.3,602.3,-535.6,0,0
2062,6.33,-5.62,95.3,603.2,-535.6,0,0
2063,6.32,-5.62,95.3,602.3,-535.6,0,0
2064,6.33,-5.62,95.3,603.2,-535.6,0,0
2065,6.33,-5.62,95.3,603.2,-535.6,0,0
2066,6.31,-5.61,95.3,601.3,-534.6,0,0
2067,6.33,-5.62,95.3,603.2,-535.6,0,0
2068,6.33,-5.62,95.3,603.2,-535.6,0,0
2069,6.34,-5.63,95.3,604.2,-536.5,0,0
2070,6.36,-5.65,95.3,606.1,-538.4,0,0
2071,6.33,-5.62,95.3,603.2,-535.6,0,0
2072,6.35,-5.64,95.3,605.2,-537.5,0,0
2073,6.35,-5.64,95.3,605.2,-537.5,0,0
2074,6.32,-5.62,95.4,602.9,-536.1,0,0
2075,6.32,-5.62,95.4,602.9,-536.1,0,0
2076,6.36,-5.65,95.4,606.7,-539,0,0
2077,6.36,-5.65,95.4,606.7,-539,0,0
2078,6.5,-5.78,95.4,620.1,-551.4,0,0
2079,6.47,-5.75,95.4,617.2,-548.6,0,0
2080,6.49,-5.77,95.4,619.1,-550.5,0,0
2081,6.49,-5.77,95.4,619.1,-550.5,0,0
2082,6.51,-5.79,95.4,621.1,-552.4,0,0
2083,6.49,-5.77,95.4,619.1,-550.5,0,0
2084,6.5,-5.78,95.4,620.1,-551.4,0,0
2085,6.51,-5.79,95.5,621.7,-552.9,0,0
2086,6.52,-5.79,95.5,622.7,-552.9,0,0
2087,6.49,-5.78,95.5,619.8,-552,0,0
2088,6.52,-5.79,95.5,622.7,-552.9,0,0
2089,6.51,-5.78,95.5,621.7,-552,0,0
2090,6.51,-5.79,95.5,621.7,-552.9,0,0
2091,6.5,-5.78,95.5,620.8,-552,0,0
2092,6.51,-5.79,95.6,622.4,-553.5,0,0
2093,6.49,-5.78,95.5,619.8,-552,0,0
2094,6.48,-5.77,95.6,619.5,-551.6,0,0
2095,6.5,-5.78,95.6,621.4,-552.6,0,0
2096,6.51,-5.79,95.6,622.4,-553.5,0,0
2097,6.5,-5.77,95.6,621.4,-551.6,0,0
2098,6.5,-5.78,95.6,621.4,-552.6,0,0
2099,6.52,-5.8,95.6,623.3,-554.5,0,0
2100,6.51,-5.79,95.6,622.4,-553.5,0,0
2101,6.51,-5.79,95.6,622.4,-553.5,0,0
2102,6.52,-5.8,95.6,623.3,-554.5,0,0
2103,6.51,-5.8,95.6,622.4,-554.5,0,0
2104,6.51,-5.79,95.6,622.4,-553.5,0,0
2105,6.51,-5.8,95.6,622.4,-554.5,0,0
2106,6.51,-5.79,95.6,622.4,-553.5,0,0
2107,6.53,-5.79,95.6,624.3,-553.5,0,0
2108,6.54,-5.81,95.6,625.2,-555.4,0,0
2109,6.51,-5.8,95.6,622.4,-554.5,0,0
2110,6.53,-5.8,95.6,624.3,-554.5,0,0
2111,6.51,-5.79,95.6,622.4,-553.5,0,0
2112,6.53,-5.81,95.6,624.3,-555.4,0,0
2113,6.49,-5.78,95.6,620.4,-552.6,0,0
2114,6.52,-5.8,95.6,623.3,-554.5,0,0
2115,6.29,-5.59,95.6,601.3,-534.4,0,0
2116,6.51,-5.79,95.6,622.4,-553.5,0,0
2117,6.49,-5.77,95.6,620.4,-551.6,0,0
2118,6.49,-5.77,95.6,620.4,-551.6,0,0
2119,6.5,-5.78,95.7,622.1,-553.1,0,0
2120,6.48,-5.75,95.6,619.5,-549.7,0,0
2121,6.49,-5.77,95.7,621.1,-552.2,0,0
2122,6.49,-5.78,95.6,620.4,-552.6,0,0
2123,6.48,-5.76,95.7,620.1,-551.2,0,0
2124,6.49,-5.77,95.6,620.4,-551.6,0,0
2125,6.47,-5.76,95.7,619.2,-551.2,0,0
2126,6.49,-5.77,95.7,621.1,-552.2,0,0
2127,6.53,-5.81,95.7,624.9,-556,0,0
2128,6.54,-5.81,95.7,625.9,-556,0,0
2129,6.54,-5.83,95.7,625.9,-557.9,0,0
2130,6.54,-5.82,95.7,625.9,-557,0,0
2131,6.53,-5.81,95.7,624.9,-556,0,0
2132,6.52,-5.8,95.7,624,-555.1,0,0
2133,6.53,-5.8,95.7,624.9,-555.1,0,0
2134,6.53,-5.81,95.8,625.6,-556.6,0,0
2135,6.54,-5.82,95.7,625.9,-557,0,0
2136,6.55,-5.83,95.7,626.8,-557.9,0,0
2137,6.53,-5.81,95.7,624.9,-556,0,0
2138,6.54,-5.82,95.7,625.9,-557,0,0
2139,5.78,-5.12,95.6,552.6,-489.5,0,0
2140,5.35,-4.72,95.6,511.5,-451.2,0,0
2141,6.52,-5.79,95.7,624,-554.1,0,0
2142,6.21,-5.51,95.7,594.3,-527.3,0,0
2143,4.92,-4.32,95.5,469.9,-412.6,0,0
2144,5.42,-4.78,95.6,518.2,-457,0,0
2145,5.4,-4.77,95.6,516.2,-456,0,0
2146,5.55,-4.9,95.6,530.6,-468.4,0,0
2147,6.43,-5.72,95.7,615.4,-547.4,0,0
2148,6.49,-5.77,95.8,621.7,-552.8,0,0
2149,6.58,-5.87,95.9,631,-562.9,0,0
2150,6.59,-5.87,95.8,631.3,-562.3,0,0
2151,6.61,-5.88,95.9,633.9,-563.9,0,0
2152,6.6,-5.88,95.9,632.9,-563.9,0,0
2153,6.61,-5.89,95.9,633.9,-564.9,0,0
2154,6.62,-5.9,95.9,634.9,-565.8,0,0
2155,6.51,-5.79,95.9,624.3,-555.3,0,0
2156,6.59,-5.88,95.9,632,-563.9,0,0
2157,6.61,-5.88,95.9,633.9,-563.9,0,0
2158,6.61,-5.88,95.9,633.9,-563.9,0,0
2159,6.61,-5.88,95.9,633.9,-563.9,0,0
2160,6.62,-5.9,95.9,634.9,-565.8,0,0
2161,6.63,-5.9,95.9,635.8,-565.8,0,0
2162,6.63,-5.89,95.9,635.8,-564.9,0,0
2163,6.63,-5.9,95.9,635.8,-565.8,0,0
2164,6.62,-5.89,95.9,634.9,-564.9,0,0
2165,6.63,-5.89,95.9,635.8,-564.9,0,0
2166,6.6,-5.89,95.9,632.9,-564.9,0,0
2167,6.62,-5.89,95.9,634.9,-564.9,0,0
2168,6.62,-5.89,95.9,634.9,-564.9,0,0
2169,5.67,-5.02,95.8,543.2,-480.9,0,0
2170,5.56,-4.91,95.8,532.6,-470.4,0,0
2171,5.63,-4.97,95.8,539.4,-476.1,0,0
2172,5.73,-5.07,95.8,548.9,-485.7,0,0
2173,5.36,-4.72,95.7,513,-451.7,0,0
2174,6.63,-5.9,95.9,635.8,-565.8,0,0
2175,5.83,-5.17,95.9,559.1,-495.8,0,0
2176,6.65,-5.92,95.9,637.7,-567.7,0,0
2177,6.65,-5.93,95.9,637.7,-568.7,0,0
2178,6.65,-5.93,95.9,637.7,-568.7,0,0
2179,6.64,-5.92,96,637.4,-568.3,0,0
2180,6.66,-5.94,96,639.4,-570.2,0,0
2181,6.66,-5.93,95.9,638.7,-568.7,0,0
2182,6.67,-5.94,95.9,639.7,-569.6,0,0
2183,6.65,-5.91,96,638.4,-567.4,0,0
2184,6.68,-5.94,96,641.3,-570.2,0,0
2185,6.67,-5.95,96,640.3,-571.2,0,0
2186,6.67,-5.93,96,640.3,-569.3,0,0
2187,6.67,-5.94,96,640.3,-570.2,0,0
2188,6.68,-5.94,96,641.3,-570.2,0,0
2189,6.67,-5.93,96,640.3,-569.3,0,0
2190,6.67,-5.93,96,640.3,-569.3,0,0
2191,6.67,-5.93,96,640.3,-569.3,0,0
2192,6.69,-5.96,96,642.2,-572.2,0,0
2193,6.68,-5.95,96,641.3,-571.2,0,0
2194,6.68,-5.94,96,641.3,-570.2,0,0
2195,6.69,-5.96,96,642.2,-572.2,0,0
2196,6.71,-5.98,96.1,644.8,-574.7,0,0
2197,6.71,-5.99,96.1,644.8,-575.6,0,0
2198,5.71,-5.05,95.9,547.6,-484.3,0,0
2199,5.58,-4.94,95.9,535.1,-473.7,0,0
2200,5.59,-4.94,95.9,536.1,-473.7,0,0
2201,5.41,-4.78,95.9,518.8,-458.4,0,3
2202,5.79,-5.13,95.9,555.3,-492,0,3
2203,5.81,-5.15,95.9,557.2,-493.9,0,0
2204,5.66,-5,95.9,542.8,-479.5,0,0
2205,5.77,-5.11,95.9,553.3,-490,0,0
2206,6.31,-5.6,96,605.8,-537.6,0,0
2207,6.48,-5.77,96.1,622.7,-554.5,0,0
2208,6.53,-5.81,96.1,627.5,-558.3,0,0
2209,5.91,-5.24,96,567.4,-503,0,0
2210,6.39,-5.69,96,613.4,-546.2,0,0
2211,6.48,-5.76,96.2,623.4,-554.1,0,0
2212,6.54,-5.81,96.2,629.1,-558.9,0,0
2213,6.54,-5.82,96.1,628.5,-559.3,0,0
2214,6.54,-5.82,96.1,628.5,-559.3,0,0
2215,6.54,-5.8,96.2,629.1,-558,0,0
2216,6.54,-5.8,96.1,628.5,-557.4,0,0
2217,6.56,-5.2,96,629.8,-499.2,0,0
2218,6.62,-5.87,96.2,636.8,-564.7,0,0
2219,6.61,-5.87,96.2,635.9,-564.7,0,0
2220,6.69,-3.94,95.9,641.6,-377.8,0,0
2221,6.72,-2.24,95.6,642.4,-214.1,0,5
2222,6.81,0.75,95.1,647.6,71.3,0,13
2223,6.89,1.61,95,654.6,153,0,20
2224,7.04,1.44,95,668.8,136.8,0,25
2225,7.02,2.96,94.7,664.8,280.3,0,26
2226,6.95,2.97,94.6,657.5,281,0,33
2227,6.88,3.09,94.6,650.8,292.3,0,37
2228,7.11,6.11,94.1,669.1,575,0,41
2229,7.09,5.13,94.2,667.9,483.2,0,46
2230,7.11,6.12,94,668.3,575.3,0,50
2231,7.11,6.09,94,668.3,572.5,0,53
2232,7.22,6,94,678.7,564,0,56
2233,7.01,6.18,93.9,658.2,580.3,0,59
2234,7.23,6,93.9,678.9,563.4,0,61
2235,7.1,6.12,93.9,666.7,574.7,0,63
2236,7.12,6.08,93.9,668.6,570.9,0,65
2237,7.05,6.16,93.9,662,578.4,0,67
2238,7.03,-1.35,95,667.9,-128.3,0,68
2239,7.01,0.32,94.8,664.5,30.3,0,68
2240,7.1,2.06,94.6,671.7,194.9,0,68
2241,7.12,4.17,94.2,670.7,392.8,0,69
2242,7.14,4.3,94.1,671.9,404.6,0,70
2243,7.07,4.1,94.1,665.3,385.8,0,71
2244,7.53,3.42,94.2,709.3,322.2,0,71
2245,7.59,3.57,94.2,715,336.3,0,71
2246,7.59,3.74,94.2,715,352.3,0,71
2247,7.52,3.75,94.2,708.4,353.3,0,71
2248,7.64,3.59,94.2,719.7,338.2,0,71
2249,7.19,3.88,94.2,677.3,365.5,0,71
2250,7.16,4.35,94.1,673.8,409.3,0,71
2251,7.22,3.97,94.1,679.4,373.6,0,71
2252,7.19,4.31,94,675.9,405.1,0,71
2253,7.23,3.77,94.1,680.3,354.8,0,71
2254,7.25,3.84,94.1,682.2,361.3,0,72
2255,7.25,3.22,94.2,683,303.3,0,72
2256,7.23,3.11,94.2,681.1,293,0,73
2257,7.11,3.34,94.1,669.1,314.3,0,73
2258,7.11,3.12,94.2,669.8,293.9,0,73
2259,7.14,2.63,94.3,673.3,248,0,73
2260,7.19,2.28,94.3,678,215,0,74
2261,7.19,2.18,94.4,678.7,205.8,0,74
2262,7.16,1.93,94.4,675.9,182.2,0,74
2263,7.16,1.14,94.6,677.3,107.8,0,75
2264,7.07,0.08,94.8,670.2,7.6,0,75
2265,7.07,-0.52,94.9,670.9,-49.3,0,76
2266,7.1,0.13,94.8,673.1,12.3,0,75
2267,7.46,-0.29,94.8,707.2,-27.5,0,75
2268,7.5,-0.14,94.8,711,-13.3,0,75
2269,7.1,0.34,94.7,672.4,32.2,0,75
2270,7.15,0.09,94.8,677.8,8.5,0,75
2271,7.61,-0.03,94.8,721.4,-2.8,0,75
2272,7.12,0.34,94.8,675,32.2,0,74
2273,7.31,0.32,94.7,692.3,30.3,0,74
2274,7.23,0.43,94.7,684.7,40.7,0,74
2275,7.17,-0.25,94.9,680.4,-23.7,0,74
2276,7.18,-3.72,95.4,685,-354.9,0,73
2277,7.45,-5.52,95.7,713,-528.3,0,71
2278,7.52,-2.18,95.2,715.9,-207.5,0,71
2279,7.48,-2.11,95.3,712.8,-201.1,0,70
2280,7.43,-2.09,95.3,708.1,-199.2,0,70
2281,7.54,-2.19,95.3,718.6,-208.7,0,69
2282,7.63,-2.3,95.3,727.1,-219.2,0,68
2283,7.62,-2.31,95.3,726.2,-220.1,0,67
2284,7.67,-2.29,95.3,731,-218.2,0,67
2285,7.58,-2.24,95.3,722.4,-213.5,0,66
2286,7.55,-2.16,95.3,719.5,-205.8,0,65
2287,7.59,-2.23,95.3,723.3,-212.5,0,64
2288,7.62,1.86,94.6,720.9,176,0,64
2289,7.6,1.87,94.6,719,176.9,0,65
2290,7.25,3.1,94.4,684.4,292.6,0,66
2291,7.23,3.12,94.3,681.8,294.2,0,67
2292,7.24,3.14,94.3,682.7,296.1,0,68
2293,7.26,3.09,94.3,684.6,291.4,0,68
2294,7.23,3.16,94.3,681.8,298,0,69
2295,7.29,3.14,94.3,687.4,296.1,0,70
2296,7.25,2.89,94.3,683.7,272.5,0,71
2297,7.31,2.86,94.3,689.3,269.7,0,72
2298,7.26,2.79,94.3,684.6,263.1,0,72
2299,7.26,2.34,94.4,685.3,220.9,0,72
2300,7.32,2.28,94.4,691,215.2,0,73
2301,7.25,2.37,94.4,684.4,223.7,0,73
2302,7.25,2.46,94.3,683.7,232,0,73
2303,7.33,2.2,94.4,692,207.7,0,73
2304,7.26,2.11,94.4,685.3,199.2,0,73
2305,7.2,2.35,94.3,679,221.6,0,73
2306,7.23,1.75,94.4,682.5,165.2,0,73
2307,7.25,0.88,94.6,685.9,83.2,0,73
2308,7.31,0.96,94.7,692.3,90.9,0,72
2309,7.25,1.33,94.5,685.1,125.7,0,72
2310,7.33,0.89,94.5,692.7,84.1,0,72
2311,7.33,0.91,94.6,693.4,86.1,0,71
2312,7.32,1.02,94.5,691.7,96.4,0,71
2313,7.34,1.03,94.6,694.4,97.4,0,71
2314,7.29,1.1,94.6,689.6,104.1,0,71
2315,7.18,1.2,94.5,678.5,113.4,0,71
2316,7.29,1.16,94.6,689.6,109.7,0,71
2317,7.32,1.08,94.6,692.5,102.2,0,71
2318,6.98,1.33,94.5,659.6,125.7,0,70
2319,7.17,1.17,94.5,677.6,110.6,0,70
2320,7.41,0.95,94.6,701,89.9,0,70
2321,7.49,0.91,94.6,708.6,86.1,0,69
2322,7.43,0.96,94.6,702.9,90.8,0,69
2323,7.49,0.92,94.5,707.8,86.9,0,69
2324,7.41,0.99,94.6,701,93.7,0,68
2325,7.38,1,94.6,698.1,94.6,0,68
2326,7.57,0.82,94.6,716.1,77.6,0,66
2327,7.48,0.89,94.6,707.6,84.2,0,66
2328,5.7,4.39,94,535.8,412.7,0,66
2329,7.53,4.82,93.9,707.1,452.6,0,68
2330,7.56,4.74,93.9,709.9,445.1,0,69
2331,7.42,4.96,93.9,696.7,465.7,0,70
2332,6.01,5.43,93.8,563.7,509.3,0,71
2333,7.46,4.12,94,701.2,387.3,0,71
2334,7.88,3.64,94,740.7,342.2,0,72
2335,8.03,3.63,93.9,754,340.9,0,72
2336,7.83,3.63,94,736,341.2,0,72
2337,7.78,3.81,93.9,730.5,357.8,0,72
2338,7.51,3.41,94.1,706.7,320.9,0,72
2339,7.55,4.03,93.9,708.9,378.4,0,72
2340,7.7,4.84,93.8,722.3,454,0,70
2341,7.69,4.68,93.8,721.3,439,0,68
2342,8.01,6.34,93.6,749.7,593.4,0,68
2343,7.81,7.93,93.2,727.9,739.1,0,69
2344,7.79,7.11,93.3,726.8,663.4,0,70
2345,7.68,5.81,93.5,718.1,543.2,0,72
2346,7.72,4.12,93.8,724.1,386.5,0,73
2347,7.65,3.46,93.9,718.3,324.9,0,73
2348,7.68,2.39,94.1,722.7,224.9,0,73
2349,7.64,2.72,94.1,718.9,256,0,73
2350,7.61,2.6,94.1,716.1,244.7,0,74
2351,7.55,2,94.2,711.2,188.4,0,74
2352,7.58,0.54,94.4,715.6,51,0,75
2353,7.64,-0.77,94.6,722.7,-72.8,0,76
2354,7.45,-1.17,94.8,706.3,-110.9,0,76
2355,6.24,1.08,94.4,589.1,102,0,75
2356,7.63,1.35,94.4,720.3,127.4,0,74
2357,7.58,2.88,94.1,713.3,271,0,73
2358,7.63,3.6,93.9,716.5,338,0,73
2359,7.55,4.38,93.8,708.2,410.8,0,72
2360,4.18,7.32,93.4,390.4,683.7,0,72
2361,7.69,4.67,93.7,720.6,437.6,0,72
2362,7.7,3.92,93.8,722.3,367.7,0,73
2363,7.78,2.91,94,731.3,273.5,0,73
2364,7.66,2.49,94.1,720.8,234.3,0,74
2365,7.62,2.17,94.1,717,204.2,0,74
2366,7.63,1.54,94.2,718.7,145.1,0,74
2367,7.52,1.51,94.2,708.4,142.2,0,74
2368,7.59,2.09,94.1,714.2,196.7,0,74
2369,7.61,2.83,94,715.3,266,0,73
2370,7.58,3.02,94,712.5,283.9,0,73
2371,7.77,3.61,93.9,729.6,339,0,73
2372,7.65,3.08,94,719.1,289.5,0,73
2373,7.68,2.43,94,721.9,228.4,0,74
2374,7.75,1.82,94.1,729.3,171.3,0,74
2375,7.55,1.88,94.2,711.2,177.1,0,74
2376,7.62,1.9,94.2,717.8,179,0,74
2377,7.68,2.56,94.1,722.7,240.9,0,73
2378,7.77,1.77,94.2,731.9,166.7,0,73
2379,7.72,1.56,94.2,727.2,147,0,73
2380,7.62,-0.06,94.5,720.1,-5.7,0,73
2381,7.63,-0.08,94.5,721,-7.6,0,73
2382,7.74,-0.55,94.6,732.2,-52,0,73
2383,7.64,-0.28,94.5,722,-26.5,0,71
2384,7.68,-0.3,94.6,726.5,-28.4,0,70
2385,7.7,1.54,94.3,726.1,145.2,0,71
2386,7.58,1.49,94.3,714.8,140.5,0,73
2387,7.77,1.26,94.3,732.7,118.8,0,74
2388,7.77,1.12,94.3,732.7,105.6,0,74
2389,7.64,0.74,94.4,721.2,69.9,0,74
2390,7.67,0.67,94.4,724,63.2,0,75
2391,7.63,-0.16,94.5,721,-15.1,0,75
2392,7.65,-1.13,94.7,724.5,-107,0,76
2393,7.63,-1.21,94.7,722.6,-114.6,0,76
2394,7.57,-0.89,94.7,716.9,-84.3,0,75
2395,7.56,-1.28,94.7,715.9,-121.2,0,76
2396,7.56,-1.66,94.8,716.7,-157.4,0,76
2397,7.68,-0.48,94.6,726.5,-45.4,0,75
2398,7.71,-0.48,94.6,729.4,-45.4,0,75
2399,7.61,-0.96,94.7,720.7,-90.9,0,75
2400,7.74,-0.66,94.7,733,-62.5,0,74
2401,7.89,-1.56,94.8,748,-147.9,0,74
2402,7.73,-1.26,94.7,732,-119.3,0,73
2403,7.68,-1.19,94.8,728.1,-112.8,0,73
2404,7.87,-2.54,95,747.7,-241.3,0,72
2405,7.62,-2.33,95,723.9,-221.4,0,71
2406,7.46,-2.19,94.9,708,-207.8,0,70
2407,8.23,-2.89,95.1,782.7,-274.8,0,70
2408,8.04,-2.75,95.1,764.6,-261.5,0,69
2409,8.1,-2.8,95.2,771.1,-266.6,0,69
2410,8.06,-2.73,95.1,766.5,-259.6,0,68
2411,8.12,-2.85,95.1,772.2,-271,0,67
2412,8.06,-2.75,95.1,766.5,-261.5,0,66
2413,7.64,-1.23,95,725.8,-116.9,0,65
2414,7.62,-1.24,94.9,723.1,-117.7,0,65
2415,7.67,-0.68,94.8,727.1,-64.5,0,64
2416,7.66,-0.23,94.8,726.2,-21.8,0,65
2417,7.68,-0.2,94.7,727.3,-18.9,0,65
2418,7.66,-0.05,94.6,724.6,-4.7,0,64
2419,7.04,6.21,93.6,658.9,581.3,0,66
2420,7.93,5.49,93.7,743,514.4,0,68
2421,8.06,5.12,93.7,755.2,479.7,0,70
2422,7.84,4.66,93.7,734.6,436.6,0,71
2423,7.79,3.76,93.9,731.5,353.1,0,72
2424,7.91,3.48,93.9,742.7,326.8,0,72
2425,7.91,3.69,93.9,742.7,346.5,0,72
2426,7.94,2.12,94.1,747.2,199.5,0,72
2427,7.94,2.43,94.1,747.2,228.7,0,70
2428,7.99,2.42,94,751.1,227.5,0,69
2429,7.86,2.49,94.1,739.6,234.3,0,69
2430,7.86,2.49,94.1,739.6,234.3,0,69
2431,8.01,2.38,94,752.9,223.7,0,69
2432,7.85,2.53,94,737.9,237.8,0,69
2433,7.77,2.59,94,730.4,243.5,0,69
2434,7.85,2.47,94.1,738.7,232.4,0,70
2435,7.93,2.59,94,745.4,243.5,0,71
2436,7.96,2.28,94,748.2,214.3,0,71
2437,7.98,2.24,94.1,750.9,210.8,0,71
2438,7.98,2.47,94,750.1,232.2,0,71
2439,7.99,2.29,94.1,751.9,215.5,0,71
2440,7.94,2.57,94,746.4,241.6,0,71
2441,7.99,2.29,94.1,751.9,215.5,0,71
2442,7.98,2.51,94,750.1,235.9,0,70
2443,7.92,2.47,94,744.5,232.2,0,71
2444,7.96,2.34,94,748.2,220,0,71
2445,7.98,2.56,94,750.1,240.6,0,70
2446,7.99,2.47,94,751.1,232.2,0,70
2447,8.03,2.19,94,754.8,205.9,0,71
2448,7.99,2.59,94,751.1,243.5,0,71
2449,7.96,2.33,94.1,749,219.3,0,71
2450,7.87,2.78,93.9,739,261,0,71
2451,8.01,2.35,94,752.9,220.9,0,71
2452,7.96,2.49,94,748.2,234.1,0,72
2453,8.01,1.69,94.1,753.7,159,0,72
2454,8.02,1.6,94.2,755.5,150.7,0,72
2455,8,1.52,94.2,753.6,143.2,0,71
2456,7.98,1.63,94.1,750.9,153.4,0,71
2457,7.99,1.55,94.1,751.9,145.9,0,71
2458,7.99,1.46,94.1,751.9,137.4,0,71
2459,8,1.21,94.2,753.6,114,0,71
2460,8,1.52,94.2,753.6,143.2,0,71
2461,8.02,1.37,94.1,754.7,128.9,0,71
2462,8.04,1.36,94.2,757.4,128.1,0,71
2463,8.02,1.38,94.2,755.5,130,0,71
2464,8.05,1.38,94.2,758.3,130,0,71
2465,8.06,1.38,94.1,758.4,129.9,0,70
2466,8.02,1.42,94.1,754.7,133.6,0,70
2467,8.06,1.4,94.2,759.3,131.9,0,70
2468,8.04,1.41,94.2,757.4,132.8,0,70
2469,8.02,1.4,94.2,755.5,131.9,0,70
2470,8.21,1.25,94.2,773.4,117.8,0,70
2471,8.03,1.4,94.2,756.4,131.9,0,70
2472,8.08,1.5,94.1,760.3,141.2,0,71
2473,7.99,1.36,94.2,752.7,128.1,0,71
2474,8.01,1.45,94.1,753.7,136.4,0,72
2475,8.01,0.97,94.2,754.5,91.4,0,73
2476,7.98,0.03,94.4,753.3,2.8,0,73
2477,8.01,0.13,94.4,756.1,12.3,0,73
2478,8.05,0.36,94.3,759.1,33.9,0,73
2479,8.02,-0.38,94.5,757.9,-35.9,0,73
2480,8.03,-0.34,94.5,758.8,-32.1,0,72
2481,8.02,-0.75,94.5,757.9,-70.9,0,72
2482,8.05,-0.5,94.5,760.7,-47.3,0,72
2483,8.03,-0.59,94.5,758.8,-55.8,0,71
2484,8.02,-0.58,94.5,757.9,-54.8,0,71
2485,7.92,-0.51,94.5,748.4,-48.2,0,72
2486,7.99,-0.36,94.5,755.1,-34,0,72
2487,7.95,-0.28,94.5,751.3,-26.5,0,73
2488,7.93,-1.7,94.7,751,-161,0,74
2489,8.03,-1.68,94.7,760.4,-159.1,0,74
2490,7.95,-1.5,94.7,752.9,-142.1,0,74
2491,7.95,-1.58,94.8,753.7,-149.8,0,73
2492,7.98,-1.55,94.7,755.7,-146.8,0,72
2493,7.96,-1.38,94.7,753.8,-130.7,0,73
2494,8.18,-1.95,94.8,775.5,-184.9,0,73
2495,7.83,-1.26,94.7,741.5,-119.3,0,74
2496,8.1,-1.64,94.7,767.1,-155.3,0,74
2497,7.97,-1.88,94.8,755.6,-178.2,0,73
2498,8.04,-1.65,94.8,762.2,-156.4,0,72
2499,8.09,-1.71,94.8,766.9,-162.1,0,72
2500,7.97,-1.56,94.8,755.6,-147.9,0,72
2501,8.02,-1.66,94.8,760.3,-157.4,0,71
2502,7.92,-1.53,94.8,750.8,-145,0,71
2503,7.89,-1.46,94.8,748,-138.4,0,69
2504,7.76,-1.37,94.8,735.6,-129.9,0,68
2505,7.87,-1.5,94.8,746.1,-142.2,0,67
2506,7.85,-1.46,94.8,744.2,-138.4,0,67
2507,7.76,-1.41,94.8,735.6,-133.7,0,67
2508,7.81,-1.45,94.8,740.4,-137.5,0,68
2509,6.83,-0.62,94.7,646.8,-58.7,0,69
2510,8.17,-1.77,94.9,775.3,-168,0,70
2511,8.26,-1.84,94.9,783.9,-174.6,0,70
2512,6.99,-0.71,94.6,661.3,-67.2,0,69
2513,5.19,0.77,94.5,490.5,72.8,0,67
2514,7.89,-1.59,94.8,748,-150.7,0,65
2515,7.98,-1.68,94.8,756.5,-159.3,0,63
2516,7.92,1.39,94.3,746.9,131.1,0,62
2517,7.94,2.53,94.1,747.2,238.1,0,63
2518,8.05,2.41,94.2,758.3,227,0,65
2519,5.72,4.35,93.8,536.5,408,0,66
2520,7.94,2.48,94,746.4,233.1,0,68
2521,7.77,2.52,94,730.4,236.9,0,71
2522,7.71,2.48,94,724.7,233.1,0,72
2523,8.01,2.61,94,752.9,245.3,0,72
2524,8.02,2.28,94.1,754.7,214.5,0,72
2525,8.02,2.12,94.1,754.7,199.5,0,72
2526,7.98,1.79,94.1,750.9,168.4,0,72
2527,8.02,2.48,94,753.9,233.1,0,72
2528,8.01,1.83,94.1,753.7,172.2,0,72
2529,8.04,2.21,94,755.8,207.7,0,72
2530,8.02,1.51,94.1,754.7,142.1,0,72
2531,8.02,1.23,94.2,755.5,115.9,0,73
2532,8.05,1.26,94.2,758.3,118.7,0,73
2533,7.9,1.29,94.2,744.2,121.5,0,73
2534,8.04,1.15,94.2,757.4,108.3,0,73
2535,8.02,0.89,94.3,756.3,83.9,0,73
2536,8.08,0.85,94.3,761.9,80.2,0,73
2537,8.09,1.03,94.3,762.9,97.1,0,72
2538,8.08,1.23,94.2,761.1,115.9,0,73
2539,8.07,0.68,94.3,761,64.1,0,73
2540,8.06,0.71,94.3,760.1,67,0,73
2541,8.06,1.14,94.2,759.3,107.4,0,73
2542,8.11,1.29,94.2,764,121.5,0,73
2543,8.1,1.27,94.2,763,119.6,0,73
2544,8.06,1.64,94.1,758.4,154.3,0,72
2545,8.05,1.57,94.2,758.3,147.9,0,71
2546,8.06,1.41,94.2,759.3,132.8,0,70
2547,8.08,1.38,94.2,761.1,130,0,69
2548,8.1,1.39,94.2,763,130.9,0,69
2549,8.05,1.46,94.2,758.3,137.5,0,70
2550,8.01,1.26,94.2,754.5,118.7,0,71
2551,8.09,1.23,94.1,761.3,115.7,0,73
2552,8.02,0.98,94.2,755.5,92.3,0,73
2553,8.04,0.45,94.3,758.2,42.4,0,74
2554,7.98,0.35,94.3,752.5,33,0,74
2555,8,0.04,94.4,755.2,3.8,0,74
2556,8.02,0.11,94.4,757.1,10.4,0,74
2557,8.05,0.33,94.3,759.1,31.1,0,74
2558,8.03,0.19,94.4,758,17.9,0,74
2559,8,0.03,94.4,755.2,2.8,0,74
2560,8.01,-0.98,94.5,756.9,-92.6,0,74
2561,8,-2.54,94.8,758.4,-240.8,0,74
2562,7.98,-3.81,95,758.1,-362,0,73
2563,8.02,-3.83,95.1,762.7,-364.2,0,72
2564,8,-3.55,95,760,-337.3,0,70
2565,8.05,-2.69,95,764.8,-255.6,0,69
2566,8.03,-2.7,95,762.9,-256.5,0,69
2567,8.03,-2.69,95,762.9,-255.6,0,68
2568,8.03,-2.69,95,762.9,-255.6,0,67
2569,8.09,-0.57,94.6,765.3,-53.9,0,67
2570,8.1,-0.63,94.6,766.3,-59.6,0,67
2571,8.1,-0.67,94.6,766.3,-63.4,0,66
2572,8.05,0.43,94.5,760.7,40.6,0,66
2573,8.12,1.42,94.2,764.9,133.8,0,67
2574,8.17,1.35,94.3,770.4,127.3,0,68
2575,8.12,1.39,94.3,765.7,131.1,0,68
2576,8.1,1.41,94.2,763,132.8,0,69
2577,8.12,1.39,94.2,764.9,130.9,0,69
2578,8.17,1.35,94.2,769.6,127.2,0,69
2579,8.14,1.43,94.2,766.8,134.7,0,69
2580,8.15,1.36,94.2,767.7,128.1,0,69
2581,8.13,1.43,94.2,765.8,134.7,0,70
2582,8.18,1.33,94.2,770.6,125.3,0,70
2583,8.28,1.21,94.2,780,114,0,70
2584,8.09,1.36,94.2,762.1,128.1,0,70
2585,8.19,1.33,94.2,771.5,125.3,0,70
2586,8.22,1.29,94.2,774.3,121.5,0,70
2587,8.27,1.23,94.2,779,115.9,0,69
2588,8.25,1.27,94.2,777.2,119.6,0,69
2589,8.3,1.22,94.2,781.9,114.9,0,68
2590,8.33,1.18,94.2,784.7,111.2,0,67
2591,8.23,1.28,94.2,775.3,120.6,0,67
2592,8.16,1.29,94.2,768.7,121.5,0,66
2593,8.32,2.17,94,782.1,204,0,66
2594,8.24,2.28,94,774.6,214.3,0,67
2595,8.21,2.28,93.9,770.9,214.1,0,68
2596,8.25,2.26,94,775.5,212.4,0,68
2597,8.13,2.31,93.9,763.4,216.9,0,69
2598,8.22,2.29,94,772.7,215.3,0,71
2599,8.19,2.6,93.9,769,244.1,0,71
2600,8.18,1.64,94.1,769.7,154.3,0,72
2601,8.11,1.19,94.2,764,112.1,0,73
2602,8.2,0.45,94.2,772.4,42.4,0,73
2603,7.22,1.06,94.2,680.1,99.9,0,74
2604,8.24,0.27,94.3,777,25.5,0,74
2605,8.13,0.49,94.2,765.8,46.2,0,74
2606,8.26,0.19,94.4,779.7,17.9,0,74
2607,8.25,0,94.4,778.8,0,0,74
2608,8.27,-0.16,94.4,780.7,-15.1,0,74
2609,8.24,0.14,94.3,777,13.2,0,74
2610,8.29,0.26,94.3,781.7,24.5,0,73
2611,8.24,0.96,94.2,776.2,90.4,0,73
2612,8.25,0.57,94.3,778,53.8,0,73
2613,8.27,0.59,94.2,779,55.6,0,73
2614,8.21,0.21,94.3,774.2,19.8,0,74
2615,8.09,0.36,94.3,762.9,33.9,0,74
2616,8.2,0.34,94.3,773.3,32.1,0,74
2617,8.35,0.17,94.3,787.4,16,0,74
2618,8.29,0.2,94.3,781.7,18.9,0,73
2619,8.32,0.17,94.3,784.6,16,0,72
2620,8.3,1.21,94.2,781.9,114,0,71
2621,8.2,1.06,94.2,772.4,99.9,0,71
2622,8.28,1.14,94.2,780,107.4,0,71
2623,8.17,1.45,94.1,768.8,136.4,0,71
2624,7.73,1.76,94,726.6,165.4,0,71
2625,8.37,1.11,94.2,788.5,104.6,0,70
2626,8.26,1.25,94.2,778.1,117.8,0,70
2627,8.3,1.2,94.2,781.9,113,0,69
2628,8.27,1.23,94.2,779,115.9,0,68
2629,8.3,1.18,94.2,781.9,111.2,0,69
2630,8.29,1.2,94.2,780.9,113,0,69
2631,8.21,1.29,94.2,773.4,121.5,0,69
2632,8.3,1.21,94.2,781.9,114,0,70
2633,8.3,1.2,94.2,781.9,113,0,70
2634,8.29,1.21,94.2,780.9,114,0,70
2635,8.33,1.19,94.1,783.9,112,0,70
2636,8.33,1.13,94.2,784.7,106.4,0,70
2637,8.33,1.17,94.1,783.9,110.1,0,70
2638,8.32,1.34,94.1,782.9,126.1,0,71
2639,8.29,1.08,94.1,780.1,101.6,0,71
2640,8.39,1.4,94.1,789.5,131.7,0,72
2641,8.34,0.71,94.3,786.5,67,0,72
2642,8.3,0.67,94.2,781.9,63.1,0,73
2643,8.37,0.45,94.3,789.3,42.4,0,73
2644,8.38,0.44,94.3,790.2,41.5,0,73
2645,8.36,0.9,94.1,786.7,84.7,0,73
2646,8.39,0.4,94.3,791.2,37.7,0,73
2647,8.33,0.48,94.2,784.7,45.2,0,73
2648,8.36,0.89,94.1,786.7,83.7,0,73
2649,8.32,0.44,94.3,784.6,41.5,0,73
2650,8.42,0.46,94.3,794,43.4,0,74
2651,8.36,0.14,94.3,788.3,13.2,0,73
2652,8.36,0.16,94.3,788.3,15.1,0,74
2653,8.33,-0.12,94.3,785.5,-11.3,0,73
2654,8.36,-0.3,94.4,789.2,-28.3,0,73
2655,8.36,-0.36,94.4,789.2,-34,0,73
2656,8.29,-0.14,94.3,781.7,-13.2,0,74
2657,8.32,-1.32,94.5,786.2,-124.7,0,74
2658,8.41,-1.93,94.7,796.4,-182.8,0,75
2659,8.31,-2.29,94.8,787.8,-217.1,0,75
2660,8.33,-2.61,94.8,789.7,-247.4,0,75
2661,8.32,-2.51,94.8,788.7,-237.9,0,75
2662,8.33,-1.95,94.7,788.9,-184.7,0,74
2663,8.45,-1.86,94.7,800.2,-176.1,0,74
2664,8.33,-2.06,94.8,789.7,-195.3,0,73
2665,8.32,-2,94.8,788.7,-189.6,0,73
2666,8.39,-1.99,94.7,794.5,-188.5,0,72
2667,8.28,-1.87,94.7,784.1,-177.1,0,71
2668,8.07,-1.68,94.7,764.2,-159.1,0,70
2669,8.33,-1.89,94.8,789.7,-179.2,0,70
2670,8.31,-1.89,94.8,787.8,-179.2,0,69
2671,8.45,-2.05,94.8,801.1,-194.3,0,69
2672,8.46,-2.01,94.8,802,-190.5,0,68
2673,8.27,-1.87,94.7,783.2,-177.1,0,68
2674,8.27,-1.15,94.7,783.2,-108.9,0,68
2675,8.37,0.2,94.4,790.1,18.9,0,69
2676,8.37,0.19,94.5,791,18,0,70
2677,8.44,0.15,94.5,797.6,14.2,0,70
2678,8.43,0.17,94.5,796.6,16.1,0,71
2679,8.41,0.19,94.4,793.9,17.9,0,71
2680,8.46,0.32,94.4,798.6,30.2,0,71
2681,8.46,0.32,94.4,798.6,30.2,0,72
2682,8.48,0.17,94.4,800.5,16,0,71
2683,8.41,0.21,94.4,793.9,19.8,0,71
2684,8.47,0.17,94.4,799.6,16,0,71
2685,8.43,0.07,94.4,795.8,6.6,0,71
2686,8.37,-0.05,94.4,790.1,-4.7,0,72
2687,8.42,-0.23,94.4,794.8,-21.7,0,73
2688,8.43,-1.06,94.6,797.5,-100.3,0,73
2689,8.43,-0.96,94.5,796.6,-90.7,0,73
2690,8.36,-1.92,94.7,791.7,-181.8,0,73
2691,8.37,-1.75,94.7,792.6,-165.7,0,73
2692,8.36,-2.15,94.8,792.5,-203.8,0,73
2693,8.33,-1.74,94.7,788.9,-164.8,0,73
2694,8.34,-2.08,94.8,790.6,-197.2,0,73
2695,8.37,-1.82,94.7,792.6,-172.4,0,73
2696,8.38,-1.86,94.7,793.6,-176.1,0,72
2697,8.39,-1.01,94.6,793.7,-95.5,0,72
2698,8.34,-0.78,94.6,789,-73.8,0,72
2699,8.36,-0.82,94.6,790.9,-77.6,0,71
2700,8.45,-0.91,94.6,799.4,-86.1,0,71
2701,8.55,-1.01,94.6,808.8,-95.5,0,71
2702,8.47,-0.97,94.6,801.3,-91.8,0,71
2703,8.26,-0.76,94.5,780.6,-71.8,0,70
2704,8.41,-0.9,94.6,795.6,-85.1,0,70
2705,8.44,-0.94,94.6,798.4,-88.9,0,70
2706,8.36,-0.86,94.6,790.9,-81.4,0,70
2707,8.38,-0.87,94.6,792.7,-82.3,0,69
2708,8.44,-0.92,94.6,798.4,-87,0,69
2709,8.42,-0.92,94.6,796.5,-87,0,69
2710,8.05,-0.59,94.6,761.5,-55.8,0,70
2711,8.28,-0.81,94.6,783.3,-76.6,0,69
2712,8.47,-0.97,94.6,801.3,-91.8,0,68
2713,8.44,-0.92,94.6,798.4,-87,0,67
2714,8.47,-0.98,94.6,801.3,-92.7,0,67
2715,8.44,-0.9,94.6,798.4,-85.1,0,66
2716,8.51,-1.02,94.6,805,-96.5,0,66
2717,8.51,-0.99,94.6,805,-93.7,0,65
2718,8.51,-0.94,94.6,805,-88.9,0,63
2719,8.81,-1.28,94.7,834.3,-121.2,0,61
2720,8.51,-1,94.6,805,-94.6,0,59
2721,8.58,5.02,93.6,803.1,469.9,0,59
2722,8.71,6.68,93.4,813.5,623.9,0,61
2723,8.64,6.71,93.3,806.1,626,0,64
2724,8.72,6.65,93.3,813.6,620.4,0,67
2725,8.62,4.62,93.6,806.8,432.4,0,70
2726,8.41,0.3,94.3,793.1,28.3,0,72
2727,8.41,-1.19,94.6,795.6,-112.6,0,74
2728,8.34,-3.52,94.9,791.5,-334,0,75
2729,8.34,-3.59,95,792.3,-341.1,0,75
2730,8.37,-3.2,94.9,794.3,-303.7,0,75
2731,8.43,-3.17,94.9,800,-300.8,0,74
2732,8.36,-2.89,94.9,793.4,-274.3,0,73
2733,8.48,-3.13,95,805.6,-297.4,0,73
2734,8.2,-2.88,95,779,-273.6,0,72
2735,8.48,-3.11,95,805.6,-295.5,0,71
2736,8.53,-2.06,94.9,809.5,-195.5,0,70
2737,8.52,-2.07,94.9,808.5,-196.4,0,70
2738,8.43,-0.86,94.6,797.5,-81.4,0,69
2739,8.46,-0.94,94.6,800.3,-88.9,0,69
2740,8.47,-0.96,94.6,801.3,-90.8,0,69
2741,8.51,-0.97,94.6,805,-91.8,0,69
2742,8.53,-0.97,94.6,806.9,-91.8,0,69
2743,8.53,-0.99,94.6,806.9,-93.7,0,68
2744,8.48,-0.94,94.6,802.2,-88.9,0,68
2745,8.51,-0.99,94.6,805,-93.7,0,68
2746,8.5,-0.96,94.6,804.1,-90.8,0,69
2747,8.54,-1.01,94.6,807.9,-95.5,0,69
2748,8.56,-1.04,94.6,809.8,-98.4,0,68
2749,8.55,-0.99,94.6,808.8,-93.7,0,68
2750,8.48,-0.95,94.6,802.2,-89.9,0,68
2751,8.5,-0.95,94.6,804.1,-89.9,0,68
2752,8.49,-0.96,94.6,803.2,-90.8,0,68
2753,8.46,-0.97,94.6,800.3,-91.8,0,68
2754,8.49,-0.96,94.6,803.2,-90.8,0,68
2755,8.58,-1.02,94.6,811.7,-96.5,0,68
2756,8.5,-0.98,94.6,804.1,-92.7,0,68
2757,8.49,-0.95,94.6,803.2,-89.9,0,68
2758,8.54,-0.99,94.6,807.9,-93.7,0,68
2759,8.56,-1,94.6,809.8,-94.6,0,67
2760,8.63,-1.08,94.6,816.4,-102.2,0,68
2761,8.53,-0.98,94.7,807.8,-92.8,0,68
2762,8.57,0.06,94.5,809.9,5.7,0,68
2763,8.53,0.09,94.5,806.1,8.5,0,69
2764,8.56,0.06,94.5,808.9,5.7,0,69
2765,8.58,0.03,94.5,810.8,2.8,0,69
2766,8.6,-0.01,94.5,812.7,-0.9,0,70
2767,8.6,0.02,94.5,812.7,1.9,0,70
2768,8.6,0.05,94.5,812.7,4.7,0,70
2769,8.61,0.02,94.5,813.6,1.9,0,70
2770,8.62,0.03,94.5,814.6,2.8,0,70
2771,8.66,-0.03,94.5,818.4,-2.8,0,70
2772,8.56,0.06,94.5,808.9,5.7,0,70
2773,8.6,0.05,94.5,812.7,4.7,0,70
2774,8.63,0.02,94.5,815.5,1.9,0,70
2775,8.56,0.05,94.5,808.9,4.7,0,70
2776,8.34,0.25,94.5,788.1,23.6,0,70
2777,8.45,0.13,94.5,798.5,12.3,0,70
2778,8.68,-0.07,94.5,820.3,-6.6,0,69
2779,8.71,-0.11,94.5,823.1,-10.4,0,68
2780,8.59,-0.01,94.5,811.8,-0.9,0,67
2781,8.55,0.02,94.5,808,1.9,0,67
2782,8.66,-0.07,94.5,818.4,-6.6,0,68
2783,8.64,-0.05,94.5,816.5,-4.7,0,68
2784,8.64,-0.01,94.5,816.5,-0.9,0,69
2785,8.67,-0.05,94.5,819.3,-4.7,0,69
2786,8.69,-0.06,94.5,821.2,-5.7,0,69
2787,8.78,1.84,94.2,827.1,173.3,0,70
2788,8.69,2.05,94.1,817.7,192.9,0,71
2789,8.7,1.65,94.2,819.5,155.4,0,72
2790,8.74,1.92,94.1,822.4,180.7,0,72
2791,8.63,1.45,94.2,812.9,136.6,0,73
2792,8.61,1.13,94.2,811.1,106.4,0,73
2793,8.69,0.84,94.2,818.6,79.1,0,74
2794,8.68,0.56,94.3,818.5,52.8,0,74
2795,8.65,-0.78,94.6,818.3,-73.8,0,74
2796,8.7,-0.9,94.6,823,-85.1,0,74
2797,8.74,-0.83,94.6,826.8,-78.5,0,74
2798,8.67,-1.4,94.7,821,-132.6,0,74
2799,8.41,-1.28,94.7,796.4,-121.2,0,74
2800,8.53,-0.79,94.6,806.9,-74.7,0,73
2801,8.65,-1.1,94.7,819.2,-104.2,0,72
2802,8.71,-1.14,94.7,824.8,-108,0,72
2803,8.73,-1.2,94.7,826.7,-113.6,0,71
2804,8.72,-1.23,94.7,825.8,-116.5,0,71
2805,8.73,-1.22,94.7,826.7,-115.5,0,70
2806,8.75,-1.27,94.7,828.6,-120.3,0,70
2807,8.7,-1.24,94.7,823.9,-117.4,0,69
2808,8.75,-1.26,94.8,829.5,-119.4,0,68
2809,8.7,-1.19,94.7,823.9,-112.7,0,67
2810,8.74,-1.23,94.6,826.8,-116.4,0,67
2811,8.71,0.87,94.4,822.2,82.1,0,68
2812,8.73,0.88,94.4,824.1,83.1,0,68
2813,8.77,1.82,94.2,826.1,171.4,0,68
2814,8.71,1.88,94.2,820.5,177.1,0,69
2815,8.52,2.13,94.1,801.7,200.4,0,70
2816,8.66,1.98,94.1,814.9,186.3,0,70
2817,8.77,1.8,94.2,826.1,169.6,0,70
2818,8.74,1.67,94.2,823.3,157.3,0,71
2819,8.81,2.01,94.1,829,189.1,0,71
2820,8.74,2.16,94.1,822.4,203.3,0,71
2821,8.64,2.17,94.1,813,204.2,0,71
2822,8.76,1.94,94.1,824.3,182.6,0,72
2823,8.63,1.48,94.2,812.9,139.4,0,72
2824,8.67,1.56,94.2,816.7,147,0,73
2825,8.66,0.75,94.3,816.6,70.7,0,73
2826,8.77,-0.67,94.5,828.8,-63.3,0,73
2827,8.75,-0.11,94.4,826,-10.4,0,73
2828,8.94,-0.81,94.6,845.7,-76.6,0,73
2829,8.65,-0.26,94.5,817.4,-24.6,0,73
2830,8.84,-0.82,94.6,836.3,-77.6,0,74
2831,8.72,-0.47,94.5,824,-44.4,0,73
2832,8.86,-0.4,94.5,837.3,-37.8,0,73
2833,8.97,-0.47,94.5,847.7,-44.4,0,73
2834,8.81,-1.45,94.7,834.3,-137.3,0,73
2835,8.93,-1.39,94.7,845.7,-131.6,0,72
2836,9.02,-1.54,94.7,854.2,-145.8,0,72
2837,8.99,-1.49,94.7,851.4,-141.1,0,71
2838,8.95,-1.45,94.7,847.6,-137.3,0,71
2839,9.05,-1.51,94.7,857,-143,0,71
2840,8.99,-1.5,94.8,852.3,-142.2,0,71
2841,9.11,-1.59,94.7,862.7,-150.6,0,70
2842,9.13,-1.65,94.8,865.5,-156.4,0,70
2843,9.16,-1.66,94.8,868.4,-157.4,0,70
2844,9.06,-1.55,94.8,858.9,-146.9,0,71
2845,9.21,-1.69,94.8,873.1,-160.2,0,71
2846,9.26,-1.73,94.8,877.8,-164,0,71
2847,9.14,-1.65,94.8,866.5,-156.4,0,71
2848,9.16,-1.65,94.8,868.4,-156.4,0,71
2849,9.17,-1.67,94.8,869.3,-158.3,0,71
2850,9.19,-1.66,94.9,872.1,-157.5,0,71
2851,9.2,-1.69,94.8,872.2,-160.2,0,71
2852,9.24,-1.69,94.8,876,-160.2,0,71
2853,9.33,-1.81,94.8,884.5,-171.6,0,70
2854,9.29,-1.79,94.9,881.6,-169.9,0,70
2855,9.34,-1.83,94.9,886.4,-173.7,0,69
2856,9.38,-1.89,94.9,890.2,-179.4,0,69
2857,9.39,-1.89,94.9,891.1,-179.4,0,68
2858,9.39,-1.91,94.9,891.1,-181.3,0,68
2859,9.38,-1.85,94.9,890.2,-175.6,0,67
2860,9.36,-1.85,95,889.2,-175.8,0,67
2861,9.38,-1.86,94.9,890.2,-176.5,0,67
2862,9.41,-1.9,94.9,893,-180.3,0,67
2863,9.35,-1.85,95,888.3,-175.8,0,66
2864,9.39,-1.89,95,892.1,-179.6,0,66
2865,9.3,-1.79,94.9,882.6,-169.9,0,66
2866,9.39,-1.65,94.9,891.1,-156.6,0,66
2867,9.45,1.2,94.5,893,113.4,0,66
2868,9.49,2.16,94.2,894,203.5,0,67
2869,9.48,2.18,94.2,893,205.4,0,68
2870,9.48,2.19,94.2,893,206.3,0,69
2871,9.47,2.09,94.2,892.1,196.9,0,70
2872,9.45,2.02,94.2,890.2,190.3,0,71
2873,9.48,1.78,94.2,893,167.7,0,71
2874,9.55,1.56,94.2,899.6,147,0,72
2875,9.51,1.77,94.2,895.8,166.7,0,72
2876,9.52,1.68,94.2,896.8,158.3,0,72
2877,9.36,-5.67,95.3,892,-540.4,0,72
2878,9.45,-2.97,95,897.8,-282.2,0,71
2879,9.48,-1.93,94.9,899.7,-183.2,0,70
2880,9.28,-1.72,94.8,879.7,-163.1,0,70
2881,9.17,-1.65,94.8,869.3,-156.4,0,69
2882,9.23,-1.71,94.8,875,-162.1,0,69
2883,9.2,-1.65,94.8,872.2,-156.4,0,69
2884,9.39,-1.84,95,892.1,-174.8,0,68
2885,9.24,-1.71,94.9,876.9,-162.3,0,68
2886,9.36,-1.82,94.9,888.3,-172.7,0,68
2887,9.23,-1.73,94.9,875.9,-164.2,0,67
2888,9.15,-1.62,94.9,868.3,-153.7,0,67
2889,9.09,-1.57,94.8,861.7,-148.8,0,66
2890,8.94,-1.46,94.8,847.5,-138.4,0,66
2891,8.65,-1.16,94.8,820,-110,0,67
2892,8.94,-1.46,94.9,848.4,-138.6,0,66
2893,9.07,-1.58,94.9,860.7,-149.9,0,66
2894,9.14,-1.67,94.9,867.4,-158.5,0,66
2895,9.41,1.23,94.4,888.3,116.1,0,67
2896,9.2,1.44,94.3,867.6,135.8,0,68
2897,9.42,1.22,94.4,889.2,115.2,0,68
2898,9.45,1.23,94.4,892.1,116.1,0,69
2899,9.43,1.23,94.3,889.2,116,0,69
2900,9.45,1.25,94.3,891.1,117.9,0,70
2901,9.21,1.47,94.2,867.6,138.5,0,70
2902,9.4,1.45,94.3,886.4,136.7,0,71
2903,9.43,1.13,94.3,889.2,106.6,0,71
2904,9.47,1.08,94.3,893,101.8,0,71
2905,8.4,2.13,94.1,790.4,200.4,0,72
2906,9.27,1.34,94.3,874.2,126.4,0,72
2907,9.33,1.24,94.2,878.9,116.8,0,72
2908,9.53,1.46,94.2,897.7,137.5,0,71
2909,9.56,4.26,93.8,896.7,399.6,0,70
2910,9.63,4.79,93.6,901.4,448.3,0,69
2911,9.57,4.97,93.6,895.8,465.2,0,69
2912,9.65,4.9,93.6,903.2,458.6,0,67
2913,9.54,4.98,93.6,892.9,466.1,0,67
2914,9.6,4.96,93.6,898.6,464.3,0,67
2915,9.65,4.91,93.6,903.2,459.6,0,67
2916,9.69,4.84,93.6,907,453,0,67
2917,9.63,4.91,93.5,900.4,459.1,0,68
2918,9.6,4.83,93.5,897.6,451.6,0,68
2919,9.67,4.87,93.5,904.1,455.3,0,69
2920,9.75,4.92,93.5,911.6,460,0,69
2921,9.56,4.77,93.5,893.9,446,0,69
2922,9.67,4.85,93.5,904.1,453.5,0,69
2923,9.71,4.92,93.5,907.9,460,0,68
2924,9.62,4.91,93.4,898.5,458.6,0,68
2925,9.61,4.98,93.4,897.6,465.1,0,68
2926,9.64,4.66,93.5,901.3,435.7,0,70
2927,9.41,3.86,93.6,880.8,361.3,0,71
2928,9.59,2.76,93.7,898.6,258.6,0,72
2929,9.47,1.82,93.9,889.2,170.9,0,73
2930,9.52,1.5,94,894.9,141,0,73
2931,9.58,1.79,93.9,899.6,168.1,0,73
2932,9.23,2.65,93.8,865.8,248.6,0,73
2933,9.51,2.09,93.9,893,196.3,0,73
2934,9.48,1.31,94,891.1,123.1,0,73
2935,9.46,0.98,94.1,890.2,92.2,0,73
2936,9.41,0.46,94.2,886.4,43.3,0,74
2937,9.45,0.21,94.3,891.1,19.8,0,74
2938,9.47,0.26,94.2,892.1,24.5,0,74
2939,9.45,-0.55,94.3,891.1,-51.9,0,74
2940,9.26,-0.91,94.5,875.1,-86,0,75
2941,9.4,-0.63,94.4,887.4,-59.5,0,75
2942,9.37,-0.34,94.4,884.5,-32.1,0,75
2943,9.44,-0.53,94.4,891.1,-50,0,74
2944,9.47,0.09,94.3,893,8.5,0,74
2945,9.55,0.15,94.3,900.6,14.1,0,73
2946,9.25,1.14,94.1,870.4,107.3,0,73
2947,9.35,1.1,94.2,880.8,103.6,0,73
2948,9.47,1.06,94.2,892.1,99.9,0,72
2949,9.49,1.59,94.1,893,149.6,0,72
2950,9.54,1.62,94,896.8,152.3,0,72
2951,9.49,2.08,93.9,891.1,195.3,0,72
2952,9.29,1.3,94.1,874.2,122.3,0,73
2953,9.28,0.44,94.3,875.1,41.5,0,74
2954,9.41,-0.31,94.3,887.4,-29.2,0,74
2955,9.31,-1.81,94.6,880.7,-171.2,0,75
2956,9.28,-3.02,94.8,879.7,-286.3,0,76
2957,9.16,-3.12,94.8,868.4,-295.8,0,76
2958,9.23,-3.38,94.9,875.9,-320.8,0,76
2959,9.17,-4.51,95.1,872.1,-428.9,0,77
2960,9.27,-4.36,95.1,881.6,-414.6,0,77
2961,9.39,-2.74,94.8,890.2,-259.8,0,76
2962,9.4,-1.61,94.7,890.2,-152.5,0,75
2963,9.34,-0.9,94.6,883.6,-85.1,0,74
2964,9.42,-0.87,94.6,891.1,-82.3,0,74
2965,9.45,-0.54,94.5,893,-51,0,73
2966,9.6,-0.92,94.6,908.2,-87,0,71
2967,9.56,-0.91,94.5,903.4,-86,0,69
2968,9.52,-0.82,94.5,899.6,-77.5,0,68
2969,9.56,-0.9,94.6,904.4,-85.1,0,67
2970,9.27,-0.66,94.5,876,-62.4,0,67
2971,9.58,-0.95,94.6,906.3,-89.9,0,67
2972,9.29,-0.65,94.5,877.9,-61.4,0,67
2973,9.45,-0.86,94.6,894,-81.4,0,67
2974,9.38,-0.76,94.5,886.4,-71.8,0,67
2975,9.43,-0.79,94.5,891.1,-74.7,0,67
2976,9.35,-0.72,94.6,884.5,-68.1,0,67
2977,9.34,-0.7,94.6,883.6,-66.2,0,67
2978,9.5,-0.84,94.5,897.8,-79.4,0,68
2979,9.46,-0.83,94.6,894.9,-78.5,0,68
2980,9.52,-0.9,94.6,900.6,-85.1,0,67
2981,9.44,-0.82,94.5,892.1,-77.5,0,67
2982,9.47,-0.83,94.6,895.9,-78.5,0,67
2983,9.47,-0.86,94.6,895.9,-81.4,0,66
2984,9.48,-0.84,94.5,895.9,-79.4,0,66
2985,9.32,-0.75,94.6,881.7,-71,0,66
2986,9.41,-0.84,94.6,890.2,-79.5,0,66
2987,9.5,0,94.4,896.8,0,0,67
2988,9.44,-0.84,94.6,893,-79.5,0,67
2989,9.55,-0.93,94.6,903.4,-88,0,68
2990,9.46,-0.84,94.5,894,-79.4,0,68
2991,9.37,-0.76,94.5,885.5,-71.8,0,69
2992,9.35,-0.77,94.5,883.6,-72.8,0,70
2993,9.41,-0.73,94.5,889.2,-69,0,71
2994,9.56,-0.61,94.5,903.4,-57.6,0,72
2995,9.35,-2.77,94.9,887.3,-262.9,0,73
2996,9.47,-2.02,94.8,897.8,-191.5,0,74
2997,9.44,-2.26,94.8,894.9,-214.2,0,74
2998,9.43,-2.16,94.8,894,-204.8,0,74
2999,9.59,-2.19,94.9,910.1,-207.8,0,73
3000,9.57,-1.78,94.8,907.2,-168.7,0,73
3001,9.55,-1.78,94.8,905.3,-168.7,0,73
3002,9.53,-1.74,94.8,903.4,-165,0,73
3003,9.4,-4.05,95.2,894.9,-385.6,0,73
3004,9.41,-6.27,95.5,898.7,-598.8,0,73
3005,9.4,-6.25,95.5,897.7,-596.9,0,71
3006,9.51,-6.38,95.6,909.2,-609.9,0,70
3007,9.29,-6.18,95.6,888.1,-590.8,0,69
3008,9.28,-6.17,95.6,887.2,-589.9,0,69
3009,9.2,-6.1,95.6,879.5,-583.2,0,69
3010,9.3,-6.18,95.6,889.1,-590.8,0,70
3011,9.29,-6.2,95.6,888.1,-592.7,0,70
3012,9.17,-6.08,95.6,876.7,-581.2,0,70
3013,9.25,-6.14,95.6,884.3,-587,0,69
3014,9.27,-6.18,95.6,886.2,-590.8,0,68
3015,9.3,-6.23,95.7,890,-596.2,0,66
3016,9.3,-3.81,95.3,886.3,-363.1,0,64
3017,9.33,-0.68,94.8,884.5,-64.5,0,65
3018,9.39,-0.76,94.9,891.1,-72.1,0,65
3019,9.2,2.41,94.3,867.6,227.3,0,65
3020,9.26,2.41,94.2,872.3,227,0,66
3021,9.12,2.5,94.2,859.1,235.5,0,67
3022,9.29,2.35,94.2,875.1,221.4,0,69
3023,9.27,2.12,94.3,874.2,199.9,0,71
3024,9.13,1.47,94.3,861,138.6,0,74
3025,8.96,-1.71,94.8,849.4,-162.1,0,76
3026,8.91,-4.9,95.3,849.1,-467,0,78
3027,8.81,-8.05,95.8,844,-771.2,0,79
3028,9.04,-8.22,95.9,866.9,-788.3,0,79
3029,9.27,-6.34,95.6,886.2,-606.1,0,78
3030,9.44,-3.36,95.2,898.7,-319.9,0,77
3031,8.94,-1.07,94.9,848.4,-101.5,0,75
3032,9.21,-0.17,94.7,872.2,-16.1,0,75
3033,9.12,0.33,94.6,862.8,31.2,0,74
3034,9.1,0.75,94.5,860,70.9,0,74
3035,9.09,1.73,94.3,857.2,163.1,0,74
3036,9.22,3.46,94.1,867.6,325.6,0,72
3037,9.31,6.72,93.5,870.5,628.3,0,70
3038,9.41,10.05,92.9,874.2,933.6,0,68
3039,9.39,11.11,92.7,870.5,1029.9,0,68
3040,9.4,9.82,92.9,873.3,912.3,0,68
3041,9.31,8.43,93,865.8,784,0,69
3042,9.34,7.17,93.2,870.5,668.2,0,70
3043,9.21,5.03,93.5,861.1,470.3,0,71
3044,9.18,3.59,93.8,861.1,336.7,0,72
3045,9.15,2.42,94,860.1,227.5,0,73
3046,9.15,2.03,94,860.1,190.8,0,73
3047,8.99,-3.15,94.9,853.2,-298.9,0,73
3048,9,-3.72,95,855,-353.4,0,71
3049,8.97,-3.65,95,852.2,-346.8,0,70
3050,9.04,-3.75,95,858.8,-356.3,0,68
3051,8.99,-1.79,94.7,851.4,-169.5,0,66
3052,9.04,0.57,94.5,854.3,53.9,0,67
3053,9.05,0.55,94.4,854.3,51.9,0,67
3054,9.05,0.53,94.4,854.3,50,0,67
3055,8.99,0.59,94.4,848.7,55.7,0,67
3056,9.02,0.59,94.4,851.5,55.7,0,66
3057,8.99,1.56,94.2,846.9,147,0,65
3058,9.06,1.48,94.2,853.5,139.4,0,65
3059,9.15,1.39,94.2,861.9,130.9,0,64
3060,9.07,1.48,94.2,854.4,139.4,0,63
3061,9.11,1.38,94.2,858.2,130,0,63
3062,9.14,1.45,94.2,861,136.6,0,62
3063,9.18,3.36,93.9,862,315.5,0,62
3064,9.26,3.32,93.9,869.5,311.7,0,62
3065,9.24,3.26,93.9,867.6,306.1,0,63
3066,9.12,3.39,93.9,856.4,318.3,0,65
3067,9.19,3.34,93.9,862.9,313.6,0,67
3068,9.15,3.38,93.8,858.3,317,0,68
3069,9.18,3.35,93.8,861.1,314.2,0,69
3070,9.11,3.49,93.7,853.6,327,0,70
3071,8.99,3.5,93.8,843.3,328.3,0,69
3072,9.24,3.31,93.8,866.7,310.5,0,68
3073,9.22,3.29,93.8,864.8,308.6,0,68
3074,9.19,3.35,93.7,861.1,313.9,0,68
3075,9.29,3.23,93.8,871.4,303,0,70
3076,9.2,2.5,93.9,863.9,234.8,0,71
3077,9.2,0.52,94.2,866.6,49,0,73
3078,9.22,0.59,94.2,868.5,55.6,0,73
3079,9.16,0.27,94.2,862.9,25.4,0,74
3080,9.12,0.15,94.3,860,14.1,0,74
3081,9.11,0,94.3,859.1,0,0,74
3082,9.1,0.1,94.3,858.1,9.4,0,74
3083,9.14,0.02,94.3,861.9,1.9,0,74
3084,9.08,-0.07,94.4,857.2,-6.6,0,74
3085,9.04,-0.63,94.5,854.3,-59.5,0,74
3086,9.09,-0.23,94.4,858.1,-21.7,0,73
3087,9.14,-0.05,94.3,861.9,-4.7,0,73
3088,9.16,0.41,94.3,863.8,38.7,0,73
3089,9.09,0.64,94.3,857.2,60.4,0,72
3090,9.11,0.45,94.3,859.1,42.4,0,72
3091,9.17,0.17,94.3,864.7,16,0,72
3092,9.17,0.03,94.4,865.6,2.8,0,72
3093,9.12,0.42,94.3,860,39.6,0,72
3094,9,0.73,94.3,848.7,68.8,0,72
3095,9.13,0.55,94.3,861,51.9,0,72
3096,9.12,0.07,94.3,860,6.6,0,72
3097,9.03,-0.75,94.5,853.3,-70.9,0,72
3098,9.25,-0.61,94.5,874.1,-57.6,0,72
3099,9.21,-0.41,94.4,869.4,-38.7,0,72
3100,9.14,-0.84,94.5,863.7,-79.4,0,72
3101,9.02,-0.55,94.4,851.5,-51.9,0,71
3102,9.19,-0.64,94.5,868.5,-60.5,0,71
3103,9.19,-0.64,94.5,868.5,-60.5,0,71
3104,9.21,-0.64,94.5,870.3,-60.5,0,71
3105,9.13,-0.56,94.5,862.8,-52.9,0,70
3106,9.15,-0.58,94.5,864.7,-54.8,0,70
3107,9.17,-0.61,94.5,866.6,-57.6,0,70
3108,9.15,-0.63,94.5,864.7,-59.5,0,70
3109,9.2,-0.66,94.5,869.4,-62.4,0,70
3110,9.12,-0.56,94.5,861.8,-52.9,0,70
3111,9.15,-0.62,94.5,864.7,-58.6,0,69
3112,7.08,1.1,94.3,667.6,103.7,0,69
3113,7.09,1.13,94.2,667.9,106.4,0,68
3114,7.14,1.1,94.2,672.6,103.6,0,68
3115,7.09,1.12,94.2,667.9,105.5,0,67
3116,7.05,1.17,94.2,664.1,110.2,0,67
3117,7.13,1.11,94.2,671.6,104.6,0,68
3118,7.21,1.02,94.2,679.2,96.1,0,69
3119,7.07,1.15,94.2,666,108.3,0,69
3120,7.12,1.14,94.2,670.7,107.4,0,70
3121,7.09,1.19,94.2,667.9,112.1,0,71
3122,7.11,1.32,94.1,669.1,124.2,0,72
3123,7.15,1.3,94.2,673.5,122.5,0,72
3124,7.07,0.89,94.3,666.7,83.9,0,72
3125,7.05,1.27,94.1,663.4,119.5,0,72
3126,7.09,1.35,94.1,667.2,127,0,72
3127,7.09,1.17,94.1,667.2,110.1,0,71
3128,7.11,1.06,94.2,669.8,99.9,0,71
3129,7.12,1.02,94.2,670.7,96.1,0,71
3130,7.18,1.05,94.2,676.4,98.9,0,71
3131,7.1,1.16,94.2,668.8,109.3,0,70
3132,7.13,1.1,94.2,671.6,103.6,0,70
3133,7.08,1.16,94.2,666.9,109.3,0,69
3134,7.11,1.1,94.2,669.8,103.6,0,69
3135,7.07,1.15,94.2,666,108.3,0,69
3136,7.13,1.1,94.2,671.6,103.6,0,69
3137,7.11,1.09,94.2,669.8,102.7,0,68
3138,7.15,1.1,94.2,673.5,103.6,0,68
3139,7.12,1.11,94.2,670.7,104.6,0,68
3140,7.13,1.12,94.2,671.6,105.5,0,67
3141,7.13,1.11,94.2,671.6,104.6,0,67
3142,7.11,1.15,94.2,669.8,108.3,0,67
3143,7.11,1.17,94.1,669.1,110.1,0,66
3144,7.15,1.12,94.2,673.5,105.5,0,66
3145,7.14,1.41,94.1,671.9,132.7,0,66
3146,7.14,3.09,93.9,670.4,290.2,0,66
3147,7.2,3.04,93.8,675.4,285.2,0,67
3148,7.17,3.64,93.7,671.8,341.1,0,67
3149,7.24,3.97,93.6,677.7,371.6,0,68
3150,7.21,4.05,93.6,674.9,379.1,0,69
3151,7.24,3.03,93.7,678.4,283.9,0,70
3152,7.17,2.58,93.8,672.5,242,0,72
3153,7.15,2.27,93.9,671.4,213.2,0,73
3154,7.18,0.78,94.1,675.6,73.4,0,74
3155,7.15,-0.73,94.3,674.2,-68.8,0,75
3156,7.11,-1.46,94.5,671.9,-138,0,75
3157,7.06,-2.22,94.6,667.9,-210,0,75
3158,7.15,-2.25,94.7,677.1,-213.1,0,75
3159,7.08,-2.26,94.7,670.5,-214,0,75
3160,7.09,-2.3,94.7,671.4,-217.8,0,75
3161,7.11,-2.39,94.8,674,-226.6,0,75
3162,7.05,-2.47,94.7,667.6,-233.9,0,75
3163,7.07,-2.25,94.7,669.5,-213.1,0,75
3164,7.07,-2.04,94.7,669.5,-193.2,0,75
3165,7.09,-1.95,94.7,671.4,-184.7,0,74
3166,7.04,-1.79,94.7,666.7,-169.5,0,73
3167,7.11,-1.88,94.7,673.3,-178,0,73
3168,7.13,-1.86,94.6,674.5,-176,0,72
3169,7.14,-1.9,94.7,676.2,-179.9,0,71
3170,7.1,-1.88,94.7,672.4,-178,0,71
3171,7.24,-1.99,94.7,685.6,-188.5,0,70
3172,7.08,-1.87,94.7,670.5,-177.1,0,69
3173,7.13,-1.9,94.8,675.9,-180.1,0,68
3174,7.06,-1.78,94.6,667.9,-168.4,0,68
3175,7.16,0.46,94.4,675.9,43.4,0,68
3176,7.16,1.19,94.2,674.5,112.1,0,69
3177,7.16,1.2,94.2,674.5,113,0,70
3178,7.23,1.21,94.2,681.1,114,0,71
3179,7.28,1.29,94.2,685.8,121.5,0,72
3180,7.28,0.83,94.2,685.8,78.2,0,72
3181,7.27,0.99,94.2,684.8,93.3,0,72
3182,7.24,1.36,94.1,681.3,128,0,72
3183,7.19,0.91,94.2,677.3,85.7,0,72
3184,7.21,1.39,94.1,678.5,130.8,0,72
3185,7.24,1.26,94.1,681.3,118.6,0,71
3186,7.23,1.3,94.1,680.3,122.3,0,71
3187,7.2,1.16,94.2,678.2,109.3,0,71
3188,7.22,1.2,94.2,680.1,113,0,70
3189,7.18,1.15,94.2,676.4,108.3,0,70
3190,7.17,1.16,94.2,675.4,109.3,0,70
3191,7.24,1.07,94.2,682,100.8,0,70
3192,7.19,1.13,94.2,677.3,106.4,0,70
3193,7.18,1.14,94.2,676.4,107.4,0,70
3194,7.24,1.09,94.2,682,102.7,0,70
3195,7.27,1.08,94.2,684.8,101.7,0,70
3196,7.29,1.18,94.1,686,111,0,71
3197,7.17,1.36,94.1,674.7,128,0,72
3198,7.22,1.26,94.1,679.4,118.6,0,72
3199,7.22,1.28,94.1,679.4,120.4,0,72
3200,7.22,1.05,94.1,679.4,98.8,0,73
3201,7.22,0.97,94.1,679.4,91.3,0,72
3202,7.21,0.9,94.2,679.2,84.8,0,72
3203,7.21,1.36,94,677.7,127.8,0,72
3204,7.26,1.16,94.1,683.2,109.2,0,72
3205,7.2,1.03,94.2,678.2,97,0,71
3206,7.32,1.07,94.1,688.8,100.7,0,71
3207,7.24,1.21,94.1,681.3,113.9,0,71
3208,7.32,1.04,94.1,688.8,97.9,0,71
3209,7.32,1.02,94.1,688.8,96,0,71
3210,7.27,1.2,94.1,684.1,112.9,0,71
3211,7.3,1.02,94.1,686.9,96,0,71
3212,7.27,0.98,94.2,684.8,92.3,0,71
3213,7.3,1.1,94.1,686.9,103.5,0,71
3214,7.34,1.02,94.1,690.7,96,0,71
3215,7.29,1.01,94.1,686,95,0,71
3216,7.29,1.12,94.1,686,105.4,0,71
3217,7.27,1.08,94.1,684.1,101.6,0,71
3218,7.3,1.05,94.1,686.9,98.8,0,70
3219,7.3,1.07,94.1,686.9,100.7,0,71
3220,7.3,0.95,94.1,686.9,89.4,0,71
3221,7.33,0.91,94.1,689.8,85.6,0,71
3222,7.35,0.8,94.1,691.6,75.3,0,72
3223,7.3,0.88,94.1,686.9,82.8,0,72
3224,7.3,1.27,94,686.2,119.4,0,72
3225,7.3,0.8,94.1,686.9,75.3,0,72
3226,7.27,1.34,94,683.4,126,0,72
3227,7.22,0.95,94.1,679.4,89.4,0,72
3228,7.27,0.95,94.1,684.1,89.4,0,72
3229,7.25,1.1,94.1,682.2,103.5,0,71
3230,7.21,1.08,94.1,678.5,101.6,0,71
3231,7.28,1.06,94.1,685,99.7,0,70
3232,7.3,1.11,94.1,686.9,104.5,0,70
3233,7.3,1.06,94.1,686.9,99.7,0,70
3234,7.26,1.09,94,682.4,102.5,0,70
3235,7.24,-0.99,94.4,683.5,-93.5,0,69
3236,7.23,-0.99,94.5,683.2,-93.6,0,69
3237,7.15,-1.99,94.6,676.4,-188.3,0,69
3238,7.14,-3.05,94.8,676.9,-289.1,0,68
3239,6.75,-28.05,98.6,665.6,-2765.7,0,66
3240,7.55,-6.75,95.5,721,-644.6,0,61
3241,7.14,-4.8,95.2,679.7,-457,0,60
3242,7.1,-5.31,95.3,676.6,-506,0,58
3243,7.12,-3.68,95,676.4,-349.6,0,57
3244,7.12,-3.72,95,676.4,-353.4,0,56
3245,7.32,3.26,93.9,687.3,306.1,0,57
3246,7.31,4.6,93.6,684.2,430.6,0,59
3247,7.41,7.81,93.1,689.9,727.1,0,63
3248,7.41,7.78,93.1,689.9,724.3,0,66
3249,7.3,3.31,93.8,684.7,310.5,0,69
3250,6.76,-19.34,97.3,657.7,-1881.8,0,66
3251,7.46,-6.77,95.4,711.7,-645.9,0,62
3252,7.45,-6.65,95.5,711.5,-635.1,0,59
3253,7.41,-5.86,95.4,706.9,-559,0,58
3254,7.51,-4.02,95.1,714.2,-382.3,0,57
3255,7.46,-3.97,95.1,709.4,-377.5,0,56
3256,7.21,-3.53,95,685,-335.4,0,55
3257,7.13,-2.57,95,677.4,-244.2,0,55
3258,7.06,-0.42,94.6,667.9,-39.7,0,55
3259,7.18,-0.56,94.6,679.2,-53,0,55
3260,7.1,0.47,94.5,671,44.4,0,56
3261,6.8,2.64,94,639.2,248.2,0,57
3262,7.17,2.31,94.1,674.7,217.4,0,58
3263,7.11,2.37,94,668.3,222.8,0,60
3264,7.13,2.38,94,670.2,223.7,0,61
3265,7.11,2.36,94,668.3,221.8,0,62
3266,7.13,2.36,94,670.2,221.8,0,62
3267,7.29,2.16,94,685.3,203,0,63
3268,7.15,2.35,94,672.1,220.9,0,64
3269,7.2,1.24,94.2,678.2,116.8,0,64
3270,7.17,1.32,94.2,675.4,124.3,0,65
3271,7.08,0.09,94.3,667.6,8.5,0,65
3272,7.1,-0.55,94.4,670.2,-51.9,0,65
3273,7.11,-0.61,94.5,671.9,-57.6,0,65
3274,7.15,-0.75,94.5,675.7,-70.9,0,64
3275,7.14,-1.86,94.6,675.4,-176,0,63
3276,7.11,-1.74,94.6,672.6,-164.6,0,62
3277,7.13,-1.85,94.7,675.2,-175.2,0,62
3278,7.06,-1.71,94.6,667.9,-161.8,0,61
3279,7.07,-1.63,94.6,668.8,-154.2,0,62
3280,7.05,-1.66,94.6,666.9,-157,0,61
3281,7.05,-1.66,94.6,666.9,-157,0,61
3282,7.14,-1.74,94.6,675.4,-164.6,0,61
3283,7.16,-1.83,94.7,678.1,-173.3,0,61
3284,7.17,1.41,94.2,675.4,132.8,0,62
3285,7.16,4.24,93.7,670.9,397.3,0,63
3286,7.05,3.39,93.8,661.3,318,0,64
3287,7.14,3.24,93.8,669.7,303.9,0,65
3288,6.95,3.45,93.8,651.9,323.6,0,66
3289,6.91,3.46,93.7,647.5,324.2,0,67
3290,6.99,3.37,93.8,655.7,316.1,0,68
3291,6.99,3.41,93.7,655,319.5,0,69
3292,7.27,3.2,93.8,681.9,300.2,0,70
3293,7.18,3,93.8,673.5,281.4,0,71
3294,7.26,2.6,93.8,681,243.9,0,72
3295,7.17,2.32,93.8,672.5,217.6,0,73
3296,7.22,1.85,93.9,678,173.7,0,73
3297,7.2,2.33,93.9,676.1,218.8,0,73
3298,7.24,2.69,93.8,679.1,252.3,0,73
3299,7.22,2.83,93.8,677.2,265.5,0,72
3300,7.22,2.84,93.7,676.5,266.1,0,72
3301,7.28,3.21,93.7,682.1,300.8,0,72
3302,7.21,2.46,93.8,676.3,230.7,0,72
3303,7.21,2.36,93.8,676.3,221.4,0,73
3304,7.18,1.5,93.9,674.2,140.9,0,74
3305,7.26,0.95,94,682.4,89.3,0,74
3306,7.1,1.03,94,667.4,96.8,0,74
3307,7.31,0.87,94.1,687.9,81.9,0,74
3308,7.21,0.45,94.1,678.5,42.3,0,73
3309,6.93,1.6,93.9,650.7,150.2,0,73
3310,6.99,1.4,94,657.1,131.6,0,72
3311,6.94,1.55,94,652.4,145.7,0,71
3312,7.07,1.33,94,664.6,125,0,70
3313,7.04,1.34,94,661.8,126,0,70
3314,7.07,1.32,94,664.6,124.1,0,69
3315,6.98,1.37,94,656.1,128.8,0,69
3316,7.08,1.3,94,665.5,122.2,0,69
3317,7.35,1.09,94,690.9,102.5,0,68
3318,7.4,1.05,94,695.6,98.7,0,67
3319,7.26,1.11,94,682.4,104.3,0,67
3320,7.45,0.98,94,700.3,92.1,0,66
3321,7.32,1.09,94,688.1,102.5,0,66
3322,7.32,1.11,94,688.1,104.3,0,66
3323,7.36,1.05,94,691.8,98.7,0,66
3324,7.44,1.06,94,699.4,99.6,0,66
3325,7.52,6.81,93.1,700.1,634,0,67
3326,7.4,6.42,93.1,688.9,597.7,0,69
3327,7.43,5.83,93.2,692.5,543.4,0,70
3328,7.34,4.71,93.4,685.6,439.9,0,71
3329,7.41,4.32,93.4,692.1,403.5,0,72
3330,7.4,4.62,93.3,690.4,431,0,72
3331,7.37,4.81,93.3,687.6,448.8,0,72
3332,7.4,4.83,93.3,690.4,450.6,0,71
3333,7.33,5.61,93.2,683.2,522.9,0,70
3334,7.34,5.96,93.1,683.4,554.9,0,70
3335,7.41,5.76,93.1,689.9,536.3,0,69
3336,7.5,5.92,93.1,698.3,551.2,0,69
3337,7.5,5.79,93.1,698.3,539,0,69
3338,7.5,5.77,93,697.5,536.6,0,68
3339,7.5,5.78,93.1,698.3,538.1,0,68
3340,7.49,5.83,93,696.6,542.2,0,67
3341,7.49,5.81,93,696.6,540.3,0,66
3342,7.57,7.69,92.7,701.7,712.9,0,66
3343,7.59,7.62,92.7,703.6,706.4,0,66
3344,7.62,7.73,92.6,705.6,715.8,0,67
3345,7.56,7.69,92.6,700.1,712.1,0,68
3346,7.48,7.4,92.7,693.4,686,0,69
3347,7.48,6.89,92.7,693.4,638.7,0,69
3348,7.53,6.03,92.9,699.5,560.2,0,70
3349,7.46,5.44,93,693.8,505.9,0,71
3350,7.22,4.68,93,671.5,435.2,0,71
3351,7.25,4.48,93.1,675,417.1,0,71
3352,7.19,4.47,93.1,669.4,416.2,0,71
3353,7.29,3.87,93.2,679.4,360.7,0,71
3354,7.27,3.77,93.2,677.6,351.4,0,71
3355,7.32,3.56,93.3,683,332.1,0,72
3356,7.26,2.64,93.4,678.1,246.6,0,72
3357,7.42,2.46,93.5,693.8,230,0,72
3358,7.5,2.45,93.5,701.3,229.1,0,72
3359,7.53,2.08,93.6,704.8,194.7,0,72
3360,7.41,-1.32,94.1,697.3,-124.2,0,72
3361,7.38,-5.52,94.8,699.6,-523.3,0,70
3362,7.41,-0.93,94.1,697.3,-87.5,0,68
3363,7.6,6.28,93,706.8,584,0,69
3364,7.67,6.71,92.9,712.5,623.4,0,71
3365,7.58,4.91,93,704.9,456.6,0,72
3366,7.54,3.47,93.3,703.5,323.8,0,72
3367,7.51,3.55,93.3,700.7,331.2,0,72
3368,7.52,4.42,93.2,700.9,411.9,0,72
3369,7.56,3.88,93.2,704.6,361.6,0,72
3370,7.54,4.25,93.2,702.7,396.1,0,72
3371,7.63,4.29,93.1,710.4,399.4,0,72
3372,7.63,3.91,93.2,711.1,364.4,0,72
3373,7.56,4.3,93.1,703.8,400.3,0,72
3374,7.54,3.55,93.2,702.7,330.9,0,72
3375,7.63,3.14,93.3,711.9,293,0,73
3376,7.54,2.84,93.4,704.2,265.3,0,73
3377,7.55,3,93.3,704.4,279.9,0,73
3378,7.56,2.63,93.4,706.1,245.6,0,73
3379,7.49,2.15,93.5,700.3,201,0,73
3380,7.59,2.58,93.3,708.1,240.7,0,73
3381,7.6,1.92,93.5,710.6,179.5,0,73
3382,7.58,2.35,93.4,708,219.5,0,73
3383,7.64,2.13,93.5,714.3,199.2,0,73
3384,7.66,3.25,93.3,714.7,303.2,0,72
3385,7.67,4.23,93.2,714.8,394.2,0,72
3386,7.67,4.47,93,713.3,415.7,0,72
3387,7.64,3.82,93.2,712,356,0,72
3388,7.6,2.96,93.3,709.1,276.2,0,73
3389,7.57,1.32,93.6,708.6,123.6,0,74
3390,7.52,0.57,93.7,704.6,53.4,0,74
3391,7.5,0.3,93.7,702.8,28.1,0,74
3392,7.54,0.26,93.8,707.3,24.4,0,74
3393,7.57,0.83,93.6,708.6,77.7,0,74
3394,7.61,1.67,93.5,711.5,156.1,0,74
3395,7.6,1.96,93.5,710.6,183.3,0,73
3396,7.6,2.82,93.4,709.8,263.4,0,73
3397,7.54,1.99,93.5,705,186.1,0,73
3398,7.51,1.84,93.5,702.2,172,0,74
3399,7.54,1.18,93.6,705.7,110.4,0,74
3400,7.57,1.24,93.6,708.6,116.1,0,74
3401,7.48,1.54,93.6,700.1,144.1,0,74
3402,7.55,2.04,93.5,705.9,190.7,0,73
3403,7.57,2.13,93.5,707.8,199.2,0,73
3404,7.61,2.29,93.4,710.8,213.9,0,73
3405,7.62,2.27,93.4,711.7,212,0,73
3406,7.62,2.4,93.4,711.7,224.2,0,73
3407,7.67,3.28,93.2,714.8,305.7,0,73
3408,7.67,3.48,93.2,714.8,324.3,0,72
3409,7.6,3.38,93.2,708.3,315,0,72
3410,7.62,3.27,93.2,710.2,304.8,0,72
3411,7.64,3.06,93.2,712,285.2,0,73
3412,7.66,3.15,93.2,713.9,293.6,0,73
3413,7.62,3.26,93.2,710.2,303.8,0,72
3414,7.66,2.9,93.3,714.7,270.6,0,72
3415,7.64,3.41,93.2,712,317.8,0,72
3416,7.66,4.05,93.1,713.1,377.1,0,72
3417,7.68,3.61,93.1,715,336.1,0,72
3418,7.64,3.62,93.1,711.3,337,0,72
3419,7.63,4.32,92.9,708.8,401.3,0,72
3420,7.63,3.84,93.1,710.4,357.5,0,72
3421,7.61,4.25,93,707.7,395.3,0,72
3422,7.65,3.4,93.1,712.2,316.5,0,72
3423,7.48,4.12,93,695.6,383.2,0,72
3424,7.49,3.52,93.1,697.3,327.7,0,72
3425,7.63,2.56,93.3,711.9,238.8,0,73
3426,7.66,2.38,93.3,714.7,222.1,0,73
3427,7.66,2.34,93.3,714.7,218.3,0,73
3428,7.6,1.45,93.4,709.8,135.4,0,73
3429,7.61,0.84,93.5,711.5,78.5,0,74
3430,7.58,0.59,93.6,709.5,55.2,0,74
3431,7.63,0.4,93.6,714.2,37.4,0,74
3432,7.58,0.77,93.6,709.5,72.1,0,74
3433,7.61,1.05,93.5,711.5,98.2,0,74
3434,7.61,1.12,93.5,711.5,104.7,0,74
3435,7.64,1.21,93.5,714.3,113.1,0,74
3436,7.64,1.14,93.5,714.3,106.6,0,74
3437,7.62,0.95,93.6,713.2,88.9,0,74
3438,7.65,1.19,93.5,715.3,111.3,0,74
3439,7.61,1.43,93.5,711.5,133.7,0,74
3440,7.64,1.35,93.5,714.3,126.2,0,74
3441,7.63,1.11,93.5,713.4,103.8,0,74
3442,7.61,1.09,93.5,711.5,101.9,0,74
3443,7.56,-0.11,93.7,708.4,-10.3,0,74
3444,7.55,-0.86,93.8,708.2,-80.7,0,74
3445,7.56,-1.68,94,710.6,-157.9,0,74
3446,7.55,-1.67,94,709.7,-157,0,74
3447,7.53,-1.2,93.9,707.1,-112.7,0,73
3448,7.54,-1.28,94,708.8,-120.3,0,73
3449,7.57,-0.46,93.8,710.1,-43.1,0,73
3450,7.55,-0.47,93.8,708.2,-44.1,0,73
3451,7.55,-0.8,93.9,708.9,-75.1,0,73
3452,7.59,-0.21,93.8,711.9,-19.7,0,73
3453,7.61,0.05,93.7,713.1,4.7,0,73
3454,7.61,-0.25,93.8,713.8,-23.5,0,72
3455,7.63,-0.17,93.8,715.7,-15.9,0,72
3456,7.62,-0.36,93.8,714.8,-33.8,0,72
3457,7.6,-0.2,93.8,712.9,-18.8,0,71
3458,7.61,-0.27,93.8,713.8,-25.3,0,71
3459,7.63,-0.23,93.9,716.5,-21.6,0,70
3460,7.63,-0.2,93.9,716.5,-18.8,0,70
3461,7.59,-0.17,93.9,712.7,-16,0,70
3462,7.63,-0.21,93.9,716.5,-19.7,0,70
3463,7.58,-0.18,93.9,711.8,-16.9,0,70
3464,7.61,-0.22,93.9,714.6,-20.7,0,70
3465,7.63,-0.23,93.9,716.5,-21.6,0,69
3466,7.62,-0.21,93.9,715.5,-19.7,0,68
3467,7.58,-0.17,93.9,711.8,-16,0,68
3468,7.6,-0.24,93.9,713.6,-22.5,0,67
3469,7.61,-0.2,93.9,714.6,-18.8,0,66
3470,7.6,-0.23,93.9,713.6,-21.6,0,65
3471,7.63,-0.26,93.9,716.5,-24.4,0,65
3472,7.56,-0.18,93.9,709.9,-16.9,0,64
3473,7.64,3.04,93.3,712.8,283.6,0,65
3474,7.68,3.68,93.2,715.8,343,0,66
3475,7.74,3.62,93.2,721.4,337.4,0,67
3476,7.71,3.67,93.2,718.6,342,0,68
3477,7.76,3.62,93.1,722.5,337,0,69
3478,7.72,3.62,93.1,718.7,337,0,70
3479,7.73,3.52,93.1,719.7,327.7,0,70
3480,7.75,3.62,93.1,721.5,337,0,70
3481,7.76,3.6,93.1,722.5,335.2,0,69
3482,7.79,3.64,93.1,725.2,338.9,0,69
3483,7.74,3.6,93.1,720.6,335.2,0,69
3484,7.71,3.55,93.1,717.8,330.5,0,69
3485,7.77,3.71,93,722.6,345,0,69
3486,7.72,3.8,93,718,353.4,0,70
3487,7.68,3.26,93.1,715,303.5,0,71
3488,7.67,3.38,93,713.3,314.3,0,71
3489,7.62,2.81,93.2,710.2,261.9,0,72
3490,7.62,2.75,93.2,710.2,256.3,0,72
3491,7.61,1.83,93.3,710,170.7,0,73
3492,7.59,1.1,93.4,708.9,102.7,0,73
3493,7.57,1.17,93.4,707,109.3,0,74
3494,7.63,0.79,93.5,713.4,73.9,0,73
3495,7.56,0.94,93.4,706.1,87.8,0,72
3496,7.61,0.91,93.5,711.5,85.1,0,71
3497,7.65,0.76,93.5,715.3,71.1,0,70
3498,7.67,0.73,93.6,717.9,68.3,0,69
3499,7.69,0.69,93.6,719.8,64.6,0,68
3500,7.67,0.74,93.6,717.9,69.3,0,67
3501,7.62,0.77,93.6,713.2,72.1,0,66
3502,7.68,0.73,93.6,718.8,68.3,0,65
3503,7.68,1.73,93.4,717.3,161.6,0,65
3504,7.74,1.65,93.4,722.9,154.1,0,64
3505,7.68,1.76,93.4,717.3,164.4,0,64
3506,7.65,1.69,93.4,714.5,157.8,0,65
3507,7.7,1.68,93.4,719.2,156.9,0,65
3508,7.67,1.71,93.4,716.4,159.7,0,66
3509,7.7,1.7,93.4,719.2,158.8,0,67
3510,7.68,1.69,93.3,716.5,157.7,0,67
3511,7.67,1.7,93.4,716.4,158.8,0,68
3512,7.74,1.67,93.4,722.9,156,0,69
3513,7.72,1.64,93.4,721,153.2,0,69
3514,7.66,1.73,93.3,714.7,161.4,0,69
3515,7.65,1.73,93.4,714.5,161.6,0,69
3516,7.68,1.78,93.3,716.5,166.1,0,70
3517,7.67,1.94,93.3,715.6,181,0,70
3518,7.71,1.44,93.4,720.1,134.5,0,71
3519,7.67,1.86,93.3,715.6,173.5,0,71
3520,7.66,1.64,93.4,715.4,153.2,0,72
3521,7.65,1.37,93.4,714.5,128,0,73
3522,7.68,0.96,93.4,717.3,89.7,0,73
3523,7.6,0.42,93.5,710.6,39.3,0,74
3524,7.6,0.06,93.6,711.4,5.6,0,74
3525,7.66,-0.23,93.6,717,-21.5,0,74
3526,7.67,-1.44,93.8,719.4,-135.1,0,74
3527,7.58,-0.99,93.8,711,-92.9,0,74
3528,7.71,-0.98,93.8,723.2,-91.9,0,74
3529,7.66,-0.55,93.7,717.7,-51.5,0,73
3530,7.6,-0.62,93.7,712.1,-58.1,0,73
3531,7.59,-0.21,93.7,711.2,-19.7,0,73
3532,7.62,-0.2,93.7,714,-18.7,0,73
3533,7.62,-0.86,93.8,714.8,-80.7,0,73
3534,7.63,-0.45,93.7,714.9,-42.2,0,73
3535,7.63,-0.66,93.7,714.9,-61.8,0,73
3536,7.59,-0.45,93.7,711.2,-42.2,0,72
3537,7.63,-0.08,93.7,714.9,-7.5,0,72
3538,7.6,-0.35,93.7,712.1,-32.8,0,71
3539,7.6,-0.16,93.7,712.1,-15,0,71
3540,7.58,0.02,93.7,710.2,1.9,0,71
3541,7.54,-0.2,93.7,706.5,-18.7,0,71
3542,7.55,-0.1,93.7,707.4,-9.4,0,71
3543,7.57,-0.11,93.7,709.3,-10.3,0,71
3544,7.53,-0.07,93.7,705.6,-6.6,0,71
3545,7.47,-0.21,93.7,699.9,-19.7,0,71
3546,7.52,0.03,93.7,704.6,2.8,0,73
3547,7.42,-0.94,93.8,696,-88.2,0,74
3548,7.47,-1.61,94,702.2,-151.3,0,75
3549,7.45,-2.36,94,700.3,-221.8,0,76
3550,7.46,-3.61,94.3,703.5,-340.4,0,77
3551,7.41,-4.77,94.4,699.5,-450.3,0,77
3552,7.42,-5.37,94.6,701.9,-508,0,78
3553,7.36,-5.29,94.6,696.3,-500.4,0,78
3554,7.16,-4.61,94.5,676.6,-435.6,0,77
3555,7.11,-3.63,94.4,671.2,-342.7,0,76
3556,7.11,-3.23,94.3,670.5,-304.6,0,75
3557,7.19,-3.01,94.3,678,-283.8,0,74
3558,7.14,-2.92,94.3,673.3,-275.4,0,73
3559,7.21,-2.88,94.3,679.9,-271.6,0,73
3560,7.15,-2.86,94.3,674.2,-269.7,0,72
3561,7.18,-2.94,94.3,677.1,-277.2,0,71
3562,7.26,-3.03,94.3,684.6,-285.7,0,71
3563,7.3,-3.03,94.3,688.4,-285.7,0,70
3564,7.28,-3,94.3,686.5,-282.9,0,69
3565,7.3,-3.04,94.3,688.4,-286.7,0,69
3566,7.29,-3.02,94.3,687.4,-284.8,0,68
3567,7.33,-3.05,94.4,692,-287.9,0,68
3568,7.32,-3.07,94.4,691,-289.8,0,68
3569,7.4,-3.11,94.4,698.6,-293.6,0,67
3570,7.31,-3.01,94.4,690.1,-284.1,0,67
3571,7.47,-2.37,94.3,704.4,-223.5,0,67
3572,7.64,0.9,93.8,716.6,84.4,0,68
3573,7.67,0.83,93.7,718.7,77.8,0,69
3574,7.66,0.84,93.7,717.7,78.7,0,69
3575,7.67,0.88,93.7,718.7,82.5,0,70
3576,7.67,0.84,93.7,718.7,78.7,0,70
3577,7.66,0.83,93.7,717.7,77.8,0,70
3578,7.68,0.79,93.7,719.6,74,0,70
3579,7.69,0.82,93.7,720.6,76.8,0,70
3580,7.65,0.8,93.7,716.8,75,0,70
3581,7.64,0.9,93.6,715.1,84.2,0,70
3582,7.65,0.79,93.7,716.8,74,0,70
3583,7.68,0.84,93.7,719.6,78.7,0,69
3584,7.69,0.78,93.7,720.6,73.1,0,68
3585,7.62,0.87,93.7,714,81.5,0,67
3586,7.74,2.72,93.4,722.9,254,0,67
3587,7.7,2.74,93.4,719.2,255.9,0,66
3588,7.78,4.61,93,723.5,428.7,0,66
3589,7.79,4.63,93,724.5,430.6,0,66
3590,7.85,4.54,93,730.1,422.2,0,67
3591,7.8,4.6,93,725.4,427.8,0,68
3592,7.83,4.58,92.9,727.4,425.5,0,69
3593,7.83,4.43,92.9,727.4,411.5,0,71
3594,7.81,3.35,93.1,727.1,311.9,0,72
3595,7.71,1.67,93.4,720.1,156,0,73
3596,7.7,0.54,93.6,720.7,50.5,0,74
3597,7.73,0.53,93.5,722.8,49.6,0,74
3598,7.75,0.72,93.5,724.6,67.3,0,74
3599,7.76,1.45,93.4,724.8,135.4,0,73
3600,7.79,2.01,93.3,726.8,187.5,0,73
3601,7.77,1.96,93.3,724.9,182.9,0,73
3602,7.84,2.36,93.3,731.5,220.2,0,73
3603,7.87,3.17,93.1,732.7,295.1,0,71
3604,7.88,4.62,92.9,732.1,429.2,0,69
3605,7.85,4.47,92.9,729.3,415.3,0,68
3606,7.87,4.49,92.9,731.1,417.1,0,68
3607,7.81,4.52,92.9,725.5,419.9,0,69
3608,7.88,4.55,92.8,731.3,422.2,0,69
3609,7.9,4.46,92.8,733.1,413.9,0,67
3610,7.86,4.49,92.8,729.4,416.7,0,65
3611,7.95,7.32,92.4,734.6,676.4,0,64
3612,7.9,7.34,92.3,729.2,677.5,0,64
3613,8.01,7.26,92.3,739.3,670.1,0,65
3614,8.03,7.13,92.3,741.2,658.1,0,66
3615,7.96,7.06,92.3,734.7,651.6,0,68
3616,7.88,5.82,92.5,728.9,538.4,0,71
3617,7.83,2.91,92.9,727.4,270.3,0,72
3618,7.74,1.68,93.2,721.4,156.6,0,73
3619,7.74,1.1,93.2,721.4,102.5,0,74
3620,7.73,0.96,93.3,721.2,89.6,0,74
3621,7.71,0.64,93.4,720.1,59.8,0,74
3622,7.77,0.87,93.3,724.9,81.2,0,74
3623,7.79,1.44,93.3,726.8,134.4,0,73
3624,7.77,1.18,93.3,724.9,110.1,0,73
3625,7.78,1.74,93.2,725.1,162.2,0,73
3626,7.77,1.68,93.1,723.4,156.4,0,73
3627,7.75,1.93,93.2,722.3,179.9,0,73
3628,7.77,1.45,93.2,724.2,135.1,0,73
3629,7.83,1.92,93.1,729,178.8,0,73
3630,7.84,1.74,93.2,730.7,162.2,0,73
3631,7.82,1.87,93.1,728,174.1,0,73
3632,7.85,2.11,93,730.1,196.2,0,73
3633,7.8,2.15,93.1,726.2,200.2,0,73
3634,7.82,1.91,93.2,728.8,178,0,73
3635,7.83,1.61,93.2,729.8,150.1,0,73
3636,7.83,1.75,93.2,729.8,163.1,0,73
3637,7.86,2.12,93.1,731.8,197.4,0,73
3638,7.78,2.31,93,723.5,214.8,0,73
3639,7.79,2.3,93,724.5,213.9,0,73
3640,7.81,2.45,93.1,727.1,228.1,0,73
3641,7.83,2.4,93,728.2,223.2,0,73
3642,7.76,2.52,93,721.7,234.4,0,72
3643,7.78,2.5,93,723.5,232.5,0,72
3644,7.82,2.19,93.1,728,203.9,0,72
3645,7.85,1.95,93.1,730.8,181.5,0,73
3646,7.87,1.91,93.1,732.7,177.8,0,73
3647,7.87,1.87,93.1,732.7,174.1,0,72
3648,7.83,1.92,93.1,729,178.8,0,73
3649,7.82,2.12,93.1,728,197.4,0,72
3650,7.89,2.59,93,733.8,240.9,0,72
3651,7.86,2.39,93,731,222.3,0,72
3652,7.93,2.87,93,737.5,266.9,0,71
3653,7.94,3.39,92.9,737.6,314.9,0,69
3654,7.96,4.46,92.6,737.1,413,0,68
3655,7.97,4.37,92.6,738,404.7,0,68
3656,7.92,4.54,92.6,733.4,420.4,0,68
3657,7.84,4.43,92.6,726,410.2,0,69
3658,7.88,4.59,92.5,728.9,424.6,0,70
3659,7.86,4.2,92.6,727.8,388.9,0,70
3660,7.87,3.14,92.8,730.3,291.4,0,71
3661,7.88,2.93,92.8,731.3,271.9,0,71
3662,7.9,3.17,92.8,733.1,294.2,0,71
3663,7.92,3.54,92.8,735,328.5,0,71
3664,7.94,4.22,92.6,735.2,390.8,0,70
3665,7.94,4.45,92.6,735.2,412.1,0,69
3666,7.93,4.46,92.5,733.5,412.6,0,68
3667,7.97,4.42,92.5,737.2,408.9,0,67
3668,7.94,4.42,92.5,734.5,408.9,0,67
3669,7.98,5.51,92.3,736.6,508.6,0,67
3670,7.93,5.39,92.4,732.7,498,0,69
3671,7.95,5.13,92.4,734.6,474,0,69
3672,7.95,4.87,92.4,734.6,450,0,69
3673,7.99,5.3,92.3,737.5,489.2,0,69
3674,8,5.48,92.3,738.4,505.8,0,68
3675,7.97,5.37,92.4,736.4,496.2,0,66
3676,8.03,5.33,92.3,741.2,492,0,64
3677,7.97,5.38,92.4,736.4,497.1,0,63
3678,7.95,5.37,92.3,733.8,495.7,0,63
3679,7.85,5.52,92.2,723.8,508.9,0,63
3680,7.95,5.35,92.2,733,493.3,0,64
3681,7.97,5.34,92.2,734.8,492.3,0,66
3682,7.95,5.37,92.2,733,495.1,0,67
3683,7.88,5.42,92.2,726.5,499.7,0,68
3684,7.82,5.47,92.2,721,504.3,0,69
3685,7.98,5.16,92.2,735.8,475.8,0,69
3686,8.12,4.87,92.2,748.7,449,0,69
3687,7.91,5.21,92.2,729.3,480.4,0,69
3688,7.97,4.88,92.3,735.6,450.4,0,69
3689,7.91,5.11,92.2,729.3,471.1,0,69
3690,8,4.34,92.3,738.4,400.6,0,70
3691,7.89,4.2,92.3,728.2,387.7,0,71
3692,7.88,3.74,92.4,728.1,345.6,0,72
3693,7.87,2.38,92.7,729.5,220.6,0,72
3694,7.92,2.31,92.7,734.2,214.1,0,72
3695,7.91,2.24,92.7,733.3,207.6,0,73
3696,7.79,1.4,92.8,722.9,129.9,0,73
3697,7.84,0.49,93,729.1,45.6,0,73
3698,7.78,-0.05,93.1,724.3,-4.7,0,74
3699,7.88,-0.38,93.1,733.6,-35.4,0,74
3700,7.81,0.55,93,726.3,51.2,0,73
3701,7.82,0.99,92.9,726.5,92,0,73
3702,7.86,1.67,92.8,729.4,155,0,72
3703,7.88,1.9,92.8,731.3,176.3,0,71
3704,7.89,2.69,92.6,730.6,249.1,0,71
3705,7.89,2.68,92.7,731.4,248.4,0,70
3706,7.9,2.65,92.6,731.5,245.4,0,70
3707,7.93,2.45,92.7,735.1,227.1,0,70
3708,7.91,2.49,92.7,733.3,230.8,0,70
3709,7.89,2.59,92.6,730.6,239.8,0,69
3710,7.93,2.41,92.7,735.1,223.4,0,69
3711,7.91,2.56,92.6,732.5,237.1,0,69
3712,7.94,2.37,92.7,736,219.7,0,69
3713,7.91,2.53,92.6,732.5,234.3,0,69
3714,7.88,2.47,92.7,730.5,229,0,70
3715,7.87,2.71,92.6,728.8,250.9,0,70
3716,7.9,2.55,92.6,731.5,236.1,0,70
3717,7.89,2.3,92.7,731.4,213.2,0,70
3718,7.89,2.27,92.7,731.4,210.4,0,70
3719,7.96,2.65,92.6,737.1,245.4,0,71
3720,7.91,1.89,92.7,733.3,175.2,0,71
3721,7.89,1.87,92.8,732.2,173.5,0,71
3722,7.85,1.41,92.8,728.5,130.8,0,72
3723,7.81,1.93,92.7,724,178.9,0,72
3724,7.83,1.58,92.8,726.6,146.6,0,72
3725,7.74,1.96,92.7,717.5,181.7,0,72
3726,7.7,1.46,92.8,714.6,135.5,0,72
3727,7.72,1.93,92.7,715.6,178.9,0,72
3728,7.73,1.47,92.7,716.6,136.3,0,73
3729,7.7,1.06,92.8,714.6,98.4,0,73
3730,7.74,0.13,93,719.8,12.1,0,73
3731,7.71,-0.15,93.1,717.8,-14,0,74
3732,7.73,-0.31,93.1,719.7,-28.9,0,74
3733,7.75,-0.13,93.1,721.5,-12.1,0,74
3734,7.75,-0.05,93,720.8,-4.7,0,73
3735,7.76,-0.09,93.1,722.5,-8.4,0,73
3736,7.75,-0.63,93.2,722.3,-58.7,0,74
3737,7.68,-1.85,93.4,717.3,-172.8,0,75
3738,7.62,-4.11,93.7,714,-385.1,0,76
3739,7.59,-5.62,93.9,712.7,-527.7,0,77
3740,7.63,-6.1,94.1,718,-574,0,77
3741,7.68,-4.64,93.9,721.2,-435.7,0,77
3742,7.67,-3.56,93.7,718.7,-333.6,0,76
3743,7.7,-2.91,93.7,721.5,-272.7,0,76
3744,7.75,-1.79,93.5,724.6,-167.4,0,75
3745,7.82,0.22,93.2,728.8,20.5,0,74
3746,7.92,3.06,92.7,734.2,283.7,0,72
3747,7.94,4.54,92.4,733.7,419.5,0,71
3748,7.91,4.29,92.4,730.9,396.4,0,71
3749,7.86,3.82,92.5,727.1,353.4,0,72
3750,7.82,1.62,92.8,725.7,150.3,0,73
3751,7.76,-0.12,93.1,722.5,-11.2,0,74
3752,7.73,-1.59,93.3,721.2,-148.3,0,75
3753,7.8,-0.5,93.2,727,-46.6,0,74
3754,7.9,3.09,92.6,731.5,286.1,0,72
3755,8.07,6.75,92,742.4,621,0,69
3756,8.16,10.61,91.4,745.8,969.8,0,67
3757,8.2,11.3,91.2,747.8,1030.6,0,67
3758,8.15,11.06,91.3,744.1,1009.8,0,67
3759,8.16,9.73,91.4,745.8,889.3,0,68
3760,8.07,7.91,91.6,739.2,724.6,0,69
3761,8.02,6.24,91.9,737,573.5,0,70
3762,7.97,4.65,92.1,734,428.3,0,71
3763,7.92,3.03,92.4,731.8,280,0,72
3764,7.89,2.3,92.5,729.8,212.8,0,72
3765,7.93,2.39,92.5,733.5,221.1,0,72
3766,7.9,2.77,92.4,730,255.9,0,72
3767,7.87,1.99,92.6,728.8,184.3,0,72
3768,7.88,1.79,92.6,729.7,165.8,0,72
3769,7.87,1.14,92.7,729.5,105.7,0,73
3770,7.82,0.62,92.7,724.9,57.5,0,73
3771,7.81,-0.48,93,726.3,-44.6,0,74
3772,7.76,-1.49,93.1,722.5,-138.7,0,75
3773,7.73,-3.07,93.4,722,-286.7,0,75
3774,7.71,-4.11,93.5,720.9,-384.3,0,76
3775,7.74,-3.67,93.6,724.5,-343.5,0,76
3776,7.79,-1.88,93.3,726.8,-175.4,0,75
3777,7.83,-0.1,93.1,729,-9.3,0,74
3778,7.87,1.6,92.8,730.3,148.5,0,73
3779,7.88,2.06,92.7,730.5,191,0,73
3780,7.92,3.17,92.5,732.6,293.2,0,72
3781,7.9,2.4,92.6,731.5,222.2,0,71
3782,7.9,2.66,92.5,730.8,246.1,0,70
3783,7.91,2.62,92.6,732.5,242.6,0,69
3784,7.92,3.34,92.4,731.8,308.6,0,69
3785,7.9,3.34,92.4,730,308.6,0,70
3786,7.9,3.23,92.4,730,298.5,0,70
3787,7.91,3.03,92.4,730.9,280,0,70
3788,7.92,3.31,92.4,731.8,305.8,0,70
3789,7.95,3.47,92.4,734.6,320.6,0,69
3790,7.96,3.44,92.3,734.7,317.5,0,68
3791,7.92,3.43,92.4,731.8,316.9,0,67
3792,7.9,3.42,92.4,730,316,0,66
3793,7.91,3.42,92.4,730.9,316,0,66
3794,7.91,3.4,92.3,730.1,313.8,0,66
3795,7.9,3.42,92.3,729.2,315.7,0,67
3796,7.88,3.54,92.3,727.3,326.7,0,68
3797,7.83,3.3,92.3,722.7,304.6,0,70
3798,7.82,1.74,92.5,723.4,161,0,72
3799,7.81,0.5,92.7,724,46.4,0,73
3800,7.78,-0.55,93,723.5,-51.2,0,74
3801,7.82,-0.3,92.9,726.5,-27.9,0,74
3802,7.89,1.68,92.6,730.6,155.6,0,73
3803,7.92,2.26,92.5,732.6,209.1,0,72
3804,7.93,2.9,92.4,732.7,268,0,71
3805,7.91,2.88,92.3,730.1,265.8,0,71
3806,7.93,2.72,92.4,732.7,251.3,0,71
3807,7.96,3.03,92.3,734.7,279.7,0,70
3808,7.92,3.26,92.3,731,300.9,0,70
3809,7.94,3.05,92.3,732.9,281.5,0,70
3810,7.93,2.7,92.4,732.7,249.5,0,70
3811,7.95,2.96,92.3,733.8,273.2,0,70
3812,7.93,2.82,92.4,732.7,260.6,0,71
3813,7.98,3.05,92.3,736.6,281.5,0,70
3814,7.99,3.38,92.2,736.7,311.6,0,69
3815,7.98,3.42,92.2,735.8,315.3,0,68
3816,7.98,3.38,92.2,735.8,311.6,0,68
3817,7.96,3.44,92.2,733.9,317.2,0,68
3818,7.94,3.41,92.2,732.1,314.4,0,69
3819,7.94,3.58,92.2,732.1,330.1,0,70
3820,7.92,3.22,92.3,731,297.2,0,70
3821,7.93,2.54,92.3,731.9,234.4,0,71
3822,7.88,2.21,92.4,728.1,204.2,0,72
3823,7.9,1.71,92.5,730.8,158.2,0,72
3824,7.86,1.19,92.6,727.8,110.2,0,73
3825,7.88,0.58,92.6,729.7,53.7,0,73
3826,7.89,1.21,92.5,729.8,111.9,0,73
3827,7.93,1.55,92.5,733.5,143.4,0,72
3828,7.9,1.5,92.5,730.8,138.8,0,72
3829,7.93,1.85,92.5,733.5,171.1,0,72
3830,7.86,1.79,92.5,727.1,165.6,0,73
3831,7.92,1.97,92.4,731.8,182,0,72
3832,7.9,1.95,92.5,730.8,180.4,0,72
3833,7.93,2,92.4,732.7,184.8,0,72
3834,7.91,2.01,92.4,730.9,185.7,0,72
3835,7.89,1.27,92.6,730.6,117.6,0,72
3836,7.89,1.54,92.5,729.8,142.5,0,72
3837,7.91,1.44,92.5,731.7,133.2,0,72
3838,7.9,2.19,92.4,730,202.4,0,71
3839,7.92,2.19,92.4,731.8,202.4,0,71
3840,7.9,2.13,92.4,730,196.8,0,71
3841,7.93,1.81,92.4,732.7,167.2,0,71
3842,7.93,2.41,92.4,732.7,222.7,0,71
3843,7.93,2.03,92.4,732.7,187.6,0,70
3844,7.94,2.34,92.3,732.9,216,0,70
3845,7.94,2.12,92.4,733.7,195.9,0,71
3846,7.93,2.17,92.3,731.9,200.3,0,71
3847,7.97,2.37,92.4,736.4,219,0,70
3848,7.97,2.24,92.4,736.4,207,0,70
3849,7.97,2.44,92.3,735.6,225.2,0,70
3850,7.99,2.45,92.3,737.5,226.1,0,69
3851,8.03,2.39,92.4,742,220.8,0,68
3852,8.04,2.36,92.3,742.1,217.8,0,66
3853,8.02,2.32,92.4,741,214.4,0,64
3854,8.13,7.1,91.5,743.9,649.7,0,64
3855,8.12,7.12,91.5,743,651.5,0,66
3856,8.12,7.09,91.5,743,648.7,0,68
3857,8.07,5.6,91.7,740,513.5,0,70
3858,7.99,2.84,92.1,735.9,261.6,0,72
3859,7.99,2.07,92.3,737.5,191.1,0,72
3860,7.99,2.5,92.2,736.7,230.5,0,72
3861,7.99,3.06,92.1,735.9,281.8,0,72
3862,7.95,1.34,92.4,734.6,123.8,0,72
3863,7.85,-2.06,92.9,729.3,-191.4,0,73
3864,7.83,-2.18,92.9,727.4,-202.5,0,73
3865,7.82,-2.82,93.1,728,-262.5,0,73
3866,7.84,-2.68,93.1,729.9,-249.5,0,73
3867,7.84,-2.77,93.1,729.9,-257.9,0,72
3868,7.86,-2.5,93.1,731.8,-232.8,0,71
3869,7.87,-2.63,93.1,732.7,-244.9,0,70
3870,7.89,-0.41,92.8,732.2,-38,0,69
3871,7.87,-0.45,92.8,730.3,-41.8,0,69
3872,7.88,-0.45,92.8,731.3,-41.8,0,69
3873,7.89,-0.47,92.8,732.2,-43.6,0,69
3874,7.91,-0.49,92.8,734,-45.5,0,68
3875,7.96,1.52,92.5,736.3,140.6,0,68
3876,7.94,1.48,92.5,734.5,136.9,0,68
3877,7.97,3.44,92.2,734.8,317.2,0,67
3878,7.97,3.48,92.1,734,320.5,0,68
3879,7.97,3.35,92.2,734.8,308.9,0,69
3880,7.96,2.62,92.3,734.7,241.8,0,71
3881,7.92,2.23,92.4,731.8,206.1,0,72
3882,7.94,1.66,92.4,733.7,153.4,0,72
3883,7.93,1.18,92.5,733.5,109.2,0,72
3884,7.96,1.34,92.5,736.3,124,0,72
3885,7.97,2.55,92.3,735.6,235.4,0,72
3886,8.04,2.95,92.2,741.3,272,0,70
3887,8.04,3.42,92.1,740.5,315,0,69
3888,8.03,3.32,92.1,739.6,305.8,0,69
3889,8.01,3.41,92.1,737.7,314.1,0,69
3890,8,3.07,92.1,736.8,282.7,0,70
3891,7.94,2.68,92.2,732.1,247.1,0,71
3892,7.9,0.73,92.4,730,67.5,0,73
3893,7.84,-1.6,92.8,727.6,-148.5,0,74
3894,7.81,-2.46,93,726.3,-228.8,0,75
3895,7.83,-1.81,92.9,727.4,-168.1,0,74
3896,7.86,-0.74,92.8,729.4,-68.7,0,74
3897,7.86,-0.29,92.7,728.6,-26.9,0,74
3898,7.81,-0.49,92.7,724,-45.4,0,74
3899,7.82,-1.06,92.8,725.7,-98.4,0,74
3900,7.79,-2.26,93,724.5,-210.2,0,75
3901,7.8,-3.09,93.2,727,-288,0,75
3902,7.79,-2.75,93.1,725.2,-256,0,75
3903,7.84,-1.33,92.9,728.3,-123.6,0,74
3904,7.85,-0.5,92.8,728.5,-46.4,0,74
3905,7.87,-0.03,92.8,730.3,-2.8,0,74
3906,7.9,0.45,92.6,731.5,41.7,0,73
3907,7.93,1.54,92.5,733.5,142.5,0,72
3908,7.94,1.56,92.4,733.7,144.1,0,72
3909,7.94,1.84,92.5,734.5,170.2,0,72
3910,7.96,2.25,92.3,734.7,207.7,0,72
3911,8.04,2.79,92.2,741.3,257.2,0,70
3912,8.08,3.35,92.1,744.2,308.5,0,68
3913,8.06,3.35,92.1,742.3,308.5,0,65
3914,8.07,3.29,92.1,743.2,303,0,64
3915,8.04,3.32,92.1,740.5,305.8,0,63
3916,8.03,3.32,92.1,739.6,305.8,0,63
3917,8.02,3.32,92.1,738.6,305.8,0,63
3918,8.01,3.36,92.1,737.7,309.5,0,63
3919,8,3.35,92.1,736.8,308.5,0,64
3920,8,3.36,92.1,736.8,309.5,0,65
3921,8.02,3.37,92.1,738.6,310.4,0,65
3922,8.02,3.33,92.1,738.6,306.7,0,66
3923,8.01,3.36,92.1,737.7,309.5,0,67
3924,8,3.4,92.1,736.8,313.1,0,68
3925,8.02,3.44,92,737.8,316.5,0,68
3926,8.03,3.33,92.1,739.6,306.7,0,68
3927,8.05,3.32,92.1,741.4,305.8,0,66
3928,8.07,3.31,92.1,743.2,304.9,0,65
3929,8.06,3.3,92.1,742.3,303.9,0,65
3930,8.06,3.27,92.1,742.3,301.2,0,65
3931,8.04,3.32,92.1,740.5,305.8,0,65
3932,8.01,3.37,92,736.9,310,0,65
3933,8.02,3.3,92.1,738.6,303.9,0,66
3934,8.03,3.32,92,738.8,305.4,0,67
3935,8.01,3.35,92,736.9,308.2,0,67
3936,8,3.33,92,736,306.4,0,68
3937,8.02,3.39,91.9,737,311.5,0,69
3938,7.99,2.96,92,735.1,272.3,0,70
3939,8.01,2.63,92.1,737.7,242.2,0,70
3940,7.98,2.57,92,734.2,236.4,0,70
3941,7.99,3.12,91.9,734.3,286.7,0,70
3942,8.01,3.23,92,736.9,297.2,0,70
3943,8.02,3.16,91.9,737,290.4,0,69
3944,8,3.16,92,736,290.7,0,70
3945,8,2.84,92,736,261.3,0,70
3946,7.98,2.45,92.1,735,225.6,0,71
3947,7.98,2.63,92,734.2,242,0,71
3948,7.97,2.72,92,733.2,250.2,0,71
3949,7.99,2.21,92.1,735.9,203.5,0,71
3950,7.99,2.19,92.1,735.9,201.7,0,71
3951,8.02,3.13,92,737.8,288,0,70
3952,8.02,3.22,91.9,737,295.9,0,70
3953,8.01,3.17,91.9,736.1,291.3,0,70
3954,8,3.07,92,736,282.4,0,70
3955,8.01,2.27,92.1,737.7,209.1,0,71
3956,7.99,2.89,92,735.1,265.9,0,71
3957,8,2.5,92,736,230,0,71
3958,8,2.05,92.1,736.8,188.8,0,71
3959,7.99,2.25,92.1,735.9,207.2,0,71
3960,7.98,2.74,92,734.2,252.1,0,71
3961,7.98,2.6,92,734.2,239.2,0,71
3962,7.98,2.62,92,734.2,241,0,71
3963,7.95,2.49,92,731.4,229.1,0,72
3964,7.94,1.64,92.2,732.1,151.2,0,72
3965,7.94,1.35,92.2,732.1,124.5,0,72
3966,7.92,0.59,92.3,731,54.5,0,72
3967,7.94,0.35,92.4,733.7,32.3,0,72
3968,7.94,0.82,92.3,732.9,75.7,0,71
3969,7.93,0.82,92.3,731.9,75.7,0,71
3970,7.93,0.61,92.3,731.9,56.3,0,72
3971,7.92,1.57,92.2,730.2,144.8,0,72
3972,7.93,0.75,92.3,731.9,69.2,0,72
3973,7.9,0.58,92.3,729.2,53.5,0,72
3974,7.9,0.73,92.4,730,67.5,0,72
3975,7.92,1.64,92.2,730.2,151.2,0,72
3976,7.92,2.12,92.1,729.4,195.3,0,71
3977,7.92,1.77,92.1,729.4,163,0,71
3978,7.94,2.06,92.1,731.3,189.7,0,71
3979,8.02,2.2,92.1,738.6,202.6,0,70
3980,8.01,2.43,92,736.9,223.6,0,69
3981,8.02,3.35,91.9,737,307.9,0,69
3982,8.01,3.38,91.9,736.1,310.6,0,69
3983,8.01,3.4,91.9,736.1,312.5,0,69
3984,8.04,4.67,91.6,736.5,427.8,0,69
3985,8.02,4.41,91.7,735.4,404.4,0,70
3986,8.05,4.33,91.7,738.2,397.1,0,70
3987,8.05,4.54,91.6,737.4,415.9,0,70
3988,8.06,4.51,91.6,738.3,413.1,0,69
3989,8.07,4.94,91.5,738.4,452,0,69
3990,8.05,4.83,91.6,737.4,442.4,0,69
3991,8.02,4.59,91.6,734.6,420.4,0,70
3992,7.98,3.61,91.7,731.8,331,0,71
3993,7.88,0.67,92.2,726.5,61.8,0,73
3994,7.81,-1.4,92.5,722.4,-129.5,0,74
3995,7.85,-2.94,92.8,728.5,-272.8,0,75
3996,7.85,-1.63,92.6,726.9,-150.9,0,74
3997,7.85,-1,92.5,726.1,-92.5,0,74
3998,7.88,0.29,92.4,728.1,26.8,0,73
3999,7.9,0.95,92.2,728.4,87.6,0,73
4000,7.92,1.05,92.2,730.2,96.8,0,72
4001,7.93,1.82,92.1,730.4,167.6,0,72
4002,7.94,1.41,92.2,732.1,130,0,72
4003,7.94,2.26,92.1,731.3,208.1,0,71
4004,7.99,3.05,91.9,734.3,280.3,0,70
4005,8.04,3.34,91.8,738.1,306.6,0,69
4006,8,3.34,91.8,734.4,306.6,0,67
4007,8.05,3.33,91.8,739,305.7,0,66
4008,8.02,3.34,91.8,736.2,306.6,0,67
4009,8,3.33,91.8,734.4,305.7,0,66
4010,8.02,3.33,91.8,736.2,305.7,0,67
4011,8.03,3.33,91.8,737.2,305.7,0,67
4012,8.05,3.34,91.8,739,306.6,0,67
4013,8.05,3.29,91.8,739,302,0,66
4014,8.07,3.28,91.8,740.8,301.1,0,66
4015,8.07,3.27,91.8,740.8,300.2,0,66
4016,8.06,3.29,91.8,739.9,302,0,66
4017,8.02,3.35,91.8,736.2,307.5,0,67
4018,8.02,3.32,91.7,735.4,304.4,0,69
4019,7.97,2.04,91.9,732.4,187.5,0,71
4020,7.84,-1.09,92.5,725.2,-100.8,0,74
4021,7.76,-4.31,92.9,720.9,-400.4,0,76
4022,7.72,-7.27,93.4,721,-679,0,77
4023,7.74,-8.88,93.7,725.2,-832.1,0,78
4024,7.83,-5.19,93.1,729,-483.2,0,76
4025,7.89,-1.61,92.7,731.4,-149.2,0,74
4026,7.92,-0.12,92.5,732.6,-11.1,0,73
4027,7.94,0.37,92.4,733.7,34.2,0,73
4028,7.96,1.07,92.2,733.9,98.7,0,73
4029,7.96,1.57,92.1,733.1,144.6,0,72
4030,8.14,4.09,91.8,747.3,375.5,0,70
4031,8.34,10.56,90.7,756.4,957.8,0,67
4032,8.05,13.51,90.2,726.1,1218.6,0,65
4033,8.05,15.02,89.9,723.7,1350.3,0,65
4034,8.02,13.65,90.1,722.6,1229.9,0,65
4035,8,12.53,90.2,721.6,1130.2,0,66
4036,7.93,9.79,90.6,718.5,887,0,67
4037,7.9,8.09,90.8,717.3,734.6,0,68
4038,7.84,6.01,91.1,714.2,547.5,0,69
4039,7.77,4.07,91.4,710.2,372,0,70
4040,7.75,2.71,91.7,710.7,248.5,0,71
4041,7.72,1.73,91.9,709.5,159,0,72
4042,7.74,1.89,91.8,710.5,173.5,0,72
4043,7.71,1.13,91.9,708.5,103.8,0,72
4044,7.68,0.77,92,706.6,70.8,0,72
4045,7.68,0.49,92.1,707.3,45.1,0,73
4046,7.67,-0.16,92.2,707.2,-14.8,0,73
4047,7.63,-0.54,92.3,704.2,-49.8,0,74
4048,7.64,-0.83,92.3,705.2,-76.6,0,74
4049,7.6,-1.59,92.4,702.2,-146.9,0,74
4050,7.64,-1.38,92.5,706.7,-127.7,0,74
4051,7.61,-1.62,92.5,703.9,-149.9,0,74
4052,7.64,-1.67,92.5,706.7,-154.5,0,74
4053,7.64,-1.42,92.5,706.7,-131.4,0,74
4054,7.64,-0.92,92.4,705.9,-85,0,73
4055,7.69,0.74,92.1,708.2,68.2,0,73
4056,7.68,1.57,92,706.6,144.4,0,72
4057,7.72,1.34,92.1,711,123.4,0,72
4058,7.73,2.51,91.9,710.4,230.7,0,72
4059,7.77,3.28,91.8,713.3,301.1,0,71
4060,7.79,4.36,91.5,712.8,398.9,0,70
4061,7.8,5.09,91.4,712.9,465.2,0,70
4062,7.81,4.14,91.6,715.4,379.2,0,71
4063,7.77,3.86,91.5,711,353.2,0,71
4064,7.73,2.57,91.8,709.6,235.9,0,71
4065,7.73,2.58,91.8,709.6,236.8,0,71
4066,7.72,2.74,91.7,707.9,251.3,0,72
4067,7.7,2.87,91.7,706.1,263.2,0,71
4068,7.79,2.98,91.7,714.3,273.3,0,71
4069,7.88,3.52,91.6,721.8,322.4,0,71
4070,7.88,3.13,91.6,721.8,286.7,0,71
4071,7.88,3.67,91.6,721.8,336.2,0,71
4072,7.9,3.81,91.5,722.9,348.6,0,71
4073,7.91,2.76,91.7,725.3,253.1,0,71
4074,7.92,2.17,91.8,727.1,199.2,0,71
4075,7.87,1.73,91.8,722.5,158.8,0,72
4076,7.92,0.93,92,728.6,85.6,0,72
4077,7.95,2.14,91.8,729.8,196.5,0,72
4078,7.92,0.79,92,728.6,72.7,0,72
4079,7.86,-0.15,92.1,723.9,-13.8,0,73
4080,7.69,-1.91,92.4,710.6,-176.5,0,74
4081,7.67,-3.03,92.6,710.2,-280.6,0,75
4082,7.74,-2.23,92.5,716,-206.3,0,74
4083,7.74,-0.04,92.2,713.6,-3.7,0,73
4084,7.84,2.13,91.9,720.5,195.7,0,71
4085,7.92,4.95,91.4,723.9,452.4,0,70
4086,7.89,5.77,91.2,719.6,526.2,0,69
4087,7.97,5.86,91.2,726.9,534.4,0,69
4088,7.93,5.57,91.2,723.2,508,0,70
4089,7.85,4.6,91.3,716.7,420,0,70
4090,7.82,2.59,91.7,717.1,237.5,0,71
4091,7.76,0.96,91.9,713.1,88.2,0,73
4092,7.74,-0.63,92.2,713.6,-58.1,0,73
4093,7.82,-0.44,92.2,721,-40.6,0,73
4094,7.81,-0.1,92.2,720.1,-9.2,0,73
4095,7.93,3.94,91.5,725.6,360.5,0,71
4096,7.99,5.3,91.3,729.5,483.9,0,70
4097,7.88,5.03,91.3,719.4,459.2,0,70
4098,7.85,4.86,91.3,716.7,443.7,0,70
4099,7.84,5.09,91.2,715,464.2,0,70
4100,7.92,5.22,91.2,722.3,476.1,0,70
4101,7.82,4.74,91.3,714,432.8,0,70
4102,7.87,2.62,91.6,720.9,240,0,71
4103,7.68,0.15,92,706.6,13.8,0,73
4104,7.53,-2.7,92.4,695.8,-249.5,0,75
4105,7.41,-6.12,93,689.1,-569.2,0,77
4106,7.35,-11.01,93.8,689.4,-1032.7,0,77
4107,7.41,-9.29,93.5,692.8,-868.6,0,79
4108,7.4,-11.08,93.9,694.9,-1040.4,0,80
4109,7.15,-27.39,96.4,689.3,-2640.4,0,76
4110,7.6,-2.06,92.7,704.5,-191,0,75
4111,7.59,-4.18,93,705.9,-388.7,0,76
4112,7.57,-5.37,93.1,704.8,-499.9,0,76
4113,7.54,-6.73,93.4,704.2,-628.6,0,77
4114,7.49,-8.04,93.6,701.1,-752.5,0,78
4115,7.47,-9.17,93.8,700.7,-860.1,0,78
4116,7.5,-7.99,93.6,702,-747.9,0,78
4117,7.58,-5.06,93.2,706.5,-471.6,0,76
4118,7.7,-1.74,92.7,713.8,-161.3,0,74
4119,7.72,0.04,92.5,714.1,3.7,0,73
4120,7.76,1.51,92.2,715.5,139.2,0,73
4121,7.77,1.71,92.1,715.6,157.5,0,72
4122,7.81,2.44,92,718.5,224.5,0,72
4123,7.85,3.01,91.9,721.4,276.6,0,71
4124,7.83,4.06,91.7,718,372.3,0,71
4125,7.85,3.92,91.7,719.8,359.5,0,71
4126,7.83,3.82,91.7,718,350.3,0,71
4127,7.86,4,91.6,720,366.4,0,71
4128,7.85,3.22,91.7,719.8,295.3,0,71
4129,7.85,2.8,91.8,720.6,257,0,71
4130,7.87,3.02,91.8,722.5,277.2,0,71
4131,7.86,3.36,91.7,720.8,308.1,0,71
4132,7.85,3.68,91.6,719.1,337.1,0,71
4133,7.86,3.63,91.6,720,332.5,0,71
4134,7.85,3.29,91.7,719.8,301.7,0,71
4135,7.84,4.25,91.5,717.4,388.9,0,71
4136,7.83,3.44,91.6,717.2,315.1,0,71
4137,7.85,3.39,91.7,719.8,310.9,0,71
4138,7.84,3.15,91.7,718.9,288.9,0,71
4139,7.83,2.7,91.8,718.8,247.9,0,72
4140,7.84,2,91.9,720.5,183.8,0,72
4141,7.83,2,91.8,718.8,183.6,0,72
4142,7.85,2.89,91.7,719.8,265,0,71
4143,7.83,3.19,91.6,717.2,292.2,0,71
4144,7.85,3.1,91.6,719.1,284,0,71
4145,7.84,2.89,91.7,718.9,265,0,71
4146,7.84,1.96,91.9,720.5,180.1,0,72
4147,7.84,1.94,91.8,719.7,178.1,0,72
4148,7.82,2.4,91.8,717.9,220.3,0,72
4149,7.82,2.21,91.8,717.9,202.9,0,72
4150,7.83,1.83,91.8,718.8,168,0,72
4151,7.83,2.27,91.7,718,208.2,0,72
4152,7.82,2.19,91.7,717.1,200.8,0,72
4153,7.81,1.83,91.8,717,168,0,72
4154,7.82,2.2,91.8,717.9,202,0,72
4155,7.81,2.29,91.8,717,210.2,0,72
4156,7.81,1.83,91.9,717.7,168.2,0,72
4157,7.81,2.27,91.8,717,208.4,0,71
4158,7.83,2.63,91.7,718,241.2,0,71
4159,7.83,2.92,91.6,717.2,267.5,0,71
4160,7.81,2.84,91.7,716.2,260.4,0,71
4161,7.85,2.88,91.6,719.1,263.8,0,71
4162,7.84,2.58,91.7,718.9,236.6,0,71
4163,7.84,2.16,91.8,719.7,198.3,0,72
4164,7.85,2.07,91.8,720.6,190,0,71
4165,7.86,2.69,91.6,720,246.4,0,71
4166,7.88,3.28,91.6,721.8,300.4,0,71
4167,7.87,3.53,91.5,720.1,323,0,71
4168,7.88,3.2,91.5,721,292.8,0,71
4169,7.84,3.33,91.5,717.4,304.7,0,71
4170,7.83,2.57,91.6,717.2,235.4,0,71
4171,7.78,1.33,91.8,714.2,122.1,0,72
4172,7.8,1.7,91.8,716,156.1,0,72
4173,7.76,0.95,91.9,713.1,87.3,0,73
4174,7.75,0.39,92,713,35.9,0,73
4175,7.75,-0.77,92.2,714.6,-71,0,73
4176,7.72,-0.48,92.1,711,-44.2,0,73
4177,7.74,-0.75,92.2,713.6,-69.1,0,73
4178,7.74,-0.34,92.2,713.6,-31.3,0,73
4179,7.77,-0.11,92.1,715.6,-10.1,0,73
4180,7.76,0.34,92,713.9,31.3,0,73
4181,7.75,0.91,91.9,712.2,83.6,0,73
4182,7.75,0.67,92,713,61.6,0,73
4183,7.73,0.04,92.1,711.9,3.7,0,73
4184,7.73,0.22,92.1,711.9,20.3,0,73
4185,7.62,-5.64,92.9,707.9,-524,0,72
4186,7.66,-4.54,92.8,710.8,-421.3,0,70
4187,7.64,-4.51,92.8,709,-418.5,0,69
4188,7.65,-4.55,92.8,709.9,-422.2,0,68
4189,7.69,-1.24,92.4,710.6,-114.6,0,67
4190,7.7,-0.18,92.2,709.9,-16.6,0,67
4191,7.72,-0.23,92.2,711.8,-21.2,0,67
4192,7.7,-0.19,92.2,709.9,-17.5,0,67
4193,7.72,-0.18,92.2,711.8,-16.6,0,67
4194,7.76,-0.25,92.2,715.5,-23.1,0,66
4195,7.79,-0.23,92.2,718.2,-21.2,0,66
4196,7.83,1.39,92,720.4,127.9,0,66
4197,7.84,2.63,91.8,719.7,241.4,0,66
4198,7.82,2.66,91.8,717.9,244.2,0,67
4199,7.81,2.63,91.8,717,241.4,0,67
4200,7.84,2.62,91.8,719.7,240.5,0,68
4201,7.84,2.58,91.7,718.9,236.6,0,68
4202,7.85,2.67,91.7,719.8,244.8,0,68
4203,7.85,2.59,91.7,719.8,237.5,0,68
4204,7.84,2.72,91.7,718.9,249.4,0,68
4205,7.84,2.61,91.7,718.9,239.3,0,69
4206,7.79,2.41,91.7,714.3,221,0,70
4207,7.8,1.67,91.8,716,153.3,0,71
4208,7.83,1.5,91.9,719.6,137.9,0,71
4209,7.83,2.23,91.7,718,204.5,0,71
4210,7.82,1.72,91.8,717.9,157.9,0,71
4211,7.83,2.01,91.8,718.8,184.5,0,71
4212,7.83,2.04,91.7,718,187.1,0,71
4213,7.81,2.23,91.7,716.2,204.5,0,70
4214,7.84,2.05,91.7,718.9,188,0,70
4215,7.84,2.4,91.7,718.9,220.1,0,70
4216,7.83,2.75,91.6,717.2,251.9,0,70
4217,7.84,2.49,91.6,718.1,228.1,0,70
4218,7.82,2.69,91.6,716.3,246.4,0,70
4219,7.84,2.59,91.6,718.1,237.2,0,70
4220,7.82,2.26,91.6,716.3,207,0,70
4221,7.85,2.39,91.6,719.1,218.9,0,70
4222,7.85,2.75,91.5,718.3,251.6,0,70
4223,7.83,2.49,91.6,717.2,228.1,0,69
4224,7.84,2.62,91.6,718.1,240,0,69
4225,7.81,2.64,91.6,715.4,241.8,0,69
4226,7.84,2.64,91.6,718.1,241.8,0,69
4227,7.83,2.51,91.6,717.2,229.9,0,69
4228,7.83,2.64,91.6,717.2,241.8,0,69
4229,7.82,2.64,91.6,716.3,241.8,0,68
4230,7.84,2.57,91.6,718.1,235.4,0,68
4231,7.83,2.69,91.5,716.4,246.1,0,68
4232,7.81,2.62,91.6,715.4,240,0,68
4233,7.84,2.73,91.5,717.4,249.8,0,69
4234,7.82,2.63,91.6,716.3,240.9,0,69
4235,7.82,1.56,91.7,717.1,143.1,0,69
4236,7.83,1.64,91.7,718,150.4,0,69
4237,7.79,1.63,91.7,714.3,149.5,0,69
4238,7.79,1.71,91.7,714.3,156.8,0,69
4239,7.82,1.62,91.7,717.1,148.6,0,69
4240,7.82,1.57,91.7,717.1,144,0,69
4241,7.81,1.6,91.7,716.2,146.7,0,69
4242,7.8,1.74,91.7,715.3,159.6,0,69
4243,7.81,1.66,91.7,716.2,152.2,0,69
4244,7.79,1.67,91.7,714.3,153.1,0,69
4245,7.82,1.66,91.7,717.1,152.2,0,69
4246,7.8,1.62,91.7,715.3,148.6,0,69
4247,7.82,1.63,91.8,717.9,149.6,0,68
4248,7.84,1.67,91.7,718.9,153.1,0,67
4249,7.83,1.58,91.8,718.8,145,0,66
4250,7.84,1.68,91.7,718.9,154.1,0,65
4251,7.84,1.68,91.7,718.9,154.1,0,64
4252,8.01,5.05,91.2,730.5,460.6,0,60
4253,7.99,5.42,91.1,727.9,493.8,0,57
4254,7.99,5.46,91,727.1,496.9,0,56
4255,7.96,5.46,91,724.4,496.9,0,58
4256,7.74,5.62,91,704.3,511.4,0,62
4257,7.77,5.26,91,707.1,478.7,0,67
4258,7.62,2.79,91.4,696.5,255,0,69
4259,7.71,2.72,91.4,704.7,248.6,0,69
4260,7.68,2.78,91.4,702,254.1,0,68
4261,7.69,2.82,91.5,703.6,258,0,67
4262,7.83,2.6,91.5,716.4,237.9,0,66
4263,7.66,2.76,91.5,700.9,252.5,0,65
4264,7.58,2.8,91.5,693.6,256.2,0,63
4265,7.77,6.56,90.9,706.3,596.3,0,63
4266,7.87,7.43,90.7,713.8,673.9,0,62
4267,8.11,11.52,90.1,730.7,1038,0,58
4268,7.81,11.76,90,702.9,1058.4,0,55
4269,7.82,14.71,89.5,699.9,1316.5,0,56
4270,7.81,14.8,89.5,699,1324.6,0,58
4271,7.88,18.01,88.9,700.5,1601.1,0,61
4272,7.95,17.56,88.9,706.8,1561.1,0,60
4273,7.92,17.44,88.9,704.1,1550.4,0,58
4274,7.85,17.64,88.9,697.9,1568.2,0,59
4275,7.74,16.56,88.9,688.1,1472.2,0,62
4276,7.67,11.32,89.7,688,1015.4,0,66
4277,7.67,9.32,90,690.3,838.8,0,67
4278,7.7,9.6,89.9,692.2,863,0,67
4279,7.66,10.11,89.9,688.6,908.9,0,67
4280,7.55,6.85,90.4,682.5,619.2,0,69
4281,7.55,5.39,90.6,684,488.3,0,69
4282,7.55,5.91,90.6,684,535.4,0,69
4283,7.58,6.37,90.5,686,576.5,0,69
4284,7.55,6.66,90.5,683.3,602.7,0,69
4285,7.54,6.14,90.5,682.4,555.7,0,69
4286,7.53,4.3,90.8,683.7,390.4,0,70
4287,7.52,4.28,90.9,683.6,389.1,0,70
4288,7.49,5.03,90.7,679.3,456.2,0,70
4289,7.47,3.8,90.9,679,345.4,0,70
4290,7.46,2.95,91.1,679.6,268.7,0,71
4291,7.43,2.71,91.1,676.9,246.9,0,71
4292,7.61,-0.34,91.6,697.1,-31.1,0,73
4293,7.66,0.45,91.5,700.9,41.2,0,72
4294,7.68,2.1,91.2,700.4,191.5,0,71
4295,7.64,1.95,91.3,697.5,178,0,71
4296,7.63,2.3,91.2,695.9,209.8,0,71
4297,7.63,2.21,91.3,696.6,201.8,0,71
4298,7.68,2.14,91.2,700.4,195.2,0,72
4299,7.67,2.01,91.3,700.3,183.5,0,72
4300,7.65,1.82,91.3,698.4,166.2,0,71
4301,7.64,1.56,91.4,698.3,142.6,0,72
4302,7.58,0.4,91.6,694.3,36.6,0,73
4303,7.63,0.99,91.4,697.4,90.5,0,72
4304,7.64,0.73,91.5,699.1,66.8,0,72
4305,7.63,1.39,91.4,697.4,127,0,72
4306,7.61,1.01,91.5,696.3,92.4,0,72
4307,7.65,2.01,91.3,698.4,183.5,0,72
4308,7.65,2.37,91.2,697.7,216.1,0,71
4309,7.6,1.81,91.3,693.9,165.3,0,72
4310,7.62,1.03,91.5,697.2,94.2,0,72
4311,7.64,2.29,91.2,696.8,208.8,0,71
4312,7.64,2.31,91.3,697.5,210.9,0,71
4313,7.68,2.19,91.3,701.2,199.9,0,71
4314,7.68,3.35,91.1,699.6,305.2,0,71
4315,7.68,2.9,91.2,700.4,264.5,0,71
4316,7.62,1.69,91.4,696.5,154.5,0,72
4317,7.58,1.11,91.5,693.6,101.6,0,72
4318,7.63,0.5,91.5,698.1,45.8,0,72
4319,7.67,2.39,91.2,699.5,218,0,71
4320,7.71,3.36,91.1,702.4,306.1,0,70
4321,7.65,3.48,91.1,696.9,317,0,71
4322,7.64,2.32,91.2,696.8,211.6,0,71
4323,7.66,2.18,91.2,698.6,198.8,0,71
4324,7.65,2.41,91.2,697.7,219.8,0,71
4325,7.64,2.05,91.3,697.5,187.2,0,71
4326,7.66,1.95,91.3,699.4,178,0,71
4327,7.7,3.44,91.1,701.5,313.4,0,71
4328,7.71,3.91,91,701.6,355.8,0,70
4329,7.7,4.63,90.9,699.9,420.9,0,70
4330,7.72,5.13,90.8,701,465.8,0,70
4331,7.77,5.8,90.7,704.7,526.1,0,69
4332,7.82,7.36,90.4,706.9,665.3,0,68
4333,7.79,8.24,90.2,702.7,743.2,0,68
4334,7.8,7.82,90.3,704.3,706.1,0,68
4335,7.73,5.96,90.5,699.6,539.4,0,69
4336,7.75,5.55,90.6,702.2,502.8,0,69
4337,7.76,6.44,90.4,701.5,582.2,0,69
4338,7.69,5.15,90.7,697.5,467.1,0,70
4339,7.68,3.76,90.9,698.1,341.8,0,70
4340,7.68,2.93,91,698.9,266.6,0,71
4341,7.75,4.81,90.7,702.9,436.3,0,69
4342,7.81,7.4,90.3,705.2,668.2,0,68
4343,7.82,8.1,90.2,705.4,730.6,0,67
4344,7.82,8.15,90.1,704.6,734.3,0,67
4345,7.77,5.9,90.5,703.2,534,0,69
4346,7.68,3.44,90.9,698.1,312.7,0,71
4347,7.6,1.04,91.2,693.1,94.8,0,72
4348,7.56,-0.73,91.5,691.7,-66.8,0,73
4349,7.53,-1.95,91.8,691.3,-179,0,74
4350,7.52,-2.73,91.9,691.1,-250.9,0,74
4351,7.48,-3.9,92.1,688.9,-359.2,0,75
4352,7.47,-3.43,92.1,688,-315.9,0,75
4353,7.52,-2.78,92,691.8,-255.8,0,74
4354,7.57,-1.18,91.8,694.9,-108.3,0,73
4355,7.59,0.26,91.6,695.2,23.8,0,72
4356,7.63,1.74,91.3,696.6,158.9,0,72
4357,7.63,1.67,91.3,696.6,152.5,0,72
4358,7.62,1.66,91.3,695.7,151.6,0,71
4359,7.63,1.5,91.3,696.6,137,0,72
4360,7.68,1.91,91.2,700.4,174.2,0,71
4361,7.65,2.51,91.2,697.7,228.9,0,71
4362,7.64,2.63,91.1,696,239.6,0,71
4363,7.66,3.29,91,697.1,299.4,0,71
4364,7.8,5.83,90.6,706.7,528.2,0,69
4365,7.82,7.7,90.3,706.1,695.3,0,68
4366,7.73,6.02,90.5,699.6,544.8,0,69
4367,7.61,3.5,90.9,691.7,318.2,0,71
4368,7.56,0.53,91.4,691,48.4,0,72
4369,7.55,-0.51,91.5,690.8,-46.7,0,73
4370,7.63,1.2,91.3,696.6,109.6,0,72
4371,7.7,1.2,91.3,703,109.6,0,72
4372,7.73,1.71,91.3,705.7,156.1,0,71
4373,7.72,2.46,91.1,703.3,224.1,0,71
4374,7.78,3.83,90.9,707.2,348.1,0,70
4375,7.79,3.84,90.9,708.1,349.1,0,70
4376,7.71,0.87,91.3,703.9,79.4,0,72
4377,7.6,-3.73,92,699.2,-343.2,0,75
4378,7.32,-10.03,93,680.8,-932.8,0,79
4379,7.15,-16.81,94.1,672.8,-1581.8,0,83
4380,7.2,-18.13,94.4,679.7,-1711.5,0,83
4381,7.42,-11.85,93.5,693.8,-1108,0,79
4382,7.5,-6.15,92.7,695.3,-570.1,0,76
4383,7.49,-5.94,92.6,693.6,-550,0,76
4384,7.58,-3.07,92.2,698.9,-283.1,0,73
4385,7.58,-2.12,92.1,698.1,-195.3,0,72
4386,7.52,-1.75,92,691.8,-161,0,72
4387,7.55,-1.86,92,694.6,-171.1,0,74
4388,7.61,-0.52,91.9,699.4,-47.8,0,73
4389,7.69,1.82,91.4,702.9,166.3,0,71
4390,7.82,6.42,90.7,709.3,582.3,0,68
4391,7.79,6.53,90.7,706.6,592.3,0,67
4392,7.7,5.95,90.7,698.4,539.7,0,69
4393,7.72,4.45,90.9,701.7,404.5,0,70
4394,7.73,4.46,90.9,702.7,405.4,0,70
4395,7.77,6.29,90.6,704,569.9,0,68
4396,7.78,6.85,90.5,704.1,619.9,0,68
4397,7.73,4.66,90.8,701.9,423.1,0,70
4398,7.56,0.58,91.5,691.7,53.1,0,73
4399,7.56,-1.79,91.8,694,-164.3,0,73
4400,7.63,0.36,91.5,698.1,32.9,0,72
4401,7.69,2.3,91.3,702.1,210,0,71
4402,7.73,4.56,90.8,701.9,414,0,70
4403,7.76,5.57,90.7,703.8,505.2,0,69
4404,7.76,5.8,90.6,703.1,525.5,0,69
4405,7.72,5.63,90.7,700.2,510.6,0,69
4406,7.71,5.24,90.6,698.5,474.7,0,69
4407,7.74,5.7,90.6,701.2,516.4,0,69
4408,7.71,6.57,90.4,697,593.9,0,68
4409,7.77,7.18,90.3,701.6,648.4,0,67
4410,7.84,9.97,89.9,704.8,896.3,0,67
4411,7.86,9,90,707.4,810,0,66
4412,8.03,12.48,89.5,718.7,1117,0,64
4413,8.1,13.96,89.2,722.5,1245.2,0,61
4414,8.11,16.05,88.8,720.2,1425.2,0,59
4415,8.05,17.38,88.6,713.2,1539.9,0,60
4416,8.04,17.78,88.6,712.3,1575.3,0,61
4417,7.99,16.69,88.6,707.9,1478.7,0,63
4418,7.83,11.83,89.2,698.4,1055.2,0,66
4419,7.75,6.31,90.1,698.3,568.5,0,68
4420,7.7,4.11,90.5,696.9,372,0,70
4421,7.74,2.26,90.8,702.8,205.2,0,71
4422,7.65,1.25,91,696.2,113.8,0,72
4423,7.62,-0.08,91.2,694.9,-7.3,0,72
4424,7.59,-0.62,91.3,693,-56.6,0,73
4425,7.62,-0.06,91.3,695.7,-5.5,0,73
4426,7.58,-0.4,91.3,692.1,-36.5,0,73
4427,7.54,-0.6,91.4,689.2,-54.8,0,73
4428,7.55,-0.17,91.4,690.1,-15.5,0,73
4429,7.56,0.04,91.4,691,3.7,0,73
4430,7.55,0.36,91.3,689.3,32.9,0,73
4431,7.52,-0.16,91.4,687.3,-14.6,0,73
4432,7.53,-0.25,91.4,688.2,-22.9,0,73
4433,7.53,-0.31,91.5,689,-28.4,0,73
4434,7.57,-0.17,91.4,691.9,-15.5,0,73
4435,7.61,0.23,91.4,695.6,21,0,72
4436,7.62,0.62,91.2,694.9,56.5,0,72
4437,7.65,0.39,91.3,698.4,35.6,0,72
4438,7.67,0,91.5,701.8,0,0,72
4439,7.63,0.25,91.4,697.4,22.9,0,72
4440,7.6,-1.13,91.6,696.2,-103.5,0,73
4441,7.51,-3.54,91.9,690.2,-325.3,0,75
4442,7.45,-6.14,92.3,687.6,-566.7,0,76
4443,7.49,-6.22,92.4,692.1,-574.7,0,76
4444,7.55,-5.36,92.3,696.9,-494.7,0,75
4445,7.57,-4.06,92.1,697.2,-373.9,0,75
4446,7.57,-3.7,92.1,697.2,-340.8,0,75
4447,7.55,-4.5,92.2,696.1,-414.9,0,75
4448,7.59,-3.18,92,698.3,-292.6,0,74
4449,7.65,-0.16,91.6,700.7,-14.7,0,73
4450,7.63,0.25,91.5,698.1,22.9,0,72
4451,7.62,0.33,91.5,697.2,30.2,0,72
4452,7.63,0.08,91.5,698.1,7.3,0,72
4453,7.66,0.59,91.4,700.1,53.9,0,71
4454,7.67,1.22,91.3,700.3,111.4,0,71
4455,7.64,1.29,91.3,697.5,117.8,0,71
4456,7.6,-0.05,91.5,695.4,-4.6,0,72
4457,7.55,-2,91.8,693.1,-183.6,0,74
4458,7.49,-3.78,92.1,689.8,-348.1,0,75
4459,7.46,-4.53,92.2,687.8,-417.7,0,75
4460,7.47,-3.06,92,687.2,-281.5,0,74
4461,7.5,-1.95,91.9,689.3,-179.2,0,74
4462,7.53,-1.53,91.8,691.3,-140.5,0,73
4463,7.56,-0.95,91.7,693.3,-87.1,0,72
4464,7.61,-0.1,91.6,697.1,-9.2,0,70
4465,7.62,-0.18,91.6,698,-16.5,0,68
4466,7.75,6.58,90.5,701.4,595.5,0,67
4467,7.81,6.99,90.4,706,631.9,0,67
4468,7.78,7.07,90.4,703.3,639.1,0,68
4469,7.76,6,90.5,702.3,543,0,69
4470,7.77,5.65,90.5,703.2,511.3,0,69
4471,7.76,5.96,90.5,702.3,539.4,0,69
4472,7.73,5.23,90.5,699.6,473.3,0,69
4473,7.69,3.92,90.7,697.5,355.5,0,70
4474,7.69,2.94,90.9,699,267.2,0,70
4475,7.66,3.14,90.9,696.3,285.4,0,70
4476,7.7,3.12,90.9,699.9,283.6,0,70
4477,7.75,4.47,90.7,702.9,405.4,0,70
4478,7.75,5.66,90.4,700.6,511.7,0,69
4479,7.79,6.68,90.3,703.4,603.2,0,68
4480,7.81,6.8,90.3,705.2,614,0,67
4481,7.81,7.44,90.1,703.7,670.3,0,67
4482,7.79,7.66,90,701.1,689.4,0,67
4483,7.8,6.72,90.2,703.6,606.1,0,68
4484,7.74,5.1,90.4,699.7,461,0,69
4485,7.7,3.53,90.7,698.4,320.2,0,70
4486,7.64,1.63,91,695.2,148.3,0,71
4487,7.55,-0.8,91.4,690.1,-73.1,0,73
4488,7.57,-1.85,91.5,692.7,-169.3,0,73
4489,7.58,-2.06,91.6,694.3,-188.7,0,73
4490,7.66,0.24,91.3,699.4,21.9,0,72
4491,7.74,3.92,90.7,702,355.5,0,70
4492,7.83,6.31,90.3,707,569.8,0,68
4493,7.83,7.91,90,704.7,711.9,0,67
4494,7.85,9.01,89.9,705.7,810,0,67
4495,7.86,9.25,89.7,705,829.7,0,67
4496,7.84,8.14,89.9,704.8,731.8,0,67
4497,7.88,8.49,89.9,708.4,763.3,0,67
4498,7.84,8.1,89.9,704.8,728.2,0,67
4499,7.83,7.98,89.8,703.1,716.6,0,68
4500,7.8,6.44,90.1,702.8,580.2,0,68
4501,7.78,5.55,90.3,702.5,501.2,0,69
4502,7.75,4.56,90.4,700.6,412.2,0,70
4503,7.79,4.82,90.4,704.2,435.7,0,69
4504,7.79,5.88,90.2,702.7,530.4,0,68
4505,7.76,5,90.3,700.7,451.5,0,69
4506,7.65,3.61,90.5,692.3,326.7,0,70
4507,7.6,0.88,91,691.6,80.1,0,72
4508,7.59,-0.26,91.2,692.2,-23.7,0,73
4509,7.51,-0.85,91.3,685.7,-77.6,0,73
4510,7.49,-1.48,91.4,684.6,-135.3,0,73
4511,7.45,-2,91.5,681.7,-183,0,74
4512,7.4,-4.71,91.9,680.1,-432.8,0,75
4513,7.29,-8.4,92.5,674.3,-777,0,77
4514,7.24,-12.29,93.2,674.8,-1145.4,0,79
4515,7.33,-11.28,93.1,682.4,-1050.2,0,79
4516,7.48,-6.18,92.3,690.4,-570.4,0,76
4517,7.47,-3.93,92,687.2,-361.6,0,75
4518,7.45,-4.53,92.1,686.1,-417.2,0,75
4519,7.53,-2.52,91.8,691.3,-231.3,0,74
4520,7.63,-0.06,91.4,697.4,-5.5,0,72
4521,7.71,3.5,90.9,700.8,318.2,0,70
4522,7.81,6.55,90.4,706,592.1,0,68
4523,7.76,6.61,90.3,700.7,596.9,0,68
4524,7.72,4.83,90.6,699.4,437.6,0,69
4525,7.68,3.34,90.8,697.3,303.3,0,70
4526,7.74,3.98,90.6,701.2,360.6,0,70
4527,7.79,5.26,90.5,705,476,0,69
4528,7.82,7.18,90.1,704.6,646.9,0,68
4529,7.82,7.53,90.1,704.6,678.5,0,68
4530,7.77,7.05,90.1,700.1,635.2,0,68
4531,7.75,6.86,90.1,698.3,618.1,0,68
4532,7.78,6.68,90.1,701,601.9,0,68
4533,7.81,6.78,90.1,703.7,610.9,0,68
4534,7.7,5.47,90.3,695.3,493.9,0,69
4535,7.64,3.97,90.5,691.4,359.3,0,70
4536,7.63,2.98,90.7,692,270.3,0,70
4537,7.56,2.26,90.8,686.4,205.2,0,71
4538,7.54,1.49,90.9,685.4,135.4,0,72
4539,7.55,1.08,91,687.1,98.3,0,72
4540,7.46,-0.66,91.2,680.4,-60.2,0,73
4541,7.49,-1,91.4,684.6,-91.4,0,73
4542,7.51,-0.83,91.3,685.7,-75.8,0,73
4543,7.5,-0.25,91.3,684.8,-22.8,0,72
4544,7.49,0.52,91.2,683.1,47.4,0,72
4545,7.5,0.32,91.1,683.3,29.2,0,72
4546,7.53,-0.04,91.2,686.7,-3.6,0,72
4547,7.5,-0.2,91.3,684.8,-18.3,0,72
4548,7.45,-0.36,91.3,680.2,-32.9,0,73
4549,7.5,-0.65,91.3,684.8,-59.3,0,73
4550,7.48,-0.92,91.4,683.7,-84.1,0,73
4551,7.48,-0.85,91.4,683.7,-77.7,0,73
4552,7.49,-0.3,91.3,683.8,-27.4,0,72
4553,7.53,0.97,91.1,686,88.4,0,72
4554,7.55,0.51,91.2,688.6,46.5,0,72
4555,7.51,1.26,91.1,684.2,114.8,0,72
4556,7.52,1.46,91,684.3,132.9,0,71
4557,7.56,2.19,90.9,687.2,199.1,0,71
4558,7.59,2.86,90.8,689.2,259.7,0,71
4559,7.55,2.15,90.9,686.3,195.4,0,71
4560,7.53,1.45,91,685.2,132,0,71
4561,7.53,0.82,91.1,686,74.7,0,72
4562,7.53,1.41,91,685.2,128.3,0,72
4563,7.55,1.64,91,687.1,149.2,0,72
4564,7.5,1.07,91.1,683.3,97.5,0,72
4565,7.55,0.47,91.2,688.6,42.9,0,72
4566,7.52,1.04,91.1,685.1,94.7,0,72
4567,7.47,-0.2,91.3,682,-18.3,0,72
4568,7.49,-0.45,91.3,683.8,-41.1,0,73
4569,7.45,-0.1,91.3,680.2,-9.1,0,73
4570,7.45,-0.49,91.3,680.2,-44.7,0,73
4571,7.46,-0.78,91.4,681.8,-71.3,0,73
4572,7.49,-0.51,91.4,684.6,-46.6,0,73
4573,7.5,-0.23,91.3,684.8,-21,0,72
4574,7.48,-0.13,91.3,682.9,-11.9,0,73
4575,7.49,0.46,91.2,683.1,42,0,72
4576,7.47,0.21,91.2,681.3,19.2,0,72
4577,7.59,0.12,91.3,693,11,0,72
4578,7.59,1.43,91,690.7,130.1,0,72
4579,7.59,1.21,91.1,691.4,110.2,0,72
4580,7.56,2.01,91,688,182.9,0,71
4581,7.57,2.76,90.9,688.1,250.9,0,71
4582,7.58,3.03,90.8,688.3,275.1,0,70
4583,7.66,5.12,90.4,692.5,462.8,0,69
4584,7.71,6.37,90.2,695.4,574.6,0,68
4585,7.7,5.74,90.3,695.3,518.3,0,69
4586,7.66,5.59,90.3,691.7,504.8,0,69
4587,7.7,5.57,90.3,695.3,503,0,69
4588,7.68,5.91,90.2,692.7,533.1,0,69
4589,7.68,5.81,90.2,692.7,524.1,0,69
4590,7.63,5.7,90.2,688.2,514.1,0,69
4591,7.69,5.55,90.2,693.6,500.6,0,69
4592,7.68,5.41,90.2,692.7,488,0,69
4593,7.65,4.86,90.3,690.8,438.9,0,69
4594,7.64,4.86,90.3,689.9,438.9,0,69
4595,7.62,4.63,90.3,688.1,418.1,0,69
4596,7.62,4.61,90.3,688.1,416.3,0,70
4597,7.6,4.03,90.4,687,364.3,0,70
4598,7.61,3.43,90.6,689.5,310.8,0,70
4599,7.56,2.37,90.7,685.7,215,0,71
4600,7.54,2.3,90.7,683.9,208.6,0,71
4601,7.52,1.52,90.8,682.8,138,0,72
4602,7.49,0.61,91,681.6,55.5,0,72
4603,7.52,0.51,91,684.3,46.4,0,72
4604,7.52,1.18,90.9,683.6,107.3,0,72
4605,7.5,0.61,91,682.5,55.5,0,72
4606,7.48,0.56,91,680.7,51,0,72
4607,7.51,0.84,91,683.4,76.4,0,72
4608,7.47,0.47,91.1,680.5,42.8,0,72
4609,7.49,0.97,90.9,680.8,88.2,0,72
4610,7.49,-0.11,91.2,683.1,-10,0,72
4611,7.49,-0.06,91.2,683.1,-5.5,0,72
4612,7.48,0.37,91.1,681.4,33.7,0,72
4613,7.55,0.49,91.1,687.8,44.6,0,72
4614,7.51,1.34,90.9,682.7,121.8,0,72
4615,7.52,1.91,90.9,683.6,173.6,0,71
4616,7.53,1.91,90.8,683.7,173.4,0,71
4617,7.54,2.05,90.8,684.6,186.1,0,71
4618,7.53,1.9,90.9,684.5,172.7,0,71
4619,7.56,2.6,90.7,685.7,235.8,0,71
4620,7.59,3.16,90.7,688.4,286.6,0,70
4621,7.64,4.46,90.4,690.7,403.2,0,69
4622,7.65,5.76,90.2,690,519.6,0,69
4623,7.67,6.03,90.1,691.1,543.3,0,68
4624,7.64,5.1,90.3,689.9,460.5,0,69
4625,7.6,4.54,90.3,686.3,410,0,70
4626,7.57,3.77,90.4,684.3,340.8,0,70
4627,7.56,2.87,90.6,684.9,260,0,70
4628,7.56,2.76,90.6,684.9,250.1,0,70
4629,7.56,3.13,90.6,684.9,283.6,0,70
4630,7.55,2.18,90.7,684.8,197.7,0,71
4631,7.57,2.47,90.6,685.8,223.8,0,71
4632,7.55,2.06,90.7,684.8,186.8,0,71
4633,7.51,2.07,90.7,681.2,187.7,0,71
4634,7.54,2.3,90.7,683.9,208.6,0,71
4635,7.52,1.75,90.8,682.8,158.9,0,71
4636,7.55,1.57,90.8,685.5,142.6,0,71
4637,7.5,1.53,90.9,681.8,139.1,0,71
4638,7.5,1.81,90.8,681,164.3,0,71
4639,7.51,2.08,90.7,681.2,188.7,0,71
4640,7.5,1.87,90.7,680.3,169.6,0,71
4641,7.49,1.59,90.8,680.1,144.4,0,71
4642,7.45,0.93,90.9,677.2,84.5,0,72
4643,7.49,0.64,91,681.6,58.2,0,72
4644,7.48,0.93,90.9,679.9,84.5,0,72
4645,7.53,1.92,90.8,683.7,174.3,0,71
4646,7.56,2.7,90.7,685.7,244.9,0,70
4647,7.52,2.65,90.7,682.1,240.4,0,70
4648,7.53,3.15,90.6,682.2,285.4,0,70
4649,7.52,3.21,90.6,681.3,290.8,0,70
4650,7.5,2.23,90.7,680.3,202.3,0,71
4651,7.51,2.66,90.6,680.4,241,0,71
4652,7.49,1.88,90.7,679.3,170.5,0,71
4653,7.5,1.93,90.8,681,175.2,0,71
4654,7.52,2.59,90.6,681.3,234.7,0,71
4655,7.53,2.48,90.7,683,224.9,0,70
4656,7.55,2.72,90.6,684,246.4,0,70
4657,7.54,3.34,90.5,682.4,302.3,0,70
4658,7.54,3.76,90.4,681.6,339.9,0,70
4659,7.56,3.78,90.4,683.4,341.7,0,70
4660,7.56,3.63,90.4,683.4,328.2,0,70
4661,7.56,3.7,90.4,683.4,334.5,0,70
4662,7.57,3.65,90.4,684.3,330,0,70
4663,7.54,3.77,90.4,681.6,340.8,0,70
4664,7.57,3.8,90.4,684.3,343.5,0,70
4665,7.55,3.57,90.4,682.5,322.7,0,70
4666,7.56,3.38,90.4,683.4,305.6,0,70
4667,7.56,3.24,90.5,684.2,293.2,0,70
4668,7.54,3.36,90.5,682.4,304.1,0,70
4669,7.55,3.16,90.5,683.3,286,0,70
4670,7.53,3.05,90.5,681.5,276,0,70
4671,7.55,3.22,90.5,683.3,291.4,0,70
4672,7.57,3.25,90.5,685.1,294.1,0,70
4673,7.56,3.05,90.5,684.2,276,0,70
4674,7.54,2.92,90.5,682.4,264.3,0,70
4675,7.52,2.91,90.4,679.8,263.1,0,70
4676,7.53,3.24,90.4,680.7,292.9,0,70
4677,7.52,3.3,90.5,680.6,298.7,0,70
4678,7.55,3.31,90.5,683.3,299.6,0,70
4679,7.55,3.33,90.4,682.5,301,0,70
4680,7.54,3.4,90.4,681.6,307.4,0,70
4681,7.57,3.54,90.4,684.3,320,0,70
4682,7.56,3.2,90.5,684.2,289.6,0,70
4683,7.55,2.79,90.5,683.3,252.5,0,70
4684,7.53,2.71,90.5,681.5,245.3,0,70
4685,7.52,2.95,90.5,680.6,267,0,70
4686,7.52,3.1,90.4,679.8,280.2,0,70
4687,7.52,3.43,90.4,679.8,310.1,0,70
4688,7.54,3.49,90.3,680.9,315.1,0,70
4689,7.53,3.8,90.3,680,343.1,0,70
4690,7.55,3.72,90.3,681.8,335.9,0,70
4691,7.53,3.65,90.3,680,329.6,0,70
4692,7.51,3.58,90.3,678.2,323.3,0,70
4693,7.51,3.26,90.4,678.9,294.7,0,70
4694,7.51,3.12,90.4,678.9,282,0,70
4695,7.52,2.58,90.5,680.6,233.5,0,71
4696,7.51,2.48,90.5,679.7,224.4,0,70
4697,7.52,3.06,90.4,679.8,276.6,0,70
4698,7.52,3.13,90.4,679.8,283,0,70
4699,7.51,2.74,90.5,679.7,248,0,70
4700,7.49,3.13,90.4,677.1,283,0,70
4701,7.54,3.51,90.4,681.6,317.3,0,70
4702,7.52,3.8,90.3,679.1,343.1,0,70
4703,7.55,3.95,90.3,681.8,356.7,0,70
4704,7.56,3.74,90.3,682.7,337.7,0,70
4705,7.52,3.29,90.4,679.8,297.4,0,70
4706,7.52,3.2,90.4,679.8,289.3,0,70
4707,7.53,2.85,90.4,680.7,257.6,0,70
4708,7.54,2.86,90.4,681.6,258.5,0,70
4709,7.51,2.99,90.4,678.9,270.3,0,70
4710,7.52,3.15,90.3,679.1,284.4,0,70
4711,7.51,2.81,90.5,679.7,254.3,0,70
4712,7.49,2.64,90.5,677.8,238.9,0,70
4713,7.5,2.85,90.4,678,257.6,0,70
4714,7.51,2.72,90.4,678.9,245.9,0,70
4715,7.49,3.2,90.3,676.3,289,0,70
4716,7.48,3.28,90.3,675.4,296.2,0,70
4717,7.49,3.3,90.3,676.3,298,0,70
4718,7.47,2.74,90.4,675.3,247.7,0,70
4719,7.47,1.92,90.5,676,173.8,0,71
4720,7.47,1.66,90.7,677.5,150.6,0,71
4721,7.45,1.97,90.5,674.2,178.3,0,71
4722,7.44,1.84,90.5,673.3,166.5,0,71
4723,7.39,1.28,90.7,670.3,116.1,0,72
4724,7.34,-0.84,91,667.9,-76.4,0,73
4725,7.34,-2.26,91.2,669.4,-206.1,0,73
4726,7.29,-3.34,91.4,666.3,-305.3,0,74
4727,7.29,-3.93,91.5,667,-359.6,0,74
4728,7.29,-3.95,91.5,667,-361.4,0,74
4729,7.28,-3.61,91.5,666.1,-330.3,0,74
4730,7.33,-3.04,91.4,670,-277.9,0,74
4731,7.33,-2.06,91.3,669.2,-188.1,0,74
4732,7.35,-2.1,91.3,671.1,-191.7,0,73
4733,7.35,-1.13,91.1,669.6,-102.9,0,73
4734,7.36,-0.84,91.2,671.2,-76.6,0,73
4735,7.37,0.08,91,670.7,7.3,0,72
4736,7.39,0.44,90.9,671.8,40,0,72
4737,7.38,1.34,90.8,670.1,121.7,0,72
4738,7.41,1.64,90.8,672.8,148.9,0,71
4739,7.39,1.6,90.7,670.3,145.1,0,71
4740,7.43,2.51,90.6,673.2,227.4,0,71
4741,7.4,2.2,90.6,670.4,199.3,0,71
4742,7.43,2.77,90.5,672.4,250.7,0,71
4743,7.46,2.72,90.6,675.9,246.4,0,70
4744,7.46,2.53,90.5,675.1,229,0,70
4745,7.48,2.84,90.5,676.9,257,0,71
4746,7.48,1.68,90.7,678.4,152.4,0,71
4747,7.5,1.4,90.7,680.3,127,0,71
4748,7.53,1.6,90.7,683,145.1,0,71
4749,7.54,1.33,90.7,683.9,120.6,0,71
4750,7.5,1.25,90.8,681,113.5,0,71
4751,7.53,1.38,90.7,683,125.2,0,71
4752,7.57,1.88,90.7,686.6,170.5,0,71
4753,7.57,2.34,90.6,685.8,212,0,71
4754,7.6,2.82,90.5,687.8,255.2,0,70
4755,7.59,2.31,90.6,687.7,209.3,0,70
4756,7.58,2.77,90.5,686,250.7,0,70
4757,7.56,3.25,90.4,683.4,293.8,0,70
4758,7.59,2.62,90.5,686.9,237.1,0,70
4759,7.57,2.44,90.5,685.1,220.8,0,70
4760,7.59,2.95,90.4,686.1,266.7,0,70
4761,7.61,3.62,90.3,687.2,326.9,0,70
4762,7.57,4.22,90.2,682.8,380.6,0,69
4763,7.49,3.9,90.3,676.3,352.2,0,70
4764,7.48,2.85,90.4,676.2,257.6,0,70
4765,7.41,1.89,90.6,671.3,171.2,0,71
4766,7.43,0.08,90.9,675.4,7.3,0,72
4767,7.42,-0.36,90.9,674.5,-32.7,0,73
4768,7.47,-0.07,90.9,679,-6.4,0,72
4769,7.44,1.63,90.6,674.1,147.7,0,71
4770,7.48,2.13,90.6,677.7,193,0,70
4771,7.46,2.81,90.5,675.1,254.3,0,70
4772,7.43,2.67,90.4,671.7,241.4,0,71
4773,7.42,1.87,90.6,672.3,169.4,0,71
4774,7.43,0.98,90.7,673.9,88.9,0,71
4775,7.34,0.33,90.8,666.5,30,0,72
4776,7.36,0.5,90.8,668.3,45.4,0,72
4777,7.34,-0.84,91,667.9,-76.4,0,72
4778,7.32,-1.16,91.1,666.9,-105.7,0,73
4779,7.3,-1.45,91.1,665,-132.1,0,73
4780,7.34,-0.59,91,667.9,-53.7,0,72
4781,7.45,2.11,90.6,675,191.2,0,71
4782,7.55,4.38,90.2,681,395.1,0,69
4783,7.62,6.84,89.8,684.3,614.2,0,67
4784,7.63,8.82,89.5,682.9,789.4,0,67
4785,7.6,8.47,89.5,680.2,758.1,0,67
4786,7.52,7.07,89.7,674.5,634.2,0,68
4787,7.49,5.42,89.9,673.4,487.3,0,69
4788,7.41,3.33,90.2,668.4,300.4,0,70
4789,7.39,0.33,90.7,670.3,29.9,0,72
4790,7.31,-1.73,91.1,665.9,-157.6,0,73
4791,7.25,-4.51,91.5,663.4,-412.7,0,75
4792,7.15,-8.01,92,657.8,-736.9,0,77
4793,7.09,-10,92.4,655.1,-924,0,78
4794,7.15,-9.12,92.3,659.9,-841.8,0,77
4795,7.2,-6.27,91.9,661.7,-576.2,0,76
4796,7.27,-3.4,91.5,665.2,-311.1,0,74
4797,7.32,-1.02,91.1,666.9,-92.9,0,73
4798,7.32,-0.15,91,666.1,-13.7,0,72
4799,7.32,0.86,90.9,665.4,78.2,0,72
4800,7.35,1.09,90.8,667.4,99,0,72
4801,7.36,0.92,90.9,669,83.6,0,72
4802,7.38,0.67,90.9,670.8,60.9,0,72
4803,7.39,1.01,90.8,671,91.7,0,71
4804,7.4,2.07,90.7,671.2,187.7,0,71
4805,7.42,3.47,90.4,670.8,313.7,0,70
4806,7.42,3.47,90.3,670,313.3,0,70
4807,7.42,3.16,90.4,670.8,285.7,0,70
4808,7.38,2.94,90.4,667.2,265.8,0,71
4809,7.38,2.16,90.6,668.6,195.7,0,71
4810,7.44,2.65,90.5,673.3,239.8,0,71
4811,7.41,2.59,90.5,670.6,234.4,0,70
4812,7.44,3.51,90.4,672.6,317.3,0,70
4813,7.42,3.81,90.3,670,344,0,70
4814,7.38,3.09,90.4,667.2,279.3,0,70
4815,7.4,2.15,90.6,670.4,194.8,0,71
4816,7.3,1.96,90.6,661.4,177.6,0,71
4817,7.3,0.66,90.8,662.8,59.9,0,72
4818,7.32,0,90.8,664.7,0,0,72
4819,7.3,0.52,90.8,662.8,47.2,0,72
4820,7.32,0.75,90.7,663.9,68,0,71
4821,7.35,1.29,90.7,666.6,117,0,71
4822,7.33,1.81,90.6,664.1,164,0,71
4823,7.36,2.31,90.5,666.1,209.1,0,71
4824,7.35,1.76,90.6,665.9,159.5,0,71
4825,7.33,1.86,90.6,664.1,168.5,0,71
4826,7.33,2.06,90.5,663.4,186.4,0,71
4827,7.31,1.37,90.6,662.3,124.1,0,71
4828,7.28,0.4,90.8,661,36.3,0,72
4829,7.33,0.02,90.8,665.6,1.8,0,72
4830,7.31,-0.77,91,665.2,-70.1,0,72
4831,7.29,-0.75,91,663.4,-68.3,0,72
4832,7.3,0.18,90.9,663.6,16.4,0,72
4833,7.33,0.73,90.7,664.8,66.2,0,71
4834,7.34,1.79,90.6,665,162.2,0,71
4835,7.35,2.49,90.5,665.2,225.3,0,71
4836,7.38,1.79,90.6,668.6,162.2,0,71
4837,7.33,2.23,90.5,663.4,201.8,0,71
4838,7.35,2.4,90.5,665.2,217.2,0,71
4839,7.35,2.33,90.5,665.2,210.9,0,71
4840,7.32,1.91,90.6,663.2,173,0,71
4841,7.32,1.5,90.6,663.2,135.9,0,71
4842,7.34,1.45,90.6,665,131.4,0,71
4843,7.31,2.32,90.5,661.6,210,0,71
4844,7.36,2.55,90.4,665.3,230.5,0,70
4845,7.37,3.44,90.3,665.5,310.6,0,70
4846,7.39,4,90.2,666.6,360.8,0,70
4847,7.39,4.81,90.1,665.8,433.4,0,69
4848,7.39,4.86,90,665.1,437.4,0,69
4849,7.42,4.62,90,667.8,415.8,0,69
4850,7.4,3.92,90.1,666.7,353.2,0,70
4851,7.35,3.81,90.2,663,343.7,0,70
4852,7.36,3.62,90.2,663.9,326.5,0,70
4853,7.38,3.66,90.2,665.7,330.1,0,70
4854,7.38,3.48,90.2,665.7,313.9,0,70
4855,7.37,3.59,90.2,664.8,323.8,0,70
4856,7.38,3.68,90.1,664.9,331.6,0,70
4857,7.38,4.16,90.1,664.9,374.8,0,69
4858,7.41,4.57,90,666.9,411.3,0,69
4859,7.41,4.67,90,666.9,420.3,0,69
4860,7.4,5,89.9,665.3,449.5,0,69
4861,7.39,5.03,89.9,664.4,452.2,0,69
4862,7.41,5.09,89.9,666.2,457.6,0,69
4863,7.39,4.99,89.9,664.4,448.6,0,69
4864,7.37,4.61,89.9,662.6,414.4,0,69
4865,7.34,3.46,90.1,661.3,311.7,0,70
4866,7.32,2.3,90.4,661.7,207.9,0,70
4867,7.33,2.19,90.3,661.9,197.8,0,71
4868,7.31,1.41,90.5,661.6,127.6,0,71
4869,7.28,1.56,90.5,658.8,141.2,0,71
4870,7.3,1.53,90.5,660.7,138.5,0,71
4871,7.28,1.34,90.5,658.8,121.3,0,71
4872,7.27,1.11,90.6,658.7,100.6,0,71
4873,7.29,0.89,90.6,660.5,80.6,0,72
4874,7.26,0.43,90.7,658.5,39,0,72
4875,7.3,0.63,90.7,662.1,57.1,0,71
4876,7.29,0.84,90.6,660.5,76.1,0,72
4877,7.27,1.04,90.6,658.7,94.2,0,72
4878,7.26,1.37,90.5,657,124,0,71
4879,7.27,1.43,90.5,657.9,129.4,0,71
4880,7.26,1.47,90.5,657,133,0,71
4881,7.26,1.22,90.6,657.8,110.5,0,72
4882,7.26,1.19,90.6,657.8,107.8,0,71
4883,7.26,1.01,90.6,657.8,91.5,0,71
4884,7.24,0.8,90.7,656.7,72.6,0,71
4885,7.24,0.69,90.7,656.7,62.6,0,71
4886,7.25,0.47,90.7,657.6,42.6,0,71
4887,7.25,0.68,90.6,656.9,61.6,0,72
4888,7.26,1.03,90.6,657.8,93.3,0,72
4889,7.22,0.92,90.6,654.1,83.4,0,72
4890,7.28,0.97,90.7,660.3,88,0,71
4891,7.26,1.11,90.6,657.8,100.6,0,71
4892,7.27,1.13,90.6,658.7,102.4,0,71
4893,7.28,1.27,90.6,659.6,115.1,0,71
4894,7.24,1.48,90.6,655.9,134.1,0,71
4895,7.24,1.57,90.5,655.2,142.1,0,71
4896,7.27,1.54,90.5,657.9,139.4,0,71
4897,7.33,2.64,90.3,661.9,238.4,0,70
4898,7.46,4.5,90.1,672.1,405.5,0,69
4899,7.42,7.08,89.6,664.8,634.4,0,68
4900,7.39,6.01,89.8,663.6,539.7,0,68
4901,7.36,4.79,89.9,661.7,430.6,0,69
4902,7.31,3.17,90.2,659.4,285.9,0,70
4903,7.29,2.4,90.3,658.3,216.7,0,70
4904,7.24,1.54,90.5,655.2,139.4,0,71
4905,7.18,-0.65,90.8,651.9,-59,0,72
4906,7.15,-2.18,91,650.7,-198.4,0,73
4907,7.16,-2.3,91,651.6,-209.3,0,74
4908,7.22,-1.5,91,657,-136.5,0,73
4909,7.25,0.32,90.7,657.6,29,0,72
4910,7.22,0.48,90.7,654.9,43.5,0,72
4911,7.25,0.52,90.7,657.6,47.2,0,71
4912,7.17,0.01,90.7,650.3,0.9,0,72
4913,7.13,-1.52,91,648.8,-138.3,0,73
4914,7.12,-2.68,91.2,649.3,-244.4,0,74
4915,7.11,-3.08,91.3,649.1,-281.2,0,74
4916,7.09,-3.76,91.3,647.3,-343.3,0,74
4917,7.1,-3.44,91.3,648.2,-314.1,0,74
4918,7.15,-1.52,91.1,651.4,-138.5,0,73
4919,7.22,-0.14,90.9,656.3,-12.7,0,72
4920,7.2,0.4,90.7,653,36.3,0,72
4921,7.23,1.28,90.6,655,116,0,72
4922,7.22,1.54,90.6,654.1,139.5,0,71
4923,7.23,2.03,90.5,654.3,183.7,0,71
4924,7.26,1.69,90.5,657,152.9,0,71
4925,7.24,1.47,90.5,655.2,133,0,71
4926,7.27,1.42,90.6,658.7,128.7,0,71
4927,7.26,1.36,90.6,657.8,123.2,0,71
4928,7.27,2.21,90.4,657.2,199.8,0,71
4929,7.31,2.18,90.4,660.8,197.1,0,71
4930,7.28,2.39,90.4,658.1,216.1,0,71
4931,7.32,2.05,90.4,661.7,185.3,0,71
4932,7.3,3.16,90.3,659.2,285.3,0,70
4933,7.31,3.49,90.2,659.4,314.8,0,70
4934,7.34,3.58,90.2,662.1,322.9,0,70
4935,7.36,3.36,90.2,663.9,303.1,0,70
4936,7.37,3.07,90.2,664.8,276.9,0,70
4937,7.34,2.14,90.4,663.5,193.5,0,71
4938,7.37,2.46,90.3,665.5,222.1,0,70
4939,7.38,2.83,90.2,665.7,255.3,0,70
4940,7.36,2.84,90.3,664.6,256.5,0,70
4941,7.43,4.17,90,668.7,375.3,0,69
4942,7.46,4.88,89.9,670.7,438.7,0,69
4943,7.45,5.53,89.8,669,496.6,0,68
4944,7.44,5.16,89.8,668.1,463.4,0,69
4945,7.44,4.49,89.9,668.9,403.7,0,69
4946,7.4,3.77,90,666,339.3,0,70
4947,7.38,3.03,90.2,665.7,273.3,0,70
4948,7.39,2.81,90.2,666.6,253.5,0,70
4949,7.38,2.24,90.3,666.4,202.3,0,70
4950,7.35,2.14,90.3,663.7,193.2,0,71
4951,7.37,2.26,90.3,665.5,204.1,0,70
4952,7.36,1.95,90.3,664.6,176.1,0,71
4953,7.43,2.55,90.2,670.2,230,0,70
4954,7.43,3.58,90.1,669.4,322.6,0,70
4955,7.26,4.58,89.9,652.7,411.7,0,69
4956,7.26,5.22,89.8,651.9,468.8,0,69
4957,7.24,5.48,89.7,649.4,491.6,0,69
4958,7.27,5.36,89.8,652.8,481.3,0,69
4959,7.3,6.15,89.6,654.1,551,0,68
4960,7.39,8.93,89.1,658.4,795.7,0,67
4961,7.43,12.77,88.5,657.6,1130.1,0,65
4962,7.5,17.55,87.7,657.8,1539.1,0,62
4963,7.56,17.13,87.9,664.5,1505.7,0,60
4964,7.55,17.9,87.7,662.1,1569.8,0,58
4965,7.47,17.98,87.7,655.1,1576.8,0,57
4966,7.37,18.05,87.5,644.9,1579.4,0,57
4967,7.38,18,87.5,645.8,1575,0,59
4968,7.37,17.14,87.7,646.3,1503.2,0,61
4969,7.32,14.8,88,644.2,1302.4,0,63
4970,7.27,11.36,88.3,641.9,1003.1,0,65
4971,7.26,11.06,88.5,642.5,978.8,0,66
4972,7.25,9.99,88.6,642.4,885.1,0,66
4973,7.24,9.15,88.7,642.2,811.6,0,66
4974,7.23,9.48,88.7,641.3,840.9,0,66
4975,7.22,9.54,88.7,640.4,846.2,0,66
4976,7.22,9.07,88.8,641.1,805.4,0,67
4977,7.18,7.09,89.1,639.7,631.7,0,67
4978,7.16,6.24,89.2,638.7,556.6,0,68
4979,7.05,5.92,89.3,629.6,528.7,0,68
4980,7,4.96,89.5,626.5,443.9,0,69
4981,6.95,4.53,89.5,622,405.4,0,69
4982,6.98,4.73,89.5,624.7,423.3,0,69
4983,6.99,4.83,89.5,625.6,432.3,0,69
4984,6.93,4.7,89.5,620.2,420.7,0,69
4985,7.22,4.27,89.6,646.9,382.6,0,69
4986,7.23,4.07,89.6,647.8,364.7,0,69
4987,7.26,4.01,89.7,651.2,359.7,0,69
4988,7.26,4.05,89.7,651.2,363.3,0,69
4989,7.31,4.57,89.6,655,409.5,0,69
4990,7.34,4.97,89.5,656.9,444.8,0,69
4991,7.36,6.08,89.3,657.2,542.9,0,68
4992,7.38,6.2,89.3,659,553.7,0,68
4993,7.35,5.93,89.3,656.4,529.5,0,68
4994,7.36,5.26,89.4,658,470.2,0,68
4995,7.35,3.83,89.7,659.3,343.6,0,69
4996,7.33,1.85,90,659.7,166.5,0,70
4997,7.27,0.83,90.2,655.8,74.9,0,71
4998,7.21,-2.07,90.6,653.2,-187.5,0,73
4999,7.1,-3.12,90.8,644.7,-283.3,0,74
5000,7.16,-1.24,90.6,648.7,-112.3,0,72
5001,7.32,3.6,89.8,657.3,323.3,0,69
5002,7.44,9.18,88.9,661.4,816.1,0,66
5003,7.49,11.11,88.6,663.6,984.3,0,65
5004,7.44,11.87,88.6,659.2,1051.7,0,64
5005,7.47,12.24,88.5,661.1,1083.2,0,65
5006,7.37,8.73,88.8,654.5,775.2,0,66
5007,7.3,7.49,89,649.7,666.6,0,67
5008,7.25,5.34,89.3,647.4,476.9,0,69
5009,7.17,2.9,89.7,643.1,260.1,0,70
5010,7.14,0.52,90.2,644,46.9,0,71
5011,7.11,-1.19,90.4,642.7,-107.6,0,72
5012,7.06,-1.74,90.6,639.6,-157.6,0,73
5013,7.08,-2.44,90.7,642.2,-221.3,0,73
5014,7.09,-2.3,90.7,643.1,-208.6,0,73
5015,7.11,-2.09,90.7,644.9,-189.6,0,73
5016,7.16,-2.49,90.8,650.1,-226.1,0,73
5017,7.17,-2.61,90.8,651,-237,0,73
5018,7.16,-2.35,90.8,650.1,-213.4,0,73
5019,7.14,-3.13,90.9,649,-284.5,0,73
5020,7.09,-3.61,91,645.2,-328.5,0,74
5021,7.1,-3.99,91.1,646.8,-363.5,0,74
5022,7.09,-4.2,91.1,645.9,-382.6,0,74
5023,7.11,-3.16,91,647,-287.6,0,73
5024,7.13,-1.46,90.8,647.4,-132.6,0,73
5025,7.12,-0.87,90.6,645.1,-78.8,0,72
5026,7.15,0.57,90.4,646.4,51.5,0,72
5027,7.12,0.47,90.5,644.4,42.5,0,72
5028,7.09,0.57,90.4,640.9,51.5,0,72
5029,7.08,0.23,90.5,640.7,20.8,0,72
5030,7.07,-0.15,90.5,639.8,-13.6,0,72
5031,7.04,-1.2,90.7,638.5,-108.8,0,73
5032,7.04,-0.92,90.7,638.5,-83.4,0,72
5033,7.09,-0.52,90.6,642.4,-47.1,0,72
5034,7.03,-0.9,90.6,636.9,-81.5,0,73
5035,7.01,-1.19,90.7,635.8,-107.9,0,73
5036,7.05,-1.78,90.8,640.1,-161.6,0,73
5037,7.05,-2.37,90.9,640.8,-215.4,0,73
5038,7.02,-2.25,90.9,638.1,-204.5,0,73
5039,7.01,-3.04,91,637.9,-276.6,0,74
5040,7.01,-3.25,91,637.9,-295.8,0,74
5041,6.98,-3.47,91.1,635.9,-316.1,0,74
5042,6.97,-4.19,91.2,635.7,-382.1,0,74
5043,6.95,-4.46,91.2,633.8,-406.8,0,74
5044,6.97,-4.15,91.2,635.7,-378.5,0,75
5045,6.96,-4.65,91.3,635.4,-424.5,0,75
5046,6.97,-4.47,91.3,636.4,-408.1,0,75
5047,6.96,-4.6,91.3,635.4,-420,0,75
5048,6.92,-4.73,91.3,631.8,-431.8,0,75
5049,6.92,-5.05,91.4,632.5,-461.6,0,75
5050,6.91,-4.91,91.3,630.9,-448.3,0,75
5051,6.96,-5.22,91.4,636.1,-477.1,0,75
5052,6.98,-5.03,91.4,638,-459.7,0,75
5053,7,-4.42,91.3,639.1,-403.5,0,75
5054,6.97,-4.37,91.3,636.4,-399,0,75
5055,6.99,-4.14,91.3,638.2,-378,0,75
5056,7.06,-4.2,91.3,644.6,-383.5,0,74
5057,7.02,-4.13,91.3,640.9,-377.1,0,74
5058,7.06,-3.42,91.2,643.9,-311.9,0,74
5059,7.06,-2.58,91.1,643.2,-235,0,73
5060,6.97,-1.29,90.9,633.6,-117.3,0,73
5061,6.94,-1.47,91,631.5,-133.8,0,73
5062,6.87,-1.28,90.9,624.5,-116.4,0,73
5063,6.81,-1.71,90.9,619,-155.4,0,73
5064,6.82,-2.08,91,620.6,-189.3,0,73
5065,6.83,-2.79,91.1,622.2,-254.2,0,74
5066,6.82,-1.44,91,620.6,-131,0,73
5067,6.95,1.13,90.5,629,102.3,0,72
5068,7.01,3.03,90.2,632.3,273.3,0,70
5069,7.04,5.31,89.8,632.2,476.8,0,69
5070,6.99,6.38,89.6,626.3,571.6,0,68
5071,7,5.82,89.7,627.9,522.1,0,69
5072,6.98,5.02,89.8,626.8,450.8,0,69
5073,7.17,4.17,89.9,644.6,374.9,0,69
5074,7.17,3.21,90,645.3,288.9,0,70
5075,7.14,2.77,90.1,643.3,249.6,0,70
5076,7.06,2.56,90.1,636.1,230.7,0,70
5077,7.04,2.64,90.1,634.3,237.9,0,70
5078,6.99,2.76,90.1,629.8,248.7,0,70
5079,6.77,2.8,90.1,610,252.3,0,70
5080,6.78,2.84,90.1,610.9,255.9,0,70
5081,6.74,2.74,90.1,607.3,246.9,0,70
5082,6.81,2.7,90.1,613.6,243.3,0,70
5083,6.78,2.84,90,610.2,255.6,0,70
5084,6.76,2.47,90.1,609.1,222.5,0,71
5085,6.76,1.8,90.2,609.8,162.4,0,71
5086,6.75,1.09,90.4,610.2,98.5,0,71
5087,6.79,0.47,90.4,613.8,42.5,0,71
5088,6.81,0.22,90.5,616.3,19.9,0,72
5089,6.84,0.43,90.4,618.3,38.9,0,72
5090,6.95,0.83,90.4,628.3,75,0,71
5091,6.96,0.95,90.3,628.5,85.8,0,72
5092,6.99,0.93,90.4,631.9,84.1,0,71
5093,7.03,1.33,90.4,635.5,120.2,0,71
5094,7.03,2.14,90.2,634.1,193,0,71
5095,7.07,2.63,90.1,637,237,0,70
5096,7.04,2.22,90.1,634.3,200,0,70
5097,6.98,2.11,90.1,628.9,190.1,0,71
5098,6.94,0.69,90.3,626.7,62.3,0,71
5099,6.94,0.42,90.4,627.4,38,0,72
5100,6.96,0.73,90.4,629.2,66,0,72
5101,7,0.49,90.5,633.5,44.3,0,71
5102,7,0.77,90.4,632.8,69.6,0,71
5103,7.03,1.27,90.3,634.8,114.7,0,71
5104,7.05,2.17,90.1,635.2,195.5,0,71
5105,7.04,2.88,90.1,634.3,259.5,0,70
5106,7.06,2.88,90.1,636.1,259.5,0,70
5107,7.09,2.3,90.2,639.5,207.5,0,70
5108,7.08,2.21,90.1,637.9,199.1,0,70
5109,7.07,2.63,90.1,637,237,0,70
5110,7.07,2.78,90,636.3,250.2,0,70
5111,7.04,3.15,89.9,632.9,283.2,0,70
5112,7.08,3.18,89.9,636.5,285.9,0,70
5113,7.04,3.05,90,633.6,274.5,0,70
5114,7.07,3.28,89.9,635.6,294.9,0,70
5115,7.09,3.6,89.8,636.7,323.3,0,70
5116,7.1,3.53,89.9,638.3,317.3,0,70
5117,7.12,3.97,89.8,639.4,356.5,0,69
5118,7.15,4.31,89.7,641.4,386.6,0,69
5119,7.16,4.77,89.7,642.3,427.9,0,69
5120,7.18,5.15,89.5,642.6,460.9,0,69
5121,7.18,5.72,89.5,642.6,511.9,0,68
5122,7.2,5.98,89.4,643.7,534.6,0,68
5123,7.19,6.45,89.3,642.1,576,0,68
5124,7.2,6.41,89.3,643,572.4,0,68
5125,7.17,5.72,89.4,641,511.4,0,68
5126,7.11,4.68,89.6,637.1,419.3,0,69
5127,7.07,3.4,89.8,634.9,305.3,0,70
5128,7.07,3.02,89.8,634.9,271.2,0,70
5129,7.1,2.75,89.9,638.3,247.2,0,70
5130,7.13,4.34,89.6,638.8,388.9,0,69
5131,7.16,5.35,89.4,640.1,478.3,0,68
5132,7.13,5.69,89.4,637.4,508.7,0,68
5133,7.09,4.93,89.5,634.6,441.2,0,69
5134,7.06,3.62,89.7,633.3,324.7,0,70
5135,7.05,2.68,89.9,633.8,240.9,0,70
5136,7.06,2.88,89.9,634.7,258.9,0,70
5137,7.09,3.82,89.7,636,342.7,0,69
5138,7.13,3.94,89.7,639.6,353.4,0,69
5139,7.15,4.24,89.6,640.6,379.9,0,69
5140,7.15,3.45,89.8,642.1,309.8,0,70
5141,7.01,3.42,89.7,628.8,306.8,0,70
5142,7.06,2.97,89.8,634,266.7,0,70
5143,7.01,2.61,89.9,630.2,234.6,0,70
5144,7.03,2.54,89.9,632,228.3,0,70
5145,7.02,2.76,89.9,631.1,248.1,0,70
5146,6.98,2.23,89.9,627.5,200.5,0,71
5147,7.01,1.63,90.1,631.6,146.9,0,71
5148,7.05,2.18,90,634.5,196.2,0,71
5149,7.05,2.37,90,634.5,213.3,0,70
5150,7.07,2.7,89.9,635.6,242.7,0,70
5151,7.1,3.51,89.7,636.9,314.8,0,70
5152,7.11,4.04,89.7,637.8,362.4,0,69
5153,7.09,4.86,89.5,634.6,435,0,69
5154,7.1,4.92,89.5,635.5,440.3,0,69
5155,7.1,5,89.4,634.7,447,0,69
5156,7.11,5.45,89.4,635.6,487.2,0,68
5157,7.15,5.37,89.4,639.2,480.1,0,68
5158,7.13,5.21,89.4,637.4,465.8,0,69
5159,7.08,4.59,89.5,633.7,410.8,0,69
5160,7.08,3.58,89.6,634.4,320.8,0,70
5161,7.01,3.24,89.7,628.8,290.6,0,70
5162,7.01,2.92,89.7,628.8,261.9,0,70
5163,7.02,2.44,89.8,630.4,219.1,0,70
5164,7,2.58,89.8,628.6,231.7,0,70
5165,7.04,2.57,89.8,632.2,230.8,0,70
5166,7.03,2.59,89.8,631.3,232.6,0,70
5167,7.01,3.26,89.7,628.8,292.4,0,70
5168,7.1,3.23,89.7,636.9,289.7,0,70
5169,7.05,3.8,89.6,631.7,340.5,0,69
5170,7.04,3.88,89.6,630.8,347.6,0,69
5171,7.07,4.06,89.6,633.5,363.8,0,69
5172,7.18,5.04,89.4,641.9,450.6,0,68
5173,7,6.78,89.1,623.7,604.1,0,68
5174,7.03,8.76,88.7,623.6,777,0,67
5175,7.01,10.18,88.6,621.1,901.9,0,66
5176,7.03,10.24,88.5,622.2,906.2,0,66
5177,7.01,8.96,88.7,621.8,794.8,0,66
5178,7,8.68,88.7,620.9,769.9,0,66
5179,6.99,10.5,88.5,618.6,929.3,0,66
5180,7.04,10.38,88.4,622.3,917.6,0,66
5181,6.98,9.19,88.5,617.7,813.3,0,66
5182,6.88,8.44,88.6,609.6,747.8,0,67
5183,6.8,6.25,89,605.2,556.3,0,68
5184,6.69,4.95,89.2,596.7,441.5,0,69
5185,6.67,3.35,89.5,597,299.8,0,70
5186,6.66,1.09,89.9,598.7,98,0,71
5187,6.9,-1.46,90.3,623.1,-131.8,0,72
5188,6.81,-3.49,90.6,617,-316.2,0,74
5189,6.85,-4.52,90.8,622,-410.4,0,74
5190,6.93,-3.83,90.8,629.2,-347.8,0,74
5191,6.98,-1.56,90.5,631.7,-141.2,0,73
5192,6.99,-1.16,90.4,631.9,-104.9,0,72
5193,7.01,-1.64,90.5,634.4,-148.4,0,72
5194,6.94,-1.93,90.6,628.8,-174.9,0,73
5195,6.95,-2.79,90.7,630.4,-253.1,0,73
5196,6.96,-1.84,90.5,629.9,-166.5,0,73
5197,6.97,-1.26,90.5,630.8,-114,0,72
5198,7.02,-0.52,90.4,634.6,-47,0,72
5199,6.93,-0.54,90.3,625.8,-48.8,0,72
5200,6.86,-2.15,90.6,621.5,-194.8,0,73
5201,6.92,-2.49,90.7,627.6,-225.8,0,73
5202,6.94,-3.65,90.9,630.8,-331.8,0,74
5203,6.89,-2.36,90.7,624.9,-214.1,0,73
5204,6.95,-1,90.6,629.7,-90.6,0,72
5205,6.98,0.1,90.3,630.3,9,0,72
5206,6.95,0.65,90.2,626.9,58.6,0,71
5207,6.92,0.97,90.2,624.2,87.5,0,71
5208,6.91,0.75,90.2,623.3,67.6,0,71
5209,6.95,0.79,90.2,626.9,71.3,0,71
5210,6.91,2.37,90,621.9,213.3,0,70
5211,6.92,3.68,89.7,620.7,330.1,0,70
5212,6.64,3.42,89.8,596.3,307.1,0,70
5213,6.65,2.67,89.8,597.2,239.8,0,70
5214,6.59,1.77,90,593.1,159.3,0,71
5215,6.54,-0.1,90.3,590.6,-9,0,72
5216,6.52,-2.03,90.7,591.4,-184.1,0,73
5217,6.51,-2.91,90.7,590.5,-263.9,0,74
5218,6.4,-3.63,90.8,581.1,-329.6,0,74
5219,6.49,-3.69,90.9,589.9,-335.4,0,74
5220,6.45,-4.28,91,587,-389.5,0,74
5221,6.47,-4.81,91.1,589.4,-438.2,0,75
5222,6.46,-4.61,91.1,588.5,-420,0,75
5223,6.55,-4.1,91,596.1,-373.1,0,74
5224,6.53,-2.86,90.9,593.6,-260,0,74
5225,6.57,-1.55,90.6,595.2,-140.4,0,73
5226,6.55,-0.36,90.5,592.8,-32.6,0,72
5227,6.54,-0.45,90.5,591.9,-40.7,0,72
5228,6.53,0.51,90.3,589.7,46.1,0,72
5229,6.53,0.81,90.3,589.7,73.1,0,72
5230,6.47,0.71,90.3,584.2,64.1,0,72
5231,6.51,0.62,90.3,587.9,56,0,71
5232,6.43,0.18,90.4,581.3,16.3,0,72
5233,6.54,0.13,90.3,590.6,11.7,0,72
5234,6.55,-0.42,90.5,592.8,-38,0,72
5235,6.62,0.22,90.3,597.8,19.9,0,72
5236,6.53,-0.48,90.4,590.3,-43.4,0,72
5237,6.55,0.12,90.3,591.5,10.8,0,72
5238,6.61,0.01,90.4,597.5,0.9,0,72
5239,6.54,0.75,90.3,590.6,67.7,0,72
5240,6.63,0.85,90.2,598,76.7,0,72
5241,6.63,1.51,90.1,597.4,136.1,0,71
5242,6.67,1.45,90.1,601,130.6,0,71
5243,6.65,1.61,90.1,599.2,145.1,0,71
5244,6.58,2.35,89.9,591.5,211.3,0,71
5245,6.64,1.54,90.1,598.3,138.8,0,71
5246,6.7,2.46,90,603,221.4,0,71
5247,6.68,1.82,90.1,601.9,164,0,71
5248,6.62,-7.11,91.4,605.1,-649.9,0,70
5249,6.67,0.79,90.3,602.3,71.3,0,66
5250,6.63,0.56,90.3,598.7,50.6,0,67
5251,6.66,-0.29,90.4,602.1,-26.2,0,67
5252,6.67,-0.29,90.4,603,-26.2,0,67
5253,6.64,-2.48,90.8,602.9,-225.2,0,66
5254,6.67,-2.4,90.7,605,-217.7,0,65
5255,6.68,-2.4,90.8,606.5,-217.9,0,64
5256,6.67,-2.48,90.9,606.3,-225.4,0,63
5257,6.67,-2.53,90.9,606.3,-230,0,62
5258,6.66,-2.5,90.9,605.4,-227.3,0,61
5259,6.65,-2.5,90.9,604.5,-227.3,0,59
5260,6.62,-2.41,90.8,601.1,-218.8,0,59
5261,6.57,-2.32,90.9,597.2,-210.9,0,58
5262,6.62,-2.35,90.9,601.8,-213.6,0,57
5263,6.67,0.76,90.4,603,68.7,0,56
5264,6.65,0.72,90.3,600.5,65,0,57
5265,6.61,0.77,90.4,597.5,69.6,0,57
5266,6.7,0.7,90.3,605,63.2,0,57
5267,6.68,3.6,89.8,599.9,323.3,0,58
5268,6.72,4.53,89.7,602.8,406.3,0,60
5269,6.71,4.49,89.6,601.2,402.3,0,61
5270,6.68,1.52,90.1,601.9,137,0,62
5271,6.71,0.32,90.3,605.9,28.9,0,62
5272,6.55,-4.62,91,596.1,-420.4,0,61
5273,6.53,-4.62,91.1,594.9,-420.9,0,59
5274,6.56,-4.65,91.1,597.6,-423.6,0,57
5275,6.54,-4.22,91.1,595.8,-384.4,0,55
5276,0.9,3.48,89.9,80.9,312.9,0,54
5277,6.3,-1.1,90.6,570.8,-99.7,0,54
5278,6.69,-1.47,90.7,606.8,-133.3,0,53
5279,6.81,4.46,89.7,610.9,400.1,0,54
5280,6.81,8.18,89.1,606.8,728.8,0,57
5281,6.74,8.27,89,599.9,736,0,61
5282,6.83,8.17,89,607.9,727.1,0,63
5283,6.74,8.11,88.9,599.2,721,0,66
5284,6.83,6.89,89.1,608.6,613.9,0,68
5285,6.72,4.8,89.5,601.4,429.6,0,69
5286,6.67,3.78,89.6,597.6,338.7,0,69
5287,6.66,3.49,89.7,597.4,313.1,0,70
5288,6.7,3.47,89.7,601,311.3,0,70
5289,6.72,3.22,89.7,602.8,288.8,0,70
5290,6.74,3.34,89.7,604.6,299.6,0,70
5291,6.77,4.14,89.6,606.6,370.9,0,69
5292,6.77,4.89,89.4,605.2,437.2,0,69
5293,6.82,5.59,89.4,609.7,499.7,0,68
5294,6.83,6.38,89.1,608.6,568.5,0,67
5295,6.8,6.99,89,605.2,622.1,0,67
5296,6.76,6.07,89.2,603,541.4,0,66
5297,6.82,6.2,89.1,607.7,552.4,0,66
5298,6.8,7.25,89,605.2,645.3,0,66
5299,6.8,6.74,89,605.2,599.9,0,65
5300,6.82,6.86,89,607,610.5,0,65
5301,6.82,6.77,89,607,602.5,0,65
5302,6.88,7.39,88.9,611.6,657,0,65
5303,6.85,6.66,89,609.7,592.7,0,66
5304,6.79,6.29,89,604.3,559.8,0,67
5305,6.74,6.42,89,599.9,571.4,0,68
5306,6.78,4.62,89.3,605.5,412.6,0,69
5307,6.7,2.58,89.6,600.3,231.2,0,70
5308,6.62,1.06,89.9,595.1,95.3,0,71
5309,6.55,-1.17,90.3,591.5,-105.7,0,72
5310,6.53,-2.9,90.6,591.6,-262.7,0,73
5311,6.54,-2.89,90.6,592.5,-261.8,0,74
5312,6.54,-3.18,90.6,592.5,-288.1,0,74
5313,6.53,-3.3,90.7,592.3,-299.3,0,74
5314,6.59,-1.34,90.4,595.7,-121.1,0,73
5315,6.56,-1.13,90.4,593,-102.2,0,73
5316,6.59,-0.82,90.3,595.1,-74,0,73
5317,6.65,-1.05,90.4,601.2,-94.9,0,72
5318,6.6,-0.86,90.4,596.6,-77.7,0,72
5319,6.65,-0.63,90.3,600.5,-56.9,0,72
5320,6.62,-0.53,90.3,597.8,-47.9,0,72
5321,6.61,-0.48,90.4,597.5,-43.4,0,72
5322,6.6,0.51,90.2,595.3,46,0,72
5323,6.58,0.91,90.1,592.9,82,0,71
5324,6.64,1.04,90,597.6,93.6,0,71
5325,6.59,0.73,90.1,593.8,65.8,0,71
5326,6.58,0.44,90.2,593.5,39.7,0,72
5327,6.61,0.15,90.3,596.9,13.5,0,72
5328,6.64,0.79,90.1,598.3,71.2,0,71
5329,6.64,1.67,90,597.6,150.3,0,71
5330,6.72,2.35,89.8,603.5,211,0,70
5331,6.7,3.63,89.6,600.3,325.2,0,69
5332,6.72,3.88,89.6,602.1,347.6,0,68
5333,6.68,3.94,89.5,597.9,352.6,0,68
5334,6.62,4.02,89.5,592.5,359.8,0,68
5335,6.66,3.1,89.7,597.4,278.1,0,69
5336,6.68,1.42,89.9,600.5,127.7,0,71
5337,6.6,-0.61,90.3,596,-55.1,0,72
5338,6.58,-1.04,90.3,594.2,-93.9,0,73
5339,6.58,-1.18,90.4,594.8,-106.7,0,73
5340,6.59,-0.34,90.3,595.1,-30.7,0,72
5341,6.64,-0.07,90.2,598.9,-6.3,0,72
5342,6.66,0.65,90.2,600.7,58.6,0,71
5343,6.65,1.12,90.1,599.2,100.9,0,71
5344,6.62,1.73,90,595.8,155.7,0,71
5345,6.69,1.55,89.9,601.4,139.3,0,71
5346,6.68,1.8,90,601.2,162,0,71
5347,6.72,2.06,89.9,604.1,185.2,0,70
5348,6.69,2.58,89.8,600.8,231.7,0,70
5349,6.67,2.03,89.9,599.6,182.5,0,70
5350,6.62,2.16,89.8,594.5,194,0,70
5351,6.67,2.8,89.7,598.3,251.2,0,70
5352,6.69,3.21,89.7,600.1,287.9,0,69
5353,6.74,3.62,89.6,603.9,324.4,0,69
5354,6.69,3.95,89.5,598.8,353.5,0,68
5355,6.75,3.73,89.5,604.1,333.8,0,68
5356,6.71,4.02,89.5,600.5,359.8,0,68
5357,6.71,3.73,89.5,600.5,333.8,0,68
5358,6.77,4.32,89.4,605.2,386.2,0,68
5359,6.72,4.68,89.4,600.8,418.4,0,67
5360,6.73,4.73,89.3,601,422.4,0,67
5361,6.75,3.97,89.4,603.5,354.9,0,67
5362,6.73,4.76,89.4,601.7,425.5,0,67
5363,6.71,4.33,89.4,599.9,387.1,0,67
5364,6.77,4.49,89.4,605.2,401.4,0,67
5365,6.73,4.42,89.3,601,394.7,0,67
5366,6.72,4.47,89.4,600.8,399.6,0,67
5367,6.66,4.63,89.3,594.7,413.5,0,67
5368,6.74,4.63,89.3,601.9,413.5,0,67
5369,6.72,4.08,89.4,600.8,364.8,0,66
5370,6.77,4.26,89.4,605.2,380.8,0,66
5371,6.84,4.33,89.3,610.8,386.7,0,65
5372,6.77,4.35,89.3,604.6,388.5,0,64
5373,6.75,4.35,89.3,602.8,388.5,0,63
5374,6.8,4.32,89.3,607.2,385.8,0,62
5375,6.81,4.27,89.3,608.1,381.3,0,61
5376,6.77,4.33,89.3,604.6,386.7,0,61
5377,6.73,4.39,89.3,601,392,0,61
5378,6.74,4.35,89.3,601.9,388.5,0,61
5379,6.68,4.45,89.3,596.5,397.4,0,63
5380,6.69,4.45,89.3,597.4,397.4,0,64
5381,6.66,4.97,89.2,594.1,443.3,0,67
5382,6.64,3.78,89.4,593.6,337.9,0,69
5383,6.62,2.79,89.5,592.5,249.7,0,70
5384,6.57,1.52,89.8,590,136.5,0,71
5385,6.6,0.92,89.8,592.7,82.6,0,71
5386,6.61,0.52,89.9,594.2,46.7,0,72
5387,6.59,-0.08,90.1,593.8,-7.2,0,72
5388,6.56,-0.18,90.1,591.1,-16.2,0,72
5389,6.59,0.07,90.1,593.8,6.3,0,72
5390,6.73,0.31,90,605.7,27.9,0,72
5391,6.73,0.04,90.1,606.4,3.6,0,72
5392,6.49,-0.95,90.3,586,-85.8,0,72
5393,6.4,-2.33,90.5,579.2,-210.9,0,73
5394,6.34,-3.75,90.7,575,-340.1,0,74
5395,6.34,-5.65,91,576.9,-514.2,0,75
5396,6.33,-6.61,91.2,577.3,-602.8,0,75
5397,6.33,-6.61,91.2,577.3,-602.8,0,75
5398,6.34,-6.23,91.1,577.6,-567.6,0,75
5399,6.38,-5.08,91,580.6,-462.3,0,75
5400,6.4,-3.08,90.7,580.5,-279.4,0,74
5401,6.47,-1.73,90.6,586.2,-156.7,0,73
5402,6.46,-0.52,90.4,584,-47,0,72
5403,6.49,-0.3,90.3,586,-27.1,0,72
5404,6.41,-0.31,90.3,578.8,-28,0,72
5405,6.44,0.34,90.2,580.9,30.7,0,72
5406,6.4,0.5,90.2,577.3,45.1,0,72
5407,6.48,-0.08,90.3,585.1,-7.2,0,72
5408,6.47,0.48,90.2,583.6,43.3,0,72
5409,6.41,1.1,90.1,577.5,99.1,0,71
5410,6.5,1.21,90,585,108.9,0,71
5411,6.44,1.05,90,579.6,94.5,0,71
5412,6.44,0.56,90.1,580.2,50.5,0,71
5413,6.45,0.5,90.1,581.1,45.1,0,71
5414,6.45,0.92,90.1,581.1,82.9,0,71
5415,6.45,0.98,90.1,581.1,88.3,0,71
5416,6.44,1.04,90.1,580.2,93.7,0,71
5417,6.45,1.17,90.1,581.1,105.4,0,71
5418,6.48,1.98,89.9,582.6,178,0,71
5419,6.51,2.24,89.8,584.6,201.2,0,70
5420,6.45,2.86,89.8,579.2,256.8,0,70
5421,6.45,2.82,89.8,579.2,253.2,0,70
5422,6.45,2.13,89.8,579.2,191.3,0,71
5423,6.43,2,89.8,577.4,179.6,0,71
5424,6.45,1.76,89.9,579.9,158.2,0,71
5425,6.48,1.85,89.8,581.9,166.1,0,71
5426,6.49,2.21,89.8,582.8,198.5,0,70
5427,6.47,2.04,89.8,581,183.2,0,70
5428,6.47,1.66,89.9,581.7,149.2,0,70
5429,6.47,2.19,89.7,580.4,196.4,0,71
5430,6.43,1.64,89.9,578.1,147.4,0,71
5431,6.46,1.92,89.8,580.1,172.4,0,70
5432,6.47,2.33,89.7,580.4,209,0,70
5433,6.49,2.51,89.7,582.2,225.1,0,70
5434,6.49,2.49,89.7,582.2,223.4,0,70
5435,6.45,2.61,89.7,578.6,234.1,0,70
5436,6.49,2.59,89.7,582.2,232.3,0,70
5437,6.43,2.56,89.7,576.8,229.6,0,70
5438,6.44,2.48,89.7,577.7,222.5,0,70
5439,6.43,2.56,89.7,576.8,229.6,0,70
5440,6.44,2.33,89.7,577.7,209,0,70
5441,6.45,2.15,89.8,579.2,193.1,0,70
5442,6.45,2.15,89.8,579.2,193.1,0,70
5443,6.38,2.36,89.7,572.3,211.7,0,70
5444,6.49,2.38,89.7,582.2,213.5,0,70
5445,6.51,2.33,89.8,584.6,209.2,0,70
5446,6.42,2.06,89.8,576.5,185,0,70
5447,6.47,1.73,89.8,581,155.4,0,70
5448,6.44,2.01,89.7,577.7,180.3,0,70
5449,6.45,2.05,89.7,578.6,183.9,0,70
5450,6.47,2.05,89.7,580.4,183.9,0,70
5451,6.45,2.23,89.7,578.6,200,0,70
5452,6.45,2.29,89.7,578.6,205.4,0,70
5453,6.48,2.67,89.6,580.6,239.2,0,70
5454,6.45,2.77,89.6,577.9,248.2,0,70
5455,6.45,2.5,89.6,577.9,224,0,70
5456,6.48,2.42,89.6,580.6,216.8,0,70
5457,6.45,2.82,89.6,577.9,252.7,0,69
5458,6.46,2.53,89.6,578.8,226.7,0,70
5459,6.49,2.73,89.6,581.5,244.6,0,69
5460,6.47,2.67,89.6,579.7,239.2,0,70
5461,6.4,2.62,89.6,573.4,234.8,0,70
5462,6.45,2.89,89.6,577.9,258.9,0,69
5463,6.45,2.9,89.6,577.9,259.8,0,69
5464,6.47,2.75,89.6,579.7,246.4,0,69
5465,6.45,3.01,89.5,577.3,269.4,0,69
5466,6.46,3.01,89.5,578.2,269.4,0,69
5467,6.47,2.94,89.6,579.7,263.4,0,69
5468,6.44,2.92,89.6,577,261.6,0,69
5469,6.47,2.73,89.6,579.7,244.6,0,69
5470,6.43,2.85,89.6,576.1,255.4,0,69
5471,6.36,2.62,89.6,569.9,234.8,0,70
5472,6.44,2.56,89.6,577,229.4,0,70
5473,6.42,2.86,89.5,574.6,256,0,69
5474,6.4,2.88,89.6,573.4,258,0,69
5475,6.41,2.91,89.5,573.7,260.4,0,69
5476,6.42,3.06,89.5,574.6,273.9,0,69
5477,6.41,3.19,89.5,573.7,285.5,0,69
5478,6.42,3.3,89.5,574.6,295.4,0,69
5479,6.43,3.27,89.5,575.5,292.7,0,68
5480,6.47,3.68,89.4,578.4,329,0,68
5481,6.44,3.18,89.4,575.7,284.3,0,68
5482,6.43,3.51,89.4,574.8,313.8,0,68
5483,6.41,3.17,89.5,573.7,283.7,0,68
5484,6.39,3.14,89.5,571.9,281,0,69
5485,6.45,3.03,89.5,577.3,271.2,0,69
5486,6.43,2.98,89.5,575.5,266.7,0,69
5487,6.44,2.79,89.5,576.4,249.7,0,69
5488,6.41,2.84,89.5,573.7,254.2,0,69
5489,6.42,2.5,89.6,575.2,224,0,69
5490,6.44,2.89,89.5,576.4,258.7,0,69
5491,6.37,2.44,89.6,570.8,218.6,0,70
5492,6.36,2.88,89.5,569.2,257.8,0,69
5493,6.41,2.68,89.5,573.7,239.9,0,69
5494,6.37,3.05,89.5,570.1,273,0,69
5495,6.42,3.03,89.5,574.6,271.2,0,69
5496,6.41,3.14,89.4,573.1,280.7,0,69
5497,6.42,3.41,89.4,573.9,304.9,0,68
5498,6.41,3.36,89.4,573.1,300.4,0,68
5499,6.44,3.44,89.4,575.7,307.5,0,67
5500,6.39,3.4,89.4,571.3,304,0,67
5501,6.45,3.75,89.4,576.6,335.3,0,67
5502,6.42,3.97,89.3,573.3,354.5,0,67
5503,6.43,3.79,89.4,574.8,338.8,0,67
5504,6.4,3.53,89.3,571.5,315.2,0,67
5505,6.4,3.47,89.4,572.2,310.2,0,67
5506,6.42,3.72,89.4,573.9,332.6,0,67
5507,6.43,3.81,89.3,574.2,340.2,0,67
5508,6.4,3.84,89.3,571.5,342.9,0,66
5509,6.42,3.9,89.2,572.7,347.9,0,66
5510,6.4,4.08,89.2,570.9,363.9,0,67
5511,6.39,3.88,89.3,570.6,346.5,0,66
5512,6.37,3.4,89.4,569.5,304,0,67
5513,6.37,3.82,89.3,568.8,341.1,0,67
5514,6.4,3.96,89.2,570.9,353.2,0,67
5515,6.39,3.92,89.2,570,349.7,0,67
5516,6.36,3.69,89.3,567.9,329.5,0,68
5517,6.32,3.86,89.2,563.7,344.3,0,68
5518,6.33,3.46,89.4,565.9,309.3,0,68
5519,6.34,3.44,89.3,566.2,307.2,0,68
5520,6.32,3.7,89.2,563.7,330,0,68
5521,6.32,3.34,89.4,565,298.6,0,68
5522,6.31,3.53,89.3,563.5,315.2,0,68
5523,6.35,3.85,89.2,566.4,343.4,0,68
5524,6.33,3.57,89.3,565.3,318.8,0,68
5525,6.32,3.34,89.3,564.4,298.3,0,68
5526,6.34,3.57,89.3,566.2,318.8,0,68
5527,6.32,3.95,89.2,563.7,352.3,0,68
5528,6.36,3.9,89.2,567.3,347.9,0,68
5529,6.3,3.86,89.2,562,344.3,0,68
5530,6.38,3.87,89.3,569.7,345.6,0,67
5531,6.42,3.97,89.2,572.7,354.1,0,67
5532,6.44,3.7,89.2,574.4,330,0,65
5533,6.36,3.72,89.2,567.3,331.8,0,63
5534,6.36,3.76,89.2,567.3,335.4,0,63
5535,6.36,3.77,89.2,567.3,336.3,0,63
5536,6.34,3.72,89.2,565.5,331.8,0,64
5537,6.34,3.71,89.2,565.5,330.9,0,66
5538,6.29,3.48,89.2,561.1,310.4,0,68
5539,6.26,2.52,89.4,559.6,225.3,0,70
5540,6.32,0.84,89.7,566.9,75.3,0,71
5541,6.39,1.43,89.6,572.5,128.1,0,71
5542,6.4,1.97,89.6,573.4,176.5,0,70
5543,6.37,2.77,89.4,569.5,247.6,0,69
5544,6.3,2.66,89.4,563.2,237.8,0,69
5545,6.33,2.93,89.4,565.9,261.9,0,69
5546,6.28,2.52,89.5,562.1,225.5,0,70
5547,6.28,2.61,89.5,562.1,233.6,0,70
5548,6.28,2.7,89.4,561.4,241.4,0,70
5549,6.25,2.38,89.5,559.4,213,0,70
5550,6.24,2.28,89.5,558.5,204.1,0,70
5551,6.25,2.18,89.5,559.4,195.1,0,70
5552,6.23,2.46,89.5,557.6,220.2,0,70
5553,6.23,2.78,89.4,557,248.5,0,70
5554,6.24,2.7,89.4,557.9,241.4,0,70
5555,6.25,2.48,89.5,559.4,222,0,70
5556,6.31,2.79,89.4,564.1,249.4,0,70
5557,6.27,2.54,89.4,560.5,227.1,0,70
5558,6.32,2.58,89.5,565.6,230.9,0,69
5559,6.24,2.89,89.3,557.2,258.1,0,69
5560,6.26,3.11,89.3,559,277.7,0,69
5561,6.25,3.22,89.3,558.1,287.5,0,69
5562,6.23,3.55,89.3,556.3,317,0,68
5563,6.23,3.39,89.3,556.3,302.7,0,68
5564,6.24,3.54,89.3,557.2,316.1,0,68
5565,6.26,3.42,89.3,559,305.4,0,68
5566,6.26,3.86,89.2,558.4,344.3,0,68
5567,6.27,4.04,89.1,558.7,360,0,68
5568,6.26,4.06,89.1,557.8,361.7,0,68
5569,6.27,3.75,89.2,559.3,334.5,0,68
5570,6.26,3.82,89.2,558.4,340.7,0,67
5571,6.31,4.19,89.1,562.2,373.3,0,67
5572,6.32,4,89.1,563.1,356.4,0,66
5573,6.29,3.83,89.2,561.1,341.6,0,65
5574,6.28,3.81,89.2,560.2,339.9,0,65
5575,6.27,3.8,89.2,559.3,339,0,64
5576,6.27,3.79,89.2,559.3,338.1,0,64
5577,6.3,3.78,89.2,562,337.2,0,63
5578,6.26,3.81,89.2,558.4,339.9,0,63
5579,6.24,3.77,89.2,556.6,336.3,0,64
5580,6.25,3.84,89.2,557.5,342.5,0,66
5581,6.21,4.17,89.1,553.3,371.5,0,68
5582,6.2,3,89.3,553.7,267.9,0,69
5583,6.17,2.26,89.4,551.6,202,0,70
5584,6.21,1.49,89.5,555.8,133.4,0,71
5585,6.24,1.35,89.5,558.5,120.8,0,71
5586,6.32,0.92,89.7,566.9,82.5,0,71
5587,6.25,1.55,89.6,560,138.9,0,71
5588,6.26,1.35,89.6,560.9,121,0,70
5589,6.33,1.95,89.4,565.9,174.3,0,70
5590,6.34,2.19,89.4,566.8,195.8,0,70
5591,6.32,2.53,89.4,565,226.2,0,70
5592,6.18,2.71,89.4,552.5,242.3,0,70
5593,6.24,2.83,89.3,557.2,252.7,0,69
5594,6.24,2.61,89.4,557.9,233.3,0,69
5595,6.21,3.04,89.3,554.6,271.5,0,69
5596,6.19,2.99,89.3,552.8,267,0,69
5597,6.2,2.97,89.3,553.7,265.2,0,69
5598,6.25,2.75,89.3,558.1,245.6,0,69
5599,6.24,2.95,89.3,557.2,263.4,0,69
5600,6.26,2.97,89.3,559,265.2,0,69
5601,6.21,2.97,89.3,554.6,265.2,0,69
5602,6.18,3.16,89.2,551.3,281.9,0,69
5603,6.15,3.2,89.2,548.6,285.4,0,69
5604,6.14,3.05,89.3,548.3,272.4,0,69
5605,6.05,3.04,89.2,539.7,271.2,0,69
5606,6.16,3.05,89.2,549.5,272.1,0,69
5607,6.16,2.89,89.3,550.1,258.1,0,69
5608,6.14,2.95,89.3,548.3,263.4,0,69
5609,0.81,7.23,88.6,71.8,640.6,0,69
5610,6.15,3.25,89.2,548.6,289.9,0,69
5611,6.15,3.94,89.1,548,351.1,0,69
5612,6.16,3.8,89.1,548.9,338.6,0,69
5613,6.15,3.78,89.1,548,336.8,0,69
5614,6.17,3.66,89.1,549.7,326.1,0,69
5615,6.18,4.05,89.1,550.6,360.9,0,69
5616,6.19,4.02,89.1,551.5,358.2,0,69
5617,6.18,3.77,89.1,550.6,335.9,0,69
5618,6.16,3.98,89.1,548.9,354.6,0,69
5619,6.17,3.97,89.1,549.7,353.7,0,69
5620,6.13,3.83,89.1,546.2,341.3,0,69
5621,6.16,4.07,89.1,548.9,362.6,0,69
5622,6.18,4.18,89,550,372,0,69
5623,6.12,3.93,89.1,545.3,350.2,0,69
5624,6.19,4,89.1,551.5,356.4,0,69
5625,6.17,4.06,89,549.1,361.3,0,69
5626,6.2,4.19,89,551.8,372.9,0,69
5627,6.16,4.33,89,548.2,385.4,0,69
5628,6.17,4.27,89,549.1,380,0,69
5629,6.17,4.35,89,549.1,387.2,0,69
5630,6.15,4.47,88.9,546.7,397.4,0,69
5631,6.16,4.58,88.9,547.6,407.2,0,69
5632,6.16,4.71,88.9,547.6,418.7,0,69
5633,6.16,5.33,88.8,547,473.3,0,68
5634,6.19,5.33,88.8,549.7,473.3,0,68
5635,6.14,5.35,88.8,545.2,475.1,0,68
5636,6.17,4.88,88.8,547.9,433.3,0,69
5637,4.59,5.18,88.8,407.6,460,0,69
5638,5.86,3.85,89,521.5,342.7,0,69
5639,5.88,2.7,89.2,524.5,240.8,0,70
5640,5.85,2.18,89.3,522.4,194.7,0,70
5641,5.84,1.91,89.3,521.5,170.6,0,70
5642,5.82,2.2,89.2,519.1,196.2,0,70
5643,5.83,2.34,89.3,520.6,209,0,70
5644,5.83,2.68,89.2,520,239.1,0,70
5645,5.87,3.05,89.2,523.6,272.1,0,70
5646,5.85,3.15,89.1,521.2,280.7,0,70
5647,5.86,2.93,89.2,522.7,261.4,0,70
5648,5.69,-27.35,93.7,533.2,-2562.7,0,64
5649,6.13,5.99,88.8,544.3,531.9,0,61
5650,6.2,10.74,88,545.6,945.1,0,64
5651,6.15,7.36,88.6,544.9,652.1,0,67
5652,6.11,4.9,88.9,543.2,435.6,0,69
5653,6.1,3.69,89.1,543.5,328.8,0,69
5654,6.06,2.98,89.1,539.9,265.5,0,70
5655,6.15,2.58,89.2,548.6,230.1,0,70
5656,6.15,1.75,89.4,549.8,156.5,0,71
5657,6.18,1.09,89.5,553.1,97.6,0,70
5658,6.17,2.11,89.3,551,188.4,0,70
5659,6.19,2.84,89.2,552.1,253.3,0,70
5660,6.12,3.76,89,544.7,334.6,0,69
5661,6.1,3.42,89.1,543.5,304.7,0,69
5662,6.09,3.62,89.1,542.6,322.5,0,69
5663,6.08,3.47,89.1,541.7,309.2,0,69
5664,6.1,3.54,89.1,543.5,315.4,0,69
5665,6.07,3.56,89.1,540.8,317.2,0,69
5666,6.09,3.85,89,542,342.7,0,69
5667,6.09,3.95,89,542,351.6,0,69
5668,6.07,4.06,89,540.2,361.3,0,69
5669,6.06,4.23,88.9,538.7,376,0,69
5670,6.1,4.29,88.9,542.3,381.4,0,69
5671,6.05,4.45,88.9,537.8,395.6,0,69
5672,6.14,4.51,88.9,545.8,400.9,0,69
5673,6.12,4.67,88.9,544.1,415.2,0,69
5674,6.02,4.87,88.8,534.6,432.5,0,69
5675,6.09,4.73,88.8,540.8,420,0,69
5676,6.07,4.94,88.8,539,438.7,0,68
5677,6.09,5.25,88.8,540.8,466.2,0,68
5678,6.08,5.22,88.8,539.9,463.5,0,68
5679,6.12,5.46,88.7,542.8,484.3,0,68
5680,6.1,5.46,88.7,541.1,484.3,0,68
5681,6.07,5.79,88.6,537.8,513,0,68
5682,6.03,5.59,88.7,534.9,495.8,0,68
5683,6.08,5.67,88.6,538.7,502.4,0,68
5684,6.08,5.02,88.7,539.3,445.3,0,68
5685,6.07,5.17,88.7,538.4,458.6,0,68
5686,6.08,5.29,88.7,539.3,469.2,0,68
5687,6.07,5.12,88.7,538.4,454.1,0,68
5688,6.07,5.54,88.6,537.8,490.8,0,68
5689,6.1,5.57,88.6,540.5,493.5,0,68
5690,6.07,7.27,88.3,536,641.9,0,67
5691,6.16,7.35,88.3,543.9,649,0,67
5692,6.15,7.96,88.2,542.4,702.1,0,66
5693,6.1,8.23,88.1,537.4,725.1,0,66
5694,6.12,7.86,88.2,539.8,693.3,0,66
5695,6.08,7.34,88.2,536.3,647.4,0,67
5696,6.05,5.65,88.5,535.4,500,0,68
5697,5.98,4.33,88.7,530.4,384.1,0,69
5698,5.95,2.57,89,529.6,228.7,0,70
5699,5.91,1.02,89.3,527.8,91.1,0,71
5700,5.93,1.11,89.3,529.5,99.1,0,71
5701,5.91,0.62,89.4,528.4,55.4,0,71
5702,5.92,0.39,89.4,529.2,34.9,0,71
5703,5.92,0.53,89.4,529.2,47.4,0,71
5704,5.95,0.56,89.4,531.9,50.1,0,71
5705,5.97,1.07,89.3,533.1,95.6,0,71
5706,5.97,2.47,89.1,531.9,220.1,0,70
5707,5.96,2.92,89,530.4,259.9,0,70
5708,5.97,3.01,89.1,531.9,268.2,0,70
5709,5.97,2.52,89.1,531.9,224.5,0,70
5710,5.98,2.61,89.1,532.8,232.6,0,70
5711,5.97,2.89,89.1,531.9,257.5,0,70
5712,5.94,3.1,89,528.7,275.9,0,70
5713,5.96,2.9,89.1,531,258.4,0,70
5714,5.91,2.86,89.1,526.6,254.8,0,70
5715,5.94,3.34,89,528.7,297.3,0,70
5716,5.92,3.06,89.1,527.5,272.6,0,70
5717,5.94,2.87,89.1,529.3,255.7,0,70
5718,5.98,3.25,89,532.2,289.3,0,70
5719,5.96,3.03,89,530.4,269.7,0,70
5720,5.94,2.41,89.1,529.3,214.7,0,70
5721,5.38,2.8,89.1,479.4,249.5,0,70
5722,5.69,2.68,89.1,507,238.8,0,70
5723,5.69,3.16,89,506.4,281.2,0,70
5724,5.69,3.26,89,506.4,290.1,0,70
5725,5.71,3.07,89,508.2,273.2,0,70
5726,5.68,2.83,89.1,506.1,252.2,0,70
5727,5.76,3.15,89,512.6,280.4,0,70
5728,5.92,3.08,89,526.9,274.1,0,70
5729,5.92,2.81,89,526.9,250.1,0,70
5730,5.91,2.65,89.1,526.6,236.1,0,70
5731,5.89,2.67,89.1,524.8,237.9,0,70
5732,5.93,2.99,89,527.8,266.1,0,70
5733,5.87,2.73,89.1,523,243.2,0,70
5734,5.81,1.74,89.2,518.3,155.2,0,71
5735,5.94,0.62,89.4,531,55.4,0,71
5736,5.97,2.04,89.2,532.5,182,0,70
5737,6.12,4.21,88.8,543.5,373.8,0,69
5738,6.13,3.48,88.9,545,309.4,0,69
5739,6.08,2.16,89.1,541.7,192.5,0,70
5740,6.08,1.68,89.2,542.3,149.9,0,71
5741,6.05,0.91,89.4,540.9,81.4,0,71
5742,6.04,1.39,89.3,539.4,124.1,0,71
5743,5.94,0.93,89.5,531.6,83.2,0,71
5744,5.95,1.53,89.3,531.3,136.6,0,71
5745,5.91,2.3,89.2,527.2,205.2,0,70
5746,5.92,2.83,89.1,527.5,252.2,0,70
5747,5.84,3.1,89.1,520.3,276.2,0,70
5748,5.84,3.4,89,519.8,302.6,0,69
5749,5.82,4.09,88.8,516.8,363.2,0,69
5750,5.78,3.92,88.9,513.8,348.5,0,69
5751,5.65,3,89,502.9,267,0,70
5752,5.47,2.47,89.1,487.4,220.1,0,70
5753,5.46,2.59,89.1,486.5,230.8,0,70
5754,5.38,3.05,89.1,479.4,271.8,0,70
5755,5.45,4.65,88.8,484,412.9,0,69
5756,5.39,4.71,88.7,478.1,417.8,0,69
5757,5.49,5.26,88.7,487,466.6,0,68
5758,5.5,6.09,88.5,486.8,539,0,68
5759,5.47,6.27,88.5,484.1,554.9,0,68
5760,5.39,6.99,88.4,476.5,617.9,0,67
5761,5.47,7.29,88.3,483,643.7,0,67
5762,5.34,7.59,88.2,471,669.4,0,67
5763,5.45,7.44,88.1,480.1,655.5,0,67
5764,5.54,6.8,88.3,489.2,600.4,0,68
5765,5.66,6.67,88.3,499.8,589,0,68
5766,5.77,6.5,88.3,509.5,574,0,68
5767,5.77,6.31,88.3,509.5,557.2,0,68
5768,5.86,6.12,88.4,518,541,0,68
5769,5.96,6.21,88.4,526.9,549,0,67
5770,5.84,6.26,88.4,516.3,553.4,0,68
5771,5.82,5.81,88.4,514.5,513.6,0,68
5772,5.81,5.9,88.4,513.6,521.6,0,68
5773,5.7,6.06,88.3,503.3,535.1,0,67
5774,5.47,6.17,88.3,483,544.8,0,68
5775,5.29,6.16,88.3,467.1,543.9,0,68
5776,5.34,6.27,88.3,471.5,553.6,0,68
5777,5.32,5.19,88.5,470.8,459.3,0,68
5778,5.24,4.42,88.6,464.3,391.6,0,69
5779,5.15,4.08,88.6,456.3,361.5,0,69
5780,5.35,3.29,88.8,475.1,292.2,0,69
5781,5.32,3.28,88.8,472.4,291.3,0,70
5782,5.14,3.22,88.8,456.4,285.9,0,70
5783,5.54,3.31,88.8,492,293.9,0,69
5784,5.56,4.12,88.6,492.6,365,0,69
5785,5.5,4.37,88.6,487.3,387.2,0,69
5786,5.51,4.92,88.6,488.2,435.9,0,69
5787,5.48,5.14,88.5,485,454.9,0,68
5788,5.56,4.99,88.6,492.6,442.1,0,68
5789,5.63,4.93,88.5,498.3,436.3,0,68
5790,5.64,4.81,88.6,499.7,426.2,0,69
5791,5.57,4.49,88.6,493.5,397.8,0,69
5792,5.52,4.76,88.5,488.5,421.3,0,69
5793,5.73,4.52,88.6,507.7,400.5,0,69
5794,5.71,4.76,88.5,505.3,421.3,0,69
5795,5.83,4.97,88.5,516,439.8,0,68
5796,5.82,5.5,88.4,514.5,486.2,0,68
5797,5.83,5.29,88.5,516,468.2,0,68
5798,6.09,5.52,88.4,538.4,488,0,68
5799,6.3,5.89,88.3,556.3,520.1,0,68
5800,6.32,5.42,88.4,558.7,479.1,0,68
5801,6.26,4.81,88.5,554,425.7,0,68
5802,6.16,4.19,88.6,545.8,371.2,0,69
5803,6.2,3.3,88.7,549.9,292.7,0,69
5804,6.15,3.27,88.8,546.1,290.4,0,69
5805,5.84,2.99,88.8,518.6,265.5,0,69
5806,5.88,3.91,88.7,521.6,346.8,0,69
5807,5.73,4.62,88.6,507.7,409.3,0,69
5808,5.67,5.23,88.4,501.2,462.3,0,68
5809,5.84,4.89,88.5,516.8,432.8,0,68
5810,5.86,5.34,88.4,518,472.1,0,68
5811,5.85,5.48,88.4,517.1,484.4,0,68
5812,6.16,6.24,88.3,543.9,551,0,67
5813,6.14,8.78,87.8,539.1,770.9,0,66
5814,6.3,9.12,87.7,552.5,799.8,0,65
5815,6.35,10.52,87.5,555.6,920.5,0,65
5816,6.25,10.25,87.5,546.9,896.9,0,65
5817,6.29,10.55,87.4,549.7,922.1,0,66
5818,6.1,7.99,87.8,535.6,701.5,0,66
5819,6.1,5.88,88.2,538,518.6,0,67
5820,5.94,4.47,88.4,525.1,395.1,0,68
5821,5.71,2.86,88.7,506.5,253.7,0,70
5822,5.61,0.92,89,499.3,81.9,0,71
5823,5.61,-1,89.4,501.5,-89.4,0,72
5824,5.4,-0.47,89.2,481.7,-41.9,0,72
5825,5.39,0.73,89.1,480.2,65,0,71
5826,5.47,3.69,88.7,485.2,327.3,0,69
5827,5.56,6.36,88.2,490.4,561,0,68
5828,5.73,6.86,88.1,504.8,604.4,0,67
5829,5.6,6.49,88.2,493.9,572.4,0,68
5830,5.57,5.52,88.3,491.8,487.4,0,68
5831,5.52,4.47,88.4,488,395.1,0,69
5832,5.65,2.82,88.8,501.7,250.4,0,70
5833,5.57,1.21,89,495.7,107.7,0,71
5834,5.64,0.08,89.2,503.1,7.1,0,71
5835,5.7,-0.43,89.3,509,-38.4,0,72
5836,5.72,-1.42,89.4,511.4,-126.9,0,72
5837,5.58,-0.66,89.3,498.3,-58.9,0,72
5838,5.61,-1,89.5,502.1,-89.5,0,72
5839,5.68,-0.71,89.4,507.8,-63.5,0,72
5840,5.65,-0.5,89.4,505.1,-44.7,0,72
5841,5.61,-0.75,89.5,502.1,-67.1,0,72
5842,5.72,-0.64,89.4,511.4,-57.2,0,72
5843,5.58,-0.46,89.4,498.9,-41.1,0,72
5844,5.64,-0.15,89.4,504.2,-13.4,0,72
5845,5.65,-4.81,90.1,509.1,-433.4,0,71
5846,5.3,-26.36,93.3,494.5,-2459.4,0,66
5847,5.47,-4.81,90.3,493.9,-434.3,0,57
5848,5.62,-4.94,90.3,507.5,-446.1,0,56
5849,5.63,-4.96,90.4,509,-448.4,0,50
5850,5.11,-4.46,90.2,460.9,-402.3,0,49
5851,5.79,-5.1,90.4,523.4,-461,0,48
5852,5.6,-4.92,90.3,505.7,-444.3,0,47
5853,5.62,-4.95,90.4,508,-447.5,0,46
5854,5.39,-4.73,90.3,486.7,-427.1,0,45
5855,5.51,-4.85,90.3,497.6,-438,0,45
5856,5.24,-4.6,90.3,473.2,-415.4,0,43
5857,4.38,-3.79,90.2,395.1,-341.9,0,43
5858,5.51,-4.84,90.4,498.1,-437.5,0,42
5859,0.61,4.98,88.9,54.2,442.7,0,42
5860,5.59,0.84,89.5,500.3,75.2,0,44
5861,5.6,0.82,89.5,501.2,73.4,0,47
5862,3.93,2.22,89.2,350.6,198,0,48
5863,2.32,3.57,89,206.5,317.7,0,49
5864,1.62,4.2,88.9,144,373.4,0,51
5865,5.54,0.89,89.4,495.3,79.6,0,52
5866,5.63,-4.96,90.3,508.4,-447.9,0,51
5867,5.4,-4.74,90.3,487.6,-428,0,49
5868,5.38,-4.73,90.3,485.8,-427.1,0,46
5869,4.98,-4.36,90.3,449.7,-393.7,0,45
5870,5.44,-4.77,90.4,491.8,-431.2,0,45
5871,5.33,-4.68,90.4,481.8,-423.1,0,40
5872,5.39,-4.73,90.4,487.3,-427.6,0,40
5873,5.34,-4.69,90.4,482.7,-424,0,39
5874,5.5,0.92,89.5,492.3,82.3,0,40
5875,5.34,-4.69,90.4,482.7,-424,0,40
5876,4.75,-4.14,90.3,428.9,-373.8,0,40
5877,4.85,-4.23,90.3,438,-382,0,40
5878,4.2,-3.63,90.2,378.8,-327.4,0,40
5879,0.24,0.01,89.8,21.6,0.9,0,40
5880,0.23,0.01,89.7,20.6,0.9,0,40
5881,1.41,-1.04,89.8,126.6,-93.4,0,40
5882,0.24,0.01,89.7,21.5,0.9,0,40
5883,5.31,-4.67,90.4,480,-422.2,0,40
5884,5,-4.38,90.3,451.5,-395.5,0,40
5885,5.27,-4.64,90.4,476.4,-419.5,0,39
5886,5.12,-4.48,90.3,462.3,-404.5,0,40
5887,5.12,-4.5,90.4,462.8,-406.8,0,39
5888,5.02,-4.39,90.3,453.3,-396.4,0,39
5889,4.97,-20.7,92.7,460.7,-1918.9,0,36
5890,5.23,-8.87,91.1,476.5,-808.1,0,26
5891,5.63,-6.22,90.7,510.6,-564.2,0,19
5892,5.86,1.61,89.6,525.1,144.3,0,21
5893,5.81,-5.09,90.5,525.8,-460.6,0,25
5894,5.8,-5.12,90.5,524.9,-463.4,0,25
5895,5.75,-0.35,89.8,516.4,-31.4,0,28
5896,5.84,-0.41,89.9,525,-36.9,0,28
5897,5.7,-0.34,89.8,511.9,-30.5,0,31
5898,5.44,-4.78,90.5,492.3,-432.6,0,27
5899,5.45,-4.84,90.5,493.2,-438,0,25
5900,5.46,-5.57,90.7,495.2,-505.2,0,9
5901,4.69,-1.55,90,422.1,-139.5,0,6
5902,5.08,-2.76,90.2,458.2,-249,0,14
5903,4.92,-3.74,90.3,444.3,-337.7,0,11
5904,4.86,-4.24,90.4,439.3,-383.3,0,7
5905,5.11,-5.28,90.5,462.5,-477.8,0,10
5906,5.26,-5.23,90.5,476,-473.3,0,9
5907,5.02,-0.9,90,451.8,-81,0,8
5908,5.14,0.01,89.8,461.6,0.9,0,13
5909,4.76,-6.36,90.7,431.7,-576.9,0,13
5910,4.92,0.13,89.8,441.8,11.7,0,14
5911,4.9,-1.84,90,441,-165.6,0,14
5912,4.86,-4.16,90.3,438.9,-375.6,0,14
5913,4.91,-0.95,89.9,441.4,-85.4,0,10
5914,4.89,-5.29,90.5,442.5,-478.7,0,10
5915,4.87,-4.25,90.4,440.2,-384.2,0,7
5916,4.91,-3.41,90.3,443.4,-307.9,0,5
5917,4.94,-4.93,90.6,447.6,-446.7,0,6
5918,4.92,-4.57,90.5,445.3,-413.6,0,5
5919,4.94,-3.96,90.3,446.1,-357.6,0,3
5920,4.97,-4.36,90.4,449.3,-394.1,0,3
5921,4.99,-0.44,89.9,448.6,-39.6,0,0
5922,4.92,-4.31,90.4,444.8,-389.6,0,2
5923,5.05,-3.27,90.3,456,-295.3,0,3
5924,5.06,-4.43,90.5,457.9,-400.9,0,0
5925,5.01,-3.57,90.3,452.4,-322.4,0,0
5926,4.92,-4.29,90.4,444.8,-387.8,0,0
5927,4.92,-4.29,90.5,445.3,-388.2,0,0
5928,4.91,-4.28,90.5,444.4,-387.3,0,0
5929,4.92,-4.29,90.5,445.3,-388.2,0,0
5930,4.92,-4.3,90.5,445.3,-389.2,0,0
5931,4.91,-4.29,90.6,444.8,-388.7,0,0
5932,4.92,-4.29,90.6,445.8,-388.7,0,0
5933,4.9,-4.27,90.5,443.5,-386.4,0,0
5934,4.91,-4.28,90.6,444.8,-387.8,0,0
5935,4.91,-4.29,90.6,444.8,-388.7,0,0
5936,4.89,-4.27,90.6,443,-386.9,0,0
5937,4.9,-4.27,90.6,443.9,-386.9,0,0
5938,4.89,-4.27,90.6,443,-386.9,0,0
5939,4.88,-4.26,90.6,442.1,-386,0,0
5940,4.88,-4.27,90.6,442.1,-386.9,0,0
5941,4.87,-4.26,90.6,441.2,-386,0,0
5942,4.67,-4.08,90.5,422.6,-369.2,0,0
5943,5.03,-4.4,90.6,455.7,-398.6,0,0
5944,5.03,-4.4,90.6,455.7,-398.6,0,0
5945,5.03,-4.39,90.6,455.7,-397.7,0,0
5946,5.02,-4.39,90.6,454.8,-397.7,0,0
5947,5.02,-4.39,90.6,454.8,-397.7,0,0
5948,5.01,-4.39,90.6,453.9,-397.7,0,0
5949,5.01,-4.38,90.6,453.9,-396.8,0,0
5950,5.01,-4.38,90.6,453.9,-396.8,0,0
5951,5,-4.36,90.6,453,-395,0,0
5952,5,-4.37,90.6,453,-395.9,0,0
5953,5,-4.37,90.6,453,-395.9,0,0
5954,5,-4.37,90.6,453,-395.9,0,0
5955,4.94,-4.32,90.6,447.6,-391.4,0,0
5956,4.97,-4.34,90.6,450.3,-393.2,0,0
5957,5.02,-4.39,90.6,454.8,-397.7,0,0
5958,5.01,-4.38,90.6,453.9,-396.8,0,0
5959,5.01,-4.39,90.6,453.9,-397.7,0,0
5960,5.01,-4.37,90.6,453.9,-395.9,0,0
5961,5.02,-4.39,90.6,454.8,-397.7,0,0
5962,5.02,-4.39,90.6,454.8,-397.7,0,0
5963,5.01,-4.38,90.6,453.9,-396.8,0,0
5964,4.99,-4.37,90.6,452.1,-395.9,0,0
5965,5,-4.37,90.6,453,-395.9,0,0
5966,4.99,-4.36,90.7,452.6,-395.5,0,0
5967,4.99,-4.37,90.6,452.1,-395.9,0,0
5968,4.98,-4.35,90.6,451.2,-394.1,0,0
5969,4.99,-4.37,90.6,452.1,-395.9,0,0
5970,4.99,-4.36,90.6,452.1,-395,0,0
5971,4.98,-4.36,90.6,451.2,-395,0,0
5972,4.96,-4.34,90.7,449.9,-393.6,0,0
5973,4.98,-4.35,90.6,451.2,-394.1,0,0
5974,4.99,-4.36,90.6,452.1,-395,0,0
5975,4.98,-4.36,90.6,451.2,-395,0,0
5976,4.97,-4.34,90.7,450.8,-393.6,0,0
5977,4.96,-4.34,90.6,449.4,-393.2,0,0
5978,4.95,-4.33,90.7,449,-392.7,0,0
5979,4.96,-4.35,90.7,449.9,-394.5,0,0
5980,4.97,-4.34,90.7,450.8,-393.6,0,0
5981,4.96,-4.34,90.7,449.9,-393.6,0,0
5982,4.97,-4.35,90.6,450.3,-394.1,0,0
5983,4.96,-4.34,90.7,449.9,-393.6,0,0
5984,4.96,-4.34,90.7,449.9,-393.6,0,0
5985,4.96,-4.34,90.7,449.9,-393.6,0,0
5986,4.96,-4.33,90.7,449.9,-392.7,0,0
5987,4.94,-4.33,90.7,448.1,-392.7,0,0
5988,4.95,-4.32,90.7,449,-391.8,0,0
5989,4.94,-4.32,90.7,448.1,-391.8,0,0
5990,4.94,-4.33,90.7,448.1,-392.7,0,0
5991,4.93,-4.31,90.7,447.2,-390.9,0,0
5992,4.93,-4.3,90.7,447.2,-390,0,0
5993,4.92,-4.3,90.7,446.2,-390,0,0
5994,4.92,-4.29,90.7,446.2,-389.1,0,0
5995,4.91,-4.29,90.7,445.3,-389.1,0,0
5996,4.91,-4.29,90.7,445.3,-389.1,0,0
5997,4.92,-4.3,90.7,446.2,-390,0,0
5998,4.91,-4.29,90.7,445.3,-389.1,0,0
5999,4.91,-4.3,90.7,445.3,-390,0,0
6000,4.91,-4.28,90.7,445.3,-388.2,0,0
6001,4.9,-4.27,90.7,444.4,-387.3,0,0
6002,4.9,-4.27,90.7,444.4,-387.3,0,0
6003,4.9,-4.27,90.7,444.4,-387.3,0,0
6004,4.88,-4.26,90.7,442.6,-386.4,0,0
6005,4.9,-4.29,90.7,444.4,-389.1,0,0
6006,4.9,-4.27,90.7,444.4,-387.3,0,0
6007,4.88,-4.27,90.7,442.6,-387.3,0,0
6008,4.88,-4.26,90.7,442.6,-386.4,0,0
6009,4.87,-4.26,90.7,441.7,-386.4,0,0
6010,4.88,-4.26,90.7,442.6,-386.4,0,0
6011,4.88,-4.26,90.7,442.6,-386.4,0,0
6012,4.86,-4.25,90.7,440.8,-385.5,0,0
6013,4.87,-4.24,90.7,441.7,-384.6,0,0
6014,4.88,-4.26,90.7,442.6,-386.4,0,0
6015,4.87,-4.25,90.7,441.7,-385.5,0,0
6016,4.88,-4.26,90.7,442.6,-386.4,0,0
6017,4.86,-4.23,90.7,440.8,-383.7,0,0
6018,4.86,-4.24,90.7,440.8,-384.6,0,0
6019,4.85,-4.24,90.7,439.9,-384.6,0,0
6020,4.85,-4.24,90.7,439.9,-384.6,0,0
6021,4.86,-4.24,90.7,440.8,-384.6,0,0
6022,4.85,-4.23,90.7,439.9,-383.7,0,0
6023,4.85,-4.23,90.7,439.9,-383.7,0,0
6024,4.84,-4.22,90.7,439,-382.8,0,0
6025,4.83,-4.21,90.7,438.1,-381.8,0,0
6026,4.84,-4.23,90.7,439,-383.7,0,0
6027,4.83,-4.21,90.7,438.1,-381.8,0,0
6028,4.82,-4.21,90.7,437.2,-381.8,0,0
6029,4.82,-4.21,90.7,437.2,-381.8,0,0
6030,4.81,-4.2,90.7,436.3,-380.9,0,0
6031,4.81,-4.2,90.7,436.3,-380.9,0,0
6032,4.81,-4.2,90.7,436.3,-380.9,0,0
6033,4.81,-4.2,90.7,436.3,-380.9,0,0
6034,4.8,-4.19,90.7,435.4,-380,0,0
6035,4.8,-4.19,90.7,435.4,-380,0,0
6036,4.79,-4.18,90.7,434.5,-379.1,0,0
6037,4.8,-4.19,90.7,435.4,-380,0,0
6038,4.79,-4.17,90.7,434.5,-378.2,0,0
6039,4.79,-4.18,90.7,434.5,-379.1,0,0
6040,4.77,-4.17,90.7,432.6,-378.2,0,0
6041,4.79,-4.18,90.8,434.9,-379.5,0,0
6042,4.79,-4.17,90.7,434.5,-378.2,0,0
6043,4.78,-4.16,90.8,434,-377.7,0,0
6044,4.76,-4.15,90.7,431.7,-376.4,0,0
6045,4.76,-4.15,90.8,432.2,-376.8,0,0
6046,4.76,-4.15,90.8,432.2,-376.8,0,0
6047,4.75,-4.15,90.8,431.3,-376.8,0,0
6048,4.76,-4.15,90.8,432.2,-376.8,0,0
6049,4.75,-4.14,90.8,431.3,-375.9,0,0
6050,4.75,-4.14,90.8,431.3,-375.9,0,0
6051,4.74,-4.14,90.8,430.4,-375.9,0,0
6052,4.75,-4.15,90.8,431.3,-376.8,0,0
6053,4.75,-4.14,90.9,431.8,-376.3,0,0
6054,4.74,-4.13,90.8,430.4,-375,0,0
6055,4.74,-4.13,90.9,430.9,-375.4,0,0
6056,4.74,-4.13,90.8,430.4,-375,0,0
6057,4.73,-4.12,90.8,429.5,-374.1,0,0
6058,4.72,-4.12,90.9,429,-374.5,0,0
6059,4.72,-4.12,90.8,428.6,-374.1,0,0
6060,4.73,-4.12,90.8,429.5,-374.1,0,0
6061,4.72,-4.11,90.9,429,-373.6,0,0
6062,4.72,-4.11,90.9,429,-373.6,0,0
6063,4.72,-4.12,90.9,429,-374.5,0,0
6064,4.71,-4.11,90.9,428.1,-373.6,0,0
6065,4.71,-4.11,90.9,428.1,-373.6,0,0
6066,4.71,-4.11,90.9,428.1,-373.6,0,0
6067,4.7,-4.09,90.8,426.8,-371.4,0,0
6068,4.7,-4.09,90.9,427.2,-371.8,0,0
6069,4.7,-4.09,90.9,427.2,-371.8,0,0
6070,4.7,-4.09,90.9,427.2,-371.8,0,0
6071,4.7,-4.09,90.9,427.2,-371.8,0,0
6072,4.71,-4.1,90.9,428.1,-372.7,0,0
6073,4.68,-4.08,90.9,425.4,-370.9,0,0
6074,4.68,-4.08,90.9,425.4,-370.9,0,0
6075,4.69,-4.08,90.9,426.3,-370.9,0,0
6076,4.69,-4.08,90.8,425.9,-370.5,0,0
6077,4.67,-4.07,90.9,424.5,-370,0,0
6078,4.68,-4.08,90.9,425.4,-370.9,0,0
6079,4.67,-4.07,90.9,424.5,-370,0,0
6080,4.68,-4.08,90.9,425.4,-370.9,0,0
6081,4.66,-4.07,90.9,423.6,-370,0,0
6082,4.66,-4.06,90.9,423.6,-369.1,0,0
6083,4.67,-4.07,90.9,424.5,-370,0,0
6084,4.65,-4.06,90.9,422.7,-369.1,0,0
6085,4.64,-4.04,90.9,421.8,-367.2,0,0
6086,4.65,-4.05,90.9,422.7,-368.1,0,0
6087,4.65,-4.05,90.9,422.7,-368.1,0,0
6088,4.64,-4.04,90.9,421.8,-367.2,0,0
6089,4.63,-4.04,90.9,420.9,-367.2,0,0
6090,4.64,-4.04,90.9,421.8,-367.2,0,0
6091,4.63,-4.03,90.9,420.9,-366.3,0,0
6092,4.64,-4.04,90.9,421.8,-367.2,0,0
6093,4.64,-4.05,90.9,421.8,-368.1,0,0
6094,4.63,-4.03,90.9,420.9,-366.3,0,0
6095,4.62,-4.03,90.9,420,-366.3,0,0
6096,4.62,-4.03,90.9,420,-366.3,0,0
6097,4.61,-4.01,90.9,419,-364.5,0,0
6098,4.62,-4.02,90.9,420,-365.4,0,0
6099,4.62,-4.02,90.9,420,-365.4,0,0
6100,4.62,-4.02,90.9,420,-365.4,0,0
6101,4.6,-4.01,90.9,418.1,-364.5,0,0
6102,4.62,-4.02,90.9,420,-365.4,0,0
6103,4.61,-4.01,90.9,419,-364.5,0,0
6104,4.6,-4.01,90.9,418.1,-364.5,0,0
6105,4.6,-4,90.9,418.1,-363.6,0,0
6106,4.6,-4.01,90.9,418.1,-364.5,0,0
6107,4.59,-3.99,90.9,417.2,-362.7,0,0
6108,4.59,-4,90.9,417.2,-363.6,0,0
6109,4.59,-4,90.9,417.2,-363.6,0,0
6110,4.59,-3.99,90.9,417.2,-362.7,0,0
6111,4.58,-3.98,90.9,416.3,-361.8,0,0
6112,4.58,-3.98,90.9,416.3,-361.8,0,0
6113,4.57,-3.97,90.9,415.4,-360.9,0,0
6114,4.58,-3.98,90.9,416.3,-361.8,0,0
6115,4.58,-3.98,90.9,416.3,-361.8,0,0
6116,4.58,-3.98,90.9,416.3,-361.8,0,0
6117,4.56,-3.97,90.9,414.5,-360.9,0,0
6118,4.56,-3.98,90.9,414.5,-361.8,0,0
6119,4.56,-3.97,90.9,414.5,-360.9,0,0
6120,4.56,-3.96,90.9,414.5,-360,0,0
6121,4.56,-3.97,90.9,414.5,-360.9,0,0
6122,4.55,-3.96,90.9,413.6,-360,0,0
6123,4.55,-3.96,90.9,413.6,-360,0,0
6124,4.55,-3.96,90.9,413.6,-360,0,0
6125,4.56,-3.96,90.9,414.5,-360,0,0
6126,4.54,-3.95,90.9,412.7,-359.1,0,0
6127,4.54,-3.95,90.9,412.7,-359.1,0,0
6128,4.54,-3.95,90.9,412.7,-359.1,0,0
6129,4.53,-3.95,90.9,411.8,-359.1,0,0
6130,4.53,-3.94,90.9,411.8,-358.1,0,0
6131,4.54,-3.95,90.9,412.7,-359.1,0,0
6132,4.53,-3.94,90.9,411.8,-358.1,0,0
6133,4.53,-3.94,90.9,411.8,-358.1,0,0
6134,4.52,-3.93,90.9,410.9,-357.2,0,0
6135,4.51,-3.92,90.9,410,-356.3,0,0
6136,4.51,-3.93,90.9,410,-357.2,0,0
6137,4.52,-3.93,90.9,410.9,-357.2,0,0
6138,4.51,-3.92,90.9,410,-356.3,0,0
6139,4.5,-3.92,90.9,409.1,-356.3,0,0
6140,4.5,-3.92,90.9,409.1,-356.3,0,0
6141,4.49,-3.9,90.9,408.1,-354.5,0,0
6142,4.49,-3.91,90.9,408.1,-355.4,0,0
6143,4.49,-3.9,90.9,408.1,-354.5,0,0
6144,4.48,-3.9,90.9,407.2,-354.5,0,0
6145,4.48,-3.9,90.9,407.2,-354.5,0,0
6146,4.49,-3.9,90.9,408.1,-354.5,0,0
6147,4.48,-3.9,90.9,407.2,-354.5,0,0
6148,4.48,-3.89,90.9,407.2,-353.6,0,0
6149,4.48,-3.88,90.9,407.2,-352.7,0,0
6150,4.47,-3.88,90.9,406.3,-352.7,0,0
6151,4.47,-3.89,91,406.8,-354,0,0
6152,4.46,-3.87,90.9,405.4,-351.8,0,0
6153,4.47,-3.87,90.9,406.3,-351.8,0,0
6154,4.46,-3.88,90.9,405.4,-352.7,0,0
6155,4.45,-3.87,90.9,404.5,-351.8,0,0
6156,4.45,-3.87,90.9,404.5,-351.8,0,0
6157,4.45,-3.86,91,405,-351.3,0,0
6158,4.45,-3.86,91,405,-351.3,0,0
6159,4.44,-3.86,91,404,-351.3,0,0
6160,4.44,-3.86,90.9,403.6,-350.9,0,0
6161,4.45,-3.87,91,405,-352.2,0,0
6162,4.44,-3.85,90.9,403.6,-350,0,0
6163,4.43,-3.84,91,403.1,-349.4,0,0
6164,4.43,-3.84,91,403.1,-349.4,0,0
6165,4.43,-3.84,90.9,402.7,-349.1,0,0
6166,4.41,-3.83,91,401.3,-348.5,0,0
6167,4.42,-3.83,90.9,401.8,-348.1,0,0
6168,4.42,-3.83,91,402.2,-348.5,0,0
6169,4.41,-3.82,91,401.3,-347.6,0,0
6170,4.4,-3.82,91,400.4,-347.6,0,0
6171,4.41,-3.82,91,401.3,-347.6,0,0
6172,4.4,-3.82,91,400.4,-347.6,0,0
6173,4.4,-3.81,91,400.4,-346.7,0,0
6174,4.4,-3.82,90.9,400,-347.2,0,0
6175,4.4,-3.82,91,400.4,-347.6,0,0
6176,4.39,-3.8,91,399.5,-345.8,0,0
6177,4.4,-3.81,91,400.4,-346.7,0,0
6178,4.39,-3.81,91,399.5,-346.7,0,0
6179,4.38,-3.8,91,398.6,-345.8,0,0
6180,4.37,-3.79,91,397.7,-344.9,0,0
6181,4.37,-3.8,91,397.7,-345.8,0,0
6182,4.38,-3.81,91,398.6,-346.7,0,0
6183,4.36,-3.79,91,396.8,-344.9,0,0
6184,4.37,-3.79,91,397.7,-344.9,0,0
6185,4.35,-3.78,91,395.9,-344,0,0
6186,4.36,-3.78,91,396.8,-344,0,0
6187,4.36,-3.79,91,396.8,-344.9,0,0
6188,4.35,-3.78,91,395.9,-344,0,0
6189,4.35,-3.78,91,395.9,-344,0,0
6190,4.34,-3.77,91,394.9,-343.1,0,0
6191,4.35,-3.77,91,395.9,-343.1,0,0
6192,4.35,-3.78,91,395.9,-344,0,0
6193,4.34,-3.77,91,394.9,-343.1,0,0
6194,4.34,-3.76,91,394.9,-342.2,0,0
6195,4.34,-3.76,91,394.9,-342.2,0,0
6196,4.34,-3.76,91,394.9,-342.2,0,0
6197,4.34,-3.76,91,394.9,-342.2,0,0
6198,4.33,-3.76,91,394,-342.2,0,0
6199,4.32,-3.74,91,393.1,-340.3,0,0
6200,4.33,-3.75,91,394,-341.3,0,0
6201,4.32,-3.75,91,393.1,-341.3,0,0
6202,4.31,-3.75,91,392.2,-341.3,0,0
6203,4.32,-3.74,91,393.1,-340.3,0,0
6204,4.31,-3.75,91,392.2,-341.3,0,0
6205,4.31,-3.74,91,392.2,-340.3,0,0
6206,4.32,-3.75,91,393.1,-341.3,0,0
6207,4.31,-3.72,91,392.2,-338.5,0,0
6208,4.31,-3.74,91,392.2,-340.3,0,0
6209,4.3,-3.73,91,391.3,-339.4,0,0
6210,4.31,-3.74,91,392.2,-340.3,0,0
6211,4.3,-3.72,91,391.3,-338.5,0,0
6212,4.3,-3.71,91,391.3,-337.6,0,0
6213,4.29,-3.72,91,390.4,-338.5,0,0
6214,4.29,-3.71,91,390.4,-337.6,0,0
6215,4.28,-3.7,91,389.5,-336.7,0,0
6216,4.28,-3.71,91,389.5,-337.6,0,0
6217,4.29,-3.71,91,390.4,-337.6,0,0
6218,4.29,-3.71,91,390.4,-337.6,0,0
6219,4.29,-3.71,91,390.4,-337.6,0,0
6220,4.27,-3.69,91,388.6,-335.8,0,0
6221,4.27,-3.7,91,388.6,-336.7,0,0
6222,4.27,-3.69,91,388.6,-335.8,0,0
6223,4.27,-3.69,91,388.6,-335.8,0,0
6224,4.26,-3.69,91,387.7,-335.8,0,0
6225,4.26,-3.69,91,387.7,-335.8,0,0
6226,4.26,-3.69,91,387.7,-335.8,0,0
6227,4.25,-3.68,91,386.8,-334.9,0,0
6228,4.26,-3.68,91,387.7,-334.9,0,0
6229,4.25,-3.68,91,386.8,-334.9,0,0
6230,4.25,-3.68,91,386.8,-334.9,0,0
6231,4.26,-3.68,91,387.7,-334.9,0,0
6232,4.25,-3.67,91,386.8,-334,0,0
6233,4.24,-3.67,91,385.8,-334,0,0
6234,4.24,-3.66,91,385.8,-333.1,0,0
6235,4.23,-3.66,91,384.9,-333.1,0,0
6236,4.24,-3.66,91,385.8,-333.1,0,0
6237,4.23,-3.65,91,384.9,-332.2,0,0
6238,4.23,-3.66,91,384.9,-333.1,0,0
6239,4.23,-3.65,91,384.9,-332.2,0,0
6240,4.23,-3.66,91,384.9,-333.1,0,0
6241,4.22,-3.66,91,384,-333.1,0,0
6242,4.23,-3.65,91,384.9,-332.2,0,0
6243,4.21,-3.64,91,383.1,-331.2,0,0
6244,4.22,-3.65,91,384,-332.2,0,0
6245,4.2,-3.64,91.1,382.6,-331.6,0,0
6246,4.21,-3.64,91.1,383.5,-331.6,0,0
6247,4.21,-3.63,91,383.1,-330.3,0,0
6248,4.21,-3.64,91.1,383.5,-331.6,0,0
6249,4.2,-3.62,91.1,382.6,-329.8,0,0
6250,4.2,-3.63,91.1,382.6,-330.7,0,0
6251,4.19,-3.63,91.1,381.7,-330.7,0,0
6252,4.19,-3.62,91.1,381.7,-329.8,0,0
6253,4.21,-3.63,91.1,383.5,-330.7,0,0
6254,4.18,-3.63,91,380.4,-330.3,0,0
6255,4.17,-3.62,91.1,379.9,-329.8,0,0
6256,4.17,-3.63,91.1,379.9,-330.7,0,0
6257,4.17,-3.62,91.1,379.9,-329.8,0,0
6258,4.17,-3.62,91.2,380.3,-330.1,0,0
6259,4.17,-3.62,91.1,379.9,-329.8,0,0
6260,4.16,-3.62,91.1,379,-329.8,0,0
6261,4.15,-3.62,91.1,378.1,-329.8,0,0
6262,4.16,-3.62,91.1,379,-329.8,0,0
6263,4.16,-3.61,91.1,379,-328.9,0,0
6264,4.15,-3.61,91.1,378.1,-328.9,0,0
6265,4.13,-3.6,91.2,376.7,-328.3,0,0
6266,4.14,-3.6,91.2,377.6,-328.3,0,0
6267,4.14,-3.61,91.2,377.6,-329.2,0,0
6268,4.15,-3.61,91.2,378.5,-329.2,0,0
6269,4.13,-3.59,91.1,376.2,-327,0,0
6270,4.13,-3.59,91.1,376.2,-327,0,0
6271,4.13,-3.58,91.2,376.7,-326.5,0,0
6272,4.13,-3.59,91.1,376.2,-327,0,0
6273,4.11,-3.57,91.2,374.8,-325.6,0,0
6274,4.12,-3.58,91.2,375.7,-326.5,0,0
6275,4.1,-3.56,91.1,373.5,-324.3,0,0
6276,4.11,-3.57,91.1,374.4,-325.2,0,0
6277,4.1,-3.56,91.2,373.9,-324.7,0,0
6278,4.11,-3.56,91.2,374.8,-324.7,0,0
6279,4.09,-3.55,91.2,373,-323.8,0,0
6280,4.1,-3.55,91.2,373.9,-323.8,0,0
6281,4.09,-3.56,91.2,373,-324.7,0,0
6282,4.1,-3.55,91.2,373.9,-323.8,0,0
6283,4.08,-3.55,91.2,372.1,-323.8,0,0
6284,4.08,-3.55,91.2,372.1,-323.8,0,0
6285,4.1,-3.56,91.2,373.9,-324.7,0,0
6286,4.09,-3.55,91.2,373,-323.8,0,0
6287,4.07,-3.53,91.2,371.2,-321.9,0,0
6288,4.07,-3.53,91.2,371.2,-321.9,0,0
6289,4.07,-3.53,91.2,371.2,-321.9,0,0
6290,4.07,-3.53,91.2,371.2,-321.9,0,0
6291,4.05,-3.52,91.2,369.4,-321,0,0
6292,4.06,-3.53,91.2,370.3,-321.9,0,0
6293,4.05,-3.5,91.2,369.4,-319.2,0,0
6294,4.05,-3.52,91.2,369.4,-321,0,0
6295,4.06,-3.51,91.2,370.3,-320.1,0,0
6296,4.03,-3.48,91.2,367.5,-317.4,0,0
6297,4.03,-3.47,91.2,367.5,-316.5,0,0
6298,4.04,-3.48,91.2,368.4,-317.4,0,0
6299,4.04,-3.48,91.2,368.4,-317.4,0,0
6300,4.03,-3.47,91.2,367.5,-316.5,0,0
6301,4.03,-3.48,91.2,367.5,-317.4,0,0
6302,4.02,-3.47,91.2,366.6,-316.5,0,0
6303,4.02,-3.47,91.2,366.6,-316.5,0,0
6304,4.02,-3.48,91.2,366.6,-317.4,0,0
6305,4.02,-3.47,91.2,366.6,-316.5,0,0
6306,4.02,-3.47,91.2,366.6,-316.5,0,0
6307,4.02,-3.47,91.2,366.6,-316.5,0,0
6308,4.02,-3.47,91.2,366.6,-316.5,0,0
6309,4.01,-3.46,91.2,365.7,-315.6,0,0
6310,4.01,-3.47,91.2,365.7,-316.5,0,0
6311,4.01,-3.46,91.2,365.7,-315.6,0,0
6312,4,-3.46,91.2,364.8,-315.6,0,0
6313,4,-3.44,91.2,364.8,-313.7,0,0
6314,4,-3.46,91.2,364.8,-315.6,0,0
6315,4.05,-3.5,91.2,369.4,-319.2,0,0
6316,4.04,-1.58,90.9,367.2,-143.6,0,4
6317,4.22,-3.14,91.1,384.4,-286.1,0,2
6318,3.96,2.12,90.3,357.6,191.4,0,0
6319,3.92,2.19,90.3,354,197.8,0,14
6320,3.94,2.05,90.3,355.8,185.1,0,20
6321,3.86,-6.58,91.5,353.2,-602.1,0,18
6322,3.43,10.42,89,305.3,927.4,0,25
6323,4.16,13.07,88.6,368.6,1158,0,34
6324,4.22,16.84,88,371.4,1481.9,0,44
6325,4.2,16.96,87.9,369.2,1490.8,0,51
6326,4.24,16.86,87.7,371.8,1478.6,0,58
6327,4.34,15.51,88.1,382.4,1366.4,0,64
6328,4.61,7.75,89.1,410.8,690.5,0,68
6329,4.66,4.35,89.6,417.5,389.8,0,70
6330,4.69,2.34,89.9,421.6,210.4,0,71
6331,4.2,2.12,90,378,190.8,0,72
6332,4.22,1.67,90.1,380.2,150.5,0,72
6333,4.16,1.9,90,374.4,171,0,72
6334,4.15,2.31,90,373.5,207.9,0,72
6335,4.05,2.49,90,364.5,224.1,0,72
6336,4.12,2.21,90.1,371.2,199.1,0,72
6337,4.18,1.56,90.1,376.6,140.6,0,72
6338,4.31,1.81,90,387.9,162.9,0,72
6339,4.16,2.38,90,374.4,214.2,0,72
6340,4.23,2.12,90.1,381.1,191,0,71
6341,4.12,1.97,90.1,371.2,177.5,0,72
6342,4.24,1.98,90.1,382,178.4,0,72
6343,4.18,2.21,90,376.2,198.9,0,72
6344,4.1,2.41,89.9,368.6,216.7,0,72
6345,4.11,2.81,89.9,369.5,252.6,0,71
6346,4.15,2.57,89.9,373.1,231,0,72
6347,4.17,2.11,90,375.3,189.9,0,72
6348,4.07,1.67,90.1,366.7,150.5,0,72
6349,4.09,2.15,90,368.1,193.5,0,72
6350,4.05,2.57,89.9,364.1,231,0,72
6351,4.14,2.47,90,372.6,222.3,0,72
6352,3.86,-28.74,94.4,364.4,-2713.1,0,69
6353,3.8,-28.65,94.6,359.5,-2710.3,0,55
6354,4.19,-3.62,91.1,381.7,-329.8,0,51
6355,4.01,0.33,90.5,362.9,29.9,0,50
6356,4.18,0.16,90.6,378.7,14.5,0,51
6357,4.22,1.97,90.2,380.6,177.7,0,51
6358,4.14,2.08,90.2,373.4,187.6,0,52
6359,4.22,1.98,90.2,380.6,178.6,0,53
6360,4.12,2.05,90.1,371.2,184.7,0,54
6361,4.1,2.09,90.1,369.4,188.3,0,55
6362,4.05,2.14,90.1,364.9,192.8,0,55
6363,4.13,2.09,90.1,372.1,188.3,0,56
6364,4.1,2.09,90.1,369.4,188.3,0,56
6365,3.83,2.33,90.1,345.1,209.9,0,57
6366,3.68,2.46,90.1,331.6,221.6,0,58
6367,4.3,1.96,90.1,387.4,176.6,0,59
6368,4.13,2.03,90.1,372.1,182.9,0,60
6369,4.22,1.95,90.1,380.2,175.7,0,60
6370,4.25,1.99,90.1,382.9,179.3,0,61
6371,4.29,1.9,90.1,386.5,171.2,0,61
6372,4.37,1.83,90.1,393.7,164.9,0,61
6373,4.52,1.75,90.1,407.3,157.7,0,62
6374,4.46,1.86,90.1,401.8,167.6,0,62
6375,4.49,1.79,90.1,404.5,161.3,0,62
6376,4.53,1.69,90.1,408.2,152.3,0,62
6377,4.38,1.9,90.1,394.6,171.2,0,62
6378,4.43,1.91,90.1,399.1,172.1,0,62
6379,4.39,2.09,90,395.1,188.1,0,62
6380,4.39,2.78,90,395.1,250.2,0,62
6381,4.41,2.84,90,396.9,255.6,0,63
6382,4.38,2.75,90,394.2,247.5,0,63
6383,4.37,2.84,89.9,392.9,255.3,0,63
6384,4.38,2.89,89.9,393.8,259.8,0,63
6385,4.41,2.75,90,396.9,247.5,0,63
6386,4.34,2.87,89.9,390.2,258,0,63
6387,4.37,2.81,90,393.3,252.9,0,64
6388,4.43,5.68,89.5,396.5,508.4,0,64
6389,4.39,5.7,89.4,392.5,509.6,0,66
6390,4.4,5.98,89.3,392.9,534,0,68
6391,4.39,4.94,89.5,392.9,442.1,0,69
6392,4.38,4.19,89.6,392.4,375.4,0,70
6393,4.36,3.29,89.8,391.5,295.4,0,71
6394,4.52,2.39,89.9,406.3,214.9,0,71
6395,4.51,3.22,89.7,404.5,288.8,0,71
6396,4.36,2.26,89.9,392,203.2,0,71
6397,4.35,1.63,90,391.5,146.7,0,70
6398,4.34,1.83,90,390.6,164.7,0,70
6399,4.38,1.64,90,394.2,147.6,0,70
6400,4.36,-2.16,90.6,395,-195.7,0,70
6401,4.15,-25.76,94.1,390.5,-2424,0,65
6402,4.44,-3.85,90.9,403.6,-350,0,63
6403,4.37,-3.79,91,397.7,-344.9,0,57
6404,4.28,1.15,90.3,386.5,103.8,0,55
6405,4.34,2.88,90,390.6,259.2,0,56
6406,4.45,6.59,89.3,397.4,588.5,0,58
6407,4.75,10.6,88.8,421.8,941.3,0,61
6408,4.89,11.74,88.5,432.8,1039,0,65
6409,4.92,8.34,88.9,437.4,741.4,0,68
6410,4.83,5.82,89.3,431.3,519.7,0,69
6411,4.86,4.73,89.5,435,423.3,0,70
6412,4.88,4.64,89.5,436.8,415.3,0,70
6413,4.82,4.49,89.4,430.9,401.4,0,70
6414,4.83,4.44,89.5,432.3,397.4,0,70
6415,4.67,-4.07,90.8,424,-369.6,0,49
6416,4.54,10.32,88.7,402.7,915.4,0,49
6417,4.64,21.59,87.1,404.1,1880.5,0,57
6418,4.59,15.77,87.8,403,1384.6,0,63
6419,4.48,9.3,88.6,396.9,824,0,67
6420,4.19,6.7,89,372.9,596.3,0,69
6421,3.95,-3.4,90.6,357.9,-308,0,66
6422,4.16,3.73,89.6,372.7,334.2,0,65
6423,4.44,7.5,89,395.2,667.5,0,67
6424,4.41,10.32,88.5,390.3,913.3,0,69
6425,4.45,9.11,88.8,395.2,809,0,72
6426,4.42,7.43,88.9,392.9,660.5,0,74
6427,4.39,5.79,89.1,391.1,515.9,0,75
6428,4.35,4.58,89.4,388.9,409.5,0,76
6429,3.98,-3.39,90.6,360.6,-307.1,0,75
6430,3.94,-0.22,90.2,355.4,-19.8,0,73
6431,3.88,-2.28,90.5,351.1,-206.3,0,71
6432,3.94,-1.74,90.4,356.2,-157.3,0,70
6433,3.92,-1.93,90.5,354.8,-174.7,0,70
6434,3.89,-1.9,90.5,352,-172,0,69
6435,3.95,-1.99,90.6,357.9,-180.3,0,68
6436,3.94,1.17,90.1,355,105.4,0,68
6437,3.92,1.19,90.1,353.2,107.2,0,68
6438,3.93,1.18,90.1,354.1,106.3,0,68
6439,4.02,3.07,89.8,361,275.7,0,68
6440,4.06,2.97,89.7,364.2,266.4,0,69
6441,4.27,2.62,89.8,383.4,235.3,0,69
6442,4.15,2.79,89.7,372.3,250.3,0,70
6443,3.99,2.52,89.8,358.3,226.3,0,70
6444,3.9,2.7,89.8,350.2,242.5,0,70
6445,3.89,2.49,89.8,349.3,223.6,0,70
6446,3.92,1.93,89.9,352.4,173.5,0,71
6447,3.95,1.53,90,355.5,137.7,0,71
6448,4.01,2.26,89.8,360.1,202.9,0,71
6449,4.03,1.99,89.8,361.9,178.7,0,70
6450,3.99,2.44,89.8,358.3,219.1,0,70
6451,3.92,2.35,89.8,352,211,0,70
6452,3.95,2.17,89.8,354.7,194.9,0,70
6453,4.03,2.52,89.7,361.5,226,0,70
6454,3.91,2.81,89.7,350.7,252.1,0,70
6455,3.95,2.67,89.8,354.7,239.8,0,70
6456,4.01,2.9,89.7,359.7,260.1,0,69
6457,3.95,2.92,89.7,354.3,261.9,0,69
6458,3.89,3.09,89.7,348.9,277.2,0,69
6459,3.9,3.13,89.7,349.8,280.8,0,69
6460,3.92,3.07,89.6,351.2,275.1,0,68
6461,3.88,3.08,89.7,348,276.3,0,68
6462,3.89,3.2,89.7,348.9,287,0,68
6463,3.97,2.93,89.7,356.1,262.8,0,68
6464,3.98,3.13,89.6,356.6,280.4,0,68
6465,3.94,2.98,89.7,353.4,267.3,0,68
6466,3.92,2.97,89.7,351.6,266.4,0,67
6467,3.89,3.04,89.7,348.9,272.7,0,67
6468,3.91,3.12,89.6,350.3,279.6,0,67
6469,3.88,3.13,89.6,347.6,280.4,0,67
6470,3.84,3.13,89.6,344.1,280.4,0,67
6471,3.89,3.1,89.6,348.5,277.8,0,67
6472,3.87,3.1,89.6,346.8,277.8,0,67
6473,4.01,5.11,89.3,358.1,456.3,0,68
6474,3.94,4.72,89.4,352.2,422,0,68
6475,3.88,4.88,89.3,346.5,435.8,0,68
6476,3.93,4.74,89.3,350.9,423.3,0,68
6477,3.92,4.62,89.4,350.4,413,0,69
6478,3.91,4.53,89.4,349.6,405,0,69
6479,3.89,4.41,89.4,347.8,394.3,0,69
6480,3.92,4.3,89.4,350.4,384.4,0,69
6481,3.87,4.34,89.4,346,388,0,69
6482,3.87,4.42,89.4,346,395.1,0,69
6483,3.85,4.49,89.3,343.8,401,0,69
6484,3.87,4.27,89.4,346,381.7,0,69
6485,3.83,4.26,89.4,342.4,380.8,0,69
6486,3.84,4.38,89.4,343.3,391.6,0,69
6487,3.83,4.06,89.4,342.4,363,0,69
6488,3.85,4.29,89.3,343.8,383.1,0,70
6489,3.86,3.91,89.4,345.1,349.6,0,70
6490,3.87,3.87,89.4,346,346,0,70
6491,3.74,4.35,89.3,334,388.5,0,70
6492,3.8,4.04,89.4,339.7,361.2,0,70
6493,3.77,4.4,89.3,336.7,392.9,0,69
6494,3.82,3.96,89.4,341.5,354,0,70
6495,3.83,3.65,89.4,342.4,326.3,0,70
6496,3.88,3.64,89.4,346.9,325.4,0,70
6497,3.86,3.64,89.4,345.1,325.4,0,70
6498,3.88,3.8,89.4,346.9,339.7,0,70
6499,3.85,3.84,89.4,344.2,343.3,0,70
6500,3.25,4.15,89.3,290.2,370.6,0,70
6501,3.96,4.1,89.4,354,366.5,0,70
6502,3.94,4.11,89.3,351.8,367,0,70
6503,3.91,3.9,89.4,349.6,348.7,0,70
6504,3.92,4.25,89.3,350.1,379.5,0,69
6505,3.9,4.19,89.3,348.3,374.2,0,69
6506,3.9,4.12,89.3,348.3,367.9,0,69
6507,3.86,4.56,89.2,344.3,406.8,0,69
6508,3.89,4.46,89.3,347.4,398.3,0,69
6509,3.9,4.43,89.3,348.3,395.6,0,69
6510,3.91,4.45,89.3,349.2,397.4,0,69
6511,3.89,4.44,89.3,347.4,396.5,0,69
6512,3.86,4.5,89.2,344.3,401.4,0,69
6513,3.92,4.54,89.3,350.1,405.4,0,69
6514,3.85,4.76,89.2,343.4,424.6,0,68
6515,3.83,4.7,89.2,341.6,419.2,0,68
6516,3.92,5.14,89.1,349.3,458,0,68
6517,3.97,4.98,89.2,354.1,444.2,0,68
6518,3.91,4.71,89.2,348.8,420.1,0,68
6519,3.89,4.85,89.2,347,432.6,0,68
6520,3.92,5.08,89.1,349.3,452.6,0,68
6521,3.88,4.6,89.2,346.1,410.3,0,68
6522,3.9,4.5,89.2,347.9,401.4,0,69
6523,3.9,4.29,89.2,347.9,382.7,0,69
6524,3.79,4.33,89.3,338.4,386.7,0,69
6525,3.86,4.28,89.3,344.7,382.2,0,69
6526,3.83,4.23,89.2,341.6,377.3,0,69
6527,3.88,4.35,89.2,346.1,388,0,69
6528,3.87,4.3,89.2,345.2,383.6,0,69
6529,3.82,4.42,89.2,340.7,394.3,0,69
6530,3.83,4.47,89.2,341.6,398.7,0,69
6531,3.81,4.39,89.2,339.9,391.6,0,69
6532,3.87,4.1,89.2,345.2,365.7,0,69
6533,3.81,4.28,89.2,339.9,381.8,0,69
6534,3.8,4.18,89.2,339,372.9,0,69
6535,3.86,4.08,89.2,344.3,363.9,0,69
6536,3.84,3.94,89.3,342.9,351.8,0,70
6537,3.85,4.23,89.2,343.4,377.3,0,70
6538,3.8,4.01,89.2,339,357.7,0,69
6539,3.82,4.34,89.2,340.7,387.1,0,69
6540,3.86,4.14,89.2,344.3,369.3,0,69
6541,3.84,4.26,89.2,342.5,380,0,69
6542,3.8,4.47,89.2,339,398.7,0,69
6543,3.89,4.91,89.1,346.6,437.5,0,68
6544,3.8,4.75,89.2,339,423.7,0,68
6545,3.81,4.95,89.1,339.5,441,0,68
6546,3.72,5.2,89.1,331.5,463.3,0,68
6547,3.8,4.76,89.1,338.6,424.1,0,68
6548,3.75,5.01,89.1,334.1,446.4,0,68
6549,3.8,5.25,89,338.2,467.3,0,67
6550,3.79,4.95,89.1,337.7,441,0,67
6551,3.79,4.79,89.1,337.7,426.8,0,67
6552,3.79,4.73,89.1,337.7,421.4,0,67
6553,3.74,5.22,89,332.9,464.6,0,67
6554,3.74,5.51,88.9,332.5,489.8,0,67
6555,3.77,5.32,89,335.5,473.5,0,67
6556,3.76,4.88,89.1,335,434.8,0,67
6557,3.75,4.9,89.1,334.1,436.6,0,67
6558,3.75,5.69,88.9,333.4,505.8,0,67
6559,3.78,7.21,88.7,335.3,639.5,0,68
6560,3.76,6.36,88.8,333.9,564.8,0,68
6561,3.75,6.21,88.8,333,551.4,0,69
6562,3.74,5.95,88.9,332.5,529,0,69
6563,3.73,5.78,88.8,331.2,513.3,0,69
6564,3.76,5.65,88.9,334.3,502.3,0,69
6565,3.73,5.41,88.9,331.6,480.9,0,69
6566,3.75,5.42,88.9,333.4,481.8,0,69
6567,3.72,4.94,89,331.1,439.7,0,69
6568,3.72,5.45,88.9,330.7,484.5,0,69
6569,3.67,5.63,88.9,326.3,500.5,0,69
6570,3.68,5.32,88.9,327.2,472.9,0,69
6571,3.73,6.11,88.8,331.2,542.6,0,69
6572,3.75,6.25,88.7,332.6,554.4,0,69
6573,3.73,5.89,88.8,331.2,523,0,69
6574,1.66,7.33,88.6,147.1,649.4,0,69
6575,3.63,5.66,88.8,322.3,502.6,0,69
6576,3.6,4.72,89,320.4,420.1,0,70
6577,3.57,4.83,88.9,317.4,429.4,0,70
6578,3.58,4.83,88.9,318.3,429.4,0,70
6579,3.68,4.85,89,327.5,431.7,0,70
6580,3.68,5.26,88.9,327.2,467.6,0,69
6581,3.56,5.36,88.9,316.5,476.5,0,69
6582,3.64,5.69,88.8,323.2,505.3,0,69
6583,3.61,5.72,88.8,320.6,507.9,0,69
6584,3.71,5.32,88.9,329.8,472.9,0,69
6585,3.73,5.29,88.9,331.6,470.3,0,69
6586,3.64,5.3,88.8,323.2,470.6,0,69
6587,3.64,5.02,88.9,323.6,446.3,0,70
6588,3.71,4.81,88.9,329.8,427.6,0,70
6589,3.66,5.14,88.9,325.4,456.9,0,70
6590,3.63,4.98,88.9,322.7,442.7,0,70
6591,3.64,5.33,88.8,323.2,473.3,0,69
6592,3.6,5.49,88.8,319.7,487.5,0,69
6593,3.58,5.59,88.8,317.9,496.4,0,69
6594,3.55,5.68,88.8,315.2,504.4,0,69
6595,3.56,5.81,88.8,316.1,515.9,0,69
6596,3.75,5.79,88.8,333,514.2,0,69
6597,3.77,5.7,88.8,334.8,506.2,0,69
6598,3.77,5.77,88.7,334.4,511.8,0,69
6599,3.73,6.16,88.7,330.9,546.4,0,69
6600,3.67,6.52,88.6,325.2,577.7,0,68
6601,3.71,6.45,88.6,328.7,571.5,0,68
6602,3.08,7.33,88.5,272.6,648.7,0,68
6603,3.7,6.85,88.6,327.8,606.9,0,68
6604,3.65,6.9,88.5,323,610.7,0,68
6605,3.72,6.79,88.6,329.6,601.6,0,67
6606,3.6,6.86,88.6,319,607.8,0,67
6607,3.6,6.95,88.5,318.6,615.1,0,67
6608,3.53,7.39,88.4,312.1,653.3,0,67
6609,0.31,10.9,87.9,27.2,958.1,0,67
6610,3.44,7.44,88.4,304.1,657.7,0,68
6611,3.46,7.1,88.4,305.9,627.6,0,68
6612,3.51,6.34,88.6,311,561.7,0,68
6613,3.44,5.78,88.6,304.8,512.1,0,69
6614,3.42,5.57,88.7,303.4,494.1,0,69
6615,3.39,5.36,88.7,300.7,475.4,0,69
6616,3.39,5.33,88.7,300.7,472.8,0,69
6617,3.36,5.07,88.8,298.4,450.2,0,69
6618,3.44,4.96,88.8,305.5,440.4,0,70
6619,3.5,4.68,88.9,311.2,416.1,0,70
6620,3.44,5.28,88.7,305.1,468.3,0,69
6621,3.38,5.45,88.7,299.8,483.4,0,69
6622,3.56,5.67,88.6,315.4,502.4,0,69
6623,3.55,6.05,88.6,314.5,536,0,69
6624,3.5,6.69,88.5,309.8,592.1,0,68
6625,3.47,6.6,88.5,307.1,584.1,0,68
6626,3.47,7.1,88.4,306.7,627.6,0,68
6627,3.45,7.65,88.3,304.6,675.5,0,67
6628,3.37,7.41,88.3,297.6,654.3,0,68
6629,3.33,7.22,88.4,294.4,638.2,0,68
6630,3.42,6.47,88.5,302.7,572.6,0,68
6631,3.39,5.98,88.6,300.4,529.8,0,69
6632,3.49,5.29,88.6,309.2,468.7,0,69
6633,3.41,4.44,88.8,302.8,394.3,0,70
6634,3.38,4.47,88.8,300.1,396.9,0,70
6635,3.39,4.53,88.8,301,402.3,0,70
6636,3.39,4.55,88.7,300.7,403.6,0,70
6637,3.5,4.13,88.9,311.2,367.2,0,70
6638,3.55,4.03,88.9,315.6,358.3,0,70
6639,3.57,3.8,88.9,317.4,337.8,0,70
6640,3.45,3.6,88.9,306.7,320,0,70
6641,3.62,3.46,89,322.2,307.9,0,70
6642,3.57,3.14,89,317.7,279.5,0,70
6643,3.52,3.39,88.9,312.9,301.4,0,70
6644,3.44,3.8,88.9,305.8,337.8,0,70
6645,3.43,4.34,88.8,304.6,385.4,0,70
6646,3.53,4.82,88.7,313.1,427.5,0,70
6647,3.51,4.44,88.8,311.7,394.3,0,70
6648,3.42,3.62,88.9,304,321.8,0,70
6649,3.29,2.61,89.1,293.1,232.6,0,71
6650,3.32,2.74,89.1,295.8,244.1,0,71
6651,3.38,2.52,89.1,301.2,224.5,0,71
6652,3.57,2.64,89.1,318.1,235.2,0,71
6653,3.43,3.04,89,305.3,270.6,0,71
6654,3.37,3.85,88.9,299.6,342.3,0,70
6655,3.5,4.15,88.8,310.8,368.5,0,70
6656,3.42,4.37,88.8,303.7,388.1,0,70
6657,3.45,4.34,88.8,306.4,385.4,0,70
6658,3.51,4.56,88.8,311.7,404.9,0,70
6659,3.51,4.92,88.7,311.3,436.4,0,69
6660,3.46,3.97,88.9,307.6,352.9,0,70
6661,3.5,3.35,88.9,311.2,297.8,0,70
6662,3.49,3.5,88.9,310.3,311.2,0,70
6663,3.36,3.95,88.8,298.4,350.8,0,70
6664,3.62,4.05,88.8,321.5,359.6,0,70
6665,3.54,4.6,88.7,314,408,0,70
6666,3.55,5.26,88.7,314.9,466.6,0,69
6667,3.5,5.78,88.6,310.1,512.1,0,69
6668,3.32,5.81,88.5,293.8,514.2,0,69
6669,3.5,5.38,88.6,310.1,476.7,0,69
6670,3.41,5.59,88.5,301.8,494.7,0,69
6671,3.53,5.52,88.5,312.4,488.5,0,69
6672,3.53,5.71,88.5,312.4,505.3,0,69
6673,3.24,5.7,88.5,286.7,504.5,0,69
6674,3.37,5.6,88.5,298.2,495.6,0,69
6675,3.41,5.73,88.5,301.8,507.1,0,69
6676,3.25,5.98,88.4,287.3,528.6,0,69
6677,3.23,6.26,88.4,285.5,553.4,0,69
6678,3.4,6.14,88.4,300.6,542.8,0,69
6679,3.38,6.01,88.4,298.8,531.3,0,69
6680,3.43,5.84,88.5,303.6,516.8,0,69
6681,3.22,6.31,88.4,284.6,557.8,0,68
6682,3.37,6.72,88.3,297.6,593.4,0,68
6683,3.48,6.06,88.4,307.6,535.7,0,69
6684,3.5,5.82,88.4,309.4,514.5,0,69
6685,3.48,5.84,88.5,308,516.8,0,69
6686,3.33,5.85,88.4,294.4,517.1,0,69
6687,3.45,5.69,88.5,305.3,503.6,0,69
6688,3.45,5.96,88.4,305,526.9,0,69
6689,3.45,6.53,88.3,304.6,576.6,0,68
6690,2.87,6.52,88.2,253.1,575.1,0,68
6691,3.23,5.98,88.3,285.2,528,0,69
6692,3.02,5.52,88.5,267.3,488.5,0,69
6693,2.97,5.53,88.5,262.8,489.4,0,69
6694,3.17,5.66,88.4,280.2,500.3,0,69
6695,3.77,4.79,88.5,333.6,423.9,0,69
6696,3.85,4.89,88.5,340.7,432.8,0,69
6697,3.62,4.3,88.6,320.7,381,0,69
6698,3.1,5.24,88.5,274.4,463.7,0,69
6699,3.2,5.13,88.5,283.2,454,0,69
6700,3.12,5.34,88.5,276.1,472.6,0,69
6701,3.17,5.84,88.4,280.2,516.3,0,69
6702,3.2,6.1,88.3,282.6,538.6,0,69
6703,3.21,6.43,88.3,283.4,567.8,0,68
6704,3.21,6.39,88.2,283.1,563.6,0,68
6705,3.22,6.47,88.3,284.3,571.3,0,68
6706,3.25,6.53,88.2,286.7,575.9,0,68
6707,3.14,6.28,88.2,276.9,553.9,0,68
6708,3.24,5.97,88.3,286.1,527.2,0,69
6709,3.25,5.82,88.3,287,513.9,0,69
6710,3.14,5.97,88.3,277.3,527.2,0,69
6711,3.15,6.4,88.2,277.8,564.5,0,68
6712,3.16,6.51,88.2,278.7,574.2,0,68
6713,3.2,6.5,88.2,282.2,573.3,0,68
6714,3.16,6.05,88.2,278.7,533.6,0,69
6715,3.21,6.03,88.3,283.4,532.4,0,69
6716,3.09,5.84,88.3,272.8,515.7,0,69
6717,3.14,5.94,88.3,277.3,524.5,0,69
6718,3.08,5.98,88.2,271.7,527.4,0,69
6719,3.13,6.04,88.3,276.4,533.3,0,69
6720,3.04,6.24,88.2,268.1,550.4,0,68
6721,3.13,6.54,88.1,275.8,576.2,0,68
6722,3.08,6.49,88.2,271.7,572.4,0,68
6723,3.12,6.78,88.1,274.9,597.3,0,68
6724,3.1,6.56,88.1,273.1,577.9,0,68
6725,3.16,6.64,88.1,278.4,585,0,68
6726,3.57,5.92,88.2,314.9,522.1,0,68
6727,3.3,6.55,88.1,290.7,577.1,0,68
6728,3.14,6.61,88.1,276.6,582.3,0,68
6729,3.19,5.93,88.2,281.4,523,0,69
6730,3.25,5.79,88.2,286.7,510.7,0,69
6731,3.15,6.02,88.2,277.8,531,0,69
6732,3.18,6.42,88.1,280.2,565.6,0,68
6733,3.23,6.4,88.1,284.6,563.8,0,68
6734,3.17,6.66,88.1,279.3,586.7,0,68
6735,3.18,6.53,88.1,280.2,575.3,0,68
6736,3.37,7.46,87.9,296.2,655.7,0,68
6737,3.36,8.47,87.7,294.7,742.8,0,67
6738,3.32,8.32,87.8,291.5,730.5,0,67
6739,3.31,9.46,87.6,290,828.7,0,67
6740,3.44,7.59,87.9,302.4,667.2,0,67
6741,3.26,6.69,88,286.9,588.7,0,68
6742,3.26,6.27,88.1,287.2,552.4,0,68
6743,3.28,6.21,88.1,289,547.1,0,68
6744,3.32,5.99,88.1,292.5,527.7,0,68
6745,3.31,5.32,88.2,291.9,469.2,0,69
6746,3.22,5.13,88.2,284,452.5,0,69
6747,3.55,5.38,88.2,313.1,474.5,0,69
6748,3.58,5.98,88.1,315.4,526.8,0,68
6749,3.46,5.82,88.2,305.2,513.3,0,69
6750,3.36,5.7,88.2,296.4,502.7,0,69
6751,3.23,5.93,88.1,284.6,522.4,0,69
6752,2.96,5.85,88.1,260.8,515.4,0,69
6753,2.93,6.27,88,257.8,551.8,0,68
6754,2.94,6.5,88,258.7,572,0,68
6755,2.94,6.42,88,258.7,565,0,68
6756,2.76,6.26,88,242.9,550.9,0,68
6757,2.72,6.47,88,239.4,569.4,0,68
6758,2.77,6.55,88,243.8,576.4,0,68
6759,2.99,5.97,88.1,263.4,526,0,69
6760,2.59,6.35,88,227.9,558.8,0,68
6761,2.62,6.82,87.9,230.3,599.5,0,68
6762,2.48,6.56,88,218.2,577.3,0,68
6763,2.68,6.33,88,235.8,557,0,68
6764,2.56,6.49,88,225.3,571.1,0,68
6765,2.65,6.4,87.9,232.9,562.6,0,68
6766,2.58,6.61,88,227,581.7,0,68
6767,2.67,6.79,87.9,234.7,596.8,0,68
6768,2.47,6.81,87.9,217.1,598.6,0,68
6769,2.71,7.85,87.7,237.7,688.4,0,68
6770,2.58,8.87,87.5,225.8,776.1,0,67
6771,2.93,8.4,87.6,256.7,735.8,0,67
6772,2.73,8.27,87.7,239.4,725.3,0,67
6773,2.72,7.66,87.7,238.5,671.8,0,68
6774,2.9,6.2,87.9,254.9,545,0,68
6775,2.83,5.78,88,249,508.6,0,69
6776,2.75,5.96,88,242,524.5,0,69
6777,2.72,7.12,87.8,238.8,625.1,0,68
6778,2.73,8.08,87.6,239.1,707.8,0,68
6779,2.73,7.87,87.6,239.1,689.4,0,68
6780,2.79,7.03,87.8,245,617.2,0,68
6781,2.71,6.83,87.8,237.9,599.7,0,68
6782,2.83,7.29,87.8,248.5,640.1,0,68
6783,2.93,7.74,87.7,257,678.8,0,67
6784,2.76,8.13,87.6,241.8,712.2,0,67
6785,2.95,7.79,87.6,258.4,682.4,0,67
6786,2.9,7.35,87.7,254.3,644.6,0,68
6787,2.75,6.75,87.8,241.5,592.7,0,68
6788,2.85,6.05,87.9,250.5,531.8,0,68
6789,2.92,5.33,88,257,469,0,69
6790,2.95,5.12,88.1,259.9,451.1,0,69
6791,2.92,4.92,88.1,257.3,433.5,0,69
6792,2.96,4.93,88.1,260.8,434.3,0,69
6793,3.16,4.69,88.1,278.4,413.2,0,69
6794,3.09,4.62,88.2,272.5,407.5,0,69
6795,3.13,4.23,88.2,276.1,373.1,0,69
6796,3.17,4.88,88.1,279.3,429.9,0,69
6797,3.03,5.45,88,266.6,479.6,0,69
6798,3.01,5.6,88,264.9,492.8,0,69
6799,3.13,6.11,88,275.4,537.7,0,68
6800,3.48,5.71,87.9,305.9,501.9,0,68
6801,3.1,5.89,88,272.8,518.3,0,68
6802,3.11,5.77,88,273.7,507.8,0,69
6803,3.14,6.13,87.9,276,538.8,0,68
6804,3.16,5.74,88,278.1,505.1,0,69
6805,3.13,5.49,88,275.4,483.1,0,69
6806,3.1,5.46,88,272.8,480.5,0,69
6807,3.03,5.53,88,266.6,486.6,0,69
6808,3.05,5.28,88,268.4,464.6,0,69
6809,3.28,4.5,88.1,289,396.5,0,69
6810,3.24,4.43,88.1,285.4,390.3,0,69
6811,3.27,4.47,88.1,288.1,393.8,0,69
6812,3.32,5.01,88,292.2,440.9,0,69
6813,3.29,6.2,87.9,289.2,545,0,68
6814,3.14,6.2,87.9,276,545,0,68
6815,3.11,5.82,87.9,273.4,511.6,0,69
6816,3.08,6.23,87.9,270.7,547.6,0,68
6817,3.09,6.41,87.8,271.3,562.8,0,68
6818,3.04,6.22,87.8,266.9,546.1,0,68
6819,3.08,6.22,87.8,270.4,546.1,0,68
6820,3.05,6.13,87.8,267.8,538.2,0,68
6821,3.08,5.89,87.8,270.4,517.1,0,69
6822,3.17,5.92,87.9,278.6,520.4,0,68
6823,3.08,5.69,87.9,270.7,500.2,0,69
6824,3.1,5.53,87.9,272.5,486.1,0,69
6825,3.12,5.44,88,274.6,478.7,0,69
6826,3.06,5.51,87.9,269,484.3,0,69
6827,3.07,5.72,87.9,269.9,502.8,0,69
6828,3.06,6.01,87.8,268.7,527.7,0,68
6829,3.15,5.8,87.9,276.9,509.8,0,68
6830,3.11,5.96,87.8,273.1,523.3,0,68
6831,3.07,5.96,87.8,269.5,523.3,0,68
6832,3.11,5.84,87.9,273.4,513.3,0,68
6833,3.07,6.16,87.8,269.5,540.8,0,68
6834,3.12,6.13,87.8,273.9,538.2,0,68
6835,3.12,6.58,87.7,273.6,577.1,0,68
6836,3.07,6.1,87.8,269.5,535.6,0,68
6837,3.1,6.34,87.7,271.9,556,0,68
6838,3.11,5.91,87.8,273.1,518.9,0,68
6839,3.09,6.28,87.7,271,550.8,0,68
6840,3.11,6.02,87.8,273.1,528.6,0,68
6841,3.06,6.28,87.7,268.4,550.8,0,68
6842,3.06,5.85,87.8,268.7,513.6,0,68
6843,3.06,5.84,87.8,268.7,512.8,0,68
6844,3.07,5.79,87.8,269.5,508.4,0,68
6845,3.09,5.79,87.8,271.3,508.4,0,68
6846,3.08,6.17,87.7,270.1,541.1,0,68
6847,3.04,5.97,87.8,266.9,524.2,0,68
6848,3.02,6.1,87.7,264.9,535,0,68
6849,3.06,5.97,87.7,268.4,523.6,0,68
6850,3.05,6.42,87.7,267.5,563,0,68
6851,3.03,6.03,87.8,266,529.4,0,68
6852,3.04,6.09,87.7,266.6,534.1,0,68
6853,3.01,5.77,87.7,264,506,0,68
6854,3.03,5.62,87.8,266,493.4,0,68
6855,3.04,5.71,87.8,266.9,501.3,0,69
6856,2.98,6.02,87.7,261.3,528,0,68
6857,2.97,5.74,87.8,260.8,504,0,68
6858,3,5.66,87.8,263.4,496.9,0,68
6859,3.01,5.57,87.8,264.3,489,0,69
6860,2.98,5.49,87.8,261.6,482,0,69
6861,2.97,5.25,87.8,260.8,461,0,69
6862,3.15,5.2,87.8,276.6,456.6,0,69
6863,3.33,4.98,87.9,292.7,437.7,0,69
6864,3.21,5.09,87.9,282.2,447.4,0,69
6865,3.23,5.08,87.9,283.9,446.5,0,69
6866,3.06,5.03,87.9,269,442.1,0,69
6867,2.75,5.03,87.9,241.7,442.1,0,69
6868,2.73,5.32,87.8,239.7,467.1,0,69
6869,2.77,5.28,87.8,243.2,463.6,0,69
6870,2.74,5.25,87.8,240.6,461,0,69
6871,2.61,5.96,87.7,228.9,522.7,0,68
6872,2.6,6.02,87.7,228,528,0,68
6873,2.65,6.22,87.7,232.4,545.5,0,68
6874,2.58,5.69,87.7,226.3,499,0,69
6875,0.2,7.52,87.5,17.5,658,0,68
6876,0.19,7.51,87.4,16.6,656.4,0,68
6877,0.18,6.93,87.5,15.8,606.4,0,69
6878,2.66,4.07,88,234.1,358.2,0,69
6879,2.67,4.2,87.9,234.7,369.2,0,70
6880,2.66,4.13,88,234.1,363.4,0,69
6881,2.66,4.4,87.9,233.8,386.8,0,69
6882,2.67,4.81,87.9,234.7,422.8,0,69
6883,2.7,5.19,87.8,237.1,455.7,0,69
6884,2.63,5.7,87.7,230.7,499.9,0,68
6885,2.65,5.7,87.7,232.4,499.9,0,69
6886,2.64,5.81,87.7,231.5,509.5,0,68
6887,2.68,5.91,87.7,235,518.3,0,68
6888,2.62,5.76,87.7,229.8,505.2,0,68
6889,2.68,5.93,87.7,235,520.1,0,68
6890,2.67,6.15,87.6,233.9,538.7,0,68
6891,2.66,6.14,87.6,233,537.9,0,68
6892,2.65,6.35,87.6,232.1,556.3,0,68
6893,2.63,6.63,87.5,230.1,580.1,0,68
6894,2.64,6.48,87.5,231,567,0,68
6895,2.66,6.77,87.5,232.8,592.4,0,68
6896,2.63,7.15,87.4,229.9,624.9,0,68
6897,2.69,7.05,87.4,235.1,616.2,0,68
6898,1.16,7.83,87.3,101.3,683.6,0,68
6899,2.66,6.66,87.5,232.8,582.8,0,68
6900,2.57,6.81,87.5,224.9,595.9,0,68
6901,2.56,6.76,87.4,223.7,590.8,0,68
6902,2.6,6.97,87.4,227.2,609.2,0,68
6903,2.55,7.18,87.4,222.9,627.5,0,68
6904,2.56,6.82,87.4,223.7,596.1,0,68
6905,2.56,6.79,87.4,223.7,593.4,0,68
6906,2.53,6.26,87.5,221.4,547.8,0,68
6907,2.53,5.94,87.5,221.4,519.8,0,68
6908,2.65,5.77,87.5,231.9,504.9,0,68
6909,2.56,6.22,87.5,224,544.3,0,68
6910,2.58,5.95,87.6,226,521.2,0,68
6911,2.59,6.33,87.5,226.6,553.9,0,68
6912,2.7,5.97,87.6,236.5,523,0,68
6913,2.65,6.79,87.4,231.6,593.4,0,68
6914,2.62,6.16,87.5,229.3,539,0,68
6915,2.59,5.87,87.5,226.6,513.6,0,68
6916,2.53,5.51,87.6,221.6,482.7,0,69
6917,2.54,5.98,87.5,222.3,523.3,0,68
6918,2.55,5.87,87.5,223.1,513.6,0,68
6919,2.56,6.18,87.5,224,540.8,0,68
6920,2.6,6.15,87.5,227.5,538.1,0,68
6921,2.63,5.95,87.5,230.1,520.6,0,68
6922,2.62,5.35,87.6,229.5,468.7,0,69
6923,2.64,4.68,87.7,231.5,410.4,0,69
6924,2.54,4.19,87.8,223,367.9,0,69
6925,2.53,4.34,87.8,222.1,381.1,0,69
6926,2.55,4.49,87.7,223.6,393.8,0,69
6927,2.52,4.95,87.7,221,434.1,0,69
6928,2.51,4.76,87.7,220.1,417.5,0,69
6929,2.48,4.63,87.7,217.5,406.1,0,69
6930,2.56,4.21,87.8,224.8,369.6,0,69
6931,2.5,3.94,87.9,219.8,346.3,0,69
6932,2.51,3.99,87.8,220.4,350.3,0,69
6933,2.54,4.06,87.8,223,356.5,0,69
6934,2.51,3.79,87.9,220.6,333.1,0,70
6935,2.52,3.61,87.9,221.5,317.3,0,70
6936,2.57,3.55,87.9,225.9,312,0,70
6937,2.51,3.57,87.9,220.6,313.8,0,70
6938,2.51,3.73,87.9,220.6,327.9,0,70
6939,2.51,3.85,87.9,220.6,338.4,0,70
6940,2.52,3.28,87.9,221.5,288.3,0,70
6941,2.49,3.69,87.9,218.9,324.4,0,70
6942,2.6,3.52,87.9,228.5,309.4,0,70
6943,2.46,3.51,87.9,216.2,308.5,0,70
6944,2.46,3.7,87.9,216.2,325.2,0,70
6945,2.52,3.97,87.9,221.5,349,0,70
6946,2.49,3.41,87.9,218.9,299.7,0,70
6947,2.52,3.46,87.9,221.5,304.1,0,70
6948,2.46,3.84,87.8,216,337.2,0,70
6949,2.51,3.5,87.9,220.6,307.7,0,70
6950,2.44,3.81,87.9,214.5,334.9,0,70
6951,2.48,4.2,87.8,217.7,368.8,0,69
6952,2.42,3.72,87.9,212.7,327,0,70
6953,2.46,1.74,88.2,217,153.5,0,71
6954,2.35,2.19,88.1,207,192.9,0,71
6955,2.28,3.68,87.9,200.4,323.5,0,70
6956,2.55,3.83,87.9,224.1,336.7,0,69
6957,2.49,4.5,87.8,218.6,395.1,0,69
6958,1.55,5.15,87.7,135.9,451.7,0,69
6959,2.53,4.45,87.8,222.1,390.7,0,69
6960,2.52,4.38,87.7,221,384.1,0,69
6961,2.39,4.7,87.7,209.6,412.2,0,69
6962,2.48,4.8,87.7,217.5,421,0,69
6963,2.59,4.98,87.7,227.1,436.7,0,69
6964,2.63,5,87.6,230.4,438,0,69
6965,2.43,5.09,87.6,212.9,445.9,0,69
6966,2.4,5.29,87.6,210.2,463.4,0,69
6967,2.42,5.29,87.6,212,463.4,0,69
6968,2.42,5.05,87.6,212,442.4,0,69
6969,2.42,5.09,87.6,212,445.9,0,69
6970,2.39,5.22,87.6,209.4,457.3,0,69
6971,2.37,5.1,87.6,207.6,446.8,0,69
6972,2.55,5.09,87.6,223.4,445.9,0,69
6973,2.39,5.17,87.5,209.1,452.4,0,69
6974,2.33,5.11,87.6,204.1,447.6,0,69
6975,2.45,4.76,87.6,214.6,417,0,69
6976,2.23,4.82,87.6,195.3,422.2,0,69
6977,2.34,4.59,87.7,205.2,402.5,0,69
6978,2.2,4.75,87.6,192.7,416.1,0,69
6979,2.18,5.12,87.5,190.8,448,0,69
6980,2.44,4.96,87.6,213.7,434.5,0,69
6981,2.26,4.98,87.6,198,436.2,0,69
6982,2.37,5.03,87.6,207.6,440.6,0,69
6983,2.35,4.81,87.6,205.9,421.4,0,69
6984,2.45,4.62,87.7,214.9,405.2,0,69
6985,2.5,4.41,87.7,219.3,386.8,0,69
6986,2.42,4.33,87.7,212.2,379.7,0,69
6987,2.41,4.23,87.7,211.4,371,0,69
6988,2.39,4.59,87.6,209.4,402.1,0,69
6989,2.48,4.79,87.6,217.2,419.6,0,69
6990,2.2,4.96,87.6,192.7,434.5,0,69
6991,2.26,4.96,87.6,198,434.5,0,69
6992,2.23,4.88,87.5,195.1,427,0,69
6993,2.22,5.08,87.5,194.3,444.5,0,69
6994,2.24,5.1,87.5,196,446.3,0,69
6995,2.37,5.17,87.5,207.4,452.4,0,69
6996,2.3,5.09,87.6,201.5,445.9,0,69
6997,2.35,5.19,87.5,205.6,454.1,0,69
6998,2.29,4.87,87.5,200.4,426.1,0,69
6999,2.28,4.85,87.5,199.5,424.4,0,69
7000,2.12,5.3,87.5,185.5,463.8,0,69
7001,2.22,5.81,87.4,194,507.8,0,68
7002,2.23,5.36,87.4,194.9,468.5,0,69
7003,2.16,5.41,87.4,188.8,472.8,0,69
7004,2.06,5.73,87.4,180,500.8,0,68
7005,2.13,5.88,87.4,186.2,513.9,0,68
7006,2.17,5.72,87.4,189.7,499.9,0,68
7007,2.26,5.82,87.4,197.5,508.7,0,68
7008,2.31,5.79,87.3,201.7,505.5,0,68
7009,2.22,5.43,87.4,194,474.6,0,68
7010,1.96,5.78,87.4,171.3,505.2,0,68
7011,2.33,5.79,87.3,203.4,505.5,0,68
7012,2.23,5.46,87.4,194.9,477.2,0,68
7013,2.02,5.57,87.4,176.5,486.8,0,69
7014,2.14,5.95,87.3,186.8,519.4,0,68
7015,2.28,5.16,87.4,199.3,451,0,69
7016,2.27,5.38,87.4,198.4,470.2,0,68
7017,2.31,6.15,87.3,201.7,536.9,0,68
7018,2.28,5.46,87.4,199.3,477.2,0,68
7019,2.29,5.21,87.4,200.1,455.4,0,69
7020,2.27,5.05,87.4,198.4,441.4,0,69
7021,2.26,5.04,87.4,197.5,440.5,0,69
7022,2.24,5.13,87.4,195.8,448.4,0,69
7023,2.3,4.92,87.4,201,430,0,69
7024,2.31,4.72,87.4,201.9,412.5,0,69
7025,2.3,4.48,87.5,201.3,392,0,69
7026,2.29,4.89,87.4,200.1,427.4,0,69
7027,2.3,5.24,87.3,200.8,457.5,0,69
7028,2.3,5.23,87.4,201,457.1,0,69
7029,2.25,4.94,87.4,196.7,431.8,0,69
7030,2.28,4.65,87.5,199.5,406.9,0,69
7031,2.28,4.6,87.5,199.5,402.5,0,69
7032,2.31,4.39,87.5,202.1,384.1,0,69
7033,2.28,4.25,87.5,199.5,371.9,0,69
7034,2.24,4.29,87.5,196,375.4,0,69
7035,2.22,4.47,87.5,194.3,391.1,0,69
7036,2.22,4.82,87.4,194,421.3,0,69
7037,1.99,4.66,87.4,173.9,407.3,0,69
7038,2.38,4.4,87.5,208.3,385,0,69
7039,2.38,4.64,87.5,208.3,406,0,69
7040,2.34,4.58,87.4,204.5,400.3,0,69
7041,2.36,4.36,87.5,206.5,381.5,0,69
7042,2.32,4.46,87.5,203,390.3,0,69
7043,2.33,4.28,87.5,203.9,374.5,0,69
7044,2.35,4.44,87.4,205.4,388.1,0,69
7045,2.36,4.43,87.4,206.3,387.2,0,69
7046,2.38,4.27,87.5,208.3,373.6,0,69
7047,2.33,4.29,87.5,203.9,375.4,0,69
7048,2.31,4.06,87.5,202.1,355.3,0,69
7049,2.26,4.17,87.5,197.8,364.9,0,69
7050,2.24,5.34,87.3,195.6,466.2,0,68
7051,2.32,5.68,87.3,202.5,495.9,0,68
7052,2.25,5.34,87.3,196.4,466.2,0,68
7053,2.24,5.29,87.3,195.6,461.8,0,69
7054,2.28,5.25,87.3,199,458.3,0,69
7055,2.27,5.23,87.3,198.2,456.6,0,69
7056,2.19,5.07,87.3,191.2,442.6,0,69
7057,2.21,4.99,87.3,192.9,435.6,0,69
7058,2.21,4.84,87.4,193.2,423,0,69
7059,2.25,4.8,87.4,196.7,419.5,0,69
7060,2.33,4.81,87.3,203.4,419.9,0,69
7061,2.23,5.19,87.2,194.5,452.6,0,69
7062,2.29,5.1,87.3,199.9,445.2,0,69
7063,2.15,4.89,87.3,187.7,426.9,0,69
7064,2.14,4.87,87.3,186.8,425.2,0,69
7065,2.24,4.73,87.4,195.8,413.4,0,69
7066,1.18,5.33,87.3,103,465.3,0,69
7067,2.18,4.65,87.4,190.5,406.4,0,69
7068,2.09,4.63,87.4,182.7,404.7,0,69
7069,2.16,4.75,87.3,188.6,414.7,0,69
7070,2.16,5.05,87.3,188.6,440.9,0,69
7071,1.85,5.57,87.2,161.3,485.7,0,68
7072,2.08,5.66,87.2,181.4,493.6,0,68
7073,2.11,5.47,87.2,184,477,0,68
7074,2.15,6.01,87.1,187.3,523.5,0,68
7075,2.11,5.42,87.2,184,472.6,0,68
7076,2.09,5.13,87.2,182.2,447.3,0,69
7077,2.12,4.21,87.4,185.3,368,0,69
7078,2.13,3.53,87.4,186.2,308.5,0,70
7079,2.32,2.85,87.6,203.2,249.7,0,70
7080,2.26,4.26,87.4,197.5,372.3,0,69
7081,2.12,6.2,87.1,184.7,540,0,68
7082,2.1,6.63,87,182.7,576.8,0,68
7083,2.13,5.93,87.1,185.5,516.5,0,68
7084,2.1,5.97,87.1,182.9,520,0,68
7085,2.14,5.84,87.1,186.4,508.7,0,68
7086,2.09,5.68,87.1,182,494.7,0,68
7087,2.06,6.04,87,179.2,525.5,0,68
7088,2.09,5.27,87.2,182.2,459.5,0,68
7089,2.04,4.98,87.2,177.9,434.3,0,69
7090,2.08,4.65,87.3,181.6,405.9,0,69
7091,2.02,4.95,87.2,176.1,431.6,0,69
7092,2.05,5.27,87.1,178.6,459,0,68
7093,2.08,5.07,87.2,181.4,442.1,0,68
7094,2.03,5.08,87.2,177,443,0,68
7095,2.09,5.09,87.2,182.2,443.8,0,69
7096,2.37,4.84,87.2,206.7,422,0,69
7097,2.46,4.76,87.2,214.5,415.1,0,68
7098,2.43,5.37,87.1,211.7,467.7,0,68
7099,2.18,5.93,87.1,189.9,516.5,0,68
7100,2.08,6.3,86.9,180.8,547.5,0,68
7101,2.03,6.69,86.9,176.4,581.4,0,68
7102,2.01,6.92,86.9,174.7,601.3,0,68
7103,2.08,6.85,86.9,180.8,595.3,0,68
7104,2.04,6.59,86.9,177.3,572.7,0,68
7105,2.06,6.5,86.9,179,564.9,0,68
7106,2.01,6.54,86.9,174.7,568.3,0,68
7107,2.02,6.42,86.9,175.5,557.9,0,68
7108,2.06,6.06,86.9,179,526.6,0,68
7109,2.01,5.86,87,174.9,509.8,0,68
7110,2.03,6.29,86.9,176.4,546.6,0,68
7111,2.41,5.1,87.1,209.9,444.2,0,68
7112,2.44,4.79,87.1,212.5,417.2,0,68
7113,2.32,6.24,86.9,201.6,542.3,0,68
7114,2,6.44,86.9,173.8,559.6,0,68
7115,1.96,5.98,86.9,170.3,519.7,0,68
7116,1.98,5.89,86.9,172.1,511.8,0,68
7117,2.03,6.45,86.8,176.2,559.9,0,68
7118,2.01,6.71,86.8,174.5,582.4,0,68
7119,1.96,7.09,86.7,169.9,614.7,0,68
7120,2.03,7.25,86.7,176,628.6,0,67
7121,1.94,7.13,86.7,168.2,618.2,0,67
7122,1.97,6.65,86.8,171,577.2,0,67
7123,1.98,6.45,86.8,171.9,559.9,0,67
7124,1.94,6.5,86.8,168.4,564.2,0,67
7125,1.93,6.12,86.9,167.7,531.8,0,68
7126,1.95,5.89,86.9,169.5,511.8,0,68
7127,1.97,6.22,86.8,171,539.9,0,67
7128,1.97,6.65,86.8,171,577.2,0,67
7129,1.92,7.65,86.6,166.3,662.5,0,67
7130,2.06,7.18,86.6,178.4,621.8,0,67
7131,2.06,6.96,86.7,178.6,603.4,0,67
7132,1.92,6.63,86.7,166.5,574.8,0,67
7133,1.85,6.78,86.7,160.4,587.8,0,67
7134,1.92,6.53,86.7,166.5,566.2,0,67
7135,1.96,6.19,86.8,170.1,537.3,0,67
7136,1.98,5.97,86.8,171.9,518.2,0,68
7137,1.98,6.45,86.7,171.7,559.2,0,68
7138,1.86,6.54,86.7,161.3,567,0,68
7139,1.9,6.41,86.7,164.7,555.7,0,68
7140,1.91,6.38,86.8,165.8,553.8,0,68
7141,1.86,6.53,86.8,161.4,566.8,0,67
7142,1.96,5.93,86.8,170.1,514.7,0,68
7143,2.34,4.46,87,203.6,388,0,68
7144,2.08,5.03,86.9,180.8,437.1,0,68
7145,1.96,6.75,86.7,169.9,585.2,0,67
7146,1.86,7.42,86.5,160.9,641.8,0,67
7147,1.89,6.92,86.6,163.7,599.3,0,68
7148,1.81,6.5,86.7,156.9,563.6,0,68
7149,1.92,5.66,86.8,166.7,491.3,0,68
7150,1.87,5.55,86.8,162.3,481.7,0,68
7151,1.93,5.97,86.7,167.3,517.6,0,68
7152,1.92,5.44,86.8,166.7,472.2,0,68
7153,1.86,5.57,86.8,161.4,483.5,0,68
7154,1.89,5.87,86.8,164.1,509.5,0,68
7155,1.86,5.47,86.9,161.6,475.3,0,68
7156,1.89,5.55,86.8,164.1,481.7,0,68
7157,1.89,5.92,86.7,163.9,513.3,0,68
7158,1.84,5.66,86.8,159.7,491.3,0,68
7159,1.92,5.55,86.8,166.7,481.7,0,68
7160,1.91,5.79,86.8,165.8,502.6,0,68
7161,1.87,5.47,86.8,162.3,474.8,0,68
7162,1.86,5.59,86.8,161.4,485.2,0,68
7163,1.82,6.15,86.7,157.8,533.2,0,68
7164,1.76,5.71,86.8,152.8,495.6,0,68
7165,1.99,4.95,86.8,172.7,429.7,0,68
7166,2.24,3.83,87,194.9,333.2,0,69
7167,2.11,5.42,86.8,183.1,470.5,0,68
7168,1.75,6.3,86.7,151.7,546.2,0,68
7169,1.84,5.6,86.7,159.5,485.5,0,68
7170,1.77,5.69,86.7,153.5,493.3,0,68
7171,1.79,6.13,86.7,155.2,531.5,0,68
7172,1.8,6.02,86.7,156.1,521.9,0,68
7173,1.81,5.83,86.7,156.9,505.5,0,68
7174,1.8,5.68,86.7,156.1,492.5,0,68
7175,1.77,5.42,86.7,153.5,469.9,0,68
7176,2.21,4.39,86.9,192,381.5,0,68
7177,2.15,4.93,86.8,186.6,427.9,0,68
7178,1.97,6.51,86.6,170.6,563.8,0,67
7179,1.8,7.51,86.4,155.5,648.9,0,67
7180,1.76,6.81,86.5,152.2,589.1,0,67
7181,1.8,6.32,86.5,155.7,546.7,0,68
7182,1.85,6.26,86.6,160.2,542.1,0,68
7183,1.74,6.76,86.5,150.5,584.7,0,68
7184,1.79,6.55,86.5,154.8,566.6,0,68
7185,1.78,6.29,86.5,154,544.1,0,68
7186,1.78,6.48,86.5,154,560.5,0,68
7187,1.77,6.44,86.5,153.1,557.1,0,68
7188,1.75,6.75,86.5,151.4,583.9,0,67
7189,1.76,6.92,86.4,152.1,597.9,0,67
7190,1.85,6.83,86.4,159.8,590.1,0,67
7191,1.7,6.44,86.5,147.1,557.1,0,67
7192,1.75,6.07,86.5,151.4,525.1,0,67
7193,1.69,6.29,86.5,146.2,544.1,0,67
7194,1.76,7.82,86.3,151.9,674.9,0,67
7195,1.67,7.5,86.3,144.1,647.3,0,67
7196,1.74,7.08,86.3,150.2,611,0,67
7197,1.67,6.53,86.5,144.5,564.8,0,67
7198,1.67,5.56,86.6,144.6,481.5,0,68
7199,1.65,5.08,86.7,143.1,440.4,0,68
7200,1.65,4.88,86.7,143.1,423.1,0,68
7201,1.65,4.83,86.7,143.1,418.8,0,69
7202,1.75,4.58,86.7,151.7,397.1,0,68
7203,1.74,4.55,86.8,151,394.9,0,69
7204,1.86,4.5,86.8,161.4,390.6,0,69
7205,2.01,3.86,86.8,174.5,335,0,69
7206,2.02,4.55,86.8,175.3,394.9,0,68
7207,2.2,5.61,86.6,190.5,485.8,0,68
7208,1.73,7.31,86.4,149.5,631.6,0,67
7209,1.73,6.88,86.4,149.5,594.4,0,67
7210,1.63,6.57,86.4,140.8,567.6,0,67
7211,1.7,6.26,86.4,146.9,540.9,0,68
7212,1.65,6.31,86.4,142.6,545.2,0,68
7213,1.61,6.36,86.4,139.1,549.5,0,67
7214,1.7,6,86.5,147.1,519,0,68
7215,1.69,5.94,86.5,146.2,513.8,0,67
7216,1.6,5.9,86.5,138.4,510.4,0,67
7217,1.66,5.87,86.5,143.6,507.8,0,67
7218,1.66,5.8,86.5,143.6,501.7,0,68
7219,1.63,5.77,86.5,141,499.1,0,68
7220,1.65,5.82,86.5,142.7,503.4,0,67
7221,1.63,5.92,86.5,141,512.1,0,67
7222,1.65,6.03,86.5,142.7,521.6,0,67
7223,1.69,6.39,86.4,146,552.1,0,67
7224,1.77,6.86,86.3,152.8,592,0,67
7225,1.68,6.62,86.3,145,571.3,0,67
7226,1.62,6.52,86.3,139.8,562.7,0,67
7227,1.64,6.28,86.3,141.5,542,0,67
7228,1.64,6.66,86.3,141.5,574.8,0,67
7229,1.64,7.51,86.1,141.2,646.6,0,67
7230,1.58,6.3,86.3,136.4,543.7,0,67
7231,1.56,7.21,86.2,134.5,621.5,0,67
7232,1.63,6.9,86.2,140.5,594.8,0,67
7233,1.68,6.03,86.3,145,520.4,0,67
7234,1.63,6.36,86.3,140.7,548.9,0,67
7235,1.66,7.06,86.2,143.1,608.6,0,67
7236,1.5,-26.4,91.1,136.7,-2405,0,63
7237,1.62,-1.24,87.7,142.1,-108.7,0,54
7238,1.63,-1.24,87.7,143,-108.7,0,52
7239,1.49,-1.12,87.7,130.7,-98.2,0,50
7240,1.58,-1.21,87.7,138.6,-106.1,0,47
7241,1.51,-23.25,90.9,137.3,-2113.4,0,42
7242,1.57,-1.19,87.7,137.7,-104.4,0,36
7243,1.51,-12.68,89.4,135,-1133.6,0,34
7244,1.5,-8.26,88.7,133.1,-732.7,0,24
7245,1.09,-0.75,87.7,95.6,-65.8,0,22
7246,1.24,-4.23,88.2,109.4,-373.1,0,16
7247,1.4,-1.13,87.8,122.9,-99.2,0,4
7248,1.33,-1,87.8,116.8,-87.8,0,0
7249,1.29,-0.96,87.8,113.3,-84.3,0,0
7250,1.26,-0.93,87.8,110.6,-81.7,0,0
7251,1.54,-1.18,87.8,135.2,-103.6,0,0
7252,1.64,-1.28,87.8,144,-112.4,0,0
7253,1.25,-0.91,87.8,109.8,-79.9,0,0
7254,1.29,-0.97,87.8,113.3,-85.2,0,0
7255,1.3,-0.96,87.8,114.1,-84.3,0,0
7256,1.42,-1.08,87.8,124.7,-94.8,0,0
7257,1.32,-0.97,87.8,115.9,-85.2,0,0
7258,1.36,-1.01,87.8,119.4,-88.7,0,0
7259,1.38,-1.04,87.8,121.2,-91.3,0,0
7260,1.42,-1.08,87.8,124.7,-94.8,0,0
7261,1.43,-1.09,87.8,125.6,-95.7,0,0
7262,1.44,-1.09,87.8,126.4,-95.7,0,0
7263,1.48,-1.13,87.9,130.1,-99.3,0,0
7264,1.5,-1.15,87.8,131.7,-101,0,0
7265,1.45,-1.1,87.9,127.5,-96.7,0,0
7266,1.42,-1.07,87.8,124.7,-93.9,0,0
7267,1.4,-1.06,87.9,123.1,-93.2,0,0
7268,2.43,-2.02,88,213.8,-177.8,0,0
7269,4.25,-3.7,88.3,375.3,-326.7,0,0
7270,5.56,-4.91,88.4,491.5,-434,0,0
7271,6.52,-5.81,88.6,577.7,-514.8,0,0
7272,6.72,-6,88.6,595.4,-531.6,0,0
7273,6.67,-5.95,88.6,591,-527.2,0,0
7274,6.76,-6.03,88.6,598.9,-534.3,0,0
7275,6.75,-6.02,88.6,598.1,-533.4,0,0
7276,6.42,-5.71,88.6,568.8,-505.9,0,0
7277,6.71,-5.98,88.6,594.5,-529.8,0,0
7278,6.05,-5.38,88.6,536,-476.7,0,0
7279,5.71,-5.05,88.5,505.3,-446.9,0,0
7280,6.14,-5.46,88.6,544,-483.8,0,0
7281,4.49,-3.91,88.4,396.9,-345.6,0,0
7282,4.31,-3.76,88.4,381,-332.4,0,0
7283,5.56,-4.91,88.6,492.6,-435,0,0
7284,4.5,-3.92,88.4,397.8,-346.5,0,0
7285,5.12,-4.51,88.6,453.6,-399.6,0,0
7286,4.88,-4.28,88.6,432.4,-379.2,0,0
7287,4.3,-3.74,88.4,380.1,-330.6,0,0
7288,3.8,-3.28,88.4,335.9,-290,0,0
7289,4.93,-4.33,88.5,436.3,-383.2,0,0
7290,4.52,-3.95,88.5,400,-349.6,0,0
7291,6.68,-5.96,88.8,593.2,-529.2,0,0
7292,6.67,-5.95,88.8,592.3,-528.4,0,0
7293,6.67,-5.96,88.9,593,-529.8,0,0
7294,6.66,-5.95,88.9,592.1,-529,0,0
7295,6.66,-5.94,88.9,592.1,-528.1,0,0
7296,6.66,-5.93,88.9,592.1,-527.2,0,0
7297,6.66,-5.93,88.9,592.1,-527.2,0,0
7298,6.67,-5.94,88.9,593,-528.1,0,0
7299,6.66,-5.93,88.9,592.1,-527.2,0,0
7300,6.66,-5.94,88.9,592.1,-528.1,0,0
7301,6.65,-5.92,88.9,591.2,-526.3,0,0
7302,6.66,-5.94,88.9,592.1,-528.1,0,0
7303,6.65,-5.93,88.9,591.2,-527.2,0,0
7304,6.64,-5.92,88.9,590.3,-526.3,0,0
7305,3.37,-2.89,88.6,298.6,-256.1,0,0
7306,3.36,-2.88,88.5,297.4,-254.9,0,0
7307,3.36,-2.88,88.6,297.7,-255.2,0,0
7308,3.36,-2.87,88.5,297.4,-254,0,0
7309,6.62,-5.91,88.9,588.5,-525.4,0,0
7310,6.62,-5.9,88.9,588.5,-524.5,0,0
7311,6.6,-5.89,88.9,586.7,-523.6,0,0
7312,6.61,-5.89,88.9,587.6,-523.6,0,0
7313,6.6,-5.88,88.9,586.7,-522.7,0,0
7314,6.59,-5.88,88.9,585.9,-522.7,0,0
7315,6.59,-5.88,89,586.5,-523.3,0,0
7316,6.59,-5.88,89,586.5,-523.3,0,0
7317,6.58,-5.87,89,585.6,-522.4,0,0
7318,6.58,-5.87,89,585.6,-522.4,0,0
7319,6.57,-5.87,89,584.7,-522.4,0,0
7320,6.55,-5.85,89,583,-520.7,0,0
7321,6.56,-5.86,89,583.8,-521.5,0,0
7322,6.55,-5.85,89,583,-520.7,0,0
7323,6.57,-5.86,89,584.7,-521.5,0,0
7324,6.57,-5.86,89,584.7,-521.5,0,0
7325,6.59,-5.88,89,586.5,-523.3,0,0
7326,6.61,-5.89,89.1,589,-524.8,0,0
7327,6.57,-5.87,89.1,585.4,-523,0,0
7328,6.57,-5.86,89.1,585.4,-522.1,0,0
7329,6.55,-5.85,89.1,583.6,-521.2,0,0
7330,6.58,-5.87,89.1,586.3,-523,0,0
7331,6.54,-5.84,89.1,582.7,-520.3,0,0
7332,6.55,-5.84,89.1,583.6,-520.3,0,0
7333,6.56,-5.86,89.1,584.5,-522.1,0,0
7334,6.54,-5.83,89.2,583.4,-520,0,0
7335,6.54,-5.83,89.1,582.7,-519.5,0,0
7336,6.55,-5.83,89.2,584.3,-520,0,0
7337,6.54,-5.83,89.2,583.4,-520,0,0
7338,3.31,-2.82,88.7,293.6,-250.1,0,0
7339,3.31,-2.82,88.7,293.6,-250.1,0,0
7340,3.3,-2.82,88.7,292.7,-250.1,0,0
7341,3.31,-2.82,88.7,293.6,-250.1,0,0
7342,3.31,-2.81,88.7,293.6,-249.2,0,0
7343,3.3,-2.81,88.7,292.7,-249.2,0,0
7344,3.3,-2.81,88.7,292.7,-249.2,0,0
7345,3.3,-2.81,88.7,292.7,-249.2,0,0
7346,3.31,-2.81,88.7,293.6,-249.2,0,0
7347,3.3,-2.81,88.7,292.7,-249.2,0,0
7348,3.29,-2.8,88.7,291.8,-248.4,0,0
7349,3.3,-2.81,88.7,292.7,-249.2,0,0
7350,3.29,-2.8,88.7,291.8,-248.4,0,0
7351,3.29,-2.8,88.7,291.8,-248.4,0,0
7352,1.49,-1.14,88.5,131.9,-100.9,0,0
7353,3.14,-2.67,88.6,278.2,-236.6,0,0
7354,3.28,-2.79,88.6,290.6,-247.2,0,0
7355,3.27,-2.79,88.7,290,-247.5,0,0
7356,3.28,-2.79,88.7,290.9,-247.5,0,0
7357,3.27,-2.79,88.7,290,-247.5,0,0
7358,3.27,-2.8,88.7,290,-248.4,0,0
7359,3.28,-2.79,88.7,290.9,-247.5,0,0
7360,3.27,-2.79,88.7,290,-247.5,0,0
7361,3.27,-2.79,88.7,290,-247.5,0,0
7362,3.26,-2.79,88.7,289.2,-247.5,0,0
7363,3.26,-2.78,88.7,289.2,-246.6,0,0
7364,3.26,-2.78,88.7,289.2,-246.6,0,0
7365,3.26,-2.77,88.7,289.2,-245.7,0,0
7366,3.25,-2.78,88.7,288.3,-246.6,0,0
7367,3.25,-2.78,88.7,288.3,-246.6,0,0
7368,3.25,-2.78,88.7,288.3,-246.6,0,0
7369,3.25,-2.78,88.7,288.3,-246.6,0,0
7370,3.25,-2.77,88.7,288.3,-245.7,0,0
7371,3.25,-2.78,88.7,288.3,-246.6,0,0
7372,3.25,-2.76,88.7,288.3,-244.8,0,0
7373,3.25,-2.77,88.7,288.3,-245.7,0,0
7374,3.25,-2.76,88.7,288.3,-244.8,0,0
7375,3.25,-2.77,88.7,288.3,-245.7,0,0
7376,3.24,-2.76,88.7,287.4,-244.8,0,0
7377,3.23,-2.76,88.7,286.5,-244.8,0,0
7378,3.24,-2.76,88.8,287.7,-245.1,0,0
7379,3.24,-2.76,88.7,287.4,-244.8,0,0
7380,6.4,-5.69,89.2,570.9,-507.5,0,0
7381,6.41,-5.71,89.2,571.8,-509.3,0,0
7382,6.39,-5.69,89.2,570,-507.5,0,0
7383,6.39,-5.69,89.2,570,-507.5,0,0
7384,6.39,-5.69,89.2,570,-507.5,0,0
7385,6.39,-5.69,89.2,570,-507.5,0,0
7386,6.37,-5.68,89.2,568.2,-506.7,0,0
7387,6.37,-5.67,89.2,568.2,-505.8,0,0
7388,6.37,-5.67,89.2,568.2,-505.8,0,0
7389,6.35,-5.65,89.2,566.4,-504,0,0
7390,6.34,-5.64,89.2,565.5,-503.1,0,0
7391,6.36,-5.65,89.2,567.3,-504,0,0
7392,6.35,-5.65,89.2,566.4,-504,0,0
7393,6.34,-5.63,89.3,566.2,-502.8,0,0
7394,6.33,-5.63,89.2,564.6,-502.2,0,0
7395,6.31,-5.61,89.3,563.5,-501,0,0
7396,6.32,-5.63,89.3,564.4,-502.8,0,0
7397,6.31,-5.62,89.3,563.5,-501.9,0,0
7398,6.32,-5.62,89.3,564.4,-501.9,0,0
7399,6.31,-5.61,89.3,563.5,-501,0,0
7400,6.31,-5.61,89.3,563.5,-501,0,0
7401,6.3,-5.61,89.3,562.6,-501,0,0
7402,6.31,-5.61,89.3,563.5,-501,0,0
7403,6.29,-5.61,89.3,561.7,-501,0,0
7404,6.29,-5.59,89.3,561.7,-499.2,0,0
7405,6.28,-5.58,89.3,560.8,-498.3,0,0
7406,6.27,-5.59,89.3,559.9,-499.2,0,0
7407,6.29,-5.6,89.3,561.7,-500.1,0,0
7408,6.27,-5.58,89.3,559.9,-498.3,0,0
7409,6.25,-5.56,89.3,558.1,-496.5,0,0
7410,6.26,-5.56,89.3,559,-496.5,0,0
7411,6.25,-5.56,89.4,558.8,-497.1,0,0
7412,6.24,-5.55,89.3,557.2,-495.6,0,0
7413,6.25,-5.56,89.3,558.1,-496.5,0,0
7414,6.24,-5.55,89.4,557.9,-496.2,0,0
7415,6.23,-5.54,89.4,557,-495.3,0,0
7416,6.22,-5.54,89.4,556.1,-495.3,0,0
7417,6.23,-5.54,89.4,557,-495.3,0,0
7418,6.22,-5.54,89.4,556.1,-495.3,0,0
7419,6.21,-5.53,89.5,555.8,-494.9,0,0
7420,6.21,-5.53,89.4,555.2,-494.4,0,0
7421,6.2,-5.51,89.4,554.3,-492.6,0,0
7422,6.2,-5.52,89.5,554.9,-494,0,0
7423,6.19,-5.5,89.5,554,-492.3,0,0
7424,6.19,-5.49,89.5,554,-491.4,0,0
7425,6.18,-5.5,89.5,553.1,-492.3,0,0
7426,6.19,-5.5,89.5,554,-492.3,0,0
7427,6.17,-5.49,89.5,552.2,-491.4,0,0
7428,6.17,-5.48,89.5,552.2,-490.5,0,0
7429,6.17,-5.47,89.5,552.2,-489.6,0,0
7430,6.11,-5.44,89.5,546.8,-486.9,0,0
7431,6.14,-5.46,89.5,549.5,-488.7,0,0
7432,6.13,-5.45,89.5,548.6,-487.8,0,0
7433,6.15,-5.45,89.5,550.4,-487.8,0,0
7434,6.14,-5.46,89.5,549.5,-488.7,0,0
7435,6.14,-5.45,89.5,549.5,-487.8,0,0
7436,6.14,-5.46,89.5,549.5,-488.7,0,0
7437,6.13,-5.45,89.5,548.6,-487.8,0,0
7438,6.11,-5.43,89.5,546.8,-486,0,0
7439,6.11,-5.43,89.5,546.8,-486,0,0
7440,6.12,-5.44,89.5,547.7,-486.9,0,0
7441,6.11,-5.43,89.5,546.8,-486,0,0
7442,6.1,-5.42,89.5,546,-485.1,0,0
7443,6.1,-5.42,89.5,546,-485.1,0,0
7444,6.09,-5.42,89.5,545.1,-485.1,0,0
7445,6.08,-5.41,89.5,544.2,-484.2,0,0
7446,6.09,-5.42,89.5,545.1,-485.1,0,0
7447,6.09,-5.41,89.5,545.1,-484.2,0,0
7448,6.07,-5.39,89.5,543.3,-482.4,0,0
7449,6.09,-5.41,89.5,545.1,-484.2,0,0
7450,6.07,-5.39,89.5,543.3,-482.4,0,0
7451,6.07,-5.4,89.5,543.3,-483.3,0,0
7452,6.06,-5.38,89.5,542.4,-481.5,0,0
7453,6.06,-5.38,89.5,542.4,-481.5,0,0
7454,6.06,-5.38,89.5,542.4,-481.5,0,0
7455,6.06,-5.38,89.5,542.4,-481.5,0,0
7456,6.06,-5.38,89.5,542.4,-481.5,0,0
7457,6.04,-5.36,89.5,540.6,-479.7,0,0
7458,6.04,-5.36,89.5,540.6,-479.7,0,0
7459,6.04,-5.36,89.5,540.6,-479.7,0,0
7460,6.02,-5.34,89.6,539.4,-478.5,0,0
7461,6.02,-5.34,89.5,538.8,-477.9,0,0
7462,6.01,-5.34,89.5,537.9,-477.9,0,0
7463,6,-5.33,89.6,537.6,-477.6,0,0
7464,6.01,-5.33,89.5,537.9,-477,0,0
7465,6,-5.32,89.6,537.6,-476.7,0,0
7466,5.99,-5.32,89.6,536.7,-476.7,0,0
7467,6.01,-5.33,89.6,538.5,-477.6,0,0
7468,5.98,-5.31,89.6,535.8,-475.8,0,0
7469,5.98,-5.3,89.6,535.8,-474.9,0,0
7470,5.98,-5.3,89.6,535.8,-474.9,0,0
7471,5.96,-5.29,89.6,534,-474,0,0
7472,5.95,-5.29,89.6,533.1,-474,0,0
7473,5.96,-5.29,89.6,534,-474,0,0
7474,5.96,-5.29,89.6,534,-474,0,0
7475,5.95,-5.29,89.6,533.1,-474,0,0
7476,5.95,-5.28,89.6,533.1,-473.1,0,0
7477,5.95,-5.28,89.6,533.1,-473.1,0,0
7478,5.93,-5.27,89.6,531.3,-472.2,0,0
7479,5.93,-5.27,89.6,531.3,-472.2,0,0
7480,5.94,-5.27,89.6,532.2,-472.2,0,0
7481,5.93,-5.27,89.6,531.3,-472.2,0,0
7482,5.93,-5.26,89.6,531.3,-471.3,0,0
7483,5.92,-5.27,89.6,530.4,-472.2,0,0
7484,5.91,-5.25,89.6,529.5,-470.4,0,0
7485,5.91,-5.25,89.6,529.5,-470.4,0,0
7486,5.9,-5.24,89.6,528.6,-469.5,0,0
7487,5.9,-5.23,89.6,528.6,-468.6,0,0
7488,5.89,-5.23,89.6,527.7,-468.6,0,0
7489,5.88,-5.22,89.6,526.8,-467.7,0,0
7490,5.89,-5.22,89.6,527.7,-467.7,0,0
7491,5.89,-5.22,89.6,527.7,-467.7,0,0
7492,5.86,-5.19,89.6,525.1,-465,0,0
7493,5.87,-5.2,89.6,526,-465.9,0,0
7494,5.86,-5.2,89.6,525.1,-465.9,0,0
7495,5.87,-5.2,89.6,526,-465.9,0,0
7496,5.87,-5.2,89.7,526.5,-466.4,0,0
7497,5.86,-5.19,89.6,525.1,-465,0,0
7498,5.85,-5.18,89.6,524.2,-464.1,0,0
7499,5.86,-5.19,89.6,525.1,-465,0,0
7500,5.85,-5.18,89.7,524.7,-464.6,0,0
7501,5.85,-5.17,89.7,524.7,-463.7,0,0
7502,5.85,-5.18,89.7,524.7,-464.6,0,0
7503,5.83,-5.17,89.7,523,-463.7,0,0
7504,5.82,-5.16,89.7,522.1,-462.9,0,0
7505,5.82,-5.16,89.7,522.1,-462.9,0,0
7506,5.82,-5.16,89.7,522.1,-462.9,0,0
7507,5.81,-5.15,89.7,521.2,-462,0,0
7508,5.81,-5.16,89.7,521.2,-462.9,0,0
7509,5.8,-5.14,89.7,520.3,-461.1,0,0
7510,5.79,-5.13,89.8,519.9,-460.7,0,0
7511,5.78,-5.12,89.7,518.5,-459.3,0,0
7512,5.78,-5.12,89.7,518.5,-459.3,0,0
7513,5.78,-5.12,89.7,518.5,-459.3,0,0
7514,5.77,-5.12,89.8,518.1,-459.8,0,0
7515,5.77,-5.11,89.7,517.6,-458.4,0,0
7516,5.77,-5.11,89.8,518.1,-458.9,0,0
7517,5.78,-5.12,89.7,518.5,-459.3,0,0
7518,5.77,-5.11,89.8,518.1,-458.9,0,0
7519,5.74,-5.1,89.8,515.5,-458,0,0
7520,5.75,-5.1,89.8,516.4,-458,0,0
7521,5.73,-5.08,89.7,514,-455.7,0,0
7522,5.73,-5.08,89.8,514.6,-456.2,0,0
7523,5.73,-5.08,89.8,514.6,-456.2,0,0
7524,5.72,-5.07,89.8,513.7,-455.3,0,0
7525,5.72,-5.07,89.8,513.7,-455.3,0,0
7526,5.71,-5.05,89.8,512.8,-453.5,0,0
7527,5.71,-5.06,89.8,512.8,-454.4,0,0
7528,5.7,-5.04,89.8,511.9,-452.6,0,0
7529,5.71,-5.05,89.8,512.8,-453.5,0,0
7530,5.69,-5.04,89.8,511,-452.6,0,0
7531,5.69,-5.03,89.8,511,-451.7,0,0
7532,5.69,-5.04,89.8,511,-452.6,0,0
7533,5.68,-5.03,89.8,510.1,-451.7,0,0
7534,5.68,-5.02,89.8,510.1,-450.8,0,0
7535,5.67,-5.02,89.8,509.2,-450.8,0,0
7536,5.67,-5.01,89.8,509.2,-449.9,0,0
7537,5.67,-5.02,89.8,509.2,-450.8,0,0
7538,5.66,-5.01,89.8,508.3,-449.9,0,0
7539,5.65,-5,89.8,507.4,-449,0,0
7540,5.66,-5.01,89.8,508.3,-449.9,0,0
7541,5.65,-5,89.8,507.4,-449,0,0
7542,5.65,-5,89.8,507.4,-449,0,0
7543,5.64,-4.99,89.8,506.5,-448.1,0,0
7544,5.64,-4.99,89.8,506.5,-448.1,0,0
7545,5.64,-4.99,89.8,506.5,-448.1,0,0
7546,5.62,-4.98,89.8,504.7,-447.2,0,0
7547,5.63,-4.99,89.8,505.6,-448.1,0,0
7548,5.62,-4.97,89.8,504.7,-446.3,0,0
7549,5.61,-4.96,89.8,503.8,-445.4,0,0
7550,5.62,-4.96,89.8,504.7,-445.4,0,0
7551,5.6,-4.95,89.8,502.9,-444.5,0,0
7552,7.52,-6.75,90.1,677.6,-608.2,0,0
7553,7.59,-6.81,90.1,683.9,-613.6,0,0
7554,7.67,-6.88,90.1,691.1,-619.9,0,0
7555,7.74,-6.95,90.1,697.4,-626.2,0,0
7556,7.82,-7,90.1,704.6,-630.7,0,0
7557,7.8,-6.98,90.1,702.8,-628.9,0,0
7558,7.79,-6.98,90.1,701.9,-628.9,0,0
7559,7.78,-6.97,90.1,701,-628,0,0
7560,7.77,-6.97,90.1,700.1,-628,0,0
7561,7.77,-6.96,90.1,700.1,-627.1,0,0
7562,7.77,-6.97,90.1,700.1,-628,0,0
7563,7.76,-6.96,90.2,700,-627.8,0,0
7564,7.77,-6.97,90.2,700.9,-628.7,0,0
7565,7.74,-6.95,90.2,698.1,-626.9,0,0
7566,7.75,-6.96,90.2,699.1,-627.8,0,0
7567,7.74,-6.95,90.2,698.1,-626.9,0,0
7568,7.74,-6.94,90.2,698.1,-626,0,0
7569,7.73,-6.94,90.3,698,-626.7,0,0
7570,7.72,-6.93,90.3,697.1,-625.8,0,0
7571,7.72,-6.92,90.3,697.1,-624.9,0,0
7572,7.71,-6.92,90.3,696.2,-624.9,0,0
7573,7.71,-6.92,90.3,696.2,-624.9,0,0
7574,7.69,-6.91,90.3,694.4,-624,0,0
7575,7.69,-6.91,90.3,694.4,-624,0,0
7576,7.69,-6.9,90.3,694.4,-623.1,0,0
7577,7.68,-6.9,90.3,693.5,-623.1,0,0
7578,7.67,-6.88,90.3,692.6,-621.3,0,0
7579,7.66,-6.88,90.3,691.7,-621.3,0,0
7580,7.64,-6.86,90.3,689.9,-619.5,0,0
7581,7.65,-6.86,90.3,690.8,-619.5,0,0
7582,7.65,-6.86,90.3,690.8,-619.5,0,0
7583,7.64,-6.86,90.3,689.9,-619.5,0,0
7584,7.64,-6.86,90.3,689.9,-619.5,0,0
7585,7.63,-6.83,90.3,689,-616.7,0,0
7586,7.63,-6.83,90.3,689,-616.7,0,0
7587,7.61,-6.83,90.3,687.2,-616.7,0,0
7588,7.6,-6.81,90.3,686.3,-614.9,0,0
7589,7.6,-6.81,90.3,686.3,-614.9,0,0
7590,7.6,-6.81,90.3,686.3,-614.9,0,0
7591,7.58,-6.79,90.3,684.5,-613.1,0,0
7592,7.58,-6.8,90.3,684.5,-614,0,0
7593,7.58,-6.79,90.3,684.5,-613.1,0,0
7594,7.56,-6.77,90.3,682.7,-611.3,0,0
7595,7.55,-6.77,90.3,681.8,-611.3,0,0
7596,7.54,-6.76,90.3,680.9,-610.4,0,0
7597,7.55,-6.76,90.3,681.8,-610.4,0,0
7598,7.54,-6.76,90.3,680.9,-610.4,0,0
7599,7.53,-6.75,90.3,680,-609.5,0,0
7600,7.48,-6.7,90.3,675.4,-605,0,0
7601,7.51,-6.74,90.3,678.2,-608.6,0,0
7602,7.5,-6.72,90.3,677.3,-606.8,0,0
7603,7.5,-6.72,90.3,677.3,-606.8,0,0
7604,7.49,-6.7,90.3,676.3,-605,0,0
7605,7.48,-6.7,90.3,675.4,-605,0,0
7606,7.48,-6.7,90.3,675.4,-605,0,0
7607,7.47,-6.7,90.3,674.5,-605,0,0
7608,7.46,-6.69,90.4,674.4,-604.8,0,0
7609,7.46,-6.69,90.3,673.6,-604.1,0,0
7610,7.45,-6.68,90.3,672.7,-603.2,0,0
7611,7.44,-6.66,90.3,671.8,-601.4,0,0
7612,7.45,-6.67,90.4,673.5,-603,0,0
7613,7.43,-6.65,90.3,670.9,-600.5,0,0
7614,7.42,-6.65,90.4,670.8,-601.2,0,0
7615,7.41,-6.64,90.3,669.1,-599.6,0,0
7616,7.42,-6.64,90.4,670.8,-600.3,0,0
7617,7.4,-6.63,90.4,669,-599.4,0,0
7618,7.39,-6.62,90.4,668.1,-598.4,0,0
7619,7.4,-6.62,90.4,669,-598.4,0,0
7620,7.39,-6.62,90.4,668.1,-598.4,0,0
7621,7.37,-6.59,90.4,666.2,-595.7,0,0
7622,7.36,-6.6,90.4,665.3,-596.6,0,0
7623,7.36,-6.59,90.4,665.3,-595.7,0,0
7624,7.35,-6.59,90.4,664.4,-595.7,0,0
7625,7.34,-6.57,90.4,663.5,-593.9,0,0
7626,7.33,-6.56,90.4,662.6,-593,0,0
7627,7.32,-6.55,90.4,661.7,-592.1,0,0
7628,7.32,-6.55,90.4,661.7,-592.1,0,0
7629,7.32,-6.56,90.4,661.7,-593,0,0
7630,7.31,-6.54,90.4,660.8,-591.2,0,0
7631,7.29,-6.52,90.4,659,-589.4,0,0
7632,7.28,-6.52,90.4,658.1,-589.4,0,0
7633,7.28,-6.52,90.4,658.1,-589.4,0,0
7634,7.27,-6.5,90.4,657.2,-587.6,0,0
7635,7.25,-6.49,90.4,655.4,-586.7,0,0
7636,7.25,-6.49,90.4,655.4,-586.7,0,0
7637,7.25,-6.49,90.3,654.7,-586,0,0
7638,7.24,-6.47,90.4,654.5,-584.9,0,0
7639,7.23,-6.46,90.4,653.6,-584,0,0
7640,7.24,-6.47,90.4,654.5,-584.9,0,0
7641,7.2,-6.45,90.4,650.9,-583.1,0,0
7642,7.21,-6.44,90.4,651.8,-582.2,0,0
7643,7.19,-6.43,90.4,650,-581.3,0,0
7644,7.2,-6.44,90.4,650.9,-582.2,0,0
7645,7.18,-6.42,90.4,649.1,-580.4,0,0
7646,7.18,-6.44,90.4,649.1,-582.2,0,0
7647,7.16,-6.4,90.4,647.3,-578.6,0,0
7648,7.16,-6.4,90.4,647.3,-578.6,0,0
7649,7.16,-6.4,90.4,647.3,-578.6,0,0
7650,7.13,-6.39,90.4,644.6,-577.7,0,0
7651,7.13,-6.38,90.4,644.6,-576.8,0,0
7652,7.1,-6.25,90.4,641.8,-565,0,0
7653,7.12,-6.37,90.4,643.6,-575.8,0,0
7654,7.11,-6.35,90.4,642.7,-574,0,0
7655,7.1,-6.34,90.4,641.8,-573.1,0,0
7656,7.09,-6.33,90.4,640.9,-572.2,0,0
7657,7.09,-6.33,90.4,640.9,-572.2,0,0
7658,7.07,-6.32,90.4,639.1,-571.3,0,0
7659,7.07,-6.32,90.4,639.1,-571.3,0,0
7660,7.06,-6.31,90.4,638.2,-570.4,0,0
7661,7.05,-6.26,90.4,637.3,-565.9,0,0
7662,7.04,-6.29,90.4,636.4,-568.6,0,0
7663,7.04,-6.29,90.4,636.4,-568.6,0,0
7664,7.02,-6.27,90.4,634.6,-566.8,0,0
7665,7.02,-6.27,90.4,634.6,-566.8,0,0
7666,7.01,-6.26,90.4,633.7,-565.9,0,0
7667,7,-6.25,90.4,632.8,-565,0,0
7668,7.01,-6.27,90.4,633.7,-566.8,0,0
7669,6.99,-6.23,90.4,631.9,-563.2,0,0
7670,6.96,-6.21,90.4,629.2,-561.4,0,0
7671,6.92,-6.17,90.4,625.6,-557.8,0,0
7672,6.88,-6.15,90.4,622,-556,0,0
7673,6.82,-6.06,90.4,616.5,-547.8,0,0
7674,6.75,-6.02,90.4,610.2,-544.2,0,0
7675,6.89,-6.15,90.4,622.9,-556,0,0
7676,6.87,-6.13,90.4,621,-554.2,0,0
7677,6.88,-6.14,90.4,622,-555.1,0,0
7678,6.85,-6.12,90.4,619.2,-553.2,0,0
7679,6.86,-6.13,90.4,620.1,-554.2,0,0
7680,6.82,-6.08,90.4,616.5,-549.6,0,0
7681,6.82,-6.09,90.5,617.2,-551.1,0,0
7682,6.83,-6.11,90.4,617.4,-552.3,0,0
7683,6.81,-6.07,90.5,616.3,-549.3,0,0
7684,6.8,-6.06,90.4,614.7,-547.8,0,0
7685,6.79,-6.06,90.4,613.8,-547.8,0,0
7686,6.79,-6.05,90.5,614.5,-547.5,0,0
7687,6.79,-6.06,90.5,614.5,-548.4,0,0
7688,6.76,-6.03,90.4,611.1,-545.1,0,0
7689,6.75,-6.03,90.5,610.9,-545.7,0,0
7690,6.75,-6.02,90.5,610.9,-544.8,0,0
7691,6.74,-6.01,90.5,610,-543.9,0,0
7692,6.73,-6,90.4,608.4,-542.4,0,0
7693,6.7,-5.97,90.5,606.4,-540.3,0,0
7694,6.72,-5.99,90.5,608.2,-542.1,0,0
7695,6.71,-5.98,90.5,607.3,-541.2,0,0
7696,6.69,-5.97,90.5,605.4,-540.3,0,0
7697,6.69,-5.97,90.6,606.1,-540.9,0,0
7698,6.68,-5.95,90.5,604.5,-538.5,0,0
7699,6.67,-5.94,90.5,603.6,-537.6,0,0
7700,6.65,-5.93,90.5,601.8,-536.7,0,0
7701,6.64,-5.91,90.5,600.9,-534.9,0,0
7702,6.63,-5.9,90.5,600,-534,0,0
7703,6.63,-5.91,90.5,600,-534.9,0,0
7704,6.62,-5.9,90.5,599.1,-534,0,0
7705,6.62,-5.9,90.5,599.1,-534,0,0
7706,6.59,-5.88,90.5,596.4,-532.1,0,0
7707,6.59,-5.87,90.5,596.4,-531.2,0,0
7708,6.58,-5.87,90.6,596.1,-531.8,0,0
7709,6.58,-5.87,90.6,596.1,-531.8,0,0
7710,6.57,-5.86,90.6,595.2,-530.9,0,0
7711,6.55,-5.85,90.5,592.8,-529.4,0,0
7712,6.54,-5.83,90.5,591.9,-527.6,0,0
7713,6.53,-5.82,90.6,591.6,-527.3,0,0
7714,6.53,-5.81,90.6,591.6,-526.4,0,0
7715,6.53,-5.81,90.6,591.6,-526.4,0,0
7716,6.52,-5.8,90.5,590.1,-524.9,0,0
7717,6.49,-5.78,90.5,587.3,-523.1,0,0
7718,6.48,-5.77,90.5,586.4,-522.2,0,0
7719,6.47,-5.76,90.6,586.2,-521.9,0,0
7720,6.46,-5.76,90.6,585.3,-521.9,0,0
7721,6.45,-5.73,90.5,583.7,-518.6,0,0
7722,6.45,-5.74,90.6,584.4,-520,0,0
7723,6.44,-5.74,90.6,583.5,-520,0,0
7724,6.44,-5.73,90.6,583.5,-519.1,0,0
7725,6.43,-5.72,90.5,581.9,-517.7,0,0
7726,6.41,-5.7,90.6,580.7,-516.4,0,0
7727,6.38,-5.68,90.6,578,-514.6,0,0
7728,6.38,-5.69,90.6,578,-515.5,0,0
7729,6.38,-5.67,90.6,578,-513.7,0,0
7730,6.38,-5.68,90.6,578,-514.6,0,0
7731,6.36,-5.67,90.6,576.2,-513.7,0,0
7732,6.34,-5.63,90.6,574.4,-510.1,0,0
7733,6.35,-5.64,90.6,575.3,-511,0,0
7734,6.34,-5.64,90.6,574.4,-511,0,0
7735,6.34,-5.63,90.6,574.4,-510.1,0,0
7736,6.31,-5.62,90.6,571.7,-509.2,0,0
7737,6.31,-5.61,90.6,571.7,-508.3,0,0
7738,6.3,-5.6,90.6,570.8,-507.4,0,0
7739,6.29,-5.6,90.6,569.9,-507.4,0,0
7740,6.27,-5.58,90.6,568.1,-505.5,0,0
7741,6.27,-5.58,90.6,568.1,-505.5,0,0
7742,6.28,-5.58,90.6,569,-505.5,0,0
7743,6.26,-5.57,90.6,567.2,-504.6,0,0
7744,6.25,-5.56,90.6,566.3,-503.7,0,0
7745,6.24,-5.55,90.6,565.3,-502.8,0,0
7746,6.24,-5.55,90.6,565.3,-502.8,0,0
7747,6.23,-5.54,90.6,564.4,-501.9,0,0
7748,6.21,-5.54,90.6,562.6,-501.9,0,0
7749,6.21,-5.52,90.6,562.6,-500.1,0,0
7750,6.18,-5.49,90.6,559.9,-497.4,0,0
7751,6.16,-5.48,90.6,558.1,-496.5,0,0
7752,6.16,-5.46,90.6,558.1,-494.7,0,0
7753,6.16,-5.47,90.6,558.1,-495.6,0,0
7754,6.15,-5.46,90.6,557.2,-494.7,0,0
7755,6.13,-5.45,90.6,555.4,-493.8,0,0
7756,6.13,-5.44,90.6,555.4,-492.9,0,0
7757,6.12,-5.44,90.6,554.5,-492.9,0,0
7758,6.11,-5.42,90.6,553.6,-491.1,0,0
7759,6.1,-5.42,90.6,552.7,-491.1,0,0
7760,6.1,-5.41,90.6,552.7,-490.1,0,0
7761,6.08,-5.4,90.6,550.8,-489.2,0,0
7762,6.08,-5.39,90.6,550.8,-488.3,0,0
7763,6.07,-5.38,90.6,549.9,-487.4,0,0
7764,6.06,-5.38,90.6,549,-487.4,0,0
7765,6.05,-5.36,90.6,548.1,-485.6,0,0
7766,6.03,-5.35,90.6,546.3,-484.7,0,0
7767,6.03,-5.35,90.6,546.3,-484.7,0,0
7768,6.04,-5.36,90.6,547.2,-485.6,0,0
7769,6.01,-5.33,90.6,544.5,-482.9,0,0
7770,6,-5.32,90.6,543.6,-482,0,0
7771,6,-5.31,90.6,543.6,-481.1,0,0
7772,5.97,-5.29,90.6,540.9,-479.3,0,0
7773,5.97,-5.3,90.6,540.9,-480.2,0,0
7774,5.96,-5.29,90.6,540,-479.3,0,0
7775,5.97,-5.29,90.6,540.9,-479.3,0,0
7776,5.93,-5.27,90.6,537.3,-477.5,0,0
7777,5.92,-5.26,90.6,536.4,-476.6,0,0
7778,5.92,-5.26,90.6,536.4,-476.6,0,0
7779,5.9,-5.24,90.6,534.5,-474.7,0,0
7780,5.91,-5.24,90.6,535.4,-474.7,0,0
7781,5.9,-5.23,90.6,534.5,-473.8,0,0
7782,5.88,-5.22,90.6,532.7,-472.9,0,0
7783,5.87,-5.19,90.6,531.8,-470.2,0,0
7784,5.86,-5.18,90.6,530.9,-469.3,0,0
7785,5.83,-5.17,90.6,528.2,-468.4,0,0
7786,5.84,-5.17,90.6,529.1,-468.4,0,0
7787,5.82,-5.17,90.6,527.3,-468.4,0,0
7788,5.82,-5.16,90.6,527.3,-467.5,0,0
7789,5.79,-5.12,90.6,524.6,-463.9,0,0
7790,5.81,-5.14,90.6,526.4,-465.7,0,0
7791,5.79,-5.13,90.6,524.6,-464.8,0,0
7792,5.78,-5.12,90.6,523.7,-463.9,0,0
7793,5.74,-5.1,90.6,520,-462.1,0,0
7794,5.76,-5.11,90.6,521.9,-463,0,0
7795,5.75,-5.1,90.6,521,-462.1,0,0
7796,5.74,-5.09,90.6,520,-461.2,0,0
7797,5.73,-5.08,90.6,519.1,-460.2,0,0
7798,5.73,-5.08,90.6,519.1,-460.2,0,0
7799,5.73,-5.07,90.6,519.1,-459.3,0,0
7800,5.81,-5.14,90.6,526.4,-465.7,0,0
7801,5.8,-5.14,90.6,525.5,-465.7,0,0
7802,5.78,-5.12,90.6,523.7,-463.9,0,0
7803,5.77,-5.11,90.6,522.8,-463,0,0
7804,6.07,-5.38,90.6,549.9,-487.4,0,0
7805,5.98,-5.31,90.6,541.8,-481.1,0,0
7806,5.95,-5.28,90.7,539.7,-478.9,0,0
7807,5.94,-5.28,90.7,538.8,-478.9,0,0
7808,5.96,-5.29,90.6,540,-479.3,0,0
7809,6.14,-5.45,90.6,556.3,-493.8,0,0
7810,5.94,-5.27,90.7,538.8,-478,0,0
7811,5.9,-5.24,90.7,535.1,-475.3,0,0
7812,5.9,-5.23,90.7,535.1,-474.4,0,0
7813,5.89,-5.22,90.7,534.2,-473.5,0,0
7814,5.88,-5.21,90.6,532.7,-472,0,0
7815,5.86,-5.18,90.6,530.9,-469.3,0,0
7816,5.83,-5.17,90.7,528.8,-468.9,0,0
7817,5.82,-5.15,90.7,527.9,-467.1,0,0
7818,5.81,-5.14,90.6,526.4,-465.7,0,0
7819,5.8,-5.13,90.6,525.5,-464.8,0,0
7820,5.77,-5.11,90.7,523.3,-463.5,0,0
7821,5.76,-5.1,90.7,522.4,-462.6,0,0
7822,5.75,-5.09,90.6,521,-461.2,0,0
7823,5.74,-5.08,90.7,520.6,-460.8,0,0
7824,5.72,-5.06,90.7,518.8,-458.9,0,0
7825,5.72,-5.05,90.6,518.2,-457.5,0,0
7826,5.68,-5.03,90.7,515.2,-456.2,0,0
7827,5.66,-5.01,90.7,513.4,-454.4,0,0
7828,5.62,-4.97,90.7,509.7,-450.8,0,0
7829,5.59,-4.94,90.7,507,-448.1,0,0
7830,5.55,-4.9,90.7,503.4,-444.4,0,0
7831,5.49,-4.84,90.6,497.4,-438.5,0,0
7832,5.47,-4.83,90.6,495.6,-437.6,0,0
7833,5.42,-4.79,90.7,491.6,-434.5,0,0
7834,5.39,-4.75,90.6,488.3,-430.4,0,0
7835,5.37,-4.74,90.7,487.1,-429.9,0,0
7836,5.34,-4.7,90.6,483.8,-425.8,0,0
7837,5.32,-4.69,90.6,482,-424.9,0,0
7838,5.28,-4.65,90.6,478.4,-421.3,0,0
7839,5.25,-4.63,90.6,475.7,-419.5,0,0
7840,5.23,-4.61,90.6,473.8,-417.7,0,0
7841,5.2,-4.57,90.6,471.1,-414,0,0
7842,5.18,-4.56,90.6,469.3,-413.1,0,0
7843,5.16,-4.54,90.6,467.5,-411.3,0,0
7844,5.15,-4.53,90.6,466.6,-410.4,0,0
7845,5.13,-4.51,90.6,464.8,-408.6,0,0
7846,5.12,-4.51,90.6,463.9,-408.6,0,0
7847,5.1,-4.49,90.6,462.1,-406.8,0,0
7848,5.1,-4.48,90.6,462.1,-405.9,0,0
7849,5.1,-4.49,90.6,462.1,-406.8,0,0
7850,5.12,-4.52,90.6,463.9,-409.5,0,0
7851,5.11,-4.49,90.6,463,-406.8,0,0
7852,5.14,-4.53,90.6,465.7,-410.4,0,0
7853,5.15,-4.53,90.6,466.6,-410.4,0,0
7854,5.12,-4.51,90.6,463.9,-408.6,0,0
7855,5.14,-4.53,90.6,465.7,-410.4,0,0
7856,5.11,-4.51,90.6,463,-408.6,0,0
7857,5.09,-4.48,90.6,461.2,-405.9,0,0
7858,5.04,-4.42,90.6,456.6,-400.5,0,0
7859,4.99,-4.39,90.6,452.1,-397.7,0,0
7860,4.96,-4.35,90.6,449.4,-394.1,0,0
7861,4.79,-4.2,90.6,434,-380.5,0,0
7862,4.81,-4.21,90.6,435.8,-381.4,0,0
7863,4.73,-4.15,90.6,428.5,-376,0,0
7864,4.69,-4.1,90.6,424.9,-371.5,0,0
7865,4.65,-4.07,90.6,421.3,-368.7,0,0
7866,4.61,-4.03,90.6,417.7,-365.1,0,0
7867,4.6,-4.01,90.6,416.8,-363.3,0,0
7868,4.76,-4.18,90.6,431.3,-378.7,0,0
7869,4.73,-4.14,90.6,428.5,-375.1,0,0
7870,4.72,-4.13,90.6,427.6,-374.2,0,0
7871,4.72,-4.13,90.6,427.6,-374.2,0,0
7872,4.7,-4.12,90.6,425.8,-373.3,0,0
7873,4.7,-4.12,90.6,425.8,-373.3,0,0
7874,4.69,-4.11,90.6,424.9,-372.4,0,0
7875,4.69,-4.1,90.6,424.9,-371.5,0,0
7876,4.67,-4.08,90.6,423.1,-369.6,0,0
7877,4.69,-4.1,90.6,424.9,-371.5,0,0
7878,4.64,-4.06,90.6,420.4,-367.8,0,0
7879,4.71,-4.12,90.6,426.7,-373.3,0,0
7880,4.68,-4.09,90.6,424,-370.6,0,0
7881,4.57,-4,90.6,414,-362.4,0,0
7882,4.57,-3.99,90.6,414,-361.5,0,0
7883,4.6,-4.02,90.6,416.8,-364.2,0,0
7884,4.65,-4.07,90.6,421.3,-368.7,0,0
7885,4.65,-4.07,90.6,421.3,-368.7,0,0
7886,4.66,-4.08,90.6,422.2,-369.6,0,0
7887,4.66,-4.08,90.6,422.2,-369.6,0,0
7888,4.65,-4.07,90.6,421.3,-368.7,0,0
7889,4.63,-4.06,90.6,419.5,-367.8,0,0
7890,4.67,-4.08,90.6,423.1,-369.6,0,0
7891,4.62,-4.05,90.6,418.6,-366.9,0,0
7892,4.61,-4.03,90.6,417.7,-365.1,0,0
7893,4.63,-4.05,90.6,419.5,-366.9,0,0
7894,4.6,-4.02,90.6,416.8,-364.2,0,0
7895,4.59,-4.01,90.6,415.9,-363.3,0,0
7896,4.55,-3.98,90.6,412.2,-360.6,0,0
7897,4.55,-3.97,90.6,412.2,-359.7,0,0
7898,4.54,-3.97,90.6,411.3,-359.7,0,0
7899,4.54,-3.95,90.6,411.3,-357.9,0,0
7900,4.48,-3.91,90.6,405.9,-354.2,0,0
7901,4.46,-3.89,90.6,404.1,-352.4,0,0
7902,4.44,-3.87,90.7,402.7,-351,0,0
7903,4.42,-3.85,90.6,400.5,-348.8,0,0
7904,4.38,-3.82,90.6,396.8,-346.1,0,0
7905,4.33,-3.77,90.6,392.3,-341.6,0,0
7906,4.34,-3.78,90.6,393.2,-342.5,0,0
7907,4.3,-3.74,90.6,389.6,-338.8,0,0
7908,4.25,-3.7,90.6,385.1,-335.2,0,0
7909,4.21,-3.65,90.6,381.4,-330.7,0,0
7910,4.18,-3.63,90.6,378.7,-328.9,0,0
7911,4.27,-3.71,90.6,386.9,-336.1,0,0
7912,4.3,-3.74,90.6,389.6,-338.8,0,0
7913,4.27,-3.71,90.6,386.9,-336.1,0,0
7914,4.24,-3.68,90.6,384.1,-333.4,0,0
7915,4.2,-3.65,90.6,380.5,-330.7,0,0
7916,4.17,-3.62,90.6,377.8,-328,0,0
7917,4.14,-3.59,90.6,375.1,-325.3,0,0
7918,4.13,-3.58,90.6,374.2,-324.3,0,0
7919,4.16,-3.62,90.6,376.9,-328,0,0
7920,4.15,-3.59,90.6,376,-325.3,0,0
7921,4.12,-3.58,90.6,373.3,-324.3,0,0
7922,4.09,-3.55,90.6,370.6,-321.6,0,0
7923,4.08,-3.53,90.6,369.6,-319.8,0,0
7924,4.07,-3.53,90.6,368.7,-319.8,0,0
7925,4.04,-3.5,90.6,366,-317.1,0,0
7926,4.02,-3.48,90.6,364.2,-315.3,0,0
7927,4,-3.47,90.6,362.4,-314.4,0,0
7928,3.97,-3.43,90.6,359.7,-310.8,0,0
7929,3.9,-3.36,90.6,353.3,-304.4,0,0
7930,3.86,-3.34,90.6,349.7,-302.6,0,0
7931,3.87,-3.34,90.6,350.6,-302.6,0,0
7932,3.83,-3.31,90.6,347,-299.9,0,0
7933,3.78,-3.24,90.6,342.5,-293.5,0,0
7934,3.77,-3.24,90.6,341.6,-293.5,0,0
7935,3.73,-3.21,90.6,337.9,-290.8,0,0
7936,3.68,-3.18,90.6,333.4,-288.1,0,0
7937,3.63,-3.11,90.6,328.9,-281.8,0,0
7938,3.61,-3.1,90.6,327.1,-280.9,0,0
7939,3.57,-3.06,90.6,323.4,-277.2,0,0
7940,3.52,-3.02,90.6,318.9,-273.6,0,0
7941,3.46,-2.97,90.6,313.5,-269.1,0,0
7942,3.41,-2.91,90.5,308.6,-263.4,0,0
7943,3.36,-2.87,90.6,304.4,-260,0,0
7944,3.31,-2.82,90.5,299.6,-255.2,0,0
7945,3.39,-2.89,90.6,307.1,-261.8,0,0
7946,3.35,-2.86,90.5,303.2,-258.8,0,0
7947,3.36,-2.87,90.5,304.1,-259.7,0,0
7948,3.34,-2.85,90.5,302.3,-257.9,0,0
7949,3.29,-2.8,90.5,297.7,-253.4,0,0
7950,3.26,-2.77,90.5,295,-250.7,0,0
7951,3.17,-2.7,90.5,286.9,-244.4,0,0
7952,3.13,-2.65,90.4,283,-239.6,0,0
7953,3.07,-2.59,90.4,277.5,-234.1,0,0
7954,3.04,-2.57,90.5,275.1,-232.6,0,0
7955,2.98,-2.52,90.4,269.4,-227.8,0,0
7956,2.93,-2.46,90.4,264.9,-222.4,0,0
7957,2.87,-2.41,90.4,259.4,-217.9,0,0
7958,2.82,-2.36,90.4,254.9,-213.3,0,0
7959,2.72,-2.27,90.4,245.9,-205.2,0,0
7960,2.75,-2.29,90.4,248.6,-207,0,0
7961,2.7,-2.26,90.4,244.1,-204.3,0,0
7962,2.66,-2.22,90.4,240.5,-200.7,0,0
7963,2.64,-2.2,90.4,238.7,-198.9,0,0
7964,2.6,-2.16,90.4,235,-195.3,0,0
7965,2.54,-2.12,90.4,229.6,-191.6,0,0
7966,2.5,-2.07,90.4,226,-187.1,0,0
7967,2.48,-2.06,90.4,224.2,-186.2,0,0
7968,2.43,-2.01,90.4,219.7,-181.7,0,0
7969,2.34,-1.92,90.4,211.5,-173.6,0,0
7970,2.26,-1.85,90.4,204.3,-167.2,0,0
7971,2.18,-1.77,90.3,196.9,-159.8,0,0
7972,2.13,-1.73,90.4,192.6,-156.4,0,0
7973,2.07,-1.67,90.3,186.9,-150.8,0,0
7974,2.03,-1.64,90.3,183.3,-148.1,0,0
7975,1.98,-1.59,90.3,178.8,-143.6,0,0
7976,1.94,-1.56,90.3,175.2,-140.9,0,0
7977,1.83,-1.46,90.3,165.2,-131.8,0,0
7978,1.75,-1.38,90.3,158,-124.6,0,0
7979,1.66,-1.3,90.3,149.9,-117.4,0,0
7980,1.62,-1.26,90.3,146.3,-113.8,0,0
7981,1.49,-1.14,90.3,134.5,-102.9,0,0
7982,1.58,-1.23,90.3,142.7,-111.1,0,0
7983,1.57,-1.21,90.3,141.8,-109.3,0,0
7984,1.54,-1.18,90.3,139.1,-106.6,0,0
7985,1.4,-1.05,90.3,126.4,-94.8,0,0
7986,1.37,-1.03,90.3,123.7,-93,0,0
7987,1.33,-0.99,90.3,120.1,-89.4,0,0
7988,1.33,-0.98,90.2,120,-88.4,0,0
7989,1.3,-0.96,90.3,117.4,-86.7,0,0
7990,1.28,-0.96,90.3,115.6,-86.7,0,0
7991,1.14,-0.82,90.3,102.9,-74,0,0
7992,1.11,-0.79,90.2,100.1,-71.3,0,0
7993,1.07,-0.77,90.2,96.5,-69.5,0,0
7994,1.06,-0.74,90.2,95.6,-66.7,0,0
7995,1.04,-0.73,90.2,93.8,-65.8,0,0
7996,1.06,-0.74,90.1,95.5,-66.7,0,0
7997,1.07,-0.75,90.2,96.5,-67.6,0,0
7998,1.04,-0.73,90.1,93.7,-65.8,0,0
7999,1.03,-0.73,90.2,92.9,-65.8,0,0
8000,1.02,-0.7,90.1,91.9,-63.1,0,0
8001,0.98,-0.67,90.1,88.3,-60.4,0,0
8002,0.95,-0.65,90.1,85.6,-58.6,0,0
8003,0.93,-0.63,90.1,83.8,-56.8,0,0
8004,0.91,-0.61,90.1,82,-55,0,0
8005,0.9,-0.59,90.1,81.1,-53.2,0,0
8006,0.88,-0.59,90.1,79.3,-53.2,0,0
8007,0.86,-0.56,90.1,77.5,-50.5,0,0
8008,0.83,-0.53,90.1,74.8,-47.8,0,0
8009,0.82,-0.52,90.1,73.9,-46.9,0,0
8010,0.79,-0.5,90.1,71.2,-45.1,0,0
8011,0.78,-0.48,90.1,70.3,-43.2,0,0
8012,0.77,-0.48,90.1,69.4,-43.2,0,0
8013,0.75,-0.46,90.1,67.6,-41.4,0,0
8014,0.74,-0.45,90.1,66.7,-40.5,0,0
8015,0.72,-0.43,90.1,64.9,-38.7,0,0
8016,0.64,-0.37,90.1,57.7,-33.3,0,0
8017,0.67,-0.39,90.1,60.4,-35.1,0,0
8018,0.67,-0.39,90.1,60.4,-35.1,0,0
8019,0.66,-0.38,90.1,59.5,-34.2,0,0
8020,0.65,-0.38,90.1,58.6,-34.2,0,0
8021,0.65,-0.36,90.1,58.6,-32.4,0,0
8022,0.51,-0.24,90.1,46,-21.6,0,0
8023,0.63,-0.34,90.1,56.8,-30.6,0,0
8024,0.61,-0.33,90.1,55,-29.7,0,0
8025,0.6,-0.32,90.1,54.1,-28.8,0,0
8026,0.59,-0.3,90.1,53.2,-27,0,0
8027,0.58,-0.31,90.1,52.3,-27.9,0,0
8028,0.57,-0.3,90.1,51.4,-27,0,0
8029,0.57,-0.29,90.1,51.4,-26.1,0,0
8030,0.55,-0.27,90.1,49.6,-24.3,0,0
8031,0.54,-0.27,90.1,48.7,-24.3,0,0
8032,0.52,-0.25,90.1,46.9,-22.5,0,0
8033,0.5,-0.23,90.1,45.1,-20.7,0,0
8034,0.48,-0.21,90.1,43.2,-18.9,0,0
8035,0.47,-0.2,90.1,42.3,-18,0,0
8036,0.45,-0.18,90.1,40.5,-16.2,0,0
8037,0.43,-0.17,90.1,38.7,-15.3,0,0
8038,0.41,-0.16,90.1,36.9,-14.4,0,0
8039,0.4,-0.14,90.1,36,-12.6,0,0
8040,0.38,-0.11,90.1,34.2,-9.9,0,0
8041,0.37,-0.1,90.1,33.3,-9,0,0
8042,0.35,-0.09,90.1,31.5,-8.1,0,0
8043,0.34,-0.08,90.1,30.6,-7.2,0,0
8044,0.33,-0.07,90,29.7,-6.3,0,0
8045,0.31,-0.06,90.1,27.9,-5.4,0,0
8046,0.3,-0.04,90,27,-3.6,0,0
8047,0.3,-0.04,90,27,-3.6,0,0
8048,0.29,-0.04,90.1,26.1,-3.6,0,0
8049,0.28,-0.04,90,25.2,-3.6,0,0
8050,0.29,-0.03,90.1,26.1,-2.7,0,0
8051,0.28,-0.03,90.1,25.2,-2.7,0,0
8052,0.27,-0.02,90,24.3,-1.8,0,0
8053,0.27,-0.03,90.1,24.3,-2.7,0,0
8054,0.27,-0.03,90,24.3,-2.7,0,0
8055,0.27,-0.03,90,24.3,-2.7,0,0
8056,0.27,-0.02,90,24.3,-1.8,0,0
8057,0.26,-0.02,90.1,23.4,-1.8,0,0
8058,0.27,-0.03,90,24.3,-2.7,0,0
8059,0.26,-0.02,90,23.4,-1.8,0,0
8060,0.27,-0.02,90.1,24.3,-1.8,0,0
8061,0.25,-0.02,90,22.5,-1.8,0,0
8062,0.25,-0.01,90.1,22.5,-0.9,0,0
8063,0.24,-0.01,90,21.6,-0.9,0,0
8064,0.24,0,90,21.6,0,0,0
8065,0.24,0,90,21.6,0,0,0
8066,0.23,0,90,20.7,0,0,0
8067,0.23,0,90,20.7,0,0,0
8068,0.22,0,90,19.8,0,0,0
8069,0.22,0,90,19.8,0,0,0
8070,0.23,0,90.1,20.7,0,0,0
8071,0.23,0,90,20.7,0,0,0
8072,0.22,0.01,90,19.8,0.9,0,0
8073,0.22,0.01,90,19.8,0.9,0,0
8074,0.21,0.01,90,18.9,0.9,0,0
8075,0.21,0.01,90,18.9,0.9,0,0
8076,0.2,0.02,90,18,1.8,0,0
8077,0.2,0.02,90,18,1.8,0,0
8078,0.2,0.02,90,18,1.8,0,0
8079,0.19,0.02,90,17.1,1.8,0,0
8080,0.19,0.02,90,17.1,1.8,0,0
8081,0.19,0.03,90,17.1,2.7,0,0
8082,0.18,0.03,90,16.2,2.7,0,0
8083,0.17,0.04,90,15.3,3.6,0,0
8084,0,0.2,84.5,0,16.9,0,0
8085,0,0.2,77.3,0,15.5,0,0
8086,0,0.2,69.9,0,14,0,0
8087,0,0.2,62.1,0,12.4,0,0
8088,0,0.2,53.9,0,10.8,0,0
8089,0,0.2,46.3,0,9.3,0,0
8090,0,0.2,42.6,0,8.5,0,0
8091,0,0.2,39.8,0,8,0,0
8092,0,0.2,37.2,0,7.4,0,0
8093,0,0.2,34.8,0,7,0,0
8094,0,0.2,32.6,0,6.5,0,0
8095,0,0.2,30.7,0,6.1,0,0
8096,0,0.2,28.9,0,5.8,0,0
8097,0,0.2,27.3,0,5.5,0,0
8098,0,0.2,25.9,0,5.2,0,0
8099,0,0.2,24.6,0,4.9,0,0
8100,0,0.2,23.4,0,4.7,0,0
8101,0,0.2,22.4,0,4.5,0,0
8102,0,0.2,21.3,0,4.3,0,0
8103,0,0.2,20.5,0,4.1,0,0
8104,0,0.2,0,0,0,0,0
8105,0,0.2,0,0,0,0,0
8106,0,0.2,0,0,0,0,0
8107,0,0.2,0,0,0,0,0
8108,0,0.2,0,0,0,0,0
8109,0,0.2,0,0,0,0,0
8110,0,0.2,0,0,0,0,0
8111,0,0.2,0,0,0,0,0
8112,0,0.2,0,0,0,0,0
8113,0,0.19,0,0,0,0,0
8114,0,0.2,0,0,0,0,0
8115,0,0.2,0,0,0,0,0
8116,0,0.2,0,0,0,0,0
8117,0,0.2,0,0,0,0,0
sum,,,,4323082.5,,,
温度データ記録=,1分間隔,,,6004.28125,,,
データ数=,676,,,,,,
No,Temp[℃],,,出走から停車までの発電,,,
1,14,,,4877.675694,,,
2,14,,,夕方充電,朝発電,,
3,14,,,522.1340278,605.6527778,,
4,14,,,,,,
5,14,,,,,,
6,14,,,,,,
7,14,,,,,,
8,14,,,,,,
9,14,,,,,,
10,14,,,,,,
11,14,,,,,,
12,14,,,,,,
13,14,,,,,,
14,14,,,,,,
15,14,,,,,,
16,14,,,,,,
17,14,,,,,,
18,14,,,,,,
19,14,,,,,,
20,14,,,,,,
21,14,,,,,,
22,14,,,,,,
23,15,,,,,,
24,15,,,,,,
25,15,,,,,,
26,15,,,,,,
27,15,,,,,,
28,15,,,,,,
29,15,,,,,,
30,15,,,,,,
31,15,,,,,,
32,15,,,,,,
33,15,,,,,,
34,15,,,,,,
35,15,,,,,,
36,15,,,,,,
37,15,,,,,,
38,16,,,,,,
39,16,,,,,,
40,16,,,,,,
41,16,,,,,,
42,16,,,,,,
43,16,,,,,,
44,16,,,,,,
45,16,,,,,,
46,16,,,,,,
47,16,,,,,,
48,16,,,,,,
49,16,,,,,,
50,16,,,,,,
51,17,,,,,,
52,17,,,,,,
53,17,,,,,,
54,17,,,,,,
55,17,,,,,,
56,17,,,,,,
57,17,,,,,,
58,17,,,,,,
59,17,,,,,,
60,17,,,,,,
61,18,,,,,,
62,18,,,,,,
63,18,,,,,,
64,18,,,,,,
65,18,,,,,,
66,18,,,,,,
67,18,,,,,,
68,19,,,,,,
69,19,,,,,,
70,19,,,,,,
71,19,,,,,,
72,19,,,,,,
73,19,,,,,,
74,19,,,,,,
75,20,,,,,,
76,20,,,,,,
77,20,,,,,,
78,20,,,,,,
79,20,,,,,,
80,20,,,,,,
81,20,,,,,,
82,20,,,,,,
83,21,,,,,,
84,21,,,,,,
85,21,,,,,,
86,21,,,,,,
87,21,,,,,,
88,21,,,,,,
89,21,,,,,,
90,21,,,,,,
91,21,,,,,,
92,21,,,,,,
93,22,,,,,,
94,22,,,,,,
95,22,,,,,,
96,22,,,,,,
97,22,,,,,,
98,23,,,,,,
99,23,,,,,,
100,23,,,,,,
101,23,,,,,,
102,23,,,,,,
103,24,,,,,,
104,24,,,,,,
105,24,,,,,,
106,24,,,,,,
107,24,,,,,,
108,24,,,,,,
109,24,,,,,,
110,24,,,,,,
111,24,,,,,,
112,24,,,,,,
113,25,,,,,,
114,25,,,,,,
115,25,,,,,,
116,25,,,,,,
117,25,,,,,,
118,25,,,,,,
119,25,,,,,,
120,26,,,,,,
121,26,,,,,,
122,26,,,,,,
123,26,,,,,,
124,26,,,,,,
125,26,,,,,,
126,26,,,,,,
127,26,,,,,,
128,27,,,,,,
129,27,,,,,,
130,27,,,,,,
131,27,,,,,,
132,27,,,,,,
133,27,,,,,,
134,27,,,,,,
135,27,,,,,,
136,27,,,,,,
137,27,,,,,,
138,27,,,,,,
139,28,,,,,,
140,28,,,,,,
141,28,,,,,,
142,28,,,,,,
143,28,,,,,,
144,28,,,,,,
145,28,,,,,,
146,28,,,,,,
147,28,,,,,,
148,28,,,,,,
149,28,,,,,,
150,28,,,,,,
151,28,,,,,,
152,28,,,,,,
153,28,,,,,,
154,28,,,,,,
155,28,,,,,,
156,28,,,,,,
157,28,,,,,,
158,28,,,,,,
159,28,,,,,,
160,28,,,,,,
161,29,,,,,,
162,29,,,,,,
163,29,,,,,,
164,29,,,,,,
165,29,,,,,,
166,29,,,,,,
167,29,,,,,,
168,29,,,,,,
169,29,,,,,,
170,29,,,,,,
171,29,,,,,,
172,29,,,,,,
173,29,,,,,,
174,29,,,,,,
175,29,,,,,,
176,30,,,,,,
177,30,,,,,,
178,30,,,,,,
179,30,,,,,,
180,30,,,,,,
181,30,,,,,,
182,30,,,,,,
183,30,,,,,,
184,30,,,,,,
185,30,,,,,,
186,30,,,,,,
187,30,,,,,,
188,30,,,,,,
189,30,,,,,,
190,31,,,,,,
191,31,,,,,,
192,31,,,,,,
193,31,,,,,,
194,31,,,,,,
195,31,,,,,,
196,31,,,,,,
197,31,,,,,,
198,31,,,,,,
199,31,,,,,,
200,31,,,,,,
201,31,,,,,,
202,31,,,,,,
203,31,,,,,,
204,31,,,,,,
205,31,,,,,,
206,31,,,,,,
207,31,,,,,,
208,32,,,,,,
209,32,,,,,,
210,32,,,,,,
211,32,,,,,,
212,32,,,,,,
213,32,,,,,,
214,32,,,,,,
215,32,,,,,,
216,32,,,,,,
217,32,,,,,,
218,32,,,,,,
219,32,,,,,,
220,32,,,,,,
221,32,,,,,,
222,32,,,,,,
223,32,,,,,,
224,32,,,,,,
225,32,,,,,,
226,32,,,,,,
227,32,,,,,,
228,32,,,,,,
229,32,,,,,,
230,32,,,,,,
231,33,,,,,,
232,32,,,,,,
233,33,,,,,,
234,33,,,,,,
235,33,,,,,,
236,33,,,,,,
237,33,,,,,,
238,33,,,,,,
239,33,,,,,,
240,33,,,,,,
241,33,,,,,,
242,33,,,,,,
243,33,,,,,,
244,33,,,,,,
245,33,,,,,,
246,33,,,,,,
247,33,,,,,,
248,33,,,,,,
249,33,,,,,,
250,33,,,,,,
251,33,,,,,,
252,33,,,,,,
253,33,,,,,,
254,33,,,,,,
255,33,,,,,,
256,33,,,,,,
257,33,,,,,,
258,34,,,,,,
259,34,,,,,,
260,34,,,,,,
261,34,,,,,,
262,34,,,,,,
263,34,,,,,,
264,34,,,,,,
265,34,,,,,,
266,34,,,,,,
267,34,,,,,,
268,34,,,,,,
269,34,,,,,,
270,34,,,,,,
271,34,,,,,,
272,34,,,,,,
273,34,,,,,,
274,34,,,,,,
275,34,,,,,,
276,34,,,,,,
277,34,,,,,,
278,34,,,,,,
279,34,,,,,,
280,34,,,,,,
281,34,,,,,,
282,34,,,,,,
283,34,,,,,,
284,34,,,,,,
285,34,,,,,,
286,34,,,,,,
287,34,,,,,,
288,34,,,,,,
289,34,,,,,,
290,34,,,,,,
291,34,,,,,,
292,34,,,,,,
293,34,,,,,,
294,34,,,,,,
295,34,,,,,,
296,35,,,,,,
297,35,,,,,,
298,35,,,,,,
299,35,,,,,,
300,35,,,,,,
301,34,,,,,,
302,35,,,,,,
303,35,,,,,,
304,35,,,,,,
305,35,,,,,,
306,35,,,,,,
307,35,,,,,,
308,35,,,,,,
309,35,,,,,,
310,35,,,,,,
311,35,,,,,,
312,35,,,,,,
313,35,,,,,,
314,35,,,,,,
315,35,,,,,,
316,35,,,,,,
317,35,,,,,,
318,35,,,,,,
319,35,,,,,,
320,35,,,,,,
321,35,,,,,,
322,35,,,,,,
323,35,,,,,,
324,35,,,,,,
325,35,,,,,,
326,35,,,,,,
327,35,,,,,,
328,35,,,,,,
329,35,,,,,,
330,35,,,,,,
331,35,,,,,,
332,35,,,,,,
333,35,,,,,,
334,35,,,,,,
335,35,,,,,,
336,35,,,,,,
337,35,,,,,,
338,35,,,,,,
339,35,,,,,,
340,35,,,,,,
341,35,,,,,,
342,35,,,,,,
343,35,,,,,,
344,35,,,,,,
345,35,,,,,,
346,36,,,,,,
347,36,,,,,,
348,36,,,,,,
349,36,,,,,,
350,36,,,,,,
351,36,,,,,,
352,36,,,,,,
353,36,,,,,,
354,36,,,,,,
355,36,,,,,,
356,36,,,,,,
357,36,,,,,,
358,36,,,,,,
359,36,,,,,,
360,36,,,,,,
361,36,,,,,,
362,36,,,,,,
363,36,,,,,,
364,36,,,,,,
365,36,,,,,,
366,36,,,,,,
367,36,,,,,,
368,36,,,,,,
369,36,,,,,,
370,36,,,,,,
371,36,,,,,,
372,36,,,,,,
373,36,,,,,,
374,36,,,,,,
375,36,,,,,,
376,36,,,,,,
377,36,,,,,,
378,36,,,,,,
379,36,,,,,,
380,36,,,,,,
381,36,,,,,,
382,36,,,,,,
383,36,,,,,,
384,36,,,,,,
385,36,,,,,,
386,36,,,,,,
387,36,,,,,,
388,36,,,,,,
389,36,,,,,,
390,36,,,,,,
391,36,,,,,,
392,36,,,,,,
393,36,,,,,,
394,36,,,,,,
395,36,,,,,,
396,36,,,,,,
397,36,,,,,,
398,36,,,,,,
399,36,,,,,,
400,36,,,,,,
401,36,,,,,,
402,36,,,,,,
403,36,,,,,,
404,37,,,,,,
405,37,,,,,,
406,37,,,,,,
407,37,,,,,,
408,37,,,,,,
409,37,,,,,,
410,36,,,,,,
411,36,,,,,,
412,36,,,,,,
413,36,,,,,,
414,36,,,,,,
415,36,,,,,,
416,36,,,,,,
417,36,,,,,,
418,36,,,,,,
419,36,,,,,,
420,36,,,,,,
421,36,,,,,,
422,36,,,,,,
423,36,,,,,,
424,36,,,,,,
425,36,,,,,,
426,36,,,,,,
427,36,,,,,,
428,36,,,,,,
429,36,,,,,,
430,36,,,,,,
431,36,,,,,,
432,36,,,,,,
433,36,,,,,,
434,36,,,,,,
435,36,,,,,,
436,36,,,,,,
437,36,,,,,,
438,36,,,,,,
439,36,,,,,,
440,36,,,,,,
441,36,,,,,,
442,36,,,,,,
443,36,,,,,,
444,36,,,,,,
445,37,,,,,,
446,37,,,,,,
447,37,,,,,,
448,37,,,,,,
449,37,,,,,,
450,37,,,,,,
451,37,,,,,,
452,37,,,,,,
453,36,,,,,,
454,37,,,,,,
455,37,,,,,,
456,37,,,,,,
457,37,,,,,,
458,37,,,,,,
459,37,,,,,,
460,37,,,,,,
461,37,,,,,,
462,37,,,,,,
463,37,,,,,,
464,37,,,,,,
465,37,,,,,,
466,37,,,,,,
467,37,,,,,,
468,37,,,,,,
469,37,,,,,,
470,37,,,,,,
471,37,,,,,,
472,37,,,,,,
473,37,,,,,,
474,37,,,,,,
475,37,,,,,,
476,37,,,,,,
477,37,,,,,,
478,37,,,,,,
479,37,,,,,,
480,37,,,,,,
481,37,,,,,,
482,36,,,,,,
483,37,,,,,,
484,36,,,,,,
485,36,,,,,,
486,36,,,,,,
487,36,,,,,,
488,36,,,,,,
489,36,,,,,,
490,36,,,,,,
491,36,,,,,,
492,37,,,,,,
493,37,,,,,,
494,37,,,,,,
495,37,,,,,,
496,37,,,,,,
497,37,,,,,,
498,38,,,,,,
499,38,,,,,,
500,38,,,,,,
501,38,,,,,,
502,38,,,,,,
503,39,,,,,,
504,39,,,,,,
505,39,,,,,,
506,39,,,,,,
507,39,,,,,,
508,40,,,,,,
509,40,,,,,,
510,40,,,,,,
511,40,,,,,,
512,40,,,,,,
513,40,,,,,,
514,40,,,,,,
515,40,,,,,,
516,40,,,,,,
517,40,,,,,,
518,41,,,,,,
519,41,,,,,,
520,41,,,,,,
521,40,,,,,,
522,40,,,,,,
523,40,,,,,,
524,40,,,,,,
525,40,,,,,,
526,41,,,,,,
527,41,,,,,,
528,41,,,,,,
529,41,,,,,,
530,40,,,,,,
531,40,,,,,,
532,40,,,,,,
533,40,,,,,,
534,39,,,,,,
535,39,,,,,,
536,39,,,,,,
537,39,,,,,,
538,38,,,,,,
539,38,,,,,,
540,38,,,,,,
541,38,,,,,,
542,38,,,,,,
543,38,,,,,,
544,38,,,,,,
545,38,,,,,,
546,37,,,,,,
547,37,,,,,,
548,37,,,,,,
549,37,,,,,,
550,37,,,,,,
551,37,,,,,,
552,37,,,,,,
553,37,,,,,,
554,37,,,,,,
555,36,,,,,,
556,36,,,,,,
557,36,,,,,,
558,36,,,,,,
559,36,,,,,,
560,36,,,,,,
561,36,,,,,,
562,36,,,,,,
563,36,,,,,,
564,36,,,,,,
565,36,,,,,,
566,36,,,,,,
567,36,,,,,,
568,36,,,,,,
569,36,,,,,,
570,36,,,,,,
571,36,,,,,,
572,36,,,,,,
573,36,,,,,,
574,36,,,,,,
575,36,,,,,,
576,36,,,,,,
577,36,,,,,,
578,35,,,,,,
579,35,,,,,,
580,35,,,,,,
581,35,,,,,,
582,35,,,,,,
583,35,,,,,,
584,35,,,,,,
585,35,,,,,,
586,35,,,,,,
587,35,,,,,,
588,35,,,,,,
589,35,,,,,,
590,35,,,,,,
591,35,,,,,,
592,35,,,,,,
593,35,,,,,,
594,35,,,,,,
595,35,,,,,,
596,35,,,,,,
597,35,,,,,,
598,35,,,,,,
599,35,,,,,,
600,35,,,,,,
601,35,,,,,,
602,35,,,,,,
603,35,,,,,,
604,35,,,,,,
605,35,,,,,,
606,35,,,,,,
607,35,,,,,,
608,35,,,,,,
609,35,,,,,,
610,35,,,,,,
611,34,,,,,,
612,34,,,,,,
613,34,,,,,,
614,34,,,,,,
615,34,,,,,,
616,34,,,,,,
617,34,,,,,,
618,34,,,,,,
619,34,,,,,,
620,34,,,,,,
621,34,,,,,,
622,34,,,,,,
623,34,,,,,,
624,34,,,,,,
625,34,,,,,,
626,34,,,,,,
627,34,,,,,,
628,34,,,,,,
629,34,,,,,,
630,34,,,,,,
631,34,,,,,,
632,34,,,,,,
633,33,,,,,,
634,33,,,,,,
635,33,,,,,,
636,33,,,,,,
637,33,,,,,,
638,33,,,,,,
639,33,,,,,,
640,33,,,,,,
641,33,,,,,,
642,33,,,,,,
643,33,,,,,,
644,33,,,,,,
645,33,,,,,,
646,33,,,,,,
647,33,,,,,,
648,33,,,,,,
649,33,,,,,,
650,33,,,,,,
651,33,,,,,,
652,33,,,,,,
653,33,,,,,,
654,33,,,,,,
655,33,,,,,,
656,33,,,,,,
657,33,,,,,,
658,33,,,,,,
659,32,,,,,,
660,32,,,,,,
661,32,,,,,,
662,32,,,,,,
663,32,,,,,,
664,32,,,,,,
665,32,,,,,,
666,32,,,,,,
667,32,,,,,,
668,32,,,,,,
669,31,,,,,,
670,31,,,,,,
671,31,,,,,,
672,31,,,,,,
673,31,,,,,,
674,31,,,,,,
675,31,,,,,,
676,31,,,,,,
,,,,,,,
周回回数=,52,,,,,,
No,LapTime_sec[秒],Lap_Motort_Wh[Wh],,,,,
1,797,183.6,,,,,
2,511,109.9,,,,,
3,516,120.8,,,,,
4,513,116.1,,,,,
5,630,144.1,,,,,
6,411,103.3,,,,,
7,510,129.7,,,,,
8,507,113.7,,,,,
9,512,91.7,,,,,
10,2529,148.5,,,,,
11,526,124.7,,,,,
12,1004,232.5,,,,,
13,502,105.6,,,,,
14,530,117.2,,,,,
15,536,136.3,,,,,
16,474,101.6,,,,,
17,520,132.5,,,,,
18,518,106.7,,,,,
19,544,115.5,,,,,
20,488,133.5,,,,,
21,500,110.9,,,,,
22,509,113,,,,,
23,513,137.8,,,,,
24,507,133.7,,,,,
25,501,126,,,,,
26,529,139.3,,,,,
27,491,108.3,,,,,
28,498,118.9,,,,,
29,538,163.5,,,,,
30,497,116.3,,,,,
31,510,127.2,,,,,
32,512,127.2,,,,,
33,489,119,,,,,
34,521,119.9,,,,,
35,536,137.8,,,,,
36,1086,260.8,,,,,
37,493,78,,,,,
38,522,123.6,,,,,
39,508,100.9,,,,,
40,523,123.5,,,,,
41,551,134.5,,,,,
42,506,121.2,,,,,
43,2743,116.2,,,,,
44,575,100.2,,,,,
45,517,108.2,,,,,
46,522,112.7,,,,,
47,578,133.7,,,,,
48,464,97.4,,,,,
49,533,97.7,,,,,
50,525,92.7,,,,,
51,532,102.9,,,,,
52,4613,87.3,,,,,
sum,,6457.8,,,,,
