ZP Download Data,,,,,,,
2025/8/27 17:51,,,,,,,
C:\Users\aoit0\OneDrive\デスクトップ\BWSC2025ZPデータ\ZP_Data0827.csv,,,,,,,
データ記録=,5秒間隔,,,,,,
データ数=,8090,,,,,,
No,Solar[A],Battery[A],Main_Volt[V],Solar_Watt[W],Battery_Watt[W],Sub_Volt[V],Speed[kmh]
1,2.8,-2.31,89.8,251.4,-207.4,0,0
2,2.83,-2.33,89.8,254.1,-209.2,0,0
3,2.86,-2.36,89.9,257.1,-212.2,0,0
4,2.87,-2.37,89.9,258,-213.1,0,0
5,2.88,-2.42,90,259.2,-217.8,0,0
6,2.91,-2.41,89.9,261.6,-216.7,0,0
7,2.92,-2.43,90,262.8,-218.7,0,0
8,2.94,-2.45,90,264.6,-220.5,0,0
9,2.97,-2.47,90,267.3,-222.3,0,0
10,2.99,-2.48,90,269.1,-223.2,0,0
11,3,-2.5,90,270,-225,0,0
12,3.02,-2.52,90,271.8,-226.8,0,3
13,3.04,-2.54,89.9,273.3,-228.3,0,0
14,3.05,-2.56,90,274.5,-230.4,0,0
15,3.08,-2.58,90,277.2,-232.2,0,0
16,3.08,-2.58,90,277.2,-232.2,0,0
17,3.1,-2.59,90,279,-233.1,0,0
18,3.12,-2.6,90,280.8,-234,0,0
19,3.15,-2.63,90,283.5,-236.7,0,0
20,3.17,-2.65,90,285.3,-238.5,0,0
21,3.19,-2.66,90,287.1,-239.4,0,0
22,3.2,-2.7,90,288,-243,0,0
23,3.22,-2.7,90,289.8,-243,0,0
24,3.24,-2.73,90,291.6,-245.7,0,0
25,3.26,-2.74,90,293.4,-246.6,0,0
26,3.29,-2.76,90,296.1,-248.4,0,0
27,3.3,-2.78,90,297,-250.2,0,0
28,3.31,-2.79,90,297.9,-251.1,0,0
29,3.34,-2.81,90,300.6,-252.9,0,0
30,3.35,-2.84,90.1,301.8,-255.9,0,0
31,3.37,-2.87,90,303.3,-258.3,0,0
32,3.4,-2.88,90,306,-259.2,0,0
33,3.42,-2.91,90.1,308.1,-262.2,0,0
34,3.44,-2.92,90.1,309.9,-263.1,0,0
35,3.44,-2.93,90.1,309.9,-264,0,0
36,3.47,-2.95,90.1,312.6,-265.8,0,0
37,3.48,-2.96,90.1,313.5,-266.7,0,0
38,3.49,-2.98,90.1,314.4,-268.5,0,0
39,3.5,-2.99,90.1,315.4,-269.4,0,0
40,3.51,-2.99,90.1,316.3,-269.4,0,0
41,3.53,-3.01,90.1,318.1,-271.2,0,0
42,3.54,-3.02,90.1,319,-272.1,0,0
43,3.56,-3.04,90.1,320.8,-273.9,0,0
44,3.58,-3.06,90.1,322.6,-275.7,0,0
45,3.59,-3.07,90.1,323.5,-276.6,0,0
46,3.6,-3.07,90.1,324.4,-276.6,0,0
47,3.61,-3.08,90.1,325.3,-277.5,0,0
48,3.63,-3.1,90.1,327.1,-279.3,0,0
49,3.64,-3.11,90.1,328,-280.2,0,0
50,3.65,-3.12,90.1,328.9,-281.1,0,0
51,3.66,-3.14,90.1,329.8,-282.9,0,0
52,3.68,-3.15,90.1,331.6,-283.8,0,0
53,3.7,-3.17,90.1,333.4,-285.6,0,0
54,3.71,-3.18,90.1,334.3,-286.5,0,0
55,3.73,-3.2,90.1,336.1,-288.3,0,0
56,3.74,-3.21,90.1,337,-289.2,0,0
57,3.77,-3.23,90.1,339.7,-291,0,0
58,3.78,-3.23,90.1,340.6,-291,0,0
59,3.79,-3.25,90.1,341.5,-292.8,0,0
60,3.81,-3.27,90.2,343.7,-295,0,0
61,3.83,-3.3,90.2,345.5,-297.7,0,0
62,3.84,-3.31,90.2,346.4,-298.6,0,0
63,3.86,-3.31,90.2,348.2,-298.6,0,0
64,3.88,-3.33,90.2,350,-300.4,0,0
65,3.9,-3.35,90.2,351.8,-302.2,0,0
66,3.92,-3.37,90.3,354,-304.3,0,0
67,3.93,-3.39,90.2,354.5,-305.8,0,0
68,3.95,-3.4,90.3,356.7,-307,0,0
69,3.96,-3.4,90.3,357.6,-307,0,0
70,3.97,-3.42,90.3,358.5,-308.8,0,0
71,4,-3.44,90.3,361.2,-310.6,0,0
72,4.01,-3.45,90.3,362.1,-311.5,0,0
73,4.02,-3.47,90.3,363,-313.3,0,0
74,4.03,-3.48,90.3,363.9,-314.2,0,0
75,4.06,-3.49,90.3,366.6,-315.1,0,0
76,4.07,-3.52,90.3,367.5,-317.9,0,0
77,4.09,-3.52,90.3,369.3,-317.9,0,0
78,4.06,-3.5,90.3,366.6,-316.1,0,0
79,4.12,-3.56,90.3,372,-321.5,0,0
80,4.11,-3.55,90.3,371.1,-320.6,0,0
81,4.11,-3.55,90.3,371.1,-320.6,0,0
82,4.13,-3.57,90.3,372.9,-322.4,0,0
83,4.12,-3.55,90.3,372,-320.6,0,0
84,4.14,-3.57,90.3,373.8,-322.4,0,0
85,4.16,-3.59,90.3,375.6,-324.2,0,0
86,4.19,-3.62,90.3,378.4,-326.9,0,0
87,4.2,-3.63,90.3,379.3,-327.8,0,0
88,4.21,-3.65,90.3,380.2,-329.6,0,0
89,4.23,-3.66,90.3,382,-330.5,0,0
90,4.27,-3.7,90.3,385.6,-334.1,0,0
91,4.29,-3.71,90.3,387.4,-335,0,0
92,4.3,-3.72,90.3,388.3,-335.9,0,0
93,4.31,-3.74,90.4,389.6,-338.1,0,0
94,4.33,-3.76,90.3,391,-339.5,0,0
95,4.34,-3.77,90.3,391.9,-340.4,0,0
96,4.37,-3.79,90.3,394.6,-342.2,0,0
97,4.39,-3.8,90.4,396.9,-343.5,0,0
98,4.4,-3.82,90.3,397.3,-344.9,0,0
99,4.42,-3.83,90.4,399.6,-346.2,0,0
100,4.44,-3.85,90.4,401.4,-348,0,0
101,4.44,-3.86,90.4,401.4,-348.9,0,0
102,4.45,-3.87,90.4,402.3,-349.8,0,0
103,4.47,-3.89,90.4,404.1,-351.7,0,0
104,4.48,-3.89,90.4,405,-351.7,0,0
105,4.5,-3.91,90.4,406.8,-353.5,0,0
106,4.5,-3.92,90.4,406.8,-354.4,0,0
107,4.5,-3.92,90.4,406.8,-354.4,0,0
108,4.48,-3.88,90.4,405,-350.8,0,0
109,4.52,-3.93,90.4,408.6,-355.3,0,0
110,4.53,-3.95,90.4,409.5,-357.1,0,0
111,4.54,-3.95,90.4,410.4,-357.1,0,0
112,4.56,-3.96,90.4,412.2,-358,0,0
113,4.57,-3.97,90.4,413.1,-358.9,0,0
114,4.59,-3.99,90.4,414.9,-360.7,0,0
115,4.59,-4,90.4,414.9,-361.6,0,0
116,4.61,-4.01,90.4,416.7,-362.5,0,0
117,4.63,-4.03,90.4,418.6,-364.3,0,0
118,4.65,-4.05,90.4,420.4,-366.1,0,0
119,4.67,-4.07,90.4,422.2,-367.9,0,0
120,4.67,-4.07,90.4,422.2,-367.9,0,0
121,4.69,-4.08,90.5,424.4,-369.2,0,0
122,4.69,-4.08,90.4,424,-368.8,0,0
123,4.69,-4.09,90.4,424,-369.7,0,0
124,4.73,-4.13,90.5,428.1,-373.8,0,0
125,4.74,-4.14,90.5,429,-374.7,0,0
126,4.77,-4.16,90.5,431.7,-376.5,0,0
127,4.78,-4.17,90.5,432.6,-377.4,0,0
128,4.79,-4.18,90.5,433.5,-378.3,0,0
129,4.82,-4.2,90.5,436.2,-380.1,0,0
130,4.82,-4.21,90.6,436.7,-381.4,0,0
131,4.83,-4.22,90.6,437.6,-382.3,0,0
132,4.84,-4.22,90.6,438.5,-382.3,0,0
133,4.86,-4.24,90.6,440.3,-384.1,0,0
134,4.87,-4.26,90.6,441.2,-386,0,0
135,4.89,-4.27,90.6,443,-386.9,0,0
136,4.89,-4.27,90.5,442.5,-386.4,0,0
137,4.91,-4.28,90.6,444.8,-387.8,0,0
138,4.93,-4.31,90.6,446.7,-390.5,0,0
139,4.94,-4.32,90.6,447.6,-391.4,0,0
140,4.95,-4.34,90.5,448,-392.8,0,0
141,4.97,-4.34,90.6,450.3,-393.2,0,0
142,4.99,-4.36,90.6,452.1,-395,0,0
143,5,-4.37,90.6,453,-395.9,0,0
144,5.01,-4.38,90.6,453.9,-396.8,0,0
145,5.02,-4.39,90.6,454.8,-397.7,0,0
146,5.02,-4.4,90.6,454.8,-398.6,0,0
147,5.05,-4.41,90.6,457.5,-399.5,0,0
148,5.05,-4.41,90.6,457.5,-399.5,0,0
149,5.06,-4.43,90.6,458.4,-401.4,0,0
150,5.09,-4.45,90.6,461.2,-403.2,0,0
151,5.11,-4.48,90.6,463,-405.9,0,0
152,5.12,-4.49,90.6,463.9,-406.8,0,0
153,5.14,-4.5,90.6,465.7,-407.7,0,0
154,5.14,-4.51,90.6,465.7,-408.6,0,0
155,5.15,-4.51,90.6,466.6,-408.6,0,0
156,5.16,-4.53,90.6,467.5,-410.4,0,0
157,5.18,-4.55,90.6,469.3,-412.2,0,0
158,5.19,-4.55,90.7,470.7,-412.7,0,0
159,5.18,-4.54,90.6,469.3,-411.3,0,0
160,5.2,-4.56,90.6,471.1,-413.1,0,0
161,5.21,-4.57,90.6,472,-414,0,0
162,5.21,-4.57,90.7,472.5,-414.5,0,0
163,5.24,-4.59,90.6,474.7,-415.9,0,0
164,5.24,-4.58,90.6,474.7,-414.9,0,0
165,5.24,-4.59,90.7,475.3,-416.3,0,0
166,5.25,-4.61,90.7,476.2,-418.1,0,0
167,5.26,-4.62,90.7,477.1,-419,0,0
168,5.24,-4.6,90.7,475.3,-417.2,0,0
169,5.25,-4.62,90.7,476.2,-419,0,0
170,5.22,-4.58,90.7,473.5,-415.4,0,0
171,5.26,-4.63,90.7,477.1,-419.9,0,0
172,5.26,-4.62,90.7,477.1,-419,0,0
173,5.25,-4.61,90.7,476.2,-418.1,0,0
174,5.28,-4.64,90.7,478.9,-420.8,0,0
175,5.3,-4.66,90.7,480.7,-422.7,0,0
176,5.31,-4.66,90.7,481.6,-422.7,0,0
177,5.27,-4.63,90.7,478,-419.9,0,0
178,5.32,-4.67,90.7,482.5,-423.6,0,0
179,5.31,-4.66,90.7,481.6,-422.7,0,0
180,5.27,-4.63,90.7,478,-419.9,0,0
181,5.41,-4.75,90.7,490.7,-430.8,0,0
182,5.44,-4.79,90.7,493.4,-434.5,0,0
183,5.48,-4.82,90.7,497,-437.2,0,0
184,5.49,-4.84,90.7,497.9,-439,0,0
185,5.5,-4.84,90.7,498.9,-439,0,0
186,5.52,-4.85,90.8,501.2,-440.4,0,0
187,5.53,-4.86,90.7,501.6,-440.8,0,0
188,5.55,-4.88,90.8,503.9,-443.1,0,0
189,5.56,-4.89,90.8,504.8,-444,0,0
190,5.56,-4.89,90.8,504.8,-444,0,0
191,5.58,-4.91,90.8,506.7,-445.8,0,0
192,5.59,-4.91,90.9,508.1,-446.3,0,0
193,5.61,-4.94,90.8,509.4,-448.6,0,0
194,5.62,-4.95,90.9,510.9,-450,0,0
195,5.62,-4.95,90.9,510.9,-450,0,0
196,5.54,-4.87,90.9,503.6,-442.7,0,0
197,5.64,-4.97,90.9,512.7,-451.8,0,0
198,5.49,-4.83,90.8,498.5,-438.6,0,0
199,5.49,-4.83,90.8,498.5,-438.6,0,0
200,5.53,-4.87,90.9,502.7,-442.7,0,0
201,5.54,-4.88,90.9,503.6,-443.6,0,0
202,5.56,-4.89,90.9,505.4,-444.5,0,0
203,5.68,-5.01,90.9,516.3,-455.4,0,0
204,5.68,-5.01,90.9,516.3,-455.4,0,0
205,5.69,-5.01,90.9,517.2,-455.4,0,0
206,5.71,-5.03,90.9,519,-457.2,0,0
207,5.72,-5.03,90.9,519.9,-457.2,0,0
208,5.72,-5.04,90.9,519.9,-458.1,0,0
209,5.74,-5.06,90.9,521.8,-460,0,0
210,5.75,-5.07,90.9,522.7,-460.9,0,0
211,5.76,-5.08,90.9,523.6,-461.8,0,0
212,5.78,-5.1,90.9,525.4,-463.6,0,0
213,5.78,-5.11,90.9,525.4,-464.5,0,0
214,5.8,-5.12,90.9,527.2,-465.4,0,0
215,5.8,-5.12,90.9,527.2,-465.4,0,0
216,5.84,-5.15,90.9,530.9,-468.1,0,0
217,5.86,-5.16,90.9,532.7,-469,0,0
218,5.86,-5.17,90.9,532.7,-470,0,0
219,5.88,-5.19,90.9,534.5,-471.8,0,0
220,5.89,-5.2,90.9,535.4,-472.7,0,0
221,5.91,-5.21,90.9,537.2,-473.6,0,0
222,5.92,-5.23,90.9,538.1,-475.4,0,0
223,5.93,-5.24,90.9,539,-476.3,0,0
224,5.93,-5.24,90.9,539,-476.3,0,0
225,5.95,-5.26,90.9,540.9,-478.1,0,0
226,5.96,-5.27,90.9,541.8,-479,0,0
227,5.95,-5.27,90.9,540.9,-479,0,0
228,5.96,-5.27,90.9,541.8,-479,0,0
229,5.97,-5.28,90.9,542.7,-480,0,0
230,5.98,-5.28,90.9,543.6,-480,0,0
231,6,-5.31,90.9,545.4,-482.7,0,0
232,6.01,-5.3,90.9,546.3,-481.8,0,0
233,6.01,-5.31,91,546.9,-483.2,0,0
234,6.01,-5.32,90.9,546.3,-483.6,0,0
235,6.02,-5.33,91,547.8,-485,0,0
236,6.03,-5.33,91,548.7,-485,0,0
237,6.05,-5.34,91,550.6,-485.9,0,0
238,6.06,-5.35,91,551.5,-486.9,0,0
239,6.08,-5.38,91,553.3,-489.6,0,0
240,6.08,-5.39,91,553.3,-490.5,0,0
241,6.1,-5.4,91,555.1,-491.4,0,0
242,6.1,-5.4,90.9,554.5,-490.9,0,0
243,6.11,-5.41,91,556,-492.3,0,0
244,6.11,-5.42,91,556,-493.2,0,0
245,6.13,-5.43,91,557.8,-494.1,0,0
246,6.12,-5.42,91,556.9,-493.2,0,0
247,6.14,-5.43,91,558.7,-494.1,0,0
248,6.15,-5.44,91,559.7,-495,0,0
249,6.15,-5.45,91,559.7,-496,0,0
250,6.17,-5.46,91,561.5,-496.9,0,0
251,6.19,-5.47,91,563.3,-497.8,0,0
252,6.2,-5.49,91,564.2,-499.6,0,0
253,6.2,-5.49,91,564.2,-499.6,0,0
254,6.2,-5.49,91,564.2,-499.6,0,0
255,6.22,-5.51,91,566,-501.4,0,0
256,6.22,-5.52,91,566,-502.3,0,0
257,6.23,-5.51,91,566.9,-501.4,0,0
258,6.24,-5.53,91,567.8,-503.2,0,0
259,6.25,-5.55,91,568.8,-505.1,0,0
260,6.28,-5.56,91,571.5,-506,0,0
261,6.27,-5.55,91,570.6,-505.1,0,0
262,6.27,-5.56,91,570.6,-506,0,0
263,6.29,-5.56,91.1,573,-506.5,0,0
264,6.29,-5.57,91.1,573,-507.4,0,0
265,6.3,-5.59,91.1,573.9,-509.2,0,0
266,6.32,-5.6,91.1,575.8,-510.2,0,0
267,6.32,-5.6,91.1,575.8,-510.2,0,0
268,6.34,-5.62,91.2,578.2,-512.5,0,0
269,6.35,-5.62,91.1,578.5,-512,0,0
270,6.36,-5.63,91.1,579.4,-512.9,0,0
271,6.36,-5.64,91.1,579.4,-513.8,0,0
272,6.39,-5.66,91.1,582.1,-515.6,0,0
273,6.41,-5.69,91.2,584.6,-518.9,0,0
274,6.4,-5.68,91.2,583.7,-518,0,0
275,6.4,-5.69,91.2,583.7,-518.9,0,0
276,6.42,-5.69,91.2,585.5,-518.9,0,0
277,6.41,-5.69,91.2,584.6,-518.9,0,0
278,6.43,-5.69,91.2,586.4,-518.9,0,0
279,6.44,-5.72,91.2,587.3,-521.7,0,0
280,6.43,-5.7,91.2,586.4,-519.8,0,0
281,6.44,-5.71,91.2,587.3,-520.8,0,0
282,6.47,-5.73,91.2,590.1,-522.6,0,0
283,6.49,-5.75,91.2,591.9,-524.4,0,0
284,6.49,-5.77,91.2,591.9,-526.2,0,0
285,6.51,-5.78,91.2,593.7,-527.1,0,0
286,6.52,-5.78,91.2,594.6,-527.1,0,0
287,6.52,-5.78,91.2,594.6,-527.1,0,0
288,6.52,-5.78,91.2,594.6,-527.1,0,0
289,6.52,-5.78,91.2,594.6,-527.1,0,0
290,6.53,-5.79,91.2,595.5,-528,0,0
291,6.54,-5.8,91.2,596.4,-529,0,0
292,6.55,-5.82,91.2,597.4,-530.8,0,0
293,6.56,-5.82,91.2,598.3,-530.8,0,0
294,6.58,-5.84,91.2,600.1,-532.6,0,0
295,6.58,-5.85,91.2,600.1,-533.5,0,0
296,6.59,-5.85,91.2,601,-533.5,0,0
297,6.6,-5.86,91.2,601.9,-534.4,0,0
298,6.61,-5.87,91.2,602.8,-535.3,0,0
299,6.62,-5.88,91.2,603.7,-536.3,0,0
300,6.63,-5.89,91.2,604.7,-537.2,0,0
301,6.63,-5.89,91.2,604.7,-537.2,0,0
302,6.64,-5.9,91.3,606.2,-538.7,0,0
303,6.66,-5.91,91.3,608.1,-539.6,0,0
304,6.66,-5.92,91.3,608.1,-540.5,0,0
305,6.66,-5.91,91.2,607.4,-539,0,0
306,6.82,-6.06,91.3,622.7,-553.3,0,0
307,7,-6.22,91.3,639.1,-567.9,0,0
308,7.01,-6.23,91.3,640,-568.8,0,0
309,7.01,-6.23,91.3,640,-568.8,0,0
310,7.02,-6.23,91.3,640.9,-568.8,0,0
311,7.02,-6.24,91.3,640.9,-569.7,0,0
312,7.03,-6.25,91.3,641.8,-570.6,0,0
313,7.05,-6.29,91.3,643.7,-574.3,0,0
314,7.05,-6.29,91.3,643.7,-574.3,0,0
315,7.06,-6.29,91.3,644.6,-574.3,0,0
316,7.09,-6.31,91.3,647.3,-576.1,0,0
317,7.08,-6.31,91.3,646.4,-576.1,0,0
318,7.09,-6.32,91.3,647.3,-577,0,0
319,7.12,-6.34,91.3,650.1,-578.8,0,0
320,7.11,-6.33,91.3,649.1,-577.9,0,0
321,7.12,-6.35,91.4,650.8,-580.4,0,0
322,7.12,-6.34,91.4,650.8,-579.5,0,0
323,7.14,-6.37,91.4,652.6,-582.2,0,0
324,7.15,-6.37,91.5,654.2,-582.9,0,0
325,7.13,-6.35,91.4,651.7,-580.4,0,0
326,7.13,-6.35,91.5,652.4,-581,0,0
327,7.14,-6.36,91.5,653.3,-581.9,0,0
328,7.16,-6.38,91.4,654.4,-583.1,0,0
329,7.15,-6.37,91.5,654.2,-582.9,0,0
330,7.16,-6.38,91.4,654.4,-583.1,0,0
331,7.19,-6.41,91.5,657.9,-586.5,0,0
332,7.19,-6.41,91.5,657.9,-586.5,0,0
333,7.21,-6.43,91.4,659,-587.7,0,0
334,7.21,-6.43,91.5,659.7,-588.3,0,0
335,7.22,-6.44,91.5,660.6,-589.3,0,0
336,7.24,-6.45,91.5,662.5,-590.2,0,0
337,7.23,-6.46,91.5,661.5,-591.1,0,0
338,7.24,-6.46,91.5,662.5,-591.1,0,0
339,7.23,-6.45,91.5,661.5,-590.2,0,0
340,7.28,-6.49,91.5,666.1,-593.8,0,0
341,7.29,-6.49,91.5,667,-593.8,0,0
342,7.3,-6.5,91.5,668,-594.8,0,0
343,7.3,-6.51,91.5,668,-595.7,0,0
344,7.31,-6.51,91.5,668.9,-595.7,0,0
345,7.31,-6.52,91.5,668.9,-596.6,0,0
346,7.31,-6.52,91.5,668.9,-596.6,0,0
347,7.31,-6.52,91.5,668.9,-596.6,0,0
348,7.32,-6.52,91.5,669.8,-596.6,0,0
349,7.32,-6.52,91.5,669.8,-596.6,0,0
350,7.32,-6.52,91.5,669.8,-596.6,0,0
351,7.35,-6.55,91.5,672.5,-599.3,0,0
352,7.33,-6.54,91.5,670.7,-598.4,0,0
353,7.36,-6.56,91.5,673.4,-600.2,0,0
354,7.37,-6.57,91.5,674.4,-601.2,0,0
355,7.38,-6.59,91.5,675.3,-603,0,0
356,7.37,-6.58,91.5,674.4,-602.1,0,0
357,7.39,-6.6,91.5,676.2,-603.9,0,0
358,7.41,-6.62,91.6,678.8,-606.4,0,0
359,7.4,-6.61,91.5,677.1,-604.8,0,0
360,7.43,-6.63,91.6,680.6,-607.3,0,0
361,7.41,-6.61,91.6,678.8,-605.5,0,0
362,7.44,-6.63,91.6,681.5,-607.3,0,0
363,7.45,-6.65,91.6,682.4,-609.1,0,0
364,7.45,-6.65,91.6,682.4,-609.1,0,0
365,7.46,-6.65,91.6,683.3,-609.1,0,0
366,7.46,-6.65,91.6,683.3,-609.1,0,0
367,7.48,-6.67,91.6,685.2,-611,0,0
368,7.49,-6.68,91.6,686.1,-611.9,0,0
369,7.51,-6.71,91.6,687.9,-614.6,0,0
370,7.52,-6.72,91.6,688.8,-615.6,0,0
371,7.51,-6.72,91.6,687.9,-615.6,0,0
372,7.52,-6.72,91.6,688.8,-615.6,0,0
373,7.54,-6.73,91.6,690.7,-616.5,0,0
374,7.55,-6.75,91.6,691.6,-618.3,0,0
375,7.56,-6.75,91.6,692.5,-618.3,0,0
376,7.56,-6.75,91.6,692.5,-618.3,0,0
377,7.59,-6.78,91.6,695.2,-621,0,0
378,7.58,-6.77,91.6,694.3,-620.1,0,0
379,7.59,-6.78,91.7,696,-621.7,0,0
380,7.62,-6.8,91.7,698.8,-623.6,0,0
381,7.6,-6.79,91.7,696.9,-622.6,0,0
382,7.6,-6.79,91.6,696.2,-622,0,0
383,7.6,-6.79,91.6,696.2,-622,0,0
384,7.62,-6.81,91.7,698.8,-624.5,0,0
385,7.63,-6.81,91.7,699.7,-624.5,0,0
386,7.63,-6.81,91.7,699.7,-624.5,0,0
387,7.64,-6.82,91.7,700.6,-625.4,0,0
388,7.65,-6.83,91.7,701.5,-626.3,0,0
389,7.63,-6.81,91.7,699.7,-624.5,0,0
390,7.63,-6.81,91.7,699.7,-624.5,0,0
391,7.65,-6.84,91.8,702.3,-627.9,0,0
392,7.66,-6.85,91.8,703.2,-628.8,0,0
393,7.67,-6.86,91.8,704.1,-629.7,0,0
394,7.69,-6.87,91.8,705.9,-630.7,0,0
395,7.68,-6.86,91.8,705,-629.7,0,0
396,7.67,-6.85,91.8,704.1,-628.8,0,0
397,7.71,-6.9,91.8,707.8,-633.4,0,0
398,7.7,-6.89,91.8,706.9,-632.5,0,0
399,7.73,-6.91,91.8,709.6,-634.3,0,0
400,7.74,-6.92,91.8,710.5,-635.3,0,0
401,7.73,-6.92,91.8,709.6,-635.3,0,0
402,7.77,-6.95,91.8,713.3,-638,0,0
403,7.75,-6.93,91.8,711.5,-636.2,0,0
404,7.73,-6.91,91.8,709.6,-634.3,0,0
405,7.75,-6.93,91.8,711.5,-636.2,0,0
406,7.75,-6.93,91.8,711.5,-636.2,0,0
407,7.75,-6.93,91.8,711.5,-636.2,0,0
408,7.75,-6.93,91.8,711.5,-636.2,0,0
409,7.76,-6.94,91.8,712.4,-637.1,0,0
410,7.78,-6.96,91.8,714.2,-638.9,0,0
411,7.77,-6.95,91.8,713.3,-638,0,0
412,7.79,-6.96,91.8,715.1,-638.9,0,0
413,7.8,-6.97,91.8,716,-639.8,0,0
414,7.79,-6.97,91.9,715.9,-640.5,0,0
415,7.79,-6.96,91.8,715.1,-638.9,0,0
416,7.79,-6.97,91.8,715.1,-639.8,0,0
417,7.81,-6.98,91.8,717,-640.8,0,0
418,7.82,-6.98,91.9,718.7,-641.5,0,0
419,7.8,-6.97,91.8,716,-639.8,0,0
420,7.84,-7,91.9,720.5,-643.3,0,0
421,7.55,-6.73,91.8,693.1,-617.8,0,0
422,7.87,-7.04,91.9,723.3,-647,0,0
423,7.93,-7.1,91.9,728.8,-652.5,0,0
424,7.93,-7.1,91.8,728,-651.8,0,0
425,7.95,-7.11,91.9,730.6,-653.4,0,0
426,7.97,-7.13,91.9,732.4,-655.2,0,0
427,7.95,-7.11,91.9,730.6,-653.4,0,0
428,7.96,-7.12,91.9,731.5,-654.3,0,0
429,7.95,-7.11,91.9,730.6,-653.4,0,0
430,7.97,-7.14,91.9,732.4,-656.2,0,0
431,7.99,-7.15,91.9,734.3,-657.1,0,0
432,8.01,-7.17,91.9,736.1,-658.9,0,0
433,8,-7.16,91.9,735.2,-658,0,0
434,8,-7.16,92,736,-658.7,0,0
435,8,-7.16,92,736,-658.7,0,0
436,8.02,-7.18,92,737.8,-660.6,0,0
437,8.04,-7.2,92,739.7,-662.4,0,0
438,8.06,-7.21,92,741.5,-663.3,0,0
439,8.08,-7.23,92,743.4,-665.2,0,0
440,8.08,-7.23,92,743.4,-665.2,0,0
441,8.1,-7.25,92,745.2,-667,0,0
442,8.1,-7.25,92.1,746,-667.7,0,0
443,8.09,-7.25,92.1,745.1,-667.7,0,0
444,8.1,-7.25,92.1,746,-667.7,0,0
445,8.09,-7.24,92,744.3,-666.1,0,0
446,8.1,-7.24,92.1,746,-666.8,0,0
447,8.1,-7.25,92.1,746,-667.7,0,0
448,8.13,-7.28,92.1,748.8,-670.5,0,0
449,8.13,-7.28,92.1,748.8,-670.5,0,0
450,8.13,-7.28,92.1,748.8,-670.5,0,0
451,8.13,-7.27,92.1,748.8,-669.6,0,0
452,8.15,-7.3,92.1,750.6,-672.3,0,0
453,8.18,-7.33,92.1,753.4,-675.1,0,0
454,8.17,-7.32,92.1,752.5,-674.2,0,0
455,8.15,-7.29,92.1,750.6,-671.4,0,0
456,8.14,-7.3,92.1,749.7,-672.3,0,0
457,8.18,-7.32,92.1,753.4,-674.2,0,0
458,8.19,-7.33,92.1,754.3,-675.1,0,0
459,8.22,-7.36,92.1,757.1,-677.9,0,0
460,8.19,-7.34,92.1,754.3,-676,0,0
461,8.16,-7.31,92.1,751.5,-673.3,0,0
462,8.15,-7.3,92.1,750.6,-672.3,0,0
463,8.19,-7.34,92.1,754.3,-676,0,0
464,8.19,-7.35,92.1,754.3,-676.9,0,0
465,8.19,-7.34,92.1,754.3,-676,0,0
466,8.21,-7.35,92.1,756.1,-676.9,0,0
467,8.22,-7.36,92.1,757.1,-677.9,0,0
468,8.23,-7.38,92.1,758,-679.7,0,0
469,8.2,-7.35,92.1,755.2,-676.9,0,0
470,8.23,-7.36,92.1,758,-677.9,0,0
471,8.25,-7.39,92.1,759.8,-680.6,0,0
472,8.24,-7.38,92.1,758.9,-679.7,0,0
473,8.27,-7.41,92.1,761.7,-682.5,0,0
474,8.27,-7.41,92.1,761.7,-682.5,0,0
475,8.28,-7.41,92.2,763.4,-683.2,0,0
476,8.28,-7.42,92.2,763.4,-684.1,0,0
477,8.28,-7.42,92.2,763.4,-684.1,0,0
478,8.24,-7.38,92.2,759.7,-680.4,0,0
479,8.28,-7.42,92.2,763.4,-684.1,0,0
480,8.3,-7.43,92.2,765.3,-685,0,0
481,8.3,-7.43,92.2,765.3,-685,0,0
482,8.34,-7.48,92.2,768.9,-689.7,0,0
483,8.35,-7.48,92.2,769.9,-689.7,0,0
484,8.3,-7.43,92.2,765.3,-685,0,0
485,8.27,-7.41,92.1,761.7,-682.5,0,0
486,8.27,-7.41,92.2,762.5,-683.2,0,0
487,8.31,-7.44,92.2,766.2,-686,0,0
488,8.33,-7.47,92.2,768,-688.7,0,0
489,8.35,-7.49,92.2,769.9,-690.6,0,0
490,8.36,-7.5,92.2,770.8,-691.5,0,0
491,8.36,-7.49,92.2,770.8,-690.6,0,0
492,8.36,-7.49,92.2,770.8,-690.6,0,0
493,8.35,-7.49,92.2,769.9,-690.6,0,0
494,8.35,-7.48,92.2,769.9,-689.7,0,0
495,8.33,-7.46,92.2,768,-687.8,0,0
496,8.34,-7.48,92.2,768.9,-689.7,0,0
497,8.33,-7.46,92.2,768,-687.8,0,0
498,8.36,-7.5,92.2,770.8,-691.5,0,0
499,8.38,-7.51,92.2,772.6,-692.4,0,0
500,8.37,-7.51,92.2,771.7,-692.4,0,0
501,8.4,-7.52,92.3,775.3,-694.1,0,0
502,8.38,-7.51,92.3,773.5,-693.2,0,0
503,8.39,-7.52,92.3,774.4,-694.1,0,0
504,8.4,-7.53,92.3,775.3,-695,0,0
505,8.42,-7.55,92.4,778,-697.6,0,0
506,8.44,-7.56,92.4,779.9,-698.5,0,0
507,8.44,-7.57,92.3,779,-698.7,0,0
508,8.44,-7.57,92.4,779.9,-699.5,0,0
509,8.47,-7.59,92.4,782.6,-701.3,0,0
510,8.46,-7.59,92.4,781.7,-701.3,0,0
511,8.47,-7.6,92.4,782.6,-702.2,0,0
512,8.47,-7.6,92.4,782.6,-702.2,0,0
513,8.48,-7.61,92.4,783.6,-703.2,0,0
514,8.51,-7.64,92.4,786.3,-705.9,0,0
515,8.5,-7.63,92.4,785.4,-705,0,0
516,8.47,-7.6,92.4,782.6,-702.2,0,0
517,8.51,-7.64,92.4,786.3,-705.9,0,0
518,8.5,-7.63,92.4,785.4,-705,0,0
519,8.49,-7.62,92.4,784.5,-704.1,0,0
520,8.33,-7.47,92.4,769.7,-690.2,0,0
521,8.48,-7.61,92.4,783.6,-703.2,0,0
522,8.48,-7.6,92.4,783.6,-702.2,0,0
523,8.46,-7.59,92.4,781.7,-701.3,0,0
524,8.5,-7.63,92.4,785.4,-705,0,0
525,8.5,-7.63,92.4,785.4,-705,0,0
526,8.58,-7.69,92.4,792.8,-710.6,0,0
527,8.48,-7.61,92.4,783.6,-703.2,0,0
528,8.48,-7.62,92.4,783.6,-704.1,0,0
529,8.45,-7.58,92.4,780.8,-700.4,0,0
530,8.45,-7.58,92.4,780.8,-700.4,0,0
531,8.47,-7.6,92.4,782.6,-702.2,0,0
532,8.47,-7.59,92.4,782.6,-701.3,0,0
533,8.49,-7.62,92.4,784.5,-704.1,0,0
534,8.49,-7.62,92.5,785.3,-704.9,0,0
535,8.5,-7.63,92.4,785.4,-705,0,0
536,8.5,-7.63,92.5,786.3,-705.8,0,0
537,8.52,-7.64,92.5,788.1,-706.7,0,0
538,8.51,-7.63,92.5,787.2,-705.8,0,0
539,8.51,-7.63,92.5,787.2,-705.8,0,0
540,8.53,-7.65,92.5,789,-707.6,0,0
541,8.51,-7.64,92.5,787.2,-706.7,0,0
542,8.52,-7.64,92.5,788.1,-706.7,0,0
543,8.5,-7.63,92.5,786.3,-705.8,0,0
544,8.52,-7.65,92.5,788.1,-707.6,0,0
545,8.53,-7.54,92.5,789,-697.5,0,0
546,8.54,-7.64,92.5,790,-706.7,0,0
547,8.51,-7.63,92.5,787.2,-705.8,0,0
548,8.5,-7.62,92.5,786.3,-704.9,0,0
549,8.39,-7.52,92.5,776.1,-695.6,0,0
550,8.39,-7.52,92.5,776.1,-695.6,0,0
551,8.37,-7.5,92.5,774.2,-693.8,0,0
552,8.35,-7.2,92.5,772.4,-666,0,0
553,8.38,-7.52,92.5,775.2,-695.6,0,0
554,8.29,-7.42,92.5,766.8,-686.4,0,0
555,8.25,-7.39,92.5,763.1,-683.6,0,0
556,8.22,-7.36,92.5,760.4,-680.8,0,0
557,8.18,-7.34,92.5,756.7,-679,0,0
558,8.03,-7.19,92.5,742.8,-665.1,0,0
559,4.73,-4.12,92,435.2,-379,0,0
560,2.62,-2.17,91.6,240,-198.8,0,0
561,1.95,-1.56,91.5,178.4,-142.7,0,0
562,0.99,-0.68,91.3,90.4,-62.1,0,0
563,0.82,-0.53,91.3,74.9,-48.4,0,0
564,0.95,-0.65,91.3,86.7,-59.3,0,0
565,0.97,-0.66,91.3,88.6,-60.3,0,0
566,1,-0.69,91.3,91.3,-63,0,0
567,1.01,-0.7,91.2,92.1,-63.8,0,0
568,1.01,-0.7,91.2,92.1,-63.8,0,0
569,1.03,-0.72,91.3,94,-65.7,0,0
570,1.07,-0.75,91.2,97.6,-68.4,0,0
571,1.11,-0.79,91.2,101.2,-72,0,0
572,1.1,-0.79,91.2,100.3,-72,0,0
573,1.14,-0.82,91.2,104,-74.8,0,0
574,1.06,-0.75,91.2,96.7,-68.4,0,0
575,1.05,-0.74,91.2,95.8,-67.5,0,0
576,1.04,-0.73,91.2,94.8,-66.6,0,0
577,1.05,-0.74,91.2,95.8,-67.5,0,0
578,1.01,-0.69,91.2,92.1,-62.9,0,0
579,1.01,-0.7,91.2,92.1,-63.8,0,0
580,1.01,-0.7,91.2,92.1,-63.8,0,0
581,1.07,-0.75,91.2,97.6,-68.4,0,0
582,1.05,-0.74,91.2,95.8,-67.5,0,0
583,1.11,-0.79,91.2,101.2,-72,0,0
584,1.16,-0.84,91.2,105.8,-76.6,0,0
585,1.13,-0.81,91.2,103.1,-73.9,0,0
586,1.24,-0.91,91.2,113.1,-83,0,0
587,1.19,-0.86,91.2,108.5,-78.4,0,0
588,1.11,-0.78,91.2,101.2,-71.1,0,0
589,1.11,-0.79,91.2,101.2,-72,0,0
590,1.12,-0.8,91.2,102.1,-73,0,0
591,1.15,-0.82,91.2,104.9,-74.8,0,0
592,1.1,-0.78,91.2,100.3,-71.1,0,0
593,1.03,-0.72,91.2,93.9,-65.7,0,0
594,1.22,-0.89,91.2,111.3,-81.2,0,0
595,1.22,-0.88,91.2,111.3,-80.3,0,0
596,1.23,-0.89,91.2,112.2,-81.2,0,0
597,1.21,-0.88,91.2,110.4,-80.3,0,0
598,1.24,-0.91,91.2,113.1,-83,0,0
599,1.26,-0.94,91.2,114.9,-85.7,0,0
600,1.26,-0.92,91.2,114.9,-83.9,0,0
601,1.22,-0.89,91.2,111.3,-81.2,0,0
602,1.26,-0.92,91.2,114.9,-83.9,0,0
603,1.22,-0.88,91.1,111.1,-80.2,0,0
604,1.39,-1.05,91.2,126.8,-95.8,0,0
605,1.27,-0.94,91.2,115.8,-85.7,0,0
606,1.26,-0.93,91.2,114.9,-84.8,0,0
607,1.24,-0.92,91.2,113.1,-83.9,0,0
608,1.26,-0.93,91.2,114.9,-84.8,0,0
609,1.25,-0.92,91.2,114,-83.9,0,0
610,1.26,-0.93,91.2,114.9,-84.8,0,0
611,1.27,-0.94,91.2,115.8,-85.7,0,0
612,1.27,-0.93,91.2,115.8,-84.8,0,0
613,1.27,-0.94,91.2,115.8,-85.7,0,0
614,1.28,-0.94,91.2,116.7,-85.7,0,0
615,1.26,-0.41,91.2,114.9,-37.4,0,0
616,1.23,-0.42,91.1,112.1,-38.3,0,0
617,1.28,-0.95,91.2,116.7,-86.6,0,0
618,1.27,-0.94,91.2,115.8,-85.7,0,0
619,1.29,-0.95,91.2,117.6,-86.6,0,0
620,1.27,-0.63,91.1,115.7,-57.4,0,0
621,1.11,-0.79,91.1,101.1,-72,0,0
622,1.09,-0.78,91.2,99.4,-71.1,0,0
623,0.77,-0.47,91.1,70.1,-42.8,0,0
624,0.82,-0.53,91,74.6,-48.2,0,0
625,0.83,-0.53,91.1,75.6,-48.3,0,0
626,0.82,-0.52,91,74.6,-47.3,0,0
627,0.7,-0.41,91,63.7,-37.3,0,0
628,0.7,-0.41,91,63.7,-37.3,0,0
629,0.7,-0.41,91,63.7,-37.3,0,0
630,0.7,-0.41,91,63.7,-37.3,0,0
631,0.69,-0.4,91,62.8,-36.4,0,0
632,0.81,-0.52,91,73.7,-47.3,0,2
633,0.75,-0.46,91,68.3,-41.9,0,0
634,0.61,-0.33,91,55.5,-30,0,0
635,0.57,-0.29,91,51.9,-26.4,0,2
636,0.72,-0.43,91,65.5,-39.1,0,2
637,0.62,-0.34,91,56.4,-30.9,0,0
638,0.67,-0.39,91,61,-35.5,0,0
639,0.66,-0.37,91,60.1,-33.7,0,0
640,0.79,-0.5,91,71.9,-45.5,0,0
641,1.2,-0.88,91.2,109.4,-80.3,0,0
642,0.84,-0.54,91,76.4,-49.1,0,0
643,0.87,-0.57,91,79.2,-51.9,0,0
644,0.83,-0.52,91,75.5,-47.3,0,0
645,0.85,-0.24,91,77.4,-21.8,0,0
646,0.9,-0.59,91.1,82,-53.7,0,0
647,0.87,-0.57,91,79.2,-51.9,0,0
648,0.92,-0.61,91,83.7,-55.5,0,0
649,0.93,-0.62,91,84.6,-56.4,0,0
650,0.98,-0.65,91,89.2,-59.2,0,0
651,0.96,-0.63,91,87.4,-57.3,0,0
652,0.95,-0.62,91,86.5,-56.4,0,0
653,0.97,-0.64,91,88.3,-58.2,0,0
654,0.97,-0.64,91,88.3,-58.2,0,0
655,0.97,-0.63,91,88.3,-57.3,0,0
656,0.95,-0.62,91,86.5,-56.4,0,0
657,0.99,-0.65,91.1,90.2,-59.2,0,0
658,0.98,-0.65,91,89.2,-59.2,0,0
659,0.98,-0.65,91.1,89.3,-59.2,0,0
660,0.99,-0.65,91.1,90.2,-59.2,0,0
661,0.99,-0.66,91,90.1,-60.1,0,0
662,0.98,-0.64,91,89.2,-58.2,0,0
663,1,-0.66,91,91,-60.1,0,0
664,1,-0.67,91.1,91.1,-61,0,0
665,1,-0.66,91.1,91.1,-60.1,0,0
666,1,-0.66,91,91,-60.1,0,0
667,1.1,8.31,89.4,98.3,742.9,0,5
668,1.47,9.66,89.1,131,860.7,0,16
669,1.66,6.5,89.6,148.7,582.4,0,25
670,1.66,6.55,89.6,148.7,586.9,0,31
671,1.72,6.49,89.6,154.1,581.5,0,36
672,1.8,6.33,89.6,161.3,567.2,0,40
673,1.62,6.5,89.5,145,581.8,0,44
674,1.69,6.58,89.6,151.4,589.6,0,47
675,1.68,6.49,89.5,150.4,580.9,0,50
676,1.68,6.39,89.5,150.4,571.9,0,52
677,1.68,4.54,89.8,150.9,407.7,0,54
678,1.69,4.56,89.8,151.8,409.5,0,55
679,1.7,4.53,89.9,152.8,407.2,0,56
680,1.79,4.48,89.8,160.7,402.3,0,57
681,1.77,4.55,89.9,159.1,409,0,58
682,1.76,4.53,89.8,158,406.8,0,58
683,1.63,4.57,89.8,146.4,410.4,0,58
684,1.61,4.63,89.8,144.6,415.8,0,58
685,1.68,4.64,89.8,150.9,416.7,0,59
686,1.7,4.58,89.8,152.7,411.3,0,59
687,1.79,4.46,89.8,160.7,400.5,0,59
688,1.88,4.42,89.8,168.8,396.9,0,60
689,1.97,4.32,89.8,176.9,387.9,0,60
690,1.98,4.31,89.8,177.8,387,0,60
691,1.96,4.33,89.8,176,388.8,0,60
692,1.97,4.37,89.8,176.9,392.4,0,60
693,1.94,4.37,89.8,174.2,392.4,0,61
694,1.93,4.5,89.8,173.3,404.1,0,61
695,1.99,4.31,89.8,178.7,387,0,61
696,2.03,4.31,89.8,182.3,387,0,60
697,2.02,4.35,89.7,181.2,390.2,0,60
698,2.02,4.27,89.8,181.4,383.4,0,61
699,2.05,4.3,89.8,184.1,386.1,0,61
700,2.02,4.29,89.8,181.4,385.2,0,61
701,2.01,4.3,89.8,180.5,386.1,0,61
702,2.02,4.28,89.8,181.4,384.3,0,61
703,2.06,4.23,89.7,184.8,379.4,0,61
704,2.09,4.22,89.8,187.7,379,0,61
705,2.09,4.21,89.8,187.7,378.1,0,61
706,2.1,4.22,89.7,188.4,378.5,0,61
707,2.09,4.23,89.8,187.7,379.9,0,61
708,2.07,4.23,89.8,185.9,379.9,0,61
709,1.98,4.38,89.8,177.8,393.3,0,61
710,2.12,4.19,89.8,190.4,376.3,0,60
711,2.11,4.21,89.7,189.3,377.6,0,60
712,2.08,4.25,89.8,186.8,381.7,0,59
713,2.1,4.24,89.7,188.4,380.3,0,60
714,2.09,4.25,89.7,187.5,381.2,0,60
715,2.07,4.33,89.6,185.5,388,0,61
716,2.11,4.23,89.7,189.3,379.4,0,61
717,2.13,4.22,89.7,191.1,378.5,0,61
718,2.13,4.15,89.7,191.1,372.3,0,61
719,2.14,4.13,89.8,192.2,370.9,0,61
720,2.14,4.17,89.7,192,374,0,61
721,2.13,4.24,89.7,191.1,380.3,0,61
722,2.1,4.34,89.7,188.4,389.3,0,61
723,2.11,4.22,89.7,189.3,378.5,0,61
724,2.17,4.16,89.7,194.6,373.2,0,60
725,2.17,4.14,89.7,194.6,371.4,0,59
726,2.14,4.19,89.7,192,375.8,0,59
727,2.16,4.23,89.7,193.8,379.4,0,59
728,2.2,4.16,89.7,197.3,373.2,0,59
729,2.17,4.16,89.7,194.6,373.2,0,58
730,2.18,4.18,89.7,195.5,374.9,0,58
731,2.17,4.17,89.6,194.4,373.6,0,58
732,2.23,4.12,89.7,200,369.6,0,58
733,2.23,4.11,89.7,200,368.7,0,57
734,2.23,4.29,89.7,200,384.8,0,56
735,2.3,4.07,89.6,206.1,364.7,0,55
736,2.32,4.02,89.7,208.1,360.6,0,53
737,2.26,4.07,89.6,202.5,364.7,0,52
738,2.22,4.11,89.6,198.9,368.3,0,51
739,2.26,4.08,89.6,202.5,365.6,0,50
740,2.21,4.11,89.6,198,368.3,0,48
741,2.17,4.16,89.6,194.4,372.7,0,47
742,2.14,4.33,89.6,191.7,388,0,46
743,2.11,4.17,89.6,189.1,373.6,0,45
744,2.13,4.14,89.6,190.8,370.9,0,46
745,2.1,4.2,89.6,188.2,376.3,0,47
746,1.99,4.28,89.6,178.3,383.5,0,50
747,1.87,4.38,89.6,167.6,392.4,0,53
748,1.83,4.4,89.6,164,394.2,0,58
749,1.88,4.39,89.6,168.4,393.3,0,63
750,1.65,4.63,89.5,147.7,414.4,0,64
751,2.1,4.25,89.6,188.2,380.8,0,65
752,1.43,4.84,89.4,127.8,432.7,0,65
753,2.15,4.22,89.5,192.4,377.7,0,65
754,2.14,4.22,89.6,191.7,378.1,0,65
755,2.1,4.53,89.7,188.4,406.3,0,64
756,1.25,5.02,89.4,111.8,448.8,0,64
757,1.84,4.48,89.5,164.7,401,0,63
758,2.09,4.26,89.6,187.3,381.7,0,62
759,2.09,4.26,89.5,187.1,381.3,0,62
760,1.16,5.02,89.4,103.7,448.8,0,59
761,1.14,5.03,89.4,101.9,449.7,0,56
762,2.16,4.17,89.6,193.5,373.6,0,51
763,2.15,4.19,89.5,192.4,375,0,47
764,2.09,4.19,89.6,187.3,375.4,0,45
765,2.04,4.25,89.5,182.6,380.4,0,43
766,1.33,5.15,89.4,118.9,460.4,0,43
767,1.55,4.64,89.5,138.7,415.3,0,44
768,1.67,4.57,89.5,149.5,409,0,46
769,1.61,4.58,89.5,144.1,409.9,0,48
770,1.62,4.62,89.5,145,413.5,0,52
771,1.26,4.94,89.4,112.6,441.6,0,56
772,1.64,4.59,89.5,146.8,410.8,0,60
773,1.91,4.41,89.5,170.9,394.7,0,61
774,1.99,4.31,89.5,178.1,385.7,0,61
775,2.02,4.32,89.5,180.8,386.6,0,61
776,2.1,4.28,89.5,188,383.1,0,62
777,2.09,4.23,89.5,187.1,378.6,0,65
778,2.11,4.07,89.6,189.1,364.7,0,69
779,2.14,1.23,90.1,192.8,110.8,0,72
780,2.27,0.38,90.3,205,34.3,0,73
781,2.3,1.08,90.1,207.2,97.3,0,72
782,2.3,0.82,90.2,207.5,74,0,72
783,2.31,1.09,90.2,208.4,98.3,0,72
784,2.28,1.42,90.1,205.4,127.9,0,72
785,2.3,1.15,90.1,207.2,103.6,0,72
786,2.37,2.25,90,213.3,202.5,0,71
787,2.32,3.49,89.7,208.1,313.1,0,69
788,0.5,5.91,89.2,44.6,527.2,0,67
789,2.3,4.21,89.5,205.9,376.8,0,65
790,2.26,4.23,89.5,202.3,378.6,0,64
791,2.25,4.24,89.5,201.4,379.5,0,63
792,2.22,4.25,89.5,198.7,380.4,0,63
793,2.2,4.31,89.5,196.9,385.7,0,62
794,2.08,4.47,89.5,186.2,400.1,0,62
795,2.14,4.3,89.5,191.5,384.9,0,61
796,2.17,4.44,89.3,193.8,396.5,0,61
797,2.33,4.13,89.5,208.5,369.6,0,58
798,2.4,4.09,89.5,214.8,366.1,0,55
799,2.27,4.2,89.5,203.2,375.9,0,53
800,2.24,4.23,89.5,200.5,378.6,0,53
801,1.11,5.19,89.2,99,462.9,0,54
802,2.16,4.29,89.5,193.3,384,0,56
803,2.24,4.24,89.4,200.3,379.1,0,58
804,1.15,5.23,89.4,102.8,467.6,0,59
805,2.34,4.09,89.5,209.4,366.1,0,59
806,2.43,4.08,89.5,217.5,365.2,0,58
807,2.44,4.09,89.5,218.4,366.1,0,58
808,1.7,4.67,89.3,151.8,417,0,57
809,0.43,5.72,89.2,38.4,510.2,0,57
810,2.33,4.15,89.4,208.3,371,0,56
811,2.38,4.11,89.5,213,367.8,0,55
812,2.36,4.13,89.5,211.2,369.6,0,53
813,1.51,4.79,89.3,134.8,427.7,0,52
814,0.69,5.52,89.2,61.5,492.4,0,52
815,1.14,5.11,89.2,101.7,455.8,0,54
816,1.62,4.76,89.2,144.5,424.6,0,56
817,1.94,4.45,89.3,173.2,397.4,0,57
818,2.13,4.33,89.3,190.2,386.7,0,57
819,2.23,4.24,89.3,199.1,378.6,0,56
820,2.25,4.37,89.4,201.2,390.7,0,55
821,2.3,4.16,89.4,205.6,371.9,0,55
822,2.43,4.08,89.4,217.2,364.8,0,55
823,2.4,4.09,89.4,214.6,365.6,0,56
824,2.34,4.18,89.4,209.2,373.7,0,57
825,2.47,4.12,89.4,220.8,368.3,0,57
826,2.53,5.98,89,225.2,532.2,0,57
827,2.57,5.93,89,228.7,527.8,0,56
828,2.52,5.99,89,224.3,533.1,0,55
829,2.02,6.38,88.9,179.6,567.2,0,54
830,2.05,6.35,88.9,182.2,564.5,0,53
831,2.53,5.98,89,225.2,532.2,0,52
832,2.51,6.01,88.9,223.1,534.3,0,52
833,2.19,6.43,88.9,194.7,571.6,0,52
834,2.11,6.3,88.9,187.6,560.1,0,54
835,2.21,6.22,88.9,196.5,553,0,56
836,1.93,6.48,88.9,171.6,576.1,0,57
837,1.89,6.56,88.8,167.8,582.5,0,58
838,2.16,6.26,88.9,192,556.5,0,59
839,2.47,7.92,88.6,218.8,701.7,0,61
840,2.6,7.8,88.6,230.4,691.1,0,62
841,1.33,8.8,88.4,117.6,777.9,0,62
842,2.64,7.79,88.6,233.9,690.2,0,62
843,2.58,7.83,88.6,228.6,693.7,0,61
844,2.44,8.1,88.5,215.9,716.9,0,62
845,2.36,8.15,88.6,209.1,722.1,0,63
846,2.44,8.36,88.6,216.2,740.7,0,66
847,2.29,5.95,88.9,203.6,529,0,69
848,2.24,2.37,89.5,200.5,212.1,0,71
849,2.31,1.88,89.6,207,168.4,0,71
850,2.36,1.79,89.7,211.7,160.6,0,71
851,2.39,2.54,89.5,213.9,227.3,0,70
852,2.27,0.88,89.9,204.1,79.1,0,69
853,2.22,-1.84,90.3,200.5,-166.2,0,67
854,2.28,-1.84,90.4,206.1,-166.3,0,64
855,2.39,-1.95,90.4,216.1,-176.3,0,62
856,2.34,-0.85,90.3,211.3,-76.8,0,60
857,2.32,4.19,89.3,207.2,374.2,0,60
858,0.63,5.64,89,56.1,502,0,59
859,2.33,4.21,89.2,207.8,375.5,0,58
860,0.43,5.75,89,38.3,511.8,0,57
861,1.18,6.13,88.9,104.9,545,0,57
862,1.71,6.82,88.8,151.8,605.6,0,56
863,1.9,8.46,88.5,168.2,748.7,0,55
864,1.73,8.53,88.4,152.9,754.1,0,54
865,2.34,8.03,88.6,207.3,711.5,0,53
866,2.31,8.05,88.4,204.2,711.6,0,53
867,2.35,8.03,88.5,208,710.7,0,54
868,2.26,8.08,88.4,199.8,714.3,0,55
869,1.42,8.75,88.3,125.4,772.6,0,56
870,2.33,8.04,88.4,206,710.7,0,57
871,2.28,8.08,88.4,201.6,714.3,0,58
872,2.22,8.13,88.4,196.2,718.7,0,59
873,2.21,8.12,88.3,195.1,717,0,59
874,1.76,8.5,88.3,155.4,750.6,0,59
875,1.21,8.95,88.2,106.7,789.4,0,60
876,2.04,2.46,89.4,182.4,219.9,0,60
877,2.05,2.42,89.5,183.5,216.6,0,61
878,2.38,2.2,89.5,213,196.9,0,62
879,2.35,2.1,89.6,210.6,188.2,0,62
880,2.44,2.11,89.5,218.4,188.8,0,63
881,2.48,2.04,89.5,222,182.6,0,61
882,1.95,2.5,89.5,174.5,223.8,0,57
883,2.06,3.37,89.3,184,300.9,0,54
884,2.09,6.27,88.8,185.6,556.8,0,52
885,2.25,6.19,88.8,199.8,549.7,0,51
886,2.3,6.14,88.9,204.5,545.8,0,51
887,2.35,6.08,88.8,208.7,539.9,0,52
888,2.4,6.03,88.8,213.1,535.5,0,54
889,2.62,5.87,88.8,232.7,521.3,0,57
890,2.59,3.39,89.3,231.3,302.7,0,61
891,2.66,2.86,89.3,237.5,255.4,0,61
892,2.73,3.77,89.2,243.5,336.3,0,61
893,2.68,3.86,89.2,239.1,344.3,0,60
894,2.72,3.82,89.2,242.6,340.7,0,60
895,2.68,3.82,89.2,239.1,340.7,0,59
896,2.55,3.97,89.2,227.5,354.1,0,59
897,2.54,3.95,89.2,226.6,352.3,0,58
898,2.64,3.88,89.2,235.5,346.1,0,58
899,2.79,3.73,89.2,248.9,332.7,0,58
900,2.93,3.64,89.2,261.4,324.7,0,58
901,3.07,3.53,89.2,273.8,314.9,0,57
902,2.91,3.67,89.2,259.6,327.4,0,58
903,2.89,3.67,89.2,257.8,327.4,0,59
904,2.84,3.68,89.2,253.3,328.3,0,59
905,2.81,3.75,89.2,250.7,334.5,0,60
906,2.72,3.83,89.2,242.6,341.6,0,60
907,2.69,3.82,89.2,239.9,340.7,0,60
908,2.67,3.86,89.2,238.2,344.3,0,60
909,2.67,3.87,89.2,238.2,345.2,0,60
910,2.55,3.98,89.2,227.5,355,0,60
911,2.59,3.93,89.2,231,350.6,0,60
912,1.56,4.81,89,138.8,428.1,0,60
913,2.62,3.87,89.2,233.7,345.2,0,60
914,2.72,3.85,89.2,242.6,343.4,0,59
915,2.75,5.8,88.8,244.2,515,0,58
916,2.73,5.81,88.8,242.4,515.9,0,58
917,2.74,5.79,88.8,243.3,514.2,0,58
918,2.7,5.83,88.8,239.8,517.7,0,57
919,2.79,5.73,88.8,247.8,508.8,0,57
920,2.78,5.72,88.8,246.9,507.9,0,57
921,2.73,5.79,88.8,242.4,514.2,0,56
922,2.8,5.74,88.8,248.6,509.7,0,56
923,2.79,5.72,88.7,247.5,507.4,0,56
924,2.85,5.68,88.8,253.1,504.4,0,55
925,2.77,5.72,88.8,246,507.9,0,54
926,2.78,5.71,88.7,246.6,506.5,0,53
927,2.77,5.74,88.7,245.7,509.1,0,52
928,2.85,7.62,88.4,251.9,673.6,0,52
929,2.74,7.69,88.3,241.9,679,0,52
930,2.75,7.69,88.3,242.8,679,0,53
931,2.81,7.6,88.3,248.1,671.1,0,54
932,2.82,7.62,88.3,249,672.8,0,54
933,2.83,7.61,88.3,249.9,672,0,55
934,2.88,7.54,88.3,254.3,665.8,0,55
935,2.72,7.67,88.3,240.2,677.3,0,55
936,2.77,7.69,88.3,244.6,679,0,56
937,2.81,7.6,88.3,248.1,671.1,0,57
938,2.72,4.77,88.8,241.5,423.6,0,58
939,2.72,4.38,88.9,241.8,389.4,0,59
940,2.58,2.97,89.2,230.1,264.9,0,60
941,2.6,2.9,89.2,231.9,258.7,0,61
942,2.74,2.8,89.2,244.4,249.8,0,62
943,2.89,2.64,89.3,258.1,235.8,0,62
944,2.98,2.54,89.3,266.1,226.8,0,63
945,2.94,2.7,89.2,262.2,240.8,0,63
946,2.88,2.69,89.3,257.2,240.2,0,64
947,2.77,2.83,89.2,247.1,252.4,0,64
948,2.6,2.87,89.2,231.9,256,0,64
949,2.99,2.54,89.3,267,226.8,0,63
950,2.77,2.72,89.3,247.4,242.9,0,62
951,2.83,2.97,89.2,252.4,264.9,0,61
952,2.82,3.72,89.1,251.3,331.5,0,60
953,2.82,3.72,89.1,251.3,331.5,0,58
954,2.72,3.81,89.1,242.4,339.5,0,57
955,2.73,3.79,89.1,243.2,337.7,0,57
956,2.69,3.84,89,239.4,341.8,0,58
957,2.61,4.68,88.9,232,416.1,0,58
958,2.53,5.9,88.6,224.2,522.7,0,60
959,2.97,7.47,88.4,262.5,660.3,0,60
960,2.94,9.48,88,258.7,834.2,0,60
961,3.02,7.42,88.3,266.7,655.2,0,60
962,2.91,7.47,88.3,257,659.6,0,60
963,3.02,7.4,88.3,266.7,653.4,0,60
964,3.06,7.39,88.3,270.2,652.5,0,60
965,3.01,7.44,88.3,265.8,657,0,60
966,3,7.43,88.3,264.9,656.1,0,60
967,2.86,7.57,88.3,252.5,668.4,0,60
968,2.97,7.48,88.3,262.3,660.5,0,59
969,2.1,7.22,88.3,185.4,637.5,0,60
970,2.87,6.59,88.4,253.7,582.6,0,60
971,2.99,6.45,88.4,264.3,570.2,0,61
972,2.96,6.5,88.4,261.7,574.6,0,61
973,3,6.46,88.4,265.2,571.1,0,61
974,3.04,6.43,88.4,268.7,568.4,0,61
975,3.06,6.47,88.4,270.5,571.9,0,60
976,3.05,6.42,88.4,269.6,567.5,0,59
977,3.01,6.45,88.4,266.1,570.2,0,59
978,2.95,6.5,88.4,260.8,574.6,0,59
979,2.97,6.48,88.4,262.5,572.8,0,59
980,2.32,7.02,88.3,204.9,619.9,0,60
981,2.86,6.59,88.4,252.8,582.6,0,60
982,2.84,6.59,88.3,250.8,581.9,0,61
983,2.98,6.48,88.4,263.4,572.8,0,61
984,2.87,6.59,88.3,253.4,581.9,0,61
985,2.88,6.54,88.3,254.3,577.5,0,61
986,2.92,6.53,88.3,257.8,576.6,0,61
987,2.91,6.57,88.3,257,580.1,0,61
988,2.85,3.71,88.9,253.4,329.8,0,61
989,2.7,3.74,88.9,240,332.5,0,60
990,2.49,4,88.9,221.4,355.6,0,59
991,2.45,4.99,88.6,217.1,442.1,0,58
992,2.5,4.96,88.6,221.5,439.5,0,58
993,2.57,4.94,88.6,227.7,437.7,0,57
994,2.58,4.86,88.7,228.8,431.1,0,57
995,2.53,4.97,88.6,224.2,440.3,0,56
996,2.81,4.69,88.7,249.2,416,0,56
997,2.99,4.52,88.7,265.2,400.9,0,55
998,2.93,4.58,88.7,259.9,406.2,0,55
999,2.95,5.55,88.6,261.4,491.7,0,55
1000,2.08,6.26,88.4,183.9,553.4,0,56
1001,1.3,8.86,87.9,114.3,778.8,0,57
1002,3.07,7.39,88.1,270.5,651.1,0,59
1003,3.09,7.41,88.1,272.2,652.8,0,60
1004,3.24,7.23,88.2,285.8,637.7,0,59
1005,3.23,7.23,88.1,284.6,637,0,57
1006,3.18,7.31,88.1,280.2,644,0,56
1007,3.34,7.16,88.2,294.6,631.5,0,56
1008,3.25,7.24,88.1,286.3,637.8,0,55
1009,3.21,7.28,88.1,282.8,641.4,0,55
1010,2.44,7.92,88,214.7,697,0,57
1011,3.08,7.39,88.1,271.3,651.1,0,58
1012,3,7.48,88,264,658.2,0,60
1013,3.11,7.35,88.1,274,647.5,0,61
1014,3.14,7.32,88.1,276.6,644.9,0,61
1015,3.19,7.3,88,280.7,642.4,0,61
1016,3.21,4.37,88.6,284.4,387.2,0,61
1017,3.15,4.4,88.6,279.1,389.8,0,60
1018,3.15,4.4,88.6,279.1,389.8,0,59
1019,3,4.51,88.6,265.8,399.6,0,58
1020,3.04,4.52,88.6,269.3,400.5,0,58
1021,3.06,4.5,88.6,271.1,398.7,0,58
1022,2.69,4.76,88.6,238.3,421.7,0,59
1023,2.61,4.83,88.6,231.2,427.9,0,61
1024,2.82,4.65,88.6,249.9,412,0,62
1025,2.83,4.69,88.6,250.7,415.5,0,63
1026,3.06,3.48,88.9,272,309.4,0,64
1027,3.25,3.35,88.9,288.9,297.8,0,65
1028,3.23,3.36,88.9,287.1,298.7,0,65
1029,3.27,3.32,88.9,290.7,295.1,0,65
1030,3.28,3.33,88.9,291.6,296,0,65
1031,3.28,3.33,88.9,291.6,296,0,64
1032,3.34,3.35,88.9,296.9,297.8,0,63
1033,3.34,3.21,88.9,296.9,285.4,0,63
1034,3.29,3.28,88.9,292.5,291.6,0,63
1035,3.28,3.28,88.9,291.6,291.6,0,63
1036,3.28,3.36,88.9,291.6,298.7,0,63
1037,3.28,3.29,88.9,291.6,292.5,0,64
1038,3.1,3.47,88.9,275.6,308.5,0,66
1039,3.1,0.55,89.5,277.5,49.2,0,68
1040,3.21,0.46,89.5,287.3,41.2,0,68
1041,3.18,0.47,89.5,284.6,42.1,0,67
1042,2.6,-2.15,90,234,-193.5,0,65
1043,3.15,-2.64,90.1,283.8,-237.9,0,64
1044,2.83,-2.35,90,254.7,-211.5,0,62
1045,3.23,-2.71,90.1,291,-244.2,0,59
1046,3.29,0.42,89.5,294.5,37.6,0,57
1047,3.13,2.52,89.2,279.2,224.8,0,55
1048,2.93,5.64,88.5,259.3,499.1,0,55
1049,3.14,5.45,88.6,278.2,482.9,0,55
1050,3.14,5.42,88.6,278.2,480.2,0,56
1051,2.33,6.13,88.4,206,541.9,0,57
1052,3.1,5.52,88.5,274.4,488.5,0,60
1053,2.89,-2.39,90,260.1,-215.1,0,61
1054,3.01,-2.52,90.1,271.2,-227.1,0,62
1055,3.13,-2.62,90.1,282,-236.1,0,62
1056,3.16,-2.64,90.1,284.7,-237.9,0,60
1057,3.13,-0.33,89.7,280.8,-29.6,0,58
1058,2.19,4.3,88.8,194.5,381.8,0,58
1059,2.85,3.79,88.9,253.4,336.9,0,59
1060,3.09,2.99,89,275,266.1,0,61
1061,2.98,-2.48,90.1,268.5,-223.4,0,62
1062,3.06,-2.56,90.1,275.7,-230.7,0,61
1063,3.09,-2.59,90.1,278.4,-233.4,0,61
1064,3.04,-2.55,90.1,273.9,-229.8,0,60
1065,3.05,-2.55,90.1,274.8,-229.8,0,60
1066,3.1,-2.59,90.1,279.3,-233.4,0,59
1067,3.05,-1.75,90,274.5,-157.5,0,58
1068,3.05,0.63,89.6,273.3,56.4,0,57
1069,3.18,2.5,89.2,283.7,223,0,56
1070,3.13,4.49,88.8,277.9,398.7,0,57
1071,3.05,4.56,88.8,270.8,404.9,0,57
1072,3.18,4.44,88.8,282.4,394.3,0,58
1073,2.65,4.91,88.7,235.1,435.5,0,59
1074,2.5,5.04,88.6,221.5,446.5,0,59
1075,2.74,4.81,88.7,243,426.6,0,59
1076,2.55,4.97,88.6,225.9,440.3,0,60
1077,2.76,4.82,88.6,244.5,427.1,0,60
1078,2.94,4.65,88.7,260.8,412.5,0,60
1079,3.04,4.52,88.7,269.6,400.9,0,61
1080,3.36,4.32,88.7,298,383.2,0,61
1081,3.44,4.22,88.7,305.1,374.3,0,62
1082,3.35,4.3,88.7,297.1,381.4,0,63
1083,3.3,-0.53,89.6,295.7,-47.5,0,63
1084,3.34,-0.71,89.6,299.3,-63.6,0,63
1085,3.36,-0.88,89.7,301.4,-78.9,0,62
1086,3.28,-0.7,89.8,294.5,-62.9,0,61
1087,3.27,-0.81,89.8,293.6,-72.7,0,61
1088,3.28,-0.76,89.7,294.2,-68.2,0,60
1089,3.37,2.92,89.1,300.3,260.2,0,61
1090,3.4,2.25,89.2,303.3,200.7,0,62
1091,3.41,2.25,89.2,304.2,200.7,0,62
1092,3.39,2.19,89.2,302.4,195.3,0,62
1093,3.43,2.24,89.2,306,199.8,0,62
1094,3.46,2.29,89.2,308.6,204.3,0,63
1095,3.41,2.32,89.2,304.2,206.9,0,62
1096,3.43,2.25,89.2,306,200.7,0,62
1097,3.36,2.29,89.2,299.7,204.3,0,62
1098,3.4,2.29,89.2,303.3,204.3,0,62
1099,3.43,2.25,89.2,306,200.7,0,62
1100,3.56,2.13,89.2,317.6,190,0,61
1101,2.02,3.42,88.9,179.6,304,0,60
1102,1.48,3.81,88.8,131.4,338.3,0,59
1103,3.43,5.24,88.6,303.9,464.3,0,59
1104,3.4,5.26,88.6,301.2,466,0,59
1105,3.45,5.22,88.6,305.7,462.5,0,60
1106,3.31,5.35,88.5,292.9,473.5,0,60
1107,3.36,5.26,88.5,297.4,465.5,0,61
1108,3.3,5.37,88.4,291.7,474.7,0,61
1109,3.25,5.38,88.4,287.3,475.6,0,61
1110,3.16,5.45,88.4,279.3,481.8,0,62
1111,3.25,3.92,88.7,288.3,347.7,0,63
1112,3.16,3.54,88.8,280.6,314.4,0,62
1113,3.23,3.41,88.8,286.8,302.8,0,62
1114,3.11,3.49,88.8,276.2,309.9,0,62
1115,3.14,3.42,88.9,279.1,304,0,62
1116,2.89,3.71,88.7,256.3,329.1,0,62
1117,2.71,3.85,88.7,240.4,341.5,0,62
1118,2.77,3.82,88.7,245.7,338.8,0,63
1119,2.74,3.8,88.7,243,337.1,0,65
1120,2.7,3.86,88.7,239.5,342.4,0,66
1121,2.83,4.05,88.7,251,359.2,0,67
1122,2.9,2.58,88.9,257.8,229.4,0,68
1123,3.32,-0.59,89.6,297.5,-52.9,0,67
1124,3.41,4.64,88.6,302.1,411.1,0,66
1125,3.51,4.52,88.5,310.6,400,0,66
1126,3.38,4.67,88.5,299.1,413.3,0,66
1127,2.69,5.06,88.4,237.8,447.3,0,66
1128,3.42,4.09,88.6,303,362.4,0,66
1129,3.44,3.95,88.7,305.1,350.4,0,66
1130,3.45,4.44,88.6,305.7,393.4,0,66
1131,3.39,4.57,88.5,300,404.4,0,66
1132,3.22,1.42,89.2,287.2,126.7,0,65
1133,3.28,2.38,88.9,291.6,211.6,0,65
1134,3.29,2.45,88.9,292.5,217.8,0,64
1135,3.25,2.51,88.9,288.9,223.1,0,63
1136,3.22,2.45,88.9,286.3,217.8,0,63
1137,2.64,2.88,88.9,234.7,256,0,62
1138,2.63,2.98,88.9,233.8,264.9,0,62
1139,2.73,2.93,88.9,242.7,260.5,0,61
1140,2.81,2.81,88.9,249.8,249.8,0,61
1141,2.64,2.89,88.9,234.7,256.9,0,60
1142,2.79,2.78,88.9,248,247.1,0,60
1143,2.78,2.83,88.9,247.1,251.6,0,60
1144,2.93,3.66,88.7,259.9,324.6,0,59
1145,1.59,4.8,88.5,140.7,424.8,0,58
1146,3.11,3.52,88.8,276.2,312.6,0,58
1147,3.13,3.48,88.8,277.9,309,0,58
1148,3.27,3.4,88.7,290,301.6,0,58
1149,2.56,4,88.7,227.1,354.8,0,58
1150,3.34,3.29,88.8,296.6,292.2,0,58
1151,3.57,1.09,89.2,318.4,97.2,0,59
1152,3.61,1.15,89.2,322,102.6,0,60
1153,3.63,1.09,89.2,323.8,97.2,0,60
1154,3.67,1.05,89.2,327.4,93.7,0,59
1155,3.28,1.37,89.2,292.6,122.2,0,59
1156,3.25,1.43,89.2,289.9,127.6,0,58
1157,2.86,2.71,88.9,254.3,240.9,0,58
1158,3.45,2.25,89,307.1,200.3,0,58
1159,1.73,3.68,88.7,153.5,326.4,0,58
1160,2.41,4.11,88.6,213.5,364.1,0,58
1161,3.66,3.04,88.9,325.4,270.3,0,58
1162,3.52,3.17,88.9,312.9,281.8,0,58
1163,3.57,3.15,88.8,317,279.7,0,58
1164,3.59,3.13,88.8,318.8,277.9,0,58
1165,3.56,3.15,88.8,316.1,279.7,0,58
1166,2.45,4.11,88.6,217.1,364.1,0,58
1167,3.43,3.27,88.8,304.6,290.4,0,59
1168,2.58,3.95,88.6,228.6,350,0,59
1169,3.6,3.11,88.8,319.7,276.2,0,60
1170,3.65,3.07,88.8,324.1,272.6,0,59
1171,1.48,4.85,88.4,130.8,428.7,0,60
1172,3.51,3.18,88.8,311.7,282.4,0,59
1173,3.66,3.05,88.8,325,270.8,0,59
1174,3.53,3.2,88.8,313.5,284.2,0,59
1175,3.45,3.24,88.7,306,287.4,0,59
1176,3.55,3.17,88.7,314.9,281.2,0,59
1177,3.58,3.13,88.7,317.5,277.6,0,59
1178,3.56,3.17,88.8,316.1,281.5,0,60
1179,0.96,5.32,88.3,84.8,469.8,0,60
1180,3.66,3.1,88.7,324.6,275,0,60
1181,1.85,4.52,88.5,163.7,400,0,61
1182,1.76,4.65,88.4,155.6,411.1,0,61
1183,3.55,3.14,88.7,314.9,278.5,0,61
1184,3.55,3.11,88.7,314.9,275.9,0,61
1185,3.57,3.12,88.7,316.7,276.7,0,61
1186,3.56,3.23,88.7,315.8,286.5,0,61
1187,2.93,3.62,88.6,259.6,320.7,0,60
1188,3.68,3.07,88.7,326.4,272.3,0,60
1189,3.61,3.08,88.7,320.2,273.2,0,60
1190,2.49,4.06,88.5,220.4,359.3,0,60
1191,2.68,3.89,88.5,237.2,344.3,0,59
1192,2.72,3.86,88.6,241,342,0,59
1193,2.45,4.08,88.5,216.8,361.1,0,59
1194,3.52,3.17,88.7,312.2,281.2,0,59
1195,3.62,3.13,88.7,321.1,277.6,0,59
1196,3.48,3.26,88.6,308.3,288.8,0,59
1197,2.71,3.92,88.5,239.8,346.9,0,59
1198,3.68,3.1,88.7,326.4,275,0,59
1199,3.63,3.11,88.7,322,275.9,0,58
1200,3.67,3.08,88.7,325.5,273.2,0,58
1201,3.6,3.14,88.7,319.3,278.5,0,58
1202,3.65,3.11,88.7,323.8,275.9,0,58
1203,3.63,3.09,88.7,322,274.1,0,58
1204,3.61,3.13,88.7,320.2,277.6,0,58
1205,2.67,4.83,88.4,236,427,0,57
1206,3.6,6.08,88.1,317.2,535.6,0,58
1207,3.67,5.99,88.1,323.3,527.7,0,58
1208,3.69,5.98,88.1,325.1,526.8,0,59
1209,3.69,5.96,88.1,325.1,525.1,0,59
1210,3.66,6.02,88.1,322.4,530.4,0,59
1211,3.57,6.1,88.1,314.5,537.4,0,59
1212,3.81,5.85,88.1,335.7,515.4,0,60
1213,3.69,5.98,88.1,325.1,526.8,0,60
1214,3.72,7.89,87.7,326.2,692,0,60
1215,3.69,7.9,87.7,323.6,692.8,0,59
1216,3.88,7.76,87.7,340.3,680.6,0,58
1217,3.78,7.84,87.7,331.5,687.6,0,57
1218,3.93,7.71,87.7,344.7,676.2,0,57
1219,3.76,7.83,87.7,329.8,686.7,0,57
1220,3.53,8.05,87.6,309.2,705.2,0,57
1221,3.72,7.89,87.6,325.9,691.2,0,58
1222,3.61,7.99,87.6,316.2,699.9,0,59
1223,3.65,7.97,87.6,319.7,698.2,0,60
1224,3.23,8.3,87.5,282.6,726.3,0,60
1225,3.12,8.41,87.5,273,735.9,0,60
1226,3.19,8.32,87.5,279.1,728,0,60
1227,3.17,8.34,87.4,277.1,728.9,0,60
1228,3.1,8.41,87.4,270.9,735,0,61
1229,3.14,8.37,87.4,274.4,731.5,0,62
1230,3.67,6.6,87.8,322.2,579.5,0,63
1231,3.7,5.91,87.9,325.2,519.5,0,64
1232,3.71,5.91,87.9,326.1,519.5,0,64
1233,3.93,5.68,88,345.8,499.8,0,64
1234,3.65,6.45,87.8,320.5,566.3,0,65
1235,3.84,2.9,88.5,339.8,256.7,0,65
1236,3.74,2.99,88.5,331,264.6,0,65
1237,3.89,2.84,88.6,344.7,251.6,0,65
1238,3.73,2.95,88.6,330.5,261.4,0,65
1239,3.77,2.95,88.6,334,261.4,0,65
1240,3.72,2.99,88.6,329.6,264.9,0,65
1241,3.74,0.03,89.1,333.2,2.7,0,65
1242,3.19,0.49,89,283.9,43.6,0,64
1243,3.75,-0.02,89.2,334.5,-1.8,0,63
1244,3.78,0,89.2,337.2,0,0,63
1245,3.75,2.02,88.8,333,179.4,0,62
1246,3.74,2,88.8,332.1,177.6,0,61
1247,3.77,1.98,88.9,335.2,176,0,60
1248,3.71,2.04,88.9,329.8,181.4,0,59
1249,3.73,2.01,88.8,331.2,178.5,0,58
1250,3.72,2.23,88.8,330.3,198,0,58
1251,3.66,4.06,88.4,323.5,358.9,0,57
1252,3.68,4.06,88.4,325.3,358.9,0,57
1253,3.69,4.04,88.4,326.2,357.1,0,57
1254,3.49,4.22,88.4,308.5,373,0,57
1255,3.3,4.35,88.3,291.4,384.1,0,57
1256,3.15,4.49,88.3,278.1,396.5,0,57
1257,3.14,4.5,88.3,277.3,397.4,0,57
1258,3.24,4.42,88.3,286.1,390.3,0,57
1259,3.22,4.4,88.3,284.3,388.5,0,58
1260,3.19,4.46,88.3,281.7,393.8,0,58
1261,3.43,4.25,88.3,302.9,375.3,0,58
1262,3.73,4.02,88.3,329.4,355,0,58
1263,3.79,3.94,88.4,335,348.3,0,58
1264,3.88,3.88,88.4,343,343,0,58
1265,3.76,5.92,88,330.9,521,0,58
1266,4.07,5.64,88,358.2,496.3,0,59
1267,3.95,5.71,88,347.6,502.5,0,59
1268,4.04,5.67,88,355.5,499,0,59
1269,3.94,5.74,88,346.7,505.1,0,59
1270,3.99,5.7,88,351.1,501.6,0,59
1271,4.09,5.63,88,359.9,495.4,0,58
1272,4.13,5.61,88,363.4,493.7,0,57
1273,4.22,5.52,88,371.4,485.8,0,56
1274,4.08,5.63,88,359,495.4,0,56
1275,4.09,5.63,88,359.9,495.4,0,56
1276,4.12,5.62,87.9,362.1,494,0,57
1277,3.99,5.72,88,351.1,503.4,0,58
1278,4,5.7,88,352,501.6,0,60
1279,4,2.77,88.5,354,245.1,0,62
1280,3.96,2.75,88.6,350.9,243.7,0,63
1281,3.8,2.87,88.5,336.3,254,0,64
1282,3.96,2.8,88.5,350.5,247.8,0,65
1283,3.96,2.79,88.5,350.5,246.9,0,65
1284,4.03,2.63,88.6,357.1,233,0,66
1285,3.98,2.87,88.5,352.2,254,0,66
1286,3.79,2.96,88.5,335.4,262,0,66
1287,3.48,3.21,88.4,307.6,283.8,0,66
1288,3.38,3.31,88.4,298.8,292.6,0,66
1289,2.63,4.22,88.2,232,372.2,0,67
1290,3.4,2.4,88.6,301.2,212.6,0,68
1291,3.51,2.39,88.6,311,211.8,0,67
1292,3.97,1.83,88.7,352.1,162.3,0,65
1293,2.82,2.73,88.5,249.6,241.6,0,64
1294,3.88,1.96,88.7,344.2,173.9,0,63
1295,3.95,1.84,88.7,350.4,163.2,0,61
1296,3.96,1.81,88.7,351.3,160.5,0,60
1297,3.88,1.91,88.7,344.2,169.4,0,59
1298,3.86,1.91,88.7,342.4,169.4,0,58
1299,3.85,1.89,88.7,341.5,167.6,0,58
1300,3.83,1.93,88.7,339.7,171.2,0,58
1301,3.95,1.84,88.7,350.4,163.2,0,58
1302,3.94,3.12,88.5,348.7,276.1,0,57
1303,3.94,2.87,88.6,349.1,254.3,0,58
1304,3.9,2.88,88.6,345.5,255.2,0,58
1305,3.84,2.92,88.5,339.8,258.4,0,57
1306,3.85,2.91,88.5,340.7,257.5,0,57
1307,3.79,2.94,88.5,335.4,260.2,0,57
1308,3.92,2.84,88.5,346.9,251.3,0,57
1309,3.99,2.78,88.6,353.5,246.3,0,57
1310,3.98,2.81,88.6,352.6,249,0,57
1311,3.94,2.82,88.6,349.1,249.9,0,56
1312,1.92,4.52,88.2,169.3,398.7,0,56
1313,3.68,3.03,88.5,325.7,268.2,0,56
1314,2.32,4.17,88.3,204.9,368.2,0,56
1315,3.9,2.86,88.6,345.5,253.4,0,56
1316,4,2.79,88.5,354,246.9,0,55
1317,4.05,2.74,88.6,358.8,242.8,0,55
1318,4.08,2.69,88.5,361.1,238.1,0,55
1319,4.07,2.72,88.6,360.6,241,0,55
1320,4,2.8,88.6,354.4,248.1,0,55
1321,3.45,3.22,88.4,305,284.6,0,55
1322,4.26,4.58,88.1,375.3,403.5,0,55
1323,4.19,4.6,88.1,369.1,405.3,0,55
1324,4.25,4.53,88.1,374.4,399.1,0,55
1325,4.31,4.45,88.2,380.1,392.5,0,54
1326,4.15,4.61,88.1,365.6,406.1,0,53
1327,4.25,4.53,88.1,374.4,399.1,0,54
1328,3.06,5.54,87.9,269,487,0,55
1329,4.05,5.64,88,356.4,496.3,0,56
1330,4.18,5.55,87.9,367.4,487.8,0,57
1331,4.21,5.5,87.9,370.1,483.5,0,57
1332,4.2,5.55,87.9,369.2,487.8,0,58
1333,4.25,5.49,87.9,373.6,482.6,0,58
1334,2.66,6.85,87.6,233,600.1,0,57
1335,3.62,6,87.7,317.5,526.2,0,57
1336,1.06,8.09,87.4,92.6,707.1,0,56
1337,4.13,5.59,87.8,362.6,490.8,0,55
1338,4.21,5.53,87.8,369.6,485.5,0,55
1339,4.29,5.45,87.8,376.7,478.5,0,56
1340,4.35,5.44,87.8,381.9,477.6,0,57
1341,4.26,5.48,87.8,374,481.1,0,58
1342,4.25,5.51,87.8,373.2,483.8,0,60
1343,4.16,5.59,87.8,365.2,490.8,0,61
1344,4.41,3.45,88.2,389,304.3,0,62
1345,4.12,3.67,88.2,363.4,323.7,0,62
1346,3.68,1.06,88.6,326,93.9,0,63
1347,4,0.84,88.7,354.8,74.5,0,63
1348,1.49,2.95,88.4,131.7,260.8,0,65
1349,1.34,3,88.4,118.5,265.2,0,66
1350,4.13,0.82,88.7,366.3,72.7,0,68
1351,4.27,2.05,88.5,377.9,181.4,0,69
1352,4.39,2.23,88.5,388.5,197.4,0,69
1353,4.38,2.59,88.4,387.2,229,0,69
1354,4.39,3.69,88.2,387.2,325.5,0,67
1355,4.32,3.95,88.2,381,348.4,0,66
1356,4.36,3.5,88.3,385,309.1,0,64
1357,3.19,4.48,88.1,281,394.7,0,63
1358,4.28,3.63,88.3,377.9,320.5,0,63
1359,4.25,3.55,88.3,375.3,313.5,0,62
1360,3.23,4.39,88.1,284.6,386.8,0,61
1361,4.2,3.64,88.3,370.9,321.4,0,62
1362,4.42,3.36,88.3,390.3,296.7,0,62
1363,4.47,3.47,88.3,394.7,306.4,0,62
1364,4.27,3.53,88.2,376.6,311.3,0,61
1365,4.17,4.62,88,367,406.6,0,60
1366,4.23,4.58,88,372.2,403,0,59
1367,4.26,4.54,88,374.9,399.5,0,58
1368,4.05,4.72,88,356.4,415.4,0,58
1369,4.06,4.71,88,357.3,414.5,0,58
1370,4.15,4.62,88,365.2,406.6,0,59
1371,4.06,2.72,88.3,358.5,240.2,0,59
1372,4.12,2.7,88.3,363.8,238.4,0,60
1373,4.01,2.79,88.3,354.1,246.4,0,60
1374,3.53,3.18,88.3,311.7,280.8,0,61
1375,3.56,3.13,88.3,314.3,276.4,0,62
1376,3.6,3.18,88.3,317.9,280.8,0,64
1377,3.6,3.23,88.3,317.9,285.2,0,66
1378,3.91,2.6,88.3,345.3,229.6,0,66
1379,3.61,2.86,88.3,318.8,252.5,0,66
1380,3.71,3.06,88.3,327.6,270.2,0,65
1381,3.76,2.97,88.3,332,262.3,0,65
1382,3.74,2.98,88.3,330.2,263.1,0,66
1383,3.75,2.81,88.4,331.5,248.4,0,67
1384,3.77,3.3,88.2,332.5,291.1,0,68
1385,3.8,3.31,88.2,335.2,291.9,0,67
1386,4.19,2.17,88.5,370.8,192,0,67
1387,4.14,2.54,88.4,366,224.5,0,66
1388,4.28,2.54,88.4,378.4,224.5,0,65
1389,4.3,2.53,88.4,380.1,223.7,0,64
1390,4.31,2.57,88.4,381,227.2,0,63
1391,4.42,2.41,88.4,390.7,213,0,61
1392,4.36,2.48,88.4,385.4,219.2,0,60
1393,4.43,2.42,88.4,391.6,213.9,0,59
1394,4.39,2.48,88.4,388.1,219.2,0,60
1395,4.29,2.49,88.4,379.2,220.1,0,60
1396,4.35,2.51,88.4,384.5,221.9,0,61
1397,4.44,2.37,88.4,392.5,209.5,0,61
1398,4.4,2.5,88.4,389,221,0,61
1399,4.55,2.27,88.4,402.2,200.7,0,60
1400,4.52,2.32,88.4,399.6,205.1,0,60
1401,4.59,2.32,88.4,405.8,205.1,0,59
1402,4.65,2.26,88.4,411.1,199.8,0,59
1403,4.68,2.2,88.5,414.2,194.7,0,58
1404,4.62,3.25,88.3,407.9,287,0,56
1405,4.59,3.3,88.3,405.3,291.4,0,55
1406,4.45,3.42,88.3,392.9,302,0,54
1407,4.42,3.41,88.3,390.3,301.1,0,54
1408,4.55,3.34,88.2,401.3,294.6,0,53
1409,4.58,3.29,88.3,404.4,290.5,0,53
1410,4.41,3.42,88.2,389,301.6,0,53
1411,4.36,3.48,88.2,384.6,306.9,0,54
1412,4.38,3.45,88.2,386.3,304.3,0,54
1413,4.42,3.03,88.3,390.3,267.5,0,55
1414,4.69,2.19,88.4,414.6,193.6,0,55
1415,4.43,2.41,88.4,391.6,213,0,55
1416,4.53,2.33,88.4,400.5,206,0,55
1417,4.51,2.34,88.4,398.7,206.9,0,56
1418,4.42,2.43,88.4,390.7,214.8,0,56
1419,4.43,2.41,88.4,391.6,213,0,56
1420,4.44,2.41,88.4,392.5,213,0,57
1421,4.46,2.38,88.4,394.3,210.4,0,57
1422,4.46,2.41,88.4,394.3,213,0,57
1423,4.47,2.38,88.4,395.1,210.4,0,57
1424,4.33,2.51,88.3,382.3,221.6,0,56
1425,4.42,2.42,88.4,390.7,213.9,0,56
1426,4.3,2.53,88.3,379.7,223.4,0,56
1427,4.47,3.42,88.2,394.3,301.6,0,57
1428,4.43,3.43,88.2,390.7,302.5,0,57
1429,4.43,3.4,88.2,390.7,299.9,0,57
1430,4.47,3.41,88.2,394.3,300.8,0,56
1431,4.54,3.34,88.2,400.4,294.6,0,56
1432,4.57,3.32,88.2,403.1,292.8,0,56
1433,4.53,3.36,88.2,399.5,296.4,0,55
1434,4.58,3.32,88.2,404,292.8,0,54
1435,4.47,3.4,88.1,393.8,299.5,0,53
1436,4.55,4.28,88,400.4,376.6,0,53
1437,4.52,4.34,88,397.8,381.9,0,53
1438,4.56,4.3,88,401.3,378.4,0,53
1439,4.55,4.31,88,400.4,379.3,0,54
1440,4.49,2.76,88.2,396,243.4,0,55
1441,4.48,2.39,88.3,395.6,211,0,55
1442,4.58,2.28,88.3,404.4,201.3,0,55
1443,4.49,2.36,88.3,396.5,208.4,0,55
1444,4.57,2.26,88.3,403.5,199.6,0,55
1445,4.56,2.27,88.3,402.6,200.4,0,55
1446,4.64,2.24,88.4,410.2,198,0,55
1447,4.5,2.36,88.3,397.4,208.4,0,54
1448,4.58,2.3,88.3,404.4,203.1,0,54
1449,4.54,2.31,88.3,400.9,204,0,55
1450,4.49,2.36,88.3,396.5,208.4,0,57
1451,5.23,1.74,88.5,462.9,154,0,56
1452,4.54,2.33,88.3,400.9,205.7,0,56
1453,4.66,2.23,88.4,411.9,197.1,0,54
1454,4.57,2.3,88.3,403.5,203.1,0,53
1455,4.58,2.32,88.4,404.9,205.1,0,52
1456,4.61,4.27,88,405.7,375.8,0,53
1457,4.66,4.22,88,410.1,371.4,0,54
1458,4.52,4.31,88,397.8,379.3,0,54
1459,4.58,4.28,88,403,376.6,0,54
1460,4.59,4.26,88,403.9,374.9,0,53
1461,4.64,6.14,87.6,406.5,537.9,0,53
1462,4.6,6.2,87.5,402.5,542.5,0,53
1463,4.64,6.16,87.5,406,539,0,52
1464,4.65,6.13,87.5,406.9,536.4,0,53
1465,4.6,6.18,87.5,402.5,540.8,0,53
1466,4.66,7.09,87.3,406.8,619,0,55
1467,4.62,3.19,88.1,407,281,0,55
1468,4.55,3.26,88,400.4,286.9,0,55
1469,4.73,1.11,88.5,418.6,98.2,0,55
1470,4.6,1.24,88.5,407.1,109.7,0,55
1471,4.63,1.25,88.6,410.2,110.8,0,55
1472,4.45,1.35,88.5,393.8,119.5,0,54
1473,4.56,1.28,88.5,403.6,113.3,0,54
1474,4.63,1.21,88.6,410.2,107.2,0,53
1475,4.58,1.27,88.5,405.3,112.4,0,52
1476,4.7,3.51,88,413.6,308.9,0,52
1477,4.69,4.17,88,412.7,367,0,52
1478,4.65,4.18,87.9,408.7,367.4,0,51
1479,4.69,4.13,87.9,412.3,363,0,51
1480,4.65,4.16,87.9,408.7,365.7,0,51
1481,4.7,4.13,88,413.6,363.4,0,51
1482,4.81,5.98,87.5,420.9,523.3,0,52
1483,4.75,6.04,87.5,415.6,528.5,0,53
1484,4.54,6.22,87.4,396.8,543.6,0,54
1485,4.56,6.18,87.4,398.5,540.1,0,53
1486,4.67,6.1,87.4,408.2,533.1,0,52
1487,4.62,6.16,87.4,403.8,538.4,0,52
1488,4.57,6.15,87.4,399.4,537.5,0,53
1489,4.73,6.05,87.4,413.4,528.8,0,54
1490,4.61,6.17,87.4,402.9,539.3,0,55
1491,4.61,6.14,87.4,402.9,536.6,0,56
1492,4.59,6.2,87.4,401.2,541.9,0,57
1493,4.61,6.12,87.4,402.9,534.9,0,57
1494,4.64,6.13,87.4,405.5,535.8,0,58
1495,4.74,6.01,87.4,414.3,525.3,0,59
1496,4.85,5.98,87.4,423.9,522.7,0,59
1497,4.67,6.09,87.4,408.2,532.3,0,59
1498,4.85,5.94,87.4,423.9,519.2,0,59
1499,4.73,6.05,87.4,413.4,528.8,0,57
1500,4.82,5.98,87.4,421.3,522.7,0,57
1501,4.78,6.03,87.4,417.8,527,0,57
1502,4.7,6.11,87.4,410.8,534,0,57
1503,4.84,5.98,87.4,423,522.7,0,56
1504,4.83,5.98,87.4,422.1,522.7,0,56
1505,4.94,5.95,87.4,431.8,520,0,57
1506,4.88,4.56,87.6,427.5,399.5,0,57
1507,4.81,3.06,88,423.3,269.3,0,57
1508,4.81,3.06,88,423.3,269.3,0,57
1509,4.87,3.02,88,428.6,265.8,0,58
1510,4.86,3.02,88,427.7,265.8,0,58
1511,4.85,3.02,88,426.8,265.8,0,58
1512,4.82,3.09,88,424.2,271.9,0,58
1513,4.89,2.98,88,430.3,262.2,0,58
1514,4.8,3.07,88,422.4,270.2,0,58
1515,5.02,2.86,88,441.8,251.7,0,58
1516,5.02,2.88,88,441.8,253.4,0,57
1517,4.66,3.17,88,410.1,279,0,55
1518,4.72,3.17,88,415.4,279,0,55
1519,4.79,5.03,87.5,419.1,440.1,0,56
1520,4.92,6.89,87.2,429,600.8,0,58
1521,4.93,6.9,87.2,429.9,601.7,0,61
1522,4.96,6.85,87.2,432.5,597.3,0,62
1523,5.01,6.83,87.1,436.4,594.9,0,63
1524,5.16,6.77,87.1,449.4,589.7,0,63
1525,5.08,6.79,87.1,442.5,591.4,0,62
1526,5.05,6.81,87.1,439.9,593.2,0,62
1527,4.95,6.86,87.1,431.1,597.5,0,61
1528,5.16,6.7,87.1,449.4,583.6,0,59
1529,5.11,6.73,87.1,445.1,586.2,0,57
1530,5.06,6.76,87.1,440.7,588.8,0,56
1531,5.13,6.7,87.1,446.8,583.6,0,54
1532,5.13,6.7,87.1,446.8,583.6,0,54
1533,5.07,6.75,87.1,441.6,587.9,0,54
1534,5.05,6.77,87.1,439.9,589.7,0,54
1535,5.11,6.78,87.1,445.1,590.5,0,55
1536,5.13,6.7,87.1,446.8,583.6,0,57
1537,5.02,6.76,87.1,437.2,588.8,0,58
1538,5.09,6.73,87.1,443.3,586.2,0,58
1539,5.22,6.62,87.1,454.7,576.6,0,57
1540,5,6.79,87.1,435.5,591.4,0,56
1541,4.94,6.86,87,429.8,596.8,0,56
1542,4.89,6.9,87,425.4,600.3,0,57
1543,4.9,6.93,87,426.3,602.9,0,59
1544,4.96,6.85,87,431.5,596,0,60
1545,4.77,3.01,87.7,418.3,264,0,61
1546,4.55,3.23,87.7,399,283.3,0,63
1547,4.29,3.46,87.7,376.2,303.4,0,64
1548,4.5,3.58,87.7,394.7,314,0,66
1549,4.48,3.84,87.6,392.4,336.4,0,66
1550,4.55,3.78,87.6,398.6,331.1,0,67
1551,4.97,2.21,87.9,436.9,194.3,0,67
1552,4.96,2.5,88,436.5,220,0,67
1553,4.85,2.69,87.8,425.8,236.2,0,67
1554,4.86,1.96,88,427.7,172.5,0,67
1555,5.02,2.11,88,441.8,185.7,0,67
1556,5.03,1.46,88.1,443.1,128.6,0,66
1557,4.92,2.03,88,433,178.6,0,65
1558,5.05,1.93,88,444.4,169.8,0,65
1559,4.96,1.93,88,436.5,169.8,0,64
1560,5.1,1.85,88,448.8,162.8,0,63
1561,5.09,1.82,88.1,448.4,160.3,0,62
1562,5.17,1.78,88.1,455.5,156.8,0,62
1563,5.2,1.77,88.1,458.1,155.9,0,61
1564,5.09,1.86,88,447.9,163.7,0,60
1565,5.09,1.82,88,447.9,160.2,0,59
1566,5.23,1.73,88.1,460.8,152.4,0,59
1567,5.32,1.65,88.1,468.7,145.4,0,58
1568,5.25,1.71,88.1,462.5,150.7,0,57
1569,5.16,1.77,88.1,454.6,155.9,0,57
1570,5.23,1.7,88.1,460.8,149.8,0,57
1571,5.21,1.75,88.1,459,154.2,0,57
1572,5.27,1.72,88.1,464.3,151.5,0,58
1573,5.25,1.73,88.1,462.5,152.4,0,57
1574,5.45,1.55,88.1,480.1,136.6,0,57
1575,5.37,1.63,88.1,473.1,143.6,0,57
1576,5.29,2.7,88,465.5,237.6,0,56
1577,5.34,2.66,88,469.9,234.1,0,57
1578,5.3,2.7,87.9,465.9,237.3,0,57
1579,5.29,2.69,88,465.5,236.7,0,57
1580,5.38,2.64,88,473.4,232.3,0,57
1581,5.42,2.59,88,477,227.9,0,57
1582,5.57,2.46,88,490.2,216.5,0,56
1583,5.48,2.53,88,482.2,222.6,0,56
1584,5.45,2.56,87.9,479.1,225,0,55
1585,5.35,2.65,88,470.8,233.2,0,55
1586,5.11,2.86,87.9,449.2,251.4,0,55
1587,4.72,3.15,87.7,413.9,276.3,0,54
1588,4.66,3.2,87.8,409.1,281,0,54
1589,4.83,3.06,87.8,424.1,268.7,0,54
1590,4.94,2.96,87.8,433.7,259.9,0,54
1591,4.75,3.12,87.8,417.1,273.9,0,54
1592,5.04,2.92,87.8,442.5,256.4,0,54
1593,5.36,2.63,87.9,471.1,231.2,0,54
1594,5.42,2.55,88,477,224.4,0,55
1595,5.44,2.58,87.9,478.2,226.8,0,55
1596,5.47,2.57,87.9,480.8,225.9,0,54
1597,5.44,2.54,87.9,478.2,223.3,0,53
1598,5.55,2.46,88,488.4,216.5,0,50
1599,5.5,2.49,87.9,483.5,218.9,0,48
1600,5.52,2.46,87.9,485.2,216.2,0,47
1601,5.42,2.55,87.9,476.4,224.1,0,46
1602,5.44,2.53,87.9,478.2,222.4,0,46
1603,5.33,2.62,87.9,468.5,230.3,0,46
1604,5.56,2.46,88,489.3,216.5,0,45
1605,5.62,2.38,88,494.6,209.4,0,45
1606,5.53,2.45,87.9,486.1,215.4,0,45
1607,5.66,2.35,88,498.1,206.8,0,45
1608,5.65,2.34,88,497.2,205.9,0,44
1609,5.47,2.54,87.9,480.8,223.3,0,44
1610,5.49,2.5,87.9,482.6,219.8,0,45
1611,5.34,2.63,87.9,469.4,231.2,0,46
1612,5.53,2.44,87.9,486.1,214.5,0,47
1613,5.66,2.45,87.9,497.5,215.4,0,48
1614,5.64,2.36,87.9,495.8,207.4,0,49
1615,5.46,2.53,87.9,479.9,222.4,0,50
1616,5.27,2.71,87.8,462.7,237.9,0,51
1617,5.46,2.56,87.9,479.9,225,0,52
1618,5.66,2.37,88,498.1,208.6,0,52
1619,5.64,2.4,88,496.3,211.2,0,52
1620,5.66,2.4,88,498.1,211.2,0,52
1621,5.41,2.6,87.9,475.5,228.5,0,52
1622,5.44,2.54,87.9,478.2,223.3,0,52
1623,5.54,2.47,87.9,487,217.1,0,51
1624,5.29,2.7,87.8,464.5,237.1,0,51
1625,5.46,2.54,87.9,479.9,223.3,0,50
1626,5.49,2.48,87.9,482.6,218,0,48
1627,5.49,2.5,87.8,482,219.5,0,47
1628,5.56,2.48,87.9,488.7,218,0,47
1629,5.4,2.57,87.9,474.7,225.9,0,47
1630,5.52,2.49,87.9,485.2,218.9,0,48
1631,5.59,2.44,87.9,491.4,214.5,0,49
1632,5.61,2.45,87.8,492.6,215.1,0,51
1633,5.52,2.5,87.9,485.2,219.8,0,52
1634,5.66,2.38,88,498.1,209.4,0,52
1635,5.54,2.52,87.8,486.4,221.3,0,51
1636,5.55,2.46,87.9,487.8,216.2,0,49
1637,5.54,2.46,87.8,486.4,216,0,48
1638,5.41,2.57,87.8,475,225.6,0,46
1639,5.68,2.33,87.9,499.3,204.8,0,47
1640,5.55,3.46,87.7,486.7,303.4,0,47
1641,5.69,2.32,87.9,500.2,203.9,0,48
1642,5.67,2.36,87.9,498.4,207.4,0,49
1643,5.46,2.6,87.8,479.4,228.3,0,50
1644,5.48,2.5,87.9,481.7,219.8,0,50
1645,5.48,2.51,87.8,481.1,220.4,0,50
1646,5.59,2.4,87.9,491.4,211,0,49
1647,5.57,2.43,87.9,489.6,213.6,0,46
1648,5.46,2.53,87.8,479.4,222.1,0,44
1649,5.49,2.52,87.8,482,221.3,0,42
1650,5.43,2.52,87.8,476.8,221.3,0,41
1651,5.06,2.86,87.7,443.8,250.8,0,41
1652,4.77,3.08,87.7,418.3,270.1,0,41
1653,4.8,3.06,87.7,421,268.4,0,42
1654,4.73,3.12,87.7,414.8,273.6,0,43
1655,4.91,2.98,87.7,430.6,261.3,0,44
1656,4.92,2.96,87.7,431.5,259.6,0,45
1657,4.92,2.94,87.7,431.5,257.8,0,47
1658,4.91,2.99,87.7,430.6,262.2,0,50
1659,4.94,2.97,87.7,433.2,260.5,0,52
1660,4.86,3.04,87.7,426.2,266.6,0,55
1661,4.94,2.99,87.7,433.2,262.2,0,58
1662,5.05,3.02,87.7,442.9,264.9,0,60
1663,5,2.92,87.7,438.5,256.1,0,61
1664,4.97,3,87.7,435.9,263.1,0,61
1665,4.98,2.9,87.7,436.7,254.3,0,62
1666,5.03,2.85,87.7,441.1,249.9,0,63
1667,5.16,2.81,87.7,452.5,246.4,0,63
1668,5.07,2.84,87.7,444.6,249.1,0,64
1669,5.18,2.79,87.7,454.3,244.7,0,64
1670,5.27,2.73,87.7,462.2,239.4,0,64
1671,5.36,2.62,87.7,470.1,229.8,0,64
1672,5.6,2.44,87.8,491.7,214.2,0,64
1673,5.51,2.53,87.8,483.8,222.1,0,64
1674,5.47,3.11,87.7,479.7,272.7,0,66
1675,5.38,1.59,87.9,472.9,139.8,0,68
1676,5.34,0.95,88.1,470.5,83.7,0,69
1677,5.59,1.4,88,491.9,123.2,0,69
1678,5.54,2.1,87.9,487,184.6,0,68
1679,5.64,2.44,87.9,495.8,214.5,0,67
1680,5.64,2.39,87.8,495.2,209.8,0,67
1681,6.08,1.26,88.1,535.6,111,0,67
1682,5.51,3.01,87.7,483.2,264,0,67
1683,5.51,2.04,87.9,484.3,179.3,0,67
1684,5.38,2.32,87.8,472.4,203.7,0,67
1685,5.17,3.25,87.6,452.9,284.7,0,66
1686,5.24,2.96,87.7,459.5,259.6,0,67
1687,5.44,1.96,87.8,477.6,172.1,0,67
1688,5.53,3.09,87.6,484.4,270.7,0,67
1689,5.6,2.85,87.7,491.1,249.9,0,66
1690,5.51,2.52,87.8,483.8,221.3,0,65
1691,5.66,2.39,87.8,496.9,209.8,0,63
1692,5.58,2.46,87.8,489.9,216,0,62
1693,5.52,2.48,87.7,484.1,217.5,0,62
1694,5.51,2.53,87.7,483.2,221.9,0,62
1695,5.53,2.49,87.7,485,218.4,0,61
1696,5.48,2.61,87.7,480.6,228.9,0,62
1697,5.63,2.35,87.8,494.3,206.3,0,62
1698,5.45,2.59,87.7,478,227.1,0,64
1699,5.51,2.39,88,484.9,210.3,0,66
1700,5.48,1.93,87.8,481.1,169.5,0,68
1701,5.49,1.17,88,483.1,103,0,69
1702,5.71,1.22,88,502.5,107.4,0,69
1703,5.61,1.38,88,493.7,121.4,0,68
1704,5.55,1.79,87.9,487.8,157.3,0,68
1705,5.55,1.64,88,488.4,144.3,0,68
1706,5.57,1.7,87.9,489.6,149.4,0,68
1707,5.66,1.97,87.9,497.5,173.2,0,68
1708,5.55,1.63,87.9,487.8,143.3,0,68
1709,5.53,1.61,87.9,486.1,141.5,0,68
1710,5.43,2.01,87.9,477.3,176.7,0,67
1711,5.37,2.78,87.7,470.9,243.8,0,67
1712,5.43,2.3,87.8,476.8,201.9,0,68
1713,5.62,1.23,88,494.6,108.2,0,69
1714,5.44,1.12,88,478.7,98.6,0,69
1715,5.57,1.01,88.1,490.7,89,0,69
1716,5.62,1.03,88.1,495.1,90.7,0,69
1717,5.52,1.11,88,485.8,97.7,0,69
1718,5.59,0.97,88.1,492.5,85.5,0,69
1719,5.64,0.99,88.1,496.9,87.2,0,69
1720,5.62,0.62,88.1,495.1,54.6,0,70
1721,5.84,0.61,88.2,515.1,53.8,0,69
1722,5.63,0.58,88.1,496,51.1,0,69
1723,5.68,0.95,88.1,500.4,83.7,0,69
1724,5.73,1.38,88,504.2,121.4,0,68
1725,5.96,2.76,87.7,522.7,242.1,0,66
1726,5.96,2.19,87.9,523.9,192.5,0,64
1727,5.79,2.29,87.8,508.4,201.1,0,63
1728,5.94,2.23,87.8,521.5,195.8,0,63
1729,5.8,2.31,87.8,509.2,202.8,0,63
1730,5.79,2.28,87.8,508.4,200.2,0,64
1731,5.85,2.31,87.7,513,202.6,0,65
1732,5.83,2.86,87.7,511.3,250.8,0,67
1733,5.73,1.67,87.9,503.7,146.8,0,68
1734,5.83,0.72,88.1,513.6,63.4,0,69
1735,5.82,1.03,88,512.2,90.6,0,69
1736,5.63,1.54,87.9,494.9,135.4,0,69
1737,5.88,1.33,88,517.4,117,0,68
1738,5.9,1.35,88,519.2,118.8,0,68
1739,5.73,1.6,87.9,503.7,140.6,0,67
1740,5.73,1.52,88,504.2,133.8,0,67
1741,5.67,2.75,87.7,497.3,241.2,0,67
1742,5.64,2.91,87.7,494.6,255.2,0,66
1743,5.66,2.12,87.9,497.5,186.3,0,65
1744,5.72,2.38,87.7,501.6,208.7,0,64
1745,6.08,2.21,87.9,534.4,194.3,0,64
1746,5.69,2.36,87.7,499,207,0,63
1747,5.75,2.46,87.8,504.9,216,0,63
1748,5.68,2.35,87.8,498.7,206.3,0,63
1749,5.68,2.41,87.7,498.1,211.4,0,64
1750,5.64,2.46,87.7,494.6,215.7,0,64
1751,5.52,2.52,87.7,484.1,221,0,64
1752,5.59,2.49,87.7,490.2,218.4,0,64
1753,5.69,2.39,87.7,499,209.6,0,63
1754,5.77,2.33,87.8,506.6,204.6,0,64
1755,5.71,2.51,87.8,501.3,220.4,0,64
1756,5.83,2.41,87.7,511.3,211.4,0,64
1757,5.95,2.2,87.8,522.4,193.2,0,64
1758,5.92,2.18,87.8,519.8,191.4,0,63
1759,5.82,2.23,87.8,511,195.8,0,62
1760,5.94,2.24,87.8,521.5,196.7,0,61
1761,5.65,2.42,87.7,495.5,212.2,0,61
1762,5.45,-4.77,89,485.1,-424.5,0,59
1763,5.36,-29.64,93.7,502.2,-2777.3,0,49
1764,6.02,-5.31,89.5,538.8,-475.2,0,35
1765,5.62,-15.97,91.4,513.7,-1459.7,0,30
1766,5.61,-11.14,90.6,508.3,-1009.3,0,24
1767,5.6,-4.92,89.4,500.6,-439.8,0,19
1768,4.9,-4.26,89.3,437.6,-380.4,0,15
1769,5.87,-5.17,89.5,525.4,-462.7,0,11
1770,5.87,-5.16,89.5,525.4,-461.8,0,8
1771,6.19,-0.54,88.6,548.4,-47.8,0,7
1772,6.24,-5.38,89.5,558.5,-481.5,0,0
1773,6.11,-5.39,89.5,546.8,-482.4,0,0
1774,6.14,-5.42,89.5,549.5,-485.1,0,0
1775,6.18,-5.12,89.5,553.1,-458.2,0,0
1776,6.64,-5.87,89.6,594.9,-526,0,3
1777,6.56,-5.8,89.6,587.8,-519.7,0,0
1778,6.66,-0.01,88.6,590.1,-0.9,0,0
1779,6.45,-1.57,88.9,573.4,-139.6,0,0
1780,6.47,-0.91,88.7,573.9,-80.7,0,3
1781,6.24,-5.5,89.6,559.1,-492.8,0,0
1782,6.22,-5.48,89.6,557.3,-491,0,0
1783,6.2,-5.49,89.6,555.5,-491.9,0,0
1784,6.2,-5.49,89.6,555.5,-491.9,0,0
1785,6.19,-5.48,89.6,554.6,-491,0,0
1786,6.2,-5.49,89.6,555.5,-491.9,0,0
1787,6.19,-5.49,89.6,554.6,-491.9,0,0
1788,6.09,-5.4,89.6,545.7,-483.8,0,0
1789,6.21,-5.51,89.7,557,-494.2,0,0
1790,6.22,-5.52,89.7,557.9,-495.1,0,0
1791,6.26,-5.55,89.7,561.5,-497.8,0,0
1792,6.11,-5.42,89.7,548.1,-486.2,0,0
1793,5.85,-5.16,89.6,524.2,-462.3,0,0
1794,5.43,-4.78,89.6,486.5,-428.3,0,0
1795,6.17,-5.45,89.7,553.4,-488.9,0,0
1796,6.16,-5.46,89.8,553.2,-490.3,0,0
1797,6.18,-5.48,89.8,555,-492.1,0,0
1798,6.19,-5.48,89.8,555.9,-492.1,0,0
1799,6.18,-5.47,89.8,555,-491.2,0,0
1800,6.19,-5.48,89.8,555.9,-492.1,0,0
1801,6.19,-5.48,89.8,555.9,-492.1,0,0
1802,6.21,-5.51,89.8,557.7,-494.8,0,0
1803,6.2,-5.48,89.8,556.8,-492.1,0,0
1804,6.21,-5.5,89.8,557.7,-493.9,0,0
1805,6.2,-5.49,89.8,556.8,-493,0,0
1806,6.22,-5.51,89.8,558.6,-494.8,0,0
1807,6.23,-5.52,89.8,559.5,-495.7,0,0
1808,6.22,-5.51,89.8,558.6,-494.8,0,0
1809,6.23,-5.52,89.9,560.1,-496.2,0,0
1810,6.23,-5.52,89.8,559.5,-495.7,0,0
1811,6.22,-5.51,89.9,559.2,-495.3,0,0
1812,6.23,-5.51,89.9,560.1,-495.3,0,0
1813,6.22,-5.51,89.9,559.2,-495.3,0,0
1814,6.24,-5.53,89.9,561,-497.1,0,0
1815,6.24,-5.53,89.9,561,-497.1,0,0
1816,6.24,-5.53,89.9,561,-497.1,0,0
1817,6.22,-5.51,90,559.8,-495.9,0,0
1818,6.24,-5.53,90,561.6,-497.7,0,0
1819,6.24,-5.54,90,561.6,-498.6,0,0
1820,6.26,-5.55,90,563.4,-499.5,0,0
1821,6.26,-5.55,90,563.4,-499.5,0,0
1822,6.25,-5.55,90,562.5,-499.5,0,0
1823,6.26,-5.55,90,563.4,-499.5,0,0
1824,6.26,-5.55,90,563.4,-499.5,0,0
1825,6.27,-5.56,90,564.3,-500.4,0,0
1826,6.25,-5.54,90,562.5,-498.6,0,0
1827,6.26,-5.54,90,563.4,-498.6,0,0
1828,6.27,-5.56,90,564.3,-500.4,0,0
1829,6.27,-5.56,90,564.3,-500.4,0,0
1830,6.28,-5.57,90,565.2,-501.3,0,0
1831,6.27,-5.56,90,564.3,-500.4,0,0
1832,6.28,-5.56,90,565.2,-500.4,0,0
1833,6.28,-5.57,90,565.2,-501.3,0,0
1834,6.29,-5.58,90,566.1,-502.2,0,0
1835,6.28,-5.56,90.1,565.8,-501,0,0
1836,6.29,-5.57,90,566.1,-501.3,0,0
1837,6.27,-5.56,90.1,564.9,-501,0,0
1838,6.29,-5.57,90.1,566.7,-501.9,0,0
1839,6.28,-5.57,90.1,565.8,-501.9,0,0
1840,6.29,-5.59,90,566.1,-503.1,0,0
1841,6.31,-5.59,90.1,568.5,-503.7,0,0
1842,6.31,-5.59,90.1,568.5,-503.7,0,0
1843,6.31,-5.59,90.1,568.5,-503.7,0,0
1844,6.3,-5.58,90.1,567.6,-502.8,0,0
1845,6.32,-5.59,90.1,569.4,-503.7,0,0
1846,6.31,-5.59,90.1,568.5,-503.7,0,0
1847,6.33,-5.61,90.1,570.3,-505.5,0,0
1848,6.34,-5.62,90.1,571.2,-506.4,0,0
1849,6.31,-5.59,90.1,568.5,-503.7,0,0
1850,6.34,-5.61,90.1,571.2,-505.5,0,0
1851,6.32,-5.61,90.1,569.4,-505.5,0,0
1852,6.34,-5.62,90.1,571.2,-506.4,0,0
1853,6.34,-5.62,90.1,571.2,-506.4,0,0
1854,6.35,-5.62,90.1,572.1,-506.4,0,0
1855,6.34,-5.61,90.1,571.2,-505.5,0,0
1856,6.32,-5.61,90.1,569.4,-505.5,0,0
1857,6.34,-5.62,90.1,571.2,-506.4,0,0
1858,6.36,-5.63,90.1,573,-507.3,0,0
1859,6.34,-5.62,90.1,571.2,-506.4,0,0
1860,6.34,-5.62,90.1,571.2,-506.4,0,0
1861,6.34,-5.62,90.1,571.2,-506.4,0,0
1862,6.35,-5.62,90.1,572.1,-506.4,0,0
1863,6.36,-5.64,90.1,573,-508.2,0,0
1864,6.37,-5.64,90.2,574.6,-508.7,0,0
1865,6.36,-5.64,90.2,573.7,-508.7,0,0
1866,6.37,-5.65,90.3,575.2,-510.2,0,0
1867,6.38,-5.66,90.2,575.5,-510.5,0,0
1868,6.39,-5.66,90.3,577,-511.1,0,0
1869,6.39,-5.66,90.2,576.4,-510.5,0,0
1870,6.39,-5.66,90.2,576.4,-510.5,0,0
1871,6.39,-5.67,90.3,577,-512,0,0
1872,6.39,-5.67,90.3,577,-512,0,0
1873,6.39,-5.67,90.2,576.4,-511.4,0,0
1874,6.39,-5.68,90.3,577,-512.9,0,0
1875,6.39,-5.68,90.3,577,-512.9,0,0
1876,6.4,-5.68,90.3,577.9,-512.9,0,0
1877,6.43,-5.7,90.3,580.6,-514.7,0,0
1878,6.4,-5.68,90.3,577.9,-512.9,0,0
1879,6.39,-5.67,90.3,577,-512,0,0
1880,6.39,-5.67,90.3,577,-512,0,0
1881,6.42,-5.69,90.3,579.7,-513.8,0,0
1882,6.39,-5.66,90.3,577,-511.1,0,0
1883,6.42,-5.7,90.3,579.7,-514.7,0,0
1884,6.43,-5.71,90.3,580.6,-515.6,0,0
1885,6.43,-5.71,90.3,580.6,-515.6,0,0
1886,6.43,-5.7,90.3,580.6,-514.7,0,0
1887,6.43,-5.71,90.3,580.6,-515.6,0,0
1888,6.44,-5.71,90.3,581.5,-515.6,0,0
1889,6.43,-5.7,90.3,580.6,-514.7,0,0
1890,6.43,-5.71,90.3,580.6,-515.6,0,0
1891,6.44,-5.71,90.3,581.5,-515.6,0,0
1892,6.44,-5.71,90.3,581.5,-515.6,0,0
1893,6.44,-5.71,90.3,581.5,-515.6,0,0
1894,6.44,-5.72,90.3,581.5,-516.5,0,0
1895,6.45,-5.72,90.3,582.4,-516.5,0,0
1896,6.45,-5.72,90.3,582.4,-516.5,0,0
1897,6.45,-5.72,90.3,582.4,-516.5,0,0
1898,6.47,-5.74,90.3,584.2,-518.3,0,0
1899,6.46,-5.72,90.3,583.3,-516.5,0,0
1900,6.49,-5.76,90.4,586.7,-520.7,0,0
1901,6.46,-5.72,90.3,583.3,-516.5,0,0
1902,6.45,-5.73,90.3,582.4,-517.4,0,0
1903,6.47,-5.73,90.4,584.9,-518,0,0
1904,6.47,-5.74,90.3,584.2,-518.3,0,0
1905,6.46,-5.73,90.3,583.3,-517.4,0,0
1906,6.46,-5.73,90.3,583.3,-517.4,0,0
1907,6.47,-5.74,90.4,584.9,-518.9,0,0
1908,6.47,-5.74,90.4,584.9,-518.9,0,0
1909,6.47,-5.74,90.4,584.9,-518.9,0,0
1910,6.48,-5.75,90.4,585.8,-519.8,0,0
1911,6.49,-5.76,90.4,586.7,-520.7,0,0
1912,6.51,-5.77,90.4,588.5,-521.6,0,0
1913,6.5,-5.77,90.3,587,-521,0,0
1914,6.49,-5.76,90.4,586.7,-520.7,0,0
1915,6.51,-5.78,90.4,588.5,-522.5,0,0
1916,6.5,-5.77,90.4,587.6,-521.6,0,0
1917,6.51,-5.78,90.4,588.5,-522.5,0,0
1918,6.5,-5.77,90.4,587.6,-521.6,0,0
1919,6.5,-5.77,90.4,587.6,-521.6,0,0
1920,6.5,-5.76,90.4,587.6,-520.7,0,0
1921,6.51,-5.78,90.4,588.5,-522.5,0,0
1922,6.55,-5.81,90.4,592.1,-525.2,0,0
1923,6.54,-5.8,90.4,591.2,-524.3,0,0
1924,6.53,-5.8,90.4,590.3,-524.3,0,0
1925,6.53,-5.8,90.4,590.3,-524.3,0,0
1926,6.54,-5.8,90.4,591.2,-524.3,0,0
1927,6.53,-5.8,90.4,590.3,-524.3,0,0
1928,6.66,-5.92,90.4,602.1,-535.2,0,0
1929,6.55,-5.82,90.4,592.1,-526.1,0,0
1930,6.55,-5.81,90.4,592.1,-525.2,0,0
1931,6.56,-5.84,90.4,593,-527.9,0,0
1932,6.55,-5.82,90.4,592.1,-526.1,0,0
1933,6.54,-5.8,90.5,591.9,-524.9,0,0
1934,6.56,-5.82,90.5,593.7,-526.7,0,0
1935,6.57,-5.83,90.4,593.9,-527,0,0
1936,6.56,-5.82,90.5,593.7,-526.7,0,0
1937,6.55,-5.82,90.4,592.1,-526.1,0,0
1938,6.57,-5.83,90.4,593.9,-527,0,0
1939,6.58,-5.84,90.5,595.5,-528.5,0,0
1940,6.56,-5.82,90.5,593.7,-526.7,0,0
1941,6.56,-5.83,90.5,593.7,-527.6,0,0
1942,6.57,-5.84,90.5,594.6,-528.5,0,0
1943,6.57,-5.83,90.5,594.6,-527.6,0,0
1944,6.57,-5.83,90.5,594.6,-527.6,0,0
1945,6.59,-5.85,90.5,596.4,-529.4,0,0
1946,6.61,-5.87,90.5,598.2,-531.2,0,0
1947,6.58,-5.85,90.5,595.5,-529.4,0,0
1948,6.58,-5.84,90.6,596.1,-529.1,0,0
1949,6.56,-5.84,90.6,594.3,-529.1,0,0
1950,6.59,-5.85,90.6,597.1,-530,0,0
1951,6.59,-5.86,90.6,597.1,-530.9,0,0
1952,6.58,-5.85,90.6,596.1,-530,0,0
1953,6.61,-5.88,90.6,598.9,-532.7,0,0
1954,6.62,-5.88,90.6,599.8,-532.7,0,0
1955,6.61,-5.87,90.6,598.9,-531.8,0,0
1956,6.6,-5.87,90.6,598,-531.8,0,0
1957,6.63,-5.89,90.6,600.7,-533.6,0,0
1958,6.63,-5.9,90.6,600.7,-534.5,0,0
1959,6.63,-5.88,90.6,600.7,-532.7,0,0
1960,6.64,-5.89,90.6,601.6,-533.6,0,0
1961,6.65,-5.91,90.6,602.5,-535.4,0,0
1962,6.66,-5.92,90.6,603.4,-536.4,0,0
1963,6.64,-5.9,90.6,601.6,-534.5,0,0
1964,6.63,-5.89,90.6,600.7,-533.6,0,0
1965,6.66,-5.92,90.6,603.4,-536.4,0,0
1966,6.91,-6.15,90.6,626,-557.2,0,0
1967,6.63,-5.89,90.6,600.7,-533.6,0,0
1968,6.64,-5.9,90.6,601.6,-534.5,0,0
1969,6.67,-5.93,90.6,604.3,-537.3,0,0
1970,6.66,-5.92,90.6,603.4,-536.4,0,0
1971,6.67,-5.93,90.6,604.3,-537.3,0,0
1972,6.67,-5.92,90.6,604.3,-536.4,0,0
1973,6.68,-5.94,90.6,605.2,-538.2,0,0
1974,6.68,-5.93,90.6,605.2,-537.3,0,0
1975,6.69,-5.94,90.6,606.1,-538.2,0,0
1976,6.69,-5.95,90.6,606.1,-539.1,0,0
1977,6.68,-5.93,90.6,605.2,-537.3,0,0
1978,6.68,-5.94,90.6,605.2,-538.2,0,0
1979,6.89,-6.14,90.7,624.9,-556.9,0,0
1980,6.73,-5.98,90.6,609.7,-541.8,0,0
1981,6.73,-5.99,90.6,609.7,-542.7,0,0
1982,6.75,-6.01,90.7,612.2,-545.1,0,0
1983,6.74,-6,90.6,610.6,-543.6,0,0
1984,6.74,-6,90.6,610.6,-543.6,0,0
1985,6.72,-5.97,90.7,609.5,-541.5,0,0
1986,6.76,-6.01,90.6,612.5,-544.5,0,0
1987,6.76,-6,90.7,613.1,-544.2,0,0
1988,6.76,-6.01,90.6,612.5,-544.5,0,0
1989,6.75,-6.01,90.7,612.2,-545.1,0,0
1990,6.75,-6.01,90.7,612.2,-545.1,0,0
1991,6.76,-6.02,90.7,613.1,-546,0,0
1992,6.77,-6.03,90.6,613.4,-546.3,0,0
1993,6.76,-6.02,90.7,613.1,-546,0,0
1994,6.77,-6.02,90.7,614,-546,0,0
1995,6.77,-6.02,90.7,614,-546,0,0
1996,6.76,-6.01,90.7,613.1,-545.1,0,0
1997,6.76,-6.02,90.7,613.1,-546,0,0
1998,6.77,-6.03,90.7,614,-546.9,0,0
1999,6.77,-6.02,90.7,614,-546,0,0
2000,6.77,-6.02,90.7,614,-546,0,0
2001,6.78,-6.04,90.7,614.9,-547.8,0,0
2002,6.78,-6.04,90.7,614.9,-547.8,0,0
2003,6.8,-6.05,90.7,616.8,-548.7,0,0
2004,6.79,-6.04,90.7,615.9,-547.8,0,0
2005,6.78,-6.04,90.7,614.9,-547.8,0,0
2006,6.81,-6.06,90.7,617.7,-549.6,0,0
2007,6.8,-6.04,90.7,616.8,-547.8,0,0
2008,6.86,-6.11,90.7,622.2,-554.2,0,0
2009,6.9,-6.14,90.7,625.8,-556.9,0,0
2010,6.94,-6.18,90.8,630.2,-561.1,0,0
2011,6.96,-6.19,90.7,631.3,-561.4,0,0
2012,6.97,-6.22,90.7,632.2,-564.2,0,0
2013,6.97,-6.21,90.7,632.2,-563.2,0,0
2014,6.95,-6.19,90.8,631.1,-562.1,0,0
2015,6.96,-6.19,90.7,631.3,-561.4,0,0
2016,6.97,-6.21,90.8,632.9,-563.9,0,0
2017,6.97,-6.21,90.8,632.9,-563.9,0,0
2018,6.96,-6.2,90.8,632,-563,0,0
2019,6.98,-6.22,90.8,633.8,-564.8,0,0
2020,6.98,-6.21,90.8,633.8,-563.9,0,0
2021,6.98,-6.21,90.8,633.8,-563.9,0,0
2022,6.99,-6.22,90.9,635.4,-565.4,0,0
2023,6.99,-6.23,90.9,635.4,-566.3,0,0
2024,7,-6.23,90.8,635.6,-565.7,0,0
2025,7,-6.24,90.9,636.3,-567.2,0,0
2026,7,-6.24,90.9,636.3,-567.2,0,0
2027,7.01,-6.24,90.9,637.2,-567.2,0,0
2028,6.98,-6.21,90.9,634.5,-564.5,0,0
2029,7,-6.23,90.9,636.3,-566.3,0,0
2030,6.99,-6.22,90.9,635.4,-565.4,0,0
2031,7.08,-6.32,90.9,643.6,-574.5,0,0
2032,7.06,-6.29,90.9,641.8,-571.8,0,0
2033,7.06,-6.3,90.9,641.8,-572.7,0,0
2034,7.07,-6.31,90.9,642.7,-573.6,0,0
2035,7.07,-6.3,90.9,642.7,-572.7,0,0
2036,7.05,-6.28,90.9,640.8,-570.9,0,0
2037,7.05,-6.29,90.9,640.8,-571.8,0,0
2038,7.03,-6.27,90.9,639,-569.9,0,0
2039,7.01,-6.25,90.9,637.2,-568.1,0,0
2040,7.01,-6.25,90.9,637.2,-568.1,0,0
2041,7,-6.24,90.9,636.3,-567.2,0,0
2042,7.07,-6.3,90.9,642.7,-572.7,0,0
2043,7,-6.23,90.9,636.3,-566.3,0,0
2044,7.04,-6.28,90.9,639.9,-570.9,0,0
2045,7.05,-6.29,90.9,640.8,-571.8,0,0
2046,7.05,-6.28,90.9,640.8,-570.9,0,0
2047,7.08,-6.32,90.9,643.6,-574.5,0,0
2048,7.03,-6.27,90.9,639,-569.9,0,0
2049,7.07,-6.3,90.9,642.7,-572.7,0,0
2050,7.07,-6.31,90.9,642.7,-573.6,0,0
2051,7.06,-6.3,90.9,641.8,-572.7,0,0
2052,7.06,-6.3,90.9,641.8,-572.7,0,0
2053,7.05,-6.28,90.9,640.8,-570.9,0,0
2054,7.05,-6.29,90.9,640.8,-571.8,0,0
2055,7.07,-6.31,90.9,642.7,-573.6,0,0
2056,7.07,-6.3,90.9,642.7,-572.7,0,0
2057,7.06,-6.31,90.9,641.8,-573.6,0,0
2058,7.07,-6.3,90.9,642.7,-572.7,0,0
2059,7.08,-6.31,90.9,643.6,-573.6,0,0
2060,7.08,-6.32,90.9,643.6,-574.5,0,0
2061,7.08,-6.32,90.9,643.6,-574.5,0,0
2062,7.08,-6.32,90.9,643.6,-574.5,0,0
2063,7.08,-6.33,90.9,643.6,-575.4,0,0
2064,7.11,-6.35,90.9,646.3,-577.2,0,0
2065,7.07,-6.3,90.9,642.7,-572.7,0,0
2066,7.1,-6.33,90.9,645.4,-575.4,0,0
2067,7.13,-6.36,91,648.8,-578.8,0,0
2068,7.12,-6.34,91,647.9,-576.9,0,0
2069,7.11,-6.35,91,647,-577.9,0,0
2070,7.12,-6.35,91,647.9,-577.9,0,0
2071,7.15,-6.37,90.9,649.9,-579,0,0
2072,7.13,-6.37,91,648.8,-579.7,0,0
2073,7.14,-6.37,91,649.7,-579.7,0,0
2074,7.11,-6.34,91,647,-576.9,0,0
2075,7.14,-6.36,91,649.7,-578.8,0,0
2076,7.13,-6.36,91,648.8,-578.8,0,0
2077,7.14,-6.37,90.9,649,-579,0,0
2078,7.14,-6.37,91,649.7,-579.7,0,0
2079,7.14,-6.38,91,649.7,-580.6,0,0
2080,7.15,-6.37,91,650.7,-579.7,0,0
2081,7.16,-6.38,90.9,650.8,-579.9,0,0
2082,7.12,-6.36,91,647.9,-578.8,0,0
2083,7.16,-6.39,91,651.6,-581.5,0,0
2084,7.16,-6.39,91,651.6,-581.5,0,0
2085,7.17,-6.39,91,652.5,-581.5,0,0
2086,7.15,-6.38,91,650.7,-580.6,0,0
2087,7.16,-6.39,91,651.6,-581.5,0,0
2088,7.17,-6.4,91,652.5,-582.4,0,0
2089,7.17,-6.39,91,652.5,-581.5,0,0
2090,7.15,-6.38,91,650.7,-580.6,0,0
2091,7.19,-6.42,91,654.3,-584.2,0,0
2092,7.18,-6.41,91,653.4,-583.3,0,0
2093,7.18,-6.41,91,653.4,-583.3,0,0
2094,7.2,-6.43,91,655.2,-585.1,0,0
2095,7.2,-6.43,91,655.2,-585.1,0,0
2096,5.72,-5.06,90.9,519.9,-460,0,0
2097,6.8,-6.06,91,618.8,-551.5,0,0
2098,5.72,-5.05,90.9,519.9,-459,0,0
2099,5.72,-5.06,90.9,519.9,-460,0,0
2100,6.41,-5.7,90.9,582.7,-518.1,0,0
2101,5.78,-5.11,90.9,525.4,-464.5,0,0
2102,6.36,-5.65,90.9,578.1,-513.6,0,0
2103,6.78,-6.03,91,617,-548.7,0,0
2104,7.03,-6.27,91,639.7,-570.6,0,0
2105,7.28,-6.49,91,662.5,-590.6,0,0
2106,7.3,-6.52,91,664.3,-593.3,0,0
2107,7.31,-6.53,91,665.2,-594.2,0,0
2108,6.99,-6.23,91,636.1,-566.9,0,0
2109,7.14,-6.38,91,649.7,-580.6,0,0
2110,7.24,-6.47,91,658.8,-588.8,0,0
2111,7.31,-6.53,91.1,665.9,-594.9,0,0
2112,7.29,-6.5,91.1,664.1,-592.2,0,0
2113,7.29,-6.5,91.1,664.1,-592.2,0,0
2114,7.3,-6.52,91.1,665,-594,0,0
2115,7.3,-6.51,91.1,665,-593.1,0,0
2116,7.3,-6.51,91.1,665,-593.1,0,0
2117,7.3,-6.52,91.2,665.8,-594.6,0,0
2118,7.3,-6.52,91.1,665,-594,0,0
2119,7.3,-6.52,91.2,665.8,-594.6,0,0
2120,7.3,-6.52,91.2,665.8,-594.6,0,0
2121,7.29,-6.5,91.1,664.1,-592.2,0,0
2122,7.29,-6.5,91.1,664.1,-592.2,0,0
2123,7.32,-6.54,91.2,667.6,-596.4,0,0
2124,7.3,-6.52,91.2,665.8,-594.6,0,0
2125,7.32,-6.53,91.2,667.6,-595.5,0,0
2126,7.34,-6.56,91.2,669.4,-598.3,0,0
2127,7.31,-6.53,91.2,666.7,-595.5,0,0
2128,7.33,-6.55,91.2,668.5,-597.4,0,0
2129,7.33,-6.55,91.2,668.5,-597.4,0,0
2130,7.35,-6.57,91.2,670.3,-599.2,0,0
2131,7.33,-6.55,91.2,668.5,-597.4,0,0
2132,7.34,-6.55,91.2,669.4,-597.4,0,0
2133,7.34,-6.53,91.2,669.4,-595.5,0,0
2134,7.37,-6.59,91.2,672.1,-601,0,0
2135,7.34,-6.57,91.2,669.4,-599.2,0,0
2136,7.38,-6.59,91.2,673.1,-601,0,0
2137,7.36,-6.58,91.2,671.2,-600.1,0,0
2138,7.36,-6.58,91.2,671.2,-600.1,0,0
2139,7.37,-6.59,91.2,672.1,-601,0,0
2140,7.37,-6.59,91.2,672.1,-601,0,0
2141,7.36,-6.45,91.2,671.2,-588.2,0,0
2142,7.38,-6.49,91.2,673.1,-591.9,0,0
2143,7.37,-6.59,91.2,672.1,-601,0,0
2144,7.39,-6.61,91.2,674,-602.8,0,0
2145,7.37,-6.59,91.2,672.1,-601,0,0
2146,7.37,-6.59,91.2,672.1,-601,0,0
2147,7.41,-6.62,91.2,675.8,-603.7,0,0
2148,7.39,-6.61,91.2,674,-602.8,0,0
2149,7.4,-6.62,91.2,674.9,-603.7,0,0
2150,7.42,-6.63,91.2,676.7,-604.7,0,0
2151,7.41,-6.62,91.2,675.8,-603.7,0,0
2152,7.43,-6.64,91.2,677.6,-605.6,0,0
2153,7.39,-6.61,91.2,674,-602.8,0,0
2154,7.43,-6.64,91.2,677.6,-605.6,0,0
2155,7.43,-6.64,91.2,677.6,-605.6,0,0
2156,7.42,-6.61,91.2,676.7,-602.8,0,0
2157,7.42,-6.63,91.2,676.7,-604.7,0,0
2158,7.43,-6.63,91.3,678.4,-605.3,0,0
2159,7.45,-6.66,91.3,680.2,-608.1,0,0
2160,7.5,-6.71,91.3,684.8,-612.6,0,0
2161,7.49,-6.7,91.2,683.1,-611,0,0
2162,7.43,-6.52,91.2,677.6,-594.6,0,0
2163,7.45,-6.65,91.3,680.2,-607.1,0,0
2164,7.43,-6.65,91.3,678.4,-607.1,0,0
2165,7.45,-6.66,91.3,680.2,-608.1,0,0
2166,7.46,-6.67,91.3,681.1,-609,0,0
2167,7.67,-2.05,90.5,694.1,-185.5,0,0
2168,7.41,5.88,89.1,660.2,523.9,0,0
2169,5.65,8.14,88.5,500,720.4,0,12
2170,5.72,1.92,89.6,512.5,172,0,21
2171,6.16,-5.44,90.9,559.9,-494.5,0,23
2172,5.92,7.27,88.6,524.5,644.1,0,23
2173,6.2,11.76,87.8,544.4,1032.5,0,32
2174,5.69,12.18,87.7,499,1068.2,0,40
2175,6.43,11.59,87.7,563.9,1016.4,0,45
2176,6.33,8.19,88.3,558.9,723.2,0,49
2177,6.72,6.85,88.4,594,605.5,0,52
2178,7.07,6.6,88.5,625.7,584.1,0,55
2179,6.77,6.81,88.4,598.5,602,0,58
2180,7.11,6.58,88.4,628.5,581.7,0,61
2181,6.97,6.11,88.5,616.8,540.7,0,64
2182,6.54,6.07,88.5,578.8,537.2,0,67
2183,6.15,4.67,88.7,545.5,414.2,0,68
2184,6.07,4.74,88.7,538.4,420.4,0,68
2185,6.44,5.37,88.6,570.6,475.8,0,67
2186,6.35,6.57,88.4,561.3,580.8,0,67
2187,6.5,7.24,88.2,573.3,638.6,0,66
2188,6.61,7.09,88.2,583,625.3,0,66
2189,6.87,6.49,88.4,607.3,573.7,0,67
2190,6.77,4.78,88.6,599.8,423.5,0,68
2191,6.64,3.55,88.9,590.3,315.6,0,69
2192,6.59,2.19,89.2,587.8,195.3,0,69
2193,6.67,0.79,89.5,597,70.7,0,70
2194,6.64,-0.04,89.7,595.6,-3.6,0,71
2195,6.67,0.97,89.5,597,86.8,0,70
2196,7.1,1.66,89.3,634,148.2,0,70
2197,7.18,1.95,89.2,640.5,173.9,0,69
2198,7.22,0.72,89.5,646.2,64.4,0,70
2199,7.15,-0.05,89.7,641.4,-4.5,0,70
2200,7.11,-0.1,89.7,637.8,-9,0,71
2201,7.31,0.63,89.5,654.2,56.4,0,70
2202,7.42,2.11,89.2,661.9,188.2,0,69
2203,7.52,3.34,89,669.3,297.3,0,68
2204,7.4,3.82,88.9,657.9,339.6,0,68
2205,7.36,3.5,89,655,311.5,0,68
2206,7.45,3.33,89,663.1,296.4,0,69
2207,7.34,3.3,89,653.3,293.7,0,69
2208,7.33,3.27,89,652.4,291,0,68
2209,7.35,3.34,89,654.2,297.3,0,68
2210,7.35,3.1,89,654.2,275.9,0,69
2211,7.34,2.43,89.1,654,216.5,0,69
2212,7.28,1.12,89.4,650.8,100.1,0,70
2213,7.16,0.89,89.4,640.1,79.6,0,70
2214,7.41,1.88,89.2,661,167.7,0,69
2215,7.35,2.56,89.1,654.9,228.1,0,69
2216,7.42,2.69,89.1,661.1,239.7,0,69
2217,7.49,3.01,89,666.6,267.9,0,69
2218,7.29,4.33,88.8,647.4,384.5,0,68
2219,7.45,4.91,88.7,660.8,435.5,0,67
2220,7.46,5.5,88.5,660.2,486.8,0,67
2221,7.3,4.68,88.6,646.8,414.6,0,68
2222,7.33,4.33,88.7,650.2,384.1,0,68
2223,7.39,3.51,88.9,657,312,0,68
2224,7.27,3.71,88.8,645.6,329.4,0,68
2225,7.46,3.49,88.9,663.2,310.3,0,68
2226,7.49,3.57,88.9,665.9,317.4,0,68
2227,7.26,2.63,89,646.1,234.1,0,69
2228,7.34,0.89,89.4,656.2,79.6,0,70
2229,7.21,-0.52,89.7,646.7,-46.6,0,71
2230,7.2,-1.94,89.9,647.3,-174.4,0,72
2231,7.06,-2.21,90,635.4,-198.9,0,72
2232,7.19,-2.19,90,647.1,-197.1,0,72
2233,7.1,-1.18,89.8,637.6,-106,0,71
2234,7.07,0.39,89.5,632.8,34.9,0,70
2235,7.29,1.21,89.4,651.7,108.2,0,70
2236,7.29,1.91,89.3,651,170.6,0,69
2237,7.42,2.87,89.1,661.1,255.7,0,69
2238,7.58,3.49,88.9,673.9,310.3,0,68
2239,7.48,3.46,89,665.7,307.9,0,68
2240,7.6,3.65,88.9,675.6,324.5,0,68
2241,7.56,3.01,89,672.8,267.9,0,68
2242,7.58,4.59,88.7,672.3,407.1,0,68
2243,7.48,5.27,88.5,662,466.4,0,67
2244,7.55,4.57,88.7,669.7,405.4,0,67
2245,7.54,5.78,88.4,666.5,511,0,67
2246,7.45,6.4,88.3,657.8,565.1,0,66
2247,7.51,5.37,88.6,665.4,475.8,0,67
2248,7.55,4.63,88.6,668.9,410.2,0,67
2249,7.64,4.07,88.7,677.7,361,0,68
2250,7.58,4.03,88.7,672.3,357.5,0,68
2251,7.68,4.17,88.7,681.2,369.9,0,68
2252,7.55,3.45,88.8,670.4,306.4,0,68
2253,7.6,2.31,89,676.4,205.6,0,69
2254,7.58,1.26,89.2,676.1,112.4,0,70
2255,7.54,0.34,89.4,674.1,30.4,0,70
2256,7.52,0.23,89.5,673,20.6,0,70
2257,7.44,0.52,89.4,665.1,46.5,0,70
2258,7.33,0.3,89.5,656,26.9,0,70
2259,7.23,-1.14,89.7,648.5,-102.3,0,71
2260,7.07,-2.79,90,636.3,-251.1,0,72
2261,7.14,-3.74,90.2,644,-337.3,0,73
2262,7.29,-2.34,89.9,655.4,-210.4,0,72
2263,7.54,-0.39,89.6,675.6,-34.9,0,71
2264,7.62,1.09,89.4,681.2,97.4,0,70
2265,7.59,1.82,89.2,677,162.3,0,69
2266,7.64,2.04,89.2,681.5,182,0,69
2267,7.64,2.25,89.1,680.7,200.5,0,69
2268,7.59,2.58,89,675.5,229.6,0,69
2269,7.69,2.83,89,684.4,251.9,0,69
2270,7.71,3.6,88.8,684.6,319.7,0,68
2271,7.78,3.55,88.9,691.6,315.6,0,68
2272,7.76,4.24,88.7,688.3,376.1,0,68
2273,7.68,4.24,88.7,681.2,376.1,0,68
2274,7.71,4.09,88.7,683.9,362.8,0,68
2275,7.76,3.45,88.8,689.1,306.4,0,68
2276,7.73,2.99,88.9,687.2,265.8,0,69
2277,7.69,2.88,88.9,683.6,256,0,68
2278,7.93,3.63,88.8,704.2,322.3,0,68
2279,8.01,4.14,88.7,710.5,367.2,0,67
2280,7.95,5.23,88.5,703.6,462.9,0,67
2281,7.9,4.17,88.6,699.9,369.5,0,67
2282,7.81,3.76,88.7,692.7,333.5,0,68
2283,7.85,2.87,88.9,697.9,255.1,0,68
2284,7.87,3.47,88.7,698.1,307.8,0,68
2285,7.9,3.18,88.9,702.3,282.7,0,68
2286,7.85,3.28,88.8,697.1,291.3,0,68
2287,7.85,3.11,88.9,697.9,276.5,0,68
2288,7.95,3.04,88.9,706.8,270.3,0,68
2289,7.93,3.29,88.8,704.2,292.2,0,68
2290,8,3.07,88.8,710.4,272.6,0,68
2291,7.92,2.97,88.9,704.1,264,0,68
2292,7.91,2.5,89,704,222.5,0,69
2293,7.91,2.26,89,704,201.1,0,69
2294,7.85,1.95,89.1,699.4,173.7,0,69
2295,7.84,1.97,89.1,698.5,175.5,0,69
2296,7.85,1.84,89.1,699.4,163.9,0,69
2297,7.89,1.1,89.2,703.8,98.1,0,70
2298,7.82,-0.14,89.4,699.1,-12.5,0,70
2299,7.77,0.49,89.4,694.6,43.8,0,70
2300,7.91,1.02,89.3,706.4,91.1,0,70
2301,7.93,1.92,89.1,706.6,171.1,0,69
2302,7.86,2.01,89.1,700.3,179.1,0,69
2303,7.96,2.31,89,708.4,205.6,0,69
2304,8.04,2.02,89.1,716.4,180,0,69
2305,8,2.47,89,712,219.8,0,69
2306,7.97,3.65,88.8,707.7,324.1,0,68
2307,8.04,5.06,88.5,711.5,447.8,0,67
2308,7.99,5.07,88.5,707.1,448.7,0,67
2309,7.97,3.82,88.7,706.9,338.8,0,68
2310,7.89,2.92,88.8,700.6,259.3,0,68
2311,7.83,1.52,89.1,697.7,135.4,0,69
2312,7.84,1.74,89.1,698.5,155,0,69
2313,8.03,2.44,89,714.7,217.2,0,68
2314,8.12,4.17,88.6,719.4,369.5,0,67
2315,8.18,4.55,88.6,724.7,403.1,0,67
2316,8.09,5.99,88.3,714.3,528.9,0,67
2317,8.06,4.55,88.6,714.1,403.1,0,67
2318,8.13,4.93,88.5,719.5,436.3,0,67
2319,8.16,4.32,88.6,723,382.8,0,68
2320,8.11,4.07,88.6,718.5,360.6,0,68
2321,8.1,3.39,88.8,719.3,301,0,68
2322,8.13,3.52,88.7,721.1,312.2,0,68
2323,8.13,4.16,88.6,720.3,368.6,0,67
2324,8.19,6.17,88.1,721.5,543.6,0,67
2325,8.14,5.66,88.3,718.8,499.8,0,67
2326,8.08,4.33,88.5,715.1,383.2,0,67
2327,8.1,3.54,88.6,717.7,313.6,0,68
2328,7.84,3.46,88.7,695.4,306.9,0,68
2329,7.87,2.89,88.8,698.9,256.6,0,68
2330,7.65,3.49,88.7,678.6,309.6,0,68
2331,7.62,3,88.8,676.7,266.4,0,68
2332,7.88,3.05,88.8,699.7,270.8,0,68
2333,7.66,3.06,88.8,680.2,271.7,0,68
2334,7.63,3.26,88.7,676.8,289.2,0,68
2335,7.53,3.16,88.7,667.9,280.3,0,68
2336,7.55,3.58,88.6,668.9,317.2,0,68
2337,7.59,4.61,88.5,671.7,408,0,67
2338,7.66,5.5,88.3,676.4,485.7,0,67
2339,7.62,4.49,88.5,674.4,397.4,0,67
2340,7.89,4.48,88.5,698.3,396.5,0,67
2341,7.98,3.9,88.6,707,345.5,0,68
2342,7.84,3.13,88.8,696.2,277.9,0,68
2343,7.8,3.21,88.6,691.1,284.4,0,68
2344,7.76,2.78,88.8,689.1,246.9,0,68
2345,7.85,3.21,88.7,696.3,284.7,0,68
2346,7.73,3.04,88.7,685.7,269.6,0,68
2347,7.76,3.22,88.7,688.3,285.6,0,68
2348,7.84,3.44,88.7,695.4,305.1,0,68
2349,7.87,4.12,88.6,697.3,365,0,67
2350,7.95,5.72,88.2,701.2,504.5,0,67
2351,7.97,5.64,88.3,703.8,498,0,66
2352,7.94,5.56,88.3,701.1,490.9,0,66
2353,8.05,4.82,88.4,711.6,426.1,0,67
2354,7.98,5.21,88.3,704.6,460,0,67
2355,7.86,3.51,88.6,696.4,311,0,68
2356,7.74,2.49,88.8,687.3,221.1,0,68
2357,7.79,2.39,88.8,691.8,212.2,0,68
2358,7.81,2.93,88.7,692.7,259.9,0,68
2359,7.82,2.69,88.8,694.4,238.9,0,68
2360,7.93,2.7,88.8,704.2,239.8,0,68
2361,7.9,2.66,88.7,700.7,235.9,0,68
2362,7.89,2.78,88.8,700.6,246.9,0,68
2363,7.88,3.7,88.6,698.2,327.8,0,68
2364,8.02,3.55,88.6,710.6,314.5,0,68
2365,7.91,2.88,88.7,701.6,255.5,0,68
2366,7.82,2.57,88.8,694.4,228.2,0,69
2367,7.8,2.5,88.8,692.6,222,0,69
2368,7.93,2.44,88.8,704.2,216.7,0,69
2369,8,2.72,88.8,710.4,241.5,0,68
2370,7.95,3.17,88.7,705.2,281.2,0,68
2371,8.07,3.99,88.5,714.2,353.1,0,68
2372,7.99,3.94,88.5,707.1,348.7,0,68
2373,8.1,3.66,88.6,717.7,324.3,0,68
2374,8.09,3.72,88.6,716.8,329.6,0,67
2375,8.1,4.7,88.4,716,415.5,0,67
2376,8.12,4.62,88.3,717,407.9,0,67
2377,7.97,4.45,88.4,704.5,393.4,0,67
2378,8.06,4.13,88.4,712.5,365.1,0,67
2379,8.01,3.97,88.5,708.9,351.3,0,67
2380,7.99,3.77,88.5,707.1,333.6,0,67
2381,7.94,3.78,88.6,703.5,334.9,0,68
2382,8.01,3.55,88.6,709.7,314.5,0,68
2383,7.97,3.36,88.6,706.1,297.7,0,68
2384,8.01,3.22,88.6,709.7,285.3,0,68
2385,8.05,3.59,88.5,712.4,317.7,0,68
2386,8.02,3.91,88.5,709.8,346,0,67
2387,8.11,3.77,88.5,717.7,333.6,0,67
2388,8.22,5.64,88.2,725,497.4,0,66
2389,8.16,5.12,88.3,720.5,452.1,0,67
2390,8.13,4.57,88.3,717.9,403.5,0,67
2391,8.03,4.43,88.4,709.9,391.6,0,67
2392,8.12,4.63,88.3,717,408.8,0,67
2393,8.04,4.25,88.3,709.9,375.3,0,67
2394,8.13,3.79,88.4,718.7,335,0,67
2395,7.85,3.61,88.5,694.7,319.5,0,67
2396,8.04,3.42,88.5,711.5,302.7,0,68
2397,7.97,3.51,88.5,705.3,310.6,0,68
2398,7.95,3.28,88.6,704.4,290.6,0,68
2399,8.03,3.36,88.5,710.7,297.4,0,68
2400,8.01,3.73,88.4,708.1,329.7,0,68
2401,8.05,3.91,88.5,712.4,346,0,68
2402,7.99,3.32,88.6,707.9,294.2,0,68
2403,7.9,3.5,88.5,699.2,309.8,0,68
2404,8.05,3.19,88.6,713.2,282.6,0,68
2405,8.06,3.09,88.6,714.1,273.8,0,68
2406,8.01,3.45,88.5,708.9,305.3,0,68
2407,7.92,3.6,88.5,700.9,318.6,0,68
2408,7.98,3.22,88.6,707,285.3,0,68
2409,7.98,2.78,88.6,707,246.3,0,68
2410,8.02,3.02,88.6,710.6,267.6,0,68
2411,7.97,2.48,88.7,706.9,220,0,68
2412,7.89,2.7,88.6,699.1,239.2,0,68
2413,7.93,2.35,88.7,703.4,208.4,0,68
2414,7.87,2.69,88.7,698.1,238.6,0,68
2415,7.87,2.93,88.6,697.3,259.6,0,68
2416,7.8,2.61,88.7,691.9,231.5,0,68
2417,7.91,2.39,88.8,702.4,212.2,0,68
2418,8.08,1.96,88.8,717.5,174,0,69
2419,8,1.96,88.8,710.4,174,0,69
2420,8.05,2.09,88.8,714.8,185.6,0,69
2421,8.1,2.35,88.7,718.5,208.4,0,68
2422,8.19,3.08,88.6,725.6,272.9,0,68
2423,7.97,2.89,88.6,706.1,256.1,0,68
2424,8.16,2.44,88.7,723.8,216.4,0,68
2425,8.09,2.89,88.6,716.8,256.1,0,68
2426,8.09,3.21,88.6,716.8,284.4,0,68
2427,8.14,3.51,88.5,720.4,310.6,0,67
2428,8.18,3.88,88.4,723.1,343,0,67
2429,8.12,3.72,88.5,718.6,329.2,0,68
2430,8.17,3.16,88.6,723.9,280,0,68
2431,8.19,3.39,88.5,724.8,300,0,68
2432,8.04,3.82,88.4,710.7,337.7,0,67
2433,8.03,5.5,88.1,707.4,484.6,0,67
2434,8.22,4.08,88.4,726.6,360.7,0,67
2435,8.15,4.72,88.2,718.8,416.3,0,67
2436,8.14,3.99,88.3,718.8,352.3,0,67
2437,7.93,3.96,88.3,700.2,349.7,0,68
2438,8.01,3.88,88.4,708.1,343,0,68
2439,7.96,4.04,88.3,702.9,356.7,0,68
2440,8.03,4.55,88.2,708.2,401.3,0,67
2441,8.02,4.11,88.3,708.2,362.9,0,67
2442,8.11,3.51,88.4,716.9,310.3,0,68
2443,7.64,3.28,88.5,676.1,290.3,0,68
2444,7.75,3.13,88.6,686.7,277.3,0,68
2445,7.78,3.38,88.4,687.8,298.8,0,68
2446,7.86,3.64,88.4,694.8,321.8,0,67
2447,7.91,3.6,88.4,699.2,318.2,0,67
2448,8.23,3.93,88.4,727.5,347.4,0,67
2449,8.2,5.36,88,721.6,471.7,0,67
2450,8.25,6.02,87.9,725.2,529.2,0,67
2451,8.1,5.3,88.1,713.6,466.9,0,67
2452,8.16,4.23,88.2,719.7,373.1,0,67
2453,8.22,4.86,88.2,725,428.7,0,67
2454,8.13,4.22,88.2,717.1,372.2,0,67
2455,8.23,3.63,88.4,727.5,320.9,0,67
2456,8.23,4.12,88.3,726.7,363.8,0,67
2457,8.2,4.08,88.2,723.2,359.9,0,67
2458,8.31,4.01,88.2,732.9,353.7,0,68
2459,8.26,3.52,88.4,730.2,311.2,0,68
2460,8.28,3.26,88.4,732,288.2,0,68
2461,8.25,2.57,88.6,731,227.7,0,68
2462,8.37,3.15,88.4,739.9,278.5,0,68
2463,8.44,3.06,88.5,746.9,270.8,0,68
2464,8.49,2.96,88.5,751.4,262,0,68
2465,8.46,2.69,88.5,748.7,238.1,0,68
2466,8.47,2.69,88.6,750.4,238.3,0,68
2467,8.46,3.3,88.4,747.9,291.7,0,68
2468,8.21,3.48,88.3,724.9,307.3,0,68
2469,8.3,3.95,88.3,732.9,348.8,0,68
2470,8.27,4,88.3,730.2,353.2,0,67
2471,8.16,3.57,88.4,721.3,315.6,0,68
2472,8.1,2.81,88.5,716.9,248.7,0,68
2473,8.18,2.39,88.6,724.7,211.8,0,68
2474,8.24,2.33,88.6,730.1,206.4,0,68
2475,8.19,2.78,88.5,724.8,246,0,68
2476,8.27,3.77,88.3,730.2,332.9,0,68
2477,8.17,4.03,88.2,720.6,355.4,0,67
2478,8.11,3.54,88.4,716.9,312.9,0,67
2479,8.26,3.23,88.4,730.2,285.5,0,68
2480,8.24,3.17,88.4,728.4,280.2,0,68
2481,8.16,2.95,88.5,722.2,261.1,0,68
2482,8.2,2.8,88.5,725.7,247.8,0,68
2483,8.21,3.23,88.4,725.8,285.5,0,68
2484,8.17,3.79,88.3,721.4,334.7,0,68
2485,8.38,4.3,88.2,739.1,379.3,0,67
2486,8.44,3.84,88.3,745.3,339.1,0,67
2487,8.4,3.63,88.3,741.7,320.5,0,67
2488,8.21,3.84,88.3,724.9,339.1,0,67
2489,8.28,3.92,88.3,731.1,346.1,0,67
2490,8.09,4.76,88.1,712.7,419.4,0,67
2491,8.49,5.07,88.1,748,446.7,0,66
2492,8.21,6.38,87.8,720.8,560.2,0,66
2493,8.19,6.22,87.8,719.1,546.1,0,66
2494,8.05,4.61,88.1,709.2,406.1,0,67
2495,8.05,4.42,88.1,709.2,389.4,0,67
2496,8.03,3.53,88.3,709,311.7,0,67
2497,8.17,3.41,88.3,721.4,301.1,0,67
2498,8.27,3.27,88.3,730.2,288.7,0,68
2499,8.06,3.41,88.3,711.7,301.1,0,68
2500,8.06,3.89,88.3,711.7,343.5,0,67
2501,8.14,5.01,88,716.3,440.9,0,67
2502,8.13,6.4,87.8,713.8,561.9,0,66
2503,8.3,6.41,87.7,727.9,562.2,0,65
2504,8.4,8.47,87.2,732.5,738.6,0,65
2505,8.28,7.33,87.5,724.5,641.4,0,65
2506,8.3,7.17,87.5,726.3,627.4,0,65
2507,8.27,6.56,87.6,724.5,574.7,0,66
2508,8.2,4.67,88,721.6,411,0,67
2509,8.15,2.77,88.3,719.6,244.6,0,68
2510,8.15,0.95,88.7,722.9,84.3,0,69
2511,8.29,1.22,88.7,735.3,108.2,0,69
2512,9.18,1.34,88.6,813.3,118.7,0,68
2513,8.35,3.94,88.2,736.5,347.5,0,67
2514,8.43,3.96,88.2,743.5,349.3,0,67
2515,8.49,4.53,88,747.1,398.6,0,67
2516,8.37,3.28,88.3,739.1,289.6,0,67
2517,8.39,2.84,88.4,741.7,251.1,0,68
2518,8.24,2.15,88.5,729.2,190.3,0,68
2519,8.2,1.65,88.6,726.5,146.2,0,69
2520,8.25,1.21,88.7,731.8,107.3,0,69
2521,8.19,0.86,88.7,726.5,76.3,0,69
2522,8.17,0.69,88.8,725.5,61.3,0,69
2523,8.18,0.09,88.9,727.2,8,0,70
2524,8.23,0.74,88.8,730.8,65.7,0,69
2525,8.27,0.79,88.8,734.4,70.2,0,69
2526,8.17,1.11,88.7,724.7,98.5,0,69
2527,8.3,1.2,88.8,737,106.6,0,69
2528,8.42,1.66,88.6,746,147.1,0,69
2529,8.36,1.82,88.6,740.7,161.3,0,69
2530,8.36,1.6,88.6,740.7,141.8,0,69
2531,8.36,1.38,88.7,741.5,122.4,0,69
2532,8.27,1.12,88.8,734.4,99.5,0,69
2533,8.34,1.11,88.8,740.6,98.6,0,69
2534,8.29,1.18,88.7,735.3,104.7,0,69
2535,8.36,1.13,88.7,741.5,100.2,0,69
2536,8.28,1.07,88.8,735.3,95,0,69
2537,8.35,0.8,88.8,741.5,71,0,69
2538,8.14,0.53,88.9,723.6,47.1,0,69
2539,8.23,0.23,88.9,731.6,20.4,0,70
2540,8.16,-0.36,89,726.2,-32,0,70
2541,8.32,-0.29,89.1,741.3,-25.8,0,70
2542,8.51,0.49,88.9,756.5,43.6,0,69
2543,8.44,0.74,88.9,750.3,65.8,0,69
2544,8.47,0.54,88.9,753,48,0,69
2545,8.57,0.14,89,762.7,12.5,0,70
2546,8.54,-0.09,89,760.1,-8,0,70
2547,8.45,-0.06,89,752.1,-5.3,0,70
2548,8.62,0.11,89,767.2,9.8,0,69
2549,8.61,0.65,88.9,765.4,57.8,0,69
2550,8.61,1.38,88.8,764.6,122.5,0,69
2551,8.64,2.18,88.6,765.5,193.1,0,68
2552,8.6,1.79,88.7,762.8,158.8,0,68
2553,8.76,1.59,88.7,777,141,0,69
2554,8.65,1.53,88.7,767.3,135.7,0,69
2555,8.8,2.19,88.6,779.7,194,0,68
2556,8.85,3.95,88.2,780.6,348.4,0,67
2557,8.82,3.44,88.3,778.8,303.8,0,67
2558,8.78,5.06,88,772.6,445.3,0,67
2559,8.85,3.08,88.4,782.3,272.3,0,67
2560,8.74,2.66,88.4,772.6,235.1,0,68
2561,8.64,2.05,88.6,765.5,181.6,0,68
2562,8.6,0.99,88.7,762.8,87.8,0,69
2563,8.76,0.18,88.9,778.8,16,0,69
2564,8.7,0.06,88.9,773.4,5.3,0,69
2565,8.78,-0.47,89,781.4,-41.8,0,70
2566,8.68,-0.05,89,772.5,-4.5,0,70
2567,8.51,-0.33,89,757.4,-29.4,0,70
2568,8.6,0.33,88.9,764.5,29.3,0,69
2569,8.74,0.09,88.9,777,8,0,69
2570,8.75,0.27,88.9,777.9,24,0,69
2571,8.72,1.02,88.8,774.3,90.6,0,69
2572,8.8,1.51,88.7,780.6,133.9,0,69
2573,8.86,1.94,88.6,785,171.9,0,68
2574,8.83,1.7,88.6,782.3,150.6,0,68
2575,8.95,2.05,88.6,793,181.6,0,68
2576,8.77,2.56,88.5,776.1,226.6,0,68
2577,8.83,2.59,88.5,781.5,229.2,0,68
2578,8.77,2.69,88.5,776.1,238.1,0,67
2579,8.83,2.53,88.5,781.5,223.9,0,68
2580,8.85,2.71,88.4,782.3,239.6,0,68
2581,8.82,2.78,88.4,779.7,245.8,0,68
2582,8.75,2.03,88.6,775.3,179.9,0,68
2583,8.81,1.85,88.6,780.6,163.9,0,68
2584,8.79,1.32,88.7,779.7,117.1,0,69
2585,8.82,1.12,88.7,782.3,99.3,0,69
2586,8.76,1.35,88.7,777,119.7,0,68
2587,8.84,1.5,88.7,784.1,133.1,0,69
2588,8.81,2.01,88.6,780.6,178.1,0,68
2589,8.8,1.81,88.6,779.7,160.4,0,68
2590,8.69,1.95,88.5,769.1,172.6,0,68
2591,8.82,1.62,88.6,781.5,143.5,0,68
2592,8.82,2.01,88.6,781.5,178.1,0,68
2593,8.85,1.92,88.6,784.1,170.1,0,68
2594,8.84,2.81,88.3,780.6,248.1,0,68
2595,8.82,2.55,88.4,779.7,225.4,0,68
2596,8.87,1.8,88.6,785.9,159.5,0,68
2597,8.87,1.61,88.6,785.9,142.6,0,68
2598,8.85,1.51,88.6,784.1,133.8,0,68
2599,8.88,1.59,88.6,786.8,140.9,0,68
2600,8.82,1.74,88.6,781.5,154.2,0,68
2601,8.76,1.2,88.7,777,106.4,0,69
2602,8.91,1.36,88.7,790.3,120.6,0,69
2603,8.93,2.31,88.5,790.3,204.4,0,68
2604,8.81,2.04,88.5,779.7,180.5,0,68
2605,8.82,2.16,88.5,780.6,191.2,0,68
2606,8.81,2.61,88.5,779.7,231,0,68
2607,8.81,2.09,88.5,779.7,185,0,68
2608,8.83,2.06,88.5,781.5,182.3,0,68
2609,8.88,2.62,88.4,785,231.6,0,68
2610,8.91,2.49,88.4,787.6,220.1,0,68
2611,8.96,3.2,88.3,791.2,282.6,0,67
2612,8.96,3.38,88.3,791.2,298.5,0,68
2613,8.78,2.95,88.3,775.3,260.5,0,68
2614,8.84,2.1,88.5,782.3,185.9,0,68
2615,8.91,2.02,88.5,788.5,178.8,0,68
2616,8.99,3.08,88.3,793.8,272,0,68
2617,8.97,2.83,88.3,792.1,249.9,0,67
2618,8.94,2.58,88.4,790.3,228.1,0,68
2619,8.89,2.4,88.4,785.9,212.2,0,68
2620,8.92,2.41,88.4,788.5,213,0,68
2621,8.74,2.33,88.4,772.6,206,0,68
2622,8.79,2.45,88.3,776.2,216.3,0,68
2623,8.76,2.97,88.3,773.5,262.3,0,68
2624,8.72,2.9,88.3,770,256.1,0,68
2625,8.83,2.77,88.3,779.7,244.6,0,68
2626,8.53,2.62,88.3,753.2,231.3,0,68
2627,8.61,2.77,88.3,760.3,244.6,0,68
2628,8.52,2.87,88.3,752.3,253.4,0,67
2629,8.61,3.03,88.3,760.3,267.5,0,67
2630,8.62,2.8,88.3,761.1,247.2,0,68
2631,8.63,2.35,88.4,762.9,207.7,0,68
2632,8.54,2.53,88.4,754.9,223.7,0,68
2633,8.69,2.66,88.3,767.3,234.9,0,67
2634,8.72,2.78,88.3,770,245.5,0,67
2635,8.61,4,88.1,758.5,352.4,0,67
2636,8.7,3.89,88,765.6,342.3,0,67
2637,8.77,3.02,88.3,774.4,266.7,0,67
2638,8.73,3.66,88.1,769.1,322.4,0,67
2639,8.69,3.21,88.2,766.5,283.1,0,68
2640,8.67,3.34,88.1,763.8,294.3,0,68
2641,8.75,3.36,88.1,770.9,296,0,68
2642,8.7,3.12,88.2,767.3,275.2,0,68
2643,8.77,2.47,88.3,774.4,218.1,0,68
2644,8.82,2.29,88.4,779.7,202.4,0,68
2645,8.71,2.22,88.4,770,196.2,0,68
2646,8.77,2.3,88.3,774.4,203.1,0,68
2647,8.69,2.09,88.4,768.2,184.8,0,68
2648,8.68,2.02,88.4,767.3,178.6,0,68
2649,8.61,2.36,88.3,760.3,208.4,0,68
2650,8.59,2.34,88.4,759.4,206.9,0,68
2651,8.66,1.94,88.4,765.5,171.5,0,68
2652,8.67,2.4,88.3,765.6,211.9,0,68
2653,8.75,3.23,88.2,771.8,284.9,0,67
2654,8.78,3.83,88,772.6,337,0,67
2655,8.75,3.55,88.1,770.9,312.8,0,67
2656,8.78,4.04,88,772.6,355.5,0,67
2657,8.55,2.95,88.2,754.1,260.2,0,67
2658,8.73,2.83,88.2,770,249.6,0,67
2659,8.74,4.11,88,769.1,361.7,0,67
2660,8.78,3.52,88.1,773.5,310.1,0,67
2661,8.65,4.96,87.8,759.5,435.5,0,67
2662,8.69,4.29,88,764.7,377.5,0,67
2663,8.77,3.53,88.1,772.6,311,0,67
2664,8.8,4.63,87.8,772.6,406.5,0,67
2665,8.8,4.83,87.9,773.5,424.6,0,67
2666,8.81,3.65,88,775.3,321.2,0,67
2667,8.76,3.98,87.9,770,349.8,0,67
2668,8.67,3.34,88.1,763.8,294.3,0,67
2669,8.79,3.99,87.9,772.6,350.7,0,67
2670,8.86,3.09,88.1,780.6,272.2,0,67
2671,8.81,4.65,87.8,773.5,408.3,0,67
2672,8.7,3.4,88.1,766.5,299.5,0,67
2673,8.78,4.15,87.9,771.8,364.8,0,67
2674,8.77,4.09,87.9,770.9,359.5,0,66
2675,8.73,3.73,88,768.2,328.2,0,66
2676,8.72,4.05,87.9,766.5,356,0,67
2677,8.73,4.33,87.8,766.5,380.2,0,67
2678,8.72,2.99,88.1,768.2,263.4,0,67
2679,8.76,3.27,88.1,771.8,288.1,0,67
2680,8.82,3.9,87.9,775.3,342.8,0,67
2681,8.87,4.64,87.8,778.8,407.4,0,67
2682,8.77,3.51,88,771.8,308.9,0,67
2683,8.78,3.85,87.9,771.8,338.4,0,67
2684,8.78,4.39,87.8,770.9,385.4,0,67
2685,8.84,3.01,88,777.9,264.9,0,67
2686,8.78,3.7,87.9,771.8,325.2,0,67
2687,8.78,3.48,88,772.6,306.2,0,67
2688,8.8,3.1,88.1,775.3,273.1,0,67
2689,8.8,4.02,87.9,773.5,353.4,0,67
2690,8.85,2.89,88.1,779.7,254.6,0,67
2691,8.83,3.99,87.9,776.2,350.7,0,67
2692,8.79,3.23,88,773.5,284.2,0,67
2693,8.77,2.72,88.1,772.6,239.6,0,67
2694,8.82,2.79,88.1,777,245.8,0,67
2695,8.76,2.7,88.1,771.8,237.9,0,68
2696,8.69,2.84,88.1,765.6,250.2,0,67
2697,8.72,2.82,88.1,768.2,248.4,0,67
2698,8.81,3.06,88,775.3,269.3,0,67
2699,8.94,3.63,87.9,785.8,319.1,0,67
2700,8.86,2.63,88.1,780.6,231.7,0,67
2701,8.85,2.36,88.2,780.6,208.2,0,67
2702,8.92,2.49,88.2,786.7,219.6,0,67
2703,8.94,2.46,88.2,788.5,217,0,67
2704,8.94,2.88,88.1,787.6,253.7,0,67
2705,8.81,2.64,88.2,777,232.8,0,68
2706,8.8,1.59,88.3,777,140.4,0,68
2707,8.78,1.49,88.3,775.3,131.6,0,68
2708,8.73,1.06,88.5,772.6,93.8,0,68
2709,8.7,1.08,88.5,770,95.6,0,69
2710,8.67,0.7,88.5,767.3,62,0,69
2711,8.63,0.27,88.6,764.6,23.9,0,69
2712,8.67,0.14,88.6,768.2,12.4,0,69
2713,8.76,0.81,88.5,775.3,71.7,0,69
2714,8.76,1.52,88.4,774.4,134.4,0,68
2715,8.77,1.58,88.3,774.4,139.5,0,68
2716,8.86,2.42,88.2,781.5,213.4,0,68
2717,8.87,2.51,88.3,783.2,221.6,0,68
2718,8.87,2.89,88.1,781.4,254.6,0,67
2719,8.9,3.3,88,783.2,290.4,0,67
2720,8.78,3.38,87.9,771.8,297.1,0,67
2721,8.82,3.07,88,776.2,270.2,0,67
2722,8.79,2.83,88.1,774.4,249.3,0,67
2723,9.02,2.38,88.2,795.6,209.9,0,68
2724,8.89,2.63,88.1,783.2,231.7,0,68
2725,8.86,2.77,88.1,780.6,244,0,68
2726,8.72,2.8,88.1,768.2,246.7,0,68
2727,8.8,2.31,88.2,776.2,203.7,0,68
2728,8.78,2.34,88.2,774.4,206.4,0,68
2729,8.79,2.73,88.1,774.4,240.5,0,67
2730,8.87,3.22,88,780.6,283.4,0,67
2731,8.92,3.37,87.9,784.1,296.2,0,67
2732,8.88,2.65,88.1,782.3,233.5,0,67
2733,8.89,2.23,88.2,784.1,196.7,0,67
2734,8.89,1.96,88.2,784.1,172.9,0,68
2735,8.9,1.83,88.2,785,161.4,0,68
2736,8.91,1.13,88.4,787.6,99.9,0,68
2737,8.88,1.24,88.4,785,109.6,0,68
2738,8.87,1.64,88.3,783.2,144.8,0,68
2739,8.86,2.17,88.2,781.5,191.4,0,68
2740,8.92,2.27,88.1,785.9,200,0,68
2741,8.98,2.27,88.1,791.1,200,0,68
2742,8.91,2.46,88.1,785,216.7,0,68
2743,8.9,2.49,88.1,784.1,219.4,0,68
2744,8.91,2.46,88.2,785.9,217,0,68
2745,8.92,2.5,88.1,785.9,220.3,0,68
2746,8.92,2.56,88.1,785.9,225.5,0,68
2747,8.91,2.54,88.1,785,223.8,0,68
2748,8.92,1.91,88.2,786.7,168.5,0,68
2749,8.94,1.82,88.3,789.4,160.7,0,68
2750,8.88,2.07,88.2,783.2,182.6,0,68
2751,8.88,2.4,88.1,782.3,211.4,0,68
2752,8.93,2.16,88.2,787.6,190.5,0,68
2753,8.88,1.74,88.2,783.2,153.5,0,68
2754,8.93,1.86,88.2,787.6,164.1,0,68
2755,8.94,2.26,88.1,787.6,199.1,0,68
2756,8.96,2.57,88.1,789.4,226.4,0,68
2757,8.92,2.7,88,785,237.6,0,67
2758,8.92,2.45,88.1,785.9,215.8,0,68
2759,8.96,2.39,88.1,789.4,210.6,0,68
2760,8.94,1.94,88.2,788.5,171.1,0,68
2761,8.94,1.4,88.3,789.4,123.6,0,68
2762,8.88,1.56,88.3,784.1,137.7,0,68
2763,8.77,1.15,88.4,775.3,101.7,0,68
2764,8.71,1.4,88.3,769.1,123.6,0,68
2765,8.71,1.32,88.3,769.1,116.6,0,68
2766,8.78,1.75,88.2,774.4,154.4,0,68
2767,8.82,1.23,88.3,778.8,108.6,0,68
2768,8.81,1.94,88.2,777,171.1,0,68
2769,8.84,1.87,88.2,779.7,164.9,0,68
2770,8.88,1.91,88.2,783.2,168.5,0,68
2771,8.95,2.15,88.1,788.5,189.4,0,68
2772,8.87,2.19,88.1,781.4,192.9,0,67
2773,8.81,2.18,88.2,777,192.3,0,67
2774,8.79,2.08,88.2,775.3,183.5,0,67
2775,8.75,1.81,88.2,771.8,159.6,0,68
2776,8.76,2.31,88.1,771.8,203.5,0,68
2777,8.75,2.41,88.1,770.9,212.3,0,67
2778,8.83,3.55,87.9,776.2,312,0,67
2779,8.7,3.43,87.9,764.7,301.5,0,67
2780,8.6,2.55,88.1,757.7,224.7,0,67
2781,8.82,3.45,87.9,775.3,303.3,0,67
2782,8.71,3.16,87.9,765.6,277.8,0,67
2783,8.74,2.4,88,769.1,211.2,0,67
2784,8.77,2.43,88.1,772.6,214.1,0,67
2785,8.64,2.28,88.1,761.2,200.9,0,67
2786,8.86,1.96,88.1,780.6,172.7,0,68
2787,8.69,2.53,88.1,765.6,222.9,0,67
2788,9.01,3.75,87.8,791.1,329.3,0,67
2789,8.99,3.59,87.9,790.2,315.6,0,66
2790,8.96,5.47,87.5,784,478.6,0,66
2791,8.97,5.61,87.4,784,490.3,0,66
2792,8.98,4.74,87.5,785.7,414.8,0,66
2793,8.67,4.25,87.6,759.5,372.3,0,67
2794,8.77,2.45,88,771.8,215.6,0,67
2795,8.73,1.72,88.1,769.1,151.5,0,68
2796,8.87,0.91,88.3,783.2,80.4,0,68
2797,8.89,0.25,88.4,785.9,22.1,0,69
2798,8.82,1.37,88.2,777.9,120.8,0,68
2799,8.83,1.1,88.3,779.7,97.1,0,68
2800,8.83,0.93,88.3,779.7,82.1,0,69
2801,8.72,0.62,88.4,770.8,54.8,0,69
2802,8.78,0.71,88.4,776.2,62.8,0,69
2803,8.87,0.79,88.4,784.1,69.8,0,69
2804,8.81,0.77,88.3,777.9,68,0,69
2805,8.82,0.78,88.4,779.7,69,0,69
2806,9.01,1.02,88.3,795.6,90.1,0,68
2807,8.88,2.28,88.1,782.3,200.9,0,67
2808,8.95,2.11,88.1,788.5,185.9,0,68
2809,9,2.09,88.1,792.9,184.1,0,67
2810,9.04,1.46,88.2,797.3,128.8,0,68
2811,8.97,1.5,88.2,791.2,132.3,0,68
2812,8.83,1.54,88.2,778.8,135.8,0,68
2813,8.94,1.5,88.2,788.5,132.3,0,68
2814,8.75,1.82,88.1,770.9,160.3,0,68
2815,8.46,2.27,88.1,745.3,200,0,68
2816,8.39,1.92,88.1,739.2,169.2,0,68
2817,8.36,2.12,88,735.7,186.6,0,68
2818,8.46,2.34,88,744.5,205.9,0,68
2819,8.45,3.02,87.9,742.8,265.5,0,67
2820,8.45,4.25,87.6,740.2,372.3,0,67
2821,8.41,4.23,87.7,737.6,371,0,67
2822,8.46,3.04,87.8,742.8,266.9,0,67
2823,8.96,2.57,88,788.5,226.2,0,67
2824,8.39,3.97,87.6,735,347.8,0,67
2825,8.36,2.71,87.9,734.8,238.2,0,67
2826,8.44,2.22,88,742.7,195.4,0,68
2827,8.37,1.94,88,736.6,170.7,0,68
2828,8.49,1.94,88,747.1,170.7,0,68
2829,8.42,2.4,87.9,740.1,211,0,68
2830,8.34,2.65,87.9,733.1,232.9,0,67
2831,8.42,2.53,88,741,222.6,0,67
2832,8.41,3.71,87.7,737.6,325.4,0,67
2833,8.49,3.27,87.8,745.4,287.1,0,67
2834,8.45,4.79,87.5,739.4,419.1,0,67
2835,8.58,6.21,87.2,748.2,541.5,0,66
2836,8.65,5.81,87.3,755.1,507.2,0,65
2837,8.7,9.59,86.5,752.6,829.5,0,64
2838,8.68,11.16,86.2,748.2,962,0,63
2839,8.52,8.13,86.7,738.7,704.9,0,63
2840,8.55,7.25,86.9,743,630,0,64
2841,8.56,7.14,87,744.7,621.2,0,65
2842,8.47,5.27,87.3,739.4,460.1,0,65
2843,8.46,4.93,87.3,738.6,430.4,0,66
2844,8.38,2.11,87.9,736.6,185.5,0,67
2845,8.5,1.08,88.1,748.9,95.1,0,68
2846,8.38,0.54,88.2,739.1,47.6,0,69
2847,8.41,0.76,88.2,741.8,67,0,68
2848,8.32,1.63,88,732.2,143.4,0,68
2849,8.6,1.49,88,756.8,131.1,0,68
2850,8.55,1.94,88,752.4,170.7,0,68
2851,8.53,1.77,88,750.6,155.8,0,68
2852,8.65,2.17,87.9,760.3,190.7,0,68
2853,8.59,2.47,87.8,754.2,216.9,0,67
2854,8.52,2.05,87.9,748.9,180.2,0,67
2855,8.64,2.18,87.9,759.5,191.6,0,67
2856,8.64,3.44,87.7,757.7,301.7,0,67
2857,8.58,3.18,87.7,752.5,278.9,0,67
2858,8.5,4.2,87.5,743.8,367.5,0,67
2859,8.58,2.84,87.8,753.3,249.4,0,67
2860,8.53,4.14,87.5,746.4,362.3,0,67
2861,8.59,3.19,87.7,753.3,279.8,0,67
2862,8.58,3.36,87.7,752.5,294.7,0,67
2863,8.57,4.42,87.4,749,386.3,0,67
2864,8.6,4.4,87.5,752.5,385,0,66
2865,8.62,3.92,87.6,755.1,343.4,0,66
2866,8.68,3.91,87.6,760.4,342.5,0,66
2867,8.67,4.44,87.5,758.6,388.5,0,66
2868,8.71,5.51,87.2,759.5,480.5,0,66
2869,8.71,5.17,87.2,759.5,450.8,0,66
2870,8.69,3.94,87.5,760.4,344.8,0,66
2871,8.7,4.98,87.3,759.5,434.8,0,66
2872,8.78,5.81,87.1,764.7,506.1,0,66
2873,8.65,3.88,87.5,756.9,339.5,0,66
2874,8.65,4.27,87.4,756,373.2,0,66
2875,8.73,3.01,87.7,765.6,264,0,67
2876,8.7,2.94,87.6,762.1,257.5,0,67
2877,8.78,2.55,87.7,770,223.6,0,67
2878,8.83,2.2,87.8,775.3,193.2,0,67
2879,8.83,2.5,87.8,775.3,219.5,0,67
2880,8.81,3.37,87.5,770.9,294.9,0,67
2881,8.76,2.44,87.8,769.1,214.2,0,67
2882,8.89,3.99,87.4,777,348.7,0,67
2883,8.78,3.49,87.6,769.1,305.7,0,67
2884,8.84,3.28,87.6,774.4,287.3,0,66
2885,8.84,3.47,87.6,774.4,304,0,66
2886,8.88,4.17,87.5,777,364.9,0,66
2887,8.9,5.28,87.2,776.1,460.4,0,66
2888,9.09,5.01,87.2,792.6,436.9,0,66
2889,9.09,4.66,87.2,792.6,406.4,0,66
2890,8.98,7.63,86.7,778.6,661.5,0,65
2891,9,5.54,87.1,783.9,482.5,0,65
2892,9.02,5.11,87.1,785.6,445.1,0,66
2893,8.56,3.24,87.5,749,283.5,0,67
2894,8.81,3.03,87.5,770.9,265.1,0,67
2895,8.76,2.58,87.7,768.3,226.3,0,67
2896,8.78,3.35,87.5,768.3,293.1,0,67
2897,8.96,4.7,87.2,781.3,409.8,0,66
2898,8.93,4.26,87.3,779.6,371.9,0,66
2899,8.96,6.25,87,779.5,543.8,0,65
2900,8.88,5.04,87.3,775.2,440,0,65
2901,8.72,7.3,86.8,756.9,633.6,0,64
2902,8.74,7.02,86.7,757.8,608.6,0,64
2903,8.76,7.52,86.7,759.5,652,0,64
2904,8.74,7.2,86.7,757.8,624.2,0,65
2905,8.77,4,87.4,766.5,349.6,0,66
2906,8.78,3.49,87.5,768.3,305.4,0,66
2907,8.85,2.38,87.6,775.3,208.5,0,67
2908,8.83,3.11,87.5,772.6,272.1,0,67
2909,8.88,2.09,87.7,778.8,183.3,0,67
2910,8.99,3.16,87.6,787.5,276.8,0,67
2911,8.95,2.84,87.6,784,248.8,0,67
2912,8.96,2.76,87.5,784,241.5,0,67
2913,8.94,2.88,87.5,782.2,252,0,67
2914,8.91,0.85,87.9,783.2,74.7,0,68
2915,8.82,-1.07,88.3,778.8,-94.5,0,69
2916,8.97,-1.64,88.4,792.9,-145,0,70
2917,8.96,-8.36,89.6,802.8,-749.1,0,68
2918,9.14,-0.58,88.3,807.1,-51.2,0,65
2919,9.31,3.69,87.5,814.6,322.9,0,67
2920,9.33,1.8,87.8,819.2,158,0,68
2921,9.34,1.41,87.9,821,123.9,0,68
2922,9.26,0.29,88.1,815.8,25.5,0,68
2923,9.24,-0.65,88.3,815.9,-57.4,0,69
2924,9.24,-1.06,88.4,816.8,-93.7,0,69
2925,8.99,-1.02,88.4,794.7,-90.2,0,69
2926,8.94,-0.43,88.3,789.4,-38,0,69
2927,8.92,-0.06,88.3,787.6,-5.3,0,69
2928,8.75,0.47,88.1,770.9,41.4,0,69
2929,8.73,0.32,88.2,770,28.2,0,69
2930,8.62,0.34,88.2,760.3,30,0,69
2931,8.31,0.35,88.2,732.9,30.9,0,69
2932,8.2,0.28,88.2,723.2,24.7,0,69
2933,7.99,0.22,88.2,704.7,19.4,0,69
2934,7.9,0.29,88.2,696.8,25.6,0,69
2935,7.83,0.04,88.2,690.6,3.5,0,69
2936,7.73,0.15,88.2,681.8,13.2,0,69
2937,7.64,0.55,88.2,673.8,48.5,0,69
2938,7.49,0.59,88.2,660.6,52,0,69
2939,7.68,0.63,88.1,676.6,55.5,0,69
2940,7.31,1.57,88,643.3,138.2,0,68
2941,7.19,1.13,88,632.7,99.4,0,69
2942,7.14,0.57,88.1,629,50.2,0,69
2943,7.3,0.11,88.2,643.9,9.7,0,69
2944,7.23,0.41,88.2,637.7,36.2,0,69
2945,7.1,0.59,88.1,625.5,52,0,69
2946,7.14,0.52,88.1,629,45.8,0,69
2947,7.14,0.48,88.1,629,42.3,0,69
2948,7.07,0.44,88.1,622.9,38.8,0,69
2949,7.05,-0.06,88.2,621.8,-5.3,0,70
2950,7.08,0.56,88.1,623.7,49.3,0,69
2951,7.09,0.79,88.1,624.6,69.6,0,69
2952,7.38,0.77,88.1,650.2,67.8,0,69
2953,7.72,0.46,88.2,680.9,40.6,0,69
2954,7.67,0.72,88.1,675.7,63.4,0,69
2955,7.88,0.66,88.1,694.2,58.1,0,69
2956,8.25,0.7,88.1,726.8,61.7,0,68
2957,8.47,0.22,88.2,747.1,19.4,0,69
2958,8.14,0.54,88.1,717.1,47.6,0,69
2959,8.53,0.52,88.1,751.5,45.8,0,69
2960,8.45,0.65,88.1,744.4,57.3,0,69
2961,8.29,0.86,88.1,730.3,75.8,0,68
2962,8.07,1.63,87.9,709.4,143.3,0,68
2963,7.82,1.62,88,688.2,142.6,0,68
2964,8.27,1.62,87.9,726.9,142.4,0,68
2965,8.4,1.16,88,739.2,102.1,0,68
2966,8.73,0.84,88,768.2,73.9,0,68
2967,8.49,1.8,87.9,746.3,158.2,0,68
2968,8.58,1.54,88,755,135.5,0,68
2969,8.62,0.98,88,758.6,86.2,0,68
2970,8.78,1.55,87.9,771.8,136.2,0,68
2971,8.82,1.04,88,776.2,91.5,0,68
2972,8.85,0.89,88,778.8,78.3,0,68
2973,8.92,0.41,88.2,786.7,36.2,0,69
2974,8.95,-0.42,88.3,790.3,-37.1,0,69
2975,9.22,-0.57,88.3,814.1,-50.3,0,69
2976,9.48,-0.21,88.3,837.1,-18.5,0,69
2977,9.54,0.01,88.2,841.4,0.9,0,69
2978,9.39,-1.22,88.5,831,-108,0,69
2979,9.37,-2.65,88.7,831.1,-235.1,0,70
2980,9.37,-2.39,88.7,831.1,-212,0,70
2981,9.44,-2.57,88.8,838.3,-228.2,0,70
2982,9.44,-2.01,88.7,837.3,-178.3,0,70
2983,9.43,-1.94,88.6,835.5,-171.9,0,70
2984,9.46,-1.45,88.6,838.2,-128.5,0,69
2985,9.45,-1.13,88.5,836.3,-100,0,69
2986,9.48,-0.83,88.5,839,-73.5,0,69
2987,9.48,-0.17,88.4,838,-15,0,69
2988,9.51,-0.36,88.4,840.7,-31.8,0,69
2989,9.43,-0.91,88.5,834.6,-80.5,0,69
2990,9.46,-0.85,88.5,837.2,-75.2,0,69
2991,9.54,-0.28,88.4,843.3,-24.8,0,69
2992,9.48,0.22,88.3,837.1,19.4,0,68
2993,9.5,0.48,88.2,837.9,42.3,0,68
2994,9.56,0.84,88.2,843.2,74.1,0,68
2995,9.52,0.6,88.2,839.7,52.9,0,68
2996,9.51,1.09,88.1,837.8,96,0,68
2997,9.6,1.43,88,844.8,125.8,0,68
2998,9.59,1.6,88,843.9,140.8,0,68
2999,9.62,2.48,87.8,844.6,217.7,0,67
3000,9.69,2.66,87.8,850.8,233.5,0,67
3001,9.72,3.87,87.5,850.5,338.6,0,66
3002,9.77,4.3,87.4,853.9,375.8,0,66
3003,9.75,3.59,87.6,854.1,314.5,0,66
3004,9.77,5.8,87.1,851,505.2,0,65
3005,9.77,3.64,87.6,855.9,318.9,0,66
3006,9.7,3.81,87.5,848.8,333.4,0,66
3007,9.63,1.45,87.9,846.5,127.5,0,67
3008,9.59,0.92,88,843.9,81,0,68
3009,9.58,0.23,88.1,844,20.3,0,68
3010,9.49,-0.84,88.4,838.9,-74.3,0,69
3011,9.48,-1.83,88.6,839.9,-162.1,0,70
3012,9.35,-3.56,88.8,830.3,-316.1,0,71
3013,9.44,-4.39,89,840.2,-390.7,0,71
3014,9.48,-2.83,88.8,841.8,-251.3,0,70
3015,9.57,-1.93,88.6,847.9,-171,0,69
3016,9.61,-0.03,88.3,848.6,-2.6,0,69
3017,9.59,0.27,88.3,846.8,23.8,0,68
3018,9.6,0.54,88.2,846.7,47.6,0,68
3019,9.61,0.67,88.2,847.6,59.1,0,68
3020,9.58,1.48,88,843,130.2,0,68
3021,9.53,1.59,88,838.6,139.9,0,68
3022,9.57,1.3,88,842.2,114.4,0,68
3023,9.6,1.05,88,844.8,92.4,0,68
3024,9.67,1.26,88.1,851.9,111,0,67
3025,9.71,2.97,87.7,851.6,260.5,0,67
3026,9.68,2.02,87.8,849.9,177.4,0,67
3027,9.63,1.4,88,847.4,123.2,0,67
3028,9.61,1.03,88.1,846.6,90.7,0,68
3029,9.59,0.86,88.1,844.9,75.8,0,68
3030,9.63,1.23,88,847.4,108.2,0,68
3031,9.65,1.74,87.9,848.2,152.9,0,67
3032,9.64,3.37,87.6,844.5,295.2,0,67
3033,9.67,1.87,87.9,850,164.4,0,67
3034,9.66,3.02,87.6,846.2,264.6,0,67
3035,9.68,1.98,87.8,849.9,173.8,0,67
3036,9.65,2.46,87.8,847.3,216,0,67
3037,9.72,2.42,87.7,852.4,212.2,0,67
3038,9.64,1.59,87.9,847.4,139.8,0,67
3039,9.69,1.71,87.9,851.8,150.3,0,67
3040,9.7,1.99,87.8,851.7,174.7,0,67
3041,9.64,2.08,87.8,846.4,182.6,0,67
3042,9.7,1.54,87.9,852.6,135.4,0,68
3043,9.73,1.59,87.9,855.3,139.8,0,68
3044,9.77,1.52,87.9,858.8,133.6,0,68
3045,9.75,1.39,87.9,857,122.2,0,68
3046,9.74,1.4,87.9,856.1,123.1,0,68
3047,9.75,0.92,88,858,81,0,68
3048,9.73,1.42,87.9,855.3,124.8,0,67
3049,9.78,2.36,87.7,857.7,207,0,67
3050,9.78,2.26,87.7,857.7,198.2,0,67
3051,9.78,2.09,87.8,858.7,183.5,0,67
3052,9.79,2.35,87.7,858.6,206.1,0,67
3053,9.77,1.76,87.8,857.8,154.5,0,67
3054,9.79,1.27,87.9,860.5,111.6,0,67
3055,9.79,1.08,88,861.5,95,0,67
3056,9.75,0.94,88,858,82.7,0,68
3057,9.79,0.71,88,861.5,62.5,0,68
3058,9.79,0.61,88,861.5,53.7,0,68
3059,9.78,0.88,88,860.6,77.4,0,68
3060,9.83,1.35,88,865,118.8,0,68
3061,9.8,1.16,88,862.4,102.1,0,68
3062,9.81,1.3,87.9,862.3,114.3,0,68
3063,9.82,1.37,87.9,863.2,120.4,0,67
3064,9.8,1.59,87.9,861.4,139.8,0,67
3065,9.86,2.66,87.7,864.7,233.3,0,67
3066,9.87,1.79,87.8,866.6,157.2,0,67
3067,9.88,3.17,87.5,864.5,277.4,0,67
3068,9.9,2.42,87.7,868.2,212.2,0,67
3069,9.85,2.33,87.7,863.8,204.3,0,67
3070,9.9,3.88,87.4,865.3,339.1,0,66
3071,9.9,3.64,87.4,865.3,318.1,0,67
3072,9.87,2.54,87.7,865.6,222.8,0,67
3073,9.87,2.27,87.6,864.6,198.9,0,67
3074,9.86,1.49,87.8,865.7,130.8,0,67
3075,9.87,1.89,87.8,866.6,165.9,0,67
3076,9.88,2.23,87.7,866.5,195.6,0,67
3077,9.86,1.54,87.8,865.7,135.2,0,67
3078,9.82,1.38,87.8,862.2,121.2,0,68
3079,9.8,0.72,88,862.4,63.4,0,68
3080,9.77,-0.26,88.2,861.7,-22.9,0,68
3081,9.76,-0.36,88.2,860.8,-31.8,0,69
3082,9.77,-0.47,88.2,861.7,-41.5,0,69
3083,9.81,-0.07,88.1,864.3,-6.2,0,68
3084,9.88,1.54,87.9,868.5,135.4,0,67
3085,9.87,2.41,87.7,865.6,211.4,0,67
3086,9.85,1.4,87.8,864.8,122.9,0,67
3087,9.83,0.88,88,865,77.4,0,68
3088,9.85,1.23,87.9,865.8,108.1,0,68
3089,9.97,2.41,87.6,873.4,211.1,0,67
3090,10.05,4.78,87.2,876.4,416.8,0,66
3091,10.06,4.99,87.2,877.2,435.1,0,65
3092,10.03,4.02,87.4,876.6,351.3,0,65
3093,9.94,4.25,87.2,866.8,370.6,0,66
3094,9.91,2.98,87.5,867.1,260.8,0,67
3095,9.89,1.46,87.8,868.3,128.2,0,67
3096,9.91,2.23,87.7,869.1,195.6,0,67
3097,9.95,2.35,87.6,871.6,205.9,0,67
3098,9.98,3.85,87.3,871.3,336.1,0,66
3099,10.04,4.56,87.2,875.5,397.6,0,66
3100,10.03,3.22,87.5,877.6,281.8,0,66
3101,9.98,5.25,87,868.3,456.8,0,66
3102,9.89,3.12,87.4,864.4,272.7,0,66
3103,9.87,2.77,87.4,862.6,242.1,0,67
3104,9.92,2.64,87.6,869,231.3,0,67
3105,9.92,1.85,87.7,870,162.2,0,67
3106,9.9,2.84,87.5,866.2,248.5,0,67
3107,9.92,2.5,87.6,869,219,0,67
3108,9.93,2.11,87.6,869.9,184.8,0,67
3109,9.97,3.2,87.4,871.4,279.7,0,66
3110,9.99,3.22,87.5,874.1,281.8,0,66
3111,10.03,5.19,87,872.6,451.5,0,65
3112,9.97,5.65,86.8,865.4,490.4,0,65
3113,9.86,4.34,87.2,859.8,378.4,0,66
3114,9.87,3.96,87.2,860.7,345.3,0,66
3115,9.93,3.85,87.3,866.9,336.1,0,66
3116,9.92,4.53,87.1,864,394.6,0,66
3117,9.97,3.72,87.2,869.4,324.4,0,66
3118,10.02,4.64,87.1,872.7,404.1,0,65
3119,9.92,3.47,87.3,866,302.9,0,66
3120,9.77,2.51,87.4,853.9,219.4,0,67
3121,9.73,0.79,87.8,854.3,69.4,0,68
3122,9.59,-1.58,88.3,846.8,-139.5,0,69
3123,9.49,-4.19,88.7,841.8,-371.7,0,71
3124,9.37,-6.11,89.1,834.9,-544.4,0,72
3125,9.42,-7.1,89.3,841.2,-634,0,73
3126,9.45,-6.97,89.4,844.8,-623.1,0,72
3127,9.58,-5.21,89,852.6,-463.7,0,71
3128,9.61,-2.84,88.6,851.4,-251.6,0,70
3129,9.67,-1.31,88.4,854.8,-115.8,0,69
3130,9.8,0.39,88.1,863.4,34.4,0,68
3131,9.81,1.71,87.9,862.3,150.3,0,68
3132,9.83,2.43,87.6,861.1,212.9,0,67
3133,9.88,3.12,87.5,864.5,273,0,67
3134,9.91,2.91,87.6,868.1,254.9,0,66
3135,9.88,2.2,87.7,866.5,192.9,0,66
3136,9.91,2.76,87.5,867.1,241.5,0,67
3137,9.85,3,87.5,861.9,262.5,0,67
3138,9.83,1.51,87.7,862.1,132.4,0,67
3139,9.84,0.91,87.9,864.9,80,0,68
3140,9.78,0.94,87.9,859.7,82.6,0,68
3141,9.82,1.17,87.9,863.2,102.8,0,68
3142,9.79,1.33,87.8,859.6,116.8,0,68
3143,9.82,1.51,87.8,862.2,132.6,0,67
3144,9.91,2.87,87.5,867.1,251.1,0,67
3145,9.98,4.37,87.2,870.3,381.1,0,66
3146,10.04,6.15,86.9,872.5,534.4,0,65
3147,10.07,6.94,86.7,873.1,601.7,0,65
3148,10.05,5.95,86.8,872.3,516.5,0,65
3149,9.99,5.04,87,869.1,438.5,0,65
3150,9.92,5.13,86.9,862,445.8,0,66
3151,9.82,2.84,87.4,858.3,248.2,0,66
3152,9.8,0.96,87.8,860.4,84.3,0,68
3153,9.71,-0.48,88.1,855.5,-42.3,0,68
3154,9.66,-1.31,88.2,852,-115.5,0,69
3155,9.75,-0.47,88.1,859,-41.4,0,68
3156,9.75,0.31,88,858,27.3,0,68
3157,9.75,0.23,88,858,20.2,0,68
3158,9.84,0.65,87.9,864.9,57.1,0,68
3159,9.89,1.53,87.7,867.4,134.2,0,67
3160,9.91,3.47,87.4,866.1,303.3,0,66
3161,9.84,1.48,87.8,864,129.9,0,67
3162,9.77,0.53,88,859.8,46.6,0,68
3163,9.83,0.21,88,865,18.5,0,68
3164,9.88,0.93,87.9,868.5,81.7,0,68
3165,9.89,2,87.6,866.4,175.2,0,67
3166,9.88,1.7,87.7,866.5,149.1,0,67
3167,9.89,3.15,87.4,864.4,275.3,0,67
3168,9.81,2,87.7,860.3,175.4,0,67
3169,9.77,1.26,87.8,857.8,110.6,0,68
3170,9.69,-0.62,88.1,853.7,-54.6,0,69
3171,9.68,-2.2,88.4,855.7,-194.5,0,70
3172,9.72,-1.99,88.4,859.2,-175.9,0,69
3173,9.8,-0.5,88.1,863.4,-44.1,0,68
3174,9.85,0.7,87.9,865.8,61.5,0,68
3175,9.86,1.18,87.8,865.7,103.6,0,68
3176,9.81,0.69,87.9,862.3,60.7,0,68
3177,9.76,-0.23,88.1,859.9,-20.3,0,68
3178,9.72,-1.41,88.3,858.3,-124.5,0,69
3179,9.81,-1.99,88.4,867.2,-175.9,0,69
3180,9.77,-1.8,88.4,863.7,-159.1,0,69
3181,9.83,-1.19,88.3,868,-105.1,0,69
3182,9.84,-0.83,88.2,867.9,-73.2,0,69
3183,9.83,-0.89,88.3,868,-78.6,0,69
3184,9.87,-0.94,88.3,871.5,-83,0,69
3185,9.86,-1.1,88.3,870.6,-97.1,0,69
3186,9.89,-1.17,88.3,873.3,-103.3,0,69
3187,9.95,-1.05,88.3,878.6,-92.7,0,69
3188,9.96,-0.52,88.2,878.5,-45.9,0,69
3189,9.98,-0.01,88.1,879.2,-0.9,0,68
3190,9.99,-0.12,88.1,880.1,-10.6,0,68
3191,10.02,0.05,88.1,882.8,4.4,0,68
3192,10.03,-0.63,88.2,884.6,-55.6,0,69
3193,10.06,-0.57,88.2,887.3,-50.3,0,69
3194,9.96,-0.27,88.2,878.5,-23.8,0,68
3195,10.01,-0.19,88.2,882.9,-16.8,0,68
3196,10.08,-0.72,88.3,890.1,-63.6,0,69
3197,10.07,-0.47,88.2,888.2,-41.5,0,69
3198,10.06,0.75,88,885.3,66,0,68
3199,10.07,1.19,87.9,885.2,104.6,0,68
3200,10.1,1.27,87.9,887.8,111.6,0,68
3201,10.03,1.08,87.9,881.6,94.9,0,68
3202,9.95,0.27,88.1,876.6,23.8,0,68
3203,10.02,0.14,88.1,882.8,12.3,0,68
3204,10.03,0.44,88,882.6,38.7,0,68
3205,10.07,0.63,88,886.2,55.4,0,68
3206,9.98,0.58,88,878.2,51,0,68
3207,10.1,0.63,88,888.8,55.4,0,68
3208,10.11,0.8,87.9,888.7,70.3,0,67
3209,10.13,0.84,88,891.4,73.9,0,67
3210,10.13,1.14,87.9,890.4,100.2,0,67
3211,10.13,2.73,87.6,887.4,239.1,0,67
3212,10.12,1.8,87.8,888.5,158,0,67
3213,10.17,2.41,87.6,890.9,211.1,0,67
3214,10.15,2.96,87.5,888.1,259,0,67
3215,10.14,1.4,87.8,890.3,122.9,0,67
3216,10.18,2.34,87.6,891.8,205,0,67
3217,10.14,1.34,87.8,890.3,117.7,0,67
3218,10.16,0.88,87.9,893.1,77.4,0,67
3219,10.13,1.16,87.9,890.4,102,0,67
3220,10.08,1.05,87.9,886,92.3,0,68
3221,10.11,0.86,87.9,888.7,75.6,0,68
3222,10.06,0.92,87.9,884.3,80.9,0,68
3223,9.96,0.41,88,876.5,36.1,0,68
3224,9.92,-0.06,88,873,-5.3,0,68
3225,9.92,-0.43,88.1,874,-37.9,0,68
3226,9.86,-0.92,88.2,869.7,-81.1,0,69
3227,9.8,-1.42,88.3,865.3,-125.4,0,69
3228,9.91,-1.72,88.4,876,-152,0,69
3229,9.86,-1.97,88.5,872.6,-174.3,0,69
3230,9.83,-2.18,88.5,870,-192.9,0,69
3231,9.69,-2.32,88.5,857.6,-205.3,0,70
3232,9.8,-1.67,88.4,866.3,-147.6,0,69
3233,9.83,-1.01,88.3,868,-89.2,0,69
3234,9.89,-0.78,88.3,873.3,-68.9,0,69
3235,9.76,-0.69,88.3,861.8,-60.9,0,69
3236,9.76,-0.52,88.2,860.8,-45.9,0,69
3237,9.78,-0.41,88.3,863.6,-36.2,0,69
3238,9.79,-0.24,88.2,863.5,-21.2,0,69
3239,9.89,-0.36,88.2,872.3,-31.8,0,68
3240,9.94,0.01,88.1,875.7,0.9,0,68
3241,9.92,0.38,88.1,874,33.5,0,68
3242,9.94,1,87.9,873.7,87.9,0,68
3243,9.94,0.73,88,874.7,64.2,0,68
3244,9.96,0.24,88,876.5,21.1,0,68
3245,9.99,0.37,88,879.1,32.6,0,68
3246,9.9,0,88.1,872.2,0,0,68
3247,9.94,0.32,88,874.7,28.2,0,68
3248,9.88,-0.33,88.2,871.4,-29.1,0,68
3249,9.91,-0.66,88.2,874.1,-58.2,0,69
3250,9.79,-1.22,88.3,864.5,-107.7,0,69
3251,9.71,-1.47,88.4,858.4,-129.9,0,69
3252,9.73,-2.3,88.5,861.1,-203.6,0,70
3253,9.78,-1.95,88.5,865.5,-172.6,0,69
3254,9.76,-1.96,88.5,863.8,-173.5,0,70
3255,9.8,-1.44,88.4,866.3,-127.3,0,69
3256,9.79,-0.68,88.3,864.5,-60,0,69
3257,9.87,-0.72,88.3,871.5,-63.6,0,69
3258,9.85,-0.69,88.3,869.8,-60.9,0,69
3259,9.88,-0.63,88.3,872.4,-55.6,0,69
3260,9.86,0.04,88.1,868.7,3.5,0,68
3261,9.85,0.32,88.1,867.8,28.2,0,68
3262,9.89,0.4,88,870.3,35.2,0,68
3263,9.85,0.83,88,866.8,73,0,68
3264,9.79,0.42,88.1,862.5,37,0,68
3265,9.93,0.33,88.1,874.8,29.1,0,68
3266,9.9,0.5,88.1,872.2,44.1,0,68
3267,9.84,0.38,88.1,866.9,33.5,0,68
3268,10,0.99,88,880,87.1,0,68
3269,9.95,1.46,87.8,873.6,128.2,0,68
3270,9.85,1.18,87.9,865.8,103.7,0,68
3271,9.87,0.83,88,868.6,73,0,68
3272,10.39,0.3,88.1,915.4,26.4,0,68
3273,10.3,-0.47,88.2,908.5,-41.5,0,69
3274,9.89,-1.01,88.3,873.3,-89.2,0,69
3275,9.78,-0.72,88.2,862.6,-63.5,0,69
3276,9.87,-0.64,88.3,871.5,-56.5,0,69
3277,9.86,-0.59,88.3,870.6,-52.1,0,69
3278,9.88,-0.07,88.2,871.4,-6.2,0,68
3279,9.95,0.09,88.1,876.6,7.9,0,68
3280,9.88,0.08,88.1,870.4,7,0,68
3281,9.92,0.17,88.1,874,15,0,68
3282,9.88,-0.4,88.2,871.4,-35.3,0,68
3283,9.92,-0.73,88.3,875.9,-64.5,0,69
3284,9.89,-1.16,88.3,873.3,-102.4,0,69
3285,9.9,-1.02,88.3,874.2,-90.1,0,69
3286,9.94,-0.68,88.3,877.7,-60,0,69
3287,9.92,-0.54,88.3,875.9,-47.7,0,69
3288,9.93,0.06,88.1,874.8,5.3,0,68
3289,9.98,0.01,88.2,880.2,0.9,0,68
3290,9.9,0.42,88.1,872.2,37,0,68
3291,9.99,0.15,88.1,880.1,13.2,0,68
3292,9.93,0.46,88.1,874.8,40.5,0,68
3293,9.92,0.07,88.1,874,6.2,0,68
3294,9.96,0.54,88,876.5,47.5,0,68
3295,9.9,-0.1,88.2,873.2,-8.8,0,68
3296,9.96,0.23,88.1,877.5,20.3,0,68
3297,9.97,0,88.2,879.4,0,0,68
3298,9.93,0.48,88.1,874.8,42.3,0,68
3299,9.86,-0.09,88.2,869.7,-7.9,0,68
3300,9.89,-0.29,88.2,872.3,-25.6,0,69
3301,9.87,-0.5,88.2,870.5,-44.1,0,69
3302,9.89,-0.48,88.2,872.3,-42.3,0,69
3303,9.86,-0.33,88.2,869.7,-29.1,0,68
3304,9.94,-0.26,88.2,876.7,-22.9,0,68
3305,9.92,-0.24,88.2,874.9,-21.2,0,68
3306,9.93,-0.27,88.2,875.8,-23.8,0,68
3307,9.94,-0.11,88.2,876.7,-9.7,0,68
3308,9.96,0.45,88.1,877.5,39.6,0,68
3309,9.9,0.4,88.1,872.2,35.2,0,68
3310,10.01,0.08,88.1,881.9,7,0,68
3311,9.94,-0.29,88.2,876.7,-25.6,0,68
3312,10.01,-0.12,88.2,882.9,-10.6,0,68
3313,10.02,-0.2,88.2,883.8,-17.6,0,68
3314,10,-0.48,88.3,883,-42.4,0,69
3315,9.98,-0.4,88.3,881.2,-35.3,0,68
3316,9.96,-0.76,88.3,879.5,-67.1,0,69
3317,9.97,-0.91,88.3,880.4,-80.4,0,69
3318,10.01,-1.12,88.4,884.9,-99,0,69
3319,10.02,-1.21,88.4,885.8,-107,0,69
3320,10.01,-1.41,88.4,884.9,-124.6,0,69
3321,9.98,-1.72,88.5,883.2,-152.2,0,69
3322,10.03,-1.87,88.5,887.7,-165.5,0,69
3323,10.04,-1.43,88.5,888.5,-126.6,0,69
3324,10.15,-1.34,88.5,898.3,-118.6,0,69
3325,10.06,-1.3,88.5,890.3,-115.1,0,69
3326,10.11,-0.5,88.3,892.7,-44.2,0,69
3327,10.17,-0.4,88.3,898,-35.3,0,68
3328,10.15,0.1,88.2,895.2,8.8,0,68
3329,10.19,0.1,88.2,898.8,8.8,0,68
3330,10.2,0.03,88.2,899.6,2.6,0,68
3331,10.18,0.03,88.2,897.9,2.6,0,68
3332,10.18,0.17,88.2,897.9,15,0,68
3333,10.14,-0.08,88.2,894.3,-7.1,0,68
3334,10.14,-0.66,88.3,895.4,-58.3,0,69
3335,10.17,-0.46,88.3,898,-40.6,0,68
3336,10.15,-0.05,88.2,895.2,-4.4,0,68
3337,10.17,-0.08,88.2,897,-7.1,0,68
3338,10.17,0.08,88.2,897,7.1,0,68
3339,10.17,0.34,88.1,896,30,0,68
3340,10.15,0.07,88.2,895.2,6.2,0,68
3341,10.17,-0.19,88.2,897,-16.8,0,68
3342,10.16,-0.51,88.3,897.1,-45,0,69
3343,10.2,-0.5,88.3,900.7,-44.2,0,68
3344,10.16,-0.04,88.2,896.1,-3.5,0,68
3345,10.18,-0.39,88.2,897.9,-34.4,0,69
3346,10.17,-0.46,88.3,898,-40.6,0,68
3347,10.19,-0.3,88.3,899.8,-26.5,0,68
3348,10.16,-0.4,88.3,897.1,-35.3,0,69
3349,10.15,-0.76,88.3,896.2,-67.1,0,69
3350,10.19,-0.7,88.3,899.8,-61.8,0,69
3351,10.19,-0.64,88.3,899.8,-56.5,0,69
3352,10.2,0.21,88.2,899.6,18.5,0,68
3353,10.22,0.07,88.2,901.4,6.2,0,68
3354,10.21,0.29,88.2,900.5,25.6,0,68
3355,10.16,-0.08,88.3,897.1,-7.1,0,68
3356,10.21,-0.04,88.2,900.5,-3.5,0,68
3357,10.2,0.12,88.2,899.6,10.6,0,68
3358,10.2,0.01,88.2,899.6,0.9,0,68
3359,10.22,0.41,88.1,900.4,36.1,0,68
3360,10.2,0.37,88.1,898.6,32.6,0,68
3361,10.22,0.18,88.1,900.4,15.9,0,68
3362,10.22,0.5,88.1,900.4,44.1,0,68
3363,10.22,-0.03,88.2,901.4,-2.6,0,68
3364,10.24,0.39,88.1,902.1,34.4,0,68
3365,10.26,0.66,88,902.9,58.1,0,68
3366,10.23,0.08,88.2,902.3,7.1,0,68
3367,10.21,0.29,88.1,899.5,25.5,0,68
3368,10.18,0.02,88.2,897.9,1.8,0,68
3369,10.16,0.28,88.1,895.1,24.7,0,68
3370,10.18,-0.24,88.2,897.9,-21.2,0,68
3371,10.21,0.1,88.1,899.5,8.8,0,68
3372,10.22,0.56,88.1,900.4,49.3,0,68
3373,10.24,0.27,88.1,902.1,23.8,0,68
3374,10.18,-0.38,88.2,897.9,-33.5,0,68
3375,10.22,-0.45,88.3,902.4,-39.7,0,69
3376,10.2,-0.62,88.3,900.7,-54.7,0,69
3377,10.16,-0.75,88.3,897.1,-66.2,0,69
3378,10.18,-0.77,88.3,898.9,-68,0,69
3379,10.19,-0.93,88.4,900.8,-82.2,0,69
3380,10.15,-1.38,88.4,897.3,-122,0,69
3381,10.16,-1.17,88.4,898.1,-103.4,0,69
3382,10.16,-1.11,88.5,899.2,-98.2,0,69
3383,10.17,-1.23,88.4,899,-108.7,0,69
3384,10.15,-1.12,88.4,897.3,-99,0,69
3385,10.18,-1.23,88.5,900.9,-108.9,0,69
3386,10.16,-1.35,88.4,898.1,-119.3,0,69
3387,10.18,-1.42,88.5,900.9,-125.7,0,69
3388,10.16,-1.51,88.5,899.2,-133.6,0,69
3389,10.18,-1.35,88.5,900.9,-119.5,0,69
3390,10.16,-1.01,88.4,898.1,-89.3,0,69
3391,10.15,-0.89,88.5,898.3,-78.8,0,69
3392,10.15,-0.96,88.4,897.3,-84.9,0,69
3393,10.18,-0.81,88.4,899.9,-71.6,0,69
3394,10.18,-1.11,88.4,899.9,-98.1,0,69
3395,10.16,-0.55,88.3,897.1,-48.6,0,69
3396,10.19,-0.4,88.3,899.8,-35.3,0,69
3397,10.17,-0.71,88.4,899,-62.8,0,69
3398,10.18,-0.37,88.3,898.9,-32.7,0,68
3399,10.21,-0.1,88.3,901.5,-8.8,0,68
3400,10.19,0.12,88.2,898.8,10.6,0,68
3401,10.18,-0.46,88.3,898.9,-40.6,0,69
3402,10.19,-0.33,88.3,899.8,-29.1,0,68
3403,10.19,-0.44,88.3,899.8,-38.9,0,69
3404,10.21,-0.67,88.4,902.6,-59.2,0,69
3405,10.2,-0.34,88.4,901.7,-30.1,0,69
3406,10.23,-0.55,88.3,903.3,-48.6,0,69
3407,10.22,-0.4,88.3,902.4,-35.3,0,69
3408,10.24,-0.28,88.3,904.2,-24.7,0,69
3409,10.21,0.12,88.2,900.5,10.6,0,68
3410,10.23,0.07,88.2,902.3,6.2,0,68
3411,10.21,0.23,88.3,901.5,20.3,0,68
3412,10.23,-0.51,88.3,903.3,-45,0,69
3413,10.24,0.19,88.2,903.2,16.8,0,68
3414,10.26,0.31,88.2,904.9,27.3,0,68
3415,10.25,0.48,88.1,903,42.3,0,68
3416,10.23,0.23,88.2,902.3,20.3,0,68
3417,10.26,0.38,88.2,904.9,33.5,0,68
3418,10.25,0.7,88.1,903,61.7,0,68
3419,10.21,0.17,88.2,900.5,15,0,68
3420,10.23,0.24,88.2,902.3,21.2,0,68
3421,10.21,0.15,88.2,900.5,13.2,0,68
3422,10.22,0.17,88.2,901.4,15,0,68
3423,10.23,-0.09,88.2,902.3,-7.9,0,68
3424,10.25,0.15,88.2,904.1,13.2,0,68
3425,10.2,-0.24,88.2,899.6,-21.2,0,68
3426,10.22,-0.09,88.2,901.4,-7.9,0,68
3427,10.25,-0.07,88.2,904.1,-6.2,0,68
3428,10.21,-0.13,88.3,901.5,-11.5,0,68
3429,10.21,-0.43,88.3,901.5,-38,0,68
3430,10.2,-0.93,88.4,901.7,-82.2,0,69
3431,10.17,-0.96,88.4,899,-84.9,0,69
3432,10.21,-1.37,88.5,903.6,-121.2,0,69
3433,10.24,-1.08,88.5,906.2,-95.6,0,69
3434,10.21,-0.79,88.4,902.6,-69.8,0,69
3435,10.21,-1.19,88.5,903.6,-105.3,0,69
3436,10.19,-1.18,88.5,901.8,-104.4,0,69
3437,10.2,-1.13,88.5,902.7,-100,0,69
3438,10.23,-1.24,88.5,905.4,-109.7,0,69
3439,10.2,-1.02,88.4,901.7,-90.2,0,69
3440,10.23,-1.14,88.5,905.4,-100.9,0,69
3441,10.17,-1.19,88.5,900,-105.3,0,69
3442,10.19,-1.01,88.5,901.8,-89.4,0,69
3443,10.24,-0.75,88.4,905.2,-66.3,0,69
3444,10.26,0.19,88.2,904.9,16.8,0,68
3445,10.25,0.6,88.2,904.1,52.9,0,68
3446,10.26,0.18,88.2,904.9,15.9,0,68
3447,10.28,1.12,88,904.6,98.6,0,68
3448,10.26,1.14,88,902.9,100.3,0,67
3449,10.29,0.64,88.1,906.5,56.4,0,68
3450,10.27,1.78,87.9,902.7,156.5,0,67
3451,10.3,1.59,87.9,905.4,139.8,0,68
3452,10.29,1.19,88,905.5,104.7,0,68
3453,10.3,0.42,88.2,908.5,37,0,68
3454,10.29,0.06,88.2,907.6,5.3,0,68
3455,10.28,0.27,88.2,906.7,23.8,0,68
3456,10.29,-0.13,88.2,907.6,-11.5,0,68
3457,10.28,-0.26,88.3,907.7,-23,0,68
3458,10.26,-0.66,88.3,906,-58.3,0,69
3459,10.24,-0.11,88.3,904.2,-9.7,0,68
3460,10.3,0.08,88.2,908.5,7.1,0,68
3461,10.28,0.44,88.1,905.7,38.8,0,68
3462,10.29,0.01,88.2,907.6,0.9,0,68
3463,10.29,-0.02,88.3,908.6,-1.8,0,68
3464,10.33,0.08,88.3,912.1,7.1,0,68
3465,10.32,0.55,88.1,909.2,48.5,0,68
3466,10.38,1.46,88,913.4,128.5,0,67
3467,10.43,1.7,88,917.8,149.6,0,67
3468,10.43,2.68,87.7,914.7,235,0,66
3469,10.4,2.62,87.7,912.1,229.8,0,66
3470,10.45,2.86,87.6,915.4,250.5,0,66
3471,10.43,3.28,87.6,913.7,287.3,0,67
3472,10.44,1.79,87.9,917.7,157.3,0,67
3473,10.39,2.65,87.6,910.2,232.1,0,67
3474,10.34,1.11,88,909.9,97.7,0,67
3475,10.34,0.22,88.1,911,19.4,0,68
3476,10.27,-0.35,88.3,906.8,-30.9,0,69
3477,10.21,-1.85,88.5,903.6,-163.7,0,69
3478,10.12,-2.27,88.7,897.6,-201.3,0,70
3479,10.12,-3.35,88.8,898.7,-297.5,0,70
3480,10.09,-4.4,89,898,-391.6,0,71
3481,10.12,-4.01,88.9,899.7,-356.5,0,71
3482,10.11,-3.78,88.9,898.8,-336,0,71
3483,10.07,-3.36,88.9,895.2,-298.7,0,70
3484,10.14,-2.37,88.7,899.4,-210.2,0,70
3485,10.24,-1.42,88.5,906.2,-125.7,0,69
3486,10.22,-0.96,88.4,903.4,-84.9,0,69
3487,10.22,-0.95,88.5,904.5,-84.1,0,69
3488,10.14,-0.83,88.4,896.4,-73.4,0,69
3489,10.22,-0.91,88.4,903.4,-80.4,0,69
3490,10.23,-0.63,88.4,904.3,-55.7,0,69
3491,10.09,-0.49,88.5,893,-43.4,0,69
3492,10.2,-0.6,88.4,901.7,-53,0,69
3493,10.05,-0.61,88.4,888.4,-53.9,0,69
3494,10.16,-0.7,88.4,898.1,-61.9,0,69
3495,10.18,-0.31,88.3,898.9,-27.4,0,69
3496,10.2,-0.28,88.3,900.7,-24.7,0,68
3497,10.14,-0.11,88.3,895.4,-9.7,0,68
3498,10.21,0.08,88.3,901.5,7.1,0,68
3499,10.21,-0.08,88.3,901.5,-7.1,0,68
3500,10.21,0.3,88.2,900.5,26.5,0,68
3501,10.23,0.15,88.2,902.3,13.2,0,68
3502,10.25,0.67,88.1,903,59,0,68
3503,10.25,0.5,88.2,904.1,44.1,0,68
3504,10.26,0.94,88.1,903.9,82.8,0,67
3505,10.34,1.65,88,909.9,145.2,0,67
3506,10.4,3.24,87.6,911,283.8,0,67
3507,10.5,3.94,87.5,918.8,344.8,0,66
3508,10.46,4.77,87.3,913.2,416.4,0,66
3509,10.48,4.08,87.5,917,357,0,65
3510,10.49,4.24,87.4,916.8,370.6,0,65
3511,10.43,3.8,87.5,912.6,332.5,0,65
3512,10.41,4.59,87.2,907.8,400.2,0,65
3513,10.37,2.54,87.7,909.4,222.8,0,66
3514,10.3,1.68,87.8,904.3,147.5,0,67
3515,10.26,0.41,88,902.9,36.1,0,68
3516,10.14,-1.07,88.3,895.4,-94.5,0,69
3517,10.06,-2.63,88.6,891.3,-233,0,70
3518,10,-3.83,88.8,888,-340.1,0,71
3519,10.01,-4.62,89,890.9,-411.2,0,71
3520,10.14,-3.74,88.9,901.4,-332.5,0,71
3521,10.07,-3.84,88.9,895.2,-341.4,0,70
3522,10.07,-3.1,88.8,894.2,-275.3,0,70
3523,10.09,-1.9,88.6,894,-168.3,0,70
3524,10.18,-1.37,88.5,900.9,-121.2,0,69
3525,10.26,-0.68,88.4,907,-60.1,0,69
3526,10.19,-0.68,88.4,900.8,-60.1,0,69
3527,10.25,-0.84,88.4,906.1,-74.3,0,69
3528,10.22,-1.07,88.4,903.4,-94.6,0,69
3529,10.16,-1.24,88.5,899.2,-109.7,0,69
3530,10.28,-1.2,88.5,909.8,-106.2,0,69
3531,10.23,-1.17,88.5,905.4,-103.5,0,69
3532,10.19,-1.04,88.5,901.8,-92,0,69
3533,10.16,-0.89,88.4,898.1,-78.7,0,69
3534,10.25,-0.75,88.4,906.1,-66.3,0,69
3535,10.29,-0.9,88.4,909.6,-79.6,0,69
3536,10.28,-0.92,88.5,909.8,-81.4,0,69
3537,10.23,-0.61,88.4,904.3,-53.9,0,69
3538,10.12,-0.64,88.4,894.6,-56.6,0,69
3539,10.34,-0.36,88.4,914.1,-31.8,0,69
3540,10.24,-0.51,88.4,905.2,-45.1,0,69
3541,10.26,-0.82,88.4,907,-72.5,0,69
3542,10.23,-0.78,88.4,904.3,-69,0,69
3543,10.31,-0.88,88.4,911.4,-77.8,0,69
3544,10.29,-1.02,88.5,910.7,-90.3,0,69
3545,10.27,-1.38,88.5,908.9,-122.1,0,69
3546,10.29,-0.9,88.4,909.6,-79.6,0,69
3547,10.19,-1.2,88.5,901.8,-106.2,0,69
3548,10.24,-1.23,88.5,906.2,-108.9,0,69
3549,10.26,-1.57,88.6,909,-139.1,0,69
3550,10.17,-1.96,88.6,901.1,-173.7,0,69
3551,10.17,-2.28,88.7,902.1,-202.2,0,70
3552,10.21,-2.24,88.7,905.6,-198.7,0,70
3553,10.2,-2.31,88.7,904.7,-204.9,0,70
3554,10.24,-1.76,88.6,907.3,-155.9,0,69
3555,10.23,-1.1,88.5,905.4,-97.4,0,69
3556,10.3,-0.77,88.5,911.6,-68.1,0,69
3557,10.27,-0.22,88.4,907.9,-19.4,0,68
3558,10.24,0.14,88.3,904.2,12.4,0,68
3559,10.34,0.42,88.2,912,37,0,68
3560,10.3,0.47,88.3,909.5,41.5,0,68
3561,10.18,0.28,88.3,898.9,24.7,0,68
3562,10.19,-0.13,88.3,899.8,-11.5,0,68
3563,10.17,0.19,88.3,898,16.8,0,68
3564,10.18,-0.14,88.3,898.9,-12.4,0,68
3565,10.2,-0.08,88.3,900.7,-7.1,0,68
3566,10.2,-0.07,88.3,900.7,-6.2,0,68
3567,10.23,0.11,88.3,903.3,9.7,0,68
3568,10.18,0.88,88.1,896.9,77.5,0,68
3569,10.13,0.84,88.1,892.5,74,0,68
3570,10.13,0.37,88.2,893.5,32.6,0,68
3571,10.15,1.08,88.1,894.2,95.1,0,68
3572,10.17,1.41,88,895,124.1,0,68
3573,10.18,1.83,87.9,894.8,160.9,0,67
3574,10.2,1.36,88,897.6,119.7,0,67
3575,10.22,0.84,88.1,900.4,74,0,68
3576,10.12,0.59,88.1,891.6,52,0,68
3577,10.06,0.51,88.2,887.3,45,0,68
3578,9.95,0.21,88.2,877.6,18.5,0,68
3579,10,0.03,88.3,883,2.6,0,68
3580,9.96,-0.3,88.3,879.5,-26.5,0,69
3581,9.98,-0.5,88.4,882.2,-44.2,0,69
3582,9.84,-0.15,88.3,868.9,-13.2,0,68
3583,9.89,0.17,88.3,873.3,15,0,68
3584,9.88,0.29,88.2,871.4,25.6,0,68
3585,9.88,0.46,88.3,872.4,40.6,0,68
3586,9.86,0.66,88.1,868.7,58.1,0,68
3587,10.06,1.28,88,885.3,112.6,0,68
3588,9.96,1.89,87.8,874.5,165.9,0,67
3589,10,1.91,87.9,879,167.9,0,67
3590,10.1,1.79,87.9,887.8,157.3,0,67
3591,10.08,1.41,88,887,124.1,0,68
3592,10.03,1.08,88,882.6,95,0,68
3593,9.99,0.49,88.1,880.1,43.2,0,68
3594,9.96,-0.24,88.3,879.5,-21.2,0,69
3595,10,-0.68,88.3,883,-60,0,69
3596,9.93,-1.05,88.4,877.8,-92.8,0,69
3597,9.85,-0.99,88.4,870.7,-87.5,0,69
3598,9.93,-0.79,88.4,877.8,-69.8,0,69
3599,9.9,-0.71,88.4,875.2,-62.8,0,69
3600,9.95,-0.44,88.3,878.6,-38.9,0,69
3601,9.77,-0.07,88.3,862.7,-6.2,0,68
3602,9.89,-0.14,88.3,873.3,-12.4,0,68
3603,9.69,0.09,88.3,855.6,7.9,0,68
3604,9.84,0.41,88.2,867.9,36.2,0,68
3605,9.71,0.39,88.2,856.4,34.4,0,68
3606,9.84,0.64,88.1,866.9,56.4,0,68
3607,9.87,0.48,88.2,870.5,42.3,0,68
3608,9.83,0.24,88.2,867,21.2,0,68
3609,9.8,0.34,88.2,864.4,30,0,68
3610,9.82,0.68,88.1,865.1,59.9,0,68
3611,9.8,1.2,88,862.4,105.6,0,68
3612,9.82,1.29,88,864.2,113.5,0,68
3613,9.83,2.1,87.9,864.1,184.6,0,67
3614,9.89,2.59,87.7,867.4,227.1,0,67
3615,9.88,1.73,87.9,868.5,152.1,0,67
3616,9.86,1.51,87.9,866.7,132.7,0,67
3617,9.94,2.51,87.7,871.7,220.1,0,67
3618,9.9,2.41,87.7,868.2,211.4,0,67
3619,9.94,2.47,87.7,871.7,216.6,0,67
3620,9.98,2.52,87.7,875.2,221,0,67
3621,9.96,3.12,87.6,872.5,273.3,0,67
3622,9.89,1.62,87.8,868.3,142.2,0,67
3623,9.87,1.36,87.9,867.6,119.5,0,67
3624,9.88,0.8,88,869.4,70.4,0,68
3625,9.86,0.57,88,867.7,50.2,0,68
3626,9.87,0.6,88,868.6,52.8,0,68
3627,9.88,0.05,88.2,871.4,4.4,0,68
3628,9.83,0.1,88.1,866,8.8,0,68
3629,9.84,-0.14,88.2,867.9,-12.3,0,69
3630,9.83,-0.54,88.3,868,-47.7,0,69
3631,9.86,-0.65,88.3,870.6,-57.4,0,69
3632,9.86,-0.47,88.3,870.6,-41.5,0,69
3633,9.83,-0.56,88.3,868,-49.4,0,69
3634,9.88,-0.61,88.3,872.4,-53.9,0,69
3635,9.91,-0.58,88.3,875.1,-51.2,0,69
3636,9.95,-0.41,88.3,878.6,-36.2,0,69
3637,9.96,-0.51,88.3,879.5,-45,0,69
3638,9.97,-0.34,88.3,880.4,-30,0,69
3639,9.98,-0.55,88.3,881.2,-48.6,0,69
3640,10.04,-0.46,88.3,886.5,-40.6,0,69
3641,9.98,-0.53,88.3,881.2,-46.8,0,69
3642,9.96,-0.44,88.3,879.5,-38.9,0,69
3643,10.04,-0.25,88.3,886.5,-22.1,0,69
3644,10.14,0.09,88.2,894.3,7.9,0,68
3645,10.09,0.19,88.3,890.9,16.8,0,68
3646,10.12,-0.01,88.2,892.6,-0.9,0,68
3647,10.2,-0.24,88.3,900.7,-21.2,0,68
3648,10.24,0.32,88.2,903.2,28.2,0,68
3649,10.27,-0.03,88.2,905.8,-2.6,0,68
3650,10.21,0.18,88.2,900.5,15.9,0,68
3651,10.23,0.02,88.2,902.3,1.8,0,68
3652,10.27,-0.27,88.3,906.8,-23.8,0,68
3653,10.31,0.2,88.2,909.3,17.6,0,68
3654,10.35,-0.25,88.3,913.9,-22.1,0,68
3655,10.26,0.66,88.1,903.9,58.1,0,68
3656,10.24,-0.04,88.2,903.2,-3.5,0,68
3657,10.23,0.13,88.2,902.3,11.5,0,68
3658,10.33,0.18,88.2,911.1,15.9,0,68
3659,10.3,0.56,88.1,907.4,49.3,0,68
3660,10.3,0.39,88.2,908.5,34.4,0,68
3661,10.35,0.28,88.2,912.9,24.7,0,68
3662,10.29,0.93,88,905.5,81.8,0,68
3663,10.31,0.74,88.1,908.3,65.2,0,68
3664,10.26,0.07,88.2,904.9,6.2,0,68
3665,10.19,0.41,88.1,897.7,36.1,0,68
3666,10.22,-0.13,88.2,901.4,-11.5,0,68
3667,10.26,0.09,88.2,904.9,7.9,0,68
3668,10.24,-0.23,88.3,904.2,-20.3,0,68
3669,10.22,-0.26,88.3,902.4,-23,0,68
3670,10.24,0.27,88.2,903.2,23.8,0,68
3671,10.29,0.08,88.2,907.6,7.1,0,68
3672,10.28,0.49,88.1,905.7,43.2,0,68
3673,10.25,-0.02,88.3,905.1,-1.8,0,68
3674,10.3,0.06,88.2,908.5,5.3,0,68
3675,10.23,-0.45,88.3,903.3,-39.7,0,69
3676,10.31,-0.1,88.3,910.4,-8.8,0,68
3677,10.31,0.22,88.2,909.3,19.4,0,68
3678,10.28,0.5,88.2,906.7,44.1,0,68
3679,10.31,0.35,88.1,908.3,30.8,0,68
3680,10.36,0.78,88,911.7,68.6,0,68
3681,10.34,0.76,88.1,911,67,0,68
3682,10.34,0.2,88.2,912,17.6,0,68
3683,10.33,0.57,88.1,910.1,50.2,0,68
3684,10.31,1.38,87.9,906.2,121.3,0,68
3685,10.24,1.2,87.9,900.1,105.5,0,68
3686,10.31,0.66,88.1,908.3,58.1,0,68
3687,10.35,0.53,88.1,911.8,46.7,0,68
3688,10.32,0.44,88.1,909.2,38.8,0,68
3689,10.26,0.94,88,902.9,82.7,0,68
3690,10.31,0.7,88,907.3,61.6,0,68
3691,10.28,0.24,88.2,906.7,21.2,0,68
3692,10.24,0.34,88.1,902.1,30,0,68
3693,10.19,0.08,88.2,898.8,7.1,0,68
3694,10.19,0.12,88.1,897.7,10.6,0,68
3695,10.22,-0.31,88.2,901.4,-27.3,0,68
3696,10.2,-0.11,88.2,899.6,-9.7,0,68
3697,10.18,-0.2,88.3,898.9,-17.7,0,68
3698,10.24,-0.32,88.3,904.2,-28.3,0,68
3699,10.21,-0.36,88.3,901.5,-31.8,0,68
3700,10.12,-0.52,88.3,893.6,-45.9,0,69
3701,10.18,-0.37,88.3,898.9,-32.7,0,69
3702,10.16,-0.4,88.3,897.1,-35.3,0,69
3703,10.17,-0.55,88.3,898,-48.6,0,69
3704,10.2,-0.65,88.3,900.7,-57.4,0,69
3705,10.09,-0.65,88.3,890.9,-57.4,0,69
3706,10.13,-0.74,88.3,894.5,-65.3,0,69
3707,10.07,-0.05,88.2,888.2,-4.4,0,68
3708,10.25,0.09,88.2,904.1,7.9,0,68
3709,10.24,0.42,88.1,902.1,37,0,68
3710,10.3,-0.05,88.2,908.5,-4.4,0,68
3711,10.28,-0.02,88.2,906.7,-1.8,0,68
3712,10.29,-0.1,88.2,907.6,-8.8,0,68
3713,10.32,-0.11,88.3,911.3,-9.7,0,68
3714,10.26,-0.19,88.3,906,-16.8,0,68
3715,10.27,-0.21,88.2,905.8,-18.5,0,68
3716,10.27,-0.53,88.3,906.8,-46.8,0,69
3717,10.25,-0.29,88.3,905.1,-25.6,0,69
3718,10.23,-0.28,88.3,903.3,-24.7,0,68
3719,10.23,-0.25,88.3,903.3,-22.1,0,68
3720,10.26,-0.06,88.3,906,-5.3,0,68
3721,10.24,0,88.2,903.2,0,0,68
3722,10.31,-0.07,88.3,910.4,-6.2,0,68
3723,10.3,0.38,88.1,907.4,33.5,0,68
3724,10.37,0.78,88.1,913.6,68.7,0,68
3725,10.33,0.97,88.1,910.1,85.5,0,68
3726,10.35,1.37,88,910.8,120.6,0,67
3727,10.36,2.69,87.7,908.6,235.9,0,67
3728,10.42,1.5,87.9,915.9,131.9,0,67
3729,10.39,1.97,87.8,912.2,173,0,67
3730,10.38,1.89,87.8,911.4,165.9,0,67
3731,10.33,1.63,87.9,908,143.3,0,67
3732,10.38,1.26,87.9,912.4,110.8,0,67
3733,10.35,1.11,88,910.8,97.7,0,67
3734,10.36,1.25,87.9,910.6,109.9,0,67
3735,10.41,1.99,87.8,914,174.7,0,67
3736,10.44,1.86,87.8,916.6,163.3,0,67
3737,10.49,1.3,87.9,922.1,114.3,0,67
3738,10.5,1.25,87.9,923,109.9,0,67
3739,10.53,1.55,87.9,925.6,136.2,0,67
3740,10.53,1.74,87.8,924.5,152.8,0,67
3741,10.5,1.7,87.8,921.9,149.3,0,67
3742,10.54,1.34,87.9,926.5,117.8,0,67
3743,10.53,2.28,87.7,923.5,200,0,67
3744,10.52,1.91,87.8,923.7,167.7,0,67
3745,10.51,2.86,87.6,920.7,250.5,0,67
3746,10.5,1.4,87.9,923,123.1,0,67
3747,10.52,2.32,87.6,921.6,203.2,0,67
3748,10.46,1.31,87.9,919.4,115.1,0,67
3749,10.43,0.95,88,917.8,83.6,0,67
3750,10.34,0.81,88,909.9,71.3,0,68
3751,10.35,-0.03,88.1,911.8,-2.6,0,68
3752,10.29,-0.19,88.2,907.6,-16.8,0,68
3753,10.28,-1.73,88.4,908.8,-152.9,0,69
3754,10.24,-2.19,88.5,906.2,-193.8,0,70
3755,10.24,-2.21,88.5,906.2,-195.6,0,69
3756,10.32,-0.84,88.3,911.3,-74.2,0,69
3757,10.37,1.13,88,912.6,99.4,0,67
3758,10.43,2.33,87.8,915.8,204.6,0,67
3759,10.45,2.38,87.7,916.5,208.7,0,66
3760,10.5,2.61,87.7,920.9,228.9,0,66
3761,10.48,3.46,87.5,917,302.8,0,66
3762,10.48,4.19,87.3,914.9,365.8,0,66
3763,10.46,4.11,87.2,912.1,358.4,0,66
3764,10.48,3.55,87.3,914.9,309.9,0,66
3765,10.45,3.19,87.4,913.3,278.8,0,66
3766,10.48,2.97,87.4,916,259.6,0,66
3767,10.46,2.88,87.4,914.2,251.7,0,66
3768,10.45,2.6,87.5,914.4,227.5,0,66
3769,10.47,2.55,87.5,916.1,223.1,0,66
3770,10.44,2.49,87.6,914.5,218.1,0,66
3771,10.48,2.47,87.6,918,216.4,0,66
3772,10.5,2.66,87.5,918.8,232.8,0,66
3773,10.5,3.77,87.3,916.7,329.1,0,66
3774,10.44,3.82,87.3,911.4,333.5,0,66
3775,10.47,3.7,87.3,914,323,0,66
3776,10.49,4.03,87.2,914.7,351.4,0,66
3777,10.5,3.92,87.2,915.6,341.8,0,66
3778,10.49,3.15,87.3,915.8,275,0,66
3779,10.46,2.9,87.4,914.2,253.5,0,66
3780,10.46,3.16,87.3,913.2,275.9,0,66
3781,10.43,2.37,87.6,913.7,207.6,0,67
3782,10.41,1.41,87.7,913,123.7,0,67
3783,10.4,2.47,87.5,910,216.1,0,67
3784,10.39,1.32,87.7,911.2,115.8,0,67
3785,10.4,2.2,87.6,911,192.7,0,67
3786,10.37,1.4,87.7,909.4,122.8,0,67
3787,10.36,0.68,87.9,910.6,59.8,0,67
3788,10.35,0.73,87.8,908.7,64.1,0,68
3789,10.35,0.31,88,910.8,27.3,0,68
3790,10.32,0.13,88,908.2,11.4,0,68
3791,10.31,0.42,87.9,906.2,36.9,0,68
3792,10.37,0.77,87.9,911.5,67.7,0,68
3793,10.36,1,87.8,909.6,87.8,0,67
3794,10.37,0.85,87.8,910.5,74.6,0,67
3795,10.37,1.13,87.8,910.5,99.2,0,67
3796,10.4,2.5,87.5,910,218.8,0,67
3797,10.41,1.37,87.8,914,120.3,0,67
3798,10.44,2.64,87.5,913.5,231,0,67
3799,10.44,1.63,87.7,915.6,143,0,67
3800,10.44,2.11,87.6,914.5,184.8,0,67
3801,10.47,2.1,87.6,917.2,184,0,67
3802,10.44,1.55,87.7,915.6,135.9,0,67
3803,10.44,1.89,87.6,914.5,165.6,0,67
3804,10.44,1.56,87.6,914.5,136.7,0,67
3805,10.44,0.92,87.8,916.6,80.8,0,67
3806,10.4,1.36,87.7,912.1,119.3,0,67
3807,10.4,1.32,87.7,912.1,115.8,0,67
3808,10.36,1.13,87.7,908.6,99.1,0,68
3809,10.36,0.78,87.8,909.6,68.5,0,68
3810,10.38,0.18,87.9,912.4,15.8,0,68
3811,10.36,-0.03,88,911.7,-2.6,0,68
3812,10.34,0.56,87.9,908.9,49.2,0,68
3813,10.36,0.04,88,911.7,3.5,0,68
3814,10.37,0.02,88,912.6,1.8,0,68
3815,10.35,0.36,87.9,909.8,31.6,0,68
3816,10.36,0.85,87.8,909.6,74.6,0,68
3817,10.38,1.13,87.8,911.4,99.2,0,68
3818,10.42,1.69,87.7,913.8,148.2,0,67
3819,10.39,1.81,87.6,910.2,158.6,0,67
3820,10.38,1.76,87.7,910.3,154.4,0,67
3821,10.42,2,87.6,912.8,175.2,0,67
3822,10.46,3.03,87.4,914.2,264.8,0,67
3823,10.44,2.71,87.5,913.5,237.1,0,66
3824,10.47,2.24,87.6,917.2,196.2,0,66
3825,10.46,2.42,87.6,916.3,212,0,66
3826,10.45,2.84,87.4,913.3,248.2,0,66
3827,10.42,3.24,87.4,910.7,283.2,0,66
3828,10.41,2.38,87.5,910.9,208.3,0,67
3829,10.36,1.41,87.6,907.5,123.5,0,67
3830,10.35,1.01,87.8,908.7,88.7,0,67
3831,10.34,0.92,87.7,906.8,80.7,0,67
3832,10.29,0.47,87.9,904.5,41.3,0,68
3833,10.3,-0.08,87.9,905.4,-7,0,68
3834,10.3,-0.04,87.9,905.4,-3.5,0,68
3835,10.29,-0.71,88,905.5,-62.5,0,68
3836,10.31,-0.53,88,907.3,-46.6,0,68
3837,10.3,-0.62,88.1,907.4,-54.6,0,68
3838,10.29,-0.81,88.1,906.5,-71.4,0,69
3839,10.27,-0.93,88.1,904.8,-81.9,0,69
3840,10.26,-0.51,88.1,903.9,-44.9,0,68
3841,10.25,-0.89,88.2,904.1,-78.5,0,69
3842,10.28,-0.97,88.2,906.7,-85.6,0,69
3843,10.26,-1.03,88.2,904.9,-90.8,0,69
3844,10.25,-1.18,88.2,904.1,-104.1,0,69
3845,10.28,-1.17,88.2,906.7,-103.2,0,69
3846,10.25,-0.86,88.2,904.1,-75.9,0,69
3847,10.23,-0.53,88.1,901.3,-46.7,0,69
3848,10.23,-0.55,88.1,901.3,-48.5,0,68
3849,10.25,-0.39,88.1,903,-34.4,0,68
3850,10.26,-0.68,88.2,904.9,-60,0,69
3851,10.22,-0.46,88.1,900.4,-40.5,0,68
3852,10.28,0.18,88,904.6,15.8,0,68
3853,10.27,0.33,88,903.8,29,0,68
3854,10.3,0.73,87.9,905.4,64.2,0,67
3855,10.31,1.7,87.8,905.2,149.3,0,67
3856,10.33,2.14,87.6,904.9,187.5,0,67
3857,10.31,1.55,87.7,904.2,135.9,0,67
3858,10.25,2.49,87.5,896.9,217.9,0,67
3859,10.29,1.36,87.8,903.5,119.4,0,67
3860,10.26,1.99,87.6,898.8,174.3,0,67
3861,10.26,1.58,87.7,899.8,138.6,0,67
3862,10.25,0.85,87.8,900,74.6,0,67
3863,10.27,0.85,87.8,901.7,74.6,0,67
3864,10.24,0.9,87.8,899.1,79,0,67
3865,10.19,0.47,87.9,895.7,41.3,0,68
3866,10.24,0.39,87.9,900.1,34.3,0,68
3867,10.28,0.78,87.8,902.6,68.5,0,67
3868,10.37,1.93,87.7,909.4,169.3,0,67
3869,10.37,1.9,87.6,908.4,166.4,0,66
3870,10.46,2.57,87.4,914.2,224.6,0,66
3871,10.44,2.97,87.3,911.4,259.3,0,66
3872,10.41,2.91,87.4,909.8,254.3,0,67
3873,10.4,0.92,87.8,913.1,80.8,0,67
3874,10.38,0.2,87.9,912.4,17.6,0,68
3875,10.33,0.01,87.9,908,0.9,0,68
3876,10.33,0.01,87.9,908,0.9,0,68
3877,10.34,-0.64,88,909.9,-56.3,0,68
3878,10.32,-0.86,88.1,909.2,-75.8,0,69
3879,10.32,-0.94,88.1,909.2,-82.8,0,69
3880,10.34,-0.6,88.1,911,-52.9,0,68
3881,10.34,-0.85,88.1,911,-74.9,0,69
3882,10.35,-0.93,88.1,911.8,-81.9,0,69
3883,10.37,-0.89,88.2,914.6,-78.5,0,69
3884,10.36,-0.84,88.1,912.7,-74,0,69
3885,10.37,-0.87,88.2,914.6,-76.7,0,69
3886,10.39,-0.78,88.2,916.4,-68.8,0,69
3887,10.4,-0.86,88.2,917.3,-75.9,0,69
3888,10.42,-0.71,88.1,918,-62.6,0,69
3889,10.43,-0.87,88.2,919.9,-76.7,0,69
3890,10.46,-0.78,88.2,922.6,-68.8,0,68
3891,10.47,-0.22,88,921.4,-19.4,0,68
3892,10.47,-0.59,88.1,922.4,-52,0,68
3893,10.49,0.19,88,923.1,16.7,0,68
3894,10.52,0.43,88,925.8,37.8,0,68
3895,10.54,0,88,927.5,0,0,68
3896,10.51,0.33,87.9,923.8,29,0,68
3897,10.53,0.79,87.9,925.6,69.4,0,67
3898,10.56,0.9,87.8,927.2,79,0,67
3899,10.53,1,87.8,924.5,87.8,0,67
3900,10.49,1.65,87.7,920,144.7,0,67
3901,10.57,1.63,87.6,925.9,142.8,0,67
3902,10.53,0.9,87.8,924.5,79,0,67
3903,10.49,1.22,87.7,920,107,0,67
3904,10.31,2,87.6,903.2,175.2,0,67
3905,10.44,1.02,87.7,915.6,89.5,0,67
3906,10.43,0.54,87.9,916.8,47.5,0,67
3907,10.18,0.81,87.8,893.8,71.1,0,67
3908,10.19,0.68,87.9,895.7,59.8,0,67
3909,10.16,0.31,88,894.1,27.3,0,68
3910,10.08,0.5,87.8,885,43.9,0,68
3911,9.9,0.11,88,871.2,9.7,0,68
3912,9.75,-0.25,88,858,-22,0,68
3913,9.69,-0.51,88.1,853.7,-44.9,0,69
3914,9.64,-0.7,88.1,849.3,-61.7,0,69
3915,9.43,-0.87,88.2,831.7,-76.7,0,69
3916,9.57,-0.31,88.1,843.1,-27.3,0,69
3917,9.56,0.78,87.8,839.4,68.5,0,68
3918,9.78,2.16,87.6,856.7,189.2,0,67
3919,10.31,2.94,87.4,901.1,257,0,66
3920,10.34,4.4,87.1,900.6,383.2,0,66
3921,10.31,3.67,87.2,899,320,0,66
3922,10.42,2.7,87.4,910.7,236,0,67
3923,10.35,0.75,87.7,907.7,65.8,0,67
3924,10.35,0.18,87.9,909.8,15.8,0,68
3925,10.27,-1.38,88.2,905.8,-121.7,0,69
3926,10.15,-2.5,88.4,897.3,-221,0,70
3927,10.13,-2.86,88.5,896.5,-253.1,0,70
3928,10.14,-3.11,88.5,897.4,-275.2,0,70
3929,10.04,-3.45,88.6,889.5,-305.7,0,70
3930,10.16,-3.42,88.6,900.2,-303,0,70
3931,10.12,-3.05,88.6,896.6,-270.2,0,70
3932,10.17,-2.81,88.5,900,-248.7,0,70
3933,10.15,-2.49,88.5,898.3,-220.4,0,70
3934,10.23,-1.49,88.3,903.3,-131.6,0,69
3935,10.27,-0.94,88.2,905.8,-82.9,0,69
3936,10.26,-0.27,88.1,903.9,-23.8,0,68
3937,10.2,-0.62,88.2,899.6,-54.7,0,69
3938,10.27,-0.72,88.2,905.8,-63.5,0,68
3939,10.3,-0.1,88.1,907.4,-8.8,0,68
3940,10.43,-0.06,88,917.8,-5.3,0,68
3941,10.45,0.76,87.9,918.6,66.8,0,68
3942,10.43,1.31,87.8,915.8,115,0,67
3943,10.4,1.79,87.7,912.1,157,0,67
3944,10.45,1.54,87.8,917.5,135.2,0,67
3945,10.44,2.76,87.4,912.5,241.2,0,67
3946,10.47,3.37,87.3,914,294.2,0,67
3947,10.44,2.06,87.7,915.6,180.7,0,67
3948,10.39,1.8,87.6,910.2,157.7,0,67
3949,10.4,0.45,87.9,914.2,39.6,0,68
3950,10.34,-0.63,88.1,911,-55.5,0,68
3951,10.35,-1.76,88.3,913.9,-155.4,0,69
3952,10.29,-2.42,88.4,909.6,-213.9,0,70
3953,10.29,-3.37,88.6,911.7,-298.6,0,70
3954,10.28,-3.37,88.6,910.8,-298.6,0,70
3955,10.32,-2.85,88.6,914.4,-252.5,0,70
3956,10.38,-1.96,88.4,917.6,-173.3,0,69
3957,10.42,-1.52,88.3,920.1,-134.2,0,69
3958,10.39,-1.23,88.3,917.4,-108.6,0,69
3959,10.41,-0.6,88.2,918.2,-52.9,0,68
3960,10.46,-0.34,88.1,921.5,-30,0,68
3961,10.42,-0.22,88.1,918,-19.4,0,68
3962,10.5,0.01,88.1,925.1,0.9,0,68
3963,10.44,-0.34,88.1,919.8,-30,0,68
3964,10.56,1.13,87.8,927.2,99.2,0,68
3965,10.51,1.15,87.8,922.8,101,0,67
3966,10.51,0.68,87.9,923.8,59.8,0,68
3967,10.53,0.7,88,926.6,61.6,0,68
3968,10.54,0.72,87.9,926.5,63.3,0,68
3969,10.52,0.8,87.9,924.7,70.3,0,68
3970,10.49,0.56,87.9,922.1,49.2,0,68
3971,10.51,0.06,88,924.9,5.3,0,68
3972,10.48,0.03,88,922.2,2.6,0,68
3973,10.5,0.44,87.9,923,38.7,0,68
3974,10.5,0.32,88,924,28.2,0,68
3975,10.48,0.42,88,922.2,37,0,68
3976,10.53,0.42,88,926.6,37,0,68
3977,10.5,0.28,88,924,24.6,0,68
3978,10.46,0.42,88,920.5,37,0,68
3979,10.52,0.25,88,925.8,22,0,68
3980,10.49,0.42,87.9,922.1,36.9,0,68
3981,10.51,0.85,87.8,922.8,74.6,0,67
3982,10.53,0.76,87.8,924.5,66.7,0,67
3983,10.55,0.43,87.9,927.3,37.8,0,68
3984,10.47,0.19,88,921.4,16.7,0,68
3985,10.46,0.31,87.9,919.4,27.2,0,68
3986,10.46,0.22,88,920.5,19.4,0,68
3987,10.5,-0.4,88.1,925.1,-35.2,0,68
3988,10.48,-0.05,88,922.2,-4.4,0,68
3989,10.46,-0.49,88.1,921.5,-43.2,0,68
3990,10.47,0.03,88,921.4,2.6,0,68
3991,10.46,-0.27,88.1,921.5,-23.8,0,68
3992,10.45,0.05,88,919.6,4.4,0,68
3993,10.5,0.59,87.9,923,51.9,0,68
3994,10.48,0.42,88,922.2,37,0,68
3995,10.47,0.68,87.9,920.3,59.8,0,68
3996,10.48,0.45,88,922.2,39.6,0,68
3997,10.53,0.89,87.9,925.6,78.2,0,67
3998,10.49,1.48,87.8,921,129.9,0,67
3999,10.46,1.47,87.7,917.3,128.9,0,67
4000,10.5,1.66,87.7,920.9,145.6,0,67
4001,10.51,1.24,87.7,921.7,108.7,0,67
4002,10.5,0.92,87.8,921.9,80.8,0,67
4003,10.51,1.28,87.8,922.8,112.4,0,67
4004,10.51,0.83,87.8,922.8,72.9,0,68
4005,10.43,0.28,88,917.8,24.6,0,68
4006,10.48,0.05,88,922.2,4.4,0,68
4007,10.44,0.32,87.9,917.7,28.1,0,68
4008,10.54,0.52,87.9,926.5,45.7,0,68
4009,10.36,0.88,87.8,909.6,77.3,0,68
4010,10.32,1.19,87.7,905.1,104.4,0,68
4011,10.52,0.6,87.9,924.7,52.7,0,68
4012,10.42,0.28,88,917,24.6,0,68
4013,10.46,0.02,88,920.5,1.8,0,68
4014,10.15,0.35,87.9,892.2,30.8,0,68
4015,10.24,0.62,87.8,899.1,54.4,0,68
4016,10.37,0.6,87.9,911.5,52.7,0,68
4017,10.36,0.31,87.9,910.6,27.2,0,68
4018,10.35,0.13,88,910.8,11.4,0,68
4019,10.36,0.29,87.9,910.6,25.5,0,68
4020,10.3,0.05,88,906.4,4.4,0,68
4021,10.29,-0.26,88,905.5,-22.9,0,68
4022,10.32,-0.02,88,908.2,-1.8,0,68
4023,10.28,-0.75,88.1,905.7,-66.1,0,68
4024,10.34,-0.14,88,909.9,-12.3,0,68
4025,10.36,-0.04,88,911.7,-3.5,0,68
4026,10.4,0.14,88,915.2,12.3,0,68
4027,10.31,-0.06,88,907.3,-5.3,0,68
4028,10.4,0.34,87.9,914.2,29.9,0,68
4029,10.36,0.61,87.9,910.6,53.6,0,68
4030,10.37,0.52,87.9,911.5,45.7,0,68
4031,10.34,0.64,87.9,908.9,56.3,0,68
4032,10.39,0.23,88,914.3,20.2,0,68
4033,10.56,0.07,88,929.3,6.2,0,68
4034,10.29,0.58,87.8,903.5,50.9,0,68
4035,10.44,0.49,87.9,917.7,43.1,0,68
4036,10.51,0.48,87.9,923.8,42.2,0,68
4037,10.48,0.45,87.9,921.2,39.6,0,67
4038,10.46,0.39,87.9,919.4,34.3,0,68
4039,10.55,-0.03,88,928.4,-2.6,0,68
4040,10.49,0.16,87.9,922.1,14.1,0,68
4041,10.47,0.38,87.9,920.3,33.4,0,68
4042,10.48,-0.19,88,922.2,-16.7,0,68
4043,10.48,0.16,87.9,921.2,14.1,0,68
4044,10.52,0.8,87.8,923.7,70.2,0,68
4045,10.51,0.61,87.9,923.8,53.6,0,68
4046,10.47,0.08,88,921.4,7,0,68
4047,10.47,0,88,921.4,0,0,68
4048,10.48,0.45,87.9,921.2,39.6,0,68
4049,10.47,0.57,87.9,920.3,50.1,0,68
4050,10.53,0.67,87.9,925.6,58.9,0,68
4051,10.45,1.09,87.8,917.5,95.7,0,67
4052,10.5,1.27,87.8,921.9,111.5,0,67
4053,10.51,1.05,87.8,922.8,92.2,0,68
4054,10.47,1.24,87.8,919.3,108.9,0,67
4055,10.47,1.63,87.7,918.2,143,0,67
4056,10.48,1.34,87.7,919.1,117.5,0,67
4057,10.48,0.93,87.8,920.1,81.7,0,67
4058,10.48,1.29,87.8,920.1,113.3,0,67
4059,10.53,2.35,87.5,921.4,205.6,0,67
4060,10.54,1.86,87.6,923.3,162.9,0,67
4061,10.53,1.78,87.6,922.4,155.9,0,67
4062,10.55,2.82,87.4,922.1,246.5,0,67
4063,10.5,2.27,87.6,919.8,198.9,0,67
4064,10.52,1.56,87.6,921.6,136.7,0,67
4065,10.51,2.47,87.4,918.6,215.9,0,67
4066,10.5,1.27,87.7,920.9,111.4,0,67
4067,10.49,2.17,87.5,917.9,189.9,0,67
4068,10.53,1.12,87.7,923.5,98.2,0,67
4069,10.53,2.71,87.4,920.3,236.9,0,67
4070,10.52,1.11,87.7,922.6,97.3,0,67
4071,10.5,2.11,87.5,918.8,184.6,0,67
4072,10.53,1.11,87.7,923.5,97.3,0,67
4073,10.53,1.61,87.6,922.4,141,0,67
4074,10.48,1.57,87.6,918,137.5,0,67
4075,10.46,0.7,87.7,917.3,61.4,0,67
4076,10.47,0.36,87.8,919.3,31.6,0,68
4077,10.49,0.34,87.9,922.1,29.9,0,67
4078,10.46,0.38,87.9,919.4,33.4,0,68
4079,10.5,0.33,87.9,923,29,0,67
4080,10.49,0.15,87.9,922.1,13.2,0,68
4081,10.44,0.1,87.8,916.6,8.8,0,68
4082,10.49,0.36,87.8,921,31.6,0,68
4083,10.46,0.83,87.7,917.3,72.8,0,68
4084,10.47,0.64,87.8,919.3,56.2,0,68
4085,10.44,0.48,87.8,916.6,42.1,0,68
4086,10.45,0.13,87.9,918.6,11.4,0,68
4087,10.46,-0.04,87.9,919.4,-3.5,0,68
4088,10.49,0.21,87.8,921,18.4,0,68
4089,10.45,0.35,87.8,917.5,30.7,0,68
4090,10.44,0.2,87.9,917.7,17.6,0,68
4091,10.44,0.58,87.8,916.6,50.9,0,68
4092,10.43,0.46,87.9,916.8,40.4,0,67
4093,10.47,1.29,87.7,918.2,113.1,0,67
4094,10.45,1.51,87.7,916.5,132.4,0,67
4095,10.42,1.11,87.6,912.8,97.2,0,68
4096,10.41,1.04,87.7,913,91.2,0,68
4097,10.42,1.05,87.7,913.8,92.1,0,68
4098,10.44,1.16,87.7,915.6,101.7,0,67
4099,10.42,1.36,87.6,912.8,119.1,0,67
4100,10.44,0.92,87.7,915.6,80.7,0,67
4101,10.43,0.71,87.8,915.8,62.3,0,67
4102,10.4,1.28,87.7,912.1,112.3,0,67
4103,10.38,1.72,87.6,909.3,150.7,0,67
4104,10.4,1.17,87.7,912.1,102.6,0,67
4105,10.41,1.13,87.7,913,99.1,0,67
4106,10.39,1.99,87.5,909.1,174.1,0,67
4107,10.4,1.09,87.7,912.1,95.6,0,67
4108,10.38,0.58,87.8,911.4,50.9,0,67
4109,10.37,0.36,87.8,910.5,31.6,0,67
4110,10.38,0.55,87.8,911.4,48.3,0,67
4111,10.32,0.62,87.8,906.1,54.4,0,68
4112,10.34,0.45,87.8,907.9,39.5,0,68
4113,10.31,0.03,87.9,906.2,2.6,0,68
4114,10.24,0.18,87.8,899.1,15.8,0,68
4115,10.3,0.15,87.9,905.4,13.2,0,68
4116,10.29,-0.6,88,905.5,-52.8,0,68
4117,10.26,-0.05,87.9,901.9,-4.4,0,68
4118,10.25,-0.56,88,902,-49.3,0,68
4119,10.28,-0.2,87.9,903.6,-17.6,0,68
4120,10.3,-0.1,87.9,905.4,-8.8,0,68
4121,10.34,0.37,87.8,907.9,32.5,0,68
4122,10.28,0.83,87.7,901.6,72.8,0,67
4123,10.31,0.83,87.7,904.2,72.8,0,67
4124,10.33,1.27,87.7,905.9,111.4,0,67
4125,10.36,1.96,87.5,906.5,171.5,0,67
4126,10.35,1.23,87.7,907.7,107.9,0,67
4127,10.35,1.36,87.7,907.7,119.3,0,67
4128,10.35,1.93,87.5,905.6,168.9,0,67
4129,10.31,1.22,87.6,903.2,106.9,0,67
4130,10.36,0.77,87.8,909.6,67.6,0,67
4131,10.26,1.26,87.7,899.8,110.5,0,67
4132,10.29,1.65,87.6,901.4,144.5,0,67
4133,10.27,1.41,87.6,899.7,123.5,0,67
4134,10.3,0.9,87.7,903.3,78.9,0,67
4135,10.34,2.1,87.6,905.8,184,0,67
4136,10.3,1.63,87.5,901.3,142.6,0,67
4137,10.32,1.95,87.5,903,170.6,0,67
4138,10.35,1.71,87.5,905.6,149.6,0,67
4139,10.32,2.46,87.4,902,215,0,67
4140,10.31,1.6,87.6,903.2,140.2,0,67
4141,10.31,2.32,87.4,901.1,202.8,0,67
4142,10.35,3.12,87.2,902.5,272.1,0,67
4143,10.34,2.33,87.4,903.7,203.6,0,67
4144,10.32,1.39,87.6,904,121.8,0,67
4145,10.3,2.52,87.3,899.2,220,0,67
4146,10.35,2.04,87.5,905.6,178.5,0,67
4147,10.3,1.61,87.5,901.3,140.9,0,67
4148,10.31,0.95,87.7,904.2,83.3,0,67
4149,10.31,2.03,87.4,901.1,177.4,0,67
4150,10.24,1.06,87.6,897,92.9,0,67
4151,10.28,0.49,87.7,901.6,43,0,67
4152,10.26,0.16,87.8,900.8,14,0,68
4153,10.24,0.2,87.8,899.1,17.6,0,68
4154,10.26,0.45,87.7,899.8,39.5,0,68
4155,10.23,0.69,87.7,897.2,60.5,0,68
4156,10.22,0.79,87.7,896.3,69.3,0,68
4157,10.24,0.61,87.7,898,53.5,0,68
4158,10.27,0.8,87.7,900.7,70.2,0,67
4159,10.33,1.05,87.7,905.9,92.1,0,67
4160,10.26,1.19,87.6,898.8,104.2,0,67
4161,10.27,1.3,87.6,899.7,113.9,0,67
4162,10.26,1.47,87.6,898.8,128.8,0,67
4163,10.24,1.11,87.6,897,97.2,0,67
4164,10.3,1.04,87.6,902.3,91.1,0,67
4165,10.26,2.11,87.4,896.7,184.4,0,67
4166,10.27,1.28,87.6,899.7,112.1,0,67
4167,10.27,2.8,87.3,896.6,244.4,0,67
4168,10.31,2.23,87.4,901.1,194.9,0,67
4169,10.31,1.67,87.5,902.1,146.1,0,66
4170,10.29,1.71,87.5,900.4,149.6,0,67
4171,10.35,2.78,87.2,902.5,242.4,0,67
4172,10.35,2.15,87.4,904.6,187.9,0,67
4173,10.27,1.41,87.5,898.6,123.4,0,67
4174,10.31,2.35,87.3,900.1,205.2,0,67
4175,10.29,1.68,87.5,900.4,147,0,67
4176,10.29,1.69,87.4,899.3,147.7,0,67
4177,10.27,0.89,87.7,900.7,78.1,0,67
4178,10.29,1.25,87.5,900.4,109.4,0,67
4179,10.29,2.1,87.3,898.3,183.3,0,67
4180,10.27,1.74,87.5,898.6,152.3,0,67
4181,10.25,1.66,87.5,896.9,145.3,0,67
4182,10.27,2.02,87.4,897.6,176.5,0,67
4183,10.26,1.48,87.4,896.7,129.4,0,67
4184,10.27,1.82,87.5,898.6,159.3,0,67
4185,10.33,1.62,87.5,903.9,141.8,0,67
4186,10.31,2.87,87.2,899,250.3,0,66
4187,10.33,3.52,87.1,899.7,306.6,0,66
4188,10.31,3.95,86.9,895.9,343.3,0,66
4189,10.41,3.3,87.2,907.8,287.8,0,65
4190,10.44,3.89,87.1,909.3,338.8,0,65
4191,10.52,7.12,86.4,908.9,615.2,0,64
4192,10.51,4.72,86.8,912.3,409.7,0,64
4193,10.49,6.7,86.3,905.3,578.2,0,64
4194,10.5,5.49,86.7,910.4,476,0,64
4195,10.48,5.7,86.6,907.6,493.6,0,65
4196,10.39,2.29,87.3,907,199.9,0,66
4197,10.35,1.06,87.5,905.6,92.7,0,67
4198,10.38,0.93,87.5,908.3,81.4,0,67
4199,10.41,1.04,87.5,910.9,91,0,67
4200,10.46,1.04,87.5,915.3,91,0,67
4201,10.47,0.58,87.6,917.2,50.8,0,67
4202,10.51,0.6,87.7,921.7,52.6,0,67
4203,10.51,2.19,87.3,917.5,191.2,0,67
4204,10.5,1.36,87.5,918.8,119,0,66
4205,10.35,2.8,87.2,902.5,244.2,0,66
4206,10.37,4.23,86.8,900.1,367.2,0,65
4207,10.47,6.21,86.6,906.7,537.8,0,64
4208,10.71,9.47,85.9,920,813.5,0,63
4209,10.67,9.74,85.9,916.6,836.7,0,62
4210,10.16,12.06,85.3,866.6,1028.7,0,62
4211,10.06,8.92,85.9,864.2,766.2,0,62
4212,9.94,12.26,85.2,846.9,1044.6,0,61
4213,9.83,13.02,85.2,837.5,1109.3,0,61
4214,9.57,11.26,85.5,818.2,962.7,0,61
4215,9.38,10.29,85.5,802,879.8,0,62
4216,9.23,9.48,85.6,790.1,811.5,0,63
4217,9.09,7.59,85.9,780.8,652,0,64
4218,9.06,4.58,86.5,783.7,396.2,0,65
4219,9.06,1.84,87.1,789.1,160.3,0,67
4220,8.96,0.23,87.4,783.1,20.1,0,68
4221,8.75,-2.28,87.9,769.1,-200.4,0,70
4222,8.92,-3.32,88.1,785.9,-292.5,0,70
4223,9.14,-2.62,88,804.3,-230.6,0,70
4224,9.06,-1.36,87.8,795.5,-119.4,0,69
4225,9.02,-0.41,87.7,791.1,-36,0,68
4226,9.41,-0.05,87.6,824.3,-4.4,0,68
4227,9.53,0.29,87.5,833.9,25.4,0,68
4228,9.59,0.87,87.4,838.2,76,0,67
4229,9.52,0.81,87.5,833,70.9,0,67
4230,9.5,0.76,87.4,830.3,66.4,0,67
4231,9.68,0.51,87.5,847,44.6,0,67
4232,9.58,0.01,87.6,839.2,0.9,0,68
4233,9.67,0.16,87.6,847.1,14,0,68
4234,9.7,-0.35,87.7,850.7,-30.7,0,68
4235,9.63,-0.2,87.7,844.6,-17.5,0,68
4236,9.65,0.08,87.7,846.3,7,0,68
4237,9.54,-0.22,87.7,836.7,-19.3,0,68
4238,9.57,0.2,87.6,838.3,17.5,0,68
4239,9.62,-0.13,87.7,843.7,-11.4,0,68
4240,9.6,0.19,87.6,841,16.6,0,68
4241,9.68,0.58,87.6,848,50.8,0,68
4242,9.74,0.39,87.6,853.2,34.2,0,68
4243,9.77,0.71,87.6,855.9,62.2,0,68
4244,9.76,1.23,87.4,853,107.5,0,67
4245,9.74,2.24,87.2,849.3,195.3,0,67
4246,9.77,1.49,87.4,853.9,130.2,0,67
4247,9.77,2.17,87.2,851.9,189.2,0,67
4248,9.86,2.19,87.3,860.8,191.2,0,67
4249,9.93,1.31,87.4,867.9,114.5,0,67
4250,9.82,0.88,87.5,859.3,77,0,67
4251,9.96,1.54,87.3,869.5,134.4,0,67
4252,9.9,1.27,87.4,865.3,111,0,67
4253,9.85,0.81,87.5,861.9,70.9,0,68
4254,9.82,0.25,87.6,860.2,21.9,0,68
4255,9.82,-0.61,87.8,862.2,-53.6,0,68
4256,9.95,-0.69,87.8,873.6,-60.6,0,68
4257,9.88,-0.87,87.8,867.5,-76.4,0,69
4258,9.88,-0.86,87.8,867.5,-75.5,0,68
4259,9.9,-0.56,87.8,869.2,-49.2,0,68
4260,9.92,-0.61,87.8,871,-53.6,0,68
4261,9.99,0.13,87.6,875.1,11.4,0,68
4262,10.01,0.47,87.6,876.9,41.2,0,68
4263,10.05,-0.1,87.7,881.4,-8.8,0,68
4264,10.04,-0.08,87.8,881.5,-7,0,68
4265,10.02,0.28,87.6,877.8,24.5,0,68
4266,10.01,-0.14,87.7,877.9,-12.3,0,68
4267,10.03,-0.3,87.7,879.6,-26.3,0,68
4268,9.96,-0.53,87.8,874.5,-46.5,0,68
4269,9.97,-0.42,87.8,875.4,-36.9,0,68
4270,9.99,0.75,87.5,874.1,65.6,0,68
4271,9.94,0.94,87.5,869.7,82.3,0,67
4272,9.94,1.35,87.4,868.8,118,0,67
4273,9.97,2.01,87.3,870.4,175.5,0,67
4274,9.93,1.99,87.4,867.9,173.9,0,67
4275,9.96,1.64,87.4,870.5,143.3,0,67
4276,10.32,2.23,87.2,899.9,194.5,0,67
4277,10.33,2.39,87.2,900.8,208.4,0,67
4278,10.28,1.4,87.4,898.5,122.4,0,67
4279,10.27,1.53,87.3,896.6,133.6,0,67
4280,10.23,0.97,87.5,895.1,84.9,0,67
4281,10.2,1.03,87.4,891.5,90,0,67
4282,10.18,0.73,87.5,890.8,63.9,0,68
4283,10.14,0.76,87.5,887.3,66.5,0,68
4284,10.16,0.42,87.6,890,36.8,0,68
4285,10.09,-0.12,87.7,884.9,-10.5,0,68
4286,10.06,-0.33,87.7,882.3,-28.9,0,68
4287,10.1,0.06,87.7,885.8,5.3,0,68
4288,10.15,0.75,87.5,888.1,65.6,0,67
4289,10.14,0.82,87.5,887.3,71.8,0,68
4290,10.15,0.94,87.5,888.1,82.3,0,67
4291,10.14,0.96,87.4,886.2,83.9,0,67
4292,10.11,0.63,87.5,884.6,55.1,0,68
4293,10.1,0.74,87.5,883.8,64.8,0,68
4294,10.11,0.85,87.5,884.6,74.4,0,67
4295,10.1,0.64,87.5,883.8,56,0,67
4296,10.11,0.39,87.6,885.6,34.2,0,68
4297,10.09,0.5,87.6,883.9,43.8,0,68
4298,10.09,0.43,87.6,883.9,37.7,0,68
4299,10.12,0.25,87.6,886.5,21.9,0,68
4300,10.14,0.42,87.6,888.3,36.8,0,67
4301,10.16,0.4,87.6,890,35,0,67
4302,10.12,0.55,87.6,886.5,48.2,0,67
4303,10.16,1.06,87.5,889,92.7,0,67
4304,10.12,1.96,87.3,883.5,171.1,0,67
4305,10.11,2.47,87.3,882.6,215.6,0,67
4306,10.13,1.5,87.4,885.4,131.1,0,67
4307,10.18,1.47,87.3,888.7,128.3,0,67
4308,10.14,2.47,87.2,884.2,215.4,0,67
4309,10.12,1.67,87.4,884.5,146,0,67
4310,10.12,1.42,87.3,883.5,124,0,67
4311,10.12,2.62,87.1,881.5,228.2,0,67
4312,10.13,2.01,87.3,884.3,175.5,0,67
4313,10.15,1.24,87.4,887.1,108.4,0,67
4314,10.14,2.15,87.1,883.2,187.3,0,67
4315,10.02,0.97,87.4,875.7,84.8,0,67
4316,10.12,1.86,87.2,882.5,162.2,0,67
4317,10.04,0.86,87.4,877.5,75.2,0,67
4318,10.15,1.58,87.3,886.1,137.9,0,67
4319,10.09,1.38,87.3,880.9,120.5,0,67
4320,10.01,2.45,87.1,871.9,213.4,0,67
4321,10.17,0.93,87.4,888.9,81.3,0,67
4322,10.02,2.03,87.2,873.7,177,0,67
4323,10.07,0.85,87.5,881.1,74.4,0,67
4324,10.04,1.99,87.2,875.5,173.5,0,67
4325,10.14,0.91,87.4,886.2,79.5,0,67
4326,10.15,1.78,87.3,886.1,155.4,0,67
4327,10.15,0.88,87.4,887.1,76.9,0,67
4328,10.17,0.83,87.5,889.9,72.6,0,67
4329,10.13,1.76,87.3,884.3,153.6,0,67
4330,10.12,0.97,87.4,884.5,84.8,0,67
4331,10.13,1.98,87.2,883.3,172.7,0,67
4332,10.13,0.96,87.4,885.4,83.9,0,67
4333,10.14,1.91,87.2,884.2,166.6,0,67
4334,10.11,0.79,87.4,883.6,69,0,67
4335,10.12,1.08,87.4,884.5,94.4,0,67
4336,10.08,1.4,87.3,880,122.2,0,67
4337,10.12,0.57,87.4,884.5,49.8,0,67
4338,10.12,0.43,87.5,885.5,37.6,0,68
4339,10.1,0.47,87.5,883.8,41.1,0,68
4340,10.13,0.96,87.4,885.4,83.9,0,67
4341,10.14,0.46,87.5,887.3,40.3,0,67
4342,10.15,0.57,87.5,888.1,49.9,0,67
4343,10.09,0.41,87.5,882.9,35.9,0,68
4344,10.1,0,87.6,884.8,0,0,68
4345,10.12,-0.1,87.6,886.5,-8.8,0,68
4346,10.15,-0.17,87.6,889.1,-14.9,0,68
4347,10.11,0.08,87.5,884.6,7,0,68
4348,10.1,0.23,87.6,884.8,20.1,0,68
4349,10.21,0.49,87.5,893.4,42.9,0,67
4350,10.18,0.47,87.5,890.8,41.1,0,67
4351,10.17,1.18,87.4,888.9,103.1,0,67
4352,10.19,1.4,87.3,889.6,122.2,0,67
4353,10.19,0.92,87.4,890.6,80.4,0,67
4354,10.17,1.03,87.4,888.9,90,0,67
4355,10.2,1.61,87.3,890.5,140.6,0,67
4356,10.14,0.86,87.4,886.2,75.2,0,67
4357,10.17,1.24,87.4,888.9,108.4,0,67
4358,10.18,1.5,87.3,888.7,131,0,67
4359,10.14,0.33,87.5,887.3,28.9,0,68
4360,10.12,0.07,87.6,886.5,6.1,0,68
4361,10.11,0.3,87.5,884.6,26.3,0,68
4362,10.12,0.01,87.6,886.5,0.9,0,68
4363,10.09,-0.49,87.7,884.9,-43,0,68
4364,10.09,-0.41,87.7,884.9,-36,0,68
4365,10.05,-3.25,88.2,886.4,-286.7,0,68
4366,10.03,-3.69,88.3,885.6,-325.8,0,66
4367,10.02,-3.61,88.3,884.8,-318.8,0,65
4368,10.19,2.49,87.2,888.6,217.1,0,66
4369,10.18,2.03,87.2,887.7,177,0,67
4370,10.14,0.36,87.6,888.3,31.5,0,67
4371,10.15,0.01,87.6,889.1,0.9,0,68
4372,10.14,-0.27,87.7,889.3,-23.7,0,68
4373,10.16,0.47,87.5,889,41.1,0,67
4374,10.12,-0.01,87.6,886.5,-0.9,0,68
4375,10.15,-0.25,87.7,890.2,-21.9,0,68
4376,10.09,0.24,87.6,883.9,21,0,68
4377,10.15,-0.12,87.7,890.2,-10.5,0,68
4378,10.18,-0.35,87.7,892.8,-30.7,0,68
4379,10.19,-0.09,87.6,892.6,-7.9,0,68
4380,10.24,0.48,87.5,896,42,0,67
4381,10.28,0.36,87.6,900.5,31.5,0,67
4382,10.4,1.25,87.5,910,109.4,0,67
4383,10.42,1.37,87.4,910.7,119.7,0,66
4384,10.35,1.74,87.3,903.6,151.9,0,66
4385,10.21,2.33,87.1,889.3,202.9,0,66
4386,10.11,2.75,87,879.6,239.3,0,66
4387,10.21,2.4,87.1,889.3,209,0,67
4388,10.13,1.43,87.3,884.3,124.8,0,67
4389,10.02,1.73,87.2,873.7,150.9,0,67
4390,9.53,2.21,87.2,831,192.7,0,67
4391,9.26,1.34,87.3,808.4,117,0,67
4392,9.44,0.49,87.4,825.1,42.8,0,68
4393,9.28,0.36,87.5,812,31.5,0,68
4394,9.09,-0.51,87.7,797.2,-44.7,0,68
4395,8.86,-0.76,87.7,777,-66.7,0,69
4396,8.85,-0.53,87.7,776.1,-46.5,0,69
4397,9.01,-0.82,87.7,790.2,-71.9,0,69
4398,8.68,-0.42,87.7,761.2,-36.8,0,69
4399,8.86,-0.15,87.7,777,-13.2,0,68
4400,8.72,-0.12,87.6,763.9,-10.5,0,68
4401,9.2,-0.29,87.7,806.8,-25.4,0,68
4402,9.28,-0.15,87.6,812.9,-13.1,0,68
4403,8.96,0.52,87.5,784,45.5,0,68
4404,8.95,0.58,87.5,783.1,50.8,0,68
4405,8.99,0.07,87.6,787.5,6.1,0,68
4406,9.09,-0.09,87.6,796.3,-7.9,0,68
4407,9.06,-0.33,87.7,794.6,-28.9,0,68
4408,9.07,-0.14,87.7,795.4,-12.3,0,68
4409,9.12,-0.62,87.7,799.8,-54.4,0,68
4410,9.25,-0.23,87.7,811.2,-20.2,0,68
4411,9.32,-0.55,87.7,817.4,-48.2,0,68
4412,9.39,-0.6,87.7,823.5,-52.6,0,68
4413,9.44,-0.42,87.7,827.9,-36.8,0,69
4414,9.52,-0.53,87.7,834.9,-46.5,0,68
4415,9.49,-0.49,87.7,832.3,-43,0,68
4416,9.52,-0.01,87.6,834,-0.9,0,68
4417,9.66,0.29,87.6,846.2,25.4,0,68
4418,9.73,-0.34,87.7,853.3,-29.8,0,68
4419,9.8,-0.34,87.7,859.5,-29.8,0,68
4420,9.76,-0.36,87.7,856,-31.6,0,68
4421,9.78,-0.42,87.8,858.7,-36.9,0,68
4422,9.76,0.13,87.6,855,11.4,0,68
4423,9.77,-0.66,87.8,857.8,-57.9,0,68
4424,9.86,-0.18,87.7,864.7,-15.8,0,68
4425,10.07,-0.03,87.6,882.1,-2.6,0,68
4426,10.1,-0.31,87.7,885.8,-27.2,0,68
4427,10.07,-0.03,87.6,882.1,-2.6,0,68
4428,10.03,-0.02,87.6,878.6,-1.8,0,68
4429,10.02,-0.46,87.7,878.8,-40.3,0,68
4430,10.07,-0.19,87.7,883.1,-16.7,0,68
4431,10.06,-0.01,87.7,882.3,-0.9,0,68
4432,10.08,-0.57,87.7,884,-50,0,68
4433,10.13,0.76,87.5,886.4,66.5,0,67
4434,10.15,0.77,87.5,888.1,67.4,0,67
4435,10.15,0.56,87.6,889.1,49.1,0,68
4436,10.15,0.06,87.6,889.1,5.3,0,68
4437,10.15,-0.08,87.7,890.2,-7,0,68
4438,10.15,0.01,87.6,889.1,0.9,0,68
4439,10.17,0,87.6,890.9,0,0,68
4440,10.16,-0.08,87.7,891,-7,0,68
4441,10.19,0.03,87.6,892.6,2.6,0,68
4442,10.18,-0.04,87.6,891.8,-3.5,0,68
4443,10.16,0.01,87.6,890,0.9,0,68
4444,10.2,0.02,87.6,893.5,1.8,0,68
4445,10.24,-0.06,87.6,897,-5.3,0,68
4446,10.2,-0.23,87.7,894.5,-20.2,0,68
4447,10.22,-0.06,87.7,896.3,-5.3,0,68
4448,10.2,-0.02,87.7,894.5,-1.8,0,68
4449,10.21,-0.4,87.7,895.4,-35.1,0,68
4450,10.2,-0.12,87.6,893.5,-10.5,0,68
4451,10.21,-0.29,87.7,895.4,-25.4,0,68
4452,10.2,-0.17,87.7,894.5,-14.9,0,68
4453,10.18,-0.08,87.7,892.8,-7,0,68
4454,10.18,-0.1,87.7,892.8,-8.8,0,68
4455,10.19,0.23,87.6,892.6,20.1,0,68
4456,10.18,0.09,87.6,891.8,7.9,0,68
4457,10.17,-0.47,87.7,891.9,-41.2,0,68
4458,10.18,-0.3,87.7,892.8,-26.3,0,68
4459,10.19,0.15,87.6,892.6,13.1,0,68
4460,10.19,-0.48,87.7,893.7,-42.1,0,68
4461,10.18,-0.4,87.7,892.8,-35.1,0,68
4462,10.18,0.16,87.6,891.8,14,0,68
4463,10.17,0.12,87.6,890.9,10.5,0,68
4464,10.15,-0.54,87.8,891.2,-47.4,0,68
4465,10.15,-0.21,87.7,890.2,-18.4,0,68
4466,10.18,-0.07,87.7,892.8,-6.1,0,68
4467,10.15,-0.5,87.7,890.2,-43.9,0,68
4468,10.15,-0.14,87.7,890.2,-12.3,0,68
4469,10.15,-0.05,87.7,890.2,-4.4,0,68
4470,10.14,-0.32,87.7,889.3,-28.1,0,68
4471,10.14,-0.24,87.7,889.3,-21,0,68
4472,10.14,0.14,87.6,888.3,12.3,0,68
4473,10.14,-0.18,87.7,889.3,-15.8,0,68
4474,10.12,-0.44,87.7,887.5,-38.6,0,68
4475,10.13,0.25,87.6,887.4,21.9,0,68
4476,10.17,0.32,87.6,890.9,28,0,68
4477,10.17,0.59,87.6,890.9,51.7,0,67
4478,10.15,0.69,87.5,888.1,60.4,0,68
4479,10.15,1.09,87.4,887.1,95.3,0,67
4480,10.18,1.02,87.4,889.7,89.1,0,67
4481,10.15,1.06,87.4,887.1,92.6,0,67
4482,10.15,0.77,87.4,887.1,67.3,0,67
4483,10.18,0.6,87.5,890.8,52.5,0,67
4484,10.13,0.62,87.5,886.4,54.3,0,67
4485,10.16,1.71,87.3,887,149.3,0,67
4486,10.16,1.08,87.4,888,94.4,0,67
4487,10.16,1.53,87.4,888,133.7,0,67
4488,10.16,1.22,87.3,887,106.5,0,67
4489,10.21,0.93,87.5,893.4,81.4,0,67
4490,10.2,2.42,87.1,888.4,210.8,0,67
4491,10.17,2.53,87.1,885.8,220.4,0,67
4492,10.16,1.32,87.4,888,115.4,0,67
4493,10.18,1.51,87.3,888.7,131.8,0,67
4494,10.18,1.34,87.4,889.7,117.1,0,67
4495,10.19,1.35,87.3,889.6,117.9,0,67
4496,10.17,0.33,87.5,889.9,28.9,0,67
4497,10.16,0.85,87.4,888,74.3,0,67
4498,10.19,1.18,87.4,890.6,103.1,0,67
4499,10.18,0.96,87.4,889.7,83.9,0,67
4500,10.28,0.57,87.5,899.5,49.9,0,67
4501,10.17,1.85,87.2,886.8,161.3,0,67
4502,10.19,0.79,87.4,890.6,69,0,67
4503,10.18,0.49,87.5,890.8,42.9,0,67
4504,10.2,1.37,87.3,890.5,119.6,0,67
4505,10.12,0.99,87.4,884.5,86.5,0,67
4506,10.16,0.37,87.5,889,32.4,0,68
4507,10.12,0.21,87.6,886.5,18.4,0,67
4508,10.13,0.09,87.6,887.4,7.9,0,68
4509,10.13,0.31,87.5,886.4,27.1,0,67
4510,10.11,0.56,87.5,884.6,49,0,67
4511,10.15,1.24,87.3,886.1,108.3,0,67
4512,10.16,1.39,87.3,887,121.3,0,67
4513,10.19,1.55,87.3,889.6,135.3,0,67
4514,10.24,1.96,87.3,894,171.1,0,66
4515,10.27,3.71,86.9,892.5,322.4,0,66
4516,10.32,3.29,86.9,896.8,285.9,0,65
4517,10.36,4.5,86.6,897.2,389.7,0,65
4518,10.42,5.05,86.7,903.4,437.8,0,64
4519,10.4,5.36,86.5,899.6,463.6,0,63
4520,10.42,4.81,86.6,902.4,416.5,0,64
4521,10.37,6.1,86.2,893.9,525.8,0,64
4522,10.35,4.37,86.7,897.3,378.9,0,64
4523,10.29,4.31,86.6,891.1,373.2,0,65
4524,10.18,2.42,86.9,884.6,210.3,0,66
4525,10.21,1.49,87.2,890.3,129.9,0,66
4526,10.15,1.02,87.2,885.1,88.9,0,67
4527,10.15,1.46,87.1,884.1,127.2,0,67
4528,10.15,0.93,87.2,885.1,81.1,0,67
4529,10.21,1.62,87.1,889.3,141.1,0,67
4530,10.22,1.85,87.2,891.2,161.3,0,66
4531,10.28,4.04,86.7,891.3,350.3,0,66
4532,10.25,2.59,86.9,890.7,225.1,0,66
4533,10.27,4.79,86.4,887.3,413.9,0,65
4534,10.29,4.53,86.6,891.1,392.3,0,65
4535,10.26,2.88,86.9,891.6,250.3,0,65
4536,10.26,3.13,86.8,890.6,271.7,0,65
4537,10.23,4.25,86.5,884.9,367.6,0,65
4538,10.26,4.54,86.6,888.5,393.2,0,65
4539,10.26,2.87,86.8,890.6,249.1,0,65
4540,10.23,3.11,86.7,886.9,269.6,0,65
4541,10.19,2.27,87,886.5,197.5,0,66
4542,10.18,2.13,87,885.7,185.3,0,66
4543,10.09,0.69,87.2,879.8,60.2,0,67
4544,10.07,0.85,87.3,879.1,74.2,0,67
4545,10.07,0.83,87.3,879.1,72.5,0,67
4546,10.01,0.38,87.3,873.9,33.2,0,68
4547,10.01,-0.16,87.4,874.9,-14,0,68
4548,10.01,-0.94,87.6,876.9,-82.3,0,68
4549,9.99,-0.57,87.5,874.1,-49.9,0,68
4550,9.97,-1.21,87.7,874.4,-106.1,0,68
4551,9.98,-0.97,87.6,874.2,-85,0,68
4552,9.94,-0.98,87.7,871.7,-85.9,0,68
4553,9.99,-0.18,87.5,874.1,-15.8,0,68
4554,9.99,0.09,87.5,874.1,7.9,0,68
4555,10.03,0.55,87.4,876.6,48.1,0,67
4556,10.01,0.82,87.4,874.9,71.7,0,67
4557,10.05,1.26,87.2,876.4,109.9,0,67
4558,10.05,0.64,87.3,877.4,55.9,0,67
4559,10.05,0.68,87.4,878.4,59.4,0,67
4560,10.08,1.32,87.2,879,115.1,0,67
4561,10.08,0.82,87.3,880,71.6,0,67
4562,10.09,0.58,87.4,881.9,50.7,0,67
4563,10.07,2.02,87.1,877.1,175.9,0,67
4564,10.06,1.43,87.2,877.2,124.7,0,67
4565,10.05,1.33,87.2,876.4,116,0,67
4566,10.03,1.98,87.1,873.6,172.5,0,67
4567,10.05,0.88,87.3,877.4,76.8,0,67
4568,10.06,2.05,87,875.2,178.4,0,67
4569,10.05,0.98,87.3,877.4,85.6,0,67
4570,10.03,1.94,87,872.6,168.8,0,67
4571,10.05,1.05,87.3,877.4,91.7,0,67
4572,10.05,1.63,87.1,875.4,142,0,67
4573,10.04,1.05,87.2,875.5,91.6,0,67
4574,10.05,1.69,87.1,875.4,147.2,0,67
4575,10.06,1.13,87.2,877.2,98.5,0,67
4576,10.05,1.56,87.1,875.4,135.9,0,67
4577,10.08,1.96,87.1,878,170.7,0,67
4578,10.06,0.89,87.3,878.2,77.7,0,67
4579,10.07,1.8,87,876.1,156.6,0,67
4580,10.06,0.65,87.3,878.2,56.7,0,67
4581,10.08,1.85,87.1,878,161.1,0,67
4582,10.07,0.95,87.3,879.1,82.9,0,67
4583,10.09,1.77,87,877.8,154,0,67
4584,10.08,0.63,87.3,880,55,0,67
4585,10.1,1.55,87.1,879.7,135,0,67
4586,10.09,0.74,87.3,880.9,64.6,0,67
4587,10.08,1.83,87,877,159.2,0,67
4588,10.11,1.22,87.2,881.6,106.4,0,67
4589,10.11,1.18,87.1,880.6,102.8,0,67
4590,10.12,1.01,87.2,882.5,88.1,0,67
4591,10.17,1.33,87.1,885.8,115.8,0,67
4592,10.14,0.54,87.4,886.2,47.2,0,67
4593,10.16,1.97,87,883.9,171.4,0,67
4594,10.07,1,87.3,879.1,87.3,0,67
4595,10.1,1.35,87.1,879.7,117.6,0,66
4596,10.1,2.08,87,878.7,181,0,66
4597,10.08,2.51,86.8,874.9,217.9,0,66
4598,9.61,2.23,87,836.1,194,0,66
4599,9.67,1.98,87,841.3,172.3,0,66
4600,9.67,2.97,86.9,840.3,258.1,0,66
4601,9.68,3.46,86.7,839.3,300,0,66
4602,9.67,3.8,86.6,837.4,329.1,0,66
4603,9.76,2.56,86.8,847.2,222.2,0,66
4604,9.58,2.05,87,833.5,178.4,0,66
4605,9.64,2.85,86.9,837.7,247.7,0,66
4606,9.37,3.59,86.7,812.4,311.3,0,66
4607,9.51,3.54,86.6,823.6,306.6,0,66
4608,9.5,3.69,86.6,822.7,319.6,0,66
4609,9.47,2.39,86.9,822.9,207.7,0,66
4610,9.45,3.95,86.6,818.4,342.1,0,66
4611,9.45,3.31,86.6,818.4,286.6,0,66
4612,9.48,4.01,86.6,821,347.3,0,66
4613,9.57,3.39,86.6,828.8,293.6,0,66
4614,9.46,3.17,86.7,820.2,274.8,0,66
4615,9.53,4.18,86.4,823.4,361.2,0,66
4616,9.55,2.21,86.9,829.9,192,0,66
4617,9.42,2.66,86.9,818.6,231.2,0,66
4618,9.5,3.38,86.6,822.7,292.7,0,66
4619,9.44,2.93,86.7,818.4,254,0,66
4620,9.47,1.07,87.1,824.8,93.2,0,67
4621,9.33,1.19,87,811.7,103.5,0,67
4622,9.43,0.88,87.1,821.4,76.6,0,67
4623,9.36,0.31,87.2,816.2,27,0,68
4624,9.38,-0.6,87.5,820.8,-52.5,0,68
4625,9.35,-0.96,87.5,818.1,-84,0,69
4626,9.39,-1.43,87.6,822.6,-125.3,0,69
4627,9.38,-1.97,87.7,822.6,-172.8,0,69
4628,9.4,-2.52,87.8,825.3,-221.3,0,69
4629,9.41,-2.73,87.9,827.1,-240,0,70
4630,9.44,-2.81,87.9,829.8,-247,0,70
4631,9.48,-2.39,87.8,832.3,-209.8,0,69
4632,9.4,-2.16,87.8,825.3,-189.6,0,69
4633,9.45,-2.31,87.9,830.7,-203,0,69
4634,9.47,-2.61,87.9,832.4,-229.4,0,69
4635,9.51,-2.59,87.9,835.9,-227.7,0,70
4636,9.54,-2.66,88,839.5,-234.1,0,69
4637,9.62,-2.46,87.9,845.6,-216.2,0,69
4638,9.68,-2.26,87.9,850.9,-198.7,0,69
4639,9.61,-2.73,88,845.7,-240.2,0,69
4640,9.63,-2.05,87.9,846.5,-180.2,0,69
4641,9.63,-1.12,87.7,844.6,-98.2,0,69
4642,9.58,-0.47,87.6,839.2,-41.2,0,68
4643,9.65,-0.44,87.6,845.3,-38.5,0,68
4644,9.63,-0.22,87.6,843.6,-19.3,0,68
4645,9.64,0.41,87.4,842.5,35.8,0,68
4646,9.66,0.28,87.5,845.3,24.5,0,68
4647,9.64,0.24,87.5,843.5,21,0,68
4648,9.58,0.54,87.4,837.3,47.2,0,67
4649,9.58,0.61,87.4,837.3,53.3,0,68
4650,9.59,0.81,87.3,837.2,70.7,0,68
4651,9.58,0.96,87.3,836.3,83.8,0,67
4652,9.58,1.54,87.2,835.4,134.3,0,67
4653,9.89,0.78,87.3,863.4,68.1,0,67
4654,9.92,0.7,87.4,867,61.2,0,67
4655,9.92,1.35,87.2,865,117.7,0,67
4656,9.93,1.13,87.2,865.9,98.5,0,67
4657,9.88,0.53,87.4,863.5,46.3,0,67
4658,9.86,1.1,87.2,859.8,95.9,0,67
4659,9.84,1.23,87.2,858,107.3,0,67
4660,9.81,0.79,87.3,856.4,69,0,67
4661,9.84,0.71,87.3,859,62,0,67
4662,9.77,1.39,87.2,851.9,121.2,0,67
4663,9.83,1.29,87.1,856.2,112.4,0,67
4664,9.84,0.66,87.3,859,57.6,0,67
4665,9.86,1.95,87,857.8,169.7,0,67
4666,9.88,0.99,87.3,862.5,86.4,0,67
4667,9.88,2.05,87,859.6,178.4,0,67
4668,9.9,1.3,87.2,863.3,113.4,0,67
4669,9.86,1.44,87,857.8,125.3,0,67
4670,9.89,0.65,87.3,863.4,56.7,0,67
4671,9.87,2.01,87,858.7,174.9,0,67
4672,9.83,0.75,87.3,858.2,65.5,0,67
4673,9.81,1.7,87,853.5,147.9,0,67
4674,9.83,0.79,87.2,857.2,68.9,0,67
4675,9.81,1.86,87,853.5,161.8,0,67
4676,9.81,0.89,87.2,855.4,77.6,0,67
4677,9.76,0.56,87.3,852,48.9,0,67
4678,9.69,1.89,87,843,164.4,0,67
4679,9.73,0.67,87.2,848.5,58.4,0,67
4680,9.74,-0.04,87.4,851.3,-3.5,0,68
4681,9.73,0,87.3,849.4,0,0,68
4682,9.7,0.19,87.3,846.8,16.6,0,68
4683,9.72,-0.12,87.4,849.5,-10.5,0,68
4684,9.69,-0.53,87.5,847.9,-46.4,0,68
4685,9.78,-0.16,87.4,854.8,-14,0,68
4686,9.67,0.62,87.2,843.2,54.1,0,68
4687,9.73,0.74,87.2,848.5,64.5,0,67
4688,9.76,0.32,87.3,852,27.9,0,67
4689,9.78,0.47,87.3,853.8,41,0,67
4690,9.78,0.66,87.3,853.8,57.6,0,67
4691,9.78,0.77,87.2,852.8,67.1,0,67
4692,9.81,0.61,87.2,855.4,53.2,0,68
4693,9.74,0.7,87.3,850.3,61.1,0,67
4694,9.79,1.09,87.1,852.7,94.9,0,67
4695,9.78,0.84,87.2,852.8,73.2,0,67
4696,9.8,0.43,87.3,855.5,37.5,0,67
4697,9.76,-0.21,87.4,853,-18.4,0,68
4698,9.78,-0.65,87.6,856.7,-56.9,0,68
4699,9.79,-0.85,87.5,856.6,-74.4,0,68
4700,9.77,0.7,87.3,852.9,61.1,0,68
4701,9.79,0.85,87.3,854.7,74.2,0,67
4702,9.75,0.5,87.3,851.2,43.7,0,68
4703,9.72,-0.13,87.4,849.5,-11.4,0,68
4704,9.7,-1.05,87.6,849.7,-92,0,68
4705,9.63,-1.7,87.7,844.6,-149.1,0,69
4706,9.57,-2.48,87.8,840.2,-217.7,0,69
4707,9.56,-3.88,88.1,842.2,-341.8,0,70
4708,9.6,-3.61,88.1,845.8,-318,0,70
4709,9.67,-2.53,87.9,850,-222.4,0,69
4710,9.66,-1.87,87.8,848.1,-164.2,0,69
4711,9.71,-1.25,87.7,851.6,-109.6,0,69
4712,9.69,-0.84,87.7,849.8,-73.7,0,68
4713,9.67,-0.5,87.6,847.1,-43.8,0,68
4714,9.69,-0.26,87.5,847.9,-22.8,0,68
4715,9.71,-0.34,87.6,850.6,-29.8,0,68
4716,9.73,0.25,87.4,850.4,21.9,0,68
4717,9.77,0.58,87.3,852.9,50.6,0,67
4718,9.76,0.44,87.4,853,38.5,0,67
4719,9.78,0.96,87.3,853.8,83.8,0,67
4720,9.82,1.46,87.2,856.3,127.3,0,67
4721,9.8,0.8,87.3,855.5,69.8,0,67
4722,9.74,0.56,87.4,851.3,48.9,0,67
4723,9.78,1.41,87.1,851.8,122.8,0,67
4724,9.75,0.96,87.2,850.2,83.7,0,67
4725,9.76,0.46,87.3,852,40.2,0,68
4726,9.77,0.49,87.3,852.9,42.8,0,68
4727,9.77,0.42,87.4,853.9,36.7,0,67
4728,9.77,0.07,87.4,853.9,6.1,0,67
4729,9.8,0.23,87.4,856.5,20.1,0,67
4730,9.82,1.41,87.1,855.3,122.8,0,67
4731,9.83,1.7,87,855.2,147.9,0,67
4732,9.87,2.62,86.9,857.7,227.7,0,67
4733,9.9,2.46,87,861.3,214,0,66
4734,9.93,4.95,86.4,858,427.7,0,65
4735,9.96,3.77,86.7,863.5,326.9,0,65
4736,9.98,2.76,86.8,866.3,239.6,0,65
4737,10,4.47,86.4,864,386.2,0,65
4738,9.98,4.1,86.6,864.3,355.1,0,65
4739,9.99,2.97,86.8,867.1,257.8,0,65
4740,9.93,3.37,86.6,859.9,291.8,0,65
4741,9.92,2.89,86.8,861.1,250.9,0,66
4742,9.89,3.13,86.7,857.5,271.4,0,66
4743,9.86,2.14,86.9,856.8,186,0,67
4744,9.84,0.7,87.2,858,61,0,67
4745,9.8,0.02,87.3,855.5,1.7,0,68
4746,9.72,-1.25,87.6,851.5,-109.5,0,68
4747,9.69,-1.77,87.7,849.8,-155.2,0,69
4748,9.69,-2.42,87.7,849.8,-212.2,0,69
4749,9.7,-1.65,87.6,849.7,-144.5,0,69
4750,9.8,-0.6,87.5,857.5,-52.5,0,68
4751,9.83,0.06,87.4,859.1,5.2,0,68
4752,9.9,2.07,87,861.3,180.1,0,67
4753,9.91,2.03,87,862.2,176.6,0,66
4754,9.95,2.87,86.8,863.7,249.1,0,66
4755,9.99,3.96,86.6,865.1,342.9,0,66
4756,9.95,2.34,86.9,864.7,203.3,0,66
4757,9.95,4.32,86.5,860.7,373.7,0,66
4758,9.95,2.12,87,865.7,184.4,0,66
4759,9.94,2.96,86.7,861.8,256.6,0,66
4760,9.88,3.18,86.7,856.6,275.7,0,66
4761,9.87,2.14,86.9,857.7,186,0,67
4762,9.87,0.67,87.2,860.7,58.4,0,67
4763,9.88,1.46,87,859.6,127,0,67
4764,9.79,0.59,87.1,852.7,51.4,0,67
4765,9.79,0.71,87.2,853.7,61.9,0,67
4766,9.83,1.11,87.1,856.2,96.7,0,67
4767,9.79,0.89,87.1,852.7,77.5,0,67
4768,9.78,0.26,87.2,852.8,22.7,0,67
4769,9.78,0.22,87.3,853.8,19.2,0,67
4770,9.77,0.05,87.3,852.9,4.4,0,68
4771,9.75,-0.27,87.3,851.2,-23.6,0,68
4772,9.78,-0.57,87.4,854.8,-49.8,0,68
4773,9.7,-0.47,87.4,847.8,-41.1,0,68
4774,9.71,-1.13,87.5,849.6,-98.9,0,68
4775,9.71,-1.09,87.5,849.6,-95.4,0,68
4776,9.72,-1.45,87.6,851.5,-127,0,69
4777,9.69,-1.56,87.6,848.8,-136.7,0,69
4778,9.69,-1.67,87.6,848.8,-146.3,0,69
4779,9.73,-1.51,87.6,852.3,-132.3,0,69
4780,9.76,-1.19,87.6,855,-104.2,0,69
4781,9.78,-0.9,87.5,855.8,-78.8,0,68
4782,9.81,0.08,87.3,856.4,7,0,68
4783,9.8,0.84,87.2,854.6,73.2,0,67
4784,9.8,0.91,87.2,854.6,79.4,0,67
4785,9.78,0.85,87.2,852.8,74.1,0,68
4786,9.77,0.46,87.3,852.9,40.2,0,68
4787,9.7,0.67,87.2,845.8,58.4,0,68
4788,9.72,0.41,87.3,848.6,35.8,0,68
4789,9.73,-0.5,87.5,851.4,-43.8,0,68
4790,9.72,-0.49,87.4,849.5,-42.8,0,68
4791,9.69,-0.33,87.4,846.9,-28.8,0,68
4792,9.7,-0.8,87.5,848.8,-70,0,68
4793,9.68,-0.51,87.4,846,-44.6,0,68
4794,9.68,-0.5,87.5,847,-43.8,0,68
4795,9.67,-0.35,87.4,845.2,-30.6,0,68
4796,9.69,-0.21,87.4,846.9,-18.4,0,68
4797,9.71,-0.56,87.5,849.6,-49,0,68
4798,9.71,-0.47,87.5,849.6,-41.1,0,68
4799,9.68,-0.05,87.4,846,-4.4,0,68
4800,9.73,0.3,87.3,849.4,26.2,0,68
4801,9.75,0.29,87.3,851.2,25.3,0,68
4802,9.77,-0.25,87.5,854.9,-21.9,0,68
4803,9.74,-0.46,87.5,852.3,-40.3,0,68
4804,9.74,-0.36,87.4,851.3,-31.5,0,68
4805,9.77,-0.26,87.4,853.9,-22.7,0,68
4806,9.78,-0.75,87.5,855.8,-65.6,0,68
4807,9.77,-0.59,87.5,854.9,-51.6,0,68
4808,9.8,-0.92,87.5,857.5,-80.5,0,68
4809,9.74,-0.21,87.4,851.3,-18.4,0,68
4810,9.78,-0.61,87.5,855.8,-53.4,0,68
4811,9.79,-0.55,87.5,856.6,-48.1,0,68
4812,9.79,-0.53,87.5,856.6,-46.4,0,68
4813,9.79,-0.59,87.5,856.6,-51.6,0,68
4814,9.79,-0.29,87.4,855.6,-25.3,0,68
4815,9.79,-0.75,87.5,856.6,-65.6,0,68
4816,9.79,-0.54,87.5,856.6,-47.3,0,68
4817,9.78,-0.86,87.6,856.7,-75.3,0,68
4818,9.77,-0.6,87.5,854.9,-52.5,0,68
4819,9.73,-1.21,87.6,852.3,-106,0,68
4820,9.72,-0.77,87.6,851.5,-67.5,0,68
4821,9.74,-0.82,87.6,853.2,-71.8,0,68
4822,9.7,-0.61,87.5,848.8,-53.4,0,68
4823,9.68,-1.12,87.6,848,-98.1,0,68
4824,9.71,-0.85,87.6,850.6,-74.5,0,68
4825,9.71,-0.75,87.6,850.6,-65.7,0,68
4826,9.71,-0.66,87.6,850.6,-57.8,0,68
4827,9.68,-0.53,87.5,847,-46.4,0,68
4828,9.7,0.13,87.4,847.8,11.4,0,68
4829,9.71,0.01,87.4,848.7,0.9,0,68
4830,9.72,-0.46,87.5,850.5,-40.3,0,68
4831,9.73,-0.11,87.4,850.4,-9.6,0,68
4832,9.7,0.3,87.4,847.8,26.2,0,68
4833,9.71,-0.2,87.5,849.6,-17.5,0,68
4834,9.72,-0.48,87.5,850.5,-42,0,68
4835,9.71,-0.32,87.5,849.6,-28,0,68
4836,9.68,-0.86,87.6,848,-75.3,0,68
4837,9.69,-0.59,87.5,847.9,-51.6,0,68
4838,9.7,-1.14,87.6,849.7,-99.9,0,68
4839,9.71,-0.64,87.6,850.6,-56.1,0,68
4840,9.67,-0.74,87.6,847.1,-64.8,0,68
4841,9.68,-0.42,87.5,847,-36.8,0,68
4842,9.67,-0.53,87.5,846.1,-46.4,0,68
4843,9.7,0.07,87.4,847.8,6.1,0,68
4844,9.67,0.09,87.4,845.2,7.9,0,68
4845,9.7,-0.06,87.5,848.8,-5.3,0,68
4846,9.7,-0.33,87.5,848.8,-28.9,0,68
4847,9.68,0.26,87.4,846,22.7,0,68
4848,9.64,0.44,87.3,841.6,38.4,0,68
4849,9.64,0.35,87.4,842.5,30.6,0,68
4850,9.66,0.27,87.4,844.3,23.6,0,68
4851,9.66,0.05,87.4,844.3,4.4,0,68
4852,9.64,-0.03,87.4,842.5,-2.6,0,68
4853,9.65,0.29,87.3,842.4,25.3,0,68
4854,9.63,-0.01,87.5,842.6,-0.9,0,68
4855,9.6,-0.1,87.4,839,-8.7,0,68
4856,9.59,0.13,87.4,838.2,11.4,0,68
4857,9.59,0.38,87.3,837.2,33.2,0,67
4858,9.67,0.59,87.3,844.2,51.5,0,68
4859,9.63,0.46,87.3,840.7,40.2,0,67
4860,9.67,1.31,87.1,842.3,114.1,0,67
4861,9.31,1.88,87,810,163.6,0,67
4862,9.35,2.02,87,813.5,175.7,0,67
4863,9.37,1.57,87.1,816.1,136.7,0,67
4864,9.35,2.61,86.9,812.5,226.8,0,67
4865,9.35,1.78,87.1,814.4,155,0,67
4866,9.39,1.48,87.1,817.9,128.9,0,67
4867,9.35,2.29,86.9,812.5,199,0,67
4868,9.35,0.89,87.2,815.3,77.6,0,67
4869,9.34,1.09,87.2,814.4,95,0,67
4870,9.7,0.96,87.1,844.9,83.6,0,67
4871,9.68,1.07,87.1,843.1,93.2,0,67
4872,9.71,0.79,87.2,846.7,68.9,0,67
4873,9.6,0.59,87.2,837.1,51.4,0,67
4874,9.69,0.55,87.2,845,48,0,68
4875,9.75,0.71,87.2,850.2,61.9,0,67
4876,9.53,0.82,87.1,830.1,71.4,0,67
4877,9.54,0.4,87.3,832.8,34.9,0,67
4878,9.64,0.26,87.3,841.6,22.7,0,68
4879,9.65,0.26,87.3,842.4,22.7,0,67
4880,9.74,0.73,87.2,849.3,63.7,0,67
4881,9.69,1.45,87.1,844,126.3,0,67
4882,9.72,0.72,87.2,847.6,62.8,0,67
4883,9.72,0.93,87.2,847.6,81.1,0,67
4884,9.7,1.83,87,843.9,159.2,0,67
4885,9.71,0.65,87.2,846.7,56.7,0,67
4886,9.69,2.13,86.9,842.1,185.1,0,67
4887,9.67,1.05,87.1,842.3,91.5,0,67
4888,9.64,1.82,87,838.7,158.3,0,67
4889,9.64,2.42,86.9,837.7,210.3,0,66
4890,9.64,1.91,87,838.7,166.2,0,66
4891,9.59,1.18,87.1,835.3,102.8,0,67
4892,9.62,1.68,87,836.9,146.2,0,67
4893,9.62,2.45,86.8,835,212.7,0,67
4894,9.62,1.19,87.1,837.9,103.6,0,67
4895,9.58,1.24,87,833.5,107.9,0,67
4896,9.6,0.69,87.2,837.1,60.2,0,67
4897,9.57,1.87,87,832.6,162.7,0,67
4898,9.59,0.85,87.1,835.3,74,0,67
4899,9.55,1.63,87,830.9,141.8,0,67
4900,9.55,1.06,87.1,831.8,92.3,0,67
4901,9.56,0.92,87.1,832.7,80.1,0,67
4902,9.53,1.36,87,829.1,118.3,0,67
4903,9.54,0.87,87.1,830.9,75.8,0,67
4904,9.55,0.22,87.2,832.8,19.2,0,67
4905,9.5,0.21,87.2,828.4,18.3,0,67
4906,9.55,0.12,87.3,833.7,10.5,0,67
4907,9.51,0.17,87.3,830.2,14.8,0,68
4908,9.5,0.25,87.3,829.4,21.8,0,68
4909,9.53,-0.03,87.3,832,-2.6,0,68
4910,9.5,-0.43,87.4,830.3,-37.6,0,68
4911,9.51,-0.22,87.4,831.2,-19.2,0,68
4912,9.54,0.22,87.2,831.9,19.2,0,68
4913,9.46,0.7,87.2,824.9,61,0,68
4914,9.55,0.73,87.2,832.8,63.7,0,67
4915,9.53,1.13,87.1,830.1,98.4,0,67
4916,9.54,0.64,87.1,830.9,55.7,0,67
4917,9.54,1.02,87.2,831.9,88.9,0,67
4918,9.52,1.68,86.9,827.3,146,0,67
4919,9.5,1.08,87.1,827.5,94.1,0,67
4920,9.57,2.06,86.9,831.6,179,0,67
4921,9.48,0.56,87.2,826.7,48.8,0,67
4922,9.52,1.48,87,828.2,128.8,0,67
4923,9.51,1.18,87.1,828.3,102.8,0,67
4924,9.52,1.51,87,828.2,131.4,0,67
4925,9.52,1.25,87,828.2,108.8,0,67
4926,9.54,2.29,86.8,828.1,198.8,0,67
4927,9.52,1.22,87.1,829.2,106.3,0,67
4928,9.52,1.61,86.9,827.3,139.9,0,67
4929,9.54,2.49,86.8,828.1,216.1,0,67
4930,9.56,2.46,86.8,829.8,213.5,0,66
4931,9.56,1.84,86.9,830.8,159.9,0,67
4932,9.56,1.16,87,831.7,100.9,0,67
4933,9.51,1.78,86.9,826.4,154.7,0,67
4934,9.56,2.25,86.8,829.8,195.3,0,67
4935,9.54,0.93,87.1,830.9,81,0,67
4936,9.53,1.98,86.8,827.2,171.9,0,67
4937,9.56,2.2,86.9,830.8,191.2,0,67
4938,9.55,2.31,86.8,828.9,200.5,0,66
4939,9.57,2.94,86.7,829.7,254.9,0,66
4940,9.56,3.86,86.5,826.9,333.9,0,66
4941,9.53,2.99,86.6,825.3,258.9,0,66
4942,9.5,2.83,86.6,822.7,245.1,0,66
4943,9.49,2.32,86.8,823.7,201.4,0,67
4944,9.47,0.52,87.1,824.8,45.3,0,67
4945,9.4,0.44,87.2,819.7,38.4,0,68
4946,9.35,-0.49,87.3,816.3,-42.8,0,68
4947,9.32,-0.76,87.3,813.6,-66.3,0,68
4948,9.31,-1.34,87.4,813.7,-117.1,0,69
4949,9.31,-1.11,87.4,813.7,-97,0,69
4950,9.36,-1.11,87.4,818.1,-97,0,69
4951,9.37,-1.15,87.4,818.9,-100.5,0,68
4952,9.35,-1.15,87.5,818.1,-100.6,0,69
4953,9.38,-0.25,87.3,818.9,-21.8,0,68
4954,9.41,-0.32,87.4,822.4,-28,0,68
4955,9.37,-0.83,87.4,818.9,-72.5,0,68
4956,9.39,-0.42,87.4,820.7,-36.7,0,68
4957,9.36,-1.04,87.5,819,-91,0,68
4958,9.35,-1.12,87.5,818.1,-98,0,68
4959,9.36,-0.92,87.5,819,-80.5,0,68
4960,9.38,-0.94,87.5,820.8,-82.3,0,68
4961,9.31,-0.84,87.5,814.6,-73.5,0,68
4962,9.36,-0.93,87.5,819,-81.4,0,69
4963,9.33,-1.04,87.5,816.4,-91,0,69
4964,9.31,-1.05,87.5,814.6,-91.9,0,69
4965,9.31,-0.99,87.5,814.6,-86.6,0,69
4966,9.33,-1.14,87.6,817.3,-99.9,0,69
4967,9.34,-1.25,87.5,817.3,-109.4,0,69
4968,9.32,-0.75,87.4,814.6,-65.6,0,68
4969,9.34,-0.5,87.4,816.3,-43.7,0,68
4970,9.34,-0.77,87.5,817.3,-67.4,0,68
4971,9.32,-0.61,87.4,814.6,-53.3,0,68
4972,9.32,-0.62,87.5,815.5,-54.3,0,68
4973,9.35,0.16,87.3,816.3,14,0,68
4974,9.36,0.42,87.3,817.1,36.7,0,68
4975,9.33,-0.05,87.3,814.5,-4.4,0,68
4976,9.35,0.19,87.3,816.3,16.6,0,68
4977,9.33,-0.39,87.4,815.4,-34.1,0,68
4978,9.28,-0.26,87.4,811.1,-22.7,0,68
4979,9.31,-0.71,87.5,814.6,-62.1,0,68
4980,9.31,-0.26,87.3,812.8,-22.7,0,68
4981,9.29,-0.58,87.5,812.9,-50.8,0,68
4982,9.28,-0.96,87.5,812,-84,0,69
4983,9.26,-1.34,87.6,811.2,-117.4,0,69
4984,9.28,-1.1,87.6,812.9,-96.4,0,69
4985,9.27,-0.95,87.5,811.1,-83.1,0,69
4986,9.33,-0.59,87.4,815.4,-51.6,0,68
4987,9.34,0.18,87.3,815.4,15.7,0,68
4988,9.33,-0.24,87.4,815.4,-21,0,68
4989,9.33,-0.24,87.4,815.4,-21,0,68
4990,9.32,0.37,87.3,813.6,32.3,0,68
4991,9.37,0.82,87.2,817.1,71.5,0,68
4992,9.33,0.64,87.2,813.6,55.8,0,68
4993,9.39,0.61,87.3,819.7,53.3,0,68
4994,9.37,1.31,87.1,816.1,114.1,0,67
4995,9.38,1.28,87.1,817,111.5,0,67
4996,9.35,0.75,87.1,814.4,65.3,0,67
4997,9.37,0.56,87.2,817.1,48.8,0,67
4998,9.34,0.43,87.3,815.4,37.5,0,67
4999,9.32,0.99,87.2,812.7,86.3,0,67
5000,9.33,1.27,87,811.7,110.5,0,67
5001,9.33,1.3,87,811.7,113.1,0,67
5002,9.33,0.94,87.1,812.6,81.9,0,67
5003,9.32,0.15,87.2,812.7,13.1,0,68
5004,9.28,0.1,87.3,810.1,8.7,0,68
5005,9.36,-0.11,87.4,818.1,-9.6,0,68
5006,9.32,-0.34,87.4,814.6,-29.7,0,68
5007,9.33,-0.23,87.4,815.4,-20.1,0,68
5008,9.3,0.02,87.3,811.9,1.7,0,68
5009,9.33,-0.07,87.3,814.5,-6.1,0,68
5010,9.33,0.02,87.4,815.4,1.7,0,68
5011,9.36,0,87.3,817.1,0,0,68
5012,9.33,0.16,87.3,814.5,14,0,68
5013,9.34,0.39,87.2,814.4,34,0,68
5014,9.34,0.14,87.3,815.4,12.2,0,68
5015,9.33,-0.3,87.4,815.4,-26.2,0,68
5016,9.33,-0.04,87.3,814.5,-3.5,0,68
5017,9.3,0.13,87.3,811.9,11.3,0,68
5018,9.32,-0.05,87.3,813.6,-4.4,0,68
5019,9.4,-0.38,87.4,821.6,-33.2,0,68
5020,9.35,-0.08,87.3,816.3,-7,0,68
5021,9.35,-0.16,87.3,816.3,-14,0,68
5022,9.32,-0.32,87.4,814.6,-28,0,68
5023,9.34,-0.48,87.4,816.3,-42,0,68
5024,9.35,-0.11,87.4,817.2,-9.6,0,68
5025,9.39,-0.32,87.4,820.7,-28,0,68
5026,9.36,-0.21,87.4,818.1,-18.4,0,68
5027,9.35,0.28,87.2,815.3,24.4,0,68
5028,9.36,0.83,87.2,816.2,72.4,0,68
5029,9.37,0.96,87.1,816.1,83.6,0,67
5030,9.37,1.23,87.1,816.1,107.1,0,67
5031,9.35,0.83,87.1,814.4,72.3,0,67
5032,9.37,0.68,87.2,817.1,59.3,0,67
5033,9.35,0.79,87.2,815.3,68.9,0,67
5034,9.35,1.31,87,813.5,114,0,67
5035,9.36,1.26,87,814.3,109.6,0,67
5036,9.35,1,87.1,814.4,87.1,0,67
5037,9.35,0.68,87.2,815.3,59.3,0,67
5038,9.35,1.18,87.1,814.4,102.8,0,67
5039,9.34,1.41,87,812.6,122.7,0,67
5040,9.33,0.91,87.1,812.6,79.3,0,67
5041,9.32,0.51,87.2,812.7,44.5,0,67
5042,9.33,1.54,87,811.7,134,0,67
5043,9.28,1.48,87,807.4,128.8,0,67
5044,9.33,1.4,87,811.7,121.8,0,67
5045,9.31,1.59,86.9,809,138.2,0,67
5046,9.3,1.52,87,809.1,132.2,0,67
5047,9.29,1.49,87,808.2,129.6,0,67
5048,9.26,0.74,87.1,806.5,64.5,0,67
5049,9.27,0.95,87.1,807.4,82.7,0,67
5050,9.23,0.75,87.1,803.9,65.3,0,68
5051,9.25,0.09,87.2,806.6,7.8,0,68
5052,9.2,-0.57,87.4,804.1,-49.8,0,68
5053,9.2,-0.45,87.4,804.1,-39.3,0,68
5054,9.19,-0.93,87.5,804.1,-81.4,0,68
5055,9.17,-0.48,87.4,801.5,-42,0,68
5056,9.14,-1.1,87.5,799.8,-96.3,0,69
5057,9.16,-1.31,87.6,802.4,-114.8,0,69
5058,9.17,-0.8,87.5,802.4,-70,0,69
5059,9.14,-0.77,87.4,798.8,-67.3,0,68
5060,9.15,-0.69,87.4,799.7,-60.3,0,68
5061,9.15,-0.03,87.3,798.8,-2.6,0,68
5062,9.15,-0.17,87.3,798.8,-14.8,0,68
5063,9.08,-0.42,87.4,793.6,-36.7,0,68
5064,9.15,-0.69,87.4,799.7,-60.3,0,68
5065,9.09,-1.63,87.6,796.3,-142.8,0,69
5066,9.14,-0.71,87.4,798.8,-62.1,0,68
5067,9.17,-0.37,87.4,801.5,-32.3,0,68
5068,9.14,-0.11,87.3,797.9,-9.6,0,68
5069,9.15,0.11,87.3,798.8,9.6,0,68
5070,9.13,0.47,87.3,797,41,0,68
5071,9.15,0.3,87.3,798.8,26.2,0,68
5072,9.18,1.34,87.1,799.6,116.7,0,67
5073,9.23,1.32,87,803,114.8,0,67
5074,9.21,0.85,87.1,802.2,74,0,68
5075,9.24,0.75,87.1,804.8,65.3,0,68
5076,9.19,0.35,87.2,801.4,30.5,0,68
5077,9.2,0.4,87.2,802.2,34.9,0,68
5078,9.17,0.15,87.3,800.5,13.1,0,68
5079,9.19,-0.26,87.4,803.2,-22.7,0,68
5080,9.21,-0.39,87.3,804,-34,0,68
5081,9.19,0.11,87.3,802.3,9.6,0,68
5082,9.18,-0.31,87.4,802.3,-27.1,0,68
5083,9.18,-0.15,87.3,801.4,-13.1,0,68
5084,9.16,-0.25,87.3,799.7,-21.8,0,68
5085,9.15,-0.59,87.4,799.7,-51.6,0,68
5086,9.22,0.24,87.2,804,20.9,0,68
5087,9.16,0.14,87.3,799.7,12.2,0,68
5088,9.17,0.22,87.3,800.5,19.2,0,68
5089,9.16,0.09,87.3,799.7,7.9,0,68
5090,9.18,0.04,87.3,801.4,3.5,0,68
5091,9.18,0.27,87.2,800.5,23.5,0,67
5092,9.18,0.21,87.3,801.4,18.3,0,68
5093,9.18,0.26,87.2,800.5,22.7,0,68
5094,9.17,0.26,87.3,800.5,22.7,0,68
5095,9.21,0.55,87.2,803.1,48,0,67
5096,9.18,1.2,87.1,799.6,104.5,0,67
5097,9.13,1.73,87,794.3,150.5,0,67
5098,9.18,1.07,87.1,799.6,93.2,0,67
5099,9.23,2.08,86.9,802.1,180.8,0,67
5100,9.24,1.45,87,803.9,126.2,0,67
5101,9.2,1.8,86.9,799.5,156.4,0,67
5102,9.21,1.24,87.1,802.2,108,0,67
5103,9.19,1.55,86.9,798.6,134.7,0,67
5104,9.19,0.83,87,799.5,72.2,0,67
5105,9.18,0.25,87.2,800.5,21.8,0,68
5106,9.17,0.15,87.2,799.6,13.1,0,68
5107,9.16,0.32,87.2,798.8,27.9,0,67
5108,9.17,0.18,87.2,799.6,15.7,0,68
5109,9.17,0.65,87.1,798.7,56.6,0,67
5110,9.16,0.78,87.1,797.8,67.9,0,67
5111,9.12,0.52,87.1,794.4,45.3,0,68
5112,9.13,0.38,87.2,796.1,33.1,0,68
5113,9.17,0.18,87.2,799.6,15.7,0,68
5114,9.15,0.49,87.1,797,42.7,0,68
5115,9.11,0.25,87.2,794.4,21.8,0,68
5116,9.16,0.32,87.2,798.8,27.9,0,68
5117,9.13,0.57,87.2,796.1,49.7,0,67
5118,9.14,0.78,87.1,796.1,67.9,0,68
5119,9.15,0.85,87.1,797,74,0,68
5120,9.13,1.49,87,794.3,129.6,0,67
5121,9.13,0.86,87.1,795.2,74.9,0,67
5122,9.14,1.26,87,795.2,109.6,0,67
5123,9.14,1.37,86.9,794.3,119.1,0,67
5124,9.16,0.68,87.1,797.8,59.2,0,67
5125,9.18,0.48,87.2,800.5,41.9,0,67
5126,9.19,2.02,86.8,797.7,175.3,0,67
5127,9.18,1.3,87,798.7,113.1,0,67
5128,9.24,2.27,86.7,801.1,196.8,0,67
5129,9.25,2.87,86.6,801.1,248.5,0,66
5130,9.24,2.87,86.6,800.2,248.5,0,67
5131,9.24,2.58,86.7,801.1,223.7,0,67
5132,9.24,2.05,86.9,803,178.1,0,67
5133,9.27,2.09,86.8,804.6,181.4,0,66
5134,9.25,2.43,86.8,802.9,210.9,0,66
5135,9.27,1.94,86.8,804.6,168.4,0,66
5136,9.21,2.53,86.8,799.4,219.6,0,66
5137,9.26,2.41,86.8,803.8,209.2,0,66
5138,9.26,2.42,86.8,803.8,210.1,0,66
5139,9.26,2.55,86.7,802.8,221.1,0,66
5140,9.24,3.52,86.5,799.3,304.5,0,66
5141,9.21,3.56,86.4,795.7,307.6,0,66
5142,9.22,3.04,86.5,797.5,263,0,66
5143,9.2,3.2,86.5,795.8,276.8,0,66
5144,9.17,2.35,86.7,795,203.7,0,67
5145,9.19,1.16,86.9,798.6,100.8,0,67
5146,9.15,1.64,86.8,794.2,142.4,0,67
5147,9.16,0.49,87.1,797.8,42.7,0,68
5148,9.09,0.22,87,790.8,19.1,0,68
5149,9.11,0.39,87.1,793.5,34,0,68
5150,9.12,0.48,87.1,794.4,41.8,0,68
5151,9.16,1.3,86.9,796,113,0,67
5152,9.15,0.6,87.1,797,52.3,0,67
5153,9.11,1.09,87,792.6,94.8,0,67
5154,9.18,1.96,86.7,795.9,169.9,0,67
5155,9.21,3.16,86.5,796.7,273.3,0,66
5156,9.2,3.41,86.4,794.9,294.6,0,66
5157,9.22,2.3,86.7,799.4,199.4,0,66
5158,9.19,3.79,86.5,794.9,327.8,0,66
5159,9.15,3.37,86.4,790.6,291.2,0,66
5160,9.15,2.76,86.5,791.5,238.7,0,66
5161,8.8,2.89,86.5,761.2,250,0,66
5162,8.77,2.07,86.7,760.4,179.5,0,67
5163,9.02,2.01,86.7,782,174.3,0,67
5164,9.04,0.56,87,786.5,48.7,0,67
5165,9,0,87.1,783.9,0,0,68
5166,8.97,-0.09,87.1,781.3,-7.8,0,68
5167,8.98,-0.22,87.2,783.1,-19.2,0,68
5168,8.94,-0.9,87.3,780.5,-78.6,0,69
5169,8.89,-2.46,87.5,777.9,-215.3,0,69
5170,8.87,-2.43,87.6,777,-212.9,0,69
5171,8.93,-1.46,87.4,780.5,-127.6,0,69
5172,8.92,-1.2,87.4,779.6,-104.9,0,69
5173,8.92,-1.05,87.4,779.6,-91.8,0,69
5174,8.92,-0.67,87.3,778.7,-58.5,0,68
5175,8.92,-0.79,87.3,778.7,-69,0,68
5176,8.91,-0.47,87.3,777.8,-41,0,68
5177,8.9,-1.07,87.4,777.9,-93.5,0,69
5178,8.89,-1.07,87.4,777,-93.5,0,69
5179,8.88,-1.09,87.4,776.1,-95.3,0,69
5180,8.9,-0.85,87.4,777.9,-74.3,0,69
5181,8.92,-0.89,87.4,779.6,-77.8,0,69
5182,8.88,-0.76,87.4,776.1,-66.4,0,69
5183,8.9,-0.72,87.3,777,-62.9,0,68
5184,8.89,-0.69,87.4,777,-60.3,0,68
5185,8.92,-0.69,87.4,779.6,-60.3,0,69
5186,8.87,-0.9,87.4,775.2,-78.7,0,69
5187,8.9,-0.62,87.3,777,-54.1,0,68
5188,8.88,-0.73,87.3,775.2,-63.7,0,68
5189,8.87,-0.54,87.3,774.4,-47.1,0,68
5190,8.87,-0.46,87.3,774.4,-40.2,0,68
5191,8.92,-0.09,87.3,778.7,-7.9,0,68
5192,8.86,-0.04,87.2,772.6,-3.5,0,68
5193,8.89,0.31,87.2,775.2,27,0,68
5194,8.89,0.73,87.1,774.3,63.6,0,68
5195,8.88,0.67,87.1,773.4,58.4,0,68
5196,8.9,0.76,87.1,775.2,66.2,0,67
5197,8.92,0.65,87.1,776.9,56.6,0,67
5198,8.87,0.31,87.1,772.6,27,0,68
5199,8.88,0.35,87.2,774.3,30.5,0,68
5200,8.87,0.5,87.2,773.5,43.6,0,68
5201,8.9,0.2,87.2,776.1,17.4,0,68
5202,8.88,0.05,87.2,774.3,4.4,0,68
5203,8.89,0.02,87.2,775.2,1.7,0,68
5204,8.91,0.22,87.1,776.1,19.2,0,68
5205,8.89,0.87,87,773.4,75.7,0,67
5206,8.94,1.29,87,777.8,112.2,0,67
5207,8.94,2.15,86.7,775.1,186.4,0,67
5208,8.93,2.87,86.7,774.2,248.8,0,67
5209,8.98,1.98,86.9,780.4,172.1,0,67
5210,8.94,1.79,86.9,776.9,155.6,0,66
5211,8.94,1.79,86.8,776,155.4,0,66
5212,8.99,1.81,86.8,780.3,157.1,0,66
5213,8.94,1.58,86.8,776,137.1,0,66
5214,8.93,2,86.8,775.1,173.6,0,66
5215,8.93,2.58,86.6,773.3,223.4,0,66
5216,8.92,2.78,86.6,772.5,240.7,0,66
5217,8.92,3.21,86.5,771.6,277.7,0,66
5218,8.91,2.51,86.7,772.5,217.6,0,67
5219,8.87,0.94,86.9,770.8,81.7,0,67
5220,8.89,1.98,86.7,770.8,171.7,0,67
5221,8.85,0.9,86.9,769.1,78.2,0,67
5222,8.84,0.68,87,769.1,59.2,0,67
5223,8.84,0.97,86.9,768.2,84.3,0,67
5224,8.87,0.95,87,771.7,82.7,0,68
5225,8.85,0.93,86.9,769.1,80.8,0,68
5226,8.84,0.68,87,769.1,59.2,0,68
5227,8.78,0.24,87.1,764.7,20.9,0,68
5228,8.79,-0.62,87.2,766.5,-54.1,0,68
5229,8.79,-0.33,87.2,766.5,-28.8,0,68
5230,8.78,0.02,87.2,765.6,1.7,0,68
5231,8.76,-0.4,87.2,763.9,-34.9,0,68
5232,8.78,0.66,87,763.9,57.4,0,67
5233,8.76,2.48,86.7,759.5,215,0,66
5234,8.86,1.07,86.9,769.9,93,0,67
5235,8.78,2.37,86.7,761.2,205.5,0,67
5236,8.79,0.74,87,764.7,64.4,0,67
5237,8.79,0.46,87.1,765.6,40.1,0,67
5238,8.74,0.92,87,760.4,80,0,67
5239,8.77,1.31,86.9,762.1,113.8,0,67
5240,8.76,1.21,86.9,761.2,105.1,0,67
5241,8.73,1.08,86.9,758.6,93.9,0,67
5242,8.75,0.86,87,761.3,74.8,0,67
5243,8.78,1.56,86.8,762.1,135.4,0,67
5244,8.77,1.59,86.8,761.2,138,0,67
5245,8.76,1.25,86.9,761.2,108.6,0,67
5246,8.77,2.24,86.7,760.4,194.2,0,67
5247,8.75,1.02,87,761.3,88.7,0,67
5248,8.77,2.42,86.6,759.5,209.6,0,67
5249,8.78,1.93,86.8,762.1,167.5,0,67
5250,8.81,1.29,86.8,764.7,112,0,67
5251,8.86,1.75,86.8,769,151.9,0,67
5252,8.77,1.36,86.8,761.2,118,0,67
5253,8.82,2.49,86.6,763.8,215.6,0,67
5254,8.82,2.7,86.6,763.8,233.8,0,67
5255,8.75,1.43,86.9,760.4,124.3,0,67
5256,8.8,2.13,86.6,762.1,184.5,0,67
5257,8.82,2.08,86.7,764.7,180.3,0,67
5258,8.78,1.27,86.9,763,110.4,0,67
5259,8.78,2.15,86.7,761.2,186.4,0,67
5260,8.76,1,86.9,761.2,86.9,0,67
5261,8.77,0.68,86.9,762.1,59.1,0,68
5262,8.73,0.41,87,759.5,35.7,0,68
5263,8.78,0.24,87,763.9,20.9,0,68
5264,8.76,0.58,87,762.1,50.5,0,67
5265,8.81,1.7,86.7,763.8,147.4,0,67
5266,8.81,1.2,86.9,765.6,104.3,0,67
5267,8.81,2.42,86.6,762.9,209.6,0,67
5268,8.77,2.29,86.7,760.4,198.5,0,67
5269,8.81,1.95,86.7,763.8,169.1,0,66
5270,8.85,2.16,86.7,767.3,187.3,0,66
5271,8.82,2.97,86.5,762.9,256.9,0,66
5272,8.8,3.34,86.4,760.3,288.6,0,66
5273,8.81,3.31,86.4,761.2,286,0,66
5274,8.75,3.05,86.4,756,263.5,0,66
5275,8.82,3.01,86.5,762.9,260.4,0,66
5276,8.76,3.5,86.4,756.9,302.4,0,66
5277,8.75,3.6,86.3,755.1,310.7,0,66
5278,8.77,3.36,86.4,757.7,290.3,0,66
5279,8.76,3.1,86.4,756.9,267.8,0,66
5280,8.77,2.79,86.5,758.6,241.3,0,66
5281,8.71,2.1,86.6,754.3,181.9,0,67
5282,8.7,1.26,86.8,755.2,109.4,0,67
5283,8.79,2.14,86.6,761.2,185.3,0,67
5284,8.73,2.65,86.5,755.1,229.2,0,66
5285,8.73,2.22,86.6,756,192.3,0,66
5286,8.71,2.07,86.6,754.3,179.3,0,66
5287,8.71,2.4,86.6,754.3,207.8,0,66
5288,8.7,2.57,86.6,753.4,222.6,0,66
5289,8.71,2.12,86.6,754.3,183.6,0,66
5290,8.73,2.01,86.7,756.9,174.3,0,66
5291,8.7,2.5,86.6,753.4,216.5,0,66
5292,8.73,2.86,86.5,755.1,247.4,0,66
5293,8.68,1.75,86.7,752.6,151.7,0,66
5294,8.67,1.72,86.7,751.7,149.1,0,66
5295,8.72,1.83,86.6,755.2,158.5,0,66
5296,8.67,1.7,86.7,751.7,147.4,0,66
5297,8.67,1.59,86.7,751.7,137.9,0,66
5298,8.69,1.64,86.6,752.6,142,0,66
5299,8.69,2.27,86.5,751.7,196.4,0,66
5300,8.68,2.35,86.5,750.8,203.3,0,67
5301,8.71,1.7,86.6,754.3,147.2,0,67
5302,8.71,1.66,86.6,754.3,143.8,0,67
5303,8.69,1.89,86.6,752.6,163.7,0,66
5304,8.75,1.85,86.5,756.9,160,0,66
5305,8.7,2.38,86.4,751.7,205.6,0,66
5306,8.73,2.61,86.4,754.3,225.5,0,66
5307,8.69,3.02,86.3,749.9,260.6,0,66
5308,8.7,3.08,86.4,751.7,266.1,0,66
5309,8.67,2.44,86.5,750,211.1,0,66
5310,8.69,1.07,86.7,753.4,92.8,0,67
5311,8.69,1.79,86.6,752.6,155,0,67
5312,8.65,0.55,86.8,750.8,47.7,0,67
5313,8.66,0.5,86.9,752.6,43.5,0,67
5314,8.62,0.74,86.8,748.2,64.2,0,68
5315,8.63,0.38,86.9,749.9,33,0,68
5316,8.57,0.06,87,745.6,5.2,0,68
5317,8.63,0.5,86.9,749.9,43.5,0,67
5318,8.62,0.58,86.9,749.1,50.4,0,68
5319,8.63,0.63,86.9,749.9,54.7,0,67
5320,8.64,1.05,86.8,750,91.1,0,67
5321,8.68,1.52,86.6,751.7,131.6,0,67
5322,8.68,1.77,86.7,752.6,153.5,0,67
5323,8.69,1.22,86.8,754.3,105.9,0,67
5324,8.69,2.38,86.4,750.8,205.6,0,67
5325,8.68,2.69,86.5,750.8,232.7,0,67
5326,8.68,1.82,86.6,751.7,157.6,0,67
5327,8.68,1.27,86.7,752.6,110.1,0,67
5328,8.68,2.01,86.6,751.7,174.1,0,67
5329,8.64,1.67,86.6,748.2,144.6,0,67
5330,8.65,1.27,86.7,750,110.1,0,67
5331,8.67,1.76,86.7,751.7,152.6,0,67
5332,8.66,1.27,86.7,750.8,110.1,0,67
5333,8.65,2.48,86.4,747.4,214.3,0,67
5334,8.67,2.73,86.4,749.1,235.9,0,67
5335,8.69,1.81,86.6,752.6,156.7,0,67
5336,8.64,1.2,86.7,749.1,104,0,67
5337,8.69,2,86.5,751.7,173,0,67
5338,8.68,2.7,86.4,750,233.3,0,67
5339,8.73,2.49,86.4,754.3,215.1,0,67
5340,8.66,1,86.7,750.8,86.7,0,67
5341,8.65,1.67,86.5,748.2,144.5,0,67
5342,8.63,2.15,86.5,746.5,186,0,67
5343,8.72,1.37,86.7,756,118.8,0,67
5344,8.68,1.49,86.5,750.8,128.9,0,67
5345,8.67,1.61,86.6,750.8,139.4,0,67
5346,8.65,1.56,86.5,748.2,134.9,0,67
5347,8.7,2.43,86.4,751.7,210,0,67
5348,8.69,1.74,86.6,752.6,150.7,0,67
5349,8.69,1.22,86.6,752.6,105.7,0,67
5350,8.65,2.54,86.4,747.4,219.5,0,66
5351,8.62,2.73,86.3,743.9,235.6,0,66
5352,8.71,3.09,86.4,752.5,267,0,66
5353,8.7,3.36,86.3,750.8,290,0,66
5354,8.64,2.98,86.3,745.6,257.2,0,66
5355,8.33,3.1,86.3,718.9,267.5,0,66
5356,8.35,3.02,86.4,721.4,260.9,0,66
5357,8.38,2.88,86.3,723.2,248.5,0,66
5358,8.42,3.3,86.3,726.6,284.8,0,66
5359,8.34,3.36,86.2,718.9,289.6,0,66
5360,8.43,3.37,86.2,726.7,290.5,0,66
5361,8.4,3.55,86.1,723.2,305.7,0,66
5362,8.35,3.14,86.2,719.8,270.7,0,66
5363,8.38,2.86,86.4,724,247.1,0,67
5364,8.3,1.43,86.6,718.8,123.8,0,67
5365,8.29,1.62,86.5,717.1,140.1,0,67
5366,8.31,0.49,86.8,721.3,42.5,0,67
5367,8.23,0.3,86.8,714.4,26,0,68
5368,8.27,0.16,86.8,717.8,13.9,0,68
5369,8.25,-0.18,86.9,716.9,-15.6,0,68
5370,8.29,0.09,86.8,719.6,7.8,0,68
5371,8.25,0.36,86.8,716.1,31.2,0,67
5372,8.3,0.69,86.8,720.4,59.9,0,67
5373,8.22,1.69,86.6,711.9,146.4,0,67
5374,8.23,1.26,86.6,712.7,109.1,0,67
5375,8.25,0.9,86.8,716.1,78.1,0,67
5376,8.27,1.14,86.7,717,98.8,0,67
5377,8.27,1.51,86.6,716.2,130.8,0,67
5378,8.26,0.95,86.6,715.3,82.3,0,67
5379,8.26,0.71,86.7,716.1,61.6,0,67
5380,8.24,2.25,86.5,712.8,194.6,0,67
5381,8.2,1.06,86.7,710.9,91.9,0,67
5382,8.26,1.18,86.7,716.1,102.3,0,67
5383,8.22,1.33,86.6,711.9,115.2,0,67
5384,8.18,1.11,86.6,708.4,96.1,0,67
5385,8.22,0.81,86.7,712.7,70.2,0,67
5386,8.22,1.87,86.5,711,161.8,0,67
5387,8.25,1.4,86.6,714.5,121.2,0,67
5388,8.28,3.07,86.3,714.6,264.9,0,67
5389,8.3,3.73,86.1,714.6,321.2,0,66
5390,8.34,2.73,86.3,719.7,235.6,0,66
5391,8.24,2.11,86.4,711.9,182.3,0,66
5392,8.26,2.17,86.5,714.5,187.7,0,66
5393,8.24,1.88,86.5,712.8,162.6,0,66
5394,8.2,1.4,86.5,709.3,121.1,0,67
5395,8.22,2.18,86.3,709.4,188.1,0,67
5396,8.16,1.96,86.5,705.8,169.5,0,67
5397,8.24,1.44,86.6,713.6,124.7,0,67
5398,8.22,2.14,86.4,710.2,184.9,0,67
5399,8.25,2.8,86.2,711.2,241.4,0,66
5400,8.23,2.63,86.3,710.2,227,0,66
5401,8.25,2.15,86.4,712.8,185.8,0,66
5402,8.18,2.76,86.3,705.9,238.2,0,66
5403,8.26,3.66,86.1,711.2,315.1,0,66
5404,8.24,3.61,86,708.6,310.5,0,66
5405,8.25,2.44,86.3,712,210.6,0,66
5406,8.25,1.95,86.4,712.8,168.5,0,66
5407,8.24,2.92,86.3,711.1,252,0,66
5408,8.25,4.01,86,709.5,344.9,0,66
5409,8.24,2.51,86.2,710.3,216.4,0,66
5410,8.27,2.2,86.3,713.7,189.9,0,66
5411,8.22,4.42,85.9,706.1,379.7,0,66
5412,8.25,2.72,86.3,712,234.7,0,65
5413,8.28,4.25,85.9,711.3,365.1,0,66
5414,8.24,4.66,85.9,707.8,400.3,0,65
5415,8.26,3.57,86.1,711.2,307.4,0,65
5416,8.26,3.14,86.1,711.2,270.4,0,65
5417,8.3,3.79,85.9,713,325.6,0,65
5418,8.31,3.57,86,714.7,307,0,65
5419,8.33,3.58,86.1,717.2,308.2,0,65
5420,8.33,4.84,85.8,714.7,415.3,0,65
5421,8.34,6.32,85.4,712.2,539.7,0,65
5422,8.31,4.41,85.8,713,378.4,0,64
5423,8.33,7.38,85.2,709.7,628.8,0,64
5424,8.34,6.3,85.5,713.1,538.7,0,64
5425,8.34,5.28,85.7,714.7,452.5,0,64
5426,8.27,5.5,85.7,708.7,471.4,0,64
5427,8.28,6.28,85.5,707.9,536.9,0,63
5428,8.18,5.78,85.5,699.4,494.2,0,64
5429,8.16,4.92,85.6,698.5,421.2,0,65
5430,8.07,4.11,85.7,691.6,352.2,0,66
5431,7.91,2.3,86.1,681.1,198,0,67
5432,7.91,0.02,86.6,685,1.7,0,67
5433,7.78,-1.08,86.8,675.3,-93.7,0,69
5434,7.78,-2.5,87,676.9,-217.5,0,69
5435,7.7,-3.98,87.3,672.2,-347.5,0,70
5436,7.64,-4.61,87.4,667.7,-402.9,0,71
5437,7.72,-5.5,87.7,677,-482.4,0,71
5438,7.76,-4.55,87.5,679,-398.1,0,71
5439,7.83,-3.1,87.3,683.6,-270.6,0,70
5440,7.94,-0.98,87,690.8,-85.3,0,68
5441,8.02,0.69,86.7,695.3,59.8,0,67
5442,8.11,2.85,86.2,699.1,245.7,0,66
5443,8.11,5.9,85.6,694.2,505,0,64
5444,8.15,8.14,85.2,694.4,693.5,0,64
5445,8.16,8.67,85,693.6,737,0,63
5446,8.22,6.21,85.5,702.8,531,0,63
5447,8.22,8.62,85,698.7,732.7,0,63
5448,8.21,7.43,85.1,698.7,632.3,0,63
5449,8.17,6.03,85.5,698.5,515.6,0,63
5450,8.16,7.38,85.2,695.2,628.8,0,64
5451,8.24,8.07,84.9,699.6,685.1,0,63
5452,8.24,6.59,85.3,702.9,562.1,0,63
5453,8.21,8.34,84.9,697,708.1,0,63
5454,8.2,7.94,84.9,696.2,674.1,0,64
5455,8.2,7.72,85,697,656.2,0,64
5456,8.14,7.69,85,691.9,653.7,0,64
5457,8.11,8.05,84.9,688.5,683.4,0,64
5458,8.22,7.93,84.9,697.9,673.3,0,63
5459,8.12,6.68,85.1,691,568.5,0,63
5460,8.1,5.37,85.4,691.7,458.6,0,63
5461,8.09,6.94,85.2,689.3,591.3,0,63
5462,7.94,7.92,84.9,674.1,672.4,0,64
5463,7.75,8.31,84.8,657.2,704.7,0,64
5464,7.94,7.79,84.8,673.3,660.6,0,63
5465,7.97,6.42,85.1,678.2,546.3,0,64
5466,7.92,6.07,85.1,674,516.6,0,64
5467,8.09,6.16,85.2,689.3,524.8,0,64
5468,7.99,4.42,85.4,682.3,377.5,0,65
5469,8.01,3.41,85.6,685.7,291.9,0,65
5470,7.94,2.86,85.8,681.3,245.4,0,66
5471,7.83,0.7,86.3,675.7,60.4,0,67
5472,7.8,-1.3,86.6,675.5,-112.6,0,68
5473,7.8,-1.15,86.6,675.5,-99.6,0,68
5474,7.86,-1.59,86.7,681.5,-137.9,0,69
5475,7.87,-1.74,86.8,683.1,-151,0,69
5476,7.84,-1.59,86.8,680.5,-138,0,69
5477,7.84,-1.23,86.8,680.5,-106.8,0,69
5478,7.82,-1.35,86.8,678.8,-117.2,0,69
5479,7.82,-1.51,86.8,678.8,-131.1,0,69
5480,7.86,-1.69,86.8,682.2,-146.7,0,69
5481,7.83,-0.97,86.8,679.6,-84.2,0,69
5482,7.85,-1.45,86.9,682.2,-126,0,69
5483,7.83,-1.02,86.8,679.6,-88.5,0,68
5484,7.84,-1.19,86.8,680.5,-103.3,0,69
5485,7.88,-1.75,86.9,684.8,-152.1,0,69
5486,7.8,-1.46,86.9,677.8,-126.9,0,69
5487,7.88,-1.17,86.9,684.8,-101.7,0,69
5488,7.83,-0.68,86.8,679.6,-59,0,68
5489,7.77,-0.93,86.8,674.4,-80.7,0,68
5490,7.81,-0.67,86.8,677.9,-58.2,0,68
5491,7.83,-0.69,86.8,679.6,-59.9,0,68
5492,7.83,-0.19,86.7,678.9,-16.5,0,68
5493,7.85,0.27,86.6,679.8,23.4,0,68
5494,7.86,0.81,86.5,679.9,70.1,0,68
5495,7.87,1.62,86.3,679.2,139.8,0,67
5496,7.92,2.65,86.2,682.7,228.4,0,66
5497,7.92,4.05,85.8,679.5,347.5,0,66
5498,8,3.2,86.1,688.8,275.5,0,65
5499,7.98,3.91,85.9,685.5,335.9,0,65
5500,7.97,6.11,85.4,680.6,521.8,0,65
5501,8.04,5.56,85.4,686.6,474.8,0,64
5502,8.02,4.93,85.7,687.3,422.5,0,64
5503,8.02,5.98,85.3,684.1,510.1,0,64
5504,7.96,6.59,85.1,677.4,560.8,0,64
5505,8.02,5.72,85.3,684.1,487.9,0,64
5506,8.11,5.25,85.4,692.6,448.4,0,64
5507,7.7,5.66,85.4,657.6,483.4,0,63
5508,7.5,6.46,85.2,639,550.4,0,64
5509,7.46,8.2,84.8,632.6,695.4,0,64
5510,7.23,8.67,84.6,611.7,733.5,0,64
5511,6.99,8.44,84.6,591.4,714,0,63
5512,7.15,6.32,85.1,608.5,537.8,0,63
5513,7.15,8.71,84.6,604.9,736.9,0,63
5514,7.04,7.86,84.6,595.6,665,0,63
5515,7.5,5.52,85.2,639,470.3,0,63
5516,7.35,6.68,85.1,625.5,568.5,0,63
5517,6.84,8.27,84.7,579.3,700.5,0,63
5518,6.77,8.1,84.7,573.4,686.1,0,64
5519,7.05,6.57,85,599.3,558.5,0,64
5520,6.9,4.55,85.3,588.6,388.1,0,64
5521,7.25,6.78,84.9,615.5,575.6,0,64
5522,7.42,3.85,85.4,633.7,328.8,0,65
5523,7.37,3.22,85.6,630.9,275.6,0,65
5524,7.14,4.32,85.3,609,368.5,0,65
5525,7.16,4.18,85.4,611.5,357,0,65
5526,7.67,2.11,85.8,658.1,181,0,66
5527,7.58,2.3,85.8,650.4,197.3,0,66
5528,7.71,2.18,85.8,661.5,187,0,66
5529,7.51,1.77,85.9,645.1,152,0,67
5530,7.47,1.46,86,642.4,125.6,0,66
5531,7.63,0.89,86.1,656.9,76.6,0,67
5532,7.64,1.09,86.1,657.8,93.8,0,67
5533,7.71,0.56,86.1,663.8,48.2,0,67
5534,7.59,0.35,86.3,655,30.2,0,67
5535,7.67,-0.16,86.3,661.9,-13.8,0,67
5536,7.55,-0.25,86.4,652.3,-21.6,0,68
5537,7.55,-0.56,86.4,652.3,-48.4,0,68
5538,7.6,-0.97,86.5,657.4,-83.9,0,68
5539,7.59,-1.47,86.6,657.3,-127.3,0,69
5540,7.59,-1.64,86.7,658.1,-142.2,0,69
5541,7.58,-1.85,86.7,657.2,-160.4,0,69
5542,7.59,-1.72,86.7,658.1,-149.1,0,69
5543,7.58,-1.72,86.7,657.2,-149.1,0,69
5544,7.63,-1.93,86.7,661.5,-167.3,0,69
5545,7.61,-1.66,86.7,659.8,-143.9,0,69
5546,7.67,-1.43,86.7,665,-124,0,69
5547,7.67,-1.47,86.7,665,-127.4,0,69
5548,7.67,-1.31,86.7,665,-113.6,0,68
5549,7.64,-0.35,86.5,660.9,-30.3,0,68
5550,7.69,-0.97,86.6,666,-84,0,68
5551,7.69,-0.36,86.5,665.2,-31.1,0,68
5552,7.68,0.42,86.4,663.6,36.3,0,68
5553,7.73,0.67,86.3,667.1,57.8,0,68
5554,7.76,0.74,86.3,669.7,63.9,0,67
5555,7.72,0.79,86.3,666.2,68.2,0,67
5556,7.73,1.33,86.2,666.3,114.6,0,67
5557,7.74,1.21,86.2,667.2,104.3,0,67
5558,7.76,2.54,85.9,666.6,218.2,0,67
5559,7.8,2.48,86,670.8,213.3,0,67
5560,7.81,2.46,86,671.7,211.6,0,66
5561,7.8,2.03,86.1,671.6,174.8,0,66
5562,7.8,2.18,86,670.8,187.5,0,66
5563,7.78,2.28,86,669.1,196.1,0,66
5564,7.73,1.72,86.1,665.6,148.1,0,67
5565,7.69,0.88,86.2,662.9,75.9,0,67
5566,7.67,1.18,86.2,661.2,101.7,0,67
5567,7.64,1.08,86.1,657.8,93,0,67
5568,7.61,0.38,86.3,656.7,32.8,0,67
5569,7.56,1.04,86.2,651.7,89.6,0,67
5570,7.58,1.01,86.2,653.4,87.1,0,67
5571,7.5,0.58,86.3,647.3,50.1,0,67
5572,7.28,0.12,86.3,628.3,10.4,0,68
5573,7.32,0.13,86.4,632.4,11.2,0,68
5574,7.51,0.36,86.3,648.1,31.1,0,68
5575,7.41,0.7,86.3,639.5,60.4,0,67
5576,7.33,0.45,86.3,632.6,38.8,0,67
5577,7.36,0.13,86.4,635.9,11.2,0,68
5578,7.46,-0.21,86.5,645.3,-18.2,0,68
5579,7.4,-0.34,86.5,640.1,-29.4,0,68
5580,7.34,0.23,86.4,634.2,19.9,0,67
5581,7.57,1.43,86.2,652.5,123.3,0,67
5582,7.27,1.15,86.2,626.7,99.1,0,67
5583,7.29,0.38,86.4,629.9,32.8,0,67
5584,7.3,1.43,86.2,629.3,123.3,0,67
5585,7.28,1.07,86.2,627.5,92.2,0,67
5586,7.22,0.24,86.4,623.8,20.7,0,68
5587,7.24,0.07,86.4,625.5,6,0,68
5588,7.26,0.3,86.4,627.3,25.9,0,67
5589,7.26,1.45,86.1,625.1,124.8,0,67
5590,7.18,1.08,86.2,618.9,93.1,0,68
5591,7.17,0.44,86.3,618.8,38,0,68
5592,7.12,0.49,86.3,614.5,42.3,0,68
5593,6.86,0.13,86.4,592.7,11.2,0,68
5594,7.06,-0.36,86.5,610.7,-31.1,0,68
5595,7.1,-0.09,86.4,613.4,-7.8,0,68
5596,7.03,0.13,86.4,607.4,11.2,0,68
5597,6.89,0.43,86.4,595.3,37.2,0,68
5598,6.92,1.37,86.2,596.5,118.1,0,67
5599,6.97,1.74,86.1,600.1,149.8,0,67
5600,7.02,1.83,86.1,604.4,157.6,0,67
5601,7.14,1.58,86.1,614.8,136,0,66
5602,7.04,2.4,86,605.4,206.4,0,66
5603,7.12,5.01,85.4,608,427.9,0,65
5604,7.12,5.8,85.2,606.6,494.2,0,65
5605,7.09,4.56,85.5,606.2,389.9,0,64
5606,7.22,7.04,84.9,613,597.7,0,64
5607,7.24,7.83,84.8,614,664,0,64
5608,7.13,8.39,84.6,603.2,709.8,0,64
5609,7.24,7.86,84.6,612.5,665,0,63
5610,7.34,6,85,623.9,510,0,63
5611,7.31,6.06,85.1,622.1,515.7,0,63
5612,7.32,9.08,84.3,617.1,765.4,0,63
5613,7.42,6.1,85,630.7,518.5,0,63
5614,7.38,8.82,84.3,622.1,743.5,0,63
5615,7.37,8.36,84.5,622.8,706.4,0,63
5616,7.29,6.32,84.9,618.9,536.6,0,63
5617,7.35,8.74,84.2,618.9,735.9,0,63
5618,7.33,6.87,84.8,621.6,582.6,0,63
5619,7.4,7.74,84.4,624.6,653.3,0,63
5620,7.35,5.19,85,624.8,441.2,0,63
5621,7.36,4.88,85.1,626.3,415.3,0,64
5622,7.26,4.58,85.2,618.6,390.2,0,64
5623,7.32,4.93,85.1,622.9,419.5,0,64
5624,7.23,4.19,85.3,616.7,357.4,0,64
5625,7.15,6.08,84.7,605.6,515,0,64
5626,7.13,3.83,85.2,607.5,326.3,0,65
5627,7.12,3.32,85.3,607.3,283.2,0,65
5628,7,3.83,85.2,596.4,326.3,0,66
5629,7.06,2.14,85.6,604.3,183.2,0,66
5630,7.01,1.37,85.7,600.8,117.4,0,67
5631,7,1.88,85.6,599.2,160.9,0,67
5632,7.03,1.93,85.7,602.5,165.4,0,67
5633,7,0.66,85.9,601.3,56.7,0,67
5634,7.15,1.41,85.7,612.8,120.8,0,67
5635,7.11,2.07,85.7,609.3,177.4,0,67
5636,7.11,0.76,86,611.5,65.4,0,67
5637,7.16,1.68,85.7,613.6,144,0,67
5638,7.11,0.96,85.9,610.7,82.5,0,67
5639,7.18,1.32,85.8,616,113.3,0,67
5640,7.17,1.35,85.9,615.9,116,0,67
5641,7.16,0.83,85.9,615,71.3,0,67
5642,7.13,1.18,85.9,612.5,101.4,0,67
5643,7.08,1.18,85.9,608.2,101.4,0,67
5644,7.1,2.09,85.7,608.5,179.1,0,67
5645,7.09,1.17,85.9,609,100.5,0,67
5646,7.17,0.71,85.9,615.9,61,0,67
5647,7.19,0.7,86,618.3,60.2,0,67
5648,7.23,1.01,85.9,621.1,86.8,0,67
5649,7.1,0.67,86,610.6,57.6,0,67
5650,7.18,1.84,85.7,615.3,157.7,0,67
5651,7.18,2.17,85.7,615.3,186,0,67
5652,7.16,1.29,85.9,615,110.8,0,67
5653,7.25,1.02,85.9,622.8,87.6,0,66
5654,7.08,1.6,85.8,607.5,137.3,0,67
5655,7.09,2.26,85.6,606.9,193.5,0,66
5656,7.09,2.68,85.6,606.9,229.4,0,67
5657,7.13,2.39,85.7,611,204.8,0,66
5658,7.25,2.64,85.6,620.6,226,0,66
5659,7.16,3.24,85.4,611.5,276.7,0,66
5660,7.16,3.15,85.5,612.2,269.3,0,66
5661,7.07,2.5,85.6,605.2,214,0,66
5662,7.04,1.5,85.9,604.7,128.9,0,67
5663,7.07,0.88,85.9,607.3,75.6,0,67
5664,7.13,1.77,85.8,611.8,151.9,0,67
5665,7.11,0.96,85.9,610.7,82.5,0,67
5666,7,1.37,85.8,600.6,117.5,0,67
5667,7.03,2.39,85.6,601.8,204.6,0,67
5668,7.07,2.45,85.6,605.2,209.7,0,66
5669,7.1,2.64,85.6,607.8,226,0,66
5670,7.09,2.9,85.5,606.2,248,0,66
5671,7.05,3.13,85.4,602.1,267.3,0,66
5672,7.08,3.28,85.4,604.6,280.1,0,66
5673,7.16,1.98,85.7,613.6,169.7,0,66
5674,7.08,3.04,85.5,605.3,259.9,0,66
5675,7.08,3.41,85.3,603.9,290.9,0,66
5676,7.11,2,85.7,609.3,171.4,0,66
5677,7.26,3.58,85.4,620,305.7,0,66
5678,7.15,2.3,85.6,612,196.9,0,66
5679,7.21,3.87,85.3,615,330.1,0,66
5680,7.13,2.44,85.6,610.3,208.9,0,65
5681,7.19,3.71,85.2,612.6,316.1,0,65
5682,7.21,5.01,85,612.9,425.9,0,65
5683,7.22,5.2,85,613.7,442,0,65
5684,7.13,5.45,84.9,605.3,462.7,0,65
5685,7.17,4.75,85,609.5,403.8,0,65
5686,6.8,-31.36,91.5,622.2,-2869.4,0,60
5687,7.48,18.77,82.8,619.3,1554.2,0,49
5688,6.79,-25.61,90.6,615.2,-2320.3,0,45
5689,7.67,14.81,83.4,639.7,1235.2,0,49
5690,7.52,1.54,85.7,644.5,132,0,52
5691,7.32,-6.52,87.1,637.6,-567.9,0,49
5692,7.33,-6.53,87.2,639.2,-569.4,0,46
5693,7.33,0.04,86.2,631.8,3.4,0,45
5694,7.38,0,86.2,636.2,0,0,44
5695,7.55,10.32,84.2,635.7,868.9,0,46
5696,7.57,9.54,84.2,637.4,803.3,0,51
5697,7.44,7.62,84.5,628.7,643.9,0,54
5698,7.58,17.01,82.9,628.4,1410.1,0,57
5699,7.25,9.1,84.1,609.7,765.3,0,61
5700,7.08,1.88,85.5,605.3,160.7,0,63
5701,6.77,-30.9,91.4,618.8,-2824.3,0,51
5702,7.56,17.5,83,627.5,1452.5,0,49
5703,7.61,18.17,82.7,629.3,1502.7,0,57
5704,7.12,9.31,84,598.1,782,0,62
5705,7.13,3.66,85.2,607.5,311.8,0,64
5706,7.07,2.13,85.5,604.5,182.1,0,66
5707,7.12,3.09,85.3,607.3,263.6,0,66
5708,7.05,2.92,85.2,600.7,248.8,0,66
5709,6.99,2.44,85.4,596.9,208.4,0,66
5710,7,1.54,85.6,599.2,131.8,0,66
5711,7.07,1.25,85.7,605.9,107.1,0,66
5712,7.03,1.33,85.6,601.8,113.8,0,66
5713,7.07,1.63,85.6,605.2,139.5,0,66
5714,6.96,1.8,85.5,595.1,153.9,0,67
5715,6.99,2.13,85.5,597.6,182.1,0,67
5716,7.14,2.14,85.5,610.5,183,0,67
5717,6.83,1.69,85.6,584.6,144.7,0,67
5718,7.05,0.84,85.8,604.9,72.1,0,67
5719,6.93,-6.45,87.1,603.6,-561.8,0,66
5720,6.91,-6.14,87.1,601.9,-534.8,0,63
5721,6.95,-6.14,87.1,605.3,-534.8,0,61
5722,7.04,1.27,85.9,604.7,109.1,0,60
5723,7.02,1.29,85.7,601.6,110.6,0,60
5724,6.9,-6.12,87.1,601,-533.1,0,59
5725,6.85,-6.08,87.1,596.6,-529.6,0,57
5726,6.73,-5.15,87,585.5,-448.1,0,55
5727,6.83,-4.89,87,594.2,-425.4,0,53
5728,6.82,-4.87,87,593.3,-423.7,0,52
5729,6.82,-2.78,86.8,592,-241.3,0,52
5730,6.78,-2.71,86.7,587.8,-235,0,52
5731,6.82,-2.75,86.7,591.3,-238.4,0,52
5732,6.79,-2.7,86.7,588.7,-234.1,0,51
5733,6.87,-2.77,86.8,596.3,-240.4,0,50
5734,7.1,4.08,85.4,606.3,348.4,0,51
5735,6.97,6.17,85,592.5,524.5,0,54
5736,7.03,6.08,85,597.6,516.8,0,57
5737,7.12,5.31,85,605.2,451.4,0,59
5738,7.2,4.93,85.1,612.7,419.5,0,60
5739,7.14,5.01,85.1,607.6,426.4,0,61
5740,7.07,4.46,85.2,602.4,380,0,62
5741,7.12,3.99,85.3,607.3,340.3,0,62
5742,7.06,2.87,85.4,602.9,245.1,0,62
5743,7.02,-2.3,86.4,606.5,-198.7,0,60
5744,6.86,-9.38,87.7,601.6,-822.6,0,52
5745,6.89,-6.13,87.1,600.1,-533.9,0,49
5746,7.34,19.05,82.7,607,1575.4,0,53
5747,7.25,16.3,83,601.8,1352.9,0,59
5748,7.44,18.83,82.4,613.1,1551.6,0,63
5749,7.28,7.82,84.3,613.7,659.2,0,66
5750,7.2,1.42,85.5,615.6,121.4,0,66
5751,7.15,2.5,85.4,610.6,213.5,0,66
5752,7.02,3.3,85.2,598.1,281.2,0,66
5753,6.98,2.02,85.5,596.8,172.7,0,66
5754,6.93,3.81,85,589.1,323.9,0,66
5755,6.95,1.88,85.5,594.2,160.7,0,66
5756,6.93,3.17,85.3,591.1,270.4,0,66
5757,7,2.93,85.2,596.4,249.6,0,66
5758,6.9,1.72,85.6,590.6,147.2,0,66
5759,6.94,3.43,85.2,591.3,292.2,0,66
5760,6.88,2.76,85.2,586.2,235.2,0,66
5761,6.95,1.86,85.4,593.5,158.8,0,66
5762,6.86,1.51,85.5,586.5,129.1,0,66
5763,6.92,1.28,85.6,592.4,109.6,0,66
5764,6.89,1.19,85.6,589.8,101.9,0,66
5765,6.98,1.05,85.6,597.5,89.9,0,67
5766,6.94,1.67,85.5,593.4,142.8,0,67
5767,6.93,2.2,85.4,591.8,187.9,0,67
5768,6.99,1.11,85.7,599,95.1,0,67
5769,6.88,1.2,85.8,590.3,103,0,66
5770,6.76,1.87,85.5,578,159.9,0,66
5771,6.81,4.55,84.9,578.2,386.3,0,65
5772,7.07,3.63,85.2,602.4,309.3,0,65
5773,6.9,2.27,85.4,589.3,193.9,0,65
5774,6.97,4.23,85,592.5,359.6,0,65
5775,6.8,4.69,84.9,577.3,398.2,0,65
5776,6.98,4.04,85.1,594,343.8,0,65
5777,6.88,3.58,85.2,586.2,305,0,65
5778,6.87,2.28,85.4,586.7,194.7,0,65
5779,7.02,3.81,85,596.7,323.9,0,65
5780,6.86,2.27,85.4,585.8,193.9,0,66
5781,6.86,3.74,85,583.1,317.9,0,65
5782,7.01,4.64,84.8,594.4,393.5,0,65
5783,6.96,3.49,85.2,593,297.3,0,65
5784,6.99,2.2,85.4,596.9,187.9,0,65
5785,6.86,3.83,85,583.1,325.6,0,66
5786,6.75,2.02,85.4,576.5,172.5,0,66
5787,7.01,0.98,85.6,600.1,83.9,0,66
5788,6.95,0.88,85.6,594.9,75.3,0,66
5789,6.91,1.03,85.6,591.5,88.2,0,66
5790,6.8,1.42,85.5,581.4,121.4,0,66
5791,6.84,2.23,85.4,584.1,190.4,0,66
5792,6.83,3.36,85.1,581.2,285.9,0,66
5793,6.75,2.84,85.1,574.4,241.7,0,66
5794,6.92,2,85.3,590.3,170.6,0,66
5795,6.78,1.6,85.4,579,136.6,0,66
5796,6.94,1.1,85.5,593.4,94.1,0,66
5797,6.92,1.3,85.5,591.7,111.2,0,66
5798,6.91,2.05,85.4,590.1,175.1,0,66
5799,7.03,2.89,85.2,599,246.2,0,66
5800,7.01,2.55,85.2,597.3,217.3,0,66
5801,6.72,1.94,85.3,573.2,165.5,0,66
5802,6.8,1.2,85.5,581.4,102.6,0,66
5803,6.95,1.1,85.5,594.2,94.1,0,66
5804,6.88,1.28,85.5,588.2,109.4,0,66
5805,6.72,1.23,85.5,574.6,105.2,0,66
5806,7,0.86,85.6,599.2,73.6,0,66
5807,6.88,1.23,85.5,588.2,105.2,0,66
5808,6.8,1.57,85.5,581.4,134.2,0,66
5809,6.89,3.18,85.1,586.3,270.6,0,66
5810,6.76,2.51,85.2,576,213.9,0,66
5811,6.95,2.62,85.3,592.8,223.5,0,66
5812,6.81,3.28,85.1,579.5,279.1,0,66
5813,6.9,1.85,85.4,589.3,158,0,66
5814,6.92,3.41,85,588.2,289.9,0,66
5815,6.99,1.63,85.4,596.9,139.2,0,66
5816,6.87,1.85,85.4,586.7,158,0,66
5817,6.9,3.82,85,586.5,324.7,0,66
5818,6.9,1.86,85.4,589.3,158.8,0,66
5819,6.74,3.92,84.9,572.2,332.8,0,66
5820,6.73,1.76,85.4,574.7,150.3,0,66
5821,6.92,3.98,84.9,587.5,337.9,0,65
5822,6.75,2.48,85.3,575.8,211.5,0,65
5823,6.73,3.01,85,572.1,255.9,0,65
5824,6.74,3.74,85,572.9,317.9,0,66
5825,6.62,2.14,85.2,564,182.3,0,66
5826,6.69,4.14,84.9,568,351.5,0,66
5827,6.79,1.99,85.3,579.2,169.7,0,65
5828,6.71,3.72,84.9,569.7,315.8,0,65
5829,6.79,4.19,84.9,576.5,355.7,0,65
5830,6.76,2.9,85.2,576,247.1,0,65
5831,6.76,2.29,85.2,576,195.1,0,65
5832,6.75,3.4,84.9,573.1,288.7,0,65
5833,6.7,4.55,84.7,567.5,385.4,0,65
5834,6.55,5,84.6,554.1,423,0,65
5835,6.65,4.64,84.7,563.3,393,0,65
5836,6.63,5.19,84.6,560.9,439.1,0,65
5837,6.63,4.88,84.7,561.6,413.3,0,65
5838,6.62,4.91,84.6,560.1,415.4,0,65
5839,6.63,4.53,84.7,561.6,383.7,0,65
5840,6.76,4.23,84.8,573.2,358.7,0,65
5841,6.73,3.62,84.9,571.4,307.3,0,65
5842,6.74,2.45,85.2,574.2,208.7,0,65
5843,6.66,2.31,85.1,566.8,196.6,0,65
5844,6.75,3.48,84.8,572.4,295.1,0,65
5845,6.69,4.33,84.6,566,366.3,0,65
5846,6.62,4.39,84.6,560.1,371.4,0,65
5847,6.63,3.79,84.8,562.2,321.4,0,65
5848,6.61,2.92,85.1,562.5,248.5,0,65
5849,6.66,2.22,85.1,566.8,188.9,0,65
5850,6.59,2.8,85,560.2,238,0,65
5851,6.53,3.29,84.8,553.7,279,0,65
5852,6.38,4.3,84.6,539.7,363.8,0,65
5853,6.48,4.67,84.5,547.6,394.6,0,65
5854,6.35,5.4,84.4,535.9,455.8,0,65
5855,6.45,5.29,84.4,544.4,446.5,0,65
5856,6.54,4.29,84.6,553.3,362.9,0,65
5857,6.36,4.17,84.6,538.1,352.8,0,65
5858,6.47,3.49,84.7,548,295.6,0,65
5859,6.47,2.8,85,550,238,0,65
5860,6.52,3.6,84.9,553.5,305.6,0,65
5861,6.33,4.62,84.6,535.5,390.9,0,65
5862,6.53,5.1,84.4,551.1,430.4,0,65
5863,6.5,5.24,84.3,548,441.7,0,65
5864,6.44,4.1,84.6,544.8,346.9,0,65
5865,6.44,3.04,84.8,546.1,257.8,0,65
5866,6.6,3.41,84.8,559.7,289.2,0,65
5867,6.37,5.64,84.3,537,475.5,0,65
5868,6.39,4.3,84.5,540,363.4,0,65
5869,6.43,2.97,84.9,545.9,252.2,0,65
5870,6.5,4.55,84.6,549.9,384.9,0,65
5871,6.44,5.63,84.2,542.2,474,0,64
5872,6.61,5.16,84.4,557.9,435.5,0,64
5873,6.29,6.67,84.2,529.6,561.6,0,63
5874,6.48,7.44,83.8,543,623.5,0,63
5875,6.4,6.12,84.2,538.9,515.3,0,63
5876,6.46,7.78,83.7,540.7,651.2,0,63
5877,6.1,5.96,84,512.4,500.6,0,64
5878,6.18,6.19,84,519.1,520,0,64
5879,6.07,5.6,84.3,511.7,472.1,0,64
5880,6.09,3.96,84.5,514.6,334.6,0,64
5881,6.04,6.48,84,507.4,544.3,0,64
5882,6.15,3.7,84.6,520.3,313,0,64
5883,6.33,5.56,84.1,532.4,467.6,0,64
5884,5.88,6.28,84.1,494.5,528.1,0,64
5885,6.45,3.55,84.6,545.7,300.3,0,64
5886,6.32,5.39,84.1,531.5,453.3,0,64
5887,5.74,6.94,83.9,481.6,582.3,0,64
5888,5.49,5.01,84.4,463.4,422.8,0,64
5889,5.82,4.12,84.4,491.2,347.7,0,64
5890,6.05,5.63,84,508.2,472.9,0,64
5891,6.37,6.44,83.9,534.4,540.3,0,64
5892,6.02,6.74,83.8,504.5,564.8,0,64
5893,5.81,7.15,83.7,486.3,598.5,0,64
5894,6.11,6.98,83.8,512,584.9,0,64
5895,5.66,6.78,83.8,474.3,568.2,0,64
5896,5.94,5.07,84.3,500.7,427.4,0,64
5897,5.63,5.11,84.2,474,430.3,0,64
5898,5.54,7.08,83.8,464.3,593.3,0,64
5899,5.36,8.08,83.5,447.6,674.7,0,63
5900,5.71,7.02,83.6,477.4,586.9,0,64
5901,5.61,7.1,83.7,469.6,594.3,0,64
5902,5.42,6.56,83.9,454.7,550.4,0,64
5903,5.29,6.62,83.9,443.8,555.4,0,64
5904,5.18,7.98,83.5,432.5,666.3,0,63
5905,5.49,7.16,83.6,459,598.6,0,63
5906,5.67,5.04,84,476.3,423.4,0,63
5907,5.35,7.37,83.7,447.8,616.9,0,63
5908,5.72,7.39,83.5,477.6,617.1,0,63
5909,5.55,5.65,83.8,465.1,473.5,0,64
5910,5.59,4.85,84,469.6,407.4,0,64
5911,5.67,4.79,84,476.3,402.4,0,64
5912,5.67,4.81,84.1,476.8,404.5,0,63
5913,5.6,5.21,84,470.4,437.6,0,64
5914,5.6,6.53,83.8,469.3,547.2,0,64
5915,5.7,7.04,83.6,476.5,588.5,0,64
5916,6.2,7.19,83.6,518.3,601.1,0,64
5917,6.1,6.8,83.6,510,568.5,0,64
5918,6.24,5.97,83.7,522.3,499.7,0,64
5919,5.67,6.03,83.7,474.6,504.7,0,64
5920,5.72,6.18,83.7,478.8,517.3,0,64
5921,5.69,5.79,83.7,476.3,484.6,0,64
5922,5.53,5.67,83.7,462.9,474.6,0,64
5923,5.59,4.92,83.9,469,412.8,0,63
5924,6.21,4.37,84.1,522.3,367.5,0,63
5925,5.53,7.34,83.5,461.8,612.9,0,63
5926,5.66,7.01,83.4,472,584.6,0,63
5927,5.84,4.78,83.9,490,401,0,63
5928,6.13,5.7,83.8,513.7,477.7,0,63
5929,5.98,7.27,83.4,498.7,606.3,0,63
5930,5.9,6.78,83.4,492.1,565.5,0,63
5931,5.9,4.64,84,495.6,389.8,0,63
5932,6.07,5.53,83.8,508.7,463.4,0,63
5933,6.07,6.05,83.7,508.1,506.4,0,64
5934,5.85,5.37,83.8,490.2,450,0,64
5935,5.62,4.44,84.1,472.6,373.4,0,64
5936,5.68,3.51,84.1,477.7,295.2,0,64
5937,5.89,5.41,83.7,493,452.8,0,64
5938,6.07,5.74,83.7,508.1,480.4,0,64
5939,6.21,6.06,83.7,519.8,507.2,0,63
5940,6,7.13,83.3,499.8,593.9,0,63
5941,5.73,7.39,83.5,478.5,617.1,0,63
5942,5.62,5.62,83.7,470.4,470.4,0,63
5943,5.64,6.55,83.4,470.4,546.3,0,63
5944,5.51,8.11,83.2,458.4,674.8,0,63
5945,5.8,4.94,83.7,485.5,413.5,0,63
5946,5.59,4.39,83.9,469,368.3,0,64
5947,6.01,3.74,84.1,505.4,314.5,0,64
5948,5.54,3.57,84.1,465.9,300.2,0,64
5949,5.77,4.82,83.7,482.9,403.4,0,64
5950,5.59,6.38,83.5,466.8,532.7,0,64
5951,5.56,5.05,83.8,465.9,423.2,0,64
5952,5.53,3.36,84,464.5,282.2,0,64
5953,5.6,6.1,83.5,467.6,509.4,0,64
5954,5.53,4.9,83.8,463.4,410.6,0,64
5955,5.73,3.64,83.9,480.7,305.4,0,64
5956,5.96,4.41,84,500.6,370.4,0,64
5957,6.19,3.94,83.9,519.3,330.6,0,64
5958,6.21,3.09,84.2,522.9,260.2,0,64
5959,6.17,4.76,83.7,516.4,398.4,0,65
5960,5.82,0.33,84.6,492.4,27.9,0,64
5961,6.05,-5.2,85.6,517.9,-445.1,0,63
5962,6.17,-5.46,85.9,530,-469,0,58
5963,6.03,-4.75,85.7,516.8,-407.1,0,56
5964,5.97,-4.56,85.8,512.2,-391.2,0,53
5965,5.95,3.5,84.3,501.6,295.1,0,52
5966,6.21,3.24,84.3,523.5,273.1,0,53
5967,6.29,3.19,84.3,530.2,268.9,0,54
5968,6.11,3.35,84.2,514.5,282.1,0,55
5969,5.89,3.51,84.2,495.9,295.5,0,55
5970,5.95,3.47,84.2,501,292.2,0,56
5971,5.92,3.48,84.2,498.5,293,0,56
5972,5.93,3.49,84.2,499.3,293.9,0,57
5973,6.2,2.47,84.3,522.7,208.2,0,57
5974,6.3,2.16,84.4,531.7,182.3,0,58
5975,6.35,2.16,84.4,535.9,182.3,0,57
5976,6.05,2.41,84.3,510,203.2,0,58
5977,6.19,2.27,84.3,521.8,191.4,0,57
5978,6.21,2.27,84.3,523.5,191.4,0,57
5979,6.02,2.46,84.3,507.5,207.4,0,57
5980,6.09,2.34,84.3,513.4,197.3,0,57
5981,6.04,2.38,84.3,509.2,200.6,0,57
5982,6.11,2.35,84.3,515.1,198.1,0,57
5983,6.05,2.5,84.3,510,210.8,0,57
5984,6.2,2.3,84.3,522.7,193.9,0,56
5985,6.17,3.31,84.2,519.5,278.7,0,56
5986,6.09,3.37,84.2,512.8,283.8,0,57
5987,6.07,3.27,84.2,511.1,275.3,0,58
5988,6.17,3.21,84.2,519.5,270.3,0,59
5989,6.07,2.9,84.2,511.1,244.2,0,61
5990,6.07,2.52,84.3,511.7,212.4,0,62
5991,6.1,2.19,84.4,514.8,184.8,0,63
5992,6.15,2.08,84.4,519.1,175.6,0,64
5993,6.28,-0.66,84.9,533.2,-56,0,63
5994,6.15,-0.72,85,522.8,-61.2,0,62
5995,6.14,-0.68,85,521.9,-57.8,0,61
5996,6.26,-0.86,85,532.1,-73.1,0,60
5997,6.28,-0.85,85,533.8,-72.3,0,60
5998,6.34,2.09,84.5,535.7,176.6,0,60
5999,6.27,2.16,84.5,529.8,182.5,0,60
6000,6.32,2.1,84.5,534,177.5,0,60
6001,6.29,2.13,84.4,530.9,179.8,0,60
6002,6.2,1.27,84.6,524.5,107.4,0,61
6003,6.05,1.34,84.6,511.8,113.4,0,61
6004,5.97,2.4,84.3,503.3,202.3,0,60
6005,5.8,2.57,84.3,488.9,216.7,0,60
6006,6.13,2.28,84.3,516.8,192.2,0,60
6007,6.14,2.29,84.3,517.6,193,0,59
6008,6.13,2.28,84.3,516.8,192.2,0,58
6009,5.97,2.41,84.3,503.3,203.2,0,57
6010,6.44,2.97,84.2,542.2,250.1,0,56
6011,6.45,5.94,83.6,539.2,496.6,0,56
6012,6.33,6.77,83.4,527.9,564.6,0,56
6013,6.35,7.93,83.1,527.7,659,0,58
6014,6.42,7.83,83.1,533.5,650.7,0,59
6015,6.09,6.45,83.4,507.9,537.9,0,61
6016,6.33,6.67,83.2,526.7,554.9,0,62
6017,6.1,2.06,84.2,513.6,173.5,0,62
6018,6.18,1.15,84.4,521.6,97.1,0,62
6019,5.95,1.34,84.4,502.2,113.1,0,61
6020,6.06,1.25,84.5,512.1,105.6,0,60
6021,6.14,1.21,84.5,518.8,102.2,0,59
6022,6.05,1.28,84.4,510.6,108,0,58
6023,5.78,1.53,84.3,487.3,129,0,57
6024,6.1,4.24,83.9,511.8,355.7,0,57
6025,6.18,4.13,83.9,518.5,346.5,0,57
6026,6.02,4.25,83.8,504.5,356.2,0,58
6027,6.2,5.1,83.6,518.3,426.4,0,59
6028,6.12,3.18,84,514.1,267.1,0,60
6029,6.03,3.37,84,506.5,283.1,0,60
6030,5.96,3.15,84,500.6,264.6,0,61
6031,5.84,2.47,84.2,491.7,208,0,62
6032,5.57,3.09,83.9,467.3,259.3,0,62
6033,5.87,2,84.2,494.3,168.4,0,62
6034,5.64,2.04,84.2,474.9,171.8,0,62
6035,5.46,1.76,84.3,460.3,148.4,0,62
6036,5.2,-28.56,89.8,467,-2564.7,0,56
6037,5.08,-28.11,90,457.2,-2529.9,0,46
6038,5.32,-8.85,86.6,460.7,-766.4,0,36
6039,5.25,-11.53,87.1,457.3,-1004.3,0,31
6040,5.64,-11.22,87.1,491.2,-977.3,0,23
6041,5.99,-5.28,86.1,515.7,-454.6,0,18
6042,5.08,-4.45,85.9,436.4,-382.3,0,15
6043,4.99,-4.35,85.9,428.6,-373.7,0,7
6044,5.11,-4.45,85.9,438.9,-382.3,0,0
6045,5.27,-4.63,86,453.2,-398.2,0,0
6046,5.28,-4.63,86,454.1,-398.2,0,0
6047,5.38,-4.72,86,462.7,-405.9,0,0
6048,5.44,-4.76,86,467.8,-409.4,0,0
6049,5.47,-4.81,86,470.4,-413.7,0,0
6050,5.47,-4.81,86,470.4,-413.7,0,0
6051,5.48,-4.81,86.1,471.8,-414.1,0,0
6052,5.48,-4.84,86.2,472.4,-417.2,0,0
6053,5.46,-4.82,86.2,470.7,-415.5,0,0
6054,5.47,-4.82,86.1,471,-415,0,0
6055,5.46,-4.81,86.2,470.7,-414.6,0,0
6056,5.46,-4.81,86.2,470.7,-414.6,0,0
6057,5.46,-4.8,86.2,470.7,-413.8,0,0
6058,5.36,-4.71,86.2,462,-406,0,0
6059,5.44,-4.8,86.2,468.9,-413.8,0,0
6060,5.44,-4.79,86.2,468.9,-412.9,0,0
6061,5.42,-4.77,86.2,467.2,-411.2,0,0
6062,5.41,-4.76,86.2,466.3,-410.3,0,0
6063,5.43,-4.78,86.2,468.1,-412,0,0
6064,5.41,-4.76,86.2,466.3,-410.3,0,0
6065,5.43,-4.77,86.2,468.1,-411.2,0,0
6066,5.42,-4.77,86.2,467.2,-411.2,0,0
6067,5.45,-4.8,86.2,469.8,-413.8,0,0
6068,5.45,-4.8,86.2,469.8,-413.8,0,0
6069,5.42,-4.77,86.2,467.2,-411.2,0,0
6070,5.31,-4.67,86.2,457.7,-402.6,0,0
6071,5.39,-4.74,86.2,464.6,-408.6,0,0
6072,5.44,-4.8,86.3,469.5,-414.2,0,0
6073,5.51,-4.85,86.3,475.5,-418.6,0,0
6074,5.48,-4.83,86.3,472.9,-416.8,0,0
6075,5.43,-4.77,86.3,468.6,-411.7,0,0
6076,5.44,-4.79,86.3,469.5,-413.4,0,0
6077,5.08,-4.45,86.2,437.9,-383.6,0,0
6078,5.41,-4.75,86.3,466.9,-409.9,0,0
6079,5.4,-4.75,86.3,466,-409.9,0,0
6080,5.4,-4.75,86.3,466,-409.9,0,0
6081,6.03,-5.35,86.5,521.6,-462.8,0,0
6082,7.29,-6.52,86.6,631.3,-564.6,0,0
6083,8.32,-7.47,86.8,722.2,-648.4,0,0
6084,9.04,-8.13,86.9,785.6,-706.5,0,0
6085,9.49,-8.55,87.1,826.6,-744.7,0,0
6086,9.72,-8.75,87.1,846.6,-762.1,0,0
6087,9.96,-8.99,87.1,867.5,-783,0,0
6088,10.12,-9.14,87.2,882.5,-797,0,0
6089,10.16,-9.17,87.2,886,-799.6,0,0
6090,10.12,-9.14,87.3,883.5,-797.9,0,0
6091,10.18,-9.19,87.2,887.7,-801.4,0,0
6092,10.27,-9.28,87.4,897.6,-811.1,0,0
6093,10.35,-9.34,87.4,904.6,-816.3,0,0
6094,10.45,-9.45,87.4,913.3,-825.9,0,0
6095,10.61,-9.58,87.4,927.3,-837.3,0,0
6096,10.95,-9.91,87.5,958.1,-867.1,0,0
6097,11.31,-9.84,87.5,989.6,-861,0,0
6098,11.6,-10.06,87.7,1017.3,-882.3,0,0
6099,11.89,-10.36,87.7,1042.8,-908.6,0,0
6100,11.95,-10.37,87.7,1048,-909.4,0,0
6101,11.97,-10.42,87.7,1049.8,-913.8,0,0
6102,11.94,-10.37,87.7,1047.1,-909.4,0,0
6103,11.6,-10.08,87.7,1017.3,-884,0,0
6104,11.3,-9.94,87.7,991,-871.7,0,0
6105,10.65,-9.52,87.6,932.9,-834,0,0
6106,11.36,-10,87.7,996.3,-877,0,0
6107,10.97,-9.76,87.7,962.1,-856,0,0
6108,11.42,-9.95,87.8,1002.7,-873.6,0,0
6109,11.51,-10.09,87.8,1010.6,-885.9,0,0
6110,11.92,-10.34,87.9,1047.8,-908.9,0,0
6111,11.91,-10.36,88,1048.1,-911.7,0,0
6112,11.9,-10.36,88,1047.2,-911.7,0,0
6113,11.87,-10.36,88,1044.6,-911.7,0,0
6114,11.89,-10.36,88,1046.3,-911.7,0,0
6115,11.12,-9.8,87.9,977.4,-861.4,0,0
6116,9.67,-8.72,87.7,848.1,-764.7,0,0
6117,11.83,-10.33,88,1041,-909,0,0
6118,10.65,-9.55,87.8,935.1,-838.5,0,0
6119,11.27,-9.87,87.9,990.6,-867.6,0,0
6120,10.74,-9.66,87.8,943,-848.1,0,0
6121,9.24,-8.32,87.7,810.3,-729.7,0,0
6122,10.04,-9.07,87.7,880.5,-795.4,0,0
6123,11.75,-10.22,88,1034,-899.4,0,0
6124,9.73,-8.78,87.7,853.3,-770,0,0
6125,9.07,-8.15,87.6,794.5,-713.9,0,0
6126,11.57,-10.07,88,1018.2,-886.2,0,0
6127,11.24,-9.89,88,989.1,-870.3,0,0
6128,9.54,-8.6,87.8,837.6,-755.1,0,0
6129,9.36,-8.43,87.7,820.9,-739.3,0,0
6130,11.42,-9.94,88,1005,-874.7,0,0
6131,11.73,-10.21,88.1,1033.4,-899.5,0,0
6132,11.37,-9.94,88.1,1001.7,-875.7,0,0
6133,8.7,-7.81,87.7,763,-684.9,0,0
6134,9.73,-8.78,87.8,854.3,-770.9,0,0
6135,10.79,-9.66,88,949.5,-850.1,0,0
6136,10.27,-9.27,87.9,902.7,-814.8,0,0
6137,10.48,-9.48,88,922.2,-834.2,0,0
6138,11.67,-10.19,88.2,1029.3,-898.8,0,0
6139,11.71,-10.21,88.3,1034,-901.5,0,0
6140,11.71,-10.21,88.3,1034,-901.5,0,0
6141,11.71,-10.21,88.3,1034,-901.5,0,0
6142,11.69,-10.18,88.3,1032.2,-898.9,0,0
6143,11.68,-10.21,88.3,1031.3,-901.5,0,0
6144,11.72,-10.21,88.3,1034.9,-901.5,0,0
6145,11.72,-10.21,88.3,1034.9,-901.5,0,0
6146,11.72,-10.21,88.3,1034.9,-901.5,0,0
6147,11.73,-10.22,88.3,1035.8,-902.4,0,0
6148,11.7,-10.21,88.4,1034.3,-902.6,0,0
6149,11.68,-10.21,88.4,1032.5,-902.6,0,0
6150,11.67,-10.15,88.4,1031.6,-897.3,0,0
6151,11.7,-10.21,88.4,1034.3,-902.6,0,0
6152,11.68,-10.21,88.4,1032.5,-902.6,0,0
6153,11.68,-10.18,88.4,1032.5,-899.9,0,0
6154,11.69,-10.21,88.4,1033.4,-902.6,0,0
6155,11.7,-10.18,88.4,1034.3,-899.9,0,0
6156,11.67,-10.16,88.4,1031.6,-898.1,0,0
6157,11.66,-10.15,88.5,1031.9,-898.3,0,0
6158,11.65,-10.18,88.5,1031,-900.9,0,0
6159,11.66,-10.16,88.5,1031.9,-899.2,0,0
6160,11.63,-10.1,88.5,1029.3,-893.9,0,0
6161,11.61,-10.07,88.5,1027.5,-891.2,0,0
6162,11.62,-10.1,88.5,1028.4,-893.9,0,0
6163,11.61,-10.09,88.6,1028.6,-894,0,0
6164,11.62,-10.07,88.5,1028.4,-891.2,0,0
6165,11.61,-10.07,88.6,1028.6,-892.2,0,0
6166,11.65,-10.15,88.6,1032.2,-899.3,0,0
6167,11.61,-10.07,88.6,1028.6,-892.2,0,0
6168,11.6,-10.07,88.6,1027.8,-892.2,0,0
6169,11.61,-10.09,88.6,1028.6,-894,0,0
6170,11.59,-10.06,88.6,1026.9,-891.3,0,0
6171,11.6,-10.06,88.6,1027.8,-891.3,0,0
6172,11.6,-10.06,88.6,1027.8,-891.3,0,0
6173,11.6,-10.06,88.6,1027.8,-891.3,0,0
6174,11.6,-10.07,88.7,1028.9,-893.2,0,0
6175,11.62,-10.1,88.7,1030.7,-895.9,0,0
6176,11.57,-10.06,88.6,1025.1,-891.3,0,0
6177,11.58,-10.06,88.7,1027.1,-892.3,0,0
6178,11.57,-10.06,88.7,1026.3,-892.3,0,0
6179,11.58,-10.06,88.7,1027.1,-892.3,0,0
6180,11.56,-10.06,88.7,1025.4,-892.3,0,0
6181,11.56,-10.06,88.6,1024.2,-891.3,0,0
6182,11.57,-10.06,88.7,1026.3,-892.3,0,0
6183,11.57,-10.06,88.8,1027.4,-893.3,0,0
6184,11.55,-10.06,88.8,1025.6,-893.3,0,0
6185,11.56,-10.06,88.8,1026.5,-893.3,0,0
6186,11.56,-10.06,88.8,1026.5,-893.3,0,0
6187,11.55,-10.06,88.8,1025.6,-893.3,0,0
6188,11.56,-10.06,88.8,1026.5,-893.3,0,0
6189,11.55,-10.05,88.9,1026.8,-893.4,0,0
6190,11.54,-10.06,88.9,1025.9,-894.3,0,0
6191,11.55,-10.06,88.9,1026.8,-894.3,0,0
6192,11.55,-10.06,88.9,1026.8,-894.3,0,0
6193,11.53,-10.06,88.9,1025,-894.3,0,0
6194,11.53,-10.06,88.9,1025,-894.3,0,0
6195,11.53,-10.06,88.9,1025,-894.3,0,0
6196,11.54,-10.06,88.9,1025.9,-894.3,0,0
6197,11.53,-10.06,88.9,1025,-894.3,0,0
6198,11.53,-10.06,88.9,1025,-894.3,0,0
6199,11.52,-10.06,88.9,1024.1,-894.3,0,0
6200,11.5,-10.04,88.9,1022.4,-892.6,0,0
6201,11.52,-10.06,88.9,1024.1,-894.3,0,0
6202,11.5,-10.04,88.9,1022.4,-892.6,0,0
6203,11.5,-10.02,88.9,1022.4,-890.8,0,0
6204,11.49,-10.01,89,1022.6,-890.9,0,0
6205,11.5,-10.06,89,1023.5,-895.3,0,0
6206,11.49,-10.06,89,1022.6,-895.3,0,0
6207,11.5,-10.04,89,1023.5,-893.6,0,0
6208,11.49,-10.01,89,1022.6,-890.9,0,0
6209,11.5,-10.04,89,1023.5,-893.6,0,0
6210,11.48,-10.01,89,1021.7,-890.9,0,0
6211,11.47,-9.99,89,1020.8,-889.1,0,0
6212,11.48,-9.98,89,1021.7,-888.2,0,0
6213,11.47,-9.99,89.1,1022,-890.1,0,0
6214,11.48,-10.02,89.1,1022.9,-892.8,0,0
6215,11.47,-9.99,89.1,1022,-890.1,0,0
6216,11.47,-9.99,89.1,1022,-890.1,0,0
6217,11.47,-10.02,89.1,1022,-892.8,0,0
6218,11.46,-9.96,89.2,1022.2,-888.4,0,0
6219,11.45,-9.96,89.2,1021.3,-888.4,0,0
6220,11.48,-9.99,89.2,1024,-891.1,0,0
6221,11.47,-9.98,89.2,1023.1,-890.2,0,0
6222,11.47,-9.99,89.2,1023.1,-891.1,0,0
6223,11.46,-9.99,89.2,1022.2,-891.1,0,0
6224,11.48,-9.99,89.2,1024,-891.1,0,0
6225,11.48,-9.94,89.2,1024,-886.6,0,0
6226,11.48,-10.01,89.2,1024,-892.9,0,0
6227,11.47,-10.02,89.2,1023.1,-893.8,0,0
6228,11.47,-9.99,89.2,1023.1,-891.1,0,0
6229,11.48,-10.01,89.2,1024,-892.9,0,0
6230,11.47,-9.99,89.2,1023.1,-891.1,0,0
6231,11.44,-9.99,89.2,1020.4,-891.1,0,0
6232,11.47,-9.99,89.2,1023.1,-891.1,0,0
6233,11.45,-9.98,89.2,1021.3,-890.2,0,0
6234,11.45,-9.94,89.3,1022.5,-887.6,0,0
6235,11.45,-9.99,89.3,1022.5,-892.1,0,0
6236,11.45,-9.99,89.3,1022.5,-892.1,0,0
6237,11.44,-9.96,89.3,1021.6,-889.4,0,0
6238,11.43,-9.93,89.3,1020.7,-886.7,0,0
6239,11.44,-9.96,89.3,1021.6,-889.4,0,0
6240,11.45,-9.94,89.3,1022.5,-887.6,0,0
6241,11.44,-9.96,89.4,1022.7,-890.4,0,0
6242,11.41,-9.91,89.3,1018.9,-885,0,0
6243,11.44,-10.01,89.4,1022.7,-894.9,0,0
6244,11.43,-9.9,89.4,1021.8,-885.1,0,0
6245,11.43,-9.91,89.4,1021.8,-886,0,0
6246,11.42,-9.91,89.4,1020.9,-886,0,0
6247,11.42,-9.93,89.5,1022.1,-888.7,0,0
6248,11.39,-9.9,89.5,1019.4,-886.1,0,0
6249,11.39,-9.9,89.4,1018.3,-885.1,0,0
6250,11.41,-9.9,89.4,1020.1,-885.1,0,0
6251,11.4,-9.9,89.5,1020.3,-886.1,0,0
6252,11.42,-9.94,89.5,1022.1,-889.6,0,0
6253,11.4,-9.9,89.5,1020.3,-886.1,0,0
6254,11.37,-9.9,89.5,1017.6,-886.1,0,0
6255,11.37,-9.9,89.5,1017.6,-886.1,0,0
6256,11.36,-9.9,89.5,1016.7,-886.1,0,0
6257,11.36,-9.9,89.5,1016.7,-886.1,0,0
6258,11.35,-9.9,89.5,1015.8,-886.1,0,0
6259,11.37,-9.9,89.5,1017.6,-886.1,0,0
6260,11.37,-9.9,89.5,1017.6,-886.1,0,0
6261,11.38,-9.9,89.5,1018.5,-886.1,0,0
6262,11.4,-9.9,89.5,1020.3,-886.1,0,0
6263,11.39,-9.9,89.5,1019.4,-886.1,0,0
6264,11.36,-9.9,89.6,1017.9,-887,0,0
6265,11.38,-9.9,89.6,1019.6,-887,0,0
6266,11.36,-9.9,89.5,1016.7,-886.1,0,0
6267,11.33,-9.87,89.6,1015.2,-884.4,0,0
6268,11.35,-9.9,89.6,1017,-887,0,0
6269,11.38,-9.9,89.6,1019.6,-887,0,0
6270,11.36,-9.9,89.6,1017.9,-887,0,0
6271,11.34,-9.9,89.6,1016.1,-887,0,0
6272,11.34,-9.9,89.6,1016.1,-887,0,0
6273,11.36,-9.9,89.6,1017.9,-887,0,0
6274,11.38,-9.9,89.6,1019.6,-887,0,0
6275,11.37,-9.9,89.6,1018.8,-887,0,0
6276,11.37,-9.9,89.6,1018.8,-887,0,0
6277,11.35,-9.88,89.7,1018.1,-886.2,0,0
6278,11.33,-9.84,89.6,1015.2,-881.7,0,0
6279,11.34,-9.9,89.7,1017.2,-888,0,0
6280,11.37,-9.88,89.7,1019.9,-886.2,0,0
6281,11.34,-9.87,89.7,1017.2,-885.3,0,0
6282,11.33,-9.9,89.8,1017.4,-889,0,0
6283,11.35,-9.88,89.8,1019.2,-887.2,0,0
6284,11.31,-9.85,89.7,1014.5,-883.5,0,0
6285,11.33,-9.88,89.8,1017.4,-887.2,0,0
6286,11.33,-9.87,89.7,1016.3,-885.3,0,0
6287,11.3,-9.81,89.8,1014.7,-880.9,0,0
6288,11.32,-9.84,89.8,1016.5,-883.6,0,0
6289,11.3,-9.84,89.8,1014.7,-883.6,0,0
6290,11.3,-9.81,89.8,1014.7,-880.9,0,0
6291,11.3,-9.76,89.8,1014.7,-876.4,0,0
6292,11.31,-9.84,89.8,1015.6,-883.6,0,0
6293,11.28,-9.75,89.8,1012.9,-875.6,0,0
6294,11.28,-9.76,89.8,1012.9,-876.4,0,0
6295,11.28,-9.75,89.8,1012.9,-875.6,0,0
6296,11.3,-9.79,89.8,1014.7,-879.1,0,0
6297,11.28,-9.78,89.8,1012.9,-878.2,0,0
6298,11.27,-9.78,89.8,1012,-878.2,0,0
6299,11.26,-9.75,89.8,1011.1,-875.6,0,0
6300,11.27,-9.75,89.8,1012,-875.6,0,0
6301,11.25,-9.75,89.8,1010.3,-875.6,0,0
6302,11.25,-9.75,89.9,1011.4,-876.5,0,0
6303,11.25,-9.75,89.9,1011.4,-876.5,0,0
6304,11.25,-9.76,89.9,1011.4,-877.4,0,0
6305,11.25,-9.76,89.9,1011.4,-877.4,0,0
6306,11.22,-9.75,89.9,1008.7,-876.5,0,0
6307,11.23,-9.76,89.9,1009.6,-877.4,0,0
6308,11.2,-9.73,90,1008,-875.7,0,0
6309,11.23,-9.75,90,1010.7,-877.5,0,0
6310,11.22,-9.75,90,1009.8,-877.5,0,0
6311,11.22,-9.75,90,1009.8,-877.5,0,0
6312,11.21,-9.75,90,1008.9,-877.5,0,0
6313,11.22,-9.75,90,1009.8,-877.5,0,0
6314,11.22,-9.75,90,1009.8,-877.5,0,0
6315,11.22,-9.75,90,1009.8,-877.5,0,0
6316,11.21,-9.75,90,1008.9,-877.5,0,0
6317,11.22,-9.75,90,1009.8,-877.5,0,0
6318,11.25,-9.75,90,1012.5,-877.5,0,0
6319,11.23,-9.75,90,1010.7,-877.5,0,0
6320,11.19,-9.75,90,1007.1,-877.5,0,0
6321,11.2,-9.75,90,1008,-877.5,0,0
6322,11.2,-9.75,90,1008,-877.5,0,0
6323,11.2,-9.75,90,1008,-877.5,0,0
6324,11.2,-9.75,90,1008,-877.5,0,0
6325,11.19,-9.76,90,1007.1,-878.4,0,0
6326,11.2,-9.75,90,1008,-877.5,0,0
6327,11.21,-9.75,90.1,1010,-878.5,0,0
6328,11.17,-9.72,90.1,1006.4,-875.8,0,0
6329,11.17,-9.75,90.1,1006.4,-878.5,0,0
6330,11.18,-9.75,90.1,1007.3,-878.5,0,0
6331,11.17,-9.73,90.1,1006.4,-876.7,0,0
6332,11.15,-9.7,90,1003.5,-873,0,0
6333,11.15,-9.72,90.1,1004.6,-875.8,0,0
6334,11.14,-9.7,90.1,1003.7,-874,0,0
6335,11.12,-9.64,90.1,1001.9,-868.6,0,0
6336,11.14,-9.73,90.1,1003.7,-876.7,0,0
6337,11.14,-9.69,90.1,1003.7,-873.1,0,0
6338,11.12,-9.66,90.1,1001.9,-870.4,0,0
6339,11.14,-9.7,90.1,1003.7,-874,0,0
6340,11.12,-9.7,90.1,1001.9,-874,0,0
6341,11.13,-9.69,90.1,1002.8,-873.1,0,0
6342,11.14,-9.73,90.1,1003.7,-876.7,0,0
6343,11.15,-9.7,90.1,1004.6,-874,0,0
6344,11.13,-9.7,90.1,1002.8,-874,0,0
6345,11.13,-9.66,90.1,1002.8,-870.4,0,0
6346,11.12,-9.69,90.2,1003,-874,0,0
6347,11.09,-9.61,90.1,999.2,-865.9,0,0
6348,11.13,-9.7,90.2,1003.9,-874.9,0,0
6349,11.08,-9.61,90.1,998.3,-865.9,0,0
6350,11.09,-9.65,90.1,999.2,-869.5,0,0
6351,11.09,-9.64,90.2,1000.3,-869.5,0,0
6352,11.1,-9.63,90.2,1001.2,-868.6,0,0
6353,11.1,-9.64,90.3,1002.3,-870.5,0,0
6354,11.08,-9.6,90.3,1000.5,-866.9,0,0
6355,11.09,-9.71,90.3,1001.4,-876.8,0,0
6356,11.07,-9.72,90.3,999.6,-877.7,0,0
6357,11.06,-9.75,90.3,998.7,-880.4,0,0
6358,11.07,-9.64,90.3,999.6,-870.5,0,0
6359,11.08,-9.68,90.3,1000.5,-874.1,0,0
6360,11.07,-9.64,90.3,999.6,-870.5,0,0
6361,11.06,-9.8,90.3,998.7,-884.9,0,0
6362,11.05,-9.8,90.3,997.8,-884.9,0,0
6363,11.05,-9.87,90.3,997.8,-891.3,0,0
6364,11.05,-9.79,90.3,997.8,-884,0,0
6365,11.06,-9.72,90.3,998.7,-877.7,0,0
6366,11.06,-9.8,90.3,998.7,-884.9,0,0
6367,11.04,-9.87,90.3,996.9,-891.3,0,0
6368,11.06,-9.68,90.3,998.7,-874.1,0,0
6369,11.06,-9.72,90.3,998.7,-877.7,0,0
6370,11.03,-10,90.3,996,-903,0,0
6371,11.04,-9.88,90.3,996.9,-892.2,0,0
6372,11.02,-9.94,90.3,995.1,-897.6,0,0
6373,11.06,-9.84,90.3,998.7,-888.6,0,0
6374,11.05,-9.83,90.3,997.8,-887.6,0,0
6375,11.01,-9.98,90.3,994.2,-901.2,0,0
6376,11.05,-9.92,90.3,997.8,-895.8,0,0
6377,11.01,-9.98,90.4,995.3,-902.2,0,0
6378,11.03,-9.9,90.3,996,-894,0,0
6379,11,-9.97,90.3,993.3,-900.3,0,0
6380,11.01,-9.96,90.4,995.3,-900.4,0,0
6381,11,-9.95,90.4,994.4,-899.5,0,0
6382,11.02,-9.97,90.4,996.2,-901.3,0,0
6383,11,-9.96,90.4,994.4,-900.4,0,0
6384,11.03,-9.98,90.4,997.1,-902.2,0,0
6385,10.99,-9.94,90.4,993.5,-898.6,0,0
6386,10.98,-9.94,90.4,992.6,-898.6,0,0
6387,11,-9.96,90.4,994.4,-900.4,0,0
6388,11.01,-9.95,90.4,995.3,-899.5,0,0
6389,11,-9.96,90.4,994.4,-900.4,0,0
6390,10.97,-9.93,90.4,991.7,-897.7,0,0
6391,10.97,-9.93,90.4,991.7,-897.7,0,0
6392,11.02,-9.96,90.4,996.2,-900.4,0,0
6393,11.01,-9.97,90.4,995.3,-901.3,0,0
6394,11,-9.96,90.4,994.4,-900.4,0,0
6395,11.01,-9.96,90.4,995.3,-900.4,0,0
6396,11.02,-9.92,90.4,996.2,-896.8,0,0
6397,11.02,-9.93,90.4,996.2,-897.7,0,0
6398,11.01,-9.96,90.4,995.3,-900.4,0,0
6399,11.02,-9.98,90.5,997.3,-903.2,0,0
6400,11.01,-9.92,90.5,996.4,-897.8,0,0
6401,11.02,-9.9,90.4,996.2,-895,0,0
6402,10.99,-9.95,90.5,994.6,-900.5,0,0
6403,10.97,-9.93,90.4,991.7,-897.7,0,0
6404,10.99,-9.95,90.5,994.6,-900.5,0,0
6405,10.98,-9.94,90.5,993.7,-899.6,0,0
6406,10.99,-9.95,90.5,994.6,-900.5,0,0
6407,10.96,-9.93,90.5,991.9,-898.7,0,0
6408,10.97,-9.93,90.5,992.8,-898.7,0,0
6409,10.95,-9.91,90.5,991,-896.9,0,0
6410,10.93,-9.9,90.5,989.2,-896,0,0
6411,10.94,-9.9,90.6,991.2,-896.9,0,0
6412,10.95,-9.91,90.5,991,-896.9,0,0
6413,10.97,-9.93,90.6,993.9,-899.7,0,0
6414,10.95,-9.9,90.6,992.1,-896.9,0,0
6415,11.24,-9.75,90.6,1018.3,-883.4,0,0
6416,11.22,-9.75,90.6,1016.5,-883.4,0,0
6417,11.23,-9.75,90.6,1017.4,-883.4,0,0
6418,11.24,-9.75,90.6,1018.3,-883.4,0,0
6419,11.21,-9.75,90.6,1015.6,-883.4,0,0
6420,11.21,-9.75,90.6,1015.6,-883.4,0,0
6421,11.22,-9.75,90.6,1016.5,-883.4,0,0
6422,11.19,-9.75,90.6,1013.8,-883.4,0,0
6423,11.19,-9.75,90.6,1013.8,-883.4,0,0
6424,11.19,-9.75,90.6,1013.8,-883.4,0,0
6425,11.2,-9.75,90.6,1014.7,-883.4,0,0
6426,11.2,-9.75,90.6,1014.7,-883.4,0,0
6427,11.2,-9.75,90.7,1015.8,-884.3,0,0
6428,11.18,-9.75,90.6,1012.9,-883.4,0,0
6429,11.2,-9.76,90.7,1015.8,-885.2,0,0
6430,11.19,-9.73,90.6,1013.8,-881.5,0,0
6431,11.2,-9.75,90.7,1015.8,-884.3,0,0
6432,11.21,-9.75,90.7,1016.7,-884.3,0,0
6433,11.23,-9.75,90.6,1017.4,-883.4,0,0
6434,11.21,-9.75,90.7,1016.7,-884.3,0,0
6435,11.21,-9.75,90.6,1015.6,-883.4,0,0
6436,11.21,-9.75,90.7,1016.7,-884.3,0,0
6437,11.2,-9.73,90.7,1015.8,-882.5,0,0
6438,11.2,-9.75,90.7,1015.8,-884.3,0,0
6439,11.17,-9.75,90.7,1013.1,-884.3,0,0
6440,11.2,-9.75,90.7,1015.8,-884.3,0,0
6441,11.17,-9.75,90.7,1013.1,-884.3,0,0
6442,11.19,-9.75,90.7,1014.9,-884.3,0,0
6443,11.18,-9.75,90.7,1014,-884.3,0,0
6444,11.16,-9.75,90.7,1012.2,-884.3,0,0
6445,11.13,-9.75,90.7,1009.5,-884.3,0,0
6446,11.16,-9.73,90.7,1012.2,-882.5,0,0
6447,11.15,-9.72,90.7,1011.3,-881.6,0,0
6448,11.15,-9.72,90.7,1011.3,-881.6,0,0
6449,11.15,-9.72,90.7,1011.3,-881.6,0,0
6450,11.14,-9.66,90.7,1010.4,-876.2,0,0
6451,11.12,-9.67,90.7,1008.6,-877.1,0,0
6452,11.13,-9.67,90.7,1009.5,-877.1,0,0
6453,11.12,-9.64,90.7,1008.6,-874.3,0,0
6454,11.11,-9.67,90.7,1007.7,-877.1,0,0
6455,11.12,-9.66,90.8,1009.7,-877.1,0,0
6456,11.12,-9.64,90.8,1009.7,-875.3,0,0
6457,11.11,-9.66,90.8,1008.8,-877.1,0,0
6458,11.07,-9.64,90.8,1005.2,-875.3,0,0
6459,11.11,-9.63,90.8,1008.8,-874.4,0,0
6460,11.1,-9.63,90.8,1007.9,-874.4,0,0
6461,11.08,-9.65,90.8,1006.1,-876.2,0,0
6462,11.08,-9.69,90.8,1006.1,-879.9,0,0
6463,11.09,-9.69,90.9,1008.1,-880.8,0,0
6464,11.09,-9.61,90.9,1008.1,-873.5,0,0
6465,11.08,-9.64,90.9,1007.2,-876.3,0,0
6466,11.07,-9.61,90.9,1006.3,-873.5,0,0
6467,11.07,-9.73,90.8,1005.2,-883.5,0,0
6468,11.07,-9.68,90.9,1006.3,-879.9,0,0
6469,11.05,-9.88,90.9,1004.4,-898.1,0,0
6470,11.06,-9.84,90.9,1005.4,-894.5,0,0
6471,11.04,-9.91,90.9,1003.5,-900.8,0,0
6472,11.06,-9.81,90.9,1005.4,-891.7,0,0
6473,11.05,-9.81,90.9,1004.4,-891.7,0,0
6474,11.01,-9.97,90.9,1000.8,-906.3,0,0
6475,11.05,-9.96,90.9,1004.4,-905.4,0,0
6476,11.02,-9.96,90.9,1001.7,-905.4,0,0
6477,11.01,-9.92,90.9,1000.8,-901.7,0,0
6478,11.03,-9.94,90.9,1002.6,-903.5,0,0
6479,11.04,-9.98,90.9,1003.5,-907.2,0,0
6480,11.04,-9.87,90.9,1003.5,-897.2,0,0
6481,11.03,-9.98,90.9,1002.6,-907.2,0,0
6482,11.03,-9.99,90.9,1002.6,-908.1,0,0
6483,11.04,-9.83,90.9,1003.5,-893.5,0,0
6484,11.02,-9.97,90.9,1001.7,-906.3,0,0
6485,11.01,-9.92,90.9,1000.8,-901.7,0,0
6486,11.02,-9.94,90.9,1001.7,-903.5,0,0
6487,11.02,-9.98,90.9,1001.7,-907.2,0,0
6488,11.03,-9.99,90.9,1002.6,-908.1,0,0
6489,11.03,-9.99,90.9,1002.6,-908.1,0,0
6490,11.03,-9.99,90.9,1002.6,-908.1,0,0
6491,11.02,-9.98,90.9,1001.7,-907.2,0,0
6492,11.03,-9.98,90.9,1002.6,-907.2,0,0
6493,11.02,-9.93,90.9,1001.7,-902.6,0,0
6494,11.01,-9.97,90.9,1000.8,-906.3,0,0
6495,11.02,-9.96,90.9,1001.7,-905.4,0,0
6496,11.02,-9.97,91,1002.8,-907.3,0,0
6497,11.01,-9.97,90.9,1000.8,-906.3,0,0
6498,11.01,-9.96,91,1001.9,-906.4,0,0
6499,10.97,-9.93,91,998.3,-903.6,0,0
6500,10.98,-9.94,91,999.2,-904.5,0,0
6501,10.97,-9.93,90.9,997.2,-902.6,0,0
6502,10.99,-9.94,91,1000.1,-904.5,0,0
6503,10.99,-9.94,91,1000.1,-904.5,0,0
6504,10.98,-9.93,91,999.2,-903.6,0,0
6505,10.98,-9.93,91,999.2,-903.6,0,0
6506,10.97,-9.93,91,998.3,-903.6,0,0
6507,10.96,-9.92,91,997.4,-902.7,0,0
6508,10.96,-9.92,91,997.4,-902.7,0,0
6509,10.98,-9.94,91,999.2,-904.5,0,0
6510,10.96,-9.93,91,997.4,-903.6,0,0
6511,10.96,-9.92,91,997.4,-902.7,0,0
6512,10.95,-9.9,91,996.5,-900.9,0,0
6513,10.96,-9.92,91,997.4,-902.7,0,0
6514,10.96,-9.92,91,997.4,-902.7,0,0
6515,10.95,-9.91,91,996.5,-901.8,0,0
6516,10.96,-9.92,91,997.4,-902.7,0,0
6517,10.96,-9.91,91,997.4,-901.8,0,0
6518,10.95,-9.91,91,996.5,-901.8,0,0
6519,10.94,-9.9,91,995.5,-900.9,0,0
6520,10.95,-9.9,91,996.5,-900.9,0,0
6521,10.96,-9.92,91,997.4,-902.7,0,0
6522,10.91,-9.88,91,992.8,-899.1,0,0
6523,10.93,-9.9,91,994.6,-900.9,0,0
6524,10.92,-9.88,91,993.7,-899.1,0,0
6525,10.92,-9.89,91,993.7,-900,0,0
6526,10.93,-9.9,91,994.6,-900.9,0,0
6527,10.92,-9.89,91,993.7,-900,0,0
6528,10.92,-9.88,91,993.7,-899.1,0,0
6529,10.92,-9.89,91,993.7,-900,0,0
6530,10.92,-9.89,91,993.7,-900,0,0
6531,10.92,-9.88,91,993.7,-899.1,0,0
6532,10.91,-9.87,91.1,993.9,-899.2,0,0
6533,10.91,-9.86,91,992.8,-897.3,0,0
6534,10.89,-9.84,91.1,992.1,-896.4,0,0
6535,10.89,-9.85,91.1,992.1,-897.3,0,0
6536,10.89,-9.85,91.1,992.1,-897.3,0,0
6537,10.87,-9.84,91.1,990.3,-896.4,0,0
6538,10.86,-9.82,91.2,990.4,-895.6,0,0
6539,10.89,-9.84,91.1,992.1,-896.4,0,0
6540,10.88,-9.84,91.1,991.2,-896.4,0,0
6541,10.87,-9.83,91.2,991.3,-896.5,0,0
6542,10.86,-9.82,91.1,989.3,-894.6,0,0
6543,10.85,-9.81,91.2,989.5,-894.7,0,0
6544,10.83,-9.8,91.2,987.7,-893.8,0,0
6545,10.84,-9.8,91.2,988.6,-893.8,0,0
6546,10.84,-9.8,91.2,988.6,-893.8,0,0
6547,10.82,-9.79,91.2,986.8,-892.8,0,0
6548,10.8,-9.77,91.2,985,-891,0,0
6549,10.81,-9.78,91.2,985.9,-891.9,0,0
6550,10.8,-9.77,91.2,985,-891,0,0
6551,10.8,-9.77,91.1,983.9,-890,0,0
6552,10.79,-9.76,91.2,984,-890.1,0,0
6553,10.8,-9.76,91.2,985,-890.1,0,0
6554,10.79,-9.76,91.2,984,-890.1,0,0
6555,10.79,-9.76,91.2,984,-890.1,0,0
6556,10.81,-9.77,91.2,985.9,-891,0,0
6557,10.78,-9.76,91.2,983.1,-890.1,0,0
6558,10.78,-9.75,91.2,983.1,-889.2,0,0
6559,10.78,-9.75,91.2,983.1,-889.2,0,0
6560,10.77,-9.74,91.2,982.2,-888.3,0,0
6561,10.74,-9.72,91.2,979.5,-886.5,0,0
6562,10.77,-9.74,91.2,982.2,-888.3,0,0
6563,10.74,-9.72,91.2,979.5,-886.5,0,0
6564,10.75,-9.73,91.2,980.4,-887.4,0,0
6565,10.74,-9.72,91.2,979.5,-886.5,0,0
6566,10.73,-9.71,91.2,978.6,-885.6,0,0
6567,10.74,-9.72,91.2,979.5,-886.5,0,0
6568,10.66,-9.64,91.2,972.2,-879.2,0,0
6569,10.67,-9.64,91.2,973.1,-879.2,0,0
6570,10.72,-9.7,91.2,977.7,-884.6,0,0
6571,10.71,-9.69,91.2,976.8,-883.7,0,0
6572,10.71,-9.69,91.2,976.8,-883.7,0,0
6573,10.71,-9.68,91.2,976.8,-882.8,0,0
6574,10.69,-9.66,91.2,974.9,-881,0,0
6575,10.71,-9.68,91.2,976.8,-882.8,0,0
6576,10.64,-9.62,91.2,970.4,-877.3,0,0
6577,10.7,-9.68,91.2,975.8,-882.8,0,0
6578,10.68,-9.66,91.2,974,-881,0,0
6579,10.67,-9.66,91.3,974.2,-882,0,0
6580,10.7,-9.68,91.3,976.9,-883.8,0,0
6581,10.71,-9.68,91.3,977.8,-883.8,0,0
6582,10.69,-9.66,91.3,976,-882,0,0
6583,10.71,-9.69,91.3,977.8,-884.7,0,0
6584,10.7,-9.67,91.3,976.9,-882.9,0,0
6585,10.67,-9.65,91.3,974.2,-881,0,0
6586,10.67,-9.65,91.3,974.2,-881,0,0
6587,10.66,-9.63,91.2,972.2,-878.3,0,0
6588,10.67,-9.65,91.3,974.2,-881,0,0
6589,10.69,-9.66,91.3,976,-882,0,0
6590,10.68,-9.65,91.3,975.1,-881,0,0
6591,10.67,-9.64,91.3,974.2,-880.1,0,0
6592,10.66,-9.64,91.3,973.3,-880.1,0,0
6593,10.64,-9.62,91.3,971.4,-878.3,0,0
6594,10.65,-9.63,91.3,972.3,-879.2,0,0
6595,10.64,-9.61,91.3,971.4,-877.4,0,0
6596,10.65,-9.63,91.3,972.3,-879.2,0,0
6597,10.62,-9.6,91.3,969.6,-876.5,0,0
6598,10.63,-9.6,91.3,970.5,-876.5,0,0
6599,10.63,-9.6,91.3,970.5,-876.5,0,0
6600,10.64,-9.61,91.3,971.4,-877.4,0,0
6601,10.6,-9.58,91.3,967.8,-874.7,0,0
6602,10.62,-9.6,91.3,969.6,-876.5,0,0
6603,10.61,-9.58,91.3,968.7,-874.7,0,0
6604,10.62,-9.61,91.3,969.6,-877.4,0,0
6605,10.61,-9.6,91.3,968.7,-876.5,0,0
6606,10.64,-9.62,91.3,971.4,-878.3,0,0
6607,10.62,-9.59,91.3,969.6,-875.6,0,0
6608,10.61,-9.59,91.3,968.7,-875.6,0,0
6609,10.62,-9.6,91.3,969.6,-876.5,0,0
6610,10.49,-9.47,91.3,957.7,-864.6,0,0
6611,10.5,-9.49,91.3,958.7,-866.4,0,0
6612,10.54,-9.52,91.3,962.3,-869.2,0,0
6613,10.5,-9.49,91.3,958.7,-866.4,0,0
6614,10.51,-9.49,91.3,959.6,-866.4,0,0
6615,10.5,-9.5,91.3,958.7,-867.4,0,0
6616,10.49,-9.48,91.3,957.7,-865.5,0,0
6617,10.48,-9.47,91.3,956.8,-864.6,0,0
6618,10.51,-9.5,91.3,959.6,-867.4,0,0
6619,10.48,-9.47,91.3,956.8,-864.6,0,0
6620,10.49,-9.47,91.4,958.8,-865.6,0,0
6621,10.49,-9.48,91.3,957.7,-865.5,0,0
6622,10.49,-9.48,91.4,958.8,-866.5,0,0
6623,10.5,-9.49,91.4,959.7,-867.4,0,0
6624,10.5,-9.49,91.4,959.7,-867.4,0,0
6625,10.49,-9.48,91.5,959.8,-867.4,0,0
6626,10.5,-9.49,91.5,960.8,-868.3,0,0
6627,10.49,-9.48,91.5,959.8,-867.4,0,0
6628,10.44,-9.44,91.4,954.2,-862.8,0,0
6629,10.41,-9.41,91.4,951.5,-860.1,0,0
6630,10.37,-9.37,91.4,947.8,-856.4,0,0
6631,10.59,-9.57,91.5,969,-875.7,0,0
6632,10.6,-9.58,91.5,969.9,-876.6,0,0
6633,10.57,-9.56,91.5,967.2,-874.7,0,0
6634,10.42,-9.41,91.5,953.4,-861,0,0
6635,7.53,-6.73,91,685.2,-612.4,0,0
6636,4.68,-4.08,90.6,424,-369.6,0,0
6637,3.33,-2.84,90.4,301,-256.7,0,0
6638,2.82,-2.35,90.4,254.9,-212.4,0,0
6639,2.63,-2.19,90.3,237.5,-197.8,0,0
6640,2.56,-2.12,90.3,231.2,-191.4,0,0
6641,2.59,-2.15,90.3,233.9,-194.1,0,0
6642,2.59,-2.13,90.2,233.6,-192.1,0,0
6643,2.58,-2.14,90.3,233,-193.2,0,0
6644,2.62,-2.18,90.3,236.6,-196.9,0,0
6645,2.58,-2.14,90.3,233,-193.2,0,0
6646,2.6,-2.15,90.3,234.8,-194.1,0,0
6647,2.61,-2.16,90.1,235.2,-194.6,0,0
6648,2.56,-2.12,90.1,230.7,-191,0,0
6649,2.59,-2.15,90.1,233.4,-193.7,0,0
6650,2.61,-2.15,90.1,235.2,-193.7,0,0
6651,2.64,-2.19,90.1,237.9,-197.3,0,0
6652,2.63,-2.18,90.1,237,-196.4,0,0
6653,2.6,-2.15,90.1,234.3,-193.7,0,0
6654,2.62,-2.18,90.1,236.1,-196.4,0,0
6655,2.57,-2.13,90.1,231.6,-191.9,0,0
6656,2.58,-2.13,90.1,232.5,-191.9,0,0
6657,2.62,-2.16,90.1,236.1,-194.6,0,0
6658,2.58,-2.14,90.1,232.5,-192.8,0,0
6659,2.57,-2.12,90.1,231.6,-191,0,0
6660,2.55,-2.12,90.1,229.8,-191,0,0
6661,2.6,-2.15,90.1,234.3,-193.7,0,0
6662,2.59,-2.12,90.1,233.4,-191,0,0
6663,2.57,-2.11,90.1,231.6,-190.1,0,0
6664,2.56,-2.1,90.1,230.7,-189.2,0,0
6665,2.56,-2.09,90.1,230.7,-188.3,0,0
6666,2.57,-2.09,90.1,231.6,-188.3,0,0
6667,2.56,-1.41,90,230.4,-126.9,0,0
6668,2.83,0.82,89.6,253.6,73.5,0,7
6669,3.19,2.74,89.2,284.5,244.4,0,15
6670,3.18,-0.31,89.8,285.6,-27.8,0,19
6671,3,-1.1,89.9,269.7,-98.9,0,21
6672,2.93,-6.22,90.7,265.8,-564.2,0,17
6673,3.12,14.92,87.4,272.7,1304,0,18
6674,2.56,15.43,87.2,223.2,1345.5,0,27
6675,2.93,16.06,87.1,255.2,1398.8,0,39
6676,2.88,15.05,87.1,250.8,1310.9,0,48
6677,2.99,12.92,87.4,261.3,1129.2,0,54
6678,2.87,5.65,88.5,254,500,0,58
6679,2.85,3.05,88.9,253.4,271.1,0,60
6680,2.71,0.99,89.2,241.7,88.3,0,60
6681,2.81,0.96,89.3,250.9,85.7,0,59
6682,2.89,3.58,88.9,256.9,318.3,0,58
6683,2.7,4.02,88.9,240,357.4,0,59
6684,2.69,4.08,88.8,238.9,362.3,0,60
6685,2.75,4.01,88.8,244.2,356.1,0,61
6686,2.74,4.01,88.8,243.3,356.1,0,62
6687,2.76,3.93,88.8,245.1,349,0,62
6688,2.74,3.68,88.8,243.3,326.8,0,63
6689,2.8,1.95,89.1,249.5,173.7,0,63
6690,2.76,1.08,89.2,246.2,96.3,0,62
6691,2.73,1.09,89.2,243.5,97.2,0,61
6692,2.78,1.03,89.3,248.3,92,0,59
6693,2.76,3.95,88.9,245.4,351.2,0,57
6694,2.75,4.96,88.6,243.7,439.5,0,57
6695,2.7,5.78,88.4,238.7,511,0,57
6696,2.82,5.87,88.4,249.3,518.9,0,57
6697,2.87,5.84,88.4,253.7,516.3,0,58
6698,2.87,6.79,88.3,253.4,599.6,0,59
6699,2.87,6.8,88.3,253.4,600.4,0,60
6700,2.78,6.88,88.3,245.5,607.5,0,61
6701,2.8,6.86,88.3,247.2,605.7,0,61
6702,2.77,5.14,88.5,245.1,454.9,0,62
6703,2.8,4.85,88.6,248.1,429.7,0,62
6704,2.82,4.87,88.6,249.9,431.5,0,62
6705,2.81,4.84,88.6,249,428.8,0,62
6706,2.73,4.04,88.6,241.9,357.9,0,62
6707,2.88,2.28,88.9,256,202.7,0,62
6708,2.91,0.87,89.2,259.6,77.6,0,61
6709,2.69,1.04,89.2,239.9,92.8,0,61
6710,2.91,0.89,89.2,259.6,79.4,0,61
6711,2.8,0.95,89.2,249.8,84.7,0,60
6712,2.78,0.94,89.2,248,83.8,0,60
6713,2.78,1.01,89.2,248,90.1,0,59
6714,2.88,1.94,89.1,256.6,172.9,0,59
6715,2.91,1.89,89.1,259.3,168.4,0,58
6716,2.78,2.03,89,247.4,180.7,0,58
6717,2.73,2.05,89.1,243.2,182.7,0,58
6718,2.88,1.91,89.1,256.6,170.2,0,58
6719,2.65,2.1,89,235.9,186.9,0,57
6720,2.62,3.12,88.9,232.9,277.4,0,57
6721,2.79,2.98,88.9,248,264.9,0,57
6722,2.69,4.06,88.7,238.6,360.1,0,57
6723,2.57,4.13,88.6,227.7,365.9,0,57
6724,2.61,7.03,88.2,230.2,620,0,57
6725,2.65,7.97,88,233.2,701.4,0,58
6726,2.65,7.92,88,233.2,697,0,58
6727,2.56,11.4,87.4,223.7,996.4,0,59
6728,2.69,8.87,87.8,236.2,778.8,0,60
6729,2.5,8.06,87.9,219.8,708.5,0,61
6730,2.53,7.4,88,222.6,651.2,0,61
6731,2.62,6.92,88,230.6,609,0,61
6732,2.64,-0.02,89.2,235.5,-1.8,0,60
6733,2.74,3.03,88.7,243,268.8,0,58
6734,2.65,3.12,88.7,235.1,276.7,0,57
6735,2.61,5.07,88.4,230.7,448.2,0,57
6736,2.64,5.08,88.4,233.4,449.1,0,57
6737,2.79,4.96,88.4,246.6,438.5,0,57
6738,2.73,6,88.3,241.1,529.8,0,58
6739,2.78,5.95,88.3,245.5,525.4,0,58
6740,2.64,6.05,88.3,233.1,534.2,0,58
6741,2.69,6,88.3,237.5,529.8,0,58
6742,2.69,6.02,88.2,237.3,531,0,58
6743,2.64,6.02,88.3,233.1,531.6,0,59
6744,2.82,5.89,88.3,249,520.1,0,59
6745,2.82,5.91,88.3,249,521.9,0,59
6746,2.73,5.95,88.2,240.8,524.8,0,59
6747,2.81,6.89,88,247.3,606.3,0,60
6748,2.7,5.95,88.2,238.1,524.8,0,60
6749,2.63,6.01,88.1,231.7,529.5,0,61
6750,2.72,4.94,88.3,240.2,436.2,0,61
6751,2.77,4.93,88.3,244.6,435.3,0,61
6752,2.76,4.94,88.3,243.7,436.2,0,61
6753,2.68,5.06,88.3,236.6,446.8,0,62
6754,2.7,3.98,88.6,239.2,352.6,0,61
6755,2.86,3.85,88.6,253.4,341.1,0,61
6756,2.82,2.91,88.6,249.9,257.8,0,60
6757,2.68,5.04,88.3,236.6,445,0,60
6758,2.84,4.91,88.3,250.8,433.6,0,60
6759,2.64,5.01,88.3,233.1,442.4,0,61
6760,2.83,3.88,88.5,250.5,343.4,0,60
6761,2.74,4,88.5,242.5,354,0,60
6762,2.76,3,88.6,244.5,265.8,0,60
6763,2.83,2.89,88.7,251,256.3,0,60
6764,2.76,3,88.6,244.5,265.8,0,60
6765,2.79,4.11,88.5,246.9,363.7,0,59
6766,2.84,4.9,88.3,250.8,432.7,0,59
6767,2.66,5.02,88.3,234.9,443.3,0,60
6768,2.73,4.96,88.3,241.1,438,0,60
6769,2.84,4.9,88.3,250.8,432.7,0,60
6770,2.82,4.92,88.3,249,434.4,0,60
6771,2.7,4.96,88.3,238.4,438,0,61
6772,2.72,4.02,88.4,240.4,355.4,0,61
6773,2.74,4.41,88.4,242.2,389.8,0,61
6774,2.85,4.89,88.3,251.7,431.8,0,61
6775,2.77,4.93,88.3,244.6,435.3,0,61
6776,2.75,4.1,88.4,243.1,362.4,0,61
6777,2.74,3.99,88.4,242.2,352.7,0,61
6778,2.75,3.96,88.4,243.1,350.1,0,61
6779,2.73,4.02,88.4,241.3,355.4,0,60
6780,2.75,3.97,88.5,243.4,351.3,0,60
6781,2.78,3.93,88.4,245.8,347.4,0,60
6782,2.71,4.03,88.4,239.6,356.3,0,60
6783,2.81,3.97,88.4,248.4,350.9,0,60
6784,2.75,4.95,88.3,242.8,437.1,0,59
6785,2.76,4.99,88.2,243.4,440.1,0,60
6786,2.87,4.85,88.3,253.4,428.3,0,60
6787,2.77,4.97,88.3,244.6,438.9,0,60
6788,2.8,4.93,88.3,247.2,435.3,0,59
6789,2.77,4.94,88.3,244.6,436.2,0,59
6790,2.8,6.88,88,246.4,605.4,0,59
6791,2.82,6.89,87.9,247.9,605.6,0,60
6792,2.75,6.95,87.9,241.7,610.9,0,60
6793,2.74,6.94,87.9,240.8,610,0,60
6794,2.69,6.98,87.8,236.2,612.8,0,60
6795,2.73,6.96,87.8,239.7,611.1,0,60
6796,2.73,6.95,87.8,239.7,610.2,0,59
6797,2.76,6.93,87.8,242.3,608.5,0,59
6798,2.82,6.86,87.8,247.6,602.3,0,59
6799,2.77,6.94,87.8,243.2,609.3,0,59
6800,2.81,6.88,87.8,246.7,604.1,0,59
6801,2.83,6.83,87.8,248.5,599.7,0,59
6802,2.46,7.18,87.7,215.7,629.7,0,59
6803,2.64,6.99,87.8,231.8,613.7,0,60
6804,2.68,4.91,88.1,236.1,432.6,0,60
6805,2.65,4.02,88.3,234,355,0,60
6806,2.62,4.13,88.3,231.3,364.7,0,59
6807,2.64,6.03,88,232.3,530.6,0,60
6808,2.63,5.03,88.1,231.7,443.1,0,60
6809,2.63,5.05,88.1,231.7,444.9,0,60
6810,2.58,5.09,88.1,227.3,448.4,0,59
6811,2.67,5.02,88.1,235.2,442.3,0,59
6812,2.6,5.04,88.1,229.1,444,0,59
6813,2.5,5.17,88.1,220.3,455.5,0,60
6814,2.56,5.06,88.1,225.5,445.8,0,60
6815,2.61,5.03,88.1,229.9,443.1,0,60
6816,2.63,5.01,88.1,231.7,441.4,0,60
6817,2.58,5.06,88.1,227.3,445.8,0,60
6818,2.69,4.98,88.1,237,438.7,0,61
6819,2.66,5.03,88.1,234.3,443.1,0,61
6820,2.55,5.08,88.1,224.7,447.5,0,61
6821,2.59,5.11,88,227.9,449.7,0,61
6822,2.65,4,88.3,234,353.2,0,60
6823,2.58,4.07,88.3,227.8,359.4,0,60
6824,2.56,4.12,88.3,226,363.8,0,60
6825,2.55,4.1,88.3,225.2,362,0,60
6826,2.6,4.09,88.3,229.6,361.1,0,60
6827,2.53,4.14,88.3,223.4,365.6,0,59
6828,2.62,4.76,88.1,230.8,419.4,0,59
6829,2.5,6.18,87.9,219.8,543.2,0,60
6830,2.5,6.15,87.9,219.8,540.6,0,60
6831,2.53,6.07,87.9,222.4,533.6,0,61
6832,2.44,6.18,87.8,214.2,542.6,0,62
6833,2.31,5.27,88,203.3,463.8,0,62
6834,2.47,5.15,88,217.4,453.2,0,62
6835,2.3,5.26,88,202.4,462.9,0,62
6836,2.35,5.21,88,206.8,458.5,0,62
6837,2.48,5.21,88,218.2,458.5,0,62
6838,2.35,5.25,88,206.8,462,0,62
6839,2.42,5.24,88,213,461.1,0,62
6840,2.4,5.17,88,211.2,455,0,62
6841,2.35,4.82,88,206.8,424.2,0,62
6842,2.51,4.13,88.1,221.1,363.9,0,61
6843,2.38,5.3,88,209.4,466.4,0,61
6844,2.36,5.24,88,207.7,461.1,0,60
6845,2.34,5.26,88,205.9,462.9,0,60
6846,2.44,5.19,88,214.7,456.7,0,60
6847,2.36,5.24,88,207.7,461.1,0,59
6848,2.44,6.19,87.8,214.2,543.5,0,59
6849,2.34,6.33,87.7,205.2,555.1,0,59
6850,2.47,6.13,87.8,216.9,538.2,0,59
6851,2.48,7.14,87.7,217.5,626.2,0,60
6852,1.28,8.13,87.5,112,711.4,0,60
6853,2.41,7.2,87.6,211.1,630.7,0,60
6854,2.59,6.04,87.7,227.1,529.7,0,60
6855,2.53,6.11,87.7,221.9,535.8,0,60
6856,2.37,6.26,87.7,207.8,549,0,60
6857,2.38,6.21,87.7,208.7,544.6,0,61
6858,2.63,6.01,87.7,230.7,527.1,0,61
6859,2.52,5.1,88,221.8,448.8,0,61
6860,2.52,4.11,88.1,222,362.1,0,61
6861,2.48,4.21,88,218.2,370.5,0,61
6862,2.53,5.11,88,222.6,449.7,0,61
6863,2.39,5.24,87.9,210.1,460.6,0,61
6864,2.64,4.07,88.1,232.6,358.6,0,60
6865,2.45,4.2,88,215.6,369.6,0,60
6866,2.47,4.23,88,217.4,372.2,0,59
6867,1.91,4.63,87.9,167.9,407,0,59
6868,2.44,5.19,88,214.7,456.7,0,59
6869,2.45,5.2,87.9,215.4,457.1,0,58
6870,2.33,6.31,87.7,204.3,553.4,0,58
6871,2.27,6.31,87.7,199.1,553.4,0,59
6872,2.26,6.29,87.7,198.2,551.6,0,59
6873,2.32,6.31,87.7,203.5,553.4,0,60
6874,2.49,6.12,87.7,218.4,536.7,0,59
6875,2.1,6.45,87.6,184,565,0,60
6876,2.33,6.29,87.7,204.3,551.6,0,60
6877,2.37,6.24,87.7,207.8,547.2,0,60
6878,2.31,6.29,87.7,202.6,551.6,0,60
6879,2.41,6.24,87.7,211.4,547.2,0,61
6880,2.33,6.23,87.7,204.3,546.4,0,61
6881,2.48,6.16,87.6,217.2,539.6,0,61
6882,2.55,6.11,87.7,223.6,535.8,0,61
6883,2.38,6.23,87.7,208.7,546.4,0,61
6884,2.32,6.36,87.6,203.2,557.1,0,60
6885,2.17,6.41,87.6,190.1,561.5,0,60
6886,0.89,7.44,87.4,77.8,650.3,0,60
6887,0.59,7.76,87.4,51.6,678.2,0,60
6888,0.72,7.64,87.4,62.9,667.7,0,60
6889,1.59,6.84,87.4,139,597.8,0,60
6890,1.03,7.37,87.4,90,644.1,0,60
6891,2.26,6.36,87.5,197.8,556.5,0,61
6892,2.25,6.35,87.5,196.9,555.6,0,61
6893,2.43,6.2,87.7,213.1,543.7,0,61
6894,2.29,6.31,87.5,200.4,552.1,0,61
6895,2.33,6.28,87.5,203.9,549.5,0,61
6896,2.27,6.32,87.5,198.6,553,0,61
6897,2.21,6.37,87.5,193.4,557.4,0,61
6898,2.25,6.4,87.5,196.9,560,0,61
6899,2.14,6.43,87.5,187.3,562.6,0,61
6900,2.16,6.44,87.5,189,563.5,0,61
6901,2.13,6.43,87.5,186.4,562.6,0,61
6902,2.17,6.43,87.4,189.7,562,0,61
6903,2.22,6.38,87.5,194.3,558.3,0,61
6904,2.1,6.44,87.5,183.8,563.5,0,61
6905,2.22,6.4,87.5,194.3,560,0,61
6906,2.18,6.43,87.4,190.5,562,0,61
6907,2.36,6.26,87.5,206.5,547.8,0,61
6908,2.17,5.36,87.7,190.3,470.1,0,61
6909,2.17,5.42,87.7,190.3,475.3,0,60
6910,2.25,5.34,87.7,197.3,468.3,0,60
6911,2.26,5.31,87.7,198.2,465.7,0,59
6912,2.37,5.27,87.7,207.8,462.2,0,58
6913,2.35,5.31,87.7,206.1,465.7,0,57
6914,2.36,5.27,87.7,207,462.2,0,57
6915,2.28,5.31,87.7,200,465.7,0,56
6916,2.2,5.39,87.7,192.9,472.7,0,55
6917,2.33,8.28,87.1,202.9,721.2,0,55
6918,2.39,15.37,86,205.5,1321.8,0,57
6919,2.23,17.17,85.7,191.1,1471.5,0,60
6920,2.2,13.91,86.2,189.6,1199,0,63
6921,2.24,11.11,86.7,194.2,963.2,0,64
6922,2.21,9.3,86.9,192,808.2,0,65
6923,2.26,9.74,86.8,196.2,845.4,0,66
6924,2.22,7.21,87.2,193.6,628.7,0,67
6925,2.27,5.1,87.4,198.4,445.7,0,67
6926,2.22,-0.47,88.5,196.5,-41.6,0,66
6927,2.14,-1.38,88.7,189.8,-122.4,0,64
6928,2.15,-1.42,88.7,190.7,-126,0,61
6929,2.15,-0.87,88.6,190.5,-77.1,0,59
6930,2.17,2.35,88.1,191.2,207,0,58
6931,2.19,2.55,88.1,192.9,224.7,0,57
6932,2.23,3.52,88,196.2,309.8,0,57
6933,2.31,3.42,88,203.3,301,0,57
6934,2.29,4.41,87.8,201.1,387.2,0,57
6935,2.26,5.4,87.6,198,473,0,57
6936,2.11,5.54,87.6,184.8,485.3,0,57
6937,2.03,6.59,87.4,177.4,576,0,58
6938,2.2,6.42,87.4,192.3,561.1,0,58
6939,2,6.6,87.4,174.8,576.8,0,59
6940,2.16,6.46,87.4,188.8,564.6,0,59
6941,2.25,6.39,87.4,196.7,558.5,0,59
6942,2.17,6.45,87.4,189.7,563.7,0,60
6943,2.05,6.57,87.3,179,573.6,0,60
6944,2.24,6.4,87.4,195.8,559.4,0,60
6945,2.22,5.4,87.5,194.3,472.5,0,60
6946,2.27,4.39,87.7,199.1,385,0,60
6947,2.18,4.45,87.7,191.2,390.3,0,59
6948,2.32,5.34,87.5,203,467.3,0,59
6949,2.19,5.43,87.5,191.6,475.1,0,59
6950,2.2,5.43,87.5,192.5,475.1,0,59
6951,2.19,5.44,87.5,191.6,476,0,59
6952,2.08,5.55,87.4,181.8,485.1,0,59
6953,2.17,5.45,87.5,189.9,476.9,0,59
6954,2.15,5.49,87.5,188.1,480.4,0,59
6955,2.15,5.46,87.4,187.9,477.2,0,59
6956,2.19,5.42,87.4,191.4,473.7,0,59
6957,2.31,5.35,87.4,201.9,467.6,0,59
6958,2.13,5.47,87.4,186.2,478.1,0,60
6959,2.12,5.27,87.5,185.5,461.1,0,61
6960,2.16,3.48,87.7,189.4,305.2,0,61
6961,2.06,2.63,88,181.3,231.4,0,61
6962,2.04,2.66,88,179.5,234.1,0,61
6963,2.01,2.67,88,176.9,235,0,61
6964,2.12,2.57,88,186.6,226.2,0,60
6965,2.2,3.54,87.8,193.2,310.8,0,60
6966,2.15,3.55,87.8,188.8,311.7,0,60
6967,2.15,3.54,87.8,188.8,310.8,0,60
6968,2.09,4.57,87.7,183.3,400.8,0,59
6969,2.26,4.44,87.7,198.2,389.4,0,59
6970,2.18,4.48,87.7,191.2,392.9,0,60
6971,2.09,4.6,87.6,183.1,403,0,60
6972,1.97,5.65,87.4,172.2,493.8,0,60
6973,2.08,5.51,87.4,181.8,481.6,0,60
6974,1.92,5.72,87.4,167.8,499.9,0,61
6975,2.02,5.6,87.4,176.5,489.4,0,61
6976,2.04,5.54,87.4,178.3,484.2,0,61
6977,2.07,5.58,87.4,180.9,487.7,0,61
6978,2.04,5.63,87.4,178.3,492.1,0,61
6979,2.16,4.53,87.5,189,396.4,0,61
6980,2.19,4.45,87.6,191.8,389.8,0,60
6981,2.15,4.54,87.5,188.1,397.3,0,60
6982,2.19,4.44,87.6,191.8,388.9,0,59
6983,2.09,4.54,87.5,182.9,397.3,0,58
6984,2.15,4.52,87.5,188.1,395.5,0,58
6985,2.08,8.46,86.9,180.8,735.2,0,59
6986,2.23,8.36,86.8,193.6,725.6,0,60
6987,2.16,8.46,86.8,187.5,734.3,0,61
6988,2.15,8.42,86.8,186.6,730.9,0,63
6989,2.18,6.72,87.1,189.9,585.3,0,64
6990,2.11,4.5,87.4,184.4,393.3,0,64
6991,2.01,4.62,87.4,175.7,403.8,0,64
6992,2.07,3.51,87.7,181.5,307.8,0,63
6993,2.07,3.48,87.7,181.5,305.2,0,63
6994,2.01,2.61,87.8,176.5,229.2,0,62
6995,2.02,2.66,87.8,177.4,233.5,0,61
6996,1.99,2.64,87.8,174.7,231.8,0,60
6997,1.84,2.76,87.8,161.6,242.3,0,60
6998,1.91,3.72,87.7,167.5,326.2,0,60
6999,2.11,5.54,87.4,184.4,484.2,0,59
7000,2.02,5.57,87.4,176.5,486.8,0,59
7001,2.12,6.49,87.1,184.7,565.3,0,59
7002,2.12,6.47,87.1,184.7,563.5,0,59
7003,2.15,6.43,87.1,187.3,560.1,0,59
7004,1.92,6.66,87.1,167.2,580.1,0,58
7005,2,7.56,86.9,173.8,657,0,58
7006,2,7.55,86.9,173.8,656.1,0,58
7007,2.23,8.36,86.7,193.3,724.8,0,58
7008,1.89,8.62,86.7,163.9,747.4,0,59
7009,1.97,8.58,86.7,170.8,743.9,0,59
7010,1.98,8.53,86.7,171.7,739.6,0,60
7011,1.95,7.56,86.8,169.3,656.2,0,61
7012,1.82,7.65,86.8,158,664,0,61
7013,1.85,5.65,87.1,161.1,492.1,0,61
7014,1.9,5.61,87.1,165.5,488.6,0,61
7015,1.7,5.73,87.1,148.1,499.1,0,61
7016,1.92,5.66,87.1,167.2,493,0,61
7017,2.1,5.44,87.1,182.9,473.8,0,60
7018,1.98,5.56,87.1,172.5,484.3,0,60
7019,1.71,5.82,87.1,148.9,506.9,0,60
7020,1.77,6.74,86.9,153.8,585.7,0,60
7021,1.68,6.85,86.9,146,595.3,0,60
7022,1.75,7.77,86.8,151.9,674.4,0,60
7023,1.71,7.76,86.8,148.4,673.6,0,61
7024,1.64,7.82,86.8,142.4,678.8,0,62
7025,1.64,5.82,87.1,142.8,506.9,0,62
7026,1.7,3.87,87.4,148.6,338.2,0,62
7027,1.68,3.92,87.4,146.8,342.6,0,61
7028,1.83,3.76,87.4,159.9,328.6,0,61
7029,2.04,3.79,87.4,178.3,331.2,0,61
7030,0.76,5.56,87.1,66.2,484.3,0,61
7031,1.76,4.85,87.2,153.5,422.9,0,61
7032,1.65,4.88,87.2,143.9,425.5,0,61
7033,1.69,4.85,87.2,147.4,422.9,0,61
7034,1.95,4.64,87.3,170.2,405.1,0,61
7035,1.76,4.82,87.2,153.5,420.3,0,61
7036,1.57,5.05,87.1,136.7,439.9,0,60
7037,1.66,5.84,87,144.4,508.1,0,60
7038,1.73,5.85,87,150.5,509,0,61
7039,1.74,5.78,87.1,151.6,503.4,0,61
7040,1.7,5.79,87.1,148.1,504.3,0,61
7041,1.83,5.64,87.1,159.4,491.2,0,61
7042,1.82,5.76,87.1,158.5,501.7,0,62
7043,1.75,5.79,87,152.3,503.7,0,62
7044,1.63,4.9,87.1,142,426.8,0,62
7045,1.67,4.8,87.2,145.6,418.6,0,62
7046,1.69,3.88,87.4,147.7,339.1,0,61
7047,1.62,3.94,87.3,141.4,344,0,61
7048,1.56,3.94,87.4,136.3,344.4,0,61
7049,1.74,3.88,87.4,152.1,339.1,0,60
7050,1.58,4.02,87.3,137.9,350.9,0,60
7051,1.64,4.93,87.1,142.8,429.4,0,60
7052,1.83,4.74,87.2,159.6,413.3,0,59
7053,1.68,4.89,87.1,146.3,425.9,0,59
7054,1.62,5.93,86.9,140.8,515.3,0,58
7055,1.63,6.88,86.8,141.5,597.2,0,58
7056,1.87,6.69,86.8,162.3,580.7,0,59
7057,1.58,7.93,86.6,136.8,686.7,0,58
7058,1.61,8.84,86.5,139.3,764.7,0,58
7059,1.71,9.27,86.3,147.6,800,0,58
7060,1.63,11.45,86,140.2,984.7,0,58
7061,1.78,12.17,85.9,152.9,1045.4,0,59
7062,1.69,12.21,85.8,145,1047.6,0,59
7063,1.64,12.29,85.8,140.7,1054.5,0,59
7064,1.67,12.2,85.8,143.3,1046.8,0,59
7065,1.7,12.17,85.7,145.7,1043,0,60
7066,1.58,9.58,86,135.9,823.9,0,60
7067,1.67,6.38,86.6,144.6,552.5,0,60
7068,1.57,4.91,86.9,136.4,426.7,0,59
7069,1.66,4.83,86.9,144.3,419.7,0,59
7070,1.54,4.96,86.9,133.8,431,0,59
7071,1.57,4.9,86.9,136.4,425.8,0,60
7072,1.53,4.88,86.9,133,424.1,0,62
7073,1.52,4.93,86.9,132.1,428.4,0,64
7074,1.53,3.97,87.1,133.3,345.8,0,65
7075,1.65,2.49,87.4,144.2,217.6,0,67
7076,1.46,3.52,87.1,127.2,306.6,0,67
7077,1.86,0.44,87.7,163.1,38.6,0,67
7078,1.57,0.17,87.7,137.7,14.9,0,65
7079,1.67,0.67,87.7,146.5,58.8,0,62
7080,1.53,7.97,86.5,132.3,689.4,0,61
7081,1.84,8.67,86.3,158.8,748.2,0,60
7082,1.59,8.89,86.2,137.1,766.3,0,60
7083,1.67,9.79,86.1,143.8,842.9,0,60
7084,1.7,9.76,86.1,146.4,840.3,0,59
7085,1.6,9.83,86,137.6,845.4,0,59
7086,1.6,11.29,85.9,137.4,969.8,0,59
7087,1.7,11.23,85.8,145.9,963.5,0,60
7088,1.77,11.19,85.8,151.9,960.1,0,60
7089,1.7,11.22,85.8,145.9,962.7,0,60
7090,1.74,11.16,85.7,149.1,956.4,0,60
7091,1.55,-8.01,88.8,137.6,-711.3,0,59
7092,1.42,-23.24,91.4,129.8,-2124.1,0,45
7093,1.72,3.69,87.1,149.8,321.4,0,44
7094,1.68,-1.3,88,147.8,-114.4,0,38
7095,1.7,0.45,87.7,149.1,39.5,0,36
7096,1.71,2.47,87.3,149.3,215.6,0,36
7097,1.62,-5.27,88.6,143.5,-466.9,0,30
7098,1.51,-1.13,88,132.9,-99.4,0,21
7099,1.25,-0.9,88,110,-79.2,0,19
7100,0.8,-0.48,88,70.4,-42.2,0,15
7101,0.67,2.76,87.4,58.6,241.2,0,14
7102,0.71,4.83,87.1,61.8,420.7,0,15
7103,0.83,-0.51,88,73,-44.9,0,10
7104,0.52,2.92,87.4,45.4,255.2,0,7
7105,0.43,-0.15,87.9,37.8,-13.2,0,5
7106,0.43,-0.15,87.9,37.8,-13.2,0,0
7107,0.46,-0.2,88,40.5,-17.6,0,0
7108,0.49,-0.22,88,43.1,-19.4,0,0
7109,0.56,-0.28,88,49.3,-24.6,0,0
7110,0.72,-0.44,88,63.4,-38.7,0,0
7111,0.5,-0.23,88,44,-20.2,0,0
7112,0.68,-0.39,88,59.8,-34.3,0,0
7113,1.06,-0.74,88,93.3,-65.1,0,0
7114,1.18,-0.85,88,103.8,-74.8,0,0
7115,1.34,-0.99,88.1,118.1,-87.2,0,0
7116,1.58,-1.22,88.1,139.2,-107.5,0,0
7117,1.6,-1.25,88.1,141,-110.1,0,0
7118,1.61,-1.26,88.1,141.8,-111,0,0
7119,1.71,-1.34,88.2,150.8,-118.2,0,0
7120,1.65,-1.28,88.2,145.5,-112.9,0,0
7121,1.71,-1.34,88.2,150.8,-118.2,0,0
7122,2.5,-2.06,88.3,220.8,-181.9,0,0
7123,5.96,-5.27,88.8,529.2,-468,0,0
7124,8.57,-7.69,89.2,764.4,-685.9,0,0
7125,9.28,-8.36,89.3,828.7,-746.5,0,0
7126,9.31,-8.38,89.3,831.4,-748.3,0,0
7127,9.4,-8.46,89.4,840.4,-756.3,0,0
7128,9.49,-8.55,89.5,849.4,-765.2,0,0
7129,9.6,-8.64,89.5,859.2,-773.3,0,0
7130,9.7,-8.74,89.5,868.2,-782.2,0,0
7131,9.77,-8.81,89.5,874.4,-788.5,0,0
7132,9.85,-8.89,89.6,882.6,-796.5,0,0
7133,9.94,-8.97,89.6,890.6,-803.7,0,0
7134,9.97,-9,89.6,893.3,-806.4,0,0
7135,9.89,-8.93,89.6,886.1,-800.1,0,0
7136,9.89,-8.93,89.7,887.1,-801,0,0
7137,9.9,-8.93,89.7,888,-801,0,0
7138,9.89,-8.93,89.8,888.1,-801.9,0,0
7139,9.87,-8.9,89.8,886.3,-799.2,0,0
7140,9.86,-8.89,89.8,885.4,-798.3,0,0
7141,9.86,-8.89,89.7,884.4,-797.4,0,0
7142,9.82,-8.86,89.8,881.8,-795.6,0,0
7143,9.84,-8.88,89.8,883.6,-797.4,0,0
7144,9.89,-8.92,89.8,888.1,-801,0,0
7145,9.99,-9.01,89.8,897.1,-809.1,0,0
7146,9.99,-9.01,89.8,897.1,-809.1,0,0
7147,9.99,-9.01,89.8,897.1,-809.1,0,0
7148,9.97,-9,89.9,896.3,-809.1,0,0
7149,9.96,-8.99,89.9,895.4,-808.2,0,0
7150,10.38,-9.38,90,934.2,-844.2,0,0
7151,10.31,-9.31,90,927.9,-837.9,0,0
7152,10.28,-9.29,90,925.2,-836.1,0,0
7153,10.28,-9.28,90,925.2,-835.2,0,0
7154,10.25,-9.26,90,922.5,-833.4,0,0
7155,10.25,-9.26,90,922.5,-833.4,0,0
7156,10.29,-9.3,90,926.1,-837,0,0
7157,10.25,-9.26,90,922.5,-833.4,0,0
7158,10.23,-9.24,90.1,921.7,-832.5,0,0
7159,10.23,-9.24,90.1,921.7,-832.5,0,0
7160,10.24,-9.25,90.1,922.6,-833.4,0,0
7161,10.24,-9.24,90.1,922.6,-832.5,0,0
7162,10.21,-9.22,90,918.9,-829.8,0,0
7163,10.21,-9.22,90.1,919.9,-830.7,0,0
7164,10.23,-9.24,90.1,921.7,-832.5,0,0
7165,10.23,-9.23,90.1,921.7,-831.6,0,0
7166,9.91,-8.94,90.1,892.9,-805.5,0,0
7167,9.93,-8.96,90.1,894.7,-807.3,0,0
7168,9.38,-8.45,90,844.2,-760.5,0,0
7169,9,-8.09,90,810,-728.1,0,0
7170,9.31,-8.39,90,837.9,-755.1,0,0
7171,8.52,-7.65,90,766.8,-688.5,0,0
7172,8.67,-7.78,90,780.3,-700.2,0,0
7173,8.43,-7.55,90,758.7,-679.5,0,0
7174,8.79,-7.9,90,791.1,-711,0,0
7175,8.82,-7.93,90,793.8,-713.7,0,0
7176,9.35,-8.42,90.1,842.4,-758.6,0,0
7177,8.83,-7.94,90,794.7,-714.6,0,0
7178,3.77,-3.24,89.3,336.7,-289.3,0,0
7179,1.28,-0.94,88.9,113.8,-83.6,0,0
7180,1.16,-0.83,88.9,103.1,-73.8,0,0
7181,1.2,-0.87,88.9,106.7,-77.3,0,0
7182,1.21,-0.88,88.9,107.6,-78.2,0,0
7183,1.22,-0.89,88.9,108.5,-79.1,0,0
7184,1.24,-0.91,88.9,110.2,-80.9,0,0
7185,1.49,-1.13,88.9,132.5,-100.5,0,0
7186,2.39,-1.96,89,212.7,-174.4,0,0
7187,3.18,-2.7,89.1,283.3,-240.6,0,0
7188,3.24,-2.75,89.1,288.7,-245,0,0
7189,3.55,-3.04,89.1,316.3,-270.9,0,0
7190,3.28,-2.78,89.1,292.2,-247.7,0,0
7191,3.59,-3.08,89.2,320.2,-274.7,0,0
7192,4.49,-3.91,89.2,400.5,-348.8,0,0
7193,5.26,-4.63,89.4,470.2,-413.9,0,0
7194,6.24,-5.53,89.5,558.5,-494.9,0,0
7195,7.06,-6.29,89.6,632.6,-563.6,0,0
7196,7.84,-7.02,89.8,704,-630.4,0,0
7197,8.52,-7.65,89.9,765.9,-687.7,0,0
7198,8.95,-8.05,90,805.5,-724.5,0,0
7199,9.07,-8.15,90,816.3,-733.5,0,0
7200,9.14,-8.22,90.1,823.5,-740.6,0,0
7201,9.25,-8.32,90.1,833.4,-749.6,0,0
7202,9.6,-8.65,90.1,865,-779.4,0,0
7203,9.54,-8.59,90.1,859.6,-774,0,0
7204,8.81,-7.91,90,792.9,-711.9,0,0
7205,6.83,-6.08,89.8,613.3,-546,0,0
7206,6.74,-6,89.8,605.3,-538.8,0,0
7207,8.12,-7.27,90,730.8,-654.3,0,0
7208,9.28,-8.35,90.1,836.1,-752.3,0,0
7209,9.58,-8.64,90.2,864.1,-779.3,0,0
7210,9.73,-8.77,90.3,878.6,-791.9,0,0
7211,9.75,-8.79,90.3,880.4,-793.7,0,0
7212,9.73,-8.77,90.3,878.6,-791.9,0,0
7213,9.75,-8.79,90.3,880.4,-793.7,0,0
7214,9.83,-8.87,90.3,887.6,-801,0,0
7215,9.79,-8.82,90.3,884,-796.4,0,0
7216,9.78,-8.82,90.3,883.1,-796.4,0,0
7217,9.73,-8.77,90.3,878.6,-791.9,0,0
7218,9.76,-8.8,90.3,881.3,-794.6,0,0
7219,9.72,-8.75,90.3,877.7,-790.1,0,0
7220,9.68,-8.72,90.3,874.1,-787.4,0,0
7221,9.66,-8.7,90.3,872.3,-785.6,0,0
7222,9.64,-8.69,90.3,870.5,-784.7,0,0
7223,9.47,-8.52,90.3,855.1,-769.4,0,0
7224,9.33,-8.39,90.3,842.5,-757.6,0,0
7225,9.52,-8.57,90.3,859.7,-773.9,0,0
7226,9.59,-8.63,90.3,866,-779.3,0,0
7227,9.6,-8.65,90.4,867.8,-782,0,0
7228,9.05,-8.14,90.3,817.2,-735,0,0
7229,8.52,-7.65,90.2,768.5,-690,0,0
7230,9.38,-8.43,90.3,847,-761.2,0,0
7231,9.53,-8.59,90.4,861.5,-776.5,0,0
7232,9.55,-8.61,90.4,863.3,-778.3,0,0
7233,9.58,-8.63,90.4,866,-780.2,0,0
7234,9.58,-8.63,90.4,866,-780.2,0,0
7235,9.58,-8.63,90.4,866,-780.2,0,0
7236,9.59,-8.65,90.4,866.9,-782,0,0
7237,9.61,-8.66,90.4,868.7,-782.9,0,0
7238,9.62,-8.67,90.4,869.6,-783.8,0,0
7239,9.6,-8.65,90.4,867.8,-782,0,0
7240,9.6,-8.65,90.4,867.8,-782,0,0
7241,9.57,-8.63,90.4,865.1,-780.2,0,0
7242,9.56,-8.61,90.4,864.2,-778.3,0,0
7243,9.54,-8.6,90.4,862.4,-777.4,0,0
7244,9.51,-8.56,90.4,859.7,-773.8,0,0
7245,9.5,-8.56,90.4,858.8,-773.8,0,0
7246,9.49,-8.55,90.4,857.9,-772.9,0,0
7247,9.47,-8.53,90.4,856.1,-771.1,0,0
7248,9.43,-8.49,90.4,852.5,-767.5,0,0
7249,9.42,-8.48,90.4,851.6,-766.6,0,0
7250,9.41,-8.47,90.4,850.7,-765.7,0,0
7251,9.38,-8.45,90.4,848,-763.9,0,0
7252,9.38,-8.44,90.4,848,-763,0,0
7253,9.36,-8.43,90.4,846.1,-762.1,0,0
7254,9.36,-8.42,90.4,846.1,-761.2,0,0
7255,9.33,-8.41,90.5,844.4,-761.1,0,0
7256,9.33,-8.4,90.5,844.4,-760.2,0,0
7257,9.31,-8.39,90.5,842.6,-759.3,0,0
7258,9.3,-8.38,90.4,840.7,-757.6,0,0
7259,9.3,-8.38,90.5,841.7,-758.4,0,0
7260,9.27,-8.34,90.5,838.9,-754.8,0,0
7261,9.29,-8.36,90.5,840.7,-756.6,0,0
7262,9.28,-8.36,90.5,839.8,-756.6,0,0
7263,9.28,-8.36,90.5,839.8,-756.6,0,0
7264,9.26,-8.34,90.5,838,-754.8,0,0
7265,9.27,-8.34,90.5,838.9,-754.8,0,0
7266,9.26,-8.32,90.5,838,-753,0,0
7267,9.26,-8.32,90.6,839,-753.8,0,0
7268,9.25,-8.32,90.6,838.1,-753.8,0,0
7269,9.24,-8.31,90.6,837.1,-752.9,0,0
7270,9.24,-8.3,90.5,836.2,-751.2,0,0
7271,9.24,-8.3,90.6,837.1,-752,0,0
7272,9.24,-8.3,90.6,837.1,-752,0,0
7273,9.23,-8.29,90.6,836.2,-751.1,0,0
7274,9.21,-8.29,90.6,834.4,-751.1,0,0
7275,9.2,-8.27,90.6,833.5,-749.3,0,0
7276,9.15,-8.24,90.6,829,-746.5,0,0
7277,9.16,-8.24,90.6,829.9,-746.5,0,0
7278,9.18,-8.25,90.6,831.7,-747.5,0,0
7279,9.19,-8.27,90.6,832.6,-749.3,0,0
7280,9.18,-8.26,90.6,831.7,-748.4,0,0
7281,9.19,-8.26,90.6,832.6,-748.4,0,0
7282,9.17,-8.25,90.6,830.8,-747.5,0,0
7283,9.17,-8.25,90.6,830.8,-747.5,0,0
7284,9.17,-8.24,90.6,830.8,-746.5,0,0
7285,9.15,-8.24,90.6,829,-746.5,0,0
7286,9.14,-8.23,90.6,828.1,-745.6,0,0
7287,9.14,-8.23,90.6,828.1,-745.6,0,0
7288,9.13,-8.22,90.6,827.2,-744.7,0,0
7289,9.16,-8.24,90.6,829.9,-746.5,0,0
7290,9.14,-8.21,90.6,828.1,-743.8,0,0
7291,9.14,-8.23,90.6,828.1,-745.6,0,0
7292,9.13,-8.22,90.6,827.2,-744.7,0,0
7293,9.13,-8.22,90.6,827.2,-744.7,0,0
7294,9.13,-8.21,90.6,827.2,-743.8,0,0
7295,9.13,-8.21,90.6,827.2,-743.8,0,0
7296,9.12,-8.2,90.6,826.3,-742.9,0,0
7297,9.12,-8.19,90.6,826.3,-742,0,0
7298,9.12,-8.21,90.7,827.2,-744.6,0,0
7299,9.13,-8.21,90.6,827.2,-743.8,0,0
7300,9.11,-8.18,90.6,825.4,-741.1,0,0
7301,9.11,-8.19,90.6,825.4,-742,0,0
7302,9.12,-8.2,90.6,826.3,-742.9,0,0
7303,9.1,-8.17,90.6,824.5,-740.2,0,0
7304,9.08,-8.16,90.6,822.6,-739.3,0,0
7305,9.07,-8.16,90.6,821.7,-739.3,0,0
7306,9.09,-8.18,90.7,824.5,-741.9,0,0
7307,9.1,-8.18,90.6,824.5,-741.1,0,0
7308,9.1,-8.17,90.7,825.4,-741,0,0
7309,9.08,-8.16,90.6,822.6,-739.3,0,0
7310,9.06,-8.15,90.7,821.7,-739.2,0,0
7311,9.07,-8.15,90.7,822.6,-739.2,0,0
7312,9.08,-8.16,90.7,823.6,-740.1,0,0
7313,9.06,-8.15,90.7,821.7,-739.2,0,0
7314,9.05,-8.14,90.7,820.8,-738.3,0,0
7315,9.06,-8.15,90.7,821.7,-739.2,0,0
7316,9.07,-8.15,90.7,822.6,-739.2,0,0
7317,9.05,-8.13,90.7,820.8,-737.4,0,0
7318,9.06,-8.14,90.7,821.7,-738.3,0,0
7319,9.05,-8.14,90.7,820.8,-738.3,0,0
7320,9.03,-8.12,90.7,819,-736.5,0,0
7321,9.01,-8.1,90.7,817.2,-734.7,0,0
7322,9.02,-8.12,90.7,818.1,-736.5,0,0
7323,9.01,-8.1,90.7,817.2,-734.7,0,0
7324,9.02,-8.11,90.7,818.1,-735.6,0,0
7325,9.01,-8.1,90.7,817.2,-734.7,0,0
7326,9.01,-8.1,90.7,817.2,-734.7,0,0
7327,8.99,-8.09,90.7,815.4,-733.8,0,0
7328,8.96,-8.06,90.7,812.7,-731,0,0
7329,8.99,-8.09,90.7,815.4,-733.8,0,0
7330,8.97,-8.06,90.7,813.6,-731,0,0
7331,8.97,-8.07,90.7,813.6,-731.9,0,0
7332,8.95,-8.05,90.7,811.8,-730.1,0,0
7333,8.97,-8.07,90.7,813.6,-731.9,0,0
7334,8.97,-8.06,90.7,813.6,-731,0,0
7335,8.95,-8.04,90.7,811.8,-729.2,0,0
7336,8.93,-8.02,90.7,810,-727.4,0,0
7337,8.93,-8.01,90.7,810,-726.5,0,0
7338,8.93,-8.02,90.7,810,-727.4,0,0
7339,8.93,-8.03,90.7,810,-728.3,0,0
7340,8.92,-8.02,90.7,809,-727.4,0,0
7341,8.89,-7.98,90.7,806.3,-723.8,0,0
7342,8.89,-7.98,90.7,806.3,-723.8,0,0
7343,8.88,-7.98,90.7,805.4,-723.8,0,0
7344,8.88,-7.98,90.8,806.3,-724.6,0,0
7345,8.89,-7.99,90.7,806.3,-724.7,0,0
7346,8.87,-7.96,90.8,805.4,-722.8,0,0
7347,8.86,-7.96,90.7,803.6,-722,0,0
7348,8.85,-7.95,90.8,803.6,-721.9,0,0
7349,8.83,-7.93,90.7,800.9,-719.3,0,0
7350,8.83,-7.93,90.8,801.8,-720,0,0
7351,8.83,-7.93,90.8,801.8,-720,0,0
7352,8.82,-7.93,90.8,800.9,-720,0,0
7353,8.78,-7.88,90.8,797.2,-715.5,0,0
7354,8.81,-7.91,90.8,799.9,-718.2,0,0
7355,8.79,-7.89,90.8,798.1,-716.4,0,0
7356,8.77,-7.87,90.8,796.3,-714.6,0,0
7357,8.76,-7.86,90.8,795.4,-713.7,0,0
7358,8.76,-7.86,90.8,795.4,-713.7,0,0
7359,8.75,-7.85,90.8,794.5,-712.8,0,0
7360,8.75,-7.86,90.9,795.4,-714.5,0,0
7361,8.75,-7.85,90.9,795.4,-713.6,0,0
7362,8.73,-7.84,90.9,793.6,-712.7,0,0
7363,8.75,-7.86,90.8,794.5,-713.7,0,0
7364,8.73,-7.84,90.8,792.7,-711.9,0,0
7365,8.71,-7.82,90.8,790.9,-710.1,0,0
7366,8.7,-7.81,90.9,790.8,-709.9,0,0
7367,8.68,-7.8,90.9,789,-709,0,0
7368,8.68,-7.79,90.9,789,-708.1,0,0
7369,8.68,-7.79,90.9,789,-708.1,0,0
7370,8.68,-7.79,90.9,789,-708.1,0,0
7371,8.67,-7.78,90.9,788.1,-707.2,0,0
7372,8.66,-7.78,90.9,787.2,-707.2,0,0
7373,8.64,-7.75,90.9,785.4,-704.5,0,0
7374,8.65,-7.76,90.8,785.4,-704.6,0,0
7375,8.65,-7.76,90.9,786.3,-705.4,0,0
7376,8.64,-7.75,90.9,785.4,-704.5,0,0
7377,8.63,-7.74,90.8,783.6,-702.8,0,0
7378,8.64,-7.75,90.9,785.4,-704.5,0,0
7379,8.62,-7.73,90.9,783.6,-702.7,0,0
7380,8.62,-7.74,90.9,783.6,-703.6,0,0
7381,8.63,-7.74,90.9,784.5,-703.6,0,0
7382,8.61,-7.71,90.9,782.6,-700.8,0,0
7383,8.59,-7.7,90.9,780.8,-699.9,0,0
7384,8.59,-7.7,90.9,780.8,-699.9,0,0
7385,8.58,-7.71,90.9,779.9,-700.8,0,0
7386,8.64,-7.75,90.9,785.4,-704.5,0,0
7387,8.65,-7.77,90.9,786.3,-706.3,0,0
7388,8.66,-7.78,90.9,787.2,-707.2,0,0
7389,8.74,-7.84,90.9,794.5,-712.7,0,0
7390,8.67,-7.78,90.9,788.1,-707.2,0,0
7391,8.63,-7.75,90.9,784.5,-704.5,0,0
7392,8.62,-7.73,90.9,783.6,-702.7,0,0
7393,8.59,-7.7,90.9,780.8,-699.9,0,0
7394,8.58,-7.7,90.9,779.9,-699.9,0,0
7395,8.56,-7.68,90.9,778.1,-698.1,0,0
7396,8.54,-7.66,90.9,776.3,-696.3,0,0
7397,8.51,-7.64,90.9,773.6,-694.5,0,0
7398,8.47,-7.6,90.9,769.9,-690.8,0,0
7399,8.48,-7.62,90.9,770.8,-692.7,0,0
7400,8.51,-7.64,90.9,773.6,-694.5,0,0
7401,8.51,-7.63,90.9,773.6,-693.6,0,0
7402,8.49,-7.62,90.9,771.7,-692.7,0,0
7403,8.51,-7.63,90.9,773.6,-693.6,0,0
7404,8.54,-7.67,90.9,776.3,-697.2,0,0
7405,8.55,-7.67,90.9,777.2,-697.2,0,0
7406,8.53,-7.66,90.9,775.4,-696.3,0,0
7407,8.52,-7.65,90.9,774.5,-695.4,0,0
7408,8.52,-7.65,90.9,774.5,-695.4,0,0
7409,8.51,-7.65,90.9,773.6,-695.4,0,0
7410,8.51,-7.64,91,774.4,-695.2,0,0
7411,8.54,-7.66,91,777.1,-697.1,0,0
7412,8.53,-7.65,90.9,775.4,-695.4,0,0
7413,8.52,-7.65,91,775.3,-696.2,0,0
7414,8.49,-7.61,91,772.6,-692.5,0,0
7415,8.49,-7.62,90.9,771.7,-692.7,0,0
7416,8.49,-7.63,91,772.6,-694.3,0,0
7417,8.48,-7.61,91,771.7,-692.5,0,0
7418,8.47,-7.6,91,770.8,-691.6,0,0
7419,8.46,-7.59,90.9,769,-689.9,0,0
7420,8.44,-7.57,91,768,-688.9,0,0
7421,8.45,-7.58,91,769,-689.8,0,0
7422,8.44,-7.57,90.9,767.2,-688.1,0,0
7423,8.43,-7.55,91,767.1,-687.1,0,0
7424,8.41,-7.54,91,765.3,-686.1,0,0
7425,8.37,-7.51,91,761.7,-683.4,0,0
7426,8.36,-7.49,91,760.8,-681.6,0,0
7427,8.38,-7.52,91,762.6,-684.3,0,0
7428,8.37,-7.5,91,761.7,-682.5,0,0
7429,8.37,-7.5,91,761.7,-682.5,0,0
7430,8.35,-7.49,91,759.9,-681.6,0,0
7431,8.35,-7.5,91,759.9,-682.5,0,0
7432,8.35,-7.49,91,759.9,-681.6,0,0
7433,8.34,-7.48,91,758.9,-680.7,0,0
7434,8.31,-7.45,91,756.2,-678,0,0
7435,8.32,-7.46,91,757.1,-678.9,0,0
7436,8.52,-7.65,91,775.3,-696.2,0,0
7437,8.5,-7.63,91,773.5,-694.3,0,0
7438,8.5,-7.62,91,773.5,-693.4,0,0
7439,8.5,-7.63,91,773.5,-694.3,0,0
7440,8.51,-7.64,91,774.4,-695.2,0,0
7441,8.51,-7.63,91,774.4,-694.3,0,0
7442,8.49,-7.62,91,772.6,-693.4,0,0
7443,8.48,-7.6,91,771.7,-691.6,0,0
7444,8.46,-7.59,91,769.9,-690.7,0,0
7445,8.46,-7.59,91,769.9,-690.7,0,0
7446,8.46,-7.6,91,769.9,-691.6,0,0
7447,8.47,-7.6,91,770.8,-691.6,0,0
7448,8.42,-7.55,91,766.2,-687.1,0,0
7449,8.43,-7.55,91,767.1,-687.1,0,0
7450,8.44,-7.57,91,768,-688.9,0,0
7451,8.44,-7.57,91,768,-688.9,0,0
7452,8.44,-7.57,91.1,768.9,-689.6,0,0
7453,8.43,-7.55,91,767.1,-687.1,0,0
7454,8.4,-7.53,91.1,765.2,-686,0,0
7455,8.38,-7.52,91.1,763.4,-685.1,0,0
7456,8.36,-7.5,91.1,761.6,-683.3,0,0
7457,8.39,-7.52,91,763.5,-684.3,0,0
7458,8.35,-7.49,91.1,760.7,-682.3,0,0
7459,8.34,-7.48,91,758.9,-680.7,0,0
7460,8.32,-7.46,91.1,758,-679.6,0,0
7461,8.32,-7.45,91.1,758,-678.7,0,0
7462,8.32,-7.45,91.1,758,-678.7,0,0
7463,8.31,-7.45,91.1,757,-678.7,0,0
7464,8.31,-7.44,91.1,757,-677.8,0,0
7465,8.3,-7.43,91.1,756.1,-676.9,0,0
7466,8.27,-7.41,91.1,753.4,-675.1,0,0
7467,8.25,-7.39,91.1,751.6,-673.2,0,0
7468,8.28,-7.41,91.1,754.3,-675.1,0,0
7469,8.28,-7.42,91.1,754.3,-676,0,0
7470,8.27,-7.4,91.2,754.2,-674.9,0,0
7471,8.24,-7.38,91.1,750.7,-672.3,0,0
7472,8.23,-7.38,91.1,749.8,-672.3,0,0
7473,8.23,-7.37,91.1,749.8,-671.4,0,0
7474,8.23,-7.36,91.1,749.8,-670.5,0,0
7475,8.23,-7.38,91.2,750.6,-673.1,0,0
7476,8.23,-7.37,91.1,749.8,-671.4,0,0
7477,8.22,-7.36,91.2,749.7,-671.2,0,0
7478,8.23,-7.37,91.2,750.6,-672.1,0,0
7479,8.21,-7.35,91.2,748.8,-670.3,0,0
7480,8.18,-7.33,91.2,746,-668.5,0,0
7481,8.17,-7.33,91.2,745.1,-668.5,0,0
7482,8.16,-7.31,91.1,743.4,-665.9,0,0
7483,8.19,-7.33,91.1,746.1,-667.8,0,0
7484,8.18,-7.34,91.2,746,-669.4,0,0
7485,8.2,-7.34,91.2,747.8,-669.4,0,0
7486,8.18,-7.33,91.2,746,-668.5,0,0
7487,8.18,-7.32,91.2,746,-667.6,0,0
7488,8.15,-7.3,91.2,743.3,-665.8,0,0
7489,8.15,-7.29,91.2,743.3,-664.8,0,0
7490,8.14,-7.29,91.2,742.4,-664.8,0,0
7491,8.13,-7.27,91.2,741.5,-663,0,0
7492,8.12,-7.26,91.2,740.5,-662.1,0,0
7493,8.12,-7.27,91.2,740.5,-663,0,0
7494,8.11,-7.26,91.2,739.6,-662.1,0,0
7495,8.11,-7.27,91.2,739.6,-663,0,0
7496,8.13,-7.28,91.2,741.5,-663.9,0,0
7497,8.1,-7.25,91.2,738.7,-661.2,0,0
7498,8.08,-7.24,91.2,736.9,-660.3,0,0
7499,8.06,-7.23,91.2,735.1,-659.4,0,0
7500,8.07,-7.23,91.2,736,-659.4,0,0
7501,8.06,-7.22,91.2,735.1,-658.5,0,0
7502,8.04,-7.2,91.2,733.2,-656.6,0,0
7503,8.08,-7.23,91.2,736.9,-659.4,0,0
7504,8.08,-7.23,91.2,736.9,-659.4,0,0
7505,8.06,-7.22,91.2,735.1,-658.5,0,0
7506,8.06,-7.21,91.2,735.1,-657.6,0,0
7507,8.02,-7.19,91.2,731.4,-655.7,0,0
7508,8,-7.16,91.2,729.6,-653,0,0
7509,8.01,-7.17,91.2,730.5,-653.9,0,0
7510,8.01,-7.18,91.2,730.5,-654.8,0,0
7511,8.01,-7.18,91.2,730.5,-654.8,0,0
7512,8.01,-7.17,91.2,730.5,-653.9,0,0
7513,8,-7.17,91.2,729.6,-653.9,0,0
7514,7.98,-7.15,91.2,727.8,-652.1,0,0
7515,7.96,-7.12,91.2,726,-649.3,0,0
7516,7.95,-7.12,91.2,725,-649.3,0,0
7517,7.92,-7.09,91.2,722.3,-646.6,0,0
7518,7.9,-7.07,91.2,720.5,-644.8,0,0
7519,7.9,-7.08,91.2,720.5,-645.7,0,0
7520,7.89,-7.05,91.2,719.6,-643,0,0
7521,7.9,-7.07,91.2,720.5,-644.8,0,0
7522,7.88,-7.06,91.2,718.7,-643.9,0,0
7523,7.87,-7.04,91.2,717.7,-642,0,0
7524,7.85,-7,91.2,715.9,-638.4,0,0
7525,7.8,-6.97,91.2,711.4,-635.7,0,0
7526,7.81,-6.98,91.3,713.1,-637.3,0,0
7527,7.81,-6.97,91.2,712.3,-635.7,0,0
7528,7.79,-6.96,91.2,710.4,-634.8,0,0
7529,7.8,-6.97,91.2,711.4,-635.7,0,0
7530,7.81,-6.98,91.2,712.3,-636.6,0,0
7531,7.79,-6.97,91.2,710.4,-635.7,0,0
7532,7.77,-6.95,91.2,708.6,-633.8,0,0
7533,7.78,-6.96,91.2,709.5,-634.8,0,0
7534,7.76,-6.94,91.2,707.7,-632.9,0,0
7535,7.73,-6.91,91.2,705,-630.2,0,0
7536,7.71,-6.9,91.2,703.2,-629.3,0,0
7537,7.71,-6.9,91.2,703.2,-629.3,0,0
7538,7.71,-6.9,91.3,703.9,-630,0,0
7539,7.71,-6.9,91.2,703.2,-629.3,0,0
7540,7.71,-6.9,91.2,703.2,-629.3,0,0
7541,7.71,-6.9,91.3,703.9,-630,0,0
7542,7.72,-6.89,91.3,704.8,-629.1,0,0
7543,7.72,-6.9,91.2,704.1,-629.3,0,0
7544,7.71,-6.89,91.3,703.9,-629.1,0,0
7545,7.7,-6.88,91.3,703,-628.1,0,0
7546,7.69,-6.88,91.3,702.1,-628.1,0,0
7547,7.69,-6.88,91.3,702.1,-628.1,0,0
7548,7.67,-6.86,91.3,700.3,-626.3,0,0
7549,7.66,-6.85,91.3,699.4,-625.4,0,0
7550,7.65,-6.84,91.3,698.4,-624.5,0,0
7551,7.64,-6.83,91.3,697.5,-623.6,0,0
7552,7.65,-6.84,91.3,698.4,-624.5,0,0
7553,7.63,-6.82,91.2,695.9,-622,0,0
7554,7.64,-6.83,91.3,697.5,-623.6,0,0
7555,7.65,-6.83,91.3,698.4,-623.6,0,0
7556,7.62,-6.81,91.3,695.7,-621.8,0,0
7557,7.61,-6.79,91.3,694.8,-619.9,0,0
7558,7.57,-6.76,91.3,691.1,-617.2,0,0
7559,7.56,-6.75,91.3,690.2,-616.3,0,0
7560,7.54,-6.74,91.3,688.4,-615.4,0,0
7561,7.53,-6.72,91.3,687.5,-613.5,0,0
7562,7.52,-6.71,91.3,686.6,-612.6,0,0
7563,7.49,-6.68,91.3,683.8,-609.9,0,0
7564,7.48,-6.68,91.3,682.9,-609.9,0,0
7565,7.5,-6.7,91.3,684.8,-611.7,0,0
7566,7.48,-6.68,91.3,682.9,-609.9,0,0
7567,7.47,-6.66,91.3,682,-608.1,0,0
7568,7.44,-6.65,91.3,679.3,-607.1,0,0
7569,7.4,-6.61,91.3,675.6,-603.5,0,0
7570,7.37,-6.58,91.3,672.9,-600.8,0,0
7571,7.35,-6.56,91.3,671.1,-598.9,0,0
7572,7.32,-6.52,91.3,668.3,-595.3,0,0
7573,7.31,-6.52,91.3,667.4,-595.3,0,0
7574,7.33,-6.53,91.3,669.2,-596.2,0,0
7575,7.34,-6.55,91.3,670.1,-598,0,0
7576,7.36,-6.57,91.3,672,-599.8,0,0
7577,7.35,-6.57,91.3,671.1,-599.8,0,0
7578,7.36,-6.58,91.3,672,-600.8,0,0
7579,7.35,-6.55,91.3,671.1,-598,0,0
7580,7.32,-6.54,91.3,668.3,-597.1,0,0
7581,7.31,-6.53,91.3,667.4,-596.2,0,0
7582,7.31,-6.52,91.3,667.4,-595.3,0,0
7583,7.3,-6.5,91.3,666.5,-593.5,0,0
7584,7.27,-6.48,91.3,663.8,-591.6,0,0
7585,7.26,-6.48,91.3,662.8,-591.6,0,0
7586,7.26,-6.48,91.2,662.1,-591,0,0
7587,7.25,-6.46,91.3,661.9,-589.8,0,0
7588,7.25,-6.47,91.3,661.9,-590.7,0,0
7589,7.23,-6.46,91.3,660.1,-589.8,0,0
7590,7.23,-6.45,91.3,660.1,-588.9,0,0
7591,7.22,-6.44,91.3,659.2,-588,0,0
7592,7.2,-6.42,91.3,657.4,-586.1,0,0
7593,7.2,-6.42,91.3,657.4,-586.1,0,0
7594,7.19,-6.41,91.3,656.4,-585.2,0,0
7595,7.19,-6.41,91.3,656.4,-585.2,0,0
7596,7.18,-6.4,91.3,655.5,-584.3,0,0
7597,7.16,-6.38,91.3,653.7,-582.5,0,0
7598,7.14,-6.36,91.3,651.9,-580.7,0,0
7599,7.14,-6.37,91.3,651.9,-581.6,0,0
7600,7.15,-6.36,91.3,652.8,-580.7,0,0
7601,7.14,-6.35,91.3,651.9,-579.8,0,0
7602,7.13,-6.36,91.3,651,-580.7,0,0
7603,7.13,-6.36,91.3,651,-580.7,0,0
7604,7.12,-6.36,91.3,650.1,-580.7,0,0
7605,7.13,-6.36,91.3,651,-580.7,0,0
7606,7.12,-6.34,91.3,650.1,-578.8,0,0
7607,7.12,-6.34,91.3,650.1,-578.8,0,0
7608,7.12,-6.34,91.3,650.1,-578.8,0,0
7609,7.1,-6.33,91.3,648.2,-577.9,0,0
7610,7.11,-6.33,91.3,649.1,-577.9,0,0
7611,7.1,-6.32,91.3,648.2,-577,0,0
7612,7.07,-6.3,91.3,645.5,-575.2,0,0
7613,7.06,-6.3,91.3,644.6,-575.2,0,0
7614,7.05,-6.29,91.3,643.7,-574.3,0,0
7615,7.04,-6.28,91.3,642.8,-573.4,0,0
7616,7.03,-6.26,91.3,641.8,-571.5,0,0
7617,7.02,-6.25,91.3,640.9,-570.6,0,0
7618,7.02,-6.25,91.3,640.9,-570.6,0,0
7619,7.01,-6.23,91.3,640,-568.8,0,0
7620,7,-6.23,91.3,639.1,-568.8,0,0
7621,6.99,-6.22,91.3,638.2,-567.9,0,0
7622,6.98,-6.21,91.3,637.3,-567,0,0
7623,6.98,-6.2,91.3,637.3,-566.1,0,0
7624,6.89,-6.13,91.3,629.1,-559.7,0,0
7625,6.79,-6.04,91.3,619.9,-551.5,0,0
7626,6.82,-6.07,91.3,622.7,-554.2,0,0
7627,6.94,-6.18,91.3,633.6,-564.2,0,0
7628,6.9,-6.14,91.3,630,-560.6,0,0
7629,6.62,-5.88,91.3,604.4,-536.8,0,0
7630,6.18,-5.47,91.3,564.2,-499.4,0,0
7631,5.73,-5.05,91.2,522.6,-460.6,0,0
7632,5.3,-4.65,91.2,483.4,-424.1,0,0
7633,4.97,-4.35,91.1,452.8,-396.3,0,0
7634,4.81,-4.2,91,437.7,-382.2,0,0
7635,4.71,-4.11,91,428.6,-374,0,0
7636,4.64,-4.04,91,422.2,-367.6,0,0
7637,4.82,-4.21,91,438.6,-383.1,0,3
7638,5.21,-4.58,91.2,475.2,-417.7,0,0
7639,5.45,-4.8,91.2,497,-437.8,0,0
7640,5.49,-4.83,91.2,500.7,-440.5,0,0
7641,5.54,-4.87,91.2,505.2,-444.1,0,0
7642,5.6,-4.93,91.2,510.7,-449.6,0,0
7643,5.67,-5.01,91.2,517.1,-456.9,0,0
7644,5.79,-5.11,91.2,528,-466,0,0
7645,5.98,-5.29,91.2,545.4,-482.4,0,0
7646,6.12,-5.42,91.3,558.8,-494.8,0,0
7647,6.17,-5.47,91.3,563.3,-499.4,0,0
7648,5.94,-5.25,91.3,542.3,-479.3,0,0
7649,5.52,-4.86,91.2,503.4,-443.2,0,0
7650,5.13,-4.49,91.2,467.9,-409.5,0,0
7651,4.83,-4.22,91.2,440.5,-384.9,0,0
7652,4.88,-4.26,91.2,445.1,-388.5,0,0
7653,5.05,-4.42,91.2,460.6,-403.1,0,0
7654,5.39,-4.74,91.2,491.6,-432.3,0,0
7655,5.72,-5.05,91.2,521.7,-460.6,0,0
7656,5.97,-5.28,91.3,545.1,-482.1,0,0
7657,6.27,-5.55,91.3,572.5,-506.7,0,0
7658,6.46,-5.73,91.3,589.8,-523.1,0,0
7659,6.53,-5.79,91.3,596.2,-528.6,0,0
7660,6.55,-5.81,91.3,598,-530.5,0,0
7661,6.55,-5.8,91.3,598,-529.5,0,0
7662,6.53,-5.79,91.3,596.2,-528.6,0,0
7663,6.53,-5.79,91.3,596.2,-528.6,0,0
7664,6.5,-5.76,91.3,593.5,-525.9,0,0
7665,6.51,-5.78,91.3,594.4,-527.7,0,0
7666,6.47,-5.74,91.3,590.7,-524.1,0,0
7667,6.45,-5.72,91.3,588.9,-522.2,0,0
7668,6.44,-5.71,91.3,588,-521.3,0,0
7669,6.45,-5.72,91.4,589.5,-522.8,0,0
7670,6.44,-5.71,91.4,588.6,-521.9,0,0
7671,6.45,-5.72,91.3,588.9,-522.2,0,0
7672,6.43,-5.7,91.4,587.7,-521,0,0
7673,6.41,-5.69,91.3,585.2,-519.5,0,0
7674,6.36,-5.64,91.3,580.7,-514.9,0,0
7675,6.38,-5.66,91.4,583.1,-517.3,0,0
7676,6.35,-5.62,91.3,579.8,-513.1,0,0
7677,6.36,-5.63,91.3,580.7,-514,0,0
7678,6.34,-5.61,91.3,578.8,-512.2,0,0
7679,6.33,-5.61,91.3,577.9,-512.2,0,0
7680,6.32,-5.6,91.4,577.6,-511.8,0,0
7681,6.32,-5.6,91.4,577.6,-511.8,0,0
7682,6.3,-5.58,91.4,575.8,-510,0,0
7683,6.27,-5.55,91.4,573.1,-507.3,0,0
7684,6.26,-5.55,91.4,572.2,-507.3,0,0
7685,6.27,-5.56,91.4,573.1,-508.2,0,0
7686,6.23,-5.53,91.4,569.4,-505.4,0,0
7687,6.22,-5.52,91.4,568.5,-504.5,0,0
7688,6.21,-5.5,91.4,567.6,-502.7,0,0
7689,6.16,-5.46,91.4,563,-499,0,0
7690,6.15,-5.46,91.4,562.1,-499,0,0
7691,6.17,-5.47,91.4,563.9,-500,0,0
7692,6.17,-5.46,91.4,563.9,-499,0,0
7693,6.14,-5.44,91.4,561.2,-497.2,0,0
7694,6.16,-5.45,91.4,563,-498.1,0,0
7695,6.14,-5.45,91.4,561.2,-498.1,0,0
7696,6.14,-5.44,91.4,561.2,-497.2,0,0
7697,6.1,-5.41,91.5,558.2,-495,0,0
7698,6.11,-5.41,91.5,559.1,-495,0,0
7699,6.06,-5.36,91.5,554.5,-490.4,0,0
7700,6.05,-5.35,91.4,553,-489,0,0
7701,6.03,-5.34,91.4,551.1,-488.1,0,0
7702,6.04,-5.34,91.4,552.1,-488.1,0,0
7703,6.04,-5.35,91.4,552.1,-489,0,0
7704,6.04,-5.35,91.4,552.1,-489,0,0
7705,6.02,-5.32,91.4,550.2,-486.2,0,0
7706,6,-5.3,91.4,548.4,-484.4,0,0
7707,5.99,-5.29,91.4,547.5,-483.5,0,0
7708,5.96,-5.28,91.4,544.7,-482.6,0,0
7709,5.98,-5.28,91.5,547.2,-483.1,0,0
7710,5.97,-5.29,91.5,546.3,-484,0,0
7711,5.93,-5.24,91.4,542,-478.9,0,0
7712,5.95,-5.27,91.5,544.4,-482.2,0,0
7713,5.9,-5.22,91.5,539.9,-477.6,0,0
7714,5.89,-5.2,91.4,538.3,-475.3,0,0
7715,5.88,-5.2,91.4,537.4,-475.3,0,0
7716,5.9,-5.21,91.4,539.3,-476.2,0,0
7717,5.9,-5.22,91.5,539.9,-477.6,0,0
7718,5.88,-5.19,91.4,537.4,-474.4,0,0
7719,5.86,-5.17,91.5,536.2,-473.1,0,0
7720,5.84,-5.16,91.4,533.8,-471.6,0,0
7721,5.81,-5.13,91.5,531.6,-469.4,0,0
7722,5.81,-5.13,91.5,531.6,-469.4,0,0
7723,5.8,-5.12,91.5,530.7,-468.5,0,0
7724,5.82,-5.14,91.4,531.9,-469.8,0,0
7725,5.8,-5.13,91.4,530.1,-468.9,0,0
7726,5.77,-5.11,91.4,527.4,-467.1,0,0
7727,5.75,-5.08,91.5,526.1,-464.8,0,0
7728,5.73,-5.07,91.4,523.7,-463.4,0,0
7729,5.73,-5.06,91.5,524.3,-463,0,0
7730,5.71,-5.04,91.4,521.9,-460.7,0,0
7731,5.73,-5.06,91.5,524.3,-463,0,0
7732,5.7,-5.03,91.5,521.6,-460.2,0,0
7733,5.68,-5.01,91.5,519.7,-458.4,0,0
7734,5.66,-4.99,91.5,517.9,-456.6,0,0
7735,5.64,-4.97,91.5,516.1,-454.8,0,0
7736,5.62,-4.95,91.4,513.7,-452.4,0,0
7737,5.63,-4.96,91.4,514.6,-453.3,0,0
7738,5.62,-4.95,91.4,513.7,-452.4,0,0
7739,5.63,-4.96,91.5,515.1,-453.8,0,0
7740,5.6,-4.94,91.5,512.4,-452,0,0
7741,5.59,-4.92,91.5,511.5,-450.2,0,0
7742,5.55,-4.88,91.4,507.3,-446,0,0
7743,5.57,-4.9,91.5,509.7,-448.4,0,0
7744,5.55,-4.89,91.5,507.8,-447.4,0,0
7745,5.55,-4.89,91.4,507.3,-446.9,0,0
7746,5.54,-4.87,91.5,506.9,-445.6,0,0
7747,5.52,-4.86,91.5,505.1,-444.7,0,3
7748,5.52,-4.85,91.5,505.1,-443.8,0,3
7749,5.5,-4.84,91.4,502.7,-442.4,0,2
7750,5.48,-4.83,91.5,501.4,-441.9,0,0
7751,5.46,-4.81,91.5,499.6,-440.1,0,0
7752,5.46,-4.81,91.5,499.6,-440.1,0,3
7753,5.46,-4.81,91.5,499.6,-440.1,0,0
7754,5.47,-4.82,91.5,500.5,-441,0,3
7755,5.45,-4.79,91.4,498.1,-437.8,0,0
7756,5.44,-4.78,91.5,497.8,-437.4,0,3
7757,5.44,-4.78,91.5,497.8,-437.4,0,3
7758,5.43,-4.78,91.5,496.8,-437.4,0,3
7759,5.41,-4.75,91.5,495,-434.6,0,3
7760,5.37,-4.72,91.5,491.4,-431.9,0,2
7761,5.38,-4.73,91.5,492.3,-432.8,0,2
7762,5.4,-4.74,91.5,494.1,-433.7,0,2
7763,5.39,-4.73,91.5,493.2,-432.8,0,0
7764,5.37,-4.72,91.5,491.4,-431.9,0,0
7765,5.34,-4.69,91.5,488.6,-429.1,0,0
7766,5.31,-4.67,91.5,485.9,-427.3,0,0
7767,5.29,-4.64,91.5,484,-424.6,0,0
7768,5.28,-4.63,91.5,483.1,-423.6,0,0
7769,5.25,-4.62,91.5,480.4,-422.7,0,0
7770,5.26,-4.63,91.5,481.3,-423.6,0,0
7771,5.26,-4.62,91.5,481.3,-422.7,0,0
7772,5.25,-4.61,91.5,480.4,-421.8,0,0
7773,5.24,-4.6,91.5,479.5,-420.9,0,0
7774,5.22,-4.58,91.5,477.6,-419.1,0,0
7775,5.21,-4.57,91.4,476.2,-417.7,0,0
7776,5.17,-4.54,91.5,473.1,-415.4,0,0
7777,5.12,-4.5,91.5,468.5,-411.8,0,0
7778,5.12,-4.5,91.5,468.5,-411.8,0,0
7779,5.1,-4.47,91.5,466.7,-409,0,0
7780,5.09,-4.45,91.5,465.7,-407.2,0,0
7781,5.07,-4.43,91.4,463.4,-404.9,0,0
7782,5.05,-4.42,91.5,462.1,-404.4,0,0
7783,5.02,-4.4,91.4,458.8,-402.2,0,0
7784,5.01,-4.38,91.5,458.4,-400.8,0,0
7785,5.05,-4.42,91.4,461.6,-404,0,0
7786,5.07,-4.44,91.5,463.9,-406.3,0,0
7787,5.06,-4.43,91.5,463,-405.3,0,0
7788,5.04,-4.41,91.5,461.2,-403.5,0,0
7789,5.05,-4.41,91.5,462.1,-403.5,0,0
7790,5.02,-4.39,91.4,458.8,-401.2,0,0
7791,4.95,-4.34,91.5,452.9,-397.1,0,0
7792,4.94,-4.31,91.5,452,-394.4,0,0
7793,4.93,-4.31,91.5,451.1,-394.4,0,0
7794,4.91,-4.29,91.5,449.3,-392.5,0,0
7795,4.91,-4.3,91.4,448.8,-393,0,0
7796,4.85,-4.24,91.4,443.3,-387.5,0,0
7797,4.89,-4.26,91.4,446.9,-389.4,0,0
7798,4.9,-4.27,91.5,448.4,-390.7,0,0
7799,4.86,-4.25,91.5,444.7,-388.9,0,0
7800,4.86,-4.25,91.5,444.7,-388.9,0,2
7801,4.86,-4.24,91.4,444.2,-387.5,0,0
7802,4.86,-4.24,91.5,444.7,-388,0,0
7803,4.85,-4.24,91.5,443.8,-388,0,0
7804,4.83,-4.22,91.4,441.5,-385.7,0,0
7805,4.82,-4.21,91.5,441,-385.2,0,0
7806,4.81,-4.19,91.5,440.1,-383.4,0,0
7807,4.8,-4.19,91.4,438.7,-383,0,0
7808,4.79,-4.18,91.5,438.3,-382.5,0,0
7809,4.78,-4.17,91.5,437.4,-381.6,0,0
7810,4.77,-4.17,91.4,436,-381.1,0,0
7811,4.76,-4.16,91.5,435.5,-380.6,0,0
7812,4.75,-4.14,91.5,434.6,-378.8,0,0
7813,4.74,-4.13,91.4,433.2,-377.5,0,0
7814,4.72,-4.11,91.5,431.9,-376.1,0,0
7815,4.69,-4.1,91.4,428.7,-374.7,0,0
7816,4.68,-4.08,91.5,428.2,-373.3,0,0
7817,4.67,-4.07,91.4,426.8,-372,0,0
7818,4.65,-4.05,91.5,425.5,-370.6,0,0
7819,4.64,-4.05,91.5,424.6,-370.6,0,0
7820,4.63,-4.04,91.5,423.6,-369.7,0,0
7821,4.61,-4.01,91.5,421.8,-366.9,0,0
7822,4.59,-4,91.4,419.5,-365.6,0,0
7823,4.58,-3.98,91.5,419.1,-364.2,0,0
7824,4.57,-3.97,91.5,418.2,-363.3,0,0
7825,4.55,-3.97,91.5,416.3,-363.3,0,0
7826,4.54,-3.95,91.5,415.4,-361.4,0,0
7827,4.42,-3.84,91.5,404.4,-351.4,0,0
7828,4.23,-3.66,91.3,386.2,-334.2,0,0
7829,3.95,-3.39,91.3,360.6,-309.5,0,0
7830,3.64,-3.11,91.3,332.3,-283.9,0,0
7831,3.35,-2.85,91.2,305.5,-259.9,0,0
7832,3.11,-2.63,91.2,283.6,-239.9,0,0
7833,2.9,-2.44,91.2,264.5,-222.5,0,0
7834,2.76,-2.3,91.2,251.7,-209.8,0,0
7835,2.67,-2.2,91.2,243.5,-200.6,0,0
7836,2.65,-2.19,91.2,241.7,-199.7,0,0
7837,2.68,-2.22,91.2,244.4,-202.5,0,0
7838,2.73,-2.27,91.2,249,-207,0,0
7839,2.82,-2.35,91.2,257.2,-214.3,0,0
7840,2.89,-2.43,91.2,263.6,-221.6,0,0
7841,3.01,-2.53,91.2,274.5,-230.7,0,0
7842,3.19,-2.71,91.2,290.9,-247.2,0,0
7843,3.39,-2.88,91.2,309.2,-262.7,0,0
7844,3.58,-3.06,91.2,326.5,-279.1,0,0
7845,3.78,-3.24,91.3,345.1,-295.8,0,0
7846,3.8,-3.26,91.3,346.9,-297.6,0,0
7847,3.94,-3.4,91.3,359.7,-310.4,0,0
7848,4.04,-3.49,91.3,368.9,-318.6,0,0
7849,4.08,-3.52,91.3,372.5,-321.4,0,0
7850,4.11,-3.55,91.3,375.2,-324.1,0,0
7851,4.12,-3.56,91.3,376.2,-325,0,0
7852,4.12,-3.56,91.3,376.2,-325,0,0
7853,4.12,-3.56,91.3,376.2,-325,0,0
7854,4.11,-3.56,91.3,375.2,-325,0,0
7855,4.1,-3.54,91.3,374.3,-323.2,0,0
7856,4.09,-3.53,91.3,373.4,-322.3,0,0
7857,4.07,-3.52,91.3,371.6,-321.4,0,0
7858,4.06,-3.51,91.3,370.7,-320.5,0,0
7859,4.05,-3.49,91.3,369.8,-318.6,0,0
7860,4.03,-3.48,91.3,367.9,-317.7,0,0
7861,3.97,-3.43,91.3,362.5,-313.2,0,0
7862,3.96,-3.41,91.3,361.5,-311.3,0,0
7863,3.94,-3.4,91.3,359.7,-310.4,0,0
7864,3.98,-3.43,91.3,363.4,-313.2,0,0
7865,3.97,-3.43,91.3,362.5,-313.2,0,0
7866,3.96,-3.41,91.4,361.9,-311.7,0,0
7867,3.93,-3.39,91.3,358.8,-309.5,0,0
7868,3.91,-3.37,91.3,357,-307.7,0,0
7869,3.84,-3.3,91.3,350.6,-301.3,0,0
7870,3.84,-3.31,91.3,350.6,-302.2,0,0
7871,3.83,-3.28,91.3,349.7,-299.5,0,0
7872,3.83,-3.29,91.3,349.7,-300.4,0,0
7873,3.83,-3.31,91.3,349.7,-302.2,0,0
7874,3.83,-3.29,91.3,349.7,-300.4,0,0
7875,3.82,-3.29,91.3,348.8,-300.4,0,0
7876,3.81,-3.27,91.3,347.9,-298.6,0,0
7877,3.8,-3.26,91.3,346.9,-297.6,0,0
7878,3.78,-3.25,91.3,345.1,-296.7,0,0
7879,3.77,-3.23,91.3,344.2,-294.9,0,0
7880,3.74,-3.23,91.3,341.5,-294.9,0,0
7881,3.72,-3.2,91.3,339.6,-292.2,0,0
7882,3.72,-3.18,91.3,339.6,-290.3,0,0
7883,3.69,-3.17,91.3,336.9,-289.4,0,0
7884,3.68,-3.15,91.3,336,-287.6,0,0
7885,3.67,-3.14,91.3,335.1,-286.7,0,0
7886,3.65,-3.13,91.3,333.2,-285.8,0,0
7887,3.64,-3.11,91.3,332.3,-283.9,0,0
7888,3.62,-3.09,91.3,330.5,-282.1,0,0
7889,3.61,-3.08,91.3,329.6,-281.2,0,0
7890,3.59,-3.07,91.3,327.8,-280.3,0,0
7891,3.57,-3.05,91.3,325.9,-278.5,0,0
7892,3.54,-3.04,91.3,323.2,-277.6,0,0
7893,3.54,-3.03,91.3,323.2,-276.6,0,0
7894,3.53,-3.02,91.3,322.3,-275.7,0,0
7895,3.51,-3,91.3,320.5,-273.9,0,0
7896,3.5,-2.99,91.3,319.6,-273,0,0
7897,3.49,-2.98,91.3,318.6,-272.1,0,0
7898,3.47,-2.96,91.3,316.8,-270.2,0,0
7899,3.46,-2.96,91.3,315.9,-270.2,0,0
7900,3.45,-2.94,91.3,315,-268.4,0,0
7901,3.44,-2.92,91.3,314.1,-266.6,0,0
7902,3.43,-2.91,91.3,313.2,-265.7,0,0
7903,3.42,-2.91,91.3,312.2,-265.7,0,0
7904,3.4,-2.89,91.3,310.4,-263.9,0,0
7905,3.39,-2.89,91.3,309.5,-263.9,0,0
7906,3.37,-2.86,91.3,307.7,-261.1,0,0
7907,3.36,-2.85,91.3,306.8,-260.2,0,0
7908,3.35,-2.84,91.3,305.9,-259.3,0,0
7909,3.33,-2.82,91.3,304,-257.5,0,0
7910,3.31,-2.81,91.3,302.2,-256.6,0,0
7911,3.31,-2.8,91.3,302.2,-255.6,0,0
7912,3.29,-2.79,91.3,300.4,-254.7,0,0
7913,3.27,-2.78,91.3,298.6,-253.8,0,0
7914,3.25,-2.76,91.3,296.7,-252,0,0
7915,3.25,-2.75,91.3,296.7,-251.1,0,0
7916,3.24,-2.74,91.3,295.8,-250.2,0,0
7917,3.21,-2.72,91.3,293.1,-248.3,0,0
7918,3.2,-2.72,91.3,292.2,-248.3,0,0
7919,3.18,-2.69,91.3,290.3,-245.6,0,0
7920,3.16,-2.67,91.3,288.5,-243.8,0,0
7921,3.15,-2.65,91.3,287.6,-241.9,0,0
7922,3.12,-2.63,91.3,284.9,-240.1,0,0
7923,3.1,-2.61,91.3,283,-238.3,0,0
7924,3.09,-2.6,91.3,282.1,-237.4,0,0
7925,3.07,-2.59,91.3,280.3,-236.5,0,0
7926,3.05,-2.57,91.3,278.5,-234.6,0,0
7927,3.03,-2.56,91.3,276.6,-233.7,0,0
7928,3.02,-2.54,91.3,275.7,-231.9,0,0
7929,3.01,-2.54,91.3,274.8,-231.9,0,0
7930,3,-2.51,91.3,273.9,-229.2,0,0
7931,2.97,-2.48,91.2,270.9,-226.2,0,0
7932,2.96,-2.48,91.3,270.2,-226.4,0,0
7933,2.94,-2.46,91.3,268.4,-224.6,0,0
7934,2.92,-2.45,91.3,266.6,-223.7,0,0
7935,2.91,-2.43,91.3,265.7,-221.9,0,0
7936,2.88,-2.42,91.3,262.9,-220.9,0,0
7937,2.87,-2.4,91.3,262,-219.1,0,0
7938,2.86,-2.37,91.3,261.1,-216.4,0,0
7939,2.83,-2.36,91.3,258.4,-215.5,0,0
7940,2.81,-2.33,91.3,256.6,-212.7,0,0
7941,2.78,-2.32,91.3,253.8,-211.8,0,0
7942,2.76,-2.3,91.3,252,-210,0,0
7943,2.73,-2.27,91.2,249,-207,0,0
7944,2.72,-2.27,91.2,248.1,-207,0,0
7945,2.7,-2.25,91.3,246.5,-205.4,0,0
7946,2.68,-2.22,91.3,244.7,-202.7,0,0
7947,2.67,-2.21,91.3,243.8,-201.8,0,0
7948,2.65,-2.2,91.3,241.9,-200.9,0,0
7949,2.64,-2.18,91.2,240.8,-198.8,0,0
7950,2.63,-2.17,91.2,239.9,-197.9,0,0
7951,2.6,-2.15,91.3,237.4,-196.3,0,0
7952,2.58,-2.13,91.3,235.6,-194.5,0,0
7953,2.56,-2.12,91.3,233.7,-193.6,0,0
7954,2.54,-2.11,91.3,231.9,-192.6,0,0
7955,2.54,-2.1,91.3,231.9,-191.7,0,0
7956,2.52,-2.08,91.2,229.8,-189.7,0,0
7957,2.49,-2.06,91.3,227.3,-188.1,0,0
7958,2.48,-2.04,91.2,226.2,-186,0,0
7959,2.47,-2.03,91.2,225.3,-185.1,0,0
7960,2.45,-2.02,91.2,223.4,-184.2,0,0
7961,2.44,-2.01,91.2,222.5,-183.3,0,0
7962,2.43,-2,91.3,221.9,-182.6,0,0
7963,2.4,-1.98,91.2,218.9,-180.6,0,0
7964,2.39,-1.96,91.2,218,-178.8,0,0
7965,2.38,-1.95,91.2,217.1,-177.8,0,0
7966,2.36,-1.95,91.2,215.2,-177.8,0,0
7967,2.35,-1.92,91.2,214.3,-175.1,0,0
7968,2.33,-1.91,91.2,212.5,-174.2,0,0
7969,2.32,-1.9,91.2,211.6,-173.3,0,0
7970,2.31,-1.89,91.2,210.7,-172.4,0,0
7971,2.29,-1.88,91.2,208.8,-171.5,0,0
7972,2.27,-1.85,91.2,207,-168.7,0,0
7973,2.25,-1.84,91.2,205.2,-167.8,0,0
7974,2.24,-1.83,91.2,204.3,-166.9,0,0
7975,2.22,-1.81,91.2,202.5,-165.1,0,0
7976,2.2,-1.79,91.2,200.6,-163.2,0,0
7977,2.18,-1.77,91.2,198.8,-161.4,0,0
7978,2.17,-1.76,91.2,197.9,-160.5,0,0
7979,2.15,-1.74,91.2,196.1,-158.7,0,0
7980,2.12,-1.71,91.2,193.3,-156,0,0
7981,2.11,-1.7,91.2,192.4,-155,0,0
7982,2.09,-1.7,91.2,190.6,-155,0,0
7983,2.07,-1.67,91.2,188.8,-152.3,0,0
7984,2.06,-1.65,91.2,187.9,-150.5,0,0
7985,2.03,-1.63,91.2,185.1,-148.7,0,0
7986,2.02,-1.61,91.2,184.2,-146.8,0,0
7987,2.01,-1.6,91.2,183.3,-145.9,0,0
7988,1.98,-1.59,91.2,180.6,-145,0,0
7989,1.96,-1.57,91.2,178.8,-143.2,0,0
7990,1.92,-1.53,91.2,175.1,-139.5,0,0
7991,1.87,-1.49,91.2,170.5,-135.9,0,0
7992,1.83,-1.44,91.2,166.9,-131.3,0,0
7993,1.8,-1.42,91.2,164.2,-129.5,0,0
7994,1.78,-1.4,91.2,162.3,-127.7,0,0
7995,1.75,-1.38,91.2,159.6,-125.9,0,0
7996,1.73,-1.35,91.2,157.8,-123.1,0,0
7997,1.7,-1.33,91.2,155,-121.3,0,0
7998,1.68,-1.3,91.2,153.2,-118.6,0,0
7999,1.67,-1.3,91.2,152.3,-118.6,0,0
8000,1.66,-1.28,91.1,151.2,-116.6,0,0
8001,1.65,-1.28,91.2,150.5,-116.7,0,0
8002,1.64,-1.27,91.2,149.6,-115.8,0,0
8003,1.64,-1.27,91.2,149.6,-115.8,0,0
8004,1.64,-1.27,91.2,149.6,-115.8,0,0
8005,1.64,-1.27,91.2,149.6,-115.8,0,0
8006,1.63,-1.27,91.2,148.7,-115.8,0,0
8007,1.63,-1.26,91.2,148.7,-114.9,0,0
8008,1.62,-1.26,91.2,147.7,-114.9,0,0
8009,1.62,-1.25,91.2,147.7,-114,0,0
8010,1.61,-1.24,91.2,146.8,-113.1,0,0
8011,1.6,-1.24,91.1,145.8,-113,0,0
8012,1.6,-1.24,91.2,145.9,-113.1,0,0
8013,1.58,-1.22,91.1,143.9,-111.1,0,0
8014,1.58,-1.22,91.2,144.1,-111.3,0,0
8015,1.57,-1.2,91.2,143.2,-109.4,0,0
8016,1.56,-1.2,91.1,142.1,-109.3,0,0
8017,1.54,-1.17,91.1,140.3,-106.6,0,0
8018,1.53,-1.17,91.1,139.4,-106.6,0,0
8019,1.52,-1.16,91.1,138.5,-105.7,0,0
8020,1.51,-1.15,91.1,137.6,-104.8,0,0
8021,1.5,-1.14,91.2,136.8,-104,0,0
8022,1.48,-1.12,91.1,134.8,-102,0,0
8023,1.46,-1.1,91.1,133,-100.2,0,0
8024,1.45,-1.09,91.1,132.1,-99.3,0,0
8025,1.4,-1.05,91.1,127.5,-95.7,0,0
8026,1.39,-1.04,91.1,126.6,-94.7,0,0
8027,1.37,-1.02,91.1,124.8,-92.9,0,0
8028,1.34,-1,91.1,122.1,-91.1,0,0
8029,1.32,-0.98,91.1,120.3,-89.3,0,0
8030,1.3,-0.96,91,118.3,-87.4,0,0
8031,1.29,-0.95,91.1,117.5,-86.5,0,0
8032,1.27,-0.93,91,115.6,-84.6,0,0
8033,1.25,-0.92,91,113.8,-83.7,0,0
8034,1.23,-0.9,91,111.9,-81.9,0,0
8035,1.2,-0.86,91,109.2,-78.3,0,0
8036,1.17,-0.83,91,106.5,-75.5,0,0
8037,1.14,-0.8,91,103.7,-72.8,0,0
8038,1.11,-0.8,91,101,-72.8,0,0
8039,1.05,-0.73,91,95.6,-66.4,0,0
8040,1.02,-0.7,91,92.8,-63.7,0,0
8041,0.98,-0.67,91,89.2,-61,0,0
8042,0.94,-0.64,91,85.5,-58.2,0,0
8043,0.89,-0.58,91,81,-52.8,0,0
8044,0.85,-0.54,91,77.4,-49.1,0,0
8045,0.8,-0.5,91,72.8,-45.5,0,0
8046,0.75,-0.47,91,68.3,-42.8,0,0
8047,0.7,-0.41,91,63.7,-37.3,0,0
8048,0.65,-0.36,91,59.2,-32.8,0,0
8049,0.6,-0.32,91,54.6,-29.1,0,0
8050,0.56,-0.28,90.9,50.9,-25.5,0,0
8051,0.51,-0.24,91,46.4,-21.8,0,0
8052,0.47,-0.2,90.9,42.7,-18.2,0,0
8053,0.43,-0.16,90.9,39.1,-14.5,0,0
8054,0.39,-0.13,90.9,35.5,-11.8,0,0
8055,0.35,-0.09,90.9,31.8,-8.2,0,0
8056,0.33,-0.07,90.9,30,-6.4,0,0
8057,0.31,-0.06,90.9,28.2,-5.5,0,0
8058,0.29,-0.04,90.9,26.4,-3.6,0,0
8059,0.27,-0.02,90.9,24.5,-1.8,0,0
8060,0.25,-0.01,90.9,22.7,-0.9,0,0
8061,0.23,0,90.9,20.9,0,0,0
8062,0.21,0.02,90.9,19.1,1.8,0,0
8063,0.18,0.03,90.9,16.4,2.7,0,0
8064,0.15,0.06,90.9,13.6,5.5,0,0
8065,0.13,0.08,90.9,11.8,7.3,0,0
8066,0.11,0.09,90.9,10,8.2,0,0
8067,0.09,0.11,90.9,8.2,10,0,0
8068,0.08,0.11,90.9,7.3,10,0,0
8069,0.07,0.12,90.9,6.4,10.9,0,0
8070,0.07,0.13,90.9,6.4,11.8,0,0
8071,0.07,0.13,90.9,6.4,11.8,0,0
8072,0.06,0.13,90.9,5.5,11.8,0,0
8073,0.06,0.13,90.9,5.5,11.8,0,0
8074,0.06,0.14,90.9,5.5,12.7,0,0
8075,0.05,0.14,90.9,4.5,12.7,0,0
8076,0.06,0.13,90.9,5.5,11.8,0,0
8077,0.05,0.14,90.9,4.5,12.7,0,0
8078,0.06,0.14,90.9,5.5,12.7,0,0
8079,0.04,0.14,90.9,3.6,12.7,0,0
8080,0.05,0.14,90.9,4.5,12.7,0,0
8081,0.05,0.14,90.9,4.5,12.7,0,0
8082,0.05,0.15,90.9,4.5,13.6,0,0
8083,0.03,0.17,90.9,2.7,15.5,0,0
8084,0.03,0.17,90.9,2.7,15.5,0,0
8085,0.03,0.17,90.9,2.7,15.5,0,0
8086,0.04,0.15,90.9,3.6,13.6,0,0
8087,0.04,0.16,90.9,3.6,14.5,0,0
8088,0.04,0.16,90.9,3.6,14.5,0,0
8089,0.03,0.17,90.9,2.7,15.5,0,0
8090,0.02,0.17,90.8,1.8,15.4,0,0
,,,,,,,
温度データ記録=,1分間隔,,,,,,
データ数=,677,,,,,,
No,Temp[℃],,,,,,
1,12,,,,,,
2,12,,,,,,
3,12,,,,,,
4,12,,,,,,
5,12,,,,,,
6,12,,,,,,
7,12,,,,,,
8,12,,,,,,
9,12,,,,,,
10,12,,,,,,
11,12,,,,,,
12,12,,,,,,
13,12,,,,,,
14,12,,,,,,
15,12,,,,,,
16,12,,,,,,
17,12,,,,,,
18,13,,,,,,
19,12,,,,,,
20,12,,,,,,
21,13,,,,,,
22,13,,,,,,
23,13,,,,,,
24,13,,,,,,
25,13,,,,,,
26,13,,,,,,
27,13,,,,,,
28,13,,,,,,
29,13,,,,,,
30,13,,,,,,
31,13,,,,,,
32,13,,,,,,
33,13,,,,,,
34,13,,,,,,
35,13,,,,,,
36,13,,,,,,
37,13,,,,,,
38,13,,,,,,
39,13,,,,,,
40,13,,,,,,
41,13,,,,,,
42,13,,,,,,
43,13,,,,,,
44,13,,,,,,
45,13,,,,,,
46,13,,,,,,
47,13,,,,,,
48,13,,,,,,
49,13,,,,,,
50,13,,,,,,
51,13,,,,,,
52,13,,,,,,
53,13,,,,,,
54,13,,,,,,
55,14,,,,,,
56,14,,,,,,
57,14,,,,,,
58,14,,,,,,
59,14,,,,,,
60,15,,,,,,
61,15,,,,,,
62,15,,,,,,
63,15,,,,,,
64,15,,,,,,
65,15,,,,,,
66,15,,,,,,
67,15,,,,,,
68,15,,,,,,
69,15,,,,,,
70,13,,,,,,
71,13,,,,,,
72,15,,,,,,
73,15,,,,,,
74,15,,,,,,
75,15,,,,,,
76,15,,,,,,
77,15,,,,,,
78,15,,,,,,
79,15,,,,,,
80,15,,,,,,
81,15,,,,,,
82,15,,,,,,
83,15,,,,,,
84,15,,,,,,
85,15,,,,,,
86,15,,,,,,
87,15,,,,,,
88,15,,,,,,
89,15,,,,,,
90,15,,,,,,
91,15,,,,,,
92,15,,,,,,
93,15,,,,,,
94,15,,,,,,
95,16,,,,,,
96,16,,,,,,
97,16,,,,,,
98,16,,,,,,
99,16,,,,,,
100,16,,,,,,
101,16,,,,,,
102,16,,,,,,
103,16,,,,,,
104,16,,,,,,
105,16,,,,,,
106,16,,,,,,
107,16,,,,,,
108,16,,,,,,
109,16,,,,,,
110,16,,,,,,
111,16,,,,,,
112,16,,,,,,
113,16,,,,,,
114,16,,,,,,
115,16,,,,,,
116,16,,,,,,
117,16,,,,,,
118,16,,,,,,
119,16,,,,,,
120,16,,,,,,
121,16,,,,,,
122,16,,,,,,
123,17,,,,,,
124,17,,,,,,
125,17,,,,,,
126,17,,,,,,
127,17,,,,,,
128,17,,,,,,
129,17,,,,,,
130,17,,,,,,
131,17,,,,,,
132,17,,,,,,
133,17,,,,,,
134,17,,,,,,
135,17,,,,,,
136,17,,,,,,
137,17,,,,,,
138,17,,,,,,
139,17,,,,,,
140,17,,,,,,
141,17,,,,,,
142,17,,,,,,
143,17,,,,,,
144,17,,,,,,
145,17,,,,,,
146,17,,,,,,
147,17,,,,,,
148,17,,,,,,
149,17,,,,,,
150,17,,,,,,
151,17,,,,,,
152,17,,,,,,
153,17,,,,,,
154,17,,,,,,
155,18,,,,,,
156,18,,,,,,
157,18,,,,,,
158,18,,,,,,
159,18,,,,,,
160,18,,,,,,
161,18,,,,,,
162,18,,,,,,
163,18,,,,,,
164,18,,,,,,
165,18,,,,,,
166,18,,,,,,
167,18,,,,,,
168,18,,,,,,
169,18,,,,,,
170,18,,,,,,
171,18,,,,,,
172,18,,,,,,
173,18,,,,,,
174,18,,,,,,
175,18,,,,,,
176,18,,,,,,
177,18,,,,,,
178,18,,,,,,
179,18,,,,,,
180,18,,,,,,
181,18,,,,,,
182,18,,,,,,
183,18,,,,,,
184,18,,,,,,
185,18,,,,,,
186,18,,,,,,
187,18,,,,,,
188,18,,,,,,
189,18,,,,,,
190,18,,,,,,
191,18,,,,,,
192,18,,,,,,
193,18,,,,,,
194,18,,,,,,
195,18,,,,,,
196,19,,,,,,
197,19,,,,,,
198,19,,,,,,
199,19,,,,,,
200,19,,,,,,
201,19,,,,,,
202,19,,,,,,
203,19,,,,,,
204,19,,,,,,
205,19,,,,,,
206,19,,,,,,
207,19,,,,,,
208,19,,,,,,
209,19,,,,,,
210,19,,,,,,
211,19,,,,,,
212,19,,,,,,
213,19,,,,,,
214,19,,,,,,
215,19,,,,,,
216,19,,,,,,
217,19,,,,,,
218,19,,,,,,
219,19,,,,,,
220,19,,,,,,
221,19,,,,,,
222,19,,,,,,
223,19,,,,,,
224,19,,,,,,
225,19,,,,,,
226,19,,,,,,
227,19,,,,,,
228,19,,,,,,
229,19,,,,,,
230,19,,,,,,
231,19,,,,,,
232,19,,,,,,
233,19,,,,,,
234,19,,,,,,
235,19,,,,,,
236,19,,,,,,
237,19,,,,,,
238,19,,,,,,
239,19,,,,,,
240,19,,,,,,
241,19,,,,,,
242,19,,,,,,
243,19,,,,,,
244,19,,,,,,
245,19,,,,,,
246,19,,,,,,
247,19,,,,,,
248,19,,,,,,
249,19,,,,,,
250,19,,,,,,
251,19,,,,,,
252,19,,,,,,
253,19,,,,,,
254,19,,,,,,
255,19,,,,,,
256,19,,,,,,
257,19,,,,,,
258,19,,,,,,
259,19,,,,,,
260,19,,,,,,
261,19,,,,,,
262,19,,,,,,
263,19,,,,,,
264,19,,,,,,
265,19,,,,,,
266,19,,,,,,
267,19,,,,,,
268,19,,,,,,
269,19,,,,,,
270,19,,,,,,
271,19,,,,,,
272,19,,,,,,
273,19,,,,,,
274,20,,,,,,
275,20,,,,,,
276,20,,,,,,
277,20,,,,,,
278,20,,,,,,
279,20,,,,,,
280,20,,,,,,
281,20,,,,,,
282,20,,,,,,
283,20,,,,,,
284,20,,,,,,
285,20,,,,,,
286,20,,,,,,
287,20,,,,,,
288,20,,,,,,
289,20,,,,,,
290,20,,,,,,
291,20,,,,,,
292,20,,,,,,
293,20,,,,,,
294,20,,,,,,
295,20,,,,,,
296,20,,,,,,
297,20,,,,,,
298,20,,,,,,
299,20,,,,,,
300,20,,,,,,
301,20,,,,,,
302,20,,,,,,
303,21,,,,,,
304,21,,,,,,
305,21,,,,,,
306,21,,,,,,
307,21,,,,,,
308,21,,,,,,
309,21,,,,,,
310,21,,,,,,
311,21,,,,,,
312,21,,,,,,
313,21,,,,,,
314,21,,,,,,
315,21,,,,,,
316,21,,,,,,
317,21,,,,,,
318,21,,,,,,
319,21,,,,,,
320,21,,,,,,
321,21,,,,,,
322,21,,,,,,
323,21,,,,,,
324,21,,,,,,
325,21,,,,,,
326,21,,,,,,
327,21,,,,,,
328,21,,,,,,
329,21,,,,,,
330,21,,,,,,
331,21,,,,,,
332,21,,,,,,
333,21,,,,,,
334,21,,,,,,
335,22,,,,,,
336,22,,,,,,
337,22,,,,,,
338,22,,,,,,
339,22,,,,,,
340,22,,,,,,
341,22,,,,,,
342,22,,,,,,
343,22,,,,,,
344,22,,,,,,
345,22,,,,,,
346,22,,,,,,
347,22,,,,,,
348,22,,,,,,
349,22,,,,,,
350,22,,,,,,
351,22,,,,,,
352,22,,,,,,
353,22,,,,,,
354,22,,,,,,
355,22,,,,,,
356,22,,,,,,
357,22,,,,,,
358,22,,,,,,
359,22,,,,,,
360,22,,,,,,
361,22,,,,,,
362,21,,,,,,
363,22,,,,,,
364,22,,,,,,
365,22,,,,,,
366,22,,,,,,
367,22,,,,,,
368,22,,,,,,
369,21,,,,,,
370,22,,,,,,
371,22,,,,,,
372,22,,,,,,
373,22,,,,,,
374,22,,,,,,
375,22,,,,,,
376,22,,,,,,
377,22,,,,,,
378,22,,,,,,
379,22,,,,,,
380,22,,,,,,
381,22,,,,,,
382,22,,,,,,
383,22,,,,,,
384,22,,,,,,
385,22,,,,,,
386,22,,,,,,
387,22,,,,,,
388,22,,,,,,
389,22,,,,,,
390,22,,,,,,
391,22,,,,,,
392,22,,,,,,
393,22,,,,,,
394,22,,,,,,
395,22,,,,,,
396,22,,,,,,
397,22,,,,,,
398,22,,,,,,
399,22,,,,,,
400,22,,,,,,
401,22,,,,,,
402,22,,,,,,
403,22,,,,,,
404,22,,,,,,
405,22,,,,,,
406,22,,,,,,
407,22,,,,,,
408,22,,,,,,
409,22,,,,,,
410,23,,,,,,
411,22,,,,,,
412,22,,,,,,
413,22,,,,,,
414,22,,,,,,
415,22,,,,,,
416,23,,,,,,
417,23,,,,,,
418,23,,,,,,
419,23,,,,,,
420,23,,,,,,
421,23,,,,,,
422,23,,,,,,
423,23,,,,,,
424,23,,,,,,
425,23,,,,,,
426,23,,,,,,
427,23,,,,,,
428,23,,,,,,
429,23,,,,,,
430,23,,,,,,
431,23,,,,,,
432,23,,,,,,
433,23,,,,,,
434,23,,,,,,
435,23,,,,,,
436,23,,,,,,
437,23,,,,,,
438,23,,,,,,
439,23,,,,,,
440,23,,,,,,
441,23,,,,,,
442,23,,,,,,
443,23,,,,,,
444,23,,,,,,
445,23,,,,,,
446,23,,,,,,
447,23,,,,,,
448,23,,,,,,
449,23,,,,,,
450,23,,,,,,
451,23,,,,,,
452,23,,,,,,
453,22,,,,,,
454,23,,,,,,
455,23,,,,,,
456,23,,,,,,
457,23,,,,,,
458,23,,,,,,
459,23,,,,,,
460,23,,,,,,
461,23,,,,,,
462,23,,,,,,
463,23,,,,,,
464,23,,,,,,
465,23,,,,,,
466,23,,,,,,
467,23,,,,,,
468,23,,,,,,
469,23,,,,,,
470,23,,,,,,
471,23,,,,,,
472,23,,,,,,
473,22,,,,,,
474,23,,,,,,
475,23,,,,,,
476,23,,,,,,
477,23,,,,,,
478,23,,,,,,
479,23,,,,,,
480,23,,,,,,
481,23,,,,,,
482,23,,,,,,
483,23,,,,,,
484,23,,,,,,
485,23,,,,,,
486,23,,,,,,
487,23,,,,,,
488,23,,,,,,
489,23,,,,,,
490,23,,,,,,
491,23,,,,,,
492,22,,,,,,
493,22,,,,,,
494,22,,,,,,
495,22,,,,,,
496,22,,,,,,
497,21,,,,,,
498,22,,,,,,
499,22,,,,,,
500,22,,,,,,
501,22,,,,,,
502,22,,,,,,
503,22,,,,,,
504,22,,,,,,
505,22,,,,,,
506,22,,,,,,
507,22,,,,,,
508,22,,,,,,
509,22,,,,,,
510,22,,,,,,
511,22,,,,,,
512,22,,,,,,
513,21,,,,,,
514,21,,,,,,
515,21,,,,,,
516,21,,,,,,
517,21,,,,,,
518,21,,,,,,
519,21,,,,,,
520,21,,,,,,
521,21,,,,,,
522,21,,,,,,
523,21,,,,,,
524,21,,,,,,
525,21,,,,,,
526,21,,,,,,
527,21,,,,,,
528,21,,,,,,
529,21,,,,,,
530,21,,,,,,
531,21,,,,,,
532,21,,,,,,
533,21,,,,,,
534,20,,,,,,
535,20,,,,,,
536,20,,,,,,
537,20,,,,,,
538,20,,,,,,
539,20,,,,,,
540,20,,,,,,
541,20,,,,,,
542,20,,,,,,
543,20,,,,,,
544,20,,,,,,
545,20,,,,,,
546,20,,,,,,
547,20,,,,,,
548,20,,,,,,
549,20,,,,,,
550,20,,,,,,
551,20,,,,,,
552,20,,,,,,
553,20,,,,,,
554,21,,,,,,
555,21,,,,,,
556,21,,,,,,
557,21,,,,,,
558,21,,,,,,
559,21,,,,,,
560,21,,,,,,
561,21,,,,,,
562,21,,,,,,
563,21,,,,,,
564,21,,,,,,
565,21,,,,,,
566,21,,,,,,
567,21,,,,,,
568,21,,,,,,
569,21,,,,,,
570,21,,,,,,
571,21,,,,,,
572,21,,,,,,
573,21,,,,,,
574,21,,,,,,
575,21,,,,,,
576,21,,,,,,
577,21,,,,,,
578,21,,,,,,
579,21,,,,,,
580,21,,,,,,
581,21,,,,,,
582,21,,,,,,
583,21,,,,,,
584,21,,,,,,
585,21,,,,,,
586,20,,,,,,
587,20,,,,,,
588,20,,,,,,
589,20,,,,,,
590,20,,,,,,
591,20,,,,,,
592,20,,,,,,
593,20,,,,,,
594,20,,,,,,
595,20,,,,,,
596,20,,,,,,
597,20,,,,,,
598,20,,,,,,
599,20,,,,,,
600,20,,,,,,
601,19,,,,,,
602,19,,,,,,
603,19,,,,,,
604,19,,,,,,
605,19,,,,,,
606,19,,,,,,
607,19,,,,,,
608,19,,,,,,
609,19,,,,,,
610,19,,,,,,
611,19,,,,,,
612,19,,,,,,
613,19,,,,,,
614,19,,,,,,
615,19,,,,,,
616,19,,,,,,
617,19,,,,,,
618,19,,,,,,
619,19,,,,,,
620,19,,,,,,
621,19,,,,,,
622,19,,,,,,
623,19,,,,,,
624,19,,,,,,
625,19,,,,,,
626,19,,,,,,
627,19,,,,,,
628,19,,,,,,
629,18,,,,,,
630,19,,,,,,
631,18,,,,,,
632,18,,,,,,
633,18,,,,,,
634,19,,,,,,
635,18,,,,,,
636,18,,,,,,
637,18,,,,,,
638,18,,,,,,
639,18,,,,,,
640,18,,,,,,
641,18,,,,,,
642,18,,,,,,
643,18,,,,,,
644,18,,,,,,
645,18,,,,,,
646,18,,,,,,
647,18,,,,,,
648,18,,,,,,
649,18,,,,,,
650,18,,,,,,
651,18,,,,,,
652,18,,,,,,
653,18,,,,,,
654,18,,,,,,
655,18,,,,,,
656,18,,,,,,
657,18,,,,,,
658,18,,,,,,
659,18,,,,,,
660,18,,,,,,
661,18,,,,,,
662,18,,,,,,
663,18,,,,,,
664,18,,,,,,
665,17,,,,,,
666,17,,,,,,
667,17,,,,,,
668,17,,,,,,
669,17,,,,,,
670,17,,,,,,
671,17,,,,,,
672,17,,,,,,
673,17,,,,,,
674,17,,,,,,
675,17,,,,,,
676,17,,,,,,
677,17,,,,,,
,,,,,,,
周回回数=,43,,,,,,
No,LapTime_sec[秒],Lap_Motort_Wh[Wh],,,,,
1,526,83.2,,,,,
2,3611,653.5,,657.0692164,,,
3,674,141.4,,,,,
4,555,104,,,,,
5,2707,205.2,,,,,
6,526,148.2,,18.63228178,,,
7,500,143.2,,,,,
8,536,139.7,,,,,
9,467,136.3,,,,,
10,521,142.1,,,,,
11,523,155.1,,,,,
12,526,121.8,,,,,
13,534,150.2,,,,,
14,562,145,,,,,
15,491,114.4,,,,,
16,536,130.1,,,,,
17,528,130.7,,,,,
18,531,132.5,,,,,
19,534,140.7,,,,,
20,579,164.3,,,,,
21,495,124.3,,,,,
22,526,142.7,,,,,
23,532,148.3,,,,,
24,543,157.4,,,,,
25,560,147.9,,,,,
26,507,124.8,,,,,
27,556,160.6,,,,,
28,537,127.5,,,,,
29,700,171,,,,,
30,499,127.1,,,,,
31,499,113.7,,,,,
32,501,122.4,,,,,
33,470,108.8,,,,,
34,553,141.3,,,,,
35,490,131.1,,,,,
36,549,128.2,,,,,
37,573,133.5,,,,,
38,603,126.7,,,,,
39,514,129.1,,,,,
40,616,137.9,,,,,
41,3775,198.4,,,,,
42,2034,302.8,,,,,
43,14,0.2,,,,,
,,,,,,,
,,6487.3,,,,,
