===== xelatex pass 1 =====
This is XeTeX, Version 3.141592653-2.6-0.999997 (MiKTeX 25.12) (preloaded format=xelatex.fmt)
 restricted \write18 enabled.
entering extended mode

(C:/Users/user/OneDrive - 和歌山大学/ソーラー/エネマネ/solar_ws0129-main/docs/program_refere
nce_complete_20260729/tex/35_scripts_run_vehicle_identification_py.tex
LaTeX2e <2025-11-01>
L3 programming layer <2025-12-24>
(C:\Users\user\AppData\Local\Programs\MiKTeX\tex/latex/base\article.cls
Document Class: article 2025/01/22 v1.4n Standard LaTeX document class
(C:\Users\user\AppData\Local\Programs\MiKTeX\tex/latex/base\size11.clo))
(C:\Users\user\AppData\Local\Programs\MiKTeX\tex/latex/geometry\geometry.sty
(C:\Users\user\AppData\Local\Programs\MiKTeX\tex/latex/graphics\keyval.sty)
(C:\Users\user\AppData\Local\Programs\MiKTeX\tex/generic/iftex\ifvtex.sty
(C:\Users\user\AppData\Local\Programs\MiKTeX\tex/generic/iftex\iftex.sty))
(C:\Users\user\AppData\Local\Programs\MiKTeX\tex/latex/geometry\geometry.cfg))
(C:\Users\user\AppData\Local\Programs\MiKTeX\tex/latex/fontspec\fontspec.sty
(C:\Users\user\AppData\Local\Programs\MiKTeX\tex/latex/l3packages/xparse\xparse
.sty (C:\Users\user\AppData\Local\Programs\MiKTeX\tex/latex/l3kernel\expl3.sty
(C:\Users\user\AppData\Local\Programs\MiKTeX\tex/latex/l3backend\l3backend-xete
x.def)))
(C:\Users\user\AppData\Local\Programs\MiKTeX\tex/latex/fontspec\fontspec-xetex.
sty (C:\Users\user\AppData\Local\Programs\MiKTeX\tex/latex/base\fontenc.sty)
(C:\Users\user\AppData\Local\Programs\MiKTeX\tex/latex/fontspec\fontspec.cfg)))
(C:\Users\user\AppData\Local\Programs\MiKTeX\tex/xelatex/xecjk\xeCJK.sty
(C:\Users\user\AppData\Local\Programs\MiKTeX\tex/latex/ctex\ctexhook.sty)
(C:\Users\user\AppData\Local\Programs\MiKTeX\tex/latex/l3packages/xtemplate\xte
mplate.sty)
(C:\Users\user\AppData\Local\Programs\MiKTeX\tex/xelatex/xecjk\xeCJK.cfg))
(C:\Users\user\AppData\Local\Programs\MiKTeX\tex/latex/booktabs\booktabs.sty)
(C:\Users\user\AppData\Local\Programs\MiKTeX\tex/latex/tools\longtable.sty)
(C:\Users\user\AppData\Local\Programs\MiKTeX\tex/latex/tools\tabularx.sty
(C:\Users\user\AppData\Local\Programs\MiKTeX\tex/latex/tools\array.sty))
(C:\Users\user\AppData\Local\Programs\MiKTeX\tex/latex/enumitem\enumitem.sty)
(C:\Users\user\AppData\Local\Programs\MiKTeX\tex/latex/hyperref\hyperref.sty
(C:\Users\user\AppData\Local\Programs\MiKTeX\tex/latex/kvsetkeys\kvsetkeys.sty)

(C:\Users\user\AppData\Local\Programs\MiKTeX\tex/generic/kvdefinekeys\kvdefinek
eys.sty)
(C:\Users\user\AppData\Local\Programs\MiKTeX\tex/generic/pdfescape\pdfescape.st
y (C:\Users\user\AppData\Local\Programs\MiKTeX\tex/generic/ltxcmds\ltxcmds.sty)

(C:\Users\user\AppData\Local\Programs\MiKTeX\tex/generic/pdftexcmds\pdftexcmds.
sty
(C:\Users\user\AppData\Local\Programs\MiKTeX\tex/generic/infwarerr\infwarerr.st
y))) (C:\Users\user\AppData\Local\Programs\MiKTeX\tex/latex/hycolor\hycolor.sty
) (C:\Users\user\AppData\Local\Programs\MiKTeX\tex/latex/hyperref\nameref.sty
(C:\Users\user\AppData\Local\Programs\MiKTeX\tex/latex/refcount\refcount.sty)
(C:\Users\user\AppData\Local\Programs\MiKTeX\tex/generic/gettitlestring\gettitl
estring.sty
(C:\Users\user\AppData\Local\Programs\MiKTeX\tex/latex/kvoptions\kvoptions.sty)
)) (C:\Users\user\AppData\Local\Programs\MiKTeX\tex/latex/etoolbox\etoolbox.sty
)
(C:\Users\user\AppData\Local\Programs\MiKTeX\tex/generic/stringenc\stringenc.st
y) (C:\Users\user\AppData\Local\Programs\MiKTeX\tex/latex/hyperref\pd1enc.def)
(C:\Users\user\AppData\Local\Programs\MiKTeX\tex/generic/intcalc\intcalc.sty)
(C:\Users\user\AppData\Local\Programs\MiKTeX\tex/latex/hyperref\puenc.def)
(C:\Users\user\AppData\Local\Programs\MiKTeX\tex/latex/url\url.sty)
(C:\Users\user\AppData\Local\Programs\MiKTeX\tex/generic/bitset\bitset.sty
(C:\Users\user\AppData\Local\Programs\MiKTeX\tex/generic/bigintcalc\bigintcalc.
sty)))
(C:\Users\user\AppData\Local\Programs\MiKTeX\tex/latex/hyperref\hxetex.def
(C:\Users\user\AppData\Local\Programs\MiKTeX\tex/latex/rerunfilecheck\rerunfile
check.sty
(C:\Users\user\AppData\Local\Programs\MiKTeX\tex/generic/uniquecounter\uniqueco
unter.sty)))
(C:\Users\user\AppData\Local\Programs\MiKTeX\tex/latex/listings\listings.sty
(C:\Users\user\AppData\Local\Programs\MiKTeX\tex/latex/listings\lstpatch.sty)
(C:\Users\user\AppData\Local\Programs\MiKTeX\tex/latex/listings\lstmisc.sty)
(C:\Users\user\AppData\Local\Programs\MiKTeX\tex/latex/listings\listings.cfg))
(C:\Users\user\AppData\Local\Programs\MiKTeX\tex/xelatex/xecjk\xeCJK-listings.s
ty)
==> First Aid for listings.sty no longer applied!
    Expected:
        2024/09/23 1.10c (Carsten Heinz)
    but found:
        2025/11/14 1.11b (Carsten Heinz)
    so I'm assuming it got fixed.
(C:\Users\user\AppData\Local\Programs\MiKTeX\tex/latex/xcolor\xcolor.sty
(C:\Users\user\AppData\Local\Programs\MiKTeX\tex/latex/graphics-cfg\color.cfg)
(C:\Users\user\AppData\Local\Programs\MiKTeX\tex/latex/graphics-def\xetex.def)
(C:\Users\user\AppData\Local\Programs\MiKTeX\tex/latex/graphics\mathcolor.ltx))
 (C:\Users\user\AppData\Local\Programs\MiKTeX\tex/latex/amsmath\amsmath.sty
For additional information on amsmath, use the `?' option.
(C:\Users\user\AppData\Local\Programs\MiKTeX\tex/latex/amsmath\amstext.sty
(C:\Users\user\AppData\Local\Programs\MiKTeX\tex/latex/amsmath\amsgen.sty))
(C:\Users\user\AppData\Local\Programs\MiKTeX\tex/latex/amsmath\amsbsy.sty)
(C:\Users\user\AppData\Local\Programs\MiKTeX\tex/latex/amsmath\amsopn.sty))
(C:\Users\user\AppData\Local\Programs\MiKTeX\tex/latex/amsfonts\amssymb.sty
(C:\Users\user\AppData\Local\Programs\MiKTeX\tex/latex/amsfonts\amsfonts.sty))
(C:\Users\user\OneDrive - 和歌山大学\ソーラー\エネマネ\solar_ws0129-main\docs\program_refere
nce_complete_20260729\build\35_scripts_run_vehicle_identification_py\35_scripts
_run_vehicle_identification_py.aux)
*geometry* driver: auto-detecting
*geometry* detected driver: xetex

(C:\Users\user\OneDrive - 和歌山大学\ソーラー\エネマネ\solar_ws0129-main\docs\program_refere
nce_complete_20260729\build\35_scripts_run_vehicle_identification_py\35_scripts
_run_vehicle_identification_py.out)
(C:\Users\user\OneDrive - 和歌山大学\ソーラー\エネマネ\solar_ws0129-main\docs\program_refere
nce_complete_20260729\build\35_scripts_run_vehicle_identification_py\35_scripts
_run_vehicle_identification_py.out)
(C:\Users\user\AppData\Local\Programs\MiKTeX\tex/latex/amsfonts\umsa.fd)
(C:\Users\user\AppData\Local\Programs\MiKTeX\tex/latex/amsfonts\umsb.fd)
(C:\Users\user\OneDrive - 和歌山大学\ソーラー\エネマネ\solar_ws0129-main\docs\program_refere
nce_complete_20260729\build\35_scripts_run_vehicle_identification_py\35_scripts
_run_vehicle_identification_py.toc [1] [2]) [3]
(C:\Users\user\AppData\Local\Programs\MiKTeX\tex/latex/listings\lstlang1.sty)
[4]
Overfull \hbox (13.18295pt too wide) in paragraph at lines 120--121
\TU/YuGothic(0)/m/n/10.95 主 要 関 数 は \TU/TimesNewRoman(0)/m/n/10.95 neutralize_i
dentification_scalars, resolve_relative, stage, load_manifest, relpath_from, te
x_path_fragment,

Underfull \hbox (badness 10000) in paragraph at lines 127--127
[]|$[][][][][][][][][][] []

Underfull \hbox (badness 10000) in paragraph at lines 127--127
[][][][][][][][][][][][][][] []

Underfull \hbox (badness 10000) in paragraph at lines 135--135
[]|$[][][][][][][][] [] [][][][][][][] []

Underfull \hbox (badness 10000) in paragraph at lines 136--136
[]|$[][][][][][][][][] [] [][][][][][] []

Underfull \hbox (badness 10000) in paragraph at lines 138--138
[]|$[][][][][][][] [] [][][][][][][][] []

Underfull \hbox (badness 10000) in paragraph at lines 141--141
[]|$[][][][][] [] [][][][][][] [] [][][][][][][] []

Underfull \hbox (badness 10000) in paragraph at lines 142--142
[]|$[][][][][][][][][][][][] [] [][][][][][][] []

Underfull \hbox (badness 10000) in paragraph at lines 143--143
[]|$[][][] [] [][][][][][][] []

Underfull \hbox (badness 10000) in paragraph at lines 144--144
[]|$[][][][][] [] [][][][][][][] []

Underfull \hbox (badness 10000) in paragraph at lines 146--146
[]|$[][][][][][][] []

Underfull \hbox (badness 10000) in paragraph at lines 146--146
[][][][][][][][][][][][][][] []

Underfull \hbox (badness 10000) in paragraph at lines 147--147
[]|$[][][][][][][][][][][][][][] []

Underfull \hbox (badness 10000) in paragraph at lines 149--149
[]|$[][][][][] [] [][][][][][] [] [][][] []

Underfull \hbox (badness 10000) in paragraph at lines 151--151
[]|$[][][][][] [] [][][][][][] [] [][][][][] []

Underfull \hbox (badness 10000) in paragraph at lines 152--152
[]|$[][][][][][][][] [] [][] [] [][][][][][] []

Underfull \hbox (badness 10000) in paragraph at lines 157--157
[]|$[][][][][][][][][][][][][][] []

Underfull \hbox (badness 10000) in paragraph at lines 158--158
[]|$[][][][][][][][][] [] [][][][][][][] []

Underfull \hbox (badness 10000) in paragraph at lines 159--159
[]|$[][][][][][][][][] [] [][][][][] []

Underfull \hbox (badness 10000) in paragraph at lines 160--160
[]|$[][][][][][] [] [][][][][][][][][][][][] []

Underfull \hbox (badness 10000) in paragraph at lines 161--161
[]|$[][][][][][][][][][][][][] [] [][][][][] []

Underfull \hbox (badness 10000) in paragraph at lines 162--162
[]|$[][][][][][][][][] [] [][][][][][] []

Underfull \hbox (badness 10000) in paragraph at lines 163--164
[]|\TU/TimesNewRoman(0)/m/n/10.95 args: base_model, maps, speed_ms,

Underfull \hbox (badness 10000) in paragraph at lines 164--164
[]|$[][][][][][][] [] [][][][][][][][][][][] []

Underfull \hbox (badness 10000) in paragraph at lines 165--165
[]|$[][][] [] [][][][][][][][][][][][] []

Underfull \hbox (badness 10000) in paragraph at lines 167--167
[]|$[][][][][][] [] [][][][] [] [][][][][][][][] []

Underfull \hbox (badness 4266) in paragraph at lines 167--168
[]|\TU/TimesNewRoman(0)/m/n/10.95 args: distance_km, elevation_m, smooth-

Underfull \hbox (badness 10000) in paragraph at lines 168--168
[]|$[][][] [] [][][][][] []

Underfull \hbox (badness 1371) in paragraph at lines 168--169
[]|\TU/TimesNewRoman(0)/m/n/10.95 args: frame, route_profile_csv, output_csv,

Underfull \hbox (badness 10000) in paragraph at lines 170--170
[]|$[][] [] [][][][][] [] [][][] [] [][][] [] [][][] []

Underfull \hbox (badness 10000) in paragraph at lines 172--172
[]|$[][][] [] [][][] [] [][] [] [][][] []

Underfull \hbox (badness 10000) in paragraph at lines 173--173
[]|$[][][] [] [][][][][][][] []

Underfull \hbox (badness 10000) in paragraph at lines 176--177
\TU/TimesNewRoman(0)/m/n/10.95 solar_measurement_calibration,

Underfull \hbox (badness 10000) in paragraph at lines 177--177
[]|$[][][][][][] [] [][][][][][][] []

Underfull \hbox (badness 10000) in paragraph at lines 178--178
[]|$[][][][][] [] [][][][][][][][] []

Underfull \hbox (badness 10000) in paragraph at lines 178--178
[][][][][][][][][][][] [] [][][][] []

Underfull \hbox (badness 10000) in paragraph at lines 179--179
[]|$[][][][] [] [][][][][][][][][] []

Underfull \hbox (badness 10000) in paragraph at lines 180--181
[]|\TU/TimesNewRoman(0)/m/n/10.95 args: package_dir, manifest_path, pro-

Underfull \hbox (badness 10000) in paragraph at lines 180--181
\TU/TimesNewRoman(0)/m/n/10.95 file_yaml, map_assets, pv, batt, mot,

Underfull \hbox (badness 10000) in paragraph at lines 180--181
\TU/TimesNewRoman(0)/m/n/10.95 metrics, terminal_anchor, stage_anchors,

Underfull \hbox (badness 10000) in paragraph at lines 180--181
\TU/TimesNewRoman(0)/m/n/10.95 map_shape_fit, post_refine, day_metrics,

Underfull \hbox (badness 10000) in paragraph at lines 180--181
\TU/TimesNewRoman(0)/m/n/10.95 battery_dynamic_fit, fit_plan, mani-

Underfull \hbox (badness 10000) in paragraph at lines 180--181
\TU/TimesNewRoman(0)/m/n/10.95 fest_context, output_dir, replay_csv,

Underfull \hbox (badness 10000) in paragraph at lines 180--181
\TU/TimesNewRoman(0)/m/n/10.95 battery_conditioned_replay_csv,

Underfull \hbox (badness 10000) in paragraph at lines 181--182
[]|\TU/TimesNewRoman(0)/m/n/10.95 args: package_dir, profile_yaml, mani-
ignored error: Infinite glue shrinkage found in box being split [5]
ignored error: Infinite glue shrinkage found in box being split [6]
Underfull \hbox (badness 6775) in paragraph at lines 194--195
[]|\TU/TimesNewRoman(0)/m/n/10.95 FIT_QUALITY_PRESETS \TU/YuGothic(0)/m/n/10.95
 に \TU/TimesNewRoman(0)/m/n/10.95 {’quick’: {’battery_restart_count’: 2, ’batte
ry_maxiter’:

Underfull \hbox (badness 10000) in paragraph at lines 194--195
\TU/TimesNewRoman(0)/m/n/10.95 50, ’motion_restart_count’: 3, ’motion_maxiter’:
 70, ’joint_restart_count’: 2,
ignored error: Infinite glue shrinkage found in box being split [7]
Underfull \hbox (badness 10000) in paragraph at lines 239--239
[]|$[][][][] [] [][][][][][][] []

Underfull \hbox (badness 10000) in paragraph at lines 248--248
[]|$[][][][][][][][][][][][][][][][][][][] [][] [][][][] [][]

Underfull \hbox (badness 10000) in paragraph at lines 252--252
[]|$[][][][][][][][][] []

Underfull \hbox (badness 10000) in paragraph at lines 253--253
[]|$[][][][][][][][][] []

Underfull \hbox (badness 10000) in paragraph at lines 254--254
[]|$[][][][][][][][][] [] [][][][][][][][] [] [][][][][][] []

Underfull \hbox (badness 10000) in paragraph at lines 254--254
[][][][][][][][][][][][][][][][][][][][] []

Underfull \hbox (badness 10000) in paragraph at lines 254--254
[][][][] [] [][][] [] [][][][][][] [] [] [][]

Underfull \hbox (badness 10000) in paragraph at lines 254--254
[][][][][][][] [] [][][][][][][] [] [][][][][][][] []

Underfull \hbox (badness 10000) in paragraph at lines 254--254
[] [][] [][][][][][][] [] [][][][] [] [][][][][][][] []

Underfull \hbox (badness 10000) in paragraph at lines 254--254
[][][] [] [] [][] [][][][] [][] [][][][][][][][] []

Underfull \hbox (badness 10000) in paragraph at lines 254--254
[][][][][] [][] [][][][][][][][][][][][][][][][] [][]

Underfull \hbox (badness 10000) in paragraph at lines 254--254
[][][][][][][][][][][][][][][] [][]

Underfull \hbox (badness 10000) in paragraph at lines 254--254
[][][][][][][][][][][][][][][][] [][]

Underfull \hbox (badness 10000) in paragraph at lines 254--254
[][][][][][][][][][][] [][] [][][][][][] [] [][][][][][][] []

Underfull \hbox (badness 10000) in paragraph at lines 254--254
[][] [] [][][][][] [][] [][][][][] [] [][][][][][][][] []

Underfull \hbox (badness 10000) in paragraph at lines 254--254
[][][] [] [][][][][][] [][] [][][][][] [] [][][][][] []

Underfull \hbox (badness 10000) in paragraph at lines 254--254
[][][][][][][] [][] [][][][][] [] [][][][][] [] [][][][] []

Underfull \hbox (badness 10000) in paragraph at lines 254--254
[][][] [] [][][][][][] [][] [][][][][] [] [][][][][] []

Underfull \hbox (badness 10000) in paragraph at lines 254--254
[][][][] [] [][][][][][][] [] [][][] [][] [][][][][][][] []

Underfull \hbox (badness 10000) in paragraph at lines 254--254
[][][] [][] [][][][] [] [][][][][][][][][][][][] [][]

Underfull \hbox (badness 10000) in paragraph at lines 254--254
[][][][][][] [] [][][] [][] [][][] [] [][][][][][][] []

Underfull \hbox (badness 10000) in paragraph at lines 254--254
[][][][][][][][][][] [][] [][][] [] [][][] [] [][][][][][] [][]

Underfull \hbox (badness 10000) in paragraph at lines 254--254
[][][] [] [][][][][][] [] [][][][][][][][][][] [][] [][][] []

Underfull \hbox (badness 10000) in paragraph at lines 254--254
[][] [] [][][][][][][][][][] [][] [][][] [] [][][][][] []

Underfull \hbox (badness 10000) in paragraph at lines 254--254
[][][][][][][][][][][] [][] [][][] [] [][][][] []

Underfull \hbox (badness 10000) in paragraph at lines 254--254
[][][][] [] [][][][][][][][] [][] [][][][][] [] [][][] []

Underfull \hbox (badness 10000) in paragraph at lines 254--254
[][][][] [] [][][][][][] [] [][][][][] [][] [][][][][] []

Underfull \hbox (badness 10000) in paragraph at lines 254--254
[][][][][][] [] [][][][][][][][][][] [][] [][][][][] []

Underfull \hbox (badness 10000) in paragraph at lines 254--254
[][][][][][] [][] [][][][] [] [][][][][][][] [] [][][][] [][]

Underfull \hbox (badness 10000) in paragraph at lines 254--254
[][][][][][][] [] [][][][] [] [][][][][][] [][] [][][][][][] []

Underfull \hbox (badness 10000) in paragraph at lines 254--254
[][][][][] [] [][][][][][][][][][] [][] [][][][] []

Underfull \hbox (badness 10000) in paragraph at lines 254--254
[][][][][][] [] [][][][][][] [] [][][][][][][] [][]

Underfull \hbox (badness 10000) in paragraph at lines 254--254
[][][][][][] [] [][][][][][][] [] [][][][][] [] [][][][] [][]

Underfull \hbox (badness 10000) in paragraph at lines 254--254
[][][][][][][][] [] [][][] [] [][][] [][] [][][] [] [][][] []

Underfull \hbox (badness 10000) in paragraph at lines 254--254
[][][][][] [] [][][][][] [][] [][][][][] [] [][][][][][][] []

Underfull \hbox (badness 10000) in paragraph at lines 254--254
[][][][] [] [][][] [] [][][][][][][][][][][][] [][]

Underfull \hbox (badness 10000) in paragraph at lines 254--255
[]|\TU/TimesNewRoman(0)/m/n/10.95 build_bwsc2025_fitted_package \TU/YuGothic(0)
/m/n/10.95 か ら \TU/TimesNewRoman(0)/m/n/10.95 BAT-

Underfull \hbox (badness 10000) in paragraph at lines 254--255
\TU/TimesNewRoman(0)/m/n/10.95 TERY_PACK_MAX_CHARGE_V, BAT-

Underfull \hbox (badness 10000) in paragraph at lines 254--255
\TU/TimesNewRoman(0)/m/n/10.95 TERY_NOMINAL_VOLTAGE_V, IN-

Underfull \hbox (badness 10000) in paragraph at lines 254--255
\TU/TimesNewRoman(0)/m/n/10.95 VALID_PACK_VOLTAGE_MIN_V, ROOT,

Underfull \hbox (badness 10000) in paragraph at lines 254--255
\TU/TimesNewRoman(0)/m/n/10.95 TIMEZONE_LOCAL, BatteryFitResult, Mo-

Underfull \hbox (badness 10000) in paragraph at lines 254--255
\TU/TimesNewRoman(0)/m/n/10.95 tionFitResult, PostRefineResult, PvFitResult, at
-

Underfull \hbox (badness 10000) in paragraph at lines 254--255
\TU/TimesNewRoman(0)/m/n/10.95 tach_archive_pv_model, build_grounded_map_assets
,

Underfull \hbox (badness 10000) in paragraph at lines 254--255
\TU/TimesNewRoman(0)/m/n/10.95 build_stage_anchors, build_model_from_map_assets
,

Underfull \hbox (badness 10000) in paragraph at lines 254--255
\TU/TimesNewRoman(0)/m/n/10.95 build_model_from_profile_cfg, compile_tex,

Underfull \hbox (badness 10000) in paragraph at lines 254--255
\TU/TimesNewRoman(0)/m/n/10.95 dcir_observations, ensure_dir, fit_battery_param
eters,

Underfull \hbox (badness 10000) in paragraph at lines 254--255
\TU/TimesNewRoman(0)/m/n/10.95 fit_map_shapes, fit_motion_parameters,

Underfull \hbox (badness 10000) in paragraph at lines 254--255
\TU/TimesNewRoman(0)/m/n/10.95 fit_pv_parameters, fit_regen_utilization,

Underfull \hbox (badness 10000) in paragraph at lines 254--255
\TU/TimesNewRoman(0)/m/n/10.95 fit_stop_tilt_fraction, infer_soc_from_loaded_st
ate,

Underfull \hbox (badness 10000) in paragraph at lines 254--255
\TU/TimesNewRoman(0)/m/n/10.95 metrics_from_replay, motion_power_prediction,

Underfull \hbox (badness 3168) in paragraph at lines 254--255
\TU/TimesNewRoman(0)/m/n/10.95 post_refine_replay_scalars, replay_segment_start
_mask,

Underfull \hbox (badness 10000) in paragraph at lines 254--255
\TU/TimesNewRoman(0)/m/n/10.95 resample_for_fit, soc_fit_upper_bound,

Underfull \hbox (badness 10000) in paragraph at lines 254--255
\TU/TimesNewRoman(0)/m/n/10.95 write_current_maps_and_coefficients,

Underfull \hbox (badness 10000) in paragraph at lines 255--255
[]|$[][][][][][][][][] [] [][][][][][][][][][][][][][] []

Underfull \hbox (badness 10000) in paragraph at lines 255--255
[][][][][][][][][][][][][][][][][][] []

Underfull \hbox (badness 10000) in paragraph at lines 255--256
[]|\TU/TimesNewRoman(0)/m/n/10.95 audit_identification_residuals \TU/YuGothic(0
)/m/n/10.95 か ら \TU/TimesNewRoman(0)/m/n/10.95 run_audit as
ignored error: Infinite glue shrinkage found in box being split [8]
ignored error: Infinite glue shrinkage found in box being split [9] [10]

LaTeX Font Warning: Font shape `TU/YuGothic(0)/m/it' undefined
(Font)              using `TU/YuGothic(0)/m/n' instead on input line 277.

[11] [12] [13] [14] [15] [16]
Overfull \hbox (11.0292pt too wide) in paragraph at lines 587--588
[]\TU/TimesNewRoman(0)/m/n/10.95 candidates \TU/YuGothic(0)/m/n/10.95 に \TU/Tim
esNewRoman(0)/m/n/10.95 [(package_dir / raw_path).resolve(), (ROOT / raw_path).
resolve(), (Path.cwd() / raw_path).resolve()]
[17] [18] [19] [20] [21] [22] [23]
Underfull \hbox (badness 6825) in paragraph at lines 878--879
[]\TU/TimesNewRoman(0)/m/n/10.95 (’count’, ’s_km’, ’voltage_v’, ’current_a’, ’t
emp_c’, ’soc_target’, ’soc_sigma’, ’soc_evidence_min’,

Overfull \hbox (0.80324pt too wide) in paragraph at lines 878--879
\TU/TimesNewRoman(0)/m/n/10.95 ’soc_evidence_max’, ’voltage_sigma_v’, ’ocv_term
inal_v’, ’series_resistance_ohm’, ’ocv_statistical_sigma_v’,
[24] [25]
Underfull \hbox (badness 1092) in paragraph at lines 979--980
[]\TU/YuGothic(0)/m/n/10.95 こ の ブ ロ ッ ク が 直 接 呼 ぶ 主 な 関 数  |・|  メ ソ ッ ド\TU/Time
sNewRoman(0)/m/n/10.95 : FileNotFoundError, Path, ValueError, _termi-

Underfull \hbox (badness 3895) in paragraph at lines 980--981
\TU/TimesNewRoman(0)/m/n/10.95 dence, ’actual_event_path’: actual_event_path, ’
counterfactual_event_path’: counterfactual_event_path,

Underfull \hbox (badness 10000) in paragraph at lines 980--981
\TU/TimesNewRoman(0)/m/n/10.95 ’terminal_anchor_path’: terminal_anchor_path, ’g
rounded_summary_path’: grounded_summary_path,

Underfull \hbox (badness 5008) in paragraph at lines 980--981
\TU/TimesNewRoman(0)/m/n/10.95 ’source_inventory_path’: source_inventory_path, 
’notes_markdown_path’: notes_markdown_path, ’ex-

Overfull \hbox (8.44717pt too wide) in paragraph at lines 980--981
\TU/TimesNewRoman(0)/m/n/10.95 plicit_grounded_assets’: explicit_grounded_asset
s, ’grounded_summary_payload’: grounded_summary_payload,

Underfull \hbox (badness 3623) in paragraph at lines 981--982
\TU/TimesNewRoman(0)/m/n/10.95 grounded_summary_payload, group_key, inputs, man
ifest_key, missing, missing_evidence, model_key,
[26]
Overfull \hbox (116.94417pt too wide) in paragraph at lines 1002--1003
[]\TU/TimesNewRoman(0)/m/n/10.95 grounded_summary_path \TU/YuGothic(0)/m/n/10.9
5 に \TU/TimesNewRoman(0)/m/n/10.95 opt_path(grounded.get(’grounded_map_summary_
yaml’, ”) or options.get(’grounded_map_summary_yaml’,

Underfull \hbox (badness 10000) in paragraph at lines 1005--1006
[]\TU/TimesNewRoman(0)/m/n/10.95 path_key_map \TU/YuGothic(0)/m/n/10.95 に \TU/T
imesNewRoman(0)/m/n/10.95 {’drive_eff_map’: ’drive_eff_map_csv’, ’drive_map_eco
’: ’drive_map_eco_csv’,

Underfull \hbox (badness 1418) in paragraph at lines 1005--1006
\TU/TimesNewRoman(0)/m/n/10.95 ’drive_map_power’: ’drive_map_power_csv’, ’regen
_eff_map’: ’regen_eff_map_csv’, ’regen_map_eco’:

Underfull \hbox (badness 10000) in paragraph at lines 1005--1006
\TU/TimesNewRoman(0)/m/n/10.95 ’regen_map_eco_csv’, ’regen_map_power’: ’regen_m
ap_power_csv’, ’rint_map’: ’rint_map_csv’,

Overfull \hbox (30.56853pt too wide) in paragraph at lines 1005--1006
\TU/TimesNewRoman(0)/m/n/10.95 ’panel_eff_map’: ’panel_eff_map_csv’, ’mppt_eff_
map’: ’mppt_eff_map_csv’, ’ocv_soc_map’: ’ocv_soc_map_csv’}

Overfull \hbox (2.13533pt too wide) in paragraph at lines 1020--1021
[]\TU/TimesNewRoman(0)/m/n/10.95 required \TU/YuGothic(0)/m/n/10.95 に \TU/Times
NewRoman(0)/m/n/10.95 {’drive_eff_map’, ’regen_eff_map’, ’rint_map’, ’panel_eff
_map’, ’mppt_eff_map’, ’ocv_soc_map’}
[27]
Overfull \hbox (15.99387pt too wide) in paragraph at lines 1055--1056
[]\TU/TimesNewRoman(0)/m/n/10.95 FileNotFoundError(’identification evidence man
ifest contains missing artifacts:\n- ’ + ’\n- ’.join(missing_evidence))

Underfull \hbox (badness 2229) in paragraph at lines 1056--1057
\TU/TimesNewRoman(0)/m/n/10.95 actual_event_path, ’counterfactual_event_path’: 
counterfactual_event_path, ’terminal_anchor_path’: ter-

Underfull \hbox (badness 10000) in paragraph at lines 1056--1057
\TU/TimesNewRoman(0)/m/n/10.95 minal_anchor_path, ’grounded_summary_path’: grou
nded_summary_path, ’source_inventory_path’:

Underfull \hbox (badness 1796) in paragraph at lines 1056--1057
\TU/TimesNewRoman(0)/m/n/10.95 source_inventory_path, ’notes_markdown_path’: no
tes_markdown_path, ’explicit_grounded_assets’: ex-
[28] [29] [30]
Underfull \hbox (badness 10000) in paragraph at lines 1180--1181
[]\TU/YuGothic(0)/m/n/10.95 定 義\TU/TimesNewRoman(0)/m/n/10.95 : $[][][][][] [] 
[][][][][][] [] [][][][][][][] [] [][][][][][][][][][][][][][][][] [] [][] [] [
][][][][][][][][] [][] [] [][] [][][][] [] [][][][][] [][] [][][][][][][] []

Overfull \hbox (10.54352pt too wide) in paragraph at lines 1184--1185
[]\TU/YuGothic(0)/m/n/10.95 主 な ロ ー カ ル 代 入 名\TU/TimesNewRoman(0)/m/n/10.95 : c
harge_floor_a, current, current_limit_margin_a, current_spike, current_spike_mi
n_abs_a,

Underfull \hbox (badness 10000) in paragraph at lines 1184--1185
\TU/TimesNewRoman(0)/m/n/10.95 current_spike_sigma, current_spike_window, dt_se
c, impossible_charge, impossible_voltage_slew, in-
[31]
Overfull \hbox (24.29259pt too wide) in paragraph at lines 1207--1208
[]\TU/TimesNewRoman(0)/m/n/10.95 invalid_v_threshold \TU/YuGothic(0)/m/n/10.95 
に \TU/TimesNewRoman(0)/m/n/10.95 float(sensor_cfg.get(’invalid_voltage_threshol
d_v’, INVALID_PACK_VOLTAGE_MIN_V))
[32]
Underfull \hbox (badness 5217) in paragraph at lines 1229--1230
[]\TU/TimesNewRoman(0)/m/n/10.95 low_current_pair \TU/YuGothic(0)/m/n/10.95 に \
TU/TimesNewRoman(0)/m/n/10.95 (current.abs() <= voltage_slew_low_current_a) & (
current.shift(1).abs() <= volt-

Underfull \hbox (badness 3989) in paragraph at lines 1235--1236
[]\TU/TimesNewRoman(0)/m/n/10.95 voltage_spike \TU/YuGothic(0)/m/n/10.95 に \TU/
TimesNewRoman(0)/m/n/10.95 hampel_mask(voltage, window=voltage_spike_window, n_
sigma=voltage_spike_sigma,

Overfull \hbox (45.53745pt too wide) in paragraph at lines 1245--1246
[]\TU/TimesNewRoman(0)/m/n/10.95 current_spike \TU/YuGothic(0)/m/n/10.95 に \TU/
TimesNewRoman(0)/m/n/10.95 hampel_mask(out[’battery_current_a’], window=current
_spike_window, n_sigma=current_spike_sigma,

Overfull \hbox (54.70702pt too wide) in paragraph at lines 1249--1250
[]\TU/TimesNewRoman(0)/m/n/10.95 power_spike \TU/YuGothic(0)/m/n/10.95 に \TU/Ti
mesNewRoman(0)/m/n/10.95 hampel_mask(out[’battery_power_w_obs’], window=power_s
pike_window, n_sigma=power_spike_sigma,
[33] [34] [35]
Underfull \hbox (badness 1496) in paragraph at lines 1364--1365
\TU/TimesNewRoman(0)/m/n/10.95 if adopted else ’training_or_last_day_holdout_ga
te_failed’, ’sample_count’: int(base_valid.sum()), ’train-

Underfull \hbox (badness 10000) in paragraph at lines 1364--1365
\TU/TimesNewRoman(0)/m/n/10.95 ing_sample_count’: int(training_valid.sum()), ’v
alidation_sample_count’: int(validation_valid.sum()),

Underfull \hbox (badness 1655) in paragraph at lines 1364--1365
\TU/TimesNewRoman(0)/m/n/10.95 if adopted else rmse_before), ’rmse_improvement_
v’: float(improvement if adopted else 0.0), ’valida-

Underfull \hbox (badness 5231) in paragraph at lines 1364--1365
\TU/TimesNewRoman(0)/m/n/10.95 validation_ratio, ’validation_rmse_ratio_max’: 1
.0, ’method’: ’bounded deterministic tau grid with

Underfull \hbox (badness 1242) in paragraph at lines 1364--1365
\TU/TimesNewRoman(0)/m/n/10.95 closed-form least-squares Rp on earlier race day
s; last race day is an untouched adoption holdout’} /

Underfull \hbox (badness 1038) in paragraph at lines 1364--1365
\TU/TimesNewRoman(0)/m/n/10.95 ’r_polarization_ohm’: 0.0, ’tau_sec’: 60.0, ’rms
e_before_v’: float(’nan’), ’rmse_after_v’: float(’nan’)}

Underfull \hbox (badness 3942) in paragraph at lines 1364--1365
\TU/TimesNewRoman(0)/m/n/10.95 / {’adopted’: False, ’reason’: ’no_independent_d
ay_holdout’, ’sample_count’: int(base_valid.sum()),

Underfull \hbox (badness 1629) in paragraph at lines 1364--1365
\TU/TimesNewRoman(0)/m/n/10.95 ’training_sample_count’: 0, ’validation_sample_c
ount’: 0, ’r_polarization_ohm’: 0.0, ’tau_sec’: 60.0,

Overfull \hbox (71.91583pt too wide) in paragraph at lines 1364--1365
\TU/TimesNewRoman(0)/m/n/10.95 ’rmse_before_v’: float(np.sqrt(np.mean(residual[
base_valid] ** 2))), ’rmse_after_v’: float(np.sqrt(np.mean(residual[base_valid]


Underfull \hbox (badness 10000) in paragraph at lines 1364--1365
\TU/TimesNewRoman(0)/m/n/10.95 int(base_valid.sum()), ’training_sample_count’: 
int(training_valid.sum()), ’validation_sample_count’:

Overfull \hbox (71.91583pt too wide) in paragraph at lines 1364--1365
\TU/TimesNewRoman(0)/m/n/10.95 ’rmse_before_v’: float(np.sqrt(np.mean(residual[
base_valid] ** 2))), ’rmse_after_v’: float(np.sqrt(np.mean(residual[base_valid]


Overfull \hbox (74.17534pt too wide) in paragraph at lines 1378--1379
[]\TU/TimesNewRoman(0)/m/n/10.95 residual \TU/YuGothic(0)/m/n/10.95 に \TU/Times
NewRoman(0)/m/n/10.95 (pd.to_numeric(replay[’battery_voltage_v_obs’], errors=’c
oerce’) - pd.to_numeric(replay[’battery_voltage_v_pred’],

Overfull \hbox (41.57555pt too wide) in paragraph at lines 1379--1380
[]\TU/TimesNewRoman(0)/m/n/10.95 excluded \TU/YuGothic(0)/m/n/10.95 に \TU/Times
NewRoman(0)/m/n/10.95 replay.get(’exclude_voltage_fit’, pd.Series(False, index=
replay.index)).fillna(True).astype(bool).to_numpy()
[36]
Overfull \hbox (9.11588pt too wide) in paragraph at lines 1386--1387
[]\TU/TimesNewRoman(0)/m/n/10.95 time_local \TU/YuGothic(0)/m/n/10.95 に \TU/Tim
esNewRoman(0)/m/n/10.95 pd.to_datetime(replay[’time_utc’], utc=True, errors=’co
erce’).dt.tz_convert(TIMEZONE_LOCAL)

Underfull \hbox (badness 6944) in paragraph at lines 1390--1391
[]\TU/TimesNewRoman(0)/m/n/10.95 {’adopted’: False, ’reason’: ’no_independent_d
ay_holdout’, ’sample_count’: int(base_valid.sum()),

Underfull \hbox (badness 1383) in paragraph at lines 1390--1391
\TU/TimesNewRoman(0)/m/n/10.95 ’training_sample_count’: 0, ’validation_sample_c
ount’: 0, ’r_polarization_ohm’: 0.0, ’tau_sec’: 60.0,

Overfull \hbox (74.1058pt too wide) in paragraph at lines 1390--1391
\TU/TimesNewRoman(0)/m/n/10.95 ’rmse_before_v’: float(np.sqrt(np.mean(residual[
base_valid] ** 2))), ’rmse_after_v’: float(np.sqrt(np.mean(residual[base_valid]


Overfull \hbox (28.7774pt too wide) in paragraph at lines 1395--1396
[]\TU/TimesNewRoman(0)/m/n/10.95 {’adopted’: False, ’reason’: ’insufficient_ind
ependent_day_holdout_samples’, ’sample_count’: int(base_valid.sum()),

Overfull \hbox (115.38185pt too wide) in paragraph at lines 1395--1396
\TU/TimesNewRoman(0)/m/n/10.95 ’holdout_group’: holdout_group, ’r_polarization_
ohm’: 0.0, ’tau_sec’: 60.0, ’rmse_before_v’: float(np.sqrt(np.mean(residual[bas
e_valid]
[37]
Overfull \hbox (18.59984pt too wide) in paragraph at lines 1410--1411
[]\TU/TimesNewRoman(0)/m/n/10.95 {’adopted’: False, ’reason’: ’no_finite_candid
ate’, ’sample_count’: int(base_valid.sum()), ’training_sample_count’:

Underfull \hbox (badness 1789) in paragraph at lines 1410--1411
\TU/TimesNewRoman(0)/m/n/10.95 int(training_valid.sum()), ’validation_sample_co
unt’: int(validation_valid.sum()), ’holdout_group’: hold-

Underfull \hbox (badness 1546) in paragraph at lines 1410--1411
\TU/TimesNewRoman(0)/m/n/10.95 out_group, ’r_polarization_ohm’: 0.0, ’tau_sec’:
 60.0, ’rmse_before_v’: rmse_before, ’rmse_after_v’:

Overfull \hbox (41.90706pt too wide) in paragraph at lines 1412--1413
[]\TU/TimesNewRoman(0)/m/n/10.95 best_state \TU/YuGothic(0)/m/n/10.95 に \TU/Tim
esNewRoman(0)/m/n/10.95 polarization_current_trace(replay, current_column=’batt
ery_current_a_obs’, tau_sec=float(best[’tau_sec’]))

Overfull \hbox (17.48024pt too wide) in paragraph at lines 1413--1414
[]\TU/TimesNewRoman(0)/m/n/10.95 validation_corrected \TU/YuGothic(0)/m/n/10.95
 に \TU/TimesNewRoman(0)/m/n/10.95 residual[validation_valid] + float(best[’r_po
larization_ohm’]) * best_state[validation_valid]

Overfull \hbox (3.51656pt too wide) in paragraph at lines 1417--1418
[]\TU/TimesNewRoman(0)/m/n/10.95 adopted \TU/YuGothic(0)/m/n/10.95 に \TU/TimesN
ewRoman(0)/m/n/10.95 bool(best[’r_polarization_ohm’] >= 0.001 and improvement >
= 0.005 and np.isfinite(validation_ratio)

Underfull \hbox (badness 1789) in paragraph at lines 1418--1419
\TU/TimesNewRoman(0)/m/n/10.95 int(training_valid.sum()), ’validation_sample_co
unt’: int(validation_valid.sum()), ’holdout_group’: hold-

Overfull \hbox (34.07063pt too wide) in paragraph at lines 1418--1419
\TU/TimesNewRoman(0)/m/n/10.95 out_group, ’r_polarization_ohm’: float(best[’r_p
olarization_ohm’] if adopted else 0.0), ’tau_sec’: float(best[’tau_sec’]),

Underfull \hbox (badness 1466) in paragraph at lines 1418--1419
\TU/TimesNewRoman(0)/m/n/10.95 ’rmse_before_v’: rmse_before, ’rmse_after_v’: fl
oat(best[’rmse_after_v’] if adopted else rmse_before),

Underfull \hbox (badness 3942) in paragraph at lines 1418--1419
\TU/TimesNewRoman(0)/m/n/10.95 ’rmse_improvement_v’: float(improvement if adopt
ed else 0.0), ’validation_rmse_before_v’: valida-
[38] [39]
Overfull \hbox (5.53896pt too wide) in paragraph at lines 1485--1486
[]\TU/TimesNewRoman(0)/m/n/10.95 state \TU/YuGothic(0)/m/n/10.95 に \TU/TimesNew
Roman(0)/m/n/10.95 polarization_current_trace(out, current_column=current_colum
n, tau_sec=float(dynamic_fit[’tau_sec’]))
[40]
Underfull \hbox (badness 3746) in paragraph at lines 1542--1543
\TU/TimesNewRoman(0)/m/n/10.95 tion_restart_count’: ’motion_restart_count’, ’mo
tion_maxiter’: ’motion_maxiter’, ’joint_restart_count’:

Overfull \hbox (26.93631pt too wide) in paragraph at lines 1542--1543
\TU/TimesNewRoman(0)/m/n/10.95 ’joint_restart_count’, ’joint_random_start_count
’: ’joint_random_start_count’, ’joint_local_topk’: ’joint_local_topk’,

Overfull \hbox (11.92853pt too wide) in paragraph at lines 1548--1549
[]\TU/TimesNewRoman(0)/m/n/10.95 plan[’panel_deployment_max_sample_gap_sec’] \T
U/YuGothic(0)/m/n/10.95 に \TU/TimesNewRoman(0)/m/n/10.95 float(options.get(’pan
el_deployment_max_sample_gap_sec’,
[41]
Underfull \hbox (badness 10000) in paragraph at lines 1601--1602
[]\TU/YuGothic(0)/m/n/10.95 定 義\TU/TimesNewRoman(0)/m/n/10.95 : $[][][][][][][]
 [] [][][][][][][][][][][][][][] [] [][][][][][] [] [][][][][][][][][][][][][][
] [] [][][] [] [][][][] [][] [][][][][][][] [] [][][] [] [][][][] [][] [] [][]
[42]
Underfull \hbox (badness 10000) in paragraph at lines 1660--1661
[]\TU/YuGothic(0)/m/n/10.95 定 義\TU/TimesNewRoman(0)/m/n/10.95 : $[][][][][][][]
[][][][][][][] [] [][][][][][][] [] [][][][][][] [] [][][][][][][][][][][][][][
] [] [][][][][][][] [] [][][][] [][] [][][] [] [][][][][][] [] [][][] []
[43] [44]
Overfull \hbox (54.09077pt too wide) in paragraph at lines 1737--1738
[]\TU/YuGothic(0)/m/n/10.95 戻 り 値 の 要 点\TU/TimesNewRoman(0)/m/n/10.95 : {’drive
_eff_map’: rel(’drive_eff_map’), ’drive_map_eco’: rel(’drive_map_eco’, paths.ge
t(’drive_eff_map’,

Overfull \hbox (39.48155pt too wide) in paragraph at lines 1737--1738
\TU/TimesNewRoman(0)/m/n/10.95 ”)), ’drive_map_power’: rel(’drive_map_power’, p
aths.get(’drive_eff_map’, ”)), ’regen_eff_map’: rel(’regen_eff_map’),

Overfull \hbox (30.87088pt too wide) in paragraph at lines 1737--1738
\TU/TimesNewRoman(0)/m/n/10.95 ’regen_map_eco’: rel(’regen_map_eco’, paths.get(
’regen_eff_map’, ”)), ’regen_map_power’: rel(’regen_map_power’,

Underfull \hbox (badness 10000) in paragraph at lines 1737--1738
\TU/TimesNewRoman(0)/m/n/10.95 paths.get(’regen_eff_map’, ”)), ’rint_map’: rel(
’rint_map’), ’panel_eff_map’: rel(’panel_eff_map’),

Underfull \hbox (badness 2134) in paragraph at lines 1737--1738
\TU/TimesNewRoman(0)/m/n/10.95 ’mppt_eff_map’: rel(’mppt_eff_map’), ’ocv_soc_ma
p’: rel(’ocv_soc_map’)} / resolve_relative(base_dir,
[45]
Underfull \hbox (badness 10000) in paragraph at lines 1753--1754
\TU/TimesNewRoman(0)/m/n/10.95 ”)), ’drive_map_power’: rel(’drive_map_power’, p
aths.get(’drive_eff_map’, ”)), ’regen_eff_map’:

Underfull \hbox (badness 10000) in paragraph at lines 1753--1754
\TU/TimesNewRoman(0)/m/n/10.95 rel(’regen_eff_map’), ’regen_map_eco’: rel(’rege
n_map_eco’, paths.get(’regen_eff_map’, ”)), ’re-

Underfull \hbox (badness 2717) in paragraph at lines 1753--1754
\TU/TimesNewRoman(0)/m/n/10.95 gen_map_power’: rel(’regen_map_power’, paths.get
(’regen_eff_map’, ”)), ’rint_map’: rel(’rint_map’),

Overfull \hbox (26.87932pt too wide) in paragraph at lines 1753--1754
\TU/TimesNewRoman(0)/m/n/10.95 ’panel_eff_map’: rel(’panel_eff_map’), ’mppt_eff
_map’: rel(’mppt_eff_map’), ’ocv_soc_map’: rel(’ocv_soc_map’)}
[46]
Underfull \hbox (badness 10000) in paragraph at lines 1819--1820
[]\TU/YuGothic(0)/m/n/10.95 定 義\TU/TimesNewRoman(0)/m/n/10.95 : $[][][][][] [] 
[][][][][][] [] [][][][][] [] [][][][][][][][][][][][][][][][] [] [][] [] [][][
][][][][][][] [][] [][][][][][][] [] [][][][] [] [][][][] [] [][] [][] [][] []
[47] [48] [49] [50]
Underfull \hbox (badness 10000) in paragraph at lines 1998--1999
[]\TU/YuGothic(0)/m/n/10.95 定 義\TU/TimesNewRoman(0)/m/n/10.95 : $[][][][][][][]
[][] [] [][][][][][][] [] [][][][][][][] [] [][][] [] [][][][] [][] [] [][] [][
][][][][] [] [][][][][] [] [][][][][][][] [] [][][][] [] [][][][] [] [][][][] [
][]
[51]
Underfull \hbox (badness 1371) in paragraph at lines 2021--2022
[]\TU/TimesNewRoman(0)/m/n/10.95 required_defaults \TU/YuGothic(0)/m/n/10.95 に 
\TU/TimesNewRoman(0)/m/n/10.95 {’s_km’: np.nan, ’speed_kmh’: 0.0, ’slope_pct’: 
0.0, ’route_heading_deg’: 0.0,

Underfull \hbox (badness 1210) in paragraph at lines 2021--2022
\TU/TimesNewRoman(0)/m/n/10.95 ’headwind_archive_ms’: 0.0, ’GHI_archive’: 0.0, 
’Tamb_archive_C’: 25.0, ’solar_power_w_obs’: 0.0,
[52]
Underfull \hbox (badness 5374) in paragraph at lines 2043--2044
[]\TU/TimesNewRoman(0)/m/n/10.95 work[’Tcell_effective_C’] \TU/YuGothic(0)/m/n/
10.95 に \TU/TimesNewRoman(0)/m/n/10.95 work[’Tamb_archive_C’] + 0.03 * pd.to_nu
meric(work[’GHI_effective’],

Underfull \hbox (badness 10000) in paragraph at lines 2046--2047
[]\TU/TimesNewRoman(0)/m/n/10.95 numeric_cols \TU/YuGothic(0)/m/n/10.95 に \TU/T
imesNewRoman(0)/m/n/10.95 [’s_km’, ’speed_kmh’, ’slope_pct’, ’route_heading_deg
’, ’headwind_archive_ms’,

Underfull \hbox (badness 4779) in paragraph at lines 2046--2047
\TU/TimesNewRoman(0)/m/n/10.95 ’headwind_effective_ms’, ’GHI_archive’, ’GHI_eff
ective’, ’Tamb_archive_C’, ’Tcell_effective_C’, ’so-

Overfull \hbox (97.33574pt too wide) in paragraph at lines 2056--2057
[]\TU/TimesNewRoman(0)/m/n/10.95 work[’accel_ms2’] \TU/YuGothic(0)/m/n/10.95 に 
\TU/TimesNewRoman(0)/m/n/10.95 accel.replace([np.inf, -np.inf], np.nan).rolling
(5, center=True, min_periods=1).median().fillna(0.0).clip(lower=-
[53]
Underfull \hbox (badness 10000) in paragraph at lines 2107--2108
[]\TU/YuGothic(0)/m/n/10.95 定 義\TU/TimesNewRoman(0)/m/n/10.95 : $[][][][][] [] 
[][][][][][][][] [] [][][][][][][][][][] [] [][] [] [][] [] [][][][][][][][][] 
[][] [][][] [] [][] [] [][] [] [][][][][][][][][] [][] [][][][] [] [][][][][] [
][]

Underfull \hbox (badness 1389) in paragraph at lines 2109--2110
[]\TU/YuGothic(0)/m/n/10.95 こ の ブ ロ ッ ク が 直 接 呼 ぶ 主 な 関 数  |・|  メ ソ ッ ド\TU/Time
sNewRoman(0)/m/n/10.95 : abs, asarray, astype, copy, fillna, float, in-

Underfull \hbox (badness 4132) in paragraph at lines 2110--2111
[]\TU/YuGothic(0)/m/n/10.95 戻 り 値 の 要 点\TU/TimesNewRoman(0)/m/n/10.95 : {’count
’: int(len(window)), ’s_km’: float(window[’s_km’].median()), ’time_utc’:

Underfull \hbox (badness 4699) in paragraph at lines 2110--2111
\TU/TimesNewRoman(0)/m/n/10.95 pd.to_datetime(window[’time_utc’].iloc[-1], utc=
True).strftime(’%Y-%m-%dT%H:%M:%SZ’), ’voltage_v’:

Underfull \hbox (badness 10000) in paragraph at lines 2110--2111
\TU/TimesNewRoman(0)/m/n/10.95 float(window[’battery_voltage_v’].median()), ’cu
rrent_a’: float(window[’battery_current_a’].median()),

Overfull \hbox (3.65654pt too wide) in paragraph at lines 2110--2111
\TU/TimesNewRoman(0)/m/n/10.95 ’temp_c’: float(window[’Tamb_archive_C’].median(
)), ’soc_target’: float(np.nanmedian(np.asarray(soc_targets,
[54]
Overfull \hbox (89.30214pt too wide) in paragraph at lines 2124--2125
[]\TU/TimesNewRoman(0)/m/n/10.95 valid \TU/YuGothic(0)/m/n/10.95 に \TU/TimesNew
Roman(0)/m/n/10.95 np.isfinite(log_df[’battery_voltage_v’]) & np.isfinite(log_d
f[’battery_current_a’]) & np.isfinite(log_df[’Tamb_archive_C’])

Underfull \hbox (badness 10000) in paragraph at lines 2130--2131
[]\TU/TimesNewRoman(0)/m/n/10.95 soc_targets \TU/YuGothic(0)/m/n/10.95 に \TU/Ti
mesNewRoman(0)/m/n/10.95 [infer_soc_from_loaded_state(float(row.battery_voltage
_v), float(row.battery_current_a),

Overfull \hbox (55.02957pt too wide) in paragraph at lines 2131--2132
[]\TU/TimesNewRoman(0)/m/n/10.95 {’count’: int(len(window)), ’s_km’: float(wind
ow[’s_km’].median()), ’time_utc’: pd.to_datetime(window[’time_utc’].iloc[-

Overfull \hbox (10.4393pt too wide) in paragraph at lines 2131--2132
\TU/TimesNewRoman(0)/m/n/10.95 1], utc=True).strftime(’%Y-%m-%dT%H:%M:%SZ’), ’v
oltage_v’: float(window[’battery_voltage_v’].median()),

Overfull \hbox (12.60472pt too wide) in paragraph at lines 2131--2132
\TU/TimesNewRoman(0)/m/n/10.95 ’current_a’: float(window[’battery_current_a’].m
edian()), ’temp_c’: float(window[’Tamb_archive_C’].median()),
[55]
Underfull \hbox (badness 10000) in paragraph at lines 2174--2175
[][][][][][][][][][][][][][][][] [][] [][][][][][] [] [][] [] [][][][][] [][] [
] [][] [][][][][][][][] [] [][][][][][] [] [][][][] [] [][][][] [] [][][][] [] 
[][] [][] [][][][][][][][] [][]

Overfull \hbox (106.72801pt too wide) in paragraph at lines 2177--2178
\TU/TimesNewRoman(0)/m/n/10.95 float(window[’battery_voltage_v_obs’].median()),
 ’retire_anchor_voltage_pred_v’: float(window[’battery_voltage_v_pred’].median(
)),
[56]
Overfull \hbox (130.16211pt too wide) in paragraph at lines 2203--2204
[]\TU/TimesNewRoman(0)/m/n/10.95 {’retire_anchor_s_km’: float(window[’s_km’].me
dian()), ’retire_anchor_voltage_obs_v’: float(window[’battery_voltage_v_obs’].m
edian()),

Underfull \hbox (badness 3229) in paragraph at lines 2203--2204
\TU/TimesNewRoman(0)/m/n/10.95 soc_obs_value, ’retire_anchor_soc_pred’: float(w
indow[’soc_pred’].median()), ’retire_anchor_soc_error’:
[57]
Overfull \hbox (22.02637pt too wide) in paragraph at lines 2269--2270
[]\TU/TimesNewRoman(0)/m/n/10.95 power_resid \TU/YuGothic(0)/m/n/10.95 に \TU/Ti
mesNewRoman(0)/m/n/10.95 group.loc[power_mask, ’battery_power_w_obs’] - group.l
oc[power_mask, ’battery_power_w_pred’]
[58]
Underfull \hbox (badness 2310) in paragraph at lines 2304--2305
[]\TU/YuGothic(0)/m/n/10.95 戻 り 値 の 要 点\TU/TimesNewRoman(0)/m/n/10.95 : power_t
erm + energy_term + independent_pv_term + vehicle_voltage_term + bat-

Underfull \hbox (badness 10000) in paragraph at lines 2304--2305
\TU/TimesNewRoman(0)/m/n/10.95 tery_voltage_term + battery_terminal_term + vehi
cle_terminal_term + end_to_end_terminal_term +

Underfull \hbox (badness 1762) in paragraph at lines 2305--2306
[]\TU/YuGothic(0)/m/n/10.95 主 な ロ ー カ ル 代 入 名\TU/TimesNewRoman(0)/m/n/10.95 : b
attery_terminal_term, battery_voltage_term, end_to_end_terminal_term, en-

Underfull \hbox (badness 3375) in paragraph at lines 2305--2306
\TU/TimesNewRoman(0)/m/n/10.95 ergy_rmse_25km, energy_term, fit_window_term, in
dependent_pv_term, power_rmse, power_term, ro-
[59]
Underfull \hbox (badness 10000) in paragraph at lines 2325--2326
[]\TU/TimesNewRoman(0)/m/n/10.95 battery_terminal_term \TU/YuGothic(0)/m/n/10.9
5 に \TU/TimesNewRoman(0)/m/n/10.95 80.0 * abs(float(metrics.get(’battery_condit
ional_retire_anchor_soc_error’,

Overfull \hbox (6.70027pt too wide) in paragraph at lines 2327--2328
[]\TU/TimesNewRoman(0)/m/n/10.95 end_to_end_terminal_term \TU/YuGothic(0)/m/n/1
0.95 に \TU/TimesNewRoman(0)/m/n/10.95 300.0 * abs(float(metrics.get(’end_to_end
_retire_anchor_soc_error’, float(’inf’))))

Underfull \hbox (badness 3219) in paragraph at lines 2329--2330
[]\TU/TimesNewRoman(0)/m/n/10.95 power_term + energy_term + independent_pv_term
 + vehicle_voltage_term + battery_voltage_term +
[60] [61]
Underfull \hbox (badness 10000) in paragraph at lines 2431--2432
[][][][][] [][] [][][][][][][] [] [][][][][] [] [][][] [] [][][][][] [] [] [] [
] [][] [][][][][][][] [] [][][][][] [] [][][][][] [] [] [] [][][][][] [] [][] [
] [] [][] [][][][][][][] []

Underfull \hbox (badness 10000) in paragraph at lines 2431--2432
[][][][][][][] [] [][][] [] [][][] [][] [][][][] [] [][][][][][] [] [][][][][][
][][][][][] [][] [][][][][] [] [][][] [] [] [][] [] [] [][] [] [][][] [][] [][]
[][][][][][] [] [][][][][][][][][] [][]

Overfull \hbox (6.20052pt too wide) in paragraph at lines 2454--2455
[]\TU/TimesNewRoman(0)/m/n/10.95 raw_column \TU/YuGothic(0)/m/n/10.95 に\TU/Time
sNewRoman(0)/m/n/10.95 ’solar_power_w_obs_raw’ if ’solar_power_w_obs_raw’ in ou
t.columns else ’solar_power_w_obs’
[62]
Underfull \hbox (badness 2772) in paragraph at lines 2464--2465
\TU/TimesNewRoman(0)/m/n/10.95 ’known_aux_power_w’: float(known_aux_power_w), ’
sample_count’: int(len(x)), ’minimum_samples’:

Overfull \hbox (53.98102pt too wide) in paragraph at lines 2468--2469
[]\TU/TimesNewRoman(0)/m/n/10.95 diagnostic \TU/YuGothic(0)/m/n/10.95 に \TU/Tim
esNewRoman(0)/m/n/10.95 least_squares(lambda theta: y - (float(theta[0]) - floa
t(theta[1]) * x), x0=np.array([float(known_aux_power_w),

Underfull \hbox (badness 6625) in paragraph at lines 2468--2469
\TU/TimesNewRoman(0)/m/n/10.95 float(fixed.x[0])], dtype=float), bounds=(np.arr
ay([0.0, gain_bounds[0]], dtype=float), np.array([100.0,

Overfull \hbox (59.45601pt too wide) in paragraph at lines 2477--2478
[]\TU/TimesNewRoman(0)/m/n/10.95 day_fit \TU/YuGothic(0)/m/n/10.95 に \TU/TimesN
ewRoman(0)/m/n/10.95 least_squares(lambda theta: gy - (float(known_aux_power_w)
 - float(theta[0]) * gx), x0=np.array([candidate_gain],
[63]
Overfull \hbox (4.49677pt too wide) in paragraph at lines 2482--2483
[]\TU/TimesNewRoman(0)/m/n/10.95 accepted \TU/YuGothic(0)/m/n/10.95 に \TU/Times
NewRoman(0)/m/n/10.95 bool(np.isfinite(candidate_gain) and float(gain_bounds[0]
) < candidate_gain < float(gain_bounds[1])
[64]
Underfull \hbox (badness 10000) in paragraph at lines 2535--2536
[]\TU/YuGothic(0)/m/n/10.95 定 義\TU/TimesNewRoman(0)/m/n/10.95 : $[][][][][][] [
] [][][][][][][][][][][][] [] [][][][][][] [] [][][][][][][][][][][][][][] [] [
][] [] [][][][][][][][][] [][] [][][][][][] [] [][][][][] [] [][][] [][]

Underfull \hbox (badness 10000) in paragraph at lines 2574--2575
[]\TU/YuGothic(0)/m/n/10.95 定 義\TU/TimesNewRoman(0)/m/n/10.95 : $[][][][][][][]
[][][][][][] [] [][][][][] [] [][][][] [] [][][][][][][][][][][] [] [][] [] [][
][][][][][][][] [][] [] [][] [][][][][][] [] [][][] [][] [][][][][][] []
[65]
Underfull \hbox (badness 10000) in paragraph at lines 2605--2606
[]\TU/TimesNewRoman(0)/m/n/10.95 smoothed.loc[group.index] \TU/YuGothic(0)/m/n/
10.95 に \TU/TimesNewRoman(0)/m/n/10.95 savgol_filter(group.to_numpy(dtype=float
), usable_window, min(2, us-
[66] [67] [68] [69]
Underfull \hbox (badness 10000) in paragraph at lines 2773--2774
[]\TU/YuGothic(0)/m/n/10.95 定 義\TU/TimesNewRoman(0)/m/n/10.95 : $[][][][][][][]
 [] [][][][][][][][][][][] [] [][][] [] [][][][][][][][][][][][][][][][][][] []
 [][] [] [][][][][][][][][] [][] [][][][][][][][][][][][] []
[70]
Underfull \hbox (badness 10000) in paragraph at lines 2791--2792
[]\TU/TimesNewRoman(0)/m/n/10.95 headwind \TU/YuGothic(0)/m/n/10.95 に \TU/Times
NewRoman(0)/m/n/10.95 pd.to_numeric(frame[’headwind_archive_ms’], errors=’coerc
e’).fillna(0.0).to_numpy() *

Underfull \hbox (badness 5446) in paragraph at lines 2795--2796
[]\TU/TimesNewRoman(0)/m/n/10.95 ambient_source \TU/YuGothic(0)/m/n/10.95 に \TU
/TimesNewRoman(0)/m/n/10.95 frame[’Tamb_archive_C’] if ’Tamb_archive_C’ in fram
e else pd.Series(25.0, in-

Underfull \hbox (badness 1960) in paragraph at lines 2807--2808
[]\TU/TimesNewRoman(0)/m/n/10.95 force \TU/YuGothic(0)/m/n/10.95 に \TU/TimesNew
Roman(0)/m/n/10.95 0.5 * air_density * float(mot.cda) * relative_speed ** 2 + f
loat(mot.crr) * normal_force +
[71]
Underfull \hbox (badness 7238) in paragraph at lines 2817--2818
[]\TU/TimesNewRoman(0)/m/n/10.95 electrical[positive] \TU/YuGothic(0)/m/n/10.95
 に \TU/TimesNewRoman(0)/m/n/10.95 p_mech[positive] / np.maximum(drive_eff[posit
ive] * base_model.p.gear_eta *

Overfull \hbox (23.3078pt too wide) in paragraph at lines 2818--2819
[]\TU/TimesNewRoman(0)/m/n/10.95 electrical[~positive] \TU/YuGothic(0)/m/n/10.9
5 に \TU/TimesNewRoman(0)/m/n/10.95 -float(np.clip(mot.regen_utilization, 0.0, 1
.0)) * regen_eff[~positive] * base_model.p.gear_eta
[72]
Underfull \hbox (badness 10000) in paragraph at lines 2865--2866
[]\TU/YuGothic(0)/m/n/10.95 定 義\TU/TimesNewRoman(0)/m/n/10.95 : $[][][] [] [][]
[][][][][][][][][][] [] [][][][][][][][][] [] [][][][][][][][][][][][][][][] []
 [][] [] [][][][][][][][][] [][] [][][][] [] [][][][][] [][] [][][] []

Overfull \hbox (48.66846pt too wide) in paragraph at lines 2872--2873
[]\TU/YuGothic(0)/m/n/10.95 こ の ブ ロ ッ ク が 直 接 呼 ぶ 主 な 関 数  |・|  メ ソ ッ ド\TU/Time
sNewRoman(0)/m/n/10.95 : _acceleration_trace_from_speed, _motion_predictions_fo
r_acceleration,

Underfull \hbox (badness 1708) in paragraph at lines 2873--2874
\TU/TimesNewRoman(0)/m/n/10.95 selection with last-race-day holdout’, ’sample_p
eriod_sec’: sample_period_sec, ’selected_filter_method’:

Underfull \hbox (badness 1910) in paragraph at lines 2873--2874
\TU/TimesNewRoman(0)/m/n/10.95 selected_method, ’selected_filter_window_samples
’: selected_window, ’selected_filter_window_sec’: se-

Overfull \hbox (10.45467pt too wide) in paragraph at lines 2873--2874
\TU/TimesNewRoman(0)/m/n/10.95 out_day, ’training_sample_count’: int(train_mask
.sum()), ’validation_sample_count’: int(validation_mask.sum()),

Overfull \hbox (78.52075pt too wide) in paragraph at lines 2873--2874
\TU/TimesNewRoman(0)/m/n/10.95 ’baseline_training_rmse_w’: float(baseline[’trai
ning_rmse_w’]), ’selected_training_rmse_w’: float(selected[’training_rmse_w’]),


Overfull \hbox (117.84024pt too wide) in paragraph at lines 2873--2874
\TU/TimesNewRoman(0)/m/n/10.95 ’baseline_validation_rmse_w’: float(baseline[’va
lidation_rmse_w’]), ’selected_validation_rmse_w’: float(selected[’validation_rm
se_w’]),

Underfull \hbox (badness 6125) in paragraph at lines 2873--2874
\TU/TimesNewRoman(0)/m/n/10.95 ’training_improvement_w’: float(float(baseline[’
training_rmse_w’]) - float(selected[’training_rmse_w’])),

Underfull \hbox (badness 1205) in paragraph at lines 2873--2874
\TU/TimesNewRoman(0)/m/n/10.95 ’validation_sample_count’: int(validation_mask.s
um())}) / float(np.sqrt(np.mean(np.square(observed[use] -
[73] [74]
Underfull \hbox (badness 1082) in paragraph at lines 2919--2920
[]\TU/TimesNewRoman(0)/m/n/10.95 base_valid \TU/YuGothic(0)/m/n/10.95 に \TU/Tim
esNewRoman(0)/m/n/10.95 ~out[’exclude_power_fit’].fillna(True).astype(bool) & (
pd.to_numeric(out[’speed_kmh’], er-

Overfull \hbox (19.67664pt too wide) in paragraph at lines 2919--2920
\TU/TimesNewRoman(0)/m/n/10.95 rors=’coerce’) >= float(cfg.get(’min_speed_kmh’,
 12.0))) & np.isfinite(pd.to_numeric(out[’battery_power_w_obs’],

Overfull \hbox (14.53427pt too wide) in paragraph at lines 2937--2938
[]\TU/TimesNewRoman(0)/m/n/10.95 baseline \TU/YuGothic(0)/m/n/10.95 に \TU/Times
NewRoman(0)/m/n/10.95 next((row for row in records if row[’filter_method’] == ’
median’ and int(row[’filter_window_samples’])

Underfull \hbox (badness 6961) in paragraph at lines 2937--2938
\TU/TimesNewRoman(0)/m/n/10.95 == 5 and (abs(float(row[’lag_sec’])) < 0.5 * sam
ple_period_sec)), min(records, key=lambda row:

Underfull \hbox (badness 7759) in paragraph at lines 2941--2942
[]\TU/TimesNewRoman(0)/m/n/10.95 validation_ratio \TU/YuGothic(0)/m/n/10.95 に \
TU/TimesNewRoman(0)/m/n/10.95 float(best[’validation_rmse_w’]) / max(float(base
line[’validation_rmse_w’]), 1e-09)

Underfull \hbox (badness 10000) in paragraph at lines 2941--2942
\TU/TimesNewRoman(0)/m/n/10.95 if np.isfinite(float(best[’validation_rmse_w’]))
 and np.isfinite(float(baseline[’validation_rmse_w’])) else

Overfull \hbox (50.13774pt too wide) in paragraph at lines 2943--2944
\TU/TimesNewRoman(0)/m/n/10.95 enough_validation or (np.isfinite(validation_rat
io) and validation_ratio <= float(cfg.get(’maximum_validation_rmse_ratio’,
[75]
Underfull \hbox (badness 10000) in paragraph at lines 2951--2952
[]\TU/TimesNewRoman(0)/m/n/10.95 out[’accel_ms2’] \TU/YuGothic(0)/m/n/10.95 に \
TU/TimesNewRoman(0)/m/n/10.95 traces[selected_method, selected_window, selected
_lag].fillna(0.0).clip(lower=-1.5,

Underfull \hbox (badness 1127) in paragraph at lines 2955--2956
[]\TU/TimesNewRoman(0)/m/n/10.95 (out, {’enabled’: True, ’adopted’: adopted, ’m
ethod’: ’fixed-mass GNSS acceleration filter/lag selec-

Underfull \hbox (badness 10000) in paragraph at lines 2955--2956
\TU/TimesNewRoman(0)/m/n/10.95 tion with last-race-day holdout’, ’sample_period
_sec’: sample_period_sec, ’selected_filter_method’:

Underfull \hbox (badness 1430) in paragraph at lines 2955--2956
\TU/TimesNewRoman(0)/m/n/10.95 selected_method, ’selected_filter_window_samples
’: selected_window, ’selected_filter_window_sec’: se-

Overfull \hbox (12.64464pt too wide) in paragraph at lines 2955--2956
\TU/TimesNewRoman(0)/m/n/10.95 out_day, ’training_sample_count’: int(train_mask
.sum()), ’validation_sample_count’: int(validation_mask.sum()),

Overfull \hbox (80.71072pt too wide) in paragraph at lines 2955--2956
\TU/TimesNewRoman(0)/m/n/10.95 ’baseline_training_rmse_w’: float(baseline[’trai
ning_rmse_w’]), ’selected_training_rmse_w’: float(selected[’training_rmse_w’]),


Underfull \hbox (badness 10000) in paragraph at lines 2955--2956
\TU/TimesNewRoman(0)/m/n/10.95 ’baseline_validation_rmse_w’: float(baseline[’va
lidation_rmse_w’]), ’selected_validation_rmse_w’:

Underfull \hbox (badness 10000) in paragraph at lines 2955--2956
\TU/TimesNewRoman(0)/m/n/10.95 float(selected[’validation_rmse_w’]), ’training_
improvement_w’: float(float(baseline[’training_rmse_w’])
[76]
Underfull \hbox (badness 10000) in paragraph at lines 3001--3002
[]\TU/YuGothic(0)/m/n/10.95 定 義\TU/TimesNewRoman(0)/m/n/10.95 : $[][][][][][] [
] [][][][] [] [][][][][][][][] [] [][][][][][][][][][][][][][][][][][] [] [][] 
[] [][] [] [][][][][][][] [][] [][][][][][][][][] [] [] [] [][] []
[77]
Underfull \hbox (badness 10000) in paragraph at lines 3055--3056
[]\TU/YuGothic(0)/m/n/10.95 定 義\TU/TimesNewRoman(0)/m/n/10.95 : $[][][] [] [][]
[][][] [] [][][][][][][][][][][] [] [][][][][][][][][][][][][][][] [] [][] [] [
][][][][][][][][] [][] [][][][][] [] [][][][][][][] [] [][][] []

Underfull \hbox (badness 10000) in paragraph at lines 3055--3056
[][][][] [][] [][][][][][] [] [][][] [] [][][][] [][] [][][][] [] [][][][][] []
[] [][][] [] [][][][][][][][][][][][][][][] [][] [][][][][][][] [] [][][][] [] 
[][][][] [] [][][][] [] [][] [][]

Overfull \hbox (15.17401pt too wide) in paragraph at lines 3061--3062
[]\TU/YuGothic(0)/m/n/10.95 こ の ブ ロ ッ ク が 直 接 呼 ぶ 主 な 関 数  |・|  メ ソ ッ ド\TU/Time
sNewRoman(0)/m/n/10.95 : DataFrame, MotionFitResult, _grade_from_smoothed_eleva
tion,

Overfull \hbox (43.17714pt too wide) in paragraph at lines 3062--3063
[]\TU/YuGothic(0)/m/n/10.95 戻 り 値 の 要 点\TU/TimesNewRoman(0)/m/n/10.95 : (out, {
’enabled’: True, ’adopted’: True, ’reason’: ’training_improvement_and_last_day_
holdout_passed’,

Underfull \hbox (badness 2134) in paragraph at lines 3062--3063
\TU/TimesNewRoman(0)/m/n/10.95 str(route_profile_csv), ’adopted_route_profile_c
sv’: str(output_csv), ’holdout_day’: holdout_day, ’train-

Underfull \hbox (badness 4726) in paragraph at lines 3062--3063
\TU/TimesNewRoman(0)/m/n/10.95 ing_sample_count’: int(train_mask.sum()), ’valid
ation_sample_count’: int(validation_mask.sum()), ’se-

Underfull \hbox (badness 1132) in paragraph at lines 3062--3063
\TU/TimesNewRoman(0)/m/n/10.95 lected_smoothing_window_km’: selected_window, ’s
moothing_search_max_km’: smoothing_search_max,

Overfull \hbox (3.58243pt too wide) in paragraph at lines 3062--3063
\TU/TimesNewRoman(0)/m/n/10.95 training_improvement, ’baseline_validation_rmse_
w’: baseline_validation_rmse, ’selected_validation_rmse_w’:

Underfull \hbox (badness 4181) in paragraph at lines 3062--3063
\TU/TimesNewRoman(0)/m/n/10.95 ’adopted’: False, ’reason’: ’disabled_or_route_p
rofile_missing’}, None) / (frame.copy(), {’enabled’:

Underfull \hbox (badness 4205) in paragraph at lines 3062--3063
\TU/TimesNewRoman(0)/m/n/10.95 True, ’adopted’: False, ’reason’: ’route_profile
_requires_distance_and_elevation’, ’route_profile_csv’:

Underfull \hbox (badness 1762) in paragraph at lines 3062--3063
\TU/TimesNewRoman(0)/m/n/10.95 str(route_profile_csv)}, None) / (frame.copy(), 
{’enabled’: True, ’adopted’: False, ’reason’: ’insuffi-
[78]
Overfull \hbox (53.30232pt too wide) in paragraph at lines 3079--3080
[]\TU/TimesNewRoman(0)/m/n/10.95 (frame.copy(), {’enabled’: bool(cfg.get(’enabl
ed’, True)), ’adopted’: False, ’reason’: ’disabled_or_route_profile_missing’},

Underfull \hbox (badness 2237) in paragraph at lines 3082--3083
[]\TU/TimesNewRoman(0)/m/n/10.95 elevation_column \TU/YuGothic(0)/m/n/10.95 に \
TU/TimesNewRoman(0)/m/n/10.95 next((key for key in (’elev_m’, ’elev_dem_m’, ’al
t_m’, ’altitude_m’) if key in

Underfull \hbox (badness 2302) in paragraph at lines 3085--3086
[]\TU/TimesNewRoman(0)/m/n/10.95 source \TU/YuGothic(0)/m/n/10.95 に \TU/TimesNe
wRoman(0)/m/n/10.95 pd.DataFrame({’dist_km’: pd.to_numeric(route[distance_colum
n], errors=’coerce’), ’elev_m’:

Overfull \hbox (0.85422pt too wide) in paragraph at lines 3088--3089
[]\TU/TimesNewRoman(0)/m/n/10.95 (frame.copy(), {’enabled’: True, ’adopted’: Fa
lse, ’reason’: ’insufficient_monotonic_route_elevation_samples’,
[79]
Underfull \hbox (badness 4316) in paragraph at lines 3094--3095
[]\TU/TimesNewRoman(0)/m/n/10.95 common \TU/YuGothic(0)/m/n/10.95 に \TU/TimesNe
wRoman(0)/m/n/10.95 ~out[’exclude_power_fit’].fillna(False).astype(bool) & pd.t
o_numeric(out[’speed_kmh’], er-

Overfull \hbox (1.35358pt too wide) in paragraph at lines 3096--3097
[]\TU/TimesNewRoman(0)/m/n/10.95 train_mask \TU/YuGothic(0)/m/n/10.95 に \TU/Tim
esNewRoman(0)/m/n/10.95 (common & pd.to_numeric(out[’day’], errors=’coerce’).ne
(holdout_day)).to_numpy(dtype=bool)

Overfull \hbox (25.07678pt too wide) in paragraph at lines 3097--3098
[]\TU/TimesNewRoman(0)/m/n/10.95 validation_mask \TU/YuGothic(0)/m/n/10.95 に \T
U/TimesNewRoman(0)/m/n/10.95 (common & pd.to_numeric(out[’day’], errors=’coerce
’).eq(holdout_day)).to_numpy(dtype=bool)

Underfull \hbox (badness 2671) in paragraph at lines 3101--3102
[]\TU/TimesNewRoman(0)/m/n/10.95 (out, {’enabled’: True, ’adopted’: False, ’rea
son’: ’insufficient_train_or_validation_samples’, ’train-

Underfull \hbox (badness 1320) in paragraph at lines 3109--3110
[]\TU/TimesNewRoman(0)/m/n/10.95 grade_scales \TU/YuGothic(0)/m/n/10.95 に \TU/T
imesNewRoman(0)/m/n/10.95 [float(value) for value in cfg.get(’grade_scales’, np
.round(np.arange(0.5, 1.0001, 0.05),
[80]
Underfull \hbox (badness 7133) in paragraph at lines 3118--3119
[]\TU/TimesNewRoman(0)/m/n/10.95 aligned_route_slope \TU/YuGothic(0)/m/n/10.95 
に \TU/TimesNewRoman(0)/m/n/10.95 np.interp(distance + offset_km, distance, sour
ce_slope, left=source_slope[0],

Overfull \hbox (32.30693pt too wide) in paragraph at lines 3121--3122
[]\TU/TimesNewRoman(0)/m/n/10.95 candidate_frame[’slope_pct’] \TU/YuGothic(0)/m
/n/10.95 に \TU/TimesNewRoman(0)/m/n/10.95 np.interp(replay_distance, distance, 
aligned_route_slope, left=aligned_route_slope[0],

Underfull \hbox (badness 2326) in paragraph at lines 3131--3132
[]\TU/TimesNewRoman(0)/m/n/10.95 (out, {’enabled’: True, ’adopted’: False, ’rea
son’: ’training_gain_or_holdout_gate_failed’, ’method’:

Overfull \hbox (2.52162pt too wide) in paragraph at lines 3131--3132
\TU/TimesNewRoman(0)/m/n/10.95 line_training_rmse, ’selected_training_rmse_w’: 
float(best[’training_rmse_w’]), ’baseline_validation_rmse_w’:

Underfull \hbox (badness 10000) in paragraph at lines 3131--3132
\TU/TimesNewRoman(0)/m/n/10.95 baseline_validation_rmse, ’selected_validation_r
mse_w’: float(best[’validation_rmse_w’]), ’valida-

Underfull \hbox (badness 1694) in paragraph at lines 3143--3144
\TU/TimesNewRoman(0)/m/n/10.95 str(route_profile_csv), ’adopted_route_profile_c
sv’: str(output_csv), ’holdout_day’: holdout_day, ’train-

Underfull \hbox (badness 3826) in paragraph at lines 3143--3144
\TU/TimesNewRoman(0)/m/n/10.95 ing_sample_count’: int(train_mask.sum()), ’valid
ation_sample_count’: int(validation_mask.sum()), ’se-

Overfull \hbox (5.7724pt too wide) in paragraph at lines 3143--3144
\TU/TimesNewRoman(0)/m/n/10.95 training_improvement, ’baseline_validation_rmse_
w’: baseline_validation_rmse, ’selected_validation_rmse_w’:
[81] [82]
Overfull \hbox (62.59299pt too wide) in paragraph at lines 3222--3223
\TU/TimesNewRoman(0)/m/n/10.95 ’pv_lodo_moving_sample_count’: int(len(moving_re
siduals)), ’pv_lodo_deployed_stop_rmse_w’: rmse(deployed_residuals),

Overfull \hbox (13.62738pt too wide) in paragraph at lines 3222--3223
\TU/TimesNewRoman(0)/m/n/10.95 ’pv_lodo_deployed_stop_sample_count’: int(len(de
ployed_residuals))} / float(np.sqrt(np.mean(np.square(array))))
[83]
Overfull \hbox (6.72057pt too wide) in paragraph at lines 3245--3246
[]\TU/TimesNewRoman(0)/m/n/10.95 local_time \TU/YuGothic(0)/m/n/10.95 に \TU/Tim
esNewRoman(0)/m/n/10.95 pd.to_datetime(work[’time_utc’], format=’mixed’, utc=Tr
ue).dt.tz_convert(TIMEZONE_LOCAL)
[84]
Overfull \hbox (83.01765pt too wide) in paragraph at lines 3273--3274
[]\TU/TimesNewRoman(0)/m/n/10.95 {’pv_lodo_fold_count’: int(fold_count), ’pv_lo
do_moving_rmse_w’: rmse(moving_residuals), ’pv_lodo_moving_sample_count’:

Overfull \hbox (94.0033pt too wide) in paragraph at lines 3273--3274
\TU/TimesNewRoman(0)/m/n/10.95 int(len(moving_residuals)), ’pv_lodo_deployed_st
op_rmse_w’: rmse(deployed_residuals), ’pv_lodo_deployed_stop_sample_count’:
[85] [86]
Overfull \hbox (4.26434pt too wide) in paragraph at lines 3389--3390
[]\TU/YuGothic(0)/m/n/10.95 定 義\TU/TimesNewRoman(0)/m/n/10.95 : $[][][] [] [][]
[][][][][] [] [][][][][][][][][][][] [] [][][][][][][][][][][][][][][] [] [][][
][][][][][] [][] [][][][][] [] [][][][][][][][][][][][][] [] [][][][][][][][] [
][]
[87]
Underfull \hbox (badness 4441) in paragraph at lines 3445--3446
[]\TU/TimesNewRoman(0)/m/n/10.95 chunk[’time_utc’] \TU/YuGothic(0)/m/n/10.95 に 
\TU/TimesNewRoman(0)/m/n/10.95 pd.to_datetime(chunk[’time_utc’], format=’mixed’
, utc=True).dt.strftime(’%Y-%m-
[88]
Underfull \hbox (badness 10000) in paragraph at lines 3471--3472
[]\TU/YuGothic(0)/m/n/10.95 定 義\TU/TimesNewRoman(0)/m/n/10.95 : $[][][][][] [] 
[][][] [] [][] [] [][][][][][][] [] [][][][] [][] [] [][] [][][][][][][] [] [][
][] [] [][][][] [][] [][][] [] [][][][][][] [] [][][][][][][][] [][] [][][][] [
]

Underfull \hbox (badness 10000) in paragraph at lines 3471--3472
[][][][] [] [][][][][][][][][][][] [][] [][][][] [] [][][][][][][][][][][][][][
][][] [][] [][][] [] [][][][][][][][][][][][][][][] [][] [][][][][][][][] [] []
[][] [] [][][] []

Underfull \hbox (badness 10000) in paragraph at lines 3471--3472
[][][][] [][] [][][][][][][] [] [][][][][][][] [] [][][] [] [][][][][][][][] []
[] [][][] [] [][][][][] [] [][][][] [][] [][][][][] [] [][][][][][][][][][][] [
] [][][][][][][][][][][] []

Underfull \hbox (badness 1365) in paragraph at lines 3478--3479
\TU/TimesNewRoman(0)/m/n/10.95 ValueError(f’adopted OCV map is missing ocv_v: {
ocv_path}’), ValueError(f’adopted OCV maximum
[89] [90]
Underfull \hbox (badness 1158) in paragraph at lines 3525--3526
[]\TU/TimesNewRoman(0)/m/n/10.95 ValueError(f’adopted OCV maximum {ocv_max_v:.6
f} V exceeds the grounded 25S pack limit {BAT-
[91] [92]
Underfull \hbox (badness 10000) in paragraph at lines 3612--3613
[]\TU/YuGothic(0)/m/n/10.95 定 義\TU/TimesNewRoman(0)/m/n/10.95 : $[][][][][][] [
] [][][][][][][][][][][][][][][] [] [][][][] [] [][][][] [][] [][][] [] [][][][
] [][] [][][] [] [][][][][][] [] [][][][][][][][] [][] [][][][] [] [][][][] []

Underfull \hbox (badness 10000) in paragraph at lines 3612--3613
[][][][][][][][][][][] [][] [][][][] [] [][][][][][][][][][][][][][][][] [][] [
][][] [] [][][][][][][][][][][][][][][] [][] [][][][][][][][] [] [][][] [] [][]
[] [] [][][][] [][]

Overfull \hbox (12.25046pt too wide) in paragraph at lines 3612--3613
[][][][][][][] [] [][][][][][][] [] [][][] [] [][][][][][][][] [][] [][][] [] [
][][][][] [] [][][][] [][] [][][][][] [] [][][][][][][][][][][] [] [][][][][][]
[][][][][] [] [][][][][][][][] [][]

Underfull \hbox (badness 10000) in paragraph at lines 3612--3613
[][][] [] [][][][][] [] [][][][] [][] [][][][][] [] [][][][][][][] [] [][][][][
] [] [][][][] [] [][][][] [] [][][][] [][] [][][][][][][] [] [][][] [] [][][][]
 [] [][][][] [] [][][][] [] [][] [][]

Underfull \hbox (badness 10000) in paragraph at lines 3630--3631
\TU/TimesNewRoman(0)/m/n/10.95 battery_dynamic_fit=battery_dynamic_fit, solar_m
easurement_calibration=solar_measurement_calibration,
[93] [94] [95]
Underfull \hbox (badness 10000) in paragraph at lines 3744--3745
[]\TU/YuGothic(0)/m/n/10.95 定 義\TU/TimesNewRoman(0)/m/n/10.95 : $[][][][][] [] 
[][][][][][][][] [] [][][][][][][][][][][] [] [][][][] [] [][][][][][][][][][][
][][] [] [][][][] [] [][][][] [][] [][][][][][][][] [] [][][][][][] []

Underfull \hbox (badness 10000) in paragraph at lines 3744--3745
[][][][][][][][] [][] [][][] [] [][][] [][] [][][] [] [][][][][][] [] [][][][][
] [][] [][][][][][][][][][] [] [][][][][][][] [] [][][][][][][][] [][] [][][] [
] [][][][][] [] [][][][] [][]

Underfull \hbox (badness 10000) in paragraph at lines 3744--3745
[][][][][][] [] [][][] [] [][][][][] [] [][][] [] [][][][][] [] [] [] [][] [][]
 [][][][][][] [] [][][][][][][] [] [][][][][] [] [][][] [] [] [] [][][][][] [] 
[] [] [] [][] [][][][][][][] [] [][][] []

Underfull \hbox (badness 10000) in paragraph at lines 3744--3745
[][][][][] [] [][][] [] [][][][][] [] [] [] [][] [][] [][][][][][][] [] [][][][
][][][] [] [][][][][] [] [][][] [] [] [] [][][][][] [] [] [] [] [][] [][][] [] 
[][] [] [][][] [] [][][] [] [][][][][] []

Overfull \hbox (5.93216pt too wide) in paragraph at lines 3752--3753
[]\TU/YuGothic(0)/m/n/10.95 主 な ロ ー カ ル 代 入 名\TU/TimesNewRoman(0)/m/n/10.95 : c
ross_channel_gate, end_to_end_gate, end_to_end_soc_error, end_to_end_voltage_er
ror,

Underfull \hbox (badness 1308) in paragraph at lines 3752--3753
\TU/TimesNewRoman(0)/m/n/10.95 evidence_spread_gate, hi, high_precision_gate, l
o, local_anchor_gate, metrics, payload, replay_gate, re-

Underfull \hbox (badness 2846) in paragraph at lines 3752--3753
\TU/TimesNewRoman(0)/m/n/10.95 play_soc_error, replay_voltage_error, replay_vol
tage_observed, replay_voltage_predicted, sigma, spread,

Overfull \hbox (1.73492pt too wide) in paragraph at lines 3771--3772
[]\TU/TimesNewRoman(0)/m/n/10.95 replay_voltage_observed \TU/YuGothic(0)/m/n/10
.95 に \TU/TimesNewRoman(0)/m/n/10.95 float(metrics.get(’battery_conditional_ret
ire_anchor_voltage_obs_v’, float(’nan’)))

Overfull \hbox (7.18854pt too wide) in paragraph at lines 3772--3773
[]\TU/TimesNewRoman(0)/m/n/10.95 replay_voltage_predicted \TU/YuGothic(0)/m/n/1
0.95 に \TU/TimesNewRoman(0)/m/n/10.95 float(metrics.get(’battery_conditional_re
tire_anchor_voltage_pred_v’, float(’nan’)))

Overfull \hbox (140.34584pt too wide) in paragraph at lines 3775--3776
[]\TU/TimesNewRoman(0)/m/n/10.95 vehicle_voltage_error \TU/YuGothic(0)/m/n/10.9
5 に \TU/TimesNewRoman(0)/m/n/10.95 abs(float(metrics.get(’retire_anchor_voltage
_pred_v’, float(’nan’))) - float(metrics.get(’retire_anchor_voltage_obs_v’,
[96]
Overfull \hbox (58.02948pt too wide) in paragraph at lines 3783--3784
[]\TU/TimesNewRoman(0)/m/n/10.95 end_to_end_gate \TU/YuGothic(0)/m/n/10.95 に \T
U/TimesNewRoman(0)/m/n/10.95 bool(np.isfinite(end_to_end_soc_error) and end_to_
end_soc_error <= float(end_to_end_soc_error_max)

Overfull \hbox (37.9402pt too wide) in paragraph at lines 3783--3784
\TU/TimesNewRoman(0)/m/n/10.95 and np.isfinite(end_to_end_voltage_error) and (e
nd_to_end_voltage_error <= float(end_to_end_voltage_error_max_v)))

Underfull \hbox (badness 4713) in paragraph at lines 3784--3785
[]\TU/TimesNewRoman(0)/m/n/10.95 high_precision_gate \TU/YuGothic(0)/m/n/10.95 
に \TU/TimesNewRoman(0)/m/n/10.95 bool(evidence_spread_gate and local_anchor_gat
e and cross_channel_gate and

Overfull \hbox (33.35704pt too wide) in paragraph at lines 3785--3786
[]\TU/TimesNewRoman(0)/m/n/10.95 payload \TU/YuGothic(0)/m/n/10.95 に \TU/TimesN
ewRoman(0)/m/n/10.95 {’source’: ’terminal_anchor evidence envelope’, ’terminal_
distance_km’: float(terminal_anchor.get(’s_km’,

Overfull \hbox (10.00171pt too wide) in paragraph at lines 3785--3786
\TU/TimesNewRoman(0)/m/n/10.95 get, ’spread_percentage_points’: 100.0 * spread 
if np.isfinite(spread) else float(’nan’), ’high_precision_gate_pass’:

Underfull \hbox (badness 2556) in paragraph at lines 3785--3786
\TU/TimesNewRoman(0)/m/n/10.95 high_precision_gate, ’high_precision_checks’: {’
terminal_evidence_spread’: evidence_spread_gate, ’lo-

Overfull \hbox (13.59921pt too wide) in paragraph at lines 3785--3786
\TU/TimesNewRoman(0)/m/n/10.95 cal_terminal_anchor_quality’: local_anchor_gate,
 ’independent_cross_channel_consistency’: cross_channel_gate,

Overfull \hbox (61.48695pt too wide) in paragraph at lines 3785--3786
\TU/TimesNewRoman(0)/m/n/10.95 ’conditional_replay_terminal_soc’: bool(np.isfin
ite(replay_soc_error) and replay_soc_error <= float(replay_soc_error_max)),

Underfull \hbox (badness 1394) in paragraph at lines 3785--3786
\TU/TimesNewRoman(0)/m/n/10.95 ’conditional_replay_terminal_voltage’: bool(np.i
sfinite(replay_voltage_error) and replay_voltage_error <=

Overfull \hbox (66.89566pt too wide) in paragraph at lines 3785--3786
\TU/TimesNewRoman(0)/m/n/10.95 end_to_end_gate}, ’conditional_replay_terminal_s
oc_error’: replay_soc_error, ’conditional_replay_terminal_soc_error_max’:

Underfull \hbox (badness 1048) in paragraph at lines 3785--3786
\TU/TimesNewRoman(0)/m/n/10.95 float(replay_soc_error_max), ’conditional_replay
_terminal_voltage_error_v’: replay_voltage_error, ’condi-

Overfull \hbox (45.76306pt too wide) in paragraph at lines 3785--3786
\TU/TimesNewRoman(0)/m/n/10.95 tional_replay_terminal_voltage_error_max_v’: flo
at(replay_voltage_error_max_v), ’vehicle_replay_terminal_soc_error’:

Overfull \hbox (114.0961pt too wide) in paragraph at lines 3785--3786
\TU/TimesNewRoman(0)/m/n/10.95 vehicle_soc_error, ’vehicle_replay_terminal_soc_
error_max’: float(vehicle_soc_error_max), ’vehicle_replay_terminal_voltage_erro
r_v’:

Overfull \hbox (9.46982pt too wide) in paragraph at lines 3785--3786
\TU/TimesNewRoman(0)/m/n/10.95 ’end_to_end_replay_terminal_soc_error’: end_to_e
nd_soc_error, ’end_to_end_replay_terminal_soc_error_max’:

Overfull \hbox (0.24678pt too wide) in paragraph at lines 3785--3786
\TU/TimesNewRoman(0)/m/n/10.95 float(end_to_end_soc_error_max), ’end_to_end_rep
lay_terminal_voltage_error_v’: end_to_end_voltage_error,

Underfull \hbox (badness 10000) in paragraph at lines 3785--3786
\TU/TimesNewRoman(0)/m/n/10.95 ’end_to_end_replay_terminal_voltage_error_max_v’
: float(end_to_end_voltage_error_max_v), ’ran-
[97]
Underfull \hbox (badness 10000) in paragraph at lines 3834--3835
[]\TU/YuGothic(0)/m/n/10.95 定 義\TU/TimesNewRoman(0)/m/n/10.95 : $[][][][] [] []
[][][][][][][][] [] [][][][][][][] [] [][][][][][][][][][][][][][][] [] [][][] 
[] [][][][] [][] [] [][] [][][] [] [][][][][][] [] [][][][][][][][] [][]

Underfull \hbox (badness 10000) in paragraph at lines 3834--3835
[][][][] [] [][][][] [] [][][][][][][][][][][] [][] [][][][] [] [][][][][][][][
][][][][][][][][] [][] [][][] [] [][][][][][][][][][][][][][][] [][] [][][][][]
[][][] [] [][][] [] [][][] []

Underfull \hbox (badness 10000) in paragraph at lines 3834--3835
[][][][] [][] [][][][][][][] [] [][][][][][][] [] [][][] [] [][][][][][][][] []
[] [][][] [] [][][][][] [] [][][][] [][] [][][][][] [] [][][][][][][][][][][] [
] [][][][][][][][][][][] []
[98]
Underfull \hbox (badness 10000) in paragraph at lines 3858--3859
\TU/TimesNewRoman(0)/m/n/10.95 battery_dynamic_fit=battery_dynamic_fit, solar_m
easurement_calibration=solar_measurement_calibration,
[99]
Overfull \hbox (13.25046pt too wide) in paragraph at lines 3904--3905
[][][] [] [][][][][][] [] [][][][][][][][] [][] [][][][] [] [][][][] [] [][][][
][][][][][][][] [][] [][][][] [] [][][][][][][][][][][][][][][][] [][] [][][] [
] [][][][][][][][][][][][][][][] [][]

Underfull \hbox (badness 10000) in paragraph at lines 3904--3905
[][][][][][][] [] [][][][][][][][] [][] [][][][][] [] [][][][][][][][][][] [] [
][][][][][] [] [][][][][][][][] [][] [][][][][] [] [][][][][][][] [] [][][][][]
[][] [] [][][][][][][][][] []

Overfull \hbox (12.75046pt too wide) in paragraph at lines 3904--3905
[][][][][] [] [][][][][] [] [][][] [] [][][][][][][][] [][] [][][][][][] [] [][
][][][][] [] [][][][][][] [] [][][][][][][][][][][][][][][][] [][] [][][] [] []
[][][][][][] [] [][][][][][][][][] []

Underfull \hbox (badness 10000) in paragraph at lines 3904--3905
[][][][][][][][][] [] [][][][][][][] [] [][][] [] [][][][][][][][] [][] [][][] 
[] [][][][][] [] [][][][] [][] [][][] [] [][][][] [] [][][][] [] [][][][] [] []
[][][] [][] [][][][][][][][] []

Underfull \hbox (badness 10000) in paragraph at lines 3904--3905
[][][][][][][] [] [][][][] [] [][][][] [] [][][][] [][] [][][][][][] [] [][][] 
[] [][][][] [] [][][][] [] [][][][] [][] [][][][][][] [] [][][] [] [][][][] [] 
[][][][] [] [][][][] [][]

Underfull \hbox (badness 10000) in paragraph at lines 3904--3905
[][][][][][][] [] [][][][][][][][][][][] [] [][][][][][] [] [][][] [] [][][][] 
[] [][][][] [] [][][][] [][] [][][] [] [][] [] [][][] [] [][][][][][] [] [][][]
 [] [][][][] [] [][][][] []

Underfull \hbox (badness 6284) in paragraph at lines 3925--3926
[]\TU/TimesNewRoman(0)/m/n/10.95 payload \TU/YuGothic(0)/m/n/10.95 に \TU/TimesN
ewRoman(0)/m/n/10.95 {’builder’: ’generic_replay_mle’, ’manifest_yaml’: os.path
.relpath(manifest_path, pack-

Overfull \hbox (4.3431pt too wide) in paragraph at lines 3925--3926
\TU/TimesNewRoman(0)/m/n/10.95 tion_fit’: mot.__dict__, ’validation_metrics’: m
etrics, ’validation_protocol’: {’vehicle_conditional_replay_csv’:

Underfull \hbox (badness 1642) in paragraph at lines 3925--3926
\TU/TimesNewRoman(0)/m/n/10.95 relpath_from(package_dir, replay_csv), ’battery_
conditioned_replay_csv’: relpath_from(package_dir, bat-

Overfull \hbox (64.0558pt too wide) in paragraph at lines 3925--3926
\TU/TimesNewRoman(0)/m/n/10.95 ’vehicle_fit_solar_source’: ’measured_when_avail
able’, ’battery_conditioned_source’: ’observed_pack_power_and_current’,

Underfull \hbox (badness 1009) in paragraph at lines 3925--3926
\TU/TimesNewRoman(0)/m/n/10.95 dian_of_valid_stationary_window’}, ’terminal_anc
hor’: terminal_anchor, ’stage_anchors’: stage_anchors,

Underfull \hbox (badness 2932) in paragraph at lines 3925--3926
\TU/TimesNewRoman(0)/m/n/10.95 or {}).get(’terminal_anchor_path’)), ’grounded_m
ap_summary_yaml’: relpath_from(package_dir, (mani-

Underfull \hbox (badness 3271) in paragraph at lines 3925--3926
\TU/TimesNewRoman(0)/m/n/10.95 fest_context or {}).get(’grounded_summary_path’)
), ’source_inventory_json’: relpath_from(package_dir,

Overfull \hbox (0.66919pt too wide) in paragraph at lines 3925--3926
\TU/TimesNewRoman(0)/m/n/10.95 fest_context or {}).get(’notes_markdown_path’)),
 ’explicit_grounded_assets’: {key: relpath_from(package_dir,

Underfull \hbox (badness 1776) in paragraph at lines 3925--3926
\TU/TimesNewRoman(0)/m/n/10.95 path) for key, path in ((manifest_context or {})
.get(’explicit_grounded_assets’) or {}).items()}, ’exter-
[100] [101]
Underfull \hbox (badness 10000) in paragraph at lines 3974--3975
[][][][][][][] [] [][][][] [] [][][][] [][] [][][][][][][][] [] [][][] [] [][][
] [] [][][][] [][] [][] [] [][][][][][][][][][][] [][] [][][][] [] [][][][][][]
[][][][][][][][][][] [][]

Underfull \hbox (badness 10000) in paragraph at lines 3974--3975
[][][] [] [][][][][][][][][][][][][][][] [][] [][][][][][][] [] [][][][][][][][
] [][] [][][][][] [] [][][][][][] [] [][][][][][] [] [][][][][][][][][][][][][]
[][][] [][] [][][] []

Underfull \hbox (badness 10000) in paragraph at lines 3974--3975
[][][][][][] [] [][][][][][][][] [][] [][][][] [] [][][] [][] [][][][][][][][] 
[] [][][][][][] [] [][][][][][][][] [][] [][][][][] [] [][][][][] [] [][][][] [
][] [][][][][] [] [][][][][][][] []

Overfull \hbox (12.25046pt too wide) in paragraph at lines 3974--3975
[][][][][][][][][] [] [][][][][] [] [][][][] [][] [][][] [] [][][][][][][] [] [
][][][][][][][][] [] [][][][][] [] [][][][] [][] [][][][][][][] [] [][][][][][]
[] [] [][][] [] [][][][][][][][] [][]

Underfull \hbox (badness 10000) in paragraph at lines 3974--3975
[][][] [] [][][][][] [] [][][][] [][] [][][] [] [][][][] [] [][][][] [] [][][][
] [] [][][][] [][] [][][][][][][][] [] [][][] [] [][][][][][][] [] [][][][][][]
[][] [][] [][][][][][] []

Underfull \hbox (badness 10000) in paragraph at lines 3974--3975
[][][][][] [] [][][][] [][] [][][][][][][][] [] [][][][][][][] [] [][][][] [] [
][][][] [] [][][][] [][] [][][][][][][][] [] [][][][][][][][][][][] [] [][][][]
[][][][] [][] [][][] []

Overfull \hbox (13.25046pt too wide) in paragraph at lines 3974--3975
[][][][][] [] [][][][] [][] [][][][][][] [] [][][] [] [][][][] [] [][][][] [] [
][][][] [][] [][][][][][][] [] [][][][] [] [][][][] [] [][][][] [] [][][][] [] 
[][][][] [] [][] [][] [][][][][][][][][][] [][]
[102]
Overfull \hbox (9.96597pt too wide) in paragraph at lines 4022--4023
[]\TU/TimesNewRoman(0)/m/n/10.95 evidence_rows \TU/YuGothic(0)/m/n/10.95 に \TU/
TimesNewRoman(0)/m/n/10.95 [(’actual_event_yaml’, relpath_from(package_dir, man
ifest_context.get(’actual_event_path’))),

Underfull \hbox (badness 10000) in paragraph at lines 4022--4023
\TU/TimesNewRoman(0)/m/n/10.95 (’terminal_anchor_yaml’, relpath_from(package_di
r, manifest_context.get(’terminal_anchor_path’))),

Overfull \hbox (8.50278pt too wide) in paragraph at lines 4022--4023
\TU/TimesNewRoman(0)/m/n/10.95 (’grounded_map_summary_yaml’, relpath_from(packa
ge_dir, manifest_context.get(’grounded_summary_path’))

Overfull \hbox (50.64421pt too wide) in paragraph at lines 4022--4023
\TU/TimesNewRoman(0)/m/n/10.95 or grounded_yaml), (’source_inventory_json’, rel
path_from(package_dir, manifest_context.get(’source_inventory_path’))),
[103]
Overfull \hbox (94.69307pt too wide) in paragraph at lines 4023--4024
[]\TU/TimesNewRoman(0)/m/n/10.95 explicit_grounded_assets \TU/YuGothic(0)/m/n/1
0.95 に \TU/TimesNewRoman(0)/m/n/10.95 {key: relpath_from(package_dir, path) for
 key, path in (manifest_context.get(’explicit_grounded_assets’)

Underfull \hbox (badness 1184) in paragraph at lines 4029--4030
[]\TU/TimesNewRoman(0)/m/n/10.95 md \TU/YuGothic(0)/m/n/10.95 に \TU/TimesNewRom
an(0)/m/n/10.95 f”# {package_dir.name} generic identification report\n\n## Inpu
ts\n\n- profile: ‘{profile_rel}‘\n-

Underfull \hbox (badness 10000) in paragraph at lines 4029--4030
\TU/TimesNewRoman(0)/m/n/10.95 manifest: ‘{os.path.relpath(manifest_path, packa
ge_dir).replace(’\\’, ’/’)}‘\n- normalized replay log:

Underfull \hbox (badness 10000) in paragraph at lines 4029--4030
\TU/TimesNewRoman(0)/m/n/10.95 ‘{os.path.relpath(observed_log_csv, package_dir)
.replace(’\\’, ’/’)}‘\n\n## Adopted coefficients\n\n-

Overfull \hbox (39.11464pt too wide) in paragraph at lines 4029--4030
\TU/TimesNewRoman(0)/m/n/10.95 panel_gain: ‘{pv.panel_gain:.6f}‘\n- tcell_gain_
c_per_wm2: ‘{pv.tcell_gain_c_per_wm2:.6f}‘\n- pv_irradiance_source:

Overfull \hbox (24.29895pt too wide) in paragraph at lines 4029--4030
\TU/TimesNewRoman(0)/m/n/10.95 ‘{pv.irradiance_source}‘\n- pv_operating_state: 
‘{pv.operating_state}‘\n- pv_sample_count: ‘{pv.sample_count}‘\n-

Underfull \hbox (badness 10000) in paragraph at lines 4029--4030
\TU/TimesNewRoman(0)/m/n/10.95 lar_measurement_gain_to_pack: ‘{solar_gain_to_pa
ck:.8f}‘\n- solar_measurement_calibration_accepted:

Overfull \hbox (33.7965pt too wide) in paragraph at lines 4029--4030
\TU/TimesNewRoman(0)/m/n/10.95 solar_measurement_free_intercept_w: ‘{solar_cali
bration_intercept_w:.6f}‘\n- solar_measurement_intercept_error_w:

Overfull \hbox (42.83235pt too wide) in paragraph at lines 4029--4030
\TU/TimesNewRoman(0)/m/n/10.95 ‘{solar_calibration_intercept_error_w:.6f}‘\n- s
olar_measurement_daily_gain_std: ‘{solar_calibration_daily_std:.8f}‘\n-

Underfull \hbox (badness 1173) in paragraph at lines 4029--4030
\TU/TimesNewRoman(0)/m/n/10.95 soc0: ‘{batt.soc0:.6f}‘\n- E_nom_Wh: ‘{batt.e_no
m_wh:.3f}‘\n- Q_nom_Ah: ‘{batt.e_nom_wh / BAT-

Overfull \hbox (32.51147pt too wide) in paragraph at lines 4029--4030
\TU/TimesNewRoman(0)/m/n/10.95 TERY_NOMINAL_VOLTAGE_V:.6f}‘\n- rint_scale: ‘{ba
tt.rint_scale:.6f}‘\n- r_line_ohm: ‘{batt.r_line_ohm:.6f}‘\n-

Underfull \hbox (badness 10000) in paragraph at lines 4029--4030
\TU/TimesNewRoman(0)/m/n/10.95 ‘{float(battery_dynamic_fit.get(’tau_sec’, 60.0)
):.3f}‘\n- eta_charge: ‘{batt.eta_charge:.6f}‘\n- CdA:

Overfull \hbox (22.19597pt too wide) in paragraph at lines 4029--4030
\TU/TimesNewRoman(0)/m/n/10.95 ‘{mot.cda:.6f}‘\n- Crr: ‘{mot.crr:.6f}‘\n- P_aux
_w: ‘{mot.p_aux_w:.3f}‘\n- grade_scale: ‘{mot.grade_scale:.6f}‘\n-

Underfull \hbox (badness 10000) in paragraph at lines 4029--4030
\TU/TimesNewRoman(0)/m/n/10.95 drive_eff_scale: ‘{mot.drive_eff_scale:.6f}‘\n- 
regen_utilization: ‘{mot.regen_utilization:.6f}‘\n- re-

Underfull \hbox (badness 4416) in paragraph at lines 4029--4030
\TU/TimesNewRoman(0)/m/n/10.95 gen_sample_count: ‘{mot.regen_sample_count}‘\n- 
regen_fit_rmse_w: ‘{mot.regen_fit_rmse_w:.3f}‘\n-

Underfull \hbox (badness 10000) in paragraph at lines 4029--4030
\TU/TimesNewRoman(0)/m/n/10.95 efficiency map.\n\n- power_rmse_clean_w: ‘{metri
cs.get(’power_rmse_clean_w’, float(’nan’)):.3f}‘\n-

Underfull \hbox (badness 10000) in paragraph at lines 4029--4030
\TU/TimesNewRoman(0)/m/n/10.95 power_rmse_fit_window_w: ‘{metrics.get(’power_rm
se_fit_window_w’, float(’nan’)):.3f}‘\n- volt-

Underfull \hbox (badness 5652) in paragraph at lines 4029--4030
\TU/TimesNewRoman(0)/m/n/10.95 age_rmse_clean_v: ‘{metrics.get(’voltage_rmse_cl
ean_v’, float(’nan’)):.3f}‘\n- final_soc_pred: ‘{met-

Overfull \hbox (76.32643pt too wide) in paragraph at lines 4029--4030
\TU/TimesNewRoman(0)/m/n/10.95 tire_anchor_soc_error: ‘{metrics.get(’retire_anc
hor_soc_error’, float(’nan’)):.6f}‘\n- battery_conditional_power_rmse_clean_w:

Overfull \hbox (56.94829pt too wide) in paragraph at lines 4029--4030
\TU/TimesNewRoman(0)/m/n/10.95 ‘{metrics.get(’battery_conditional_power_rmse_cl
ean_w’, float(’nan’)):.3f}‘\n- battery_conditional_voltage_rmse_clean_v:

Overfull \hbox (66.05367pt too wide) in paragraph at lines 4029--4030
\TU/TimesNewRoman(0)/m/n/10.95 ‘{metrics.get(’battery_conditional_voltage_rmse_
clean_v’, float(’nan’)):.3f}‘\n- battery_conditional_retire_anchor_soc_error:

Overfull \hbox (29.9743pt too wide) in paragraph at lines 4029--4030
\TU/TimesNewRoman(0)/m/n/10.95 ‘{metrics.get(’battery_conditional_retire_anchor
_soc_error’, float(’nan’)):.6f}‘\n- end_to_end_power_rmse_clean_w:

Underfull \hbox (badness 2941) in paragraph at lines 4029--4030
\TU/TimesNewRoman(0)/m/n/10.95 ‘{metrics.get(’end_to_end_power_rmse_clean_w’, f
loat(’nan’)):.3f}‘\n- end_to_end_voltage_rmse_clean_v:

Underfull \hbox (badness 10000) in paragraph at lines 4029--4030
\TU/TimesNewRoman(0)/m/n/10.95 rics.get(’end_to_end_final_soc_pred’, float(’nan
’)):.6f}‘\n- end_to_end_retire_anchor_soc_error: ‘{met-

Underfull \hbox (badness 10000) in paragraph at lines 4029--4030
\TU/TimesNewRoman(0)/m/n/10.95 rics.get(’end_to_end_moving_pv_rmse_w’, float(’n
an’)):.3f}‘\n- end_to_end_deployed_stop_pv_rmse_w:

Underfull \hbox (badness 10000) in paragraph at lines 4029--4030
\TU/TimesNewRoman(0)/m/n/10.95 ‘{metrics.get(’end_to_end_deployed_stop_pv_rmse_
w’, float(’nan’)):.3f}‘\n- pv_lodo_moving_rmse_w:

Underfull \hbox (badness 7256) in paragraph at lines 4029--4030
\TU/TimesNewRoman(0)/m/n/10.95 ‘{metrics.get(’pv_lodo_moving_rmse_w’, float(’na
n’)):.3f}‘\n- pv_lodo_deployed_stop_rmse_w: ‘{met-

Overfull \hbox (52.91338pt too wide) in paragraph at lines 4029--4030
\TU/TimesNewRoman(0)/m/n/10.95 rics.get(’pv_lodo_deployed_stop_rmse_w’, float(’
nan’)):.3f}‘\n- pv_lodo_fold_count: ‘{metrics.get(’pv_lodo_fold_count’,

Overfull \hbox (40.49303pt too wide) in paragraph at lines 4029--4030
\TU/TimesNewRoman(0)/m/n/10.95 0)}‘\n- power_residual_mean_120s_rmse_w: ‘{metri
cs.get(’power_residual_mean_120s_rmse_w’, float(’nan’)):.3f}‘\n-

Underfull \hbox (badness 10000) in paragraph at lines 4029--4030
\TU/TimesNewRoman(0)/m/n/10.95 energy_error_10km_rmse_wh: ‘{metrics.get(’energy
_error_10km_rmse_wh’, float(’nan’)):.3f}‘\n- en-

Underfull \hbox (badness 10000) in paragraph at lines 4029--4030
\TU/TimesNewRoman(0)/m/n/10.95 ergy_error_25km_rmse_wh: ‘{metrics.get(’energy_e
rror_25km_rmse_wh’, float(’nan’)):.3f}‘\n\n##

Underfull \hbox (badness 2134) in paragraph at lines 4029--4030
\TU/TimesNewRoman(0)/m/n/10.95 Terminal-SoC evidence and certification\n\n- evi
dence_interval: ‘[{terminal_evidence_min:.6f}, {termi-

Underfull \hbox (badness 10000) in paragraph at lines 4029--4030
\TU/TimesNewRoman(0)/m/n/10.95 nal_evidence_max:.6f}]‘\n- evidence_spread_perce
ntage_points: ‘{terminal_evidence_spread_pp:.3f}‘\n-

Underfull \hbox (badness 10000) in paragraph at lines 4029--4030
\TU/TimesNewRoman(0)/m/n/10.95 high_precision_gate_pass: ‘{terminal_gate_pass}‘
\n” + (’\n’.join((f’- high_precision_check_{key}:

Underfull \hbox (badness 2662) in paragraph at lines 4029--4030
\TU/TimesNewRoman(0)/m/n/10.95 ‘(not evaluated)‘’) + f”\n- interpretation: ‘{te
rminal_interpretation}‘\n\nThe central terminal-SoC esti-

Underfull \hbox (badness 1210) in paragraph at lines 4029--4030
\TU/TimesNewRoman(0)/m/n/10.95 mate is not a direct coulomb-counter measurement
.\nIf the evidence spread or any replay check fails,

Underfull \hbox (badness 1152) in paragraph at lines 4029--4030
\TU/TimesNewRoman(0)/m/n/10.95 the value is retained as an\nengineering anchor 
only; this report does not certify a high-precision ac-

Underfull \hbox (badness 2600) in paragraph at lines 4029--4030
\TU/TimesNewRoman(0)/m/n/10.95 tual\n2831 km SoC and the candidate must not rep
lace the operational profile.\n\n## Method refer-

Underfull \hbox (badness 3058) in paragraph at lines 4029--4030
\TU/TimesNewRoman(0)/m/n/10.95 ences\n\n- Open-Meteo Historical Weather API: ht
tps://open-meteo.com/en/docs/historical-weather-api\n-

Underfull \hbox (badness 2351) in paragraph at lines 4029--4030
\TU/TimesNewRoman(0)/m/n/10.95 Sandia PVPMC plane-of-array irradiance guidance:
 https://pvpmc.sandia.gov/modeling-guide/1-weather-

Underfull \hbox (badness 10000) in paragraph at lines 4029--4030
\TU/TimesNewRoman(0)/m/n/10.95 design-inputs/plane-of-array-poa-irradiance/\n- 
pvlib total-irradiance transposition API: https://pvlib-

Underfull \hbox (badness 10000) in paragraph at lines 4029--4030
\TU/TimesNewRoman(0)/m/n/10.95 python.readthedocs.io/en/latest/reference/genera
ted/pvlib.irradiance.get_total_irradiance.html\n- Byrd et

Underfull \hbox (badness 1831) in paragraph at lines 4029--4030
\TU/TimesNewRoman(0)/m/n/10.95 energy data: https://escholarship.org/uc/item/2b
p8x04q\n\n## Terminal anchor\n\n- anchor_s_km: ‘{ter-

Underfull \hbox (badness 10000) in paragraph at lines 4029--4030
\TU/TimesNewRoman(0)/m/n/10.95 minal_anchor.get(’s_km’, float(’nan’))}‘\n- anch
or_time_utc: ‘{terminal_anchor.get(’time_utc’, ”)}‘\n-

Underfull \hbox (badness 10000) in paragraph at lines 4029--4030
\TU/TimesNewRoman(0)/m/n/10.95 anchor_voltage_v: ‘{terminal_anchor.get(’voltage
_v’, float(’nan’))}‘\n- anchor_current_a: ‘{termi-

Overfull \hbox (4.21834pt too wide) in paragraph at lines 4029--4030
\TU/TimesNewRoman(0)/m/n/10.95 nal_anchor.get(’current_a’, float(’nan’))}‘\n- a
nchor_temp_c: ‘{terminal_anchor.get(’temp_c’, float(’nan’))}‘\n-

Overfull \hbox (43.58879pt too wide) in paragraph at lines 4029--4030
\TU/TimesNewRoman(0)/m/n/10.95 anchor_soc_target: ‘{terminal_anchor.get(’soc_ta
rget’, float(’nan’))}‘\n\n## Fit plan\n\n- quality: ‘{fit_plan.get(’quality’,

Overfull \hbox (61.15083pt too wide) in paragraph at lines 4029--4030
\TU/TimesNewRoman(0)/m/n/10.95 ”)}‘\n- battery_restart_count: ‘{fit_plan.get(’b
attery_restart_count’, ”)}‘\n- battery_maxiter: ‘{fit_plan.get(’battery_maxiter
’,

Overfull \hbox (63.65309pt too wide) in paragraph at lines 4029--4030
\TU/TimesNewRoman(0)/m/n/10.95 ”)}‘\n- motion_restart_count: ‘{fit_plan.get(’mo
tion_restart_count’, ”)}‘\n- motion_maxiter: ‘{fit_plan.get(’motion_maxiter’,

Overfull \hbox (127.717pt too wide) in paragraph at lines 4029--4030
\TU/TimesNewRoman(0)/m/n/10.95 ”)}‘\n- joint_restart_count: ‘{fit_plan.get(’joi
nt_restart_count’, ”)}‘\n- joint_random_start_count: ‘{fit_plan.get(’joint_rand
om_start_count’,

Overfull \hbox (3.63127pt too wide) in paragraph at lines 4029--4030
\TU/TimesNewRoman(0)/m/n/10.95 ”)}‘\n- fit_stride: ‘{fit_plan.get(’fit_stride’,
 ”)}‘\n- allow_map_shape_fit: ‘{fit_plan.get(’allow_map_shape_fit’,

Overfull \hbox (101.89786pt too wide) in paragraph at lines 4029--4030
\TU/TimesNewRoman(0)/m/n/10.95 ”)}‘\n- post_refine_enabled: ‘{fit_plan.get(’pos
t_refine_enabled’, ”)}‘\n- terminal_anchor_role: ‘{fit_plan.get(’terminal_ancho
r_role’,

Underfull \hbox (badness 10000) in paragraph at lines 4029--4030
\TU/TimesNewRoman(0)/m/n/10.95 ”)}‘\n- panel_deployment_stopped_speed_kmh: ‘{fi
t_plan.get(’panel_deployment_stopped_speed_kmh’,

Underfull \hbox (badness 10000) in paragraph at lines 4029--4030
\TU/TimesNewRoman(0)/m/n/10.95 ”)}‘\n- panel_deployment_min_dwell_sec: ‘{fit_pl
an.get(’panel_deployment_min_dwell_sec’, ”)}‘\n-

Underfull \hbox (badness 1168) in paragraph at lines 4029--4030
\TU/TimesNewRoman(0)/m/n/10.95 panel_deployment_max_sample_gap_sec: ‘{fit_plan.
get(’panel_deployment_max_sample_gap_sec’, ”)}‘\n-

Overfull \hbox (27.661pt too wide) in paragraph at lines 4029--4030
\TU/TimesNewRoman(0)/m/n/10.95 grade_observation_adopted: ‘{bool(grade_observat
ion_fit.get(’adopted’, False))}‘\n- grade_smoothing_window_km:

Overfull \hbox (210.07368pt too wide) in paragraph at lines 4029--4030
\TU/TimesNewRoman(0)/m/n/10.95 ‘{grade_observation_fit.get(’selected_smoothing_
window_km’, ”)}‘\n- grade_distance_offset_km: ‘{grade_observation_fit.get(’sele
cted_distance_offset_km’,

Underfull \hbox (badness 10000) in paragraph at lines 4029--4030
\TU/TimesNewRoman(0)/m/n/10.95 ”)}‘\n- grade_training_rmse_w: ‘{grade_observati
on_fit.get(’baseline_training_rmse_w’, float(’nan’))}‘

Underfull \hbox (badness 10000) in paragraph at lines 4029--4030
\TU/TimesNewRoman(0)/m/n/10.95 -> ‘{grade_observation_fit.get(’selected_trainin
g_rmse_w’, float(’nan’))}‘\n- grade_holdout_rmse_w:

Overfull \hbox (110.64685pt too wide) in paragraph at lines 4029--4030
\TU/TimesNewRoman(0)/m/n/10.95 ‘{grade_observation_fit.get(’baseline_validation
_rmse_w’, float(’nan’))}‘ -> ‘{grade_observation_fit.get(’selected_validation_r
mse_w’,

Underfull \hbox (badness 3068) in paragraph at lines 4029--4030
\TU/TimesNewRoman(0)/m/n/10.95 float(’nan’))}‘\n\n## Stage anchors\n\n- stage_a
nchor_count: ‘{len(stage_anchors)}‘\n” + (’\n’.join((f”-

Underfull \hbox (badness 10000) in paragraph at lines 4029--4030
\TU/TimesNewRoman(0)/m/n/10.95 stage_anchor_{idx:02d}: ‘time={anchor.get(’time_
utc’, ”)}, s_km={anchor.get(’s_km’, float(’nan’))},

Overfull \hbox (15.85416pt too wide) in paragraph at lines 4029--4030
\TU/TimesNewRoman(0)/m/n/10.95 V={anchor.get(’voltage_v’, float(’nan’))}, I={an
chor.get(’current_a’, float(’nan’))}, SoC={anchor.get(’soc_target’,

Underfull \hbox (badness 10000) in paragraph at lines 4029--4030
\TU/TimesNewRoman(0)/m/n/10.95 ”)}: dist_end={row.get(’distance_end_km’, float(
’nan’)):.1f} km, final_soc={row.get(’final_soc_pred’,

Overfull \hbox (107.04034pt too wide) in paragraph at lines 4029--4030
\TU/TimesNewRoman(0)/m/n/10.95 float(’nan’)):.4f}, power_rmse={row.get(’power_r
mse_clean_w’, float(’nan’)):.2f} W, voltage_rmse={row.get(’voltage_rmse_clean_v
’,

Overfull \hbox (100.28206pt too wide) in paragraph at lines 4029--4030
\TU/TimesNewRoman(0)/m/n/10.95 float(’nan’)):.3f} V, excluded_power={row.get(’e
xcluded_power_points’, 0)}, excluded_voltage={row.get(’excluded_voltage_points’
,

Underfull \hbox (badness 2310) in paragraph at lines 4029--4030
\TU/TimesNewRoman(0)/m/n/10.95 {key}: ‘{value}‘’ for key, value in evidence_row
s if value)) + (’\n’ + ’\n’.join((f’- explicit_{key}:

Underfull \hbox (badness 3291) in paragraph at lines 4029--4030
\TU/TimesNewRoman(0)/m/n/10.95 Grounded map provenance\n\n- grounded_map_summar
y_yaml: ‘{grounded_yaml}‘\n\n## Post refine-

Underfull \hbox (badness 1783) in paragraph at lines 4029--4030
\TU/TimesNewRoman(0)/m/n/10.95 cda_factor: ‘{post_refine.cda_factor:.5f}‘\n- cr
r_factor: ‘{post_refine.crr_factor:.5f}‘\n- drive_eff_factor:

Underfull \hbox (badness 6893) in paragraph at lines 4029--4030
\TU/TimesNewRoman(0)/m/n/10.95 ‘{post_refine.drive_eff_factor:.5f}‘\n- headwind
_gain_factor: ‘{post_refine.headwind_gain_factor:.5f}‘\n-

Underfull \hbox (badness 2564) in paragraph at lines 4029--4030
\TU/TimesNewRoman(0)/m/n/10.95 e_nom_factor: ‘{post_refine.e_nom_factor:.5f}‘\n
- rint_factor: ‘{post_refine.rint_factor:.5f}‘\n\n## Out-
[104] [105]
Overfull \hbox (443.22905pt too wide) in paragraph at lines 4031--4032
[]\TU/TimesNewRoman(0)/m/n/10.95 tex \TU/YuGothic(0)/m/n/10.95 に \TU/TimesNewRo
man(0)/m/n/10.95 f”\n\\documentclass[a4paper,11pt]{{article}}\n\\usepackage[top
=18mm,bottom=22mm,left=18mm,right=18mm]{{geometry}}\n\\usepackage{{fontspec}}\n
\\usepackage{{xeCJK}}\n\\setmainfont{{Times

Overfull \hbox (631.69061pt too wide) in paragraph at lines 4031--4032
\TU/TimesNewRoman(0)/m/n/10.95 New Roman}}\n\\setCJKmainfont{{Yu Gothic}}\n\\se
tCJKmonofont{{Yu Gothic}}\n\\usepackage{{booktabs}}\n\\usepackage{{longtable}}\
n\\usepackage{{array}}\n\\usepackage{{xurl}}\n\\usepackage[unicode,hidelinks]{{
hyperref}}\n\\title{{Generic

Overfull \hbox (296.07248pt too wide) in paragraph at lines 4031--4032
\TU/TimesNewRoman(0)/m/n/10.95 Vehicle Identification Report}}\n\\author{{solar
\\_ws0129-main}}\n\\date{{}}\n\\begin{{document}}\n\\raggedbottom\n\\maketitle\
n\n\\section{{Inputs}}\n\\begin{{itemize}}\n

Overfull \hbox (103.01463pt too wide) in paragraph at lines 4031--4032
\TU/TimesNewRoman(0)/m/n/10.95 \\item profile: \\path{{project_packages/{packag
e_dir.name}/profile.yaml}}\n \\item manifest: \\path{{{os.path.relpath(manifest
_path,

Overfull \hbox (249.33253pt too wide) in paragraph at lines 4031--4032
\TU/TimesNewRoman(0)/m/n/10.95 port_dir).replace(’\\’, ’/’)}}}\n\\end{{itemize}
}\n\n\\section{{Adopted coefficients}}\n\\begin{{longtable}}{{p{{0.48\\linewidt
h}}p{{0.22\\linewidth}}}}\n\\toprule\n

Underfull \hbox (badness 2538) in paragraph at lines 4031--4032
\TU/TimesNewRoman(0)/m/n/10.95 & {pv.tcell_gain_c_per_wm2:.6f} \\\\\nstop tilt 
fraction [-] & {pv.stop_tilt_fraction:.6f} \\\\\nstop solar

Underfull \hbox (badness 1845) in paragraph at lines 4031--4032
\TU/TimesNewRoman(0)/m/n/10.95 \\\\\nsolar calibration samples & {solar_calibra
tion_samples} \\\\\nsolar free-intercept diagnostic [W] &

Underfull \hbox (badness 3428) in paragraph at lines 4031--4032
\TU/TimesNewRoman(0)/m/n/10.95 \\\\\nsoc0 & {batt.soc0:.6f} \\\\\n$E_{{nom}}$ [
Wh] & {batt.e_nom_wh:.3f} \\\\\n$Q_{{nom}}$ [Ah]

Overfull \hbox (78.3113pt too wide) in paragraph at lines 4031--4032
\TU/TimesNewRoman(0)/m/n/10.95 \\\\\n$R_{{line}}$ [ohm] & {batt.r_line_ohm:.6f}
 \\\\\n$R_{{p}}$ [ohm] & {float(battery_dynamic_fit.get(’r_polarization_ohm’,

Overfull \hbox (1.41965pt too wide) in paragraph at lines 4031--4032
\TU/TimesNewRoman(0)/m/n/10.95 0.0)):.6f} \\\\\n$\\tau_{{p}}$ [s] & {float(batt
ery_dynamic_fit.get(’tau_sec’, 60.0)):.3f} \\\\\n$\\eta_{{charge}}$

Underfull \hbox (badness 2781) in paragraph at lines 4031--4032
\TU/TimesNewRoman(0)/m/n/10.95 & {batt.eta_charge:.6f} \\\\\nCdA & {mot.cda:.6f
} \\\\\nCrr & {mot.crr:.6f} \\\\\n$P_{{aux}}$ [W] &

Overfull \hbox (16.89755pt too wide) in paragraph at lines 4031--4032
\TU/TimesNewRoman(0)/m/n/10.95 {mot.p_aux_w:.3f} \\\\\ngrade scale & {mot.grade
_scale:.6f} \\\\\ndrive efficiency scale & {mot.drive_eff_scale:.6f}

Underfull \hbox (badness 1694) in paragraph at lines 4031--4032
\TU/TimesNewRoman(0)/m/n/10.95 \\\\\nregen utilization & {mot.regen_utilization
:.6f} \\\\\nregen fit samples & {mot.regen_sample_count}

Overfull \hbox (56.16443pt too wide) in paragraph at lines 4031--4032
\TU/TimesNewRoman(0)/m/n/10.95 \\\\\npack terminal voltage limit [V] & {pack_vo
ltage_limit_v:.3f} \\\\\n\\bottomrule\n\\end{{longtable}}\n\n\\section{{Solar

Underfull \hbox (badness 3078) in paragraph at lines 4031--4032
\TU/TimesNewRoman(0)/m/n/10.95 measurement calibration}}\nBefore vehicle and PV
 fitting, stationary samples identify the ZP solar-

Overfull \hbox (100.4464pt too wide) in paragraph at lines 4031--4032
\TU/TimesNewRoman(0)/m/n/10.95 power\nchannel against the DC-bus balance,\n\\[\
nP_{{batt,k}}=P_{{aux}}-g_{{solar}}P_{{solar,raw,k}}+\\varepsilon_k.\n\\]\nWith


Underfull \hbox (badness 6032) in paragraph at lines 4031--4032
\TU/TimesNewRoman(0)/m/n/10.95 the independently observed 21 W auxiliary load f
ixed, the bounded robust\nestimate is\n\\[\n\\hat

Overfull \hbox (165.585pt too wide) in paragraph at lines 4031--4032
\TU/TimesNewRoman(0)/m/n/10.95 g_{{solar}}=\\mathop{{\\arg\\min}}_{{0.70\\le g\
\le1.05}}\n\\sum_k\\rho_H\\!\\left(P_{{batt,k}}-P_{{aux}}+gP_{{solar,raw,k}}\\r
ight).\n\\]\nThe

Overfull \hbox (68.46616pt too wide) in paragraph at lines 4031--4032
\TU/TimesNewRoman(0)/m/n/10.95 adopted gain is {solar_gain_to_pack:.8f} from {s
olar_calibration_samples}\nsamples (accepted={solar_calibration_accepted}).

Overfull \hbox (55.88222pt too wide) in paragraph at lines 4031--4032
\TU/TimesNewRoman(0)/m/n/10.95 A free-intercept fit is reported\nonly as a phys
ical-consistency diagnostic; its intercept is\n{solar_calibration_intercept_w:.
6f}

Underfull \hbox (badness 1057) in paragraph at lines 4031--4032
\TU/TimesNewRoman(0)/m/n/10.95 rather than the maximum voltage seen in a\nloade
d discharge trace. The adopted YATA profile limit

Underfull \hbox (badness 2452) in paragraph at lines 4031--4032
\TU/TimesNewRoman(0)/m/n/10.95 it.\n\n\\section{{Validation}}\nUnprefixed value
s are vehicle-model validation conditioned on measured

Underfull \hbox (badness 1112) in paragraph at lines 4031--4032
\TU/TimesNewRoman(0)/m/n/10.95 km metrics test accumulated route energy. They a
re intentionally reported as\nseparate quantities; no

Underfull \hbox (badness 10000) in paragraph at lines 4031--4032
\TU/TimesNewRoman(0)/m/n/10.95 use are separated as\n\\[\nP_{{reg,dc}}=u_{{rege
n}}\\eta_{{reg}}\\eta_{{gear}}\\eta_{{inv}}\n\\max(-

Underfull \hbox (badness 10000) in paragraph at lines 4031--4032
\TU/TimesNewRoman(0)/m/n/10.95 identify $u_{{regen}}$.\n\n\\begin{{longtable}}{
{p{{0.48\\linewidth}}p{{0.22\\linewidth}}}}\n\\toprule\n

Overfull \hbox (20.84157pt too wide) in paragraph at lines 4031--4032
\TU/YuGothic(0)/m/n/10.95 指 標 \TU/TimesNewRoman(0)/m/n/10.95 & \TU/YuGothic(0)/
m/n/10.95 値 \TU/TimesNewRoman(0)/m/n/10.95 \\\\\n\\midrule\n\\endhead\nvehicle 
replay power RMSE [W] & {float(metrics.get(’power_rmse_clean_w’,

Underfull \hbox (badness 2913) in paragraph at lines 4031--4032
\TU/TimesNewRoman(0)/m/n/10.95 float(’nan’))):.3f} \\\\\nfit-window power RMSE 
[W] & {float(metrics.get(’power_rmse_fit_window_w’,

Underfull \hbox (badness 4765) in paragraph at lines 4031--4032
\TU/TimesNewRoman(0)/m/n/10.95 float(’nan’))):.3f} \\\\\nvehicle replay voltage
 RMSE [V] & {float(metrics.get(’voltage_rmse_clean_v’,

Underfull \hbox (badness 3646) in paragraph at lines 4031--4032
\TU/TimesNewRoman(0)/m/n/10.95 \\\\\nvehicle terminal SoC observed [-] & {float
(metrics.get(’retire_anchor_soc_obs’, float(’nan’))):.6f}

Underfull \hbox (badness 2119) in paragraph at lines 4031--4032
\TU/TimesNewRoman(0)/m/n/10.95 \\\\\nvehicle terminal SoC predicted [-] & {floa
t(metrics.get(’retire_anchor_soc_pred’, float(’nan’))):.6f}

Underfull \hbox (badness 10000) in paragraph at lines 4031--4032
\TU/TimesNewRoman(0)/m/n/10.95 \\\\\nvehicle terminal SoC error [-] & {float(me
trics.get(’retire_anchor_soc_error’, float(’nan’))):.6f}

Underfull \hbox (badness 10000) in paragraph at lines 4031--4032
\TU/TimesNewRoman(0)/m/n/10.95 \\\\\nbattery-only power RMSE [W] & {float(metri
cs.get(’battery_conditional_power_rmse_clean_w’,

Overfull \hbox (42.19615pt too wide) in paragraph at lines 4031--4032
\TU/TimesNewRoman(0)/m/n/10.95 float(’nan’))):.3f} \\\\\nbattery-only voltage R
MSE [V] & {float(metrics.get(’battery_conditional_voltage_rmse_clean_v’,

Overfull \hbox (61.42014pt too wide) in paragraph at lines 4031--4032
\TU/TimesNewRoman(0)/m/n/10.95 float(’nan’))):.3f} \\\\\nbattery-only terminal 
SoC error [-] & {float(metrics.get(’battery_conditional_retire_anchor_soc_error
’,

Overfull \hbox (2.05865pt too wide) in paragraph at lines 4031--4032
\TU/TimesNewRoman(0)/m/n/10.95 float(’nan’))):.3f} \\\\\nend-to-end voltage RMS
E [V] & {float(metrics.get(’end_to_end_voltage_rmse_clean_v’,

Overfull \hbox (21.16039pt too wide) in paragraph at lines 4031--4032
\TU/TimesNewRoman(0)/m/n/10.95 float(’nan’))):.3f} \\\\\nend-to-end final SoC [
-] & {float(metrics.get(’end_to_end_final_soc_pred’, float(’nan’))):.6f}

Overfull \hbox (21.46515pt too wide) in paragraph at lines 4031--4032
\TU/TimesNewRoman(0)/m/n/10.95 \\\\\nend-to-end terminal SoC error [-] & {float
(metrics.get(’end_to_end_retire_anchor_soc_error’, float(’nan’))):.6f}

Overfull \hbox (13.23485pt too wide) in paragraph at lines 4031--4032
\TU/TimesNewRoman(0)/m/n/10.95 \\\\\nend-to-end moving PV RMSE [W] & {float(met
rics.get(’end_to_end_moving_pv_rmse_w’, float(’nan’))):.3f}

Overfull \hbox (13.65117pt too wide) in paragraph at lines 4031--4032
\TU/TimesNewRoman(0)/m/n/10.95 float(’nan’))):.3f} \\\\\nPV leave-one-day-out m
oving RMSE [W] & {float(metrics.get(’pv_lodo_moving_rmse_w’,

Overfull \hbox (72.63573pt too wide) in paragraph at lines 4031--4032
\TU/TimesNewRoman(0)/m/n/10.95 float(’nan’))):.3f} \\\\\nPV leave-one-day-out d
eployed-stop RMSE [W] & {float(metrics.get(’pv_lodo_deployed_stop_rmse_w’,

Underfull \hbox (badness 10000) in paragraph at lines 4031--4032
\TU/TimesNewRoman(0)/m/n/10.95 \\\\\n\\bottomrule\n\\end{{longtable}}\n\n\\sect
ion{{Terminal-SoC evidence and certification}}\nThe in-

Underfull \hbox (badness 10000) in paragraph at lines 4031--4032
\TU/TimesNewRoman(0)/m/n/10.95 dependent evidence interval is\n$[{terminal_evid
ence_min:.6f},\\,{terminal_evidence_max:.6f}]$, with

Overfull \hbox (59.79916pt too wide) in paragraph at lines 4031--4032
\TU/TimesNewRoman(0)/m/n/10.95 \\textbf{{{terminal_gate_pass}}}.\n\n\\begin{{lo
ngtable}}{{p{{0.58\\linewidth}}p{{0.18\\linewidth}}}}\n\\toprule\ncheck

Overfull \hbox (51.15002pt too wide) in paragraph at lines 4031--4032
\TU/TimesNewRoman(0)/m/n/10.95 value in terminal_checks.items())) + f”\n\\botto
mrule\n\\end{{longtable}}\n\n{tex_text_fragment(terminal_interpretation)}

Underfull \hbox (badness 2285) in paragraph at lines 4031--4032
\TU/TimesNewRoman(0)/m/n/10.95 The central estimate is not a\ndirect coulomb-co
unter observation. If this gate is false, it remains

Underfull \hbox (badness 10000) in paragraph at lines 4031--4032
\TU/TimesNewRoman(0)/m/n/10.95 Weather API: \\url{{https://open-meteo.com/en/do
cs/historical-weather-api}}\n \\item Sandia PVPMC

Underfull \hbox (badness 10000) in paragraph at lines 4031--4032
\TU/TimesNewRoman(0)/m/n/10.95 plane-of-array irradiance guidance: \\url{{https
://pvpmc.sandia.gov/modeling-guide/1-weather-design-

Overfull \hbox (66.8488pt too wide) in paragraph at lines 4031--4032
\TU/TimesNewRoman(0)/m/n/10.95 nized link-level EV energy data: \\url{{https://
escholarship.org/uc/item/2bp8x04q}}\n\\end{{itemize}}\n\n\\section{{Terminal

Underfull \hbox (badness 10000) in paragraph at lines 4031--4032
\TU/TimesNewRoman(0)/m/n/10.95 anchor}}\n\\begin{{longtable}}{{p{{0.48\\linewid
th}}p{{0.32\\linewidth}}}}\n\\toprule\n \TU/YuGothic(0)/m/n/10.95 項 目 \TU/Times
NewRoman(0)/m/n/10.95 & \TU/YuGothic(0)/m/n/10.95 値

Underfull \hbox (badness 4846) in paragraph at lines 4031--4032
\TU/TimesNewRoman(0)/m/n/10.95 \\\\\n\\midrule\n\\endhead\nanchor distance [km]
 & {float(terminal_anchor.get(’s_km’, float(’nan’))):.3f}

Underfull \hbox (badness 1642) in paragraph at lines 4031--4032
\TU/TimesNewRoman(0)/m/n/10.95 \\\\\nanchor time UTC & \\path{{{str(terminal_an
chor.get(’time_utc’, ”))}}} \\\\\nanchor voltage [V] &

Overfull \hbox (51.83252pt too wide) in paragraph at lines 4031--4032
\TU/TimesNewRoman(0)/m/n/10.95 {float(terminal_anchor.get(’voltage_v’, float(’n
an’))):.3f} \\\\\nanchor current [A] & {float(terminal_anchor.get(’current_a’,

Underfull \hbox (badness 3029) in paragraph at lines 4031--4032
\TU/TimesNewRoman(0)/m/n/10.95 float(’nan’))):.3f} \\\\\nanchor temperature [C]
 & {float(terminal_anchor.get(’temp_c’, float(’nan’))):.3f}

Overfull \hbox (135.57938pt too wide) in paragraph at lines 4031--4032
\TU/TimesNewRoman(0)/m/n/10.95 \\\\\nanchor SoC target [-] & {float(terminal_an
chor.get(’soc_target’, float(’nan’))):.6f} \\\\\n\\bottomrule\n\\end{{longtable
}}\n\n\\section{{Fit

Underfull \hbox (badness 10000) in paragraph at lines 4031--4032
\TU/TimesNewRoman(0)/m/n/10.95 plan}}\n\\begin{{itemize}}\n \\item quality: {st
r(fit_plan.get(’quality’, ”))}\n \\item battery restart

Underfull \hbox (badness 1142) in paragraph at lines 4031--4032
\TU/TimesNewRoman(0)/m/n/10.95 count: {fit_plan.get(’battery_restart_count’, ”)
}\n \\item battery maxiter: {fit_plan.get(’battery_maxiter’,

Underfull \hbox (badness 4391) in paragraph at lines 4031--4032
\TU/TimesNewRoman(0)/m/n/10.95 ”)}\n \\item motion restart count: {fit_plan.get
(’motion_restart_count’, ”)}\n \\item motion maxiter:

Underfull \hbox (badness 1796) in paragraph at lines 4031--4032
\TU/TimesNewRoman(0)/m/n/10.95 {fit_plan.get(’motion_maxiter’, ”)}\n \\item joi
nt restart count: {fit_plan.get(’joint_restart_count’, ”)}\n

Underfull \hbox (badness 1648) in paragraph at lines 4031--4032
\TU/TimesNewRoman(0)/m/n/10.95 \\item joint random start count: {fit_plan.get(’
joint_random_start_count’, ”)}\n \\item joint local topk:

Underfull \hbox (badness 1571) in paragraph at lines 4031--4032
\TU/TimesNewRoman(0)/m/n/10.95 {fit_plan.get(’joint_local_topk’, ”)}\n \\item j
oint maxiter: {fit_plan.get(’joint_maxiter’, ”)}\n \\item fit

Underfull \hbox (badness 1939) in paragraph at lines 4031--4032
\TU/TimesNewRoman(0)/m/n/10.95 stride: {fit_plan.get(’fit_stride’, ”)}\n \\item
 allow map-shape fit: {fit_plan.get(’allow_map_shape_fit’,

Underfull \hbox (badness 1796) in paragraph at lines 4031--4032
\TU/TimesNewRoman(0)/m/n/10.95 ”)}\n \\item post-refine enabled: {fit_plan.get(
’post_refine_enabled’, ”)}\n \\item terminal anchor role:

Overfull \hbox (185.09044pt too wide) in paragraph at lines 4031--4032
\TU/TimesNewRoman(0)/m/n/10.95 \\path{{{str(fit_plan.get(’terminal_anchor_role’
, ”))}}}\n \\item panel deployment stopped speed: {fit_plan.get(’panel_deployme
nt_stopped_speed_kmh’,

Overfull \hbox (60.93703pt too wide) in paragraph at lines 4031--4032
\TU/TimesNewRoman(0)/m/n/10.95 {}) or {}).get(’adopted’, False))}\n \\item acce
leration selected filter: \\path{{{str((fit_plan.get(’acceleration_observation_
fit’,

Overfull \hbox (145.47765pt too wide) in paragraph at lines 4031--4032
\TU/TimesNewRoman(0)/m/n/10.95 {}) or {}).get(’selected_filter_window_sec’, ”)}
 s\n \\item acceleration timestamp selected lag: {float((fit_plan.get(’accelera
tion_observation_fit’,

Underfull \hbox (badness 10000) in paragraph at lines 4031--4032
\TU/TimesNewRoman(0)/m/n/10.95 {}) or {}).get(’selected_lag_sec’, float(’nan’))
):.3f} s\n \\item acceleration alignment train RMSE:

Overfull \hbox (2.72661pt too wide) in paragraph at lines 4031--4032
\TU/TimesNewRoman(0)/m/n/10.95 {float((fit_plan.get(’acceleration_observation_f
it’, {}) or {}).get(’baseline_training_rmse_w’, float(’nan’))):.3f}

Overfull \hbox (35.47897pt too wide) in paragraph at lines 4031--4032
\TU/TimesNewRoman(0)/m/n/10.95 float(’nan’))):.3f} W\n \\item acceleration alig
nment held-out RMSE: {float((fit_plan.get(’acceleration_observation_fit’,

Overfull \hbox (77.35129pt too wide) in paragraph at lines 4031--4032
\TU/TimesNewRoman(0)/m/n/10.95 {}) or {}).get(’baseline_validation_rmse_w’, flo
at(’nan’))):.3f} $\\rightarrow$ {float((fit_plan.get(’acceleration_observation_
fit’,

Underfull \hbox (badness 2894) in paragraph at lines 4031--4032
\TU/TimesNewRoman(0)/m/n/10.95 DEM grade distance offset: {grade_observation_fi
t.get(’selected_distance_offset_km’, ”)} km\n \\item

Underfull \hbox (badness 3354) in paragraph at lines 4031--4032
\TU/TimesNewRoman(0)/m/n/10.95 DEM grade train RMSE: {float(grade_observation_f
it.get(’baseline_training_rmse_w’, float(’nan’))):.3f}

Underfull \hbox (badness 4739) in paragraph at lines 4031--4032
\TU/TimesNewRoman(0)/m/n/10.95 $\\rightarrow$ {float(grade_observation_fit.get(
’selected_training_rmse_w’, float(’nan’))):.3f} W\n \\item

Overfull \hbox (121.94974pt too wide) in paragraph at lines 4031--4032
\TU/TimesNewRoman(0)/m/n/10.95 $\\rightarrow$ {float(grade_observation_fit.get(
’selected_validation_rmse_w’, float(’nan’))):.3f} W\n\\end{{itemize}}\n\n\\sect
ion{{Stage

Underfull \hbox (badness 10000) in paragraph at lines 4031--4032
\TU/TimesNewRoman(0)/m/n/10.95 \\item anchor {idx:02d}: time=\\path{{{str(ancho
r.get(’time_utc’, ”))}}}, s={float(anchor.get(’s_km’,

Overfull \hbox (9.54361pt too wide) in paragraph at lines 4031--4032
\TU/TimesNewRoman(0)/m/n/10.95 float(’nan’))):.3f} A, SoC={float(anchor.get(’so
c_target’, float(’nan’))):.6f}, dwell={float(anchor.get(’dwell_sec’,

Overfull \hbox (1457.66168pt too wide) in paragraph at lines 4031--4032
\TU/TimesNewRoman(0)/m/n/10.95 (none)’) + f’\n\\end{{itemize}}\n\n\\section{{Da
y metrics}}\n\\begin{{longtable}}{{>{{\\raggedright\\arraybackslash}}p{{0.10\\l
inewidth}}>{{\\raggedright\\arraybackslash}}p{{0.16\\linewidth}}>{{\\raggedrigh
t\\arraybackslash}}p{{0.16\\linewidth}}>{{\\raggedright\\arraybackslash}}p{{0.1
6\\linewidth}}>{{\\raggedright\\arraybackslash}}p{{0.16\\linewidth}}>{{\\ragged
right\\arraybackslash}}p{{0.10\\linewidth}}}}\n\\toprule\nday

Overfull \hbox (6.52829pt too wide) in paragraph at lines 4031--4032
\TU/TimesNewRoman(0)/m/n/10.95 & dist end [km] & final SoC & power RMSE [W] & v
oltage RMSE [V] & excl. power \\\\\n\\midrule\n\\endhead\n’

Overfull \hbox (74.79987pt too wide) in paragraph at lines 4031--4032
\TU/TimesNewRoman(0)/m/n/10.95 + ’\n’.join((f”{int(row.get(’day’, -1))} & {floa
t(row.get(’distance_end_km’, float(’nan’))):.1f} & {float(row.get(’final_soc_pr
ed’,

Overfull \hbox (40.16515pt too wide) in paragraph at lines 4031--4032
\TU/TimesNewRoman(0)/m/n/10.95 float(’nan’))):.4f} & {float(row.get(’power_rmse
_clean_w’, float(’nan’))):.2f} & {float(row.get(’voltage_rmse_clean_v’,

Overfull \hbox (197.75679pt too wide) in paragraph at lines 4031--4032
\TU/TimesNewRoman(0)/m/n/10.95 float(’nan’))):.3f} & {int(row.get(’excluded_pow
er_points’, 0))} \\\\” for row in day_metrics)) + f’\n\\bottomrule\n\\end{{long
table}}\n\n\\section{{Evidence

Overfull \hbox (49.5407pt too wide) in paragraph at lines 4031--4032
\TU/TimesNewRoman(0)/m/n/10.95 nal_documents)) if external_documents else ”) + 
f’\n\\end{{itemize}}\n\n\\section{{Active maps}}\n\\begin{{itemize}}\n’

Overfull \hbox (4.96445pt too wide) in paragraph at lines 4031--4032
\TU/TimesNewRoman(0)/m/n/10.95 + ’\n’.join((f’ \\item {tex_path_fragment(key)}:
 {tex_path_fragment(value)}’ for key, value in rel_maps.items()))

Overfull \hbox (298.16481pt too wide) in paragraph at lines 4031--4032
\TU/TimesNewRoman(0)/m/n/10.95 summary yaml: \\path{{{grounded_yaml}}}\n\\end{{
itemize}}\n\n\\section{{Post refinement}}\n\\begin{{longtable}}{{p{{0.48\\linew
idth}}p{{0.22\\linewidth}}}}\n\\toprule\n

Underfull \hbox (badness 7047) in paragraph at lines 4031--4032
\TU/YuGothic(0)/m/n/10.95 項 目 \TU/TimesNewRoman(0)/m/n/10.95 & \TU/YuGothic(0)/
m/n/10.95 値 \TU/TimesNewRoman(0)/m/n/10.95 \\\\\n\\midrule\n\\endhead\naccepted
 & {post_refine.accepted} \\\\\npanel gain factor &

Underfull \hbox (badness 10000) in paragraph at lines 4031--4032
\TU/TimesNewRoman(0)/m/n/10.95 {post_refine.panel_gain_factor:.5f} \\\\\nCdA fa
ctor & {post_refine.cda_factor:.5f} \\\\\nCrr factor &

Overfull \hbox (132.75114pt too wide) in paragraph at lines 4031--4032
\TU/TimesNewRoman(0)/m/n/10.95 \\\\\n$R_{{int}}$ factor & {post_refine.rint_fac
tor:.5f} \\\\\n\\bottomrule\n\\end{{longtable}}\n\n\\section{{Outputs}}\n\\begi
n{{itemize}}\n
[106] [107] [108] [109]
Overfull \hbox (12.74956pt too wide) in paragraph at lines 4084--4085
\TU/TimesNewRoman(0)/m/n/10.95 adopted_route_profile, adopted_score, adopted_st
age_anchors, allow_map_shape_fit, ap, args, base_cycle_batt_fit,

Overfull \hbox (26.05524pt too wide) in paragraph at lines 4084--4085
\TU/TimesNewRoman(0)/m/n/10.95 base_cycle_battery_conditioned_replay_df, base_c
ycle_end_to_end_replay_df, base_cycle_logs, base_cycle_metrics,
[110]
Underfull \hbox (badness 3503) in paragraph at lines 4118--4119
[]\TU/TimesNewRoman(0)/m/n/10.95 option_override_keys \TU/YuGothic(0)/m/n/10.95
 に \TU/TimesNewRoman(0)/m/n/10.95 (’fit_quality’, ’rebuild_grounded_base_maps’,
 ’use_grounded_base_maps’, ’al-

Overfull \hbox (58.22684pt too wide) in paragraph at lines 4118--4119
\TU/TimesNewRoman(0)/m/n/10.95 ’panel_deployment_stopped_speed_kmh’, ’panel_dep
loyment_min_dwell_sec’, ’panel_deployment_max_sample_gap_sec’,

Underfull \hbox (badness 10000) in paragraph at lines 4118--4119
\TU/TimesNewRoman(0)/m/n/10.95 ’panel_control_stop_tolerance_km’, ’battery_rest
art_count’, ’battery_maxiter’, ’motion_restart_count’,

Underfull \hbox (badness 7047) in paragraph at lines 4118--4119
\TU/TimesNewRoman(0)/m/n/10.95 ’motion_maxiter’, ’joint_restart_count’, ’joint_
random_start_count’, ’joint_local_topk’, ’joint_maxiter’,

Overfull \hbox (8.56192pt too wide) in paragraph at lines 4127--4128
[]\TU/TimesNewRoman(0)/m/n/10.95 panel_deployment_options \TU/YuGothic(0)/m/n/1
0.95 に \TU/TimesNewRoman(0)/m/n/10.95 {’stopped_speed_kmh’: float(fit_plan[’pan
el_deployment_stopped_speed_kmh’]),

Overfull \hbox (47.23875pt too wide) in paragraph at lines 4127--4128
\TU/TimesNewRoman(0)/m/n/10.95 ’deployment_min_dwell_sec’: float(fit_plan[’pane
l_deployment_min_dwell_sec’]), ’deployment_max_sample_gap_sec’:

Overfull \hbox (85.84706pt too wide) in paragraph at lines 4127--4128
\TU/TimesNewRoman(0)/m/n/10.95 float(fit_plan[’panel_deployment_max_sample_gap_
sec’]), ’horizontal_control_stop_km’: declared_control_stop_km(profile_cfg,

Overfull \hbox (31.53984pt too wide) in paragraph at lines 4128--4129
[]\TU/TimesNewRoman(0)/m/n/10.95 output_layout \TU/YuGothic(0)/m/n/10.95 に \TU/
TimesNewRoman(0)/m/n/10.95 resolve_identification_output_layout(package_dir, pr
ofile_cfg, output_tag_override=args.output_tag)
[111]
Underfull \hbox (badness 1412) in paragraph at lines 4132--4133
[]\TU/TimesNewRoman(0)/m/n/10.95 payload \TU/YuGothic(0)/m/n/10.95 に \TU/TimesN
ewRoman(0)/m/n/10.95 {’profile_yaml’: relpath_from(ROOT, profile_yaml), ’manife
st_yaml’: relpath_from(ROOT,

Underfull \hbox (badness 10000) in paragraph at lines 4132--4133
\TU/TimesNewRoman(0)/m/n/10.95 ’terminal_anchor_yaml’: relpath_from(package_dir
, manifest_context.get(’terminal_anchor_path’)),

Overfull \hbox (9.08484pt too wide) in paragraph at lines 4132--4133
\TU/TimesNewRoman(0)/m/n/10.95 ’grounded_map_summary_yaml’: relpath_from(packag
e_dir, manifest_context.get(’grounded_summary_path’)),

Underfull \hbox (badness 10000) in paragraph at lines 4132--4133
\TU/TimesNewRoman(0)/m/n/10.95 ’source_inventory_json’: relpath_from(package_di
r, manifest_context.get(’source_inventory_path’)),

Underfull \hbox (badness 10000) in paragraph at lines 4132--4133
\TU/TimesNewRoman(0)/m/n/10.95 ’notes_markdown’: relpath_from(package_dir, mani
fest_context.get(’notes_markdown_path’)), ’ex-

Overfull \hbox (75.085pt too wide) in paragraph at lines 4132--4133
\TU/TimesNewRoman(0)/m/n/10.95 plicit_grounded_assets’: {key: relpath_from(pack
age_dir, path) for key, path in manifest_context.get(’explicit_grounded_assets’
,

Overfull \hbox (92.3102pt too wide) in paragraph at lines 4142--4143
[]\TU/TimesNewRoman(0)/m/n/10.95 (source_map_assets, grounded_map_summary) \TU/
YuGothic(0)/m/n/10.95 に \TU/TimesNewRoman(0)/m/n/10.95 build_grounded_map_asset
s(profile_cfg, Path(output_layout[’grounded_maps’]),
[112]
Overfull \hbox (92.3102pt too wide) in paragraph at lines 4163--4164
[]\TU/TimesNewRoman(0)/m/n/10.95 (source_map_assets, grounded_map_summary) \TU/
YuGothic(0)/m/n/10.95 に \TU/TimesNewRoman(0)/m/n/10.95 build_grounded_map_asset
s(profile_cfg, Path(output_layout[’grounded_maps’]),

Overfull \hbox (36.09802pt too wide) in paragraph at lines 4174--4175
[]\TU/TimesNewRoman(0)/m/n/10.95 logs \TU/YuGothic(0)/m/n/10.95 に \TU/TimesNewR
oman(0)/m/n/10.95 normalize_generic_log(observed_log_csv, actual_event_payload=
manifest_context.get(’actual_event_payload’,

Overfull \hbox (127.30956pt too wide) in paragraph at lines 4176--4177
[]\TU/TimesNewRoman(0)/m/n/10.95 (logs, solar_measurement_calibration) \TU/YuGo
thic(0)/m/n/10.95 に \TU/TimesNewRoman(0)/m/n/10.95 calibrate_solar_measurement_
to_pack(logs, known_aux_power_w=float((profile_cfg.get(’model’,
[113] [114] [115]
(C:\Users\user\OneDrive - 和歌山大学\ソーラー\エネマネ\solar_ws0129-main\docs\program_refere
nce_complete_20260729\build\35_scripts_run_vehicle_identification_py\35_scripts
_run_vehicle_identification_py.aux)

LaTeX Font Warning: Some font shapes were not available, defaults substituted.

 )
(see the transcript file for additional information)
Output written on C:\Users\user\OneDrive - 和歌山大学\ソーラー\エネマネ\solar_ws0129-main\do
cs\program_reference_complete_20260729\build\35_scripts_run_vehicle_identificat
ion_py\35_scripts_run_vehicle_identification_py.pdf (115 pages).
Transcript written on "C:\Users\user\OneDrive - 和歌山大学\ソーラー\エネマネ\solar_ws0129-ma
in\docs\program_reference_complete_20260729\build\35_scripts_run_vehicle_identi
fication_py\35_scripts_run_vehicle_identification_py.log".

miktex-dvipdfmx: major issue: So far, you have not checked for MiKTeX updates.
xelatex: major issue: So far, you have not checked for MiKTeX updates.


===== xelatex pass 2 =====
This is XeTeX, Version 3.141592653-2.6-0.999997 (MiKTeX 25.12) (preloaded format=xelatex.fmt)
 restricted \write18 enabled.
entering extended mode

(C:/Users/user/OneDrive - 和歌山大学/ソーラー/エネマネ/solar_ws0129-main/docs/program_refere
nce_complete_20260729/tex/35_scripts_run_vehicle_identification_py.tex
LaTeX2e <2025-11-01>
L3 programming layer <2025-12-24>
(C:\Users\user\AppData\Local\Programs\MiKTeX\tex/latex/base\article.cls
Document Class: article 2025/01/22 v1.4n Standard LaTeX document class
(C:\Users\user\AppData\Local\Programs\MiKTeX\tex/latex/base\size11.clo))
(C:\Users\user\AppData\Local\Programs\MiKTeX\tex/latex/geometry\geometry.sty
(C:\Users\user\AppData\Local\Programs\MiKTeX\tex/latex/graphics\keyval.sty)
(C:\Users\user\AppData\Local\Programs\MiKTeX\tex/generic/iftex\ifvtex.sty
(C:\Users\user\AppData\Local\Programs\MiKTeX\tex/generic/iftex\iftex.sty))
(C:\Users\user\AppData\Local\Programs\MiKTeX\tex/latex/geometry\geometry.cfg))
(C:\Users\user\AppData\Local\Programs\MiKTeX\tex/latex/fontspec\fontspec.sty
(C:\Users\user\AppData\Local\Programs\MiKTeX\tex/latex/l3packages/xparse\xparse
.sty (C:\Users\user\AppData\Local\Programs\MiKTeX\tex/latex/l3kernel\expl3.sty
(C:\Users\user\AppData\Local\Programs\MiKTeX\tex/latex/l3backend\l3backend-xete
x.def)))
(C:\Users\user\AppData\Local\Programs\MiKTeX\tex/latex/fontspec\fontspec-xetex.
sty (C:\Users\user\AppData\Local\Programs\MiKTeX\tex/latex/base\fontenc.sty)
(C:\Users\user\AppData\Local\Programs\MiKTeX\tex/latex/fontspec\fontspec.cfg)))
(C:\Users\user\AppData\Local\Programs\MiKTeX\tex/xelatex/xecjk\xeCJK.sty
(C:\Users\user\AppData\Local\Programs\MiKTeX\tex/latex/ctex\ctexhook.sty)
(C:\Users\user\AppData\Local\Programs\MiKTeX\tex/latex/l3packages/xtemplate\xte
mplate.sty)
(C:\Users\user\AppData\Local\Programs\MiKTeX\tex/xelatex/xecjk\xeCJK.cfg))
(C:\Users\user\AppData\Local\Programs\MiKTeX\tex/latex/booktabs\booktabs.sty)
(C:\Users\user\AppData\Local\Programs\MiKTeX\tex/latex/tools\longtable.sty)
(C:\Users\user\AppData\Local\Programs\MiKTeX\tex/latex/tools\tabularx.sty
(C:\Users\user\AppData\Local\Programs\MiKTeX\tex/latex/tools\array.sty))
(C:\Users\user\AppData\Local\Programs\MiKTeX\tex/latex/enumitem\enumitem.sty)
(C:\Users\user\AppData\Local\Programs\MiKTeX\tex/latex/hyperref\hyperref.sty
(C:\Users\user\AppData\Local\Programs\MiKTeX\tex/latex/kvsetkeys\kvsetkeys.sty)

(C:\Users\user\AppData\Local\Programs\MiKTeX\tex/generic/kvdefinekeys\kvdefinek
eys.sty)
(C:\Users\user\AppData\Local\Programs\MiKTeX\tex/generic/pdfescape\pdfescape.st
y (C:\Users\user\AppData\Local\Programs\MiKTeX\tex/generic/ltxcmds\ltxcmds.sty)

(C:\Users\user\AppData\Local\Programs\MiKTeX\tex/generic/pdftexcmds\pdftexcmds.
sty
(C:\Users\user\AppData\Local\Programs\MiKTeX\tex/generic/infwarerr\infwarerr.st
y))) (C:\Users\user\AppData\Local\Programs\MiKTeX\tex/latex/hycolor\hycolor.sty
) (C:\Users\user\AppData\Local\Programs\MiKTeX\tex/latex/hyperref\nameref.sty
(C:\Users\user\AppData\Local\Programs\MiKTeX\tex/latex/refcount\refcount.sty)
(C:\Users\user\AppData\Local\Programs\MiKTeX\tex/generic/gettitlestring\gettitl
estring.sty
(C:\Users\user\AppData\Local\Programs\MiKTeX\tex/latex/kvoptions\kvoptions.sty)
)) (C:\Users\user\AppData\Local\Programs\MiKTeX\tex/latex/etoolbox\etoolbox.sty
)
(C:\Users\user\AppData\Local\Programs\MiKTeX\tex/generic/stringenc\stringenc.st
y) (C:\Users\user\AppData\Local\Programs\MiKTeX\tex/latex/hyperref\pd1enc.def)
(C:\Users\user\AppData\Local\Programs\MiKTeX\tex/generic/intcalc\intcalc.sty)
(C:\Users\user\AppData\Local\Programs\MiKTeX\tex/latex/hyperref\puenc.def)
(C:\Users\user\AppData\Local\Programs\MiKTeX\tex/latex/url\url.sty)
(C:\Users\user\AppData\Local\Programs\MiKTeX\tex/generic/bitset\bitset.sty
(C:\Users\user\AppData\Local\Programs\MiKTeX\tex/generic/bigintcalc\bigintcalc.
sty)))
(C:\Users\user\AppData\Local\Programs\MiKTeX\tex/latex/hyperref\hxetex.def
(C:\Users\user\AppData\Local\Programs\MiKTeX\tex/latex/rerunfilecheck\rerunfile
check.sty
(C:\Users\user\AppData\Local\Programs\MiKTeX\tex/generic/uniquecounter\uniqueco
unter.sty)))
(C:\Users\user\AppData\Local\Programs\MiKTeX\tex/latex/listings\listings.sty
(C:\Users\user\AppData\Local\Programs\MiKTeX\tex/latex/listings\lstpatch.sty)
(C:\Users\user\AppData\Local\Programs\MiKTeX\tex/latex/listings\lstmisc.sty)
(C:\Users\user\AppData\Local\Programs\MiKTeX\tex/latex/listings\listings.cfg))
(C:\Users\user\AppData\Local\Programs\MiKTeX\tex/xelatex/xecjk\xeCJK-listings.s
ty)
==> First Aid for listings.sty no longer applied!
    Expected:
        2024/09/23 1.10c (Carsten Heinz)
    but found:
        2025/11/14 1.11b (Carsten Heinz)
    so I'm assuming it got fixed.
(C:\Users\user\AppData\Local\Programs\MiKTeX\tex/latex/xcolor\xcolor.sty
(C:\Users\user\AppData\Local\Programs\MiKTeX\tex/latex/graphics-cfg\color.cfg)
(C:\Users\user\AppData\Local\Programs\MiKTeX\tex/latex/graphics-def\xetex.def)
(C:\Users\user\AppData\Local\Programs\MiKTeX\tex/latex/graphics\mathcolor.ltx))
 (C:\Users\user\AppData\Local\Programs\MiKTeX\tex/latex/amsmath\amsmath.sty
For additional information on amsmath, use the `?' option.
(C:\Users\user\AppData\Local\Programs\MiKTeX\tex/latex/amsmath\amstext.sty
(C:\Users\user\AppData\Local\Programs\MiKTeX\tex/latex/amsmath\amsgen.sty))
(C:\Users\user\AppData\Local\Programs\MiKTeX\tex/latex/amsmath\amsbsy.sty)
(C:\Users\user\AppData\Local\Programs\MiKTeX\tex/latex/amsmath\amsopn.sty))
(C:\Users\user\AppData\Local\Programs\MiKTeX\tex/latex/amsfonts\amssymb.sty
(C:\Users\user\AppData\Local\Programs\MiKTeX\tex/latex/amsfonts\amsfonts.sty))
(C:\Users\user\OneDrive - 和歌山大学\ソーラー\エネマネ\solar_ws0129-main\docs\program_refere
nce_complete_20260729\build\35_scripts_run_vehicle_identification_py\35_scripts
_run_vehicle_identification_py.aux)
*geometry* driver: auto-detecting
*geometry* detected driver: xetex

(C:\Users\user\OneDrive - 和歌山大学\ソーラー\エネマネ\solar_ws0129-main\docs\program_refere
nce_complete_20260729\build\35_scripts_run_vehicle_identification_py\35_scripts
_run_vehicle_identification_py.out)
(C:\Users\user\OneDrive - 和歌山大学\ソーラー\エネマネ\solar_ws0129-main\docs\program_refere
nce_complete_20260729\build\35_scripts_run_vehicle_identification_py\35_scripts
_run_vehicle_identification_py.out)
(C:\Users\user\AppData\Local\Programs\MiKTeX\tex/latex/amsfonts\umsa.fd)
(C:\Users\user\AppData\Local\Programs\MiKTeX\tex/latex/amsfonts\umsb.fd)
(C:\Users\user\OneDrive - 和歌山大学\ソーラー\エネマネ\solar_ws0129-main\docs\program_refere
nce_complete_20260729\build\35_scripts_run_vehicle_identification_py\35_scripts
_run_vehicle_identification_py.toc [1] [2]) [3]
(C:\Users\user\AppData\Local\Programs\MiKTeX\tex/latex/listings\lstlang1.sty)
[4]
Overfull \hbox (13.18295pt too wide) in paragraph at lines 120--121
\TU/YuGothic(0)/m/n/10.95 主 要 関 数 は \TU/TimesNewRoman(0)/m/n/10.95 neutralize_i
dentification_scalars, resolve_relative, stage, load_manifest, relpath_from, te
x_path_fragment,

Underfull \hbox (badness 10000) in paragraph at lines 127--127
[]|$[][][][][][][][][][] []

Underfull \hbox (badness 10000) in paragraph at lines 127--127
[][][][][][][][][][][][][][] []

Underfull \hbox (badness 10000) in paragraph at lines 135--135
[]|$[][][][][][][][] [] [][][][][][][] []

Underfull \hbox (badness 10000) in paragraph at lines 136--136
[]|$[][][][][][][][][] [] [][][][][][] []

Underfull \hbox (badness 10000) in paragraph at lines 138--138
[]|$[][][][][][][] [] [][][][][][][][] []

Underfull \hbox (badness 10000) in paragraph at lines 141--141
[]|$[][][][][] [] [][][][][][] [] [][][][][][][] []

Underfull \hbox (badness 10000) in paragraph at lines 142--142
[]|$[][][][][][][][][][][][] [] [][][][][][][] []

Underfull \hbox (badness 10000) in paragraph at lines 143--143
[]|$[][][] [] [][][][][][][] []

Underfull \hbox (badness 10000) in paragraph at lines 144--144
[]|$[][][][][] [] [][][][][][][] []

Underfull \hbox (badness 10000) in paragraph at lines 146--146
[]|$[][][][][][][] []

Underfull \hbox (badness 10000) in paragraph at lines 146--146
[][][][][][][][][][][][][][] []

Underfull \hbox (badness 10000) in paragraph at lines 147--147
[]|$[][][][][][][][][][][][][][] []

Underfull \hbox (badness 10000) in paragraph at lines 149--149
[]|$[][][][][] [] [][][][][][] [] [][][] []

Underfull \hbox (badness 10000) in paragraph at lines 151--151
[]|$[][][][][] [] [][][][][][] [] [][][][][] []

Underfull \hbox (badness 10000) in paragraph at lines 152--152
[]|$[][][][][][][][] [] [][] [] [][][][][][] []

Underfull \hbox (badness 10000) in paragraph at lines 157--157
[]|$[][][][][][][][][][][][][][] []

Underfull \hbox (badness 10000) in paragraph at lines 158--158
[]|$[][][][][][][][][] [] [][][][][][][] []

Underfull \hbox (badness 10000) in paragraph at lines 159--159
[]|$[][][][][][][][][] [] [][][][][] []

Underfull \hbox (badness 10000) in paragraph at lines 160--160
[]|$[][][][][][] [] [][][][][][][][][][][][] []

Underfull \hbox (badness 10000) in paragraph at lines 161--161
[]|$[][][][][][][][][][][][][] [] [][][][][] []

Underfull \hbox (badness 10000) in paragraph at lines 162--162
[]|$[][][][][][][][][] [] [][][][][][] []

Underfull \hbox (badness 10000) in paragraph at lines 163--164
[]|\TU/TimesNewRoman(0)/m/n/10.95 args: base_model, maps, speed_ms,

Underfull \hbox (badness 10000) in paragraph at lines 164--164
[]|$[][][][][][][] [] [][][][][][][][][][][] []

Underfull \hbox (badness 10000) in paragraph at lines 165--165
[]|$[][][] [] [][][][][][][][][][][][] []

Underfull \hbox (badness 10000) in paragraph at lines 167--167
[]|$[][][][][][] [] [][][][] [] [][][][][][][][] []

Underfull \hbox (badness 4266) in paragraph at lines 167--168
[]|\TU/TimesNewRoman(0)/m/n/10.95 args: distance_km, elevation_m, smooth-

Underfull \hbox (badness 10000) in paragraph at lines 168--168
[]|$[][][] [] [][][][][] []

Underfull \hbox (badness 1371) in paragraph at lines 168--169
[]|\TU/TimesNewRoman(0)/m/n/10.95 args: frame, route_profile_csv, output_csv,

Underfull \hbox (badness 10000) in paragraph at lines 170--170
[]|$[][] [] [][][][][] [] [][][] [] [][][] [] [][][] []

Underfull \hbox (badness 10000) in paragraph at lines 172--172
[]|$[][][] [] [][][] [] [][] [] [][][] []

Underfull \hbox (badness 10000) in paragraph at lines 173--173
[]|$[][][] [] [][][][][][][] []

Underfull \hbox (badness 10000) in paragraph at lines 176--177
\TU/TimesNewRoman(0)/m/n/10.95 solar_measurement_calibration,

Underfull \hbox (badness 10000) in paragraph at lines 177--177
[]|$[][][][][][] [] [][][][][][][] []

Underfull \hbox (badness 10000) in paragraph at lines 178--178
[]|$[][][][][] [] [][][][][][][][] []

Underfull \hbox (badness 10000) in paragraph at lines 178--178
[][][][][][][][][][][] [] [][][][] []

Underfull \hbox (badness 10000) in paragraph at lines 179--179
[]|$[][][][] [] [][][][][][][][][] []

Underfull \hbox (badness 10000) in paragraph at lines 180--181
[]|\TU/TimesNewRoman(0)/m/n/10.95 args: package_dir, manifest_path, pro-

Underfull \hbox (badness 10000) in paragraph at lines 180--181
\TU/TimesNewRoman(0)/m/n/10.95 file_yaml, map_assets, pv, batt, mot,

Underfull \hbox (badness 10000) in paragraph at lines 180--181
\TU/TimesNewRoman(0)/m/n/10.95 metrics, terminal_anchor, stage_anchors,

Underfull \hbox (badness 10000) in paragraph at lines 180--181
\TU/TimesNewRoman(0)/m/n/10.95 map_shape_fit, post_refine, day_metrics,

Underfull \hbox (badness 10000) in paragraph at lines 180--181
\TU/TimesNewRoman(0)/m/n/10.95 battery_dynamic_fit, fit_plan, mani-

Underfull \hbox (badness 10000) in paragraph at lines 180--181
\TU/TimesNewRoman(0)/m/n/10.95 fest_context, output_dir, replay_csv,

Underfull \hbox (badness 10000) in paragraph at lines 180--181
\TU/TimesNewRoman(0)/m/n/10.95 battery_conditioned_replay_csv,

Underfull \hbox (badness 10000) in paragraph at lines 181--182
[]|\TU/TimesNewRoman(0)/m/n/10.95 args: package_dir, profile_yaml, mani-
ignored error: Infinite glue shrinkage found in box being split [5]
ignored error: Infinite glue shrinkage found in box being split [6]
Underfull \hbox (badness 6775) in paragraph at lines 194--195
[]|\TU/TimesNewRoman(0)/m/n/10.95 FIT_QUALITY_PRESETS \TU/YuGothic(0)/m/n/10.95
 に \TU/TimesNewRoman(0)/m/n/10.95 {’quick’: {’battery_restart_count’: 2, ’batte
ry_maxiter’:

Underfull \hbox (badness 10000) in paragraph at lines 194--195
\TU/TimesNewRoman(0)/m/n/10.95 50, ’motion_restart_count’: 3, ’motion_maxiter’:
 70, ’joint_restart_count’: 2,
ignored error: Infinite glue shrinkage found in box being split [7]
Underfull \hbox (badness 10000) in paragraph at lines 239--239
[]|$[][][][] [] [][][][][][][] []

Underfull \hbox (badness 10000) in paragraph at lines 248--248
[]|$[][][][][][][][][][][][][][][][][][][] [][] [][][][] [][]

Underfull \hbox (badness 10000) in paragraph at lines 252--252
[]|$[][][][][][][][][] []

Underfull \hbox (badness 10000) in paragraph at lines 253--253
[]|$[][][][][][][][][] []

Underfull \hbox (badness 10000) in paragraph at lines 254--254
[]|$[][][][][][][][][] [] [][][][][][][][] [] [][][][][][] []

Underfull \hbox (badness 10000) in paragraph at lines 254--254
[][][][][][][][][][][][][][][][][][][][] []

Underfull \hbox (badness 10000) in paragraph at lines 254--254
[][][][] [] [][][] [] [][][][][][] [] [] [][]

Underfull \hbox (badness 10000) in paragraph at lines 254--254
[][][][][][][] [] [][][][][][][] [] [][][][][][][] []

Underfull \hbox (badness 10000) in paragraph at lines 254--254
[] [][] [][][][][][][] [] [][][][] [] [][][][][][][] []

Underfull \hbox (badness 10000) in paragraph at lines 254--254
[][][] [] [] [][] [][][][] [][] [][][][][][][][] []

Underfull \hbox (badness 10000) in paragraph at lines 254--254
[][][][][] [][] [][][][][][][][][][][][][][][][] [][]

Underfull \hbox (badness 10000) in paragraph at lines 254--254
[][][][][][][][][][][][][][][] [][]

Underfull \hbox (badness 10000) in paragraph at lines 254--254
[][][][][][][][][][][][][][][][] [][]

Underfull \hbox (badness 10000) in paragraph at lines 254--254
[][][][][][][][][][][] [][] [][][][][][] [] [][][][][][][] []

Underfull \hbox (badness 10000) in paragraph at lines 254--254
[][] [] [][][][][] [][] [][][][][] [] [][][][][][][][] []

Underfull \hbox (badness 10000) in paragraph at lines 254--254
[][][] [] [][][][][][] [][] [][][][][] [] [][][][][] []

Underfull \hbox (badness 10000) in paragraph at lines 254--254
[][][][][][][] [][] [][][][][] [] [][][][][] [] [][][][] []

Underfull \hbox (badness 10000) in paragraph at lines 254--254
[][][] [] [][][][][][] [][] [][][][][] [] [][][][][] []

Underfull \hbox (badness 10000) in paragraph at lines 254--254
[][][][] [] [][][][][][][] [] [][][] [][] [][][][][][][] []

Underfull \hbox (badness 10000) in paragraph at lines 254--254
[][][] [][] [][][][] [] [][][][][][][][][][][][] [][]

Underfull \hbox (badness 10000) in paragraph at lines 254--254
[][][][][][] [] [][][] [][] [][][] [] [][][][][][][] []

Underfull \hbox (badness 10000) in paragraph at lines 254--254
[][][][][][][][][][] [][] [][][] [] [][][] [] [][][][][][] [][]

Underfull \hbox (badness 10000) in paragraph at lines 254--254
[][][] [] [][][][][][] [] [][][][][][][][][][] [][] [][][] []

Underfull \hbox (badness 10000) in paragraph at lines 254--254
[][] [] [][][][][][][][][][] [][] [][][] [] [][][][][] []

Underfull \hbox (badness 10000) in paragraph at lines 254--254
[][][][][][][][][][][] [][] [][][] [] [][][][] []

Underfull \hbox (badness 10000) in paragraph at lines 254--254
[][][][] [] [][][][][][][][] [][] [][][][][] [] [][][] []

Underfull \hbox (badness 10000) in paragraph at lines 254--254
[][][][] [] [][][][][][] [] [][][][][] [][] [][][][][] []

Underfull \hbox (badness 10000) in paragraph at lines 254--254
[][][][][][] [] [][][][][][][][][][] [][] [][][][][] []

Underfull \hbox (badness 10000) in paragraph at lines 254--254
[][][][][][] [][] [][][][] [] [][][][][][][] [] [][][][] [][]

Underfull \hbox (badness 10000) in paragraph at lines 254--254
[][][][][][][] [] [][][][] [] [][][][][][] [][] [][][][][][] []

Underfull \hbox (badness 10000) in paragraph at lines 254--254
[][][][][] [] [][][][][][][][][][] [][] [][][][] []

Underfull \hbox (badness 10000) in paragraph at lines 254--254
[][][][][][] [] [][][][][][] [] [][][][][][][] [][]

Underfull \hbox (badness 10000) in paragraph at lines 254--254
[][][][][][] [] [][][][][][][] [] [][][][][] [] [][][][] [][]

Underfull \hbox (badness 10000) in paragraph at lines 254--254
[][][][][][][][] [] [][][] [] [][][] [][] [][][] [] [][][] []

Underfull \hbox (badness 10000) in paragraph at lines 254--254
[][][][][] [] [][][][][] [][] [][][][][] [] [][][][][][][] []

Underfull \hbox (badness 10000) in paragraph at lines 254--254
[][][][] [] [][][] [] [][][][][][][][][][][][] [][]

Underfull \hbox (badness 10000) in paragraph at lines 254--255
[]|\TU/TimesNewRoman(0)/m/n/10.95 build_bwsc2025_fitted_package \TU/YuGothic(0)
/m/n/10.95 か ら \TU/TimesNewRoman(0)/m/n/10.95 BAT-

Underfull \hbox (badness 10000) in paragraph at lines 254--255
\TU/TimesNewRoman(0)/m/n/10.95 TERY_PACK_MAX_CHARGE_V, BAT-

Underfull \hbox (badness 10000) in paragraph at lines 254--255
\TU/TimesNewRoman(0)/m/n/10.95 TERY_NOMINAL_VOLTAGE_V, IN-

Underfull \hbox (badness 10000) in paragraph at lines 254--255
\TU/TimesNewRoman(0)/m/n/10.95 VALID_PACK_VOLTAGE_MIN_V, ROOT,

Underfull \hbox (badness 10000) in paragraph at lines 254--255
\TU/TimesNewRoman(0)/m/n/10.95 TIMEZONE_LOCAL, BatteryFitResult, Mo-

Underfull \hbox (badness 10000) in paragraph at lines 254--255
\TU/TimesNewRoman(0)/m/n/10.95 tionFitResult, PostRefineResult, PvFitResult, at
-

Underfull \hbox (badness 10000) in paragraph at lines 254--255
\TU/TimesNewRoman(0)/m/n/10.95 tach_archive_pv_model, build_grounded_map_assets
,

Underfull \hbox (badness 10000) in paragraph at lines 254--255
\TU/TimesNewRoman(0)/m/n/10.95 build_stage_anchors, build_model_from_map_assets
,

Underfull \hbox (badness 10000) in paragraph at lines 254--255
\TU/TimesNewRoman(0)/m/n/10.95 build_model_from_profile_cfg, compile_tex,

Underfull \hbox (badness 10000) in paragraph at lines 254--255
\TU/TimesNewRoman(0)/m/n/10.95 dcir_observations, ensure_dir, fit_battery_param
eters,

Underfull \hbox (badness 10000) in paragraph at lines 254--255
\TU/TimesNewRoman(0)/m/n/10.95 fit_map_shapes, fit_motion_parameters,

Underfull \hbox (badness 10000) in paragraph at lines 254--255
\TU/TimesNewRoman(0)/m/n/10.95 fit_pv_parameters, fit_regen_utilization,

Underfull \hbox (badness 10000) in paragraph at lines 254--255
\TU/TimesNewRoman(0)/m/n/10.95 fit_stop_tilt_fraction, infer_soc_from_loaded_st
ate,

Underfull \hbox (badness 10000) in paragraph at lines 254--255
\TU/TimesNewRoman(0)/m/n/10.95 metrics_from_replay, motion_power_prediction,

Underfull \hbox (badness 3168) in paragraph at lines 254--255
\TU/TimesNewRoman(0)/m/n/10.95 post_refine_replay_scalars, replay_segment_start
_mask,

Underfull \hbox (badness 10000) in paragraph at lines 254--255
\TU/TimesNewRoman(0)/m/n/10.95 resample_for_fit, soc_fit_upper_bound,

Underfull \hbox (badness 10000) in paragraph at lines 254--255
\TU/TimesNewRoman(0)/m/n/10.95 write_current_maps_and_coefficients,

Underfull \hbox (badness 10000) in paragraph at lines 255--255
[]|$[][][][][][][][][] [] [][][][][][][][][][][][][][] []

Underfull \hbox (badness 10000) in paragraph at lines 255--255
[][][][][][][][][][][][][][][][][][] []

Underfull \hbox (badness 10000) in paragraph at lines 255--256
[]|\TU/TimesNewRoman(0)/m/n/10.95 audit_identification_residuals \TU/YuGothic(0
)/m/n/10.95 か ら \TU/TimesNewRoman(0)/m/n/10.95 run_audit as
ignored error: Infinite glue shrinkage found in box being split [8]
ignored error: Infinite glue shrinkage found in box being split [9] [10]

LaTeX Font Warning: Font shape `TU/YuGothic(0)/m/it' undefined
(Font)              using `TU/YuGothic(0)/m/n' instead on input line 277.

[11] [12] [13] [14] [15] [16]
Overfull \hbox (11.0292pt too wide) in paragraph at lines 587--588
[]\TU/TimesNewRoman(0)/m/n/10.95 candidates \TU/YuGothic(0)/m/n/10.95 に \TU/Tim
esNewRoman(0)/m/n/10.95 [(package_dir / raw_path).resolve(), (ROOT / raw_path).
resolve(), (Path.cwd() / raw_path).resolve()]
[17] [18] [19] [20] [21] [22] [23]
Underfull \hbox (badness 6825) in paragraph at lines 878--879
[]\TU/TimesNewRoman(0)/m/n/10.95 (’count’, ’s_km’, ’voltage_v’, ’current_a’, ’t
emp_c’, ’soc_target’, ’soc_sigma’, ’soc_evidence_min’,

Overfull \hbox (0.80324pt too wide) in paragraph at lines 878--879
\TU/TimesNewRoman(0)/m/n/10.95 ’soc_evidence_max’, ’voltage_sigma_v’, ’ocv_term
inal_v’, ’series_resistance_ohm’, ’ocv_statistical_sigma_v’,
[24] [25]
Underfull \hbox (badness 1092) in paragraph at lines 979--980
[]\TU/YuGothic(0)/m/n/10.95 こ の ブ ロ ッ ク が 直 接 呼 ぶ 主 な 関 数  |・|  メ ソ ッ ド\TU/Time
sNewRoman(0)/m/n/10.95 : FileNotFoundError, Path, ValueError, _termi-

Underfull \hbox (badness 3895) in paragraph at lines 980--981
\TU/TimesNewRoman(0)/m/n/10.95 dence, ’actual_event_path’: actual_event_path, ’
counterfactual_event_path’: counterfactual_event_path,

Underfull \hbox (badness 10000) in paragraph at lines 980--981
\TU/TimesNewRoman(0)/m/n/10.95 ’terminal_anchor_path’: terminal_anchor_path, ’g
rounded_summary_path’: grounded_summary_path,

Underfull \hbox (badness 5008) in paragraph at lines 980--981
\TU/TimesNewRoman(0)/m/n/10.95 ’source_inventory_path’: source_inventory_path, 
’notes_markdown_path’: notes_markdown_path, ’ex-

Overfull \hbox (8.44717pt too wide) in paragraph at lines 980--981
\TU/TimesNewRoman(0)/m/n/10.95 plicit_grounded_assets’: explicit_grounded_asset
s, ’grounded_summary_payload’: grounded_summary_payload,

Underfull \hbox (badness 3623) in paragraph at lines 981--982
\TU/TimesNewRoman(0)/m/n/10.95 grounded_summary_payload, group_key, inputs, man
ifest_key, missing, missing_evidence, model_key,
[26]
Overfull \hbox (116.94417pt too wide) in paragraph at lines 1002--1003
[]\TU/TimesNewRoman(0)/m/n/10.95 grounded_summary_path \TU/YuGothic(0)/m/n/10.9
5 に \TU/TimesNewRoman(0)/m/n/10.95 opt_path(grounded.get(’grounded_map_summary_
yaml’, ”) or options.get(’grounded_map_summary_yaml’,

Underfull \hbox (badness 10000) in paragraph at lines 1005--1006
[]\TU/TimesNewRoman(0)/m/n/10.95 path_key_map \TU/YuGothic(0)/m/n/10.95 に \TU/T
imesNewRoman(0)/m/n/10.95 {’drive_eff_map’: ’drive_eff_map_csv’, ’drive_map_eco
’: ’drive_map_eco_csv’,

Underfull \hbox (badness 1418) in paragraph at lines 1005--1006
\TU/TimesNewRoman(0)/m/n/10.95 ’drive_map_power’: ’drive_map_power_csv’, ’regen
_eff_map’: ’regen_eff_map_csv’, ’regen_map_eco’:

Underfull \hbox (badness 10000) in paragraph at lines 1005--1006
\TU/TimesNewRoman(0)/m/n/10.95 ’regen_map_eco_csv’, ’regen_map_power’: ’regen_m
ap_power_csv’, ’rint_map’: ’rint_map_csv’,

Overfull \hbox (30.56853pt too wide) in paragraph at lines 1005--1006
\TU/TimesNewRoman(0)/m/n/10.95 ’panel_eff_map’: ’panel_eff_map_csv’, ’mppt_eff_
map’: ’mppt_eff_map_csv’, ’ocv_soc_map’: ’ocv_soc_map_csv’}

Overfull \hbox (2.13533pt too wide) in paragraph at lines 1020--1021
[]\TU/TimesNewRoman(0)/m/n/10.95 required \TU/YuGothic(0)/m/n/10.95 に \TU/Times
NewRoman(0)/m/n/10.95 {’drive_eff_map’, ’regen_eff_map’, ’rint_map’, ’panel_eff
_map’, ’mppt_eff_map’, ’ocv_soc_map’}
[27]
Overfull \hbox (15.99387pt too wide) in paragraph at lines 1055--1056
[]\TU/TimesNewRoman(0)/m/n/10.95 FileNotFoundError(’identification evidence man
ifest contains missing artifacts:\n- ’ + ’\n- ’.join(missing_evidence))

Underfull \hbox (badness 2229) in paragraph at lines 1056--1057
\TU/TimesNewRoman(0)/m/n/10.95 actual_event_path, ’counterfactual_event_path’: 
counterfactual_event_path, ’terminal_anchor_path’: ter-

Underfull \hbox (badness 10000) in paragraph at lines 1056--1057
\TU/TimesNewRoman(0)/m/n/10.95 minal_anchor_path, ’grounded_summary_path’: grou
nded_summary_path, ’source_inventory_path’:

Underfull \hbox (badness 1796) in paragraph at lines 1056--1057
\TU/TimesNewRoman(0)/m/n/10.95 source_inventory_path, ’notes_markdown_path’: no
tes_markdown_path, ’explicit_grounded_assets’: ex-
[28] [29] [30]
Underfull \hbox (badness 10000) in paragraph at lines 1180--1181
[]\TU/YuGothic(0)/m/n/10.95 定 義\TU/TimesNewRoman(0)/m/n/10.95 : $[][][][][] [] 
[][][][][][] [] [][][][][][][] [] [][][][][][][][][][][][][][][][] [] [][] [] [
][][][][][][][][] [][] [] [][] [][][][] [] [][][][][] [][] [][][][][][][] []

Overfull \hbox (10.54352pt too wide) in paragraph at lines 1184--1185
[]\TU/YuGothic(0)/m/n/10.95 主 な ロ ー カ ル 代 入 名\TU/TimesNewRoman(0)/m/n/10.95 : c
harge_floor_a, current, current_limit_margin_a, current_spike, current_spike_mi
n_abs_a,

Underfull \hbox (badness 10000) in paragraph at lines 1184--1185
\TU/TimesNewRoman(0)/m/n/10.95 current_spike_sigma, current_spike_window, dt_se
c, impossible_charge, impossible_voltage_slew, in-
[31]
Overfull \hbox (24.29259pt too wide) in paragraph at lines 1207--1208
[]\TU/TimesNewRoman(0)/m/n/10.95 invalid_v_threshold \TU/YuGothic(0)/m/n/10.95 
に \TU/TimesNewRoman(0)/m/n/10.95 float(sensor_cfg.get(’invalid_voltage_threshol
d_v’, INVALID_PACK_VOLTAGE_MIN_V))
[32]
Underfull \hbox (badness 5217) in paragraph at lines 1229--1230
[]\TU/TimesNewRoman(0)/m/n/10.95 low_current_pair \TU/YuGothic(0)/m/n/10.95 に \
TU/TimesNewRoman(0)/m/n/10.95 (current.abs() <= voltage_slew_low_current_a) & (
current.shift(1).abs() <= volt-

Underfull \hbox (badness 3989) in paragraph at lines 1235--1236
[]\TU/TimesNewRoman(0)/m/n/10.95 voltage_spike \TU/YuGothic(0)/m/n/10.95 に \TU/
TimesNewRoman(0)/m/n/10.95 hampel_mask(voltage, window=voltage_spike_window, n_
sigma=voltage_spike_sigma,

Overfull \hbox (45.53745pt too wide) in paragraph at lines 1245--1246
[]\TU/TimesNewRoman(0)/m/n/10.95 current_spike \TU/YuGothic(0)/m/n/10.95 に \TU/
TimesNewRoman(0)/m/n/10.95 hampel_mask(out[’battery_current_a’], window=current
_spike_window, n_sigma=current_spike_sigma,

Overfull \hbox (54.70702pt too wide) in paragraph at lines 1249--1250
[]\TU/TimesNewRoman(0)/m/n/10.95 power_spike \TU/YuGothic(0)/m/n/10.95 に \TU/Ti
mesNewRoman(0)/m/n/10.95 hampel_mask(out[’battery_power_w_obs’], window=power_s
pike_window, n_sigma=power_spike_sigma,
[33] [34] [35]
Underfull \hbox (badness 1496) in paragraph at lines 1364--1365
\TU/TimesNewRoman(0)/m/n/10.95 if adopted else ’training_or_last_day_holdout_ga
te_failed’, ’sample_count’: int(base_valid.sum()), ’train-

Underfull \hbox (badness 10000) in paragraph at lines 1364--1365
\TU/TimesNewRoman(0)/m/n/10.95 ing_sample_count’: int(training_valid.sum()), ’v
alidation_sample_count’: int(validation_valid.sum()),

Underfull \hbox (badness 1655) in paragraph at lines 1364--1365
\TU/TimesNewRoman(0)/m/n/10.95 if adopted else rmse_before), ’rmse_improvement_
v’: float(improvement if adopted else 0.0), ’valida-

Underfull \hbox (badness 5231) in paragraph at lines 1364--1365
\TU/TimesNewRoman(0)/m/n/10.95 validation_ratio, ’validation_rmse_ratio_max’: 1
.0, ’method’: ’bounded deterministic tau grid with

Underfull \hbox (badness 1242) in paragraph at lines 1364--1365
\TU/TimesNewRoman(0)/m/n/10.95 closed-form least-squares Rp on earlier race day
s; last race day is an untouched adoption holdout’} /

Underfull \hbox (badness 1038) in paragraph at lines 1364--1365
\TU/TimesNewRoman(0)/m/n/10.95 ’r_polarization_ohm’: 0.0, ’tau_sec’: 60.0, ’rms
e_before_v’: float(’nan’), ’rmse_after_v’: float(’nan’)}

Underfull \hbox (badness 3942) in paragraph at lines 1364--1365
\TU/TimesNewRoman(0)/m/n/10.95 / {’adopted’: False, ’reason’: ’no_independent_d
ay_holdout’, ’sample_count’: int(base_valid.sum()),

Underfull \hbox (badness 1629) in paragraph at lines 1364--1365
\TU/TimesNewRoman(0)/m/n/10.95 ’training_sample_count’: 0, ’validation_sample_c
ount’: 0, ’r_polarization_ohm’: 0.0, ’tau_sec’: 60.0,

Overfull \hbox (71.91583pt too wide) in paragraph at lines 1364--1365
\TU/TimesNewRoman(0)/m/n/10.95 ’rmse_before_v’: float(np.sqrt(np.mean(residual[
base_valid] ** 2))), ’rmse_after_v’: float(np.sqrt(np.mean(residual[base_valid]


Underfull \hbox (badness 10000) in paragraph at lines 1364--1365
\TU/TimesNewRoman(0)/m/n/10.95 int(base_valid.sum()), ’training_sample_count’: 
int(training_valid.sum()), ’validation_sample_count’:

Overfull \hbox (71.91583pt too wide) in paragraph at lines 1364--1365
\TU/TimesNewRoman(0)/m/n/10.95 ’rmse_before_v’: float(np.sqrt(np.mean(residual[
base_valid] ** 2))), ’rmse_after_v’: float(np.sqrt(np.mean(residual[base_valid]


Overfull \hbox (74.17534pt too wide) in paragraph at lines 1378--1379
[]\TU/TimesNewRoman(0)/m/n/10.95 residual \TU/YuGothic(0)/m/n/10.95 に \TU/Times
NewRoman(0)/m/n/10.95 (pd.to_numeric(replay[’battery_voltage_v_obs’], errors=’c
oerce’) - pd.to_numeric(replay[’battery_voltage_v_pred’],

Overfull \hbox (41.57555pt too wide) in paragraph at lines 1379--1380
[]\TU/TimesNewRoman(0)/m/n/10.95 excluded \TU/YuGothic(0)/m/n/10.95 に \TU/Times
NewRoman(0)/m/n/10.95 replay.get(’exclude_voltage_fit’, pd.Series(False, index=
replay.index)).fillna(True).astype(bool).to_numpy()
[36]
Overfull \hbox (9.11588pt too wide) in paragraph at lines 1386--1387
[]\TU/TimesNewRoman(0)/m/n/10.95 time_local \TU/YuGothic(0)/m/n/10.95 に \TU/Tim
esNewRoman(0)/m/n/10.95 pd.to_datetime(replay[’time_utc’], utc=True, errors=’co
erce’).dt.tz_convert(TIMEZONE_LOCAL)

Underfull \hbox (badness 6944) in paragraph at lines 1390--1391
[]\TU/TimesNewRoman(0)/m/n/10.95 {’adopted’: False, ’reason’: ’no_independent_d
ay_holdout’, ’sample_count’: int(base_valid.sum()),

Underfull \hbox (badness 1383) in paragraph at lines 1390--1391
\TU/TimesNewRoman(0)/m/n/10.95 ’training_sample_count’: 0, ’validation_sample_c
ount’: 0, ’r_polarization_ohm’: 0.0, ’tau_sec’: 60.0,

Overfull \hbox (74.1058pt too wide) in paragraph at lines 1390--1391
\TU/TimesNewRoman(0)/m/n/10.95 ’rmse_before_v’: float(np.sqrt(np.mean(residual[
base_valid] ** 2))), ’rmse_after_v’: float(np.sqrt(np.mean(residual[base_valid]


Overfull \hbox (28.7774pt too wide) in paragraph at lines 1395--1396
[]\TU/TimesNewRoman(0)/m/n/10.95 {’adopted’: False, ’reason’: ’insufficient_ind
ependent_day_holdout_samples’, ’sample_count’: int(base_valid.sum()),

Overfull \hbox (115.38185pt too wide) in paragraph at lines 1395--1396
\TU/TimesNewRoman(0)/m/n/10.95 ’holdout_group’: holdout_group, ’r_polarization_
ohm’: 0.0, ’tau_sec’: 60.0, ’rmse_before_v’: float(np.sqrt(np.mean(residual[bas
e_valid]
[37]
Overfull \hbox (18.59984pt too wide) in paragraph at lines 1410--1411
[]\TU/TimesNewRoman(0)/m/n/10.95 {’adopted’: False, ’reason’: ’no_finite_candid
ate’, ’sample_count’: int(base_valid.sum()), ’training_sample_count’:

Underfull \hbox (badness 1789) in paragraph at lines 1410--1411
\TU/TimesNewRoman(0)/m/n/10.95 int(training_valid.sum()), ’validation_sample_co
unt’: int(validation_valid.sum()), ’holdout_group’: hold-

Underfull \hbox (badness 1546) in paragraph at lines 1410--1411
\TU/TimesNewRoman(0)/m/n/10.95 out_group, ’r_polarization_ohm’: 0.0, ’tau_sec’:
 60.0, ’rmse_before_v’: rmse_before, ’rmse_after_v’:

Overfull \hbox (41.90706pt too wide) in paragraph at lines 1412--1413
[]\TU/TimesNewRoman(0)/m/n/10.95 best_state \TU/YuGothic(0)/m/n/10.95 に \TU/Tim
esNewRoman(0)/m/n/10.95 polarization_current_trace(replay, current_column=’batt
ery_current_a_obs’, tau_sec=float(best[’tau_sec’]))

Overfull \hbox (17.48024pt too wide) in paragraph at lines 1413--1414
[]\TU/TimesNewRoman(0)/m/n/10.95 validation_corrected \TU/YuGothic(0)/m/n/10.95
 に \TU/TimesNewRoman(0)/m/n/10.95 residual[validation_valid] + float(best[’r_po
larization_ohm’]) * best_state[validation_valid]

Overfull \hbox (3.51656pt too wide) in paragraph at lines 1417--1418
[]\TU/TimesNewRoman(0)/m/n/10.95 adopted \TU/YuGothic(0)/m/n/10.95 に \TU/TimesN
ewRoman(0)/m/n/10.95 bool(best[’r_polarization_ohm’] >= 0.001 and improvement >
= 0.005 and np.isfinite(validation_ratio)

Underfull \hbox (badness 1789) in paragraph at lines 1418--1419
\TU/TimesNewRoman(0)/m/n/10.95 int(training_valid.sum()), ’validation_sample_co
unt’: int(validation_valid.sum()), ’holdout_group’: hold-

Overfull \hbox (34.07063pt too wide) in paragraph at lines 1418--1419
\TU/TimesNewRoman(0)/m/n/10.95 out_group, ’r_polarization_ohm’: float(best[’r_p
olarization_ohm’] if adopted else 0.0), ’tau_sec’: float(best[’tau_sec’]),

Underfull \hbox (badness 1466) in paragraph at lines 1418--1419
\TU/TimesNewRoman(0)/m/n/10.95 ’rmse_before_v’: rmse_before, ’rmse_after_v’: fl
oat(best[’rmse_after_v’] if adopted else rmse_before),

Underfull \hbox (badness 3942) in paragraph at lines 1418--1419
\TU/TimesNewRoman(0)/m/n/10.95 ’rmse_improvement_v’: float(improvement if adopt
ed else 0.0), ’validation_rmse_before_v’: valida-
[38] [39]
Overfull \hbox (5.53896pt too wide) in paragraph at lines 1485--1486
[]\TU/TimesNewRoman(0)/m/n/10.95 state \TU/YuGothic(0)/m/n/10.95 に \TU/TimesNew
Roman(0)/m/n/10.95 polarization_current_trace(out, current_column=current_colum
n, tau_sec=float(dynamic_fit[’tau_sec’]))
[40]
Underfull \hbox (badness 3746) in paragraph at lines 1542--1543
\TU/TimesNewRoman(0)/m/n/10.95 tion_restart_count’: ’motion_restart_count’, ’mo
tion_maxiter’: ’motion_maxiter’, ’joint_restart_count’:

Overfull \hbox (26.93631pt too wide) in paragraph at lines 1542--1543
\TU/TimesNewRoman(0)/m/n/10.95 ’joint_restart_count’, ’joint_random_start_count
’: ’joint_random_start_count’, ’joint_local_topk’: ’joint_local_topk’,

Overfull \hbox (11.92853pt too wide) in paragraph at lines 1548--1549
[]\TU/TimesNewRoman(0)/m/n/10.95 plan[’panel_deployment_max_sample_gap_sec’] \T
U/YuGothic(0)/m/n/10.95 に \TU/TimesNewRoman(0)/m/n/10.95 float(options.get(’pan
el_deployment_max_sample_gap_sec’,
[41]
Underfull \hbox (badness 10000) in paragraph at lines 1601--1602
[]\TU/YuGothic(0)/m/n/10.95 定 義\TU/TimesNewRoman(0)/m/n/10.95 : $[][][][][][][]
 [] [][][][][][][][][][][][][][] [] [][][][][][] [] [][][][][][][][][][][][][][
] [] [][][] [] [][][][] [][] [][][][][][][] [] [][][] [] [][][][] [][] [] [][]
[42]
Underfull \hbox (badness 10000) in paragraph at lines 1660--1661
[]\TU/YuGothic(0)/m/n/10.95 定 義\TU/TimesNewRoman(0)/m/n/10.95 : $[][][][][][][]
[][][][][][][] [] [][][][][][][] [] [][][][][][] [] [][][][][][][][][][][][][][
] [] [][][][][][][] [] [][][][] [][] [][][] [] [][][][][][] [] [][][] []
[43] [44]
Overfull \hbox (54.09077pt too wide) in paragraph at lines 1737--1738
[]\TU/YuGothic(0)/m/n/10.95 戻 り 値 の 要 点\TU/TimesNewRoman(0)/m/n/10.95 : {’drive
_eff_map’: rel(’drive_eff_map’), ’drive_map_eco’: rel(’drive_map_eco’, paths.ge
t(’drive_eff_map’,

Overfull \hbox (39.48155pt too wide) in paragraph at lines 1737--1738
\TU/TimesNewRoman(0)/m/n/10.95 ”)), ’drive_map_power’: rel(’drive_map_power’, p
aths.get(’drive_eff_map’, ”)), ’regen_eff_map’: rel(’regen_eff_map’),

Overfull \hbox (30.87088pt too wide) in paragraph at lines 1737--1738
\TU/TimesNewRoman(0)/m/n/10.95 ’regen_map_eco’: rel(’regen_map_eco’, paths.get(
’regen_eff_map’, ”)), ’regen_map_power’: rel(’regen_map_power’,

Underfull \hbox (badness 10000) in paragraph at lines 1737--1738
\TU/TimesNewRoman(0)/m/n/10.95 paths.get(’regen_eff_map’, ”)), ’rint_map’: rel(
’rint_map’), ’panel_eff_map’: rel(’panel_eff_map’),

Underfull \hbox (badness 2134) in paragraph at lines 1737--1738
\TU/TimesNewRoman(0)/m/n/10.95 ’mppt_eff_map’: rel(’mppt_eff_map’), ’ocv_soc_ma
p’: rel(’ocv_soc_map’)} / resolve_relative(base_dir,
[45]
Underfull \hbox (badness 10000) in paragraph at lines 1753--1754
\TU/TimesNewRoman(0)/m/n/10.95 ”)), ’drive_map_power’: rel(’drive_map_power’, p
aths.get(’drive_eff_map’, ”)), ’regen_eff_map’:

Underfull \hbox (badness 10000) in paragraph at lines 1753--1754
\TU/TimesNewRoman(0)/m/n/10.95 rel(’regen_eff_map’), ’regen_map_eco’: rel(’rege
n_map_eco’, paths.get(’regen_eff_map’, ”)), ’re-

Underfull \hbox (badness 2717) in paragraph at lines 1753--1754
\TU/TimesNewRoman(0)/m/n/10.95 gen_map_power’: rel(’regen_map_power’, paths.get
(’regen_eff_map’, ”)), ’rint_map’: rel(’rint_map’),

Overfull \hbox (26.87932pt too wide) in paragraph at lines 1753--1754
\TU/TimesNewRoman(0)/m/n/10.95 ’panel_eff_map’: rel(’panel_eff_map’), ’mppt_eff
_map’: rel(’mppt_eff_map’), ’ocv_soc_map’: rel(’ocv_soc_map’)}
[46]
Underfull \hbox (badness 10000) in paragraph at lines 1819--1820
[]\TU/YuGothic(0)/m/n/10.95 定 義\TU/TimesNewRoman(0)/m/n/10.95 : $[][][][][] [] 
[][][][][][] [] [][][][][] [] [][][][][][][][][][][][][][][][] [] [][] [] [][][
][][][][][][] [][] [][][][][][][] [] [][][][] [] [][][][] [] [][] [][] [][] []
[47] [48] [49] [50]
Underfull \hbox (badness 10000) in paragraph at lines 1998--1999
[]\TU/YuGothic(0)/m/n/10.95 定 義\TU/TimesNewRoman(0)/m/n/10.95 : $[][][][][][][]
[][] [] [][][][][][][] [] [][][][][][][] [] [][][] [] [][][][] [][] [] [][] [][
][][][][] [] [][][][][] [] [][][][][][][] [] [][][][] [] [][][][] [] [][][][] [
][]
[51]
Underfull \hbox (badness 1371) in paragraph at lines 2021--2022
[]\TU/TimesNewRoman(0)/m/n/10.95 required_defaults \TU/YuGothic(0)/m/n/10.95 に 
\TU/TimesNewRoman(0)/m/n/10.95 {’s_km’: np.nan, ’speed_kmh’: 0.0, ’slope_pct’: 
0.0, ’route_heading_deg’: 0.0,

Underfull \hbox (badness 1210) in paragraph at lines 2021--2022
\TU/TimesNewRoman(0)/m/n/10.95 ’headwind_archive_ms’: 0.0, ’GHI_archive’: 0.0, 
’Tamb_archive_C’: 25.0, ’solar_power_w_obs’: 0.0,
[52]
Underfull \hbox (badness 5374) in paragraph at lines 2043--2044
[]\TU/TimesNewRoman(0)/m/n/10.95 work[’Tcell_effective_C’] \TU/YuGothic(0)/m/n/
10.95 に \TU/TimesNewRoman(0)/m/n/10.95 work[’Tamb_archive_C’] + 0.03 * pd.to_nu
meric(work[’GHI_effective’],

Underfull \hbox (badness 10000) in paragraph at lines 2046--2047
[]\TU/TimesNewRoman(0)/m/n/10.95 numeric_cols \TU/YuGothic(0)/m/n/10.95 に \TU/T
imesNewRoman(0)/m/n/10.95 [’s_km’, ’speed_kmh’, ’slope_pct’, ’route_heading_deg
’, ’headwind_archive_ms’,

Underfull \hbox (badness 4779) in paragraph at lines 2046--2047
\TU/TimesNewRoman(0)/m/n/10.95 ’headwind_effective_ms’, ’GHI_archive’, ’GHI_eff
ective’, ’Tamb_archive_C’, ’Tcell_effective_C’, ’so-

Overfull \hbox (97.33574pt too wide) in paragraph at lines 2056--2057
[]\TU/TimesNewRoman(0)/m/n/10.95 work[’accel_ms2’] \TU/YuGothic(0)/m/n/10.95 に 
\TU/TimesNewRoman(0)/m/n/10.95 accel.replace([np.inf, -np.inf], np.nan).rolling
(5, center=True, min_periods=1).median().fillna(0.0).clip(lower=-
[53]
Underfull \hbox (badness 10000) in paragraph at lines 2107--2108
[]\TU/YuGothic(0)/m/n/10.95 定 義\TU/TimesNewRoman(0)/m/n/10.95 : $[][][][][] [] 
[][][][][][][][] [] [][][][][][][][][][] [] [][] [] [][] [] [][][][][][][][][] 
[][] [][][] [] [][] [] [][] [] [][][][][][][][][] [][] [][][][] [] [][][][][] [
][]

Underfull \hbox (badness 1389) in paragraph at lines 2109--2110
[]\TU/YuGothic(0)/m/n/10.95 こ の ブ ロ ッ ク が 直 接 呼 ぶ 主 な 関 数  |・|  メ ソ ッ ド\TU/Time
sNewRoman(0)/m/n/10.95 : abs, asarray, astype, copy, fillna, float, in-

Underfull \hbox (badness 4132) in paragraph at lines 2110--2111
[]\TU/YuGothic(0)/m/n/10.95 戻 り 値 の 要 点\TU/TimesNewRoman(0)/m/n/10.95 : {’count
’: int(len(window)), ’s_km’: float(window[’s_km’].median()), ’time_utc’:

Underfull \hbox (badness 4699) in paragraph at lines 2110--2111
\TU/TimesNewRoman(0)/m/n/10.95 pd.to_datetime(window[’time_utc’].iloc[-1], utc=
True).strftime(’%Y-%m-%dT%H:%M:%SZ’), ’voltage_v’:

Underfull \hbox (badness 10000) in paragraph at lines 2110--2111
\TU/TimesNewRoman(0)/m/n/10.95 float(window[’battery_voltage_v’].median()), ’cu
rrent_a’: float(window[’battery_current_a’].median()),

Overfull \hbox (3.65654pt too wide) in paragraph at lines 2110--2111
\TU/TimesNewRoman(0)/m/n/10.95 ’temp_c’: float(window[’Tamb_archive_C’].median(
)), ’soc_target’: float(np.nanmedian(np.asarray(soc_targets,
[54]
Overfull \hbox (89.30214pt too wide) in paragraph at lines 2124--2125
[]\TU/TimesNewRoman(0)/m/n/10.95 valid \TU/YuGothic(0)/m/n/10.95 に \TU/TimesNew
Roman(0)/m/n/10.95 np.isfinite(log_df[’battery_voltage_v’]) & np.isfinite(log_d
f[’battery_current_a’]) & np.isfinite(log_df[’Tamb_archive_C’])

Underfull \hbox (badness 10000) in paragraph at lines 2130--2131
[]\TU/TimesNewRoman(0)/m/n/10.95 soc_targets \TU/YuGothic(0)/m/n/10.95 に \TU/Ti
mesNewRoman(0)/m/n/10.95 [infer_soc_from_loaded_state(float(row.battery_voltage
_v), float(row.battery_current_a),

Overfull \hbox (55.02957pt too wide) in paragraph at lines 2131--2132
[]\TU/TimesNewRoman(0)/m/n/10.95 {’count’: int(len(window)), ’s_km’: float(wind
ow[’s_km’].median()), ’time_utc’: pd.to_datetime(window[’time_utc’].iloc[-

Overfull \hbox (10.4393pt too wide) in paragraph at lines 2131--2132
\TU/TimesNewRoman(0)/m/n/10.95 1], utc=True).strftime(’%Y-%m-%dT%H:%M:%SZ’), ’v
oltage_v’: float(window[’battery_voltage_v’].median()),

Overfull \hbox (12.60472pt too wide) in paragraph at lines 2131--2132
\TU/TimesNewRoman(0)/m/n/10.95 ’current_a’: float(window[’battery_current_a’].m
edian()), ’temp_c’: float(window[’Tamb_archive_C’].median()),
[55]
Underfull \hbox (badness 10000) in paragraph at lines 2174--2175
[][][][][][][][][][][][][][][][] [][] [][][][][][] [] [][] [] [][][][][] [][] [
] [][] [][][][][][][][] [] [][][][][][] [] [][][][] [] [][][][] [] [][][][] [] 
[][] [][] [][][][][][][][] [][]

Overfull \hbox (106.72801pt too wide) in paragraph at lines 2177--2178
\TU/TimesNewRoman(0)/m/n/10.95 float(window[’battery_voltage_v_obs’].median()),
 ’retire_anchor_voltage_pred_v’: float(window[’battery_voltage_v_pred’].median(
)),
[56]
Overfull \hbox (130.16211pt too wide) in paragraph at lines 2203--2204
[]\TU/TimesNewRoman(0)/m/n/10.95 {’retire_anchor_s_km’: float(window[’s_km’].me
dian()), ’retire_anchor_voltage_obs_v’: float(window[’battery_voltage_v_obs’].m
edian()),

Underfull \hbox (badness 3229) in paragraph at lines 2203--2204
\TU/TimesNewRoman(0)/m/n/10.95 soc_obs_value, ’retire_anchor_soc_pred’: float(w
indow[’soc_pred’].median()), ’retire_anchor_soc_error’:
[57]
Overfull \hbox (22.02637pt too wide) in paragraph at lines 2269--2270
[]\TU/TimesNewRoman(0)/m/n/10.95 power_resid \TU/YuGothic(0)/m/n/10.95 に \TU/Ti
mesNewRoman(0)/m/n/10.95 group.loc[power_mask, ’battery_power_w_obs’] - group.l
oc[power_mask, ’battery_power_w_pred’]
[58]
Underfull \hbox (badness 2310) in paragraph at lines 2304--2305
[]\TU/YuGothic(0)/m/n/10.95 戻 り 値 の 要 点\TU/TimesNewRoman(0)/m/n/10.95 : power_t
erm + energy_term + independent_pv_term + vehicle_voltage_term + bat-

Underfull \hbox (badness 10000) in paragraph at lines 2304--2305
\TU/TimesNewRoman(0)/m/n/10.95 tery_voltage_term + battery_terminal_term + vehi
cle_terminal_term + end_to_end_terminal_term +

Underfull \hbox (badness 1762) in paragraph at lines 2305--2306
[]\TU/YuGothic(0)/m/n/10.95 主 な ロ ー カ ル 代 入 名\TU/TimesNewRoman(0)/m/n/10.95 : b
attery_terminal_term, battery_voltage_term, end_to_end_terminal_term, en-

Underfull \hbox (badness 3375) in paragraph at lines 2305--2306
\TU/TimesNewRoman(0)/m/n/10.95 ergy_rmse_25km, energy_term, fit_window_term, in
dependent_pv_term, power_rmse, power_term, ro-
[59]
Underfull \hbox (badness 10000) in paragraph at lines 2325--2326
[]\TU/TimesNewRoman(0)/m/n/10.95 battery_terminal_term \TU/YuGothic(0)/m/n/10.9
5 に \TU/TimesNewRoman(0)/m/n/10.95 80.0 * abs(float(metrics.get(’battery_condit
ional_retire_anchor_soc_error’,

Overfull \hbox (6.70027pt too wide) in paragraph at lines 2327--2328
[]\TU/TimesNewRoman(0)/m/n/10.95 end_to_end_terminal_term \TU/YuGothic(0)/m/n/1
0.95 に \TU/TimesNewRoman(0)/m/n/10.95 300.0 * abs(float(metrics.get(’end_to_end
_retire_anchor_soc_error’, float(’inf’))))

Underfull \hbox (badness 3219) in paragraph at lines 2329--2330
[]\TU/TimesNewRoman(0)/m/n/10.95 power_term + energy_term + independent_pv_term
 + vehicle_voltage_term + battery_voltage_term +
[60] [61]
Underfull \hbox (badness 10000) in paragraph at lines 2431--2432
[][][][][] [][] [][][][][][][] [] [][][][][] [] [][][] [] [][][][][] [] [] [] [
] [][] [][][][][][][] [] [][][][][] [] [][][][][] [] [] [] [][][][][] [] [][] [
] [] [][] [][][][][][][] []

Underfull \hbox (badness 10000) in paragraph at lines 2431--2432
[][][][][][][] [] [][][] [] [][][] [][] [][][][] [] [][][][][][] [] [][][][][][
][][][][][] [][] [][][][][] [] [][][] [] [] [][] [] [] [][] [] [][][] [][] [][]
[][][][][][] [] [][][][][][][][][] [][]

Overfull \hbox (6.20052pt too wide) in paragraph at lines 2454--2455
[]\TU/TimesNewRoman(0)/m/n/10.95 raw_column \TU/YuGothic(0)/m/n/10.95 に\TU/Time
sNewRoman(0)/m/n/10.95 ’solar_power_w_obs_raw’ if ’solar_power_w_obs_raw’ in ou
t.columns else ’solar_power_w_obs’
[62]
Underfull \hbox (badness 2772) in paragraph at lines 2464--2465
\TU/TimesNewRoman(0)/m/n/10.95 ’known_aux_power_w’: float(known_aux_power_w), ’
sample_count’: int(len(x)), ’minimum_samples’:

Overfull \hbox (53.98102pt too wide) in paragraph at lines 2468--2469
[]\TU/TimesNewRoman(0)/m/n/10.95 diagnostic \TU/YuGothic(0)/m/n/10.95 に \TU/Tim
esNewRoman(0)/m/n/10.95 least_squares(lambda theta: y - (float(theta[0]) - floa
t(theta[1]) * x), x0=np.array([float(known_aux_power_w),

Underfull \hbox (badness 6625) in paragraph at lines 2468--2469
\TU/TimesNewRoman(0)/m/n/10.95 float(fixed.x[0])], dtype=float), bounds=(np.arr
ay([0.0, gain_bounds[0]], dtype=float), np.array([100.0,

Overfull \hbox (59.45601pt too wide) in paragraph at lines 2477--2478
[]\TU/TimesNewRoman(0)/m/n/10.95 day_fit \TU/YuGothic(0)/m/n/10.95 に \TU/TimesN
ewRoman(0)/m/n/10.95 least_squares(lambda theta: gy - (float(known_aux_power_w)
 - float(theta[0]) * gx), x0=np.array([candidate_gain],
[63]
Overfull \hbox (4.49677pt too wide) in paragraph at lines 2482--2483
[]\TU/TimesNewRoman(0)/m/n/10.95 accepted \TU/YuGothic(0)/m/n/10.95 に \TU/Times
NewRoman(0)/m/n/10.95 bool(np.isfinite(candidate_gain) and float(gain_bounds[0]
) < candidate_gain < float(gain_bounds[1])
[64]
Underfull \hbox (badness 10000) in paragraph at lines 2535--2536
[]\TU/YuGothic(0)/m/n/10.95 定 義\TU/TimesNewRoman(0)/m/n/10.95 : $[][][][][][] [
] [][][][][][][][][][][][] [] [][][][][][] [] [][][][][][][][][][][][][][] [] [
][] [] [][][][][][][][][] [][] [][][][][][] [] [][][][][] [] [][][] [][]

Underfull \hbox (badness 10000) in paragraph at lines 2574--2575
[]\TU/YuGothic(0)/m/n/10.95 定 義\TU/TimesNewRoman(0)/m/n/10.95 : $[][][][][][][]
[][][][][][] [] [][][][][] [] [][][][] [] [][][][][][][][][][][] [] [][] [] [][
][][][][][][][] [][] [] [][] [][][][][][] [] [][][] [][] [][][][][][] []
[65]
Underfull \hbox (badness 10000) in paragraph at lines 2605--2606
[]\TU/TimesNewRoman(0)/m/n/10.95 smoothed.loc[group.index] \TU/YuGothic(0)/m/n/
10.95 に \TU/TimesNewRoman(0)/m/n/10.95 savgol_filter(group.to_numpy(dtype=float
), usable_window, min(2, us-
[66] [67] [68] [69]
Underfull \hbox (badness 10000) in paragraph at lines 2773--2774
[]\TU/YuGothic(0)/m/n/10.95 定 義\TU/TimesNewRoman(0)/m/n/10.95 : $[][][][][][][]
 [] [][][][][][][][][][][] [] [][][] [] [][][][][][][][][][][][][][][][][][] []
 [][] [] [][][][][][][][][] [][] [][][][][][][][][][][][] []
[70]
Underfull \hbox (badness 10000) in paragraph at lines 2791--2792
[]\TU/TimesNewRoman(0)/m/n/10.95 headwind \TU/YuGothic(0)/m/n/10.95 に \TU/Times
NewRoman(0)/m/n/10.95 pd.to_numeric(frame[’headwind_archive_ms’], errors=’coerc
e’).fillna(0.0).to_numpy() *

Underfull \hbox (badness 5446) in paragraph at lines 2795--2796
[]\TU/TimesNewRoman(0)/m/n/10.95 ambient_source \TU/YuGothic(0)/m/n/10.95 に \TU
/TimesNewRoman(0)/m/n/10.95 frame[’Tamb_archive_C’] if ’Tamb_archive_C’ in fram
e else pd.Series(25.0, in-

Underfull \hbox (badness 1960) in paragraph at lines 2807--2808
[]\TU/TimesNewRoman(0)/m/n/10.95 force \TU/YuGothic(0)/m/n/10.95 に \TU/TimesNew
Roman(0)/m/n/10.95 0.5 * air_density * float(mot.cda) * relative_speed ** 2 + f
loat(mot.crr) * normal_force +
[71]
Underfull \hbox (badness 7238) in paragraph at lines 2817--2818
[]\TU/TimesNewRoman(0)/m/n/10.95 electrical[positive] \TU/YuGothic(0)/m/n/10.95
 に \TU/TimesNewRoman(0)/m/n/10.95 p_mech[positive] / np.maximum(drive_eff[posit
ive] * base_model.p.gear_eta *

Overfull \hbox (23.3078pt too wide) in paragraph at lines 2818--2819
[]\TU/TimesNewRoman(0)/m/n/10.95 electrical[~positive] \TU/YuGothic(0)/m/n/10.9
5 に \TU/TimesNewRoman(0)/m/n/10.95 -float(np.clip(mot.regen_utilization, 0.0, 1
.0)) * regen_eff[~positive] * base_model.p.gear_eta
[72]
Underfull \hbox (badness 10000) in paragraph at lines 2865--2866
[]\TU/YuGothic(0)/m/n/10.95 定 義\TU/TimesNewRoman(0)/m/n/10.95 : $[][][] [] [][]
[][][][][][][][][][] [] [][][][][][][][][] [] [][][][][][][][][][][][][][][] []
 [][] [] [][][][][][][][][] [][] [][][][] [] [][][][][] [][] [][][] []

Overfull \hbox (48.66846pt too wide) in paragraph at lines 2872--2873
[]\TU/YuGothic(0)/m/n/10.95 こ の ブ ロ ッ ク が 直 接 呼 ぶ 主 な 関 数  |・|  メ ソ ッ ド\TU/Time
sNewRoman(0)/m/n/10.95 : _acceleration_trace_from_speed, _motion_predictions_fo
r_acceleration,

Underfull \hbox (badness 1708) in paragraph at lines 2873--2874
\TU/TimesNewRoman(0)/m/n/10.95 selection with last-race-day holdout’, ’sample_p
eriod_sec’: sample_period_sec, ’selected_filter_method’:

Underfull \hbox (badness 1910) in paragraph at lines 2873--2874
\TU/TimesNewRoman(0)/m/n/10.95 selected_method, ’selected_filter_window_samples
’: selected_window, ’selected_filter_window_sec’: se-

Overfull \hbox (10.45467pt too wide) in paragraph at lines 2873--2874
\TU/TimesNewRoman(0)/m/n/10.95 out_day, ’training_sample_count’: int(train_mask
.sum()), ’validation_sample_count’: int(validation_mask.sum()),

Overfull \hbox (78.52075pt too wide) in paragraph at lines 2873--2874
\TU/TimesNewRoman(0)/m/n/10.95 ’baseline_training_rmse_w’: float(baseline[’trai
ning_rmse_w’]), ’selected_training_rmse_w’: float(selected[’training_rmse_w’]),


Overfull \hbox (117.84024pt too wide) in paragraph at lines 2873--2874
\TU/TimesNewRoman(0)/m/n/10.95 ’baseline_validation_rmse_w’: float(baseline[’va
lidation_rmse_w’]), ’selected_validation_rmse_w’: float(selected[’validation_rm
se_w’]),

Underfull \hbox (badness 6125) in paragraph at lines 2873--2874
\TU/TimesNewRoman(0)/m/n/10.95 ’training_improvement_w’: float(float(baseline[’
training_rmse_w’]) - float(selected[’training_rmse_w’])),

Underfull \hbox (badness 1205) in paragraph at lines 2873--2874
\TU/TimesNewRoman(0)/m/n/10.95 ’validation_sample_count’: int(validation_mask.s
um())}) / float(np.sqrt(np.mean(np.square(observed[use] -
[73] [74]
Underfull \hbox (badness 1082) in paragraph at lines 2919--2920
[]\TU/TimesNewRoman(0)/m/n/10.95 base_valid \TU/YuGothic(0)/m/n/10.95 に \TU/Tim
esNewRoman(0)/m/n/10.95 ~out[’exclude_power_fit’].fillna(True).astype(bool) & (
pd.to_numeric(out[’speed_kmh’], er-

Overfull \hbox (19.67664pt too wide) in paragraph at lines 2919--2920
\TU/TimesNewRoman(0)/m/n/10.95 rors=’coerce’) >= float(cfg.get(’min_speed_kmh’,
 12.0))) & np.isfinite(pd.to_numeric(out[’battery_power_w_obs’],

Overfull \hbox (14.53427pt too wide) in paragraph at lines 2937--2938
[]\TU/TimesNewRoman(0)/m/n/10.95 baseline \TU/YuGothic(0)/m/n/10.95 に \TU/Times
NewRoman(0)/m/n/10.95 next((row for row in records if row[’filter_method’] == ’
median’ and int(row[’filter_window_samples’])

Underfull \hbox (badness 6961) in paragraph at lines 2937--2938
\TU/TimesNewRoman(0)/m/n/10.95 == 5 and (abs(float(row[’lag_sec’])) < 0.5 * sam
ple_period_sec)), min(records, key=lambda row:

Underfull \hbox (badness 7759) in paragraph at lines 2941--2942
[]\TU/TimesNewRoman(0)/m/n/10.95 validation_ratio \TU/YuGothic(0)/m/n/10.95 に \
TU/TimesNewRoman(0)/m/n/10.95 float(best[’validation_rmse_w’]) / max(float(base
line[’validation_rmse_w’]), 1e-09)

Underfull \hbox (badness 10000) in paragraph at lines 2941--2942
\TU/TimesNewRoman(0)/m/n/10.95 if np.isfinite(float(best[’validation_rmse_w’]))
 and np.isfinite(float(baseline[’validation_rmse_w’])) else

Overfull \hbox (50.13774pt too wide) in paragraph at lines 2943--2944
\TU/TimesNewRoman(0)/m/n/10.95 enough_validation or (np.isfinite(validation_rat
io) and validation_ratio <= float(cfg.get(’maximum_validation_rmse_ratio’,
[75]
Underfull \hbox (badness 10000) in paragraph at lines 2951--2952
[]\TU/TimesNewRoman(0)/m/n/10.95 out[’accel_ms2’] \TU/YuGothic(0)/m/n/10.95 に \
TU/TimesNewRoman(0)/m/n/10.95 traces[selected_method, selected_window, selected
_lag].fillna(0.0).clip(lower=-1.5,

Underfull \hbox (badness 1127) in paragraph at lines 2955--2956
[]\TU/TimesNewRoman(0)/m/n/10.95 (out, {’enabled’: True, ’adopted’: adopted, ’m
ethod’: ’fixed-mass GNSS acceleration filter/lag selec-

Underfull \hbox (badness 10000) in paragraph at lines 2955--2956
\TU/TimesNewRoman(0)/m/n/10.95 tion with last-race-day holdout’, ’sample_period
_sec’: sample_period_sec, ’selected_filter_method’:

Underfull \hbox (badness 1430) in paragraph at lines 2955--2956
\TU/TimesNewRoman(0)/m/n/10.95 selected_method, ’selected_filter_window_samples
’: selected_window, ’selected_filter_window_sec’: se-

Overfull \hbox (12.64464pt too wide) in paragraph at lines 2955--2956
\TU/TimesNewRoman(0)/m/n/10.95 out_day, ’training_sample_count’: int(train_mask
.sum()), ’validation_sample_count’: int(validation_mask.sum()),

Overfull \hbox (80.71072pt too wide) in paragraph at lines 2955--2956
\TU/TimesNewRoman(0)/m/n/10.95 ’baseline_training_rmse_w’: float(baseline[’trai
ning_rmse_w’]), ’selected_training_rmse_w’: float(selected[’training_rmse_w’]),


Underfull \hbox (badness 10000) in paragraph at lines 2955--2956
\TU/TimesNewRoman(0)/m/n/10.95 ’baseline_validation_rmse_w’: float(baseline[’va
lidation_rmse_w’]), ’selected_validation_rmse_w’:

Underfull \hbox (badness 10000) in paragraph at lines 2955--2956
\TU/TimesNewRoman(0)/m/n/10.95 float(selected[’validation_rmse_w’]), ’training_
improvement_w’: float(float(baseline[’training_rmse_w’])
[76]
Underfull \hbox (badness 10000) in paragraph at lines 3001--3002
[]\TU/YuGothic(0)/m/n/10.95 定 義\TU/TimesNewRoman(0)/m/n/10.95 : $[][][][][][] [
] [][][][] [] [][][][][][][][] [] [][][][][][][][][][][][][][][][][][] [] [][] 
[] [][] [] [][][][][][][] [][] [][][][][][][][][] [] [] [] [][] []
[77]
Underfull \hbox (badness 10000) in paragraph at lines 3055--3056
[]\TU/YuGothic(0)/m/n/10.95 定 義\TU/TimesNewRoman(0)/m/n/10.95 : $[][][] [] [][]
[][][] [] [][][][][][][][][][][] [] [][][][][][][][][][][][][][][] [] [][] [] [
][][][][][][][][] [][] [][][][][] [] [][][][][][][] [] [][][] []

Underfull \hbox (badness 10000) in paragraph at lines 3055--3056
[][][][] [][] [][][][][][] [] [][][] [] [][][][] [][] [][][][] [] [][][][][] []
[] [][][] [] [][][][][][][][][][][][][][][] [][] [][][][][][][] [] [][][][] [] 
[][][][] [] [][][][] [] [][] [][]

Overfull \hbox (15.17401pt too wide) in paragraph at lines 3061--3062
[]\TU/YuGothic(0)/m/n/10.95 こ の ブ ロ ッ ク が 直 接 呼 ぶ 主 な 関 数  |・|  メ ソ ッ ド\TU/Time
sNewRoman(0)/m/n/10.95 : DataFrame, MotionFitResult, _grade_from_smoothed_eleva
tion,

Overfull \hbox (43.17714pt too wide) in paragraph at lines 3062--3063
[]\TU/YuGothic(0)/m/n/10.95 戻 り 値 の 要 点\TU/TimesNewRoman(0)/m/n/10.95 : (out, {
’enabled’: True, ’adopted’: True, ’reason’: ’training_improvement_and_last_day_
holdout_passed’,

Underfull \hbox (badness 2134) in paragraph at lines 3062--3063
\TU/TimesNewRoman(0)/m/n/10.95 str(route_profile_csv), ’adopted_route_profile_c
sv’: str(output_csv), ’holdout_day’: holdout_day, ’train-

Underfull \hbox (badness 4726) in paragraph at lines 3062--3063
\TU/TimesNewRoman(0)/m/n/10.95 ing_sample_count’: int(train_mask.sum()), ’valid
ation_sample_count’: int(validation_mask.sum()), ’se-

Underfull \hbox (badness 1132) in paragraph at lines 3062--3063
\TU/TimesNewRoman(0)/m/n/10.95 lected_smoothing_window_km’: selected_window, ’s
moothing_search_max_km’: smoothing_search_max,

Overfull \hbox (3.58243pt too wide) in paragraph at lines 3062--3063
\TU/TimesNewRoman(0)/m/n/10.95 training_improvement, ’baseline_validation_rmse_
w’: baseline_validation_rmse, ’selected_validation_rmse_w’:

Underfull \hbox (badness 4181) in paragraph at lines 3062--3063
\TU/TimesNewRoman(0)/m/n/10.95 ’adopted’: False, ’reason’: ’disabled_or_route_p
rofile_missing’}, None) / (frame.copy(), {’enabled’:

Underfull \hbox (badness 4205) in paragraph at lines 3062--3063
\TU/TimesNewRoman(0)/m/n/10.95 True, ’adopted’: False, ’reason’: ’route_profile
_requires_distance_and_elevation’, ’route_profile_csv’:

Underfull \hbox (badness 1762) in paragraph at lines 3062--3063
\TU/TimesNewRoman(0)/m/n/10.95 str(route_profile_csv)}, None) / (frame.copy(), 
{’enabled’: True, ’adopted’: False, ’reason’: ’insuffi-
[78]
Overfull \hbox (53.30232pt too wide) in paragraph at lines 3079--3080
[]\TU/TimesNewRoman(0)/m/n/10.95 (frame.copy(), {’enabled’: bool(cfg.get(’enabl
ed’, True)), ’adopted’: False, ’reason’: ’disabled_or_route_profile_missing’},

Underfull \hbox (badness 2237) in paragraph at lines 3082--3083
[]\TU/TimesNewRoman(0)/m/n/10.95 elevation_column \TU/YuGothic(0)/m/n/10.95 に \
TU/TimesNewRoman(0)/m/n/10.95 next((key for key in (’elev_m’, ’elev_dem_m’, ’al
t_m’, ’altitude_m’) if key in

Underfull \hbox (badness 2302) in paragraph at lines 3085--3086
[]\TU/TimesNewRoman(0)/m/n/10.95 source \TU/YuGothic(0)/m/n/10.95 に \TU/TimesNe
wRoman(0)/m/n/10.95 pd.DataFrame({’dist_km’: pd.to_numeric(route[distance_colum
n], errors=’coerce’), ’elev_m’:

Overfull \hbox (0.85422pt too wide) in paragraph at lines 3088--3089
[]\TU/TimesNewRoman(0)/m/n/10.95 (frame.copy(), {’enabled’: True, ’adopted’: Fa
lse, ’reason’: ’insufficient_monotonic_route_elevation_samples’,
[79]
Underfull \hbox (badness 4316) in paragraph at lines 3094--3095
[]\TU/TimesNewRoman(0)/m/n/10.95 common \TU/YuGothic(0)/m/n/10.95 に \TU/TimesNe
wRoman(0)/m/n/10.95 ~out[’exclude_power_fit’].fillna(False).astype(bool) & pd.t
o_numeric(out[’speed_kmh’], er-

Overfull \hbox (1.35358pt too wide) in paragraph at lines 3096--3097
[]\TU/TimesNewRoman(0)/m/n/10.95 train_mask \TU/YuGothic(0)/m/n/10.95 に \TU/Tim
esNewRoman(0)/m/n/10.95 (common & pd.to_numeric(out[’day’], errors=’coerce’).ne
(holdout_day)).to_numpy(dtype=bool)

Overfull \hbox (25.07678pt too wide) in paragraph at lines 3097--3098
[]\TU/TimesNewRoman(0)/m/n/10.95 validation_mask \TU/YuGothic(0)/m/n/10.95 に \T
U/TimesNewRoman(0)/m/n/10.95 (common & pd.to_numeric(out[’day’], errors=’coerce
’).eq(holdout_day)).to_numpy(dtype=bool)

Underfull \hbox (badness 2671) in paragraph at lines 3101--3102
[]\TU/TimesNewRoman(0)/m/n/10.95 (out, {’enabled’: True, ’adopted’: False, ’rea
son’: ’insufficient_train_or_validation_samples’, ’train-

Underfull \hbox (badness 1320) in paragraph at lines 3109--3110
[]\TU/TimesNewRoman(0)/m/n/10.95 grade_scales \TU/YuGothic(0)/m/n/10.95 に \TU/T
imesNewRoman(0)/m/n/10.95 [float(value) for value in cfg.get(’grade_scales’, np
.round(np.arange(0.5, 1.0001, 0.05),
[80]
Underfull \hbox (badness 7133) in paragraph at lines 3118--3119
[]\TU/TimesNewRoman(0)/m/n/10.95 aligned_route_slope \TU/YuGothic(0)/m/n/10.95 
に \TU/TimesNewRoman(0)/m/n/10.95 np.interp(distance + offset_km, distance, sour
ce_slope, left=source_slope[0],

Overfull \hbox (32.30693pt too wide) in paragraph at lines 3121--3122
[]\TU/TimesNewRoman(0)/m/n/10.95 candidate_frame[’slope_pct’] \TU/YuGothic(0)/m
/n/10.95 に \TU/TimesNewRoman(0)/m/n/10.95 np.interp(replay_distance, distance, 
aligned_route_slope, left=aligned_route_slope[0],

Underfull \hbox (badness 2326) in paragraph at lines 3131--3132
[]\TU/TimesNewRoman(0)/m/n/10.95 (out, {’enabled’: True, ’adopted’: False, ’rea
son’: ’training_gain_or_holdout_gate_failed’, ’method’:

Overfull \hbox (2.52162pt too wide) in paragraph at lines 3131--3132
\TU/TimesNewRoman(0)/m/n/10.95 line_training_rmse, ’selected_training_rmse_w’: 
float(best[’training_rmse_w’]), ’baseline_validation_rmse_w’:

Underfull \hbox (badness 10000) in paragraph at lines 3131--3132
\TU/TimesNewRoman(0)/m/n/10.95 baseline_validation_rmse, ’selected_validation_r
mse_w’: float(best[’validation_rmse_w’]), ’valida-

Underfull \hbox (badness 1694) in paragraph at lines 3143--3144
\TU/TimesNewRoman(0)/m/n/10.95 str(route_profile_csv), ’adopted_route_profile_c
sv’: str(output_csv), ’holdout_day’: holdout_day, ’train-

Underfull \hbox (badness 3826) in paragraph at lines 3143--3144
\TU/TimesNewRoman(0)/m/n/10.95 ing_sample_count’: int(train_mask.sum()), ’valid
ation_sample_count’: int(validation_mask.sum()), ’se-

Overfull \hbox (5.7724pt too wide) in paragraph at lines 3143--3144
\TU/TimesNewRoman(0)/m/n/10.95 training_improvement, ’baseline_validation_rmse_
w’: baseline_validation_rmse, ’selected_validation_rmse_w’:
[81] [82]
Overfull \hbox (62.59299pt too wide) in paragraph at lines 3222--3223
\TU/TimesNewRoman(0)/m/n/10.95 ’pv_lodo_moving_sample_count’: int(len(moving_re
siduals)), ’pv_lodo_deployed_stop_rmse_w’: rmse(deployed_residuals),

Overfull \hbox (13.62738pt too wide) in paragraph at lines 3222--3223
\TU/TimesNewRoman(0)/m/n/10.95 ’pv_lodo_deployed_stop_sample_count’: int(len(de
ployed_residuals))} / float(np.sqrt(np.mean(np.square(array))))
[83]
Overfull \hbox (6.72057pt too wide) in paragraph at lines 3245--3246
[]\TU/TimesNewRoman(0)/m/n/10.95 local_time \TU/YuGothic(0)/m/n/10.95 に \TU/Tim
esNewRoman(0)/m/n/10.95 pd.to_datetime(work[’time_utc’], format=’mixed’, utc=Tr
ue).dt.tz_convert(TIMEZONE_LOCAL)
[84]
Overfull \hbox (83.01765pt too wide) in paragraph at lines 3273--3274
[]\TU/TimesNewRoman(0)/m/n/10.95 {’pv_lodo_fold_count’: int(fold_count), ’pv_lo
do_moving_rmse_w’: rmse(moving_residuals), ’pv_lodo_moving_sample_count’:

Overfull \hbox (94.0033pt too wide) in paragraph at lines 3273--3274
\TU/TimesNewRoman(0)/m/n/10.95 int(len(moving_residuals)), ’pv_lodo_deployed_st
op_rmse_w’: rmse(deployed_residuals), ’pv_lodo_deployed_stop_sample_count’:
[85] [86]
Overfull \hbox (4.26434pt too wide) in paragraph at lines 3389--3390
[]\TU/YuGothic(0)/m/n/10.95 定 義\TU/TimesNewRoman(0)/m/n/10.95 : $[][][] [] [][]
[][][][][] [] [][][][][][][][][][][] [] [][][][][][][][][][][][][][][] [] [][][
][][][][][] [][] [][][][][] [] [][][][][][][][][][][][][] [] [][][][][][][][] [
][]
[87]
Underfull \hbox (badness 4441) in paragraph at lines 3445--3446
[]\TU/TimesNewRoman(0)/m/n/10.95 chunk[’time_utc’] \TU/YuGothic(0)/m/n/10.95 に 
\TU/TimesNewRoman(0)/m/n/10.95 pd.to_datetime(chunk[’time_utc’], format=’mixed’
, utc=True).dt.strftime(’%Y-%m-
[88]
Underfull \hbox (badness 10000) in paragraph at lines 3471--3472
[]\TU/YuGothic(0)/m/n/10.95 定 義\TU/TimesNewRoman(0)/m/n/10.95 : $[][][][][] [] 
[][][] [] [][] [] [][][][][][][] [] [][][][] [][] [] [][] [][][][][][][] [] [][
][] [] [][][][] [][] [][][] [] [][][][][][] [] [][][][][][][][] [][] [][][][] [
]

Underfull \hbox (badness 10000) in paragraph at lines 3471--3472
[][][][] [] [][][][][][][][][][][] [][] [][][][] [] [][][][][][][][][][][][][][
][][] [][] [][][] [] [][][][][][][][][][][][][][][] [][] [][][][][][][][] [] []
[][] [] [][][] []

Underfull \hbox (badness 10000) in paragraph at lines 3471--3472
[][][][] [][] [][][][][][][] [] [][][][][][][] [] [][][] [] [][][][][][][][] []
[] [][][] [] [][][][][] [] [][][][] [][] [][][][][] [] [][][][][][][][][][][] [
] [][][][][][][][][][][] []

Underfull \hbox (badness 1365) in paragraph at lines 3478--3479
\TU/TimesNewRoman(0)/m/n/10.95 ValueError(f’adopted OCV map is missing ocv_v: {
ocv_path}’), ValueError(f’adopted OCV maximum
[89] [90]
Underfull \hbox (badness 1158) in paragraph at lines 3525--3526
[]\TU/TimesNewRoman(0)/m/n/10.95 ValueError(f’adopted OCV maximum {ocv_max_v:.6
f} V exceeds the grounded 25S pack limit {BAT-
[91] [92]
Underfull \hbox (badness 10000) in paragraph at lines 3612--3613
[]\TU/YuGothic(0)/m/n/10.95 定 義\TU/TimesNewRoman(0)/m/n/10.95 : $[][][][][][] [
] [][][][][][][][][][][][][][][] [] [][][][] [] [][][][] [][] [][][] [] [][][][
] [][] [][][] [] [][][][][][] [] [][][][][][][][] [][] [][][][] [] [][][][] []

Underfull \hbox (badness 10000) in paragraph at lines 3612--3613
[][][][][][][][][][][] [][] [][][][] [] [][][][][][][][][][][][][][][][] [][] [
][][] [] [][][][][][][][][][][][][][][] [][] [][][][][][][][] [] [][][] [] [][]
[] [] [][][][] [][]

Overfull \hbox (12.25046pt too wide) in paragraph at lines 3612--3613
[][][][][][][] [] [][][][][][][] [] [][][] [] [][][][][][][][] [][] [][][] [] [
][][][][] [] [][][][] [][] [][][][][] [] [][][][][][][][][][][] [] [][][][][][]
[][][][][] [] [][][][][][][][] [][]

Underfull \hbox (badness 10000) in paragraph at lines 3612--3613
[][][] [] [][][][][] [] [][][][] [][] [][][][][] [] [][][][][][][] [] [][][][][
] [] [][][][] [] [][][][] [] [][][][] [][] [][][][][][][] [] [][][] [] [][][][]
 [] [][][][] [] [][][][] [] [][] [][]

Underfull \hbox (badness 10000) in paragraph at lines 3630--3631
\TU/TimesNewRoman(0)/m/n/10.95 battery_dynamic_fit=battery_dynamic_fit, solar_m
easurement_calibration=solar_measurement_calibration,
[93] [94] [95]
Underfull \hbox (badness 10000) in paragraph at lines 3744--3745
[]\TU/YuGothic(0)/m/n/10.95 定 義\TU/TimesNewRoman(0)/m/n/10.95 : $[][][][][] [] 
[][][][][][][][] [] [][][][][][][][][][][] [] [][][][] [] [][][][][][][][][][][
][][] [] [][][][] [] [][][][] [][] [][][][][][][][] [] [][][][][][] []

Underfull \hbox (badness 10000) in paragraph at lines 3744--3745
[][][][][][][][] [][] [][][] [] [][][] [][] [][][] [] [][][][][][] [] [][][][][
] [][] [][][][][][][][][][] [] [][][][][][][] [] [][][][][][][][] [][] [][][] [
] [][][][][] [] [][][][] [][]

Underfull \hbox (badness 10000) in paragraph at lines 3744--3745
[][][][][][] [] [][][] [] [][][][][] [] [][][] [] [][][][][] [] [] [] [][] [][]
 [][][][][][] [] [][][][][][][] [] [][][][][] [] [][][] [] [] [] [][][][][] [] 
[] [] [] [][] [][][][][][][] [] [][][] []

Underfull \hbox (badness 10000) in paragraph at lines 3744--3745
[][][][][] [] [][][] [] [][][][][] [] [] [] [][] [][] [][][][][][][] [] [][][][
][][][] [] [][][][][] [] [][][] [] [] [] [][][][][] [] [] [] [] [][] [][][] [] 
[][] [] [][][] [] [][][] [] [][][][][] []

Overfull \hbox (5.93216pt too wide) in paragraph at lines 3752--3753
[]\TU/YuGothic(0)/m/n/10.95 主 な ロ ー カ ル 代 入 名\TU/TimesNewRoman(0)/m/n/10.95 : c
ross_channel_gate, end_to_end_gate, end_to_end_soc_error, end_to_end_voltage_er
ror,

Underfull \hbox (badness 1308) in paragraph at lines 3752--3753
\TU/TimesNewRoman(0)/m/n/10.95 evidence_spread_gate, hi, high_precision_gate, l
o, local_anchor_gate, metrics, payload, replay_gate, re-

Underfull \hbox (badness 2846) in paragraph at lines 3752--3753
\TU/TimesNewRoman(0)/m/n/10.95 play_soc_error, replay_voltage_error, replay_vol
tage_observed, replay_voltage_predicted, sigma, spread,

Overfull \hbox (1.73492pt too wide) in paragraph at lines 3771--3772
[]\TU/TimesNewRoman(0)/m/n/10.95 replay_voltage_observed \TU/YuGothic(0)/m/n/10
.95 に \TU/TimesNewRoman(0)/m/n/10.95 float(metrics.get(’battery_conditional_ret
ire_anchor_voltage_obs_v’, float(’nan’)))

Overfull \hbox (7.18854pt too wide) in paragraph at lines 3772--3773
[]\TU/TimesNewRoman(0)/m/n/10.95 replay_voltage_predicted \TU/YuGothic(0)/m/n/1
0.95 に \TU/TimesNewRoman(0)/m/n/10.95 float(metrics.get(’battery_conditional_re
tire_anchor_voltage_pred_v’, float(’nan’)))

Overfull \hbox (140.34584pt too wide) in paragraph at lines 3775--3776
[]\TU/TimesNewRoman(0)/m/n/10.95 vehicle_voltage_error \TU/YuGothic(0)/m/n/10.9
5 に \TU/TimesNewRoman(0)/m/n/10.95 abs(float(metrics.get(’retire_anchor_voltage
_pred_v’, float(’nan’))) - float(metrics.get(’retire_anchor_voltage_obs_v’,
[96]
Overfull \hbox (58.02948pt too wide) in paragraph at lines 3783--3784
[]\TU/TimesNewRoman(0)/m/n/10.95 end_to_end_gate \TU/YuGothic(0)/m/n/10.95 に \T
U/TimesNewRoman(0)/m/n/10.95 bool(np.isfinite(end_to_end_soc_error) and end_to_
end_soc_error <= float(end_to_end_soc_error_max)

Overfull \hbox (37.9402pt too wide) in paragraph at lines 3783--3784
\TU/TimesNewRoman(0)/m/n/10.95 and np.isfinite(end_to_end_voltage_error) and (e
nd_to_end_voltage_error <= float(end_to_end_voltage_error_max_v)))

Underfull \hbox (badness 4713) in paragraph at lines 3784--3785
[]\TU/TimesNewRoman(0)/m/n/10.95 high_precision_gate \TU/YuGothic(0)/m/n/10.95 
に \TU/TimesNewRoman(0)/m/n/10.95 bool(evidence_spread_gate and local_anchor_gat
e and cross_channel_gate and

Overfull \hbox (33.35704pt too wide) in paragraph at lines 3785--3786
[]\TU/TimesNewRoman(0)/m/n/10.95 payload \TU/YuGothic(0)/m/n/10.95 に \TU/TimesN
ewRoman(0)/m/n/10.95 {’source’: ’terminal_anchor evidence envelope’, ’terminal_
distance_km’: float(terminal_anchor.get(’s_km’,

Overfull \hbox (10.00171pt too wide) in paragraph at lines 3785--3786
\TU/TimesNewRoman(0)/m/n/10.95 get, ’spread_percentage_points’: 100.0 * spread 
if np.isfinite(spread) else float(’nan’), ’high_precision_gate_pass’:

Underfull \hbox (badness 2556) in paragraph at lines 3785--3786
\TU/TimesNewRoman(0)/m/n/10.95 high_precision_gate, ’high_precision_checks’: {’
terminal_evidence_spread’: evidence_spread_gate, ’lo-

Overfull \hbox (13.59921pt too wide) in paragraph at lines 3785--3786
\TU/TimesNewRoman(0)/m/n/10.95 cal_terminal_anchor_quality’: local_anchor_gate,
 ’independent_cross_channel_consistency’: cross_channel_gate,

Overfull \hbox (61.48695pt too wide) in paragraph at lines 3785--3786
\TU/TimesNewRoman(0)/m/n/10.95 ’conditional_replay_terminal_soc’: bool(np.isfin
ite(replay_soc_error) and replay_soc_error <= float(replay_soc_error_max)),

Underfull \hbox (badness 1394) in paragraph at lines 3785--3786
\TU/TimesNewRoman(0)/m/n/10.95 ’conditional_replay_terminal_voltage’: bool(np.i
sfinite(replay_voltage_error) and replay_voltage_error <=

Overfull \hbox (66.89566pt too wide) in paragraph at lines 3785--3786
\TU/TimesNewRoman(0)/m/n/10.95 end_to_end_gate}, ’conditional_replay_terminal_s
oc_error’: replay_soc_error, ’conditional_replay_terminal_soc_error_max’:

Underfull \hbox (badness 1048) in paragraph at lines 3785--3786
\TU/TimesNewRoman(0)/m/n/10.95 float(replay_soc_error_max), ’conditional_replay
_terminal_voltage_error_v’: replay_voltage_error, ’condi-

Overfull \hbox (45.76306pt too wide) in paragraph at lines 3785--3786
\TU/TimesNewRoman(0)/m/n/10.95 tional_replay_terminal_voltage_error_max_v’: flo
at(replay_voltage_error_max_v), ’vehicle_replay_terminal_soc_error’:

Overfull \hbox (114.0961pt too wide) in paragraph at lines 3785--3786
\TU/TimesNewRoman(0)/m/n/10.95 vehicle_soc_error, ’vehicle_replay_terminal_soc_
error_max’: float(vehicle_soc_error_max), ’vehicle_replay_terminal_voltage_erro
r_v’:

Overfull \hbox (9.46982pt too wide) in paragraph at lines 3785--3786
\TU/TimesNewRoman(0)/m/n/10.95 ’end_to_end_replay_terminal_soc_error’: end_to_e
nd_soc_error, ’end_to_end_replay_terminal_soc_error_max’:

Overfull \hbox (0.24678pt too wide) in paragraph at lines 3785--3786
\TU/TimesNewRoman(0)/m/n/10.95 float(end_to_end_soc_error_max), ’end_to_end_rep
lay_terminal_voltage_error_v’: end_to_end_voltage_error,

Underfull \hbox (badness 10000) in paragraph at lines 3785--3786
\TU/TimesNewRoman(0)/m/n/10.95 ’end_to_end_replay_terminal_voltage_error_max_v’
: float(end_to_end_voltage_error_max_v), ’ran-
[97]
Underfull \hbox (badness 10000) in paragraph at lines 3834--3835
[]\TU/YuGothic(0)/m/n/10.95 定 義\TU/TimesNewRoman(0)/m/n/10.95 : $[][][][] [] []
[][][][][][][][] [] [][][][][][][] [] [][][][][][][][][][][][][][][] [] [][][] 
[] [][][][] [][] [] [][] [][][] [] [][][][][][] [] [][][][][][][][] [][]

Underfull \hbox (badness 10000) in paragraph at lines 3834--3835
[][][][] [] [][][][] [] [][][][][][][][][][][] [][] [][][][] [] [][][][][][][][
][][][][][][][][] [][] [][][] [] [][][][][][][][][][][][][][][] [][] [][][][][]
[][][] [] [][][] [] [][][] []

Underfull \hbox (badness 10000) in paragraph at lines 3834--3835
[][][][] [][] [][][][][][][] [] [][][][][][][] [] [][][] [] [][][][][][][][] []
[] [][][] [] [][][][][] [] [][][][] [][] [][][][][] [] [][][][][][][][][][][] [
] [][][][][][][][][][][] []
[98]
Underfull \hbox (badness 10000) in paragraph at lines 3858--3859
\TU/TimesNewRoman(0)/m/n/10.95 battery_dynamic_fit=battery_dynamic_fit, solar_m
easurement_calibration=solar_measurement_calibration,
[99]
Overfull \hbox (13.25046pt too wide) in paragraph at lines 3904--3905
[][][] [] [][][][][][] [] [][][][][][][][] [][] [][][][] [] [][][][] [] [][][][
][][][][][][][] [][] [][][][] [] [][][][][][][][][][][][][][][][] [][] [][][] [
] [][][][][][][][][][][][][][][] [][]

Underfull \hbox (badness 10000) in paragraph at lines 3904--3905
[][][][][][][] [] [][][][][][][][] [][] [][][][][] [] [][][][][][][][][][] [] [
][][][][][] [] [][][][][][][][] [][] [][][][][] [] [][][][][][][] [] [][][][][]
[][] [] [][][][][][][][][] []

Overfull \hbox (12.75046pt too wide) in paragraph at lines 3904--3905
[][][][][] [] [][][][][] [] [][][] [] [][][][][][][][] [][] [][][][][][] [] [][
][][][][] [] [][][][][][] [] [][][][][][][][][][][][][][][][] [][] [][][] [] []
[][][][][][] [] [][][][][][][][][] []

Underfull \hbox (badness 10000) in paragraph at lines 3904--3905
[][][][][][][][][] [] [][][][][][][] [] [][][] [] [][][][][][][][] [][] [][][] 
[] [][][][][] [] [][][][] [][] [][][] [] [][][][] [] [][][][] [] [][][][] [] []
[][][] [][] [][][][][][][][] []

Underfull \hbox (badness 10000) in paragraph at lines 3904--3905
[][][][][][][] [] [][][][] [] [][][][] [] [][][][] [][] [][][][][][] [] [][][] 
[] [][][][] [] [][][][] [] [][][][] [][] [][][][][][] [] [][][] [] [][][][] [] 
[][][][] [] [][][][] [][]

Underfull \hbox (badness 10000) in paragraph at lines 3904--3905
[][][][][][][] [] [][][][][][][][][][][] [] [][][][][][] [] [][][] [] [][][][] 
[] [][][][] [] [][][][] [][] [][][] [] [][] [] [][][] [] [][][][][][] [] [][][]
 [] [][][][] [] [][][][] []

Underfull \hbox (badness 6284) in paragraph at lines 3925--3926
[]\TU/TimesNewRoman(0)/m/n/10.95 payload \TU/YuGothic(0)/m/n/10.95 に \TU/TimesN
ewRoman(0)/m/n/10.95 {’builder’: ’generic_replay_mle’, ’manifest_yaml’: os.path
.relpath(manifest_path, pack-

Overfull \hbox (4.3431pt too wide) in paragraph at lines 3925--3926
\TU/TimesNewRoman(0)/m/n/10.95 tion_fit’: mot.__dict__, ’validation_metrics’: m
etrics, ’validation_protocol’: {’vehicle_conditional_replay_csv’:

Underfull \hbox (badness 1642) in paragraph at lines 3925--3926
\TU/TimesNewRoman(0)/m/n/10.95 relpath_from(package_dir, replay_csv), ’battery_
conditioned_replay_csv’: relpath_from(package_dir, bat-

Overfull \hbox (64.0558pt too wide) in paragraph at lines 3925--3926
\TU/TimesNewRoman(0)/m/n/10.95 ’vehicle_fit_solar_source’: ’measured_when_avail
able’, ’battery_conditioned_source’: ’observed_pack_power_and_current’,

Underfull \hbox (badness 1009) in paragraph at lines 3925--3926
\TU/TimesNewRoman(0)/m/n/10.95 dian_of_valid_stationary_window’}, ’terminal_anc
hor’: terminal_anchor, ’stage_anchors’: stage_anchors,

Underfull \hbox (badness 2932) in paragraph at lines 3925--3926
\TU/TimesNewRoman(0)/m/n/10.95 or {}).get(’terminal_anchor_path’)), ’grounded_m
ap_summary_yaml’: relpath_from(package_dir, (mani-

Underfull \hbox (badness 3271) in paragraph at lines 3925--3926
\TU/TimesNewRoman(0)/m/n/10.95 fest_context or {}).get(’grounded_summary_path’)
), ’source_inventory_json’: relpath_from(package_dir,

Overfull \hbox (0.66919pt too wide) in paragraph at lines 3925--3926
\TU/TimesNewRoman(0)/m/n/10.95 fest_context or {}).get(’notes_markdown_path’)),
 ’explicit_grounded_assets’: {key: relpath_from(package_dir,

Underfull \hbox (badness 1776) in paragraph at lines 3925--3926
\TU/TimesNewRoman(0)/m/n/10.95 path) for key, path in ((manifest_context or {})
.get(’explicit_grounded_assets’) or {}).items()}, ’exter-
[100] [101]
Underfull \hbox (badness 10000) in paragraph at lines 3974--3975
[][][][][][][] [] [][][][] [] [][][][] [][] [][][][][][][][] [] [][][] [] [][][
] [] [][][][] [][] [][] [] [][][][][][][][][][][] [][] [][][][] [] [][][][][][]
[][][][][][][][][][] [][]

Underfull \hbox (badness 10000) in paragraph at lines 3974--3975
[][][] [] [][][][][][][][][][][][][][][] [][] [][][][][][][] [] [][][][][][][][
] [][] [][][][][] [] [][][][][][] [] [][][][][][] [] [][][][][][][][][][][][][]
[][][] [][] [][][] []

Underfull \hbox (badness 10000) in paragraph at lines 3974--3975
[][][][][][] [] [][][][][][][][] [][] [][][][] [] [][][] [][] [][][][][][][][] 
[] [][][][][][] [] [][][][][][][][] [][] [][][][][] [] [][][][][] [] [][][][] [
][] [][][][][] [] [][][][][][][] []

Overfull \hbox (12.25046pt too wide) in paragraph at lines 3974--3975
[][][][][][][][][] [] [][][][][] [] [][][][] [][] [][][] [] [][][][][][][] [] [
][][][][][][][][] [] [][][][][] [] [][][][] [][] [][][][][][][] [] [][][][][][]
[] [] [][][] [] [][][][][][][][] [][]

Underfull \hbox (badness 10000) in paragraph at lines 3974--3975
[][][] [] [][][][][] [] [][][][] [][] [][][] [] [][][][] [] [][][][] [] [][][][
] [] [][][][] [][] [][][][][][][][] [] [][][] [] [][][][][][][] [] [][][][][][]
[][] [][] [][][][][][] []

Underfull \hbox (badness 10000) in paragraph at lines 3974--3975
[][][][][] [] [][][][] [][] [][][][][][][][] [] [][][][][][][] [] [][][][] [] [
][][][] [] [][][][] [][] [][][][][][][][] [] [][][][][][][][][][][] [] [][][][]
[][][][] [][] [][][] []

Overfull \hbox (13.25046pt too wide) in paragraph at lines 3974--3975
[][][][][] [] [][][][] [][] [][][][][][] [] [][][] [] [][][][] [] [][][][] [] [
][][][] [][] [][][][][][][] [] [][][][] [] [][][][] [] [][][][] [] [][][][] [] 
[][][][] [] [][] [][] [][][][][][][][][][] [][]
[102]
Overfull \hbox (9.96597pt too wide) in paragraph at lines 4022--4023
[]\TU/TimesNewRoman(0)/m/n/10.95 evidence_rows \TU/YuGothic(0)/m/n/10.95 に \TU/
TimesNewRoman(0)/m/n/10.95 [(’actual_event_yaml’, relpath_from(package_dir, man
ifest_context.get(’actual_event_path’))),

Underfull \hbox (badness 10000) in paragraph at lines 4022--4023
\TU/TimesNewRoman(0)/m/n/10.95 (’terminal_anchor_yaml’, relpath_from(package_di
r, manifest_context.get(’terminal_anchor_path’))),

Overfull \hbox (8.50278pt too wide) in paragraph at lines 4022--4023
\TU/TimesNewRoman(0)/m/n/10.95 (’grounded_map_summary_yaml’, relpath_from(packa
ge_dir, manifest_context.get(’grounded_summary_path’))

Overfull \hbox (50.64421pt too wide) in paragraph at lines 4022--4023
\TU/TimesNewRoman(0)/m/n/10.95 or grounded_yaml), (’source_inventory_json’, rel
path_from(package_dir, manifest_context.get(’source_inventory_path’))),
[103]
Overfull \hbox (94.69307pt too wide) in paragraph at lines 4023--4024
[]\TU/TimesNewRoman(0)/m/n/10.95 explicit_grounded_assets \TU/YuGothic(0)/m/n/1
0.95 に \TU/TimesNewRoman(0)/m/n/10.95 {key: relpath_from(package_dir, path) for
 key, path in (manifest_context.get(’explicit_grounded_assets’)

Underfull \hbox (badness 1184) in paragraph at lines 4029--4030
[]\TU/TimesNewRoman(0)/m/n/10.95 md \TU/YuGothic(0)/m/n/10.95 に \TU/TimesNewRom
an(0)/m/n/10.95 f”# {package_dir.name} generic identification report\n\n## Inpu
ts\n\n- profile: ‘{profile_rel}‘\n-

Underfull \hbox (badness 10000) in paragraph at lines 4029--4030
\TU/TimesNewRoman(0)/m/n/10.95 manifest: ‘{os.path.relpath(manifest_path, packa
ge_dir).replace(’\\’, ’/’)}‘\n- normalized replay log:

Underfull \hbox (badness 10000) in paragraph at lines 4029--4030
\TU/TimesNewRoman(0)/m/n/10.95 ‘{os.path.relpath(observed_log_csv, package_dir)
.replace(’\\’, ’/’)}‘\n\n## Adopted coefficients\n\n-

Overfull \hbox (39.11464pt too wide) in paragraph at lines 4029--4030
\TU/TimesNewRoman(0)/m/n/10.95 panel_gain: ‘{pv.panel_gain:.6f}‘\n- tcell_gain_
c_per_wm2: ‘{pv.tcell_gain_c_per_wm2:.6f}‘\n- pv_irradiance_source:

Overfull \hbox (24.29895pt too wide) in paragraph at lines 4029--4030
\TU/TimesNewRoman(0)/m/n/10.95 ‘{pv.irradiance_source}‘\n- pv_operating_state: 
‘{pv.operating_state}‘\n- pv_sample_count: ‘{pv.sample_count}‘\n-

Underfull \hbox (badness 10000) in paragraph at lines 4029--4030
\TU/TimesNewRoman(0)/m/n/10.95 lar_measurement_gain_to_pack: ‘{solar_gain_to_pa
ck:.8f}‘\n- solar_measurement_calibration_accepted:

Overfull \hbox (33.7965pt too wide) in paragraph at lines 4029--4030
\TU/TimesNewRoman(0)/m/n/10.95 solar_measurement_free_intercept_w: ‘{solar_cali
bration_intercept_w:.6f}‘\n- solar_measurement_intercept_error_w:

Overfull \hbox (42.83235pt too wide) in paragraph at lines 4029--4030
\TU/TimesNewRoman(0)/m/n/10.95 ‘{solar_calibration_intercept_error_w:.6f}‘\n- s
olar_measurement_daily_gain_std: ‘{solar_calibration_daily_std:.8f}‘\n-

Underfull \hbox (badness 1173) in paragraph at lines 4029--4030
\TU/TimesNewRoman(0)/m/n/10.95 soc0: ‘{batt.soc0:.6f}‘\n- E_nom_Wh: ‘{batt.e_no
m_wh:.3f}‘\n- Q_nom_Ah: ‘{batt.e_nom_wh / BAT-

Overfull \hbox (32.51147pt too wide) in paragraph at lines 4029--4030
\TU/TimesNewRoman(0)/m/n/10.95 TERY_NOMINAL_VOLTAGE_V:.6f}‘\n- rint_scale: ‘{ba
tt.rint_scale:.6f}‘\n- r_line_ohm: ‘{batt.r_line_ohm:.6f}‘\n-

Underfull \hbox (badness 10000) in paragraph at lines 4029--4030
\TU/TimesNewRoman(0)/m/n/10.95 ‘{float(battery_dynamic_fit.get(’tau_sec’, 60.0)
):.3f}‘\n- eta_charge: ‘{batt.eta_charge:.6f}‘\n- CdA:

Overfull \hbox (22.19597pt too wide) in paragraph at lines 4029--4030
\TU/TimesNewRoman(0)/m/n/10.95 ‘{mot.cda:.6f}‘\n- Crr: ‘{mot.crr:.6f}‘\n- P_aux
_w: ‘{mot.p_aux_w:.3f}‘\n- grade_scale: ‘{mot.grade_scale:.6f}‘\n-

Underfull \hbox (badness 10000) in paragraph at lines 4029--4030
\TU/TimesNewRoman(0)/m/n/10.95 drive_eff_scale: ‘{mot.drive_eff_scale:.6f}‘\n- 
regen_utilization: ‘{mot.regen_utilization:.6f}‘\n- re-

Underfull \hbox (badness 4416) in paragraph at lines 4029--4030
\TU/TimesNewRoman(0)/m/n/10.95 gen_sample_count: ‘{mot.regen_sample_count}‘\n- 
regen_fit_rmse_w: ‘{mot.regen_fit_rmse_w:.3f}‘\n-

Underfull \hbox (badness 10000) in paragraph at lines 4029--4030
\TU/TimesNewRoman(0)/m/n/10.95 efficiency map.\n\n- power_rmse_clean_w: ‘{metri
cs.get(’power_rmse_clean_w’, float(’nan’)):.3f}‘\n-

Underfull \hbox (badness 10000) in paragraph at lines 4029--4030
\TU/TimesNewRoman(0)/m/n/10.95 power_rmse_fit_window_w: ‘{metrics.get(’power_rm
se_fit_window_w’, float(’nan’)):.3f}‘\n- volt-

Underfull \hbox (badness 5652) in paragraph at lines 4029--4030
\TU/TimesNewRoman(0)/m/n/10.95 age_rmse_clean_v: ‘{metrics.get(’voltage_rmse_cl
ean_v’, float(’nan’)):.3f}‘\n- final_soc_pred: ‘{met-

Overfull \hbox (76.32643pt too wide) in paragraph at lines 4029--4030
\TU/TimesNewRoman(0)/m/n/10.95 tire_anchor_soc_error: ‘{metrics.get(’retire_anc
hor_soc_error’, float(’nan’)):.6f}‘\n- battery_conditional_power_rmse_clean_w:

Overfull \hbox (56.94829pt too wide) in paragraph at lines 4029--4030
\TU/TimesNewRoman(0)/m/n/10.95 ‘{metrics.get(’battery_conditional_power_rmse_cl
ean_w’, float(’nan’)):.3f}‘\n- battery_conditional_voltage_rmse_clean_v:

Overfull \hbox (66.05367pt too wide) in paragraph at lines 4029--4030
\TU/TimesNewRoman(0)/m/n/10.95 ‘{metrics.get(’battery_conditional_voltage_rmse_
clean_v’, float(’nan’)):.3f}‘\n- battery_conditional_retire_anchor_soc_error:

Overfull \hbox (29.9743pt too wide) in paragraph at lines 4029--4030
\TU/TimesNewRoman(0)/m/n/10.95 ‘{metrics.get(’battery_conditional_retire_anchor
_soc_error’, float(’nan’)):.6f}‘\n- end_to_end_power_rmse_clean_w:

Underfull \hbox (badness 2941) in paragraph at lines 4029--4030
\TU/TimesNewRoman(0)/m/n/10.95 ‘{metrics.get(’end_to_end_power_rmse_clean_w’, f
loat(’nan’)):.3f}‘\n- end_to_end_voltage_rmse_clean_v:

Underfull \hbox (badness 10000) in paragraph at lines 4029--4030
\TU/TimesNewRoman(0)/m/n/10.95 rics.get(’end_to_end_final_soc_pred’, float(’nan
’)):.6f}‘\n- end_to_end_retire_anchor_soc_error: ‘{met-

Underfull \hbox (badness 10000) in paragraph at lines 4029--4030
\TU/TimesNewRoman(0)/m/n/10.95 rics.get(’end_to_end_moving_pv_rmse_w’, float(’n
an’)):.3f}‘\n- end_to_end_deployed_stop_pv_rmse_w:

Underfull \hbox (badness 10000) in paragraph at lines 4029--4030
\TU/TimesNewRoman(0)/m/n/10.95 ‘{metrics.get(’end_to_end_deployed_stop_pv_rmse_
w’, float(’nan’)):.3f}‘\n- pv_lodo_moving_rmse_w:

Underfull \hbox (badness 7256) in paragraph at lines 4029--4030
\TU/TimesNewRoman(0)/m/n/10.95 ‘{metrics.get(’pv_lodo_moving_rmse_w’, float(’na
n’)):.3f}‘\n- pv_lodo_deployed_stop_rmse_w: ‘{met-

Overfull \hbox (52.91338pt too wide) in paragraph at lines 4029--4030
\TU/TimesNewRoman(0)/m/n/10.95 rics.get(’pv_lodo_deployed_stop_rmse_w’, float(’
nan’)):.3f}‘\n- pv_lodo_fold_count: ‘{metrics.get(’pv_lodo_fold_count’,

Overfull \hbox (40.49303pt too wide) in paragraph at lines 4029--4030
\TU/TimesNewRoman(0)/m/n/10.95 0)}‘\n- power_residual_mean_120s_rmse_w: ‘{metri
cs.get(’power_residual_mean_120s_rmse_w’, float(’nan’)):.3f}‘\n-

Underfull \hbox (badness 10000) in paragraph at lines 4029--4030
\TU/TimesNewRoman(0)/m/n/10.95 energy_error_10km_rmse_wh: ‘{metrics.get(’energy
_error_10km_rmse_wh’, float(’nan’)):.3f}‘\n- en-

Underfull \hbox (badness 10000) in paragraph at lines 4029--4030
\TU/TimesNewRoman(0)/m/n/10.95 ergy_error_25km_rmse_wh: ‘{metrics.get(’energy_e
rror_25km_rmse_wh’, float(’nan’)):.3f}‘\n\n##

Underfull \hbox (badness 2134) in paragraph at lines 4029--4030
\TU/TimesNewRoman(0)/m/n/10.95 Terminal-SoC evidence and certification\n\n- evi
dence_interval: ‘[{terminal_evidence_min:.6f}, {termi-

Underfull \hbox (badness 10000) in paragraph at lines 4029--4030
\TU/TimesNewRoman(0)/m/n/10.95 nal_evidence_max:.6f}]‘\n- evidence_spread_perce
ntage_points: ‘{terminal_evidence_spread_pp:.3f}‘\n-

Underfull \hbox (badness 10000) in paragraph at lines 4029--4030
\TU/TimesNewRoman(0)/m/n/10.95 high_precision_gate_pass: ‘{terminal_gate_pass}‘
\n” + (’\n’.join((f’- high_precision_check_{key}:

Underfull \hbox (badness 2662) in paragraph at lines 4029--4030
\TU/TimesNewRoman(0)/m/n/10.95 ‘(not evaluated)‘’) + f”\n- interpretation: ‘{te
rminal_interpretation}‘\n\nThe central terminal-SoC esti-

Underfull \hbox (badness 1210) in paragraph at lines 4029--4030
\TU/TimesNewRoman(0)/m/n/10.95 mate is not a direct coulomb-counter measurement
.\nIf the evidence spread or any replay check fails,

Underfull \hbox (badness 1152) in paragraph at lines 4029--4030
\TU/TimesNewRoman(0)/m/n/10.95 the value is retained as an\nengineering anchor 
only; this report does not certify a high-precision ac-

Underfull \hbox (badness 2600) in paragraph at lines 4029--4030
\TU/TimesNewRoman(0)/m/n/10.95 tual\n2831 km SoC and the candidate must not rep
lace the operational profile.\n\n## Method refer-

Underfull \hbox (badness 3058) in paragraph at lines 4029--4030
\TU/TimesNewRoman(0)/m/n/10.95 ences\n\n- Open-Meteo Historical Weather API: ht
tps://open-meteo.com/en/docs/historical-weather-api\n-

Underfull \hbox (badness 2351) in paragraph at lines 4029--4030
\TU/TimesNewRoman(0)/m/n/10.95 Sandia PVPMC plane-of-array irradiance guidance:
 https://pvpmc.sandia.gov/modeling-guide/1-weather-

Underfull \hbox (badness 10000) in paragraph at lines 4029--4030
\TU/TimesNewRoman(0)/m/n/10.95 design-inputs/plane-of-array-poa-irradiance/\n- 
pvlib total-irradiance transposition API: https://pvlib-

Underfull \hbox (badness 10000) in paragraph at lines 4029--4030
\TU/TimesNewRoman(0)/m/n/10.95 python.readthedocs.io/en/latest/reference/genera
ted/pvlib.irradiance.get_total_irradiance.html\n- Byrd et

Underfull \hbox (badness 1831) in paragraph at lines 4029--4030
\TU/TimesNewRoman(0)/m/n/10.95 energy data: https://escholarship.org/uc/item/2b
p8x04q\n\n## Terminal anchor\n\n- anchor_s_km: ‘{ter-

Underfull \hbox (badness 10000) in paragraph at lines 4029--4030
\TU/TimesNewRoman(0)/m/n/10.95 minal_anchor.get(’s_km’, float(’nan’))}‘\n- anch
or_time_utc: ‘{terminal_anchor.get(’time_utc’, ”)}‘\n-

Underfull \hbox (badness 10000) in paragraph at lines 4029--4030
\TU/TimesNewRoman(0)/m/n/10.95 anchor_voltage_v: ‘{terminal_anchor.get(’voltage
_v’, float(’nan’))}‘\n- anchor_current_a: ‘{termi-

Overfull \hbox (4.21834pt too wide) in paragraph at lines 4029--4030
\TU/TimesNewRoman(0)/m/n/10.95 nal_anchor.get(’current_a’, float(’nan’))}‘\n- a
nchor_temp_c: ‘{terminal_anchor.get(’temp_c’, float(’nan’))}‘\n-

Overfull \hbox (43.58879pt too wide) in paragraph at lines 4029--4030
\TU/TimesNewRoman(0)/m/n/10.95 anchor_soc_target: ‘{terminal_anchor.get(’soc_ta
rget’, float(’nan’))}‘\n\n## Fit plan\n\n- quality: ‘{fit_plan.get(’quality’,

Overfull \hbox (61.15083pt too wide) in paragraph at lines 4029--4030
\TU/TimesNewRoman(0)/m/n/10.95 ”)}‘\n- battery_restart_count: ‘{fit_plan.get(’b
attery_restart_count’, ”)}‘\n- battery_maxiter: ‘{fit_plan.get(’battery_maxiter
’,

Overfull \hbox (63.65309pt too wide) in paragraph at lines 4029--4030
\TU/TimesNewRoman(0)/m/n/10.95 ”)}‘\n- motion_restart_count: ‘{fit_plan.get(’mo
tion_restart_count’, ”)}‘\n- motion_maxiter: ‘{fit_plan.get(’motion_maxiter’,

Overfull \hbox (127.717pt too wide) in paragraph at lines 4029--4030
\TU/TimesNewRoman(0)/m/n/10.95 ”)}‘\n- joint_restart_count: ‘{fit_plan.get(’joi
nt_restart_count’, ”)}‘\n- joint_random_start_count: ‘{fit_plan.get(’joint_rand
om_start_count’,

Overfull \hbox (3.63127pt too wide) in paragraph at lines 4029--4030
\TU/TimesNewRoman(0)/m/n/10.95 ”)}‘\n- fit_stride: ‘{fit_plan.get(’fit_stride’,
 ”)}‘\n- allow_map_shape_fit: ‘{fit_plan.get(’allow_map_shape_fit’,

Overfull \hbox (101.89786pt too wide) in paragraph at lines 4029--4030
\TU/TimesNewRoman(0)/m/n/10.95 ”)}‘\n- post_refine_enabled: ‘{fit_plan.get(’pos
t_refine_enabled’, ”)}‘\n- terminal_anchor_role: ‘{fit_plan.get(’terminal_ancho
r_role’,

Underfull \hbox (badness 10000) in paragraph at lines 4029--4030
\TU/TimesNewRoman(0)/m/n/10.95 ”)}‘\n- panel_deployment_stopped_speed_kmh: ‘{fi
t_plan.get(’panel_deployment_stopped_speed_kmh’,

Underfull \hbox (badness 10000) in paragraph at lines 4029--4030
\TU/TimesNewRoman(0)/m/n/10.95 ”)}‘\n- panel_deployment_min_dwell_sec: ‘{fit_pl
an.get(’panel_deployment_min_dwell_sec’, ”)}‘\n-

Underfull \hbox (badness 1168) in paragraph at lines 4029--4030
\TU/TimesNewRoman(0)/m/n/10.95 panel_deployment_max_sample_gap_sec: ‘{fit_plan.
get(’panel_deployment_max_sample_gap_sec’, ”)}‘\n-

Overfull \hbox (27.661pt too wide) in paragraph at lines 4029--4030
\TU/TimesNewRoman(0)/m/n/10.95 grade_observation_adopted: ‘{bool(grade_observat
ion_fit.get(’adopted’, False))}‘\n- grade_smoothing_window_km:

Overfull \hbox (210.07368pt too wide) in paragraph at lines 4029--4030
\TU/TimesNewRoman(0)/m/n/10.95 ‘{grade_observation_fit.get(’selected_smoothing_
window_km’, ”)}‘\n- grade_distance_offset_km: ‘{grade_observation_fit.get(’sele
cted_distance_offset_km’,

Underfull \hbox (badness 10000) in paragraph at lines 4029--4030
\TU/TimesNewRoman(0)/m/n/10.95 ”)}‘\n- grade_training_rmse_w: ‘{grade_observati
on_fit.get(’baseline_training_rmse_w’, float(’nan’))}‘

Underfull \hbox (badness 10000) in paragraph at lines 4029--4030
\TU/TimesNewRoman(0)/m/n/10.95 -> ‘{grade_observation_fit.get(’selected_trainin
g_rmse_w’, float(’nan’))}‘\n- grade_holdout_rmse_w:

Overfull \hbox (110.64685pt too wide) in paragraph at lines 4029--4030
\TU/TimesNewRoman(0)/m/n/10.95 ‘{grade_observation_fit.get(’baseline_validation
_rmse_w’, float(’nan’))}‘ -> ‘{grade_observation_fit.get(’selected_validation_r
mse_w’,

Underfull \hbox (badness 3068) in paragraph at lines 4029--4030
\TU/TimesNewRoman(0)/m/n/10.95 float(’nan’))}‘\n\n## Stage anchors\n\n- stage_a
nchor_count: ‘{len(stage_anchors)}‘\n” + (’\n’.join((f”-

Underfull \hbox (badness 10000) in paragraph at lines 4029--4030
\TU/TimesNewRoman(0)/m/n/10.95 stage_anchor_{idx:02d}: ‘time={anchor.get(’time_
utc’, ”)}, s_km={anchor.get(’s_km’, float(’nan’))},

Overfull \hbox (15.85416pt too wide) in paragraph at lines 4029--4030
\TU/TimesNewRoman(0)/m/n/10.95 V={anchor.get(’voltage_v’, float(’nan’))}, I={an
chor.get(’current_a’, float(’nan’))}, SoC={anchor.get(’soc_target’,

Underfull \hbox (badness 10000) in paragraph at lines 4029--4030
\TU/TimesNewRoman(0)/m/n/10.95 ”)}: dist_end={row.get(’distance_end_km’, float(
’nan’)):.1f} km, final_soc={row.get(’final_soc_pred’,

Overfull \hbox (107.04034pt too wide) in paragraph at lines 4029--4030
\TU/TimesNewRoman(0)/m/n/10.95 float(’nan’)):.4f}, power_rmse={row.get(’power_r
mse_clean_w’, float(’nan’)):.2f} W, voltage_rmse={row.get(’voltage_rmse_clean_v
’,

Overfull \hbox (100.28206pt too wide) in paragraph at lines 4029--4030
\TU/TimesNewRoman(0)/m/n/10.95 float(’nan’)):.3f} V, excluded_power={row.get(’e
xcluded_power_points’, 0)}, excluded_voltage={row.get(’excluded_voltage_points’
,

Underfull \hbox (badness 2310) in paragraph at lines 4029--4030
\TU/TimesNewRoman(0)/m/n/10.95 {key}: ‘{value}‘’ for key, value in evidence_row
s if value)) + (’\n’ + ’\n’.join((f’- explicit_{key}:

Underfull \hbox (badness 3291) in paragraph at lines 4029--4030
\TU/TimesNewRoman(0)/m/n/10.95 Grounded map provenance\n\n- grounded_map_summar
y_yaml: ‘{grounded_yaml}‘\n\n## Post refine-

Underfull \hbox (badness 1783) in paragraph at lines 4029--4030
\TU/TimesNewRoman(0)/m/n/10.95 cda_factor: ‘{post_refine.cda_factor:.5f}‘\n- cr
r_factor: ‘{post_refine.crr_factor:.5f}‘\n- drive_eff_factor:

Underfull \hbox (badness 6893) in paragraph at lines 4029--4030
\TU/TimesNewRoman(0)/m/n/10.95 ‘{post_refine.drive_eff_factor:.5f}‘\n- headwind
_gain_factor: ‘{post_refine.headwind_gain_factor:.5f}‘\n-

Underfull \hbox (badness 2564) in paragraph at lines 4029--4030
\TU/TimesNewRoman(0)/m/n/10.95 e_nom_factor: ‘{post_refine.e_nom_factor:.5f}‘\n
- rint_factor: ‘{post_refine.rint_factor:.5f}‘\n\n## Out-
[104] [105]
Overfull \hbox (443.22905pt too wide) in paragraph at lines 4031--4032
[]\TU/TimesNewRoman(0)/m/n/10.95 tex \TU/YuGothic(0)/m/n/10.95 に \TU/TimesNewRo
man(0)/m/n/10.95 f”\n\\documentclass[a4paper,11pt]{{article}}\n\\usepackage[top
=18mm,bottom=22mm,left=18mm,right=18mm]{{geometry}}\n\\usepackage{{fontspec}}\n
\\usepackage{{xeCJK}}\n\\setmainfont{{Times

Overfull \hbox (631.69061pt too wide) in paragraph at lines 4031--4032
\TU/TimesNewRoman(0)/m/n/10.95 New Roman}}\n\\setCJKmainfont{{Yu Gothic}}\n\\se
tCJKmonofont{{Yu Gothic}}\n\\usepackage{{booktabs}}\n\\usepackage{{longtable}}\
n\\usepackage{{array}}\n\\usepackage{{xurl}}\n\\usepackage[unicode,hidelinks]{{
hyperref}}\n\\title{{Generic

Overfull \hbox (296.07248pt too wide) in paragraph at lines 4031--4032
\TU/TimesNewRoman(0)/m/n/10.95 Vehicle Identification Report}}\n\\author{{solar
\\_ws0129-main}}\n\\date{{}}\n\\begin{{document}}\n\\raggedbottom\n\\maketitle\
n\n\\section{{Inputs}}\n\\begin{{itemize}}\n

Overfull \hbox (103.01463pt too wide) in paragraph at lines 4031--4032
\TU/TimesNewRoman(0)/m/n/10.95 \\item profile: \\path{{project_packages/{packag
e_dir.name}/profile.yaml}}\n \\item manifest: \\path{{{os.path.relpath(manifest
_path,

Overfull \hbox (249.33253pt too wide) in paragraph at lines 4031--4032
\TU/TimesNewRoman(0)/m/n/10.95 port_dir).replace(’\\’, ’/’)}}}\n\\end{{itemize}
}\n\n\\section{{Adopted coefficients}}\n\\begin{{longtable}}{{p{{0.48\\linewidt
h}}p{{0.22\\linewidth}}}}\n\\toprule\n

Underfull \hbox (badness 2538) in paragraph at lines 4031--4032
\TU/TimesNewRoman(0)/m/n/10.95 & {pv.tcell_gain_c_per_wm2:.6f} \\\\\nstop tilt 
fraction [-] & {pv.stop_tilt_fraction:.6f} \\\\\nstop solar

Underfull \hbox (badness 1845) in paragraph at lines 4031--4032
\TU/TimesNewRoman(0)/m/n/10.95 \\\\\nsolar calibration samples & {solar_calibra
tion_samples} \\\\\nsolar free-intercept diagnostic [W] &

Underfull \hbox (badness 3428) in paragraph at lines 4031--4032
\TU/TimesNewRoman(0)/m/n/10.95 \\\\\nsoc0 & {batt.soc0:.6f} \\\\\n$E_{{nom}}$ [
Wh] & {batt.e_nom_wh:.3f} \\\\\n$Q_{{nom}}$ [Ah]

Overfull \hbox (78.3113pt too wide) in paragraph at lines 4031--4032
\TU/TimesNewRoman(0)/m/n/10.95 \\\\\n$R_{{line}}$ [ohm] & {batt.r_line_ohm:.6f}
 \\\\\n$R_{{p}}$ [ohm] & {float(battery_dynamic_fit.get(’r_polarization_ohm’,

Overfull \hbox (1.41965pt too wide) in paragraph at lines 4031--4032
\TU/TimesNewRoman(0)/m/n/10.95 0.0)):.6f} \\\\\n$\\tau_{{p}}$ [s] & {float(batt
ery_dynamic_fit.get(’tau_sec’, 60.0)):.3f} \\\\\n$\\eta_{{charge}}$

Underfull \hbox (badness 2781) in paragraph at lines 4031--4032
\TU/TimesNewRoman(0)/m/n/10.95 & {batt.eta_charge:.6f} \\\\\nCdA & {mot.cda:.6f
} \\\\\nCrr & {mot.crr:.6f} \\\\\n$P_{{aux}}$ [W] &

Overfull \hbox (16.89755pt too wide) in paragraph at lines 4031--4032
\TU/TimesNewRoman(0)/m/n/10.95 {mot.p_aux_w:.3f} \\\\\ngrade scale & {mot.grade
_scale:.6f} \\\\\ndrive efficiency scale & {mot.drive_eff_scale:.6f}

Underfull \hbox (badness 1694) in paragraph at lines 4031--4032
\TU/TimesNewRoman(0)/m/n/10.95 \\\\\nregen utilization & {mot.regen_utilization
:.6f} \\\\\nregen fit samples & {mot.regen_sample_count}

Overfull \hbox (56.16443pt too wide) in paragraph at lines 4031--4032
\TU/TimesNewRoman(0)/m/n/10.95 \\\\\npack terminal voltage limit [V] & {pack_vo
ltage_limit_v:.3f} \\\\\n\\bottomrule\n\\end{{longtable}}\n\n\\section{{Solar

Underfull \hbox (badness 3078) in paragraph at lines 4031--4032
\TU/TimesNewRoman(0)/m/n/10.95 measurement calibration}}\nBefore vehicle and PV
 fitting, stationary samples identify the ZP solar-

Overfull \hbox (100.4464pt too wide) in paragraph at lines 4031--4032
\TU/TimesNewRoman(0)/m/n/10.95 power\nchannel against the DC-bus balance,\n\\[\
nP_{{batt,k}}=P_{{aux}}-g_{{solar}}P_{{solar,raw,k}}+\\varepsilon_k.\n\\]\nWith


Underfull \hbox (badness 6032) in paragraph at lines 4031--4032
\TU/TimesNewRoman(0)/m/n/10.95 the independently observed 21 W auxiliary load f
ixed, the bounded robust\nestimate is\n\\[\n\\hat

Overfull \hbox (165.585pt too wide) in paragraph at lines 4031--4032
\TU/TimesNewRoman(0)/m/n/10.95 g_{{solar}}=\\mathop{{\\arg\\min}}_{{0.70\\le g\
\le1.05}}\n\\sum_k\\rho_H\\!\\left(P_{{batt,k}}-P_{{aux}}+gP_{{solar,raw,k}}\\r
ight).\n\\]\nThe

Overfull \hbox (68.46616pt too wide) in paragraph at lines 4031--4032
\TU/TimesNewRoman(0)/m/n/10.95 adopted gain is {solar_gain_to_pack:.8f} from {s
olar_calibration_samples}\nsamples (accepted={solar_calibration_accepted}).

Overfull \hbox (55.88222pt too wide) in paragraph at lines 4031--4032
\TU/TimesNewRoman(0)/m/n/10.95 A free-intercept fit is reported\nonly as a phys
ical-consistency diagnostic; its intercept is\n{solar_calibration_intercept_w:.
6f}

Underfull \hbox (badness 1057) in paragraph at lines 4031--4032
\TU/TimesNewRoman(0)/m/n/10.95 rather than the maximum voltage seen in a\nloade
d discharge trace. The adopted YATA profile limit

Underfull \hbox (badness 2452) in paragraph at lines 4031--4032
\TU/TimesNewRoman(0)/m/n/10.95 it.\n\n\\section{{Validation}}\nUnprefixed value
s are vehicle-model validation conditioned on measured

Underfull \hbox (badness 1112) in paragraph at lines 4031--4032
\TU/TimesNewRoman(0)/m/n/10.95 km metrics test accumulated route energy. They a
re intentionally reported as\nseparate quantities; no

Underfull \hbox (badness 10000) in paragraph at lines 4031--4032
\TU/TimesNewRoman(0)/m/n/10.95 use are separated as\n\\[\nP_{{reg,dc}}=u_{{rege
n}}\\eta_{{reg}}\\eta_{{gear}}\\eta_{{inv}}\n\\max(-

Underfull \hbox (badness 10000) in paragraph at lines 4031--4032
\TU/TimesNewRoman(0)/m/n/10.95 identify $u_{{regen}}$.\n\n\\begin{{longtable}}{
{p{{0.48\\linewidth}}p{{0.22\\linewidth}}}}\n\\toprule\n

Overfull \hbox (20.84157pt too wide) in paragraph at lines 4031--4032
\TU/YuGothic(0)/m/n/10.95 指 標 \TU/TimesNewRoman(0)/m/n/10.95 & \TU/YuGothic(0)/
m/n/10.95 値 \TU/TimesNewRoman(0)/m/n/10.95 \\\\\n\\midrule\n\\endhead\nvehicle 
replay power RMSE [W] & {float(metrics.get(’power_rmse_clean_w’,

Underfull \hbox (badness 2913) in paragraph at lines 4031--4032
\TU/TimesNewRoman(0)/m/n/10.95 float(’nan’))):.3f} \\\\\nfit-window power RMSE 
[W] & {float(metrics.get(’power_rmse_fit_window_w’,

Underfull \hbox (badness 4765) in paragraph at lines 4031--4032
\TU/TimesNewRoman(0)/m/n/10.95 float(’nan’))):.3f} \\\\\nvehicle replay voltage
 RMSE [V] & {float(metrics.get(’voltage_rmse_clean_v’,

Underfull \hbox (badness 3646) in paragraph at lines 4031--4032
\TU/TimesNewRoman(0)/m/n/10.95 \\\\\nvehicle terminal SoC observed [-] & {float
(metrics.get(’retire_anchor_soc_obs’, float(’nan’))):.6f}

Underfull \hbox (badness 2119) in paragraph at lines 4031--4032
\TU/TimesNewRoman(0)/m/n/10.95 \\\\\nvehicle terminal SoC predicted [-] & {floa
t(metrics.get(’retire_anchor_soc_pred’, float(’nan’))):.6f}

Underfull \hbox (badness 10000) in paragraph at lines 4031--4032
\TU/TimesNewRoman(0)/m/n/10.95 \\\\\nvehicle terminal SoC error [-] & {float(me
trics.get(’retire_anchor_soc_error’, float(’nan’))):.6f}

Underfull \hbox (badness 10000) in paragraph at lines 4031--4032
\TU/TimesNewRoman(0)/m/n/10.95 \\\\\nbattery-only power RMSE [W] & {float(metri
cs.get(’battery_conditional_power_rmse_clean_w’,

Overfull \hbox (42.19615pt too wide) in paragraph at lines 4031--4032
\TU/TimesNewRoman(0)/m/n/10.95 float(’nan’))):.3f} \\\\\nbattery-only voltage R
MSE [V] & {float(metrics.get(’battery_conditional_voltage_rmse_clean_v’,

Overfull \hbox (61.42014pt too wide) in paragraph at lines 4031--4032
\TU/TimesNewRoman(0)/m/n/10.95 float(’nan’))):.3f} \\\\\nbattery-only terminal 
SoC error [-] & {float(metrics.get(’battery_conditional_retire_anchor_soc_error
’,

Overfull \hbox (2.05865pt too wide) in paragraph at lines 4031--4032
\TU/TimesNewRoman(0)/m/n/10.95 float(’nan’))):.3f} \\\\\nend-to-end voltage RMS
E [V] & {float(metrics.get(’end_to_end_voltage_rmse_clean_v’,

Overfull \hbox (21.16039pt too wide) in paragraph at lines 4031--4032
\TU/TimesNewRoman(0)/m/n/10.95 float(’nan’))):.3f} \\\\\nend-to-end final SoC [
-] & {float(metrics.get(’end_to_end_final_soc_pred’, float(’nan’))):.6f}

Overfull \hbox (21.46515pt too wide) in paragraph at lines 4031--4032
\TU/TimesNewRoman(0)/m/n/10.95 \\\\\nend-to-end terminal SoC error [-] & {float
(metrics.get(’end_to_end_retire_anchor_soc_error’, float(’nan’))):.6f}

Overfull \hbox (13.23485pt too wide) in paragraph at lines 4031--4032
\TU/TimesNewRoman(0)/m/n/10.95 \\\\\nend-to-end moving PV RMSE [W] & {float(met
rics.get(’end_to_end_moving_pv_rmse_w’, float(’nan’))):.3f}

Overfull \hbox (13.65117pt too wide) in paragraph at lines 4031--4032
\TU/TimesNewRoman(0)/m/n/10.95 float(’nan’))):.3f} \\\\\nPV leave-one-day-out m
oving RMSE [W] & {float(metrics.get(’pv_lodo_moving_rmse_w’,

Overfull \hbox (72.63573pt too wide) in paragraph at lines 4031--4032
\TU/TimesNewRoman(0)/m/n/10.95 float(’nan’))):.3f} \\\\\nPV leave-one-day-out d
eployed-stop RMSE [W] & {float(metrics.get(’pv_lodo_deployed_stop_rmse_w’,

Underfull \hbox (badness 10000) in paragraph at lines 4031--4032
\TU/TimesNewRoman(0)/m/n/10.95 \\\\\n\\bottomrule\n\\end{{longtable}}\n\n\\sect
ion{{Terminal-SoC evidence and certification}}\nThe in-

Underfull \hbox (badness 10000) in paragraph at lines 4031--4032
\TU/TimesNewRoman(0)/m/n/10.95 dependent evidence interval is\n$[{terminal_evid
ence_min:.6f},\\,{terminal_evidence_max:.6f}]$, with

Overfull \hbox (59.79916pt too wide) in paragraph at lines 4031--4032
\TU/TimesNewRoman(0)/m/n/10.95 \\textbf{{{terminal_gate_pass}}}.\n\n\\begin{{lo
ngtable}}{{p{{0.58\\linewidth}}p{{0.18\\linewidth}}}}\n\\toprule\ncheck

Overfull \hbox (51.15002pt too wide) in paragraph at lines 4031--4032
\TU/TimesNewRoman(0)/m/n/10.95 value in terminal_checks.items())) + f”\n\\botto
mrule\n\\end{{longtable}}\n\n{tex_text_fragment(terminal_interpretation)}

Underfull \hbox (badness 2285) in paragraph at lines 4031--4032
\TU/TimesNewRoman(0)/m/n/10.95 The central estimate is not a\ndirect coulomb-co
unter observation. If this gate is false, it remains

Underfull \hbox (badness 10000) in paragraph at lines 4031--4032
\TU/TimesNewRoman(0)/m/n/10.95 Weather API: \\url{{https://open-meteo.com/en/do
cs/historical-weather-api}}\n \\item Sandia PVPMC

Underfull \hbox (badness 10000) in paragraph at lines 4031--4032
\TU/TimesNewRoman(0)/m/n/10.95 plane-of-array irradiance guidance: \\url{{https
://pvpmc.sandia.gov/modeling-guide/1-weather-design-

Overfull \hbox (66.8488pt too wide) in paragraph at lines 4031--4032
\TU/TimesNewRoman(0)/m/n/10.95 nized link-level EV energy data: \\url{{https://
escholarship.org/uc/item/2bp8x04q}}\n\\end{{itemize}}\n\n\\section{{Terminal

Underfull \hbox (badness 10000) in paragraph at lines 4031--4032
\TU/TimesNewRoman(0)/m/n/10.95 anchor}}\n\\begin{{longtable}}{{p{{0.48\\linewid
th}}p{{0.32\\linewidth}}}}\n\\toprule\n \TU/YuGothic(0)/m/n/10.95 項 目 \TU/Times
NewRoman(0)/m/n/10.95 & \TU/YuGothic(0)/m/n/10.95 値

Underfull \hbox (badness 4846) in paragraph at lines 4031--4032
\TU/TimesNewRoman(0)/m/n/10.95 \\\\\n\\midrule\n\\endhead\nanchor distance [km]
 & {float(terminal_anchor.get(’s_km’, float(’nan’))):.3f}

Underfull \hbox (badness 1642) in paragraph at lines 4031--4032
\TU/TimesNewRoman(0)/m/n/10.95 \\\\\nanchor time UTC & \\path{{{str(terminal_an
chor.get(’time_utc’, ”))}}} \\\\\nanchor voltage [V] &

Overfull \hbox (51.83252pt too wide) in paragraph at lines 4031--4032
\TU/TimesNewRoman(0)/m/n/10.95 {float(terminal_anchor.get(’voltage_v’, float(’n
an’))):.3f} \\\\\nanchor current [A] & {float(terminal_anchor.get(’current_a’,

Underfull \hbox (badness 3029) in paragraph at lines 4031--4032
\TU/TimesNewRoman(0)/m/n/10.95 float(’nan’))):.3f} \\\\\nanchor temperature [C]
 & {float(terminal_anchor.get(’temp_c’, float(’nan’))):.3f}

Overfull \hbox (135.57938pt too wide) in paragraph at lines 4031--4032
\TU/TimesNewRoman(0)/m/n/10.95 \\\\\nanchor SoC target [-] & {float(terminal_an
chor.get(’soc_target’, float(’nan’))):.6f} \\\\\n\\bottomrule\n\\end{{longtable
}}\n\n\\section{{Fit

Underfull \hbox (badness 10000) in paragraph at lines 4031--4032
\TU/TimesNewRoman(0)/m/n/10.95 plan}}\n\\begin{{itemize}}\n \\item quality: {st
r(fit_plan.get(’quality’, ”))}\n \\item battery restart

Underfull \hbox (badness 1142) in paragraph at lines 4031--4032
\TU/TimesNewRoman(0)/m/n/10.95 count: {fit_plan.get(’battery_restart_count’, ”)
}\n \\item battery maxiter: {fit_plan.get(’battery_maxiter’,

Underfull \hbox (badness 4391) in paragraph at lines 4031--4032
\TU/TimesNewRoman(0)/m/n/10.95 ”)}\n \\item motion restart count: {fit_plan.get
(’motion_restart_count’, ”)}\n \\item motion maxiter:

Underfull \hbox (badness 1796) in paragraph at lines 4031--4032
\TU/TimesNewRoman(0)/m/n/10.95 {fit_plan.get(’motion_maxiter’, ”)}\n \\item joi
nt restart count: {fit_plan.get(’joint_restart_count’, ”)}\n

Underfull \hbox (badness 1648) in paragraph at lines 4031--4032
\TU/TimesNewRoman(0)/m/n/10.95 \\item joint random start count: {fit_plan.get(’
joint_random_start_count’, ”)}\n \\item joint local topk:

Underfull \hbox (badness 1571) in paragraph at lines 4031--4032
\TU/TimesNewRoman(0)/m/n/10.95 {fit_plan.get(’joint_local_topk’, ”)}\n \\item j
oint maxiter: {fit_plan.get(’joint_maxiter’, ”)}\n \\item fit

Underfull \hbox (badness 1939) in paragraph at lines 4031--4032
\TU/TimesNewRoman(0)/m/n/10.95 stride: {fit_plan.get(’fit_stride’, ”)}\n \\item
 allow map-shape fit: {fit_plan.get(’allow_map_shape_fit’,

Underfull \hbox (badness 1796) in paragraph at lines 4031--4032
\TU/TimesNewRoman(0)/m/n/10.95 ”)}\n \\item post-refine enabled: {fit_plan.get(
’post_refine_enabled’, ”)}\n \\item terminal anchor role:

Overfull \hbox (185.09044pt too wide) in paragraph at lines 4031--4032
\TU/TimesNewRoman(0)/m/n/10.95 \\path{{{str(fit_plan.get(’terminal_anchor_role’
, ”))}}}\n \\item panel deployment stopped speed: {fit_plan.get(’panel_deployme
nt_stopped_speed_kmh’,

Overfull \hbox (60.93703pt too wide) in paragraph at lines 4031--4032
\TU/TimesNewRoman(0)/m/n/10.95 {}) or {}).get(’adopted’, False))}\n \\item acce
leration selected filter: \\path{{{str((fit_plan.get(’acceleration_observation_
fit’,

Overfull \hbox (145.47765pt too wide) in paragraph at lines 4031--4032
\TU/TimesNewRoman(0)/m/n/10.95 {}) or {}).get(’selected_filter_window_sec’, ”)}
 s\n \\item acceleration timestamp selected lag: {float((fit_plan.get(’accelera
tion_observation_fit’,

Underfull \hbox (badness 10000) in paragraph at lines 4031--4032
\TU/TimesNewRoman(0)/m/n/10.95 {}) or {}).get(’selected_lag_sec’, float(’nan’))
):.3f} s\n \\item acceleration alignment train RMSE:

Overfull \hbox (2.72661pt too wide) in paragraph at lines 4031--4032
\TU/TimesNewRoman(0)/m/n/10.95 {float((fit_plan.get(’acceleration_observation_f
it’, {}) or {}).get(’baseline_training_rmse_w’, float(’nan’))):.3f}

Overfull \hbox (35.47897pt too wide) in paragraph at lines 4031--4032
\TU/TimesNewRoman(0)/m/n/10.95 float(’nan’))):.3f} W\n \\item acceleration alig
nment held-out RMSE: {float((fit_plan.get(’acceleration_observation_fit’,

Overfull \hbox (77.35129pt too wide) in paragraph at lines 4031--4032
\TU/TimesNewRoman(0)/m/n/10.95 {}) or {}).get(’baseline_validation_rmse_w’, flo
at(’nan’))):.3f} $\\rightarrow$ {float((fit_plan.get(’acceleration_observation_
fit’,

Underfull \hbox (badness 2894) in paragraph at lines 4031--4032
\TU/TimesNewRoman(0)/m/n/10.95 DEM grade distance offset: {grade_observation_fi
t.get(’selected_distance_offset_km’, ”)} km\n \\item

Underfull \hbox (badness 3354) in paragraph at lines 4031--4032
\TU/TimesNewRoman(0)/m/n/10.95 DEM grade train RMSE: {float(grade_observation_f
it.get(’baseline_training_rmse_w’, float(’nan’))):.3f}

Underfull \hbox (badness 4739) in paragraph at lines 4031--4032
\TU/TimesNewRoman(0)/m/n/10.95 $\\rightarrow$ {float(grade_observation_fit.get(
’selected_training_rmse_w’, float(’nan’))):.3f} W\n \\item

Overfull \hbox (121.94974pt too wide) in paragraph at lines 4031--4032
\TU/TimesNewRoman(0)/m/n/10.95 $\\rightarrow$ {float(grade_observation_fit.get(
’selected_validation_rmse_w’, float(’nan’))):.3f} W\n\\end{{itemize}}\n\n\\sect
ion{{Stage

Underfull \hbox (badness 10000) in paragraph at lines 4031--4032
\TU/TimesNewRoman(0)/m/n/10.95 \\item anchor {idx:02d}: time=\\path{{{str(ancho
r.get(’time_utc’, ”))}}}, s={float(anchor.get(’s_km’,

Overfull \hbox (9.54361pt too wide) in paragraph at lines 4031--4032
\TU/TimesNewRoman(0)/m/n/10.95 float(’nan’))):.3f} A, SoC={float(anchor.get(’so
c_target’, float(’nan’))):.6f}, dwell={float(anchor.get(’dwell_sec’,

Overfull \hbox (1457.66168pt too wide) in paragraph at lines 4031--4032
\TU/TimesNewRoman(0)/m/n/10.95 (none)’) + f’\n\\end{{itemize}}\n\n\\section{{Da
y metrics}}\n\\begin{{longtable}}{{>{{\\raggedright\\arraybackslash}}p{{0.10\\l
inewidth}}>{{\\raggedright\\arraybackslash}}p{{0.16\\linewidth}}>{{\\raggedrigh
t\\arraybackslash}}p{{0.16\\linewidth}}>{{\\raggedright\\arraybackslash}}p{{0.1
6\\linewidth}}>{{\\raggedright\\arraybackslash}}p{{0.16\\linewidth}}>{{\\ragged
right\\arraybackslash}}p{{0.10\\linewidth}}}}\n\\toprule\nday

Overfull \hbox (6.52829pt too wide) in paragraph at lines 4031--4032
\TU/TimesNewRoman(0)/m/n/10.95 & dist end [km] & final SoC & power RMSE [W] & v
oltage RMSE [V] & excl. power \\\\\n\\midrule\n\\endhead\n’

Overfull \hbox (74.79987pt too wide) in paragraph at lines 4031--4032
\TU/TimesNewRoman(0)/m/n/10.95 + ’\n’.join((f”{int(row.get(’day’, -1))} & {floa
t(row.get(’distance_end_km’, float(’nan’))):.1f} & {float(row.get(’final_soc_pr
ed’,

Overfull \hbox (40.16515pt too wide) in paragraph at lines 4031--4032
\TU/TimesNewRoman(0)/m/n/10.95 float(’nan’))):.4f} & {float(row.get(’power_rmse
_clean_w’, float(’nan’))):.2f} & {float(row.get(’voltage_rmse_clean_v’,

Overfull \hbox (197.75679pt too wide) in paragraph at lines 4031--4032
\TU/TimesNewRoman(0)/m/n/10.95 float(’nan’))):.3f} & {int(row.get(’excluded_pow
er_points’, 0))} \\\\” for row in day_metrics)) + f’\n\\bottomrule\n\\end{{long
table}}\n\n\\section{{Evidence

Overfull \hbox (49.5407pt too wide) in paragraph at lines 4031--4032
\TU/TimesNewRoman(0)/m/n/10.95 nal_documents)) if external_documents else ”) + 
f’\n\\end{{itemize}}\n\n\\section{{Active maps}}\n\\begin{{itemize}}\n’

Overfull \hbox (4.96445pt too wide) in paragraph at lines 4031--4032
\TU/TimesNewRoman(0)/m/n/10.95 + ’\n’.join((f’ \\item {tex_path_fragment(key)}:
 {tex_path_fragment(value)}’ for key, value in rel_maps.items()))

Overfull \hbox (298.16481pt too wide) in paragraph at lines 4031--4032
\TU/TimesNewRoman(0)/m/n/10.95 summary yaml: \\path{{{grounded_yaml}}}\n\\end{{
itemize}}\n\n\\section{{Post refinement}}\n\\begin{{longtable}}{{p{{0.48\\linew
idth}}p{{0.22\\linewidth}}}}\n\\toprule\n

Underfull \hbox (badness 7047) in paragraph at lines 4031--4032
\TU/YuGothic(0)/m/n/10.95 項 目 \TU/TimesNewRoman(0)/m/n/10.95 & \TU/YuGothic(0)/
m/n/10.95 値 \TU/TimesNewRoman(0)/m/n/10.95 \\\\\n\\midrule\n\\endhead\naccepted
 & {post_refine.accepted} \\\\\npanel gain factor &

Underfull \hbox (badness 10000) in paragraph at lines 4031--4032
\TU/TimesNewRoman(0)/m/n/10.95 {post_refine.panel_gain_factor:.5f} \\\\\nCdA fa
ctor & {post_refine.cda_factor:.5f} \\\\\nCrr factor &

Overfull \hbox (132.75114pt too wide) in paragraph at lines 4031--4032
\TU/TimesNewRoman(0)/m/n/10.95 \\\\\n$R_{{int}}$ factor & {post_refine.rint_fac
tor:.5f} \\\\\n\\bottomrule\n\\end{{longtable}}\n\n\\section{{Outputs}}\n\\begi
n{{itemize}}\n
[106] [107] [108] [109]
Overfull \hbox (12.74956pt too wide) in paragraph at lines 4084--4085
\TU/TimesNewRoman(0)/m/n/10.95 adopted_route_profile, adopted_score, adopted_st
age_anchors, allow_map_shape_fit, ap, args, base_cycle_batt_fit,

Overfull \hbox (26.05524pt too wide) in paragraph at lines 4084--4085
\TU/TimesNewRoman(0)/m/n/10.95 base_cycle_battery_conditioned_replay_df, base_c
ycle_end_to_end_replay_df, base_cycle_logs, base_cycle_metrics,
[110]
Underfull \hbox (badness 3503) in paragraph at lines 4118--4119
[]\TU/TimesNewRoman(0)/m/n/10.95 option_override_keys \TU/YuGothic(0)/m/n/10.95
 に \TU/TimesNewRoman(0)/m/n/10.95 (’fit_quality’, ’rebuild_grounded_base_maps’,
 ’use_grounded_base_maps’, ’al-

Overfull \hbox (58.22684pt too wide) in paragraph at lines 4118--4119
\TU/TimesNewRoman(0)/m/n/10.95 ’panel_deployment_stopped_speed_kmh’, ’panel_dep
loyment_min_dwell_sec’, ’panel_deployment_max_sample_gap_sec’,

Underfull \hbox (badness 10000) in paragraph at lines 4118--4119
\TU/TimesNewRoman(0)/m/n/10.95 ’panel_control_stop_tolerance_km’, ’battery_rest
art_count’, ’battery_maxiter’, ’motion_restart_count’,

Underfull \hbox (badness 7047) in paragraph at lines 4118--4119
\TU/TimesNewRoman(0)/m/n/10.95 ’motion_maxiter’, ’joint_restart_count’, ’joint_
random_start_count’, ’joint_local_topk’, ’joint_maxiter’,

Overfull \hbox (8.56192pt too wide) in paragraph at lines 4127--4128
[]\TU/TimesNewRoman(0)/m/n/10.95 panel_deployment_options \TU/YuGothic(0)/m/n/1
0.95 に \TU/TimesNewRoman(0)/m/n/10.95 {’stopped_speed_kmh’: float(fit_plan[’pan
el_deployment_stopped_speed_kmh’]),

Overfull \hbox (47.23875pt too wide) in paragraph at lines 4127--4128
\TU/TimesNewRoman(0)/m/n/10.95 ’deployment_min_dwell_sec’: float(fit_plan[’pane
l_deployment_min_dwell_sec’]), ’deployment_max_sample_gap_sec’:

Overfull \hbox (85.84706pt too wide) in paragraph at lines 4127--4128
\TU/TimesNewRoman(0)/m/n/10.95 float(fit_plan[’panel_deployment_max_sample_gap_
sec’]), ’horizontal_control_stop_km’: declared_control_stop_km(profile_cfg,

Overfull \hbox (31.53984pt too wide) in paragraph at lines 4128--4129
[]\TU/TimesNewRoman(0)/m/n/10.95 output_layout \TU/YuGothic(0)/m/n/10.95 に \TU/
TimesNewRoman(0)/m/n/10.95 resolve_identification_output_layout(package_dir, pr
ofile_cfg, output_tag_override=args.output_tag)
[111]
Underfull \hbox (badness 1412) in paragraph at lines 4132--4133
[]\TU/TimesNewRoman(0)/m/n/10.95 payload \TU/YuGothic(0)/m/n/10.95 に \TU/TimesN
ewRoman(0)/m/n/10.95 {’profile_yaml’: relpath_from(ROOT, profile_yaml), ’manife
st_yaml’: relpath_from(ROOT,

Underfull \hbox (badness 10000) in paragraph at lines 4132--4133
\TU/TimesNewRoman(0)/m/n/10.95 ’terminal_anchor_yaml’: relpath_from(package_dir
, manifest_context.get(’terminal_anchor_path’)),

Overfull \hbox (9.08484pt too wide) in paragraph at lines 4132--4133
\TU/TimesNewRoman(0)/m/n/10.95 ’grounded_map_summary_yaml’: relpath_from(packag
e_dir, manifest_context.get(’grounded_summary_path’)),

Underfull \hbox (badness 10000) in paragraph at lines 4132--4133
\TU/TimesNewRoman(0)/m/n/10.95 ’source_inventory_json’: relpath_from(package_di
r, manifest_context.get(’source_inventory_path’)),

Underfull \hbox (badness 10000) in paragraph at lines 4132--4133
\TU/TimesNewRoman(0)/m/n/10.95 ’notes_markdown’: relpath_from(package_dir, mani
fest_context.get(’notes_markdown_path’)), ’ex-

Overfull \hbox (75.085pt too wide) in paragraph at lines 4132--4133
\TU/TimesNewRoman(0)/m/n/10.95 plicit_grounded_assets’: {key: relpath_from(pack
age_dir, path) for key, path in manifest_context.get(’explicit_grounded_assets’
,

Overfull \hbox (92.3102pt too wide) in paragraph at lines 4142--4143
[]\TU/TimesNewRoman(0)/m/n/10.95 (source_map_assets, grounded_map_summary) \TU/
YuGothic(0)/m/n/10.95 に \TU/TimesNewRoman(0)/m/n/10.95 build_grounded_map_asset
s(profile_cfg, Path(output_layout[’grounded_maps’]),
[112]
Overfull \hbox (92.3102pt too wide) in paragraph at lines 4163--4164
[]\TU/TimesNewRoman(0)/m/n/10.95 (source_map_assets, grounded_map_summary) \TU/
YuGothic(0)/m/n/10.95 に \TU/TimesNewRoman(0)/m/n/10.95 build_grounded_map_asset
s(profile_cfg, Path(output_layout[’grounded_maps’]),

Overfull \hbox (36.09802pt too wide) in paragraph at lines 4174--4175
[]\TU/TimesNewRoman(0)/m/n/10.95 logs \TU/YuGothic(0)/m/n/10.95 に \TU/TimesNewR
oman(0)/m/n/10.95 normalize_generic_log(observed_log_csv, actual_event_payload=
manifest_context.get(’actual_event_payload’,

Overfull \hbox (127.30956pt too wide) in paragraph at lines 4176--4177
[]\TU/TimesNewRoman(0)/m/n/10.95 (logs, solar_measurement_calibration) \TU/YuGo
thic(0)/m/n/10.95 に \TU/TimesNewRoman(0)/m/n/10.95 calibrate_solar_measurement_
to_pack(logs, known_aux_power_w=float((profile_cfg.get(’model’,
[113] [114] [115]
(C:\Users\user\OneDrive - 和歌山大学\ソーラー\エネマネ\solar_ws0129-main\docs\program_refere
nce_complete_20260729\build\35_scripts_run_vehicle_identification_py\35_scripts
_run_vehicle_identification_py.aux)

LaTeX Font Warning: Some font shapes were not available, defaults substituted.

 )
(see the transcript file for additional information)
Output written on C:\Users\user\OneDrive - 和歌山大学\ソーラー\エネマネ\solar_ws0129-main\do
cs\program_reference_complete_20260729\build\35_scripts_run_vehicle_identificat
ion_py\35_scripts_run_vehicle_identification_py.pdf (115 pages).
Transcript written on "C:\Users\user\OneDrive - 和歌山大学\ソーラー\エネマネ\solar_ws0129-ma
in\docs\program_reference_complete_20260729\build\35_scripts_run_vehicle_identi
fication_py\35_scripts_run_vehicle_identification_py.log".

miktex-dvipdfmx: major issue: So far, you have not checked for MiKTeX updates.
xelatex: major issue: So far, you have not checked for MiKTeX updates.

