time_utc,speed_cmd_kmh,upper_speed_cmd_kmh,speed_meas_kmh,throttle_cmd_pct,drive_mode,soc,Tb_C,batt_current_a,batt_voltage_v,motor_w,motor_a,solar_w,wheel_w,pack_w,G_poa,Tcell_C,Tamb_C,headwind_ms,slope_pct,s_km,system_state,system_diag,mpc_state,system_health
2026-01-27T00:34:49.635921Z,70.0,70.0,70.0,20.0,power,0.9395,35.0,10.0,95.0,1200.0,12.63,900.0,1000.0,300.0,900.0,45.0,33.0,0.0,0.0,0.004,RUN,OK,RUN,0.98
2026-01-27T00:34:49.835921Z,70.1,70.12,70.14,20.2,power,0.9288,35.0,10.08,95.02,1208.9,12.72,900.8,1005.5,308.1,900.7,45.01,33.0,0.0,0.0,0.008,RUN,OK,RUN,0.98
2026-01-27T00:34:50.035921Z,70.2,70.23,70.28,20.4,power,0.918,35.01,10.16,95.04,1217.8,12.81,901.7,1010.9,316.1,901.3,45.01,33.01,0.01,0.0,0.012,RUN,OK,RUN,0.98
2026-01-27T00:34:50.235921Z,70.3,70.35,70.42,20.6,power,0.907,35.01,10.24,95.06,1226.7,12.9,902.5,1016.4,324.2,902.0,45.02,33.01,0.01,0.0,0.016,RUN,OK,RUN,0.98
2026-01-27T00:34:50.435921Z,70.4,70.47,70.56,20.8,power,0.8958,35.02,10.32,95.08,1235.5,12.99,903.3,1021.8,332.2,902.7,45.03,33.01,0.02,0.0,0.02,RUN,OK,RUN,0.98
2026-01-27T00:34:50.635921Z,70.5,70.58,70.7,21.0,power,0.8845,35.02,10.4,95.1,1244.4,13.09,904.2,1027.3,340.3,903.3,45.03,33.02,0.02,0.01,0.023,RUN,OK,RUN,0.98
2026-01-27T00:34:50.835921Z,70.6,70.7,70.84,21.2,power,0.873,35.02,10.48,95.12,1253.3,13.18,905.0,1032.7,348.3,904.0,45.04,33.02,0.03,0.01,0.027,RUN,OK,RUN,0.98
2026-01-27T00:34:51.035921Z,70.7,70.82,70.98,21.4,power,0.8614,35.03,10.56,95.14,1262.2,13.27,905.8,1038.2,356.3,904.7,45.05,33.03,0.03,0.01,0.031,RUN,OK,RUN,0.98
2026-01-27T00:34:51.235921Z,70.8,70.93,71.12,21.6,power,0.8496,35.03,10.64,95.16,1271.0,13.36,906.7,1043.6,364.4,905.3,45.05,33.03,0.03,0.01,0.035,RUN,OK,RUN,0.98
2026-01-27T00:34:51.435921Z,70.9,71.05,71.26,21.8,power,0.8376,35.04,10.72,95.18,1279.9,13.45,907.5,1049.0,372.4,906.0,45.06,33.03,0.04,0.01,0.039,RUN,OK,RUN,0.98
2026-01-27T00:34:51.635921Z,71.0,71.17,71.4,21.99,power,0.8254,35.04,10.8,95.2,1288.7,13.54,908.3,1054.5,380.4,906.7,45.07,33.04,0.04,0.01,0.043,RUN,OK,RUN,0.98
2026-01-27T00:34:51.835921Z,71.1,71.28,71.54,22.19,power,0.8131,35.04,10.88,95.22,1297.5,13.63,909.2,1059.9,388.4,907.3,45.07,33.04,0.05,0.01,0.047,RUN,OK,RUN,0.98
2026-01-27T00:34:52.035921Z,71.2,71.4,71.67,22.39,power,0.8006,35.05,10.96,95.24,1306.4,13.72,910.0,1065.3,396.4,908.0,45.08,33.04,0.05,0.01,0.051,RUN,OK,RUN,0.98
2026-01-27T00:34:52.235921Z,71.3,71.51,71.81,22.59,power,0.788,35.05,11.04,95.26,1315.2,13.81,910.8,1070.7,404.3,908.7,45.09,33.05,0.06,0.02,0.055,RUN,OK,RUN,0.98
2026-01-27T00:34:52.435921Z,71.4,71.63,71.95,22.78,power,0.7752,35.06,11.12,95.28,1323.9,13.9,911.7,1076.2,412.3,909.3,45.09,33.05,0.06,0.02,0.059,RUN,OK,RUN,0.98
2026-01-27T00:34:52.635921Z,71.5,71.75,72.09,22.98,power,0.7622,35.06,11.2,95.3,1332.7,13.98,912.5,1081.6,420.2,910.0,45.1,33.05,0.06,0.02,0.063,RUN,OK,RUN,0.98
2026-01-27T00:34:52.835921Z,71.6,71.86,72.23,23.18,power,0.7491,35.06,11.27,95.32,1341.5,14.07,913.3,1087.0,428.1,910.7,45.11,33.06,0.07,0.02,0.067,RUN,OK,RUN,0.98
2026-01-27T00:34:53.035921Z,71.7,71.98,72.36,23.37,power,0.7358,35.07,11.35,95.34,1350.2,14.16,914.2,1092.4,436.0,911.3,45.11,33.06,0.07,0.02,0.071,RUN,OK,RUN,0.98
2026-01-27T00:34:53.235921Z,71.8,72.1,72.5,23.57,power,0.7223,35.07,11.43,95.36,1358.9,14.25,915.0,1097.7,443.9,912.0,45.12,33.07,0.08,0.02,0.075,RUN,OK,RUN,0.98
2026-01-27T00:34:53.435921Z,71.89,72.21,72.64,23.76,power,0.7087,35.08,11.51,95.38,1367.6,14.34,915.8,1103.1,451.8,912.7,45.13,33.07,0.08,0.02,0.079,RUN,OK,RUN,0.98
2026-01-27T00:34:53.635921Z,71.99,72.33,72.77,23.95,power,0.695,35.08,11.59,95.4,1376.3,14.43,916.7,1108.5,459.7,913.3,45.13,33.07,0.09,0.02,0.083,RUN,OK,RUN,0.98
2026-01-27T00:34:53.835921Z,72.09,72.44,72.91,24.15,power,0.681,35.08,11.67,95.42,1385.0,14.51,917.5,1113.9,467.5,914.0,45.14,33.08,0.09,0.03,0.087,RUN,OK,RUN,0.98
2026-01-27T00:34:54.035921Z,72.19,72.56,73.04,24.34,power,0.6669,35.09,11.75,95.44,1393.6,14.6,918.3,1119.2,475.3,914.7,45.15,33.08,0.09,0.03,0.091,RUN,OK,RUN,0.98
2026-01-27T00:34:54.235921Z,72.29,72.67,73.18,24.53,power,0.6527,35.09,11.82,95.46,1402.2,14.69,919.2,1124.5,483.1,915.3,45.15,33.08,0.1,0.03,0.095,RUN,OK,RUN,0.98
2026-01-27T00:34:54.435921Z,72.39,72.79,73.31,24.72,power,0.6382,35.1,11.9,95.48,1410.8,14.78,920.0,1129.9,490.8,916.0,45.16,33.09,0.1,0.03,0.1,RUN,OK,RUN,0.98
2026-01-27T00:34:54.635921Z,72.49,72.9,73.45,24.91,power,0.6237,35.1,11.98,95.5,1419.4,14.86,920.8,1135.2,498.5,916.7,45.17,33.09,0.11,0.03,0.104,RUN,OK,RUN,0.98
2026-01-27T00:34:54.835921Z,72.59,73.02,73.58,25.1,power,0.6089,35.1,12.06,95.52,1427.9,14.95,921.7,1140.5,506.2,917.3,45.17,33.09,0.11,0.03,0.108,RUN,OK,RUN,0.98
2026-01-27T00:34:55.035921Z,72.69,73.13,73.71,25.28,power,0.594,35.11,12.13,95.54,1436.4,15.03,922.5,1145.8,513.9,918.0,45.18,33.1,0.12,0.03,0.112,RUN,OK,RUN,0.98
2026-01-27T00:34:55.235921Z,72.78,73.25,73.85,25.47,power,0.579,35.11,12.21,95.56,1444.9,15.12,923.3,1151.1,521.6,918.7,45.19,33.1,0.12,0.03,0.116,RUN,OK,RUN,0.98
2026-01-27T00:34:55.435921Z,72.88,73.36,73.98,25.66,power,0.5638,35.12,12.29,95.58,1453.3,15.21,924.2,1156.4,529.2,919.3,45.19,33.11,0.12,0.04,0.12,RUN,OK,RUN,0.98
2026-01-27T00:34:55.635921Z,72.98,73.48,74.11,25.84,power,0.5484,35.12,12.36,95.6,1461.8,15.29,925.0,1161.6,536.8,920.0,45.2,33.11,0.13,0.04,0.124,RUN,OK,RUN,0.98
2026-01-27T00:34:55.835921Z,73.08,73.59,74.24,26.02,power,0.5329,35.12,12.44,95.62,1470.1,15.38,925.8,1166.9,544.3,920.7,45.21,33.11,0.13,0.04,0.128,RUN,OK,RUN,0.98
2026-01-27T00:34:56.035921Z,73.18,73.71,74.37,26.21,power,0.5172,35.13,12.52,95.64,1478.5,15.46,926.7,1172.1,551.8,921.3,45.21,33.12,0.14,0.04,0.132,RUN,OK,RUN,0.98
2026-01-27T00:34:56.235921Z,73.27,73.82,74.5,26.39,power,0.5014,35.13,12.59,95.66,1486.8,15.54,927.5,1177.3,559.3,922.0,45.22,33.12,0.14,0.04,0.137,RUN,OK,RUN,0.98
2026-01-27T00:34:56.435921Z,73.37,73.94,74.63,26.57,power,0.4854,35.14,12.67,95.68,1495.1,15.63,928.3,1182.5,566.8,922.7,45.23,33.12,0.15,0.04,0.141,RUN,OK,RUN,0.98
2026-01-27T00:34:56.635921Z,73.47,74.05,74.76,26.75,power,0.4693,35.14,12.74,95.7,1503.3,15.71,929.2,1187.7,574.2,923.3,45.23,33.13,0.15,0.04,0.145,RUN,OK,RUN,0.98
2026-01-27T00:34:56.835921Z,73.57,74.16,74.88,26.93,power,0.453,35.14,12.82,95.72,1511.5,15.79,930.0,1192.9,581.6,924.0,45.24,33.13,0.15,0.04,0.149,RUN,OK,RUN,0.98
2026-01-27T00:34:57.035921Z,73.66,74.28,75.01,27.1,power,0.4366,35.15,12.89,95.74,1519.7,15.87,930.8,1198.0,588.9,924.7,45.25,33.13,0.16,0.05,0.153,RUN,OK,RUN,0.98
2026-01-27T00:34:57.235921Z,73.76,74.39,75.14,27.28,power,0.42,35.15,12.97,95.76,1527.8,15.96,931.6,1203.2,596.2,925.3,45.25,33.14,0.16,0.05,0.157,RUN,OK,RUN,0.98
2026-01-27T00:34:57.435921Z,73.86,74.5,75.26,27.45,power,0.4033,35.16,13.04,95.78,1535.9,16.04,932.5,1208.3,603.4,926.0,45.26,33.14,0.17,0.05,0.162,RUN,OK,RUN,0.98
2026-01-27T00:34:57.635921Z,73.95,74.62,75.39,27.63,power,0.3864,35.16,13.12,95.8,1544.0,16.12,933.3,1213.4,610.7,926.6,45.27,33.15,0.17,0.05,0.166,RUN,OK,RUN,0.98
2026-01-27T00:34:57.835921Z,74.05,74.73,75.51,27.8,power,0.3694,35.16,13.19,95.82,1552.0,16.2,934.1,1218.5,617.8,927.3,45.27,33.15,0.18,0.05,0.17,RUN,OK,RUN,0.98
2026-01-27T00:34:58.035921Z,74.15,74.84,75.63,27.97,power,0.3522,35.17,13.26,95.84,1559.9,16.28,935.0,1223.6,625.0,928.0,45.28,33.15,0.18,0.05,0.174,RUN,OK,RUN,0.98
2026-01-27T00:34:58.235921Z,74.24,74.96,75.76,28.14,power,0.3349,35.17,13.33,95.86,1567.8,16.36,935.8,1228.6,632.0,928.6,45.29,33.16,0.18,0.05,0.178,RUN,OK,RUN,0.98
2026-01-27T00:34:58.435921Z,74.34,75.07,75.88,28.3,power,0.3174,35.18,13.41,95.88,1575.7,16.44,936.6,1233.7,639.1,929.3,45.29,33.16,0.19,0.05,0.183,RUN,OK,RUN,0.98
2026-01-27T00:34:58.635921Z,74.43,75.18,76.0,28.47,power,0.2998,35.18,13.48,95.9,1583.5,16.51,937.5,1238.7,646.1,930.0,45.3,33.16,0.19,0.06,0.187,RUN,OK,RUN,0.98
2026-01-27T00:34:58.835921Z,74.53,75.29,76.12,28.63,power,0.2821,35.18,13.55,95.91,1591.3,16.59,938.3,1243.7,653.0,930.6,45.31,33.17,0.2,0.06,0.191,RUN,OK,RUN,0.98
2026-01-27T00:34:59.035921Z,74.62,75.4,76.24,28.8,power,0.2642,35.19,13.62,95.93,1599.0,16.67,939.1,1248.6,659.9,931.3,45.31,33.17,0.2,0.06,0.195,RUN,OK,RUN,0.98
2026-01-27T00:34:59.235921Z,74.72,75.52,76.36,28.96,power,0.2461,35.19,13.69,95.95,1606.7,16.74,940.0,1253.6,666.8,932.0,45.32,33.17,0.21,0.06,0.199,RUN,OK,RUN,0.98
2026-01-27T00:34:59.435921Z,74.81,75.63,76.47,29.12,power,0.228,35.2,13.77,95.97,1614.4,16.82,940.8,1258.5,673.6,932.6,45.33,33.18,0.21,0.06,0.204,RUN,OK,RUN,0.98
2026-01-27T00:34:59.635921Z,74.91,75.74,76.59,29.28,power,0.2096,35.2,13.84,95.99,1621.9,16.9,941.6,1263.4,680.3,933.3,45.33,33.18,0.21,0.06,0.208,RUN,OK,RUN,0.98
2026-01-27T00:34:59.835921Z,75.0,75.85,76.71,29.43,power,0.1912,35.2,13.91,96.01,1629.5,16.97,942.4,1268.3,687.0,934.0,45.34,33.19,0.22,0.06,0.212,RUN,OK,RUN,0.98
2026-01-27T00:35:00.035921Z,75.1,75.96,76.82,29.59,power,0.1726,35.21,13.98,96.03,1636.9,17.05,943.3,1273.2,693.7,934.6,45.35,33.19,0.22,0.06,0.216,RUN,OK,RUN,0.98
2026-01-27T00:35:00.235921Z,75.19,76.07,76.94,29.74,power,0.1539,35.21,14.04,96.05,1644.3,17.12,944.1,1278.0,700.2,935.3,45.35,33.19,0.23,0.07,0.221,RUN,OK,RUN,0.98
2026-01-27T00:35:00.435921Z,75.28,76.18,77.05,29.89,power,0.135,35.22,14.11,96.07,1651.7,17.19,944.9,1282.9,706.8,936.0,45.36,33.2,0.23,0.07,0.225,RUN,OK,RUN,0.98
2026-01-27T00:35:00.635921Z,75.38,76.29,77.16,30.04,power,0.116,35.22,14.18,96.09,1659.0,17.27,945.8,1287.7,713.3,936.6,45.37,33.2,0.23,0.07,0.229,RUN,OK,RUN,0.98
2026-01-27T00:35:00.835921Z,75.47,76.4,77.27,30.19,power,0.0969,35.22,14.25,96.11,1666.3,17.34,946.6,1292.4,719.7,937.3,45.37,33.2,0.24,0.07,0.234,RUN,OK,RUN,0.98
2026-01-27T00:35:01.035921Z,75.56,76.51,77.38,30.33,power,0.0776,35.23,14.32,96.13,1673.5,17.41,947.4,1297.2,726.0,937.9,45.38,33.21,0.24,0.07,0.238,RUN,OK,RUN,0.98
2026-01-27T00:35:01.235921Z,75.66,76.62,77.49,30.48,power,0.0583,35.23,14.38,96.15,1680.6,17.48,948.3,1301.9,732.3,938.6,45.39,33.21,0.25,0.07,0.242,RUN,OK,RUN,0.98
2026-01-27T00:35:01.435921Z,75.75,76.73,77.6,30.62,power,0.05,35.24,14.45,96.17,1687.7,17.55,949.1,1306.6,738.6,939.3,45.39,33.21,0.25,0.07,0.247,RUN,OK,RUN,0.98
2026-01-27T00:35:01.635921Z,75.84,76.83,77.71,30.76,power,0.05,35.24,14.52,96.19,1694.7,17.62,949.9,1311.3,744.8,939.9,45.4,33.22,0.26,0.07,0.251,RUN,OK,RUN,0.98
2026-01-27T00:35:01.835921Z,75.93,76.94,77.81,30.9,power,0.05,35.24,14.58,96.21,1701.7,17.69,950.7,1315.9,750.9,940.6,45.41,33.22,0.26,0.08,0.255,RUN,OK,RUN,0.98
2026-01-27T00:35:02.035921Z,76.02,77.05,77.92,31.04,power,0.05,35.25,14.65,96.23,1708.5,17.76,951.6,1320.6,757.0,941.3,45.41,33.22,0.26,0.08,0.259,RUN,OK,RUN,0.98
2026-01-27T00:35:02.235921Z,76.12,77.16,78.02,31.17,power,0.05,35.25,14.71,96.25,1715.4,17.82,952.4,1325.2,763.0,941.9,45.42,33.23,0.27,0.08,0.264,RUN,OK,RUN,0.98
2026-01-27T00:35:02.435921Z,76.21,77.27,78.12,31.3,power,0.05,35.26,14.78,96.27,1722.1,17.89,953.2,1329.7,768.9,942.6,45.43,33.23,0.27,0.08,0.268,RUN,OK,RUN,0.98
2026-01-27T00:35:02.635921Z,76.3,77.37,78.23,31.43,power,0.05,35.26,14.84,96.29,1728.8,17.96,954.1,1334.3,774.8,943.2,45.43,33.24,0.28,0.08,0.273,RUN,OK,RUN,0.98
2026-01-27T00:35:02.835921Z,76.39,77.48,78.33,31.56,power,0.05,35.26,14.9,96.3,1735.5,18.02,954.9,1338.8,780.6,943.9,45.44,33.24,0.28,0.08,0.277,RUN,OK,RUN,0.98
2026-01-27T00:35:03.035921Z,76.48,77.59,78.43,31.69,power,0.05,35.27,14.97,96.32,1742.1,18.09,955.7,1343.3,786.3,944.6,45.45,33.24,0.29,0.08,0.281,RUN,OK,RUN,0.98
2026-01-27T00:35:03.235921Z,76.57,77.69,78.53,31.81,power,0.05,35.27,15.03,96.34,1748.6,18.15,956.5,1347.7,792.0,945.2,45.45,33.25,0.29,0.08,0.286,RUN,OK,RUN,0.98
2026-01-27T00:35:03.435921Z,76.66,77.8,78.62,31.93,power,0.05,35.28,15.09,96.36,1755.0,18.21,957.4,1352.2,797.6,945.9,45.46,33.25,0.29,0.09,0.29,RUN,OK,RUN,0.98
2026-01-27T00:35:03.635921Z,76.75,77.9,78.72,32.05,power,0.05,35.28,15.15,96.38,1761.4,18.27,958.2,1356.6,803.2,946.6,45.46,33.25,0.3,0.09,0.294,RUN,OK,RUN,0.98
2026-01-27T00:35:03.835921Z,76.84,78.01,78.82,32.17,power,0.05,35.28,15.21,96.4,1767.7,18.34,959.0,1360.9,808.6,947.2,45.47,33.26,0.3,0.09,0.299,RUN,OK,RUN,0.98
2026-01-27T00:35:04.035921Z,76.93,78.12,78.91,32.29,power,0.05,35.29,15.28,96.42,1773.9,18.4,959.9,1365.3,814.0,947.9,45.48,33.26,0.31,0.09,0.303,RUN,OK,RUN,0.98
2026-01-27T00:35:04.235921Z,77.02,78.22,79.0,32.4,power,0.05,35.29,15.33,96.44,1780.0,18.46,960.7,1369.6,819.4,948.5,45.48,33.26,0.31,0.09,0.307,RUN,OK,RUN,0.98
2026-01-27T00:35:04.435921Z,77.1,78.32,79.1,32.51,power,0.05,35.29,15.39,96.46,1786.1,18.52,961.5,1373.9,824.6,949.2,45.49,33.27,0.31,0.09,0.312,RUN,OK,RUN,0.98
2026-01-27T00:35:04.635921Z,77.19,78.43,79.19,32.62,power,0.05,35.3,15.45,96.48,1792.1,18.58,962.3,1378.1,829.8,949.9,45.5,33.27,0.32,0.09,0.316,RUN,OK,RUN,0.98
2026-01-27T00:35:04.835921Z,77.28,78.53,79.28,32.73,power,0.05,35.3,15.51,96.5,1798.1,18.63,963.2,1382.3,834.9,950.5,45.5,33.28,0.32,0.09,0.321,RUN,OK,RUN,0.98
2026-01-27T00:35:05.035921Z,77.37,78.64,79.37,32.83,power,0.05,35.31,15.57,96.52,1803.9,18.69,964.0,1386.5,840.0,951.2,45.51,33.28,0.33,0.1,0.325,RUN,OK,RUN,0.98
2026-01-27T00:35:05.235921Z,77.45,78.74,79.45,32.94,power,0.05,35.31,15.63,96.53,1809.7,18.75,964.8,1390.7,844.9,951.9,45.52,33.28,0.33,0.1,0.33,RUN,OK,RUN,0.98
2026-01-27T00:35:05.435921Z,77.54,78.84,79.54,33.04,power,0.05,35.31,15.68,96.55,1815.5,18.8,965.6,1394.8,849.8,952.5,45.52,33.29,0.34,0.1,0.334,RUN,OK,RUN,0.98
2026-01-27T00:35:05.635921Z,77.63,78.94,79.63,33.13,power,0.05,35.32,15.74,96.57,1821.1,18.86,966.5,1398.9,854.6,953.2,45.53,33.29,0.34,0.1,0.338,RUN,OK,RUN,0.98
2026-01-27T00:35:05.835921Z,77.71,79.05,79.71,33.23,power,0.05,35.32,15.79,96.59,1826.7,18.91,967.3,1403.0,859.4,953.8,45.54,33.29,0.34,0.1,0.343,RUN,OK,RUN,0.98
2026-01-27T00:35:06.035921Z,77.8,79.15,79.79,33.32,power,0.05,35.33,15.85,96.61,1832.1,18.96,968.1,1407.0,864.0,954.5,45.54,33.3,0.35,0.1,0.347,RUN,OK,RUN,0.98
2026-01-27T00:35:06.235921Z,77.88,79.25,79.87,33.41,power,0.05,35.33,15.9,96.63,1837.6,19.02,968.9,1411.0,868.6,955.2,45.55,33.3,0.35,0.1,0.352,RUN,OK,RUN,0.98
2026-01-27T00:35:06.435921Z,77.97,79.35,79.96,33.5,power,0.05,35.33,15.96,96.65,1842.9,19.07,969.8,1414.9,873.1,955.8,45.56,33.3,0.36,0.1,0.356,RUN,OK,RUN,0.98
2026-01-27T00:35:06.635921Z,78.05,79.45,80.04,33.59,power,0.05,35.34,16.01,96.67,1848.1,19.12,970.6,1418.9,877.5,956.5,45.56,33.31,0.36,0.11,0.361,RUN,OK,RUN,0.98
2026-01-27T00:35:06.835921Z,78.14,79.55,80.11,33.67,power,0.05,35.34,16.06,96.69,1853.3,19.17,971.4,1422.7,881.9,957.1,45.57,33.31,0.36,0.11,0.365,RUN,OK,RUN,0.98
2026-01-27T00:35:07.035921Z,78.22,79.65,80.19,33.75,power,0.05,35.35,16.11,96.71,1858.4,19.22,972.2,1426.6,886.2,957.8,45.58,33.32,0.37,0.11,0.369,RUN,OK,RUN,0.98
2026-01-27T00:35:07.235921Z,78.3,79.75,80.27,33.83,power,0.05,35.35,16.17,96.72,1863.4,19.27,973.1,1430.4,890.3,958.5,45.58,33.32,0.37,0.11,0.374,RUN,OK,RUN,0.98
2026-01-27T00:35:07.435921Z,78.39,79.85,80.34,33.91,power,0.05,35.35,16.22,96.74,1868.3,19.31,973.9,1434.2,894.4,959.1,45.59,33.32,0.38,0.11,0.378,RUN,OK,RUN,0.98
2026-01-27T00:35:07.635921Z,78.47,79.95,80.42,33.98,power,0.05,35.36,16.27,96.76,1873.2,19.36,974.7,1437.9,898.5,959.8,45.6,33.33,0.38,0.11,0.383,RUN,OK,RUN,0.98
2026-01-27T00:35:07.835921Z,78.55,80.05,80.49,34.05,power,0.05,35.36,16.32,96.78,1877.9,19.4,975.5,1441.7,902.4,960.4,45.6,33.33,0.39,0.11,0.387,RUN,OK,RUN,0.98
2026-01-27T00:35:08.035921Z,78.63,80.14,80.56,34.12,power,0.05,35.37,16.36,96.8,1882.6,19.45,976.4,1445.3,906.2,961.1,45.61,33.33,0.39,0.11,0.392,RUN,OK,RUN,0.98
2026-01-27T00:35:08.235921Z,78.72,80.24,80.63,34.19,power,0.05,35.37,16.41,96.82,1887.2,19.49,977.2,1449.0,910.0,961.8,45.62,33.34,0.39,0.12,0.396,RUN,OK,RUN,0.98
2026-01-27T00:35:08.435921Z,78.8,80.34,80.7,34.25,power,0.05,35.37,16.46,96.84,1891.7,19.54,978.0,1452.6,913.7,962.4,45.62,33.34,0.4,0.12,0.401,RUN,OK,RUN,0.98
2026-01-27T00:35:08.635921Z,78.88,80.43,80.77,34.31,power,0.05,35.38,16.51,96.85,1896.1,19.58,978.8,1456.1,917.3,963.1,45.63,33.34,0.4,0.12,0.405,RUN,OK,RUN,0.98
2026-01-27T00:35:08.835921Z,78.96,80.53,80.84,34.37,power,0.05,35.38,16.55,96.87,1900.5,19.62,979.7,1459.7,920.8,963.7,45.64,33.35,0.41,0.12,0.41,RUN,OK,RUN,0.98
2026-01-27T00:35:09.035921Z,79.04,80.63,80.9,34.43,power,0.05,35.39,16.6,96.89,1904.7,19.66,980.5,1463.1,924.2,964.4,45.64,33.35,0.41,0.12,0.414,RUN,OK,RUN,0.98
2026-01-27T00:35:09.235921Z,79.12,80.72,80.97,34.48,power,0.05,35.39,16.64,96.91,1908.9,19.7,981.3,1466.6,927.6,965.0,45.65,33.35,0.41,0.12,0.419,RUN,OK,RUN,0.98
2026-01-27T00:35:09.435921Z,79.2,80.82,81.03,34.53,power,0.05,35.39,16.69,96.93,1913.0,19.74,982.1,1470.0,930.8,965.7,45.65,33.36,0.42,0.12,0.423,RUN,OK,RUN,0.98
2026-01-27T00:35:09.635921Z,79.28,80.91,81.09,34.58,power,0.05,35.4,16.73,96.95,1917.0,19.77,982.9,1473.4,934.0,966.4,45.66,33.36,0.42,0.12,0.428,RUN,OK,RUN,0.98
2026-01-27T00:35:09.835921Z,79.35,81.01,81.16,34.62,power,0.05,35.4,16.77,96.97,1920.9,19.81,983.8,1476.7,937.1,967.0,45.67,33.37,0.43,0.12,0.432,RUN,OK,RUN,0.98
2026-01-27T00:35:10.035921Z,79.43,81.1,81.22,34.67,power,0.05,35.41,16.82,96.98,1924.7,19.85,984.6,1480.0,940.1,967.7,45.67,33.37,0.43,0.13,0.437,RUN,OK,RUN,0.98
2026-01-27T00:35:10.235921Z,79.51,81.19,81.27,34.71,power,0.05,35.41,16.86,97.0,1928.4,19.88,985.4,1483.2,943.0,968.3,45.68,33.37,0.44,0.13,0.441,RUN,OK,RUN,0.98
2026-01-27T00:35:10.435921Z,79.59,81.29,81.33,34.75,power,0.05,35.41,16.9,97.02,1932.0,19.91,986.2,1486.5,945.8,969.0,45.69,33.38,0.44,0.13,0.446,RUN,OK,RUN,0.98
2026-01-27T00:35:10.635921Z,79.66,81.38,81.39,34.78,power,0.05,35.42,16.94,97.04,1935.6,19.95,987.1,1489.6,948.5,969.6,45.69,33.38,0.44,0.13,0.45,RUN,OK,RUN,0.98
2026-01-27T00:35:10.835921Z,79.74,81.47,81.45,34.81,power,0.05,35.42,16.98,97.06,1939.0,19.98,987.9,1492.8,951.1,970.3,45.7,33.38,0.45,0.13,0.455,RUN,OK,RUN,0.98
2026-01-27T00:35:11.035921Z,79.82,81.56,81.5,34.84,power,0.05,35.42,17.02,97.08,1942.4,20.01,988.7,1495.9,953.7,971.0,45.71,33.39,0.45,0.13,0.459,RUN,OK,RUN,0.98
2026-01-27T00:35:11.235921Z,79.89,81.65,81.55,34.87,power,0.05,35.43,17.06,97.09,1945.6,20.04,989.5,1498.9,956.1,971.6,45.71,33.39,0.46,0.13,0.464,RUN,OK,RUN,0.98
2026-01-27T00:35:11.435921Z,79.97,81.74,81.61,34.9,power,0.05,35.43,17.09,97.11,1948.8,20.07,990.3,1501.9,958.5,972.3,45.72,33.39,0.46,0.13,0.468,RUN,OK,RUN,0.98
2026-01-27T00:35:11.635921Z,80.04,81.83,81.66,34.92,power,0.05,35.44,17.13,97.13,1951.9,20.1,991.2,1504.9,960.7,972.9,45.73,33.4,0.46,0.14,0.473,RUN,OK,RUN,0.98
2026-01-27T00:35:11.835921Z,80.11,81.92,81.71,34.94,power,0.05,35.44,17.17,97.15,1954.9,20.12,992.0,1507.8,962.9,973.6,45.73,33.4,0.47,0.14,0.477,RUN,OK,RUN,0.98
2026-01-27T00:35:12.035921Z,80.19,82.01,81.76,34.96,power,0.05,35.44,17.2,97.17,1957.8,20.15,992.8,1510.7,965.0,974.2,45.74,33.4,0.47,0.14,0.482,RUN,OK,RUN,0.98
2026-01-27T00:35:12.235921Z,80.26,82.1,81.8,34.97,power,0.05,35.45,17.24,97.18,1960.6,20.17,993.6,1513.5,967.0,974.9,45.75,33.41,0.48,0.14,0.487,RUN,OK,RUN,0.98
2026-01-27T00:35:12.435921Z,80.33,82.19,81.85,34.98,power,0.05,35.45,17.27,97.2,1963.3,20.2,994.4,1516.3,968.9,975.5,45.75,33.41,0.48,0.14,0.491,RUN,OK,RUN,0.98
2026-01-27T00:35:12.635921Z,80.41,82.28,81.9,34.99,power,0.05,35.46,17.3,97.22,1965.9,20.22,995.2,1519.1,970.7,976.2,45.76,33.42,0.48,0.14,0.496,RUN,OK,RUN,0.98
2026-01-27T00:35:12.835921Z,80.48,82.36,81.94,35.0,power,0.05,35.46,17.33,97.24,1968.4,20.24,996.1,1521.8,972.4,976.9,45.76,33.42,0.49,0.14,0.5,RUN,OK,RUN,0.98
2026-01-27T00:35:13.035921Z,80.55,82.45,81.99,35.0,power,0.05,35.46,17.37,97.26,1970.8,20.26,996.9,1524.5,974.0,977.5,45.77,33.42,0.49,0.14,0.505,RUN,OK,RUN,0.98
2026-01-27T00:35:13.235921Z,80.62,82.54,82.03,35.0,power,0.05,35.47,17.4,97.27,1973.2,20.28,997.7,1527.1,975.5,978.2,45.78,33.43,0.5,0.15,0.509,RUN,OK,RUN,0.98
2026-01-27T00:35:13.435921Z,80.69,82.62,82.07,35.0,power,0.05,35.47,17.43,97.29,1975.4,20.3,998.5,1529.7,976.9,978.8,45.78,33.43,0.5,0.15,0.514,RUN,OK,RUN,0.98
2026-01-27T00:35:13.635921Z,80.76,82.71,82.11,34.99,power,0.05,35.48,17.46,97.31,1977.6,20.32,999.3,1532.2,978.2,979.5,45.79,33.43,0.5,0.15,0.518,RUN,OK,RUN,0.98
2026-01-27T00:35:13.835921Z,80.83,82.79,82.15,34.99,power,0.05,35.48,17.48,97.33,1979.6,20.34,1000.2,1534.7,979.4,980.1,45.8,33.44,0.51,0.15,0.523,RUN,OK,RUN,0.98
2026-01-27T00:35:14.035921Z,80.9,82.88,82.19,34.98,power,0.05,35.48,17.51,97.34,1981.5,20.36,1001.0,1537.2,980.6,980.8,45.8,33.44,0.51,0.15,0.528,RUN,OK,RUN,0.98
2026-01-27T00:35:14.235921Z,80.97,82.96,82.23,34.96,power,0.05,35.49,17.54,97.36,1983.4,20.37,1001.8,1539.6,981.6,981.4,45.81,33.44,0.52,0.15,0.532,RUN,OK,RUN,0.98
2026-01-27T00:35:14.435921Z,81.04,83.04,82.26,34.95,power,0.05,35.49,17.57,97.38,1985.1,20.39,1002.6,1541.9,982.5,982.1,45.82,33.45,0.52,0.15,0.537,RUN,OK,RUN,0.98
2026-01-27T00:35:14.635921Z,81.1,83.13,82.3,34.93,power,0.05,35.49,17.59,97.4,1986.8,20.4,1003.4,1544.3,983.4,982.7,45.82,33.45,0.52,0.15,0.541,RUN,OK,RUN,0.98
2026-01-27T00:35:14.835921Z,81.17,83.21,82.33,34.91,power,0.05,35.5,17.62,97.41,1988.4,20.41,1004.2,1546.5,984.1,983.4,45.83,33.45,0.53,0.15,0.546,RUN,OK,RUN,0.98
2026-01-27T00:35:15.035921Z,81.24,83.29,82.37,34.89,power,0.05,35.5,17.64,97.43,1989.8,20.42,1005.0,1548.8,984.8,984.0,45.84,33.46,0.53,0.16,0.55,RUN,OK,RUN,0.98
2026-01-27T00:35:15.235921Z,81.3,83.37,82.4,34.86,power,0.05,35.51,17.66,97.45,1991.2,20.43,1005.9,1550.9,985.3,984.7,45.84,33.46,0.54,0.16,0.555,RUN,OK,RUN,0.98
2026-01-27T00:35:15.435921Z,81.37,83.45,82.43,34.83,power,0.05,35.51,17.69,97.47,1992.5,20.44,1006.7,1553.1,985.8,985.3,45.85,33.46,0.54,0.16,0.56,RUN,OK,RUN,0.98
2026-01-27T00:35:15.635921Z,81.43,83.53,82.46,34.8,power,0.05,35.51,17.71,97.48,1993.6,20.45,1007.5,1555.2,986.1,986.0,45.85,33.47,0.54,0.16,0.564,RUN,OK,RUN,0.98
2026-01-27T00:35:15.835921Z,81.5,83.61,82.49,34.77,power,0.05,35.52,17.73,97.5,1994.7,20.46,1008.3,1557.2,986.4,986.6,45.86,33.47,0.55,0.16,0.569,RUN,OK,RUN,0.98
2026-01-27T00:35:16.035921Z,81.56,83.69,82.52,34.73,power,0.05,35.52,17.75,97.52,1995.7,20.46,1009.1,1559.2,986.6,987.3,45.87,33.48,0.55,0.16,0.573,RUN,OK,RUN,0.98
2026-01-27T00:35:16.235921Z,81.62,83.77,82.55,34.69,power,0.05,35.53,17.77,97.54,1996.5,20.47,1009.9,1561.2,986.6,987.9,45.87,33.48,0.56,0.16,0.578,RUN,OK,RUN,0.98
2026-01-27T00:35:16.435921Z,81.69,83.85,82.58,34.65,power,0.05,35.53,17.79,97.55,1997.3,20.47,1010.7,1563.1,986.6,988.6,45.88,33.48,0.56,0.16,0.583,RUN,OK,RUN,0.98
2026-01-27T00:35:16.635921Z,81.75,83.92,82.6,34.61,power,0.05,35.53,17.81,97.57,1998.0,20.48,1011.6,1564.9,986.4,989.2,45.89,33.49,0.56,0.17,0.587,RUN,OK,RUN,0.98
2026-01-27T00:35:16.835921Z,81.81,84.0,82.63,34.56,power,0.05,35.54,17.82,97.59,1998.6,20.48,1012.4,1566.8,986.2,989.9,45.89,33.49,0.57,0.17,0.592,RUN,OK,RUN,0.98
2026-01-27T00:35:17.035921Z,81.87,84.08,82.65,34.51,power,0.05,35.54,17.84,97.6,1999.1,20.48,1013.2,1568.5,985.9,990.5,45.9,33.49,0.57,0.17,0.596,RUN,OK,RUN,0.98
2026-01-27T00:35:17.235921Z,81.93,84.15,82.68,34.46,power,0.05,35.55,17.85,97.62,1999.4,20.48,1014.0,1570.2,985.4,991.2,45.91,33.5,0.58,0.17,0.601,RUN,OK,RUN,0.98
2026-01-27T00:35:17.435921Z,81.99,84.23,82.7,34.41,power,0.05,35.55,17.87,97.64,1999.7,20.48,1014.8,1571.9,984.9,991.8,45.91,33.5,0.58,0.17,0.605,RUN,OK,RUN,0.98
2026-01-27T00:35:17.635921Z,82.05,84.3,82.72,34.35,power,0.05,35.55,17.88,97.66,1999.9,20.48,1015.6,1573.5,984.3,992.5,45.92,33.5,0.58,0.17,0.61,RUN,OK,RUN,0.98
2026-01-27T00:35:17.835921Z,82.11,84.38,82.75,34.29,power,0.05,35.56,17.9,97.67,2000.0,20.48,1016.4,1575.1,983.6,993.1,45.92,33.51,0.59,0.17,0.615,RUN,OK,RUN,0.98
2026-01-27T00:35:18.035921Z,82.17,84.45,82.77,34.23,power,0.05,35.56,17.91,97.69,2000.0,20.47,1017.2,1576.7,982.7,993.8,45.93,33.51,0.59,0.17,0.619,RUN,OK,RUN,0.98
2026-01-27T00:35:18.235921Z,82.23,84.52,82.79,34.16,power,0.05,35.56,17.92,97.71,1999.9,20.47,1018.0,1578.1,981.8,994.4,45.94,33.51,0.6,0.17,0.624,RUN,OK,RUN,0.98
2026-01-27T00:35:18.435921Z,82.29,84.6,82.81,34.09,power,0.05,35.57,17.93,97.72,1999.7,20.46,1018.9,1579.6,980.8,995.1,45.94,33.52,0.6,0.18,0.628,RUN,OK,RUN,0.98
2026-01-27T00:35:18.635921Z,82.34,84.67,82.82,34.03,power,0.05,35.57,17.94,97.74,1999.3,20.46,1019.7,1581.0,979.7,995.7,45.95,33.52,0.6,0.18,0.633,RUN,OK,RUN,0.98
2026-01-27T00:35:18.835921Z,82.4,84.74,82.84,33.95,power,0.05,35.58,17.95,97.76,1998.9,20.45,1020.5,1582.3,978.5,996.4,45.96,33.52,0.61,0.18,0.638,RUN,OK,RUN,0.98
2026-01-27T00:35:19.035921Z,82.46,84.81,82.86,33.88,power,0.05,35.58,17.96,97.77,1998.4,20.44,1021.3,1583.6,977.2,997.0,45.96,33.53,0.61,0.18,0.642,RUN,OK,RUN,0.98
2026-01-27T00:35:19.235921Z,82.51,84.88,82.87,33.8,power,0.05,35.58,17.97,97.79,1997.8,20.43,1022.1,1584.8,975.7,997.7,45.97,33.53,0.62,0.18,0.647,RUN,OK,RUN,0.98
2026-01-27T00:35:19.435921Z,82.57,84.95,82.89,33.72,power,0.05,35.59,17.97,97.81,1997.1,20.42,1022.9,1586.0,974.2,998.3,45.98,33.54,0.62,0.18,0.651,RUN,OK,RUN,0.98
2026-01-27T00:35:19.635921Z,82.62,85.02,82.9,33.64,power,0.05,35.59,17.98,97.82,1996.3,20.41,1023.7,1587.2,972.6,999.0,45.98,33.54,0.62,0.18,0.656,RUN,OK,RUN,0.98
2026-01-27T00:35:19.835921Z,82.68,85.09,82.92,33.56,power,0.05,35.59,17.99,97.84,1995.4,20.39,1024.5,1588.3,970.9,999.6,45.99,33.54,0.63,0.18,0.661,RUN,OK,RUN,0.98
2026-01-27T00:35:20.035921Z,82.73,85.16,82.93,33.47,power,0.05,35.6,17.99,97.86,1994.4,20.38,1025.3,1589.3,969.1,1000.3,45.99,33.55,0.63,0.19,0.665,RUN,OK,RUN,0.98
2026-01-27T00:35:20.235921Z,82.78,85.22,82.94,33.38,power,0.05,35.6,17.99,97.87,1993.3,20.37,1026.1,1590.3,967.2,1000.9,46.0,33.55,0.64,0.19,0.67,RUN,OK,RUN,0.98
2026-01-27T00:35:20.435921Z,82.83,85.29,82.96,33.29,power,0.05,35.61,18.0,97.89,1992.1,20.35,1026.9,1591.3,965.2,1001.5,46.01,33.55,0.64,0.19,0.675,RUN,OK,RUN,0.98
2026-01-27T00:35:20.635921Z,82.89,85.36,82.97,33.19,power,0.05,35.61,18.0,97.91,1990.8,20.33,1027.7,1592.2,963.1,1002.2,46.01,33.56,0.64,0.19,0.679,RUN,OK,RUN,0.98
2026-01-27T00:35:20.835921Z,82.94,85.42,82.98,33.1,power,0.05,35.61,18.0,97.92,1989.5,20.32,1028.5,1593.0,960.9,1002.8,46.02,33.56,0.65,0.19,0.684,RUN,OK,RUN,0.98
2026-01-27T00:35:21.035921Z,82.99,85.49,82.99,33.0,power,0.05,35.62,18.0,97.94,1988.0,20.3,1029.3,1593.8,958.6,1003.5,46.03,33.56,0.65,0.19,0.688,RUN,OK,RUN,0.98
2026-01-27T00:35:21.235921Z,83.04,85.55,83.0,32.9,power,0.05,35.62,18.0,97.95,1986.4,20.28,1030.2,1594.6,956.2,1004.1,46.03,33.57,0.65,0.19,0.693,RUN,OK,RUN,0.98
2026-01-27T00:35:21.435921Z,83.09,85.61,83.01,32.79,power,0.05,35.63,18.0,97.97,1984.7,20.26,1031.0,1595.3,953.7,1004.8,46.04,33.57,0.66,0.19,0.698,RUN,OK,RUN,0.98
2026-01-27T00:35:21.635921Z,83.13,85.68,83.02,32.69,power,0.05,35.63,18.0,97.99,1982.9,20.24,1031.8,1596.0,951.2,1005.4,46.04,33.57,0.66,0.19,0.702,RUN,OK,RUN,0.98
2026-01-27T00:35:21.835921Z,83.18,85.74,83.03,32.58,power,0.05,35.63,17.99,98.0,1981.0,20.21,1032.6,1596.6,948.5,1006.0,46.05,33.58,0.67,0.2,0.707,RUN,OK,RUN,0.98
2026-01-27T00:35:22.035921Z,83.23,85.8,83.03,32.47,power,0.05,35.64,17.99,98.02,1979.1,20.19,1033.4,1597.1,945.7,1006.7,46.06,33.58,0.67,0.2,0.711,RUN,OK,RUN,0.98
2026-01-27T00:35:22.235921Z,83.28,85.86,83.04,32.36,power,0.05,35.64,17.99,98.03,1977.0,20.17,1034.2,1597.6,942.8,1007.3,46.06,33.58,0.67,0.2,0.716,RUN,OK,RUN,0.98
2026-01-27T00:35:22.435921Z,83.32,85.92,83.05,32.24,power,0.05,35.64,17.98,98.05,1974.8,20.14,1035.0,1598.1,939.9,1008.0,46.07,33.59,0.68,0.2,0.721,RUN,OK,RUN,0.98
2026-01-27T00:35:22.635921Z,83.37,85.98,83.05,32.13,power,0.05,35.65,17.97,98.07,1972.6,20.11,1035.8,1598.5,936.8,1008.6,46.08,33.59,0.68,0.2,0.725,RUN,OK,RUN,0.98
2026-01-27T00:35:22.835921Z,83.41,86.04,83.06,32.01,power,0.05,35.65,17.97,98.08,1970.2,20.09,1036.6,1598.9,933.7,1009.3,46.08,33.59,0.69,0.2,0.73,RUN,OK,RUN,0.98
2026-01-27T00:35:23.035921Z,83.46,86.1,83.06,31.89,power,0.05,35.66,17.96,98.1,1967.8,20.06,1037.4,1599.2,930.4,1009.9,46.09,33.6,0.69,0.2,0.734,RUN,OK,RUN,0.98
2026-01-27T00:35:23.235921Z,83.5,86.16,83.07,31.76,power,0.05,35.66,17.95,98.11,1965.2,20.03,1038.2,1599.4,927.1,1010.5,46.09,33.6,0.69,0.2,0.739,RUN,OK,RUN,0.98
2026-01-27T00:35:23.435921Z,83.54,86.21,83.07,31.64,power,0.05,35.66,17.94,98.13,1962.6,20.0,1039.0,1599.6,923.6,1011.2,46.1,33.6,0.7,0.21,0.744,RUN,OK,RUN,0.98
2026-01-27T00:35:23.635921Z,83.59,86.27,83.08,31.51,power,0.05,35.67,17.93,98.14,1959.9,19.97,1039.8,1599.8,920.1,1011.8,46.11,33.61,0.7,0.21,0.748,RUN,OK,RUN,0.98
2026-01-27T00:35:23.835921Z,83.63,86.33,83.08,31.38,power,0.05,35.67,17.92,98.16,1957.0,19.94,1040.6,1599.9,916.5,1012.5,46.11,33.61,0.7,0.21,0.753,RUN,OK,RUN,0.98
2026-01-27T00:35:24.035921Z,83.67,86.38,83.08,31.25,power,0.05,35.67,17.91,98.17,1954.1,19.9,1041.4,1600.0,912.7,1013.1,46.12,33.62,0.71,0.21,0.758,RUN,OK,RUN,0.98
2026-01-27T00:35:24.235921Z,83.71,86.44,83.09,31.12,power,0.05,35.68,17.9,98.19,1951.1,19.87,1042.2,1600.0,908.9,1013.7,46.13,33.62,0.71,0.21,0.762,RUN,OK,RUN,0.98
2026-01-27T00:35:24.435921Z,83.75,86.49,83.09,30.98,power,0.05,35.68,17.89,98.21,1948.0,19.84,1043.0,1600.0,905.0,1014.4,46.13,33.62,0.72,0.21,0.767,RUN,OK,RUN,0.98
2026-01-27T00:35:24.635921Z,83.79,86.55,83.09,30.85,power,0.05,35.69,17.87,98.22,1944.8,19.8,1043.8,1599.9,901.0,1015.0,46.14,33.63,0.72,0.21,0.771,RUN,OK,RUN,0.98
2026-01-27T00:35:24.835921Z,83.83,86.6,83.09,30.71,power,0.05,35.69,17.86,98.24,1941.5,19.76,1044.6,1599.7,896.9,1015.7,46.14,33.63,0.72,0.21,0.776,RUN,OK,RUN,0.98
2026-01-27T00:35:25.035921Z,83.87,86.65,83.09,30.57,power,0.05,35.69,17.84,98.25,1938.1,19.73,1045.4,1599.6,892.8,1016.3,46.15,33.63,0.73,0.21,0.781,RUN,OK,RUN,0.98
2026-01-27T00:35:25.235921Z,83.91,86.7,83.09,30.42,power,0.05,35.7,17.83,98.27,1934.7,19.69,1046.2,1599.3,888.5,1016.9,46.16,33.64,0.73,0.22,0.785,RUN,OK,RUN,0.98
2026-01-27T00:35:25.435921Z,83.94,86.75,83.1,30.28,power,0.05,35.7,17.81,98.28,1931.1,19.65,1047.0,1599.0,884.1,1017.6,46.16,33.64,0.73,0.22,0.79,RUN,OK,RUN,0.98
2026-01-27T00:35:25.635921Z,83.98,86.8,83.1,30.13,power,0.05,35.7,17.79,98.3,1927.4,19.61,1047.8,1598.7,879.7,1018.2,46.17,33.64,0.74,0.22,0.794,RUN,OK,RUN,0.98
2026-01-27T00:35:25.835921Z,84.02,86.85,83.1,29.98,power,0.05,35.71,17.77,98.31,1923.7,19.57,1048.6,1598.3,875.1,1018.8,46.17,33.65,0.74,0.22,0.799,RUN,OK,RUN,0.98
2026-01-27T00:35:26.035921Z,84.05,86.9,83.1,29.83,power,0.05,35.71,17.75,98.33,1919.9,19.53,1049.4,1597.9,870.5,1019.5,46.18,33.65,0.75,0.22,0.804,RUN,OK,RUN,0.98
2026-01-27T00:35:26.235921Z,84.09,86.95,83.1,29.68,power,0.05,35.72,17.73,98.34,1915.9,19.48,1050.1,1597.4,865.8,1020.1,46.19,33.65,0.75,0.22,0.808,RUN,OK,RUN,0.98
2026-01-27T00:35:26.435921Z,84.12,87.0,83.1,29.53,power,0.05,35.72,17.71,98.36,1911.9,19.44,1050.9,1596.9,861.0,1020.8,46.19,33.66,0.75,0.22,0.813,RUN,OK,RUN,0.98
2026-01-27T00:35:26.635921Z,84.15,87.05,83.09,29.37,power,0.05,35.72,17.69,98.37,1907.8,19.39,1051.7,1596.3,856.1,1021.4,46.2,33.66,0.76,0.22,0.818,RUN,OK,RUN,0.98
2026-01-27T00:35:26.835921Z,84.19,87.09,83.09,29.22,power,0.05,35.73,17.67,98.39,1903.6,19.35,1052.5,1595.7,851.1,1022.0,46.2,33.66,0.76,0.22,0.822,RUN,OK,RUN,0.98
2026-01-27T00:35:27.035921Z,84.22,87.14,83.09,29.06,power,0.05,35.73,17.64,98.4,1899.4,19.3,1053.3,1595.0,846.0,1022.7,46.21,33.67,0.76,0.23,0.827,RUN,OK,RUN,0.98
2026-01-27T00:35:27.235921Z,84.25,87.18,83.09,28.9,power,0.05,35.73,17.62,98.42,1895.0,19.26,1054.1,1594.3,840.9,1023.3,46.22,33.67,0.77,0.23,0.831,RUN,OK,RUN,0.98
2026-01-27T00:35:27.435921Z,84.28,87.23,83.09,28.73,power,0.05,35.74,17.6,98.43,1890.6,19.21,1054.9,1593.5,835.7,1023.9,46.22,33.67,0.77,0.23,0.836,RUN,OK,RUN,0.98
2026-01-27T00:35:27.635921Z,84.31,87.27,83.09,28.57,power,0.05,35.74,17.57,98.44,1886.0,19.16,1055.7,1592.7,830.3,1024.6,46.23,33.68,0.77,0.23,0.841,RUN,OK,RUN,0.98
2026-01-27T00:35:27.835921Z,84.34,87.31,83.09,28.41,power,0.05,35.75,17.54,98.46,1881.4,19.11,1056.5,1591.8,824.9,1025.2,46.24,33.68,0.78,0.23,0.845,RUN,OK,RUN,0.98
2026-01-27T00:35:28.035921Z,84.37,87.36,83.08,28.24,power,0.05,35.75,17.52,98.47,1876.7,19.06,1057.3,1590.9,819.4,1025.8,46.24,33.68,0.78,0.23,0.85,RUN,OK,RUN,0.98
2026-01-27T00:35:28.235921Z,84.4,87.4,83.08,28.07,power,0.05,35.75,17.49,98.49,1871.9,19.01,1058.1,1589.9,813.9,1026.5,46.25,33.69,0.79,0.23,0.855,RUN,OK,RUN,0.98
2026-01-27T00:35:28.435921Z,84.43,87.44,83.08,27.9,power,0.05,35.76,17.46,98.5,1867.1,18.95,1058.9,1588.9,808.2,1027.1,46.25,33.69,0.79,0.23,0.859,RUN,OK,RUN,0.98
2026-01-27T00:35:28.635921Z,84.45,87.48,83.08,27.73,power,0.05,35.76,17.43,98.52,1862.1,18.9,1059.7,1587.8,802.5,1027.7,46.26,33.69,0.79,0.23,0.864,RUN,OK,RUN,0.98
2026-01-27T00:35:28.835921Z,84.48,87.52,83.08,27.56,power,0.05,35.76,17.4,98.53,1857.1,18.85,1060.4,1586.7,796.7,1028.4,46.27,33.7,0.8,0.24,0.868,RUN,OK,RUN,0.98
2026-01-27T00:35:29.035921Z,84.51,87.56,83.07,27.39,power,0.05,35.77,17.37,98.54,1852.0,18.79,1061.2,1585.5,790.8,1029.0,46.27,33.7,0.8,0.24,0.873,RUN,OK,RUN,0.98
2026-01-27T00:35:29.235921Z,84.53,87.6,83.07,27.21,power,0.05,35.77,17.34,98.56,1846.8,18.74,1062.0,1584.3,784.8,1029.6,46.28,33.7,0.8,0.24,0.878,RUN,OK,RUN,0.98
2026-01-27T00:35:29.435921Z,84.56,87.63,83.07,27.04,power,0.05,35.78,17.31,98.57,1841.5,18.68,1062.8,1583.0,778.7,1030.2,46.28,33.71,0.81,0.24,0.882,RUN,OK,RUN,0.98
2026-01-27T00:35:29.635921Z,84.58,87.67,83.07,26.86,power,0.05,35.78,17.27,98.59,1836.2,18.62,1063.6,1581.7,772.6,1030.9,46.29,33.71,0.81,0.24,0.887,RUN,OK,RUN,0.98
2026-01-27T00:35:29.835921Z,84.6,87.71,83.06,26.68,power,0.05,35.78,17.24,98.6,1830.7,18.57,1064.4,1580.4,766.4,1031.5,46.3,33.71,0.81,0.24,0.891,RUN,OK,RUN,0.98
2026-01-27T00:35:30.035921Z,84.62,87.74,83.06,26.5,power,0.05,35.79,17.21,98.61,1825.2,18.51,1065.2,1579.0,760.1,1032.1,46.3,33.72,0.82,0.24,0.896,RUN,OK,RUN,0.98
2026-01-27T00:35:30.235921Z,84.65,87.78,83.06,26.32,power,0.05,35.79,17.17,98.63,1819.7,18.45,1066.0,1577.5,753.7,1032.8,46.31,33.72,0.82,0.24,0.901,RUN,OK,RUN,0.98
2026-01-27T00:35:30.435921Z,84.67,87.81,83.05,26.14,power,0.05,35.79,17.14,98.64,1814.0,18.39,1066.7,1576.0,747.3,1033.4,46.31,33.72,0.83,0.24,0.905,RUN,OK,RUN,0.98
2026-01-27T00:35:30.635921Z,84.69,87.85,83.05,25.96,power,0.05,35.8,17.1,98.66,1808.3,18.33,1067.5,1574.5,740.7,1034.0,46.32,33.73,0.83,0.25,0.91,RUN,OK,RUN,0.98
2026-01-27T00:35:30.835921Z,84.71,87.88,83.05,25.77,power,0.05,35.8,17.06,98.67,1802.4,18.27,1068.3,1572.9,734.1,1034.7,46.33,33.73,0.83,0.25,0.914,RUN,OK,RUN,0.98
2026-01-27T00:35:31.035921Z,84.73,87.91,83.05,25.59,power,0.05,35.8,17.02,98.68,1796.6,18.21,1069.1,1571.2,727.5,1035.3,46.33,33.74,0.84,0.25,0.919,RUN,OK,RUN,0.98
2026-01-27T00:35:31.235921Z,84.75,87.94,83.04,25.4,power,0.05,35.81,16.99,98.7,1790.6,18.14,1069.9,1569.5,720.7,1035.9,46.34,33.74,0.84,0.25,0.924,RUN,OK,RUN,0.98
2026-01-27T00:35:31.435921Z,84.76,87.97,83.04,25.21,power,0.05,35.81,16.95,98.71,1784.6,18.08,1070.7,1567.8,713.9,1036.5,46.34,33.74,0.84,0.25,0.928,RUN,OK,RUN,0.98
2026-01-27T00:35:31.635921Z,84.78,88.0,83.04,25.02,power,0.05,35.82,16.91,98.72,1778.5,18.01,1071.4,1566.0,707.0,1037.2,46.35,33.75,0.85,0.25,0.933,RUN,OK,RUN,0.98
2026-01-27T00:35:31.835921Z,84.8,88.03,83.04,24.84,power,0.05,35.82,16.86,98.74,1772.3,17.95,1072.2,1564.2,700.1,1037.8,46.36,33.75,0.85,0.25,0.938,RUN,OK,RUN,0.98
2026-01-27T00:35:32.035921Z,84.81,88.06,83.03,24.65,power,0.05,35.82,16.82,98.75,1766.0,17.88,1073.0,1562.3,693.0,1038.4,46.36,33.75,0.85,0.25,0.942,RUN,OK,RUN,0.98
2026-01-27T00:35:32.235921Z,84.83,88.09,83.03,24.46,power,0.05,35.83,16.78,98.76,1759.7,17.82,1073.8,1560.4,685.9,1039.0,46.37,33.76,0.86,0.25,0.947,RUN,OK,RUN,0.98
2026-01-27T00:35:32.435921Z,84.84,88.12,83.03,24.26,power,0.05,35.83,16.74,98.78,1753.3,17.75,1074.6,1558.4,678.8,1039.7,46.37,33.76,0.86,0.25,0.951,RUN,OK,RUN,0.98
2026-01-27T00:35:32.635921Z,84.86,88.14,83.03,24.07,power,0.05,35.83,16.7,98.79,1746.9,17.68,1075.4,1556.4,671.5,1040.3,46.38,33.76,0.86,0.26,0.956,RUN,OK,RUN,0.98
2026-01-27T00:35:32.835921Z,84.87,88.17,83.02,23.88,power,0.05,35.84,16.65,98.8,1740.4,17.61,1076.1,1554.3,664.2,1040.9,46.39,33.77,0.87,0.26,0.961,RUN,OK,RUN,0.98
2026-01-27T00:35:33.035921Z,84.88,88.19,83.02,23.69,power,0.05,35.84,16.61,98.82,1733.8,17.55,1076.9,1552.2,656.9,1041.5,46.39,33.77,0.87,0.26,0.965,RUN,OK,RUN,0.98
2026-01-27T00:35:33.235921Z,84.9,88.22,83.02,23.49,power,0.05,35.84,16.56,98.83,1727.1,17.48,1077.7,1550.0,649.4,1042.2,46.4,33.77,0.88,0.26,0.97,RUN,OK,RUN,0.98
2026-01-27T00:35:33.435921Z,84.91,88.24,83.02,23.3,power,0.05,35.85,16.51,98.84,1720.4,17.41,1078.5,1547.8,641.9,1042.8,46.4,33.78,0.88,0.26,0.974,RUN,OK,RUN,0.98
2026-01-27T00:35:33.635921Z,84.92,88.27,83.02,23.1,power,0.05,35.85,16.47,98.85,1713.6,17.33,1079.3,1545.6,634.4,1043.4,46.41,33.78,0.88,0.26,0.979,RUN,OK,RUN,0.98
2026-01-27T00:35:33.835921Z,84.93,88.29,83.01,22.91,power,0.05,35.86,16.42,98.87,1706.8,17.26,1080.0,1543.3,626.8,1044.0,46.41,33.78,0.89,0.26,0.984,RUN,OK,RUN,0.98
2026-01-27T00:35:34.035921Z,84.94,88.31,83.01,22.71,power,0.05,35.86,16.37,98.88,1699.9,17.19,1080.8,1540.9,619.1,1044.6,46.42,33.79,0.89,0.26,0.988,RUN,OK,RUN,0.98
2026-01-27T00:35:34.235921Z,84.95,88.33,83.01,22.51,power,0.05,35.86,16.32,98.89,1692.9,17.12,1081.6,1538.6,611.3,1045.3,46.43,33.79,0.89,0.26,0.993,RUN,OK,RUN,0.98
2026-01-27T00:35:34.435921Z,84.96,88.35,83.01,22.31,power,0.05,35.87,16.27,98.9,1685.9,17.05,1082.4,1536.1,603.5,1045.9,46.43,33.79,0.9,0.27,0.998,RUN,OK,RUN,0.98
2026-01-27T00:35:34.635921Z,84.96,88.37,83.01,22.12,power,0.05,35.87,16.22,98.92,1678.8,16.97,1083.1,1533.7,595.6,1046.5,46.44,33.8,0.9,0.27,1.002,RUN,OK,RUN,0.98
2026-01-27T00:35:34.835921Z,84.97,88.39,83.01,21.92,power,0.05,35.87,16.17,98.93,1671.6,16.9,1083.9,1531.2,587.7,1047.1,46.44,33.8,0.9,0.27,1.007,RUN,OK,RUN,0.98
2026-01-27T00:35:35.035921Z,84.98,88.41,83.0,21.72,power,0.05,35.88,16.12,98.94,1664.4,16.82,1084.7,1528.6,579.7,1047.7,46.45,33.8,0.91,0.27,1.011,RUN,OK,RUN,0.98
2026-01-27T00:35:35.235921Z,84.98,88.43,83.0,21.52,power,0.05,35.88,16.07,98.95,1657.2,16.75,1085.5,1526.0,571.7,1048.4,46.46,33.81,0.91,0.27,1.016,RUN,OK,RUN,0.98
2026-01-27T00:35:35.435921Z,84.99,88.44,83.0,21.32,power,0.05,35.88,16.02,98.97,1649.8,16.67,1086.2,1523.3,563.6,1049.0,46.46,33.81,0.91,0.27,1.021,RUN,OK,RUN,0.98
2026-01-27T00:35:35.635921Z,84.99,88.46,83.0,21.12,power,0.05,35.89,15.97,98.98,1642.5,16.59,1087.0,1520.7,555.4,1049.6,46.47,33.81,0.92,0.27,1.025,RUN,OK,RUN,0.98
2026-01-27T00:35:35.835921Z,84.99,88.47,83.0,20.92,power,0.05,35.89,15.91,98.99,1635.0,16.52,1087.8,1517.9,547.2,1050.2,46.47,33.82,0.92,0.27,1.03,RUN,OK,RUN,0.98
2026-01-27T00:35:36.035921Z,85.0,88.49,83.0,20.72,power,0.05,35.9,15.86,99.0,1627.5,16.44,1088.6,1515.2,539.0,1050.8,46.48,33.82,0.92,0.27,1.034,RUN,OK,RUN,0.98
2026-01-27T00:35:36.235921Z,85.0,88.5,83.0,20.52,power,0.05,35.9,15.8,99.01,1620.0,16.36,1089.3,1512.3,530.7,1051.5,46.48,33.82,0.93,0.28,1.039,RUN,OK,RUN,0.98
2026-01-27T00:35:36.435921Z,85.0,88.52,83.0,20.32,power,0.05,35.9,15.75,99.03,1612.4,16.28,1090.1,1509.5,522.3,1052.1,46.49,33.83,0.93,0.28,1.044,RUN,OK,RUN,0.98
2026-01-27T00:35:36.635921Z,85.0,88.53,83.0,20.12,power,0.05,35.91,15.69,99.04,1604.8,16.2,1090.9,1506.6,513.9,1052.7,46.5,33.83,0.93,0.28,1.048,RUN,OK,RUN,0.98
2026-01-27T00:35:36.835921Z,85.0,88.54,83.0,19.92,power,0.05,35.91,15.64,99.05,1597.1,16.12,1091.6,1503.6,505.4,1053.3,46.5,33.83,0.94,0.28,1.053,RUN,OK,RUN,0.98
2026-01-27T00:35:37.035921Z,85.0,88.55,83.0,19.72,power,0.05,35.91,15.58,99.06,1589.3,16.04,1092.4,1500.6,496.9,1053.9,46.51,33.84,0.94,0.28,1.057,RUN,OK,RUN,0.98
2026-01-27T00:35:37.235921Z,85.0,88.56,83.0,19.52,power,0.05,35.92,15.52,99.07,1581.5,15.96,1093.2,1497.6,488.4,1054.5,46.51,33.84,0.94,0.28,1.062,RUN,OK,RUN,0.98
2026-01-27T00:35:37.435921Z,85.0,88.57,83.0,19.32,power,0.05,35.92,15.46,99.08,1573.7,15.88,1093.9,1494.5,479.8,1055.2,46.52,33.84,0.95,0.28,1.067,RUN,OK,RUN,0.98
2026-01-27T00:35:37.635921Z,84.99,88.58,83.0,19.12,power,0.05,35.92,15.4,99.1,1565.8,15.8,1094.7,1491.4,471.1,1055.8,46.53,33.85,0.95,0.28,1.071,RUN,OK,RUN,0.98
2026-01-27T00:35:37.835921Z,84.99,88.59,83.0,18.92,power,0.05,35.93,15.34,99.11,1557.9,15.72,1095.5,1488.3,462.4,1056.4,46.53,33.85,0.95,0.28,1.076,RUN,OK,RUN,0.98
2026-01-27T00:35:38.035921Z,84.99,88.6,83.0,18.73,power,0.05,35.93,15.28,99.12,1549.9,15.64,1096.2,1485.1,453.7,1057.0,46.54,33.85,0.96,0.28,1.081,RUN,OK,RUN,0.98
2026-01-27T00:35:38.235921Z,84.98,88.6,83.0,18.53,power,0.05,35.93,15.22,99.13,1541.9,15.55,1097.0,1481.9,444.9,1057.6,46.54,33.86,0.96,0.29,1.085,RUN,OK,RUN,0.98
2026-01-27T00:35:38.435921Z,84.98,88.61,83.0,18.33,power,0.05,35.94,15.16,99.14,1533.8,15.47,1097.8,1478.6,436.1,1058.2,46.55,33.86,0.96,0.29,1.09,RUN,OK,RUN,0.98
2026-01-27T00:35:38.635921Z,84.97,88.62,83.01,18.13,power,0.05,35.94,15.1,99.15,1525.7,15.39,1098.5,1475.3,427.2,1058.8,46.55,33.86,0.97,0.29,1.094,RUN,OK,RUN,0.98
2026-01-27T00:35:38.835921Z,84.96,88.62,83.01,17.93,power,0.05,35.94,15.04,99.16,1517.6,15.3,1099.3,1471.9,418.3,1059.4,46.56,33.87,0.97,0.29,1.099,RUN,OK,RUN,0.98
2026-01-27T00:35:39.035921Z,84.96,88.62,83.01,17.73,power,0.05,35.95,14.98,99.17,1509.4,15.22,1100.1,1468.6,409.4,1060.1,46.57,33.87,0.97,0.29,1.104,RUN,OK,RUN,0.98
2026-01-27T00:35:39.235921Z,84.95,88.63,83.01,17.54,power,0.05,35.95,14.91,99.19,1501.2,15.14,1100.8,1465.1,400.4,1060.7,46.57,33.87,0.98,0.29,1.108,RUN,OK,RUN,0.98
2026-01-27T00:35:39.435921Z,84.94,88.63,83.01,17.34,power,0.05,35.96,14.85,99.2,1493.0,15.05,1101.6,1461.7,391.4,1061.3,46.58,33.87,0.98,0.29,1.113,RUN,OK,RUN,0.98
2026-01-27T00:35:39.635921Z,84.93,88.63,83.01,17.14,power,0.05,35.96,14.79,99.21,1484.7,14.97,1102.4,1458.2,382.3,1061.9,46.58,33.88,0.98,0.29,1.117,RUN,OK,RUN,0.98
2026-01-27T00:35:39.835921Z,84.92,88.63,83.02,16.95,power,0.05,35.96,14.72,99.22,1476.3,14.88,1103.1,1454.6,373.2,1062.5,46.59,33.88,0.99,0.29,1.122,RUN,OK,RUN,0.98
2026-01-27T00:35:40.035921Z,84.91,88.63,83.02,16.75,power,0.05,35.97,14.66,99.23,1468.0,14.79,1103.9,1451.0,364.1,1063.1,46.59,33.88,0.99,0.29,1.127,RUN,OK,RUN,0.98
2026-01-27T00:35:40.235921Z,84.9,88.63,83.02,16.55,power,0.05,35.97,14.59,99.24,1459.6,14.71,1104.6,1447.4,355.0,1063.7,46.6,33.89,0.99,0.3,1.131,RUN,OK,RUN,0.98
2026-01-27T00:35:40.435921Z,84.89,88.63,83.02,16.36,power,0.05,35.97,14.53,99.25,1451.2,14.62,1105.4,1443.8,345.8,1064.3,46.6,33.89,1.0,0.3,1.136,RUN,OK,RUN,0.98
2026-01-27T00:35:40.635921Z,84.87,88.63,83.02,16.17,power,0.05,35.98,14.46,99.26,1442.7,14.53,1106.2,1440.1,336.6,1064.9,46.61,33.89,1.0,0.3,1.14,RUN,OK,RUN,0.98
2026-01-27T00:35:40.835921Z,84.86,88.63,83.03,15.97,power,0.05,35.98,14.39,99.27,1434.2,14.45,1106.9,1436.4,327.3,1065.5,46.62,33.9,1.0,0.3,1.145,RUN,OK,RUN,0.98
2026-01-27T00:35:41.035921Z,84.85,88.63,83.03,15.78,power,0.05,35.98,14.33,99.28,1425.7,14.36,1107.7,1432.6,318.0,1066.1,46.62,33.9,1.01,0.3,1.15,RUN,OK,RUN,0.98
2026-01-27T00:35:41.235921Z,84.83,88.62,83.03,15.59,power,0.05,35.99,14.26,99.29,1417.2,14.27,1108.4,1428.8,308.7,1066.7,46.63,33.9,1.01,0.3,1.154,RUN,OK,RUN,0.98
2026-01-27T00:35:41.435921Z,84.82,88.62,83.03,15.4,power,0.05,35.99,14.19,99.3,1408.6,14.19,1109.2,1425.0,299.4,1067.4,46.63,33.91,1.01,0.3,1.159,RUN,OK,RUN,0.98
2026-01-27T00:35:41.635921Z,84.8,88.61,83.04,15.21,power,0.05,35.99,14.12,99.31,1400.0,14.1,1109.9,1421.1,290.1,1068.0,46.64,33.91,1.01,0.3,1.164,RUN,OK,RUN,0.98
2026-01-27T00:35:41.835921Z,84.79,88.61,83.04,15.02,power,0.05,36.0,14.06,99.32,1391.4,14.01,1110.7,1417.2,280.7,1068.6,46.64,33.91,1.02,0.3,1.168,RUN,OK,RUN,0.98
2026-01-27T00:35:42.035921Z,84.77,88.6,83.04,14.83,power,0.05,36.0,13.99,99.33,1382.8,13.92,1111.5,1413.3,271.3,1069.2,46.65,33.92,1.02,0.3,1.173,RUN,OK,RUN,0.98
2026-01-27T00:35:42.235921Z,84.75,88.59,83.04,14.64,power,0.05,36.0,13.92,99.34,1374.1,13.83,1112.2,1409.3,261.9,1069.8,46.66,33.92,1.02,0.31,1.177,RUN,OK,RUN,0.98
2026-01-27T00:35:42.435921Z,84.73,88.59,83.05,14.46,power,0.05,36.01,13.85,99.35,1365.4,13.74,1113.0,1405.3,252.4,1070.4,46.66,33.92,1.03,0.31,1.182,RUN,OK,RUN,0.98
2026-01-27T00:35:42.635921Z,84.71,88.58,83.05,14.27,power,0.05,36.01,13.78,99.36,1356.7,13.65,1113.7,1401.2,243.0,1071.0,46.67,33.93,1.03,0.31,1.187,RUN,OK,RUN,0.98
2026-01-27T00:35:42.835921Z,84.69,88.57,83.05,14.09,power,0.05,36.01,13.71,99.37,1348.0,13.56,1114.5,1397.2,233.5,1071.6,46.67,33.93,1.03,0.31,1.191,RUN,OK,RUN,0.98
2026-01-27T00:35:43.035921Z,84.67,88.56,83.05,13.91,power,0.05,36.02,13.63,99.38,1339.2,13.48,1115.2,1393.1,224.0,1072.2,46.68,33.93,1.04,0.31,1.196,RUN,OK,RUN,0.98
2026-01-27T00:35:43.235921Z,84.65,88.55,83.06,13.72,power,0.05,36.02,13.56,99.39,1330.5,13.39,1116.0,1388.9,214.5,1072.8,46.68,33.94,1.04,0.31,1.2,RUN,OK,RUN,0.98
2026-01-27T00:35:43.435921Z,84.63,88.54,83.06,13.54,power,0.05,36.02,13.49,99.4,1321.7,13.3,1116.7,1384.8,205.0,1073.4,46.69,33.94,1.04,0.31,1.205,RUN,OK,RUN,0.98
2026-01-27T00:35:43.635921Z,84.61,88.52,83.06,13.36,power,0.05,36.03,13.42,99.41,1312.9,13.21,1117.5,1380.6,195.4,1074.0,46.69,33.94,1.05,0.31,1.21,RUN,OK,RUN,0.98
2026-01-27T00:35:43.835921Z,84.58,88.51,83.06,13.18,power,0.05,36.03,13.35,99.42,1304.1,13.12,1118.2,1376.3,185.9,1074.6,46.7,33.95,1.05,0.31,1.214,RUN,OK,RUN,0.98
2026-01-27T00:35:44.035921Z,84.56,88.5,83.07,13.01,power,0.05,36.04,13.27,99.43,1295.3,13.03,1119.0,1372.1,176.3,1075.2,46.7,33.95,1.05,0.31,1.219,RUN,OK,RUN,0.98
2026-01-27T00:35:44.235921Z,84.54,88.48,83.07,12.83,power,0.05,36.04,13.2,99.44,1286.4,12.94,1119.7,1367.8,166.7,1075.8,46.71,33.95,1.05,0.32,1.224,RUN,OK,RUN,0.98
2026-01-27T00:35:44.435921Z,84.51,88.47,83.07,12.65,power,0.05,36.04,13.13,99.45,1277.6,12.85,1120.5,1363.4,157.1,1076.4,46.72,33.96,1.06,0.32,1.228,RUN,OK,RUN,0.98
2026-01-27T00:35:44.635921Z,84.49,88.45,83.07,12.48,power,0.05,36.05,13.05,99.46,1268.7,12.76,1121.2,1359.1,147.5,1077.0,46.72,33.96,1.06,0.32,1.233,RUN,OK,RUN,0.98
2026-01-27T00:35:44.835921Z,84.46,88.44,83.08,12.31,power,0.05,36.05,12.98,99.47,1259.9,12.67,1122.0,1354.7,137.9,1077.6,46.73,33.96,1.06,0.32,1.237,RUN,OK,RUN,0.98
2026-01-27T00:35:45.035921Z,84.43,88.42,83.08,12.14,power,0.05,36.05,12.9,99.47,1251.0,12.58,1122.7,1350.3,128.3,1078.2,46.73,33.97,1.07,0.32,1.242,RUN,OK,RUN,0.98
2026-01-27T00:35:45.235921Z,84.41,88.4,83.08,11.97,power,0.05,36.06,12.83,99.48,1242.1,12.49,1123.5,1345.8,118.7,1078.8,46.74,33.97,1.07,0.32,1.247,RUN,OK,RUN,0.98
2026-01-27T00:35:45.435921Z,84.38,88.39,83.08,11.8,power,0.05,36.06,12.76,99.49,1233.3,12.4,1124.2,1341.4,109.1,1079.4,46.74,33.97,1.07,0.32,1.251,RUN,OK,RUN,0.98
2026-01-27T00:35:45.635921Z,84.35,88.37,83.09,11.63,power,0.05,36.06,12.68,99.5,1224.4,12.31,1125.0,1336.9,99.4,1080.0,46.75,33.97,1.08,0.32,1.256,RUN,OK,RUN,0.98
2026-01-27T00:35:45.835921Z,84.32,88.35,83.09,11.47,power,0.05,36.07,12.6,99.51,1215.5,12.21,1125.7,1332.3,89.8,1080.6,46.75,33.98,1.08,0.32,1.26,RUN,OK,RUN,0.98
2026-01-27T00:35:46.035921Z,84.29,88.33,83.09,11.3,power,0.05,36.07,12.53,99.52,1206.6,12.12,1126.4,1327.8,80.2,1081.2,46.76,33.98,1.08,0.32,1.265,RUN,OK,RUN,0.98
2026-01-27T00:35:46.235921Z,84.26,88.31,83.09,11.14,power,0.05,36.07,12.45,99.53,1197.7,12.03,1127.2,1323.2,70.5,1081.7,46.76,33.98,1.08,0.32,1.27,RUN,OK,RUN,0.98
2026-01-27T00:35:46.435921Z,84.23,88.28,83.09,10.98,power,0.05,36.08,12.38,99.53,1188.8,11.94,1127.9,1318.6,60.9,1082.3,46.77,33.99,1.09,0.33,1.274,RUN,OK,RUN,0.98
2026-01-27T00:35:46.635921Z,84.19,88.26,83.09,10.82,power,0.05,36.08,12.3,99.54,1179.9,11.85,1128.7,1314.0,51.3,1082.9,46.78,33.99,1.09,0.33,1.279,RUN,OK,RUN,0.98
2026-01-27T00:35:46.835921Z,84.16,88.24,83.09,10.66,power,0.05,36.08,12.22,99.55,1171.1,11.76,1129.4,1309.3,41.6,1083.5,46.78,33.99,1.09,0.33,1.284,RUN,OK,RUN,0.98
2026-01-27T00:35:47.035921Z,84.13,88.21,83.09,10.51,power,0.05,36.09,12.15,99.56,1162.2,11.67,1130.2,1304.6,32.0,1084.1,46.79,34.0,1.1,0.33,1.288,RUN,OK,RUN,0.98
2026-01-27T00:35:47.235921Z,84.09,88.19,83.1,10.36,power,0.05,36.09,12.07,99.57,1153.3,11.58,1130.9,1299.9,22.4,1084.7,46.79,34.0,1.1,0.33,1.293,RUN,OK,RUN,0.98
2026-01-27T00:35:47.435921Z,84.06,88.17,83.1,10.2,power,0.05,36.09,11.99,99.58,1144.4,11.49,1131.6,1295.2,12.8,1085.3,46.8,34.0,1.1,0.33,1.297,RUN,OK,RUN,0.98
2026-01-27T00:35:47.635921Z,84.03,88.14,83.1,10.05,power,0.05,36.1,11.91,99.58,1135.6,11.4,1132.4,1290.4,3.2,1085.9,46.8,34.01,1.11,0.33,1.302,RUN,OK,RUN,0.98
2026-01-27T00:35:47.835921Z,83.99,88.11,83.1,9.9,power,0.05,36.1,11.84,99.59,1126.7,11.31,1133.1,1285.6,-6.4,1086.5,46.81,34.01,1.11,0.33,1.307,RUN,OK,RUN,0.98
2026-01-27T00:35:48.035921Z,83.95,88.09,83.1,9.76,power,0.05,36.1,11.76,99.6,1117.9,11.22,1133.8,1280.8,-16.0,1087.1,46.81,34.01,1.11,0.33,1.311,RUN,OK,RUN,0.98
2026-01-27T00:35:48.235921Z,83.92,88.06,83.09,9.61,power,0.05,36.11,11.68,99.61,1109.0,11.13,1134.6,1276.0,-25.6,1087.7,46.82,34.02,1.11,0.33,1.316,RUN,OK,RUN,0.98
2026-01-27T00:35:48.435921Z,83.88,88.03,83.09,9.47,power,0.05,36.11,11.6,99.62,1100.2,11.04,1135.3,1271.1,-35.1,1088.3,46.82,34.02,1.12,0.34,1.32,RUN,OK,RUN,0.98
2026-01-27T00:35:48.635921Z,83.84,88.0,83.09,9.33,power,0.05,36.11,11.52,99.62,1091.4,10.96,1136.0,1266.2,-44.7,1088.8,46.83,34.02,1.12,0.34,1.325,RUN,OK,RUN,0.98
2026-01-27T00:35:48.835921Z,83.8,87.97,83.09,9.19,power,0.05,36.12,11.44,99.63,1082.6,10.87,1136.8,1261.3,-54.2,1089.4,46.83,34.03,1.12,0.34,1.33,RUN,OK,RUN,0.98
2026-01-27T00:35:49.035921Z,83.76,87.94,83.09,9.05,power,0.05,36.12,11.37,99.64,1073.8,10.78,1137.5,1256.4,-63.7,1090.0,46.84,34.03,1.13,0.34,1.334,RUN,OK,RUN,0.98
2026-01-27T00:35:49.235921Z,83.72,87.91,83.09,8.91,power,0.05,36.12,11.29,99.65,1065.0,10.69,1138.2,1251.5,-73.2,1090.6,46.84,34.03,1.13,0.34,1.339,RUN,OK,RUN,0.98
2026-01-27T00:35:49.435921Z,83.68,87.88,83.08,8.78,power,0.05,36.13,11.21,99.65,1056.3,10.6,1139.0,1246.5,-82.7,1091.2,46.85,34.03,1.13,0.34,1.344,RUN,OK,RUN,0.98
2026-01-27T00:35:49.635921Z,83.64,87.85,83.08,8.65,power,0.05,36.13,11.13,99.66,1047.5,10.51,1139.7,1241.5,-92.2,1091.8,46.86,34.04,1.13,0.34,1.348,RUN,OK,RUN,0.98
2026-01-27T00:35:49.835921Z,83.6,87.81,83.08,8.52,power,0.05,36.13,11.05,99.67,1038.8,10.42,1140.4,1236.5,-101.6,1092.4,46.86,34.04,1.14,0.34,1.353,RUN,OK,RUN,0.98
2026-01-27T00:35:50.035921Z,83.56,87.78,83.07,8.39,power,0.05,36.14,10.97,99.67,1030.1,10.33,1141.2,1231.5,-111.0,1092.9,46.87,34.04,1.14,0.34,1.357,RUN,OK,RUN,0.98
2026-01-27T00:35:50.235921Z,83.51,87.75,83.07,8.26,power,0.05,36.14,10.89,99.68,1021.5,10.25,1141.9,1226.5,-120.4,1093.5,46.87,34.05,1.14,0.34,1.362,RUN,OK,RUN,0.98
2026-01-27T00:35:50.435921Z,83.47,87.71,83.06,8.14,power,0.05,36.14,10.81,99.69,1012.8,10.16,1142.6,1221.4,-129.8,1094.1,46.88,34.05,1.15,0.34,1.367,RUN,OK,RUN,0.98
2026-01-27T00:35:50.635921Z,83.42,87.68,83.06,8.02,power,0.05,36.15,10.73,99.7,1004.2,10.07,1143.4,1216.3,-139.2,1094.7,46.88,34.05,1.15,0.35,1.371,RUN,OK,RUN,0.98
2026-01-27T00:35:50.835921Z,83.38,87.64,83.05,7.9,power,0.05,36.15,10.65,99.7,995.6,9.99,1144.1,1211.2,-148.5,1095.3,46.89,34.06,1.15,0.35,1.376,RUN,OK,RUN,0.98
2026-01-27T00:35:51.035921Z,83.33,87.6,83.05,7.78,power,0.05,36.15,10.57,99.71,987.0,9.9,1144.8,1206.1,-157.8,1095.9,46.89,34.06,1.15,0.35,1.38,RUN,OK,RUN,0.98
2026-01-27T00:35:51.235921Z,83.29,87.57,83.04,7.67,power,0.05,36.16,10.49,99.72,978.4,9.81,1145.5,1201.0,-167.1,1096.4,46.9,34.06,1.16,0.35,1.385,RUN,OK,RUN,0.98
2026-01-27T00:35:51.435921Z,83.24,87.53,83.03,7.56,power,0.05,36.16,10.41,99.72,969.9,9.73,1146.3,1195.8,-176.4,1097.0,46.9,34.07,1.16,0.35,1.39,RUN,OK,RUN,0.98
2026-01-27T00:35:51.635921Z,83.19,87.49,83.03,7.45,power,0.05,36.16,10.33,99.73,961.4,9.64,1147.0,1190.7,-185.6,1097.6,46.91,34.07,1.16,0.35,1.394,RUN,OK,RUN,0.98
2026-01-27T00:35:51.835921Z,83.15,87.45,83.02,7.34,power,0.05,36.17,10.25,99.74,952.9,9.55,1147.7,1185.5,-194.8,1098.2,46.91,34.07,1.16,0.35,1.399,RUN,OK,RUN,0.98
2026-01-27T00:35:52.035921Z,83.1,87.41,83.01,7.23,power,0.05,36.17,10.17,99.74,944.5,9.47,1148.4,1180.3,-203.9,1098.8,46.92,34.07,1.17,0.35,1.404,RUN,OK,RUN,0.98
2026-01-27T00:35:52.235921Z,83.05,87.37,83.0,7.13,power,0.05,36.17,10.09,99.75,936.1,9.38,1149.2,1175.1,-213.1,1099.3,46.92,34.08,1.17,0.35,1.408,RUN,OK,RUN,0.98
2026-01-27T00:35:52.435921Z,83.0,87.33,82.99,7.03,power,0.05,36.18,10.01,99.75,927.7,9.3,1149.9,1169.9,-222.2,1099.9,46.93,34.08,1.17,0.35,1.413,RUN,OK,RUN,0.98
2026-01-27T00:35:52.635921Z,82.95,87.29,82.98,6.93,power,0.05,36.18,9.93,99.76,919.4,9.22,1150.6,1164.6,-231.2,1100.5,46.93,34.08,1.17,0.35,1.417,RUN,OK,RUN,0.98
2026-01-27T00:35:52.835921Z,82.9,87.24,82.97,6.83,power,0.05,36.18,9.85,99.77,911.1,9.13,1151.3,1159.4,-240.3,1101.1,46.94,34.09,1.18,0.36,1.422,RUN,OK,RUN,0.98
2026-01-27T00:35:53.035921Z,82.85,87.2,82.96,6.73,power,0.05,36.18,9.77,99.77,902.8,9.05,1152.0,1154.1,-249.3,1101.6,46.94,34.09,1.18,0.36,1.427,RUN,OK,RUN,0.98
2026-01-27T00:35:53.235921Z,82.79,87.16,82.95,6.64,power,0.05,36.19,9.69,99.78,894.6,8.97,1152.8,1148.8,-258.2,1102.2,46.95,34.09,1.18,0.36,1.431,RUN,OK,RUN,0.98
2026-01-27T00:35:53.435921Z,82.74,87.11,82.93,6.55,power,0.05,36.19,9.61,99.78,886.4,8.88,1153.5,1143.5,-267.1,1102.8,46.95,34.1,1.19,0.36,1.436,RUN,OK,RUN,0.98
2026-01-27T00:35:53.635921Z,82.69,87.07,82.92,6.47,power,0.05,36.19,9.53,99.79,878.2,8.8,1154.2,1138.2,-276.0,1103.4,46.96,34.1,1.19,0.36,1.44,RUN,OK,RUN,0.98
2026-01-27T00:35:53.835921Z,82.63,87.02,82.91,6.38,power,0.05,36.2,9.45,99.8,870.1,8.72,1154.9,1132.9,-284.8,1103.9,46.96,34.1,1.19,0.36,1.445,RUN,OK,RUN,0.98
2026-01-27T00:35:54.035921Z,82.58,86.97,82.89,6.3,power,0.0501,36.2,9.37,99.8,862.0,8.64,1155.6,1127.6,-293.6,1104.5,46.97,34.11,1.19,0.36,1.45,RUN,OK,RUN,0.98
2026-01-27T00:35:54.235921Z,82.53,86.93,82.88,6.22,power,0.0504,36.2,9.29,99.81,854.0,8.56,1156.4,1122.3,-302.4,1105.1,46.97,34.11,1.2,0.36,1.454,RUN,OK,RUN,0.98
2026-01-27T00:35:54.435921Z,82.47,86.88,82.86,6.14,power,0.0508,36.21,9.21,99.81,846.0,8.48,1157.1,1116.9,-311.1,1105.7,46.98,34.11,1.2,0.36,1.459,RUN,OK,RUN,0.98
2026-01-27T00:35:54.635921Z,82.41,86.83,82.85,6.06,power,0.0514,36.21,9.13,99.82,838.0,8.4,1157.8,1111.6,-319.7,1106.2,46.98,34.11,1.2,0.36,1.463,RUN,OK,RUN,0.98
2026-01-27T00:35:54.835921Z,82.36,86.78,82.83,5.99,power,0.0522,36.21,9.05,99.82,830.1,8.32,1158.5,1106.2,-328.4,1106.8,46.99,34.12,1.2,0.36,1.468,RUN,OK,RUN,0.98
2026-01-27T00:35:55.035921Z,82.3,86.73,82.81,5.92,power,0.0531,36.22,8.98,99.83,822.3,8.24,1159.2,1100.8,-336.9,1107.4,46.99,34.12,1.21,0.36,1.473,RUN,OK,RUN,0.98
2026-01-27T00:35:55.235921Z,82.24,86.68,82.79,5.85,power,0.0542,36.22,8.9,99.83,814.5,8.16,1159.9,1095.5,-345.5,1107.9,47.0,34.12,1.21,0.37,1.477,RUN,OK,RUN,0.98
2026-01-27T00:35:55.435921Z,82.19,86.63,82.77,5.79,power,0.0555,36.22,8.82,99.84,806.7,8.08,1160.6,1090.1,-353.9,1108.5,47.0,34.13,1.21,0.37,1.482,RUN,OK,RUN,0.98
2026-01-27T00:35:55.635921Z,82.13,86.58,82.75,5.73,power,0.0569,36.23,8.74,99.84,799.0,8.0,1161.3,1084.7,-362.4,1109.1,47.01,34.13,1.21,0.37,1.486,RUN,OK,RUN,0.98
2026-01-27T00:35:55.835921Z,82.07,86.53,82.73,5.67,power,0.0586,36.23,8.66,99.85,791.3,7.93,1162.1,1079.3,-370.7,1109.6,47.01,34.13,1.22,0.37,1.491,RUN,OK,RUN,0.98
2026-01-27T00:35:56.035921Z,82.01,86.48,82.71,5.61,power,0.0603,36.23,8.58,99.85,783.7,7.85,1162.8,1073.9,-379.1,1110.2,47.02,34.14,1.22,0.37,1.496,RUN,OK,RUN,0.98
2026-01-27T00:35:56.235921Z,81.95,86.43,82.68,5.55,power,0.0622,36.24,8.5,99.86,776.1,7.77,1163.5,1068.4,-387.3,1110.8,47.02,34.14,1.22,0.37,1.5,RUN,OK,RUN,0.98
2026-01-27T00:35:56.435921Z,81.89,86.37,82.66,5.5,power,0.0643,36.24,8.42,99.86,768.6,7.7,1164.2,1063.0,-395.6,1111.3,47.03,34.14,1.22,0.37,1.505,RUN,OK,RUN,0.98
2026-01-27T00:35:56.635921Z,81.83,86.32,82.64,5.45,power,0.0666,36.24,8.34,99.87,761.2,7.62,1164.9,1057.6,-403.7,1111.9,47.03,34.14,1.23,0.37,1.509,RUN,OK,RUN,0.98
2026-01-27T00:35:56.835921Z,81.76,86.27,82.61,5.4,power,0.069,36.25,8.27,99.87,753.8,7.55,1165.6,1052.2,-411.8,1112.5,47.04,34.15,1.23,0.37,1.514,RUN,OK,RUN,0.98
2026-01-27T00:35:57.035921Z,81.7,86.21,82.58,5.36,power,0.0716,36.25,8.19,99.88,746.4,7.47,1166.3,1046.7,-419.9,1113.0,47.04,34.15,1.23,0.37,1.519,RUN,OK,RUN,0.98
2026-01-27T00:35:57.235921Z,81.64,86.15,82.56,5.32,power,0.0743,36.25,8.11,99.88,739.1,7.4,1167.0,1041.3,-427.9,1113.6,47.05,34.15,1.23,0.37,1.523,RUN,OK,RUN,0.98
2026-01-27T00:35:57.435921Z,81.58,86.1,82.53,5.28,power,0.0772,36.25,8.03,99.89,731.9,7.33,1167.7,1035.8,-435.8,1114.2,47.05,34.16,1.24,0.37,1.528,RUN,OK,RUN,0.98
2026-01-27T00:35:57.635921Z,81.51,86.04,82.5,5.24,power,0.0802,36.26,7.96,99.89,724.7,7.25,1168.4,1030.4,-443.7,1114.7,47.06,34.16,1.24,0.38,1.532,RUN,OK,RUN,0.98
2026-01-27T00:35:57.835921Z,81.45,85.98,82.47,5.21,power,0.0834,36.26,7.88,99.89,717.6,7.18,1169.1,1024.9,-451.5,1115.3,47.06,34.16,1.24,0.38,1.537,RUN,OK,RUN,0.98
2026-01-27T00:35:58.035921Z,81.38,85.93,82.44,5.17,power,0.0867,36.26,7.8,99.9,710.5,7.11,1169.8,1019.5,-459.3,1115.9,47.07,34.17,1.24,0.38,1.541,RUN,OK,RUN,0.98
2026-01-27T00:35:58.235921Z,81.32,85.87,82.41,5.14,power,0.0902,36.27,7.72,99.9,703.5,7.04,1170.5,1014.0,-467.0,1116.4,47.07,34.17,1.25,0.38,1.546,RUN,OK,RUN,0.98
2026-01-27T00:35:58.435921Z,81.25,85.81,82.38,5.12,power,0.0938,36.27,7.65,99.91,696.6,6.97,1171.2,1008.6,-474.6,1117.0,47.08,34.17,1.25,0.38,1.551,RUN,OK,RUN,0.98
2026-01-27T00:35:58.635921Z,81.19,85.75,82.34,5.09,power,0.0976,36.27,7.57,99.91,689.7,6.9,1171.9,1003.1,-482.2,1117.5,47.08,34.17,1.25,0.38,1.555,RUN,OK,RUN,0.98
2026-01-27T00:35:58.835921Z,81.12,85.69,82.31,5.07,power,0.1016,36.28,7.5,99.91,682.9,6.83,1172.6,997.7,-489.7,1118.1,47.09,34.18,1.25,0.38,1.56,RUN,OK,RUN,0.98
2026-01-27T00:35:59.035921Z,81.05,85.63,82.27,5.06,power,0.1056,36.28,7.42,99.92,676.1,6.77,1173.3,992.2,-497.2,1118.7,47.09,34.18,1.26,0.38,1.564,RUN,OK,RUN,0.98
2026-01-27T00:35:59.235921Z,80.98,85.57,82.24,5.04,power,0.1099,36.28,7.34,99.92,669.4,6.7,1174.0,986.8,-504.6,1119.2,47.1,34.18,1.26,0.38,1.569,RUN,OK,RUN,0.98
2026-01-27T00:35:59.435921Z,80.92,85.51,82.2,5.03,power,0.1142,36.29,7.27,99.92,662.8,6.63,1174.7,981.3,-511.9,1119.8,47.1,34.19,1.26,0.38,1.573,RUN,OK,RUN,0.98
2026-01-27T00:35:59.635921Z,80.85,85.44,82.16,5.02,power,0.1187,36.29,7.19,99.93,656.3,6.57,1175.4,975.9,-519.1,1120.3,47.11,34.19,1.26,0.38,1.578,RUN,OK,RUN,0.98
2026-01-27T00:35:59.835921Z,80.78,85.38,82.12,5.01,power,0.1234,36.29,7.12,99.93,649.8,6.5,1176.1,970.4,-526.3,1120.9,47.11,34.19,1.26,0.38,1.583,RUN,OK,RUN,0.98
2026-01-27T00:36:00.035921Z,80.71,85.32,82.08,5.0,power,0.1282,36.29,7.04,99.93,643.4,6.44,1176.8,965.0,-533.4,1121.4,47.11,34.19,1.27,0.39,1.587,RUN,OK,RUN,0.98
2026-01-27T00:36:00.235921Z,80.64,85.25,82.04,5.0,power,0.1331,36.3,6.97,99.94,637.0,6.37,1177.5,959.5,-540.5,1122.0,47.12,34.2,1.27,0.39,1.592,RUN,OK,RUN,0.98
2026-01-27T00:36:00.435921Z,80.57,85.19,82.0,5.0,power,0.1381,36.3,6.9,99.94,630.7,6.31,1178.2,954.1,-547.4,1122.5,47.12,34.2,1.27,0.39,1.596,RUN,OK,RUN,0.98
2026-01-27T00:36:00.635921Z,80.49,85.12,81.95,5.0,power,0.1433,36.3,6.82,99.94,624.5,6.25,1178.9,948.7,-554.3,1123.1,47.13,34.2,1.27,0.39,1.601,RUN,OK,RUN,0.98
2026-01-27T00:36:00.835921Z,80.42,85.06,81.91,5.01,power,0.1487,36.31,6.75,99.95,618.4,6.19,1179.6,943.2,-561.2,1123.7,47.13,34.21,1.28,0.39,1.605,RUN,OK,RUN,0.98
2026-01-27T00:36:01.035921Z,80.35,84.99,81.86,5.02,power,0.1541,36.31,6.68,99.95,612.3,6.13,1180.3,937.8,-567.9,1124.2,47.14,34.21,1.28,0.39,1.61,RUN,OK,RUN,0.98
2026-01-27T00:36:01.235921Z,80.28,84.93,81.82,5.03,power,0.1597,36.31,6.6,99.95,606.3,6.07,1180.9,932.4,-574.6,1124.8,47.14,34.21,1.28,0.39,1.614,RUN,OK,RUN,0.98
2026-01-27T00:36:01.435921Z,80.21,84.86,81.77,5.04,power,0.1654,36.32,6.53,99.95,600.4,6.01,1181.6,927.0,-581.2,1125.3,47.15,34.21,1.28,0.39,1.619,RUN,OK,RUN,0.98
2026-01-27T00:36:01.635921Z,80.13,84.79,81.72,5.06,power,0.1713,36.32,6.46,99.96,594.6,5.95,1182.3,921.5,-587.8,1125.9,47.15,34.22,1.28,0.39,1.624,RUN,OK,RUN,0.98
2026-01-27T00:36:01.835921Z,80.06,84.72,81.67,5.08,power,0.1772,36.32,6.39,99.96,588.8,5.89,1183.0,916.1,-594.2,1126.4,47.16,34.22,1.29,0.39,1.628,RUN,OK,RUN,0.98
2026-01-27T00:36:02.035921Z,79.98,84.66,81.62,5.1,power,0.1833,36.32,6.32,99.96,583.1,5.83,1183.7,910.7,-600.6,1127.0,47.16,34.22,1.29,0.39,1.633,RUN,OK,RUN,0.98
2026-01-27T00:36:02.235921Z,79.91,84.59,81.57,5.12,power,0.1895,36.33,6.25,99.96,577.5,5.78,1184.4,905.4,-606.9,1127.5,47.17,34.23,1.29,0.39,1.637,RUN,OK,RUN,0.98
2026-01-27T00:36:02.435921Z,79.83,84.52,81.51,5.15,power,0.1959,36.33,6.18,99.97,571.9,5.72,1185.1,900.0,-613.1,1128.1,47.17,34.23,1.29,0.39,1.642,RUN,OK,RUN,0.98
2026-01-27T00:36:02.635921Z,79.76,84.45,81.46,5.18,power,0.2023,36.33,6.11,99.97,566.5,5.67,1185.8,894.6,-619.3,1128.6,47.18,34.23,1.3,0.4,1.646,RUN,OK,RUN,0.98
2026-01-27T00:36:02.835921Z,79.68,84.38,81.4,5.21,power,0.2089,36.34,6.04,99.97,561.1,5.61,1186.4,889.2,-625.4,1129.1,47.18,34.23,1.3,0.4,1.651,RUN,OK,RUN,0.98
2026-01-27T00:36:03.035921Z,79.6,84.31,81.35,5.24,power,0.2156,36.34,5.97,99.97,555.8,5.56,1187.1,883.9,-631.4,1129.7,47.18,34.24,1.3,0.4,1.655,RUN,OK,RUN,0.98
2026-01-27T00:36:03.235921Z,79.53,84.23,81.29,5.28,power,0.2224,36.34,5.9,99.98,550.5,5.51,1187.8,878.5,-637.3,1130.2,47.19,34.24,1.3,0.4,1.66,RUN,OK,RUN,0.98
2026-01-27T00:36:03.435921Z,79.45,84.16,81.23,5.32,power,0.2293,36.35,5.83,99.98,545.4,5.46,1188.5,873.2,-643.1,1130.8,47.19,34.24,1.3,0.4,1.664,RUN,OK,RUN,0.98
2026-01-27T00:36:03.635921Z,79.37,84.09,81.17,5.36,power,0.2364,36.35,5.76,99.98,540.3,5.4,1189.2,867.9,-648.9,1131.3,47.2,34.25,1.31,0.4,1.669,RUN,OK,RUN,0.98
2026-01-27T00:36:03.835921Z,79.29,84.02,81.11,5.41,power,0.2435,36.35,5.69,99.98,535.3,5.35,1189.8,862.6,-654.5,1131.9,47.2,34.25,1.31,0.4,1.673,RUN,OK,RUN,0.98
2026-01-27T00:36:04.035921Z,79.22,83.94,81.05,5.46,power,0.2507,36.35,5.63,99.98,530.4,5.31,1190.5,857.2,-660.1,1132.4,47.21,34.25,1.31,0.4,1.678,RUN,OK,RUN,0.98
2026-01-27T00:36:04.235921Z,79.14,83.87,80.98,5.51,power,0.2581,36.36,5.56,99.98,525.6,5.26,1191.2,852.0,-665.6,1133.0,47.21,34.25,1.31,0.4,1.682,RUN,OK,RUN,0.98
2026-01-27T00:36:04.435921Z,79.06,83.8,80.92,5.56,power,0.2656,36.36,5.49,99.99,520.9,5.21,1191.9,846.7,-671.0,1133.5,47.22,34.26,1.31,0.4,1.687,RUN,OK,RUN,0.98
2026-01-27T00:36:04.635921Z,78.98,83.72,80.85,5.62,power,0.2731,36.36,5.43,99.99,516.2,5.16,1192.5,841.4,-676.4,1134.0,47.22,34.26,1.32,0.4,1.691,RUN,OK,RUN,0.98
2026-01-27T00:36:04.835921Z,78.9,83.65,80.79,5.67,power,0.2808,36.37,5.36,99.99,511.6,5.12,1193.2,836.2,-681.6,1134.6,47.23,34.26,1.32,0.4,1.696,RUN,OK,RUN,0.98
2026-01-27T00:36:05.035921Z,78.82,83.57,80.72,5.73,power,0.2886,36.37,5.3,99.99,507.1,5.07,1193.9,830.9,-686.8,1135.1,47.23,34.27,1.32,0.4,1.7,RUN,OK,RUN,0.98
2026-01-27T00:36:05.235921Z,78.73,83.5,80.65,5.8,power,0.2964,36.37,5.23,99.99,502.7,5.03,1194.6,825.7,-691.8,1135.7,47.23,34.27,1.32,0.41,1.705,RUN,OK,RUN,0.98
2026-01-27T00:36:05.435921Z,78.65,83.42,80.58,5.86,power,0.3044,36.37,5.17,99.99,498.4,4.98,1195.2,820.5,-696.8,1136.2,47.24,34.27,1.32,0.41,1.709,RUN,OK,RUN,0.98
2026-01-27T00:36:05.635921Z,78.57,83.34,80.51,5.93,power,0.3124,36.38,5.11,99.99,494.2,4.94,1195.9,815.3,-701.7,1136.7,47.24,34.27,1.33,0.41,1.714,RUN,OK,RUN,0.98
2026-01-27T00:36:05.835921Z,78.49,83.26,80.43,6.0,power,0.3206,36.38,5.04,99.99,490.1,4.9,1196.6,810.1,-706.5,1137.3,47.25,34.28,1.33,0.41,1.718,RUN,OK,RUN,0.98
2026-01-27T00:36:06.035921Z,78.41,83.19,80.36,6.08,power,0.3288,36.38,4.98,100.0,486.0,4.86,1197.3,804.9,-711.3,1137.8,47.25,34.28,1.33,0.41,1.723,RUN,OK,RUN,0.98
2026-01-27T00:36:06.235921Z,78.32,83.11,80.29,6.15,power,0.3372,36.39,4.92,100.0,482.0,4.82,1197.9,799.8,-715.9,1138.3,47.26,34.28,1.33,0.41,1.727,RUN,OK,RUN,0.98
2026-01-27T00:36:06.435921Z,78.24,83.03,80.21,6.23,power,0.3456,36.39,4.86,100.0,478.2,4.78,1198.6,794.6,-720.4,1138.9,47.26,34.29,1.33,0.41,1.732,RUN,OK,RUN,0.98
2026-01-27T00:36:06.635921Z,78.16,82.95,80.13,6.31,power,0.3541,36.39,4.79,100.0,474.4,4.74,1199.3,789.5,-724.9,1139.4,47.26,34.29,1.34,0.41,1.736,RUN,OK,RUN,0.98
2026-01-27T00:36:06.835921Z,78.07,82.87,80.05,6.39,power,0.3627,36.4,4.73,100.0,470.7,4.71,1199.9,784.4,-729.3,1139.9,47.27,34.29,1.34,0.41,1.74,RUN,OK,RUN,0.98
2026-01-27T00:36:07.035921Z,77.99,82.79,79.98,6.48,power,0.3713,36.4,4.67,100.0,467.1,4.67,1200.6,779.3,-733.5,1140.5,47.27,34.29,1.34,0.41,1.745,RUN,OK,RUN,0.98
2026-01-27T00:36:07.235921Z,77.9,82.71,79.89,6.57,power,0.3801,36.4,4.62,100.0,463.5,4.64,1201.3,774.3,-737.7,1141.0,47.28,34.3,1.34,0.41,1.749,RUN,OK,RUN,0.98
2026-01-27T00:36:07.435921Z,77.82,82.63,79.81,6.66,power,0.3889,36.4,4.56,100.0,460.1,4.6,1201.9,769.2,-741.8,1141.5,47.28,34.3,1.34,0.41,1.754,RUN,OK,RUN,0.98
2026-01-27T00:36:07.635921Z,77.73,82.55,79.73,6.75,power,0.3978,36.41,4.5,100.0,456.8,4.57,1202.6,764.2,-745.8,1142.1,47.29,34.3,1.35,0.41,1.758,RUN,OK,RUN,0.98
2026-01-27T00:36:07.835921Z,77.65,82.47,79.65,6.84,power,0.4068,36.41,4.44,100.0,453.5,4.54,1203.3,759.2,-749.7,1142.6,47.29,34.31,1.35,0.41,1.763,RUN,OK,RUN,0.98
2026-01-27T00:36:08.035921Z,77.56,82.39,79.56,6.94,power,0.4158,36.41,4.38,100.0,450.4,4.5,1203.9,754.2,-753.5,1143.1,47.3,34.31,1.35,0.42,1.767,RUN,OK,RUN,0.98
2026-01-27T00:36:08.235921Z,77.47,82.3,79.47,7.04,power,0.425,36.42,4.33,100.0,447.3,4.47,1204.6,749.3,-757.2,1143.7,47.3,34.31,1.35,0.42,1.771,RUN,OK,RUN,0.98
2026-01-27T00:36:08.435921Z,77.39,82.22,79.39,7.14,power,0.4341,36.42,4.27,100.0,444.4,4.44,1205.2,744.3,-760.9,1144.2,47.3,34.31,1.35,0.42,1.776,RUN,OK,RUN,0.98
2026-01-27T00:36:08.635921Z,77.3,82.14,79.3,7.25,power,0.4434,36.42,4.21,100.0,441.5,4.41,1205.9,739.4,-764.4,1144.7,47.31,34.32,1.36,0.42,1.78,RUN,OK,RUN,0.98
2026-01-27T00:36:08.835921Z,77.21,82.06,79.21,7.35,power,0.4527,36.42,4.16,100.0,438.7,4.39,1206.6,734.5,-767.8,1145.2,47.31,34.32,1.36,0.42,1.785,RUN,OK,RUN,0.98
2026-01-27T00:36:09.035921Z,77.12,81.97,79.12,7.46,power,0.4621,36.43,4.11,100.0,436.0,4.36,1207.2,729.6,-771.2,1145.8,47.32,34.32,1.36,0.42,1.789,RUN,OK,RUN,0.98
2026-01-27T00:36:09.235921Z,77.04,81.89,79.03,7.57,power,0.4716,36.43,4.05,100.0,433.4,4.33,1207.9,724.7,-774.4,1146.3,47.32,34.32,1.36,0.42,1.793,RUN,OK,RUN,0.98
2026-01-27T00:36:09.435921Z,76.95,81.8,78.93,7.68,power,0.4811,36.43,4.0,100.0,430.9,4.31,1208.5,719.9,-777.6,1146.8,47.32,34.33,1.36,0.42,1.798,RUN,OK,RUN,0.98
2026-01-27T00:36:09.635921Z,76.86,81.72,78.84,7.8,power,0.4906,36.43,3.95,100.0,428.5,4.29,1209.2,715.1,-780.6,1147.3,47.33,34.33,1.36,0.42,1.802,RUN,OK,RUN,0.98
2026-01-27T00:36:09.835921Z,76.77,81.63,78.74,7.92,power,0.5003,36.44,3.89,100.0,426.2,4.26,1209.8,710.3,-783.6,1147.9,47.33,34.33,1.37,0.42,1.807,RUN,OK,RUN,0.98
2026-01-27T00:36:10.035921Z,76.68,81.55,78.65,8.04,power,0.5099,36.44,3.84,100.0,424.0,4.24,1210.5,705.5,-786.5,1148.4,47.34,34.34,1.37,0.42,1.811,RUN,OK,RUN,0.98
2026-01-27T00:36:10.235921Z,76.59,81.46,78.55,8.16,power,0.5197,36.44,3.79,100.0,421.9,4.22,1211.1,700.8,-789.2,1148.9,47.34,34.34,1.37,0.42,1.815,RUN,OK,RUN,0.98
2026-01-27T00:36:10.435921Z,76.5,81.38,78.45,8.28,power,0.5294,36.45,3.74,99.99,419.9,4.2,1211.8,696.1,-791.9,1149.4,47.35,34.34,1.37,0.42,1.82,RUN,OK,RUN,0.98
2026-01-27T00:36:10.635921Z,76.41,81.29,78.35,8.41,power,0.5393,36.45,3.69,99.99,418.0,4.18,1212.4,691.4,-794.5,1150.0,47.35,34.34,1.37,0.42,1.824,RUN,OK,RUN,0.98
2026-01-27T00:36:10.835921Z,76.32,81.2,78.25,8.54,power,0.5491,36.45,3.64,99.99,416.2,4.16,1213.1,686.7,-796.9,1150.5,47.35,34.35,1.38,0.42,1.828,RUN,OK,RUN,0.98
2026-01-27T00:36:11.035921Z,76.23,81.12,78.15,8.67,power,0.5591,36.45,3.59,99.99,414.4,4.14,1213.7,682.1,-799.3,1151.0,47.36,34.35,1.38,0.43,1.833,RUN,OK,RUN,0.98
2026-01-27T00:36:11.235921Z,76.14,81.03,78.05,8.8,power,0.569,36.46,3.55,99.99,412.8,4.13,1214.4,677.5,-801.6,1151.5,47.36,34.35,1.38,0.43,1.837,RUN,OK,RUN,0.98
2026-01-27T00:36:11.435921Z,76.05,80.94,77.94,8.93,power,0.579,36.46,3.5,99.99,411.3,4.11,1215.0,672.9,-803.8,1152.0,47.37,34.35,1.38,0.43,1.841,RUN,OK,RUN,0.98
2026-01-27T00:36:11.635921Z,75.96,80.85,77.84,9.07,power,0.5891,36.46,3.45,99.99,409.8,4.1,1215.7,668.3,-805.9,1152.6,47.37,34.36,1.38,0.43,1.846,RUN,OK,RUN,0.98
2026-01-27T00:36:11.835921Z,75.86,80.76,77.73,9.21,power,0.5991,36.47,3.41,99.99,408.5,4.09,1216.3,663.8,-807.9,1153.1,47.37,34.36,1.38,0.43,1.85,RUN,OK,RUN,0.98
2026-01-27T00:36:12.035921Z,75.77,80.67,77.62,9.35,power,0.6093,36.47,3.36,99.99,407.2,4.07,1217.0,659.3,-809.7,1153.6,47.38,34.36,1.39,0.43,1.854,RUN,OK,RUN,0.98
2026-01-27T00:36:12.235921Z,75.68,80.58,77.52,9.49,power,0.6194,36.47,3.32,99.98,406.1,4.06,1217.6,654.8,-811.5,1154.1,47.38,34.36,1.39,0.43,1.859,RUN,OK,RUN,0.98
2026-01-27T00:36:12.435921Z,75.59,80.5,77.41,9.63,power,0.6296,36.47,3.28,99.98,405.0,4.05,1218.3,650.4,-813.2,1154.6,47.39,34.37,1.39,0.43,1.863,RUN,OK,RUN,0.98
2026-01-27T00:36:12.635921Z,75.49,80.41,77.3,9.78,power,0.6398,36.48,3.23,99.98,404.1,4.04,1218.9,646.0,-814.8,1155.1,47.39,34.37,1.39,0.43,1.867,RUN,OK,RUN,0.98
2026-01-27T00:36:12.835921Z,75.4,80.32,77.19,9.92,power,0.65,36.48,3.19,99.98,403.2,4.03,1219.6,641.6,-816.3,1155.6,47.39,34.37,1.39,0.43,1.872,RUN,OK,RUN,0.98
2026-01-27T00:36:13.035921Z,75.31,80.22,77.07,10.07,power,0.6603,36.48,3.15,99.98,402.5,4.03,1220.2,637.2,-817.7,1156.2,47.4,34.38,1.39,0.43,1.876,RUN,OK,RUN,0.98
2026-01-27T00:36:13.235921Z,75.21,80.13,76.96,10.22,power,0.6705,36.48,3.11,99.97,401.8,4.02,1220.8,632.9,-819.0,1156.7,47.4,34.38,1.39,0.43,1.88,RUN,OK,RUN,0.98
2026-01-27T00:36:13.435921Z,75.12,80.04,76.85,10.38,power,0.6808,36.49,3.07,99.97,401.3,4.01,1221.5,628.6,-820.2,1157.2,47.41,34.38,1.4,0.43,1.884,RUN,OK,RUN,0.98
2026-01-27T00:36:13.635921Z,75.02,79.95,76.73,10.53,power,0.6911,36.49,3.03,99.97,400.8,4.01,1222.1,624.3,-821.3,1157.7,47.41,34.38,1.4,0.43,1.889,RUN,OK,RUN,0.98
2026-01-27T00:36:13.835921Z,74.93,79.86,76.62,10.69,power,0.7015,36.49,2.99,99.97,400.5,4.01,1222.7,620.1,-822.3,1158.2,47.41,34.39,1.4,0.43,1.893,RUN,OK,RUN,0.98
2026-01-27T00:36:14.035921Z,74.84,79.77,76.5,10.84,power,0.7118,36.49,2.95,99.97,400.2,4.0,1223.4,615.9,-823.2,1158.7,47.42,34.39,1.4,0.43,1.897,RUN,OK,RUN,0.98
2026-01-27T00:36:14.235921Z,74.74,79.68,76.39,11.0,power,0.7222,36.5,2.91,99.96,400.1,4.0,1224.0,611.7,-824.0,1159.2,47.42,34.39,1.4,0.44,1.901,RUN,OK,RUN,0.98
2026-01-27T00:36:14.435921Z,74.65,79.58,76.27,11.16,power,0.7325,36.5,2.88,99.96,400.0,4.0,1224.7,607.6,-824.7,1159.7,47.43,34.39,1.4,0.44,1.906,RUN,OK,RUN,0.98
2026-01-27T00:36:14.635921Z,74.55,79.49,76.15,11.33,power,0.7429,36.5,2.84,99.96,400.0,4.0,1225.3,603.4,-825.2,1160.2,47.43,34.4,1.41,0.44,1.91,RUN,OK,RUN,0.98
2026-01-27T00:36:14.835921Z,74.46,79.4,76.03,11.49,power,0.7533,36.51,2.8,99.96,400.2,4.0,1225.9,599.4,-825.7,1160.7,47.43,34.4,1.41,0.44,1.914,RUN,OK,RUN,0.98
2026-01-27T00:36:15.035921Z,74.36,79.31,75.91,11.66,power,0.7637,36.51,2.77,99.95,400.4,4.01,1226.5,595.3,-826.1,1161.2,47.44,34.4,1.41,0.44,1.918,RUN,OK,RUN,0.98
2026-01-27T00:36:15.235921Z,74.26,79.21,75.79,11.82,power,0.7741,36.51,2.74,99.95,400.7,4.01,1227.2,591.3,-826.4,1161.7,47.44,34.4,1.41,0.44,1.922,RUN,OK,RUN,0.98
2026-01-27T00:36:15.435921Z,74.17,79.12,75.66,11.99,power,0.7845,36.51,2.7,99.95,401.2,4.01,1227.8,587.3,-826.6,1162.2,47.45,34.41,1.41,0.44,1.927,RUN,OK,RUN,0.98
2026-01-27T00:36:15.635921Z,74.07,79.02,75.54,12.16,power,0.7949,36.52,2.67,99.94,401.7,4.02,1228.4,583.4,-826.7,1162.7,47.45,34.41,1.41,0.44,1.931,RUN,OK,RUN,0.98
2026-01-27T00:36:15.835921Z,73.98,78.93,75.42,12.33,power,0.8053,36.52,2.64,99.94,402.3,4.03,1229.1,579.5,-826.7,1163.3,47.45,34.41,1.41,0.44,1.935,RUN,OK,RUN,0.98
2026-01-27T00:36:16.035921Z,73.88,78.84,75.29,12.51,power,0.8156,36.52,2.61,99.94,403.1,4.03,1229.7,575.6,-826.6,1163.8,47.46,34.41,1.42,0.44,1.939,RUN,OK,RUN,0.98
2026-01-27T00:36:16.235921Z,73.78,78.74,75.17,12.68,power,0.826,36.52,2.58,99.94,403.9,4.04,1230.3,571.8,-826.4,1164.3,47.46,34.42,1.42,0.44,1.943,RUN,OK,RUN,0.98
2026-01-27T00:36:16.435921Z,73.69,78.65,75.04,12.85,power,0.8364,36.53,2.55,99.93,404.8,4.05,1230.9,568.0,-826.1,1164.8,47.47,34.42,1.42,0.44,1.948,RUN,OK,RUN,0.98
2026-01-27T00:36:16.635921Z,73.59,78.55,74.91,13.03,power,0.8468,36.53,2.52,99.93,405.8,4.06,1231.6,564.2,-825.7,1165.3,47.47,34.42,1.42,0.44,1.952,RUN,OK,RUN,0.98
2026-01-27T00:36:16.835921Z,73.49,78.46,74.79,13.21,power,0.8571,36.53,2.49,99.93,407.0,4.07,1232.2,560.5,-825.2,1165.8,47.47,34.42,1.42,0.44,1.956,RUN,OK,RUN,0.98
2026-01-27T00:36:17.035921Z,73.39,78.36,74.66,13.39,power,0.8674,36.53,2.46,99.92,408.2,4.09,1232.8,556.8,-824.6,1166.3,47.48,34.43,1.42,0.44,1.96,RUN,OK,RUN,0.98
2026-01-27T00:36:17.235921Z,73.3,78.27,74.53,13.57,power,0.8777,36.54,2.44,99.92,409.5,4.1,1233.4,553.1,-823.9,1166.7,47.48,34.43,1.42,0.44,1.964,RUN,OK,RUN,0.98
2026-01-27T00:36:17.435921Z,73.2,78.17,74.4,13.75,power,0.888,36.54,2.41,99.91,410.9,4.11,1234.1,549.5,-823.1,1167.2,47.48,34.43,1.43,0.45,1.968,RUN,OK,RUN,0.98
2026-01-27T00:36:17.635921Z,73.1,78.07,74.27,13.93,power,0.8983,36.54,2.39,99.91,412.4,4.13,1234.7,545.9,-822.2,1167.7,47.49,34.43,1.43,0.45,1.972,RUN,OK,RUN,0.98
2026-01-27T00:36:17.835921Z,73.0,77.98,74.14,14.11,power,0.9085,36.54,2.36,99.91,414.0,4.14,1235.3,542.4,-821.3,1168.2,47.49,34.44,1.43,0.45,1.977,RUN,OK,RUN,0.98
2026-01-27T00:36:18.035921Z,72.91,77.88,74.01,14.3,power,0.9188,36.55,2.34,99.9,415.7,4.16,1235.9,538.9,-820.2,1168.7,47.5,34.44,1.43,0.45,1.981,RUN,OK,RUN,0.98
2026-01-27T00:36:18.235921Z,72.81,77.79,73.88,14.48,power,0.929,36.55,2.32,99.9,417.5,4.18,1236.5,535.4,-819.0,1169.2,47.5,34.44,1.43,0.45,1.985,RUN,OK,RUN,0.98
2026-01-27T00:36:18.435921Z,72.71,77.69,73.75,14.67,power,0.9391,36.55,2.29,99.9,419.4,4.2,1237.1,532.0,-817.7,1169.7,47.5,34.44,1.43,0.45,1.989,RUN,OK,RUN,0.98
2026-01-27T00:36:18.635921Z,72.61,77.59,73.61,14.86,power,0.9493,36.55,2.27,99.89,421.4,4.22,1237.8,528.6,-816.3,1170.2,47.51,34.45,1.43,0.45,1.993,RUN,OK,RUN,0.98
2026-01-27T00:36:18.835921Z,72.51,77.49,73.48,15.05,power,0.9594,36.56,2.25,99.89,423.5,4.24,1238.4,525.2,-814.8,1170.7,47.51,34.45,1.43,0.45,1.997,RUN,OK,RUN,0.98
2026-01-27T00:36:19.035921Z,72.41,77.4,73.35,15.24,power,0.9694,36.56,2.23,99.88,425.7,4.26,1239.0,521.9,-813.3,1171.2,47.51,34.45,1.44,0.45,2.001,RUN,OK,RUN,0.98
2026-01-27T00:36:19.235921Z,72.31,77.3,73.21,15.43,power,0.9795,36.56,2.22,99.88,428.0,4.29,1239.6,518.6,-811.6,1171.7,47.52,34.45,1.44,0.45,2.005,RUN,OK,RUN,0.98
2026-01-27T00:36:19.435921Z,72.22,77.2,73.08,15.62,power,0.9895,36.56,2.2,99.87,430.4,4.31,1240.2,515.4,-809.8,1172.2,47.52,34.46,1.44,0.45,2.009,RUN,OK,RUN,0.98
2026-01-27T00:36:19.635921Z,72.12,77.1,72.94,15.81,power,0.9994,36.57,2.18,99.87,432.9,4.33,1240.8,512.2,-808.0,1172.7,47.52,34.46,1.44,0.45,2.013,RUN,OK,RUN,0.98
2026-01-27T00:36:19.835921Z,72.02,77.01,72.81,16.0,power,1.0093,36.57,2.16,99.86,435.4,4.36,1241.4,509.0,-806.0,1173.1,47.53,34.46,1.44,0.45,2.017,RUN,OK,RUN,0.98
2026-01-27T00:36:20.035921Z,71.92,76.91,72.67,16.19,power,1.0192,36.57,2.15,99.86,438.1,4.39,1242.0,505.9,-803.9,1173.6,47.53,34.46,1.44,0.45,2.021,RUN,OK,RUN,0.98
2026-01-27T00:36:20.235921Z,71.82,76.81,72.53,16.39,power,1.029,36.57,2.13,99.86,440.8,4.41,1242.6,502.8,-801.8,1174.1,47.54,34.47,1.44,0.45,2.025,RUN,OK,RUN,0.98
2026-01-27T00:36:20.435921Z,71.72,76.71,72.4,16.58,power,1.0388,36.58,2.12,99.85,443.7,4.44,1243.3,499.8,-799.6,1174.6,47.54,34.47,1.44,0.45,2.029,RUN,OK,RUN,0.98
2026-01-27T00:36:20.635921Z,71.62,76.61,72.26,16.78,power,1.0485,36.58,2.11,99.85,446.6,4.47,1243.9,496.8,-797.2,1175.1,47.54,34.47,1.45,0.45,2.033,RUN,OK,RUN,0.98
2026-01-27T00:36:20.835921Z,71.52,76.51,72.12,16.97,power,1.0582,36.58,2.09,99.84,449.7,4.5,1244.5,493.9,-794.8,1175.6,47.55,34.47,1.45,0.45,2.037,RUN,OK,RUN,0.98
2026-01-27T00:36:21.035921Z,71.42,76.42,71.98,17.17,power,1.0678,36.58,2.08,99.84,452.8,4.54,1245.1,491.0,-792.3,1176.1,47.55,34.48,1.45,0.45,2.041,RUN,OK,RUN,0.98
2026-01-27T00:36:21.235921Z,71.32,76.32,71.85,17.37,power,1.0774,36.59,2.07,99.83,456.0,4.57,1245.7,488.1,-789.6,1176.5,47.55,34.48,1.45,0.46,2.045,RUN,OK,RUN,0.98
2026-01-27T00:36:21.435921Z,71.22,76.22,71.71,17.56,power,1.0869,36.59,2.06,99.83,459.3,4.6,1246.3,485.3,-786.9,1177.0,47.56,34.48,1.45,0.46,2.049,RUN,OK,RUN,0.98
2026-01-27T00:36:21.635921Z,71.12,76.12,71.57,17.76,power,1.0963,36.59,2.05,99.82,462.8,4.64,1246.9,482.5,-784.1,1177.5,47.56,34.48,1.45,0.46,2.053,RUN,OK,RUN,0.98
2026-01-27T00:36:21.835921Z,71.02,76.02,71.43,17.96,power,1.1057,36.59,2.04,99.81,466.3,4.67,1247.5,479.8,-781.2,1178.0,47.56,34.49,1.45,0.46,2.057,RUN,OK,RUN,0.98
2026-01-27T00:36:22.035921Z,70.92,75.92,71.29,18.16,power,1.1151,36.6,2.03,99.81,469.8,4.71,1248.1,477.1,-778.2,1178.5,47.57,34.49,1.45,0.46,2.061,RUN,OK,RUN,0.98
2026-01-27T00:36:22.235921Z,70.82,75.82,71.15,18.36,power,1.1243,36.6,2.03,99.8,473.5,4.74,1248.7,474.4,-775.2,1178.9,47.57,34.49,1.45,0.46,2.065,RUN,OK,RUN,0.98
2026-01-27T00:36:22.435921Z,70.72,75.72,71.01,18.55,power,1.1335,36.6,2.02,99.8,477.3,4.78,1249.3,471.8,-772.0,1179.4,47.57,34.49,1.46,0.46,2.069,RUN,OK,RUN,0.98
2026-01-27T00:36:22.635921Z,70.62,75.62,70.87,18.75,power,1.1426,36.6,2.02,99.79,481.1,4.82,1249.9,469.2,-768.7,1179.9,47.58,34.5,1.46,0.46,2.073,RUN,OK,RUN,0.98
2026-01-27T00:36:22.835921Z,70.52,75.52,70.73,18.95,power,1.1517,36.61,2.01,99.79,485.1,4.86,1250.5,466.7,-765.4,1180.4,47.58,34.5,1.46,0.46,2.077,RUN,OK,RUN,0.98
2026-01-27T00:36:23.035921Z,70.42,75.42,70.59,19.15,power,1.1607,36.61,2.01,99.78,489.1,4.9,1251.0,464.2,-761.9,1180.8,47.58,34.5,1.46,0.46,2.081,RUN,OK,RUN,0.98
2026-01-27T00:36:23.235921Z,70.32,75.32,70.45,19.35,power,1.1696,36.61,2.0,99.77,493.2,4.94,1251.6,461.8,-758.4,1181.3,47.59,34.5,1.46,0.46,2.085,RUN,OK,RUN,0.98
2026-01-27T00:36:23.435921Z,70.22,75.22,70.31,19.55,power,1.1784,36.61,2.0,99.77,497.4,4.99,1252.2,459.4,-754.8,1181.8,47.59,34.51,1.46,0.46,2.089,RUN,OK,RUN,0.98
2026-01-27T00:36:23.635921Z,70.12,75.12,70.17,19.75,power,1.1872,36.62,2.0,99.76,501.7,5.03,1252.8,457.1,-751.1,1182.3,47.59,34.51,1.46,0.46,2.093,RUN,OK,RUN,0.98
2026-01-27T00:36:23.835921Z,70.02,75.02,70.03,19.95,power,1.1959,36.62,2.0,99.76,506.1,5.07,1253.4,454.8,-747.3,1182.7,47.6,34.51,1.46,0.46,2.097,RUN,OK,RUN,0.98
2026-01-27T00:36:24.035921Z,69.92,74.92,69.89,20.15,power,1.2045,36.62,2.0,99.75,510.6,5.12,1254.0,452.5,-743.4,1183.2,47.6,34.51,1.46,0.46,2.101,RUN,OK,RUN,0.98
2026-01-27T00:36:24.235921Z,69.82,74.82,69.75,20.35,power,1.213,36.62,2.0,99.74,515.1,5.16,1254.6,450.3,-739.5,1183.7,47.6,34.52,1.46,0.46,2.104,RUN,OK,RUN,0.98
2026-01-27T00:36:24.435921Z,69.72,74.72,69.61,20.55,power,1.2214,36.62,2.0,99.74,519.8,5.21,1255.2,448.1,-735.4,1184.1,47.61,34.52,1.46,0.46,2.108,RUN,OK,RUN,0.98
2026-01-27T00:36:24.635921Z,69.62,74.62,69.47,20.75,power,1.2298,36.63,2.01,99.73,524.5,5.26,1255.8,446.0,-731.3,1184.6,47.61,34.52,1.47,0.46,2.112,RUN,OK,RUN,0.98
2026-01-27T00:36:24.835921Z,69.52,74.52,69.33,20.95,power,1.238,36.63,2.01,99.72,529.3,5.31,1256.3,443.9,-727.0,1185.1,47.61,34.52,1.47,0.46,2.116,RUN,OK,RUN,0.98
2026-01-27T00:36:25.035921Z,69.42,74.42,69.19,21.15,power,1.2462,36.63,2.01,99.72,534.2,5.36,1256.9,441.9,-722.7,1185.5,47.62,34.53,1.47,0.46,2.12,RUN,OK,RUN,0.98
2026-01-27T00:36:25.235921Z,69.32,74.32,69.05,21.35,power,1.2543,36.63,2.02,99.71,539.2,5.41,1257.5,439.9,-718.4,1186.0,47.62,34.53,1.47,0.47,2.124,RUN,OK,RUN,0.98
2026-01-27T00:36:25.435921Z,69.22,74.22,68.92,21.55,power,1.2622,36.64,2.02,99.71,544.2,5.46,1258.1,438.0,-713.9,1186.5,47.62,34.53,1.47,0.47,2.128,RUN,OK,RUN,0.98
2026-01-27T00:36:25.635921Z,69.12,74.12,68.78,21.75,power,1.2701,36.64,2.03,99.7,549.3,5.51,1258.7,436.1,-709.3,1186.9,47.63,34.53,1.47,0.47,2.131,RUN,OK,RUN,0.98
2026-01-27T00:36:25.835921Z,69.02,74.02,68.64,21.95,power,1.2779,36.64,2.04,99.69,554.5,5.56,1259.3,434.3,-704.7,1187.4,47.63,34.53,1.47,0.47,2.135,RUN,OK,RUN,0.98
2026-01-27T00:36:26.035921Z,68.92,73.92,68.5,22.14,power,1.2856,36.64,2.05,99.68,559.8,5.62,1259.8,432.5,-700.0,1187.9,47.63,34.54,1.47,0.47,2.139,RUN,OK,RUN,0.98
2026-01-27T00:36:26.235921Z,68.83,73.82,68.36,22.34,power,1.2932,36.65,2.06,99.68,565.2,5.67,1260.4,430.7,-695.2,1188.3,47.64,34.54,1.47,0.47,2.143,RUN,OK,RUN,0.98
2026-01-27T00:36:26.435921Z,68.73,73.72,68.22,22.54,power,1.3007,36.65,2.07,99.67,570.7,5.73,1261.0,429.0,-690.3,1188.8,47.64,34.54,1.47,0.47,2.147,RUN,OK,RUN,0.98
2026-01-27T00:36:26.635921Z,68.63,73.62,68.08,22.74,power,1.3081,36.65,2.08,99.66,576.2,5.78,1261.6,427.4,-685.4,1189.3,47.64,34.54,1.47,0.47,2.15,RUN,OK,RUN,0.98
2026-01-27T00:36:26.835921Z,68.53,73.52,67.94,22.93,power,1.3154,36.65,2.09,99.66,581.8,5.84,1262.1,425.8,-680.4,1189.7,47.65,34.55,1.48,0.47,2.154,RUN,OK,RUN,0.98
2026-01-27T00:36:27.035921Z,68.43,73.42,67.81,23.13,power,1.3226,36.65,2.1,99.65,587.5,5.9,1262.7,424.2,-675.2,1190.2,47.65,34.55,1.48,0.47,2.158,RUN,OK,RUN,0.98
2026-01-27T00:36:27.235921Z,68.33,73.32,67.67,23.32,power,1.3297,36.66,2.11,99.64,593.2,5.95,1263.3,422.7,-670.1,1190.6,47.65,34.55,1.48,0.47,2.162,RUN,OK,RUN,0.98
2026-01-27T00:36:27.435921Z,68.23,73.22,67.53,23.52,power,1.3367,36.66,2.13,99.63,599.1,6.01,1263.9,421.2,-664.8,1191.1,47.66,34.55,1.48,0.47,2.165,RUN,OK,RUN,0.98
2026-01-27T00:36:27.635921Z,68.13,73.12,67.4,23.71,power,1.3436,36.66,2.14,99.63,605.0,6.07,1264.4,419.8,-659.5,1191.5,47.66,34.56,1.48,0.47,2.169,RUN,OK,RUN,0.98
2026-01-27T00:36:27.835921Z,68.03,73.02,67.26,23.91,power,1.3503,36.66,2.16,99.62,610.9,6.13,1265.0,418.5,-654.1,1192.0,47.66,34.56,1.48,0.47,2.173,RUN,OK,RUN,0.98
2026-01-27T00:36:28.035921Z,67.93,72.92,67.12,24.1,power,1.357,36.67,2.17,99.61,617.0,6.19,1265.6,417.1,-648.6,1192.5,47.66,34.56,1.48,0.47,2.177,RUN,OK,RUN,0.98
2026-01-27T00:36:28.235921Z,67.83,72.82,66.99,24.29,power,1.3635,36.67,2.19,99.6,623.1,6.26,1266.1,415.9,-643.0,1192.9,47.67,34.56,1.48,0.47,2.18,RUN,OK,RUN,0.98
2026-01-27T00:36:28.435921Z,67.73,72.72,66.85,24.48,power,1.3699,36.67,2.21,99.6,629.3,6.32,1266.7,414.7,-637.4,1193.4,47.67,34.56,1.48,0.47,2.184,RUN,OK,RUN,0.98
2026-01-27T00:36:28.635921Z,67.63,72.62,66.72,24.67,power,1.3762,36.67,2.22,99.59,635.6,6.38,1267.3,413.5,-631.7,1193.8,47.67,34.57,1.48,0.47,2.188,RUN,OK,RUN,0.98
2026-01-27T00:36:28.835921Z,67.54,72.52,66.58,24.86,power,1.3824,36.67,2.24,99.58,641.9,6.45,1267.8,412.4,-625.9,1194.3,47.68,34.57,1.48,0.47,2.191,RUN,OK,RUN,0.98
2026-01-27T00:36:29.035921Z,67.44,72.42,66.45,25.05,power,1.3884,36.68,2.26,99.57,648.3,6.51,1268.4,411.3,-620.1,1194.7,47.68,34.57,1.48,0.47,2.195,RUN,OK,RUN,0.98
2026-01-27T00:36:29.235921Z,67.34,72.32,66.32,25.24,power,1.3944,36.68,2.28,99.56,654.8,6.58,1269.0,410.3,-614.2,1195.2,47.68,34.57,1.48,0.47,2.199,RUN,OK,RUN,0.98
2026-01-27T00:36:29.435921Z,67.24,72.22,66.19,25.43,power,1.4002,36.68,2.31,99.55,661.3,6.64,1269.5,409.3,-608.2,1195.6,47.69,34.58,1.48,0.47,2.202,RUN,OK,RUN,0.98
2026-01-27T00:36:29.635921Z,67.14,72.12,66.05,25.61,power,1.4059,36.68,2.33,99.55,667.9,6.71,1270.1,408.3,-602.2,1196.1,47.69,34.58,1.48,0.47,2.206,RUN,OK,RUN,0.98
2026-01-27T00:36:29.835921Z,67.04,72.02,65.92,25.8,power,1.4115,36.69,2.35,99.54,674.6,6.78,1270.6,407.5,-596.1,1196.5,47.69,34.58,1.49,0.47,2.21,RUN,OK,RUN,0.98
2026-01-27T00:36:30.035921Z,66.95,71.92,65.79,25.98,power,1.4169,36.69,2.38,99.53,681.3,6.85,1271.2,406.6,-589.9,1197.0,47.69,34.58,1.49,0.48,2.213,RUN,OK,RUN,0.98
2026-01-27T00:36:30.235921Z,66.85,71.82,65.66,26.16,power,1.4222,36.69,2.4,99.52,688.1,6.91,1271.8,405.8,-583.6,1197.4,47.7,34.58,1.49,0.48,2.217,RUN,OK,RUN,0.98
2026-01-27T00:36:30.435921Z,66.75,71.72,65.53,26.35,power,1.4274,36.69,2.43,99.51,695.0,6.98,1272.3,405.1,-577.3,1197.9,47.7,34.59,1.49,0.48,2.221,RUN,OK,RUN,0.98
2026-01-27T00:36:30.635921Z,66.65,71.62,65.4,26.53,power,1.4325,36.69,2.45,99.5,701.9,7.05,1272.9,404.4,-571.0,1198.3,47.7,34.59,1.49,0.48,2.224,RUN,OK,RUN,0.98
2026-01-27T00:36:30.835921Z,66.55,71.52,65.27,26.71,power,1.4374,36.7,2.48,99.5,708.9,7.12,1273.4,403.8,-564.5,1198.7,47.71,34.59,1.49,0.48,2.228,RUN,OK,RUN,0.98
2026-01-27T00:36:31.035921Z,66.46,71.42,65.15,26.88,power,1.4422,36.7,2.51,99.49,715.9,7.2,1274.0,403.2,-558.0,1199.2,47.71,34.59,1.49,0.48,2.232,RUN,OK,RUN,0.98
2026-01-27T00:36:31.235921Z,66.36,71.32,65.02,27.06,power,1.4468,36.7,2.53,99.48,723.1,7.27,1274.5,402.7,-551.5,1199.6,47.71,34.6,1.49,0.48,2.235,RUN,OK,RUN,0.98
2026-01-27T00:36:31.435921Z,66.26,71.22,64.89,27.24,power,1.4513,36.7,2.56,99.47,730.2,7.34,1275.1,402.2,-544.9,1200.1,47.71,34.6,1.49,0.48,2.239,RUN,OK,RUN,0.98
2026-01-27T00:36:31.635921Z,66.17,71.13,64.77,27.41,power,1.4557,36.7,2.59,99.46,737.4,7.41,1275.6,401.7,-538.2,1200.5,47.72,34.6,1.49,0.48,2.242,RUN,OK,RUN,0.98
2026-01-27T00:36:31.835921Z,66.07,71.03,64.64,27.58,power,1.46,36.71,2.62,99.45,744.7,7.49,1276.2,401.3,-531.5,1201.0,47.72,34.6,1.49,0.48,2.246,RUN,OK,RUN,0.98
2026-01-27T00:36:32.035921Z,65.97,70.93,64.52,27.76,power,1.4641,36.71,2.66,99.44,752.1,7.56,1276.7,401.0,-524.7,1201.4,47.72,34.6,1.49,0.48,2.25,RUN,OK,RUN,0.98
2026-01-27T00:36:32.235921Z,65.88,70.83,64.39,27.93,power,1.4681,36.71,2.69,99.43,759.5,7.64,1277.3,400.7,-517.8,1201.8,47.73,34.61,1.49,0.48,2.253,RUN,OK,RUN,0.98
2026-01-27T00:36:32.435921Z,65.78,70.73,64.27,28.1,power,1.4719,36.71,2.72,99.42,766.9,7.71,1277.8,400.5,-510.9,1202.3,47.73,34.61,1.49,0.48,2.257,RUN,OK,RUN,0.98
2026-01-27T00:36:32.635921Z,65.69,70.63,64.15,28.26,power,1.4756,36.71,2.75,99.41,774.4,7.79,1278.4,400.3,-504.0,1202.7,47.73,34.61,1.49,0.48,2.26,RUN,OK,RUN,0.98
2026-01-27T00:36:32.835921Z,65.59,70.53,64.03,28.43,power,1.4791,36.72,2.79,99.4,782.0,7.87,1278.9,400.1,-497.0,1203.1,47.73,34.61,1.49,0.48,2.264,RUN,OK,RUN,0.98
2026-01-27T00:36:33.035921Z,65.49,70.44,63.91,28.59,power,1.4825,36.72,2.82,99.39,789.6,7.94,1279.5,400.0,-489.9,1203.6,47.74,34.62,1.49,0.48,2.267,RUN,OK,RUN,0.98
2026-01-27T00:36:33.235921Z,65.4,70.34,63.79,28.76,power,1.4858,36.72,2.86,99.39,797.2,8.02,1280.0,400.0,-482.8,1204.0,47.74,34.62,1.49,0.48,2.271,RUN,OK,RUN,0.98
2026-01-27T00:36:33.435921Z,65.3,70.24,63.67,28.92,power,1.4889,36.72,2.9,99.38,804.9,8.1,1280.5,400.0,-475.6,1204.4,47.74,34.62,1.49,0.48,2.275,RUN,OK,RUN,0.98
2026-01-27T00:36:33.635921Z,65.21,70.14,63.55,29.08,power,1.4919,36.72,2.93,99.37,812.7,8.18,1281.1,400.1,-468.4,1204.9,47.75,34.62,1.49,0.48,2.278,RUN,OK,RUN,0.98
2026-01-27T00:36:33.835921Z,65.11,70.05,63.44,29.24,power,1.4947,36.73,2.97,99.36,820.5,8.26,1281.6,400.2,-461.2,1205.3,47.75,34.62,1.49,0.48,2.282,RUN,OK,RUN,0.98
2026-01-27T00:36:34.035921Z,65.02,69.95,63.32,29.39,power,1.4973,36.73,3.01,99.35,828.3,8.34,1282.2,400.3,-453.8,1205.7,47.75,34.63,1.5,0.48,2.285,RUN,OK,RUN,0.98
2026-01-27T00:36:34.235921Z,64.93,69.85,63.21,29.55,power,1.4999,36.73,3.05,99.34,836.2,8.42,1282.7,400.5,-446.5,1206.2,47.75,34.63,1.5,0.48,2.289,RUN,OK,RUN,0.98
2026-01-27T00:36:34.435921Z,64.83,69.75,63.09,29.7,power,1.5022,36.73,3.09,99.33,844.2,8.5,1283.2,400.8,-439.1,1206.6,47.76,34.63,1.5,0.48,2.292,RUN,OK,RUN,0.98
2026-01-27T00:36:34.635921Z,64.74,69.66,62.98,29.85,power,1.5044,36.73,3.13,99.32,852.1,8.58,1283.8,401.1,-431.6,1207.0,47.76,34.63,1.5,0.48,2.296,RUN,OK,RUN,0.98
2026-01-27T00:36:34.835921Z,64.64,69.56,62.87,30.0,power,1.5065,36.74,3.17,99.31,860.2,8.66,1284.3,401.4,-424.1,1207.4,47.76,34.63,1.5,0.48,2.299,RUN,OK,RUN,0.98
2026-01-27T00:36:35.035921Z,64.55,69.47,62.76,30.15,power,1.5084,36.74,3.21,99.3,868.2,8.74,1284.8,401.8,-416.6,1207.9,47.76,34.64,1.5,0.48,2.303,RUN,OK,RUN,0.98
2026-01-27T00:36:35.235921Z,64.46,69.37,62.65,30.3,power,1.5102,36.74,3.25,99.29,876.3,8.83,1285.4,402.3,-409.0,1208.3,47.77,34.64,1.5,0.48,2.306,RUN,OK,RUN,0.98
2026-01-27T00:36:35.435921Z,64.37,69.27,62.54,30.44,power,1.5118,36.74,3.3,99.28,884.5,8.91,1285.9,402.8,-401.4,1208.7,47.77,34.64,1.5,0.48,2.31,RUN,OK,RUN,0.98
2026-01-27T00:36:35.635921Z,64.27,69.18,62.43,30.59,power,1.5132,36.74,3.34,99.26,892.7,8.99,1286.4,403.4,-393.8,1209.1,47.77,34.64,1.5,0.48,2.313,RUN,OK,RUN,0.98
2026-01-27T00:36:35.835921Z,64.18,69.08,62.32,30.73,power,1.5145,36.75,3.39,99.25,900.9,9.08,1287.0,404.0,-386.1,1209.6,47.77,34.64,1.5,0.49,2.316,RUN,OK,RUN,0.98
2026-01-27T00:36:36.035921Z,64.09,68.99,62.21,30.87,power,1.5156,36.75,3.43,99.24,909.2,9.16,1287.5,404.6,-378.3,1210.0,47.78,34.65,1.5,0.49,2.32,RUN,OK,RUN,0.98
2026-01-27T00:36:36.235921Z,64.0,68.89,62.11,31.0,power,1.5166,36.75,3.48,99.23,917.5,9.25,1288.0,405.3,-370.6,1210.4,47.78,34.65,1.5,0.49,2.323,RUN,OK,RUN,0.98
2026-01-27T00:36:36.435921Z,63.91,68.8,62.0,31.14,power,1.5174,36.75,3.52,99.22,925.8,9.33,1288.5,406.1,-362.7,1210.8,47.78,34.65,1.5,0.49,2.327,RUN,OK,RUN,0.98
2026-01-27T00:36:36.635921Z,63.81,68.7,61.9,31.27,power,1.518,36.75,3.57,99.21,934.2,9.42,1289.1,406.8,-354.9,1211.2,47.78,34.65,1.5,0.49,2.33,RUN,OK,RUN,0.98
2026-01-27T00:36:36.835921Z,63.72,68.61,61.8,31.4,power,1.5185,36.76,3.62,99.2,942.6,9.5,1289.6,407.7,-347.0,1211.7,47.79,34.65,1.5,0.49,2.334,RUN,OK,RUN,0.98
2026-01-27T00:36:37.035921Z,63.63,68.51,61.7,31.53,power,1.5189,36.76,3.67,99.19,951.0,9.59,1290.1,408.6,-339.1,1212.1,47.79,34.66,1.5,0.49,2.337,RUN,OK,RUN,0.98
2026-01-27T00:36:37.235921Z,63.54,68.42,61.6,31.66,power,1.519,36.76,3.72,99.18,959.5,9.67,1290.6,409.5,-331.2,1212.5,47.79,34.66,1.5,0.49,2.341,RUN,OK,RUN,0.98
2026-01-27T00:36:37.435921Z,63.45,68.33,61.5,31.78,power,1.519,36.76,3.77,99.17,967.9,9.76,1291.1,410.5,-323.2,1212.9,47.79,34.66,1.5,0.49,2.344,RUN,OK,RUN,0.98
2026-01-27T00:36:37.635921Z,63.36,68.23,61.4,31.91,power,1.5189,36.76,3.82,99.16,976.5,9.85,1291.7,411.6,-315.2,1213.3,47.8,34.66,1.5,0.49,2.347,RUN,OK,RUN,0.98
2026-01-27T00:36:37.835921Z,63.27,68.14,61.3,32.03,power,1.5186,36.77,3.87,99.15,985.0,9.94,1292.2,412.7,-307.2,1213.7,47.8,34.67,1.5,0.49,2.351,RUN,OK,RUN,0.98
2026-01-27T00:36:38.035921Z,63.18,68.04,61.21,32.14,power,1.5181,36.77,3.92,99.13,993.6,10.02,1292.7,413.8,-299.1,1214.2,47.8,34.67,1.5,0.49,2.354,RUN,OK,RUN,0.98
2026-01-27T00:36:38.235921Z,63.09,67.95,61.11,32.26,power,1.5175,36.77,3.97,99.12,1002.2,10.11,1293.2,415.0,-291.0,1214.6,47.8,34.67,1.5,0.49,2.358,RUN,OK,RUN,0.98
2026-01-27T00:36:38.435921Z,63.01,67.86,61.02,32.37,power,1.5166,36.77,4.03,99.11,1010.8,10.2,1293.7,416.2,-282.9,1215.0,47.81,34.67,1.5,0.49,2.361,RUN,OK,RUN,0.98
2026-01-27T00:36:38.635921Z,62.92,67.77,60.93,32.49,power,1.5157,36.77,4.08,99.1,1019.5,10.29,1294.2,417.5,-274.8,1215.4,47.81,34.67,1.5,0.49,2.364,RUN,OK,RUN,0.98
2026-01-27T00:36:38.835921Z,62.83,67.68,60.84,32.6,power,1.5145,36.78,4.13,99.09,1028.1,10.38,1294.8,418.8,-266.6,1215.8,47.81,34.68,1.5,0.49,2.368,RUN,OK,RUN,0.98
2026-01-27T00:36:39.035921Z,62.74,67.58,60.75,32.7,power,1.5132,36.78,4.19,99.08,1036.8,10.46,1295.3,420.2,-258.4,1216.2,47.81,34.68,1.5,0.49,2.371,RUN,OK,RUN,0.98
2026-01-27T00:36:39.235921Z,62.65,67.49,60.66,32.81,power,1.5117,36.78,4.24,99.07,1045.5,10.55,1295.8,421.6,-250.2,1216.6,47.82,34.68,1.5,0.49,2.374,RUN,OK,RUN,0.98
2026-01-27T00:36:39.435921Z,62.57,67.4,60.57,32.91,power,1.5101,36.78,4.3,99.05,1054.3,10.64,1296.3,423.1,-242.0,1217.0,47.82,34.68,1.5,0.49,2.378,RUN,OK,RUN,0.98
2026-01-27T00:36:39.635921Z,62.48,67.31,60.48,33.01,power,1.5083,36.78,4.36,99.04,1063.0,10.73,1296.8,424.6,-233.8,1217.4,47.82,34.68,1.5,0.49,2.381,RUN,OK,RUN,0.98
2026-01-27T00:36:39.835921Z,62.39,67.22,60.4,33.11,power,1.5063,36.78,4.41,99.03,1071.8,10.82,1297.3,426.2,-225.5,1217.8,47.82,34.68,1.5,0.49,2.385,RUN,OK,RUN,0.98
2026-01-27T00:36:40.035921Z,62.31,67.13,60.31,33.21,power,1.5042,36.79,4.47,99.02,1080.6,10.91,1297.8,427.8,-217.2,1218.2,47.82,34.69,1.5,0.49,2.388,RUN,OK,RUN,0.98
2026-01-27T00:36:40.235921Z,62.22,67.04,60.23,33.3,power,1.5019,36.79,4.53,99.01,1089.4,11.0,1298.3,429.5,-208.9,1218.6,47.83,34.69,1.5,0.49,2.391,RUN,OK,RUN,0.98
2026-01-27T00:36:40.435921Z,62.14,66.95,60.14,33.39,power,1.4994,36.79,4.59,98.99,1098.2,11.09,1298.8,431.2,-200.6,1219.0,47.83,34.69,1.5,0.49,2.395,RUN,OK,RUN,0.98
2026-01-27T00:36:40.635921Z,62.05,66.86,60.06,33.48,power,1.4967,36.79,4.65,98.98,1107.0,11.18,1299.3,433.0,-192.3,1219.4,47.83,34.69,1.5,0.49,2.398,RUN,OK,RUN,0.98
2026-01-27T00:36:40.835921Z,61.97,66.77,59.98,33.57,power,1.4939,36.79,4.71,98.97,1115.8,11.27,1299.8,434.8,-184.0,1219.8,47.83,34.69,1.5,0.49,2.401,RUN,OK,RUN,0.98
2026-01-27T00:36:41.035921Z,61.88,66.68,59.9,33.65,power,1.4909,36.79,4.77,98.96,1124.7,11.37,1300.3,436.6,-175.6,1220.2,47.84,34.7,1.5,0.49,2.405,RUN,OK,RUN,0.98
2026-01-27T00:36:41.235921Z,61.8,66.59,59.83,33.73,power,1.4878,36.8,4.83,98.95,1133.5,11.46,1300.8,438.5,-167.3,1220.6,47.84,34.7,1.5,0.49,2.408,RUN,OK,RUN,0.98
2026-01-27T00:36:41.435921Z,61.72,66.5,59.75,33.81,power,1.4844,36.8,4.89,98.93,1142.4,11.55,1301.3,440.5,-158.9,1221.0,47.84,34.7,1.5,0.49,2.411,RUN,OK,RUN,0.98
2026-01-27T00:36:41.635921Z,61.63,66.42,59.67,33.89,power,1.4809,36.8,4.95,98.92,1151.3,11.64,1301.8,442.5,-150.5,1221.4,47.84,34.7,1.5,0.49,2.415,RUN,OK,RUN,0.98
2026-01-27T00:36:41.835921Z,61.55,66.33,59.6,33.96,power,1.4773,36.8,5.01,98.91,1160.1,11.73,1302.3,444.5,-142.2,1221.8,47.84,34.7,1.5,0.49,2.418,RUN,OK,RUN,0.98
2026-01-27T00:36:42.035921Z,61.47,66.24,59.53,34.04,power,1.4734,36.8,5.07,98.9,1169.0,11.82,1302.8,446.6,-133.8,1222.2,47.85,34.71,1.5,0.49,2.421,RUN,OK,RUN,0.98
2026-01-27T00:36:42.235921Z,61.39,66.15,59.46,34.1,power,1.4694,36.81,5.14,98.88,1177.9,11.91,1303.3,448.7,-125.4,1222.6,47.85,34.71,1.5,0.49,2.424,RUN,OK,RUN,0.98
2026-01-27T00:36:42.435921Z,61.3,66.07,59.38,34.17,power,1.4652,36.81,5.2,98.87,1186.8,12.0,1303.8,450.9,-117.0,1223.0,47.85,34.71,1.5,0.49,2.428,RUN,OK,RUN,0.98
2026-01-27T00:36:42.635921Z,61.22,65.98,59.31,34.24,power,1.4609,36.81,5.27,98.86,1195.7,12.09,1304.3,453.1,-108.6,1223.4,47.85,34.71,1.5,0.49,2.431,RUN,OK,RUN,0.98
2026-01-27T00:36:42.835921Z,61.14,65.89,59.25,34.3,power,1.4564,36.81,5.33,98.85,1204.6,12.19,1304.8,455.4,-100.2,1223.8,47.85,34.71,1.5,0.49,2.434,RUN,OK,RUN,0.98
2026-01-27T00:36:43.035921Z,61.06,65.81,59.18,34.36,power,1.4517,36.81,5.4,98.83,1213.5,12.28,1305.2,457.7,-91.8,1224.2,47.86,34.72,1.5,0.49,2.438,RUN,OK,RUN,0.98
2026-01-27T00:36:43.235921Z,60.98,65.72,59.11,34.41,power,1.4468,36.81,5.46,98.82,1222.3,12.37,1305.7,460.1,-83.4,1224.6,47.86,34.72,1.5,0.49,2.441,RUN,OK,RUN,0.98
2026-01-27T00:36:43.435921Z,60.9,65.64,59.05,34.47,power,1.4418,36.82,5.53,98.81,1231.2,12.46,1306.2,462.5,-75.0,1225.0,47.86,34.72,1.5,0.49,2.444,RUN,OK,RUN,0.98
2026-01-27T00:36:43.635921Z,60.82,65.55,58.98,34.52,power,1.4366,36.82,5.59,98.79,1240.1,12.55,1306.7,464.9,-66.6,1225.4,47.86,34.72,1.5,0.49,2.447,RUN,OK,RUN,0.98
2026-01-27T00:36:43.835921Z,60.74,65.47,58.92,34.57,power,1.4312,36.82,5.66,98.78,1249.0,12.64,1307.2,467.4,-58.2,1225.8,47.86,34.72,1.5,0.49,2.451,RUN,OK,RUN,0.98
2026-01-27T00:36:44.035921Z,60.66,65.39,58.86,34.61,power,1.4257,36.82,5.73,98.77,1257.8,12.74,1307.7,469.9,-49.8,1226.1,47.87,34.72,1.5,0.5,2.454,RUN,OK,RUN,0.98
2026-01-27T00:36:44.235921Z,60.59,65.3,58.8,34.66,power,1.42,36.82,5.8,98.76,1266.7,12.83,1308.2,472.5,-41.4,1226.5,47.87,34.73,1.5,0.5,2.457,RUN,OK,RUN,0.98
2026-01-27T00:36:44.435921Z,60.51,65.22,58.74,34.7,power,1.4141,36.82,5.87,98.74,1275.6,12.92,1308.6,475.1,-33.1,1226.9,47.87,34.73,1.5,0.5,2.461,RUN,OK,RUN,0.98
2026-01-27T00:36:44.635921Z,60.43,65.14,58.68,34.74,power,1.408,36.83,5.93,98.73,1284.4,13.01,1309.1,477.8,-24.7,1227.3,47.87,34.73,1.5,0.5,2.464,RUN,OK,RUN,0.98
2026-01-27T00:36:44.835921Z,60.36,65.05,58.62,34.77,power,1.4018,36.83,6.0,98.72,1293.2,13.1,1309.6,480.5,-16.4,1227.7,47.87,34.73,1.5,0.5,2.467,RUN,OK,RUN,0.98
2026-01-27T00:36:45.035921Z,60.28,64.97,58.57,34.81,power,1.3954,36.83,6.07,98.7,1302.1,13.19,1310.1,483.2,-8.0,1228.1,47.88,34.73,1.5,0.5,2.47,RUN,OK,RUN,0.98
2026-01-27T00:36:45.235921Z,60.2,64.89,58.51,34.84,power,1.3889,36.83,6.14,98.69,1310.9,13.28,1310.5,486.0,0.3,1228.4,47.88,34.74,1.5,0.5,2.474,RUN,OK,RUN,0.98
2026-01-27T00:36:45.435921Z,60.13,64.81,58.46,34.87,power,1.3821,36.83,6.21,98.67,1319.7,13.37,1311.0,488.9,8.6,1228.8,47.88,34.74,1.49,0.5,2.477,RUN,OK,RUN,0.98
2026-01-27T00:36:45.635921Z,60.05,64.73,58.41,34.89,power,1.3752,36.83,6.28,98.66,1328.4,13.46,1311.5,491.8,17.0,1229.2,47.88,34.74,1.49,0.5,2.48,RUN,OK,RUN,0.98
2026-01-27T00:36:45.835921Z,59.98,64.65,58.35,34.91,power,1.3682,36.84,6.35,98.65,1337.2,13.56,1312.0,494.7,25.2,1229.6,47.88,34.74,1.49,0.5,2.483,RUN,OK,RUN,0.98
2026-01-27T00:36:46.035921Z,59.9,64.57,58.3,34.93,power,1.3609,36.84,6.43,98.63,1346.0,13.65,1312.4,497.6,33.5,1230.0,47.89,34.74,1.49,0.5,2.487,RUN,OK,RUN,0.98
2026-01-27T00:36:46.235921Z,59.83,64.49,58.26,34.95,power,1.3535,36.84,6.5,98.62,1354.7,13.74,1312.9,500.6,41.8,1230.3,47.89,34.74,1.49,0.5,2.49,RUN,OK,RUN,0.98
2026-01-27T00:36:46.435921Z,59.76,64.41,58.21,34.97,power,1.346,36.84,6.57,98.61,1363.4,13.83,1313.4,503.7,50.0,1230.7,47.89,34.75,1.49,0.5,2.493,RUN,OK,RUN,0.98
2026-01-27T00:36:46.635921Z,59.68,64.33,58.16,34.98,power,1.3382,36.84,6.64,98.59,1372.1,13.92,1313.9,506.8,58.2,1231.1,47.89,34.75,1.49,0.5,2.496,RUN,OK,RUN,0.98
2026-01-27T00:36:46.835921Z,59.61,64.25,58.11,34.99,power,1.3303,36.84,6.71,98.58,1380.8,14.01,1314.3,509.9,66.4,1231.5,47.89,34.75,1.49,0.5,2.499,RUN,OK,RUN,0.98
2026-01-27T00:36:47.035921Z,59.54,64.17,58.07,34.99,power,1.3223,36.84,6.79,98.56,1389.4,14.1,1314.8,513.1,74.6,1231.8,47.89,34.75,1.49,0.5,2.503,RUN,OK,RUN,0.98
2026-01-27T00:36:47.235921Z,59.47,64.09,58.02,35.0,power,1.314,36.85,6.86,98.55,1398.0,14.19,1315.2,516.3,82.8,1232.2,47.9,34.75,1.49,0.5,2.506,RUN,OK,RUN,0.98
2026-01-27T00:36:47.435921Z,59.4,64.02,57.98,35.0,power,1.3056,36.85,6.93,98.54,1406.6,14.28,1315.7,519.5,90.9,1232.6,47.9,34.76,1.49,0.5,2.509,RUN,OK,RUN,0.98
2026-01-27T00:36:47.635921Z,59.33,63.94,57.94,35.0,power,1.2971,36.85,7.01,98.52,1415.2,14.36,1316.2,522.8,99.0,1232.9,47.9,34.76,1.49,0.5,2.512,RUN,OK,RUN,0.98
2026-01-27T00:36:47.835921Z,59.26,63.86,57.9,34.99,power,1.2884,36.85,7.08,98.51,1423.8,14.45,1316.6,526.1,107.1,1233.3,47.9,34.76,1.49,0.5,2.516,RUN,OK,RUN,0.98
2026-01-27T00:36:48.035921Z,59.19,63.79,57.86,34.99,power,1.2795,36.85,7.16,98.49,1432.3,14.54,1317.1,529.5,115.2,1233.7,47.9,34.76,1.49,0.5,2.519,RUN,OK,RUN,0.98
2026-01-27T00:36:48.235921Z,59.12,63.71,57.82,34.98,power,1.2704,36.85,7.23,98.48,1440.8,14.63,1317.6,532.9,123.2,1234.0,47.9,34.76,1.49,0.5,2.522,RUN,OK,RUN,0.98
2026-01-27T00:36:48.435921Z,59.05,63.64,57.78,34.97,power,1.2612,36.86,7.31,98.46,1449.2,14.72,1318.0,536.3,131.2,1234.4,47.91,34.76,1.49,0.5,2.525,RUN,OK,RUN,0.98
2026-01-27T00:36:48.635921Z,58.98,63.56,57.74,34.95,power,1.2518,36.86,7.38,98.45,1457.7,14.81,1318.5,539.8,139.2,1234.8,47.91,34.77,1.49,0.5,2.528,RUN,OK,RUN,0.98
2026-01-27T00:36:48.835921Z,58.91,63.49,57.71,34.94,power,1.2423,36.86,7.46,98.44,1466.1,14.89,1318.9,543.3,147.1,1235.1,47.91,34.77,1.49,0.5,2.532,RUN,OK,RUN,0.98
2026-01-27T00:36:49.035921Z,58.85,63.41,57.67,34.92,power,1.2326,36.86,7.54,98.42,1474.4,14.98,1319.4,546.9,155.1,1235.5,47.91,34.77,1.49,0.5,2.535,RUN,OK,RUN,0.98
2026-01-27T00:36:49.235921Z,58.78,63.34,57.64,34.89,power,1.2227,36.86,7.61,98.41,1482.8,15.07,1319.8,550.5,162.9,1235.9,47.91,34.77,1.49,0.5,2.538,RUN,OK,RUN,0.98
2026-01-27T00:36:49.435921Z,58.71,63.27,57.61,34.87,power,1.2127,36.86,7.69,98.39,1491.1,15.15,1320.3,554.1,170.8,1236.2,47.91,34.77,1.49,0.5,2.541,RUN,OK,RUN,0.98
2026-01-27T00:36:49.635921Z,58.65,63.19,57.57,34.84,power,1.2025,36.86,7.76,98.38,1499.3,15.24,1320.7,557.8,178.6,1236.6,47.92,34.77,1.48,0.5,2.544,RUN,OK,RUN,0.98
2026-01-27T00:36:49.835921Z,58.58,63.12,57.54,34.81,power,1.1922,36.87,7.84,98.36,1507.5,15.33,1321.2,561.5,186.4,1236.9,47.92,34.78,1.48,0.5,2.548,RUN,OK,RUN,0.98
2026-01-27T00:36:50.035921Z,58.52,63.05,57.51,34.78,power,1.1817,36.87,7.92,98.35,1515.7,15.41,1321.6,565.2,194.1,1237.3,47.92,34.78,1.48,0.5,2.551,RUN,OK,RUN,0.98
2026-01-27T00:36:50.235921Z,58.45,62.98,57.48,34.74,power,1.1711,36.87,8.0,98.33,1523.9,15.5,1322.1,569.0,201.8,1237.7,47.92,34.78,1.48,0.5,2.554,RUN,OK,RUN,0.98
2026-01-27T00:36:50.435921Z,58.39,62.91,57.46,34.7,power,1.1603,36.87,8.07,98.32,1532.0,15.58,1322.5,572.8,209.5,1238.0,47.92,34.78,1.48,0.5,2.557,RUN,OK,RUN,0.98
2026-01-27T00:36:50.635921Z,58.33,62.84,57.43,34.66,power,1.1493,36.87,8.15,98.3,1540.1,15.67,1323.0,576.7,217.1,1238.4,47.92,34.78,1.48,0.5,2.56,RUN,OK,RUN,0.98
2026-01-27T00:36:50.835921Z,58.26,62.77,57.4,34.62,power,1.1382,36.87,8.23,98.29,1548.1,15.75,1323.4,580.6,224.7,1238.7,47.92,34.78,1.48,0.5,2.564,RUN,OK,RUN,0.98
2026-01-27T00:36:51.035921Z,58.2,62.7,57.38,34.57,power,1.1269,36.87,8.31,98.27,1556.1,15.83,1323.9,584.5,232.2,1239.1,47.93,34.79,1.48,0.5,2.567,RUN,OK,RUN,0.98
2026-01-27T00:36:51.235921Z,58.14,62.63,57.35,34.52,power,1.1155,36.88,8.39,98.26,1564.0,15.92,1324.3,588.4,239.7,1239.4,47.93,34.79,1.48,0.5,2.57,RUN,OK,RUN,0.98
2026-01-27T00:36:51.435921Z,58.08,62.56,57.33,34.47,power,1.1039,36.88,8.46,98.24,1571.9,16.0,1324.7,592.4,247.2,1239.8,47.93,34.79,1.48,0.5,2.573,RUN,OK,RUN,0.98
2026-01-27T00:36:51.635921Z,58.02,62.49,57.3,34.42,power,1.0922,36.88,8.54,98.23,1579.7,16.08,1325.2,596.4,254.6,1240.1,47.93,34.79,1.48,0.5,2.576,RUN,OK,RUN,0.98
2026-01-27T00:36:51.835921Z,57.96,62.43,57.28,34.36,power,1.0804,36.88,8.62,98.21,1587.5,16.16,1325.6,600.5,261.9,1240.5,47.93,34.79,1.48,0.5,2.58,RUN,OK,RUN,0.98
2026-01-27T00:36:52.035921Z,57.9,62.36,57.26,34.3,power,1.0684,36.88,8.7,98.2,1595.3,16.25,1326.1,604.6,269.2,1240.8,47.93,34.79,1.48,0.5,2.583,RUN,OK,RUN,0.98
2026-01-27T00:36:52.235921Z,57.84,62.29,57.24,34.24,power,1.0562,36.88,8.78,98.18,1603.0,16.33,1326.5,608.7,276.5,1241.2,47.93,34.8,1.48,0.5,2.586,RUN,OK,RUN,0.98
2026-01-27T00:36:52.435921Z,57.78,62.23,57.22,34.18,power,1.0439,36.88,8.86,98.17,1610.6,16.41,1326.9,612.8,283.7,1241.5,47.94,34.8,1.47,0.5,2.589,RUN,OK,RUN,0.98
2026-01-27T00:36:52.635921Z,57.73,62.16,57.2,34.11,power,1.0314,36.88,8.94,98.15,1618.3,16.49,1327.4,617.0,290.9,1241.9,47.94,34.8,1.47,0.5,2.592,RUN,OK,RUN,0.98
2026-01-27T00:36:52.835921Z,57.67,62.1,57.18,34.04,power,1.0188,36.89,9.02,98.13,1625.8,16.57,1327.8,621.2,298.0,1242.2,47.94,34.8,1.47,0.5,2.595,RUN,OK,RUN,0.98
2026-01-27T00:36:53.035921Z,57.61,62.03,57.16,33.97,power,1.0061,36.89,9.1,98.12,1633.3,16.65,1328.2,625.5,305.1,1242.6,47.94,34.8,1.47,0.5,2.599,RUN,OK,RUN,0.98
2026-01-27T00:36:53.235921Z,57.56,61.97,57.15,33.9,power,0.9932,36.89,9.18,98.1,1640.7,16.72,1328.6,629.8,312.1,1242.9,47.94,34.8,1.47,0.5,2.602,RUN,OK,RUN,0.98
2026-01-27T00:36:53.435921Z,57.5,61.91,57.13,33.82,power,0.9802,36.89,9.26,98.09,1648.1,16.8,1329.1,634.1,319.1,1243.3,47.94,34.8,1.47,0.5,2.605,RUN,OK,RUN,0.98
2026-01-27T00:36:53.635921Z,57.45,61.84,57.11,33.74,power,0.967,36.89,9.34,98.07,1655.5,16.88,1329.5,638.4,326.0,1243.6,47.94,34.81,1.47,0.5,2.608,RUN,OK,RUN,0.98
2026-01-27T00:36:53.835921Z,57.39,61.78,57.1,33.66,power,0.9537,36.89,9.42,98.06,1662.8,16.96,1329.9,642.8,332.8,1243.9,47.95,34.81,1.47,0.5,2.611,RUN,OK,RUN,0.98
2026-01-27T00:36:54.035921Z,57.34,61.72,57.08,33.58,power,0.9403,36.89,9.49,98.04,1670.0,17.03,1330.4,647.2,339.6,1244.3,47.95,34.81,1.47,0.5,2.614,RUN,OK,RUN,0.98
2026-01-27T00:36:54.235921Z,57.28,61.66,57.07,33.49,power,0.9267,36.9,9.57,98.02,1677.1,17.11,1330.8,651.6,346.4,1244.6,47.95,34.81,1.47,0.5,2.618,RUN,OK,RUN,0.98
2026-01-27T00:36:54.435921Z,57.23,61.6,57.06,33.4,power,0.913,36.9,9.65,98.01,1684.2,17.18,1331.2,656.1,353.0,1245.0,47.95,34.81,1.47,0.5,2.621,RUN,OK,RUN,0.98
2026-01-27T00:36:54.635921Z,57.18,61.54,57.05,33.31,power,0.8991,36.9,9.73,97.99,1691.3,17.26,1331.6,660.5,359.7,1245.3,47.95,34.81,1.47,0.5,2.624,RUN,OK,RUN,0.98
2026-01-27T00:36:54.835921Z,57.13,61.48,57.03,33.22,power,0.8851,36.9,9.81,97.98,1698.3,17.33,1332.0,665.0,366.2,1245.6,47.95,34.82,1.46,0.5,2.627,RUN,OK,RUN,0.98
2026-01-27T00:36:55.035921Z,57.08,61.42,57.02,33.12,power,0.871,36.9,9.89,97.96,1705.2,17.41,1332.5,669.6,372.7,1246.0,47.95,34.82,1.46,0.5,2.63,RUN,OK,RUN,0.98
2026-01-27T00:36:55.235921Z,57.03,61.36,57.01,33.02,power,0.8568,36.9,9.97,97.94,1712.1,17.48,1332.9,674.2,379.2,1246.3,47.95,34.82,1.46,0.5,2.633,RUN,OK,RUN,0.98
2026-01-27T00:36:55.435921Z,56.98,61.3,57.0,32.92,eco,0.8424,36.9,10.05,97.93,1718.9,17.55,1333.3,678.7,385.6,1246.6,47.96,34.82,1.46,0.5,2.637,RUN,OK,RUN,0.98
2026-01-27T00:36:55.635921Z,56.93,61.24,56.99,32.82,eco,0.8279,36.9,10.13,97.91,1725.6,17.62,1333.7,683.4,391.9,1247.0,47.96,34.82,1.46,0.5,2.64,RUN,OK,RUN,0.98
2026-01-27T00:36:55.835921Z,56.88,61.19,56.98,32.71,eco,0.8132,36.91,10.21,97.9,1732.3,17.69,1334.1,688.0,398.1,1247.3,47.96,34.82,1.46,0.5,2.643,RUN,OK,RUN,0.98
2026-01-27T00:36:56.035921Z,56.83,61.13,56.98,32.61,eco,0.7985,36.91,10.29,97.88,1738.9,17.77,1334.5,692.7,404.3,1247.6,47.96,34.82,1.46,0.5,2.646,RUN,OK,RUN,0.98
2026-01-27T00:36:56.235921Z,56.78,61.07,56.97,32.5,eco,0.7836,36.91,10.37,97.86,1745.4,17.84,1335.0,697.4,410.4,1248.0,47.96,34.83,1.46,0.5,2.649,RUN,OK,RUN,0.98
2026-01-27T00:36:56.435921Z,56.73,61.02,56.96,32.39,eco,0.7686,36.91,10.45,97.85,1751.9,17.9,1335.4,702.1,416.5,1248.3,47.96,34.83,1.46,0.5,2.652,RUN,OK,RUN,0.98
2026-01-27T00:36:56.635921Z,56.69,60.96,56.96,32.27,eco,0.7535,36.91,10.53,97.83,1758.3,17.97,1335.8,706.9,422.5,1248.6,47.96,34.83,1.46,0.5,2.656,RUN,OK,RUN,0.98
2026-01-27T00:36:56.835921Z,56.64,60.91,56.95,32.16,eco,0.7382,36.91,10.61,97.81,1764.6,18.04,1336.2,711.6,428.4,1248.9,47.96,34.83,1.45,0.5,2.659,RUN,OK,RUN,0.98
2026-01-27T00:36:57.035921Z,56.6,60.85,56.94,32.04,eco,0.7228,36.91,10.69,97.8,1770.9,18.11,1336.6,716.4,434.3,1249.3,47.96,34.83,1.45,0.5,2.662,RUN,OK,RUN,0.98
2026-01-27T00:36:57.235921Z,56.55,60.8,56.94,31.92,eco,0.7074,36.91,10.77,97.78,1777.1,18.17,1337.0,721.2,440.1,1249.6,47.96,34.83,1.45,0.5,2.665,RUN,OK,RUN,0.98
2026-01-27T00:36:57.435921Z,56.51,60.75,56.93,31.79,eco,0.6918,36.91,10.85,97.76,1783.2,18.24,1337.4,726.1,445.8,1249.9,47.97,34.84,1.45,0.5,2.668,RUN,OK,RUN,0.98
2026-01-27T00:36:57.635921Z,56.47,60.7,56.93,31.67,eco,0.676,36.92,10.93,97.75,1789.2,18.3,1337.8,730.9,451.4,1250.2,47.97,34.84,1.45,0.5,2.671,RUN,OK,RUN,0.98
2026-01-27T00:36:57.835921Z,56.42,60.64,56.92,31.54,eco,0.6602,36.92,11.01,97.73,1795.2,18.37,1338.2,735.8,457.0,1250.6,47.97,34.84,1.45,0.5,2.675,RUN,OK,RUN,0.98
2026-01-27T00:36:58.035921Z,56.38,60.59,56.92,31.41,eco,0.6443,36.92,11.09,97.71,1801.1,18.43,1338.6,740.7,462.5,1250.9,47.97,34.84,1.45,0.5,2.678,RUN,OK,RUN,0.98
2026-01-27T00:36:58.235921Z,56.34,60.54,56.92,31.28,eco,0.6282,36.92,11.17,97.7,1806.9,18.5,1339.0,745.7,467.9,1251.2,47.97,34.84,1.45,0.5,2.681,RUN,OK,RUN,0.98
2026-01-27T00:36:58.435921Z,56.3,60.49,56.91,31.15,eco,0.612,36.92,11.25,97.68,1812.7,18.56,1339.4,750.6,473.3,1251.5,47.97,34.84,1.45,0.5,2.684,RUN,OK,RUN,0.98
2026-01-27T00:36:58.635921Z,56.26,60.44,56.91,31.02,eco,0.5958,36.92,11.33,97.66,1818.4,18.62,1339.8,755.6,478.6,1251.8,47.97,34.84,1.44,0.5,2.687,RUN,OK,RUN,0.98
2026-01-27T00:36:58.835921Z,56.22,60.39,56.91,30.88,eco,0.5794,36.92,11.41,97.65,1824.0,18.68,1340.2,760.6,483.8,1252.2,47.97,34.85,1.44,0.5,2.69,RUN,OK,RUN,0.98
2026-01-27T00:36:59.035921Z,56.18,60.34,56.91,30.74,eco,0.5629,36.92,11.49,97.63,1829.5,18.74,1340.6,765.6,488.9,1252.5,47.97,34.85,1.44,0.5,2.694,RUN,OK,RUN,0.98
2026-01-27T00:36:59.235921Z,56.14,60.3,56.91,30.6,eco,0.5463,36.92,11.56,97.61,1834.9,18.8,1341.0,770.6,494.0,1252.8,47.97,34.85,1.44,0.5,2.697,RUN,OK,RUN,0.98
2026-01-27T00:36:59.435921Z,56.1,60.25,56.91,30.46,eco,0.5296,36.93,11.64,97.59,1840.3,18.86,1341.4,775.7,498.9,1253.1,47.98,34.85,1.44,0.5,2.7,RUN,OK,RUN,0.98
2026-01-27T00:36:59.635921Z,56.06,60.2,56.91,30.31,eco,0.5129,36.93,11.72,97.58,1845.6,18.91,1341.8,780.7,503.8,1253.4,47.98,34.85,1.44,0.5,2.703,RUN,OK,RUN,0.98
2026-01-27T00:36:59.835921Z,56.03,60.16,56.9,30.17,eco,0.496,36.93,11.8,97.56,1850.8,18.97,1342.2,785.8,508.6,1253.7,47.98,34.85,1.44,0.5,2.706,RUN,OK,RUN,0.98
2026-01-27T00:37:00.035921Z,55.99,60.11,56.9,30.02,eco,0.479,36.93,11.88,97.54,1855.9,19.03,1342.5,790.9,513.4,1254.0,47.98,34.85,1.44,0.5,2.709,RUN,OK,RUN,0.98
2026-01-27T00:37:00.235921Z,55.96,60.07,56.9,29.87,eco,0.4619,36.93,11.95,97.53,1861.0,19.08,1342.9,796.1,518.1,1254.3,47.98,34.85,1.44,0.5,2.713,RUN,OK,RUN,0.98
2026-01-27T00:37:00.435921Z,55.92,60.02,56.9,29.72,eco,0.4448,36.93,12.03,97.51,1865.9,19.14,1343.3,801.2,522.6,1254.7,47.98,34.86,1.43,0.5,2.716,RUN,OK,RUN,0.98
2026-01-27T00:37:00.635921Z,55.89,59.98,56.9,29.56,eco,0.4275,36.93,12.11,97.49,1870.8,19.19,1343.7,806.3,527.1,1255.0,47.98,34.86,1.43,0.5,2.719,RUN,OK,RUN,0.98
2026-01-27T00:37:00.835921Z,55.85,59.94,56.91,29.41,eco,0.4101,36.93,12.19,97.47,1875.6,19.24,1344.1,811.5,531.5,1255.3,47.98,34.86,1.43,0.5,2.722,RUN,OK,RUN,0.98
2026-01-27T00:37:01.035921Z,55.82,59.89,56.91,29.25,eco,0.3927,36.93,12.26,97.46,1880.3,19.29,1344.5,816.7,535.9,1255.6,47.98,34.86,1.43,0.5,2.725,RUN,OK,RUN,0.98
2026-01-27T00:37:01.235921Z,55.79,59.85,56.91,29.1,eco,0.3752,36.94,12.34,97.44,1885.0,19.35,1344.8,821.9,540.1,1255.9,47.98,34.86,1.43,0.5,2.728,RUN,OK,RUN,0.98
2026-01-27T00:37:01.435921Z,55.76,59.81,56.91,28.94,eco,0.3576,36.94,12.42,97.42,1889.5,19.4,1345.2,827.1,544.3,1256.2,47.98,34.86,1.43,0.5,2.732,RUN,OK,RUN,0.98
2026-01-27T00:37:01.635921Z,55.73,59.77,56.91,28.77,eco,0.3399,36.94,12.49,97.4,1894.0,19.44,1345.6,832.4,548.4,1256.5,47.98,34.86,1.43,0.5,2.735,RUN,OK,RUN,0.98
2026-01-27T00:37:01.835921Z,55.7,59.73,56.91,28.61,eco,0.3221,36.94,12.57,97.39,1898.4,19.49,1346.0,837.6,552.4,1256.8,47.98,34.87,1.42,0.5,2.738,RUN,OK,RUN,0.98
2026-01-27T00:37:02.035921Z,55.67,59.69,56.91,28.45,eco,0.3042,36.94,12.64,97.37,1902.7,19.54,1346.4,842.9,556.3,1257.1,47.99,34.87,1.42,0.5,2.741,RUN,OK,RUN,0.98
2026-01-27T00:37:02.235921Z,55.64,59.65,56.92,28.28,eco,0.2863,36.94,12.72,97.35,1906.9,19.59,1346.7,848.1,560.1,1257.4,47.99,34.87,1.42,0.5,2.744,RUN,OK,RUN,0.98
2026-01-27T00:37:02.435921Z,55.61,59.61,56.92,28.11,eco,0.2683,36.94,12.79,97.33,1911.0,19.63,1347.1,853.4,563.9,1257.7,47.99,34.87,1.42,0.5,2.747,RUN,OK,RUN,0.98
2026-01-27T00:37:02.635921Z,55.58,59.57,56.92,27.94,eco,0.2502,36.94,12.87,97.32,1915.0,19.68,1347.5,858.7,567.5,1258.0,47.99,34.87,1.42,0.5,2.75,RUN,OK,RUN,0.98
2026-01-27T00:37:02.835921Z,55.55,59.54,56.92,27.77,eco,0.232,36.94,12.94,97.3,1919.0,19.72,1347.8,864.0,571.1,1258.3,47.99,34.87,1.42,0.5,2.754,RUN,OK,RUN,0.98
2026-01-27T00:37:03.035921Z,55.53,59.5,56.92,27.6,eco,0.2138,36.94,13.02,97.28,1922.8,19.77,1348.2,869.3,574.6,1258.6,47.99,34.87,1.42,0.5,2.757,RUN,OK,RUN,0.98
2026-01-27T00:37:03.235921Z,55.5,59.46,56.93,27.43,eco,0.1955,36.95,13.09,97.26,1926.6,19.81,1348.6,874.7,578.0,1258.9,47.99,34.87,1.42,0.5,2.76,RUN,OK,RUN,0.98
2026-01-27T00:37:03.435921Z,55.48,59.43,56.93,27.25,eco,0.1771,36.95,13.17,97.24,1930.3,19.85,1349.0,880.0,581.3,1259.2,47.99,34.88,1.41,0.5,2.763,RUN,OK,RUN,0.98
2026-01-27T00:37:03.635921Z,55.45,59.39,56.93,27.08,eco,0.1587,36.95,13.24,97.23,1933.8,19.89,1349.3,885.3,584.5,1259.5,47.99,34.88,1.41,0.5,2.766,RUN,OK,RUN,0.98
2026-01-27T00:37:03.835921Z,55.43,59.36,56.93,26.9,eco,0.1402,36.95,13.31,97.21,1937.3,19.93,1349.7,890.7,587.7,1259.7,47.99,34.88,1.41,0.5,2.769,RUN,OK,RUN,0.98
2026-01-27T00:37:04.035921Z,55.4,59.32,56.94,26.72,eco,0.1216,36.95,13.38,97.19,1940.7,19.97,1350.1,896.1,590.7,1260.0,47.99,34.88,1.41,0.5,2.773,RUN,OK,RUN,0.98
2026-01-27T00:37:04.235921Z,55.38,59.29,56.94,26.54,eco,0.103,36.95,13.46,97.17,1944.1,20.01,1350.4,901.4,593.6,1260.3,47.99,34.88,1.41,0.5,2.776,RUN,OK,RUN,0.98
2026-01-27T00:37:04.435921Z,55.36,59.26,56.94,26.36,eco,0.0843,36.95,13.53,97.15,1947.3,20.04,1350.8,906.8,596.5,1260.6,47.99,34.88,1.41,0.5,2.779,RUN,OK,RUN,0.98
2026-01-27T00:37:04.635921Z,55.34,59.23,56.94,26.18,eco,0.0656,36.95,13.6,97.14,1950.4,20.08,1351.1,912.2,599.3,1260.9,47.99,34.88,1.41,0.5,2.782,RUN,OK,RUN,0.98
2026-01-27T00:37:04.835921Z,55.32,59.2,56.95,26.0,eco,0.05,36.95,13.67,97.12,1953.4,20.11,1351.5,917.6,601.9,1261.2,47.99,34.88,1.4,0.5,2.785,RUN,OK,RUN,0.98
2026-01-27T00:37:05.035921Z,55.3,59.17,56.95,25.82,eco,0.05,36.95,13.74,97.1,1956.4,20.15,1351.8,923.0,604.5,1261.5,47.99,34.89,1.4,0.5,2.788,RUN,OK,RUN,0.98
2026-01-27T00:37:05.235921Z,55.28,59.14,56.95,25.63,eco,0.05,36.95,13.81,97.08,1959.2,20.18,1352.2,928.4,607.0,1261.8,47.99,34.89,1.4,0.5,2.792,RUN,OK,RUN,0.98
2026-01-27T00:37:05.435921Z,55.26,59.11,56.96,25.44,eco,0.05,36.95,13.88,97.06,1962.0,20.21,1352.6,933.9,609.4,1262.0,47.99,34.89,1.4,0.5,2.795,RUN,OK,RUN,0.98
2026-01-27T00:37:05.635921Z,55.24,59.08,56.96,25.26,eco,0.05,36.96,13.95,97.05,1964.6,20.24,1352.9,939.3,611.7,1262.3,47.99,34.89,1.4,0.5,2.798,RUN,OK,RUN,0.98
2026-01-27T00:37:05.835921Z,55.22,59.05,56.96,25.07,eco,0.05,36.96,14.02,97.03,1967.2,20.27,1353.3,944.7,613.9,1262.6,48.0,34.89,1.4,0.5,2.801,RUN,OK,RUN,0.98
2026-01-27T00:37:06.035921Z,55.21,59.02,56.96,24.88,eco,0.05,36.96,14.09,97.01,1969.7,20.3,1353.6,950.1,616.1,1262.9,48.0,34.89,1.39,0.5,2.804,RUN,OK,RUN,0.98
2026-01-27T00:37:06.235921Z,55.19,58.99,56.97,24.69,eco,0.05,36.96,14.16,96.99,1972.1,20.33,1354.0,955.6,618.1,1263.2,48.0,34.89,1.39,0.5,2.807,RUN,OK,RUN,0.98
2026-01-27T00:37:06.435921Z,55.17,58.97,56.97,24.5,eco,0.05,36.96,14.23,96.97,1974.3,20.36,1354.3,961.0,620.0,1263.5,48.0,34.89,1.39,0.5,2.811,RUN,OK,RUN,0.98
2026-01-27T00:37:06.635921Z,55.16,58.94,56.97,24.31,eco,0.05,36.96,14.3,96.95,1976.5,20.39,1354.7,966.5,621.9,1263.7,48.0,34.9,1.39,0.49,2.814,RUN,OK,RUN,0.98
2026-01-27T00:37:06.835921Z,55.14,58.92,56.97,24.12,eco,0.05,36.96,14.36,96.94,1978.6,20.41,1355.0,971.9,623.6,1264.0,48.0,34.9,1.39,0.49,2.817,RUN,OK,RUN,0.98
2026-01-27T00:37:07.035921Z,55.13,58.89,56.98,23.93,eco,0.05,36.96,14.43,96.92,1980.6,20.44,1355.4,977.4,625.2,1264.3,48.0,34.9,1.39,0.49,2.82,RUN,OK,RUN,0.98
2026-01-27T00:37:07.235921Z,55.12,58.87,56.98,23.73,eco,0.05,36.96,14.5,96.9,1982.5,20.46,1355.7,982.8,626.8,1264.6,48.0,34.9,1.38,0.49,2.823,RUN,OK,RUN,0.98
2026-01-27T00:37:07.435921Z,55.11,58.85,56.98,23.54,eco,0.05,36.96,14.56,96.88,1984.3,20.48,1356.0,988.3,628.3,1264.8,48.0,34.9,1.38,0.49,2.826,RUN,OK,RUN,0.98
2026-01-27T00:37:07.635921Z,55.09,58.82,56.98,23.34,eco,0.05,36.96,14.63,96.86,1986.0,20.5,1356.4,993.7,629.6,1265.1,48.0,34.9,1.38,0.49,2.83,RUN,OK,RUN,0.98
2026-01-27T00:37:07.835921Z,55.08,58.8,56.98,23.15,eco,0.05,36.96,14.69,96.84,1987.6,20.52,1356.7,999.2,630.9,1265.4,48.0,34.9,1.38,0.49,2.833,RUN,OK,RUN,0.98
2026-01-27T00:37:08.035921Z,55.07,58.78,56.99,22.95,eco,0.05,36.97,14.76,96.82,1989.1,20.54,1357.1,1004.6,632.1,1265.6,48.0,34.9,1.38,0.49,2.836,RUN,OK,RUN,0.98
2026-01-27T00:37:08.235921Z,55.06,58.76,56.99,22.76,eco,0.05,36.97,14.82,96.81,1990.5,20.56,1357.4,1010.1,633.1,1265.9,48.0,34.9,1.38,0.49,2.839,RUN,OK,RUN,0.98
2026-01-27T00:37:08.435921Z,55.06,58.74,56.99,22.56,eco,0.05,36.97,14.88,96.79,1991.8,20.58,1357.7,1015.5,634.1,1266.2,48.0,34.91,1.37,0.49,2.842,RUN,OK,RUN,0.98
2026-01-27T00:37:08.635921Z,55.05,58.72,56.99,22.36,eco,0.05,36.97,14.95,96.77,1993.1,20.6,1358.1,1021.0,635.0,1266.5,48.0,34.91,1.37,0.49,2.845,RUN,OK,RUN,0.98
2026-01-27T00:37:08.835921Z,55.04,58.7,56.99,22.16,eco,0.05,36.97,15.01,96.75,1994.2,20.61,1358.4,1026.4,635.8,1266.7,48.0,34.91,1.37,0.49,2.849,RUN,OK,RUN,0.98
2026-01-27T00:37:09.035921Z,55.03,58.68,56.99,21.97,eco,0.05,36.97,15.07,96.73,1995.2,20.63,1358.7,1031.9,636.5,1267.0,48.0,34.91,1.37,0.49,2.852,RUN,OK,RUN,0.98
2026-01-27T00:37:09.235921Z,55.03,58.66,56.99,21.77,eco,0.05,36.97,15.13,96.71,1996.1,20.64,1359.1,1037.3,637.1,1267.3,48.0,34.91,1.37,0.49,2.855,RUN,OK,RUN,0.98
2026-01-27T00:37:09.435921Z,55.02,58.65,57.0,21.57,eco,0.05,36.97,15.2,96.69,1997.0,20.65,1359.4,1042.8,637.6,1267.5,48.0,34.91,1.37,0.49,2.858,RUN,OK,RUN,0.98
2026-01-27T00:37:09.635921Z,55.02,58.63,57.0,21.37,eco,0.05,36.97,15.26,96.67,1997.7,20.66,1359.7,1048.2,638.0,1267.8,48.0,34.91,1.36,0.49,2.861,RUN,OK,RUN,0.98
2026-01-27T00:37:09.835921Z,55.01,58.62,57.0,21.17,eco,0.05,36.97,15.32,96.66,1998.3,20.67,1360.0,1053.7,638.3,1268.0,48.0,34.91,1.36,0.49,2.864,RUN,OK,RUN,0.98
2026-01-27T00:37:10.035921Z,55.01,58.6,57.0,20.97,eco,0.05,36.97,15.38,96.64,1998.8,20.68,1360.4,1059.1,638.5,1268.3,48.0,34.91,1.36,0.49,2.868,RUN,OK,RUN,0.98
2026-01-27T00:37:10.235921Z,55.0,58.59,57.0,20.77,eco,0.05,36.97,15.43,96.62,1999.3,20.69,1360.7,1064.5,638.6,1268.6,48.0,34.91,1.36,0.49,2.871,RUN,OK,RUN,0.98
2026-01-27T00:37:10.435921Z,55.0,58.57,57.0,20.57,eco,0.05,36.97,15.49,96.6,1999.6,20.7,1361.0,1069.9,638.6,1268.8,48.0,34.92,1.36,0.49,2.874,RUN,OK,RUN,0.98
2026-01-27T00:37:10.635921Z,55.0,58.56,57.0,20.37,eco,0.05,36.97,15.55,96.58,1999.8,20.71,1361.3,1075.3,638.5,1269.1,48.0,34.92,1.35,0.49,2.877,RUN,OK,RUN,0.98
2026-01-27T00:37:10.835921Z,55.0,58.55,57.0,20.17,eco,0.05,36.97,15.61,96.56,2000.0,20.71,1361.7,1080.8,638.3,1269.3,48.0,34.92,1.35,0.49,2.88,RUN,OK,RUN,0.98
2026-01-27T00:37:11.035921Z,55.0,58.53,57.0,19.97,eco,0.05,36.98,15.66,96.54,2000.0,20.72,1362.0,1086.2,638.0,1269.6,48.0,34.92,1.35,0.49,2.883,RUN,OK,RUN,0.98
2026-01-27T00:37:11.235921Z,55.0,58.52,57.0,19.77,eco,0.05,36.98,15.72,96.52,1999.9,20.72,1362.3,1091.5,637.6,1269.8,48.0,34.92,1.35,0.49,2.887,RUN,OK,RUN,0.98
2026-01-27T00:37:11.435921Z,55.0,58.51,57.0,19.57,eco,0.05,36.98,15.78,96.5,1999.8,20.72,1362.6,1096.9,637.2,1270.1,48.0,34.92,1.35,0.49,2.89,RUN,OK,RUN,0.98
2026-01-27T00:37:11.635921Z,55.0,58.5,57.0,19.37,eco,0.05,36.98,15.83,96.49,1999.5,20.72,1362.9,1102.3,636.6,1270.3,48.0,34.92,1.35,0.49,2.893,RUN,OK,RUN,0.98
2026-01-27T00:37:11.835921Z,55.01,58.49,57.0,19.17,eco,0.05,36.98,15.89,96.47,1999.2,20.72,1363.2,1107.7,635.9,1270.6,48.0,34.92,1.34,0.49,2.896,RUN,OK,RUN,0.98
2026-01-27T00:37:12.035921Z,55.01,58.48,57.0,18.97,eco,0.05,36.98,15.94,96.45,1998.7,20.72,1363.6,1113.0,635.1,1270.8,48.0,34.92,1.34,0.49,2.899,RUN,OK,RUN,0.98
2026-01-27T00:37:12.235921Z,55.01,58.47,57.0,18.77,eco,0.05,36.98,15.99,96.43,1998.1,20.72,1363.9,1118.4,634.3,1271.1,48.0,34.93,1.34,0.49,2.902,RUN,OK,RUN,0.98
2026-01-27T00:37:12.435921Z,55.02,58.47,57.0,18.57,eco,0.05,36.98,16.05,96.41,1997.5,20.72,1364.2,1123.7,633.3,1271.3,48.0,34.93,1.34,0.49,2.906,RUN,OK,RUN,0.98
2026-01-27T00:37:12.635921Z,55.02,58.46,57.0,18.37,eco,0.05,36.98,16.1,96.39,1996.7,20.72,1364.5,1129.1,632.2,1271.6,48.0,34.93,1.34,0.49,2.909,RUN,OK,RUN,0.98
2026-01-27T00:37:12.835921Z,55.03,58.45,56.99,18.18,eco,0.05,36.98,16.15,96.37,1995.9,20.71,1364.8,1134.4,631.1,1271.8,48.0,34.93,1.33,0.49,2.912,RUN,OK,RUN,0.98
2026-01-27T00:37:13.035921Z,55.03,58.45,56.99,17.98,eco,0.05,36.98,16.2,96.35,1994.9,20.7,1365.1,1139.7,629.8,1272.1,48.0,34.93,1.33,0.49,2.915,RUN,OK,RUN,0.98
2026-01-27T00:37:13.235921Z,55.04,58.44,56.99,17.78,eco,0.05,36.98,16.25,96.33,1993.9,20.7,1365.4,1145.0,628.5,1272.3,48.0,34.93,1.33,0.49,2.918,RUN,OK,RUN,0.98
2026-01-27T00:37:13.435921Z,55.05,58.44,56.99,17.58,eco,0.05,36.98,16.3,96.31,1992.7,20.69,1365.7,1150.3,627.0,1272.6,48.0,34.93,1.33,0.49,2.921,RUN,OK,RUN,0.98
2026-01-27T00:37:13.635921Z,55.06,58.43,56.99,17.39,eco,0.05,36.98,16.35,96.29,1991.5,20.68,1366.0,1155.6,625.5,1272.8,48.0,34.93,1.33,0.49,2.925,RUN,OK,RUN,0.98
2026-01-27T00:37:13.835921Z,55.07,58.43,56.99,17.19,eco,0.05,36.98,16.4,96.27,1990.1,20.67,1366.3,1160.8,623.8,1273.1,48.0,34.93,1.32,0.49,2.928,RUN,OK,RUN,0.98
2026-01-27T00:37:14.035921Z,55.08,58.43,56.99,16.99,eco,0.05,36.98,16.45,96.25,1988.7,20.66,1366.6,1166.1,622.1,1273.3,48.0,34.93,1.32,0.49,2.931,RUN,OK,RUN,0.98
2026-01-27T00:37:14.235921Z,55.09,58.43,56.98,16.8,eco,0.05,36.98,16.49,96.24,1987.2,20.65,1366.9,1171.3,620.2,1273.5,48.0,34.93,1.32,0.49,2.934,RUN,OK,RUN,0.98
2026-01-27T00:37:14.435921Z,55.1,58.43,56.98,16.6,eco,0.05,36.98,16.54,96.22,1985.5,20.64,1367.2,1176.5,618.3,1273.8,48.0,34.94,1.32,0.49,2.937,RUN,OK,RUN,0.98
2026-01-27T00:37:14.635921Z,55.11,58.42,56.98,16.41,eco,0.05,36.99,16.58,96.2,1983.8,20.62,1367.5,1181.7,616.3,1274.0,48.0,34.94,1.32,0.49,2.94,RUN,OK,RUN,0.98
2026-01-27T00:37:14.835921Z,55.12,58.42,56.98,16.21,eco,0.05,36.99,16.63,96.18,1982.0,20.61,1367.8,1186.9,614.2,1274.2,48.0,34.94,1.31,0.49,2.944,RUN,OK,RUN,0.98
2026-01-27T00:37:15.035921Z,55.14,58.43,56.97,16.02,eco,0.05,36.99,16.67,96.16,1980.0,20.59,1368.1,1192.1,611.9,1274.5,48.0,34.94,1.31,0.48,2.947,RUN,OK,RUN,0.98
2026-01-27T00:37:15.235921Z,55.15,58.43,56.97,15.83,eco,0.05,36.99,16.72,96.14,1978.0,20.57,1368.4,1197.3,609.6,1274.7,48.0,34.94,1.31,0.48,2.95,RUN,OK,RUN,0.98
2026-01-27T00:37:15.435921Z,55.16,58.43,56.97,15.64,eco,0.05,36.99,16.76,96.12,1975.9,20.56,1368.7,1202.4,607.2,1274.9,48.0,34.94,1.31,0.48,2.953,RUN,OK,RUN,0.98
2026-01-27T00:37:15.635921Z,55.18,58.43,56.97,15.44,eco,0.05,36.99,16.8,96.1,1973.7,20.54,1369.0,1207.5,604.7,1275.2,48.0,34.94,1.31,0.48,2.956,RUN,OK,RUN,0.98
2026-01-27T00:37:15.835921Z,55.19,58.43,56.97,15.25,eco,0.05,36.99,16.85,96.08,1971.4,20.52,1369.3,1212.6,602.1,1275.4,48.0,34.94,1.3,0.48,2.959,RUN,OK,RUN,0.98
2026-01-27T00:37:16.035921Z,55.21,58.44,56.96,15.07,eco,0.05,36.99,16.89,96.06,1969.0,20.5,1369.5,1217.7,599.4,1275.6,48.0,34.94,1.3,0.48,2.963,RUN,OK,RUN,0.98
2026-01-27T00:37:16.235921Z,55.23,58.44,56.96,14.88,eco,0.05,36.99,16.93,96.04,1966.5,20.48,1369.8,1222.8,596.7,1275.9,47.99,34.94,1.3,0.48,2.966,RUN,OK,RUN,0.98
2026-01-27T00:37:16.435921Z,55.24,58.45,56.96,14.69,eco,0.05,36.99,16.97,96.02,1963.9,20.45,1370.1,1227.9,593.8,1276.1,47.99,34.94,1.3,0.48,2.969,RUN,OK,RUN,0.98
2026-01-27T00:37:16.635921Z,55.26,58.45,56.95,14.5,eco,0.05,36.99,17.01,96.0,1961.2,20.43,1370.4,1232.9,590.8,1276.3,47.99,34.95,1.29,0.48,2.972,RUN,OK,RUN,0.98
2026-01-27T00:37:16.835921Z,55.28,58.46,56.95,14.32,eco,0.05,36.99,17.04,95.98,1958.4,20.4,1370.7,1237.9,587.7,1276.5,47.99,34.95,1.29,0.48,2.975,RUN,OK,RUN,0.98
2026-01-27T00:37:17.035921Z,55.3,58.46,56.95,14.13,eco,0.05,36.99,17.08,95.96,1955.6,20.38,1371.0,1242.9,584.6,1276.8,47.99,34.95,1.29,0.48,2.978,RUN,OK,RUN,0.98
2026-01-27T00:37:17.235921Z,55.32,58.47,56.95,13.95,eco,0.05,36.99,17.12,95.94,1952.6,20.35,1371.2,1247.9,581.3,1277.0,47.99,34.95,1.29,0.48,2.982,RUN,OK,RUN,0.98
2026-01-27T00:37:17.435921Z,55.34,58.48,56.94,13.77,eco,0.05,36.99,17.15,95.92,1949.5,20.32,1371.5,1252.8,578.0,1277.2,47.99,34.95,1.29,0.48,2.985,RUN,OK,RUN,0.98
2026-01-27T00:37:17.635921Z,55.36,58.49,56.94,13.59,eco,0.05,36.99,17.19,95.9,1946.4,20.3,1371.8,1257.8,574.6,1277.4,47.99,34.95,1.28,0.48,2.988,RUN,OK,RUN,0.98
2026-01-27T00:37:17.835921Z,55.39,58.5,56.94,13.41,eco,0.05,36.99,17.22,95.88,1943.1,20.27,1372.1,1262.7,571.0,1277.7,47.99,34.95,1.28,0.48,2.991,RUN,OK,RUN,0.98
2026-01-27T00:37:18.035921Z,55.41,58.51,56.94,13.23,eco,0.05,36.99,17.26,95.86,1939.8,20.23,1372.3,1267.6,567.4,1277.9,47.99,34.95,1.28,0.48,2.994,RUN,OK,RUN,0.98
2026-01-27T00:37:18.235921Z,55.43,58.52,56.93,13.05,eco,0.05,36.99,17.29,95.84,1936.4,20.2,1372.6,1272.5,563.7,1278.1,47.99,34.95,1.28,0.48,2.997,RUN,OK,RUN,0.98
2026-01-27T00:37:18.435921Z,55.46,58.53,56.93,12.87,eco,0.05,36.99,17.32,95.82,1932.8,20.17,1372.9,1277.3,559.9,1278.3,47.99,34.95,1.27,0.48,3.001,RUN,OK,RUN,0.98
2026-01-27T00:37:18.635921Z,55.48,58.54,56.93,12.7,eco,0.05,36.99,17.36,95.8,1929.2,20.14,1373.2,1282.1,556.1,1278.5,47.99,34.95,1.27,0.48,3.004,RUN,OK,RUN,0.98
2026-01-27T00:37:18.835921Z,55.51,58.55,56.93,12.52,eco,0.05,36.99,17.39,95.78,1925.5,20.1,1373.4,1286.9,552.1,1278.7,47.99,34.95,1.27,0.48,3.007,RUN,OK,RUN,0.98
2026-01-27T00:37:19.035921Z,55.53,58.57,56.92,12.35,eco,0.05,36.99,17.42,95.76,1921.7,20.07,1373.7,1291.7,548.0,1279.0,47.99,34.95,1.27,0.48,3.01,RUN,OK,RUN,0.98
2026-01-27T00:37:19.235921Z,55.56,58.58,56.92,12.18,eco,0.05,36.99,17.45,95.75,1917.9,20.03,1374.0,1296.5,543.9,1279.2,47.99,34.96,1.27,0.48,3.013,RUN,OK,RUN,0.98
2026-01-27T00:37:19.435921Z,55.59,58.59,56.92,12.01,eco,0.05,36.99,17.48,95.73,1913.9,19.99,1374.2,1301.2,539.7,1279.4,47.99,34.96,1.26,0.48,3.016,RUN,OK,RUN,0.98
2026-01-27T00:37:19.635921Z,55.62,58.61,56.92,11.84,eco,0.05,36.99,17.5,95.71,1909.8,19.96,1374.5,1305.9,535.3,1279.6,47.99,34.96,1.26,0.48,3.02,RUN,OK,RUN,0.98
2026-01-27T00:37:19.835921Z,55.64,58.62,56.91,11.67,eco,0.05,37.0,17.53,95.69,1905.7,19.92,1374.8,1310.6,530.9,1279.8,47.99,34.96,1.26,0.48,3.023,RUN,OK,RUN,0.98
2026-01-27T00:37:20.035921Z,55.67,58.64,56.91,11.51,eco,0.05,37.0,17.56,95.67,1901.5,19.88,1375.0,1315.2,526.4,1280.0,47.98,34.96,1.26,0.48,3.026,RUN,OK,RUN,0.98
2026-01-27T00:37:20.235921Z,55.7,58.66,56.91,11.34,eco,0.05,37.0,17.58,95.65,1897.1,19.84,1375.3,1319.9,521.9,1280.2,47.98,34.96,1.25,0.48,3.029,RUN,OK,RUN,0.98
2026-01-27T00:37:20.435921Z,55.73,58.67,56.91,11.18,eco,0.05,37.0,17.61,95.63,1892.7,19.79,1375.5,1324.5,517.2,1280.4,47.98,34.96,1.25,0.48,3.032,RUN,OK,RUN,0.98
2026-01-27T00:37:20.635921Z,55.77,58.69,56.91,11.02,eco,0.05,37.0,17.63,95.61,1888.3,19.75,1375.8,1329.0,512.5,1280.6,47.98,34.96,1.25,0.48,3.035,RUN,OK,RUN,0.98
2026-01-27T00:37:20.835921Z,55.8,58.71,56.91,10.86,eco,0.05,37.0,17.66,95.59,1883.7,19.71,1376.0,1333.6,507.6,1280.8,47.98,34.96,1.25,0.47,3.038,RUN,OK,RUN,0.98
2026-01-27T00:37:21.035921Z,55.83,58.73,56.91,10.7,eco,0.05,37.0,17.68,95.57,1879.0,19.66,1376.3,1338.1,502.7,1281.0,47.98,34.96,1.24,0.47,3.042,RUN,OK,RUN,0.98
2026-01-27T00:37:21.235921Z,55.86,58.75,56.91,10.55,eco,0.05,37.0,17.7,95.55,1874.3,19.62,1376.6,1342.6,497.7,1281.2,47.98,34.96,1.24,0.47,3.045,RUN,OK,RUN,0.98
2026-01-27T00:37:21.435921Z,55.9,58.77,56.9,10.39,eco,0.05,37.0,17.72,95.53,1869.5,19.57,1376.8,1347.1,492.7,1281.4,47.98,34.96,1.24,0.47,3.048,RUN,OK,RUN,0.98
2026-01-27T00:37:21.635921Z,55.93,58.79,56.9,10.24,eco,0.05,37.0,17.74,95.51,1864.5,19.52,1377.1,1351.5,487.5,1281.6,47.98,34.96,1.24,0.47,3.051,RUN,OK,RUN,0.98
2026-01-27T00:37:21.835921Z,55.97,58.81,56.9,10.09,eco,0.05,37.0,17.76,95.49,1859.6,19.47,1377.3,1355.9,482.3,1281.8,47.98,34.97,1.24,0.47,3.054,RUN,OK,RUN,0.98
2026-01-27T00:37:22.035921Z,56.0,58.83,56.9,9.94,eco,0.05,37.0,17.78,95.47,1854.5,19.43,1377.6,1360.3,476.9,1282.0,47.98,34.97,1.23,0.47,3.057,RUN,OK,RUN,0.98
2026-01-27T00:37:22.235921Z,56.04,58.85,56.9,9.79,eco,0.05,37.0,17.8,95.45,1849.3,19.38,1377.8,1364.6,471.5,1282.2,47.98,34.97,1.23,0.47,3.061,RUN,OK,RUN,0.98
2026-01-27T00:37:22.435921Z,56.08,58.88,56.91,9.65,eco,0.05,37.0,17.82,95.43,1844.1,19.32,1378.0,1368.9,466.1,1282.4,47.98,34.97,1.23,0.47,3.064,RUN,OK,RUN,0.98
2026-01-27T00:37:22.635921Z,56.11,58.9,56.91,9.5,eco,0.05,37.0,17.83,95.41,1838.8,19.27,1378.3,1373.2,460.5,1282.6,47.97,34.97,1.23,0.47,3.067,RUN,OK,RUN,0.98
2026-01-27T00:37:22.835921Z,56.15,58.93,56.91,9.36,eco,0.05,37.0,17.85,95.39,1833.4,19.22,1378.5,1377.5,454.9,1282.8,47.97,34.97,1.22,0.47,3.07,RUN,OK,RUN,0.98
2026-01-27T00:37:23.035921Z,56.19,58.95,56.91,9.22,eco,0.05,37.0,17.86,95.37,1827.9,19.17,1378.8,1381.7,449.2,1283.0,47.97,34.97,1.22,0.47,3.073,RUN,OK,RUN,0.98
2026-01-27T00:37:23.235921Z,56.23,58.98,56.91,9.08,eco,0.05,37.0,17.88,95.35,1822.4,19.11,1379.0,1385.9,443.4,1283.2,47.97,34.97,1.22,0.47,3.076,RUN,OK,RUN,0.98
2026-01-27T00:37:23.435921Z,56.27,59.0,56.91,8.95,eco,0.05,37.0,17.89,95.33,1816.8,19.06,1379.2,1390.1,437.5,1283.4,47.97,34.97,1.22,0.47,3.08,RUN,OK,RUN,0.98
2026-01-27T00:37:23.635921Z,56.31,59.03,56.92,8.81,eco,0.05,37.0,17.91,95.31,1811.1,19.0,1379.5,1394.2,431.6,1283.6,47.97,34.97,1.21,0.47,3.083,RUN,OK,RUN,0.98
2026-01-27T00:37:23.835921Z,56.35,59.06,56.92,8.68,eco,0.05,37.0,17.92,95.29,1805.3,18.95,1379.7,1398.3,425.6,1283.8,47.97,34.97,1.21,0.47,3.086,RUN,OK,RUN,0.98
2026-01-27T00:37:24.035921Z,56.39,59.08,56.92,8.55,eco,0.05,37.0,17.93,95.27,1799.4,18.89,1380.0,1402.4,419.5,1284.0,47.97,34.97,1.21,0.47,3.089,RUN,OK,RUN,0.98
2026-01-27T00:37:24.235921Z,56.43,59.11,56.93,8.42,eco,0.05,37.0,17.94,95.25,1793.5,18.83,1380.2,1406.4,413.3,1284.1,47.97,34.97,1.21,0.47,3.092,RUN,OK,RUN,0.98
2026-01-27T00:37:24.435921Z,56.48,59.14,56.93,8.29,eco,0.05,37.0,17.95,95.23,1787.5,18.77,1380.4,1410.4,407.1,1284.3,47.97,34.97,1.2,0.47,3.095,RUN,OK,RUN,0.98
2026-01-27T00:37:24.635921Z,56.52,59.17,56.93,8.17,eco,0.05,37.0,17.96,95.21,1781.4,18.71,1380.6,1414.3,400.8,1284.5,47.97,34.97,1.2,0.47,3.099,RUN,OK,RUN,0.98
2026-01-27T00:37:24.835921Z,56.57,59.2,56.94,8.05,eco,0.05,37.0,17.96,95.19,1775.3,18.65,1380.9,1418.3,394.4,1284.7,47.96,34.97,1.2,0.47,3.102,RUN,OK,RUN,0.98
2026-01-27T00:37:25.035921Z,56.61,59.23,56.94,7.93,eco,0.05,37.0,17.97,95.17,1769.1,18.59,1381.1,1422.2,388.0,1284.9,47.96,34.98,1.19,0.47,3.105,RUN,OK,RUN,0.98
2026-01-27T00:37:25.235921Z,56.66,59.26,56.95,7.81,eco,0.05,37.0,17.98,95.15,1762.8,18.53,1381.3,1426.0,381.5,1285.1,47.96,34.98,1.19,0.47,3.108,RUN,OK,RUN,0.98
2026-01-27T00:37:25.435921Z,56.7,59.29,56.96,7.7,eco,0.05,37.0,17.98,95.13,1756.5,18.46,1381.6,1429.8,374.9,1285.2,47.96,34.98,1.19,0.46,3.111,RUN,OK,RUN,0.98
2026-01-27T00:37:25.635921Z,56.75,59.33,56.96,7.58,eco,0.05,37.0,17.99,95.11,1750.0,18.4,1381.8,1433.6,368.3,1285.4,47.96,34.98,1.19,0.46,3.114,RUN,OK,RUN,0.98
2026-01-27T00:37:25.835921Z,56.8,59.36,56.97,7.47,eco,0.05,37.0,17.99,95.09,1743.6,18.34,1382.0,1437.4,361.6,1285.6,47.96,34.98,1.18,0.46,3.118,RUN,OK,RUN,0.98
2026-01-27T00:37:26.035921Z,56.84,59.39,56.98,7.36,eco,0.05,37.0,18.0,95.07,1737.0,18.27,1382.2,1441.1,354.8,1285.8,47.96,34.98,1.18,0.46,3.121,RUN,OK,RUN,0.98
2026-01-27T00:37:26.235921Z,56.89,59.43,56.99,7.26,eco,0.05,37.0,18.0,95.05,1730.4,18.21,1382.4,1444.8,347.9,1286.0,47.96,34.98,1.18,0.46,3.124,RUN,OK,RUN,0.98
2026-01-27T00:37:26.435921Z,56.94,59.46,57.0,7.15,eco,0.05,37.0,18.0,95.03,1723.7,18.14,1382.7,1448.4,341.0,1286.1,47.96,34.98,1.18,0.46,3.127,RUN,OK,RUN,0.98
2026-01-27T00:37:26.635921Z,56.99,59.5,57.01,7.05,eco,0.05,37.0,18.0,95.01,1716.9,18.07,1382.9,1452.0,334.1,1286.3,47.95,34.98,1.17,0.46,3.13,RUN,OK,RUN,0.98
2026-01-27T00:37:26.835921Z,57.04,59.53,57.02,6.95,eco,0.05,37.0,18.0,94.99,1710.1,18.0,1383.1,1455.6,327.0,1286.5,47.95,34.98,1.17,0.46,3.133,RUN,OK,RUN,0.98
2026-01-27T00:37:27.035921Z,57.09,59.57,57.03,6.85,eco,0.05,37.0,18.0,94.97,1703.2,17.93,1383.3,1459.1,319.9,1286.6,47.95,34.98,1.17,0.46,3.137,RUN,OK,RUN,0.98
2026-01-27T00:37:27.235921Z,57.14,59.6,57.04,6.76,eco,0.05,37.0,18.0,94.95,1696.3,17.87,1383.5,1462.6,312.8,1286.8,47.95,34.98,1.17,0.46,3.14,RUN,OK,RUN,0.98
2026-01-27T00:37:27.435921Z,57.19,59.64,57.05,6.66,eco,0.05,37.0,17.99,94.93,1689.3,17.8,1383.7,1466.1,305.6,1287.0,47.95,34.98,1.16,0.46,3.143,RUN,OK,RUN,0.98
2026-01-27T00:37:27.635921Z,57.25,59.68,57.06,6.57,eco,0.05,37.0,17.99,94.91,1682.2,17.72,1383.9,1469.5,298.3,1287.2,47.95,34.98,1.16,0.46,3.146,RUN,OK,RUN,0.98
2026-01-27T00:37:27.835921Z,57.3,59.72,57.08,6.49,eco,0.05,37.0,17.99,94.89,1675.1,17.65,1384.2,1472.9,291.0,1287.3,47.95,34.98,1.16,0.46,3.149,RUN,OK,RUN,0.98
2026-01-27T00:37:28.035921Z,57.35,59.76,57.09,6.4,eco,0.05,37.0,17.98,94.87,1667.9,17.58,1384.4,1476.2,283.6,1287.5,47.95,34.98,1.15,0.46,3.152,RUN,OK,RUN,0.98
2026-01-27T00:37:28.235921Z,57.41,59.8,57.1,6.32,eco,0.05,37.0,17.98,94.85,1660.7,17.51,1384.6,1479.5,276.1,1287.7,47.95,34.98,1.15,0.46,3.156,RUN,OK,RUN,0.98
2026-01-27T00:37:28.435921Z,57.46,59.84,57.12,6.24,eco,0.05,37.0,17.97,94.83,1653.4,17.44,1384.8,1482.8,268.6,1287.8,47.94,34.98,1.15,0.46,3.159,RUN,OK,RUN,0.98
2026-01-27T00:37:28.635921Z,57.52,59.88,57.13,6.16,eco,0.05,37.0,17.96,94.81,1646.0,17.36,1385.0,1486.0,261.1,1288.0,47.94,34.98,1.15,0.46,3.162,RUN,OK,RUN,0.98
2026-01-27T00:37:28.835921Z,57.57,59.92,57.15,6.08,eco,0.05,37.0,17.96,94.79,1638.6,17.29,1385.2,1489.2,253.5,1288.1,47.94,34.98,1.14,0.46,3.165,RUN,OK,RUN,0.98
2026-01-27T00:37:29.035921Z,57.63,59.96,57.17,6.01,eco,0.05,37.0,17.95,94.77,1631.2,17.21,1385.4,1492.3,245.8,1288.3,47.94,34.99,1.14,0.46,3.168,RUN,OK,RUN,0.98
2026-01-27T00:37:29.235921Z,57.68,60.0,57.19,5.94,eco,0.05,37.0,17.94,94.75,1623.7,17.14,1385.6,1495.4,238.1,1288.5,47.94,34.99,1.14,0.46,3.171,RUN,OK,RUN,0.98
2026-01-27T00:37:29.435921Z,57.74,60.04,57.2,5.87,eco,0.05,37.0,17.93,94.73,1616.1,17.06,1385.8,1498.4,230.3,1288.6,47.94,34.99,1.14,0.46,3.175,RUN,OK,RUN,0.98
2026-01-27T00:37:29.635921Z,57.8,60.09,57.22,5.8,eco,0.05,37.0,17.91,94.71,1608.5,16.98,1386.0,1501.5,222.5,1288.8,47.94,34.99,1.13,0.45,3.178,RUN,OK,RUN,0.98
2026-01-27T00:37:29.835921Z,57.86,60.13,57.24,5.74,eco,0.05,37.0,17.9,94.69,1600.8,16.91,1386.2,1504.4,214.7,1288.9,47.93,34.99,1.13,0.45,3.181,RUN,OK,RUN,0.98
2026-01-27T00:37:30.035921Z,57.92,60.17,57.27,5.68,eco,0.05,37.0,17.89,94.67,1593.1,16.83,1386.4,1507.4,206.7,1289.1,47.93,34.99,1.13,0.45,3.184,RUN,OK,RUN,0.98
2026-01-27T00:37:30.235921Z,57.98,60.22,57.29,5.62,eco,0.05,37.0,17.88,94.65,1585.3,16.75,1386.6,1510.3,198.8,1289.2,47.93,34.99,1.12,0.45,3.187,RUN,OK,RUN,0.98
2026-01-27T00:37:30.435921Z,58.04,60.26,57.31,5.57,eco,0.05,37.0,17.86,94.63,1577.5,16.67,1386.7,1513.1,190.8,1289.4,47.93,34.99,1.12,0.45,3.191,RUN,OK,RUN,0.98
2026-01-27T00:37:30.635921Z,58.1,60.31,57.33,5.51,eco,0.05,37.0,17.85,94.61,1569.7,16.59,1386.9,1515.9,182.7,1289.5,47.93,34.99,1.12,0.45,3.194,RUN,OK,RUN,0.98
2026-01-27T00:37:30.835921Z,58.16,60.36,57.36,5.46,eco,0.05,37.0,17.83,94.59,1561.8,16.51,1387.1,1518.7,174.6,1289.7,47.93,34.99,1.12,0.45,3.197,RUN,OK,RUN,0.98
2026-01-27T00:37:31.035921Z,58.22,60.4,57.38,5.41,eco,0.05,37.0,17.81,94.57,1553.8,16.43,1387.3,1521.4,166.5,1289.8,47.93,34.99,1.11,0.45,3.2,RUN,OK,RUN,0.98
2026-01-27T00:37:31.235921Z,58.28,60.45,57.41,5.37,eco,0.05,37.0,17.8,94.55,1545.8,16.35,1387.5,1524.1,158.3,1290.0,47.92,34.99,1.11,0.45,3.203,RUN,OK,RUN,0.98
2026-01-27T00:37:31.435921Z,58.35,60.5,57.44,5.33,eco,0.05,37.0,17.78,94.53,1537.8,16.27,1387.7,1526.7,150.1,1290.1,47.92,34.99,1.11,0.45,3.206,RUN,OK,RUN,0.98
2026-01-27T00:37:31.635921Z,58.41,60.55,57.46,5.29,eco,0.05,37.0,17.76,94.51,1529.7,16.19,1387.9,1529.3,141.8,1290.3,47.92,34.99,1.1,0.45,3.21,RUN,OK,RUN,0.98
2026-01-27T00:37:31.835921Z,58.47,60.59,57.49,5.25,eco,0.05,37.0,17.74,94.49,1521.6,16.1,1388.0,1531.8,133.5,1290.4,47.92,34.99,1.1,0.45,3.213,RUN,OK,RUN,0.98
2026-01-27T00:37:32.035921Z,58.54,60.64,57.52,5.21,eco,0.05,37.0,17.72,94.47,1513.4,16.02,1388.2,1534.4,125.2,1290.6,47.92,34.99,1.1,0.45,3.216,RUN,OK,RUN,0.98
2026-01-27T00:37:32.235921Z,58.6,60.69,57.55,5.18,eco,0.05,37.0,17.7,94.45,1505.2,15.94,1388.4,1536.8,116.8,1290.7,47.92,34.99,1.1,0.45,3.219,RUN,OK,RUN,0.98
2026-01-27T00:37:32.435921Z,58.67,60.74,57.58,5.15,eco,0.05,37.0,17.67,94.43,1497.0,15.85,1388.6,1539.2,108.4,1290.9,47.92,34.99,1.09,0.45,3.222,RUN,OK,RUN,0.98
2026-01-27T00:37:32.635921Z,58.73,60.79,57.62,5.12,eco,0.05,37.0,17.65,94.41,1488.7,15.77,1388.8,1541.6,100.0,1291.0,47.91,34.99,1.09,0.45,3.226,RUN,OK,RUN,0.98
2026-01-27T00:37:32.835921Z,58.8,60.84,57.65,5.1,eco,0.05,37.0,17.63,94.39,1480.4,15.68,1388.9,1543.9,91.5,1291.1,47.91,34.99,1.09,0.45,3.229,RUN,OK,RUN,0.98
2026-01-27T00:37:33.035921Z,58.87,60.9,57.68,5.08,eco,0.05,37.0,17.6,94.37,1472.1,15.6,1389.1,1546.2,83.0,1291.3,47.91,34.99,1.08,0.45,3.232,RUN,OK,RUN,0.98
2026-01-27T00:37:33.235921Z,58.93,60.95,57.72,5.06,eco,0.05,37.0,17.58,94.35,1463.7,15.51,1389.3,1548.4,74.4,1291.4,47.91,34.99,1.08,0.44,3.235,RUN,OK,RUN,0.98
2026-01-27T00:37:33.435921Z,59.0,61.0,57.76,5.04,eco,0.05,37.0,17.55,94.33,1455.3,15.43,1389.4,1550.6,65.8,1291.6,47.91,34.99,1.08,0.44,3.238,RUN,OK,RUN,0.98
2026-01-27T00:37:33.635921Z,59.07,61.05,57.79,5.03,eco,0.05,37.0,17.53,94.31,1446.8,15.34,1389.6,1552.8,57.2,1291.7,47.91,34.99,1.07,0.44,3.242,RUN,OK,RUN,0.98
2026-01-27T00:37:33.835921Z,59.14,61.11,57.83,5.02,eco,0.05,36.99,17.5,94.29,1438.4,15.25,1389.8,1554.9,48.6,1291.8,47.9,34.99,1.07,0.44,3.245,RUN,OK,RUN,0.98
2026-01-27T00:37:34.035921Z,59.21,61.16,57.87,5.01,eco,0.05,36.99,17.47,94.27,1429.9,15.17,1390.0,1556.9,39.9,1292.0,47.9,34.99,1.07,0.44,3.248,RUN,OK,RUN,0.98
2026-01-27T00:37:34.235921Z,59.28,61.22,57.91,5.0,eco,0.05,36.99,17.44,94.25,1421.3,15.08,1390.1,1558.9,31.2,1292.1,47.9,34.99,1.07,0.44,3.251,RUN,OK,RUN,0.98
2026-01-27T00:37:34.435921Z,59.35,61.27,57.95,5.0,eco,0.05,36.99,17.41,94.23,1412.8,14.99,1390.3,1560.9,22.5,1292.2,47.9,34.99,1.06,0.44,3.255,RUN,OK,RUN,0.98
2026-01-27T00:37:34.635921Z,59.42,61.33,57.99,5.0,eco,0.05,36.99,17.38,94.21,1404.2,14.9,1390.4,1562.8,13.8,1292.4,47.9,34.99,1.06,0.44,3.258,RUN,OK,RUN,0.98
2026-01-27T00:37:34.835921Z,59.49,61.38,58.04,5.0,eco,0.05,36.99,17.35,94.19,1395.6,14.82,1390.6,1564.7,5.0,1292.5,47.9,35.0,1.06,0.44,3.261,RUN,OK,RUN,0.98
2026-01-27T00:37:35.035921Z,59.56,61.44,58.08,5.01,eco,0.05,36.99,17.32,94.17,1387.0,14.73,1390.8,1566.5,-3.8,1292.6,47.89,35.0,1.05,0.44,3.264,RUN,OK,RUN,0.98
2026-01-27T00:37:35.235921Z,59.63,61.49,58.13,5.01,eco,0.05,36.99,17.28,94.15,1378.3,14.64,1390.9,1568.3,-12.6,1292.7,47.89,35.0,1.05,0.44,3.267,RUN,OK,RUN,0.98
2026-01-27T00:37:35.435921Z,59.7,61.55,58.17,5.03,eco,0.05,36.99,17.25,94.13,1369.6,14.55,1391.1,1570.0,-21.4,1292.9,47.89,35.0,1.05,0.44,3.271,RUN,OK,RUN,0.98
2026-01-27T00:37:35.635921Z,59.78,61.61,58.22,5.04,eco,0.05,36.99,17.22,94.11,1360.9,14.46,1391.2,1571.7,-30.3,1293.0,47.89,35.0,1.04,0.44,3.274,RUN,OK,RUN,0.98
2026-01-27T00:37:35.835921Z,59.85,61.67,58.27,5.05,eco,0.05,36.99,17.18,94.09,1352.2,14.37,1391.4,1573.3,-39.2,1293.1,47.89,35.0,1.04,0.44,3.277,RUN,OK,RUN,0.98
2026-01-27T00:37:36.035921Z,59.92,61.72,58.32,5.07,eco,0.05,36.99,17.15,94.07,1343.5,14.28,1391.5,1574.9,-48.1,1293.2,47.88,35.0,1.04,0.44,3.28,RUN,OK,RUN,0.98
2026-01-27T00:37:36.235921Z,60.0,61.78,58.37,5.09,eco,0.05,36.99,17.11,94.05,1334.7,14.19,1391.7,1576.4,-57.0,1293.4,47.88,35.0,1.04,0.44,3.284,RUN,OK,RUN,0.98
2026-01-27T00:37:36.435921Z,60.07,61.84,58.42,5.12,eco,0.05,36.99,17.07,94.03,1326.0,14.1,1391.9,1577.9,-65.9,1293.5,47.88,35.0,1.03,0.44,3.287,RUN,OK,RUN,0.98
2026-01-27T00:37:36.635921Z,60.15,61.9,58.47,5.14,eco,0.05,36.99,17.04,94.01,1317.2,14.01,1392.0,1579.4,-74.8,1293.6,47.88,35.0,1.03,0.43,3.29,RUN,OK,RUN,0.98
2026-01-27T00:37:36.835921Z,60.22,61.96,58.53,5.17,eco,0.05,36.99,17.0,93.99,1308.4,13.92,1392.1,1580.8,-83.8,1293.7,47.88,35.0,1.03,0.43,3.293,RUN,OK,RUN,0.98
2026-01-27T00:37:37.035921Z,60.3,62.02,58.58,5.2,eco,0.05,36.99,16.96,93.98,1299.6,13.83,1392.3,1582.1,-92.7,1293.8,47.88,35.0,1.02,0.43,3.297,RUN,OK,RUN,0.98
2026-01-27T00:37:37.235921Z,60.38,62.08,58.64,5.24,eco,0.05,36.99,16.92,93.96,1290.7,13.74,1392.4,1583.4,-101.7,1294.0,47.87,35.0,1.02,0.43,3.3,RUN,OK,RUN,0.98
2026-01-27T00:37:37.435921Z,60.45,62.14,58.7,5.27,eco,0.05,36.99,16.88,93.94,1281.9,13.65,1392.6,1584.6,-110.7,1294.1,47.87,35.0,1.02,0.43,3.303,RUN,OK,RUN,0.98
2026-01-27T00:37:37.635921Z,60.53,62.21,58.76,5.31,eco,0.05,36.99,16.84,93.92,1273.1,13.56,1392.7,1585.8,-119.7,1294.2,47.87,35.0,1.01,0.43,3.306,RUN,OK,RUN,0.98
2026-01-27T00:37:37.835921Z,60.61,62.27,58.82,5.35,eco,0.05,36.99,16.79,93.9,1264.2,13.46,1392.9,1587.0,-128.7,1294.3,47.87,35.0,1.01,0.43,3.31,RUN,OK,RUN,0.98
2026-01-27T00:37:38.035921Z,60.69,62.33,58.88,5.4,eco,0.05,36.99,16.75,93.88,1255.3,13.37,1393.0,1588.1,-137.7,1294.4,47.87,35.0,1.01,0.43,3.313,RUN,OK,RUN,0.98
2026-01-27T00:37:38.235921Z,60.77,62.39,58.94,5.45,eco,0.05,36.99,16.71,93.86,1246.5,13.28,1393.1,1589.2,-146.7,1294.5,47.86,35.0,1.0,0.43,3.316,RUN,OK,RUN,0.98
2026-01-27T00:37:38.435921Z,60.84,62.46,59.0,5.5,eco,0.05,36.99,16.67,93.84,1237.6,13.19,1393.3,1590.2,-155.7,1294.6,47.86,35.0,1.0,0.43,3.32,RUN,OK,RUN,0.98
2026-01-27T00:37:38.635921Z,60.92,62.52,59.07,5.55,eco,0.05,36.99,16.62,93.82,1228.7,13.1,1393.4,1591.1,-164.7,1294.7,47.86,35.0,1.0,0.43,3.323,RUN,OK,RUN,0.98
2026-01-27T00:37:38.835921Z,61.0,62.58,59.13,5.6,eco,0.05,36.99,16.58,93.8,1219.8,13.0,1393.6,1592.0,-173.7,1294.8,47.86,35.0,0.99,0.43,3.326,RUN,OK,RUN,0.98
2026-01-27T00:37:39.035921Z,61.08,62.65,59.2,5.66,eco,0.05,36.98,16.53,93.78,1210.9,12.91,1393.7,1592.9,-182.7,1294.9,47.86,35.0,0.99,0.43,3.329,RUN,OK,RUN,0.98
2026-01-27T00:37:39.235921Z,61.16,62.71,59.27,5.72,eco,0.05,36.98,16.48,93.76,1202.0,12.82,1393.8,1593.7,-191.8,1295.1,47.85,35.0,0.99,0.43,3.333,RUN,OK,RUN,0.98
2026-01-27T00:37:39.435921Z,61.25,62.78,59.33,5.78,eco,0.05,36.98,16.44,93.74,1193.2,12.73,1393.9,1594.5,-200.8,1295.2,47.85,35.0,0.98,0.43,3.336,RUN,OK,RUN,0.98
2026-01-27T00:37:39.635921Z,61.33,62.84,59.4,5.85,eco,0.05,36.98,16.39,93.72,1184.3,12.64,1394.1,1595.2,-209.8,1295.3,47.85,35.0,0.98,0.43,3.339,RUN,OK,RUN,0.98
2026-01-27T00:37:39.835921Z,61.41,62.91,59.48,5.92,eco,0.05,36.98,16.34,93.7,1175.4,12.54,1394.2,1595.9,-218.8,1295.4,47.85,35.0,0.98,0.42,3.343,RUN,OK,RUN,0.98
2026-01-27T00:37:40.035921Z,61.49,62.98,59.55,5.99,eco,0.05,36.98,16.29,93.68,1166.5,12.45,1394.3,1596.5,-227.8,1295.5,47.85,35.0,0.97,0.42,3.346,RUN,OK,RUN,0.98
2026-01-27T00:37:40.235921Z,61.57,63.04,59.62,6.06,eco,0.05,36.98,16.24,93.66,1157.6,12.36,1394.5,1597.0,-236.8,1295.6,47.84,35.0,0.97,0.42,3.349,RUN,OK,RUN,0.98
2026-01-27T00:37:40.435921Z,61.66,63.11,59.7,6.13,eco,0.05,36.98,16.19,93.65,1148.7,12.27,1394.6,1597.6,-245.8,1295.7,47.84,35.0,0.97,0.42,3.352,RUN,OK,RUN,0.98
2026-01-27T00:37:40.635921Z,61.74,63.18,59.77,6.21,eco,0.05,36.98,16.14,93.63,1139.9,12.17,1394.7,1598.0,-254.8,1295.8,47.84,35.0,0.96,0.42,3.356,RUN,OK,RUN,0.98
2026-01-27T00:37:40.835921Z,61.82,63.24,59.85,6.29,eco,0.05,36.98,16.09,93.61,1131.0,12.08,1394.8,1598.4,-263.8,1295.9,47.84,35.0,0.96,0.42,3.359,RUN,OK,RUN,0.98
2026-01-27T00:37:41.035921Z,61.91,63.31,59.93,6.37,eco,0.05,36.98,16.04,93.59,1122.2,11.99,1394.9,1598.8,-272.8,1295.9,47.83,35.0,0.96,0.42,3.362,RUN,OK,RUN,0.98
2026-01-27T00:37:41.235921Z,61.99,63.38,60.01,6.46,eco,0.05,36.98,15.98,93.57,1113.3,11.9,1395.1,1599.1,-281.7,1296.0,47.83,35.0,0.95,0.42,3.366,RUN,OK,RUN,0.98
2026-01-27T00:37:41.435921Z,62.08,63.45,60.09,6.54,eco,0.05,36.98,15.93,93.55,1104.5,11.81,1395.2,1599.4,-290.7,1296.1,47.83,35.0,0.95,0.42,3.369,RUN,OK,RUN,0.98
2026-01-27T00:37:41.635921Z,62.16,63.52,60.17,6.63,eco,0.05,36.98,15.88,93.53,1095.7,11.71,1395.3,1599.6,-299.6,1296.2,47.83,35.0,0.95,0.42,3.372,RUN,OK,RUN,0.98
2026-01-27T00:37:41.835921Z,62.25,63.59,60.25,6.73,eco,0.05,36.98,15.82,93.51,1086.9,11.62,1395.4,1599.8,-308.5,1296.3,47.83,35.0,0.95,0.42,3.376,RUN,OK,RUN,0.98
2026-01-27T00:37:42.035921Z,62.33,63.66,60.33,6.82,eco,0.05,36.98,15.77,93.49,1078.1,11.53,1395.5,1599.9,-317.4,1296.4,47.82,35.0,0.94,0.42,3.379,RUN,OK,RUN,0.98
2026-01-27T00:37:42.235921Z,62.42,63.73,60.42,6.92,eco,0.05,36.98,15.71,93.47,1069.3,11.44,1395.6,1600.0,-326.3,1296.5,47.82,35.0,0.94,0.42,3.383,RUN,OK,RUN,0.98
2026-01-27T00:37:42.435921Z,62.51,63.8,60.51,7.02,eco,0.05,36.98,15.65,93.45,1060.5,11.35,1395.7,1600.0,-335.2,1296.6,47.82,35.0,0.94,0.42,3.386,RUN,OK,RUN,0.98
2026-01-27T00:37:42.635921Z,62.59,63.87,60.59,7.12,eco,0.05,36.97,15.6,93.43,1051.8,11.26,1395.8,1600.0,-344.0,1296.7,47.82,35.0,0.93,0.41,3.389,RUN,OK,RUN,0.98
2026-01-27T00:37:42.835921Z,62.68,63.94,60.68,7.22,eco,0.0501,36.97,15.54,93.42,1043.1,11.17,1395.9,1599.9,-352.9,1296.8,47.81,35.0,0.93,0.41,3.393,RUN,OK,RUN,0.98
2026-01-27T00:37:43.035921Z,62.77,64.01,60.77,7.33,eco,0.0503,36.97,15.48,93.4,1034.4,11.07,1396.0,1599.8,-361.7,1296.8,47.81,35.0,0.92,0.41,3.396,RUN,OK,RUN,0.98
2026-01-27T00:37:43.235921Z,62.85,64.08,60.86,7.43,eco,0.0508,36.97,15.42,93.38,1025.7,10.98,1396.2,1599.6,-370.5,1296.9,47.81,35.0,0.92,0.41,3.399,RUN,OK,RUN,0.98
2026-01-27T00:37:43.435921Z,62.94,64.15,60.95,7.55,eco,0.0514,36.97,15.36,93.36,1017.0,10.89,1396.3,1599.4,-379.2,1297.0,47.81,35.0,0.92,0.41,3.403,RUN,OK,RUN,0.98
2026-01-27T00:37:43.635921Z,63.03,64.23,61.05,7.66,eco,0.0521,36.97,15.3,93.34,1008.4,10.8,1396.4,1599.1,-388.0,1297.1,47.81,35.0,0.91,0.41,3.406,RUN,OK,RUN,0.98
2026-01-27T00:37:43.835921Z,63.12,64.3,61.14,7.77,eco,0.0531,36.97,15.24,93.32,999.8,10.71,1396.5,1598.8,-396.7,1297.2,47.8,35.0,0.91,0.41,3.41,RUN,OK,RUN,0.98
2026-01-27T00:37:44.035921Z,63.21,64.37,61.23,7.89,eco,0.0542,36.97,15.18,93.3,991.2,10.62,1396.6,1598.4,-405.4,1297.2,47.8,35.0,0.91,0.41,3.413,RUN,OK,RUN,0.98
2026-01-27T00:37:44.235921Z,63.3,64.45,61.33,8.01,eco,0.0555,36.97,15.12,93.28,982.6,10.53,1396.7,1598.0,-414.1,1297.3,47.8,35.0,0.9,0.41,3.416,RUN,OK,RUN,0.98
2026-01-27T00:37:44.435921Z,63.39,64.52,61.43,8.13,eco,0.057,36.97,15.06,93.26,974.1,10.44,1396.7,1597.5,-422.7,1297.4,47.8,35.0,0.9,0.41,3.42,RUN,OK,RUN,0.98
2026-01-27T00:37:44.635921Z,63.48,64.59,61.53,8.25,eco,0.0586,36.97,15.0,93.25,965.5,10.35,1396.8,1597.0,-431.3,1297.5,47.79,35.0,0.9,0.41,3.423,RUN,OK,RUN,0.98
2026-01-27T00:37:44.835921Z,63.57,64.67,61.63,8.38,eco,0.0604,36.97,14.94,93.23,957.1,10.27,1396.9,1596.4,-439.9,1297.5,47.79,35.0,0.89,0.41,3.427,RUN,OK,RUN,0.98
2026-01-27T00:37:45.035921Z,63.66,64.74,61.73,8.51,eco,0.0624,36.97,14.87,93.21,948.6,10.18,1397.0,1595.8,-448.4,1297.6,47.79,35.0,0.89,0.41,3.43,RUN,OK,RUN,0.98
2026-01-27T00:37:45.235921Z,63.75,64.82,61.83,8.64,eco,0.0646,36.97,14.81,93.19,940.2,10.09,1397.1,1595.1,-456.9,1297.7,47.79,35.0,0.89,0.41,3.433,RUN,OK,RUN,0.98
2026-01-27T00:37:45.435921Z,63.84,64.89,61.93,8.77,eco,0.0669,36.97,14.74,93.17,931.8,10.0,1397.2,1594.4,-465.4,1297.8,47.78,35.0,0.88,0.4,3.437,RUN,OK,RUN,0.98
2026-01-27T00:37:45.635921Z,63.93,64.97,62.03,8.9,eco,0.0694,36.96,14.68,93.15,923.4,9.91,1397.3,1593.6,-473.9,1297.8,47.78,35.0,0.88,0.4,3.44,RUN,OK,RUN,0.98
2026-01-27T00:37:45.835921Z,64.02,65.04,62.14,9.04,eco,0.072,36.96,14.61,93.13,915.1,9.83,1397.4,1592.8,-482.3,1297.9,47.78,35.0,0.88,0.4,3.444,RUN,OK,RUN,0.98
2026-01-27T00:37:46.035921Z,64.11,65.12,62.24,9.17,eco,0.0749,36.96,14.55,93.12,906.8,9.74,1397.5,1591.9,-490.6,1298.0,47.78,35.0,0.87,0.4,3.447,RUN,OK,RUN,0.98
2026-01-27T00:37:46.235921Z,64.21,65.19,62.35,9.31,eco,0.0779,36.96,14.48,93.1,898.6,9.65,1397.5,1591.0,-499.0,1298.0,47.77,35.0,0.87,0.4,3.451,RUN,OK,RUN,0.98
2026-01-27T00:37:46.435921Z,64.3,65.27,62.46,9.45,eco,0.081,36.96,14.42,93.08,890.3,9.57,1397.6,1590.0,-507.3,1298.1,47.77,35.0,0.87,0.4,3.454,RUN,OK,RUN,0.98
2026-01-27T00:37:46.635921Z,64.39,65.34,62.57,9.6,eco,0.0843,36.96,14.35,93.06,882.2,9.48,1397.7,1589.0,-515.5,1298.2,47.77,35.0,0.86,0.4,3.458,RUN,OK,RUN,0.98
2026-01-27T00:37:46.835921Z,64.48,65.42,62.68,9.74,eco,0.0878,36.96,14.28,93.04,874.0,9.39,1397.8,1588.0,-523.8,1298.2,47.77,35.0,0.86,0.4,3.461,RUN,OK,RUN,0.98
2026-01-27T00:37:47.035921Z,64.58,65.5,62.79,9.89,eco,0.0915,36.96,14.21,93.02,865.9,9.31,1397.9,1586.9,-531.9,1298.3,47.76,35.0,0.86,0.4,3.465,RUN,OK,RUN,0.98
2026-01-27T00:37:47.235921Z,64.67,65.57,62.9,10.04,eco,0.0953,36.96,14.15,93.01,857.9,9.22,1397.9,1585.7,-540.1,1298.4,47.76,35.0,0.85,0.4,3.468,RUN,OK,RUN,0.98
2026-01-27T00:37:47.435921Z,64.76,65.65,63.01,10.19,eco,0.0993,36.96,14.08,92.99,849.9,9.14,1398.0,1584.5,-548.1,1298.4,47.76,35.0,0.85,0.4,3.472,RUN,OK,RUN,0.98
2026-01-27T00:37:47.635921Z,64.86,65.73,63.12,10.34,eco,0.1034,36.96,14.01,92.97,841.9,9.06,1398.1,1583.2,-556.2,1298.5,47.75,35.0,0.85,0.4,3.475,RUN,OK,RUN,0.98
2026-01-27T00:37:47.835921Z,64.95,65.81,63.24,10.49,eco,0.1077,36.96,13.94,92.95,834.0,8.97,1398.2,1581.9,-564.2,1298.5,47.75,35.0,0.84,0.4,3.479,RUN,OK,RUN,0.98
2026-01-27T00:37:48.035921Z,65.05,65.88,63.35,10.65,eco,0.1121,36.95,13.87,92.93,826.1,8.89,1398.2,1580.6,-572.1,1298.6,47.75,35.0,0.84,0.4,3.482,RUN,OK,RUN,0.98
2026-01-27T00:37:48.235921Z,65.14,65.96,63.47,10.81,eco,0.1168,36.95,13.8,92.91,818.3,8.81,1398.3,1579.2,-580.0,1298.6,47.75,35.0,0.83,0.39,3.486,RUN,OK,RUN,0.98
2026-01-27T00:37:48.435921Z,65.24,66.04,63.59,10.97,eco,0.1215,36.95,13.73,92.9,810.5,8.72,1398.4,1577.7,-587.9,1298.7,47.74,35.0,0.83,0.39,3.489,RUN,OK,RUN,0.98
2026-01-27T00:37:48.635921Z,65.33,66.12,63.7,11.13,eco,0.1264,36.95,13.66,92.88,802.7,8.64,1398.4,1576.2,-595.7,1298.7,47.74,35.0,0.83,0.39,3.493,RUN,OK,RUN,0.98
2026-01-27T00:37:48.835921Z,65.43,66.2,63.82,11.29,eco,0.1315,36.95,13.59,92.86,795.0,8.56,1398.5,1574.7,-603.5,1298.8,47.74,35.0,0.82,0.39,3.496,RUN,OK,RUN,0.98
2026-01-27T00:37:49.035921Z,65.52,66.28,63.94,11.45,eco,0.1367,36.95,13.51,92.84,787.4,8.48,1398.6,1573.1,-611.2,1298.9,47.74,35.0,0.82,0.39,3.5,RUN,OK,RUN,0.98
2026-01-27T00:37:49.235921Z,65.62,66.36,64.06,11.62,eco,0.1421,36.95,13.44,92.82,779.8,8.4,1398.6,1571.5,-618.8,1298.9,47.73,35.0,0.82,0.39,3.503,RUN,OK,RUN,0.98
2026-01-27T00:37:49.435921Z,65.71,66.43,64.18,11.78,eco,0.1477,36.95,13.37,92.81,772.3,8.32,1398.7,1569.8,-626.4,1299.0,47.73,35.0,0.81,0.39,3.507,RUN,OK,RUN,0.98
2026-01-27T00:37:49.635921Z,65.81,66.51,64.31,11.95,eco,0.1534,36.95,13.3,92.79,764.8,8.24,1398.7,1568.0,-634.0,1299.0,47.73,35.0,0.81,0.39,3.511,RUN,OK,RUN,0.98
2026-01-27T00:37:49.835921Z,65.9,66.59,64.43,12.12,eco,0.1592,36.95,13.22,92.77,757.4,8.16,1398.8,1566.3,-641.5,1299.0,47.73,35.0,0.81,0.39,3.514,RUN,OK,RUN,0.98
2026-01-27T00:37:50.035921Z,66.0,66.67,64.55,12.29,eco,0.1652,36.95,13.15,92.75,750.0,8.09,1398.9,1564.4,-648.9,1299.1,47.72,35.0,0.8,0.39,3.518,RUN,OK,RUN,0.98
2026-01-27T00:37:50.235921Z,66.1,66.75,64.68,12.46,eco,0.1713,36.94,13.08,92.73,742.7,8.01,1398.9,1562.6,-656.3,1299.1,47.72,34.99,0.8,0.39,3.521,RUN,OK,RUN,0.98
2026-01-27T00:37:50.435921Z,66.19,66.83,64.8,12.64,eco,0.1776,36.94,13.0,92.72,735.4,7.93,1399.0,1560.6,-663.6,1299.2,47.72,34.99,0.8,0.39,3.525,RUN,OK,RUN,0.98
2026-01-27T00:37:50.635921Z,66.29,66.91,64.93,12.81,eco,0.184,36.94,12.93,92.7,728.2,7.86,1399.0,1558.7,-670.8,1299.2,47.71,34.99,0.79,0.39,3.529,RUN,OK,RUN,0.98
2026-01-27T00:37:50.835921Z,66.39,66.99,65.05,12.99,eco,0.1906,36.94,12.85,92.68,721.0,7.78,1399.1,1556.7,-678.0,1299.3,47.71,34.99,0.79,0.38,3.532,RUN,OK,RUN,0.98
2026-01-27T00:37:51.035921Z,66.49,67.08,65.18,13.17,eco,0.1973,36.94,12.78,92.66,713.9,7.7,1399.1,1554.6,-685.2,1299.3,47.71,34.99,0.78,0.38,3.536,RUN,OK,RUN,0.98
2026-01-27T00:37:51.235921Z,66.58,67.16,65.31,13.34,eco,0.2041,36.94,12.7,92.65,706.9,7.63,1399.2,1552.5,-692.3,1299.3,47.71,34.99,0.78,0.38,3.539,RUN,OK,RUN,0.98
2026-01-27T00:37:51.435921Z,66.68,67.24,65.44,13.52,eco,0.2111,36.94,12.63,92.63,699.9,7.56,1399.2,1550.4,-699.3,1299.4,47.7,34.99,0.78,0.38,3.543,RUN,OK,RUN,0.98
2026-01-27T00:37:51.635921Z,66.78,67.32,65.57,13.71,eco,0.2182,36.94,12.55,92.61,693.0,7.48,1399.3,1548.2,-706.2,1299.4,47.7,34.99,0.77,0.38,3.547,RUN,OK,RUN,0.98
2026-01-27T00:37:51.835921Z,66.88,67.4,65.7,13.89,eco,0.2255,36.94,12.48,92.59,686.2,7.41,1399.3,1545.9,-713.1,1299.4,47.7,34.99,0.77,0.38,3.55,RUN,OK,RUN,0.98
2026-01-27T00:37:52.035921Z,66.97,67.48,65.83,14.07,eco,0.2329,36.94,12.4,92.57,679.4,7.34,1399.4,1543.6,-719.9,1299.5,47.69,34.99,0.77,0.38,3.554,RUN,OK,RUN,0.98
2026-01-27T00:37:52.235921Z,67.07,67.56,65.96,14.26,eco,0.2404,36.94,12.32,92.56,672.7,7.27,1399.4,1541.3,-726.7,1299.5,47.69,34.99,0.76,0.38,3.558,RUN,OK,RUN,0.98
2026-01-27T00:37:52.435921Z,67.17,67.64,66.09,14.44,eco,0.2481,36.93,12.25,92.54,666.0,7.2,1399.4,1538.9,-733.4,1299.5,47.69,34.99,0.76,0.38,3.561,RUN,OK,RUN,0.98
2026-01-27T00:37:52.635921Z,67.27,67.72,66.22,14.63,eco,0.2559,36.93,12.17,92.52,659.5,7.13,1399.5,1536.5,-740.0,1299.6,47.68,34.99,0.75,0.38,3.565,RUN,OK,RUN,0.98
2026-01-27T00:37:52.835921Z,67.37,67.81,66.36,14.81,eco,0.2639,36.93,12.09,92.51,652.9,7.06,1399.5,1534.0,-746.6,1299.6,47.68,34.99,0.75,0.38,3.569,RUN,OK,RUN,0.98
2026-01-27T00:37:53.035921Z,67.46,67.89,66.49,15.0,eco,0.2719,36.93,12.02,92.49,646.5,6.99,1399.5,1531.5,-753.1,1299.6,47.68,34.99,0.75,0.38,3.572,RUN,OK,RUN,0.98
2026-01-27T00:37:53.235921Z,67.56,67.97,66.62,15.19,eco,0.2801,36.93,11.94,92.47,640.1,6.92,1399.6,1529.0,-759.5,1299.7,47.68,34.99,0.74,0.37,3.576,RUN,OK,RUN,0.98
2026-01-27T00:37:53.435921Z,67.66,68.05,66.76,15.38,eco,0.2884,36.93,11.86,92.45,633.8,6.86,1399.6,1526.4,-765.8,1299.7,47.67,34.99,0.74,0.37,3.58,RUN,OK,RUN,0.98
2026-01-27T00:37:53.635921Z,67.76,68.13,66.89,15.57,eco,0.2969,36.93,11.78,92.44,627.5,6.79,1399.6,1523.7,-772.1,1299.7,47.67,34.99,0.74,0.37,3.584,RUN,OK,RUN,0.98
2026-01-27T00:37:53.835921Z,67.86,68.22,67.03,15.76,eco,0.3054,36.93,11.71,92.42,621.4,6.72,1399.7,1521.1,-778.3,1299.7,47.67,34.99,0.73,0.37,3.587,RUN,OK,RUN,0.98
2026-01-27T00:37:54.035921Z,67.96,68.3,67.16,15.96,eco,0.3141,36.93,11.63,92.4,615.3,6.66,1399.7,1518.3,-784.4,1299.8,47.66,34.99,0.73,0.37,3.591,RUN,OK,RUN,0.98
2026-01-27T00:37:54.235921Z,68.06,68.38,67.3,16.15,eco,0.3229,36.92,11.55,92.38,609.2,6.59,1399.7,1515.6,-790.5,1299.8,47.66,34.99,0.72,0.37,3.595,RUN,OK,RUN,0.98
2026-01-27T00:37:54.435921Z,68.16,68.46,67.43,16.34,eco,0.3319,36.92,11.47,92.37,603.3,6.53,1399.8,1512.8,-796.5,1299.8,47.66,34.99,0.72,0.37,3.598,RUN,OK,RUN,0.98
2026-01-27T00:37:54.635921Z,68.26,68.55,67.57,16.54,eco,0.3409,36.92,11.39,92.35,597.4,6.47,1399.8,1509.9,-802.4,1299.8,47.65,34.99,0.72,0.37,3.602,RUN,OK,RUN,0.98
2026-01-27T00:37:54.835921Z,68.36,68.63,67.71,16.73,eco,0.3501,36.92,11.31,92.33,591.6,6.41,1399.8,1507.0,-808.2,1299.8,47.65,34.99,0.71,0.37,3.606,RUN,OK,RUN,0.98
2026-01-27T00:37:55.035921Z,68.45,68.71,67.85,16.93,eco,0.3594,36.92,11.23,92.32,585.9,6.35,1399.8,1504.1,-814.0,1299.9,47.65,34.99,0.71,0.37,3.61,RUN,OK,RUN,0.98
2026-01-27T00:37:55.235921Z,68.55,68.8,67.98,17.12,eco,0.3688,36.92,11.15,92.3,580.2,6.29,1399.9,1501.1,-819.7,1299.9,47.64,34.99,0.71,0.37,3.614,RUN,OK,RUN,0.98
2026-01-27T00:37:55.435921Z,68.65,68.88,68.12,17.32,eco,0.3783,36.92,11.07,92.28,574.6,6.23,1399.9,1498.1,-825.3,1299.9,47.64,34.99,0.7,0.37,3.617,RUN,OK,RUN,0.98
2026-01-27T00:37:55.635921Z,68.75,68.96,68.26,17.52,eco,0.3879,36.92,11.0,92.27,569.1,6.17,1399.9,1495.0,-830.8,1299.9,47.64,34.99,0.7,0.36,3.621,RUN,OK,RUN,0.98
2026-01-27T00:37:55.835921Z,68.85,69.04,68.4,17.71,eco,0.3976,36.92,10.92,92.25,563.7,6.11,1399.9,1491.9,-836.2,1299.9,47.64,34.99,0.69,0.36,3.625,RUN,OK,RUN,0.98
2026-01-27T00:37:56.035921Z,68.95,69.13,68.54,17.91,eco,0.4074,36.91,10.84,92.23,558.3,6.05,1399.9,1488.8,-841.6,1299.9,47.63,34.98,0.69,0.36,3.629,RUN,OK,RUN,0.98
2026-01-27T00:37:56.235921Z,69.05,69.21,68.68,18.11,eco,0.4174,36.91,10.76,92.22,553.1,6.0,1399.9,1485.6,-846.9,1300.0,47.63,34.98,0.69,0.36,3.633,RUN,OK,RUN,0.98
2026-01-27T00:37:56.435921Z,69.15,69.29,68.82,18.31,eco,0.4274,36.91,10.68,92.2,547.9,5.94,1400.0,1482.4,-852.1,1300.0,47.63,34.98,0.68,0.36,3.636,RUN,OK,RUN,0.98
2026-01-27T00:37:56.635921Z,69.25,69.38,68.95,18.51,eco,0.4376,36.91,10.6,92.18,542.8,5.89,1400.0,1479.1,-857.2,1300.0,47.62,34.98,0.68,0.36,3.64,RUN,OK,RUN,0.98
2026-01-27T00:37:56.835921Z,69.35,69.46,69.09,18.71,eco,0.4478,36.91,10.52,92.17,537.7,5.83,1400.0,1475.8,-862.2,1300.0,47.62,34.98,0.68,0.36,3.644,RUN,OK,RUN,0.98
2026-01-27T00:37:57.035921Z,69.45,69.54,69.23,18.91,eco,0.4582,36.91,10.44,92.15,532.8,5.78,1400.0,1472.4,-867.2,1300.0,47.62,34.98,0.67,0.36,3.648,RUN,OK,RUN,0.98
2026-01-27T00:37:57.235921Z,69.55,69.63,69.37,19.1,eco,0.4686,36.91,10.36,92.13,527.9,5.73,1400.0,1469.1,-872.1,1300.0,47.61,34.98,0.67,0.36,3.652,RUN,OK,RUN,0.98
2026-01-27T00:37:57.435921Z,69.65,69.71,69.51,19.3,eco,0.4791,36.91,10.28,92.12,523.1,5.68,1400.0,1465.6,-876.8,1300.0,47.61,34.98,0.66,0.36,3.656,RUN,OK,RUN,0.98
2026-01-27T00:37:57.635921Z,69.75,69.79,69.65,19.5,eco,0.4898,36.91,10.2,92.1,518.5,5.63,1400.0,1462.2,-881.5,1300.0,47.61,34.98,0.66,0.36,3.659,RUN,OK,RUN,0.98
2026-01-27T00:37:57.835921Z,69.85,69.88,69.79,19.7,eco,0.5005,36.9,10.12,92.09,513.8,5.58,1400.0,1458.7,-886.2,1300.0,47.6,34.98,0.66,0.35,3.663,RUN,OK,RUN,0.98
2026-01-27T00:37:58.035921Z,69.95,69.96,69.93,19.9,eco,0.5113,36.9,10.04,92.07,509.3,5.53,1400.0,1455.2,-890.7,1300.0,47.6,34.98,0.65,0.35,3.667,RUN,OK,RUN,0.98
2026-01-27T00:37:58.235921Z,70.05,70.04,70.07,20.1,eco,0.5222,36.9,9.96,92.05,504.9,5.48,1400.0,1451.6,-895.1,1300.0,47.6,34.98,0.65,0.35,3.671,RUN,OK,RUN,0.98
2026-01-27T00:37:58.435921Z,70.15,70.13,70.21,20.3,eco,0.5332,36.9,9.88,92.04,500.5,5.44,1400.0,1448.0,-899.5,1300.0,47.59,34.98,0.64,0.35,3.675,RUN,OK,RUN,0.98
2026-01-27T00:37:58.635921Z,70.25,70.21,70.35,20.5,eco,0.5443,36.9,9.8,92.02,496.2,5.39,1400.0,1444.3,-903.8,1300.0,47.59,34.98,0.64,0.35,3.679,RUN,OK,RUN,0.98
2026-01-27T00:37:58.835921Z,70.35,70.29,70.49,20.7,eco,0.5554,36.9,9.72,92.0,492.1,5.35,1400.0,1440.6,-907.9,1300.0,47.59,34.98,0.64,0.35,3.683,RUN,OK,RUN,0.98
2026-01-27T00:37:59.035921Z,70.45,70.38,70.63,20.9,eco,0.5667,36.9,9.64,91.99,488.0,5.3,1400.0,1436.9,-912.0,1300.0,47.58,34.98,0.63,0.35,3.687,RUN,OK,RUN,0.98
2026-01-27T00:37:59.235921Z,70.55,70.46,70.77,21.1,eco,0.578,36.9,9.56,91.97,484.0,5.26,1400.0,1433.2,-916.0,1300.0,47.58,34.98,0.63,0.35,3.691,RUN,OK,RUN,0.98
2026-01-27T00:37:59.435921Z,70.65,70.54,70.91,21.3,eco,0.5894,36.89,9.48,91.96,480.0,5.22,1400.0,1429.4,-919.9,1300.0,47.58,34.98,0.63,0.35,3.695,RUN,OK,RUN,0.98
2026-01-27T00:37:59.635921Z,70.75,70.63,71.05,21.5,eco,0.6009,36.89,9.4,91.94,476.2,5.18,1400.0,1425.5,-923.8,1300.0,47.57,34.98,0.62,0.35,3.699,RUN,OK,RUN,0.98
2026-01-27T00:37:59.835921Z,70.85,70.71,71.19,21.7,eco,0.6124,36.89,9.32,91.92,472.5,5.14,1399.9,1421.7,-927.5,1300.0,47.57,34.97,0.62,0.35,3.703,RUN,OK,RUN,0.98
2026-01-27T00:38:00.035921Z,70.95,70.79,71.33,21.9,eco,0.624,36.89,9.24,91.91,468.8,5.1,1399.9,1417.8,-931.1,1299.9,47.57,34.97,0.61,0.35,3.707,RUN,OK,RUN,0.98
2026-01-27T00:38:00.235921Z,71.05,70.88,71.47,22.1,eco,0.6357,36.89,9.16,91.89,465.3,5.06,1399.9,1413.8,-934.7,1299.9,47.56,34.97,0.61,0.34,3.71,RUN,OK,RUN,0.98
2026-01-27T00:38:00.435921Z,71.15,70.96,71.61,22.3,eco,0.6475,36.89,9.08,91.88,461.8,5.03,1399.9,1409.9,-938.1,1299.9,47.56,34.97,0.61,0.34,3.714,RUN,OK,RUN,0.98
2026-01-27T00:38:00.635921Z,71.25,71.04,71.75,22.49,eco,0.6593,36.89,9.0,91.86,458.4,4.99,1399.9,1405.9,-941.5,1299.9,47.56,34.97,0.6,0.34,3.718,RUN,OK,RUN,0.98
2026-01-27T00:38:00.835921Z,71.35,71.13,71.88,22.69,eco,0.6712,36.88,8.92,91.85,455.1,4.96,1399.9,1401.8,-944.8,1299.9,47.55,34.97,0.6,0.34,3.722,RUN,OK,RUN,0.98
2026-01-27T00:38:01.035921Z,71.45,71.21,72.02,22.89,eco,0.6832,36.88,8.84,91.83,451.9,4.92,1399.9,1397.8,-947.9,1299.9,47.55,34.97,0.59,0.34,3.726,RUN,OK,RUN,0.98
2026-01-27T00:38:01.235921Z,71.55,71.29,72.16,23.08,eco,0.6952,36.88,8.76,91.82,448.8,4.89,1399.8,1393.7,-951.0,1299.9,47.54,34.97,0.59,0.34,3.73,RUN,OK,RUN,0.98
2026-01-27T00:38:01.435921Z,71.65,71.37,72.3,23.28,eco,0.7073,36.88,8.68,91.8,445.8,4.86,1399.8,1389.5,-954.0,1299.8,47.54,34.97,0.59,0.34,3.734,RUN,OK,RUN,0.98
2026-01-27T00:38:01.635921Z,71.75,71.46,72.43,23.47,eco,0.7194,36.88,8.61,91.79,442.9,4.83,1399.8,1385.4,-956.9,1299.8,47.54,34.97,0.58,0.34,3.738,RUN,OK,RUN,0.98
2026-01-27T00:38:01.835921Z,71.85,71.54,72.57,23.67,eco,0.7316,36.88,8.53,91.77,440.1,4.8,1399.8,1381.2,-959.7,1299.8,47.53,34.97,0.58,0.34,3.743,RUN,OK,RUN,0.98
2026-01-27T00:38:02.035921Z,71.95,71.62,72.71,23.86,eco,0.7439,36.88,8.45,91.75,437.3,4.77,1399.7,1377.0,-962.4,1299.8,47.53,34.97,0.57,0.34,3.747,RUN,OK,RUN,0.98
2026-01-27T00:38:02.235921Z,72.05,71.7,72.84,24.05,eco,0.7562,36.88,8.37,91.74,434.7,4.74,1399.7,1372.7,-965.0,1299.8,47.53,34.97,0.57,0.33,3.751,RUN,OK,RUN,0.98
2026-01-27T00:38:02.435921Z,72.14,71.79,72.98,24.25,eco,0.7685,36.87,8.29,91.72,432.2,4.71,1399.7,1368.4,-967.5,1299.7,47.52,34.97,0.57,0.33,3.755,RUN,OK,RUN,0.98
2026-01-27T00:38:02.635921Z,72.24,71.87,73.11,24.44,eco,0.7809,36.87,8.21,91.71,429.7,4.69,1399.6,1364.1,-969.9,1299.7,47.52,34.97,0.56,0.33,3.759,RUN,OK,RUN,0.98
2026-01-27T00:38:02.835921Z,72.34,71.95,73.25,24.63,eco,0.7934,36.87,8.14,91.69,427.4,4.66,1399.6,1359.7,-972.3,1299.7,47.52,34.97,0.56,0.33,3.763,RUN,OK,RUN,0.98
2026-01-27T00:38:03.035921Z,72.44,72.03,73.38,24.82,eco,0.8059,36.87,8.06,91.68,425.1,4.64,1399.6,1355.4,-974.5,1299.7,47.51,34.96,0.55,0.33,3.767,RUN,OK,RUN,0.98
2026-01-27T00:38:03.235921Z,72.54,72.12,73.52,25.01,eco,0.8184,36.87,7.98,91.66,422.9,4.61,1399.5,1351.0,-976.6,1299.6,47.51,34.96,0.55,0.33,3.771,RUN,OK,RUN,0.98
2026-01-27T00:38:03.435921Z,72.64,72.2,73.65,25.19,eco,0.831,36.87,7.9,91.65,420.9,4.59,1399.5,1346.5,-978.6,1299.6,47.51,34.96,0.55,0.33,3.775,RUN,OK,RUN,0.98
2026-01-27T00:38:03.635921Z,72.74,72.28,73.78,25.38,eco,0.8436,36.87,7.83,91.63,418.9,4.57,1399.5,1342.0,-980.6,1299.6,47.5,34.96,0.54,0.33,3.779,RUN,OK,RUN,0.98
2026-01-27T00:38:03.835921Z,72.84,72.36,73.92,25.57,eco,0.8562,36.86,7.75,91.62,417.0,4.55,1399.4,1337.5,-982.4,1299.5,47.5,34.96,0.54,0.33,3.783,RUN,OK,RUN,0.98
2026-01-27T00:38:04.035921Z,72.93,72.44,74.05,25.75,eco,0.8689,36.86,7.67,91.6,415.3,4.53,1399.4,1333.0,-984.1,1299.5,47.49,34.96,0.53,0.33,3.787,RUN,OK,RUN,0.98
2026-01-27T00:38:04.235921Z,73.03,72.52,74.18,25.94,eco,0.8816,36.86,7.6,91.59,413.6,4.52,1399.4,1328.5,-985.8,1299.5,47.49,34.96,0.53,0.33,3.791,RUN,OK,RUN,0.98
2026-01-27T00:38:04.435921Z,73.13,72.6,74.31,26.12,eco,0.8944,36.86,7.52,91.58,412.0,4.5,1399.3,1323.9,-987.3,1299.4,47.49,34.96,0.53,0.32,3.796,RUN,OK,RUN,0.98
2026-01-27T00:38:04.635921Z,73.23,72.69,74.44,26.3,eco,0.9072,36.86,7.44,91.56,410.5,4.48,1399.3,1319.3,-988.8,1299.4,47.48,34.96,0.52,0.32,3.8,RUN,OK,RUN,0.98
2026-01-27T00:38:04.835921Z,73.32,72.77,74.57,26.48,eco,0.92,36.86,7.37,91.55,409.1,4.47,1399.2,1314.7,-990.1,1299.4,47.48,34.96,0.52,0.32,3.804,RUN,OK,RUN,0.98
2026-01-27T00:38:05.035921Z,73.42,72.85,74.7,26.66,eco,0.9328,36.85,7.29,91.53,407.8,4.46,1399.2,1310.0,-991.3,1299.3,47.48,34.96,0.51,0.32,3.808,RUN,OK,RUN,0.98
2026-01-27T00:38:05.235921Z,73.52,72.93,74.82,26.84,eco,0.9457,36.85,7.22,91.52,406.6,4.44,1399.1,1305.3,-992.5,1299.3,47.47,34.96,0.51,0.32,3.812,RUN,OK,RUN,0.98
2026-01-27T00:38:05.435921Z,73.62,73.01,74.95,27.02,eco,0.9585,36.85,7.14,91.5,405.5,4.43,1399.1,1300.6,-993.5,1299.3,47.47,34.96,0.51,0.32,3.816,RUN,OK,RUN,0.98
2026-01-27T00:38:05.635921Z,73.71,73.09,75.08,27.2,eco,0.9714,36.85,7.07,91.49,404.5,4.42,1399.0,1295.9,-994.5,1299.2,47.46,34.96,0.5,0.32,3.821,RUN,OK,RUN,0.98
2026-01-27T00:38:05.835921Z,73.81,73.17,75.2,27.37,eco,0.9843,36.85,6.99,91.48,403.7,4.41,1399.0,1291.1,-995.3,1299.2,47.46,34.95,0.5,0.32,3.825,RUN,OK,RUN,0.98
2026-01-27T00:38:06.035921Z,73.91,73.25,75.33,27.54,eco,0.9973,36.85,6.92,91.46,402.9,4.4,1398.9,1286.3,-996.1,1299.1,47.46,34.95,0.49,0.32,3.829,RUN,OK,RUN,0.98
2026-01-27T00:38:06.235921Z,74.0,73.33,75.45,27.72,eco,1.0102,36.85,6.85,91.45,402.2,4.4,1398.9,1281.5,-996.7,1299.1,47.45,34.95,0.49,0.32,3.833,RUN,OK,RUN,0.98
2026-01-27T00:38:06.435921Z,74.1,73.41,75.58,27.89,eco,1.0232,36.84,6.77,91.43,401.5,4.39,1398.8,1276.7,-997.3,1299.0,47.45,34.95,0.49,0.32,3.837,RUN,OK,RUN,0.98
2026-01-27T00:38:06.635921Z,74.2,73.49,75.7,28.06,eco,1.0361,36.84,6.7,91.42,401.0,4.39,1398.7,1271.9,-997.7,1299.0,47.44,34.95,0.48,0.31,3.841,RUN,OK,RUN,0.98
2026-01-27T00:38:06.835921Z,74.29,73.57,75.82,28.22,eco,1.0491,36.84,6.63,91.4,400.6,4.38,1398.7,1267.0,-998.0,1298.9,47.44,34.95,0.48,0.31,3.846,RUN,OK,RUN,0.98
2026-01-27T00:38:07.035921Z,74.39,73.65,75.94,28.39,eco,1.0621,36.84,6.55,91.39,400.3,4.38,1398.6,1262.1,-998.3,1298.9,47.44,34.95,0.47,0.31,3.85,RUN,OK,RUN,0.98
2026-01-27T00:38:07.235921Z,74.48,73.73,76.06,28.56,eco,1.075,36.84,6.48,91.38,400.1,4.38,1398.6,1257.2,-998.4,1298.8,47.43,34.95,0.47,0.31,3.854,RUN,OK,RUN,0.98
2026-01-27T00:38:07.435921Z,74.58,73.81,76.18,28.72,eco,1.088,36.84,6.41,91.36,400.0,4.38,1398.5,1252.2,-998.5,1298.8,47.43,34.95,0.47,0.31,3.858,RUN,OK,RUN,0.98
2026-01-27T00:38:07.635921Z,74.67,73.88,76.3,28.88,eco,1.101,36.83,6.34,91.35,400.0,4.38,1398.4,1247.3,-998.4,1298.7,47.43,34.95,0.46,0.31,3.863,RUN,OK,RUN,0.98
2026-01-27T00:38:07.835921Z,74.77,73.96,76.42,29.04,eco,1.114,36.83,6.27,91.34,400.1,4.38,1398.4,1242.3,-998.3,1298.7,47.42,34.95,0.46,0.31,3.867,RUN,OK,RUN,0.98
2026-01-27T00:38:08.035921Z,74.86,74.04,76.54,29.2,eco,1.1269,36.83,6.2,91.32,400.3,4.38,1398.3,1237.3,-998.0,1298.6,47.42,34.95,0.45,0.31,3.871,RUN,OK,RUN,0.98
2026-01-27T00:38:08.235921Z,74.96,74.12,76.65,29.36,eco,1.1399,36.83,6.13,91.31,400.6,4.39,1398.2,1232.3,-997.7,1298.6,47.41,34.95,0.45,0.31,3.875,RUN,OK,RUN,0.98
2026-01-27T00:38:08.435921Z,75.05,74.2,76.77,29.51,eco,1.1528,36.83,6.06,91.3,401.0,4.39,1398.2,1227.2,-997.2,1298.5,47.41,34.94,0.45,0.31,3.88,RUN,OK,RUN,0.98
2026-01-27T00:38:08.635921Z,75.15,74.27,76.88,29.67,eco,1.1658,36.83,5.99,91.28,401.4,4.4,1398.1,1222.2,-996.6,1298.5,47.41,34.94,0.44,0.3,3.884,RUN,OK,RUN,0.98
2026-01-27T00:38:08.835921Z,75.24,74.35,76.99,29.82,eco,1.1787,36.83,5.92,91.27,402.0,4.4,1398.0,1217.1,-996.0,1298.4,47.4,34.94,0.44,0.3,3.888,RUN,OK,RUN,0.98
2026-01-27T00:38:09.035921Z,75.33,74.43,77.11,29.97,eco,1.1916,36.82,5.85,91.26,402.7,4.41,1397.9,1212.0,-995.2,1298.3,47.4,34.94,0.43,0.3,3.892,RUN,OK,RUN,0.98
2026-01-27T00:38:09.235921Z,75.43,74.51,77.22,30.12,eco,1.2045,36.82,5.78,91.24,403.5,4.42,1397.9,1206.9,-994.4,1298.3,47.39,34.94,0.43,0.3,3.897,RUN,OK,RUN,0.98
2026-01-27T00:38:09.435921Z,75.52,74.58,77.33,30.26,eco,1.2174,36.82,5.72,91.23,404.4,4.43,1397.8,1201.8,-993.4,1298.2,47.39,34.94,0.43,0.3,3.901,RUN,OK,RUN,0.98
2026-01-27T00:38:09.635921Z,75.61,74.66,77.44,30.41,eco,1.2303,36.82,5.65,91.22,405.3,4.44,1397.7,1196.6,-992.4,1298.2,47.39,34.94,0.42,0.3,3.905,RUN,OK,RUN,0.98
2026-01-27T00:38:09.835921Z,75.7,74.74,77.55,30.55,eco,1.2431,36.82,5.58,91.2,406.4,4.46,1397.6,1191.5,-991.2,1298.1,47.38,34.94,0.42,0.3,3.91,RUN,OK,RUN,0.98
2026-01-27T00:38:10.035921Z,75.8,74.81,77.65,30.69,eco,1.2559,36.82,5.51,91.19,407.6,4.47,1397.5,1186.3,-990.0,1298.0,47.38,34.94,0.41,0.3,3.914,RUN,OK,RUN,0.98
2026-01-27T00:38:10.235921Z,75.89,74.89,77.76,30.83,eco,1.2687,36.81,5.45,91.18,408.8,4.48,1397.5,1181.1,-988.6,1298.0,47.37,34.94,0.41,0.3,3.918,RUN,OK,RUN,0.98
2026-01-27T00:38:10.435921Z,75.98,74.96,77.87,30.97,eco,1.2815,36.81,5.38,91.16,410.2,4.5,1397.4,1175.9,-987.2,1297.9,47.37,34.94,0.4,0.3,3.923,RUN,OK,RUN,0.98
2026-01-27T00:38:10.635921Z,76.07,75.04,77.97,31.11,eco,1.2942,36.81,5.32,91.15,411.7,4.52,1397.3,1170.7,-985.6,1297.8,47.37,34.93,0.4,0.29,3.927,RUN,OK,RUN,0.98
2026-01-27T00:38:10.835921Z,76.16,75.11,78.07,31.24,eco,1.3069,36.81,5.25,91.14,413.2,4.53,1397.2,1165.4,-984.0,1297.8,47.36,34.93,0.4,0.29,3.931,RUN,OK,RUN,0.98
2026-01-27T00:38:11.035921Z,76.26,75.19,78.18,31.37,eco,1.3195,36.81,5.19,91.13,414.9,4.55,1397.1,1160.2,-982.2,1297.7,47.36,34.93,0.39,0.29,3.936,RUN,OK,RUN,0.98
2026-01-27T00:38:11.235921Z,76.35,75.26,78.28,31.5,eco,1.3322,36.81,5.13,91.11,416.7,4.57,1397.0,1154.9,-980.4,1297.6,47.35,34.93,0.39,0.29,3.94,RUN,OK,RUN,0.98
2026-01-27T00:38:11.435921Z,76.44,75.34,78.38,31.63,eco,1.3447,36.8,5.06,91.1,418.5,4.59,1396.9,1149.6,-978.4,1297.5,47.35,34.93,0.38,0.29,3.944,RUN,OK,RUN,0.98
2026-01-27T00:38:11.635921Z,76.53,75.41,78.48,31.75,eco,1.3573,36.8,5.0,91.09,420.5,4.62,1396.8,1144.3,-976.4,1297.5,47.34,34.93,0.38,0.29,3.949,RUN,OK,RUN,0.98
2026-01-27T00:38:11.835921Z,76.62,75.48,78.58,31.88,eco,1.3698,36.8,4.94,91.08,422.5,4.64,1396.7,1139.0,-974.2,1297.4,47.34,34.93,0.38,0.29,3.953,RUN,OK,RUN,0.98
2026-01-27T00:38:12.035921Z,76.71,75.56,78.67,32.0,eco,1.3822,36.8,4.88,91.06,424.6,4.66,1396.6,1133.7,-972.0,1297.3,47.34,34.93,0.37,0.29,3.957,RUN,OK,RUN,0.98
2026-01-27T00:38:12.235921Z,76.8,75.63,78.77,32.12,eco,1.3946,36.8,4.81,91.05,426.9,4.69,1396.6,1128.4,-969.7,1297.2,47.33,34.93,0.37,0.29,3.962,RUN,OK,RUN,0.98
2026-01-27T00:38:12.435921Z,76.88,75.7,78.86,32.23,eco,1.407,36.79,4.75,91.04,429.2,4.71,1396.5,1123.1,-967.2,1297.2,47.33,34.93,0.36,0.29,3.966,RUN,OK,RUN,0.98
2026-01-27T00:38:12.635921Z,76.97,75.78,78.96,32.35,eco,1.4193,36.79,4.69,91.03,431.6,4.74,1396.4,1117.7,-964.7,1297.1,47.32,34.93,0.36,0.28,3.971,RUN,OK,RUN,0.98
2026-01-27T00:38:12.835921Z,77.06,75.85,79.05,32.46,eco,1.4316,36.79,4.63,91.01,434.2,4.77,1396.3,1112.4,-962.1,1297.0,47.32,34.92,0.35,0.28,3.975,RUN,OK,RUN,0.98
2026-01-27T00:38:13.035921Z,77.15,75.92,79.14,32.57,eco,1.4438,36.79,4.57,91.0,436.8,4.8,1396.1,1107.0,-959.4,1296.9,47.32,34.92,0.35,0.28,3.979,RUN,OK,RUN,0.98
2026-01-27T00:38:13.235921Z,77.24,75.99,79.23,32.68,eco,1.4559,36.79,4.52,90.99,439.5,4.83,1396.0,1101.6,-956.5,1296.8,47.31,34.92,0.35,0.28,3.984,RUN,OK,RUN,0.98
2026-01-27T00:38:13.435921Z,77.32,76.06,79.32,32.78,eco,1.468,36.79,4.46,90.98,442.3,4.86,1395.9,1096.3,-953.6,1296.8,47.31,34.92,0.34,0.28,3.988,RUN,OK,RUN,0.98
2026-01-27T00:38:13.635921Z,77.41,76.13,79.41,32.89,eco,1.4801,36.78,4.4,90.97,445.2,4.89,1395.8,1090.9,-950.6,1296.7,47.3,34.92,0.34,0.28,3.993,RUN,OK,RUN,0.98
2026-01-27T00:38:13.835921Z,77.5,76.2,79.5,32.99,eco,1.492,36.78,4.34,90.96,448.2,4.93,1395.7,1085.5,-947.5,1296.6,47.3,34.92,0.33,0.28,3.997,RUN,OK,RUN,0.98
2026-01-27T00:38:14.035921Z,77.58,76.28,79.58,33.09,eco,1.5039,36.78,4.29,90.94,451.3,4.96,1395.6,1080.1,-944.3,1296.5,47.29,34.92,0.33,0.28,4.001,RUN,OK,RUN,0.98
2026-01-27T00:38:14.235921Z,77.67,76.35,79.67,33.18,eco,1.5158,36.78,4.23,90.93,454.5,5.0,1395.5,1074.7,-941.0,1296.4,47.29,34.92,0.33,0.28,4.006,RUN,OK,RUN,0.98
2026-01-27T00:38:14.435921Z,77.76,76.41,79.75,33.28,eco,1.5276,36.78,4.18,90.92,457.7,5.03,1395.4,1069.3,-937.7,1296.3,47.29,34.92,0.32,0.27,4.01,RUN,OK,RUN,0.98
2026-01-27T00:38:14.635921Z,77.84,76.48,79.84,33.37,eco,1.5393,36.77,4.12,90.91,461.1,5.07,1395.3,1063.8,-934.2,1296.2,47.28,34.91,0.32,0.27,4.015,RUN,OK,RUN,0.98
2026-01-27T00:38:14.835921Z,77.93,76.55,79.92,33.46,eco,1.5509,36.77,4.07,90.9,464.5,5.11,1395.2,1058.4,-930.6,1296.1,47.28,34.91,0.31,0.27,4.019,RUN,OK,RUN,0.98
2026-01-27T00:38:15.035921Z,78.01,76.62,80.0,33.55,eco,1.5625,36.77,4.02,90.89,468.1,5.15,1395.0,1053.0,-927.0,1296.0,47.27,34.91,0.31,0.27,4.024,RUN,OK,RUN,0.98
2026-01-27T00:38:15.235921Z,78.1,76.69,80.08,33.63,eco,1.574,36.77,3.96,90.87,471.7,5.19,1394.9,1047.5,-923.2,1295.9,47.27,34.91,0.3,0.27,4.028,RUN,OK,RUN,0.98
2026-01-27T00:38:15.435921Z,78.18,76.76,80.15,33.71,eco,1.5854,36.77,3.91,90.86,475.4,5.23,1394.8,1042.1,-919.4,1295.8,47.26,34.91,0.3,0.27,4.033,RUN,OK,RUN,0.98
2026-01-27T00:38:15.635921Z,78.26,76.83,80.23,33.79,eco,1.5967,36.77,3.86,90.85,479.2,5.28,1394.7,1036.7,-915.4,1295.8,47.26,34.91,0.3,0.27,4.037,RUN,OK,RUN,0.98
2026-01-27T00:38:15.835921Z,78.35,76.89,80.31,33.87,eco,1.608,36.76,3.81,90.84,483.2,5.32,1394.6,1031.2,-911.4,1295.7,47.25,34.91,0.29,0.27,4.041,RUN,OK,RUN,0.98
2026-01-27T00:38:16.035921Z,78.43,76.96,80.38,33.95,eco,1.6191,36.76,3.76,90.83,487.1,5.36,1394.4,1025.8,-907.3,1295.6,47.25,34.91,0.29,0.27,4.046,RUN,OK,RUN,0.98
2026-01-27T00:38:16.235921Z,78.51,77.03,80.46,34.02,eco,1.6302,36.76,3.71,90.82,491.2,5.41,1394.3,1020.3,-903.1,1295.5,47.25,34.91,0.28,0.27,4.05,RUN,OK,RUN,0.98
2026-01-27T00:38:16.435921Z,78.59,77.09,80.53,34.09,eco,1.6412,36.76,3.66,90.81,495.4,5.46,1394.2,1014.9,-898.8,1295.4,47.24,34.91,0.28,0.26,4.055,RUN,OK,RUN,0.98
2026-01-27T00:38:16.635921Z,78.68,77.16,80.6,34.16,eco,1.6522,36.76,3.61,90.8,499.6,5.5,1394.1,1009.4,-894.4,1295.3,47.24,34.9,0.28,0.26,4.059,RUN,OK,RUN,0.98
2026-01-27T00:38:16.835921Z,78.76,77.22,80.67,34.22,eco,1.663,36.75,3.56,90.79,504.0,5.55,1393.9,1004.0,-890.0,1295.2,47.23,34.9,0.27,0.26,4.064,RUN,OK,RUN,0.98
2026-01-27T00:38:17.035921Z,78.84,77.29,80.74,34.28,eco,1.6737,36.75,3.51,90.78,508.4,5.6,1393.8,998.5,-885.4,1295.0,47.23,34.9,0.27,0.26,4.068,RUN,OK,RUN,0.98
2026-01-27T00:38:17.235921Z,78.92,77.35,80.81,34.34,eco,1.6844,36.75,3.47,90.76,512.9,5.65,1393.7,993.0,-880.8,1294.9,47.22,34.9,0.26,0.26,4.073,RUN,OK,RUN,0.98
2026-01-27T00:38:17.435921Z,79.0,77.42,80.87,34.4,eco,1.6949,36.75,3.42,90.75,517.5,5.7,1393.5,987.6,-876.0,1294.8,47.22,34.9,0.26,0.26,4.077,RUN,OK,RUN,0.98
2026-01-27T00:38:17.635921Z,79.08,77.48,80.94,34.45,eco,1.7054,36.75,3.38,90.74,522.2,5.75,1393.4,982.1,-871.2,1294.7,47.21,34.9,0.25,0.26,4.082,RUN,OK,RUN,0.98
2026-01-27T00:38:17.835921Z,79.16,77.55,81.0,34.51,eco,1.7157,36.74,3.33,90.73,527.0,5.81,1393.3,976.7,-866.3,1294.6,47.21,34.9,0.25,0.26,4.086,RUN,OK,RUN,0.98
2026-01-27T00:38:18.035921Z,79.24,77.61,81.06,34.56,eco,1.726,36.74,3.29,90.72,531.8,5.86,1393.1,971.2,-861.3,1294.5,47.21,34.9,0.25,0.26,4.091,RUN,OK,RUN,0.98
2026-01-27T00:38:18.235921Z,79.32,77.67,81.13,34.6,eco,1.7362,36.74,3.25,90.71,536.7,5.92,1393.0,965.8,-856.3,1294.4,47.2,34.89,0.24,0.25,4.095,RUN,OK,RUN,0.98
2026-01-27T00:38:18.435921Z,79.39,77.73,81.19,34.65,eco,1.7462,36.74,3.2,90.7,541.7,5.97,1392.9,960.4,-851.1,1294.3,47.2,34.89,0.24,0.25,4.1,RUN,OK,RUN,0.98
2026-01-27T00:38:18.635921Z,79.47,77.8,81.25,34.69,eco,1.7562,36.74,3.16,90.69,546.8,6.03,1392.7,954.9,-845.9,1294.2,47.19,34.89,0.23,0.25,4.104,RUN,OK,RUN,0.98
2026-01-27T00:38:18.835921Z,79.55,77.86,81.31,34.73,eco,1.766,36.73,3.12,90.68,552.0,6.09,1392.6,949.5,-840.6,1294.1,47.19,34.89,0.23,0.25,4.109,RUN,OK,RUN,0.98
2026-01-27T00:38:19.035921Z,79.63,77.92,81.36,34.77,eco,1.7758,36.73,3.08,90.67,557.3,6.15,1392.4,944.0,-835.2,1293.9,47.18,34.89,0.22,0.25,4.113,RUN,OK,RUN,0.98
2026-01-27T00:38:19.235921Z,79.7,77.98,81.42,34.8,eco,1.7854,36.73,3.04,90.66,562.6,6.21,1392.3,938.6,-829.7,1293.8,47.18,34.89,0.22,0.25,4.118,RUN,OK,RUN,0.98
2026-01-27T00:38:19.435921Z,79.78,78.04,81.47,34.83,eco,1.7949,36.73,3.0,90.65,568.0,6.27,1392.1,933.2,-824.1,1293.7,47.17,34.89,0.22,0.25,4.122,RUN,OK,RUN,0.98
2026-01-27T00:38:19.635921Z,79.85,78.1,81.53,34.86,eco,1.8043,36.73,2.96,90.64,573.5,6.33,1392.0,927.8,-818.5,1293.6,47.17,34.89,0.21,0.25,4.127,RUN,OK,RUN,0.98
2026-01-27T00:38:19.835921Z,79.93,78.16,81.58,34.89,eco,1.8136,36.72,2.92,90.63,579.1,6.39,1391.8,922.4,-812.8,1293.5,47.16,34.89,0.21,0.25,4.131,RUN,OK,RUN,0.98
2026-01-27T00:38:20.035921Z,80.0,78.22,81.63,34.91,eco,1.8228,36.72,2.89,90.62,584.7,6.45,1391.7,917.0,-807.0,1293.4,47.16,34.88,0.2,0.24,4.136,RUN,OK,RUN,0.98
2026-01-27T00:38:20.235921Z,80.08,78.28,81.68,34.93,eco,1.8319,36.72,2.85,90.61,590.4,6.52,1391.5,911.6,-801.1,1293.2,47.16,34.88,0.2,0.24,4.141,RUN,OK,RUN,0.98
2026-01-27T00:38:20.435921Z,80.15,78.34,81.73,34.95,eco,1.8408,36.72,2.82,90.6,596.2,6.58,1391.4,906.2,-795.2,1293.1,47.15,34.88,0.19,0.24,4.145,RUN,OK,RUN,0.98
2026-01-27T00:38:20.635921Z,80.23,78.39,81.78,34.96,eco,1.8497,36.72,2.78,90.59,602.1,6.65,1391.2,900.8,-789.2,1293.0,47.15,34.88,0.19,0.24,4.15,RUN,OK,RUN,0.98
2026-01-27T00:38:20.835921Z,80.3,78.45,81.83,34.98,eco,1.8584,36.71,2.75,90.58,608.0,6.71,1391.1,895.4,-783.1,1292.9,47.14,34.88,0.19,0.24,4.154,RUN,OK,RUN,0.98
2026-01-27T00:38:21.035921Z,80.37,78.51,81.88,34.99,eco,1.8669,36.71,2.71,90.58,614.0,6.78,1390.9,890.0,-776.9,1292.7,47.14,34.88,0.18,0.24,4.159,RUN,OK,RUN,0.98
2026-01-27T00:38:21.235921Z,80.44,78.57,81.92,34.99,eco,1.8754,36.71,2.68,90.57,620.1,6.85,1390.8,884.7,-770.6,1292.6,47.13,34.88,0.18,0.24,4.163,RUN,OK,RUN,0.98
2026-01-27T00:38:21.435921Z,80.52,78.62,81.97,35.0,eco,1.8837,36.71,2.65,90.56,626.3,6.92,1390.6,879.3,-764.3,1292.5,47.13,34.88,0.17,0.24,4.168,RUN,OK,RUN,0.98
2026-01-27T00:38:21.635921Z,80.59,78.68,82.01,35.0,eco,1.8919,36.71,2.62,90.55,632.5,6.99,1390.4,874.0,-757.9,1292.4,47.12,34.87,0.17,0.24,4.172,RUN,OK,RUN,0.98
2026-01-27T00:38:21.835921Z,80.66,78.73,82.05,35.0,eco,1.9,36.7,2.59,90.54,638.8,7.06,1390.3,868.7,-751.5,1292.2,47.12,34.87,0.16,0.23,4.177,RUN,OK,RUN,0.98
2026-01-27T00:38:22.035921Z,80.73,78.79,82.09,35.0,eco,1.908,36.7,2.56,90.53,645.2,7.13,1390.1,863.3,-744.9,1292.1,47.11,34.87,0.16,0.23,4.181,RUN,OK,RUN,0.98
2026-01-27T00:38:22.235921Z,80.8,78.84,82.13,34.99,eco,1.9158,36.7,2.53,90.52,651.6,7.2,1389.9,858.0,-738.3,1292.0,47.11,34.87,0.16,0.23,4.186,RUN,OK,RUN,0.98
2026-01-27T00:38:22.435921Z,80.87,78.9,82.17,34.98,eco,1.9235,36.7,2.5,90.51,658.1,7.27,1389.8,852.8,-731.7,1291.8,47.1,34.87,0.15,0.23,4.191,RUN,OK,RUN,0.98
2026-01-27T00:38:22.635921Z,80.93,78.95,82.21,34.97,eco,1.931,36.7,2.47,90.5,664.7,7.34,1389.6,847.5,-724.9,1291.7,47.1,34.87,0.15,0.23,4.195,RUN,OK,RUN,0.98
2026-01-27T00:38:22.835921Z,81.0,79.0,82.25,34.96,eco,1.9384,36.69,2.45,90.49,671.3,7.42,1389.4,842.2,-718.1,1291.6,47.09,34.87,0.14,0.23,4.2,RUN,OK,RUN,0.98
2026-01-27T00:38:23.035921Z,81.07,79.05,82.28,34.94,eco,1.9457,36.69,2.42,90.49,678.0,7.49,1389.3,836.9,-711.2,1291.4,47.09,34.87,0.14,0.23,4.204,RUN,OK,RUN,0.98
2026-01-27T00:38:23.235921Z,81.14,79.11,82.32,34.92,eco,1.9528,36.69,2.4,90.48,684.8,7.57,1389.1,831.7,-704.3,1291.3,47.08,34.86,0.14,0.23,4.209,RUN,OK,RUN,0.98
2026-01-27T00:38:23.435921Z,81.2,79.16,82.35,34.9,eco,1.9598,36.69,2.37,90.47,691.6,7.65,1388.9,826.5,-697.3,1291.1,47.08,34.86,0.13,0.23,4.213,RUN,OK,RUN,0.98
2026-01-27T00:38:23.635921Z,81.27,79.21,82.39,34.87,eco,1.9667,36.68,2.35,90.46,698.5,7.72,1388.7,821.3,-690.2,1291.0,47.08,34.86,0.13,0.22,4.218,RUN,OK,RUN,0.98
2026-01-27T00:38:23.835921Z,81.34,79.26,82.42,34.85,eco,1.9734,36.68,2.32,90.45,705.5,7.8,1388.6,816.1,-683.1,1290.9,47.07,34.86,0.12,0.22,4.223,RUN,OK,RUN,0.98
2026-01-27T00:38:24.035921Z,81.4,79.31,82.45,34.82,eco,1.98,36.68,2.3,90.44,712.5,7.88,1388.4,810.9,-675.9,1290.7,47.07,34.86,0.12,0.22,4.227,RUN,OK,RUN,0.98
2026-01-27T00:38:24.235921Z,81.47,79.36,82.48,34.79,eco,1.9864,36.68,2.28,90.44,719.6,7.96,1388.2,805.7,-668.6,1290.6,47.06,34.86,0.11,0.22,4.232,RUN,OK,RUN,0.98
2026-01-27T00:38:24.435921Z,81.53,79.41,82.51,34.75,eco,1.9927,36.68,2.26,90.43,726.7,8.04,1388.0,800.6,-661.3,1290.4,47.06,34.86,0.11,0.22,4.236,RUN,OK,RUN,0.98
2026-01-27T00:38:24.635921Z,81.59,79.46,82.54,34.71,eco,1.9989,36.67,2.24,90.42,733.9,8.12,1387.9,795.4,-653.9,1290.3,47.05,34.85,0.11,0.22,4.241,RUN,OK,RUN,0.98
2026-01-27T00:38:24.835921Z,81.66,79.5,82.57,34.67,eco,2.0049,36.67,2.22,90.41,741.2,8.2,1387.7,790.3,-646.5,1290.1,47.05,34.85,0.1,0.22,4.246,RUN,OK,RUN,0.98
2026-01-27T00:38:25.035921Z,81.72,79.55,82.59,34.63,eco,2.0107,36.67,2.2,90.4,748.5,8.28,1387.5,785.2,-639.0,1290.0,47.04,34.85,0.1,0.22,4.25,RUN,OK,RUN,0.98
2026-01-27T00:38:25.235921Z,81.78,79.6,82.62,34.58,eco,2.0164,36.67,2.19,90.4,755.8,8.36,1387.3,780.1,-631.5,1289.8,47.04,34.85,0.09,0.22,4.255,RUN,OK,RUN,0.98
2026-01-27T00:38:25.435921Z,81.84,79.65,82.64,34.54,eco,2.0219,36.66,2.17,90.39,763.3,8.44,1387.1,775.0,-623.8,1289.7,47.03,34.85,0.09,0.21,4.259,RUN,OK,RUN,0.98
2026-01-27T00:38:25.635921Z,81.91,79.69,82.67,34.48,eco,2.0273,36.66,2.15,90.38,770.7,8.53,1386.9,770.0,-616.2,1289.5,47.03,34.85,0.08,0.21,4.264,RUN,OK,RUN,0.98
2026-01-27T00:38:25.835921Z,81.97,79.74,82.69,34.43,eco,2.0326,36.66,2.14,90.37,778.3,8.61,1386.7,765.0,-608.5,1289.4,47.02,34.85,0.08,0.21,4.268,RUN,OK,RUN,0.98
2026-01-27T00:38:26.035921Z,82.03,79.78,82.71,34.38,eco,2.0376,36.66,2.12,90.36,785.8,8.7,1386.5,760.0,-600.7,1289.2,47.02,34.84,0.08,0.21,4.273,RUN,OK,RUN,0.98
2026-01-27T00:38:26.235921Z,82.09,79.83,82.74,34.32,eco,2.0426,36.66,2.11,90.36,793.5,8.78,1386.3,755.0,-592.9,1289.1,47.01,34.84,0.07,0.21,4.278,RUN,OK,RUN,0.98
2026-01-27T00:38:26.435921Z,82.14,79.87,82.76,34.26,eco,2.0473,36.65,2.1,90.35,801.2,8.87,1386.2,750.0,-585.0,1288.9,47.01,34.84,0.07,0.21,4.282,RUN,OK,RUN,0.98
2026-01-27T00:38:26.635921Z,82.2,79.92,82.78,34.19,eco,2.0519,36.65,2.08,90.34,808.9,8.95,1386.0,745.1,-577.1,1288.8,47.0,34.84,0.06,0.21,4.287,RUN,OK,RUN,0.98
2026-01-27T00:38:26.835921Z,82.26,79.96,82.8,34.13,eco,2.0564,36.65,2.07,90.34,816.7,9.04,1385.8,740.1,-569.1,1288.6,47.0,34.84,0.06,0.21,4.291,RUN,OK,RUN,0.98
2026-01-27T00:38:27.035921Z,82.32,80.0,82.81,34.06,eco,2.0607,36.65,2.06,90.33,824.5,9.13,1385.6,735.2,-561.1,1288.5,46.99,34.84,0.05,0.21,4.296,RUN,OK,RUN,0.98
2026-01-27T00:38:27.235921Z,82.37,80.04,82.83,33.99,eco,2.0648,36.64,2.05,90.32,832.4,9.22,1385.4,730.3,-553.0,1288.3,46.99,34.84,0.05,0.2,4.301,RUN,OK,RUN,0.98
2026-01-27T00:38:27.435921Z,82.43,80.08,82.85,33.91,eco,2.0688,36.64,2.04,90.31,840.3,9.3,1385.2,725.5,-544.9,1288.1,46.98,34.83,0.05,0.2,4.305,RUN,OK,RUN,0.98
2026-01-27T00:38:27.635921Z,82.49,80.13,82.87,33.84,eco,2.0726,36.64,2.04,90.31,848.2,9.39,1385.0,720.6,-536.7,1288.0,46.98,34.83,0.04,0.2,4.31,RUN,OK,RUN,0.98
2026-01-27T00:38:27.835921Z,82.54,80.17,82.88,33.76,eco,2.0763,36.64,2.03,90.3,856.2,9.48,1384.8,715.8,-528.5,1287.8,46.97,34.83,0.04,0.2,4.314,RUN,OK,RUN,0.98
2026-01-27T00:38:28.035921Z,82.6,80.21,82.9,33.68,eco,2.0797,36.64,2.02,90.29,864.3,9.57,1384.6,711.0,-520.3,1287.6,46.97,34.83,0.03,0.2,4.319,RUN,OK,RUN,0.98
2026-01-27T00:38:28.235921Z,82.65,80.25,82.91,33.6,eco,2.0831,36.63,2.02,90.29,872.4,9.66,1384.3,706.3,-512.0,1287.5,46.96,34.83,0.03,0.2,4.324,RUN,OK,RUN,0.98
2026-01-27T00:38:28.435921Z,82.7,80.28,82.93,33.51,eco,2.0862,36.63,2.01,90.28,880.5,9.75,1384.1,701.5,-503.6,1287.3,46.96,34.83,0.02,0.2,4.328,RUN,OK,RUN,0.98
2026-01-27T00:38:28.635921Z,82.76,80.32,82.94,33.42,eco,2.0892,36.63,2.01,90.27,888.7,9.84,1383.9,696.8,-495.2,1287.1,46.95,34.83,0.02,0.2,4.333,RUN,OK,RUN,0.98
2026-01-27T00:38:28.835921Z,82.81,80.36,82.95,33.33,eco,2.092,36.63,2.01,90.27,896.9,9.94,1383.7,692.1,-486.8,1287.0,46.95,34.82,0.02,0.2,4.338,RUN,OK,RUN,0.98
2026-01-27T00:38:29.035921Z,82.86,80.4,82.96,33.24,eco,2.0947,36.62,2.0,90.26,905.1,10.03,1383.5,687.4,-478.4,1286.8,46.94,34.82,0.01,0.19,4.342,RUN,OK,RUN,0.98
2026-01-27T00:38:29.235921Z,82.91,80.43,82.97,33.14,eco,2.0971,36.62,2.0,90.25,913.4,10.12,1383.3,682.8,-469.9,1286.6,46.94,34.82,0.01,0.19,4.347,RUN,OK,RUN,0.98
2026-01-27T00:38:29.435921Z,82.96,80.47,82.98,33.05,eco,2.0994,36.62,2.0,90.25,921.7,10.21,1383.1,678.2,-461.3,1286.5,46.93,34.82,0.0,0.19,4.351,RUN,OK,RUN,0.98
2026-01-27T00:38:29.635921Z,83.01,80.51,82.99,32.95,eco,2.1016,36.62,2.0,90.24,930.1,10.31,1382.9,673.6,-452.8,1286.3,46.93,34.82,-0.0,0.19,4.356,RUN,OK,RUN,0.98
2026-01-27T00:38:29.835921Z,83.06,80.54,83.0,32.84,eco,2.1036,36.61,2.0,90.24,938.5,10.4,1382.7,669.0,-444.2,1286.1,46.92,34.82,-0.01,0.19,4.361,RUN,OK,RUN,0.98
2026-01-27T00:38:30.035921Z,83.11,80.58,83.01,32.74,eco,2.1054,36.61,2.0,90.23,946.9,10.49,1382.4,664.5,-435.5,1285.9,46.92,34.82,-0.01,0.19,4.365,RUN,OK,RUN,0.98
2026-01-27T00:38:30.235921Z,83.16,80.61,83.02,32.63,eco,2.107,36.61,2.0,90.22,955.3,10.59,1382.2,660.0,-426.9,1285.8,46.91,34.81,-0.01,0.19,4.37,RUN,OK,RUN,0.98
2026-01-27T00:38:30.435921Z,83.21,80.64,83.03,32.52,eco,2.1084,36.61,2.01,90.22,963.8,10.68,1382.0,655.5,-418.2,1285.6,46.91,34.81,-0.02,0.19,4.374,RUN,OK,RUN,0.98
2026-01-27T00:38:30.635921Z,83.25,80.68,83.04,32.41,eco,2.1097,36.61,2.01,90.21,972.3,10.78,1381.8,651.0,-409.5,1285.4,46.9,34.81,-0.02,0.19,4.379,RUN,OK,RUN,0.98
2026-01-27T00:38:30.835921Z,83.3,80.71,83.04,32.3,eco,2.1108,36.6,2.02,90.21,980.9,10.87,1381.5,646.6,-400.7,1285.2,46.9,34.81,-0.03,0.18,4.384,RUN,OK,RUN,0.98
2026-01-27T00:38:31.035921Z,83.35,80.74,83.05,32.18,eco,2.1118,36.6,2.02,90.2,989.4,10.97,1381.3,642.2,-391.9,1285.1,46.89,34.81,-0.03,0.18,4.388,RUN,OK,RUN,0.98
2026-01-27T00:38:31.235921Z,83.39,80.77,83.06,32.07,eco,2.1125,36.6,2.03,90.2,998.0,11.06,1381.1,637.9,-383.1,1284.9,46.88,34.81,-0.04,0.18,4.393,RUN,OK,RUN,0.98
2026-01-27T00:38:31.435921Z,83.44,80.8,83.06,31.95,eco,2.1131,36.6,2.04,90.19,1006.6,11.16,1380.9,633.5,-374.3,1284.7,46.88,34.8,-0.04,0.18,4.397,RUN,OK,RUN,0.98
2026-01-27T00:38:31.635921Z,83.48,80.83,83.07,31.82,eco,2.1135,36.59,2.04,90.18,1015.3,11.26,1380.6,629.2,-365.4,1284.5,46.87,34.8,-0.04,0.18,4.402,RUN,OK,RUN,0.98
2026-01-27T00:38:31.835921Z,83.52,80.86,83.07,31.7,eco,2.1137,36.59,2.05,90.18,1023.9,11.35,1380.4,625.0,-356.5,1284.3,46.87,34.8,-0.05,0.18,4.407,RUN,OK,RUN,0.98
2026-01-27T00:38:32.035921Z,83.57,80.89,83.07,31.57,eco,2.1138,36.59,2.06,90.17,1032.6,11.45,1380.2,620.7,-347.6,1284.1,46.86,34.8,-0.05,0.18,4.411,RUN,OK,RUN,0.98
2026-01-27T00:38:32.235921Z,83.61,80.92,83.08,31.45,eco,2.1136,36.59,2.07,90.17,1041.3,11.55,1379.9,616.5,-338.6,1284.0,46.86,34.8,-0.06,0.18,4.416,RUN,OK,RUN,0.98
2026-01-27T00:38:32.435921Z,83.65,80.95,83.08,31.31,eco,2.1133,36.58,2.08,90.16,1050.0,11.65,1379.7,612.3,-329.7,1283.8,46.85,34.8,-0.06,0.17,4.421,RUN,OK,RUN,0.98
2026-01-27T00:38:32.635921Z,83.69,80.97,83.08,31.18,eco,2.1129,36.58,2.1,90.16,1058.8,11.74,1379.5,608.2,-320.7,1283.6,46.85,34.8,-0.07,0.17,4.425,RUN,OK,RUN,0.98
2026-01-27T00:38:32.835921Z,83.73,81.0,83.09,31.05,eco,2.1122,36.58,2.11,90.15,1067.5,11.84,1379.2,604.1,-311.7,1283.4,46.84,34.79,-0.07,0.17,4.43,RUN,OK,RUN,0.98
2026-01-27T00:38:33.035921Z,83.77,81.03,83.09,30.91,eco,2.1114,36.58,2.12,90.15,1076.3,11.94,1379.0,600.0,-302.7,1283.2,46.84,34.79,-0.07,0.17,4.434,RUN,OK,RUN,0.98
2026-01-27T00:38:33.235921Z,83.81,81.05,83.09,30.77,eco,2.1103,36.57,2.14,90.14,1085.1,12.04,1378.8,595.9,-293.7,1283.0,46.83,34.79,-0.08,0.17,4.439,RUN,OK,RUN,0.98
2026-01-27T00:38:33.435921Z,83.85,81.08,83.09,30.63,eco,2.1091,36.57,2.15,90.14,1093.9,12.14,1378.5,591.9,-284.6,1282.8,46.83,34.79,-0.08,0.17,4.444,RUN,OK,RUN,0.98
2026-01-27T00:38:33.635921Z,83.89,81.1,83.09,30.49,eco,2.1078,36.57,2.17,90.13,1102.7,12.23,1378.3,587.9,-275.6,1282.6,46.82,34.79,-0.09,0.17,4.448,RUN,OK,RUN,0.98
2026-01-27T00:38:33.835921Z,83.93,81.12,83.09,30.35,eco,2.1062,36.57,2.18,90.13,1111.5,12.33,1378.0,584.0,-266.5,1282.4,46.82,34.79,-0.09,0.17,4.453,RUN,OK,RUN,0.98
2026-01-27T00:38:34.035921Z,83.96,81.15,83.1,30.2,eco,2.1045,36.56,2.2,90.13,1120.4,12.43,1377.8,580.1,-257.4,1282.2,46.81,34.78,-0.1,0.17,4.457,RUN,OK,RUN,0.98
2026-01-27T00:38:34.235921Z,84.0,81.17,83.1,30.05,eco,2.1025,36.56,2.22,90.12,1129.2,12.53,1377.5,576.2,-248.3,1282.0,46.81,34.78,-0.1,0.16,4.462,RUN,OK,RUN,0.98
2026-01-27T00:38:34.435921Z,84.04,81.19,83.1,29.91,eco,2.1004,36.56,2.24,90.12,1138.1,12.63,1377.3,572.4,-239.2,1281.8,46.8,34.78,-0.1,0.16,4.467,RUN,OK,RUN,0.98
2026-01-27T00:38:34.635921Z,84.07,81.21,83.1,29.75,eco,2.0982,36.56,2.26,90.11,1146.9,12.73,1377.0,568.5,-230.1,1281.6,46.8,34.78,-0.11,0.16,4.471,RUN,OK,RUN,0.98
2026-01-27T00:38:34.835921Z,84.1,81.23,83.1,29.6,eco,2.0957,36.55,2.28,90.11,1155.8,12.83,1376.8,564.8,-221.0,1281.4,46.79,34.78,-0.11,0.16,4.476,RUN,OK,RUN,0.98
2026-01-27T00:38:35.035921Z,84.14,81.25,83.09,29.45,eco,2.093,36.55,2.3,90.1,1164.7,12.93,1376.5,561.0,-211.8,1281.2,46.78,34.78,-0.12,0.16,4.481,RUN,OK,RUN,0.98
2026-01-27T00:38:35.235921Z,84.17,81.27,83.09,29.29,eco,2.0902,36.55,2.32,90.1,1173.6,13.03,1376.3,557.3,-202.7,1281.0,46.78,34.77,-0.12,0.16,4.485,RUN,OK,RUN,0.98
2026-01-27T00:38:35.435921Z,84.2,81.29,83.09,29.13,eco,2.0872,36.55,2.34,90.1,1182.5,13.12,1376.0,553.7,-193.6,1280.8,46.77,34.77,-0.13,0.16,4.49,RUN,OK,RUN,0.98
2026-01-27T00:38:35.635921Z,84.24,81.31,83.09,28.97,eco,2.084,36.54,2.37,90.09,1191.3,13.22,1375.8,550.0,-184.4,1280.6,46.77,34.77,-0.13,0.16,4.494,RUN,OK,RUN,0.98
2026-01-27T00:38:35.835921Z,84.27,81.33,83.09,28.81,eco,2.0806,36.54,2.39,90.09,1200.2,13.32,1375.5,546.5,-175.3,1280.4,46.76,34.77,-0.13,0.15,4.499,RUN,OK,RUN,0.98
2026-01-27T00:38:36.035921Z,84.3,81.34,83.09,28.65,eco,2.0771,36.54,2.42,90.08,1209.1,13.42,1375.3,542.9,-166.1,1280.2,46.76,34.77,-0.14,0.15,4.504,RUN,OK,RUN,0.98
2026-01-27T00:38:36.235921Z,84.33,81.36,83.09,28.49,eco,2.0734,36.54,2.44,90.08,1218.0,13.52,1375.0,539.4,-157.0,1280.0,46.75,34.77,-0.14,0.15,4.508,RUN,OK,RUN,0.98
2026-01-27T00:38:36.435921Z,84.36,81.38,83.09,28.32,eco,2.0694,36.53,2.47,90.08,1226.9,13.62,1374.7,535.9,-147.8,1279.8,46.75,34.76,-0.15,0.15,4.513,RUN,OK,RUN,0.98
2026-01-27T00:38:36.635921Z,84.39,81.39,83.08,28.15,eco,2.0653,36.53,2.5,90.07,1235.8,13.72,1374.5,532.5,-138.7,1279.6,46.74,34.76,-0.15,0.15,4.517,RUN,OK,RUN,0.98
2026-01-27T00:38:36.835921Z,84.41,81.41,83.08,27.98,eco,2.0611,36.53,2.53,90.07,1244.7,13.82,1374.2,529.1,-129.6,1279.4,46.74,34.76,-0.16,0.15,4.522,RUN,OK,RUN,0.98
2026-01-27T00:38:37.035921Z,84.44,81.42,83.08,27.81,eco,2.0566,36.53,2.55,90.07,1253.5,13.92,1374.0,525.7,-120.4,1279.2,46.73,34.76,-0.16,0.15,4.527,RUN,OK,RUN,0.98
2026-01-27T00:38:37.235921Z,84.47,81.43,83.08,27.64,eco,2.052,36.52,2.58,90.06,1262.4,14.02,1373.7,522.4,-111.3,1278.9,46.73,34.76,-0.16,0.15,4.531,RUN,OK,RUN,0.98
2026-01-27T00:38:37.435921Z,84.49,81.45,83.07,27.47,eco,2.0471,36.52,2.61,90.06,1271.3,14.12,1373.4,519.1,-102.2,1278.7,46.72,34.76,-0.17,0.14,4.536,RUN,OK,RUN,0.98
2026-01-27T00:38:37.635921Z,84.52,81.46,83.07,27.3,eco,2.0421,36.52,2.65,90.06,1280.1,14.21,1373.2,515.9,-93.0,1278.5,46.71,34.75,-0.17,0.14,4.541,RUN,OK,RUN,0.98
2026-01-27T00:38:37.835921Z,84.54,81.47,83.07,27.12,eco,2.0369,36.52,2.68,90.05,1288.9,14.31,1372.9,512.7,-83.9,1278.3,46.71,34.75,-0.18,0.14,4.545,RUN,OK,RUN,0.98
2026-01-27T00:38:38.035921Z,84.57,81.48,83.07,26.94,eco,2.0316,36.51,2.71,90.05,1297.8,14.41,1372.6,509.5,-74.8,1278.1,46.7,34.75,-0.18,0.14,4.55,RUN,OK,RUN,0.98
2026-01-27T00:38:38.235921Z,84.59,81.49,83.06,26.77,eco,2.026,36.51,2.74,90.05,1306.6,14.51,1372.3,506.4,-65.8,1277.9,46.7,34.75,-0.19,0.14,4.554,RUN,OK,RUN,0.98
2026-01-27T00:38:38.435921Z,84.61,81.5,83.06,26.59,eco,2.0203,36.51,2.78,90.05,1315.4,14.61,1372.1,503.3,-56.7,1277.6,46.69,34.75,-0.19,0.14,4.559,RUN,OK,RUN,0.98
2026-01-27T00:38:38.635921Z,84.64,81.51,83.06,26.41,eco,2.0144,36.5,2.81,90.04,1324.2,14.71,1371.8,500.3,-47.6,1277.4,46.69,34.74,-0.19,0.14,4.564,RUN,OK,RUN,0.98
2026-01-27T00:38:38.835921Z,84.66,81.52,83.06,26.23,eco,2.0083,36.5,2.85,90.04,1333.0,14.8,1371.5,497.3,-38.6,1277.2,46.68,34.74,-0.2,0.14,4.568,RUN,OK,RUN,0.98
2026-01-27T00:38:39.035921Z,84.68,81.53,83.05,26.04,eco,2.002,36.5,2.88,90.04,1341.7,14.9,1371.2,494.3,-29.5,1277.0,46.68,34.74,-0.2,0.14,4.573,RUN,OK,RUN,0.98
2026-01-27T00:38:39.235921Z,84.7,81.54,83.05,25.86,eco,1.9956,36.5,2.92,90.04,1350.4,15.0,1371.0,491.4,-20.5,1276.8,46.67,34.74,-0.21,0.13,4.577,RUN,OK,RUN,0.98
2026-01-27T00:38:39.435921Z,84.72,81.54,83.05,25.67,eco,1.989,36.49,2.96,90.03,1359.2,15.1,1370.7,488.5,-11.5,1276.5,46.66,34.74,-0.21,0.13,4.582,RUN,OK,RUN,0.98
2026-01-27T00:38:39.635921Z,84.74,81.55,83.05,25.49,eco,1.9822,36.49,3.0,90.03,1367.9,15.19,1370.4,485.7,-2.5,1276.3,46.66,34.74,-0.22,0.13,4.587,RUN,OK,RUN,0.98
2026-01-27T00:38:39.835921Z,84.76,81.55,83.04,25.3,eco,1.9752,36.49,3.04,90.03,1376.5,15.29,1370.1,482.9,6.4,1276.1,46.65,34.73,-0.22,0.13,4.591,RUN,OK,RUN,0.98
2026-01-27T00:38:40.035921Z,84.77,81.56,83.04,25.11,eco,1.968,36.49,3.08,90.03,1385.2,15.39,1369.8,480.2,15.4,1275.9,46.65,34.73,-0.22,0.13,4.596,RUN,OK,RUN,0.98
2026-01-27T00:38:40.235921Z,84.79,81.56,83.04,24.93,eco,1.9607,36.48,3.12,90.03,1393.8,15.48,1369.5,477.5,24.3,1275.6,46.64,34.73,-0.23,0.13,4.601,RUN,OK,RUN,0.98
2026-01-27T00:38:40.435921Z,84.81,81.57,83.03,24.74,eco,1.9532,36.48,3.16,90.02,1402.5,15.58,1369.2,474.8,33.2,1275.4,46.64,34.73,-0.23,0.13,4.605,RUN,OK,RUN,0.98
2026-01-27T00:38:40.635921Z,84.82,81.57,83.03,24.55,eco,1.9455,36.48,3.2,90.02,1411.0,15.67,1369.0,472.2,42.1,1275.2,46.63,34.73,-0.24,0.13,4.61,RUN,OK,RUN,0.98
2026-01-27T00:38:40.835921Z,84.84,81.57,83.03,24.36,eco,1.9376,36.48,3.24,90.02,1419.6,15.77,1368.7,469.6,50.9,1274.9,46.63,34.72,-0.24,0.12,4.614,RUN,OK,RUN,0.98
2026-01-27T00:38:41.035921Z,84.85,81.57,83.03,24.16,eco,1.9296,36.47,3.28,90.02,1428.1,15.87,1368.4,467.1,59.8,1274.7,46.62,34.72,-0.25,0.12,4.619,RUN,OK,RUN,0.98
2026-01-27T00:38:41.235921Z,84.87,81.57,83.02,23.97,eco,1.9214,36.47,3.33,90.02,1436.6,15.96,1368.1,464.6,68.6,1274.5,46.61,34.72,-0.25,0.12,4.624,RUN,OK,RUN,0.98
2026-01-27T00:38:41.435921Z,84.88,81.58,83.02,23.78,eco,1.913,36.47,3.37,90.01,1445.1,16.05,1367.8,462.2,77.3,1274.2,46.61,34.72,-0.25,0.12,4.628,RUN,OK,RUN,0.98
2026-01-27T00:38:41.635921Z,84.89,81.58,83.02,23.58,eco,1.9045,36.46,3.42,90.01,1453.6,16.15,1367.5,459.8,86.1,1274.0,46.6,34.72,-0.26,0.12,4.633,RUN,OK,RUN,0.98
2026-01-27T00:38:41.835921Z,84.9,81.57,83.02,23.39,eco,1.8957,36.46,3.46,90.01,1462.0,16.24,1367.2,457.4,94.8,1273.8,46.6,34.72,-0.26,0.12,4.637,RUN,OK,RUN,0.98
2026-01-27T00:38:42.035921Z,84.91,81.57,83.02,23.19,eco,1.8868,36.46,3.51,90.01,1470.4,16.34,1366.9,455.1,103.5,1273.5,46.59,34.71,-0.27,0.12,4.642,RUN,OK,RUN,0.98
2026-01-27T00:38:42.235921Z,84.92,81.57,83.01,23.0,eco,1.8777,36.46,3.56,90.01,1478.7,16.43,1366.6,452.8,112.1,1273.3,46.59,34.71,-0.27,0.12,4.647,RUN,OK,RUN,0.98
2026-01-27T00:38:42.435921Z,84.93,81.57,83.01,22.8,eco,1.8685,36.45,3.6,90.01,1487.0,16.52,1366.3,450.6,120.7,1273.0,46.58,34.71,-0.27,0.11,4.651,RUN,OK,RUN,0.98
2026-01-27T00:38:42.635921Z,84.94,81.56,83.01,22.61,eco,1.8591,36.45,3.65,90.01,1495.3,16.61,1366.0,448.5,129.3,1272.8,46.57,34.71,-0.28,0.11,4.656,RUN,OK,RUN,0.98
2026-01-27T00:38:42.835921Z,84.95,81.56,83.01,22.41,eco,1.8495,36.45,3.7,90.01,1503.5,16.7,1365.7,446.3,137.8,1272.6,46.57,34.71,-0.28,0.11,4.661,RUN,OK,RUN,0.98
2026-01-27T00:38:43.035921Z,84.96,81.56,83.01,22.21,eco,1.8397,36.45,3.75,90.0,1511.8,16.8,1365.4,444.3,146.4,1272.3,46.56,34.7,-0.29,0.11,4.665,RUN,OK,RUN,0.98
2026-01-27T00:38:43.235921Z,84.97,81.55,83.01,22.01,eco,1.8298,36.44,3.8,90.0,1519.9,16.89,1365.1,442.2,154.8,1272.1,46.56,34.7,-0.29,0.11,4.67,RUN,OK,RUN,0.98
2026-01-27T00:38:43.435921Z,84.97,81.55,83.01,21.81,eco,1.8197,36.44,3.85,90.0,1528.0,16.98,1364.8,440.2,163.3,1271.8,46.55,34.7,-0.3,0.11,4.674,RUN,OK,RUN,0.98
2026-01-27T00:38:43.635921Z,84.98,81.54,83.0,21.62,eco,1.8095,36.44,3.9,90.0,1536.1,17.07,1364.5,438.3,171.7,1271.6,46.55,34.7,-0.3,0.11,4.679,RUN,OK,RUN,0.98
2026-01-27T00:38:43.835921Z,84.98,81.53,83.0,21.42,eco,1.7991,36.43,3.96,90.0,1544.2,17.16,1364.2,436.4,180.0,1271.3,46.54,34.7,-0.3,0.11,4.684,RUN,OK,RUN,0.98
2026-01-27T00:38:44.035921Z,84.99,81.52,83.0,21.22,eco,1.7885,36.43,4.01,90.0,1552.2,17.25,1363.9,434.6,188.3,1271.1,46.54,34.69,-0.31,0.11,4.688,RUN,OK,RUN,0.98
2026-01-27T00:38:44.235921Z,84.99,81.52,83.0,21.02,eco,1.7777,36.43,4.06,90.0,1560.1,17.33,1363.5,432.8,196.6,1270.8,46.53,34.69,-0.31,0.1,4.693,RUN,OK,RUN,0.98
2026-01-27T00:38:44.435921Z,84.99,81.51,83.0,20.82,eco,1.7668,36.43,4.12,90.0,1568.1,17.42,1363.2,431.0,204.8,1270.6,46.52,34.69,-0.32,0.1,4.697,RUN,OK,RUN,0.98
2026-01-27T00:38:44.635921Z,85.0,81.5,83.0,20.62,eco,1.7557,36.42,4.17,90.0,1575.9,17.51,1362.9,429.3,213.0,1270.3,46.52,34.69,-0.32,0.1,4.702,RUN,OK,RUN,0.98
2026-01-27T00:38:44.835921Z,85.0,81.49,83.0,20.42,eco,1.7445,36.42,4.23,90.0,1583.7,17.6,1362.6,427.6,221.1,1270.1,46.51,34.69,-0.33,0.1,4.707,RUN,OK,RUN,0.98
2026-01-27T00:38:45.035921Z,85.0,81.48,83.0,20.22,eco,1.7331,36.42,4.28,90.0,1591.5,17.68,1362.3,426.0,229.2,1269.8,46.51,34.68,-0.33,0.1,4.711,RUN,OK,RUN,0.98
2026-01-27T00:38:45.235921Z,85.0,81.47,83.0,20.02,eco,1.7215,36.41,4.34,90.0,1599.3,17.77,1362.0,424.5,237.3,1269.6,46.5,34.68,-0.33,0.1,4.716,RUN,OK,RUN,0.98
2026-01-27T00:38:45.435921Z,85.0,81.45,83.0,19.82,eco,1.7098,36.41,4.39,90.0,1606.9,17.85,1361.7,422.9,245.3,1269.3,46.49,34.68,-0.34,0.1,4.72,RUN,OK,RUN,0.98
2026-01-27T00:38:45.635921Z,85.0,81.44,83.0,19.62,eco,1.698,36.41,4.45,90.0,1614.6,17.94,1361.3,421.5,253.2,1269.1,46.49,34.68,-0.34,0.1,4.725,RUN,OK,RUN,0.98
2026-01-27T00:38:45.835921Z,85.0,81.43,83.0,19.42,eco,1.6859,36.41,4.51,90.0,1622.1,18.02,1361.0,420.0,261.1,1268.8,46.48,34.68,-0.35,0.09,4.73,RUN,OK,RUN,0.98
2026-01-27T00:38:46.035921Z,84.99,81.41,83.0,19.22,eco,1.6737,36.4,4.57,90.0,1629.7,18.11,1360.7,418.7,269.0,1268.5,46.48,34.67,-0.35,0.09,4.734,RUN,OK,RUN,0.98
2026-01-27T00:38:46.235921Z,84.99,81.4,83.0,19.02,eco,1.6614,36.4,4.63,90.0,1637.1,18.19,1360.4,417.3,276.8,1268.3,46.47,34.67,-0.35,0.09,4.739,RUN,OK,RUN,0.98
2026-01-27T00:38:46.435921Z,84.99,81.38,83.0,18.82,eco,1.6489,36.4,4.69,90.0,1644.5,18.27,1360.0,416.1,284.5,1268.0,46.47,34.67,-0.36,0.09,4.744,RUN,OK,RUN,0.98
2026-01-27T00:38:46.635921Z,84.98,81.37,83.0,18.62,eco,1.6363,36.39,4.75,90.0,1651.9,18.35,1359.7,414.8,292.2,1267.8,46.46,34.67,-0.36,0.09,4.748,RUN,OK,RUN,0.98
2026-01-27T00:38:46.835921Z,84.98,81.35,83.0,18.42,eco,1.6235,36.39,4.81,90.0,1659.2,18.44,1359.4,413.7,299.8,1267.5,46.45,34.67,-0.37,0.09,4.753,RUN,OK,RUN,0.98
2026-01-27T00:38:47.035921Z,84.97,81.33,83.01,18.22,eco,1.6105,36.39,4.87,90.0,1666.5,18.52,1359.0,412.5,307.4,1267.2,46.45,34.66,-0.37,0.09,4.757,RUN,OK,RUN,0.98
2026-01-27T00:38:47.235921Z,84.97,81.32,83.01,18.03,eco,1.5974,36.39,4.93,90.0,1673.7,18.6,1358.7,411.4,314.9,1267.0,46.44,34.66,-0.38,0.09,4.762,RUN,OK,RUN,0.98
2026-01-27T00:38:47.435921Z,84.96,81.3,83.01,17.83,eco,1.5842,36.38,4.99,90.0,1680.8,18.67,1358.4,410.4,322.4,1266.7,46.44,34.66,-0.38,0.08,4.767,RUN,OK,RUN,0.98
2026-01-27T00:38:47.635921Z,84.95,81.28,83.01,17.63,eco,1.5708,36.38,5.05,90.01,1687.9,18.75,1358.1,409.4,329.8,1266.4,46.43,34.66,-0.38,0.08,4.771,RUN,OK,RUN,0.98
2026-01-27T00:38:47.835921Z,84.94,81.26,83.01,17.43,eco,1.5573,36.38,5.12,90.01,1694.9,18.83,1357.7,408.5,337.2,1266.2,46.42,34.66,-0.39,0.08,4.776,RUN,OK,RUN,0.98
2026-01-27T00:38:48.035921Z,84.94,81.24,83.01,17.24,eco,1.5436,36.37,5.18,90.01,1701.8,18.91,1357.4,407.6,344.5,1265.9,46.42,34.65,-0.39,0.08,4.78,RUN,OK,RUN,0.98
2026-01-27T00:38:48.235921Z,84.93,81.22,83.01,17.04,eco,1.5298,36.37,5.25,90.01,1708.7,18.98,1357.0,406.7,351.7,1265.6,46.41,34.65,-0.4,0.08,4.785,RUN,OK,RUN,0.98
2026-01-27T00:38:48.435921Z,84.92,81.2,83.02,16.84,eco,1.5158,36.37,5.31,90.01,1715.6,19.06,1356.7,406.0,358.8,1265.4,46.41,34.65,-0.4,0.08,4.79,RUN,OK,RUN,0.98
2026-01-27T00:38:48.635921Z,84.9,81.18,83.02,16.65,eco,1.5017,36.37,5.38,90.01,1722.3,19.13,1356.4,405.2,366.0,1265.1,46.4,34.65,-0.4,0.08,4.794,RUN,OK,RUN,0.98
2026-01-27T00:38:48.835921Z,84.89,81.15,83.02,16.45,eco,1.4875,36.36,5.44,90.01,1729.0,19.21,1356.0,404.5,373.0,1264.8,46.4,34.65,-0.41,0.08,4.799,RUN,OK,RUN,0.98
2026-01-27T00:38:49.035921Z,84.88,81.13,83.02,16.26,eco,1.4731,36.36,5.51,90.01,1735.7,19.28,1355.7,403.9,380.0,1264.5,46.39,34.64,-0.41,0.07,4.803,RUN,OK,RUN,0.98
2026-01-27T00:38:49.235921Z,84.87,81.11,83.02,16.07,eco,1.4586,36.36,5.57,90.02,1742.2,19.35,1355.3,403.3,386.9,1264.3,46.38,34.64,-0.42,0.07,4.808,RUN,OK,RUN,0.98
2026-01-27T00:38:49.435921Z,84.85,81.08,83.03,15.87,eco,1.444,36.35,5.64,90.02,1748.7,19.43,1355.0,402.7,393.7,1264.0,46.38,34.64,-0.42,0.07,4.813,RUN,OK,RUN,0.98
2026-01-27T00:38:49.635921Z,84.84,81.06,83.03,15.68,eco,1.4292,36.35,5.71,90.02,1755.2,19.5,1354.6,402.2,400.5,1263.7,46.37,34.64,-0.42,0.07,4.817,RUN,OK,RUN,0.98
2026-01-27T00:38:49.835921Z,84.83,81.03,83.03,15.49,eco,1.4143,36.35,5.78,90.02,1761.5,19.57,1354.3,401.8,407.2,1263.4,46.37,34.64,-0.43,0.07,4.822,RUN,OK,RUN,0.98
2026-01-27T00:38:50.035921Z,84.81,81.0,83.03,15.3,eco,1.3992,36.35,5.84,90.02,1767.8,19.64,1354.0,401.4,413.9,1263.2,46.36,34.63,-0.43,0.07,4.827,RUN,OK,RUN,0.98
2026-01-27T00:38:50.235921Z,84.79,80.98,83.04,15.11,eco,1.384,36.34,5.91,90.02,1774.0,19.71,1353.6,401.1,420.4,1262.9,46.35,34.63,-0.44,0.07,4.831,RUN,OK,RUN,0.98
2026-01-27T00:38:50.435921Z,84.78,80.95,83.04,14.92,eco,1.3687,36.34,5.98,90.03,1780.2,19.77,1353.3,400.8,427.0,1262.6,46.35,34.63,-0.44,0.07,4.836,RUN,OK,RUN,0.98
2026-01-27T00:38:50.635921Z,84.76,80.92,83.04,14.73,eco,1.3533,36.34,6.05,90.03,1786.3,19.84,1352.9,400.5,433.4,1262.3,46.34,34.63,-0.45,0.06,4.84,RUN,OK,RUN,0.98
2026-01-27T00:38:50.835921Z,84.74,80.89,83.04,14.55,eco,1.3377,36.33,6.12,90.03,1792.3,19.91,1352.5,400.3,439.8,1262.0,46.34,34.63,-0.45,0.06,4.845,RUN,OK,RUN,0.98
2026-01-27T00:38:51.035921Z,84.72,80.86,83.05,14.36,eco,1.322,36.33,6.19,90.03,1798.2,19.97,1352.2,400.2,446.0,1261.8,46.33,34.62,-0.45,0.06,4.85,RUN,OK,RUN,0.98
2026-01-27T00:38:51.235921Z,84.7,80.83,83.05,14.18,eco,1.3062,36.33,6.26,90.04,1804.1,20.04,1351.8,400.1,452.3,1261.5,46.32,34.62,-0.46,0.06,4.854,RUN,OK,RUN,0.98
2026-01-27T00:38:51.435921Z,84.68,80.8,83.05,13.99,eco,1.2903,36.32,6.33,90.04,1809.9,20.1,1351.5,400.0,458.4,1261.2,46.32,34.62,-0.46,0.06,4.859,RUN,OK,RUN,0.98
2026-01-27T00:38:51.635921Z,84.66,80.77,83.06,13.81,eco,1.2743,36.32,6.4,90.04,1815.6,20.16,1351.1,400.0,464.5,1260.9,46.31,34.62,-0.47,0.06,4.863,RUN,OK,RUN,0.98
2026-01-27T00:38:51.835921Z,84.64,80.74,83.06,13.63,eco,1.2581,36.32,6.47,90.04,1821.2,20.23,1350.8,400.1,470.5,1260.6,46.31,34.61,-0.47,0.06,4.868,RUN,OK,RUN,0.98
2026-01-27T00:38:52.035921Z,84.62,80.71,83.06,13.45,eco,1.2418,36.32,6.55,90.05,1826.8,20.29,1350.4,400.2,476.4,1260.3,46.3,34.61,-0.47,0.06,4.873,RUN,OK,RUN,0.98
2026-01-27T00:38:52.235921Z,84.6,80.67,83.06,13.27,eco,1.2254,36.31,6.62,90.05,1832.3,20.35,1350.0,400.3,482.3,1260.0,46.29,34.61,-0.48,0.05,4.877,RUN,OK,RUN,0.98
2026-01-27T00:38:52.435921Z,84.57,80.64,83.07,13.09,eco,1.2089,36.31,6.69,90.05,1837.7,20.41,1349.7,400.5,488.0,1259.7,46.29,34.61,-0.48,0.05,4.882,RUN,OK,RUN,0.98
2026-01-27T00:38:52.635921Z,84.55,80.61,83.07,12.91,eco,1.1923,36.31,6.76,90.05,1843.0,20.47,1349.3,400.7,493.7,1259.4,46.28,34.61,-0.49,0.05,4.887,RUN,OK,RUN,0.98
2026-01-27T00:38:52.835921Z,84.52,80.57,83.07,12.74,eco,1.1756,36.3,6.84,90.06,1848.3,20.52,1348.9,401.0,499.3,1259.2,46.28,34.6,-0.49,0.05,4.891,RUN,OK,RUN,0.98
2026-01-27T00:38:53.035921Z,84.5,80.54,83.07,12.56,eco,1.1587,36.3,6.91,90.06,1853.4,20.58,1348.6,401.4,504.9,1258.9,46.27,34.6,-0.49,0.05,4.896,RUN,OK,RUN,0.98
2026-01-27T00:38:53.235921Z,84.47,80.5,83.08,12.39,eco,1.1418,36.3,6.99,90.06,1858.5,20.64,1348.2,401.8,510.3,1258.6,46.26,34.6,-0.5,0.05,4.9,RUN,OK,RUN,0.98
2026-01-27T00:38:53.435921Z,84.45,80.46,83.08,12.22,eco,1.1247,36.29,7.06,90.07,1863.5,20.69,1347.8,402.2,515.7,1258.3,46.26,34.6,-0.5,0.05,4.905,RUN,OK,RUN,0.98
2026-01-27T00:38:53.635921Z,84.42,80.43,83.08,12.05,eco,1.1076,36.29,7.13,90.07,1868.5,20.74,1347.5,402.7,521.0,1258.0,46.25,34.6,-0.51,0.05,4.91,RUN,OK,RUN,0.98
2026-01-27T00:38:53.835921Z,84.39,80.39,83.08,11.88,eco,1.0903,36.29,7.21,90.07,1873.3,20.8,1347.1,403.3,526.2,1257.7,46.25,34.59,-0.51,0.04,4.914,RUN,OK,RUN,0.98
2026-01-27T00:38:54.035921Z,84.36,80.35,83.08,11.71,eco,1.073,36.28,7.28,90.08,1878.1,20.85,1346.7,403.9,531.3,1257.4,46.24,34.59,-0.51,0.04,4.919,RUN,OK,RUN,0.98
2026-01-27T00:38:54.235921Z,84.33,80.31,83.09,11.55,eco,1.0555,36.28,7.36,90.08,1882.7,20.9,1346.3,404.5,536.4,1257.1,46.23,34.59,-0.52,0.04,4.923,RUN,OK,RUN,0.98
2026-01-27T00:38:54.435921Z,84.3,80.27,83.09,11.38,eco,1.0379,36.28,7.44,90.08,1887.3,20.95,1346.0,405.2,541.4,1256.8,46.23,34.59,-0.52,0.04,4.928,RUN,OK,RUN,0.98
2026-01-27T00:38:54.635921Z,84.27,80.23,83.09,11.22,eco,1.0203,36.28,7.51,90.09,1891.8,21.0,1345.6,405.9,546.2,1256.5,46.22,34.58,-0.53,0.04,4.933,RUN,OK,RUN,0.98
2026-01-27T00:38:54.835921Z,84.24,80.19,83.09,11.06,eco,1.0025,36.27,7.59,90.09,1896.3,21.05,1345.2,406.7,551.0,1256.2,46.22,34.58,-0.53,0.04,4.937,RUN,OK,RUN,0.98
2026-01-27T00:38:55.035921Z,84.21,80.15,83.09,10.9,eco,0.9847,36.27,7.66,90.1,1900.6,21.1,1344.8,407.6,555.8,1255.9,46.21,34.58,-0.53,0.04,4.942,RUN,OK,RUN,0.98
2026-01-27T00:38:55.235921Z,84.18,80.11,83.09,10.74,eco,0.9668,36.27,7.74,90.1,1904.8,21.14,1344.4,408.5,560.4,1255.6,46.2,34.58,-0.54,0.04,4.947,RUN,OK,RUN,0.98
2026-01-27T00:38:55.435921Z,84.14,80.06,83.09,10.58,eco,0.9487,36.26,7.82,90.1,1909.0,21.19,1344.1,409.4,564.9,1255.3,46.2,34.58,-0.54,0.03,4.951,RUN,OK,RUN,0.98
2026-01-27T00:38:55.635921Z,84.11,80.02,83.1,10.43,eco,0.9306,36.26,7.89,90.11,1913.1,21.23,1343.7,410.4,569.4,1254.9,46.19,34.57,-0.55,0.03,4.956,RUN,OK,RUN,0.98
2026-01-27T00:38:55.835921Z,84.08,79.98,83.1,10.28,eco,0.9125,36.26,7.97,90.11,1917.1,21.27,1343.3,411.4,573.8,1254.6,46.18,34.57,-0.55,0.03,4.96,RUN,OK,RUN,0.98
2026-01-27T00:38:56.035921Z,84.04,79.93,83.1,10.12,eco,0.8942,36.25,8.05,90.12,1921.0,21.32,1342.9,412.5,578.0,1254.3,46.18,34.57,-0.55,0.03,4.965,RUN,OK,RUN,0.98
2026-01-27T00:38:56.235921Z,84.01,79.89,83.1,9.97,eco,0.8758,36.25,8.13,90.12,1924.8,21.36,1342.5,413.6,582.2,1254.0,46.17,34.57,-0.56,0.03,4.97,RUN,OK,RUN,0.98
2026-01-27T00:38:56.435921Z,83.97,79.84,83.1,9.83,eco,0.8574,36.25,8.2,90.12,1928.5,21.4,1342.1,414.8,586.3,1253.7,46.17,34.56,-0.56,0.03,4.974,RUN,OK,RUN,0.98
2026-01-27T00:38:56.635921Z,83.93,79.79,83.09,9.68,eco,0.8389,36.24,8.28,90.13,1932.1,21.44,1341.7,416.0,590.4,1253.4,46.16,34.56,-0.57,0.03,4.979,RUN,OK,RUN,0.98
2026-01-27T00:38:56.835921Z,83.9,79.75,83.09,9.54,eco,0.8203,36.24,8.36,90.13,1935.6,21.48,1341.4,417.3,594.3,1253.1,46.15,34.56,-0.57,0.03,4.983,RUN,OK,RUN,0.98
2026-01-27T00:38:57.035921Z,83.86,79.7,83.09,9.39,eco,0.8016,36.24,8.44,90.14,1939.1,21.51,1341.0,418.6,598.1,1252.8,46.15,34.56,-0.57,0.02,4.988,RUN,OK,RUN,0.98
2026-01-27T00:38:57.235921Z,83.82,79.65,83.09,9.25,eco,0.7829,36.24,8.52,90.14,1942.5,21.55,1340.6,420.0,601.9,1252.5,46.14,34.56,-0.58,0.02,4.993,RUN,OK,RUN,0.98
2026-01-27T00:38:57.435921Z,83.78,79.6,83.09,9.11,eco,0.7641,36.23,8.6,90.15,1945.7,21.58,1340.2,421.4,605.5,1252.1,46.14,34.55,-0.58,0.02,4.997,RUN,OK,RUN,0.98
2026-01-27T00:38:57.635921Z,83.74,79.56,83.09,8.98,eco,0.7452,36.23,8.68,90.15,1948.9,21.62,1339.8,422.9,609.1,1251.8,46.13,34.55,-0.59,0.02,5.002,RUN,OK,RUN,0.98
2026-01-27T00:38:57.835921Z,83.7,79.51,83.08,8.84,eco,0.7262,36.23,8.75,90.16,1952.0,21.65,1339.4,424.4,612.6,1251.5,46.12,34.55,-0.59,0.02,5.007,RUN,OK,RUN,0.98
2026-01-27T00:38:58.035921Z,83.66,79.46,83.08,8.71,eco,0.7072,36.22,8.83,90.16,1955.0,21.68,1339.0,426.0,616.0,1251.2,46.12,34.55,-0.59,0.02,5.011,RUN,OK,RUN,0.98
2026-01-27T00:38:58.235921Z,83.62,79.41,83.08,8.58,eco,0.6881,36.22,8.91,90.17,1957.9,21.71,1338.6,427.6,619.3,1250.9,46.11,34.54,-0.6,0.02,5.016,RUN,OK,RUN,0.98
2026-01-27T00:38:58.435921Z,83.58,79.35,83.08,8.45,eco,0.669,36.22,8.99,90.17,1960.7,21.74,1338.2,429.2,622.5,1250.5,46.1,34.54,-0.6,0.02,5.02,RUN,OK,RUN,0.98
2026-01-27T00:38:58.635921Z,83.53,79.3,83.07,8.32,eco,0.6498,36.21,9.07,90.18,1963.4,21.77,1337.8,431.0,625.6,1250.2,46.1,34.54,-0.61,0.01,5.025,RUN,OK,RUN,0.98
2026-01-27T00:38:58.835921Z,83.49,79.25,83.07,8.2,eco,0.6305,36.21,9.15,90.18,1966.0,21.8,1337.4,432.7,628.6,1249.9,46.09,34.54,-0.61,0.01,5.03,RUN,OK,RUN,0.98
2026-01-27T00:38:59.035921Z,83.45,79.2,83.06,8.08,eco,0.6112,36.21,9.23,90.19,1968.5,21.83,1337.0,434.5,631.5,1249.6,46.09,34.53,-0.61,0.01,5.034,RUN,OK,RUN,0.98
2026-01-27T00:38:59.235921Z,83.4,79.14,83.06,7.96,eco,0.5918,36.2,9.31,90.19,1970.9,21.85,1336.6,436.4,634.3,1249.3,46.08,34.53,-0.62,0.01,5.039,RUN,OK,RUN,0.98
2026-01-27T00:38:59.435921Z,83.36,79.09,83.05,7.84,eco,0.5724,36.2,9.39,90.2,1973.2,21.88,1336.2,438.2,637.1,1248.9,46.07,34.53,-0.62,0.01,5.043,RUN,OK,RUN,0.98
2026-01-27T00:38:59.635921Z,83.31,79.04,83.04,7.72,eco,0.553,36.2,9.47,90.21,1975.5,21.9,1335.8,440.2,639.7,1248.6,46.07,34.53,-0.63,0.01,5.048,RUN,OK,RUN,0.98
2026-01-27T00:38:59.835921Z,83.26,78.98,83.04,7.61,eco,0.5334,36.19,9.55,90.21,1977.6,21.92,1335.3,442.2,642.3,1248.3,46.06,34.52,-0.63,0.01,5.053,RUN,OK,RUN,0.98
2026-01-27T00:39:00.035921Z,83.22,78.93,83.03,7.5,eco,0.5139,36.19,9.63,90.22,1979.6,21.94,1334.9,444.2,644.7,1247.9,46.06,34.52,-0.63,0.01,5.057,RUN,OK,RUN,0.98
2026-01-27T00:39:00.235921Z,83.17,78.87,83.02,7.39,eco,0.4942,36.19,9.71,90.22,1981.6,21.96,1334.5,446.3,647.1,1247.6,46.05,34.52,-0.64,0.0,5.062,RUN,OK,RUN,0.98
2026-01-27T00:39:00.435921Z,83.12,78.81,83.01,7.28,eco,0.4746,36.18,9.79,90.23,1983.4,21.98,1334.1,448.4,649.3,1247.3,46.04,34.52,-0.64,0.0,5.067,RUN,OK,RUN,0.98
2026-01-27T00:39:00.635921Z,83.07,78.76,83.01,7.18,eco,0.4549,36.18,9.87,90.23,1985.2,22.0,1333.7,450.6,651.5,1247.0,46.04,34.52,-0.64,0.0,5.071,RUN,OK,RUN,0.98
2026-01-27T00:39:00.835921Z,83.02,78.7,83.0,7.07,eco,0.4352,36.18,9.95,90.24,1986.8,22.02,1333.3,452.8,653.6,1246.6,46.03,34.51,-0.65,0.0,5.076,RUN,OK,RUN,0.98
2026-01-27T00:39:01.035921Z,82.97,78.64,82.99,6.97,power,0.4154,36.17,10.03,90.25,1988.4,22.03,1332.9,455.0,655.5,1246.3,46.02,34.51,-0.65,-0.0,5.08,RUN,OK,RUN,0.98
2026-01-27T00:39:01.235921Z,82.92,78.58,82.98,6.88,power,0.3956,36.17,10.11,90.25,1989.9,22.05,1332.4,457.4,657.4,1246.0,46.02,34.51,-0.66,-0.0,5.085,RUN,OK,RUN,0.98
2026-01-27T00:39:01.435921Z,82.87,78.52,82.97,6.78,power,0.3757,36.17,10.19,90.26,1991.2,22.06,1332.0,459.7,659.2,1245.6,46.01,34.51,-0.66,-0.0,5.09,RUN,OK,RUN,0.98
2026-01-27T00:39:01.635921Z,82.82,78.46,82.95,6.69,power,0.3558,36.16,10.27,90.27,1992.5,22.07,1331.6,462.1,660.9,1245.3,46.0,34.5,-0.66,-0.0,5.094,RUN,OK,RUN,0.98
2026-01-27T00:39:01.835921Z,82.77,78.4,82.94,6.6,power,0.3359,36.16,10.35,90.27,1993.7,22.08,1331.2,464.5,662.5,1244.9,46.0,34.5,-0.67,-0.01,5.099,RUN,OK,RUN,0.98
2026-01-27T00:39:02.035921Z,82.71,78.34,82.93,6.51,power,0.316,36.16,10.43,90.28,1994.7,22.1,1330.8,467.0,664.0,1244.6,45.99,34.5,-0.67,-0.01,5.103,RUN,OK,RUN,0.98
2026-01-27T00:39:02.235921Z,82.66,78.28,82.91,6.42,power,0.296,36.15,10.51,90.29,1995.7,22.1,1330.3,469.5,665.4,1244.3,45.99,34.5,-0.68,-0.01,5.108,RUN,OK,RUN,0.98
2026-01-27T00:39:02.435921Z,82.61,78.22,82.9,6.34,power,0.2761,36.15,10.59,90.29,1996.6,22.11,1329.9,472.1,666.7,1243.9,45.98,34.49,-0.68,-0.01,5.113,RUN,OK,RUN,0.98
2026-01-27T00:39:02.635921Z,82.55,78.15,82.89,6.26,power,0.2561,36.15,10.67,90.3,1997.3,22.12,1329.5,474.7,667.9,1243.6,45.97,34.49,-0.68,-0.01,5.117,RUN,OK,RUN,0.98
2026-01-27T00:39:02.835921Z,82.5,78.09,82.87,6.18,power,0.236,36.15,10.75,90.31,1998.0,22.12,1329.1,477.4,669.0,1243.2,45.97,34.49,-0.69,-0.01,5.122,RUN,OK,RUN,0.98
2026-01-27T00:39:03.035921Z,82.44,78.03,82.85,6.1,power,0.216,36.14,10.83,90.31,1998.6,22.13,1328.6,480.1,670.0,1242.9,45.96,34.49,-0.69,-0.01,5.126,RUN,OK,RUN,0.98
2026-01-27T00:39:03.235921Z,82.39,77.96,82.84,6.03,power,0.1959,36.14,10.91,90.32,1999.1,22.13,1328.2,482.8,670.9,1242.6,45.95,34.48,-0.69,-0.01,5.131,RUN,OK,RUN,0.98
2026-01-27T00:39:03.435921Z,82.33,77.9,82.82,5.96,power,0.1759,36.14,10.99,90.33,1999.4,22.14,1327.8,485.6,671.7,1242.2,45.95,34.48,-0.7,-0.02,5.136,RUN,OK,RUN,0.98
2026-01-27T00:39:03.635921Z,82.27,77.83,82.8,5.89,power,0.1558,36.13,11.07,90.33,1999.7,22.14,1327.3,488.4,672.4,1241.9,45.94,34.48,-0.7,-0.02,5.14,RUN,OK,RUN,0.98
2026-01-27T00:39:03.835921Z,82.21,77.77,82.78,5.82,power,0.1357,36.13,11.15,90.34,1999.9,22.14,1326.9,491.3,673.0,1241.5,45.94,34.48,-0.71,-0.02,5.145,RUN,OK,RUN,0.98
2026-01-27T00:39:04.035921Z,82.16,77.7,82.76,5.76,power,0.1156,36.13,11.22,90.35,2000.0,22.14,1326.5,494.2,673.5,1241.2,45.93,34.47,-0.71,-0.02,5.149,RUN,OK,RUN,0.98
2026-01-27T00:39:04.235921Z,82.1,77.64,82.74,5.69,power,0.0955,36.12,11.3,90.36,2000.0,22.13,1326.0,497.2,673.9,1240.8,45.92,34.47,-0.71,-0.02,5.154,RUN,OK,RUN,0.98
2026-01-27T00:39:04.435921Z,82.04,77.57,82.72,5.64,power,0.0754,36.12,11.38,90.36,1999.9,22.13,1325.6,500.2,674.3,1240.5,45.92,34.47,-0.72,-0.02,5.159,RUN,OK,RUN,0.98
2026-01-27T00:39:04.635921Z,81.98,77.5,82.7,5.58,power,0.0552,36.12,11.46,90.37,1999.7,22.13,1325.2,503.2,674.5,1240.1,45.91,34.47,-0.72,-0.02,5.163,RUN,OK,RUN,0.98
2026-01-27T00:39:04.835921Z,81.92,77.43,82.67,5.53,power,0.05,36.11,11.54,90.38,1999.3,22.12,1324.7,506.3,674.6,1239.8,45.9,34.46,-0.72,-0.02,5.168,RUN,OK,RUN,0.98
2026-01-27T00:39:05.035921Z,81.86,77.37,82.65,5.47,power,0.05,36.11,11.62,90.39,1998.9,22.12,1324.3,509.4,674.6,1239.4,45.9,34.46,-0.73,-0.03,5.172,RUN,OK,RUN,0.98
2026-01-27T00:39:05.235921Z,81.79,77.3,82.62,5.43,power,0.05,36.11,11.7,90.39,1998.4,22.11,1323.8,512.6,674.6,1239.1,45.89,34.46,-0.73,-0.03,5.177,RUN,OK,RUN,0.98
2026-01-27T00:39:05.435921Z,81.73,77.23,82.6,5.38,power,0.05,36.1,11.77,90.4,1997.8,22.1,1323.4,515.8,674.4,1238.7,45.88,34.46,-0.74,-0.03,5.182,RUN,OK,RUN,0.98
2026-01-27T00:39:05.635921Z,81.67,77.16,82.57,5.34,power,0.05,36.1,11.85,90.41,1997.1,22.09,1323.0,519.0,674.2,1238.4,45.88,34.45,-0.74,-0.03,5.186,RUN,OK,RUN,0.98
2026-01-27T00:39:05.835921Z,81.61,77.09,82.54,5.3,power,0.05,36.1,11.93,90.42,1996.3,22.08,1322.5,522.3,673.8,1238.0,45.87,34.45,-0.74,-0.03,5.191,RUN,OK,RUN,0.98
2026-01-27T00:39:06.035921Z,81.54,77.02,82.51,5.26,power,0.05,36.09,12.01,90.43,1995.4,22.07,1322.1,525.6,673.3,1237.6,45.87,34.45,-0.75,-0.03,5.195,RUN,OK,RUN,0.98
2026-01-27T00:39:06.235921Z,81.48,76.95,82.49,5.22,power,0.05,36.09,12.08,90.43,1994.4,22.05,1321.6,529.0,672.8,1237.3,45.86,34.45,-0.75,-0.03,5.2,RUN,OK,RUN,0.98
2026-01-27T00:39:06.435921Z,81.41,76.87,82.45,5.19,power,0.05,36.09,12.16,90.44,1993.3,22.04,1321.2,532.4,672.1,1236.9,45.85,34.44,-0.75,-0.03,5.204,RUN,OK,RUN,0.98
2026-01-27T00:39:06.635921Z,81.35,76.8,82.42,5.16,power,0.05,36.08,12.24,90.45,1992.1,22.02,1320.7,535.8,671.4,1236.6,45.85,34.44,-0.76,-0.04,5.209,RUN,OK,RUN,0.98
2026-01-27T00:39:06.835921Z,81.28,76.73,82.39,5.13,power,0.05,36.08,12.32,90.46,1990.8,22.01,1320.3,539.3,670.5,1236.2,45.84,34.44,-0.76,-0.04,5.214,RUN,OK,RUN,0.98
2026-01-27T00:39:07.035921Z,81.22,76.66,82.36,5.11,power,0.05,36.08,12.39,90.47,1989.4,21.99,1319.8,542.8,669.6,1235.9,45.83,34.44,-0.77,-0.04,5.218,RUN,OK,RUN,0.98
2026-01-27T00:39:07.235921Z,81.15,76.58,82.32,5.08,power,0.05,36.07,12.47,90.48,1987.9,21.97,1319.4,546.4,668.6,1235.5,45.83,34.43,-0.77,-0.04,5.223,RUN,OK,RUN,0.98
2026-01-27T00:39:07.435921Z,81.08,76.51,82.29,5.06,power,0.05,36.07,12.54,90.48,1986.3,21.95,1318.9,549.9,667.4,1235.1,45.82,34.43,-0.77,-0.04,5.227,RUN,OK,RUN,0.98
2026-01-27T00:39:07.635921Z,81.02,76.44,82.25,5.05,power,0.05,36.07,12.62,90.49,1984.7,21.93,1318.4,553.6,666.2,1234.8,45.81,34.43,-0.78,-0.04,5.232,RUN,OK,RUN,0.98
2026-01-27T00:39:07.835921Z,80.95,76.36,82.22,5.03,power,0.05,36.06,12.7,90.5,1982.9,21.91,1318.0,557.2,664.9,1234.4,45.81,34.43,-0.78,-0.04,5.236,RUN,OK,RUN,0.98
2026-01-27T00:39:08.035921Z,80.88,76.29,82.18,5.02,power,0.05,36.06,12.77,90.51,1981.0,21.89,1317.5,560.9,663.5,1234.0,45.8,34.42,-0.78,-0.04,5.241,RUN,OK,RUN,0.98
2026-01-27T00:39:08.235921Z,80.81,76.21,82.14,5.01,power,0.05,36.05,12.85,90.52,1979.0,21.86,1317.1,564.7,661.9,1233.7,45.8,34.42,-0.79,-0.05,5.246,RUN,OK,RUN,0.98
2026-01-27T00:39:08.435921Z,80.74,76.13,82.1,5.0,power,0.05,36.05,12.92,90.53,1977.0,21.84,1316.6,568.4,660.3,1233.3,45.79,34.42,-0.79,-0.05,5.25,RUN,OK,RUN,0.98
2026-01-27T00:39:08.635921Z,80.67,76.06,82.06,5.0,power,0.05,36.05,12.99,90.54,1974.8,21.81,1316.2,572.3,658.6,1232.9,45.78,34.42,-0.79,-0.05,5.255,RUN,OK,RUN,0.98
2026-01-27T00:39:08.835921Z,80.6,75.98,82.02,5.0,power,0.05,36.04,13.07,90.55,1972.5,21.78,1315.7,576.1,656.8,1232.6,45.78,34.41,-0.8,-0.05,5.259,RUN,OK,RUN,0.98
2026-01-27T00:39:09.035921Z,80.53,75.9,81.97,5.0,power,0.05,36.04,13.14,90.55,1970.2,21.76,1315.2,580.0,654.9,1232.2,45.77,34.41,-0.8,-0.05,5.264,RUN,OK,RUN,0.98
2026-01-27T00:39:09.235921Z,80.46,75.82,81.93,5.01,power,0.05,36.04,13.22,90.56,1967.7,21.73,1314.8,583.9,653.0,1231.8,45.76,34.41,-0.81,-0.05,5.268,RUN,OK,RUN,0.98
2026-01-27T00:39:09.435921Z,80.39,75.75,81.88,5.01,power,0.05,36.03,13.29,90.57,1965.2,21.7,1314.3,587.8,650.9,1231.4,45.76,34.41,-0.81,-0.05,5.273,RUN,OK,RUN,0.98
2026-01-27T00:39:09.635921Z,80.31,75.67,81.84,5.02,power,0.05,36.03,13.36,90.58,1962.5,21.67,1313.8,591.8,648.7,1231.1,45.75,34.4,-0.81,-0.05,5.278,RUN,OK,RUN,0.98
2026-01-27T00:39:09.835921Z,80.24,75.59,81.79,5.03,power,0.05,36.03,13.43,90.59,1959.8,21.63,1313.4,595.8,646.4,1230.7,45.74,34.4,-0.82,-0.06,5.282,RUN,OK,RUN,0.98
2026-01-27T00:39:10.035921Z,80.17,75.51,81.74,5.05,power,0.05,36.02,13.51,90.6,1957.0,21.6,1312.9,599.9,644.1,1230.3,45.74,34.4,-0.82,-0.06,5.287,RUN,OK,RUN,0.98
2026-01-27T00:39:10.235921Z,80.09,75.43,81.69,5.07,power,0.05,36.02,13.58,90.61,1954.0,21.57,1312.4,604.0,641.6,1229.9,45.73,34.4,-0.82,-0.06,5.291,RUN,OK,RUN,0.98
2026-01-27T00:39:10.435921Z,80.02,75.35,81.64,5.09,power,0.05,36.02,13.65,90.62,1951.0,21.53,1312.0,608.1,639.1,1229.6,45.72,34.39,-0.83,-0.06,5.296,RUN,OK,RUN,0.98
2026-01-27T00:39:10.635921Z,79.94,75.27,81.59,5.11,power,0.05,36.01,13.72,90.63,1947.9,21.49,1311.5,612.2,636.4,1229.2,45.72,34.39,-0.83,-0.06,5.3,RUN,OK,RUN,0.98
2026-01-27T00:39:10.835921Z,79.87,75.19,81.54,5.14,power,0.05,36.01,13.79,90.64,1944.7,21.46,1311.0,616.4,633.7,1228.8,45.71,34.39,-0.83,-0.06,5.305,RUN,OK,RUN,0.98
2026-01-27T00:39:11.035921Z,79.79,75.11,81.48,5.16,power,0.05,36.01,13.86,90.65,1941.4,21.42,1310.5,620.6,630.9,1228.4,45.7,34.39,-0.84,-0.06,5.309,RUN,OK,RUN,0.98
2026-01-27T00:39:11.235921Z,79.72,75.03,81.43,5.19,power,0.05,36.0,13.93,90.66,1938.0,21.38,1310.1,624.8,628.0,1228.0,45.7,34.38,-0.84,-0.06,5.314,RUN,OK,RUN,0.98
2026-01-27T00:39:11.435921Z,79.64,74.94,81.37,5.23,power,0.05,36.0,14.0,90.67,1934.6,21.34,1309.6,629.1,625.0,1227.7,45.69,34.38,-0.84,-0.07,5.318,RUN,OK,RUN,0.98
2026-01-27T00:39:11.635921Z,79.56,74.86,81.32,5.26,power,0.05,36.0,14.07,90.68,1931.0,21.29,1309.1,633.4,621.9,1227.3,45.69,34.38,-0.85,-0.07,5.323,RUN,OK,RUN,0.98
2026-01-27T00:39:11.835921Z,79.49,74.78,81.26,5.3,power,0.05,35.99,14.14,90.69,1927.3,21.25,1308.6,637.8,618.7,1226.9,45.68,34.37,-0.85,-0.07,5.327,RUN,OK,RUN,0.98
2026-01-27T00:39:12.035921Z,79.41,74.69,81.2,5.34,power,0.05,35.99,14.21,90.7,1923.6,21.21,1308.1,642.1,615.5,1226.5,45.67,34.37,-0.86,-0.07,5.332,RUN,OK,RUN,0.98
2026-01-27T00:39:12.235921Z,79.33,74.61,81.14,5.39,power,0.05,35.99,14.27,90.71,1919.8,21.16,1307.7,646.5,612.1,1226.1,45.67,34.37,-0.86,-0.07,5.336,RUN,OK,RUN,0.98
2026-01-27T00:39:12.435921Z,79.25,74.53,81.08,5.43,power,0.05,35.98,14.34,90.72,1915.8,21.12,1307.2,650.9,608.7,1225.7,45.66,34.37,-0.86,-0.07,5.341,RUN,OK,RUN,0.98
2026-01-27T00:39:12.635921Z,79.17,74.44,81.01,5.48,power,0.05,35.98,14.41,90.73,1911.8,21.07,1306.7,655.4,605.1,1225.3,45.65,34.36,-0.87,-0.07,5.345,RUN,OK,RUN,0.98
2026-01-27T00:39:12.835921Z,79.1,74.36,80.95,5.54,power,0.05,35.98,14.47,90.74,1907.7,21.02,1306.2,659.9,601.5,1225.0,45.65,34.36,-0.87,-0.07,5.35,RUN,OK,RUN,0.98
2026-01-27T00:39:13.035921Z,79.02,74.27,80.88,5.59,power,0.05,35.97,14.54,90.75,1903.5,20.98,1305.7,664.4,597.8,1224.6,45.64,34.36,-0.87,-0.08,5.354,RUN,OK,RUN,0.98
2026-01-27T00:39:13.235921Z,78.94,74.19,80.82,5.65,power,0.05,35.97,14.61,90.76,1899.3,20.93,1305.2,668.9,594.0,1224.2,45.63,34.36,-0.88,-0.08,5.359,RUN,OK,RUN,0.98
2026-01-27T00:39:13.435921Z,78.85,74.1,80.75,5.71,power,0.05,35.97,14.67,90.77,1894.9,20.88,1304.7,673.5,590.2,1223.8,45.63,34.35,-0.88,-0.08,5.363,RUN,OK,RUN,0.98
2026-01-27T00:39:13.635921Z,78.77,74.02,80.68,5.77,power,0.05,35.96,14.74,90.78,1890.4,20.82,1304.2,678.1,586.2,1223.4,45.62,34.35,-0.88,-0.08,5.368,RUN,OK,RUN,0.98
2026-01-27T00:39:13.835921Z,78.69,73.93,80.61,5.83,power,0.05,35.96,14.8,90.79,1885.9,20.77,1303.8,682.7,582.2,1223.0,45.61,34.35,-0.89,-0.08,5.372,RUN,OK,RUN,0.98
2026-01-27T00:39:14.035921Z,78.61,73.84,80.54,5.9,power,0.05,35.95,14.86,90.81,1881.3,20.72,1303.3,687.3,578.0,1222.6,45.61,34.35,-0.89,-0.08,5.377,RUN,OK,RUN,0.98
2026-01-27T00:39:14.235921Z,78.53,73.76,80.47,5.97,power,0.05,35.95,14.93,90.82,1876.6,20.66,1302.8,692.0,573.8,1222.2,45.6,34.34,-0.89,-0.08,5.381,RUN,OK,RUN,0.98
2026-01-27T00:39:14.435921Z,78.45,73.67,80.4,6.04,power,0.05,35.95,14.99,90.83,1871.8,20.61,1302.3,696.7,569.5,1221.8,45.59,34.34,-0.9,-0.08,5.386,RUN,OK,RUN,0.98
2026-01-27T00:39:14.635921Z,78.36,73.58,80.32,6.11,power,0.05,35.94,15.05,90.84,1866.9,20.55,1301.8,701.4,565.2,1221.4,45.59,34.34,-0.9,-0.09,5.39,RUN,OK,RUN,0.98
2026-01-27T00:39:14.835921Z,78.28,73.49,80.25,6.19,power,0.05,35.94,15.11,90.85,1862.0,20.5,1301.3,706.1,560.7,1221.0,45.58,34.33,-0.9,-0.09,5.395,RUN,OK,RUN,0.98
2026-01-27T00:39:15.035921Z,78.2,73.4,80.17,6.27,power,0.05,35.94,15.18,90.86,1857.0,20.44,1300.8,710.9,556.2,1220.6,45.57,34.33,-0.91,-0.09,5.399,RUN,OK,RUN,0.98
2026-01-27T00:39:15.235921Z,78.11,73.32,80.09,6.35,power,0.05,35.93,15.24,90.87,1851.9,20.38,1300.3,715.7,551.6,1220.2,45.57,34.33,-0.91,-0.09,5.404,RUN,OK,RUN,0.98
2026-01-27T00:39:15.435921Z,78.03,73.23,80.01,6.44,power,0.05,35.93,15.3,90.88,1846.7,20.32,1299.8,720.5,546.9,1219.8,45.56,34.33,-0.91,-0.09,5.408,RUN,OK,RUN,0.98
2026-01-27T00:39:15.635921Z,77.94,73.14,79.93,6.52,power,0.05,35.93,15.36,90.89,1841.4,20.26,1299.3,725.4,542.1,1219.4,45.55,34.32,-0.92,-0.09,5.412,RUN,OK,RUN,0.98
2026-01-27T00:39:15.835921Z,77.86,73.05,79.85,6.61,power,0.05,35.92,15.42,90.91,1836.0,20.2,1298.8,730.2,537.2,1219.0,45.55,34.32,-0.92,-0.09,5.417,RUN,OK,RUN,0.98
2026-01-27T00:39:16.035921Z,77.77,72.96,79.77,6.7,power,0.05,35.92,15.47,90.92,1830.6,20.13,1298.3,735.1,532.3,1218.6,45.54,34.32,-0.92,-0.09,5.421,RUN,OK,RUN,0.98
2026-01-27T00:39:16.235921Z,77.69,72.87,79.69,6.8,power,0.05,35.92,15.53,90.93,1825.1,20.07,1297.8,740.0,527.3,1218.2,45.54,34.32,-0.93,-0.09,5.426,RUN,OK,RUN,0.98
2026-01-27T00:39:16.435921Z,77.6,72.78,79.6,6.89,power,0.05,35.91,15.59,90.94,1819.5,20.01,1297.3,744.9,522.2,1217.8,45.53,34.31,-0.93,-0.1,5.43,RUN,OK,RUN,0.98
2026-01-27T00:39:16.635921Z,77.52,72.69,79.52,6.99,power,0.05,35.91,15.65,90.95,1813.8,19.94,1296.8,749.9,517.1,1217.4,45.52,34.31,-0.93,-0.1,5.435,RUN,OK,RUN,0.98
2026-01-27T00:39:16.835921Z,77.43,72.6,79.43,7.09,power,0.05,35.91,15.7,90.96,1808.1,19.88,1296.3,754.8,511.8,1217.0,45.52,34.31,-0.94,-0.1,5.439,RUN,OK,RUN,0.98
2026-01-27T00:39:17.035921Z,77.34,72.5,79.34,7.2,power,0.05,35.9,15.76,90.98,1802.3,19.81,1295.7,759.8,506.5,1216.6,45.51,34.3,-0.94,-0.1,5.443,RUN,OK,RUN,0.98
2026-01-27T00:39:17.235921Z,77.25,72.41,79.25,7.3,power,0.05,35.9,15.81,90.99,1796.4,19.74,1295.2,764.8,501.2,1216.2,45.5,34.3,-0.94,-0.1,5.448,RUN,OK,RUN,0.98
2026-01-27T00:39:17.435921Z,77.17,72.32,79.16,7.41,power,0.05,35.89,15.87,91.0,1790.4,19.68,1294.7,769.9,495.7,1215.8,45.5,34.3,-0.95,-0.1,5.452,RUN,OK,RUN,0.98
2026-01-27T00:39:17.635921Z,77.08,72.23,79.07,7.52,power,0.05,35.89,15.92,91.01,1784.4,19.61,1294.2,774.9,490.2,1215.4,45.49,34.3,-0.95,-0.1,5.457,RUN,OK,RUN,0.98
2026-01-27T00:39:17.835921Z,76.99,72.14,78.98,7.63,power,0.05,35.89,15.98,91.02,1778.3,19.54,1293.7,780.0,484.6,1215.0,45.48,34.29,-0.95,-0.1,5.461,RUN,OK,RUN,0.98
2026-01-27T00:39:18.035921Z,76.9,72.04,78.88,7.74,power,0.05,35.88,16.03,91.04,1772.1,19.47,1293.2,785.1,478.9,1214.6,45.48,34.29,-0.96,-0.11,5.465,RUN,OK,RUN,0.98
2026-01-27T00:39:18.235921Z,76.81,71.95,78.79,7.86,power,0.05,35.88,16.08,91.05,1765.9,19.39,1292.7,790.2,473.2,1214.1,45.47,34.29,-0.96,-0.11,5.47,RUN,OK,RUN,0.98
2026-01-27T00:39:18.435921Z,76.72,71.86,78.69,7.98,power,0.05,35.88,16.13,91.06,1759.6,19.32,1292.2,795.3,467.4,1213.7,45.46,34.29,-0.96,-0.11,5.474,RUN,OK,RUN,0.98
2026-01-27T00:39:18.635921Z,76.63,71.76,78.6,8.1,power,0.05,35.87,16.18,91.07,1753.2,19.25,1291.6,800.4,461.5,1213.3,45.46,34.28,-0.97,-0.11,5.478,RUN,OK,RUN,0.98
2026-01-27T00:39:18.835921Z,76.54,71.67,78.5,8.22,power,0.05,35.87,16.23,91.09,1746.7,19.18,1291.1,805.6,455.6,1212.9,45.45,34.28,-0.97,-0.11,5.483,RUN,OK,RUN,0.98
2026-01-27T00:39:19.035921Z,76.45,71.58,78.4,8.35,power,0.05,35.87,16.28,91.1,1740.2,19.1,1290.6,810.7,449.6,1212.5,45.44,34.28,-0.97,-0.11,5.487,RUN,OK,RUN,0.98
2026-01-27T00:39:19.235921Z,76.36,71.48,78.3,8.48,power,0.05,35.86,16.33,91.11,1733.6,19.03,1290.1,815.9,443.5,1212.1,45.44,34.27,-0.98,-0.11,5.491,RUN,OK,RUN,0.98
2026-01-27T00:39:19.435921Z,76.27,71.39,78.2,8.6,power,0.05,35.86,16.38,91.12,1727.0,18.95,1289.6,821.1,437.4,1211.6,45.43,34.27,-0.98,-0.11,5.496,RUN,OK,RUN,0.98
2026-01-27T00:39:19.635921Z,76.18,71.29,78.09,8.74,power,0.05,35.85,16.43,91.14,1720.2,18.88,1289.0,826.3,431.2,1211.2,45.42,34.27,-0.98,-0.12,5.5,RUN,OK,RUN,0.98
2026-01-27T00:39:19.835921Z,76.09,71.2,77.99,8.87,power,0.05,35.85,16.48,91.15,1713.4,18.8,1288.5,831.6,424.9,1210.8,45.42,34.27,-0.99,-0.12,5.505,RUN,OK,RUN,0.98
2026-01-27T00:39:20.035921Z,76.0,71.1,77.89,9.0,power,0.05,35.85,16.52,91.16,1706.6,18.72,1288.0,836.8,418.6,1210.4,45.41,34.26,-0.99,-0.12,5.509,RUN,OK,RUN,0.98
2026-01-27T00:39:20.235921Z,75.91,71.01,77.78,9.14,power,0.05,35.84,16.57,91.17,1699.7,18.64,1287.5,842.1,412.2,1210.0,45.4,34.26,-0.99,-0.12,5.513,RUN,OK,RUN,0.98
2026-01-27T00:39:20.435921Z,75.82,70.91,77.68,9.28,power,0.05,35.84,16.62,91.19,1692.7,18.56,1286.9,847.3,405.8,1209.5,45.4,34.26,-1.0,-0.12,5.517,RUN,OK,RUN,0.98
2026-01-27T00:39:20.635921Z,75.72,70.82,77.57,9.42,power,0.05,35.84,16.66,91.2,1685.7,18.48,1286.4,852.6,399.3,1209.1,45.39,34.25,-1.0,-0.12,5.522,RUN,OK,RUN,0.98
2026-01-27T00:39:20.835921Z,75.63,70.72,77.46,9.56,power,0.05,35.83,16.7,91.21,1678.6,18.4,1285.9,857.9,392.7,1208.7,45.38,34.25,-1.0,-0.12,5.526,RUN,OK,RUN,0.98
2026-01-27T00:39:21.035921Z,75.54,70.63,77.35,9.71,power,0.05,35.83,16.75,91.23,1671.4,18.32,1285.3,863.2,386.1,1208.3,45.38,34.25,-1.01,-0.12,5.53,RUN,OK,RUN,0.98
2026-01-27T00:39:21.235921Z,75.44,70.53,77.24,9.85,power,0.05,35.83,16.79,91.24,1664.2,18.24,1284.8,868.5,379.4,1207.9,45.37,34.25,-1.01,-0.13,5.535,RUN,OK,RUN,0.98
2026-01-27T00:39:21.435921Z,75.35,70.43,77.13,10.0,power,0.05,35.82,16.83,91.25,1657.0,18.16,1284.3,873.9,372.7,1207.4,45.36,34.24,-1.01,-0.13,5.539,RUN,OK,RUN,0.98
2026-01-27T00:39:21.635921Z,75.26,70.34,77.02,10.15,power,0.05,35.82,16.87,91.27,1649.6,18.07,1283.7,879.2,365.9,1207.0,45.36,34.24,-1.02,-0.13,5.543,RUN,OK,RUN,0.98
2026-01-27T00:39:21.835921Z,75.16,70.24,76.9,10.3,power,0.05,35.81,16.91,91.28,1642.3,17.99,1283.2,884.5,359.0,1206.6,45.35,34.24,-1.02,-0.13,5.548,RUN,OK,RUN,0.98
2026-01-27T00:39:22.035921Z,75.07,70.14,76.79,10.46,power,0.05,35.81,16.95,91.29,1634.8,17.91,1282.7,889.9,352.1,1206.1,45.34,34.23,-1.02,-0.13,5.552,RUN,OK,RUN,0.98
2026-01-27T00:39:22.235921Z,74.98,70.05,76.67,10.61,power,0.05,35.81,16.99,91.31,1627.3,17.82,1282.1,895.3,345.2,1205.7,45.34,34.23,-1.03,-0.13,5.556,RUN,OK,RUN,0.98
2026-01-27T00:39:22.435921Z,74.88,69.95,76.56,10.77,power,0.05,35.8,17.03,91.32,1619.8,17.74,1281.6,900.6,338.2,1205.3,45.33,34.23,-1.03,-0.13,5.56,RUN,OK,RUN,0.98
2026-01-27T00:39:22.635921Z,74.79,69.85,76.44,10.93,power,0.05,35.8,17.07,91.33,1612.2,17.65,1281.1,906.0,331.1,1204.9,45.32,34.23,-1.03,-0.13,5.565,RUN,OK,RUN,0.98
2026-01-27T00:39:22.835921Z,74.69,69.75,76.32,11.09,power,0.05,35.8,17.11,91.35,1604.6,17.57,1280.5,911.4,324.0,1204.4,45.32,34.22,-1.03,-0.14,5.569,RUN,OK,RUN,0.98
2026-01-27T00:39:23.035921Z,74.6,69.66,76.2,11.25,power,0.05,35.79,17.14,91.36,1596.9,17.48,1280.0,916.8,316.9,1204.0,45.31,34.22,-1.04,-0.14,5.573,RUN,OK,RUN,0.98
2026-01-27T00:39:23.235921Z,74.5,69.56,76.09,11.41,power,0.05,35.79,17.18,91.37,1589.1,17.39,1279.4,922.2,309.7,1203.6,45.3,34.22,-1.04,-0.14,5.577,RUN,OK,RUN,0.98
2026-01-27T00:39:23.435921Z,74.41,69.46,75.97,11.58,power,0.05,35.79,17.21,91.39,1581.3,17.3,1278.9,927.6,302.4,1203.1,45.3,34.21,-1.04,-0.14,5.581,RUN,OK,RUN,0.98
2026-01-27T00:39:23.635921Z,74.31,69.36,75.84,11.74,power,0.05,35.78,17.25,91.4,1573.5,17.22,1278.4,933.0,295.1,1202.7,45.29,34.21,-1.05,-0.14,5.586,RUN,OK,RUN,0.98
2026-01-27T00:39:23.835921Z,74.21,69.26,75.72,11.91,power,0.05,35.78,17.28,91.42,1565.6,17.13,1277.8,938.5,287.8,1202.2,45.28,34.21,-1.05,-0.14,5.59,RUN,OK,RUN,0.98
2026-01-27T00:39:24.035921Z,74.12,69.17,75.6,12.08,power,0.05,35.77,17.31,91.43,1557.7,17.04,1277.3,943.9,280.4,1201.8,45.28,34.21,-1.05,-0.14,5.594,RUN,OK,RUN,0.98
2026-01-27T00:39:24.235921Z,74.02,69.07,75.48,12.25,power,0.05,35.77,17.35,91.44,1549.7,16.95,1276.7,949.3,273.0,1201.4,45.27,34.2,-1.06,-0.14,5.598,RUN,OK,RUN,0.98
2026-01-27T00:39:24.435921Z,73.93,68.97,75.35,12.42,power,0.05,35.77,17.38,91.46,1541.7,16.86,1276.2,954.8,265.5,1200.9,45.26,34.2,-1.06,-0.14,5.602,RUN,OK,RUN,0.98
2026-01-27T00:39:24.635921Z,73.83,68.87,75.23,12.6,power,0.05,35.76,17.41,91.47,1533.6,16.77,1275.6,960.2,258.0,1200.5,45.26,34.2,-1.06,-0.15,5.607,RUN,OK,RUN,0.98
2026-01-27T00:39:24.835921Z,73.73,68.77,75.1,12.77,power,0.05,35.76,17.44,91.49,1525.5,16.67,1275.1,965.7,250.5,1200.1,45.25,34.19,-1.07,-0.15,5.611,RUN,OK,RUN,0.98
2026-01-27T00:39:25.035921Z,73.64,68.67,74.98,12.95,power,0.05,35.76,17.47,91.5,1517.4,16.58,1274.5,971.1,242.9,1199.6,45.24,34.19,-1.07,-0.15,5.615,RUN,OK,RUN,0.98
2026-01-27T00:39:25.235921Z,73.54,68.57,74.85,13.12,power,0.05,35.75,17.5,91.52,1509.2,16.49,1274.0,976.5,235.3,1199.2,45.24,34.19,-1.07,-0.15,5.619,RUN,OK,RUN,0.98
2026-01-27T00:39:25.435921Z,73.44,68.47,74.72,13.3,power,0.05,35.75,17.52,91.53,1501.0,16.4,1273.4,982.0,227.6,1198.7,45.23,34.19,-1.07,-0.15,5.623,RUN,OK,RUN,0.98
2026-01-27T00:39:25.635921Z,73.34,68.37,74.59,13.48,power,0.05,35.74,17.55,91.54,1492.7,16.31,1272.9,987.5,219.9,1198.3,45.22,34.18,-1.08,-0.15,5.627,RUN,OK,RUN,0.98
2026-01-27T00:39:25.835921Z,73.25,68.28,74.46,13.66,power,0.05,35.74,17.58,91.56,1484.5,16.21,1272.3,992.9,212.2,1197.8,45.22,34.18,-1.08,-0.15,5.632,RUN,OK,RUN,0.98
2026-01-27T00:39:26.035921Z,73.15,68.18,74.33,13.84,power,0.05,35.74,17.6,91.57,1476.1,16.12,1271.7,998.4,204.4,1197.4,45.21,34.18,-1.08,-0.15,5.636,RUN,OK,RUN,0.98
2026-01-27T00:39:26.235921Z,73.05,68.08,74.2,14.03,power,0.05,35.73,17.63,91.59,1467.8,16.03,1271.2,1003.8,196.6,1196.9,45.2,34.17,-1.09,-0.16,5.64,RUN,OK,RUN,0.98
2026-01-27T00:39:26.435921Z,72.95,67.98,74.07,14.21,power,0.05,35.73,17.65,91.6,1459.4,15.93,1270.6,1009.3,188.8,1196.5,45.2,34.17,-1.09,-0.16,5.644,RUN,OK,RUN,0.98
2026-01-27T00:39:26.635921Z,72.85,67.88,73.94,14.4,power,0.05,35.73,17.67,91.62,1451.0,15.84,1270.1,1014.7,180.9,1196.1,45.19,34.17,-1.09,-0.16,5.648,RUN,OK,RUN,0.98
2026-01-27T00:39:26.835921Z,72.76,67.78,73.81,14.58,power,0.05,35.72,17.69,91.63,1442.5,15.74,1269.5,1020.2,173.0,1195.6,45.18,34.16,-1.1,-0.16,5.652,RUN,OK,RUN,0.98
2026-01-27T00:39:27.035921Z,72.66,67.68,73.68,14.77,power,0.05,35.72,17.72,91.65,1434.0,15.65,1268.9,1025.6,165.1,1195.2,45.18,34.16,-1.1,-0.16,5.656,RUN,OK,RUN,0.98
2026-01-27T00:39:27.235921Z,72.56,67.58,73.54,14.96,power,0.05,35.72,17.74,91.66,1425.5,15.55,1268.4,1031.1,157.1,1194.7,45.17,34.16,-1.1,-0.16,5.66,RUN,OK,RUN,0.98
2026-01-27T00:39:27.435921Z,72.46,67.48,73.41,15.15,power,0.05,35.71,17.76,91.68,1417.0,15.46,1267.8,1036.5,149.1,1194.3,45.16,34.16,-1.1,-0.16,5.664,RUN,OK,RUN,0.98
2026-01-27T00:39:27.635921Z,72.36,67.38,73.28,15.34,power,0.05,35.71,17.78,91.69,1408.4,15.36,1267.2,1042.0,141.1,1193.8,45.16,34.15,-1.11,-0.16,5.668,RUN,OK,RUN,0.98
2026-01-27T00:39:27.835921Z,72.26,67.28,73.14,15.53,power,0.05,35.7,17.79,91.71,1399.8,15.26,1266.7,1047.4,133.1,1193.3,45.15,34.15,-1.11,-0.16,5.673,RUN,OK,RUN,0.98
2026-01-27T00:39:28.035921Z,72.16,67.18,73.01,15.72,power,0.05,35.7,17.81,91.72,1391.2,15.17,1266.1,1052.8,125.1,1192.9,45.14,34.15,-1.11,-0.17,5.677,RUN,OK,RUN,0.98
2026-01-27T00:39:28.235921Z,72.07,67.08,72.87,15.91,power,0.05,35.7,17.83,91.74,1382.5,15.07,1265.5,1058.3,117.0,1192.4,45.14,34.14,-1.12,-0.17,5.681,RUN,OK,RUN,0.98
2026-01-27T00:39:28.435921Z,71.97,66.98,72.73,16.1,power,0.05,35.69,17.85,91.75,1373.9,14.97,1265.0,1063.7,108.9,1192.0,45.13,34.14,-1.12,-0.17,5.685,RUN,OK,RUN,0.98
2026-01-27T00:39:28.635921Z,71.87,66.88,72.6,16.3,power,0.05,35.69,17.86,91.77,1365.2,14.88,1264.4,1069.1,100.8,1191.5,45.12,34.14,-1.12,-0.17,5.689,RUN,OK,RUN,0.98
2026-01-27T00:39:28.835921Z,71.77,66.78,72.46,16.49,power,0.05,35.69,17.87,91.78,1356.5,14.78,1263.8,1074.5,92.6,1191.1,45.12,34.13,-1.12,-0.17,5.693,RUN,OK,RUN,0.98
2026-01-27T00:39:29.035921Z,71.67,66.68,72.32,16.68,power,0.05,35.68,17.89,91.8,1347.7,14.68,1263.3,1079.9,84.5,1190.6,45.11,34.13,-1.13,-0.17,5.697,RUN,OK,RUN,0.98
2026-01-27T00:39:29.235921Z,71.57,66.58,72.19,16.88,power,0.05,35.68,17.9,91.81,1339.0,14.58,1262.7,1085.3,76.3,1190.2,45.1,34.13,-1.13,-0.17,5.701,RUN,OK,RUN,0.98
2026-01-27T00:39:29.435921Z,71.47,66.48,72.05,17.08,power,0.05,35.67,17.91,91.83,1330.2,14.49,1262.1,1090.7,68.1,1189.7,45.1,34.13,-1.13,-0.17,5.705,RUN,OK,RUN,0.98
2026-01-27T00:39:29.635921Z,71.37,66.37,71.91,17.27,power,0.05,35.67,17.92,91.84,1321.5,14.39,1261.5,1096.1,59.9,1189.2,45.09,34.12,-1.14,-0.18,5.709,RUN,OK,RUN,0.98
2026-01-27T00:39:29.835921Z,71.27,66.27,71.77,17.47,power,0.05,35.67,17.94,91.86,1312.7,14.29,1261.0,1101.5,51.7,1188.8,45.08,34.12,-1.14,-0.18,5.713,RUN,OK,RUN,0.98
2026-01-27T00:39:30.035921Z,71.17,66.17,71.63,17.67,power,0.05,35.66,17.95,91.87,1303.9,14.19,1260.4,1106.9,43.5,1188.3,45.08,34.12,-1.14,-0.18,5.717,RUN,OK,RUN,0.98
2026-01-27T00:39:30.235921Z,71.07,66.07,71.5,17.86,power,0.05,35.66,17.95,91.89,1295.0,14.09,1259.8,1112.2,35.2,1187.8,45.07,34.11,-1.14,-0.18,5.721,RUN,OK,RUN,0.98
2026-01-27T00:39:30.435921Z,70.97,65.97,71.36,18.06,power,0.05,35.65,17.96,91.91,1286.2,13.99,1259.2,1117.6,27.0,1187.4,45.06,34.11,-1.15,-0.18,5.725,RUN,OK,RUN,0.98
2026-01-27T00:39:30.635921Z,70.87,65.87,71.22,18.26,power,0.05,35.65,17.97,91.92,1277.4,13.9,1258.7,1122.9,18.7,1186.9,45.06,34.11,-1.15,-0.18,5.729,RUN,OK,RUN,0.98
2026-01-27T00:39:30.835921Z,70.77,65.77,71.08,18.46,power,0.05,35.65,17.98,91.94,1268.5,13.8,1258.1,1128.3,10.4,1186.5,45.05,34.1,-1.15,-0.18,5.733,RUN,OK,RUN,0.98
2026-01-27T00:39:31.035921Z,70.67,65.67,70.94,18.66,power,0.05,35.64,17.98,91.95,1259.6,13.7,1257.5,1133.6,2.2,1186.0,45.04,34.1,-1.15,-0.18,5.737,RUN,OK,RUN,0.98
2026-01-27T00:39:31.235921Z,70.57,65.57,70.8,18.86,power,0.05,35.64,17.99,91.97,1250.8,13.6,1256.9,1138.9,-6.1,1185.5,45.04,34.1,-1.16,-0.18,5.74,RUN,OK,RUN,0.98
2026-01-27T00:39:31.435921Z,70.47,65.47,70.66,19.06,power,0.05,35.64,17.99,91.99,1241.9,13.5,1256.3,1144.2,-14.4,1185.1,45.03,34.1,-1.16,-0.19,5.744,RUN,OK,RUN,0.98
2026-01-27T00:39:31.635921Z,70.37,65.37,70.52,19.26,power,0.05,35.63,17.99,92.0,1233.0,13.4,1255.7,1149.5,-22.7,1184.6,45.02,34.09,-1.16,-0.19,5.748,RUN,OK,RUN,0.98
2026-01-27T00:39:31.835921Z,70.27,65.27,70.38,19.46,power,0.05,35.63,18.0,92.02,1224.1,13.3,1255.2,1154.8,-31.0,1184.1,45.02,34.09,-1.17,-0.19,5.752,RUN,OK,RUN,0.98
2026-01-27T00:39:32.035921Z,70.17,65.17,70.24,19.66,power,0.05,35.62,18.0,92.03,1215.3,13.2,1254.6,1160.0,-39.3,1183.7,45.01,34.09,-1.17,-0.19,5.756,RUN,OK,RUN,0.98
2026-01-27T00:39:32.235921Z,70.07,65.07,70.1,19.86,power,0.05,35.62,18.0,92.05,1206.4,13.11,1254.0,1165.3,-47.6,1183.2,45.0,34.08,-1.17,-0.19,5.76,RUN,OK,RUN,0.98
2026-01-27T00:39:32.435921Z,69.97,64.97,69.96,20.06,power,0.05,35.62,18.0,92.07,1197.5,13.01,1253.4,1170.5,-55.9,1182.7,45.0,34.08,-1.17,-0.19,5.764,RUN,OK,RUN,0.98
2026-01-27T00:39:32.635921Z,69.87,64.87,69.82,20.26,power,0.05,35.61,18.0,92.08,1188.6,12.91,1252.8,1175.7,-64.2,1182.2,44.99,34.08,-1.18,-0.19,5.768,RUN,OK,RUN,0.98
2026-01-27T00:39:32.835921Z,69.77,64.77,69.68,20.46,power,0.05,35.61,18.0,92.1,1179.7,12.81,1252.2,1181.0,-72.5,1181.8,44.98,34.07,-1.18,-0.19,5.772,RUN,OK,RUN,0.98
2026-01-27T00:39:33.035921Z,69.67,64.67,69.54,20.66,power,0.05,35.61,18.0,92.11,1170.8,12.71,1251.6,1186.1,-80.8,1181.3,44.98,34.07,-1.18,-0.2,5.775,RUN,OK,RUN,0.98
2026-01-27T00:39:33.235921Z,69.57,64.57,69.4,20.86,power,0.05,35.6,17.99,92.13,1161.9,12.61,1251.0,1191.3,-89.1,1180.8,44.97,34.07,-1.18,-0.2,5.779,RUN,OK,RUN,0.98
2026-01-27T00:39:33.435921Z,69.47,64.47,69.26,21.06,power,0.05,35.6,17.99,92.15,1153.1,12.51,1250.4,1196.5,-97.4,1180.3,44.96,34.07,-1.19,-0.2,5.783,RUN,OK,RUN,0.98
2026-01-27T00:39:33.635921Z,69.37,64.37,69.12,21.26,power,0.05,35.59,17.98,92.16,1144.2,12.41,1249.8,1201.6,-105.6,1179.9,44.96,34.06,-1.19,-0.2,5.787,RUN,OK,RUN,0.98
2026-01-27T00:39:33.835921Z,69.27,64.27,68.98,21.45,power,0.05,35.59,17.98,92.18,1135.3,12.32,1249.2,1206.8,-113.9,1179.4,44.95,34.06,-1.19,-0.2,5.791,RUN,OK,RUN,0.98
2026-01-27T00:39:34.035921Z,69.17,64.17,68.84,21.65,power,0.05,35.59,17.97,92.2,1126.5,12.22,1248.6,1211.9,-122.2,1178.9,44.94,34.06,-1.19,-0.2,5.795,RUN,OK,RUN,0.98
2026-01-27T00:39:34.235921Z,69.07,64.07,68.7,21.85,power,0.05,35.58,17.97,92.21,1117.6,12.12,1248.0,1217.0,-130.4,1178.4,44.94,34.05,-1.2,-0.2,5.799,RUN,OK,RUN,0.98
2026-01-27T00:39:34.435921Z,68.97,63.98,68.56,22.05,power,0.05,35.58,17.96,92.23,1108.8,12.02,1247.4,1222.0,-138.7,1178.0,44.93,34.05,-1.2,-0.2,5.802,RUN,OK,RUN,0.98
2026-01-27T00:39:34.635921Z,68.87,63.88,68.43,22.25,power,0.05,35.57,17.95,92.25,1100.0,11.92,1246.8,1227.1,-146.9,1177.5,44.92,34.05,-1.2,-0.2,5.806,RUN,OK,RUN,0.98
2026-01-27T00:39:34.835921Z,68.77,63.78,68.29,22.45,power,0.05,35.57,17.94,92.26,1091.2,11.83,1246.2,1232.1,-155.1,1177.0,44.92,34.04,-1.2,-0.21,5.81,RUN,OK,RUN,0.98
2026-01-27T00:39:35.035921Z,68.67,63.68,68.15,22.64,power,0.05,35.57,17.93,92.28,1082.4,11.73,1245.6,1237.2,-163.3,1176.5,44.91,34.04,-1.21,-0.21,5.814,RUN,OK,RUN,0.98
2026-01-27T00:39:35.235921Z,68.57,63.58,68.01,22.84,power,0.05,35.56,17.92,92.3,1073.6,11.63,1245.0,1242.2,-171.5,1176.0,44.9,34.04,-1.21,-0.21,5.817,RUN,OK,RUN,0.98
2026-01-27T00:39:35.435921Z,68.47,63.48,67.87,23.04,power,0.05,35.56,17.91,92.31,1064.8,11.53,1244.4,1247.1,-179.6,1175.5,44.9,34.03,-1.21,-0.21,5.821,RUN,OK,RUN,0.98
2026-01-27T00:39:35.635921Z,68.37,63.38,67.73,23.23,power,0.05,35.56,17.89,92.33,1056.0,11.44,1243.8,1252.1,-187.8,1175.1,44.89,34.03,-1.21,-0.21,5.825,RUN,OK,RUN,0.98
2026-01-27T00:39:35.835921Z,68.28,63.28,67.6,23.43,power,0.05,35.55,17.88,92.35,1047.3,11.34,1243.2,1257.0,-195.9,1174.6,44.88,34.03,-1.22,-0.21,5.829,RUN,OK,RUN,0.98
2026-01-27T00:39:36.035921Z,68.18,63.19,67.46,23.62,power,0.05,35.55,17.87,92.36,1038.6,11.24,1242.6,1262.0,-204.0,1174.1,44.88,34.02,-1.22,-0.21,5.833,RUN,OK,RUN,0.98
2026-01-27T00:39:36.235921Z,68.08,63.09,67.32,23.81,power,0.05,35.54,17.85,92.38,1029.9,11.15,1242.0,1266.9,-212.1,1173.6,44.87,34.02,-1.22,-0.21,5.836,RUN,OK,RUN,0.98
2026-01-27T00:39:36.435921Z,67.98,62.99,67.19,24.01,power,0.05,35.54,17.84,92.4,1021.2,11.05,1241.4,1271.7,-220.2,1173.1,44.86,34.02,-1.22,-0.21,5.84,RUN,OK,RUN,0.98
2026-01-27T00:39:36.635921Z,67.88,62.89,67.05,24.2,power,0.05,35.54,17.82,92.42,1012.6,10.96,1240.8,1276.6,-228.2,1172.6,44.86,34.02,-1.23,-0.22,5.844,RUN,OK,RUN,0.98
2026-01-27T00:39:36.835921Z,67.78,62.79,66.92,24.39,power,0.05,35.53,17.8,92.43,1003.9,10.86,1240.2,1281.4,-236.2,1172.1,44.85,34.01,-1.23,-0.22,5.847,RUN,OK,RUN,0.98
2026-01-27T00:39:37.035921Z,67.68,62.7,66.78,24.58,power,0.05,35.53,17.78,92.45,995.3,10.77,1239.6,1286.2,-244.2,1171.7,44.84,34.01,-1.23,-0.22,5.851,RUN,OK,RUN,0.98
2026-01-27T00:39:37.235921Z,67.58,62.6,66.65,24.77,power,0.05,35.52,17.77,92.47,986.8,10.67,1239.0,1291.0,-252.2,1171.2,44.84,34.01,-1.23,-0.22,5.855,RUN,OK,RUN,0.98
2026-01-27T00:39:37.435921Z,67.48,62.5,66.51,24.96,power,0.05,35.52,17.75,92.48,978.2,10.58,1238.3,1295.8,-260.1,1170.7,44.83,34.0,-1.24,-0.22,5.859,RUN,OK,RUN,0.98
2026-01-27T00:39:37.635921Z,67.39,62.4,66.38,25.15,power,0.05,35.52,17.73,92.5,969.7,10.48,1237.7,1300.5,-268.1,1170.2,44.82,34.0,-1.24,-0.22,5.862,RUN,OK,RUN,0.98
2026-01-27T00:39:37.835921Z,67.29,62.31,66.25,25.34,power,0.05,35.51,17.7,92.52,961.2,10.39,1237.1,1305.2,-275.9,1169.7,44.82,34.0,-1.24,-0.22,5.866,RUN,OK,RUN,0.98
2026-01-27T00:39:38.035921Z,67.19,62.21,66.12,25.52,power,0.05,35.51,17.68,92.54,952.7,10.3,1236.5,1309.9,-283.8,1169.2,44.81,33.99,-1.24,-0.22,5.87,RUN,OK,RUN,0.98
2026-01-27T00:39:38.235921Z,67.09,62.11,65.98,25.71,power,0.05,35.51,17.66,92.55,944.3,10.2,1235.9,1314.5,-291.6,1168.7,44.8,33.99,-1.25,-0.22,5.873,RUN,OK,RUN,0.98
2026-01-27T00:39:38.435921Z,66.99,62.02,65.85,25.89,power,0.05,35.5,17.64,92.57,935.9,10.11,1235.3,1319.2,-299.4,1168.2,44.8,33.99,-1.25,-0.23,5.877,RUN,OK,RUN,0.98
2026-01-27T00:39:38.635921Z,66.89,61.92,65.72,26.08,power,0.05,35.5,17.61,92.59,927.5,10.02,1234.6,1323.8,-307.2,1167.7,44.79,33.98,-1.25,-0.23,5.881,RUN,OK,RUN,0.98
2026-01-27T00:39:38.835921Z,66.8,61.83,65.59,26.26,power,0.0501,35.49,17.59,92.61,919.2,9.93,1234.0,1328.4,-314.9,1167.2,44.78,33.98,-1.25,-0.23,5.884,RUN,OK,RUN,0.98
2026-01-27T00:39:39.035921Z,66.7,61.73,65.46,26.44,power,0.0504,35.49,17.56,92.62,910.8,9.83,1233.4,1332.9,-322.6,1166.7,44.78,33.98,-1.26,-0.23,5.888,RUN,OK,RUN,0.98
2026-01-27T00:39:39.235921Z,66.6,61.63,65.34,26.62,power,0.0509,35.49,17.53,92.64,902.6,9.74,1232.8,1337.4,-330.2,1166.2,44.77,33.97,-1.26,-0.23,5.891,RUN,OK,RUN,0.98
2026-01-27T00:39:39.435921Z,66.5,61.54,65.21,26.8,power,0.0514,35.48,17.51,92.66,894.3,9.65,1232.2,1341.9,-337.8,1165.7,44.77,33.97,-1.26,-0.23,5.895,RUN,OK,RUN,0.98
2026-01-27T00:39:39.635921Z,66.41,61.44,65.08,26.98,power,0.0522,35.48,17.48,92.68,886.1,9.56,1231.5,1346.4,-345.4,1165.2,44.76,33.97,-1.26,-0.23,5.899,RUN,OK,RUN,0.98
2026-01-27T00:39:39.835921Z,66.31,61.35,64.95,27.15,power,0.0531,35.47,17.45,92.69,878.0,9.47,1230.9,1350.8,-352.9,1164.7,44.75,33.96,-1.27,-0.23,5.902,RUN,OK,RUN,0.98
2026-01-27T00:39:40.035921Z,66.21,61.25,64.83,27.33,power,0.0542,35.47,17.42,92.71,869.9,9.38,1230.3,1355.2,-360.4,1164.2,44.75,33.96,-1.27,-0.23,5.906,RUN,OK,RUN,0.98
2026-01-27T00:39:40.235921Z,66.12,61.16,64.7,27.5,power,0.0554,35.47,17.39,92.73,861.8,9.29,1229.7,1359.6,-367.9,1163.7,44.74,33.96,-1.27,-0.24,5.91,RUN,OK,RUN,0.98
2026-01-27T00:39:40.435921Z,66.02,61.06,64.58,27.67,power,0.0567,35.46,17.36,92.75,853.8,9.21,1229.0,1364.0,-375.3,1163.2,44.73,33.96,-1.27,-0.24,5.913,RUN,OK,RUN,0.98
2026-01-27T00:39:40.635921Z,65.92,60.97,64.45,27.85,power,0.0582,35.46,17.33,92.77,845.8,9.12,1228.4,1368.3,-382.6,1162.7,44.73,33.95,-1.27,-0.24,5.917,RUN,OK,RUN,0.98
2026-01-27T00:39:40.835921Z,65.83,60.88,64.33,28.02,power,0.0599,35.46,17.3,92.78,837.8,9.03,1227.8,1372.6,-390.0,1162.2,44.72,33.95,-1.28,-0.24,5.92,RUN,OK,RUN,0.98
2026-01-27T00:39:41.035921Z,65.73,60.78,64.21,28.18,power,0.0617,35.45,17.26,92.8,829.9,8.94,1227.2,1376.8,-397.2,1161.7,44.71,33.95,-1.28,-0.24,5.924,RUN,OK,RUN,0.98
2026-01-27T00:39:41.235921Z,65.64,60.69,64.09,28.35,power,0.0637,35.45,17.23,92.82,822.1,8.86,1226.5,1381.1,-404.5,1161.2,44.71,33.94,-1.28,-0.24,5.927,RUN,OK,RUN,0.98
2026-01-27T00:39:41.435921Z,65.54,60.6,63.97,28.52,power,0.0658,35.44,17.19,92.84,814.3,8.77,1225.9,1385.3,-411.6,1160.7,44.7,33.94,-1.28,-0.24,5.931,RUN,OK,RUN,0.98
2026-01-27T00:39:41.635921Z,65.44,60.5,63.85,28.68,power,0.068,35.44,17.16,92.86,806.5,8.69,1225.3,1389.4,-418.8,1160.2,44.69,33.94,-1.29,-0.24,5.934,RUN,OK,RUN,0.98
2026-01-27T00:39:41.835921Z,65.35,60.41,63.73,28.84,power,0.0704,35.44,17.12,92.87,798.8,8.6,1224.6,1393.6,-425.8,1159.7,44.69,33.93,-1.29,-0.24,5.938,RUN,OK,RUN,0.98
2026-01-27T00:39:42.035921Z,65.25,60.32,63.61,29.0,power,0.0729,35.43,17.09,92.89,791.1,8.52,1224.0,1397.7,-432.9,1159.2,44.68,33.93,-1.29,-0.25,5.942,RUN,OK,RUN,0.98
2026-01-27T00:39:42.235921Z,65.16,60.23,63.49,29.16,power,0.0756,35.43,17.05,92.91,783.5,8.43,1223.4,1401.7,-439.9,1158.7,44.67,33.93,-1.29,-0.25,5.945,RUN,OK,RUN,0.98
2026-01-27T00:39:42.435921Z,65.07,60.14,63.38,29.32,power,0.0785,35.42,17.01,92.93,775.9,8.35,1222.7,1405.8,-446.8,1158.2,44.67,33.92,-1.29,-0.25,5.949,RUN,OK,RUN,0.98
2026-01-27T00:39:42.635921Z,64.97,60.04,63.26,29.48,power,0.0814,35.42,16.97,92.95,768.4,8.27,1222.1,1409.8,-453.7,1157.7,44.66,33.92,-1.3,-0.25,5.952,RUN,OK,RUN,0.98
2026-01-27T00:39:42.835921Z,64.88,59.95,63.15,29.63,power,0.0845,35.42,16.93,92.96,761.0,8.19,1221.4,1413.7,-460.5,1157.2,44.65,33.92,-1.3,-0.25,5.956,RUN,OK,RUN,0.98
2026-01-27T00:39:43.035921Z,64.78,59.86,63.03,29.78,power,0.0878,35.41,16.89,92.98,753.6,8.1,1220.8,1417.7,-467.2,1156.6,44.65,33.91,-1.3,-0.25,5.959,RUN,OK,RUN,0.98
2026-01-27T00:39:43.235921Z,64.69,59.77,62.92,29.93,power,0.0911,35.41,16.85,93.0,746.2,8.02,1220.2,1421.6,-474.0,1156.1,44.64,33.91,-1.3,-0.25,5.963,RUN,OK,RUN,0.98
2026-01-27T00:39:43.435921Z,64.6,59.68,62.81,30.08,power,0.0946,35.4,16.81,93.02,738.9,7.94,1219.5,1425.4,-480.6,1155.6,44.63,33.91,-1.31,-0.25,5.966,RUN,OK,RUN,0.98
2026-01-27T00:39:43.635921Z,64.5,59.59,62.7,30.23,power,0.0983,35.4,16.77,93.04,731.7,7.86,1218.9,1429.3,-487.2,1155.1,44.63,33.9,-1.31,-0.25,5.97,RUN,OK,RUN,0.98
2026-01-27T00:39:43.835921Z,64.41,59.5,62.59,30.37,power,0.1021,35.4,16.72,93.06,724.5,7.79,1218.2,1433.1,-493.7,1154.6,44.62,33.9,-1.31,-0.26,5.973,RUN,OK,RUN,0.98
2026-01-27T00:39:44.035921Z,64.32,59.41,62.48,30.52,power,0.106,35.39,16.68,93.08,717.4,7.71,1217.6,1436.8,-500.2,1154.1,44.61,33.9,-1.31,-0.26,5.977,RUN,OK,RUN,0.98
2026-01-27T00:39:44.235921Z,64.22,59.32,62.37,30.66,power,0.11,35.39,16.63,93.09,710.3,7.63,1217.0,1440.5,-506.6,1153.6,44.61,33.89,-1.31,-0.26,5.98,RUN,OK,RUN,0.98
2026-01-27T00:39:44.435921Z,64.13,59.23,62.26,30.8,power,0.1142,35.38,16.59,93.11,703.3,7.55,1216.3,1444.2,-513.0,1153.0,44.6,33.89,-1.32,-0.26,5.983,RUN,OK,RUN,0.98
2026-01-27T00:39:44.635921Z,64.04,59.14,62.16,30.94,power,0.1185,35.38,16.54,93.13,696.4,7.48,1215.7,1447.9,-519.3,1152.5,44.59,33.89,-1.32,-0.26,5.987,RUN,OK,RUN,0.98
2026-01-27T00:39:44.835921Z,63.95,59.06,62.05,31.07,power,0.123,35.38,16.5,93.15,689.5,7.4,1215.0,1451.5,-525.5,1152.0,44.59,33.88,-1.32,-0.26,5.99,RUN,OK,RUN,0.98
2026-01-27T00:39:45.035921Z,63.86,58.97,61.95,31.21,power,0.1275,35.37,16.45,93.17,682.7,7.33,1214.4,1455.1,-531.7,1151.5,44.58,33.88,-1.32,-0.26,5.994,RUN,OK,RUN,0.98
2026-01-27T00:39:45.235921Z,63.77,58.88,61.85,31.34,power,0.1322,35.37,16.4,93.19,676.0,7.25,1213.7,1458.6,-537.8,1151.0,44.57,33.88,-1.32,-0.26,5.997,RUN,OK,RUN,0.98
2026-01-27T00:39:45.435921Z,63.68,58.79,61.75,31.47,power,0.137,35.37,16.35,93.21,669.3,7.18,1213.1,1462.1,-543.8,1150.5,44.57,33.87,-1.33,-0.26,6.001,RUN,OK,RUN,0.98
2026-01-27T00:39:45.635921Z,63.59,58.71,61.65,31.6,power,0.142,35.36,16.31,93.22,662.7,7.11,1212.4,1465.6,-549.8,1149.9,44.56,33.87,-1.33,-0.26,6.004,RUN,OK,RUN,0.98
2026-01-27T00:39:45.835921Z,63.5,58.62,61.55,31.72,power,0.147,35.36,16.26,93.24,656.1,7.04,1211.8,1469.0,-555.7,1149.4,44.55,33.87,-1.33,-0.27,6.008,RUN,OK,RUN,0.98
2026-01-27T00:39:46.035921Z,63.41,58.53,61.45,31.85,power,0.1522,35.35,16.21,93.26,649.6,6.97,1211.1,1472.4,-561.5,1148.9,44.55,33.86,-1.33,-0.27,6.011,RUN,OK,RUN,0.98
2026-01-27T00:39:46.235921Z,63.32,58.45,61.35,31.97,power,0.1575,35.35,16.16,93.28,643.2,6.9,1210.5,1475.7,-567.3,1148.4,44.54,33.86,-1.33,-0.27,6.014,RUN,OK,RUN,0.98
2026-01-27T00:39:46.435921Z,63.23,58.36,61.25,32.09,power,0.1629,35.35,16.1,93.3,636.9,6.83,1209.8,1479.0,-573.0,1147.8,44.53,33.86,-1.34,-0.27,6.018,RUN,OK,RUN,0.98
2026-01-27T00:39:46.635921Z,63.14,58.28,61.16,32.21,power,0.1684,35.34,16.05,93.32,630.6,6.76,1209.2,1482.3,-578.6,1147.3,44.53,33.85,-1.34,-0.27,6.021,RUN,OK,RUN,0.98
2026-01-27T00:39:46.835921Z,63.05,58.19,61.06,32.32,power,0.1741,35.34,16.0,93.34,624.4,6.69,1208.5,1485.5,-584.1,1146.8,44.52,33.85,-1.34,-0.27,6.025,RUN,OK,RUN,0.98
2026-01-27T00:39:47.035921Z,62.96,58.11,60.97,32.43,power,0.1798,35.33,15.95,93.36,618.2,6.62,1207.8,1488.7,-589.6,1146.3,44.51,33.85,-1.34,-0.27,6.028,RUN,OK,RUN,0.98
2026-01-27T00:39:47.235921Z,62.87,58.02,60.88,32.54,power,0.1857,35.33,15.89,93.37,612.2,6.56,1207.2,1491.8,-595.0,1145.7,44.51,33.84,-1.34,-0.27,6.031,RUN,OK,RUN,0.98
2026-01-27T00:39:47.435921Z,62.78,57.94,60.79,32.65,power,0.1916,35.33,15.84,93.39,606.2,6.49,1206.5,1494.9,-600.4,1145.2,44.5,33.84,-1.35,-0.27,6.035,RUN,OK,RUN,0.98
2026-01-27T00:39:47.635921Z,62.7,57.86,60.7,32.76,power,0.1977,35.32,15.78,93.41,600.2,6.43,1205.9,1498.0,-605.6,1144.7,44.49,33.84,-1.35,-0.28,6.038,RUN,OK,RUN,0.98
2026-01-27T00:39:47.835921Z,62.61,57.77,60.61,32.86,power,0.2039,35.32,15.73,93.43,594.4,6.36,1205.2,1501.0,-610.8,1144.2,44.49,33.83,-1.35,-0.28,6.041,RUN,OK,RUN,0.98
2026-01-27T00:39:48.035921Z,62.52,57.69,60.52,32.96,power,0.2102,35.31,15.67,93.45,588.6,6.3,1204.6,1504.0,-615.9,1143.6,44.48,33.83,-1.35,-0.28,6.045,RUN,OK,RUN,0.98
2026-01-27T00:39:48.235921Z,62.44,57.61,60.44,33.06,power,0.2166,35.31,15.61,93.47,582.9,6.24,1203.9,1506.9,-621.0,1143.1,44.47,33.83,-1.35,-0.28,6.048,RUN,OK,RUN,0.98
2026-01-27T00:39:48.435921Z,62.35,57.53,60.35,33.16,power,0.2231,35.31,15.56,93.49,577.3,6.18,1203.2,1509.8,-625.9,1142.6,44.47,33.83,-1.35,-0.28,6.052,RUN,OK,RUN,0.98
2026-01-27T00:39:48.635921Z,62.26,57.45,60.27,33.26,power,0.2297,35.3,15.5,93.51,571.8,6.11,1202.6,1512.7,-630.8,1142.1,44.46,33.82,-1.36,-0.28,6.055,RUN,OK,RUN,0.98
2026-01-27T00:39:48.835921Z,62.18,57.37,60.18,33.35,power,0.2364,35.3,15.44,93.53,566.3,6.06,1201.9,1515.5,-635.6,1141.5,44.45,33.82,-1.36,-0.28,6.058,RUN,OK,RUN,0.98
2026-01-27T00:39:49.035921Z,62.09,57.28,60.1,33.44,power,0.2432,35.29,15.38,93.55,560.9,6.0,1201.2,1518.3,-640.3,1141.0,44.45,33.82,-1.36,-0.28,6.062,RUN,OK,RUN,0.98
2026-01-27T00:39:49.235921Z,62.01,57.2,60.02,33.53,power,0.2501,35.29,15.32,93.56,555.6,5.94,1200.6,1521.0,-645.0,1140.5,44.44,33.81,-1.36,-0.28,6.065,RUN,OK,RUN,0.98
2026-01-27T00:39:49.435921Z,61.92,57.12,59.94,33.61,power,0.2571,35.29,15.26,93.58,550.4,5.88,1199.9,1523.7,-649.5,1139.9,44.43,33.81,-1.36,-0.28,6.068,RUN,OK,RUN,0.98
2026-01-27T00:39:49.635921Z,61.84,57.05,59.86,33.69,power,0.2642,35.28,15.2,93.6,545.2,5.83,1199.2,1526.3,-654.0,1139.4,44.43,33.81,-1.37,-0.29,6.072,RUN,OK,RUN,0.98
2026-01-27T00:39:49.835921Z,61.76,56.97,59.79,33.77,power,0.2714,35.28,15.14,93.62,540.2,5.77,1198.6,1528.9,-658.4,1138.9,44.42,33.8,-1.37,-0.29,6.075,RUN,OK,RUN,0.98
2026-01-27T00:39:50.035921Z,61.67,56.89,59.71,33.85,power,0.2786,35.27,15.08,93.64,535.2,5.72,1197.9,1531.5,-662.7,1138.3,44.42,33.8,-1.37,-0.29,6.078,RUN,OK,RUN,0.98
2026-01-27T00:39:50.235921Z,61.59,56.81,59.64,33.93,power,0.286,35.27,15.02,93.66,530.3,5.66,1197.2,1534.0,-666.9,1137.8,44.41,33.8,-1.37,-0.29,6.081,RUN,OK,RUN,0.98
2026-01-27T00:39:50.435921Z,61.51,56.73,59.56,34.0,power,0.2934,35.27,14.96,93.68,525.5,5.61,1196.6,1536.4,-671.1,1137.2,44.4,33.79,-1.37,-0.29,6.085,RUN,OK,RUN,0.98
2026-01-27T00:39:50.635921Z,61.42,56.65,59.49,34.07,power,0.301,35.26,14.89,93.7,520.7,5.56,1195.9,1538.9,-675.2,1136.7,44.4,33.79,-1.37,-0.29,6.088,RUN,OK,RUN,0.98
2026-01-27T00:39:50.835921Z,61.34,56.58,59.42,34.14,power,0.3086,35.26,14.83,93.72,516.1,5.51,1195.2,1541.2,-679.1,1136.2,44.39,33.79,-1.38,-0.29,6.091,RUN,OK,RUN,0.98
2026-01-27T00:39:51.035921Z,61.26,56.5,59.35,34.21,power,0.3162,35.25,14.76,93.74,511.5,5.46,1194.5,1543.6,-683.0,1135.6,44.38,33.78,-1.38,-0.29,6.095,RUN,OK,RUN,0.98
2026-01-27T00:39:51.235921Z,61.18,56.43,59.28,34.27,power,0.324,35.25,14.7,93.76,507.0,5.41,1193.9,1545.9,-686.8,1135.1,44.38,33.78,-1.38,-0.29,6.098,RUN,OK,RUN,0.98
2026-01-27T00:39:51.435921Z,61.1,56.35,59.21,34.33,power,0.3319,35.25,14.64,93.78,502.6,5.36,1193.2,1548.1,-690.6,1134.6,44.37,33.78,-1.38,-0.29,6.101,RUN,OK,RUN,0.98
2026-01-27T00:39:51.635921Z,61.02,56.27,59.14,34.39,power,0.3398,35.24,14.57,93.8,498.3,5.31,1192.5,1550.3,-694.2,1134.0,44.36,33.77,-1.38,-0.3,6.105,RUN,OK,RUN,0.98
2026-01-27T00:39:51.835921Z,60.94,56.2,59.08,34.44,power,0.3478,35.24,14.5,93.82,494.1,5.27,1191.8,1552.4,-697.8,1133.5,44.36,33.77,-1.38,-0.3,6.108,RUN,OK,RUN,0.98
2026-01-27T00:39:52.035921Z,60.86,56.13,59.01,34.49,power,0.3558,35.23,14.44,93.83,489.9,5.22,1191.2,1554.6,-701.2,1132.9,44.35,33.77,-1.39,-0.3,6.111,RUN,OK,RUN,0.98
2026-01-27T00:39:52.235921Z,60.78,56.05,58.95,34.54,power,0.364,35.23,14.37,93.85,485.9,5.18,1190.5,1556.6,-704.6,1132.4,44.34,33.76,-1.39,-0.3,6.114,RUN,OK,RUN,0.98
2026-01-27T00:39:52.435921Z,60.7,55.98,58.89,34.59,power,0.3722,35.23,14.3,93.87,481.9,5.13,1189.8,1558.6,-707.9,1131.8,44.34,33.76,-1.39,-0.3,6.118,RUN,OK,RUN,0.98
2026-01-27T00:39:52.635921Z,60.62,55.91,58.83,34.64,power,0.3805,35.22,14.24,93.89,478.1,5.09,1189.1,1560.6,-711.1,1131.3,44.33,33.75,-1.39,-0.3,6.121,RUN,OK,RUN,0.98
2026-01-27T00:39:52.835921Z,60.55,55.83,58.77,34.68,power,0.3888,35.22,14.17,93.91,474.3,5.05,1188.4,1562.5,-714.2,1130.8,44.32,33.75,-1.39,-0.3,6.124,RUN,OK,RUN,0.98
2026-01-27T00:39:53.035921Z,60.47,55.76,58.71,34.72,power,0.3972,35.21,14.1,93.93,470.6,5.01,1187.8,1564.4,-717.2,1130.2,44.32,33.75,-1.39,-0.3,6.127,RUN,OK,RUN,0.98
2026-01-27T00:39:53.235921Z,60.39,55.69,58.65,34.76,power,0.4057,35.21,14.03,93.95,467.0,4.97,1187.1,1566.2,-720.1,1129.7,44.31,33.74,-1.4,-0.3,6.131,RUN,OK,RUN,0.98
2026-01-27T00:39:53.435921Z,60.32,55.62,58.59,34.79,power,0.4142,35.21,13.96,93.97,463.5,4.93,1186.4,1568.0,-722.9,1129.1,44.3,33.74,-1.4,-0.3,6.134,RUN,OK,RUN,0.98
2026-01-27T00:39:53.635921Z,60.24,55.55,58.54,34.82,power,0.4228,35.2,13.89,93.99,460.0,4.89,1185.7,1569.7,-725.7,1128.6,44.3,33.74,-1.4,-0.31,6.137,RUN,OK,RUN,0.98
2026-01-27T00:39:53.835921Z,60.16,55.48,58.48,34.85,power,0.4314,35.2,13.82,94.01,456.7,4.86,1185.0,1571.4,-728.3,1128.0,44.29,33.73,-1.4,-0.31,6.14,RUN,OK,RUN,0.98
2026-01-27T00:39:54.035921Z,60.09,55.41,58.43,34.88,power,0.4401,35.19,13.75,94.03,453.5,4.82,1184.4,1573.1,-730.9,1127.5,44.29,33.73,-1.4,-0.31,6.144,RUN,OK,RUN,0.98
2026-01-27T00:39:54.235921Z,60.01,55.34,58.38,34.9,power,0.4489,35.19,13.68,94.05,450.3,4.79,1183.7,1574.7,-733.4,1126.9,44.28,33.73,-1.4,-0.31,6.147,RUN,OK,RUN,0.98
2026-01-27T00:39:54.435921Z,59.94,55.27,58.33,34.92,power,0.4577,35.19,13.61,94.07,447.3,4.75,1183.0,1576.2,-735.7,1126.4,44.27,33.72,-1.4,-0.31,6.15,RUN,OK,RUN,0.98
2026-01-27T00:39:54.635921Z,59.86,55.2,58.28,34.94,power,0.4665,35.18,13.54,94.09,444.3,4.72,1182.3,1577.7,-738.0,1125.8,44.27,33.72,-1.41,-0.31,6.153,RUN,OK,RUN,0.98
2026-01-27T00:39:54.835921Z,59.79,55.14,58.23,34.96,power,0.4754,35.18,13.47,94.11,441.4,4.69,1181.6,1579.1,-740.2,1125.3,44.26,33.72,-1.41,-0.31,6.157,RUN,OK,RUN,0.98
2026-01-27T00:39:55.035921Z,59.72,55.07,58.18,34.97,power,0.4844,35.17,13.39,94.13,438.6,4.66,1180.9,1580.5,-742.3,1124.7,44.25,33.71,-1.41,-0.31,6.16,RUN,OK,RUN,0.98
2026-01-27T00:39:55.235921Z,59.65,55.0,58.14,34.98,power,0.4933,35.17,13.32,94.15,436.0,4.63,1180.2,1581.9,-744.3,1124.2,44.25,33.71,-1.41,-0.31,6.163,RUN,OK,RUN,0.98
2026-01-27T00:39:55.435921Z,59.57,54.94,58.09,34.99,power,0.5024,35.17,13.25,94.17,433.4,4.6,1179.5,1583.2,-746.2,1123.6,44.24,33.71,-1.41,-0.31,6.166,RUN,OK,RUN,0.98
2026-01-27T00:39:55.635921Z,59.5,54.87,58.05,35.0,power,0.5114,35.16,13.17,94.19,430.9,4.57,1178.8,1584.5,-748.0,1123.1,44.23,33.7,-1.41,-0.32,6.17,RUN,OK,RUN,0.98
2026-01-27T00:39:55.835921Z,59.43,54.81,58.0,35.0,power,0.5205,35.16,13.1,94.21,428.5,4.55,1178.1,1585.7,-749.7,1122.5,44.23,33.7,-1.42,-0.32,6.173,RUN,OK,RUN,0.98
2026-01-27T00:39:56.035921Z,59.36,54.74,57.96,35.0,power,0.5297,35.16,13.03,94.23,426.2,4.52,1177.5,1586.8,-751.3,1122.0,44.22,33.7,-1.42,-0.32,6.176,RUN,OK,RUN,0.98
2026-01-27T00:39:56.235921Z,59.29,54.68,57.92,35.0,power,0.5389,35.15,12.95,94.25,424.0,4.5,1176.8,1587.9,-752.8,1121.4,44.21,33.69,-1.42,-0.32,6.179,RUN,OK,RUN,0.98
2026-01-27T00:39:56.435921Z,59.22,54.62,57.88,34.99,power,0.5481,35.15,12.88,94.27,421.9,4.48,1176.1,1589.0,-754.2,1120.9,44.21,33.69,-1.42,-0.32,6.182,RUN,OK,RUN,0.98
2026-01-27T00:39:56.635921Z,59.15,54.55,57.84,34.98,power,0.5573,35.14,12.8,94.29,419.8,4.45,1175.4,1590.0,-755.5,1120.3,44.2,33.69,-1.42,-0.32,6.186,RUN,OK,RUN,0.98
2026-01-27T00:39:56.835921Z,59.08,54.49,57.8,34.97,power,0.5666,35.14,12.73,94.31,417.9,4.43,1174.7,1591.0,-756.8,1119.7,44.19,33.68,-1.42,-0.32,6.189,RUN,OK,RUN,0.98
2026-01-27T00:39:57.035921Z,59.01,54.43,57.76,34.96,power,0.5758,35.14,12.65,94.33,416.1,4.41,1174.0,1591.9,-757.9,1119.2,44.19,33.68,-1.42,-0.32,6.192,RUN,OK,RUN,0.98
2026-01-27T00:39:57.235921Z,58.95,54.37,57.73,34.94,power,0.5852,35.13,12.58,94.35,414.4,4.39,1173.3,1592.8,-758.9,1118.6,44.18,33.68,-1.42,-0.32,6.195,RUN,OK,RUN,0.98
2026-01-27T00:39:57.435921Z,58.88,54.31,57.69,34.93,power,0.5945,35.13,12.5,94.37,412.7,4.37,1172.6,1593.6,-759.8,1118.1,44.18,33.67,-1.43,-0.32,6.199,RUN,OK,RUN,0.98
2026-01-27T00:39:57.635921Z,58.81,54.25,57.66,34.9,power,0.6038,35.12,12.42,94.39,411.2,4.36,1171.9,1594.4,-760.7,1117.5,44.17,33.67,-1.43,-0.33,6.202,RUN,OK,RUN,0.98
2026-01-27T00:39:57.835921Z,58.75,54.19,57.62,34.88,power,0.6132,35.12,12.35,94.41,409.8,4.34,1171.2,1595.1,-761.4,1116.9,44.16,33.67,-1.43,-0.33,6.205,RUN,OK,RUN,0.98
2026-01-27T00:39:58.035921Z,58.68,54.13,57.59,34.85,power,0.6226,35.12,12.27,94.43,408.4,4.33,1170.5,1595.8,-762.0,1116.4,44.16,33.66,-1.43,-0.33,6.208,RUN,OK,RUN,0.98
2026-01-27T00:39:58.235921Z,58.61,54.07,57.56,34.82,power,0.632,35.11,12.2,94.45,407.2,4.31,1169.8,1596.4,-762.6,1115.8,44.15,33.66,-1.43,-0.33,6.211,RUN,OK,RUN,0.98
2026-01-27T00:39:58.435921Z,58.55,54.01,57.53,34.79,power,0.6414,35.11,12.12,94.47,406.1,4.3,1169.1,1597.0,-763.0,1115.3,44.14,33.66,-1.43,-0.33,6.215,RUN,OK,RUN,0.98
2026-01-27T00:39:58.635921Z,58.48,53.96,57.5,34.76,power,0.6508,35.1,12.04,94.48,405.0,4.29,1168.4,1597.5,-763.4,1114.7,44.14,33.65,-1.43,-0.33,6.218,RUN,OK,RUN,0.98
2026-01-27T00:39:58.835921Z,58.42,53.9,57.47,34.72,power,0.6603,35.1,11.96,94.5,404.1,4.28,1167.7,1598.0,-763.6,1114.1,44.13,33.65,-1.44,-0.33,6.221,RUN,OK,RUN,0.98
2026-01-27T00:39:59.035921Z,58.36,53.84,57.44,34.68,power,0.6697,35.1,11.89,94.52,403.2,4.27,1167.0,1598.4,-763.7,1113.6,44.12,33.65,-1.44,-0.33,6.224,RUN,OK,RUN,0.98
2026-01-27T00:39:59.235921Z,58.29,53.79,57.41,34.64,power,0.6792,35.09,11.81,94.54,402.5,4.26,1166.3,1598.8,-763.8,1113.0,44.12,33.64,-1.44,-0.33,6.227,RUN,OK,RUN,0.98
2026-01-27T00:39:59.435921Z,58.23,53.73,57.39,34.59,power,0.6886,35.09,11.73,94.56,401.8,4.25,1165.6,1599.1,-763.7,1112.4,44.11,33.64,-1.44,-0.33,6.23,RUN,OK,RUN,0.98
2026-01-27T00:39:59.635921Z,58.17,53.68,57.36,34.55,power,0.6981,35.08,11.65,94.58,401.3,4.24,1164.9,1599.4,-763.6,1111.9,44.11,33.64,-1.44,-0.33,6.234,RUN,OK,RUN,0.98
2026-01-27T00:39:59.835921Z,58.11,53.62,57.34,34.5,power,0.7075,35.08,11.57,94.6,400.8,4.24,1164.1,1599.6,-763.3,1111.3,44.1,33.63,-1.44,-0.34,6.237,RUN,OK,RUN,0.98
2026-01-27T00:40:00.035921Z,58.05,53.57,57.31,34.44,power,0.7169,35.08,11.49,94.62,400.5,4.23,1163.4,1599.8,-763.0,1110.8,44.09,33.63,-1.44,-0.34,6.24,RUN,OK,RUN,0.98
2026-01-27T00:40:00.235921Z,57.99,53.52,57.29,34.39,power,0.7264,35.07,11.42,94.64,400.2,4.23,1162.7,1599.9,-762.5,1110.2,44.09,33.63,-1.44,-0.34,6.243,RUN,OK,RUN,0.98
2026-01-27T00:40:00.435921Z,57.93,53.47,57.27,34.33,power,0.7358,35.07,11.34,94.66,400.1,4.23,1162.0,1600.0,-762.0,1109.6,44.08,33.62,-1.44,-0.34,6.246,RUN,OK,RUN,0.98
2026-01-27T00:40:00.635921Z,57.87,53.41,57.25,34.27,power,0.7452,35.06,11.26,94.68,400.0,4.22,1161.3,1600.0,-761.3,1109.0,44.07,33.62,-1.45,-0.34,6.25,RUN,OK,RUN,0.98
2026-01-27T00:40:00.835921Z,57.81,53.36,57.23,34.21,power,0.7546,35.06,11.18,94.7,400.0,4.22,1160.6,1600.0,-760.6,1108.5,44.07,33.61,-1.45,-0.34,6.253,RUN,OK,RUN,0.98
2026-01-27T00:40:01.035921Z,57.75,53.31,57.21,34.14,power,0.764,35.06,11.1,94.72,400.2,4.22,1159.9,1599.9,-759.7,1107.9,44.06,33.61,-1.45,-0.34,6.256,RUN,OK,RUN,0.98
2026-01-27T00:40:01.235921Z,57.7,53.26,57.19,34.08,power,0.7734,35.05,11.02,94.74,400.4,4.23,1159.2,1599.8,-758.8,1107.3,44.05,33.61,-1.45,-0.34,6.259,RUN,OK,RUN,0.98
2026-01-27T00:40:01.435921Z,57.64,53.21,57.17,34.0,power,0.7828,35.05,10.94,94.76,400.8,4.23,1158.5,1599.6,-757.7,1106.8,44.05,33.6,-1.45,-0.34,6.262,RUN,OK,RUN,0.98
2026-01-27T00:40:01.635921Z,57.58,53.17,57.15,33.93,power,0.7921,35.04,10.86,94.78,401.2,4.23,1157.8,1599.4,-756.6,1106.2,44.04,33.6,-1.45,-0.34,6.265,RUN,OK,RUN,0.98
2026-01-27T00:40:01.835921Z,57.53,53.12,57.14,33.86,power,0.8014,35.04,10.78,94.8,401.7,4.24,1157.0,1599.1,-755.3,1105.6,44.04,33.6,-1.45,-0.34,6.269,RUN,OK,RUN,0.98
2026-01-27T00:40:02.035921Z,57.47,53.07,57.12,33.78,power,0.8107,35.04,10.7,94.82,402.4,4.24,1156.3,1598.8,-754.0,1105.1,44.03,33.59,-1.45,-0.35,6.272,RUN,OK,RUN,0.98
2026-01-27T00:40:02.235921Z,57.42,53.02,57.11,33.7,power,0.82,35.03,10.62,94.84,403.1,4.25,1155.6,1598.4,-752.5,1104.5,44.02,33.59,-1.45,-0.35,6.275,RUN,OK,RUN,0.98
2026-01-27T00:40:02.435921Z,57.36,52.98,57.09,33.62,power,0.8292,35.03,10.54,94.86,403.9,4.26,1154.9,1598.0,-751.0,1103.9,44.02,33.59,-1.46,-0.35,6.278,RUN,OK,RUN,0.98
2026-01-27T00:40:02.635921Z,57.31,52.93,57.08,33.53,power,0.8385,35.02,10.46,94.88,404.8,4.27,1154.2,1597.6,-749.3,1103.3,44.01,33.58,-1.46,-0.35,6.281,RUN,OK,RUN,0.98
2026-01-27T00:40:02.835921Z,57.26,52.89,57.06,33.44,power,0.8476,35.02,10.38,94.9,405.9,4.28,1153.5,1597.1,-747.6,1102.8,44.0,33.58,-1.46,-0.35,6.284,RUN,OK,RUN,0.98
2026-01-27T00:40:03.035921Z,57.2,52.84,57.05,33.35,power,0.8568,35.02,10.3,94.92,407.0,4.29,1152.7,1596.5,-745.7,1102.2,44.0,33.58,-1.46,-0.35,6.288,RUN,OK,RUN,0.98
2026-01-27T00:40:03.235921Z,57.15,52.8,57.04,33.26,power,0.8659,35.01,10.22,94.94,408.2,4.3,1152.0,1595.9,-743.8,1101.6,43.99,33.57,-1.46,-0.35,6.291,RUN,OK,RUN,0.98
2026-01-27T00:40:03.435921Z,57.1,52.76,57.03,33.17,power,0.875,35.01,10.14,94.96,409.5,4.31,1151.3,1595.2,-741.8,1101.0,43.99,33.57,-1.46,-0.35,6.294,RUN,OK,RUN,0.98
2026-01-27T00:40:03.635921Z,57.05,52.71,57.02,33.07,power,0.884,35.0,10.06,94.98,411.0,4.33,1150.6,1594.5,-739.6,1100.5,43.98,33.57,-1.46,-0.35,6.297,RUN,OK,RUN,0.98
2026-01-27T00:40:03.835921Z,57.0,52.67,57.01,32.97,power,0.893,35.0,9.98,95.0,412.5,4.34,1149.9,1593.7,-737.4,1099.9,43.97,33.56,-1.46,-0.35,6.3,RUN,OK,RUN,0.98
2026-01-27T00:40:04.035921Z,56.95,52.63,57.0,32.87,power,0.902,35.0,9.9,95.02,414.1,4.36,1149.1,1592.9,-735.0,1099.3,43.97,33.56,-1.46,-0.35,6.303,RUN,OK,RUN,0.98
2026-01-27T00:40:04.235921Z,56.9,52.59,56.99,32.76,power,0.9109,34.99,9.82,95.04,415.8,4.37,1148.4,1592.1,-732.6,1098.7,43.96,33.56,-1.46,-0.36,6.307,RUN,OK,RUN,0.98
2026-01-27T00:40:04.435921Z,56.85,52.55,56.98,32.66,power,0.9198,34.99,9.74,95.06,417.6,4.39,1147.7,1591.2,-730.1,1098.1,43.95,33.55,-1.47,-0.36,6.31,RUN,OK,RUN,0.98
2026-01-27T00:40:04.635921Z,56.8,52.51,56.97,32.55,power,0.9286,34.98,9.66,95.08,419.5,4.41,1147.0,1590.2,-727.5,1097.6,43.95,33.55,-1.47,-0.36,6.313,RUN,OK,RUN,0.98
2026-01-27T00:40:04.835921Z,56.76,52.47,56.97,32.44,power,0.9373,34.98,9.58,95.1,421.5,4.43,1146.2,1589.2,-724.7,1097.0,43.94,33.55,-1.47,-0.36,6.316,RUN,OK,RUN,0.98
2026-01-27T00:40:05.035921Z,56.71,52.43,56.96,32.33,power,0.9461,34.98,9.5,95.12,423.6,4.45,1145.5,1588.1,-721.9,1096.4,43.94,33.54,-1.47,-0.36,6.319,RUN,OK,RUN,0.98
2026-01-27T00:40:05.235921Z,56.66,52.4,56.95,32.21,power,0.9547,34.97,9.42,95.14,425.8,4.48,1144.8,1587.0,-719.0,1095.8,43.93,33.54,-1.47,-0.36,6.322,RUN,OK,RUN,0.98
2026-01-27T00:40:05.435921Z,56.62,52.36,56.95,32.09,power,0.9633,34.97,9.34,95.16,428.1,4.5,1144.1,1585.9,-716.0,1095.2,43.92,33.53,-1.47,-0.36,6.326,RUN,OK,RUN,0.98
2026-01-27T00:40:05.635921Z,56.57,52.32,56.94,31.97,power,0.9718,34.96,9.26,95.18,430.5,4.52,1143.3,1584.7,-712.9,1094.7,43.92,33.53,-1.47,-0.36,6.329,RUN,OK,RUN,0.98
2026-01-27T00:40:05.835921Z,56.53,52.29,56.94,31.85,power,0.9803,34.96,9.19,95.2,432.9,4.55,1142.6,1583.4,-709.7,1094.1,43.91,33.53,-1.47,-0.36,6.332,RUN,OK,RUN,0.98
2026-01-27T00:40:06.035921Z,56.49,52.25,56.93,31.73,power,0.9887,34.96,9.11,95.22,435.5,4.57,1141.9,1582.1,-706.4,1093.5,43.9,33.52,-1.47,-0.36,6.335,RUN,OK,RUN,0.98
2026-01-27T00:40:06.235921Z,56.44,52.22,56.93,31.6,power,0.9971,34.95,9.03,95.24,438.2,4.6,1141.1,1580.8,-703.0,1092.9,43.9,33.52,-1.47,-0.36,6.338,RUN,OK,RUN,0.98
2026-01-27T00:40:06.435921Z,56.4,52.18,56.92,31.48,power,1.0054,34.95,8.95,95.26,440.9,4.63,1140.4,1579.4,-699.5,1092.3,43.89,33.52,-1.47,-0.37,6.341,RUN,OK,RUN,0.98
2026-01-27T00:40:06.635921Z,56.36,52.15,56.92,31.35,power,1.0136,34.94,8.87,95.28,443.8,4.66,1139.7,1578.0,-695.9,1091.7,43.89,33.51,-1.47,-0.37,6.345,RUN,OK,RUN,0.98
2026-01-27T00:40:06.835921Z,56.32,52.12,56.92,31.21,power,1.0218,34.94,8.79,95.3,446.7,4.69,1138.9,1576.5,-692.2,1091.2,43.88,33.51,-1.48,-0.37,6.348,RUN,OK,RUN,0.98
2026-01-27T00:40:07.035921Z,56.28,52.09,56.91,31.08,power,1.0298,34.94,8.71,95.32,449.8,4.72,1138.2,1574.9,-688.5,1090.6,43.87,33.51,-1.48,-0.37,6.351,RUN,OK,RUN,0.98
2026-01-27T00:40:07.235921Z,56.24,52.06,56.91,30.94,power,1.0378,34.93,8.63,95.34,452.9,4.75,1137.5,1573.3,-684.6,1090.0,43.87,33.5,-1.48,-0.37,6.354,RUN,OK,RUN,0.98
2026-01-27T00:40:07.435921Z,56.2,52.03,56.91,30.81,power,1.0458,34.93,8.55,95.36,456.1,4.78,1136.7,1571.7,-680.6,1089.4,43.86,33.5,-1.48,-0.37,6.357,RUN,OK,RUN,0.98
2026-01-27T00:40:07.635921Z,56.16,52.0,56.91,30.67,power,1.0536,34.92,8.47,95.38,459.4,4.82,1136.0,1570.0,-676.6,1088.8,43.85,33.5,-1.48,-0.37,6.36,RUN,OK,RUN,0.98
2026-01-27T00:40:07.835921Z,56.12,51.97,56.91,30.53,power,1.0614,34.92,8.39,95.4,462.8,4.85,1135.3,1568.3,-672.4,1088.2,43.85,33.49,-1.48,-0.37,6.364,RUN,OK,RUN,0.98
2026-01-27T00:40:08.035921Z,56.08,51.94,56.91,30.38,power,1.0691,34.92,8.32,95.42,466.3,4.89,1134.5,1566.5,-668.2,1087.6,43.84,33.49,-1.48,-0.37,6.367,RUN,OK,RUN,0.98
2026-01-27T00:40:08.235921Z,56.05,51.91,56.9,30.24,power,1.0767,34.91,8.24,95.44,469.9,4.92,1133.8,1564.7,-663.9,1087.0,43.84,33.49,-1.48,-0.37,6.37,RUN,OK,RUN,0.98
2026-01-27T00:40:08.435921Z,56.01,51.89,56.9,30.09,power,1.0842,34.91,8.16,95.46,473.6,4.96,1133.1,1562.8,-659.5,1086.5,43.83,33.48,-1.48,-0.37,6.373,RUN,OK,RUN,0.98
2026-01-27T00:40:08.635921Z,55.97,51.86,56.9,29.94,power,1.0917,34.9,8.08,95.48,477.4,5.0,1132.3,1560.9,-655.0,1085.9,43.82,33.48,-1.48,-0.37,6.376,RUN,OK,RUN,0.98
2026-01-27T00:40:08.835921Z,55.94,51.83,56.9,29.79,power,1.099,34.9,8.0,95.5,481.2,5.04,1131.6,1559.0,-650.4,1085.3,43.82,33.47,-1.48,-0.38,6.379,RUN,OK,RUN,0.98
2026-01-27T00:40:09.035921Z,55.9,51.81,56.9,29.64,power,1.1063,34.9,7.93,95.52,485.2,5.08,1130.9,1557.0,-645.7,1084.7,43.81,33.47,-1.48,-0.38,6.383,RUN,OK,RUN,0.98
2026-01-27T00:40:09.235921Z,55.87,51.78,56.91,29.48,power,1.1134,34.89,7.85,95.54,489.2,5.12,1130.1,1554.9,-640.9,1084.1,43.81,33.47,-1.48,-0.38,6.386,RUN,OK,RUN,0.98
2026-01-27T00:40:09.435921Z,55.84,51.76,56.91,29.33,power,1.1205,34.89,7.77,95.56,493.3,5.16,1129.4,1552.8,-636.0,1083.5,43.8,33.46,-1.48,-0.38,6.389,RUN,OK,RUN,0.98
2026-01-27T00:40:09.635921Z,55.8,51.74,56.91,29.17,power,1.1275,34.88,7.7,95.58,497.6,5.21,1128.6,1550.7,-631.1,1082.9,43.79,33.46,-1.49,-0.38,6.392,RUN,OK,RUN,0.98
2026-01-27T00:40:09.835921Z,55.77,51.72,56.91,29.01,power,1.1344,34.88,7.62,95.6,501.9,5.25,1127.9,1548.5,-626.0,1082.3,43.79,33.46,-1.49,-0.38,6.395,RUN,OK,RUN,0.98
2026-01-27T00:40:10.035921Z,55.74,51.69,56.91,28.85,power,1.1411,34.88,7.54,95.62,506.2,5.29,1127.2,1546.3,-620.9,1081.7,43.78,33.45,-1.49,-0.38,6.398,RUN,OK,RUN,0.98
2026-01-27T00:40:10.235921Z,55.71,51.67,56.91,28.69,power,1.1478,34.87,7.47,95.64,510.7,5.34,1126.4,1544.0,-615.7,1081.1,43.77,33.45,-1.49,-0.38,6.402,RUN,OK,RUN,0.98
2026-01-27T00:40:10.435921Z,55.68,51.65,56.91,28.53,power,1.1544,34.87,7.39,95.66,515.3,5.39,1125.7,1541.7,-610.4,1080.5,43.77,33.45,-1.49,-0.38,6.405,RUN,OK,RUN,0.98
2026-01-27T00:40:10.635921Z,55.65,51.63,56.91,28.36,power,1.1609,34.86,7.32,95.68,519.9,5.43,1124.9,1539.3,-605.0,1079.9,43.76,33.44,-1.49,-0.38,6.408,RUN,OK,RUN,0.98
2026-01-27T00:40:10.835921Z,55.62,51.61,56.92,28.19,power,1.1673,34.86,7.24,95.7,524.6,5.48,1124.2,1536.9,-599.6,1079.3,43.76,33.44,-1.49,-0.38,6.411,RUN,OK,RUN,0.98
2026-01-27T00:40:11.035921Z,55.59,51.6,56.92,28.02,power,1.1735,34.86,7.17,95.72,529.4,5.53,1123.4,1534.4,-594.0,1078.7,43.75,33.44,-1.49,-0.38,6.414,RUN,OK,RUN,0.98
2026-01-27T00:40:11.235921Z,55.57,51.58,56.92,27.85,power,1.1797,34.85,7.09,95.74,534.3,5.58,1122.7,1531.9,-588.4,1078.1,43.74,33.43,-1.49,-0.38,6.417,RUN,OK,RUN,0.98
2026-01-27T00:40:11.435921Z,55.54,51.56,56.92,27.68,power,1.1857,34.85,7.02,95.76,539.3,5.63,1121.9,1529.4,-582.7,1077.6,43.74,33.43,-1.49,-0.39,6.421,RUN,OK,RUN,0.98
2026-01-27T00:40:11.635921Z,55.51,51.55,56.93,27.51,power,1.1916,34.84,6.94,95.78,544.3,5.68,1121.2,1526.8,-576.9,1077.0,43.73,33.43,-1.49,-0.39,6.424,RUN,OK,RUN,0.98
2026-01-27T00:40:11.835921Z,55.49,51.53,56.93,27.34,power,1.1975,34.84,6.87,95.8,549.5,5.74,1120.4,1524.1,-571.0,1076.4,43.73,33.42,-1.49,-0.39,6.427,RUN,OK,RUN,0.98
2026-01-27T00:40:12.035921Z,55.46,51.52,56.93,27.16,power,1.2032,34.84,6.8,95.82,554.7,5.79,1119.7,1521.5,-565.0,1075.8,43.72,33.42,-1.49,-0.39,6.43,RUN,OK,RUN,0.98
2026-01-27T00:40:12.235921Z,55.44,51.5,56.93,26.99,power,1.2087,34.83,6.72,95.84,560.0,5.84,1118.9,1518.8,-559.0,1075.2,43.71,33.41,-1.49,-0.39,6.433,RUN,OK,RUN,0.98
2026-01-27T00:40:12.435921Z,55.41,51.49,56.94,26.81,power,1.2142,34.83,6.65,95.86,565.4,5.9,1118.2,1516.0,-552.8,1074.6,43.71,33.41,-1.49,-0.39,6.436,RUN,OK,RUN,0.98
2026-01-27T00:40:12.635921Z,55.39,51.48,56.94,26.63,power,1.2196,34.82,6.58,95.88,570.8,5.95,1117.4,1513.2,-546.6,1074.0,43.7,33.41,-1.49,-0.39,6.439,RUN,OK,RUN,0.98
2026-01-27T00:40:12.835921Z,55.37,51.46,56.94,26.45,power,1.2248,34.82,6.51,95.9,576.3,6.01,1116.7,1510.3,-540.4,1073.4,43.7,33.4,-1.49,-0.39,6.443,RUN,OK,RUN,0.98
2026-01-27T00:40:13.035921Z,55.35,51.45,56.94,26.27,power,1.2299,34.82,6.43,95.92,581.9,6.07,1115.9,1507.4,-534.0,1072.8,43.69,33.4,-1.49,-0.39,6.446,RUN,OK,RUN,0.98
2026-01-27T00:40:13.235921Z,55.33,51.44,56.95,26.09,power,1.2349,34.81,6.36,95.94,587.6,6.12,1115.2,1504.5,-527.6,1072.2,43.68,33.4,-1.49,-0.39,6.449,RUN,OK,RUN,0.98
2026-01-27T00:40:13.435921Z,55.31,51.43,56.95,25.9,power,1.2397,34.81,6.29,95.96,593.4,6.18,1114.4,1501.5,-521.1,1071.6,43.68,33.39,-1.49,-0.39,6.452,RUN,OK,RUN,0.98
2026-01-27T00:40:13.635921Z,55.29,51.42,56.95,25.72,power,1.2444,34.8,6.22,95.98,599.2,6.24,1113.7,1498.5,-514.5,1071.0,43.67,33.39,-1.49,-0.39,6.455,RUN,OK,RUN,0.98
2026-01-27T00:40:13.835921Z,55.27,51.41,56.95,25.53,power,1.249,34.8,6.15,96.0,605.1,6.3,1112.9,1495.5,-507.8,1070.3,43.67,33.39,-1.5,-0.4,6.458,RUN,OK,RUN,0.98
2026-01-27T00:40:14.035921Z,55.25,51.41,56.96,25.35,power,1.2535,34.8,6.08,96.02,611.1,6.36,1112.2,1492.4,-501.1,1069.7,43.66,33.38,-1.5,-0.4,6.462,RUN,OK,RUN,0.98
2026-01-27T00:40:14.235921Z,55.23,51.4,56.96,25.16,power,1.2578,34.79,6.01,96.04,617.1,6.43,1111.4,1489.2,-494.3,1069.1,43.65,33.38,-1.5,-0.4,6.465,RUN,OK,RUN,0.98
2026-01-27T00:40:14.435921Z,55.21,51.39,56.96,24.97,power,1.262,34.79,5.94,96.06,623.3,6.49,1110.7,1486.1,-487.4,1068.5,43.65,33.38,-1.5,-0.4,6.468,RUN,OK,RUN,0.98
2026-01-27T00:40:14.635921Z,55.2,51.39,56.96,24.78,power,1.2661,34.78,5.87,96.08,629.5,6.55,1109.9,1482.8,-480.4,1067.9,43.64,33.37,-1.5,-0.4,6.471,RUN,OK,RUN,0.98
2026-01-27T00:40:14.835921Z,55.18,51.38,56.97,24.59,power,1.27,34.78,5.8,96.1,635.7,6.62,1109.2,1479.6,-473.4,1067.3,43.64,33.37,-1.5,-0.4,6.474,RUN,OK,RUN,0.98
2026-01-27T00:40:15.035921Z,55.17,51.38,56.97,24.4,power,1.2738,34.78,5.74,96.11,642.1,6.68,1108.4,1476.3,-466.3,1066.7,43.63,33.36,-1.5,-0.4,6.477,RUN,OK,RUN,0.98
2026-01-27T00:40:15.235921Z,55.15,51.37,56.97,24.21,power,1.2774,34.77,5.67,96.13,648.5,6.75,1107.6,1473.0,-459.2,1066.1,43.62,33.36,-1.5,-0.4,6.481,RUN,OK,RUN,0.98
2026-01-27T00:40:15.435921Z,55.14,51.37,56.97,24.02,power,1.2809,34.77,5.6,96.15,654.9,6.81,1106.9,1469.6,-451.9,1065.5,43.62,33.36,-1.5,-0.4,6.484,RUN,OK,RUN,0.98
2026-01-27T00:40:15.635921Z,55.12,51.37,56.98,23.82,power,1.2843,34.76,5.54,96.17,661.5,6.88,1106.1,1466.2,-444.6,1064.9,43.61,33.35,-1.5,-0.4,6.487,RUN,OK,RUN,0.98
2026-01-27T00:40:15.835921Z,55.11,51.37,56.98,23.63,power,1.2875,34.76,5.47,96.19,668.1,6.95,1105.4,1462.7,-437.3,1064.3,43.61,33.35,-1.5,-0.4,6.49,RUN,OK,RUN,0.98
2026-01-27T00:40:16.035921Z,55.1,51.37,56.98,23.44,power,1.2906,34.76,5.4,96.21,674.8,7.01,1104.6,1459.2,-429.8,1063.7,43.6,33.35,-1.5,-0.4,6.493,RUN,OK,RUN,0.98
2026-01-27T00:40:16.235921Z,55.09,51.37,56.98,23.24,power,1.2935,34.75,5.34,96.23,681.5,7.08,1103.8,1455.7,-422.3,1063.1,43.6,33.34,-1.5,-0.4,6.496,RUN,OK,RUN,0.98
2026-01-27T00:40:16.435921Z,55.08,51.37,56.98,23.05,power,1.2963,34.75,5.27,96.25,688.3,7.15,1103.1,1452.1,-414.8,1062.5,43.59,33.34,-1.5,-0.4,6.5,RUN,OK,RUN,0.98
2026-01-27T00:40:16.635921Z,55.07,51.37,56.99,22.85,power,1.2989,34.74,5.21,96.27,695.2,7.22,1102.3,1448.5,-407.2,1061.9,43.58,33.34,-1.5,-0.41,6.503,RUN,OK,RUN,0.98
2026-01-27T00:40:16.835921Z,55.06,51.37,56.99,22.65,power,1.3014,34.74,5.15,96.29,702.1,7.29,1101.6,1444.9,-399.5,1061.2,43.58,33.33,-1.5,-0.41,6.506,RUN,OK,RUN,0.98
2026-01-27T00:40:17.035921Z,55.05,51.37,56.99,22.46,power,1.3037,34.74,5.08,96.31,709.1,7.36,1100.8,1441.2,-391.7,1060.6,43.57,33.33,-1.5,-0.41,6.509,RUN,OK,RUN,0.98
2026-01-27T00:40:17.235921Z,55.04,51.38,56.99,22.26,power,1.3059,34.73,5.02,96.33,716.1,7.43,1100.0,1437.5,-383.9,1060.0,43.57,33.33,-1.5,-0.41,6.512,RUN,OK,RUN,0.98
2026-01-27T00:40:17.435921Z,55.04,51.38,56.99,22.06,power,1.3079,34.73,4.96,96.35,723.2,7.51,1099.3,1433.7,-376.0,1059.4,43.56,33.32,-1.5,-0.41,6.515,RUN,OK,RUN,0.98
2026-01-27T00:40:17.635921Z,55.03,51.39,56.99,21.86,power,1.3098,34.72,4.9,96.37,730.4,7.58,1098.5,1429.9,-368.1,1058.8,43.55,33.32,-1.5,-0.41,6.519,RUN,OK,RUN,0.98
2026-01-27T00:40:17.835921Z,55.02,51.39,57.0,21.66,power,1.3115,34.72,4.83,96.39,737.6,7.65,1097.7,1426.1,-360.1,1058.2,43.55,33.31,-1.5,-0.41,6.522,RUN,OK,RUN,0.98
2026-01-27T00:40:18.035921Z,55.02,51.4,57.0,21.46,power,1.3131,34.72,4.77,96.4,744.9,7.73,1097.0,1422.3,-352.1,1057.6,43.54,33.31,-1.5,-0.41,6.525,RUN,OK,RUN,0.98
2026-01-27T00:40:18.235921Z,55.01,51.4,57.0,21.27,power,1.3145,34.71,4.71,96.42,752.3,7.8,1096.2,1418.4,-344.0,1057.0,43.54,33.31,-1.5,-0.41,6.528,RUN,OK,RUN,0.98
2026-01-27T00:40:18.435921Z,55.01,51.41,57.0,21.07,power,1.3157,34.71,4.65,96.44,759.6,7.88,1095.4,1414.4,-335.8,1056.4,43.53,33.3,-1.5,-0.41,6.531,RUN,OK,RUN,0.98
2026-01-27T00:40:18.635921Z,55.01,51.42,57.0,20.87,power,1.3168,34.7,4.59,96.46,767.1,7.95,1094.7,1410.5,-327.6,1055.7,43.53,33.3,-1.5,-0.41,6.534,RUN,OK,RUN,0.98
2026-01-27T00:40:18.835921Z,55.0,51.43,57.0,20.67,power,1.3177,34.7,4.53,96.48,774.6,8.03,1093.9,1406.5,-319.3,1055.1,43.52,33.3,-1.5,-0.41,6.538,RUN,OK,RUN,0.98
2026-01-27T00:40:19.035921Z,55.0,51.44,57.0,20.47,power,1.3185,34.7,4.48,96.5,782.2,8.11,1093.1,1402.5,-311.0,1054.5,43.51,33.29,-1.5,-0.41,6.541,RUN,OK,RUN,0.98
2026-01-27T00:40:19.235921Z,55.0,51.45,57.0,20.27,power,1.319,34.69,4.42,96.52,789.8,8.18,1092.4,1398.4,-302.6,1053.9,43.51,33.29,-1.5,-0.41,6.544,RUN,OK,RUN,0.98
2026-01-27T00:40:19.435921Z,55.0,51.46,57.0,20.07,power,1.3195,34.69,4.36,96.54,797.4,8.26,1091.6,1394.3,-294.2,1053.3,43.5,33.29,-1.5,-0.42,6.547,RUN,OK,RUN,0.98
2026-01-27T00:40:19.635921Z,55.0,51.47,57.0,19.87,power,1.3197,34.68,4.31,96.56,805.1,8.34,1090.8,1390.2,-285.7,1052.7,43.5,33.28,-1.5,-0.42,6.55,RUN,OK,RUN,0.98
2026-01-27T00:40:19.835921Z,55.0,51.49,57.0,19.67,power,1.3198,34.68,4.25,96.58,812.9,8.42,1090.1,1386.0,-277.2,1052.0,43.49,33.28,-1.5,-0.42,6.553,RUN,OK,RUN,0.98
2026-01-27T00:40:20.035921Z,55.0,51.5,57.0,19.47,power,1.3197,34.68,4.19,96.6,820.7,8.5,1089.3,1381.8,-268.6,1051.4,43.48,33.28,-1.5,-0.42,6.557,RUN,OK,RUN,0.98
2026-01-27T00:40:20.235921Z,55.0,51.51,57.0,19.27,power,1.3195,34.67,4.14,96.61,828.5,8.58,1088.5,1377.6,-260.0,1050.8,43.48,33.27,-1.5,-0.42,6.56,RUN,OK,RUN,0.98
2026-01-27T00:40:20.435921Z,55.01,51.53,57.0,19.07,power,1.3191,34.67,4.09,96.63,836.4,8.66,1087.7,1373.3,-251.3,1050.2,43.47,33.27,-1.5,-0.42,6.563,RUN,OK,RUN,0.98
2026-01-27T00:40:20.635921Z,55.01,51.54,57.0,18.87,power,1.3185,34.66,4.03,96.65,844.4,8.74,1087.0,1369.1,-242.6,1049.6,43.47,33.26,-1.5,-0.42,6.566,RUN,OK,RUN,0.98
2026-01-27T00:40:20.835921Z,55.01,51.56,57.0,18.67,power,1.3178,34.66,3.98,96.67,852.3,8.82,1086.2,1364.7,-233.9,1049.0,43.46,33.26,-1.5,-0.42,6.569,RUN,OK,RUN,0.98
2026-01-27T00:40:21.035921Z,55.02,51.58,57.0,18.47,power,1.3168,34.66,3.93,96.69,860.4,8.9,1085.4,1360.4,-225.1,1048.3,43.46,33.26,-1.5,-0.42,6.572,RUN,OK,RUN,0.98
2026-01-27T00:40:21.235921Z,55.03,51.59,57.0,18.27,power,1.3157,34.65,3.87,96.71,868.4,8.98,1084.7,1356.0,-216.2,1047.7,43.45,33.25,-1.5,-0.42,6.576,RUN,OK,RUN,0.98
2026-01-27T00:40:21.435921Z,55.03,51.61,56.99,18.07,power,1.3145,34.65,3.82,96.73,876.6,9.06,1083.9,1351.6,-207.3,1047.1,43.44,33.25,-1.5,-0.42,6.579,RUN,OK,RUN,0.98
2026-01-27T00:40:21.635921Z,55.04,51.63,56.99,17.87,power,1.313,34.65,3.77,96.75,884.7,9.14,1083.1,1347.2,-198.4,1046.5,43.44,33.25,-1.5,-0.42,6.582,RUN,OK,RUN,0.98
2026-01-27T00:40:21.835921Z,55.05,51.65,56.99,17.68,power,1.3114,34.64,3.72,96.77,892.9,9.23,1082.3,1342.7,-189.4,1045.9,43.43,33.24,-1.5,-0.42,6.585,RUN,OK,RUN,0.98
2026-01-27T00:40:22.035921Z,55.05,51.67,56.99,17.48,power,1.3096,34.64,3.67,96.78,901.1,9.31,1081.5,1338.2,-180.4,1045.2,43.43,33.24,-1.5,-0.42,6.588,RUN,OK,RUN,0.98
2026-01-27T00:40:22.235921Z,55.06,51.69,56.99,17.28,power,1.3076,34.63,3.63,96.8,909.4,9.39,1080.8,1333.7,-171.4,1044.6,43.42,33.24,-1.5,-0.42,6.591,RUN,OK,RUN,0.98
2026-01-27T00:40:22.435921Z,55.07,51.71,56.99,17.09,power,1.3055,34.63,3.58,96.82,917.7,9.48,1080.0,1329.2,-162.3,1044.0,43.42,33.23,-1.5,-0.43,6.595,RUN,OK,RUN,0.98
2026-01-27T00:40:22.635921Z,55.08,51.74,56.98,16.89,power,1.3031,34.63,3.53,96.84,926.0,9.56,1079.2,1324.6,-153.2,1043.4,43.41,33.23,-1.5,-0.43,6.598,RUN,OK,RUN,0.98
2026-01-27T00:40:22.835921Z,55.09,51.76,56.98,16.69,power,1.3006,34.62,3.48,96.86,934.4,9.65,1078.4,1320.0,-144.1,1042.8,43.4,33.22,-1.5,-0.43,6.601,RUN,OK,RUN,0.98
2026-01-27T00:40:23.035921Z,55.1,51.78,56.98,16.5,power,1.2979,34.62,3.44,96.88,942.8,9.73,1077.7,1315.4,-134.9,1042.1,43.4,33.22,-1.5,-0.43,6.604,RUN,OK,RUN,0.98
2026-01-27T00:40:23.235921Z,55.12,51.81,56.98,16.31,power,1.2951,34.61,3.39,96.9,951.2,9.82,1076.9,1310.7,-125.7,1041.5,43.39,33.22,-1.5,-0.43,6.607,RUN,OK,RUN,0.98
2026-01-27T00:40:23.435921Z,55.13,51.83,56.98,16.11,power,1.292,34.61,3.35,96.91,959.7,9.9,1076.1,1306.0,-116.4,1040.9,43.39,33.21,-1.5,-0.43,6.61,RUN,OK,RUN,0.98
2026-01-27T00:40:23.635921Z,55.14,51.86,56.97,15.92,power,1.2888,34.61,3.3,96.93,968.2,9.99,1075.3,1301.3,-107.1,1040.3,43.38,33.21,-1.5,-0.43,6.614,RUN,OK,RUN,0.98
2026-01-27T00:40:23.835921Z,55.16,51.88,56.97,15.73,power,1.2854,34.6,3.26,96.95,976.7,10.07,1074.5,1296.6,-97.8,1039.6,43.38,33.21,-1.5,-0.43,6.617,RUN,OK,RUN,0.98
2026-01-27T00:40:24.035921Z,55.17,51.91,56.97,15.54,power,1.2818,34.6,3.22,96.97,985.2,10.16,1073.8,1291.8,-88.5,1039.0,43.37,33.2,-1.5,-0.43,6.62,RUN,OK,RUN,0.98
2026-01-27T00:40:24.235921Z,55.19,51.94,56.97,15.35,power,1.278,34.59,3.17,96.99,993.8,10.25,1073.0,1287.1,-79.2,1038.4,43.37,33.2,-1.5,-0.43,6.623,RUN,OK,RUN,0.98
2026-01-27T00:40:24.435921Z,55.2,51.97,56.96,15.16,power,1.274,34.59,3.13,97.01,1002.4,10.33,1072.2,1282.3,-69.8,1037.8,43.36,33.2,-1.5,-0.43,6.626,RUN,OK,RUN,0.98
2026-01-27T00:40:24.635921Z,55.22,52.0,56.96,14.97,power,1.2699,34.59,3.09,97.02,1011.0,10.42,1071.4,1277.4,-60.4,1037.1,43.35,33.19,-1.5,-0.43,6.629,RUN,OK,RUN,0.98
2026-01-27T00:40:24.835921Z,55.24,52.03,56.96,14.78,power,1.2655,34.58,3.05,97.04,1019.7,10.51,1070.6,1272.6,-50.9,1036.5,43.35,33.19,-1.5,-0.43,6.633,RUN,OK,RUN,0.98
2026-01-27T00:40:25.035921Z,55.25,52.06,56.96,14.59,power,1.261,34.58,3.01,97.06,1028.4,10.6,1069.8,1267.7,-41.5,1035.9,43.34,33.18,-1.5,-0.43,6.636,RUN,OK,RUN,0.98
2026-01-27T00:40:25.235921Z,55.27,52.09,56.95,14.41,power,1.2563,34.57,2.97,97.08,1037.1,10.68,1069.1,1262.8,-32.0,1035.3,43.34,33.18,-1.49,-0.43,6.639,RUN,OK,RUN,0.98
2026-01-27T00:40:25.435921Z,55.29,52.12,56.95,14.22,power,1.2514,34.57,2.94,97.1,1045.8,10.77,1068.3,1257.9,-22.5,1034.6,43.33,33.18,-1.49,-0.44,6.642,RUN,OK,RUN,0.98
2026-01-27T00:40:25.635921Z,55.31,52.16,56.95,14.04,power,1.2463,34.57,2.9,97.12,1054.5,10.86,1067.5,1253.0,-13.0,1034.0,43.33,33.17,-1.49,-0.44,6.645,RUN,OK,RUN,0.98
2026-01-27T00:40:25.835921Z,55.33,52.19,56.95,13.85,power,1.2411,34.56,2.86,97.13,1063.3,10.95,1066.7,1248.0,-3.5,1033.4,43.32,33.17,-1.49,-0.44,6.648,RUN,OK,RUN,0.98
2026-01-27T00:40:26.035921Z,55.35,52.22,56.94,13.67,power,1.2356,34.56,2.83,97.15,1072.0,11.03,1065.9,1243.0,6.1,1032.7,43.32,33.17,-1.49,-0.44,6.652,RUN,OK,RUN,0.98
2026-01-27T00:40:26.235921Z,55.38,52.26,56.94,13.49,power,1.23,34.55,2.79,97.17,1080.8,11.12,1065.1,1238.0,15.7,1032.1,43.31,33.16,-1.49,-0.44,6.655,RUN,OK,RUN,0.98
2026-01-27T00:40:26.435921Z,55.4,52.29,56.94,13.31,power,1.2241,34.55,2.76,97.19,1089.6,11.21,1064.3,1233.0,25.2,1031.5,43.3,33.16,-1.49,-0.44,6.658,RUN,OK,RUN,0.98
2026-01-27T00:40:26.635921Z,55.42,52.33,56.93,13.13,power,1.2181,34.55,2.72,97.21,1098.4,11.3,1063.6,1228.0,34.8,1030.8,43.3,33.16,-1.49,-0.44,6.661,RUN,OK,RUN,0.98
2026-01-27T00:40:26.835921Z,55.45,52.37,56.93,12.96,power,1.2119,34.54,2.69,97.22,1107.2,11.39,1062.8,1222.9,44.5,1030.2,43.29,33.15,-1.49,-0.44,6.664,RUN,OK,RUN,0.98
2026-01-27T00:40:27.035921Z,55.47,52.41,56.93,12.78,power,1.2055,34.54,2.66,97.24,1116.1,11.48,1062.0,1217.9,54.1,1029.6,43.29,33.15,-1.49,-0.44,6.667,RUN,OK,RUN,0.98
2026-01-27T00:40:27.235921Z,55.5,52.44,56.93,12.61,power,1.199,34.54,2.63,97.26,1124.9,11.57,1061.2,1212.8,63.7,1029.0,43.28,33.14,-1.49,-0.44,6.671,RUN,OK,RUN,0.98
2026-01-27T00:40:27.435921Z,55.52,52.48,56.92,12.43,power,1.1922,34.53,2.6,97.28,1133.8,11.66,1060.4,1207.7,73.4,1028.3,43.28,33.14,-1.49,-0.44,6.674,RUN,OK,RUN,0.98
2026-01-27T00:40:27.635921Z,55.55,52.52,56.92,12.26,power,1.1852,34.53,2.57,97.29,1142.6,11.74,1059.6,1202.5,83.0,1027.7,43.27,33.14,-1.49,-0.44,6.677,RUN,OK,RUN,0.98
2026-01-27T00:40:27.835921Z,55.57,52.56,56.92,12.09,power,1.1781,34.52,2.54,97.31,1151.5,11.83,1058.8,1197.4,92.7,1027.1,43.27,33.13,-1.49,-0.44,6.68,RUN,OK,RUN,0.98
2026-01-27T00:40:28.035921Z,55.6,52.6,56.92,11.92,power,1.1707,34.52,2.51,97.33,1160.4,11.92,1058.0,1192.2,102.3,1026.4,43.26,33.13,-1.49,-0.44,6.683,RUN,OK,RUN,0.98
2026-01-27T00:40:28.235921Z,55.63,52.65,56.92,11.75,power,1.1632,34.52,2.48,97.35,1169.3,12.01,1057.2,1187.1,112.0,1025.8,43.26,33.13,-1.49,-0.44,6.686,RUN,OK,RUN,0.98
2026-01-27T00:40:28.435921Z,55.66,52.69,56.91,11.59,power,1.1555,34.51,2.45,97.37,1178.1,12.1,1056.5,1181.9,121.7,1025.2,43.25,33.12,-1.49,-0.44,6.69,RUN,OK,RUN,0.98
2026-01-27T00:40:28.635921Z,55.69,52.73,56.91,11.42,power,1.1476,34.51,2.43,97.38,1187.0,12.19,1055.7,1176.7,131.4,1024.5,43.24,33.12,-1.49,-0.44,6.693,RUN,OK,RUN,0.98
2026-01-27T00:40:28.835921Z,55.72,52.77,56.91,11.26,power,1.1395,34.5,2.4,97.4,1195.9,12.28,1054.9,1171.4,141.0,1023.9,43.24,33.12,-1.49,-0.45,6.696,RUN,OK,RUN,0.98
2026-01-27T00:40:29.035921Z,55.75,52.82,56.91,11.1,power,1.1312,34.5,2.38,97.42,1204.8,12.37,1054.1,1166.2,150.7,1023.3,43.23,33.11,-1.49,-0.45,6.699,RUN,OK,RUN,0.98
2026-01-27T00:40:29.235921Z,55.78,52.86,56.91,10.94,power,1.1227,34.5,2.35,97.44,1213.7,12.46,1053.3,1161.0,160.4,1022.6,43.23,33.11,-1.49,-0.45,6.702,RUN,OK,RUN,0.98
2026-01-27T00:40:29.435921Z,55.81,52.91,56.91,10.78,power,1.1141,34.49,2.33,97.45,1222.6,12.55,1052.5,1155.7,170.1,1022.0,43.22,33.1,-1.48,-0.45,6.705,RUN,OK,RUN,0.98
2026-01-27T00:40:29.635921Z,55.85,52.96,56.91,10.62,power,1.1052,34.49,2.31,97.47,1231.5,12.63,1051.7,1150.4,179.8,1021.4,43.22,33.1,-1.48,-0.45,6.708,RUN,OK,RUN,0.98
2026-01-27T00:40:29.835921Z,55.88,53.0,56.9,10.47,power,1.0962,34.49,2.29,97.49,1240.3,12.72,1050.9,1145.1,189.4,1020.7,43.21,33.1,-1.48,-0.45,6.712,RUN,OK,RUN,0.98
2026-01-27T00:40:30.035921Z,55.92,53.05,56.9,10.31,power,1.0869,34.48,2.27,97.51,1249.2,12.81,1050.1,1139.8,199.1,1020.1,43.21,33.09,-1.48,-0.45,6.715,RUN,OK,RUN,0.98
2026-01-27T00:40:30.235921Z,55.95,53.1,56.9,10.16,power,1.0775,34.48,2.25,97.52,1258.1,12.9,1049.3,1134.5,208.8,1019.5,43.2,33.09,-1.48,-0.45,6.718,RUN,OK,RUN,0.98
2026-01-27T00:40:30.435921Z,55.99,53.15,56.9,10.01,power,1.0679,34.47,2.23,97.54,1266.9,12.99,1048.5,1129.2,218.4,1018.8,43.2,33.09,-1.48,-0.45,6.721,RUN,OK,RUN,0.98
2026-01-27T00:40:30.635921Z,56.02,53.2,56.9,9.86,power,1.0581,34.47,2.21,97.56,1275.8,13.08,1047.7,1123.9,228.1,1018.2,43.19,33.08,-1.48,-0.45,6.724,RUN,OK,RUN,0.98
2026-01-27T00:40:30.835921Z,56.06,53.25,56.9,9.72,power,1.0481,34.47,2.19,97.57,1284.6,13.17,1046.9,1118.5,237.7,1017.5,43.19,33.08,-1.48,-0.45,6.727,RUN,OK,RUN,0.98
2026-01-27T00:40:31.035921Z,56.09,53.3,56.91,9.57,power,1.038,34.46,2.17,97.59,1293.5,13.25,1046.1,1113.2,247.3,1016.9,43.18,33.08,-1.48,-0.45,6.731,RUN,OK,RUN,0.98
2026-01-27T00:40:31.235921Z,56.13,53.35,56.91,9.43,power,1.0276,34.46,2.16,97.61,1302.3,13.34,1045.3,1107.8,257.0,1016.3,43.17,33.07,-1.48,-0.45,6.734,RUN,OK,RUN,0.98
2026-01-27T00:40:31.435921Z,56.17,53.4,56.91,9.29,power,1.017,34.45,2.14,97.63,1311.1,13.43,1044.5,1102.5,266.6,1015.6,43.17,33.07,-1.48,-0.45,6.737,RUN,OK,RUN,0.98
2026-01-27T00:40:31.635921Z,56.21,53.46,56.91,9.15,power,1.0063,34.45,2.13,97.64,1319.9,13.52,1043.7,1097.1,276.2,1015.0,43.16,33.06,-1.48,-0.45,6.74,RUN,OK,RUN,0.98
2026-01-27T00:40:31.835921Z,56.25,53.51,56.91,9.01,power,0.9954,34.45,2.11,97.66,1328.7,13.61,1042.9,1091.7,285.7,1014.4,43.16,33.06,-1.48,-0.45,6.743,RUN,OK,RUN,0.98
2026-01-27T00:40:32.035921Z,56.29,53.56,56.91,8.88,power,0.9842,34.44,2.1,97.68,1337.4,13.69,1042.1,1086.3,295.3,1013.7,43.15,33.06,-1.48,-0.45,6.746,RUN,OK,RUN,0.98
2026-01-27T00:40:32.235921Z,56.33,53.62,56.92,8.74,power,0.9729,34.44,2.09,97.69,1346.2,13.78,1041.3,1080.9,304.9,1013.1,43.15,33.05,-1.48,-0.45,6.75,RUN,OK,RUN,0.98
2026-01-27T00:40:32.435921Z,56.37,53.67,56.92,8.61,power,0.9614,34.43,2.08,97.71,1354.9,13.87,1040.5,1075.5,314.4,1012.4,43.14,33.05,-1.47,-0.46,6.753,RUN,OK,RUN,0.98
2026-01-27T00:40:32.635921Z,56.41,53.73,56.92,8.48,power,0.9498,34.43,2.07,97.73,1363.6,13.95,1039.7,1070.1,323.9,1011.8,43.14,33.05,-1.47,-0.46,6.756,RUN,OK,RUN,0.98
2026-01-27T00:40:32.835921Z,56.46,53.79,56.93,8.35,power,0.9379,34.43,2.06,97.74,1372.3,14.04,1038.9,1064.7,333.4,1011.2,43.13,33.04,-1.47,-0.46,6.759,RUN,OK,RUN,0.98
2026-01-27T00:40:33.035921Z,56.5,53.85,56.93,8.23,power,0.9259,34.42,2.05,97.76,1381.0,14.13,1038.1,1059.2,342.9,1010.5,43.13,33.04,-1.47,-0.46,6.762,RUN,OK,RUN,0.98
2026-01-27T00:40:33.235921Z,56.54,53.9,56.94,8.11,power,0.9136,34.42,2.04,97.78,1389.6,14.21,1037.3,1053.8,352.3,1009.9,43.12,33.04,-1.47,-0.46,6.765,RUN,OK,RUN,0.98
2026-01-27T00:40:33.435921Z,56.59,53.96,56.94,7.99,power,0.9012,34.42,2.03,97.79,1398.3,14.3,1036.5,1048.4,361.7,1009.2,43.12,33.03,-1.47,-0.46,6.769,RUN,OK,RUN,0.98
2026-01-27T00:40:33.635921Z,56.63,54.02,56.95,7.87,power,0.8886,34.41,2.02,97.81,1406.9,14.38,1035.7,1042.9,371.1,1008.6,43.11,33.03,-1.47,-0.46,6.772,RUN,OK,RUN,0.98
2026-01-27T00:40:33.835921Z,56.68,54.08,56.95,7.75,power,0.8758,34.41,2.02,97.83,1415.4,14.47,1034.9,1037.5,380.5,1007.9,43.11,33.03,-1.47,-0.46,6.775,RUN,OK,RUN,0.98
2026-01-27T00:40:34.035921Z,56.73,54.14,56.96,7.64,power,0.8629,34.4,2.01,97.84,1424.0,14.55,1034.1,1032.0,389.9,1007.3,43.1,33.02,-1.47,-0.46,6.778,RUN,OK,RUN,0.98
2026-01-27T00:40:34.235921Z,56.77,54.2,56.97,7.52,power,0.8497,34.4,2.01,97.86,1432.5,14.64,1033.3,1026.6,399.2,1006.7,43.1,33.02,-1.47,-0.46,6.781,RUN,OK,RUN,0.98
2026-01-27T00:40:34.435921Z,56.82,54.26,56.98,7.41,power,0.8364,34.4,2.01,97.88,1441.0,14.72,1032.5,1021.1,408.5,1006.0,43.09,33.01,-1.47,-0.46,6.784,RUN,OK,RUN,0.98
2026-01-27T00:40:34.635921Z,56.87,54.33,56.98,7.31,power,0.8229,34.39,2.0,97.89,1449.5,14.81,1031.7,1015.7,417.7,1005.4,43.09,33.01,-1.47,-0.46,6.788,RUN,OK,RUN,0.98
2026-01-27T00:40:34.835921Z,56.92,54.39,56.99,7.2,power,0.8092,34.39,2.0,97.91,1457.9,14.89,1030.9,1010.2,427.0,1004.7,43.08,33.01,-1.46,-0.46,6.791,RUN,OK,RUN,0.98
2026-01-27T00:40:35.035921Z,56.97,54.45,57.0,7.1,power,0.7953,34.39,2.0,97.92,1466.3,14.97,1030.1,1004.8,436.2,1004.1,43.08,33.0,-1.46,-0.46,6.794,RUN,OK,RUN,0.98
2026-01-27T00:40:35.235921Z,57.02,54.52,57.01,7.0,power,0.7812,34.38,2.0,97.94,1474.7,15.06,1029.3,999.3,445.3,1003.4,43.07,33.0,-1.46,-0.46,6.797,RUN,OK,RUN,0.98
2026-01-27T00:40:35.435921Z,57.07,54.58,57.02,6.9,power,0.767,34.38,2.0,97.96,1483.0,15.14,1028.5,993.9,454.5,1002.8,43.07,33.0,-1.46,-0.46,6.8,RUN,OK,RUN,0.98
2026-01-27T00:40:35.635921Z,57.12,54.65,57.03,6.8,power,0.7526,34.37,2.0,97.97,1491.3,15.22,1027.7,988.4,463.6,1002.2,43.06,32.99,-1.46,-0.46,6.803,RUN,OK,RUN,0.98
2026-01-27T00:40:35.835921Z,57.17,54.71,57.04,6.71,power,0.738,34.37,2.0,97.99,1499.5,15.3,1026.9,983.0,472.6,1001.5,43.06,32.99,-1.46,-0.46,6.807,RUN,OK,RUN,0.98
2026-01-27T00:40:36.035921Z,57.22,54.78,57.06,6.62,power,0.7232,34.37,2.01,98.01,1507.8,15.38,1026.1,977.5,481.7,1000.9,43.05,32.99,-1.46,-0.46,6.81,RUN,OK,RUN,0.98
2026-01-27T00:40:36.235921Z,57.27,54.85,57.07,6.53,power,0.7083,34.36,2.01,98.02,1515.9,15.47,1025.3,972.1,490.7,1000.2,43.05,32.98,-1.46,-0.46,6.813,RUN,OK,RUN,0.98
2026-01-27T00:40:36.435921Z,57.33,54.92,57.08,6.44,power,0.6932,34.36,2.01,98.04,1524.1,15.55,1024.5,966.6,499.6,999.6,43.04,32.98,-1.46,-0.46,6.816,RUN,OK,RUN,0.98
2026-01-27T00:40:36.635921Z,57.38,54.98,57.1,6.36,power,0.6779,34.35,2.02,98.05,1532.2,15.63,1023.7,961.2,508.5,998.9,43.04,32.97,-1.46,-0.47,6.819,RUN,OK,RUN,0.98
2026-01-27T00:40:36.835921Z,57.43,55.05,57.11,6.27,power,0.6624,34.35,2.03,98.07,1540.3,15.71,1022.9,955.7,517.4,998.3,43.03,32.97,-1.45,-0.47,6.822,RUN,OK,RUN,0.98
2026-01-27T00:40:37.035921Z,57.49,55.12,57.13,6.2,power,0.6468,34.35,2.03,98.08,1548.3,15.79,1022.1,950.3,526.2,997.6,43.03,32.97,-1.45,-0.47,6.826,RUN,OK,RUN,0.98
2026-01-27T00:40:37.235921Z,57.55,55.19,57.14,6.12,power,0.631,34.34,2.04,98.1,1556.3,15.86,1021.2,944.9,535.0,997.0,43.02,32.96,-1.45,-0.47,6.829,RUN,OK,RUN,0.98
2026-01-27T00:40:37.435921Z,57.6,55.26,57.16,6.04,power,0.615,34.34,2.05,98.12,1564.2,15.94,1020.4,939.4,543.8,996.3,43.02,32.96,-1.45,-0.47,6.832,RUN,OK,RUN,0.98
2026-01-27T00:40:37.635921Z,57.66,55.33,57.18,5.97,power,0.5989,34.34,2.06,98.13,1572.1,16.02,1019.6,934.0,552.5,995.7,43.01,32.96,-1.45,-0.47,6.835,RUN,OK,RUN,0.98
2026-01-27T00:40:37.835921Z,57.71,55.41,57.2,5.9,power,0.5826,34.33,2.07,98.15,1579.9,16.1,1018.8,928.6,561.1,995.1,43.01,32.95,-1.45,-0.47,6.838,RUN,OK,RUN,0.98
2026-01-27T00:40:38.035921Z,57.77,55.48,57.21,5.84,power,0.5661,34.33,2.08,98.16,1587.7,16.17,1018.0,923.2,569.7,994.4,43.0,32.95,-1.45,-0.47,6.841,RUN,OK,RUN,0.98
2026-01-27T00:40:38.235921Z,57.83,55.55,57.23,5.77,power,0.5494,34.32,2.09,98.18,1595.5,16.25,1017.2,917.8,578.3,993.8,43.0,32.95,-1.45,-0.47,6.845,RUN,OK,RUN,0.98
2026-01-27T00:40:38.435921Z,57.89,55.63,57.26,5.71,power,0.5326,34.32,2.1,98.19,1603.2,16.33,1016.4,912.4,586.8,993.1,42.99,32.94,-1.45,-0.47,6.848,RUN,OK,RUN,0.98
2026-01-27T00:40:38.635921Z,57.95,55.7,57.28,5.65,power,0.5156,34.32,2.12,98.21,1610.9,16.4,1015.6,907.0,595.3,992.5,42.99,32.94,-1.44,-0.47,6.851,RUN,OK,RUN,0.98
2026-01-27T00:40:38.835921Z,58.01,55.77,57.3,5.59,power,0.4985,34.31,2.13,98.22,1618.5,16.48,1014.8,901.6,603.7,991.8,42.98,32.93,-1.44,-0.47,6.854,RUN,OK,RUN,0.98
2026-01-27T00:40:39.035921Z,58.07,55.85,57.32,5.54,power,0.4812,34.31,2.15,98.24,1626.0,16.55,1014.0,896.2,612.0,991.2,42.98,32.93,-1.44,-0.47,6.857,RUN,OK,RUN,0.98
2026-01-27T00:40:39.235921Z,58.13,55.93,57.35,5.49,power,0.4637,34.31,2.16,98.25,1633.5,16.63,1013.1,890.8,620.4,990.5,42.97,32.93,-1.44,-0.47,6.861,RUN,OK,RUN,0.98
2026-01-27T00:40:39.435921Z,58.19,56.0,57.37,5.44,power,0.4461,34.3,2.18,98.27,1640.9,16.7,1012.3,885.5,628.6,989.9,42.97,32.92,-1.44,-0.47,6.864,RUN,OK,RUN,0.98
2026-01-27T00:40:39.635921Z,58.25,56.08,57.4,5.39,power,0.4283,34.3,2.19,98.28,1648.3,16.77,1011.5,880.1,636.8,989.2,42.96,32.92,-1.44,-0.47,6.867,RUN,OK,RUN,0.98
2026-01-27T00:40:39.835921Z,58.32,56.16,57.42,5.35,power,0.4103,34.29,2.21,98.3,1655.7,16.84,1010.7,874.8,645.0,988.6,42.96,32.92,-1.44,-0.47,6.87,RUN,OK,RUN,0.98
2026-01-27T00:40:40.035921Z,58.38,56.23,57.45,5.3,power,0.3922,34.29,2.23,98.31,1662.9,16.91,1009.9,869.5,653.1,987.9,42.95,32.91,-1.44,-0.47,6.873,RUN,OK,RUN,0.98
2026-01-27T00:40:40.235921Z,58.44,56.31,57.48,5.27,power,0.3739,34.29,2.25,98.33,1670.2,16.99,1009.1,864.1,661.1,987.3,42.95,32.91,-1.43,-0.47,6.877,RUN,OK,RUN,0.98
2026-01-27T00:40:40.435921Z,58.51,56.39,57.51,5.23,power,0.3555,34.28,2.27,98.34,1677.3,17.06,1008.3,858.8,669.1,986.6,42.94,32.91,-1.43,-0.47,6.88,RUN,OK,RUN,0.98
2026-01-27T00:40:40.635921Z,58.57,56.47,57.54,5.2,power,0.3369,34.28,2.29,98.36,1684.4,17.13,1007.5,853.5,677.0,986.0,42.94,32.9,-1.43,-0.47,6.883,RUN,OK,RUN,0.98
2026-01-27T00:40:40.835921Z,58.64,56.55,57.57,5.17,power,0.3182,34.28,2.31,98.37,1691.5,17.19,1006.6,848.3,684.8,985.3,42.93,32.9,-1.43,-0.47,6.886,RUN,OK,RUN,0.98
2026-01-27T00:40:41.035921Z,58.7,56.63,57.6,5.14,power,0.2993,34.27,2.34,98.39,1698.5,17.26,1005.8,843.0,692.6,984.7,42.93,32.89,-1.43,-0.47,6.889,RUN,OK,RUN,0.98
2026-01-27T00:40:41.235921Z,58.77,56.71,57.63,5.11,power,0.2803,34.27,2.36,98.4,1705.4,17.33,1005.0,837.7,700.4,984.0,42.92,32.89,-1.43,-0.48,6.893,RUN,OK,RUN,0.98
2026-01-27T00:40:41.435921Z,58.83,56.8,57.67,5.09,power,0.2611,34.26,2.38,98.42,1712.2,17.4,1004.2,832.5,708.0,983.4,42.92,32.89,-1.43,-0.48,6.896,RUN,OK,RUN,0.98
2026-01-27T00:40:41.635921Z,58.9,56.88,57.7,5.07,power,0.2418,34.26,2.41,98.43,1719.0,17.46,1003.4,827.3,715.7,982.7,42.91,32.88,-1.43,-0.48,6.899,RUN,OK,RUN,0.98
2026-01-27T00:40:41.835921Z,58.97,56.96,57.74,5.05,power,0.2223,34.26,2.43,98.45,1725.8,17.53,1002.6,822.0,723.2,982.1,42.91,32.88,-1.42,-0.48,6.902,RUN,OK,RUN,0.98
2026-01-27T00:40:42.035921Z,59.04,57.04,57.77,5.04,power,0.2027,34.25,2.46,98.46,1732.4,17.59,1001.7,816.8,730.7,981.4,42.9,32.88,-1.42,-0.48,6.905,RUN,OK,RUN,0.98
2026-01-27T00:40:42.235921Z,59.1,57.13,57.81,5.02,power,0.1829,34.25,2.49,98.48,1739.0,17.66,1000.9,811.7,738.1,980.7,42.9,32.87,-1.42,-0.48,6.909,RUN,OK,RUN,0.98
2026-01-27T00:40:42.435921Z,59.17,57.21,57.85,5.01,power,0.163,34.25,2.52,98.49,1745.6,17.72,1000.1,806.5,745.5,980.1,42.89,32.87,-1.42,-0.48,6.912,RUN,OK,RUN,0.98
2026-01-27T00:40:42.635921Z,59.24,57.3,57.89,5.01,power,0.1429,34.24,2.54,98.51,1752.0,17.79,999.3,801.3,752.7,979.4,42.89,32.87,-1.42,-0.48,6.915,RUN,OK,RUN,0.98
2026-01-27T00:40:42.835921Z,59.31,57.38,57.93,5.0,power,0.1228,34.24,2.57,98.52,1758.4,17.85,998.5,796.2,760.0,978.8,42.88,32.86,-1.42,-0.48,6.918,RUN,OK,RUN,0.98
2026-01-27T00:40:43.035921Z,59.38,57.47,57.97,5.0,power,0.1024,34.24,2.6,98.53,1764.8,17.91,997.7,791.1,767.1,978.1,42.88,32.86,-1.42,-0.48,6.921,RUN,OK,RUN,0.98
2026-01-27T00:40:43.235921Z,59.45,57.55,58.02,5.0,power,0.082,34.23,2.64,98.55,1771.0,17.97,996.8,786.0,774.2,977.5,42.87,32.85,-1.41,-0.48,6.925,RUN,OK,RUN,0.98
2026-01-27T00:40:43.435921Z,59.53,57.64,58.06,5.0,power,0.0614,34.23,2.67,98.56,1777.2,18.03,996.0,780.9,781.2,976.8,42.87,32.85,-1.41,-0.48,6.928,RUN,OK,RUN,0.98
2026-01-27T00:40:43.635921Z,59.6,57.73,58.1,5.01,power,0.05,34.22,2.7,98.58,1783.3,18.09,995.2,775.8,788.1,976.2,42.87,32.85,-1.41,-0.48,6.931,RUN,OK,RUN,0.98
2026-01-27T00:40:43.835921Z,59.67,57.82,58.15,5.02,power,0.05,34.22,2.73,98.59,1789.4,18.15,994.4,770.8,795.0,975.5,42.86,32.84,-1.41,-0.48,6.934,RUN,OK,RUN,0.98
2026-01-27T00:40:44.035921Z,59.74,57.9,58.2,5.03,power,0.05,34.22,2.77,98.6,1795.4,18.21,993.6,765.7,801.8,974.9,42.86,32.84,-1.41,-0.48,6.938,RUN,OK,RUN,0.98
2026-01-27T00:40:44.235921Z,59.82,57.99,58.25,5.05,power,0.05,34.21,2.8,98.62,1801.3,18.27,992.8,760.7,808.5,974.2,42.85,32.84,-1.41,-0.48,6.941,RUN,OK,RUN,0.98
2026-01-27T00:40:44.435921Z,59.89,58.08,58.29,5.06,power,0.05,34.21,2.84,98.63,1807.1,18.32,991.9,755.7,815.1,973.5,42.85,32.83,-1.41,-0.48,6.944,RUN,OK,RUN,0.98
2026-01-27T00:40:44.635921Z,59.96,58.17,58.35,5.08,power,0.05,34.21,2.87,98.64,1812.8,18.38,991.1,750.8,821.7,972.9,42.84,32.83,-1.4,-0.48,6.947,RUN,OK,RUN,0.98
2026-01-27T00:40:44.835921Z,60.04,58.26,58.4,5.1,power,0.05,34.2,2.91,98.66,1818.5,18.43,990.3,745.8,828.2,972.2,42.84,32.83,-1.4,-0.48,6.951,RUN,OK,RUN,0.98
2026-01-27T00:40:45.035921Z,60.11,58.35,58.45,5.13,power,0.05,34.2,2.95,98.67,1824.1,18.49,989.5,740.9,834.6,971.6,42.83,32.82,-1.4,-0.48,6.954,RUN,OK,RUN,0.98
2026-01-27T00:40:45.235921Z,60.19,58.44,58.5,5.16,power,0.05,34.19,2.98,98.69,1829.6,18.54,988.7,736.0,841.0,970.9,42.83,32.82,-1.4,-0.48,6.957,RUN,OK,RUN,0.98
2026-01-27T00:40:45.435921Z,60.26,58.53,58.56,5.19,power,0.05,34.19,3.02,98.7,1835.1,18.59,987.8,731.1,847.2,970.3,42.82,32.81,-1.4,-0.48,6.96,RUN,OK,RUN,0.98
2026-01-27T00:40:45.635921Z,60.34,58.63,58.61,5.22,power,0.05,34.19,3.06,98.71,1840.4,18.64,987.0,726.2,853.4,969.6,42.82,32.81,-1.4,-0.48,6.964,RUN,OK,RUN,0.98
2026-01-27T00:40:45.835921Z,60.42,58.72,58.67,5.26,power,0.05,34.18,3.1,98.73,1845.7,18.7,986.2,721.4,859.5,969.0,42.81,32.81,-1.4,-0.48,6.967,RUN,OK,RUN,0.98
2026-01-27T00:40:46.035921Z,60.49,58.81,58.73,5.29,power,0.05,34.18,3.14,98.74,1850.9,18.75,985.4,716.5,865.6,968.3,42.81,32.8,-1.39,-0.48,6.97,RUN,OK,RUN,0.98
2026-01-27T00:40:46.235921Z,60.57,58.9,58.79,5.33,power,0.05,34.18,3.18,98.75,1856.1,18.8,984.6,711.8,871.5,967.6,42.81,32.8,-1.39,-0.48,6.973,RUN,OK,RUN,0.98
2026-01-27T00:40:46.435921Z,60.65,59.0,58.85,5.38,power,0.05,34.17,3.23,98.77,1861.1,18.84,983.7,707.0,877.4,967.0,42.8,32.8,-1.39,-0.48,6.977,RUN,OK,RUN,0.98
2026-01-27T00:40:46.635921Z,60.73,59.09,58.91,5.42,power,0.05,34.17,3.27,98.78,1866.1,18.89,982.9,702.2,883.2,966.3,42.8,32.79,-1.39,-0.48,6.98,RUN,OK,RUN,0.98
2026-01-27T00:40:46.835921Z,60.81,59.19,58.97,5.47,power,0.05,34.17,3.31,98.79,1871.0,18.94,982.1,697.5,888.9,965.7,42.79,32.79,-1.39,-0.48,6.983,RUN,OK,RUN,0.98
2026-01-27T00:40:47.035921Z,60.89,59.28,59.03,5.52,power,0.05,34.16,3.36,98.8,1875.8,18.98,981.3,692.8,894.5,965.0,42.79,32.79,-1.39,-0.49,6.986,RUN,OK,RUN,0.98
2026-01-27T00:40:47.235921Z,60.97,59.38,59.1,5.58,power,0.05,34.16,3.4,98.82,1880.5,19.03,980.4,688.1,900.0,964.4,42.78,32.78,-1.38,-0.49,6.99,RUN,OK,RUN,0.98
2026-01-27T00:40:47.435921Z,61.05,59.47,59.17,5.63,power,0.05,34.15,3.45,98.83,1885.1,19.07,979.6,683.5,905.5,963.7,42.78,32.78,-1.38,-0.49,6.993,RUN,OK,RUN,0.98
2026-01-27T00:40:47.635921Z,61.13,59.57,59.23,5.69,power,0.05,34.15,3.49,98.84,1889.7,19.12,978.8,678.9,910.9,963.0,42.77,32.77,-1.38,-0.49,6.996,RUN,OK,RUN,0.98
2026-01-27T00:40:47.835921Z,61.21,59.67,59.3,5.75,power,0.05,34.15,3.54,98.86,1894.1,19.16,978.0,674.3,916.1,962.4,42.77,32.77,-1.38,-0.49,7.0,RUN,OK,RUN,0.98
2026-01-27T00:40:48.035921Z,61.29,59.76,59.37,5.82,power,0.05,34.14,3.59,98.87,1898.5,19.2,977.2,669.7,921.3,961.7,42.76,32.77,-1.38,-0.49,7.003,RUN,OK,RUN,0.98
2026-01-27T00:40:48.235921Z,61.37,59.86,59.44,5.88,power,0.05,34.14,3.64,98.88,1902.8,19.24,976.3,665.2,926.5,961.1,42.76,32.76,-1.38,-0.49,7.006,RUN,OK,RUN,0.98
2026-01-27T00:40:48.435921Z,61.45,59.96,59.51,5.95,power,0.05,34.14,3.69,98.89,1907.0,19.28,975.5,660.7,931.5,960.4,42.76,32.76,-1.37,-0.49,7.009,RUN,OK,RUN,0.98
2026-01-27T00:40:48.635921Z,61.53,60.06,59.59,6.02,power,0.05,34.13,3.74,98.91,1911.1,19.32,974.7,656.2,936.4,959.7,42.75,32.76,-1.37,-0.49,7.013,RUN,OK,RUN,0.98
2026-01-27T00:40:48.835921Z,61.62,60.16,59.66,6.1,power,0.05,34.13,3.79,98.92,1915.1,19.36,973.9,651.7,941.3,959.1,42.75,32.75,-1.37,-0.49,7.016,RUN,OK,RUN,0.98
2026-01-27T00:40:49.035921Z,61.7,60.25,59.74,6.17,power,0.05,34.13,3.84,98.93,1919.1,19.4,973.0,647.3,946.0,958.4,42.74,32.75,-1.37,-0.49,7.019,RUN,OK,RUN,0.98
2026-01-27T00:40:49.235921Z,61.78,60.35,59.81,6.25,power,0.05,34.12,3.89,98.94,1922.9,19.43,972.2,642.9,950.7,957.8,42.74,32.75,-1.37,-0.49,7.023,RUN,OK,RUN,0.98
2026-01-27T00:40:49.435921Z,61.87,60.45,59.89,6.33,power,0.05,34.12,3.94,98.96,1926.7,19.47,971.4,638.5,955.3,957.1,42.73,32.74,-1.36,-0.49,7.026,RUN,OK,RUN,0.98
2026-01-27T00:40:49.635921Z,61.95,60.55,59.97,6.42,power,0.05,34.11,3.99,98.97,1930.4,19.5,970.6,634.2,959.8,956.4,42.73,32.74,-1.36,-0.49,7.029,RUN,OK,RUN,0.98
2026-01-27T00:40:49.835921Z,62.04,60.65,60.05,6.5,power,0.05,34.11,4.05,98.98,1933.9,19.54,969.7,629.9,964.2,955.8,42.73,32.73,-1.36,-0.49,7.033,RUN,OK,RUN,0.98
2026-01-27T00:40:50.035921Z,62.12,60.76,60.13,6.59,power,0.05,34.11,4.1,98.99,1937.4,19.57,968.9,625.6,968.5,955.1,42.72,32.73,-1.36,-0.49,7.036,RUN,OK,RUN,0.98
2026-01-27T00:40:50.235921Z,62.21,60.86,60.21,6.68,power,0.05,34.1,4.15,99.0,1940.8,19.6,968.1,621.4,972.7,954.5,42.72,32.73,-1.36,-0.49,7.039,RUN,OK,RUN,0.98
2026-01-27T00:40:50.435921Z,62.29,60.96,60.29,6.77,power,0.05,34.1,4.21,99.02,1944.1,19.63,967.3,617.1,976.9,953.8,42.71,32.72,-1.36,-0.49,7.043,RUN,OK,RUN,0.98
2026-01-27T00:40:50.635921Z,62.38,61.06,60.38,6.87,power,0.05,34.1,4.26,99.03,1947.4,19.66,966.4,613.0,980.9,953.1,42.71,32.72,-1.35,-0.49,7.046,RUN,OK,RUN,0.98
2026-01-27T00:40:50.835921Z,62.46,61.16,60.46,6.97,power,0.05,34.09,4.32,99.04,1950.5,19.69,965.6,608.8,984.9,952.5,42.7,32.72,-1.35,-0.49,7.049,RUN,OK,RUN,0.98
2026-01-27T00:40:51.035921Z,62.55,61.27,60.55,7.07,power,0.05,34.09,4.38,99.05,1953.5,19.72,964.8,604.7,988.7,951.8,42.7,32.71,-1.35,-0.49,7.053,RUN,OK,RUN,0.98
2026-01-27T00:40:51.235921Z,62.64,61.37,60.64,7.17,power,0.05,34.09,4.43,99.06,1956.5,19.75,964.0,600.6,992.5,951.2,42.7,32.71,-1.35,-0.49,7.056,RUN,OK,RUN,0.98
2026-01-27T00:40:51.435921Z,62.72,61.47,60.73,7.28,power,0.05,34.08,4.49,99.08,1959.3,19.78,963.1,596.5,996.2,950.5,42.69,32.71,-1.35,-0.49,7.06,RUN,OK,RUN,0.98
2026-01-27T00:40:51.635921Z,62.81,61.58,60.82,7.38,power,0.05,34.08,4.55,99.09,1962.1,19.8,962.3,592.5,999.8,949.8,42.69,32.7,-1.34,-0.49,7.063,RUN,OK,RUN,0.98
2026-01-27T00:40:51.835921Z,62.9,61.68,60.91,7.49,power,0.05,34.08,4.61,99.1,1964.7,19.83,961.5,588.5,1003.2,949.2,42.68,32.7,-1.34,-0.49,7.066,RUN,OK,RUN,0.98
2026-01-27T00:40:52.035921Z,62.99,61.78,61.0,7.6,power,0.05,34.07,4.67,99.11,1967.3,19.85,960.6,584.6,1006.6,948.5,42.68,32.7,-1.34,-0.49,7.07,RUN,OK,RUN,0.98
2026-01-27T00:40:52.235921Z,63.08,61.89,61.09,7.72,power,0.05,34.07,4.73,99.12,1969.7,19.87,959.8,580.7,1009.9,947.9,42.67,32.69,-1.34,-0.49,7.073,RUN,OK,RUN,0.98
2026-01-27T00:40:52.435921Z,63.17,61.99,61.19,7.83,power,0.05,34.07,4.79,99.13,1972.1,19.89,959.0,576.8,1013.1,947.2,42.67,32.69,-1.34,-0.49,7.077,RUN,OK,RUN,0.98
2026-01-27T00:40:52.635921Z,63.26,62.1,61.28,7.95,power,0.05,34.06,4.85,99.14,1974.4,19.91,958.2,572.9,1016.2,946.5,42.67,32.68,-1.34,-0.49,7.08,RUN,OK,RUN,0.98
2026-01-27T00:40:52.835921Z,63.34,62.21,61.38,8.07,power,0.05,34.06,4.91,99.15,1976.6,19.93,957.3,569.1,1019.2,945.9,42.66,32.68,-1.33,-0.49,7.083,RUN,OK,RUN,0.98
2026-01-27T00:40:53.035921Z,63.43,62.31,61.48,8.19,power,0.05,34.05,4.97,99.17,1978.7,19.95,956.5,565.3,1022.2,945.2,42.66,32.68,-1.33,-0.49,7.087,RUN,OK,RUN,0.98
2026-01-27T00:40:53.235921Z,63.52,62.42,61.58,8.32,power,0.05,34.05,5.03,99.18,1980.7,19.97,955.7,561.6,1025.0,944.5,42.65,32.67,-1.33,-0.49,7.09,RUN,OK,RUN,0.98
2026-01-27T00:40:53.435921Z,63.61,62.52,61.68,8.44,power,0.05,34.05,5.1,99.19,1982.6,19.99,954.9,557.9,1027.7,943.9,42.65,32.67,-1.33,-0.49,7.094,RUN,OK,RUN,0.98
2026-01-27T00:40:53.635921Z,63.71,62.63,61.78,8.57,power,0.05,34.04,5.16,99.2,1984.3,20.0,954.0,554.2,1030.3,943.2,42.64,32.67,-1.33,-0.49,7.097,RUN,OK,RUN,0.98
2026-01-27T00:40:53.835921Z,63.8,62.74,61.88,8.7,power,0.05,34.04,5.23,99.21,1986.1,20.02,953.2,550.6,1032.9,942.6,42.64,32.66,-1.32,-0.49,7.1,RUN,OK,RUN,0.98
2026-01-27T00:40:54.035921Z,63.89,62.85,61.98,8.84,power,0.05,34.04,5.29,99.22,1987.7,20.03,952.4,547.0,1035.3,941.9,42.64,32.66,-1.32,-0.49,7.104,RUN,OK,RUN,0.98
2026-01-27T00:40:54.235921Z,63.98,62.95,62.09,8.97,power,0.05,34.03,5.35,99.23,1989.2,20.05,951.5,543.4,1037.6,941.2,42.63,32.66,-1.32,-0.49,7.107,RUN,OK,RUN,0.98
2026-01-27T00:40:54.435921Z,64.07,63.06,62.19,9.11,power,0.05,34.03,5.42,99.24,1990.6,20.06,950.7,539.9,1039.9,940.6,42.63,32.65,-1.32,-0.49,7.111,RUN,OK,RUN,0.98
2026-01-27T00:40:54.635921Z,64.16,63.17,62.3,9.25,power,0.05,34.03,5.49,99.25,1991.9,20.07,949.9,536.4,1042.0,939.9,42.62,32.65,-1.32,-0.49,7.114,RUN,OK,RUN,0.98
2026-01-27T00:40:54.835921Z,64.26,63.28,62.41,9.39,power,0.05,34.02,5.55,99.26,1993.1,20.08,949.1,533.0,1044.0,939.2,42.62,32.65,-1.31,-0.49,7.118,RUN,OK,RUN,0.98
2026-01-27T00:40:55.035921Z,64.35,63.39,62.51,9.53,power,0.05,34.02,5.62,99.27,1994.2,20.09,948.2,529.6,1046.0,938.6,42.62,32.64,-1.31,-0.49,7.121,RUN,OK,RUN,0.98
2026-01-27T00:40:55.235921Z,64.44,63.5,62.62,9.67,power,0.05,34.02,5.69,99.28,1995.2,20.1,947.4,526.2,1047.8,937.9,42.61,32.64,-1.31,-0.49,7.125,RUN,OK,RUN,0.98
2026-01-27T00:40:55.435921Z,64.53,63.61,62.73,9.82,power,0.05,34.01,5.75,99.29,1996.2,20.1,946.6,522.9,1049.6,937.2,42.61,32.63,-1.31,-0.5,7.128,RUN,OK,RUN,0.98
2026-01-27T00:40:55.635921Z,64.63,63.72,62.84,9.97,power,0.05,34.01,5.82,99.3,1997.0,20.11,945.7,519.6,1051.2,936.6,42.6,32.63,-1.3,-0.5,7.132,RUN,OK,RUN,0.98
2026-01-27T00:40:55.835921Z,64.72,63.83,62.96,10.12,power,0.05,34.01,5.89,99.31,1997.7,20.11,944.9,516.4,1052.8,935.9,42.6,32.63,-1.3,-0.5,7.135,RUN,OK,RUN,0.98
2026-01-27T00:40:56.035921Z,64.81,63.94,63.07,10.27,power,0.05,34.0,5.96,99.32,1998.3,20.12,944.1,513.1,1054.2,935.3,42.6,32.62,-1.3,-0.5,7.139,RUN,OK,RUN,0.98
2026-01-27T00:40:56.235921Z,64.91,64.05,63.18,10.42,power,0.05,34.0,6.03,99.33,1998.8,20.12,943.2,510.0,1055.6,934.6,42.59,32.62,-1.3,-0.5,7.142,RUN,OK,RUN,0.98
2026-01-27T00:40:56.435921Z,65.0,64.16,63.3,10.58,power,0.05,34.0,6.1,99.34,1999.3,20.12,942.4,506.9,1056.9,933.9,42.59,32.62,-1.3,-0.5,7.146,RUN,OK,RUN,0.98
2026-01-27T00:40:56.635921Z,65.1,64.27,63.41,10.73,power,0.05,33.99,6.17,99.35,1999.6,20.13,941.6,503.8,1058.0,933.3,42.58,32.61,-1.29,-0.5,7.149,RUN,OK,RUN,0.98
2026-01-27T00:40:56.835921Z,65.19,64.38,63.53,10.89,power,0.05,33.99,6.24,99.36,1999.8,20.13,940.8,500.7,1059.1,932.6,42.58,32.61,-1.29,-0.5,7.153,RUN,OK,RUN,0.98
2026-01-27T00:40:57.035921Z,65.29,64.49,63.65,11.05,power,0.05,33.98,6.31,99.37,2000.0,20.13,939.9,497.7,1060.0,931.9,42.58,32.61,-1.29,-0.5,7.156,RUN,OK,RUN,0.98
2026-01-27T00:40:57.235921Z,65.38,64.6,63.77,11.21,power,0.05,33.98,6.38,99.38,2000.0,20.12,939.1,494.8,1060.9,931.3,42.57,32.6,-1.29,-0.5,7.16,RUN,OK,RUN,0.98
2026-01-27T00:40:57.435921Z,65.48,64.71,63.89,11.37,power,0.05,33.98,6.45,99.39,1999.9,20.12,938.3,491.8,1061.7,930.6,42.57,32.6,-1.29,-0.5,7.163,RUN,OK,RUN,0.98
2026-01-27T00:40:57.635921Z,65.57,64.82,64.01,11.54,power,0.05,33.97,6.52,99.4,1999.8,20.12,937.4,489.0,1062.3,929.9,42.56,32.6,-1.28,-0.5,7.167,RUN,OK,RUN,0.98
2026-01-27T00:40:57.835921Z,65.67,64.94,64.13,11.7,power,0.05,33.97,6.6,99.41,1999.5,20.11,936.6,486.1,1062.9,929.3,42.56,32.59,-1.28,-0.5,7.171,RUN,OK,RUN,0.98
2026-01-27T00:40:58.035921Z,65.76,65.05,64.25,11.87,power,0.05,33.97,6.67,99.42,1999.1,20.11,935.8,483.3,1063.4,928.6,42.56,32.59,-1.28,-0.5,7.174,RUN,OK,RUN,0.98
2026-01-27T00:40:58.235921Z,65.86,65.16,64.37,12.04,power,0.05,33.96,6.74,99.43,1998.7,20.1,934.9,480.6,1063.7,927.9,42.55,32.58,-1.28,-0.5,7.178,RUN,OK,RUN,0.98
2026-01-27T00:40:58.435921Z,65.96,65.27,64.49,12.21,power,0.05,33.96,6.81,99.44,1998.1,20.09,934.1,477.9,1064.0,927.3,42.55,32.58,-1.27,-0.5,7.181,RUN,OK,RUN,0.98
2026-01-27T00:40:58.635921Z,66.05,65.39,64.62,12.38,power,0.05,33.96,6.89,99.45,1997.5,20.09,933.3,475.2,1064.2,926.6,42.55,32.58,-1.27,-0.5,7.185,RUN,OK,RUN,0.98
2026-01-27T00:40:58.835921Z,66.15,65.5,64.74,12.55,power,0.05,33.95,6.96,99.46,1996.7,20.08,932.4,472.6,1064.3,926.0,42.54,32.57,-1.27,-0.5,7.188,RUN,OK,RUN,0.98
2026-01-27T00:40:59.035921Z,66.24,65.61,64.87,12.73,power,0.05,33.95,7.04,99.47,1995.9,20.07,931.6,470.0,1064.2,925.3,42.54,32.57,-1.27,-0.5,7.192,RUN,OK,RUN,0.98
2026-01-27T00:40:59.235921Z,66.34,65.73,64.99,12.9,power,0.05,33.95,7.11,99.48,1994.9,20.05,930.8,467.5,1064.1,924.6,42.53,32.57,-1.26,-0.5,7.196,RUN,OK,RUN,0.98
2026-01-27T00:40:59.435921Z,66.44,65.84,65.12,13.08,power,0.05,33.94,7.19,99.48,1993.8,20.04,929.9,465.0,1063.9,924.0,42.53,32.56,-1.26,-0.5,7.199,RUN,OK,RUN,0.98
2026-01-27T00:40:59.635921Z,66.54,65.95,65.25,13.26,power,0.05,33.94,7.26,99.49,1992.7,20.03,929.1,462.5,1063.6,923.3,42.53,32.56,-1.26,-0.5,7.203,RUN,OK,RUN,0.98
2026-01-27T00:40:59.835921Z,66.63,66.07,65.38,13.44,power,0.05,33.94,7.34,99.5,1991.5,20.01,928.3,460.1,1063.2,922.6,42.52,32.56,-1.26,-0.5,7.207,RUN,OK,RUN,0.98
2026-01-27T00:41:00.035921Z,66.73,66.18,65.51,13.62,power,0.05,33.93,7.41,99.51,1990.1,20.0,927.4,457.8,1062.7,922.0,42.52,32.55,-1.26,-0.5,7.21,RUN,OK,RUN,0.98
2026-01-27T00:41:00.235921Z,66.83,66.3,65.64,13.8,power,0.05,33.93,7.49,99.52,1988.7,19.98,926.6,455.5,1062.0,921.3,42.51,32.55,-1.25,-0.5,7.214,RUN,OK,RUN,0.98
2026-01-27T00:41:00.435921Z,66.93,66.41,65.77,13.98,power,0.05,33.93,7.56,99.53,1987.1,19.97,925.8,453.2,1061.3,920.6,42.51,32.55,-1.25,-0.5,7.217,RUN,OK,RUN,0.98
2026-01-27T00:41:00.635921Z,67.02,66.53,65.9,14.17,power,0.05,33.92,7.64,99.54,1985.5,19.95,925.0,451.0,1060.5,920.0,42.51,32.54,-1.25,-0.5,7.221,RUN,OK,RUN,0.98
2026-01-27T00:41:00.835921Z,67.12,66.64,66.03,14.35,power,0.05,33.92,7.72,99.54,1983.8,19.93,924.1,448.8,1059.6,919.3,42.5,32.54,-1.25,-0.5,7.225,RUN,OK,RUN,0.98
2026-01-27T00:41:01.035921Z,67.22,66.76,66.16,14.54,power,0.05,33.92,7.79,99.55,1981.9,19.91,923.3,446.7,1058.6,918.6,42.5,32.53,-1.24,-0.5,7.228,RUN,OK,RUN,0.98
2026-01-27T00:41:01.235921Z,67.32,66.87,66.29,14.72,power,0.05,33.91,7.87,99.56,1980.0,19.89,922.5,444.6,1057.5,918.0,42.5,32.53,-1.24,-0.5,7.232,RUN,OK,RUN,0.98
2026-01-27T00:41:01.435921Z,67.42,66.99,66.43,14.91,power,0.05,33.91,7.95,99.57,1978.0,19.87,921.6,442.5,1056.4,917.3,42.49,32.53,-1.24,-0.5,7.236,RUN,OK,RUN,0.98
2026-01-27T00:41:01.635921Z,67.52,67.1,66.56,15.1,power,0.05,33.91,8.02,99.58,1975.9,19.84,920.8,440.5,1055.1,916.6,42.49,32.52,-1.24,-0.5,7.24,RUN,OK,RUN,0.98
2026-01-27T00:41:01.835921Z,67.61,67.22,66.69,15.29,power,0.05,33.9,8.1,99.59,1973.6,19.82,920.0,438.6,1053.7,916.0,42.49,32.52,-1.23,-0.5,7.243,RUN,OK,RUN,0.98
2026-01-27T00:41:02.035921Z,67.71,67.33,66.83,15.48,power,0.05,33.9,8.18,99.59,1971.3,19.79,919.1,436.7,1052.2,915.3,42.48,32.52,-1.23,-0.5,7.247,RUN,OK,RUN,0.98
2026-01-27T00:41:02.235921Z,67.81,67.45,66.96,15.67,power,0.05,33.9,8.26,99.6,1968.9,19.77,918.3,434.8,1050.6,914.6,42.48,32.51,-1.23,-0.5,7.251,RUN,OK,RUN,0.98
2026-01-27T00:41:02.435921Z,67.91,67.56,67.1,15.86,power,0.05,33.89,8.34,99.61,1966.4,19.74,917.5,433.0,1049.0,914.0,42.47,32.51,-1.23,-0.5,7.254,RUN,OK,RUN,0.98
2026-01-27T00:41:02.635921Z,68.01,67.68,67.23,16.06,power,0.05,33.89,8.41,99.62,1963.8,19.71,916.6,431.3,1047.2,913.3,42.47,32.51,-1.22,-0.5,7.258,RUN,OK,RUN,0.98
2026-01-27T00:41:02.835921Z,68.11,67.79,67.37,16.25,power,0.05,33.89,8.49,99.62,1961.1,19.69,915.8,429.5,1045.3,912.6,42.47,32.5,-1.22,-0.5,7.262,RUN,OK,RUN,0.98
2026-01-27T00:41:03.035921Z,68.21,67.91,67.51,16.44,power,0.05,33.88,8.57,99.63,1958.4,19.66,915.0,427.9,1043.4,912.0,42.46,32.5,-1.22,-0.5,7.266,RUN,OK,RUN,0.98
2026-01-27T00:41:03.235921Z,68.31,68.03,67.64,16.64,power,0.05,33.88,8.65,99.64,1955.5,19.63,914.1,426.3,1041.3,911.3,42.46,32.5,-1.22,-0.5,7.269,RUN,OK,RUN,0.98
2026-01-27T00:41:03.435921Z,68.41,68.14,67.78,16.83,power,0.05,33.88,8.73,99.65,1952.5,19.59,913.3,424.7,1039.2,910.6,42.46,32.49,-1.21,-0.5,7.273,RUN,OK,RUN,0.98
2026-01-27T00:41:03.635921Z,68.51,68.26,67.92,17.03,power,0.05,33.87,8.81,99.65,1949.4,19.56,912.5,423.2,1037.0,910.0,42.45,32.49,-1.21,-0.5,7.277,RUN,OK,RUN,0.98
2026-01-27T00:41:03.835921Z,68.61,68.37,68.06,17.22,power,0.05,33.87,8.89,99.66,1946.3,19.53,911.6,421.7,1034.7,909.3,42.45,32.49,-1.21,-0.5,7.281,RUN,OK,RUN,0.98
2026-01-27T00:41:04.035921Z,68.71,68.49,68.19,17.42,power,0.05,33.87,8.97,99.67,1943.0,19.49,910.8,420.3,1032.2,908.6,42.45,32.48,-1.21,-0.5,7.284,RUN,OK,RUN,0.98
2026-01-27T00:41:04.235921Z,68.81,68.61,68.33,17.62,power,0.05,33.86,9.05,99.68,1939.7,19.46,910.0,418.9,1029.7,908.0,42.44,32.48,-1.2,-0.5,7.288,RUN,OK,RUN,0.98
2026-01-27T00:41:04.435921Z,68.91,68.72,68.47,17.82,power,0.05,33.86,9.13,99.68,1936.3,19.42,909.1,417.5,1027.1,907.3,42.44,32.47,-1.2,-0.5,7.292,RUN,OK,RUN,0.98
2026-01-27T00:41:04.635921Z,69.01,68.84,68.61,18.01,power,0.05,33.86,9.2,99.69,1932.7,19.39,908.3,416.3,1024.4,906.6,42.44,32.47,-1.2,-0.5,7.296,RUN,OK,RUN,0.98
2026-01-27T00:41:04.835921Z,69.1,68.96,68.75,18.21,power,0.05,33.85,9.28,99.7,1929.1,19.35,907.5,415.0,1021.7,906.0,42.43,32.47,-1.2,-0.5,7.3,RUN,OK,RUN,0.98
2026-01-27T00:41:05.035921Z,69.2,69.07,68.89,18.41,power,0.05,33.85,9.36,99.7,1925.4,19.31,906.6,413.8,1018.8,905.3,42.43,32.46,-1.19,-0.5,7.304,RUN,OK,RUN,0.98
2026-01-27T00:41:05.235921Z,69.3,69.19,69.03,18.61,power,0.05,33.85,9.44,99.71,1921.6,19.27,905.8,412.7,1015.8,904.6,42.43,32.46,-1.19,-0.5,7.307,RUN,OK,RUN,0.98
2026-01-27T00:41:05.435921Z,69.4,69.31,69.17,18.81,power,0.05,33.84,9.52,99.72,1917.8,19.23,905.0,411.6,1012.8,904.0,42.42,32.46,-1.19,-0.5,7.311,RUN,OK,RUN,0.98
2026-01-27T00:41:05.635921Z,69.5,69.42,69.31,19.01,power,0.05,33.84,9.6,99.72,1913.8,19.19,904.1,410.6,1009.7,903.3,42.42,32.45,-1.19,-0.5,7.315,RUN,OK,RUN,0.98
2026-01-27T00:41:05.835921Z,69.6,69.54,69.45,19.21,power,0.05,33.84,9.68,99.73,1909.7,19.15,903.3,409.6,1006.4,902.6,42.42,32.45,-1.18,-0.5,7.319,RUN,OK,RUN,0.98
2026-01-27T00:41:06.035921Z,69.7,69.66,69.59,19.41,power,0.05,33.83,9.76,99.74,1905.6,19.11,902.5,408.6,1003.1,902.0,42.41,32.45,-1.18,-0.5,7.323,RUN,OK,RUN,0.98
2026-01-27T00:41:06.235921Z,69.8,69.77,69.73,19.61,power,0.05,33.83,9.84,99.74,1901.3,19.06,901.6,407.7,999.7,901.3,42.41,32.44,-1.18,-0.5,7.327,RUN,OK,RUN,0.98
2026-01-27T00:41:06.435921Z,69.9,69.89,69.87,19.81,power,0.05,33.83,9.92,99.75,1897.0,19.02,900.8,406.9,996.2,900.6,42.41,32.44,-1.18,-0.5,7.331,RUN,OK,RUN,0.98
2026-01-27T00:41:06.635921Z,70.0,70.01,70.01,20.01,eco,0.05,33.82,10.0,99.76,1892.6,18.97,900.0,406.1,992.7,900.0,42.4,32.44,-1.17,-0.5,7.334,RUN,OK,RUN,0.98
2026-01-27T00:41:06.835921Z,70.1,70.12,70.15,20.21,eco,0.05,33.82,10.08,99.76,1888.1,18.93,899.1,405.3,989.0,899.3,42.4,32.43,-1.17,-0.5,7.338,RUN,OK,RUN,0.98
2026-01-27T00:41:07.035921Z,70.2,70.24,70.29,20.41,eco,0.05,33.82,10.16,99.77,1883.6,18.88,898.3,404.6,985.3,898.6,42.4,32.43,-1.17,-0.5,7.342,RUN,OK,RUN,0.98
2026-01-27T00:41:07.235921Z,70.3,70.36,70.43,20.61,eco,0.05,33.81,10.24,99.77,1878.9,18.83,897.5,404.0,981.4,898.0,42.39,32.43,-1.16,-0.5,7.346,RUN,OK,RUN,0.98
2026-01-27T00:41:07.435921Z,70.4,70.47,70.57,20.81,eco,0.05,33.81,10.32,99.78,1874.2,18.78,896.6,403.4,977.5,897.3,42.39,32.42,-1.16,-0.5,7.35,RUN,OK,RUN,0.98
2026-01-27T00:41:07.635921Z,70.5,70.59,70.71,21.01,eco,0.05,33.81,10.4,99.79,1869.3,18.73,895.8,402.8,973.5,896.6,42.39,32.42,-1.16,-0.5,7.354,RUN,OK,RUN,0.98
2026-01-27T00:41:07.835921Z,70.6,70.71,70.85,21.21,eco,0.05,33.8,10.48,99.79,1864.4,18.68,895.0,402.3,969.5,896.0,42.38,32.42,-1.16,-0.5,7.358,RUN,OK,RUN,0.98
2026-01-27T00:41:08.035921Z,70.7,70.82,70.99,21.41,eco,0.05,33.8,10.56,99.8,1859.4,18.63,894.1,401.9,965.3,895.3,42.38,32.41,-1.15,-0.5,7.362,RUN,OK,RUN,0.98
2026-01-27T00:41:08.235921Z,70.8,70.94,71.12,21.61,eco,0.05,33.8,10.64,99.8,1854.3,18.58,893.3,401.5,961.1,894.6,42.38,32.41,-1.15,-0.5,7.366,RUN,OK,RUN,0.98
2026-01-27T00:41:08.435921Z,70.9,71.05,71.26,21.8,eco,0.05,33.8,10.72,99.81,1849.2,18.53,892.5,401.1,956.7,894.0,42.37,32.41,-1.15,-0.5,7.37,RUN,OK,RUN,0.98
2026-01-27T00:41:08.635921Z,71.0,71.17,71.4,22.0,eco,0.05,33.79,10.8,99.81,1844.0,18.47,891.6,400.8,952.3,893.3,42.37,32.4,-1.15,-0.5,7.374,RUN,OK,RUN,0.98
2026-01-27T00:41:08.835921Z,71.1,71.29,71.54,22.2,eco,0.05,33.79,10.88,99.82,1838.6,18.42,890.8,400.5,947.9,892.6,42.37,32.4,-1.14,-0.5,7.378,RUN,OK,RUN,0.98
2026-01-27T00:41:09.035921Z,71.2,71.4,71.68,22.4,eco,0.05,33.79,10.96,99.82,1833.3,18.36,890.0,400.3,943.3,892.0,42.36,32.39,-1.14,-0.5,7.382,RUN,OK,RUN,0.98
2026-01-27T00:41:09.235921Z,71.3,71.52,71.82,22.6,eco,0.05,33.78,11.04,99.83,1827.8,18.31,889.1,400.2,938.7,891.3,42.36,32.39,-1.14,-0.5,7.386,RUN,OK,RUN,0.98
2026-01-27T00:41:09.435921Z,71.4,71.64,71.96,22.79,eco,0.05,33.78,11.12,99.83,1822.2,18.25,888.3,400.1,933.9,890.6,42.36,32.39,-1.13,-0.5,7.39,RUN,OK,RUN,0.98
2026-01-27T00:41:09.635921Z,71.5,71.75,72.09,22.99,eco,0.05,33.78,11.2,99.84,1816.6,18.2,887.5,400.0,929.1,890.0,42.35,32.38,-1.13,-0.5,7.394,RUN,OK,RUN,0.98
2026-01-27T00:41:09.835921Z,71.6,71.87,72.23,23.18,eco,0.05,33.77,11.28,99.84,1810.9,18.14,886.6,400.0,924.3,889.3,42.35,32.38,-1.13,-0.5,7.398,RUN,OK,RUN,0.98
2026-01-27T00:41:10.035921Z,71.7,71.98,72.37,23.38,eco,0.05,33.77,11.36,99.85,1805.1,18.08,885.8,400.0,919.3,888.6,42.35,32.38,-1.13,-0.5,7.402,RUN,OK,RUN,0.98
2026-01-27T00:41:10.235921Z,71.8,72.1,72.51,23.57,eco,0.05,33.77,11.44,99.85,1799.3,18.02,885.0,400.1,914.3,888.0,42.34,32.37,-1.12,-0.5,7.406,RUN,OK,RUN,0.98
2026-01-27T00:41:10.435921Z,71.9,72.22,72.64,23.77,eco,0.05,33.76,11.51,99.86,1793.4,17.96,884.1,400.3,909.2,887.3,42.34,32.37,-1.12,-0.5,7.41,RUN,OK,RUN,0.98
2026-01-27T00:41:10.635921Z,72.0,72.33,72.78,23.96,eco,0.05,33.76,11.59,99.86,1787.4,17.9,883.3,400.5,904.1,886.6,42.34,32.37,-1.12,-0.5,7.414,RUN,OK,RUN,0.98
2026-01-27T00:41:10.835921Z,72.1,72.45,72.91,24.15,eco,0.05,33.76,11.67,99.87,1781.3,17.84,882.5,400.7,898.8,886.0,42.33,32.36,-1.11,-0.5,7.418,RUN,OK,RUN,0.98
2026-01-27T00:41:11.035921Z,72.2,72.56,73.05,24.35,eco,0.05,33.75,11.75,99.87,1775.1,17.77,881.6,401.0,893.5,885.3,42.33,32.36,-1.11,-0.5,7.422,RUN,OK,RUN,0.98
2026-01-27T00:41:11.235921Z,72.3,72.68,73.18,24.54,eco,0.05,33.75,11.83,99.88,1768.9,17.71,880.8,401.3,888.1,884.6,42.33,32.36,-1.11,-0.5,7.426,RUN,OK,RUN,0.98
2026-01-27T00:41:11.435921Z,72.39,72.79,73.32,24.73,eco,0.05,33.75,11.91,99.88,1762.6,17.65,880.0,401.7,882.7,884.0,42.33,32.35,-1.11,-0.5,7.43,RUN,OK,RUN,0.98
2026-01-27T00:41:11.635921Z,72.49,72.91,73.45,24.92,eco,0.05,33.74,11.98,99.89,1756.3,17.58,879.1,402.2,877.2,883.3,42.32,32.35,-1.1,-0.5,7.434,RUN,OK,RUN,0.98
2026-01-27T00:41:11.835921Z,72.59,73.02,73.59,25.1,eco,0.05,33.74,12.06,99.89,1749.9,17.52,878.3,402.6,871.6,882.6,42.32,32.35,-1.1,-0.5,7.438,RUN,OK,RUN,0.98
2026-01-27T00:41:12.035921Z,72.69,73.14,73.72,25.29,eco,0.05,33.74,12.14,99.89,1743.4,17.45,877.5,403.2,865.9,882.0,42.32,32.34,-1.1,-0.5,7.442,RUN,OK,RUN,0.98
2026-01-27T00:41:12.235921Z,72.79,73.25,73.85,25.48,eco,0.05,33.74,12.21,99.9,1736.8,17.39,876.6,403.8,860.2,881.3,42.31,32.34,-1.09,-0.5,7.446,RUN,OK,RUN,0.98
2026-01-27T00:41:12.435921Z,72.89,73.37,73.98,25.66,eco,0.05,33.73,12.29,99.9,1730.2,17.32,875.8,404.4,854.4,880.6,42.31,32.34,-1.09,-0.5,7.451,RUN,OK,RUN,0.98
2026-01-27T00:41:12.635921Z,72.98,73.48,74.12,25.85,eco,0.05,33.73,12.37,99.91,1723.5,17.25,875.0,405.1,848.5,880.0,42.31,32.33,-1.09,-0.5,7.455,RUN,OK,RUN,0.98
2026-01-27T00:41:12.835921Z,73.08,73.6,74.25,26.03,eco,0.05,33.73,12.44,99.91,1716.8,17.18,874.1,405.8,842.6,879.3,42.3,32.33,-1.09,-0.5,7.459,RUN,OK,RUN,0.98
2026-01-27T00:41:13.035921Z,73.18,73.71,74.38,26.22,eco,0.05,33.72,12.52,99.91,1709.9,17.11,873.3,406.6,836.6,878.6,42.3,32.33,-1.08,-0.5,7.463,RUN,OK,RUN,0.98
2026-01-27T00:41:13.235921Z,73.28,73.83,74.51,26.4,eco,0.05,33.72,12.6,99.92,1703.1,17.04,872.5,407.4,830.6,878.0,42.3,32.32,-1.08,-0.5,7.467,RUN,OK,RUN,0.98
2026-01-27T00:41:13.435921Z,73.38,73.94,74.63,26.58,eco,0.05,33.72,12.67,99.92,1696.1,16.97,871.6,408.3,824.5,877.3,42.3,32.32,-1.08,-0.5,7.471,RUN,OK,RUN,0.98
2026-01-27T00:41:13.635921Z,73.47,74.06,74.76,26.76,eco,0.05,33.71,12.75,99.92,1689.1,16.9,870.8,409.2,818.3,876.7,42.29,32.32,-1.07,-0.5,7.475,RUN,OK,RUN,0.98
2026-01-27T00:41:13.835921Z,73.57,74.17,74.89,26.93,eco,0.05,33.71,12.82,99.93,1682.0,16.83,870.0,410.2,812.1,876.0,42.29,32.31,-1.07,-0.5,7.48,RUN,OK,RUN,0.98
2026-01-27T00:41:14.035921Z,73.67,74.28,75.02,27.11,eco,0.05,33.71,12.9,99.93,1674.9,16.76,869.1,411.3,805.8,875.3,42.29,32.31,-1.07,-0.5,7.484,RUN,OK,RUN,0.98
2026-01-27T00:41:14.235921Z,73.76,74.4,75.14,27.29,eco,0.05,33.7,12.97,99.93,1667.7,16.69,868.3,412.3,799.4,874.7,42.28,32.31,-1.06,-0.5,7.488,RUN,OK,RUN,0.98
2026-01-27T00:41:14.435921Z,73.86,74.51,75.27,27.46,eco,0.05,33.7,13.04,99.94,1660.5,16.62,867.5,413.5,793.0,874.0,42.28,32.3,-1.06,-0.5,7.492,RUN,OK,RUN,0.98
2026-01-27T00:41:14.635921Z,73.96,74.62,75.39,27.63,eco,0.05,33.7,13.12,99.94,1653.2,16.54,866.7,414.6,786.6,873.3,42.28,32.3,-1.06,-0.5,7.496,RUN,OK,RUN,0.98
2026-01-27T00:41:14.835921Z,74.05,74.74,75.52,27.81,eco,0.05,33.7,13.19,99.94,1645.9,16.47,865.8,415.8,780.0,872.7,42.28,32.3,-1.06,-0.5,7.5,RUN,OK,RUN,0.98
2026-01-27T00:41:15.035921Z,74.15,74.85,75.64,27.98,eco,0.05,33.69,13.27,99.95,1638.4,16.39,865.0,417.1,773.5,872.0,42.27,32.29,-1.05,-0.5,7.505,RUN,OK,RUN,0.98
2026-01-27T00:41:15.235921Z,74.25,74.96,75.76,28.14,eco,0.05,33.69,13.34,99.95,1631.0,16.32,864.2,418.4,766.8,871.3,42.27,32.29,-1.05,-0.5,7.509,RUN,OK,RUN,0.98
2026-01-27T00:41:15.435921Z,74.34,75.07,75.88,28.31,eco,0.05,33.69,13.41,99.95,1623.5,16.24,863.3,419.8,760.1,870.7,42.27,32.28,-1.05,-0.5,7.513,RUN,OK,RUN,0.98
2026-01-27T00:41:15.635921Z,74.44,75.18,76.0,28.48,eco,0.05,33.68,13.48,99.96,1615.9,16.17,862.5,421.2,753.4,870.0,42.27,32.28,-1.04,-0.5,7.517,RUN,OK,RUN,0.98
2026-01-27T00:41:15.835921Z,74.53,75.3,76.12,28.64,eco,0.05,33.68,13.55,99.96,1608.3,16.09,861.7,422.7,746.6,869.3,42.26,32.28,-1.04,-0.5,7.522,RUN,OK,RUN,0.98
2026-01-27T00:41:16.035921Z,74.63,75.41,76.24,28.8,eco,0.05,33.68,13.63,99.96,1600.6,16.01,860.8,424.2,739.8,868.7,42.26,32.27,-1.04,-0.5,7.526,RUN,OK,RUN,0.98
2026-01-27T00:41:16.235921Z,74.72,75.52,76.36,28.97,eco,0.05,33.67,13.7,99.96,1592.9,15.93,860.0,425.7,732.9,868.0,42.26,32.27,-1.03,-0.5,7.53,RUN,OK,RUN,0.98
2026-01-27T00:41:16.435921Z,74.82,75.63,76.48,29.12,eco,0.05,33.67,13.77,99.97,1585.1,15.86,859.2,427.3,726.0,867.3,42.25,32.27,-1.03,-0.5,7.534,RUN,OK,RUN,0.98
2026-01-27T00:41:16.635921Z,74.91,75.74,76.6,29.28,eco,0.05,33.67,13.84,99.97,1577.3,15.78,858.3,429.0,719.0,866.7,42.25,32.26,-1.03,-0.5,7.539,RUN,OK,RUN,0.98
2026-01-27T00:41:16.835921Z,75.01,75.85,76.71,29.44,eco,0.05,33.67,13.91,99.97,1569.4,15.7,857.5,430.7,711.9,866.0,42.25,32.26,-1.02,-0.5,7.543,RUN,OK,RUN,0.98
2026-01-27T00:41:17.035921Z,75.1,75.96,76.83,29.59,eco,0.05,33.66,13.98,99.97,1561.5,15.62,856.7,432.4,704.9,865.3,42.25,32.26,-1.02,-0.5,7.547,RUN,OK,RUN,0.98
2026-01-27T00:41:17.235921Z,75.19,76.07,76.94,29.75,eco,0.05,33.66,14.05,99.97,1553.6,15.54,855.9,434.2,697.7,864.7,42.24,32.25,-1.02,-0.5,7.551,RUN,OK,RUN,0.98
2026-01-27T00:41:17.435921Z,75.29,76.18,77.05,29.9,eco,0.05,33.66,14.12,99.98,1545.6,15.46,855.0,436.1,690.6,864.0,42.24,32.25,-1.01,-0.5,7.556,RUN,OK,RUN,0.98
2026-01-27T00:41:17.635921Z,75.38,76.29,77.16,30.05,eco,0.05,33.65,14.18,99.98,1537.6,15.38,854.2,438.0,683.4,863.4,42.24,32.25,-1.01,-0.5,7.56,RUN,OK,RUN,0.98
2026-01-27T00:41:17.835921Z,75.47,76.4,77.28,30.19,eco,0.05,33.65,14.25,99.98,1529.5,15.3,853.4,439.9,676.1,862.7,42.24,32.24,-1.01,-0.5,7.564,RUN,OK,RUN,0.98
2026-01-27T00:41:18.035921Z,75.57,76.51,77.39,30.34,eco,0.05,33.65,14.32,99.98,1521.4,15.22,852.5,441.9,668.8,862.0,42.23,32.24,-1.01,-0.49,7.568,RUN,OK,RUN,0.98
2026-01-27T00:41:18.235921Z,75.66,76.62,77.49,30.48,eco,0.05,33.64,14.39,99.98,1513.2,15.13,851.7,443.9,661.5,861.4,42.23,32.24,-1.0,-0.49,7.573,RUN,OK,RUN,0.98
2026-01-27T00:41:18.435921Z,75.75,76.73,77.6,30.63,eco,0.05,33.64,14.45,99.98,1505.0,15.05,850.9,446.0,654.1,860.7,42.23,32.23,-1.0,-0.49,7.577,RUN,OK,RUN,0.98
2026-01-27T00:41:18.635921Z,75.85,76.84,77.71,30.77,eco,0.05,33.64,14.52,99.99,1496.8,14.97,850.0,448.1,646.7,860.0,42.23,32.23,-1.0,-0.49,7.581,RUN,OK,RUN,0.98
2026-01-27T00:41:18.835921Z,75.94,76.95,77.82,30.9,eco,0.05,33.64,14.59,99.99,1488.5,14.89,849.2,450.2,639.3,859.4,42.22,32.23,-0.99,-0.49,7.586,RUN,OK,RUN,0.98
2026-01-27T00:41:19.035921Z,76.03,77.06,77.92,31.04,eco,0.05,33.63,14.65,99.99,1480.2,14.8,848.4,452.5,631.8,858.7,42.22,32.22,-0.99,-0.49,7.59,RUN,OK,RUN,0.98
2026-01-27T00:41:19.235921Z,76.12,77.16,78.03,31.18,eco,0.05,33.63,14.72,99.99,1471.8,14.72,847.6,454.7,624.3,858.0,42.22,32.22,-0.99,-0.49,7.594,RUN,OK,RUN,0.98
2026-01-27T00:41:19.435921Z,76.21,77.27,78.13,31.31,eco,0.05,33.63,14.78,99.99,1463.5,14.64,846.7,457.0,616.7,857.4,42.22,32.22,-0.98,-0.49,7.599,RUN,OK,RUN,0.98
2026-01-27T00:41:19.635921Z,76.3,77.38,78.23,31.44,eco,0.05,33.62,14.84,99.99,1455.1,14.55,845.9,459.3,609.2,856.7,42.21,32.21,-0.98,-0.49,7.603,RUN,OK,RUN,0.98
2026-01-27T00:41:19.835921Z,76.39,77.48,78.33,31.57,eco,0.05,33.62,14.91,99.99,1446.6,14.47,845.1,461.7,601.5,856.1,42.21,32.21,-0.98,-0.49,7.607,RUN,OK,RUN,0.98
2026-01-27T00:41:20.035921Z,76.48,77.59,78.43,31.69,eco,0.05,33.62,14.97,99.99,1438.1,14.38,844.2,464.2,593.9,855.4,42.21,32.21,-0.97,-0.49,7.612,RUN,OK,RUN,0.98
2026-01-27T00:41:20.235921Z,76.57,77.7,78.53,31.82,eco,0.05,33.62,15.03,100.0,1429.6,14.3,843.4,466.6,586.2,854.7,42.21,32.2,-0.97,-0.49,7.616,RUN,OK,RUN,0.98
2026-01-27T00:41:20.435921Z,76.66,77.8,78.63,31.94,eco,0.05,33.61,15.1,100.0,1421.1,14.21,842.6,469.2,578.5,854.1,42.2,32.2,-0.97,-0.49,7.621,RUN,OK,RUN,0.98
2026-01-27T00:41:20.635921Z,76.75,77.91,78.72,32.06,eco,0.05,33.61,15.16,100.0,1412.6,14.13,841.8,471.7,570.8,853.4,42.2,32.2,-0.96,-0.49,7.625,RUN,OK,RUN,0.98
2026-01-27T00:41:20.835921Z,76.84,78.01,78.82,32.18,eco,0.05,33.61,15.22,100.0,1404.0,14.04,840.9,474.3,563.0,852.7,42.2,32.19,-0.96,-0.49,7.629,RUN,OK,RUN,0.98
2026-01-27T00:41:21.035921Z,76.93,78.12,78.91,32.29,eco,0.05,33.6,15.28,100.0,1395.4,13.95,840.1,477.0,555.3,852.1,42.2,32.19,-0.96,-0.49,7.634,RUN,OK,RUN,0.98
2026-01-27T00:41:21.235921Z,77.02,78.22,79.01,32.41,eco,0.05,33.6,15.34,100.0,1386.7,13.87,839.3,479.7,547.5,851.4,42.19,32.19,-0.95,-0.49,7.638,RUN,OK,RUN,0.98
2026-01-27T00:41:21.435921Z,77.11,78.33,79.1,32.52,eco,0.05,33.6,15.4,100.0,1378.1,13.78,838.5,482.4,539.6,850.8,42.19,32.18,-0.95,-0.49,7.642,RUN,OK,RUN,0.98
2026-01-27T00:41:21.635921Z,77.2,78.43,79.19,32.63,eco,0.05,33.6,15.46,100.0,1369.4,13.69,837.6,485.2,531.8,850.1,42.19,32.18,-0.95,-0.49,7.647,RUN,OK,RUN,0.98
2026-01-27T00:41:21.835921Z,77.28,78.54,79.28,32.73,eco,0.05,33.59,15.51,100.0,1360.7,13.61,836.8,488.0,523.9,849.4,42.19,32.18,-0.94,-0.49,7.651,RUN,OK,RUN,0.98
2026-01-27T00:41:22.035921Z,77.37,78.64,79.37,32.84,eco,0.05,33.59,15.57,100.0,1352.0,13.52,836.0,490.9,516.0,848.8,42.18,32.17,-0.94,-0.49,7.656,RUN,OK,RUN,0.98
2026-01-27T00:41:22.235921Z,77.46,78.74,79.46,32.94,eco,0.05,33.59,15.63,100.0,1343.3,13.43,835.1,493.8,508.1,848.1,42.18,32.17,-0.94,-0.49,7.66,RUN,OK,RUN,0.98
2026-01-27T00:41:22.435921Z,77.54,78.85,79.54,33.04,eco,0.05,33.58,15.69,100.0,1334.5,13.34,834.3,496.7,500.2,847.5,42.18,32.17,-0.93,-0.49,7.665,RUN,OK,RUN,0.98
2026-01-27T00:41:22.635921Z,77.63,78.95,79.63,33.14,eco,0.05,33.58,15.74,100.0,1325.7,13.26,833.5,499.7,492.2,846.8,42.18,32.16,-0.93,-0.49,7.669,RUN,OK,RUN,0.98
2026-01-27T00:41:22.835921Z,77.72,79.05,79.71,33.23,eco,0.05,33.58,15.8,100.0,1316.9,13.17,832.7,502.8,484.3,846.1,42.18,32.16,-0.93,-0.49,7.673,RUN,OK,RUN,0.98
2026-01-27T00:41:23.035921Z,77.8,79.15,79.8,33.33,eco,0.05,33.58,15.85,100.0,1308.1,13.08,831.8,505.8,476.3,845.5,42.17,32.16,-0.92,-0.49,7.678,RUN,OK,RUN,0.98
2026-01-27T00:41:23.235921Z,77.89,79.25,79.88,33.42,eco,0.05,33.57,15.91,100.0,1299.3,12.99,831.0,509.0,468.3,844.8,42.17,32.15,-0.92,-0.49,7.682,RUN,OK,RUN,0.98
2026-01-27T00:41:23.435921Z,77.97,79.35,79.96,33.51,eco,0.05,33.57,15.96,100.0,1290.5,12.91,830.2,512.1,460.3,844.2,42.17,32.15,-0.92,-0.49,7.687,RUN,OK,RUN,0.98
2026-01-27T00:41:23.635921Z,78.06,79.45,80.04,33.59,eco,0.05,33.57,16.01,100.0,1281.7,12.82,829.4,515.3,452.3,843.5,42.17,32.15,-0.91,-0.49,7.691,RUN,OK,RUN,0.98
2026-01-27T00:41:23.835921Z,78.14,79.55,80.12,33.67,eco,0.05,33.56,16.07,100.0,1272.8,12.73,828.5,518.5,444.3,842.8,42.16,32.14,-0.91,-0.49,7.696,RUN,OK,RUN,0.98
2026-01-27T00:41:24.035921Z,78.22,79.65,80.2,33.76,eco,0.05,33.56,16.12,100.0,1264.0,12.64,827.7,521.8,436.2,842.2,42.16,32.14,-0.91,-0.49,7.7,RUN,OK,RUN,0.98
2026-01-27T00:41:24.235921Z,78.31,79.75,80.27,33.83,eco,0.05,33.56,16.17,100.0,1255.1,12.55,826.9,525.1,428.2,841.5,42.16,32.14,-0.9,-0.49,7.704,RUN,OK,RUN,0.98
2026-01-27T00:41:24.435921Z,78.39,79.85,80.35,33.91,eco,0.05,33.56,16.22,100.0,1246.2,12.46,826.1,528.5,420.2,840.9,42.16,32.13,-0.9,-0.49,7.709,RUN,OK,RUN,0.98
2026-01-27T00:41:24.635921Z,78.47,79.95,80.42,33.98,eco,0.05,33.55,16.27,99.99,1237.3,12.37,825.2,531.9,412.1,840.2,42.16,32.13,-0.9,-0.49,7.713,RUN,OK,RUN,0.98
2026-01-27T00:41:24.835921Z,78.56,80.05,80.49,34.05,eco,0.05,33.55,16.32,99.99,1228.5,12.29,824.4,535.3,404.0,839.5,42.15,32.13,-0.89,-0.49,7.718,RUN,OK,RUN,0.98
2026-01-27T00:41:25.035921Z,78.64,80.15,80.57,34.12,eco,0.05,33.55,16.37,99.99,1219.6,12.2,823.6,538.8,396.0,838.9,42.15,32.12,-0.89,-0.49,7.722,RUN,OK,RUN,0.98
2026-01-27T00:41:25.235921Z,78.72,80.25,80.64,34.19,eco,0.05,33.55,16.42,99.99,1210.7,12.11,822.8,542.3,387.9,838.2,42.15,32.12,-0.89,-0.49,7.727,RUN,OK,RUN,0.98
2026-01-27T00:41:25.435921Z,78.8,80.34,80.7,34.25,eco,0.05,33.54,16.46,99.99,1201.8,12.02,822.0,545.8,379.9,837.6,42.15,32.12,-0.88,-0.49,7.731,RUN,OK,RUN,0.98
2026-01-27T00:41:25.635921Z,78.88,80.44,80.77,34.31,eco,0.05,33.54,16.51,99.99,1192.9,11.93,821.1,549.4,371.8,836.9,42.15,32.11,-0.88,-0.49,7.736,RUN,OK,RUN,0.98
2026-01-27T00:41:25.835921Z,78.96,80.54,80.84,34.37,eco,0.05,33.54,16.56,99.99,1184.0,11.84,820.3,553.0,363.7,836.2,42.14,32.11,-0.88,-0.49,7.74,RUN,OK,RUN,0.98
2026-01-27T00:41:26.035921Z,79.04,80.63,80.91,34.43,eco,0.05,33.53,16.6,99.99,1175.1,11.75,819.5,556.7,355.7,835.6,42.14,32.11,-0.87,-0.49,7.745,RUN,OK,RUN,0.98
2026-01-27T00:41:26.235921Z,79.12,80.73,80.97,34.48,eco,0.05,33.53,16.65,99.98,1166.3,11.66,818.7,560.4,347.6,834.9,42.14,32.11,-0.87,-0.49,7.749,RUN,OK,RUN,0.98
2026-01-27T00:41:26.435921Z,79.2,80.82,81.03,34.53,eco,0.05,33.53,16.69,99.98,1157.4,11.58,817.8,564.1,339.5,834.3,42.14,32.1,-0.86,-0.48,7.754,RUN,OK,RUN,0.98
2026-01-27T00:41:26.635921Z,79.28,80.92,81.1,34.58,eco,0.05,33.53,16.73,99.98,1148.5,11.49,817.0,567.9,331.5,833.6,42.14,32.1,-0.86,-0.48,7.758,RUN,OK,RUN,0.98
2026-01-27T00:41:26.835921Z,79.36,81.01,81.16,34.63,eco,0.05,33.52,16.78,99.98,1139.6,11.4,816.2,571.7,323.4,833.0,42.13,32.1,-0.86,-0.48,7.763,RUN,OK,RUN,0.98
2026-01-27T00:41:27.035921Z,79.44,81.1,81.22,34.67,eco,0.05,33.52,16.82,99.98,1130.8,11.31,815.4,575.5,315.4,832.3,42.13,32.09,-0.85,-0.48,7.767,RUN,OK,RUN,0.98
2026-01-27T00:41:27.235921Z,79.51,81.2,81.28,34.71,eco,0.05,33.52,16.86,99.98,1121.9,11.22,814.6,579.4,307.4,831.6,42.13,32.09,-0.85,-0.48,7.772,RUN,OK,RUN,0.98
2026-01-27T00:41:27.435921Z,79.59,81.29,81.34,34.75,eco,0.05,33.52,16.9,99.97,1113.1,11.13,813.7,583.3,299.4,831.0,42.13,32.09,-0.85,-0.48,7.776,RUN,OK,RUN,0.98
2026-01-27T00:41:27.635921Z,79.67,81.38,81.39,34.78,eco,0.05,33.51,16.94,99.97,1104.3,11.05,812.9,587.2,291.4,830.3,42.13,32.08,-0.84,-0.48,7.781,RUN,OK,RUN,0.98
2026-01-27T00:41:27.835921Z,79.74,81.47,81.45,34.82,eco,0.05,33.51,16.98,99.97,1095.4,10.96,812.1,591.2,283.4,829.7,42.12,32.08,-0.84,-0.48,7.785,RUN,OK,RUN,0.98
2026-01-27T00:41:28.035921Z,79.82,81.57,81.5,34.85,eco,0.05,33.51,17.02,99.97,1086.6,10.87,811.3,595.2,275.4,829.0,42.12,32.08,-0.84,-0.48,7.79,RUN,OK,RUN,0.98
2026-01-27T00:41:28.235921Z,79.89,81.66,81.56,34.87,eco,0.05,33.5,17.06,99.97,1077.8,10.78,810.4,599.3,267.4,828.4,42.12,32.07,-0.83,-0.48,7.794,RUN,OK,RUN,0.98
2026-01-27T00:41:28.435921Z,79.97,81.75,81.61,34.9,eco,0.05,33.5,17.09,99.96,1069.1,10.69,809.6,603.3,259.4,827.7,42.12,32.07,-0.83,-0.48,7.799,RUN,OK,RUN,0.98
2026-01-27T00:41:28.635921Z,80.04,81.84,81.66,34.92,eco,0.05,33.5,17.13,99.96,1060.3,10.61,808.8,607.4,251.5,827.0,42.12,32.07,-0.83,-0.48,7.804,RUN,OK,RUN,0.98
2026-01-27T00:41:28.835921Z,80.12,81.93,81.71,34.94,eco,0.05,33.5,17.17,99.96,1051.6,10.52,808.0,611.6,243.6,826.4,42.11,32.06,-0.82,-0.48,7.808,RUN,OK,RUN,0.98
2026-01-27T00:41:29.035921Z,80.19,82.02,81.76,34.96,eco,0.05,33.49,17.2,99.96,1042.8,10.43,807.2,615.8,235.7,825.7,42.11,32.06,-0.82,-0.48,7.813,RUN,OK,RUN,0.98
2026-01-27T00:41:29.235921Z,80.26,82.1,81.81,34.97,eco,0.05,33.49,17.24,99.95,1034.1,10.35,806.4,620.0,227.8,825.1,42.11,32.06,-0.82,-0.48,7.817,RUN,OK,RUN,0.98
2026-01-27T00:41:29.435921Z,80.34,82.19,81.85,34.98,eco,0.05,33.49,17.27,99.95,1025.4,10.26,805.5,624.2,219.9,824.4,42.11,32.05,-0.81,-0.48,7.822,RUN,OK,RUN,0.98
2026-01-27T00:41:29.635921Z,80.41,82.28,81.9,34.99,eco,0.05,33.49,17.3,99.95,1016.8,10.17,804.7,628.5,212.1,823.8,42.11,32.05,-0.81,-0.48,7.826,RUN,OK,RUN,0.98
2026-01-27T00:41:29.835921Z,80.48,82.37,81.94,35.0,eco,0.05,33.48,17.34,99.94,1008.1,10.09,803.9,632.8,204.2,823.1,42.11,32.05,-0.8,-0.48,7.831,RUN,OK,RUN,0.98
2026-01-27T00:41:30.035921Z,80.55,82.45,81.99,35.0,eco,0.05,33.48,17.37,99.94,999.5,10.0,803.1,637.1,196.4,822.5,42.1,32.04,-0.8,-0.48,7.835,RUN,OK,RUN,0.98
2026-01-27T00:41:30.235921Z,80.62,82.54,82.03,35.0,eco,0.05,33.48,17.4,99.94,990.9,9.92,802.3,641.5,188.7,821.8,42.1,32.04,-0.8,-0.48,7.84,RUN,OK,RUN,0.98
2026-01-27T00:41:30.435921Z,80.69,82.63,82.07,35.0,eco,0.05,33.48,17.43,99.93,982.4,9.83,801.4,645.8,180.9,821.2,42.1,32.04,-0.79,-0.48,7.844,RUN,OK,RUN,0.98
2026-01-27T00:41:30.635921Z,80.76,82.71,82.11,34.99,eco,0.05,33.47,17.46,99.93,973.8,9.74,800.6,650.3,173.2,820.5,42.1,32.03,-0.79,-0.48,7.849,RUN,OK,RUN,0.98
2026-01-27T00:41:30.835921Z,80.83,82.8,82.15,34.99,eco,0.05,33.47,17.49,99.93,965.3,9.66,799.8,654.7,165.5,819.8,42.1,32.03,-0.79,-0.48,7.854,RUN,OK,RUN,0.98
2026-01-27T00:41:31.035921Z,80.9,82.88,82.19,34.98,eco,0.05,33.47,17.51,99.92,956.8,9.58,799.0,659.2,157.8,819.2,42.1,32.03,-0.78,-0.48,7.858,RUN,OK,RUN,0.98
2026-01-27T00:41:31.235921Z,80.97,82.96,82.23,34.96,eco,0.05,33.47,17.54,99.92,948.4,9.49,798.2,663.7,150.2,818.5,42.09,32.02,-0.78,-0.48,7.863,RUN,OK,RUN,0.98
2026-01-27T00:41:31.435921Z,81.04,83.05,82.27,34.95,eco,0.05,33.46,17.57,99.92,940.0,9.41,797.4,668.2,142.6,817.9,42.09,32.02,-0.78,-0.48,7.867,RUN,OK,RUN,0.98
2026-01-27T00:41:31.635921Z,81.11,83.13,82.3,34.93,eco,0.05,33.46,17.59,99.91,931.6,9.32,796.5,672.8,135.0,817.2,42.09,32.02,-0.77,-0.48,7.872,RUN,OK,RUN,0.98
2026-01-27T00:41:31.835921Z,81.17,83.21,82.34,34.91,eco,0.05,33.46,17.62,99.91,923.2,9.24,795.7,677.4,127.5,816.6,42.09,32.02,-0.77,-0.48,7.876,RUN,OK,RUN,0.98
2026-01-27T00:41:32.035921Z,81.24,83.29,82.37,34.89,eco,0.05,33.46,17.64,99.91,914.9,9.16,794.9,682.0,120.0,815.9,42.09,32.01,-0.76,-0.47,7.881,RUN,OK,RUN,0.98
2026-01-27T00:41:32.235921Z,81.31,83.37,82.4,34.86,eco,0.05,33.45,17.67,99.9,906.6,9.07,794.1,686.6,112.5,815.3,42.09,32.01,-0.76,-0.47,7.886,RUN,OK,RUN,0.98
2026-01-27T00:41:32.435921Z,81.37,83.46,82.43,34.83,eco,0.05,33.45,17.69,99.9,898.3,8.99,793.3,691.3,105.1,814.6,42.08,32.01,-0.76,-0.47,7.89,RUN,OK,RUN,0.98
2026-01-27T00:41:32.635921Z,81.44,83.54,82.46,34.8,eco,0.05,33.45,17.71,99.89,890.1,8.91,792.5,696.0,97.7,814.0,42.08,32.0,-0.75,-0.47,7.895,RUN,OK,RUN,0.98
2026-01-27T00:41:32.835921Z,81.5,83.62,82.49,34.77,eco,0.05,33.45,17.73,99.89,882.0,8.83,791.7,700.7,90.3,813.3,42.08,32.0,-0.75,-0.47,7.899,RUN,OK,RUN,0.98
2026-01-27T00:41:33.035921Z,81.56,83.69,82.52,34.73,eco,0.05,33.44,17.75,99.89,873.8,8.75,790.8,705.4,83.0,812.7,42.08,32.0,-0.75,-0.47,7.904,RUN,OK,RUN,0.98
2026-01-27T00:41:33.235921Z,81.63,83.77,82.55,34.69,eco,0.05,33.44,17.77,99.88,865.7,8.67,790.0,710.2,75.7,812.0,42.08,31.99,-0.74,-0.47,7.909,RUN,OK,RUN,0.98
2026-01-27T00:41:33.435921Z,81.69,83.85,82.58,34.65,eco,0.05,33.44,17.79,99.88,857.7,8.59,789.2,715.0,68.4,811.4,42.08,31.99,-0.74,-0.47,7.913,RUN,OK,RUN,0.98
2026-01-27T00:41:33.635921Z,81.75,83.93,82.61,34.61,eco,0.05,33.44,17.81,99.87,849.7,8.51,788.4,719.8,61.2,810.7,42.07,31.99,-0.73,-0.47,7.918,RUN,OK,RUN,0.98
2026-01-27T00:41:33.835921Z,81.81,84.01,82.63,34.56,eco,0.05,33.43,17.82,99.87,841.7,8.43,787.6,724.6,54.1,810.1,42.07,31.98,-0.73,-0.47,7.922,RUN,OK,RUN,0.98
2026-01-27T00:41:34.035921Z,81.88,84.08,82.66,34.51,eco,0.05,33.43,17.84,99.86,833.8,8.35,786.8,729.5,47.0,809.4,42.07,31.98,-0.73,-0.47,7.927,RUN,OK,RUN,0.98
2026-01-27T00:41:34.235921Z,81.94,84.16,82.68,34.46,eco,0.05,33.43,17.86,99.86,825.9,8.27,786.0,734.4,39.9,808.8,42.07,31.98,-0.72,-0.47,7.931,RUN,OK,RUN,0.98
2026-01-27T00:41:34.435921Z,82.0,84.23,82.7,34.4,eco,0.05,33.43,17.87,99.85,818.0,8.19,785.2,739.3,32.9,808.1,42.07,31.97,-0.72,-0.47,7.936,RUN,OK,RUN,0.98
2026-01-27T00:41:34.635921Z,82.06,84.31,82.73,34.35,eco,0.05,33.42,17.88,99.85,810.3,8.11,784.4,744.2,25.9,807.5,42.07,31.97,-0.72,-0.47,7.941,RUN,OK,RUN,0.98
2026-01-27T00:41:34.835921Z,82.12,84.38,82.75,34.29,eco,0.05,33.42,17.9,99.84,802.5,8.04,783.5,749.1,19.0,806.8,42.07,31.97,-0.71,-0.47,7.945,RUN,OK,RUN,0.98
2026-01-27T00:41:35.035921Z,82.17,84.45,82.77,34.22,eco,0.05,33.42,17.91,99.84,794.8,7.96,782.7,754.1,12.1,806.2,42.06,31.97,-0.71,-0.47,7.95,RUN,OK,RUN,0.98
2026-01-27T00:41:35.235921Z,82.23,84.53,82.79,34.16,eco,0.05,33.42,17.92,99.83,787.2,7.88,781.9,759.1,5.3,805.5,42.06,31.96,-0.7,-0.47,7.954,RUN,OK,RUN,0.98
2026-01-27T00:41:35.435921Z,82.29,84.6,82.81,34.09,eco,0.05,33.41,17.93,99.83,779.6,7.81,781.1,764.1,-1.5,804.9,42.06,31.96,-0.7,-0.47,7.959,RUN,OK,RUN,0.98
2026-01-27T00:41:35.635921Z,82.35,84.67,82.82,34.02,eco,0.05,33.41,17.94,99.82,772.1,7.73,780.3,769.1,-8.2,804.2,42.06,31.96,-0.7,-0.47,7.964,RUN,OK,RUN,0.98
2026-01-27T00:41:35.835921Z,82.4,84.74,82.84,33.95,eco,0.05,33.41,17.95,99.82,764.6,7.66,779.5,774.2,-14.9,803.6,42.06,31.95,-0.69,-0.47,7.968,RUN,OK,RUN,0.98
2026-01-27T00:41:36.035921Z,82.46,84.81,82.86,33.87,eco,0.05,33.41,17.96,99.81,757.2,7.59,778.7,779.2,-21.5,802.9,42.06,31.95,-0.69,-0.47,7.973,RUN,OK,RUN,0.98
2026-01-27T00:41:36.235921Z,82.52,84.88,82.87,33.8,eco,0.05,33.4,17.97,99.81,749.8,7.51,777.9,784.3,-28.1,802.3,42.06,31.95,-0.69,-0.47,7.977,RUN,OK,RUN,0.98
2026-01-27T00:41:36.435921Z,82.57,84.95,82.89,33.72,eco,0.05,33.4,17.97,99.8,742.5,7.44,777.1,789.4,-34.6,801.7,42.06,31.94,-0.68,-0.47,7.982,RUN,OK,RUN,0.98
2026-01-27T00:41:36.635921Z,82.62,85.02,82.9,33.64,eco,0.05,33.4,17.98,99.8,735.2,7.37,776.3,794.5,-41.1,801.0,42.05,31.94,-0.68,-0.47,7.987,RUN,OK,RUN,0.98
2026-01-27T00:41:36.835921Z,82.68,85.09,82.92,33.55,eco,0.05,33.4,17.99,99.79,728.0,7.3,775.5,799.6,-47.5,800.4,42.05,31.94,-0.67,-0.46,7.991,RUN,OK,RUN,0.98
2026-01-27T00:41:37.035921Z,82.73,85.16,82.93,33.46,eco,0.05,33.39,17.99,99.79,720.8,7.22,774.6,804.8,-53.8,799.7,42.05,31.93,-0.67,-0.46,7.996,RUN,OK,RUN,0.98
2026-01-27T00:41:37.235921Z,82.78,85.23,82.95,33.37,eco,0.05,33.39,17.99,99.78,713.8,7.15,773.8,810.0,-60.1,799.1,42.05,31.93,-0.67,-0.46,8.001,RUN,OK,RUN,0.98
2026-01-27T00:41:37.435921Z,82.84,85.29,82.96,33.28,eco,0.05,33.39,18.0,99.77,706.7,7.08,773.0,815.1,-66.3,798.4,42.05,31.93,-0.66,-0.46,8.005,RUN,OK,RUN,0.98
2026-01-27T00:41:37.635921Z,82.89,85.36,82.97,33.19,eco,0.05,33.39,18.0,99.77,699.8,7.01,772.2,820.3,-72.5,797.8,42.05,31.92,-0.66,-0.46,8.01,RUN,OK,RUN,0.98
2026-01-27T00:41:37.835921Z,82.94,85.42,82.98,33.09,eco,0.05,33.38,18.0,99.76,692.9,6.95,771.4,825.6,-78.6,797.1,42.05,31.92,-0.65,-0.46,8.014,RUN,OK,RUN,0.98
2026-01-27T00:41:38.035921Z,82.99,85.49,82.99,32.99,eco,0.05,33.38,18.0,99.76,686.0,6.88,770.6,830.8,-84.6,796.5,42.05,31.92,-0.65,-0.46,8.019,RUN,OK,RUN,0.98
2026-01-27T00:41:38.235921Z,83.04,85.55,83.0,32.89,eco,0.05,33.38,18.0,99.75,679.2,6.81,769.8,836.0,-90.6,795.9,42.04,31.92,-0.65,-0.46,8.024,RUN,OK,RUN,0.98
2026-01-27T00:41:38.435921Z,83.09,85.62,83.01,32.79,eco,0.05,33.38,18.0,99.74,672.5,6.74,769.0,841.3,-96.5,795.2,42.04,31.91,-0.64,-0.46,8.028,RUN,OK,RUN,0.98
2026-01-27T00:41:38.635921Z,83.14,85.68,83.02,32.68,eco,0.05,33.38,18.0,99.74,665.9,6.68,768.2,846.5,-102.3,794.6,42.04,31.91,-0.64,-0.46,8.033,RUN,OK,RUN,0.98
2026-01-27T00:41:38.835921Z,83.18,85.74,83.03,32.58,eco,0.05,33.37,17.99,99.73,659.3,6.61,767.4,851.8,-108.1,793.9,42.04,31.91,-0.64,-0.46,8.037,RUN,OK,RUN,0.98
2026-01-27T00:41:39.035921Z,83.23,85.8,83.03,32.47,eco,0.05,33.37,17.99,99.72,652.8,6.55,766.6,857.1,-113.8,793.3,42.04,31.9,-0.63,-0.46,8.042,RUN,OK,RUN,0.98
2026-01-27T00:41:39.235921Z,83.28,85.86,83.04,32.35,eco,0.05,33.37,17.99,99.72,646.3,6.48,765.8,862.4,-119.5,792.6,42.04,31.9,-0.63,-0.46,8.047,RUN,OK,RUN,0.98
2026-01-27T00:41:39.435921Z,83.32,85.92,83.05,32.24,eco,0.05,33.37,17.98,99.71,639.9,6.42,765.0,867.7,-125.1,792.0,42.04,31.9,-0.62,-0.46,8.051,RUN,OK,RUN,0.98
2026-01-27T00:41:39.635921Z,83.37,85.98,83.05,32.12,eco,0.05,33.36,17.97,99.7,633.6,6.36,764.2,873.1,-130.6,791.4,42.04,31.89,-0.62,-0.46,8.056,RUN,OK,RUN,0.98
2026-01-27T00:41:39.835921Z,83.42,86.04,83.06,32.0,eco,0.05,33.36,17.97,99.7,627.4,6.29,763.4,878.4,-136.0,790.7,42.04,31.89,-0.62,-0.46,8.06,RUN,OK,RUN,0.98
2026-01-27T00:41:40.035921Z,83.46,86.1,83.06,31.88,eco,0.05,33.36,17.96,99.69,621.2,6.23,762.6,883.7,-141.4,790.1,42.03,31.89,-0.61,-0.46,8.065,RUN,OK,RUN,0.98
2026-01-27T00:41:40.235921Z,83.5,86.16,83.07,31.76,eco,0.05,33.36,17.95,99.68,615.1,6.17,761.8,889.1,-146.7,789.4,42.03,31.89,-0.61,-0.46,8.07,RUN,OK,RUN,0.98
2026-01-27T00:41:40.435921Z,83.55,86.22,83.07,31.63,eco,0.05,33.35,17.94,99.68,609.1,6.11,761.0,894.5,-151.9,788.8,42.03,31.88,-0.6,-0.46,8.074,RUN,OK,RUN,0.98
2026-01-27T00:41:40.635921Z,83.59,86.27,83.08,31.51,eco,0.05,33.35,17.93,99.67,603.1,6.05,760.2,899.8,-157.1,788.1,42.03,31.88,-0.6,-0.46,8.079,RUN,OK,RUN,0.98
2026-01-27T00:41:40.835921Z,83.63,86.33,83.08,31.38,eco,0.05,33.35,17.92,99.66,597.2,5.99,759.4,905.2,-162.1,787.5,42.03,31.88,-0.6,-0.45,8.084,RUN,OK,RUN,0.98
2026-01-27T00:41:41.035921Z,83.67,86.39,83.08,31.25,eco,0.05,33.35,17.91,99.65,591.4,5.93,758.6,910.6,-167.2,786.9,42.03,31.87,-0.59,-0.45,8.088,RUN,OK,RUN,0.98
2026-01-27T00:41:41.235921Z,83.71,86.44,83.09,31.11,eco,0.05,33.35,17.9,99.65,585.7,5.88,757.8,916.0,-172.1,786.2,42.03,31.87,-0.59,-0.45,8.093,RUN,OK,RUN,0.98
2026-01-27T00:41:41.435921Z,83.75,86.49,83.09,30.98,eco,0.05,33.34,17.89,99.64,580.0,5.82,757.0,921.4,-176.9,785.6,42.03,31.87,-0.58,-0.45,8.097,RUN,OK,RUN,0.98
2026-01-27T00:41:41.635921Z,83.79,86.55,83.09,30.84,eco,0.05,33.34,17.87,99.63,574.5,5.77,756.2,926.8,-181.7,785.0,42.03,31.86,-0.58,-0.45,8.102,RUN,OK,RUN,0.98
2026-01-27T00:41:41.835921Z,83.83,86.6,83.09,30.7,eco,0.05,33.34,17.86,99.62,569.0,5.71,755.4,932.2,-186.4,784.3,42.03,31.86,-0.58,-0.45,8.107,RUN,OK,RUN,0.98
2026-01-27T00:41:42.035921Z,83.87,86.65,83.09,30.56,eco,0.05,33.34,17.84,99.62,563.5,5.66,754.6,937.7,-191.1,783.7,42.03,31.86,-0.57,-0.45,8.111,RUN,OK,RUN,0.98
2026-01-27T00:41:42.235921Z,83.91,86.7,83.09,30.42,eco,0.0502,33.33,17.82,99.61,558.2,5.6,753.8,943.1,-195.6,783.0,42.02,31.86,-0.57,-0.45,8.116,RUN,OK,RUN,0.98
2026-01-27T00:41:42.435921Z,83.95,86.76,83.1,30.27,eco,0.0504,33.33,17.81,99.6,552.9,5.55,753.0,948.5,-200.1,782.4,42.02,31.85,-0.56,-0.45,8.12,RUN,OK,RUN,0.98
2026-01-27T00:41:42.635921Z,83.98,86.81,83.1,30.13,eco,0.0508,33.33,17.79,99.59,547.7,5.5,752.2,953.9,-204.5,781.8,42.02,31.85,-0.56,-0.45,8.125,RUN,OK,RUN,0.98
2026-01-27T00:41:42.835921Z,84.02,86.86,83.1,29.98,eco,0.0512,33.33,17.77,99.59,542.6,5.45,751.4,959.4,-208.8,781.1,42.02,31.85,-0.56,-0.45,8.13,RUN,OK,RUN,0.98
2026-01-27T00:41:43.035921Z,84.05,86.9,83.1,29.83,eco,0.0517,33.33,17.75,99.58,537.6,5.4,750.6,964.8,-213.0,780.5,42.02,31.84,-0.55,-0.45,8.134,RUN,OK,RUN,0.98
2026-01-27T00:41:43.235921Z,84.09,86.95,83.1,29.67,eco,0.0523,33.32,17.73,99.57,532.7,5.35,749.8,970.3,-217.2,779.9,42.02,31.84,-0.55,-0.45,8.139,RUN,OK,RUN,0.98
2026-01-27T00:41:43.435921Z,84.12,87.0,83.09,29.52,eco,0.053,33.32,17.71,99.56,527.8,5.3,749.0,975.7,-221.2,779.2,42.02,31.84,-0.54,-0.45,8.144,RUN,OK,RUN,0.98
2026-01-27T00:41:43.635921Z,84.16,87.05,83.09,29.37,eco,0.0537,33.32,17.69,99.55,523.0,5.25,748.2,981.2,-225.2,778.6,42.02,31.83,-0.54,-0.45,8.148,RUN,OK,RUN,0.98
2026-01-27T00:41:43.835921Z,84.19,87.09,83.09,29.21,eco,0.0546,33.32,17.67,99.54,518.3,5.21,747.4,986.6,-229.1,777.9,42.02,31.83,-0.54,-0.45,8.153,RUN,OK,RUN,0.98
2026-01-27T00:41:44.035921Z,84.22,87.14,83.09,29.05,eco,0.0555,33.31,17.64,99.54,513.7,5.16,746.6,992.1,-232.9,777.3,42.02,31.83,-0.53,-0.45,8.157,RUN,OK,RUN,0.98
2026-01-27T00:41:44.235921Z,84.25,87.18,83.09,28.89,eco,0.0565,33.31,17.62,99.53,509.2,5.12,745.8,997.5,-236.7,776.7,42.02,31.83,-0.53,-0.45,8.162,RUN,OK,RUN,0.98
2026-01-27T00:41:44.435921Z,84.28,87.23,83.09,28.73,eco,0.0576,33.31,17.59,99.52,504.8,5.07,745.1,1003.0,-240.3,776.0,42.02,31.82,-0.52,-0.45,8.167,RUN,OK,RUN,0.98
2026-01-27T00:41:44.635921Z,84.31,87.27,83.09,28.56,eco,0.0587,33.31,17.57,99.51,500.4,5.03,744.3,1008.4,-243.9,775.4,42.02,31.82,-0.52,-0.44,8.171,RUN,OK,RUN,0.98
2026-01-27T00:41:44.835921Z,84.34,87.32,83.09,28.4,eco,0.06,33.31,17.54,99.5,496.1,4.99,743.5,1013.9,-247.3,774.8,42.01,31.82,-0.52,-0.44,8.176,RUN,OK,RUN,0.98
2026-01-27T00:41:45.035921Z,84.37,87.36,83.08,28.23,eco,0.0613,33.3,17.52,99.49,491.9,4.94,742.7,1019.4,-250.7,774.1,42.01,31.81,-0.51,-0.44,8.18,RUN,OK,RUN,0.98
2026-01-27T00:41:45.235921Z,84.4,87.4,83.08,28.06,eco,0.0626,33.3,17.49,99.48,487.9,4.9,741.9,1024.8,-254.0,773.5,42.01,31.81,-0.51,-0.44,8.185,RUN,OK,RUN,0.98
2026-01-27T00:41:45.435921Z,84.43,87.44,83.08,27.9,eco,0.0641,33.3,17.46,99.48,483.9,4.86,741.1,1030.3,-257.3,772.9,42.01,31.81,-0.5,-0.44,8.19,RUN,OK,RUN,0.98
2026-01-27T00:41:45.635921Z,84.45,87.48,83.08,27.72,eco,0.0656,33.3,17.43,99.47,479.9,4.83,740.3,1035.7,-260.4,772.2,42.01,31.81,-0.5,-0.44,8.194,RUN,OK,RUN,0.98
2026-01-27T00:41:45.835921Z,84.48,87.52,83.08,27.55,eco,0.0671,33.3,17.4,99.46,476.1,4.79,739.5,1041.1,-263.4,771.6,42.01,31.8,-0.5,-0.44,8.199,RUN,OK,RUN,0.98
2026-01-27T00:41:46.035921Z,84.51,87.56,83.07,27.38,eco,0.0688,33.29,17.37,99.45,472.4,4.75,738.7,1046.6,-266.4,771.0,42.01,31.8,-0.49,-0.44,8.204,RUN,OK,RUN,0.98
2026-01-27T00:41:46.235921Z,84.53,87.6,83.07,27.2,eco,0.0705,33.29,17.34,99.44,468.7,4.71,737.9,1052.0,-269.2,770.4,42.01,31.8,-0.49,-0.44,8.208,RUN,OK,RUN,0.98
2026-01-27T00:41:46.435921Z,84.56,87.64,83.07,27.03,eco,0.0722,33.29,17.31,99.43,465.2,4.68,737.2,1057.5,-272.0,769.7,42.01,31.79,-0.48,-0.44,8.213,RUN,OK,RUN,0.98
2026-01-27T00:41:46.635921Z,84.58,87.67,83.07,26.85,eco,0.074,33.29,17.27,99.42,461.7,4.64,736.4,1062.9,-274.7,769.1,42.01,31.79,-0.48,-0.44,8.217,RUN,OK,RUN,0.98
2026-01-27T00:41:46.835921Z,84.6,87.71,83.06,26.67,eco,0.0759,33.28,17.24,99.41,458.3,4.61,735.6,1068.3,-277.3,768.5,42.01,31.79,-0.48,-0.44,8.222,RUN,OK,RUN,0.98
2026-01-27T00:41:47.035921Z,84.63,87.74,83.06,26.49,eco,0.0778,33.28,17.2,99.4,455.0,4.58,734.8,1073.7,-279.8,767.8,42.01,31.78,-0.47,-0.44,8.227,RUN,OK,RUN,0.98
2026-01-27T00:41:47.235921Z,84.65,87.78,83.06,26.31,eco,0.0798,33.28,17.17,99.39,451.8,4.55,734.0,1079.1,-282.2,767.2,42.01,31.78,-0.47,-0.44,8.231,RUN,OK,RUN,0.98
2026-01-27T00:41:47.435921Z,84.67,87.81,83.05,26.13,eco,0.0818,33.28,17.13,99.38,448.7,4.52,733.2,1084.5,-284.5,766.6,42.01,31.78,-0.46,-0.44,8.236,RUN,OK,RUN,0.98
2026-01-27T00:41:47.635921Z,84.69,87.85,83.05,25.95,eco,0.0839,33.28,17.1,99.37,445.7,4.49,732.4,1089.9,-286.7,765.9,42.01,31.78,-0.46,-0.44,8.24,RUN,OK,RUN,0.98
2026-01-27T00:41:47.835921Z,84.71,87.88,83.05,25.76,eco,0.086,33.27,17.06,99.36,442.8,4.46,731.7,1095.3,-288.8,765.3,42.01,31.77,-0.46,-0.44,8.245,RUN,OK,RUN,0.98
2026-01-27T00:41:48.035921Z,84.73,87.91,83.05,25.58,eco,0.0882,33.27,17.02,99.35,440.0,4.43,730.9,1100.7,-290.9,764.7,42.01,31.77,-0.45,-0.43,8.25,RUN,OK,RUN,0.98
2026-01-27T00:41:48.235921Z,84.75,87.94,83.04,25.39,eco,0.0904,33.27,16.98,99.34,437.3,4.4,730.1,1106.1,-292.8,764.1,42.01,31.77,-0.45,-0.43,8.254,RUN,OK,RUN,0.98
2026-01-27T00:41:48.435921Z,84.77,87.97,83.04,25.2,eco,0.0926,33.27,16.94,99.33,434.6,4.38,729.3,1111.4,-294.7,763.4,42.01,31.76,-0.44,-0.43,8.259,RUN,OK,RUN,0.98
2026-01-27T00:41:48.635921Z,84.78,88.0,83.04,25.02,eco,0.0949,33.27,16.9,99.32,432.1,4.35,728.5,1116.8,-296.4,762.8,42.0,31.76,-0.44,-0.43,8.264,RUN,OK,RUN,0.98
2026-01-27T00:41:48.835921Z,84.8,88.03,83.04,24.83,eco,0.0972,33.26,16.86,99.31,429.6,4.33,727.7,1122.1,-298.1,762.2,42.0,31.76,-0.44,-0.43,8.268,RUN,OK,RUN,0.98
2026-01-27T00:41:49.035921Z,84.82,88.06,83.03,24.64,eco,0.0996,33.26,16.82,99.3,427.3,4.3,727.0,1127.5,-299.7,761.6,42.0,31.76,-0.43,-0.43,8.273,RUN,OK,RUN,0.98
2026-01-27T00:41:49.235921Z,84.83,88.09,83.03,24.45,eco,0.102,33.26,16.78,99.29,425.0,4.28,726.2,1132.8,-301.1,760.9,42.0,31.75,-0.43,-0.43,8.277,RUN,OK,RUN,0.98
2026-01-27T00:41:49.435921Z,84.85,88.12,83.03,24.26,eco,0.1044,33.26,16.74,99.28,422.9,4.26,725.4,1138.1,-302.5,760.3,42.0,31.75,-0.42,-0.43,8.282,RUN,OK,RUN,0.98
2026-01-27T00:41:49.635921Z,84.86,88.14,83.03,24.06,eco,0.1069,33.26,16.69,99.27,420.8,4.24,724.6,1143.4,-303.8,759.7,42.0,31.75,-0.42,-0.43,8.287,RUN,OK,RUN,0.98
2026-01-27T00:41:49.835921Z,84.87,88.17,83.02,23.87,eco,0.1094,33.25,16.65,99.26,418.8,4.22,723.8,1148.7,-305.0,759.1,42.0,31.74,-0.42,-0.43,8.291,RUN,OK,RUN,0.98
2026-01-27T00:41:50.035921Z,84.89,88.2,83.02,23.68,eco,0.1119,33.25,16.6,99.25,417.0,4.2,723.0,1154.0,-306.1,758.4,42.0,31.74,-0.41,-0.43,8.296,RUN,OK,RUN,0.98
2026-01-27T00:41:50.235921Z,84.9,88.22,83.02,23.48,eco,0.1144,33.25,16.56,99.24,415.2,4.18,722.3,1159.2,-307.1,757.8,42.0,31.74,-0.41,-0.43,8.3,RUN,OK,RUN,0.98
2026-01-27T00:41:50.435921Z,84.91,88.24,83.02,23.29,eco,0.1169,33.25,16.51,99.23,413.5,4.17,721.5,1164.5,-308.0,757.2,42.0,31.74,-0.4,-0.43,8.305,RUN,OK,RUN,0.98
2026-01-27T00:41:50.635921Z,84.92,88.27,83.02,23.09,eco,0.1195,33.25,16.47,99.22,411.9,4.15,720.7,1169.7,-308.8,756.6,42.0,31.73,-0.4,-0.43,8.31,RUN,OK,RUN,0.98
2026-01-27T00:41:50.835921Z,84.93,88.29,83.01,22.9,eco,0.1221,33.25,16.42,99.21,410.5,4.14,719.9,1175.0,-309.5,755.9,42.0,31.73,-0.39,-0.43,8.314,RUN,OK,RUN,0.98
2026-01-27T00:41:51.035921Z,84.94,88.31,83.01,22.7,eco,0.1247,33.24,16.37,99.2,409.1,4.12,719.2,1180.2,-310.1,755.3,42.0,31.73,-0.39,-0.42,8.319,RUN,OK,RUN,0.98
2026-01-27T00:41:51.235921Z,84.95,88.33,83.01,22.5,eco,0.1273,33.24,16.32,99.19,407.8,4.11,718.4,1185.4,-310.6,754.7,42.0,31.73,-0.39,-0.42,8.323,RUN,OK,RUN,0.98
2026-01-27T00:41:51.435921Z,84.96,88.35,83.01,22.31,eco,0.13,33.24,16.27,99.18,406.6,4.1,717.6,1190.5,-311.0,754.1,42.0,31.72,-0.38,-0.42,8.328,RUN,OK,RUN,0.98
2026-01-27T00:41:51.635921Z,84.96,88.37,83.01,22.11,eco,0.1326,33.24,16.22,99.17,405.5,4.09,716.8,1195.7,-311.3,753.5,42.0,31.72,-0.38,-0.42,8.333,RUN,OK,RUN,0.98
2026-01-27T00:41:51.835921Z,84.97,88.39,83.01,21.91,eco,0.1353,33.24,16.17,99.15,404.5,4.08,716.1,1200.9,-311.5,752.8,42.0,31.72,-0.37,-0.42,8.337,RUN,OK,RUN,0.98
2026-01-27T00:41:52.035921Z,84.98,88.41,83.0,21.71,eco,0.1379,33.23,16.12,99.14,403.6,4.07,715.3,1206.0,-311.7,752.2,42.0,31.71,-0.37,-0.42,8.342,RUN,OK,RUN,0.98
2026-01-27T00:41:52.235921Z,84.98,88.43,83.0,21.51,eco,0.1406,33.23,16.07,99.13,402.8,4.06,714.5,1211.1,-311.7,751.6,42.0,31.71,-0.37,-0.42,8.347,RUN,OK,RUN,0.98
2026-01-27T00:41:52.435921Z,84.99,88.44,83.0,21.31,eco,0.1432,33.23,16.02,99.12,402.1,4.06,713.7,1216.2,-311.6,751.0,42.0,31.71,-0.36,-0.42,8.351,RUN,OK,RUN,0.98
2026-01-27T00:41:52.635921Z,84.99,88.46,83.0,21.11,eco,0.1459,33.23,15.96,99.11,401.5,4.05,713.0,1221.3,-311.4,750.4,42.0,31.71,-0.36,-0.42,8.356,RUN,OK,RUN,0.98
2026-01-27T00:41:52.835921Z,84.99,88.47,83.0,20.91,eco,0.1486,33.23,15.91,99.1,401.0,4.05,712.2,1226.3,-311.2,749.7,42.0,31.7,-0.35,-0.42,8.36,RUN,OK,RUN,0.98
2026-01-27T00:41:53.035921Z,85.0,88.49,83.0,20.71,eco,0.1512,33.22,15.86,99.09,400.6,4.04,711.4,1231.4,-310.8,749.1,42.0,31.7,-0.35,-0.42,8.365,RUN,OK,RUN,0.98
2026-01-27T00:41:53.235921Z,85.0,88.5,83.0,20.51,eco,0.1539,33.22,15.8,99.08,400.3,4.04,710.6,1236.4,-310.3,748.5,42.0,31.7,-0.34,-0.42,8.37,RUN,OK,RUN,0.98
2026-01-27T00:41:53.435921Z,85.0,88.52,83.0,20.31,eco,0.1565,33.22,15.75,99.06,400.1,4.04,709.9,1241.4,-309.7,747.9,42.0,31.69,-0.34,-0.42,8.374,RUN,OK,RUN,0.98
2026-01-27T00:41:53.635921Z,85.0,88.53,83.0,20.12,eco,0.1592,33.22,15.69,99.05,400.0,4.04,709.1,1246.4,-309.1,747.3,42.0,31.69,-0.34,-0.42,8.379,RUN,OK,RUN,0.98
2026-01-27T00:41:53.835921Z,85.0,88.54,83.0,19.92,eco,0.1618,33.22,15.63,99.04,400.0,4.04,708.3,1251.4,-308.3,746.7,42.0,31.69,-0.33,-0.42,8.383,RUN,OK,RUN,0.98
2026-01-27T00:41:54.035921Z,85.0,88.55,83.0,19.72,eco,0.1644,33.22,15.58,99.03,400.1,4.04,707.6,1256.3,-307.5,746.0,42.0,31.69,-0.33,-0.41,8.388,RUN,OK,RUN,0.98
2026-01-27T00:41:54.235921Z,85.0,88.56,83.0,19.52,eco,0.167,33.21,15.52,99.02,400.3,4.04,706.8,1261.2,-306.5,745.4,42.0,31.68,-0.32,-0.41,8.393,RUN,OK,RUN,0.98
2026-01-27T00:41:54.435921Z,85.0,88.57,83.0,19.32,eco,0.1696,33.21,15.46,99.0,400.6,4.05,706.0,1266.1,-305.4,744.8,42.0,31.68,-0.32,-0.41,8.397,RUN,OK,RUN,0.98
2026-01-27T00:41:54.635921Z,84.99,88.58,83.0,19.12,eco,0.1721,33.21,15.4,98.99,401.0,4.05,705.3,1271.0,-304.3,744.2,42.0,31.68,-0.32,-0.41,8.402,RUN,OK,RUN,0.98
2026-01-27T00:41:54.835921Z,84.99,88.59,83.0,18.92,eco,0.1747,33.21,15.34,98.98,401.5,4.06,704.5,1275.9,-303.0,743.6,42.0,31.68,-0.31,-0.41,8.407,RUN,OK,RUN,0.98
2026-01-27T00:41:55.035921Z,84.99,88.6,83.0,18.72,eco,0.1772,33.21,15.28,98.97,402.0,4.06,703.7,1280.7,-301.7,743.0,42.0,31.67,-0.31,-0.41,8.411,RUN,OK,RUN,0.98
2026-01-27T00:41:55.235921Z,84.98,88.6,83.0,18.52,eco,0.1797,33.2,15.22,98.96,402.7,4.07,703.0,1285.5,-300.2,742.4,42.0,31.67,-0.3,-0.41,8.416,RUN,OK,RUN,0.98
2026-01-27T00:41:55.435921Z,84.98,88.61,83.0,18.32,eco,0.1821,33.2,15.16,98.94,403.5,4.08,702.2,1290.3,-298.7,741.8,42.0,31.67,-0.3,-0.41,8.42,RUN,OK,RUN,0.98
2026-01-27T00:41:55.635921Z,84.97,88.62,83.01,18.12,eco,0.1846,33.2,15.1,98.93,404.4,4.09,701.4,1295.0,-297.0,741.1,42.0,31.66,-0.29,-0.41,8.425,RUN,OK,RUN,0.98
2026-01-27T00:41:55.835921Z,84.96,88.62,83.01,17.92,eco,0.187,33.2,15.04,98.92,405.4,4.1,700.7,1299.8,-295.3,740.5,42.0,31.66,-0.29,-0.41,8.43,RUN,OK,RUN,0.98
2026-01-27T00:41:56.035921Z,84.96,88.62,83.01,17.72,eco,0.1893,33.2,14.98,98.91,406.4,4.11,699.9,1304.5,-293.5,739.9,42.0,31.66,-0.29,-0.41,8.434,RUN,OK,RUN,0.98
2026-01-27T00:41:56.235921Z,84.95,88.63,83.01,17.53,eco,0.1917,33.2,14.91,98.89,407.6,4.12,699.1,1309.2,-291.5,739.3,42.0,31.66,-0.28,-0.41,8.439,RUN,OK,RUN,0.98
2026-01-27T00:41:56.435921Z,84.94,88.63,83.01,17.33,eco,0.194,33.19,14.85,98.88,408.9,4.14,698.4,1313.8,-289.5,738.7,42.0,31.65,-0.28,-0.41,8.443,RUN,OK,RUN,0.98
2026-01-27T00:41:56.635921Z,84.93,88.63,83.01,17.13,eco,0.1962,33.19,14.78,98.87,410.3,4.15,697.6,1318.5,-287.4,738.1,42.0,31.65,-0.27,-0.41,8.448,RUN,OK,RUN,0.98
2026-01-27T00:41:56.835921Z,84.92,88.63,83.02,16.94,eco,0.1984,33.19,14.72,98.86,411.7,4.16,696.8,1323.1,-285.1,737.5,42.0,31.65,-0.27,-0.4,8.453,RUN,OK,RUN,0.98
2026-01-27T00:41:57.035921Z,84.91,88.63,83.02,16.74,eco,0.2006,33.19,14.66,98.84,413.3,4.18,696.1,1327.7,-282.8,736.9,42.0,31.65,-0.26,-0.4,8.457,RUN,OK,RUN,0.98
2026-01-27T00:41:57.235921Z,84.9,88.63,83.02,16.55,eco,0.2027,33.19,14.59,98.83,414.9,4.2,695.3,1332.2,-280.4,736.3,42.0,31.64,-0.26,-0.4,8.462,RUN,OK,RUN,0.98
2026-01-27T00:41:57.435921Z,84.89,88.63,83.02,16.35,eco,0.2048,33.19,14.52,98.82,416.7,4.22,694.6,1336.8,-277.9,735.7,42.0,31.64,-0.26,-0.4,8.466,RUN,OK,RUN,0.98
2026-01-27T00:41:57.635921Z,84.87,88.63,83.02,16.16,eco,0.2069,33.18,14.46,98.8,418.6,4.24,693.8,1341.3,-275.2,735.0,42.0,31.64,-0.25,-0.4,8.471,RUN,OK,RUN,0.98
2026-01-27T00:41:57.835921Z,84.86,88.63,83.03,15.97,eco,0.2089,33.18,14.39,98.79,420.5,4.26,693.0,1345.7,-272.5,734.4,42.0,31.64,-0.25,-0.4,8.476,RUN,OK,RUN,0.98
2026-01-27T00:41:58.035921Z,84.85,88.63,83.03,15.77,eco,0.2108,33.18,14.32,98.78,422.6,4.28,692.3,1350.2,-269.7,733.8,42.0,31.63,-0.24,-0.4,8.48,RUN,OK,RUN,0.98
2026-01-27T00:41:58.235921Z,84.83,88.62,83.03,15.58,eco,0.2127,33.18,14.26,98.77,424.7,4.3,691.5,1354.6,-266.8,733.2,42.0,31.63,-0.24,-0.4,8.485,RUN,OK,RUN,0.98
2026-01-27T00:41:58.435921Z,84.82,88.62,83.03,15.39,eco,0.2145,33.18,14.19,98.75,426.9,4.32,690.8,1359.0,-263.8,732.6,42.0,31.63,-0.24,-0.4,8.49,RUN,OK,RUN,0.98
2026-01-27T00:41:58.635921Z,84.8,88.61,83.04,15.2,eco,0.2163,33.18,14.12,98.74,429.3,4.35,690.0,1363.3,-260.7,732.0,42.0,31.62,-0.23,-0.4,8.494,RUN,OK,RUN,0.98
2026-01-27T00:41:58.835921Z,84.79,88.61,83.04,15.01,eco,0.218,33.17,14.05,98.73,431.7,4.37,689.3,1367.6,-257.6,731.4,42.0,31.62,-0.23,-0.4,8.499,RUN,OK,RUN,0.98
2026-01-27T00:41:59.035921Z,84.77,88.6,83.04,14.82,eco,0.2196,33.17,13.98,98.71,434.2,4.4,688.5,1371.9,-254.3,730.8,42.01,31.62,-0.22,-0.4,8.503,RUN,OK,RUN,0.98
2026-01-27T00:41:59.235921Z,84.75,88.59,83.04,14.64,eco,0.2212,33.17,13.91,98.7,436.9,4.43,687.8,1376.2,-250.9,730.2,42.01,31.62,-0.22,-0.4,8.508,RUN,OK,RUN,0.98
2026-01-27T00:41:59.435921Z,84.73,88.59,83.05,14.45,eco,0.2227,33.17,13.84,98.69,439.6,4.45,687.0,1380.4,-247.4,729.6,42.01,31.61,-0.21,-0.39,8.513,RUN,OK,RUN,0.98
2026-01-27T00:41:59.635921Z,84.71,88.58,83.05,14.26,eco,0.2241,33.17,13.77,98.67,442.4,4.48,686.2,1384.6,-243.9,729.0,42.01,31.61,-0.21,-0.39,8.517,RUN,OK,RUN,0.98
2026-01-27T00:41:59.835921Z,84.69,88.57,83.05,14.08,eco,0.2255,33.17,13.7,98.66,445.3,4.51,685.5,1388.8,-240.2,728.4,42.01,31.61,-0.21,-0.39,8.522,RUN,OK,RUN,0.98
2026-01-27T00:42:00.035921Z,84.67,88.56,83.05,13.9,eco,0.2268,33.16,13.63,98.64,448.3,4.54,684.7,1393.0,-236.5,727.8,42.01,31.61,-0.2,-0.39,8.526,RUN,OK,RUN,0.98
2026-01-27T00:42:00.235921Z,84.65,88.55,83.06,13.72,eco,0.2281,33.16,13.56,98.63,451.4,4.58,684.0,1397.1,-232.6,727.2,42.01,31.6,-0.2,-0.39,8.531,RUN,OK,RUN,0.98
2026-01-27T00:42:00.435921Z,84.63,88.54,83.06,13.53,eco,0.2292,33.16,13.49,98.62,454.5,4.61,683.2,1401.1,-228.7,726.6,42.01,31.6,-0.19,-0.39,8.536,RUN,OK,RUN,0.98
2026-01-27T00:42:00.635921Z,84.61,88.52,83.06,13.35,eco,0.2303,33.16,13.42,98.6,457.8,4.64,682.5,1405.2,-224.7,726.0,42.01,31.6,-0.19,-0.39,8.54,RUN,OK,RUN,0.98
2026-01-27T00:42:00.835921Z,84.58,88.51,83.06,13.18,eco,0.2313,33.16,13.34,98.59,461.2,4.68,681.7,1409.2,-220.6,725.4,42.01,31.6,-0.18,-0.39,8.545,RUN,OK,RUN,0.98
2026-01-27T00:42:01.035921Z,84.56,88.5,83.07,13.0,eco,0.2322,33.16,13.27,98.58,464.6,4.71,681.0,1413.2,-216.4,724.8,42.01,31.59,-0.18,-0.39,8.549,RUN,OK,RUN,0.98
2026-01-27T00:42:01.235921Z,84.54,88.48,83.07,12.82,eco,0.2331,33.16,13.2,98.56,468.2,4.75,680.2,1417.1,-212.1,724.2,42.01,31.59,-0.18,-0.39,8.554,RUN,OK,RUN,0.98
2026-01-27T00:42:01.435921Z,84.51,88.47,83.07,12.65,eco,0.2338,33.15,13.12,98.55,471.8,4.79,679.5,1421.0,-207.7,723.6,42.01,31.59,-0.17,-0.39,8.559,RUN,OK,RUN,0.98
2026-01-27T00:42:01.635921Z,84.48,88.45,83.08,12.47,eco,0.2345,33.15,13.05,98.53,475.5,4.83,678.7,1424.9,-203.2,723.0,42.01,31.59,-0.17,-0.39,8.563,RUN,OK,RUN,0.98
2026-01-27T00:42:01.835921Z,84.46,88.44,83.08,12.3,eco,0.2351,33.15,12.98,98.52,479.4,4.87,678.0,1428.7,-198.6,722.4,42.01,31.58,-0.16,-0.39,8.568,RUN,OK,RUN,0.98
2026-01-27T00:42:02.035921Z,84.43,88.42,83.08,12.13,eco,0.2356,33.15,12.9,98.5,483.3,4.91,677.2,1432.5,-194.0,721.8,42.01,31.58,-0.16,-0.38,8.573,RUN,OK,RUN,0.98
2026-01-27T00:42:02.235921Z,84.4,88.4,83.08,11.96,eco,0.236,33.15,12.83,98.49,487.2,4.95,676.5,1436.3,-189.3,721.2,42.01,31.58,-0.15,-0.38,8.577,RUN,OK,RUN,0.98
2026-01-27T00:42:02.435921Z,84.38,88.38,83.08,11.79,eco,0.2363,33.15,12.75,98.48,491.3,4.99,675.8,1440.0,-184.4,720.6,42.01,31.58,-0.15,-0.38,8.582,RUN,OK,RUN,0.98
2026-01-27T00:42:02.635921Z,84.35,88.37,83.09,11.63,eco,0.2365,33.14,12.68,98.46,495.5,5.03,675.0,1443.7,-179.5,720.0,42.01,31.57,-0.15,-0.38,8.586,RUN,OK,RUN,0.98
2026-01-27T00:42:02.835921Z,84.32,88.35,83.09,11.46,eco,0.2366,33.14,12.6,98.45,499.8,5.08,674.3,1447.3,-174.5,719.4,42.02,31.57,-0.14,-0.38,8.591,RUN,OK,RUN,0.98
2026-01-27T00:42:03.035921Z,84.29,88.33,83.09,11.3,eco,0.2366,33.14,12.53,98.43,504.1,5.12,673.5,1450.9,-169.4,718.8,42.02,31.57,-0.14,-0.38,8.596,RUN,OK,RUN,0.98
2026-01-27T00:42:03.235921Z,84.26,88.3,83.09,11.13,eco,0.2366,33.14,12.45,98.42,508.5,5.17,672.8,1454.5,-164.3,718.2,42.02,31.56,-0.13,-0.38,8.6,RUN,OK,RUN,0.98
2026-01-27T00:42:03.435921Z,84.23,88.28,83.09,10.97,eco,0.2364,33.14,12.37,98.4,513.0,5.21,672.0,1458.1,-159.0,717.6,42.02,31.56,-0.13,-0.38,8.605,RUN,OK,RUN,0.98
2026-01-27T00:42:03.635921Z,84.19,88.26,83.09,10.82,eco,0.2361,33.14,12.3,98.39,517.6,5.26,671.3,1461.6,-153.7,717.0,42.02,31.56,-0.12,-0.38,8.61,RUN,OK,RUN,0.98
2026-01-27T00:42:03.835921Z,84.16,88.24,83.09,10.66,eco,0.2357,33.14,12.22,98.37,522.3,5.31,670.6,1465.0,-148.2,716.4,42.02,31.56,-0.12,-0.38,8.614,RUN,OK,RUN,0.98
2026-01-27T00:42:04.035921Z,84.13,88.21,83.09,10.5,eco,0.2352,33.13,12.14,98.36,527.1,5.36,669.8,1468.5,-142.7,715.9,42.02,31.55,-0.12,-0.38,8.619,RUN,OK,RUN,0.98
2026-01-27T00:42:04.235921Z,84.09,88.19,83.1,10.35,eco,0.2346,33.13,12.07,98.34,531.9,5.41,669.1,1471.9,-137.1,715.3,42.02,31.55,-0.11,-0.38,8.623,RUN,OK,RUN,0.98
2026-01-27T00:42:04.435921Z,84.06,88.16,83.1,10.2,eco,0.2339,33.13,11.99,98.33,536.9,5.46,668.3,1475.2,-131.5,714.7,42.02,31.55,-0.11,-0.38,8.628,RUN,OK,RUN,0.98
2026-01-27T00:42:04.635921Z,84.02,88.14,83.1,10.05,eco,0.2331,33.13,11.91,98.31,541.9,5.51,667.6,1478.5,-125.7,714.1,42.02,31.55,-0.1,-0.37,8.633,RUN,OK,RUN,0.98
2026-01-27T00:42:04.835921Z,83.99,88.11,83.1,9.9,eco,0.2321,33.13,11.83,98.3,547.0,5.56,666.9,1481.8,-119.9,713.5,42.02,31.54,-0.1,-0.37,8.637,RUN,OK,RUN,0.98
2026-01-27T00:42:05.035921Z,83.95,88.09,83.1,9.75,eco,0.2311,33.13,11.75,98.28,552.1,5.62,666.1,1485.0,-114.0,712.9,42.02,31.54,-0.09,-0.37,8.642,RUN,OK,RUN,0.98
2026-01-27T00:42:05.235921Z,83.91,88.06,83.09,9.6,eco,0.2299,33.13,11.68,98.27,557.4,5.67,665.4,1488.2,-108.0,712.3,42.02,31.54,-0.09,-0.37,8.646,RUN,OK,RUN,0.98
2026-01-27T00:42:05.435921Z,83.88,88.03,83.09,9.46,eco,0.2286,33.12,11.6,98.25,562.7,5.73,664.7,1491.4,-101.9,711.7,42.03,31.54,-0.09,-0.37,8.651,RUN,OK,RUN,0.98
2026-01-27T00:42:05.635921Z,83.84,88.0,83.09,9.32,eco,0.2272,33.12,11.52,98.24,568.1,5.78,663.9,1494.5,-95.8,711.1,42.03,31.53,-0.08,-0.37,8.656,RUN,OK,RUN,0.98
2026-01-27T00:42:05.835921Z,83.8,87.97,83.09,9.18,eco,0.2257,33.12,11.44,98.22,573.6,5.84,663.2,1497.5,-89.6,710.5,42.03,31.53,-0.08,-0.37,8.66,RUN,OK,RUN,0.98
2026-01-27T00:42:06.035921Z,83.76,87.94,83.09,9.04,eco,0.2241,33.12,11.36,98.21,579.2,5.9,662.5,1500.6,-83.3,710.0,42.03,31.53,-0.07,-0.37,8.665,RUN,OK,RUN,0.98
2026-01-27T00:42:06.235921Z,83.72,87.91,83.09,8.91,eco,0.2223,33.12,11.28,98.19,584.8,5.96,661.7,1503.5,-76.9,709.4,42.03,31.53,-0.07,-0.37,8.67,RUN,OK,RUN,0.98
2026-01-27T00:42:06.435921Z,83.68,87.88,83.08,8.77,eco,0.2204,33.12,11.2,98.18,590.6,6.02,661.0,1506.5,-70.4,708.8,42.03,31.53,-0.06,-0.37,8.674,RUN,OK,RUN,0.98
2026-01-27T00:42:06.635921Z,83.64,87.85,83.08,8.64,eco,0.2184,33.12,11.13,98.16,596.4,6.08,660.3,1509.4,-63.9,708.2,42.03,31.52,-0.06,-0.37,8.679,RUN,OK,RUN,0.98
2026-01-27T00:42:06.835921Z,83.6,87.81,83.08,8.51,eco,0.2162,33.11,11.05,98.15,602.2,6.14,659.5,1512.3,-57.3,707.6,42.03,31.52,-0.06,-0.36,8.683,RUN,OK,RUN,0.98
2026-01-27T00:42:07.035921Z,83.55,87.78,83.07,8.38,eco,0.2139,33.11,10.97,98.13,608.2,6.2,658.8,1515.1,-50.6,707.0,42.03,31.52,-0.05,-0.36,8.688,RUN,OK,RUN,0.98
2026-01-27T00:42:07.235921Z,83.51,87.74,83.07,8.26,eco,0.2115,33.11,10.89,98.12,614.2,6.26,658.1,1517.9,-43.9,706.5,42.03,31.52,-0.05,-0.36,8.693,RUN,OK,RUN,0.98
2026-01-27T00:42:07.435921Z,83.47,87.71,83.06,8.14,eco,0.209,33.11,10.81,98.1,620.3,6.32,657.3,1520.6,-37.1,705.9,42.03,31.51,-0.04,-0.36,8.697,RUN,OK,RUN,0.98
2026-01-27T00:42:07.635921Z,83.42,87.67,83.06,8.01,eco,0.2063,33.11,10.73,98.08,626.4,6.39,656.6,1523.3,-30.2,705.3,42.04,31.51,-0.04,-0.36,8.702,RUN,OK,RUN,0.98
2026-01-27T00:42:07.835921Z,83.38,87.64,83.05,7.9,eco,0.2035,33.11,10.65,98.07,632.7,6.45,655.9,1525.9,-23.2,704.7,42.04,31.51,-0.03,-0.36,8.706,RUN,OK,RUN,0.98
2026-01-27T00:42:08.035921Z,83.33,87.6,83.05,7.78,eco,0.2005,33.11,10.57,98.05,639.0,6.52,655.2,1528.5,-16.2,704.1,42.04,31.51,-0.03,-0.36,8.711,RUN,OK,RUN,0.98
2026-01-27T00:42:08.235921Z,83.29,87.56,83.04,7.66,eco,0.1974,33.11,10.49,98.04,645.4,6.58,654.4,1531.1,-9.1,703.5,42.04,31.5,-0.03,-0.36,8.716,RUN,OK,RUN,0.98
2026-01-27T00:42:08.435921Z,83.24,87.53,83.03,7.55,eco,0.1942,33.1,10.41,98.02,651.8,6.65,653.7,1533.6,-1.9,703.0,42.04,31.5,-0.02,-0.36,8.72,RUN,OK,RUN,0.98
2026-01-27T00:42:08.635921Z,83.19,87.49,83.03,7.44,eco,0.1908,33.1,10.33,98.01,658.3,6.72,653.0,1536.1,5.3,702.4,42.04,31.5,-0.02,-0.36,8.725,RUN,OK,RUN,0.98
2026-01-27T00:42:08.835921Z,83.14,87.45,83.02,7.33,eco,0.1873,33.1,10.25,97.99,664.9,6.79,652.3,1538.5,12.6,701.8,42.04,31.5,-0.01,-0.36,8.729,RUN,OK,RUN,0.98
2026-01-27T00:42:09.035921Z,83.09,87.41,83.01,7.23,eco,0.1837,33.1,10.17,97.97,671.5,6.85,651.5,1540.9,20.0,701.2,42.04,31.49,-0.01,-0.36,8.734,RUN,OK,RUN,0.98
2026-01-27T00:42:09.235921Z,83.05,87.37,83.0,7.12,eco,0.1799,33.1,10.09,97.96,678.2,6.92,650.8,1543.2,27.4,700.6,42.04,31.49,-0.0,-0.35,8.739,RUN,OK,RUN,0.98
2026-01-27T00:42:09.435921Z,83.0,87.33,82.99,7.02,eco,0.1759,33.1,10.01,97.94,685.0,6.99,650.1,1545.5,34.9,700.1,42.05,31.49,-0.0,-0.35,8.743,RUN,OK,RUN,0.98
2026-01-27T00:42:09.635921Z,82.95,87.28,82.98,6.92,eco,0.1718,33.1,9.93,97.92,691.8,7.06,649.4,1547.8,42.5,699.5,42.05,31.49,0.0,-0.35,8.748,RUN,OK,RUN,0.98
2026-01-27T00:42:09.835921Z,82.9,87.24,82.97,6.83,eco,0.1676,33.1,9.85,97.91,698.7,7.14,648.6,1550.0,50.1,698.9,42.05,31.48,0.01,-0.35,8.753,RUN,OK,RUN,0.98
2026-01-27T00:42:10.035921Z,82.84,87.2,82.96,6.73,eco,0.1632,33.09,9.77,97.89,705.7,7.21,647.9,1552.1,57.8,698.3,42.05,31.48,0.01,-0.35,8.757,RUN,OK,RUN,0.98
2026-01-27T00:42:10.235921Z,82.79,87.15,82.95,6.64,eco,0.1586,33.09,9.69,97.88,712.7,7.28,647.2,1554.2,65.5,697.8,42.05,31.48,0.02,-0.35,8.762,RUN,OK,RUN,0.98
2026-01-27T00:42:10.435921Z,82.74,87.11,82.93,6.55,eco,0.1539,33.09,9.61,97.86,719.8,7.36,646.5,1556.3,73.3,697.2,42.05,31.48,0.02,-0.35,8.766,RUN,OK,RUN,0.98
2026-01-27T00:42:10.635921Z,82.69,87.06,82.92,6.46,eco,0.1491,33.09,9.53,97.84,726.9,7.43,645.8,1558.3,81.1,696.6,42.05,31.47,0.03,-0.35,8.771,RUN,OK,RUN,0.98
2026-01-27T00:42:10.835921Z,82.63,87.02,82.91,6.38,eco,0.1441,33.09,9.45,97.83,734.1,7.5,645.0,1560.3,89.1,696.0,42.05,31.47,0.03,-0.35,8.776,RUN,OK,RUN,0.98
2026-01-27T00:42:11.035921Z,82.58,86.97,82.89,6.29,eco,0.1389,33.09,9.37,97.81,741.4,7.58,644.3,1562.2,97.0,695.5,42.06,31.47,0.03,-0.35,8.78,RUN,OK,RUN,0.98
2026-01-27T00:42:11.235921Z,82.52,86.93,82.88,6.21,eco,0.1336,33.09,9.29,97.79,748.7,7.66,643.6,1564.1,105.1,694.9,42.06,31.47,0.04,-0.35,8.785,RUN,OK,RUN,0.98
2026-01-27T00:42:11.435921Z,82.47,86.88,82.86,6.14,eco,0.1281,33.09,9.21,97.78,756.0,7.73,642.9,1565.9,113.1,694.3,42.06,31.47,0.04,-0.34,8.789,RUN,OK,RUN,0.98
2026-01-27T00:42:11.635921Z,82.41,86.83,82.84,6.06,eco,0.1225,33.08,9.13,97.76,763.5,7.81,642.2,1567.7,121.3,693.7,42.06,31.46,0.05,-0.34,8.794,RUN,OK,RUN,0.98
2026-01-27T00:42:11.835921Z,82.36,86.78,82.83,5.99,eco,0.1167,33.08,9.05,97.74,770.9,7.89,641.5,1569.5,129.5,693.2,42.06,31.46,0.05,-0.34,8.799,RUN,OK,RUN,0.98
2026-01-27T00:42:12.035921Z,82.3,86.73,82.81,5.92,eco,0.1107,33.08,8.97,97.73,778.5,7.97,640.8,1571.2,137.7,692.6,42.06,31.46,0.06,-0.34,8.803,RUN,OK,RUN,0.98
2026-01-27T00:42:12.235921Z,82.24,86.68,82.79,5.85,eco,0.1046,33.08,8.89,97.71,786.1,8.04,640.0,1572.8,146.0,692.0,42.06,31.46,0.06,-0.34,8.808,RUN,OK,RUN,0.98
2026-01-27T00:42:12.435921Z,82.18,86.63,82.77,5.79,eco,0.0983,33.08,8.81,97.69,793.7,8.12,639.3,1574.4,154.3,691.5,42.06,31.45,0.06,-0.34,8.812,RUN,OK,RUN,0.98
2026-01-27T00:42:12.635921Z,82.12,86.58,82.75,5.72,eco,0.0919,33.08,8.73,97.68,801.4,8.2,638.6,1576.0,162.7,690.9,42.07,31.45,0.07,-0.34,8.817,RUN,OK,RUN,0.98
2026-01-27T00:42:12.835921Z,82.07,86.53,82.73,5.66,eco,0.0853,33.08,8.66,97.66,809.1,8.28,637.9,1577.5,171.2,690.3,42.07,31.45,0.07,-0.34,8.822,RUN,OK,RUN,0.98
2026-01-27T00:42:13.035921Z,82.01,86.48,82.71,5.61,eco,0.0785,33.08,8.58,97.64,816.9,8.37,637.2,1578.9,179.7,689.8,42.07,31.45,0.08,-0.34,8.826,RUN,OK,RUN,0.98
2026-01-27T00:42:13.235921Z,81.95,86.42,82.68,5.55,eco,0.0715,33.08,8.5,97.63,824.7,8.45,636.5,1580.3,188.2,689.2,42.07,31.44,0.08,-0.34,8.831,RUN,OK,RUN,0.98
2026-01-27T00:42:13.435921Z,81.89,86.37,82.66,5.5,eco,0.0644,33.07,8.42,97.61,832.6,8.53,635.8,1581.7,196.8,688.6,42.07,31.44,0.09,-0.34,8.835,RUN,OK,RUN,0.98
2026-01-27T00:42:13.635921Z,81.82,86.32,82.64,5.45,eco,0.0571,33.07,8.34,97.59,840.5,8.61,635.1,1583.0,205.4,688.1,42.07,31.44,0.09,-0.33,8.84,RUN,OK,RUN,0.98
2026-01-27T00:42:13.835921Z,81.76,86.26,82.61,5.4,eco,0.05,33.07,8.26,97.57,848.5,8.7,634.4,1584.3,214.1,687.5,42.07,31.44,0.09,-0.33,8.845,RUN,OK,RUN,0.98
2026-01-27T00:42:14.035921Z,81.7,86.21,82.58,5.36,eco,0.05,33.07,8.19,97.56,856.5,8.78,633.7,1585.5,222.8,686.9,42.08,31.44,0.1,-0.33,8.849,RUN,OK,RUN,0.98
2026-01-27T00:42:14.235921Z,81.64,86.15,82.56,5.31,eco,0.05,33.07,8.11,97.54,864.5,8.86,633.0,1586.7,231.5,686.4,42.08,31.43,0.1,-0.33,8.854,RUN,OK,RUN,0.98
2026-01-27T00:42:14.435921Z,81.57,86.1,82.53,5.28,eco,0.05,33.07,8.03,97.52,872.6,8.95,632.3,1587.8,240.3,685.8,42.08,31.43,0.11,-0.33,8.858,RUN,OK,RUN,0.98
2026-01-27T00:42:14.635921Z,81.51,86.04,82.5,5.24,eco,0.05,33.07,7.95,97.51,880.7,9.03,631.6,1588.9,249.2,685.2,42.08,31.43,0.11,-0.33,8.863,RUN,OK,RUN,0.98
2026-01-27T00:42:14.835921Z,81.45,85.98,82.47,5.2,eco,0.05,33.07,7.88,97.49,888.9,9.12,630.9,1589.9,258.0,684.7,42.08,31.43,0.12,-0.33,8.867,RUN,OK,RUN,0.98
2026-01-27T00:42:15.035921Z,81.38,85.92,82.44,5.17,eco,0.05,33.07,7.8,97.47,897.1,9.2,630.2,1590.8,267.0,684.1,42.08,31.42,0.12,-0.33,8.872,RUN,OK,RUN,0.98
2026-01-27T00:42:15.235921Z,81.31,85.87,82.41,5.14,eco,0.05,33.07,7.72,97.45,905.4,9.29,629.5,1591.8,275.9,683.6,42.09,31.42,0.12,-0.33,8.877,RUN,OK,RUN,0.98
2026-01-27T00:42:15.435921Z,81.25,85.81,82.37,5.12,eco,0.05,33.06,7.64,97.44,913.6,9.38,628.8,1592.6,284.9,683.0,42.09,31.42,0.13,-0.33,8.881,RUN,OK,RUN,0.98
2026-01-27T00:42:15.635921Z,81.18,85.75,82.34,5.09,eco,0.05,33.06,7.57,97.42,922.0,9.46,628.1,1593.5,293.9,682.4,42.09,31.42,0.13,-0.33,8.886,RUN,OK,RUN,0.98
2026-01-27T00:42:15.835921Z,81.12,85.69,82.31,5.07,eco,0.05,33.06,7.49,97.4,930.3,9.55,627.4,1594.3,303.0,681.9,42.09,31.42,0.14,-0.32,8.89,RUN,OK,RUN,0.98
2026-01-27T00:42:16.035921Z,81.05,85.63,82.27,5.05,eco,0.05,33.06,7.42,97.38,938.7,9.64,626.7,1595.0,312.0,681.3,42.09,31.41,0.14,-0.32,8.895,RUN,OK,RUN,0.98
2026-01-27T00:42:16.235921Z,80.98,85.56,82.23,5.04,eco,0.05,33.06,7.34,97.37,947.1,9.73,626.0,1595.7,321.2,680.8,42.09,31.41,0.14,-0.32,8.9,RUN,OK,RUN,0.98
2026-01-27T00:42:16.435921Z,80.91,85.5,82.2,5.03,eco,0.05,33.06,7.27,97.35,955.6,9.82,625.3,1596.3,330.3,680.2,42.09,31.41,0.15,-0.32,8.904,RUN,OK,RUN,0.98
2026-01-27T00:42:16.635921Z,80.84,85.44,82.16,5.02,eco,0.05,33.06,7.19,97.33,964.0,9.9,624.6,1596.9,339.5,679.7,42.1,31.41,0.15,-0.32,8.909,RUN,OK,RUN,0.98
2026-01-27T00:42:16.835921Z,80.77,85.38,82.12,5.01,eco,0.05,33.06,7.12,97.31,972.5,9.99,623.9,1597.4,348.7,679.1,42.1,31.4,0.16,-0.32,8.913,RUN,OK,RUN,0.98
2026-01-27T00:42:17.035921Z,80.7,85.31,82.08,5.0,eco,0.05,33.06,7.04,97.29,981.1,10.08,623.2,1597.9,357.9,678.5,42.1,31.4,0.16,-0.32,8.918,RUN,OK,RUN,0.98
2026-01-27T00:42:17.235921Z,80.63,85.25,82.04,5.0,eco,0.05,33.06,6.97,97.28,989.6,10.17,622.5,1598.3,367.2,678.0,42.1,31.4,0.17,-0.32,8.922,RUN,OK,RUN,0.98
2026-01-27T00:42:17.435921Z,80.56,85.19,81.99,5.0,eco,0.05,33.05,6.89,97.26,998.2,10.26,621.8,1598.7,376.4,677.4,42.1,31.4,0.17,-0.32,8.927,RUN,OK,RUN,0.98
2026-01-27T00:42:17.635921Z,80.49,85.12,81.95,5.0,eco,0.05,33.05,6.82,97.24,1006.8,10.35,621.1,1599.0,385.7,676.9,42.11,31.4,0.17,-0.32,8.931,RUN,OK,RUN,0.98
2026-01-27T00:42:17.835921Z,80.42,85.06,81.91,5.01,eco,0.05,33.05,6.75,97.22,1015.5,10.44,620.4,1599.3,395.1,676.3,42.11,31.39,0.18,-0.31,8.936,RUN,OK,RUN,0.98
2026-01-27T00:42:18.035921Z,80.35,84.99,81.86,5.02,eco,0.05,33.05,6.67,97.21,1024.1,10.54,619.7,1599.6,404.4,675.8,42.11,31.39,0.18,-0.31,8.941,RUN,OK,RUN,0.98
2026-01-27T00:42:18.235921Z,80.28,84.92,81.81,5.03,eco,0.05,33.05,6.6,97.19,1032.8,10.63,619.0,1599.7,413.8,675.2,42.11,31.39,0.19,-0.31,8.945,RUN,OK,RUN,0.98
2026-01-27T00:42:18.435921Z,80.2,84.86,81.77,5.04,eco,0.05,33.05,6.53,97.17,1041.5,10.72,618.3,1599.9,423.2,674.7,42.11,31.39,0.19,-0.31,8.95,RUN,OK,RUN,0.98
2026-01-27T00:42:18.635921Z,80.13,84.79,81.72,5.06,eco,0.05,33.05,6.46,97.15,1050.3,10.81,617.6,1600.0,432.6,674.1,42.11,31.38,0.2,-0.31,8.954,RUN,OK,RUN,0.98
2026-01-27T00:42:18.835921Z,80.05,84.72,81.67,5.08,eco,0.05,33.05,6.39,97.13,1059.0,10.9,617.0,1600.0,442.0,673.6,42.12,31.38,0.2,-0.31,8.959,RUN,OK,RUN,0.98
2026-01-27T00:42:19.035921Z,79.98,84.65,81.62,5.1,eco,0.05,33.05,6.31,97.12,1067.8,10.99,616.3,1600.0,451.5,673.0,42.12,31.38,0.2,-0.31,8.963,RUN,OK,RUN,0.98
2026-01-27T00:42:19.235921Z,79.91,84.58,81.56,5.12,eco,0.05,33.05,6.24,97.1,1076.5,11.09,615.6,1599.9,460.9,672.5,42.12,31.38,0.21,-0.31,8.968,RUN,OK,RUN,0.98
2026-01-27T00:42:19.435921Z,79.83,84.51,81.51,5.15,eco,0.05,33.05,6.17,97.08,1085.3,11.18,614.9,1599.8,470.4,671.9,42.12,31.38,0.21,-0.31,8.972,RUN,OK,RUN,0.98
2026-01-27T00:42:19.635921Z,79.75,84.44,81.46,5.18,eco,0.05,33.04,6.1,97.06,1094.1,11.27,614.2,1599.6,479.9,671.4,42.12,31.37,0.22,-0.31,8.977,RUN,OK,RUN,0.98
2026-01-27T00:42:19.835921Z,79.68,84.37,81.4,5.21,eco,0.05,33.04,6.03,97.04,1102.9,11.37,613.5,1599.4,489.4,670.8,42.13,31.37,0.22,-0.3,8.981,RUN,OK,RUN,0.98
2026-01-27T00:42:20.035921Z,79.6,84.3,81.34,5.25,eco,0.05,33.04,5.96,97.02,1111.8,11.46,612.9,1599.2,498.9,670.3,42.13,31.37,0.23,-0.3,8.986,RUN,OK,RUN,0.98
2026-01-27T00:42:20.235921Z,79.52,84.23,81.29,5.28,eco,0.05,33.04,5.89,97.01,1120.6,11.55,612.2,1598.9,508.4,669.7,42.13,31.37,0.23,-0.3,8.99,RUN,OK,RUN,0.98
2026-01-27T00:42:20.435921Z,79.45,84.16,81.23,5.32,eco,0.05,33.04,5.83,96.99,1129.5,11.65,611.5,1598.5,518.0,669.2,42.13,31.37,0.23,-0.3,8.995,RUN,OK,RUN,0.98
2026-01-27T00:42:20.635921Z,79.37,84.09,81.17,5.37,eco,0.05,33.04,5.76,96.97,1138.3,11.74,610.8,1598.1,527.5,668.6,42.13,31.36,0.24,-0.3,8.999,RUN,OK,RUN,0.98
2026-01-27T00:42:20.835921Z,79.29,84.01,81.11,5.41,eco,0.05,33.04,5.69,96.95,1147.2,11.83,610.1,1597.6,537.0,668.1,42.13,31.36,0.24,-0.3,9.004,RUN,OK,RUN,0.98
2026-01-27T00:42:21.035921Z,79.21,83.94,81.04,5.46,eco,0.05,33.04,5.62,96.93,1156.1,11.93,609.5,1597.1,546.6,667.6,42.14,31.36,0.25,-0.3,9.008,RUN,OK,RUN,0.98
2026-01-27T00:42:21.235921Z,79.13,83.87,80.98,5.51,eco,0.05,33.04,5.56,96.91,1164.9,12.02,608.8,1596.6,556.2,667.0,42.14,31.36,0.25,-0.3,9.013,RUN,OK,RUN,0.98
2026-01-27T00:42:21.435921Z,79.05,83.79,80.92,5.56,eco,0.05,33.04,5.49,96.9,1173.8,12.11,608.1,1596.0,565.7,666.5,42.14,31.36,0.26,-0.3,9.017,RUN,OK,RUN,0.98
2026-01-27T00:42:21.635921Z,78.97,83.72,80.85,5.62,eco,0.05,33.04,5.42,96.88,1182.7,12.21,607.4,1595.3,575.3,665.9,42.14,31.35,0.26,-0.3,9.022,RUN,OK,RUN,0.98
2026-01-27T00:42:21.835921Z,78.89,83.64,80.78,5.68,eco,0.05,33.04,5.36,96.86,1191.6,12.3,606.7,1594.6,584.8,665.4,42.14,31.35,0.26,-0.29,9.026,RUN,OK,RUN,0.98
2026-01-27T00:42:22.035921Z,78.81,83.57,80.72,5.74,eco,0.05,33.04,5.29,96.84,1200.5,12.4,606.1,1593.9,594.4,664.9,42.15,31.35,0.27,-0.29,9.031,RUN,OK,RUN,0.98
2026-01-27T00:42:22.235921Z,78.73,83.49,80.65,5.8,eco,0.05,33.03,5.23,96.82,1209.4,12.49,605.4,1593.0,604.0,664.3,42.15,31.35,0.27,-0.29,9.035,RUN,OK,RUN,0.98
2026-01-27T00:42:22.435921Z,78.65,83.42,80.58,5.87,eco,0.05,33.03,5.17,96.8,1218.2,12.58,604.7,1592.2,613.5,663.8,42.15,31.34,0.28,-0.29,9.04,RUN,OK,RUN,0.98
2026-01-27T00:42:22.635921Z,78.57,83.34,80.5,5.93,eco,0.05,33.03,5.1,96.78,1227.1,12.68,604.1,1591.3,623.1,663.2,42.15,31.34,0.28,-0.29,9.044,RUN,OK,RUN,0.98
2026-01-27T00:42:22.835921Z,78.49,83.26,80.43,6.01,eco,0.05,33.03,5.04,96.77,1236.0,12.77,603.4,1590.3,632.6,662.7,42.16,31.34,0.28,-0.29,9.049,RUN,OK,RUN,0.98
2026-01-27T00:42:23.035921Z,78.4,83.18,80.36,6.08,eco,0.05,33.03,4.98,96.75,1244.9,12.87,602.7,1589.3,642.2,662.2,42.16,31.34,0.29,-0.29,9.053,RUN,OK,RUN,0.98
2026-01-27T00:42:23.235921Z,78.32,83.11,80.28,6.15,eco,0.05,33.03,4.91,96.73,1253.8,12.96,602.0,1588.3,651.7,661.6,42.16,31.34,0.29,-0.29,9.058,RUN,OK,RUN,0.98
2026-01-27T00:42:23.435921Z,78.24,83.03,80.21,6.23,eco,0.05,33.03,4.85,96.71,1262.6,13.06,601.4,1587.2,661.3,661.1,42.16,31.33,0.3,-0.29,9.062,RUN,OK,RUN,0.98
2026-01-27T00:42:23.635921Z,78.15,82.95,80.13,6.31,eco,0.05,33.03,4.79,96.69,1271.5,13.15,600.7,1586.1,670.8,660.6,42.16,31.33,0.3,-0.29,9.067,RUN,OK,RUN,0.98
2026-01-27T00:42:23.835921Z,78.07,82.87,80.05,6.4,eco,0.05,33.03,4.73,96.67,1280.3,13.24,600.0,1584.9,680.3,660.0,42.17,31.33,0.31,-0.28,9.071,RUN,OK,RUN,0.98
2026-01-27T00:42:24.035921Z,77.98,82.79,79.97,6.48,eco,0.05,33.03,4.67,96.65,1289.2,13.34,599.4,1583.6,689.8,659.5,42.17,31.33,0.31,-0.28,9.075,RUN,OK,RUN,0.98
2026-01-27T00:42:24.235921Z,77.9,82.71,79.89,6.57,eco,0.05,33.03,4.61,96.63,1298.0,13.43,598.7,1582.3,699.3,659.0,42.17,31.33,0.31,-0.28,9.08,RUN,OK,RUN,0.98
2026-01-27T00:42:24.435921Z,77.81,82.63,79.81,6.66,eco,0.05,33.03,4.55,96.61,1306.8,13.53,598.0,1581.0,708.8,658.4,42.17,31.32,0.32,-0.28,9.084,RUN,OK,RUN,0.98
2026-01-27T00:42:24.635921Z,77.73,82.55,79.73,6.75,eco,0.05,33.03,4.5,96.6,1315.6,13.62,597.4,1579.6,718.2,657.9,42.17,31.32,0.32,-0.28,9.089,RUN,OK,RUN,0.98
2026-01-27T00:42:24.835921Z,77.64,82.47,79.64,6.85,eco,0.05,33.03,4.44,96.58,1324.4,13.71,596.7,1578.2,727.7,657.4,42.18,31.32,0.33,-0.28,9.093,RUN,OK,RUN,0.98
2026-01-27T00:42:25.035921Z,77.56,82.38,79.56,6.94,eco,0.05,33.03,4.38,96.56,1333.2,13.81,596.1,1576.7,737.1,656.8,42.18,31.32,0.33,-0.28,9.098,RUN,OK,RUN,0.98
2026-01-27T00:42:25.235921Z,77.47,82.3,79.47,7.04,eco,0.05,33.02,4.32,96.54,1341.9,13.9,595.4,1575.2,746.5,656.3,42.18,31.32,0.34,-0.28,9.102,RUN,OK,RUN,0.98
2026-01-27T00:42:25.435921Z,77.38,82.22,79.38,7.15,eco,0.05,33.02,4.27,96.52,1350.7,13.99,594.7,1573.6,755.9,655.8,42.18,31.31,0.34,-0.28,9.106,RUN,OK,RUN,0.98
2026-01-27T00:42:25.635921Z,77.3,82.14,79.29,7.25,eco,0.05,33.02,4.21,96.5,1359.4,14.09,594.1,1572.0,765.3,655.3,42.19,31.31,0.34,-0.28,9.111,RUN,OK,RUN,0.98
2026-01-27T00:42:25.835921Z,77.21,82.05,79.2,7.36,eco,0.05,33.02,4.16,96.48,1368.1,14.18,593.4,1570.3,774.7,654.7,42.19,31.31,0.35,-0.27,9.115,RUN,OK,RUN,0.98
2026-01-27T00:42:26.035921Z,77.12,81.97,79.11,7.47,eco,0.05,33.02,4.1,96.46,1376.8,14.27,592.8,1568.6,784.0,654.2,42.19,31.31,0.35,-0.27,9.12,RUN,OK,RUN,0.98
2026-01-27T00:42:26.235921Z,77.03,81.88,79.02,7.58,eco,0.05,33.02,4.05,96.44,1385.4,14.37,592.1,1566.8,793.3,653.7,42.19,31.31,0.36,-0.27,9.124,RUN,OK,RUN,0.98
2026-01-27T00:42:26.435921Z,76.94,81.8,78.93,7.69,eco,0.05,33.02,4.0,96.42,1394.1,14.46,591.4,1565.0,802.6,653.2,42.2,31.31,0.36,-0.27,9.128,RUN,OK,RUN,0.98
2026-01-27T00:42:26.635921Z,76.86,81.72,78.83,7.81,eco,0.05,33.02,3.94,96.4,1402.7,14.55,590.8,1563.1,811.9,652.6,42.2,31.3,0.36,-0.27,9.133,RUN,OK,RUN,0.98
2026-01-27T00:42:26.835921Z,76.77,81.63,78.74,7.92,eco,0.05,33.02,3.89,96.39,1411.3,14.64,590.1,1561.2,821.1,652.1,42.2,31.3,0.37,-0.27,9.137,RUN,OK,RUN,0.98
2026-01-27T00:42:27.035921Z,76.68,81.54,78.64,8.04,eco,0.05,33.02,3.84,96.37,1419.8,14.73,589.5,1559.3,830.4,651.6,42.2,31.3,0.37,-0.27,9.142,RUN,OK,RUN,0.98
2026-01-27T00:42:27.235921Z,76.59,81.46,78.54,8.16,eco,0.05,33.02,3.79,96.35,1428.4,14.83,588.8,1557.3,839.5,651.1,42.21,31.3,0.38,-0.27,9.146,RUN,OK,RUN,0.98
2026-01-27T00:42:27.435921Z,76.5,81.37,78.45,8.29,eco,0.05,33.02,3.74,96.33,1436.9,14.92,588.2,1555.2,848.7,650.5,42.21,31.3,0.38,-0.27,9.15,RUN,OK,RUN,0.98
2026-01-27T00:42:27.635921Z,76.41,81.29,78.35,8.41,eco,0.05,33.02,3.69,96.31,1445.3,15.01,587.5,1553.1,857.8,650.0,42.21,31.29,0.39,-0.26,9.155,RUN,OK,RUN,0.98
2026-01-27T00:42:27.835921Z,76.32,81.2,78.25,8.54,eco,0.05,33.02,3.64,96.29,1453.8,15.1,586.9,1551.0,866.9,649.5,42.21,31.29,0.39,-0.26,9.159,RUN,OK,RUN,0.98
2026-01-27T00:42:28.035921Z,76.23,81.11,78.14,8.67,eco,0.05,33.02,3.59,96.27,1462.2,15.19,586.2,1548.8,876.0,649.0,42.22,31.29,0.39,-0.26,9.163,RUN,OK,RUN,0.98
2026-01-27T00:42:28.235921Z,76.13,81.02,78.04,8.8,eco,0.05,33.02,3.54,96.25,1470.6,15.28,585.6,1546.6,885.0,648.5,42.22,31.29,0.4,-0.26,9.168,RUN,OK,RUN,0.98
2026-01-27T00:42:28.435921Z,76.04,80.94,77.94,8.94,eco,0.05,33.02,3.5,96.23,1478.9,15.37,584.9,1544.3,894.0,647.9,42.22,31.29,0.4,-0.26,9.172,RUN,OK,RUN,0.98
2026-01-27T00:42:28.635921Z,75.95,80.85,77.83,9.07,eco,0.05,33.01,3.45,96.21,1487.2,15.46,584.3,1542.0,903.0,647.4,42.22,31.28,0.41,-0.26,9.176,RUN,OK,RUN,0.98
2026-01-27T00:42:28.835921Z,75.86,80.76,77.73,9.21,eco,0.05,33.01,3.41,96.19,1495.5,15.55,583.6,1539.6,911.9,646.9,42.23,31.28,0.41,-0.26,9.181,RUN,OK,RUN,0.98
2026-01-27T00:42:29.035921Z,75.77,80.67,77.62,9.35,eco,0.05,33.01,3.36,96.17,1503.8,15.64,583.0,1537.2,920.8,646.4,42.23,31.28,0.41,-0.26,9.185,RUN,OK,RUN,0.98
2026-01-27T00:42:29.235921Z,75.67,80.58,77.51,9.49,eco,0.05,33.01,3.32,96.15,1512.0,15.72,582.3,1534.8,929.6,645.9,42.23,31.28,0.42,-0.26,9.189,RUN,OK,RUN,0.98
2026-01-27T00:42:29.435921Z,75.58,80.49,77.4,9.64,eco,0.05,33.01,3.27,96.13,1520.1,15.81,581.7,1532.3,938.4,645.4,42.23,31.28,0.42,-0.26,9.194,RUN,OK,RUN,0.98
2026-01-27T00:42:29.635921Z,75.49,80.4,77.29,9.78,eco,0.05,33.01,3.23,96.11,1528.3,15.9,581.1,1529.8,947.2,644.8,42.24,31.27,0.43,-0.25,9.198,RUN,OK,RUN,0.98
2026-01-27T00:42:29.835921Z,75.4,80.31,77.18,9.93,eco,0.05,33.01,3.19,96.09,1536.3,15.99,580.4,1527.2,955.9,644.3,42.24,31.27,0.43,-0.25,9.202,RUN,OK,RUN,0.98
2026-01-27T00:42:30.035921Z,75.3,80.22,77.07,10.08,eco,0.05,33.01,3.15,96.08,1544.4,16.07,579.8,1524.5,964.6,643.8,42.24,31.27,0.43,-0.25,9.206,RUN,OK,RUN,0.98
2026-01-27T00:42:30.235921Z,75.21,80.13,76.96,10.23,eco,0.05,33.01,3.11,96.06,1552.4,16.16,579.1,1521.9,973.3,643.3,42.24,31.27,0.44,-0.25,9.211,RUN,OK,RUN,0.98
2026-01-27T00:42:30.435921Z,75.11,80.04,76.84,10.38,eco,0.05,33.01,3.07,96.04,1560.4,16.25,578.5,1519.2,981.9,642.8,42.25,31.27,0.44,-0.25,9.215,RUN,OK,RUN,0.98
2026-01-27T00:42:30.635921Z,75.02,79.95,76.73,10.54,eco,0.05,33.01,3.03,96.02,1568.3,16.33,577.9,1516.4,990.4,642.3,42.25,31.27,0.45,-0.25,9.219,RUN,OK,RUN,0.98
2026-01-27T00:42:30.835921Z,74.93,79.86,76.61,10.69,eco,0.05,33.01,2.99,96.0,1576.1,16.42,577.2,1513.6,998.9,641.8,42.25,31.26,0.45,-0.25,9.223,RUN,OK,RUN,0.98
2026-01-27T00:42:31.035921Z,74.83,79.76,76.5,10.85,eco,0.05,33.01,2.95,95.98,1584.0,16.5,576.6,1510.8,1007.4,641.3,42.25,31.26,0.46,-0.25,9.228,RUN,OK,RUN,0.98
2026-01-27T00:42:31.235921Z,74.74,79.67,76.38,11.01,eco,0.05,33.01,2.91,95.96,1591.7,16.59,576.0,1507.9,1015.8,640.8,42.26,31.26,0.46,-0.25,9.232,RUN,OK,RUN,0.98
2026-01-27T00:42:31.435921Z,74.64,79.58,76.26,11.17,eco,0.05,33.01,2.87,95.94,1599.5,16.67,575.3,1505.0,1024.1,640.3,42.26,31.26,0.46,-0.24,9.236,RUN,OK,RUN,0.98
2026-01-27T00:42:31.635921Z,74.55,79.49,76.14,11.33,eco,0.05,33.01,2.84,95.92,1607.1,16.76,574.7,1502.0,1032.4,639.7,42.26,31.26,0.47,-0.24,9.24,RUN,OK,RUN,0.98
2026-01-27T00:42:31.835921Z,74.45,79.39,76.02,11.5,eco,0.05,33.01,2.8,95.9,1614.8,16.84,574.1,1499.0,1040.7,639.2,42.26,31.26,0.47,-0.24,9.245,RUN,OK,RUN,0.98
2026-01-27T00:42:32.035921Z,74.36,79.3,75.9,11.66,eco,0.05,33.01,2.77,95.88,1622.3,16.92,573.4,1495.9,1048.9,638.7,42.27,31.25,0.48,-0.24,9.249,RUN,OK,RUN,0.98
2026-01-27T00:42:32.235921Z,74.26,79.21,75.78,11.83,eco,0.05,33.01,2.73,95.86,1629.9,17.0,572.8,1492.8,1057.1,638.2,42.27,31.25,0.48,-0.24,9.253,RUN,OK,RUN,0.98
2026-01-27T00:42:32.435921Z,74.16,79.11,75.66,12.0,eco,0.05,33.01,2.7,95.84,1637.3,17.08,572.2,1489.7,1065.2,637.7,42.27,31.25,0.48,-0.24,9.257,RUN,OK,RUN,0.98
2026-01-27T00:42:32.635921Z,74.07,79.02,75.54,12.17,eco,0.05,33.01,2.67,95.82,1644.7,17.16,571.5,1486.5,1073.2,637.2,42.28,31.25,0.49,-0.24,9.261,RUN,OK,RUN,0.98
2026-01-27T00:42:32.835921Z,73.97,78.93,75.41,12.34,eco,0.05,33.01,2.64,95.8,1652.1,17.25,570.9,1483.3,1081.2,636.7,42.28,31.25,0.49,-0.24,9.266,RUN,OK,RUN,0.98
2026-01-27T00:42:33.035921Z,73.88,78.83,75.29,12.51,eco,0.05,33.01,2.61,95.78,1659.4,17.33,570.3,1480.1,1089.1,636.2,42.28,31.24,0.5,-0.24,9.27,RUN,OK,RUN,0.98
2026-01-27T00:42:33.235921Z,73.78,78.74,75.16,12.69,eco,0.05,33.01,2.58,95.76,1666.7,17.4,569.7,1476.8,1097.0,635.7,42.28,31.24,0.5,-0.23,9.274,RUN,OK,RUN,0.98
2026-01-27T00:42:33.435921Z,73.68,78.64,75.04,12.86,eco,0.05,33.01,2.55,95.74,1673.8,17.48,569.0,1473.5,1104.8,635.2,42.29,31.24,0.5,-0.23,9.278,RUN,OK,RUN,0.98
2026-01-27T00:42:33.635921Z,73.58,78.55,74.91,13.04,eco,0.05,33.01,2.52,95.72,1681.0,17.56,568.4,1470.1,1112.6,634.7,42.29,31.24,0.51,-0.23,9.282,RUN,OK,RUN,0.98
2026-01-27T00:42:33.835921Z,73.49,78.45,74.78,13.22,eco,0.05,33.0,2.49,95.7,1688.1,17.64,567.8,1466.7,1120.3,634.2,42.29,31.24,0.51,-0.23,9.286,RUN,OK,RUN,0.98
2026-01-27T00:42:34.035921Z,73.39,78.36,74.65,13.4,eco,0.05,33.0,2.46,95.68,1695.1,17.72,567.2,1463.2,1127.9,633.7,42.3,31.24,0.52,-0.23,9.291,RUN,OK,RUN,0.98
2026-01-27T00:42:34.235921Z,73.29,78.26,74.52,13.58,eco,0.05,33.0,2.44,95.66,1702.0,17.79,566.5,1459.7,1135.5,633.2,42.3,31.23,0.52,-0.23,9.295,RUN,OK,RUN,0.98
2026-01-27T00:42:34.435921Z,73.19,78.17,74.4,13.76,eco,0.05,33.0,2.41,95.64,1708.9,17.87,565.9,1456.2,1143.0,632.7,42.3,31.23,0.52,-0.23,9.299,RUN,OK,RUN,0.98
2026-01-27T00:42:34.635921Z,73.1,78.07,74.27,13.94,eco,0.05,33.0,2.39,95.62,1715.7,17.94,565.3,1452.7,1150.4,632.2,42.3,31.23,0.53,-0.23,9.303,RUN,OK,RUN,0.98
2026-01-27T00:42:34.835921Z,73.0,77.97,74.13,14.12,eco,0.05,33.0,2.36,95.6,1722.5,18.02,564.7,1449.1,1157.8,631.7,42.31,31.23,0.53,-0.23,9.307,RUN,OK,RUN,0.98
2026-01-27T00:42:35.035921Z,72.9,77.88,74.0,14.31,eco,0.05,33.0,2.34,95.58,1729.2,18.09,564.1,1445.4,1165.1,631.2,42.31,31.23,0.54,-0.22,9.311,RUN,OK,RUN,0.98
2026-01-27T00:42:35.235921Z,72.8,77.78,73.87,14.49,eco,0.05,33.0,2.32,95.56,1735.8,18.16,563.4,1441.8,1172.4,630.8,42.31,31.23,0.54,-0.22,9.315,RUN,OK,RUN,0.98
2026-01-27T00:42:35.435921Z,72.7,77.68,73.74,14.68,eco,0.05,33.0,2.29,95.54,1742.4,18.24,562.8,1438.0,1179.6,630.3,42.32,31.22,0.54,-0.22,9.319,RUN,OK,RUN,0.98
2026-01-27T00:42:35.635921Z,72.61,77.59,73.61,14.87,eco,0.05,33.0,2.27,95.52,1748.9,18.31,562.2,1434.3,1186.7,629.8,42.32,31.22,0.55,-0.22,9.324,RUN,OK,RUN,0.98
2026-01-27T00:42:35.835921Z,72.51,77.49,73.47,15.06,eco,0.05,33.0,2.25,95.5,1755.3,18.38,561.6,1430.5,1193.7,629.3,42.32,31.22,0.55,-0.22,9.328,RUN,OK,RUN,0.98
2026-01-27T00:42:36.035921Z,72.41,77.39,73.34,15.24,eco,0.05,33.0,2.23,95.48,1761.7,18.45,561.0,1426.7,1200.7,628.8,42.33,31.22,0.56,-0.22,9.332,RUN,OK,RUN,0.98
2026-01-27T00:42:36.235921Z,72.31,77.3,73.21,15.43,eco,0.05,33.0,2.21,95.46,1768.0,18.52,560.4,1422.8,1207.6,628.3,42.33,31.22,0.56,-0.22,9.336,RUN,OK,RUN,0.98
2026-01-27T00:42:36.435921Z,72.21,77.2,73.07,15.63,eco,0.05,33.0,2.2,95.44,1774.2,18.59,559.8,1419.0,1214.5,627.8,42.33,31.22,0.56,-0.22,9.34,RUN,OK,RUN,0.98
2026-01-27T00:42:36.635921Z,72.11,77.1,72.94,15.82,eco,0.05,33.0,2.18,95.42,1780.4,18.66,559.2,1415.0,1221.2,627.3,42.33,31.21,0.57,-0.22,9.344,RUN,OK,RUN,0.98
2026-01-27T00:42:36.835921Z,72.01,77.0,72.8,16.01,eco,0.05,33.0,2.16,95.4,1786.5,18.73,558.5,1411.1,1227.9,626.8,42.34,31.21,0.57,-0.21,9.348,RUN,OK,RUN,0.98
2026-01-27T00:42:37.035921Z,71.91,76.9,72.66,16.2,eco,0.05,33.0,2.15,95.38,1792.5,18.79,557.9,1407.1,1234.5,626.3,42.34,31.21,0.58,-0.21,9.352,RUN,OK,RUN,0.98
2026-01-27T00:42:37.235921Z,71.81,76.81,72.53,16.4,eco,0.05,33.0,2.13,95.36,1798.4,18.86,557.3,1403.1,1241.1,625.9,42.34,31.21,0.58,-0.21,9.356,RUN,OK,RUN,0.98
2026-01-27T00:42:37.435921Z,71.72,76.71,72.39,16.59,eco,0.05,33.0,2.12,95.34,1804.3,18.92,556.7,1399.0,1247.5,625.4,42.35,31.21,0.58,-0.21,9.36,RUN,OK,RUN,0.98
2026-01-27T00:42:37.635921Z,71.62,76.61,72.25,16.79,eco,0.05,33.0,2.1,95.32,1810.0,18.99,556.1,1394.9,1253.9,624.9,42.35,31.21,0.59,-0.21,9.364,RUN,OK,RUN,0.98
2026-01-27T00:42:37.835921Z,71.52,76.51,72.12,16.98,eco,0.05,33.0,2.09,95.3,1815.8,19.05,555.5,1390.8,1260.2,624.4,42.35,31.2,0.59,-0.21,9.368,RUN,OK,RUN,0.98
2026-01-27T00:42:38.035921Z,71.42,76.41,71.98,17.18,eco,0.05,33.0,2.08,95.28,1821.4,19.12,554.9,1386.6,1266.5,623.9,42.36,31.2,0.6,-0.21,9.372,RUN,OK,RUN,0.98
2026-01-27T00:42:38.235921Z,71.32,76.31,71.84,17.37,eco,0.05,33.0,2.07,95.26,1827.0,19.18,554.3,1382.5,1272.6,623.4,42.36,31.2,0.6,-0.21,9.376,RUN,OK,RUN,0.98
2026-01-27T00:42:38.435921Z,71.22,76.21,71.7,17.57,eco,0.05,33.0,2.06,95.24,1832.4,19.24,553.7,1378.2,1278.7,623.0,42.36,31.2,0.6,-0.21,9.38,RUN,OK,RUN,0.98
2026-01-27T00:42:38.635921Z,71.12,76.11,71.56,17.77,eco,0.05,33.0,2.05,95.22,1837.8,19.3,553.1,1374.0,1284.7,622.5,42.37,31.2,0.61,-0.2,9.384,RUN,OK,RUN,0.98
2026-01-27T00:42:38.835921Z,71.02,76.02,71.42,17.97,eco,0.05,33.0,2.04,95.2,1843.2,19.36,552.5,1369.7,1290.7,622.0,42.37,31.2,0.61,-0.2,9.388,RUN,OK,RUN,0.98
2026-01-27T00:42:39.035921Z,70.92,75.92,71.28,18.17,eco,0.05,33.0,2.03,95.18,1848.4,19.42,551.9,1365.4,1296.5,621.5,42.37,31.19,0.62,-0.2,9.392,RUN,OK,RUN,0.98
2026-01-27T00:42:39.235921Z,70.82,75.82,71.15,18.36,eco,0.05,33.0,2.03,95.16,1853.6,19.48,551.3,1361.1,1302.3,621.0,42.38,31.19,0.62,-0.2,9.396,RUN,OK,RUN,0.98
2026-01-27T00:42:39.435921Z,70.72,75.72,71.01,18.56,eco,0.05,33.0,2.02,95.14,1858.7,19.54,550.7,1356.7,1308.0,620.6,42.38,31.19,0.62,-0.2,9.4,RUN,OK,RUN,0.98
2026-01-27T00:42:39.635921Z,70.62,75.62,70.87,18.76,eco,0.05,33.0,2.02,95.12,1863.7,19.59,550.1,1352.3,1313.6,620.1,42.38,31.19,0.63,-0.2,9.404,RUN,OK,RUN,0.98
2026-01-27T00:42:39.835921Z,70.52,75.52,70.73,18.96,eco,0.05,33.0,2.01,95.1,1868.6,19.65,549.5,1347.8,1319.1,619.6,42.38,31.19,0.63,-0.2,9.408,RUN,OK,RUN,0.98
2026-01-27T00:42:40.035921Z,70.42,75.42,70.59,19.16,eco,0.05,33.0,2.01,95.08,1873.4,19.7,548.9,1343.4,1324.5,619.1,42.39,31.19,0.63,-0.2,9.412,RUN,OK,RUN,0.98
2026-01-27T00:42:40.235921Z,70.32,75.32,70.45,19.36,eco,0.05,33.0,2.0,95.06,1878.2,19.76,548.3,1338.9,1329.9,618.7,42.39,31.19,0.64,-0.2,9.416,RUN,OK,RUN,0.98
2026-01-27T00:42:40.435921Z,70.22,75.22,70.31,19.56,eco,0.05,33.0,2.0,95.04,1882.9,19.81,547.7,1334.4,1335.1,618.2,42.39,31.18,0.64,-0.19,9.419,RUN,OK,RUN,0.98
2026-01-27T00:42:40.635921Z,70.12,75.12,70.17,19.76,eco,0.05,33.0,2.0,95.02,1887.5,19.86,547.2,1329.8,1340.3,617.7,42.4,31.18,0.65,-0.19,9.423,RUN,OK,RUN,0.98
2026-01-27T00:42:40.835921Z,70.02,75.02,70.03,19.96,eco,0.05,33.0,2.0,95.0,1892.0,19.91,546.6,1325.3,1345.4,617.2,42.4,31.18,0.65,-0.19,9.427,RUN,OK,RUN,0.98
2026-01-27T00:42:41.035921Z,69.92,74.92,69.89,20.16,eco,0.05,33.0,2.0,94.98,1896.4,19.97,546.0,1320.7,1350.4,616.8,42.4,31.18,0.65,-0.19,9.431,RUN,OK,RUN,0.98
2026-01-27T00:42:41.235921Z,69.82,74.82,69.75,20.36,eco,0.05,33.0,2.0,94.96,1900.7,20.02,545.4,1316.1,1355.3,616.3,42.41,31.18,0.66,-0.19,9.435,RUN,OK,RUN,0.98
2026-01-27T00:42:41.435921Z,69.72,74.72,69.61,20.56,eco,0.05,33.0,2.0,94.94,1905.0,20.06,544.8,1311.4,1360.2,615.8,42.41,31.18,0.66,-0.19,9.439,RUN,OK,RUN,0.98
2026-01-27T00:42:41.635921Z,69.62,74.62,69.47,20.76,eco,0.05,33.0,2.01,94.92,1909.1,20.11,544.2,1306.7,1364.9,615.4,42.41,31.18,0.67,-0.19,9.443,RUN,OK,RUN,0.98
2026-01-27T00:42:41.835921Z,69.52,74.52,69.33,20.96,eco,0.05,33.0,2.01,94.9,1913.2,20.16,543.6,1302.0,1369.6,614.9,42.42,31.17,0.67,-0.19,9.447,RUN,OK,RUN,0.98
2026-01-27T00:42:42.035921Z,69.42,74.42,69.19,21.16,eco,0.05,33.0,2.01,94.88,1917.2,20.21,543.0,1297.3,1374.1,614.4,42.42,31.17,0.67,-0.18,9.45,RUN,OK,RUN,0.98
2026-01-27T00:42:42.235921Z,69.32,74.32,69.05,21.36,eco,0.05,33.0,2.02,94.86,1921.1,20.25,542.5,1292.6,1378.6,614.0,42.42,31.17,0.68,-0.18,9.454,RUN,OK,RUN,0.98
2026-01-27T00:42:42.435921Z,69.22,74.22,68.91,21.56,eco,0.05,33.0,2.02,94.84,1924.9,20.3,541.9,1287.8,1383.0,613.5,42.43,31.17,0.68,-0.18,9.458,RUN,OK,RUN,0.98
2026-01-27T00:42:42.635921Z,69.12,74.12,68.77,21.76,eco,0.05,33.0,2.03,94.82,1928.6,20.34,541.3,1283.0,1387.3,613.0,42.43,31.17,0.68,-0.18,9.462,RUN,OK,RUN,0.98
2026-01-27T00:42:42.835921Z,69.02,74.02,68.63,21.96,eco,0.05,33.0,2.04,94.8,1932.2,20.38,540.7,1278.2,1391.5,612.6,42.44,31.17,0.69,-0.18,9.466,RUN,OK,RUN,0.98
2026-01-27T00:42:43.035921Z,68.92,73.92,68.49,22.15,eco,0.05,33.0,2.05,94.78,1935.7,20.42,540.1,1273.3,1395.6,612.1,42.44,31.16,0.69,-0.18,9.47,RUN,OK,RUN,0.98
2026-01-27T00:42:43.235921Z,68.82,73.82,68.35,22.35,eco,0.05,33.0,2.06,94.76,1939.2,20.46,539.6,1268.5,1399.6,611.6,42.44,31.16,0.7,-0.18,9.473,RUN,OK,RUN,0.98
2026-01-27T00:42:43.435921Z,68.72,73.72,68.21,22.55,eco,0.05,33.0,2.07,94.74,1942.5,20.5,539.0,1263.6,1403.6,611.2,42.45,31.16,0.7,-0.18,9.477,RUN,OK,RUN,0.98
2026-01-27T00:42:43.635921Z,68.62,73.62,68.08,22.75,eco,0.05,33.0,2.08,94.72,1945.8,20.54,538.4,1258.7,1407.4,610.7,42.45,31.16,0.7,-0.18,9.481,RUN,OK,RUN,0.98
2026-01-27T00:42:43.835921Z,68.52,73.52,67.94,22.94,eco,0.05,33.0,2.09,94.7,1949.0,20.58,537.8,1253.7,1411.1,610.3,42.45,31.16,0.71,-0.17,9.485,RUN,OK,RUN,0.98
2026-01-27T00:42:44.035921Z,68.42,73.42,67.8,23.14,eco,0.05,33.0,2.1,94.68,1952.1,20.62,537.3,1248.8,1414.8,609.8,42.46,31.16,0.71,-0.17,9.488,RUN,OK,RUN,0.98
2026-01-27T00:42:44.235921Z,68.32,73.32,67.66,23.33,eco,0.05,33.0,2.11,94.66,1955.0,20.65,536.7,1243.8,1418.4,609.3,42.46,31.16,0.71,-0.17,9.492,RUN,OK,RUN,0.98
2026-01-27T00:42:44.435921Z,68.22,73.21,67.53,23.53,eco,0.05,33.0,2.13,94.64,1957.9,20.69,536.1,1238.8,1421.8,608.9,42.46,31.15,0.72,-0.17,9.496,RUN,OK,RUN,0.98
2026-01-27T00:42:44.635921Z,68.12,73.11,67.39,23.72,eco,0.05,33.0,2.14,94.62,1960.7,20.72,535.5,1233.8,1425.2,608.4,42.47,31.15,0.72,-0.17,9.5,RUN,OK,RUN,0.98
2026-01-27T00:42:44.835921Z,68.03,73.01,67.25,23.92,eco,0.05,33.0,2.16,94.6,1963.4,20.75,535.0,1228.8,1428.5,608.0,42.47,31.15,0.73,-0.17,9.503,RUN,OK,RUN,0.98
2026-01-27T00:42:45.035921Z,67.93,72.91,67.12,24.11,eco,0.05,33.0,2.17,94.58,1966.0,20.79,534.4,1223.7,1431.6,607.5,42.47,31.15,0.73,-0.17,9.507,RUN,OK,RUN,0.98
2026-01-27T00:42:45.235921Z,67.83,72.81,66.98,24.3,eco,0.05,33.0,2.19,94.56,1968.6,20.82,533.8,1218.6,1434.7,607.1,42.48,31.15,0.73,-0.17,9.511,RUN,OK,RUN,0.98
2026-01-27T00:42:45.435921Z,67.73,72.71,66.85,24.49,eco,0.05,33.0,2.21,94.54,1971.0,20.85,533.3,1213.5,1437.7,606.6,42.48,31.15,0.74,-0.16,9.515,RUN,OK,RUN,0.98
2026-01-27T00:42:45.635921Z,67.63,72.61,66.71,24.68,eco,0.05,33.0,2.23,94.52,1973.3,20.88,532.7,1208.4,1440.6,606.2,42.48,31.15,0.74,-0.16,9.518,RUN,OK,RUN,0.98
2026-01-27T00:42:45.835921Z,67.53,72.51,66.58,24.87,eco,0.05,33.0,2.24,94.5,1975.5,20.9,532.1,1203.3,1443.4,605.7,42.49,31.15,0.74,-0.16,9.522,RUN,OK,RUN,0.98
2026-01-27T00:42:46.035921Z,67.43,72.41,66.45,25.06,eco,0.05,33.0,2.26,94.48,1977.7,20.93,531.6,1198.2,1446.1,605.3,42.49,31.14,0.75,-0.16,9.526,RUN,OK,RUN,0.98
2026-01-27T00:42:46.235921Z,67.33,72.31,66.31,25.25,eco,0.05,33.0,2.29,94.46,1979.7,20.96,531.0,1193.0,1448.7,604.8,42.5,31.14,0.75,-0.16,9.529,RUN,OK,RUN,0.98
2026-01-27T00:42:46.435921Z,67.24,72.21,66.18,25.43,eco,0.05,33.0,2.31,94.45,1981.6,20.98,530.4,1187.8,1451.2,604.4,42.5,31.14,0.76,-0.16,9.533,RUN,OK,RUN,0.98
2026-01-27T00:42:46.635921Z,67.14,72.11,66.05,25.62,eco,0.05,33.0,2.33,94.43,1983.5,21.01,529.9,1182.7,1453.6,603.9,42.5,31.14,0.76,-0.16,9.537,RUN,OK,RUN,0.98
2026-01-27T00:42:46.835921Z,67.04,72.01,65.92,25.81,eco,0.05,33.0,2.35,94.41,1985.2,21.03,529.3,1177.4,1455.9,603.5,42.51,31.14,0.76,-0.16,9.54,RUN,OK,RUN,0.98
2026-01-27T00:42:47.035921Z,66.94,71.91,65.79,25.99,eco,0.05,33.0,2.38,94.39,1986.9,21.05,528.8,1172.2,1458.1,603.0,42.51,31.14,0.77,-0.16,9.544,RUN,OK,RUN,0.98
2026-01-27T00:42:47.235921Z,66.84,71.82,65.66,26.17,eco,0.05,33.0,2.4,94.37,1988.4,21.07,528.2,1167.0,1460.2,602.6,42.51,31.14,0.77,-0.15,9.548,RUN,OK,RUN,0.98
2026-01-27T00:42:47.435921Z,66.75,71.72,65.53,26.35,eco,0.05,33.0,2.43,94.35,1989.9,21.09,527.7,1161.8,1462.2,602.1,42.52,31.13,0.77,-0.15,9.551,RUN,OK,RUN,0.98
2026-01-27T00:42:47.635921Z,66.65,71.62,65.4,26.53,eco,0.05,33.0,2.45,94.33,1991.3,21.11,527.1,1156.5,1464.2,601.7,42.52,31.13,0.78,-0.15,9.555,RUN,OK,RUN,0.98
2026-01-27T00:42:47.835921Z,66.55,71.52,65.27,26.71,eco,0.05,33.0,2.48,94.31,1992.5,21.13,526.5,1151.2,1466.0,601.2,42.53,31.13,0.78,-0.15,9.559,RUN,OK,RUN,0.98
2026-01-27T00:42:48.035921Z,66.45,71.42,65.14,26.89,eco,0.05,33.01,2.51,94.29,1993.7,21.14,526.0,1145.9,1467.7,600.8,42.53,31.13,0.79,-0.15,9.562,RUN,OK,RUN,0.98
2026-01-27T00:42:48.235921Z,66.36,71.32,65.01,27.07,eco,0.05,33.01,2.54,94.27,1994.7,21.16,525.4,1140.6,1469.3,600.3,42.53,31.13,0.79,-0.15,9.566,RUN,OK,RUN,0.98
2026-01-27T00:42:48.435921Z,66.26,71.22,64.89,27.24,eco,0.05,33.01,2.56,94.25,1995.7,21.18,524.9,1135.3,1470.8,599.9,42.54,31.13,0.79,-0.15,9.569,RUN,OK,RUN,0.98
2026-01-27T00:42:48.635921Z,66.16,71.12,64.76,27.42,eco,0.05,33.01,2.59,94.23,1996.6,21.19,524.3,1130.0,1472.2,599.5,42.54,31.13,0.8,-0.15,9.573,RUN,OK,RUN,0.98
2026-01-27T00:42:48.835921Z,66.07,71.02,64.64,27.59,eco,0.05,33.01,2.63,94.21,1997.4,21.2,523.8,1124.7,1473.6,599.0,42.54,31.13,0.8,-0.14,9.577,RUN,OK,RUN,0.98
2026-01-27T00:42:49.035921Z,65.97,70.92,64.51,27.76,eco,0.05,33.01,2.66,94.19,1998.0,21.21,523.2,1119.3,1474.8,598.6,42.55,31.12,0.8,-0.14,9.58,RUN,OK,RUN,0.98
2026-01-27T00:42:49.235921Z,65.87,70.82,64.39,27.93,eco,0.05,33.01,2.69,94.17,1998.6,21.22,522.7,1114.0,1475.9,598.2,42.55,31.12,0.81,-0.14,9.584,RUN,OK,RUN,0.98
2026-01-27T00:42:49.435921Z,65.78,70.73,64.27,28.1,eco,0.05,33.01,2.72,94.15,1999.1,21.23,522.1,1108.6,1476.9,597.7,42.56,31.12,0.81,-0.14,9.587,RUN,OK,RUN,0.98
2026-01-27T00:42:49.635921Z,65.68,70.63,64.14,28.27,eco,0.05,33.01,2.76,94.13,1999.5,21.24,521.6,1103.3,1477.9,597.3,42.56,31.12,0.81,-0.14,9.591,RUN,OK,RUN,0.98
2026-01-27T00:42:49.835921Z,65.59,70.53,64.02,28.44,eco,0.05,33.01,2.79,94.11,1999.7,21.25,521.1,1097.9,1478.7,596.8,42.56,31.12,0.82,-0.14,9.594,RUN,OK,RUN,0.98
2026-01-27T00:42:50.035921Z,65.49,70.43,63.9,28.6,eco,0.05,33.01,2.82,94.09,1999.9,21.26,520.5,1092.5,1479.4,596.4,42.57,31.12,0.82,-0.14,9.598,RUN,OK,RUN,0.98
2026-01-27T00:42:50.235921Z,65.4,70.33,63.78,28.77,eco,0.05,33.01,2.86,94.07,2000.0,21.26,520.0,1087.1,1480.0,596.0,42.57,31.12,0.83,-0.14,9.602,RUN,OK,RUN,0.98
2026-01-27T00:42:50.435921Z,65.3,70.24,63.67,28.93,eco,0.05,33.01,2.9,94.05,2000.0,21.27,519.4,1081.7,1480.5,595.5,42.58,31.12,0.83,-0.13,9.605,RUN,OK,RUN,0.98
2026-01-27T00:42:50.635921Z,65.21,70.14,63.55,29.09,eco,0.05,33.01,2.93,94.03,1999.9,21.27,518.9,1076.3,1481.0,595.1,42.58,31.11,0.83,-0.13,9.609,RUN,OK,RUN,0.98
2026-01-27T00:42:50.835921Z,65.11,70.04,63.43,29.24,eco,0.05,33.01,2.97,94.01,1999.6,21.27,518.3,1070.9,1481.3,594.7,42.58,31.11,0.84,-0.13,9.612,RUN,OK,RUN,0.98
2026-01-27T00:42:51.035921Z,65.02,69.94,63.32,29.4,eco,0.05,33.01,3.01,93.99,1999.3,21.27,517.8,1065.5,1481.5,594.2,42.59,31.11,0.84,-0.13,9.616,RUN,OK,RUN,0.98
2026-01-27T00:42:51.235921Z,64.92,69.85,63.2,29.56,eco,0.05,33.01,3.05,93.97,1998.9,21.27,517.3,1060.0,1481.6,593.8,42.59,31.11,0.84,-0.13,9.619,RUN,OK,RUN,0.98
2026-01-27T00:42:51.435921Z,64.83,69.75,63.09,29.71,eco,0.05,33.01,3.09,93.95,1998.4,21.27,516.7,1054.6,1481.7,593.4,42.6,31.11,0.85,-0.13,9.623,RUN,OK,RUN,0.98
2026-01-27T00:42:51.635921Z,64.73,69.65,62.97,29.86,eco,0.05,33.01,3.13,93.93,1997.8,21.27,516.2,1049.2,1481.6,593.0,42.6,31.11,0.85,-0.13,9.626,RUN,OK,RUN,0.98
2026-01-27T00:42:51.835921Z,64.64,69.56,62.86,30.01,eco,0.05,33.01,3.17,93.91,1997.1,21.27,515.7,1043.7,1481.4,592.5,42.6,31.11,0.85,-0.13,9.63,RUN,OK,RUN,0.98
2026-01-27T00:42:52.035921Z,64.55,69.46,62.75,30.16,eco,0.05,33.01,3.21,93.89,1996.3,21.26,515.1,1038.3,1481.1,592.1,42.61,31.11,0.86,-0.13,9.633,RUN,OK,RUN,0.98
2026-01-27T00:42:52.235921Z,64.45,69.36,62.64,30.31,eco,0.05,33.01,3.26,93.87,1995.4,21.26,514.6,1032.9,1480.8,591.7,42.61,31.1,0.86,-0.12,9.637,RUN,OK,RUN,0.98
2026-01-27T00:42:52.435921Z,64.36,69.27,62.53,30.45,eco,0.05,33.01,3.3,93.85,1994.4,21.25,514.1,1027.4,1480.3,591.3,42.62,31.1,0.86,-0.12,9.64,RUN,OK,RUN,0.98
2026-01-27T00:42:52.635921Z,64.27,69.17,62.42,30.59,eco,0.05,33.01,3.34,93.83,1993.3,21.24,513.5,1022.0,1479.7,590.8,42.62,31.1,0.87,-0.12,9.644,RUN,OK,RUN,0.98
2026-01-27T00:42:52.835921Z,64.18,69.08,62.32,30.73,eco,0.05,33.01,3.39,93.82,1992.1,21.23,513.0,1016.5,1479.1,590.4,42.62,31.1,0.87,-0.12,9.647,RUN,OK,RUN,0.98
2026-01-27T00:42:53.035921Z,64.08,68.98,62.21,30.87,eco,0.05,33.01,3.43,93.8,1990.8,21.22,512.5,1011.1,1478.3,590.0,42.63,31.1,0.87,-0.12,9.65,RUN,OK,RUN,0.98
2026-01-27T00:42:53.235921Z,63.99,68.89,62.1,31.01,eco,0.05,33.02,3.48,93.78,1989.4,21.21,512.0,1005.6,1477.4,589.6,42.63,31.1,0.88,-0.12,9.654,RUN,OK,RUN,0.98
2026-01-27T00:42:53.435921Z,63.9,68.79,62.0,31.14,eco,0.05,33.02,3.53,93.76,1987.9,21.2,511.4,1000.1,1476.4,589.2,42.64,31.1,0.88,-0.12,9.657,RUN,OK,RUN,0.98
2026-01-27T00:42:53.635921Z,63.81,68.7,61.9,31.28,eco,0.05,33.02,3.57,93.74,1986.3,21.19,510.9,994.7,1475.4,588.7,42.64,31.1,0.89,-0.12,9.661,RUN,OK,RUN,0.98
2026-01-27T00:42:53.835921Z,63.72,68.6,61.79,31.41,eco,0.05,33.02,3.62,93.72,1984.6,21.18,510.4,989.2,1474.2,588.3,42.64,31.1,0.89,-0.11,9.664,RUN,OK,RUN,0.98
2026-01-27T00:42:54.035921Z,63.63,68.51,61.69,31.54,eco,0.05,33.02,3.67,93.7,1982.8,21.16,509.9,983.8,1473.0,587.9,42.65,31.09,0.89,-0.11,9.668,RUN,OK,RUN,0.98
2026-01-27T00:42:54.235921Z,63.54,68.41,61.59,31.66,eco,0.05,33.02,3.72,93.68,1980.9,21.15,509.4,978.3,1471.6,587.5,42.65,31.09,0.9,-0.11,9.671,RUN,OK,RUN,0.98
2026-01-27T00:42:54.435921Z,63.45,68.32,61.49,31.79,eco,0.05,33.02,3.77,93.66,1979.0,21.13,508.8,972.9,1470.1,587.1,42.66,31.09,0.9,-0.11,9.675,RUN,OK,RUN,0.98
2026-01-27T00:42:54.635921Z,63.36,68.23,61.4,31.91,eco,0.05,33.02,3.82,93.64,1976.9,21.11,508.3,967.4,1468.6,586.7,42.66,31.09,0.9,-0.11,9.678,RUN,OK,RUN,0.98
2026-01-27T00:42:54.835921Z,63.27,68.13,61.3,32.03,eco,0.05,33.02,3.87,93.62,1974.7,21.09,507.8,962.0,1466.9,586.2,42.66,31.09,0.91,-0.11,9.681,RUN,OK,RUN,0.98
2026-01-27T00:42:55.035921Z,63.18,68.04,61.2,32.15,eco,0.05,33.02,3.92,93.6,1972.5,21.07,507.3,956.5,1465.2,585.8,42.67,31.09,0.91,-0.11,9.685,RUN,OK,RUN,0.98
2026-01-27T00:42:55.235921Z,63.09,67.95,61.11,32.27,eco,0.05,33.02,3.98,93.58,1970.1,21.05,506.8,951.1,1463.3,585.4,42.67,31.09,0.91,-0.11,9.688,RUN,OK,RUN,0.98
2026-01-27T00:42:55.435921Z,63.0,67.86,61.02,32.38,eco,0.05,33.02,4.03,93.56,1967.7,21.03,506.3,945.7,1461.4,585.0,42.68,31.09,0.92,-0.1,9.692,RUN,OK,RUN,0.98
2026-01-27T00:42:55.635921Z,62.91,67.76,60.92,32.49,eco,0.05,33.02,4.08,93.55,1965.1,21.01,505.7,940.2,1459.4,584.6,42.68,31.09,0.92,-0.1,9.695,RUN,OK,RUN,0.98
2026-01-27T00:42:55.835921Z,62.83,67.67,60.83,32.6,eco,0.05,33.02,4.14,93.53,1962.5,20.98,505.2,934.8,1457.2,584.2,42.69,31.08,0.92,-0.1,9.698,RUN,OK,RUN,0.98
2026-01-27T00:42:56.035921Z,62.74,67.58,60.74,32.71,eco,0.05,33.02,4.19,93.51,1959.7,20.96,504.7,929.4,1455.0,583.8,42.69,31.08,0.93,-0.1,9.702,RUN,OK,RUN,0.98
2026-01-27T00:42:56.235921Z,62.65,67.49,60.65,32.81,eco,0.05,33.02,4.25,93.49,1956.9,20.93,504.2,924.0,1452.7,583.4,42.69,31.08,0.93,-0.1,9.705,RUN,OK,RUN,0.98
2026-01-27T00:42:56.435921Z,62.56,67.4,60.56,32.92,eco,0.05,33.02,4.3,93.47,1954.0,20.9,503.7,918.6,1450.3,583.0,42.7,31.08,0.93,-0.1,9.708,RUN,OK,RUN,0.98
2026-01-27T00:42:56.635921Z,62.48,67.31,60.48,33.02,eco,0.05,33.02,4.36,93.45,1950.9,20.88,503.2,913.2,1447.8,582.6,42.7,31.08,0.94,-0.1,9.712,RUN,OK,RUN,0.98
2026-01-27T00:42:56.835921Z,62.39,67.21,60.39,33.12,eco,0.05,33.03,4.42,93.43,1947.8,20.85,502.7,907.8,1445.1,582.1,42.71,31.08,0.94,-0.1,9.715,RUN,OK,RUN,0.98
2026-01-27T00:42:57.035921Z,62.3,67.12,60.31,33.21,eco,0.05,33.03,4.47,93.41,1944.6,20.82,502.2,902.4,1442.5,581.7,42.71,31.08,0.94,-0.09,9.718,RUN,OK,RUN,0.98
2026-01-27T00:42:57.235921Z,62.22,67.03,60.22,33.3,eco,0.05,33.03,4.53,93.39,1941.3,20.79,501.7,897.0,1439.7,581.3,42.72,31.08,0.95,-0.09,9.722,RUN,OK,RUN,0.98
2026-01-27T00:42:57.435921Z,62.13,66.94,60.14,33.4,eco,0.05,33.03,4.59,93.37,1937.9,20.75,501.2,891.7,1436.8,580.9,42.72,31.08,0.95,-0.09,9.725,RUN,OK,RUN,0.98
2026-01-27T00:42:57.635921Z,62.05,66.85,60.06,33.48,eco,0.05,33.03,4.65,93.36,1934.5,20.72,500.7,886.3,1433.8,580.5,42.72,31.08,0.95,-0.09,9.728,RUN,OK,RUN,0.98
2026-01-27T00:42:57.835921Z,61.96,66.77,59.98,33.57,eco,0.05,33.03,4.71,93.34,1930.9,20.69,500.2,880.9,1430.7,580.1,42.73,31.07,0.96,-0.09,9.732,RUN,OK,RUN,0.98
2026-01-27T00:42:58.035921Z,61.88,66.68,59.9,33.65,eco,0.05,33.03,4.77,93.32,1927.2,20.65,499.7,875.6,1427.6,579.7,42.73,31.07,0.96,-0.09,9.735,RUN,OK,RUN,0.98
2026-01-27T00:42:58.235921Z,61.8,66.59,59.82,33.74,eco,0.05,33.03,4.83,93.3,1923.5,20.62,499.2,870.3,1424.3,579.3,42.74,31.07,0.96,-0.09,9.738,RUN,OK,RUN,0.98
2026-01-27T00:42:58.435921Z,61.71,66.5,59.75,33.82,eco,0.05,33.03,4.89,93.28,1919.7,20.58,498.7,864.9,1421.0,578.9,42.74,31.07,0.97,-0.09,9.742,RUN,OK,RUN,0.98
2026-01-27T00:42:58.635921Z,61.63,66.41,59.67,33.89,eco,0.05,33.03,4.95,93.26,1915.7,20.54,498.2,859.6,1417.6,578.5,42.75,31.07,0.97,-0.08,9.745,RUN,OK,RUN,0.98
2026-01-27T00:42:58.835921Z,61.55,66.32,59.6,33.97,eco,0.05,33.03,5.01,93.24,1911.7,20.5,497.7,854.3,1414.0,578.1,42.75,31.07,0.97,-0.08,9.748,RUN,OK,RUN,0.98
2026-01-27T00:42:59.035921Z,61.46,66.24,59.52,34.04,eco,0.05,33.03,5.08,93.22,1907.6,20.46,497.2,849.1,1410.4,577.7,42.76,31.07,0.98,-0.08,9.752,RUN,OK,RUN,0.98
2026-01-27T00:42:59.235921Z,61.38,66.15,59.45,34.11,eco,0.05,33.03,5.14,93.2,1903.4,20.42,496.7,843.8,1406.7,577.4,42.76,31.07,0.98,-0.08,9.755,RUN,OK,RUN,0.98
2026-01-27T00:42:59.435921Z,61.3,66.06,59.38,34.17,eco,0.05,33.03,5.2,93.19,1899.1,20.38,496.2,838.5,1402.9,577.0,42.76,31.07,0.98,-0.08,9.758,RUN,OK,RUN,0.98
2026-01-27T00:42:59.635921Z,61.22,65.98,59.31,34.24,eco,0.05,33.04,5.27,93.17,1894.8,20.34,495.7,833.3,1399.1,576.6,42.77,31.07,0.99,-0.08,9.762,RUN,OK,RUN,0.98
2026-01-27T00:42:59.835921Z,61.14,65.89,59.24,34.3,eco,0.05,33.04,5.33,93.15,1890.3,20.29,495.2,828.0,1395.1,576.2,42.77,31.07,0.99,-0.08,9.765,RUN,OK,RUN,0.98
2026-01-27T00:43:00.035921Z,61.06,65.8,59.18,34.36,eco,0.05,33.04,5.4,93.13,1885.8,20.25,494.7,822.8,1391.1,575.8,42.78,31.06,0.99,-0.08,9.768,RUN,OK,RUN,0.98
2026-01-27T00:43:00.235921Z,60.98,65.72,59.11,34.42,eco,0.05,33.04,5.46,93.11,1881.2,20.2,494.2,817.6,1386.9,575.4,42.78,31.06,1.0,-0.08,9.771,RUN,OK,RUN,0.98
2026-01-27T00:43:00.435921Z,60.9,65.63,59.04,34.47,eco,0.05,33.04,5.53,93.09,1876.5,20.16,493.8,812.4,1382.7,575.0,42.79,31.06,1.0,-0.07,9.775,RUN,OK,RUN,0.98
2026-01-27T00:43:00.635921Z,60.82,65.55,58.98,34.52,eco,0.05,33.04,5.6,93.07,1871.7,20.11,493.3,807.3,1378.4,574.6,42.79,31.06,1.0,-0.07,9.778,RUN,OK,RUN,0.98
2026-01-27T00:43:00.835921Z,60.74,65.47,58.92,34.57,eco,0.05,33.04,5.66,93.06,1866.8,20.06,492.8,802.1,1374.0,574.2,42.8,31.06,1.0,-0.07,9.781,RUN,OK,RUN,0.98
2026-01-27T00:43:01.035921Z,60.66,65.38,58.86,34.62,eco,0.05,33.04,5.73,93.04,1861.9,20.01,492.3,797.0,1369.6,573.8,42.8,31.06,1.01,-0.07,9.785,RUN,OK,RUN,0.98
2026-01-27T00:43:01.235921Z,60.58,65.3,58.8,34.66,eco,0.05,33.04,5.8,93.02,1856.8,19.96,491.8,791.8,1365.0,573.5,42.8,31.06,1.01,-0.07,9.788,RUN,OK,RUN,0.98
2026-01-27T00:43:01.435921Z,60.51,65.21,58.74,34.7,eco,0.05,33.04,5.87,93.0,1851.7,19.91,491.3,786.7,1360.4,573.1,42.81,31.06,1.01,-0.07,9.791,RUN,OK,RUN,0.98
2026-01-27T00:43:01.635921Z,60.43,65.13,58.68,34.74,eco,0.05,33.04,5.94,92.98,1846.5,19.86,490.9,781.6,1355.7,572.7,42.81,31.06,1.02,-0.07,9.794,RUN,OK,RUN,0.98
2026-01-27T00:43:01.835921Z,60.35,65.05,58.62,34.78,eco,0.05,33.04,6.01,92.96,1841.2,19.81,490.4,776.6,1350.9,572.3,42.82,31.06,1.02,-0.07,9.798,RUN,OK,RUN,0.98
2026-01-27T00:43:02.035921Z,60.28,64.97,58.57,34.81,eco,0.05,33.04,6.08,92.95,1835.9,19.75,489.9,771.5,1346.0,571.9,42.82,31.06,1.02,-0.06,9.801,RUN,OK,RUN,0.98
2026-01-27T00:43:02.235921Z,60.2,64.89,58.51,34.84,eco,0.05,33.05,6.15,92.93,1830.5,19.7,489.4,766.5,1341.0,571.5,42.83,31.05,1.03,-0.06,9.804,RUN,OK,RUN,0.98
2026-01-27T00:43:02.435921Z,60.12,64.8,58.46,34.87,eco,0.05,33.05,6.22,92.91,1824.9,19.64,489.0,761.5,1336.0,571.2,42.83,31.05,1.03,-0.06,9.807,RUN,OK,RUN,0.98
2026-01-27T00:43:02.635921Z,60.05,64.72,58.4,34.89,eco,0.05,33.05,6.29,92.89,1819.4,19.59,488.5,756.5,1330.9,570.8,42.84,31.05,1.03,-0.06,9.811,RUN,OK,RUN,0.98
2026-01-27T00:43:02.835921Z,59.97,64.64,58.35,34.91,eco,0.05,33.05,6.36,92.87,1813.7,19.53,488.0,751.5,1325.7,570.4,42.84,31.05,1.04,-0.06,9.814,RUN,OK,RUN,0.98
2026-01-27T00:43:03.035921Z,59.9,64.56,58.3,34.93,eco,0.05,33.05,6.43,92.86,1808.0,19.47,487.5,746.5,1320.4,570.0,42.85,31.05,1.04,-0.06,9.817,RUN,OK,RUN,0.98
2026-01-27T00:43:03.235921Z,59.83,64.48,58.25,34.95,eco,0.05,33.05,6.5,92.84,1802.1,19.41,487.1,741.6,1315.1,569.7,42.85,31.05,1.04,-0.06,9.82,RUN,OK,RUN,0.98
2026-01-27T00:43:03.435921Z,59.75,64.4,58.2,34.97,eco,0.05,33.05,6.57,92.82,1796.2,19.35,486.6,736.7,1309.7,569.3,42.86,31.05,1.05,-0.06,9.824,RUN,OK,RUN,0.98
2026-01-27T00:43:03.635921Z,59.68,64.32,58.16,34.98,eco,0.05,33.05,6.65,92.8,1790.3,19.29,486.1,731.8,1304.2,568.9,42.86,31.05,1.05,-0.05,9.827,RUN,OK,RUN,0.98
2026-01-27T00:43:03.835921Z,59.61,64.25,58.11,34.99,eco,0.05,33.05,6.72,92.78,1784.2,19.23,485.7,726.9,1298.6,568.5,42.86,31.05,1.05,-0.05,9.83,RUN,OK,RUN,0.98
2026-01-27T00:43:04.035921Z,59.54,64.17,58.07,34.99,eco,0.05,33.05,6.79,92.77,1778.1,19.17,485.2,722.1,1292.9,568.2,42.87,31.05,1.05,-0.05,9.833,RUN,OK,RUN,0.98
2026-01-27T00:43:04.235921Z,59.46,64.09,58.02,35.0,eco,0.05,33.05,6.86,92.75,1772.0,19.11,484.7,717.3,1287.2,567.8,42.87,31.05,1.06,-0.05,9.836,RUN,OK,RUN,0.98
2026-01-27T00:43:04.435921Z,59.39,64.01,57.98,35.0,eco,0.05,33.06,6.94,92.73,1765.7,19.04,484.3,712.5,1281.4,567.4,42.88,31.05,1.06,-0.05,9.84,RUN,OK,RUN,0.98
2026-01-27T00:43:04.635921Z,59.32,63.94,57.94,35.0,eco,0.05,33.06,7.01,92.71,1759.4,18.98,483.8,707.7,1275.6,567.0,42.88,31.04,1.06,-0.05,9.843,RUN,OK,RUN,0.98
2026-01-27T00:43:04.835921Z,59.25,63.86,57.9,34.99,eco,0.05,33.06,7.09,92.69,1753.0,18.91,483.3,702.9,1269.7,566.7,42.89,31.04,1.07,-0.05,9.846,RUN,OK,RUN,0.98
2026-01-27T00:43:05.035921Z,59.18,63.78,57.86,34.99,eco,0.05,33.06,7.16,92.68,1746.5,18.85,482.9,698.2,1263.7,566.3,42.89,31.04,1.07,-0.05,9.849,RUN,OK,RUN,0.98
2026-01-27T00:43:05.235921Z,59.11,63.71,57.82,34.98,eco,0.05,33.06,7.24,92.66,1740.0,18.78,482.4,693.5,1257.6,565.9,42.9,31.04,1.07,-0.04,9.853,RUN,OK,RUN,0.98
2026-01-27T00:43:05.435921Z,59.05,63.63,57.78,34.97,eco,0.05,33.06,7.31,92.64,1733.4,18.71,482.0,688.8,1251.5,565.6,42.9,31.04,1.08,-0.04,9.856,RUN,OK,RUN,0.98
2026-01-27T00:43:05.635921Z,58.98,63.56,57.74,34.95,eco,0.05,33.06,7.39,92.62,1726.8,18.64,481.5,684.2,1245.3,565.2,42.91,31.04,1.08,-0.04,9.859,RUN,OK,RUN,0.98
2026-01-27T00:43:05.835921Z,58.91,63.48,57.71,34.93,eco,0.05,33.06,7.46,92.61,1720.1,18.57,481.1,679.6,1239.0,564.8,42.91,31.04,1.08,-0.04,9.862,RUN,OK,RUN,0.98
2026-01-27T00:43:06.035921Z,58.84,63.41,57.67,34.91,eco,0.05,33.06,7.54,92.59,1713.3,18.5,480.6,675.0,1232.7,564.5,42.92,31.04,1.08,-0.04,9.865,RUN,OK,RUN,0.98
2026-01-27T00:43:06.235921Z,58.78,63.34,57.64,34.89,eco,0.05,33.06,7.61,92.57,1706.4,18.43,480.1,670.4,1226.3,564.1,42.92,31.04,1.09,-0.04,9.869,RUN,OK,RUN,0.98
2026-01-27T00:43:06.435921Z,58.71,63.26,57.61,34.87,eco,0.05,33.06,7.69,92.55,1699.5,18.36,479.7,665.8,1219.8,563.8,42.93,31.04,1.09,-0.04,9.872,RUN,OK,RUN,0.98
2026-01-27T00:43:06.635921Z,58.65,63.19,57.57,34.84,eco,0.05,33.07,7.77,92.54,1692.5,18.29,479.2,661.3,1213.3,563.4,42.93,31.04,1.09,-0.04,9.875,RUN,OK,RUN,0.98
2026-01-27T00:43:06.835921Z,58.58,63.12,57.54,34.81,eco,0.05,33.07,7.85,92.52,1685.5,18.22,478.8,656.8,1206.7,563.0,42.94,31.04,1.1,-0.03,9.878,RUN,OK,RUN,0.98
2026-01-27T00:43:07.035921Z,58.52,63.05,57.51,34.78,eco,0.05,33.07,7.92,92.5,1678.4,18.14,478.3,652.4,1200.1,562.7,42.94,31.04,1.1,-0.03,9.881,RUN,OK,RUN,0.98
2026-01-27T00:43:07.235921Z,58.45,62.98,57.48,34.74,eco,0.05,33.07,8.0,92.48,1671.2,18.07,477.9,648.0,1193.3,562.3,42.95,31.04,1.1,-0.03,9.885,RUN,OK,RUN,0.98
2026-01-27T00:43:07.435921Z,58.39,62.91,57.45,34.7,eco,0.05,33.07,8.08,92.47,1664.0,18.0,477.5,643.6,1186.6,562.0,42.95,31.03,1.11,-0.03,9.888,RUN,OK,RUN,0.98
2026-01-27T00:43:07.635921Z,58.32,62.84,57.43,34.66,eco,0.05,33.07,8.15,92.45,1656.8,17.92,477.0,639.2,1179.8,561.6,42.96,31.03,1.11,-0.03,9.891,RUN,OK,RUN,0.98
2026-01-27T00:43:07.835921Z,58.26,62.77,57.4,34.62,eco,0.05,33.07,8.23,92.43,1649.4,17.84,476.6,634.8,1172.9,561.3,42.96,31.03,1.11,-0.03,9.894,RUN,OK,RUN,0.98
2026-01-27T00:43:08.035921Z,58.2,62.7,57.37,34.57,eco,0.05,33.07,8.31,92.42,1642.1,17.77,476.1,630.5,1165.9,560.9,42.97,31.03,1.11,-0.03,9.897,RUN,OK,RUN,0.98
2026-01-27T00:43:08.235921Z,58.14,62.63,57.35,34.52,eco,0.05,33.07,8.39,92.4,1634.6,17.69,475.7,626.2,1158.9,560.5,42.97,31.03,1.12,-0.03,9.901,RUN,OK,RUN,0.98
2026-01-27T00:43:08.435921Z,58.08,62.56,57.33,34.47,eco,0.05,33.08,8.47,92.38,1627.1,17.61,475.2,622.0,1151.9,560.2,42.98,31.03,1.12,-0.02,9.904,RUN,OK,RUN,0.98
2026-01-27T00:43:08.635921Z,58.02,62.49,57.3,34.42,eco,0.05,33.08,8.55,92.36,1619.6,17.53,474.8,617.8,1144.8,559.8,42.98,31.03,1.12,-0.02,9.907,RUN,OK,RUN,0.98
2026-01-27T00:43:08.835921Z,57.96,62.42,57.28,34.36,eco,0.05,33.08,8.62,92.35,1612.0,17.46,474.4,613.6,1137.6,559.5,42.98,31.03,1.13,-0.02,9.91,RUN,OK,RUN,0.98
2026-01-27T00:43:09.035921Z,57.9,62.36,57.26,34.3,eco,0.05,33.08,8.7,92.33,1604.4,17.38,473.9,609.4,1130.4,559.1,42.99,31.03,1.13,-0.02,9.913,RUN,OK,RUN,0.98
2026-01-27T00:43:09.235921Z,57.84,62.29,57.24,34.24,eco,0.05,33.08,8.78,92.31,1596.7,17.3,473.5,605.3,1123.2,558.8,42.99,31.03,1.13,-0.02,9.916,RUN,OK,RUN,0.98
2026-01-27T00:43:09.435921Z,57.78,62.23,57.22,34.17,eco,0.05,33.08,8.86,92.3,1588.9,17.22,473.1,601.2,1115.9,558.4,43.0,31.03,1.13,-0.02,9.92,RUN,OK,RUN,0.98
2026-01-27T00:43:09.635921Z,57.72,62.16,57.2,34.11,eco,0.05,33.08,8.94,92.28,1581.1,17.13,472.6,597.1,1108.5,558.1,43.0,31.03,1.14,-0.02,9.923,RUN,OK,RUN,0.98
2026-01-27T00:43:09.835921Z,57.67,62.09,57.18,34.04,eco,0.05,33.08,9.02,92.26,1573.3,17.05,472.2,593.1,1101.1,557.8,43.01,31.03,1.14,-0.02,9.926,RUN,OK,RUN,0.98
2026-01-27T00:43:10.035921Z,57.61,62.03,57.16,33.97,eco,0.05,33.08,9.1,92.25,1565.4,16.97,471.8,589.1,1093.6,557.4,43.01,31.03,1.14,-0.01,9.929,RUN,OK,RUN,0.98
2026-01-27T00:43:10.235921Z,57.55,61.97,57.15,33.89,eco,0.05,33.09,9.18,92.23,1557.5,16.89,471.3,585.2,1086.1,557.1,43.02,31.03,1.14,-0.01,9.932,RUN,OK,RUN,0.98
2026-01-27T00:43:10.435921Z,57.5,61.9,57.13,33.82,eco,0.05,33.09,9.26,92.21,1549.5,16.8,470.9,581.2,1078.6,556.7,43.02,31.03,1.15,-0.01,9.935,RUN,OK,RUN,0.98
2026-01-27T00:43:10.635921Z,57.44,61.84,57.11,33.74,eco,0.05,33.09,9.34,92.2,1541.5,16.72,470.5,577.4,1071.0,556.4,43.03,31.02,1.15,-0.01,9.939,RUN,OK,RUN,0.98
2026-01-27T00:43:10.835921Z,57.39,61.78,57.1,33.66,eco,0.05,33.09,9.42,92.18,1533.4,16.64,470.0,573.5,1063.4,556.0,43.03,31.02,1.15,-0.01,9.942,RUN,OK,RUN,0.98
2026-01-27T00:43:11.035921Z,57.33,61.72,57.08,33.57,eco,0.05,33.09,9.5,92.16,1525.3,16.55,469.6,569.7,1055.7,555.7,43.04,31.02,1.16,-0.01,9.945,RUN,OK,RUN,0.98
2026-01-27T00:43:11.235921Z,57.28,61.65,57.07,33.49,eco,0.05,33.09,9.58,92.15,1517.2,16.46,469.2,565.9,1048.0,555.4,43.04,31.02,1.16,-0.01,9.948,RUN,OK,RUN,0.98
2026-01-27T00:43:11.435921Z,57.23,61.59,57.06,33.4,eco,0.05,33.09,9.66,92.13,1509.0,16.38,468.8,562.2,1040.2,555.0,43.05,31.02,1.16,-0.01,9.951,RUN,OK,RUN,0.98
2026-01-27T00:43:11.635921Z,57.18,61.53,57.05,33.31,eco,0.05,33.09,9.74,92.11,1500.8,16.29,468.4,558.4,1032.4,554.7,43.05,31.02,1.16,-0.0,9.954,RUN,OK,RUN,0.98
2026-01-27T00:43:11.835921Z,57.12,61.47,57.03,33.21,eco,0.05,33.1,9.82,92.1,1492.5,16.21,467.9,554.8,1024.6,554.4,43.06,31.02,1.17,-0.0,9.958,RUN,OK,RUN,0.98
2026-01-27T00:43:12.035921Z,57.07,61.41,57.02,33.12,eco,0.05,33.1,9.9,92.08,1484.2,16.12,467.5,551.1,1016.7,554.0,43.07,31.02,1.17,-0.0,9.961,RUN,OK,RUN,0.98
2026-01-27T00:43:12.235921Z,57.02,61.36,57.01,33.02,eco,0.05,33.1,9.98,92.07,1475.9,16.03,467.1,547.5,1008.8,553.7,43.07,31.02,1.17,-0.0,9.964,RUN,OK,RUN,0.98
2026-01-27T00:43:12.435921Z,56.97,61.3,57.0,32.92,power,0.05,33.1,10.06,92.05,1467.5,15.94,466.7,544.0,1000.9,553.3,43.08,31.02,1.17,0.0,9.967,RUN,OK,RUN,0.98
2026-01-27T00:43:12.635921Z,56.92,61.24,56.99,32.81,power,0.05,33.1,10.14,92.03,1459.2,15.85,466.3,540.4,992.9,553.0,43.08,31.02,1.18,0.0,9.97,RUN,OK,RUN,0.98
2026-01-27T00:43:12.835921Z,56.88,61.18,56.98,32.71,power,0.05,33.1,10.22,92.02,1450.7,15.77,465.9,537.0,984.9,552.7,43.09,31.02,1.18,0.0,9.974,RUN,OK,RUN,0.98
2026-01-27T00:43:13.035921Z,56.83,61.13,56.98,32.6,power,0.05,33.1,10.3,92.0,1442.3,15.68,465.4,533.5,976.8,552.4,43.09,31.02,1.18,0.0,9.977,RUN,OK,RUN,0.98
2026-01-27T00:43:13.235921Z,56.78,61.07,56.97,32.49,power,0.05,33.1,10.38,91.99,1433.8,15.59,465.0,530.1,968.8,552.0,43.1,31.02,1.19,0.01,9.98,RUN,OK,RUN,0.98
2026-01-27T00:43:13.435921Z,56.73,61.01,56.96,32.38,power,0.05,33.11,10.46,91.97,1425.3,15.5,464.6,526.7,960.6,551.7,43.1,31.02,1.19,0.01,9.983,RUN,OK,RUN,0.98
2026-01-27T00:43:13.635921Z,56.69,60.96,56.95,32.27,power,0.05,33.11,10.54,91.95,1416.7,15.41,464.2,523.4,952.5,551.4,43.11,31.02,1.19,0.01,9.986,RUN,OK,RUN,0.98
2026-01-27T00:43:13.835921Z,56.64,60.91,56.95,32.15,power,0.05,33.11,10.62,91.94,1408.2,15.32,463.8,520.1,944.4,551.0,43.11,31.02,1.19,0.01,9.989,RUN,OK,RUN,0.98
2026-01-27T00:43:14.035921Z,56.6,60.85,56.94,32.03,power,0.05,33.11,10.7,91.92,1399.6,15.23,463.4,516.8,936.2,550.7,43.12,31.02,1.2,0.01,9.992,RUN,OK,RUN,0.98
2026-01-27T00:43:14.235921Z,56.55,60.8,56.94,31.91,power,0.05,33.11,10.78,91.91,1390.9,15.13,463.0,513.6,927.9,550.4,43.12,31.02,1.2,0.01,9.996,RUN,OK,RUN,0.98
2026-01-27T00:43:14.435921Z,56.51,60.74,56.93,31.79,power,0.05,33.11,10.86,91.89,1382.3,15.04,462.6,510.5,919.7,550.1,43.13,31.02,1.2,0.01,9.999,RUN,OK,RUN,0.98
2026-01-27T00:43:14.635921Z,56.46,60.69,56.93,31.66,power,0.05,33.11,10.94,91.87,1373.6,14.95,462.2,507.3,911.4,549.7,43.13,31.01,1.2,0.01,10.002,RUN,OK,RUN,0.98
2026-01-27T00:43:14.835921Z,56.42,60.64,56.92,31.54,power,0.05,33.11,11.02,91.86,1364.9,14.86,461.8,504.2,903.2,549.4,43.14,31.01,1.21,0.02,10.005,RUN,OK,RUN,0.98
2026-01-27T00:43:15.035921Z,56.38,60.59,56.92,31.41,power,0.05,33.12,11.09,91.84,1356.2,14.77,461.4,501.2,894.9,549.1,43.14,31.01,1.21,0.02,10.008,RUN,OK,RUN,0.98
2026-01-27T00:43:15.235921Z,56.34,60.54,56.92,31.28,power,0.05,33.12,11.17,91.83,1347.5,14.67,461.0,498.2,886.5,548.8,43.15,31.01,1.21,0.02,10.011,RUN,OK,RUN,0.98
2026-01-27T00:43:15.435921Z,56.3,60.49,56.91,31.14,power,0.05,33.12,11.25,91.81,1338.8,14.58,460.6,495.2,878.2,548.5,43.15,31.01,1.21,0.02,10.015,RUN,OK,RUN,0.98
2026-01-27T00:43:15.635921Z,56.26,60.44,56.91,31.01,power,0.05,33.12,11.33,91.8,1330.0,14.49,460.2,492.3,869.8,548.1,43.16,31.01,1.22,0.02,10.018,RUN,OK,RUN,0.98
2026-01-27T00:43:15.835921Z,56.22,60.39,56.91,30.87,power,0.05,33.12,11.41,91.78,1321.2,14.4,459.8,489.4,861.4,547.8,43.16,31.01,1.22,0.02,10.021,RUN,OK,RUN,0.98
2026-01-27T00:43:16.035921Z,56.18,60.34,56.91,30.73,power,0.05,33.12,11.49,91.77,1312.4,14.3,459.4,486.5,853.0,547.5,43.17,31.01,1.22,0.02,10.024,RUN,OK,RUN,0.98
2026-01-27T00:43:16.235921Z,56.14,60.29,56.91,30.59,power,0.05,33.12,11.57,91.75,1303.6,14.21,459.0,483.7,844.6,547.2,43.17,31.01,1.22,0.02,10.027,RUN,OK,RUN,0.98
2026-01-27T00:43:16.435921Z,56.1,60.25,56.91,30.45,power,0.05,33.13,11.65,91.74,1294.8,14.11,458.6,481.0,836.2,546.9,43.18,31.01,1.23,0.03,10.03,RUN,OK,RUN,0.98
2026-01-27T00:43:16.635921Z,56.06,60.2,56.91,30.31,power,0.05,33.13,11.72,91.72,1286.0,14.02,458.2,478.3,827.7,546.6,43.18,31.01,1.23,0.03,10.034,RUN,OK,RUN,0.98
2026-01-27T00:43:16.835921Z,56.03,60.15,56.9,30.16,power,0.05,33.13,11.8,91.71,1277.1,13.93,457.8,475.6,819.3,546.3,43.19,31.01,1.23,0.03,10.037,RUN,OK,RUN,0.98
2026-01-27T00:43:17.035921Z,55.99,60.11,56.9,30.01,power,0.05,33.13,11.88,91.69,1268.3,13.83,457.4,473.0,810.8,546.0,43.2,31.01,1.23,0.03,10.04,RUN,OK,RUN,0.98
2026-01-27T00:43:17.235921Z,55.96,60.06,56.9,29.86,power,0.05,33.13,11.96,91.68,1259.4,13.74,457.1,470.4,802.4,545.6,43.2,31.01,1.24,0.03,10.043,RUN,OK,RUN,0.98
2026-01-27T00:43:17.435921Z,55.92,60.02,56.9,29.71,power,0.05,33.13,12.04,91.66,1250.5,13.64,456.7,467.8,793.9,545.3,43.21,31.01,1.24,0.03,10.046,RUN,OK,RUN,0.98
2026-01-27T00:43:17.635921Z,55.89,59.98,56.9,29.56,power,0.05,33.13,12.11,91.65,1241.7,13.55,456.3,465.3,785.4,545.0,43.21,31.01,1.24,0.03,10.049,RUN,OK,RUN,0.98
2026-01-27T00:43:17.835921Z,55.85,59.93,56.91,29.4,power,0.05,33.14,12.19,91.63,1232.8,13.45,455.9,462.9,776.9,544.7,43.22,31.01,1.24,0.03,10.053,RUN,OK,RUN,0.98
2026-01-27T00:43:18.035921Z,55.82,59.89,56.91,29.25,power,0.05,33.14,12.27,91.62,1223.9,13.36,455.5,460.5,768.4,544.4,43.22,31.01,1.25,0.04,10.056,RUN,OK,RUN,0.98
2026-01-27T00:43:18.235921Z,55.79,59.85,56.91,29.09,power,0.05,33.14,12.34,91.6,1215.0,13.26,455.1,458.1,759.9,544.1,43.23,31.01,1.25,0.04,10.059,RUN,OK,RUN,0.98
2026-01-27T00:43:18.435921Z,55.76,59.81,56.91,28.93,power,0.05,33.14,12.42,91.59,1206.1,13.17,454.8,455.8,751.4,543.8,43.23,31.01,1.25,0.04,10.062,RUN,OK,RUN,0.98
2026-01-27T00:43:18.635921Z,55.72,59.77,56.91,28.77,power,0.05,33.14,12.5,91.57,1197.2,13.07,454.4,453.5,742.9,543.5,43.24,31.01,1.25,0.04,10.065,RUN,OK,RUN,0.98
2026-01-27T00:43:18.835921Z,55.69,59.73,56.91,28.6,power,0.05,33.14,12.57,91.56,1188.4,12.98,454.0,451.3,734.4,543.2,43.24,31.01,1.25,0.04,10.068,RUN,OK,RUN,0.98
2026-01-27T00:43:19.035921Z,55.66,59.69,56.91,28.44,power,0.05,33.14,12.65,91.54,1179.5,12.88,453.6,449.1,725.8,542.9,43.25,31.01,1.26,0.04,10.072,RUN,OK,RUN,0.98
2026-01-27T00:43:19.235921Z,55.64,59.65,56.92,28.27,power,0.05,33.15,12.72,91.53,1170.6,12.79,453.3,447.0,717.3,542.6,43.25,31.01,1.26,0.04,10.075,RUN,OK,RUN,0.98
2026-01-27T00:43:19.435921Z,55.61,59.61,56.92,28.11,power,0.05,33.15,12.8,91.51,1161.7,12.69,452.9,444.9,708.8,542.3,43.26,31.01,1.26,0.04,10.078,RUN,OK,RUN,0.98
2026-01-27T00:43:19.635921Z,55.58,59.57,56.92,27.94,power,0.05,33.15,12.87,91.5,1152.8,12.6,452.5,442.8,700.3,542.0,43.27,31.01,1.26,0.05,10.081,RUN,OK,RUN,0.98
2026-01-27T00:43:19.835921Z,55.55,59.53,56.92,27.77,power,0.05,33.15,12.95,91.49,1144.0,12.5,452.1,440.8,691.8,541.7,43.27,31.01,1.27,0.05,10.084,RUN,OK,RUN,0.98
2026-01-27T00:43:20.035921Z,55.53,59.5,56.92,27.59,power,0.05,33.15,13.02,91.47,1135.1,12.41,451.8,438.9,683.3,541.4,43.28,31.01,1.27,0.05,10.087,RUN,OK,RUN,0.98
2026-01-27T00:43:20.235921Z,55.5,59.46,56.93,27.42,power,0.05,33.15,13.1,91.46,1126.2,12.31,451.4,437.0,674.8,541.1,43.28,31.0,1.27,0.05,10.091,RUN,OK,RUN,0.98
2026-01-27T00:43:20.435921Z,55.47,59.43,56.93,27.25,power,0.05,33.15,13.17,91.44,1117.4,12.22,451.0,435.1,666.4,540.8,43.29,31.0,1.27,0.05,10.094,RUN,OK,RUN,0.98
2026-01-27T00:43:20.635921Z,55.45,59.39,56.93,27.07,power,0.05,33.16,13.24,91.43,1108.6,12.12,450.7,433.3,657.9,540.5,43.29,31.0,1.28,0.05,10.097,RUN,OK,RUN,0.98
2026-01-27T00:43:20.835921Z,55.43,59.36,56.93,26.89,power,0.05,33.16,13.32,91.42,1099.7,12.03,450.3,431.5,649.4,540.2,43.3,31.0,1.28,0.05,10.1,RUN,OK,RUN,0.98
2026-01-27T00:43:21.035921Z,55.4,59.32,56.94,26.72,power,0.05,33.16,13.39,91.4,1090.9,11.94,449.9,429.8,641.0,539.9,43.3,31.0,1.28,0.05,10.103,RUN,OK,RUN,0.98
2026-01-27T00:43:21.235921Z,55.38,59.29,56.94,26.54,power,0.05,33.16,13.46,91.39,1082.1,11.84,449.6,428.1,632.5,539.7,43.31,31.0,1.28,0.06,10.106,RUN,OK,RUN,0.98
2026-01-27T00:43:21.435921Z,55.36,59.26,56.94,26.36,power,0.05,33.16,13.53,91.37,1073.3,11.75,449.2,426.5,624.1,539.4,43.31,31.0,1.28,0.06,10.109,RUN,OK,RUN,0.98
2026-01-27T00:43:21.635921Z,55.34,59.23,56.94,26.17,power,0.05,33.16,13.6,91.36,1064.6,11.65,448.9,424.9,615.7,539.1,43.32,31.0,1.29,0.06,10.113,RUN,OK,RUN,0.98
2026-01-27T00:43:21.835921Z,55.32,59.19,56.95,25.99,power,0.05,33.17,13.67,91.35,1055.8,11.56,448.5,423.4,607.3,538.8,43.33,31.0,1.29,0.06,10.116,RUN,OK,RUN,0.98
2026-01-27T00:43:22.035921Z,55.3,59.16,56.95,25.81,power,0.05,33.17,13.75,91.33,1047.1,11.46,448.1,421.9,598.9,538.5,43.33,31.0,1.29,0.06,10.119,RUN,OK,RUN,0.98
2026-01-27T00:43:22.235921Z,55.28,59.13,56.95,25.62,power,0.05,33.17,13.82,91.32,1038.4,11.37,447.8,420.5,590.6,538.2,43.34,31.0,1.29,0.06,10.122,RUN,OK,RUN,0.98
2026-01-27T00:43:22.435921Z,55.26,59.1,56.96,25.44,power,0.05,33.17,13.89,91.31,1029.7,11.28,447.4,419.1,582.2,537.9,43.34,31.0,1.3,0.06,10.125,RUN,OK,RUN,0.98
2026-01-27T00:43:22.635921Z,55.24,59.08,56.96,25.25,power,0.05,33.17,13.96,91.29,1021.0,11.18,447.1,417.7,573.9,537.7,43.35,31.0,1.3,0.06,10.128,RUN,OK,RUN,0.98
2026-01-27T00:43:22.835921Z,55.22,59.05,56.96,25.06,power,0.05,33.17,14.03,91.28,1012.3,11.09,446.7,416.4,565.6,537.4,43.35,31.0,1.3,0.07,10.132,RUN,OK,RUN,0.98
2026-01-27T00:43:23.035921Z,55.2,59.02,56.96,24.87,power,0.05,33.18,14.09,91.27,1003.7,11.0,446.4,415.2,557.3,537.1,43.36,31.0,1.3,0.07,10.135,RUN,OK,RUN,0.98
2026-01-27T00:43:23.235921Z,55.19,58.99,56.97,24.68,power,0.05,33.18,14.16,91.25,995.1,10.9,446.0,414.0,549.1,536.8,43.36,31.0,1.3,0.07,10.138,RUN,OK,RUN,0.98
2026-01-27T00:43:23.435921Z,55.17,58.97,56.97,24.49,power,0.05,33.18,14.23,91.24,986.5,10.81,445.7,412.9,540.9,536.5,43.37,31.0,1.31,0.07,10.141,RUN,OK,RUN,0.98
2026-01-27T00:43:23.635921Z,55.16,58.94,56.97,24.3,power,0.05,33.18,14.3,91.23,978.0,10.72,445.3,411.8,532.7,536.3,43.38,31.0,1.31,0.07,10.144,RUN,OK,RUN,0.98
2026-01-27T00:43:23.835921Z,55.14,58.92,56.97,24.11,power,0.05,33.18,14.37,91.21,969.5,10.63,445.0,410.7,524.5,536.0,43.38,31.0,1.31,0.07,10.147,RUN,OK,RUN,0.98
2026-01-27T00:43:24.035921Z,55.13,58.89,56.98,23.92,power,0.05,33.18,14.43,91.2,961.0,10.54,444.6,409.7,516.3,535.7,43.39,31.0,1.31,0.07,10.151,RUN,OK,RUN,0.98
2026-01-27T00:43:24.235921Z,55.12,58.87,56.98,23.72,power,0.05,33.19,14.5,91.19,952.5,10.45,444.3,408.8,508.2,535.4,43.39,31.0,1.31,0.07,10.154,RUN,OK,RUN,0.98
2026-01-27T00:43:24.435921Z,55.11,58.84,56.98,23.53,power,0.05,33.19,14.56,91.17,944.0,10.35,443.9,407.9,500.1,535.2,43.4,31.0,1.32,0.08,10.157,RUN,OK,RUN,0.98
2026-01-27T00:43:24.635921Z,55.09,58.82,56.98,23.33,power,0.05,33.19,14.63,91.16,935.6,10.26,443.6,407.0,492.0,534.9,43.4,31.0,1.32,0.08,10.16,RUN,OK,RUN,0.98
2026-01-27T00:43:24.835921Z,55.08,58.8,56.98,23.14,power,0.05,33.19,14.7,91.15,927.3,10.17,443.3,406.2,484.0,534.6,43.41,31.0,1.32,0.08,10.163,RUN,OK,RUN,0.98
2026-01-27T00:43:25.035921Z,55.07,58.78,56.99,22.94,power,0.05,33.19,14.76,91.14,918.9,10.08,442.9,405.4,476.0,534.3,43.42,31.0,1.32,0.08,10.166,RUN,OK,RUN,0.98
2026-01-27T00:43:25.235921Z,55.06,58.76,56.99,22.75,power,0.05,33.19,14.82,91.12,910.6,9.99,442.6,404.7,468.0,534.1,43.42,31.0,1.32,0.08,10.17,RUN,OK,RUN,0.98
2026-01-27T00:43:25.435921Z,55.05,58.74,56.99,22.55,power,0.05,33.2,14.89,91.11,902.4,9.9,442.3,404.1,460.1,533.8,43.43,31.0,1.33,0.08,10.173,RUN,OK,RUN,0.98
2026-01-27T00:43:25.635921Z,55.05,58.72,56.99,22.35,power,0.05,33.2,14.95,91.1,894.1,9.81,441.9,403.5,452.2,533.5,43.43,31.0,1.33,0.08,10.176,RUN,OK,RUN,0.98
2026-01-27T00:43:25.835921Z,55.04,58.7,56.99,22.16,power,0.05,33.2,15.01,91.09,885.9,9.73,441.6,402.9,444.3,533.3,43.44,31.0,1.33,0.08,10.179,RUN,OK,RUN,0.98
2026-01-27T00:43:26.035921Z,55.03,58.68,56.99,21.96,power,0.05,33.2,15.08,91.07,877.8,9.64,441.3,402.4,436.5,533.0,43.44,31.0,1.33,0.09,10.182,RUN,OK,RUN,0.98
2026-01-27T00:43:26.235921Z,55.03,58.66,56.99,21.76,power,0.05,33.2,15.14,91.06,869.7,9.55,440.9,401.9,428.7,532.7,43.45,31.0,1.33,0.09,10.185,RUN,OK,RUN,0.98
2026-01-27T00:43:26.435921Z,55.02,58.65,57.0,21.56,power,0.05,33.2,15.2,91.05,861.6,9.46,440.6,401.5,421.0,532.5,43.46,31.0,1.34,0.09,10.189,RUN,OK,RUN,0.98
2026-01-27T00:43:26.635921Z,55.02,58.63,57.0,21.36,power,0.05,33.21,15.26,91.04,853.5,9.38,440.3,401.2,413.3,532.2,43.46,31.0,1.34,0.09,10.192,RUN,OK,RUN,0.98
2026-01-27T00:43:26.835921Z,55.01,58.61,57.0,21.16,power,0.05,33.21,15.32,91.02,845.6,9.29,439.9,400.8,405.6,531.9,43.47,31.0,1.34,0.09,10.195,RUN,OK,RUN,0.98
2026-01-27T00:43:27.035921Z,55.01,58.6,57.0,20.96,power,0.05,33.21,15.38,91.01,837.6,9.2,439.6,400.6,398.0,531.7,43.47,31.0,1.34,0.09,10.198,RUN,OK,RUN,0.98
2026-01-27T00:43:27.235921Z,55.0,58.59,57.0,20.76,power,0.05,33.21,15.44,91.0,829.7,9.12,439.3,400.4,390.4,531.4,43.48,31.0,1.34,0.09,10.201,RUN,OK,RUN,0.98
2026-01-27T00:43:27.435921Z,55.0,58.57,57.0,20.56,power,0.05,33.21,15.5,90.99,821.9,9.03,439.0,400.2,382.9,531.2,43.48,31.0,1.35,0.09,10.204,RUN,OK,RUN,0.98
2026-01-27T00:43:27.635921Z,55.0,58.56,57.0,20.36,power,0.05,33.21,15.55,90.98,814.0,8.95,438.6,400.1,375.4,530.9,43.49,31.0,1.35,0.1,10.208,RUN,OK,RUN,0.98
2026-01-27T00:43:27.835921Z,55.0,58.55,57.0,20.16,power,0.05,33.22,15.61,90.96,806.3,8.86,438.3,400.0,368.0,530.7,43.5,31.0,1.35,0.1,10.211,RUN,OK,RUN,0.98
2026-01-27T00:43:28.035921Z,55.0,58.53,57.0,19.96,power,0.05,33.22,15.67,90.95,798.6,8.78,438.0,400.0,360.6,530.4,43.5,31.0,1.35,0.1,10.214,RUN,OK,RUN,0.98
2026-01-27T00:43:28.235921Z,55.0,58.52,57.0,19.76,power,0.05,33.22,15.72,90.94,790.9,8.7,437.7,400.0,353.2,530.1,43.51,31.0,1.35,0.1,10.217,RUN,OK,RUN,0.98
2026-01-27T00:43:28.435921Z,55.0,58.51,57.0,19.56,power,0.05,33.22,15.78,90.93,783.3,8.61,437.4,400.1,345.9,529.9,43.51,31.0,1.36,0.1,10.22,RUN,OK,RUN,0.98
2026-01-27T00:43:28.635921Z,55.0,58.5,57.0,19.36,power,0.05,33.22,15.83,90.92,775.7,8.53,437.1,400.3,338.7,529.6,43.52,31.0,1.36,0.1,10.223,RUN,OK,RUN,0.98
2026-01-27T00:43:28.835921Z,55.01,58.49,57.0,19.16,power,0.05,33.23,15.89,90.91,768.2,8.45,436.7,400.4,331.5,529.4,43.52,31.0,1.36,0.1,10.227,RUN,OK,RUN,0.98
2026-01-27T00:43:29.035921Z,55.01,58.48,57.0,18.96,power,0.05,33.23,15.94,90.89,760.8,8.37,436.4,400.7,324.3,529.1,43.53,31.0,1.36,0.1,10.23,RUN,OK,RUN,0.98
2026-01-27T00:43:29.235921Z,55.01,58.47,57.0,18.76,power,0.05,33.23,16.0,90.88,753.4,8.29,436.1,400.9,317.2,528.9,43.54,31.0,1.36,0.11,10.233,RUN,OK,RUN,0.98
2026-01-27T00:43:29.435921Z,55.02,58.47,57.0,18.56,power,0.05,33.23,16.05,90.87,746.0,8.21,435.8,401.3,310.2,528.6,43.54,31.0,1.36,0.11,10.236,RUN,OK,RUN,0.98
2026-01-27T00:43:29.635921Z,55.02,58.46,57.0,18.37,power,0.05,33.23,16.1,90.86,738.7,8.13,435.5,401.7,303.2,528.4,43.55,31.0,1.37,0.11,10.239,RUN,OK,RUN,0.98
2026-01-27T00:43:29.835921Z,55.03,58.45,56.99,18.17,power,0.05,33.23,16.15,90.85,731.5,8.05,435.2,402.1,296.3,528.1,43.55,31.0,1.37,0.11,10.242,RUN,OK,RUN,0.98
2026-01-27T00:43:30.035921Z,55.03,58.45,56.99,17.97,power,0.05,33.24,16.2,90.84,724.3,7.97,434.9,402.6,289.4,527.9,43.56,31.0,1.37,0.11,10.246,RUN,OK,RUN,0.98
2026-01-27T00:43:30.235921Z,55.04,58.44,56.99,17.77,power,0.05,33.24,16.25,90.83,717.2,7.9,434.6,403.1,282.6,527.7,43.57,31.0,1.37,0.11,10.249,RUN,OK,RUN,0.98
2026-01-27T00:43:30.435921Z,55.05,58.44,56.99,17.57,power,0.05,33.24,16.3,90.82,710.1,7.82,434.3,403.7,275.9,527.4,43.57,31.0,1.37,0.11,10.252,RUN,OK,RUN,0.98
2026-01-27T00:43:30.635921Z,55.06,58.43,56.99,17.38,power,0.05,33.24,16.35,90.81,703.1,7.74,434.0,404.3,269.2,527.2,43.58,31.0,1.38,0.11,10.255,RUN,OK,RUN,0.98
2026-01-27T00:43:30.835921Z,55.07,58.43,56.99,17.18,power,0.05,33.24,16.4,90.79,696.2,7.67,433.7,405.0,262.5,526.9,43.58,31.0,1.38,0.11,10.258,RUN,OK,RUN,0.98
2026-01-27T00:43:31.035921Z,55.08,58.43,56.99,16.98,power,0.05,33.25,16.45,90.78,689.3,7.59,433.4,405.7,256.0,526.7,43.59,31.0,1.38,0.12,10.261,RUN,OK,RUN,0.98
2026-01-27T00:43:31.235921Z,55.09,58.43,56.98,16.79,power,0.05,33.25,16.49,90.77,682.5,7.52,433.1,406.5,249.5,526.5,43.59,31.0,1.38,0.12,10.265,RUN,OK,RUN,0.98
2026-01-27T00:43:31.435921Z,55.1,58.43,56.98,16.59,power,0.05,33.25,16.54,90.76,675.8,7.45,432.8,407.3,243.0,526.2,43.6,31.0,1.38,0.12,10.268,RUN,OK,RUN,0.98
2026-01-27T00:43:31.635921Z,55.11,58.42,56.98,16.4,power,0.05,33.25,16.59,90.75,669.1,7.37,432.5,408.2,236.6,526.0,43.61,31.0,1.38,0.12,10.271,RUN,OK,RUN,0.98
2026-01-27T00:43:31.835921Z,55.12,58.42,56.98,16.2,power,0.05,33.25,16.63,90.74,662.5,7.3,432.2,409.1,230.3,525.7,43.61,31.0,1.39,0.12,10.274,RUN,OK,RUN,0.98
2026-01-27T00:43:32.035921Z,55.14,58.43,56.97,16.01,power,0.05,33.26,16.68,90.73,655.9,7.23,431.9,410.1,224.0,525.5,43.62,31.0,1.39,0.12,10.277,RUN,OK,RUN,0.98
2026-01-27T00:43:32.235921Z,55.15,58.43,56.97,15.82,power,0.05,33.26,16.72,90.72,649.4,7.16,431.6,411.1,217.9,525.3,43.62,31.0,1.39,0.12,10.28,RUN,OK,RUN,0.98
2026-01-27T00:43:32.435921Z,55.16,58.43,56.97,15.63,power,0.05,33.26,16.76,90.71,643.0,7.09,431.3,412.2,211.7,525.0,43.63,31.0,1.39,0.12,10.284,RUN,OK,RUN,0.98
2026-01-27T00:43:32.635921Z,55.18,58.43,56.97,15.44,power,0.05,33.26,16.81,90.7,636.7,7.02,431.0,413.3,205.7,524.8,43.64,31.0,1.39,0.13,10.287,RUN,OK,RUN,0.98
2026-01-27T00:43:32.835921Z,55.19,58.43,56.97,15.25,power,0.05,33.26,16.85,90.69,630.4,6.95,430.7,414.4,199.7,524.6,43.64,31.0,1.39,0.13,10.29,RUN,OK,RUN,0.98
2026-01-27T00:43:33.035921Z,55.21,58.44,56.96,15.06,power,0.05,33.27,16.89,90.68,624.2,6.88,430.4,415.7,193.8,524.4,43.65,31.0,1.39,0.13,10.293,RUN,OK,RUN,0.98
2026-01-27T00:43:33.235921Z,55.23,58.44,56.96,14.87,power,0.05,33.27,16.93,90.67,618.1,6.82,430.2,416.9,187.9,524.1,43.65,31.0,1.4,0.13,10.296,RUN,OK,RUN,0.98
2026-01-27T00:43:33.435921Z,55.25,58.45,56.96,14.68,power,0.05,33.27,16.97,90.66,612.0,6.75,429.9,418.2,182.1,523.9,43.66,31.0,1.4,0.13,10.299,RUN,OK,RUN,0.98
2026-01-27T00:43:33.635921Z,55.26,58.45,56.95,14.49,power,0.05,33.27,17.01,90.65,606.0,6.69,429.6,419.6,176.4,523.7,43.67,31.0,1.4,0.13,10.303,RUN,OK,RUN,0.98
2026-01-27T00:43:33.835921Z,55.28,58.46,56.95,14.31,power,0.05,33.27,17.05,90.64,600.1,6.62,429.3,421.0,170.8,523.4,43.67,31.0,1.4,0.13,10.306,RUN,OK,RUN,0.98
2026-01-27T00:43:34.035921Z,55.3,58.47,56.95,14.12,power,0.05,33.28,17.08,90.63,594.2,6.56,429.0,422.5,165.2,523.2,43.68,31.0,1.4,0.13,10.309,RUN,OK,RUN,0.98
2026-01-27T00:43:34.235921Z,55.32,58.47,56.95,13.94,power,0.05,33.28,17.12,90.62,588.5,6.49,428.7,424.0,159.7,523.0,43.68,31.0,1.4,0.14,10.312,RUN,OK,RUN,0.98
2026-01-27T00:43:34.435921Z,55.34,58.48,56.94,13.76,power,0.05,33.28,17.16,90.61,582.8,6.43,428.5,425.5,154.3,522.8,43.69,31.0,1.41,0.14,10.315,RUN,OK,RUN,0.98
2026-01-27T00:43:34.635921Z,55.37,58.49,56.94,13.58,power,0.05,33.28,17.19,90.6,577.2,6.37,428.2,427.1,149.0,522.6,43.7,31.0,1.41,0.14,10.318,RUN,OK,RUN,0.98
2026-01-27T00:43:34.835921Z,55.39,58.5,56.94,13.4,power,0.05,33.28,17.23,90.59,571.6,6.31,427.9,428.7,143.7,522.3,43.7,31.0,1.41,0.14,10.322,RUN,OK,RUN,0.98
2026-01-27T00:43:35.035921Z,55.41,58.51,56.94,13.22,power,0.05,33.29,17.26,90.58,566.2,6.25,427.6,430.4,138.5,522.1,43.71,31.0,1.41,0.14,10.325,RUN,OK,RUN,0.98
2026-01-27T00:43:35.235921Z,55.43,58.52,56.93,13.04,power,0.05,33.29,17.29,90.57,560.8,6.19,427.4,432.2,133.4,521.9,43.71,31.0,1.41,0.14,10.328,RUN,OK,RUN,0.98
2026-01-27T00:43:35.435921Z,55.46,58.53,56.93,12.86,power,0.05,33.29,17.33,90.56,555.5,6.13,427.1,434.0,128.4,521.7,43.72,31.0,1.41,0.14,10.331,RUN,OK,RUN,0.98
2026-01-27T00:43:35.635921Z,55.48,58.54,56.93,12.69,power,0.05,33.29,17.36,90.55,550.3,6.08,426.8,435.8,123.4,521.5,43.73,31.0,1.41,0.14,10.334,RUN,OK,RUN,0.98
2026-01-27T00:43:35.835921Z,55.51,58.55,56.93,12.51,power,0.05,33.29,17.39,90.55,545.1,6.02,426.6,437.7,118.5,521.2,43.73,31.01,1.42,0.15,10.337,RUN,OK,RUN,0.98
2026-01-27T00:43:36.035921Z,55.54,58.57,56.92,12.34,power,0.05,33.3,17.42,90.54,540.0,5.96,426.3,439.6,113.8,521.0,43.74,31.01,1.42,0.15,10.341,RUN,OK,RUN,0.98
2026-01-27T00:43:36.235921Z,55.56,58.58,56.92,12.17,power,0.05,33.3,17.45,90.53,535.1,5.91,426.0,441.6,109.0,520.8,43.74,31.01,1.42,0.15,10.344,RUN,OK,RUN,0.98
2026-01-27T00:43:36.435921Z,55.59,58.59,56.92,12.0,power,0.05,33.3,17.48,90.52,530.2,5.86,425.8,443.6,104.4,520.6,43.75,31.01,1.42,0.15,10.347,RUN,OK,RUN,0.98
2026-01-27T00:43:36.635921Z,55.62,58.61,56.92,11.83,power,0.05,33.3,17.51,90.51,525.3,5.8,425.5,445.6,99.8,520.4,43.76,31.01,1.42,0.15,10.35,RUN,OK,RUN,0.98
2026-01-27T00:43:36.835921Z,55.65,58.62,56.91,11.67,power,0.05,33.31,17.53,90.5,520.6,5.75,425.2,447.8,95.4,520.2,43.76,31.01,1.42,0.15,10.353,RUN,OK,RUN,0.98
2026-01-27T00:43:37.035921Z,55.68,58.64,56.91,11.5,power,0.05,33.31,17.56,90.49,516.0,5.7,425.0,449.9,91.0,520.0,43.77,31.01,1.42,0.15,10.356,RUN,OK,RUN,0.98
2026-01-27T00:43:37.235921Z,55.71,58.66,56.91,11.34,power,0.05,33.31,17.58,90.48,511.4,5.65,424.7,452.1,86.7,519.8,43.77,31.01,1.43,0.15,10.36,RUN,OK,RUN,0.98
2026-01-27T00:43:37.435921Z,55.74,58.67,56.91,11.17,power,0.05,33.31,17.61,90.48,506.9,5.6,424.5,454.4,82.4,519.6,43.78,31.01,1.43,0.15,10.363,RUN,OK,RUN,0.98
2026-01-27T00:43:37.635921Z,55.77,58.69,56.91,11.01,power,0.05,33.31,17.63,90.47,502.5,5.55,424.2,456.7,78.3,519.4,43.79,31.01,1.43,0.16,10.366,RUN,OK,RUN,0.98
2026-01-27T00:43:37.835921Z,55.8,58.71,56.91,10.85,power,0.05,33.32,17.66,90.46,498.2,5.51,423.9,459.0,74.3,519.2,43.79,31.01,1.43,0.16,10.369,RUN,OK,RUN,0.98
2026-01-27T00:43:38.035921Z,55.83,58.73,56.91,10.7,power,0.05,33.32,17.68,90.45,494.0,5.46,423.7,461.4,70.3,519.0,43.8,31.01,1.43,0.16,10.372,RUN,OK,RUN,0.98
2026-01-27T00:43:38.235921Z,55.86,58.75,56.91,10.54,power,0.05,33.32,17.7,90.44,489.8,5.42,423.4,463.8,66.4,518.7,43.8,31.01,1.43,0.16,10.375,RUN,OK,RUN,0.98
2026-01-27T00:43:38.435921Z,55.9,58.77,56.9,10.38,power,0.05,33.32,17.72,90.43,485.8,5.37,423.2,466.3,62.6,518.5,43.81,31.01,1.43,0.16,10.378,RUN,OK,RUN,0.98
2026-01-27T00:43:38.635921Z,55.93,58.79,56.9,10.23,power,0.05,33.32,17.74,90.43,481.8,5.33,422.9,468.8,58.9,518.3,43.82,31.01,1.43,0.16,10.382,RUN,OK,RUN,0.98
2026-01-27T00:43:38.835921Z,55.97,58.81,56.9,10.08,power,0.05,33.33,17.76,90.42,478.0,5.29,422.7,471.3,55.3,518.1,43.82,31.01,1.44,0.16,10.385,RUN,OK,RUN,0.98
2026-01-27T00:43:39.035921Z,56.0,58.83,56.9,9.93,power,0.05,33.33,17.78,90.41,474.2,5.24,422.4,473.9,51.7,518.0,43.83,31.01,1.44,0.16,10.388,RUN,OK,RUN,0.98
2026-01-27T00:43:39.235921Z,56.04,58.86,56.9,9.78,power,0.05,33.33,17.8,90.4,470.5,5.2,422.2,476.6,48.3,517.8,43.84,31.01,1.44,0.17,10.391,RUN,OK,RUN,0.98
2026-01-27T00:43:39.435921Z,56.08,58.88,56.91,9.64,power,0.05,33.33,17.82,90.39,466.9,5.16,421.9,479.3,44.9,517.6,43.84,31.01,1.44,0.17,10.394,RUN,OK,RUN,0.98
2026-01-27T00:43:39.635921Z,56.11,58.9,56.91,9.5,power,0.05,33.34,17.83,90.39,463.4,5.13,421.7,482.0,41.7,517.4,43.85,31.01,1.44,0.17,10.397,RUN,OK,RUN,0.98
2026-01-27T00:43:39.835921Z,56.15,58.93,56.91,9.35,power,0.05,33.34,17.85,90.38,459.9,5.09,421.5,484.8,38.5,517.2,43.85,31.01,1.44,0.17,10.401,RUN,OK,RUN,0.98
2026-01-27T00:43:40.035921Z,56.19,58.95,56.91,9.21,power,0.05,33.34,17.87,90.37,456.6,5.05,421.2,487.6,35.4,517.0,43.86,31.01,1.44,0.17,10.404,RUN,OK,RUN,0.98
2026-01-27T00:43:40.235921Z,56.23,58.98,56.91,9.08,power,0.05,33.34,17.88,90.36,453.4,5.02,421.0,490.5,32.4,516.8,43.87,31.01,1.44,0.17,10.407,RUN,OK,RUN,0.98
2026-01-27T00:43:40.435921Z,56.27,59.0,56.91,8.94,power,0.05,33.34,17.89,90.36,450.2,4.98,420.7,493.4,29.5,516.6,43.87,31.01,1.45,0.17,10.41,RUN,OK,RUN,0.98
2026-01-27T00:43:40.635921Z,56.31,59.03,56.92,8.81,power,0.05,33.35,17.91,90.35,447.2,4.95,420.5,496.3,26.7,516.4,43.88,31.01,1.45,0.17,10.413,RUN,OK,RUN,0.98
2026-01-27T00:43:40.835921Z,56.35,59.06,56.92,8.67,power,0.05,33.35,17.92,90.34,444.2,4.92,420.3,499.3,23.9,516.2,43.88,31.01,1.45,0.17,10.416,RUN,OK,RUN,0.98
2026-01-27T00:43:41.035921Z,56.39,59.08,56.92,8.54,power,0.05,33.35,17.93,90.33,441.3,4.89,420.0,502.3,21.3,516.0,43.89,31.01,1.45,0.18,10.42,RUN,OK,RUN,0.98
2026-01-27T00:43:41.235921Z,56.44,59.11,56.93,8.42,power,0.05,33.35,17.94,90.33,438.6,4.86,419.8,505.4,18.8,515.8,43.9,31.01,1.45,0.18,10.423,RUN,OK,RUN,0.98
2026-01-27T00:43:41.435921Z,56.48,59.14,56.93,8.29,power,0.05,33.36,17.95,90.32,435.9,4.83,419.6,508.5,16.3,515.7,43.9,31.01,1.45,0.18,10.426,RUN,OK,RUN,0.98
2026-01-27T00:43:41.635921Z,56.52,59.17,56.93,8.17,power,0.05,33.36,17.96,90.31,433.3,4.8,419.3,511.6,14.0,515.5,43.91,31.02,1.45,0.18,10.429,RUN,OK,RUN,0.98
2026-01-27T00:43:41.835921Z,56.57,59.2,56.94,8.04,power,0.05,33.36,17.97,90.31,430.8,4.77,419.1,514.8,11.7,515.3,43.92,31.02,1.45,0.18,10.432,RUN,OK,RUN,0.98
2026-01-27T00:43:42.035921Z,56.61,59.23,56.94,7.92,power,0.05,33.36,17.97,90.3,428.4,4.74,418.9,518.0,9.5,515.1,43.92,31.02,1.45,0.18,10.435,RUN,OK,RUN,0.98
2026-01-27T00:43:42.235921Z,56.66,59.26,56.95,7.81,power,0.05,33.36,17.98,90.29,426.1,4.72,418.7,521.3,7.5,514.9,43.93,31.02,1.46,0.18,10.439,RUN,OK,RUN,0.98
2026-01-27T00:43:42.435921Z,56.7,59.29,56.96,7.69,power,0.05,33.37,17.98,90.29,423.9,4.7,418.4,524.6,5.5,514.7,43.93,31.02,1.46,0.18,10.442,RUN,OK,RUN,0.98
2026-01-27T00:43:42.635921Z,56.75,59.33,56.96,7.58,power,0.05,33.37,17.99,90.28,421.8,4.67,418.2,528.0,3.6,514.6,43.94,31.02,1.46,0.19,10.445,RUN,OK,RUN,0.98
2026-01-27T00:43:42.835921Z,56.8,59.36,56.97,7.47,power,0.05,33.37,17.99,90.27,419.8,4.65,418.0,531.4,1.8,514.4,43.95,31.02,1.46,0.19,10.448,RUN,OK,RUN,0.98
2026-01-27T00:43:43.035921Z,56.85,59.39,56.98,7.36,power,0.05,33.37,18.0,90.27,417.9,4.63,417.8,534.8,0.1,514.2,43.95,31.02,1.46,0.19,10.451,RUN,OK,RUN,0.98
2026-01-27T00:43:43.235921Z,56.89,59.43,56.99,7.25,power,0.05,33.38,18.0,90.26,416.1,4.61,417.5,538.2,-1.5,514.0,43.96,31.02,1.46,0.19,10.454,RUN,OK,RUN,0.98
2026-01-27T00:43:43.435921Z,56.94,59.46,57.0,7.15,power,0.05,33.38,18.0,90.25,414.3,4.59,417.3,541.7,-3.0,513.9,43.97,31.02,1.46,0.19,10.458,RUN,OK,RUN,0.98
2026-01-27T00:43:43.635921Z,56.99,59.5,57.01,7.05,power,0.05,33.38,18.0,90.25,412.7,4.57,417.1,545.3,-4.4,513.7,43.97,31.02,1.46,0.19,10.461,RUN,OK,RUN,0.98
2026-01-27T00:43:43.835921Z,57.04,59.53,57.02,6.95,power,0.05,33.38,18.0,90.24,411.2,4.56,416.9,548.9,-5.7,513.5,43.98,31.02,1.46,0.19,10.464,RUN,OK,RUN,0.98
2026-01-27T00:43:44.035921Z,57.09,59.57,57.03,6.85,power,0.05,33.39,18.0,90.23,409.7,4.54,416.7,552.5,-6.9,513.3,43.98,31.02,1.46,0.19,10.467,RUN,OK,RUN,0.98
2026-01-27T00:43:44.235921Z,57.14,59.61,57.04,6.75,power,0.05,33.39,18.0,90.23,408.4,4.53,416.5,556.1,-8.1,513.2,43.99,31.02,1.46,0.19,10.47,RUN,OK,RUN,0.98
2026-01-27T00:43:44.435921Z,57.2,59.64,57.05,6.66,power,0.05,33.39,17.99,90.22,407.2,4.51,416.3,559.8,-9.1,513.0,44.0,31.02,1.47,0.2,10.473,RUN,OK,RUN,0.98
2026-01-27T00:43:44.635921Z,57.25,59.68,57.06,6.57,power,0.05,33.39,17.99,90.22,406.0,4.5,416.0,563.5,-10.0,512.8,44.0,31.02,1.47,0.2,10.477,RUN,OK,RUN,0.98
2026-01-27T00:43:44.835921Z,57.3,59.72,57.08,6.48,power,0.05,33.4,17.99,90.21,405.0,4.49,415.8,567.3,-10.8,512.7,44.01,31.02,1.47,0.2,10.48,RUN,OK,RUN,0.98
2026-01-27T00:43:45.035921Z,57.35,59.76,57.09,6.4,power,0.05,33.4,17.98,90.21,404.1,4.48,415.6,571.1,-11.6,512.5,44.02,31.02,1.47,0.2,10.483,RUN,OK,RUN,0.98
2026-01-27T00:43:45.235921Z,57.41,59.8,57.1,6.31,power,0.05,33.4,17.98,90.2,403.2,4.47,415.4,574.9,-12.2,512.3,44.02,31.02,1.47,0.2,10.486,RUN,OK,RUN,0.98
2026-01-27T00:43:45.435921Z,57.46,59.84,57.12,6.23,power,0.05,33.4,17.97,90.19,402.5,4.46,415.2,578.8,-12.8,512.2,44.03,31.03,1.47,0.2,10.489,RUN,OK,RUN,0.98
2026-01-27T00:43:45.635921Z,57.52,59.88,57.13,6.15,power,0.05,33.4,17.96,90.19,401.8,4.46,415.0,582.7,-13.2,512.0,44.03,31.03,1.47,0.2,10.492,RUN,OK,RUN,0.98
2026-01-27T00:43:45.835921Z,57.57,59.92,57.15,6.08,power,0.05,33.41,17.95,90.18,401.3,4.45,414.8,586.6,-13.6,511.9,44.04,31.03,1.47,0.2,10.496,RUN,OK,RUN,0.98
2026-01-27T00:43:46.035921Z,57.63,59.96,57.17,6.01,power,0.05,33.41,17.95,90.18,400.8,4.44,414.6,590.6,-13.8,511.7,44.05,31.03,1.47,0.2,10.499,RUN,OK,RUN,0.98
2026-01-27T00:43:46.235921Z,57.69,60.0,57.19,5.94,power,0.05,33.41,17.94,90.17,400.5,4.44,414.4,594.6,-14.0,511.5,44.05,31.03,1.47,0.21,10.502,RUN,OK,RUN,0.98
2026-01-27T00:43:46.435921Z,57.74,60.05,57.21,5.87,power,0.05,33.41,17.93,90.17,400.2,4.44,414.2,598.7,-14.0,511.4,44.06,31.03,1.47,0.21,10.505,RUN,OK,RUN,0.98
2026-01-27T00:43:46.635921Z,57.8,60.09,57.23,5.8,power,0.05,33.42,17.91,90.16,400.1,4.44,414.0,602.7,-14.0,511.2,44.07,31.03,1.48,0.21,10.508,RUN,OK,RUN,0.98
2026-01-27T00:43:46.835921Z,57.86,60.13,57.25,5.74,power,0.05,33.42,17.9,90.16,400.0,4.44,413.8,606.8,-13.8,511.1,44.07,31.03,1.48,0.21,10.511,RUN,OK,RUN,0.98
2026-01-27T00:43:47.035921Z,57.92,60.18,57.27,5.68,power,0.05,33.42,17.89,90.15,400.0,4.44,413.6,611.0,-13.6,510.9,44.08,31.03,1.48,0.21,10.515,RUN,OK,RUN,0.98
2026-01-27T00:43:47.235921Z,57.98,60.22,57.29,5.62,power,0.05,33.42,17.88,90.15,400.2,4.44,413.4,615.1,-13.3,510.8,44.09,31.03,1.48,0.21,10.518,RUN,OK,RUN,0.98
2026-01-27T00:43:47.435921Z,58.04,60.27,57.31,5.56,power,0.05,33.43,17.86,90.14,400.4,4.44,413.2,619.3,-12.8,510.6,44.09,31.03,1.48,0.21,10.521,RUN,OK,RUN,0.98
2026-01-27T00:43:47.635921Z,58.1,60.31,57.33,5.51,power,0.05,33.43,17.85,90.14,400.8,4.45,413.1,623.6,-12.3,510.4,44.1,31.03,1.48,0.21,10.524,RUN,OK,RUN,0.98
2026-01-27T00:43:47.835921Z,58.16,60.36,57.36,5.46,power,0.05,33.43,17.83,90.13,401.2,4.45,412.9,627.8,-11.7,510.3,44.1,31.03,1.48,0.21,10.527,RUN,OK,RUN,0.98
2026-01-27T00:43:48.035921Z,58.22,60.4,57.38,5.41,power,0.05,33.43,17.81,90.13,401.7,4.46,412.7,632.1,-10.9,510.1,44.11,31.03,1.48,0.22,10.531,RUN,OK,RUN,0.98
2026-01-27T00:43:48.235921Z,58.29,60.45,57.41,5.37,power,0.05,33.44,17.8,90.12,402.4,4.46,412.5,636.4,-10.1,510.0,44.12,31.03,1.48,0.22,10.534,RUN,OK,RUN,0.98
2026-01-27T00:43:48.435921Z,58.35,60.5,57.44,5.32,power,0.05,33.44,17.78,90.12,403.1,4.47,412.3,640.8,-9.2,509.9,44.12,31.03,1.48,0.22,10.537,RUN,OK,RUN,0.98
2026-01-27T00:43:48.635921Z,58.41,60.55,57.46,5.28,power,0.05,33.44,17.76,90.12,403.9,4.48,412.1,645.2,-8.2,509.7,44.13,31.04,1.48,0.22,10.54,RUN,OK,RUN,0.98
2026-01-27T00:43:48.835921Z,58.48,60.6,57.49,5.25,power,0.05,33.44,17.74,90.11,404.9,4.49,411.9,649.6,-7.1,509.6,44.14,31.04,1.48,0.22,10.543,RUN,OK,RUN,0.98
2026-01-27T00:43:49.035921Z,58.54,60.65,57.52,5.21,power,0.05,33.45,17.72,90.11,405.9,4.5,411.8,654.0,-5.9,509.4,44.14,31.04,1.48,0.22,10.547,RUN,OK,RUN,0.98
2026-01-27T00:43:49.235921Z,58.6,60.7,57.55,5.18,power,0.05,33.45,17.7,90.1,407.0,4.52,411.6,658.5,-4.6,509.3,44.15,31.04,1.48,0.22,10.55,RUN,OK,RUN,0.98
2026-01-27T00:43:49.435921Z,58.67,60.75,57.59,5.15,power,0.05,33.45,17.67,90.1,408.3,4.53,411.4,663.0,-3.2,509.1,44.16,31.04,1.48,0.22,10.553,RUN,OK,RUN,0.98
2026-01-27T00:43:49.635921Z,58.74,60.8,57.62,5.12,power,0.05,33.45,17.65,90.1,409.6,4.55,411.2,667.5,-1.7,509.0,44.16,31.04,1.49,0.23,10.556,RUN,OK,RUN,0.98
2026-01-27T00:43:49.835921Z,58.8,60.85,57.65,5.1,power,0.05,33.46,17.63,90.09,411.0,4.56,411.1,672.1,-0.1,508.8,44.17,31.04,1.49,0.23,10.559,RUN,OK,RUN,0.98
2026-01-27T00:43:50.035921Z,58.87,60.9,57.69,5.08,power,0.05,33.46,17.6,90.09,412.5,4.58,410.9,676.7,1.6,508.7,44.17,31.04,1.49,0.23,10.563,RUN,OK,RUN,0.98
2026-01-27T00:43:50.235921Z,58.94,60.95,57.72,5.06,power,0.05,33.46,17.58,90.08,414.1,4.6,410.7,681.3,3.4,508.6,44.18,31.04,1.49,0.23,10.566,RUN,OK,RUN,0.98
2026-01-27T00:43:50.435921Z,59.0,61.0,57.76,5.04,power,0.05,33.46,17.55,90.08,415.8,4.62,410.5,685.9,5.3,508.4,44.19,31.04,1.49,0.23,10.569,RUN,OK,RUN,0.98
2026-01-27T00:43:50.635921Z,59.07,61.06,57.79,5.03,power,0.05,33.47,17.52,90.08,417.6,4.64,410.4,690.6,7.3,508.3,44.19,31.04,1.49,0.23,10.572,RUN,OK,RUN,0.98
2026-01-27T00:43:50.835921Z,59.14,61.11,57.83,5.02,power,0.05,33.47,17.5,90.07,419.6,4.66,410.2,695.3,9.3,508.2,44.2,31.04,1.49,0.23,10.575,RUN,OK,RUN,0.98
2026-01-27T00:43:51.035921Z,59.21,61.16,57.87,5.01,power,0.05,33.47,17.47,90.07,421.6,4.68,410.0,700.0,11.5,508.0,44.21,31.04,1.49,0.23,10.579,RUN,OK,RUN,0.98
2026-01-27T00:43:51.235921Z,59.28,61.22,57.91,5.0,power,0.05,33.47,17.44,90.07,423.6,4.7,409.9,704.7,13.8,507.9,44.21,31.04,1.49,0.23,10.582,RUN,OK,RUN,0.98
2026-01-27T00:43:51.435921Z,59.35,61.27,57.95,5.0,power,0.05,33.48,17.41,90.06,425.8,4.73,409.7,709.5,16.1,507.8,44.22,31.05,1.49,0.24,10.585,RUN,OK,RUN,0.98
2026-01-27T00:43:51.635921Z,59.42,61.33,58.0,5.0,power,0.05,33.48,17.38,90.06,428.1,4.75,409.5,714.3,18.6,507.6,44.23,31.05,1.49,0.24,10.588,RUN,OK,RUN,0.98
2026-01-27T00:43:51.835921Z,59.49,61.38,58.04,5.0,power,0.05,33.48,17.35,90.06,430.5,4.78,409.4,719.1,21.1,507.5,44.23,31.05,1.49,0.24,10.592,RUN,OK,RUN,0.98
2026-01-27T00:43:52.035921Z,59.56,61.44,58.08,5.01,power,0.05,33.49,17.32,90.05,433.0,4.81,409.2,723.9,23.8,507.4,44.24,31.05,1.49,0.24,10.595,RUN,OK,RUN,0.98
2026-01-27T00:43:52.235921Z,59.63,61.5,58.13,5.02,power,0.05,33.49,17.28,90.05,435.6,4.84,409.1,728.7,26.5,507.3,44.25,31.05,1.49,0.24,10.598,RUN,OK,RUN,0.98
2026-01-27T00:43:52.435921Z,59.71,61.55,58.17,5.03,power,0.05,33.49,17.25,90.05,438.2,4.87,408.9,733.6,29.3,507.1,44.25,31.05,1.49,0.24,10.601,RUN,OK,RUN,0.98
2026-01-27T00:43:52.635921Z,59.78,61.61,58.22,5.04,power,0.05,33.49,17.22,90.05,441.0,4.9,408.8,738.5,32.2,507.0,44.26,31.05,1.49,0.24,10.604,RUN,OK,RUN,0.98
2026-01-27T00:43:52.835921Z,59.85,61.67,58.27,5.05,power,0.05,33.5,17.18,90.04,443.9,4.93,408.6,743.4,35.3,506.9,44.26,31.05,1.49,0.24,10.608,RUN,OK,RUN,0.98
2026-01-27T00:43:53.035921Z,59.93,61.73,58.32,5.07,power,0.05,33.5,17.15,90.04,446.8,4.96,408.4,748.4,38.4,506.8,44.27,31.05,1.49,0.24,10.611,RUN,OK,RUN,0.98
2026-01-27T00:43:53.235921Z,60.0,61.79,58.37,5.09,power,0.05,33.5,17.11,90.04,449.8,5.0,408.3,753.3,41.6,506.6,44.28,31.05,1.49,0.24,10.614,RUN,OK,RUN,0.98
2026-01-27T00:43:53.435921Z,60.08,61.84,58.42,5.12,power,0.05,33.5,17.07,90.04,453.0,5.03,408.1,758.3,44.8,506.5,44.28,31.05,1.49,0.25,10.617,RUN,OK,RUN,0.98
2026-01-27T00:43:53.635921Z,60.15,61.9,58.48,5.14,power,0.05,33.51,17.03,90.03,456.2,5.07,408.0,763.3,48.2,506.4,44.29,31.05,1.49,0.25,10.621,RUN,OK,RUN,0.98
2026-01-27T00:43:53.835921Z,60.23,61.96,58.53,5.17,power,0.05,33.51,17.0,90.03,459.5,5.1,407.8,768.4,51.7,506.3,44.3,31.05,1.5,0.25,10.624,RUN,OK,RUN,0.98
2026-01-27T00:43:54.035921Z,60.3,62.02,58.59,5.2,power,0.05,33.51,16.96,90.03,462.9,5.14,407.7,773.4,55.2,506.2,44.3,31.06,1.5,0.25,10.627,RUN,OK,RUN,0.98
2026-01-27T00:43:54.235921Z,60.38,62.09,58.64,5.24,power,0.05,33.51,16.92,90.03,466.4,5.18,407.6,778.5,58.9,506.0,44.31,31.06,1.5,0.25,10.63,RUN,OK,RUN,0.98
2026-01-27T00:43:54.435921Z,60.46,62.15,58.7,5.27,power,0.05,33.52,16.88,90.02,470.0,5.22,407.4,783.5,62.6,505.9,44.32,31.06,1.5,0.25,10.634,RUN,OK,RUN,0.98
2026-01-27T00:43:54.635921Z,60.53,62.21,58.76,5.31,power,0.05,33.52,16.83,90.02,473.7,5.26,407.3,788.6,66.4,505.8,44.32,31.06,1.5,0.25,10.637,RUN,OK,RUN,0.98
2026-01-27T00:43:54.835921Z,60.61,62.27,58.82,5.36,power,0.05,33.52,16.79,90.02,477.5,5.3,407.1,793.7,70.4,505.7,44.33,31.06,1.5,0.25,10.64,RUN,OK,RUN,0.98
2026-01-27T00:43:55.035921Z,60.69,62.33,58.88,5.4,power,0.05,33.53,16.75,90.02,481.3,5.35,407.0,798.9,74.4,505.6,44.34,31.06,1.5,0.25,10.643,RUN,OK,RUN,0.98
2026-01-27T00:43:55.235921Z,60.77,62.4,58.94,5.45,power,0.05,33.53,16.71,90.02,485.3,5.39,406.9,804.0,78.4,505.5,44.34,31.06,1.5,0.26,10.647,RUN,OK,RUN,0.98
2026-01-27T00:43:55.435921Z,60.85,62.46,59.0,5.5,power,0.05,33.53,16.66,90.02,489.3,5.44,406.7,809.2,82.6,505.4,44.35,31.06,1.5,0.26,10.65,RUN,OK,RUN,0.98
2026-01-27T00:43:55.635921Z,60.93,62.52,59.07,5.55,power,0.05,33.53,16.62,90.01,493.5,5.48,406.6,814.4,86.9,505.3,44.36,31.06,1.5,0.26,10.653,RUN,OK,RUN,0.98
2026-01-27T00:43:55.835921Z,61.01,62.59,59.13,5.61,power,0.05,33.54,16.57,90.01,497.7,5.53,406.4,819.6,91.2,505.2,44.36,31.06,1.5,0.26,10.657,RUN,OK,RUN,0.98
2026-01-27T00:43:56.035921Z,61.09,62.65,59.2,5.66,power,0.05,33.54,16.53,90.01,502.0,5.58,406.3,824.8,95.7,505.0,44.37,31.06,1.5,0.26,10.66,RUN,OK,RUN,0.98
2026-01-27T00:43:56.235921Z,61.17,62.72,59.27,5.72,power,0.05,33.54,16.48,90.01,506.4,5.63,406.2,830.0,100.2,504.9,44.38,31.07,1.5,0.26,10.663,RUN,OK,RUN,0.98
2026-01-27T00:43:56.435921Z,61.25,62.78,59.34,5.79,power,0.05,33.54,16.43,90.01,510.8,5.68,406.1,835.2,104.8,504.8,44.38,31.07,1.5,0.26,10.666,RUN,OK,RUN,0.98
2026-01-27T00:43:56.635921Z,61.33,62.85,59.41,5.85,power,0.05,33.55,16.39,90.01,515.4,5.73,405.9,840.5,109.5,504.7,44.39,31.07,1.5,0.26,10.67,RUN,OK,RUN,0.98
2026-01-27T00:43:56.835921Z,61.41,62.91,59.48,5.92,power,0.05,33.55,16.34,90.01,520.0,5.78,405.8,845.7,114.2,504.6,44.39,31.07,1.5,0.26,10.673,RUN,OK,RUN,0.98
2026-01-27T00:43:57.035921Z,61.49,62.98,59.55,5.99,power,0.05,33.55,16.29,90.01,524.7,5.83,405.7,851.0,119.1,504.5,44.4,31.07,1.5,0.27,10.676,RUN,OK,RUN,0.98
2026-01-27T00:43:57.235921Z,61.58,63.05,59.62,6.06,power,0.05,33.56,16.24,90.0,529.6,5.88,405.5,856.3,124.0,504.4,44.41,31.07,1.5,0.27,10.68,RUN,OK,RUN,0.98
2026-01-27T00:43:57.435921Z,61.66,63.11,59.7,6.14,power,0.05,33.56,16.19,90.0,534.4,5.94,405.4,861.6,129.0,504.3,44.41,31.07,1.5,0.27,10.683,RUN,OK,RUN,0.98
2026-01-27T00:43:57.635921Z,61.74,63.18,59.77,6.21,power,0.05,33.56,16.14,90.0,539.4,5.99,405.3,866.9,134.1,504.2,44.42,31.07,1.5,0.27,10.686,RUN,OK,RUN,0.98
2026-01-27T00:43:57.835921Z,61.83,63.25,59.85,6.29,power,0.05,33.56,16.09,90.0,544.5,6.05,405.2,872.2,139.3,504.1,44.43,31.07,1.5,0.27,10.69,RUN,OK,RUN,0.98
2026-01-27T00:43:58.035921Z,61.91,63.32,59.93,6.38,power,0.05,33.57,16.03,90.0,549.6,6.11,405.1,877.6,144.6,504.0,44.43,31.07,1.5,0.27,10.693,RUN,OK,RUN,0.98
2026-01-27T00:43:58.235921Z,62.0,63.38,60.01,6.46,power,0.05,33.57,15.98,90.0,554.8,6.16,404.9,882.9,149.9,504.0,44.44,31.08,1.5,0.27,10.696,RUN,OK,RUN,0.98
2026-01-27T00:43:58.435921Z,62.08,63.45,60.09,6.55,power,0.05,33.57,15.93,90.0,560.1,6.22,404.8,888.3,155.3,503.9,44.45,31.08,1.5,0.27,10.7,RUN,OK,RUN,0.98
2026-01-27T00:43:58.635921Z,62.17,63.52,60.17,6.64,power,0.05,33.57,15.87,90.0,565.5,6.28,404.7,893.6,160.8,503.8,44.45,31.08,1.5,0.27,10.703,RUN,OK,RUN,0.98
2026-01-27T00:43:58.835921Z,62.25,63.59,60.25,6.73,power,0.05,33.58,15.82,90.0,571.0,6.34,404.6,899.0,166.4,503.7,44.46,31.08,1.5,0.27,10.706,RUN,OK,RUN,0.98
2026-01-27T00:43:59.035921Z,62.34,63.66,60.34,6.82,power,0.05,33.58,15.76,90.0,576.5,6.41,404.5,904.4,172.0,503.6,44.47,31.08,1.5,0.28,10.71,RUN,OK,RUN,0.98
2026-01-27T00:43:59.235921Z,62.42,63.73,60.42,6.92,power,0.05,33.58,15.71,90.0,582.1,6.47,404.4,909.8,177.7,503.5,44.47,31.08,1.5,0.28,10.713,RUN,OK,RUN,0.98
2026-01-27T00:43:59.435921Z,62.51,63.8,60.51,7.02,power,0.05,33.59,15.65,90.0,587.8,6.53,404.3,915.2,183.5,503.4,44.48,31.08,1.5,0.28,10.716,RUN,OK,RUN,0.98
2026-01-27T00:43:59.635921Z,62.6,63.87,60.6,7.12,power,0.05,33.59,15.59,90.0,593.5,6.59,404.2,920.6,189.4,503.3,44.49,31.08,1.5,0.28,10.72,RUN,OK,RUN,0.98
2026-01-27T00:43:59.835921Z,62.68,63.94,60.68,7.23,power,0.05,33.59,15.54,90.0,599.4,6.66,404.1,926.0,195.3,503.2,44.49,31.08,1.5,0.28,10.723,RUN,OK,RUN,0.98
2026-01-27T00:44:00.035921Z,62.77,64.01,60.77,7.33,power,0.05,33.59,15.48,90.0,605.3,6.73,403.9,931.4,201.3,503.2,44.5,31.08,1.5,0.28,10.727,RUN,OK,RUN,0.98
2026-01-27T00:44:00.235921Z,62.86,64.09,60.87,7.44,power,0.05,33.6,15.42,90.0,611.3,6.79,403.8,936.8,207.4,503.1,44.51,31.09,1.5,0.28,10.73,RUN,OK,RUN,0.98
2026-01-27T00:44:00.435921Z,62.95,64.16,60.96,7.55,power,0.05,33.6,15.36,90.0,617.3,6.86,403.7,942.3,213.6,503.0,44.51,31.09,1.5,0.28,10.733,RUN,OK,RUN,0.98
2026-01-27T00:44:00.635921Z,63.03,64.23,61.05,7.66,power,0.05,33.6,15.3,90.0,623.4,6.93,403.6,947.7,219.8,502.9,44.52,31.09,1.5,0.28,10.737,RUN,OK,RUN,0.98
2026-01-27T00:44:00.835921Z,63.12,64.3,61.14,7.78,power,0.05,33.61,15.24,90.0,629.6,7.0,403.5,953.1,226.1,502.8,44.53,31.09,1.5,0.29,10.74,RUN,OK,RUN,0.98
2026-01-27T00:44:01.035921Z,63.21,64.38,61.24,7.89,power,0.05,33.61,15.18,90.0,635.9,7.07,403.4,958.6,232.5,502.8,44.53,31.09,1.5,0.29,10.743,RUN,OK,RUN,0.98
2026-01-27T00:44:01.235921Z,63.3,64.45,61.34,8.01,power,0.05,33.61,15.12,90.0,642.2,7.14,403.3,964.0,238.9,502.7,44.54,31.09,1.5,0.29,10.747,RUN,OK,RUN,0.98
2026-01-27T00:44:01.435921Z,63.39,64.52,61.43,8.13,power,0.05,33.61,15.06,90.0,648.6,7.21,403.2,969.5,245.4,502.6,44.55,31.09,1.5,0.29,10.75,RUN,OK,RUN,0.98
2026-01-27T00:44:01.635921Z,63.48,64.6,61.53,8.26,power,0.05,33.62,15.0,90.0,655.1,7.28,403.2,974.9,252.0,502.5,44.55,31.09,1.5,0.29,10.754,RUN,OK,RUN,0.98
2026-01-27T00:44:01.835921Z,63.57,64.67,61.63,8.38,power,0.05,33.62,14.93,90.01,661.7,7.35,403.1,980.4,258.6,502.4,44.56,31.09,1.5,0.29,10.757,RUN,OK,RUN,0.98
2026-01-27T00:44:02.035921Z,63.66,64.74,61.73,8.51,power,0.05,33.62,14.87,90.01,668.3,7.42,403.0,985.8,265.3,502.4,44.57,31.09,1.5,0.29,10.761,RUN,OK,RUN,0.98
2026-01-27T00:44:02.235921Z,63.75,64.82,61.83,8.64,power,0.05,33.63,14.81,90.01,674.9,7.5,402.9,991.3,272.1,502.3,44.57,31.1,1.5,0.29,10.764,RUN,OK,RUN,0.98
2026-01-27T00:44:02.435921Z,63.84,64.89,61.93,8.77,power,0.05,33.63,14.74,90.01,681.7,7.57,402.8,996.7,278.9,502.2,44.58,31.1,1.5,0.29,10.767,RUN,OK,RUN,0.98
2026-01-27T00:44:02.635921Z,63.94,64.97,62.04,8.91,power,0.05,33.63,14.68,90.01,688.5,7.65,402.7,1002.2,285.8,502.2,44.59,31.1,1.5,0.29,10.771,RUN,OK,RUN,0.98
2026-01-27T00:44:02.835921Z,64.03,65.04,62.14,9.04,power,0.05,33.63,14.61,90.01,695.4,7.73,402.6,1007.6,292.7,502.1,44.59,31.1,1.5,0.3,10.774,RUN,OK,RUN,0.98
2026-01-27T00:44:03.035921Z,64.12,65.12,62.25,9.18,power,0.05,33.64,14.55,90.01,702.3,7.8,402.5,1013.1,299.7,502.0,44.6,31.1,1.5,0.3,10.778,RUN,OK,RUN,0.98
2026-01-27T00:44:03.235921Z,64.21,65.2,62.36,9.32,power,0.05,33.64,14.48,90.01,709.3,7.88,402.5,1018.5,306.8,502.0,44.6,31.1,1.5,0.3,10.781,RUN,OK,RUN,0.98
2026-01-27T00:44:03.435921Z,64.3,65.27,62.46,9.46,power,0.05,33.64,14.41,90.02,716.3,7.96,402.4,1024.0,314.0,501.9,44.61,31.1,1.5,0.3,10.785,RUN,OK,RUN,0.98
2026-01-27T00:44:03.635921Z,64.4,65.35,62.57,9.6,power,0.05,33.65,14.35,90.02,723.4,8.04,402.3,1029.4,321.1,501.8,44.62,31.1,1.5,0.3,10.788,RUN,OK,RUN,0.98
2026-01-27T00:44:03.835921Z,64.49,65.42,62.68,9.75,power,0.05,33.65,14.28,90.02,730.6,8.12,402.2,1034.9,328.4,501.8,44.62,31.11,1.5,0.3,10.792,RUN,OK,RUN,0.98
2026-01-27T00:44:04.035921Z,64.58,65.5,62.79,9.9,power,0.05,33.65,14.21,90.02,737.8,8.2,402.1,1040.3,335.7,501.7,44.63,31.11,1.5,0.3,10.795,RUN,OK,RUN,0.98
2026-01-27T00:44:04.235921Z,64.68,65.58,62.9,10.04,power,0.05,33.66,14.14,90.02,745.1,8.28,402.1,1045.8,343.1,501.6,44.64,31.11,1.5,0.3,10.799,RUN,OK,RUN,0.98
2026-01-27T00:44:04.435921Z,64.77,65.65,63.02,10.19,power,0.05,33.66,14.07,90.03,752.5,8.36,402.0,1051.2,350.5,501.6,44.64,31.11,1.5,0.3,10.802,RUN,OK,RUN,0.98
2026-01-27T00:44:04.635921Z,64.86,65.73,63.13,10.35,power,0.05,33.66,14.01,90.03,759.8,8.44,401.9,1056.6,357.9,501.5,44.65,31.11,1.5,0.3,10.806,RUN,OK,RUN,0.98
2026-01-27T00:44:04.835921Z,64.96,65.81,63.24,10.5,power,0.05,33.66,13.94,90.03,767.3,8.52,401.8,1062.1,365.5,501.5,44.66,31.11,1.5,0.31,10.809,RUN,OK,RUN,0.98
2026-01-27T00:44:05.035921Z,65.05,65.89,63.36,10.66,power,0.05,33.67,13.87,90.03,774.8,8.61,401.8,1067.5,373.0,501.4,44.66,31.11,1.5,0.31,10.813,RUN,OK,RUN,0.98
2026-01-27T00:44:05.235921Z,65.15,65.97,63.48,10.81,power,0.05,33.67,13.8,90.03,782.4,8.69,401.7,1072.9,380.7,501.4,44.67,31.11,1.49,0.31,10.816,RUN,OK,RUN,0.98
2026-01-27T00:44:05.435921Z,65.24,66.04,63.59,10.97,power,0.05,33.67,13.72,90.04,790.0,8.77,401.6,1078.3,388.3,501.3,44.68,31.11,1.49,0.31,10.82,RUN,OK,RUN,0.98
2026-01-27T00:44:05.635921Z,65.34,66.12,63.71,11.13,power,0.05,33.68,13.65,90.04,797.6,8.86,401.6,1083.7,396.1,501.2,44.68,31.12,1.49,0.31,10.823,RUN,OK,RUN,0.98
2026-01-27T00:44:05.835921Z,65.43,66.2,63.83,11.3,power,0.05,33.68,13.58,90.04,805.3,8.94,401.5,1089.1,403.8,501.2,44.69,31.12,1.49,0.31,10.827,RUN,OK,RUN,0.98
2026-01-27T00:44:06.035921Z,65.53,66.28,63.95,11.46,power,0.05,33.68,13.51,90.04,813.1,9.03,401.4,1094.5,411.7,501.1,44.7,31.12,1.49,0.31,10.83,RUN,OK,RUN,0.98
2026-01-27T00:44:06.235921Z,65.62,66.36,64.07,11.62,power,0.05,33.69,13.44,90.05,820.9,9.12,401.4,1099.9,419.5,501.1,44.7,31.12,1.49,0.31,10.834,RUN,OK,RUN,0.98
2026-01-27T00:44:06.435921Z,65.72,66.44,64.19,11.79,power,0.05,33.69,13.37,90.05,828.7,9.2,401.3,1105.3,427.4,501.0,44.71,31.12,1.49,0.31,10.838,RUN,OK,RUN,0.98
2026-01-27T00:44:06.635921Z,65.81,66.52,64.31,11.96,power,0.05,33.69,13.29,90.05,836.6,9.29,401.2,1110.6,435.4,501.0,44.72,31.12,1.49,0.31,10.841,RUN,OK,RUN,0.98
2026-01-27T00:44:06.835921Z,65.91,66.6,64.44,12.13,power,0.05,33.69,13.22,90.05,844.6,9.38,401.2,1116.0,443.4,501.0,44.72,31.12,1.49,0.32,10.845,RUN,OK,RUN,0.98
2026-01-27T00:44:07.035921Z,66.01,66.68,64.56,12.3,power,0.05,33.7,13.15,90.06,852.6,9.47,401.1,1121.3,451.4,500.9,44.73,31.12,1.49,0.32,10.848,RUN,OK,RUN,0.98
2026-01-27T00:44:07.235921Z,66.1,66.76,64.68,12.47,power,0.05,33.7,13.07,90.06,860.6,9.56,401.1,1126.7,459.5,500.9,44.74,31.13,1.49,0.32,10.852,RUN,OK,RUN,0.98
2026-01-27T00:44:07.435921Z,66.2,66.84,64.81,12.65,power,0.05,33.7,13.0,90.06,868.7,9.64,401.0,1132.0,467.6,500.8,44.74,31.13,1.49,0.32,10.855,RUN,OK,RUN,0.98
2026-01-27T00:44:07.635921Z,66.3,66.92,64.93,12.82,power,0.05,33.71,12.93,90.07,876.8,9.73,401.0,1137.3,475.8,500.8,44.75,31.13,1.49,0.32,10.859,RUN,OK,RUN,0.98
2026-01-27T00:44:07.835921Z,66.39,67.0,65.06,13.0,power,0.05,33.71,12.85,90.07,884.9,9.82,400.9,1142.6,484.0,500.7,44.76,31.13,1.49,0.32,10.863,RUN,OK,RUN,0.98
2026-01-27T00:44:08.035921Z,66.49,67.08,65.19,13.17,power,0.05,33.71,12.78,90.07,893.1,9.92,400.9,1147.9,492.2,500.7,44.76,31.13,1.49,0.32,10.866,RUN,OK,RUN,0.98
2026-01-27T00:44:08.235921Z,66.59,67.16,65.32,13.35,power,0.05,33.72,12.7,90.08,901.3,10.01,400.8,1153.2,500.5,500.7,44.77,31.13,1.49,0.32,10.87,RUN,OK,RUN,0.98
2026-01-27T00:44:08.435921Z,66.68,67.24,65.44,13.53,power,0.05,33.72,12.63,90.08,909.6,10.1,400.8,1158.5,508.8,500.6,44.78,31.13,1.49,0.32,10.874,RUN,OK,RUN,0.98
2026-01-27T00:44:08.635921Z,66.78,67.32,65.57,13.71,power,0.05,33.72,12.55,90.08,917.9,10.19,400.7,1163.7,517.2,500.6,44.78,31.13,1.49,0.32,10.877,RUN,OK,RUN,0.98
2026-01-27T00:44:08.835921Z,66.88,67.4,65.7,13.9,power,0.05,33.73,12.47,90.09,926.2,10.28,400.7,1168.9,525.6,500.5,44.79,31.14,1.49,0.32,10.881,RUN,OK,RUN,0.98
2026-01-27T00:44:09.035921Z,66.98,67.48,65.83,14.08,power,0.05,33.73,12.4,90.09,934.6,10.37,400.6,1174.2,534.0,500.5,44.8,31.14,1.49,0.33,10.885,RUN,OK,RUN,0.98
2026-01-27T00:44:09.235921Z,67.08,67.57,65.97,14.26,power,0.05,33.73,12.32,90.1,943.0,10.47,400.6,1179.4,542.4,500.5,44.8,31.14,1.49,0.33,10.888,RUN,OK,RUN,0.98
2026-01-27T00:44:09.435921Z,67.17,67.65,66.1,14.45,power,0.05,33.73,12.24,90.1,951.4,10.56,400.6,1184.6,550.9,500.4,44.81,31.14,1.48,0.33,10.892,RUN,OK,RUN,0.98
2026-01-27T00:44:09.635921Z,67.27,67.73,66.23,14.63,power,0.05,33.74,12.17,90.1,959.9,10.65,400.5,1189.8,559.4,500.4,44.82,31.14,1.48,0.33,10.896,RUN,OK,RUN,0.98
2026-01-27T00:44:09.835921Z,67.37,67.81,66.36,14.82,power,0.05,33.74,12.09,90.11,968.4,10.75,400.5,1194.9,567.9,500.4,44.82,31.14,1.48,0.33,10.899,RUN,OK,RUN,0.98
2026-01-27T00:44:10.035921Z,67.47,67.89,66.49,15.01,power,0.05,33.74,12.01,90.11,976.9,10.84,400.4,1200.1,576.5,500.4,44.83,31.14,1.48,0.33,10.903,RUN,OK,RUN,0.98
2026-01-27T00:44:10.235921Z,67.57,67.97,66.63,15.2,power,0.05,33.75,11.94,90.12,985.5,10.94,400.4,1205.2,585.1,500.3,44.84,31.15,1.48,0.33,10.907,RUN,OK,RUN,0.98
2026-01-27T00:44:10.435921Z,67.67,68.06,66.76,15.39,power,0.05,33.75,11.86,90.12,994.0,11.03,400.4,1210.3,593.7,500.3,44.84,31.15,1.48,0.33,10.91,RUN,OK,RUN,0.98
2026-01-27T00:44:10.635921Z,67.77,68.14,66.9,15.58,power,0.05,33.75,11.78,90.13,1002.7,11.13,400.3,1215.4,602.3,500.3,44.85,31.15,1.48,0.33,10.914,RUN,OK,RUN,0.98
2026-01-27T00:44:10.835921Z,67.86,68.22,67.03,15.77,power,0.05,33.76,11.7,90.13,1011.3,11.22,400.3,1220.5,611.0,500.3,44.86,31.15,1.48,0.33,10.918,RUN,OK,RUN,0.98
2026-01-27T00:44:11.035921Z,67.96,68.3,67.17,15.96,power,0.05,33.76,11.62,90.13,1019.9,11.32,400.3,1225.6,619.6,500.2,44.86,31.15,1.48,0.34,10.922,RUN,OK,RUN,0.98
2026-01-27T00:44:11.235921Z,68.06,68.39,67.3,16.16,power,0.05,33.76,11.54,90.14,1028.6,11.41,400.3,1230.6,628.3,500.2,44.87,31.15,1.48,0.34,10.925,RUN,OK,RUN,0.98
2026-01-27T00:44:11.435921Z,68.16,68.47,67.44,16.35,power,0.05,33.77,11.47,90.14,1037.3,11.51,400.2,1235.7,637.1,500.2,44.88,31.15,1.48,0.34,10.929,RUN,OK,RUN,0.98
2026-01-27T00:44:11.635921Z,68.26,68.55,67.58,16.54,power,0.05,33.77,11.39,90.15,1046.0,11.6,400.2,1240.7,645.8,500.2,44.88,31.16,1.48,0.34,10.933,RUN,OK,RUN,0.98
2026-01-27T00:44:11.835921Z,68.36,68.63,67.71,16.74,power,0.05,33.77,11.31,90.15,1054.7,11.7,400.2,1245.6,654.5,500.2,44.89,31.16,1.48,0.34,10.937,RUN,OK,RUN,0.98
2026-01-27T00:44:12.035921Z,68.46,68.72,67.85,16.94,power,0.05,33.78,11.23,90.16,1063.5,11.8,400.2,1250.6,663.3,500.1,44.9,31.16,1.48,0.34,10.94,RUN,OK,RUN,0.98
2026-01-27T00:44:12.235921Z,68.56,68.8,67.99,17.13,power,0.05,33.78,11.15,90.16,1072.3,11.89,400.1,1255.6,672.1,500.1,44.9,31.16,1.47,0.34,10.944,RUN,OK,RUN,0.98
2026-01-27T00:44:12.435921Z,68.66,68.88,68.13,17.33,power,0.05,33.78,11.07,90.17,1081.0,11.99,400.1,1260.5,680.9,500.1,44.91,31.16,1.47,0.34,10.948,RUN,OK,RUN,0.98
2026-01-27T00:44:12.635921Z,68.76,68.97,68.27,17.52,power,0.05,33.78,10.99,90.17,1089.8,12.09,400.1,1265.4,689.7,500.1,44.92,31.16,1.47,0.34,10.952,RUN,OK,RUN,0.98
2026-01-27T00:44:12.835921Z,68.86,69.05,68.4,17.72,power,0.05,33.79,10.91,90.18,1098.6,12.18,400.1,1270.3,698.6,500.1,44.92,31.16,1.47,0.34,10.955,RUN,OK,RUN,0.98
2026-01-27T00:44:13.035921Z,68.96,69.13,68.54,17.92,power,0.05,33.79,10.83,90.18,1107.5,12.28,400.1,1275.1,707.4,500.1,44.93,31.17,1.47,0.34,10.959,RUN,OK,RUN,0.98
2026-01-27T00:44:13.235921Z,69.06,69.21,68.68,18.12,power,0.05,33.79,10.75,90.19,1116.3,12.38,400.1,1280.0,716.2,500.0,44.94,31.17,1.47,0.35,10.963,RUN,OK,RUN,0.98
2026-01-27T00:44:13.435921Z,69.16,69.3,68.82,18.32,power,0.05,33.8,10.67,90.2,1125.1,12.47,400.0,1284.8,725.1,500.0,44.94,31.17,1.47,0.35,10.967,RUN,OK,RUN,0.98
2026-01-27T00:44:13.635921Z,69.26,69.38,68.96,18.52,power,0.05,33.8,10.59,90.2,1134.0,12.57,400.0,1289.6,734.0,500.0,44.95,31.17,1.47,0.35,10.971,RUN,OK,RUN,0.98
2026-01-27T00:44:13.835921Z,69.36,69.46,69.1,18.71,power,0.05,33.8,10.51,90.21,1142.9,12.67,400.0,1294.3,742.8,500.0,44.96,31.17,1.47,0.35,10.975,RUN,OK,RUN,0.98
2026-01-27T00:44:14.035921Z,69.46,69.55,69.24,18.91,power,0.05,33.81,10.43,90.21,1151.7,12.77,400.0,1299.1,751.7,500.0,44.96,31.17,1.47,0.35,10.978,RUN,OK,RUN,0.98
2026-01-27T00:44:14.235921Z,69.56,69.63,69.38,19.11,power,0.05,33.81,10.35,90.22,1160.6,12.86,400.0,1303.8,760.6,500.0,44.97,31.17,1.47,0.35,10.982,RUN,OK,RUN,0.98
2026-01-27T00:44:14.435921Z,69.66,69.71,69.52,19.31,power,0.05,33.81,10.27,90.22,1169.5,12.96,400.0,1308.5,769.5,500.0,44.98,31.18,1.47,0.35,10.986,RUN,OK,RUN,0.98
2026-01-27T00:44:14.635921Z,69.76,69.8,69.66,19.51,power,0.05,33.82,10.19,90.23,1178.4,13.06,400.0,1313.1,778.4,500.0,44.98,31.18,1.46,0.35,10.99,RUN,OK,RUN,0.98
2026-01-27T00:44:14.835921Z,69.86,69.88,69.8,19.71,power,0.05,33.82,10.11,90.24,1187.3,13.16,400.0,1317.8,787.3,500.0,44.99,31.18,1.46,0.35,10.994,RUN,OK,RUN,0.98
2026-01-27T00:44:15.035921Z,69.96,69.96,69.94,19.91,power,0.05,33.82,10.03,90.24,1196.1,13.25,400.0,1322.4,796.1,500.0,45.0,31.18,1.46,0.35,10.998,RUN,OK,RUN,0.98
2026-01-27T00:44:15.235921Z,70.06,70.05,70.08,20.11,power,0.05,33.83,9.95,90.25,1205.0,13.35,400.0,1327.0,805.0,500.0,45.0,31.18,1.46,0.35,11.002,RUN,OK,RUN,0.98
2026-01-27T00:44:15.435921Z,70.16,70.13,70.22,20.31,power,0.05,33.83,9.87,90.25,1213.9,13.45,400.0,1331.5,813.9,500.0,45.01,31.18,1.46,0.35,11.006,RUN,OK,RUN,0.98
2026-01-27T00:44:15.635921Z,70.26,70.21,70.36,20.51,power,0.05,33.83,9.79,90.26,1222.8,13.55,400.0,1336.1,822.8,500.0,45.02,31.18,1.46,0.36,11.009,RUN,OK,RUN,0.98
2026-01-27T00:44:15.835921Z,70.36,70.3,70.5,20.71,power,0.05,33.84,9.71,90.27,1231.7,13.64,400.0,1340.6,831.7,500.0,45.02,31.19,1.46,0.36,11.013,RUN,OK,RUN,0.98
2026-01-27T00:44:16.035921Z,70.46,70.38,70.64,20.91,power,0.05,33.84,9.63,90.27,1240.6,13.74,400.0,1345.1,840.6,500.0,45.03,31.19,1.46,0.36,11.017,RUN,OK,RUN,0.98
2026-01-27T00:44:16.235921Z,70.56,70.46,70.78,21.11,power,0.05,33.84,9.55,90.28,1249.4,13.84,400.0,1349.5,849.4,500.0,45.04,31.19,1.46,0.36,11.021,RUN,OK,RUN,0.98
2026-01-27T00:44:16.435921Z,70.66,70.55,70.92,21.31,power,0.05,33.85,9.48,90.29,1258.3,13.94,400.0,1353.9,858.3,500.0,45.04,31.19,1.46,0.36,11.025,RUN,OK,RUN,0.98
2026-01-27T00:44:16.635921Z,70.76,70.63,71.06,21.51,power,0.05,33.85,9.4,90.29,1267.2,14.03,400.0,1358.3,867.1,500.0,45.05,31.19,1.45,0.36,11.029,RUN,OK,RUN,0.98
2026-01-27T00:44:16.835921Z,70.86,70.71,71.2,21.71,power,0.05,33.85,9.32,90.3,1276.0,14.13,400.1,1362.7,876.0,500.0,45.06,31.19,1.45,0.36,11.033,RUN,OK,RUN,0.98
2026-01-27T00:44:17.035921Z,70.96,70.8,71.34,21.91,power,0.05,33.86,9.24,90.31,1284.9,14.23,400.1,1367.0,884.8,500.1,45.06,31.2,1.45,0.36,11.037,RUN,OK,RUN,0.98
2026-01-27T00:44:17.235921Z,71.06,70.88,71.48,22.11,power,0.05,33.86,9.16,90.31,1293.7,14.32,400.1,1371.3,893.6,500.1,45.07,31.2,1.45,0.36,11.041,RUN,OK,RUN,0.98
2026-01-27T00:44:17.435921Z,71.16,70.96,71.61,22.3,power,0.05,33.86,9.08,90.32,1302.5,14.42,400.1,1375.6,902.4,500.1,45.08,31.2,1.45,0.36,11.045,RUN,OK,RUN,0.98
2026-01-27T00:44:17.635921Z,71.26,71.05,71.75,22.5,power,0.05,33.87,9.0,90.33,1311.3,14.52,400.1,1379.8,911.2,500.1,45.08,31.2,1.45,0.36,11.049,RUN,OK,RUN,0.98
2026-01-27T00:44:17.835921Z,71.35,71.13,71.89,22.7,power,0.05,33.87,8.92,90.34,1320.1,14.61,400.1,1384.0,920.0,500.1,45.09,31.2,1.45,0.37,11.053,RUN,OK,RUN,0.98
2026-01-27T00:44:18.035921Z,71.45,71.21,72.03,22.9,power,0.05,33.87,8.84,90.34,1328.9,14.71,400.1,1388.2,928.8,500.1,45.1,31.2,1.45,0.37,11.057,RUN,OK,RUN,0.98
2026-01-27T00:44:18.235921Z,71.55,71.29,72.17,23.09,power,0.05,33.88,8.76,90.35,1337.7,14.81,400.2,1392.3,937.5,500.1,45.1,31.2,1.45,0.37,11.061,RUN,OK,RUN,0.98
2026-01-27T00:44:18.435921Z,71.65,71.38,72.3,23.29,power,0.05,33.88,8.68,90.36,1346.4,14.9,400.2,1396.4,946.2,500.2,45.11,31.21,1.44,0.37,11.065,RUN,OK,RUN,0.98
2026-01-27T00:44:18.635921Z,71.75,71.46,72.44,23.48,power,0.05,33.88,8.6,90.36,1355.2,15.0,400.2,1400.5,954.9,500.2,45.12,31.21,1.44,0.37,11.069,RUN,OK,RUN,0.98
2026-01-27T00:44:18.835921Z,71.85,71.54,72.58,23.68,power,0.05,33.89,8.52,90.37,1363.9,15.09,400.2,1404.6,963.6,500.2,45.12,31.21,1.44,0.37,11.073,RUN,OK,RUN,0.98
2026-01-27T00:44:19.035921Z,71.95,71.63,72.71,23.87,power,0.05,33.89,8.44,90.38,1372.6,15.19,400.3,1408.6,972.3,500.2,45.13,31.21,1.44,0.37,11.077,RUN,OK,RUN,0.98
2026-01-27T00:44:19.235921Z,72.05,71.71,72.85,24.06,power,0.05,33.89,8.37,90.39,1381.2,15.28,400.3,1412.6,980.9,500.2,45.14,31.21,1.44,0.37,11.081,RUN,OK,RUN,0.98
2026-01-27T00:44:19.435921Z,72.15,71.79,72.99,24.25,power,0.05,33.9,8.29,90.4,1389.9,15.38,400.3,1416.5,989.6,500.3,45.14,31.21,1.44,0.37,11.085,RUN,OK,RUN,0.98
2026-01-27T00:44:19.635921Z,72.25,71.87,73.12,24.45,power,0.05,33.9,8.21,90.4,1398.5,15.47,400.4,1420.4,998.1,500.3,45.15,31.22,1.44,0.37,11.089,RUN,OK,RUN,0.98
2026-01-27T00:44:19.835921Z,72.35,71.95,73.26,24.64,power,0.05,33.9,8.13,90.41,1407.1,15.56,400.4,1424.3,1006.7,500.3,45.16,31.22,1.44,0.37,11.093,RUN,OK,RUN,0.98
2026-01-27T00:44:20.035921Z,72.45,72.04,73.39,24.83,power,0.05,33.91,8.05,90.42,1415.7,15.66,400.4,1428.1,1015.2,500.3,45.16,31.22,1.44,0.37,11.097,RUN,OK,RUN,0.98
2026-01-27T00:44:20.235921Z,72.54,72.12,73.52,25.01,power,0.05,33.91,7.98,90.43,1424.2,15.75,400.5,1431.9,1023.8,500.4,45.17,31.22,1.43,0.38,11.102,RUN,OK,RUN,0.98
2026-01-27T00:44:20.435921Z,72.64,72.2,73.66,25.2,power,0.05,33.91,7.9,90.44,1432.7,15.84,400.5,1435.7,1032.2,500.4,45.18,31.22,1.43,0.38,11.106,RUN,OK,RUN,0.98
2026-01-27T00:44:20.635921Z,72.74,72.28,73.79,25.39,power,0.05,33.92,7.82,90.44,1441.2,15.94,400.5,1439.4,1040.7,500.4,45.18,31.22,1.43,0.38,11.11,RUN,OK,RUN,0.98
2026-01-27T00:44:20.835921Z,72.84,72.36,73.92,25.58,power,0.05,33.92,7.75,90.45,1449.7,16.03,400.6,1443.1,1049.1,500.5,45.19,31.23,1.43,0.38,11.114,RUN,OK,RUN,0.98
2026-01-27T00:44:21.035921Z,72.94,72.45,74.05,25.76,power,0.05,33.92,7.67,90.46,1458.1,16.12,400.6,1446.8,1057.5,500.5,45.2,31.23,1.43,0.38,11.118,RUN,OK,RUN,0.98
2026-01-27T00:44:21.235921Z,73.04,72.53,74.18,25.95,power,0.05,33.93,7.59,90.47,1466.5,16.21,400.6,1450.4,1065.9,500.5,45.2,31.23,1.43,0.38,11.122,RUN,OK,RUN,0.98
2026-01-27T00:44:21.435921Z,73.13,72.61,74.31,26.13,power,0.05,33.93,7.52,90.48,1474.9,16.3,400.7,1454.0,1074.2,500.6,45.21,31.23,1.43,0.38,11.126,RUN,OK,RUN,0.98
2026-01-27T00:44:21.635921Z,73.23,72.69,74.44,26.31,power,0.05,33.93,7.44,90.49,1483.2,16.39,400.7,1457.5,1082.5,500.6,45.22,31.23,1.43,0.38,11.13,RUN,OK,RUN,0.98
2026-01-27T00:44:21.835921Z,73.33,72.77,74.57,26.49,power,0.05,33.94,7.36,90.49,1491.5,16.48,400.8,1461.0,1090.7,500.6,45.22,31.23,1.42,0.38,11.134,RUN,OK,RUN,0.98
2026-01-27T00:44:22.035921Z,73.43,72.85,74.7,26.67,power,0.05,33.94,7.29,90.5,1499.8,16.57,400.8,1464.5,1098.9,500.7,45.23,31.24,1.42,0.38,11.139,RUN,OK,RUN,0.98
2026-01-27T00:44:22.235921Z,73.52,72.93,74.83,26.85,power,0.05,33.94,7.21,90.51,1508.0,16.66,400.9,1467.9,1107.1,500.7,45.24,31.24,1.42,0.38,11.143,RUN,OK,RUN,0.98
2026-01-27T00:44:22.435921Z,73.62,73.01,74.96,27.03,power,0.05,33.95,7.14,90.52,1516.2,16.75,400.9,1471.3,1115.2,500.7,45.24,31.24,1.42,0.38,11.147,RUN,OK,RUN,0.98
2026-01-27T00:44:22.635921Z,73.72,73.09,75.08,27.2,power,0.05,33.95,7.06,90.53,1524.3,16.84,401.0,1474.7,1123.3,500.8,45.25,31.24,1.42,0.39,11.151,RUN,OK,RUN,0.98
2026-01-27T00:44:22.835921Z,73.81,73.17,75.21,27.38,power,0.05,33.95,6.99,90.54,1532.4,16.93,401.0,1478.0,1131.4,500.8,45.26,31.24,1.42,0.39,11.155,RUN,OK,RUN,0.98
2026-01-27T00:44:23.035921Z,73.91,73.25,75.33,27.55,power,0.05,33.96,6.92,90.55,1540.5,17.01,401.1,1481.3,1139.4,500.9,45.26,31.25,1.42,0.39,11.159,RUN,OK,RUN,0.98
2026-01-27T00:44:23.235921Z,74.01,73.33,75.46,27.72,power,0.05,33.96,6.84,90.56,1548.5,17.1,401.1,1484.5,1147.4,500.9,45.27,31.25,1.41,0.39,11.164,RUN,OK,RUN,0.98
2026-01-27T00:44:23.435921Z,74.1,73.41,75.58,27.89,power,0.05,33.96,6.77,90.57,1556.5,17.19,401.2,1487.7,1155.3,501.0,45.28,31.25,1.41,0.39,11.168,RUN,OK,RUN,0.98
2026-01-27T00:44:23.635921Z,74.2,73.49,75.7,28.06,power,0.05,33.97,6.7,90.58,1564.4,17.27,401.3,1490.9,1163.2,501.0,45.28,31.25,1.41,0.39,11.172,RUN,OK,RUN,0.98
2026-01-27T00:44:23.835921Z,74.3,73.57,75.83,28.23,power,0.05,33.97,6.62,90.58,1572.3,17.36,401.3,1494.0,1171.0,501.1,45.29,31.25,1.41,0.39,11.176,RUN,OK,RUN,0.98
2026-01-27T00:44:24.035921Z,74.39,73.65,75.95,28.4,power,0.05,33.97,6.55,90.59,1580.2,17.44,401.4,1497.1,1178.8,501.1,45.3,31.25,1.41,0.39,11.18,RUN,OK,RUN,0.98
2026-01-27T00:44:24.235921Z,74.49,73.73,76.07,28.56,power,0.05,33.98,6.48,90.6,1588.0,17.53,401.4,1500.1,1186.5,501.2,45.3,31.26,1.41,0.39,11.185,RUN,OK,RUN,0.98
2026-01-27T00:44:24.435921Z,74.58,73.81,76.19,28.73,power,0.05,33.98,6.41,90.61,1595.7,17.61,401.5,1503.1,1194.2,501.2,45.31,31.26,1.41,0.39,11.189,RUN,OK,RUN,0.98
2026-01-27T00:44:24.635921Z,74.68,73.89,76.31,28.89,power,0.05,33.98,6.34,90.62,1603.4,17.69,401.6,1506.1,1201.8,501.3,45.32,31.26,1.4,0.39,11.193,RUN,OK,RUN,0.98
2026-01-27T00:44:24.835921Z,74.77,73.97,76.42,29.05,power,0.05,33.99,6.27,90.63,1611.1,17.78,401.6,1509.0,1209.4,501.3,45.32,31.26,1.4,0.39,11.197,RUN,OK,RUN,0.98
2026-01-27T00:44:25.035921Z,74.87,74.04,76.54,29.21,power,0.05,33.99,6.2,90.64,1618.7,17.86,401.7,1511.8,1216.9,501.4,45.33,31.26,1.4,0.39,11.202,RUN,OK,RUN,0.98
2026-01-27T00:44:25.235921Z,74.96,74.12,76.66,29.36,power,0.05,33.99,6.12,90.65,1626.2,17.94,401.8,1514.7,1224.4,501.4,45.34,31.26,1.4,0.4,11.206,RUN,OK,RUN,0.98
2026-01-27T00:44:25.435921Z,75.06,74.2,76.77,29.52,power,0.05,34.0,6.06,90.66,1633.7,18.02,401.8,1517.4,1231.9,501.5,45.34,31.27,1.4,0.4,11.21,RUN,OK,RUN,0.98
2026-01-27T00:44:25.635921Z,75.15,74.28,76.89,29.67,power,0.05,34.0,5.99,90.67,1641.1,18.1,401.9,1520.2,1239.2,501.5,45.35,31.27,1.4,0.4,11.214,RUN,OK,RUN,0.98
2026-01-27T00:44:25.835921Z,75.24,74.36,77.0,29.83,power,0.05,34.0,5.92,90.68,1648.5,18.18,402.0,1522.9,1246.5,501.6,45.36,31.27,1.39,0.4,11.219,RUN,OK,RUN,0.98
2026-01-27T00:44:26.035921Z,75.34,74.43,77.11,29.98,power,0.05,34.01,5.85,90.69,1655.9,18.26,402.1,1525.5,1253.8,501.7,45.36,31.27,1.39,0.4,11.223,RUN,OK,RUN,0.98
2026-01-27T00:44:26.235921Z,75.43,74.51,77.22,30.12,power,0.05,34.01,5.78,90.7,1663.1,18.34,402.1,1528.1,1261.0,501.7,45.37,31.27,1.39,0.4,11.227,RUN,OK,RUN,0.98
2026-01-27T00:44:26.435921Z,75.52,74.59,77.33,30.27,power,0.05,34.01,5.71,90.71,1670.4,18.41,402.2,1530.7,1268.1,501.8,45.38,31.28,1.39,0.4,11.232,RUN,OK,RUN,0.98
2026-01-27T00:44:26.635921Z,75.62,74.66,77.44,30.42,power,0.05,34.02,5.64,90.72,1677.5,18.49,402.3,1533.2,1275.2,501.8,45.38,31.28,1.39,0.4,11.236,RUN,OK,RUN,0.98
2026-01-27T00:44:26.835921Z,75.71,74.74,77.55,30.56,power,0.05,34.02,5.58,90.73,1684.6,18.57,402.4,1535.7,1282.2,501.9,45.39,31.28,1.39,0.4,11.24,RUN,OK,RUN,0.98
2026-01-27T00:44:27.035921Z,75.8,74.82,77.66,30.7,power,0.05,34.03,5.51,90.74,1691.7,18.64,402.5,1538.1,1289.2,502.0,45.4,31.28,1.38,0.4,11.245,RUN,OK,RUN,0.98
2026-01-27T00:44:27.235921Z,75.89,74.89,77.77,30.84,power,0.05,34.03,5.45,90.75,1698.6,18.72,402.5,1540.5,1296.1,502.0,45.4,31.28,1.38,0.4,11.249,RUN,OK,RUN,0.98
2026-01-27T00:44:27.435921Z,75.99,74.97,77.87,30.98,power,0.05,34.03,5.38,90.76,1705.6,18.79,402.6,1542.9,1302.9,502.1,45.41,31.28,1.38,0.4,11.253,RUN,OK,RUN,0.98
2026-01-27T00:44:27.635921Z,76.08,75.04,77.98,31.11,power,0.05,34.04,5.31,90.78,1712.4,18.86,402.7,1545.2,1309.7,502.2,45.42,31.29,1.38,0.4,11.258,RUN,OK,RUN,0.98
2026-01-27T00:44:27.835921Z,76.17,75.12,78.08,31.24,power,0.05,34.04,5.25,90.79,1719.2,18.94,402.8,1547.4,1316.4,502.2,45.42,31.29,1.38,0.41,11.262,RUN,OK,RUN,0.98
2026-01-27T00:44:28.035921Z,76.26,75.19,78.18,31.38,power,0.05,34.04,5.19,90.8,1725.9,19.01,402.9,1549.6,1323.1,502.3,45.43,31.29,1.38,0.41,11.266,RUN,OK,RUN,0.98
2026-01-27T00:44:28.235921Z,76.35,75.27,78.28,31.51,power,0.05,34.05,5.12,90.81,1732.6,19.08,403.0,1551.8,1329.6,502.4,45.44,31.29,1.37,0.41,11.271,RUN,OK,RUN,0.98
2026-01-27T00:44:28.435921Z,76.44,75.34,78.38,31.63,power,0.05,34.05,5.06,90.82,1739.2,19.15,403.1,1553.9,1336.1,502.5,45.44,31.29,1.37,0.41,11.275,RUN,OK,RUN,0.98
2026-01-27T00:44:28.635921Z,76.53,75.41,78.48,31.76,power,0.05,34.05,5.0,90.83,1745.7,19.22,403.2,1556.0,1342.6,502.5,45.45,31.3,1.37,0.41,11.279,RUN,OK,RUN,0.98
2026-01-27T00:44:28.835921Z,76.62,75.49,78.58,31.88,power,0.05,34.06,4.93,90.84,1752.2,19.29,403.3,1558.0,1348.9,502.6,45.46,31.3,1.37,0.41,11.284,RUN,OK,RUN,0.98
2026-01-27T00:44:29.035921Z,76.71,75.56,78.68,32.0,power,0.05,34.06,4.87,90.85,1758.6,19.36,403.4,1560.0,1355.3,502.7,45.46,31.3,1.37,0.41,11.288,RUN,OK,RUN,0.98
2026-01-27T00:44:29.235921Z,76.8,75.63,78.77,32.12,power,0.05,34.06,4.81,90.86,1764.9,19.42,403.5,1561.9,1361.5,502.8,45.47,31.3,1.37,0.41,11.292,RUN,OK,RUN,0.98
2026-01-27T00:44:29.435921Z,76.89,75.71,78.87,32.24,power,0.05,34.07,4.75,90.87,1771.2,19.49,403.6,1563.8,1367.6,502.8,45.48,31.3,1.36,0.41,11.297,RUN,OK,RUN,0.98
2026-01-27T00:44:29.635921Z,76.98,75.78,78.96,32.35,power,0.05,34.07,4.69,90.89,1777.4,19.56,403.7,1565.7,1373.7,502.9,45.48,31.31,1.36,0.41,11.301,RUN,OK,RUN,0.98
2026-01-27T00:44:29.835921Z,77.07,75.85,79.06,32.46,power,0.05,34.07,4.63,90.9,1783.5,19.62,403.8,1567.5,1379.7,503.0,45.49,31.31,1.36,0.41,11.306,RUN,OK,RUN,0.98
2026-01-27T00:44:30.035921Z,77.15,75.92,79.15,32.58,power,0.05,34.08,4.57,90.91,1789.5,19.69,403.9,1569.2,1385.7,503.1,45.49,31.31,1.36,0.41,11.31,RUN,OK,RUN,0.98
2026-01-27T00:44:30.235921Z,77.24,75.99,79.24,32.68,power,0.05,34.08,4.51,90.92,1795.5,19.75,404.0,1570.9,1391.6,503.2,45.5,31.31,1.36,0.41,11.314,RUN,OK,RUN,0.98
2026-01-27T00:44:30.435921Z,77.33,76.07,79.33,32.79,power,0.05,34.08,4.46,90.93,1801.4,19.81,404.1,1572.6,1397.3,503.3,45.51,31.31,1.36,0.41,11.319,RUN,OK,RUN,0.98
2026-01-27T00:44:30.635921Z,77.42,76.14,79.42,32.89,power,0.05,34.09,4.4,90.94,1807.2,19.87,404.2,1574.2,1403.1,503.3,45.51,31.32,1.35,0.42,11.323,RUN,OK,RUN,0.98
2026-01-27T00:44:30.835921Z,77.5,76.21,79.5,32.99,power,0.05,34.09,4.34,90.96,1813.0,19.93,404.3,1575.7,1408.7,503.4,45.52,31.32,1.35,0.42,11.328,RUN,OK,RUN,0.98
2026-01-27T00:44:31.035921Z,77.59,76.28,79.59,33.09,power,0.05,34.1,4.29,90.97,1818.7,19.99,404.4,1577.2,1414.3,503.5,45.53,31.32,1.35,0.42,11.332,RUN,OK,RUN,0.98
2026-01-27T00:44:31.235921Z,77.67,76.35,79.67,33.19,power,0.05,34.1,4.23,90.98,1824.3,20.05,404.5,1578.7,1419.8,503.6,45.53,31.32,1.35,0.42,11.336,RUN,OK,RUN,0.98
2026-01-27T00:44:31.435921Z,77.76,76.42,79.76,33.28,power,0.05,34.1,4.17,90.99,1829.8,20.11,404.6,1580.1,1425.2,503.7,45.54,31.32,1.35,0.42,11.341,RUN,OK,RUN,0.98
2026-01-27T00:44:31.635921Z,77.85,76.49,79.84,33.37,power,0.05,34.11,4.12,91.0,1835.2,20.17,404.7,1581.5,1430.5,503.8,45.55,31.33,1.34,0.42,11.345,RUN,OK,RUN,0.98
2026-01-27T00:44:31.835921Z,77.93,76.56,79.92,33.46,power,0.05,34.11,4.07,91.01,1840.6,20.22,404.8,1582.8,1435.7,503.9,45.55,31.33,1.34,0.42,11.35,RUN,OK,RUN,0.98
2026-01-27T00:44:32.035921Z,78.02,76.62,80.0,33.55,power,0.05,34.11,4.01,91.03,1845.9,20.28,405.0,1584.1,1440.9,504.0,45.56,31.33,1.34,0.42,11.354,RUN,OK,RUN,0.98
2026-01-27T00:44:32.235921Z,78.1,76.69,80.08,33.64,power,0.05,34.12,3.96,91.04,1851.1,20.33,405.1,1585.3,1446.0,504.1,45.57,31.33,1.34,0.42,11.359,RUN,OK,RUN,0.98
2026-01-27T00:44:32.435921Z,78.18,76.76,80.16,33.72,power,0.05,34.12,3.91,91.05,1856.2,20.39,405.2,1586.5,1451.0,504.2,45.57,31.33,1.34,0.42,11.363,RUN,OK,RUN,0.98
2026-01-27T00:44:32.635921Z,78.27,76.83,80.24,33.8,power,0.05,34.12,3.86,91.06,1861.2,20.44,405.3,1587.6,1455.9,504.3,45.58,31.34,1.33,0.42,11.368,RUN,OK,RUN,0.98
2026-01-27T00:44:32.835921Z,78.35,76.9,80.31,33.87,power,0.05,34.13,3.81,91.08,1866.2,20.49,405.4,1588.7,1460.8,504.3,45.59,31.34,1.33,0.42,11.372,RUN,OK,RUN,0.98
2026-01-27T00:44:33.035921Z,78.43,76.96,80.39,33.95,power,0.05,34.13,3.75,91.09,1871.1,20.54,405.6,1589.7,1465.5,504.4,45.59,31.34,1.33,0.42,11.376,RUN,OK,RUN,0.98
2026-01-27T00:44:33.235921Z,78.52,77.03,80.46,34.02,power,0.05,34.14,3.71,91.1,1875.9,20.59,405.7,1590.7,1470.2,504.5,45.6,31.34,1.33,0.42,11.381,RUN,OK,RUN,0.98
2026-01-27T00:44:33.435921Z,78.6,77.1,80.53,34.09,power,0.05,34.14,3.66,91.11,1880.6,20.64,405.8,1591.6,1474.8,504.6,45.61,31.34,1.33,0.42,11.385,RUN,OK,RUN,0.98
2026-01-27T00:44:33.635921Z,78.68,77.16,80.6,34.16,power,0.05,34.14,3.61,91.13,1885.2,20.69,405.9,1592.5,1479.3,504.8,45.61,31.35,1.32,0.43,11.39,RUN,OK,RUN,0.98
2026-01-27T00:44:33.835921Z,78.76,77.23,80.67,34.22,power,0.05,34.15,3.56,91.14,1889.8,20.74,406.1,1593.4,1483.7,504.9,45.62,31.35,1.32,0.43,11.394,RUN,OK,RUN,0.98
2026-01-27T00:44:34.035921Z,78.84,77.29,80.74,34.29,power,0.05,34.15,3.51,91.15,1894.2,20.78,406.2,1594.1,1488.0,505.0,45.63,31.35,1.32,0.43,11.399,RUN,OK,RUN,0.98
2026-01-27T00:44:34.235921Z,78.92,77.36,80.81,34.35,power,0.05,34.15,3.47,91.16,1898.6,20.83,406.3,1594.9,1492.3,505.1,45.63,31.35,1.32,0.43,11.403,RUN,OK,RUN,0.98
2026-01-27T00:44:34.435921Z,79.0,77.42,80.87,34.4,power,0.05,34.16,3.42,91.18,1902.9,20.87,406.5,1595.6,1496.4,505.2,45.64,31.35,1.32,0.43,11.408,RUN,OK,RUN,0.98
2026-01-27T00:44:34.635921Z,79.08,77.49,80.94,34.46,power,0.05,34.16,3.38,91.19,1907.1,20.91,406.6,1596.2,1500.5,505.3,45.65,31.36,1.31,0.43,11.412,RUN,OK,RUN,0.98
2026-01-27T00:44:34.835921Z,79.16,77.55,81.0,34.51,power,0.05,34.16,3.33,91.2,1911.2,20.96,406.7,1596.8,1504.5,505.4,45.65,31.36,1.31,0.43,11.417,RUN,OK,RUN,0.98
2026-01-27T00:44:35.035921Z,79.24,77.61,81.07,34.56,power,0.05,34.17,3.29,91.22,1915.2,21.0,406.9,1597.3,1508.4,505.5,45.66,31.36,1.31,0.43,11.421,RUN,OK,RUN,0.98
2026-01-27T00:44:35.235921Z,79.32,77.68,81.13,34.61,power,0.05,34.17,3.24,91.23,1919.2,21.04,407.0,1597.8,1512.2,505.6,45.66,31.36,1.31,0.43,11.426,RUN,OK,RUN,0.98
2026-01-27T00:44:35.435921Z,79.4,77.74,81.19,34.65,power,0.05,34.18,3.2,91.24,1923.0,21.08,407.1,1598.3,1515.9,505.7,45.67,31.36,1.31,0.43,11.43,RUN,OK,RUN,0.98
2026-01-27T00:44:35.635921Z,79.48,77.8,81.25,34.69,power,0.05,34.18,3.16,91.26,1926.8,21.11,407.3,1598.6,1519.5,505.8,45.68,31.37,1.3,0.43,11.435,RUN,OK,RUN,0.98
2026-01-27T00:44:35.835921Z,79.55,77.86,81.31,34.73,power,0.05,34.18,3.12,91.27,1930.5,21.15,407.4,1599.0,1523.0,505.9,45.68,31.37,1.3,0.43,11.439,RUN,OK,RUN,0.98
2026-01-27T00:44:36.035921Z,79.63,77.92,81.37,34.77,power,0.05,34.19,3.08,91.28,1934.0,21.19,407.6,1599.3,1526.5,506.1,45.69,31.37,1.3,0.43,11.444,RUN,OK,RUN,0.98
2026-01-27T00:44:36.235921Z,79.71,77.98,81.42,34.8,power,0.05,34.19,3.04,91.3,1937.5,21.22,407.7,1599.5,1529.8,506.2,45.7,31.37,1.3,0.43,11.448,RUN,OK,RUN,0.98
2026-01-27T00:44:36.435921Z,79.78,78.04,81.48,34.83,power,0.05,34.19,3.0,91.31,1940.9,21.26,407.9,1599.7,1533.1,506.3,45.7,31.37,1.3,0.43,11.453,RUN,OK,RUN,0.98
2026-01-27T00:44:36.635921Z,79.86,78.1,81.53,34.86,power,0.05,34.2,2.96,91.32,1944.2,21.29,408.0,1599.9,1536.2,506.4,45.71,31.38,1.29,0.43,11.457,RUN,OK,RUN,0.98
2026-01-27T00:44:36.835921Z,79.93,78.16,81.58,34.89,power,0.05,34.2,2.92,91.34,1947.4,21.32,408.2,1600.0,1539.3,506.5,45.72,31.38,1.29,0.44,11.462,RUN,OK,RUN,0.98
2026-01-27T00:44:37.035921Z,80.01,78.22,81.64,34.91,power,0.05,34.2,2.89,91.35,1950.6,21.35,408.3,1600.0,1542.3,506.7,45.72,31.38,1.29,0.44,11.467,RUN,OK,RUN,0.98
2026-01-27T00:44:37.235921Z,80.08,78.28,81.69,34.93,power,0.05,34.21,2.85,91.36,1953.6,21.38,408.5,1600.0,1545.1,506.8,45.73,31.38,1.29,0.44,11.471,RUN,OK,RUN,0.98
2026-01-27T00:44:37.435921Z,80.16,78.34,81.74,34.95,power,0.05,34.21,2.81,91.38,1956.5,21.41,408.6,1599.9,1547.9,506.9,45.74,31.39,1.28,0.44,11.476,RUN,OK,RUN,0.98
2026-01-27T00:44:37.635921Z,80.23,78.4,81.78,34.96,power,0.05,34.22,2.78,91.39,1959.4,21.44,408.8,1599.8,1550.6,507.0,45.74,31.39,1.28,0.44,11.48,RUN,OK,RUN,0.98
2026-01-27T00:44:37.835921Z,80.3,78.45,81.83,34.98,power,0.05,34.22,2.75,91.4,1962.1,21.47,408.9,1599.7,1553.2,507.1,45.75,31.39,1.28,0.44,11.485,RUN,OK,RUN,0.98
2026-01-27T00:44:38.035921Z,80.37,78.51,81.88,34.99,power,0.05,34.22,2.71,91.42,1964.8,21.49,409.1,1599.5,1555.7,507.3,45.76,31.39,1.28,0.44,11.489,RUN,OK,RUN,0.98
2026-01-27T00:44:38.235921Z,80.45,78.57,81.92,34.99,power,0.05,34.23,2.68,91.43,1967.3,21.52,409.2,1599.2,1558.1,507.4,45.76,31.39,1.28,0.44,11.494,RUN,OK,RUN,0.98
2026-01-27T00:44:38.435921Z,80.52,78.62,81.97,35.0,power,0.05,34.23,2.65,91.45,1969.8,21.54,409.4,1598.9,1560.4,507.5,45.77,31.4,1.27,0.44,11.498,RUN,OK,RUN,0.98
2026-01-27T00:44:38.635921Z,80.59,78.68,82.01,35.0,power,0.05,34.23,2.62,91.46,1972.2,21.56,409.6,1598.6,1562.6,507.7,45.77,31.4,1.27,0.44,11.503,RUN,OK,RUN,0.98
2026-01-27T00:44:38.835921Z,80.66,78.73,82.05,35.0,power,0.05,34.24,2.59,91.48,1974.5,21.58,409.7,1598.2,1564.7,507.8,45.78,31.4,1.27,0.44,11.507,RUN,OK,RUN,0.98
2026-01-27T00:44:39.035921Z,80.73,78.79,82.09,35.0,power,0.05,34.24,2.56,91.49,1976.6,21.61,409.9,1597.7,1566.7,507.9,45.79,31.4,1.27,0.44,11.512,RUN,OK,RUN,0.98
2026-01-27T00:44:39.235921Z,80.8,78.84,82.13,34.99,power,0.05,34.24,2.53,91.5,1978.7,21.62,410.1,1597.2,1568.7,508.0,45.79,31.4,1.26,0.44,11.517,RUN,OK,RUN,0.98
2026-01-27T00:44:39.435921Z,80.87,78.9,82.17,34.98,power,0.05,34.25,2.5,91.52,1980.7,21.64,410.2,1596.7,1570.5,508.2,45.8,31.41,1.26,0.44,11.521,RUN,OK,RUN,0.98
2026-01-27T00:44:39.635921Z,80.94,78.95,82.21,34.97,power,0.05,34.25,2.47,91.53,1982.6,21.66,410.4,1596.1,1572.2,508.3,45.81,31.41,1.26,0.44,11.526,RUN,OK,RUN,0.98
2026-01-27T00:44:39.835921Z,81.01,79.0,82.25,34.96,power,0.05,34.26,2.45,91.55,1984.4,21.68,410.6,1595.4,1573.8,508.5,45.81,31.41,1.26,0.44,11.53,RUN,OK,RUN,0.98
2026-01-27T00:44:40.035921Z,81.07,79.06,82.28,34.94,power,0.05,34.26,2.42,91.56,1986.1,21.69,410.7,1594.7,1575.4,508.6,45.82,31.41,1.25,0.44,11.535,RUN,OK,RUN,0.98
2026-01-27T00:44:40.235921Z,81.14,79.11,82.32,34.92,power,0.05,34.26,2.39,91.58,1987.7,21.71,410.9,1594.0,1576.8,508.7,45.83,31.42,1.25,0.45,11.539,RUN,OK,RUN,0.98
2026-01-27T00:44:40.435921Z,81.21,79.16,82.35,34.9,power,0.05,34.27,2.37,91.59,1989.2,21.72,411.1,1593.2,1578.1,508.9,45.83,31.42,1.25,0.45,11.544,RUN,OK,RUN,0.98
2026-01-27T00:44:40.635921Z,81.27,79.21,82.39,34.87,power,0.05,34.27,2.35,91.61,1990.6,21.73,411.3,1592.3,1579.3,509.0,45.84,31.42,1.25,0.45,11.549,RUN,OK,RUN,0.98
2026-01-27T00:44:40.835921Z,81.34,79.26,82.42,34.85,power,0.05,34.27,2.32,91.62,1991.9,21.74,411.4,1591.4,1580.5,509.1,45.85,31.42,1.24,0.45,11.553,RUN,OK,RUN,0.98
2026-01-27T00:44:41.035921Z,81.4,79.31,82.45,34.82,power,0.05,34.28,2.3,91.63,1993.1,21.75,411.6,1590.5,1581.5,509.3,45.85,31.42,1.24,0.45,11.558,RUN,OK,RUN,0.98
2026-01-27T00:44:41.235921Z,81.47,79.36,82.48,34.78,power,0.05,34.28,2.28,91.65,1994.2,21.76,411.8,1589.5,1582.4,509.4,45.86,31.43,1.24,0.45,11.562,RUN,OK,RUN,0.98
2026-01-27T00:44:41.435921Z,81.53,79.41,82.51,34.75,power,0.05,34.29,2.26,91.66,1995.3,21.77,412.0,1588.5,1583.3,509.6,45.86,31.43,1.24,0.45,11.567,RUN,OK,RUN,0.98
2026-01-27T00:44:41.635921Z,81.6,79.46,82.54,34.71,power,0.05,34.29,2.24,91.68,1996.2,21.77,412.2,1587.4,1584.0,509.7,45.87,31.43,1.24,0.45,11.572,RUN,OK,RUN,0.98
2026-01-27T00:44:41.835921Z,81.66,79.51,82.57,34.67,power,0.05,34.29,2.22,91.69,1997.0,21.78,412.3,1586.2,1584.7,509.9,45.88,31.43,1.23,0.45,11.576,RUN,OK,RUN,0.98
2026-01-27T00:44:42.035921Z,81.72,79.55,82.59,34.63,power,0.05,34.3,2.2,91.71,1997.7,21.78,412.5,1585.0,1585.2,510.0,45.88,31.44,1.23,0.45,11.581,RUN,OK,RUN,0.98
2026-01-27T00:44:42.235921Z,81.79,79.6,82.62,34.58,power,0.05,34.3,2.18,91.72,1998.3,21.79,412.7,1583.8,1585.6,510.2,45.89,31.44,1.23,0.45,11.585,RUN,OK,RUN,0.98
2026-01-27T00:44:42.435921Z,81.85,79.65,82.64,34.53,power,0.05,34.3,2.17,91.74,1998.9,21.79,412.9,1582.5,1586.0,510.3,45.9,31.44,1.23,0.45,11.59,RUN,OK,RUN,0.98
2026-01-27T00:44:42.635921Z,81.91,79.69,82.67,34.48,power,0.05,34.31,2.15,91.75,1999.3,21.79,413.1,1581.2,1586.2,510.5,45.9,31.44,1.22,0.45,11.594,RUN,OK,RUN,0.98
2026-01-27T00:44:42.835921Z,81.97,79.74,82.69,34.43,power,0.05,34.31,2.14,91.77,1999.6,21.79,413.3,1579.8,1586.3,510.6,45.91,31.45,1.22,0.45,11.599,RUN,OK,RUN,0.98
2026-01-27T00:44:43.035921Z,82.03,79.79,82.71,34.37,power,0.05,34.32,2.12,91.79,1999.8,21.79,413.5,1578.4,1586.4,510.8,45.92,31.45,1.22,0.45,11.604,RUN,OK,RUN,0.98
2026-01-27T00:44:43.235921Z,82.09,79.83,82.74,34.31,power,0.05,34.32,2.11,91.8,2000.0,21.79,413.7,1576.9,1586.3,510.9,45.92,31.45,1.22,0.45,11.608,RUN,OK,RUN,0.98
2026-01-27T00:44:43.435921Z,82.15,79.87,82.76,34.25,power,0.05,34.32,2.1,91.82,2000.0,21.78,413.9,1575.4,1586.1,511.1,45.93,31.45,1.21,0.45,11.613,RUN,OK,RUN,0.98
2026-01-27T00:44:43.635921Z,82.21,79.92,82.78,34.19,power,0.05,34.33,2.08,91.83,1999.9,21.78,414.0,1573.8,1585.9,511.2,45.93,31.45,1.21,0.45,11.617,RUN,OK,RUN,0.98
2026-01-27T00:44:43.835921Z,82.26,79.96,82.8,34.12,power,0.05,34.33,2.07,91.85,1999.8,21.77,414.2,1572.2,1585.5,511.4,45.94,31.46,1.21,0.46,11.622,RUN,OK,RUN,0.98
2026-01-27T00:44:44.035921Z,82.32,80.0,82.82,34.06,power,0.05,34.33,2.06,91.86,1999.5,21.77,414.4,1570.5,1585.1,511.6,45.95,31.46,1.21,0.46,11.627,RUN,OK,RUN,0.98
2026-01-27T00:44:44.235921Z,82.38,80.05,82.83,33.98,power,0.05,34.34,2.05,91.88,1999.1,21.76,414.6,1568.8,1584.5,511.7,45.95,31.46,1.2,0.46,11.631,RUN,OK,RUN,0.98
2026-01-27T00:44:44.435921Z,82.43,80.09,82.85,33.91,power,0.05,34.34,2.04,91.89,1998.7,21.75,414.8,1567.1,1583.8,511.9,45.96,31.46,1.2,0.46,11.636,RUN,OK,RUN,0.98
2026-01-27T00:44:44.635921Z,82.49,80.13,82.87,33.83,power,0.05,34.35,2.04,91.91,1998.1,21.74,415.0,1565.3,1583.1,512.0,45.97,31.47,1.2,0.46,11.64,RUN,OK,RUN,0.98
2026-01-27T00:44:44.835921Z,82.54,80.17,82.88,33.76,power,0.05,34.35,2.03,91.93,1997.4,21.73,415.2,1563.4,1582.2,512.2,45.97,31.47,1.2,0.46,11.645,RUN,OK,RUN,0.98
2026-01-27T00:44:45.035921Z,82.6,80.21,82.9,33.68,power,0.05,34.35,2.02,91.94,1996.7,21.72,415.5,1561.5,1581.2,512.4,45.98,31.47,1.19,0.46,11.65,RUN,OK,RUN,0.98
2026-01-27T00:44:45.235921Z,82.65,80.25,82.91,33.59,power,0.05,34.36,2.02,91.96,1995.8,21.7,415.7,1559.6,1580.2,512.5,45.99,31.47,1.19,0.46,11.654,RUN,OK,RUN,0.98
2026-01-27T00:44:45.435921Z,82.71,80.29,82.93,33.51,power,0.05,34.36,2.01,91.97,1994.9,21.69,415.9,1557.6,1579.0,512.7,45.99,31.48,1.19,0.46,11.659,RUN,OK,RUN,0.98
2026-01-27T00:44:45.635921Z,82.76,80.32,82.94,33.42,power,0.05,34.36,2.01,91.99,1993.8,21.67,416.1,1555.5,1577.7,512.9,46.0,31.48,1.18,0.46,11.663,RUN,OK,RUN,0.98
2026-01-27T00:44:45.835921Z,82.81,80.36,82.95,33.33,power,0.05,34.37,2.0,92.0,1992.7,21.66,416.3,1553.5,1576.4,513.0,46.0,31.48,1.18,0.46,11.668,RUN,OK,RUN,0.98
2026-01-27T00:44:46.035921Z,82.86,80.4,82.96,33.23,power,0.05,34.37,2.0,92.02,1991.4,21.64,416.5,1551.3,1574.9,513.2,46.01,31.48,1.18,0.46,11.673,RUN,OK,RUN,0.98
2026-01-27T00:44:46.235921Z,82.91,80.44,82.97,33.14,power,0.05,34.38,2.0,92.04,1990.1,21.62,416.7,1549.2,1573.4,513.4,46.02,31.48,1.18,0.46,11.677,RUN,OK,RUN,0.98
2026-01-27T00:44:46.435921Z,82.96,80.47,82.99,33.04,power,0.05,34.38,2.0,92.05,1988.6,21.6,416.9,1546.9,1571.7,513.5,46.02,31.49,1.17,0.46,11.682,RUN,OK,RUN,0.98
2026-01-27T00:44:46.635921Z,83.01,80.51,83.0,32.94,power,0.05,34.38,2.0,92.07,1987.1,21.58,417.1,1544.7,1569.9,513.7,46.03,31.49,1.17,0.46,11.687,RUN,OK,RUN,0.98
2026-01-27T00:44:46.835921Z,83.06,80.54,83.0,32.84,power,0.05,34.39,2.0,92.09,1985.4,21.56,417.4,1542.4,1568.1,513.9,46.04,31.49,1.17,0.46,11.691,RUN,OK,RUN,0.98
2026-01-27T00:44:47.035921Z,83.11,80.58,83.01,32.73,power,0.05,34.39,2.0,92.1,1983.7,21.54,417.6,1540.0,1566.1,514.1,46.04,31.49,1.17,0.46,11.696,RUN,OK,RUN,0.98
2026-01-27T00:44:47.235921Z,83.16,80.61,83.02,32.63,power,0.05,34.4,2.0,92.12,1981.9,21.51,417.8,1537.6,1564.1,514.2,46.05,31.5,1.16,0.46,11.7,RUN,OK,RUN,0.98
2026-01-27T00:44:47.435921Z,83.21,80.64,83.03,32.52,power,0.05,34.4,2.01,92.13,1979.9,21.49,418.0,1535.2,1561.9,514.4,46.05,31.5,1.16,0.46,11.705,RUN,OK,RUN,0.98
2026-01-27T00:44:47.635921Z,83.26,80.68,83.04,32.41,power,0.05,34.4,2.01,92.15,1977.9,21.46,418.2,1532.7,1559.7,514.6,46.06,31.5,1.16,0.46,11.71,RUN,OK,RUN,0.98
2026-01-27T00:44:47.835921Z,83.3,80.71,83.04,32.29,power,0.05,34.41,2.02,92.17,1975.8,21.44,418.5,1530.1,1557.3,514.8,46.07,31.5,1.16,0.46,11.714,RUN,OK,RUN,0.98
2026-01-27T00:44:48.035921Z,83.35,80.74,83.05,32.18,power,0.05,34.41,2.02,92.18,1973.6,21.41,418.7,1527.6,1554.9,515.0,46.07,31.51,1.15,0.47,11.719,RUN,OK,RUN,0.98
2026-01-27T00:44:48.235921Z,83.39,80.77,83.06,32.06,power,0.05,34.41,2.03,92.2,1971.3,21.38,418.9,1524.9,1552.3,515.1,46.08,31.51,1.15,0.47,11.723,RUN,OK,RUN,0.98
2026-01-27T00:44:48.435921Z,83.44,80.8,83.06,31.94,power,0.05,34.42,2.04,92.22,1968.9,21.35,419.1,1522.3,1549.7,515.3,46.09,31.51,1.15,0.47,11.728,RUN,OK,RUN,0.98
2026-01-27T00:44:48.635921Z,83.48,80.83,83.07,31.82,power,0.05,34.42,2.04,92.23,1966.4,21.32,419.4,1519.6,1547.0,515.5,46.09,31.51,1.14,0.47,11.733,RUN,OK,RUN,0.98
2026-01-27T00:44:48.835921Z,83.53,80.86,83.07,31.69,power,0.05,34.43,2.05,92.25,1963.8,21.29,419.6,1516.8,1544.2,515.7,46.1,31.52,1.14,0.47,11.737,RUN,OK,RUN,0.98
2026-01-27T00:44:49.035921Z,83.57,80.89,83.07,31.57,power,0.05,34.43,2.06,92.27,1961.1,21.25,419.8,1514.0,1541.2,515.9,46.1,31.52,1.14,0.47,11.742,RUN,OK,RUN,0.98
2026-01-27T00:44:49.235921Z,83.61,80.92,83.08,31.44,power,0.05,34.43,2.07,92.28,1958.3,21.22,420.1,1511.2,1538.2,516.1,46.11,31.52,1.14,0.47,11.747,RUN,OK,RUN,0.98
2026-01-27T00:44:49.435921Z,83.65,80.95,83.08,31.31,power,0.05,34.44,2.08,92.3,1955.4,21.19,420.3,1508.3,1535.1,516.2,46.12,31.52,1.13,0.47,11.751,RUN,OK,RUN,0.98
2026-01-27T00:44:49.635921Z,83.69,80.97,83.08,31.18,power,0.05,34.44,2.1,92.32,1952.4,21.15,420.5,1505.4,1531.9,516.4,46.12,31.53,1.13,0.47,11.756,RUN,OK,RUN,0.98
2026-01-27T00:44:49.835921Z,83.73,81.0,83.09,31.04,power,0.05,34.45,2.11,92.33,1949.4,21.11,420.8,1502.4,1528.6,516.6,46.13,31.53,1.13,0.47,11.76,RUN,OK,RUN,0.98
2026-01-27T00:44:50.035921Z,83.77,81.03,83.09,30.91,power,0.05,34.45,2.12,92.35,1946.2,21.07,421.0,1499.4,1525.2,516.8,46.13,31.53,1.12,0.47,11.765,RUN,OK,RUN,0.98
2026-01-27T00:44:50.235921Z,83.81,81.05,83.09,30.77,power,0.05,34.45,2.14,92.37,1942.9,21.03,421.3,1496.4,1521.7,517.0,46.14,31.53,1.12,0.47,11.77,RUN,OK,RUN,0.98
2026-01-27T00:44:50.435921Z,83.85,81.08,83.09,30.63,power,0.05,34.46,2.15,92.38,1939.6,20.99,421.5,1493.3,1518.1,517.2,46.15,31.54,1.12,0.47,11.774,RUN,OK,RUN,0.98
2026-01-27T00:44:50.635921Z,83.89,81.1,83.09,30.49,power,0.05,34.46,2.17,92.4,1936.2,20.95,421.7,1490.2,1514.4,517.4,46.15,31.54,1.12,0.47,11.779,RUN,OK,RUN,0.98
2026-01-27T00:44:50.835921Z,83.93,81.12,83.09,30.34,power,0.05,34.46,2.18,92.42,1932.6,20.91,422.0,1487.0,1510.7,517.6,46.16,31.54,1.11,0.47,11.783,RUN,OK,RUN,0.98
2026-01-27T00:44:51.035921Z,83.96,81.15,83.1,30.2,power,0.05,34.47,2.2,92.44,1929.0,20.87,422.2,1483.8,1506.8,517.8,46.17,31.54,1.11,0.47,11.788,RUN,OK,RUN,0.98
2026-01-27T00:44:51.235921Z,84.0,81.17,83.1,30.05,power,0.05,34.47,2.22,92.45,1925.3,20.82,422.5,1480.6,1502.9,518.0,46.17,31.55,1.11,0.47,11.793,RUN,OK,RUN,0.98
2026-01-27T00:44:51.435921Z,84.04,81.19,83.1,29.9,power,0.05,34.48,2.24,92.47,1921.5,20.78,422.7,1477.3,1498.8,518.2,46.18,31.55,1.1,0.47,11.797,RUN,OK,RUN,0.98
2026-01-27T00:44:51.635921Z,84.07,81.21,83.1,29.75,power,0.05,34.48,2.26,92.49,1917.6,20.73,423.0,1474.0,1494.7,518.4,46.18,31.55,1.1,0.47,11.802,RUN,OK,RUN,0.98
2026-01-27T00:44:51.835921Z,84.11,81.23,83.1,29.59,power,0.05,34.48,2.28,92.51,1913.7,20.69,423.2,1470.6,1490.5,518.6,46.19,31.55,1.1,0.47,11.807,RUN,OK,RUN,0.98
2026-01-27T00:44:52.035921Z,84.14,81.25,83.09,29.44,power,0.05,34.49,2.3,92.52,1909.6,20.64,423.5,1467.2,1486.1,518.8,46.2,31.56,1.1,0.47,11.811,RUN,OK,RUN,0.98
2026-01-27T00:44:52.235921Z,84.17,81.27,83.09,29.28,power,0.05,34.49,2.32,92.54,1905.5,20.59,423.7,1463.7,1481.7,519.0,46.2,31.56,1.09,0.47,11.816,RUN,OK,RUN,0.98
2026-01-27T00:44:52.435921Z,84.21,81.29,83.09,29.13,power,0.05,34.5,2.35,92.56,1901.2,20.54,424.0,1460.3,1477.3,519.2,46.21,31.56,1.09,0.47,11.82,RUN,OK,RUN,0.98
2026-01-27T00:44:52.635921Z,84.24,81.31,83.09,28.97,power,0.05,34.5,2.37,92.57,1896.9,20.49,424.2,1456.8,1472.7,519.4,46.21,31.56,1.09,0.48,11.825,RUN,OK,RUN,0.98
2026-01-27T00:44:52.835921Z,84.27,81.33,83.09,28.81,power,0.05,34.5,2.39,92.59,1892.5,20.44,424.5,1453.2,1468.0,519.6,46.22,31.57,1.08,0.48,11.83,RUN,OK,RUN,0.98
2026-01-27T00:44:53.035921Z,84.3,81.35,83.09,28.64,power,0.05,34.51,2.42,92.61,1888.0,20.39,424.7,1449.6,1463.3,519.8,46.23,31.57,1.08,0.48,11.834,RUN,OK,RUN,0.98
2026-01-27T00:44:53.235921Z,84.33,81.36,83.09,28.48,power,0.05,34.51,2.44,92.63,1883.4,20.33,425.0,1446.0,1458.4,520.0,46.23,31.57,1.08,0.48,11.839,RUN,OK,RUN,0.98
2026-01-27T00:44:53.435921Z,84.36,81.38,83.09,28.31,power,0.05,34.51,2.47,92.65,1878.8,20.28,425.3,1442.3,1453.5,520.2,46.24,31.57,1.08,0.48,11.843,RUN,OK,RUN,0.98
2026-01-27T00:44:53.635921Z,84.39,81.39,83.08,28.15,power,0.05,34.52,2.5,92.66,1874.0,20.22,425.5,1438.6,1448.5,520.4,46.24,31.58,1.07,0.48,11.848,RUN,OK,RUN,0.98
2026-01-27T00:44:53.835921Z,84.41,81.41,83.08,27.98,power,0.05,34.52,2.53,92.68,1869.2,20.17,425.8,1434.9,1443.4,520.6,46.25,31.58,1.07,0.48,11.853,RUN,OK,RUN,0.98
2026-01-27T00:44:54.035921Z,84.44,81.42,83.08,27.81,power,0.05,34.53,2.56,92.7,1864.3,20.11,426.1,1431.1,1438.2,520.8,46.26,31.58,1.07,0.48,11.857,RUN,OK,RUN,0.98
2026-01-27T00:44:54.235921Z,84.47,81.43,83.08,27.64,power,0.05,34.53,2.59,92.72,1859.3,20.05,426.3,1427.3,1433.0,521.1,46.26,31.58,1.06,0.48,11.862,RUN,OK,RUN,0.98
2026-01-27T00:44:54.435921Z,84.49,81.45,83.07,27.46,power,0.05,34.53,2.62,92.73,1854.2,19.99,426.6,1423.4,1427.6,521.3,46.27,31.59,1.06,0.48,11.867,RUN,OK,RUN,0.98
2026-01-27T00:44:54.635921Z,84.52,81.46,83.07,27.29,power,0.05,34.54,2.65,92.75,1849.1,19.94,426.9,1419.5,1422.2,521.5,46.28,31.59,1.06,0.48,11.871,RUN,OK,RUN,0.98
2026-01-27T00:44:54.835921Z,84.54,81.47,83.07,27.11,power,0.05,34.54,2.68,92.77,1843.8,19.88,427.1,1415.6,1416.7,521.7,46.28,31.59,1.05,0.48,11.876,RUN,OK,RUN,0.98
2026-01-27T00:44:55.035921Z,84.57,81.48,83.07,26.94,power,0.05,34.55,2.71,92.79,1838.5,19.81,427.4,1411.7,1411.1,521.9,46.29,31.59,1.05,0.48,11.88,RUN,OK,RUN,0.98
2026-01-27T00:44:55.235921Z,84.59,81.49,83.06,26.76,power,0.05,34.55,2.74,92.81,1833.1,19.75,427.7,1407.7,1405.4,522.1,46.29,31.6,1.05,0.48,11.885,RUN,OK,RUN,0.98
2026-01-27T00:44:55.435921Z,84.62,81.5,83.06,26.58,power,0.05,34.55,2.78,92.82,1827.6,19.69,428.0,1403.7,1399.7,522.4,46.3,31.6,1.04,0.48,11.89,RUN,OK,RUN,0.98
2026-01-27T00:44:55.635921Z,84.64,81.51,83.06,26.4,power,0.05,34.56,2.81,92.84,1822.1,19.63,428.2,1399.6,1393.9,522.6,46.31,31.6,1.04,0.48,11.894,RUN,OK,RUN,0.98
2026-01-27T00:44:55.835921Z,84.66,81.52,83.06,26.22,power,0.05,34.56,2.85,92.86,1816.5,19.56,428.5,1395.5,1388.0,522.8,46.31,31.6,1.04,0.48,11.899,RUN,OK,RUN,0.98
2026-01-27T00:44:56.035921Z,84.68,81.53,83.05,26.03,power,0.05,34.57,2.89,92.88,1810.8,19.5,428.8,1391.4,1382.0,523.0,46.32,31.61,1.04,0.48,11.903,RUN,OK,RUN,0.98
2026-01-27T00:44:56.235921Z,84.7,81.54,83.05,25.85,power,0.05,34.57,2.92,92.9,1805.0,19.43,429.1,1387.3,1375.9,523.2,46.32,31.61,1.03,0.48,11.908,RUN,OK,RUN,0.98
2026-01-27T00:44:56.435921Z,84.72,81.54,83.05,25.67,power,0.05,34.57,2.96,92.91,1799.1,19.36,429.3,1383.1,1369.8,523.5,46.33,31.61,1.03,0.48,11.913,RUN,OK,RUN,0.98
2026-01-27T00:44:56.635921Z,84.74,81.55,83.05,25.48,power,0.05,34.58,3.0,92.93,1793.2,19.3,429.6,1378.9,1363.6,523.7,46.34,31.61,1.03,0.48,11.917,RUN,OK,RUN,0.98
2026-01-27T00:44:56.835921Z,84.76,81.55,83.04,25.29,power,0.05,34.58,3.04,92.95,1787.2,19.23,429.9,1374.6,1357.3,523.9,46.34,31.62,1.02,0.48,11.922,RUN,OK,RUN,0.98
2026-01-27T00:44:57.035921Z,84.77,81.56,83.04,25.11,power,0.05,34.58,3.08,92.97,1781.1,19.16,430.2,1370.4,1350.9,524.2,46.35,31.62,1.02,0.48,11.927,RUN,OK,RUN,0.98
2026-01-27T00:44:57.235921Z,84.79,81.56,83.04,24.92,power,0.05,34.59,3.12,92.99,1775.0,19.09,430.5,1366.0,1344.5,524.4,46.35,31.62,1.02,0.48,11.931,RUN,OK,RUN,0.98
2026-01-27T00:44:57.435921Z,84.81,81.57,83.03,24.73,power,0.05,34.59,3.16,93.01,1768.8,19.02,430.8,1361.7,1338.0,524.6,46.36,31.63,1.01,0.48,11.936,RUN,OK,RUN,0.98
2026-01-27T00:44:57.635921Z,84.82,81.57,83.03,24.54,power,0.05,34.6,3.2,93.02,1762.5,18.95,431.1,1357.3,1331.4,524.8,46.36,31.63,1.01,0.48,11.94,RUN,OK,RUN,0.98
2026-01-27T00:44:57.835921Z,84.84,81.57,83.03,24.35,power,0.05,34.6,3.24,93.04,1756.1,18.87,431.3,1352.9,1324.8,525.1,46.37,31.63,1.01,0.48,11.945,RUN,OK,RUN,0.98
2026-01-27T00:44:58.035921Z,84.85,81.57,83.03,24.16,power,0.05,34.6,3.29,93.06,1749.7,18.8,431.6,1348.5,1318.1,525.3,46.38,31.63,1.0,0.48,11.95,RUN,OK,RUN,0.98
2026-01-27T00:44:58.235921Z,84.87,81.57,83.02,23.96,power,0.05,34.61,3.33,93.08,1743.2,18.73,431.9,1344.1,1311.3,525.5,46.38,31.64,1.0,0.48,11.954,RUN,OK,RUN,0.98
2026-01-27T00:44:58.435921Z,84.88,81.58,83.02,23.77,power,0.05,34.61,3.37,93.1,1736.6,18.65,432.2,1339.6,1304.4,525.8,46.39,31.64,1.0,0.49,11.959,RUN,OK,RUN,0.98
2026-01-27T00:44:58.635921Z,84.89,81.57,83.02,23.58,power,0.05,34.62,3.42,93.12,1730.0,18.58,432.5,1335.1,1297.5,526.0,46.39,31.64,0.99,0.49,11.963,RUN,OK,RUN,0.98
2026-01-27T00:44:58.835921Z,84.9,81.57,83.02,23.38,power,0.05,34.62,3.47,93.13,1723.3,18.5,432.8,1330.5,1290.5,526.2,46.4,31.64,0.99,0.49,11.968,RUN,OK,RUN,0.98
2026-01-27T00:44:59.035921Z,84.91,81.57,83.02,23.19,power,0.05,34.62,3.51,93.15,1716.6,18.43,433.1,1326.0,1283.5,526.5,46.41,31.65,0.99,0.49,11.973,RUN,OK,RUN,0.98
2026-01-27T00:44:59.235921Z,84.92,81.57,83.01,22.99,power,0.05,34.63,3.56,93.17,1709.8,18.35,433.4,1321.4,1276.3,526.7,46.41,31.65,0.98,0.49,11.977,RUN,OK,RUN,0.98
2026-01-27T00:44:59.435921Z,84.93,81.57,83.01,22.79,power,0.05,34.63,3.61,93.19,1702.9,18.27,433.7,1316.8,1269.2,527.0,46.42,31.65,0.98,0.49,11.982,RUN,OK,RUN,0.98
2026-01-27T00:44:59.635921Z,84.94,81.56,83.01,22.6,power,0.05,34.64,3.65,93.21,1695.9,18.19,434.0,1312.1,1261.9,527.2,46.42,31.65,0.98,0.49,11.986,RUN,OK,RUN,0.98
2026-01-27T00:44:59.835921Z,84.95,81.56,83.01,22.4,power,0.05,34.64,3.7,93.23,1688.9,18.12,434.3,1307.4,1254.6,527.4,46.43,31.66,0.98,0.49,11.991,RUN,OK,RUN,0.98
2026-01-27T00:45:00.035921Z,84.96,81.56,83.01,22.2,power,0.05,34.64,3.75,93.25,1681.9,18.04,434.6,1302.7,1247.2,527.7,46.44,31.66,0.97,0.49,11.996,RUN,OK,RUN,0.98
2026-01-27T00:45:00.235921Z,84.97,81.55,83.01,22.0,power,0.05,34.65,3.8,93.26,1674.7,17.96,434.9,1298.0,1239.8,527.9,46.44,31.66,0.97,0.49,12.0,RUN,OK,RUN,0.98
2026-01-27T00:45:00.435921Z,84.97,81.55,83.01,21.81,power,0.05,34.65,3.85,93.28,1667.5,17.88,435.2,1293.3,1232.3,528.2,46.45,31.67,0.97,0.49,12.005,RUN,OK,RUN,0.98
2026-01-27T00:45:00.635921Z,84.98,81.54,83.0,21.61,power,0.05,34.66,3.91,93.3,1660.3,17.79,435.5,1288.5,1224.8,528.4,46.45,31.67,0.96,0.49,12.01,RUN,OK,RUN,0.98
2026-01-27T00:45:00.835921Z,84.98,81.53,83.0,21.41,power,0.05,34.66,3.96,93.32,1653.0,17.71,435.8,1283.7,1217.2,528.7,46.46,31.67,0.96,0.49,12.014,RUN,OK,RUN,0.98
2026-01-27T00:45:01.035921Z,84.99,81.52,83.0,21.21,power,0.05,34.66,4.01,93.34,1645.7,17.63,436.2,1278.9,1209.5,528.9,46.46,31.67,0.96,0.49,12.019,RUN,OK,RUN,0.98
2026-01-27T00:45:01.235921Z,84.99,81.52,83.0,21.01,power,0.05,34.67,4.06,93.36,1638.2,17.55,436.5,1274.0,1201.8,529.2,46.47,31.68,0.95,0.49,12.023,RUN,OK,RUN,0.98
2026-01-27T00:45:01.435921Z,84.99,81.51,83.0,20.81,power,0.05,34.67,4.12,93.38,1630.8,17.46,436.8,1269.2,1194.0,529.4,46.48,31.68,0.95,0.49,12.028,RUN,OK,RUN,0.98
2026-01-27T00:45:01.635921Z,85.0,81.5,83.0,20.61,power,0.05,34.68,4.17,93.4,1623.3,17.38,437.1,1264.3,1186.2,529.7,46.48,31.68,0.95,0.49,12.033,RUN,OK,RUN,0.98
2026-01-27T00:45:01.835921Z,85.0,81.49,83.0,20.41,power,0.05,34.68,4.23,93.42,1615.7,17.3,437.4,1259.4,1178.3,529.9,46.49,31.68,0.94,0.49,12.037,RUN,OK,RUN,0.98
2026-01-27T00:45:02.035921Z,85.0,81.48,83.0,20.21,power,0.05,34.68,4.28,93.43,1608.1,17.21,437.7,1254.5,1170.4,530.2,46.49,31.69,0.94,0.49,12.042,RUN,OK,RUN,0.98
2026-01-27T00:45:02.235921Z,85.0,81.47,83.0,20.01,power,0.05,34.69,4.34,93.45,1600.4,17.13,438.0,1249.5,1162.4,530.4,46.5,31.69,0.94,0.49,12.046,RUN,OK,RUN,0.98
2026-01-27T00:45:02.435921Z,85.0,81.45,83.0,19.81,power,0.05,34.69,4.4,93.47,1592.7,17.04,438.4,1244.5,1154.3,530.7,46.51,31.69,0.93,0.49,12.051,RUN,OK,RUN,0.98
2026-01-27T00:45:02.635921Z,85.0,81.44,83.0,19.61,power,0.05,34.69,4.45,93.49,1584.9,16.95,438.7,1239.5,1146.2,530.9,46.51,31.7,0.93,0.49,12.056,RUN,OK,RUN,0.98
2026-01-27T00:45:02.835921Z,85.0,81.43,83.0,19.41,power,0.05,34.7,4.51,93.51,1577.1,16.87,439.0,1234.5,1138.1,531.2,46.52,31.7,0.93,0.49,12.06,RUN,OK,RUN,0.98
2026-01-27T00:45:03.035921Z,84.99,81.41,83.0,19.21,power,0.05,34.7,4.57,93.53,1569.2,16.78,439.3,1229.5,1129.9,531.5,46.52,31.7,0.92,0.49,12.065,RUN,OK,RUN,0.98
2026-01-27T00:45:03.235921Z,84.99,81.4,83.0,19.01,power,0.05,34.71,4.63,93.55,1561.3,16.69,439.7,1224.5,1121.7,531.7,46.53,31.7,0.92,0.49,12.069,RUN,OK,RUN,0.98
2026-01-27T00:45:03.435921Z,84.99,81.38,83.0,18.81,power,0.05,34.71,4.69,93.57,1553.4,16.6,440.0,1219.4,1113.4,532.0,46.53,31.71,0.92,0.49,12.074,RUN,OK,RUN,0.98
2026-01-27T00:45:03.635921Z,84.98,81.37,83.0,18.61,power,0.05,34.71,4.75,93.59,1545.4,16.51,440.3,1214.3,1105.1,532.2,46.54,31.71,0.91,0.49,12.079,RUN,OK,RUN,0.98
2026-01-27T00:45:03.835921Z,84.98,81.35,83.0,18.41,power,0.05,34.72,4.81,93.61,1537.3,16.42,440.6,1209.2,1096.7,532.5,46.55,31.71,0.91,0.49,12.083,RUN,OK,RUN,0.98
2026-01-27T00:45:04.035921Z,84.97,81.33,83.01,18.21,power,0.05,34.72,4.87,93.63,1529.3,16.33,441.0,1204.1,1088.3,532.8,46.55,31.72,0.9,0.49,12.088,RUN,OK,RUN,0.98
2026-01-27T00:45:04.235921Z,84.97,81.32,83.01,18.02,power,0.05,34.73,4.93,93.65,1521.1,16.24,441.3,1198.9,1079.8,533.0,46.56,31.72,0.9,0.49,12.093,RUN,OK,RUN,0.98
2026-01-27T00:45:04.435921Z,84.96,81.3,83.01,17.82,power,0.05,34.73,5.0,93.66,1513.0,16.15,441.6,1193.8,1071.4,533.3,46.56,31.72,0.9,0.49,12.097,RUN,OK,RUN,0.98
2026-01-27T00:45:04.635921Z,84.95,81.28,83.01,17.62,power,0.05,34.73,5.06,93.68,1504.8,16.06,442.0,1188.6,1062.8,533.6,46.57,31.72,0.89,0.49,12.102,RUN,OK,RUN,0.98
2026-01-27T00:45:04.835921Z,84.94,81.26,83.01,17.42,power,0.05,34.74,5.12,93.7,1496.5,15.97,442.3,1183.4,1054.2,533.8,46.57,31.73,0.89,0.49,12.106,RUN,OK,RUN,0.98
2026-01-27T00:45:05.035921Z,84.94,81.24,83.01,17.23,power,0.05,34.74,5.18,93.72,1488.3,15.88,442.6,1178.2,1045.6,534.1,46.58,31.73,0.89,0.49,12.111,RUN,OK,RUN,0.98
2026-01-27T00:45:05.235921Z,84.93,81.22,83.01,17.03,power,0.05,34.75,5.25,93.74,1480.0,15.79,443.0,1173.0,1037.0,534.4,46.59,31.73,0.88,0.49,12.116,RUN,OK,RUN,0.98
2026-01-27T00:45:05.435921Z,84.92,81.2,83.02,16.83,power,0.05,34.75,5.31,93.76,1471.6,15.7,443.3,1167.8,1028.3,534.6,46.59,31.73,0.88,0.49,12.12,RUN,OK,RUN,0.98
2026-01-27T00:45:05.635921Z,84.9,81.17,83.02,16.64,power,0.05,34.75,5.38,93.78,1463.2,15.6,443.6,1162.5,1019.6,534.9,46.6,31.74,0.88,0.49,12.125,RUN,OK,RUN,0.98
2026-01-27T00:45:05.835921Z,84.89,81.15,83.02,16.44,power,0.05,34.76,5.44,93.8,1454.8,15.51,444.0,1157.3,1010.8,535.2,46.6,31.74,0.87,0.49,12.129,RUN,OK,RUN,0.98
2026-01-27T00:45:06.035921Z,84.88,81.13,83.02,16.25,power,0.05,34.76,5.51,93.82,1446.4,15.42,444.3,1152.0,1002.1,535.5,46.61,31.74,0.87,0.49,12.134,RUN,OK,RUN,0.98
2026-01-27T00:45:06.235921Z,84.87,81.1,83.02,16.06,power,0.05,34.77,5.58,93.84,1437.9,15.32,444.7,1146.7,993.2,535.7,46.61,31.75,0.87,0.49,12.139,RUN,OK,RUN,0.98
2026-01-27T00:45:06.435921Z,84.85,81.08,83.03,15.86,power,0.05,34.77,5.64,93.86,1429.4,15.23,445.0,1141.4,984.4,536.0,46.62,31.75,0.86,0.49,12.143,RUN,OK,RUN,0.98
2026-01-27T00:45:06.635921Z,84.84,81.06,83.03,15.67,power,0.05,34.77,5.71,93.88,1420.9,15.14,445.4,1136.1,975.5,536.3,46.62,31.75,0.86,0.5,12.148,RUN,OK,RUN,0.98
2026-01-27T00:45:06.835921Z,84.82,81.03,83.03,15.48,power,0.05,34.78,5.78,93.9,1412.3,15.04,445.7,1130.8,966.6,536.6,46.63,31.75,0.86,0.5,12.153,RUN,OK,RUN,0.98
2026-01-27T00:45:07.035921Z,84.81,81.0,83.03,15.29,power,0.05,34.78,5.85,93.92,1403.7,14.95,446.1,1125.5,957.7,536.9,46.64,31.76,0.85,0.5,12.157,RUN,OK,RUN,0.98
2026-01-27T00:45:07.235921Z,84.79,80.98,83.04,15.1,power,0.05,34.79,5.91,93.94,1395.1,14.85,446.4,1120.1,948.7,537.1,46.64,31.76,0.85,0.5,12.162,RUN,OK,RUN,0.98
2026-01-27T00:45:07.435921Z,84.78,80.95,83.04,14.91,power,0.05,34.79,5.98,93.96,1386.5,14.76,446.8,1114.8,939.7,537.4,46.65,31.76,0.85,0.5,12.166,RUN,OK,RUN,0.98
2026-01-27T00:45:07.635921Z,84.76,80.92,83.04,14.73,power,0.05,34.79,6.05,93.98,1377.9,14.66,447.1,1109.4,930.7,537.7,46.65,31.77,0.84,0.5,12.171,RUN,OK,RUN,0.98
2026-01-27T00:45:07.835921Z,84.74,80.89,83.04,14.54,power,0.05,34.8,6.12,94.0,1369.2,14.57,447.5,1104.1,921.7,538.0,46.66,31.77,0.84,0.5,12.176,RUN,OK,RUN,0.98
2026-01-27T00:45:08.035921Z,84.72,80.86,83.05,14.35,power,0.05,34.8,6.19,94.01,1360.5,14.47,447.8,1098.7,912.6,538.3,46.66,31.77,0.84,0.5,12.18,RUN,OK,RUN,0.98
2026-01-27T00:45:08.235921Z,84.7,80.83,83.05,14.17,power,0.05,34.81,6.26,94.03,1351.8,14.38,448.2,1093.3,903.6,538.5,46.67,31.77,0.83,0.5,12.185,RUN,OK,RUN,0.98
2026-01-27T00:45:08.435921Z,84.68,80.8,83.05,13.98,power,0.05,34.81,6.33,94.05,1343.0,14.28,448.5,1087.9,894.5,538.8,46.67,31.78,0.83,0.5,12.189,RUN,OK,RUN,0.98
2026-01-27T00:45:08.635921Z,84.66,80.77,83.06,13.8,power,0.05,34.81,6.41,94.07,1334.3,14.18,448.9,1082.5,885.4,539.1,46.68,31.78,0.82,0.5,12.194,RUN,OK,RUN,0.98
2026-01-27T00:45:08.835921Z,84.64,80.74,83.06,13.62,power,0.05,34.82,6.48,94.09,1325.5,14.09,449.3,1077.1,876.2,539.4,46.69,31.78,0.82,0.5,12.199,RUN,OK,RUN,0.98
2026-01-27T00:45:09.035921Z,84.62,80.71,83.06,13.44,power,0.05,34.82,6.55,94.11,1316.7,13.99,449.6,1071.7,867.1,539.7,46.69,31.79,0.82,0.5,12.203,RUN,OK,RUN,0.98
2026-01-27T00:45:09.235921Z,84.59,80.67,83.06,13.26,power,0.05,34.83,6.62,94.13,1307.9,13.89,450.0,1066.3,857.9,540.0,46.7,31.79,0.81,0.5,12.208,RUN,OK,RUN,0.98
2026-01-27T00:45:09.435921Z,84.57,80.64,83.07,13.08,power,0.05,34.83,6.69,94.15,1299.1,13.8,450.3,1060.9,848.7,540.3,46.7,31.79,0.81,0.5,12.212,RUN,OK,RUN,0.98
2026-01-27T00:45:09.635921Z,84.55,80.6,83.07,12.91,power,0.05,34.83,6.77,94.17,1290.3,13.7,450.7,1055.4,839.6,540.6,46.71,31.79,0.81,0.5,12.217,RUN,OK,RUN,0.98
2026-01-27T00:45:09.835921Z,84.52,80.57,83.07,12.73,power,0.05,34.84,6.84,94.19,1281.4,13.6,451.1,1050.0,830.4,540.9,46.71,31.8,0.8,0.5,12.222,RUN,OK,RUN,0.98
2026-01-27T00:45:10.035921Z,84.5,80.53,83.07,12.56,power,0.05,34.84,6.91,94.21,1272.6,13.51,451.4,1044.6,821.1,541.2,46.72,31.8,0.8,0.5,12.226,RUN,OK,RUN,0.98
2026-01-27T00:45:10.235921Z,84.47,80.5,83.08,12.38,power,0.05,34.85,6.99,94.23,1263.7,13.41,451.8,1039.1,811.9,541.5,46.72,31.8,0.8,0.5,12.231,RUN,OK,RUN,0.98
2026-01-27T00:45:10.435921Z,84.44,80.46,83.08,12.21,power,0.05,34.85,7.06,94.25,1254.9,13.31,452.2,1033.7,802.7,541.7,46.73,31.81,0.79,0.5,12.236,RUN,OK,RUN,0.98
2026-01-27T00:45:10.635921Z,84.42,80.42,83.08,12.04,power,0.05,34.85,7.14,94.27,1246.0,13.22,452.6,1028.2,793.4,542.0,46.74,31.81,0.79,0.5,12.24,RUN,OK,RUN,0.98
2026-01-27T00:45:10.835921Z,84.39,80.39,83.08,11.87,power,0.05,34.86,7.21,94.29,1237.1,13.12,452.9,1022.8,784.2,542.3,46.74,31.81,0.78,0.5,12.245,RUN,OK,RUN,0.98
2026-01-27T00:45:11.035921Z,84.36,80.35,83.08,11.7,power,0.05,34.86,7.29,94.31,1228.2,13.02,453.3,1017.3,774.9,542.6,46.75,31.82,0.78,0.5,12.249,RUN,OK,RUN,0.98
2026-01-27T00:45:11.235921Z,84.33,80.31,83.09,11.54,power,0.05,34.87,7.36,94.33,1219.3,12.93,453.7,1011.9,765.7,542.9,46.75,31.82,0.78,0.5,12.254,RUN,OK,RUN,0.98
2026-01-27T00:45:11.435921Z,84.3,80.27,83.09,11.37,power,0.05,34.87,7.44,94.35,1210.5,12.83,454.1,1006.4,756.4,543.2,46.76,31.82,0.77,0.5,12.259,RUN,OK,RUN,0.98
2026-01-27T00:45:11.635921Z,84.27,80.23,83.09,11.21,power,0.05,34.87,7.51,94.37,1201.6,12.73,454.4,1001.0,747.1,543.5,46.76,31.82,0.77,0.5,12.263,RUN,OK,RUN,0.98
2026-01-27T00:45:11.835921Z,84.24,80.19,83.09,11.05,power,0.05,34.88,7.59,94.39,1192.7,12.64,454.8,995.5,737.9,543.8,46.77,31.83,0.77,0.5,12.268,RUN,OK,RUN,0.98
2026-01-27T00:45:12.035921Z,84.21,80.15,83.09,10.89,power,0.05,34.88,7.67,94.41,1183.8,12.54,455.2,990.1,728.6,544.2,46.77,31.83,0.76,0.5,12.272,RUN,OK,RUN,0.98
2026-01-27T00:45:12.235921Z,84.18,80.1,83.09,10.73,power,0.05,34.89,7.74,94.43,1174.9,12.44,455.6,984.6,719.3,544.5,46.78,31.83,0.76,0.5,12.277,RUN,OK,RUN,0.98
2026-01-27T00:45:12.435921Z,84.14,80.06,83.09,10.58,power,0.05,34.89,7.82,94.45,1166.0,12.35,456.0,979.1,710.1,544.8,46.78,31.84,0.76,0.5,12.282,RUN,OK,RUN,0.98
2026-01-27T00:45:12.635921Z,84.11,80.02,83.1,10.42,power,0.05,34.89,7.9,94.47,1157.1,12.25,456.3,973.7,700.8,545.1,46.79,31.84,0.75,0.5,12.286,RUN,OK,RUN,0.98
2026-01-27T00:45:12.835921Z,84.08,79.97,83.1,10.27,power,0.05,34.9,7.97,94.49,1148.3,12.15,456.7,968.3,691.6,545.4,46.79,31.84,0.75,0.5,12.291,RUN,OK,RUN,0.98
2026-01-27T00:45:13.035921Z,84.04,79.93,83.1,10.12,power,0.05,34.9,8.05,94.51,1139.4,12.06,457.1,962.8,682.3,545.7,46.8,31.84,0.74,0.5,12.296,RUN,OK,RUN,0.98
2026-01-27T00:45:13.235921Z,84.0,79.88,83.1,9.97,power,0.05,34.91,8.13,94.53,1130.5,11.96,457.5,957.4,673.1,546.0,46.81,31.85,0.74,0.5,12.3,RUN,OK,RUN,0.98
2026-01-27T00:45:13.435921Z,83.97,79.84,83.1,9.82,power,0.05,34.91,8.21,94.55,1121.7,11.86,457.9,951.9,663.8,546.3,46.81,31.85,0.74,0.5,12.305,RUN,OK,RUN,0.98
2026-01-27T00:45:13.635921Z,83.93,79.79,83.09,9.67,power,0.05,34.91,8.29,94.57,1112.9,11.77,458.3,946.5,654.6,546.6,46.82,31.85,0.73,0.5,12.309,RUN,OK,RUN,0.98
2026-01-27T00:45:13.835921Z,83.89,79.75,83.09,9.53,power,0.05,34.92,8.36,94.59,1104.0,11.67,458.7,941.1,645.4,546.9,46.82,31.86,0.73,0.5,12.314,RUN,OK,RUN,0.98
2026-01-27T00:45:14.035921Z,83.86,79.7,83.09,9.39,power,0.05,34.92,8.44,94.61,1095.2,11.58,459.1,935.6,636.2,547.2,46.83,31.86,0.73,0.5,12.319,RUN,OK,RUN,0.98
2026-01-27T00:45:14.235921Z,83.82,79.65,83.09,9.25,power,0.05,34.93,8.52,94.63,1086.4,11.48,459.4,930.2,627.0,547.6,46.83,31.86,0.72,0.5,12.323,RUN,OK,RUN,0.98
2026-01-27T00:45:14.435921Z,83.78,79.6,83.09,9.11,power,0.05,34.93,8.6,94.65,1077.6,11.39,459.8,924.8,617.8,547.9,46.84,31.87,0.72,0.5,12.328,RUN,OK,RUN,0.98
2026-01-27T00:45:14.635921Z,83.74,79.55,83.09,8.97,power,0.05,34.93,8.68,94.67,1068.8,11.29,460.2,919.4,608.6,548.2,46.84,31.87,0.71,0.5,12.333,RUN,OK,RUN,0.98
2026-01-27T00:45:14.835921Z,83.7,79.5,83.08,8.84,power,0.05,34.94,8.76,94.69,1060.1,11.2,460.6,914.0,599.4,548.5,46.85,31.87,0.71,0.5,12.337,RUN,OK,RUN,0.98
2026-01-27T00:45:15.035921Z,83.66,79.45,83.08,8.7,power,0.05,34.94,8.84,94.71,1051.3,11.1,461.0,908.6,590.3,548.8,46.85,31.87,0.71,0.5,12.342,RUN,OK,RUN,0.98
2026-01-27T00:45:15.235921Z,83.62,79.4,83.08,8.57,power,0.05,34.95,8.92,94.73,1042.6,11.01,461.4,903.2,581.2,549.1,46.86,31.88,0.7,0.5,12.346,RUN,OK,RUN,0.98
2026-01-27T00:45:15.435921Z,83.57,79.35,83.08,8.45,power,0.05,34.95,9.0,94.75,1033.9,10.91,461.8,897.8,572.1,549.5,46.86,31.88,0.7,0.5,12.351,RUN,OK,RUN,0.98
2026-01-27T00:45:15.635921Z,83.53,79.3,83.07,8.32,power,0.05,34.95,9.07,94.77,1025.2,10.82,462.2,892.5,563.0,549.8,46.87,31.88,0.7,0.5,12.356,RUN,OK,RUN,0.98
2026-01-27T00:45:15.835921Z,83.49,79.25,83.07,8.19,power,0.05,34.96,9.15,94.79,1016.6,10.72,462.6,887.1,553.9,550.1,46.87,31.89,0.69,0.5,12.36,RUN,OK,RUN,0.98
2026-01-27T00:45:16.035921Z,83.44,79.2,83.06,8.07,power,0.05,34.96,9.23,94.81,1007.9,10.63,463.0,881.7,544.9,550.4,46.88,31.89,0.69,0.5,12.365,RUN,OK,RUN,0.98
2026-01-27T00:45:16.235921Z,83.4,79.14,83.06,7.95,power,0.05,34.97,9.31,94.83,999.3,10.54,463.5,876.4,535.8,550.8,46.88,31.89,0.68,0.5,12.369,RUN,OK,RUN,0.98
2026-01-27T00:45:16.435921Z,83.35,79.09,83.05,7.83,power,0.05,34.97,9.39,94.85,990.7,10.45,463.9,871.1,526.8,551.1,46.89,31.9,0.68,0.5,12.374,RUN,OK,RUN,0.98
2026-01-27T00:45:16.635921Z,83.31,79.03,83.04,7.72,power,0.05,34.97,9.47,94.87,982.1,10.35,464.3,865.7,517.9,551.4,46.89,31.9,0.68,0.5,12.379,RUN,OK,RUN,0.98
2026-01-27T00:45:16.835921Z,83.26,78.98,83.04,7.6,power,0.05,34.98,9.55,94.89,973.6,10.26,464.7,860.4,508.9,551.7,46.9,31.9,0.67,0.5,12.383,RUN,OK,RUN,0.98
2026-01-27T00:45:17.035921Z,83.21,78.92,83.03,7.49,power,0.05,34.98,9.63,94.91,965.1,10.17,465.1,855.1,500.0,552.1,46.9,31.9,0.67,0.5,12.388,RUN,OK,RUN,0.98
2026-01-27T00:45:17.235921Z,83.17,78.87,83.02,7.38,power,0.05,34.99,9.71,94.93,956.6,10.08,465.5,849.8,491.1,552.4,46.91,31.91,0.66,0.5,12.392,RUN,OK,RUN,0.98
2026-01-27T00:45:17.435921Z,83.12,78.81,83.01,7.28,power,0.05,34.99,9.79,94.95,948.2,9.99,465.9,844.6,482.2,552.7,46.92,31.91,0.66,0.5,12.397,RUN,OK,RUN,0.98
2026-01-27T00:45:17.635921Z,83.07,78.75,83.01,7.17,power,0.05,34.99,9.87,94.97,939.7,9.9,466.3,839.3,473.4,553.1,46.92,31.91,0.66,0.5,12.402,RUN,OK,RUN,0.98
2026-01-27T00:45:17.835921Z,83.02,78.69,83.0,7.07,power,0.05,35.0,9.95,94.99,931.3,9.8,466.7,834.1,464.6,553.4,46.93,31.92,0.65,0.5,12.406,RUN,OK,RUN,0.98
2026-01-27T00:45:18.035921Z,82.97,78.64,82.99,6.97,eco,0.05,35.0,10.03,95.01,923.0,9.71,467.2,828.8,455.8,553.7,46.93,31.92,0.65,0.5,12.411,RUN,OK,RUN,0.98
2026-01-27T00:45:18.235921Z,82.92,78.58,82.98,6.87,eco,0.05,35.01,10.11,95.03,914.7,9.63,467.6,823.6,447.1,554.1,46.94,31.92,0.65,0.5,12.416,RUN,OK,RUN,0.98
2026-01-27T00:45:18.435921Z,82.87,78.52,82.96,6.78,eco,0.05,35.01,10.19,95.05,906.4,9.54,468.0,818.4,438.4,554.4,46.94,31.93,0.64,0.5,12.42,RUN,OK,RUN,0.98
2026-01-27T00:45:18.635921Z,82.82,78.46,82.95,6.68,eco,0.05,35.01,10.27,95.07,898.1,9.45,468.4,813.2,429.7,554.7,46.95,31.93,0.64,0.5,12.425,RUN,OK,RUN,0.98
2026-01-27T00:45:18.835921Z,82.76,78.4,82.94,6.59,eco,0.05,35.02,10.35,95.09,889.9,9.36,468.8,808.0,421.1,555.1,46.95,31.93,0.63,0.5,12.429,RUN,OK,RUN,0.98
2026-01-27T00:45:19.035921Z,82.71,78.34,82.93,6.5,eco,0.05,35.02,10.43,95.11,881.7,9.27,469.3,802.9,412.5,555.4,46.96,31.94,0.63,0.5,12.434,RUN,OK,RUN,0.98
2026-01-27T00:45:19.235921Z,82.66,78.28,82.91,6.42,eco,0.05,35.03,10.51,95.13,873.6,9.18,469.7,797.7,403.9,555.7,46.96,31.94,0.63,0.5,12.439,RUN,OK,RUN,0.98
2026-01-27T00:45:19.435921Z,82.6,78.21,82.9,6.33,eco,0.05,35.03,10.59,95.15,865.5,9.1,470.1,792.6,395.4,556.1,46.97,31.94,0.62,0.5,12.443,RUN,OK,RUN,0.98
2026-01-27T00:45:19.635921Z,82.55,78.15,82.88,6.25,eco,0.05,35.03,10.67,95.17,857.5,9.01,470.5,787.5,386.9,556.4,46.97,31.94,0.62,0.5,12.448,RUN,OK,RUN,0.98
2026-01-27T00:45:19.835921Z,82.49,78.09,82.87,6.17,eco,0.05,35.04,10.75,95.19,849.4,8.92,471.0,782.4,378.5,556.8,46.98,31.95,0.61,0.5,12.452,RUN,OK,RUN,0.98
2026-01-27T00:45:20.035921Z,82.44,78.02,82.85,6.1,eco,0.05,35.04,10.83,95.21,841.5,8.84,471.4,777.3,370.1,557.1,46.98,31.95,0.61,0.5,12.457,RUN,OK,RUN,0.98
2026-01-27T00:45:20.235921Z,82.38,77.96,82.84,6.02,eco,0.05,35.05,10.91,95.23,833.6,8.75,471.8,772.3,361.7,557.5,46.99,31.95,0.61,0.5,12.462,RUN,OK,RUN,0.98
2026-01-27T00:45:20.435921Z,82.33,77.9,82.82,5.95,eco,0.05,35.05,10.99,95.25,825.7,8.67,472.2,767.2,353.4,557.8,46.99,31.96,0.6,0.5,12.466,RUN,OK,RUN,0.98
2026-01-27T00:45:20.635921Z,82.27,77.83,82.8,5.88,eco,0.05,35.05,11.07,95.27,817.8,8.58,472.7,762.2,345.2,558.1,47.0,31.96,0.6,0.5,12.471,RUN,OK,RUN,0.98
2026-01-27T00:45:20.835921Z,82.21,77.77,82.78,5.82,eco,0.05,35.06,11.15,95.29,810.1,8.5,473.1,757.2,336.9,558.5,47.0,31.96,0.59,0.5,12.475,RUN,OK,RUN,0.98
2026-01-27T00:45:21.035921Z,82.15,77.7,82.76,5.75,eco,0.05,35.06,11.23,95.31,802.3,8.42,473.5,752.2,328.8,558.8,47.01,31.97,0.59,0.5,12.48,RUN,OK,RUN,0.98
2026-01-27T00:45:21.235921Z,82.09,77.63,82.74,5.69,eco,0.05,35.07,11.31,95.33,794.6,8.34,474.0,747.3,320.6,559.2,47.01,31.97,0.59,0.5,12.485,RUN,OK,RUN,0.98
2026-01-27T00:45:21.435921Z,82.03,77.57,82.72,5.63,eco,0.05,35.07,11.39,95.35,787.0,8.25,474.4,742.3,312.6,559.5,47.02,31.97,0.58,0.5,12.489,RUN,OK,RUN,0.98
2026-01-27T00:45:21.635921Z,81.97,77.5,82.69,5.58,eco,0.05,35.07,11.46,95.37,779.4,8.17,474.9,737.4,304.5,559.9,47.02,31.98,0.58,0.5,12.494,RUN,OK,RUN,0.98
2026-01-27T00:45:21.835921Z,81.91,77.43,82.67,5.52,eco,0.05,35.08,11.54,95.39,771.9,8.09,475.3,732.5,296.6,560.2,47.03,31.98,0.57,0.5,12.498,RUN,OK,RUN,0.98
2026-01-27T00:45:22.035921Z,81.85,77.36,82.65,5.47,eco,0.05,35.08,11.62,95.41,764.4,8.01,475.7,727.7,288.6,560.6,47.03,31.98,0.57,0.5,12.503,RUN,OK,RUN,0.98
2026-01-27T00:45:22.235921Z,81.79,77.29,82.62,5.42,eco,0.05,35.09,11.7,95.43,757.0,7.93,476.2,722.8,280.8,560.9,47.04,31.99,0.57,0.5,12.508,RUN,OK,RUN,0.98
2026-01-27T00:45:22.435921Z,81.73,77.22,82.6,5.38,eco,0.05,35.09,11.78,95.45,749.6,7.85,476.6,718.0,273.0,561.3,47.04,31.99,0.56,0.5,12.512,RUN,OK,RUN,0.98
2026-01-27T00:45:22.635921Z,81.67,77.16,82.57,5.33,eco,0.05,35.09,11.86,95.47,742.3,7.78,477.1,713.2,265.2,561.7,47.05,31.99,0.56,0.5,12.517,RUN,OK,RUN,0.98
2026-01-27T00:45:22.835921Z,81.6,77.08,82.54,5.29,eco,0.05,35.1,11.93,95.49,735.0,7.7,477.5,708.4,257.5,562.0,47.05,31.99,0.56,0.5,12.521,RUN,OK,RUN,0.98
2026-01-27T00:45:23.035921Z,81.54,77.01,82.51,5.26,eco,0.05,35.1,12.01,95.51,727.8,7.62,478.0,703.7,249.8,562.4,47.05,32.0,0.55,0.5,12.526,RUN,OK,RUN,0.98
2026-01-27T00:45:23.235921Z,81.48,76.94,82.48,5.22,eco,0.05,35.11,12.09,95.53,720.7,7.54,478.4,698.9,242.2,562.7,47.06,32.0,0.55,0.5,12.53,RUN,OK,RUN,0.98
2026-01-27T00:45:23.435921Z,81.41,76.87,82.45,5.19,eco,0.05,35.11,12.17,95.55,713.6,7.47,478.9,694.2,234.7,563.1,47.06,32.0,0.54,0.5,12.535,RUN,OK,RUN,0.98
2026-01-27T00:45:23.635921Z,81.35,76.8,82.42,5.16,eco,0.05,35.11,12.24,95.57,706.5,7.39,479.3,689.5,227.2,563.4,47.07,32.01,0.54,0.5,12.54,RUN,OK,RUN,0.98
2026-01-27T00:45:23.835921Z,81.28,76.73,82.39,5.13,eco,0.05,35.12,12.32,95.59,699.6,7.32,479.8,684.9,219.8,563.8,47.07,32.01,0.54,0.5,12.544,RUN,OK,RUN,0.98
2026-01-27T00:45:24.035921Z,81.21,76.65,82.36,5.1,eco,0.05,35.12,12.4,95.61,692.7,7.24,480.2,680.3,212.5,564.2,47.08,32.01,0.53,0.5,12.549,RUN,OK,RUN,0.98
2026-01-27T00:45:24.235921Z,81.15,76.58,82.32,5.08,eco,0.05,35.13,12.47,95.63,685.8,7.17,480.7,675.7,205.2,564.5,47.08,32.02,0.53,0.5,12.553,RUN,OK,RUN,0.98
2026-01-27T00:45:24.435921Z,81.08,76.51,82.29,5.06,eco,0.05,35.13,12.55,95.65,679.1,7.1,481.1,671.1,197.9,564.9,47.09,32.02,0.52,0.5,12.558,RUN,OK,RUN,0.98
2026-01-27T00:45:24.635921Z,81.01,76.43,82.25,5.05,eco,0.05,35.13,12.62,95.67,672.3,7.03,481.6,666.5,190.8,565.3,47.09,32.02,0.52,0.5,12.563,RUN,OK,RUN,0.98
2026-01-27T00:45:24.835921Z,80.94,76.36,82.22,5.03,eco,0.05,35.14,12.7,95.69,665.7,6.96,482.0,662.0,183.7,565.6,47.1,32.03,0.52,0.5,12.567,RUN,OK,RUN,0.98
2026-01-27T00:45:25.035921Z,80.88,76.28,82.18,5.02,eco,0.05,35.14,12.77,95.71,659.1,6.89,482.5,657.5,176.6,566.0,47.1,32.03,0.51,0.5,12.572,RUN,OK,RUN,0.98
2026-01-27T00:45:25.235921Z,80.81,76.21,82.14,5.01,eco,0.05,35.15,12.85,95.73,652.6,6.82,482.9,653.1,169.6,566.4,47.11,32.03,0.51,0.5,12.576,RUN,OK,RUN,0.98
2026-01-27T00:45:25.435921Z,80.74,76.13,82.1,5.0,eco,0.05,35.15,12.92,95.75,646.1,6.75,483.4,648.6,162.7,566.7,47.11,32.04,0.5,0.5,12.581,RUN,OK,RUN,0.98
2026-01-27T00:45:25.635921Z,80.67,76.05,82.06,5.0,eco,0.05,35.15,13.0,95.77,639.8,6.68,483.9,644.2,155.9,567.1,47.12,32.04,0.5,0.5,12.585,RUN,OK,RUN,0.98
2026-01-27T00:45:25.835921Z,80.6,75.98,82.01,5.0,eco,0.05,35.16,13.07,95.78,633.5,6.61,484.3,639.8,149.1,567.5,47.12,32.04,0.49,0.5,12.59,RUN,OK,RUN,0.98
2026-01-27T00:45:26.035921Z,80.53,75.9,81.97,5.0,eco,0.05,35.16,13.15,95.8,627.2,6.55,484.8,635.5,142.4,567.8,47.13,32.05,0.49,0.5,12.594,RUN,OK,RUN,0.98
2026-01-27T00:45:26.235921Z,80.45,75.82,81.93,5.01,eco,0.05,35.17,13.22,95.82,621.0,6.48,485.3,631.2,135.8,568.2,47.13,32.05,0.49,0.5,12.599,RUN,OK,RUN,0.98
2026-01-27T00:45:26.435921Z,80.38,75.74,81.88,5.01,eco,0.05,35.17,13.29,95.84,614.9,6.42,485.7,626.9,129.2,568.6,47.14,32.05,0.48,0.5,12.604,RUN,OK,RUN,0.98
2026-01-27T00:45:26.635921Z,80.31,75.66,81.84,5.02,eco,0.05,35.17,13.36,95.86,608.9,6.35,486.2,622.6,122.7,569.0,47.14,32.05,0.48,0.5,12.608,RUN,OK,RUN,0.98
2026-01-27T00:45:26.835921Z,80.24,75.59,81.79,5.04,eco,0.05,35.18,13.44,95.88,603.0,6.29,486.7,618.4,116.3,569.3,47.15,32.06,0.47,0.5,12.613,RUN,OK,RUN,0.98
2026-01-27T00:45:27.035921Z,80.16,75.51,81.74,5.05,eco,0.05,35.18,13.51,95.9,597.1,6.23,487.1,614.2,110.0,569.7,47.15,32.06,0.47,0.5,12.617,RUN,OK,RUN,0.98
2026-01-27T00:45:27.235921Z,80.09,75.43,81.69,5.07,eco,0.05,35.19,13.58,95.92,591.3,6.16,487.6,610.0,103.7,570.1,47.15,32.06,0.47,0.5,12.622,RUN,OK,RUN,0.98
2026-01-27T00:45:27.435921Z,80.02,75.35,81.64,5.09,eco,0.05,35.19,13.65,95.94,585.5,6.1,488.1,605.9,97.5,570.5,47.16,32.07,0.46,0.5,12.626,RUN,OK,RUN,0.98
2026-01-27T00:45:27.635921Z,79.94,75.27,81.59,5.11,eco,0.05,35.19,13.72,95.96,579.9,6.04,488.5,601.8,91.4,570.8,47.16,32.07,0.46,0.5,12.631,RUN,OK,RUN,0.98
2026-01-27T00:45:27.835921Z,79.87,75.18,81.54,5.14,eco,0.05,35.2,13.79,95.98,574.3,5.98,489.0,597.8,85.3,571.2,47.17,32.07,0.45,0.5,12.635,RUN,OK,RUN,0.98
2026-01-27T00:45:28.035921Z,79.79,75.1,81.48,5.17,eco,0.05,35.2,13.86,96.0,568.8,5.93,489.5,593.7,79.3,571.6,47.17,32.08,0.45,0.5,12.64,RUN,OK,RUN,0.98
2026-01-27T00:45:28.235921Z,79.71,75.02,81.43,5.2,eco,0.05,35.21,13.93,96.02,563.4,5.87,490.0,589.7,73.4,572.0,47.18,32.08,0.45,0.5,12.644,RUN,OK,RUN,0.98
2026-01-27T00:45:28.435921Z,79.64,74.94,81.37,5.23,eco,0.05,35.21,14.0,96.04,558.0,5.81,490.4,585.8,67.6,572.4,47.18,32.08,0.44,0.5,12.649,RUN,OK,RUN,0.98
2026-01-27T00:45:28.635921Z,79.56,74.86,81.31,5.27,eco,0.05,35.21,14.07,96.06,552.8,5.75,490.9,581.8,61.9,572.7,47.19,32.09,0.44,0.5,12.653,RUN,OK,RUN,0.98
2026-01-27T00:45:28.835921Z,79.48,74.77,81.26,5.3,eco,0.05,35.22,14.14,96.08,547.6,5.7,491.4,577.9,56.2,573.1,47.19,32.09,0.43,0.5,12.658,RUN,OK,RUN,0.98
2026-01-27T00:45:29.035921Z,79.41,74.69,81.2,5.35,eco,0.05,35.22,14.21,96.1,542.5,5.65,491.9,574.1,50.6,573.5,47.2,32.09,0.43,0.5,12.662,RUN,OK,RUN,0.98
2026-01-27T00:45:29.235921Z,79.33,74.61,81.14,5.39,eco,0.05,35.23,14.28,96.12,537.5,5.59,492.4,570.3,45.1,573.9,47.2,32.1,0.43,0.5,12.667,RUN,OK,RUN,0.98
2026-01-27T00:45:29.435921Z,79.25,74.52,81.07,5.44,eco,0.05,35.23,14.34,96.14,532.5,5.54,492.9,566.5,39.7,574.3,47.21,32.1,0.42,0.49,12.671,RUN,OK,RUN,0.98
2026-01-27T00:45:29.635921Z,79.17,74.44,81.01,5.49,eco,0.05,35.23,14.41,96.16,527.7,5.49,493.3,562.7,34.3,574.7,47.21,32.1,0.42,0.49,12.676,RUN,OK,RUN,0.98
2026-01-27T00:45:29.835921Z,79.09,74.35,80.95,5.54,eco,0.05,35.24,14.48,96.18,522.9,5.44,493.8,559.0,29.1,575.1,47.21,32.11,0.41,0.49,12.68,RUN,OK,RUN,0.98
2026-01-27T00:45:30.035921Z,79.01,74.27,80.88,5.59,eco,0.05,35.24,14.54,96.2,518.2,5.39,494.3,555.3,23.9,575.4,47.22,32.11,0.41,0.49,12.685,RUN,OK,RUN,0.98
2026-01-27T00:45:30.235921Z,78.93,74.18,80.82,5.65,eco,0.05,35.25,14.61,96.22,513.6,5.34,494.8,551.7,18.8,575.8,47.22,32.11,0.4,0.49,12.689,RUN,OK,RUN,0.98
2026-01-27T00:45:30.435921Z,78.85,74.1,80.75,5.71,eco,0.05,35.25,14.67,96.24,509.1,5.29,495.3,548.1,13.8,576.2,47.23,32.12,0.4,0.49,12.694,RUN,OK,RUN,0.98
2026-01-27T00:45:30.635921Z,78.77,74.01,80.68,5.77,eco,0.05,35.25,14.74,96.25,504.6,5.24,495.8,544.5,8.9,576.6,47.23,32.12,0.4,0.49,12.698,RUN,OK,RUN,0.98
2026-01-27T00:45:30.835921Z,78.69,73.93,80.61,5.83,eco,0.05,35.26,14.8,96.27,500.3,5.2,496.3,541.0,4.0,577.0,47.24,32.12,0.39,0.49,12.703,RUN,OK,RUN,0.98
2026-01-27T00:45:31.035921Z,78.61,73.84,80.54,5.9,eco,0.05,35.26,14.87,96.29,496.0,5.15,496.8,537.5,-0.7,577.4,47.24,32.13,0.39,0.49,12.707,RUN,OK,RUN,0.98
2026-01-27T00:45:31.235921Z,78.53,73.75,80.47,5.97,eco,0.05,35.26,14.93,96.31,491.8,5.11,497.3,534.0,-5.4,577.8,47.25,32.13,0.38,0.49,12.712,RUN,OK,RUN,0.98
2026-01-27T00:45:31.435921Z,78.44,73.66,80.39,6.04,eco,0.05,35.27,14.99,96.33,487.7,5.06,497.7,530.6,-10.0,578.2,47.25,32.13,0.38,0.49,12.716,RUN,OK,RUN,0.98
2026-01-27T00:45:31.635921Z,78.36,73.58,80.32,6.12,eco,0.05,35.27,15.06,96.35,483.7,5.02,498.2,527.2,-14.5,578.6,47.25,32.14,0.38,0.49,12.721,RUN,OK,RUN,0.98
2026-01-27T00:45:31.835921Z,78.28,73.49,80.24,6.19,eco,0.05,35.28,15.12,96.37,479.8,4.98,498.7,523.9,-18.9,579.0,47.26,32.14,0.37,0.49,12.725,RUN,OK,RUN,0.98
2026-01-27T00:45:32.035921Z,78.19,73.4,80.17,6.27,eco,0.05,35.28,15.18,96.39,476.0,4.94,499.2,520.6,-23.2,579.4,47.26,32.14,0.37,0.49,12.73,RUN,OK,RUN,0.98
2026-01-27T00:45:32.235921Z,78.11,73.31,80.09,6.36,eco,0.05,35.28,15.24,96.41,472.3,4.9,499.7,517.3,-27.5,579.8,47.27,32.15,0.36,0.49,12.734,RUN,OK,RUN,0.98
2026-01-27T00:45:32.435921Z,78.02,73.22,80.01,6.44,eco,0.05,35.29,15.3,96.43,468.6,4.86,500.2,514.1,-31.6,580.2,47.27,32.15,0.36,0.49,12.739,RUN,OK,RUN,0.98
2026-01-27T00:45:32.635921Z,77.94,73.13,79.93,6.53,eco,0.05,35.29,15.36,96.45,465.1,4.82,500.7,510.9,-35.7,580.6,47.28,32.15,0.36,0.49,12.743,RUN,OK,RUN,0.98
2026-01-27T00:45:32.835921Z,77.85,73.04,79.85,6.62,eco,0.05,35.3,15.42,96.47,461.6,4.79,501.2,507.8,-39.6,581.0,47.28,32.16,0.35,0.49,12.747,RUN,OK,RUN,0.98
2026-01-27T00:45:33.035921Z,77.77,72.95,79.77,6.71,eco,0.05,35.3,15.48,96.49,458.2,4.75,501.7,504.7,-43.5,581.4,47.28,32.16,0.35,0.49,12.752,RUN,OK,RUN,0.98
2026-01-27T00:45:33.235921Z,77.68,72.86,79.68,6.8,eco,0.05,35.3,15.53,96.5,454.9,4.71,502.2,501.6,-47.3,581.8,47.29,32.16,0.34,0.49,12.756,RUN,OK,RUN,0.98
2026-01-27T00:45:33.435921Z,77.6,72.77,79.6,6.9,eco,0.05,35.31,15.59,96.52,451.7,4.68,502.7,498.6,-51.0,582.2,47.29,32.17,0.34,0.49,12.761,RUN,OK,RUN,0.98
2026-01-27T00:45:33.635921Z,77.51,72.68,79.51,7.0,eco,0.05,35.31,15.65,96.54,448.6,4.65,503.3,495.6,-54.6,582.6,47.3,32.17,0.33,0.49,12.765,RUN,OK,RUN,0.98
2026-01-27T00:45:33.835921Z,77.42,72.59,79.42,7.1,eco,0.05,35.32,15.71,96.56,445.6,4.62,503.8,492.7,-58.1,583.0,47.3,32.17,0.33,0.49,12.77,RUN,OK,RUN,0.98
2026-01-27T00:45:34.035921Z,77.34,72.5,79.34,7.2,eco,0.05,35.32,15.76,96.58,442.7,4.58,504.3,489.8,-61.5,583.4,47.31,32.18,0.33,0.49,12.774,RUN,OK,RUN,0.98
2026-01-27T00:45:34.235921Z,77.25,72.41,79.25,7.31,eco,0.05,35.32,15.82,96.6,439.9,4.55,504.8,487.0,-64.9,583.8,47.31,32.18,0.32,0.49,12.778,RUN,OK,RUN,0.98
2026-01-27T00:45:34.435921Z,77.16,72.32,79.16,7.41,eco,0.05,35.33,15.87,96.62,437.2,4.52,505.3,484.2,-68.1,584.2,47.31,32.18,0.32,0.49,12.783,RUN,OK,RUN,0.98
2026-01-27T00:45:34.635921Z,77.07,72.22,79.07,7.52,eco,0.05,35.33,15.93,96.64,434.6,4.5,505.8,481.4,-71.3,584.6,47.32,32.19,0.31,0.49,12.787,RUN,OK,RUN,0.98
2026-01-27T00:45:34.835921Z,76.99,72.13,78.97,7.64,eco,0.05,35.34,15.98,96.66,432.0,4.47,506.3,478.7,-74.3,585.1,47.32,32.19,0.31,0.49,12.792,RUN,OK,RUN,0.98
2026-01-27T00:45:35.035921Z,76.9,72.04,78.88,7.75,eco,0.05,35.34,16.03,96.68,429.6,4.44,506.8,476.0,-77.3,585.5,47.33,32.19,0.31,0.49,12.796,RUN,OK,RUN,0.98
2026-01-27T00:45:35.235921Z,76.81,71.95,78.78,7.87,eco,0.05,35.34,16.08,96.69,427.2,4.42,507.3,473.4,-80.1,585.9,47.33,32.2,0.3,0.49,12.8,RUN,OK,RUN,0.98
2026-01-27T00:45:35.435921Z,76.72,71.85,78.69,7.98,eco,0.05,35.35,16.14,96.71,425.0,4.39,507.9,470.8,-82.9,586.3,47.34,32.2,0.3,0.49,12.805,RUN,OK,RUN,0.98
2026-01-27T00:45:35.635921Z,76.63,71.76,78.59,8.11,eco,0.05,35.35,16.19,96.73,422.8,4.37,508.4,468.2,-85.6,586.7,47.34,32.2,0.29,0.49,12.809,RUN,OK,RUN,0.98
2026-01-27T00:45:35.835921Z,76.54,71.67,78.49,8.23,eco,0.05,35.36,16.24,96.75,420.8,4.35,508.9,465.7,-88.1,587.1,47.34,32.21,0.29,0.49,12.813,RUN,OK,RUN,0.98
2026-01-27T00:45:36.035921Z,76.45,71.57,78.39,8.35,eco,0.05,35.36,16.29,96.77,418.8,4.33,509.4,463.3,-90.6,587.5,47.35,32.21,0.28,0.49,12.818,RUN,OK,RUN,0.98
2026-01-27T00:45:36.235921Z,76.36,71.48,78.29,8.48,eco,0.05,35.36,16.34,96.79,416.9,4.31,509.9,460.8,-93.0,588.0,47.35,32.21,0.28,0.49,12.822,RUN,OK,RUN,0.98
2026-01-27T00:45:36.435921Z,76.27,71.38,78.19,8.61,eco,0.05,35.37,16.38,96.81,415.2,4.29,510.5,458.5,-95.3,588.4,47.36,32.22,0.28,0.49,12.826,RUN,OK,RUN,0.98
2026-01-27T00:45:36.635921Z,76.18,71.29,78.09,8.74,eco,0.05,35.37,16.43,96.82,413.5,4.27,511.0,456.1,-97.5,588.8,47.36,32.22,0.27,0.49,12.831,RUN,OK,RUN,0.98
2026-01-27T00:45:36.835921Z,76.09,71.2,77.99,8.87,eco,0.05,35.38,16.48,96.84,411.9,4.25,511.5,453.9,-99.6,589.2,47.36,32.22,0.27,0.49,12.835,RUN,OK,RUN,0.98
2026-01-27T00:45:37.035921Z,75.99,71.1,77.88,9.01,eco,0.05,35.38,16.53,96.86,410.4,4.24,512.0,451.6,-101.6,589.6,47.37,32.23,0.26,0.49,12.839,RUN,OK,RUN,0.98
2026-01-27T00:45:37.235921Z,75.9,71.01,77.78,9.15,eco,0.05,35.38,16.57,96.88,409.0,4.22,512.6,449.4,-103.5,590.0,47.37,32.23,0.26,0.49,12.844,RUN,OK,RUN,0.98
2026-01-27T00:45:37.435921Z,75.81,70.91,77.67,9.29,eco,0.05,35.39,16.62,96.9,407.8,4.21,513.1,447.3,-105.3,590.5,47.38,32.23,0.25,0.49,12.848,RUN,OK,RUN,0.98
2026-01-27T00:45:37.635921Z,75.72,70.81,77.56,9.43,eco,0.05,35.39,16.66,96.92,406.6,4.2,513.6,445.2,-107.0,590.9,47.38,32.24,0.25,0.48,12.852,RUN,OK,RUN,0.98
2026-01-27T00:45:37.835921Z,75.63,70.72,77.45,9.57,eco,0.05,35.4,16.71,96.94,405.5,4.18,514.1,443.1,-108.7,591.3,47.39,32.24,0.25,0.48,12.857,RUN,OK,RUN,0.98
2026-01-27T00:45:38.035921Z,75.53,70.62,77.35,9.71,eco,0.05,35.4,16.75,96.95,404.5,4.17,514.7,441.1,-110.2,591.7,47.39,32.24,0.24,0.48,12.861,RUN,OK,RUN,0.98
2026-01-27T00:45:38.235921Z,75.44,70.53,77.23,9.86,eco,0.05,35.4,16.79,96.97,403.6,4.16,515.2,439.2,-111.6,592.2,47.39,32.25,0.24,0.48,12.865,RUN,OK,RUN,0.98
2026-01-27T00:45:38.435921Z,75.35,70.43,77.12,10.01,eco,0.05,35.41,16.83,96.99,402.8,4.15,515.7,437.2,-112.9,592.6,47.4,32.25,0.23,0.48,12.87,RUN,OK,RUN,0.98
2026-01-27T00:45:38.635921Z,75.25,70.33,77.01,10.16,eco,0.05,35.41,16.88,97.01,402.1,4.15,516.3,435.4,-114.2,593.0,47.4,32.25,0.23,0.48,12.874,RUN,OK,RUN,0.98
2026-01-27T00:45:38.835921Z,75.16,70.24,76.9,10.31,eco,0.05,35.41,16.92,97.03,401.5,4.14,516.8,433.6,-115.3,593.4,47.41,32.26,0.22,0.48,12.878,RUN,OK,RUN,0.98
2026-01-27T00:45:39.035921Z,75.07,70.14,76.78,10.46,eco,0.05,35.42,16.96,97.05,401.0,4.13,517.3,431.8,-116.3,593.9,47.41,32.26,0.22,0.48,12.882,RUN,OK,RUN,0.98
2026-01-27T00:45:39.235921Z,74.97,70.04,76.67,10.62,eco,0.05,35.42,16.99,97.06,400.6,4.13,517.9,430.1,-117.3,594.3,47.41,32.26,0.22,0.48,12.887,RUN,OK,RUN,0.98
2026-01-27T00:45:39.435921Z,74.88,69.95,76.55,10.78,eco,0.05,35.43,17.03,97.08,400.3,4.12,518.4,428.4,-118.1,594.7,47.42,32.27,0.21,0.48,12.891,RUN,OK,RUN,0.98
2026-01-27T00:45:39.635921Z,74.78,69.85,76.44,10.93,eco,0.05,35.43,17.07,97.1,400.1,4.12,519.0,426.7,-118.8,595.2,47.42,32.27,0.21,0.48,12.895,RUN,OK,RUN,0.98
2026-01-27T00:45:39.835921Z,74.69,69.75,76.32,11.09,eco,0.05,35.43,17.11,97.12,400.0,4.12,519.5,425.2,-119.5,595.6,47.42,32.27,0.2,0.48,12.899,RUN,OK,RUN,0.98
2026-01-27T00:45:40.035921Z,74.59,69.65,76.2,11.26,eco,0.05,35.44,17.14,97.14,400.0,4.12,520.0,423.6,-120.0,596.0,47.43,32.28,0.2,0.48,12.904,RUN,OK,RUN,0.98
2026-01-27T00:45:40.235921Z,74.5,69.55,76.08,11.42,eco,0.05,35.44,17.18,97.16,400.1,4.12,520.6,422.1,-120.5,596.5,47.43,32.28,0.2,0.48,12.908,RUN,OK,RUN,0.98
2026-01-27T00:45:40.435921Z,74.4,69.46,75.96,11.58,eco,0.05,35.45,17.21,97.17,400.3,4.12,521.1,420.7,-120.8,596.9,47.44,32.28,0.19,0.48,12.912,RUN,OK,RUN,0.98
2026-01-27T00:45:40.635921Z,74.31,69.36,75.84,11.75,eco,0.05,35.45,17.25,97.19,400.6,4.12,521.7,419.3,-121.1,597.3,47.44,32.29,0.19,0.48,12.916,RUN,OK,RUN,0.98
2026-01-27T00:45:40.835921Z,74.21,69.26,75.72,11.92,eco,0.05,35.45,17.28,97.21,401.0,4.12,522.2,417.9,-121.2,597.8,47.44,32.29,0.18,0.48,12.92,RUN,OK,RUN,0.98
2026-01-27T00:45:41.035921Z,74.11,69.16,75.59,12.09,eco,0.05,35.46,17.32,97.23,401.5,4.13,522.8,416.6,-121.3,598.2,47.45,32.29,0.18,0.48,12.925,RUN,OK,RUN,0.98
2026-01-27T00:45:41.235921Z,74.02,69.06,75.47,12.26,eco,0.05,35.46,17.35,97.24,402.1,4.13,523.3,415.4,-121.3,598.6,47.45,32.3,0.17,0.48,12.929,RUN,OK,RUN,0.98
2026-01-27T00:45:41.435921Z,73.92,68.96,75.35,12.43,eco,0.05,35.47,17.38,97.26,402.7,4.14,523.9,414.2,-121.1,599.1,47.46,32.3,0.17,0.48,12.933,RUN,OK,RUN,0.98
2026-01-27T00:45:41.635921Z,73.82,68.87,75.22,12.6,eco,0.05,35.47,17.41,97.28,403.5,4.15,524.4,413.0,-120.9,599.5,47.46,32.3,0.17,0.48,12.937,RUN,OK,RUN,0.98
2026-01-27T00:45:41.835921Z,73.73,68.77,75.1,12.78,eco,0.05,35.47,17.44,97.3,404.4,4.16,525.0,411.9,-120.6,600.0,47.46,32.31,0.16,0.48,12.941,RUN,OK,RUN,0.98
2026-01-27T00:45:42.035921Z,73.63,68.67,74.97,12.95,eco,0.05,35.48,17.47,97.32,405.4,4.17,525.5,410.9,-120.1,600.4,47.47,32.31,0.16,0.48,12.946,RUN,OK,RUN,0.98
2026-01-27T00:45:42.235921Z,73.53,68.57,74.84,13.13,eco,0.05,35.48,17.5,97.33,406.5,4.18,526.1,409.9,-119.6,600.9,47.47,32.31,0.15,0.48,12.95,RUN,OK,RUN,0.98
2026-01-27T00:45:42.435921Z,73.44,68.47,74.71,13.31,eco,0.05,35.48,17.52,97.35,407.6,4.19,526.6,408.9,-119.0,601.3,47.47,32.32,0.15,0.48,12.954,RUN,OK,RUN,0.98
2026-01-27T00:45:42.635921Z,73.34,68.37,74.59,13.49,eco,0.05,35.49,17.55,97.37,408.9,4.2,527.2,408.0,-118.3,601.7,47.48,32.32,0.14,0.48,12.958,RUN,OK,RUN,0.98
2026-01-27T00:45:42.835921Z,73.24,68.27,74.46,13.67,eco,0.05,35.49,17.58,97.39,410.3,4.21,527.7,407.1,-117.4,602.2,47.48,32.32,0.14,0.48,12.962,RUN,OK,RUN,0.98
2026-01-27T00:45:43.035921Z,73.14,68.17,74.33,13.85,eco,0.05,35.5,17.6,97.4,411.8,4.23,528.3,406.3,-116.5,602.6,47.49,32.33,0.14,0.48,12.966,RUN,OK,RUN,0.98
2026-01-27T00:45:43.235921Z,73.05,68.07,74.2,14.04,eco,0.05,35.5,17.63,97.42,413.3,4.24,528.8,405.5,-115.5,603.1,47.49,32.33,0.13,0.48,12.97,RUN,OK,RUN,0.98
2026-01-27T00:45:43.435921Z,72.95,67.97,74.07,14.22,eco,0.05,35.5,17.65,97.44,415.0,4.26,529.4,404.8,-114.4,603.5,47.49,32.33,0.13,0.47,12.975,RUN,OK,RUN,0.98
2026-01-27T00:45:43.635921Z,72.85,67.87,73.93,14.4,eco,0.05,35.51,17.67,97.46,416.8,4.28,530.0,404.2,-113.2,604.0,47.5,32.34,0.12,0.47,12.979,RUN,OK,RUN,0.98
2026-01-27T00:45:43.835921Z,72.75,67.77,73.8,14.59,eco,0.05,35.51,17.7,97.47,418.6,4.29,530.5,403.5,-111.9,604.4,47.5,32.34,0.12,0.47,12.983,RUN,OK,RUN,0.98
2026-01-27T00:45:44.035921Z,72.65,67.67,73.67,14.78,eco,0.05,35.52,17.72,97.49,420.6,4.31,531.1,403.0,-110.5,604.9,47.5,32.34,0.11,0.47,12.987,RUN,OK,RUN,0.98
2026-01-27T00:45:44.235921Z,72.55,67.57,73.54,14.97,eco,0.05,35.52,17.74,97.51,422.6,4.33,531.6,402.5,-109.0,605.3,47.51,32.35,0.11,0.47,12.991,RUN,OK,RUN,0.98
2026-01-27T00:45:44.435921Z,72.46,67.47,73.4,15.15,eco,0.05,35.52,17.76,97.53,424.8,4.36,532.2,402.0,-107.4,605.8,47.51,32.35,0.11,0.47,12.995,RUN,OK,RUN,0.98
2026-01-27T00:45:44.635921Z,72.36,67.37,73.27,15.34,eco,0.05,35.53,17.78,97.54,427.0,4.38,532.8,401.6,-105.8,606.2,47.52,32.35,0.1,0.47,12.999,RUN,OK,RUN,0.98
2026-01-27T00:45:44.835921Z,72.26,67.27,73.13,15.53,eco,0.05,35.53,17.8,97.56,429.3,4.4,533.3,401.2,-104.0,606.7,47.52,32.36,0.1,0.47,13.003,RUN,OK,RUN,0.98
2026-01-27T00:45:45.035921Z,72.16,67.17,73.0,15.73,eco,0.05,35.54,17.81,97.58,431.8,4.42,533.9,400.9,-102.1,607.1,47.52,32.36,0.09,0.47,13.007,RUN,OK,RUN,0.98
2026-01-27T00:45:45.235921Z,72.06,67.07,72.86,15.92,eco,0.05,35.54,17.83,97.59,434.3,4.45,534.5,400.6,-100.2,607.6,47.53,32.36,0.09,0.47,13.011,RUN,OK,RUN,0.98
2026-01-27T00:45:45.435921Z,71.96,66.97,72.73,16.11,eco,0.05,35.54,17.85,97.61,436.9,4.48,535.0,400.4,-98.1,608.0,47.53,32.37,0.08,0.47,13.015,RUN,OK,RUN,0.98
2026-01-27T00:45:45.635921Z,71.86,66.87,72.59,16.3,eco,0.05,35.55,17.86,97.63,439.6,4.5,535.6,400.2,-96.0,608.5,47.53,32.37,0.08,0.47,13.019,RUN,OK,RUN,0.98
2026-01-27T00:45:45.835921Z,71.76,66.77,72.46,16.5,eco,0.05,35.55,17.88,97.65,442.5,4.53,536.2,400.1,-93.7,609.0,47.54,32.38,0.08,0.47,13.023,RUN,OK,RUN,0.98
2026-01-27T00:45:46.035921Z,71.66,66.67,72.32,16.69,eco,0.05,35.55,17.89,97.66,445.4,4.56,536.8,400.0,-91.4,609.4,47.54,32.38,0.07,0.47,13.027,RUN,OK,RUN,0.98
2026-01-27T00:45:46.235921Z,71.56,66.57,72.18,16.89,eco,0.05,35.56,17.9,97.68,448.4,4.59,537.3,400.0,-89.0,609.9,47.54,32.38,0.07,0.47,13.031,RUN,OK,RUN,0.98
2026-01-27T00:45:46.435921Z,71.46,66.47,72.04,17.08,eco,0.05,35.56,17.91,97.7,451.4,4.62,537.9,400.0,-86.5,610.3,47.55,32.39,0.06,0.47,13.035,RUN,OK,RUN,0.98
2026-01-27T00:45:46.635921Z,71.37,66.37,71.91,17.28,eco,0.05,35.57,17.93,97.71,454.6,4.65,538.5,400.1,-83.9,610.8,47.55,32.39,0.06,0.47,13.039,RUN,OK,RUN,0.98
2026-01-27T00:45:46.835921Z,71.27,66.27,71.77,17.48,eco,0.05,35.57,17.94,97.73,457.9,4.69,539.1,400.2,-81.2,611.2,47.55,32.39,0.05,0.47,13.043,RUN,OK,RUN,0.98
2026-01-27T00:45:47.035921Z,71.17,66.17,71.63,17.67,eco,0.05,35.57,17.95,97.75,461.3,4.72,539.6,400.4,-78.4,611.7,47.56,32.4,0.05,0.47,13.047,RUN,OK,RUN,0.98
2026-01-27T00:45:47.235921Z,71.07,66.07,71.49,17.87,eco,0.05,35.58,17.95,97.76,464.7,4.75,540.2,400.6,-75.5,612.2,47.56,32.4,0.05,0.47,13.051,RUN,OK,RUN,0.98
2026-01-27T00:45:47.435921Z,70.97,65.97,71.35,18.07,eco,0.05,35.58,17.96,97.78,468.3,4.79,540.8,400.9,-72.5,612.6,47.57,32.4,0.04,0.47,13.055,RUN,OK,RUN,0.98
2026-01-27T00:45:47.635921Z,70.87,65.87,71.21,18.27,eco,0.05,35.58,17.97,97.8,471.9,4.83,541.4,401.2,-69.5,613.1,47.57,32.41,0.04,0.47,13.059,RUN,OK,RUN,0.98
2026-01-27T00:45:47.835921Z,70.77,65.77,71.07,18.47,eco,0.05,35.59,17.98,97.81,475.6,4.86,542.0,401.6,-66.3,613.6,47.57,32.41,0.03,0.47,13.063,RUN,OK,RUN,0.98
2026-01-27T00:45:48.035921Z,70.67,65.67,70.93,18.67,eco,0.05,35.59,17.98,97.83,479.5,4.9,542.5,402.0,-63.1,614.0,47.58,32.41,0.03,0.47,13.067,RUN,OK,RUN,0.98
2026-01-27T00:45:48.235921Z,70.57,65.57,70.79,18.87,eco,0.05,35.6,17.99,97.85,483.4,4.94,543.1,402.5,-59.8,614.5,47.58,32.42,0.02,0.46,13.071,RUN,OK,RUN,0.98
2026-01-27T00:45:48.435921Z,70.47,65.47,70.65,19.07,eco,0.05,35.6,17.99,97.86,487.4,4.98,543.7,403.0,-56.3,615.0,47.58,32.42,0.02,0.46,13.075,RUN,OK,RUN,0.98
2026-01-27T00:45:48.635921Z,70.37,65.37,70.51,19.27,eco,0.05,35.6,17.99,97.88,491.4,5.02,544.3,403.6,-52.8,615.4,47.59,32.42,0.02,0.46,13.079,RUN,OK,RUN,0.98
2026-01-27T00:45:48.835921Z,70.27,65.27,70.37,19.47,eco,0.05,35.61,18.0,97.9,495.6,5.06,544.9,404.2,-49.3,615.9,47.59,32.43,0.01,0.46,13.083,RUN,OK,RUN,0.98
2026-01-27T00:45:49.035921Z,70.17,65.17,70.23,19.67,eco,0.05,35.61,18.0,97.91,499.9,5.11,545.5,404.9,-45.6,616.4,47.59,32.43,0.01,0.46,13.087,RUN,OK,RUN,0.98
2026-01-27T00:45:49.235921Z,70.07,65.07,70.09,19.87,eco,0.05,35.62,18.0,97.93,504.2,5.15,546.1,405.6,-41.8,616.8,47.6,32.43,0.0,0.46,13.091,RUN,OK,RUN,0.98
2026-01-27T00:45:49.435921Z,69.97,64.97,69.95,20.07,eco,0.05,35.62,18.0,97.94,508.6,5.19,546.6,406.4,-38.0,617.3,47.6,32.44,-0.0,0.46,13.094,RUN,OK,RUN,0.98
2026-01-27T00:45:49.635921Z,69.87,64.87,69.81,20.27,eco,0.05,35.62,18.0,97.96,513.2,5.24,547.2,407.2,-34.1,617.8,47.6,32.44,-0.01,0.46,13.098,RUN,OK,RUN,0.98
2026-01-27T00:45:49.835921Z,69.77,64.77,69.67,20.47,eco,0.05,35.63,18.0,97.98,517.8,5.28,547.8,408.0,-30.1,618.3,47.61,32.44,-0.01,0.46,13.102,RUN,OK,RUN,0.98
2026-01-27T00:45:50.035921Z,69.67,64.67,69.53,20.67,eco,0.05,35.63,18.0,97.99,522.4,5.33,548.4,409.0,-26.0,618.7,47.61,32.45,-0.01,0.46,13.106,RUN,OK,RUN,0.98
2026-01-27T00:45:50.235921Z,69.57,64.57,69.39,20.87,eco,0.05,35.63,17.99,98.01,527.2,5.38,549.0,409.9,-21.8,619.2,47.61,32.45,-0.02,0.46,13.11,RUN,OK,RUN,0.98
2026-01-27T00:45:50.435921Z,69.47,64.47,69.25,21.06,eco,0.05,35.64,17.99,98.02,532.1,5.43,549.6,410.9,-17.5,619.7,47.62,32.46,-0.02,0.46,13.114,RUN,OK,RUN,0.98
2026-01-27T00:45:50.635921Z,69.37,64.37,69.11,21.26,eco,0.05,35.64,17.98,98.04,537.0,5.48,550.2,412.0,-13.2,620.2,47.62,32.46,-0.03,0.46,13.118,RUN,OK,RUN,0.98
2026-01-27T00:45:50.835921Z,69.27,64.27,68.98,21.46,eco,0.05,35.65,17.98,98.06,542.0,5.53,550.8,413.1,-8.8,620.6,47.62,32.46,-0.03,0.46,13.121,RUN,OK,RUN,0.98
2026-01-27T00:45:51.035921Z,69.17,64.17,68.84,21.66,eco,0.05,35.65,17.97,98.07,547.1,5.58,551.4,414.3,-4.3,621.1,47.63,32.47,-0.04,0.46,13.125,RUN,OK,RUN,0.98
2026-01-27T00:45:51.235921Z,69.07,64.07,68.7,21.86,eco,0.05,35.65,17.97,98.09,552.3,5.63,552.0,415.5,0.3,621.6,47.63,32.47,-0.04,0.46,13.129,RUN,OK,RUN,0.98
2026-01-27T00:45:51.435921Z,68.97,63.97,68.56,22.06,eco,0.05,35.66,17.96,98.1,557.5,5.68,552.6,416.7,5.0,622.1,47.63,32.47,-0.04,0.46,13.133,RUN,OK,RUN,0.98
2026-01-27T00:45:51.635921Z,68.87,63.87,68.42,22.26,eco,0.05,35.66,17.95,98.12,562.9,5.74,553.2,418.0,9.7,622.5,47.64,32.48,-0.05,0.46,13.137,RUN,OK,RUN,0.98
2026-01-27T00:45:51.835921Z,68.77,63.77,68.28,22.45,eco,0.05,35.66,17.94,98.13,568.3,5.79,553.8,419.4,14.5,623.0,47.64,32.48,-0.05,0.46,13.14,RUN,OK,RUN,0.98
2026-01-27T00:45:52.035921Z,68.67,63.67,68.14,22.65,eco,0.05,35.67,17.93,98.15,573.8,5.85,554.4,420.8,19.4,623.5,47.64,32.48,-0.06,0.46,13.144,RUN,OK,RUN,0.98
2026-01-27T00:45:52.235921Z,68.57,63.58,68.0,22.85,eco,0.05,35.67,17.92,98.17,579.4,5.9,555.0,422.2,24.4,624.0,47.64,32.49,-0.06,0.45,13.148,RUN,OK,RUN,0.98
2026-01-27T00:45:52.435921Z,68.47,63.48,67.87,23.04,eco,0.05,35.68,17.91,98.18,585.0,5.96,555.6,423.7,29.4,624.5,47.65,32.49,-0.07,0.45,13.152,RUN,OK,RUN,0.98
2026-01-27T00:45:52.635921Z,68.37,63.38,67.73,23.24,eco,0.05,35.68,17.89,98.2,590.7,6.02,556.2,425.3,34.5,625.0,47.65,32.49,-0.07,0.45,13.156,RUN,OK,RUN,0.98
2026-01-27T00:45:52.835921Z,68.27,63.28,67.59,23.43,eco,0.05,35.68,17.88,98.21,596.5,6.07,556.8,426.9,39.7,625.4,47.65,32.5,-0.07,0.45,13.159,RUN,OK,RUN,0.98
2026-01-27T00:45:53.035921Z,68.17,63.18,67.45,23.63,eco,0.05,35.69,17.87,98.23,602.4,6.13,557.4,428.5,45.0,625.9,47.66,32.5,-0.08,0.45,13.163,RUN,OK,RUN,0.98
2026-01-27T00:45:53.235921Z,68.07,63.08,67.32,23.82,eco,0.05,35.69,17.85,98.24,608.3,6.19,558.0,430.2,50.3,626.4,47.66,32.5,-0.08,0.45,13.167,RUN,OK,RUN,0.98
2026-01-27T00:45:53.435921Z,67.97,62.98,67.18,24.02,eco,0.05,35.69,17.84,98.26,614.4,6.25,558.6,431.9,55.7,626.9,47.66,32.51,-0.09,0.45,13.171,RUN,OK,RUN,0.98
2026-01-27T00:45:53.635921Z,67.87,62.89,67.05,24.21,eco,0.05,35.7,17.82,98.27,620.4,6.31,559.2,433.7,61.2,627.4,47.67,32.51,-0.09,0.45,13.174,RUN,OK,RUN,0.98
2026-01-27T00:45:53.835921Z,67.78,62.79,66.91,24.4,eco,0.05,35.7,17.8,98.29,626.6,6.38,559.8,435.5,66.8,627.9,47.67,32.51,-0.1,0.45,13.178,RUN,OK,RUN,0.98
2026-01-27T00:45:54.035921Z,67.68,62.69,66.78,24.59,eco,0.05,35.71,17.78,98.3,632.8,6.44,560.5,437.4,72.4,628.4,47.67,32.52,-0.1,0.45,13.182,RUN,OK,RUN,0.98
2026-01-27T00:45:54.235921Z,67.58,62.59,66.64,24.78,eco,0.05,35.71,17.76,98.32,639.1,6.5,561.1,439.3,78.1,628.9,47.68,32.52,-0.1,0.45,13.185,RUN,OK,RUN,0.98
2026-01-27T00:45:54.435921Z,67.48,62.5,66.51,24.97,eco,0.05,35.71,17.74,98.33,645.5,6.56,561.7,441.3,83.8,629.3,47.68,32.53,-0.11,0.45,13.189,RUN,OK,RUN,0.98
2026-01-27T00:45:54.635921Z,67.38,62.4,66.38,25.16,eco,0.05,35.72,17.72,98.35,652.0,6.63,562.3,443.3,89.7,629.8,47.68,32.53,-0.11,0.45,13.193,RUN,OK,RUN,0.98
2026-01-27T00:45:54.835921Z,67.28,62.3,66.24,25.35,eco,0.05,35.72,17.7,98.36,658.5,6.69,562.9,445.3,95.6,630.3,47.68,32.53,-0.12,0.45,13.196,RUN,OK,RUN,0.98
2026-01-27T00:45:55.035921Z,67.18,62.21,66.11,25.53,eco,0.05,35.72,17.68,98.38,665.0,6.76,563.5,447.4,101.5,630.8,47.69,32.54,-0.12,0.45,13.2,RUN,OK,RUN,0.98
2026-01-27T00:45:55.235921Z,67.09,62.11,65.98,25.72,eco,0.05,35.73,17.66,98.39,671.7,6.83,564.1,449.6,107.5,631.3,47.69,32.54,-0.13,0.45,13.204,RUN,OK,RUN,0.98
2026-01-27T00:45:55.435921Z,66.99,62.01,65.85,25.9,eco,0.05,35.73,17.63,98.41,678.4,6.89,564.8,451.8,113.6,631.8,47.69,32.54,-0.13,0.45,13.207,RUN,OK,RUN,0.98
2026-01-27T00:45:55.635921Z,66.89,61.92,65.72,26.08,eco,0.05,35.74,17.61,98.42,685.2,6.96,565.4,454.0,119.8,632.3,47.7,32.55,-0.13,0.45,13.211,RUN,OK,RUN,0.98
2026-01-27T00:45:55.835921Z,66.79,61.82,65.59,26.27,eco,0.05,35.74,17.59,98.44,692.0,7.03,566.0,456.3,126.0,632.8,47.7,32.55,-0.14,0.44,13.215,RUN,OK,RUN,0.98
2026-01-27T00:45:56.035921Z,66.69,61.73,65.46,26.45,eco,0.05,35.74,17.56,98.45,698.9,7.1,566.6,458.6,132.3,633.3,47.7,32.55,-0.14,0.44,13.218,RUN,OK,RUN,0.98
2026-01-27T00:45:56.235921Z,66.6,61.63,65.33,26.63,eco,0.05,35.75,17.53,98.46,705.9,7.17,567.2,461.0,138.6,633.8,47.7,32.56,-0.15,0.44,13.222,RUN,OK,RUN,0.98
2026-01-27T00:45:56.435921Z,66.5,61.53,65.2,26.81,eco,0.05,35.75,17.51,98.48,712.9,7.24,567.9,463.4,145.0,634.3,47.71,32.56,-0.15,0.44,13.226,RUN,OK,RUN,0.98
2026-01-27T00:45:56.635921Z,66.4,61.44,65.07,26.98,eco,0.05,35.75,17.48,98.49,720.0,7.31,568.5,465.9,151.5,634.8,47.71,32.56,-0.16,0.44,13.229,RUN,OK,RUN,0.98
2026-01-27T00:45:56.835921Z,66.31,61.34,64.95,27.16,eco,0.05,35.76,17.45,98.51,727.1,7.38,569.1,468.4,158.0,635.3,47.71,32.57,-0.16,0.44,13.233,RUN,OK,RUN,0.98
2026-01-27T00:45:57.035921Z,66.21,61.25,64.82,27.34,eco,0.05,35.76,17.42,98.52,734.3,7.45,569.7,470.9,164.6,635.8,47.72,32.57,-0.16,0.44,13.236,RUN,OK,RUN,0.98
2026-01-27T00:45:57.235921Z,66.11,61.16,64.7,27.51,eco,0.05,35.77,17.39,98.54,741.6,7.53,570.4,473.5,171.2,636.3,47.72,32.58,-0.17,0.44,13.24,RUN,OK,RUN,0.98
2026-01-27T00:45:57.435921Z,66.02,61.06,64.57,27.68,eco,0.05,35.77,17.36,98.55,748.9,7.6,571.0,476.2,177.9,636.8,47.72,32.58,-0.17,0.44,13.244,RUN,OK,RUN,0.98
2026-01-27T00:45:57.635921Z,65.92,60.97,64.45,27.85,eco,0.05,35.77,17.33,98.56,756.2,7.67,571.6,478.9,184.6,637.3,47.72,32.58,-0.18,0.44,13.247,RUN,OK,RUN,0.98
2026-01-27T00:45:57.835921Z,65.82,60.87,64.33,28.02,eco,0.05,35.78,17.29,98.58,763.7,7.75,572.2,481.6,191.4,637.8,47.73,32.59,-0.18,0.44,13.251,RUN,OK,RUN,0.98
2026-01-27T00:45:58.035921Z,65.73,60.78,64.2,28.19,eco,0.05,35.78,17.26,98.59,771.1,7.82,572.9,484.4,198.3,638.3,47.73,32.59,-0.19,0.44,13.254,RUN,OK,RUN,0.98
2026-01-27T00:45:58.235921Z,65.63,60.69,64.08,28.36,eco,0.05,35.78,17.23,98.61,778.7,7.9,573.5,487.2,205.2,638.8,47.73,32.59,-0.19,0.44,13.258,RUN,OK,RUN,0.98
2026-01-27T00:45:58.435921Z,65.54,60.59,63.96,28.52,eco,0.05,35.79,17.19,98.62,786.3,7.97,574.1,490.0,212.1,639.3,47.74,32.6,-0.19,0.44,13.261,RUN,OK,RUN,0.98
2026-01-27T00:45:58.635921Z,65.44,60.5,63.84,28.69,eco,0.05,35.79,17.16,98.63,793.9,8.05,574.8,492.9,219.1,639.8,47.74,32.6,-0.2,0.44,13.265,RUN,OK,RUN,0.98
2026-01-27T00:45:58.835921Z,65.35,60.41,63.72,28.85,eco,0.05,35.8,17.12,98.65,801.6,8.13,575.4,495.8,226.2,640.3,47.74,32.6,-0.2,0.44,13.269,RUN,OK,RUN,0.98
2026-01-27T00:45:59.035921Z,65.25,60.32,63.6,29.01,eco,0.05,35.8,17.08,98.66,809.3,8.2,576.0,498.8,233.3,640.8,47.74,32.61,-0.21,0.44,13.272,RUN,OK,RUN,0.98
2026-01-27T00:45:59.235921Z,65.16,60.22,63.49,29.17,eco,0.05,35.8,17.05,98.67,817.1,8.28,576.7,501.8,240.4,641.3,47.75,32.61,-0.21,0.43,13.276,RUN,OK,RUN,0.98
2026-01-27T00:45:59.435921Z,65.06,60.13,63.37,29.33,eco,0.05,35.81,17.01,98.69,824.9,8.36,577.3,504.9,247.6,641.8,47.75,32.61,-0.21,0.43,13.279,RUN,OK,RUN,0.98
2026-01-27T00:45:59.635921Z,64.97,60.04,63.26,29.48,eco,0.05,35.81,16.97,98.7,832.8,8.44,577.9,508.0,254.8,642.4,47.75,32.62,-0.22,0.43,13.283,RUN,OK,RUN,0.98
2026-01-27T00:45:59.835921Z,64.87,59.95,63.14,29.64,eco,0.05,35.81,16.93,98.72,840.7,8.52,578.6,511.2,262.1,642.9,47.75,32.62,-0.22,0.43,13.286,RUN,OK,RUN,0.98
2026-01-27T00:46:00.035921Z,64.78,59.86,63.03,29.79,eco,0.05,35.82,16.89,98.73,848.7,8.6,579.2,514.3,269.4,643.4,47.76,32.62,-0.23,0.43,13.29,RUN,OK,RUN,0.98
2026-01-27T00:46:00.235921Z,64.69,59.77,62.92,29.94,eco,0.05,35.82,16.85,98.74,856.7,8.68,579.9,517.6,276.8,643.9,47.76,32.63,-0.23,0.43,13.293,RUN,OK,RUN,0.98
2026-01-27T00:46:00.435921Z,64.59,59.68,62.8,30.09,eco,0.05,35.82,16.81,98.76,864.7,8.76,580.5,520.8,284.2,644.4,47.76,32.63,-0.24,0.43,13.297,RUN,OK,RUN,0.98
2026-01-27T00:46:00.635921Z,64.5,59.59,62.69,30.24,eco,0.05,35.83,16.76,98.77,872.8,8.84,581.1,524.1,291.7,644.9,47.77,32.64,-0.24,0.43,13.3,RUN,OK,RUN,0.98
2026-01-27T00:46:00.835921Z,64.41,59.5,62.58,30.38,eco,0.05,35.83,16.72,98.78,880.9,8.92,581.8,527.5,299.2,645.4,47.77,32.64,-0.24,0.43,13.304,RUN,OK,RUN,0.98
2026-01-27T00:46:01.035921Z,64.31,59.41,62.47,30.52,eco,0.05,35.84,16.68,98.79,889.1,9.0,582.4,530.8,306.7,645.9,47.77,32.64,-0.25,0.43,13.307,RUN,OK,RUN,0.98
2026-01-27T00:46:01.235921Z,64.22,59.32,62.37,30.67,eco,0.05,35.84,16.63,98.81,897.3,9.08,583.1,534.3,314.3,646.5,47.77,32.65,-0.25,0.43,13.311,RUN,OK,RUN,0.98
2026-01-27T00:46:01.435921Z,64.13,59.23,62.26,30.81,eco,0.05,35.84,16.59,98.82,905.6,9.16,583.7,537.7,321.9,647.0,47.78,32.65,-0.26,0.43,13.314,RUN,OK,RUN,0.98
2026-01-27T00:46:01.635921Z,64.04,59.14,62.15,30.94,eco,0.05,35.85,16.54,98.83,913.9,9.25,584.4,541.2,329.5,647.5,47.78,32.65,-0.26,0.43,13.317,RUN,OK,RUN,0.98
2026-01-27T00:46:01.835921Z,63.95,59.05,62.05,31.08,eco,0.05,35.85,16.5,98.85,922.2,9.33,585.0,544.8,337.2,648.0,47.78,32.66,-0.27,0.43,13.321,RUN,OK,RUN,0.98
2026-01-27T00:46:02.035921Z,63.85,58.96,61.95,31.21,eco,0.05,35.85,16.45,98.86,930.5,9.41,585.7,548.3,344.9,648.5,47.78,32.66,-0.27,0.43,13.324,RUN,OK,RUN,0.98
2026-01-27T00:46:02.235921Z,63.76,58.88,61.84,31.35,eco,0.05,35.86,16.4,98.87,938.9,9.5,586.3,551.9,352.6,649.0,47.79,32.66,-0.27,0.43,13.328,RUN,OK,RUN,0.98
2026-01-27T00:46:02.435921Z,63.67,58.79,61.74,31.47,eco,0.05,35.86,16.35,98.88,947.3,9.58,587.0,555.6,360.4,649.6,47.79,32.67,-0.28,0.42,13.331,RUN,OK,RUN,0.98
2026-01-27T00:46:02.635921Z,63.58,58.7,61.64,31.6,eco,0.05,35.86,16.3,98.9,955.8,9.66,587.6,559.3,368.2,650.1,47.79,32.67,-0.28,0.42,13.335,RUN,OK,RUN,0.98
2026-01-27T00:46:02.835921Z,63.49,58.62,61.54,31.73,eco,0.05,35.87,16.25,98.91,964.3,9.75,588.3,563.0,376.0,650.6,47.79,32.68,-0.29,0.42,13.338,RUN,OK,RUN,0.98
2026-01-27T00:46:03.035921Z,63.4,58.53,61.44,31.85,eco,0.05,35.87,16.2,98.92,972.8,9.83,588.9,566.7,383.9,651.1,47.8,32.68,-0.29,0.42,13.341,RUN,OK,RUN,0.98
2026-01-27T00:46:03.235921Z,63.31,58.44,61.35,31.97,eco,0.05,35.87,16.15,98.93,981.3,9.92,589.6,570.5,391.7,651.7,47.8,32.68,-0.3,0.42,13.345,RUN,OK,RUN,0.98
2026-01-27T00:46:03.435921Z,63.22,58.36,61.25,32.09,eco,0.05,35.88,16.1,98.95,989.9,10.0,590.2,574.4,399.7,652.2,47.8,32.69,-0.3,0.42,13.348,RUN,OK,RUN,0.98
2026-01-27T00:46:03.635921Z,63.13,58.27,61.15,32.21,eco,0.05,35.88,16.05,98.96,998.5,10.09,590.9,578.2,407.6,652.7,47.8,32.69,-0.3,0.42,13.352,RUN,OK,RUN,0.98
2026-01-27T00:46:03.835921Z,63.04,58.19,61.06,32.33,eco,0.05,35.89,16.0,98.97,1007.1,10.18,591.5,582.1,415.5,653.2,47.8,32.69,-0.31,0.42,13.355,RUN,OK,RUN,0.98
2026-01-27T00:46:04.035921Z,62.96,58.1,60.97,32.44,eco,0.05,35.89,15.94,98.98,1015.7,10.26,592.2,586.0,423.5,653.7,47.81,32.7,-0.31,0.42,13.358,RUN,OK,RUN,0.98
2026-01-27T00:46:04.235921Z,62.87,58.02,60.87,32.55,eco,0.05,35.89,15.89,98.99,1024.4,10.35,592.8,590.0,431.5,654.3,47.81,32.7,-0.32,0.42,13.362,RUN,OK,RUN,0.98
2026-01-27T00:46:04.435921Z,62.78,57.94,60.78,32.66,eco,0.05,35.9,15.84,99.01,1033.1,10.43,593.5,594.0,439.6,654.8,47.81,32.7,-0.32,0.42,13.365,RUN,OK,RUN,0.98
2026-01-27T00:46:04.635921Z,62.69,57.85,60.69,32.76,eco,0.05,35.9,15.78,99.02,1041.8,10.52,594.2,598.0,447.6,655.3,47.81,32.71,-0.32,0.42,13.369,RUN,OK,RUN,0.98
2026-01-27T00:46:04.835921Z,62.61,57.77,60.61,32.87,eco,0.05,35.9,15.73,99.03,1050.5,10.61,594.8,602.1,455.7,655.9,47.82,32.71,-0.33,0.42,13.372,RUN,OK,RUN,0.98
2026-01-27T00:46:05.035921Z,62.52,57.69,60.52,32.97,eco,0.05,35.91,15.67,99.04,1059.2,10.69,595.5,606.2,463.7,656.4,47.82,32.71,-0.33,0.42,13.375,RUN,OK,RUN,0.98
2026-01-27T00:46:05.235921Z,62.43,57.61,60.43,33.07,eco,0.05,35.91,15.61,99.05,1068.0,10.78,596.1,610.3,471.8,656.9,47.82,32.72,-0.34,0.42,13.379,RUN,OK,RUN,0.98
2026-01-27T00:46:05.435921Z,62.35,57.52,60.35,33.17,eco,0.05,35.91,15.55,99.07,1076.8,10.87,596.8,614.5,480.0,657.4,47.82,32.72,-0.34,0.41,13.382,RUN,OK,RUN,0.98
2026-01-27T00:46:05.635921Z,62.26,57.44,60.26,33.26,eco,0.05,35.92,15.5,99.08,1085.5,10.96,597.5,618.7,488.1,658.0,47.83,32.73,-0.35,0.41,13.385,RUN,OK,RUN,0.98
2026-01-27T00:46:05.835921Z,62.17,57.36,60.18,33.35,eco,0.05,35.92,15.44,99.09,1094.4,11.04,598.1,622.9,496.2,658.5,47.83,32.73,-0.35,0.41,13.389,RUN,OK,RUN,0.98
2026-01-27T00:46:06.035921Z,62.09,57.28,60.1,33.44,eco,0.05,35.93,15.38,99.1,1103.2,11.13,598.8,627.2,504.4,659.0,47.83,32.73,-0.35,0.41,13.392,RUN,OK,RUN,0.98
2026-01-27T00:46:06.235921Z,62.0,57.2,60.02,33.53,eco,0.05,35.93,15.32,99.11,1112.0,11.22,599.5,631.5,512.5,659.6,47.83,32.74,-0.36,0.41,13.395,RUN,OK,RUN,0.98
2026-01-27T00:46:06.435921Z,61.92,57.12,59.94,33.62,eco,0.05,35.93,15.26,99.12,1120.8,11.31,600.1,635.8,520.7,660.1,47.83,32.74,-0.36,0.41,13.399,RUN,OK,RUN,0.98
2026-01-27T00:46:06.635921Z,61.84,57.04,59.86,33.7,eco,0.05,35.94,15.2,99.13,1129.7,11.4,600.8,640.1,528.9,660.6,47.84,32.74,-0.37,0.41,13.402,RUN,OK,RUN,0.98
2026-01-27T00:46:06.835921Z,61.75,56.96,59.78,33.78,eco,0.05,35.94,15.14,99.15,1138.5,11.48,601.5,644.5,537.1,661.2,47.84,32.75,-0.37,0.41,13.405,RUN,OK,RUN,0.98
2026-01-27T00:46:07.035921Z,61.67,56.88,59.71,33.86,eco,0.05,35.94,15.08,99.16,1147.4,11.57,602.1,648.9,545.3,661.7,47.84,32.75,-0.37,0.41,13.409,RUN,OK,RUN,0.98
2026-01-27T00:46:07.235921Z,61.59,56.81,59.63,33.93,eco,0.05,35.95,15.01,99.17,1156.3,11.66,602.8,653.4,553.5,662.2,47.84,32.75,-0.38,0.41,13.412,RUN,OK,RUN,0.98
2026-01-27T00:46:07.435921Z,61.5,56.73,59.56,34.0,eco,0.05,35.95,14.95,99.18,1165.2,11.75,603.5,657.8,561.7,662.8,47.84,32.76,-0.38,0.41,13.415,RUN,OK,RUN,0.98
2026-01-27T00:46:07.635921Z,61.42,56.65,59.49,34.07,eco,0.05,35.95,14.89,99.19,1174.0,11.84,604.1,662.3,569.9,663.3,47.85,32.76,-0.39,0.41,13.419,RUN,OK,RUN,0.98
2026-01-27T00:46:07.835921Z,61.34,56.57,59.41,34.14,eco,0.05,35.96,14.83,99.2,1182.9,11.92,604.8,666.9,578.1,663.9,47.85,32.77,-0.39,0.41,13.422,RUN,OK,RUN,0.98
2026-01-27T00:46:08.035921Z,61.26,56.5,59.34,34.21,eco,0.05,35.96,14.76,99.21,1191.8,12.01,605.5,671.4,586.3,664.4,47.85,32.77,-0.4,0.41,13.425,RUN,OK,RUN,0.98
2026-01-27T00:46:08.235921Z,61.18,56.42,59.28,34.27,eco,0.05,35.96,14.7,99.22,1200.7,12.1,606.2,676.0,594.5,664.9,47.85,32.77,-0.4,0.4,13.429,RUN,OK,RUN,0.98
2026-01-27T00:46:08.435921Z,61.1,56.35,59.21,34.33,eco,0.05,35.97,14.63,99.23,1209.6,12.19,606.8,680.6,602.8,665.5,47.86,32.78,-0.4,0.4,13.432,RUN,OK,RUN,0.98
2026-01-27T00:46:08.635921Z,61.02,56.27,59.14,34.39,eco,0.05,35.97,14.57,99.24,1218.5,12.28,607.5,685.2,611.0,666.0,47.86,32.78,-0.41,0.4,13.435,RUN,OK,RUN,0.98
2026-01-27T00:46:08.835921Z,60.94,56.2,59.08,34.44,eco,0.05,35.97,14.5,99.25,1227.4,12.37,608.2,689.9,619.2,666.6,47.86,32.78,-0.41,0.4,13.438,RUN,OK,RUN,0.98
2026-01-27T00:46:09.035921Z,60.86,56.12,59.01,34.5,eco,0.05,35.98,14.43,99.26,1236.3,12.45,608.9,694.6,627.4,667.1,47.86,32.79,-0.42,0.4,13.442,RUN,OK,RUN,0.98
2026-01-27T00:46:09.235921Z,60.78,56.05,58.95,34.55,eco,0.05,35.98,14.37,99.28,1245.1,12.54,609.5,699.3,635.6,667.6,47.86,32.79,-0.42,0.4,13.445,RUN,OK,RUN,0.98
2026-01-27T00:46:09.435921Z,60.7,55.98,58.89,34.59,eco,0.05,35.98,14.3,99.29,1254.0,12.63,610.2,704.0,643.8,668.2,47.87,32.79,-0.42,0.4,13.448,RUN,OK,RUN,0.98
2026-01-27T00:46:09.635921Z,60.62,55.9,58.82,34.64,eco,0.05,35.99,14.23,99.3,1262.9,12.72,610.9,708.8,652.0,668.7,47.87,32.8,-0.43,0.4,13.451,RUN,OK,RUN,0.98
2026-01-27T00:46:09.835921Z,60.54,55.83,58.76,34.68,eco,0.05,35.99,14.16,99.31,1271.7,12.81,611.6,713.5,660.1,669.3,47.87,32.8,-0.43,0.4,13.455,RUN,OK,RUN,0.98
2026-01-27T00:46:10.035921Z,60.47,55.76,58.71,34.72,eco,0.05,36.0,14.1,99.32,1280.6,12.89,612.3,718.3,668.3,669.8,47.87,32.8,-0.44,0.4,13.458,RUN,OK,RUN,0.98
2026-01-27T00:46:10.235921Z,60.39,55.69,58.65,34.76,eco,0.05,36.0,14.03,99.33,1289.4,12.98,612.9,723.2,676.5,670.4,47.87,32.81,-0.44,0.4,13.461,RUN,OK,RUN,0.98
2026-01-27T00:46:10.435921Z,60.31,55.62,58.59,34.79,eco,0.05,36.0,13.96,99.34,1298.2,13.07,613.6,728.0,684.6,670.9,47.88,32.81,-0.44,0.4,13.464,RUN,OK,RUN,0.98
2026-01-27T00:46:10.635921Z,60.24,55.55,58.54,34.82,eco,0.05,36.01,13.89,99.35,1307.1,13.16,614.3,732.9,692.7,671.4,47.88,32.82,-0.45,0.4,13.468,RUN,OK,RUN,0.98
2026-01-27T00:46:10.835921Z,60.16,55.48,58.48,34.85,eco,0.05,36.01,13.82,99.36,1315.9,13.24,615.0,737.8,700.9,672.0,47.88,32.82,-0.45,0.39,13.471,RUN,OK,RUN,0.98
2026-01-27T00:46:11.035921Z,60.08,55.41,58.43,34.88,eco,0.05,36.01,13.75,99.37,1324.6,13.33,615.7,742.7,709.0,672.5,47.88,32.82,-0.46,0.39,13.474,RUN,OK,RUN,0.98
2026-01-27T00:46:11.235921Z,60.01,55.34,58.38,34.9,eco,0.05,36.02,13.68,99.38,1333.4,13.42,616.4,747.6,717.1,673.1,47.88,32.83,-0.46,0.39,13.477,RUN,OK,RUN,0.98
2026-01-27T00:46:11.435921Z,59.94,55.27,58.33,34.93,eco,0.05,36.02,13.61,99.39,1342.2,13.5,617.1,752.6,725.1,673.6,47.88,32.83,-0.47,0.39,13.481,RUN,OK,RUN,0.98
2026-01-27T00:46:11.635921Z,59.86,55.2,58.28,34.94,eco,0.05,36.02,13.53,99.39,1350.9,13.59,617.7,757.6,733.2,674.2,47.89,32.83,-0.47,0.39,13.484,RUN,OK,RUN,0.98
2026-01-27T00:46:11.835921Z,59.79,55.13,58.23,34.96,eco,0.05,36.03,13.46,99.4,1359.6,13.68,618.4,762.6,741.2,674.7,47.89,32.84,-0.47,0.39,13.487,RUN,OK,RUN,0.98
2026-01-27T00:46:12.035921Z,59.72,55.07,58.18,34.97,eco,0.05,36.03,13.39,99.41,1368.3,13.76,619.1,767.6,749.2,675.3,47.89,32.84,-0.48,0.39,13.49,RUN,OK,RUN,0.98
2026-01-27T00:46:12.235921Z,59.64,55.0,58.13,34.98,eco,0.05,36.03,13.32,99.42,1377.0,13.85,619.8,772.6,757.2,675.8,47.89,32.84,-0.48,0.39,13.494,RUN,OK,RUN,0.98
2026-01-27T00:46:12.435921Z,59.57,54.94,58.09,34.99,eco,0.05,36.04,13.24,99.43,1385.7,13.94,620.5,777.7,765.2,676.4,47.89,32.85,-0.49,0.39,13.497,RUN,OK,RUN,0.98
2026-01-27T00:46:12.635921Z,59.5,54.87,58.04,35.0,eco,0.05,36.04,13.17,99.44,1394.3,14.02,621.2,782.8,773.1,677.0,47.9,32.85,-0.49,0.39,13.5,RUN,OK,RUN,0.98
2026-01-27T00:46:12.835921Z,59.43,54.81,58.0,35.0,eco,0.05,36.04,13.1,99.45,1402.9,14.11,621.9,787.9,781.0,677.5,47.9,32.86,-0.49,0.39,13.503,RUN,OK,RUN,0.98
2026-01-27T00:46:13.035921Z,59.36,54.74,57.96,35.0,eco,0.05,36.05,13.02,99.46,1411.5,14.19,622.6,793.0,788.9,678.1,47.9,32.86,-0.5,0.39,13.507,RUN,OK,RUN,0.98
2026-01-27T00:46:13.235921Z,59.29,54.68,57.92,35.0,eco,0.05,36.05,12.95,99.47,1420.1,14.28,623.3,798.1,796.8,678.6,47.9,32.86,-0.5,0.39,13.51,RUN,OK,RUN,0.98
2026-01-27T00:46:13.435921Z,59.22,54.61,57.88,34.99,eco,0.05,36.05,12.87,99.48,1428.6,14.36,624.0,803.2,804.6,679.2,47.9,32.87,-0.51,0.38,13.513,RUN,OK,RUN,0.98
2026-01-27T00:46:13.635921Z,59.15,54.55,57.84,34.98,eco,0.05,36.06,12.8,99.49,1437.1,14.45,624.7,808.4,812.4,679.7,47.9,32.87,-0.51,0.38,13.516,RUN,OK,RUN,0.98
2026-01-27T00:46:13.835921Z,59.08,54.49,57.8,34.97,eco,0.05,36.06,12.72,99.5,1445.6,14.53,625.4,813.6,820.2,680.3,47.91,32.87,-0.51,0.38,13.519,RUN,OK,RUN,0.98
2026-01-27T00:46:14.035921Z,59.01,54.43,57.76,34.96,eco,0.05,36.06,12.65,99.5,1454.0,14.61,626.0,818.8,828.0,680.8,47.91,32.88,-0.52,0.38,13.523,RUN,OK,RUN,0.98
2026-01-27T00:46:14.235921Z,58.94,54.37,57.72,34.94,eco,0.05,36.07,12.57,99.51,1462.4,14.7,626.7,824.0,835.7,681.4,47.91,32.88,-0.52,0.38,13.526,RUN,OK,RUN,0.98
2026-01-27T00:46:14.435921Z,58.88,54.31,57.69,34.92,eco,0.05,36.07,12.5,99.52,1470.8,14.78,627.4,829.2,843.4,682.0,47.91,32.88,-0.53,0.38,13.529,RUN,OK,RUN,0.98
2026-01-27T00:46:14.635921Z,58.81,54.25,57.65,34.9,eco,0.05,36.07,12.42,99.53,1479.2,14.86,628.1,834.4,851.0,682.5,47.91,32.89,-0.53,0.38,13.532,RUN,OK,RUN,0.98
2026-01-27T00:46:14.835921Z,58.74,54.19,57.62,34.88,eco,0.05,36.08,12.35,99.54,1487.5,14.94,628.8,839.7,858.6,683.1,47.91,32.89,-0.53,0.38,13.535,RUN,OK,RUN,0.98
2026-01-27T00:46:15.035921Z,58.68,54.13,57.59,34.85,eco,0.05,36.08,12.27,99.55,1495.7,15.03,629.5,845.0,866.2,683.6,47.92,32.9,-0.54,0.38,13.539,RUN,OK,RUN,0.98
2026-01-27T00:46:15.235921Z,58.61,54.07,57.56,34.82,eco,0.05,36.08,12.19,99.55,1504.0,15.11,630.2,850.2,873.7,684.2,47.92,32.9,-0.54,0.38,13.542,RUN,OK,RUN,0.98
2026-01-27T00:46:15.435921Z,58.55,54.01,57.53,34.79,eco,0.05,36.09,12.11,99.56,1512.2,15.19,630.9,855.5,881.2,684.8,47.92,32.9,-0.55,0.38,13.545,RUN,OK,RUN,0.98
2026-01-27T00:46:15.635921Z,58.48,53.95,57.5,34.76,eco,0.05,36.09,12.04,99.57,1520.4,15.27,631.7,860.8,888.7,685.3,47.92,32.91,-0.55,0.38,13.548,RUN,OK,RUN,0.98
2026-01-27T00:46:15.835921Z,58.42,53.9,57.47,34.72,eco,0.05,36.09,11.96,99.58,1528.5,15.35,632.4,866.1,896.1,685.9,47.92,32.91,-0.55,0.37,13.551,RUN,OK,RUN,0.98
2026-01-27T00:46:16.035921Z,58.35,53.84,57.44,34.68,eco,0.05,36.1,11.88,99.59,1536.6,15.43,633.1,871.4,903.5,686.4,47.92,32.91,-0.56,0.37,13.555,RUN,OK,RUN,0.98
2026-01-27T00:46:16.235921Z,58.29,53.78,57.41,34.64,eco,0.05,36.1,11.8,99.6,1544.6,15.51,633.8,876.8,910.8,687.0,47.92,32.92,-0.56,0.37,13.558,RUN,OK,RUN,0.98
2026-01-27T00:46:16.435921Z,58.23,53.73,57.39,34.59,eco,0.05,36.1,11.73,99.6,1552.6,15.59,634.5,882.1,918.1,687.6,47.93,32.92,-0.57,0.37,13.561,RUN,OK,RUN,0.98
2026-01-27T00:46:16.635921Z,58.17,53.68,57.36,34.55,eco,0.05,36.11,11.65,99.61,1560.6,15.67,635.2,887.5,925.4,688.1,47.93,32.92,-0.57,0.37,13.564,RUN,OK,RUN,0.98
2026-01-27T00:46:16.835921Z,58.11,53.62,57.34,34.49,eco,0.05,36.11,11.57,99.62,1568.5,15.74,635.9,892.8,932.6,688.7,47.93,32.93,-0.57,0.37,13.567,RUN,OK,RUN,0.98
2026-01-27T00:46:17.035921Z,58.05,53.57,57.31,34.44,eco,0.05,36.11,11.49,99.63,1576.3,15.82,636.6,898.2,939.8,689.3,47.93,32.93,-0.58,0.37,13.571,RUN,OK,RUN,0.98
2026-01-27T00:46:17.235921Z,57.99,53.52,57.29,34.39,eco,0.05,36.12,11.41,99.63,1584.2,15.9,637.3,903.6,946.9,689.8,47.93,32.94,-0.58,0.37,13.574,RUN,OK,RUN,0.98
2026-01-27T00:46:17.435921Z,57.93,53.46,57.27,34.33,eco,0.05,36.12,11.33,99.64,1591.9,15.98,638.0,909.0,953.9,690.4,47.93,32.94,-0.59,0.37,13.577,RUN,OK,RUN,0.98
2026-01-27T00:46:17.635921Z,57.87,53.41,57.25,34.27,eco,0.05,36.12,11.25,99.65,1599.7,16.05,638.7,914.4,960.9,691.0,47.93,32.94,-0.59,0.37,13.58,RUN,OK,RUN,0.98
2026-01-27T00:46:17.835921Z,57.81,53.36,57.23,34.21,eco,0.05,36.13,11.18,99.66,1607.3,16.13,639.4,919.8,967.9,691.5,47.94,32.95,-0.59,0.37,13.583,RUN,OK,RUN,0.98
2026-01-27T00:46:18.035921Z,57.75,53.31,57.21,34.14,eco,0.05,36.13,11.1,99.66,1615.0,16.2,640.1,925.2,974.8,692.1,47.94,32.95,-0.6,0.37,13.586,RUN,OK,RUN,0.98
2026-01-27T00:46:18.235921Z,57.69,53.26,57.19,34.07,eco,0.05,36.13,11.02,99.67,1622.5,16.28,640.9,930.6,981.7,692.7,47.94,32.95,-0.6,0.36,13.59,RUN,OK,RUN,0.98
2026-01-27T00:46:18.435921Z,57.64,53.21,57.17,34.0,eco,0.05,36.14,10.94,99.68,1630.1,16.35,641.6,936.0,988.5,693.3,47.94,32.96,-0.61,0.36,13.593,RUN,OK,RUN,0.98
2026-01-27T00:46:18.635921Z,57.58,53.16,57.15,33.93,eco,0.05,36.14,10.86,99.68,1637.5,16.43,642.3,941.4,995.2,693.8,47.94,32.96,-0.61,0.36,13.596,RUN,OK,RUN,0.98
2026-01-27T00:46:18.835921Z,57.52,53.12,57.14,33.85,eco,0.05,36.14,10.78,99.69,1644.9,16.5,643.0,946.9,1001.9,694.4,47.94,32.96,-0.61,0.36,13.599,RUN,OK,RUN,0.98
2026-01-27T00:46:19.035921Z,57.47,53.07,57.12,33.78,eco,0.05,36.15,10.7,99.7,1652.3,16.57,643.7,952.3,1008.6,695.0,47.94,32.97,-0.62,0.36,13.602,RUN,OK,RUN,0.98
2026-01-27T00:46:19.235921Z,57.41,53.02,57.11,33.69,eco,0.05,36.15,10.62,99.71,1659.6,16.65,644.4,957.8,1015.2,695.5,47.95,32.97,-0.62,0.36,13.605,RUN,OK,RUN,0.98
2026-01-27T00:46:19.435921Z,57.36,52.97,57.09,33.61,eco,0.05,36.15,10.54,99.71,1666.9,16.72,645.1,963.2,1021.7,696.1,47.95,32.98,-0.62,0.36,13.609,RUN,OK,RUN,0.98
2026-01-27T00:46:19.635921Z,57.31,52.93,57.08,33.53,eco,0.05,36.16,10.46,99.72,1674.0,16.79,645.9,968.6,1028.2,696.7,47.95,32.98,-0.63,0.36,13.612,RUN,OK,RUN,0.98
2026-01-27T00:46:19.835921Z,57.25,52.88,57.06,33.44,eco,0.05,36.16,10.38,99.73,1681.2,16.86,646.6,974.1,1034.6,697.3,47.95,32.98,-0.63,0.36,13.615,RUN,OK,RUN,0.98
2026-01-27T00:46:20.035921Z,57.2,52.84,57.05,33.35,eco,0.05,36.16,10.3,99.73,1688.2,16.93,647.3,979.5,1040.9,697.8,47.95,32.99,-0.64,0.36,13.618,RUN,OK,RUN,0.98
2026-01-27T00:46:20.235921Z,57.15,52.8,57.04,33.26,eco,0.05,36.17,10.22,99.74,1695.3,17.0,648.0,985.0,1047.2,698.4,47.95,32.99,-0.64,0.36,13.621,RUN,OK,RUN,0.98
2026-01-27T00:46:20.435921Z,57.1,52.75,57.03,33.16,eco,0.05,36.17,10.14,99.74,1702.2,17.07,648.7,990.4,1053.5,699.0,47.95,32.99,-0.64,0.36,13.625,RUN,OK,RUN,0.98
2026-01-27T00:46:20.635921Z,57.05,52.71,57.02,33.06,eco,0.05,36.17,10.06,99.75,1709.1,17.13,649.5,995.9,1059.6,699.6,47.95,33.0,-0.65,0.35,13.628,RUN,OK,RUN,0.98
2026-01-27T00:46:20.835921Z,57.0,52.67,57.01,32.97,eco,0.05,36.18,9.98,99.76,1715.9,17.2,650.2,1001.4,1065.7,700.1,47.95,33.0,-0.65,0.35,13.631,RUN,OK,RUN,0.98
2026-01-27T00:46:21.035921Z,56.95,52.63,57.0,32.86,eco,0.05,36.18,9.9,99.76,1722.7,17.27,650.9,1006.8,1071.8,700.7,47.96,33.0,-0.66,0.35,13.634,RUN,OK,RUN,0.98
2026-01-27T00:46:21.235921Z,56.9,52.59,56.99,32.76,eco,0.05,36.18,9.82,99.77,1729.4,17.33,651.6,1012.3,1077.8,701.3,47.96,33.01,-0.66,0.35,13.637,RUN,OK,RUN,0.98
2026-01-27T00:46:21.435921Z,56.85,52.55,56.98,32.65,eco,0.05,36.19,9.74,99.77,1736.0,17.4,652.3,1017.7,1083.7,701.9,47.96,33.01,-0.66,0.35,13.64,RUN,OK,RUN,0.98
2026-01-27T00:46:21.635921Z,56.8,52.51,56.97,32.54,eco,0.05,36.19,9.66,99.78,1742.6,17.46,653.1,1023.2,1089.5,702.5,47.96,33.02,-0.67,0.35,13.644,RUN,OK,RUN,0.98
2026-01-27T00:46:21.835921Z,56.76,52.47,56.96,32.43,eco,0.05,36.19,9.58,99.79,1749.1,17.53,653.8,1028.6,1095.3,703.0,47.96,33.02,-0.67,0.35,13.647,RUN,OK,RUN,0.98
2026-01-27T00:46:22.035921Z,56.71,52.43,56.96,32.32,eco,0.05,36.2,9.5,99.79,1755.5,17.59,654.5,1034.1,1101.0,703.6,47.96,33.02,-0.67,0.35,13.65,RUN,OK,RUN,0.98
2026-01-27T00:46:22.235921Z,56.66,52.39,56.95,32.21,eco,0.05,36.2,9.42,99.8,1761.9,17.65,655.2,1039.5,1106.6,704.2,47.96,33.03,-0.68,0.35,13.653,RUN,OK,RUN,0.98
2026-01-27T00:46:22.435921Z,56.62,52.36,56.95,32.09,eco,0.05,36.2,9.34,99.8,1768.2,17.72,656.0,1044.9,1112.2,704.8,47.96,33.03,-0.68,0.35,13.656,RUN,OK,RUN,0.98
2026-01-27T00:46:22.635921Z,56.57,52.32,56.94,31.97,eco,0.05,36.21,9.26,99.81,1774.4,17.78,656.7,1050.4,1117.7,705.4,47.96,33.03,-0.69,0.35,13.659,RUN,OK,RUN,0.98
2026-01-27T00:46:22.835921Z,56.53,52.29,56.93,31.85,eco,0.05,36.21,9.18,99.81,1780.5,17.84,657.4,1055.8,1123.1,705.9,47.97,33.04,-0.69,0.34,13.662,RUN,OK,RUN,0.98
2026-01-27T00:46:23.035921Z,56.48,52.25,56.93,31.72,eco,0.05,36.21,9.1,99.82,1786.6,17.9,658.2,1061.2,1128.5,706.5,47.97,33.04,-0.69,0.34,13.666,RUN,OK,RUN,0.98
2026-01-27T00:46:23.235921Z,56.44,52.22,56.93,31.6,eco,0.05,36.21,9.02,99.83,1792.6,17.96,658.9,1066.7,1133.7,707.1,47.97,33.04,-0.7,0.34,13.669,RUN,OK,RUN,0.98
2026-01-27T00:46:23.435921Z,56.4,52.18,56.92,31.47,eco,0.05,36.22,8.94,99.83,1798.6,18.02,659.6,1072.1,1138.9,707.7,47.97,33.05,-0.7,0.34,13.672,RUN,OK,RUN,0.98
2026-01-27T00:46:23.635921Z,56.36,52.15,56.92,31.34,eco,0.05,36.22,8.86,99.84,1804.4,18.07,660.4,1077.5,1144.1,708.3,47.97,33.05,-0.71,0.34,13.675,RUN,OK,RUN,0.98
2026-01-27T00:46:23.835921Z,56.32,52.12,56.92,31.21,eco,0.05,36.22,8.78,99.84,1810.2,18.13,661.1,1082.9,1149.1,708.9,47.97,33.06,-0.71,0.34,13.678,RUN,OK,RUN,0.98
2026-01-27T00:46:24.035921Z,56.27,52.09,56.91,31.07,eco,0.05,36.23,8.71,99.85,1815.9,18.19,661.8,1088.3,1154.1,709.5,47.97,33.06,-0.71,0.34,13.681,RUN,OK,RUN,0.98
2026-01-27T00:46:24.235921Z,56.23,52.06,56.91,30.94,eco,0.05,36.23,8.63,99.85,1821.5,18.24,662.5,1093.7,1159.0,710.0,47.97,33.06,-0.72,0.34,13.685,RUN,OK,RUN,0.98
2026-01-27T00:46:24.435921Z,56.2,52.03,56.91,30.8,eco,0.05,36.23,8.55,99.86,1827.1,18.3,663.3,1099.1,1163.8,710.6,47.97,33.07,-0.72,0.34,13.688,RUN,OK,RUN,0.98
2026-01-27T00:46:24.635921Z,56.16,52.0,56.91,30.66,eco,0.05,36.24,8.47,99.86,1832.6,18.35,664.0,1104.5,1168.6,711.2,47.97,33.07,-0.72,0.34,13.691,RUN,OK,RUN,0.98
2026-01-27T00:46:24.835921Z,56.12,51.97,56.91,30.52,eco,0.05,36.24,8.39,99.86,1838.0,18.4,664.8,1109.8,1173.2,711.8,47.97,33.07,-0.73,0.34,13.694,RUN,OK,RUN,0.98
2026-01-27T00:46:25.035921Z,56.08,51.94,56.91,30.38,eco,0.05,36.24,8.31,99.87,1843.3,18.46,665.5,1115.2,1177.8,712.4,47.98,33.08,-0.73,0.33,13.697,RUN,OK,RUN,0.98
2026-01-27T00:46:25.235921Z,56.04,51.91,56.9,30.23,eco,0.05,36.25,8.23,99.87,1848.6,18.51,666.2,1120.5,1182.3,713.0,47.98,33.08,-0.74,0.33,13.7,RUN,OK,RUN,0.98
2026-01-27T00:46:25.435921Z,56.01,51.88,56.9,30.08,eco,0.05,36.25,8.16,99.88,1853.7,18.56,667.0,1125.9,1186.8,713.6,47.98,33.08,-0.74,0.33,13.704,RUN,OK,RUN,0.98
2026-01-27T00:46:25.635921Z,55.97,51.86,56.9,29.93,eco,0.05,36.25,8.08,99.88,1858.8,18.61,667.7,1131.2,1191.1,714.2,47.98,33.09,-0.74,0.33,13.707,RUN,OK,RUN,0.98
2026-01-27T00:46:25.835921Z,55.94,51.83,56.9,29.78,eco,0.05,36.26,8.0,99.89,1863.8,18.66,668.4,1136.5,1195.4,714.7,47.98,33.09,-0.75,0.33,13.71,RUN,OK,RUN,0.98
2026-01-27T00:46:26.035921Z,55.9,51.81,56.9,29.63,eco,0.05,36.26,7.92,99.89,1868.7,18.71,669.2,1141.8,1199.5,715.3,47.98,33.1,-0.75,0.33,13.713,RUN,OK,RUN,0.98
2026-01-27T00:46:26.235921Z,55.87,51.78,56.91,29.48,eco,0.05,36.26,7.85,99.9,1873.6,18.76,669.9,1147.1,1203.6,715.9,47.98,33.1,-0.75,0.33,13.716,RUN,OK,RUN,0.98
2026-01-27T00:46:26.435921Z,55.84,51.76,56.91,29.32,eco,0.05,36.27,7.77,99.9,1878.3,18.8,670.7,1152.4,1207.7,716.5,47.98,33.1,-0.76,0.33,13.719,RUN,OK,RUN,0.98
2026-01-27T00:46:26.635921Z,55.8,51.74,56.91,29.16,eco,0.05,36.27,7.69,99.9,1883.0,18.85,671.4,1157.7,1211.6,717.1,47.98,33.11,-0.76,0.33,13.723,RUN,OK,RUN,0.98
2026-01-27T00:46:26.835921Z,55.77,51.71,56.91,29.0,eco,0.05,36.27,7.62,99.91,1887.6,18.89,672.1,1162.9,1215.4,717.7,47.98,33.11,-0.77,0.33,13.726,RUN,OK,RUN,0.98
2026-01-27T00:46:27.035921Z,55.74,51.69,56.91,28.84,eco,0.05,36.27,7.54,99.91,1892.1,18.94,672.9,1168.2,1219.2,718.3,47.98,33.11,-0.77,0.32,13.729,RUN,OK,RUN,0.98
2026-01-27T00:46:27.235921Z,55.71,51.67,56.91,28.68,eco,0.05,36.28,7.46,99.91,1896.5,18.98,673.6,1173.4,1222.9,718.9,47.98,33.12,-0.77,0.32,13.732,RUN,OK,RUN,0.98
2026-01-27T00:46:27.435921Z,55.68,51.65,56.91,28.52,eco,0.05,36.28,7.39,99.92,1900.8,19.02,674.4,1178.6,1226.5,719.5,47.98,33.12,-0.78,0.32,13.735,RUN,OK,RUN,0.98
2026-01-27T00:46:27.635921Z,55.65,51.63,56.91,28.35,eco,0.05,36.28,7.31,99.92,1905.1,19.07,675.1,1183.8,1230.0,720.1,47.99,33.12,-0.78,0.32,13.738,RUN,OK,RUN,0.98
2026-01-27T00:46:27.835921Z,55.62,51.61,56.92,28.19,eco,0.05,36.29,7.24,99.93,1909.2,19.11,675.9,1189.0,1233.4,720.7,47.99,33.13,-0.78,0.32,13.742,RUN,OK,RUN,0.98
2026-01-27T00:46:28.035921Z,55.59,51.6,56.92,28.02,eco,0.05,36.29,7.16,99.93,1913.3,19.15,676.6,1194.2,1236.7,721.3,47.99,33.13,-0.79,0.32,13.745,RUN,OK,RUN,0.98
2026-01-27T00:46:28.235921Z,55.56,51.58,56.92,27.85,eco,0.05,36.29,7.09,99.93,1917.3,19.19,677.3,1199.3,1239.9,721.9,47.99,33.14,-0.79,0.32,13.748,RUN,OK,RUN,0.98
2026-01-27T00:46:28.435921Z,55.54,51.56,56.92,27.68,eco,0.05,36.3,7.01,99.94,1921.2,19.22,678.1,1204.4,1243.1,722.5,47.99,33.14,-0.79,0.32,13.751,RUN,OK,RUN,0.98
2026-01-27T00:46:28.635921Z,55.51,51.54,56.93,27.5,eco,0.05,36.3,6.94,99.94,1925.0,19.26,678.8,1209.6,1246.1,723.1,47.99,33.14,-0.8,0.32,13.754,RUN,OK,RUN,0.98
2026-01-27T00:46:28.835921Z,55.49,51.53,56.93,27.33,eco,0.05,36.3,6.87,99.94,1928.7,19.3,679.6,1214.7,1249.1,723.7,47.99,33.15,-0.8,0.32,13.757,RUN,OK,RUN,0.98
2026-01-27T00:46:29.035921Z,55.46,51.51,56.93,27.15,eco,0.05,36.3,6.79,99.94,1932.3,19.33,680.3,1219.8,1252.0,724.3,47.99,33.15,-0.81,0.32,13.761,RUN,OK,RUN,0.98
2026-01-27T00:46:29.235921Z,55.44,51.5,56.93,26.98,eco,0.05,36.31,6.72,99.95,1935.8,19.37,681.1,1224.8,1254.8,724.9,47.99,33.15,-0.81,0.31,13.764,RUN,OK,RUN,0.98
2026-01-27T00:46:29.435921Z,55.41,51.49,56.94,26.8,eco,0.05,36.31,6.65,99.95,1939.3,19.4,681.8,1229.9,1257.4,725.5,47.99,33.16,-0.81,0.31,13.767,RUN,OK,RUN,0.98
2026-01-27T00:46:29.635921Z,55.39,51.47,56.94,26.62,eco,0.05,36.31,6.57,99.95,1942.6,19.44,682.6,1234.9,1260.0,726.1,47.99,33.16,-0.82,0.31,13.77,RUN,OK,RUN,0.98
2026-01-27T00:46:29.835921Z,55.37,51.46,56.94,26.44,eco,0.05,36.32,6.5,99.96,1945.9,19.47,683.3,1239.9,1262.6,726.7,47.99,33.16,-0.82,0.31,13.773,RUN,OK,RUN,0.98
2026-01-27T00:46:30.035921Z,55.35,51.45,56.94,26.26,eco,0.05,36.32,6.43,99.96,1949.1,19.5,684.1,1244.9,1265.0,727.3,47.99,33.17,-0.82,0.31,13.776,RUN,OK,RUN,0.98
2026-01-27T00:46:30.235921Z,55.33,51.44,56.95,26.08,eco,0.05,36.32,6.36,99.96,1952.1,19.53,684.8,1249.9,1267.3,727.9,47.99,33.17,-0.83,0.31,13.779,RUN,OK,RUN,0.98
2026-01-27T00:46:30.435921Z,55.3,51.43,56.95,25.89,eco,0.05,36.33,6.29,99.96,1955.1,19.56,685.6,1254.8,1269.5,728.5,47.99,33.18,-0.83,0.31,13.783,RUN,OK,RUN,0.98
2026-01-27T00:46:30.635921Z,55.29,51.42,56.95,25.71,eco,0.05,36.33,6.22,99.97,1958.0,19.59,686.3,1259.7,1271.7,729.1,47.99,33.18,-0.83,0.31,13.786,RUN,OK,RUN,0.98
2026-01-27T00:46:30.835921Z,55.27,51.41,56.95,25.53,eco,0.05,36.33,6.15,99.97,1960.8,19.61,687.1,1264.6,1273.7,729.7,47.99,33.18,-0.84,0.31,13.789,RUN,OK,RUN,0.98
2026-01-27T00:46:31.035921Z,55.25,51.41,56.96,25.34,eco,0.05,36.33,6.08,99.97,1963.5,19.64,687.9,1269.5,1275.6,730.3,47.99,33.19,-0.84,0.31,13.792,RUN,OK,RUN,0.98
2026-01-27T00:46:31.235921Z,55.23,51.4,56.96,25.15,eco,0.05,36.34,6.01,99.97,1966.1,19.67,688.6,1274.4,1277.5,730.9,47.99,33.19,-0.84,0.3,13.795,RUN,OK,RUN,0.98
2026-01-27T00:46:31.435921Z,55.21,51.39,56.96,24.96,eco,0.05,36.34,5.94,99.97,1968.6,19.69,689.4,1279.2,1279.3,731.5,48.0,33.19,-0.85,0.3,13.798,RUN,OK,RUN,0.98
2026-01-27T00:46:31.635921Z,55.2,51.39,56.96,24.77,eco,0.05,36.34,5.87,99.98,1971.0,19.72,690.1,1284.0,1280.9,732.1,48.0,33.2,-0.85,0.3,13.802,RUN,OK,RUN,0.98
2026-01-27T00:46:31.835921Z,55.18,51.38,56.97,24.58,eco,0.05,36.35,5.8,99.98,1973.4,19.74,690.9,1288.8,1282.5,732.7,48.0,33.2,-0.86,0.3,13.805,RUN,OK,RUN,0.98
2026-01-27T00:46:32.035921Z,55.17,51.38,56.97,24.39,eco,0.05,36.35,5.73,99.98,1975.6,19.76,691.6,1293.6,1284.0,733.3,48.0,33.2,-0.86,0.3,13.808,RUN,OK,RUN,0.98
2026-01-27T00:46:32.235921Z,55.15,51.37,56.97,24.2,eco,0.05,36.35,5.67,99.98,1977.7,19.78,692.4,1298.4,1285.3,733.9,48.0,33.21,-0.86,0.3,13.811,RUN,OK,RUN,0.98
2026-01-27T00:46:32.435921Z,55.14,51.37,56.97,24.01,eco,0.05,36.36,5.6,99.98,1979.8,19.8,693.1,1303.1,1286.6,734.5,48.0,33.21,-0.87,0.3,13.814,RUN,OK,RUN,0.98
2026-01-27T00:46:32.635921Z,55.12,51.37,56.98,23.82,eco,0.05,36.36,5.53,99.99,1981.7,19.82,693.9,1307.8,1287.8,735.1,48.0,33.22,-0.87,0.3,13.817,RUN,OK,RUN,0.98
2026-01-27T00:46:32.835921Z,55.11,51.37,56.98,23.62,eco,0.05,36.36,5.47,99.99,1983.5,19.84,694.7,1312.4,1288.9,735.7,48.0,33.22,-0.87,0.3,13.821,RUN,OK,RUN,0.98
2026-01-27T00:46:33.035921Z,55.1,51.37,56.98,23.43,eco,0.05,36.36,5.4,99.99,1985.3,19.86,695.4,1317.1,1289.9,736.3,48.0,33.22,-0.88,0.3,13.824,RUN,OK,RUN,0.98
2026-01-27T00:46:33.235921Z,55.09,51.37,56.98,23.23,eco,0.05,36.37,5.34,99.99,1986.9,19.87,696.2,1321.7,1290.7,736.9,48.0,33.23,-0.88,0.29,13.827,RUN,OK,RUN,0.98
2026-01-27T00:46:33.435921Z,55.08,51.37,56.99,23.04,eco,0.05,36.37,5.27,99.99,1988.5,19.89,696.9,1326.3,1291.5,737.6,48.0,33.23,-0.88,0.29,13.83,RUN,OK,RUN,0.98
2026-01-27T00:46:33.635921Z,55.07,51.37,56.99,22.84,eco,0.05,36.37,5.21,99.99,1989.9,19.9,697.7,1330.9,1292.2,738.2,48.0,33.23,-0.89,0.29,13.833,RUN,OK,RUN,0.98
2026-01-27T00:46:33.835921Z,55.06,51.37,56.99,22.64,eco,0.05,36.38,5.14,99.99,1991.3,19.91,698.5,1335.4,1292.8,738.8,48.0,33.24,-0.89,0.29,13.836,RUN,OK,RUN,0.98
2026-01-27T00:46:34.035921Z,55.05,51.37,56.99,22.45,eco,0.05,36.38,5.08,99.99,1992.6,19.93,699.2,1339.9,1293.3,739.4,48.0,33.24,-0.89,0.29,13.84,RUN,OK,RUN,0.98
2026-01-27T00:46:34.235921Z,55.04,51.38,56.99,22.25,eco,0.05,36.38,5.02,99.99,1993.7,19.94,700.0,1344.4,1293.7,740.0,48.0,33.24,-0.9,0.29,13.843,RUN,OK,RUN,0.98
2026-01-27T00:46:34.435921Z,55.04,51.38,56.99,22.05,eco,0.05,36.38,4.95,100.0,1994.8,19.95,700.8,1348.8,1294.0,740.6,48.0,33.25,-0.9,0.29,13.846,RUN,OK,RUN,0.98
2026-01-27T00:46:34.635921Z,55.03,51.39,56.99,21.85,eco,0.05,36.39,4.89,100.0,1995.7,19.96,701.5,1353.3,1294.2,741.2,48.0,33.25,-0.9,0.29,13.849,RUN,OK,RUN,0.98
2026-01-27T00:46:34.835921Z,55.02,51.39,57.0,21.65,eco,0.05,36.39,4.83,100.0,1996.6,19.97,702.3,1357.7,1294.3,741.8,48.0,33.25,-0.91,0.29,13.852,RUN,OK,RUN,0.98
2026-01-27T00:46:35.035921Z,55.02,51.4,57.0,21.46,eco,0.05,36.39,4.77,100.0,1997.4,19.97,703.1,1362.0,1294.3,742.4,48.0,33.26,-0.91,0.29,13.855,RUN,OK,RUN,0.98
2026-01-27T00:46:35.235921Z,55.01,51.4,57.0,21.26,eco,0.05,36.4,4.71,100.0,1998.0,19.98,703.8,1366.4,1294.2,743.1,48.0,33.26,-0.91,0.28,13.859,RUN,OK,RUN,0.98
2026-01-27T00:46:35.435921Z,55.01,51.41,57.0,21.06,eco,0.05,36.4,4.65,100.0,1998.6,19.99,704.6,1370.7,1294.0,743.7,48.0,33.27,-0.92,0.28,13.862,RUN,OK,RUN,0.98
2026-01-27T00:46:35.635921Z,55.01,51.42,57.0,20.86,eco,0.05,36.4,4.59,100.0,1999.1,19.99,705.4,1374.9,1293.7,744.3,48.0,33.27,-0.92,0.28,13.865,RUN,OK,RUN,0.98
2026-01-27T00:46:35.835921Z,55.0,51.43,57.0,20.66,eco,0.05,36.4,4.53,100.0,1999.5,19.99,706.1,1379.2,1293.3,744.9,48.0,33.27,-0.92,0.28,13.868,RUN,OK,RUN,0.98
2026-01-27T00:46:36.035921Z,55.0,51.44,57.0,20.46,eco,0.05,36.41,4.47,100.0,1999.7,20.0,706.9,1383.4,1292.8,745.5,48.0,33.28,-0.93,0.28,13.871,RUN,OK,RUN,0.98
2026-01-27T00:46:36.235921Z,55.0,51.45,57.0,20.26,eco,0.05,36.41,4.42,100.0,1999.9,20.0,707.7,1387.6,1292.3,746.1,48.0,33.28,-0.93,0.28,13.874,RUN,OK,RUN,0.98
2026-01-27T00:46:36.435921Z,55.0,51.46,57.0,20.06,eco,0.05,36.41,4.36,100.0,2000.0,20.0,708.4,1391.7,1291.6,746.7,48.0,33.28,-0.93,0.28,13.878,RUN,OK,RUN,0.98
2026-01-27T00:46:36.635921Z,55.0,51.47,57.0,19.86,eco,0.05,36.42,4.3,100.0,2000.0,20.0,709.2,1395.8,1290.8,747.4,48.0,33.29,-0.94,0.28,13.881,RUN,OK,RUN,0.98
2026-01-27T00:46:36.835921Z,55.0,51.49,57.0,19.66,eco,0.05,36.42,4.25,100.0,1999.9,20.0,710.0,1399.9,1289.9,748.0,48.0,33.29,-0.94,0.28,13.884,RUN,OK,RUN,0.98
2026-01-27T00:46:37.035921Z,55.0,51.5,57.0,19.46,eco,0.05,36.42,4.19,100.0,1999.6,20.0,710.7,1404.0,1288.9,748.6,48.0,33.29,-0.94,0.27,13.887,RUN,OK,RUN,0.98
2026-01-27T00:46:37.235921Z,55.0,51.51,57.0,19.26,eco,0.05,36.42,4.14,100.0,1999.3,19.99,711.5,1408.0,1287.8,749.2,48.0,33.3,-0.95,0.27,13.89,RUN,OK,RUN,0.98
2026-01-27T00:46:37.435921Z,55.01,51.53,57.0,19.06,eco,0.05,36.43,4.08,100.0,1998.9,19.99,712.3,1412.0,1286.6,749.8,48.0,33.3,-0.95,0.27,13.893,RUN,OK,RUN,0.98
2026-01-27T00:46:37.635921Z,55.01,51.54,57.0,18.86,eco,0.05,36.43,4.03,100.0,1998.4,19.98,713.1,1415.9,1285.3,750.4,48.0,33.31,-0.95,0.27,13.897,RUN,OK,RUN,0.98
2026-01-27T00:46:37.835921Z,55.01,51.56,57.0,18.66,eco,0.05,36.43,3.98,100.0,1997.8,19.98,713.8,1419.8,1283.9,751.1,48.0,33.31,-0.96,0.27,13.9,RUN,OK,RUN,0.98
2026-01-27T00:46:38.035921Z,55.02,51.58,57.0,18.46,eco,0.05,36.44,3.92,100.0,1997.1,19.97,714.6,1423.7,1282.5,751.7,48.0,33.31,-0.96,0.27,13.903,RUN,OK,RUN,0.98
2026-01-27T00:46:38.235921Z,55.03,51.59,57.0,18.26,eco,0.05,36.44,3.87,100.0,1996.3,19.96,715.4,1427.5,1280.9,752.3,48.0,33.32,-0.96,0.27,13.906,RUN,OK,RUN,0.98
2026-01-27T00:46:38.435921Z,55.03,51.61,56.99,18.06,eco,0.05,36.44,3.82,100.0,1995.4,19.95,716.2,1431.4,1279.2,752.9,48.0,33.32,-0.97,0.27,13.909,RUN,OK,RUN,0.98
2026-01-27T00:46:38.635921Z,55.04,51.63,56.99,17.87,eco,0.05,36.44,3.77,100.0,1994.3,19.94,716.9,1435.1,1277.4,753.5,48.0,33.32,-0.97,0.27,13.912,RUN,OK,RUN,0.98
2026-01-27T00:46:38.835921Z,55.05,51.65,56.99,17.67,eco,0.05,36.45,3.72,99.99,1993.2,19.93,717.7,1438.9,1275.5,754.2,48.0,33.33,-0.97,0.27,13.916,RUN,OK,RUN,0.98
2026-01-27T00:46:39.035921Z,55.05,51.67,56.99,17.47,eco,0.05,36.45,3.67,99.99,1992.0,19.92,718.5,1442.6,1273.6,754.8,48.0,33.33,-0.98,0.26,13.919,RUN,OK,RUN,0.98
2026-01-27T00:46:39.235921Z,55.06,51.69,56.99,17.27,eco,0.05,36.45,3.62,99.99,1990.7,19.91,719.3,1446.2,1271.5,755.4,48.0,33.33,-0.98,0.26,13.922,RUN,OK,RUN,0.98
2026-01-27T00:46:39.435921Z,55.07,51.71,56.99,17.08,eco,0.05,36.46,3.58,99.99,1989.3,19.9,720.0,1449.9,1269.3,756.0,48.0,33.34,-0.98,0.26,13.925,RUN,OK,RUN,0.98
2026-01-27T00:46:39.635921Z,55.08,51.74,56.98,16.88,eco,0.05,36.46,3.53,99.99,1987.8,19.88,720.8,1453.5,1267.0,756.7,48.0,33.34,-0.99,0.26,13.928,RUN,OK,RUN,0.98
2026-01-27T00:46:39.835921Z,55.09,51.76,56.98,16.69,eco,0.05,36.46,3.48,99.99,1986.3,19.86,721.6,1457.0,1264.7,757.3,48.0,33.34,-0.99,0.26,13.931,RUN,OK,RUN,0.98
2026-01-27T00:46:40.035921Z,55.1,51.78,56.98,16.49,eco,0.05,36.46,3.44,99.99,1984.6,19.85,722.4,1460.5,1262.2,757.9,48.0,33.35,-0.99,0.26,13.935,RUN,OK,RUN,0.98
2026-01-27T00:46:40.235921Z,55.12,51.81,56.98,16.3,eco,0.05,36.47,3.39,99.99,1982.8,19.83,723.2,1464.0,1259.6,758.5,48.0,33.35,-1.0,0.26,13.938,RUN,OK,RUN,0.98
2026-01-27T00:46:40.435921Z,55.13,51.83,56.98,16.1,eco,0.05,36.47,3.34,99.98,1980.9,19.81,723.9,1467.4,1257.0,759.1,48.0,33.36,-1.0,0.26,13.941,RUN,OK,RUN,0.98
2026-01-27T00:46:40.635921Z,55.14,51.86,56.97,15.91,eco,0.05,36.47,3.3,99.98,1978.9,19.79,724.7,1470.8,1254.2,759.8,48.0,33.36,-1.0,0.26,13.944,RUN,OK,RUN,0.98
2026-01-27T00:46:40.835921Z,55.16,51.89,56.97,15.72,eco,0.05,36.47,3.26,99.98,1976.8,19.77,725.5,1474.2,1251.3,760.4,48.0,33.36,-1.01,0.25,13.947,RUN,OK,RUN,0.98
2026-01-27T00:46:41.035921Z,55.17,51.91,56.97,15.53,eco,0.05,36.48,3.21,99.98,1974.7,19.75,726.3,1477.5,1248.4,761.0,48.0,33.37,-1.01,0.25,13.95,RUN,OK,RUN,0.98
2026-01-27T00:46:41.235921Z,55.19,51.94,56.97,15.34,eco,0.05,36.48,3.17,99.98,1972.4,19.73,727.1,1480.8,1245.3,761.6,48.0,33.37,-1.01,0.25,13.954,RUN,OK,RUN,0.98
2026-01-27T00:46:41.435921Z,55.2,51.97,56.96,15.15,eco,0.05,36.48,3.13,99.98,1970.0,19.71,727.8,1484.0,1242.2,762.3,48.0,33.37,-1.02,0.25,13.957,RUN,OK,RUN,0.98
2026-01-27T00:46:41.635921Z,55.22,52.0,56.96,14.96,eco,0.05,36.49,3.09,99.97,1967.6,19.68,728.6,1487.2,1239.0,762.9,48.0,33.38,-1.02,0.25,13.96,RUN,OK,RUN,0.98
2026-01-27T00:46:41.835921Z,55.24,52.03,56.96,14.77,eco,0.05,36.49,3.05,99.97,1965.0,19.66,729.4,1490.4,1235.6,763.5,47.99,33.38,-1.02,0.25,13.963,RUN,OK,RUN,0.98
2026-01-27T00:46:42.035921Z,55.26,52.06,56.96,14.58,eco,0.05,36.49,3.01,99.97,1962.4,19.63,730.2,1493.5,1232.2,764.1,47.99,33.38,-1.03,0.25,13.966,RUN,OK,RUN,0.98
2026-01-27T00:46:42.235921Z,55.27,52.09,56.95,14.4,eco,0.05,36.49,2.97,99.97,1959.6,19.6,731.0,1496.6,1228.7,764.8,47.99,33.39,-1.03,0.25,13.969,RUN,OK,RUN,0.98
2026-01-27T00:46:42.435921Z,55.29,52.12,56.95,14.21,eco,0.05,36.5,2.94,99.96,1956.8,19.58,731.8,1499.7,1225.1,765.4,47.99,33.39,-1.03,0.25,13.973,RUN,OK,RUN,0.98
2026-01-27T00:46:42.635921Z,55.31,52.16,56.95,14.03,eco,0.05,36.5,2.9,99.96,1953.9,19.55,732.5,1502.7,1221.3,766.0,47.99,33.39,-1.03,0.25,13.976,RUN,OK,RUN,0.98
2026-01-27T00:46:42.835921Z,55.33,52.19,56.95,13.85,eco,0.05,36.5,2.86,99.96,1950.9,19.52,733.3,1505.6,1217.5,766.7,47.99,33.4,-1.04,0.24,13.979,RUN,OK,RUN,0.98
2026-01-27T00:46:43.035921Z,55.36,52.23,56.94,13.66,eco,0.05,36.5,2.83,99.96,1947.7,19.49,734.1,1508.5,1213.6,767.3,47.99,33.4,-1.04,0.24,13.982,RUN,OK,RUN,0.98
2026-01-27T00:46:43.235921Z,55.38,52.26,56.94,13.48,eco,0.05,36.51,2.79,99.95,1944.5,19.45,734.9,1511.4,1209.6,767.9,47.99,33.41,-1.04,0.24,13.985,RUN,OK,RUN,0.98
2026-01-27T00:46:43.435921Z,55.4,52.3,56.94,13.3,eco,0.05,36.51,2.76,99.95,1941.2,19.42,735.7,1514.2,1205.6,768.5,47.99,33.41,-1.05,0.24,13.988,RUN,OK,RUN,0.98
2026-01-27T00:46:43.635921Z,55.42,52.33,56.93,13.13,eco,0.05,36.51,2.72,99.95,1937.9,19.39,736.5,1517.0,1201.4,769.2,47.99,33.41,-1.05,0.24,13.992,RUN,OK,RUN,0.98
2026-01-27T00:46:43.835921Z,55.45,52.37,56.93,12.95,eco,0.05,36.51,2.69,99.95,1934.4,19.35,737.3,1519.8,1197.1,769.8,47.99,33.42,-1.05,0.24,13.995,RUN,OK,RUN,0.98
2026-01-27T00:46:44.035921Z,55.47,52.41,56.93,12.77,eco,0.05,36.52,2.66,99.94,1930.8,19.32,738.0,1522.5,1192.8,770.4,47.99,33.42,-1.06,0.24,13.998,RUN,OK,RUN,0.98
2026-01-27T00:46:44.235921Z,55.5,52.45,56.93,12.6,eco,0.05,36.52,2.63,99.94,1927.1,19.28,738.8,1525.1,1188.3,771.1,47.99,33.42,-1.06,0.24,14.001,RUN,OK,RUN,0.98
2026-01-27T00:46:44.435921Z,55.52,52.48,56.92,12.42,eco,0.05,36.52,2.6,99.94,1923.4,19.25,739.6,1527.7,1183.8,771.7,47.99,33.43,-1.06,0.24,14.004,RUN,OK,RUN,0.98
2026-01-27T00:46:44.635921Z,55.55,52.52,56.92,12.25,eco,0.05,36.52,2.57,99.93,1919.6,19.21,740.4,1530.3,1179.1,772.3,47.99,33.43,-1.07,0.23,14.007,RUN,OK,RUN,0.98
2026-01-27T00:46:44.835921Z,55.58,52.56,56.92,12.08,eco,0.05,36.53,2.54,99.93,1915.6,19.17,741.2,1532.9,1174.4,773.0,47.99,33.43,-1.07,0.23,14.011,RUN,OK,RUN,0.98
2026-01-27T00:46:45.035921Z,55.6,52.61,56.92,11.91,eco,0.05,36.53,2.51,99.93,1911.6,19.13,742.0,1535.3,1169.6,773.6,47.99,33.44,-1.07,0.23,14.014,RUN,OK,RUN,0.98
2026-01-27T00:46:45.235921Z,55.63,52.65,56.92,11.74,eco,0.05,36.53,2.48,99.92,1907.5,19.09,742.8,1537.8,1164.7,774.2,47.99,33.44,-1.07,0.23,14.017,RUN,OK,RUN,0.98
2026-01-27T00:46:45.435921Z,55.66,52.69,56.91,11.58,eco,0.05,36.53,2.45,99.92,1903.3,19.05,743.6,1540.2,1159.7,774.9,47.99,33.44,-1.08,0.23,14.02,RUN,OK,RUN,0.98
2026-01-27T00:46:45.635921Z,55.69,52.73,56.91,11.41,eco,0.05,36.54,2.43,99.92,1899.0,19.01,744.4,1542.5,1154.7,775.5,47.98,33.45,-1.08,0.23,14.023,RUN,OK,RUN,0.98
2026-01-27T00:46:45.835921Z,55.72,52.78,56.91,11.25,eco,0.05,36.54,2.4,99.91,1894.7,18.96,745.2,1544.8,1149.5,776.1,47.98,33.45,-1.08,0.23,14.026,RUN,OK,RUN,0.98
2026-01-27T00:46:46.035921Z,55.75,52.82,56.91,11.09,eco,0.05,36.54,2.38,99.91,1890.2,18.92,746.0,1547.1,1144.3,776.8,47.98,33.46,-1.09,0.23,14.03,RUN,OK,RUN,0.98
2026-01-27T00:46:46.235921Z,55.78,52.87,56.91,10.93,eco,0.05,36.55,2.35,99.91,1885.7,18.87,746.7,1549.3,1138.9,777.4,47.98,33.46,-1.09,0.23,14.033,RUN,OK,RUN,0.98
2026-01-27T00:46:46.435921Z,55.82,52.91,56.91,10.77,eco,0.05,36.55,2.33,99.9,1881.1,18.83,747.5,1551.5,1133.5,778.0,47.98,33.46,-1.09,0.22,14.036,RUN,OK,RUN,0.98
2026-01-27T00:46:46.635921Z,55.85,52.96,56.91,10.61,eco,0.05,36.55,2.31,99.9,1876.3,18.78,748.3,1553.6,1128.0,778.7,47.98,33.47,-1.09,0.22,14.039,RUN,OK,RUN,0.98
2026-01-27T00:46:46.835921Z,55.88,53.01,56.9,10.46,eco,0.05,36.55,2.29,99.89,1871.6,18.74,749.1,1555.7,1122.4,779.3,47.98,33.47,-1.1,0.22,14.042,RUN,OK,RUN,0.98
2026-01-27T00:46:47.035921Z,55.92,53.05,56.9,10.3,eco,0.05,36.56,2.27,99.89,1866.7,18.69,749.9,1557.7,1116.8,779.9,47.98,33.47,-1.1,0.22,14.045,RUN,OK,RUN,0.98
2026-01-27T00:46:47.235921Z,55.95,53.1,56.9,10.15,eco,0.05,36.56,2.25,99.89,1861.7,18.64,750.7,1559.7,1111.0,780.6,47.98,33.48,-1.1,0.22,14.048,RUN,OK,RUN,0.98
2026-01-27T00:46:47.435921Z,55.99,53.15,56.9,10.0,eco,0.05,36.56,2.23,99.88,1856.7,18.59,751.5,1561.7,1105.2,781.2,47.98,33.48,-1.11,0.22,14.052,RUN,OK,RUN,0.98
2026-01-27T00:46:47.635921Z,56.02,53.2,56.9,9.85,eco,0.05,36.56,2.21,99.88,1851.6,18.54,752.3,1563.5,1099.3,781.8,47.98,33.48,-1.11,0.22,14.055,RUN,OK,RUN,0.98
2026-01-27T00:46:47.835921Z,56.06,53.25,56.91,9.71,eco,0.05,36.57,2.19,99.87,1846.4,18.49,753.1,1565.4,1093.3,782.5,47.98,33.49,-1.11,0.22,14.058,RUN,OK,RUN,0.98
2026-01-27T00:46:48.035921Z,56.1,53.3,56.91,9.56,eco,0.05,36.57,2.17,99.87,1841.1,18.44,753.9,1567.2,1087.2,783.1,47.98,33.49,-1.12,0.22,14.061,RUN,OK,RUN,0.98
2026-01-27T00:46:48.235921Z,56.13,53.35,56.91,9.42,eco,0.05,36.57,2.16,99.86,1835.7,18.38,754.7,1569.0,1081.0,783.8,47.97,33.49,-1.12,0.21,14.064,RUN,OK,RUN,0.98
2026-01-27T00:46:48.435921Z,56.17,53.41,56.91,9.28,eco,0.05,36.57,2.14,99.86,1830.3,18.33,755.5,1570.7,1074.8,784.4,47.97,33.5,-1.12,0.21,14.067,RUN,OK,RUN,0.98
2026-01-27T00:46:48.635921Z,56.21,53.46,56.91,9.14,eco,0.05,36.58,2.13,99.85,1824.8,18.27,756.3,1572.3,1068.5,785.0,47.97,33.5,-1.12,0.21,14.071,RUN,OK,RUN,0.98
2026-01-27T00:46:48.835921Z,56.25,53.51,56.91,9.0,eco,0.05,36.58,2.11,99.85,1819.2,18.22,757.1,1573.9,1062.1,785.7,47.97,33.5,-1.13,0.21,14.074,RUN,OK,RUN,0.98
2026-01-27T00:46:49.035921Z,56.29,53.57,56.91,8.87,eco,0.05,36.58,2.1,99.84,1813.5,18.16,757.9,1575.5,1055.6,786.3,47.97,33.51,-1.13,0.21,14.077,RUN,OK,RUN,0.98
2026-01-27T00:46:49.235921Z,56.33,53.62,56.92,8.74,eco,0.05,36.58,2.09,99.84,1807.8,18.11,758.7,1577.0,1049.1,787.0,47.97,33.51,-1.13,0.21,14.08,RUN,OK,RUN,0.98
2026-01-27T00:46:49.435921Z,56.37,53.68,56.92,8.61,eco,0.05,36.58,2.08,99.83,1802.0,18.05,759.5,1578.5,1042.5,787.6,47.97,33.52,-1.13,0.21,14.083,RUN,OK,RUN,0.98
2026-01-27T00:46:49.635921Z,56.42,53.73,56.92,8.48,eco,0.05,36.59,2.07,99.83,1796.1,17.99,760.3,1579.9,1035.8,788.2,47.97,33.52,-1.14,0.21,14.086,RUN,OK,RUN,0.98
2026-01-27T00:46:49.835921Z,56.46,53.79,56.93,8.35,eco,0.05,36.59,2.06,99.82,1790.1,17.93,761.1,1581.3,1029.0,788.9,47.97,33.52,-1.14,0.2,14.09,RUN,OK,RUN,0.98
2026-01-27T00:46:50.035921Z,56.5,53.85,56.93,8.22,eco,0.05,36.59,2.05,99.82,1784.1,17.87,761.9,1582.6,1022.2,789.5,47.97,33.53,-1.14,0.2,14.093,RUN,OK,RUN,0.98
2026-01-27T00:46:50.235921Z,56.55,53.91,56.94,8.1,eco,0.05,36.59,2.04,99.81,1778.0,17.81,762.7,1583.9,1015.3,790.2,47.97,33.53,-1.15,0.2,14.096,RUN,OK,RUN,0.98
2026-01-27T00:46:50.435921Z,56.59,53.96,56.94,7.98,eco,0.05,36.6,2.03,99.81,1771.8,17.75,763.5,1585.1,1008.3,790.8,47.96,33.53,-1.15,0.2,14.099,RUN,OK,RUN,0.98
2026-01-27T00:46:50.635921Z,56.64,54.02,56.95,7.86,eco,0.05,36.6,2.02,99.8,1765.5,17.69,764.3,1586.3,1001.2,791.4,47.96,33.54,-1.15,0.2,14.102,RUN,OK,RUN,0.98
2026-01-27T00:46:50.835921Z,56.68,54.08,56.95,7.75,eco,0.05,36.6,2.02,99.8,1759.2,17.63,765.1,1587.4,994.1,792.1,47.96,33.54,-1.15,0.2,14.105,RUN,OK,RUN,0.98
2026-01-27T00:46:51.035921Z,56.73,54.14,56.96,7.63,eco,0.05,36.6,2.01,99.79,1752.8,17.57,765.9,1588.5,986.9,792.7,47.96,33.54,-1.16,0.2,14.109,RUN,OK,RUN,0.98
2026-01-27T00:46:51.235921Z,56.77,54.21,56.97,7.52,eco,0.05,36.61,2.01,99.78,1746.4,17.5,766.7,1589.6,979.7,793.4,47.96,33.55,-1.16,0.2,14.112,RUN,OK,RUN,0.98
2026-01-27T00:46:51.435921Z,56.82,54.27,56.98,7.41,eco,0.05,36.61,2.01,99.78,1739.8,17.44,767.5,1590.6,972.3,794.0,47.96,33.55,-1.16,0.2,14.115,RUN,OK,RUN,0.98
2026-01-27T00:46:51.635921Z,56.87,54.33,56.98,7.3,eco,0.05,36.61,2.0,99.77,1733.3,17.37,768.3,1591.5,964.9,794.7,47.96,33.55,-1.17,0.19,14.118,RUN,OK,RUN,0.98
2026-01-27T00:46:51.835921Z,56.92,54.39,56.99,7.2,eco,0.05,36.61,2.0,99.77,1726.6,17.31,769.1,1592.4,957.5,795.3,47.96,33.56,-1.17,0.19,14.121,RUN,OK,RUN,0.98
2026-01-27T00:46:52.035921Z,56.97,54.46,57.0,7.09,eco,0.05,36.62,2.0,99.76,1719.9,17.24,769.9,1593.2,949.9,795.9,47.96,33.56,-1.17,0.19,14.124,RUN,OK,RUN,0.98
2026-01-27T00:46:52.235921Z,57.02,54.52,57.01,6.99,eco,0.05,36.62,2.0,99.75,1713.1,17.17,770.7,1594.0,942.4,796.6,47.95,33.56,-1.17,0.19,14.128,RUN,OK,RUN,0.98
2026-01-27T00:46:52.435921Z,57.07,54.59,57.02,6.89,eco,0.05,36.62,2.0,99.75,1706.2,17.11,771.5,1594.8,934.7,797.2,47.95,33.57,-1.18,0.19,14.131,RUN,OK,RUN,0.98
2026-01-27T00:46:52.635921Z,57.12,54.65,57.03,6.8,eco,0.05,36.62,2.0,99.74,1699.3,17.04,772.3,1595.5,927.0,797.9,47.95,33.57,-1.18,0.19,14.134,RUN,OK,RUN,0.98
2026-01-27T00:46:52.835921Z,57.17,54.72,57.04,6.7,eco,0.05,36.63,2.0,99.74,1692.3,16.97,773.1,1596.1,919.2,798.5,47.95,33.57,-1.18,0.19,14.137,RUN,OK,RUN,0.98
2026-01-27T00:46:53.035921Z,57.22,54.78,57.06,6.61,eco,0.05,36.63,2.01,99.73,1685.3,16.9,773.9,1596.7,911.4,799.2,47.95,33.58,-1.18,0.19,14.14,RUN,OK,RUN,0.98
2026-01-27T00:46:53.235921Z,57.28,54.85,57.07,6.52,eco,0.05,36.63,2.01,99.72,1678.2,16.83,774.8,1597.2,903.5,799.8,47.95,33.58,-1.19,0.19,14.143,RUN,OK,RUN,0.98
2026-01-27T00:46:53.435921Z,57.33,54.92,57.08,6.44,eco,0.05,36.63,2.02,99.72,1671.1,16.76,775.6,1597.7,895.5,800.4,47.95,33.58,-1.19,0.18,14.147,RUN,OK,RUN,0.98
2026-01-27T00:46:53.635921Z,57.38,54.99,57.1,6.35,eco,0.05,36.63,2.02,99.71,1663.8,16.69,776.4,1598.2,887.5,801.1,47.95,33.59,-1.19,0.18,14.15,RUN,OK,RUN,0.98
2026-01-27T00:46:53.835921Z,57.44,55.06,57.11,6.27,eco,0.05,36.64,2.03,99.7,1656.6,16.62,777.2,1598.6,879.4,801.7,47.94,33.59,-1.19,0.18,14.153,RUN,OK,RUN,0.98
2026-01-27T00:46:54.035921Z,57.49,55.13,57.13,6.19,eco,0.05,36.64,2.03,99.7,1649.2,16.54,778.0,1598.9,871.3,802.4,47.94,33.6,-1.2,0.18,14.156,RUN,OK,RUN,0.98
2026-01-27T00:46:54.235921Z,57.55,55.2,57.14,6.12,eco,0.05,36.64,2.04,99.69,1641.9,16.47,778.8,1599.2,863.1,803.0,47.94,33.6,-1.2,0.18,14.159,RUN,OK,RUN,0.98
2026-01-27T00:46:54.435921Z,57.6,55.27,57.16,6.04,eco,0.05,36.64,2.05,99.68,1634.4,16.4,779.6,1599.5,854.8,803.7,47.94,33.6,-1.2,0.18,14.162,RUN,OK,RUN,0.98
2026-01-27T00:46:54.635921Z,57.66,55.34,57.18,5.97,eco,0.05,36.65,2.06,99.67,1626.9,16.32,780.4,1599.7,846.5,804.3,47.94,33.61,-1.2,0.18,14.166,RUN,OK,RUN,0.98
2026-01-27T00:46:54.835921Z,57.72,55.41,57.2,5.9,eco,0.05,36.65,2.07,99.67,1619.4,16.25,781.2,1599.8,838.2,805.0,47.94,33.61,-1.21,0.18,14.169,RUN,OK,RUN,0.98
2026-01-27T00:46:55.035921Z,57.77,55.48,57.22,5.83,eco,0.05,36.65,2.08,99.66,1611.8,16.17,782.0,1599.9,829.8,805.6,47.94,33.61,-1.21,0.17,14.172,RUN,OK,RUN,0.98
2026-01-27T00:46:55.235921Z,57.83,55.56,57.24,5.77,eco,0.05,36.65,2.09,99.65,1604.1,16.1,782.8,1600.0,821.3,806.3,47.94,33.62,-1.21,0.17,14.175,RUN,OK,RUN,0.98
2026-01-27T00:46:55.435921Z,57.89,55.63,57.26,5.71,eco,0.05,36.66,2.1,99.65,1596.4,16.02,783.7,1600.0,812.8,806.9,47.93,33.62,-1.21,0.17,14.178,RUN,OK,RUN,0.98
2026-01-27T00:46:55.635921Z,57.95,55.7,57.28,5.65,eco,0.05,36.66,2.12,99.64,1588.7,15.94,784.5,1599.9,804.2,807.6,47.93,33.62,-1.22,0.17,14.182,RUN,OK,RUN,0.98
2026-01-27T00:46:55.835921Z,58.01,55.78,57.3,5.59,eco,0.05,36.66,2.13,99.63,1580.9,15.87,785.3,1599.8,795.6,808.2,47.93,33.63,-1.22,0.17,14.185,RUN,OK,RUN,0.98
2026-01-27T00:46:56.035921Z,58.07,55.85,57.32,5.54,eco,0.05,36.66,2.15,99.62,1573.1,15.79,786.1,1599.7,787.0,808.9,47.93,33.63,-1.22,0.17,14.188,RUN,OK,RUN,0.98
2026-01-27T00:46:56.235921Z,58.13,55.93,57.35,5.48,eco,0.05,36.66,2.16,99.62,1565.2,15.71,786.9,1599.5,778.3,809.5,47.93,33.63,-1.22,0.17,14.191,RUN,OK,RUN,0.98
2026-01-27T00:46:56.435921Z,58.19,56.01,57.37,5.43,eco,0.05,36.67,2.18,99.61,1557.3,15.63,787.7,1599.3,769.5,810.2,47.93,33.64,-1.23,0.17,14.194,RUN,OK,RUN,0.98
2026-01-27T00:46:56.635921Z,58.26,56.08,57.4,5.39,eco,0.05,36.67,2.2,99.6,1549.3,15.56,788.5,1599.0,760.8,810.8,47.93,33.64,-1.23,0.17,14.197,RUN,OK,RUN,0.98
2026-01-27T00:46:56.835921Z,58.32,56.16,57.42,5.34,eco,0.05,36.67,2.21,99.59,1541.3,15.48,789.3,1598.6,751.9,811.5,47.92,33.64,-1.23,0.16,14.201,RUN,OK,RUN,0.98
2026-01-27T00:46:57.035921Z,58.38,56.24,57.45,5.3,eco,0.05,36.67,2.23,99.58,1533.2,15.4,790.1,1598.2,743.1,812.1,47.92,33.65,-1.23,0.16,14.204,RUN,OK,RUN,0.98
2026-01-27T00:46:57.235921Z,58.44,56.32,57.48,5.26,eco,0.05,36.68,2.25,99.58,1525.1,15.32,791.0,1597.8,734.1,812.8,47.92,33.65,-1.24,0.16,14.207,RUN,OK,RUN,0.98
2026-01-27T00:46:57.435921Z,58.51,56.4,57.51,5.23,eco,0.05,36.68,2.27,99.57,1517.0,15.24,791.8,1597.3,725.2,813.4,47.92,33.65,-1.24,0.16,14.21,RUN,OK,RUN,0.98
2026-01-27T00:46:57.635921Z,58.57,56.47,57.54,5.19,eco,0.05,36.68,2.29,99.56,1508.8,15.15,792.6,1596.7,716.2,814.1,47.92,33.66,-1.24,0.16,14.213,RUN,OK,RUN,0.98
2026-01-27T00:46:57.835921Z,58.64,56.56,57.57,5.16,eco,0.05,36.68,2.32,99.55,1500.6,15.07,793.4,1596.2,707.2,814.7,47.92,33.66,-1.24,0.16,14.217,RUN,OK,RUN,0.98
2026-01-27T00:46:58.035921Z,58.7,56.64,57.6,5.14,eco,0.05,36.68,2.34,99.54,1492.3,14.99,794.2,1595.5,698.1,815.4,47.91,33.66,-1.25,0.16,14.22,RUN,OK,RUN,0.98
2026-01-27T00:46:58.235921Z,58.77,56.72,57.63,5.11,eco,0.05,36.69,2.36,99.53,1484.0,14.91,795.0,1594.8,689.0,816.0,47.91,33.67,-1.25,0.16,14.223,RUN,OK,RUN,0.98
2026-01-27T00:46:58.435921Z,58.84,56.8,57.67,5.09,eco,0.05,36.69,2.39,99.53,1475.7,14.83,795.8,1594.1,679.8,816.7,47.91,33.67,-1.25,0.15,14.226,RUN,OK,RUN,0.98
2026-01-27T00:46:58.635921Z,58.9,56.88,57.7,5.07,eco,0.05,36.69,2.41,99.52,1467.3,14.74,796.7,1593.3,670.7,817.3,47.91,33.67,-1.25,0.15,14.229,RUN,OK,RUN,0.98
2026-01-27T00:46:58.835921Z,58.97,56.96,57.74,5.05,eco,0.05,36.69,2.44,99.51,1458.9,14.66,797.5,1592.5,661.5,818.0,47.91,33.68,-1.26,0.15,14.233,RUN,OK,RUN,0.98
2026-01-27T00:46:59.035921Z,59.04,57.05,57.78,5.03,eco,0.05,36.69,2.46,99.5,1450.5,14.58,798.3,1591.6,652.2,818.6,47.91,33.68,-1.26,0.15,14.236,RUN,OK,RUN,0.98
2026-01-27T00:46:59.235921Z,59.11,57.13,57.81,5.02,eco,0.05,36.7,2.49,99.49,1442.0,14.49,799.1,1590.6,642.9,819.3,47.9,33.68,-1.26,0.15,14.239,RUN,OK,RUN,0.98
2026-01-27T00:46:59.435921Z,59.18,57.22,57.85,5.01,eco,0.05,36.7,2.52,99.48,1433.6,14.41,799.9,1589.7,633.6,819.9,47.9,33.69,-1.26,0.15,14.242,RUN,OK,RUN,0.98
2026-01-27T00:46:59.635921Z,59.25,57.3,57.89,5.01,eco,0.05,36.7,2.55,99.47,1425.0,14.33,800.7,1588.6,624.3,820.6,47.9,33.69,-1.27,0.15,14.246,RUN,OK,RUN,0.98
2026-01-27T00:46:59.835921Z,59.32,57.39,57.93,5.0,eco,0.05,36.7,2.58,99.46,1416.5,14.24,801.6,1587.5,614.9,821.2,47.9,33.7,-1.27,0.15,14.249,RUN,OK,RUN,0.98
2026-01-27T00:47:00.035921Z,59.39,57.47,57.97,5.0,eco,0.05,36.71,2.61,99.46,1407.9,14.16,802.4,1586.4,605.6,821.9,47.9,33.7,-1.27,0.15,14.252,RUN,OK,RUN,0.98
2026-01-27T00:47:00.235921Z,59.46,57.56,58.02,5.0,eco,0.05,36.71,2.64,99.45,1399.3,14.07,803.2,1585.2,596.1,822.6,47.9,33.7,-1.27,0.14,14.255,RUN,OK,RUN,0.98
2026-01-27T00:47:00.435921Z,59.53,57.64,58.06,5.0,eco,0.05,36.71,2.67,99.44,1390.7,13.99,804.0,1584.0,586.7,823.2,47.89,33.71,-1.27,0.14,14.258,RUN,OK,RUN,0.98
2026-01-27T00:47:00.635921Z,59.6,57.73,58.11,5.01,eco,0.05,36.71,2.7,99.43,1382.1,13.9,804.8,1582.7,577.2,823.9,47.89,33.71,-1.28,0.14,14.262,RUN,OK,RUN,0.98
2026-01-27T00:47:00.835921Z,59.67,57.82,58.15,5.02,eco,0.05,36.71,2.73,99.42,1373.4,13.81,805.6,1581.4,567.8,824.5,47.89,33.71,-1.28,0.14,14.265,RUN,OK,RUN,0.98
2026-01-27T00:47:01.035921Z,59.75,57.91,58.2,5.03,eco,0.05,36.72,2.77,99.41,1364.7,13.73,806.5,1580.0,558.2,825.2,47.89,33.72,-1.28,0.14,14.268,RUN,OK,RUN,0.98
2026-01-27T00:47:01.235921Z,59.82,58.0,58.25,5.05,eco,0.05,36.72,2.8,99.4,1356.0,13.64,807.3,1578.6,548.7,825.8,47.89,33.72,-1.28,0.14,14.271,RUN,OK,RUN,0.98
2026-01-27T00:47:01.435921Z,59.89,58.09,58.3,5.06,eco,0.05,36.72,2.84,99.39,1347.3,13.56,808.1,1577.1,539.2,826.5,47.89,33.72,-1.29,0.14,14.275,RUN,OK,RUN,0.98
2026-01-27T00:47:01.635921Z,59.97,58.18,58.35,5.08,eco,0.05,36.72,2.87,99.38,1338.5,13.47,808.9,1575.6,529.6,827.1,47.88,33.73,-1.29,0.14,14.278,RUN,OK,RUN,0.98
2026-01-27T00:47:01.835921Z,60.04,58.27,58.4,5.11,eco,0.05,36.72,2.91,99.37,1329.8,13.38,809.7,1574.1,520.0,827.8,47.88,33.73,-1.29,0.13,14.281,RUN,OK,RUN,0.98
2026-01-27T00:47:02.035921Z,60.12,58.36,58.45,5.13,eco,0.05,36.73,2.95,99.36,1321.0,13.29,810.6,1572.5,510.4,828.4,47.88,33.73,-1.29,0.13,14.284,RUN,OK,RUN,0.98
2026-01-27T00:47:02.235921Z,60.19,58.45,58.5,5.16,eco,0.05,36.73,2.99,99.35,1312.2,13.21,811.4,1570.8,500.8,829.1,47.88,33.74,-1.29,0.13,14.288,RUN,OK,RUN,0.98
2026-01-27T00:47:02.435921Z,60.27,58.54,58.56,5.19,eco,0.05,36.73,3.02,99.34,1303.4,13.12,812.2,1569.1,491.2,829.8,47.88,33.74,-1.3,0.13,14.291,RUN,OK,RUN,0.98
2026-01-27T00:47:02.635921Z,60.34,58.63,58.62,5.22,eco,0.05,36.73,3.06,99.33,1294.6,13.03,813.0,1567.3,481.5,830.4,47.87,33.74,-1.3,0.13,14.294,RUN,OK,RUN,0.98
2026-01-27T00:47:02.835921Z,60.42,58.72,58.67,5.26,eco,0.05,36.73,3.1,99.32,1285.7,12.95,813.8,1565.5,471.9,831.1,47.87,33.75,-1.3,0.13,14.297,RUN,OK,RUN,0.98
2026-01-27T00:47:03.035921Z,60.5,58.82,58.73,5.29,eco,0.05,36.74,3.15,99.31,1276.9,12.86,814.7,1563.7,462.2,831.7,47.87,33.75,-1.3,0.13,14.301,RUN,OK,RUN,0.98
2026-01-27T00:47:03.235921Z,60.58,58.91,58.79,5.34,eco,0.05,36.74,3.19,99.3,1268.0,12.77,815.5,1561.8,452.6,832.4,47.87,33.75,-1.31,0.13,14.304,RUN,OK,RUN,0.98
2026-01-27T00:47:03.435921Z,60.65,59.0,58.85,5.38,eco,0.05,36.74,3.23,99.29,1259.2,12.68,816.3,1559.9,442.9,833.0,47.87,33.76,-1.31,0.12,14.307,RUN,OK,RUN,0.98
2026-01-27T00:47:03.635921Z,60.73,59.1,58.91,5.43,eco,0.05,36.74,3.27,99.28,1250.3,12.59,817.1,1557.9,433.2,833.7,47.86,33.76,-1.31,0.12,14.31,RUN,OK,RUN,0.98
2026-01-27T00:47:03.835921Z,60.81,59.19,58.97,5.47,eco,0.05,36.74,3.32,99.27,1241.4,12.51,817.9,1555.9,423.5,834.4,47.86,33.76,-1.31,0.12,14.314,RUN,OK,RUN,0.98
2026-01-27T00:47:04.035921Z,60.89,59.29,59.04,5.52,eco,0.05,36.75,3.36,99.26,1232.6,12.42,818.8,1553.8,413.8,835.0,47.86,33.77,-1.31,0.12,14.317,RUN,OK,RUN,0.98
2026-01-27T00:47:04.235921Z,60.97,59.38,59.1,5.58,eco,0.05,36.75,3.4,99.25,1223.7,12.33,819.6,1551.7,404.1,835.7,47.86,33.77,-1.32,0.12,14.32,RUN,OK,RUN,0.98
2026-01-27T00:47:04.435921Z,61.05,59.48,59.17,5.63,eco,0.05,36.75,3.45,99.24,1214.8,12.24,820.4,1549.5,394.4,836.3,47.86,33.77,-1.32,0.12,14.324,RUN,OK,RUN,0.98
2026-01-27T00:47:04.635921Z,61.13,59.57,59.24,5.69,eco,0.05,36.75,3.5,99.23,1205.9,12.15,821.2,1547.3,384.7,837.0,47.85,33.78,-1.32,0.12,14.327,RUN,OK,RUN,0.98
2026-01-27T00:47:04.835921Z,61.21,59.67,59.3,5.76,eco,0.05,36.75,3.54,99.22,1197.0,12.06,822.1,1545.0,374.9,837.6,47.85,33.78,-1.32,0.12,14.33,RUN,OK,RUN,0.98
2026-01-27T00:47:05.035921Z,61.29,59.77,59.37,5.82,eco,0.05,36.76,3.59,99.21,1188.1,11.98,822.9,1542.7,365.2,838.3,47.85,33.78,-1.32,0.12,14.333,RUN,OK,RUN,0.98
2026-01-27T00:47:05.235921Z,61.37,59.87,59.44,5.89,eco,0.05,36.76,3.64,99.2,1179.2,11.89,823.7,1540.4,355.5,839.0,47.85,33.79,-1.33,0.11,14.337,RUN,OK,RUN,0.98
2026-01-27T00:47:05.435921Z,61.46,59.96,59.52,5.95,eco,0.05,36.76,3.69,99.19,1170.3,11.8,824.5,1538.0,345.8,839.6,47.85,33.79,-1.33,0.11,14.34,RUN,OK,RUN,0.98
2026-01-27T00:47:05.635921Z,61.54,60.06,59.59,6.03,eco,0.05,36.76,3.74,99.17,1161.5,11.71,825.4,1535.5,336.1,840.3,47.84,33.79,-1.33,0.11,14.343,RUN,OK,RUN,0.98
2026-01-27T00:47:05.835921Z,61.62,60.16,59.66,6.1,eco,0.05,36.76,3.79,99.16,1152.6,11.62,826.2,1533.0,326.4,840.9,47.84,33.8,-1.33,0.11,14.347,RUN,OK,RUN,0.98
2026-01-27T00:47:06.035921Z,61.7,60.26,59.74,6.18,eco,0.05,36.76,3.84,99.15,1143.7,11.53,827.0,1530.5,316.7,841.6,47.84,33.8,-1.33,0.11,14.35,RUN,OK,RUN,0.98
2026-01-27T00:47:06.235921Z,61.79,60.36,59.82,6.26,eco,0.05,36.77,3.89,99.14,1134.9,11.45,827.8,1528.0,307.0,842.3,47.84,33.8,-1.34,0.11,14.353,RUN,OK,RUN,0.98
2026-01-27T00:47:06.435921Z,61.87,60.46,59.89,6.34,eco,0.05,36.77,3.94,99.13,1126.0,11.36,828.7,1525.3,297.4,842.9,47.84,33.81,-1.34,0.11,14.357,RUN,OK,RUN,0.98
2026-01-27T00:47:06.635921Z,61.96,60.56,59.97,6.42,eco,0.05,36.77,3.99,99.12,1117.2,11.27,829.5,1522.7,287.7,843.6,47.83,33.81,-1.34,0.11,14.36,RUN,OK,RUN,0.98
2026-01-27T00:47:06.835921Z,62.04,60.66,60.05,6.51,eco,0.05,36.77,4.05,99.11,1108.3,11.18,830.3,1520.0,278.0,844.2,47.83,33.81,-1.34,0.1,14.363,RUN,OK,RUN,0.98
2026-01-27T00:47:07.035921Z,62.12,60.76,60.13,6.59,eco,0.05,36.77,4.1,99.1,1099.5,11.1,831.1,1517.2,268.4,844.9,47.83,33.82,-1.34,0.1,14.367,RUN,OK,RUN,0.98
2026-01-27T00:47:07.235921Z,62.21,60.86,60.21,6.69,eco,0.05,36.78,4.16,99.08,1090.7,11.01,832.0,1514.5,258.7,845.6,47.83,33.82,-1.35,0.1,14.37,RUN,OK,RUN,0.98
2026-01-27T00:47:07.435921Z,62.3,60.96,60.3,6.78,eco,0.05,36.78,4.21,99.07,1081.9,10.92,832.8,1511.6,249.1,846.2,47.82,33.82,-1.35,0.1,14.373,RUN,OK,RUN,0.98
2026-01-27T00:47:07.635921Z,62.38,61.07,60.38,6.87,eco,0.05,36.78,4.27,99.06,1073.1,10.83,833.6,1508.8,239.5,846.9,47.82,33.83,-1.35,0.1,14.377,RUN,OK,RUN,0.98
2026-01-27T00:47:07.835921Z,62.47,61.17,60.47,6.97,eco,0.05,36.78,4.32,99.05,1064.3,10.75,834.4,1505.8,229.9,847.5,47.82,33.83,-1.35,0.1,14.38,RUN,OK,RUN,0.98
2026-01-27T00:47:08.035921Z,62.55,61.27,60.55,7.07,eco,0.05,36.78,4.38,99.04,1055.6,10.66,835.3,1502.9,220.3,848.2,47.82,33.83,-1.35,0.1,14.383,RUN,OK,RUN,0.98
2026-01-27T00:47:08.235921Z,62.64,61.37,60.64,7.18,eco,0.05,36.78,4.44,99.03,1046.8,10.57,836.1,1499.9,210.8,848.9,47.82,33.84,-1.35,0.1,14.387,RUN,OK,RUN,0.98
2026-01-27T00:47:08.435921Z,62.73,61.48,60.73,7.28,eco,0.05,36.79,4.49,99.01,1038.1,10.48,836.9,1496.9,201.2,849.5,47.81,33.84,-1.36,0.09,14.39,RUN,OK,RUN,0.98
2026-01-27T00:47:08.635921Z,62.82,61.58,60.82,7.39,eco,0.05,36.79,4.55,99.0,1029.4,10.4,837.7,1493.8,191.7,850.2,47.81,33.84,-1.36,0.09,14.393,RUN,OK,RUN,0.98
2026-01-27T00:47:08.835921Z,62.9,61.68,60.91,7.5,eco,0.05,36.79,4.61,98.99,1020.8,10.31,838.6,1490.7,182.2,850.9,47.81,33.85,-1.36,0.09,14.397,RUN,OK,RUN,0.98
2026-01-27T00:47:09.035921Z,62.99,61.79,61.01,7.61,eco,0.05,36.79,4.67,98.98,1012.1,10.23,839.4,1487.5,172.7,851.5,47.81,33.85,-1.36,0.09,14.4,RUN,OK,RUN,0.98
2026-01-27T00:47:09.235921Z,63.08,61.89,61.1,7.72,eco,0.05,36.79,4.73,98.97,1003.5,10.14,840.2,1484.3,163.3,852.2,47.8,33.85,-1.36,0.09,14.404,RUN,OK,RUN,0.98
2026-01-27T00:47:09.435921Z,63.17,62.0,61.19,7.84,eco,0.05,36.8,4.79,98.95,994.9,10.05,841.0,1481.1,153.8,852.8,47.8,33.86,-1.37,0.09,14.407,RUN,OK,RUN,0.98
2026-01-27T00:47:09.635921Z,63.26,62.1,61.29,7.96,eco,0.05,36.8,4.85,98.94,986.3,9.97,841.9,1477.8,144.4,853.5,47.8,33.86,-1.37,0.09,14.41,RUN,OK,RUN,0.98
2026-01-27T00:47:09.835921Z,63.35,62.21,61.39,8.08,eco,0.05,36.8,4.91,98.93,977.7,9.88,842.7,1474.5,135.0,854.2,47.8,33.86,-1.37,0.09,14.414,RUN,OK,RUN,0.98
2026-01-27T00:47:10.035921Z,63.44,62.32,61.48,8.2,eco,0.05,36.8,4.98,98.92,969.2,9.8,843.5,1471.1,125.7,854.8,47.79,33.87,-1.37,0.08,14.417,RUN,OK,RUN,0.98
2026-01-27T00:47:10.235921Z,63.53,62.42,61.58,8.32,eco,0.05,36.8,5.04,98.9,960.7,9.71,844.4,1467.7,116.4,855.5,47.79,33.87,-1.37,0.08,14.421,RUN,OK,RUN,0.98
2026-01-27T00:47:10.435921Z,63.62,62.53,61.68,8.45,eco,0.05,36.8,5.1,98.89,952.3,9.63,845.2,1464.3,107.1,856.1,47.79,33.87,-1.37,0.08,14.424,RUN,OK,RUN,0.98
2026-01-27T00:47:10.635921Z,63.71,62.64,61.78,8.58,eco,0.05,36.81,5.16,98.88,943.8,9.55,846.0,1460.8,97.8,856.8,47.79,33.88,-1.38,0.08,14.428,RUN,OK,RUN,0.98
2026-01-27T00:47:10.835921Z,63.8,62.74,61.89,8.71,eco,0.05,36.81,5.23,98.87,935.4,9.46,846.8,1457.3,88.6,857.5,47.78,33.88,-1.38,0.08,14.431,RUN,OK,RUN,0.98
2026-01-27T00:47:11.035921Z,63.89,62.85,61.99,8.84,eco,0.05,36.81,5.29,98.85,927.0,9.38,847.7,1453.7,79.4,858.1,47.78,33.88,-1.38,0.08,14.434,RUN,OK,RUN,0.98
2026-01-27T00:47:11.235921Z,63.98,62.96,62.09,8.98,eco,0.05,36.81,5.36,98.84,918.7,9.29,848.5,1450.1,70.2,858.8,47.78,33.89,-1.38,0.08,14.438,RUN,OK,RUN,0.98
2026-01-27T00:47:11.435921Z,64.07,63.07,62.2,9.11,eco,0.05,36.81,5.42,98.83,910.4,9.21,849.3,1446.5,61.1,859.5,47.78,33.89,-1.38,0.08,14.441,RUN,OK,RUN,0.98
2026-01-27T00:47:11.635921Z,64.17,63.18,62.3,9.25,eco,0.05,36.81,5.49,98.82,902.1,9.13,850.2,1442.9,52.0,860.1,47.77,33.89,-1.38,0.07,14.445,RUN,OK,RUN,0.98
2026-01-27T00:47:11.835921Z,64.26,63.28,62.41,9.39,eco,0.05,36.82,5.56,98.8,893.9,9.05,851.0,1439.2,42.9,860.8,47.77,33.9,-1.39,0.07,14.448,RUN,OK,RUN,0.98
2026-01-27T00:47:12.035921Z,64.35,63.39,62.52,9.53,eco,0.05,36.82,5.62,98.79,885.7,8.97,851.8,1435.4,33.9,861.5,47.77,33.9,-1.39,0.07,14.452,RUN,OK,RUN,0.98
2026-01-27T00:47:12.235921Z,64.44,63.5,62.63,9.68,eco,0.05,36.82,5.69,98.78,877.6,8.88,852.6,1431.7,24.9,862.1,47.77,33.9,-1.39,0.07,14.455,RUN,OK,RUN,0.98
2026-01-27T00:47:12.435921Z,64.54,63.61,62.74,9.83,eco,0.05,36.82,5.76,98.76,869.4,8.8,853.5,1427.8,16.0,862.8,47.76,33.9,-1.39,0.07,14.459,RUN,OK,RUN,0.98
2026-01-27T00:47:12.635921Z,64.63,63.72,62.85,9.97,eco,0.05,36.82,5.82,98.75,861.4,8.72,854.3,1424.0,7.1,863.4,47.76,33.91,-1.39,0.07,14.462,RUN,OK,RUN,0.98
2026-01-27T00:47:12.835921Z,64.72,63.83,62.96,10.12,eco,0.05,36.82,5.89,98.74,853.3,8.64,855.1,1420.1,-1.8,864.1,47.76,33.91,-1.39,0.07,14.466,RUN,OK,RUN,0.98
2026-01-27T00:47:13.035921Z,64.82,63.94,63.07,10.27,eco,0.05,36.83,5.96,98.72,845.3,8.56,856.0,1416.2,-10.6,864.8,47.76,33.91,-1.4,0.07,14.469,RUN,OK,RUN,0.98
2026-01-27T00:47:13.235921Z,64.91,64.05,63.19,10.43,eco,0.05,36.83,6.03,98.71,837.4,8.48,856.8,1412.3,-19.4,865.4,47.75,33.92,-1.4,0.06,14.473,RUN,OK,RUN,0.98
2026-01-27T00:47:13.435921Z,65.01,64.16,63.3,10.58,eco,0.05,36.83,6.1,98.7,829.5,8.4,857.6,1408.3,-28.1,866.1,47.75,33.92,-1.4,0.06,14.476,RUN,OK,RUN,0.98
2026-01-27T00:47:13.635921Z,65.1,64.27,63.42,10.74,eco,0.05,36.83,6.17,98.68,821.6,8.33,858.5,1404.3,-36.8,866.8,47.75,33.92,-1.4,0.06,14.48,RUN,OK,RUN,0.98
2026-01-27T00:47:13.835921Z,65.2,64.38,63.54,10.9,eco,0.05,36.83,6.24,98.67,813.8,8.25,859.3,1400.2,-45.4,867.4,47.75,33.93,-1.4,0.06,14.483,RUN,OK,RUN,0.98
2026-01-27T00:47:14.035921Z,65.29,64.49,63.65,11.06,eco,0.05,36.83,6.31,98.66,806.1,8.17,860.1,1396.2,-54.0,868.1,47.74,33.93,-1.4,0.06,14.487,RUN,OK,RUN,0.98
2026-01-27T00:47:14.235921Z,65.38,64.61,63.77,11.22,eco,0.05,36.84,6.38,98.64,798.4,8.09,860.9,1392.0,-62.6,868.8,47.74,33.93,-1.4,0.06,14.49,RUN,OK,RUN,0.98
2026-01-27T00:47:14.435921Z,65.48,64.72,63.89,11.38,eco,0.05,36.84,6.45,98.63,790.7,8.02,861.8,1387.9,-71.1,869.4,47.74,33.94,-1.41,0.06,14.494,RUN,OK,RUN,0.98
2026-01-27T00:47:14.635921Z,65.58,64.83,64.01,11.55,eco,0.05,36.84,6.53,98.61,783.1,7.94,862.6,1383.7,-79.5,870.1,47.73,33.94,-1.41,0.06,14.497,RUN,OK,RUN,0.98
2026-01-27T00:47:14.835921Z,65.67,64.94,64.13,11.71,eco,0.05,36.84,6.6,98.6,775.5,7.87,863.4,1379.5,-87.9,870.8,47.73,33.94,-1.41,0.05,14.501,RUN,OK,RUN,0.98
2026-01-27T00:47:15.035921Z,65.77,65.05,64.25,11.88,eco,0.05,36.84,6.67,98.59,768.0,7.79,864.3,1375.3,-96.3,871.4,47.73,33.95,-1.41,0.05,14.505,RUN,OK,RUN,0.98
2026-01-27T00:47:15.235921Z,65.86,65.17,64.38,12.05,eco,0.05,36.84,6.74,98.57,760.6,7.72,865.1,1371.0,-104.5,872.1,47.73,33.95,-1.41,0.05,14.508,RUN,OK,RUN,0.98
2026-01-27T00:47:15.435921Z,65.96,65.28,64.5,12.22,eco,0.05,36.85,6.82,98.56,753.2,7.64,865.9,1366.7,-112.8,872.7,47.72,33.95,-1.41,0.05,14.512,RUN,OK,RUN,0.98
2026-01-27T00:47:15.635921Z,66.06,65.39,64.62,12.39,eco,0.05,36.85,6.89,98.54,745.8,7.57,866.8,1362.4,-120.9,873.4,47.72,33.96,-1.41,0.05,14.515,RUN,OK,RUN,0.98
2026-01-27T00:47:15.835921Z,66.15,65.51,64.75,12.56,eco,0.05,36.85,6.97,98.53,738.5,7.5,867.6,1358.0,-129.1,874.1,47.72,33.96,-1.42,0.05,14.519,RUN,OK,RUN,0.98
2026-01-27T00:47:16.035921Z,66.25,65.62,64.87,12.74,eco,0.05,36.85,7.04,98.52,731.3,7.42,868.4,1353.6,-137.1,874.7,47.72,33.96,-1.42,0.05,14.523,RUN,OK,RUN,0.98
2026-01-27T00:47:16.235921Z,66.35,65.73,65.0,12.91,eco,0.05,36.85,7.11,98.5,724.1,7.35,869.3,1349.2,-145.1,875.4,47.71,33.97,-1.42,0.05,14.526,RUN,OK,RUN,0.98
2026-01-27T00:47:16.435921Z,66.44,65.85,65.13,13.09,eco,0.05,36.85,7.19,98.49,717.0,7.28,870.1,1344.7,-153.1,876.1,47.71,33.97,-1.42,0.04,14.53,RUN,OK,RUN,0.98
2026-01-27T00:47:16.635921Z,66.54,65.96,65.25,13.27,eco,0.05,36.85,7.26,98.47,710.0,7.21,870.9,1340.3,-161.0,876.7,47.71,33.97,-1.42,0.04,14.533,RUN,OK,RUN,0.98
2026-01-27T00:47:16.835921Z,66.64,66.07,65.38,13.45,eco,0.05,36.86,7.34,98.46,703.0,7.14,871.8,1335.7,-168.8,877.4,47.7,33.98,-1.42,0.04,14.537,RUN,OK,RUN,0.98
2026-01-27T00:47:17.035921Z,66.74,66.19,65.51,13.63,eco,0.05,36.86,7.41,98.44,696.0,7.07,872.6,1331.2,-176.6,878.1,47.7,33.98,-1.42,0.04,14.541,RUN,OK,RUN,0.98
2026-01-27T00:47:17.235921Z,66.83,66.3,65.64,13.81,eco,0.05,36.86,7.49,98.43,689.2,7.0,873.4,1326.7,-184.3,878.7,47.7,33.98,-1.43,0.04,14.544,RUN,OK,RUN,0.98
2026-01-27T00:47:17.435921Z,66.93,66.42,65.77,13.99,eco,0.05,36.86,7.57,98.42,682.3,6.93,874.3,1322.1,-191.9,879.4,47.69,33.99,-1.43,0.04,14.548,RUN,OK,RUN,0.98
2026-01-27T00:47:17.635921Z,67.03,66.53,65.9,14.18,eco,0.05,36.86,7.64,98.4,675.6,6.87,875.1,1317.4,-199.5,880.1,47.69,33.99,-1.43,0.04,14.552,RUN,OK,RUN,0.98
2026-01-27T00:47:17.835921Z,67.13,66.65,66.03,14.36,eco,0.05,36.86,7.72,98.39,668.9,6.8,875.9,1312.8,-207.0,880.7,47.69,33.99,-1.43,0.04,14.555,RUN,OK,RUN,0.98
2026-01-27T00:47:18.035921Z,67.22,66.76,66.17,14.55,eco,0.05,36.86,7.8,98.37,662.3,6.73,876.7,1308.1,-214.4,881.4,47.69,33.99,-1.43,0.03,14.559,RUN,OK,RUN,0.98
2026-01-27T00:47:18.235921Z,67.32,66.88,66.3,14.73,eco,0.05,36.87,7.87,98.36,655.8,6.67,877.6,1303.4,-221.8,882.1,47.68,34.0,-1.43,0.03,14.563,RUN,OK,RUN,0.98
2026-01-27T00:47:18.435921Z,67.42,66.99,66.43,14.92,eco,0.0502,36.87,7.95,98.34,649.3,6.6,878.4,1298.7,-229.1,882.7,47.68,34.0,-1.43,0.03,14.566,RUN,OK,RUN,0.98
2026-01-27T00:47:18.635921Z,67.52,67.11,66.56,15.11,eco,0.0506,36.87,8.03,98.33,642.9,6.54,879.2,1294.0,-236.4,883.4,47.68,34.0,-1.43,0.03,14.57,RUN,OK,RUN,0.98
2026-01-27T00:47:18.835921Z,67.62,67.22,66.7,15.3,eco,0.051,36.87,8.11,98.31,636.5,6.47,880.1,1289.2,-243.6,884.1,47.67,34.01,-1.44,0.03,14.574,RUN,OK,RUN,0.98
2026-01-27T00:47:19.035921Z,67.72,67.34,66.83,15.49,eco,0.0517,36.87,8.18,98.3,630.2,6.41,880.9,1284.4,-250.7,884.7,47.67,34.01,-1.44,0.03,14.577,RUN,OK,RUN,0.98
2026-01-27T00:47:19.235921Z,67.82,67.45,66.97,15.68,eco,0.0524,36.87,8.26,98.28,624.0,6.35,881.7,1279.6,-257.7,885.4,47.67,34.01,-1.44,0.03,14.581,RUN,OK,RUN,0.98
2026-01-27T00:47:19.435921Z,67.92,67.57,67.1,15.87,eco,0.0533,36.87,8.34,98.27,617.9,6.29,882.6,1274.8,-264.7,886.1,47.66,34.02,-1.44,0.03,14.585,RUN,OK,RUN,0.98
2026-01-27T00:47:19.635921Z,68.01,67.68,67.24,16.06,eco,0.0543,36.88,8.42,98.25,611.8,6.23,883.4,1269.9,-271.6,886.7,47.66,34.02,-1.44,0.02,14.589,RUN,OK,RUN,0.98
2026-01-27T00:47:19.835921Z,68.11,67.8,67.38,16.26,eco,0.0554,36.88,8.5,98.24,605.9,6.17,884.2,1265.0,-278.4,887.4,47.66,34.02,-1.44,0.02,14.592,RUN,OK,RUN,0.98
2026-01-27T00:47:20.035921Z,68.21,67.91,67.51,16.45,eco,0.0567,36.88,8.57,98.22,599.9,6.11,885.1,1260.1,-285.1,888.1,47.66,34.03,-1.44,0.02,14.596,RUN,OK,RUN,0.98
2026-01-27T00:47:20.235921Z,68.31,68.03,67.65,16.65,eco,0.0581,36.88,8.65,98.21,594.1,6.05,885.9,1255.2,-291.8,888.7,47.65,34.03,-1.44,0.02,14.6,RUN,OK,RUN,0.98
2026-01-27T00:47:20.435921Z,68.41,68.15,67.79,16.84,eco,0.0597,36.88,8.73,98.19,588.3,5.99,886.7,1250.3,-298.4,889.4,47.65,34.03,-1.45,0.02,14.604,RUN,OK,RUN,0.98
2026-01-27T00:47:20.635921Z,68.51,68.26,67.92,17.04,eco,0.0613,36.88,8.81,98.17,582.6,5.93,887.6,1245.3,-304.9,890.1,47.65,34.04,-1.45,0.02,14.607,RUN,OK,RUN,0.98
2026-01-27T00:47:20.835921Z,68.61,68.38,68.06,17.23,eco,0.0631,36.88,8.89,98.16,577.0,5.88,888.4,1240.3,-311.4,890.7,47.64,34.04,-1.45,0.02,14.611,RUN,OK,RUN,0.98
2026-01-27T00:47:21.035921Z,68.71,68.5,68.2,17.43,eco,0.065,36.89,8.97,98.14,571.5,5.82,889.2,1235.3,-317.8,891.4,47.64,34.04,-1.45,0.02,14.615,RUN,OK,RUN,0.98
2026-01-27T00:47:21.235921Z,68.81,68.61,68.34,17.63,eco,0.067,36.89,9.05,98.13,566.0,5.77,890.1,1230.3,-324.1,892.1,47.64,34.04,-1.45,0.01,14.619,RUN,OK,RUN,0.98
2026-01-27T00:47:21.435921Z,68.91,68.73,68.48,17.83,eco,0.0692,36.89,9.13,98.11,560.6,5.71,890.9,1225.2,-330.3,892.7,47.63,34.05,-1.45,0.01,14.623,RUN,OK,RUN,0.98
2026-01-27T00:47:21.635921Z,69.01,68.84,68.62,18.02,eco,0.0715,36.89,9.21,98.1,555.3,5.66,891.7,1220.2,-336.4,893.4,47.63,34.05,-1.45,0.01,14.626,RUN,OK,RUN,0.98
2026-01-27T00:47:21.835921Z,69.11,68.96,68.75,18.22,eco,0.0738,36.89,9.29,98.08,550.1,5.61,892.6,1215.1,-342.5,894.1,47.63,34.05,-1.45,0.01,14.63,RUN,OK,RUN,0.98
2026-01-27T00:47:22.035921Z,69.21,69.08,68.89,18.42,eco,0.0764,36.89,9.37,98.07,545.0,5.56,893.4,1210.0,-348.4,894.7,47.62,34.06,-1.45,0.01,14.634,RUN,OK,RUN,0.98
2026-01-27T00:47:22.235921Z,69.31,69.19,69.03,18.62,eco,0.079,36.89,9.45,98.05,539.9,5.51,894.2,1204.9,-354.3,895.4,47.62,34.06,-1.46,0.01,14.638,RUN,OK,RUN,0.98
2026-01-27T00:47:22.435921Z,69.41,69.31,69.17,18.82,eco,0.0817,36.89,9.53,98.03,534.9,5.46,895.1,1199.7,-360.1,896.1,47.62,34.06,-1.46,0.01,14.642,RUN,OK,RUN,0.98
2026-01-27T00:47:22.635921Z,69.51,69.43,69.31,19.02,eco,0.0845,36.9,9.61,98.02,530.0,5.41,895.9,1194.6,-365.9,896.7,47.61,34.07,-1.46,0.01,14.646,RUN,OK,RUN,0.98
2026-01-27T00:47:22.835921Z,69.61,69.54,69.45,19.22,eco,0.0875,36.9,9.69,98.0,525.2,5.36,896.7,1189.4,-371.5,897.4,47.61,34.07,-1.46,0.0,14.649,RUN,OK,RUN,0.98
2026-01-27T00:47:23.035921Z,69.71,69.66,69.59,19.42,eco,0.0905,36.9,9.77,97.99,520.5,5.31,897.6,1184.2,-377.1,898.1,47.61,34.07,-1.46,0.0,14.653,RUN,OK,RUN,0.98
2026-01-27T00:47:23.235921Z,69.81,69.78,69.73,19.62,eco,0.0937,36.9,9.85,97.97,515.8,5.27,898.4,1179.0,-382.6,898.7,47.6,34.08,-1.46,0.0,14.657,RUN,OK,RUN,0.98
2026-01-27T00:47:23.435921Z,69.91,69.89,69.87,19.82,eco,0.097,36.9,9.93,97.95,511.3,5.22,899.2,1173.8,-388.0,899.4,47.6,34.08,-1.46,0.0,14.661,RUN,OK,RUN,0.98
2026-01-27T00:47:23.635921Z,70.01,70.01,70.01,20.02,power,0.1003,36.9,10.01,97.94,506.8,5.17,900.1,1168.6,-393.3,900.1,47.6,34.08,-1.46,-0.0,14.665,RUN,OK,RUN,0.98
2026-01-27T00:47:23.835921Z,70.11,70.13,70.15,20.22,power,0.1038,36.9,10.09,97.92,502.4,5.13,900.9,1163.3,-398.5,900.7,47.59,34.08,-1.46,-0.0,14.669,RUN,OK,RUN,0.98
2026-01-27T00:47:24.035921Z,70.21,70.24,70.29,20.42,power,0.1074,36.9,10.17,97.91,498.1,5.09,901.7,1158.1,-403.7,901.4,47.59,34.09,-1.46,-0.0,14.673,RUN,OK,RUN,0.98
2026-01-27T00:47:24.235921Z,70.31,70.36,70.43,20.62,power,0.111,36.91,10.25,97.89,493.9,5.05,902.6,1152.8,-408.7,902.1,47.59,34.09,-1.47,-0.0,14.677,RUN,OK,RUN,0.98
2026-01-27T00:47:24.435921Z,70.41,70.48,70.57,20.82,power,0.1148,36.91,10.33,97.87,489.7,5.0,903.4,1147.5,-413.7,902.7,47.58,34.09,-1.47,-0.01,14.681,RUN,OK,RUN,0.98
2026-01-27T00:47:24.635921Z,70.51,70.59,70.71,21.02,power,0.1186,36.91,10.41,97.86,485.7,4.96,904.2,1142.2,-418.6,903.4,47.58,34.1,-1.47,-0.01,14.685,RUN,OK,RUN,0.98
2026-01-27T00:47:24.835921Z,70.61,70.71,70.85,21.22,power,0.1226,36.91,10.49,97.84,481.7,4.92,905.1,1136.9,-423.4,904.1,47.58,34.1,-1.47,-0.01,14.689,RUN,OK,RUN,0.98
2026-01-27T00:47:25.035921Z,70.71,70.83,70.99,21.42,power,0.1266,36.91,10.57,97.82,477.9,4.88,905.9,1131.6,-428.1,904.7,47.57,34.1,-1.47,-0.01,14.692,RUN,OK,RUN,0.98
2026-01-27T00:47:25.235921Z,70.81,70.94,71.13,21.61,power,0.1307,36.91,10.65,97.81,474.1,4.85,906.7,1126.3,-432.7,905.4,47.57,34.11,-1.47,-0.01,14.696,RUN,OK,RUN,0.98
2026-01-27T00:47:25.435921Z,70.91,71.06,71.27,21.81,power,0.1349,36.91,10.73,97.79,470.4,4.81,907.6,1120.9,-437.2,906.1,47.57,34.11,-1.47,-0.01,14.7,RUN,OK,RUN,0.98
2026-01-27T00:47:25.635921Z,71.01,71.18,71.41,22.01,power,0.1392,36.91,10.81,97.77,466.8,4.77,908.4,1115.6,-441.6,906.7,47.56,34.11,-1.47,-0.01,14.704,RUN,OK,RUN,0.98
2026-01-27T00:47:25.835921Z,71.11,71.29,71.55,22.21,power,0.1436,36.92,10.89,97.76,463.3,4.74,909.2,1110.2,-446.0,907.4,47.56,34.11,-1.47,-0.01,14.708,RUN,OK,RUN,0.98
2026-01-27T00:47:26.035921Z,71.21,71.41,71.69,22.41,power,0.148,36.92,10.96,97.74,459.9,4.7,910.1,1104.9,-450.2,908.1,47.56,34.12,-1.47,-0.02,14.712,RUN,OK,RUN,0.98
2026-01-27T00:47:26.235921Z,71.31,71.53,71.82,22.6,power,0.1526,36.92,11.04,97.72,456.5,4.67,910.9,1099.5,-454.4,908.7,47.55,34.12,-1.47,-0.02,14.716,RUN,OK,RUN,0.98
2026-01-27T00:47:26.435921Z,71.41,71.64,71.96,22.8,power,0.1572,36.92,11.12,97.71,453.3,4.64,911.7,1094.1,-458.4,909.4,47.55,34.12,-1.47,-0.02,14.72,RUN,OK,RUN,0.98
2026-01-27T00:47:26.635921Z,71.51,71.76,72.1,23.0,power,0.1619,36.92,11.2,97.69,450.1,4.61,912.6,1088.7,-462.4,910.1,47.55,34.13,-1.48,-0.02,14.724,RUN,OK,RUN,0.98
2026-01-27T00:47:26.835921Z,71.61,71.87,72.24,23.19,power,0.1666,36.92,11.28,97.67,447.1,4.58,913.4,1083.3,-466.3,910.7,47.54,34.13,-1.48,-0.02,14.728,RUN,OK,RUN,0.98
2026-01-27T00:47:27.035921Z,71.71,71.99,72.38,23.39,power,0.1715,36.92,11.36,97.66,444.1,4.55,914.2,1077.9,-470.1,911.4,47.54,34.13,-1.48,-0.02,14.732,RUN,OK,RUN,0.98
2026-01-27T00:47:27.235921Z,71.8,72.11,72.51,23.58,power,0.1764,36.92,11.44,97.64,441.3,4.52,915.1,1072.5,-473.8,912.1,47.54,34.14,-1.48,-0.02,14.736,RUN,OK,RUN,0.98
2026-01-27T00:47:27.435921Z,71.9,72.22,72.65,23.78,power,0.1813,36.92,11.52,97.62,438.5,4.49,915.9,1067.1,-477.4,912.7,47.53,34.14,-1.48,-0.02,14.74,RUN,OK,RUN,0.98
2026-01-27T00:47:27.635921Z,72.0,72.34,72.78,23.97,power,0.1864,36.93,11.6,97.6,435.8,4.47,916.7,1061.7,-480.9,913.4,47.53,34.14,-1.48,-0.03,14.744,RUN,OK,RUN,0.98
2026-01-27T00:47:27.835921Z,72.1,72.45,72.92,24.16,power,0.1915,36.93,11.67,97.59,433.2,4.44,917.6,1056.2,-484.3,914.1,47.52,34.14,-1.48,-0.03,14.748,RUN,OK,RUN,0.98
2026-01-27T00:47:28.035921Z,72.2,72.57,73.06,24.35,power,0.1966,36.93,11.75,97.57,430.8,4.41,918.4,1050.8,-487.7,914.7,47.52,34.15,-1.48,-0.03,14.753,RUN,OK,RUN,0.98
2026-01-27T00:47:28.235921Z,72.3,72.68,73.19,24.55,power,0.2018,36.93,11.83,97.55,428.4,4.39,919.2,1045.4,-490.9,915.4,47.52,34.15,-1.48,-0.03,14.757,RUN,OK,RUN,0.98
2026-01-27T00:47:28.435921Z,72.4,72.8,73.33,24.74,power,0.2071,36.93,11.91,97.54,426.1,4.37,920.1,1039.9,-494.0,916.1,47.51,34.15,-1.48,-0.03,14.761,RUN,OK,RUN,0.98
2026-01-27T00:47:28.635921Z,72.5,72.91,73.46,24.92,power,0.2125,36.93,11.99,97.52,423.9,4.35,920.9,1034.5,-497.0,916.7,47.51,34.16,-1.48,-0.03,14.765,RUN,OK,RUN,0.98
2026-01-27T00:47:28.835921Z,72.6,73.03,73.59,25.11,power,0.2178,36.93,12.06,97.5,421.8,4.33,921.7,1029.0,-500.0,917.4,47.51,34.16,-1.48,-0.03,14.769,RUN,OK,RUN,0.98
2026-01-27T00:47:29.035921Z,72.69,73.15,73.73,25.3,power,0.2233,36.93,12.14,97.48,419.7,4.31,922.6,1023.6,-502.8,918.1,47.5,34.16,-1.48,-0.03,14.773,RUN,OK,RUN,0.98
2026-01-27T00:47:29.235921Z,72.79,73.26,73.86,25.49,power,0.2288,36.93,12.22,97.47,417.8,4.29,923.4,1018.1,-505.6,918.7,47.5,34.17,-1.48,-0.04,14.777,RUN,OK,RUN,0.98
2026-01-27T00:47:29.435921Z,72.89,73.37,73.99,25.67,power,0.2343,36.93,12.29,97.45,416.0,4.27,924.2,1012.7,-508.2,919.4,47.5,34.17,-1.49,-0.04,14.781,RUN,OK,RUN,0.98
2026-01-27T00:47:29.635921Z,72.99,73.49,74.12,25.86,power,0.2399,36.94,12.37,97.43,414.3,4.25,925.1,1007.2,-510.8,920.1,47.49,34.17,-1.49,-0.04,14.785,RUN,OK,RUN,0.98
2026-01-27T00:47:29.835921Z,73.09,73.6,74.25,26.04,power,0.2456,36.94,12.45,97.41,412.7,4.24,925.9,1001.8,-513.2,920.7,47.49,34.17,-1.49,-0.04,14.789,RUN,OK,RUN,0.98
2026-01-27T00:47:30.035921Z,73.18,73.72,74.38,26.22,power,0.2512,36.94,12.52,97.4,411.1,4.22,926.7,996.3,-515.6,921.4,47.48,34.18,-1.49,-0.04,14.794,RUN,OK,RUN,0.98
2026-01-27T00:47:30.235921Z,73.28,73.83,74.51,26.41,power,0.257,36.94,12.6,97.38,409.7,4.21,927.6,990.9,-517.9,922.0,47.48,34.18,-1.49,-0.04,14.798,RUN,OK,RUN,0.98
2026-01-27T00:47:30.435921Z,73.38,73.95,74.64,26.59,power,0.2627,36.94,12.67,97.36,408.4,4.19,928.4,985.4,-520.0,922.7,47.48,34.18,-1.49,-0.04,14.802,RUN,OK,RUN,0.98
2026-01-27T00:47:30.635921Z,73.48,74.06,74.77,26.76,power,0.2685,36.94,12.75,97.34,407.1,4.18,929.2,980.0,-522.1,923.4,47.47,34.19,-1.49,-0.04,14.806,RUN,OK,RUN,0.98
2026-01-27T00:47:30.835921Z,73.57,74.17,74.9,26.94,power,0.2743,36.94,12.82,97.33,406.0,4.17,930.1,974.5,-524.0,924.0,47.47,34.19,-1.49,-0.05,14.81,RUN,OK,RUN,0.98
2026-01-27T00:47:31.035921Z,73.67,74.29,75.02,27.12,power,0.2802,36.94,12.9,97.31,405.0,4.16,930.9,969.1,-525.9,924.7,47.47,34.19,-1.49,-0.05,14.814,RUN,OK,RUN,0.98
2026-01-27T00:47:31.235921Z,73.77,74.4,75.15,27.29,power,0.2861,36.94,12.97,97.29,404.0,4.15,931.7,963.6,-527.7,925.4,47.46,34.2,-1.49,-0.05,14.818,RUN,OK,RUN,0.98
2026-01-27T00:47:31.435921Z,73.86,74.51,75.27,27.47,power,0.292,36.94,13.05,97.27,403.2,4.14,932.6,958.2,-529.4,926.0,47.46,34.2,-1.49,-0.05,14.823,RUN,OK,RUN,0.98
2026-01-27T00:47:31.635921Z,73.96,74.63,75.4,27.64,power,0.298,36.95,13.12,97.26,402.4,4.14,933.4,952.7,-530.9,926.7,47.45,34.2,-1.49,-0.05,14.827,RUN,OK,RUN,0.98
2026-01-27T00:47:31.835921Z,74.06,74.74,75.52,27.81,power,0.3039,36.95,13.2,97.24,401.8,4.13,934.2,947.3,-532.4,927.4,47.45,34.2,-1.49,-0.05,14.831,RUN,OK,RUN,0.98
2026-01-27T00:47:32.035921Z,74.15,74.85,75.65,27.98,power,0.3099,36.95,13.27,97.22,401.3,4.13,935.0,941.9,-533.8,928.0,47.45,34.21,-1.49,-0.05,14.835,RUN,OK,RUN,0.98
2026-01-27T00:47:32.235921Z,74.25,74.97,75.77,28.15,power,0.316,36.95,13.34,97.2,400.8,4.12,935.9,936.4,-535.1,928.7,47.44,34.21,-1.49,-0.05,14.839,RUN,OK,RUN,0.98
2026-01-27T00:47:32.435921Z,74.35,75.08,75.89,28.32,power,0.322,36.95,13.41,97.18,400.5,4.12,936.7,931.0,-536.3,929.4,47.44,34.21,-1.49,-0.05,14.844,RUN,OK,RUN,0.98
2026-01-27T00:47:32.635921Z,74.44,75.19,76.01,28.48,power,0.3281,36.95,13.49,97.17,400.2,4.12,937.5,925.6,-537.3,930.0,47.44,34.22,-1.49,-0.06,14.848,RUN,OK,RUN,0.98
2026-01-27T00:47:32.835921Z,74.54,75.3,76.13,28.65,power,0.3341,36.95,13.56,97.15,400.1,4.12,938.4,920.2,-538.3,930.7,47.43,34.22,-1.49,-0.06,14.852,RUN,OK,RUN,0.98
2026-01-27T00:47:33.035921Z,74.63,75.41,76.25,28.81,power,0.3402,36.95,13.63,97.13,400.0,4.12,939.2,914.8,-539.2,931.4,47.43,34.22,-1.49,-0.06,14.856,RUN,OK,RUN,0.98
2026-01-27T00:47:33.235921Z,74.73,75.52,76.37,28.97,power,0.3463,36.95,13.7,97.11,400.0,4.12,940.0,909.4,-540.0,932.0,47.42,34.22,-1.49,-0.06,14.861,RUN,OK,RUN,0.98
2026-01-27T00:47:33.435921Z,74.82,75.64,76.48,29.13,power,0.3524,36.95,13.77,97.09,400.2,4.12,940.9,904.0,-540.7,932.7,47.42,34.23,-1.49,-0.06,14.865,RUN,OK,RUN,0.98
2026-01-27T00:47:33.635921Z,74.92,75.75,76.6,29.29,power,0.3586,36.95,13.84,97.08,400.4,4.12,941.7,898.6,-541.3,933.4,47.42,34.23,-1.5,-0.06,14.869,RUN,OK,RUN,0.98
2026-01-27T00:47:33.835921Z,75.01,75.86,76.72,29.45,power,0.3647,36.96,13.91,97.06,400.8,4.13,942.5,893.3,-541.7,934.0,47.41,34.23,-1.5,-0.06,14.873,RUN,OK,RUN,0.98
2026-01-27T00:47:34.035921Z,75.1,75.97,76.83,29.6,power,0.3708,36.96,13.98,97.04,401.2,4.13,943.4,887.9,-542.1,934.7,47.41,34.24,-1.5,-0.06,14.878,RUN,OK,RUN,0.98
2026-01-27T00:47:34.235921Z,75.2,76.08,76.95,29.75,power,0.3769,36.96,14.05,97.02,401.8,4.14,944.2,882.5,-542.4,935.3,47.4,34.24,-1.5,-0.07,14.882,RUN,OK,RUN,0.98
2026-01-27T00:47:34.435921Z,75.29,76.19,77.06,29.9,power,0.3831,36.96,14.12,97.0,402.4,4.15,945.0,877.2,-542.6,936.0,47.4,34.24,-1.5,-0.07,14.886,RUN,OK,RUN,0.98
2026-01-27T00:47:34.635921Z,75.39,76.3,77.17,30.05,power,0.3892,36.96,14.19,96.98,403.1,4.16,945.8,871.9,-542.7,936.7,47.4,34.24,-1.5,-0.07,14.89,RUN,OK,RUN,0.98
2026-01-27T00:47:34.835921Z,75.48,76.41,77.28,30.2,power,0.3953,36.96,14.26,96.97,404.0,4.17,946.7,866.5,-542.7,937.3,47.39,34.25,-1.5,-0.07,14.895,RUN,OK,RUN,0.98
2026-01-27T00:47:35.035921Z,75.57,76.52,77.39,30.35,power,0.4014,36.96,14.32,96.95,404.9,4.18,947.5,861.2,-542.6,938.0,47.39,34.25,-1.5,-0.07,14.899,RUN,OK,RUN,0.98
2026-01-27T00:47:35.235921Z,75.66,76.63,77.5,30.49,power,0.4075,36.96,14.39,96.93,405.9,4.19,948.3,855.9,-542.4,938.7,47.38,34.25,-1.5,-0.07,14.903,RUN,OK,RUN,0.98
2026-01-27T00:47:35.435921Z,75.76,76.74,77.61,30.63,power,0.4136,36.96,14.46,96.91,407.1,4.2,949.2,850.6,-542.1,939.3,47.38,34.26,-1.5,-0.07,14.908,RUN,OK,RUN,0.98
2026-01-27T00:47:35.635921Z,75.85,76.84,77.71,30.77,power,0.4197,36.96,14.52,96.89,408.3,4.21,950.0,845.4,-541.7,940.0,47.38,34.26,-1.5,-0.07,14.912,RUN,OK,RUN,0.98
2026-01-27T00:47:35.835921Z,75.94,76.95,77.82,30.91,power,0.4258,36.96,14.59,96.87,409.6,4.23,950.8,840.1,-541.2,940.7,47.37,34.26,-1.5,-0.08,14.916,RUN,OK,RUN,0.98
2026-01-27T00:47:36.035921Z,76.03,77.06,77.93,31.05,power,0.4318,36.96,14.65,96.85,411.0,4.24,951.6,834.9,-540.6,941.3,47.37,34.26,-1.5,-0.08,14.921,RUN,OK,RUN,0.98
2026-01-27T00:47:36.235921Z,76.12,77.17,78.03,31.18,power,0.4379,36.96,14.72,96.84,412.6,4.26,952.5,829.6,-539.9,942.0,47.36,34.27,-1.5,-0.08,14.925,RUN,OK,RUN,0.98
2026-01-27T00:47:36.435921Z,76.22,77.28,78.13,31.31,power,0.4439,36.97,14.78,96.82,414.2,4.28,953.3,824.4,-539.1,942.6,47.36,34.27,-1.5,-0.08,14.929,RUN,OK,RUN,0.98
2026-01-27T00:47:36.635921Z,76.31,77.38,78.23,31.44,power,0.4499,36.97,14.85,96.8,415.9,4.3,954.1,819.2,-538.2,943.3,47.35,34.27,-1.5,-0.08,14.934,RUN,OK,RUN,0.98
2026-01-27T00:47:36.835921Z,76.4,77.49,78.34,31.57,power,0.4559,36.97,14.91,96.78,417.7,4.32,955.0,814.0,-537.3,944.0,47.35,34.28,-1.5,-0.08,14.938,RUN,OK,RUN,0.98
2026-01-27T00:47:37.035921Z,76.49,77.6,78.44,31.7,power,0.4618,36.97,14.97,96.76,419.6,4.34,955.8,808.8,-536.2,944.6,47.35,34.28,-1.5,-0.08,14.942,RUN,OK,RUN,0.98
2026-01-27T00:47:37.235921Z,76.58,77.7,78.53,31.82,power,0.4677,36.97,15.04,96.74,421.6,4.36,956.6,803.7,-535.0,945.3,47.34,34.28,-1.5,-0.08,14.947,RUN,OK,RUN,0.98
2026-01-27T00:47:37.435921Z,76.67,77.81,78.63,31.94,power,0.4736,36.97,15.1,96.72,423.7,4.38,957.4,798.5,-533.7,946.0,47.34,34.28,-1.5,-0.09,14.951,RUN,OK,RUN,0.98
2026-01-27T00:47:37.635921Z,76.76,77.91,78.73,32.06,power,0.4795,36.97,15.16,96.7,425.9,4.4,958.3,793.4,-532.4,946.6,47.33,34.29,-1.5,-0.09,14.955,RUN,OK,RUN,0.98
2026-01-27T00:47:37.835921Z,76.85,78.02,78.82,32.18,power,0.4853,36.97,15.22,96.69,428.2,4.43,959.1,788.3,-530.9,947.3,47.33,34.29,-1.5,-0.09,14.96,RUN,OK,RUN,0.98
2026-01-27T00:47:38.035921Z,76.93,78.12,78.92,32.3,power,0.4911,36.97,15.28,96.67,430.6,4.45,959.9,783.2,-529.3,947.9,47.33,34.29,-1.5,-0.09,14.964,RUN,OK,RUN,0.98
2026-01-27T00:47:38.235921Z,77.02,78.23,79.01,32.41,power,0.4968,36.97,15.34,96.65,433.1,4.48,960.8,778.1,-527.7,948.6,47.32,34.29,-1.5,-0.09,14.969,RUN,OK,RUN,0.98
2026-01-27T00:47:38.435921Z,77.11,78.33,79.1,32.52,power,0.5025,36.97,15.4,96.63,435.6,4.51,961.6,773.0,-525.9,949.3,47.32,34.3,-1.5,-0.09,14.973,RUN,OK,RUN,0.98
2026-01-27T00:47:38.635921Z,77.2,78.44,79.19,32.63,power,0.5082,36.97,15.46,96.61,438.3,4.54,962.4,768.0,-524.1,949.9,47.31,34.3,-1.5,-0.09,14.977,RUN,OK,RUN,0.98
2026-01-27T00:47:38.835921Z,77.29,78.54,79.28,32.74,power,0.5138,36.97,15.52,96.59,441.1,4.57,963.2,763.0,-522.2,950.6,47.31,34.3,-1.5,-0.09,14.982,RUN,OK,RUN,0.98
2026-01-27T00:47:39.035921Z,77.37,78.64,79.37,32.84,power,0.5194,36.97,15.57,96.57,443.9,4.6,964.1,758.0,-520.1,951.3,47.3,34.31,-1.5,-0.1,14.986,RUN,OK,RUN,0.98
2026-01-27T00:47:39.235921Z,77.46,78.75,79.46,32.95,power,0.5249,36.98,15.63,96.55,446.9,4.63,964.9,753.0,-518.0,951.9,47.3,34.31,-1.5,-0.1,14.991,RUN,OK,RUN,0.98
2026-01-27T00:47:39.435921Z,77.55,78.85,79.55,33.04,power,0.5304,36.98,15.69,96.53,449.9,4.66,965.7,748.0,-515.8,952.6,47.3,34.31,-1.5,-0.1,14.995,RUN,OK,RUN,0.98
2026-01-27T00:47:39.635921Z,77.63,78.95,79.63,33.14,power,0.5359,36.98,15.74,96.52,453.1,4.69,966.5,743.1,-513.5,953.2,47.29,34.31,-1.5,-0.1,15.0,RUN,OK,RUN,0.98
2026-01-27T00:47:39.835921Z,77.72,79.05,79.72,33.24,power,0.5413,36.98,15.8,96.5,456.3,4.73,967.4,738.2,-511.1,953.9,47.29,34.32,-1.5,-0.1,15.004,RUN,OK,RUN,0.98
2026-01-27T00:47:40.035921Z,77.81,79.16,79.8,33.33,power,0.5466,36.98,15.85,96.48,459.6,4.76,968.2,733.3,-508.6,954.6,47.28,34.32,-1.5,-0.1,15.008,RUN,OK,RUN,0.98
2026-01-27T00:47:40.235921Z,77.89,79.26,79.88,33.42,power,0.5519,36.98,15.91,96.46,463.0,4.8,969.0,728.4,-506.0,955.2,47.28,34.32,-1.5,-0.1,15.013,RUN,OK,RUN,0.98
2026-01-27T00:47:40.435921Z,77.98,79.36,79.96,33.51,power,0.5571,36.98,15.96,96.44,466.5,4.84,969.8,723.5,-503.3,955.9,47.27,34.32,-1.5,-0.1,15.017,RUN,OK,RUN,0.98
2026-01-27T00:47:40.635921Z,78.06,79.46,80.04,33.59,power,0.5622,36.98,16.01,96.42,470.1,4.88,970.7,718.7,-500.5,956.5,47.27,34.33,-1.5,-0.11,15.022,RUN,OK,RUN,0.98
2026-01-27T00:47:40.835921Z,78.14,79.56,80.12,33.68,power,0.5673,36.98,16.07,96.4,473.8,4.92,971.5,713.9,-497.7,957.2,47.27,34.33,-1.5,-0.11,15.026,RUN,OK,RUN,0.98
2026-01-27T00:47:41.035921Z,78.23,79.66,80.2,33.76,power,0.5724,36.98,16.12,96.38,477.6,4.96,972.3,709.1,-494.7,957.9,47.26,34.33,-1.5,-0.11,15.031,RUN,OK,RUN,0.98
2026-01-27T00:47:41.235921Z,78.31,79.76,80.27,33.84,power,0.5773,36.98,16.17,96.36,481.4,5.0,973.1,704.4,-491.7,958.5,47.26,34.34,-1.5,-0.11,15.035,RUN,OK,RUN,0.98
2026-01-27T00:47:41.435921Z,78.39,79.86,80.35,33.91,power,0.5822,36.98,16.22,96.34,485.4,5.04,974.0,699.6,-488.6,959.2,47.25,34.34,-1.5,-0.11,15.04,RUN,OK,RUN,0.98
2026-01-27T00:47:41.635921Z,78.48,79.96,80.42,33.99,power,0.5871,36.98,16.27,96.32,489.4,5.08,974.8,694.9,-485.4,959.8,47.25,34.34,-1.5,-0.11,15.044,RUN,OK,RUN,0.98
2026-01-27T00:47:41.835921Z,78.56,80.05,80.5,34.06,power,0.5918,36.98,16.32,96.3,493.6,5.13,975.6,690.2,-482.0,960.5,47.24,34.34,-1.5,-0.11,15.048,RUN,OK,RUN,0.98
2026-01-27T00:47:42.035921Z,78.64,80.15,80.57,34.13,power,0.5965,36.98,16.37,96.29,497.8,5.17,976.4,685.6,-478.7,961.2,47.24,34.35,-1.5,-0.11,15.053,RUN,OK,RUN,0.98
2026-01-27T00:47:42.235921Z,78.72,80.25,80.64,34.19,power,0.6011,36.98,16.42,96.27,502.1,5.22,977.3,681.0,-475.2,961.8,47.23,34.35,-1.5,-0.12,15.057,RUN,OK,RUN,0.98
2026-01-27T00:47:42.435921Z,78.8,80.35,80.71,34.26,power,0.6057,36.98,16.46,96.25,506.5,5.26,978.1,676.3,-471.6,962.5,47.23,34.35,-1.5,-0.12,15.062,RUN,OK,RUN,0.98
2026-01-27T00:47:42.635921Z,78.88,80.44,80.78,34.32,power,0.6101,36.98,16.51,96.23,510.9,5.31,978.9,671.8,-468.0,963.1,47.23,34.35,-1.5,-0.12,15.066,RUN,OK,RUN,0.98
2026-01-27T00:47:42.835921Z,78.97,80.54,80.84,34.38,power,0.6145,36.99,16.56,96.21,515.5,5.36,979.7,667.2,-464.2,963.8,47.22,34.36,-1.5,-0.12,15.071,RUN,OK,RUN,0.98
2026-01-27T00:47:43.035921Z,79.05,80.64,80.91,34.43,power,0.6188,36.99,16.6,96.19,520.1,5.41,980.6,662.7,-460.4,964.4,47.22,34.36,-1.5,-0.12,15.075,RUN,OK,RUN,0.98
2026-01-27T00:47:43.235921Z,79.12,80.73,80.97,34.48,power,0.6231,36.99,16.65,96.17,524.9,5.46,981.4,658.2,-456.5,965.1,47.21,34.36,-1.5,-0.12,15.08,RUN,OK,RUN,0.98
2026-01-27T00:47:43.435921Z,79.2,80.83,81.04,34.54,power,0.6272,36.99,16.69,96.15,529.7,5.51,982.2,653.7,-452.5,965.8,47.21,34.37,-1.5,-0.12,15.084,RUN,OK,RUN,0.98
2026-01-27T00:47:43.635921Z,79.28,80.92,81.1,34.58,power,0.6312,36.99,16.74,96.13,534.6,5.56,983.0,649.3,-448.4,966.4,47.2,34.37,-1.5,-0.12,15.089,RUN,OK,RUN,0.98
2026-01-27T00:47:43.835921Z,79.36,81.01,81.16,34.63,power,0.6352,36.99,16.78,96.11,539.6,5.61,983.8,644.9,-444.3,967.1,47.2,34.37,-1.5,-0.13,15.093,RUN,OK,RUN,0.98
2026-01-27T00:47:44.035921Z,79.44,81.11,81.22,34.67,power,0.6391,36.99,16.82,96.09,544.6,5.67,984.7,640.5,-440.1,967.7,47.19,34.37,-1.5,-0.13,15.098,RUN,OK,RUN,0.98
2026-01-27T00:47:44.235921Z,79.52,81.2,81.28,34.71,power,0.6429,36.99,16.86,96.07,549.8,5.72,985.5,636.1,-435.7,968.4,47.19,34.38,-1.5,-0.13,15.102,RUN,OK,RUN,0.98
2026-01-27T00:47:44.435921Z,79.59,81.29,81.34,34.75,power,0.6466,36.99,16.9,96.05,555.0,5.78,986.3,631.8,-431.3,969.0,47.19,34.38,-1.5,-0.13,15.107,RUN,OK,RUN,0.98
2026-01-27T00:47:44.635921Z,79.67,81.39,81.39,34.78,power,0.6502,36.99,16.94,96.03,560.3,5.83,987.1,627.5,-426.9,969.7,47.18,34.38,-1.5,-0.13,15.111,RUN,OK,RUN,0.98
2026-01-27T00:47:44.835921Z,79.75,81.48,81.45,34.82,power,0.6537,36.99,16.98,96.01,565.6,5.89,987.9,623.3,-422.3,970.4,47.18,34.38,-1.5,-0.13,15.116,RUN,OK,RUN,0.98
2026-01-27T00:47:45.035921Z,79.82,81.57,81.5,34.85,power,0.6571,36.99,17.02,95.99,571.1,5.95,988.8,619.0,-417.7,971.0,47.17,34.39,-1.5,-0.13,15.121,RUN,OK,RUN,0.98
2026-01-27T00:47:45.235921Z,79.9,81.66,81.56,34.87,power,0.6604,36.99,17.06,95.97,576.6,6.01,989.6,614.8,-413.0,971.7,47.17,34.39,-1.49,-0.13,15.125,RUN,OK,RUN,0.98
2026-01-27T00:47:45.435921Z,79.97,81.75,81.61,34.9,power,0.6636,36.99,17.1,95.95,582.2,6.07,990.4,610.7,-408.2,972.3,47.16,34.39,-1.49,-0.13,15.13,RUN,OK,RUN,0.98
2026-01-27T00:47:45.635921Z,80.05,81.84,81.66,34.92,power,0.6667,36.99,17.13,95.93,587.9,6.13,991.2,606.5,-403.3,973.0,47.16,34.39,-1.49,-0.14,15.134,RUN,OK,RUN,0.98
2026-01-27T00:47:45.835921Z,80.12,81.93,81.71,34.94,power,0.6697,36.99,17.17,95.91,593.7,6.19,992.0,602.4,-398.4,973.6,47.15,34.4,-1.49,-0.14,15.139,RUN,OK,RUN,0.98
2026-01-27T00:47:46.035921Z,80.19,82.02,81.76,34.96,power,0.6726,36.99,17.2,95.89,599.5,6.25,992.9,598.4,-393.3,974.3,47.15,34.4,-1.49,-0.14,15.143,RUN,OK,RUN,0.98
2026-01-27T00:47:46.235921Z,80.27,82.11,81.81,34.97,power,0.6754,36.99,17.24,95.88,605.4,6.31,993.7,594.3,-388.3,974.9,47.14,34.4,-1.49,-0.14,15.148,RUN,OK,RUN,0.98
2026-01-27T00:47:46.435921Z,80.34,82.2,81.86,34.98,power,0.6781,36.99,17.27,95.86,611.4,6.38,994.5,590.3,-383.1,975.6,47.14,34.4,-1.49,-0.14,15.152,RUN,OK,RUN,0.98
2026-01-27T00:47:46.635921Z,80.41,82.28,81.9,34.99,power,0.6807,36.99,17.31,95.84,617.5,6.44,995.3,586.4,-377.8,976.3,47.13,34.41,-1.49,-0.14,15.157,RUN,OK,RUN,0.98
2026-01-27T00:47:46.835921Z,80.48,82.37,81.95,35.0,power,0.6832,36.99,17.34,95.82,623.6,6.51,996.1,582.4,-372.5,976.9,47.13,34.41,-1.49,-0.14,15.161,RUN,OK,RUN,0.98
2026-01-27T00:47:47.035921Z,80.56,82.46,81.99,35.0,power,0.6855,36.99,17.37,95.8,629.8,6.57,997.0,578.5,-367.2,977.6,47.12,34.41,-1.49,-0.14,15.166,RUN,OK,RUN,0.98
2026-01-27T00:47:47.235921Z,80.63,82.54,82.03,35.0,power,0.6878,36.99,17.4,95.78,636.1,6.64,997.8,574.7,-361.7,978.2,47.12,34.41,-1.49,-0.15,15.171,RUN,OK,RUN,0.98
2026-01-27T00:47:47.435921Z,80.7,82.63,82.07,35.0,power,0.6899,36.99,17.43,95.76,642.4,6.71,998.6,570.8,-356.2,978.9,47.12,34.42,-1.49,-0.15,15.175,RUN,OK,RUN,0.98
2026-01-27T00:47:47.635921Z,80.77,82.71,82.11,34.99,power,0.6919,36.99,17.46,95.74,648.8,6.78,999.4,567.0,-350.6,979.5,47.11,34.42,-1.49,-0.15,15.18,RUN,OK,RUN,0.98
2026-01-27T00:47:47.835921Z,80.84,82.8,82.15,34.99,power,0.6938,36.99,17.49,95.72,655.3,6.85,1000.2,563.3,-344.9,980.2,47.11,34.42,-1.49,-0.15,15.184,RUN,OK,RUN,0.98
2026-01-27T00:47:48.035921Z,80.9,82.88,82.19,34.98,power,0.6956,37.0,17.52,95.7,661.8,6.92,1001.0,559.6,-339.2,980.8,47.1,34.43,-1.49,-0.15,15.189,RUN,OK,RUN,0.98
2026-01-27T00:47:48.235921Z,80.97,82.97,82.23,34.96,power,0.6973,37.0,17.54,95.68,668.4,6.99,1001.9,555.9,-333.4,981.5,47.1,34.43,-1.49,-0.15,15.193,RUN,OK,RUN,0.98
2026-01-27T00:47:48.435921Z,81.04,83.05,82.27,34.95,power,0.6988,37.0,17.57,95.66,675.1,7.06,1002.7,552.2,-327.5,982.1,47.09,34.43,-1.49,-0.15,15.198,RUN,OK,RUN,0.98
2026-01-27T00:47:48.635921Z,81.11,83.13,82.3,34.93,power,0.7002,37.0,17.59,95.64,681.9,7.13,1003.5,548.6,-321.6,982.8,47.09,34.43,-1.49,-0.15,15.202,RUN,OK,RUN,0.98
2026-01-27T00:47:48.835921Z,81.18,83.22,82.34,34.91,power,0.7015,37.0,17.62,95.62,688.7,7.2,1004.3,545.0,-315.6,983.4,47.08,34.44,-1.49,-0.16,15.207,RUN,OK,RUN,0.98
2026-01-27T00:47:49.035921Z,81.24,83.3,82.37,34.89,power,0.7027,37.0,17.64,95.6,695.5,7.28,1005.1,541.5,-309.6,984.1,47.08,34.44,-1.49,-0.16,15.212,RUN,OK,RUN,0.98
2026-01-27T00:47:49.235921Z,81.31,83.38,82.4,34.86,power,0.7037,37.0,17.67,95.58,702.5,7.35,1005.9,538.0,-303.5,984.7,47.07,34.44,-1.48,-0.16,15.216,RUN,OK,RUN,0.98
2026-01-27T00:47:49.435921Z,81.37,83.46,82.44,34.83,power,0.7046,37.0,17.69,95.56,709.5,7.42,1006.7,534.5,-297.3,985.4,47.07,34.44,-1.48,-0.16,15.221,RUN,OK,RUN,0.98
2026-01-27T00:47:49.635921Z,81.44,83.54,82.47,34.8,power,0.7054,37.0,17.71,95.54,716.5,7.5,1007.6,531.1,-291.0,986.0,47.06,34.45,-1.48,-0.16,15.225,RUN,OK,RUN,0.98
2026-01-27T00:47:49.835921Z,81.5,83.62,82.5,34.77,power,0.7061,37.0,17.73,95.52,723.6,7.58,1008.4,527.7,-284.8,986.7,47.06,34.45,-1.48,-0.16,15.23,RUN,OK,RUN,0.98
2026-01-27T00:47:50.035921Z,81.57,83.7,82.53,34.73,power,0.7066,37.0,17.75,95.5,730.8,7.65,1009.2,524.4,-278.4,987.3,47.05,34.45,-1.48,-0.16,15.235,RUN,OK,RUN,0.98
2026-01-27T00:47:50.235921Z,81.63,83.78,82.55,34.69,power,0.707,37.0,17.77,95.48,738.0,7.73,1010.0,521.1,-272.0,988.0,47.05,34.45,-1.48,-0.16,15.239,RUN,OK,RUN,0.98
2026-01-27T00:47:50.435921Z,81.69,83.85,82.58,34.65,power,0.7072,37.0,17.79,95.46,745.3,7.81,1010.8,517.8,-265.5,988.7,47.04,34.46,-1.48,-0.16,15.244,RUN,OK,RUN,0.98
2026-01-27T00:47:50.635921Z,81.76,83.93,82.61,34.6,power,0.7073,37.0,17.81,95.44,752.6,7.89,1011.6,514.6,-259.0,989.3,47.04,34.46,-1.48,-0.17,15.248,RUN,OK,RUN,0.98
2026-01-27T00:47:50.835921Z,81.82,84.01,82.63,34.56,power,0.7073,37.0,17.82,95.42,760.0,7.97,1012.4,511.4,-252.4,989.9,47.03,34.46,-1.48,-0.17,15.253,RUN,OK,RUN,0.98
2026-01-27T00:47:51.035921Z,81.88,84.08,82.66,34.51,power,0.7072,37.0,17.84,95.4,767.5,8.05,1013.2,508.3,-245.8,990.6,47.03,34.46,-1.48,-0.17,15.257,RUN,OK,RUN,0.98
2026-01-27T00:47:51.235921Z,81.94,84.16,82.68,34.46,power,0.7069,37.0,17.86,95.38,775.0,8.13,1014.1,505.2,-239.1,991.2,47.02,34.47,-1.48,-0.17,15.262,RUN,OK,RUN,0.98
2026-01-27T00:47:51.435921Z,82.0,84.24,82.7,34.4,power,0.7065,37.0,17.87,95.36,782.6,8.21,1014.9,502.1,-232.3,991.9,47.02,34.47,-1.48,-0.17,15.267,RUN,OK,RUN,0.98
2026-01-27T00:47:51.635921Z,82.06,84.31,82.73,34.34,power,0.7059,37.0,17.88,95.34,790.2,8.29,1015.7,499.1,-225.5,992.5,47.01,34.47,-1.48,-0.17,15.271,RUN,OK,RUN,0.98
2026-01-27T00:47:51.835921Z,82.12,84.38,82.75,34.28,power,0.7052,37.0,17.9,95.32,797.8,8.37,1016.5,496.1,-218.7,993.2,47.01,34.47,-1.48,-0.17,15.276,RUN,OK,RUN,0.98
2026-01-27T00:47:52.035921Z,82.18,84.46,82.77,34.22,power,0.7043,37.0,17.91,95.3,805.5,8.45,1017.3,493.1,-211.8,993.8,47.0,34.48,-1.48,-0.17,15.28,RUN,OK,RUN,0.98
2026-01-27T00:47:52.235921Z,82.24,84.53,82.79,34.16,power,0.7033,37.0,17.92,95.28,813.3,8.54,1018.1,490.2,-204.8,994.5,47.0,34.48,-1.47,-0.18,15.285,RUN,OK,RUN,0.98
2026-01-27T00:47:52.435921Z,82.29,84.6,82.81,34.09,power,0.7022,37.0,17.93,95.26,821.1,8.62,1018.9,487.4,-197.8,995.1,46.99,34.48,-1.47,-0.18,15.29,RUN,OK,RUN,0.98
2026-01-27T00:47:52.635921Z,82.35,84.67,82.83,34.02,power,0.7009,37.0,17.94,95.24,828.9,8.7,1019.7,484.6,-190.8,995.8,46.99,34.48,-1.47,-0.18,15.294,RUN,OK,RUN,0.98
2026-01-27T00:47:52.835921Z,82.41,84.75,82.84,33.95,power,0.6995,37.0,17.95,95.22,836.8,8.79,1020.5,481.8,-183.7,996.4,46.98,34.49,-1.47,-0.18,15.299,RUN,OK,RUN,0.98
2026-01-27T00:47:53.035921Z,82.46,84.82,82.86,33.87,power,0.6979,37.0,17.96,95.2,844.8,8.87,1021.3,479.1,-176.6,997.1,46.98,34.49,-1.47,-0.18,15.303,RUN,OK,RUN,0.98
2026-01-27T00:47:53.235921Z,82.52,84.89,82.88,33.79,power,0.6962,37.0,17.97,95.18,852.8,8.96,1022.2,476.4,-169.4,997.7,46.97,34.49,-1.47,-0.18,15.308,RUN,OK,RUN,0.98
2026-01-27T00:47:53.435921Z,82.57,84.96,82.89,33.71,power,0.6943,37.0,17.97,95.16,860.8,9.05,1023.0,473.8,-162.2,998.4,46.97,34.49,-1.47,-0.18,15.313,RUN,OK,RUN,0.98
2026-01-27T00:47:53.635921Z,82.63,85.03,82.91,33.63,power,0.6923,37.0,17.98,95.14,868.9,9.13,1023.8,471.2,-154.9,999.0,46.96,34.49,-1.47,-0.18,15.317,RUN,OK,RUN,0.98
2026-01-27T00:47:53.835921Z,82.68,85.09,82.92,33.55,power,0.6901,37.0,17.99,95.12,877.0,9.22,1024.6,468.6,-147.6,999.7,46.96,34.5,-1.47,-0.18,15.322,RUN,OK,RUN,0.98
2026-01-27T00:47:54.035921Z,82.73,85.16,82.93,33.46,power,0.6878,37.0,17.99,95.1,885.1,9.31,1025.4,466.1,-140.2,1000.3,46.95,34.5,-1.47,-0.19,15.326,RUN,OK,RUN,0.98
2026-01-27T00:47:54.235921Z,82.79,85.23,82.95,33.37,power,0.6853,37.0,17.99,95.08,893.3,9.4,1026.2,463.6,-132.9,1001.0,46.95,34.5,-1.47,-0.19,15.331,RUN,OK,RUN,0.98
2026-01-27T00:47:54.435921Z,82.84,85.29,82.96,33.28,power,0.6827,37.0,18.0,95.06,901.6,9.48,1027.0,461.2,-125.4,1001.6,46.94,34.5,-1.47,-0.19,15.336,RUN,OK,RUN,0.98
2026-01-27T00:47:54.635921Z,82.89,85.36,82.97,33.18,power,0.6799,37.0,18.0,95.04,909.8,9.57,1027.8,458.8,-118.0,1002.2,46.94,34.51,-1.46,-0.19,15.34,RUN,OK,RUN,0.98
2026-01-27T00:47:54.835921Z,82.94,85.43,82.98,33.09,power,0.677,37.0,18.0,95.02,918.1,9.66,1028.6,456.5,-110.5,1002.9,46.93,34.51,-1.46,-0.19,15.345,RUN,OK,RUN,0.98
2026-01-27T00:47:55.035921Z,82.99,85.49,82.99,32.99,power,0.6739,37.0,18.0,95.0,926.5,9.75,1029.4,454.2,-103.0,1003.5,46.93,34.51,-1.46,-0.19,15.35,RUN,OK,RUN,0.98
2026-01-27T00:47:55.235921Z,83.04,85.56,83.0,32.89,power,0.6707,37.0,18.0,94.98,934.8,9.84,1030.2,452.0,-95.4,1004.2,46.92,34.51,-1.46,-0.19,15.354,RUN,OK,RUN,0.98
2026-01-27T00:47:55.435921Z,83.09,85.62,83.01,32.78,power,0.6673,37.0,18.0,94.96,943.2,9.93,1031.0,449.8,-87.8,1004.8,46.92,34.52,-1.46,-0.19,15.359,RUN,OK,RUN,0.98
2026-01-27T00:47:55.635921Z,83.14,85.68,83.02,32.68,power,0.6637,37.0,18.0,94.94,951.7,10.02,1031.8,447.6,-80.2,1005.5,46.91,34.52,-1.46,-0.19,15.363,RUN,OK,RUN,0.98
2026-01-27T00:47:55.835921Z,83.19,85.74,83.03,32.57,power,0.66,37.0,17.99,94.92,960.1,10.12,1032.6,445.5,-72.5,1006.1,46.91,34.52,-1.46,-0.2,15.368,RUN,OK,RUN,0.98
2026-01-27T00:47:56.035921Z,83.23,85.81,83.03,32.46,power,0.6561,37.0,17.99,94.9,968.6,10.21,1033.4,443.4,-64.8,1006.7,46.9,34.52,-1.46,-0.2,15.373,RUN,OK,RUN,0.98
2026-01-27T00:47:56.235921Z,83.28,85.87,83.04,32.35,power,0.6521,37.0,17.99,94.88,977.1,10.3,1034.2,441.4,-57.1,1007.4,46.9,34.53,-1.46,-0.2,15.377,RUN,OK,RUN,0.98
2026-01-27T00:47:56.435921Z,83.33,85.93,83.05,32.23,power,0.6479,37.0,17.98,94.86,985.7,10.39,1035.0,439.5,-49.3,1008.0,46.89,34.53,-1.46,-0.2,15.382,RUN,OK,RUN,0.98
2026-01-27T00:47:56.635921Z,83.37,85.99,83.05,32.12,power,0.6436,37.0,17.97,94.84,994.3,10.48,1035.8,437.5,-41.6,1008.7,46.89,34.53,-1.45,-0.2,15.386,RUN,OK,RUN,0.98
2026-01-27T00:47:56.835921Z,83.42,86.05,83.06,32.0,power,0.639,37.0,17.97,94.82,1002.9,10.58,1036.6,435.7,-33.8,1009.3,46.88,34.53,-1.45,-0.2,15.391,RUN,OK,RUN,0.98
2026-01-27T00:47:57.035921Z,83.46,86.1,83.06,31.88,power,0.6344,37.0,17.96,94.8,1011.5,10.67,1037.4,433.8,-25.9,1010.0,46.88,34.54,-1.45,-0.2,15.396,RUN,OK,RUN,0.98
2026-01-27T00:47:57.235921Z,83.51,86.16,83.07,31.75,power,0.6295,37.0,17.95,94.78,1020.2,10.76,1038.2,432.0,-18.1,1010.6,46.87,34.54,-1.45,-0.2,15.4,RUN,OK,RUN,0.98
2026-01-27T00:47:57.435921Z,83.55,86.22,83.07,31.63,power,0.6246,37.0,17.94,94.76,1028.8,10.86,1039.0,430.3,-10.2,1011.2,46.87,34.54,-1.45,-0.21,15.405,RUN,OK,RUN,0.98
2026-01-27T00:47:57.635921Z,83.59,86.28,83.08,31.5,power,0.6194,37.0,17.93,94.74,1037.5,10.95,1039.8,428.6,-2.3,1011.9,46.86,34.54,-1.45,-0.21,15.41,RUN,OK,RUN,0.98
2026-01-27T00:47:57.835921Z,83.63,86.33,83.08,31.37,power,0.6141,37.0,17.92,94.72,1046.2,11.05,1040.6,427.0,5.6,1012.5,46.86,34.54,-1.45,-0.21,15.414,RUN,OK,RUN,0.98
2026-01-27T00:47:58.035921Z,83.67,86.39,83.08,31.24,power,0.6086,37.0,17.91,94.7,1055.0,11.14,1041.4,425.4,13.5,1013.2,46.85,34.55,-1.45,-0.21,15.419,RUN,OK,RUN,0.98
2026-01-27T00:47:58.235921Z,83.72,86.44,83.09,31.11,power,0.603,37.0,17.9,94.68,1063.7,11.23,1042.2,423.8,21.5,1013.8,46.85,34.55,-1.45,-0.21,15.423,RUN,OK,RUN,0.98
2026-01-27T00:47:58.435921Z,83.76,86.5,83.09,30.97,power,0.5972,37.0,17.88,94.66,1072.5,11.33,1043.0,422.3,29.4,1014.4,46.84,34.55,-1.44,-0.21,15.428,RUN,OK,RUN,0.98
2026-01-27T00:47:58.635921Z,83.8,86.55,83.09,30.83,power,0.5912,37.0,17.87,94.64,1081.3,11.43,1043.8,420.9,37.4,1015.1,46.83,34.55,-1.44,-0.21,15.433,RUN,OK,RUN,0.98
2026-01-27T00:47:58.835921Z,83.83,86.6,83.09,30.69,power,0.5851,37.0,17.86,94.62,1090.1,11.52,1044.6,419.5,45.4,1015.7,46.83,34.56,-1.44,-0.21,15.437,RUN,OK,RUN,0.98
2026-01-27T00:47:59.035921Z,83.87,86.66,83.09,30.55,power,0.5788,37.0,17.84,94.6,1098.9,11.62,1045.4,418.1,53.4,1016.4,46.82,34.56,-1.44,-0.21,15.442,RUN,OK,RUN,0.98
2026-01-27T00:47:59.235921Z,83.91,86.71,83.09,30.41,power,0.5723,37.0,17.82,94.58,1107.7,11.71,1046.2,416.8,61.5,1017.0,46.82,34.56,-1.44,-0.22,15.446,RUN,OK,RUN,0.98
2026-01-27T00:47:59.435921Z,83.95,86.76,83.1,30.27,power,0.5657,37.0,17.81,94.56,1116.5,11.81,1047.0,415.6,69.5,1017.6,46.81,34.56,-1.44,-0.22,15.451,RUN,OK,RUN,0.98
2026-01-27T00:47:59.635921Z,83.98,86.81,83.1,30.12,power,0.5589,37.0,17.79,94.54,1125.4,11.9,1047.8,414.4,77.6,1018.3,46.81,34.56,-1.44,-0.22,15.456,RUN,OK,RUN,0.98
2026-01-27T00:47:59.835921Z,84.02,86.86,83.1,29.97,power,0.5519,37.0,17.77,94.52,1134.2,12.0,1048.6,413.2,85.6,1018.9,46.8,34.57,-1.44,-0.22,15.46,RUN,OK,RUN,0.98
2026-01-27T00:48:00.035921Z,84.05,86.91,83.1,29.82,power,0.5448,37.0,17.75,94.5,1143.1,12.1,1049.4,412.1,93.7,1019.5,46.8,34.57,-1.43,-0.22,15.465,RUN,OK,RUN,0.98
2026-01-27T00:48:00.235921Z,84.09,86.96,83.1,29.67,power,0.5375,37.0,17.73,94.48,1152.0,12.19,1050.2,411.0,101.8,1020.2,46.79,34.57,-1.43,-0.22,15.47,RUN,OK,RUN,0.98
2026-01-27T00:48:00.435921Z,84.12,87.0,83.09,29.51,power,0.5301,37.0,17.71,94.46,1160.8,12.29,1051.0,410.0,109.8,1020.8,46.79,34.57,-1.43,-0.22,15.474,RUN,OK,RUN,0.98
2026-01-27T00:48:00.635921Z,84.16,87.05,83.09,29.36,power,0.5225,37.0,17.69,94.44,1169.7,12.39,1051.8,409.0,117.9,1021.4,46.78,34.58,-1.43,-0.22,15.479,RUN,OK,RUN,0.98
2026-01-27T00:48:00.835921Z,84.19,87.1,83.09,29.2,power,0.5147,37.0,17.67,94.42,1178.6,12.48,1052.6,408.1,126.0,1022.1,46.78,34.58,-1.43,-0.22,15.483,RUN,OK,RUN,0.98
2026-01-27T00:48:01.035921Z,84.22,87.14,83.09,29.04,power,0.5067,37.0,17.64,94.4,1187.5,12.58,1053.4,407.2,134.1,1022.7,46.77,34.58,-1.43,-0.23,15.488,RUN,OK,RUN,0.98
2026-01-27T00:48:01.235921Z,84.25,87.19,83.09,28.88,power,0.4986,37.0,17.62,94.38,1196.4,12.68,1054.2,406.4,142.2,1023.3,46.77,34.58,-1.43,-0.23,15.493,RUN,OK,RUN,0.98
2026-01-27T00:48:01.435921Z,84.28,87.23,83.09,28.72,power,0.4903,37.0,17.59,94.36,1205.3,12.77,1055.0,405.7,150.3,1024.0,46.76,34.59,-1.43,-0.23,15.497,RUN,OK,RUN,0.98
2026-01-27T00:48:01.635921Z,84.31,87.27,83.09,28.56,power,0.4819,37.0,17.57,94.34,1214.2,12.87,1055.8,404.9,158.4,1024.6,46.75,34.59,-1.42,-0.23,15.502,RUN,OK,RUN,0.98
2026-01-27T00:48:01.835921Z,84.34,87.32,83.09,28.39,power,0.4733,37.0,17.54,94.32,1223.0,12.97,1056.6,404.3,166.5,1025.2,46.75,34.59,-1.42,-0.23,15.506,RUN,OK,RUN,0.98
2026-01-27T00:48:02.035921Z,84.37,87.36,83.08,28.23,power,0.4645,37.0,17.51,94.3,1231.9,13.06,1057.4,403.6,174.6,1025.9,46.74,34.59,-1.42,-0.23,15.511,RUN,OK,RUN,0.98
2026-01-27T00:48:02.235921Z,84.4,87.4,83.08,28.06,power,0.4556,36.99,17.49,94.28,1240.8,13.16,1058.1,403.1,182.7,1026.5,46.74,34.59,-1.42,-0.23,15.516,RUN,OK,RUN,0.98
2026-01-27T00:48:02.435921Z,84.43,87.44,83.08,27.89,power,0.4464,36.99,17.46,94.26,1249.7,13.26,1058.9,402.5,190.8,1027.1,46.73,34.6,-1.42,-0.23,15.52,RUN,OK,RUN,0.98
2026-01-27T00:48:02.635921Z,84.46,87.48,83.08,27.72,power,0.4372,36.99,17.43,94.24,1258.6,13.35,1059.7,402.1,198.8,1027.8,46.73,34.6,-1.42,-0.23,15.525,RUN,OK,RUN,0.98
2026-01-27T00:48:02.835921Z,84.48,87.52,83.08,27.55,power,0.4277,36.99,17.4,94.22,1267.4,13.45,1060.5,401.6,206.9,1028.4,46.72,34.6,-1.42,-0.24,15.53,RUN,OK,RUN,0.98
2026-01-27T00:48:03.035921Z,84.51,87.56,83.07,27.37,power,0.4181,36.99,17.37,94.2,1276.3,13.55,1061.3,401.3,215.0,1029.0,46.72,34.6,-1.41,-0.24,15.534,RUN,OK,RUN,0.98
2026-01-27T00:48:03.235921Z,84.53,87.6,83.07,27.2,power,0.4084,36.99,17.34,94.18,1285.1,13.64,1062.1,400.9,223.0,1029.7,46.71,34.6,-1.41,-0.24,15.539,RUN,OK,RUN,0.98
2026-01-27T00:48:03.435921Z,84.56,87.64,83.07,27.02,power,0.3984,36.99,17.3,94.16,1293.9,13.74,1062.9,400.6,231.1,1030.3,46.71,34.61,-1.41,-0.24,15.543,RUN,OK,RUN,0.98
2026-01-27T00:48:03.635921Z,84.58,87.67,83.07,26.84,power,0.3883,36.99,17.27,94.14,1302.8,13.84,1063.7,400.4,239.1,1030.9,46.7,34.61,-1.41,-0.24,15.548,RUN,OK,RUN,0.98
2026-01-27T00:48:03.835921Z,84.6,87.71,83.06,26.66,power,0.3781,36.99,17.24,94.12,1311.6,13.93,1064.5,400.2,247.1,1031.6,46.69,34.61,-1.41,-0.24,15.553,RUN,OK,RUN,0.98
2026-01-27T00:48:04.035921Z,84.63,87.75,83.06,26.48,power,0.3676,36.99,17.2,94.1,1320.4,14.03,1065.2,400.1,255.1,1032.2,46.69,34.61,-1.41,-0.24,15.557,RUN,OK,RUN,0.98
2026-01-27T00:48:04.235921Z,84.65,87.78,83.06,26.3,power,0.357,36.99,17.17,94.09,1329.2,14.13,1066.0,400.0,263.1,1032.8,46.68,34.62,-1.41,-0.24,15.562,RUN,OK,RUN,0.98
2026-01-27T00:48:04.435921Z,84.67,87.81,83.05,26.12,power,0.3463,36.99,17.13,94.07,1337.9,14.22,1066.8,400.0,271.1,1033.5,46.68,34.62,-1.4,-0.24,15.566,RUN,OK,RUN,0.98
2026-01-27T00:48:04.635921Z,84.69,87.85,83.05,25.94,power,0.3354,36.99,17.1,94.05,1346.7,14.32,1067.6,400.0,279.1,1034.1,46.67,34.62,-1.4,-0.25,15.571,RUN,OK,RUN,0.98
2026-01-27T00:48:04.835921Z,84.71,87.88,83.05,25.75,power,0.3243,36.99,17.06,94.03,1355.4,14.42,1068.4,400.1,287.0,1034.7,46.67,34.62,-1.4,-0.25,15.576,RUN,OK,RUN,0.98
2026-01-27T00:48:05.035921Z,84.73,87.91,83.05,25.57,power,0.313,36.99,17.02,94.01,1364.1,14.51,1069.2,400.2,294.9,1035.3,46.66,34.62,-1.4,-0.25,15.58,RUN,OK,RUN,0.98
2026-01-27T00:48:05.235921Z,84.75,87.94,83.04,25.38,power,0.3016,36.99,16.98,93.99,1372.8,14.61,1070.0,400.4,302.8,1036.0,46.66,34.63,-1.4,-0.25,15.585,RUN,OK,RUN,0.98
2026-01-27T00:48:05.435921Z,84.77,87.98,83.04,25.2,power,0.2901,36.99,16.94,93.97,1381.5,14.7,1070.7,400.6,310.7,1036.6,46.65,34.63,-1.4,-0.25,15.59,RUN,OK,RUN,0.98
2026-01-27T00:48:05.635921Z,84.78,88.01,83.04,25.01,power,0.2783,36.99,16.9,93.95,1390.1,14.8,1071.5,400.9,318.6,1037.2,46.64,34.63,-1.4,-0.25,15.594,RUN,OK,RUN,0.98
2026-01-27T00:48:05.835921Z,84.8,88.03,83.04,24.82,power,0.2664,36.99,16.86,93.93,1398.7,14.89,1072.3,401.2,326.4,1037.8,46.64,34.63,-1.39,-0.25,15.599,RUN,OK,RUN,0.98
2026-01-27T00:48:06.035921Z,84.82,88.06,83.03,24.63,power,0.2544,36.99,16.82,93.91,1407.3,14.99,1073.1,401.5,334.2,1038.5,46.63,34.63,-1.39,-0.25,15.603,RUN,OK,RUN,0.98
2026-01-27T00:48:06.235921Z,84.83,88.09,83.03,24.44,power,0.2422,36.99,16.78,93.89,1415.9,15.08,1073.9,402.0,342.0,1039.1,46.63,34.64,-1.39,-0.25,15.608,RUN,OK,RUN,0.98
2026-01-27T00:48:06.435921Z,84.85,88.12,83.03,24.25,power,0.2298,36.99,16.73,93.87,1424.4,15.17,1074.6,402.4,349.8,1039.7,46.62,34.64,-1.39,-0.26,15.613,RUN,OK,RUN,0.98
2026-01-27T00:48:06.635921Z,84.86,88.15,83.03,24.06,power,0.2173,36.99,16.69,93.85,1433.0,15.27,1075.4,402.9,357.5,1040.3,46.62,34.64,-1.39,-0.26,15.617,RUN,OK,RUN,0.98
2026-01-27T00:48:06.835921Z,84.87,88.17,83.02,23.86,power,0.2046,36.99,16.65,93.83,1441.4,15.36,1076.2,403.5,365.2,1041.0,46.61,34.64,-1.39,-0.26,15.622,RUN,OK,RUN,0.98
2026-01-27T00:48:07.035921Z,84.89,88.2,83.02,23.67,power,0.1917,36.99,16.6,93.81,1449.9,15.46,1077.0,404.1,372.9,1041.6,46.61,34.65,-1.38,-0.26,15.626,RUN,OK,RUN,0.98
2026-01-27T00:48:07.235921Z,84.9,88.22,83.02,23.47,power,0.1787,36.99,16.56,93.79,1458.3,15.55,1077.8,404.8,380.6,1042.2,46.6,34.65,-1.38,-0.26,15.631,RUN,OK,RUN,0.98
2026-01-27T00:48:07.435921Z,84.91,88.24,83.02,23.28,power,0.1656,36.98,16.51,93.77,1466.7,15.64,1078.5,405.5,388.2,1042.8,46.59,34.65,-1.38,-0.26,15.636,RUN,OK,RUN,0.98
2026-01-27T00:48:07.635921Z,84.92,88.27,83.02,23.08,power,0.1523,36.98,16.46,93.75,1475.1,15.73,1079.3,406.2,395.8,1043.5,46.59,34.65,-1.38,-0.26,15.64,RUN,OK,RUN,0.98
2026-01-27T00:48:07.835921Z,84.93,88.29,83.01,22.89,power,0.1388,36.98,16.42,93.73,1483.4,15.83,1080.1,407.1,403.3,1044.1,46.58,34.65,-1.38,-0.26,15.645,RUN,OK,RUN,0.98
2026-01-27T00:48:08.035921Z,84.94,88.31,83.01,22.69,power,0.1252,36.98,16.37,93.71,1491.7,15.92,1080.9,407.9,410.8,1044.7,46.58,34.66,-1.38,-0.26,15.649,RUN,OK,RUN,0.98
2026-01-27T00:48:08.235921Z,84.95,88.33,83.01,22.49,power,0.1114,36.98,16.32,93.7,1500.0,16.01,1081.7,408.8,418.3,1045.3,46.57,34.66,-1.37,-0.26,15.654,RUN,OK,RUN,0.98
2026-01-27T00:48:08.435921Z,84.96,88.35,83.01,22.3,power,0.0975,36.98,16.27,93.68,1508.2,16.1,1082.4,409.8,425.8,1045.9,46.57,34.66,-1.37,-0.27,15.659,RUN,OK,RUN,0.98
2026-01-27T00:48:08.635921Z,84.96,88.37,83.01,22.1,power,0.0834,36.98,16.22,93.66,1516.4,16.19,1083.2,410.8,433.2,1046.6,46.56,34.66,-1.37,-0.27,15.663,RUN,OK,RUN,0.98
2026-01-27T00:48:08.835921Z,84.97,88.39,83.01,21.9,power,0.0692,36.98,16.17,93.64,1524.5,16.28,1084.0,411.8,440.5,1047.2,46.55,34.66,-1.37,-0.27,15.668,RUN,OK,RUN,0.98
2026-01-27T00:48:09.035921Z,84.98,88.41,83.0,21.7,power,0.0548,36.98,16.12,93.62,1532.6,16.37,1084.8,412.9,447.9,1047.8,46.55,34.67,-1.37,-0.27,15.673,RUN,OK,RUN,0.98
2026-01-27T00:48:09.235921Z,84.98,88.43,83.0,21.5,power,0.05,36.98,16.07,93.6,1540.7,16.46,1085.5,414.1,455.2,1048.4,46.54,34.67,-1.37,-0.27,15.677,RUN,OK,RUN,0.98
2026-01-27T00:48:09.435921Z,84.99,88.44,83.0,21.3,power,0.05,36.98,16.01,93.58,1548.7,16.55,1086.3,415.3,462.4,1049.0,46.54,34.67,-1.36,-0.27,15.682,RUN,OK,RUN,0.98
2026-01-27T00:48:09.635921Z,84.99,88.46,83.0,21.11,power,0.05,36.98,15.96,93.56,1556.7,16.64,1087.1,416.5,469.6,1049.7,46.53,34.67,-1.36,-0.27,15.686,RUN,OK,RUN,0.98
2026-01-27T00:48:09.835921Z,84.99,88.47,83.0,20.91,power,0.05,36.98,15.91,93.54,1564.6,16.73,1087.8,417.8,476.8,1050.3,46.53,34.67,-1.36,-0.27,15.691,RUN,OK,RUN,0.98
2026-01-27T00:48:10.035921Z,85.0,88.49,83.0,20.71,power,0.05,36.98,15.85,93.52,1572.5,16.81,1088.6,419.2,483.9,1050.9,46.52,34.68,-1.36,-0.27,15.696,RUN,OK,RUN,0.98
2026-01-27T00:48:10.235921Z,85.0,88.5,83.0,20.51,power,0.05,36.98,15.8,93.5,1580.4,16.9,1089.4,420.6,491.0,1051.5,46.51,34.68,-1.36,-0.28,15.7,RUN,OK,RUN,0.98
2026-01-27T00:48:10.435921Z,85.0,88.52,83.0,20.31,power,0.05,36.98,15.74,93.48,1588.2,16.99,1090.2,422.0,498.0,1052.1,46.51,34.68,-1.35,-0.28,15.705,RUN,OK,RUN,0.98
2026-01-27T00:48:10.635921Z,85.0,88.53,83.0,20.11,power,0.05,36.98,15.69,93.47,1595.9,17.07,1090.9,423.5,505.0,1052.7,46.5,34.68,-1.35,-0.28,15.709,RUN,OK,RUN,0.98
2026-01-27T00:48:10.835921Z,85.0,88.54,83.0,19.91,power,0.05,36.98,15.63,93.45,1603.6,17.16,1091.7,425.0,511.9,1053.4,46.5,34.68,-1.35,-0.28,15.714,RUN,OK,RUN,0.98
2026-01-27T00:48:11.035921Z,85.0,88.55,83.0,19.71,power,0.05,36.97,15.57,93.43,1611.3,17.25,1092.5,426.6,518.8,1054.0,46.49,34.69,-1.35,-0.28,15.719,RUN,OK,RUN,0.98
2026-01-27T00:48:11.235921Z,85.0,88.56,83.0,19.51,power,0.05,36.97,15.52,93.41,1618.9,17.33,1093.2,428.2,525.6,1054.6,46.49,34.69,-1.35,-0.28,15.723,RUN,OK,RUN,0.98
2026-01-27T00:48:11.435921Z,85.0,88.57,83.0,19.31,power,0.05,36.97,15.46,93.39,1626.4,17.42,1094.0,429.9,532.4,1055.2,46.48,34.69,-1.34,-0.28,15.728,RUN,OK,RUN,0.98
2026-01-27T00:48:11.635921Z,84.99,88.58,83.0,19.11,power,0.05,36.97,15.4,93.37,1633.9,17.5,1094.8,431.6,539.1,1055.8,46.47,34.69,-1.34,-0.28,15.732,RUN,OK,RUN,0.98
2026-01-27T00:48:11.835921Z,84.99,88.59,83.0,18.91,power,0.05,36.97,15.34,93.35,1641.3,17.58,1095.5,433.4,545.8,1056.4,46.47,34.69,-1.34,-0.28,15.737,RUN,OK,RUN,0.98
2026-01-27T00:48:12.035921Z,84.99,88.6,83.0,18.71,power,0.05,36.97,15.28,93.33,1648.7,17.67,1096.3,435.2,552.4,1057.0,46.46,34.7,-1.34,-0.28,15.742,RUN,OK,RUN,0.98
2026-01-27T00:48:12.235921Z,84.98,88.6,83.0,18.51,power,0.05,36.97,15.22,93.31,1656.1,17.75,1097.1,437.1,559.0,1057.7,46.46,34.7,-1.34,-0.29,15.746,RUN,OK,RUN,0.98
2026-01-27T00:48:12.435921Z,84.98,88.61,83.0,18.31,power,0.05,36.97,15.16,93.29,1663.3,17.83,1097.8,439.0,565.5,1058.3,46.45,34.7,-1.34,-0.29,15.751,RUN,OK,RUN,0.98
2026-01-27T00:48:12.635921Z,84.97,88.62,83.01,18.11,power,0.05,36.97,15.1,93.28,1670.5,17.91,1098.6,441.0,571.9,1058.9,46.45,34.7,-1.33,-0.29,15.756,RUN,OK,RUN,0.98
2026-01-27T00:48:12.835921Z,84.96,88.62,83.01,17.91,power,0.05,36.97,15.03,93.26,1677.7,17.99,1099.4,443.0,578.3,1059.5,46.44,34.7,-1.33,-0.29,15.76,RUN,OK,RUN,0.98
2026-01-27T00:48:13.035921Z,84.96,88.62,83.01,17.72,power,0.05,36.97,14.97,93.24,1684.8,18.07,1100.1,445.0,584.7,1060.1,46.43,34.7,-1.33,-0.29,15.765,RUN,OK,RUN,0.98
2026-01-27T00:48:13.235921Z,84.95,88.63,83.01,17.52,power,0.05,36.97,14.91,93.22,1691.8,18.15,1100.9,447.1,590.9,1060.7,46.43,34.71,-1.33,-0.29,15.769,RUN,OK,RUN,0.98
2026-01-27T00:48:13.435921Z,84.94,88.63,83.01,17.32,power,0.05,36.97,14.85,93.2,1698.8,18.23,1101.7,449.3,597.2,1061.3,46.42,34.71,-1.33,-0.29,15.774,RUN,OK,RUN,0.98
2026-01-27T00:48:13.635921Z,84.93,88.63,83.01,17.12,power,0.05,36.97,14.78,93.18,1705.7,18.31,1102.4,451.4,603.3,1061.9,46.42,34.71,-1.32,-0.29,15.779,RUN,OK,RUN,0.98
2026-01-27T00:48:13.835921Z,84.92,88.63,83.02,16.93,power,0.05,36.96,14.72,93.16,1712.6,18.38,1103.2,453.7,609.4,1062.5,46.41,34.71,-1.32,-0.29,15.783,RUN,OK,RUN,0.98
2026-01-27T00:48:14.035921Z,84.91,88.63,83.02,16.73,power,0.05,36.96,14.65,93.15,1719.4,18.46,1103.9,456.0,615.4,1063.2,46.4,34.71,-1.32,-0.29,15.788,RUN,OK,RUN,0.98
2026-01-27T00:48:14.235921Z,84.9,88.63,83.02,16.54,power,0.05,36.96,14.59,93.13,1726.1,18.54,1104.7,458.3,621.4,1063.8,46.4,34.72,-1.32,-0.3,15.792,RUN,OK,RUN,0.98
2026-01-27T00:48:14.435921Z,84.89,88.63,83.02,16.34,power,0.05,36.96,14.52,93.11,1732.8,18.61,1105.5,460.6,627.3,1064.4,46.39,34.72,-1.32,-0.3,15.797,RUN,OK,RUN,0.98
2026-01-27T00:48:14.635921Z,84.87,88.63,83.02,16.15,power,0.05,36.96,14.46,93.09,1739.4,18.69,1106.2,463.1,633.2,1065.0,46.39,34.72,-1.31,-0.3,15.802,RUN,OK,RUN,0.98
2026-01-27T00:48:14.835921Z,84.86,88.63,83.03,15.96,power,0.05,36.96,14.39,93.07,1745.9,18.76,1107.0,465.5,638.9,1065.6,46.38,34.72,-1.31,-0.3,15.806,RUN,OK,RUN,0.98
2026-01-27T00:48:15.035921Z,84.85,88.63,83.03,15.76,power,0.05,36.96,14.32,93.05,1752.4,18.83,1107.7,468.0,644.6,1066.2,46.37,34.72,-1.31,-0.3,15.811,RUN,OK,RUN,0.98
2026-01-27T00:48:15.235921Z,84.83,88.62,83.03,15.57,power,0.05,36.96,14.25,93.03,1758.8,18.9,1108.5,470.6,650.3,1066.8,46.37,34.73,-1.31,-0.3,15.815,RUN,OK,RUN,0.98
2026-01-27T00:48:15.435921Z,84.82,88.62,83.03,15.38,power,0.05,36.96,14.19,93.02,1765.1,18.98,1109.3,473.2,655.8,1067.4,46.36,34.73,-1.3,-0.3,15.82,RUN,OK,RUN,0.98
2026-01-27T00:48:15.635921Z,84.8,88.61,83.04,15.19,power,0.05,36.96,14.12,93.0,1771.4,19.05,1110.0,475.8,661.3,1068.0,46.36,34.73,-1.3,-0.3,15.825,RUN,OK,RUN,0.98
2026-01-27T00:48:15.835921Z,84.78,88.61,83.04,15.0,power,0.05,36.96,14.05,92.98,1777.5,19.12,1110.8,478.5,666.8,1068.6,46.35,34.73,-1.3,-0.3,15.829,RUN,OK,RUN,0.98
2026-01-27T00:48:16.035921Z,84.77,88.6,83.04,14.82,power,0.05,36.96,13.98,92.96,1783.7,19.19,1111.5,481.2,672.1,1069.2,46.34,34.73,-1.3,-0.3,15.834,RUN,OK,RUN,0.98
2026-01-27T00:48:16.235921Z,84.75,88.59,83.04,14.63,power,0.05,36.96,13.91,92.94,1789.7,19.26,1112.3,483.9,677.4,1069.8,46.34,34.73,-1.3,-0.31,15.839,RUN,OK,RUN,0.98
2026-01-27T00:48:16.435921Z,84.73,88.59,83.05,14.44,power,0.05,36.95,13.84,92.92,1795.7,19.32,1113.0,486.7,682.6,1070.4,46.33,34.74,-1.29,-0.31,15.843,RUN,OK,RUN,0.98
2026-01-27T00:48:16.635921Z,84.71,88.58,83.05,14.26,power,0.05,36.95,13.77,92.91,1801.6,19.39,1113.8,489.6,687.8,1071.0,46.33,34.74,-1.29,-0.31,15.848,RUN,OK,RUN,0.98
2026-01-27T00:48:16.835921Z,84.69,88.57,83.05,14.07,power,0.05,36.95,13.7,92.89,1807.4,19.46,1114.5,492.5,692.9,1071.6,46.32,34.74,-1.29,-0.31,15.852,RUN,OK,RUN,0.98
2026-01-27T00:48:17.035921Z,84.67,88.56,83.05,13.89,power,0.05,36.95,13.63,92.87,1813.1,19.52,1115.3,495.4,697.8,1072.2,46.31,34.74,-1.29,-0.31,15.857,RUN,OK,RUN,0.98
2026-01-27T00:48:17.235921Z,84.65,88.55,83.06,13.71,power,0.05,36.95,13.56,92.85,1818.8,19.59,1116.0,498.4,702.8,1072.8,46.31,34.74,-1.29,-0.31,15.862,RUN,OK,RUN,0.98
2026-01-27T00:48:17.435921Z,84.63,88.54,83.06,13.53,power,0.05,36.95,13.48,92.83,1824.4,19.65,1116.8,501.4,707.6,1073.4,46.3,34.75,-1.28,-0.31,15.866,RUN,OK,RUN,0.98
2026-01-27T00:48:17.635921Z,84.61,88.52,83.06,13.35,power,0.05,36.95,13.41,92.82,1829.9,19.72,1117.5,504.4,712.4,1074.0,46.3,34.75,-1.28,-0.31,15.871,RUN,OK,RUN,0.98
2026-01-27T00:48:17.835921Z,84.58,88.51,83.07,13.17,power,0.05,36.95,13.34,92.8,1835.4,19.78,1118.3,507.5,717.1,1074.6,46.29,34.75,-1.28,-0.31,15.875,RUN,OK,RUN,0.98
2026-01-27T00:48:18.035921Z,84.56,88.5,83.07,12.99,power,0.05,36.95,13.27,92.78,1840.7,19.84,1119.0,510.7,721.7,1075.2,46.28,34.75,-1.28,-0.31,15.88,RUN,OK,RUN,0.98
2026-01-27T00:48:18.235921Z,84.53,88.48,83.07,12.81,power,0.05,36.95,13.19,92.76,1846.0,19.9,1119.8,513.9,726.2,1075.8,46.28,34.75,-1.27,-0.32,15.885,RUN,OK,RUN,0.98
2026-01-27T00:48:18.435921Z,84.51,88.47,83.07,12.64,power,0.05,36.95,13.12,92.74,1851.2,19.96,1120.5,517.1,730.7,1076.4,46.27,34.75,-1.27,-0.32,15.889,RUN,OK,RUN,0.98
2026-01-27T00:48:18.635921Z,84.48,88.45,83.08,12.47,power,0.05,36.94,13.05,92.73,1856.3,20.02,1121.3,520.3,735.0,1077.0,46.27,34.76,-1.27,-0.32,15.894,RUN,OK,RUN,0.98
2026-01-27T00:48:18.835921Z,84.46,88.44,83.08,12.29,power,0.05,36.94,12.97,92.71,1861.4,20.08,1122.0,523.6,739.3,1077.6,46.26,34.76,-1.27,-0.32,15.899,RUN,OK,RUN,0.98
2026-01-27T00:48:19.035921Z,84.43,88.42,83.08,12.12,power,0.05,36.94,12.9,92.69,1866.3,20.14,1122.8,527.0,743.6,1078.2,46.25,34.76,-1.27,-0.32,15.903,RUN,OK,RUN,0.98
2026-01-27T00:48:19.235921Z,84.4,88.4,83.08,11.95,power,0.05,36.94,12.82,92.67,1871.2,20.19,1123.5,530.3,747.7,1078.8,46.25,34.76,-1.26,-0.32,15.908,RUN,OK,RUN,0.98
2026-01-27T00:48:19.435921Z,84.37,88.38,83.08,11.78,power,0.05,36.94,12.75,92.66,1876.0,20.25,1124.3,533.7,751.7,1079.4,46.24,34.76,-1.26,-0.32,15.912,RUN,OK,RUN,0.98
2026-01-27T00:48:19.635921Z,84.35,88.36,83.09,11.62,power,0.05,36.94,12.67,92.64,1880.7,20.3,1125.0,537.2,755.7,1080.0,46.24,34.76,-1.26,-0.32,15.917,RUN,OK,RUN,0.98
2026-01-27T00:48:19.835921Z,84.32,88.34,83.09,11.45,power,0.05,36.94,12.6,92.62,1885.4,20.36,1125.8,540.7,759.6,1080.6,46.23,34.77,-1.26,-0.32,15.922,RUN,OK,RUN,0.98
2026-01-27T00:48:20.035921Z,84.29,88.32,83.09,11.29,power,0.05,36.94,12.52,92.6,1889.9,20.41,1126.5,544.2,763.4,1081.2,46.22,34.77,-1.25,-0.32,15.926,RUN,OK,RUN,0.98
2026-01-27T00:48:20.235921Z,84.26,88.3,83.09,11.13,power,0.05,36.94,12.45,92.59,1894.4,20.46,1127.3,547.8,767.1,1081.8,46.22,34.77,-1.25,-0.33,15.931,RUN,OK,RUN,0.98
2026-01-27T00:48:20.435921Z,84.22,88.28,83.09,10.97,power,0.05,36.94,12.37,92.57,1898.7,20.51,1128.0,551.4,770.7,1082.4,46.21,34.77,-1.25,-0.33,15.935,RUN,OK,RUN,0.98
2026-01-27T00:48:20.635921Z,84.19,88.26,83.09,10.81,power,0.05,36.93,12.29,92.55,1903.0,20.56,1128.7,555.0,774.3,1083.0,46.21,34.77,-1.25,-0.33,15.94,RUN,OK,RUN,0.98
2026-01-27T00:48:20.835921Z,84.16,88.24,83.09,10.65,power,0.05,36.93,12.22,92.53,1907.2,20.61,1129.5,558.7,777.7,1083.6,46.2,34.77,-1.24,-0.33,15.945,RUN,OK,RUN,0.98
2026-01-27T00:48:21.035921Z,84.13,88.21,83.09,10.5,power,0.05,36.93,12.14,92.52,1911.3,20.66,1130.2,562.4,781.1,1084.2,46.19,34.78,-1.24,-0.33,15.949,RUN,OK,RUN,0.98
2026-01-27T00:48:21.235921Z,84.09,88.19,83.1,10.34,power,0.05,36.93,12.06,92.5,1915.3,20.71,1131.0,566.2,784.4,1084.8,46.19,34.78,-1.24,-0.33,15.954,RUN,OK,RUN,0.98
2026-01-27T00:48:21.435921Z,84.06,88.16,83.1,10.19,power,0.05,36.93,11.98,92.48,1919.3,20.75,1131.7,570.0,787.6,1085.4,46.18,34.78,-1.24,-0.33,15.959,RUN,OK,RUN,0.98
2026-01-27T00:48:21.635921Z,84.02,88.14,83.1,10.04,power,0.05,36.93,11.91,92.46,1923.1,20.8,1132.4,573.8,790.7,1085.9,46.18,34.78,-1.23,-0.33,15.963,RUN,OK,RUN,0.98
2026-01-27T00:48:21.835921Z,83.99,88.11,83.1,9.89,power,0.05,36.93,11.83,92.45,1926.9,20.84,1133.2,577.6,793.7,1086.5,46.17,34.78,-1.23,-0.33,15.968,RUN,OK,RUN,0.98
2026-01-27T00:48:22.035921Z,83.95,88.08,83.1,9.74,power,0.05,36.93,11.75,92.43,1930.5,20.89,1133.9,581.5,796.6,1087.1,46.16,34.78,-1.23,-0.33,15.972,RUN,OK,RUN,0.98
2026-01-27T00:48:22.235921Z,83.91,88.06,83.09,9.6,power,0.05,36.93,11.67,92.41,1934.1,20.93,1134.6,585.5,799.5,1087.7,46.16,34.79,-1.23,-0.33,15.977,RUN,OK,RUN,0.98
2026-01-27T00:48:22.435921Z,83.87,88.03,83.09,9.46,power,0.05,36.93,11.59,92.39,1937.6,20.97,1135.4,589.4,802.2,1088.3,46.15,34.79,-1.22,-0.34,15.982,RUN,OK,RUN,0.98
2026-01-27T00:48:22.635921Z,83.84,88.0,83.09,9.31,power,0.05,36.92,11.52,92.38,1941.0,21.01,1136.1,593.4,804.9,1088.9,46.14,34.79,-1.22,-0.34,15.986,RUN,OK,RUN,0.98
2026-01-27T00:48:22.835921Z,83.8,87.97,83.09,9.17,power,0.05,36.92,11.44,92.36,1944.3,21.05,1136.8,597.4,807.5,1089.5,46.14,34.79,-1.22,-0.34,15.991,RUN,OK,RUN,0.98
2026-01-27T00:48:23.035921Z,83.76,87.94,83.09,9.04,power,0.05,36.92,11.36,92.34,1947.5,21.09,1137.6,601.5,809.9,1090.1,46.13,34.79,-1.22,-0.34,15.995,RUN,OK,RUN,0.98
2026-01-27T00:48:23.235921Z,83.72,87.91,83.09,8.9,power,0.05,36.92,11.28,92.33,1950.6,21.13,1138.3,605.6,812.3,1090.7,46.13,34.79,-1.21,-0.34,16.0,RUN,OK,RUN,0.98
2026-01-27T00:48:23.435921Z,83.68,87.88,83.08,8.77,power,0.05,36.92,11.2,92.31,1953.7,21.16,1139.0,609.7,814.6,1091.2,46.12,34.8,-1.21,-0.34,16.005,RUN,OK,RUN,0.98
2026-01-27T00:48:23.635921Z,83.64,87.84,83.08,8.64,power,0.05,36.92,11.12,92.29,1956.6,21.2,1139.8,613.9,816.8,1091.8,46.11,34.8,-1.21,-0.34,16.009,RUN,OK,RUN,0.98
2026-01-27T00:48:23.835921Z,83.59,87.81,83.08,8.51,power,0.05,36.92,11.04,92.28,1959.4,21.23,1140.5,618.1,818.9,1092.4,46.11,34.8,-1.21,-0.34,16.014,RUN,OK,RUN,0.98
2026-01-27T00:48:24.035921Z,83.55,87.78,83.07,8.38,power,0.05,36.92,10.96,92.26,1962.2,21.27,1141.2,622.3,821.0,1093.0,46.1,34.8,-1.2,-0.34,16.019,RUN,OK,RUN,0.98
2026-01-27T00:48:24.235921Z,83.51,87.74,83.07,8.25,power,0.05,36.92,10.88,92.24,1964.8,21.3,1142.0,626.5,822.9,1093.6,46.1,34.8,-1.2,-0.34,16.023,RUN,OK,RUN,0.98
2026-01-27T00:48:24.435921Z,83.46,87.71,83.06,8.13,power,0.05,36.91,10.8,92.23,1967.4,21.33,1142.7,630.8,824.7,1094.2,46.09,34.8,-1.2,-0.34,16.028,RUN,OK,RUN,0.98
2026-01-27T00:48:24.635921Z,83.42,87.67,83.06,8.01,power,0.05,36.91,10.72,92.21,1969.9,21.36,1143.4,635.1,826.4,1094.7,46.08,34.81,-1.2,-0.35,16.032,RUN,OK,RUN,0.98
2026-01-27T00:48:24.835921Z,83.37,87.64,83.05,7.89,power,0.05,36.91,10.64,92.19,1972.2,21.39,1144.2,639.5,828.1,1095.3,46.08,34.81,-1.19,-0.35,16.037,RUN,OK,RUN,0.98
2026-01-27T00:48:25.035921Z,83.33,87.6,83.05,7.77,power,0.05,36.91,10.57,92.18,1974.5,21.42,1144.9,643.9,829.6,1095.9,46.07,34.81,-1.19,-0.35,16.042,RUN,OK,RUN,0.98
2026-01-27T00:48:25.235921Z,83.28,87.56,83.04,7.66,power,0.05,36.91,10.49,92.16,1976.7,21.45,1145.6,648.3,831.1,1096.5,46.06,34.81,-1.19,-0.35,16.046,RUN,OK,RUN,0.98
2026-01-27T00:48:25.435921Z,83.24,87.52,83.03,7.55,power,0.05,36.91,10.41,92.14,1978.8,21.47,1146.3,652.7,832.4,1097.1,46.06,34.81,-1.19,-0.35,16.051,RUN,OK,RUN,0.98
2026-01-27T00:48:25.635921Z,83.19,87.48,83.03,7.44,power,0.05,36.91,10.33,92.13,1980.8,21.5,1147.1,657.2,833.7,1097.6,46.05,34.81,-1.18,-0.35,16.055,RUN,OK,RUN,0.98
2026-01-27T00:48:25.835921Z,83.14,87.45,83.02,7.33,power,0.05,36.91,10.25,92.11,1982.6,21.52,1147.8,661.7,834.9,1098.2,46.05,34.81,-1.18,-0.35,16.06,RUN,OK,RUN,0.98
2026-01-27T00:48:26.035921Z,83.09,87.41,83.01,7.22,power,0.05,36.9,10.17,92.09,1984.4,21.55,1148.5,666.2,835.9,1098.8,46.04,34.82,-1.18,-0.35,16.065,RUN,OK,RUN,0.98
2026-01-27T00:48:26.235921Z,83.04,87.36,83.0,7.12,power,0.05,36.9,10.09,92.08,1986.1,21.57,1149.2,670.7,836.9,1099.4,46.03,34.82,-1.18,-0.35,16.069,RUN,OK,RUN,0.98
2026-01-27T00:48:26.435921Z,82.99,87.32,82.99,7.02,power,0.05,36.9,10.01,92.06,1987.7,21.59,1149.9,675.3,837.8,1100.0,46.03,34.82,-1.17,-0.35,16.074,RUN,OK,RUN,0.98
2026-01-27T00:48:26.635921Z,82.94,87.28,82.98,6.92,power,0.05,36.9,9.93,92.05,1989.2,21.61,1150.7,679.9,838.6,1100.5,46.02,34.82,-1.17,-0.35,16.079,RUN,OK,RUN,0.98
2026-01-27T00:48:26.835921Z,82.89,87.24,82.97,6.82,power,0.05,36.9,9.85,92.03,1990.6,21.63,1151.4,684.5,839.3,1101.1,46.01,34.82,-1.17,-0.36,16.083,RUN,OK,RUN,0.98
2026-01-27T00:48:27.035921Z,82.84,87.2,82.96,6.73,power,0.05,36.9,9.77,92.01,1991.9,21.65,1152.1,689.2,839.8,1101.7,46.01,34.82,-1.16,-0.36,16.088,RUN,OK,RUN,0.98
2026-01-27T00:48:27.235921Z,82.79,87.15,82.95,6.63,power,0.05,36.9,9.69,92.0,1993.2,21.67,1152.8,693.8,840.3,1102.3,46.0,34.83,-1.16,-0.36,16.092,RUN,OK,RUN,0.98
2026-01-27T00:48:27.435921Z,82.74,87.11,82.93,6.55,power,0.05,36.9,9.61,91.98,1994.3,21.68,1153.5,698.6,840.7,1102.8,46.0,34.83,-1.16,-0.36,16.097,RUN,OK,RUN,0.98
2026-01-27T00:48:27.635921Z,82.68,87.06,82.92,6.46,power,0.05,36.89,9.53,91.97,1995.3,21.7,1154.3,703.3,841.0,1103.4,45.99,34.83,-1.16,-0.36,16.102,RUN,OK,RUN,0.98
2026-01-27T00:48:27.835921Z,82.63,87.02,82.91,6.37,power,0.05,36.89,9.45,91.95,1996.2,21.71,1155.0,708.0,841.2,1104.0,45.98,34.83,-1.15,-0.36,16.106,RUN,OK,RUN,0.98
2026-01-27T00:48:28.035921Z,82.58,86.97,82.89,6.29,power,0.05,36.89,9.37,91.93,1997.0,21.72,1155.7,712.8,841.3,1104.6,45.98,34.83,-1.15,-0.36,16.111,RUN,OK,RUN,0.98
2026-01-27T00:48:28.235921Z,82.52,86.92,82.88,6.21,power,0.05,36.89,9.29,91.92,1997.7,21.73,1156.4,717.6,841.3,1105.1,45.97,34.83,-1.15,-0.36,16.115,RUN,OK,RUN,0.98
2026-01-27T00:48:28.435921Z,82.47,86.88,82.86,6.13,power,0.05,36.89,9.21,91.9,1998.4,21.74,1157.1,722.4,841.2,1105.7,45.96,34.83,-1.15,-0.36,16.12,RUN,OK,RUN,0.98
2026-01-27T00:48:28.635921Z,82.41,86.83,82.84,6.06,power,0.05,36.89,9.13,91.89,1998.9,21.75,1157.8,727.3,841.0,1106.3,45.96,34.84,-1.14,-0.36,16.125,RUN,OK,RUN,0.98
2026-01-27T00:48:28.835921Z,82.35,86.78,82.83,5.99,power,0.05,36.89,9.05,91.87,1999.3,21.76,1158.6,732.2,840.7,1106.8,45.95,34.84,-1.14,-0.36,16.129,RUN,OK,RUN,0.98
2026-01-27T00:48:29.035921Z,82.3,86.73,82.81,5.92,power,0.05,36.89,8.97,91.86,1999.6,21.77,1159.3,737.0,840.3,1107.4,45.94,34.84,-1.14,-0.36,16.134,RUN,OK,RUN,0.98
2026-01-27T00:48:29.235921Z,82.24,86.68,82.79,5.85,power,0.05,36.88,8.89,91.84,1999.8,21.78,1160.0,742.0,839.9,1108.0,45.94,34.84,-1.13,-0.37,16.138,RUN,OK,RUN,0.98
2026-01-27T00:48:29.435921Z,82.18,86.63,82.77,5.78,power,0.05,36.88,8.81,91.82,2000.0,21.78,1160.7,746.9,839.3,1108.6,45.93,34.84,-1.13,-0.37,16.143,RUN,OK,RUN,0.98
2026-01-27T00:48:29.635921Z,82.12,86.58,82.75,5.72,power,0.05,36.88,8.73,91.81,2000.0,21.78,1161.4,751.9,838.6,1109.1,45.93,34.84,-1.13,-0.37,16.148,RUN,OK,RUN,0.98
2026-01-27T00:48:29.835921Z,82.06,86.53,82.73,5.66,power,0.05,36.88,8.65,91.79,1999.9,21.79,1162.1,756.8,837.8,1109.7,45.92,34.84,-1.13,-0.37,16.152,RUN,OK,RUN,0.98
2026-01-27T00:48:30.035921Z,82.0,86.48,82.71,5.6,power,0.05,36.88,8.57,91.78,1999.8,21.79,1162.8,761.8,836.9,1110.3,45.91,34.85,-1.12,-0.37,16.157,RUN,OK,RUN,0.98
2026-01-27T00:48:30.235921Z,81.94,86.42,82.68,5.55,power,0.05,36.88,8.49,91.76,1999.5,21.79,1163.5,766.8,836.0,1110.8,45.91,34.85,-1.12,-0.37,16.161,RUN,OK,RUN,0.98
2026-01-27T00:48:30.435921Z,81.88,86.37,82.66,5.5,power,0.05,36.88,8.42,91.75,1999.1,21.79,1164.2,771.9,834.9,1111.4,45.9,34.85,-1.12,-0.37,16.166,RUN,OK,RUN,0.98
2026-01-27T00:48:30.635921Z,81.82,86.31,82.63,5.45,power,0.05,36.87,8.34,91.73,1998.7,21.79,1164.9,776.9,833.7,1112.0,45.89,34.85,-1.11,-0.37,16.171,RUN,OK,RUN,0.98
2026-01-27T00:48:30.835921Z,81.76,86.26,82.61,5.4,power,0.05,36.87,8.26,91.72,1998.1,21.79,1165.7,782.0,832.4,1112.5,45.89,34.85,-1.11,-0.37,16.175,RUN,OK,RUN,0.98
2026-01-27T00:48:31.035921Z,81.7,86.21,82.58,5.35,power,0.05,36.87,8.18,91.7,1997.4,21.78,1166.4,787.1,831.1,1113.1,45.88,34.85,-1.11,-0.37,16.18,RUN,OK,RUN,0.98
2026-01-27T00:48:31.235921Z,81.63,86.15,82.56,5.31,power,0.05,36.87,8.1,91.69,1996.7,21.78,1167.1,792.2,829.6,1113.7,45.87,34.85,-1.11,-0.37,16.184,RUN,OK,RUN,0.98
2026-01-27T00:48:31.435921Z,81.57,86.09,82.53,5.27,power,0.05,36.87,8.03,91.67,1995.8,21.77,1167.8,797.3,828.0,1114.2,45.87,34.86,-1.1,-0.37,16.189,RUN,OK,RUN,0.98
2026-01-27T00:48:31.635921Z,81.51,86.04,82.5,5.24,power,0.05,36.87,7.95,91.66,1994.8,21.76,1168.5,802.5,826.4,1114.8,45.86,34.86,-1.1,-0.38,16.193,RUN,OK,RUN,0.98
2026-01-27T00:48:31.835921Z,81.44,85.98,82.47,5.2,power,0.05,36.87,7.87,91.64,1993.8,21.76,1169.2,807.6,824.6,1115.3,45.86,34.86,-1.1,-0.38,16.198,RUN,OK,RUN,0.98
2026-01-27T00:48:32.035921Z,81.38,85.92,82.44,5.17,power,0.05,36.86,7.79,91.63,1992.6,21.75,1169.9,812.8,822.8,1115.9,45.85,34.86,-1.09,-0.38,16.203,RUN,OK,RUN,0.98
2026-01-27T00:48:32.235921Z,81.31,85.86,82.41,5.14,power,0.05,36.86,7.72,91.61,1991.4,21.74,1170.6,818.0,820.8,1116.5,45.84,34.86,-1.09,-0.38,16.207,RUN,OK,RUN,0.98
2026-01-27T00:48:32.435921Z,81.25,85.8,82.37,5.12,power,0.05,36.86,7.64,91.6,1990.0,21.73,1171.3,823.2,818.8,1117.0,45.84,34.86,-1.09,-0.38,16.212,RUN,OK,RUN,0.98
2026-01-27T00:48:32.635921Z,81.18,85.74,82.34,5.09,power,0.05,36.86,7.56,91.58,1988.6,21.71,1172.0,828.4,816.6,1117.6,45.83,34.86,-1.09,-0.38,16.216,RUN,OK,RUN,0.98
2026-01-27T00:48:32.835921Z,81.11,85.68,82.3,5.07,power,0.05,36.86,7.49,91.57,1987.0,21.7,1172.7,833.7,814.4,1118.1,45.82,34.86,-1.08,-0.38,16.221,RUN,OK,RUN,0.98
2026-01-27T00:48:33.035921Z,81.05,85.62,82.27,5.05,power,0.05,36.86,7.41,91.56,1985.4,21.69,1173.4,838.9,812.0,1118.7,45.82,34.87,-1.08,-0.38,16.226,RUN,OK,RUN,0.98
2026-01-27T00:48:33.235921Z,80.98,85.56,82.23,5.04,power,0.05,36.86,7.34,91.54,1983.7,21.67,1174.1,844.2,809.6,1119.3,45.81,34.87,-1.08,-0.38,16.23,RUN,OK,RUN,0.98
2026-01-27T00:48:33.435921Z,80.91,85.5,82.2,5.03,power,0.05,36.85,7.26,91.53,1981.8,21.65,1174.8,849.4,807.1,1119.8,45.8,34.87,-1.07,-0.38,16.235,RUN,OK,RUN,0.98
2026-01-27T00:48:33.635921Z,80.84,85.44,82.16,5.01,power,0.05,36.85,7.19,91.51,1979.9,21.64,1175.5,854.7,804.4,1120.4,45.8,34.87,-1.07,-0.38,16.239,RUN,OK,RUN,0.98
2026-01-27T00:48:33.835921Z,80.77,85.38,82.12,5.01,power,0.05,36.85,7.11,91.5,1977.9,21.62,1176.2,860.0,801.7,1120.9,45.79,34.87,-1.07,-0.38,16.244,RUN,OK,RUN,0.98
2026-01-27T00:48:34.035921Z,80.7,85.31,82.08,5.0,power,0.05,36.85,7.04,91.48,1975.7,21.6,1176.9,865.3,798.9,1121.5,45.79,34.87,-1.06,-0.39,16.248,RUN,OK,RUN,0.98
2026-01-27T00:48:34.235921Z,80.63,85.25,82.04,5.0,power,0.05,36.85,6.96,91.47,1973.5,21.58,1177.5,870.6,796.0,1122.0,45.78,34.87,-1.06,-0.39,16.253,RUN,OK,RUN,0.98
2026-01-27T00:48:34.435921Z,80.56,85.18,81.99,5.0,power,0.05,36.85,6.89,91.46,1971.2,21.55,1178.2,876.0,793.0,1122.6,45.77,34.87,-1.06,-0.39,16.257,RUN,OK,RUN,0.98
2026-01-27T00:48:34.635921Z,80.49,85.12,81.95,5.0,power,0.05,36.85,6.82,91.44,1968.8,21.53,1178.9,881.3,789.9,1123.1,45.77,34.88,-1.06,-0.39,16.262,RUN,OK,RUN,0.98
2026-01-27T00:48:34.835921Z,80.42,85.05,81.9,5.01,power,0.05,36.84,6.74,91.43,1966.3,21.51,1179.6,886.7,786.7,1123.7,45.76,34.88,-1.05,-0.39,16.267,RUN,OK,RUN,0.98
2026-01-27T00:48:35.035921Z,80.34,84.99,81.86,5.02,power,0.05,36.84,6.67,91.41,1963.7,21.48,1180.3,892.0,783.4,1124.3,45.75,34.88,-1.05,-0.39,16.271,RUN,OK,RUN,0.98
2026-01-27T00:48:35.235921Z,80.27,84.92,81.81,5.03,power,0.05,36.84,6.6,91.4,1961.0,21.46,1181.0,897.4,780.0,1124.8,45.75,34.88,-1.05,-0.39,16.276,RUN,OK,RUN,0.98
2026-01-27T00:48:35.435921Z,80.2,84.85,81.76,5.04,power,0.05,36.84,6.53,91.39,1958.2,21.43,1181.7,902.8,776.5,1125.4,45.74,34.88,-1.04,-0.39,16.28,RUN,OK,RUN,0.98
2026-01-27T00:48:35.635921Z,80.13,84.79,81.71,5.06,power,0.05,36.84,6.45,91.37,1955.3,21.4,1182.4,908.2,772.9,1125.9,45.73,34.88,-1.04,-0.39,16.285,RUN,OK,RUN,0.98
2026-01-27T00:48:35.835921Z,80.05,84.72,81.66,5.08,power,0.05,36.84,6.38,91.36,1952.3,21.37,1183.1,913.6,769.3,1126.5,45.73,34.88,-1.04,-0.39,16.289,RUN,OK,RUN,0.98
2026-01-27T00:48:36.035921Z,79.98,84.65,81.61,5.1,power,0.05,36.83,6.31,91.34,1949.3,21.34,1183.8,919.0,765.5,1127.0,45.72,34.88,-1.03,-0.39,16.294,RUN,OK,RUN,0.98
2026-01-27T00:48:36.235921Z,79.9,84.58,81.56,5.12,power,0.05,36.83,6.24,91.33,1946.1,21.31,1184.4,924.4,761.7,1127.6,45.71,34.89,-1.03,-0.39,16.298,RUN,OK,RUN,0.98
2026-01-27T00:48:36.435921Z,79.83,84.51,81.51,5.15,power,0.05,36.83,6.17,91.32,1942.9,21.28,1185.1,929.8,757.7,1128.1,45.71,34.89,-1.03,-0.39,16.303,RUN,OK,RUN,0.98
2026-01-27T00:48:36.635921Z,79.75,84.44,81.45,5.18,power,0.05,36.83,6.1,91.3,1939.5,21.24,1185.8,935.2,753.7,1128.6,45.7,34.89,-1.02,-0.4,16.307,RUN,OK,RUN,0.98
2026-01-27T00:48:36.835921Z,79.67,84.37,81.4,5.21,power,0.05,36.83,6.03,91.29,1936.1,21.21,1186.5,940.6,749.6,1129.2,45.69,34.89,-1.02,-0.4,16.312,RUN,OK,RUN,0.98
2026-01-27T00:48:37.035921Z,79.6,84.3,81.34,5.25,power,0.05,36.83,5.96,91.28,1932.6,21.17,1187.2,946.1,745.4,1129.7,45.69,34.89,-1.02,-0.4,16.316,RUN,OK,RUN,0.98
2026-01-27T00:48:37.235921Z,79.52,84.23,81.28,5.29,power,0.05,36.82,5.89,91.26,1928.9,21.14,1187.9,951.5,741.1,1130.3,45.68,34.89,-1.02,-0.4,16.321,RUN,OK,RUN,0.98
2026-01-27T00:48:37.435921Z,79.44,84.16,81.22,5.33,power,0.05,36.82,5.82,91.25,1925.2,21.1,1188.5,956.9,736.7,1130.8,45.68,34.89,-1.01,-0.4,16.325,RUN,OK,RUN,0.98
2026-01-27T00:48:37.635921Z,79.37,84.08,81.16,5.37,power,0.05,36.82,5.76,91.24,1921.4,21.06,1189.2,962.4,732.2,1131.4,45.67,34.89,-1.01,-0.4,16.33,RUN,OK,RUN,0.98
2026-01-27T00:48:37.835921Z,79.29,84.01,81.1,5.41,power,0.05,36.82,5.69,91.22,1917.5,21.02,1189.9,967.8,727.6,1131.9,45.66,34.9,-1.01,-0.4,16.334,RUN,OK,RUN,0.98
2026-01-27T00:48:38.035921Z,79.21,83.94,81.04,5.46,power,0.05,36.82,5.62,91.21,1913.6,20.98,1190.6,973.3,723.0,1132.5,45.66,34.9,-1.0,-0.4,16.339,RUN,OK,RUN,0.98
2026-01-27T00:48:38.235921Z,79.13,83.86,80.98,5.51,power,0.05,36.82,5.55,91.2,1909.5,20.94,1191.3,978.7,718.3,1133.0,45.65,34.9,-1.0,-0.4,16.343,RUN,OK,RUN,0.98
2026-01-27T00:48:38.435921Z,79.05,83.79,80.91,5.57,power,0.05,36.81,5.49,91.18,1905.4,20.9,1191.9,984.2,713.4,1133.5,45.64,34.9,-1.0,-0.4,16.348,RUN,OK,RUN,0.98
2026-01-27T00:48:38.635921Z,78.97,83.72,80.85,5.62,power,0.05,36.81,5.42,91.17,1901.1,20.85,1192.6,989.6,708.5,1134.1,45.64,34.9,-0.99,-0.4,16.352,RUN,OK,RUN,0.98
2026-01-27T00:48:38.835921Z,78.89,83.64,80.78,5.68,power,0.05,36.81,5.36,91.16,1896.8,20.81,1193.3,995.1,703.5,1134.6,45.63,34.9,-0.99,-0.4,16.357,RUN,OK,RUN,0.98
2026-01-27T00:48:39.035921Z,78.81,83.56,80.71,5.74,power,0.05,36.81,5.29,91.15,1892.4,20.76,1194.0,1000.5,698.4,1135.2,45.62,34.9,-0.99,-0.4,16.361,RUN,OK,RUN,0.98
2026-01-27T00:48:39.235921Z,78.73,83.49,80.64,5.8,power,0.05,36.81,5.23,91.13,1887.9,20.72,1194.6,1006.0,693.3,1135.7,45.62,34.9,-0.98,-0.41,16.366,RUN,OK,RUN,0.98
2026-01-27T00:48:39.435921Z,78.65,83.41,80.57,5.87,power,0.05,36.81,5.16,91.12,1883.3,20.67,1195.3,1011.4,688.0,1136.2,45.61,34.9,-0.98,-0.41,16.37,RUN,OK,RUN,0.98
2026-01-27T00:48:39.635921Z,78.56,83.34,80.5,5.94,power,0.05,36.8,5.1,91.11,1878.6,20.62,1196.0,1016.9,682.7,1136.8,45.6,34.91,-0.98,-0.41,16.375,RUN,OK,RUN,0.98
2026-01-27T00:48:39.835921Z,78.48,83.26,80.43,6.01,power,0.05,36.8,5.04,91.1,1873.9,20.57,1196.6,1022.3,677.2,1137.3,45.6,34.91,-0.97,-0.41,16.379,RUN,OK,RUN,0.98
2026-01-27T00:48:40.035921Z,78.4,83.18,80.35,6.08,power,0.05,36.8,4.97,91.08,1869.1,20.52,1197.3,1027.8,671.7,1137.9,45.59,34.91,-0.97,-0.41,16.384,RUN,OK,RUN,0.98
2026-01-27T00:48:40.235921Z,78.32,83.1,80.28,6.16,power,0.05,36.8,4.91,91.07,1864.2,20.47,1198.0,1033.2,666.2,1138.4,45.58,34.91,-0.97,-0.41,16.388,RUN,OK,RUN,0.98
2026-01-27T00:48:40.435921Z,78.23,83.02,80.2,6.24,power,0.05,36.8,4.85,91.06,1859.2,20.42,1198.7,1038.7,660.5,1138.9,45.58,34.91,-0.96,-0.41,16.393,RUN,OK,RUN,0.98
2026-01-27T00:48:40.635921Z,78.15,82.94,80.13,6.32,power,0.05,36.8,4.79,91.05,1854.1,20.36,1199.3,1044.1,654.8,1139.5,45.57,34.91,-0.96,-0.41,16.397,RUN,OK,RUN,0.98
2026-01-27T00:48:40.835921Z,78.06,82.86,80.05,6.4,power,0.05,36.79,4.73,91.03,1848.9,20.31,1200.0,1049.6,648.9,1140.0,45.56,34.91,-0.96,-0.41,16.402,RUN,OK,RUN,0.98
2026-01-27T00:48:41.035921Z,77.98,82.79,79.97,6.49,power,0.05,36.79,4.67,91.02,1843.7,20.26,1200.7,1055.0,643.0,1140.5,45.56,34.91,-0.95,-0.41,16.406,RUN,OK,RUN,0.98
2026-01-27T00:48:41.235921Z,77.9,82.7,79.89,6.57,power,0.05,36.79,4.61,91.01,1838.4,20.2,1201.3,1060.4,637.0,1141.1,45.55,34.91,-0.95,-0.41,16.41,RUN,OK,RUN,0.98
2026-01-27T00:48:41.435921Z,77.81,82.62,79.81,6.66,power,0.05,36.79,4.55,91.0,1833.0,20.14,1202.0,1065.9,631.0,1141.6,45.54,34.92,-0.95,-0.41,16.415,RUN,OK,RUN,0.98
2026-01-27T00:48:41.635921Z,77.72,82.54,79.72,6.76,power,0.05,36.79,4.49,90.99,1827.5,20.09,1202.7,1071.3,624.8,1142.1,45.54,34.92,-0.94,-0.41,16.419,RUN,OK,RUN,0.98
2026-01-27T00:48:41.835921Z,77.64,82.46,79.64,6.85,power,0.05,36.78,4.43,90.97,1821.9,20.03,1203.3,1076.7,618.6,1142.7,45.53,34.92,-0.94,-0.41,16.424,RUN,OK,RUN,0.98
2026-01-27T00:48:42.035921Z,77.55,82.38,79.55,6.95,power,0.05,36.78,4.38,90.96,1816.3,19.97,1204.0,1082.1,612.3,1143.2,45.52,34.92,-0.94,-0.42,16.428,RUN,OK,RUN,0.98
2026-01-27T00:48:42.235921Z,77.47,82.3,79.47,7.05,power,0.05,36.78,4.32,90.95,1810.6,19.91,1204.6,1087.5,606.0,1143.7,45.52,34.92,-0.93,-0.42,16.433,RUN,OK,RUN,0.98
2026-01-27T00:48:42.435921Z,77.38,82.21,79.38,7.15,power,0.05,36.78,4.27,90.94,1804.8,19.85,1205.3,1092.9,599.5,1144.2,45.51,34.92,-0.93,-0.42,16.437,RUN,OK,RUN,0.98
2026-01-27T00:48:42.635921Z,77.29,82.13,79.29,7.26,power,0.05,36.78,4.21,90.93,1799.0,19.78,1206.0,1098.3,593.0,1144.8,45.51,34.92,-0.93,-0.42,16.441,RUN,OK,RUN,0.98
2026-01-27T00:48:42.835921Z,77.2,82.05,79.2,7.36,power,0.05,36.78,4.15,90.92,1793.0,19.72,1206.6,1103.6,586.4,1145.3,45.5,34.92,-0.92,-0.42,16.446,RUN,OK,RUN,0.98
2026-01-27T00:48:43.035921Z,77.12,81.96,79.11,7.47,power,0.05,36.77,4.1,90.9,1787.0,19.66,1207.3,1109.0,579.8,1145.8,45.49,34.92,-0.92,-0.42,16.45,RUN,OK,RUN,0.98
2026-01-27T00:48:43.235921Z,77.03,81.88,79.02,7.58,power,0.05,36.77,4.05,90.89,1781.0,19.59,1207.9,1114.4,573.0,1146.3,45.49,34.92,-0.92,-0.42,16.455,RUN,OK,RUN,0.98
2026-01-27T00:48:43.435921Z,76.94,81.8,78.92,7.69,power,0.05,36.77,3.99,90.88,1774.8,19.53,1208.6,1119.7,566.2,1146.9,45.48,34.93,-0.91,-0.42,16.459,RUN,OK,RUN,0.98
2026-01-27T00:48:43.635921Z,76.85,81.71,78.83,7.81,power,0.05,36.77,3.94,90.87,1768.6,19.46,1209.2,1125.1,559.4,1147.4,45.47,34.93,-0.91,-0.42,16.463,RUN,OK,RUN,0.98
2026-01-27T00:48:43.835921Z,76.76,81.63,78.73,7.93,power,0.05,36.77,3.89,90.86,1762.3,19.4,1209.9,1130.4,552.4,1147.9,45.47,34.93,-0.91,-0.42,16.468,RUN,OK,RUN,0.98
2026-01-27T00:48:44.035921Z,76.67,81.54,78.64,8.05,power,0.05,36.76,3.84,90.85,1756.0,19.33,1210.6,1135.7,545.4,1148.4,45.46,34.93,-0.9,-0.42,16.472,RUN,OK,RUN,0.98
2026-01-27T00:48:44.235921Z,76.58,81.45,78.54,8.17,power,0.05,36.76,3.79,90.84,1749.5,19.26,1211.2,1141.0,538.3,1149.0,45.45,34.93,-0.9,-0.42,16.476,RUN,OK,RUN,0.98
2026-01-27T00:48:44.435921Z,76.49,81.37,78.44,8.29,power,0.05,36.76,3.74,90.83,1743.0,19.19,1211.9,1146.3,531.2,1149.5,45.45,34.93,-0.9,-0.42,16.481,RUN,OK,RUN,0.98
2026-01-27T00:48:44.635921Z,76.4,81.28,78.34,8.42,power,0.05,36.76,3.69,90.81,1736.5,19.12,1212.5,1151.6,524.0,1150.0,45.44,34.93,-0.89,-0.42,16.485,RUN,OK,RUN,0.98
2026-01-27T00:48:44.835921Z,76.31,81.19,78.24,8.55,power,0.05,36.76,3.64,90.8,1729.8,19.05,1213.2,1156.9,516.7,1150.5,45.43,34.93,-0.89,-0.42,16.49,RUN,OK,RUN,0.98
2026-01-27T00:48:45.035921Z,76.22,81.11,78.14,8.68,power,0.05,36.76,3.59,90.79,1723.2,18.98,1213.8,1162.1,509.3,1151.0,45.43,34.93,-0.89,-0.43,16.494,RUN,OK,RUN,0.98
2026-01-27T00:48:45.235921Z,76.13,81.02,78.04,8.81,power,0.05,36.75,3.54,90.78,1716.4,18.91,1214.5,1167.4,501.9,1151.6,45.42,34.93,-0.88,-0.43,16.498,RUN,OK,RUN,0.98
2026-01-27T00:48:45.435921Z,76.04,80.93,77.93,8.94,power,0.05,36.75,3.5,90.77,1709.6,18.83,1215.1,1172.6,494.5,1152.1,45.41,34.93,-0.88,-0.43,16.503,RUN,OK,RUN,0.98
2026-01-27T00:48:45.635921Z,75.95,80.84,77.83,9.08,power,0.05,36.75,3.45,90.76,1702.7,18.76,1215.7,1177.8,486.9,1152.6,45.41,34.94,-0.88,-0.43,16.507,RUN,OK,RUN,0.98
2026-01-27T00:48:45.835921Z,75.86,80.75,77.72,9.22,power,0.05,36.75,3.4,90.75,1695.7,18.69,1216.4,1183.0,479.3,1153.1,45.4,34.94,-0.87,-0.43,16.511,RUN,OK,RUN,0.98
2026-01-27T00:48:46.035921Z,75.76,80.67,77.61,9.36,power,0.05,36.75,3.36,90.74,1688.7,18.61,1217.0,1188.2,471.7,1153.6,45.39,34.94,-0.87,-0.43,16.515,RUN,OK,RUN,0.98
2026-01-27T00:48:46.235921Z,75.67,80.58,77.51,9.5,power,0.05,36.74,3.31,90.73,1681.7,18.54,1217.7,1193.4,464.0,1154.1,45.39,34.94,-0.87,-0.43,16.52,RUN,OK,RUN,0.98
2026-01-27T00:48:46.435921Z,75.58,80.49,77.4,9.64,power,0.05,36.74,3.27,90.72,1674.5,18.46,1218.3,1198.5,456.2,1154.7,45.38,34.94,-0.86,-0.43,16.524,RUN,OK,RUN,0.98
2026-01-27T00:48:46.635921Z,75.48,80.4,77.29,9.79,power,0.05,36.74,3.23,90.71,1667.4,18.38,1219.0,1203.7,448.4,1155.2,45.37,34.94,-0.86,-0.43,16.528,RUN,OK,RUN,0.98
2026-01-27T00:48:46.835921Z,75.39,80.31,77.18,9.94,power,0.05,36.74,3.19,90.7,1660.1,18.3,1219.6,1208.8,440.5,1155.7,45.37,34.94,-0.85,-0.43,16.533,RUN,OK,RUN,0.98
2026-01-27T00:48:47.035921Z,75.3,80.22,77.06,10.09,power,0.05,36.74,3.14,90.69,1652.8,18.23,1220.2,1213.9,432.6,1156.2,45.36,34.94,-0.85,-0.43,16.537,RUN,OK,RUN,0.98
2026-01-27T00:48:47.235921Z,75.2,80.13,76.95,10.24,power,0.05,36.73,3.1,90.68,1645.5,18.15,1220.9,1219.0,424.6,1156.7,45.35,34.94,-0.85,-0.43,16.541,RUN,OK,RUN,0.98
2026-01-27T00:48:47.435921Z,75.11,80.04,76.84,10.39,power,0.05,36.73,3.06,90.67,1638.0,18.07,1221.5,1224.1,416.5,1157.2,45.35,34.94,-0.84,-0.43,16.546,RUN,OK,RUN,0.98
2026-01-27T00:48:47.635921Z,75.02,79.94,76.72,10.54,power,0.05,36.73,3.02,90.66,1630.6,17.99,1222.2,1229.1,408.4,1157.7,45.34,34.94,-0.84,-0.43,16.55,RUN,OK,RUN,0.98
2026-01-27T00:48:47.835921Z,74.92,79.85,76.61,10.7,power,0.05,36.73,2.99,90.65,1623.1,17.91,1222.8,1234.1,400.3,1158.2,45.33,34.95,-0.84,-0.43,16.554,RUN,OK,RUN,0.98
2026-01-27T00:48:48.035921Z,74.83,79.76,76.49,10.86,power,0.05,36.73,2.95,90.64,1615.5,17.82,1223.4,1239.2,392.1,1158.8,45.33,34.95,-0.83,-0.44,16.558,RUN,OK,RUN,0.98
2026-01-27T00:48:48.235921Z,74.73,79.67,76.37,11.02,power,0.05,36.72,2.91,90.63,1607.9,17.74,1224.1,1244.1,383.8,1159.3,45.32,34.95,-0.83,-0.44,16.563,RUN,OK,RUN,0.98
2026-01-27T00:48:48.435921Z,74.64,79.58,76.26,11.18,power,0.05,36.72,2.87,90.62,1600.2,17.66,1224.7,1249.1,375.5,1159.8,45.31,34.95,-0.83,-0.44,16.567,RUN,OK,RUN,0.98
2026-01-27T00:48:48.635921Z,74.54,79.48,76.14,11.34,power,0.05,36.72,2.84,90.61,1592.5,17.58,1225.3,1254.1,367.1,1160.3,45.31,34.95,-0.82,-0.44,16.571,RUN,OK,RUN,0.98
2026-01-27T00:48:48.835921Z,74.45,79.39,76.02,11.51,power,0.05,36.72,2.8,90.6,1584.7,17.49,1226.0,1259.0,358.7,1160.8,45.3,34.95,-0.82,-0.44,16.575,RUN,OK,RUN,0.98
2026-01-27T00:48:49.035921Z,74.35,79.3,75.9,11.67,power,0.05,36.72,2.77,90.59,1576.9,17.41,1226.6,1263.9,350.3,1161.3,45.29,34.95,-0.82,-0.44,16.579,RUN,OK,RUN,0.98
2026-01-27T00:48:49.235921Z,74.26,79.2,75.78,11.84,power,0.05,36.71,2.73,90.58,1569.0,17.32,1227.2,1268.8,341.8,1161.8,45.29,34.95,-0.81,-0.44,16.584,RUN,OK,RUN,0.98
2026-01-27T00:48:49.435921Z,74.16,79.11,75.65,12.01,power,0.05,36.71,2.7,90.57,1561.1,17.24,1227.9,1273.7,333.3,1162.3,45.28,34.95,-0.81,-0.44,16.588,RUN,OK,RUN,0.98
2026-01-27T00:48:49.635921Z,74.06,79.02,75.53,12.18,power,0.05,36.71,2.67,90.56,1553.2,17.15,1228.5,1278.5,324.7,1162.8,45.27,34.95,-0.8,-0.44,16.592,RUN,OK,RUN,0.98
2026-01-27T00:48:49.835921Z,73.97,78.92,75.41,12.35,power,0.05,36.71,2.64,90.55,1545.2,17.06,1229.1,1283.3,316.0,1163.3,45.27,34.95,-0.8,-0.44,16.596,RUN,OK,RUN,0.98
2026-01-27T00:48:50.035921Z,73.87,78.83,75.28,12.52,power,0.05,36.71,2.61,90.54,1537.1,16.98,1229.7,1288.1,307.4,1163.8,45.26,34.95,-0.8,-0.44,16.6,RUN,OK,RUN,0.98
2026-01-27T00:48:50.235921Z,73.77,78.73,75.16,12.69,power,0.05,36.7,2.58,90.53,1529.0,16.89,1230.4,1292.9,298.7,1164.3,45.25,34.96,-0.79,-0.44,16.605,RUN,OK,RUN,0.98
2026-01-27T00:48:50.435921Z,73.68,78.64,75.03,12.87,power,0.05,36.7,2.55,90.53,1520.9,16.8,1231.0,1297.6,289.9,1164.8,45.25,34.96,-0.79,-0.44,16.609,RUN,OK,RUN,0.98
2026-01-27T00:48:50.635921Z,73.58,78.54,74.9,13.05,power,0.05,36.7,2.52,90.52,1512.8,16.71,1231.6,1302.4,281.1,1165.3,45.24,34.96,-0.79,-0.44,16.613,RUN,OK,RUN,0.98
2026-01-27T00:48:50.835921Z,73.48,78.45,74.78,13.22,power,0.05,36.7,2.49,90.51,1504.6,16.62,1232.2,1307.1,272.3,1165.8,45.23,34.96,-0.78,-0.44,16.617,RUN,OK,RUN,0.98
2026-01-27T00:48:51.035921Z,73.39,78.35,74.65,13.4,power,0.05,36.69,2.46,90.5,1496.3,16.53,1232.9,1311.7,263.5,1166.3,45.23,34.96,-0.78,-0.44,16.621,RUN,OK,RUN,0.98
2026-01-27T00:48:51.235921Z,73.29,78.26,74.52,13.58,power,0.05,36.69,2.44,90.49,1488.0,16.44,1233.5,1316.4,254.6,1166.8,45.22,34.96,-0.78,-0.44,16.625,RUN,OK,RUN,0.98
2026-01-27T00:48:51.435921Z,73.19,78.16,74.39,13.77,power,0.05,36.69,2.41,90.48,1479.7,16.35,1234.1,1321.0,245.6,1167.3,45.21,34.96,-0.77,-0.45,16.629,RUN,OK,RUN,0.98
2026-01-27T00:48:51.635921Z,73.09,78.07,74.26,13.95,power,0.05,36.69,2.39,90.47,1471.4,16.26,1234.7,1325.6,236.7,1167.8,45.21,34.96,-0.77,-0.45,16.634,RUN,OK,RUN,0.98
2026-01-27T00:48:51.835921Z,72.99,77.97,74.13,14.13,power,0.05,36.69,2.36,90.47,1463.0,16.17,1235.3,1330.2,227.7,1168.3,45.2,34.96,-0.76,-0.45,16.638,RUN,OK,RUN,0.98
2026-01-27T00:48:52.035921Z,72.9,77.87,74.0,14.32,power,0.05,36.68,2.34,90.46,1454.6,16.08,1236.0,1334.7,218.6,1168.8,45.19,34.96,-0.76,-0.45,16.642,RUN,OK,RUN,0.98
2026-01-27T00:48:52.235921Z,72.8,77.78,73.87,14.5,power,0.05,36.68,2.31,90.45,1446.2,15.99,1236.6,1339.2,209.6,1169.3,45.19,34.96,-0.76,-0.45,16.646,RUN,OK,RUN,0.98
2026-01-27T00:48:52.435921Z,72.7,77.68,73.73,14.69,power,0.05,36.68,2.29,90.44,1437.7,15.9,1237.2,1343.7,200.5,1169.8,45.18,34.96,-0.75,-0.45,16.65,RUN,OK,RUN,0.98
2026-01-27T00:48:52.635921Z,72.6,77.58,73.6,14.88,power,0.05,36.68,2.27,90.43,1429.2,15.8,1237.8,1348.2,191.4,1170.3,45.17,34.96,-0.75,-0.45,16.654,RUN,OK,RUN,0.98
2026-01-27T00:48:52.835921Z,72.5,77.49,73.47,15.06,power,0.05,36.68,2.25,90.42,1420.7,15.71,1238.4,1352.6,182.2,1170.7,45.17,34.96,-0.75,-0.45,16.658,RUN,OK,RUN,0.98
2026-01-27T00:48:53.035921Z,72.4,77.39,73.33,15.25,power,0.05,36.67,2.23,90.42,1412.1,15.62,1239.0,1357.0,173.1,1171.2,45.16,34.97,-0.74,-0.45,16.662,RUN,OK,RUN,0.98
2026-01-27T00:48:53.235921Z,72.31,77.29,73.2,15.44,power,0.05,36.67,2.21,90.41,1403.5,15.52,1239.7,1361.4,163.9,1171.7,45.15,34.97,-0.74,-0.45,16.666,RUN,OK,RUN,0.98
2026-01-27T00:48:53.435921Z,72.21,77.19,73.06,15.63,power,0.05,36.67,2.2,90.4,1394.9,15.43,1240.3,1365.7,154.6,1172.2,45.15,34.97,-0.73,-0.45,16.67,RUN,OK,RUN,0.98
2026-01-27T00:48:53.635921Z,72.11,77.1,72.93,15.83,power,0.05,36.67,2.18,90.39,1386.3,15.34,1240.9,1370.0,145.4,1172.7,45.14,34.97,-0.73,-0.45,16.674,RUN,OK,RUN,0.98
2026-01-27T00:48:53.835921Z,72.01,77.0,72.79,16.02,power,0.05,36.66,2.16,90.38,1377.6,15.24,1241.5,1374.3,136.1,1173.2,45.13,34.97,-0.73,-0.45,16.679,RUN,OK,RUN,0.98
2026-01-27T00:48:54.035921Z,71.91,76.9,72.66,16.21,power,0.05,36.66,2.15,90.38,1368.9,15.15,1242.1,1378.5,126.9,1173.7,45.13,34.97,-0.72,-0.45,16.683,RUN,OK,RUN,0.98
2026-01-27T00:48:54.235921Z,71.81,76.8,72.52,16.41,power,0.05,36.66,2.13,90.37,1360.2,15.05,1242.7,1382.8,117.5,1174.2,45.12,34.97,-0.72,-0.45,16.687,RUN,OK,RUN,0.98
2026-01-27T00:48:54.435921Z,71.71,76.7,72.38,16.6,power,0.05,36.66,2.12,90.36,1351.5,14.96,1243.3,1386.9,108.2,1174.6,45.11,34.97,-0.72,-0.45,16.691,RUN,OK,RUN,0.98
2026-01-27T00:48:54.635921Z,71.61,76.6,72.25,16.79,power,0.05,36.66,2.1,90.35,1342.8,14.86,1243.9,1391.1,98.9,1175.1,45.11,34.97,-0.71,-0.45,16.695,RUN,OK,RUN,0.98
2026-01-27T00:48:54.835921Z,71.51,76.51,72.11,16.99,power,0.05,36.65,2.09,90.35,1334.0,14.77,1244.5,1395.2,89.5,1175.6,45.1,34.97,-0.71,-0.45,16.699,RUN,OK,RUN,0.98
2026-01-27T00:48:55.035921Z,71.41,76.41,71.97,17.19,power,0.05,36.65,2.08,90.34,1325.3,14.67,1245.1,1399.3,80.1,1176.1,45.09,34.97,-0.7,-0.45,16.703,RUN,OK,RUN,0.98
2026-01-27T00:48:55.235921Z,71.31,76.31,71.83,17.38,power,0.05,36.65,2.07,90.33,1316.5,14.57,1245.7,1403.4,70.8,1176.6,45.09,34.97,-0.7,-0.46,16.707,RUN,OK,RUN,0.98
2026-01-27T00:48:55.435921Z,71.21,76.21,71.69,17.58,power,0.05,36.65,2.06,90.33,1307.7,14.48,1246.3,1407.4,61.4,1177.1,45.08,34.97,-0.7,-0.46,16.711,RUN,OK,RUN,0.98
2026-01-27T00:48:55.635921Z,71.11,76.11,71.56,17.78,power,0.05,36.64,2.05,90.32,1298.9,14.38,1246.9,1411.4,51.9,1177.5,45.07,34.97,-0.69,-0.46,16.715,RUN,OK,RUN,0.98
2026-01-27T00:48:55.835921Z,71.01,76.01,71.42,17.98,power,0.05,36.64,2.04,90.31,1290.0,14.28,1247.5,1415.3,42.5,1178.0,45.07,34.97,-0.69,-0.46,16.719,RUN,OK,RUN,0.98
2026-01-27T00:48:56.035921Z,70.91,75.91,71.28,18.17,power,0.05,36.64,2.03,90.3,1281.2,14.19,1248.1,1419.2,33.1,1178.5,45.06,34.97,-0.69,-0.46,16.722,RUN,OK,RUN,0.98
2026-01-27T00:48:56.235921Z,70.81,75.81,71.14,18.37,power,0.05,36.64,2.03,90.3,1272.3,14.09,1248.7,1423.1,23.6,1179.0,45.05,34.98,-0.68,-0.46,16.726,RUN,OK,RUN,0.98
2026-01-27T00:48:56.435921Z,70.71,75.71,71.0,18.57,power,0.05,36.63,2.02,90.29,1263.5,13.99,1249.3,1427.0,14.2,1179.5,45.05,34.98,-0.68,-0.46,16.73,RUN,OK,RUN,0.98
2026-01-27T00:48:56.635921Z,70.61,75.61,70.86,18.77,power,0.05,36.63,2.02,90.28,1254.6,13.9,1249.9,1430.8,4.7,1179.9,45.04,34.98,-0.67,-0.46,16.734,RUN,OK,RUN,0.98
2026-01-27T00:48:56.835921Z,70.51,75.51,70.72,18.97,power,0.05,36.63,2.01,90.28,1245.8,13.8,1250.5,1434.6,-4.8,1180.4,45.03,34.98,-0.67,-0.46,16.738,RUN,OK,RUN,0.98
2026-01-27T00:48:57.035921Z,70.41,75.41,70.58,19.17,power,0.05,36.63,2.01,90.27,1236.9,13.7,1251.1,1438.3,-14.2,1180.9,45.03,34.98,-0.67,-0.46,16.742,RUN,OK,RUN,0.98
2026-01-27T00:48:57.235921Z,70.31,75.31,70.44,19.37,power,0.05,36.63,2.0,90.26,1228.0,13.6,1251.7,1442.0,-23.7,1181.4,45.02,34.98,-0.66,-0.46,16.746,RUN,OK,RUN,0.98
2026-01-27T00:48:57.435921Z,70.22,75.21,70.3,19.57,power,0.05,36.62,2.0,90.26,1219.1,13.51,1252.3,1445.7,-33.2,1181.8,45.01,34.98,-0.66,-0.46,16.75,RUN,OK,RUN,0.98
2026-01-27T00:48:57.635921Z,70.12,75.11,70.16,19.77,power,0.05,36.62,2.0,90.25,1210.2,13.41,1252.9,1449.3,-42.7,1182.3,45.01,34.98,-0.66,-0.46,16.754,RUN,OK,RUN,0.98
2026-01-27T00:48:57.835921Z,70.02,75.02,70.02,19.97,power,0.05,36.62,2.0,90.25,1201.3,13.31,1253.5,1452.9,-52.1,1182.8,45.0,34.98,-0.65,-0.46,16.758,RUN,OK,RUN,0.98
2026-01-27T00:48:58.035921Z,69.92,74.91,69.88,20.17,power,0.05,36.62,2.0,90.24,1192.4,13.21,1254.1,1456.5,-61.6,1183.2,44.99,34.98,-0.65,-0.46,16.762,RUN,OK,RUN,0.98
2026-01-27T00:48:58.235921Z,69.82,74.81,69.74,20.37,power,0.05,36.61,2.0,90.23,1183.6,13.12,1254.6,1460.0,-71.1,1183.7,44.99,34.98,-0.64,-0.46,16.766,RUN,OK,RUN,0.98
2026-01-27T00:48:58.435921Z,69.72,74.71,69.6,20.57,power,0.05,36.61,2.0,90.23,1174.7,13.02,1255.2,1463.5,-80.6,1184.2,44.98,34.98,-0.64,-0.46,16.769,RUN,OK,RUN,0.98
2026-01-27T00:48:58.635921Z,69.62,74.61,69.46,20.77,power,0.05,36.61,2.01,90.22,1165.8,12.92,1255.8,1466.9,-90.0,1184.7,44.97,34.98,-0.64,-0.46,16.773,RUN,OK,RUN,0.98
2026-01-27T00:48:58.835921Z,69.52,74.51,69.32,20.97,power,0.05,36.61,2.01,90.22,1156.9,12.82,1256.4,1470.3,-99.5,1185.1,44.97,34.98,-0.63,-0.46,16.777,RUN,OK,RUN,0.98
2026-01-27T00:48:59.035921Z,69.42,74.41,69.18,21.17,power,0.05,36.6,2.01,90.21,1148.0,12.73,1257.0,1473.7,-108.9,1185.6,44.96,34.98,-0.63,-0.46,16.781,RUN,OK,RUN,0.98
2026-01-27T00:48:59.235921Z,69.32,74.31,69.04,21.37,power,0.05,36.6,2.02,90.2,1139.2,12.63,1257.6,1477.0,-118.4,1186.1,44.95,34.98,-0.62,-0.47,16.785,RUN,OK,RUN,0.98
2026-01-27T00:48:59.435921Z,69.22,74.21,68.9,21.57,power,0.05,36.6,2.02,90.2,1130.3,12.53,1258.1,1480.3,-127.8,1186.5,44.95,34.98,-0.62,-0.47,16.789,RUN,OK,RUN,0.98
2026-01-27T00:48:59.635921Z,69.12,74.11,68.76,21.77,power,0.05,36.6,2.03,90.19,1121.5,12.43,1258.7,1483.6,-137.3,1187.0,44.94,34.98,-0.62,-0.47,16.792,RUN,OK,RUN,0.98
2026-01-27T00:48:59.835921Z,69.02,74.01,68.62,21.96,power,0.05,36.59,2.04,90.19,1112.6,12.34,1259.3,1486.8,-146.7,1187.4,44.93,34.98,-0.61,-0.47,16.796,RUN,OK,RUN,0.98
2026-01-27T00:49:00.035921Z,68.92,73.91,68.49,22.16,power,0.05,36.59,2.05,90.18,1103.8,12.24,1259.9,1489.9,-156.1,1187.9,44.93,34.98,-0.61,-0.47,16.8,RUN,OK,RUN,0.98
2026-01-27T00:49:00.235921Z,68.82,73.81,68.35,22.36,power,0.05,36.59,2.06,90.18,1095.0,12.14,1260.5,1493.1,-165.5,1188.4,44.92,34.99,-0.6,-0.47,16.804,RUN,OK,RUN,0.98
2026-01-27T00:49:00.435921Z,68.72,73.71,68.21,22.56,power,0.05,36.59,2.07,90.17,1086.2,12.05,1261.0,1496.2,-174.9,1188.8,44.91,34.99,-0.6,-0.47,16.808,RUN,OK,RUN,0.98
2026-01-27T00:49:00.635921Z,68.62,73.61,68.07,22.75,power,0.05,36.58,2.08,90.17,1077.4,11.95,1261.6,1499.2,-184.2,1189.3,44.91,34.99,-0.6,-0.47,16.811,RUN,OK,RUN,0.98
2026-01-27T00:49:00.835921Z,68.52,73.51,67.93,22.95,power,0.05,36.58,2.09,90.16,1068.6,11.85,1262.2,1502.2,-193.6,1189.8,44.9,34.99,-0.59,-0.47,16.815,RUN,OK,RUN,0.98
2026-01-27T00:49:01.035921Z,68.42,73.41,67.79,23.15,power,0.05,36.58,2.1,90.16,1059.8,11.76,1262.8,1505.2,-202.9,1190.2,44.89,34.99,-0.59,-0.47,16.819,RUN,OK,RUN,0.98
2026-01-27T00:49:01.235921Z,68.32,73.31,67.66,23.34,power,0.05,36.58,2.11,90.15,1051.1,11.66,1263.3,1508.1,-212.2,1190.7,44.89,34.99,-0.59,-0.47,16.823,RUN,OK,RUN,0.98
2026-01-27T00:49:01.435921Z,68.22,73.21,67.52,23.54,power,0.05,36.58,2.13,90.15,1042.4,11.56,1263.9,1511.0,-221.5,1191.1,44.88,34.99,-0.58,-0.47,16.826,RUN,OK,RUN,0.98
2026-01-27T00:49:01.635921Z,68.12,73.11,67.38,23.73,power,0.05,36.57,2.14,90.14,1033.7,11.47,1264.5,1513.8,-230.8,1191.6,44.87,34.99,-0.58,-0.47,16.83,RUN,OK,RUN,0.98
2026-01-27T00:49:01.835921Z,68.02,73.01,67.25,23.92,power,0.05,36.57,2.16,90.14,1025.0,11.37,1265.1,1516.6,-240.1,1192.0,44.87,34.99,-0.57,-0.47,16.834,RUN,OK,RUN,0.98
2026-01-27T00:49:02.035921Z,67.92,72.91,67.11,24.12,power,0.05,36.57,2.17,90.13,1016.3,11.28,1265.6,1519.4,-249.3,1192.5,44.86,34.99,-0.57,-0.47,16.838,RUN,OK,RUN,0.98
2026-01-27T00:49:02.235921Z,67.82,72.81,66.98,24.31,power,0.05,36.57,2.19,90.13,1007.7,11.18,1266.2,1522.1,-258.5,1193.0,44.85,34.99,-0.57,-0.47,16.841,RUN,OK,RUN,0.98
2026-01-27T00:49:02.435921Z,67.72,72.71,66.84,24.5,power,0.05,36.56,2.21,90.12,999.1,11.09,1266.8,1524.7,-267.7,1193.4,44.85,34.99,-0.56,-0.47,16.845,RUN,OK,RUN,0.98
2026-01-27T00:49:02.635921Z,67.63,72.61,66.71,24.69,power,0.05,36.56,2.23,90.12,990.5,10.99,1267.3,1527.4,-276.9,1193.9,44.84,34.99,-0.56,-0.47,16.849,RUN,OK,RUN,0.98
2026-01-27T00:49:02.835921Z,67.53,72.51,66.57,24.88,power,0.05,36.56,2.25,90.11,981.9,10.9,1267.9,1529.9,-286.0,1194.3,44.83,34.99,-0.55,-0.47,16.853,RUN,OK,RUN,0.98
2026-01-27T00:49:03.035921Z,67.43,72.41,66.44,25.07,power,0.05,36.56,2.27,90.11,973.4,10.8,1268.5,1532.5,-295.1,1194.8,44.83,34.99,-0.55,-0.47,16.856,RUN,OK,RUN,0.98
2026-01-27T00:49:03.235921Z,67.33,72.31,66.31,25.26,power,0.05,36.55,2.29,90.11,964.9,10.71,1269.0,1535.0,-304.2,1195.2,44.82,34.99,-0.55,-0.47,16.86,RUN,OK,RUN,0.98
2026-01-27T00:49:03.435921Z,67.23,72.21,66.17,25.44,power,0.05,36.55,2.31,90.1,956.4,10.61,1269.6,1537.4,-313.2,1195.7,44.81,34.99,-0.54,-0.47,16.864,RUN,OK,RUN,0.98
2026-01-27T00:49:03.635921Z,67.13,72.11,66.04,25.63,power,0.0501,36.55,2.33,90.1,947.9,10.52,1270.1,1539.8,-322.2,1196.1,44.81,34.99,-0.54,-0.47,16.867,RUN,OK,RUN,0.98
2026-01-27T00:49:03.835921Z,67.03,72.01,65.91,25.81,power,0.0504,36.55,2.35,90.09,939.5,10.43,1270.7,1542.2,-331.2,1196.6,44.8,34.99,-0.53,-0.47,16.871,RUN,OK,RUN,0.98
2026-01-27T00:49:04.035921Z,66.94,71.91,65.78,26.0,power,0.0508,36.54,2.38,90.09,931.1,10.34,1271.3,1544.5,-340.1,1197.0,44.79,34.99,-0.53,-0.48,16.875,RUN,OK,RUN,0.98
2026-01-27T00:49:04.235921Z,66.84,71.81,65.65,26.18,power,0.0514,36.54,2.4,90.09,922.8,10.24,1271.8,1546.8,-349.1,1197.5,44.79,34.99,-0.53,-0.48,16.878,RUN,OK,RUN,0.98
2026-01-27T00:49:04.435921Z,66.74,71.71,65.52,26.36,power,0.0522,36.54,2.43,90.08,914.4,10.15,1272.4,1549.0,-357.9,1197.9,44.78,34.99,-0.52,-0.48,16.882,RUN,OK,RUN,0.98
2026-01-27T00:49:04.635921Z,66.64,71.61,65.39,26.54,power,0.0532,36.53,2.45,90.08,906.2,10.06,1272.9,1551.2,-366.8,1198.3,44.77,34.99,-0.52,-0.48,16.885,RUN,OK,RUN,0.98
2026-01-27T00:49:04.835921Z,66.55,71.51,65.26,26.72,power,0.0543,36.53,2.48,90.08,897.9,9.97,1273.5,1553.3,-375.6,1198.8,44.77,34.99,-0.51,-0.48,16.889,RUN,OK,RUN,0.98
2026-01-27T00:49:05.035921Z,66.45,71.41,65.13,26.9,power,0.0557,36.53,2.51,90.07,889.7,9.88,1274.0,1555.4,-384.3,1199.2,44.76,34.99,-0.51,-0.48,16.893,RUN,OK,RUN,0.98
2026-01-27T00:49:05.235921Z,66.35,71.31,65.01,27.08,power,0.0571,36.53,2.54,90.07,881.5,9.79,1274.6,1557.4,-393.1,1199.7,44.75,34.99,-0.51,-0.48,16.896,RUN,OK,RUN,0.98
2026-01-27T00:49:05.435921Z,66.26,71.22,64.88,27.25,power,0.0588,36.52,2.57,90.07,873.4,9.7,1275.1,1559.4,-401.8,1200.1,44.75,34.99,-0.5,-0.48,16.9,RUN,OK,RUN,0.98
2026-01-27T00:49:05.635921Z,66.16,71.12,64.76,27.43,power,0.0606,36.52,2.6,90.06,865.3,9.61,1275.7,1561.4,-410.4,1200.6,44.74,34.99,-0.5,-0.48,16.904,RUN,OK,RUN,0.98
2026-01-27T00:49:05.835921Z,66.06,71.02,64.63,27.6,power,0.0626,36.52,2.63,90.06,857.2,9.52,1276.2,1563.3,-419.0,1201.0,44.73,35.0,-0.49,-0.48,16.907,RUN,OK,RUN,0.98
2026-01-27T00:49:06.035921Z,65.97,70.92,64.51,27.77,power,0.0648,36.52,2.66,90.06,849.2,9.43,1276.8,1565.1,-427.6,1201.4,44.73,35.0,-0.49,-0.48,16.911,RUN,OK,RUN,0.98
2026-01-27T00:49:06.235921Z,65.87,70.82,64.38,27.94,power,0.0671,36.51,2.69,90.05,841.3,9.34,1277.3,1566.9,-436.1,1201.9,44.72,35.0,-0.48,-0.48,16.914,RUN,OK,RUN,0.98
2026-01-27T00:49:06.435921Z,65.77,70.72,64.26,28.11,power,0.0696,36.51,2.72,90.05,833.3,9.25,1277.9,1568.7,-444.5,1202.3,44.71,35.0,-0.48,-0.48,16.918,RUN,OK,RUN,0.98
2026-01-27T00:49:06.635921Z,65.68,70.62,64.14,28.28,power,0.0723,36.51,2.76,90.05,825.5,9.17,1278.4,1570.4,-453.0,1202.7,44.71,35.0,-0.48,-0.48,16.921,RUN,OK,RUN,0.98
2026-01-27T00:49:06.835921Z,65.58,70.53,64.02,28.44,power,0.0751,36.51,2.79,90.05,817.6,9.08,1279.0,1572.1,-461.3,1203.2,44.7,35.0,-0.47,-0.48,16.925,RUN,OK,RUN,0.98
2026-01-27T00:49:07.035921Z,65.49,70.43,63.9,28.61,power,0.0781,36.5,2.83,90.04,809.8,8.99,1279.5,1573.7,-469.7,1203.6,44.69,35.0,-0.47,-0.48,16.929,RUN,OK,RUN,0.98
2026-01-27T00:49:07.235921Z,65.39,70.33,63.78,28.77,power,0.0813,36.5,2.86,90.04,802.1,8.91,1280.1,1575.3,-477.9,1204.0,44.69,35.0,-0.46,-0.48,16.932,RUN,OK,RUN,0.98
2026-01-27T00:49:07.435921Z,65.3,70.23,63.66,28.93,power,0.0846,36.5,2.9,90.04,794.4,8.82,1280.6,1576.8,-486.2,1204.5,44.68,35.0,-0.46,-0.48,16.936,RUN,OK,RUN,0.98
2026-01-27T00:49:07.635921Z,65.2,70.13,63.54,29.09,power,0.0881,36.5,2.94,90.04,786.8,8.74,1281.1,1578.3,-494.3,1204.9,44.67,35.0,-0.46,-0.48,16.939,RUN,OK,RUN,0.98
2026-01-27T00:49:07.835921Z,65.11,70.04,63.43,29.25,power,0.0917,36.49,2.97,90.03,779.2,8.65,1281.7,1579.7,-502.5,1205.3,44.67,35.0,-0.45,-0.48,16.943,RUN,OK,RUN,0.98
2026-01-27T00:49:08.035921Z,65.01,69.94,63.31,29.41,power,0.0955,36.49,3.01,90.03,771.7,8.57,1282.2,1581.1,-510.5,1205.8,44.66,35.0,-0.45,-0.48,16.946,RUN,OK,RUN,0.98
2026-01-27T00:49:08.235921Z,64.92,69.84,63.2,29.56,power,0.0995,36.49,3.05,90.03,764.2,8.49,1282.7,1582.4,-518.6,1206.2,44.66,35.0,-0.44,-0.48,16.95,RUN,OK,RUN,0.98
2026-01-27T00:49:08.435921Z,64.82,69.75,63.08,29.72,power,0.1036,36.48,3.09,90.03,756.8,8.41,1283.3,1583.7,-526.5,1206.6,44.65,35.0,-0.44,-0.48,16.953,RUN,OK,RUN,0.98
2026-01-27T00:49:08.635921Z,64.73,69.65,62.97,29.87,power,0.1079,36.48,3.13,90.02,749.4,8.32,1283.8,1584.9,-534.4,1207.1,44.64,35.0,-0.44,-0.48,16.957,RUN,OK,RUN,0.98
2026-01-27T00:49:08.835921Z,64.64,69.55,62.86,30.02,power,0.1123,36.48,3.17,90.02,742.1,8.24,1284.4,1586.1,-542.3,1207.5,44.64,35.0,-0.43,-0.48,16.96,RUN,OK,RUN,0.98
2026-01-27T00:49:09.035921Z,64.54,69.46,62.75,30.17,power,0.1169,36.48,3.22,90.02,734.8,8.16,1284.9,1587.3,-550.1,1207.9,44.63,35.0,-0.43,-0.48,16.964,RUN,OK,RUN,0.98
2026-01-27T00:49:09.235921Z,64.45,69.36,62.64,30.31,power,0.1216,36.47,3.26,90.02,727.6,8.08,1285.4,1588.4,-557.8,1208.3,44.62,35.0,-0.42,-0.48,16.967,RUN,OK,RUN,0.98
2026-01-27T00:49:09.435921Z,64.36,69.26,62.53,30.46,power,0.1265,36.47,3.3,90.02,720.5,8.0,1285.9,1589.4,-565.5,1208.8,44.62,35.0,-0.42,-0.48,16.971,RUN,OK,RUN,0.98
2026-01-27T00:49:09.635921Z,64.26,69.17,62.42,30.6,power,0.1315,36.47,3.35,90.02,713.4,7.93,1286.5,1590.4,-573.1,1209.2,44.61,35.0,-0.42,-0.48,16.974,RUN,OK,RUN,0.98
2026-01-27T00:49:09.835921Z,64.17,69.07,62.31,30.74,power,0.1367,36.47,3.39,90.01,706.4,7.85,1287.0,1591.4,-580.7,1209.6,44.6,35.0,-0.41,-0.49,16.978,RUN,OK,RUN,0.98
2026-01-27T00:49:10.035921Z,64.08,68.98,62.2,30.88,power,0.142,36.46,3.44,90.01,699.4,7.77,1287.5,1592.3,-588.1,1210.0,44.6,35.0,-0.41,-0.49,16.981,RUN,OK,RUN,0.98
2026-01-27T00:49:10.235921Z,63.99,68.88,62.1,31.01,power,0.1475,36.46,3.48,90.01,692.5,7.69,1288.1,1593.1,-595.6,1210.4,44.59,35.0,-0.4,-0.49,16.984,RUN,OK,RUN,0.98
2026-01-27T00:49:10.435921Z,63.9,68.79,61.99,31.15,power,0.1531,36.46,3.53,90.01,685.6,7.62,1288.6,1593.9,-602.9,1210.9,44.58,35.0,-0.4,-0.49,16.988,RUN,OK,RUN,0.98
2026-01-27T00:49:10.635921Z,63.81,68.69,61.89,31.28,power,0.1589,36.46,3.58,90.01,678.9,7.54,1289.1,1594.7,-610.2,1211.3,44.58,35.0,-0.39,-0.49,16.991,RUN,OK,RUN,0.98
2026-01-27T00:49:10.835921Z,63.72,68.6,61.79,31.41,power,0.1648,36.45,3.62,90.01,672.2,7.47,1289.6,1595.4,-617.5,1211.7,44.57,35.0,-0.39,-0.49,16.995,RUN,OK,RUN,0.98
2026-01-27T00:49:11.035921Z,63.62,68.5,61.69,31.54,power,0.1708,36.45,3.67,90.01,665.5,7.39,1290.2,1596.0,-624.6,1212.1,44.56,35.0,-0.39,-0.49,16.998,RUN,OK,RUN,0.98
2026-01-27T00:49:11.235921Z,63.53,68.41,61.59,31.67,power,0.177,36.45,3.72,90.01,658.9,7.32,1290.7,1596.6,-631.7,1212.5,44.56,35.0,-0.38,-0.49,17.002,RUN,OK,RUN,0.98
2026-01-27T00:49:11.435921Z,63.44,68.32,61.49,31.79,power,0.1833,36.44,3.77,90.0,652.4,7.25,1291.2,1597.2,-638.8,1213.0,44.55,35.0,-0.38,-0.49,17.005,RUN,OK,RUN,0.98
2026-01-27T00:49:11.635921Z,63.35,68.22,61.39,31.92,power,0.1898,36.44,3.82,90.0,646.0,7.18,1291.7,1597.7,-645.7,1213.4,44.54,35.0,-0.37,-0.49,17.008,RUN,OK,RUN,0.98
2026-01-27T00:49:11.835921Z,63.26,68.13,61.29,32.04,power,0.1964,36.44,3.87,90.0,639.6,7.11,1292.2,1598.1,-652.6,1213.8,44.54,35.0,-0.37,-0.49,17.012,RUN,OK,RUN,0.98
2026-01-27T00:49:12.035921Z,63.18,68.04,61.2,32.15,power,0.2031,36.44,3.93,90.0,633.3,7.04,1292.7,1598.5,-659.5,1214.2,44.53,35.0,-0.37,-0.49,17.015,RUN,OK,RUN,0.98
2026-01-27T00:49:12.235921Z,63.09,67.94,61.1,32.27,power,0.2099,36.43,3.98,90.0,627.0,6.97,1293.3,1598.9,-666.2,1214.6,44.52,35.0,-0.36,-0.49,17.019,RUN,OK,RUN,0.98
2026-01-27T00:49:12.435921Z,63.0,67.85,61.01,32.38,power,0.2169,36.43,4.03,90.0,620.9,6.9,1293.8,1599.2,-672.9,1215.0,44.52,35.0,-0.36,-0.49,17.022,RUN,OK,RUN,0.98
2026-01-27T00:49:12.635921Z,62.91,67.76,60.92,32.5,power,0.224,36.43,4.08,90.0,614.8,6.83,1294.3,1599.5,-679.5,1215.4,44.51,35.0,-0.35,-0.49,17.025,RUN,OK,RUN,0.98
2026-01-27T00:49:12.835921Z,62.82,67.67,60.83,32.61,power,0.2313,36.42,4.14,90.0,608.8,6.76,1294.8,1599.7,-686.0,1215.8,44.5,35.0,-0.35,-0.49,17.029,RUN,OK,RUN,0.98
2026-01-27T00:49:13.035921Z,62.73,67.58,60.74,32.71,power,0.2387,36.42,4.19,90.0,602.8,6.7,1295.3,1599.8,-692.5,1216.2,44.5,35.0,-0.35,-0.49,17.032,RUN,OK,RUN,0.98
2026-01-27T00:49:13.235921Z,62.65,67.48,60.65,32.82,power,0.2462,36.42,4.25,90.0,596.9,6.63,1295.8,1599.9,-698.9,1216.7,44.49,35.0,-0.34,-0.49,17.036,RUN,OK,RUN,0.98
2026-01-27T00:49:13.435921Z,62.56,67.39,60.56,32.92,power,0.2538,36.42,4.3,90.0,591.1,6.57,1296.3,1600.0,-705.2,1217.1,44.48,35.0,-0.34,-0.49,17.039,RUN,OK,RUN,0.98
2026-01-27T00:49:13.635921Z,62.47,67.3,60.47,33.02,power,0.2615,36.41,4.36,90.0,585.4,6.5,1296.8,1600.0,-711.4,1217.5,44.48,35.0,-0.33,-0.49,17.042,RUN,OK,RUN,0.98
2026-01-27T00:49:13.835921Z,62.39,67.21,60.39,33.12,power,0.2694,36.41,4.42,90.0,579.7,6.44,1297.3,1600.0,-717.6,1217.9,44.47,35.0,-0.33,-0.49,17.046,RUN,OK,RUN,0.98
2026-01-27T00:49:14.035921Z,62.3,67.12,60.3,33.22,power,0.2774,36.41,4.48,90.0,574.2,6.38,1297.8,1599.9,-723.7,1218.3,44.46,35.0,-0.32,-0.49,17.049,RUN,OK,RUN,0.98
2026-01-27T00:49:14.235921Z,62.22,67.03,60.22,33.31,power,0.2855,36.4,4.53,90.0,568.7,6.32,1298.3,1599.7,-729.7,1218.7,44.46,35.0,-0.32,-0.49,17.052,RUN,OK,RUN,0.98
2026-01-27T00:49:14.435921Z,62.13,66.94,60.14,33.4,power,0.2937,36.4,4.59,90.0,563.2,6.26,1298.9,1599.5,-735.6,1219.1,44.45,35.0,-0.32,-0.49,17.056,RUN,OK,RUN,0.98
2026-01-27T00:49:14.635921Z,62.04,66.85,60.06,33.49,power,0.302,36.4,4.65,90.0,557.9,6.2,1299.4,1599.3,-741.4,1219.5,44.44,35.0,-0.31,-0.49,17.059,RUN,OK,RUN,0.98
2026-01-27T00:49:14.835921Z,61.96,66.76,59.98,33.57,power,0.3105,36.4,4.71,90.0,552.6,6.14,1299.9,1599.0,-747.2,1219.9,44.44,35.0,-0.31,-0.49,17.062,RUN,OK,RUN,0.98
2026-01-27T00:49:15.035921Z,61.88,66.67,59.9,33.66,power,0.319,36.39,4.77,90.0,547.5,6.08,1300.4,1598.7,-752.9,1220.3,44.43,35.0,-0.3,-0.49,17.066,RUN,OK,RUN,0.98
2026-01-27T00:49:15.235921Z,61.79,66.58,59.82,33.74,power,0.3277,36.39,4.83,90.0,542.4,6.03,1300.9,1598.3,-758.5,1220.7,44.42,35.0,-0.3,-0.49,17.069,RUN,OK,RUN,0.98
2026-01-27T00:49:15.435921Z,61.71,66.5,59.74,33.82,power,0.3365,36.39,4.89,90.0,537.3,5.97,1301.4,1597.9,-764.0,1221.1,44.42,35.0,-0.29,-0.49,17.072,RUN,OK,RUN,0.98
2026-01-27T00:49:15.635921Z,61.63,66.41,59.67,33.9,power,0.3454,36.38,4.96,90.0,532.4,5.92,1301.8,1597.4,-769.4,1221.5,44.41,35.0,-0.29,-0.49,17.076,RUN,OK,RUN,0.98
2026-01-27T00:49:15.835921Z,61.54,66.32,59.59,33.97,power,0.3543,36.38,5.02,90.01,527.5,5.86,1302.3,1596.8,-774.8,1221.9,44.4,35.0,-0.29,-0.49,17.079,RUN,OK,RUN,0.98
2026-01-27T00:49:16.035921Z,61.46,66.23,59.52,34.04,power,0.3634,36.38,5.08,90.01,522.8,5.81,1302.8,1596.2,-780.1,1222.3,44.4,35.0,-0.28,-0.49,17.082,RUN,OK,RUN,0.98
2026-01-27T00:49:16.235921Z,61.38,66.15,59.45,34.11,power,0.3726,36.38,5.14,90.01,518.1,5.76,1303.3,1595.6,-785.2,1222.7,44.39,35.0,-0.28,-0.49,17.086,RUN,OK,RUN,0.98
2026-01-27T00:49:16.435921Z,61.3,66.06,59.38,34.18,power,0.3819,36.37,5.21,90.01,513.5,5.7,1303.8,1594.9,-790.3,1223.1,44.39,35.0,-0.27,-0.49,17.089,RUN,OK,RUN,0.98
2026-01-27T00:49:16.635921Z,61.22,65.97,59.31,34.24,power,0.3913,36.37,5.27,90.01,509.0,5.65,1304.3,1594.2,-795.4,1223.5,44.38,35.0,-0.27,-0.49,17.092,RUN,OK,RUN,0.98
2026-01-27T00:49:16.835921Z,61.13,65.89,59.24,34.3,power,0.4008,36.37,5.34,90.01,504.5,5.61,1304.8,1593.4,-800.3,1223.8,44.37,35.0,-0.27,-0.49,17.095,RUN,OK,RUN,0.98
2026-01-27T00:49:17.035921Z,61.05,65.8,59.17,34.36,power,0.4103,36.36,5.4,90.01,500.2,5.56,1305.3,1592.6,-805.1,1224.2,44.37,35.0,-0.26,-0.49,17.099,RUN,OK,RUN,0.98
2026-01-27T00:49:17.235921Z,60.97,65.72,59.11,34.42,power,0.42,36.36,5.47,90.01,495.9,5.51,1305.8,1591.7,-809.9,1224.6,44.36,35.0,-0.26,-0.49,17.102,RUN,OK,RUN,0.98
2026-01-27T00:49:17.435921Z,60.89,65.63,59.04,34.47,power,0.4298,36.36,5.53,90.01,491.7,5.46,1306.3,1590.8,-814.5,1225.0,44.35,35.0,-0.25,-0.49,17.105,RUN,OK,RUN,0.98
2026-01-27T00:49:17.635921Z,60.82,65.55,58.98,34.52,power,0.4396,36.36,5.6,90.02,487.6,5.42,1306.8,1589.8,-819.1,1225.4,44.35,35.0,-0.25,-0.49,17.109,RUN,OK,RUN,0.98
2026-01-27T00:49:17.835921Z,60.74,65.46,58.92,34.57,power,0.4496,36.35,5.67,90.02,483.6,5.37,1307.2,1588.8,-823.6,1225.8,44.34,35.0,-0.24,-0.49,17.112,RUN,OK,RUN,0.98
2026-01-27T00:49:18.035921Z,60.66,65.38,58.85,34.62,power,0.4596,36.35,5.73,90.02,479.7,5.33,1307.7,1587.7,-828.0,1226.2,44.33,35.0,-0.24,-0.5,17.115,RUN,OK,RUN,0.98
2026-01-27T00:49:18.235921Z,60.58,65.29,58.79,34.66,power,0.4697,36.35,5.8,90.02,475.9,5.29,1308.2,1586.6,-832.3,1226.6,44.33,35.0,-0.24,-0.5,17.118,RUN,OK,RUN,0.98
2026-01-27T00:49:18.435921Z,60.5,65.21,58.73,34.7,power,0.4799,36.34,5.87,90.02,472.2,5.24,1308.7,1585.4,-836.5,1226.9,44.32,35.0,-0.23,-0.5,17.122,RUN,OK,RUN,0.98
2026-01-27T00:49:18.635921Z,60.42,65.13,58.68,34.74,power,0.4901,36.34,5.94,90.03,468.5,5.2,1309.2,1584.2,-840.6,1227.3,44.31,35.0,-0.23,-0.5,17.125,RUN,OK,RUN,0.98
2026-01-27T00:49:18.835921Z,60.35,65.05,58.62,34.78,power,0.5005,36.34,6.01,90.03,465.0,5.16,1309.6,1582.9,-844.7,1227.7,44.31,35.0,-0.22,-0.5,17.128,RUN,OK,RUN,0.98
2026-01-27T00:49:19.035921Z,60.27,64.96,58.56,34.81,power,0.5109,36.33,6.08,90.03,461.5,5.13,1310.1,1581.6,-848.6,1228.1,44.3,35.0,-0.22,-0.5,17.131,RUN,OK,RUN,0.98
2026-01-27T00:49:19.235921Z,60.2,64.88,58.51,34.84,power,0.5214,36.33,6.15,90.03,458.1,5.09,1310.6,1580.2,-852.5,1228.5,44.29,35.0,-0.21,-0.5,17.135,RUN,OK,RUN,0.98
2026-01-27T00:49:19.435921Z,60.12,64.8,58.45,34.87,power,0.532,36.33,6.22,90.03,454.9,5.05,1311.1,1578.8,-856.2,1228.9,44.29,35.0,-0.21,-0.5,17.138,RUN,OK,RUN,0.98
2026-01-27T00:49:19.635921Z,60.05,64.72,58.4,34.89,power,0.5426,36.33,6.29,90.04,451.7,5.02,1311.5,1577.4,-859.9,1229.2,44.28,35.0,-0.21,-0.5,17.141,RUN,OK,RUN,0.98
2026-01-27T00:49:19.835921Z,59.97,64.64,58.35,34.92,power,0.5533,36.32,6.36,90.04,448.6,4.98,1312.0,1575.9,-863.4,1229.6,44.27,35.0,-0.2,-0.5,17.144,RUN,OK,RUN,0.98
2026-01-27T00:49:20.035921Z,59.9,64.56,58.3,34.94,power,0.5641,36.32,6.43,90.04,445.6,4.95,1312.5,1574.3,-866.9,1230.0,44.27,35.0,-0.2,-0.5,17.148,RUN,OK,RUN,0.98
2026-01-27T00:49:20.235921Z,59.82,64.48,58.25,34.95,power,0.5749,36.32,6.5,90.04,442.7,4.92,1313.0,1572.7,-870.3,1230.4,44.26,35.0,-0.19,-0.5,17.151,RUN,OK,RUN,0.98
2026-01-27T00:49:20.435921Z,59.75,64.4,58.2,34.97,power,0.5858,36.31,6.58,90.05,439.8,4.88,1313.4,1571.0,-873.6,1230.7,44.26,35.0,-0.19,-0.5,17.154,RUN,OK,RUN,0.98
2026-01-27T00:49:20.635921Z,59.68,64.32,58.16,34.98,power,0.5968,36.31,6.65,90.05,437.1,4.85,1313.9,1569.4,-876.8,1231.1,44.25,35.0,-0.18,-0.5,17.157,RUN,OK,RUN,0.98
2026-01-27T00:49:20.835921Z,59.6,64.24,58.11,34.99,power,0.6078,36.31,6.72,90.05,434.5,4.82,1314.4,1567.6,-879.9,1231.5,44.24,35.0,-0.18,-0.5,17.161,RUN,OK,RUN,0.98
2026-01-27T00:49:21.035921Z,59.53,64.16,58.06,34.99,power,0.6189,36.3,6.79,90.06,432.0,4.8,1314.8,1565.8,-882.9,1231.9,44.24,35.0,-0.18,-0.5,17.164,RUN,OK,RUN,0.98
2026-01-27T00:49:21.235921Z,59.46,64.09,58.02,35.0,power,0.6301,36.3,6.87,90.06,429.5,4.77,1315.3,1564.0,-885.8,1232.2,44.23,35.0,-0.17,-0.5,17.167,RUN,OK,RUN,0.98
2026-01-27T00:49:21.435921Z,59.39,64.01,57.98,35.0,power,0.6412,36.3,6.94,90.06,427.2,4.74,1315.8,1562.1,-888.6,1232.6,44.22,34.99,-0.17,-0.5,17.17,RUN,OK,RUN,0.98
2026-01-27T00:49:21.635921Z,59.32,63.93,57.94,35.0,power,0.6525,36.3,7.02,90.06,424.9,4.72,1316.2,1560.2,-891.3,1233.0,44.22,34.99,-0.16,-0.5,17.173,RUN,OK,RUN,0.98
2026-01-27T00:49:21.835921Z,59.25,63.86,57.89,34.99,power,0.6638,36.29,7.09,90.07,422.8,4.69,1316.7,1558.2,-893.9,1233.3,44.21,34.99,-0.16,-0.5,17.177,RUN,OK,RUN,0.98
2026-01-27T00:49:22.035921Z,59.18,63.78,57.85,34.99,power,0.6751,36.29,7.16,90.07,420.7,4.67,1317.1,1556.2,-896.4,1233.7,44.2,34.99,-0.15,-0.5,17.18,RUN,OK,RUN,0.98
2026-01-27T00:49:22.235921Z,59.11,63.7,57.82,34.98,power,0.6865,36.29,7.24,90.07,418.7,4.65,1317.6,1554.1,-898.8,1234.1,44.2,34.99,-0.15,-0.5,17.183,RUN,OK,RUN,0.98
2026-01-27T00:49:22.435921Z,59.04,63.63,57.78,34.97,power,0.698,36.28,7.31,90.08,416.9,4.63,1318.1,1552.0,-901.2,1234.4,44.19,34.99,-0.15,-0.5,17.186,RUN,OK,RUN,0.98
2026-01-27T00:49:22.635921Z,58.98,63.55,57.74,34.95,power,0.7094,36.28,7.39,90.08,415.1,4.61,1318.5,1549.8,-903.4,1234.8,44.18,34.99,-0.14,-0.5,17.189,RUN,OK,RUN,0.98
2026-01-27T00:49:22.835921Z,58.91,63.48,57.71,34.93,power,0.7209,36.28,7.47,90.09,413.4,4.59,1319.0,1547.6,-905.5,1235.2,44.18,34.99,-0.14,-0.5,17.193,RUN,OK,RUN,0.98
2026-01-27T00:49:23.035921Z,58.84,63.41,57.67,34.91,power,0.7325,36.27,7.54,90.09,411.9,4.57,1319.4,1545.4,-907.6,1235.5,44.17,34.99,-0.13,-0.5,17.196,RUN,OK,RUN,0.98
2026-01-27T00:49:23.235921Z,58.77,63.33,57.64,34.89,power,0.7441,36.27,7.62,90.09,410.4,4.56,1319.9,1543.1,-909.5,1235.9,44.17,34.99,-0.13,-0.5,17.199,RUN,OK,RUN,0.98
2026-01-27T00:49:23.435921Z,58.71,63.26,57.6,34.87,power,0.7557,36.27,7.69,90.1,409.0,4.54,1320.3,1540.7,-911.3,1236.3,44.16,34.99,-0.13,-0.5,17.202,RUN,OK,RUN,0.98
2026-01-27T00:49:23.635921Z,58.64,63.19,57.57,34.84,power,0.7674,36.27,7.77,90.1,407.7,4.53,1320.8,1538.3,-913.0,1236.6,44.15,34.99,-0.12,-0.5,17.205,RUN,OK,RUN,0.98
2026-01-27T00:49:23.835921Z,58.58,63.12,57.54,34.81,power,0.7791,36.26,7.85,90.1,406.5,4.51,1321.2,1535.9,-914.7,1237.0,44.15,34.99,-0.12,-0.5,17.209,RUN,OK,RUN,0.98
2026-01-27T00:49:24.035921Z,58.51,63.04,57.51,34.77,power,0.7908,36.26,7.93,90.11,405.5,4.5,1321.7,1533.4,-916.2,1237.3,44.14,34.99,-0.11,-0.5,17.212,RUN,OK,RUN,0.98
2026-01-27T00:49:24.235921Z,58.45,62.97,57.48,34.74,power,0.8025,36.26,8.0,90.11,404.5,4.49,1322.1,1530.9,-917.6,1237.7,44.13,34.99,-0.11,-0.5,17.215,RUN,OK,RUN,0.98
2026-01-27T00:49:24.435921Z,58.38,62.9,57.45,34.7,power,0.8143,36.25,8.08,90.12,403.6,4.48,1322.6,1528.3,-919.0,1238.1,44.13,34.99,-0.1,-0.5,17.218,RUN,OK,RUN,0.98
2026-01-27T00:49:24.635921Z,58.32,62.83,57.43,34.66,power,0.8261,36.25,8.16,90.12,402.8,4.47,1323.0,1525.7,-920.2,1238.4,44.12,34.99,-0.1,-0.5,17.221,RUN,OK,RUN,0.98
2026-01-27T00:49:24.835921Z,58.26,62.76,57.4,34.61,power,0.8379,36.25,8.24,90.13,402.1,4.46,1323.5,1523.1,-921.4,1238.8,44.11,34.99,-0.1,-0.5,17.225,RUN,OK,RUN,0.98
2026-01-27T00:49:25.035921Z,58.2,62.69,57.37,34.57,power,0.8497,36.24,8.31,90.13,401.5,4.45,1323.9,1520.4,-922.4,1239.1,44.11,34.99,-0.09,-0.5,17.228,RUN,OK,RUN,0.98
2026-01-27T00:49:25.235921Z,58.14,62.62,57.35,34.52,power,0.8616,36.24,8.39,90.14,401.0,4.45,1324.3,1517.7,-923.3,1239.5,44.1,34.99,-0.09,-0.5,17.231,RUN,OK,RUN,0.98
2026-01-27T00:49:25.435921Z,58.08,62.56,57.32,34.47,power,0.8734,36.24,8.47,90.14,400.6,4.44,1324.8,1514.9,-924.2,1239.8,44.1,34.99,-0.08,-0.5,17.234,RUN,OK,RUN,0.98
2026-01-27T00:49:25.635921Z,58.01,62.49,57.3,34.41,power,0.8853,36.23,8.55,90.14,400.3,4.44,1325.2,1512.1,-924.9,1240.2,44.09,34.99,-0.08,-0.5,17.237,RUN,OK,RUN,0.98
2026-01-27T00:49:25.835921Z,57.95,62.42,57.28,34.36,power,0.8972,36.23,8.63,90.15,400.1,4.44,1325.7,1509.2,-925.5,1240.5,44.08,34.99,-0.07,-0.5,17.241,RUN,OK,RUN,0.98
2026-01-27T00:49:26.035921Z,57.9,62.35,57.26,34.3,power,0.9091,36.23,8.71,90.15,400.0,4.44,1326.1,1506.3,-926.1,1240.9,44.08,34.99,-0.07,-0.5,17.244,RUN,OK,RUN,0.98
2026-01-27T00:49:26.235921Z,57.84,62.29,57.24,34.24,power,0.921,36.22,8.79,90.16,400.0,4.44,1326.5,1503.3,-926.5,1241.2,44.07,34.99,-0.07,-0.5,17.247,RUN,OK,RUN,0.98
2026-01-27T00:49:26.435921Z,57.78,62.22,57.22,34.17,power,0.9329,36.22,8.87,90.16,400.1,4.44,1327.0,1500.3,-926.9,1241.6,44.06,34.99,-0.06,-0.5,17.25,RUN,OK,RUN,0.98
2026-01-27T00:49:26.635921Z,57.72,62.16,57.2,34.1,power,0.9448,36.22,8.94,90.17,400.3,4.44,1327.4,1497.3,-927.1,1241.9,44.06,34.99,-0.06,-0.5,17.253,RUN,OK,RUN,0.98
2026-01-27T00:49:26.835921Z,57.66,62.09,57.18,34.04,power,0.9567,36.21,9.02,90.17,400.6,4.44,1327.8,1494.2,-927.2,1242.3,44.05,34.99,-0.05,-0.5,17.256,RUN,OK,RUN,0.98
2026-01-27T00:49:27.035921Z,57.61,62.03,57.16,33.96,power,0.9686,36.21,9.1,90.18,401.0,4.45,1328.3,1491.1,-927.3,1242.6,44.04,34.99,-0.05,-0.5,17.26,RUN,OK,RUN,0.98
2026-01-27T00:49:27.235921Z,57.55,61.96,57.14,33.89,power,0.9805,36.21,9.18,90.19,401.5,4.45,1328.7,1488.0,-927.2,1243.0,44.04,34.98,-0.04,-0.5,17.263,RUN,OK,RUN,0.98
2026-01-27T00:49:27.435921Z,57.5,61.9,57.13,33.81,power,0.9924,36.21,9.26,90.19,402.1,4.46,1329.1,1484.8,-927.0,1243.3,44.03,34.98,-0.04,-0.5,17.266,RUN,OK,RUN,0.98
2026-01-27T00:49:27.635921Z,57.44,61.84,57.11,33.73,power,1.0043,36.2,9.34,90.2,402.8,4.47,1329.5,1481.6,-926.8,1243.6,44.03,34.98,-0.04,-0.5,17.269,RUN,OK,RUN,0.98
2026-01-27T00:49:27.835921Z,57.39,61.78,57.1,33.65,power,1.0161,36.2,9.42,90.2,403.5,4.47,1330.0,1478.3,-926.4,1244.0,44.02,34.98,-0.03,-0.5,17.272,RUN,OK,RUN,0.98
2026-01-27T00:49:28.035921Z,57.33,61.71,57.08,33.57,power,1.028,36.2,9.5,90.21,404.4,4.48,1330.4,1475.0,-926.0,1244.3,44.01,34.98,-0.03,-0.5,17.276,RUN,OK,RUN,0.98
2026-01-27T00:49:28.235921Z,57.28,61.65,57.07,33.48,power,1.0399,36.19,9.58,90.21,405.4,4.49,1330.8,1471.6,-925.4,1244.7,44.01,34.98,-0.02,-0.5,17.279,RUN,OK,RUN,0.98
2026-01-27T00:49:28.435921Z,57.23,61.59,57.06,33.39,power,1.0517,36.19,9.66,90.22,406.5,4.51,1331.2,1468.2,-924.7,1245.0,44.0,34.98,-0.02,-0.5,17.282,RUN,OK,RUN,0.98
2026-01-27T00:49:28.635921Z,57.17,61.53,57.05,33.3,power,1.0635,36.19,9.74,90.23,407.7,4.52,1331.7,1464.8,-924.0,1245.3,43.99,34.98,-0.01,-0.5,17.285,RUN,OK,RUN,0.98
2026-01-27T00:49:28.835921Z,57.12,61.47,57.03,33.21,power,1.0753,36.18,9.82,90.23,409.0,4.53,1332.1,1461.3,-923.1,1245.7,43.99,34.98,-0.01,-0.5,17.288,RUN,OK,RUN,0.98
2026-01-27T00:49:29.035921Z,57.07,61.41,57.02,33.11,power,1.0871,36.18,9.9,90.24,410.3,4.55,1332.5,1457.8,-922.2,1246.0,43.98,34.98,-0.01,-0.5,17.291,RUN,OK,RUN,0.98
2026-01-27T00:49:29.235921Z,57.02,61.35,57.01,33.01,power,1.0989,36.18,9.98,90.24,411.8,4.56,1332.9,1454.3,-921.1,1246.3,43.98,34.98,-0.0,-0.5,17.295,RUN,OK,RUN,0.98
2026-01-27T00:49:29.435921Z,56.97,61.29,57.0,32.91,eco,1.1106,36.17,10.06,90.25,413.4,4.58,1333.3,1450.7,-920.0,1246.7,43.97,34.98,0.0,-0.5,17.298,RUN,OK,RUN,0.98
2026-01-27T00:49:29.635921Z,56.92,61.24,56.99,32.81,eco,1.1223,36.17,10.14,90.26,415.0,4.6,1333.7,1447.1,-918.7,1247.0,43.96,34.98,0.01,-0.5,17.301,RUN,OK,RUN,0.98
2026-01-27T00:49:29.835921Z,56.87,61.18,56.98,32.7,eco,1.134,36.17,10.22,90.26,416.8,4.62,1334.2,1443.4,-917.4,1247.3,43.96,34.98,0.01,-0.5,17.304,RUN,OK,RUN,0.98
2026-01-27T00:49:30.035921Z,56.83,61.12,56.98,32.6,eco,1.1456,36.16,10.3,90.27,418.7,4.64,1334.6,1439.7,-915.9,1247.7,43.95,34.98,0.02,-0.5,17.307,RUN,OK,RUN,0.98
2026-01-27T00:49:30.235921Z,56.78,61.07,56.97,32.49,eco,1.1572,36.16,10.38,90.28,420.6,4.66,1335.0,1436.0,-914.4,1248.0,43.94,34.98,0.02,-0.5,17.31,RUN,OK,RUN,0.98
2026-01-27T00:49:30.435921Z,56.73,61.01,56.96,32.38,eco,1.1688,36.16,10.46,90.28,422.7,4.68,1335.4,1432.2,-912.7,1248.3,43.94,34.98,0.02,-0.5,17.314,RUN,OK,RUN,0.98
2026-01-27T00:49:30.635921Z,56.68,60.96,56.95,32.26,eco,1.1803,36.15,10.54,90.29,424.8,4.71,1335.8,1428.4,-911.0,1248.6,43.93,34.98,0.03,-0.5,17.317,RUN,OK,RUN,0.98
2026-01-27T00:49:30.835921Z,56.64,60.9,56.95,32.15,eco,1.1919,36.15,10.62,90.3,427.1,4.73,1336.2,1424.6,-909.1,1249.0,43.93,34.98,0.03,-0.5,17.32,RUN,OK,RUN,0.98
2026-01-27T00:49:31.035921Z,56.59,60.85,56.94,32.03,eco,1.2033,36.15,10.7,90.3,429.4,4.76,1336.6,1420.7,-907.2,1249.3,43.92,34.97,0.04,-0.5,17.323,RUN,OK,RUN,0.98
2026-01-27T00:49:31.235921Z,56.55,60.8,56.94,31.91,eco,1.2147,36.14,10.78,90.31,431.8,4.78,1337.0,1416.8,-905.2,1249.6,43.91,34.97,0.04,-0.5,17.326,RUN,OK,RUN,0.98
2026-01-27T00:49:31.435921Z,56.51,60.74,56.93,31.78,eco,1.2261,36.14,10.86,90.32,434.4,4.81,1337.4,1412.9,-903.1,1249.9,43.91,34.97,0.05,-0.5,17.329,RUN,OK,RUN,0.98
2026-01-27T00:49:31.635921Z,56.46,60.69,56.93,31.66,eco,1.2374,36.14,10.94,90.32,437.0,4.84,1337.8,1408.9,-900.8,1250.3,43.9,34.97,0.05,-0.5,17.333,RUN,OK,RUN,0.98
2026-01-27T00:49:31.835921Z,56.42,60.64,56.92,31.53,eco,1.2487,36.13,11.02,90.33,439.7,4.87,1338.2,1404.9,-898.5,1250.6,43.89,34.97,0.05,-0.5,17.336,RUN,OK,RUN,0.98
2026-01-27T00:49:32.035921Z,56.38,60.59,56.92,31.4,eco,1.2599,36.13,11.1,90.34,442.5,4.9,1338.6,1400.8,-896.1,1250.9,43.89,34.97,0.06,-0.5,17.339,RUN,OK,RUN,0.98
2026-01-27T00:49:32.235921Z,56.34,60.54,56.92,31.27,eco,1.2711,36.13,11.18,90.34,445.4,4.93,1339.0,1396.8,-893.6,1251.2,43.88,34.97,0.06,-0.5,17.342,RUN,OK,RUN,0.98
2026-01-27T00:49:32.435921Z,56.29,60.49,56.91,31.14,eco,1.2822,36.12,11.26,90.35,448.4,4.96,1339.4,1392.7,-891.0,1251.5,43.88,34.97,0.07,-0.5,17.345,RUN,OK,RUN,0.98
2026-01-27T00:49:32.635921Z,56.25,60.44,56.91,31.0,eco,1.2933,36.12,11.34,90.36,451.5,5.0,1339.8,1388.5,-888.3,1251.9,43.87,34.97,0.07,-0.5,17.348,RUN,OK,RUN,0.98
2026-01-27T00:49:32.835921Z,56.21,60.39,56.91,30.87,eco,1.3043,36.12,11.41,90.37,454.7,5.03,1340.2,1384.3,-885.5,1252.2,43.86,34.97,0.08,-0.5,17.351,RUN,OK,RUN,0.98
2026-01-27T00:49:33.035921Z,56.18,60.34,56.91,30.73,eco,1.3153,36.11,11.49,90.37,458.0,5.07,1340.6,1380.1,-882.6,1252.5,43.86,34.97,0.08,-0.5,17.355,RUN,OK,RUN,0.98
2026-01-27T00:49:33.235921Z,56.14,60.29,56.91,30.59,eco,1.3262,36.11,11.57,90.38,461.4,5.1,1341.0,1375.9,-879.7,1252.8,43.85,34.97,0.08,-0.5,17.358,RUN,OK,RUN,0.98
2026-01-27T00:49:33.435921Z,56.1,60.25,56.91,30.44,eco,1.337,36.11,11.65,90.39,464.8,5.14,1341.4,1371.6,-876.6,1253.1,43.84,34.97,0.09,-0.5,17.361,RUN,OK,RUN,0.98
2026-01-27T00:49:33.635921Z,56.06,60.2,56.91,30.3,eco,1.3477,36.1,11.73,90.4,468.4,5.18,1341.8,1367.3,-873.4,1253.4,43.84,34.97,0.09,-0.5,17.364,RUN,OK,RUN,0.98
2026-01-27T00:49:33.835921Z,56.02,60.15,56.9,30.15,eco,1.3584,36.1,11.81,90.4,472.0,5.22,1342.2,1363.0,-870.2,1253.7,43.83,34.97,0.1,-0.5,17.367,RUN,OK,RUN,0.98
2026-01-27T00:49:34.035921Z,55.99,60.11,56.9,30.01,eco,1.3691,36.1,11.88,90.41,475.7,5.26,1342.6,1358.7,-866.8,1254.1,43.83,34.97,0.1,-0.5,17.37,RUN,OK,RUN,0.98
2026-01-27T00:49:34.235921Z,55.95,60.06,56.9,29.86,eco,1.3796,36.09,11.96,90.42,479.6,5.3,1343.0,1354.3,-863.4,1254.4,43.82,34.96,0.11,-0.5,17.374,RUN,OK,RUN,0.98
2026-01-27T00:49:34.435921Z,55.92,60.02,56.9,29.7,eco,1.3901,36.09,12.04,90.43,483.5,5.35,1343.3,1349.9,-859.9,1254.7,43.81,34.96,0.11,-0.5,17.377,RUN,OK,RUN,0.98
2026-01-27T00:49:34.635921Z,55.88,59.97,56.9,29.55,eco,1.4005,36.09,12.12,90.44,487.5,5.39,1343.7,1345.4,-856.3,1255.0,43.81,34.96,0.11,-0.5,17.38,RUN,OK,RUN,0.98
2026-01-27T00:49:34.835921Z,55.85,59.93,56.91,29.4,eco,1.4108,36.08,12.19,90.45,491.5,5.43,1344.1,1340.9,-852.6,1255.3,43.8,34.96,0.12,-0.5,17.383,RUN,OK,RUN,0.98
2026-01-27T00:49:35.035921Z,55.82,59.89,56.91,29.24,eco,1.4211,36.08,12.27,90.45,495.7,5.48,1344.5,1336.4,-848.8,1255.6,43.8,34.96,0.12,-0.5,17.386,RUN,OK,RUN,0.98
2026-01-27T00:49:35.235921Z,55.79,59.85,56.91,29.08,eco,1.4313,36.08,12.35,90.46,500.0,5.53,1344.9,1331.9,-844.9,1255.9,43.79,34.96,0.13,-0.5,17.389,RUN,OK,RUN,0.98
2026-01-27T00:49:35.435921Z,55.75,59.81,56.91,28.92,eco,1.4413,36.07,12.42,90.47,504.3,5.57,1345.3,1327.3,-840.9,1256.2,43.78,34.96,0.13,-0.5,17.393,RUN,OK,RUN,0.98
2026-01-27T00:49:35.635921Z,55.72,59.76,56.91,28.76,eco,1.4514,36.07,12.5,90.48,508.8,5.62,1345.6,1322.8,-836.9,1256.5,43.78,34.96,0.14,-0.5,17.396,RUN,OK,RUN,0.98
2026-01-27T00:49:35.835921Z,55.69,59.72,56.91,28.6,eco,1.4613,36.07,12.57,90.49,513.3,5.67,1346.0,1318.1,-832.7,1256.8,43.77,34.96,0.14,-0.5,17.399,RUN,OK,RUN,0.98
2026-01-27T00:49:36.035921Z,55.66,59.69,56.91,28.43,eco,1.4711,36.06,12.65,90.5,517.9,5.72,1346.4,1313.5,-828.5,1257.1,43.77,34.96,0.14,-0.5,17.402,RUN,OK,RUN,0.98
2026-01-27T00:49:36.235921Z,55.63,59.65,56.92,28.27,eco,1.4809,36.06,12.73,90.5,522.6,5.77,1346.8,1308.8,-824.2,1257.4,43.76,34.96,0.15,-0.5,17.405,RUN,OK,RUN,0.98
2026-01-27T00:49:36.435921Z,55.61,59.61,56.92,28.1,eco,1.4905,36.06,12.8,90.51,527.3,5.83,1347.1,1304.2,-819.8,1257.7,43.75,34.96,0.15,-0.5,17.408,RUN,OK,RUN,0.98
2026-01-27T00:49:36.635921Z,55.58,59.57,56.92,27.93,eco,1.5001,36.05,12.88,90.52,532.2,5.88,1347.5,1299.4,-815.3,1258.0,43.75,34.96,0.16,-0.5,17.412,RUN,OK,RUN,0.98
2026-01-27T00:49:36.835921Z,55.55,59.53,56.92,27.76,eco,1.5096,36.05,12.95,90.53,537.1,5.93,1347.9,1294.7,-810.8,1258.3,43.74,34.96,0.16,-0.5,17.415,RUN,OK,RUN,0.98
2026-01-27T00:49:37.035921Z,55.52,59.5,56.92,27.59,eco,1.519,36.05,13.02,90.54,542.1,5.99,1348.3,1289.9,-806.1,1258.6,43.74,34.95,0.17,-0.5,17.418,RUN,OK,RUN,0.98
2026-01-27T00:49:37.235921Z,55.5,59.46,56.93,27.41,eco,1.5282,36.04,13.1,90.55,547.2,6.04,1348.6,1285.2,-801.4,1258.9,43.73,34.95,0.17,-0.5,17.421,RUN,OK,RUN,0.98
2026-01-27T00:49:37.435921Z,55.47,59.42,56.93,27.24,eco,1.5374,36.04,13.17,90.56,552.4,6.1,1349.0,1280.3,-796.6,1259.2,43.72,34.95,0.17,-0.5,17.424,RUN,OK,RUN,0.98
2026-01-27T00:49:37.635921Z,55.45,59.39,56.93,27.06,eco,1.5465,36.04,13.25,90.57,557.7,6.16,1349.4,1275.5,-791.7,1259.5,43.72,34.95,0.18,-0.5,17.427,RUN,OK,RUN,0.98
2026-01-27T00:49:37.835921Z,55.42,59.36,56.93,26.89,eco,1.5555,36.03,13.32,90.58,563.0,6.22,1349.7,1270.6,-786.7,1259.8,43.71,34.95,0.18,-0.5,17.431,RUN,OK,RUN,0.98
2026-01-27T00:49:38.035921Z,55.4,59.32,56.94,26.71,eco,1.5644,36.03,13.39,90.59,568.4,6.28,1350.1,1265.8,-781.6,1260.1,43.71,34.95,0.19,-0.5,17.434,RUN,OK,RUN,0.98
2026-01-27T00:49:38.235921Z,55.38,59.29,56.94,26.53,eco,1.5732,36.03,13.46,90.6,573.9,6.34,1350.4,1260.9,-776.5,1260.4,43.7,34.95,0.19,-0.5,17.437,RUN,OK,RUN,0.98
2026-01-27T00:49:38.435921Z,55.36,59.26,56.94,26.35,eco,1.5818,36.02,13.54,90.61,579.5,6.4,1350.8,1255.9,-771.3,1260.6,43.69,34.95,0.2,-0.5,17.44,RUN,OK,RUN,0.98
2026-01-27T00:49:38.635921Z,55.34,59.22,56.94,26.17,eco,1.5904,36.02,13.61,90.62,585.1,6.46,1351.2,1251.0,-766.0,1260.9,43.69,34.95,0.2,-0.5,17.443,RUN,OK,RUN,0.98
2026-01-27T00:49:38.835921Z,55.31,59.19,56.95,25.98,eco,1.5988,36.02,13.68,90.62,590.9,6.52,1351.5,1246.0,-760.7,1261.2,43.68,34.95,0.2,-0.5,17.446,RUN,OK,RUN,0.98
2026-01-27T00:49:39.035921Z,55.29,59.16,56.95,25.8,eco,1.6072,36.01,13.75,90.63,596.7,6.58,1351.9,1241.1,-755.2,1261.5,43.68,34.95,0.21,-0.5,17.449,RUN,OK,RUN,0.98
2026-01-27T00:49:39.235921Z,55.28,59.13,56.95,25.61,eco,1.6154,36.01,13.82,90.64,602.5,6.65,1352.2,1236.0,-749.7,1261.8,43.67,34.95,0.21,-0.5,17.453,RUN,OK,RUN,0.98
2026-01-27T00:49:39.435921Z,55.26,59.1,56.96,25.43,eco,1.6235,36.01,13.89,90.65,608.5,6.71,1352.6,1231.0,-744.1,1262.1,43.66,34.94,0.22,-0.5,17.456,RUN,OK,RUN,0.98
2026-01-27T00:49:39.635921Z,55.24,59.07,56.96,25.24,eco,1.6316,36.0,13.96,90.66,614.5,6.78,1352.9,1226.0,-738.4,1262.4,43.66,34.94,0.22,-0.5,17.459,RUN,OK,RUN,0.98
2026-01-27T00:49:39.835921Z,55.22,59.05,56.96,25.05,eco,1.6394,36.0,14.03,90.67,620.6,6.84,1353.3,1220.9,-732.7,1262.6,43.65,34.94,0.23,-0.5,17.462,RUN,OK,RUN,0.98
2026-01-27T00:49:40.035921Z,55.2,59.02,56.96,24.86,eco,1.6472,36.0,14.1,90.68,626.8,6.91,1353.6,1215.8,-726.9,1262.9,43.65,34.94,0.23,-0.5,17.465,RUN,OK,RUN,0.98
2026-01-27T00:49:40.235921Z,55.19,58.99,56.97,24.67,eco,1.6549,35.99,14.17,90.69,633.0,6.98,1354.0,1210.7,-721.0,1263.2,43.64,34.94,0.23,-0.5,17.468,RUN,OK,RUN,0.98
2026-01-27T00:49:40.435921Z,55.17,58.97,56.97,24.48,eco,1.6624,35.99,14.23,90.7,639.3,7.05,1354.3,1205.6,-715.0,1263.5,43.63,34.94,0.24,-0.5,17.472,RUN,OK,RUN,0.98
2026-01-27T00:49:40.635921Z,55.16,58.94,56.97,24.29,eco,1.6698,35.98,14.3,90.71,645.7,7.12,1354.7,1200.5,-709.0,1263.8,43.63,34.94,0.24,-0.49,17.475,RUN,OK,RUN,0.98
2026-01-27T00:49:40.835921Z,55.14,58.92,56.97,24.1,eco,1.6771,35.98,14.37,90.72,652.1,7.19,1355.0,1195.3,-702.9,1264.0,43.62,34.94,0.25,-0.49,17.478,RUN,OK,RUN,0.98
2026-01-27T00:49:41.035921Z,55.13,58.89,56.98,23.91,eco,1.6842,35.98,14.44,90.74,658.6,7.26,1355.4,1190.2,-696.7,1264.3,43.62,34.94,0.25,-0.49,17.481,RUN,OK,RUN,0.98
2026-01-27T00:49:41.235921Z,55.12,58.87,56.98,23.71,eco,1.6913,35.97,14.5,90.75,665.2,7.33,1355.7,1185.0,-690.5,1264.6,43.61,34.94,0.25,-0.49,17.484,RUN,OK,RUN,0.98
2026-01-27T00:49:41.435921Z,55.11,58.84,56.98,23.52,eco,1.6982,35.97,14.57,90.76,671.9,7.4,1356.1,1179.8,-684.2,1264.9,43.6,34.94,0.26,-0.49,17.487,RUN,OK,RUN,0.98
2026-01-27T00:49:41.635921Z,55.09,58.82,56.98,23.33,eco,1.7049,35.97,14.63,90.77,678.6,7.48,1356.4,1174.6,-677.8,1265.1,43.6,34.94,0.26,-0.49,17.491,RUN,OK,RUN,0.98
2026-01-27T00:49:41.835921Z,55.08,58.8,56.98,23.13,eco,1.7116,35.96,14.7,90.78,685.4,7.55,1356.8,1169.4,-671.4,1265.4,43.59,34.93,0.27,-0.49,17.494,RUN,OK,RUN,0.98
2026-01-27T00:49:42.035921Z,55.07,58.78,56.99,22.93,eco,1.7181,35.96,14.76,90.79,692.2,7.62,1357.1,1164.1,-664.9,1265.7,43.59,34.93,0.27,-0.49,17.497,RUN,OK,RUN,0.98
2026-01-27T00:49:42.235921Z,55.06,58.76,56.99,22.74,eco,1.7245,35.96,14.83,90.8,699.1,7.7,1357.4,1158.9,-658.3,1265.9,43.58,34.93,0.28,-0.49,17.5,RUN,OK,RUN,0.98
2026-01-27T00:49:42.435921Z,55.05,58.74,56.99,22.54,eco,1.7307,35.95,14.89,90.81,706.0,7.78,1357.8,1153.6,-651.7,1266.2,43.57,34.93,0.28,-0.49,17.503,RUN,OK,RUN,0.98
2026-01-27T00:49:42.635921Z,55.05,58.72,56.99,22.34,eco,1.7368,35.95,14.95,90.82,713.1,7.85,1358.1,1148.3,-645.0,1266.5,43.57,34.93,0.28,-0.49,17.506,RUN,OK,RUN,0.98
2026-01-27T00:49:42.835921Z,55.04,58.7,56.99,22.15,eco,1.7428,35.95,15.02,90.83,720.2,7.93,1358.4,1143.0,-638.3,1266.7,43.56,34.93,0.29,-0.49,17.51,RUN,OK,RUN,0.98
2026-01-27T00:49:43.035921Z,55.03,58.68,56.99,21.95,eco,1.7486,35.94,15.08,90.84,727.3,8.01,1358.8,1137.7,-631.5,1267.0,43.56,34.93,0.29,-0.49,17.513,RUN,OK,RUN,0.98
2026-01-27T00:49:43.235921Z,55.03,58.66,56.99,21.75,eco,1.7543,35.94,15.14,90.85,734.5,8.08,1359.1,1132.4,-624.6,1267.3,43.55,34.93,0.3,-0.49,17.516,RUN,OK,RUN,0.98
2026-01-27T00:49:43.435921Z,55.02,58.65,57.0,21.55,eco,1.7599,35.94,15.2,90.87,741.8,8.16,1359.4,1127.1,-617.7,1267.5,43.55,34.93,0.3,-0.49,17.519,RUN,OK,RUN,0.98
2026-01-27T00:49:43.635921Z,55.02,58.63,57.0,21.35,eco,1.7653,35.93,15.26,90.88,749.1,8.24,1359.8,1121.8,-610.7,1267.8,43.54,34.93,0.31,-0.49,17.522,RUN,OK,RUN,0.98
2026-01-27T00:49:43.835921Z,55.01,58.61,57.0,21.15,eco,1.7706,35.93,15.32,90.89,756.4,8.32,1360.1,1116.4,-603.6,1268.1,43.53,34.92,0.31,-0.49,17.525,RUN,OK,RUN,0.98
2026-01-27T00:49:44.035921Z,55.01,58.6,57.0,20.95,eco,1.7757,35.92,15.38,90.9,763.9,8.4,1360.4,1111.1,-596.5,1268.3,43.53,34.92,0.31,-0.49,17.529,RUN,OK,RUN,0.98
2026-01-27T00:49:44.235921Z,55.0,58.58,57.0,20.75,eco,1.7807,35.92,15.44,90.91,771.3,8.48,1360.7,1105.7,-589.4,1268.6,43.52,34.92,0.32,-0.49,17.532,RUN,OK,RUN,0.98
2026-01-27T00:49:44.435921Z,55.0,58.57,57.0,20.55,eco,1.7855,35.92,15.5,90.92,778.9,8.57,1361.1,1100.3,-582.2,1268.8,43.52,34.92,0.32,-0.49,17.535,RUN,OK,RUN,0.98
2026-01-27T00:49:44.635921Z,55.0,58.56,57.0,20.35,eco,1.7902,35.91,15.56,90.93,786.5,8.65,1361.4,1094.9,-574.9,1269.1,43.51,34.92,0.33,-0.49,17.538,RUN,OK,RUN,0.98
2026-01-27T00:49:44.835921Z,55.0,58.54,57.0,20.15,eco,1.7948,35.91,15.61,90.95,794.1,8.73,1361.7,1089.5,-567.6,1269.4,43.5,34.92,0.33,-0.49,17.541,RUN,OK,RUN,0.98
2026-01-27T00:49:45.035921Z,55.0,58.53,57.0,19.95,eco,1.7992,35.91,15.67,90.96,801.8,8.81,1362.0,1084.1,-560.2,1269.6,43.5,34.92,0.33,-0.49,17.544,RUN,OK,RUN,0.98
2026-01-27T00:49:45.235921Z,55.0,58.52,57.0,19.75,eco,1.8034,35.9,15.73,90.97,809.5,8.9,1362.3,1078.7,-552.8,1269.9,43.49,34.92,0.34,-0.49,17.548,RUN,OK,RUN,0.98
2026-01-27T00:49:45.435921Z,55.0,58.51,57.0,19.55,eco,1.8075,35.9,15.78,90.98,817.3,8.98,1362.6,1073.3,-545.4,1270.1,43.49,34.92,0.34,-0.49,17.551,RUN,OK,RUN,0.98
2026-01-27T00:49:45.635921Z,55.0,58.5,57.0,19.35,eco,1.8114,35.9,15.84,90.99,825.1,9.07,1363.0,1067.9,-537.8,1270.4,43.48,34.92,0.35,-0.49,17.554,RUN,OK,RUN,0.98
2026-01-27T00:49:45.835921Z,55.01,58.49,57.0,19.15,eco,1.8152,35.89,15.89,91.01,833.0,9.15,1363.3,1062.5,-530.3,1270.6,43.48,34.91,0.35,-0.49,17.557,RUN,OK,RUN,0.98
2026-01-27T00:49:46.035921Z,55.01,58.48,57.0,18.95,eco,1.8189,35.89,15.94,91.02,840.9,9.24,1363.6,1057.1,-522.7,1270.9,43.47,34.91,0.36,-0.49,17.56,RUN,OK,RUN,0.98
2026-01-27T00:49:46.235921Z,55.01,58.47,57.0,18.76,eco,1.8224,35.89,16.0,91.03,848.9,9.33,1363.9,1051.6,-515.0,1271.1,43.46,34.91,0.36,-0.49,17.563,RUN,OK,RUN,0.98
2026-01-27T00:49:46.435921Z,55.02,58.47,57.0,18.56,eco,1.8257,35.88,16.05,91.04,856.9,9.41,1364.2,1046.2,-507.3,1271.4,43.46,34.91,0.36,-0.49,17.567,RUN,OK,RUN,0.98
2026-01-27T00:49:46.635921Z,55.02,58.46,57.0,18.36,eco,1.8288,35.88,16.1,91.05,864.9,9.5,1364.5,1040.8,-499.6,1271.6,43.45,34.91,0.37,-0.49,17.57,RUN,OK,RUN,0.98
2026-01-27T00:49:46.835921Z,55.03,58.45,56.99,18.16,eco,1.8319,35.87,16.15,91.07,873.0,9.59,1364.8,1035.3,-491.8,1271.9,43.45,34.91,0.37,-0.49,17.573,RUN,OK,RUN,0.98
2026-01-27T00:49:47.035921Z,55.03,58.45,56.99,17.96,eco,1.8347,35.87,16.2,91.08,881.2,9.67,1365.1,1029.9,-484.0,1272.1,43.44,34.91,0.38,-0.49,17.576,RUN,OK,RUN,0.98
2026-01-27T00:49:47.235921Z,55.04,58.44,56.99,17.76,eco,1.8374,35.87,16.26,91.09,889.3,9.76,1365.4,1024.4,-476.1,1272.4,43.44,34.91,0.38,-0.49,17.579,RUN,OK,RUN,0.98
2026-01-27T00:49:47.435921Z,55.05,58.44,56.99,17.56,eco,1.8399,35.86,16.3,91.1,897.5,9.85,1365.7,1019.0,-468.2,1272.6,43.43,34.91,0.38,-0.49,17.582,RUN,OK,RUN,0.98
2026-01-27T00:49:47.635921Z,55.06,58.43,56.99,17.37,eco,1.8423,35.86,16.35,91.12,905.8,9.94,1366.0,1013.5,-460.3,1272.8,43.42,34.9,0.39,-0.49,17.586,RUN,OK,RUN,0.98
2026-01-27T00:49:47.835921Z,55.07,58.43,56.99,17.17,eco,1.8445,35.86,16.4,91.13,914.1,10.03,1366.3,1008.1,-452.3,1273.1,43.42,34.9,0.39,-0.49,17.589,RUN,OK,RUN,0.98
2026-01-27T00:49:48.035921Z,55.08,58.43,56.99,16.97,eco,1.8466,35.85,16.45,91.14,922.4,10.12,1366.6,1002.6,-444.2,1273.3,43.41,34.9,0.4,-0.49,17.592,RUN,OK,RUN,0.98
2026-01-27T00:49:48.235921Z,55.09,58.43,56.98,16.78,eco,1.8485,35.85,16.5,91.15,930.8,10.21,1366.9,997.1,-436.2,1273.6,43.41,34.9,0.4,-0.49,17.595,RUN,OK,RUN,0.98
2026-01-27T00:49:48.435921Z,55.1,58.43,56.98,16.58,eco,1.8502,35.85,16.54,91.17,939.1,10.3,1367.2,991.7,-428.1,1273.8,43.4,34.9,0.41,-0.49,17.598,RUN,OK,RUN,0.98
2026-01-27T00:49:48.635921Z,55.11,58.42,56.98,16.39,eco,1.8518,35.84,16.59,91.18,947.6,10.39,1367.5,986.2,-420.0,1274.0,43.4,34.9,0.41,-0.49,17.601,RUN,OK,RUN,0.98
2026-01-27T00:49:48.835921Z,55.12,58.42,56.98,16.2,eco,1.8532,35.84,16.63,91.19,956.0,10.48,1367.8,980.8,-411.8,1274.3,43.39,34.9,0.41,-0.49,17.605,RUN,OK,RUN,0.98
2026-01-27T00:49:49.035921Z,55.14,58.43,56.97,16.0,eco,1.8544,35.84,16.68,91.21,964.5,10.57,1368.1,975.3,-403.6,1274.5,43.38,34.9,0.42,-0.48,17.608,RUN,OK,RUN,0.98
2026-01-27T00:49:49.235921Z,55.15,58.43,56.97,15.81,eco,1.8555,35.83,16.72,91.22,973.0,10.67,1368.4,969.9,-395.4,1274.7,43.38,34.9,0.42,-0.48,17.611,RUN,OK,RUN,0.98
2026-01-27T00:49:49.435921Z,55.16,58.43,56.97,15.62,eco,1.8564,35.83,16.76,91.23,981.5,10.76,1368.7,964.4,-387.2,1275.0,43.37,34.89,0.43,-0.48,17.614,RUN,OK,RUN,0.98
