time,GHI,DHI,DNI,slope_pct,Tamb_C,Tcell_C,headwind_ms
2025-08-23 22:30:00,0.0,0.0,0.0,0.0,30.0,45.0,-0.0
2025-08-23 22:40:00,0.0,0.0,0.0,0.0,30.0,45.0,0.0
2025-08-23 22:50:00,0.0,0.0,0.0,0.0,30.0,45.0,0.0
2025-08-23 23:00:00,0.0,0.0,0.0,0.0,30.0,45.0,0.0
2025-08-23 23:10:00,0.0,0.0,0.0,0.0,30.0,45.0,0.0
2025-08-23 23:20:00,0.0,0.0,0.0,0.0,30.0,45.0,0.0
2025-08-23 23:30:00,0.0,0.0,0.0,0.0,30.0,45.0,0.0
2025-08-23 23:40:00,0.0,0.0,0.0,0.0,30.0,45.0,0.0
2025-08-23 23:50:00,0.0,0.0,0.0,0.0,30.0,45.0,0.0
2025-08-24 00:00:00,0.0,0.0,0.0,0.0,26.19,41.19,0.7250743906832062
2025-08-24 00:10:00,0.0,0.0,0.0,0.0,26.19,41.19,0.8915755209650706
2025-08-24 00:20:00,0.0,0.0,0.0,0.0,26.19,41.19,0.7338425366903428
2025-08-24 00:30:00,0.0,0.0,0.0,0.0,22.61,37.61,-2.1698327461653255
2025-08-24 00:40:00,0.0,0.0,0.0,0.0,22.61,37.61,-3.7592631556634903
2025-08-24 00:50:00,0.0,0.0,0.0,0.0,22.61,37.61,-3.8122809137899836
2025-08-24 01:00:00,0.0,0.0,0.0,0.0,21.55,36.55,-1.3014213963814314
2025-08-24 01:10:00,0.0,0.0,0.0,0.0,21.55,36.55,-2.6631924674841585
2025-08-24 01:20:00,0.0,0.0,0.0,0.0,21.55,36.55,-1.4842282960390705
2025-08-24 01:30:00,0.0,0.0,0.0,0.0,21.55,36.55,-1.5110330234190064
2025-08-24 01:40:00,0.0,0.0,0.0,0.0,21.55,36.55,-1.6226459853162367
2025-08-24 01:50:00,0.0,0.0,0.0,0.0,21.55,36.55,-0.5663225872244324
2025-08-24 02:00:00,0.0,0.0,0.0,0.0,20.63,35.629999999999995,-1.8289747586755385
2025-08-24 02:10:00,0.0,0.0,0.0,0.0,20.63,35.629999999999995,-1.9824841526770003
2025-08-24 02:20:00,0.0,0.0,0.0,0.0,20.63,35.629999999999995,-2.3892676682700267
2025-08-24 02:30:00,0.0,0.0,0.0,0.0,20.63,35.629999999999995,-3.5939702468238575
2025-08-24 02:40:00,0.0,0.0,0.0,0.0,20.63,35.629999999999995,-3.5939702468238575
2025-08-24 02:50:00,0.0,0.0,0.0,0.0,20.63,35.629999999999995,-3.5939702468238575
2025-08-24 03:00:00,0.0,0.0,0.0,0.0,19.85,34.85,-3.383852735422662
2025-08-24 03:10:00,0.0,0.0,0.0,0.0,19.85,34.85,-2.1513929507668355
2025-08-24 03:20:00,0.0,0.0,0.0,0.0,19.85,34.85,-2.932474742963341
2025-08-24 03:30:00,0.0,0.0,0.0,0.0,19.85,34.85,-2.7368365045138705
2025-08-24 03:40:00,0.0,0.0,0.0,0.0,19.85,34.85,-3.1487546905855317
2025-08-24 03:50:00,0.0,0.0,0.0,0.0,19.85,34.85,-2.960430873396252
2025-08-24 04:00:00,0.0,0.0,0.0,0.0,19.18,34.18,-2.360030733865993
2025-08-24 04:10:00,0.0,0.0,0.0,0.0,19.18,34.18,-2.367079330373126
2025-08-24 04:20:00,0.0,0.0,0.0,0.0,19.18,34.18,-1.131002719980949
2025-08-24 04:30:00,0.0,0.0,0.0,0.0,19.18,34.18,-0.5374608788285573
2025-08-24 04:40:00,0.0,0.0,0.0,0.0,14.47,29.47,-1.4344402236407112
2025-08-24 04:50:00,0.0,0.0,0.0,0.0,14.47,29.47,-1.6697927751402004
2025-08-24 05:00:00,0.0,0.0,0.0,0.0,14.05,29.05,-1.8158160085504256
2025-08-24 05:10:00,0.0,0.0,0.0,0.0,14.05,29.05,-1.9367143957020008
2025-08-24 05:20:00,0.0,0.0,0.0,0.0,14.05,29.05,-2.7047389828676947
2025-08-24 05:30:00,0.0,0.0,0.0,0.0,14.05,29.05,-2.259329774876144
2025-08-24 05:40:00,0.0,0.0,0.0,0.0,14.05,29.05,-2.1108314018741505
2025-08-24 05:50:00,0.0,0.0,0.0,0.0,14.05,29.05,-1.9451864794432805
2025-08-24 06:00:00,22.58,0.0,0.0,0.0,14.44,29.439999999999998,-1.9447542993082048
2025-08-24 06:10:00,22.58,0.0,0.0,0.0,14.44,29.439999999999998,-1.5369001819599177
2025-08-24 06:20:00,22.58,0.0,0.0,0.0,14.44,29.439999999999998,-0.3529784234852951
2025-08-24 06:30:00,22.58,0.0,0.0,0.0,14.44,29.439999999999998,-1.9047783469484079
2025-08-24 06:40:00,22.58,0.0,0.0,0.0,14.44,29.439999999999998,-0.520531902368234
2025-08-24 06:50:00,22.58,0.0,0.0,0.0,14.44,29.439999999999998,-2.4159746935276742
2025-08-24 07:00:00,220.57,0.0,0.0,0.0,18.4,33.4,-2.9239993284493244
2025-08-24 07:10:00,220.57,0.0,0.0,0.0,18.4,33.4,-2.4812660052180378
2025-08-24 07:20:00,220.57,0.0,0.0,0.0,18.4,33.4,-3.0363604718020443
2025-08-24 07:30:00,220.57,0.0,0.0,0.0,18.4,33.4,-3.0363604718020443
2025-08-24 07:40:00,220.57,0.0,0.0,0.0,18.4,33.4,-3.0363604718020443
2025-08-24 07:50:00,220.57,0.0,0.0,0.0,18.4,33.4,-3.0363604718020443
2025-08-24 08:00:00,460.98,0.0,0.0,0.0,22.74,37.739999999999995,-2.405145884403177
2025-08-24 08:10:00,460.98,0.0,0.0,0.0,22.74,37.739999999999995,-2.405145884403177
2025-08-24 08:20:00,460.98,0.0,0.0,0.0,22.74,37.739999999999995,-2.405145884403177
2025-08-24 08:30:00,460.98,0.0,0.0,0.0,22.74,37.739999999999995,-2.405145884403177
2025-08-24 08:40:00,460.98,0.0,0.0,0.0,22.74,37.739999999999995,-2.405145884403177
2025-08-24 08:50:00,460.98,0.0,0.0,0.0,22.74,37.739999999999995,-2.405145884403177
2025-08-24 09:00:00,672.58,0.0,0.0,0.0,28.58,43.58,-0.911076653253863
2025-08-24 09:10:00,672.58,0.0,0.0,0.0,28.58,43.58,-0.911076653253863
2025-08-24 09:20:00,672.58,0.0,0.0,0.0,28.58,43.58,-0.911076653253863
2025-08-24 09:30:00,672.58,0.0,0.0,0.0,28.58,43.58,-0.911076653253863
2025-08-24 09:40:00,672.58,0.0,0.0,0.0,28.58,43.58,-0.911076653253863
2025-08-24 09:50:00,672.58,0.0,0.0,0.0,28.58,43.58,-0.911076653253863
2025-08-24 10:00:00,828.12,0.0,0.0,0.0,31.87,46.870000000000005,-0.3950064019695944
2025-08-24 10:10:00,828.12,0.0,0.0,0.0,31.87,46.870000000000005,-0.3950064019695944
2025-08-24 10:20:00,828.12,0.0,0.0,0.0,31.87,46.870000000000005,-0.3950064019695944
2025-08-24 10:30:00,828.12,0.0,0.0,0.0,31.87,46.870000000000005,-0.3950064019695944
2025-08-24 10:40:00,828.12,0.0,0.0,0.0,31.87,46.870000000000005,-0.3950064019695944
2025-08-24 10:50:00,828.12,0.0,0.0,0.0,31.87,46.870000000000005,-0.3950064019695944
2025-08-24 11:00:00,915.75,0.0,0.0,0.0,33.9,48.9,-0.5991273816051753
2025-08-24 11:10:00,915.75,0.0,0.0,0.0,33.9,48.9,-0.5991273816051753
2025-08-24 11:20:00,915.75,0.0,0.0,0.0,33.9,48.9,-0.5991273816051753
2025-08-24 11:30:00,915.75,0.0,0.0,0.0,33.9,48.9,-0.5991273816051753
2025-08-24 11:40:00,915.75,0.0,0.0,0.0,33.9,48.9,-0.5991273816051753
2025-08-24 11:50:00,915.75,0.0,0.0,0.0,33.9,48.9,-0.5991273816051753
2025-08-24 12:00:00,934.85,0.0,0.0,0.0,35.34,50.34,-0.8030702786307056
2025-08-24 12:10:00,934.85,0.0,0.0,0.0,35.34,50.34,-0.8030702786307056
2025-08-24 12:20:00,934.85,0.0,0.0,0.0,35.34,50.34,-0.8030702786307056
2025-08-24 12:30:00,934.85,0.0,0.0,0.0,35.34,50.34,-0.8030702786307056
2025-08-24 12:40:00,934.85,0.0,0.0,0.0,35.34,50.34,-0.8030702786307056
2025-08-24 12:50:00,934.85,0.0,0.0,0.0,35.34,50.34,-0.8030702786307056
2025-08-24 13:00:00,867.33,0.0,0.0,0.0,36.15,51.15,-0.9419722012576871
2025-08-24 13:10:00,867.33,0.0,0.0,0.0,36.15,51.15,-0.9419722012576871
2025-08-24 13:20:00,867.33,0.0,0.0,0.0,36.15,51.15,-0.9419722012576871
2025-08-24 13:30:00,867.33,0.0,0.0,0.0,36.15,51.15,-0.9419722012576871
2025-08-24 13:40:00,867.33,0.0,0.0,0.0,36.15,51.15,-0.9419722012576871
2025-08-24 13:50:00,867.33,0.0,0.0,0.0,36.15,51.15,-0.9419722012576871
2025-08-24 14:00:00,728.08,0.0,0.0,0.0,36.3,51.3,-1.064560449663587
2025-08-24 14:10:00,728.08,0.0,0.0,0.0,36.3,51.3,-1.064560449663587
2025-08-24 14:20:00,728.08,0.0,0.0,0.0,36.3,51.3,-1.064560449663587
2025-08-24 14:30:00,728.08,0.0,0.0,0.0,36.3,51.3,-1.064560449663587
2025-08-24 14:40:00,728.08,0.0,0.0,0.0,36.3,51.3,-1.064560449663587
2025-08-24 14:50:00,728.08,0.0,0.0,0.0,36.3,51.3,-1.064560449663587
2025-08-24 15:00:00,529.53,0.0,0.0,0.0,35.78,50.78,-1.261197813830878
2025-08-24 15:10:00,529.53,0.0,0.0,0.0,35.78,50.78,-1.261197813830878
2025-08-24 15:20:00,529.53,0.0,0.0,0.0,35.78,50.78,-1.261197813830878
2025-08-24 15:30:00,529.53,0.0,0.0,0.0,35.78,50.78,-1.261197813830878
2025-08-24 15:40:00,529.53,0.0,0.0,0.0,35.78,50.78,-1.261197813830878
2025-08-24 15:50:00,529.53,0.0,0.0,0.0,35.78,50.78,-1.261197813830878
2025-08-24 16:00:00,290.85,0.0,0.0,0.0,34.58,49.58,-1.4514499188041488
2025-08-24 16:10:00,290.85,0.0,0.0,0.0,34.58,49.58,-1.4514499188041488
2025-08-24 16:20:00,290.85,0.0,0.0,0.0,34.58,49.58,-1.4514499188041488
2025-08-24 16:30:00,290.85,0.0,0.0,0.0,34.58,49.58,-1.4514499188041488
2025-08-24 16:40:00,290.85,0.0,0.0,0.0,34.58,49.58,-1.4514499188041488
2025-08-24 16:50:00,290.85,0.0,0.0,0.0,34.58,49.58,-1.4514499188041488
2025-08-24 17:00:00,59.42,0.0,0.0,0.0,29.81,44.81,-1.1713598801775313
2025-08-24 17:10:00,59.42,0.0,0.0,0.0,29.81,44.81,-1.1713598801775313
2025-08-24 17:20:00,59.42,0.0,0.0,0.0,29.81,44.81,-1.1713598801775313
2025-08-24 17:30:00,59.42,0.0,0.0,0.0,29.81,44.81,-1.1713598801775313
2025-08-24 17:40:00,59.42,0.0,0.0,0.0,29.81,44.81,-1.1713598801775313
2025-08-24 17:50:00,59.42,0.0,0.0,0.0,29.81,44.81,-1.1713598801775313
2025-08-24 18:00:00,0.0,0.0,0.0,0.0,25.63,40.629999999999995,-1.5148633403940808
2025-08-24 18:10:00,0.0,0.0,0.0,0.0,25.63,40.629999999999995,-1.5148633403940808
2025-08-24 18:20:00,0.0,0.0,0.0,0.0,25.63,40.629999999999995,-1.5148633403940808
2025-08-24 18:30:00,0.0,0.0,0.0,0.0,25.63,40.629999999999995,-1.5148633403940808
2025-08-24 18:40:00,0.0,0.0,0.0,0.0,25.63,40.629999999999995,-1.5148633403940808
2025-08-24 18:50:00,0.0,0.0,0.0,0.0,25.63,40.629999999999995,-1.5148633403940808
2025-08-24 19:00:00,0.0,0.0,0.0,0.0,24.32,39.32,-1.5835995129844382
2025-08-24 19:10:00,0.0,0.0,0.0,0.0,24.32,39.32,-1.5835995129844382
2025-08-24 19:20:00,0.0,0.0,0.0,0.0,24.32,39.32,-1.5835995129844382
2025-08-24 19:30:00,0.0,0.0,0.0,0.0,24.32,39.32,-1.5835995129844382
2025-08-24 19:40:00,0.0,0.0,0.0,0.0,24.32,39.32,-1.5835995129844382
2025-08-24 19:50:00,0.0,0.0,0.0,0.0,24.32,39.32,-1.5835995129844382
2025-08-24 20:00:00,0.0,0.0,0.0,0.0,23.15,38.15,-1.4027683685019048
2025-08-24 20:10:00,0.0,0.0,0.0,0.0,23.15,38.15,-1.4027683685019048
2025-08-24 20:20:00,0.0,0.0,0.0,0.0,23.15,38.15,-1.4027683685019048
2025-08-24 20:30:00,0.0,0.0,0.0,0.0,23.15,38.15,-1.4027683685019048
2025-08-24 20:40:00,0.0,0.0,0.0,0.0,23.15,38.15,-1.4027683685019048
2025-08-24 20:50:00,0.0,0.0,0.0,0.0,23.15,38.15,-1.4027683685019048
2025-08-24 21:00:00,0.0,0.0,0.0,0.0,22.09,37.09,-0.8305542615415784
2025-08-24 21:10:00,0.0,0.0,0.0,0.0,22.09,37.09,-0.8305542615415784
2025-08-24 21:20:00,0.0,0.0,0.0,0.0,22.09,37.09,-0.8305542615415784
2025-08-24 21:30:00,0.0,0.0,0.0,0.0,22.09,37.09,-0.8305542615415784
2025-08-24 21:40:00,0.0,0.0,0.0,0.0,22.09,37.09,-0.8305542615415784
2025-08-24 21:50:00,0.0,0.0,0.0,0.0,22.09,37.09,-0.8305542615415784
2025-08-24 22:00:00,0.0,0.0,0.0,0.0,21.12,36.120000000000005,0.2428689382696166
2025-08-24 22:10:00,0.0,0.0,0.0,0.0,21.12,36.120000000000005,0.2428689382696166
2025-08-24 22:20:00,0.0,0.0,0.0,0.0,21.12,36.120000000000005,0.2428689382696166
2025-08-24 22:30:00,0.0,0.0,0.0,0.0,21.12,36.120000000000005,0.2428689382696166
2025-08-24 22:40:00,0.0,0.0,0.0,0.0,21.12,36.120000000000005,0.09242349800387074
2025-08-24 22:50:00,0.0,0.0,0.0,0.0,21.12,36.120000000000005,1.0129568152737394
2025-08-24 23:00:00,0.0,0.0,0.0,0.0,20.09,35.09,2.3387933272483936
2025-08-24 23:10:00,0.0,0.0,0.0,0.0,20.09,35.09,0.0568514590464275
2025-08-24 23:20:00,0.0,0.0,0.0,0.0,20.09,35.09,-0.7294819717261622
2025-08-24 23:30:00,0.0,0.0,0.0,0.0,20.09,35.09,0.17451464536794437
2025-08-24 23:40:00,0.0,0.0,0.0,0.0,19.81,34.81,-3.098818774795017
2025-08-24 23:50:00,0.0,0.0,0.0,0.0,19.81,34.81,-2.845239121183367
2025-08-25 00:00:00,0.0,0.0,0.0,0.0,18.88,33.879999999999995,-1.743716402722781
2025-08-25 00:10:00,0.0,0.0,0.0,0.0,18.88,33.879999999999995,-1.764784898965106
2025-08-25 00:20:00,0.0,0.0,0.0,0.0,18.88,33.879999999999995,-2.912268611092943
2025-08-25 00:30:00,0.0,0.0,0.0,0.0,18.88,33.879999999999995,-3.083807847070074
2025-08-25 00:40:00,0.0,0.0,0.0,0.0,18.88,33.879999999999995,-2.439883896436203
2025-08-25 00:50:00,0.0,0.0,0.0,0.0,18.88,33.879999999999995,-3.1541469125638155
2025-08-25 01:00:00,0.0,0.0,0.0,0.0,17.91,32.91,-2.794715121621767
2025-08-25 01:10:00,0.0,0.0,0.0,0.0,17.91,32.91,-2.8997651515359184
2025-08-25 01:20:00,0.0,0.0,0.0,0.0,17.91,32.91,-2.904995974420415
2025-08-25 01:30:00,0.0,0.0,0.0,0.0,17.91,32.91,-3.123445893977092
2025-08-25 01:40:00,0.0,0.0,0.0,0.0,17.91,32.91,-2.024266102013069
2025-08-25 01:50:00,0.0,0.0,0.0,0.0,17.91,32.91,-1.514726950795728
2025-08-25 02:00:00,0.0,0.0,0.0,0.0,16.91,31.91,-1.6673874502510706
2025-08-25 02:10:00,0.0,0.0,0.0,0.0,16.91,31.91,-1.6724650827328826
2025-08-25 02:20:00,0.0,0.0,0.0,0.0,16.91,31.91,-1.16808060113978
2025-08-25 02:30:00,0.0,0.0,0.0,0.0,16.91,31.91,-0.1676529744686364
2025-08-25 02:40:00,0.0,0.0,0.0,0.0,16.91,31.91,-1.4781164153363078
2025-08-25 02:50:00,0.0,0.0,0.0,0.0,16.91,31.91,-1.4781164153363078
2025-08-25 03:00:00,0.0,0.0,0.0,0.0,15.98,30.98,-1.2419881692590478
2025-08-25 03:10:00,0.0,0.0,0.0,0.0,15.98,30.98,-1.2419881692590478
2025-08-25 03:20:00,0.0,0.0,0.0,0.0,15.98,30.98,-1.2441876767989708
2025-08-25 03:30:00,0.0,0.0,0.0,0.0,15.98,30.98,-1.2274038355674484
2025-08-25 03:40:00,0.0,0.0,0.0,0.0,15.98,30.98,-1.152111191055774
2025-08-25 03:50:00,0.0,0.0,0.0,0.0,14.16,29.16,0.3567314256601862
2025-08-25 04:00:00,0.0,0.0,0.0,0.0,13.57,28.57,0.03251337179917994
2025-08-25 04:10:00,0.0,0.0,0.0,0.0,13.57,28.57,-0.5521505619876583
2025-08-25 04:20:00,0.0,0.0,0.0,0.0,13.57,28.57,2.204098230793697
2025-08-25 04:30:00,0.0,0.0,0.0,0.0,13.57,28.57,0.2599277140597513
2025-08-25 04:40:00,0.0,0.0,0.0,0.0,13.57,28.57,0.6608920699233002
2025-08-25 04:50:00,0.0,0.0,0.0,0.0,13.57,28.57,1.3549620448155761
2025-08-25 05:00:00,0.0,0.0,0.0,0.0,13.1,28.1,1.4755658685327342
2025-08-25 05:10:00,0.0,0.0,0.0,0.0,13.1,28.1,1.469163552843818
2025-08-25 05:20:00,0.0,0.0,0.0,0.0,13.1,28.1,2.736088763908801
2025-08-25 05:30:00,0.0,0.0,0.0,0.0,13.1,28.1,2.87758042795396
2025-08-25 05:40:00,0.0,0.0,0.0,0.0,13.1,28.1,1.7756552951372218
2025-08-25 05:50:00,0.0,0.0,0.0,0.0,13.1,28.1,3.0928447084116204
2025-08-25 06:00:00,16.65,0.0,0.0,0.0,13.3,28.3,3.2332013539456783
2025-08-25 06:10:00,16.65,0.0,0.0,0.0,13.3,28.3,3.2332013539456783
2025-08-25 06:20:00,16.65,0.0,0.0,0.0,13.3,28.3,3.2332013539456783
2025-08-25 06:30:00,16.65,0.0,0.0,0.0,13.3,28.3,3.366996028167656
2025-08-25 06:40:00,16.65,0.0,0.0,0.0,13.3,28.3,2.6433439865943527
2025-08-25 06:50:00,16.65,0.0,0.0,0.0,13.3,28.3,2.5149948344471
2025-08-25 07:00:00,198.55,0.0,0.0,0.0,17.15,32.15,4.274452921641697
2025-08-25 07:10:00,198.55,0.0,0.0,0.0,17.15,32.15,3.9309897714508533
2025-08-25 07:20:00,198.55,0.0,0.0,0.0,17.15,32.15,3.260541486743955
2025-08-25 07:30:00,198.55,0.0,0.0,0.0,17.15,32.15,1.0049454771409039
2025-08-25 07:40:00,198.55,0.0,0.0,0.0,17.15,32.15,1.0049454771409039
2025-08-25 07:50:00,198.55,0.0,0.0,0.0,17.15,32.15,1.0049454771409039
2025-08-25 08:00:00,429.5,0.0,0.0,0.0,21.07,36.07,1.1526579602070524
2025-08-25 08:10:00,429.5,0.0,0.0,0.0,21.07,36.07,1.1526579602070524
2025-08-25 08:20:00,429.5,0.0,0.0,0.0,21.07,36.07,1.1526579602070524
2025-08-25 08:30:00,429.5,0.0,0.0,0.0,21.07,36.07,1.1526579602070524
2025-08-25 08:40:00,429.5,0.0,0.0,0.0,21.07,36.07,1.1526579602070524
2025-08-25 08:50:00,429.5,0.0,0.0,0.0,21.07,36.07,1.1526579602070524
2025-08-25 09:00:00,632.9,0.0,0.0,0.0,27.07,42.07,3.914689487677061
2025-08-25 09:10:00,632.9,0.0,0.0,0.0,27.07,42.07,3.914689487677061
2025-08-25 09:20:00,632.9,0.0,0.0,0.0,27.07,42.07,3.914689487677061
2025-08-25 09:30:00,632.9,0.0,0.0,0.0,27.07,42.07,3.914689487677061
2025-08-25 09:40:00,632.9,0.0,0.0,0.0,27.07,42.07,3.914689487677061
2025-08-25 09:50:00,632.9,0.0,0.0,0.0,27.07,42.07,3.914689487677061
2025-08-25 10:00:00,782.9,0.0,0.0,0.0,30.18,45.18,4.254909835810624
2025-08-25 10:10:00,782.9,0.0,0.0,0.0,30.18,45.18,4.254909835810624
2025-08-25 10:20:00,782.9,0.0,0.0,0.0,30.18,45.18,4.254909835810624
2025-08-25 10:30:00,782.9,0.0,0.0,0.0,30.18,45.18,4.254909835810624
2025-08-25 10:40:00,782.9,0.0,0.0,0.0,30.18,45.18,4.254909835810624
2025-08-25 10:50:00,782.9,0.0,0.0,0.0,30.18,45.18,4.254909835810624
2025-08-25 11:00:00,866.7,0.0,0.0,0.0,31.98,46.980000000000004,3.865694739189376
2025-08-25 11:10:00,866.7,0.0,0.0,0.0,31.98,46.980000000000004,3.865694739189376
2025-08-25 11:20:00,866.7,0.0,0.0,0.0,31.98,46.980000000000004,3.865694739189376
2025-08-25 11:30:00,866.7,0.0,0.0,0.0,31.98,46.980000000000004,3.865694739189376
2025-08-25 11:40:00,866.7,0.0,0.0,0.0,31.98,46.980000000000004,3.865694739189376
2025-08-25 11:50:00,866.7,0.0,0.0,0.0,31.98,46.980000000000004,3.865694739189376
2025-08-25 12:00:00,890.7,0.0,0.0,0.0,33.07,48.07,3.333170700865507
2025-08-25 12:10:00,890.7,0.0,0.0,0.0,33.07,48.07,3.333170700865507
2025-08-25 12:20:00,890.7,0.0,0.0,0.0,33.07,48.07,3.333170700865507
2025-08-25 12:30:00,890.7,0.0,0.0,0.0,33.07,48.07,3.333170700865507
2025-08-25 12:40:00,890.7,0.0,0.0,0.0,33.07,48.07,3.333170700865507
2025-08-25 12:50:00,890.7,0.0,0.0,0.0,33.07,48.07,3.333170700865507
2025-08-25 13:00:00,827.12,0.0,0.0,0.0,33.62,48.62,3.0047379950597057
2025-08-25 13:10:00,827.12,0.0,0.0,0.0,33.62,48.62,3.0047379950597057
2025-08-25 13:20:00,827.12,0.0,0.0,0.0,33.62,48.62,3.0047379950597057
2025-08-25 13:30:00,827.12,0.0,0.0,0.0,33.62,48.62,3.0047379950597057
2025-08-25 13:40:00,827.12,0.0,0.0,0.0,33.62,48.62,3.0047379950597057
2025-08-25 13:50:00,827.12,0.0,0.0,0.0,33.62,48.62,3.0047379950597057
2025-08-25 14:00:00,695.03,0.0,0.0,0.0,33.62,48.62,2.8757840098300282
2025-08-25 14:10:00,695.03,0.0,0.0,0.0,33.62,48.62,2.8757840098300282
2025-08-25 14:20:00,695.03,0.0,0.0,0.0,33.62,48.62,2.8757840098300282
2025-08-25 14:30:00,695.03,0.0,0.0,0.0,33.62,48.62,2.8757840098300282
2025-08-25 14:40:00,695.03,0.0,0.0,0.0,33.62,48.62,2.8757840098300282
2025-08-25 14:50:00,695.03,0.0,0.0,0.0,33.62,48.62,2.8757840098300282
2025-08-25 15:00:00,505.4,0.0,0.0,0.0,33.1,48.1,2.7772250391577935
2025-08-25 15:10:00,505.4,0.0,0.0,0.0,33.1,48.1,2.7772250391577935
2025-08-25 15:20:00,505.4,0.0,0.0,0.0,33.1,48.1,2.7772250391577935
2025-08-25 15:30:00,505.4,0.0,0.0,0.0,33.1,48.1,2.7772250391577935
2025-08-25 15:40:00,505.4,0.0,0.0,0.0,33.1,48.1,2.7772250391577935
2025-08-25 15:50:00,505.4,0.0,0.0,0.0,33.1,48.1,2.7772250391577935
2025-08-25 16:00:00,277.12,0.0,0.0,0.0,31.94,46.94,2.6029174960525654
2025-08-25 16:10:00,277.12,0.0,0.0,0.0,31.94,46.94,2.6029174960525654
2025-08-25 16:20:00,277.12,0.0,0.0,0.0,31.94,46.94,2.6029174960525654
2025-08-25 16:30:00,277.12,0.0,0.0,0.0,31.94,46.94,2.6029174960525654
2025-08-25 16:40:00,277.12,0.0,0.0,0.0,31.94,46.94,2.6029174960525654
2025-08-25 16:50:00,277.12,0.0,0.0,0.0,31.94,46.94,2.6029174960525654
2025-08-25 17:00:00,52.6,0.0,0.0,0.0,27.61,42.61,1.821742009236173
2025-08-25 17:10:00,52.6,0.0,0.0,0.0,27.61,42.61,1.821742009236173
2025-08-25 17:20:00,52.6,0.0,0.0,0.0,27.61,42.61,1.821742009236173
2025-08-25 17:30:00,52.6,0.0,0.0,0.0,27.61,42.61,1.821742009236173
2025-08-25 17:40:00,52.6,0.0,0.0,0.0,27.61,42.61,1.821742009236173
2025-08-25 17:50:00,52.6,0.0,0.0,0.0,27.61,42.61,1.821742009236173
2025-08-25 18:00:00,0.0,0.0,0.0,0.0,25.29,40.29,1.9813530349864779
2025-08-25 18:10:00,0.0,0.0,0.0,0.0,25.29,40.29,1.9813530349864779
2025-08-25 18:20:00,0.0,0.0,0.0,0.0,25.29,40.29,1.9813530349864779
2025-08-25 18:30:00,0.0,0.0,0.0,0.0,25.29,40.29,1.9813530349864779
2025-08-25 18:40:00,0.0,0.0,0.0,0.0,25.29,40.29,1.9813530349864779
2025-08-25 18:50:00,0.0,0.0,0.0,0.0,25.29,40.29,1.9813530349864779
2025-08-25 19:00:00,0.0,0.0,0.0,0.0,24.43,39.43,1.9278628196327738
2025-08-25 19:10:00,0.0,0.0,0.0,0.0,24.43,39.43,1.9278628196327738
2025-08-25 19:20:00,0.0,0.0,0.0,0.0,24.43,39.43,1.9278628196327738
2025-08-25 19:30:00,0.0,0.0,0.0,0.0,24.43,39.43,1.9278628196327738
2025-08-25 19:40:00,0.0,0.0,0.0,0.0,24.43,39.43,1.9278628196327738
2025-08-25 19:50:00,0.0,0.0,0.0,0.0,24.43,39.43,1.9278628196327738
2025-08-25 20:00:00,0.0,0.0,0.0,0.0,23.67,38.67,1.800537516100553
2025-08-25 20:10:00,0.0,0.0,0.0,0.0,23.67,38.67,1.800537516100553
2025-08-25 20:20:00,0.0,0.0,0.0,0.0,23.67,38.67,1.800537516100553
2025-08-25 20:30:00,0.0,0.0,0.0,0.0,23.67,38.67,1.800537516100553
2025-08-25 20:40:00,0.0,0.0,0.0,0.0,23.67,38.67,1.800537516100553
2025-08-25 20:50:00,0.0,0.0,0.0,0.0,23.67,38.67,1.800537516100553
2025-08-25 21:00:00,0.0,0.0,0.0,0.0,22.83,37.83,1.652292788174672
2025-08-25 21:10:00,0.0,0.0,0.0,0.0,22.83,37.83,1.652292788174672
2025-08-25 21:20:00,0.0,0.0,0.0,0.0,22.83,37.83,1.652292788174672
2025-08-25 21:30:00,0.0,0.0,0.0,0.0,22.83,37.83,1.652292788174672
2025-08-25 21:40:00,0.0,0.0,0.0,0.0,22.83,37.83,1.652292788174672
2025-08-25 21:50:00,0.0,0.0,0.0,0.0,22.83,37.83,1.652292788174672
2025-08-25 22:00:00,0.0,0.0,0.0,0.0,21.95,36.95,1.485873489447033
2025-08-25 22:10:00,0.0,0.0,0.0,0.0,21.95,36.95,1.485873489447033
2025-08-25 22:20:00,0.0,0.0,0.0,0.0,21.95,36.95,1.485873489447033
2025-08-25 22:30:00,0.0,0.0,0.0,0.0,21.95,36.95,1.485873489447033
2025-08-25 22:40:00,0.0,0.0,0.0,0.0,21.95,36.95,0.6625833421102238
2025-08-25 22:50:00,0.0,0.0,0.0,0.0,21.95,36.95,0.5840670891318657
2025-08-25 23:00:00,0.0,0.0,0.0,0.0,21.13,36.129999999999995,0.5736273728181701
2025-08-25 23:10:00,0.0,0.0,0.0,0.0,18.0,33.0,4.15490913114244
2025-08-25 23:20:00,0.0,0.0,0.0,0.0,18.0,33.0,4.2534777122664975
2025-08-25 23:30:00,0.0,0.0,0.0,0.0,18.0,33.0,4.406108509070459
2025-08-25 23:40:00,0.0,0.0,0.0,0.0,18.0,33.0,4.418474517152528
2025-08-25 23:50:00,0.0,0.0,0.0,0.0,18.0,33.0,4.4190947673457535
2025-08-26 00:00:00,0.0,0.0,0.0,0.0,17.48,32.480000000000004,4.499967901264846
2025-08-26 00:10:00,0.0,0.0,0.0,0.0,17.48,32.480000000000004,4.163258643504915
2025-08-26 00:20:00,0.0,0.0,0.0,0.0,17.48,32.480000000000004,4.200695817430232
2025-08-26 00:30:00,0.0,0.0,0.0,0.0,17.48,32.480000000000004,4.188138460755746
2025-08-26 00:40:00,0.0,0.0,0.0,0.0,17.48,32.480000000000004,3.342446588525798
2025-08-26 00:50:00,0.0,0.0,0.0,0.0,17.48,32.480000000000004,3.7221362369775033
2025-08-26 01:00:00,0.0,0.0,0.0,0.0,17.02,32.019999999999996,3.437471305238907
2025-08-26 01:10:00,0.0,0.0,0.0,0.0,17.02,32.019999999999996,3.437471305238907
2025-08-26 01:20:00,0.0,0.0,0.0,0.0,17.02,32.019999999999996,3.437471305238907
2025-08-26 01:30:00,0.0,0.0,0.0,0.0,17.02,32.019999999999996,3.437471305238907
2025-08-26 01:40:00,0.0,0.0,0.0,0.0,17.02,32.019999999999996,1.0099426069198898
2025-08-26 01:50:00,0.0,0.0,0.0,0.0,17.02,32.019999999999996,0.4903520132129342
2025-08-26 02:00:00,0.0,0.0,0.0,0.0,16.62,31.62,1.1355229321659845
2025-08-26 02:10:00,0.0,0.0,0.0,0.0,16.62,31.62,1.4391912438173464
2025-08-26 02:20:00,0.0,0.0,0.0,0.0,16.62,31.62,1.5122060824197994
2025-08-26 02:30:00,0.0,0.0,0.0,0.0,16.62,31.62,4.247162878334592
2025-08-26 02:40:00,0.0,0.0,0.0,0.0,16.62,31.62,0.13128946081798917
2025-08-26 02:50:00,0.0,0.0,0.0,0.0,16.62,31.62,0.7663603136506854
2025-08-26 03:00:00,0.0,0.0,0.0,0.0,16.29,31.29,2.8301713635629104
2025-08-26 03:10:00,0.0,0.0,0.0,0.0,16.29,31.29,3.3848313555831324
2025-08-26 03:20:00,0.0,0.0,0.0,0.0,19.79,34.79,-0.6122966036325863
2025-08-26 03:30:00,0.0,0.0,0.0,0.0,19.79,34.79,-1.213079233463948
2025-08-26 03:40:00,0.0,0.0,0.0,0.0,19.79,34.79,-1.6281215040924788
2025-08-26 03:50:00,0.0,0.0,0.0,0.0,19.79,34.79,-0.7995027676077493
2025-08-26 04:00:00,0.0,0.0,0.0,0.0,19.31,34.31,-2.688951291548448
2025-08-26 04:10:00,0.0,0.0,0.0,0.0,19.31,34.31,-2.688951291548448
2025-08-26 04:20:00,0.0,0.0,0.0,0.0,19.31,34.31,-2.688951291548448
2025-08-26 04:30:00,0.0,0.0,0.0,0.0,19.31,34.31,-2.688951291548448
2025-08-26 04:40:00,0.0,0.0,0.0,0.0,19.31,34.31,-1.5661992576634032
2025-08-26 04:50:00,0.0,0.0,0.0,0.0,19.31,34.31,-2.9585540461671935
2025-08-26 05:00:00,0.0,0.0,0.0,0.0,18.57,33.57,-2.8980367651386567
2025-08-26 05:10:00,0.0,0.0,0.0,0.0,18.57,33.57,-3.0960147032019583
2025-08-26 05:20:00,0.0,0.0,0.0,0.0,18.57,33.57,-4.0163593018810575
2025-08-26 05:30:00,0.0,0.0,0.0,0.0,18.57,33.57,-4.056918598066543
2025-08-26 05:40:00,0.0,0.0,0.0,0.0,18.57,33.57,-3.4137106543352562
2025-08-26 05:50:00,0.0,0.0,0.0,0.0,18.57,33.57,-3.6182272254161227
2025-08-26 06:00:00,11.6,0.0,0.0,0.0,17.62,32.620000000000005,-3.8112689279839396
2025-08-26 06:10:00,11.6,0.0,0.0,0.0,17.62,32.620000000000005,-3.7148280583693247
2025-08-26 06:20:00,11.6,0.0,0.0,0.0,17.62,32.620000000000005,-4.02156411935026
2025-08-26 06:30:00,11.6,0.0,0.0,0.0,17.62,32.620000000000005,-3.1392591631670133
2025-08-26 06:40:00,11.6,0.0,0.0,0.0,17.62,32.620000000000005,-3.577517460380106
2025-08-26 06:50:00,11.6,0.0,0.0,0.0,17.62,32.620000000000005,-3.1319472853350363
2025-08-26 07:00:00,141.38,0.0,0.0,0.0,17.51,32.510000000000005,-2.9947976242475027
2025-08-26 07:10:00,141.38,0.0,0.0,0.0,17.51,32.510000000000005,-2.292541061758021
2025-08-26 07:20:00,141.38,0.0,0.0,0.0,17.51,32.510000000000005,-3.25720773396383
2025-08-26 07:30:00,141.38,0.0,0.0,0.0,17.51,32.510000000000005,-2.208991979278503
2025-08-26 07:40:00,141.38,0.0,0.0,0.0,17.51,32.510000000000005,-2.208991979278503
2025-08-26 07:50:00,141.38,0.0,0.0,0.0,17.51,32.510000000000005,-2.208991979278503
2025-08-26 08:00:00,302.27,0.0,0.0,0.0,18.69,33.69,-1.0201904834781135
2025-08-26 08:10:00,302.27,0.0,0.0,0.0,18.69,33.69,-1.0201904834781135
2025-08-26 08:20:00,302.27,0.0,0.0,0.0,18.69,33.69,-1.0201904834781135
2025-08-26 08:30:00,302.27,0.0,0.0,0.0,18.69,33.69,-1.0201904834781135
2025-08-26 08:40:00,302.27,0.0,0.0,0.0,18.69,33.69,-1.0201904834781135
2025-08-26 08:50:00,302.27,0.0,0.0,0.0,18.69,33.69,-1.0201904834781135
2025-08-26 09:00:00,459.25,0.0,0.0,0.0,20.79,35.79,1.151181885323514
2025-08-26 09:10:00,459.25,0.0,0.0,0.0,20.79,35.79,1.151181885323514
2025-08-26 09:20:00,459.25,0.0,0.0,0.0,20.79,35.79,1.151181885323514
2025-08-26 09:30:00,459.25,0.0,0.0,0.0,20.79,35.79,1.151181885323514
2025-08-26 09:40:00,459.25,0.0,0.0,0.0,20.79,35.79,1.151181885323514
2025-08-26 09:50:00,459.25,0.0,0.0,0.0,20.79,35.79,1.151181885323514
2025-08-26 10:00:00,594.45,0.0,0.0,0.0,23.61,38.61,3.6626066399885615
2025-08-26 10:10:00,594.45,0.0,0.0,0.0,23.61,38.61,3.6626066399885615
2025-08-26 10:20:00,594.45,0.0,0.0,0.0,23.61,38.61,3.6626066399885615
2025-08-26 10:30:00,594.45,0.0,0.0,0.0,23.61,38.61,3.6626066399885615
2025-08-26 10:40:00,594.45,0.0,0.0,0.0,23.61,38.61,3.6626066399885615
2025-08-26 10:50:00,594.45,0.0,0.0,0.0,23.61,38.61,3.6626066399885615
2025-08-26 11:00:00,599.55,0.0,0.0,0.0,26.21,41.21,5.74772654471227
2025-08-26 11:10:00,599.55,0.0,0.0,0.0,26.21,41.21,5.74772654471227
2025-08-26 11:20:00,599.55,0.0,0.0,0.0,26.21,41.21,5.74772654471227
2025-08-26 11:30:00,599.55,0.0,0.0,0.0,26.21,41.21,5.74772654471227
2025-08-26 11:40:00,599.55,0.0,0.0,0.0,26.21,41.21,5.74772654471227
2025-08-26 11:50:00,599.55,0.0,0.0,0.0,26.21,41.21,5.74772654471227
2025-08-26 12:00:00,483.88,0.0,0.0,0.0,27.23,42.230000000000004,6.899494178823769
2025-08-26 12:10:00,483.88,0.0,0.0,0.0,27.23,42.230000000000004,6.899494178823769
2025-08-26 12:20:00,483.88,0.0,0.0,0.0,27.23,42.230000000000004,6.899494178823769
2025-08-26 12:30:00,483.88,0.0,0.0,0.0,27.23,42.230000000000004,6.899494178823769
2025-08-26 12:40:00,483.88,0.0,0.0,0.0,27.23,42.230000000000004,6.899494178823769
2025-08-26 12:50:00,483.88,0.0,0.0,0.0,27.23,42.230000000000004,6.899494178823769
2025-08-26 13:00:00,464.08,0.0,0.0,0.0,26.95,41.95,6.790768725511089
2025-08-26 13:10:00,464.08,0.0,0.0,0.0,26.95,41.95,6.790768725511089
2025-08-26 13:20:00,464.08,0.0,0.0,0.0,26.95,41.95,6.790768725511089
2025-08-26 13:30:00,464.08,0.0,0.0,0.0,26.95,41.95,6.790768725511089
2025-08-26 13:40:00,464.08,0.0,0.0,0.0,26.95,41.95,6.790768725511089
2025-08-26 13:50:00,464.08,0.0,0.0,0.0,26.95,41.95,6.790768725511089
2025-08-26 14:00:00,367.2,0.0,0.0,0.0,26.8,41.8,5.960600101350707
2025-08-26 14:10:00,367.2,0.0,0.0,0.0,26.8,41.8,5.960600101350707
2025-08-26 14:20:00,367.2,0.0,0.0,0.0,26.8,41.8,5.960600101350707
2025-08-26 14:30:00,367.2,0.0,0.0,0.0,26.8,41.8,5.960600101350707
2025-08-26 14:40:00,367.2,0.0,0.0,0.0,26.8,41.8,5.960600101350707
2025-08-26 14:50:00,367.2,0.0,0.0,0.0,26.8,41.8,5.960600101350707
2025-08-26 15:00:00,283.17,0.0,0.0,0.0,25.97,40.97,5.031542683622399
2025-08-26 15:10:00,283.17,0.0,0.0,0.0,25.97,40.97,5.031542683622399
2025-08-26 15:20:00,283.17,0.0,0.0,0.0,25.97,40.97,5.031542683622399
2025-08-26 15:30:00,283.17,0.0,0.0,0.0,25.97,40.97,5.031542683622399
2025-08-26 15:40:00,283.17,0.0,0.0,0.0,25.97,40.97,5.031542683622399
2025-08-26 15:50:00,283.17,0.0,0.0,0.0,25.97,40.97,5.031542683622399
2025-08-26 16:00:00,164.1,0.0,0.0,0.0,24.77,39.769999999999996,4.00964386417142
2025-08-26 16:10:00,164.1,0.0,0.0,0.0,24.77,39.769999999999996,4.00964386417142
2025-08-26 16:20:00,164.1,0.0,0.0,0.0,24.77,39.769999999999996,4.00964386417142
2025-08-26 16:30:00,164.1,0.0,0.0,0.0,24.77,39.769999999999996,4.00964386417142
2025-08-26 16:40:00,164.1,0.0,0.0,0.0,24.77,39.769999999999996,4.00964386417142
2025-08-26 16:50:00,164.1,0.0,0.0,0.0,24.77,39.769999999999996,4.00964386417142
2025-08-26 17:00:00,29.2,0.0,0.0,0.0,23.42,38.42,1.8935824040319489
2025-08-26 17:10:00,29.2,0.0,0.0,0.0,23.42,38.42,1.8935824040319489
2025-08-26 17:20:00,29.2,0.0,0.0,0.0,23.42,38.42,1.8935824040319489
2025-08-26 17:30:00,29.2,0.0,0.0,0.0,23.42,38.42,1.8935824040319489
2025-08-26 17:40:00,29.2,0.0,0.0,0.0,23.42,38.42,1.8935824040319489
2025-08-26 17:50:00,29.2,0.0,0.0,0.0,23.42,38.42,1.8935824040319489
2025-08-26 18:00:00,0.0,0.0,0.0,0.0,21.7,36.7,-0.9216079272175562
2025-08-26 18:10:00,0.0,0.0,0.0,0.0,21.7,36.7,-0.9216079272175562
2025-08-26 18:20:00,0.0,0.0,0.0,0.0,21.7,36.7,-0.9216079272175562
2025-08-26 18:30:00,0.0,0.0,0.0,0.0,21.7,36.7,-0.9216079272175562
2025-08-26 18:40:00,0.0,0.0,0.0,0.0,21.7,36.7,-0.9216079272175562
2025-08-26 18:50:00,0.0,0.0,0.0,0.0,21.7,36.7,-0.9216079272175562
2025-08-26 19:00:00,0.0,0.0,0.0,0.0,19.38,34.379999999999995,-2.0510207956608575
2025-08-26 19:10:00,0.0,0.0,0.0,0.0,19.38,34.379999999999995,-2.0510207956608575
2025-08-26 19:20:00,0.0,0.0,0.0,0.0,19.38,34.379999999999995,-2.0510207956608575
2025-08-26 19:30:00,0.0,0.0,0.0,0.0,19.38,34.379999999999995,-2.0510207956608575
2025-08-26 19:40:00,0.0,0.0,0.0,0.0,19.38,34.379999999999995,-2.0510207956608575
2025-08-26 19:50:00,0.0,0.0,0.0,0.0,19.38,34.379999999999995,-2.0510207956608575
2025-08-26 20:00:00,0.0,0.0,0.0,0.0,17.46,32.46,-1.706362825671768
2025-08-26 20:10:00,0.0,0.0,0.0,0.0,17.46,32.46,-1.706362825671768
2025-08-26 20:20:00,0.0,0.0,0.0,0.0,17.46,32.46,-1.706362825671768
2025-08-26 20:30:00,0.0,0.0,0.0,0.0,17.46,32.46,-1.706362825671768
2025-08-26 20:40:00,0.0,0.0,0.0,0.0,17.46,32.46,-1.706362825671768
2025-08-26 20:50:00,0.0,0.0,0.0,0.0,17.46,32.46,-1.706362825671768
2025-08-26 21:00:00,0.0,0.0,0.0,0.0,16.36,31.36,-1.5765883982832987
2025-08-26 21:10:00,0.0,0.0,0.0,0.0,16.36,31.36,-1.5765883982832987
2025-08-26 21:20:00,0.0,0.0,0.0,0.0,16.36,31.36,-1.5765883982832987
2025-08-26 21:30:00,0.0,0.0,0.0,0.0,16.36,31.36,-1.5765883982832987
2025-08-26 21:40:00,0.0,0.0,0.0,0.0,16.36,31.36,-1.5765883982832987
2025-08-26 21:50:00,0.0,0.0,0.0,0.0,16.36,31.36,-1.5765883982832987
2025-08-26 22:00:00,0.0,0.0,0.0,0.0,15.04,30.04,-2.0350522514311047
2025-08-26 22:10:00,0.0,0.0,0.0,0.0,15.04,30.04,-2.0350522514311047
2025-08-26 22:20:00,0.0,0.0,0.0,0.0,15.04,30.04,-2.0350522514311047
2025-08-26 22:30:00,0.0,0.0,0.0,0.0,15.04,30.04,-2.0350522514311047
2025-08-26 22:40:00,0.0,0.0,0.0,0.0,11.37,26.369999999999997,0.17076981347988096
2025-08-26 22:50:00,0.0,0.0,0.0,0.0,11.37,26.369999999999997,0.7303436828758397
2025-08-26 23:00:00,0.0,0.0,0.0,0.0,10.24,25.240000000000002,0.47770034508935383
2025-08-26 23:10:00,0.0,0.0,0.0,0.0,10.24,25.240000000000002,0.8123993996842903
2025-08-26 23:20:00,0.0,0.0,0.0,0.0,10.24,25.240000000000002,-0.4092478713581036
2025-08-26 23:30:00,0.0,0.0,0.0,0.0,10.24,25.240000000000002,-0.8345992514247026
2025-08-26 23:40:00,0.0,0.0,0.0,0.0,10.24,25.240000000000002,-2.190939921700922
2025-08-26 23:50:00,0.0,0.0,0.0,0.0,10.24,25.240000000000002,-1.1716124413429572
2025-08-27 00:00:00,0.0,0.0,0.0,0.0,9.42,24.42,-0.9657067965977271
2025-08-27 00:10:00,0.0,0.0,0.0,0.0,9.42,24.42,-1.0529750240935176
2025-08-27 00:20:00,0.0,0.0,0.0,0.0,9.42,24.42,-0.9647636627918926
2025-08-27 00:30:00,0.0,0.0,0.0,0.0,9.42,24.42,1.0417224275501826
2025-08-27 00:40:00,0.0,0.0,0.0,0.0,9.42,24.42,3.0797507637022288
2025-08-27 00:50:00,0.0,0.0,0.0,0.0,9.42,24.42,1.669157657856098
2025-08-27 01:00:00,0.0,0.0,0.0,0.0,8.78,23.78,1.6420009397214839
2025-08-27 01:10:00,0.0,0.0,0.0,0.0,8.78,23.78,1.2170596343316726
2025-08-27 01:20:00,0.0,0.0,0.0,0.0,8.78,23.78,0.9118338926681573
2025-08-27 01:30:00,0.0,0.0,0.0,0.0,8.78,23.78,3.6952889784507628
2025-08-27 01:40:00,0.0,0.0,0.0,0.0,8.78,23.78,3.6952889784507628
2025-08-27 01:50:00,0.0,0.0,0.0,0.0,8.78,23.78,3.6952889784507628
2025-08-27 02:00:00,0.0,0.0,0.0,0.0,8.09,23.09,3.8465030153757103
2025-08-27 02:10:00,0.0,0.0,0.0,0.0,8.09,23.09,0.8922489631894185
2025-08-27 02:20:00,0.0,0.0,0.0,0.0,8.09,23.09,-0.21797433113408018
2025-08-27 02:30:00,0.0,0.0,0.0,0.0,8.09,23.09,-0.3242610565983291
2025-08-27 02:40:00,0.0,0.0,0.0,0.0,8.09,23.09,0.06252393096044395
2025-08-27 02:50:00,0.0,0.0,0.0,0.0,9.2,24.2,3.627219925688216
2025-08-27 03:00:00,0.0,0.0,0.0,0.0,8.42,23.42,3.0190751477021656
2025-08-27 03:10:00,0.0,0.0,0.0,0.0,8.42,23.42,0.31253848184090693
2025-08-27 03:20:00,0.0,0.0,0.0,0.0,8.42,23.42,2.2474015105919856
2025-08-27 03:30:00,0.0,0.0,0.0,0.0,8.42,23.42,2.0392631892534987
2025-08-27 03:40:00,0.0,0.0,0.0,0.0,8.42,23.42,0.8362197976834748
2025-08-27 03:50:00,0.0,0.0,0.0,0.0,8.42,23.42,4.170904755041282
2025-08-27 04:00:00,0.0,0.0,0.0,0.0,7.91,22.91,2.98185102388993
2025-08-27 04:10:00,0.0,0.0,0.0,0.0,7.91,22.91,-0.04702288719648752
2025-08-27 04:20:00,0.0,0.0,0.0,0.0,7.91,22.91,2.501498184095929
2025-08-27 04:30:00,0.0,0.0,0.0,0.0,7.91,22.91,3.4239202824612223
2025-08-27 04:40:00,0.0,0.0,0.0,0.0,7.91,22.91,2.9251744952559497
2025-08-27 04:50:00,0.0,0.0,0.0,0.0,7.91,22.91,5.1920364933942516
2025-08-27 05:00:00,0.0,0.0,0.0,0.0,7.65,22.65,5.0959283821244306
2025-08-27 05:10:00,0.0,0.0,0.0,0.0,7.65,22.65,4.127118101242471
2025-08-27 05:20:00,0.0,0.0,0.0,0.0,7.65,22.65,4.127118101242471
2025-08-27 05:30:00,0.0,0.0,0.0,0.0,7.65,22.65,4.127118101242471
2025-08-27 05:40:00,0.0,0.0,0.0,0.0,7.65,22.65,4.127118101242471
2025-08-27 05:50:00,0.0,0.0,0.0,0.0,7.65,22.65,5.188975721331186
2025-08-27 06:00:00,18.55,0.0,0.0,0.0,7.5,22.5,5.836827852686784
2025-08-27 06:10:00,18.55,0.0,0.0,0.0,7.5,22.5,5.989634573497213
2025-08-27 06:20:00,18.55,0.0,0.0,0.0,7.5,22.5,6.10967298977063
2025-08-27 06:30:00,18.55,0.0,0.0,0.0,7.5,22.5,5.49786927279546
2025-08-27 06:40:00,18.55,0.0,0.0,0.0,7.5,22.5,5.949712642173216
2025-08-27 06:50:00,18.55,0.0,0.0,0.0,7.5,22.5,5.962774230698781
2025-08-27 07:00:00,191.5,0.0,0.0,0.0,9.19,24.189999999999998,6.88742501810695
2025-08-27 07:10:00,142.4,0.0,0.0,0.0,11.74,26.740000000000002,2.3427349493467
2025-08-27 07:20:00,142.4,0.0,0.0,0.0,11.74,26.740000000000002,5.000576300016517
2025-08-27 07:30:00,142.4,0.0,0.0,0.0,11.74,26.740000000000002,3.206065632173554
2025-08-27 07:40:00,142.4,0.0,0.0,0.0,11.74,26.740000000000002,3.206065632173554
2025-08-27 07:50:00,142.4,0.0,0.0,0.0,11.74,26.740000000000002,3.206065632173554
2025-08-27 08:00:00,275.85,0.0,0.0,0.0,13.28,28.28,2.8231695119139273
2025-08-27 08:10:00,275.85,0.0,0.0,0.0,13.28,28.28,2.8231695119139273
2025-08-27 08:20:00,275.85,0.0,0.0,0.0,13.28,28.28,2.8231695119139273
2025-08-27 08:30:00,275.85,0.0,0.0,0.0,13.28,28.28,2.8231695119139273
2025-08-27 08:40:00,275.85,0.0,0.0,0.0,13.28,28.28,2.8231695119139273
2025-08-27 08:50:00,275.85,0.0,0.0,0.0,13.28,28.28,2.8231695119139273
2025-08-27 09:00:00,447.38,0.0,0.0,0.0,14.65,29.65,2.7520962527829074
2025-08-27 09:10:00,447.38,0.0,0.0,0.0,14.65,29.65,2.7520962527829074
2025-08-27 09:20:00,447.38,0.0,0.0,0.0,14.65,29.65,2.7520962527829074
2025-08-27 09:30:00,447.38,0.0,0.0,0.0,14.65,29.65,2.7520962527829074
2025-08-27 09:40:00,447.38,0.0,0.0,0.0,14.65,29.65,2.7520962527829074
2025-08-27 09:50:00,447.38,0.0,0.0,0.0,14.65,29.65,2.7520962527829074
2025-08-27 10:00:00,576.9,0.0,0.0,0.0,15.77,30.77,2.9242919092747552
2025-08-27 10:10:00,576.9,0.0,0.0,0.0,15.77,30.77,2.9242919092747552
2025-08-27 10:20:00,576.9,0.0,0.0,0.0,15.77,30.77,2.9242919092747552
2025-08-27 10:30:00,576.9,0.0,0.0,0.0,15.77,30.77,2.9242919092747552
2025-08-27 10:40:00,576.9,0.0,0.0,0.0,15.77,30.77,2.9242919092747552
2025-08-27 10:50:00,576.9,0.0,0.0,0.0,15.77,30.77,2.9242919092747552
2025-08-27 11:00:00,559.3,0.0,0.0,0.0,16.75,31.75,2.9580432300881405
2025-08-27 11:10:00,559.3,0.0,0.0,0.0,16.75,31.75,2.9580432300881405
2025-08-27 11:20:00,559.3,0.0,0.0,0.0,16.75,31.75,2.9580432300881405
2025-08-27 11:30:00,559.3,0.0,0.0,0.0,16.75,31.75,2.9580432300881405
2025-08-27 11:40:00,559.3,0.0,0.0,0.0,16.75,31.75,2.9580432300881405
2025-08-27 11:50:00,559.3,0.0,0.0,0.0,16.75,31.75,2.9580432300881405
2025-08-27 12:00:00,595.17,0.0,0.0,0.0,17.18,32.18,2.763653646996691
2025-08-27 12:10:00,595.17,0.0,0.0,0.0,17.18,32.18,2.763653646996691
2025-08-27 12:20:00,595.17,0.0,0.0,0.0,17.18,32.18,2.763653646996691
2025-08-27 12:30:00,595.17,0.0,0.0,0.0,17.18,32.18,2.763653646996691
2025-08-27 12:40:00,595.17,0.0,0.0,0.0,17.18,32.18,2.763653646996691
2025-08-27 12:50:00,595.17,0.0,0.0,0.0,17.18,32.18,2.763653646996691
2025-08-27 13:00:00,600.62,0.0,0.0,0.0,17.1,32.1,2.383037242663521
2025-08-27 13:10:00,600.62,0.0,0.0,0.0,17.1,32.1,2.383037242663521
2025-08-27 13:20:00,600.62,0.0,0.0,0.0,17.1,32.1,2.383037242663521
2025-08-27 13:30:00,600.62,0.0,0.0,0.0,17.1,32.1,2.383037242663521
2025-08-27 13:40:00,600.62,0.0,0.0,0.0,17.1,32.1,2.383037242663521
2025-08-27 13:50:00,600.62,0.0,0.0,0.0,17.1,32.1,2.383037242663521
2025-08-27 14:00:00,450.52,0.0,0.0,0.0,16.83,31.83,2.035346170230166
2025-08-27 14:10:00,450.52,0.0,0.0,0.0,16.83,31.83,2.035346170230166
2025-08-27 14:20:00,450.52,0.0,0.0,0.0,16.83,31.83,2.035346170230166
2025-08-27 14:30:00,450.52,0.0,0.0,0.0,16.83,31.83,2.035346170230166
2025-08-27 14:40:00,450.52,0.0,0.0,0.0,16.83,31.83,2.035346170230166
2025-08-27 14:50:00,450.52,0.0,0.0,0.0,16.83,31.83,2.035346170230166
2025-08-27 15:00:00,298.48,0.0,0.0,0.0,16.47,31.47,1.7783544743425368
2025-08-27 15:10:00,298.48,0.0,0.0,0.0,16.47,31.47,1.7783544743425368
2025-08-27 15:20:00,298.48,0.0,0.0,0.0,16.47,31.47,1.7783544743425368
2025-08-27 15:30:00,298.48,0.0,0.0,0.0,16.47,31.47,1.7783544743425368
2025-08-27 15:40:00,298.48,0.0,0.0,0.0,16.47,31.47,1.7783544743425368
2025-08-27 15:50:00,298.48,0.0,0.0,0.0,16.47,31.47,1.7783544743425368
2025-08-27 16:00:00,127.62,0.0,0.0,0.0,15.75,30.75,1.403257044698056
2025-08-27 16:10:00,127.62,0.0,0.0,0.0,15.75,30.75,1.403257044698056
2025-08-27 16:20:00,127.62,0.0,0.0,0.0,15.75,30.75,1.403257044698056
2025-08-27 16:30:00,127.62,0.0,0.0,0.0,15.75,30.75,1.403257044698056
2025-08-27 16:40:00,127.62,0.0,0.0,0.0,15.75,30.75,1.403257044698056
2025-08-27 16:50:00,127.62,0.0,0.0,0.0,15.75,30.75,1.403257044698056
2025-08-27 17:00:00,8.0,0.0,0.0,0.0,13.75,28.75,0.8315014500394582
2025-08-27 17:10:00,8.0,0.0,0.0,0.0,13.75,28.75,0.8315014500394582
2025-08-27 17:20:00,8.0,0.0,0.0,0.0,13.75,28.75,0.8315014500394582
2025-08-27 17:30:00,8.0,0.0,0.0,0.0,13.75,28.75,0.8315014500394582
2025-08-27 17:40:00,8.0,0.0,0.0,0.0,13.75,28.75,0.8315014500394582
2025-08-27 17:50:00,8.0,0.0,0.0,0.0,13.75,28.75,0.8315014500394582
2025-08-27 18:00:00,0.0,0.0,0.0,0.0,12.25,27.25,0.7523665185702296
2025-08-27 18:10:00,0.0,0.0,0.0,0.0,12.25,27.25,0.7523665185702296
2025-08-27 18:20:00,0.0,0.0,0.0,0.0,12.25,27.25,0.7523665185702296
2025-08-27 18:30:00,0.0,0.0,0.0,0.0,12.25,27.25,0.7523665185702296
2025-08-27 18:40:00,0.0,0.0,0.0,0.0,12.25,27.25,0.7523665185702296
2025-08-27 18:50:00,0.0,0.0,0.0,0.0,12.25,27.25,0.7523665185702296
2025-08-27 19:00:00,0.0,0.0,0.0,0.0,11.24,26.240000000000002,1.0607705374156584
2025-08-27 19:10:00,0.0,0.0,0.0,0.0,11.24,26.240000000000002,1.0607705374156584
2025-08-27 19:20:00,0.0,0.0,0.0,0.0,11.24,26.240000000000002,1.0607705374156584
2025-08-27 19:30:00,0.0,0.0,0.0,0.0,11.24,26.240000000000002,1.0607705374156584
2025-08-27 19:40:00,0.0,0.0,0.0,0.0,11.24,26.240000000000002,1.0607705374156584
2025-08-27 19:50:00,0.0,0.0,0.0,0.0,11.24,26.240000000000002,1.0607705374156584
2025-08-27 20:00:00,0.0,0.0,0.0,0.0,10.01,25.009999999999998,1.5115022573963148
2025-08-27 20:10:00,0.0,0.0,0.0,0.0,10.01,25.009999999999998,1.5115022573963148
2025-08-27 20:20:00,0.0,0.0,0.0,0.0,10.01,25.009999999999998,1.5115022573963148
2025-08-27 20:30:00,0.0,0.0,0.0,0.0,10.01,25.009999999999998,1.5115022573963148
2025-08-27 20:40:00,0.0,0.0,0.0,0.0,10.01,25.009999999999998,1.5115022573963148
2025-08-27 20:50:00,0.0,0.0,0.0,0.0,10.01,25.009999999999998,1.5115022573963148
2025-08-27 21:00:00,0.0,0.0,0.0,0.0,9.17,24.17,2.045086930324107
2025-08-27 21:10:00,0.0,0.0,0.0,0.0,9.17,24.17,2.045086930324107
2025-08-27 21:20:00,0.0,0.0,0.0,0.0,9.17,24.17,2.045086930324107
2025-08-27 21:30:00,0.0,0.0,0.0,0.0,9.17,24.17,2.045086930324107
2025-08-27 21:40:00,0.0,0.0,0.0,0.0,9.17,24.17,2.045086930324107
2025-08-27 21:50:00,0.0,0.0,0.0,0.0,9.17,24.17,2.045086930324107
2025-08-27 22:00:00,0.0,0.0,0.0,0.0,8.61,23.61,2.520925109151879
2025-08-27 22:10:00,0.0,0.0,0.0,0.0,8.61,23.61,2.520925109151879
2025-08-27 22:20:00,0.0,0.0,0.0,0.0,8.61,23.61,2.520925109151879
2025-08-27 22:30:00,0.0,0.0,0.0,0.0,8.61,23.61,2.520925109151879
2025-08-27 22:40:00,0.0,0.0,0.0,0.0,8.61,23.61,0.701839825509343
2025-08-27 22:50:00,0.0,0.0,0.0,0.0,8.61,23.61,1.7153714020448516
2025-08-27 23:00:00,0.0,0.0,0.0,0.0,8.09,23.09,2.9476626766344247
2025-08-27 23:10:00,0.0,0.0,0.0,0.0,8.09,23.09,2.002927720397363
2025-08-27 23:20:00,0.0,0.0,0.0,0.0,8.09,23.09,2.123261486523119
2025-08-27 23:30:00,0.0,0.0,0.0,0.0,8.09,23.09,1.6333989280433465
2025-08-27 23:40:00,0.0,0.0,0.0,0.0,8.09,23.09,2.7429751215134353
2025-08-27 23:50:00,0.0,0.0,0.0,0.0,8.09,23.09,2.3801994707083787
2025-08-28 00:00:00,0.0,0.0,0.0,0.0,7.55,22.55,2.2672847711259156
2025-08-28 00:10:00,0.0,0.0,0.0,0.0,7.55,22.55,3.3017056337853696
2025-08-28 00:20:00,0.0,0.0,0.0,0.0,7.55,22.55,3.5038890770478357
2025-08-28 00:30:00,0.0,0.0,0.0,0.0,7.55,22.55,3.5038890770478357
2025-08-28 00:40:00,0.0,0.0,0.0,0.0,7.55,22.55,3.5038890770478357
2025-08-28 00:50:00,0.0,0.0,0.0,0.0,7.55,22.55,3.5038890770478357
2025-08-28 01:00:00,0.0,0.0,0.0,0.0,7.07,22.07,2.603748179223135
2025-08-28 01:10:00,0.0,0.0,0.0,0.0,7.07,22.07,1.437266177639307
2025-08-28 01:20:00,0.0,0.0,0.0,0.0,7.07,22.07,1.5395064760667496
2025-08-28 01:30:00,0.0,0.0,0.0,0.0,7.07,22.07,0.7619913196029042
2025-08-28 01:40:00,0.0,0.0,0.0,0.0,7.07,22.07,1.9924774113465358
2025-08-28 01:50:00,0.0,0.0,0.0,0.0,7.07,22.07,1.777811151438143
2025-08-28 02:00:00,0.0,0.0,0.0,0.0,6.66,21.66,2.8915480111565497
2025-08-28 02:10:00,0.0,0.0,0.0,0.0,6.66,21.66,0.2534214915332907
2025-08-28 02:20:00,0.0,0.0,0.0,0.0,8.13,23.130000000000003,4.299558042859468
2025-08-28 02:30:00,0.0,0.0,0.0,0.0,8.13,23.130000000000003,2.8244393760219406
2025-08-28 02:40:00,0.0,0.0,0.0,0.0,8.13,23.130000000000003,1.759611076921651
2025-08-28 02:50:00,0.0,0.0,0.0,0.0,8.13,23.130000000000003,0.18296441846453446
2025-08-28 03:00:00,0.0,0.0,0.0,0.0,8.08,23.08,2.443138256402177
2025-08-28 03:10:00,0.0,0.0,0.0,0.0,8.08,23.08,0.8294262664588394
2025-08-28 03:20:00,0.0,0.0,0.0,0.0,8.08,23.08,0.8107543513660158
2025-08-28 03:30:00,0.0,0.0,0.0,0.0,8.08,23.08,4.98375587061493
2025-08-28 03:40:00,0.0,0.0,0.0,0.0,8.08,23.08,4.478115185356522
2025-08-28 03:50:00,0.0,0.0,0.0,0.0,8.08,23.08,4.766252315127149
2025-08-28 04:00:00,0.0,0.0,0.0,0.0,8.15,23.15,5.198521299376008
2025-08-28 04:10:00,0.0,0.0,0.0,0.0,8.15,23.15,4.475709689036766
2025-08-28 04:20:00,0.0,0.0,0.0,0.0,8.15,23.15,3.487539874218734
2025-08-28 04:30:00,0.0,0.0,0.0,0.0,8.15,23.15,2.6501694520846826
2025-08-28 04:40:00,0.0,0.0,0.0,0.0,8.15,23.15,-2.3872730617936715
2025-08-28 04:50:00,0.0,0.0,0.0,0.0,8.15,23.15,-2.3872730617936715
2025-08-28 05:00:00,0.0,0.0,0.0,0.0,8.23,23.23,-2.318135226448376
2025-08-28 05:10:00,0.0,0.0,0.0,0.0,8.23,23.23,-2.318135226448376
2025-08-28 05:20:00,0.0,0.0,0.0,0.0,8.23,23.23,-2.318135226448376
2025-08-28 05:30:00,0.0,0.0,0.0,0.0,8.23,23.23,-2.318135226448376
2025-08-28 05:40:00,0.0,0.0,0.0,0.0,8.23,23.23,-2.318135226448376
2025-08-28 05:50:00,0.0,0.0,0.0,0.0,8.23,23.23,-2.318135226448376
2025-08-28 06:00:00,22.92,0.0,0.0,0.0,8.47,23.47,-2.578674330596723
2025-08-28 06:10:00,22.92,0.0,0.0,0.0,8.47,23.47,-2.578674330596723
2025-08-28 06:20:00,22.92,0.0,0.0,0.0,8.47,23.47,-2.578674330596723
2025-08-28 06:30:00,22.92,0.0,0.0,0.0,8.47,23.47,-2.578674330596723
2025-08-28 06:40:00,22.92,0.0,0.0,0.0,8.47,23.47,-2.578674330596723
2025-08-28 06:50:00,22.92,0.0,0.0,0.0,8.47,23.47,-2.578674330596723
2025-08-28 07:00:00,134.88,0.0,0.0,0.0,9.29,24.29,-2.808557367212888
2025-08-28 07:10:00,134.88,0.0,0.0,0.0,9.29,24.29,-2.808557367212888
2025-08-28 07:20:00,134.88,0.0,0.0,0.0,9.29,24.29,-2.808557367212888
2025-08-28 07:30:00,134.88,0.0,0.0,0.0,9.29,24.29,-2.808557367212888
2025-08-28 07:40:00,134.88,0.0,0.0,0.0,9.29,24.29,-2.808557367212888
2025-08-28 07:50:00,134.88,0.0,0.0,0.0,9.29,24.29,-2.808557367212888
2025-08-28 08:00:00,270.12,0.0,0.0,0.0,10.34,25.34,-2.5256162625808294
2025-08-28 08:10:00,270.12,0.0,0.0,0.0,10.34,25.34,-2.5256162625808294
2025-08-28 08:20:00,270.12,0.0,0.0,0.0,10.34,25.34,-2.5256162625808294
2025-08-28 08:30:00,270.12,0.0,0.0,0.0,10.34,25.34,-2.5256162625808294
2025-08-28 08:40:00,270.12,0.0,0.0,0.0,10.34,25.34,-2.5256162625808294
2025-08-28 08:50:00,270.12,0.0,0.0,0.0,10.34,25.34,-2.5256162625808294
2025-08-28 09:00:00,395.5,0.0,0.0,0.0,11.42,26.42,-1.5875308415328528
2025-08-28 09:10:00,395.5,0.0,0.0,0.0,11.42,26.42,-1.5875308415328528
2025-08-28 09:20:00,395.5,0.0,0.0,0.0,11.42,26.42,-1.5875308415328528
2025-08-28 09:30:00,395.5,0.0,0.0,0.0,11.42,26.42,-1.5875308415328528
2025-08-28 09:40:00,395.5,0.0,0.0,0.0,11.42,26.42,-1.5875308415328528
2025-08-28 09:50:00,395.5,0.0,0.0,0.0,11.42,26.42,-1.5875308415328528
2025-08-28 10:00:00,496.4,0.0,0.0,0.0,12.51,27.509999999999998,-0.6751274475160006
2025-08-28 10:10:00,496.4,0.0,0.0,0.0,12.51,27.509999999999998,-0.6751274475160006
2025-08-28 10:20:00,496.4,0.0,0.0,0.0,12.51,27.509999999999998,-0.6751274475160006
2025-08-28 10:30:00,496.4,0.0,0.0,0.0,12.51,27.509999999999998,-0.6751274475160006
2025-08-28 10:40:00,496.4,0.0,0.0,0.0,12.51,27.509999999999998,-0.6751274475160006
2025-08-28 10:50:00,496.4,0.0,0.0,0.0,12.51,27.509999999999998,-0.6751274475160006
2025-08-28 11:00:00,594.58,0.0,0.0,0.0,12.99,27.990000000000002,-0.21646909843250273
2025-08-28 11:10:00,594.58,0.0,0.0,0.0,12.99,27.990000000000002,-0.21646909843250273
2025-08-28 11:20:00,594.58,0.0,0.0,0.0,12.99,27.990000000000002,-0.21646909843250273
2025-08-28 11:30:00,594.58,0.0,0.0,0.0,12.99,27.990000000000002,-0.21646909843250273
2025-08-28 11:40:00,594.58,0.0,0.0,0.0,12.99,27.990000000000002,-0.21646909843250273
2025-08-28 11:50:00,594.58,0.0,0.0,0.0,12.99,27.990000000000002,-0.21646909843250273
2025-08-28 12:00:00,524.72,0.0,0.0,0.0,13.11,28.11,-0.06108602760715924
2025-08-28 12:10:00,524.72,0.0,0.0,0.0,13.11,28.11,-0.06108602760715924
2025-08-28 12:20:00,524.72,0.0,0.0,0.0,13.11,28.11,-0.06108602760715924
2025-08-28 12:30:00,524.72,0.0,0.0,0.0,13.11,28.11,-0.06108602760715924
2025-08-28 12:40:00,524.72,0.0,0.0,0.0,13.11,28.11,-0.06108602760715924
2025-08-28 12:50:00,524.72,0.0,0.0,0.0,13.11,28.11,-0.06108602760715924
2025-08-28 13:00:00,435.27,0.0,0.0,0.0,13.18,28.18,-0.04513400822682961
2025-08-28 13:10:00,435.27,0.0,0.0,0.0,13.18,28.18,-0.04513400822682961
2025-08-28 13:20:00,435.27,0.0,0.0,0.0,13.18,28.18,-0.04513400822682961
2025-08-28 13:30:00,435.27,0.0,0.0,0.0,13.18,28.18,-0.04513400822682961
2025-08-28 13:40:00,435.27,0.0,0.0,0.0,13.18,28.18,-0.04513400822682961
2025-08-28 13:50:00,435.27,0.0,0.0,0.0,13.18,28.18,-0.04513400822682961
2025-08-28 14:00:00,432.27,0.0,0.0,0.0,13.15,28.15,-0.043510859439089805
2025-08-28 14:10:00,432.27,0.0,0.0,0.0,13.15,28.15,-0.043510859439089805
2025-08-28 14:20:00,432.27,0.0,0.0,0.0,13.15,28.15,-0.043510859439089805
2025-08-28 14:30:00,432.27,0.0,0.0,0.0,13.15,28.15,-0.043510859439089805
2025-08-28 14:40:00,432.27,0.0,0.0,0.0,13.15,28.15,-0.043510859439089805
2025-08-28 14:50:00,432.27,0.0,0.0,0.0,13.15,28.15,-0.043510859439089805
2025-08-28 15:00:00,281.6,0.0,0.0,0.0,12.9,27.9,-0.15874354271585223
2025-08-28 15:10:00,281.6,0.0,0.0,0.0,12.9,27.9,-0.15874354271585223
2025-08-28 15:20:00,281.6,0.0,0.0,0.0,12.9,27.9,-0.15874354271585223
2025-08-28 15:30:00,281.6,0.0,0.0,0.0,12.9,27.9,-0.15874354271585223
2025-08-28 15:40:00,281.6,0.0,0.0,0.0,12.9,27.9,-0.15874354271585223
2025-08-28 15:50:00,281.6,0.0,0.0,0.0,12.9,27.9,-0.15874354271585223
2025-08-28 16:00:00,114.5,0.0,0.0,0.0,12.22,27.22,-0.3872706194510267
2025-08-28 16:10:00,114.5,0.0,0.0,0.0,12.22,27.22,-0.3872706194510267
2025-08-28 16:20:00,114.5,0.0,0.0,0.0,12.22,27.22,-0.3872706194510267
2025-08-28 16:30:00,114.5,0.0,0.0,0.0,12.22,27.22,-0.3872706194510267
2025-08-28 16:40:00,114.5,0.0,0.0,0.0,12.22,27.22,-0.3872706194510267
2025-08-28 16:50:00,114.5,0.0,0.0,0.0,12.22,27.22,-0.3872706194510267
2025-08-28 17:00:00,5.07,0.0,0.0,0.0,11.15,26.15,-0.5937216713602722
2025-08-28 17:10:00,5.07,0.0,0.0,0.0,11.15,26.15,-0.5937216713602722
2025-08-28 17:20:00,5.07,0.0,0.0,0.0,11.15,26.15,-0.5937216713602722
2025-08-28 17:30:00,5.07,0.0,0.0,0.0,11.15,26.15,-0.5937216713602722
2025-08-28 17:40:00,5.07,0.0,0.0,0.0,11.15,26.15,-0.5937216713602722
2025-08-28 17:50:00,5.07,0.0,0.0,0.0,11.15,26.15,-0.5937216713602722
2025-08-28 18:00:00,0.0,0.0,0.0,0.0,10.55,25.55,-0.9220718234113998
2025-08-28 18:10:00,0.0,0.0,0.0,0.0,10.55,25.55,-0.9220718234113998
2025-08-28 18:20:00,0.0,0.0,0.0,0.0,10.55,25.55,-0.9220718234113998
2025-08-28 18:30:00,0.0,0.0,0.0,0.0,10.55,25.55,-0.9220718234113998
2025-08-28 18:40:00,0.0,0.0,0.0,0.0,10.55,25.55,-0.9220718234113998
2025-08-28 18:50:00,0.0,0.0,0.0,0.0,10.55,25.55,-0.9220718234113998
2025-08-28 19:00:00,0.0,0.0,0.0,0.0,10.13,25.130000000000003,-1.3931311157705875
2025-08-28 19:10:00,0.0,0.0,0.0,0.0,10.13,25.130000000000003,-1.3931311157705875
2025-08-28 19:20:00,0.0,0.0,0.0,0.0,10.13,25.130000000000003,-1.3931311157705875
2025-08-28 19:30:00,0.0,0.0,0.0,0.0,10.13,25.130000000000003,-1.3931311157705875
2025-08-28 19:40:00,0.0,0.0,0.0,0.0,10.13,25.130000000000003,-1.3931311157705875
2025-08-28 19:50:00,0.0,0.0,0.0,0.0,10.13,25.130000000000003,-1.3931311157705875
2025-08-28 20:00:00,0.0,0.0,0.0,0.0,10.0,25.0,-1.9896432127684336
2025-08-28 20:10:00,0.0,0.0,0.0,0.0,10.0,25.0,-1.9896432127684336
2025-08-28 20:20:00,0.0,0.0,0.0,0.0,10.0,25.0,-1.9896432127684336
2025-08-28 20:30:00,0.0,0.0,0.0,0.0,10.0,25.0,-1.9896432127684336
2025-08-28 20:40:00,0.0,0.0,0.0,0.0,10.0,25.0,-1.9896432127684336
2025-08-28 20:50:00,0.0,0.0,0.0,0.0,10.0,25.0,-1.9896432127684336
2025-08-28 21:00:00,0.0,0.0,0.0,0.0,10.03,25.03,-2.5537277147193533
2025-08-28 21:10:00,0.0,0.0,0.0,0.0,10.03,25.03,-2.5537277147193533
2025-08-28 21:20:00,0.0,0.0,0.0,0.0,10.03,25.03,-2.5537277147193533
2025-08-28 21:30:00,0.0,0.0,0.0,0.0,10.03,25.03,-2.5537277147193533
2025-08-28 21:40:00,0.0,0.0,0.0,0.0,10.03,25.03,-2.5537277147193533
2025-08-28 21:50:00,0.0,0.0,0.0,0.0,10.03,25.03,-2.5537277147193533
2025-08-28 22:00:00,0.0,0.0,0.0,0.0,10.05,25.05,-3.0368607444942692
2025-08-28 22:10:00,0.0,0.0,0.0,0.0,10.05,25.05,-3.0368607444942692
2025-08-28 22:20:00,0.0,0.0,0.0,0.0,10.05,25.05,-3.0368607444942692
2025-08-28 22:30:00,0.0,0.0,0.0,0.0,10.05,25.05,-3.0368607444942692
2025-08-28 22:40:00,0.0,0.0,0.0,0.0,10.05,25.05,-3.0368607444942692
2025-08-28 22:50:00,0.0,0.0,0.0,0.0,10.05,25.05,-3.0368607444942692
2025-08-28 23:00:00,0.0,0.0,0.0,0.0,9.95,24.95,-3.373149413064832
2025-08-28 23:10:00,0.0,0.0,0.0,0.0,9.95,24.95,-3.373149413064832
2025-08-28 23:20:00,0.0,0.0,0.0,0.0,9.95,24.95,-3.373149413064832
2025-08-28 23:30:00,0.0,0.0,0.0,0.0,9.95,24.95,-3.373149413064832
2025-08-28 23:40:00,0.0,0.0,0.0,0.0,9.95,24.95,-3.373149413064832
2025-08-28 23:50:00,0.0,0.0,0.0,0.0,9.95,24.95,-3.373149413064832
2025-08-29 00:00:00,0.0,0.0,0.0,0.0,9.81,24.810000000000002,-3.7554137151558247
2025-08-29 00:10:00,0.0,0.0,0.0,0.0,9.81,24.810000000000002,-3.7554137151558247
2025-08-29 00:20:00,0.0,0.0,0.0,0.0,9.81,24.810000000000002,-3.7554137151558247
2025-08-29 00:30:00,0.0,0.0,0.0,0.0,9.81,24.810000000000002,-3.7554137151558247
2025-08-29 00:40:00,0.0,0.0,0.0,0.0,9.81,24.810000000000002,-3.7554137151558247
2025-08-29 00:50:00,0.0,0.0,0.0,0.0,9.81,24.810000000000002,-3.7554137151558247
2025-08-29 01:00:00,0.0,0.0,0.0,0.0,9.82,24.82,-4.434837851253314
2025-08-29 01:10:00,0.0,0.0,0.0,0.0,9.82,24.82,-4.434837851253314
2025-08-29 01:20:00,0.0,0.0,0.0,0.0,9.82,24.82,-4.434837851253314
2025-08-29 01:30:00,0.0,0.0,0.0,0.0,9.82,24.82,-4.434837851253314
2025-08-29 01:40:00,0.0,0.0,0.0,0.0,9.82,24.82,-4.434837851253314
2025-08-29 01:50:00,0.0,0.0,0.0,0.0,9.82,24.82,-4.434837851253314
2025-08-29 02:00:00,0.0,0.0,0.0,0.0,9.81,24.810000000000002,-4.9234458476722445
2025-08-29 02:10:00,0.0,0.0,0.0,0.0,9.81,24.810000000000002,-4.9234458476722445
2025-08-29 02:20:00,0.0,0.0,0.0,0.0,9.81,24.810000000000002,-4.9234458476722445
2025-08-29 02:30:00,0.0,0.0,0.0,0.0,9.81,24.810000000000002,-4.9234458476722445
2025-08-29 02:40:00,0.0,0.0,0.0,0.0,9.81,24.810000000000002,-4.9234458476722445
2025-08-29 02:50:00,0.0,0.0,0.0,0.0,9.81,24.810000000000002,-4.9234458476722445
2025-08-29 03:00:00,0.0,0.0,0.0,0.0,9.76,24.759999999999998,-5.258742520342533
2025-08-29 03:10:00,0.0,0.0,0.0,0.0,9.76,24.759999999999998,-5.258742520342533
2025-08-29 03:20:00,0.0,0.0,0.0,0.0,9.76,24.759999999999998,-5.258742520342533
2025-08-29 03:30:00,0.0,0.0,0.0,0.0,9.76,24.759999999999998,-5.258742520342533
2025-08-29 03:40:00,0.0,0.0,0.0,0.0,9.76,24.759999999999998,-5.258742520342533
2025-08-29 03:50:00,0.0,0.0,0.0,0.0,9.76,24.759999999999998,-5.258742520342533
2025-08-29 04:00:00,0.0,0.0,0.0,0.0,9.77,24.77,-5.473167009663193
2025-08-29 04:10:00,0.0,0.0,0.0,0.0,9.77,24.77,-5.473167009663193
2025-08-29 04:20:00,0.0,0.0,0.0,0.0,9.77,24.77,-5.473167009663193
2025-08-29 04:30:00,0.0,0.0,0.0,0.0,9.77,24.77,-5.473167009663193
2025-08-29 04:40:00,0.0,0.0,0.0,0.0,9.77,24.77,-5.473167009663193
2025-08-29 04:50:00,0.0,0.0,0.0,0.0,9.77,24.77,-5.473167009663193
2025-08-29 05:00:00,0.0,0.0,0.0,0.0,9.84,24.84,-6.084738931435708
2025-08-29 05:10:00,0.0,0.0,0.0,0.0,9.84,24.84,-6.084738931435708
2025-08-29 05:20:00,0.0,0.0,0.0,0.0,9.84,24.84,-6.084738931435708
2025-08-29 05:30:00,0.0,0.0,0.0,0.0,9.84,24.84,-6.084738931435708
2025-08-29 05:40:00,0.0,0.0,0.0,0.0,9.84,24.84,-6.084738931435708
2025-08-29 05:50:00,0.0,0.0,0.0,0.0,9.84,24.84,-6.084738931435708
2025-08-29 06:00:00,24.02,0.0,0.0,0.0,9.93,24.93,-6.313661518698989
2025-08-29 06:10:00,24.02,0.0,0.0,0.0,9.93,24.93,-6.313661518698989
2025-08-29 06:20:00,24.02,0.0,0.0,0.0,9.93,24.93,-6.313661518698989
2025-08-29 06:30:00,24.02,0.0,0.0,0.0,9.93,24.93,-6.313661518698989
2025-08-29 06:40:00,24.02,0.0,0.0,0.0,9.93,24.93,-6.313661518698989
2025-08-29 06:50:00,24.02,0.0,0.0,0.0,9.93,24.93,-6.313661518698989
2025-08-29 07:00:00,163.52,0.0,0.0,0.0,10.03,25.03,-1.9863216418698315
2025-08-29 07:10:00,163.52,0.0,0.0,0.0,10.03,25.03,-1.9863216418698315
2025-08-29 07:20:00,163.52,0.0,0.0,0.0,10.03,25.03,-1.9863216418698315
2025-08-29 07:30:00,163.52,0.0,0.0,0.0,10.03,25.03,-1.9863216418698315
2025-08-29 07:40:00,163.52,0.0,0.0,0.0,10.03,25.03,-1.9863216418698315
2025-08-29 07:50:00,163.52,0.0,0.0,0.0,10.03,25.03,-1.9863216418698315
2025-08-29 08:00:00,325.23,0.0,0.0,0.0,9.72,24.72,1.132043257188687
2025-08-29 08:10:00,325.23,0.0,0.0,0.0,9.72,24.72,1.132043257188687
2025-08-29 08:20:00,325.23,0.0,0.0,0.0,9.72,24.72,1.132043257188687
2025-08-29 08:30:00,325.23,0.0,0.0,0.0,9.72,24.72,1.132043257188687
2025-08-29 08:40:00,325.23,0.0,0.0,0.0,9.72,24.72,1.132043257188687
2025-08-29 08:50:00,325.23,0.0,0.0,0.0,9.72,24.72,1.132043257188687
2025-08-29 09:00:00,487.55,0.0,0.0,0.0,10.61,25.61,1.272918008656116
2025-08-29 09:10:00,487.55,0.0,0.0,0.0,10.61,25.61,1.272918008656116
2025-08-29 09:20:00,487.55,0.0,0.0,0.0,10.61,25.61,1.272918008656116
2025-08-29 09:30:00,487.55,0.0,0.0,0.0,10.61,25.61,1.272918008656116
2025-08-29 09:40:00,487.55,0.0,0.0,0.0,10.61,25.61,1.272918008656116
2025-08-29 09:50:00,487.55,0.0,0.0,0.0,10.61,25.61,1.272918008656116
2025-08-29 10:00:00,581.88,0.0,0.0,0.0,10.99,25.990000000000002,1.631951738394807
2025-08-29 10:10:00,581.88,0.0,0.0,0.0,10.99,25.990000000000002,1.631951738394807
2025-08-29 10:20:00,581.88,0.0,0.0,0.0,10.99,25.990000000000002,1.631951738394807
2025-08-29 10:30:00,581.88,0.0,0.0,0.0,10.99,25.990000000000002,1.631951738394807
2025-08-29 10:40:00,581.88,0.0,0.0,0.0,10.99,25.990000000000002,1.631951738394807
2025-08-29 10:50:00,581.88,0.0,0.0,0.0,10.99,25.990000000000002,1.631951738394807
2025-08-29 11:00:00,563.17,0.0,0.0,0.0,10.94,25.939999999999998,2.5664254506144597
2025-08-29 11:10:00,563.17,0.0,0.0,0.0,10.94,25.939999999999998,2.5664254506144597
2025-08-29 11:20:00,563.17,0.0,0.0,0.0,10.94,25.939999999999998,2.5664254506144597
2025-08-29 11:30:00,563.17,0.0,0.0,0.0,10.94,25.939999999999998,2.5664254506144597
2025-08-29 11:40:00,563.17,0.0,0.0,0.0,10.94,25.939999999999998,2.5664254506144597
2025-08-29 11:50:00,563.17,0.0,0.0,0.0,10.94,25.939999999999998,2.5664254506144597
2025-08-29 12:00:00,476.42,0.0,0.0,0.0,10.72,25.72,3.4096340914562795
2025-08-29 12:10:00,476.42,0.0,0.0,0.0,10.72,25.72,3.4096340914562795
2025-08-29 12:20:00,476.42,0.0,0.0,0.0,10.72,25.72,3.4096340914562795
2025-08-29 12:30:00,476.42,0.0,0.0,0.0,10.72,25.72,3.4096340914562795
2025-08-29 12:40:00,476.42,0.0,0.0,0.0,10.72,25.72,3.4096340914562795
2025-08-29 12:50:00,476.42,0.0,0.0,0.0,10.72,25.72,3.4096340914562795
2025-08-29 13:00:00,413.98,0.0,0.0,0.0,10.75,25.75,4.2541814096494734
2025-08-29 13:10:00,413.98,0.0,0.0,0.0,10.75,25.75,4.2541814096494734
2025-08-29 13:20:00,413.98,0.0,0.0,0.0,10.75,25.75,4.2541814096494734
2025-08-29 13:30:00,413.98,0.0,0.0,0.0,10.75,25.75,4.2541814096494734
2025-08-29 13:40:00,413.98,0.0,0.0,0.0,10.75,25.75,4.2541814096494734
2025-08-29 13:50:00,413.98,0.0,0.0,0.0,10.75,25.75,4.2541814096494734
2025-08-29 14:00:00,422.23,0.0,0.0,0.0,10.18,25.18,4.435367226165826
2025-08-29 14:10:00,422.23,0.0,0.0,0.0,10.18,25.18,4.435367226165826
2025-08-29 14:20:00,422.23,0.0,0.0,0.0,10.18,25.18,4.435367226165826
2025-08-29 14:30:00,422.23,0.0,0.0,0.0,10.18,25.18,4.435367226165826
2025-08-29 14:40:00,422.23,0.0,0.0,0.0,10.18,25.18,4.435367226165826
2025-08-29 14:50:00,422.23,0.0,0.0,0.0,10.18,25.18,4.435367226165826
2025-08-29 15:00:00,260.3,0.0,0.0,0.0,9.49,24.490000000000002,4.378812070725924
2025-08-29 15:10:00,260.3,0.0,0.0,0.0,9.49,24.490000000000002,4.378812070725924
2025-08-29 15:20:00,260.3,0.0,0.0,0.0,9.49,24.490000000000002,4.378812070725924
2025-08-29 15:30:00,260.3,0.0,0.0,0.0,9.49,24.490000000000002,4.378812070725924
2025-08-29 15:40:00,260.3,0.0,0.0,0.0,9.49,24.490000000000002,4.378812070725924
2025-08-29 15:50:00,260.3,0.0,0.0,0.0,9.49,24.490000000000002,4.378812070725924
2025-08-29 16:00:00,96.32,0.0,0.0,0.0,8.8,23.8,4.465392820796389
2025-08-29 16:10:00,96.32,0.0,0.0,0.0,8.8,23.8,4.465392820796389
2025-08-29 16:20:00,96.32,0.0,0.0,0.0,8.8,23.8,4.465392820796389
2025-08-29 16:30:00,96.32,0.0,0.0,0.0,8.8,23.8,4.465392820796389
2025-08-29 16:40:00,96.32,0.0,0.0,0.0,8.8,23.8,4.465392820796389
2025-08-29 16:50:00,96.32,0.0,0.0,0.0,8.8,23.8,4.465392820796389
2025-08-29 17:00:00,4.22,0.0,0.0,0.0,7.83,22.83,4.761890468682604
2025-08-29 17:10:00,4.22,0.0,0.0,0.0,7.83,22.83,4.761890468682604
2025-08-29 17:20:00,4.22,0.0,0.0,0.0,7.83,22.83,4.761890468682604
2025-08-29 17:30:00,4.22,0.0,0.0,0.0,7.83,22.83,4.761890468682604
2025-08-29 17:40:00,4.22,0.0,0.0,0.0,7.83,22.83,4.761890468682604
2025-08-29 17:50:00,4.22,0.0,0.0,0.0,7.83,22.83,4.761890468682604
2025-08-29 18:00:00,0.0,0.0,0.0,0.0,7.32,22.32,4.872569114823587
2025-08-29 18:10:00,0.0,0.0,0.0,0.0,7.32,22.32,4.872569114823587
2025-08-29 18:20:00,0.0,0.0,0.0,0.0,7.32,22.32,4.872569114823587
2025-08-29 18:30:00,0.0,0.0,0.0,0.0,7.32,22.32,4.872569114823587
2025-08-29 18:40:00,0.0,0.0,0.0,0.0,7.32,22.32,4.872569114823587
2025-08-29 18:50:00,0.0,0.0,0.0,0.0,7.32,22.32,4.872569114823587
2025-08-29 19:00:00,0.0,0.0,0.0,0.0,6.96,21.96,4.9142816007915435
2025-08-29 19:10:00,0.0,0.0,0.0,0.0,6.96,21.96,4.9142816007915435
2025-08-29 19:20:00,0.0,0.0,0.0,0.0,6.96,21.96,4.9142816007915435
2025-08-29 19:30:00,0.0,0.0,0.0,0.0,6.96,21.96,4.9142816007915435
2025-08-29 19:40:00,0.0,0.0,0.0,0.0,6.96,21.96,4.9142816007915435
2025-08-29 19:50:00,0.0,0.0,0.0,0.0,6.96,21.96,4.9142816007915435
2025-08-29 20:00:00,0.0,0.0,0.0,0.0,6.81,21.81,4.823701229400065
2025-08-29 20:10:00,0.0,0.0,0.0,0.0,6.81,21.81,4.823701229400065
2025-08-29 20:20:00,0.0,0.0,0.0,0.0,6.81,21.81,4.823701229400065
2025-08-29 20:30:00,0.0,0.0,0.0,0.0,6.81,21.81,4.823701229400065
2025-08-29 20:40:00,0.0,0.0,0.0,0.0,6.81,21.81,4.823701229400065
2025-08-29 20:50:00,0.0,0.0,0.0,0.0,6.81,21.81,4.823701229400065
2025-08-29 21:00:00,0.0,0.0,0.0,0.0,6.64,21.64,4.871594151555069
2025-08-29 21:10:00,0.0,0.0,0.0,0.0,6.64,21.64,4.871594151555069
2025-08-29 21:20:00,0.0,0.0,0.0,0.0,6.64,21.64,4.871594151555069
2025-08-29 21:30:00,0.0,0.0,0.0,0.0,6.64,21.64,4.871594151555069
2025-08-29 21:40:00,0.0,0.0,0.0,0.0,6.64,21.64,4.871594151555069
2025-08-29 21:50:00,0.0,0.0,0.0,0.0,6.64,21.64,4.871594151555069
2025-08-29 22:00:00,0.0,0.0,0.0,0.0,6.51,21.509999999999998,4.961560697724047
2025-08-29 22:10:00,0.0,0.0,0.0,0.0,6.51,21.509999999999998,4.961560697724047
2025-08-29 22:20:00,0.0,0.0,0.0,0.0,6.51,21.509999999999998,4.961560697724047
2025-08-29 22:30:00,0.0,0.0,0.0,0.0,6.51,21.509999999999998,4.961560697724047
2025-08-29 22:40:00,0.0,0.0,0.0,0.0,6.51,21.509999999999998,4.961560697724047
2025-08-29 22:50:00,0.0,0.0,0.0,0.0,6.51,21.509999999999998,4.961560697724047
2025-08-29 23:00:00,0.0,0.0,0.0,0.0,6.55,21.55,5.183563562917996
2025-08-29 23:10:00,0.0,0.0,0.0,0.0,6.55,21.55,5.183563562917996
2025-08-29 23:20:00,0.0,0.0,0.0,0.0,6.55,21.55,5.183563562917996
2025-08-29 23:30:00,0.0,0.0,0.0,0.0,6.55,21.55,5.183563562917996
2025-08-29 23:40:00,0.0,0.0,0.0,0.0,6.55,21.55,5.183563562917996
2025-08-29 23:50:00,0.0,0.0,0.0,0.0,6.55,21.55,5.183563562917996
2025-08-30 00:00:00,0.0,0.0,0.0,0.0,6.49,21.490000000000002,5.138796809817213
2025-08-30 00:10:00,0.0,0.0,0.0,0.0,6.49,21.490000000000002,5.138796809817213
2025-08-30 00:20:00,0.0,0.0,0.0,0.0,6.49,21.490000000000002,5.138796809817213
2025-08-30 00:30:00,0.0,0.0,0.0,0.0,6.49,21.490000000000002,5.138796809817213
2025-08-30 00:40:00,0.0,0.0,0.0,0.0,6.49,21.490000000000002,5.138796809817213
2025-08-30 00:50:00,0.0,0.0,0.0,0.0,6.49,21.490000000000002,5.138796809817213
2025-08-30 01:00:00,0.0,0.0,0.0,0.0,6.2,21.2,4.772460033412826
2025-08-30 01:10:00,0.0,0.0,0.0,0.0,6.2,21.2,4.772460033412826
2025-08-30 01:20:00,0.0,0.0,0.0,0.0,6.2,21.2,4.772460033412826
2025-08-30 01:30:00,0.0,0.0,0.0,0.0,6.2,21.2,4.772460033412826
2025-08-30 01:40:00,0.0,0.0,0.0,0.0,6.2,21.2,4.772460033412826
2025-08-30 01:50:00,0.0,0.0,0.0,0.0,6.2,21.2,4.772460033412826
2025-08-30 02:00:00,0.0,0.0,0.0,0.0,5.86,20.86,4.410943076601826
2025-08-30 02:10:00,0.0,0.0,0.0,0.0,5.86,20.86,4.410943076601826
2025-08-30 02:20:00,0.0,0.0,0.0,0.0,5.86,20.86,4.410943076601826
2025-08-30 02:30:00,0.0,0.0,0.0,0.0,5.86,20.86,4.410943076601826
2025-08-30 02:40:00,0.0,0.0,0.0,0.0,5.86,20.86,4.410943076601826
2025-08-30 02:50:00,0.0,0.0,0.0,0.0,5.86,20.86,4.410943076601826
2025-08-30 03:00:00,0.0,0.0,0.0,0.0,5.44,20.44,3.9007271435482473
2025-08-30 03:10:00,0.0,0.0,0.0,0.0,5.44,20.44,3.9007271435482473
2025-08-30 03:20:00,0.0,0.0,0.0,0.0,5.44,20.44,3.9007271435482473
2025-08-30 03:30:00,0.0,0.0,0.0,0.0,5.44,20.44,3.9007271435482473
2025-08-30 03:40:00,0.0,0.0,0.0,0.0,5.44,20.44,3.9007271435482473
2025-08-30 03:50:00,0.0,0.0,0.0,0.0,5.44,20.44,3.9007271435482473
2025-08-30 04:00:00,0.0,0.0,0.0,0.0,5.23,20.23,3.6416737304823923
2025-08-30 04:10:00,0.0,0.0,0.0,0.0,5.23,20.23,3.6416737304823923
2025-08-30 04:20:00,0.0,0.0,0.0,0.0,5.23,20.23,3.6416737304823923
2025-08-30 04:30:00,0.0,0.0,0.0,0.0,5.23,20.23,3.6416737304823923
2025-08-30 04:40:00,0.0,0.0,0.0,0.0,5.23,20.23,3.6416737304823923
2025-08-30 04:50:00,0.0,0.0,0.0,0.0,5.23,20.23,3.6416737304823923
2025-08-30 05:00:00,0.0,0.0,0.0,0.0,5.16,20.16,3.715550008789068
2025-08-30 05:10:00,0.0,0.0,0.0,0.0,5.16,20.16,3.715550008789068
2025-08-30 05:20:00,0.0,0.0,0.0,0.0,5.16,20.16,3.715550008789068
2025-08-30 05:30:00,0.0,0.0,0.0,0.0,5.16,20.16,3.715550008789068
2025-08-30 05:40:00,0.0,0.0,0.0,0.0,5.16,20.16,3.715550008789068
2025-08-30 05:50:00,0.0,0.0,0.0,0.0,5.16,20.16,3.715550008789068
2025-08-30 06:00:00,32.72,0.0,0.0,0.0,5.45,20.45,3.618984051082885
2025-08-30 06:10:00,32.72,0.0,0.0,0.0,5.45,20.45,3.618984051082885
2025-08-30 06:20:00,32.72,0.0,0.0,0.0,5.45,20.45,3.618984051082885
2025-08-30 06:30:00,32.72,0.0,0.0,0.0,5.45,20.45,3.618984051082885
2025-08-30 06:40:00,32.72,0.0,0.0,0.0,5.45,20.45,3.618984051082885
2025-08-30 06:50:00,32.72,0.0,0.0,0.0,5.45,20.45,3.618984051082885
2025-08-30 07:00:00,181.2,0.0,0.0,0.0,7.94,22.94,4.381921865712906
2025-08-30 07:10:00,181.2,0.0,0.0,0.0,7.94,22.94,4.381921865712906
2025-08-30 07:20:00,181.2,0.0,0.0,0.0,7.94,22.94,4.381921865712906
2025-08-30 07:30:00,181.2,0.0,0.0,0.0,7.94,22.94,4.381921865712906
2025-08-30 07:40:00,181.2,0.0,0.0,0.0,7.94,22.94,4.381921865712906
2025-08-30 07:50:00,181.2,0.0,0.0,0.0,7.94,22.94,4.381921865712906
2025-08-30 08:00:00,331.2,0.0,0.0,0.0,9.93,24.93,5.545792245154372
2025-08-30 08:10:00,331.2,0.0,0.0,0.0,9.93,24.93,5.545792245154372
2025-08-30 08:20:00,331.2,0.0,0.0,0.0,9.93,24.93,5.545792245154372
2025-08-30 08:30:00,331.2,0.0,0.0,0.0,9.93,24.93,5.545792245154372
2025-08-30 08:40:00,331.2,0.0,0.0,0.0,9.93,24.93,5.545792245154372
2025-08-30 08:50:00,331.2,0.0,0.0,0.0,9.93,24.93,5.545792245154372
2025-08-30 09:00:00,497.17,0.0,0.0,0.0,11.72,26.72,6.2160378617580445
2025-08-30 09:10:00,497.17,0.0,0.0,0.0,11.72,26.72,6.2160378617580445
2025-08-30 09:20:00,497.17,0.0,0.0,0.0,11.72,26.72,6.2160378617580445
2025-08-30 09:30:00,497.17,0.0,0.0,0.0,11.72,26.72,6.2160378617580445
2025-08-30 09:40:00,497.17,0.0,0.0,0.0,11.72,26.72,6.2160378617580445
2025-08-30 09:50:00,497.17,0.0,0.0,0.0,11.72,26.72,6.2160378617580445
2025-08-30 10:00:00,524.25,0.0,0.0,0.0,13.2,28.2,5.8879544366011585
2025-08-30 10:10:00,524.25,0.0,0.0,0.0,13.2,28.2,5.8879544366011585
2025-08-30 10:20:00,524.25,0.0,0.0,0.0,13.2,28.2,5.8879544366011585
2025-08-30 10:30:00,524.25,0.0,0.0,0.0,13.2,28.2,5.8879544366011585
2025-08-30 10:40:00,524.25,0.0,0.0,0.0,13.2,28.2,5.8879544366011585
2025-08-30 10:50:00,524.25,0.0,0.0,0.0,13.2,28.2,5.8879544366011585
2025-08-30 11:00:00,490.85,0.0,0.0,0.0,14.25,29.25,5.4685749686971326
2025-08-30 11:10:00,490.85,0.0,0.0,0.0,14.25,29.25,5.4685749686971326
2025-08-30 11:20:00,490.85,0.0,0.0,0.0,14.25,29.25,5.4685749686971326
2025-08-30 11:30:00,490.85,0.0,0.0,0.0,14.25,29.25,5.4685749686971326
2025-08-30 11:40:00,490.85,0.0,0.0,0.0,14.25,29.25,5.4685749686971326
2025-08-30 11:50:00,490.85,0.0,0.0,0.0,14.25,29.25,5.4685749686971326
2025-08-30 12:00:00,530.25,0.0,0.0,0.0,14.76,29.759999999999998,5.1550509422054045
2025-08-30 12:10:00,530.25,0.0,0.0,0.0,14.76,29.759999999999998,5.1550509422054045
2025-08-30 12:20:00,530.25,0.0,0.0,0.0,14.76,29.759999999999998,5.1550509422054045
2025-08-30 12:30:00,530.25,0.0,0.0,0.0,14.76,29.759999999999998,5.1550509422054045
2025-08-30 12:40:00,530.25,0.0,0.0,0.0,14.76,29.759999999999998,5.1550509422054045
2025-08-30 12:50:00,530.25,0.0,0.0,0.0,14.76,29.759999999999998,5.1550509422054045
2025-08-30 13:00:00,402.83,0.0,0.0,0.0,14.78,29.78,4.841855529159836
2025-08-30 13:10:00,402.83,0.0,0.0,0.0,14.78,29.78,4.841855529159836
2025-08-30 13:20:00,402.83,0.0,0.0,0.0,14.78,29.78,4.841855529159836
2025-08-30 13:30:00,402.83,0.0,0.0,0.0,14.78,29.78,4.841855529159836
2025-08-30 13:40:00,402.83,0.0,0.0,0.0,14.78,29.78,4.841855529159836
2025-08-30 13:50:00,402.83,0.0,0.0,0.0,14.78,29.78,4.841855529159836
2025-08-30 14:00:00,358.25,0.0,0.0,0.0,14.38,29.380000000000003,4.5119461124218185
2025-08-30 14:10:00,358.25,0.0,0.0,0.0,14.38,29.380000000000003,4.5119461124218185
2025-08-30 14:20:00,358.25,0.0,0.0,0.0,14.38,29.380000000000003,4.5119461124218185
2025-08-30 14:30:00,358.25,0.0,0.0,0.0,14.38,29.380000000000003,4.5119461124218185
2025-08-30 14:40:00,358.25,0.0,0.0,0.0,14.38,29.380000000000003,4.5119461124218185
2025-08-30 14:50:00,358.25,0.0,0.0,0.0,14.38,29.380000000000003,4.5119461124218185
2025-08-30 15:00:00,247.98,0.0,0.0,0.0,13.58,28.58,4.122954309348889
2025-08-30 15:10:00,247.98,0.0,0.0,0.0,13.58,28.58,4.122954309348889
2025-08-30 15:20:00,247.98,0.0,0.0,0.0,13.58,28.58,4.122954309348889
2025-08-30 15:30:00,247.98,0.0,0.0,0.0,13.58,28.58,4.122954309348889
2025-08-30 15:40:00,247.98,0.0,0.0,0.0,13.58,28.58,4.122954309348889
2025-08-30 15:50:00,247.98,0.0,0.0,0.0,13.58,28.58,4.122954309348889
2025-08-30 16:00:00,101.32,0.0,0.0,0.0,12.31,27.310000000000002,3.2524030441881098
2025-08-30 16:10:00,101.32,0.0,0.0,0.0,12.31,27.310000000000002,3.2524030441881098
2025-08-30 16:20:00,101.32,0.0,0.0,0.0,12.31,27.310000000000002,3.2524030441881098
2025-08-30 16:30:00,101.32,0.0,0.0,0.0,12.31,27.310000000000002,3.2524030441881098
2025-08-30 16:40:00,101.32,0.0,0.0,0.0,12.31,27.310000000000002,3.2524030441881098
2025-08-30 16:50:00,101.32,0.0,0.0,0.0,12.31,27.310000000000002,3.2524030441881098
2025-08-30 17:00:00,4.93,0.0,0.0,0.0,9.99,24.990000000000002,1.9361418337039453
2025-08-30 17:10:00,4.93,0.0,0.0,0.0,9.99,24.990000000000002,1.9361418337039453
2025-08-30 17:20:00,4.93,0.0,0.0,0.0,9.99,24.990000000000002,1.9361418337039453
2025-08-30 17:30:00,4.93,0.0,0.0,0.0,9.99,24.990000000000002,1.9361418337039453
2025-08-30 17:40:00,4.93,0.0,0.0,0.0,9.99,24.990000000000002,1.9361418337039453
2025-08-30 17:50:00,4.93,0.0,0.0,0.0,9.99,24.990000000000002,1.9361418337039453
2025-08-30 18:00:00,0.0,0.0,0.0,0.0,9.13,24.130000000000003,1.8475198440292846
2025-08-30 18:10:00,0.0,0.0,0.0,0.0,9.13,24.130000000000003,1.8475198440292846
2025-08-30 18:20:00,0.0,0.0,0.0,0.0,9.13,24.130000000000003,1.8475198440292846
2025-08-30 18:30:00,0.0,0.0,0.0,0.0,9.13,24.130000000000003,1.8475198440292846
2025-08-30 18:40:00,0.0,0.0,0.0,0.0,9.13,24.130000000000003,1.8475198440292846
2025-08-30 18:50:00,0.0,0.0,0.0,0.0,9.13,24.130000000000003,1.8475198440292846
2025-08-30 19:00:00,0.0,0.0,0.0,0.0,8.44,23.439999999999998,1.7307707488355468
2025-08-30 19:10:00,0.0,0.0,0.0,0.0,8.44,23.439999999999998,1.7307707488355468
2025-08-30 19:20:00,0.0,0.0,0.0,0.0,8.44,23.439999999999998,1.7307707488355468
2025-08-30 19:30:00,0.0,0.0,0.0,0.0,8.44,23.439999999999998,1.7307707488355468
2025-08-30 19:40:00,0.0,0.0,0.0,0.0,8.44,23.439999999999998,1.7307707488355468
2025-08-30 19:50:00,0.0,0.0,0.0,0.0,8.44,23.439999999999998,1.7307707488355468
2025-08-30 20:00:00,0.0,0.0,0.0,0.0,7.51,22.509999999999998,1.6602335053970034
2025-08-30 20:10:00,0.0,0.0,0.0,0.0,7.51,22.509999999999998,1.6602335053970034
2025-08-30 20:20:00,0.0,0.0,0.0,0.0,7.51,22.509999999999998,1.6602335053970034
2025-08-30 20:30:00,0.0,0.0,0.0,0.0,7.51,22.509999999999998,1.6602335053970034
2025-08-30 20:40:00,0.0,0.0,0.0,0.0,7.51,22.509999999999998,1.6602335053970034
2025-08-30 20:50:00,0.0,0.0,0.0,0.0,7.51,22.509999999999998,1.6602335053970034
2025-08-30 21:00:00,0.0,0.0,0.0,0.0,6.83,21.83,1.5540828835105813
2025-08-30 21:10:00,0.0,0.0,0.0,0.0,6.83,21.83,1.5540828835105813
2025-08-30 21:20:00,0.0,0.0,0.0,0.0,6.83,21.83,1.5540828835105813
2025-08-30 21:30:00,0.0,0.0,0.0,0.0,6.83,21.83,1.5540828835105813
2025-08-30 21:40:00,0.0,0.0,0.0,0.0,6.83,21.83,1.5540828835105813
2025-08-30 21:50:00,0.0,0.0,0.0,0.0,6.83,21.83,1.5540828835105813
2025-08-30 22:00:00,0.0,0.0,0.0,0.0,6.49,21.490000000000002,1.338351270190518
2025-08-30 22:10:00,0.0,0.0,0.0,0.0,6.49,21.490000000000002,1.338351270190518
2025-08-30 22:20:00,0.0,0.0,0.0,0.0,6.49,21.490000000000002,1.338351270190518
2025-08-30 22:30:00,0.0,0.0,0.0,0.0,6.49,21.490000000000002,1.338351270190518
2025-08-30 22:40:00,0.0,0.0,0.0,0.0,6.49,21.490000000000002,1.338351270190518
2025-08-30 22:50:00,0.0,0.0,0.0,0.0,6.49,21.490000000000002,1.338351270190518
2025-08-30 23:00:00,0.0,0.0,0.0,0.0,6.3,21.3,1.0472784467425298
2025-08-30 23:10:00,0.0,0.0,0.0,0.0,6.3,21.3,1.0472784467425298
2025-08-30 23:20:00,0.0,0.0,0.0,0.0,6.3,21.3,1.0472784467425298
2025-08-30 23:30:00,0.0,0.0,0.0,0.0,6.3,21.3,1.0472784467425298
2025-08-30 23:40:00,0.0,0.0,0.0,0.0,6.3,21.3,1.0472784467425298
2025-08-30 23:50:00,0.0,0.0,0.0,0.0,6.3,21.3,1.0472784467425298
2025-08-31 00:00:00,0.0,0.0,0.0,0.0,6.04,21.04,0.8716503469297822
2025-08-31 00:10:00,0.0,0.0,0.0,0.0,6.04,21.04,0.8716503469297822
2025-08-31 00:20:00,0.0,0.0,0.0,0.0,6.04,21.04,0.8716503469297822
2025-08-31 00:30:00,0.0,0.0,0.0,0.0,6.04,21.04,0.8716503469297822
2025-08-31 00:40:00,0.0,0.0,0.0,0.0,6.04,21.04,0.8716503469297822
2025-08-31 00:50:00,0.0,0.0,0.0,0.0,6.04,21.04,0.8716503469297822
2025-08-31 01:00:00,0.0,0.0,0.0,0.0,5.82,20.82,0.8002477903355751
2025-08-31 01:10:00,0.0,0.0,0.0,0.0,5.82,20.82,0.8002477903355751
2025-08-31 01:20:00,0.0,0.0,0.0,0.0,5.82,20.82,0.8002477903355751
2025-08-31 01:30:00,0.0,0.0,0.0,0.0,5.82,20.82,0.8002477903355751
2025-08-31 01:40:00,0.0,0.0,0.0,0.0,5.82,20.82,0.8002477903355751
2025-08-31 01:50:00,0.0,0.0,0.0,0.0,5.82,20.82,0.8002477903355751
2025-08-31 02:00:00,0.0,0.0,0.0,0.0,5.82,20.82,0.6809324220146274
2025-08-31 02:10:00,0.0,0.0,0.0,0.0,5.82,20.82,0.6809324220146274
2025-08-31 02:20:00,0.0,0.0,0.0,0.0,5.82,20.82,0.6809324220146274
2025-08-31 02:30:00,0.0,0.0,0.0,0.0,5.82,20.82,0.6809324220146274
2025-08-31 02:40:00,0.0,0.0,0.0,0.0,5.82,20.82,0.6809324220146274
2025-08-31 02:50:00,0.0,0.0,0.0,0.0,5.82,20.82,0.6809324220146274
2025-08-31 03:00:00,0.0,0.0,0.0,0.0,6.16,21.16,0.5225882342552179
2025-08-31 03:10:00,0.0,0.0,0.0,0.0,6.16,21.16,0.5225882342552179
2025-08-31 03:20:00,0.0,0.0,0.0,0.0,6.16,21.16,0.5225882342552179
2025-08-31 03:30:00,0.0,0.0,0.0,0.0,6.16,21.16,0.5225882342552179
2025-08-31 03:40:00,0.0,0.0,0.0,0.0,6.16,21.16,0.5225882342552179
2025-08-31 03:50:00,0.0,0.0,0.0,0.0,6.16,21.16,0.5225882342552179
2025-08-31 04:00:00,0.0,0.0,0.0,0.0,6.43,21.43,0.3300995620014227
2025-08-31 04:10:00,0.0,0.0,0.0,0.0,6.43,21.43,0.3300995620014227
2025-08-31 04:20:00,0.0,0.0,0.0,0.0,6.43,21.43,0.3300995620014227
2025-08-31 04:30:00,0.0,0.0,0.0,0.0,6.43,21.43,0.3300995620014227
2025-08-31 04:40:00,0.0,0.0,0.0,0.0,6.43,21.43,0.3300995620014227
2025-08-31 04:50:00,0.0,0.0,0.0,0.0,6.43,21.43,0.3300995620014227
2025-08-31 05:00:00,0.0,0.0,0.0,0.0,6.42,21.42,0.048862867766246106
2025-08-31 05:10:00,0.0,0.0,0.0,0.0,6.42,21.42,0.048862867766246106
2025-08-31 05:20:00,0.0,0.0,0.0,0.0,6.42,21.42,0.048862867766246106
2025-08-31 05:30:00,0.0,0.0,0.0,0.0,6.42,21.42,0.048862867766246106
2025-08-31 05:40:00,0.0,0.0,0.0,0.0,6.42,21.42,0.048862867766246106
2025-08-31 05:50:00,0.0,0.0,0.0,0.0,6.42,21.42,0.048862867766246106
2025-08-31 06:00:00,35.53,0.0,0.0,0.0,6.69,21.69,-0.331112431102897
2025-08-31 06:10:00,35.53,0.0,0.0,0.0,6.69,21.69,-0.331112431102897
2025-08-31 06:20:00,35.53,0.0,0.0,0.0,6.69,21.69,-0.331112431102897
2025-08-31 06:30:00,35.53,0.0,0.0,0.0,6.69,21.69,-0.331112431102897
2025-08-31 06:40:00,35.53,0.0,0.0,0.0,6.69,21.69,-0.331112431102897
2025-08-31 06:50:00,35.53,0.0,0.0,0.0,6.69,21.69,-0.331112431102897
2025-08-31 07:00:00,174.1,0.0,0.0,0.0,9.22,24.22,-0.8597925155063534
2025-08-31 07:10:00,174.1,0.0,0.0,0.0,9.22,24.22,-0.8597925155063534
2025-08-31 07:20:00,174.1,0.0,0.0,0.0,9.22,24.22,-0.8597925155063534
2025-08-31 07:30:00,174.1,0.0,0.0,0.0,9.22,24.22,-0.8597925155063534
2025-08-31 07:40:00,174.1,0.0,0.0,0.0,9.22,24.22,-0.8597925155063534
2025-08-31 07:50:00,174.1,0.0,0.0,0.0,9.22,24.22,-0.8597925155063534
2025-08-31 08:00:00,308.27,0.0,0.0,0.0,11.11,26.11,-0.6686213569387235
2025-08-31 08:10:00,308.27,0.0,0.0,0.0,11.11,26.11,-0.6686213569387235
2025-08-31 08:20:00,308.27,0.0,0.0,0.0,11.11,26.11,-0.6686213569387235
2025-08-31 08:30:00,308.27,0.0,0.0,0.0,11.11,26.11,-0.6686213569387235
2025-08-31 08:40:00,308.27,0.0,0.0,0.0,11.11,26.11,-0.6686213569387235
2025-08-31 08:50:00,308.27,0.0,0.0,0.0,11.11,26.11,-0.6686213569387235
2025-08-31 09:00:00,424.88,0.0,0.0,0.0,12.48,27.48,-0.5002636846488021
2025-08-31 09:10:00,424.88,0.0,0.0,0.0,12.48,27.48,-0.5002636846488021
2025-08-31 09:20:00,424.88,0.0,0.0,0.0,12.48,27.48,-0.5002636846488021
2025-08-31 09:30:00,424.88,0.0,0.0,0.0,12.48,27.48,-0.5002636846488021
2025-08-31 09:40:00,424.88,0.0,0.0,0.0,12.48,27.48,-0.5002636846488021
2025-08-31 09:50:00,424.88,0.0,0.0,0.0,12.48,27.48,-0.5002636846488021
2025-08-31 10:00:00,498.15,0.0,0.0,0.0,12.99,27.990000000000002,-0.45870323705087207
2025-08-31 10:10:00,498.15,0.0,0.0,0.0,12.99,27.990000000000002,-0.45870323705087207
2025-08-31 10:20:00,498.15,0.0,0.0,0.0,12.99,27.990000000000002,-0.45870323705087207
2025-08-31 10:30:00,498.15,0.0,0.0,0.0,12.99,27.990000000000002,-0.45870323705087207
2025-08-31 10:40:00,498.15,0.0,0.0,0.0,12.99,27.990000000000002,-0.45870323705087207
2025-08-31 10:50:00,498.15,0.0,0.0,0.0,12.99,27.990000000000002,-0.45870323705087207
2025-08-31 11:00:00,505.8,0.0,0.0,0.0,13.31,28.310000000000002,-0.2907556425967006
2025-08-31 11:10:00,505.8,0.0,0.0,0.0,13.31,28.310000000000002,-0.2907556425967006
2025-08-31 11:20:00,505.8,0.0,0.0,0.0,13.31,28.310000000000002,-0.2907556425967006
2025-08-31 11:30:00,505.8,0.0,0.0,0.0,13.31,28.310000000000002,-0.2907556425967006
2025-08-31 11:40:00,505.8,0.0,0.0,0.0,13.31,28.310000000000002,-0.2907556425967006
2025-08-31 11:50:00,505.8,0.0,0.0,0.0,13.31,28.310000000000002,-0.2907556425967006
2025-08-31 12:00:00,405.42,0.0,0.0,0.0,13.35,28.35,2.590127980196652e-16
2025-08-31 12:10:00,405.42,0.0,0.0,0.0,13.35,28.35,2.590127980196652e-16
2025-08-31 12:20:00,405.42,0.0,0.0,0.0,13.35,28.35,2.590127980196652e-16
2025-08-31 12:30:00,405.42,0.0,0.0,0.0,13.35,28.35,2.590127980196652e-16
2025-08-31 12:40:00,405.42,0.0,0.0,0.0,13.35,28.35,2.590127980196652e-16
2025-08-31 12:50:00,405.42,0.0,0.0,0.0,13.35,28.35,2.590127980196652e-16
2025-08-31 13:00:00,377.25,0.0,0.0,0.0,13.42,28.42,0.348865320830538
2025-08-31 13:10:00,377.25,0.0,0.0,0.0,13.42,28.42,0.348865320830538
2025-08-31 13:20:00,377.25,0.0,0.0,0.0,13.42,28.42,0.348865320830538
2025-08-31 13:30:00,377.25,0.0,0.0,0.0,13.42,28.42,0.348865320830538
2025-08-31 13:40:00,377.25,0.0,0.0,0.0,13.42,28.42,0.348865320830538
2025-08-31 13:50:00,377.25,0.0,0.0,0.0,13.42,28.42,0.348865320830538
2025-08-31 14:00:00,266.58,0.0,0.0,0.0,13.19,28.189999999999998,0.7614643833742114
2025-08-31 14:10:00,266.58,0.0,0.0,0.0,13.19,28.189999999999998,0.7614643833742114
2025-08-31 14:20:00,266.58,0.0,0.0,0.0,13.19,28.189999999999998,0.7614643833742114
2025-08-31 14:30:00,266.58,0.0,0.0,0.0,13.19,28.189999999999998,0.7614643833742114
2025-08-31 14:40:00,266.58,0.0,0.0,0.0,13.19,28.189999999999998,0.7614643833742114
2025-08-31 14:50:00,266.58,0.0,0.0,0.0,13.19,28.189999999999998,0.7614643833742114
2025-08-31 15:00:00,192.55,0.0,0.0,0.0,12.47,27.47,1.1402496484186733
2025-08-31 15:10:00,192.55,0.0,0.0,0.0,12.47,27.47,1.1402496484186733
2025-08-31 15:20:00,192.55,0.0,0.0,0.0,12.47,27.47,1.1402496484186733
2025-08-31 15:30:00,192.55,0.0,0.0,0.0,12.47,27.47,1.1402496484186733
2025-08-31 15:40:00,192.55,0.0,0.0,0.0,12.47,27.47,1.1402496484186733
2025-08-31 15:50:00,192.55,0.0,0.0,0.0,12.47,27.47,1.1402496484186733
2025-08-31 16:00:00,92.53,0.0,0.0,0.0,11.51,26.509999999999998,1.0820757200106708
2025-08-31 16:10:00,92.53,0.0,0.0,0.0,11.51,26.509999999999998,1.0820757200106708
2025-08-31 16:20:00,92.53,0.0,0.0,0.0,11.51,26.509999999999998,1.0820757200106708
2025-08-31 16:30:00,92.53,0.0,0.0,0.0,11.51,26.509999999999998,1.0820757200106708
2025-08-31 16:40:00,92.53,0.0,0.0,0.0,11.51,26.509999999999998,1.0820757200106708
2025-08-31 16:50:00,92.53,0.0,0.0,0.0,11.51,26.509999999999998,1.0820757200106708
2025-08-31 17:00:00,5.35,0.0,0.0,0.0,9.89,24.89,0.932172073339662
2025-08-31 17:10:00,5.35,0.0,0.0,0.0,9.89,24.89,0.932172073339662
2025-08-31 17:20:00,5.35,0.0,0.0,0.0,9.89,24.89,0.932172073339662
2025-08-31 17:30:00,5.35,0.0,0.0,0.0,9.89,24.89,0.932172073339662
2025-08-31 17:40:00,5.35,0.0,0.0,0.0,9.89,24.89,0.932172073339662
2025-08-31 17:50:00,5.35,0.0,0.0,0.0,9.89,24.89,0.932172073339662
2025-08-31 18:00:00,0.0,0.0,0.0,0.0,8.97,23.97,1.0565997279291526
2025-08-31 18:10:00,0.0,0.0,0.0,0.0,8.97,23.97,1.0565997279291526
2025-08-31 18:20:00,0.0,0.0,0.0,0.0,8.97,23.97,1.0565997279291526
2025-08-31 18:30:00,0.0,0.0,0.0,0.0,8.97,23.97,1.0565997279291526
2025-08-31 18:40:00,0.0,0.0,0.0,0.0,8.97,23.97,1.0565997279291526
2025-08-31 18:50:00,0.0,0.0,0.0,0.0,8.97,23.97,1.0565997279291526
2025-08-31 19:00:00,0.0,0.0,0.0,0.0,8.38,23.380000000000003,1.0622726535755487
2025-08-31 19:10:00,0.0,0.0,0.0,0.0,8.38,23.380000000000003,1.0622726535755487
2025-08-31 19:20:00,0.0,0.0,0.0,0.0,8.38,23.380000000000003,1.0622726535755487
2025-08-31 19:30:00,0.0,0.0,0.0,0.0,8.38,23.380000000000003,1.0622726535755487
2025-08-31 19:40:00,0.0,0.0,0.0,0.0,8.38,23.380000000000003,1.0622726535755487
2025-08-31 19:50:00,0.0,0.0,0.0,0.0,8.38,23.380000000000003,1.0622726535755487
2025-08-31 20:00:00,0.0,0.0,0.0,0.0,7.97,22.97,0.9631212000818014
2025-08-31 20:10:00,0.0,0.0,0.0,0.0,7.97,22.97,0.9631212000818014
2025-08-31 20:20:00,0.0,0.0,0.0,0.0,7.97,22.97,0.9631212000818014
2025-08-31 20:30:00,0.0,0.0,0.0,0.0,7.97,22.97,0.9631212000818014
2025-08-31 20:40:00,0.0,0.0,0.0,0.0,7.97,22.97,0.9631212000818014
2025-08-31 20:50:00,0.0,0.0,0.0,0.0,7.97,22.97,0.9631212000818014
2025-08-31 21:00:00,0.0,0.0,0.0,0.0,7.58,22.58,0.8413641027615628
2025-08-31 21:10:00,0.0,0.0,0.0,0.0,7.58,22.58,0.8413641027615628
2025-08-31 21:20:00,0.0,0.0,0.0,0.0,7.58,22.58,0.8413641027615628
2025-08-31 21:30:00,0.0,0.0,0.0,0.0,7.58,22.58,0.8413641027615628
2025-08-31 21:40:00,0.0,0.0,0.0,0.0,7.58,22.58,0.8413641027615628
2025-08-31 21:50:00,0.0,0.0,0.0,0.0,7.58,22.58,0.8413641027615628
2025-08-31 22:00:00,0.0,0.0,0.0,0.0,7.19,22.19,0.7183106275072532
2025-08-31 22:10:00,0.0,0.0,0.0,0.0,7.19,22.19,0.7183106275072532
2025-08-31 22:20:00,0.0,0.0,0.0,0.0,7.19,22.19,0.7183106275072532
2025-08-31 22:30:00,0.0,0.0,0.0,0.0,7.19,22.19,0.7183106275072532
2025-08-31 22:40:00,0.0,0.0,0.0,0.0,7.19,22.19,0.7183106275072532
2025-08-31 22:50:00,0.0,0.0,0.0,0.0,7.19,22.19,0.7183106275072532
2025-08-31 23:00:00,0.0,0.0,0.0,0.0,6.99,21.990000000000002,0.5506596109368532
2025-08-31 23:10:00,0.0,0.0,0.0,0.0,6.99,21.990000000000002,0.5506596109368532
2025-08-31 23:20:00,0.0,0.0,0.0,0.0,6.99,21.990000000000002,0.5506596109368532
2025-08-31 23:30:00,0.0,0.0,0.0,0.0,6.99,21.990000000000002,0.5506596109368532
2025-08-31 23:40:00,0.0,0.0,0.0,0.0,6.99,21.990000000000002,0.5506596109368532
2025-08-31 23:50:00,0.0,0.0,0.0,0.0,6.99,21.990000000000002,0.5506596109368532
2025-09-01 00:00:00,0.0,0.0,0.0,0.0,6.93,21.93,0.32895709178837534
2025-09-01 00:10:00,0.0,0.0,0.0,0.0,6.93,21.93,0.32895709178837534
2025-09-01 00:20:00,0.0,0.0,0.0,0.0,6.93,21.93,0.32895709178837534
2025-09-01 00:30:00,0.0,0.0,0.0,0.0,6.93,21.93,0.32895709178837534
2025-09-01 00:40:00,0.0,0.0,0.0,0.0,6.93,21.93,0.32895709178837534
2025-09-01 00:50:00,0.0,0.0,0.0,0.0,6.93,21.93,0.32895709178837534
2025-09-01 01:00:00,0.0,0.0,0.0,0.0,6.85,21.85,0.08060212016276062
2025-09-01 01:10:00,0.0,0.0,0.0,0.0,6.85,21.85,0.08060212016276062
2025-09-01 01:20:00,0.0,0.0,0.0,0.0,6.85,21.85,0.08060212016276062
2025-09-01 01:30:00,0.0,0.0,0.0,0.0,6.85,21.85,0.08060212016276062
2025-09-01 01:40:00,0.0,0.0,0.0,0.0,6.85,21.85,0.08060212016276062
2025-09-01 01:50:00,0.0,0.0,0.0,0.0,6.85,21.85,0.08060212016276062
2025-09-01 02:00:00,0.0,0.0,0.0,0.0,6.83,21.83,-0.19899837755219396
2025-09-01 02:10:00,0.0,0.0,0.0,0.0,6.83,21.83,-0.19899837755219396
2025-09-01 02:20:00,0.0,0.0,0.0,0.0,6.83,21.83,-0.19899837755219396
2025-09-01 02:30:00,0.0,0.0,0.0,0.0,6.83,21.83,-0.19899837755219396
2025-09-01 02:40:00,0.0,0.0,0.0,0.0,6.83,21.83,-0.19899837755219396
2025-09-01 02:50:00,0.0,0.0,0.0,0.0,6.83,21.83,-0.19899837755219396
2025-09-01 03:00:00,0.0,0.0,0.0,0.0,6.77,21.77,-0.5202764593767757
2025-09-01 03:10:00,0.0,0.0,0.0,0.0,6.77,21.77,-0.5202764593767757
2025-09-01 03:20:00,0.0,0.0,0.0,0.0,6.77,21.77,-0.5202764593767757
2025-09-01 03:30:00,0.0,0.0,0.0,0.0,6.77,21.77,-0.5202764593767757
2025-09-01 03:40:00,0.0,0.0,0.0,0.0,6.77,21.77,-0.5202764593767757
2025-09-01 03:50:00,0.0,0.0,0.0,0.0,6.77,21.77,-0.5202764593767757
2025-09-01 04:00:00,0.0,0.0,0.0,0.0,6.54,21.54,-0.8475012437332666
2025-09-01 04:10:00,0.0,0.0,0.0,0.0,6.54,21.54,-0.8475012437332666
2025-09-01 04:20:00,0.0,0.0,0.0,0.0,6.54,21.54,-0.8475012437332666
2025-09-01 04:30:00,0.0,0.0,0.0,0.0,6.54,21.54,-0.8475012437332666
2025-09-01 04:40:00,0.0,0.0,0.0,0.0,6.54,21.54,-0.8475012437332666
2025-09-01 04:50:00,0.0,0.0,0.0,0.0,6.54,21.54,-0.8475012437332666
2025-09-01 05:00:00,0.0,0.0,0.0,0.0,6.15,21.15,-1.17976247234153
2025-09-01 05:10:00,0.0,0.0,0.0,0.0,6.15,21.15,-1.17976247234153
2025-09-01 05:20:00,0.0,0.0,0.0,0.0,6.15,21.15,-1.17976247234153
2025-09-01 05:30:00,0.0,0.0,0.0,0.0,6.15,21.15,-1.17976247234153
2025-09-01 05:40:00,0.0,0.0,0.0,0.0,6.15,21.15,-1.17976247234153
2025-09-01 05:50:00,0.0,0.0,0.0,0.0,6.15,21.15,-1.17976247234153
2025-09-01 06:00:00,34.38,0.0,0.0,0.0,6.4,21.4,-1.3211481344768505
2025-09-01 06:10:00,34.38,0.0,0.0,0.0,6.4,21.4,-1.3211481344768505
2025-09-01 06:20:00,34.38,0.0,0.0,0.0,6.4,21.4,-1.3211481344768505
2025-09-01 06:30:00,34.38,0.0,0.0,0.0,6.4,21.4,-1.3211481344768505
2025-09-01 06:40:00,34.38,0.0,0.0,0.0,6.4,21.4,-1.3211481344768505
2025-09-01 06:50:00,34.38,0.0,0.0,0.0,6.4,21.4,-1.3211481344768505
2025-09-01 07:00:00,174.4,0.0,0.0,0.0,8.01,23.009999999999998,-1.9619031285310105
2025-09-01 07:10:00,174.4,0.0,0.0,0.0,8.01,23.009999999999998,-1.9619031285310105
2025-09-01 07:20:00,174.4,0.0,0.0,0.0,8.01,23.009999999999998,-1.9619031285310105
2025-09-01 07:30:00,174.4,0.0,0.0,0.0,8.01,23.009999999999998,-1.9619031285310105
2025-09-01 07:40:00,174.4,0.0,0.0,0.0,8.01,23.009999999999998,-1.9619031285310105
2025-09-01 07:50:00,174.4,0.0,0.0,0.0,8.01,23.009999999999998,-1.9619031285310105
2025-09-01 08:00:00,343.27,0.0,0.0,0.0,9.33,24.33,-1.9008454228157903
2025-09-01 08:10:00,343.27,0.0,0.0,0.0,9.33,24.33,-1.9008454228157903
2025-09-01 08:20:00,343.27,0.0,0.0,0.0,9.33,24.33,-1.9008454228157903
2025-09-01 08:30:00,343.27,0.0,0.0,0.0,9.33,24.33,-1.9008454228157903
2025-09-01 08:40:00,343.27,0.0,0.0,0.0,9.33,24.33,-1.9008454228157903
2025-09-01 08:50:00,343.27,0.0,0.0,0.0,9.33,24.33,-1.9008454228157903
2025-09-01 09:00:00,496.02,0.0,0.0,0.0,11.88,26.880000000000003,-1.7387757580965875
2025-09-01 09:10:00,496.02,0.0,0.0,0.0,11.88,26.880000000000003,-1.7387757580965875
2025-09-01 09:20:00,496.02,0.0,0.0,0.0,11.88,26.880000000000003,-1.7387757580965875
2025-09-01 09:30:00,496.02,0.0,0.0,0.0,11.88,26.880000000000003,-1.7387757580965875
2025-09-01 09:40:00,496.02,0.0,0.0,0.0,11.88,26.880000000000003,-1.7387757580965875
2025-09-01 09:50:00,496.02,0.0,0.0,0.0,11.88,26.880000000000003,-1.7387757580965875
2025-09-01 10:00:00,531.67,0.0,0.0,0.0,12.94,27.939999999999998,-1.8026686470904274
2025-09-01 10:10:00,531.67,0.0,0.0,0.0,12.94,27.939999999999998,-1.8026686470904274
2025-09-01 10:20:00,531.67,0.0,0.0,0.0,12.94,27.939999999999998,-1.8026686470904274
2025-09-01 10:30:00,531.67,0.0,0.0,0.0,12.94,27.939999999999998,-1.8026686470904274
2025-09-01 10:40:00,531.67,0.0,0.0,0.0,12.94,27.939999999999998,-1.8026686470904274
2025-09-01 10:50:00,531.67,0.0,0.0,0.0,12.94,27.939999999999998,-1.8026686470904274
2025-09-01 11:00:00,603.42,0.0,0.0,0.0,13.75,28.75,-1.4832350698402017
2025-09-01 11:10:00,603.42,0.0,0.0,0.0,13.75,28.75,-1.4832350698402017
2025-09-01 11:20:00,603.42,0.0,0.0,0.0,13.75,28.75,-1.4832350698402017
2025-09-01 11:30:00,603.42,0.0,0.0,0.0,13.75,28.75,-1.4832350698402017
2025-09-01 11:40:00,603.42,0.0,0.0,0.0,13.75,28.75,-1.4832350698402017
2025-09-01 11:50:00,603.42,0.0,0.0,0.0,13.75,28.75,-1.4832350698402017
2025-09-01 12:00:00,548.6,0.0,0.0,0.0,14.84,29.84,-0.9101571977423236
2025-09-01 12:10:00,548.6,0.0,0.0,0.0,14.84,29.84,-0.9101571977423236
2025-09-01 12:20:00,548.6,0.0,0.0,0.0,14.84,29.84,-0.9101571977423236
2025-09-01 12:30:00,548.6,0.0,0.0,0.0,14.84,29.84,-0.9101571977423236
2025-09-01 12:40:00,548.6,0.0,0.0,0.0,14.84,29.84,-0.9101571977423236
2025-09-01 12:50:00,548.6,0.0,0.0,0.0,14.84,29.84,-0.9101571977423236
2025-09-01 13:00:00,489.75,0.0,0.0,0.0,15.38,30.380000000000003,-0.251033529996944
2025-09-01 13:10:00,489.75,0.0,0.0,0.0,15.38,30.380000000000003,-0.251033529996944
2025-09-01 13:20:00,489.75,0.0,0.0,0.0,15.38,30.380000000000003,-0.251033529996944
2025-09-01 13:30:00,489.75,0.0,0.0,0.0,15.38,30.380000000000003,-0.251033529996944
2025-09-01 13:40:00,489.75,0.0,0.0,0.0,15.38,30.380000000000003,-0.251033529996944
2025-09-01 13:50:00,489.75,0.0,0.0,0.0,15.38,30.380000000000003,-0.251033529996944
2025-09-01 14:00:00,361.88,0.0,0.0,0.0,15.51,30.509999999999998,0.29096735045666644
2025-09-01 14:10:00,361.88,0.0,0.0,0.0,15.51,30.509999999999998,0.29096735045666644
2025-09-01 14:20:00,361.88,0.0,0.0,0.0,15.51,30.509999999999998,0.29096735045666644
2025-09-01 14:30:00,361.88,0.0,0.0,0.0,15.51,30.509999999999998,0.29096735045666644
2025-09-01 14:40:00,361.88,0.0,0.0,0.0,15.51,30.509999999999998,0.29096735045666644
2025-09-01 14:50:00,361.88,0.0,0.0,0.0,15.51,30.509999999999998,0.29096735045666644
2025-09-01 15:00:00,240.95,0.0,0.0,0.0,14.93,29.93,0.7585041558528056
2025-09-01 15:10:00,240.95,0.0,0.0,0.0,14.93,29.93,0.7585041558528056
2025-09-01 15:20:00,240.95,0.0,0.0,0.0,14.93,29.93,0.7585041558528056
2025-09-01 15:30:00,240.95,0.0,0.0,0.0,14.93,29.93,0.7585041558528056
2025-09-01 15:40:00,240.95,0.0,0.0,0.0,14.93,29.93,0.7585041558528056
2025-09-01 15:50:00,240.95,0.0,0.0,0.0,14.93,29.93,0.7585041558528056
2025-09-01 16:00:00,97.57,0.0,0.0,0.0,13.63,28.630000000000003,1.0018508836723912
2025-09-01 16:10:00,97.57,0.0,0.0,0.0,13.63,28.630000000000003,1.0018508836723912
2025-09-01 16:20:00,97.57,0.0,0.0,0.0,13.63,28.630000000000003,1.0018508836723912
2025-09-01 16:30:00,97.57,0.0,0.0,0.0,13.63,28.630000000000003,1.0018508836723912
2025-09-01 16:40:00,97.57,0.0,0.0,0.0,13.63,28.630000000000003,1.0018508836723912
2025-09-01 16:50:00,97.57,0.0,0.0,0.0,13.63,28.630000000000003,1.0018508836723912
2025-09-01 17:00:00,5.4,0.0,0.0,0.0,10.97,25.97,1.6704943097952825
2025-09-01 17:10:00,5.4,0.0,0.0,0.0,10.97,25.97,1.6704943097952825
2025-09-01 17:20:00,5.4,0.0,0.0,0.0,10.97,25.97,1.6704943097952825
2025-09-01 17:30:00,5.4,0.0,0.0,0.0,10.97,25.97,1.6704943097952825
2025-09-01 17:40:00,5.4,0.0,0.0,0.0,10.97,25.97,1.6704943097952825
2025-09-01 17:50:00,5.4,0.0,0.0,0.0,10.97,25.97,1.6704943097952825
2025-09-01 18:00:00,0.0,0.0,0.0,0.0,9.95,24.95,1.9813630514933882
2025-09-01 18:10:00,0.0,0.0,0.0,0.0,9.95,24.95,1.9813630514933882
2025-09-01 18:20:00,0.0,0.0,0.0,0.0,9.95,24.95,1.9813630514933882
2025-09-01 18:30:00,0.0,0.0,0.0,0.0,9.95,24.95,1.9813630514933882
2025-09-01 18:40:00,0.0,0.0,0.0,0.0,9.95,24.95,1.9813630514933882
2025-09-01 18:50:00,0.0,0.0,0.0,0.0,9.95,24.95,1.9813630514933882
2025-09-01 19:00:00,0.0,0.0,0.0,0.0,9.24,24.240000000000002,1.9324172394439305
2025-09-01 19:10:00,0.0,0.0,0.0,0.0,9.24,24.240000000000002,1.9324172394439305
2025-09-01 19:20:00,0.0,0.0,0.0,0.0,9.24,24.240000000000002,1.9324172394439305
2025-09-01 19:30:00,0.0,0.0,0.0,0.0,9.24,24.240000000000002,1.9324172394439305
2025-09-01 19:40:00,0.0,0.0,0.0,0.0,9.24,24.240000000000002,1.9324172394439305
2025-09-01 19:50:00,0.0,0.0,0.0,0.0,9.24,24.240000000000002,1.9324172394439305
2025-09-01 20:00:00,0.0,0.0,0.0,0.0,8.94,23.939999999999998,1.5797419539750128
2025-09-01 20:10:00,0.0,0.0,0.0,0.0,8.94,23.939999999999998,1.5797419539750128
2025-09-01 20:20:00,0.0,0.0,0.0,0.0,8.94,23.939999999999998,1.5797419539750128
2025-09-01 20:30:00,0.0,0.0,0.0,0.0,8.94,23.939999999999998,1.5797419539750128
2025-09-01 20:40:00,0.0,0.0,0.0,0.0,8.94,23.939999999999998,1.5797419539750128
2025-09-01 20:50:00,0.0,0.0,0.0,0.0,8.94,23.939999999999998,1.5797419539750128
2025-09-01 21:00:00,0.0,0.0,0.0,0.0,8.78,23.78,0.9073803031336606
2025-09-01 21:10:00,0.0,0.0,0.0,0.0,8.78,23.78,0.9073803031336606
2025-09-01 21:20:00,0.0,0.0,0.0,0.0,8.78,23.78,0.9073803031336606
2025-09-01 21:30:00,0.0,0.0,0.0,0.0,8.78,23.78,0.9073803031336606
2025-09-01 21:40:00,0.0,0.0,0.0,0.0,8.78,23.78,0.9073803031336606
2025-09-01 21:50:00,0.0,0.0,0.0,0.0,8.78,23.78,0.9073803031336606
2025-09-01 22:00:00,0.0,0.0,0.0,0.0,8.36,23.36,0.029493533644614878
2025-09-01 22:10:00,0.0,0.0,0.0,0.0,8.36,23.36,0.029493533644614878
2025-09-01 22:20:00,0.0,0.0,0.0,0.0,8.36,23.36,0.029493533644614878
2025-09-01 22:30:00,0.0,0.0,0.0,0.0,8.36,23.36,0.029493533644614878
2025-09-01 22:40:00,0.0,0.0,0.0,0.0,8.36,23.36,0.029493533644614878
2025-09-01 22:50:00,0.0,0.0,0.0,0.0,8.36,23.36,0.029493533644614878
2025-09-01 23:00:00,0.0,0.0,0.0,0.0,7.19,22.19,-0.950719974739501
2025-09-01 23:10:00,0.0,0.0,0.0,0.0,7.19,22.19,-0.950719974739501
2025-09-01 23:20:00,0.0,0.0,0.0,0.0,7.19,22.19,-0.950719974739501
2025-09-01 23:30:00,0.0,0.0,0.0,0.0,7.19,22.19,-0.950719974739501
2025-09-01 23:40:00,0.0,0.0,0.0,0.0,7.19,22.19,-0.950719974739501
2025-09-01 23:50:00,0.0,0.0,0.0,0.0,7.19,22.19,-0.950719974739501
2025-09-02 00:00:00,0.0,0.0,0.0,0.0,6.24,21.240000000000002,-1.7118835155889986
2025-09-02 00:10:00,0.0,0.0,0.0,0.0,6.24,21.240000000000002,-1.7118835155889986
2025-09-02 00:20:00,0.0,0.0,0.0,0.0,6.24,21.240000000000002,-1.7118835155889986
2025-09-02 00:30:00,0.0,0.0,0.0,0.0,6.24,21.240000000000002,-1.7118835155889986
2025-09-02 00:40:00,0.0,0.0,0.0,0.0,6.24,21.240000000000002,-1.7118835155889986
2025-09-02 00:50:00,0.0,0.0,0.0,0.0,6.24,21.240000000000002,-1.7118835155889986
2025-09-02 01:00:00,0.0,0.0,0.0,0.0,5.67,20.67,-2.188847508785447
2025-09-02 01:10:00,0.0,0.0,0.0,0.0,5.67,20.67,-2.188847508785447
2025-09-02 01:20:00,0.0,0.0,0.0,0.0,5.67,20.67,-2.188847508785447
2025-09-02 01:30:00,0.0,0.0,0.0,0.0,5.67,20.67,-2.188847508785447
2025-09-02 01:40:00,0.0,0.0,0.0,0.0,5.67,20.67,-2.188847508785447
2025-09-02 01:50:00,0.0,0.0,0.0,0.0,5.67,20.67,-2.188847508785447
2025-09-02 02:00:00,0.0,0.0,0.0,0.0,5.36,20.36,-2.520653548891783
2025-09-02 02:10:00,0.0,0.0,0.0,0.0,5.36,20.36,-2.520653548891783
2025-09-02 02:20:00,0.0,0.0,0.0,0.0,5.36,20.36,-2.520653548891783
2025-09-02 02:30:00,0.0,0.0,0.0,0.0,5.36,20.36,-2.520653548891783
2025-09-02 02:40:00,0.0,0.0,0.0,0.0,5.36,20.36,-2.520653548891783
2025-09-02 02:50:00,0.0,0.0,0.0,0.0,5.36,20.36,-2.520653548891783
2025-09-02 03:00:00,0.0,0.0,0.0,0.0,5.28,20.28,-2.7771781912335065
2025-09-02 03:10:00,0.0,0.0,0.0,0.0,5.28,20.28,-2.7771781912335065
2025-09-02 03:20:00,0.0,0.0,0.0,0.0,5.28,20.28,-2.7771781912335065
2025-09-02 03:30:00,0.0,0.0,0.0,0.0,5.28,20.28,-2.7771781912335065
2025-09-02 03:40:00,0.0,0.0,0.0,0.0,5.28,20.28,-2.7771781912335065
2025-09-02 03:50:00,0.0,0.0,0.0,0.0,5.28,20.28,-2.7771781912335065
2025-09-02 04:00:00,0.0,0.0,0.0,0.0,5.23,20.23,-3.0351011296295036
2025-09-02 04:10:00,0.0,0.0,0.0,0.0,5.23,20.23,-3.0351011296295036
2025-09-02 04:20:00,0.0,0.0,0.0,0.0,5.23,20.23,-3.0351011296295036
2025-09-02 04:30:00,0.0,0.0,0.0,0.0,5.23,20.23,-3.0351011296295036
2025-09-02 04:40:00,0.0,0.0,0.0,0.0,5.23,20.23,-3.0351011296295036
2025-09-02 04:50:00,0.0,0.0,0.0,0.0,5.23,20.23,-3.0351011296295036
2025-09-02 05:00:00,0.0,0.0,0.0,0.0,5.23,20.23,-3.198752368129134
2025-09-02 05:10:00,0.0,0.0,0.0,0.0,5.23,20.23,-3.198752368129134
2025-09-02 05:20:00,0.0,0.0,0.0,0.0,5.23,20.23,-3.198752368129134
2025-09-02 05:30:00,0.0,0.0,0.0,0.0,5.23,20.23,-3.198752368129134
2025-09-02 05:40:00,0.0,0.0,0.0,0.0,5.23,20.23,-3.198752368129134
2025-09-02 05:50:00,0.0,0.0,0.0,0.0,5.23,20.23,-3.198752368129134
2025-09-02 06:00:00,41.58,0.0,0.0,0.0,6.35,21.35,-3.389436366131099
2025-09-02 06:10:00,41.58,0.0,0.0,0.0,6.35,21.35,-3.389436366131099
2025-09-02 06:20:00,41.58,0.0,0.0,0.0,6.35,21.35,-3.389436366131099
2025-09-02 06:30:00,41.58,0.0,0.0,0.0,6.35,21.35,-3.389436366131099
2025-09-02 06:40:00,41.58,0.0,0.0,0.0,6.35,21.35,-3.389436366131099
2025-09-02 06:50:00,41.58,0.0,0.0,0.0,6.35,21.35,-3.389436366131099
2025-09-02 07:00:00,233.95,0.0,0.0,0.0,9.86,24.86,-4.5668547201447005
2025-09-02 07:10:00,233.95,0.0,0.0,0.0,9.86,24.86,-4.5668547201447005
2025-09-02 07:20:00,233.95,0.0,0.0,0.0,9.86,24.86,-4.5668547201447005
2025-09-02 07:30:00,233.95,0.0,0.0,0.0,9.86,24.86,-4.5668547201447005
2025-09-02 07:40:00,233.95,0.0,0.0,0.0,9.86,24.86,-4.5668547201447005
2025-09-02 07:50:00,233.95,0.0,0.0,0.0,9.86,24.86,-4.5668547201447005
2025-09-02 08:00:00,427.77,0.0,0.0,0.0,12.89,27.89,-4.190934414621858
2025-09-02 08:10:00,427.77,0.0,0.0,0.0,12.89,27.89,-4.190934414621858
2025-09-02 08:20:00,427.77,0.0,0.0,0.0,12.89,27.89,-4.190934414621858
2025-09-02 08:30:00,427.77,0.0,0.0,0.0,12.89,27.89,-4.190934414621858
2025-09-02 08:40:00,427.77,0.0,0.0,0.0,12.89,27.89,-4.190934414621858
2025-09-02 08:50:00,427.77,0.0,0.0,0.0,12.89,27.89,-4.190934414621858
2025-09-02 09:00:00,598.15,0.0,0.0,0.0,16.09,31.09,-4.693144617582712
2025-09-02 09:10:00,598.15,0.0,0.0,0.0,16.09,31.09,-4.693144617582712
2025-09-02 09:20:00,598.15,0.0,0.0,0.0,16.09,31.09,-4.693144617582712
2025-09-02 09:30:00,598.15,0.0,0.0,0.0,16.09,31.09,-4.693144617582712
2025-09-02 09:40:00,598.15,0.0,0.0,0.0,16.09,31.09,-4.693144617582712
2025-09-02 09:50:00,598.15,0.0,0.0,0.0,16.09,31.09,-4.693144617582712
2025-09-02 10:00:00,710.03,0.0,0.0,0.0,17.86,32.86,-4.2246187071687595
2025-09-02 10:10:00,710.03,0.0,0.0,0.0,17.86,32.86,-4.2246187071687595
2025-09-02 10:20:00,710.03,0.0,0.0,0.0,17.86,32.86,-4.2246187071687595
2025-09-02 10:30:00,710.03,0.0,0.0,0.0,17.86,32.86,-4.2246187071687595
2025-09-02 10:40:00,710.03,0.0,0.0,0.0,17.86,32.86,-4.2246187071687595
2025-09-02 10:50:00,710.03,0.0,0.0,0.0,17.86,32.86,-4.2246187071687595
2025-09-02 11:00:00,752.12,0.0,0.0,0.0,18.88,33.879999999999995,-3.6934021686226757
2025-09-02 11:10:00,752.12,0.0,0.0,0.0,18.88,33.879999999999995,-3.6934021686226757
2025-09-02 11:20:00,752.12,0.0,0.0,0.0,18.88,33.879999999999995,-3.6934021686226757
2025-09-02 11:30:00,752.12,0.0,0.0,0.0,18.88,33.879999999999995,-3.6934021686226757
2025-09-02 11:40:00,752.12,0.0,0.0,0.0,18.88,33.879999999999995,-3.6934021686226757
2025-09-02 11:50:00,752.12,0.0,0.0,0.0,18.88,33.879999999999995,-3.6934021686226757
2025-09-02 12:00:00,733.03,0.0,0.0,0.0,19.46,34.46,-3.1674689541412753
2025-09-02 12:10:00,733.03,0.0,0.0,0.0,19.46,34.46,-3.1674689541412753
2025-09-02 12:20:00,733.03,0.0,0.0,0.0,19.46,34.46,-3.1674689541412753
2025-09-02 12:30:00,733.03,0.0,0.0,0.0,19.46,34.46,-3.1674689541412753
2025-09-02 12:40:00,733.03,0.0,0.0,0.0,19.46,34.46,-3.1674689541412753
2025-09-02 12:50:00,733.03,0.0,0.0,0.0,19.46,34.46,-3.1674689541412753
2025-09-02 13:00:00,649.92,0.0,0.0,0.0,19.68,34.68,-2.3947695347435234
2025-09-02 13:10:00,649.92,0.0,0.0,0.0,19.68,34.68,-2.3947695347435234
2025-09-02 13:20:00,649.92,0.0,0.0,0.0,19.68,34.68,-2.3947695347435234
2025-09-02 13:30:00,649.92,0.0,0.0,0.0,19.68,34.68,-2.3947695347435234
2025-09-02 13:40:00,649.92,0.0,0.0,0.0,19.68,34.68,-2.3947695347435234
2025-09-02 13:50:00,649.92,0.0,0.0,0.0,19.68,34.68,-2.3947695347435234
2025-09-02 14:00:00,524.15,0.0,0.0,0.0,19.52,34.519999999999996,-1.6704756720507772
2025-09-02 14:10:00,524.15,0.0,0.0,0.0,19.52,34.519999999999996,-1.6704756720507772
2025-09-02 14:20:00,524.15,0.0,0.0,0.0,19.52,34.519999999999996,-1.6704756720507772
2025-09-02 14:30:00,524.15,0.0,0.0,0.0,19.52,34.519999999999996,-1.6704756720507772
2025-09-02 14:40:00,524.15,0.0,0.0,0.0,19.52,34.519999999999996,-1.6704756720507772
2025-09-02 14:50:00,524.15,0.0,0.0,0.0,19.52,34.519999999999996,-1.6704756720507772
2025-09-02 15:00:00,334.17,0.0,0.0,0.0,18.69,33.69,-1.1533749683417578
2025-09-02 15:10:00,334.17,0.0,0.0,0.0,18.69,33.69,-1.1533749683417578
2025-09-02 15:20:00,334.17,0.0,0.0,0.0,18.69,33.69,-1.1533749683417578
2025-09-02 15:30:00,334.17,0.0,0.0,0.0,18.69,33.69,-1.1533749683417578
2025-09-02 15:40:00,334.17,0.0,0.0,0.0,18.69,33.69,-1.1533749683417578
2025-09-02 15:50:00,334.17,0.0,0.0,0.0,18.69,33.69,-1.1533749683417578
2025-09-02 16:00:00,130.18,0.0,0.0,0.0,16.18,31.18,-0.4276611095221063
2025-09-02 16:10:00,130.18,0.0,0.0,0.0,16.18,31.18,-0.4276611095221063
2025-09-02 16:20:00,130.18,0.0,0.0,0.0,16.18,31.18,-0.4276611095221063
2025-09-02 16:30:00,130.18,0.0,0.0,0.0,16.18,31.18,-0.4276611095221063
2025-09-02 16:40:00,130.18,0.0,0.0,0.0,16.18,31.18,-0.4276611095221063
2025-09-02 16:50:00,130.18,0.0,0.0,0.0,16.18,31.18,-0.4276611095221063
2025-09-02 17:00:00,6.5,0.0,0.0,0.0,13.43,28.43,-0.21824982744034455
2025-09-02 17:10:00,6.5,0.0,0.0,0.0,13.43,28.43,-0.21824982744034455
2025-09-02 17:20:00,6.5,0.0,0.0,0.0,13.43,28.43,-0.21824982744034455
2025-09-02 17:30:00,6.5,0.0,0.0,0.0,13.43,28.43,-0.21824982744034455
2025-09-02 17:40:00,6.5,0.0,0.0,0.0,13.43,28.43,-0.21824982744034455
2025-09-02 17:50:00,6.5,0.0,0.0,0.0,13.43,28.43,-0.21824982744034455
2025-09-02 18:00:00,0.0,0.0,0.0,0.0,12.26,27.259999999999998,-0.1487432438255362
2025-09-02 18:10:00,0.0,0.0,0.0,0.0,12.26,27.259999999999998,-0.1487432438255362
2025-09-02 18:20:00,0.0,0.0,0.0,0.0,12.26,27.259999999999998,-0.1487432438255362
2025-09-02 18:30:00,0.0,0.0,0.0,0.0,12.26,27.259999999999998,-0.1487432438255362
2025-09-02 18:40:00,0.0,0.0,0.0,0.0,12.26,27.259999999999998,-0.1487432438255362
2025-09-02 18:50:00,0.0,0.0,0.0,0.0,12.26,27.259999999999998,-0.1487432438255362
2025-09-02 19:00:00,0.0,0.0,0.0,0.0,11.61,26.61,-0.22018361072396836
2025-09-02 19:10:00,0.0,0.0,0.0,0.0,11.61,26.61,-0.22018361072396836
2025-09-02 19:20:00,0.0,0.0,0.0,0.0,11.61,26.61,-0.22018361072396836
2025-09-02 19:30:00,0.0,0.0,0.0,0.0,11.61,26.61,-0.22018361072396836
2025-09-02 19:40:00,0.0,0.0,0.0,0.0,11.61,26.61,-0.22018361072396836
2025-09-02 19:50:00,0.0,0.0,0.0,0.0,11.61,26.61,-0.22018361072396836
2025-09-02 20:00:00,0.0,0.0,0.0,0.0,10.64,25.64,-0.41195414054599927
2025-09-02 20:10:00,0.0,0.0,0.0,0.0,10.64,25.64,-0.41195414054599927
2025-09-02 20:20:00,0.0,0.0,0.0,0.0,10.64,25.64,-0.41195414054599927
2025-09-02 20:30:00,0.0,0.0,0.0,0.0,10.64,25.64,-0.41195414054599927
2025-09-02 20:40:00,0.0,0.0,0.0,0.0,10.64,25.64,-0.41195414054599927
2025-09-02 20:50:00,0.0,0.0,0.0,0.0,10.64,25.64,-0.41195414054599927
2025-09-02 21:00:00,0.0,0.0,0.0,0.0,9.58,24.58,-0.7682142934177357
2025-09-02 21:10:00,0.0,0.0,0.0,0.0,9.58,24.58,-0.7682142934177357
2025-09-02 21:20:00,0.0,0.0,0.0,0.0,9.58,24.58,-0.7682142934177357
2025-09-02 21:30:00,0.0,0.0,0.0,0.0,9.58,24.58,-0.7682142934177357
2025-09-02 21:40:00,0.0,0.0,0.0,0.0,9.58,24.58,-0.7682142934177357
2025-09-02 21:50:00,0.0,0.0,0.0,0.0,9.58,24.58,-0.7682142934177357
2025-09-02 22:00:00,0.0,0.0,0.0,0.0,8.72,23.72,-1.3394658212861468
2025-09-02 22:10:00,0.0,0.0,0.0,0.0,8.72,23.72,-1.3394658212861468
2025-09-02 22:20:00,0.0,0.0,0.0,0.0,8.72,23.72,-1.3394658212861468
