Solar[A],Battery[A],Main_Volt[V],Solar_Watt[W],Battery_Watt[W],Sub_Volt[V],Speed[kmh],time
1,-0.7,89.3,89.3,-62.5,0,0,6:47:50
1.12,-0.8,89.3,100,-71.4,0,0,6:47:55
1.15,-0.83,89.4,102.8,-74.2,0,0,6:48:00
1.17,-0.85,89.4,104.6,-76,0,0,6:48:05
1.2,-0.88,89.4,107.3,-78.7,0,0,6:48:10
1.22,-0.9,89.4,109.1,-80.5,0,0,6:48:15
1.24,-0.92,89.4,110.9,-82.2,0,0,6:48:20
1.26,-0.93,89.4,112.6,-83.1,0,0,6:48:25
1.28,-0.95,89.4,114.4,-84.9,0,0,6:48:30
1.3,-0.96,89.4,116.2,-85.8,0,0,6:48:35
1.33,-0.99,89.5,119,-88.6,0,0,6:48:40
1.35,-1.01,89.5,120.8,-90.4,0,0,6:48:45
1.36,-1.02,89.5,121.7,-91.3,0,0,6:48:50
0.25,-0.02,89.2,22.3,-1.8,0,0,6:48:55
1.4,-1.06,89.5,125.3,-94.9,0,0,6:49:00
1.43,-1.09,89.5,128,-97.6,0,0,6:49:05
1.45,-1.09,89.5,129.8,-97.6,0,0,6:49:10
1.46,-1.11,89.5,130.7,-99.3,0,0,6:49:15
1.48,-1.13,89.5,132.5,-101.1,0,0,6:49:20
1.49,-1.14,89.5,133.4,-102,0,0,6:49:25
1.51,-1.15,89.5,135.1,-102.9,0,0,6:49:30
1.52,-1.17,89.5,136,-104.7,0,0,6:49:35
1.54,-1.18,89.5,137.8,-105.6,0,0,6:49:40
1.56,-1.2,89.5,139.6,-107.4,0,0,6:49:45
1.57,-1.22,89.5,140.5,-109.2,0,0,6:49:50
1.59,-1.23,89.5,142.3,-110.1,0,0,6:49:55
1.62,-1.25,89.5,145,-111.9,0,0,6:50:00
1.63,-1.27,89.6,146,-113.8,0,0,6:50:05
1.64,-1.28,89.6,146.9,-114.7,0,0,6:50:10
1.66,-1.29,89.6,148.7,-115.6,0,0,6:50:15
1.67,-1.3,89.6,149.6,-116.5,0,0,6:50:20
1.68,-1.31,89.6,150.5,-117.4,0,0,6:50:25
1.69,-1.32,89.6,151.4,-118.3,0,0,6:50:30
1.7,-1.31,89.6,152.3,-117.4,0,0,6:50:35
1.71,-1.35,89.6,153.2,-121,0,0,6:50:40
1.73,-1.35,89.6,155,-121,0,0,6:50:45
1.74,-1.37,89.6,155.9,-122.8,0,0,6:50:50
1.76,-1.38,89.6,157.7,-123.6,0,0,6:50:55
1.77,-1.39,89.6,158.6,-124.5,0,0,6:51:00
1.78,-1.4,89.6,159.5,-125.4,0,0,6:51:05
1.77,-1.4,89.6,158.6,-125.4,0,0,6:51:10
1.76,-1.38,89.6,157.7,-123.6,0,0,6:51:15
1.73,-1.35,89.6,155,-121,0,0,6:51:20
1.69,-1.32,89.6,151.4,-118.3,0,0,6:51:25
1.66,-1.29,89.6,148.7,-115.6,0,0,6:51:30
1.64,-1.27,89.6,146.9,-113.8,0,0,6:51:35
1.59,-1.24,89.6,142.5,-111.1,0,0,6:51:40
1.56,-1.2,89.6,139.8,-107.5,0,0,6:51:45
1.54,-1.18,89.6,138,-105.7,0,0,6:51:50
1.54,-1.18,89.6,138,-105.7,0,0,6:51:55
1.53,-1.17,89.6,137.1,-104.8,0,0,6:52:00
1.53,-1.17,89.6,137.1,-104.8,0,0,6:52:05
1.54,-1.18,89.6,138,-105.7,0,0,6:52:10
1.55,-1.18,89.6,138.9,-105.7,0,0,6:52:15
1.57,-1.21,89.6,140.7,-108.4,0,0,6:52:20
1.6,-1.24,89.6,143.4,-111.1,0,0,6:52:25
1.64,-1.27,89.6,146.9,-113.8,0,0,6:52:30
1.67,-1.3,89.6,149.6,-116.5,0,0,6:52:35
1.69,-1.31,89.6,151.4,-117.4,0,0,6:52:40
1.7,-1.33,89.6,152.3,-119.2,0,0,6:52:45
1.72,-1.35,89.6,154.1,-121,0,0,6:52:50
1.72,-1.35,89.6,154.1,-121,0,0,6:52:55
1.74,-1.37,89.6,155.9,-122.8,0,0,6:53:00
1.73,-1.35,89.6,155,-121,0,0,6:53:05
1.73,-1.35,89.6,155,-121,0,0,6:53:10
1.72,-1.35,89.6,154.1,-121,0,0,6:53:15
1.72,-1.35,89.6,154.1,-121,0,0,6:53:20
1.72,-1.35,89.6,154.1,-121,0,0,6:53:25
1.72,-1.35,89.6,154.1,-121,0,0,6:53:30
1.73,-1.36,89.6,155,-121.9,0,0,6:53:35
1.76,-1.38,89.6,157.7,-123.6,0,0,6:53:40
1.79,-1.41,89.6,160.4,-126.3,0,0,6:53:45
0.9,-0.59,89.5,80.6,-52.8,0,0,6:53:50
1.86,-1.47,89.6,166.7,-131.7,0,0,6:53:55
1.89,-1.51,89.6,169.3,-135.3,0,0,6:54:00
1.94,-1.55,89.7,174,-139,0,0,6:54:05
1.99,-1.58,89.7,178.5,-141.7,0,0,6:54:10
2.07,-1.67,89.7,185.7,-149.8,0,0,6:54:15
2.15,-1.74,89.8,193.1,-156.3,0,0,6:54:20
2.22,-1.81,89.8,199.4,-162.5,0,0,6:54:25
2.29,-1.87,89.8,205.6,-167.9,0,0,6:54:30
2.34,-1.91,89.8,210.1,-171.5,0,0,6:54:35
2.39,-1.96,89.8,214.6,-176,0,0,6:54:40
2.4,-1.98,89.8,215.5,-177.8,0,0,6:54:45
2.43,-1.99,89.8,218.2,-178.7,0,0,6:54:50
2.44,-2.01,89.8,219.1,-180.5,0,0,6:54:55
2.45,-2.01,89.8,220,-180.5,0,0,6:55:00
2.48,-2.04,89.9,223,-183.4,0,0,6:55:05
2.49,-2.05,89.9,223.9,-184.3,0,0,6:55:10
2.5,-2.07,89.9,224.8,-186.1,0,0,6:55:15
2.5,-2.08,89.9,224.8,-187,0,0,6:55:20
2.53,-2.09,89.9,227.4,-187.9,0,0,6:55:25
2.55,-2.11,89.9,229.2,-189.7,0,0,6:55:30
2.57,-2.13,89.9,231,-191.5,0,0,6:55:35
2.59,-2.14,90,233.1,-192.6,0,0,6:55:40
2.6,-2.16,90,234,-194.4,0,0,6:55:45
2.63,-2.18,90,236.7,-196.2,0,0,6:55:50
2.64,-2.19,90,237.6,-197.1,0,0,6:55:55
2.67,-2.21,90,240.3,-198.9,0,0,6:56:00
2.68,-2.23,90,241.2,-200.7,0,0,6:56:05
2.69,-2.23,90,242.1,-200.7,0,0,6:56:10
2.7,-2.25,90,243,-202.5,0,0,6:56:15
2.72,-2.26,90,244.8,-203.4,0,0,6:56:20
2.73,-2.28,90,245.7,-205.2,0,0,6:56:25
2.74,-2.29,90,246.6,-206.1,0,0,6:56:30
2.75,-2.29,90,247.5,-206.1,0,0,6:56:35
2.76,-2.3,90,248.4,-207,0,0,6:56:40
2.78,-2.32,90,250.2,-208.8,0,0,6:56:45
2.78,-2.32,90,250.2,-208.8,0,0,6:56:50
2.72,-2.27,90,244.8,-204.3,0,0,6:56:55
2.81,-2.34,90,252.9,-210.6,0,0,6:57:00
2.82,-2.34,90,253.8,-210.6,0,0,6:57:05
2.83,-2.36,90,254.7,-212.4,0,0,6:57:10
2.84,-2.37,90,255.6,-213.3,0,0,6:57:15
2.87,-2.39,90,258.3,-215.1,0,0,6:57:20
2.87,-2.41,90,258.3,-216.9,0,0,6:57:25
2.88,-2.41,90,259.2,-216.9,0,0,6:57:30
2.88,-2.41,90,259.2,-216.9,0,0,6:57:35
2.9,-2.43,90,261,-218.7,0,0,6:57:40
2.91,-2.44,90,261.9,-219.6,0,0,6:57:45
2.91,-2.44,90,261.9,-219.6,0,0,6:57:50
2.92,-2.45,90,262.8,-220.5,0,0,6:57:55
2.93,-2.46,90,263.7,-221.4,0,0,6:58:00
2.93,-2.46,90.1,264,-221.6,0,0,6:58:05
2.94,-2.47,90.1,264.9,-222.5,0,0,6:58:10
2.96,-2.47,90.1,266.7,-222.5,0,0,6:58:15
2.97,-2.5,90.1,267.6,-225.3,0,0,6:58:20
2.97,-2.5,90.1,267.6,-225.3,0,0,6:58:25
3,-2.52,90.1,270.3,-227.1,0,0,6:58:30
3,-2.53,90.1,270.3,-228,0,0,6:58:35
3,-2.52,90.1,270.3,-227.1,0,0,6:58:40
3.02,-2.54,90.1,272.1,-228.9,0,0,6:58:45
3.02,-2.55,90.1,272.1,-229.8,0,0,6:58:50
3.04,-2.56,90.1,273.9,-230.7,0,0,6:58:55
3.06,-2.57,90.1,275.7,-231.6,0,0,6:59:00
3.07,-2.59,90.1,276.6,-233.4,0,0,6:59:05
3.07,-2.59,90.1,276.6,-233.4,0,0,6:59:10
3.08,-2.6,90.1,277.5,-234.3,0,0,6:59:15
3.11,-2.62,90.1,280.2,-236.1,0,0,6:59:20
3.11,-2.63,90.1,280.2,-237,0,0,6:59:25
3.11,-2.62,90.1,280.2,-236.1,0,0,6:59:30
3.12,-2.63,90.1,281.1,-237,0,0,6:59:35
3.14,-2.65,90.1,282.9,-238.8,0,0,6:59:40
3.13,-2.64,90.1,282,-237.9,0,0,6:59:45
3.15,-2.65,90.1,283.8,-238.8,0,0,6:59:50
3.15,-2.66,90.1,283.8,-239.7,0,0,6:59:55
3.15,-2.66,90.1,283.8,-239.7,0,0,7:00:00
3.17,-2.67,90.1,285.6,-240.6,0,0,7:00:05
3.17,-2.69,90.1,285.6,-242.4,0,0,7:00:10
3.19,-2.7,90.1,287.4,-243.3,0,0,7:00:15
3.21,-2.72,90.1,289.2,-245.1,0,0,7:00:20
3.23,-2.73,90.1,291,-246,0,0,7:00:25
3.24,-2.75,90.1,291.9,-247.8,0,0,7:00:30
3.25,-2.76,90.2,293.2,-249,0,0,7:00:35
3.28,-2.78,90.2,295.9,-250.8,0,0,7:00:40
3.28,-2.78,90.2,295.9,-250.8,0,0,7:00:45
3.3,-2.79,90.2,297.7,-251.7,0,0,7:00:50
3.31,-2.81,90.2,298.6,-253.5,0,0,7:00:55
3.33,-2.82,90.2,300.4,-254.4,0,0,7:01:00
3.34,-2.84,90.2,301.3,-256.2,0,0,7:01:05
3.36,-2.85,90.2,303.1,-257.1,0,0,7:01:10
3.38,-2.87,90.2,304.9,-258.9,0,0,7:01:15
3.39,-2.89,90.3,306.1,-261,0,0,7:01:20
3.41,-2.9,90.3,307.9,-261.9,0,0,7:01:25
3.42,-2.9,90.3,308.8,-261.9,0,0,7:01:30
3.44,-2.93,90.3,310.6,-264.6,0,0,7:01:35
3.46,-2.95,90.3,312.4,-266.4,0,0,7:01:40
3.48,-2.97,90.3,314.2,-268.2,0,0,7:01:45
3.49,-2.97,90.3,315.1,-268.2,0,0,7:01:50
3.49,-2.99,90.3,315.1,-270,0,0,7:01:55
3.52,-3.01,90.3,317.9,-271.8,0,0,7:02:00
3.53,-3.01,90.3,318.8,-271.8,0,0,7:02:05
3.54,-3.03,90.3,319.7,-273.6,0,0,7:02:10
3.55,-3.04,90.3,320.6,-274.5,0,0,7:02:15
3.56,-3.05,90.3,321.5,-275.4,0,0,7:02:20
3.59,-3.07,90.3,324.2,-277.2,0,0,7:02:25
3.6,-3.08,90.3,325.1,-278.1,0,0,7:02:30
3.62,-3.09,90.3,326.9,-279,0,0,7:02:35
3.63,-3.11,90.3,327.8,-280.8,0,0,7:02:40
3.65,-3.14,90.3,329.6,-283.5,0,0,7:02:45
3.67,-3.15,90.3,331.4,-284.4,0,0,7:02:50
3.68,-3.15,90.3,332.3,-284.4,0,0,7:02:55
3.7,-3.17,90.3,334.1,-286.3,0,0,7:03:00
3.72,-3.18,90.3,335.9,-287.2,0,0,7:03:05
3.73,-3.2,90.3,336.8,-289,0,0,7:03:10
3.73,-3.2,90.4,337.2,-289.3,0,0,7:03:15
3.74,-3.21,90.3,337.7,-289.9,0,0,7:03:20
3.75,-3.23,90.3,338.6,-291.7,0,0,7:03:25
3.78,-3.24,90.3,341.3,-292.6,0,0,7:03:30
3.8,-3.26,90.3,343.1,-294.4,0,0,7:03:35
3.83,-3.29,90.4,346.2,-297.4,0,0,7:03:40
3.85,-3.31,90.4,348,-299.2,0,0,7:03:45
3.87,-3.33,90.4,349.8,-301,0,0,7:03:50
3.88,-3.34,90.4,350.8,-301.9,0,0,7:03:55
3.9,-3.35,90.4,352.6,-302.8,0,0,7:04:00
3.92,-3.37,90.4,354.4,-304.6,0,0,7:04:05
3.93,-3.38,90.4,355.3,-305.6,0,0,7:04:10
3.95,-3.39,90.4,357.1,-306.5,0,0,7:04:15
3.96,-3.4,90.4,358,-307.4,0,0,7:04:20
3.96,-3.4,90.4,358,-307.4,0,0,7:04:25
3.97,-3.42,90.4,358.9,-309.2,0,0,7:04:30
3.97,-3.43,90.4,358.9,-310.1,0,0,7:04:35
3.98,-3.44,90.4,359.8,-311,0,0,7:04:40
4,-3.44,90.4,361.6,-311,0,0,7:04:45
4.01,-3.46,90.4,362.5,-312.8,0,0,7:04:50
4.02,-3.47,90.4,363.4,-313.7,0,0,7:04:55
4.04,-3.48,90.4,365.2,-314.6,0,0,7:05:00
4.04,-3.48,90.4,365.2,-314.6,0,0,7:05:05
4.04,-3.48,90.4,365.2,-314.6,0,0,7:05:10
4.07,-3.51,90.4,367.9,-317.3,0,0,7:05:15
4.08,-3.52,90.4,368.8,-318.2,0,0,7:05:20
4.06,-3.5,90.4,367,-316.4,0,0,7:05:25
4.06,-3.5,90.4,367,-316.4,0,0,7:05:30
4.1,-3.53,90.4,370.6,-319.1,0,0,7:05:35
4.11,-3.55,90.4,371.5,-320.9,0,0,7:05:40
4.12,-3.55,90.4,372.4,-320.9,0,0,7:05:45
4.14,-3.57,90.4,374.3,-322.7,0,0,7:05:50
4.18,-3.63,90.6,378.7,-328.9,0,0,7:05:55
4.18,-3.62,90.5,378.3,-327.6,0,0,7:06:00
4.21,-3.64,90.6,381.4,-329.8,0,0,7:06:05
4.23,-3.66,90.5,382.8,-331.2,0,0,7:06:10
4.28,-3.7,90.5,387.3,-334.9,0,0,7:06:15
4.28,-3.71,90.6,387.8,-336.1,0,0,7:06:20
4.3,-3.71,90.6,389.6,-336.1,0,0,7:06:25
4.31,-3.74,90.6,390.5,-338.8,0,0,7:06:30
4.3,-3.72,90.6,389.6,-337,0,0,7:06:35
4.33,-3.75,90.6,392.3,-339.8,0,0,7:06:40
4.31,-3.73,90.6,390.5,-337.9,0,0,7:06:45
4.32,-3.75,90.6,391.4,-339.8,0,0,7:06:50
4.37,-3.8,90.6,395.9,-344.3,0,0,7:06:55
4.39,-3.81,90.6,397.7,-345.2,0,0,7:07:00
4.42,-3.83,90.6,400.5,-347,0,0,7:07:05
4.44,-3.85,90.6,402.3,-348.8,0,0,7:07:10
4.46,-3.87,90.6,404.1,-350.6,0,0,7:07:15
4.44,-3.86,90.6,402.3,-349.7,0,0,7:07:20
4.46,-3.87,90.6,404.1,-350.6,0,0,7:07:25
4.49,-3.9,90.6,406.8,-353.3,0,0,7:07:30
4.5,-3.91,90.6,407.7,-354.2,0,0,7:07:35
4.54,-3.95,90.6,411.3,-357.9,0,0,7:07:40
4.58,-3.98,90.6,414.9,-360.6,0,0,7:07:45
4.59,-4,90.6,415.9,-362.4,0,0,7:07:50
4.61,-4,90.6,417.7,-362.4,0,0,7:07:55
4.64,-4.05,90.6,420.4,-366.9,0,0,7:08:00
4.67,-4.07,90.6,423.1,-368.7,0,0,7:08:05
4.68,-4.07,90.6,424,-368.7,0,0,7:08:10
4.69,-4.08,90.6,424.9,-369.6,0,0,7:08:15
4.72,-4.11,90.7,428.1,-372.8,0,0,7:08:20
4.73,-4.12,90.7,429,-373.7,0,0,7:08:25
4.74,-4.13,90.7,429.9,-374.6,0,0,7:08:30
4.75,-4.14,90.7,430.8,-375.5,0,0,7:08:35
4.76,-4.15,90.7,431.7,-376.4,0,0,7:08:40
4.76,-4.14,90.7,431.7,-375.5,0,0,7:08:45
4.79,-4.18,90.7,434.5,-379.1,0,0,7:08:50
4.78,-4.16,90.7,433.5,-377.3,0,0,7:08:55
4.78,-4.18,90.7,433.5,-379.1,0,0,7:09:00
4.81,-4.18,90.7,436.3,-379.1,0,0,7:09:05
4.82,-4.21,90.7,437.2,-381.8,0,0,7:09:10
4.83,-4.22,90.7,438.1,-382.8,0,0,7:09:15
4.85,-4.23,90.7,439.9,-383.7,0,0,7:09:20
4.85,-4.23,90.7,439.9,-383.7,0,0,7:09:25
4.87,-4.25,90.7,441.7,-385.5,0,0,7:09:30
4.87,-4.25,90.7,441.7,-385.5,0,0,7:09:35
4.88,-4.26,90.7,442.6,-386.4,0,0,7:09:40
4.88,-4.26,90.7,442.6,-386.4,0,0,7:09:45
4.89,-4.27,90.7,443.5,-387.3,0,0,7:09:50
4.91,-4.28,90.8,445.8,-388.6,0,0,7:09:55
4.92,-4.3,90.7,446.2,-390,0,0,7:10:00
4.93,-4.31,90.8,447.6,-391.3,0,0,7:10:05
4.95,-4.32,90.8,449.5,-392.3,0,0,7:10:10
4.96,-4.33,90.8,450.4,-393.2,0,0,7:10:15
4.97,-4.34,90.8,451.3,-394.1,0,0,7:10:20
4.99,-4.36,90.8,453.1,-395.9,0,0,7:10:25
5.01,-4.38,90.9,455.4,-398.1,0,0,7:10:30
5,-4.37,90.9,454.5,-397.2,0,0,7:10:35
5.01,-4.38,90.9,455.4,-398.1,0,0,7:10:40
5.02,-4.39,90.9,456.3,-399.1,0,0,7:10:45
5.02,-4.4,90.9,456.3,-400,0,0,7:10:50
5.05,-4.41,90.9,459,-400.9,0,0,7:10:55
5.04,-4.41,90.9,458.1,-400.9,0,0,7:11:00
5.06,-4.42,90.9,460,-401.8,0,0,7:11:05
5.07,-4.43,90.9,460.9,-402.7,0,0,7:11:10
5.09,-4.45,90.9,462.7,-404.5,0,0,7:11:15
5.1,-4.46,90.9,463.6,-405.4,0,0,7:11:20
5.12,-4.49,90.9,465.4,-408.1,0,0,7:11:25
5.11,-4.49,90.9,464.5,-408.1,0,0,7:11:30
5.14,-4.5,90.9,467.2,-409.1,0,0,7:11:35
5.15,-4.52,90.9,468.1,-410.9,0,0,7:11:40
5.19,-4.54,90.9,471.8,-412.7,0,0,7:11:45
5.12,-4.49,90.9,465.4,-408.1,0,0,7:11:50
5.14,-4.5,90.9,467.2,-409.1,0,0,7:11:55
5.15,-4.51,90.9,468.1,-410,0,0,7:12:00
5.19,-4.55,90.9,471.8,-413.6,0,0,7:12:05
5.2,-4.55,90.9,472.7,-413.6,0,0,7:12:10
5.21,-4.57,90.9,473.6,-415.4,0,0,7:12:15
5.24,-4.59,90.9,476.3,-417.2,0,0,7:12:20
5.27,-4.63,90.9,479,-420.9,0,0,7:12:25
5.29,-4.64,90.9,480.9,-421.8,0,0,7:12:30
5.3,-4.65,90.9,481.8,-422.7,0,0,7:12:35
5.32,-4.67,90.9,483.6,-424.5,0,0,7:12:40
5.35,-4.69,90.9,486.3,-426.3,0,0,7:12:45
5.3,-4.65,90.9,481.8,-422.7,0,0,7:12:50
5.41,-4.74,90.9,491.8,-430.9,0,0,7:12:55
5.36,-4.7,90.9,487.2,-427.2,0,0,7:13:00
5.41,-4.75,90.9,491.8,-431.8,0,0,7:13:05
5.42,-4.77,91,493.2,-434.1,0,0,7:13:10
5.45,-4.79,91,496,-435.9,0,0,7:13:15
5.51,-4.84,91,501.4,-440.4,0,0,7:13:20
5.54,-4.87,91,504.1,-443.2,0,0,7:13:25
5.54,-4.88,91,504.1,-444.1,0,0,7:13:30
5.55,-4.88,91,505.1,-444.1,0,0,7:13:35
5.57,-4.9,91,506.9,-445.9,0,0,7:13:40
5.58,-4.91,91,507.8,-446.8,0,0,7:13:45
5.61,-4.94,91,510.5,-449.5,0,0,7:13:50
5.62,-4.95,91,511.4,-450.5,0,0,7:13:55
5.53,-4.87,91,503.2,-443.2,0,0,7:14:00
5.57,-4.89,91,506.9,-445,0,0,7:14:05
5.48,-4.81,91,498.7,-437.7,0,0,7:14:10
5.51,-4.85,91,501.4,-441.4,0,0,7:14:15
5.5,-4.84,91,500.5,-440.4,0,0,7:14:20
5.52,-4.85,91,502.3,-441.4,0,0,7:14:25
5.53,-4.85,91,503.2,-441.4,0,0,7:14:30
5.55,-4.87,91,505.1,-443.2,0,0,7:14:35
5.54,-4.88,91,504.1,-444.1,0,0,7:14:40
5.54,-4.87,91,504.1,-443.2,0,0,7:14:45
5.57,-4.9,91,506.9,-445.9,0,0,7:14:50
5.6,-4.94,91,509.6,-449.5,0,0,7:14:55
5.75,-5.07,91,523.3,-461.4,0,0,7:15:00
5.77,-5.09,91.1,525.6,-463.7,0,0,7:15:05
5.78,-5.1,91,526,-464.1,0,0,7:15:10
5.8,-5.11,91.1,528.4,-465.5,0,0,7:15:15
5.81,-5.12,91.1,529.3,-466.4,0,0,7:15:20
5.87,-5.17,91.1,534.8,-471,0,0,7:15:25
5.88,-5.18,91.2,536.3,-472.4,0,0,7:15:30
5.89,-5.19,91.2,537.2,-473.3,0,0,7:15:35
5.9,-5.2,91.1,537.5,-473.7,0,0,7:15:40
5.92,-5.21,91.2,539.9,-475.2,0,0,7:15:45
5.94,-5.25,91.1,541.1,-478.3,0,0,7:15:50
5.96,-5.27,91.2,543.6,-480.6,0,0,7:15:55
5.96,-5.27,91.2,543.6,-480.6,0,0,7:16:00
5.98,-5.28,91.2,545.4,-481.5,0,0,7:16:05
6,-5.3,91.2,547.2,-483.4,0,0,7:16:10
6.01,-5.31,91.2,548.1,-484.3,0,0,7:16:15
6.03,-5.33,91.2,549.9,-486.1,0,0,7:16:20
6.04,-5.33,91.2,550.8,-486.1,0,0,7:16:25
6.04,-5.34,91.2,550.8,-487,0,0,7:16:30
6.05,-5.35,91.2,551.8,-487.9,0,0,7:16:35
6.07,-5.36,91.2,553.6,-488.8,0,0,7:16:40
6.07,-5.36,91.2,553.6,-488.8,0,0,7:16:45
6.08,-5.38,91.2,554.5,-490.7,0,0,7:16:50
6.07,-5.36,91.2,553.6,-488.8,0,0,7:16:55
6.09,-5.38,91.2,555.4,-490.7,0,0,7:17:00
6.1,-5.4,91.2,556.3,-492.5,0,0,7:17:05
6.1,-5.39,91.2,556.3,-491.6,0,0,7:17:10
6.1,-5.4,91.2,556.3,-492.5,0,0,7:17:15
6.11,-5.41,91.2,557.2,-493.4,0,0,7:17:20
6.11,-5.4,91.2,557.2,-492.5,0,0,7:17:25
6.1,-5.4,91.2,556.3,-492.5,0,0,7:17:30
6.11,-5.4,91.2,557.2,-492.5,0,0,7:17:35
6.12,-5.42,91.3,558.8,-494.8,0,0,7:17:40
6.13,-5.42,91.2,559.1,-494.3,0,0,7:17:45
6.12,-5.41,91.2,558.1,-493.4,0,0,7:17:50
6.12,-5.42,91.2,558.1,-494.3,0,0,7:17:55
6.11,-5.41,91.3,557.8,-493.9,0,0,7:18:00
6.13,-5.42,91.3,559.7,-494.8,0,0,7:18:05
6.13,-5.42,91.3,559.7,-494.8,0,0,7:18:10
6.13,-5.43,91.2,559.1,-495.2,0,0,7:18:15
6.15,-5.44,91.2,560.9,-496.1,0,0,7:18:20
6.14,-5.43,91.2,560,-495.2,0,0,7:18:25
6.16,-5.44,91.3,562.4,-496.7,0,0,7:18:30
6.13,-5.43,91.2,559.1,-495.2,0,0,7:18:35
6.15,-5.44,91.3,561.5,-496.7,0,0,7:18:40
6.14,-5.43,91.3,560.6,-495.8,0,0,7:18:45
6.16,-5.45,91.3,562.4,-497.6,0,0,7:18:50
6.16,-5.45,91.3,562.4,-497.6,0,0,7:18:55
6.17,-5.46,91.3,563.3,-498.5,0,0,7:19:00
6.17,-5.46,91.3,563.3,-498.5,0,0,7:19:05
6.18,-5.46,91.3,564.2,-498.5,0,0,7:19:10
6.17,-5.46,91.3,563.3,-498.5,0,0,7:19:15
6.18,-5.46,91.3,564.2,-498.5,0,0,7:19:20
6.17,-5.46,91.3,563.3,-498.5,0,0,7:19:25
6.18,-5.46,91.3,564.2,-498.5,0,0,7:19:30
6.18,-5.47,91.3,564.2,-499.4,0,0,7:19:35
6.18,-5.46,91.3,564.2,-498.5,0,0,7:19:40
6.19,-5.48,91.3,565.1,-500.3,0,0,7:19:45
6.18,-5.46,91.3,564.2,-498.5,0,0,7:19:50
6.17,-5.46,91.3,563.3,-498.5,0,0,7:19:55
6.19,-5.48,91.3,565.1,-500.3,0,0,7:20:00
6.17,-5.47,91.3,563.3,-499.4,0,0,7:20:05
6.18,-5.47,91.3,564.2,-499.4,0,0,7:20:10
6.17,-5.46,91.3,563.3,-498.5,0,0,7:20:15
6.19,-5.47,91.3,565.1,-499.4,0,0,7:20:20
6.19,-5.47,91.3,565.1,-499.4,0,0,7:20:25
6.19,-5.48,91.3,565.1,-500.3,0,0,7:20:30
6.21,-5.5,91.3,567,-502.2,0,0,7:20:35
6.21,-5.5,91.3,567,-502.2,0,0,7:20:40
6.21,-5.49,91.3,567,-501.2,0,0,7:20:45
6.22,-5.5,91.3,567.9,-502.2,0,0,7:20:50
6.16,-5.45,91.3,562.4,-497.6,0,0,7:20:55
6.24,-5.52,91.3,569.7,-504,0,0,7:21:00
6.24,-5.53,91.3,569.7,-504.9,0,0,7:21:05
6.26,-5.54,91.3,571.5,-505.8,0,0,7:21:10
6.24,-5.53,91.3,569.7,-504.9,0,0,7:21:15
6.25,-5.53,91.3,570.6,-504.9,0,0,7:21:20
6.27,-5.55,91.3,572.5,-506.7,0,0,7:21:25
6.27,-5.55,91.4,573.1,-507.3,0,0,7:21:30
6.27,-5.55,91.3,572.5,-506.7,0,0,7:21:35
6.3,-5.58,91.4,575.8,-510,0,0,7:21:40
6.27,-5.56,91.4,573.1,-508.2,0,0,7:21:45
6.29,-5.57,91.4,574.9,-509.1,0,0,7:21:50
6.3,-5.58,91.4,575.8,-510,0,0,7:21:55
6.31,-5.59,91.4,576.7,-510.9,0,0,7:22:00
6.31,-5.59,91.4,576.7,-510.9,0,0,7:22:05
6.31,-5.59,91.4,576.7,-510.9,0,0,7:22:10
6.33,-5.6,91.4,578.6,-511.8,0,0,7:22:15
6.31,-5.59,91.5,577.4,-511.5,0,0,7:22:20
6.34,-5.62,91.5,580.1,-514.2,0,0,7:22:25
6.35,-5.63,91.4,580.4,-514.6,0,0,7:22:30
6.4,-5.66,91.5,585.6,-517.9,0,0,7:22:35
6.42,-5.69,91.5,587.4,-520.6,0,0,7:22:40
6.44,-5.71,91.5,589.3,-522.5,0,0,7:22:45
6.44,-5.71,91.5,589.3,-522.5,0,0,7:22:50
6.48,-5.74,91.5,592.9,-525.2,0,0,7:22:55
6.51,-5.77,91.5,595.7,-528,0,0,7:23:00
6.53,-5.8,91.5,597.5,-530.7,0,0,7:23:05
6.55,-5.8,91.5,599.3,-530.7,0,0,7:23:10
6.6,-5.86,91.5,603.9,-536.2,0,0,7:23:15
6.63,-5.88,91.5,606.6,-538,0,0,7:23:20
6.65,-5.9,91.5,608.5,-539.9,0,0,7:23:25
6.68,-5.93,91.5,611.2,-542.6,0,0,7:23:30
6.7,-5.95,91.5,613.1,-544.4,0,0,7:23:35
6.71,-5.96,91.5,614,-545.3,0,0,7:23:40
6.74,-5.99,91.6,617.4,-548.7,0,0,7:23:45
6.75,-6,91.5,617.6,-549,0,0,7:23:50
6.78,-6.02,91.6,621,-551.4,0,0,7:23:55
6.79,-6.03,91.6,622,-552.3,0,0,7:24:00
6.82,-6.06,91.6,624.7,-555.1,0,0,7:24:05
6.85,-6.08,91.6,627.5,-556.9,0,0,7:24:10
6.87,-6.1,91.5,628.6,-558.2,0,0,7:24:15
6.87,-6.11,91.6,629.3,-559.7,0,0,7:24:20
6.92,-6.15,91.6,633.9,-563.3,0,0,7:24:25
6.93,-6.17,91.6,634.8,-565.2,0,0,7:24:30
6.93,-6.16,91.6,634.8,-564.3,0,0,7:24:35
6.92,-6.15,91.6,633.9,-563.3,0,0,7:24:40
6.98,-6.2,91.6,639.4,-567.9,0,0,7:24:45
6.97,-6.19,91.6,638.5,-567,0,0,7:24:50
6.99,-6.22,91.6,640.3,-569.8,0,0,7:24:55
7,-6.22,91.6,641.2,-569.8,0,0,7:25:00
7.17,-6.39,91.7,657.5,-586,0,0,7:25:05
7.17,-6.38,91.7,657.5,-585,0,0,7:25:10
7.2,-6.41,91.7,660.2,-587.8,0,0,7:25:15
7.19,-6.41,91.7,659.3,-587.8,0,0,7:25:20
7.18,-6.39,91.7,658.4,-586,0,0,7:25:25
7.19,-6.39,91.8,660,-586.6,0,0,7:25:30
7.17,-6.39,91.8,658.2,-586.6,0,0,7:25:35
7.2,-6.43,91.7,660.2,-589.6,0,0,7:25:40
7.21,-6.42,91.8,661.9,-589.4,0,0,7:25:45
7.22,-6.43,91.8,662.8,-590.3,0,0,7:25:50
7.22,-6.44,91.8,662.8,-591.2,0,0,7:25:55
7.23,-6.44,91.8,663.7,-591.2,0,0,7:26:00
7.21,-6.42,91.7,661.2,-588.7,0,0,7:26:05
7.2,-6.42,91.8,661,-589.4,0,0,7:26:10
7.2,-6.41,91.8,661,-588.4,0,0,7:26:15
7.21,-6.42,91.8,661.9,-589.4,0,0,7:26:20
7.18,-6.39,91.8,659.1,-586.6,0,0,7:26:25
7.32,-6.51,91.8,672,-597.6,0,0,7:26:30
7.33,-6.53,91.8,672.9,-599.5,0,0,7:26:35
7.33,-6.53,91.8,672.9,-599.5,0,0,7:26:40
7.35,-6.55,91.8,674.7,-601.3,0,0,7:26:45
7.35,-6.56,91.8,674.7,-602.2,0,0,7:26:50
7.34,-6.55,91.8,673.8,-601.3,0,0,7:26:55
7.34,-6.55,91.8,673.8,-601.3,0,0,7:27:00
7.35,-6.55,91.8,674.7,-601.3,0,0,7:27:05
7.36,-6.57,91.8,675.6,-603.1,0,0,7:27:10
7.35,-6.56,91.8,674.7,-602.2,0,0,7:27:15
7.35,-6.56,91.8,674.7,-602.2,0,0,7:27:20
7.3,-6.51,91.8,670.1,-597.6,0,0,7:27:25
7.31,-6.5,91.8,671.1,-596.7,0,0,7:27:30
7.29,-6.49,91.8,669.2,-595.8,0,0,7:27:35
7.23,-6.44,91.8,663.7,-591.2,0,0,7:27:40
7.24,-6.45,91.8,664.6,-592.1,0,0,7:27:45
7.23,-6.45,91.8,663.7,-592.1,0,0,7:27:50
7.24,-6.45,91.8,664.6,-592.1,0,0,7:27:55
7.21,-6.43,91.8,661.9,-590.3,0,0,7:28:00
7.2,-6.42,91.8,661,-589.4,0,0,7:28:05
7.19,-6.41,91.8,660,-588.4,0,0,7:28:10
7.18,-6.4,91.8,659.1,-587.5,0,0,7:28:15
7.2,-6.43,91.8,661,-590.3,0,0,7:28:20
7.21,-6.42,91.8,661.9,-589.4,0,0,7:28:25
7.24,-6.46,91.8,664.6,-593,0,0,7:28:30
7.27,-6.48,91.8,667.4,-594.9,0,0,7:28:35
7.29,-6.49,91.9,670,-596.4,0,0,7:28:40
7.34,-6.54,91.8,673.8,-600.4,0,0,7:28:45
7.38,-6.59,91.9,678.2,-605.6,0,0,7:28:50
7.4,-6.6,91.9,680.1,-606.5,0,0,7:28:55
7.4,-6.6,91.9,680.1,-606.5,0,0,7:29:00
7.42,-6.62,91.9,681.9,-608.4,0,0,7:29:05
7.44,-6.64,91.9,683.7,-610.2,0,0,7:29:10
7.45,-6.65,91.9,684.7,-611.1,0,0,7:29:15
7.48,-6.68,91.9,687.4,-613.9,0,0,7:29:20
7.48,-6.67,91.9,687.4,-613,0,0,7:29:25
7.5,-6.69,91.9,689.3,-614.8,0,0,7:29:30
7.48,-6.67,91.9,687.4,-613,0,0,7:29:35
7.48,-6.67,91.9,687.4,-613,0,0,7:29:40
7.48,-6.66,91.9,687.4,-612.1,0,0,7:29:45
7.46,-6.65,91.9,685.6,-611.1,0,0,7:29:50
7.47,-6.66,91.9,686.5,-612.1,0,0,7:29:55
7.47,-6.66,91.9,686.5,-612.1,0,0,7:30:00
7.45,-6.65,91.9,684.7,-611.1,0,0,7:30:05
7.43,-6.63,91.9,682.8,-609.3,0,0,7:30:10
7.42,-6.62,92,682.6,-609,0,0,7:30:15
7.43,-6.63,92,683.6,-610,0,0,7:30:20
7.37,-6.57,91.9,677.3,-603.8,0,0,7:30:25
7.31,-6.51,91.9,671.8,-598.3,0,0,7:30:30
7.23,-6.44,91.9,664.4,-591.8,0,0,7:30:35
7.1,-6.32,91.9,652.5,-580.8,0,0,7:30:40
7.1,-6.32,91.8,651.8,-580.2,0,0,7:30:45
7.21,-6.43,91.9,662.6,-590.9,0,0,7:30:50
7.31,-6.51,91.9,671.8,-598.3,0,0,7:30:55
7.33,-6.53,91.9,673.6,-600.1,0,0,7:31:00
7.37,-6.57,92,678,-604.4,0,0,7:31:05
7.41,-6.61,92.1,682.5,-608.8,0,0,7:31:10
7.47,-6.67,92,687.2,-613.6,0,0,7:31:15
7.49,-6.68,92.1,689.8,-615.2,0,0,7:31:20
7.5,-6.7,92.1,690.8,-617.1,0,0,7:31:25
7.51,-6.69,92.1,691.7,-616.1,0,0,7:31:30
7.49,-6.68,92.1,689.8,-615.2,0,0,7:31:35
7.48,-6.67,92.1,688.9,-614.3,0,0,7:31:40
7.5,-6.7,92.1,690.8,-617.1,0,0,7:31:45
7.44,-6.63,92.1,685.2,-610.6,0,0,7:31:50
7.44,-6.64,92.1,685.2,-611.5,0,0,7:31:55
7.44,-6.63,92.1,685.2,-610.6,0,0,7:32:00
7.46,-6.65,92.1,687.1,-612.5,0,0,7:32:05
7.48,-6.67,92.1,688.9,-614.3,0,0,7:32:10
7.52,-6.71,92.1,692.6,-618,0,0,7:32:15
7.55,-6.74,92.1,695.4,-620.8,0,0,7:32:20
7.61,-6.78,92.1,700.9,-624.4,0,0,7:32:25
7.67,-6.85,92.1,706.4,-630.9,0,0,7:32:30
7.72,-6.9,92.1,711,-635.5,0,0,7:32:35
7.75,-6.93,92.1,713.8,-638.3,0,0,7:32:40
7.77,-6.94,92.1,715.6,-639.2,0,0,7:32:45
7.78,-6.95,92.1,716.5,-640.1,0,0,7:32:50
7.82,-6.98,92.1,720.2,-642.9,0,0,7:32:55
7.83,-6.99,92.1,721.1,-643.8,0,0,7:33:00
7.86,-7.03,92.1,723.9,-647.5,0,0,7:33:05
7.91,-7.08,92.1,728.5,-652.1,0,0,7:33:10
7.97,-7.12,92.2,734.8,-656.5,0,0,7:33:15
7.93,-7.09,92.1,730.4,-653,0,0,7:33:20
8.03,-7.18,92.2,740.4,-662,0,0,7:33:25
8.02,-7.17,92.2,739.4,-661.1,0,0,7:33:30
8.02,-7.18,92.2,739.4,-662,0,0,7:33:35
8.02,-7.18,92.2,739.4,-662,0,0,7:33:40
8.05,-7.2,92.2,742.2,-663.8,0,0,7:33:45
8.09,-7.23,92.2,745.9,-666.6,0,0,7:33:50
8.08,-7.23,92.2,745,-666.6,0,0,7:33:55
8.1,-7.25,92.2,746.8,-668.5,0,0,7:34:00
8.11,-7.25,92.2,747.7,-668.5,0,0,7:34:05
8.1,-7.24,92.2,746.8,-667.5,0,0,7:34:10
8.1,-7.24,92.2,746.8,-667.5,0,0,7:34:15
8.11,-7.26,92.2,747.7,-669.4,0,0,7:34:20
8.11,-7.26,92.2,747.7,-669.4,0,0,7:34:25
8.08,-7.23,92.2,745,-666.6,0,0,7:34:30
8.08,-7.23,92.2,745,-666.6,0,0,7:34:35
8.09,-7.24,92.2,745.9,-667.5,0,0,7:34:40
8.11,-7.26,92.2,747.7,-669.4,0,0,7:34:45
8.13,-7.27,92.2,749.6,-670.3,0,0,7:34:50
8.16,-7.3,92.3,753.2,-673.8,0,0,7:34:55
8.18,-7.33,92.3,755,-676.6,0,0,7:35:00
8.19,-7.33,92.3,755.9,-676.6,0,0,7:35:05
8.19,-7.34,92.3,755.9,-677.5,0,0,7:35:10
8.19,-7.33,92.3,755.9,-676.6,0,0,7:35:15
8.2,-7.34,92.4,757.7,-678.2,0,0,7:35:20
8.24,-7.37,92.3,760.6,-680.3,0,0,7:35:25
8.29,-7.42,92.4,766,-685.6,0,0,7:35:30
8.33,-7.46,92.4,769.7,-689.3,0,0,7:35:35
8.35,-7.48,92.4,771.5,-691.2,0,0,7:35:40
8.32,-7.45,92.4,768.8,-688.4,0,0,7:35:45
8.35,-7.47,92.4,771.5,-690.2,0,0,7:35:50
8.35,-7.48,92.4,771.5,-691.2,0,0,7:35:55
8.4,-7.52,92.3,775.3,-694.1,0,0,7:36:00
8.37,-7.49,92.4,773.4,-692.1,0,0,7:36:05
8.4,-7.52,92.4,776.2,-694.8,0,0,7:36:10
8.43,-7.54,92.4,778.9,-696.7,0,0,7:36:15
8.45,-7.58,92.4,780.8,-700.4,0,0,7:36:20
8.46,-7.57,92.4,781.7,-699.5,0,0,7:36:25
8.47,-7.58,92.4,782.6,-700.4,0,0,7:36:30
8.49,-7.61,92.4,784.5,-703.2,0,0,7:36:35
8.53,-7.64,92.4,788.2,-705.9,0,0,7:36:40
8.55,-7.67,92.4,790,-708.7,0,0,7:36:45
8.58,-7.69,92.4,792.8,-710.6,0,0,7:36:50
8.54,-7.66,92.5,790,-708.6,0,0,7:36:55
8.54,-7.65,92.4,789.1,-706.9,0,0,7:37:00
8.56,-7.68,92.4,790.9,-709.6,0,0,7:37:05
8.58,-7.69,92.5,793.7,-711.3,0,0,7:37:10
8.63,-7.72,92.5,798.3,-714.1,0,0,7:37:15
8.68,-7.78,92.5,802.9,-719.7,0,0,7:37:20
8.71,-7.81,92.5,805.7,-722.4,0,0,7:37:25
8.73,-7.82,92.5,807.5,-723.4,0,0,7:37:30
8.73,-7.83,92.5,807.5,-724.3,0,0,7:37:35
8.75,-7.85,92.5,809.4,-726.1,0,0,7:37:40
8.68,-7.79,92.5,802.9,-720.6,0,0,7:37:45
8.45,-7.57,92.5,781.6,-700.2,0,0,7:37:50
8.07,-7.21,92.4,745.7,-666.2,0,0,7:37:55
6.9,-6.13,92.2,636.2,-565.2,0,0,7:38:00
5.77,-5.09,92.1,531.4,-468.8,0,0,7:38:05
4.64,-4.04,91.8,426,-370.9,0,0,7:38:10
5.02,-4.39,91.8,460.8,-403,0,0,7:38:15
5.69,-5.01,92,523.5,-460.9,0,0,7:38:20
5.73,-5.06,92,527.2,-465.5,0,0,7:38:25
5.53,-4.86,91.9,508.2,-446.6,0,0,7:38:30
3.84,-3.3,91.6,351.7,-302.3,0,0,7:38:35
2.77,-2.31,91.4,253.2,-211.1,0,0,7:38:40
2.97,-2.48,91.4,271.5,-226.7,0,0,7:38:45
3.03,-2.55,91.4,276.9,-233.1,0,0,7:38:50
2.85,-2.37,91.3,260.2,-216.4,0,0,7:38:55
2.56,-2.11,91.3,233.7,-192.6,0,0,7:39:00
2.39,-1.96,91.3,218.2,-178.9,0,0,7:39:05
2.31,-1.89,91.2,210.7,-172.4,0,0,7:39:10
2.29,-1.86,91.2,208.8,-169.6,0,0,7:39:15
2.27,-1.86,91.2,207,-169.6,0,0,7:39:20
2.3,-1.88,91.2,209.8,-171.5,0,0,7:39:25
2.3,-1.88,91.2,209.8,-171.5,0,0,7:39:30
2.24,-1.82,91.2,204.3,-166,0,0,7:39:35
2.2,-1.78,91.2,200.6,-162.3,0,0,7:39:40
2.2,-1.78,91.2,200.6,-162.3,0,0,7:39:45
2.24,-1.82,91.1,204.1,-165.8,0,0,7:39:50
2.3,-1.88,91.2,209.8,-171.5,0,0,7:39:55
2.42,-1.99,91.2,220.7,-181.5,0,0,7:40:00
2.52,-2.08,91.2,229.8,-189.7,0,0,7:40:05
3.13,-2.66,91.3,285.8,-242.9,0,0,7:40:10
5.8,-5.12,91.8,532.4,-470,0,0,7:40:15
7.95,-7.12,92.2,733,-656.5,0,0,7:40:20
8.35,-7.48,92.3,770.7,-690.4,0,0,7:40:25
8.41,-7.54,92.3,776.2,-695.9,0,0,7:40:30
8.38,-7.51,92.4,774.3,-693.9,0,0,7:40:35
8.4,-7.53,92.4,776.2,-695.8,0,0,7:40:40
8.29,-7.42,92.4,766,-685.6,0,0,7:40:45
8.2,-7.35,92.4,757.7,-679.1,0,0,7:40:50
8.17,-7.32,92.4,754.9,-676.4,0,0,7:40:55
8.18,-7.32,92.4,755.8,-676.4,0,0,7:41:00
8.23,-7.37,92.4,760.5,-681,0,0,7:41:05
8.11,-7.26,92.4,749.4,-670.8,0,0,7:41:10
7.85,-7.01,92.4,725.3,-647.7,0,0,7:41:15
8.04,-7.19,92.4,742.9,-664.4,0,0,7:41:20
8.18,-7.32,92.4,755.8,-676.4,0,0,7:41:25
8.19,-7.34,92.4,756.8,-678.2,0,0,7:41:30
7.85,-7.02,92.4,725.3,-648.6,0,0,7:41:35
7.54,-6.73,92.4,696.7,-621.9,0,0,7:41:40
7.44,-6.64,92.4,687.5,-613.5,0,0,7:41:45
7.76,-6.94,92.4,717,-641.3,0,0,7:41:50
8.09,-7.23,92.4,747.5,-668.1,0,0,7:41:55
8.17,-7.32,92.5,755.7,-677.1,0,0,7:42:00
8.09,-7.23,92.5,748.3,-668.8,0,0,7:42:05
7.84,-7,92.4,724.4,-646.8,0,0,7:42:10
7.29,-6.49,92.4,673.6,-599.7,0,0,7:42:15
6.92,-6.16,92.3,638.7,-568.6,0,0,7:42:20
6.72,-5.98,92.3,620.3,-552,0,0,7:42:25
5.45,-4.79,92.1,501.9,-441.2,0,0,7:42:30
4.26,-3.68,91.8,391.1,-337.8,0,0,7:42:35
3.65,-3.13,91.7,334.7,-287,0,0,7:42:40
3.86,-3.32,91.7,354,-304.4,0,0,7:42:45
4.9,-4.27,91.9,450.3,-392.4,0,0,7:42:50
5.65,-4.98,92.1,520.4,-458.7,0,0,7:42:55
6.16,-5.45,92.1,567.3,-501.9,0,0,7:43:00
7.14,-6.37,92.3,659,-588,0,0,7:43:05
7.72,-6.9,92.4,713.3,-637.6,0,0,7:43:10
7.65,-6.83,92.4,706.9,-631.1,0,0,7:43:15
7.78,-6.96,92.4,718.9,-643.1,0,0,7:43:20
7.94,-7.1,92.5,734.5,-656.8,0,0,7:43:25
8.22,-7.36,92.5,760.4,-680.8,0,0,7:43:30
8.32,-7.44,92.5,769.6,-688.2,0,0,7:43:35
8.31,-7.44,92.5,768.7,-688.2,0,0,7:43:40
8.28,-7.42,92.5,765.9,-686.4,0,0,7:43:45
8.25,-7.38,92.5,763.1,-682.7,0,0,7:43:50
8.24,-7.37,92.5,762.2,-681.7,0,0,7:43:55
8.2,-7.34,92.5,758.5,-679,0,0,7:44:00
8.16,-7.3,92.6,755.6,-676,0,0,7:44:05
8.12,-7.26,92.5,751.1,-671.6,0,0,7:44:10
8.12,-7.27,92.6,751.9,-673.2,0,0,7:44:15
8.16,-7.29,92.6,755.6,-675.1,0,0,7:44:20
8.14,-7.28,92.6,753.8,-674.1,0,0,7:44:25
8.15,-7.28,92.6,754.7,-674.1,0,0,7:44:30
8.11,-7.26,92.6,751,-672.3,0,0,7:44:35
8.12,-7.26,92.7,752.7,-673,0,0,7:44:40
8.09,-7.24,92.7,749.9,-671.1,0,0,7:44:45
8.09,-7.24,92.7,749.9,-671.1,0,0,7:44:50
8.09,-7.24,92.7,749.9,-671.1,0,0,7:44:55
8.09,-7.24,92.7,749.9,-671.1,0,0,7:45:00
8.11,-7.26,92.7,751.8,-673,0,0,7:45:05
8.13,-7.27,92.7,753.7,-673.9,0,0,7:45:10
8.11,-7.26,92.7,751.8,-673,0,0,7:45:15
8.11,-7.26,92.7,751.8,-673,0,0,7:45:20
8.11,-7.25,92.7,751.8,-672.1,0,0,7:45:25
8.13,-7.27,92.7,753.7,-673.9,0,0,7:45:30
8.14,-7.28,92.7,754.6,-674.9,0,0,7:45:35
8.13,-7.27,92.7,753.7,-673.9,0,0,7:45:40
8.14,-7.28,92.7,754.6,-674.9,0,0,7:45:45
8.14,-7.27,92.7,754.6,-673.9,0,0,7:45:50
8.13,-7.27,92.7,753.7,-673.9,0,0,7:45:55
8.13,-7.27,92.7,753.7,-673.9,0,0,7:46:00
8.14,-7.28,92.7,754.6,-674.9,0,0,7:46:05
8.14,-7.29,92.7,754.6,-675.8,0,0,7:46:10
8.14,-7.29,92.7,754.6,-675.8,0,0,7:46:15
8.17,-7.31,92.7,757.4,-677.6,0,0,7:46:20
8.17,-7.32,92.7,757.4,-678.6,0,0,7:46:25
8.19,-7.33,92.7,759.2,-679.5,0,0,7:46:30
8.1,-7.25,92.7,750.9,-672.1,0,0,7:46:35
8.09,-7.24,92.7,749.9,-671.1,0,0,7:46:40
8.1,-7.25,92.7,750.9,-672.1,0,0,7:46:45
8.08,-7.23,92.7,749,-670.2,0,0,7:46:50
8.11,-7.26,92.7,751.8,-673,0,0,7:46:55
8.12,-7.26,92.8,753.5,-673.7,0,0,7:47:00
8.12,-7.26,92.7,752.7,-673,0,0,7:47:05
8.07,-7.22,92.8,748.9,-670,0,0,7:47:10
8.14,-7.27,92.7,754.6,-673.9,0,0,7:47:15
8.08,-7.23,92.8,749.8,-670.9,0,0,7:47:20
8.05,-7.2,92.8,747,-668.2,0,0,7:47:25
8.02,-7.18,92.8,744.3,-666.3,0,0,7:47:30
7.95,-7.1,92.7,737,-658.2,0,0,7:47:35
7.97,-7.13,92.8,739.6,-661.7,0,0,7:47:40
7.95,-7.11,92.8,737.8,-659.8,0,0,7:47:45
7.91,-7.07,92.7,733.3,-655.4,0,0,7:47:50
7.91,-7.07,92.7,733.3,-655.4,0,0,7:47:55
7.92,-7.08,92.8,735,-657,0,0,7:48:00
7.9,-7.06,92.8,733.1,-655.2,0,0,7:48:05
7.93,-7.08,92.8,735.9,-657,0,0,7:48:10
7.91,-7.08,92.7,733.3,-656.3,0,0,7:48:15
7.95,-7.11,92.8,737.8,-659.8,0,0,7:48:20
8,-7.16,92.8,742.4,-664.4,0,0,7:48:25
8.01,-7.17,92.8,743.3,-665.4,0,0,7:48:30
7.99,-7.14,92.8,741.5,-662.6,0,0,7:48:35
8.05,-7.2,92.8,747,-668.2,0,0,7:48:40
8.05,-7.21,92.8,747,-669.1,0,0,7:48:45
8.02,-7.17,92.8,744.3,-665.4,0,0,7:48:50
8.09,-7.24,92.8,750.8,-671.9,0,0,7:48:55
8.14,-7.29,92.8,755.4,-676.5,0,0,7:49:00
8.15,-7.28,92.8,756.3,-675.6,0,0,7:49:05
8.17,-7.31,92.8,758.2,-678.4,0,0,7:49:10
8.19,-7.33,92.8,760,-680.2,0,0,7:49:15
8.19,-7.34,92.9,760.9,-681.9,0,0,7:49:20
8.23,-7.37,92.9,764.6,-684.7,0,0,7:49:25
8.26,-7.4,93,768.2,-688.2,0,0,7:49:30
8.47,-7.59,93,787.7,-705.9,0,0,7:49:35
8.41,-7.54,93,782.1,-701.2,0,0,7:49:40
8.43,-7.55,93,784,-702.2,0,0,7:49:45
8.45,-7.56,93,785.9,-703.1,0,0,7:49:50
8.45,-7.58,93,785.9,-704.9,0,0,7:49:55
8.49,-7.61,93,789.6,-707.7,0,0,7:50:00
8.53,-7.65,93,793.3,-711.5,0,0,7:50:05
8.52,-7.64,93,792.4,-710.5,0,0,7:50:10
8.56,-7.67,93,796.1,-713.3,0,0,7:50:15
8.58,-7.69,93,797.9,-715.2,0,0,7:50:20
8.63,-7.74,93,802.6,-719.8,0,0,7:50:25
8.66,-7.76,93,805.4,-721.7,0,0,7:50:30
8.64,-7.74,93,803.5,-719.8,0,0,7:50:35
8.65,-7.76,93,804.5,-721.7,0,0,7:50:40
8.69,-7.79,93.1,809,-725.2,0,0,7:50:45
8.7,-7.8,93.1,810,-726.2,0,0,7:50:50
8.67,-7.77,93.1,807.2,-723.4,0,0,7:50:55
8.67,-7.78,93.1,807.2,-724.3,0,0,7:51:00
8.63,-7.73,93.1,803.5,-719.7,0,0,7:51:05
8.65,-7.75,93.1,805.3,-721.5,0,0,7:51:10
8.67,-7.77,93.1,807.2,-723.4,0,0,7:51:15
8.67,-7.77,93.1,807.2,-723.4,0,0,7:51:20
8.67,-7.77,93.1,807.2,-723.4,0,0,7:51:25
8.67,-7.77,93.1,807.2,-723.4,0,0,7:51:30
8.7,-7.81,93.1,810,-727.1,0,0,7:51:35
8.64,-7.75,93.1,804.4,-721.5,0,0,7:51:40
8.33,-7.46,93.1,775.5,-694.5,0,0,7:51:45
7.75,-6.93,93,720.8,-644.5,0,0,7:51:50
7.97,-7.13,93,741.2,-663.1,0,0,7:51:55
8.4,-7.53,93.1,782,-701,0,0,7:52:00
8.61,-7.71,93.1,801.6,-717.8,0,0,7:52:05
8.77,-7.87,93.1,816.5,-732.7,0,0,7:52:10
8.84,-7.93,93.2,823.9,-739.1,0,0,7:52:15
8.83,-7.93,93.2,823,-739.1,0,0,7:52:20
8.54,-7.65,93.1,795.1,-712.2,0,0,7:52:25
7.54,-6.74,93,701.2,-626.8,0,0,7:52:30
6.04,-5.34,92.7,559.9,-495,0,0,7:52:35
4.07,-3.51,92.4,376.1,-324.3,0,0,7:52:40
4.41,-3.83,92.4,407.5,-353.9,0,0,7:52:45
5.51,-4.84,92.6,510.2,-448.2,0,0,7:52:50
4.91,-4.29,92.5,454.2,-396.8,0,0,7:52:55
3.94,-3.39,92.4,364.1,-313.2,0,0,7:53:00
3.35,-2.84,92.2,308.9,-261.8,0,0,7:53:05
5.26,-4.62,92.5,486.6,-427.4,0,0,7:53:10
5.42,-4.76,92.5,501.4,-440.3,0,0,7:53:15
6.04,-5.34,92.7,559.9,-495,0,0,7:53:20
7,-6.23,92.8,649.6,-578.1,0,0,7:53:25
7.17,-6.39,92.8,665.4,-593,0,0,7:53:30
7.57,-6.75,93,704,-627.8,0,0,7:53:35
8.65,-7.76,93.1,805.3,-722.5,0,0,7:53:40
8.52,-7.64,93.1,793.2,-711.3,0,0,7:53:45
8.01,-7.16,93.1,745.7,-666.6,0,0,7:53:50
6.07,-5.37,92.7,562.7,-497.8,0,0,7:53:55
4.94,-4.31,92.5,457,-398.7,0,0,7:54:00
6.5,-5.77,92.7,602.6,-534.9,0,0,7:54:05
8.03,-7.19,93,746.8,-668.7,0,0,7:54:10
5.56,-4.89,92.7,515.4,-453.3,0,0,7:54:15
3.37,-2.87,92.2,310.7,-264.6,0,0,7:54:20
2.91,-2.45,92.1,268,-225.6,0,0,7:54:25
2.82,-2.36,92.1,259.7,-217.4,0,0,7:54:30
2.8,-2.33,92.1,257.9,-214.6,0,0,7:54:35
2.84,-2.37,92.1,261.6,-218.3,0,0,7:54:40
3.07,-2.59,92.1,282.7,-238.5,0,0,7:54:45
3.11,-2.61,92.1,286.4,-240.4,0,0,7:54:50
3.16,-2.68,92.1,291,-246.8,0,0,7:54:55
3.46,-2.95,92.2,319,-272,0,0,7:55:00
3.76,-3.23,92.2,346.7,-297.8,0,0,7:55:05
4.62,-4.02,92.4,426.9,-371.4,0,0,7:55:10
4.57,-3.97,92.4,422.3,-366.8,0,0,7:55:15
3.7,-3.17,92.2,341.1,-292.3,0,0,7:55:20
3.37,-2.87,92.2,310.7,-264.6,0,0,7:55:25
3.27,-2.77,92.1,301.2,-255.1,0,0,7:55:30
3.58,-3.06,92.2,330.1,-282.1,0,0,7:55:35
4,-3.45,92.2,368.8,-318.1,0,0,7:55:40
4.34,-3.77,92.3,400.6,-348,0,0,7:55:45
5.99,-5.29,92.6,554.7,-489.9,0,0,7:55:50
6.77,-6.02,92.7,627.6,-558.1,0,0,7:55:55
4.44,-3.85,92.4,410.3,-355.7,0,0,7:56:00
3.66,-3.13,92.2,337.5,-288.6,0,0,7:56:05
3.16,-2.66,92.1,291,-245,0,0,7:56:10
3.67,-3.14,92.2,338.4,-289.5,0,0,7:56:15
4.88,-4.27,92.4,450.9,-394.5,0,0,7:56:20
4.73,-4.13,92.4,437.1,-381.6,0,0,7:56:25
3.73,-3.2,92.2,343.9,-295,0,0,7:56:30
3.93,-3.38,92.2,362.3,-311.6,0,0,7:56:35
5.96,-5.26,92.6,551.9,-487.1,0,0,7:56:40
5.03,-4.39,92.4,464.8,-405.6,0,0,7:56:45
3.48,-2.97,92.2,320.9,-273.8,0,0,7:56:50
3.15,-2.67,92.1,290.1,-245.9,0,0,7:56:55
3.14,-2.64,92.1,289.2,-243.1,0,0,7:57:00
5.21,-4.57,92.4,481.4,-422.3,0,0,7:57:05
8.14,-7.29,93,757,-678,0,0,7:57:10
8.62,-7.71,93,801.7,-717,0,0,7:57:15
8.54,-7.65,93,794.2,-711.5,0,0,7:57:20
8.58,-7.69,93.1,798.8,-715.9,0,0,7:57:25
8.57,-7.68,93.2,798.7,-715.8,0,0,7:57:30
8.64,-7.74,93.2,805.2,-721.4,0,0,7:57:35
8.68,-7.78,93.3,809.8,-725.9,0,0,7:57:40
8.57,-7.68,93.3,799.6,-716.5,0,0,7:57:45
8.26,-7.4,93.2,769.8,-689.7,0,0,7:57:50
8.25,-7.39,93.2,768.9,-688.7,0,0,7:57:55
8.42,-7.54,93.3,785.6,-703.5,0,0,7:58:00
8.68,-7.78,93.3,809.8,-725.9,0,0,7:58:05
8.8,-7.89,93.3,821,-736.1,0,0,7:58:10
8.78,-7.88,93.3,819.2,-735.2,0,0,7:58:15
8.79,-7.88,93.3,820.1,-735.2,0,0,7:58:20
8.77,-7.86,93.3,818.2,-733.3,0,0,7:58:25
8.78,-7.87,93.3,819.2,-734.3,0,0,7:58:30
8.81,-7.9,93.4,822.9,-737.9,0,0,7:58:35
8.84,-7.93,93.4,825.7,-740.7,0,0,7:58:40
8.84,-7.94,93.3,824.8,-740.8,0,0,7:58:45
8.85,-7.95,93.4,826.6,-742.5,0,0,7:58:50
8.8,-7.89,93.4,821.9,-736.9,0,0,7:58:55
8.8,-7.89,93.4,821.9,-736.9,0,0,7:59:00
8.73,-7.84,93.4,815.4,-732.3,0,0,7:59:05
8.77,-7.87,93.4,819.1,-735.1,0,0,7:59:10
8.44,-7.56,93.4,788.3,-706.1,0,0,7:59:15
7.82,-6.99,93.3,729.6,-652.2,0,0,7:59:20
5.85,-5.16,93,544.1,-479.9,0,0,7:59:25
4.99,-4.37,92.8,463.1,-405.5,0,0,7:59:30
5.63,-4.96,92.9,523,-460.8,0,0,7:59:35
6.88,-6.12,93.1,640.5,-569.8,0,0,7:59:40
6.64,-5.89,93,617.5,-547.8,0,0,7:59:45
6.87,-6.11,93.1,639.6,-568.8,0,0,7:59:50
5.18,-4.55,92.8,480.7,-422.2,0,0,7:59:55
5.21,-4.57,92.8,483.5,-424.1,0,0,8:00:00
6.06,-5.36,93,563.6,-498.5,0,0,8:00:05
7.82,-6.99,93.3,729.6,-652.2,0,0,8:00:10
8.84,-7.94,93.4,825.7,-741.6,0,0,8:00:15
8.96,-8.04,93.4,836.9,-750.9,0,0,8:00:20
8.91,-8,93.5,833.1,-748,0,0,8:00:25
8.66,-7.76,93.4,808.8,-724.8,0,0,8:00:30
8.74,-7.84,93.5,817.2,-733,0,0,8:00:35
6.98,-6.21,93.2,650.5,-578.8,0,0,8:00:40
4.39,-3.81,92.8,407.4,-353.6,0,0,8:00:45
4.67,-4.07,92.8,433.4,-377.7,0,0,8:00:50
4.46,-3.87,92.7,413.4,-358.7,0,0,8:00:55
3.91,-3.37,92.7,362.5,-312.4,0,0,8:01:00
6.86,-6.1,93.1,638.7,-567.9,0,0,8:01:05
8.56,-7.68,93.4,799.5,-717.3,0,0,8:01:10
8.98,-8.07,93.6,840.5,-755.4,0,0,8:01:15
8.98,-8.07,93.6,840.5,-755.4,0,0,8:01:20
8.94,-8.02,93.6,836.8,-750.7,0,0,8:01:25
8.89,-7.98,93.6,832.1,-746.9,0,0,8:01:30
8.84,-7.93,93.5,826.5,-741.5,0,0,8:01:35
8.8,-7.89,93.5,822.8,-737.7,0,0,8:01:40
8.76,-7.86,93.6,819.9,-735.7,0,0,8:01:45
8.75,-7.85,93.6,819,-734.8,0,0,8:01:50
8.73,-7.83,93.5,816.3,-732.1,0,0,8:01:55
8.7,-7.8,93.6,814.3,-730.1,0,0,8:02:00
8.72,-7.82,93.6,816.2,-732,0,0,8:02:05
8.69,-7.79,93.6,813.4,-729.1,0,0,8:02:10
8.69,-7.79,93.6,813.4,-729.1,0,0,8:02:15
8.68,-7.78,93.6,812.4,-728.2,0,0,8:02:20
8.7,-7.8,93.6,814.3,-730.1,0,0,8:02:25
8.66,-7.77,93.6,810.6,-727.3,0,0,8:02:30
8.66,-7.76,93.6,810.6,-726.3,0,0,8:02:35
8.66,-7.77,93.6,810.6,-727.3,0,0,8:02:40
8.67,-7.77,93.6,811.5,-727.3,0,0,8:02:45
8.66,-7.77,93.7,811.4,-728,0,0,8:02:50
8.67,-7.77,93.6,811.5,-727.3,0,0,8:02:55
8.65,-7.76,93.7,810.5,-727.1,0,0,8:03:00
8.66,-7.76,93.7,811.4,-727.1,0,0,8:03:05
8.68,-7.78,93.7,813.3,-729,0,0,8:03:10
8.67,-7.77,93.7,812.4,-728,0,0,8:03:15
8.62,-7.72,93.7,807.7,-723.4,0,0,8:03:20
8.64,-7.74,93.7,809.6,-725.2,0,0,8:03:25
8.65,-7.76,93.7,810.5,-727.1,0,0,8:03:30
8.65,-7.76,93.7,810.5,-727.1,0,0,8:03:35
8.66,-7.77,93.7,811.4,-728,0,0,8:03:40
8.69,-7.78,93.7,814.3,-729,0,0,8:03:45
8.7,-7.8,93.7,815.2,-730.9,0,0,8:03:50
8.7,-7.8,93.7,815.2,-730.9,0,0,8:03:55
8.67,-7.77,93.7,812.4,-728,0,0,8:04:00
8.66,-7.77,93.7,811.4,-728,0,0,8:04:05
8.68,-7.78,93.7,813.3,-729,0,0,8:04:10
8.69,-7.79,93.8,815.1,-730.7,0,0,8:04:15
8.7,-7.8,93.8,816.1,-731.6,0,0,8:04:20
8.72,-7.82,93.8,817.9,-733.5,0,0,8:04:25
8.71,-7.81,93.8,817,-732.6,0,0,8:04:30
8.71,-7.81,93.9,817.9,-733.4,0,0,8:04:35
8.66,-7.77,93.8,812.3,-728.8,0,0,8:04:40
8.71,-7.81,93.9,817.9,-733.4,0,0,8:04:45
8.74,-7.84,93.9,820.7,-736.2,0,0,8:04:50
8.74,-7.84,93.9,820.7,-736.2,0,0,8:04:55
8.76,-7.85,93.9,822.6,-737.1,0,0,8:05:00
8.79,-7.89,93.9,825.4,-740.9,0,0,8:05:05
8.8,-7.9,93.9,826.3,-741.8,0,0,8:05:10
8.83,-7.93,93.9,829.1,-744.6,0,0,8:05:15
8.86,-7.95,93.9,832,-746.5,0,0,8:05:20
8.87,-7.96,93.9,832.9,-747.4,0,0,8:05:25
8.87,-7.96,93.9,832.9,-747.4,0,0,8:05:30
8.87,-7.96,93.9,832.9,-747.4,0,0,8:05:35
8.86,-7.95,93.9,832,-746.5,0,0,8:05:40
8.83,-7.93,93.9,829.1,-744.6,0,0,8:05:45
8.82,-7.91,94,829.1,-743.5,0,0,8:05:50
8.78,-7.88,93.9,824.4,-739.9,0,0,8:05:55
8.81,-7.9,93.9,827.3,-741.8,0,0,8:06:00
8.83,-7.92,94,830,-744.5,0,0,8:06:05
8.84,-7.94,93.9,830.1,-745.6,0,0,8:06:10
8.82,-7.92,94,829.1,-744.5,0,0,8:06:15
8.84,-7.94,94,831,-746.4,0,0,8:06:20
8.84,-7.93,94,831,-745.4,0,0,8:06:25
8.89,-7.98,94,835.7,-750.1,0,0,8:06:30
8.85,-7.94,94,831.9,-746.4,0,0,8:06:35
8.84,-7.94,94,831,-746.4,0,0,8:06:40
8.79,-7.89,94,826.3,-741.7,0,0,8:06:45
8.78,-7.87,94,825.3,-739.8,0,0,8:06:50
8.75,-7.85,94,822.5,-737.9,0,0,8:06:55
8.76,-7.87,94,823.4,-739.8,0,0,8:07:00
8.74,-7.84,94,821.6,-737,0,0,8:07:05
8.78,-7.87,94,825.3,-739.8,0,0,8:07:10
8.77,-7.87,94,824.4,-739.8,0,0,8:07:15
8.79,-7.88,94,826.3,-740.7,0,0,8:07:20
8.79,-7.88,94,826.3,-740.7,0,0,8:07:25
8.81,-7.91,94,828.1,-743.5,0,0,8:07:30
8.83,-7.93,94,830,-745.4,0,0,8:07:35
8.89,-7.98,94.1,836.5,-750.9,0,0,8:07:40
8.89,-7.98,94.1,836.5,-750.9,0,0,8:07:45
8.9,-7.99,94.2,838.4,-752.7,0,0,8:07:50
8.88,-7.97,94.1,835.6,-750,0,0,8:07:55
8.89,-7.98,94.2,837.4,-751.7,0,0,8:08:00
8.92,-8,94.2,840.3,-753.6,0,0,8:08:05
8.92,-8,94.2,840.3,-753.6,0,0,8:08:10
8.91,-8,94.2,839.3,-753.6,0,0,8:08:15
8.89,-7.98,94.2,837.4,-751.7,0,0,8:08:20
8.89,-7.98,94.2,837.4,-751.7,0,0,8:08:25
8.92,-8,94.2,840.3,-753.6,0,0,8:08:30
8.91,-8,94.2,839.3,-753.6,0,0,8:08:35
8.91,-8,94.2,839.3,-753.6,0,0,8:08:40
8.92,-8,94.2,840.3,-753.6,0,0,8:08:45
8.9,-7.99,94.2,838.4,-752.7,0,0,8:08:50
8.93,-8.02,94.2,841.2,-755.5,0,0,8:08:55
8.93,-8.02,94.2,841.2,-755.5,0,0,8:09:00
8.91,-8,94.2,839.3,-753.6,0,0,8:09:05
8.9,-7.98,94.2,838.4,-751.7,0,0,8:09:10
8.91,-7.99,94.2,839.3,-752.7,0,0,8:09:15
8.92,-8,94.2,840.3,-753.6,0,0,8:09:20
8.94,-8.02,94.2,842.1,-755.5,0,0,8:09:25
8.94,-8.03,94.2,842.1,-756.4,0,0,8:09:30
8.95,-8.03,94.2,843.1,-756.4,0,0,8:09:35
8.94,-8.02,94.3,843,-756.3,0,0,8:09:40
8.93,-8.01,94.3,842.1,-755.3,0,0,8:09:45
8.93,-8.01,94.3,842.1,-755.3,0,0,8:09:50
8.95,-8.05,94.3,844,-759.1,0,0,8:09:55
8.97,-8.06,94.3,845.9,-760.1,0,0,8:10:00
8.97,-8.05,94.3,845.9,-759.1,0,0,8:10:05
8.98,-8.07,94.3,846.8,-761,0,0,8:10:10
9.01,-8.1,94.3,849.6,-763.8,0,0,8:10:15
8.99,-8.07,94.3,847.8,-761,0,0,8:10:20
8.98,-8.07,94.3,846.8,-761,0,0,8:10:25
8.97,-8.06,94.3,845.9,-760.1,0,0,8:10:30
8.99,-8.08,94.3,847.8,-761.9,0,0,8:10:35
9.01,-8.1,94.4,850.5,-764.6,0,0,8:10:40
9.04,-8.11,94.4,853.4,-765.6,0,0,8:10:45
9.07,-8.15,94.4,856.2,-769.4,0,0,8:10:50
9.08,-8.15,94.4,857.2,-769.4,0,0,8:10:55
9.08,-8.16,94.5,858.1,-771.1,0,0,8:11:00
9.1,-8.18,94.5,860,-773,0,0,8:11:05
9.08,-8.16,94.5,858.1,-771.1,0,0,8:11:10
9.07,-8.15,94.5,857.1,-770.2,0,0,8:11:15
9.08,-8.15,94.5,858.1,-770.2,0,0,8:11:20
9.09,-8.16,94.5,859,-771.1,0,0,8:11:25
9.1,-8.17,94.5,860,-772.1,0,0,8:11:30
9.08,-8.16,94.5,858.1,-771.1,0,0,8:11:35
9.08,-8.16,94.5,858.1,-771.1,0,0,8:11:40
9.07,-8.14,94.5,857.1,-769.2,0,0,8:11:45
9.06,-8.14,94.5,856.2,-769.2,0,0,8:11:50
9.1,-8.17,94.5,860,-772.1,0,0,8:11:55
9.12,-8.19,94.5,861.8,-774,0,0,8:12:00
9.13,-8.2,94.5,862.8,-774.9,0,0,8:12:05
9.1,-8.17,94.5,860,-772.1,0,0,8:12:10
9.1,-8.17,94.5,860,-772.1,0,0,8:12:15
9.11,-8.18,94.5,860.9,-773,0,0,8:12:20
9.14,-8.21,94.5,863.7,-775.8,0,0,8:12:25
9.15,-8.23,94.5,864.7,-777.7,0,0,8:12:30
9.16,-8.23,94.5,865.6,-777.7,0,0,8:12:35
9.14,-8.21,94.6,864.6,-776.7,0,0,8:12:40
9.17,-8.24,94.5,866.6,-778.7,0,0,8:12:45
9.18,-8.26,94.6,868.4,-781.4,0,0,8:12:50
9.19,-8.26,94.6,869.4,-781.4,0,0,8:12:55
9.22,-8.28,94.6,872.2,-783.3,0,0,8:13:00
9.18,-8.26,94.6,868.4,-781.4,0,0,8:13:05
9.16,-8.23,94.6,866.5,-778.6,0,0,8:13:10
9.18,-8.25,94.6,868.4,-780.5,0,0,8:13:15
9.23,-8.29,94.6,873.2,-784.2,0,0,8:13:20
9.23,-8.28,94.5,872.2,-782.5,0,0,8:13:25
9.26,-8.32,94.6,876,-787.1,0,0,8:13:30
9.25,-8.32,94.6,875.1,-787.1,0,0,8:13:35
9.26,-8.32,94.6,876,-787.1,0,0,8:13:40
9.24,-8.29,94.7,875,-785.1,0,0,8:13:45
9.15,-8.23,94.6,865.6,-778.6,0,0,8:13:50
9.07,-8.15,94.6,858,-771,0,0,8:13:55
9.1,-8.17,94.6,860.9,-772.9,0,0,8:14:00
9.01,-8.1,94.6,852.3,-766.3,0,0,8:14:05
8.98,-8.07,94.6,849.5,-763.4,0,0,8:14:10
9.06,-8.13,94.7,858,-769.9,0,0,8:14:15
9.03,-8.11,94.7,855.1,-768,0,0,8:14:20
8.97,-8.05,94.6,848.6,-761.5,0,0,8:14:25
9,-8.09,94.6,851.4,-765.3,0,0,8:14:30
9.07,-8.15,94.7,858.9,-771.8,0,0,8:14:35
9.09,-8.17,94.8,861.7,-774.5,0,0,8:14:40
9.13,-8.21,94.8,865.5,-778.3,0,0,8:14:45
9.16,-8.24,94.8,868.4,-781.2,0,0,8:14:50
9.12,-8.19,94.8,864.6,-776.4,0,0,8:14:55
9.1,-8.18,94.8,862.7,-775.5,0,0,8:15:00
9.09,-8.17,94.8,861.7,-774.5,0,0,8:15:05
9.14,-8.21,94.8,866.5,-778.3,0,0,8:15:10
9.12,-8.19,94.8,864.6,-776.4,0,0,8:15:15
9.11,-8.19,94.8,863.6,-776.4,0,0,8:15:20
9.1,-8.17,94.8,862.7,-774.5,0,0,8:15:25
9.09,-8.17,94.8,861.7,-774.5,0,0,8:15:30
9.06,-8.14,94.8,858.9,-771.7,0,0,8:15:35
9.05,-8.13,94.8,857.9,-770.7,0,0,8:15:40
9.04,-8.11,94.8,857,-768.8,0,0,8:15:45
9.1,-8.18,94.9,863.6,-776.3,0,0,8:15:50
9.1,-8.17,94.9,863.6,-775.3,0,0,8:15:55
9.09,-8.17,94.9,862.6,-775.3,0,0,8:16:00
9.11,-8.18,95,865.5,-777.1,0,0,8:16:05
9.12,-8.19,95,866.4,-778.1,0,0,8:16:10
9.11,-8.18,94.9,864.5,-776.3,0,0,8:16:15
9.14,-8.22,95,868.3,-780.9,0,0,8:16:20
9.11,-8.19,95,865.5,-778.1,0,0,8:16:25
9.1,-8.17,95,864.5,-776.2,0,0,8:16:30
9.1,-8.17,95,864.5,-776.2,0,0,8:16:35
9.11,-8.18,95,865.5,-777.1,0,0,8:16:40
9.1,-8.17,95,864.5,-776.2,0,0,8:16:45
9.16,-8.24,95,870.2,-782.8,0,0,8:16:50
9.16,-8.25,95,870.2,-783.8,0,0,8:16:55
9.17,-8.24,95,871.2,-782.8,0,0,8:17:00
9.18,-8.25,95,872.1,-783.8,0,0,8:17:05
9.14,-8.21,95,868.3,-780,0,0,8:17:10
9.18,-8.25,95,872.1,-783.8,0,0,8:17:15
9.18,-8.25,95,872.1,-783.8,0,0,8:17:20
9.16,-8.24,95,870.2,-782.8,0,0,8:17:25
9.18,-8.25,95,872.1,-783.8,0,0,8:17:30
9.17,-8.25,95,871.2,-783.8,0,0,8:17:35
9.14,-8.22,95,868.3,-780.9,0,0,8:17:40
9.17,-8.24,95,871.2,-782.8,0,0,8:17:45
9.16,-8.24,95,870.2,-782.8,0,0,8:17:50
9.15,-8.24,95.1,870.2,-783.6,0,0,8:17:55
9.15,-8.24,95.1,870.2,-783.6,0,0,8:18:00
9.14,-8.21,95.1,869.2,-780.8,0,0,8:18:05
9.15,-8.23,95.1,870.2,-782.7,0,0,8:18:10
9.13,-8.2,95.1,868.3,-779.8,0,0,8:18:15
9.14,-8.22,95.1,869.2,-781.7,0,0,8:18:20
9.14,-8.21,95.1,869.2,-780.8,0,0,8:18:25
9.15,-8.22,95.1,870.2,-781.7,0,0,8:18:30
9.14,-8.21,95.1,869.2,-780.8,0,0,8:18:35
9.14,-8.23,95.1,869.2,-782.7,0,0,8:18:40
9.13,-8.21,95.1,868.3,-780.8,0,0,8:18:45
9.14,-8.22,95.1,869.2,-781.7,0,0,8:18:50
9.15,-8.22,95.1,870.2,-781.7,0,0,8:18:55
9.11,-8.18,95.1,866.4,-777.9,0,0,8:19:00
9.11,-8.19,95.1,866.4,-778.9,0,0,8:19:05
9.11,-8.18,95.1,866.4,-777.9,0,0,8:19:10
9.09,-8.17,95.2,865.4,-777.8,0,0,8:19:15
9.08,-8.15,95.1,863.5,-775.1,0,0,8:19:20
9.07,-8.15,95.2,863.5,-775.9,0,0,8:19:25
9.12,-8.18,95.2,868.2,-778.7,0,0,8:19:30
9.12,-8.2,95.2,868.2,-780.6,0,0,8:19:35
9.1,-8.17,95.2,866.3,-777.8,0,0,8:19:40
9.13,-8.22,95.3,870.1,-783.4,0,0,8:19:45
9.17,-8.24,95.2,873,-784.4,0,0,8:19:50
9.15,-8.24,95.3,872,-785.3,0,0,8:19:55
9.16,-8.24,95.3,872.9,-785.3,0,0,8:20:00
9.14,-8.22,95.3,871,-783.4,0,0,8:20:05
9.15,-8.23,95.3,872,-784.3,0,0,8:20:10
9.18,-8.26,95.3,874.9,-787.2,0,0,8:20:15
9.18,-8.26,95.3,874.9,-787.2,0,0,8:20:20
9.16,-8.24,95.3,872.9,-785.3,0,0,8:20:25
9.14,-8.21,95.3,871,-782.4,0,0,8:20:30
9.13,-8.21,95.3,870.1,-782.4,0,0,8:20:35
9.16,-8.25,95.3,872.9,-786.2,0,0,8:20:40
9.18,-8.25,95.3,874.9,-786.2,0,0,8:20:45
9.17,-8.25,95.3,873.9,-786.2,0,0,8:20:50
9.18,-8.25,95.3,874.9,-786.2,0,0,8:20:55
9.19,-8.26,95.3,875.8,-787.2,0,0,8:21:00
9.17,-8.24,95.3,873.9,-785.3,0,0,8:21:05
9.19,-8.26,95.3,875.8,-787.2,0,0,8:21:10
9.21,-8.28,95.3,877.7,-789.1,0,0,8:21:15
9.22,-8.28,95.4,879.6,-789.9,0,0,8:21:20
9.22,-8.29,95.4,879.6,-790.9,0,0,8:21:25
9.26,-8.31,95.4,883.4,-792.8,0,0,8:21:30
9.21,-8.28,95.4,878.6,-789.9,0,0,8:21:35
9.21,-8.28,95.4,878.6,-789.9,0,0,8:21:40
9.21,-8.28,95.3,877.7,-789.1,0,0,8:21:45
9.22,-8.29,95.4,879.6,-790.9,0,0,8:21:50
9.23,-8.29,95.4,880.5,-790.9,0,0,8:21:55
9.24,-8.3,95.4,881.5,-791.8,0,0,8:22:00
9.26,-8.32,95.4,883.4,-793.7,0,0,8:22:05
9.27,-8.34,95.5,885.3,-796.5,0,0,8:22:10
9.27,-8.34,95.5,885.3,-796.5,0,0,8:22:15
9.26,-8.32,95.4,883.4,-793.7,0,0,8:22:20
9.27,-8.33,95.4,884.4,-794.7,0,0,8:22:25
9.3,-8.36,95.5,888.2,-798.4,0,0,8:22:30
9.27,-8.33,95.5,885.3,-795.5,0,0,8:22:35
9.24,-8.3,95.5,882.4,-792.7,0,0,8:22:40
9.2,-8.26,95.5,878.6,-788.8,0,0,8:22:45
9.22,-8.28,95.5,880.5,-790.7,0,0,8:22:50
9.22,-8.28,95.6,881.4,-791.6,0,0,8:22:55
9.12,-8.18,95.5,871,-781.2,0,0,8:23:00
9.11,-8.17,95.5,870,-780.2,0,0,8:23:05
9.14,-8.22,95.5,872.9,-785,0,0,8:23:10
9.14,-8.21,95.6,873.8,-784.9,0,0,8:23:15
9.15,-8.22,95.6,874.7,-785.8,0,0,8:23:20
9.22,-8.28,95.6,881.4,-791.6,0,0,8:23:25
9.24,-8.3,95.6,883.3,-793.5,0,0,8:23:30
9.22,-8.29,95.6,881.4,-792.5,0,0,8:23:35
9.2,-8.27,95.6,879.5,-790.6,0,0,8:23:40
9.22,-8.28,95.6,881.4,-791.6,0,0,8:23:45
9.21,-8.28,95.6,880.5,-791.6,0,0,8:23:50
9.23,-8.29,95.6,882.4,-792.5,0,0,8:23:55
9.22,-8.28,95.6,881.4,-791.6,0,0,8:24:00
9.24,-8.29,95.6,883.3,-792.5,0,0,8:24:05
9.26,-8.31,95.6,885.3,-794.4,0,0,8:24:10
9.29,-8.35,95.6,888.1,-798.3,0,0,8:24:15
9.27,-8.34,95.6,886.2,-797.3,0,0,8:24:20
9.27,-8.35,95.6,886.2,-798.3,0,0,8:24:25
9.26,-8.33,95.6,885.3,-796.3,0,0,8:24:30
9.26,-8.33,95.7,886.2,-797.2,0,0,8:24:35
9.26,-8.32,95.6,885.3,-795.4,0,0,8:24:40
9.26,-8.32,95.6,885.3,-795.4,0,0,8:24:45
9.24,-8.3,95.7,884.3,-794.3,0,0,8:24:50
9.26,-8.32,95.7,886.2,-796.2,0,0,8:24:55
9.25,-8.32,95.7,885.2,-796.2,0,0,8:25:00
9.29,-8.36,95.7,889.1,-800.1,0,0,8:25:05
9.29,-8.36,95.7,889.1,-800.1,0,0,8:25:10
9.32,-8.39,95.7,891.9,-802.9,0,0,8:25:15
9.31,-8.37,95.7,891,-801,0,0,8:25:20
9.32,-8.38,95.7,891.9,-802,0,0,8:25:25
9.32,-8.38,95.7,891.9,-802,0,0,8:25:30
9.34,-8.4,95.7,893.8,-803.9,0,0,8:25:35
9.31,-8.38,95.7,891,-802,0,0,8:25:40
9.33,-8.39,95.8,893.8,-803.8,0,0,8:25:45
9.31,-8.38,95.7,891,-802,0,0,8:25:50
9.32,-8.38,95.8,892.9,-802.8,0,0,8:25:55
9.33,-8.39,95.8,893.8,-803.8,0,0,8:26:00
9.32,-8.39,95.8,892.9,-803.8,0,0,8:26:05
9.32,-8.39,95.8,892.9,-803.8,0,0,8:26:10
9.31,-8.37,95.8,891.9,-801.8,0,0,8:26:15
9.3,-8.37,95.9,891.9,-802.7,0,0,8:26:20
9.31,-8.37,95.8,891.9,-801.8,0,0,8:26:25
9.31,-8.38,95.8,891.9,-802.8,0,0,8:26:30
9.29,-8.36,95.8,890,-800.9,0,0,8:26:35
9.28,-8.35,95.9,890,-800.8,0,0,8:26:40
9.29,-8.35,95.9,890.9,-800.8,0,0,8:26:45
9.29,-8.36,95.9,890.9,-801.7,0,0,8:26:50
9.31,-8.38,95.9,892.8,-803.6,0,0,8:26:55
9.31,-8.38,95.9,892.8,-803.6,0,0,8:27:00
9.31,-8.38,95.9,892.8,-803.6,0,0,8:27:05
9.32,-8.39,95.9,893.8,-804.6,0,0,8:27:10
9.31,-8.38,95.9,892.8,-803.6,0,0,8:27:15
9.33,-8.39,95.9,894.7,-804.6,0,0,8:27:20
9.3,-8.37,95.9,891.9,-802.7,0,0,8:27:25
9.29,-8.35,95.9,890.9,-800.8,0,0,8:27:30
9.32,-8.38,95.9,893.8,-803.6,0,0,8:27:35
9.31,-8.38,95.9,892.8,-803.6,0,0,8:27:40
9.3,-8.37,95.9,891.9,-802.7,0,0,8:27:45
9.29,-8.35,95.9,890.9,-800.8,0,0,8:27:50
9.31,-8.37,95.9,892.8,-802.7,0,0,8:27:55
9.31,-8.38,95.9,892.8,-803.6,0,0,8:28:00
9.31,-8.38,95.9,892.8,-803.6,0,0,8:28:05
9.34,-8.4,95.9,895.7,-805.6,0,0,8:28:10
9.33,-8.39,96,895.7,-805.4,0,0,8:28:15
9.32,-8.39,95.9,893.8,-804.6,0,0,8:28:20
9.27,-8.34,95.9,889,-799.8,0,0,8:28:25
9.29,-8.35,96,891.8,-801.6,0,0,8:28:30
9.26,-8.32,96,889,-798.7,0,0,8:28:35
9.23,-8.3,95.9,885.2,-796,0,0,8:28:40
9.26,-8.33,96,889,-799.7,0,0,8:28:45
9.26,-8.32,96,889,-798.7,0,0,8:28:50
9.28,-8.35,96,890.9,-801.6,0,0,8:28:55
9.28,-8.35,96,890.9,-801.6,0,0,8:29:00
9.27,-8.34,96,889.9,-800.6,0,0,8:29:05
9.26,-8.33,96,889,-799.7,0,0,8:29:10
9.27,-8.33,96,889.9,-799.7,0,0,8:29:15
9.23,-8.29,96,886.1,-795.8,0,0,8:29:20
9.25,-8.31,96,888,-797.8,0,0,8:29:25
9.25,-8.31,96,888,-797.8,0,0,8:29:30
9.25,-8.31,96.1,888.9,-798.6,0,0,8:29:35
9.11,-8.18,96,874.6,-785.3,0,0,8:29:40
9.19,-8.26,96.1,883.2,-793.8,0,0,8:29:45
9.18,-8.25,96.1,882.2,-792.8,0,0,8:29:50
9.2,-8.27,96.1,884.1,-794.7,0,0,8:29:55
9.18,-8.25,96.1,882.2,-792.8,0,0,8:30:00
9.19,-8.26,96.2,884.1,-794.6,0,0,8:30:05
9.28,-8.35,96.2,892.7,-803.3,0,0,8:30:10
9.29,-8.36,96.2,893.7,-804.2,0,0,8:30:15
9.28,-8.35,96.2,892.7,-803.3,0,0,8:30:20
9.28,-8.34,96.2,892.7,-802.3,0,0,8:30:25
9.29,-8.36,96.2,893.7,-804.2,0,0,8:30:30
9.14,-8.22,96.2,879.3,-790.8,0,0,8:30:35
9.17,-8.24,96.2,882.2,-792.7,0,0,8:30:40
9.19,-8.26,96.2,884.1,-794.6,0,0,8:30:45
9.16,-8.24,96.1,880.3,-791.9,0,0,8:30:50
9.19,-8.27,96.2,884.1,-795.6,0,0,8:30:55
9.21,-8.28,96.2,886,-796.5,0,0,8:31:00
9.19,-8.26,96.2,884.1,-794.6,0,0,8:31:05
9.17,-8.24,96.1,881.2,-791.9,0,0,8:31:10
9.22,-8.29,96.2,887,-797.5,0,0,8:31:15
9.32,-8.38,96.2,896.6,-806.2,0,0,8:31:20
9.3,-8.37,96.2,894.7,-805.2,0,0,8:31:25
9.32,-8.38,96.2,896.6,-806.2,0,0,8:31:30
9.35,-8.4,96.2,899.5,-808.1,0,0,8:31:35
9.37,-8.43,96.2,901.4,-811,0,0,8:31:40
9.36,-8.43,96.3,901.4,-811.8,0,0,8:31:45
9.36,-8.43,96.3,901.4,-811.8,0,0,8:31:50
9.39,-8.44,96.2,903.3,-811.9,0,0,8:31:55
9.36,-8.42,96.2,900.4,-810,0,0,8:32:00
9.34,-8.41,96.3,899.4,-809.9,0,0,8:32:05
9.34,-8.4,96.3,899.4,-808.9,0,0,8:32:10
9.36,-8.42,96.3,901.4,-810.8,0,0,8:32:15
9.4,-8.46,96.3,905.2,-814.7,0,0,8:32:20
9.31,-8.37,96.3,896.6,-806,0,0,8:32:25
9.33,-8.39,96.3,898.5,-808,0,0,8:32:30
9.24,-8.3,96.3,889.8,-799.3,0,0,8:32:35
9.31,-8.37,96.3,896.6,-806,0,0,8:32:40
9.34,-8.4,96.3,899.4,-808.9,0,0,8:32:45
9.38,-8.44,96.3,903.3,-812.8,0,0,8:32:50
9.37,-8.43,96.4,903.3,-812.7,0,0,8:32:55
9.41,-8.46,96.4,907.1,-815.5,0,0,8:33:00
9.42,-8.48,96.4,908.1,-817.5,0,0,8:33:05
9.38,-8.44,96.4,904.2,-813.6,0,0,8:33:10
9.33,-8.4,96.4,899.4,-809.8,0,0,8:33:15
9.35,-8.41,96.4,901.3,-810.7,0,0,8:33:20
9.3,-8.37,96.4,896.5,-806.9,0,0,8:33:25
9.23,-8.29,96.4,889.8,-799.2,0,0,8:33:30
9.26,-8.31,96.5,893.6,-801.9,0,0,8:33:35
9.25,-8.31,96.5,892.6,-801.9,0,0,8:33:40
9.28,-8.34,96.5,895.5,-804.8,0,0,8:33:45
9.32,-8.38,96.4,898.4,-807.8,0,0,8:33:50
9.36,-8.42,96.5,903.2,-812.5,0,0,8:33:55
9.39,-8.45,96.5,906.1,-815.4,0,0,8:34:00
9.38,-8.44,96.5,905.2,-814.5,0,0,8:34:05
9.38,-8.43,96.5,905.2,-813.5,0,0,8:34:10
9.35,-8.42,96.5,902.3,-812.5,0,0,8:34:15
9.38,-8.44,96.5,905.2,-814.5,0,0,8:34:20
9.38,-8.43,96.5,905.2,-813.5,0,0,8:34:25
9.36,-8.42,96.5,903.2,-812.5,0,0,8:34:30
9.33,-8.39,96.5,900.3,-809.6,0,0,8:34:35
9.41,-8.46,96.5,908.1,-816.4,0,0,8:34:40
9.44,-8.48,96.5,911,-818.3,0,0,8:34:45
9.48,-8.52,96.5,914.8,-822.2,0,0,8:34:50
9.5,-8.54,96.5,916.8,-824.1,0,0,8:34:55
9.49,-8.54,96.5,915.8,-824.1,0,0,8:35:00
9.48,-8.53,96.5,914.8,-823.1,0,0,8:35:05
9.44,-8.49,96.5,911,-819.3,0,0,8:35:10
9.48,-8.53,96.6,915.8,-824,0,0,8:35:15
9.48,-8.54,96.6,915.8,-825,0,0,8:35:20
9.53,-8.57,96.6,920.6,-827.9,0,0,8:35:25
9.5,-8.54,96.5,916.8,-824.1,0,0,8:35:30
9.44,-8.49,96.6,911.9,-820.1,0,0,8:35:35
9.42,-8.47,96.6,910,-818.2,0,0,8:35:40
9.37,-8.43,96.6,905.1,-814.3,0,0,8:35:45
9.23,-8.29,96.6,891.6,-800.8,0,0,8:35:50
9.21,-8.28,96.5,888.8,-799,0,0,8:35:55
9.54,-8.58,96.6,921.6,-828.8,0,0,8:36:00
9.52,-8.57,96.6,919.6,-827.9,0,0,8:36:05
9.54,-8.58,96.6,921.6,-828.8,0,0,8:36:10
9.51,-8.56,96.7,919.6,-827.8,0,0,8:36:15
9.58,-8.62,96.7,926.4,-833.6,0,0,8:36:20
9.58,-8.62,96.6,925.4,-832.7,0,0,8:36:25
9.56,-8.61,96.7,924.5,-832.6,0,0,8:36:30
9.33,-8.39,96.6,901.3,-810.5,0,0,8:36:35
9.27,-8.34,96.6,895.5,-805.6,0,0,8:36:40
9.21,-8.27,96.6,889.7,-798.9,0,0,8:36:45
9.35,-8.41,96.7,904.1,-813.2,0,0,8:36:50
9.27,-8.33,96.7,896.4,-805.5,0,0,8:36:55
9.32,-8.39,96.6,900.3,-810.5,0,0,8:37:00
9.31,-8.37,96.7,900.3,-809.4,0,0,8:37:05
9.28,-8.35,96.7,897.4,-807.4,0,0,8:37:10
9.26,-8.33,96.8,896.4,-806.3,0,0,8:37:15
9.26,-8.32,96.7,895.4,-804.5,0,0,8:37:20
9.27,-8.33,96.8,897.3,-806.3,0,0,8:37:25
9.18,-8.25,96.7,887.7,-797.8,0,0,8:37:30
9.16,-8.23,96.8,886.7,-796.7,0,0,8:37:35
9.21,-8.28,96.7,890.6,-800.7,0,0,8:37:40
9.17,-8.24,96.7,886.7,-796.8,0,0,8:37:45
9.05,-8.13,96.7,875.1,-786.2,0,0,8:37:50
8.43,-7.55,96.6,814.3,-729.3,0,0,8:37:55
7.38,-6.59,96.5,712.2,-635.9,0,0,8:38:00
4.47,-3.89,96,429.1,-373.4,0,0,8:38:05
3.4,-2.9,95.9,326.1,-278.1,0,0,8:38:10
2.18,-1.76,95.7,208.6,-168.4,0,0,8:38:15
2.23,-1.82,95.7,213.4,-174.2,0,0,8:38:20
2.25,-1.83,95.6,215.1,-174.9,0,0,8:38:25
2.24,-1.82,95.6,214.1,-174,0,0,8:38:30
2.28,-1.86,95.6,218,-177.8,0,0,8:38:35
2.26,-1.85,95.6,216.1,-176.9,0,0,8:38:40
2.32,-1.9,95.6,221.8,-181.6,0,0,8:38:45
2.01,-1.62,95.6,192.2,-154.9,0,0,8:38:50
2.23,-1.83,95.6,213.2,-174.9,0,0,8:38:55
2.31,-1.89,95.6,220.8,-180.7,0,0,8:39:00
2.37,-1.95,95.6,226.6,-186.4,0,0,8:39:05
2.37,-1.94,95.6,226.6,-185.5,0,0,8:39:10
2.37,-1.95,95.6,226.6,-186.4,0,0,8:39:15
2.37,-1.93,95.6,226.6,-184.5,0,0,8:39:20
2.32,-1.89,95.6,221.8,-180.7,0,0,8:39:25
2.22,-1.8,95.6,212.2,-172.1,0,0,8:39:30
2.32,-1.91,95.6,221.8,-182.6,0,0,8:39:35
2.36,-1.94,95.6,225.6,-185.5,0,0,8:39:40
2.3,-1.89,95.6,219.9,-180.7,0,0,8:39:45
2.36,-1.94,95.6,225.6,-185.5,0,0,8:39:50
2.35,-1.93,95.6,224.7,-184.5,0,0,8:39:55
1.9,-1.53,95.5,181.5,-146.1,0,0,8:40:00
2.18,-1.78,95.5,208.2,-170,0,0,8:40:05
1.54,-1.17,95.4,146.9,-111.6,0,0,8:40:10
2.35,-1.93,95.5,224.4,-184.3,0,0,8:40:15
1.87,-1.49,95.4,178.4,-142.1,0,0,8:40:20
2.3,-1.89,95.6,219.9,-180.7,0,0,8:40:25
2.4,-1.98,95.6,229.4,-189.3,0,0,8:40:30
2.3,-1.88,95.6,219.9,-179.7,0,0,8:40:35
1.61,-1.25,95.4,153.6,-119.3,0,0,8:40:40
1.64,-1.28,95.4,156.5,-122.1,0,0,8:40:45
1.62,-1.25,95.4,154.5,-119.3,0,0,8:40:50
1.6,-1.24,95.4,152.6,-118.3,0,0,8:40:55
2.48,-2.04,95.6,237.1,-195,0,0,8:41:00
2.53,-2.09,95.6,241.9,-199.8,0,0,8:41:05
2.53,-2.1,95.6,241.9,-200.8,0,0,8:41:10
2.55,-2.11,95.6,243.8,-201.7,0,0,8:41:15
2.55,-2.12,95.6,243.8,-202.7,0,0,8:41:20
2.54,-2.11,95.6,242.8,-201.7,0,0,8:41:25
2.53,-2.1,95.6,241.9,-200.8,0,0,8:41:30
2.54,-2.1,95.6,242.8,-200.8,0,0,8:41:35
2.52,-2.09,95.6,240.9,-199.8,0,0,8:41:40
2.55,-2.12,95.6,243.8,-202.7,0,0,8:41:45
2.53,-2.09,95.6,241.9,-199.8,0,0,8:41:50
2.55,-2.11,95.6,243.8,-201.7,0,0,8:41:55
2.59,-2.15,95.6,247.6,-205.5,0,0,8:42:00
2.62,-2.17,95.6,250.5,-207.5,0,0,8:42:05
2.61,-2.15,95.6,249.5,-205.5,0,0,8:42:10
2.6,-2.15,95.6,248.6,-205.5,0,0,8:42:15
2.71,-2.25,95.6,259.1,-215.1,0,3,8:42:20
2.58,-2.14,95.6,246.6,-204.6,0,4,8:42:25
2.68,-2.22,95.6,256.2,-212.2,0,5,8:42:30
2.74,-2.28,95.6,261.9,-218,0,5,8:42:35
2.82,-2.35,95.6,269.6,-224.7,0,5,8:42:40
2.8,-2.34,95.6,267.7,-223.7,0,6,8:42:45
2.69,-2.24,95.6,257.2,-214.1,0,5,8:42:50
2.76,-2.3,95.6,263.9,-219.9,0,3,8:42:55
2.78,-2.32,95.6,265.8,-221.8,0,0,8:43:00
2.74,-2.28,95.6,261.9,-218,0,0,8:43:05
2.72,-2.27,95.6,260,-217,0,0,8:43:10
2.8,1.02,95.1,266.3,97,0,0,8:43:15
2.44,-1.99,95.6,233.3,-190.2,0,6,8:43:20
2.44,-1.99,95.6,233.3,-190.2,0,0,8:43:25
2.45,-2,95.6,234.2,-191.2,0,0,8:43:30
2.46,-2.01,95.6,235.2,-192.2,0,0,8:43:35
2.47,-2.02,95.6,236.1,-193.1,0,0,8:43:40
2.4,-1.96,95.6,229.4,-187.4,0,0,8:43:45
2.43,-1.98,95.6,232.3,-189.3,0,0,8:43:50
2.4,-1.95,95.6,229.4,-186.4,0,0,8:43:55
2.47,-2.02,95.6,236.1,-193.1,0,0,8:44:00
2.45,-2,95.6,234.2,-191.2,0,0,8:44:05
2.14,-1.72,95.5,204.4,-164.3,0,0,8:44:10
2.45,-2,95.6,234.2,-191.2,0,0,8:44:15
2.5,-2.04,95.6,239,-195,0,0,8:44:20
2.44,-2,95.6,233.3,-191.2,0,0,8:44:25
1.86,-1.46,95.5,177.6,-139.4,0,0,8:44:30
2.59,-2.12,95.6,247.6,-202.7,0,0,8:44:35
2.56,-2.11,95.6,244.7,-201.7,0,0,8:44:40
2.52,-2.06,95.6,240.9,-196.9,0,0,8:44:45
2.63,-2.15,95.6,251.4,-205.5,0,0,8:44:50
2.63,-2.16,95.6,251.4,-206.5,0,0,8:44:55
2.72,-2.25,95.6,260,-215.1,0,4,8:45:00
2.55,-2.09,95.6,243.8,-199.8,0,3,8:45:05
2.48,2.53,94.8,235.1,239.8,0,0,8:45:10
2.55,4.88,94.3,240.5,460.2,0,8,8:45:15
3.09,3.69,94.4,291.7,348.3,0,16,8:45:20
3.13,3.5,94.5,295.8,330.8,0,24,8:45:25
3.2,5.28,94.2,301.4,497.4,0,31,8:45:30
3.23,5.44,94.1,303.9,511.9,0,38,8:45:35
3.31,5.29,94.1,311.5,497.8,0,45,8:45:40
3.38,5.27,94.1,318.1,495.9,0,52,8:45:45
3.41,5.31,94,320.5,499.1,0,60,8:45:50
3.48,4.45,94.2,327.8,419.2,0,68,8:45:55
3.42,-3.5,95.6,327,-334.6,0,74,8:46:00
3.38,-10.84,96.8,327.2,-1049.3,0,80,8:46:05
3.51,-17.5,98.1,344.3,-1716.8,0,83,8:46:10
3.41,-18.88,98.4,335.5,-1857.8,0,85,8:46:15
3.31,-18.26,98.4,325.7,-1796.8,0,84,8:46:20
3.54,-15.83,98,346.9,-1551.3,0,83,8:46:25
3.43,-13.21,97.7,335.1,-1290.6,0,81,8:46:30
3.13,-9.78,97.1,303.9,-949.6,0,79,8:46:35
2.73,-6.07,96.5,263.4,-585.8,0,77,8:46:40
3.33,-4.64,96.3,320.7,-446.8,0,76,8:46:45
3.57,-4.42,96.2,343.4,-425.2,0,75,8:46:50
3.78,-2.05,95.8,362.1,-196.4,0,75,8:46:55
4.13,0.92,95.3,393.6,87.7,0,76,8:47:00
4,-0.08,95.4,381.6,-7.6,0,77,8:47:05
4,0.34,95.3,381.2,32.4,0,76,8:47:10
4.12,0.96,95.2,392.2,91.4,0,76,8:47:15
4.24,2.08,95,402.8,197.6,0,75,8:47:20
4.18,3.8,94.6,395.4,359.5,0,74,8:47:25
4.17,6.23,94.1,392.4,586.2,0,72,8:47:30
4.2,7.68,93.8,394,720.4,0,72,8:47:35
4.2,11,93.2,391.4,1025.2,0,70,8:47:40
4.36,9.6,93.4,407.2,896.6,0,69,8:47:45
4.31,10.19,93.3,402.1,950.7,0,69,8:47:50
4.3,10.25,93.2,400.8,955.3,0,69,8:47:55
4.28,10.3,93.2,398.9,960,0,69,8:48:00
4.37,9.89,93.2,407.3,921.7,0,69,8:48:05
4.46,9.39,93.2,415.7,875.1,0,70,8:48:10
4.44,6.85,93.6,415.6,641.2,0,72,8:48:15
4.49,4.4,94.1,422.5,414,0,73,8:48:20
4.51,2.17,94.5,426.2,205.1,0,75,8:48:25
4.48,0.36,94.8,424.7,34.1,0,76,8:48:30
4.48,-0.31,95,425.6,-29.5,0,76,8:48:35
4.5,-0.16,95,427.5,-15.2,0,76,8:48:40
4.49,0.25,94.9,426.1,23.7,0,76,8:48:45
4.5,0.73,94.8,426.6,69.2,0,76,8:48:50
4.59,1.29,94.7,434.7,122.2,0,75,8:48:55
4.52,1.66,94.6,427.6,157,0,75,8:49:00
4.57,1.64,94.7,432.8,155.3,0,75,8:49:05
4.66,-5.92,95.9,446.9,-567.7,0,76,8:49:10
4.65,-7.31,96.2,447.3,-703.2,0,77,8:49:15
4.58,-10.91,96.9,443.8,-1057.2,0,79,8:49:20
4.7,-15.85,97.8,459.7,-1550.1,0,82,8:49:25
4.65,-19.06,98.4,457.6,-1875.5,0,84,8:49:30
4.66,-19.78,98.6,459.5,-1950.3,0,85,8:49:35
4.6,-18.02,98.5,453.1,-1775,0,84,8:49:40
4.65,-15.16,98,455.7,-1485.7,0,82,8:49:45
4.79,-11.36,97.4,466.5,-1106.5,0,80,8:49:50
4.86,-9.06,96.9,470.9,-877.9,0,78,8:49:55
4.85,-8.29,96.8,469.5,-802.5,0,78,8:50:00
5,-8.66,96.9,484.5,-839.2,0,78,8:50:05
4.6,-2.92,96,441.6,-280.3,0,78,8:50:10
4.64,-3.14,96,445.4,-301.4,0,78,8:50:15
4.76,-0.99,95.6,455.1,-94.6,0,77,8:50:20
4.52,1.06,95.3,430.8,101,0,75,8:50:25
4.71,1.46,95.2,448.4,139,0,71,8:50:30
4.53,1.64,95.1,430.8,156,0,68,8:50:35
4.38,1.71,95.1,416.5,162.6,0,67,8:50:40
4.22,1.89,95,400.9,179.6,0,68,8:50:45
4.34,1.88,95,412.3,178.6,0,71,8:50:50
4.14,1.69,95,393.3,160.6,0,74,8:50:55
3.84,-0.24,95.3,366,-22.9,0,77,8:51:00
3.79,-1.62,95.6,362.3,-154.9,0,77,8:51:05
3.61,-5.23,96.2,347.3,-503.1,0,76,8:51:10
3.64,-4.4,96,349.4,-422.4,0,75,8:51:15
3.49,-3.99,96,335,-383,0,75,8:51:20
3.57,-3.66,95.9,342.4,-351,0,74,8:51:25
3.92,-3.63,95.9,375.9,-348.1,0,73,8:51:30
3.87,-3.38,95.9,371.1,-324.1,0,71,8:51:35
3.76,-2.01,95.7,359.8,-192.4,0,70,8:51:40
3.61,2.43,95,343,230.9,0,70,8:51:45
3.63,2.42,95,344.9,229.9,0,71,8:51:50
3.28,2.69,94.8,310.9,255,0,71,8:51:55
3.53,2.45,94.8,334.6,232.3,0,72,8:52:00
3.29,2.68,94.7,311.6,253.8,0,72,8:52:05
3.09,2.57,94.8,292.9,243.6,0,73,8:52:10
2.81,2.85,94.7,266.1,269.9,0,73,8:52:15
2.81,3.26,94.6,265.8,308.4,0,73,8:52:20
2.81,3.21,94.6,265.8,303.7,0,73,8:52:25
2.78,2.91,94.6,263,275.3,0,72,8:52:30
2.93,3.06,94.6,277.2,289.5,0,72,8:52:35
2.77,3,94.6,262,283.8,0,72,8:52:40
2.73,3.23,94.6,258.3,305.6,0,72,8:52:45
2.71,2.92,94.6,256.4,276.2,0,72,8:52:50
2.64,3.32,94.5,249.5,313.7,0,72,8:52:55
2.5,-26.94,99.7,249.3,-2685.9,0,66,8:53:00
2.53,-27.08,99.9,252.7,-2705.3,0,54,8:53:05
2.76,-0.74,95.6,263.9,-70.7,0,45,8:53:10
2.83,2.11,95,268.9,200.5,0,48,8:53:15
2.87,-2.37,95.7,274.7,-226.8,0,50,8:53:20
2.91,-2.4,95.8,278.8,-229.9,0,50,8:53:25
3.06,-2.56,95.8,293.1,-245.2,0,50,8:53:30
3.07,-2.57,95.8,294.1,-246.2,0,50,8:53:35
2.93,-2.45,95.7,280.4,-234.5,0,49,8:53:40
2.88,-2.4,95.8,275.9,-229.9,0,48,8:53:45
3.03,-2.54,95.8,290.3,-243.3,0,47,8:53:50
3.09,-2.59,95.8,296,-248.1,0,45,8:53:55
2.83,-2.34,95.7,270.8,-223.9,0,43,8:54:00
3.23,-2.72,95.9,309.8,-260.8,0,31,8:54:05
4.72,-4.09,96,453.1,-392.6,0,13,8:54:10
3.33,-2.8,95.9,319.3,-268.5,0,3,8:54:15
3.73,-3.13,95.9,357.7,-300.2,0,0,8:54:20
4.49,-3.87,96,431,-371.5,0,0,8:54:25
3.47,-2.93,95.9,332.8,-281,0,0,8:54:30
2.86,-2.31,95.7,273.7,-221.1,0,0,8:54:35
2.65,-2.19,95.7,253.6,-209.6,0,0,8:54:40
2.6,-2.14,95.7,248.8,-204.8,0,0,8:54:45
2.55,-2.09,95.7,244,-200,0,0,8:54:50
2.54,-2.03,95.8,243.3,-194.5,0,0,8:54:55
2.57,-2.11,95.7,245.9,-201.9,0,0,8:55:00
2.48,-2.02,95.7,237.3,-193.3,0,0,8:55:05
2.33,-1.89,95.7,223,-180.9,0,0,8:55:10
2.27,-1.84,95.7,217.2,-176.1,0,0,8:55:15
2.24,-1.81,95.7,214.4,-173.2,0,0,8:55:20
2.21,-1.78,95.7,211.5,-170.3,0,0,8:55:25
2,-1.58,95.7,191.4,-151.2,0,0,8:55:30
2.25,1.37,95.2,214.2,130.4,0,0,8:55:35
2.3,2.55,94.9,218.3,242,0,10,8:55:40
2.51,3.21,94.8,237.9,304.3,0,17,8:55:45
2.44,3.37,94.8,231.3,319.5,0,24,8:55:50
2.42,3.35,94.6,228.9,316.9,0,30,8:55:55
3.04,2.83,94.8,288.2,268.3,0,36,8:56:00
3.33,-0.41,95.3,317.3,-39.1,0,41,8:56:05
4,-3.42,95.9,383.6,-328,0,43,8:56:10
3.63,-3.09,95.9,348.1,-296.3,0,43,8:56:15
4.72,-4.1,96,453.1,-393.6,0,41,8:56:20
4.45,-3.85,96,427.2,-369.6,0,40,8:56:25
3.5,-2.97,95.9,335.7,-284.8,0,38,8:56:30
4.13,-3.52,95.9,396.1,-337.6,0,37,8:56:35
2.96,-2.47,95.8,283.6,-236.6,0,35,8:56:40
2.89,-2.4,95.8,276.9,-229.9,0,34,8:56:45
2.92,0.01,95.4,278.6,1,0,34,8:56:50
2.96,0,95.3,282.1,0,0,35,8:56:55
3.17,-1.4,95.6,303.1,-133.8,0,36,8:57:00
3.6,-1.85,95.6,344.2,-176.9,0,33,8:57:05
3.8,-1.92,95.6,363.3,-183.6,0,34,8:57:10
4.99,-3.04,95.9,478.5,-291.5,0,34,8:57:15
4.94,-3.02,95.9,473.7,-289.6,0,34,8:57:20
4.86,-1.76,95.7,465.1,-168.4,0,34,8:57:25
4.57,-1.41,95.6,436.9,-134.8,0,33,8:57:30
4.5,0.66,95.3,428.9,62.9,0,34,8:57:35
4.11,7.33,94,386.3,689,0,37,8:57:40
3.95,5.83,94.2,372.1,549.2,0,40,8:57:45
3.42,6.34,94.1,321.8,596.6,0,44,8:57:50
2.92,6.68,94,274.5,627.9,0,46,8:57:55
4.48,5.39,94.2,422,507.7,0,48,8:58:00
4.52,5.36,94.2,425.8,504.9,0,48,8:58:05
4,5.8,94.1,376.4,545.8,0,49,8:58:10
2.71,6.89,93.9,254.5,647,0,50,8:58:15
2.33,7.21,93.9,218.8,677,0,50,8:58:20
2.31,7.22,93.8,216.7,677.2,0,51,8:58:25
2.31,7.25,93.7,216.4,679.3,0,51,8:58:30
2.35,7.19,93.7,220.2,673.7,0,53,8:58:35
2.67,6.91,93.8,250.4,648.2,0,55,8:58:40
2.42,7.13,93.7,226.8,668.1,0,58,8:58:45
2.29,7.25,93.7,214.6,679.3,0,62,8:58:50
2.26,7.25,93.7,211.8,679.3,0,66,8:58:55
2.29,7.47,93.6,214.3,699.2,0,70,8:59:00
2.27,6.28,93.9,213.2,589.7,0,73,8:59:05
2.26,4.56,94.1,212.7,429.1,0,74,8:59:10
2.26,4.68,94.1,212.7,440.4,0,74,8:59:15
2.26,5.76,93.9,212.2,540.9,0,73,8:59:20
2.25,6.5,93.8,211.1,609.7,0,72,8:59:25
2.28,6.62,93.7,213.6,620.3,0,72,8:59:30
2.31,7.22,93.6,216.2,675.8,0,71,8:59:35
2.25,6.91,93.6,210.6,646.8,0,71,8:59:40
2.21,7.55,93.5,206.6,705.9,0,70,8:59:45
2.2,7.52,93.5,205.7,703.1,0,70,8:59:50
2.22,7.56,93.5,207.6,706.9,0,70,8:59:55
2.25,7.37,93.5,210.4,689.1,0,69,9:00:00
2.35,7.26,93.5,219.7,678.8,0,69,9:00:05
3.18,6.43,93.6,297.6,601.8,0,70,9:00:10
4.06,6.25,93.7,380.4,585.6,0,70,9:00:15
3.67,6.2,93.7,343.9,580.9,0,69,9:00:20
3.06,6.62,93.6,286.4,619.6,0,67,9:00:25
2.44,7.19,93.5,228.1,672.3,0,65,9:00:30
2.3,7.23,93.5,215.1,676,0,63,9:00:35
2.28,7.32,93.4,213,683.7,0,61,9:00:40
2.3,7.25,93.4,214.8,677.2,0,59,9:00:45
2.86,6.77,93.5,267.4,633,0,57,9:00:50
3.17,6.54,93.5,296.4,611.5,0,56,9:00:55
3.08,6.61,93.6,288.3,618.7,0,55,9:01:00
2.52,7.09,93.4,235.4,662.2,0,54,9:01:05
2.52,7.08,93.4,235.4,661.3,0,51,9:01:10
2.41,7.14,93.4,225.1,666.9,0,48,9:01:15
2.29,7.29,93.4,213.9,680.9,0,45,9:01:20
2.27,7.28,93.3,211.8,679.2,0,42,9:01:25
2.22,7.3,93.3,207.1,681.1,0,42,9:01:30
2.22,7.35,93.3,207.1,685.8,0,43,9:01:35
2.22,7.32,93.3,207.1,683,0,46,9:01:40
2.22,7.3,93.3,207.1,681.1,0,49,9:01:45
2.28,7.25,93.3,212.7,676.4,0,54,9:01:50
2.32,7.21,93.3,216.5,672.7,0,60,9:01:55
2.39,7.12,93.3,223,664.3,0,65,9:02:00
2.38,7.13,93.3,222.1,665.2,0,70,9:02:05
2.33,5.61,93.6,218.1,525.1,0,73,9:02:10
2.38,4.88,93.7,223,457.3,0,74,9:02:15
2.48,4.62,93.7,232.4,432.9,0,74,9:02:20
2.38,4.36,93.8,223.2,409,0,74,9:02:25
2.32,4.71,93.7,217.4,441.3,0,74,9:02:30
2.23,5.55,93.6,208.7,519.5,0,73,9:02:35
2.26,6.29,93.4,211.1,587.5,0,72,9:02:40
2.34,6.75,93.3,218.3,629.8,0,71,9:02:45
2.96,7.01,93.3,276.2,654,0,70,9:02:50
3.21,6.71,93.3,299.5,626,0,70,9:02:55
3.19,6.48,93.4,297.9,605.2,0,69,9:03:00
3.07,6.69,93.4,286.7,624.8,0,69,9:03:05
2.98,6.68,93.3,278,623.2,0,70,9:03:10
3.94,5.92,93.4,368,552.9,0,70,9:03:15
4.19,5.44,93.5,391.8,508.6,0,71,9:03:20
3.93,5.29,93.6,367.8,495.1,0,71,9:03:25
3.72,5.19,93.6,348.2,485.8,0,72,9:03:30
3.78,5.29,93.5,353.4,494.6,0,72,9:03:35
3.66,5.1,93.6,342.6,477.4,0,73,9:03:40
4.17,4.49,93.6,390.3,420.3,0,73,9:03:45
4.37,3.95,93.8,409.9,370.5,0,73,9:03:50
4.95,3.77,93.8,464.3,353.6,0,72,9:03:55
4.9,0.08,89.6,439,7.2,0,71,9:04:00
4.89,0.21,87.8,429.3,18.4,0,70,9:04:05
4.31,0.08,85.1,366.8,6.8,0,67,9:04:10
4.51,0.17,82.9,373.9,14.1,0,65,9:04:15
0,0.2,0,0,0,0,0,9:04:20
0,0.21,92,0,19.3,0,0,9:04:25
1.4,-1.06,94.8,132.7,-100.5,0,0,10:02:30
1.38,-1.02,94.8,130.8,-96.7,0,0,10:02:35
1.34,0.75,94.5,126.6,70.9,0,0,10:02:40
1.34,-0.98,94.8,127,-92.9,0,0,10:02:45
1.32,-0.96,94.8,125.1,-91,0,0,10:02:50
1.31,-0.96,94.8,124.2,-91,0,0,10:02:55
1.31,2.03,94.2,123.4,191.2,0,0,10:03:00
1.22,-0.21,94.7,115.5,-19.9,0,0,10:03:05
1.23,-1.24,94.8,116.6,-117.6,0,0,10:03:10
1.27,-0.92,94.8,120.4,-87.2,0,0,10:03:15
1.27,-0.93,94.8,120.4,-88.2,0,0,10:03:20
1.08,-0.75,94.8,102.4,-71.1,0,0,10:03:25
1.2,-0.86,94.8,113.8,-81.5,0,0,10:03:30
1.15,-0.8,94.8,109,-75.8,0,0,10:03:35
1.18,-0.84,94.8,111.9,-79.6,0,0,10:03:40
1.11,-0.78,94.8,105.2,-73.9,0,0,10:03:45
1.09,-0.76,94.8,103.3,-72,0,0,10:03:50
1.07,-0.74,94.8,101.4,-70.2,0,0,10:03:55
1.16,3.36,94,109,315.8,0,0,10:04:00
1.01,0.32,94.6,95.5,30.3,0,0,10:04:05
1.03,-0.15,94.7,97.5,-14.2,0,0,10:04:10
1.08,-0.75,94.8,102.4,-71.1,0,0,10:04:15
1.16,-0.86,94.9,110.1,-81.6,0,0,10:04:20
1.16,-0.82,94.8,110,-77.7,0,0,10:04:25
1.17,-0.82,94.9,111,-77.8,0,0,10:04:30
1.18,-0.83,94.8,111.9,-78.7,0,0,10:04:35
1.16,-0.82,94.9,110.1,-77.8,0,0,10:04:40
1.15,-0.8,94.8,109,-75.8,0,0,10:04:45
1.12,-0.78,94.8,106.2,-73.9,0,0,10:04:50
1.09,-0.76,94.8,103.3,-72,0,0,10:04:55
1.04,-0.71,94.8,98.6,-67.3,0,0,10:05:00
0.99,-0.67,94.8,93.9,-63.5,0,0,10:05:05
1.1,-0.76,94.8,104.3,-72,0,0,10:05:10
1.05,-0.72,94.8,99.5,-68.3,0,0,10:05:15
1.27,-0.92,94.9,120.5,-87.3,0,0,10:05:20
1.26,-0.91,94.9,119.6,-86.4,0,0,10:05:25
1,-0.67,94.8,94.8,-63.5,0,0,10:05:30
1.11,-0.79,94.9,105.3,-75,0,0,10:05:35
1.04,-0.71,94.8,98.6,-67.3,0,0,10:05:40
1.03,-0.7,94.8,97.6,-66.4,0,0,10:05:45
0.98,-0.66,94.8,92.9,-62.6,0,0,10:05:50
0.94,-0.62,94.8,89.1,-58.8,0,0,10:05:55
0.95,-0.63,94.8,90.1,-59.7,0,0,10:06:00
0.92,-0.6,94.8,87.2,-56.9,0,0,10:06:05
0.94,-0.62,94.8,89.1,-58.8,0,0,10:06:10
0.99,-0.67,94.8,93.9,-63.5,0,0,10:06:15
0.99,-0.68,94.8,93.9,-64.5,0,0,10:06:20
1.09,-0.75,94.9,103.4,-71.2,0,0,10:06:25
1.12,-0.79,94.9,106.3,-75,0,0,10:06:30
1.03,-0.69,94.9,97.7,-65.5,0,0,10:06:35
0.9,-0.57,94.8,85.3,-54,0,0,10:06:40
0.98,-0.66,94.9,93,-62.6,0,0,10:06:45
0.91,-0.59,94.8,86.3,-55.9,0,0,10:06:50
0.96,-0.42,94.8,91,-39.8,0,0,10:06:55
0.98,-0.65,94.9,93,-61.7,0,0,10:07:00
1.07,-0.73,94.9,101.5,-69.3,0,0,10:07:05
1.09,-0.75,94.9,103.4,-71.2,0,0,10:07:10
1.06,-0.73,94.9,100.6,-69.3,0,0,10:07:15
1.21,-0.87,94.9,114.8,-82.6,0,0,10:07:20
1.05,-0.72,94.9,99.6,-68.3,0,0,10:07:25
1.04,-0.7,94.9,98.7,-66.4,0,0,10:07:30
0.98,-0.66,94.9,93,-62.6,0,0,10:07:35
1.06,-0.73,94.9,100.6,-69.3,0,0,10:07:40
1.07,-0.73,94.9,101.5,-69.3,0,0,10:07:45
1.12,-0.78,95,106.4,-74.1,0,0,10:07:50
1.07,-0.73,94.9,101.5,-69.3,0,0,10:07:55
1.08,-0.74,94.9,102.5,-70.2,0,0,10:08:00
1.12,-0.78,94.9,106.3,-74,0,0,10:08:05
1.14,-0.8,94.9,108.2,-75.9,0,0,10:08:10
1.13,-0.8,94.9,107.2,-75.9,0,0,10:08:15
1.13,-0.8,95,107.4,-76,0,0,10:08:20
1.14,-0.8,95,108.3,-76,0,0,10:08:25
1.13,-0.8,95,107.4,-76,0,0,10:08:30
1.12,-0.79,94.9,106.3,-75,0,0,10:08:35
1.15,-0.8,94.9,109.1,-75.9,0,0,10:08:40
1.13,-0.79,94.9,107.2,-75,0,0,10:08:45
1.16,-0.82,95,110.2,-77.9,0,0,10:08:50
1.16,-0.82,95,110.2,-77.9,0,0,10:08:55
1.19,-0.83,95,113.1,-78.9,0,0,10:09:00
1.22,-0.87,94.9,115.8,-82.6,0,0,10:09:05
1.26,-0.92,95,119.7,-87.4,0,0,10:09:10
1.2,-0.84,95,114,-79.8,0,0,10:09:15
1.34,-0.98,95,127.3,-93.1,0,0,10:09:20
1.3,-0.96,95,123.5,-91.2,0,0,10:09:25
1.25,-0.92,95,118.8,-87.4,0,0,10:09:30
1.17,-0.84,95,111.2,-79.8,0,0,10:09:35
1.19,-0.86,95,113.1,-81.7,0,0,10:09:40
1.17,-0.84,95,111.2,-79.8,0,0,10:09:45
1.22,-0.89,95,115.9,-84.6,0,0,10:09:50
1.19,-0.86,95,113.1,-81.7,0,0,10:09:55
1.16,-0.83,95,110.2,-78.9,0,0,10:10:00
1.15,-0.82,95,109.3,-77.9,0,0,10:10:05
1.15,-0.83,94.9,109.1,-78.8,0,0,10:10:10
1.17,-0.83,95,111.2,-78.9,0,0,10:10:15
1.2,-0.86,95,114,-81.7,0,0,10:10:20
1.17,-0.84,95,111.2,-79.8,0,0,10:10:25
1.14,-0.81,95,108.3,-77,0,0,10:10:30
1.12,-0.8,95,106.4,-76,0,0,10:10:35
1.04,-0.74,95,98.8,-70.3,0,0,10:10:40
1.02,-0.7,95,96.9,-66.5,0,0,10:10:45
0.99,-0.68,95,94.1,-64.6,0,0,10:10:50
1.02,-0.7,95,96.9,-66.5,0,0,10:10:55
1.01,-0.7,95,96,-66.5,0,0,10:11:00
0.96,-0.66,95,91.2,-62.7,0,0,10:11:05
0.98,-0.67,95,93.1,-63.7,0,0,10:11:10
1.19,-0.86,95,113.1,-81.7,0,0,10:11:15
1.02,-0.7,95,96.9,-66.5,0,0,10:11:20
1,-0.69,95,95,-65.6,0,0,10:11:25
0.99,-0.69,95,94.1,-65.6,0,0,10:11:30
1,-0.68,95,95,-64.6,0,0,10:11:35
0.97,-0.66,95,92.2,-62.7,0,0,10:11:40
0.95,-0.64,95,90.3,-60.8,0,0,10:11:45
0.93,-0.63,95,88.4,-59.9,0,0,10:11:50
0.93,-0.63,95,88.4,-59.9,0,0,10:11:55
0.93,-0.63,95,88.4,-59.9,0,0,10:12:00
0.94,-0.64,95,89.3,-60.8,0,0,10:12:05
0.94,-0.64,94.9,89.2,-60.7,0,0,10:12:10
0.93,-0.62,95,88.4,-58.9,0,0,10:12:15
0.93,-0.63,95,88.4,-59.9,0,0,10:12:20
0.93,-0.63,95,88.4,-59.9,0,0,10:12:25
0.86,-0.56,95,81.7,-53.2,0,0,10:12:30
0.89,-0.59,95,84.6,-56.1,0,0,10:12:35
0.91,-0.61,95,86.5,-58,0,0,10:12:40
0.9,-0.59,95,85.5,-56.1,0,0,10:12:45
0.96,-0.65,94.9,91.1,-61.7,0,0,10:12:50
1.07,-0.75,95,101.7,-71.3,0,0,10:12:55
1.16,-0.83,95,110.2,-78.9,0,0,10:13:00
1.53,-1.17,95,145.4,-111.2,0,0,10:13:05
1.76,-1.39,95.1,167.4,-132.2,0,0,10:13:10
1.92,-1.53,95.1,182.6,-145.5,0,0,10:13:15
3.59,-3.07,95.3,342.1,-292.6,0,0,10:13:20
4.64,-4.04,95.6,443.6,-386.2,0,0,10:13:25
2.71,-2.26,95.3,258.3,-215.4,0,0,10:13:30
5.44,-4.77,95.7,520.6,-456.5,0,0,10:13:35
4.93,-4.32,95.6,471.3,-413,0,0,10:13:40
5.47,-4.82,95.7,523.5,-461.3,0,0,10:13:45
5.48,-4.82,95.7,524.4,-461.3,0,0,10:13:50
5.73,-5.07,95.8,548.9,-485.7,0,0,10:13:55
5.77,-5.1,95.9,553.3,-489.1,0,0,10:14:00
5.81,-5.13,95.8,556.6,-491.5,0,0,10:14:05
5.46,-4.8,95.8,523.1,-459.8,0,0,10:14:10
6.05,-5.36,95.9,580.2,-514,0,0,10:14:15
6.1,-5.4,95.9,585,-517.9,0,0,10:14:20
6.52,-5.79,96,625.9,-555.8,0,0,10:14:25
6.46,-5.72,95.9,619.5,-548.5,0,0,10:14:30
6.43,-5.71,96,617.3,-548.2,0,0,10:14:35
6.71,-5.96,96,644.2,-572.2,0,0,10:14:40
6.94,-6.18,96.2,667.6,-594.5,0,0,10:14:45
6.46,-5.72,96,620.2,-549.1,0,0,10:14:50
5.58,-4.91,95.9,535.1,-470.9,0,0,10:14:55
5.53,-4.86,95.9,530.3,-466.1,0,0,10:15:00
2.18,-1.77,95.4,208,-168.9,0,0,10:15:05
6.98,-6.21,96.2,671.5,-597.4,0,0,10:15:10
6.09,-5.39,96,584.6,-517.4,0,0,10:15:15
6.88,-6.13,96.2,661.9,-589.7,0,0,10:15:20
6.91,-6.14,96.1,664.1,-590.1,0,0,10:15:25
6.93,-6.17,96.2,666.7,-593.6,0,0,10:15:30
6.96,-6.2,96.1,668.9,-595.8,0,0,10:15:35
6.99,-6.2,96.2,672.4,-596.4,0,0,10:15:40
7.04,-6.24,96.2,677.2,-600.3,0,0,10:15:45
7.04,-6.24,96.2,677.2,-600.3,0,0,10:15:50
7.1,-6.3,96.2,683,-606.1,0,0,10:15:55
7.13,-6.33,96.2,685.9,-608.9,0,0,10:16:00
6.01,-5.29,96.1,577.6,-508.4,0,0,10:16:05
7.09,-6.29,96.2,682.1,-605.1,0,0,10:16:10
7.15,-6.35,96.3,688.5,-611.5,0,0,10:16:15
7.14,-6.35,96.2,686.9,-610.9,0,0,10:16:20
7.15,-6.35,96.3,688.5,-611.5,0,0,10:16:25
7.14,-6.34,96.3,687.6,-610.5,0,0,10:16:30
7.18,-6.37,96.3,691.4,-613.4,0,0,10:16:35
7.14,-6.34,96.3,687.6,-610.5,0,0,10:16:40
7.21,-6.41,96.3,694.3,-617.3,0,0,10:16:45
6.76,-5.99,96.2,650.3,-576.2,0,0,10:16:50
7.54,-6.72,96.4,726.9,-647.8,0,0,10:16:55
7.59,-6.76,96.4,731.7,-651.7,0,0,10:17:00
7.76,-1.19,95.5,741.1,-113.6,0,0,10:17:05
7.26,-0.67,95.4,692.6,-63.9,0,10,10:17:10
7.22,-0.71,95.4,688.8,-67.7,0,17,10:17:15
7.07,1.39,95,671.7,132.1,0,24,10:17:20
7.67,0.89,95,728.7,84.6,0,29,10:17:25
7.63,0.92,95,724.9,87.4,0,33,10:17:30
7.53,1.02,95,715.4,96.9,0,36,10:17:35
7.82,0.79,95,742.9,75.1,0,39,10:17:40
7.59,0.99,95,721.1,94.1,0,41,10:17:45
8.3,0.4,95.1,789.3,38,0,44,10:17:50
8.75,0.02,95,831.3,1.9,0,46,10:17:55
8.93,-0.11,95.1,849.2,-10.5,0,47,10:18:00
8.06,0.62,94.9,764.9,58.8,0,48,10:18:05
8.06,0.63,94.9,764.9,59.8,0,50,10:18:10
9.03,-0.19,95.1,858.8,-18.1,0,51,10:18:15
8.76,0.03,95.1,833.1,2.9,0,51,10:18:20
8.96,-0.08,95,851.2,-7.6,0,53,10:18:25
9.03,-0.16,95.1,858.8,-15.2,0,54,10:18:30
6.22,2.17,94.6,588.4,205.3,0,54,10:18:35
6.54,1.87,94.7,619.3,177.1,0,55,10:18:40
8.39,0.36,95,797.1,34.2,0,55,10:18:45
8.04,0.63,95,763.8,59.9,0,55,10:18:50
7.56,1.03,94.9,717.4,97.7,0,55,10:18:55
7.82,0.81,94.9,742.1,76.9,0,55,10:19:00
4.15,3.87,94.2,390.9,364.6,0,55,10:19:05
4,5.95,93.9,375.6,558.7,0,55,10:19:10
4.43,5.61,93.9,416,526.8,0,56,10:19:15
5.03,5.11,94,472.8,480.3,0,56,10:19:20
8.97,3.71,94.2,845,349.5,0,57,10:19:25
8.91,3.76,94.2,839.3,354.2,0,58,10:19:30
8.98,3.68,94.2,845.9,346.7,0,57,10:19:35
5.94,6.21,93.7,556.6,581.9,0,56,10:19:40
8.56,4.03,94.1,805.5,379.2,0,53,10:19:45
6.21,5.98,93.7,581.9,560.3,0,50,10:19:50
7.44,4.91,93.9,698.6,461,0,49,10:19:55
3.97,7.81,93.4,370.8,729.5,0,50,10:20:00
3.52,8.24,93.3,328.4,768.8,0,51,10:20:05
3.56,8.21,93.3,332.1,766,0,54,10:20:10
3.65,8.12,93.3,340.5,757.6,0,56,10:20:15
4.31,7.58,93.3,402.1,707.2,0,58,10:20:20
8.15,4.34,93.9,765.3,407.5,0,60,10:20:25
5.86,6.31,93.5,547.9,590,0,61,10:20:30
5.02,6.91,93.4,468.9,645.4,0,63,10:20:35
7.64,4.75,93.8,716.6,445.6,0,64,10:20:40
8.54,4.01,93.9,801.9,376.5,0,65,10:20:45
7.38,4.97,93.7,691.5,465.7,0,66,10:20:50
6.52,5.72,93.6,610.3,535.4,0,66,10:20:55
7.62,4.77,93.7,714,446.9,0,67,10:21:00
7.39,4.96,93.7,692.4,464.8,0,67,10:21:05
7.32,5.02,93.6,685.2,469.9,0,67,10:21:10
6.33,5.81,93.6,592.5,543.8,0,66,10:21:15
5.21,6.79,93.3,486.1,633.5,0,65,10:21:20
5.94,6.22,93.4,554.8,580.9,0,65,10:21:25
5.6,6.53,93.3,522.5,609.2,0,64,10:21:30
5.69,6.44,93.3,530.9,600.9,0,64,10:21:35
4.36,7.51,93.1,405.9,699.2,0,64,10:21:40
3.91,7.88,93,363.6,732.8,0,64,10:21:45
3.69,8.04,93,343.2,747.7,0,65,10:21:50
3.78,7.99,93,351.5,743.1,0,67,10:21:55
3.85,7.96,93,358.1,740.3,0,68,10:22:00
3.98,7.63,93,370.1,709.6,0,70,10:22:05
4.24,6.09,93.3,395.6,568.2,0,71,10:22:10
4.44,5.6,93.4,414.7,523,0,72,10:22:15
4.54,6.07,93.3,423.6,566.3,0,72,10:22:20
4.82,6.06,93.3,449.7,565.4,0,71,10:22:25
5.39,5.61,93.4,503.4,524,0,71,10:22:30
5.13,6.15,93.2,478.1,573.2,0,71,10:22:35
5.01,6.07,93.3,467.4,566.3,0,71,10:22:40
4.76,6.03,93.3,444.1,562.6,0,71,10:22:45
4.73,6.1,93.2,440.8,568.5,0,71,10:22:50
4.79,6.24,93.2,446.4,581.6,0,71,10:22:55
5.07,6.07,93.2,472.5,565.7,0,71,10:23:00
5.13,6.15,93.2,478.1,573.2,0,71,10:23:05
5.46,5.77,93.3,509.4,538.3,0,71,10:23:10
5.56,5.37,93.3,518.7,501,0,71,10:23:15
5.62,5.53,93.3,524.3,515.9,0,71,10:23:20
5.44,5.9,93.2,507,549.9,0,70,10:23:25
5.4,6.22,93.1,502.7,579.1,0,70,10:23:30
5.46,6.34,93.1,508.3,590.3,0,69,10:23:35
5.52,6.59,93.1,513.9,613.5,0,69,10:23:40
5.64,6.58,93.1,525.1,612.6,0,68,10:23:45
5.96,6.16,93.1,554.9,573.5,0,67,10:23:50
6.29,5.87,93.2,586.2,547.1,0,65,10:23:55
6.79,5.46,93.3,633.5,509.4,0,65,10:24:00
6.94,5.3,93.3,647.5,494.5,0,64,10:24:05
6.36,5.84,93.2,592.8,544.3,0,63,10:24:10
6.25,5.92,93.2,582.5,551.7,0,62,10:24:15
5.93,6.2,93.1,552.1,577.2,0,62,10:24:20
5.5,6.5,93,511.5,604.5,0,62,10:24:25
5.32,6.67,93,494.8,620.3,0,62,10:24:30
5.28,6.75,93,491,627.8,0,62,10:24:35
5.39,6.61,93,501.3,614.7,0,62,10:24:40
5.48,6.54,93,509.6,608.2,0,62,10:24:45
5.54,6.56,93,515.2,610.1,0,63,10:24:50
5.98,6.12,93,556.1,569.2,0,63,10:24:55
5.96,6.14,93,554.3,571,0,65,10:25:00
5.6,6.46,93,520.8,600.8,0,67,10:25:05
5.52,6.57,92.9,512.8,610.4,0,69,10:25:10
5.43,6.05,93,505,562.7,0,70,10:25:15
5.35,5.33,93.1,498.1,496.2,0,72,10:25:20
5.36,5.02,93.2,499.6,467.9,0,72,10:25:25
4.65,5.13,93.2,433.4,478.1,0,72,10:25:30
4.4,5.85,93,409.2,544.1,0,72,10:25:35
4.19,5.45,93.1,390.1,507.4,0,72,10:25:40
4.01,5.6,93.1,373.3,521.4,0,72,10:25:45
3.9,4.96,93.2,363.5,462.3,0,72,10:25:50
3.76,5.27,93.1,350.1,490.6,0,72,10:25:55
3.69,6.05,93,343.2,562.7,0,72,10:26:00
3.49,-3.2,94.6,330.2,-302.7,0,71,10:26:05
3.48,-0.52,94.2,327.8,-49,0,68,10:26:10
3.45,5.42,93.2,321.5,505.1,0,66,10:26:15
3.41,8.32,92.6,315.8,770.4,0,65,10:26:20
3.4,8.36,92.5,314.5,773.3,0,65,10:26:25
3.34,8.39,92.5,309,776.1,0,65,10:26:30
3.25,8.44,92.5,300.6,780.7,0,65,10:26:35
3.22,8.44,92.4,297.5,779.9,0,65,10:26:40
3.19,8.48,92.4,294.8,783.6,0,65,10:26:45
3.15,8.57,92.4,291.1,791.9,0,64,10:26:50
3.11,8.6,92.4,287.4,794.6,0,64,10:26:55
3.11,8.5,92.4,287.4,785.4,0,64,10:27:00
3.08,8.55,92.4,284.6,790,0,64,10:27:05
3.07,8.61,92.4,283.7,795.6,0,65,10:27:10
3.09,8.59,92.3,285.2,792.9,0,67,10:27:15
3.08,8.64,92.3,284.3,797.5,0,68,10:27:20
3.06,7.59,92.5,283.1,702.1,0,70,10:27:25
3.06,7.34,92.5,283.1,679,0,71,10:27:30
2.81,-22.73,97.7,274.5,-2220.7,0,67,10:27:35
2.96,-2.47,94.4,279.4,-233.2,0,62,10:27:40
2.93,-2.44,94.5,276.9,-230.6,0,58,10:27:45
2.98,0.52,93.9,279.8,48.8,0,56,10:27:50
2.99,3.03,93.5,279.6,283.3,0,55,10:27:55
3,3.03,93.4,280.2,283,0,54,10:28:00
3.01,4.95,93.1,280.2,460.8,0,54,10:28:05
3.01,4.89,93.1,280.2,455.3,0,55,10:28:10
3.03,5.81,92.9,281.5,539.7,0,55,10:28:15
3.03,5.78,92.9,281.5,537,0,58,10:28:20
3.04,5.81,92.9,282.4,539.7,0,60,10:28:25
3.06,5.74,92.9,284.3,533.2,0,62,10:28:30
3.07,5.82,92.8,284.9,540.1,0,63,10:28:35
3.07,5.78,92.8,284.9,536.4,0,64,10:28:40
3.1,5.76,92.8,287.7,534.5,0,66,10:28:45
3.09,-0.2,93.9,290.2,-18.8,0,67,10:28:50
3.02,-10.58,95.8,289.3,-1013.6,0,66,10:28:55
3.13,-2.62,94.5,295.8,-247.6,0,60,10:29:00
3.14,-2.63,94.5,296.7,-248.5,0,59,10:29:05
3.14,-2.63,94.5,296.7,-248.5,0,59,10:29:10
3.12,-0.92,94.3,294.2,-86.8,0,59,10:29:15
3.2,2.94,93.6,299.5,275.2,0,60,10:29:20
3.23,2.9,93.6,302.3,271.4,0,62,10:29:25
3.25,2.84,93.6,304.2,265.8,0,63,10:29:30
3.3,2.81,93.6,308.9,263,0,65,10:29:35
3.34,2.79,93.6,312.6,261.1,0,66,10:29:40
3.4,2.73,93.6,318.2,255.5,0,67,10:29:45
3.48,2.72,93.5,325.4,254.3,0,68,10:29:50
3.63,2.55,93.6,339.8,238.7,0,69,10:29:55
3.72,2.47,93.6,348.2,231.2,0,69,10:30:00
3.73,2.44,93.6,349.1,228.4,0,69,10:30:05
3.76,2.45,93.6,351.9,229.3,0,69,10:30:10
4.05,2.21,93.6,379.1,206.9,0,70,10:30:15
4.19,2.09,93.6,392.2,195.6,0,70,10:30:20
4.46,1.85,93.7,417.9,173.3,0,70,10:30:25
4.54,1.77,93.6,424.9,165.7,0,70,10:30:30
4.47,1.76,93.7,418.8,164.9,0,70,10:30:35
4.77,1.79,93.7,446.9,167.7,0,71,10:30:40
5,1.61,93.7,468.5,150.9,0,72,10:30:45
5.08,1.43,93.7,476,134,0,73,10:30:50
5.15,-0.1,94,484.1,-9.4,0,73,10:30:55
5.13,-2.99,94.5,484.8,-282.6,0,73,10:31:00
5.11,-2.96,94.5,482.9,-279.7,0,72,10:31:05
5.03,-2.86,94.6,475.8,-270.6,0,72,10:31:10
4.91,-2.72,94.6,464.5,-257.3,0,71,10:31:15
5.19,-3.02,94.6,491,-285.7,0,70,10:31:20
5.04,-2.92,94.6,476.8,-276.2,0,69,10:31:25
5.73,-3.61,94.8,543.2,-342.2,0,68,10:31:30
5.73,-4.91,95,544.4,-466.5,0,66,10:31:35
6.05,-5.34,95.1,575.4,-507.8,0,65,10:31:40
6.31,-6.76,95.4,602,-644.9,0,62,10:31:45
6.26,-5.53,95.3,596.6,-527,0,60,10:31:50
6.46,-5.72,95.3,615.6,-545.1,0,58,10:31:55
6.64,-5.87,95.3,632.8,-559.4,0,55,10:32:00
6.67,-5.91,95.4,636.3,-563.8,0,52,10:32:05
6.61,-5.86,95.3,629.9,-558.5,0,50,10:32:10
6.33,-4.01,95,601.4,-381,0,49,10:32:15
6.44,-4.13,95.1,612.4,-392.8,0,48,10:32:20
6.41,-4.15,95.1,609.6,-394.7,0,47,10:32:25
6.13,-3.88,95,582.4,-368.6,0,46,10:32:30
6.04,-3.81,95,573.8,-362,0,46,10:32:35
6.29,-5.56,95.3,599.4,-529.9,0,44,10:32:40
6.08,-23.25,98.4,598.3,-2287.8,0,40,10:32:45
7.22,-14.09,97,700.3,-1366.7,0,29,10:32:50
8.29,-11.14,96.5,800,-1075,0,20,10:32:55
7.63,-6.8,95.7,730.2,-650.8,0,4,10:33:00
7.68,-6.85,95.7,735,-655.5,0,0,10:33:05
8.16,-7.28,95.9,782.5,-698.2,0,0,10:33:10
7.03,-6.25,95.6,672.1,-597.5,0,0,10:33:15
6.89,-6.11,95.7,659.4,-584.7,0,0,10:33:20
8.18,-7.3,95.9,784.5,-700.1,0,0,10:33:25
7.86,-7,95.8,753,-670.6,0,0,10:33:30
7.72,-6.88,95.8,739.6,-659.1,0,0,10:33:35
8.35,-7.47,95.9,800.8,-716.4,0,0,10:33:40
8.46,-7.57,95.9,811.3,-726,0,0,10:33:45
7.44,-6.62,95.8,712.8,-634.2,0,0,10:33:50
6.16,-5.44,95.6,588.9,-520.1,0,0,10:33:55
5.8,-5.1,95.5,553.9,-487.1,0,0,10:34:00
6.86,-6.08,95.7,656.5,-581.9,0,0,10:34:05
5.96,-5.26,95.6,569.8,-502.9,0,0,10:34:10
5.41,-4.74,95.6,517.2,-453.1,0,0,10:34:15
5.16,-4.51,95.4,492.3,-430.3,0,0,10:34:20
5.19,-4.53,95.5,495.6,-432.6,0,0,10:34:25
5.1,-4.44,95.5,487.1,-424,0,0,10:34:30
5.08,-4.43,95.4,484.6,-422.6,0,0,10:34:35
5.43,-4.76,95.6,519.1,-455.1,0,0,10:34:40
6.9,-6.12,95.7,660.3,-585.7,0,0,10:34:45
8.33,-7.44,96,799.7,-714.2,0,0,10:34:50
8.49,-7.6,96,815,-729.6,0,0,10:34:55
8.44,-7.54,96,810.2,-723.8,0,0,10:35:00
6.49,-5.73,95.7,621.1,-548.4,0,0,10:35:05
5.59,-4.91,95.6,534.4,-469.4,0,0,10:35:10
5.67,-4.97,95.6,542.1,-475.1,0,0,10:35:15
5.31,-4.64,95.6,507.6,-443.6,0,0,10:35:20
4.64,-0.21,94.9,440.3,-19.9,0,5,10:35:25
4.5,-0.96,94.9,427.1,-91.1,0,13,10:35:30
4.15,-1.02,95,394.3,-96.9,0,17,10:35:35
4.15,-2.11,95.1,394.7,-200.7,0,19,10:35:40
4.16,-0.99,94.9,394.8,-94,0,22,10:35:45
4.36,-1.19,95,414.2,-113.1,0,25,10:35:50
4.96,-1.72,95,471.2,-163.4,0,27,10:35:55
4.7,-1.51,95,446.5,-143.5,0,30,10:36:00
4.32,-1.12,95,410.4,-106.4,0,32,10:36:05
4.22,-1.01,94.9,400.5,-95.8,0,33,10:36:10
4.22,-0.6,94.8,400.1,-56.9,0,35,10:36:15
4.28,0.06,94.6,404.9,5.7,0,38,10:36:20
4.36,-0.04,94.7,412.9,-3.8,0,39,10:36:25
4.37,1.93,94.2,411.7,181.8,0,42,10:36:30
4.55,3.58,94,427.7,336.5,0,45,10:36:35
4.33,3.8,93.9,406.6,356.8,0,48,10:36:40
4.35,3.81,93.9,408.5,357.8,0,51,10:36:45
4.4,3.77,93.9,413.2,354,0,54,10:36:50
4.57,3.68,93.9,429.1,345.6,0,56,10:36:55
4.7,3.51,93.9,441.3,329.6,0,58,10:37:00
5.12,3.2,93.9,480.8,300.5,0,60,10:37:05
5.36,3.03,93.9,503.3,284.5,0,61,10:37:10
5.44,2.83,94,511.4,266,0,63,10:37:15
5.45,2.96,93.9,511.8,277.9,0,64,10:37:20
6.03,2.41,94,566.8,226.5,0,65,10:37:25
5.68,2.71,93.9,533.4,254.5,0,66,10:37:30
5.84,2.57,94,549,241.6,0,67,10:37:35
5.59,2.82,93.9,524.9,264.8,0,67,10:37:40
6.05,2.39,94,568.7,224.7,0,67,10:37:45
6.91,1.74,94.1,650.2,163.7,0,67,10:37:50
6.11,2.4,93.9,573.7,225.4,0,67,10:37:55
6.27,2.57,93.9,588.8,241.3,0,66,10:38:00
7.15,2.49,93.9,671.4,233.8,0,67,10:38:05
7.39,2.33,93.9,693.9,218.8,0,67,10:38:10
7.09,2.56,93.9,665.8,240.4,0,67,10:38:15
6.97,2.66,93.9,654.5,249.8,0,68,10:38:20
6.27,3.23,93.8,588.1,303,0,68,10:38:25
6.3,3.19,93.8,590.9,299.2,0,68,10:38:30
6.08,3.33,93.7,569.7,312,0,68,10:38:35
6.21,3.24,93.7,581.9,303.6,0,68,10:38:40
6.03,3.34,93.7,565,313,0,68,10:38:45
7.14,2.47,93.9,670.4,231.9,0,68,10:38:50
8.32,2.43,93.9,781.2,228.2,0,68,10:38:55
8.32,2.42,93.9,781.2,227.2,0,68,10:39:00
8.32,2.42,93.9,781.2,227.2,0,67,10:39:05
6.24,4.14,93.5,583.4,387.1,0,67,10:39:10
5.2,5,93.3,485.2,466.5,0,67,10:39:15
8.91,1.9,93.9,836.6,178.4,0,67,10:39:20
8.36,2.35,93.9,785,220.7,0,67,10:39:25
8.08,2.61,93.8,757.9,244.8,0,67,10:39:30
7.85,2.78,93.7,735.5,260.5,0,66,10:39:35
7.34,3.23,93.7,687.8,302.7,0,66,10:39:40
7.65,2.94,93.7,716.8,275.5,0,67,10:39:45
8.43,2.31,93.9,791.6,216.9,0,67,10:39:50
8.48,2.25,93.8,795.4,211.1,0,69,10:39:55
7.86,2.97,93.7,736.5,278.3,0,70,10:40:00
6.88,2.75,93.7,644.7,257.7,0,72,10:40:05
6.47,2.06,93.8,606.9,193.2,0,73,10:40:10
6.8,0.67,94.1,639.9,63,0,74,10:40:15
7.54,-0.76,94.4,711.8,-71.7,0,75,10:40:20
7.15,-0.75,94.4,675,-70.8,0,75,10:40:25
7.05,-0.68,94.3,664.8,-64.1,0,75,10:40:30
7.43,-0.62,94.4,701.4,-58.5,0,75,10:40:35
7.29,-0.43,94.4,688.2,-40.6,0,75,10:40:40
7.78,-0.79,94.4,734.4,-74.6,0,75,10:40:45
7.59,-0.42,94.4,716.5,-39.6,0,75,10:40:50
7.37,-0.52,94.4,695.7,-49.1,0,75,10:40:55
7.58,-0.74,94.4,715.6,-69.9,0,75,10:41:00
8.31,-1.93,94.7,787,-182.8,0,75,10:41:05
8.41,-2.34,94.8,797.3,-221.8,0,75,10:41:10
7.96,-2.21,94.8,754.6,-209.5,0,76,10:41:15
6.65,-1.52,94.6,629.1,-143.8,0,76,10:41:20
8.67,-3.46,95,823.7,-328.7,0,76,10:41:25
8.19,-3.86,95.1,778.9,-367.1,0,76,10:41:30
7.35,-3.94,95.1,699,-374.7,0,77,10:41:35
7.85,-4.75,95.3,748.1,-452.7,0,77,10:41:40
6.31,-3.27,95,599.5,-310.7,0,77,10:41:45
8.06,-3.16,95,765.7,-300.2,0,76,10:41:50
5.27,0.1,94.5,498,9.5,0,75,10:41:55
3.64,2.6,94,342.2,244.4,0,74,10:42:00
3.75,3.62,93.8,351.8,339.6,0,74,10:42:05
4.16,5.04,93.4,388.5,470.7,0,72,10:42:10
7.03,2.95,93.8,659.4,276.7,0,71,10:42:15
8.36,2.34,93.9,785,219.7,0,69,10:42:20
8.52,2.25,93.9,800,211.3,0,68,10:42:25
8.68,2.12,93.9,815.1,199.1,0,67,10:42:30
8.88,1.9,94,834.7,178.6,0,66,10:42:35
8.74,2.03,93.9,820.7,190.6,0,66,10:42:40
8.09,2.58,93.9,759.7,242.3,0,67,10:42:45
7.81,2.84,93.8,732.6,266.4,0,69,10:42:50
7.73,2.38,93.8,725.1,223.2,0,72,10:42:55
8.51,-0.35,94.3,802.5,-33,0,74,10:43:00
8.45,-2.85,94.8,801.1,-270.2,0,76,10:43:05
8.4,-3.97,95,798,-377.2,0,77,10:43:10
8.47,-5.73,95.4,808,-546.6,0,77,10:43:15
8.15,-5.56,95.3,776.7,-529.9,0,77,10:43:20
8.42,-3.98,95.1,800.7,-378.5,0,76,10:43:25
8.15,-2.17,94.8,772.6,-205.7,0,75,10:43:30
8.2,-0.49,94.6,775.7,-46.4,0,74,10:43:35
7.61,1.4,94.2,716.9,131.9,0,73,10:43:40
4.5,4.94,93.5,420.8,461.9,0,72,10:43:45
3.72,6.44,93.2,346.7,600.2,0,70,10:43:50
3.55,6.41,93.1,330.5,596.8,0,69,10:43:55
3.66,6.29,93.1,340.7,585.6,0,68,10:44:00
3.79,6.16,93.1,352.8,573.5,0,67,10:44:05
4.07,5.92,93.1,378.9,551.2,0,66,10:44:10
4.71,5.4,93.3,439.4,503.8,0,65,10:44:15
4.62,5.46,93.2,430.6,508.9,0,65,10:44:20
5.04,5.13,93.3,470.2,478.6,0,65,10:44:25
6.81,3.62,93.5,636.7,338.5,0,66,10:44:30
7.32,3.2,93.6,685.2,299.5,0,67,10:44:35
6.46,3.92,93.4,603.4,366.1,0,69,10:44:40
5.67,4.55,93.3,529,424.5,0,71,10:44:45
5.74,3.16,93.6,537.3,295.8,0,73,10:44:50
4.81,2.25,93.7,450.7,210.8,0,74,10:44:55
4.46,1.35,93.8,418.3,126.6,0,75,10:45:00
4.5,-5.34,95.1,428,-507.8,0,75,10:45:05
4.73,-4.92,95.1,449.8,-467.9,0,73,10:45:10
5.06,-4.89,95.1,481.2,-465,0,73,10:45:15
4.99,-4.52,95,474.1,-429.4,0,71,10:45:20
4.5,-3.94,95,427.5,-374.3,0,70,10:45:25
4.48,-3.88,95,425.6,-368.6,0,70,10:45:30
4.7,-4.08,95.1,447,-388,0,68,10:45:35
5.97,-5.26,95.3,568.9,-501.3,0,67,10:45:40
6.11,-3.98,95.1,581.1,-378.5,0,66,10:45:45
5.27,-3.08,95,500.7,-292.6,0,65,10:45:50
5.09,-2.89,95,483.6,-274.6,0,65,10:45:55
4.84,-2.18,94.8,458.8,-206.7,0,64,10:46:00
5.04,0.28,94.4,475.8,26.4,0,65,10:46:05
5.37,2.03,94,504.8,190.8,0,67,10:46:10
5.54,1.89,94,520.8,177.7,0,69,10:46:15
5.04,2.32,93.9,473.3,217.8,0,70,10:46:20
4.62,2.76,93.8,433.4,258.9,0,72,10:46:25
4.77,1.44,94.1,448.9,135.5,0,74,10:46:30
5.69,0.3,94.3,536.6,28.3,0,74,10:46:35
6.8,-0.3,94.4,641.9,-28.3,0,74,10:46:40
6.24,0.52,94.2,587.8,49,0,74,10:46:45
5.43,1.25,94.1,511,117.6,0,73,10:46:50
5.22,1.87,93.9,490.2,175.6,0,72,10:46:55
5.45,1.89,93.9,511.8,177.5,0,70,10:47:00
5.73,1.67,94,538.6,157,0,69,10:47:05
7.04,0.59,94.2,663.2,55.6,0,66,10:47:10
7.05,0.58,94.2,664.1,54.6,0,63,10:47:15
7.5,0.18,94.2,706.5,17,0,60,10:47:20
7.48,0.16,94.2,704.6,15.1,0,57,10:47:25
5.99,4.34,93.5,560.1,405.8,0,55,10:47:30
5.26,4.95,93.3,490.8,461.8,0,55,10:47:35
5.57,4.68,93.4,520.2,437.1,0,54,10:47:40
7.19,3.34,93.6,673,312.6,0,54,10:47:45
8.99,1.82,93.9,844.2,170.9,0,55,10:47:50
7.88,2.75,93.6,737.6,257.4,0,55,10:47:55
7.67,2.94,93.7,718.7,275.5,0,55,10:48:00
6.17,4.17,93.4,576.3,389.5,0,55,10:48:05
5.35,4.87,93.3,499.2,454.4,0,56,10:48:10
5.32,4.9,93.3,496.4,457.2,0,56,10:48:15
5.45,4.76,93.3,508.5,444.1,0,56,10:48:20
5.08,5.08,93.2,473.5,473.5,0,56,10:48:25
5.16,5.02,93.2,480.9,467.9,0,57,10:48:30
5.2,5,93.1,484.1,465.5,0,58,10:48:35
5.01,5.19,93.1,466.4,483.2,0,60,10:48:40
5.2,4.96,93.1,484.1,461.8,0,61,10:48:45
5.8,4.49,93.3,541.1,418.9,0,64,10:48:50
6.06,4.31,93.3,565.4,402.1,0,65,10:48:55
5.7,4.56,93.2,531.2,425,0,67,10:49:00
5.69,4.61,93.2,530.3,429.7,0,68,10:49:05
5.1,5.14,93,474.3,478,0,69,10:49:10
4.79,5.07,93.1,445.9,472,0,70,10:49:15
4.62,5.08,93,429.7,472.4,0,71,10:49:20
4.75,5.15,93,441.8,479,0,71,10:49:25
4.74,4.71,93.1,441.3,438.5,0,71,10:49:30
4.79,5.47,92.9,445,508.2,0,70,10:49:35
5.14,5.21,93,478,484.5,0,70,10:49:40
5.39,4.86,93,501.3,452,0,70,10:49:45
5.08,4.94,93,472.4,459.4,0,70,10:49:50
5.21,4.85,93,484.5,451.1,0,70,10:49:55
5.29,4.87,93,492,452.9,0,70,10:50:00
5.61,4.75,93,521.7,441.8,0,69,10:50:05
5.64,4.59,93,524.5,426.9,0,69,10:50:10
5.45,4.76,93,506.9,442.7,0,68,10:50:15
5.18,5.03,92.9,481.2,467.3,0,67,10:50:20
4.6,5.45,92.8,426.9,505.8,0,66,10:50:25
4.11,5.88,92.8,381.4,545.7,0,66,10:50:30
3.66,6.25,92.7,339.3,579.4,0,66,10:50:35
3.63,6.29,92.7,336.5,583.1,0,67,10:50:40
3.49,6.42,92.7,323.5,595.1,0,67,10:50:45
3.85,6.15,92.7,356.9,570.1,0,67,10:50:50
3.98,6,92.7,368.9,556.2,0,67,10:50:55
3.71,6.25,92.7,343.9,579.4,0,67,10:51:00
3.67,6.26,92.6,339.8,579.7,0,67,10:51:05
3.58,6.33,92.6,331.5,586.2,0,67,10:51:10
3.24,6.61,92.5,299.7,611.4,0,67,10:51:15
3.18,6.68,92.5,294.2,617.9,0,68,10:51:20
3.14,6.7,92.4,290.1,619.1,0,68,10:51:25
3.17,6.76,92.4,292.9,624.6,0,68,10:51:30
3.16,4.7,92.8,293.2,436.2,0,68,10:51:35
3.08,0.23,93.6,288.3,21.5,0,66,10:51:40
3.03,-2.53,94.2,285.4,-238.3,0,63,10:51:45
3.03,-2.53,94.2,285.4,-238.3,0,60,10:51:50
3.04,-1.76,94.1,286.1,-165.6,0,57,10:51:55
3.08,1.93,93.5,288,180.5,0,56,10:52:00
3.07,-2.57,94.2,289.2,-242.1,0,54,10:52:05
3.1,-2.59,94.3,292.3,-244.2,0,51,10:52:10
3.09,-1.06,94.1,290.8,-99.7,0,49,10:52:15
3.13,0.85,93.7,293.3,79.6,0,48,10:52:20
3.16,3.13,93.4,295.1,292.3,0,47,10:52:25
3.16,3.74,93.2,294.5,348.6,0,48,10:52:30
3.12,3.77,93.2,290.8,351.4,0,49,10:52:35
3.08,3.81,93.1,286.7,354.7,0,49,10:52:40
3.16,6.69,92.6,292.6,619.5,0,50,10:52:45
3.38,6.51,92.6,313,602.8,0,52,10:52:50
4.25,5.76,92.7,394,534,0,54,10:52:55
3.08,6.72,92.5,284.9,621.6,0,55,10:53:00
2.76,7.04,92.4,255,650.5,0,56,10:53:05
2.56,7.2,92.4,236.5,665.3,0,57,10:53:10
2.49,7.28,92.4,230.1,672.7,0,58,10:53:15
2.42,7.29,92.3,223.4,672.9,0,58,10:53:20
2.29,7.4,92.2,211.1,682.3,0,59,10:53:25
2.27,7.44,92.2,209.3,686,0,60,10:53:30
2.36,7.36,92.2,217.6,678.6,0,60,10:53:35
2.24,7.48,92.2,206.5,689.7,0,61,10:53:40
2.41,7.36,92.2,222.2,678.6,0,62,10:53:45
2.28,7.41,92.2,210.2,683.2,0,62,10:53:50
2.08,7.56,92.2,191.8,697,0,63,10:53:55
2.02,7.61,92.1,186,700.9,0,63,10:54:00
2.05,7.65,92.1,188.8,704.6,0,63,10:54:05
2.18,7.55,92.1,200.8,695.4,0,64,10:54:10
3.09,6.79,92.3,285.2,626.7,0,64,10:54:15
8.47,2.27,93,787.7,211.1,0,64,10:54:20
8.48,2.29,93,788.6,213,0,64,10:54:25
8.37,2.34,93.1,779.2,217.9,0,64,10:54:30
8.49,2.25,93.1,790.4,209.5,0,64,10:54:35
8.41,2.29,93.1,783,213.2,0,64,10:54:40
8.65,2.17,93.1,805.3,202,0,65,10:54:45
8.5,2.23,93.1,791.4,207.6,0,64,10:54:50
7.99,2.7,93,743.1,251.1,0,64,10:54:55
2.94,6.91,92.3,271.4,637.8,0,65,10:55:00
2.55,7.2,92.2,235.1,663.8,0,65,10:55:05
2.5,7.24,92.1,230.3,666.8,0,66,10:55:10
2.83,6.94,92.1,260.6,639.2,0,66,10:55:15
3.54,6.38,92.2,326.4,588.2,0,66,10:55:20
4.19,5.81,92.4,387.2,536.8,0,66,10:55:25
5.79,4.45,92.6,536.2,412.1,0,66,10:55:30
5.42,4.76,92.5,501.4,440.3,0,66,10:55:35
8.51,2.19,93,791.4,203.7,0,66,10:55:40
8.84,1.93,93.1,823,179.7,0,66,10:55:45
8.73,2.06,93,811.9,191.6,0,67,10:55:50
9.11,1.73,93.1,848.1,161.1,0,67,10:55:55
9.15,1.72,93.1,851.9,160.1,0,68,10:56:00
9.16,1.71,93.2,853.7,159.4,0,68,10:56:05
9.32,1.57,93.2,868.6,146.3,0,68,10:56:10
7.02,3.51,92.8,651.5,325.7,0,69,10:56:15
8.44,2.34,93,784.9,217.6,0,69,10:56:20
8.67,2.05,93.1,807.2,190.9,0,69,10:56:25
9.66,1.43,93.2,900.3,133.3,0,70,10:56:30
9.47,1.43,93.2,882.6,133.3,0,70,10:56:35
9.34,1.42,93.2,870.5,132.3,0,70,10:56:40
9.27,1.36,93.2,864,126.8,0,71,10:56:45
6.03,3.81,92.8,559.6,353.6,0,71,10:56:50
3.5,5.63,92.4,323.4,520.2,0,71,10:56:55
3.81,3.88,92.7,353.2,359.7,0,73,10:57:00
5.89,1.62,93.1,548.4,150.8,0,73,10:57:05
5.11,1.02,93.3,476.8,95.2,0,73,10:57:10
4.15,2.18,93,386,202.7,0,73,10:57:15
3.19,2.8,93,296.7,260.4,0,73,10:57:20
3.34,1.35,93.3,311.6,126,0,73,10:57:25
3.49,-10.05,95.3,332.6,-957.8,0,71,10:57:30
6.62,-5.86,94.5,625.6,-553.8,0,69,10:57:35
8.47,-7.57,95,804.7,-719.2,0,68,10:57:40
8.7,-7.79,95,826.5,-740.1,0,67,10:57:45
8.73,-7.82,95,829.4,-742.9,0,66,10:57:50
8.77,-7.85,95.1,834,-746.5,0,64,10:57:55
8.8,-7.88,95.1,836.9,-749.4,0,63,10:58:00
9.01,-8.2,95.3,858.7,-781.5,0,58,10:58:05
8.5,-7.6,95.2,809.2,-723.5,0,56,10:58:10
9.25,-8.29,95.3,881.5,-790,0,55,10:58:15
9.14,-6.53,95,868.3,-620.4,0,54,10:58:20
8.56,-2.73,94.4,808.1,-257.7,0,53,10:58:25
9.22,-3.39,94.5,871.3,-320.4,0,54,10:58:30
8.94,0.05,93.9,839.5,4.7,0,55,10:58:35
9.53,-0.47,94,895.8,-44.2,0,56,10:58:40
9.6,-0.55,94,902.4,-51.7,0,57,10:58:45
9.42,-0.4,94,885.5,-37.6,0,58,10:58:50
9.54,-0.47,94,896.8,-44.2,0,59,10:58:55
9.37,-0.38,93.9,879.8,-35.7,0,60,10:59:00
9.27,-0.27,93.9,870.5,-25.4,0,61,10:59:05
9.44,-0.41,93.9,886.4,-38.5,0,62,10:59:10
9.33,-0.37,93.9,876.1,-34.7,0,62,10:59:15
9.56,-0.54,93.9,897.7,-50.7,0,63,10:59:20
9.52,-0.5,93.9,893.9,-47,0,63,10:59:25
9.47,-0.44,93.9,889.2,-41.3,0,63,10:59:30
9.91,-0.97,94,931.5,-91.2,0,64,10:59:35
9.97,-0.88,93.9,936.2,-82.6,0,64,10:59:40
10.09,-1.04,94,948.5,-97.8,0,64,10:59:45
9.82,-0.8,94,923.1,-75.2,0,64,10:59:50
10.14,-1.07,94,953.2,-100.6,0,64,10:59:55
10.31,-1.34,94.1,970.2,-126.1,0,63,11:00:00
10.4,-1.27,94,977.6,-119.4,0,62,11:00:05
10.59,-1.62,94.2,997.6,-152.6,0,61,11:00:10
10.61,-1.48,94.1,998.4,-139.3,0,60,11:00:15
10.45,-1.39,94.1,983.3,-130.8,0,59,11:00:20
10.63,-1.51,94.2,1001.3,-142.2,0,58,11:00:25
10.5,-1.4,94.2,989.1,-131.9,0,58,11:00:30
10.63,-1.49,94.2,1001.3,-140.4,0,58,11:00:35
10.34,-1.26,94.1,973,-118.6,0,59,11:00:40
10.39,-1.31,94.2,978.7,-123.4,0,59,11:00:45
10.23,-1.17,94.1,962.6,-110.1,0,60,11:00:50
10.13,-0.98,94,952.2,-92.1,0,61,11:00:55
9.75,-0.66,94,916.5,-62,0,62,11:01:00
9.95,-1.02,94,935.3,-95.9,0,62,11:01:05
5.96,2.44,93.4,556.7,227.9,0,62,11:01:10
3.5,4.5,93,325.5,418.5,0,62,11:01:15
2.78,4.99,93,258.5,464.1,0,62,11:01:20
2.52,5.3,92.8,233.9,491.8,0,62,11:01:25
2.44,5.42,92.8,226.4,503,0,61,11:01:30
2.46,5.4,92.7,228,500.6,0,61,11:01:35
2.49,5.32,92.7,230.8,493.2,0,61,11:01:40
2.58,5.33,92.7,239.2,494.1,0,61,11:01:45
2.68,5.22,92.7,248.4,483.9,0,61,11:01:50
2.74,5.1,92.7,254,472.8,0,60,11:01:55
2.87,5.02,92.7,266,465.4,0,60,11:02:00
2.91,5.01,92.7,269.8,464.4,0,60,11:02:05
3.04,4.92,92.7,281.8,456.1,0,60,11:02:10
3.14,4.87,92.7,291.1,451.4,0,60,11:02:15
3.24,4.73,92.7,300.3,438.5,0,60,11:02:20
3.38,4.59,92.7,313.3,425.5,0,60,11:02:25
6.44,2.07,93.1,599.6,192.7,0,60,11:02:30
8.21,0.6,93.4,766.8,56,0,61,11:02:35
3.89,4.12,92.8,361,382.3,0,61,11:02:40
3.62,4.49,92.7,335.6,416.2,0,61,11:02:45
3.88,5.21,92.5,358.9,481.9,0,62,11:02:50
5.65,3.71,92.8,524.3,344.3,0,63,11:02:55
8.94,0.92,93.3,834.1,85.8,0,64,11:03:00
4.81,4.4,92.7,445.9,407.9,0,65,11:03:05
3.83,5.18,92.5,354.3,479.2,0,65,11:03:10
4.2,4.92,92.5,388.5,455.1,0,66,11:03:15
3.58,5.43,92.5,331.2,502.3,0,67,11:03:20
3.53,5.48,92.4,326.2,506.4,0,67,11:03:25
3.64,5.38,92.4,336.3,497.1,0,68,11:03:30
3.86,5.25,92.4,356.7,485.1,0,68,11:03:35
9.96,0.1,93.3,929.3,9.3,0,69,11:03:40
10.15,-0.06,93.4,948,-5.6,0,69,11:03:45
10.1,-0.13,93.4,943.3,-12.1,0,70,11:03:50
8.68,1.16,93.3,809.8,108.2,0,70,11:03:55
6.11,3,92.9,567.6,278.7,0,71,11:04:00
5.66,3.64,92.8,525.2,337.8,0,71,11:04:05
7.17,1.84,93.1,667.5,171.3,0,71,11:04:10
7.05,2.12,93.1,656.4,197.4,0,71,11:04:15
9.95,0.12,93.4,929.3,11.2,0,71,11:04:20
8.66,0.87,93.3,808,81.2,0,72,11:04:25
9.53,-0.35,93.5,891.1,-32.7,0,72,11:04:30
9.55,-0.28,93.5,892.9,-26.2,0,71,11:04:35
9.8,-0.7,93.6,917.3,-65.5,0,72,11:04:40
9.73,-0.06,93.5,909.8,-5.6,0,72,11:04:45
9.75,-0.34,93.6,912.6,-31.8,0,72,11:04:50
9.72,-0.57,93.6,909.8,-53.4,0,72,11:04:55
9.6,-0.26,93.5,897.6,-24.3,0,72,11:05:00
7.3,1.12,93.3,681.1,104.5,0,72,11:05:05
4.14,2.21,93.1,385.4,205.8,0,72,11:05:10
3.88,-1.89,93.9,364.3,-177.5,0,72,11:05:15
3.98,-2.01,93.9,373.7,-188.7,0,70,11:05:20
8.3,-6.06,94.6,785.2,-573.3,0,68,11:05:25
8.56,-3.17,94.1,805.5,-298.3,0,66,11:05:30
9.93,-4.15,94.3,936.4,-391.3,0,65,11:05:35
9.95,-4.19,94.4,939.3,-395.5,0,64,11:05:40
10.11,-2.22,94,950.3,-208.7,0,63,11:05:45
10.09,-2.15,94,948.5,-202.1,0,62,11:05:50
10.01,-2.07,94,940.9,-194.6,0,61,11:05:55
10.21,-2.21,94.1,960.8,-208,0,61,11:06:00
10.3,-2.35,94.1,969.2,-221.1,0,61,11:06:05
7.25,0.46,93.6,678.6,43.1,0,62,11:06:10
10.53,-2.58,94.2,991.9,-243,0,63,11:06:15
8.89,-0.95,93.8,833.9,-89.1,0,63,11:06:20
6.32,1.23,93.5,590.9,115,0,65,11:06:25
10.3,-2.34,94.2,970.3,-220.4,0,66,11:06:30
7.61,0.09,93.7,713.1,8.4,0,67,11:06:35
8.44,-0.62,93.8,791.7,-58.2,0,68,11:06:40
6.3,1.17,93.5,589.1,109.4,0,68,11:06:45
10.15,-2.22,94.1,955.1,-208.9,0,68,11:06:50
9.7,-1.82,94,911.8,-171.1,0,68,11:06:55
9.79,-1.91,94.1,921.2,-179.7,0,67,11:07:00
6.19,1.31,93.5,578.8,122.5,0,66,11:07:05
3.72,3.32,93.1,346.3,309.1,0,65,11:07:10
3.31,3.69,93,307.8,343.2,0,63,11:07:15
3.12,5.78,92.6,288.9,535.2,0,62,11:07:20
2.88,5.97,92.5,266.4,552.2,0,60,11:07:25
2.79,6.06,92.5,258.1,560.6,0,59,11:07:30
2.72,6.12,92.4,251.3,565.5,0,59,11:07:35
2.67,6.17,92.4,246.7,570.1,0,59,11:07:40
2.69,6.19,92.4,248.6,572,0,62,11:07:45
2.75,6.05,92.4,254.1,559,0,63,11:07:50
2.74,6.13,92.3,252.9,565.8,0,65,11:07:55
3.05,2.85,92.9,283.3,264.8,0,66,11:08:00
3.24,2.67,93,301.3,248.3,0,66,11:08:05
2.92,2.95,92.9,271.3,274.1,0,65,11:08:10
3.13,1.76,93.1,291.4,163.9,0,64,11:08:15
2.6,2.27,93,241.8,211.1,0,64,11:08:20
2.49,2.33,93,231.6,216.7,0,63,11:08:25
2.52,2.31,93,234.4,214.8,0,63,11:08:30
2.6,2.25,93,241.8,209.3,0,62,11:08:35
2.75,2.1,93,255.8,195.3,0,62,11:08:40
2.94,2.02,93,273.4,187.9,0,62,11:08:45
4.03,1.17,93.2,375.6,109,0,61,11:08:50
8.93,-3.24,94,839.4,-304.6,0,61,11:08:55
8.98,-7.06,94.6,849.5,-667.9,0,60,11:09:00
8.85,-6.69,94.6,837.2,-632.9,0,57,11:09:05
9.13,-4.6,94.3,861,-433.8,0,55,11:09:10
9.09,-2.36,94,854.5,-221.8,0,55,11:09:15
9.13,-2.2,93.9,857.3,-206.6,0,54,11:09:20
9.23,-0.31,93.7,864.9,-29,0,54,11:09:25
9.3,-0.4,93.7,871.4,-37.5,0,54,11:09:30
9.28,-0.35,93.7,869.5,-32.8,0,54,11:09:35
4.32,3.78,92.9,401.3,351.2,0,55,11:09:40
9.01,-0.11,93.6,843.3,-10.3,0,55,11:09:45
9.75,-0.82,93.7,913.6,-76.8,0,56,11:09:50
9.69,-0.74,93.7,908,-69.3,0,57,11:09:55
9.74,-0.8,93.7,912.6,-75,0,57,11:10:00
9.66,-0.7,93.7,905.1,-65.6,0,58,11:10:05
9.75,-0.78,93.7,913.6,-73.1,0,59,11:10:10
9.64,-0.63,93.7,903.3,-59,0,59,11:10:15
9.58,-0.65,93.7,897.6,-60.9,0,60,11:10:20
9.67,-0.77,93.7,906.1,-72.1,0,60,11:10:25
9.92,1.11,93.4,926.5,103.7,0,62,11:10:30
8.34,2.37,93.2,777.3,220.9,0,63,11:10:35
8.79,2,93.2,819.2,186.4,0,64,11:10:40
8.24,2.49,93,766.3,231.6,0,64,11:10:45
9.35,1.53,93.3,872.4,142.7,0,65,11:10:50
5.25,4.97,92.6,486.2,460.2,0,65,11:10:55
3.1,6.8,92.2,285.8,627,0,66,11:11:00
2.89,6.93,92.2,266.5,638.9,0,66,11:11:05
2.83,7,92.1,260.6,644.7,0,67,11:11:10
2.77,7.05,92.1,255.1,649.3,0,67,11:11:15
2.75,7.14,92,253,656.9,0,68,11:11:20
2.72,7.07,92,250.2,650.4,0,69,11:11:25
2.67,7.11,92,245.6,654.1,0,69,11:11:30
2.68,7.01,92,246.6,644.9,0,70,11:11:35
2.68,6.78,92,246.6,623.8,0,70,11:11:40
2.81,6.32,92.1,258.8,582.1,0,70,11:11:45
7.63,2.97,92.6,706.5,275,0,71,11:11:50
9.1,1.11,93,846.3,103.2,0,71,11:11:55
9.1,1.5,93,846.3,139.5,0,70,11:12:00
9,1.95,92.9,836.1,181.2,0,70,11:12:05
8.96,1.98,92.9,832.4,183.9,0,70,11:12:10
7.84,2.95,92.7,726.8,273.5,0,70,11:12:15
9.19,1.72,92.9,853.8,159.8,0,70,11:12:20
3.11,6.59,92.1,286.4,606.9,0,70,11:12:25
7.96,2.8,92.7,737.9,259.6,0,70,11:12:30
8.89,1.85,92.9,825.9,171.9,0,69,11:12:35
8.9,2.08,92.8,825.9,193,0,69,11:12:40
8.38,2.37,92.8,777.7,219.9,0,70,11:12:45
8.76,1.35,93,814.7,125.6,0,71,11:12:50
8.68,0.75,93.1,808.1,69.8,0,72,11:12:55
8.74,1.16,93,812.8,107.9,0,72,11:13:00
8.76,1.63,93,814.7,151.6,0,71,11:13:05
8.85,1.53,92.9,822.2,142.1,0,71,11:13:10
8.78,2.07,92.9,815.7,192.3,0,70,11:13:15
8.54,2.34,92.8,792.5,217.2,0,70,11:13:20
8.5,2.44,92.8,788.8,226.4,0,70,11:13:25
8.63,2.04,92.9,801.7,189.5,0,70,11:13:30
8.56,2.3,92.9,795.2,213.7,0,69,11:13:35
8.63,2.12,92.9,801.7,196.9,0,69,11:13:40
8.77,-2.2,93.7,821.7,-206.1,0,68,11:13:45
8.79,-4.27,94,826.3,-401.4,0,66,11:13:50
9,-4.4,94,846,-413.6,0,64,11:13:55
9.15,-4.74,94.2,861.9,-446.5,0,62,11:14:00
9.39,-2.67,93.9,881.7,-250.7,0,61,11:14:05
9.53,-2.81,93.9,894.9,-263.9,0,60,11:14:10
9.46,-1.62,93.7,886.4,-151.8,0,60,11:14:15
9.5,-1.67,93.7,890.2,-156.5,0,60,11:14:20
9.4,-1.62,93.7,880.8,-151.8,0,60,11:14:25
9.51,-1.65,93.7,891.1,-154.6,0,59,11:14:30
9.72,-0.77,93.6,909.8,-72.1,0,59,11:14:35
9.77,-0.81,93.6,914.5,-75.8,0,59,11:14:40
9.81,-0.88,93.6,918.2,-82.4,0,59,11:14:45
9.99,-1.03,93.6,935.1,-96.4,0,60,11:14:50
10.01,-1.05,93.6,936.9,-98.3,0,59,11:14:55
10.12,-1.11,93.7,948.2,-104,0,59,11:15:00
8.48,1.13,93.3,791.2,105.4,0,60,11:15:05
8.5,1.72,93.2,792.2,160.3,0,60,11:15:10
6.7,2.77,93,623.1,257.6,0,61,11:15:15
9.92,0.04,93.4,926.5,3.7,0,62,11:15:20
6,3.34,92.8,556.8,310,0,62,11:15:25
5.58,3.68,92.7,517.3,341.1,0,62,11:15:30
5.69,3.59,92.7,527.5,332.8,0,61,11:15:35
5.1,4.11,92.6,472.3,380.6,0,60,11:15:40
3.87,6.77,92.1,356.4,623.5,0,59,11:15:45
3.83,8.07,91.8,351.6,740.8,0,60,11:15:50
3.83,8.05,91.8,351.6,739,0,60,11:15:55
3.74,8.17,91.8,343.3,750,0,61,11:16:00
3.68,8.2,91.7,337.5,751.9,0,61,11:16:05
3.74,8.12,91.6,342.6,743.8,0,61,11:16:10
3.8,8.1,91.6,348.1,742,0,61,11:16:15
3.88,8.01,91.6,355.4,733.7,0,61,11:16:20
3.96,7.96,91.6,362.7,729.1,0,61,11:16:25
4.04,7.9,91.6,370.1,723.6,0,61,11:16:30
4.12,7.79,91.6,377.4,713.6,0,62,11:16:35
4.18,7.38,91.6,382.9,676,0,62,11:16:40
4.29,6.66,91.8,393.8,611.4,0,63,11:16:45
4.4,6.56,91.8,403.9,602.2,0,64,11:16:50
4.57,6.44,91.8,419.5,591.2,0,65,11:16:55
4.87,6.16,91.8,447.1,565.5,0,65,11:17:00
9.72,2.1,92.5,899.1,194.3,0,65,11:17:05
7.13,4.29,92.2,657.4,395.5,0,65,11:17:10
6.86,4.53,92.1,631.8,417.2,0,66,11:17:15
10.23,1.68,92.7,948.3,155.7,0,66,11:17:20
10.08,1.84,92.6,933.4,170.4,0,66,11:17:25
5.4,5.74,92,496.8,528.1,0,67,11:17:30
6,5.27,92,552,484.8,0,67,11:17:35
9.53,2.33,92.5,881.5,215.5,0,67,11:17:40
10.4,1.59,92.7,964.1,147.4,0,67,11:17:45
10.54,1.45,92.7,977.1,134.4,0,67,11:17:50
10.35,1.65,92.7,959.4,153,0,67,11:17:55
10.32,1.7,92.7,956.7,157.6,0,68,11:18:00
10.23,1.8,92.7,948.3,166.9,0,68,11:18:05
10.28,1.72,92.7,953,159.4,0,69,11:18:10
10.31,1.52,92.7,955.7,140.9,0,69,11:18:15
9.9,1.87,92.7,917.7,173.3,0,70,11:18:20
5.64,3.61,92.3,520.6,333.2,0,69,11:18:25
4.1,4.92,92.1,377.6,453.1,0,68,11:18:30
3.95,6.96,91.7,362.2,638.2,0,67,11:18:35
3.96,6.86,91.7,363.1,629.1,0,67,11:18:40
4,6.85,91.7,366.8,628.1,0,66,11:18:45
4.02,6.86,91.6,368.2,628.4,0,66,11:18:50
4.1,6.8,91.6,375.6,622.9,0,66,11:18:55
4.1,6.79,91.6,375.6,622,0,65,11:19:00
4.08,6.87,91.6,373.7,629.3,0,64,11:19:05
4.12,6.82,91.6,377.4,624.7,0,64,11:19:10
4.18,6.8,91.6,382.9,622.9,0,64,11:19:15
4.34,6.62,91.6,397.5,606.4,0,64,11:19:20
4.62,6.41,91.6,423.2,587.2,0,64,11:19:25
6.54,4.82,91.9,601,443,0,64,11:19:30
5.84,5.35,91.8,536.1,491.1,0,63,11:19:35
4.91,6.2,91.6,449.8,567.9,0,63,11:19:40
4.72,6.38,91.6,432.4,584.4,0,62,11:19:45
4.66,6.43,91.6,426.9,589,0,63,11:19:50
4.82,6.29,91.5,441,575.5,0,63,11:19:55
7.53,3.99,92,692.8,367.1,0,63,11:20:00
5.67,5.56,91.7,519.9,509.9,0,63,11:20:05
6.11,5.19,91.8,560.9,476.4,0,63,11:20:10
6.64,4.69,91.8,609.6,430.5,0,64,11:20:15
4.33,6.6,91.5,396.2,603.9,0,64,11:20:20
4.13,6.82,91.3,377.1,622.7,0,66,11:20:25
3.97,-1.84,92.9,368.8,-170.9,0,69,11:20:30
3.89,-2.98,93.2,362.5,-277.7,0,70,11:20:35
3.74,-3.37,93.4,349.3,-314.8,0,70,11:20:40
3.69,-3.4,93.4,344.6,-317.6,0,71,11:20:45
3.81,-3.58,93.5,356.2,-334.7,0,71,11:20:50
3.72,-3.62,93.5,347.8,-338.5,0,71,11:20:55
3.65,-3.5,93.6,341.6,-327.6,0,71,11:21:00
3.57,-3.24,93.5,333.8,-302.9,0,70,11:21:05
3.55,-3.08,93.5,331.9,-288,0,69,11:21:10
3.53,-3.01,93.5,330.1,-281.4,0,69,11:21:15
3.57,-3.04,93.6,334.2,-284.5,0,67,11:21:20
3.55,-3.02,93.6,332.3,-282.7,0,66,11:21:25
3.53,-2.55,93.5,330.1,-238.4,0,64,11:21:30
3.55,1.42,92.8,329.4,131.8,0,63,11:21:35
3.52,1.58,92.7,326.3,146.5,0,63,11:21:40
3.67,1.34,92.8,340.6,124.4,0,62,11:21:45
3.96,3.09,92.4,365.9,285.5,0,63,11:21:50
4.54,2.5,92.5,420,231.3,0,65,11:21:55
4.97,2.14,92.5,459.7,198,0,66,11:22:00
3.53,3.39,92.3,325.8,312.9,0,67,11:22:05
3.36,3.45,92.3,310.1,318.4,0,66,11:22:10
3.28,3.67,92.2,302.4,338.4,0,66,11:22:15
3.23,3.58,92.2,297.8,330.1,0,65,11:22:20
3.19,3.61,92.2,294.1,332.8,0,64,11:22:25
3.14,3.72,92.1,289.2,342.6,0,63,11:22:30
3.1,3.73,92.1,285.5,343.5,0,62,11:22:35
3.1,3.74,92.1,285.5,344.5,0,61,11:22:40
3.06,3.83,92.1,281.8,352.7,0,59,11:22:45
3.02,3.85,92.1,278.1,354.6,0,58,11:22:50
3.01,6.08,91.7,276,557.5,0,58,11:22:55
2.99,6.77,91.5,273.6,619.5,0,58,11:23:00
2.95,6.8,91.5,269.9,622.2,0,57,11:23:05
2.92,6.81,91.5,267.2,623.1,0,56,11:23:10
2.88,6.81,91.5,263.5,623.1,0,55,11:23:15
2.86,6.85,91.5,261.7,626.8,0,53,11:23:20
2.86,6.9,91.4,261.4,630.7,0,53,11:23:25
2.85,6.81,91.4,260.5,622.4,0,53,11:23:30
2.85,6.87,91.3,260.2,627.2,0,54,11:23:35
2.86,6.9,91.3,261.1,630,0,56,11:23:40
2.86,6.91,91.3,261.1,630.9,0,59,11:23:45
2.89,6.85,91.3,263.9,625.4,0,62,11:23:50
2.91,7.7,91.2,265.4,702.2,0,63,11:23:55
2.96,7.78,91.2,270,709.5,0,64,11:24:00
3,7.72,91.1,273.3,703.3,0,64,11:24:05
3.05,7.69,91.1,277.9,700.6,0,65,11:24:10
3.09,7.64,91.1,281.5,696,0,65,11:24:15
3.14,7.53,91.1,286.1,686,0,65,11:24:20
3.19,7.5,91.1,290.6,683.3,0,65,11:24:25
3.25,8.52,90.9,295.4,774.5,0,64,11:24:30
3.3,8.46,90.9,300,769,0,64,11:24:35
3.3,8.45,90.9,300,768.1,0,64,11:24:40
3.38,8.66,90.8,306.9,786.3,0,64,11:24:45
3.65,9.1,90.7,331.1,825.4,0,65,11:24:50
4.87,8.09,90.9,442.7,735.4,0,65,11:24:55
4.81,8.02,90.9,437.2,729,0,66,11:25:00
6.19,7.3,91,563.3,664.3,0,66,11:25:05
4.6,8.57,90.8,417.7,778.2,0,66,11:25:10
5.21,7.78,90.9,473.6,707.2,0,65,11:25:15
7.54,5.83,91.2,687.6,531.7,0,65,11:25:20
9.1,4.58,91.5,832.7,419.1,0,65,11:25:25
9.2,4.44,91.5,841.8,406.3,0,65,11:25:30
9.12,4.51,91.5,834.5,412.7,0,66,11:25:35
3.91,8.17,90.8,355,741.8,0,67,11:25:40
3.55,8.17,90.8,322.3,741.8,0,69,11:25:45
3.82,7.53,90.9,347.2,684.5,0,69,11:25:50
2.98,8.31,90.7,270.3,753.7,0,69,11:25:55
2.72,8.57,90.7,246.7,777.3,0,69,11:26:00
2.68,8.57,90.7,243.1,777.3,0,69,11:26:05
2.68,8.57,90.6,242.8,776.4,0,69,11:26:10
2.86,8.39,90.7,259.4,761,0,69,11:26:15
3.92,7.3,90.9,356.3,663.6,0,69,11:26:20
2.56,8.14,90.6,231.9,737.5,0,69,11:26:25
2.44,7.85,90.7,221.3,712,0,70,11:26:30
2.41,7.23,90.9,219.1,657.2,0,70,11:26:35
2.41,5.33,91.2,219.8,486.1,0,71,11:26:40
2.46,4.28,91.3,224.6,390.8,0,72,11:26:45
2.65,3.16,91.7,243,289.8,0,72,11:26:50
8.03,-2.33,92.6,743.6,-215.8,0,73,11:26:55
8.02,-5.35,93.1,746.7,-498.1,0,75,11:27:00
7.44,-12.46,94.5,703.1,-1177.5,0,77,11:27:05
7.5,-13.69,94.9,711.8,-1299.2,0,77,11:27:10
9.27,-14.26,95,880.7,-1354.7,0,77,11:27:15
9.46,-12.07,94.6,894.9,-1141.8,0,76,11:27:20
9.36,-9.82,94.3,882.6,-926,0,74,11:27:25
6.79,-7.06,93.8,636.9,-662.2,0,73,11:27:30
3.64,-3.7,93.3,339.6,-345.2,0,72,11:27:35
5.4,-4.91,93.5,504.9,-459.1,0,70,11:27:40
5.8,1.55,92.4,535.9,143.2,0,70,11:27:45
3.4,4.34,91.9,312.5,398.8,0,70,11:27:50
9.62,-0.97,92.8,892.7,-90,0,70,11:27:55
9.36,-0.8,92.7,867.7,-74.2,0,72,11:28:00
9.4,-2.12,93,874.2,-197.2,0,73,11:28:05
9.43,-2.35,93,877,-218.6,0,74,11:28:10
9.46,-2.36,93,879.8,-219.5,0,73,11:28:15
9.49,-2.21,93,882.6,-205.5,0,73,11:28:20
9.44,-1.97,93,877.9,-183.2,0,73,11:28:25
9.56,-1.15,92.8,887.2,-106.7,0,72,11:28:30
9.59,-0.81,92.8,890,-75.2,0,71,11:28:35
9.5,-0.73,92.8,881.6,-67.7,0,70,11:28:40
9.35,-0.78,92.7,866.7,-72.3,0,72,11:28:45
9.34,-2,93,868.6,-186,0,73,11:28:50
9.35,-2.45,93.1,870.5,-228.1,0,73,11:28:55
9.38,-1.96,93,872.3,-182.3,0,73,11:29:00
9.37,-2.47,93.1,872.3,-230,0,73,11:29:05
9.43,-2.04,93,877,-189.7,0,73,11:29:10
9.41,-3.15,93.2,877,-293.6,0,74,11:29:15
9.38,-5,93.5,877,-467.5,0,75,11:29:20
9.52,-5.52,93.7,892,-517.2,0,75,11:29:25
9.68,-4.16,93.5,905.1,-389,0,75,11:29:30
9.78,-2.96,93.3,912.5,-276.2,0,74,11:29:35
9.86,-2.49,93.2,919,-232.1,0,73,11:29:40
9.9,-2.58,93.2,922.7,-240.5,0,73,11:29:45
10,-2.75,93.3,933,-256.6,0,73,11:29:50
10.06,-2.32,93.1,936.6,-216,0,73,11:29:55
10.2,-2.11,93.1,949.6,-196.4,0,72,11:30:00
10.25,-1.35,93,953.3,-125.6,0,71,11:30:05
10.37,-1.39,93,964.4,-129.3,0,71,11:30:10
10.33,-1.58,93,960.7,-146.9,0,71,11:30:15
9.76,-1.2,93,907.7,-111.6,0,71,11:30:20
10.43,-1.88,93.2,972.1,-175.2,0,72,11:30:25
10.43,-2.49,93.2,972.1,-232.1,0,72,11:30:30
10.26,-2.81,93.3,957.3,-262.2,0,73,11:30:35
10.29,-3.32,93.3,960.1,-309.8,0,74,11:30:40
10.56,-5.22,93.7,989.5,-489.1,0,75,11:30:45
10.57,-5.89,93.8,991.5,-552.5,0,75,11:30:50
4.08,0.32,92.8,378.6,29.7,0,74,11:30:55
4.07,2.58,92.3,375.7,238.1,0,72,11:31:00
4.23,3.92,92.1,389.6,361,0,69,11:31:05
9.55,-0.67,92.9,887.2,-62.2,0,66,11:31:10
7.69,0.89,92.6,712.1,82.4,0,64,11:31:15
10.94,-2.01,93.1,1018.5,-187.1,0,63,11:31:20
8.89,-0.03,92.8,825,-2.8,0,64,11:31:25
9.66,-0.74,92.9,897.4,-68.7,0,65,11:31:30
10.73,-1.82,93.1,999,-169.4,0,66,11:31:35
7.66,0.99,92.6,709.3,91.7,0,66,11:31:40
4,4.01,92.1,368.4,369.3,0,66,11:31:45
3.8,4.11,92.1,350,378.5,0,66,11:31:50
3.8,4.15,92,349.6,381.8,0,66,11:31:55
3.81,5.1,91.8,349.8,468.2,0,67,11:32:00
3.82,5.08,91.7,350.3,465.8,0,68,11:32:05
3.89,5.13,91.7,356.7,470.4,0,69,11:32:10
3.93,4.94,91.7,360.4,453,0,70,11:32:15
4.01,5.07,91.7,367.7,464.9,0,69,11:32:20
4.07,4.92,91.6,372.8,450.7,0,69,11:32:25
4.14,4.91,91.6,379.2,449.8,0,69,11:32:30
4.21,4.83,91.6,385.6,442.4,0,69,11:32:35
4.3,4.79,91.6,393.9,438.8,0,69,11:32:40
4.37,4.29,91.7,400.7,393.4,0,70,11:32:45
4.43,2.84,92,407.6,261.3,0,72,11:32:50
4.53,3.65,91.8,415.9,335.1,0,72,11:32:55
4.68,3.67,91.8,429.6,336.9,0,71,11:33:00
4.9,4.01,91.7,449.3,367.7,0,70,11:33:05
5.8,3.52,91.8,532.4,323.1,0,70,11:33:10
7.78,1.69,92.1,716.5,155.6,0,69,11:33:15
11.04,-0.9,92.6,1022.3,-83.3,0,70,11:33:20
10.45,-0.54,92.6,967.7,-50,0,70,11:33:25
9.99,0.03,92.5,924.1,2.8,0,70,11:33:30
9.42,-0.05,92.5,871.4,-4.6,0,71,11:33:35
7.79,1.4,92.2,718.2,129.1,0,71,11:33:40
7.9,1.67,92.2,728.4,154,0,71,11:33:45
8.56,0.88,92.4,790.9,81.3,0,70,11:33:50
6.45,2.54,92.1,594,233.9,0,70,11:33:55
4.73,4.15,91.8,434.2,381,0,70,11:34:00
3.73,5.28,91.5,341.3,483.1,0,69,11:34:05
3.13,5.69,91.4,286.1,520.1,0,69,11:34:10
2.94,5.84,91.3,268.4,533.2,0,69,11:34:15
2.8,5.54,91.4,255.9,506.4,0,70,11:34:20
2.69,5.37,91.4,245.9,490.8,0,70,11:34:25
2.59,4.98,91.5,237,455.7,0,70,11:34:30
2.51,5.62,91.3,229.2,513.1,0,71,11:34:35
2.44,5.07,91.4,223,463.4,0,71,11:34:40
2.37,5.44,91.3,216.4,496.7,0,70,11:34:45
2.3,5.88,91.2,209.8,536.3,0,70,11:34:50
2.26,5.99,91.2,206.1,546.3,0,69,11:34:55
2.22,6.3,91.1,202.2,573.9,0,69,11:35:00
2.17,6.42,91.1,197.7,584.9,0,69,11:35:05
2.08,6.46,91.1,189.5,588.5,0,68,11:35:10
1.95,6.81,91,177.5,619.7,0,68,11:35:15
1.89,6.53,91,172,594.2,0,68,11:35:20
1.87,6.62,91,170.2,602.4,0,67,11:35:25
1.85,6.66,90.9,168.2,605.4,0,67,11:35:30
1.88,6.72,90.9,170.9,610.8,0,67,11:35:35
1.89,6.67,90.9,171.8,606.3,0,67,11:35:40
1.9,6.73,90.9,172.7,611.8,0,67,11:35:45
1.9,6.69,90.9,172.7,608.1,0,66,11:35:50
1.9,6.67,90.9,172.7,606.3,0,65,11:35:55
1.91,6.72,90.9,173.6,610.8,0,65,11:36:00
1.92,6.63,90.9,174.5,602.7,0,64,11:36:05
1.94,7.68,90.7,176,696.6,0,65,11:36:10
1.93,7.69,90.7,175.1,697.5,0,65,11:36:15
1.94,9.54,90.3,175.2,861.5,0,65,11:36:20
1.97,10.11,90.2,177.7,911.9,0,66,11:36:25
1.97,10.01,90.2,177.7,902.9,0,66,11:36:30
1.98,10.16,90.1,178.4,915.4,0,67,11:36:35
1.98,9.14,90.3,178.8,825.3,0,67,11:36:40
1.97,8.87,90.4,178.1,801.8,0,67,11:36:45
1.95,8.9,90.3,176.1,803.7,0,68,11:36:50
1.94,9.19,90.3,175.2,829.9,0,68,11:36:55
1.91,8.94,90.3,172.5,807.3,0,68,11:37:00
1.91,8.6,90.3,172.5,776.6,0,69,11:37:05
1.9,8.81,90.3,171.6,795.5,0,68,11:37:10
1.86,9.22,90.2,167.8,831.6,0,68,11:37:15
1.86,8.74,90.3,168,789.2,0,68,11:37:20
1.84,8.71,90.3,166.2,786.5,0,68,11:37:25
1.83,8.72,90.3,165.2,787.4,0,69,11:37:30
1.83,8.53,90.3,165.2,770.3,0,69,11:37:35
1.83,8.54,90.3,165.2,771.2,0,69,11:37:40
1.82,8.26,90.3,164.3,745.9,0,69,11:37:45
1.84,8.3,90.3,166.2,749.5,0,69,11:37:50
1.88,8.08,90.3,169.8,729.6,0,69,11:37:55
1.89,7.81,90.4,170.9,706,0,69,11:38:00
1.92,8.1,90.3,173.4,731.4,0,69,11:38:05
1.95,7.88,90.3,176.1,711.6,0,69,11:38:10
1.98,7.85,90.3,178.8,708.9,0,69,11:38:15
2.04,8.01,90.3,184.2,723.3,0,69,11:38:20
2.08,8.02,90.3,187.8,724.2,0,69,11:38:25
2.13,8.09,90.3,192.3,730.5,0,69,11:38:30
2.21,7.77,90.3,199.6,701.6,0,69,11:38:35
2.23,7.77,90.3,201.4,701.6,0,69,11:38:40
2.31,7.69,90.3,208.6,694.4,0,69,11:38:45
2.43,7.55,90.4,219.7,682.5,0,69,11:38:50
2.52,7.41,90.4,227.8,669.9,0,69,11:38:55
2.59,7.5,90.3,233.9,677.3,0,69,11:39:00
2.73,7.32,90.4,246.8,661.7,0,69,11:39:05
2.81,7.26,90.3,253.7,655.6,0,69,11:39:10
3.01,7.24,90.3,271.8,653.8,0,69,11:39:15
3.6,6.75,90.4,325.4,610.2,0,69,11:39:20
3.69,6.34,90.5,333.9,573.8,0,69,11:39:25
4.69,5.61,90.6,424.9,508.3,0,70,11:39:30
6.17,4.48,90.9,560.9,407.2,0,70,11:39:35
7.03,3.4,91,639.7,309.4,0,70,11:39:40
9.37,1.11,91.5,857.4,101.6,0,71,11:39:45
9.69,0.7,91.6,887.6,64.1,0,71,11:39:50
10.04,-0.03,91.8,921.7,-2.8,0,71,11:39:55
9.55,1.22,91.5,873.8,111.6,0,71,11:40:00
10.26,0.09,91.7,940.8,8.3,0,71,11:40:05
10.47,0.28,91.8,961.1,25.7,0,71,11:40:10
10.76,0.45,91.7,986.7,41.3,0,71,11:40:15
10.56,0.74,91.7,968.4,67.9,0,70,11:40:20
10.87,0.19,91.8,997.9,17.4,0,70,11:40:25
10.03,1.11,91.6,918.7,101.7,0,70,11:40:30
8.21,2.76,91.3,749.6,252,0,70,11:40:35
9.32,1.91,91.5,852.8,174.8,0,70,11:40:40
7.9,2.88,91.3,721.3,262.9,0,70,11:40:45
7.2,3.57,91.2,656.6,325.6,0,70,11:40:50
6.92,3.87,91.1,630.4,352.6,0,70,11:40:55
6.45,4.15,91.1,587.6,378.1,0,70,11:41:00
6.29,4.12,91,572.4,374.9,0,70,11:41:05
5.58,4.12,91,507.8,374.9,0,70,11:41:10
5.59,3.33,91.2,509.8,303.7,0,71,11:41:15
5.47,3.71,91.1,498.3,338,0,71,11:41:20
5.43,3.58,91.1,494.7,326.1,0,71,11:41:25
5.48,4.34,91,498.7,394.9,0,70,11:41:30
5.58,4.45,91,507.8,405,0,70,11:41:35
5.45,4.61,90.9,495.4,419,0,70,11:41:40
5.44,5.01,90.8,494,454.9,0,70,11:41:45
5.49,5.05,90.8,498.5,458.5,0,70,11:41:50
5.45,4.66,90.9,495.4,423.6,0,70,11:41:55
5.36,4.39,90.9,487.2,399.1,0,70,11:42:00
5.38,4.13,90.9,489,375.4,0,70,11:42:05
5.44,4.41,90.9,494.5,400.9,0,70,11:42:10
5.46,4.4,90.9,496.3,400,0,70,11:42:15
5.52,4.32,90.9,501.8,392.7,0,70,11:42:20
5.78,4.01,91,526,364.9,0,70,11:42:25
6,3.84,91,546,349.4,0,70,11:42:30
6.45,3.44,91,587,313,0,71,11:42:35
6.9,2.08,91.3,630,189.9,0,71,11:42:40
5.67,3.09,91.1,516.5,281.5,0,71,11:42:45
5.4,3.18,91.1,491.9,289.7,0,71,11:42:50
5.2,3.21,91.1,473.7,292.4,0,71,11:42:55
5.25,3.45,91,477.8,314,0,71,11:43:00
5.27,2.44,91.2,480.6,222.5,0,71,11:43:05
5.2,2.82,91.2,474.2,257.2,0,71,11:43:10
5.03,4.18,90.9,457.2,380,0,71,11:43:15
4.6,4.16,91,418.6,378.6,0,71,11:43:20
4.42,3.4,91.1,402.7,309.7,0,71,11:43:25
4.16,2.76,91.2,379.4,251.7,0,72,11:43:30
4.06,3.34,91.1,369.9,304.3,0,71,11:43:35
3.96,4.85,90.8,359.6,440.4,0,71,11:43:40
3.91,4.96,90.8,355,450.4,0,70,11:43:45
3.85,5.04,90.8,349.6,457.6,0,70,11:43:50
3.8,5.4,90.7,344.7,489.8,0,70,11:43:55
3.75,5.65,90.6,339.8,511.9,0,70,11:44:00
3.63,5.59,90.6,328.9,506.5,0,70,11:44:05
3.57,6.03,90.5,323.1,545.7,0,70,11:44:10
3.39,6.34,90.4,306.5,573.1,0,70,11:44:15
3.33,5.87,90.5,301.4,531.2,0,70,11:44:20
3.31,6.18,90.4,299.2,558.7,0,70,11:44:25
3.25,6.78,90.3,293.5,612.2,0,69,11:44:30
3.21,6.58,90.3,289.9,594.2,0,69,11:44:35
3.25,6.83,90.3,293.5,616.7,0,69,11:44:40
3.25,6.33,90.3,293.5,571.6,0,70,11:44:45
3.26,6.35,90.4,294.7,574,0,70,11:44:50
3.23,5.79,90.5,292.3,524,0,70,11:44:55
3.23,4.73,90.6,292.6,428.5,0,71,11:45:00
3.33,4.71,90.6,301.7,426.7,0,71,11:45:05
3.34,5.17,90.5,302.3,467.9,0,70,11:45:10
3.37,5.79,90.4,304.6,523.4,0,70,11:45:15
3.47,6.07,90.4,313.7,548.7,0,70,11:45:20
3.53,5.97,90.4,319.1,539.7,0,70,11:45:25
3.54,5.94,90.4,320,537,0,70,11:45:30
3.62,5.9,90.4,327.2,533.4,0,70,11:45:35
3.64,5.92,90.4,329.1,535.2,0,70,11:45:40
3.64,5.71,90.5,329.4,516.8,0,70,11:45:45
3.66,5.88,90.3,330.5,531,0,70,11:45:50
3.74,5.42,90.5,338.5,490.5,0,70,11:45:55
3.79,5.39,90.4,342.6,487.3,0,70,11:46:00
3.86,4.96,90.5,349.3,448.9,0,70,11:46:05
3.85,5.11,90.5,348.4,462.5,0,70,11:46:10
4.04,5.26,90.5,365.6,476,0,70,11:46:15
4.08,5.51,90.4,368.8,498.1,0,70,11:46:20
4.11,5.69,90.4,371.5,514.4,0,70,11:46:25
4.17,5.35,90.4,377,483.6,0,70,11:46:30
4.17,5.43,90.4,377,490.9,0,70,11:46:35
4.25,5.64,90.4,384.2,509.9,0,70,11:46:40
4.31,5.57,90.4,389.6,503.5,0,70,11:46:45
4.31,5.01,90.4,389.6,452.9,0,70,11:46:50
4.34,5.21,90.4,392.3,471,0,70,11:46:55
4.4,5.78,90.3,397.3,521.9,0,70,11:47:00
4.55,5.39,90.4,411.3,487.3,0,70,11:47:05
4.43,6.08,90.2,399.6,548.4,0,69,11:47:10
4.36,6.17,90.2,393.3,556.5,0,69,11:47:15
4.3,6.2,90.2,387.9,559.2,0,69,11:47:20
4.24,6.25,90.2,382.4,563.8,0,69,11:47:25
4.14,6.15,90.2,373.4,554.7,0,69,11:47:30
4.07,6.27,90.2,367.1,565.6,0,69,11:47:35
4.03,6.42,90.1,363.1,578.4,0,69,11:47:40
3.97,6.63,90.1,357.7,597.4,0,69,11:47:45
3.87,6.5,90.1,348.7,585.7,0,69,11:47:50
3.77,6.74,90.1,339.7,607.3,0,69,11:47:55
3.69,7.15,90,332.1,643.5,0,68,11:48:00
3.61,7.09,90,324.9,638.1,0,68,11:48:05
3.5,7.47,89.9,314.7,671.6,0,68,11:48:10
3.45,7.76,89.8,309.8,696.8,0,68,11:48:15
3.38,7.15,89.9,303.9,642.8,0,68,11:48:20
3.22,7.36,89.9,289.5,661.7,0,68,11:48:25
3.05,7.48,89.9,274.2,672.5,0,68,11:48:30
2.89,7.84,89.8,259.5,704,0,68,11:48:35
2.82,7.52,89.8,253.2,675.3,0,68,11:48:40
2.71,7.83,89.8,243.4,703.1,0,68,11:48:45
2.64,7.84,89.7,236.8,703.2,0,68,11:48:50
2.57,8.3,89.6,230.3,743.7,0,68,11:48:55
2.51,8.1,89.7,225.1,726.6,0,68,11:49:00
2.46,8,89.7,220.7,717.6,0,68,11:49:05
2.36,7.99,89.6,211.5,715.9,0,68,11:49:10
2.35,8.41,89.5,210.3,752.7,0,68,11:49:15
2.29,8.19,89.6,205.2,733.8,0,68,11:49:20
2.27,8.06,89.6,203.4,722.2,0,68,11:49:25
2.24,7.6,89.7,200.9,681.7,0,69,11:49:30
2.2,7.61,89.7,197.3,682.6,0,69,11:49:35
2.17,7.45,89.7,194.6,668.3,0,69,11:49:40
2.15,7.08,89.8,193.1,635.8,0,69,11:49:45
2.09,7.22,89.7,187.5,647.6,0,69,11:49:50
2.07,7.4,89.7,185.7,663.8,0,69,11:49:55
2.09,7.56,89.6,187.3,677.4,0,69,11:50:00
2.02,7.79,89.6,181,698,0,69,11:50:05
2.02,7.91,89.6,181,708.7,0,69,11:50:10
1.99,7.98,89.6,178.3,715,0,69,11:50:15
1.95,8.1,89.5,174.5,725,0,68,11:50:20
1.95,8.19,89.5,174.5,733,0,68,11:50:25
1.94,8.53,89.4,173.4,762.6,0,68,11:50:30
1.9,8.6,89.4,169.9,768.8,0,67,11:50:35
1.88,8.53,89.4,168.1,762.6,0,67,11:50:40
1.83,9.39,89.3,163.4,838.5,0,67,11:50:45
1.84,9.5,89.2,164.1,847.4,0,67,11:50:50
1.82,8.46,89.4,162.7,756.3,0,67,11:50:55
1.82,8.56,89.4,162.7,765.3,0,68,11:51:00
1.78,8.99,89.3,159,802.8,0,68,11:51:05
1.81,9.11,89.2,161.5,812.6,0,68,11:51:10
1.81,9.28,89.2,161.5,827.8,0,68,11:51:15
1.79,8.62,89.3,159.8,769.8,0,68,11:51:20
1.81,8.83,89.2,161.5,787.6,0,68,11:51:25
1.8,8.37,89.3,160.7,747.4,0,68,11:51:30
1.84,8.41,89.3,164.3,751,0,68,11:51:35
1.86,7.96,89.4,166.3,711.6,0,69,11:51:40
1.9,8.25,89.3,169.7,736.7,0,68,11:51:45
1.94,7.87,89.4,173.4,703.6,0,69,11:51:50
1.96,7.84,89.4,175.2,700.9,0,69,11:51:55
2,7.64,89.4,178.8,683,0,69,11:52:00
2.04,7.71,89.4,182.4,689.3,0,69,11:52:05
2.1,7.61,89.4,187.7,680.3,0,69,11:52:10
2.17,7.38,89.5,194.2,660.5,0,69,11:52:15
2.3,7.63,89.4,205.6,682.1,0,69,11:52:20
2.52,7.68,89.4,225.3,686.6,0,69,11:52:25
2.61,7.72,89.4,233.3,690.2,0,69,11:52:30
2.7,6.94,89.5,241.7,621.1,0,69,11:52:35
2.79,6.5,89.6,250,582.4,0,69,11:52:40
3.08,5.81,89.7,276.3,521.2,0,69,11:52:45
3.34,6.13,89.6,299.3,549.2,0,69,11:52:50
3.77,5.93,89.8,338.5,532.5,0,69,11:52:55
3.5,6.09,89.7,314,546.3,0,69,11:53:00
3.94,5.73,89.8,353.8,514.6,0,69,11:53:05
4.1,5.68,89.7,367.8,509.5,0,69,11:53:10
5.65,4.79,89.9,507.9,430.6,0,69,11:53:15
7.18,3.79,90.2,647.6,341.9,0,69,11:53:20
7.73,3.02,90.3,698,272.7,0,69,11:53:25
8.26,2.6,90.4,746.7,235,0,69,11:53:30
9,1.78,90.6,815.4,161.3,0,70,11:53:35
9.02,1.34,90.7,818.1,121.5,0,70,11:53:40
9.54,1.86,90.6,864.3,168.5,0,70,11:53:45
9.64,1.83,90.6,873.4,165.8,0,69,11:53:50
9.43,2.48,90.4,852.5,224.2,0,69,11:53:55
9.76,2.39,90.5,883.3,216.3,0,69,11:54:00
9.64,2.43,90.5,872.4,219.9,0,69,11:54:05
9.64,1.83,90.6,873.4,165.8,0,69,11:54:10
5.4,4.39,90.1,486.5,395.5,0,70,11:54:15
5.05,4.31,90.1,455,388.3,0,70,11:54:20
5.16,4.92,90,464.4,442.8,0,69,11:54:25
5.31,5.13,90,477.9,461.7,0,69,11:54:30
5.76,5.7,89.8,517.2,511.9,0,68,11:54:35
11.05,2.06,90.5,1000,186.4,0,68,11:54:40
10.45,2.25,90.5,945.7,203.6,0,68,11:54:45
10.54,1.86,90.6,954.9,168.5,0,69,11:54:50
6.57,3.86,90.2,592.6,348.2,0,70,11:54:55
5.9,2.95,90.4,533.4,266.7,0,70,11:55:00
4.06,3.88,90.2,366.2,350,0,70,11:55:05
3.78,3.84,90.2,341,346.4,0,70,11:55:10
3.62,4.17,90.2,326.5,376.1,0,70,11:55:15
3.59,4.51,90.1,323.5,406.4,0,70,11:55:20
3.56,5.44,89.9,320,489.1,0,70,11:55:25
3.82,5.17,89.9,343.4,464.8,0,70,11:55:30
4,5.7,89.8,359.2,511.9,0,69,11:55:35
3.75,6.21,89.6,336,556.4,0,69,11:55:40
4,6.37,89.6,358.4,570.8,0,69,11:55:45
4.01,6.52,89.6,359.3,584.2,0,69,11:55:50
4.07,6.11,89.6,364.7,547.5,0,69,11:55:55
5.14,5.46,89.8,461.6,490.3,0,69,11:56:00
10.51,1.76,90.5,951.2,159.3,0,69,11:56:05
10.13,1.83,90.5,916.8,165.6,0,69,11:56:10
7.98,3.07,90.2,719.8,276.9,0,69,11:56:15
10.33,1.43,90.6,935.9,129.6,0,69,11:56:20
10.58,0.37,90.8,960.7,33.6,0,70,11:56:25
9.62,0.93,90.7,872.5,84.4,0,70,11:56:30
9.32,0.68,90.8,846.3,61.7,0,70,11:56:35
9.42,0.43,90.8,855.3,39,0,70,11:56:40
4.67,3.49,90.3,421.7,315.1,0,70,11:56:45
6.28,2.14,90.5,568.3,193.7,0,70,11:56:50
6.9,1.64,90.6,625.1,148.6,0,71,11:56:55
8.64,0.88,90.8,784.5,79.9,0,70,11:57:00
10.19,-0.57,91,927.3,-51.9,0,71,11:57:05
10.21,-0.36,91,929.1,-32.8,0,70,11:57:10
9.49,1.05,90.7,860.7,95.2,0,70,11:57:15
10.08,1.08,90.7,914.3,98,0,70,11:57:20
9.97,1.53,90.7,904.3,138.8,0,69,11:57:25
7.64,2.94,90.4,690.7,265.8,0,70,11:57:30
9.76,1.43,90.7,885.2,129.7,0,70,11:57:35
9.68,1.92,90.6,877,174,0,69,11:57:40
9.67,2.02,90.5,875.1,182.8,0,69,11:57:45
9.58,2.14,90.5,867,193.7,0,69,11:57:50
9.56,2.16,90.5,865.2,195.5,0,69,11:57:55
9.49,1.69,90.6,859.8,153.1,0,69,11:58:00
9.46,2.02,90.5,856.1,182.8,0,70,11:58:05
9.47,1.51,90.6,858,136.8,0,70,11:58:10
9.35,1.38,90.6,847.1,125,0,70,11:58:15
9.35,1.93,90.6,847.1,174.9,0,70,11:58:20
9.36,1.78,90.6,848,161.3,0,69,11:58:25
9.34,1.77,90.6,846.2,160.4,0,70,11:58:30
9.31,1.89,90.6,843.5,171.2,0,69,11:58:35
9.29,2.03,90.5,840.7,183.7,0,70,11:58:40
9.28,1.87,90.6,840.8,169.4,0,70,11:58:45
9.35,1.77,90.6,847.1,160.4,0,70,11:58:50
9.35,2.26,90.5,846.2,204.5,0,69,11:58:55
9.32,1.62,90.7,845.3,146.9,0,70,11:59:00
9.35,2.16,90.5,846.2,195.5,0,69,11:59:05
9.23,1.84,90.6,836.2,166.7,0,70,11:59:10
9.25,2.15,90.5,837.1,194.6,0,69,11:59:15
9.23,2.06,90.5,835.3,186.4,0,69,11:59:20
9.19,2.3,90.5,831.7,208.2,0,69,11:59:25
9.19,2.03,90.6,832.6,183.9,0,69,11:59:30
9.16,2.29,90.5,829,207.2,0,69,11:59:35
9.21,2.12,90.5,833.5,191.9,0,69,11:59:40
9.19,2.07,90.5,831.7,187.3,0,70,11:59:45
9.15,1.71,90.6,829,154.9,0,70,11:59:50
9.17,1.8,90.6,830.8,163.1,0,70,11:59:55
9.12,1.57,90.6,826.3,142.2,0,70,12:00:00
9.03,1.24,90.6,818.1,112.3,0,70,12:00:05
9.11,0.93,90.7,826.3,84.4,0,70,12:00:10
9.1,1.34,90.7,825.4,121.5,0,70,12:00:15
9.1,0.81,90.8,826.3,73.5,0,70,12:00:20
9.11,1.32,90.7,826.3,119.7,0,70,12:00:25
9.12,1.5,90.6,826.3,135.9,0,70,12:00:30
9.14,1.82,90.5,827.2,164.7,0,70,12:00:35
9.09,1.53,90.6,823.6,138.6,0,70,12:00:40
9.12,1.46,90.6,826.3,132.3,0,70,12:00:45
9.11,1.46,90.6,825.4,132.3,0,70,12:00:50
9.08,1.65,90.6,822.6,149.5,0,70,12:00:55
9.08,1.55,90.6,822.6,140.4,0,70,12:01:00
9.09,1.49,90.6,823.6,135,0,70,12:01:05
9.08,1.4,90.6,822.6,126.8,0,70,12:01:10
9.08,1.54,90.6,822.6,139.5,0,70,12:01:15
9.07,1.51,90.6,821.7,136.8,0,70,12:01:20
9.11,1.6,90.7,826.3,145.1,0,70,12:01:25
9.16,2.26,90.5,829,204.5,0,69,12:01:30
9.2,2.68,90.4,831.7,242.3,0,69,12:01:35
9.15,3.31,90.3,826.2,298.9,0,68,12:01:40
9.08,3.44,90.2,819,310.3,0,68,12:01:45
9.11,3.2,90.2,821.7,288.6,0,69,12:01:50
9.13,2.14,90.5,826.3,193.7,0,69,12:01:55
8.98,0.5,90.8,815.4,45.4,0,70,12:02:00
8.6,-0.37,90.9,781.7,-33.6,0,71,12:02:05
8.6,-2.71,91.4,786,-247.7,0,72,12:02:10
8.64,-2.89,91.4,789.7,-264.1,0,73,12:02:15
8.61,-4.03,91.7,789.5,-369.6,0,73,12:02:20
8.53,-3.75,91.6,781.3,-343.5,0,73,12:02:25
8.51,-3.82,91.7,780.4,-350.3,0,73,12:02:30
8.7,-3.75,91.6,796.9,-343.5,0,73,12:02:35
8.72,-2.72,91.6,798.8,-249.2,0,72,12:02:40
8.79,-1.44,91.2,801.6,-131.3,0,72,12:02:45
8.64,-2.61,91.5,790.6,-238.8,0,72,12:02:50
8.74,-1.52,91.3,798,-138.8,0,72,12:02:55
8.84,-1.26,91.3,807.1,-115,0,71,12:03:00
8.96,-0.59,91.1,816.3,-53.7,0,71,12:03:05
8.7,0.11,91,791.7,10,0,71,12:03:10
8.89,-0.03,91,809,-2.7,0,71,12:03:15
8.82,-0.29,91,802.6,-26.4,0,71,12:03:20
8.77,-0.35,91.1,798.9,-31.9,0,71,12:03:25
8.92,0.05,91,811.7,4.6,0,71,12:03:30
8.89,0.52,90.9,808.1,47.3,0,71,12:03:35
8.82,0.3,91,802.6,27.3,0,71,12:03:40
8.86,0.42,90.9,805.4,38.2,0,71,12:03:45
8.81,-0.02,91,801.7,-1.8,0,71,12:03:50
8.76,0.61,90.8,795.4,55.4,0,71,12:03:55
8.82,0.36,91,802.6,32.8,0,71,12:04:00
8.88,1.56,90.7,805.4,141.5,0,70,12:04:05
8.94,2.59,90.5,809.1,234.4,0,69,12:04:10
8.93,3.6,90.3,806.4,325.1,0,68,12:04:15
8.9,4.41,90.1,801.9,397.3,0,67,12:04:20
8.96,4.65,90,806.4,418.5,0,67,12:04:25
9.01,4.9,90,810.9,441,0,67,12:04:30
9.07,4,90.2,818.1,360.8,0,67,12:04:35
9.12,4,90.1,821.7,360.4,0,67,12:04:40
9.06,3.94,90.2,817.2,355.4,0,67,12:04:45
8.96,3.54,90.2,808.2,319.3,0,68,12:04:50
9.07,3.21,90.3,819,289.9,0,68,12:04:55
8.92,2.93,90.3,805.5,264.6,0,69,12:05:00
9.01,2.8,90.3,813.6,252.8,0,69,12:05:05
8.9,2.81,90.3,803.7,253.7,0,69,12:05:10
9.11,2.76,90.4,823.5,249.5,0,69,12:05:15
9.28,3.01,90.3,838,271.8,0,69,12:05:20
8.88,2.1,90.4,802.8,189.8,0,69,12:05:25
8.98,0.78,90.7,814.5,70.7,0,70,12:05:30
9.02,1.23,90.6,817.2,111.4,0,70,12:05:35
9.05,2.59,90.3,817.2,233.9,0,69,12:05:40
9.06,2.87,90.3,818.1,259.2,0,69,12:05:45
9.02,3.11,90.2,813.6,280.5,0,69,12:05:50
9.04,3.13,90.3,816.3,282.6,0,69,12:05:55
9.08,2.74,90.3,819.9,247.4,0,69,12:06:00
9.04,2.1,90.4,817.2,189.8,0,70,12:06:05
8.96,0.99,90.6,811.8,89.7,0,70,12:06:10
8.88,0.37,90.8,806.3,33.6,0,71,12:06:15
8.87,-0.52,90.9,806.3,-47.3,0,71,12:06:20
8.72,-1.42,91.1,794.4,-129.4,0,72,12:06:25
8.76,-2.46,91.4,800.7,-224.8,0,72,12:06:30
8.72,-1.69,91.2,795.3,-154.1,0,72,12:06:35
8.81,-1.14,91.1,802.6,-103.9,0,71,12:06:40
8.81,0.33,90.9,800.8,30,0,71,12:06:45
8.83,0.87,90.8,801.8,79,0,70,12:06:50
8.92,2.35,90.5,807.3,212.7,0,69,12:06:55
8.99,3.43,90.2,810.9,309.4,0,68,12:07:00
8.97,3.71,90.2,809.1,334.6,0,68,12:07:05
8.99,4.18,90.1,810,376.6,0,67,12:07:10
8.97,3.88,90.1,808.2,349.6,0,68,12:07:15
8.97,3.1,90.3,810,279.9,0,69,12:07:20
8.81,0.83,90.7,799.1,75.3,0,70,12:07:25
8.75,-1.25,91.1,797.1,-113.9,0,72,12:07:30
8.62,-3.43,91.4,787.9,-313.5,0,73,12:07:35
8.56,-5.93,91.9,786.7,-545,0,74,12:07:40
8.38,-8,92.3,773.5,-738.4,0,75,12:07:45
8.3,-8.47,92.4,766.9,-782.6,0,76,12:07:50
8.34,-9.16,92.6,772.3,-848.2,0,76,12:07:55
8.36,-8.53,92.5,773.3,-789,0,76,12:08:00
8.4,-7.88,92.4,776.2,-728.1,0,76,12:08:05
8.44,-6.51,92.2,778.2,-600.2,0,75,12:08:10
8.49,-5.25,92,781.1,-483,0,74,12:08:15
8.46,-4.32,91.9,777.5,-397,0,74,12:08:20
8.54,-3.45,91.7,783.1,-316.4,0,73,12:08:25
8.45,-3.74,91.8,775.7,-343.3,0,73,12:08:30
8.4,-2.94,91.6,769.4,-269.3,0,73,12:08:35
8.52,-2.68,91.6,780.4,-245.5,0,73,12:08:40
8.57,-2.43,91.5,784.2,-222.3,0,73,12:08:45
8.53,-2.69,91.6,781.3,-246.4,0,73,12:08:50
8.63,-2.59,91.6,790.5,-237.2,0,73,12:08:55
8.58,-2.59,91.6,785.9,-237.2,0,73,12:09:00
8.56,-2.28,91.6,784.1,-208.8,0,73,12:09:05
8.67,-1.85,91.4,792.4,-169.1,0,73,12:09:10
8.6,-1.69,91.4,786,-154.5,0,72,12:09:15
8.7,-1.96,91.4,795.2,-179.1,0,72,12:09:20
8.7,-0.71,91.2,793.4,-64.8,0,72,12:09:25
8.73,-0.13,91.1,795.3,-11.8,0,71,12:09:30
8.82,0.32,91.1,803.5,29.2,0,71,12:09:35
8.73,0.61,91,794.4,55.5,0,71,12:09:40
8.7,-0.13,91.1,792.6,-11.8,0,71,12:09:45
8.85,0.56,91,805.4,51,0,71,12:09:50
8.83,0.36,91,803.5,32.8,0,71,12:09:55
8.78,0.5,91,799,45.5,0,71,12:10:00
8.9,0.52,90.9,809,47.3,0,71,12:10:05
8.52,1.03,90.8,773.6,93.5,0,71,12:10:10
8.59,0.18,91,781.7,16.4,0,71,12:10:15
8.6,0.74,90.9,781.7,67.3,0,71,12:10:20
8.56,0.44,91,779,40,0,71,12:10:25
8.56,0.86,90.9,778.1,78.2,0,71,12:10:30
8.59,0.13,91,781.7,11.8,0,71,12:10:35
8.56,1.19,90.8,777.2,108.1,0,71,12:10:40
8.6,0.84,90.9,781.7,76.4,0,70,12:10:45
8.58,0.67,90.9,779.9,60.9,0,70,12:10:50
8.51,1.15,90.8,772.7,104.4,0,70,12:10:55
8.51,0.53,90.9,773.6,48.2,0,71,12:11:00
8.47,0.93,90.8,769.1,84.4,0,70,12:11:05
8.56,1.36,90.7,776.4,123.4,0,70,12:11:10
8.57,0.82,90.9,779,74.5,0,71,12:11:15
8.5,0.51,90.9,772.7,46.4,0,71,12:11:20
8.45,0.54,90.9,768.1,49.1,0,71,12:11:25
8.3,0.66,90.9,754.5,60,0,71,12:11:30
8.1,1.05,90.8,735.5,95.3,0,70,12:11:35
8.08,1.18,90.8,733.7,107.1,0,70,12:11:40
8.12,1.45,90.7,736.5,131.5,0,70,12:11:45
8.07,1.37,90.7,731.9,124.3,0,70,12:11:50
8.23,1.77,90.6,745.6,160.4,0,70,12:11:55
8.28,2.25,90.5,749.3,203.6,0,70,12:12:00
8.38,2.24,90.6,759.2,202.9,0,70,12:12:05
8.51,1.73,90.6,771,156.7,0,70,12:12:10
8.81,1.29,90.7,799.1,117,0,70,12:12:15
8.9,1.14,90.7,807.2,103.4,0,70,12:12:20
8.87,1.09,90.7,804.5,98.9,0,70,12:12:25
8.9,1.01,90.8,808.1,91.7,0,70,12:12:30
8.91,1.28,90.7,808.1,116.1,0,70,12:12:35
8.82,1.55,90.6,799.1,140.4,0,70,12:12:40
8.73,1.56,90.6,790.9,141.3,0,70,12:12:45
8.5,1.39,90.7,771,126.1,0,70,12:12:50
8.46,1.07,90.8,768.2,97.2,0,70,12:12:55
8.3,1,90.8,753.6,90.8,0,70,12:13:00
8.44,1.18,90.7,765.5,107,0,70,12:13:05
8.11,1.62,90.6,734.8,146.8,0,70,12:13:10
8.31,1.54,90.6,752.9,139.5,0,70,12:13:15
8.29,1.53,90.7,751.9,138.8,0,70,12:13:20
8.43,1.21,90.7,764.6,109.7,0,70,12:13:25
8.37,0.97,90.7,759.2,88,0,70,12:13:30
8.39,0.87,90.7,761,78.9,0,71,12:13:35
8.4,0.31,90.8,762.7,28.1,0,71,12:13:40
8.5,1.32,90.6,770.1,119.6,0,71,12:13:45
8.5,1.23,90.7,771,111.6,0,70,12:13:50
8.47,0.8,90.8,769.1,72.6,0,70,12:13:55
8.48,0.9,90.7,769.1,81.6,0,71,12:14:00
8.55,1.5,90.6,774.6,135.9,0,70,12:14:05
8.49,2,90.5,768.3,181,0,70,12:14:10
8.49,2.26,90.5,768.3,204.5,0,70,12:14:15
8.58,2.28,90.5,776.5,206.3,0,69,12:14:20
8.53,2.68,90.4,771.1,242.3,0,69,12:14:25
8.48,2.81,90.4,766.6,254,0,69,12:14:30
8.53,2.72,90.4,771.1,245.9,0,69,12:14:35
8.42,3.01,90.3,760.3,271.8,0,69,12:14:40
8.36,2.97,90.3,754.9,268.2,0,69,12:14:45
8.59,2.51,90.4,776.5,226.9,0,69,12:14:50
8.35,2.57,90.4,754.8,232.3,0,69,12:14:55
8.36,2.12,90.4,755.7,191.6,0,70,12:15:00
8.23,1.01,90.6,745.6,91.5,0,70,12:15:05
8.26,0.84,90.7,749.2,76.2,0,71,12:15:10
8.29,0.12,90.8,752.7,10.9,0,71,12:15:15
8.27,-0.98,91,752.6,-89.2,0,72,12:15:20
8.24,-0.89,91,749.8,-81,0,72,12:15:25
8.34,-0.48,91,758.9,-43.7,0,72,12:15:30
8.43,-0.49,91,767.1,-44.6,0,72,12:15:35
7.83,0.13,90.9,711.7,11.8,0,71,12:15:40
7.88,0.35,90.8,715.5,31.8,0,71,12:15:45
7.81,0.6,90.8,709.1,54.5,0,71,12:15:50
8.03,1.64,90.6,727.5,148.6,0,70,12:15:55
8.18,1.67,90.6,741.1,151.3,0,70,12:16:00
8.07,1.25,90.7,731.9,113.4,0,70,12:16:05
8.09,0.84,90.7,733.8,76.2,0,70,12:16:10
8.4,1.31,90.7,761.9,118.8,0,70,12:16:15
8.81,2.64,90.4,796.4,238.7,0,69,12:16:20
9.04,4.02,90,813.6,361.8,0,67,12:16:25
9.29,4.37,90,836.1,393.3,0,64,12:16:30
9.14,4.56,90,822.6,410.4,0,62,12:16:35
9,4.62,90,810,415.8,0,61,12:16:40
8.89,4.75,89.9,799.2,427,0,61,12:16:45
8.77,4.81,89.9,788.4,432.4,0,63,12:16:50
8.81,4.19,90.1,793.8,377.5,0,66,12:16:55
8.86,3.67,90.1,798.3,330.7,0,68,12:17:00
8.79,2.84,90.2,792.9,256.2,0,69,12:17:05
8.85,2.95,90.2,798.3,266.1,0,69,12:17:10
8.87,3.4,90.1,799.2,306.3,0,68,12:17:15
8.98,3.67,90,808.2,330.3,0,68,12:17:20
8.99,4.17,90,809.1,375.3,0,68,12:17:25
8.77,3.86,90,789.3,347.4,0,68,12:17:30
8.75,2.89,90.2,789.3,260.7,0,69,12:17:35
8.66,1.17,90.5,783.7,105.9,0,70,12:17:40
8.68,-0.92,91,789.9,-83.7,0,71,12:17:45
7.93,-31.5,96.5,765.2,-3039.8,0,68,12:17:50
8.36,-7.47,92.2,770.8,-688.7,0,64,12:17:55
8.21,-7.34,92.3,757.8,-677.5,0,58,12:18:00
7.99,-7.14,92.3,737.5,-659,0,57,12:18:05
7.14,-6.35,92.1,657.6,-584.8,0,57,12:18:10
8.31,-7.43,92.4,767.8,-686.5,0,56,12:18:15
8.4,-7.52,92.4,776.2,-694.8,0,56,12:18:20
8.27,-7.38,92.3,763.3,-681.2,0,55,12:18:25
8.28,-7.4,92.4,765.1,-683.8,0,55,12:18:30
8.28,-7.4,92.4,765.1,-683.8,0,55,12:18:35
8.28,-7.39,92.4,765.1,-682.8,0,53,12:18:40
8.28,-7.4,92.5,765.9,-684.5,0,48,12:18:45
6.44,-5.7,92.2,593.8,-525.5,0,44,12:18:50
8.17,-7.3,92.5,755.7,-675.3,0,39,12:18:55
8.46,-1.99,91.6,774.9,-182.3,0,35,12:19:00
8.99,-1.11,91.4,821.7,-101.5,0,34,12:19:05
8.66,-0.81,91.3,790.7,-74,0,35,12:19:10
7.83,0.25,91.1,713.3,22.8,0,38,12:19:15
7.09,2.45,90.7,643.1,222.2,0,42,12:19:20
7.09,2.45,90.7,643.1,222.2,0,45,12:19:25
7.69,1.97,90.7,697.5,178.7,0,48,12:19:30
6.98,0.57,91,635.2,51.9,0,52,12:19:35
3.14,1.74,90.7,284.8,157.8,0,56,12:19:40
3.92,-1.1,91.2,357.5,-100.3,0,60,12:19:45
6.55,-30.79,96.5,632.1,-2971.2,0,60,12:19:50
6.7,-30.91,96.7,647.9,-2989,0,54,12:19:55
6.27,-5.53,92.3,578.7,-510.4,0,50,12:20:00
8.28,-7.4,92.5,765.9,-684.5,0,50,12:20:05
8.36,-7.47,92.5,773.3,-691,0,48,12:20:10
8.47,-4.71,92.1,780.1,-433.8,0,47,12:20:15
8.38,-2.51,91.8,769.3,-230.4,0,45,12:20:20
8.31,-1.48,91.5,760.4,-135.4,0,44,12:20:25
8.24,-1.53,91.5,754,-140,0,43,12:20:30
8.22,-1.39,91.5,752.1,-127.2,0,42,12:20:35
8.32,-1.48,91.5,761.3,-135.4,0,41,12:20:40
8.32,-1.7,91.5,761.3,-155.6,0,40,12:20:45
8.36,-1.58,91.5,764.9,-144.6,0,39,12:20:50
8.39,-1.66,91.5,767.7,-151.9,0,39,12:20:55
8.79,-2,91.5,804.3,-183,0,38,12:21:00
8.29,-7.41,92.5,766.8,-685.4,0,38,12:21:05
8.62,-16,94.2,812,-1507.2,0,28,12:21:10
8.08,-11.84,93.5,755.5,-1107,0,22,12:21:15
8.2,-9.59,93,762.6,-891.9,0,14,12:21:20
8.33,-7.44,92.7,772.2,-689.7,0,14,12:21:25
8.5,-7.6,92.7,788,-704.5,0,14,12:21:30
8.71,-3.1,91.9,800.4,-284.9,0,16,12:21:35
8.83,-3.1,91.9,811.5,-284.9,0,20,12:21:40
8.88,-3.1,92,817,-285.2,0,21,12:21:45
8.9,-3.15,91.9,817.9,-289.5,0,20,12:21:50
8.96,0.9,91.2,817.2,82.1,0,21,12:21:55
8.32,-0.36,91.4,760.4,-32.9,0,23,12:22:00
9.24,-1.48,91.6,846.4,-135.6,0,24,12:22:05
8.8,-7.88,92.7,815.8,-730.5,0,24,12:22:10
8.67,-9.72,93,806.3,-904,0,21,12:22:15
8.94,-8.01,92.7,828.7,-742.5,0,20,12:22:20
6.32,-5.59,92.3,583.3,-516,0,23,12:22:25
4.34,-7.82,92.8,402.8,-725.7,0,31,12:22:30
7.26,-6.56,92.5,671.6,-606.8,0,30,12:22:35
0.89,-0.57,91.6,81.5,-52.2,0,29,12:22:40
6.12,2.25,91,556.9,204.8,0,27,12:22:45
6.68,0.82,91.2,609.2,74.8,0,27,12:22:50
6.91,0.43,91.3,630.9,39.3,0,29,12:22:55
5.88,-5.17,92.3,542.7,-477.2,0,30,12:23:00
6.76,-12.85,93.7,633.4,-1204,0,25,12:23:05
6.49,-8.78,93,603.6,-816.5,0,23,12:23:10
7.88,-7.03,92.7,730.5,-651.7,0,27,12:23:15
8.22,-7.35,92.7,762,-681.3,0,28,12:23:20
2.43,-1.98,91.8,223.1,-181.8,0,27,12:23:25
8.29,-3.51,92.1,763.5,-323.3,0,28,12:23:30
8.26,-3.72,92.1,760.7,-342.6,0,31,12:23:35
6.68,-2.25,91.8,613.2,-206.6,0,35,12:23:40
8.02,-7.17,92.7,743.5,-664.7,0,38,12:23:45
5.5,-11.25,93.4,513.7,-1050.8,0,26,12:23:50
8.17,-10.24,93.3,762.3,-955.4,0,17,12:23:55
6.65,-7.21,92.7,616.5,-668.4,0,8,12:24:00
8.43,-4.83,92.3,778.1,-445.8,0,4,12:24:05
1.71,0.76,91.4,156.3,69.5,0,10,12:24:10
8.46,-5.12,92.4,781.7,-473.1,0,10,12:24:15
8.53,-5.2,92.4,788.2,-480.5,0,11,12:24:20
8.27,-6.01,92.5,765,-555.9,0,10,12:24:25
8.46,-5.2,92.4,781.7,-480.5,0,13,12:24:30
7.89,-7.04,92.7,731.4,-652.6,0,12,12:24:35
8.53,-7.63,92.8,791.6,-708.1,0,12,12:24:40
6.18,-5.45,92.5,571.7,-504.1,0,6,12:24:45
8.23,-7.35,92.8,763.7,-682.1,0,6,12:24:50
8.32,-7.17,92.8,772.1,-665.4,0,4,12:24:55
8.48,-6.11,92.7,786.1,-566.4,0,4,12:25:00
8.58,-7.06,92.7,795.4,-654.5,0,4,12:25:05
7.61,-6.78,92.8,706.2,-629.2,0,5,12:25:10
6.41,-4.59,92.4,592.3,-424.1,0,0,12:25:15
2.25,0.67,91.5,205.9,61.3,0,4,12:25:20
8.42,-5.15,92.5,778.9,-476.4,0,12,12:25:25
8.65,-5.34,92.4,799.3,-493.4,0,16,12:25:30
8.67,-9.95,93.3,808.9,-928.3,0,14,12:25:35
7.32,-6.51,92.7,678.6,-603.5,0,14,12:25:40
8.66,-9.58,93.3,808,-893.8,0,12,12:25:45
8.33,-7.45,92.9,773.9,-692.1,0,11,12:25:50
6.73,-5.97,92.7,623.9,-553.4,0,6,12:25:55
7.22,-4.83,92.5,667.9,-446.8,0,0,12:26:00
7.91,-6.17,92.7,733.3,-572,0,0,12:26:05
8.25,-6.46,92.7,764.8,-598.8,0,4,12:26:10
8.32,-7.43,92.9,772.9,-690.2,0,0,12:26:15
8.33,-7.47,93,774.7,-694.7,0,0,12:26:20
8.29,-7.43,93,771,-691,0,0,12:26:25
8.3,-7.43,93,771.9,-691,0,0,12:26:30
8.28,-7.42,93,770,-690.1,0,0,12:26:35
7.87,-7.05,92.9,731.1,-654.9,0,0,12:26:40
8.21,-7.36,93,763.5,-684.5,0,0,12:26:45
8.24,-7.38,92.9,765.5,-685.6,0,0,12:26:50
8.2,-7.35,93,762.6,-683.6,0,0,12:26:55
8.23,-7.37,93,765.4,-685.4,0,0,12:27:00
8.06,-7.22,93,749.6,-671.5,0,0,12:27:05
7.79,-6.98,93,724.5,-649.1,0,0,12:27:10
7.33,-6.54,92.9,681,-607.6,0,0,12:27:15
7.09,-6.32,92.8,658,-586.5,0,0,12:27:20
7.27,-6.48,92.9,675.4,-602,0,0,12:27:25
8.23,-7.37,93.1,766.2,-686.1,0,0,12:27:30
8.24,-7.39,93,766.3,-687.3,0,0,12:27:35
8.23,-7.38,93.1,766.2,-687.1,0,0,12:27:40
8.25,-7.39,93.1,768.1,-688,0,0,12:27:45
8.26,-7.4,93.1,769,-688.9,0,0,12:27:50
8.32,-7.46,93.1,774.6,-694.5,0,0,12:27:55
8.41,-7.54,93.1,783,-702,0,0,12:28:00
8.46,-7.6,93.1,787.6,-707.6,0,0,12:28:05
8.52,-7.66,93.1,793.2,-713.1,0,0,12:28:10
8.56,-7.68,93.2,797.8,-715.8,0,0,12:28:15
8.54,-7.67,93.2,795.9,-714.8,0,0,12:28:20
8.54,-7.67,93.2,795.9,-714.8,0,0,12:28:25
8.54,-7.66,93.2,795.9,-713.9,0,0,12:28:30
8.52,-7.65,93.3,794.9,-713.7,0,0,12:28:35
8.54,-7.66,93.3,796.8,-714.7,0,0,12:28:40
8.5,-7.63,93.3,793.1,-711.9,0,0,12:28:45
8.53,-7.65,93.3,795.8,-713.7,0,0,12:28:50
8.52,-7.65,93.3,794.9,-713.7,0,0,12:28:55
8.51,-7.65,93.3,794,-713.7,0,0,12:29:00
8.5,-7.63,93.3,793.1,-711.9,0,0,12:29:05
8.52,-7.65,93.3,794.9,-713.7,0,0,12:29:10
8.49,-7.62,93.3,792.1,-710.9,0,0,12:29:15
8.51,-7.64,93.3,794,-712.8,0,0,12:29:20
8.54,-7.67,93.3,796.8,-715.6,0,0,12:29:25
8.53,-7.65,93.3,795.8,-713.7,0,0,12:29:30
8.54,-7.66,93.3,796.8,-714.7,0,0,12:29:35
8.52,-7.65,93.3,794.9,-713.7,0,0,12:29:40
8.52,-7.65,93.3,794.9,-713.7,0,0,12:29:45
8.55,-7.67,93.3,797.7,-715.6,0,0,12:29:50
8.53,-7.65,93.3,795.8,-713.7,0,0,12:29:55
8.52,-7.65,93.3,794.9,-713.7,0,0,12:30:00
8.53,-7.66,93.3,795.8,-714.7,0,0,12:30:05
8.51,-7.63,93.3,794,-711.9,0,0,12:30:10
8.55,-7.68,93.4,798.6,-717.3,0,0,12:30:15
8.53,-7.66,93.4,796.7,-715.4,0,0,12:30:20
8.5,-7.63,93.3,793.1,-711.9,0,0,12:30:25
8.52,-7.65,93.4,795.8,-714.5,0,0,12:30:30
8.46,-7.6,93.4,790.2,-709.8,0,0,12:30:35
8.48,-7.61,93.4,792,-710.8,0,0,12:30:40
8.47,-7.6,93.4,791.1,-709.8,0,0,12:30:45
8.5,-7.64,93.4,793.9,-713.6,0,0,12:30:50
8.5,-7.64,93.4,793.9,-713.6,0,0,12:30:55
8.51,-7.64,93.4,794.8,-713.6,0,0,12:31:00
8.54,-7.67,93.4,797.6,-716.4,0,0,12:31:05
8.53,-7.65,93.4,796.7,-714.5,0,0,12:31:10
8.52,-7.65,93.4,795.8,-714.5,0,0,12:31:15
8.53,-7.65,93.4,796.7,-714.5,0,0,12:31:20
8.49,-7.62,93.4,793,-711.7,0,0,12:31:25
8.48,-7.61,93.4,792,-710.8,0,0,12:31:30
8.51,-7.65,93.4,794.8,-714.5,0,0,12:31:35
8.44,-7.57,93.4,788.3,-707,0,0,12:31:40
8.5,-7.63,93.5,794.8,-713.4,0,0,12:31:45
8.52,-7.64,93.5,796.6,-714.3,0,0,12:31:50
8.54,-7.66,93.6,799.3,-717,0,0,12:31:55
8.52,-7.65,93.6,797.5,-716,0,0,12:32:00
8.54,-7.66,93.6,799.3,-717,0,0,12:32:05
8.53,-7.66,93.6,798.4,-717,0,0,12:32:10
8.52,-7.65,93.6,797.5,-716,0,0,12:32:15
8.51,-7.63,93.6,796.5,-714.2,0,0,12:32:20
8.51,-7.63,93.6,796.5,-714.2,0,0,12:32:25
8.54,-7.67,93.6,799.3,-717.9,0,0,12:32:30
8.54,-7.67,93.6,799.3,-717.9,0,0,12:32:35
8.5,-7.63,93.6,795.6,-714.2,0,0,12:32:40
8.48,-7.6,93.6,793.7,-711.4,0,0,12:32:45
8.53,-7.66,93.6,798.4,-717,0,0,12:32:50
8.52,-7.65,93.6,797.5,-716,0,0,12:32:55
8.6,-7.71,93.6,805,-721.7,0,0,12:33:00
8.54,-7.66,93.6,799.3,-717,0,0,12:33:05
8.57,-7.68,93.6,802.2,-718.8,0,0,12:33:10
8.57,-7.7,93.6,802.2,-720.7,0,0,12:33:15
8.58,-7.7,93.6,803.1,-720.7,0,0,12:33:20
8.61,-7.72,93.6,805.9,-722.6,0,0,12:33:25
8.62,-7.73,93.7,807.7,-724.3,0,0,12:33:30
8.6,-7.71,93.6,805,-721.7,0,0,12:33:35
8.61,-7.72,93.7,806.8,-723.4,0,0,12:33:40
8.61,-7.72,93.7,806.8,-723.4,0,0,12:33:45
8.6,-7.71,93.7,805.8,-722.4,0,0,12:33:50
8.61,-7.72,93.7,806.8,-723.4,0,0,12:33:55
8.62,-7.73,93.7,807.7,-724.3,0,0,12:34:00
8.59,-7.71,93.7,804.9,-722.4,0,0,12:34:05
8.61,-7.72,93.7,806.8,-723.4,0,0,12:34:10
8.61,-7.72,93.7,806.8,-723.4,0,0,12:34:15
8.62,-7.73,93.7,807.7,-724.3,0,0,12:34:20
8.59,-7.7,93.7,804.9,-721.5,0,0,12:34:25
8.71,-7.83,93.8,817,-734.5,0,0,12:34:30
8.61,-7.72,93.7,806.8,-723.4,0,0,12:34:35
8.63,-7.74,93.8,809.5,-726,0,0,12:34:40
8.66,-7.77,93.8,812.3,-728.8,0,0,12:34:45
8.64,-7.76,93.8,810.4,-727.9,0,0,12:34:50
8.65,-7.76,93.9,812.2,-728.7,0,0,12:34:55
8.69,-7.8,93.9,816,-732.4,0,0,12:35:00
8.7,-7.81,93.9,816.9,-733.4,0,0,12:35:05
8.66,-7.77,93.9,813.2,-729.6,0,0,12:35:10
8.71,-7.82,93.9,817.9,-734.3,0,0,12:35:15
8.71,-7.82,93.9,817.9,-734.3,0,0,12:35:20
8.82,-7.93,93.9,828.2,-744.6,0,0,12:35:25
8.73,-7.84,93.9,819.7,-736.2,0,0,12:35:30
8.84,-7.94,93.9,830.1,-745.6,0,0,12:35:35
9,-8.1,93.9,845.1,-760.6,0,0,12:35:40
8.8,-7.91,93.9,826.3,-742.7,0,0,12:35:45
8.86,-7.95,94,832.8,-747.3,0,0,12:35:50
8.9,-7.99,94,836.6,-751.1,0,0,12:35:55
9.15,-8.23,94,860.1,-773.6,0,0,12:36:00
9.18,-8.25,94,862.9,-775.5,0,0,12:36:05
8.46,-7.59,93.9,794.4,-712.7,0,0,12:36:10
6.91,-6.15,93.7,647.5,-576.3,0,0,12:36:15
7.31,-6.53,93.7,684.9,-611.9,0,0,12:36:20
2.83,-2.37,93.1,263.5,-220.6,0,0,12:36:25
2.22,-1.81,93,206.5,-168.3,0,0,12:36:30
3.43,-2.93,93.1,319.3,-272.8,0,0,12:36:35
9.08,-8.16,94,853.5,-767,0,0,12:36:40
9,-8.09,94,846,-760.5,0,0,12:36:45
9.04,-8.13,94,849.8,-764.2,0,0,12:36:50
9,-8.09,94,846,-760.5,0,0,12:36:55
8.97,-8.06,94,843.2,-757.6,0,0,12:37:00
9.11,-8.2,94,856.3,-770.8,0,0,12:37:05
9.19,-8.27,94.1,864.8,-778.2,0,0,12:37:10
9.03,-8.12,94.1,849.7,-764.1,0,0,12:37:15
8.99,-8.08,94.1,846,-760.3,0,0,12:37:20
9,-8.09,94.2,847.8,-762.1,0,0,12:37:25
9.01,-8.1,94.2,848.7,-763,0,0,12:37:30
8.98,-8.07,94.2,845.9,-760.2,0,0,12:37:35
9.14,-8.22,94.1,860.1,-773.5,0,0,12:37:40
8.95,-8.05,94.2,843.1,-758.3,0,0,12:37:45
8.9,-8,94.2,838.4,-753.6,0,0,12:37:50
9.06,-8.15,94.2,853.5,-767.7,0,0,12:37:55
8.86,-7.97,94.2,834.6,-750.8,0,0,12:38:00
8.91,-8.01,94.2,839.3,-754.5,0,0,12:38:05
8.88,-7.98,94.2,836.5,-751.7,0,0,12:38:10
8.83,-7.94,94.2,831.8,-747.9,0,0,12:38:15
8.81,-7.91,94.2,829.9,-745.1,0,0,12:38:20
8.87,-7.97,94.2,835.6,-750.8,0,0,12:38:25
8.87,-7.97,94.2,835.6,-750.8,0,0,12:38:30
9.11,-8.2,94.3,859.1,-773.3,0,0,12:38:35
9.03,-8.12,94.3,851.5,-765.7,0,0,12:38:40
8.93,-8.02,94.3,842.1,-756.3,0,0,12:38:45
8.99,-8.08,94.3,847.8,-761.9,0,0,12:38:50
8.83,-7.94,94.3,832.7,-748.7,0,0,12:38:55
8.87,-7.97,94.3,836.4,-751.6,0,0,12:39:00
8.83,-7.93,94.2,831.8,-747,0,0,12:39:05
8.89,-7.99,94.3,838.3,-753.5,0,0,12:39:10
8.82,-7.92,94.3,831.7,-746.9,0,0,12:39:15
9.14,-8.22,94.3,861.9,-775.1,0,0,12:39:20
9.05,-8.13,94.3,853.4,-766.7,0,0,12:39:25
8.91,-8,94.3,840.2,-754.4,0,0,12:39:30
9.01,-8.1,94.4,850.5,-764.6,0,0,12:39:35
9.14,-8.22,94.4,862.8,-776,0,0,12:39:40
9.16,-8.25,94.4,864.7,-778.8,0,0,12:39:45
8.98,-8.07,94.5,848.6,-762.6,0,0,12:39:50
9.02,-8.1,94.4,851.5,-764.6,0,0,12:39:55
9.05,-8.13,94.5,855.2,-768.3,0,0,12:40:00
9.12,-8.2,94.5,861.8,-774.9,0,0,12:40:05
9.13,-8.21,94.5,862.8,-775.8,0,0,12:40:10
9.29,-8.37,94.5,877.9,-791,0,0,12:40:15
9.35,-8.42,94.5,883.6,-795.7,0,0,12:40:20
7.67,-6.86,94.3,723.3,-646.9,0,0,12:40:25
8.15,-7.3,94.4,769.4,-689.1,0,0,12:40:30
9.53,-8.58,94.5,900.6,-810.8,0,0,12:40:35
9.49,-8.54,94.6,897.8,-807.9,0,0,12:40:40
9.75,-8.79,94.6,922.4,-831.5,0,0,12:40:45
9.74,-8.77,94.6,921.4,-829.6,0,0,12:40:50
9.71,-8.74,94.6,918.6,-826.8,0,0,12:40:55
8.81,-7.91,94.5,832.5,-747.5,0,0,12:41:00
8.19,-7.34,94.5,774,-693.6,0,0,12:41:05
10.03,-9.05,94.8,950.8,-857.9,0,0,12:41:10
7.67,-6.86,94.4,724,-647.6,0,0,12:41:15
9.6,-8.65,94.7,909.1,-819.2,0,0,12:41:20
9.79,-8.83,94.7,927.1,-836.2,0,0,12:41:25
8.33,-7.47,94.5,787.2,-705.9,0,0,12:41:30
9.47,-8.52,94.7,896.8,-806.8,0,0,12:41:35
10.32,-9.31,94.9,979.4,-883.5,0,0,12:41:40
10.75,-9.63,95,1021.3,-914.9,0,0,12:41:45
8.22,-7.37,94.6,777.6,-697.2,0,0,12:41:50
7.2,-6.42,94.5,680.4,-606.7,0,0,12:41:55
9.12,-8.21,94.7,863.7,-777.5,0,0,12:42:00
7.59,-6.79,94.5,717.3,-641.7,0,0,12:42:05
10.45,-9.44,94.9,991.7,-895.9,0,0,12:42:10
5.08,-4.44,94.2,478.5,-418.2,0,0,12:42:15
4.53,-3.95,94,425.8,-371.3,0,0,12:42:20
4.85,-4.24,94,455.9,-398.6,0,0,12:42:25
4.53,-3.95,94,425.8,-371.3,0,0,12:42:30
4.57,-3.98,94,429.6,-374.1,0,0,12:42:35
4.68,-4.09,93.9,439.5,-384.1,0,0,12:42:40
4.73,-4.13,94,444.6,-388.2,0,0,12:42:45
4.62,-4.03,94,434.3,-378.8,0,0,12:42:50
4.96,-4.35,94,466.2,-408.9,0,0,12:42:55
6.28,-5.57,94.2,591.6,-524.7,0,0,12:43:00
5.09,-4.47,94,478.5,-420.2,0,0,12:43:05
6.07,-5.38,94.2,571.8,-506.8,0,0,12:43:10
5.55,-4.89,94.2,522.8,-460.6,0,0,12:43:15
5.21,-4.58,94.1,490.3,-431,0,0,12:43:20
5.01,-4.39,94,470.9,-412.7,0,0,12:43:25
5.67,-5.01,94.2,534.1,-471.9,0,0,12:43:30
6.67,-5.93,94.3,629,-559.2,0,0,12:43:35
7.41,-6.62,94.5,700.2,-625.6,0,0,12:43:40
8.8,-7.89,94.6,832.5,-746.4,0,0,12:43:45
5.45,-4.81,94.2,513.4,-453.1,0,0,12:43:50
5.39,-4.75,94.2,507.7,-447.5,0,0,12:43:55
5.56,-4.9,94.2,523.8,-461.6,0,0,12:44:00
5.54,-4.87,94.2,521.9,-458.8,0,0,12:44:05
10.18,-9.19,95,967.1,-873.1,0,0,12:44:10
10.37,-9.32,95,985.2,-885.4,0,0,12:44:15
11.49,-10.05,95.2,1093.8,-956.8,0,0,12:44:20
8.63,-7.75,94.8,818.1,-734.7,0,0,12:44:25
7.69,-6.88,94.6,727.5,-650.8,0,0,12:44:30
9.8,-8.84,95,931,-839.8,0,0,12:44:35
7.43,-6.64,94.6,702.9,-628.1,0,0,12:44:40
5,-4.38,94.3,471.5,-413,0,0,12:44:45
4.98,-4.36,94.2,469.1,-410.7,0,0,12:44:50
5.23,-4.6,94.2,492.7,-433.3,0,0,12:44:55
4.48,-3.9,94.2,422,-367.4,0,0,12:45:00
6.25,-5.55,94.4,590,-523.9,0,0,12:45:05
6.63,-5.9,94.5,626.5,-557.6,0,0,12:45:10
4.5,-3.92,94.2,423.9,-369.3,0,0,12:45:15
4.64,-4.05,94.2,437.1,-381.5,0,0,12:45:20
9.09,-8.18,94.8,861.7,-775.5,0,0,12:45:25
9.3,-8.37,94.9,882.6,-794.3,0,0,12:45:30
9.82,-8.85,95,932.9,-840.8,0,0,12:45:35
6.91,-6.15,94.6,653.7,-581.8,0,0,12:45:40
10.74,-9.49,95.2,1022.4,-903.4,0,0,12:45:45
10.81,-9.65,95.3,1030.2,-919.6,0,0,12:45:50
7.4,-6.6,94.7,700.8,-625,0,0,12:45:55
10.66,-9.5,95.3,1015.9,-905.4,0,0,12:46:00
10.88,-9.68,95.3,1036.9,-922.5,0,0,12:46:05
10.75,-9.58,95.3,1024.5,-913,0,0,12:46:10
10.62,-9.51,95.3,1012.1,-906.3,0,0,12:46:15
8.54,-7.66,95.1,812.2,-728.5,0,0,12:46:20
4.53,-3.95,94.5,428.1,-373.3,0,0,12:46:25
4.16,-3.6,94.3,392.3,-339.5,0,0,12:46:30
7.03,-6.26,94.7,665.7,-592.8,0,0,12:46:35
8.3,-7.45,95,788.5,-707.8,0,0,12:46:40
7.48,-6.68,94.9,709.9,-633.9,0,0,12:46:45
5.46,-4.81,94.5,516,-454.5,0,0,12:46:50
4.63,-4.04,94.4,437.1,-381.4,0,0,12:46:55
6.2,-5.49,94.6,586.5,-519.4,0,0,12:47:00
5.27,-4.63,94.5,498,-437.5,0,0,12:47:05
4.63,-4.04,94.5,437.5,-381.8,0,0,12:47:10
5.32,-4.68,94.5,502.7,-442.3,0,0,12:47:15
6.55,-5.83,94.7,620.3,-552.1,0,0,12:47:20
4.72,-4.12,94.5,446,-389.3,0,0,12:47:25
6.19,-5.5,94.6,585.6,-520.3,0,0,12:47:30
10.45,-9.4,95.3,995.9,-895.8,0,0,12:47:35
10.2,-9.2,95.3,972.1,-876.8,0,0,12:47:40
10.08,-9.1,95.3,960.6,-867.2,0,0,12:47:45
10.1,-9.12,95.3,962.5,-869.1,0,0,12:47:50
10.29,-9.3,95.4,981.7,-887.2,0,0,12:47:55
10.04,-9.06,95.4,957.8,-864.3,0,0,12:48:00
10.05,-9.07,95.4,958.8,-865.3,0,0,12:48:05
10.18,-9.19,95.4,971.2,-876.7,0,0,12:48:10
9.68,-8.72,95.3,922.5,-831,0,0,12:48:15
9.78,-8.82,95.4,933,-841.4,0,0,12:48:20
9.81,-8.85,95.4,935.9,-844.3,0,0,12:48:25
8.88,-7.98,95.3,846.3,-760.5,0,0,12:48:30
9.84,-8.87,95.4,938.7,-846.2,0,0,12:48:35
9.96,-8.99,95.4,950.2,-857.6,0,0,12:48:40
10,-9.02,95.5,955,-861.4,0,0,12:48:45
9.72,-8.77,95.5,928.3,-837.5,0,0,12:48:50
9.95,-8.97,95.5,950.2,-856.6,0,0,12:48:55
9.98,-9,95.5,953.1,-859.5,0,0,12:49:00
10.07,-9.08,95.5,961.7,-867.1,0,0,12:49:05
10.03,-9.05,95.5,957.9,-864.3,0,0,12:49:10
9.94,-8.97,95.6,950.3,-857.5,0,0,12:49:15
10.04,-9.06,95.6,959.8,-866.1,0,0,12:49:20
10.07,-9.09,95.6,962.7,-869,0,0,12:49:25
9.15,-8.24,95.4,872.9,-786.1,0,0,12:49:30
9.67,-8.71,95.5,923.5,-831.8,0,0,12:49:35
8.87,-7.98,95.4,846.2,-761.3,0,0,12:49:40
8.68,-7.8,95.4,828.1,-744.1,0,0,12:49:45
6.59,-5.86,95.1,626.7,-557.3,0,0,12:49:50
5.33,-4.69,95,506.4,-445.6,0,0,12:49:55
7.88,-7.05,95.3,751,-671.9,0,0,12:50:00
7.52,-6.73,95.3,716.7,-641.4,0,0,12:50:05
5.4,-4.76,95,513,-452.2,0,0,12:50:10
5.91,-5.23,95,561.5,-496.9,0,0,12:50:15
4.68,-4.09,94.8,443.7,-387.7,0,0,12:50:20
4.52,-3.93,94.8,428.5,-372.6,0,0,12:50:25
5.25,-4.62,94.9,498.2,-438.4,0,0,12:50:30
3.35,-2.85,94.6,316.9,-269.6,0,0,12:50:35
3.2,-2.71,94.5,302.4,-256.1,0,0,12:50:40
4,-3.46,94.6,378.4,-327.3,0,0,12:50:45
4.92,-4.31,94.8,466.4,-408.6,0,0,12:50:50
3.67,-3.15,94.5,346.8,-297.7,0,0,12:50:55
3.14,-2.66,94.5,296.7,-251.4,0,0,12:51:00
3.12,-2.63,94.5,294.8,-248.5,0,0,12:51:05
3.2,-2.72,94.5,302.4,-257,0,0,12:51:10
3.83,-3.3,94.6,362.3,-312.2,0,0,12:51:15
7.15,-6.38,95.1,680,-606.7,0,0,12:51:20
7.02,-6.26,95.1,667.6,-595.3,0,0,12:51:25
6.53,-5.81,95,620.4,-552,0,0,12:51:30
7.62,-6.81,95.3,726.2,-649,0,0,12:51:35
6.71,-5.97,95.1,638.1,-567.7,0,0,12:51:40
7.88,-7.06,95.3,751,-672.8,0,0,12:51:45
8.89,-8,95.5,849,-764,0,0,12:51:50
7.46,-6.66,95.3,710.9,-634.7,0,0,12:51:55
6.73,-5.99,95.1,640,-569.6,0,0,12:52:00
7.25,-6.47,95.2,690.2,-615.9,0,0,12:52:05
7.44,-6.64,95.3,709,-632.8,0,0,12:52:10
8.89,-7.99,95.5,849,-763,0,0,12:52:15
8.05,-7.21,95.4,768,-687.8,0,0,12:52:20
8.63,-7.75,95.5,824.2,-740.1,0,0,12:52:25
6.81,-6.05,95.2,648.3,-576,0,0,12:52:30
8.69,-7.8,95.5,829.9,-744.9,0,0,12:52:35
8.81,-7.92,95.5,841.4,-756.4,0,0,12:52:40
7.76,-6.95,95.4,740.3,-663,0,0,12:52:45
8.21,-7.36,95.5,784.1,-702.9,0,0,12:52:50
8.1,-7.26,95.5,773.6,-693.3,0,0,12:52:55
8.4,-7.53,95.5,802.2,-719.1,0,0,12:53:00
8.34,-7.47,95.6,797.3,-714.1,0,0,12:53:05
7.39,-6.6,95.4,705,-629.6,0,0,12:53:10
8.51,-7.64,95.6,813.6,-730.4,0,0,12:53:15
7.71,-6.9,95.4,735.5,-658.3,0,0,12:53:20
8.29,-7.44,95.5,791.7,-710.5,0,0,12:53:25
6.6,-5.87,95.3,629,-559.4,0,0,12:53:30
9.22,-8.29,95.7,882.4,-793.4,0,0,12:53:35
7.11,-6.33,95.4,678.3,-603.9,0,0,12:53:40
8.66,-7.78,95.6,827.9,-743.8,0,0,12:53:45
8.14,-7.3,95.6,778.2,-697.9,0,0,12:53:50
8.85,-7.94,95.7,846.9,-759.9,0,0,12:53:55
6.05,-5.35,95.3,576.6,-509.9,0,0,12:54:00
8.7,-7.81,95.7,832.6,-747.4,0,0,12:54:05
6.84,-6.1,95.4,652.5,-581.9,0,0,12:54:10
8.46,-7.6,95.6,808.8,-726.6,0,0,12:54:15
8.68,-7.8,95.7,830.7,-746.5,0,0,12:54:20
8.71,-7.82,95.7,833.5,-748.4,0,0,12:54:25
7.15,-6.39,95.5,682.8,-610.2,0,0,12:54:30
7.07,-6.31,95.5,675.2,-602.6,0,0,12:54:35
6.67,-5.94,95.4,636.3,-566.7,0,0,12:54:40
6.67,-5.93,95.4,636.3,-565.7,0,0,12:54:45
7.06,-6.29,95.5,674.2,-600.7,0,0,12:54:50
7.93,-7.11,95.6,758.1,-679.7,0,0,12:54:55
7.65,-6.85,95.6,731.3,-654.9,0,0,12:55:00
8.12,-7.29,95.6,776.3,-696.9,0,0,12:55:05
7.43,-6.64,95.6,710.3,-634.8,0,0,12:55:10
8.67,-7.78,95.7,829.7,-744.5,0,0,12:55:15
6.79,-6.05,95.5,648.4,-577.8,0,0,12:55:20
8.85,-7.95,95.8,847.8,-761.6,0,0,12:55:25
8.86,-7.95,95.9,849.7,-762.4,0,0,12:55:30
8.76,-7.87,95.9,840.1,-754.7,0,0,12:55:35
8.87,-7.97,95.9,850.6,-764.3,0,0,12:55:40
8.83,-7.93,95.8,845.9,-759.7,0,0,12:55:45
8.79,-7.89,95.9,843,-756.7,0,0,12:55:50
8.63,-7.74,95.8,826.8,-741.5,0,0,12:55:55
8.64,-7.75,95.8,827.7,-742.5,0,0,12:56:00
8.74,-7.85,95.9,838.2,-752.8,0,0,12:56:05
9.17,-8.26,95.9,879.4,-792.1,0,0,12:56:10
9.23,-8.29,95.9,885.2,-795,0,0,12:56:15
9.39,-8.43,96,901.4,-809.3,0,0,12:56:20
4.14,-3.6,95.2,394.1,-342.7,0,0,12:56:25
3.28,-2.78,95.1,311.9,-264.4,0,0,12:56:30
6.17,-5.47,95.5,589.2,-522.4,0,0,12:56:35
8.75,-7.86,95.9,839.1,-753.8,0,0,12:56:40
8.65,-7.77,95.9,829.5,-745.1,0,0,12:56:45
8.66,-7.77,95.8,829.6,-744.4,0,0,12:56:50
8.53,-7.64,95.9,818,-732.7,0,0,12:56:55
8.63,-7.73,95.9,827.6,-741.3,0,0,12:57:00
8.62,-7.09,95.8,825.8,-679.2,0,0,12:57:05
8.13,-7.27,95.8,778.9,-696.5,0,3,12:57:10
8.01,-5.65,95.6,765.8,-540.1,0,2,12:57:15
7.18,-6.06,95.6,686.4,-579.3,0,3,12:57:20
7.66,-5.36,95.5,731.5,-511.9,0,0,12:57:25
8.36,-6.45,95.7,800.1,-617.3,0,0,12:57:30
8.05,-7.2,95.9,772,-690.5,0,0,12:57:35
8.04,-7.19,95.9,771,-689.5,0,0,12:57:40
8.14,-4.11,95.4,776.6,-392.1,0,0,12:57:45
8.21,-5.27,95.5,784.1,-503.3,0,8,12:57:50
7.26,-3.99,95.3,691.9,-380.2,0,11,12:57:55
7.48,-6.66,95.7,715.8,-637.4,0,11,12:58:00
7.41,-4.13,95.3,706.2,-393.6,0,12,12:58:05
7.58,-6.74,95.7,725.4,-645,0,14,12:58:10
8.02,-7.17,95.8,768.3,-686.9,0,11,12:58:15
8.03,-7.18,95.9,770.1,-688.6,0,3,12:58:20
7.9,-5.93,95.7,756,-567.5,0,0,12:58:25
7.51,-6.63,95.8,719.5,-635.2,0,8,12:58:30
7.57,-6.75,95.9,726,-647.3,0,10,12:58:35
3.1,-2.6,95.1,294.8,-247.3,0,10,12:58:40
7.23,-6.42,95.7,691.9,-614.4,0,6,12:58:45
7.25,-6.45,95.7,693.8,-617.3,0,8,12:58:50
7.6,-2.17,95.1,722.8,-206.4,0,10,12:58:55
7.53,-1.56,95,715.4,-148.2,0,14,12:59:00
8.02,-1.14,94.9,761.1,-108.2,0,21,12:59:05
7.74,-0.02,94.6,732.2,-1.9,0,27,12:59:10
7.77,-6.94,95.8,744.4,-664.9,0,23,12:59:15
6.75,-5.98,95.6,645.3,-571.7,0,5,12:59:20
6.71,-5.94,95.7,642.1,-568.5,0,0,12:59:25
6.98,-5.64,95.6,667.3,-539.2,0,0,12:59:30
7.74,-6.21,95.7,740.7,-594.3,0,10,12:59:35
6.6,-4.84,95.4,629.6,-461.7,0,15,12:59:40
7.94,-7.09,95.8,760.7,-679.2,0,17,12:59:45
6.7,0.55,94.6,633.8,52,0,16,12:59:50
6.74,1.3,94.4,636.3,122.7,0,20,12:59:55
1.7,6.98,93.4,158.8,651.9,0,21,13:00:00
6.98,-0.12,94.6,660.3,-11.4,0,24,13:00:05
6.33,-0.89,94.7,599.5,-84.3,0,29,13:00:10
6.24,9.81,92.9,579.7,911.3,0,33,13:00:15
5.25,5.89,93.5,490.9,550.7,0,40,13:00:20
6.39,-5.65,95.4,609.6,-539,0,37,13:00:25
6.94,-6.17,95.6,663.5,-589.9,0,28,13:00:30
1.7,5.22,93.7,159.3,489.1,0,24,13:00:35
7.64,-0.14,94.5,722,-13.2,0,30,13:00:40
7.24,0.27,94.5,684.2,25.5,0,34,13:00:45
8.02,-0.46,94.6,758.7,-43.5,0,37,13:00:50
7.23,0.19,94.5,683.2,18,0,40,13:00:55
8.5,-5.28,95.4,810.9,-503.7,0,41,13:01:00
7.84,-4.66,95.3,747.2,-444.1,0,41,13:01:05
6.53,-3.44,95.2,621.7,-327.5,0,40,13:01:10
7.91,-4.7,95.4,754.6,-448.4,0,40,13:01:15
7.73,-6.91,95.7,739.8,-661.3,0,41,13:01:20
7.89,-7.05,95.8,755.9,-675.4,0,40,13:01:25
7.72,-6.89,95.8,739.6,-660.1,0,41,13:01:30
7.83,-6.97,95.8,750.1,-667.7,0,43,13:01:35
6.76,-18.85,97.9,661.8,-1845.4,0,40,13:01:40
8.14,-7.28,96,781.4,-698.9,0,34,13:01:45
7.76,-5.19,95.6,741.9,-496.2,0,34,13:01:50
7.62,-0.91,95,723.9,-86.5,0,36,13:01:55
8.13,1.57,94.5,768.3,148.4,0,39,13:02:00
8.75,2.95,94.2,824.3,277.9,0,43,13:02:05
8.51,8.85,93.1,792.3,823.9,0,47,13:02:10
8.36,10.1,92.8,775.8,937.3,0,49,13:02:15
9.01,9.36,92.8,836.1,868.6,0,50,13:02:20
9.05,9.32,92.8,839.8,864.9,0,51,13:02:25
8.69,5.76,93.4,811.6,538,0,54,13:02:30
8.44,5.88,93.4,788.3,549.2,0,60,13:02:35
7.77,-3.67,95,738.2,-348.7,0,69,13:02:40
6.76,-31.12,99.7,674,-3102.7,0,64,13:02:45
6.33,-29.64,99.6,630.5,-2952.1,0,47,13:02:50
6.6,-5.85,95.8,632.3,-560.4,0,42,13:02:55
6.66,-5.91,95.8,638,-566.2,0,39,13:03:00
6.21,-5.44,95.7,594.3,-520.6,0,38,13:03:05
7.19,-6.4,95.9,689.5,-613.8,0,37,13:03:10
7.5,-6.69,95.9,719.3,-641.6,0,36,13:03:15
7.9,-0.63,95,750.5,-59.9,0,36,13:03:20
8.08,3.53,94.2,761.1,332.5,0,42,13:03:25
7.88,-6.85,95.8,754.9,-656.2,0,46,13:03:30
7.27,-6.46,95.8,696.5,-618.9,0,45,13:03:35
7.93,-7.09,95.9,760.5,-679.9,0,42,13:03:40
8.1,-7.24,95.9,776.8,-694.3,0,42,13:03:45
8.21,-7.34,96,788.2,-704.6,0,41,13:03:50
8.18,-7.32,96,785.3,-702.7,0,40,13:03:55
8.17,-7.31,96.1,785.1,-702.5,0,40,13:04:00
8.18,-7.32,96,785.3,-702.7,0,39,13:04:05
8.2,-7.34,96.1,788,-705.4,0,39,13:04:10
8.16,-7.29,96,783.4,-699.8,0,38,13:04:15
8.17,-7.29,96.1,785.1,-700.6,0,38,13:04:20
8.2,-7.33,96.2,788.8,-705.1,0,38,13:04:25
8.21,-7.34,96.2,789.8,-706.1,0,37,13:04:30
8.14,-7.27,96.1,782.3,-698.6,0,36,13:04:35
8.2,-7.34,96.2,788.8,-706.1,0,36,13:04:40
8.18,-7.31,96.1,786.1,-702.5,0,35,13:04:45
8.58,3.39,94.4,810,320,0,36,13:04:50
8.28,9.02,93.3,772.5,841.6,0,44,13:04:55
7.9,-6.33,95.8,756.8,-606.4,0,47,13:05:00
7.82,-6.98,96,750.7,-670.1,0,46,13:05:05
7.78,-6.94,96,746.9,-666.2,0,45,13:05:10
7.78,-6.94,95.9,746.1,-665.5,0,43,13:05:15
7.97,-7.11,96.1,765.9,-683.3,0,42,13:05:20
7.97,-7.11,96.1,765.9,-683.3,0,40,13:05:25
8.23,-0.16,95,781.9,-15.2,0,41,13:05:30
8.29,2.29,94.5,783.4,216.4,0,44,13:05:35
8.18,4.37,94.1,769.7,411.2,0,48,13:05:40
7.8,5.63,93.8,731.6,528.1,0,51,13:05:45
8.33,5.19,93.9,782.2,487.3,0,54,13:05:50
8.07,5.4,93.8,757,506.5,0,57,13:05:55
8.02,3.54,94,753.9,332.8,0,59,13:06:00
7.84,0.69,94.5,740.9,65.2,0,59,13:06:05
7.79,0.71,94.5,736.2,67.1,0,60,13:06:10
7.48,0.99,94.5,706.9,93.6,0,61,13:06:15
7.93,0.65,94.5,749.4,61.4,0,62,13:06:20
8.03,0.52,94.6,759.6,49.2,0,63,13:06:25
8.05,1.5,94.4,759.9,141.6,0,63,13:06:30
8.17,1.35,94.5,772.1,127.6,0,63,13:06:35
7.84,4.62,93.8,735.4,433.4,0,64,13:06:40
7.95,4.51,93.9,746.5,423.5,0,65,13:06:45
8.08,4.4,93.9,758.7,413.2,0,67,13:06:50
8.27,4.24,93.8,775.7,397.7,0,68,13:06:55
8.46,4.16,93.8,793.5,390.2,0,69,13:07:00
8.85,3.77,93.9,831,354,0,68,13:07:05
8.55,4,93.9,802.8,375.6,0,66,13:07:10
8.51,7.97,93.1,792.3,742,0,65,13:07:15
8.4,8.29,93,781.2,771,0,67,13:07:20
8.41,6.78,93.3,784.7,632.6,0,70,13:07:25
8.25,2.64,94,775.5,248.2,0,73,13:07:30
7.95,-0.34,94.5,751.3,-32.1,0,75,13:07:35
8.7,-1.24,94.7,823.9,-117.4,0,75,13:07:40
8.73,-0.61,94.6,825.9,-57.7,0,74,13:07:45
8.7,0.25,94.4,821.3,23.6,0,74,13:07:50
8.76,0.8,94.4,826.9,75.5,0,74,13:07:55
8.79,1.3,94.3,828.9,122.6,0,74,13:08:00
8.82,1.16,94.2,830.8,109.3,0,73,13:08:05
8.82,1.35,94.3,831.7,127.3,0,73,13:08:10
8.51,1.07,94.3,802.5,100.9,0,73,13:08:15
8.84,1.14,94.3,833.6,107.5,0,73,13:08:20
8.63,1.19,94.3,813.8,112.2,0,73,13:08:25
8.65,1.89,94.1,814,177.8,0,73,13:08:30
8.12,2.04,94.2,764.9,192.2,0,73,13:08:35
8.29,1.19,94.3,781.7,112.2,0,73,13:08:40
8.15,1.56,94.2,767.7,147,0,73,13:08:45
8.17,0.9,94.3,770.4,84.9,0,73,13:08:50
8.16,0.89,94.3,769.5,83.9,0,73,13:08:55
8.26,0.91,94.4,779.7,85.9,0,73,13:09:00
8.23,1.11,94.3,776.1,104.7,0,73,13:09:05
8.15,1.28,94.2,767.7,120.6,0,72,13:09:10
8.16,0.92,94.3,769.5,86.8,0,73,13:09:15
8.12,0.04,94.5,767.3,3.8,0,74,13:09:20
8.14,-1.63,94.8,771.7,-154.5,0,74,13:09:25
8.12,-3.75,95.1,772.2,-356.6,0,72,13:09:30
8.15,-2.65,95,774.2,-251.8,0,71,13:09:35
8.11,-2.65,95,770.5,-251.8,0,71,13:09:40
8.15,-2.69,95,774.2,-255.6,0,71,13:09:45
8.14,-2.67,95,773.3,-253.7,0,70,13:09:50
8.01,-2.59,95,761,-246.1,0,70,13:09:55
8.09,-0.49,94.6,765.3,-46.4,0,69,13:10:00
8.1,-0.43,94.7,767.1,-40.7,0,70,13:10:05
8.1,-0.42,94.7,767.1,-39.8,0,69,13:10:10
8.12,-0.48,94.6,768.2,-45.4,0,69,13:10:15
8.09,-0.44,94.6,765.3,-41.6,0,69,13:10:20
8.14,-0.44,94.6,770,-41.6,0,69,13:10:25
8.19,0.16,94.6,774.8,15.1,0,68,13:10:30
8.09,1.57,94.3,762.9,148.1,0,69,13:10:35
7.94,1.74,94.2,747.9,163.9,0,69,13:10:40
7.84,1.78,94.2,738.5,167.7,0,70,13:10:45
7.88,1.78,94.2,742.3,167.7,0,70,13:10:50
8.05,1.59,94.2,758.3,149.8,0,71,13:10:55
8.08,1.34,94.3,761.9,126.4,0,71,13:11:00
8.1,0.45,94.5,765.5,42.5,0,71,13:11:05
8.26,0.55,94.4,779.7,51.9,0,71,13:11:10
8.47,0.19,94.5,800.4,18,0,71,13:11:15
8.63,0.12,94.5,815.5,11.3,0,70,13:11:20
8.66,0.09,94.5,818.4,8.5,0,70,13:11:25
8.66,0.07,94.5,818.4,6.6,0,71,13:11:30
8.67,0.02,94.5,819.3,1.9,0,71,13:11:35
8.66,0.18,94.4,817.5,17,0,71,13:11:40
8.66,-0.06,94.5,818.4,-5.7,0,71,13:11:45
8.66,-0.05,94.5,818.4,-4.7,0,71,13:11:50
8.68,0.07,94.5,820.3,6.6,0,71,13:11:55
8.75,0.11,94.5,826.9,10.4,0,71,13:12:00
8.77,-0.1,94.5,828.8,-9.5,0,71,13:12:05
8.82,-0.2,94.5,833.5,-18.9,0,71,13:12:10
8.83,-0.05,94.6,835.3,-4.7,0,71,13:12:15
8.83,0.09,94.5,834.4,8.5,0,71,13:12:20
8.78,0.12,94.5,829.7,11.3,0,72,13:12:25
8.85,-0.45,94.7,838.1,-42.6,0,72,13:12:30
8.85,-0.29,94.6,837.2,-27.4,0,73,13:12:35
8.92,-0.97,94.7,844.7,-91.9,0,72,13:12:40
8.93,-0.07,94.5,843.9,-6.6,0,71,13:12:45
8.99,-0.18,94.5,849.6,-17,0,70,13:12:50
9.05,-0.24,94.6,856.1,-22.7,0,70,13:12:55
9.12,-0.31,94.6,862.8,-29.3,0,70,13:13:00
9.17,-0.35,94.6,867.5,-33.1,0,69,13:13:05
9.21,-0.37,94.6,871.3,-35,0,69,13:13:10
9.24,0.57,94.5,873.2,53.9,0,69,13:13:15
9.3,0.58,94.5,878.9,54.8,0,70,13:13:20
9.34,0.53,94.5,882.6,50.1,0,69,13:13:25
9.37,0.46,94.5,885.5,43.5,0,69,13:13:30
9.37,0.48,94.5,885.5,45.4,0,69,13:13:35
9.37,0.51,94.5,885.5,48.2,0,69,13:13:40
9.37,0.47,94.5,885.5,44.4,0,69,13:13:45
9.36,0.52,94.4,883.6,49.1,0,69,13:13:50
9.7,0.2,94.5,916.7,18.9,0,69,13:13:55
9.41,0.45,94.5,889.2,42.5,0,69,13:14:00
9.35,0.49,94.5,883.6,46.3,0,69,13:14:05
9.44,0.44,94.5,892.1,41.6,0,70,13:14:10
9.42,0.4,94.5,890.2,37.8,0,70,13:14:15
9.43,0.42,94.5,891.1,39.7,0,70,13:14:20
9.43,0.44,94.5,891.1,41.6,0,70,13:14:25
9.41,0.6,94.4,888.3,56.6,0,71,13:14:30
9.19,0.56,94.4,867.5,52.9,0,71,13:14:35
9.4,0.81,94.4,887.4,76.5,0,71,13:14:40
9.49,0.49,94.4,895.9,46.3,0,72,13:14:45
9.5,-0.93,94.7,899.7,-88.1,0,72,13:14:50
9.68,-0.71,94.7,916.7,-67.2,0,72,13:14:55
7.19,1.11,94.3,678,104.7,0,72,13:15:00
9.17,-0.12,94.6,867.5,-11.4,0,72,13:15:05
7.85,0.97,94.4,741,91.6,0,71,13:15:10
4.9,3.14,93.9,460.1,294.8,0,71,13:15:15
10.36,-1.45,94.7,981.1,-137.3,0,71,13:15:20
10.21,-1.15,94.7,966.9,-108.9,0,72,13:15:25
10.33,-1.71,94.8,979.3,-162.1,0,72,13:15:30
10.77,-1.73,94.8,1021,-164,0,72,13:15:35
10.64,-1.85,94.8,1008.7,-175.4,0,72,13:15:40
10.59,-1.86,94.9,1005,-176.5,0,71,13:15:45
10.58,-1.93,94.9,1004,-183.2,0,71,13:15:50
10.44,-1.67,94.9,990.8,-158.5,0,71,13:15:55
10.48,-1.39,94.8,993.5,-131.8,0,71,13:16:00
9.28,-0.36,94.6,877.9,-34.1,0,71,13:16:05
10.77,-1.81,94.9,1022.1,-171.8,0,71,13:16:10
10.64,-1.71,94.9,1009.7,-162.3,0,70,13:16:15
8.42,0.39,94.5,795.7,36.9,0,70,13:16:20
6.56,6.87,93.4,612.7,641.7,0,71,13:16:25
3.87,7.09,93.3,361.1,661.5,0,72,13:16:30
2.93,7.56,93.1,272.8,703.8,0,72,13:16:35
2.74,7.26,93.2,255.4,676.6,0,72,13:16:40
2.63,7.43,93,244.6,691,0,72,13:16:45
2.47,7.95,93,229.7,739.4,0,72,13:16:50
2.54,7.8,93,236.2,725.4,0,71,13:16:55
2.49,7.31,93,231.6,679.8,0,72,13:17:00
2.47,8.23,92.8,229.2,763.7,0,71,13:17:05
2.47,7.97,92.8,229.2,739.6,0,71,13:17:10
2.59,8.13,92.8,240.4,754.5,0,71,13:17:15
2.77,8.26,92.7,256.8,765.7,0,71,13:17:20
4.83,6.61,93,449.2,614.7,0,72,13:17:25
7,4.36,93.4,653.8,407.2,0,72,13:17:30
9.37,2.73,93.7,878,255.8,0,72,13:17:35
8.44,2.99,93.7,790.8,280.2,0,72,13:17:40
10.36,2.18,93.8,971.8,204.5,0,72,13:17:45
10.51,1.01,94,987.9,94.9,0,73,13:17:50
10.5,1.18,94,987,110.9,0,72,13:17:55
10.85,1.9,93.9,1018.8,178.4,0,72,13:18:00
10.86,1.3,94,1020.8,122.2,0,73,13:18:05
11.09,1.16,94,1042.5,109,0,73,13:18:10
11.1,1.57,93.9,1042.3,147.4,0,72,13:18:15
11.18,0.88,94.1,1052,82.8,0,72,13:18:20
11.12,1.01,94.1,1046.4,95,0,73,13:18:25
11.09,1.01,94.1,1043.6,95,0,72,13:18:30
10.58,0.94,94.1,995.6,88.5,0,73,13:18:35
11.34,-0.18,94.3,1069.4,-17,0,73,13:18:40
11.3,0.63,94.2,1064.5,59.3,0,72,13:18:45
11.58,0.36,94.2,1090.8,33.9,0,72,13:18:50
11.7,0.3,94.2,1102.1,28.3,0,73,13:18:55
11.16,1.4,94.1,1050.2,131.7,0,72,13:19:00
11.75,0.77,94.1,1105.7,72.5,0,73,13:19:05
11.47,-10.12,96,1101.1,-971.5,0,72,13:19:10
11.07,-34.77,100.2,1109.2,-3484,0,65,13:19:15
4.48,-14.01,120.8,541.2,-1692.4,0,51,13:19:20
0.23,0.01,106.5,24.5,1.1,0,45,13:19:25
0.23,0.01,106.5,24.5,1.1,0,44,13:19:30
0.23,0.02,106.5,24.5,2.1,0,32,13:19:35
0.23,0.02,106.5,24.5,2.1,0,26,13:19:40
4.96,2.74,93.7,464.8,256.7,0,28,13:19:45
8.07,2.41,94,758.6,226.5,0,33,13:19:50
11.78,-10.22,96.2,1133.2,-983.2,0,34,13:19:55
11.86,-10.34,96.3,1142.1,-995.7,0,33,13:20:00
11.63,-10.13,96.3,1120,-975.5,0,34,13:20:05
9.15,-8.21,96,878.4,-788.2,0,33,13:20:10
7.17,-6.4,95.7,686.2,-612.5,0,33,13:20:15
6.05,-10.81,96.5,583.8,-1043.2,0,25,13:20:20
6.43,-5.69,95.7,615.4,-544.5,0,23,13:20:25
5.39,-0.52,94.9,511.5,-49.3,0,23,13:20:30
5.47,-0.01,94.7,518,-0.9,0,27,13:20:35
5.74,2.61,94.2,540.7,245.9,0,32,13:20:40
5.28,3.98,93.9,495.8,373.7,0,37,13:20:45
4.81,2.27,94.2,453.1,213.8,0,42,13:20:50
4.66,-4.04,95.3,444.1,-385,0,42,13:20:55
5,-4.36,95.4,477,-415.9,0,39,13:21:00
6.83,-6.07,95.6,652.9,-580.3,0,39,13:21:05
7.35,-6.55,95.8,704.1,-627.5,0,37,13:21:10
11.59,-10.18,96.4,1117.3,-981.4,0,36,13:21:15
11.03,-9.32,96.3,1062.2,-897.5,0,34,13:21:20
11.8,0.21,94.7,1117.5,19.9,0,37,13:21:25
11.84,0.23,94.6,1120.1,21.8,0,42,13:21:30
11.82,0.21,94.6,1118.2,19.9,0,46,13:21:35
11.63,-10.28,96.4,1121.1,-991,0,47,13:21:40
11.69,-10.32,96.5,1128.1,-995.9,0,45,13:21:45
11.72,-10.32,96.5,1131,-995.9,0,44,13:21:50
7.27,-6.47,95.9,697.2,-620.5,0,43,13:21:55
5.11,-4.46,95.6,488.5,-426.4,0,41,13:22:00
5.68,-4.99,95.7,543.6,-477.5,0,40,13:22:05
9,-8.07,96.1,864.9,-775.5,0,39,13:22:10
8.96,-2.22,95.2,853,-211.3,0,38,13:22:15
10.42,-3.62,95.4,994.1,-345.3,0,40,13:22:20
10.22,-3.4,95.4,975,-324.4,0,41,13:22:25
9.51,-2.72,95.3,906.3,-259.2,0,43,13:22:30
4.73,1.15,94.6,447.5,108.8,0,44,13:22:35
4.38,-3.78,95.4,417.9,-360.6,0,43,13:22:40
4.25,-3.66,95.4,405.5,-349.2,0,41,13:22:45
4.17,-3.6,95.4,397.8,-343.4,0,40,13:22:50
4.1,-3.52,95.4,391.1,-335.8,0,39,13:22:55
4.04,-3.48,95.4,385.4,-332,0,38,13:23:00
4.02,-3.46,95.4,383.5,-330.1,0,36,13:23:05
4,-3.44,95.4,381.6,-328.2,0,35,13:23:10
4.02,-3.44,95.4,383.5,-328.2,0,34,13:23:15
4.09,-3.51,95.4,390.2,-334.9,0,33,13:23:20
4.25,3.86,94.2,400.4,363.6,0,35,13:23:25
4.45,3.67,94.2,419.2,345.7,0,38,13:23:30
5.04,3.17,94.2,474.8,298.6,0,42,13:23:35
9.49,-0.58,94.8,899.7,-55,0,44,13:23:40
11.48,-4.65,95.5,1096.3,-444.1,0,47,13:23:45
11.33,-6.67,95.8,1085.4,-639,0,47,13:23:50
11.4,-8.92,96.2,1096.7,-858.1,0,47,13:23:55
11.69,-10.16,96.5,1128.1,-980.4,0,45,13:24:00
11.72,-10.21,96.6,1132.2,-986.3,0,41,13:24:05
11.56,-24.2,98.9,1143.3,-2393.4,0,36,13:24:10
12,-10.46,96.8,1161.6,-1012.5,0,34,13:24:15
7.39,-6.58,96.1,710.2,-632.3,0,33,13:24:20
7.53,-6.71,96.2,724.4,-645.5,0,32,13:24:25
9.29,-6.11,96,891.8,-586.6,0,32,13:24:30
6.36,-2.89,95.5,607.4,-276,0,33,13:24:35
5.28,0.19,95,501.6,18.1,0,35,13:24:40
6.16,-0.59,95.1,585.8,-56.1,0,38,13:24:45
7.94,-2.24,95.3,756.7,-213.5,0,40,13:24:50
5.15,0.29,95,489.3,27.6,0,41,13:24:55
5,0.43,94.9,474.5,40.8,0,42,13:25:00
5,-1.78,95.3,476.5,-169.6,0,42,13:25:05
5.37,-3.31,95.5,512.8,-316.1,0,41,13:25:10
9.02,-6.62,96,865.9,-635.5,0,41,13:25:15
11.98,-9.44,96.5,1156.1,-911,0,40,13:25:20
11.53,-8.98,96.4,1111.5,-865.7,0,39,13:25:25
8.53,-2.76,95.5,814.6,-263.6,0,39,13:25:30
6.27,-0.66,95.1,596.3,-62.8,0,40,13:25:35
5.62,-4.93,95.8,538.4,-472.3,0,40,13:25:40
5.42,-4.76,95.8,519.2,-456,0,38,13:25:45
5.08,-4.43,95.7,486.2,-424,0,38,13:25:50
4.63,-3.65,95.6,442.6,-348.9,0,38,13:25:55
4.59,7.41,93.7,430.1,694.3,0,43,13:26:00
4.47,7.54,93.6,418.4,705.7,0,48,13:26:05
4.38,7.57,93.6,410,708.6,0,53,13:26:10
4.21,7.71,93.4,393.2,720.1,0,56,13:26:15
4.19,6.71,93.6,392.2,628.1,0,59,13:26:20
4.11,6.85,93.5,384.3,640.5,0,61,13:26:25
3.98,6.9,93.5,372.1,645.2,0,62,13:26:30
3.82,6.9,93.4,356.8,644.5,0,64,13:26:35
3.83,5.04,93.7,358.9,472.2,0,65,13:26:40
3.74,5.15,93.7,350.4,482.6,0,66,13:26:45
3.65,5.2,93.7,342,487.2,0,66,13:26:50
3.51,5.34,93.7,328.9,500.4,0,67,13:26:55
3.45,5.38,93.6,322.9,503.6,0,67,13:27:00
3.43,5.42,93.6,321,507.3,0,67,13:27:05
3.36,6.38,93.4,313.8,595.9,0,68,13:27:10
3.31,9.44,92.9,307.5,877,0,69,13:27:15
3.24,8.95,92.9,301,831.5,0,70,13:27:20
3.18,8.22,93,295.7,764.5,0,36,13:27:25
3.12,6.61,93.3,291.1,616.7,0,72,13:27:30
3.07,7.21,93.2,286.1,672,0,72,13:27:35
3.03,7.13,93.1,282.1,663.8,0,71,13:27:40
3,7.78,93,279,723.5,0,72,13:27:45
2.99,8.29,92.9,277.8,770.1,0,48,13:27:50
2.97,8.52,92.8,275.6,790.7,0,71,13:27:55
2.96,8.36,92.8,274.7,775.8,0,71,13:28:00
2.96,8.34,92.8,274.7,774,0,8,13:28:05
2.98,9.15,92.7,276.2,848.2,0,35,13:28:10
2.96,8.91,92.7,274.4,826,0,71,13:28:15
3.02,9.1,92.7,280,843.6,0,15,13:28:20
3.06,9.54,92.6,283.4,883.4,0,70,13:28:25
3.11,10.12,92.5,287.7,936.1,0,70,13:28:30
3.17,10.28,92.4,292.9,949.9,0,70,13:28:35
3.25,10.36,92.4,300.3,957.3,0,70,13:28:40
3.34,10.63,92.3,308.3,981.1,0,69,13:28:45
3.43,10.95,92.3,316.6,1010.7,0,70,13:28:50
3.56,10.66,92.3,328.6,983.9,0,7,13:28:55
3.65,9.86,92.4,337.3,911.1,0,15,13:29:00
3.8,9.95,92.4,351.1,919.4,0,70,13:29:05
3.8,-0.54,94.1,357.6,-50.8,0,70,13:29:10
3.9,-3.34,94.6,368.9,-316,0,33,13:29:15
3.79,-24.65,98.3,372.6,-2423.1,0,43,13:29:20
4.27,13.48,92.1,393.3,1241.5,0,43,13:29:25
4.46,21.61,90.7,404.5,1960,0,51,13:29:30
4.32,-1.62,94.3,407.4,-152.8,0,55,13:29:35
4.13,-24.69,98.3,406,-2427,0,43,13:29:40
4.28,-15.45,96.9,414.7,-1497.1,0,35,13:29:45
4.48,-1.25,94.6,423.8,-118.3,0,32,13:29:50
4.96,2.35,93.9,465.7,220.7,0,34,13:29:55
5.53,1.86,94,519.8,174.8,0,36,13:30:00
5.34,0.61,94.2,503,57.5,0,12,13:30:05
4.47,-3.87,95,424.7,-367.7,0,15,13:30:10
4.33,2.2,94,407,206.8,0,2,13:30:15
4.41,15.43,91.8,404.8,1416.5,0,40,13:30:20
4.37,16.72,91.5,399.9,1529.9,0,47,13:30:25
3.99,-3.43,94.8,378.3,-325.2,0,46,13:30:30
4.01,-3.44,94.9,380.5,-326.5,0,12,13:30:35
3.98,-1.52,94.6,376.5,-143.8,0,41,13:30:40
4.05,9.62,92.7,375.4,891.8,0,44,13:30:45
3.93,9.71,92.5,363.5,898.2,0,50,13:30:50
3.85,9.75,92.5,356.1,901.9,0,34,13:30:55
3.87,9.77,92.4,357.6,902.7,0,15,13:31:00
3.8,9.8,92.4,351.1,905.5,0,0,13:31:05
3.73,9.88,92.4,344.7,912.9,0,0,13:31:10
3.66,9.89,92.4,338.2,913.8,0,62,13:31:15
3.58,10.12,92.3,330.4,934.1,0,63,13:31:20
3.5,10.41,92.2,322.7,959.8,0,64,13:31:25
3.48,10.48,92.2,320.9,966.3,0,65,13:31:30
3.43,10.57,92.2,316.2,974.6,0,66,13:31:35
3.39,10.11,92.2,312.6,932.1,0,67,13:31:40
3.38,10.74,92.1,311.3,989.2,0,68,13:31:45
3.42,9.89,92.2,315.3,911.9,0,68,13:31:50
3.67,9.55,92.3,338.7,881.5,0,69,13:31:55
5.8,7.33,92.6,537.1,678.8,0,70,13:32:00
3.81,8.14,92.4,352,752.1,0,70,13:32:05
3.13,6.98,92.6,289.8,646.3,0,71,13:32:10
3.11,6.51,92.7,288.3,603.5,0,72,13:32:15
3.07,5.47,92.9,285.2,508.2,0,72,13:32:20
3.05,5.71,92.9,283.3,530.5,0,72,13:32:25
3.05,6.4,92.7,282.7,593.3,0,73,13:32:30
3.05,7.68,92.5,282.1,710.4,0,71,13:32:35
3.05,7.44,92.5,282.1,688.2,0,72,13:32:40
3.05,6.86,92.6,282.4,635.2,0,72,13:32:45
3.03,6.23,92.7,280.9,577.5,0,72,13:32:50
3.04,6.37,92.7,281.8,590.5,0,72,13:32:55
3.02,5.18,92.9,280.6,481.2,0,72,13:33:00
3.01,4.49,93,279.9,417.6,0,73,13:33:05
3.01,5.12,92.9,279.6,475.6,0,72,13:33:10
3,4.65,93,279,432.5,0,73,13:33:15
2.99,4.42,93,278.1,411.1,0,73,13:33:20
2.99,4.68,93,278.1,435.2,0,73,13:33:25
2.96,0.71,93.7,277.4,66.5,0,72,13:33:30
2.92,-2.48,94.3,275.4,-233.9,0,70,13:33:35
2.92,-2.44,94.3,275.4,-230.1,0,65,13:33:40
2.91,-2.43,94.4,274.7,-229.4,0,63,13:33:45
2.92,-2.44,94.5,275.9,-230.6,0,62,13:33:50
2.93,-2.44,94.5,276.9,-230.6,0,61,13:33:55
2.93,-2.44,94.5,276.9,-230.6,0,59,13:34:00
2.95,0.27,94,277.3,25.4,0,59,13:34:05
2.99,2.75,93.6,279.9,257.4,0,59,13:34:10
3.02,4.93,93.1,281.2,459,0,60,13:34:15
3.02,4.96,93.1,281.2,461.8,0,30,13:34:20
3.02,4.93,93.1,281.2,459,0,61,13:34:25
3.06,4.92,93.1,284.9,458.1,0,61,13:34:30
3.11,9.45,92.3,287.1,872.2,0,62,13:34:35
3.2,15.32,91.3,292.2,1398.7,0,67,13:34:40
3.18,10.26,92.1,292.9,944.9,0,70,13:34:45
3.23,7.22,92.5,298.8,667.9,0,71,13:34:50
3.5,5.9,92.7,324.5,546.9,0,72,13:34:55
3.58,4.61,93,332.9,428.7,0,72,13:35:00
3.79,3.98,93.1,352.8,370.5,0,73,13:35:05
3.44,3.65,93.1,320.3,339.8,0,73,13:35:10
3.45,2.7,93.3,321.9,251.9,0,74,13:35:15
3.53,2.88,93.3,329.3,268.7,0,74,13:35:20
3.62,2.84,93.3,337.7,265,0,74,13:35:25
3.66,-4.01,94.5,345.9,-378.9,0,73,13:35:30
3.59,-3.41,94.4,338.9,-321.9,0,72,13:35:35
3.48,-3.02,94.3,328.2,-284.8,0,70,13:35:40
3.47,-2.94,94.4,327.6,-277.5,0,68,13:35:45
3.51,-2.99,94.5,331.7,-282.6,0,66,13:35:50
3.55,-3.02,94.5,335.5,-285.4,0,64,13:35:55
3.59,-3.05,94.5,339.3,-288.2,0,62,13:36:00
3.65,2.47,93.5,341.3,230.9,0,61,13:36:05
3.81,8.93,92.4,352,825.1,0,63,13:36:10
3.88,11.23,92.1,357.3,1034.3,0,65,13:36:15
3.93,11.18,91.9,361.2,1027.4,0,68,13:36:20
3.95,9.52,92.2,364.2,877.7,0,69,13:36:25
3.96,8.19,92.3,365.5,755.9,0,70,13:36:30
4,6.22,92.6,370.4,576,0,71,13:36:35
4.1,6.06,92.6,379.7,561.2,0,35,13:36:40
4.57,5.68,92.6,423.2,526,0,72,13:36:45
5.24,4.79,92.8,486.3,444.5,0,72,13:36:50
5.26,4.85,92.9,488.7,450.6,0,72,13:36:55
5.61,4.32,92.9,521.2,401.3,0,72,13:37:00
6.15,4.94,92.8,570.7,458.4,0,71,13:37:05
5.8,5,92.8,538.2,464,0,71,13:37:10
5.45,5.13,92.7,505.2,475.6,0,71,13:37:15
5.2,3.82,93,483.6,355.3,0,71,13:37:20
5.06,4.46,92.8,469.6,413.9,0,70,13:37:25
5.64,6.77,92.5,521.7,626.2,0,70,13:37:30
5.8,6.81,92.4,535.9,629.2,0,71,13:37:35
5.92,5.97,92.6,548.2,552.8,0,71,13:37:40
4.44,7.4,92.3,409.8,683,0,71,13:37:45
4.01,7.22,92.4,370.5,667.1,0,71,13:37:50
4.01,7.35,92.3,370.1,678.4,0,71,13:37:55
4.38,7.14,92.3,404.3,659,0,70,13:38:00
4.46,6.99,92.3,411.7,645.2,0,71,13:38:05
4.88,7.24,92.3,450.4,668.3,0,70,13:38:10
5.46,7.04,92.3,504,649.8,0,70,13:38:15
6.19,6.11,92.5,572.6,565.2,0,70,13:38:20
6.16,6.63,92.3,568.6,611.9,0,70,13:38:25
6.81,6.92,92.3,628.6,638.7,0,70,13:38:30
8.23,6.51,92.3,759.6,600.9,0,70,13:38:35
9,6.09,92.4,831.6,562.7,0,69,13:38:40
8.02,7.41,92.1,738.6,682.5,0,69,13:38:45
6.81,8.72,91.9,625.8,801.4,0,69,13:38:50
6.18,10.64,91.6,566.1,974.6,0,68,13:38:55
6.4,10.96,91.5,585.6,1002.8,0,68,13:39:00
7.35,9.71,91.7,674,890.4,0,68,13:39:05
6.6,11.06,91.4,603.2,1010.9,0,67,13:39:10
5.83,12.95,91.1,531.1,1179.7,0,67,13:39:15
6.73,12.2,91.1,613.1,1111.4,0,67,13:39:20
6.3,10.86,91.4,575.8,992.6,0,68,13:39:25
5.69,10.14,91.5,520.6,927.8,0,68,13:39:30
5.5,8.5,91.7,504.4,779.5,0,69,13:39:35
5.18,7.83,91.8,475.5,718.8,0,70,13:39:40
4.74,7.92,91.8,435.1,727.1,0,70,13:39:45
4.63,7.95,91.8,425,729.8,0,70,13:39:50
4.87,8.44,91.7,446.6,773.9,0,69,13:39:55
4.63,7.44,91.9,425.5,683.7,0,70,13:40:00
4.58,7.34,91.9,420.9,674.5,0,70,13:40:05
4.59,7.15,91.9,421.8,657.1,0,70,13:40:10
4.45,7.61,91.8,408.5,698.6,0,70,13:40:15
4.38,8.06,91.8,402.1,739.9,0,70,13:40:20
4.21,9.14,91.5,385.2,836.3,0,69,13:40:25
4.3,9.07,91.6,393.9,830.8,0,69,13:40:30
4.65,9.16,91.5,425.5,838.1,0,69,13:40:35
5.63,8.93,91.5,515.1,817.1,0,69,13:40:40
5.01,9.53,91.4,457.9,871,0,69,13:40:45
5.14,9.72,91.4,469.8,888.4,0,69,13:40:50
4.79,9.81,91.4,437.8,896.6,0,69,13:40:55
5.05,9.69,91.3,461.1,884.7,0,69,13:41:00
7.28,8.14,91.6,666.8,745.6,0,68,13:41:05
8.23,7.83,91.6,753.9,717.2,0,68,13:41:10
8.66,6.74,91.8,795,618.7,0,69,13:41:15
7.44,6.96,91.8,683,638.9,0,69,13:41:20
7.79,6.61,91.8,715.1,606.8,0,69,13:41:25
6.72,6.78,91.8,616.9,622.4,0,69,13:41:30
6.65,6.61,91.8,610.5,606.8,0,70,13:41:35
6.93,6.38,91.9,636.9,586.3,0,70,13:41:40
5.52,6.92,91.7,506.2,634.6,0,70,13:41:45
5.75,6.46,91.8,527.9,593,0,70,13:41:50
7.78,4.92,92.1,716.5,453.1,0,70,13:41:55
7.33,5.86,91.9,673.6,538.5,0,70,13:42:00
5.98,5.98,91.9,549.6,549.6,0,70,13:42:05
6.07,-5.35,93.8,569.4,-501.8,0,68,13:42:10
7.2,-6.4,94,676.8,-601.6,0,65,13:42:15
6.87,-6.1,94,645.8,-573.4,0,62,13:42:20
8,-1.08,93.3,746.4,-100.8,0,61,13:42:25
5.44,2.75,92.7,504.3,254.9,0,61,13:42:30
7.3,1.25,92.9,678.2,116.1,0,61,13:42:35
9.41,4.23,92.4,869.5,390.9,0,62,13:42:40
9.02,8.5,91.7,827.1,779.5,0,66,13:42:45
8.94,7.87,91.7,819.8,721.7,0,67,13:42:50
9.28,5.96,91.9,852.8,547.7,0,69,13:42:55
8.74,4.07,92.3,806.7,375.7,0,70,13:43:00
9.17,3.32,92.4,847.3,306.8,0,71,13:43:05
9.48,2.22,92.6,877.8,205.6,0,71,13:43:10
9.38,1.63,92.7,869.5,151.1,0,71,13:43:15
9.33,1.4,92.8,865.8,129.9,0,72,13:43:20
9.44,1.17,92.8,876,108.6,0,72,13:43:25
8.72,0.72,92.9,810.1,66.9,0,72,13:43:30
9.09,-0.14,93.1,846.3,-13,0,73,13:43:35
9.27,-0.75,93.2,864,-69.9,0,73,13:43:40
9.11,-0.29,93.1,848.1,-27,0,73,13:43:45
8.82,-0.79,93.2,822,-73.6,0,73,13:43:50
9.06,-0.28,93.1,843.5,-26.1,0,73,13:43:55
8.55,1.12,92.9,794.3,104,0,73,13:44:00
9.28,0.6,93,863,55.8,0,72,13:44:05
9.36,1.79,92.8,868.6,166.1,0,72,13:44:10
9.41,1.27,92.9,874.2,118,0,72,13:44:15
9.46,2.13,92.7,876.9,197.5,0,71,13:44:20
9.57,3.15,92.5,885.2,291.4,0,71,13:44:25
9.65,3.3,92.5,892.6,305.3,0,70,13:44:30
9.7,3.32,92.5,897.3,307.1,0,71,13:44:35
9.79,2.42,92.6,906.6,224.1,0,71,13:44:40
9.87,3.37,92.5,913,311.7,0,71,13:44:45
10.16,4.49,92.3,937.8,414.4,0,70,13:44:50
9.99,4.12,92.3,922.1,380.3,0,70,13:44:55
10.27,2.34,92.6,951,216.7,0,71,13:45:00
10.19,2.7,92.5,942.6,249.8,0,71,13:45:05
10.1,2.38,92.6,935.3,220.4,0,71,13:45:10
9.86,2.36,92.6,913,218.5,0,71,13:45:15
9.53,2.09,92.7,883.4,193.7,0,72,13:45:20
8.23,2.12,92.7,762.9,196.5,0,72,13:45:25
7.13,2.73,92.5,659.5,252.5,0,72,13:45:30
6.85,2.9,92.5,633.6,268.3,0,72,13:45:35
7.29,3.39,92.4,673.6,313.2,0,71,13:45:40
8.17,2.87,92.5,755.7,265.5,0,71,13:45:45
8.45,1.51,92.8,784.2,140.1,0,72,13:45:50
8.88,2.11,92.6,822.3,195.4,0,71,13:45:55
8.31,2.88,92.4,767.8,266.1,0,71,13:46:00
8.26,2.13,92.6,764.9,197.2,0,72,13:46:05
6.31,3.72,92.3,582.4,343.4,0,72,13:46:10
6.01,4.34,92.2,554.1,400.1,0,71,13:46:15
7.5,3.71,92.3,692.3,342.4,0,71,13:46:20
7.96,2.61,92.5,736.3,241.4,0,71,13:46:25
8.41,3.39,92.4,777.1,313.2,0,71,13:46:30
8.06,3.06,92.4,744.7,282.7,0,72,13:46:35
8.22,1.84,92.6,761.2,170.4,0,72,13:46:40
6.53,2.95,92.4,603.4,272.6,0,72,13:46:45
7.11,2.64,92.5,657.7,244.2,0,72,13:46:50
5.81,2.93,92.4,536.8,270.7,0,72,13:46:55
5.14,3.57,92.3,474.4,329.5,0,72,13:47:00
5.42,3.04,92.4,500.8,280.9,0,72,13:47:05
5.25,2.66,92.5,485.6,246.1,0,72,13:47:10
5.43,3.44,92.3,501.2,317.5,0,72,13:47:15
5.42,2.72,92.4,500.8,251.3,0,73,13:47:20
5.31,2.57,92.4,490.6,237.5,0,73,13:47:25
4.85,3,92.4,448.1,277.2,0,72,13:47:30
4.51,3.76,92.2,415.8,346.7,0,72,13:47:35
4.27,3.87,92.2,393.7,356.8,0,72,13:47:40
4.2,3.79,92.2,387.2,349.4,0,72,13:47:45
4.1,4.12,92.1,377.6,379.5,0,72,13:47:50
3.79,3.8,92.2,349.4,350.4,0,72,13:47:55
3.67,4.24,92.1,338,390.5,0,72,13:48:00
3.68,4.37,92.1,338.9,402.5,0,72,13:48:05
3.61,4.41,92.1,332.5,406.2,0,72,13:48:10
3.47,4.75,92,319.2,437,0,72,13:48:15
3.41,5.48,91.8,313,503.1,0,71,13:48:20
3.41,5.58,91.8,313,512.2,0,72,13:48:25
3.41,5.39,91.8,313,494.8,0,72,13:48:30
3.43,4.63,92,315.6,426,0,72,13:48:35
3.44,4.51,92,316.5,414.9,0,72,13:48:40
3.44,5.2,91.8,315.8,477.4,0,72,13:48:45
3.44,4.66,92,316.5,428.7,0,72,13:48:50
3.44,4.42,91.9,316.1,406.2,0,72,13:48:55
3.51,4.42,92,322.9,406.6,0,72,13:49:00
3.72,4.02,92,342.2,369.8,0,72,13:49:05
4.04,3.95,92.1,372.1,363.8,0,72,13:49:10
4.51,3.74,92,414.9,344.1,0,72,13:49:15
4.28,3.79,92.1,394.2,349.1,0,72,13:49:20
4.7,3.3,92.1,432.9,303.9,0,72,13:49:25
4.37,4.14,92,402,380.9,0,72,13:49:30
3.69,4.02,92,339.5,369.8,0,72,13:49:35
3.4,5.06,91.8,312.1,464.5,0,72,13:49:40
3.36,5.8,91.7,308.1,531.9,0,71,13:49:45
3.46,6.12,91.6,316.9,560.6,0,71,13:49:50
3.97,5.51,91.7,364,505.3,0,71,13:49:55
9.23,2.85,92.1,850.1,262.5,0,71,13:50:00
8.1,3.37,92.1,746,310.4,0,71,13:50:05
9.77,3.08,92.1,899.8,283.7,0,71,13:50:10
10.22,3.05,92.1,941.3,280.9,0,70,13:50:15
10.41,2.28,92.3,960.8,210.4,0,71,13:50:20
10.56,1.95,92.3,974.7,180,0,71,13:50:25
10.69,2,92.3,986.7,184.6,0,71,13:50:30
10.73,1.59,92.4,991.5,146.9,0,71,13:50:35
10.88,1.95,92.3,1004.2,180,0,71,13:50:40
10.94,1.55,92.4,1010.9,143.2,0,71,13:50:45
10.91,1.69,92.4,1008.1,156.2,0,71,13:50:50
10.22,2.23,92.3,943.3,205.8,0,71,13:50:55
10.49,1.05,92.5,970.3,97.1,0,71,13:51:00
6.87,3.81,92,632,350.5,0,71,13:51:05
5.53,5.21,91.8,507.7,478.3,0,71,13:51:10
5.52,5.65,91.7,506.2,518.1,0,70,13:51:15
5.88,4.52,91.9,540.4,415.4,0,70,13:51:20
6.1,4.98,91.7,559.4,456.7,0,71,13:51:25
6.27,4.34,91.9,576.2,398.8,0,71,13:51:30
6.55,4.66,91.8,601.3,427.8,0,70,13:51:35
6.03,5.22,91.6,552.3,478.2,0,70,13:51:40
5.43,4.86,91.8,498.5,446.1,0,70,13:51:45
5.4,5.22,91.6,494.6,478.2,0,71,13:51:50
5.37,5.79,91.5,491.4,529.8,0,70,13:51:55
5.29,5.19,91.7,485.1,475.9,0,70,13:52:00
5.12,5.45,91.6,469,499.2,0,70,13:52:05
4.81,-4.26,93.2,448.3,-397,0,69,13:52:10
4.65,-4.03,93.3,433.8,-376,0,60,13:52:15
4.67,-4.06,93.3,435.7,-378.8,0,57,13:52:20
4.73,2.87,92.2,436.1,264.6,0,55,13:52:25
4.94,21.17,89.1,440.2,1886.2,0,60,13:52:30
4.75,17.5,89.5,425.1,1566.3,0,65,13:52:35
4.61,11.9,90.4,416.7,1075.8,0,67,13:52:40
4.64,9.19,90.8,421.3,834.5,0,68,13:52:45
4.52,7.27,91.1,411.8,662.3,0,69,13:52:50
4.36,-1.61,92.7,404.2,-149.2,0,66,13:52:55
4.3,-1.64,92.7,398.6,-152,0,64,13:53:00
4.26,0.07,92.4,393.6,6.5,0,61,13:53:05
4.2,4.56,91.8,385.6,418.6,0,60,13:53:10
3.85,6.79,91.3,351.5,619.9,0,60,13:53:15
4.24,7.53,91.2,386.7,686.7,0,61,13:53:20
4.23,9.75,90.8,384.1,885.3,0,62,13:53:25
4.22,13.87,90,379.8,1248.3,0,66,13:53:30
4.23,11.09,90.5,382.8,1003.6,0,68,13:53:35
4.32,9.37,90.7,391.8,849.9,0,68,13:53:40
4.36,8.51,90.8,395.9,772.7,0,69,13:53:45
4.14,8.35,90.8,375.9,758.2,0,69,13:53:50
4.21,8.19,90.8,382.3,743.7,0,69,13:53:55
3.94,7.58,90.9,358.1,689,0,69,13:54:00
3.86,7.04,91,351.3,640.6,0,70,13:54:05
3.81,7.01,91,346.7,637.9,0,70,13:54:10
3.67,7.08,91,334,644.3,0,70,13:54:15
3.13,7.88,90.9,284.5,716.3,0,70,13:54:20
2.86,8.31,90.7,259.4,753.7,0,69,13:54:25
2.75,8.33,90.7,249.4,755.5,0,69,13:54:30
2.63,8.81,90.7,238.5,799.1,0,69,13:54:35
2.45,8.77,90.7,222.2,795.4,0,69,13:54:40
2.31,8.88,90.6,209.3,804.5,0,69,13:54:45
2.32,8.76,90.6,210.2,793.7,0,69,13:54:50
2.19,9.57,90.5,198.2,866.1,0,69,13:54:55
2.25,9.88,90.5,203.6,894.1,0,69,13:55:00
2.13,10.34,90.3,192.3,933.7,0,68,13:55:05
2.17,9.85,90.4,196.2,890.4,0,69,13:55:10
2.12,9.4,90.4,191.6,849.8,0,69,13:55:15
2.18,8.65,90.6,197.5,783.7,0,69,13:55:20
2.23,8.28,90.6,202,750.2,0,70,13:55:25
2.25,8.04,90.6,203.9,728.4,0,69,13:55:30
2.3,8.48,90.5,208.2,767.4,0,69,13:55:35
2.24,8.12,90.6,202.9,735.7,0,69,13:55:40
2.37,8.21,90.6,214.7,743.8,0,70,13:55:45
2.42,8.3,90.6,219.3,752,0,69,13:55:50
2.48,8.62,90.5,224.4,780.1,0,69,13:55:55
2.52,8.27,90.6,228.3,749.3,0,34,13:56:00
2.58,9.23,90.4,233.2,834.4,0,69,13:56:05
2.64,10.31,90.2,238.1,930,0,68,13:56:10
2.7,10.47,90.1,243.3,943.3,0,68,13:56:15
2.72,11.3,90,244.8,1017,0,68,13:56:20
2.77,10.43,90.1,249.6,939.7,0,68,13:56:25
2.8,10.55,90,252,949.5,0,68,13:56:30
2.81,10.95,89.9,252.6,984.4,0,67,13:56:35
2.83,10.26,90.1,255,924.4,0,68,13:56:40
2.81,9.76,90.2,253.5,880.4,0,68,13:56:45
2.81,10.08,90.1,253.2,908.2,0,68,13:56:50
2.78,9.91,90.1,250.5,892.9,0,68,13:56:55
2.79,10.19,90,251.1,917.1,0,68,13:57:00
2.77,8.81,90.3,250.1,795.5,0,69,13:57:05
2.74,7.72,90.4,247.7,697.9,0,69,13:57:10
2.72,7.24,90.5,246.2,655.2,0,70,13:57:15
2.71,7.8,90.4,245,705.1,0,69,13:57:20
2.72,7.54,90.4,245.9,681.6,0,69,13:57:25
2.73,7.88,90.4,246.8,712.4,0,69,13:57:30
2.8,8.17,90.4,253.1,738.6,0,69,13:57:35
2.86,7.98,90.3,258.3,720.6,0,69,13:57:40
2.96,8.48,90.3,267.3,765.7,0,69,13:57:45
3.08,8.23,90.3,278.1,743.2,0,69,13:57:50
3.22,8.04,90.3,290.8,726,0,69,13:57:55
3.45,8.15,90.3,311.5,735.9,0,69,13:58:00
3.6,7.97,90.3,325.1,719.7,0,69,13:58:05
3.9,7.19,90.5,353,650.7,0,69,13:58:10
4.58,6.78,90.5,414.5,613.6,0,69,13:58:15
4.96,6.49,90.6,449.4,588,0,69,13:58:20
5.01,6.67,90.6,453.9,604.3,0,69,13:58:25
4.54,7.22,90.4,410.4,652.7,0,69,13:58:30
4.67,7.22,90.4,422.2,652.7,0,69,13:58:35
4.88,6.97,90.5,441.6,630.8,0,69,13:58:40
5.11,6.35,90.6,463,575.3,0,69,13:58:45
6.6,5.53,90.7,598.6,501.6,0,69,13:58:50
5.15,6.61,90.6,466.6,598.9,0,69,13:58:55
5.33,6.4,90.6,482.9,579.8,0,69,13:59:00
5,6.2,90.6,453,561.7,0,69,13:59:05
4.54,1.79,91.3,414.5,163.4,0,69,13:59:10
5.3,-4.64,92.4,489.7,-428.7,0,66,13:59:15
4.16,-3.58,92.4,384.4,-330.8,0,62,13:59:20
3.93,-3.37,92.4,363.1,-311.4,0,59,13:59:25
3.9,5.5,90.9,354.5,500,0,59,13:59:30
3.85,14.78,89.3,343.8,1319.9,0,92,13:59:35
3.75,15.47,89,333.8,1376.8,0,98,13:59:40
3.49,11.01,89.8,313.4,988.7,0,68,13:59:45
3.36,8.38,90.2,303.1,755.9,0,69,13:59:50
3.23,7.69,90.3,291.7,694.4,0,69,13:59:55
3.09,7.18,90.4,279.3,649.1,0,69,14:00:00
2.95,7.08,90.4,266.7,640,0,70,14:00:05
2.84,8.35,90.2,256.2,753.2,0,69,14:00:10
2.72,8.38,90.1,245.1,755,0,69,14:00:15
2.56,7.68,90.3,231.2,693.5,0,69,14:00:20
2.48,8.34,90.1,223.4,751.4,0,69,14:00:25
2.26,-0.84,91.7,207.2,-77,0,67,14:00:30
2.22,-1.79,91.9,204,-164.5,0,61,14:00:35
2.16,-1.73,91.9,198.5,-159,0,54,14:00:40
2.09,-1.67,92.1,192.5,-153.8,0,48,14:00:45
2.07,9.8,90,186.3,882,0,46,14:00:50
2.03,12.78,89.5,181.7,1143.8,0,48,14:00:55
1.97,12.84,89.5,176.3,1149.2,0,52,14:01:00
1.91,12.87,89.4,170.8,1150.6,0,55,14:01:05
1.86,12.92,89.3,166.1,1153.8,0,59,14:01:10
1.86,13.4,89.2,165.9,1195.3,0,64,14:01:15
1.79,8.97,89.9,160.9,806.4,0,69,14:01:20
1.7,-2.45,91.9,156.2,-225.2,0,71,14:01:25
1.66,-2.24,91.9,152.6,-205.9,0,71,14:01:30
1.64,-1.66,91.9,150.7,-152.6,0,70,14:01:35
1.61,-1.25,91.8,147.8,-114.8,0,67,14:01:40
1.57,-1.19,91.9,144.3,-109.4,0,64,14:01:45
1.55,2.37,91.2,141.4,216.1,0,61,14:01:50
1.58,12.6,89.5,141.4,1127.7,0,62,14:01:55
1.56,16.62,88.7,138.4,1474.2,0,65,14:02:00
1.53,12.35,89.4,136.8,1104.1,0,67,14:02:05
1.5,10.69,89.7,134.6,958.9,0,68,14:02:10
1.47,9.44,89.8,132,847.7,0,69,14:02:15
1.44,7.85,90.1,129.7,707.3,0,70,14:02:20
1.4,7.72,90.1,126.1,695.6,0,70,14:02:25
1.4,6.29,90.3,126.4,568,0,70,14:02:30
1.39,5.66,90.4,125.7,511.7,0,71,14:02:35
1.38,5.27,90.5,124.9,476.9,0,71,14:02:40
1.38,5.17,90.6,125,468.4,0,71,14:02:45
1.38,5.74,90.4,124.8,518.9,0,71,14:02:50
1.38,5.75,90.5,124.9,520.4,0,70,14:02:55
1.37,5.17,90.5,124,467.9,0,70,14:03:00
1.38,5.59,90.5,124.9,505.9,0,70,14:03:05
1.38,5.87,90.4,124.8,530.6,0,69,14:03:10
1.38,5.92,90.4,124.8,535.2,0,69,14:03:15
1.37,5.31,90.5,124,480.6,0,68,14:03:20
1.38,4.04,90.7,125.2,366.4,0,67,14:03:25
1.39,3.98,90.7,126.1,361,0,66,14:03:30
1.4,4.04,90.7,127,366.4,0,65,14:03:35
1.42,4,90.7,128.8,362.8,0,65,14:03:40
1.45,3.95,90.8,131.7,358.7,0,64,14:03:45
1.48,3.88,90.8,134.4,352.3,0,64,14:03:50
1.5,4.01,90.7,136.1,363.7,0,63,14:03:55
1.53,3.88,90.8,138.9,352.3,0,63,14:04:00
1.57,3.9,90.8,142.6,354.1,0,62,14:04:05
1.64,7.53,90.1,147.8,678.5,0,62,14:04:10
1.7,12.03,89.4,152,1075.5,0,63,14:04:15
1.78,10.64,89.6,159.5,953.3,0,65,14:04:20
1.86,11.66,89.3,166.1,1041.2,0,66,14:04:25
1.91,10.1,89.5,170.9,904,0,68,14:04:30
1.96,9.46,89.6,175.6,847.6,0,68,14:04:35
2.03,9.08,89.7,182.1,814.5,0,68,14:04:40
2.03,-1.6,91.5,185.7,-146.4,0,66,14:04:45
2.1,-1.67,91.6,192.4,-153,0,63,14:04:50
2.14,-1.71,91.6,196,-156.6,0,60,14:04:55
2.21,1.31,91.2,201.6,119.5,0,58,14:05:00
2.3,9.78,89.7,206.3,877.3,0,59,14:05:05
2.37,15.5,88.7,210.2,1374.9,0,62,14:05:10
2.42,13.45,89,215.4,1197.1,0,64,14:05:15
2.25,-27.12,95.8,215.6,-2598.1,0,56,14:05:20
2.43,0.97,91.3,221.9,88.6,0,49,14:05:25
2.51,5.58,90.5,227.2,505,0,49,14:05:30
2.58,9.06,89.8,231.7,813.6,0,51,14:05:35
2.57,9.11,89.8,230.8,818.1,0,53,14:05:40
2.59,9.04,89.8,232.6,811.8,0,56,14:05:45
2.63,9.01,89.7,235.9,808.2,0,58,14:05:50
2.71,8.92,89.7,243.1,800.1,0,59,14:05:55
2.96,8.74,89.7,265.5,784,0,61,14:06:00
2.89,8.79,89.7,259.2,788.5,0,63,14:06:05
2.76,8.9,89.6,247.3,797.4,0,64,14:06:10
2.82,9.06,89.5,252.4,810.9,0,65,14:06:15
2.86,10.16,89.4,255.7,908.3,0,67,14:06:20
2.95,9.55,89.5,264,854.7,0,68,14:06:25
2.72,7.74,89.8,244.3,695.1,0,69,14:06:30
2.68,7.6,89.8,240.7,682.5,0,69,14:06:35
2.72,7.44,89.9,244.5,668.9,0,69,14:06:40
2.78,7.52,89.8,249.6,675.3,0,69,14:06:45
2.89,7.91,89.7,259.2,709.5,0,69,14:06:50
2.95,7.91,89.7,264.6,709.5,0,68,14:06:55
2.87,8.52,89.6,257.2,763.4,0,68,14:07:00
2.83,8.79,89.5,253.3,786.7,0,68,14:07:05
2.88,9.13,89.5,257.8,817.1,0,68,14:07:10
2.99,8.93,89.5,267.6,799.2,0,68,14:07:15
3.01,9.22,89.4,269.1,824.3,0,67,14:07:20
3,9.21,89.5,268.5,824.3,0,67,14:07:25
3.05,9.21,89.5,273,824.3,0,67,14:07:30
3.08,9.17,89.4,275.4,819.8,0,68,14:07:35
3.16,8.59,89.5,282.8,768.8,0,68,14:07:40
3.18,8.77,89.5,284.6,784.9,0,68,14:07:45
3.2,8.55,89.5,286.4,765.2,0,68,14:07:50
3.16,7.72,89.6,283.1,691.7,0,68,14:07:55
3.14,8.14,89.5,281,728.5,0,68,14:08:00
3.11,7.24,89.7,279,649.4,0,69,14:08:05
3.15,6.02,89.9,283.2,541.2,0,69,14:08:10
3.13,6.16,89.9,281.4,553.8,0,69,14:08:15
3.17,5.46,90,285.3,491.4,0,70,14:08:20
3.41,4.49,90.2,307.6,405,0,70,14:08:25
3.86,3.79,90.3,348.6,342.2,0,70,14:08:30
3.68,3.77,90.3,332.3,340.4,0,71,14:08:35
3.19,4.09,90.4,288.4,369.7,0,71,14:08:40
2.87,5.21,90.1,258.6,469.4,0,70,14:08:45
2.76,5.9,90,248.4,531,0,70,14:08:50
2.72,6.19,89.9,244.5,556.5,0,69,14:08:55
2.68,6.71,89.8,240.7,602.6,0,69,14:09:00
2.66,6.95,89.8,238.9,624.1,0,69,14:09:05
2.65,6.65,89.8,238,597.2,0,69,14:09:10
2.63,6.87,89.8,236.2,616.9,0,69,14:09:15
2.62,6.87,89.8,235.3,616.9,0,69,14:09:20
2.61,6.69,89.8,234.4,600.8,0,69,14:09:25
2.58,6.85,89.8,231.7,615.1,0,69,14:09:30
2.6,6.93,89.7,233.2,621.6,0,69,14:09:35
2.61,6.77,89.8,234.4,607.9,0,69,14:09:40
2.6,-2.25,91.3,237.4,-205.4,0,68,14:09:45
2.63,-2.15,91.3,240.1,-196.3,0,65,14:09:50
2.71,-2.24,91.5,248,-205,0,62,14:09:55
2.96,-2.47,91.5,270.8,-226,0,59,14:10:00
3.42,2.51,90.6,309.9,227.4,0,57,14:10:05
5.31,2.9,90.6,481.1,262.7,0,57,14:10:10
6.64,4.63,90.3,599.6,418.1,0,58,14:10:15
6.14,7.04,89.8,551.4,632.2,0,60,14:10:20
5.32,10.96,89.2,474.5,977.6,0,63,14:10:25
5.38,10.08,89.2,479.9,899.1,0,65,14:10:30
4.31,9.39,89.3,384.9,838.5,0,67,14:10:35
3.01,8.5,89.4,269.1,759.9,0,68,14:10:40
3.33,7.27,89.6,298.4,651.4,0,69,14:10:45
4.56,5.9,89.8,409.5,529.8,0,69,14:10:50
4.64,5.49,89.9,417.1,493.6,0,69,14:10:55
5.3,4.47,90.2,478.1,403.2,0,70,14:11:00
5.46,4.13,90.2,492.5,372.5,0,69,14:11:05
5.47,4.61,90.1,492.8,415.4,0,69,14:11:10
6.95,3.53,90.3,627.6,318.8,0,69,14:11:15
6.91,3.34,90.4,624.7,301.9,0,70,14:11:20
6.05,1.74,90.6,548.1,157.6,0,69,14:11:25
5.73,2.42,90.5,518.6,219,0,69,14:11:30
6.48,1.98,90.6,587.1,179.4,0,68,14:11:35
7.08,1.38,90.7,642.2,125.2,0,67,14:11:40
7.73,0.78,90.9,702.7,70.9,0,66,14:11:45
7.78,0.76,90.9,707.2,69.1,0,65,14:11:50
7.86,0.72,90.9,714.5,65.4,0,64,14:11:55
7.91,0.67,90.9,719,60.9,0,64,14:12:00
7.92,0.63,90.9,719.9,57.3,0,63,14:12:05
7.85,0.66,90.9,713.6,60,0,63,14:12:10
7.82,0.69,90.9,710.8,62.7,0,63,14:12:15
7.79,0.73,90.9,708.1,66.4,0,63,14:12:20
7.87,2.5,90.6,713,226.5,0,63,14:12:25
7.92,3.87,90.3,715.2,349.5,0,64,14:12:30
7.92,5.41,90.1,713.6,487.4,0,65,14:12:35
7.91,5.15,90.1,712.7,464,0,66,14:12:40
7.91,5.39,90,711.9,485.1,0,67,14:12:45
7.93,4.5,90.2,715.3,405.9,0,67,14:12:50
7.95,4.76,90.1,716.3,428.9,0,68,14:12:55
7.9,4.33,90.2,712.6,390.6,0,68,14:13:00
7.88,4.18,90.2,710.8,377,0,68,14:13:05
7.86,4.46,90.1,708.2,401.8,0,68,14:13:10
7.84,4.25,90.2,707.2,383.4,0,68,14:13:15
7.83,3.91,90.2,706.3,352.7,0,68,14:13:20
7.83,4.35,90.2,706.3,392.4,0,67,14:13:25
7.9,4.17,90.1,711.8,375.7,0,67,14:13:30
7.89,4.46,90.2,711.7,402.3,0,67,14:13:35
7.91,4.58,90.1,712.7,412.7,0,67,14:13:40
7.88,3.98,90.2,710.8,359,0,67,14:13:45
7.93,3.7,90.3,716.1,334.1,0,68,14:13:50
7.93,3.82,90.2,715.3,344.6,0,67,14:13:55
7.99,3.79,90.3,721.5,342.2,0,67,14:14:00
8.08,4.55,90,727.2,409.5,0,67,14:14:05
8.02,4.22,90.2,723.4,380.6,0,67,14:14:10
7.81,5.89,89.8,701.3,528.9,0,68,14:14:15
7.48,4.51,90.1,673.9,406.4,0,69,14:14:20
8.12,2.98,90.3,733.2,269.1,0,69,14:14:25
8.26,2.28,90.5,747.5,206.3,0,70,14:14:30
8.12,2.01,90.6,735.7,182.1,0,70,14:14:35
8.01,2.36,90.5,724.9,213.6,0,70,14:14:40
7.66,2.72,90.4,692.5,245.9,0,70,14:14:45
7.56,2.53,90.5,684.2,229,0,70,14:14:50
7.96,2.38,90.5,720.4,215.4,0,70,14:14:55
7.91,2.59,90.4,715.1,234.1,0,70,14:15:00
7.93,2.48,90.4,716.9,224.2,0,70,14:15:05
8.08,2.95,90.4,730.4,266.7,0,70,14:15:10
8.26,1.98,90.6,748.4,179.4,0,70,14:15:15
8.09,1.74,90.6,733,157.6,0,70,14:15:20
8.35,1.92,90.6,756.5,174,0,70,14:15:25
8.52,1.15,90.7,772.8,104.3,0,70,14:15:30
7.63,-6.85,92.1,702.7,-630.9,0,68,14:15:35
5.64,-4.95,91.8,517.8,-454.4,0,65,14:15:40
7.93,-7.07,92.1,730.4,-651.1,0,62,14:15:45
7.99,-7.13,92.2,736.7,-657.4,0,60,14:15:50
8.17,-6.27,92.1,752.5,-577.5,0,58,14:15:55
8.82,-1.11,91.3,805.3,-101.3,0,57,14:16:00
9.29,3.82,90.5,840.7,345.7,0,58,14:16:05
8.71,6.8,89.8,782.2,610.6,0,60,14:16:10
8.74,8.73,89.4,781.4,780.5,0,63,14:16:15
9.65,6.07,89.8,866.6,545.1,0,66,14:16:20
8.86,4.79,90.1,798.3,431.6,0,68,14:16:25
9.3,3.77,90.3,839.8,340.4,0,69,14:16:30
9.73,2.81,90.4,879.6,254,0,69,14:16:35
8.14,3.46,90.3,735,312.4,0,69,14:16:40
7.15,4.05,90.2,644.9,365.3,0,69,14:16:45
9.31,2.75,90.4,841.6,248.6,0,69,14:16:50
9.2,4.29,90.1,828.9,386.5,0,68,14:16:55
9.49,4.39,90.1,855,395.5,0,68,14:17:00
6.72,5.37,89.9,604.1,482.8,0,68,14:17:05
4.7,5.04,90,423,453.6,0,69,14:17:10
4.27,4.35,90.1,384.7,391.9,0,70,14:17:15
4.15,3.93,90.2,374.3,354.5,0,70,14:17:20
3.95,-3.71,91.5,361.4,-339.5,0,69,14:17:25
3.81,-3.25,91.5,348.6,-297.4,0,66,14:17:30
3.67,-3.13,91.5,335.8,-286.4,0,64,14:17:35
3.5,-2.97,91.5,320.3,-271.8,0,62,14:17:40
3.26,-2.74,91.5,298.3,-250.7,0,60,14:17:45
3.18,-0.06,91,289.4,-5.5,0,58,14:17:50
3.1,8.32,89.5,277.5,744.6,0,59,14:17:55
2.8,15.41,88.2,247,1359.2,0,63,14:18:00
2.78,9.79,89.1,247.7,872.3,0,67,14:18:05
2.55,7.41,89.5,228.2,663.2,0,69,14:18:10
2.21,-26.84,95.3,210.6,-2557.9,0,61,14:18:15
2.17,-1.74,91.3,198.1,-158.9,0,55,14:18:20
2.03,-1.6,91.3,185.3,-146.1,0,51,14:18:25
1.94,7.55,89.6,173.8,676.5,0,50,14:18:30
1.86,17.45,87.9,163.5,1533.9,0,54,14:18:35
1.72,7.57,89.5,153.9,677.5,0,58,14:18:40
1.61,7.66,89.5,144.1,685.6,0,59,14:18:45
1.51,7.72,89.5,135.1,690.9,0,60,14:18:50
1.44,7.79,89.4,128.7,696.4,0,60,14:18:55
1.35,7.87,89.3,120.6,702.8,0,61,14:19:00
1.28,5.99,89.7,114.8,537.3,0,61,14:19:05
1.23,6.01,89.7,110.3,539.1,0,62,14:19:10
1.18,6.06,89.6,105.7,543,0,61,14:19:15
1.11,4.87,89.9,99.8,437.8,0,61,14:19:20
1.04,1.3,90.6,94.2,117.8,0,60,14:19:25
1.02,1.25,90.6,92.4,113.3,0,58,14:19:30
0.99,1.26,90.6,89.7,114.2,0,57,14:19:35
0.97,2.69,90.3,87.6,242.9,0,56,14:19:40
0.93,4.46,90,83.7,401.4,0,57,14:19:45
0.92,4.45,90,82.8,400.5,0,57,14:19:50
0.9,6.44,89.6,80.6,577,0,57,14:19:55
0.89,6.47,89.6,79.7,579.7,0,57,14:20:00
0.79,6.54,89.6,70.8,586,0,57,14:20:05
0.78,6.54,89.6,69.9,586,0,57,14:20:10
0.81,6.52,89.5,72.5,583.5,0,58,14:20:15
0.78,6.59,89.5,69.8,589.8,0,58,14:20:20
0.77,6.58,89.5,68.9,588.9,0,59,14:20:25
0.76,6.55,89.5,68,586.2,0,58,14:20:30
0.73,-0.43,90.8,66.3,-39,0,56,14:20:35
0.72,-0.41,90.9,65.4,-37.3,0,53,14:20:40
0.71,5.45,89.8,63.8,489.4,0,51,14:20:45
0.7,7.61,89.3,62.5,679.6,0,53,14:20:50
0.7,5.63,89.7,62.8,505,0,54,14:20:55
0.68,5.6,89.6,60.9,501.8,0,55,14:21:00
0.66,5.63,89.7,59.2,505,0,56,14:21:05
0.66,5.68,89.6,59.1,508.9,0,57,14:21:10
0.66,5.65,89.6,59.1,506.2,0,58,14:21:15
0.67,5.59,89.6,60,500.9,0,59,14:21:20
0.67,4.55,89.8,60.2,408.6,0,58,14:21:25
0.67,2.66,90.3,60.5,240.2,0,57,14:21:30
0.69,2.64,90.3,62.3,238.4,0,55,14:21:35
0.72,3.63,90.1,64.9,327.1,0,54,14:21:40
0.74,3.62,90,66.6,325.8,0,54,14:21:45
0.76,3.59,90,68.4,323.1,0,54,14:21:50
0.79,3.56,90,71.1,320.4,0,53,14:21:55
0.83,3.53,90.1,74.8,318.1,0,53,14:22:00
0.86,11.02,88.8,76.4,978.6,0,54,14:22:05
0.9,16.47,87.8,79,1446.1,0,58,14:22:10
0.94,15.76,87.8,82.5,1383.7,0,62,14:22:15
0.97,13.15,88.2,85.6,1159.8,0,65,14:22:20
0.99,9.35,88.9,88,831.2,0,67,14:22:25
1,-0.33,90.5,90.5,-29.9,0,65,14:22:30
1.02,0.51,90.4,92.2,46.1,0,62,14:22:35
1.05,0.53,90.5,95,48,0,60,14:22:40
1.09,7.26,89.3,97.3,648.3,0,59,14:22:45
1.12,10.59,88.7,99.3,939.3,0,61,14:22:50
1.13,12.72,88.3,99.8,1123.2,0,63,14:22:55
1.15,14.62,87.8,101,1283.6,0,65,14:23:00
1.15,11.03,88.6,101.9,977.3,0,67,14:23:05
1.16,10.83,88.5,102.7,958.5,0,67,14:23:10
1.17,9.84,88.7,103.8,872.8,0,68,14:23:15
1.16,7.31,89,103.2,650.6,0,67,14:23:20
1.16,4.26,89.6,103.9,381.7,0,65,14:23:25
1.15,4.19,89.6,103,375.4,0,64,14:23:30
1.17,7.16,89.2,104.4,638.7,0,64,14:23:35
1.17,7.23,89.2,104.4,644.9,0,63,14:23:40
1.18,7.63,89.1,105.1,679.8,0,63,14:23:45
1.18,10.56,88.6,104.5,935.6,0,63,14:23:50
1.18,8.35,88.8,104.8,741.5,0,64,14:23:55
1.18,7.1,89.1,105.1,632.6,0,64,14:24:00
1.19,7.13,89.1,106,635.3,0,65,14:24:05
1.19,7.14,89.1,106,636.2,0,65,14:24:10
1.19,7.13,89.1,106,635.3,0,65,14:24:15
1.21,7.25,89.1,107.8,646,0,66,14:24:20
1.21,9.66,88.7,107.3,856.8,0,66,14:24:25
1.18,8.54,88.8,104.8,758.4,0,67,14:24:30
1.18,10.24,88.5,104.4,906.2,0,67,14:24:35
1.21,10.52,88.5,107.1,931,0,66,14:24:40
1.23,10.96,88.3,108.6,967.8,0,66,14:24:45
1.24,8.89,88.7,110,788.5,0,66,14:24:50
1.23,8.92,88.7,109.1,791.2,0,67,14:24:55
1.25,9.48,88.6,110.8,839.9,0,67,14:25:00
1.26,6.51,89.1,112.3,580,0,68,14:25:05
1.25,2.17,90,112.5,195.3,0,66,14:25:10
1.25,1.84,90,112.5,165.6,0,64,14:25:15
1.25,2.2,90,112.5,198,0,63,14:25:20
1.26,2.24,90,113.4,201.6,0,61,14:25:25
1.27,2.2,90,114.3,198,0,59,14:25:30
1.28,4.19,89.6,114.7,375.4,0,57,14:25:35
1.29,4.18,89.6,115.6,374.5,0,56,14:25:40
1.29,5.17,89.5,115.5,462.7,0,56,14:25:45
1.29,9.78,88.6,114.3,866.5,0,56,14:25:50
1.32,14.89,87.8,115.9,1307.3,0,59,14:25:55
1.32,6.74,89,117.5,599.9,0,60,14:26:00
1.32,6.03,89.2,117.7,537.9,0,60,14:26:05
1.31,5.3,89.3,117,473.3,0,59,14:26:10
1.34,7,89,119.3,623,0,59,14:26:15
1.3,6.91,89,115.7,615,0,58,14:26:20
1.36,7.49,88.9,120.9,665.9,0,58,14:26:25
1.39,11.77,88.2,122.6,1038.1,0,58,14:26:30
1.4,11.63,88.2,123.5,1025.8,0,60,14:26:35
1.41,9.86,88.4,124.6,871.6,0,60,14:26:40
1.41,9.83,88.4,124.6,869,0,61,14:26:45
1.41,9.81,88.4,124.6,867.2,0,61,14:26:50
1.45,9.8,88.4,128.2,866.3,0,62,14:26:55
1.46,9.82,88.4,129.1,868.1,0,62,14:27:00
1.46,9.79,88.4,129.1,865.4,0,62,14:27:05
1.49,9.79,88.4,131.7,865.4,0,62,14:27:10
1.5,9.78,88.4,132.6,864.6,0,62,14:27:15
1.53,9.79,88.4,135.3,865.4,0,63,14:27:20
1.53,9.75,88.4,135.3,861.9,0,63,14:27:25
1.56,9.7,88.4,137.9,857.5,0,64,14:27:30
1.56,10.61,88.3,137.7,936.9,0,64,14:27:35
1.59,8.9,88.5,140.7,787.7,0,65,14:27:40
1.61,10.47,88.3,142.2,924.5,0,65,14:27:45
1.65,11.11,88.1,145.4,978.8,0,65,14:27:50
1.66,10.14,88.3,146.6,895.4,0,66,14:27:55
1.67,8.67,88.5,147.8,767.3,0,65,14:28:00
1.68,9.55,88.3,148.3,843.3,0,65,14:28:05
1.72,9.43,88.4,152,833.6,0,66,14:28:10
1.73,10.24,88.2,152.6,903.2,0,66,14:28:15
1.75,10.18,88.2,154.4,897.9,0,66,14:28:20
1.76,10.13,88.2,155.2,893.5,0,66,14:28:25
1.8,8.22,88.5,159.3,727.5,0,66,14:28:30
1.83,13.13,87.7,160.5,1151.5,0,66,14:28:35
1.83,10.46,88.1,161.2,921.5,0,66,14:28:40
1.87,9.72,88.3,165.1,858.3,0,66,14:28:45
1.88,12.09,87.8,165.1,1061.5,0,65,14:28:50
1.91,11.94,87.9,167.9,1049.5,0,65,14:28:55
2,10.18,88.2,176.4,897.9,0,65,14:29:00
1.97,9.55,88.2,173.8,842.3,0,65,14:29:05
2.07,12.48,87.7,181.5,1094.5,0,66,14:29:10
2.08,10.96,88.1,183.2,965.6,0,66,14:29:15
2.15,12.66,87.7,188.6,1110.3,0,66,14:29:20
2.2,10.98,87.9,193.4,965.1,0,66,14:29:25
2.17,10.11,88.1,191.2,890.7,0,66,14:29:30
2.28,11.13,88,200.6,979.4,0,66,14:29:35
2.33,11.6,87.9,204.8,1019.6,0,66,14:29:40
2.35,11.66,87.8,206.3,1023.7,0,66,14:29:45
2.33,11.71,87.8,204.6,1028.1,0,66,14:29:50
2.4,11.21,87.8,210.7,984.2,0,66,14:29:55
2.44,10.53,88.1,215,927.7,0,66,14:30:00
2.49,12.78,87.5,217.9,1118.3,0,66,14:30:05
2.53,10.17,88.1,222.9,896,0,66,14:30:10
2.56,12.41,87.6,224.3,1087.1,0,66,14:30:15
2.58,10.81,87.8,226.5,949.1,0,66,14:30:20
2.64,12.36,87.7,231.5,1084,0,66,14:30:25
2.66,11.23,87.7,233.3,984.9,0,66,14:30:30
2.57,10.91,87.8,225.6,957.9,0,66,14:30:35
2.63,10.84,87.9,231.2,952.8,0,66,14:30:40
2.7,8.43,88.3,238.4,744.4,0,67,14:30:45
2.73,8.71,88.2,240.8,768.2,0,67,14:30:50
2.75,8.25,88.3,242.8,728.5,0,67,14:30:55
2.8,7.48,88.4,247.5,661.2,0,67,14:31:00
2.82,8.44,88.3,249,745.3,0,67,14:31:05
2.84,9.06,88.1,250.2,798.2,0,67,14:31:10
2.91,8.29,88.3,257,732,0,67,14:31:15
2.99,8.81,88.2,263.7,777,0,67,14:31:20
3.1,10.07,88,272.8,886.2,0,66,14:31:25
3.24,12.11,87.6,283.8,1060.8,0,66,14:31:30
3.32,12.71,87.6,290.8,1113.4,0,65,14:31:35
3.48,13.96,87.3,303.8,1218.7,0,65,14:31:40
3.71,12.8,87.5,324.6,1120,0,65,14:31:45
4.3,9.27,88.1,378.8,816.7,0,66,14:31:50
4.49,10.6,87.8,394.2,930.7,0,66,14:31:55
4.22,9.12,88.1,371.8,803.5,0,66,14:32:00
4.38,10.66,87.7,384.1,934.9,0,66,14:32:05
4.47,8.71,88.1,393.8,767.4,0,66,14:32:10
4.84,8,88.3,427.4,706.4,0,66,14:32:15
4.78,7.43,88.3,422.1,656.1,0,66,14:32:20
4.67,7.27,88.3,412.4,641.9,0,67,14:32:25
4.79,6.62,88.5,423.9,585.9,0,67,14:32:30
4.78,6.95,88.4,422.6,614.4,0,67,14:32:35
4.75,7.81,88.3,419.4,689.6,0,66,14:32:40
4.49,11.64,87.6,393.3,1019.7,0,65,14:32:45
4.22,11.93,87.7,370.1,1046.3,0,65,14:32:50
4.24,13.6,87.3,370.2,1187.3,0,65,14:32:55
4.22,11.77,87.5,369.3,1029.9,0,65,14:33:00
4.51,11.41,87.6,395.1,999.5,0,65,14:33:05
4.39,9.36,88,386.3,823.7,0,66,14:33:10
4.42,10.13,87.8,388.1,889.4,0,66,14:33:15
4.88,9.83,87.8,428.5,863.1,0,66,14:33:20
4.82,9.12,88,424.2,802.6,0,66,14:33:25
5.03,10.09,87.8,441.6,885.9,0,65,14:33:30
5.16,9.58,87.9,453.6,842.1,0,65,14:33:35
4.97,9.42,87.9,436.9,828,0,65,14:33:40
4.81,9.4,87.9,422.8,826.3,0,65,14:33:45
4.97,9.9,87.7,435.9,868.2,0,65,14:33:50
4.68,11.24,87.6,410,984.6,0,66,14:33:55
4.55,8.5,88,400.4,748,0,66,14:34:00
4.55,7.46,88.2,401.3,658,0,67,14:34:05
4.59,6.5,88.4,405.8,574.6,0,68,14:34:10
4.53,5.38,88.6,401.4,476.7,0,68,14:34:15
4.55,5.45,88.6,403.1,482.9,0,68,14:34:20
4.47,4.62,88.8,396.9,410.3,0,69,14:34:25
4.32,4.7,88.7,383.2,416.9,0,69,14:34:30
4.16,4.3,88.9,369.8,382.3,0,69,14:34:35
4.5,4.57,88.8,399.6,405.8,0,69,14:34:40
4.5,4.38,88.9,400.1,389.4,0,69,14:34:45
4.01,4.03,88.9,356.5,358.3,0,69,14:34:50
3.81,3.79,88.9,338.7,336.9,0,69,14:34:55
4.01,2.81,89.2,357.7,250.7,0,70,14:35:00
4.12,3.49,89,366.7,310.6,0,69,14:35:05
4.27,3.53,89,380,314.2,0,69,14:35:10
4.41,3.56,89,392.5,316.8,0,69,14:35:15
4.35,3.96,88.9,386.7,352,0,69,14:35:20
4.34,5,88.8,385.4,444,0,69,14:35:25
4.67,5.63,88.7,414.2,499.4,0,68,14:35:30
4.73,6.39,88.5,418.6,565.5,0,67,14:35:35
4.43,8.43,88.1,390.3,742.7,0,67,14:35:40
4.62,10.24,87.9,406.1,900.1,0,66,14:35:45
4.75,9.05,88,418,796.4,0,66,14:35:50
4.49,11.98,87.4,392.4,1047.1,0,65,14:35:55
4.53,10.96,87.7,397.3,961.2,0,64,14:36:00
3.94,14.32,87,342.8,1245.8,0,64,14:36:05
4.02,10.67,87.7,352.6,935.8,0,65,14:36:10
4.99,8.69,88,439.1,764.7,0,65,14:36:15
4.44,10.15,87.6,388.9,889.1,0,66,14:36:20
3.88,8.62,87.9,341.1,757.7,0,67,14:36:25
3.95,6.15,88.4,349.2,543.7,0,68,14:36:30
4.01,4.94,88.6,355.3,437.7,0,69,14:36:35
4.24,3.94,88.8,376.5,349.9,0,69,14:36:40
4.28,3.89,88.9,380.5,345.8,0,69,14:36:45
4.39,5.15,88.6,389,456.3,0,68,14:36:50
3.59,6.76,88.4,317.4,597.6,0,68,14:36:55
3.34,7.81,88.2,294.6,688.8,0,67,14:37:00
3.25,8.03,88,286,706.6,0,67,14:37:05
3.08,7.6,88.1,271.3,669.6,0,67,14:37:10
3.01,9.17,87.8,264.3,805.1,0,67,14:37:15
3.04,11.4,87.5,266,997.5,0,66,14:37:20
3.02,10.11,87.7,264.9,886.6,0,65,14:37:25
2.97,13.12,87.3,259.3,1145.4,0,64,14:37:30
2.91,14.78,87,253.2,1285.9,0,63,14:37:35
2.92,15.28,86.8,253.5,1326.3,0,62,14:37:40
2.92,15.74,86.5,252.6,1361.5,0,63,14:37:45
2.91,16.21,86.6,252,1403.8,0,63,14:37:50
2.83,15.01,86.7,245.4,1301.4,0,64,14:37:55
2.74,11.95,87.2,238.9,1042,0,65,14:38:00
2.68,10.25,87.5,234.5,896.9,0,66,14:38:05
2.64,7.29,88,232.3,641.5,0,67,14:38:10
2.62,7.69,88,230.6,676.7,0,67,14:38:15
2.6,8.83,87.7,228,774.4,0,67,14:38:20
2.61,9.38,87.7,228.9,822.6,0,66,14:38:25
2.62,12.23,87.1,228.2,1065.2,0,65,14:38:30
2.63,13.66,86.9,228.5,1187.1,0,65,14:38:35
2.56,13.08,86.9,222.5,1136.7,0,65,14:38:40
2.6,11.33,87.4,227.2,990.2,0,66,14:38:45
2.58,10.3,87.4,225.5,900.2,0,66,14:38:50
2.55,9.65,87.5,223.1,844.4,0,67,14:38:55
2.53,6.95,88,222.6,611.6,0,67,14:39:00
2.53,5.69,88.2,223.1,501.9,0,68,14:39:05
2.53,3.88,88.6,224.2,343.8,0,70,14:39:10
2.5,2.31,88.9,222.3,205.4,0,71,14:39:15
2.49,0.57,89.2,222.1,50.8,0,72,14:39:20
2.48,-1.24,89.6,222.2,-111.1,0,72,14:39:25
2.47,-1.44,89.6,221.3,-129,0,73,14:39:30
2.45,-3.04,90,220.5,-273.6,0,73,14:39:35
2.46,-2.09,89.8,220.9,-187.7,0,73,14:39:40
2.48,-1.93,89.9,223,-173.5,0,73,14:39:45
2.46,-2.2,90,221.4,-198,0,73,14:39:50
2.49,-2.21,89.9,223.9,-198.7,0,73,14:39:55
2.49,-1.3,89.8,223.6,-116.7,0,73,14:40:00
2.5,-0.26,89.6,224,-23.3,0,72,14:40:05
2.53,-0.02,89.6,226.7,-1.8,0,72,14:40:10
2.71,-0.01,89.6,242.8,-0.9,0,72,14:40:15
3.22,0.64,89.5,288.2,57.3,0,72,14:40:20
4.41,0.77,89.5,394.7,68.9,0,71,14:40:25
3.74,1.72,89.3,334,153.6,0,70,14:40:30
2.93,3.49,89,260.8,310.6,0,70,14:40:35
2.85,5.01,88.7,252.8,444.4,0,69,14:40:40
2.71,5.37,88.6,240.1,475.8,0,69,14:40:45
2.47,6.22,88.4,218.3,549.8,0,68,14:40:50
2.17,6.2,88.4,191.8,548.1,0,69,14:40:55
2.11,6.25,88.4,186.5,552.5,0,68,14:41:00
2.16,7.57,88.2,190.5,667.7,0,68,14:41:05
2.36,8.9,87.9,207.4,782.3,0,67,14:41:10
2.89,11.14,87.5,252.9,974.8,0,66,14:41:15
3.07,10.52,87.7,269.2,922.6,0,65,14:41:20
3.78,11.98,87.4,330.4,1047.1,0,65,14:41:25
3.63,10.61,87.6,318,929.4,0,65,14:41:30
3.48,9.42,87.6,304.8,825.2,0,66,14:41:35
4.06,4.8,88.5,359.3,424.8,0,68,14:41:40
5.08,0.81,89.2,453.1,72.3,0,70,14:41:45
5.19,-2.55,89.8,466.1,-229,0,72,14:41:50
5.65,-3.55,90,508.5,-319.5,0,73,14:41:55
5.54,-2.77,90,498.6,-249.3,0,72,14:42:00
5.65,-1.13,89.7,506.8,-101.4,0,71,14:42:05
5.62,1.15,89.3,501.9,102.7,0,70,14:42:10
5.79,1.98,89.1,515.9,176.4,0,70,14:42:15
5.72,2.11,89.2,510.2,188.2,0,70,14:42:20
5.22,2.48,89.1,465.1,221,0,70,14:42:25
4.97,2.41,89.1,442.8,214.7,0,70,14:42:30
4.13,3.12,89,367.6,277.7,0,70,14:42:35
5.29,1.97,89.1,471.3,175.5,0,70,14:42:40
6.74,0.4,89.4,602.6,35.8,0,70,14:42:45
6.81,0.72,89.4,608.8,64.4,0,70,14:42:50
6.99,0.56,89.5,625.6,50.1,0,70,14:42:55
5.28,1.41,89.3,471.5,125.9,0,70,14:43:00
5.61,1.42,89.3,501,126.8,0,70,14:43:05
8.18,-0.22,89.6,732.9,-19.7,0,70,14:43:10
7.04,1.05,89.4,629.4,93.9,0,69,14:43:15
6.63,2.48,89.1,590.7,221,0,69,14:43:20
7.6,2.84,89,676.4,252.8,0,68,14:43:25
7.38,3.73,88.9,656.1,331.6,0,68,14:43:30
6.92,4.33,88.8,614.5,384.5,0,68,14:43:35
7.09,4.46,88.7,628.9,395.6,0,67,14:43:40
6.16,5.16,88.6,545.8,457.2,0,67,14:43:45
7.99,3.69,88.8,709.5,327.7,0,68,14:43:50
5.75,4.48,88.7,510,397.4,0,68,14:43:55
3.62,5.58,88.5,320.4,493.8,0,68,14:44:00
3.02,-9.29,91.1,275.1,-846.3,0,64,14:44:05
2.95,-2.45,90,265.5,-220.5,0,62,14:44:10
2.92,-2.43,90.1,263.1,-218.9,0,59,14:44:15
3.01,1.44,89.4,269.1,128.7,0,57,14:44:20
3.04,8.29,88.1,267.8,730.3,0,59,14:44:25
2.91,15.53,86.9,252.9,1349.6,0,62,14:44:30
2.93,12.45,87.3,255.8,1086.9,0,65,14:44:35
3,5.84,88.4,265.2,516.3,0,67,14:44:40
3,2.79,88.9,266.7,248,0,66,14:44:45
3.07,4.5,88.7,272.3,399.2,0,66,14:44:50
3.28,5.09,88.5,290.3,450.5,0,67,14:44:55
3.39,4.6,88.6,300.4,407.6,0,68,14:45:00
3.59,3.87,88.7,318.4,343.3,0,13,14:45:05
3.15,4.23,88.7,279.4,375.2,0,69,14:45:10
3.41,3.34,88.9,303.1,296.9,0,70,14:45:15
3.44,3.23,88.8,305.5,286.8,0,69,14:45:20
3.4,-3.2,90,306,-288,0,68,14:45:25
3.53,-3,90.1,318.1,-270.3,0,65,14:45:30
4,-2.24,89.9,359.6,-201.4,0,63,14:45:35
3.94,2.98,89,350.7,265.2,0,62,14:45:40
3.68,6.09,88.4,325.3,538.4,0,63,14:45:45
3.27,6.47,88.3,288.7,571.3,0,64,14:45:50
3.14,6.56,88.3,277.3,579.2,0,65,14:45:55
3.13,6.3,88.3,276.4,556.3,0,65,14:46:00
3.13,6.86,88.2,276.1,605.1,0,65,14:46:05
3.06,6.15,88.4,270.5,543.7,0,66,14:46:10
2.95,6.41,88.2,260.2,565.4,0,100,14:46:15
0,0.2,0,0,0,0,0,14:46:20
0,0.2,0,0,0,0,0,14:46:25
0,0.2,0,0,0,0,0,14:46:30
0,0.2,0,0,0,0,0,14:46:35
0,0.2,0,0,0,0,0,14:46:40
0,0.2,0,0,0,0,0,14:46:45
0,0.2,0,0,0,0,0,14:46:50
0,0.2,0,0,0,0,0,14:46:55
0,0.2,0,0,0,0,0,14:47:00
0,0.2,0,0,0,0,0,14:47:05
0,0.2,0,0,0,0,0,14:47:10
0,0.2,0,0,0,0,0,14:47:15
0,0.2,0,0,0,0,0,14:47:20
0,0.2,0,0,0,0,0,14:47:25
0,0.2,0,0,0,0,0,14:47:30
0,0.2,0,0,0,0,0,14:47:35
0,0.2,0,0,0,0,0,14:47:40
0,0.2,0,0,0,0,0,14:47:45
0,0.2,0,0,0,0,0,14:47:50
0,0.2,0,0,0,0,0,14:47:55
0,0.2,0,0,0,0,0,14:48:00
0,0.2,0,0,0,0,0,14:48:05
0,0.2,0,0,0,0,0,14:48:10
0,0.2,0,0,0,0,0,14:48:15
0,0.2,0,0,0,0,0,14:48:20
0,0.2,0,0,0,0,0,14:48:25
0,0.2,0,0,0,0,0,14:48:30
0,0.2,0,0,0,0,0,14:48:35
0,0.2,0,0,0,0,0,14:48:40
0,0.2,0,0,0,0,0,14:48:45
0,0.2,0,0,0,0,0,14:48:50
0,0.2,0,0,0,0,0,14:48:55
0,0.2,0,0,0,0,0,14:49:00
0,0.2,0,0,0,0,0,14:49:05
0,0.2,0,0,0,0,0,14:49:10
0,0.2,0,0,0,0,0,14:49:15
0,0.2,0,0,0,0,0,14:49:20
0,0.2,0,0,0,0,0,14:49:25
0,0.2,0,0,0,0,0,14:49:30
0,0.2,0,0,0,0,0,14:49:35
