Solar[A],Battery[A],Main_Volt[V],Solar_Watt[W],Battery_Watt[W],Sub_Volt[V],Speed[kmh],time
0.42,-0.17,90.6,38.1,-15.4,0,0,7:13:00
0.43,-0.17,90.6,39,-15.4,0,0,7:13:05
0.45,-0.19,90.6,40.8,-17.2,0,0,7:13:10
0.46,-0.2,90.6,41.7,-18.1,0,0,7:13:15
0.48,-0.22,90.6,43.5,-19.9,0,0,7:13:20
0.5,-0.23,90.6,45.3,-20.8,0,0,7:13:25
0.51,-0.24,90.6,46.2,-21.7,0,0,7:13:30
0.52,-0.25,90.6,47.1,-22.7,0,0,7:13:35
0.54,-0.27,90.6,48.9,-24.5,0,0,7:13:40
0.55,-0.28,90.6,49.8,-25.4,0,0,7:13:45
0.57,-0.31,90.6,51.6,-28.1,0,0,7:13:50
0.59,-0.32,90.6,53.5,-29,0,0,7:13:55
0.6,-0.32,90.6,54.4,-29,0,0,7:14:00
0.62,-0.34,90.7,56.2,-30.8,0,0,7:14:05
0.63,-0.35,90.6,57.1,-31.7,0,0,7:14:10
0.65,-0.36,90.7,59,-32.7,0,0,7:14:15
0.66,-0.38,90.7,59.9,-34.5,0,0,7:14:20
0.68,-0.4,90.7,61.7,-36.3,0,0,7:14:25
0.7,-0.41,90.7,63.5,-37.2,0,0,7:14:30
0.73,-0.44,90.7,66.2,-39.9,0,0,7:14:35
0.74,-0.45,90.7,67.1,-40.8,0,0,7:14:40
0.77,-0.48,90.7,69.8,-43.5,0,0,7:14:45
0.78,-0.49,90.7,70.7,-44.4,0,0,7:14:50
0.81,-0.51,90.7,73.5,-46.3,0,0,7:14:55
0.83,-0.53,90.7,75.3,-48.1,0,0,7:15:00
0.85,-0.55,90.8,77.2,-49.9,0,0,7:15:05
0.87,-0.57,90.8,79,-51.8,0,0,7:15:10
0.9,-0.59,90.8,81.7,-53.6,0,0,7:15:15
0.92,-0.61,90.8,83.5,-55.4,0,0,7:15:20
0.94,-0.64,90.7,85.3,-58,0,0,7:15:25
0.96,-0.65,90.8,87.2,-59,0,0,7:15:30
0.98,-0.67,90.8,89,-60.8,0,0,7:15:35
1,-0.69,90.8,90.8,-62.7,0,0,7:15:40
1.02,-0.7,90.9,92.7,-63.6,0,0,7:15:45
4.82,-4.21,92.4,445.4,-389,0,0,7:15:50
4.83,-4.21,92.4,446.3,-389,0,0,7:15:55
4.84,-4.22,92.4,447.2,-389.9,0,0,7:16:00
4.86,-4.24,92.4,449.1,-391.8,0,0,7:16:05
4.86,-4.24,92.4,449.1,-391.8,0,0,7:16:10
4.87,-4.25,92.4,450,-392.7,0,0,7:16:15
4.88,-4.26,92.4,450.9,-393.6,0,0,7:16:20
4.9,-4.27,92.4,452.8,-394.5,0,0,7:16:25
4.86,-4.23,92.4,449.1,-390.9,0,0,7:16:30
4.88,-4.26,92.4,450.9,-393.6,0,0,7:16:35
4.84,-4.23,92.4,447.2,-390.9,0,0,7:16:40
4.86,-4.24,92.4,449.1,-391.8,0,0,7:16:45
4.95,-4.32,92.4,457.4,-399.2,0,0,7:16:50
4.96,-4.34,92.5,458.8,-401.5,0,0,7:16:55
4.89,-4.26,92.4,451.8,-393.6,0,0,7:17:00
4.93,-4.3,92.4,455.5,-397.3,0,0,7:17:05
4.94,-4.31,92.4,456.5,-398.2,0,0,7:17:10
4.98,-4.35,92.5,460.7,-402.4,0,0,7:17:15
4.98,-4.35,92.4,460.2,-401.9,0,0,7:17:20
5.07,-4.43,92.5,469,-409.8,0,0,7:17:25
5.18,-4.54,92.5,479.2,-420,0,0,7:17:30
5.2,-4.56,92.5,481,-421.8,0,0,7:17:35
5.21,-4.57,92.5,481.9,-422.7,0,0,7:17:40
5.21,-4.56,92.5,481.9,-421.8,0,0,7:17:45
5.24,-4.59,92.5,484.7,-424.6,0,0,7:17:50
5.24,-4.59,92.6,485.2,-425,0,0,7:17:55
5.25,-4.6,92.6,486.2,-426,0,0,7:18:00
5.25,-4.6,92.6,486.2,-426,0,0,7:18:05
5.27,-4.62,92.7,488.5,-428.3,0,0,7:18:10
5.28,-4.63,92.7,489.5,-429.2,0,0,7:18:15
5.29,-4.65,92.7,490.4,-431.1,0,0,7:18:20
5.3,-4.65,92.7,491.3,-431.1,0,0,7:18:25
5.32,-4.66,92.7,493.2,-432,0,0,7:18:30
5.33,-4.68,92.7,494.1,-433.8,0,0,7:18:35
5.34,-4.68,92.7,495,-433.8,0,0,7:18:40
5.36,-4.69,92.7,496.9,-434.8,0,0,7:18:45
5.38,-4.71,92.7,498.7,-436.6,0,0,7:18:50
5.39,-4.72,92.7,499.7,-437.5,0,0,7:18:55
5.41,-4.75,92.7,501.5,-440.3,0,0,7:19:00
5.43,-4.77,92.7,503.4,-442.2,0,0,7:19:05
5.44,-4.79,92.7,504.3,-444,0,0,7:19:10
5.45,-4.78,92.7,505.2,-443.1,0,0,7:19:15
5.45,-4.78,92.7,505.2,-443.1,0,0,7:19:20
5.47,-4.8,92.7,507.1,-445,0,0,7:19:25
5.48,-4.81,92.7,508,-445.9,0,0,7:19:30
5.44,-4.77,92.7,504.3,-442.2,0,0,7:19:35
5.45,-4.78,92.7,505.2,-443.1,0,0,7:19:40
5.47,-4.8,92.7,507.1,-445,0,0,7:19:45
5.48,-4.82,92.8,508.5,-447.3,0,0,7:19:50
5.5,-4.83,92.7,509.9,-447.7,0,0,7:19:55
5.52,-4.85,92.7,511.7,-449.6,0,0,7:20:00
5.51,-4.84,92.7,510.8,-448.7,0,0,7:20:05
5.54,-4.86,92.8,514.1,-451,0,0,7:20:10
5.55,-4.87,92.8,515,-451.9,0,0,7:20:15
5.55,-4.87,92.8,515,-451.9,0,0,7:20:20
5.57,-4.89,92.8,516.9,-453.8,0,0,7:20:25
5.56,-4.88,92.8,516,-452.9,0,0,7:20:30
5.52,-4.85,92.8,512.3,-450.1,0,0,7:20:35
5.53,-4.85,92.8,513.2,-450.1,0,0,7:20:40
5.55,-4.87,92.8,515,-451.9,0,0,7:20:45
5.55,-4.88,92.8,515,-452.9,0,0,7:20:50
5.58,-4.9,92.8,517.8,-454.7,0,0,7:20:55
5.65,-4.97,92.8,524.3,-461.2,0,0,7:21:00
5.67,-4.98,92.8,526.2,-462.1,0,0,7:21:05
5.68,-5,92.8,527.1,-464,0,0,7:21:10
5.69,-5,92.8,528,-464,0,0,7:21:15
5.69,-5.01,92.9,528.6,-465.4,0,0,7:21:20
5.71,-5.02,92.9,530.5,-466.4,0,0,7:21:25
5.72,-5.03,92.9,531.4,-467.3,0,0,7:21:30
5.73,-5.04,92.9,532.3,-468.2,0,0,7:21:35
5.73,-5.05,92.9,532.3,-469.1,0,0,7:21:40
5.75,-5.07,92.9,534.2,-471,0,0,7:21:45
5.75,-5.07,93,534.8,-471.5,0,0,7:21:50
5.76,-5.08,92.9,535.1,-471.9,0,0,7:21:55
5.75,-5.07,93,534.8,-471.5,0,0,7:22:00
5.75,-5.07,92.9,534.2,-471,0,0,7:22:05
5.77,-5.09,92.9,536,-472.9,0,0,7:22:10
5.79,-5.1,93,538.5,-474.3,0,0,7:22:15
5.8,-5.11,92.9,538.8,-474.7,0,0,7:22:20
5.81,-5.12,93,540.3,-476.2,0,0,7:22:25
5.82,-5.13,93,541.3,-477.1,0,0,7:22:30
5.82,-5.13,93,541.3,-477.1,0,0,7:22:35
5.83,-5.14,93,542.2,-478,0,0,7:22:40
5.84,-5.15,93,543.1,-479,0,0,7:22:45
5.85,-5.16,93,544.1,-479.9,0,0,7:22:50
5.84,-5.15,93,543.1,-479,0,0,7:22:55
5.86,-5.17,93,545,-480.8,0,0,7:23:00
5.88,-5.18,93,546.8,-481.7,0,0,7:23:05
5.87,-5.17,93,545.9,-480.8,0,0,7:23:10
5.88,-5.18,93,546.8,-481.7,0,0,7:23:15
5.88,-5.19,93,546.8,-482.7,0,0,7:23:20
5.9,-5.2,93,548.7,-483.6,0,0,7:23:25
5.91,-5.2,93,549.6,-483.6,0,0,7:23:30
5.92,-5.21,93.1,551.2,-485.1,0,0,7:23:35
5.92,-5.2,93,550.6,-483.6,0,0,7:23:40
5.92,-5.22,93,550.6,-485.5,0,0,7:23:45
5.93,-5.23,93.1,552.1,-486.9,0,0,7:23:50
5.94,-5.24,93.1,553,-487.8,0,0,7:23:55
5.96,-5.25,93.1,554.9,-488.8,0,0,7:24:00
5.97,-5.27,93.1,555.8,-490.6,0,0,7:24:05
5.97,-5.27,93.1,555.8,-490.6,0,0,7:24:10
5.97,-5.27,93.1,555.8,-490.6,0,0,7:24:15
5.98,-5.27,93.1,556.7,-490.6,0,0,7:24:20
6,-5.29,93.1,558.6,-492.5,0,0,7:24:25
6.01,-5.3,93.1,559.5,-493.4,0,0,7:24:30
6.03,-5.32,93.1,561.4,-495.3,0,0,7:24:35
6.04,-5.32,93.2,562.9,-495.8,0,0,7:24:40
6.04,-5.33,93.1,562.3,-496.2,0,0,7:24:45
6.03,-5.32,93.2,562,-495.8,0,0,7:24:50
6.06,-5.36,93.1,564.2,-499,0,0,7:24:55
6.07,-5.36,93.2,565.7,-499.6,0,0,7:25:00
6.07,-5.36,93.2,565.7,-499.6,0,0,7:25:05
6.08,-5.37,93.2,566.7,-500.5,0,0,7:25:10
6.09,-5.38,93.2,567.6,-501.4,0,0,7:25:15
6.09,-5.38,93.2,567.6,-501.4,0,0,7:25:20
6.11,-5.4,93.3,570.1,-503.8,0,0,7:25:25
6.12,-5.42,93.2,570.4,-505.1,0,0,7:25:30
6.13,-5.42,93.2,571.3,-505.1,0,0,7:25:35
6.15,-5.43,93.3,573.8,-506.6,0,0,7:25:40
6.13,-5.42,93.3,571.9,-505.7,0,0,7:25:45
6.16,-5.45,93.3,574.7,-508.5,0,0,7:25:50
6.17,-5.45,93.3,575.7,-508.5,0,0,7:25:55
6.18,-5.46,93.3,576.6,-509.4,0,0,7:26:00
6.18,-5.46,93.3,576.6,-509.4,0,0,7:26:05
6.19,-5.46,93.3,577.5,-509.4,0,0,7:26:10
6.19,-5.47,93.3,577.5,-510.4,0,0,7:26:15
6.2,-5.47,93.3,578.5,-510.4,0,0,7:26:20
6.21,-5.48,93.3,579.4,-511.3,0,0,7:26:25
6.23,-5.51,93.3,581.3,-514.1,0,0,7:26:30
6.23,-5.52,93.3,581.3,-515,0,0,7:26:35
6.23,-5.51,93.3,581.3,-514.1,0,0,7:26:40
6.24,-5.52,93.3,582.2,-515,0,0,7:26:45
6.26,-5.54,93.3,584.1,-516.9,0,0,7:26:50
6.27,-5.56,93.3,585,-518.7,0,0,7:26:55
6.28,-5.56,93.3,585.9,-518.7,0,0,7:27:00
6.3,-5.57,93.3,587.8,-519.7,0,0,7:27:05
6.28,-5.55,93.3,585.9,-517.8,0,0,7:27:10
6.3,-5.57,93.3,587.8,-519.7,0,0,7:27:15
6.31,-5.58,93.3,588.7,-520.6,0,0,7:27:20
6.31,-5.59,93.4,589.4,-522.1,0,0,7:27:25
6.33,-5.6,93.3,590.6,-522.5,0,0,7:27:30
6.34,-5.61,93.4,592.2,-524,0,0,7:27:35
6.47,-5.73,93.4,604.3,-535.2,0,0,7:27:40
6.48,-5.73,93.4,605.2,-535.2,0,0,7:27:45
6.49,-5.75,93.4,606.2,-537.1,0,0,7:27:50
6.5,-5.75,93.4,607.1,-537.1,0,0,7:27:55
6.5,-5.76,93.4,607.1,-538,0,0,7:28:00
6.53,-5.78,93.4,609.9,-539.9,0,0,7:28:05
6.51,-5.77,93.4,608,-538.9,0,0,7:28:10
6.54,-5.79,93.4,610.8,-540.8,0,0,7:28:15
6.55,-5.8,93.4,611.8,-541.7,0,0,7:28:20
6.56,-5.82,93.4,612.7,-543.6,0,0,7:28:25
6.55,-5.8,93.4,611.8,-541.7,0,0,7:28:30
6.56,-5.82,93.5,613.4,-544.2,0,0,7:28:35
6.56,-5.81,93.5,613.4,-543.2,0,0,7:28:40
6.59,-5.84,93.5,616.2,-546,0,0,7:28:45
6.6,-5.85,93.5,617.1,-547,0,0,7:28:50
6.6,-5.85,93.5,617.1,-547,0,0,7:28:55
6.63,-5.88,93.5,619.9,-549.8,0,0,7:29:00
6.63,-5.88,93.5,619.9,-549.8,0,0,7:29:05
6.64,-5.89,93.6,621.5,-551.3,0,0,7:29:10
6.63,-5.88,93.6,620.6,-550.4,0,0,7:29:15
6.61,-5.86,93.6,618.7,-548.5,0,0,7:29:20
6.65,-5.9,93.6,622.4,-552.2,0,0,7:29:25
6.67,-5.91,93.6,624.3,-553.2,0,0,7:29:30
6.66,-5.91,93.6,623.4,-553.2,0,0,7:29:35
6.68,-5.91,93.6,625.2,-553.2,0,0,7:29:40
6.68,-5.92,93.6,625.2,-554.1,0,0,7:29:45
6.67,-5.91,93.6,624.3,-553.2,0,0,7:29:50
6.7,-5.94,93.6,627.1,-556,0,0,7:29:55
6.7,-5.94,93.6,627.1,-556,0,0,7:30:00
6.71,-5.95,93.6,628.1,-556.9,0,0,7:30:05
6.71,-5.95,93.6,628.1,-556.9,0,0,7:30:10
6.72,-5.97,93.6,629,-558.8,0,0,7:30:15
6.74,-5.99,93.6,630.9,-560.7,0,0,7:30:20
6.76,-6,93.6,632.7,-561.6,0,0,7:30:25
6.77,-6.01,93.6,633.7,-562.5,0,0,7:30:30
6.77,-6.01,93.6,633.7,-562.5,0,0,7:30:35
6.76,-6.01,93.6,632.7,-562.5,0,0,7:30:40
6.78,-6.01,93.6,634.6,-562.5,0,0,7:30:45
6.79,-6.02,93.6,635.5,-563.5,0,0,7:30:50
6.8,-6.03,93.7,637.2,-565,0,0,7:30:55
6.82,-6.05,93.7,639,-566.9,0,0,7:31:00
6.83,-6.06,93.7,640,-567.8,0,0,7:31:05
6.83,-6.06,93.7,640,-567.8,0,0,7:31:10
6.85,-6.07,93.7,641.8,-568.8,0,0,7:31:15
6.86,-6.09,93.7,642.8,-570.6,0,0,7:31:20
6.86,-6.09,93.7,642.8,-570.6,0,0,7:31:25
6.86,-6.09,93.7,642.8,-570.6,0,0,7:31:30
6.86,-6.09,93.7,642.8,-570.6,0,0,7:31:35
6.87,-6.09,93.7,643.7,-570.6,0,0,7:31:40
6.87,-6.1,93.7,643.7,-571.6,0,0,7:31:45
6.88,-6.11,93.7,644.7,-572.5,0,0,7:31:50
6.91,-6.13,93.7,647.5,-574.4,0,0,7:31:55
6.89,-6.12,93.7,645.6,-573.4,0,0,7:32:00
6.91,-6.14,93.7,647.5,-575.3,0,0,7:32:05
6.92,-6.16,93.8,649.1,-577.8,0,0,7:32:10
6.92,-6.15,93.8,649.1,-576.9,0,0,7:32:15
6.94,-6.16,93.8,651,-577.8,0,0,7:32:20
6.94,-6.17,93.9,651.7,-579.4,0,5,7:32:25
6.95,-6.18,93.8,651.9,-579.7,0,0,7:32:30
6.95,-6.18,93.9,652.6,-580.3,0,0,7:32:35
6.97,-6.19,93.9,654.5,-581.2,0,0,7:32:40
6.97,-6.19,93.9,654.5,-581.2,0,0,7:32:45
7,-6.22,93.9,657.3,-584.1,0,0,7:32:50
7,-6.22,93.9,657.3,-584.1,0,0,7:32:55
7.02,-6.23,93.9,659.2,-585,0,0,7:33:00
7.01,-6.23,93.9,658.2,-585,0,0,7:33:05
7.02,-6.23,93.9,659.2,-585,0,0,7:33:10
7.02,-6.23,93.9,659.2,-585,0,0,7:33:15
7.03,-6.24,93.9,660.1,-585.9,0,0,7:33:20
7.05,-6.27,93.9,662,-588.8,0,0,7:33:25
7.03,-6.25,93.9,660.1,-586.9,0,0,7:33:30
7.05,-6.27,93.9,662,-588.8,0,0,7:33:35
7.06,-6.28,93.9,662.9,-589.7,0,0,7:33:40
7.08,-6.29,93.9,664.8,-590.6,0,0,7:33:45
7.09,-6.32,93.9,665.8,-593.4,0,0,7:33:50
7.09,-6.31,93.9,665.8,-592.5,0,0,7:33:55
7.11,-6.32,93.9,667.6,-593.4,0,0,7:34:00
7.1,-6.32,93.9,666.7,-593.4,0,0,7:34:05
7.09,-6.3,93.9,665.8,-591.6,0,0,7:34:10
7.12,-6.34,93.9,668.6,-595.3,0,0,7:34:15
7.13,-6.34,93.9,669.5,-595.3,0,0,7:34:20
7.12,-6.33,93.9,668.6,-594.4,0,0,7:34:25
7.13,-6.35,94,670.2,-596.9,0,0,7:34:30
7.15,-6.36,94,672.1,-597.8,0,0,7:34:35
7.15,-6.36,94,672.1,-597.8,0,0,7:34:40
7.16,-6.37,94,673,-598.8,0,0,7:34:45
7.17,-6.37,94,674,-598.8,0,0,7:34:50
7.17,-6.38,94,674,-599.7,0,0,7:34:55
7.18,-6.39,94,674.9,-600.7,0,0,7:35:00
7.2,-6.41,94,676.8,-602.5,0,0,7:35:05
7.19,-6.4,94,675.9,-601.6,0,0,7:35:10
7.21,-6.42,94,677.7,-603.5,0,0,7:35:15
7.21,-6.42,94,677.7,-603.5,0,0,7:35:20
7.21,-6.42,94,677.7,-603.5,0,0,7:35:25
7.21,-6.41,94,677.7,-602.5,0,0,7:35:30
7.23,-6.43,94,679.6,-604.4,0,0,7:35:35
7.23,-6.44,94,679.6,-605.4,0,0,7:35:40
7.25,-6.46,94.1,682.2,-607.9,0,0,7:35:45
7.25,-6.45,94.1,682.2,-606.9,0,0,7:35:50
7.24,-6.44,94.1,681.3,-606,0,0,7:35:55
7.24,-6.45,94.1,681.3,-606.9,0,0,7:36:00
7.25,-6.46,94.2,683,-608.5,0,0,7:36:05
7.25,-6.45,94.2,683,-607.6,0,0,7:36:10
7.26,-6.47,94.2,683.9,-609.5,0,0,7:36:15
7.28,-6.48,94.2,685.8,-610.4,0,0,7:36:20
7.27,-6.48,94.2,684.8,-610.4,0,0,7:36:25
7.29,-6.49,94.2,686.7,-611.4,0,0,7:36:30
7.3,-6.49,94.2,687.7,-611.4,0,0,7:36:35
7.31,-6.51,94.2,688.6,-613.2,0,0,7:36:40
7.29,-6.49,94.2,686.7,-611.4,0,0,7:36:45
7.33,-6.53,94.2,690.5,-615.1,0,0,7:36:50
7.32,-6.52,94.2,689.5,-614.2,0,0,7:36:55
7.32,-6.52,94.2,689.5,-614.2,0,0,7:37:00
7.34,-6.53,94.2,691.4,-615.1,0,0,7:37:05
7.35,-6.55,94.2,692.4,-617,0,0,7:37:10
7.34,-6.54,94.2,691.4,-616.1,0,0,7:37:15
7.36,-6.56,94.2,693.3,-618,0,0,7:37:20
7.38,-6.57,94.2,695.2,-618.9,0,0,7:37:25
7.39,-6.58,94.2,696.1,-619.8,0,0,7:37:30
7.39,-6.58,94.2,696.1,-619.8,0,0,7:37:35
7.39,-6.58,94.2,696.1,-619.8,0,0,7:37:40
7.4,-6.59,94.2,697.1,-620.8,0,0,7:37:45
7.39,-6.58,94.2,696.1,-619.8,0,0,7:37:50
7.39,-6.58,94.3,696.9,-620.5,0,0,7:37:55
7.4,-6.58,94.2,697.1,-619.8,0,0,7:38:00
7.41,-6.61,94.3,698.8,-623.3,0,0,7:38:05
7.42,-6.61,94.3,699.7,-623.3,0,0,7:38:10
7.43,-6.62,94.2,699.9,-623.6,0,0,7:38:15
7.43,-6.63,94.3,700.6,-625.2,0,0,7:38:20
7.44,-6.63,94.3,701.6,-625.2,0,0,7:38:25
7.43,-6.62,94.3,700.6,-624.3,0,0,7:38:30
7.43,-6.63,94.3,700.6,-625.2,0,0,7:38:35
7.43,-6.62,94.3,700.6,-624.3,0,0,7:38:40
7.44,-6.63,94.3,701.6,-625.2,0,0,7:38:45
7.45,-6.64,94.3,702.5,-626.2,0,0,7:38:50
7.47,-6.65,94.3,704.4,-627.1,0,0,7:38:55
7.47,-6.65,94.3,704.4,-627.1,0,0,7:39:00
7.47,-6.66,94.4,705.2,-628.7,0,0,7:39:05
7.48,-6.67,94.4,706.1,-629.6,0,0,7:39:10
7.48,-6.67,94.4,706.1,-629.6,0,0,7:39:15
7.49,-6.67,94.5,707.8,-630.3,0,0,7:39:20
7.51,-6.7,94.5,709.7,-633.2,0,0,7:39:25
7.49,-6.68,94.4,707.1,-630.6,0,0,7:39:30
7.5,-6.68,94.5,708.8,-631.3,0,0,7:39:35
7.5,-6.69,94.5,708.8,-632.2,0,0,7:39:40
7.52,-6.7,94.5,710.6,-633.2,0,0,7:39:45
7.5,-6.69,94.5,708.8,-632.2,0,0,7:39:50
7.53,-6.71,94.5,711.6,-634.1,0,0,7:39:55
7.51,-6.69,94.5,709.7,-632.2,0,0,7:40:00
7.53,-6.72,94.5,711.6,-635,0,0,7:40:05
7.53,-6.72,94.5,711.6,-635,0,0,7:40:10
7.55,-6.74,94.5,713.5,-636.9,0,0,7:40:15
7.55,-6.74,94.5,713.5,-636.9,0,0,7:40:20
7.56,-6.75,94.5,714.4,-637.9,0,0,7:40:25
7.56,-6.75,94.5,714.4,-637.9,0,0,7:40:30
7.57,-6.75,94.5,715.4,-637.9,0,0,7:40:35
7.59,-6.76,94.5,717.3,-638.8,0,0,7:40:40
7.58,-6.76,94.5,716.3,-638.8,0,0,7:40:45
7.58,-6.75,94.5,716.3,-637.9,0,0,7:40:50
7.59,-6.76,94.5,717.3,-638.8,0,0,7:40:55
7.58,-6.76,94.5,716.3,-638.8,0,0,7:41:00
7.6,-6.77,94.5,718.2,-639.8,0,0,7:41:05
7.6,-6.78,94.5,718.2,-640.7,0,0,7:41:10
7.62,-6.8,94.5,720.1,-642.6,0,0,7:41:15
7.62,-6.8,94.5,720.1,-642.6,0,0,7:41:20
7.62,-6.79,94.5,720.1,-641.7,0,0,7:41:25
7.62,-6.81,94.5,720.1,-643.5,0,0,7:41:30
7.59,-6.77,94.5,717.3,-639.8,0,0,7:41:35
7.61,-6.79,94.5,719.1,-641.7,0,0,7:41:40
7.62,-6.8,94.6,720.9,-643.3,0,0,7:41:45
7.63,-6.8,94.6,721.8,-643.3,0,0,7:41:50
7.64,-6.81,94.6,722.7,-644.2,0,0,7:41:55
7.63,-6.81,94.6,721.8,-644.2,0,0,7:42:00
7.65,-6.82,94.6,723.7,-645.2,0,0,7:42:05
7.66,-6.84,94.5,723.9,-646.4,0,0,7:42:10
7.65,-6.82,94.6,723.7,-645.2,0,0,7:42:15
7.66,-6.83,94.6,724.6,-646.1,0,0,7:42:20
7.66,-6.83,94.6,724.6,-646.1,0,0,7:42:25
7.67,-6.84,94.6,725.6,-647.1,0,0,7:42:30
7.68,-6.85,94.6,726.5,-648,0,0,7:42:35
7.67,-6.84,94.6,725.6,-647.1,0,5,7:42:40
7.69,-6.87,94.6,727.5,-649.9,0,5,7:42:45
7.69,-6.87,94.6,727.5,-649.9,0,4,7:42:50
7.7,-6.87,94.6,728.4,-649.9,0,4,7:42:55
7.72,-6.89,94.7,731.1,-652.5,0,4,7:43:00
7.72,-6.89,94.7,731.1,-652.5,0,4,7:43:05
7.73,-6.9,94.6,731.3,-652.7,0,4,7:43:10
7.73,-6.9,94.7,732,-653.4,0,3,7:43:15
7.68,-6.85,94.6,726.5,-648,0,3,7:43:20
7.72,-6.9,94.7,731.1,-653.4,0,3,7:43:25
7.74,-6.91,94.7,733,-654.4,0,3,7:43:30
7.74,-6.91,94.7,733,-654.4,0,3,7:43:35
7.73,-6.9,94.8,732.8,-654.1,0,3,7:43:40
7.75,-6.92,94.8,734.7,-656,0,2,7:43:45
7.76,-6.92,94.8,735.6,-656,0,2,7:43:50
7.76,-6.92,94.8,735.6,-656,0,2,7:43:55
7.77,-6.94,94.8,736.6,-657.9,0,0,7:44:00
7.76,-6.94,94.8,735.6,-657.9,0,0,7:44:05
7.78,-6.94,94.8,737.5,-657.9,0,0,7:44:10
7.78,-6.94,94.8,737.5,-657.9,0,0,7:44:15
7.8,-6.96,94.8,739.4,-659.8,0,0,7:44:20
7.79,-6.95,94.8,738.5,-658.9,0,0,7:44:25
7.8,-6.96,94.8,739.4,-659.8,0,0,7:44:30
7.81,-6.97,94.8,740.4,-660.8,0,0,7:44:35
7.82,-6.97,94.8,741.3,-660.8,0,0,7:44:40
7.83,-6.99,94.8,742.3,-662.7,0,0,7:44:45
7.83,-6.99,94.9,743.1,-663.4,0,0,7:44:50
7.83,-6.99,94.9,743.1,-663.4,0,0,7:44:55
7.83,-6.98,94.9,743.1,-662.4,0,0,7:45:00
7.84,-6.99,94.9,744,-663.4,0,0,7:45:05
7.85,-7,94.9,745,-664.3,0,0,7:45:10
7.86,-7.03,95,746.7,-667.9,0,0,7:45:15
7.87,-7.03,94.9,746.9,-667.1,0,0,7:45:20
7.87,-7.03,94.9,746.9,-667.1,0,0,7:45:25
7.87,-7.04,95,747.7,-668.8,0,0,7:45:30
7.86,-7.02,95,746.7,-666.9,0,0,7:45:35
7.88,-7.05,95,748.6,-669.8,0,0,7:45:40
7.89,-7.05,95,749.6,-669.8,0,0,7:45:45
7.9,-7.07,95,750.5,-671.7,0,0,7:45:50
7.9,-7.06,95,750.5,-670.7,0,0,7:45:55
7.9,-7.06,95,750.5,-670.7,0,0,7:46:00
7.89,-7.06,95,749.6,-670.7,0,0,7:46:05
7.91,-7.07,95,751.5,-671.7,0,0,7:46:10
7.92,-7.08,95,752.4,-672.6,0,0,7:46:15
7.93,-7.09,95,753.4,-673.6,0,0,7:46:20
7.94,-7.1,95,754.3,-674.5,0,0,7:46:25
7.93,-7.09,95,753.4,-673.6,0,0,7:46:30
7.95,-7.1,95,755.3,-674.5,0,0,7:46:35
7.95,-7.11,95,755.3,-675.5,0,0,7:46:40
7.94,-7.1,95,754.3,-674.5,0,0,7:46:45
7.96,-7.1,95,756.2,-674.5,0,0,7:46:50
7.96,-7.1,95,756.2,-674.5,0,0,7:46:55
7.97,-7.12,95,757.2,-676.4,0,0,7:47:00
7.96,-7.11,95.1,757,-676.2,0,0,7:47:05
7.98,-7.13,95.1,758.9,-678.1,0,0,7:47:10
7.97,-7.13,95.1,757.9,-678.1,0,0,7:47:15
7.98,-7.14,95.1,758.9,-679,0,0,7:47:20
7.98,-7.13,95.1,758.9,-678.1,0,0,7:47:25
8,-7.15,95.1,760.8,-680,0,0,7:47:30
7.97,-7.12,95.1,757.9,-677.1,0,0,7:47:35
8,-7.15,95.1,760.8,-680,0,0,7:47:40
8,-7.16,95.1,760.8,-680.9,0,0,7:47:45
8.02,-7.17,95.1,762.7,-681.9,0,0,7:47:50
7.98,-7.13,95.1,758.9,-678.1,0,0,7:47:55
8,-7.15,95.1,760.8,-680,0,0,7:48:00
8.03,-7.18,95.1,763.7,-682.8,0,0,7:48:05
8.01,-7.17,95.1,761.8,-681.9,0,0,7:48:10
8.01,-7.16,95.1,761.8,-680.9,0,0,7:48:15
8.02,-7.17,95.2,763.5,-682.6,0,0,7:48:20
8.03,-7.18,95.2,764.5,-683.5,0,0,7:48:25
8.02,-7.17,95.2,763.5,-682.6,0,0,7:48:30
8.01,-7.17,95.2,762.6,-682.6,0,0,7:48:35
8.02,-7.17,95.2,763.5,-682.6,0,0,7:48:40
8.05,-7.19,95.2,766.4,-684.5,0,0,7:48:45
8.04,-7.19,95.3,766.2,-685.2,0,0,7:48:50
8.05,-7.19,95.2,766.4,-684.5,0,0,7:48:55
8.07,-7.21,95.3,769.1,-687.1,0,0,7:49:00
8.06,-7.22,95.3,768.1,-688.1,0,0,7:49:05
8.05,-7.2,95.2,766.4,-685.4,0,0,7:49:10
8.06,-7.2,95.3,768.1,-686.2,0,0,7:49:15
8.06,-7.2,95.2,767.3,-685.4,0,0,7:49:20
8.06,-7.21,95.3,768.1,-687.1,0,0,7:49:25
8.06,-7.21,95.3,768.1,-687.1,0,0,7:49:30
8.08,-7.23,95.3,770,-689,0,0,7:49:35
8.08,-7.23,95.3,770,-689,0,0,7:49:40
8.09,-7.23,95.3,771,-689,0,0,7:49:45
8.08,-7.23,95.3,770,-689,0,0,7:49:50
8.09,-7.23,95.3,771,-689,0,0,7:49:55
8.09,-7.24,95.3,771,-690,0,0,7:50:00
8.11,-7.25,95.3,772.9,-690.9,0,0,7:50:05
8.09,-7.23,95.3,771,-689,0,0,7:50:10
8.1,-7.24,95.3,771.9,-690,0,0,7:50:15
8.1,-7.24,95.3,771.9,-690,0,0,7:50:20
8.11,-7.26,95.3,772.9,-691.9,0,0,7:50:25
8.13,-7.26,95.3,774.8,-691.9,0,0,7:50:30
8.14,-7.28,95.3,775.7,-693.8,0,0,7:50:35
8.14,-7.28,95.4,776.6,-694.5,0,0,7:50:40
8.14,-7.27,95.4,776.6,-693.6,0,0,7:50:45
8.15,-7.28,95.4,777.5,-694.5,0,0,7:50:50
8.14,-7.28,95.4,776.6,-694.5,0,0,7:50:55
8.14,-7.28,95.4,776.6,-694.5,0,0,7:51:00
8.14,-7.28,95.4,776.6,-694.5,0,0,7:51:05
8.15,-7.29,95.4,777.5,-695.5,0,0,7:51:10
8.16,-7.3,95.4,778.5,-696.4,0,0,7:51:15
8.16,-7.29,95.4,778.5,-695.5,0,0,7:51:20
8.17,-7.31,95.4,779.4,-697.4,0,0,7:51:25
8.18,-7.31,95.4,780.4,-697.4,0,0,7:51:30
8.18,-7.33,95.4,780.4,-699.3,0,0,7:51:35
8.17,-7.32,95.4,779.4,-698.3,0,0,7:51:40
8.19,-7.33,95.4,781.3,-699.3,0,0,7:51:45
8.2,-7.33,95.4,782.3,-699.3,0,0,7:51:50
8.18,-7.33,95.4,780.4,-699.3,0,0,7:51:55
8.3,-7.43,95.5,792.7,-709.6,0,0,7:52:00
8.2,-7.34,95.5,783.1,-701,0,0,7:52:05
8.21,-7.34,95.5,784.1,-701,0,0,7:52:10
8.21,-7.35,95.5,784.1,-701.9,0,0,7:52:15
8.21,-7.35,95.5,784.1,-701.9,0,0,7:52:20
8.22,-7.37,95.6,785.8,-704.6,0,0,7:52:25
8.23,-7.36,95.6,786.8,-703.6,0,0,7:52:30
8.23,-7.36,95.5,786,-702.9,0,0,7:52:35
8.23,-7.36,95.6,786.8,-703.6,0,0,7:52:40
8.24,-7.36,95.6,787.7,-703.6,0,0,7:52:45
8.25,-7.38,95.6,788.7,-705.5,0,0,7:52:50
8.22,-7.36,95.6,785.8,-703.6,0,0,7:52:55
8.26,-7.39,95.6,789.7,-706.5,0,0,7:53:00
8.26,-7.39,95.6,789.7,-706.5,0,0,7:53:05
8.26,-7.39,95.6,789.7,-706.5,0,0,7:53:10
8.25,-7.38,95.6,788.7,-705.5,0,0,7:53:15
8.25,-7.39,95.6,788.7,-706.5,0,0,7:53:20
8.31,-7.44,95.6,794.4,-711.3,0,0,7:53:25
8.35,-7.48,95.6,798.3,-715.1,0,0,7:53:30
8.27,-7.39,95.6,790.6,-706.5,0,0,7:53:35
8.28,-7.41,95.6,791.6,-708.4,0,0,7:53:40
8.28,-7.41,95.6,791.6,-708.4,0,0,7:53:45
8.28,-7.41,95.6,791.6,-708.4,0,0,7:53:50
8.28,-7.41,95.6,791.6,-708.4,0,0,7:53:55
8.3,-7.42,95.7,794.3,-710.1,0,0,7:54:00
8.3,-7.42,95.7,794.3,-710.1,0,0,7:54:05
8.3,-7.42,95.7,794.3,-710.1,0,0,7:54:10
8.31,-7.43,95.7,795.3,-711.1,0,0,7:54:15
8.3,-7.42,95.7,794.3,-710.1,0,0,7:54:20
8.39,-7.51,95.7,802.9,-718.7,0,0,7:54:25
8.31,-7.43,95.7,795.3,-711.1,0,0,7:54:30
8.33,-7.44,95.7,797.2,-712,0,0,7:54:35
8.33,-7.45,95.7,797.2,-713,0,0,7:54:40
8.32,-7.44,95.7,796.2,-712,0,0,7:54:45
8.33,-7.45,95.7,797.2,-713,0,0,7:54:50
8.34,-7.45,95.7,798.1,-713,0,0,7:54:55
8.51,-7.61,95.7,814.4,-728.3,0,0,7:55:00
8.52,-7.62,95.7,815.4,-729.2,0,0,7:55:05
8.33,-7.45,95.7,797.2,-713,0,0,7:55:10
8.37,-7.5,95.8,801.8,-718.5,0,0,7:55:15
8.48,-7.6,95.7,811.5,-727.3,0,0,7:55:20
8.78,-7.87,95.9,842,-754.7,0,0,7:55:25
8.78,-7.86,95.9,842,-753.8,0,0,7:55:30
8.79,-7.87,95.9,843,-754.7,0,0,7:55:35
8.79,-7.87,95.9,843,-754.7,0,0,7:55:40
8.8,-7.88,95.9,843.9,-755.7,0,0,7:55:45
8.8,-7.88,95.9,843.9,-755.7,0,0,7:55:50
8.8,-7.88,95.9,843.9,-755.7,0,0,7:55:55
8.79,-7.88,95.9,843,-755.7,0,0,7:56:00
8.8,-7.88,95.9,843.9,-755.7,0,0,7:56:05
8.81,-7.89,95.9,844.9,-756.7,0,0,7:56:10
8.81,-7.89,95.9,844.9,-756.7,0,0,7:56:15
8.83,-7.92,95.9,846.8,-759.5,0,0,7:56:20
8.83,-7.94,95.9,846.8,-761.4,0,0,7:56:25
8.83,-7.93,95.9,846.8,-760.5,0,0,7:56:30
8.83,-7.92,95.9,846.8,-759.5,0,0,7:56:35
8.83,-7.91,95.9,846.8,-758.6,0,0,7:56:40
8.84,-7.92,96,848.6,-760.3,0,0,7:56:45
8.83,-7.92,96,847.7,-760.3,0,0,7:56:50
8.84,-7.92,96,848.6,-760.3,0,0,7:56:55
8.86,-7.94,95.9,849.7,-761.4,0,0,7:57:00
8.86,-7.93,96,850.6,-761.3,0,0,7:57:05
8.87,-7.95,96,851.5,-763.2,0,0,7:57:10
8.86,-7.95,96,850.6,-763.2,0,0,7:57:15
8.86,-7.93,96,850.6,-761.3,0,0,7:57:20
8.86,-7.93,96,850.6,-761.3,0,0,7:57:25
8.86,-7.94,96,850.6,-762.2,0,0,7:57:30
8.87,-7.95,96,851.5,-763.2,0,0,7:57:35
8.87,-7.95,96,851.5,-763.2,0,0,7:57:40
8.87,-7.95,96,851.5,-763.2,0,0,7:57:45
8.88,-7.97,96.1,853.4,-765.9,0,0,7:57:50
8.88,-7.97,96.1,853.4,-765.9,0,0,7:57:55
8.89,-7.97,96.1,854.3,-765.9,0,0,7:58:00
8.88,-7.97,96.1,853.4,-765.9,0,0,7:58:05
8.88,-7.96,96.1,853.4,-765,0,0,7:58:10
8.9,-7.98,96.1,855.3,-766.9,0,0,7:58:15
8.89,-7.97,96.1,854.3,-765.9,0,0,7:58:20
8.89,-7.97,96.1,854.3,-765.9,0,0,7:58:25
8.9,-7.99,96.1,855.3,-767.8,0,0,7:58:30
8.9,-7.98,96.1,855.3,-766.9,0,0,7:58:35
8.91,-7.98,96.2,857.1,-767.7,0,0,7:58:40
8.92,-8,96.2,858.1,-769.6,0,0,7:58:45
8.91,-7.99,96.2,857.1,-768.6,0,0,7:58:50
8.92,-8,96.2,858.1,-769.6,0,0,7:58:55
8.92,-8,96.2,858.1,-769.6,0,0,7:59:00
8.92,-8,96.2,858.1,-769.6,0,0,7:59:05
8.93,-8,96.2,859.1,-769.6,0,0,7:59:10
8.93,-8.01,96.2,859.1,-770.6,0,0,7:59:15
8.94,-8.01,96.2,860,-770.6,0,0,7:59:20
8.94,-8.01,96.2,860,-770.6,0,0,7:59:25
8.94,-8.02,96.2,860,-771.5,0,0,7:59:30
8.93,-8.01,96.2,859.1,-770.6,0,0,7:59:35
8.95,-8.02,96.2,861,-771.5,0,0,7:59:40
8.94,-8.01,96.2,860,-770.6,0,0,7:59:45
8.95,-8.02,96.2,861,-771.5,0,0,7:59:50
8.96,-8.05,96.2,862,-774.4,0,0,7:59:55
8.97,-8.06,96.2,862.9,-775.4,0,0,8:00:00
8.97,-8.05,96.2,862.9,-774.4,0,0,8:00:05
8.96,-8.05,96.2,862,-774.4,0,0,8:00:10
8.96,-8.05,96.3,862.8,-775.2,0,0,8:00:15
8.96,-8.04,96.3,862.8,-774.3,0,0,8:00:20
8.99,-8.07,96.3,865.7,-777.1,0,0,8:00:25
8.97,-8.07,96.3,863.8,-777.1,0,0,8:00:30
8.99,-8.07,96.3,865.7,-777.1,0,0,8:00:35
9,-8.08,96.3,866.7,-778.1,0,0,8:00:40
9,-8.08,96.3,866.7,-778.1,0,0,8:00:45
8.99,-8.06,96.3,865.7,-776.2,0,0,8:00:50
9,-8.08,96.3,866.7,-778.1,0,0,8:00:55
8.98,-8.07,96.3,864.8,-777.1,0,0,8:01:00
9,-8.08,96.3,866.7,-778.1,0,0,8:01:05
8.99,-8.06,96.3,865.7,-776.2,0,0,8:01:10
9,-8.08,96.3,866.7,-778.1,0,0,8:01:15
9.01,-8.09,96.3,867.7,-779.1,0,0,8:01:20
9.02,-8.09,96.3,868.6,-779.1,0,0,8:01:25
9.01,-8.09,96.4,868.6,-779.9,0,0,8:01:30
9.01,-8.1,96.4,868.6,-780.8,0,0,8:01:35
9.03,-8.1,96.4,870.5,-780.8,0,0,8:01:40
9.02,-8.1,96.4,869.5,-780.8,0,0,8:01:45
9.04,-8.12,96.4,871.5,-782.8,0,0,8:01:50
9.03,-8.11,96.5,871.4,-782.6,0,0,8:01:55
9.04,-8.11,96.5,872.4,-782.6,0,0,8:02:00
9.03,-8.11,96.4,870.5,-781.8,0,0,8:02:05
9.04,-8.11,96.5,872.4,-782.6,0,0,8:02:10
9.05,-8.11,96.5,873.3,-782.6,0,0,8:02:15
9.05,-8.12,96.5,873.3,-783.6,0,0,8:02:20
9.05,-8.12,96.5,873.3,-783.6,0,0,8:02:25
9.05,-8.12,96.5,873.3,-783.6,0,0,8:02:30
9.06,-8.13,96.5,874.3,-784.5,0,0,8:02:35
9.05,-8.13,96.5,873.3,-784.5,0,0,8:02:40
9.05,-8.13,96.5,873.3,-784.5,0,0,8:02:45
9.07,-8.15,96.5,875.3,-786.5,0,0,8:02:50
9.07,-8.15,96.5,875.3,-786.5,0,0,8:02:55
9.07,-8.14,96.5,875.3,-785.5,0,0,8:03:00
9.07,-8.14,96.5,875.3,-785.5,0,0,8:03:05
9.08,-8.16,96.5,876.2,-787.4,0,0,8:03:10
9.08,-8.15,96.5,876.2,-786.5,0,0,8:03:15
9.07,-8.14,96.5,875.3,-785.5,0,0,8:03:20
9.08,-8.16,96.5,876.2,-787.4,0,0,8:03:25
9.1,-8.17,96.5,878.2,-788.4,0,0,8:03:30
9.09,-8.16,96.5,877.2,-787.4,0,0,8:03:35
9.09,-8.16,96.5,877.2,-787.4,0,0,8:03:40
9.08,-8.15,96.6,877.1,-787.3,0,0,8:03:45
9.08,-8.16,96.6,877.1,-788.3,0,0,8:03:50
9.1,-8.17,96.6,879.1,-789.2,0,0,8:03:55
9.1,-8.16,96.6,879.1,-788.3,0,0,8:04:00
9.1,-8.17,96.6,879.1,-789.2,0,0,8:04:05
9.09,-8.16,96.6,878.1,-788.3,0,0,8:04:10
9.1,-8.17,96.6,879.1,-789.2,0,0,8:04:15
9.09,-8.15,96.6,878.1,-787.3,0,0,8:04:20
9.09,-8.16,96.6,878.1,-788.3,0,0,8:04:25
9.09,-8.16,96.6,878.1,-788.3,0,0,8:04:30
9.1,-8.16,96.6,879.1,-788.3,0,0,8:04:35
9.1,-8.16,96.6,879.1,-788.3,0,0,8:04:40
9.1,-8.17,96.6,879.1,-789.2,0,0,8:04:45
9.11,-8.17,96.6,880,-789.2,0,0,8:04:50
9.12,-8.19,96.7,881.9,-792,0,0,8:04:55
9.12,-8.19,96.6,881,-791.2,0,0,8:05:00
9.12,-8.18,96.6,881,-790.2,0,0,8:05:05
9.12,-8.19,96.7,881.9,-792,0,0,8:05:10
9.12,-8.19,96.7,881.9,-792,0,0,8:05:15
9.14,-8.2,96.7,883.8,-792.9,0,0,8:05:20
9.14,-8.2,96.8,884.8,-793.8,0,0,8:05:25
9.14,-8.2,96.8,884.8,-793.8,0,0,8:05:30
9.14,-8.22,96.7,883.8,-794.9,0,0,8:05:35
9.13,-8.19,96.7,882.9,-792,0,0,8:05:40
9.14,-8.22,96.8,884.8,-795.7,0,0,8:05:45
9.13,-8.19,96.8,883.8,-792.8,0,0,8:05:50
9.14,-8.21,96.8,884.8,-794.7,0,0,8:05:55
9.15,-8.22,96.8,885.7,-795.7,0,0,8:06:00
9.15,-8.21,96.7,884.8,-793.9,0,0,8:06:05
9.14,-8.21,96.8,884.8,-794.7,0,0,8:06:10
9.15,-8.22,96.8,885.7,-795.7,0,0,8:06:15
9.15,-8.23,96.8,885.7,-796.7,0,0,8:06:20
9.14,-8.21,96.8,884.8,-794.7,0,0,8:06:25
9.15,-8.23,96.8,885.7,-796.7,0,0,8:06:30
9.15,-8.22,96.8,885.7,-795.7,0,0,8:06:35
9.15,-8.22,96.8,885.7,-795.7,0,0,8:06:40
9.15,-8.23,96.8,885.7,-796.7,0,0,8:06:45
9.15,-8.22,96.8,885.7,-795.7,0,0,8:06:50
9.16,-8.23,96.8,886.7,-796.7,0,0,8:06:55
9.16,-8.23,96.8,886.7,-796.7,0,0,8:07:00
9.17,-8.23,96.8,887.7,-796.7,0,0,8:07:05
9.17,-8.24,96.8,887.7,-797.6,0,0,8:07:10
9.16,-8.23,96.8,886.7,-796.7,0,0,8:07:15
9.17,-8.24,96.8,887.7,-797.6,0,0,8:07:20
9.18,-8.25,96.9,889.5,-799.4,0,0,8:07:25
9.18,-8.25,96.9,889.5,-799.4,0,0,8:07:30
9.17,-8.24,96.9,888.6,-798.5,0,0,8:07:35
9.19,-8.25,96.9,890.5,-799.4,0,0,8:07:40
9.19,-8.26,96.8,889.6,-799.6,0,0,8:07:45
9.2,-8.26,96.9,891.5,-800.4,0,0,8:07:50
9.19,-8.26,96.9,890.5,-800.4,0,0,8:07:55
9.2,-8.26,96.9,891.5,-800.4,0,0,8:08:00
9.2,-8.26,96.9,891.5,-800.4,0,0,8:08:05
9.2,-8.27,96.9,891.5,-801.4,0,0,8:08:10
9.21,-8.27,96.9,892.4,-801.4,0,0,8:08:15
9.21,-8.27,96.9,892.4,-801.4,0,0,8:08:20
9.21,-8.28,96.9,892.4,-802.3,0,0,8:08:25
9.21,-8.28,96.9,892.4,-802.3,0,0,8:08:30
9.21,-8.27,96.9,892.4,-801.4,0,0,8:08:35
9.22,-8.28,96.9,893.4,-802.3,0,0,8:08:40
9.22,-8.29,97,894.3,-804.1,0,0,8:08:45
9.21,-8.27,96.9,892.4,-801.4,0,0,8:08:50
9.22,-8.28,97,894.3,-803.2,0,0,8:08:55
9.21,-8.28,96.9,892.4,-802.3,0,0,8:09:00
9.22,-8.28,97,894.3,-803.2,0,0,8:09:05
9.22,-8.28,97,894.3,-803.2,0,0,8:09:10
9.22,-8.28,97,894.3,-803.2,0,0,8:09:15
9.22,-8.28,97,894.3,-803.2,0,0,8:09:20
9.22,-8.28,97.1,895.3,-804,0,0,8:09:25
9.22,-8.28,97.1,895.3,-804,0,0,8:09:30
9.22,-8.29,97.1,895.3,-805,0,0,8:09:35
9.22,-8.28,97.1,895.3,-804,0,0,8:09:40
9.22,-8.28,97.1,895.3,-804,0,0,8:09:45
9.23,-8.28,97.1,896.2,-804,0,0,8:09:50
9.23,-8.29,97.1,896.2,-805,0,0,8:09:55
9.24,-8.29,97.1,897.2,-805,0,0,8:10:00
9.23,-8.29,97.1,896.2,-805,0,0,8:10:05
9.23,-8.28,97.1,896.2,-804,0,0,8:10:10
9.24,-8.29,97.1,897.2,-805,0,0,8:10:15
9.24,-8.29,97.1,897.2,-805,0,0,8:10:20
9.25,-8.29,97.1,898.2,-805,0,0,8:10:25
9.25,-8.29,97.1,898.2,-805,0,0,8:10:30
9.25,-8.3,97.1,898.2,-805.9,0,0,8:10:35
9.25,-8.3,97.1,898.2,-805.9,0,0,8:10:40
9.25,-8.31,97.1,898.2,-806.9,0,0,8:10:45
9.26,-8.32,97.1,899.1,-807.9,0,0,8:10:50
9.26,-8.32,97.1,899.1,-807.9,0,0,8:10:55
9.26,-8.31,97.1,899.1,-806.9,0,0,8:11:00
9.26,-8.31,97.1,899.1,-806.9,0,0,8:11:05
9.26,-8.31,97.2,900.1,-807.7,0,0,8:11:10
9.26,-8.33,97.2,900.1,-809.7,0,0,8:11:15
9.27,-8.32,97.1,900.1,-807.9,0,0,8:11:20
9.27,-8.32,97.2,901,-808.7,0,0,8:11:25
9.28,-8.34,97.2,902,-810.6,0,0,8:11:30
9.28,-8.34,97.2,902,-810.6,0,0,8:11:35
9.28,-8.35,97.2,902,-811.6,0,0,8:11:40
9.28,-8.34,97.2,902,-810.6,0,0,8:11:45
9.28,-8.33,97.2,902,-809.7,0,0,8:11:50
9.28,-8.33,97.2,902,-809.7,0,0,8:11:55
9.29,-8.35,97.2,903,-811.6,0,0,8:12:00
9.28,-8.34,97.2,902,-810.6,0,0,8:12:05
9.29,-8.35,97.2,903,-811.6,0,0,8:12:10
9.29,-8.35,97.2,903,-811.6,0,0,8:12:15
9.3,-8.36,97.2,904,-812.6,0,0,8:12:20
9.3,-8.37,97.2,904,-813.6,0,0,8:12:25
9.31,-8.37,97.3,905.9,-814.4,0,0,8:12:30
9.31,-8.37,97.3,905.9,-814.4,0,0,8:12:35
9.31,-8.37,97.2,904.9,-813.6,0,0,8:12:40
9.31,-8.38,97.3,905.9,-815.4,0,0,8:12:45
9.32,-8.38,97.3,906.8,-815.4,0,0,8:12:50
9.31,-8.37,97.3,905.9,-814.4,0,0,8:12:55
9.32,-8.38,97.3,906.8,-815.4,0,0,8:13:00
9.31,-8.37,97.4,906.8,-815.2,0,0,8:13:05
9.31,-8.38,97.3,905.9,-815.4,0,0,8:13:10
9.31,-8.38,97.4,906.8,-816.2,0,0,8:13:15
9.32,-8.38,97.4,907.8,-816.2,0,0,8:13:20
9.31,-8.38,97.4,906.8,-816.2,0,0,8:13:25
9.32,-8.38,97.4,907.8,-816.2,0,0,8:13:30
9.32,-8.39,97.4,907.8,-817.2,0,0,8:13:35
9.32,-8.38,97.4,907.8,-816.2,0,0,8:13:40
9.32,-8.39,97.4,907.8,-817.2,0,0,8:13:45
9.33,-8.39,97.4,908.7,-817.2,0,0,8:13:50
9.34,-8.39,97.4,909.7,-817.2,0,0,8:13:55
9.33,-8.39,97.4,908.7,-817.2,0,0,8:14:00
9.34,-8.39,97.4,909.7,-817.2,0,0,8:14:05
9.35,-8.4,97.4,910.7,-818.2,0,0,8:14:10
9.34,-8.39,97.4,909.7,-817.2,0,0,8:14:15
9.32,-8.38,97.4,907.8,-816.2,0,0,8:14:20
9.31,-8.38,97.4,906.8,-816.2,0,0,8:14:25
9.33,-8.39,97.4,908.7,-817.2,0,0,8:14:30
9.33,-8.39,97.4,908.7,-817.2,0,0,8:14:35
9.34,-8.4,97.4,909.7,-818.2,0,0,8:14:40
9.35,-8.41,97.4,910.7,-819.1,0,0,8:14:45
9.35,-8.41,97.4,910.7,-819.1,0,0,8:14:50
9.35,-8.4,97.4,910.7,-818.2,0,0,8:14:55
9.36,-8.42,97.4,911.7,-820.1,0,0,8:15:00
9.35,-8.41,97.4,910.7,-819.1,0,0,8:15:05
9.36,-8.42,97.4,911.7,-820.1,0,0,8:15:10
9.35,-8.41,97.5,911.6,-820,0,0,8:15:15
9.35,-8.41,97.5,911.6,-820,0,0,8:15:20
9.36,-8.42,97.5,912.6,-821,0,0,8:15:25
9.36,-8.42,97.5,912.6,-821,0,0,8:15:30
9.36,-8.42,97.4,911.7,-820.1,0,0,8:15:35
9.37,-8.42,97.5,913.6,-821,0,0,8:15:40
9.38,-8.43,97.5,914.6,-821.9,0,0,8:15:45
9.36,-8.42,97.5,912.6,-821,0,0,8:15:50
9.37,-8.42,97.5,913.6,-821,0,0,8:15:55
9.37,-8.42,97.5,913.6,-821,0,0,8:16:00
9.38,-8.43,97.5,914.6,-821.9,0,0,8:16:05
9.39,-8.44,97.5,915.5,-822.9,0,0,8:16:10
9.39,-8.44,97.5,915.5,-822.9,0,0,8:16:15
9.39,-8.45,97.5,915.5,-823.9,0,0,8:16:20
9.39,-8.44,97.6,916.5,-823.7,0,0,8:16:25
9.39,-8.44,97.5,915.5,-822.9,0,0,8:16:30
9.39,-8.44,97.5,915.5,-822.9,0,0,8:16:35
9.39,-8.44,97.6,916.5,-823.7,0,0,8:16:40
9.39,-8.44,97.6,916.5,-823.7,0,0,8:16:45
9.38,-8.44,97.6,915.5,-823.7,0,0,8:16:50
9.39,-8.43,97.6,916.5,-822.8,0,0,8:16:55
9.39,-8.44,97.6,916.5,-823.7,0,0,8:17:00
9.38,-8.44,97.7,916.4,-824.6,0,0,8:17:05
9.39,-8.45,97.7,917.4,-825.6,0,0,8:17:10
9.4,-8.44,97.7,918.4,-824.6,0,0,8:17:15
9.39,-8.45,97.7,917.4,-825.6,0,0,8:17:20
9.39,-8.45,97.7,917.4,-825.6,0,0,8:17:25
9.4,-8.45,97.7,918.4,-825.6,0,0,8:17:30
9.39,-8.45,97.7,917.4,-825.6,0,0,8:17:35
9.42,-8.46,97.7,920.3,-826.5,0,0,8:17:40
9.43,-8.47,97.7,921.3,-827.5,0,0,8:17:45
9.41,-8.45,97.7,919.4,-825.6,0,0,8:17:50
9.4,-8.45,97.7,918.4,-825.6,0,0,8:17:55
9.4,-8.45,97.7,918.4,-825.6,0,0,8:18:00
9.4,-8.45,97.7,918.4,-825.6,0,0,8:18:05
9.41,-8.46,97.7,919.4,-826.5,0,0,8:18:10
9.41,-8.46,97.7,919.4,-826.5,0,0,8:18:15
9.42,-8.46,97.7,920.3,-826.5,0,0,8:18:20
9.42,-8.47,97.7,920.3,-827.5,0,0,8:18:25
9.43,-8.48,97.7,921.3,-828.5,0,0,8:18:30
9.43,-8.47,97.7,921.3,-827.5,0,0,8:18:35
9.42,-8.47,97.7,920.3,-827.5,0,0,8:18:40
9.44,-8.48,97.7,922.3,-828.5,0,0,8:18:45
9.44,-8.49,97.7,922.3,-829.5,0,0,8:18:50
9.44,-8.48,97.7,922.3,-828.5,0,0,8:18:55
9.44,-8.49,97.8,923.2,-830.3,0,0,8:19:00
9.43,-8.48,97.7,921.3,-828.5,0,0,8:19:05
9.44,-8.48,97.7,922.3,-828.5,0,0,8:19:10
9.44,-8.48,97.8,923.2,-829.3,0,0,8:19:15
9.43,-8.47,97.8,922.3,-828.4,0,0,8:19:20
9.43,-8.48,97.8,922.3,-829.3,0,0,8:19:25
9.43,-8.48,97.8,922.3,-829.3,0,0,8:19:30
9.43,-8.48,97.8,922.3,-829.3,0,0,8:19:35
9.45,-8.49,97.8,924.2,-830.3,0,0,8:19:40
9.45,-8.5,97.8,924.2,-831.3,0,0,8:19:45
9.45,-8.5,97.8,924.2,-831.3,0,0,8:19:50
9.45,-8.5,97.8,924.2,-831.3,0,0,8:19:55
9.45,-8.5,97.8,924.2,-831.3,0,0,8:20:00
9.45,-8.51,97.8,924.2,-832.3,0,0,8:20:05
9.46,-8.5,97.8,925.2,-831.3,0,0,8:20:10
9.47,-8.52,97.8,926.2,-833.3,0,0,8:20:15
9.46,-8.51,97.8,925.2,-832.3,0,0,8:20:20
9.47,-8.52,97.8,926.2,-833.3,0,0,8:20:25
9.45,-8.5,97.8,924.2,-831.3,0,0,8:20:30
9.46,-8.52,97.8,925.2,-833.3,0,0,8:20:35
9.46,-8.51,97.8,925.2,-832.3,0,0,8:20:40
9.46,-8.52,98,927.1,-835,0,0,8:20:45
9.47,-8.51,97.9,927.1,-833.1,0,0,8:20:50
9.48,-8.53,98,929,-835.9,0,0,8:20:55
9.46,-8.51,98,927.1,-834,0,0,8:21:00
9.46,-8.51,97.9,926.1,-833.1,0,0,8:21:05
9.48,-8.53,98,929,-835.9,0,0,8:21:10
9.48,-8.52,98,929,-835,0,0,8:21:15
9.46,-8.5,98,927.1,-833,0,0,8:21:20
9.47,-8.52,98,928.1,-835,0,0,8:21:25
9.47,-8.52,98,928.1,-835,0,0,8:21:30
9.48,-8.52,98,929,-835,0,0,8:21:35
9.48,-8.53,98,929,-835.9,0,0,8:21:40
9.48,-8.53,98,929,-835.9,0,0,8:21:45
9.48,-8.52,98,929,-835,0,0,8:21:50
9.48,-8.52,98,929,-835,0,0,8:21:55
9.49,-8.54,98,930,-836.9,0,0,8:22:00
9.49,-8.54,98,930,-836.9,0,0,8:22:05
9.49,-8.54,98,930,-836.9,0,0,8:22:10
9.47,-8.52,98,928.1,-835,0,0,8:22:15
9.48,-8.52,98,929,-835,0,0,8:22:20
9.48,-8.53,98,929,-835.9,0,0,8:22:25
9.47,-8.52,98,928.1,-835,0,0,8:22:30
9.49,-8.53,98,930,-835.9,0,0,8:22:35
9.49,-8.54,98,930,-836.9,0,0,8:22:40
9.5,-8.54,98,931,-836.9,0,0,8:22:45
9.49,-8.53,98,930,-835.9,0,0,8:22:50
9.51,-8.55,98.1,932.9,-838.8,0,0,8:22:55
9.52,-8.55,98.1,933.9,-838.8,0,0,8:23:00
9.51,-8.55,98.1,932.9,-838.8,0,0,8:23:05
9.52,-8.55,98.1,933.9,-838.8,0,0,8:23:10
9.52,-8.55,98.1,933.9,-838.8,0,0,8:23:15
9.51,-8.55,98.1,932.9,-838.8,0,0,8:23:20
9.5,-8.55,98.1,932,-838.8,0,0,8:23:25
9.52,-8.55,98.1,933.9,-838.8,0,0,8:23:30
9.52,-8.55,98.1,933.9,-838.8,0,0,8:23:35
9.51,-8.56,98.1,932.9,-839.7,0,0,8:23:40
9.5,-8.55,98.1,932,-838.8,0,0,8:23:45
9.5,-8.55,98.1,932,-838.8,0,0,8:23:50
9.5,-8.55,98.1,932,-838.8,0,0,8:23:55
9.5,-8.54,98.1,932,-837.8,0,0,8:24:00
9.5,-8.55,98.1,932,-838.8,0,0,8:24:05
9.51,-8.55,98.1,932.9,-838.8,0,0,8:24:10
9.51,-8.55,98.1,932.9,-838.8,0,0,8:24:15
9.51,-8.55,98.1,932.9,-838.8,0,0,8:24:20
9.52,-8.56,98.2,934.9,-840.6,0,0,8:24:25
9.55,-8.6,98.2,937.8,-844.5,0,0,8:24:30
9.56,-8.61,98.2,938.8,-845.5,0,0,8:24:35
9.55,-8.6,98.2,937.8,-844.5,0,0,8:24:40
9.59,-8.62,98.2,941.7,-846.5,0,0,8:24:45
9.59,-8.63,98.3,942.7,-848.3,0,0,8:24:50
9.6,-8.64,98.2,942.7,-848.4,0,0,8:24:55
9.59,-8.63,98.3,942.7,-848.3,0,0,8:25:00
9.59,-8.63,98.3,942.7,-848.3,0,0,8:25:05
9.6,-8.64,98.2,942.7,-848.4,0,0,8:25:10
9.6,-8.63,98.2,942.7,-847.5,0,0,8:25:15
9.6,-8.64,98.3,943.7,-849.3,0,0,8:25:20
9.6,-8.64,98.3,943.7,-849.3,0,0,8:25:25
9.6,-8.64,98.3,943.7,-849.3,0,0,8:25:30
9.61,-8.63,98.3,944.7,-848.3,0,0,8:25:35
9.6,-8.63,98.3,943.7,-848.3,0,0,8:25:40
9.61,-8.64,98.3,944.7,-849.3,0,0,8:25:45
9.59,-8.63,98.3,942.7,-848.3,0,0,8:25:50
9.61,-8.65,98.3,944.7,-850.3,0,0,8:25:55
9.61,-8.65,98.3,944.7,-850.3,0,0,8:26:00
9.61,-8.64,98.3,944.7,-849.3,0,0,8:26:05
9.61,-8.64,98.3,944.7,-849.3,0,0,8:26:10
9.61,-8.64,98.3,944.7,-849.3,0,0,8:26:15
9.6,-8.63,98.3,943.7,-848.3,0,0,8:26:20
9.62,-8.65,98.3,945.6,-850.3,0,0,8:26:25
9.62,-8.65,98.3,945.6,-850.3,0,0,8:26:30
9.63,-8.66,98.3,946.6,-851.3,0,0,8:26:35
9.63,-8.67,98.3,946.6,-852.3,0,0,8:26:40
9.62,-8.66,98.3,945.6,-851.3,0,0,8:26:45
9.63,-8.66,98.3,946.6,-851.3,0,0,8:26:50
9.57,-8.61,98.3,940.7,-846.4,0,0,8:26:55
9.55,-8.59,98.3,938.8,-844.4,0,0,8:27:00
9.55,-8.59,98.3,938.8,-844.4,0,0,8:27:05
9.53,-8.57,98.4,937.8,-843.3,0,0,8:27:10
9.55,-8.59,98.4,939.7,-845.3,0,0,8:27:15
9.53,-8.57,98.4,937.8,-843.3,0,0,8:27:20
9.55,-8.58,98.4,939.7,-844.3,0,0,8:27:25
9.54,-8.59,98.4,938.7,-845.3,0,0,8:27:30
9.54,-8.59,98.4,938.7,-845.3,0,0,8:27:35
9.55,-8.6,98.4,939.7,-846.2,0,0,8:27:40
9.56,-8.61,98.4,940.7,-847.2,0,0,8:27:45
9.56,-8.6,98.4,940.7,-846.2,0,0,8:27:50
9.56,-8.6,98.4,940.7,-846.2,0,0,8:27:55
9.55,-8.6,98.4,939.7,-846.2,0,0,8:28:00
9.53,-8.57,98.4,937.8,-843.3,0,0,8:28:05
9.52,-8.57,98.4,936.8,-843.3,0,0,8:28:10
9.42,-8.48,98.4,926.9,-834.4,0,0,8:28:15
9.23,-8.29,98.4,908.2,-815.7,0,0,8:28:20
9.25,-8.31,98.4,910.2,-817.7,0,0,8:28:25
9.25,-8.3,98.4,910.2,-816.7,0,0,8:28:30
9.25,-8.3,98.4,910.2,-816.7,0,0,8:28:35
9.26,-8.31,98.4,911.2,-817.7,0,0,8:28:40
9.26,-8.33,98.4,911.2,-819.7,0,0,8:28:45
9.26,-8.31,98.4,911.2,-817.7,0,0,8:28:50
9.24,-8.12,98.7,912,-801.4,0,0,8:28:55
9.27,-8.33,98.4,912.2,-819.7,0,0,8:29:00
9.27,-8.34,98.4,912.2,-820.7,0,0,8:29:05
9.27,-8.33,98.4,912.2,-819.7,0,0,8:29:10
9.28,-8.16,98.5,914.1,-803.8,0,0,8:29:15
9.27,-8.32,98.5,913.1,-819.5,0,0,8:29:20
9.27,-8.35,98.5,913.1,-822.5,0,0,8:29:25
9.26,-8.32,98.5,912.1,-819.5,0,0,8:29:30
9.27,-8.34,98.5,913.1,-821.5,0,0,8:29:35
9.26,-8.32,98.5,912.1,-819.5,0,0,8:29:40
9.28,-8.35,98.6,915,-823.3,0,0,8:29:45
9.28,-8.34,98.5,914.1,-821.5,0,0,8:29:50
9.28,-8.35,98.5,914.1,-822.5,0,0,8:29:55
9.28,-8.35,98.6,915,-823.3,0,0,8:30:00
9.27,-8.33,98.5,913.1,-820.5,0,0,8:30:05
9.27,-8.32,98.6,914,-820.4,0,0,8:30:10
9.27,-8.32,98.6,914,-820.4,0,0,8:30:15
9.28,-8.35,98.5,914.1,-822.5,0,0,8:30:20
9.22,-8.28,98.6,909.1,-816.4,0,0,8:30:25
7.26,-6.48,98.3,713.7,-637,0,0,8:30:30
4.05,-3.49,97.7,395.7,-341,0,0,8:30:35
3.08,-2.61,97.5,300.3,-254.5,0,0,8:30:40
1.79,-1.38,97.3,174.2,-134.3,0,0,8:30:45
1.57,-1.21,97.2,152.6,-117.6,0,0,8:30:50
1.58,-1.21,97.2,153.6,-117.6,0,0,8:30:55
1.63,-1.26,97.2,158.4,-122.5,0,0,8:31:00
1.5,-1.13,97.2,145.8,-109.8,0,0,8:31:05
1.6,-1.23,97.1,155.4,-119.4,0,0,8:31:10
1.52,-1.16,97.1,147.6,-112.6,0,0,8:31:15
1.55,-1.2,97.1,150.5,-116.5,0,0,8:31:20
1.67,-1.31,97.1,162.2,-127.2,0,0,8:31:25
1.62,-1.26,97.1,157.3,-122.3,0,0,8:31:30
1.56,-1.13,97.1,151.5,-109.7,0,0,8:31:35
1.7,-1.32,97.1,165.1,-128.2,0,0,8:31:40
1.65,-1.27,97.1,160.2,-123.3,0,0,8:31:45
1.64,-1.27,97.1,159.2,-123.3,0,0,8:31:50
1.52,-1.17,97.1,147.6,-113.6,0,0,8:31:55
1.65,-1.25,97.1,160.2,-121.4,0,0,8:32:00
1.7,-1.33,97.1,165.1,-129.1,0,0,8:32:05
1.89,-1.51,97.1,183.5,-146.6,0,0,8:32:10
1.44,-1.1,97,139.7,-106.7,0,0,8:32:15
1.72,-1.34,97.1,167,-130.1,0,0,8:32:20
1.6,-1.24,97,155.2,-120.3,0,0,8:32:25
1.81,-1.43,97.1,175.8,-138.9,0,0,8:32:30
1.79,-1.41,97,173.6,-136.8,0,0,8:32:35
1.77,-1.37,97.1,171.9,-133,0,0,8:32:40
1.75,-1.35,97.1,169.9,-131.1,0,0,8:32:45
1.94,-1.53,97.1,188.4,-148.6,0,0,8:32:50
1.86,-1.46,97.1,180.6,-141.8,0,0,8:32:55
1.71,-1.32,97,165.9,-128,0,0,8:33:00
1.47,-1.1,96.9,142.4,-106.6,0,3,8:33:05
2.24,-1.8,97.1,217.5,-174.8,0,3,8:33:10
1.87,-1.46,97.1,181.6,-141.8,0,4,8:33:15
1.53,-1.15,97,148.4,-111.6,0,5,8:33:20
1.52,-1.14,97,147.4,-110.6,0,5,8:33:25
1.88,-1.48,97,182.4,-143.6,0,6,8:33:30
2.66,-2.2,97.1,258.3,-213.6,0,6,8:33:35
2.84,-2.35,97.2,276,-228.4,0,6,8:33:40
2.58,-2.11,97.1,250.5,-204.9,0,7,8:33:45
2.2,-1.58,97.1,213.6,-153.4,0,8,8:33:50
2.37,-1.92,97.1,230.1,-186.4,0,5,8:33:55
2.14,-1.72,97.1,207.8,-167,0,3,8:34:00
2.17,-1.73,97.1,210.7,-168,0,0,8:34:05
2.23,-1.79,97.1,216.5,-173.8,0,0,8:34:10
2.22,-1.79,97.1,215.6,-173.8,0,0,8:34:15
2.17,-1.74,97.1,210.7,-169,0,0,8:34:20
2.22,-1.78,97.1,215.6,-172.8,0,0,8:34:25
2.21,-1.77,97.1,214.6,-171.9,0,0,8:34:30
2.25,-1.81,97.1,218.5,-175.8,0,0,8:34:35
2.24,-1.8,97.1,217.5,-174.8,0,0,8:34:40
2.18,-1.75,97.1,211.7,-169.9,0,0,8:34:45
2.21,-1.76,97.1,214.6,-170.9,0,0,8:34:50
2.2,-1.77,97.1,213.6,-171.9,0,0,8:34:55
2.37,1.72,96.5,228.7,166,0,0,8:35:00
2.25,2.31,96.3,216.7,222.5,0,9,8:35:05
2.02,6.28,95.6,193.1,600.4,0,16,8:35:10
2.34,8.02,95.3,223,764.3,0,23,8:35:15
2.43,7.92,95.2,231.3,754,0,30,8:35:20
2.36,7.97,95.1,224.4,757.9,0,36,8:35:25
2.4,7.91,95.1,228.2,752.2,0,40,8:35:30
2.31,7.99,95,219.5,759.1,0,44,8:35:35
2.4,7.91,95,228,751.5,0,48,8:35:40
2.52,7.82,95,239.4,742.9,0,51,8:35:45
2.46,7.86,95,233.7,746.7,0,54,8:35:50
2.34,8.2,95.1,222.5,779.8,0,57,8:35:55
2.29,8.04,94.9,217.3,763,0,59,8:36:00
2.26,8.23,95,214.7,781.9,0,62,8:36:05
2.26,8.02,94.9,214.5,761.1,0,64,8:36:10
2.3,9.01,94.6,217.6,852.3,0,66,8:36:15
2.38,11.23,94.3,224.4,1059,0,69,8:36:20
2.3,7.03,95,218.5,667.9,0,70,8:36:25
2.25,6.89,95,213.8,654.6,0,71,8:36:30
2.28,5.11,95.3,217.3,487,0,70,8:36:35
2.13,5.42,95.3,203,516.5,0,70,8:36:40
2.21,5.17,95.3,210.6,492.7,0,69,8:36:45
2.35,5.04,95.3,224,480.3,0,69,8:36:50
2.35,5.07,95.3,224,483.2,0,67,8:36:55
2.12,5.23,95.3,202,498.4,0,67,8:37:00
2.08,5.26,95.3,198.2,501.3,0,66,8:37:05
1.91,5.39,95.3,182,513.7,0,66,8:37:10
1.62,5.67,95.2,154.2,539.8,0,66,8:37:15
1.83,5.47,95.3,174.4,521.3,0,66,8:37:20
1.65,5.61,95.2,157.1,534.1,0,67,8:37:25
1.84,5.62,95.2,175.2,535,0,67,8:37:30
1.69,5.58,95.2,160.9,531.2,0,68,8:37:35
1.94,5.37,95.3,184.9,511.8,0,70,8:37:40
2.12,5.26,95.3,202,501.3,0,71,8:37:45
2.04,5.09,95.3,194.4,485.1,0,72,8:37:50
2.18,4.7,95.3,207.8,447.9,0,73,8:37:55
2.25,4.37,95.4,214.7,416.9,0,74,8:38:00
2.28,4.16,95.5,217.7,397.3,0,75,8:38:05
2.23,3.64,95.5,213,347.6,0,75,8:38:10
2.35,2.39,95.8,225.1,229,0,75,8:38:15
2.32,1.21,96,222.7,116.2,0,74,8:38:20
2.47,1.11,96,237.1,106.6,0,72,8:38:25
2.45,5.04,95.3,233.5,480.3,0,70,8:38:30
2.6,5.12,95.4,248,488.4,0,69,8:38:35
2.43,5.07,95.3,231.6,483.2,0,67,8:38:40
2.57,4.91,95.3,244.9,467.9,0,64,8:38:45
2.54,5.04,95.3,242.1,480.3,0,62,8:38:50
2.52,4.98,95.3,240.2,474.6,0,61,8:38:55
3.05,4.57,95.3,290.7,435.5,0,60,8:39:00
3.02,4.59,95.3,287.8,437.4,0,60,8:39:05
3.14,7.39,94.8,297.7,700.6,0,60,8:39:10
3.13,7.36,94.8,296.7,697.7,0,61,8:39:15
3.15,7.52,95,299.3,714.4,0,62,8:39:20
3.06,7.42,94.6,289.5,701.9,0,63,8:39:25
3.02,7.44,94.7,286,704.6,0,65,8:39:30
2.98,7.49,94.6,281.9,708.6,0,66,8:39:35
3.02,7.42,94.6,285.7,701.9,0,67,8:39:40
3.09,7.37,94.6,292.3,697.2,0,68,8:39:45
2.96,7.5,94.6,280,709.5,0,69,8:39:50
3.07,7.38,94.6,290.4,698.1,0,69,8:39:55
3.01,5.53,95,286,525.4,0,70,8:40:00
2.99,7.4,94.6,282.9,700,0,69,8:40:05
3.02,7.39,94.6,285.7,699.1,0,70,8:40:10
2.99,7.49,94.6,282.9,708.6,0,70,8:40:15
2.95,7.59,94.5,278.8,717.3,0,70,8:40:20
3.05,7.54,94.5,288.2,712.5,0,70,8:40:25
2.87,7.69,94.5,271.2,726.7,0,70,8:40:30
2.98,7.56,94.5,281.6,714.4,0,70,8:40:35
2.91,7.47,94.5,275,705.9,0,70,8:40:40
2.89,7.57,94.5,273.1,715.4,0,70,8:40:45
2.85,7.7,94.5,269.3,727.7,0,70,8:40:50
2.92,7.51,94.5,275.9,709.7,0,70,8:40:55
2.87,7.6,94.4,270.9,717.4,0,70,8:41:00
2.85,7.71,94.4,269,727.8,0,70,8:41:05
2.85,7.76,94.4,269,732.5,0,70,8:41:10
2.75,7.39,94.5,259.9,698.4,0,71,8:41:15
2.74,7.53,94.5,258.9,711.6,0,71,8:41:20
2.82,5.57,94.8,267.3,528,0,72,8:41:25
2.73,5.68,94.8,258.8,538.5,0,72,8:41:30
3.17,5.66,94.8,300.5,536.6,0,72,8:41:35
2.72,4.68,95.1,258.7,445.1,0,72,8:41:40
2.81,2.74,95.4,268.1,261.4,0,72,8:41:45
2.93,-0.31,96,281.3,-29.8,0,71,8:41:50
2.82,-0.09,96.1,271,-8.6,0,69,8:41:55
2.8,-0.22,96,268.8,-21.1,0,69,8:42:00
2.9,-0.37,96.1,278.7,-35.6,0,68,8:42:05
3.02,1.62,95.7,289,155,0,67,8:42:10
2.88,1.74,95.7,275.6,166.5,0,68,8:42:15
2.78,1.85,95.7,266,177,0,68,8:42:20
2.9,1.76,95.7,277.5,168.4,0,68,8:42:25
2.83,1.8,95.7,270.8,172.3,0,68,8:42:30
2.77,4.78,95.1,263.4,454.6,0,68,8:42:35
2.83,4.69,95.1,269.1,446,0,68,8:42:40
2.87,6.63,94.7,271.8,627.9,0,67,8:42:45
2.91,6.57,94.7,275.6,622.2,0,67,8:42:50
2.95,6.7,94.7,279.4,634.5,0,66,8:42:55
2.96,8.51,94.3,279.1,802.5,0,66,8:43:00
2.75,8.66,94.2,259.1,815.8,0,65,8:43:05
2.76,8.65,94.2,260,814.8,0,65,8:43:10
2.83,8.58,94.2,266.6,808.2,0,65,8:43:15
2.86,8.54,94.2,269.4,804.5,0,65,8:43:20
2.87,8.57,94.2,270.4,807.3,0,66,8:43:25
2.89,8.58,94.2,272.2,808.2,0,67,8:43:30
2.81,8.64,94.1,264.4,813,0,68,8:43:35
2.86,8.62,94.1,269.1,811.1,0,69,8:43:40
2.89,8.8,94.3,272.5,829.8,0,70,8:43:45
2.87,8.03,94.2,270.4,756.4,0,72,8:43:50
2.82,6.73,94.4,266.2,635.3,0,73,8:43:55
2.9,5.09,94.8,274.9,482.5,0,74,8:44:00
2.96,4.98,94.8,280.6,472.1,0,74,8:44:05
2.89,5.81,94.7,273.7,550.2,0,74,8:44:10
2.86,6.87,94.4,270,648.5,0,73,8:44:15
2.94,7.43,94.3,277.2,700.6,0,72,8:44:20
2.96,8,94.2,278.8,753.6,0,70,8:44:25
2.95,8.38,94.1,277.6,788.6,0,70,8:44:30
3.09,8.42,94.1,290.8,792.3,0,69,8:44:35
2.92,8.5,94,274.5,799,0,69,8:44:40
3.06,8.39,94,287.6,788.7,0,68,8:44:45
3.06,8.62,94.1,287.9,811.1,0,68,8:44:50
2.98,8.48,94,280.1,797.1,0,68,8:44:55
3.08,8.36,94,289.5,785.8,0,69,8:45:00
3.17,6.34,94.5,299.6,599.1,0,69,8:45:05
3.01,6.47,94.5,284.4,611.4,0,69,8:45:10
3.26,6.44,94.6,308.4,609.2,0,68,8:45:15
3.17,6.31,94.5,299.6,596.3,0,68,8:45:20
2.88,6.55,94.4,271.9,618.3,0,68,8:45:25
3,6.5,94.5,283.5,614.3,0,68,8:45:30
2.99,6.47,94.4,282.3,610.8,0,68,8:45:35
2.92,6.73,94.6,276.2,636.7,0,69,8:45:40
3.02,6.45,94.4,285.1,608.9,0,69,8:45:45
3.07,6.42,94.4,289.8,606,0,69,8:45:50
3.15,6.42,94.4,297.4,606,0,70,8:45:55
3.99,5.72,94.5,377.1,540.5,0,70,8:46:00
4.21,5.44,94.5,397.8,514.1,0,70,8:46:05
4.53,5.21,94.6,428.5,492.9,0,70,8:46:10
4.67,5.21,94.6,441.8,492.9,0,71,8:46:15
2.87,-2.39,96,275.5,-229.4,0,69,8:46:20
2.6,-2.13,96,249.6,-204.5,0,67,8:46:25
3.09,2.56,95.3,294.5,244,0,65,8:46:30
3.07,6.45,94.5,290.1,609.5,0,65,8:46:35
3.08,6.44,94.5,291.1,608.6,0,66,8:46:40
3.18,6.36,94.5,300.5,601,0,66,8:46:45
3.08,6.46,94.4,290.8,609.8,0,66,8:46:50
3.1,6.43,94.4,292.6,607,0,66,8:46:55
3.05,7.44,94.2,287.3,700.8,0,67,8:47:00
3.07,7.43,94.2,289.2,699.9,0,67,8:47:05
3.21,7.31,94.2,302.4,688.6,0,66,8:47:10
3.08,8.88,93.9,289.2,833.8,0,66,8:47:15
2.97,9.47,93.7,278.3,887.3,0,66,8:47:20
3.14,9.3,93.7,294.2,871.4,0,67,8:47:25
3.11,9.34,93.7,291.4,875.2,0,67,8:47:30
3.17,9.23,93.7,297,864.9,0,67,8:47:35
2.97,9.43,93.6,278,882.6,0,67,8:47:40
2.99,9.42,93.7,280.2,882.7,0,68,8:47:45
2.83,9.78,93.6,264.9,915.4,0,68,8:47:50
2.85,9.66,93.6,266.8,904.2,0,69,8:47:55
2.93,9.61,93.6,274.2,899.5,0,70,8:48:00
2.91,9.66,93.6,272.4,904.2,0,70,8:48:05
2.82,8.41,93.8,264.5,788.9,0,71,8:48:10
2.94,7.93,93.9,276.1,744.6,0,71,8:48:15
3.1,7.69,93.9,291.1,722.1,0,71,8:48:20
2.97,7.21,94,279.2,677.7,0,72,8:48:25
2.89,5.53,94.3,272.5,521.5,0,72,8:48:30
3.09,5.16,94.4,291.7,487.1,0,72,8:48:35
2.96,3.58,94.7,280.3,339,0,72,8:48:40
2.99,-2.49,95.9,286.7,-238.8,0,70,8:48:45
3.1,-2.6,95.9,297.3,-249.3,0,68,8:48:50
2.97,-1.69,95.9,284.8,-162.1,0,66,8:48:55
2.97,0.7,95.4,283.3,66.8,0,65,8:49:00
2.97,2.66,95,282.2,252.7,0,65,8:49:05
3.01,2.62,95,286,248.9,0,65,8:49:10
2.89,4.71,94.6,273.4,445.6,0,66,8:49:15
2.88,4.7,94.5,272.2,444.2,0,66,8:49:20
2.92,4.68,94.6,276.2,442.7,0,67,8:49:25
2.86,4.69,94.6,270.6,443.7,0,67,8:49:30
2.99,4.69,94.6,282.9,443.7,0,67,8:49:35
2.95,4.61,94.5,278.8,435.6,0,67,8:49:40
3.14,6.42,94.2,295.8,604.8,0,67,8:49:45
2.92,6.61,94.2,275.1,622.7,0,68,8:49:50
3.17,6.38,94.2,298.6,601,0,69,8:49:55
2.97,6.55,94.2,279.8,617,0,69,8:50:00
3.15,6.16,94.2,296.7,580.3,0,69,8:50:05
3,3.71,94.7,284.1,351.3,0,67,8:50:10
3.01,6.05,94.3,283.8,570.5,0,66,8:50:15
3.2,7.33,94,300.8,689,0,66,8:50:20
3.3,9.23,93.6,308.9,863.9,0,66,8:50:25
3.24,9.21,93.6,303.3,862.1,0,67,8:50:30
2.62,9.73,93.4,244.7,908.8,0,68,8:50:35
2.61,9.97,93.4,243.8,931.2,0,68,8:50:40
2.62,9.93,93.4,244.7,927.5,0,69,8:50:45
2.69,9.78,93.4,251.2,913.5,0,69,8:50:50
2.78,9.42,93.5,259.9,880.8,0,70,8:50:55
2.72,9.43,93.5,254.3,881.7,0,70,8:51:00
2.7,8.88,93.5,252.5,830.3,0,70,8:51:05
2.79,8.85,93.5,260.9,827.5,0,71,8:51:10
2.87,7.22,93.8,269.2,677.2,0,71,8:51:15
2.67,6.63,93.9,250.7,622.6,0,71,8:51:20
2.66,5.81,94.1,250.3,546.7,0,70,8:51:25
2.67,5.75,94.1,251.2,541.1,0,70,8:51:30
2.76,5.7,94.1,259.7,536.4,0,70,8:51:35
2.81,5.72,94.1,264.4,538.3,0,70,8:51:40
2.71,5.84,94.1,255,549.5,0,70,8:51:45
3.05,5.52,94.2,287.3,520,0,71,8:51:50
3.22,3.37,94.5,304.3,318.5,0,71,8:51:55
3.29,1.36,95,312.6,129.2,0,70,8:52:00
3.27,1.39,95,310.7,132.1,0,70,8:52:05
3.28,1.35,95,311.6,128.3,0,69,8:52:10
3.28,1.38,95,311.6,131.1,0,69,8:52:15
3.42,1.26,95.1,325.2,119.8,0,69,8:52:20
3.32,1.34,95.1,315.7,127.4,0,69,8:52:25
3.33,1.36,95,316.4,129.2,0,68,8:52:30
3.4,3.27,94.7,322,309.7,0,68,8:52:35
3.41,3.26,94.7,322.9,308.7,0,69,8:52:40
3.3,3.33,94.7,312.5,315.4,0,69,8:52:45
3.21,3.38,94.7,304,320.1,0,69,8:52:50
3.35,3.29,94.7,317.2,311.6,0,69,8:52:55
3.4,3.26,94.7,322,308.7,0,69,8:53:00
3.32,3.34,94.6,314.1,316,0,69,8:53:05
3.37,3.28,94.6,318.8,310.3,0,68,8:53:10
3.37,3.31,94.6,318.8,313.1,0,68,8:53:15
3.34,3.31,94.6,316,313.1,0,68,8:53:20
3.35,3.33,94.6,316.9,315,0,67,8:53:25
3.28,3.37,94.6,310.3,318.8,0,67,8:53:30
3.3,3.38,94.6,312.2,319.7,0,66,8:53:35
3.37,6.19,94.2,317.5,583.1,0,66,8:53:40
3.35,6.2,94,314.9,582.8,0,66,8:53:45
3.42,6.17,94,321.5,580,0,66,8:53:50
3.4,6.15,94,319.6,578.1,0,66,8:53:55
3.43,6.19,94,322.4,581.9,0,66,8:54:00
3.45,7.06,93.9,324,662.9,0,66,8:54:05
3.49,7.05,93.9,327.7,662,0,67,8:54:10
3.52,7.03,93.9,330.5,660.1,0,67,8:54:15
3.24,7.3,93.7,303.6,684,0,68,8:54:20
2.87,7.56,93.7,268.9,708.4,0,68,8:54:25
2.71,7.72,93.6,253.7,722.6,0,69,8:54:30
2.84,7.61,93.6,265.8,712.3,0,69,8:54:35
2.83,6.7,93.8,265.5,628.5,0,70,8:54:40
2.78,6.77,93.8,260.8,635,0,70,8:54:45
2.85,6.92,93.8,267.3,649.1,0,70,8:54:50
2.97,4.45,94.2,279.8,419.2,0,71,8:54:55
2.73,4.78,94.1,256.9,449.8,0,70,8:55:00
2.9,4.61,94.2,273.2,434.3,0,70,8:55:05
2.93,4.69,94.2,276,441.8,0,69,8:55:10
2.93,5.6,94,275.4,526.4,0,69,8:55:15
2.95,5.55,94,277.3,521.7,0,69,8:55:20
3.07,5.48,94,288.6,515.1,0,69,8:55:25
3.28,5.27,94.1,308.6,495.9,0,69,8:55:30
3.71,4.92,94.1,349.1,463,0,69,8:55:35
3.55,5.06,94.1,334.1,476.1,0,68,8:55:40
3.6,5.73,94,338.4,538.6,0,68,8:55:45
3.55,7.04,93.7,332.6,659.6,0,68,8:55:50
3.63,6.97,93.7,340.1,653.1,0,69,8:55:55
3.7,6.89,93.7,346.7,645.6,0,69,8:56:00
3.56,6.94,93.6,333.2,649.6,0,69,8:56:05
3.48,7.18,93.6,325.7,672,0,70,8:56:10
3.46,7.27,93.6,323.9,680.5,0,70,8:56:15
3.39,7.33,93.5,317,685.4,0,70,8:56:20
3.27,7.31,93.6,306.1,684.2,0,70,8:56:25
3.37,5.88,93.8,316.1,551.5,0,70,8:56:30
3.35,6.41,93.7,313.9,600.6,0,70,8:56:35
3.43,6.3,93.8,321.7,590.9,0,70,8:56:40
3.35,6.31,93.7,313.9,591.2,0,70,8:56:45
3.49,6.26,93.7,327,586.6,0,70,8:56:50
3.41,6.42,93.7,319.5,601.6,0,70,8:56:55
3.38,6.19,93.7,316.7,580,0,70,8:57:00
3.49,5.83,93.8,327.4,546.9,0,71,8:57:05
3.57,6.23,93.8,334.9,584.4,0,71,8:57:10
3.35,3.39,94.2,315.6,319.3,0,71,8:57:15
3.38,1.46,94.6,319.7,138.1,0,71,8:57:20
3.39,1.26,94.7,321,119.3,0,70,8:57:25
3.43,2.26,94.5,324.1,213.6,0,69,8:57:30
3.43,2.24,94.5,324.1,211.7,0,69,8:57:35
3.4,2.26,94.5,321.3,213.6,0,69,8:57:40
3.43,2.23,94.6,324.5,211,0,69,8:57:45
3.37,2.28,94.6,318.8,215.7,0,69,8:57:50
3.64,2.09,94.6,344.3,197.7,0,69,8:57:55
3.57,2.12,94.6,337.7,200.6,0,69,8:58:00
3.62,2.09,94.6,342.5,197.7,0,70,8:58:05
3.36,2.27,94.6,317.9,214.7,0,70,8:58:10
3.22,2.41,94.6,304.6,228,0,69,8:58:15
3.31,2.35,94.5,312.8,222.1,0,69,8:58:20
3.4,2.27,94.6,321.6,214.7,0,69,8:58:25
3.66,2.12,94.6,346.2,200.6,0,68,8:58:30
3.66,4.03,94.3,345.1,380,0,68,8:58:35
3.54,4.13,94.2,333.5,389,0,68,8:58:40
3.7,4.69,94,347.8,440.9,0,68,8:58:45
3.62,5.06,94,340.3,475.6,0,69,8:58:50
3.59,5.08,94,337.5,477.5,0,69,8:58:55
3.72,4.99,94,349.7,469.1,0,69,8:59:00
3.55,5.11,94,333.7,480.3,0,69,8:59:05
3.88,7.72,93.5,362.8,721.8,0,69,8:59:10
3.52,8.13,93.3,328.4,758.5,0,69,8:59:15
3.68,7.66,93.4,343.7,715.4,0,70,8:59:20
3.71,7.5,93.4,346.5,700.5,0,70,8:59:25
3.61,7.48,93.4,337.2,698.6,0,70,8:59:30
3.53,7.43,93.4,329.7,694,0,70,8:59:35
3.46,7.48,93.4,323.2,698.6,0,70,8:59:40
3.6,7.45,93.4,336.2,695.8,0,70,8:59:45
3.63,7.45,93.4,339,695.8,0,70,8:59:50
3.76,7.1,93.4,351.2,663.1,0,70,8:59:55
3.54,7.56,93.3,330.3,705.3,0,71,9:00:00
3.47,6.67,93.5,324.4,623.6,0,71,9:00:05
3.4,5.6,93.7,318.6,524.7,0,71,9:00:10
3.37,4.9,93.8,316.1,459.6,0,71,9:00:15
3.02,5.17,93.7,283,484.4,0,71,9:00:20
3.12,2.44,94.2,293.9,229.8,0,71,9:00:25
2.97,2.61,94.3,280.1,246.1,0,71,9:00:30
3.1,0.52,94.6,293.3,49.2,0,71,9:00:35
3.02,0.63,94.6,285.7,59.6,0,70,9:00:40
2.99,0.63,94.7,283.2,59.7,0,70,9:00:45
2.93,0.66,94.7,277.5,62.5,0,69,9:00:50
3,0.64,94.8,284.4,60.7,0,68,9:00:55
2.9,0.86,94.8,274.9,81.5,0,67,9:01:00
2.95,3.68,94.2,277.9,346.7,0,66,9:01:05
3.04,4.58,94,285.8,430.5,0,65,9:01:10
2.94,6.57,93.6,275.2,615,0,64,9:01:15
3.4,6.21,93.6,318.2,581.3,0,64,9:01:20
3.66,8.9,93.1,340.7,828.6,0,64,9:01:25
3.62,8.89,93.1,337,827.7,0,64,9:01:30
3.81,8.76,93.1,354.7,815.6,0,65,9:01:35
3.78,8.77,93,351.5,815.6,0,66,9:01:40
3.79,8.75,93,352.5,813.8,0,67,9:01:45
3.88,8.74,93,360.8,812.8,0,68,9:01:50
3.75,8.91,92.9,348.4,827.7,0,69,9:01:55
3.69,3.97,93.9,346.5,372.8,0,69,9:02:00
3.61,4.13,93.9,339,387.8,0,69,9:02:05
3.72,3.93,93.9,349.3,369,0,69,9:02:10
3.89,3.79,93.9,365.3,355.9,0,68,9:02:15
3.73,5.88,93.5,348.8,549.8,0,68,9:02:20
3.78,5.87,93.6,353.8,549.4,0,68,9:02:25
3.7,6.91,93.3,345.2,644.7,0,68,9:02:30
3.74,6.84,93.3,348.9,638.2,0,68,9:02:35
3.65,6.94,93.3,340.5,647.5,0,68,9:02:40
3.72,7.9,93.1,346.3,735.5,0,68,9:02:45
3.93,7.65,93.1,365.9,712.2,0,68,9:02:50
3.94,7.69,93.1,366.8,715.9,0,68,9:02:55
4.14,7.53,93.1,385.4,701,0,69,9:03:00
3.89,7.75,93.1,362.2,721.5,0,69,9:03:05
3.62,7.56,93.1,337,703.8,0,70,9:03:10
3.48,6,93.4,325,560.4,0,70,9:03:15
3.35,6.21,93.3,312.6,579.4,0,70,9:03:20
3.33,3.3,93.8,312.4,309.5,0,70,9:03:25
3.22,3.46,93.9,302.4,324.9,0,70,9:03:30
3.03,3.52,93.9,284.5,330.5,0,70,9:03:35
3.06,3.51,93.9,287.3,329.6,0,70,9:03:40
3.05,3.55,93.9,286.4,333.3,0,69,9:03:45
3.2,4.4,93.7,299.8,412.3,0,69,9:03:50
3.18,4.45,93.7,298,417,0,69,9:03:55
3.11,4.48,93.7,291.4,419.8,0,70,9:04:00
3.11,4.48,93.7,291.4,419.8,0,70,9:04:05
3.29,4.28,93.7,308.3,401,0,70,9:04:10
3.19,4.25,93.7,298.9,398.2,0,70,9:04:15
3.24,4.44,93.7,303.6,416,0,70,9:04:20
3.14,4.55,93.7,294.2,426.3,0,70,9:04:25
3.27,4.25,93.8,306.7,398.7,0,70,9:04:30
3.07,4.44,93.7,287.7,416,0,70,9:04:35
3.35,4.26,93.7,313.9,399.2,0,70,9:04:40
3.28,4.34,93.7,307.3,406.7,0,69,9:04:45
3.43,4.21,93.7,321.4,394.5,0,69,9:04:50
3.79,3.9,93.7,355.1,365.4,0,69,9:04:55
3.92,5.34,93.4,366.1,498.8,0,68,9:05:00
4.04,5.66,93.4,377.3,528.6,0,68,9:05:05
3.95,7.72,93,367.4,718,0,69,9:05:10
3.87,7.73,93,359.9,718.9,0,69,9:05:15
3.86,7.54,93,359,701.2,0,69,9:05:20
3.98,7.28,93.1,370.5,677.8,0,70,9:05:25
3.89,7.25,93,361.8,674.3,0,70,9:05:30
3.89,6.84,93.1,362.2,636.8,0,70,9:05:35
3.87,6.92,93.2,360.7,644.9,0,70,9:05:40
3.93,7.07,93,365.5,657.5,0,70,9:05:45
4.05,7.28,93,376.7,677,0,70,9:05:50
3.73,6.96,93,346.9,647.3,0,70,9:05:55
3.76,6.97,93,349.7,648.2,0,70,9:06:00
3.71,7.53,92.9,344.7,699.5,0,70,9:06:05
3.93,6.96,93,365.5,647.3,0,70,9:06:10
3.82,5.46,93.3,356.4,509.4,0,71,9:06:15
3.64,6.14,93.1,338.9,571.6,0,70,9:06:20
3.42,6.09,93.1,318.4,567,0,70,9:06:25
3.66,5.48,93.3,341.5,511.3,0,71,9:06:30
3.37,4.88,93.4,314.8,455.8,0,71,9:06:35
3.26,2.31,93.8,305.8,216.7,0,71,9:06:40
3.33,0.67,94.2,313.7,63.1,0,71,9:06:45
3.22,0.59,94.4,304,55.7,0,69,9:06:50
3.21,1.98,94,301.7,186.1,0,68,9:06:55
3.36,4.2,93.6,314.5,393.1,0,67,9:07:00
3.27,4.37,93.6,306.1,409,0,67,9:07:05
3.28,6.31,93.2,305.7,588.1,0,68,9:07:10
3.36,6.22,93.2,313.2,579.7,0,69,9:07:15
3.37,6.32,93.1,313.7,588.4,0,69,9:07:20
3.33,6.24,93.1,310,580.9,0,69,9:07:25
3.36,6.45,93.2,313.2,601.1,0,69,9:07:30
3.53,6.06,93.1,328.6,564.2,0,69,9:07:35
3.47,6.11,93.1,323.1,568.8,0,69,9:07:40
4.04,5.7,93.2,376.5,531.2,0,69,9:07:45
4.01,7.87,92.8,372.1,730.3,0,70,9:07:50
4.17,7.66,92.8,387,710.8,0,70,9:07:55
4.04,7.42,92.9,375.3,689.3,0,70,9:08:00
4.18,7.09,92.9,388.3,658.7,0,70,9:08:05
4.2,7.49,92.8,389.8,695.1,0,70,9:08:10
4.26,7.69,92.7,394.9,712.9,0,70,9:08:15
4.21,7.57,92.7,390.3,701.7,0,70,9:08:20
4.36,7.12,92.8,404.6,660.7,0,70,9:08:25
4.34,6.91,92.8,402.8,641.2,0,70,9:08:30
4.25,7.33,92.7,394,679.5,0,70,9:08:35
4.06,7.19,92.7,376.4,666.5,0,71,9:08:40
4.06,6.02,92.9,377.2,559.3,0,71,9:08:45
4.01,5.12,93.1,373.3,476.7,0,71,9:08:50
4.12,3.51,93.4,384.8,327.8,0,70,9:08:55
4.25,3.53,93.4,397,329.7,0,69,9:09:00
4.15,5.52,93.1,386.4,513.9,0,69,9:09:05
4.14,5.77,93,385,536.6,0,70,9:09:10
4.15,5.59,93,386,519.9,0,70,9:09:15
4.12,5.01,93.2,384,466.9,0,71,9:09:20
3.99,2.67,93.6,373.5,249.9,0,70,9:09:25
3.69,2.99,93.6,345.4,279.9,0,70,9:09:30
3.46,4.17,93.4,323.2,389.5,0,69,9:09:35
3.33,4.32,93.3,310.7,403.1,0,69,9:09:40
3.47,4.17,93.4,324.1,389.5,0,68,9:09:45
3.33,5.27,93.2,310.4,491.2,0,68,9:09:50
3.31,7.05,92.9,307.5,654.9,0,68,9:09:55
3.35,8.18,92.6,310.2,757.5,0,68,9:10:00
3.41,8.09,92.5,315.4,748.3,0,68,9:10:05
3.38,8.11,92.5,312.7,750.2,0,69,9:10:10
3.79,7.79,92.5,350.6,720.6,0,69,9:10:15
3.76,7.79,92.5,347.8,720.6,0,69,9:10:20
3.77,7.79,92.5,348.7,720.6,0,69,9:10:25
3.38,8.19,92.4,312.3,756.8,0,69,9:10:30
3.42,8.11,92.4,316,749.4,0,69,9:10:35
3.63,7.92,92.4,335.4,731.8,0,69,9:10:40
3.43,8.11,92.4,316.9,749.4,0,68,9:10:45
3.7,7.84,92.4,341.9,724.4,0,69,9:10:50
3.55,7.97,92.4,328,736.4,0,69,9:10:55
3.62,7.93,92.4,334.5,732.7,0,69,9:11:00
3.61,7.94,92.4,333.6,733.7,0,69,9:11:05
3.5,7.95,92.4,323.4,734.6,0,69,9:11:10
3.63,7.57,92.4,335.4,699.5,0,69,9:11:15
3.5,7.68,92.4,323.4,709.6,0,69,9:11:20
3.47,7.35,92.5,321,679.9,0,70,9:11:25
3.67,7.37,92.4,339.1,681,0,70,9:11:30
3.67,7.34,92.4,339.1,678.2,0,70,9:11:35
4.28,4.85,92.9,397.6,450.6,0,71,9:11:40
4.28,0.53,93.7,401,49.7,0,70,9:11:45
4.05,-1.73,94.2,381.5,-163,0,69,9:11:50
4.07,-3.49,94.5,384.6,-329.8,0,68,9:11:55
4.23,-3.64,94.6,400.2,-344.3,0,68,9:12:00
4.17,-3.59,94.6,394.5,-339.6,0,68,9:12:05
4.12,-3.55,94.7,390.2,-336.2,0,69,9:12:10
4.17,-3.61,94.8,395.3,-342.2,0,70,9:12:15
4.2,-3.8,94.8,398.2,-360.2,0,71,9:12:20
4.16,-3.87,94.9,394.8,-367.3,0,72,9:12:25
4.16,-3.65,95,395.2,-346.8,0,72,9:12:30
4.11,-3.6,95,390.5,-342,0,71,9:12:35
4.18,-3.6,95,397.1,-342,0,69,9:12:40
4.05,-3.47,95,384.8,-329.7,0,66,9:12:45
4.04,1.88,93.9,379.4,176.5,0,65,9:12:50
4.22,4.53,93.4,394.1,423.1,0,66,9:12:55
4.2,4.6,93.3,391.9,429.2,0,67,9:13:00
4.2,4.58,93.3,391.9,427.3,0,68,9:13:05
4.15,4.59,93.3,387.2,428.2,0,69,9:13:10
4.24,2.7,93.7,397.3,253,0,70,9:13:15
4.19,1.88,93.8,393,176.3,0,70,9:13:20
3.92,2.86,93.6,366.9,267.7,0,70,9:13:25
4.07,2.82,93.7,381.4,264.2,0,70,9:13:30
4.21,1.45,93.8,394.9,136,0,71,9:13:35
4.13,0.7,94,388.2,65.8,0,71,9:13:40
4.09,0.7,94,384.5,65.8,0,70,9:13:45
4.19,0.64,94,393.9,60.2,0,70,9:13:50
4.14,0.7,94,389.2,65.8,0,70,9:13:55
4.14,0.69,94,389.2,64.9,0,70,9:14:00
3.94,0.84,94,370.4,79,0,69,9:14:05
4,1.08,93.9,375.6,101.4,0,68,9:14:10
4.27,7.8,92.7,395.8,723.1,0,69,9:14:15
4.13,8.1,92.5,382,749.3,0,69,9:14:20
4.07,7.84,92.5,376.5,725.2,0,69,9:14:25
4.27,8.25,92.5,395,763.1,0,70,9:14:30
4.25,8.51,92.4,392.7,786.3,0,70,9:14:35
4.15,8.35,92.4,383.5,771.5,0,69,9:14:40
4.29,8.67,92.3,396,800.2,0,69,9:14:45
4.03,8.91,92.2,371.6,821.5,0,69,9:14:50
4.17,8.79,92.2,384.5,810.4,0,69,9:14:55
4.18,8.72,92.2,385.4,804,0,69,9:15:00
4.22,8.78,92.1,388.7,808.6,0,69,9:15:05
4.22,8.82,92.1,388.7,812.3,0,69,9:15:10
3.94,8.81,92.1,362.9,811.4,0,69,9:15:15
4.02,8.39,92.2,370.6,773.6,0,69,9:15:20
4.1,8.86,92.2,378,816.9,0,69,9:15:25
4.43,7.04,92.3,408.9,649.8,0,70,9:15:30
4.37,6.88,92.4,403.8,635.7,0,70,9:15:35
4.32,6.89,92.4,399.2,636.6,0,70,9:15:40
4.16,7.14,92.3,384,659,0,69,9:15:45
4.38,6.84,92.5,405.2,632.7,0,70,9:15:50
4.2,6.83,92.4,388.1,631.1,0,70,9:15:55
4.12,6.97,92.4,380.7,644,0,70,9:16:00
4.11,6.96,92.3,379.4,642.4,0,70,9:16:05
4.29,6.47,92.4,396.4,597.8,0,70,9:16:10
4.4,5.81,92.5,407,537.4,0,71,9:16:15
4.22,6.27,92.4,389.9,579.3,0,71,9:16:20
4.12,5.2,92.6,381.5,481.5,0,71,9:16:25
4.07,2.75,93.1,378.9,256,0,70,9:16:30
4.1,2.62,93.2,382.1,244.2,0,69,9:16:35
4.25,4.52,92.8,394.4,419.5,0,69,9:16:40
4.04,4.68,92.8,374.9,434.3,0,69,9:16:45
4.02,4.67,92.8,373.1,433.4,0,69,9:16:50
4.15,4.6,92.7,384.7,426.4,0,69,9:16:55
4.48,4.3,92.8,415.7,399,0,69,9:17:00
4.49,4.36,92.8,416.7,404.6,0,69,9:17:05
4.26,4.44,92.8,395.3,412,0,69,9:17:10
4.19,4.58,92.7,388.4,424.6,0,70,9:17:15
4.31,4.43,92.8,400,411.1,0,70,9:17:20
4.39,4.37,92.8,407.4,405.5,0,69,9:17:25
4.41,4.38,92.8,409.2,406.5,0,69,9:17:30
4.36,4.42,92.8,404.6,410.2,0,69,9:17:35
4.45,4.32,92.8,413,400.9,0,69,9:17:40
4.35,5.98,92.5,402.4,553.2,0,69,9:17:45
4.47,6.99,92.3,412.6,645.2,0,69,9:17:50
4.46,6.89,92.3,411.7,635.9,0,69,9:17:55
4.46,6.08,92.4,412.1,561.8,0,69,9:18:00
4.43,6.31,92.4,409.3,583,0,69,9:18:05
4.47,6.25,92.4,413,577.5,0,69,9:18:10
4.38,6.13,92.4,404.7,566.4,0,69,9:18:15
4.53,6.1,92.4,418.6,563.6,0,70,9:18:20
4.43,5.72,92.4,409.3,528.5,0,70,9:18:25
4.46,4.11,92.8,413.9,381.4,0,71,9:18:30
4.26,2.66,93,396.2,247.4,0,72,9:18:35
4.11,-3.83,94.2,387.2,-360.8,0,71,9:18:40
4.27,-3.76,94.3,402.7,-354.6,0,70,9:18:45
4.23,-3.66,94.3,398.9,-345.1,0,70,9:18:50
4.3,-3.73,94.3,405.5,-351.7,0,70,9:18:55
4.27,-3.72,94.4,403.1,-351.2,0,70,9:19:00
4.23,-3.56,94.6,400.2,-336.8,0,70,9:19:05
4.22,-3.65,94.5,398.8,-344.9,0,70,9:19:10
4.25,-3.67,94.5,401.6,-346.8,0,69,9:19:15
4.23,-3.64,94.5,399.7,-344,0,69,9:19:20
4.18,-3.59,94.5,395,-339.3,0,68,9:19:25
4.13,-3.55,94.5,390.3,-335.5,0,67,9:19:30
3.95,4.78,93,367.4,444.5,0,68,9:19:35
4.09,4.64,93,380.4,431.5,0,69,9:19:40
4.33,2.32,93.4,404.4,216.7,0,70,9:19:45
4.22,0.61,93.7,395.4,57.2,0,70,9:19:50
4.18,0.61,93.7,391.7,57.2,0,70,9:19:55
4.36,2.51,93.4,407.2,234.4,0,69,9:20:00
4.26,2.61,93.3,397.5,243.5,0,69,9:20:05
4.49,2.39,93.3,418.9,223,0,69,9:20:10
4.32,2.52,93.3,403.1,235.1,0,69,9:20:15
4.34,2.47,93.3,404.9,230.5,0,68,9:20:20
4.31,4.51,92.9,400.4,419,0,68,9:20:25
4.36,4.46,93,405.5,414.8,0,69,9:20:30
4.47,4.35,92.9,415.3,404.1,0,69,9:20:35
4.48,4.41,92.8,415.7,409.2,0,69,9:20:40
4.52,4.34,92.8,419.5,402.8,0,69,9:20:45
4.4,4.43,92.8,408.3,411.1,0,68,9:20:50
4.13,6.64,92.4,381.6,613.5,0,69,9:20:55
4.64,6.1,92.5,429.2,564.3,0,69,9:21:00
4.55,6.2,92.4,420.4,572.9,0,69,9:21:05
4.6,6.26,92.4,425,578.4,0,69,9:21:10
4.58,6.18,92.4,423.2,571,0,69,9:21:15
4.53,6.27,92.3,418.1,578.7,0,69,9:21:20
4.67,6.07,92.4,431.5,560.9,0,69,9:21:25
4.72,6.1,92.3,435.7,563,0,69,9:21:30
4.56,6.28,92.3,420.9,579.6,0,68,9:21:35
4.69,6.11,92.3,432.9,564,0,69,9:21:40
4.73,6.05,92.3,436.6,558.4,0,69,9:21:45
4.82,5.91,92.3,444.9,545.5,0,69,9:21:50
4.74,6.04,92.3,437.5,557.5,0,69,9:21:55
4.81,5.96,92.3,444,550.1,0,69,9:22:00
4.82,6.01,92.3,444.9,554.7,0,69,9:22:05
4.8,5.98,92.3,443,552,0,69,9:22:10
4.84,5.9,92.3,446.7,544.6,0,69,9:22:15
4.93,5.51,92.4,455.5,509.1,0,70,9:22:20
5.06,3.02,92.8,469.6,280.3,0,70,9:22:25
5.04,2.86,92.8,467.7,265.4,0,69,9:22:30
4.92,2.96,92.8,456.6,274.7,0,69,9:22:35
4.89,2.99,92.8,453.8,277.5,0,69,9:22:40
4.81,3.04,92.8,446.4,282.1,0,69,9:22:45
4.9,3,92.8,454.7,278.4,0,69,9:22:50
4.87,3.09,93,452.9,287.4,0,70,9:22:55
4.9,3.08,92.8,454.7,285.8,0,70,9:23:00
4.9,3.04,92.9,455.2,282.4,0,70,9:23:05
4.95,2.88,92.9,459.9,267.6,0,70,9:23:10
4.87,2.82,92.8,451.9,261.7,0,71,9:23:15
4.93,1.39,93.2,459.5,129.5,0,71,9:23:20
4.85,-1.01,93.6,454,-94.5,0,71,9:23:25
4.83,-0.94,93.6,452.1,-88,0,69,9:23:30
4.86,1.84,93.1,452.5,171.3,0,68,9:23:35
4.98,3.92,92.7,461.6,363.4,0,69,9:23:40
4.96,3.8,92.7,459.8,352.3,0,69,9:23:45
5.06,3.92,92.7,469.1,363.4,0,69,9:23:50
5.04,3.83,92.7,467.2,355,0,69,9:23:55
5.1,3.91,92.6,472.3,362.1,0,70,9:24:00
5.12,3.72,92.7,474.6,344.8,0,70,9:24:05
5.07,3.97,92.7,470,368,0,69,9:24:10
5,3.9,92.6,463,361.1,0,69,9:24:15
4.98,3.91,92.6,461.1,362.1,0,69,9:24:20
4.93,3.98,92.7,457,368.9,0,68,9:24:25
4.94,5.25,92.4,456.5,485.1,0,68,9:24:30
4.98,4.82,92.4,460.2,445.4,0,68,9:24:35
4.95,4,92.6,458.4,370.4,0,69,9:24:40
4.96,3.92,92.6,459.3,363,0,69,9:24:45
4.96,4.86,92.4,458.3,449.1,0,69,9:24:50
5.05,4.85,92.4,466.6,448.1,0,69,9:24:55
4.72,4.93,92.4,436.1,455.5,0,70,9:25:00
4.78,4.57,92.4,441.7,422.3,0,70,9:25:05
4.78,4.24,92.5,442.2,392.2,0,70,9:25:10
4.85,4.52,92.4,448.1,417.6,0,71,9:25:15
4.9,3.59,92.6,453.7,332.4,0,71,9:25:20
4.76,3.23,92.6,440.8,299.1,0,71,9:25:25
4.79,2.91,92.8,444.5,270,0,71,9:25:30
4.73,3.19,92.7,438.5,295.7,0,71,9:25:35
4.73,3.06,92.7,438.5,283.7,0,71,9:25:40
4.88,3.03,92.7,452.4,280.9,0,71,9:25:45
4.28,2.39,92.8,397.2,221.8,0,70,9:25:50
4.12,2.83,92.8,382.3,262.6,0,70,9:25:55
4.22,3.54,92.6,390.8,327.8,0,69,9:26:00
4.16,3.71,92.6,385.2,343.5,0,69,9:26:05
4.08,3.71,92.6,377.8,343.5,0,69,9:26:10
4.15,4.25,92.5,383.9,393.1,0,68,9:26:15
4.17,5.55,92.2,384.5,511.7,0,68,9:26:20
4.1,4.65,92.4,378.8,429.7,0,68,9:26:25
4.08,4.68,92.4,377,432.4,0,68,9:26:30
4.06,4.69,92.4,375.1,433.4,0,68,9:26:35
4.14,4.6,92.3,382.1,424.6,0,68,9:26:40
4.24,4.51,92.3,391.4,416.3,0,69,9:26:45
4.31,4.5,92.3,397.8,415.4,0,69,9:26:50
4.32,4.57,92.4,399.2,422.3,0,70,9:26:55
4.31,3.17,92.6,399.1,293.5,0,71,9:27:00
4.71,1.46,92.9,437.6,135.6,0,71,9:27:05
4.76,-3.01,93.7,446,-282,0,71,9:27:10
4.95,-1.01,93.4,462.3,-94.3,0,70,9:27:15
4.81,0.08,93.3,448.8,7.5,0,69,9:27:20
4.85,0.15,93.3,452.5,14,0,68,9:27:25
4.73,1.71,93,439.9,159,0,67,9:27:30
5.01,2.95,92.8,464.9,273.8,0,66,9:27:35
4.96,2.97,92.7,459.8,275.3,0,66,9:27:40
5,4.84,92.4,462,447.2,0,65,9:27:45
5.01,4.83,92.4,462.9,446.3,0,65,9:27:50
5,6.8,92,460,625.6,0,64,9:27:55
5.03,6.79,91.9,462.3,624,0,64,9:28:00
4.92,9.75,91.3,449.2,890.2,0,64,9:28:05
5.06,9.63,91.3,462,879.2,0,65,9:28:10
4.89,9.77,91.2,446,891,0,65,9:28:15
4.93,9.63,91.2,449.6,878.3,0,65,9:28:20
5.03,10.43,91,457.7,949.1,0,66,9:28:25
5.04,9.98,91.1,459.1,909.2,0,66,9:28:30
4.95,9.25,91.2,451.4,843.6,0,66,9:28:35
5.14,9.1,91.2,468.8,829.9,0,66,9:28:40
5,9.5,91.2,456,866.4,0,66,9:28:45
5.11,9.27,91.2,466,845.4,0,66,9:28:50
4.91,9.33,91.1,447.3,850,0,66,9:28:55
5.25,8.93,91.2,478.8,814.4,0,66,9:29:00
5.15,9.86,90.9,468.1,896.3,0,66,9:29:05
5.07,10.41,90.8,460.4,945.2,0,66,9:29:10
5.11,10.01,91,465,910.9,0,66,9:29:15
5.24,8.75,91.1,477.4,797.1,0,67,9:29:20
5.39,9.95,90.9,490,904.5,0,67,9:29:25
5.14,9.03,91.1,468.3,822.6,0,67,9:29:30
5.23,9.6,90.9,475.4,872.6,0,67,9:29:35
5.2,9.8,90.9,472.7,890.8,0,67,9:29:40
5.17,9.09,90.9,470,826.3,0,67,9:29:45
5.21,9.48,90.9,473.6,861.7,0,67,9:29:50
5.16,9.5,90.8,468.5,862.6,0,67,9:29:55
5.15,8.79,91,468.7,799.9,0,68,9:30:00
5.06,8.14,91.1,461,741.6,0,69,9:30:05
5.01,7.22,91.2,456.9,658.5,0,69,9:30:10
4.87,6.72,91.4,445.1,614.2,0,70,9:30:15
4.96,5.08,91.7,454.8,465.8,0,71,9:30:20
4.99,4.38,91.8,458.1,402.1,0,71,9:30:25
5.07,2.55,92.1,466.9,234.9,0,71,9:30:30
5.26,2.3,92.2,485,212.1,0,72,9:30:35
5.01,1.29,92.4,462.9,119.2,0,71,9:30:40
4.97,0.97,92.5,459.7,89.7,0,71,9:30:45
5.11,1,92.6,473.2,92.6,0,70,9:30:50
5.09,1.86,92.4,470.3,171.9,0,69,9:30:55
5.2,1.79,92.4,480.5,165.4,0,68,9:31:00
5.12,2.85,92.2,472.1,262.8,0,68,9:31:05
5.18,4.74,91.9,476,435.6,0,67,9:31:10
5.15,4.75,91.9,473.3,436.5,0,67,9:31:15
5.14,4.8,91.8,471.9,440.6,0,67,9:31:20
5.13,4.74,91.8,470.9,435.1,0,67,9:31:25
5.13,4.75,91.9,471.4,436.5,0,67,9:31:30
5.17,4.83,91.8,474.6,443.4,0,68,9:31:35
5.05,4.9,91.8,463.6,449.8,0,68,9:31:40
5.32,4.77,92,489.4,438.8,0,69,9:31:45
4.96,4.44,91.9,455.8,408,0,70,9:31:50
5.13,3.87,91.9,471.4,355.7,0,71,9:31:55
5.18,3.69,92.2,477.6,340.2,0,71,9:32:00
5.15,2.38,92.2,474.8,219.4,0,72,9:32:05
5,-0.95,92.9,464.5,-88.3,0,72,9:32:10
4.91,-4.6,93.6,459.6,-430.6,0,71,9:32:15
4.92,-4.45,93.6,460.5,-416.5,0,70,9:32:20
5.08,-4.55,93.6,475.5,-425.9,0,70,9:32:25
5.08,-4.54,93.7,476,-425.4,0,70,9:32:30
5.09,-4.52,93.7,476.9,-423.5,0,70,9:32:35
5.14,-4.55,93.7,481.6,-426.3,0,70,9:32:40
5.08,-4.48,93.7,476,-419.8,0,70,9:32:45
5.07,-4.45,93.7,475.1,-417,0,69,9:32:50
5.18,-4.53,93.9,486.4,-425.4,0,69,9:32:55
5.07,-4.41,93.8,475.6,-413.7,0,68,9:33:00
4.95,1.68,92.8,459.4,155.9,0,68,9:33:05
4.95,2.03,92.7,458.9,188.2,0,70,9:33:10
4.86,-3.14,93.6,454.9,-293.9,0,69,9:33:15
5.12,0.96,92.9,475.6,89.2,0,68,9:33:20
5.1,2.9,92.5,471.8,268.3,0,68,9:33:25
5.21,4.83,92.1,479.8,444.8,0,70,9:33:30
5.14,2.79,92.5,475.5,258.1,0,70,9:33:35
5.06,1.85,92.6,468.6,171.3,0,71,9:33:40
4.64,0.12,92.9,431.1,11.1,0,71,9:33:45
4.92,0.13,92.9,457.1,12.1,0,71,9:33:50
5.05,1.88,92.6,467.6,174.1,0,70,9:33:55
5.04,0.83,92.8,467.7,77,0,71,9:34:00
5.14,1.04,92.8,477,96.5,0,70,9:34:05
5.04,0.92,92.8,467.7,85.4,0,70,9:34:10
5.12,0.87,92.8,475.1,80.7,0,70,9:34:15
5.05,0.94,92.7,468.1,87.1,0,70,9:34:20
5.19,2.79,92.4,479.6,257.8,0,69,9:34:25
5.2,2.72,92.4,480.5,251.3,0,70,9:34:30
5.04,2.94,92.4,465.7,271.7,0,69,9:34:35
5.06,2.83,92.4,467.5,261.5,0,69,9:34:40
5.12,2.89,92.3,472.6,266.7,0,70,9:34:45
5.04,2.89,92.3,465.2,266.7,0,69,9:34:50
5.1,2.91,92.3,470.7,268.6,0,69,9:34:55
5.13,2.83,92.3,473.5,261.2,0,69,9:35:00
5.16,2.83,92.4,476.8,261.5,0,68,9:35:05
5.23,2.73,92.4,483.3,252.3,0,68,9:35:10
5.35,2.64,92.4,494.3,243.9,0,68,9:35:15
5.19,2.76,92.3,479,254.7,0,68,9:35:20
5.13,2.83,92.3,473.5,261.2,0,68,9:35:25
5.22,2.74,92.3,481.8,252.9,0,67,9:35:30
5.37,3.61,92.2,495.1,332.8,0,67,9:35:35
5.38,3.61,92.1,495.5,332.5,0,67,9:35:40
5.11,3.82,92.1,470.6,351.8,0,67,9:35:45
5.17,3.76,92.1,476.2,346.3,0,68,9:35:50
5.33,3.66,92.1,490.9,337.1,0,68,9:35:55
5.34,3.85,92.1,491.8,354.6,0,68,9:36:00
5.36,3.63,92.1,493.7,334.3,0,68,9:36:05
5.4,5.37,91.7,495.2,492.4,0,68,9:36:10
5.43,5.38,91.7,497.9,493.3,0,68,9:36:15
5.47,5.55,91.7,501.6,508.9,0,68,9:36:20
5.38,5.5,91.7,493.3,504.4,0,68,9:36:25
5.41,6.36,91.5,495,581.9,0,67,9:36:30
5.33,7.69,91.2,486.1,701.3,0,68,9:36:35
5.41,7.71,91.1,492.9,702.4,0,67,9:36:40
5.27,7.87,91.1,480.1,717,0,67,9:36:45
5.35,10.2,90.7,485.2,925.1,0,67,9:36:50
5.33,10.47,90.6,482.9,948.6,0,67,9:36:55
5.25,10.88,90.5,475.1,984.6,0,67,9:37:00
5.23,10.1,90.6,473.8,915.1,0,67,9:37:05
5.41,11.53,90.3,488.5,1041.2,0,66,9:37:10
5.44,10.91,90.3,491.2,985.2,0,66,9:37:15
5.55,11.5,90.3,501.2,1038.5,0,65,9:37:20
5.33,10.9,90.4,481.8,985.4,0,65,9:37:25
5.35,10.61,90.4,483.6,959.1,0,65,9:37:30
5.38,12.2,90.1,484.7,1099.2,0,65,9:37:35
5.4,9.86,90.5,488.7,892.3,0,66,9:37:40
5.42,9.76,90.4,490,882.3,0,66,9:37:45
5.29,10.12,90.4,478.2,914.8,0,67,9:37:50
5.53,9.16,90.6,501,829.9,0,68,9:37:55
5.48,8.33,90.6,496.5,754.7,0,68,9:38:00
5.43,7.4,90.8,493,671.9,0,69,9:38:05
5.55,6.29,91,505.1,572.4,0,69,9:38:10
5.51,5.65,91.2,502.5,515.3,0,70,9:38:15
5.39,4.78,91.3,492.1,436.4,0,70,9:38:20
5.32,4.55,91.4,486.2,415.9,0,70,9:38:25
5.21,4.52,91.4,476.2,413.1,0,70,9:38:30
5.28,4.62,91.4,482.6,422.3,0,70,9:38:35
5.37,4.77,91.3,490.3,435.5,0,70,9:38:40
5.26,4.88,91.3,480.2,445.5,0,70,9:38:45
5.61,4.6,91.4,512.8,420.4,0,70,9:38:50
5.53,4.44,91.4,505.4,405.8,0,70,9:38:55
5.59,4.27,91.5,511.5,390.7,0,70,9:39:00
5.21,4.75,91.4,476.2,434.2,0,70,9:39:05
5.65,4.72,91.4,516.4,431.4,0,70,9:39:10
5.34,4.58,91.4,488.1,418.6,0,70,9:39:15
5.38,4.28,91.4,491.7,391.2,0,70,9:39:20
5.35,4.41,91.4,489,403.1,0,70,9:39:25
5.37,4.68,91.4,490.8,427.8,0,70,9:39:30
5.34,4.86,91.3,487.5,443.7,0,70,9:39:35
5.45,4.56,91.3,497.6,416.3,0,70,9:39:40
5.37,4.64,91.3,490.3,423.6,0,70,9:39:45
5.48,4.56,91.4,500.9,416.8,0,70,9:39:50
5.4,4.64,91.4,493.6,424.1,0,70,9:39:55
5.47,4.51,91.4,500,412.2,0,70,9:40:00
5.4,4.23,91.5,494.1,387,0,70,9:40:05
5.6,4.05,91.5,512.4,370.6,0,70,9:40:10
5.4,4.34,91.4,493.6,396.7,0,70,9:40:15
5.41,4.32,91.4,494.5,394.8,0,70,9:40:20
5.64,4.09,91.5,516.1,374.2,0,70,9:40:25
5.59,4.16,91.4,510.9,380.2,0,70,9:40:30
5.6,3.76,91.5,512.4,344,0,70,9:40:35
5.52,3.97,91.5,505.1,363.3,0,70,9:40:40
5.51,4.32,91.4,503.6,394.8,0,70,9:40:45
5.55,4.42,91.3,506.7,403.5,0,70,9:40:50
5.64,4.46,91.3,514.9,407.2,0,70,9:40:55
5.73,4.51,91.3,523.1,411.8,0,70,9:41:00
5.73,4.41,91.3,523.1,402.6,0,70,9:41:05
5.65,4.4,91.3,515.8,401.7,0,70,9:41:10
5.51,4.4,91.3,503.1,401.7,0,70,9:41:15
5.53,4.16,91.4,505.4,380.2,0,70,9:41:20
5.56,4.03,91.4,508.2,368.3,0,70,9:41:25
5.54,3.91,91.4,506.4,357.4,0,70,9:41:30
5.67,3.99,91.4,518.2,364.7,0,70,9:41:35
5.6,4.12,91.4,511.8,376.6,0,71,9:41:40
5.57,3.34,91.5,509.7,305.6,0,71,9:41:45
5.58,3.61,91.5,510.6,330.3,0,71,9:41:50
5.76,3.34,91.5,527,305.6,0,71,9:41:55
5.65,3.1,91.5,517,283.7,0,71,9:42:00
5.64,2.9,91.6,516.6,265.6,0,71,9:42:05
5.78,2.51,91.7,530,230.2,0,71,9:42:10
5.63,3.05,91.6,515.7,279.4,0,71,9:42:15
5.6,3.36,91.5,512.4,307.4,0,71,9:42:20
5.57,2.92,91.6,510.2,267.5,0,71,9:42:25
5.55,3.61,91.5,507.8,330.3,0,71,9:42:30
5.7,3.09,91.6,522.1,283,0,70,9:42:35
5.84,3.11,91.6,534.9,284.9,0,70,9:42:40
5.62,3.37,91.5,514.2,308.4,0,70,9:42:45
5.65,3.51,91.5,517,321.2,0,70,9:42:50
5.7,3.9,91.4,521,356.5,0,70,9:42:55
5.71,3.79,91.4,521.9,346.4,0,69,9:43:00
5.83,4.47,91.3,532.3,408.1,0,70,9:43:05
5.71,4.48,91.2,520.8,408.6,0,70,9:43:10
5.76,4.1,91.3,525.9,374.3,0,70,9:43:15
5.68,3.86,91.4,519.2,352.8,0,70,9:43:20
5.62,3.68,91.4,513.7,336.4,0,70,9:43:25
5.71,3.85,91.4,521.9,351.9,0,71,9:43:30
5.56,2.71,91.6,509.3,248.2,0,71,9:43:35
5.51,0.57,92,506.9,52.4,0,72,9:43:40
5.46,-5.21,93,507.8,-484.5,0,71,9:43:45
5.47,-4.94,93,508.7,-459.4,0,70,9:43:50
5.6,-4.9,93,520.8,-455.7,0,68,9:43:55
5.79,0.34,92.1,533.3,31.3,0,67,9:44:00
5.77,3.27,91.6,528.5,299.5,0,68,9:44:05
5.27,3.7,91.5,482.2,338.6,0,67,9:44:10
5.76,5.2,91.3,525.9,474.8,0,67,9:44:15
5.7,5.24,91.2,519.8,477.9,0,66,9:44:20
5.25,5.59,91.1,478.3,509.2,0,65,9:44:25
5.07,5.74,91,461.4,522.3,0,65,9:44:30
4.91,5.86,91,446.8,533.3,0,64,9:44:35
5.14,5.67,91,467.7,516,0,65,9:44:40
5.7,5.26,91.1,519.3,479.2,0,66,9:44:45
5.57,5.25,91.1,507.4,478.3,0,67,9:44:50
5.59,4.87,91.1,509.2,443.7,0,69,9:44:55
5,4.19,91.2,456,382.1,0,71,9:45:00
4.17,-4.01,92.7,386.6,-371.7,0,71,9:45:05
4.86,-4.5,92.9,451.5,-418.1,0,70,9:45:10
5.7,-5.27,93.1,530.7,-490.6,0,70,9:45:15
5.63,-5.16,93.1,524.2,-480.4,0,70,9:45:20
5.54,-5.06,93.1,515.8,-471.1,0,70,9:45:25
5.68,-5,93.1,528.8,-465.5,0,70,9:45:30
5.78,0.67,92.1,532.3,61.7,0,69,9:45:35
5.82,1.26,92.1,536,116,0,69,9:45:40
5.89,3.19,91.6,539.5,292.2,0,68,9:45:45
5.92,3.16,91.6,542.3,289.5,0,67,9:45:50
6.19,5.83,91.1,563.9,531.1,0,66,9:45:55
6.19,5.75,91.1,563.9,523.8,0,65,9:46:00
6.29,5.68,91.1,573,517.4,0,62,9:46:05
6.19,6.78,90.9,562.7,616.3,0,61,9:46:10
6.15,8.72,90.4,556,788.3,0,60,9:46:15
6.14,8.74,90.4,555.1,790.1,0,61,9:46:20
6.15,8.74,90.4,556,790.1,0,62,9:46:25
6.25,8.63,90.3,564.4,779.3,0,64,9:46:30
6.27,9.05,90.3,566.2,817.2,0,65,9:46:35
6.03,7.11,90.6,546.3,644.2,0,67,9:46:40
6.11,6.21,90.8,554.8,563.9,0,68,9:46:45
6.03,6.16,90.8,547.5,559.3,0,68,9:46:50
6.32,6.19,90.7,573.2,561.4,0,68,9:46:55
6.05,5.99,90.7,548.7,543.3,0,68,9:47:00
6.19,6.18,90.7,561.4,560.5,0,68,9:47:05
6.21,6.55,90.6,562.6,593.4,0,69,9:47:10
6.21,6.33,90.7,563.2,574.1,0,69,9:47:15
6.09,6.1,90.7,552.4,553.3,0,69,9:47:20
6.13,5.63,90.8,556.6,511.2,0,69,9:47:25
6.33,5.45,90.8,574.8,494.9,0,69,9:47:30
5.98,5.12,90.9,543.6,465.4,0,70,9:47:35
6.1,5.27,90.9,554.5,479,0,70,9:47:40
6.27,4.92,90.9,569.9,447.2,0,70,9:47:45
6.25,4.47,91.1,569.4,407.2,0,70,9:47:50
6.39,4.28,91,581.5,389.5,0,70,9:47:55
6.36,4.16,91,578.8,378.6,0,70,9:48:00
6.3,3.83,91.1,573.9,348.9,0,70,9:48:05
6.24,4.34,91.1,568.5,395.4,0,70,9:48:10
6.32,4.86,90.9,574.5,441.8,0,70,9:48:15
6.3,5.01,90.9,572.7,455.4,0,70,9:48:20
6.21,5.02,90.9,564.5,456.3,0,70,9:48:25
6.01,5.01,90.9,546.3,455.4,0,69,9:48:30
6.37,5.6,90.8,578.4,508.5,0,69,9:48:35
5.45,6.17,90.7,494.3,559.6,0,69,9:48:40
5.4,6.45,90.6,489.2,584.4,0,69,9:48:45
5.94,6.61,90.5,537.6,598.2,0,69,9:48:50
5.14,7.53,90.4,464.7,680.7,0,68,9:48:55
4.39,8.27,90.2,396,746,0,68,9:49:00
4.25,8.19,90.2,383.4,738.7,0,68,9:49:05
5.6,7.27,90.3,505.7,656.5,0,68,9:49:10
6.32,6.14,90.5,572,555.7,0,69,9:49:15
6.15,5.6,90.6,557.2,507.4,0,69,9:49:20
6.32,5.08,90.8,573.9,461.3,0,70,9:49:25
6.23,4.68,90.8,565.7,424.9,0,70,9:49:30
6.33,4.11,90.9,575.4,373.6,0,70,9:49:35
6.48,3.74,91,589.7,340.3,0,70,9:49:40
6.11,2.71,91.3,557.8,247.4,0,71,9:49:45
6.3,3.12,91.1,573.9,284.2,0,71,9:49:50
6.24,2.64,91.2,569.1,240.8,0,71,9:49:55
6.14,2.9,91.2,560,264.5,0,71,9:50:00
6.13,3.23,91.1,558.4,294.3,0,71,9:50:05
6.17,2.91,91.2,562.7,265.4,0,71,9:50:10
5.83,3.97,91,530.5,361.3,0,70,9:50:15
5.88,4.17,91,535.1,379.5,0,70,9:50:20
5.93,4.37,91.1,540.2,398.1,0,70,9:50:25
5.89,4.76,90.8,534.8,432.2,0,70,9:50:30
5.88,5.18,90.7,533.3,469.8,0,70,9:50:35
6.01,4.85,90.8,545.7,440.4,0,70,9:50:40
5.5,4.99,90.8,499.4,453.1,0,70,9:50:45
5.37,5.56,90.6,486.5,503.7,0,70,9:50:50
5.36,5.26,90.7,486.2,477.1,0,70,9:50:55
5.16,4.88,90.7,468,442.6,0,70,9:51:00
5.07,5.46,90.7,459.8,495.2,0,70,9:51:05
5.12,5.78,90.6,463.9,523.7,0,70,9:51:10
5.28,5.87,90.6,478.4,531.8,0,69,9:51:15
5.44,5.53,90.6,492.9,501,0,69,9:51:20
4.98,5.74,90.5,450.7,519.5,0,70,9:51:25
4.89,5.52,90.6,443,500.1,0,70,9:51:30
4.97,5.03,90.7,450.8,456.2,0,70,9:51:35
4.94,4.64,90.8,448.6,421.3,0,70,9:51:40
5.01,4.95,90.7,454.4,449,0,70,9:51:45
5.27,5.12,90.6,477.5,463.9,0,70,9:51:50
5.19,5.02,90.7,470.7,455.3,0,70,9:51:55
5.27,4.6,90.8,478.5,417.7,0,70,9:52:00
5.91,3.86,90.9,537.2,350.9,0,70,9:52:05
5.83,3.65,91,530.5,332.2,0,70,9:52:10
5.9,3.65,90.9,536.3,331.8,0,70,9:52:15
6.04,3.92,90.9,549,356.3,0,70,9:52:20
5.77,3.91,90.9,524.5,355.4,0,70,9:52:25
5.85,3.84,90.9,531.8,349.1,0,71,9:52:30
5.78,3.43,91,526,312.1,0,70,9:52:35
5.84,3.43,91,531.4,312.1,0,70,9:52:40
6,3.63,90.9,545.4,330,0,71,9:52:45
6.17,2.94,91,561.5,267.5,0,71,9:52:50
5.85,3.43,91,532.4,312.1,0,71,9:52:55
5.93,2.65,91.2,540.8,241.7,0,71,9:53:00
5.88,3.21,91,535.1,292.1,0,71,9:53:05
5.88,2.7,91.1,535.7,246,0,71,9:53:10
5.86,2.99,91.1,533.8,272.4,0,71,9:53:15
5.82,3.15,91,529.6,286.7,0,71,9:53:20
5.94,2.82,91.1,541.1,256.9,0,71,9:53:25
6.14,3.26,91,558.7,296.7,0,71,9:53:30
5.96,2.31,91.2,543.6,210.7,0,71,9:53:35
6.11,2,91.3,557.8,182.6,0,71,9:53:40
6.22,1.85,91.3,567.9,168.9,0,71,9:53:45
6.36,1.43,91.3,580.7,130.6,0,72,9:53:50
6.26,0.88,91.4,572.2,80.4,0,72,9:53:55
6.34,1.12,91.4,579.5,102.4,0,72,9:54:00
6.28,-0.49,91.7,575.9,-44.9,0,72,9:54:05
6.26,-2.42,92.1,576.5,-222.9,0,72,9:54:10
6.05,-5.8,92.7,560.8,-537.7,0,71,9:54:15
5.88,-5.31,92.7,545.1,-492.2,0,69,9:54:20
5.93,-1.85,92.1,546.2,-170.4,0,68,9:54:25
5.86,0.35,91.7,537.4,32.1,0,68,9:54:30
5.37,-27.02,96.6,518.7,-2610.1,0,65,9:54:35
5.54,-4.85,92.7,513.6,-449.6,0,60,9:54:40
5.31,-4.65,92.7,492.2,-431.1,0,58,9:54:45
5.71,0.98,91.7,523.6,89.9,0,59,9:54:50
5.63,-1.41,92.1,518.5,-129.9,0,59,9:54:55
5.83,2.48,91.5,533.4,226.9,0,59,9:55:00
5.57,2.69,91.3,508.5,245.6,0,60,9:55:05
5.96,2.34,91.4,544.7,213.9,0,61,9:55:10
6,2.33,91.3,547.8,212.7,0,61,9:55:15
5.86,-5.15,92.7,543.2,-477.4,0,59,9:55:20
5.92,0.44,91.8,543.5,40.4,0,58,9:55:25
5.97,-4.92,92.7,553.4,-456.1,0,58,9:55:30
5.9,-5.2,92.8,547.5,-482.6,0,55,9:55:35
5.49,-29.03,97.1,533.1,-2818.8,0,49,9:55:40
5.65,-22.97,96.1,543,-2207.4,0,39,9:55:45
5.97,-12.05,94.2,562.4,-1135.1,0,27,9:55:50
5.61,2.22,91.7,514.4,203.6,0,26,9:55:55
5.69,6.33,90.9,517.2,575.4,0,32,9:56:00
5.59,10.69,90,503.1,962.1,0,39,9:56:05
5.84,6.66,90.7,529.7,604.1,0,44,9:56:10
5.46,0.08,91.8,501.2,7.3,0,46,9:56:15
5.55,0.15,91.9,510,13.8,0,46,9:56:20
5.37,-2.66,92.4,496.2,-245.8,0,46,9:56:25
5.01,-4.36,92.6,463.9,-403.7,0,44,9:56:30
5.15,-4.49,92.7,477.4,-416.2,0,42,9:56:35
5.2,-1.22,92.2,479.4,-112.5,0,41,9:56:40
1.31,-1.04,92.2,120.8,-95.9,0,41,9:56:45
4.88,-14.03,94.5,461.2,-1325.8,0,31,9:56:50
5.69,-7.02,93.3,530.9,-655,0,23,9:56:55
5.76,-7.41,93.3,537.4,-691.4,0,24,9:57:00
6.03,-1.67,92.4,557.2,-154.3,0,23,9:57:05
6.03,-2.02,92.4,557.2,-186.6,0,24,9:57:10
5.92,-7.23,93.3,552.3,-674.6,0,22,9:57:15
5.9,-8.68,93.6,552.2,-812.4,0,19,9:57:20
5.96,-6.38,93.2,555.5,-594.6,0,8,9:57:25
6.1,-5.37,93,567.3,-499.4,0,0,9:57:30
6.1,-5.38,93,567.3,-500.3,0,0,9:57:35
6.07,-5.37,93,564.5,-499.4,0,0,9:57:40
6.1,-5.4,93.1,567.9,-502.7,0,0,9:57:45
6.09,-5.4,93.1,567,-502.7,0,0,9:57:50
6.06,-5.35,93.1,564.2,-498.1,0,0,9:57:55
6.14,-5.44,93.1,571.6,-506.5,0,0,9:58:00
6.22,-5.52,93.1,579.1,-513.9,0,0,9:58:05
6.21,-5.5,93.1,578.2,-512.1,0,0,9:58:10
6.17,-5.47,93.1,574.4,-509.3,0,0,9:58:15
6.23,-5.52,93.2,580.6,-514.5,0,0,9:58:20
6.23,-5.52,93.2,580.6,-514.5,0,0,9:58:25
6.19,-5.49,93.2,576.9,-511.7,0,0,9:58:30
5.76,-5.09,93.1,536.3,-473.9,0,0,9:58:35
5.83,-5.15,93.1,542.8,-479.5,0,0,9:58:40
5.88,-5.2,93.2,548,-484.6,0,0,9:58:45
5.54,-4.88,93.1,515.8,-454.3,0,0,9:58:50
5.4,-4.75,93.1,502.7,-442.2,0,0,9:58:55
6.04,-5.33,93.3,563.5,-497.3,0,0,9:59:00
6.04,-5.35,93.3,563.5,-499.2,0,0,9:59:05
6.08,-5.38,93.3,567.3,-502,0,0,9:59:10
6.08,-5.38,93.3,567.3,-502,0,0,9:59:15
6.08,-5.37,93.3,567.3,-501,0,0,9:59:20
6.09,-5.38,93.3,568.2,-502,0,0,9:59:25
6.09,-5.39,93.3,568.2,-502.9,0,0,9:59:30
6.08,-5.38,93.3,567.3,-502,0,0,9:59:35
6.11,-5.41,93.3,570.1,-504.8,0,0,9:59:40
6.11,-5.41,93.3,570.1,-504.8,0,0,9:59:45
6.1,-5.4,93.3,569.1,-503.8,0,0,9:59:50
6.1,-5.4,93.3,569.1,-503.8,0,0,9:59:55
6.09,-5.4,93.3,568.2,-503.8,0,0,10:00:00
6.09,-5.4,93.3,568.2,-503.8,0,0,10:00:05
6.08,-5.38,93.3,567.3,-502,0,0,10:00:10
6.1,-5.4,93.3,569.1,-503.8,0,0,10:00:15
6.09,-5.39,93.4,568.8,-503.4,0,0,10:00:20
6.1,-5.41,93.4,569.7,-505.3,0,0,10:00:25
6.1,-5.41,93.4,569.7,-505.3,0,0,10:00:30
6.09,-5.39,93.4,568.8,-503.4,0,0,10:00:35
6.09,-5.39,93.3,568.2,-502.9,0,0,10:00:40
6.08,-5.38,93.4,567.9,-502.5,0,0,10:00:45
6.11,-5.41,93.4,570.7,-505.3,0,0,10:00:50
6.1,-5.41,93.4,569.7,-505.3,0,0,10:00:55
6.11,-5.42,93.4,570.7,-506.2,0,0,10:01:00
6.11,-5.42,93.4,570.7,-506.2,0,0,10:01:05
6.11,-5.42,93.4,570.7,-506.2,0,0,10:01:10
6.12,-5.42,93.4,571.6,-506.2,0,0,10:01:15
6.13,-5.42,93.4,572.5,-506.2,0,0,10:01:20
6.12,-5.42,93.4,571.6,-506.2,0,0,10:01:25
6.11,-5.42,93.4,570.7,-506.2,0,0,10:01:30
6.12,-5.42,93.4,571.6,-506.2,0,0,10:01:35
6.12,-5.42,93.4,571.6,-506.2,0,0,10:01:40
6.11,-5.41,93.4,570.7,-505.3,0,0,10:01:45
6.12,-5.42,93.5,572.2,-506.8,0,0,10:01:50
6.12,-5.43,93.5,572.2,-507.7,0,0,10:01:55
6.14,-5.44,93.6,574.7,-509.2,0,0,10:02:00
6.11,-5.41,93.5,571.3,-505.8,0,0,10:02:05
6.11,-5.41,93.5,571.3,-505.8,0,0,10:02:10
6.13,-5.43,93.6,573.8,-508.2,0,0,10:02:15
6.12,-5.43,93.6,572.8,-508.2,0,0,10:02:20
6.14,-5.44,93.6,574.7,-509.2,0,0,10:02:25
6.12,-5.43,93.6,572.8,-508.2,0,0,10:02:30
6.14,-5.44,93.6,574.7,-509.2,0,0,10:02:35
6.14,-5.44,93.6,574.7,-509.2,0,0,10:02:40
6.13,-5.44,93.6,573.8,-509.2,0,0,10:02:45
6.14,-5.44,93.6,574.7,-509.2,0,0,10:02:50
6.12,-5.43,93.6,572.8,-508.2,0,0,10:02:55
6.13,-5.43,93.6,573.8,-508.2,0,0,10:03:00
6.13,-5.43,93.6,573.8,-508.2,0,0,10:03:05
6.16,-5.46,93.6,576.6,-511.1,0,0,10:03:10
6.14,-5.44,93.6,574.7,-509.2,0,0,10:03:15
6.15,-5.44,93.6,575.6,-509.2,0,0,10:03:20
6.15,-5.44,93.6,575.6,-509.2,0,0,10:03:25
6.14,-5.44,93.6,574.7,-509.2,0,0,10:03:30
6.15,-5.45,93.6,575.6,-510.1,0,0,10:03:35
6.15,-5.44,93.6,575.6,-509.2,0,0,10:03:40
6.17,-5.46,93.7,578.1,-511.6,0,0,10:03:45
6.16,-5.45,93.7,577.2,-510.7,0,0,10:03:50
6.16,-5.45,93.7,577.2,-510.7,0,0,10:03:55
6.17,-5.46,93.7,578.1,-511.6,0,0,10:04:00
6.17,-5.47,93.7,578.1,-512.5,0,0,10:04:05
6.17,-5.46,93.7,578.1,-511.6,0,0,10:04:10
6.17,-5.46,93.7,578.1,-511.6,0,0,10:04:15
6.18,-5.47,93.7,579.1,-512.5,0,0,10:04:20
6.17,-5.46,93.7,578.1,-511.6,0,0,10:04:25
6.18,-5.48,93.7,579.1,-513.5,0,0,10:04:30
6.16,-5.46,93.7,577.2,-511.6,0,0,10:04:35
6.17,-5.46,93.7,578.1,-511.6,0,0,10:04:40
6.17,-5.47,93.7,578.1,-512.5,0,0,10:04:45
6.19,-5.47,93.7,580,-512.5,0,0,10:04:50
6.17,-5.46,93.7,578.1,-511.6,0,0,10:04:55
6.19,-5.48,93.8,580.6,-514,0,0,10:05:00
6.19,-5.49,93.8,580.6,-515,0,0,10:05:05
6.18,-5.47,93.8,579.7,-513.1,0,0,10:05:10
6.18,-5.47,93.8,579.7,-513.1,0,0,10:05:15
6.17,-5.47,93.9,579.4,-513.6,0,0,10:05:20
6.19,-5.48,93.9,581.2,-514.6,0,0,10:05:25
6.18,-5.47,93.9,580.3,-513.6,0,0,10:05:30
6.16,-5.46,93.9,578.4,-512.7,0,0,10:05:35
6.18,-5.48,93.9,580.3,-514.6,0,0,10:05:40
6.19,-5.49,93.9,581.2,-515.5,0,0,10:05:45
6.19,-5.49,93.9,581.2,-515.5,0,0,10:05:50
6.2,-5.49,93.9,582.2,-515.5,0,0,10:05:55
6.2,-5.49,93.9,582.2,-515.5,0,0,10:06:00
6.21,-5.5,93.9,583.1,-516.5,0,0,10:06:05
6.2,-5.5,93.9,582.2,-516.5,0,0,10:06:10
6.19,-5.49,93.9,581.2,-515.5,0,0,10:06:15
6.2,-5.49,93.9,582.2,-515.5,0,0,10:06:20
6.19,-5.48,93.9,581.2,-514.6,0,0,10:06:25
6.19,-5.49,93.9,581.2,-515.5,0,0,10:06:30
6.18,-5.47,93.9,580.3,-513.6,0,0,10:06:35
6.19,-5.49,93.9,581.2,-515.5,0,0,10:06:40
6.2,-5.5,93.9,582.2,-516.5,0,0,10:06:45
6.23,-5.52,93.9,585,-518.3,0,0,10:06:50
6.23,-5.52,94,585.6,-518.9,0,0,10:06:55
6.23,-5.53,94,585.6,-519.8,0,0,10:07:00
6.23,-5.52,94,585.6,-518.9,0,0,10:07:05
6.23,-5.52,94,585.6,-518.9,0,0,10:07:10
6.24,-5.54,94,586.6,-520.8,0,0,10:07:15
6.22,-5.51,94,584.7,-517.9,0,0,10:07:20
6.22,-5.51,94,584.7,-517.9,0,0,10:07:25
6.23,-5.52,94,585.6,-518.9,0,0,10:07:30
6.22,-5.52,94,584.7,-518.9,0,0,10:07:35
6.21,-5.51,94,583.7,-517.9,0,0,10:07:40
6.25,-5.54,94,587.5,-520.8,0,0,10:07:45
6.25,-5.55,94,587.5,-521.7,0,0,10:07:50
6.23,-5.52,94,585.6,-518.9,0,0,10:07:55
6.26,-5.55,94,588.4,-521.7,0,0,10:08:00
6.24,-5.53,94.1,587.2,-520.4,0,0,10:08:05
6.23,-5.53,94,585.6,-519.8,0,0,10:08:10
6.25,-5.54,94.1,588.1,-521.3,0,0,10:08:15
6.26,-5.55,94.1,589.1,-522.3,0,0,10:08:20
6.26,-5.56,94.1,589.1,-523.2,0,0,10:08:25
6.26,-5.55,94.2,589.7,-522.8,0,0,10:08:30
6.24,-5.54,94.2,587.8,-521.9,0,0,10:08:35
6.26,-5.56,94.2,589.7,-523.8,0,0,10:08:40
6.25,-5.54,94.2,588.8,-521.9,0,0,10:08:45
6.27,-5.56,94.2,590.6,-523.8,0,0,10:08:50
6.27,-5.56,94.2,590.6,-523.8,0,0,10:08:55
6.25,-5.54,94.2,588.8,-521.9,0,0,10:09:00
6.27,-5.56,94.2,590.6,-523.8,0,0,10:09:05
6.26,-5.56,94.2,589.7,-523.8,0,0,10:09:10
6.26,-5.55,94.2,589.7,-522.8,0,0,10:09:15
6.26,-5.56,94.2,589.7,-523.8,0,0,10:09:20
6.27,-5.56,94.2,590.6,-523.8,0,0,10:09:25
6.27,-5.56,94.2,590.6,-523.8,0,0,10:09:30
6.28,-5.58,94.2,591.6,-525.6,0,0,10:09:35
6.3,-5.59,94.2,593.5,-526.6,0,0,10:09:40
6.27,-5.56,94.3,591.3,-524.3,0,0,10:09:45
6.25,-5.54,94.2,588.8,-521.9,0,0,10:09:50
6.27,-5.56,94.3,591.3,-524.3,0,0,10:09:55
6.26,-5.55,94.3,590.3,-523.4,0,0,10:10:00
6.28,-5.57,94.3,592.2,-525.3,0,0,10:10:05
6.26,-5.56,94.3,590.3,-524.3,0,0,10:10:10
6.25,-5.55,94.3,589.4,-523.4,0,0,10:10:15
6.27,-5.56,94.3,591.3,-524.3,0,0,10:10:20
6.28,-5.58,94.3,592.2,-526.2,0,0,10:10:25
6.25,-5.55,94.3,589.4,-523.4,0,0,10:10:30
6.26,-5.56,94.3,590.3,-524.3,0,0,10:10:35
6.26,-5.56,94.3,590.3,-524.3,0,0,10:10:40
6.26,-5.55,94.3,590.3,-523.4,0,0,10:10:45
6.28,-5.56,94.3,592.2,-524.3,0,0,10:10:50
6.26,-5.55,94.3,590.3,-523.4,0,0,10:10:55
6.29,-5.57,94.3,593.1,-525.3,0,0,10:11:00
6.28,-5.57,94.4,592.8,-525.8,0,0,10:11:05
6.27,-5.57,94.3,591.3,-525.3,0,0,10:11:10
6.27,-5.56,94.4,591.9,-524.9,0,0,10:11:15
6.28,-5.57,94.4,592.8,-525.8,0,0,10:11:20
6.29,-5.58,94.4,593.8,-526.8,0,0,10:11:25
6.28,-5.56,94.5,593.5,-525.4,0,0,10:11:30
6.3,-5.59,94.5,595.4,-528.3,0,0,10:11:35
6.34,-5.62,94.5,599.1,-531.1,0,0,10:11:40
6.33,-5.62,94.5,598.2,-531.1,0,0,10:11:45
6.31,-5.6,94.5,596.3,-529.2,0,0,10:11:50
6.32,-5.61,94.5,597.2,-530.1,0,0,10:11:55
6.33,-5.61,94.5,598.2,-530.1,0,0,10:12:00
6.34,-5.62,94.5,599.1,-531.1,0,0,10:12:05
6.34,-5.62,94.5,599.1,-531.1,0,0,10:12:10
6.36,-5.65,94.5,601,-533.9,0,0,10:12:15
6.33,-5.61,94.5,598.2,-530.1,0,0,10:12:20
6.36,-5.64,94.5,601,-533,0,0,10:12:25
6.34,-5.62,94.5,599.1,-531.1,0,0,10:12:30
6.33,-5.62,94.5,598.2,-531.1,0,0,10:12:35
6.35,-5.62,94.5,600.1,-531.1,0,0,10:12:40
6.33,-5.61,94.5,598.2,-530.1,0,0,10:12:45
6.32,-5.6,94.5,597.2,-529.2,0,0,10:12:50
6.34,-5.62,94.5,599.1,-531.1,0,0,10:12:55
6.35,-5.62,94.5,600.1,-531.1,0,0,10:13:00
6.34,-5.62,94.6,599.8,-531.7,0,0,10:13:05
6.34,-5.62,94.6,599.8,-531.7,0,0,10:13:10
6.34,-5.62,94.6,599.8,-531.7,0,0,10:13:15
6.33,-5.62,94.6,598.8,-531.7,0,0,10:13:20
6.33,-5.61,94.6,598.8,-530.7,0,0,10:13:25
6.32,-5.61,94.6,597.9,-530.7,0,0,10:13:30
6.33,-5.61,94.6,598.8,-530.7,0,0,10:13:35
6.32,-5.61,94.6,597.9,-530.7,0,0,10:13:40
6.32,-5.6,94.6,597.9,-529.8,0,0,10:13:45
6.32,-5.61,94.6,597.9,-530.7,0,0,10:13:50
6.33,-5.62,94.6,598.8,-531.7,0,0,10:13:55
6.33,-5.62,94.6,598.8,-531.7,0,0,10:14:00
6.35,-5.63,94.6,600.7,-532.6,0,0,10:14:05
6.35,-5.63,94.6,600.7,-532.6,0,0,10:14:10
6.36,-5.63,94.6,601.7,-532.6,0,0,10:14:15
6.35,-5.63,94.6,600.7,-532.6,0,0,10:14:20
6.34,-5.62,94.6,599.8,-531.7,0,0,10:14:25
6.37,-5.65,94.6,602.6,-534.5,0,0,10:14:30
6.38,-5.66,94.6,603.5,-535.4,0,0,10:14:35
6.38,-5.65,94.7,604.2,-535.1,0,0,10:14:40
6.37,-5.65,94.7,603.2,-535.1,0,0,10:14:45
6.38,-5.65,94.7,604.2,-535.1,0,0,10:14:50
6.4,-5.68,94.8,606.7,-538.5,0,0,10:14:55
6.37,-5.65,94.8,603.9,-535.6,0,0,10:15:00
6.39,-5.67,94.8,605.8,-537.5,0,0,10:15:05
6.39,-5.68,94.8,605.8,-538.5,0,0,10:15:10
6.38,-5.67,94.8,604.8,-537.5,0,0,10:15:15
6.38,-5.66,94.8,604.8,-536.6,0,0,10:15:20
6.39,-5.67,94.8,605.8,-537.5,0,0,10:15:25
6.39,-5.67,94.8,605.8,-537.5,0,0,10:15:30
6.34,-5.62,94.8,601,-532.8,0,0,10:15:35
6.35,-5.62,94.8,602,-532.8,0,0,10:15:40
6.34,-5.62,94.8,601,-532.8,0,0,10:15:45
6.35,-5.63,94.8,602,-533.7,0,0,10:15:50
6.35,-5.63,94.8,602,-533.7,0,0,10:15:55
6.36,-5.64,94.8,602.9,-534.7,0,0,10:16:00
6.38,-5.67,94.8,604.8,-537.5,0,0,10:16:05
6.4,-5.68,94.9,607.4,-539,0,0,10:16:10
6.39,-5.68,94.9,606.4,-539,0,0,10:16:15
6.4,-5.68,95,608,-539.6,0,0,10:16:20
6.39,-5.68,94.9,606.4,-539,0,0,10:16:25
6.41,-5.69,95,609,-540.6,0,0,10:16:30
6.38,-5.66,94.9,605.5,-537.1,0,0,10:16:35
6.4,-5.68,95,608,-539.6,0,0,10:16:40
6.4,-5.68,94.9,607.4,-539,0,0,10:16:45
6.39,-5.67,95,607.1,-538.7,0,0,10:16:50
6.42,-5.69,94.9,609.3,-540,0,0,10:16:55
6.4,-5.68,95,608,-539.6,0,0,10:17:00
6.42,-5.69,95,609.9,-540.6,0,0,10:17:05
6.42,-5.69,94.9,609.3,-540,0,0,10:17:10
6.43,-5.7,95,610.9,-541.5,0,0,10:17:15
6.42,-5.7,95,609.9,-541.5,0,0,10:17:20
6.43,-5.71,95,610.9,-542.5,0,0,10:17:25
6.44,-5.71,95,611.8,-542.5,0,0,10:17:30
6.44,-5.72,95,611.8,-543.4,0,0,10:17:35
6.43,-5.71,95,610.9,-542.5,0,0,10:17:40
6.43,-5.71,95,610.9,-542.5,0,0,10:17:45
6.43,-5.71,95,610.9,-542.5,0,0,10:17:50
6.44,-5.72,95,611.8,-543.4,0,0,10:17:55
6.43,-5.71,95,610.9,-542.5,0,0,10:18:00
6.43,-5.7,95,610.9,-541.5,0,0,10:18:05
6.44,-5.72,95,611.8,-543.4,0,0,10:18:10
6.45,-5.73,95,612.8,-544.4,0,0,10:18:15
6.45,-5.72,95,612.8,-543.4,0,0,10:18:20
6.47,-5.73,95,614.7,-544.4,0,0,10:18:25
6.45,-5.72,95,612.8,-543.4,0,0,10:18:30
6.46,-5.74,95.1,614.3,-545.9,0,0,10:18:35
6.42,-5.7,95.1,610.5,-542.1,0,0,10:18:40
6.42,-5.69,95.1,610.5,-541.1,0,0,10:18:45
6.41,-5.69,95.1,609.6,-541.1,0,0,10:18:50
6.42,-5.7,95.1,610.5,-542.1,0,0,10:18:55
6.42,-5.69,95.1,610.5,-541.1,0,0,10:19:00
6.42,-5.7,95.1,610.5,-542.1,0,0,10:19:05
6.42,-5.7,95.1,610.5,-542.1,0,0,10:19:10
6.42,-5.7,95,609.9,-541.5,0,0,10:19:15
6.41,-5.7,95.1,609.6,-542.1,0,0,10:19:20
6.42,-5.69,95.1,610.5,-541.1,0,0,10:19:25
6.43,-5.71,95.1,611.5,-543,0,0,10:19:30
6.43,-5.7,95.1,611.5,-542.1,0,0,10:19:35
6.43,-5.71,95.1,611.5,-543,0,0,10:19:40
6.43,-5.71,95.2,612.1,-543.6,0,0,10:19:45
6.42,-5.7,95.1,610.5,-542.1,0,0,10:19:50
6.43,-5.71,95.1,611.5,-543,0,0,10:19:55
6.43,-5.71,95.1,611.5,-543,0,0,10:20:00
6.45,-5.72,95.3,614.7,-545.1,0,0,10:20:05
6.43,-5.71,95.2,612.1,-543.6,0,0,10:20:10
6.43,-5.71,95.3,612.8,-544.2,0,0,10:20:15
6.45,-5.72,95.3,614.7,-545.1,0,0,10:20:20
6.45,-5.72,95.3,614.7,-545.1,0,0,10:20:25
6.46,-5.73,95.3,615.6,-546.1,0,0,10:20:30
6.46,-5.73,95.3,615.6,-546.1,0,0,10:20:35
6.45,-5.73,95.3,614.7,-546.1,0,0,10:20:40
6.46,-5.72,95.3,615.6,-545.1,0,0,10:20:45
6.44,-5.72,95.3,613.7,-545.1,0,0,10:20:50
6.46,-5.73,95.3,615.6,-546.1,0,0,10:20:55
6.46,-5.74,95.3,615.6,-547,0,0,10:21:00
6.45,-5.73,95.3,614.7,-546.1,0,0,10:21:05
6.47,-5.73,95.3,616.6,-546.1,0,0,10:21:10
6.47,-5.74,95.3,616.6,-547,0,0,10:21:15
6.46,-5.73,95.3,615.6,-546.1,0,0,10:21:20
6.5,-5.78,95.3,619.5,-550.8,0,0,10:21:25
6.52,-5.79,95.3,621.4,-551.8,0,0,10:21:30
6.52,-5.79,95.3,621.4,-551.8,0,0,10:21:35
6.47,-5.73,95.3,616.6,-546.1,0,0,10:21:40
6.47,-5.74,95.3,616.6,-547,0,0,10:21:45
6.47,-5.74,95.3,616.6,-547,0,0,10:21:50
6.48,-5.75,95.3,617.5,-548,0,0,10:21:55
6.49,-5.76,95.3,618.5,-548.9,0,0,10:22:00
6.48,-5.75,95.3,617.5,-548,0,0,10:22:05
6.47,-5.74,95.3,616.6,-547,0,0,10:22:10
6.49,-5.76,95.3,618.5,-548.9,0,0,10:22:15
6.48,-5.75,95.3,617.5,-548,0,0,10:22:20
6.49,-5.76,95.3,618.5,-548.9,0,0,10:22:25
6.48,-5.76,95.3,617.5,-548.9,0,0,10:22:30
6.49,-5.77,95.4,619.1,-550.5,0,0,10:22:35
6.48,-5.76,95.4,618.2,-549.5,0,0,10:22:40
6.51,-5.78,95.4,621.1,-551.4,0,0,10:22:45
6.53,-5.8,95.4,623,-553.3,0,0,10:22:50
6.53,-5.79,95.4,623,-552.4,0,0,10:22:55
6.54,-5.81,95.3,623.3,-553.7,0,0,10:23:00
6.53,-5.8,95.4,623,-553.3,0,0,10:23:05
6.53,-5.8,95.4,623,-553.3,0,0,10:23:10
6.53,-5.8,95.4,623,-553.3,0,0,10:23:15
6.53,-5.81,95.4,623,-554.3,0,0,10:23:20
6.53,-5.8,95.4,623,-553.3,0,0,10:23:25
6.54,-5.8,95.4,623.9,-553.3,0,0,10:23:30
6.55,-5.81,95.4,624.9,-554.3,0,0,10:23:35
6.56,-5.83,95.4,625.8,-556.2,0,0,10:23:40
6.56,-5.84,95.5,626.5,-557.7,0,0,10:23:45
6.56,-5.83,95.5,626.5,-556.8,0,0,10:23:50
6.55,-5.83,95.5,625.5,-556.8,0,0,10:23:55
6.57,-5.85,95.4,626.8,-558.1,0,0,10:24:00
6.58,-5.85,95.5,628.4,-558.7,0,0,10:24:05
6.59,-5.86,95.5,629.3,-559.6,0,0,10:24:10
6.6,-5.87,95.5,630.3,-560.6,0,0,10:24:15
6.59,-5.86,95.5,629.3,-559.6,0,0,10:24:20
6.58,-5.85,95.5,628.4,-558.7,0,0,10:24:25
6.6,-5.88,95.6,631,-562.1,0,0,10:24:30
6.6,-5.87,95.6,631,-561.2,0,0,10:24:35
6.59,-5.86,95.5,629.3,-559.6,0,0,10:24:40
6.6,-5.86,95.6,631,-560.2,0,0,10:24:45
6.58,-5.85,95.5,628.4,-558.7,0,0,10:24:50
6.6,-5.87,95.6,631,-561.2,0,0,10:24:55
6.59,-5.87,95.6,630,-561.2,0,0,10:25:00
6.6,-5.87,95.6,631,-561.2,0,0,10:25:05
6.45,-5.72,95.6,616.6,-546.8,0,0,10:25:10
6.41,-5.69,95.6,612.8,-544,0,0,10:25:15
6.61,-5.88,95.6,631.9,-562.1,0,0,10:25:20
6.46,-5.74,95.6,617.6,-548.7,0,0,10:25:25
6.41,-5.69,95.6,612.8,-544,0,0,10:25:30
6.64,-5.89,95.6,634.8,-563.1,0,0,10:25:35
6.66,-5.91,95.6,636.7,-565,0,0,10:25:40
6.24,-5.53,95.6,596.5,-528.7,0,0,10:25:45
6.67,-5.92,95.6,637.7,-566,0,0,10:25:50
6.43,-5.7,95.6,614.7,-544.9,0,0,10:25:55
6.52,-5.78,95.6,623.3,-552.6,0,0,10:26:00
6.66,-5.92,95.6,636.7,-566,0,0,10:26:05
6.68,-5.93,95.6,638.6,-566.9,0,0,10:26:10
6.68,-5.94,95.6,638.6,-567.9,0,0,10:26:15
6.7,-5.96,95.6,640.5,-569.8,0,0,10:26:20
6.61,-5.87,95.7,632.6,-561.8,0,0,10:26:25
6.64,-5.52,95.6,634.8,-527.7,0,0,10:26:30
6.62,-5.88,95.6,632.9,-562.1,0,0,10:26:35
6.62,-5.89,95.6,632.9,-563.1,0,0,10:26:40
6.6,-5.86,95.7,631.6,-560.8,0,0,10:26:45
6.62,-5.87,95.7,633.5,-561.8,0,0,10:26:50
6.64,-5.9,95.7,635.4,-564.6,0,0,10:26:55
6.62,-5.89,95.7,633.5,-563.7,0,0,10:27:00
6.61,-5.88,95.7,632.6,-562.7,0,0,10:27:05
6.62,-5.88,95.7,633.5,-562.7,0,0,10:27:10
6.63,-5.89,95.7,634.5,-563.7,0,0,10:27:15
6.61,-5.88,95.7,632.6,-562.7,0,0,10:27:20
6.63,-5.89,95.7,634.5,-563.7,0,0,10:27:25
6.63,-5.87,95.7,634.5,-561.8,0,0,10:27:30
6.64,-5.88,95.7,635.4,-562.7,0,0,10:27:35
6.64,-5.88,95.7,635.4,-562.7,0,0,10:27:40
6.64,-5.87,95.7,635.4,-561.8,0,0,10:27:45
6.64,-5.88,95.7,635.4,-562.7,0,0,10:27:50
6.64,-5.88,95.7,635.4,-562.7,0,0,10:27:55
6.64,-5.88,95.7,635.4,-562.7,0,0,10:28:00
6.63,-5.87,95.7,634.5,-561.8,0,0,10:28:05
6.65,-5.89,95.7,636.4,-563.7,0,0,10:28:10
6.65,-5.88,95.7,636.4,-562.7,0,0,10:28:15
6.64,-5.88,95.7,635.4,-562.7,0,0,10:28:20
6.65,-5.89,95.8,637.1,-564.3,0,0,10:28:25
6.65,-5.88,95.8,637.1,-563.3,0,0,10:28:30
6.66,-5.89,95.8,638,-564.3,0,0,10:28:35
6.64,-5.89,95.8,636.1,-564.3,0,0,10:28:40
6.66,-5.91,95.8,638,-566.2,0,0,10:28:45
6.67,-5.91,95.8,639,-566.2,0,0,10:28:50
6.67,-5.92,95.8,639,-567.1,0,0,10:28:55
6.67,-5.91,95.9,639.7,-566.8,0,0,10:29:00
6.68,-5.91,95.8,639.9,-566.2,0,0,10:29:05
6.81,-2.45,95.3,649,-233.5,0,6,10:29:10
6.15,-1.8,95.1,584.9,-171.2,0,9,10:29:15
6.42,0.9,94.5,606.7,85.1,0,16,10:29:20
6.43,0.91,94.5,607.6,86,0,22,10:29:25
6.59,0.64,94.6,623.4,60.5,0,26,10:29:30
6.6,-5.43,95.6,631,-519.1,0,27,10:29:35
6.6,-5.85,95.7,631.6,-559.8,0,24,10:29:40
6.6,-7.45,96,633.6,-715.2,0,11,10:29:45
6.48,-5.72,95.7,620.1,-547.4,0,0,10:29:50
6.56,-5.81,95.8,628.4,-556.6,0,0,10:29:55
6.6,-5.85,95.7,631.6,-559.8,0,0,10:30:00
6.65,-5.63,95.8,637.1,-539.4,0,0,10:30:05
6.74,0.7,94.6,637.6,66.2,0,7,10:30:10
6.79,0.73,94.6,642.3,69.1,0,10,10:30:15
7.15,4.22,93.9,671.4,396.3,0,17,10:30:20
7.31,4.02,93.9,686.4,377.5,0,23,10:30:25
7.41,2,94.3,698.8,188.6,0,27,10:30:30
6.24,2.88,94.1,587.2,271,0,29,10:30:35
7.27,2.05,94.2,684.8,193.1,0,30,10:30:40
7.36,1.93,94.3,694,182,0,31,10:30:45
7.46,1.9,94.2,702.7,179,0,31,10:30:50
7.47,5.47,93.6,699.2,512,0,32,10:30:55
7.53,5.77,93.5,704.1,539.5,0,34,10:31:00
7.5,5.74,93.4,700.5,536.1,0,36,10:31:05
7.55,5.72,93.4,705.2,534.2,0,36,10:31:10
7.17,6.05,93.4,669.7,565.1,0,37,10:31:15
7.39,5.86,93.3,689.5,546.7,0,37,10:31:20
7.81,-6.88,95.6,746.6,-657.7,0,33,10:31:25
7.89,-6.9,95.7,755.1,-660.3,0,25,10:31:30
7.75,-6.24,95.6,740.9,-596.5,0,18,10:31:35
7.93,-0.43,94.6,750.2,-40.7,0,17,10:31:40
6.59,-2.58,95,626.1,-245.1,0,18,10:31:45
7.32,2.14,94.2,689.5,201.6,0,19,10:31:50
7.69,-6.85,95.7,735.9,-655.5,0,14,10:31:55
7.99,-7.12,95.9,766.2,-682.8,0,5,10:32:00
7.98,-7.12,95.9,765.3,-682.8,0,0,10:32:05
7.97,-7.11,95.9,764.3,-681.8,0,0,10:32:10
7.94,-7.1,95.9,761.4,-680.9,0,0,10:32:15
6.99,-6.23,95.8,669.6,-596.8,0,0,10:32:20
7.93,-7.1,95.9,760.5,-680.9,0,0,10:32:25
7.18,-6.4,95.9,688.6,-613.8,0,0,10:32:30
5.64,-4.97,95.6,539.2,-475.1,0,0,10:32:35
7.07,-6.3,95.9,678,-604.2,0,0,10:32:40
7.62,-6.81,95.9,730.8,-653.1,0,0,10:32:45
5.57,-4.91,95.6,532.5,-469.4,0,0,10:32:50
7.34,-6.55,95.9,703.9,-628.1,0,0,10:32:55
7.26,-6.49,95.9,696.2,-622.4,0,0,10:33:00
7.87,-7.05,96,755.5,-676.8,0,0,10:33:05
6.9,-6.15,95.9,661.7,-589.8,0,0,10:33:10
7.58,-6.77,96,727.7,-649.9,0,0,10:33:15
6.57,-5.84,95.9,630.1,-560.1,0,0,10:33:20
7.24,-6.46,95.9,694.3,-619.5,0,0,10:33:25
7.38,-6.6,96,708.5,-633.6,0,0,10:33:30
7.34,-6.55,96,704.6,-628.8,0,0,10:33:35
4.95,-4.33,95.7,473.7,-414.4,0,0,10:33:40
4.88,-4.26,95.6,466.5,-407.3,0,0,10:33:45
5.7,-5.03,95.7,545.5,-481.4,0,0,10:33:50
5.71,-5.05,95.7,546.4,-483.3,0,0,10:33:55
5.95,-5.27,95.9,570.6,-505.4,0,0,10:34:00
5.95,-5.27,95.9,570.6,-505.4,0,0,10:34:05
5.77,-5.09,95.9,553.3,-488.1,0,0,10:34:10
5.84,-5.16,95.9,560.1,-494.8,0,0,10:34:15
5.64,-4.98,95.8,540.3,-477.1,0,0,10:34:20
7.03,-6.27,96,674.9,-601.9,0,0,10:34:25
6.13,-5.43,95.8,587.3,-520.2,0,0,10:34:30
6.57,-5.84,95.9,630.1,-560.1,0,0,10:34:35
7.08,-6.31,96,679.7,-605.8,0,0,10:34:40
7.18,-6.41,96.1,690,-616,0,0,10:34:45
7.3,-6.51,96.2,702.3,-626.3,0,0,10:34:50
7.04,-6.27,96,675.8,-601.9,0,0,10:34:55
7.24,-6.45,96.2,696.5,-620.5,0,0,10:35:00
6.61,-5.88,96,634.6,-564.5,0,0,10:35:05
7.31,-6.52,96.2,703.2,-627.2,0,0,10:35:10
7.23,-6.45,96.1,694.8,-619.8,0,0,10:35:15
7.34,-6.55,96.1,705.4,-629.5,0,0,10:35:20
7.35,-6.57,96.2,707.1,-632,0,0,10:35:25
7.47,-6.67,96.2,718.6,-641.7,0,0,10:35:30
7.48,-6.67,96.2,719.6,-641.7,0,0,10:35:35
7.45,-6.66,96.2,716.7,-640.7,0,0,10:35:40
7.47,-6.68,96.2,718.6,-642.6,0,0,10:35:45
7.45,-6.66,96.2,716.7,-640.7,0,0,10:35:50
7.49,-6.68,96.2,720.5,-642.6,0,0,10:35:55
7.49,-6.69,96.2,720.5,-643.6,0,0,10:36:00
7.49,-6.7,96.2,720.5,-644.5,0,0,10:36:05
7.5,-6.71,96.2,721.5,-645.5,0,0,10:36:10
7.36,-6.58,96.2,708,-633,0,0,10:36:15
7.51,-6.72,96.2,722.5,-646.5,0,0,10:36:20
7.51,-6.71,96.2,722.5,-645.5,0,0,10:36:25
7.51,-6.71,96.2,722.5,-645.5,0,0,10:36:30
7.51,-6.71,96.3,723.2,-646.2,0,0,10:36:35
7.22,-6.45,96.2,694.6,-620.5,0,0,10:36:40
7.51,-6.72,96.3,723.2,-647.1,0,0,10:36:45
7.5,-6.71,96.2,721.5,-645.5,0,0,10:36:50
7.5,-6.7,96.3,722.3,-645.2,0,0,10:36:55
7.5,-6.7,96.3,722.3,-645.2,0,0,10:37:00
7.49,-6.7,96.3,721.3,-645.2,0,0,10:37:05
7.51,-6.71,96.3,723.2,-646.2,0,0,10:37:10
7.52,-6.72,96.3,724.2,-647.1,0,0,10:37:15
7.66,0,95.2,729.2,0,0,0,10:37:20
6.56,1.47,94.9,622.5,139.5,0,8,10:37:25
6.74,0.61,95,640.3,58,0,17,10:37:30
6.86,0.49,95,651.7,46.6,0,22,10:37:35
7,0.38,95,665,36.1,0,26,10:37:40
6.92,0.41,95,657.4,39,0,29,10:37:45
6.88,0.46,95,653.6,43.7,0,32,10:37:50
6.88,0.45,95,653.6,42.8,0,34,10:37:55
6.88,0.46,95,653.6,43.7,0,35,10:38:00
7.01,0.38,95,666,36.1,0,37,10:38:05
7.07,0.32,95,671.7,30.4,0,38,10:38:10
6.98,0.37,95,663.1,35.2,0,39,10:38:15
6.87,0.48,95,652.7,45.6,0,41,10:38:20
6.86,0.49,95,651.7,46.6,0,42,10:38:25
6.84,0.51,95,649.8,48.5,0,43,10:38:30
7,0.37,95,665,35.2,0,44,10:38:35
7.02,0.37,95,666.9,35.2,0,46,10:38:40
7,0.41,94.9,664.3,38.9,0,47,10:38:45
6.62,0.69,94.9,628.2,65.5,0,48,10:38:50
6.47,0.82,94.9,614,77.8,0,50,10:38:55
6.37,0.92,94.8,603.9,87.2,0,51,10:39:00
6.35,0.96,94.7,601.3,90.9,0,53,10:39:05
6.52,0.75,94.8,618.1,71.1,0,55,10:39:10
6.58,0.73,94.8,623.8,69.2,0,57,10:39:15
6.53,0.82,94.8,619,77.7,0,59,10:39:20
6.4,0.85,94.8,606.7,80.6,0,60,10:39:25
6.32,1.01,94.7,598.5,95.6,0,62,10:39:30
6.38,2.13,94.5,602.9,201.3,0,62,10:39:35
6.38,1.93,94.5,602.9,182.4,0,63,10:39:40
6.3,2.02,94.5,595.4,190.9,0,63,10:39:45
6.51,1.83,94.5,615.2,172.9,0,62,10:39:50
6.4,1.83,94.5,604.8,172.9,0,62,10:39:55
6.4,1.91,94.5,604.8,180.5,0,61,10:40:00
6.38,1.93,94.5,602.9,182.4,0,61,10:40:05
6.42,1.86,94.5,606.7,175.8,0,60,10:40:10
6.38,1.89,94.5,602.9,178.6,0,60,10:40:15
6.51,1.84,94.5,615.2,173.9,0,61,10:40:20
6.38,1.9,94.5,602.9,179.6,0,61,10:40:25
6.73,1.68,94.5,636,158.8,0,62,10:40:30
6.72,1.66,94.5,635,156.9,0,64,10:40:35
6.81,1.5,94.5,643.5,141.8,0,65,10:40:40
6.98,1.42,94.5,659.6,134.2,0,67,10:40:45
7.5,0.97,94.6,709.5,91.8,0,69,10:40:50
7.49,1.04,94.6,708.6,98.4,0,70,10:40:55
7.4,0.85,94.6,700,80.4,0,71,10:41:00
7.49,1.01,94.6,708.6,95.5,0,72,10:41:05
7.44,1.17,94.6,703.8,110.7,0,72,10:41:10
7.5,0.94,94.6,709.5,88.9,0,71,10:41:15
7.38,1.15,94.5,697.4,108.7,0,71,10:41:20
7.47,1.02,94.6,706.7,96.5,0,70,10:41:25
7.42,1.04,94.6,701.9,98.4,0,69,10:41:30
7.41,1.06,94.6,701,100.3,0,68,10:41:35
7.34,1.12,94.6,694.4,106,0,67,10:41:40
7.41,1.02,94.6,701,96.5,0,66,10:41:45
7.36,1.08,94.6,696.3,102.2,0,66,10:41:50
7.3,1.18,94.5,689.9,111.5,0,65,10:41:55
7.59,0.93,94.6,718,88,0,65,10:42:00
7.57,0.89,94.6,716.1,84.2,0,64,10:42:05
7.35,1.06,94.6,695.3,100.3,0,63,10:42:10
7.31,1.07,94.6,691.5,101.2,0,62,10:42:15
7.11,1.27,94.5,671.9,120,0,61,10:42:20
7.22,1.25,94.6,683,118.3,0,60,10:42:25
7.15,1.26,94.5,675.7,119.1,0,59,10:42:30
7.21,1.23,94.5,681.3,116.2,0,59,10:42:35
7.27,1.17,94.6,687.7,110.7,0,59,10:42:40
7.34,1.11,94.5,693.6,104.9,0,59,10:42:45
7.33,1.15,94.5,692.7,108.7,0,60,10:42:50
7.34,1.14,94.5,693.6,107.7,0,61,10:42:55
7.29,1.15,94.5,688.9,108.7,0,62,10:43:00
7.18,1.19,94.6,679.2,112.6,0,64,10:43:05
7.17,1.25,94.5,677.6,118.1,0,66,10:43:10
7.22,1.18,94.5,682.3,111.5,0,68,10:43:15
7.26,1.2,94.5,686.1,113.4,0,70,10:43:20
7.38,0.94,94.6,698.1,88.9,0,72,10:43:25
7.2,-6.7,95.9,690.5,-642.5,0,73,10:43:30
7.31,-6.6,95.9,701,-632.9,0,72,10:43:35
7.3,-6.49,95.9,700.1,-622.4,0,71,10:43:40
7.36,-6.55,96,706.6,-628.8,0,69,10:43:45
7.34,-6.54,96,704.6,-627.8,0,67,10:43:50
7.37,-6.57,96,707.5,-630.7,0,66,10:43:55
7.45,-1.04,95.2,709.2,-99,0,65,10:44:00
7.49,-1.07,95.2,713,-101.9,0,66,10:44:05
7.45,-0.97,95.1,708.5,-92.2,0,66,10:44:10
7.47,-1,95.1,710.4,-95.1,0,66,10:44:15
7.34,-0.57,95.1,698,-54.2,0,67,10:44:20
7.16,-0.73,95.1,680.9,-69.4,0,68,10:44:25
7.89,-1.42,95.2,751.1,-135.2,0,68,10:44:30
7.27,-0.8,95.1,691.4,-76.1,0,70,10:44:35
7.21,-0.75,95,685,-71.3,0,71,10:44:40
7.22,-0.8,95,685.9,-76,0,71,10:44:45
7.42,-0.94,95.1,705.6,-89.4,0,71,10:44:50
7.34,-0.88,95.1,698,-83.7,0,71,10:44:55
7.32,1.19,94.7,693.2,112.7,0,70,10:45:00
7.4,1.14,94.6,700,107.8,0,70,10:45:05
7.52,0.99,94.7,712.1,93.8,0,70,10:45:10
7.37,1.11,94.6,697.2,105,0,69,10:45:15
7.42,1.06,94.6,701.9,100.3,0,69,10:45:20
7.37,1.13,94.6,697.2,106.9,0,69,10:45:25
7.33,1.14,94.6,693.4,107.8,0,69,10:45:30
7.35,1.11,94.6,695.3,105,0,69,10:45:35
7.49,0.99,94.6,708.6,93.7,0,69,10:45:40
7.53,0.96,94.6,712.3,90.8,0,69,10:45:45
7.49,1.03,94.6,708.6,97.4,0,70,10:45:50
7.51,1.02,94.6,710.4,96.5,0,71,10:45:55
7.53,0.87,94.7,713.1,82.4,0,71,10:46:00
7.42,0.81,94.7,702.7,76.7,0,72,10:46:05
7.57,0.33,94.8,717.6,31.3,0,73,10:46:10
7.46,0.91,94.6,705.7,86.1,0,73,10:46:15
7.54,0.73,94.6,713.3,69.1,0,73,10:46:20
7.67,0.89,94.7,726.3,84.3,0,72,10:46:25
7.56,0.98,94.6,715.2,92.7,0,72,10:46:30
7.52,1.02,94.6,711.4,96.5,0,71,10:46:35
7.66,0.92,94.6,724.6,87,0,70,10:46:40
7.52,0.97,94.6,711.4,91.8,0,68,10:46:45
7.53,0.95,94.6,712.3,89.9,0,66,10:46:50
7.55,0.94,94.6,714.2,88.9,0,64,10:46:55
7.45,1.11,94.6,704.8,105,0,62,10:47:00
7.38,1.07,94.6,698.1,101.2,0,61,10:47:05
7.56,0.95,94.6,715.2,89.9,0,59,10:47:10
7.53,0.97,94.6,712.3,91.8,0,58,10:47:15
7.56,0.92,94.6,715.2,87,0,57,10:47:20
7.34,1.13,94.6,694.4,106.9,0,57,10:47:25
7.32,1.48,94.6,692.5,140,0,57,10:47:30
7.3,1.11,94.6,690.6,105,0,57,10:47:35
7.23,1.23,94.6,684,116.4,0,58,10:47:40
7.28,1.17,94.5,688,110.6,0,59,10:47:45
7.24,1.23,94.5,684.2,116.2,0,60,10:47:50
7.29,1.17,94.5,688.9,110.6,0,61,10:47:55
7.35,1.11,94.5,694.6,104.9,0,61,10:48:00
7.33,1.21,94.5,692.7,114.3,0,62,10:48:05
7.17,1.26,94.5,677.6,119.1,0,64,10:48:10
7.13,1.25,94.5,673.8,118.1,0,65,10:48:15
7.15,1.27,94.5,675.7,120,0,66,10:48:20
7.3,1.16,94.5,689.9,109.6,0,68,10:48:25
7.24,1.22,94.5,684.2,115.3,0,69,10:48:30
7.18,1.24,94.5,678.5,117.2,0,70,10:48:35
7.35,1.18,94.5,694.6,111.5,0,71,10:48:40
7.35,0.99,94.5,694.6,93.6,0,71,10:48:45
7.35,1.36,94.4,693.8,128.4,0,72,10:48:50
7.44,0.97,94.6,703.8,91.8,0,72,10:48:55
7.49,0.8,94.6,708.6,75.7,0,72,10:49:00
7.48,0.92,94.5,706.9,86.9,0,71,10:49:05
7.51,1.03,94.5,709.7,97.3,0,70,10:49:10
7.46,1.05,94.5,705,99.2,0,69,10:49:15
7.45,1.03,94.6,704.8,97.4,0,68,10:49:20
7.34,1.11,94.5,693.6,104.9,0,67,10:49:25
7.28,1.17,94.5,688,110.6,0,66,10:49:30
7.3,2.34,94.2,687.7,220.4,0,65,10:49:35
7.43,1.99,94.3,700.6,187.7,0,65,10:49:40
7.34,2.04,94.3,692.2,192.4,0,65,10:49:45
7.3,2.17,94.3,688.4,204.6,0,65,10:49:50
7.35,2.12,94.3,693.1,199.9,0,65,10:49:55
7.3,2.11,94.3,688.4,199,0,65,10:50:00
7.27,2.18,94.3,685.6,205.6,0,66,10:50:05
7.36,2.08,94.3,694,196.1,0,66,10:50:10
7.33,2.35,94.3,691.2,221.6,0,66,10:50:15
7.34,2.09,94.3,692.2,197.1,0,67,10:50:20
7.41,2.06,94.2,698,194.1,0,68,10:50:25
7.37,2.07,94.3,695,195.2,0,68,10:50:30
7.57,1.91,94.2,713.1,179.9,0,69,10:50:35
7.47,2.01,94.3,704.4,189.5,0,69,10:50:40
7.37,2.07,94.3,695,195.2,0,69,10:50:45
7.47,1.96,94.3,704.4,184.8,0,70,10:50:50
7.55,1.96,94.3,712,184.8,0,70,10:50:55
7.26,2.19,94.2,683.9,206.3,0,70,10:51:00
7.49,1.99,94.3,706.3,187.7,0,70,10:51:05
7.46,2.04,94.3,703.5,192.4,0,70,10:51:10
7.37,2.13,94.2,694.3,200.6,0,70,10:51:15
7.44,2.05,94.2,700.8,193.1,0,70,10:51:20
7.48,2.01,94.2,704.6,189.3,0,70,10:51:25
7.61,1.88,94.2,716.9,177.1,0,70,10:51:30
7.54,1.96,94.3,711,184.8,0,70,10:51:35
7.3,2.15,94.2,687.7,202.5,0,69,10:51:40
7.31,2.11,94.2,688.6,198.8,0,69,10:51:45
7.39,2.06,94.3,696.9,194.3,0,68,10:51:50
7.4,2.07,94.2,697.1,195,0,68,10:51:55
7.4,2.06,94.2,697.1,194.1,0,68,10:52:00
6.83,2.52,94.2,643.4,237.4,0,67,10:52:05
6.85,2.51,94.2,645.3,236.4,0,67,10:52:10
6.87,2.49,94.2,647.2,234.6,0,67,10:52:15
6.88,2.51,94.1,647.4,236.2,0,67,10:52:20
6.93,2.45,94.1,652.1,230.5,0,67,10:52:25
6.95,2.44,94.2,654.7,229.8,0,67,10:52:30
6.9,2.48,94.1,649.3,233.4,0,67,10:52:35
6.9,2.46,94.1,649.3,231.5,0,67,10:52:40
6.86,2.51,94.1,645.5,236.2,0,67,10:52:45
7.04,2.36,94.2,663.2,222.3,0,67,10:52:50
7.09,2.31,94.1,667.2,217.4,0,67,10:52:55
7.22,2.2,94.2,680.1,207.2,0,67,10:53:00
7.17,2.22,94.2,675.4,209.1,0,66,10:53:05
7.22,2.2,94.2,680.1,207.2,0,65,10:53:10
7.44,2,94.2,700.8,188.4,0,65,10:53:15
7.58,1.88,94.2,714,177.1,0,65,10:53:20
7.66,2.8,94,720,263.2,0,65,10:53:25
7.58,2.84,94,712.5,267,0,65,10:53:30
7.66,2.77,94,720,260.4,0,65,10:53:35
7.73,2.73,94,726.6,256.6,0,65,10:53:40
7.72,2.77,94,725.7,260.4,0,65,10:53:45
7.66,2.76,94,720,259.4,0,66,10:53:50
7.66,2.75,94,720,258.5,0,66,10:53:55
7.66,3.11,93.9,719.3,292,0,66,10:54:00
7.65,2.77,94,719.1,260.4,0,66,10:54:05
7.62,2.83,94,716.3,266,0,65,10:54:10
7.74,2.71,94,727.6,254.7,0,65,10:54:15
7.71,2.77,94,724.7,260.4,0,65,10:54:20
7.54,3.15,94,708.8,296.1,0,64,10:54:25
7.64,2.79,94,718.2,262.3,0,64,10:54:30
7.67,2.76,94,721,259.4,0,64,10:54:35
7.63,2.82,94,717.2,265.1,0,63,10:54:40
7.72,2.7,94,725.7,253.8,0,63,10:54:45
7.71,2.75,94,724.7,258.5,0,62,10:54:50
7.72,2.74,94,725.7,257.6,0,62,10:54:55
7.75,2.72,94,728.5,255.7,0,62,10:55:00
7.58,2.8,94,712.5,263.2,0,62,10:55:05
7.67,2.76,93.9,720.2,259.2,0,63,10:55:10
7.64,2.82,93.9,717.4,264.8,0,63,10:55:15
7.71,2.73,93.9,724,256.3,0,64,10:55:20
7.7,2.75,93.9,723,258.2,0,65,10:55:25
7.65,2.78,93.9,718.3,261,0,67,10:55:30
7.72,2.73,93.9,724.9,256.3,0,68,10:55:35
7.92,2.58,93.9,743.7,242.3,0,69,10:55:40
7.71,2.84,93.8,723.2,266.4,0,70,10:55:45
4.47,5.6,93.4,417.5,523,0,71,10:55:50
4.28,5.38,93.4,399.8,502.5,0,72,10:55:55
7.36,2.15,94,691.8,202.1,0,72,10:56:00
2.16,6.65,93.1,201.1,619.1,0,72,10:56:05
1.8,6.17,93.2,167.8,575,0,73,10:56:10
1.32,6.49,93.2,123,604.9,0,73,10:56:15
1.47,5.18,93.4,137.3,483.8,0,74,10:56:20
2,3.87,93.6,187.2,362.2,0,74,10:56:25
7.49,-0.48,94.4,707.1,-45.3,0,74,10:56:30
7.72,-0.66,94.4,728.8,-62.3,0,75,10:56:35
7.83,-0.82,94.5,739.9,-77.5,0,74,10:56:40
7.83,-0.44,94.4,739.2,-41.5,0,74,10:56:45
7.81,-0.34,94.4,737.3,-32.1,0,74,10:56:50
7.85,0.87,94.2,739.5,82,0,73,10:56:55
7.88,0.75,94.3,743.1,70.7,0,73,10:57:00
7.59,1.44,94.1,714.2,135.5,0,73,10:57:05
7.71,1.32,94.2,726.3,124.3,0,73,10:57:10
7.79,1.42,94.2,733.8,133.8,0,73,10:57:15
7.6,1.82,94,714.4,171.1,0,72,10:57:20
7.64,1.29,94.2,719.7,121.5,0,72,10:57:25
7.58,2.04,94,712.5,191.8,0,72,10:57:30
7.72,1.97,94,725.7,185.2,0,71,10:57:35
7.79,1.72,94.1,733,161.9,0,71,10:57:40
7.74,1.74,94.1,728.3,163.7,0,71,10:57:45
7.64,1.68,94.1,718.9,158.1,0,71,10:57:50
7.66,1.64,94.1,720.8,154.3,0,71,10:57:55
7.74,1.52,94.1,728.3,143,0,71,10:58:00
7.63,1.67,94,717.2,157,0,71,10:58:05
7.57,1.96,94,711.6,184.2,0,71,10:58:10
7.77,1.98,94,730.4,186.1,0,71,10:58:15
7.7,1.77,94,723.8,166.4,0,70,10:58:20
7.5,1.98,94,705,186.1,0,69,10:58:25
7.65,1.83,94,719.1,172,0,69,10:58:30
7.8,1.71,94,733.2,160.7,0,68,10:58:35
7.83,1.7,94,736,159.8,0,68,10:58:40
7.53,1.94,94,707.8,182.4,0,67,10:58:45
7.63,1.84,94,717.2,173,0,67,10:58:50
7.65,1.88,94,719.1,176.7,0,66,10:58:55
7.75,2.75,93.9,727.7,258.2,0,66,10:59:00
7.84,2.68,93.8,735.4,251.4,0,65,10:59:05
7.76,2.71,93.9,728.7,254.5,0,65,10:59:10
7.8,2.63,93.9,732.4,247,0,64,10:59:15
7.84,2.65,93.9,736.2,248.8,0,63,10:59:20
7.92,2.51,93.9,743.7,235.7,0,62,10:59:25
7.86,2.63,93.9,738.1,247,0,61,10:59:30
7.86,2.64,93.9,738.1,247.9,0,60,10:59:35
7.91,2.58,93.9,742.7,242.3,0,60,10:59:40
8.01,2.46,93.9,752.1,231,0,59,10:59:45
7.95,2.52,93.8,745.7,236.4,0,59,10:59:50
7.86,2.62,93.8,737.3,245.8,0,59,10:59:55
7.79,2.66,93.8,730.7,249.5,0,59,11:00:00
7.94,2.55,93.8,744.8,239.2,0,59,11:00:05
7.88,2.6,93.8,739.1,243.9,0,60,11:00:10
7.73,2.75,93.7,724.3,257.7,0,60,11:00:15
7.92,2.57,93.8,742.9,241.1,0,61,11:00:20
7.78,2.8,93.8,729.8,262.6,0,62,11:00:25
7.88,2.61,93.8,739.1,244.8,0,62,11:00:30
7.8,2.62,93.8,731.6,245.8,0,63,11:00:35
7.92,2.57,93.8,742.9,241.1,0,64,11:00:40
7.9,2.51,93.8,741,235.4,0,65,11:00:45
7.9,2.58,93.7,740.2,241.7,0,65,11:00:50
8,2.53,93.8,750.4,237.3,0,66,11:00:55
7.91,2.59,93.7,741.2,242.7,0,66,11:01:00
7.99,2.49,93.7,748.7,233.3,0,67,11:01:05
7.84,2.66,93.7,734.6,249.2,0,68,11:01:10
7.86,2.63,93.7,736.5,246.4,0,69,11:01:15
7.78,2.7,93.7,729,253,0,69,11:01:20
7.84,2.63,93.7,734.6,246.4,0,70,11:01:25
8.02,2.65,93.7,751.5,248.3,0,70,11:01:30
7.92,2.7,93.7,742.1,253,0,70,11:01:35
7.97,2.63,93.7,746.8,246.4,0,70,11:01:40
8.01,2.31,93.8,751.3,216.7,0,70,11:01:45
7.88,2.58,93.7,738.4,241.7,0,70,11:01:50
7.92,2.59,93.7,742.1,242.7,0,69,11:01:55
7.9,2.6,93.7,740.2,243.6,0,69,11:02:00
7.93,2.58,93.7,743,241.7,0,68,11:02:05
8.01,2.53,93.7,750.5,237.1,0,67,11:02:10
7.93,2.54,93.7,743,238,0,67,11:02:15
7.96,2.54,93.7,745.9,238,0,68,11:02:20
7.91,2.68,93.6,740.4,250.8,0,69,11:02:25
7.74,2.87,93.6,724.5,268.6,0,70,11:02:30
7.76,1.93,93.8,727.9,181,0,72,11:02:35
7.55,1.25,94,709.7,117.5,0,73,11:02:40
7.33,0.49,94.1,689.8,46.1,0,74,11:02:45
7.25,-0.72,94.3,683.7,-67.9,0,75,11:02:50
7.24,-1.09,94.4,683.5,-102.9,0,75,11:02:55
7.34,-1.49,94.5,693.6,-140.8,0,75,11:03:00
7.45,-1.75,94.5,704,-165.4,0,76,11:03:05
7.5,-1.77,94.6,709.5,-167.4,0,75,11:03:10
5.07,0.29,94.2,477.6,27.3,0,75,11:03:15
6.72,-0.04,94.2,633,-3.8,0,75,11:03:20
7.59,-0.39,94.3,715.7,-36.8,0,75,11:03:25
7.43,-0.14,94.3,700.6,-13.2,0,75,11:03:30
7.48,0.23,94.2,704.6,21.7,0,74,11:03:35
7.52,0.66,94.1,707.6,62.1,0,74,11:03:40
7.44,1.26,94,699.4,118.4,0,74,11:03:45
7.51,1.57,94,705.9,147.6,0,73,11:03:50
7.51,2.2,93.8,704.4,206.4,0,72,11:03:55
7.63,1.73,93.9,716.5,162.4,0,72,11:04:00
7.64,1.99,93.9,717.4,186.9,0,72,11:04:05
7.59,2.43,93.8,711.9,227.9,0,72,11:04:10
7.64,1.85,93.8,716.6,173.5,0,72,11:04:15
7.67,2.64,93.7,718.7,247.4,0,72,11:04:20
7.65,2.09,93.8,717.6,196,0,72,11:04:25
7.75,2.01,93.8,727,188.5,0,72,11:04:30
7.73,2.61,93.7,724.3,244.6,0,72,11:04:35
7.93,2.54,93.7,743,238,0,71,11:04:40
8.23,2.5,93.7,771.2,234.3,0,71,11:04:45
8.24,2.27,93.7,772.1,212.7,0,71,11:04:50
8.16,2.09,93.9,766.2,196.3,0,72,11:04:55
8.26,1.54,93.9,775.6,144.6,0,72,11:05:00
8.19,2.04,93.9,769,191.6,0,72,11:05:05
8.18,2.18,93.8,767.3,204.5,0,72,11:05:10
8.24,1.25,94,774.6,117.5,0,72,11:05:15
8.17,1.39,93.9,767.2,130.5,0,72,11:05:20
8.18,1.89,93.8,767.3,177.3,0,72,11:05:25
8.18,1.75,93.8,767.3,164.2,0,72,11:05:30
8.2,1.56,93.9,770,146.5,0,72,11:05:35
8.17,1.78,93.8,766.3,167,0,71,11:05:40
8.21,2.05,93.8,770.1,192.3,0,71,11:05:45
8.18,2.42,93.7,766.5,226.8,0,70,11:05:50
8.22,2.34,93.7,770.2,219.3,0,69,11:05:55
8.3,2.4,93.8,778.5,225.1,0,68,11:06:00
8.39,2.13,93.7,786.1,199.6,0,67,11:06:05
8.47,2.08,93.7,793.6,194.9,0,66,11:06:10
8.47,2.09,93.7,793.6,195.8,0,65,11:06:15
8.57,1.99,93.7,803,186.5,0,64,11:06:20
8.5,2.02,93.7,796.5,189.3,0,63,11:06:25
8.42,2.05,93.7,789,192.1,0,63,11:06:30
8.25,2.24,93.7,773,209.9,0,62,11:06:35
8.24,2.27,93.7,772.1,212.7,0,61,11:06:40
6.26,3.96,93.4,584.7,369.9,0,61,11:06:45
4.54,5.34,93.1,422.7,497.2,0,61,11:06:50
3.16,6.55,92.9,293.6,608.5,0,60,11:06:55
2.48,7.07,92.8,230.1,656.1,0,60,11:07:00
3.04,6.61,92.8,282.1,613.4,0,59,11:07:05
8.11,2.39,93.6,759.1,223.7,0,59,11:07:10
7.07,3.21,93.4,660.3,299.8,0,58,11:07:15
5.73,4.41,93.2,534,411,0,58,11:07:20
8.91,1.72,93.7,834.9,161.2,0,57,11:07:25
8.54,2.03,93.6,799.3,190,0,57,11:07:30
8.23,2.3,93.6,770.3,215.3,0,56,11:07:35
8.19,2.33,93.6,766.6,218.1,0,56,11:07:40
8.32,2.23,93.6,778.8,208.7,0,56,11:07:45
8.33,2.23,93.6,779.7,208.7,0,57,11:07:50
8.2,2.3,93.6,767.5,215.3,0,57,11:07:55
8.13,2.35,93.6,761,220,0,58,11:08:00
8.15,2.37,93.6,762.8,221.8,0,59,11:08:05
8.37,2.2,93.6,783.4,205.9,0,61,11:08:10
8.18,2.34,93.6,765.6,219,0,62,11:08:15
8.14,2.36,93.5,761.1,220.7,0,64,11:08:20
8.2,2.29,93.6,767.5,214.3,0,66,11:08:25
8.24,2.27,93.6,771.3,212.5,0,68,11:08:30
8.14,2.37,93.5,761.1,221.6,0,70,11:08:35
8.12,2.48,93.5,759.2,231.9,0,71,11:08:40
8.12,1.92,93.7,760.8,179.9,0,72,11:08:45
8.25,1.54,93.7,773,144.3,0,72,11:08:50
8.19,1.07,93.8,768.2,100.4,0,73,11:08:55
8.24,1.24,93.7,772.1,116.2,0,73,11:09:00
8.16,1.53,93.7,764.6,143.4,0,73,11:09:05
8.16,1.29,93.8,765.4,121,0,72,11:09:10
8.25,1.95,93.7,773,182.7,0,71,11:09:15
8.06,2.01,93.6,754.4,188.1,0,71,11:09:20
8.09,2.45,93.6,757.2,229.3,0,71,11:09:25
7.97,2.52,93.5,745.2,235.6,0,71,11:09:30
7.91,2.1,93.6,740.4,196.6,0,71,11:09:35
8,2.39,93.6,748.8,223.7,0,71,11:09:40
8.12,2.59,93.5,759.2,242.2,0,71,11:09:45
8.15,1.92,93.7,763.7,179.9,0,71,11:09:50
8.27,2.38,93.6,774.1,222.8,0,71,11:09:55
8.24,2.31,93.5,770.4,216,0,71,11:10:00
8.05,2.39,93.6,753.5,223.7,0,71,11:10:05
8.18,2.16,93.6,765.6,202.2,0,70,11:10:10
8.37,2.2,93.5,782.6,205.7,0,70,11:10:15
8.29,2.26,93.5,775.1,211.3,0,70,11:10:20
8.29,2.14,93.6,775.9,200.3,0,70,11:10:25
8.21,2.16,93.6,768.5,202.2,0,70,11:10:30
8.19,2.16,93.6,766.6,202.2,0,70,11:10:35
8.32,2.13,93.5,777.9,199.2,0,70,11:10:40
8.22,2.29,93.5,768.6,214.1,0,69,11:10:45
8.37,2.17,93.5,782.6,202.9,0,69,11:10:50
8.47,2.18,93.6,792.8,204,0,69,11:10:55
8.51,2.08,93.6,796.5,194.7,0,69,11:11:00
8.31,2.28,93.6,777.8,213.4,0,69,11:11:05
8.34,2.35,93.5,779.8,219.7,0,68,11:11:10
8.3,2.22,93.5,776.1,207.6,0,68,11:11:15
8.28,2.21,93.6,775,206.9,0,68,11:11:20
8.15,2.35,93.5,762,219.7,0,68,11:11:25
8.35,2.19,93.6,781.6,205,0,68,11:11:30
8.33,2.18,93.6,779.7,204,0,68,11:11:35
8.43,2.1,93.6,789,196.6,0,67,11:11:40
8.24,2.25,93.6,771.3,210.6,0,67,11:11:45
8.35,2.18,93.5,780.7,203.8,0,67,11:11:50
8.38,2.13,93.6,784.4,199.4,0,67,11:11:55
8.26,2.27,93.5,772.3,212.2,0,67,11:12:00
8.22,2.38,93.5,768.6,222.5,0,68,11:12:05
8.12,2.46,93.5,759.2,230,0,69,11:12:10
8.18,2.2,93.5,764.8,205.7,0,70,11:12:15
8.16,2.16,93.5,763,202,0,72,11:12:20
8.15,0.94,93.7,763.7,88.1,0,73,11:12:25
8.06,0.14,93.9,756.8,13.1,0,74,11:12:30
8.07,-1.56,94.2,760.2,-147,0,75,11:12:35
8.08,-2.06,94.2,761.1,-194.1,0,75,11:12:40
8.15,-1.11,94.1,766.9,-104.5,0,75,11:12:45
8.19,-0.17,93.9,769,-16,0,74,11:12:50
8.24,0.7,93.9,773.7,65.7,0,73,11:12:55
8.21,0.85,93.8,770.1,79.7,0,73,11:13:00
8.22,1.04,93.8,771,97.6,0,73,11:13:05
8.24,1.04,93.8,772.9,97.6,0,73,11:13:10
8.16,0.67,93.8,765.4,62.8,0,73,11:13:15
8.18,0.48,93.8,767.3,45,0,73,11:13:20
8.03,-7.48,95.3,765.3,-712.8,0,72,11:13:25
8.66,-2.11,94.4,817.5,-199.2,0,71,11:13:30
8.66,-2.11,94.4,817.5,-199.2,0,70,11:13:35
8.66,-2.11,94.5,818.4,-199.4,0,69,11:13:40
8.71,-2.14,94.4,822.2,-202,0,69,11:13:45
8.7,-2.13,94.5,822.2,-201.3,0,68,11:13:50
8.6,-0.93,94.2,810.1,-87.6,0,68,11:13:55
8.69,-1.04,94.2,818.6,-98,0,68,11:14:00
8.67,-1.02,94.2,816.7,-96.1,0,68,11:14:05
8.7,-1.05,94.2,819.5,-98.9,0,68,11:14:10
8.63,-0.99,94.2,812.9,-93.3,0,68,11:14:15
8.66,1.03,93.9,813.2,96.7,0,68,11:14:20
8.53,1.11,93.9,801,104.2,0,69,11:14:25
8.67,0.94,93.9,814.1,88.3,0,70,11:14:30
8.67,0.97,93.8,813.2,91,0,71,11:14:35
8.64,0.85,93.9,811.3,79.8,0,71,11:14:40
8.56,0.55,93.9,803.8,51.6,0,72,11:14:45
8.67,0.99,93.8,813.2,92.9,0,72,11:14:50
8.77,0.69,93.9,823.5,64.8,0,72,11:14:55
8.79,0.3,93.9,825.4,28.2,0,72,11:15:00
8.69,0.73,93.9,816,68.5,0,71,11:15:05
8.76,1.06,93.8,821.7,99.4,0,70,11:15:10
8.76,0.93,93.8,821.7,87.2,0,70,11:15:15
8.86,0.82,93.9,832,77,0,69,11:15:20
8.81,0.87,93.8,826.4,81.6,0,68,11:15:25
8.77,0.87,93.9,823.5,81.7,0,67,11:15:30
8.9,0.78,93.9,835.7,73.2,0,66,11:15:35
8.83,1.8,93.7,827.4,168.7,0,65,11:15:40
8.88,1.79,93.6,831.2,167.5,0,65,11:15:45
8.8,1.88,93.6,823.7,176,0,64,11:15:50
8.8,1.87,93.6,823.7,175,0,63,11:15:55
8.85,1.8,93.6,828.4,168.5,0,63,11:16:00
8.88,1.8,93.6,831.2,168.5,0,63,11:16:05
8.84,1.82,93.6,827.4,170.4,0,62,11:16:10
8.8,1.84,93.6,823.7,172.2,0,62,11:16:15
8.94,1.74,93.6,836.8,162.9,0,62,11:16:20
9.01,1.59,93.6,843.3,148.8,0,62,11:16:25
8.92,1.76,93.6,834.9,164.7,0,62,11:16:30
8.84,1.79,93.6,827.4,167.5,0,62,11:16:35
8.91,1.7,93.6,834,159.1,0,63,11:16:40
8.93,1.72,93.6,835.8,161,0,63,11:16:45
8.86,1.8,93.6,829.3,168.5,0,63,11:16:50
7.54,2.88,93.3,703.5,268.7,0,64,11:16:55
8.88,1.74,93.6,831.2,162.9,0,64,11:17:00
8.99,1.63,93.6,841.5,152.6,0,64,11:17:05
8.89,1.71,93.6,832.1,160.1,0,64,11:17:10
8.92,1.71,93.6,834.9,160.1,0,64,11:17:15
8.85,1.82,93.6,828.4,170.4,0,65,11:17:20
8.86,1.87,93.5,828.4,174.8,0,65,11:17:25
8.75,1.95,93.6,819,182.5,0,65,11:17:30
8.76,1.84,93.6,819.9,172.2,0,65,11:17:35
8.74,1.93,93.5,817.2,180.5,0,66,11:17:40
8.88,4.64,93,825.8,431.5,0,66,11:17:45
8.75,2.8,93.4,817.3,261.5,0,67,11:17:50
8.77,2.78,93.3,818.2,259.4,0,67,11:17:55
8.8,2.73,93.3,821,254.7,0,68,11:18:00
8.8,2.76,93.3,821,257.5,0,69,11:18:05
8.77,2.82,93.3,818.2,263.1,0,69,11:18:10
8.9,2.68,93.3,830.4,250,0,69,11:18:15
8.76,2.73,93.3,817.3,254.7,0,69,11:18:20
8.78,2.83,93.3,819.2,264,0,70,11:18:25
8.81,2.55,93.4,822.9,238.2,0,70,11:18:30
8.84,2.25,93.4,825.7,210.2,0,71,11:18:35
8.87,2.73,93.3,827.6,254.7,0,71,11:18:40
8.83,2.6,93.3,823.8,242.6,0,70,11:18:45
8.89,2.79,93.3,829.4,260.3,0,70,11:18:50
8.94,2.65,93.3,834.1,247.2,0,69,11:18:55
8.92,2.68,93.3,832.2,250,0,69,11:19:00
8.96,2.65,93.3,836,247.2,0,68,11:19:05
8.87,2.74,93.3,827.6,255.6,0,68,11:19:10
8.9,2.67,93.3,830.4,249.1,0,67,11:19:15
9.01,2.57,93.3,840.6,239.8,0,67,11:19:20
9.06,2.52,93.3,845.3,235.1,0,67,11:19:25
9.09,2.48,93.3,848.1,231.4,0,67,11:19:30
9.01,2.62,93.3,840.6,244.4,0,67,11:19:35
9.05,2.55,93.3,844.4,237.9,0,68,11:19:40
9.06,2.54,93.3,845.3,237,0,69,11:19:45
9.05,2.6,93.2,843.5,242.3,0,70,11:19:50
9.1,1.79,93.4,849.9,167.2,0,71,11:19:55
9.06,1.69,93.4,846.2,157.8,0,72,11:20:00
9.04,1.22,93.5,845.2,114.1,0,72,11:20:05
9.07,0.82,93.6,849,76.8,0,73,11:20:10
9.02,0.26,93.7,845.2,24.4,0,73,11:20:15
9.09,0.65,93.6,850.8,60.8,0,73,11:20:20
9.1,0.21,93.7,852.7,19.7,0,73,11:20:25
9.09,0.4,93.6,850.8,37.4,0,73,11:20:30
8.97,0.81,93.6,839.6,75.8,0,73,11:20:35
9.07,0.52,93.7,849.9,48.7,0,73,11:20:40
9.04,0.83,93.6,846.1,77.7,0,72,11:20:45
8.97,2.02,93.4,837.8,188.7,0,72,11:20:50
9.02,2.4,93.4,842.5,224.2,0,71,11:20:55
9.06,2.51,93.3,845.3,234.2,0,70,11:21:00
9.11,2.6,93.2,849.1,242.3,0,68,11:21:05
9.17,2.44,93.3,855.6,227.7,0,67,11:21:10
8.99,2.62,93.3,838.8,244.4,0,67,11:21:15
8.85,2.7,93.3,825.7,251.9,0,66,11:21:20
8.78,2.82,93.3,819.2,263.1,0,66,11:21:25
8.75,2.76,93.3,816.4,257.5,0,66,11:21:30
8.68,2.85,93.3,809.8,265.9,0,66,11:21:35
8.92,2.71,93.3,832.2,252.8,0,67,11:21:40
8.84,2.8,93.3,824.8,261.2,0,68,11:21:45
8.91,2.65,93.2,830.4,247,0,69,11:21:50
8.82,2.67,93.2,822,248.8,0,70,11:21:55
8.65,2.57,93.2,806.2,239.5,0,70,11:22:00
8.73,2.54,93.2,813.6,236.7,0,71,11:22:05
8.78,1.93,93.3,819.2,180.1,0,72,11:22:10
8.7,1.34,93.4,812.6,125.2,0,73,11:22:15
8.74,0.55,93.6,818.1,51.5,0,73,11:22:20
8.75,0.03,93.7,819.9,2.8,0,74,11:22:25
8.76,-0.37,93.8,821.7,-34.7,0,74,11:22:30
8.81,0.33,93.6,824.6,30.9,0,73,11:22:35
8.95,0.43,93.6,837.7,40.2,0,73,11:22:40
8.95,1.02,93.5,836.8,95.4,0,73,11:22:45
8.84,1.4,93.4,825.7,130.8,0,73,11:22:50
9.03,1.12,93.5,844.3,104.7,0,72,11:22:55
9.08,0.95,93.6,849.9,88.9,0,72,11:23:00
9.05,1.84,93.4,845.3,171.9,0,72,11:23:05
9.01,1.19,93.5,842.4,111.3,0,72,11:23:10
8.9,0.56,93.6,833,52.4,0,73,11:23:15
9.09,0.29,93.6,850.8,27.1,0,73,11:23:20
9.06,-0.91,93.8,849.8,-85.4,0,74,11:23:25
9.16,-1.97,94.1,862,-185.4,0,75,11:23:30
9.36,-5.1,94.6,885.5,-482.5,0,74,11:23:35
6.2,-2.14,94.1,583.4,-201.4,0,74,11:23:40
3.95,0.21,93.8,370.5,19.7,0,73,11:23:45
4.89,-0.79,94,459.7,-74.3,0,73,11:23:50
2.61,1.26,93.6,244.3,117.9,0,72,11:23:55
1.75,1.9,93.4,163.5,177.5,0,71,11:24:00
1.31,6.41,92.6,121.3,593.6,0,71,11:24:05
1.07,6.2,92.6,99.1,574.1,0,70,11:24:10
1.02,7.82,92.3,94.1,721.8,0,70,11:24:15
1.13,9.56,91.9,103.8,878.6,0,71,11:24:20
2.56,8.07,92.1,235.8,743.2,0,71,11:24:25
8.75,3.83,92.9,812.9,355.8,0,71,11:24:30
8.68,2.65,93.1,808.1,246.7,0,71,11:24:35
8.71,3.35,93,810,311.6,0,71,11:24:40
8.83,2.7,93.1,822.1,251.4,0,71,11:24:45
8.82,3.42,92.9,819.4,317.7,0,70,11:24:50
8.73,2.92,93.1,812.8,271.9,0,71,11:24:55
8.71,3.22,93,810,299.5,0,71,11:25:00
8.72,3.51,92.9,810.1,326.1,0,70,11:25:05
8.75,3.42,93,813.8,318.1,0,70,11:25:10
8.73,3.73,92.9,811,346.5,0,70,11:25:15
8.73,3.66,92.8,810.1,339.6,0,69,11:25:20
8.77,3.88,92.8,813.9,360.1,0,69,11:25:25
8.8,3.7,92.8,816.6,343.4,0,69,11:25:30
8.77,3.72,92.8,813.9,345.2,0,69,11:25:35
8.71,3.94,92.7,807.4,365.2,0,69,11:25:40
8.8,3.43,92.9,817.5,318.6,0,70,11:25:45
8.81,3.77,92.8,817.6,349.9,0,69,11:25:50
8.8,3.56,92.8,816.6,330.4,0,70,11:25:55
8.96,3.63,92.8,831.5,336.9,0,69,11:26:00
8.92,3.75,92.8,827.8,348,0,69,11:26:05
8.93,3.58,92.8,828.7,332.2,0,69,11:26:10
9,3.64,92.8,835.2,337.8,0,69,11:26:15
9.06,3.56,92.8,840.8,330.4,0,69,11:26:20
8.99,3.55,92.8,834.3,329.4,0,69,11:26:25
9.06,3.41,92.8,840.8,316.4,0,70,11:26:30
9.12,3.09,92.9,847.2,287.1,0,70,11:26:35
9.17,2.14,93,852.8,199,0,71,11:26:40
9.14,2.05,93,850,190.7,0,72,11:26:45
9.12,1.13,93.2,850,105.3,0,72,11:26:50
9.07,1.31,93.2,845.3,122.1,0,72,11:26:55
9.11,1.33,93.2,849.1,124,0,73,11:27:00
9.19,1.26,93.2,856.5,117.4,0,73,11:27:05
9.33,1.28,93.2,869.6,119.3,0,73,11:27:10
9.32,1.2,93.2,868.6,111.8,0,73,11:27:15
9.27,0.91,93.3,864.9,84.9,0,73,11:27:20
9.27,0.79,93.3,864.9,73.7,0,73,11:27:25
9.45,0.6,93.3,881.7,56,0,73,11:27:30
9.59,0.53,93.4,895.7,49.5,0,73,11:27:35
9.67,0.35,93.4,903.2,32.7,0,73,11:27:40
9.57,0.27,93.4,893.8,25.2,0,73,11:27:45
9.3,0.79,93.4,868.6,73.8,0,73,11:27:50
9.89,-0.54,93.6,925.7,-50.5,0,73,11:27:55
5.71,1.52,93.3,532.7,141.8,0,74,11:28:00
8.41,-0.54,93.6,787.2,-50.5,0,74,11:28:05
9.63,-1.62,93.8,903.3,-152,0,74,11:28:10
9.85,-1.46,93.8,923.9,-136.9,0,74,11:28:15
2.74,1.76,93.3,255.6,164.2,0,75,11:28:20
2.07,2.73,93.1,192.7,254.2,0,74,11:28:25
2.11,3.82,92.9,196,354.9,0,74,11:28:30
2.45,4.67,92.7,227.1,432.9,0,73,11:28:35
9.87,0.01,93.4,921.9,0.9,0,73,11:28:40
9.78,-0.12,93.5,914.4,-11.2,0,72,11:28:45
9.96,0.22,93.5,931.3,20.6,0,71,11:28:50
9.99,1.05,93.3,932.1,98,0,70,11:28:55
10.02,0.95,93.4,935.9,88.7,0,70,11:29:00
10.11,0.72,93.4,944.3,67.2,0,69,11:29:05
10.26,0.62,93.4,958.3,57.9,0,68,11:29:10
9.96,0.89,93.3,929.3,83,0,68,11:29:15
10.3,0.58,93.4,962,54.2,0,68,11:29:20
10.38,0.52,93.4,969.5,48.6,0,69,11:29:25
10.58,0.33,93.5,989.2,30.9,0,69,11:29:30
9.93,0.9,93.3,926.5,84,0,69,11:29:35
10.7,0.26,93.5,1000.5,24.3,0,69,11:29:40
9.92,1.01,93.4,926.5,94.3,0,69,11:29:45
7.25,2.98,93,674.3,277.1,0,70,11:29:50
8.63,2.21,93.1,803.5,205.8,0,70,11:29:55
10.51,0.55,93.4,981.6,51.4,0,70,11:30:00
10.39,0.2,93.4,970.4,18.7,0,70,11:30:05
10.14,0.68,93.4,947.1,63.5,0,70,11:30:10
9.95,1.11,93.3,928.3,103.6,0,71,11:30:15
10.19,0.5,93.4,951.7,46.7,0,70,11:30:20
7.76,2.53,93.1,722.5,235.5,0,70,11:30:25
4.57,5.36,92.5,422.7,495.8,0,70,11:30:30
5.89,4.25,92.7,546,394,0,69,11:30:35
4.84,5.13,92.5,447.7,474.5,0,69,11:30:40
9.93,0.88,93.3,926.5,82.1,0,69,11:30:45
9.47,1.27,93.2,882.6,118.4,0,69,11:30:50
7.38,3.04,92.9,685.6,282.4,0,69,11:30:55
9.2,1.48,93.1,856.5,137.8,0,69,11:31:00
9.22,1.57,93.1,858.4,146.2,0,70,11:31:05
9.3,1.36,93.2,866.8,126.8,0,70,11:31:10
9.16,1.63,93.1,852.8,151.8,0,70,11:31:15
9.06,1.8,93.1,843.5,167.6,0,70,11:31:20
8.82,2.01,93,820.3,186.9,0,70,11:31:25
8.82,1.92,93.1,821.1,178.8,0,71,11:31:30
9.09,1.04,93.2,847.2,96.9,0,71,11:31:35
8.85,1.29,93.2,824.8,120.2,0,72,11:31:40
8.73,0.49,93.3,814.5,45.7,0,73,11:31:45
8.79,-0.97,93.6,822.7,-90.8,0,74,11:31:50
8.71,-2.04,93.8,817,-191.4,0,75,11:31:55
8.58,-2.76,93.9,805.7,-259.2,0,75,11:32:00
8.48,-8.84,95,805.6,-839.8,0,74,11:32:05
8.33,-8,95,791.4,-760,0,73,11:32:10
8.44,-7.72,95,801.8,-733.4,0,71,11:32:15
8.5,-7.57,94.9,806.7,-718.4,0,70,11:32:20
8.42,-7.53,95,799.9,-715.4,0,69,11:32:25
8.53,-7.63,95,810.4,-724.9,0,67,11:32:30
8.51,-7.46,95,808.5,-708.7,0,66,11:32:35
8.61,-2.43,94.2,811.1,-228.9,0,65,11:32:40
8.65,-1.01,94,813.1,-94.9,0,66,11:32:45
8.83,1.85,93.3,823.8,172.6,0,67,11:32:50
8.64,2.02,93.4,807,188.7,0,68,11:32:55
9.06,1.61,93.4,846.2,150.4,0,69,11:33:00
8.84,1.68,93.4,825.7,156.9,0,70,11:33:05
7.98,2.25,93.2,743.7,209.7,0,71,11:33:10
5.18,4.79,92.8,480.7,444.5,0,71,11:33:15
3.03,5.75,92.5,280.3,531.9,0,71,11:33:20
3.5,5.71,92.5,323.8,528.2,0,71,11:33:25
3.81,5.65,92.5,352.4,522.6,0,71,11:33:30
1.98,6.74,92.3,182.8,622.1,0,71,11:33:35
4.64,4.33,92.7,430.1,401.4,0,71,11:33:40
8.85,1.28,93.2,824.8,119.3,0,72,11:33:45
8.86,0.34,93.4,827.5,31.8,0,72,11:33:50
8.87,1.16,93.2,826.7,108.1,0,72,11:33:55
8.75,-2.44,93.8,820.8,-228.9,0,71,11:34:00
8.77,-4.23,94.2,826.1,-398.5,0,70,11:34:05
8.67,-4.39,94.3,817.6,-414,0,67,11:34:10
8.7,-4.41,94.3,820.4,-415.9,0,65,11:34:15
8.69,-4.28,94.3,819.5,-403.6,0,63,11:34:20
8.85,-2.3,94,831.9,-216.2,0,61,11:34:25
8.83,-0.11,93.6,826.5,-10.3,0,60,11:34:30
8.91,-1.25,93.8,835.8,-117.3,0,59,11:34:35
9.12,-1.51,93.9,856.4,-141.8,0,58,11:34:40
8.12,-0.54,93.7,760.8,-50.6,0,58,11:34:45
8.82,-1.2,93.9,828.2,-112.7,0,57,11:34:50
8.96,-1.37,93.9,841.3,-128.6,0,56,11:34:55
9.09,-1.43,93.9,853.6,-134.3,0,56,11:35:00
8.62,-0.98,93.8,808.6,-91.9,0,55,11:35:05
8.64,-1.07,93.9,811.3,-100.5,0,55,11:35:10
4.46,2.53,93.2,415.7,235.8,0,54,11:35:15
6.47,1.7,93.3,603.7,158.6,0,54,11:35:20
3.02,5.7,92.6,279.7,527.8,0,55,11:35:25
7.74,1.83,93.2,721.4,170.6,0,56,11:35:30
6.39,2.88,93,594.3,267.8,0,57,11:35:35
8.68,1,93.4,810.7,93.4,0,58,11:35:40
8.83,1.86,93.3,823.8,173.5,0,60,11:35:45
8.81,1.87,93.3,822,174.5,0,62,11:35:50
8.48,2.11,93.1,789.5,196.4,0,63,11:35:55
8.66,1.97,93.2,807.1,183.6,0,65,11:36:00
8.72,1.9,93.2,812.7,177.1,0,67,11:36:05
8.38,2.24,93.1,780.2,208.5,0,68,11:36:10
8.57,1.98,93.1,797.9,184.3,0,70,11:36:15
8.5,1.89,93.2,792.2,176.1,0,70,11:36:20
8.32,2.15,93.1,774.6,200.2,0,71,11:36:25
8.65,1.66,93.2,806.2,154.7,0,71,11:36:30
8.55,1.26,93.2,796.9,117.4,0,71,11:36:35
8.57,1.21,93.3,799.6,112.9,0,71,11:36:40
8.38,1.54,93.2,781,143.5,0,71,11:36:45
8.29,2.14,93.1,771.8,199.2,0,71,11:36:50
8.36,2.02,93.1,778.3,188.1,0,71,11:36:55
8.4,1.37,93.2,782.9,127.7,0,71,11:37:00
8.56,1.52,93.2,797.8,141.7,0,71,11:37:05
8.59,1.93,93.1,799.7,179.7,0,71,11:37:10
8.52,2.03,93.1,793.2,189,0,71,11:37:15
8.53,1.77,93.1,794.1,164.8,0,71,11:37:20
8.56,1.55,93.1,796.9,144.3,0,71,11:37:25
8.56,1.3,93.2,797.8,121.2,0,71,11:37:30
8.55,1.8,93.1,796,167.6,0,71,11:37:35
8.47,1.98,93.1,788.6,184.3,0,71,11:37:40
8.47,1.8,93.1,788.6,167.6,0,71,11:37:45
8.38,1.88,93.1,780.2,175,0,72,11:37:50
8.52,1.88,93,792.4,174.8,0,71,11:37:55
8.13,1.84,93.1,756.9,171.3,0,71,11:38:00
8.08,2.38,93.1,752.2,221.6,0,71,11:38:05
8.13,2.02,93,756.1,187.9,0,71,11:38:10
8.09,2.58,92.9,751.6,239.7,0,70,11:38:15
8.17,2.03,93,759.8,188.8,0,70,11:38:20
8.18,2.04,93,760.7,189.7,0,71,11:38:25
8.2,2.41,92.9,761.8,223.9,0,71,11:38:30
8.12,1.8,93.1,756,167.6,0,71,11:38:35
8.24,1.52,93.1,767.1,141.5,0,71,11:38:40
8.33,1.17,93.2,776.4,109,0,72,11:38:45
8.34,1.1,93.1,776.5,102.4,0,72,11:38:50
8.38,0.71,93.2,781,66.2,0,72,11:38:55
8.49,0.43,93.3,792.1,40.1,0,73,11:39:00
8.35,0.32,93.3,779.1,29.9,0,73,11:39:05
8.46,0.06,93.3,789.3,5.6,0,73,11:39:10
8.54,0,93.3,796.8,0,0,73,11:39:15
8.65,-0.27,93.4,807.9,-25.2,0,74,11:39:20
8.72,-0.83,93.5,815.3,-77.6,0,74,11:39:25
8.9,-0.24,93.5,832.2,-22.4,0,73,11:39:30
8.95,-0.24,93.5,836.8,-22.4,0,73,11:39:35
9.01,0.05,93.3,840.6,4.7,0,73,11:39:40
9.18,0.3,93.4,857.4,28,0,73,11:39:45
9.2,0.63,93.3,858.4,58.8,0,73,11:39:50
9.28,0.44,93.3,865.8,41.1,0,72,11:39:55
9.48,0.28,93.4,885.4,26.2,0,72,11:40:00
9.65,0.37,93.3,900.3,34.5,0,72,11:40:05
9.2,1.11,93.2,857.4,103.5,0,72,11:40:10
5.75,3.62,92.8,533.6,335.9,0,71,11:40:15
2.15,7.01,92.1,198,645.6,0,71,11:40:20
1.53,7.57,92,140.8,696.4,0,70,11:40:25
1.45,7.98,91.9,133.3,733.4,0,70,11:40:30
2.06,7.46,91.9,189.3,685.6,0,69,11:40:35
1.86,7.6,91.9,170.9,698.4,0,69,11:40:40
3.1,6.58,92,285.2,605.4,0,68,11:40:45
9.43,1.33,93,877,123.7,0,68,11:40:50
9.33,1.39,93,867.7,129.3,0,68,11:40:55
9.42,1.26,93,876.1,117.2,0,67,11:41:00
9.51,1.2,93,884.4,111.6,0,67,11:41:05
9.4,1.3,93,874.2,120.9,0,67,11:41:10
9.33,1.35,93,867.7,125.6,0,67,11:41:15
9.29,1.4,93,864,130.2,0,66,11:41:20
9.21,1.44,93,856.5,133.9,0,67,11:41:25
9.19,1.46,93,854.7,135.8,0,67,11:41:30
9.18,1.47,93,853.7,136.7,0,67,11:41:35
9.18,1.48,93,853.7,137.6,0,67,11:41:40
9.11,1.55,93,847.2,144.2,0,67,11:41:45
9.11,1.57,93,847.2,146,0,67,11:41:50
9.04,1.63,92.9,839.8,151.4,0,67,11:41:55
9.08,1.57,93,844.4,146,0,68,11:42:00
8.99,1.66,93,836.1,154.4,0,68,11:42:05
9.01,1.65,93,837.9,153.5,0,69,11:42:10
8.97,1.71,92.9,833.3,158.9,0,69,11:42:15
8.95,1.67,93,832.4,155.3,0,69,11:42:20
8.94,1.89,92.9,830.5,175.6,0,70,11:42:25
8.77,1.9,92.9,814.7,176.5,0,70,11:42:30
8.94,1.69,92.9,830.5,157,0,71,11:42:35
8.83,1.36,93,821.2,126.5,0,71,11:42:40
8.8,0.95,93.1,819.3,88.4,0,71,11:42:45
8.72,0.9,93.1,811.8,83.8,0,72,11:42:50
8.68,1,93,807.2,93,0,72,11:42:55
9.53,0.77,93.1,887.2,71.7,0,71,11:43:00
9.54,-0.77,93.3,890.1,-71.8,0,73,11:43:05
8.59,-0.88,93.4,802.3,-82.2,0,74,11:43:10
8.6,0.22,93.2,801.5,20.5,0,73,11:43:15
8.74,0.82,93.1,813.7,76.3,0,73,11:43:20
8.6,0.98,93.1,800.7,91.2,0,72,11:43:25
8.79,0.84,93.2,819.2,78.3,0,72,11:43:30
9.08,0.49,93.2,846.3,45.7,0,72,11:43:35
9.23,1.19,93,858.4,110.7,0,72,11:43:40
9.28,1.32,93,863,122.8,0,71,11:43:45
9.27,0.9,93.1,863,83.8,0,71,11:43:50
9.24,1.43,93,859.3,133,0,70,11:43:55
9.36,1.61,93,870.5,149.7,0,70,11:44:00
8.85,2.03,92.9,822.2,188.6,0,70,11:44:05
8.95,1.7,92.9,831.5,157.9,0,69,11:44:10
9.58,1.2,93,890.9,111.6,0,69,11:44:15
7.34,3,92.7,680.4,278.1,0,69,11:44:20
3.14,6.61,92,288.9,608.1,0,68,11:44:25
3.02,6.59,92,277.8,606.3,0,68,11:44:30
5.64,4.49,92.4,521.1,414.9,0,68,11:44:35
4.76,5.19,92.2,438.9,478.5,0,68,11:44:40
8.33,2.24,92.7,772.2,207.6,0,68,11:44:45
8.24,2.33,92.7,763.8,216,0,68,11:44:50
3.49,6.33,92,321.1,582.4,0,68,11:44:55
4.87,5.17,92.2,449,476.7,0,69,11:45:00
4.81,5.15,92.2,443.5,474.8,0,69,11:45:05
4.74,5.2,92.1,436.6,478.9,0,69,11:45:10
9.26,1.4,92.8,859.3,129.9,0,69,11:45:15
9.25,1.53,92.8,858.4,142,0,69,11:45:20
9.1,1.55,92.8,844.5,143.8,0,69,11:45:25
9.06,1.81,92.7,839.9,167.8,0,70,11:45:30
9.11,1.69,92.7,844.5,156.7,0,71,11:45:35
9.03,0.79,93,839.8,73.5,0,71,11:45:40
8.98,0.3,93.1,836,27.9,0,72,11:45:45
8.96,0.74,93,833.3,68.8,0,72,11:45:50
9,0.17,93,837,15.8,0,73,11:45:55
8.88,-0.49,93.2,827.6,-45.7,0,73,11:46:00
8.92,-0.69,93.2,831.3,-64.3,0,73,11:46:05
8.89,-0.7,93.3,829.4,-65.3,0,73,11:46:10
8.85,-0.29,93.2,824.8,-27,0,73,11:46:15
8.92,-0.18,93.2,831.3,-16.8,0,73,11:46:20
8.81,-0.43,93.2,821.1,-40.1,0,73,11:46:25
8.83,0.13,93.1,822.1,12.1,0,73,11:46:30
8.91,0.65,93,828.6,60.5,0,73,11:46:35
8.86,0.43,93.1,824.9,40,0,72,11:46:40
8.88,0.88,93,825.8,81.8,0,72,11:46:45
8.99,0.39,93.1,837,36.3,0,72,11:46:50
8.96,1.18,92.9,832.4,109.6,0,72,11:46:55
8.87,0.92,93,824.9,85.6,0,72,11:47:00
8.93,0.52,93.1,831.4,48.4,0,72,11:47:05
8.96,0.76,93,833.3,70.7,0,72,11:47:10
8.82,1.11,92.9,819.4,103.1,0,72,11:47:15
8.86,1.23,92.9,823.1,114.3,0,72,11:47:20
8.99,0.53,93.1,837,49.3,0,72,11:47:25
9.01,0.52,93.1,838.8,48.4,0,72,11:47:30
8.92,0.97,93,829.6,90.2,0,72,11:47:35
8.8,1.23,92.9,817.5,114.3,0,72,11:47:40
8.82,1.37,92.9,819.4,127.3,0,72,11:47:45
8.8,0.95,93,818.4,88.4,0,72,11:47:50
8.93,0.42,93,830.5,39.1,0,72,11:47:55
8.91,0.93,93,828.6,86.5,0,72,11:48:00
9.04,0.43,93.1,841.6,40,0,72,11:48:05
8.93,1.16,92.9,829.6,107.8,0,72,11:48:10
8.96,0.93,93,833.3,86.5,0,72,11:48:15
8.59,0.86,93,798.9,80,0,71,11:48:20
8.43,1.09,93,784,101.4,0,71,11:48:25
8.38,1.11,93,779.3,103.2,0,71,11:48:30
8.45,1.07,92.9,785,99.4,0,71,11:48:35
8.51,1.2,92.9,790.6,111.5,0,71,11:48:40
8.6,1.58,92.8,798.1,146.6,0,71,11:48:45
8.68,1.75,92.8,805.5,162.4,0,71,11:48:50
8.72,1.41,92.8,809.2,130.8,0,71,11:48:55
8.75,1.1,92.9,812.9,102.2,0,71,11:49:00
8.83,1.79,92.8,819.4,166.1,0,71,11:49:05
8.64,1.26,92.9,802.7,117.1,0,71,11:49:10
8.56,2.05,92.7,793.5,190,0,70,11:49:15
8.6,2.2,92.7,797.2,203.9,0,70,11:49:20
9.11,1.77,92.7,844.5,164.1,0,70,11:49:25
9.07,1.59,92.8,841.7,147.6,0,69,11:49:30
9.12,1.54,92.8,846.3,142.9,0,69,11:49:35
9.23,1.46,92.8,856.5,135.5,0,68,11:49:40
7.6,2.87,92.6,703.8,265.8,0,68,11:49:45
9.35,1.35,92.8,867.7,125.3,0,67,11:49:50
9.35,1.34,92.8,867.7,124.4,0,67,11:49:55
9.5,1.23,92.9,882.6,114.3,0,66,11:50:00
9.49,1.23,92.8,880.7,114.1,0,66,11:50:05
9.6,1.1,92.8,890.9,102.1,0,65,11:50:10
9.74,1.01,92.9,904.8,93.8,0,64,11:50:15
9.85,0.89,93,916.1,82.8,0,62,11:50:20
9.52,1.18,92.8,883.5,109.5,0,61,11:50:25
8.38,2.1,92.7,776.8,194.7,0,59,11:50:30
6.33,3.85,92.4,584.9,355.7,0,57,11:50:35
3.02,6.61,91.8,277.2,606.8,0,56,11:50:40
5.32,4.65,92.2,490.5,428.7,0,54,11:50:45
8.8,1.76,92.7,815.8,163.2,0,53,11:50:50
10.08,0.68,92.9,936.4,63.2,0,52,11:50:55
9.99,0.76,92.9,928.1,70.6,0,51,11:51:00
10.1,0.68,93,939.3,63.2,0,51,11:51:05
10.1,0.68,93,939.3,63.2,0,51,11:51:10
10.12,0.65,92.9,940.1,60.4,0,51,11:51:15
10.14,0.66,93,943,61.4,0,51,11:51:20
10.05,0.76,92.8,932.6,70.5,0,52,11:51:25
10.1,0.71,92.9,938.3,66,0,53,11:51:30
10.06,0.73,92.9,934.6,67.8,0,54,11:51:35
10.1,1.38,92.8,937.3,128.1,0,55,11:51:40
10.18,2.59,92.5,941.7,239.6,0,57,11:51:45
10.16,2.58,92.5,939.8,238.7,0,59,11:51:50
10.11,2.65,92.5,935.2,245.1,0,62,11:51:55
10.1,2.68,92.5,934.3,247.9,0,63,11:52:00
10.14,2.64,92.5,938,244.2,0,65,11:52:05
10.06,2.72,92.5,930.6,251.6,0,66,11:52:10
10.09,1.72,92.7,935.3,159.4,0,67,11:52:15
10.16,1.67,92.7,941.8,154.8,0,68,11:52:20
10.34,1.47,92.7,958.5,136.3,0,68,11:52:25
10.3,1.53,92.7,954.8,141.8,0,69,11:52:30
10.43,1.41,92.7,966.9,130.7,0,69,11:52:35
10.51,1.11,92.8,975.3,103,0,70,11:52:40
10.62,0.57,92.9,986.6,53,0,70,11:52:45
10.74,0.62,92.8,996.7,57.5,0,71,11:52:50
11.06,0.42,92.9,1027.5,39,0,71,11:52:55
7.85,2.7,92.5,726.1,249.8,0,71,11:53:00
7.69,2.39,92.5,711.3,221.1,0,71,11:53:05
10.84,0.56,92.8,1006,52,0,71,11:53:10
11.18,0.21,92.9,1038.6,19.5,0,71,11:53:15
11.27,0.46,92.9,1047,42.7,0,71,11:53:20
11.27,-0.18,93,1048.1,-16.7,0,71,11:53:25
11.25,0.08,93,1046.3,7.4,0,71,11:53:30
11.25,0.19,93,1046.3,17.7,0,71,11:53:35
11.28,-0.07,93,1049,-6.5,0,72,11:53:40
11.36,-1.16,93.3,1059.9,-108.2,0,72,11:53:45
11.3,-1.68,93.3,1054.3,-156.7,0,73,11:53:50
11.3,-1.39,93.2,1053.2,-129.5,0,73,11:53:55
11.62,-0.61,93.1,1081.8,-56.8,0,72,11:54:00
8.58,1.24,92.8,796.2,115.1,0,72,11:54:05
8.35,1.82,92.6,773.2,168.5,0,72,11:54:10
10.69,0.44,92.9,993.1,40.9,0,71,11:54:15
11.06,-0.06,93,1028.6,-5.6,0,71,11:54:20
11.03,0.28,93,1025.8,26,0,71,11:54:25
10.93,0.6,92.9,1015.4,55.7,0,71,11:54:30
10.85,0.29,93,1009.1,27,0,71,11:54:35
10.78,0.81,92.8,1000.4,75.2,0,71,11:54:40
10.76,1.15,92.8,998.5,106.7,0,70,11:54:45
10.7,1.27,92.8,993,117.9,0,70,11:54:50
10.63,1.15,92.8,986.5,106.7,0,70,11:54:55
10.46,0.92,92.8,970.7,85.4,0,70,11:55:00
10.25,1.1,92.8,951.2,102.1,0,70,11:55:05
8.25,2.89,92.5,763.1,267.3,0,70,11:55:10
9.54,2.25,92.6,883.4,208.4,0,70,11:55:15
3.96,6.23,91.8,363.5,571.9,0,70,11:55:20
8.79,2.22,92.5,813.1,205.4,0,70,11:55:25
4.67,5.52,91.9,429.2,507.3,0,71,11:55:30
10.68,0.39,92.9,992.2,36.2,0,71,11:55:35
8.8,2.18,92.5,814,201.7,0,71,11:55:40
10.86,0.44,92.8,1007.8,40.8,0,71,11:55:45
10.58,0.64,92.8,981.8,59.4,0,71,11:55:50
10.48,1.18,92.7,971.5,109.4,0,70,11:55:55
10.46,0.9,92.8,970.7,83.5,0,70,11:56:00
10.54,0.52,92.8,978.1,48.3,0,71,11:56:05
10.59,0.96,92.8,982.8,89.1,0,71,11:56:10
10.71,0.35,92.9,995,32.5,0,71,11:56:15
10.79,0.85,92.8,1001.3,78.9,0,70,11:56:20
10.92,0.72,92.8,1013.4,66.8,0,71,11:56:25
11,0.17,92.9,1021.9,15.8,0,70,11:56:30
11.2,0.31,92.9,1040.5,28.8,0,70,11:56:35
11.07,0.71,92.8,1027.3,65.9,0,70,11:56:40
11.17,0.69,92.8,1036.6,64,0,70,11:56:45
5.62,4.98,92.1,517.6,458.7,0,70,11:56:50
11.19,0.92,92.7,1037.3,85.3,0,70,11:56:55
9.72,1.84,92.6,900.1,170.4,0,69,11:57:00
8.44,3.16,92.3,779,291.7,0,69,11:57:05
5.46,5.22,91.9,501.8,479.7,0,69,11:57:10
5.69,5.26,91.9,522.9,483.4,0,69,11:57:15
7.51,3.89,92.1,691.7,358.3,0,69,11:57:20
3.99,6.75,91.6,365.5,618.3,0,69,11:57:25
6.53,4.81,91.9,600.1,442,0,69,11:57:30
10.58,1.32,92.6,979.7,122.2,0,69,11:57:35
6.41,4.79,91.9,589.1,440.2,0,69,11:57:40
10.41,1.44,92.5,962.9,133.2,0,69,11:57:45
7.24,3.95,92.1,666.8,363.8,0,70,11:57:50
3.79,5.9,91.7,347.5,541,0,70,11:57:55
3.39,6.1,91.6,310.5,558.8,0,70,11:58:00
2.39,7.17,91.4,218.4,655.3,0,71,11:58:05
2.25,6.42,91.6,206.1,588.1,0,71,11:58:10
2.6,6.48,91.5,237.9,592.9,0,71,11:58:15
5.92,3.68,92,544.6,338.6,0,72,11:58:20
9.06,0.84,92.5,838.1,77.7,0,72,11:58:25
9.96,-0.16,92.7,923.3,-14.8,0,72,11:58:30
9.91,-0.83,92.8,919.6,-77,0,73,11:58:35
9.77,-0.95,92.9,907.6,-88.3,0,73,11:58:40
9.74,-0.92,92.9,904.8,-85.5,0,73,11:58:45
9.66,-1.08,92.9,897.4,-100.3,0,73,11:58:50
9.63,-1.09,93,895.6,-101.4,0,73,11:58:55
9.59,-0.56,92.8,890,-52,0,73,11:59:00
9.51,-0.18,92.8,882.5,-16.7,0,73,11:59:05
9.49,-0.29,92.9,881.6,-26.9,0,73,11:59:10
9.54,-0.59,93,887.2,-54.9,0,73,11:59:15
9.49,0.02,92.8,880.7,1.9,0,73,11:59:20
9.81,0.72,92.7,909.4,66.7,0,72,11:59:25
9.59,1.17,92.6,888,108.3,0,71,11:59:30
9.82,1.43,92.6,909.3,132.4,0,71,11:59:35
9.62,1.27,92.6,890.8,117.6,0,71,11:59:40
9.78,1.7,92.5,904.7,157.3,0,70,11:59:45
9.74,1.8,92.5,901,166.5,0,70,11:59:50
9.23,2.43,92.4,852.9,224.5,0,69,11:59:55
9.34,2.37,92.3,862.1,218.8,0,69,12:00:00
5.91,5.22,91.8,542.5,479.2,0,69,12:00:05
2.2,8.18,91.3,200.9,746.8,0,68,12:00:10
3,7.39,91.4,274.2,675.4,0,69,12:00:15
2.4,7.82,91.2,218.9,713.2,0,69,12:00:20
9.42,2.31,92.2,868.5,213,0,69,12:00:25
9.87,1.86,92.3,911,171.7,0,69,12:00:30
9.78,1.78,92.3,902.7,164.3,0,70,12:00:35
9.74,1.5,92.4,900,138.6,0,70,12:00:40
9.73,1.46,92.4,899.1,134.9,0,71,12:00:45
9.73,0.39,92.6,901,36.1,0,71,12:00:50
9.74,0.43,92.5,901,39.8,0,72,12:00:55
9.74,0.04,92.7,902.9,3.7,0,72,12:01:00
9.73,-0.35,92.7,902,-32.4,0,73,12:01:05
9.83,-0.62,92.8,912.2,-57.5,0,73,12:01:10
9.85,0.11,92.7,913.1,10.2,0,72,12:01:15
9.85,0.21,92.7,913.1,19.5,0,72,12:01:20
9.93,0.52,92.7,920.5,48.2,0,71,12:01:25
9.95,1.4,92.5,920.4,129.5,0,71,12:01:30
9.99,0.93,92.6,925.1,86.1,0,70,12:01:35
10.01,1.13,92.5,925.9,104.5,0,70,12:01:40
10.05,1.02,92.5,929.6,94.4,0,70,12:01:45
10.04,1.11,92.5,928.7,102.7,0,70,12:01:50
10.08,1.42,92.4,931.4,131.2,0,70,12:01:55
10.15,0.54,92.6,939.9,50,0,71,12:02:00
9.78,0.99,92.6,905.6,91.7,0,72,12:02:05
9.26,0.67,92.6,857.5,62,0,72,12:02:10
2.66,5.49,91.8,244.2,504,0,71,12:02:15
4.66,4.93,91.8,427.8,452.6,0,71,12:02:20
2.66,7.32,91.3,242.9,668.3,0,69,12:02:25
2.47,7.97,91.2,225.3,726.9,0,68,12:02:30
10.21,1.58,92.3,942.4,145.8,0,68,12:02:35
10.03,1.78,92.3,925.8,164.3,0,68,12:02:40
10.13,1.77,92.3,935,163.4,0,68,12:02:45
9.9,1.71,92.3,913.8,157.8,0,68,12:02:50
9.85,1.98,92.3,909.2,182.8,0,68,12:02:55
9.77,1.99,92.2,900.8,183.5,0,69,12:03:00
9.74,1.9,92.3,899,175.4,0,69,12:03:05
9.72,1.88,92.3,897.2,173.5,0,70,12:03:10
9.76,1.67,92.3,900.8,154.1,0,70,12:03:15
9.72,0.69,92.5,899.1,63.8,0,71,12:03:20
9.77,0.28,92.6,904.7,25.9,0,72,12:03:25
9.84,0.45,92.5,910.2,41.6,0,72,12:03:30
9.78,-0.46,92.7,906.6,-42.6,0,72,12:03:35
9.83,-0.65,92.8,912.2,-60.3,0,73,12:03:40
9.89,-0.76,92.8,917.8,-70.5,0,73,12:03:45
9.91,-2.1,93,921.6,-195.3,0,73,12:03:50
9.93,-1.18,92.9,922.5,-109.6,0,73,12:03:55
10.1,-1.73,93,939.3,-160.9,0,73,12:04:00
10.15,-1.77,93,944,-164.6,0,73,12:04:05
10.23,-2.05,93.1,952.4,-190.9,0,73,12:04:10
10.31,-2,93,958.8,-186,0,73,12:04:15
10.52,-1.07,92.9,977.3,-99.4,0,73,12:04:20
10.59,-0.19,92.7,981.7,-17.6,0,72,12:04:25
6.69,2.43,92.3,617.5,224.3,0,72,12:04:30
6.96,3.53,92.1,641,325.1,0,71,12:04:35
6.83,4.69,91.9,627.7,431,0,70,12:04:40
5.18,6.05,91.6,474.5,554.2,0,69,12:04:45
6.19,5.61,91.7,567.6,514.4,0,69,12:04:50
7.45,4.5,91.8,683.9,413.1,0,69,12:04:55
10.65,1.81,92.3,983,167.1,0,70,12:05:00
11.08,1.22,92.4,1023.8,112.7,0,70,12:05:05
7.44,2.97,92.1,685.2,273.5,0,71,12:05:10
7.27,2.32,92.2,670.3,213.9,0,72,12:05:15
5.38,3.28,92,495,301.8,0,72,12:05:20
4.05,4.39,91.8,371.8,403,0,72,12:05:25
3.34,3.97,91.8,306.6,364.4,0,72,12:05:30
2.78,4.96,91.7,254.9,454.8,0,72,12:05:35
2.36,4.74,91.7,216.4,434.7,0,72,12:05:40
2.2,5.45,91.5,201.3,498.7,0,72,12:05:45
2.12,5.03,91.6,194.2,460.7,0,72,12:05:50
2.05,5.1,91.6,187.8,467.2,0,72,12:05:55
1.91,5.55,91.5,174.8,507.8,0,72,12:06:00
1.86,4.66,91.6,170.4,426.9,0,72,12:06:05
1.82,5.4,91.5,166.5,494.1,0,72,12:06:10
1.78,4.48,91.6,163,410.4,0,72,12:06:15
1.85,4.98,91.6,169.5,456.2,0,72,12:06:20
6.29,2.17,92,578.7,199.6,0,72,12:06:25
10.19,-1.33,92.7,944.6,-123.3,0,73,12:06:30
10.15,-1.6,92.7,940.9,-148.3,0,73,12:06:35
10.18,-1.78,92.8,944.7,-165.2,0,73,12:06:40
10.33,-1.98,92.8,958.6,-183.7,0,73,12:06:45
10.4,-1.69,92.7,964.1,-156.7,0,73,12:06:50
10.47,-1.11,92.7,970.6,-102.9,0,73,12:06:55
10.52,-1.24,92.7,975.2,-114.9,0,73,12:07:00
10.58,-0.58,92.6,979.7,-53.7,0,72,12:07:05
10.7,-1.47,92.9,994,-136.6,0,73,12:07:10
10.74,-2.02,92.9,997.7,-187.7,0,73,12:07:15
10.84,-1.95,92.9,1007,-181.2,0,73,12:07:20
10.92,-1.66,92.9,1014.5,-154.2,0,73,12:07:25
11.04,-1.43,92.9,1025.6,-132.8,0,72,12:07:30
11.19,0,92.6,1036.2,0,0,72,12:07:35
11.29,-0.8,92.8,1047.7,-74.2,0,72,12:07:40
11.44,-0.31,92.6,1059.3,-28.7,0,72,12:07:45
7.29,3.19,92,670.7,293.5,0,71,12:07:50
7.77,3.08,92,714.8,283.4,0,71,12:07:55
10.29,0.91,92.4,950.8,84.1,0,71,12:08:00
10.22,1.29,92.4,944.3,119.2,0,71,12:08:05
4.8,5.31,91.6,439.7,486.4,0,71,12:08:10
4.24,6.13,91.4,387.5,560.3,0,70,12:08:15
4.39,5.99,91.5,401.7,548.1,0,70,12:08:20
5.43,4.94,91.6,497.4,452.5,0,70,12:08:25
5.16,4.72,91.6,472.7,432.4,0,71,12:08:30
6.08,4.2,91.7,557.5,385.1,0,71,12:08:35
4.23,5.38,91.5,387,492.3,0,71,12:08:40
6.11,3.58,91.7,560.3,328.3,0,71,12:08:45
9.48,0.8,92.3,875,73.8,0,72,12:08:50
7.5,2,92,690,184,0,72,12:08:55
10.58,0.08,92.4,977.6,7.4,0,72,12:09:00
10.73,-0.78,92.5,992.5,-72.1,0,72,12:09:05
10.65,0.15,92.4,984.1,13.9,0,72,12:09:10
10.34,0.77,92.3,954.4,71.1,0,71,12:09:15
10.55,0.71,92.3,973.8,65.5,0,71,12:09:20
10.59,0.49,92.4,978.5,45.3,0,72,12:09:25
10.11,0.96,92.3,933.2,88.6,0,71,12:09:30
10.2,1,92.3,941.5,92.3,0,71,12:09:35
10.67,1.26,92.2,983.8,116.2,0,71,12:09:40
10.47,1.9,92.1,964.3,175,0,70,12:09:45
10.42,1.91,92.1,959.7,175.9,0,69,12:09:50
10.59,1.93,92.1,975.3,177.8,0,69,12:09:55
9.89,2.16,92.1,910.9,198.9,0,70,12:10:00
9.23,2.17,92.1,850.1,199.9,0,70,12:10:05
10.18,0.86,92.3,939.6,79.4,0,71,12:10:10
7.56,0.95,92.3,697.8,87.7,0,72,12:10:15
5.15,3.52,91.8,472.8,323.1,0,72,12:10:20
3.76,5.64,91.5,344,516.1,0,71,12:10:25
2.71,6.61,91.2,247.2,602.8,0,70,12:10:30
2.69,7.36,91,244.8,669.8,0,70,12:10:35
2.93,7.34,91,266.6,667.9,0,70,12:10:40
10.46,2,91.9,961.3,183.8,0,69,12:10:45
10.05,2.12,92,924.6,195,0,69,12:10:50
10.04,2.16,91.9,922.7,198.5,0,69,12:10:55
10.04,2.22,92,923.7,204.2,0,70,12:11:00
10.08,1.98,92,927.4,182.2,0,70,12:11:05
10.14,1.8,92,932.9,165.6,0,71,12:11:10
10.11,0.84,92.2,932.1,77.4,0,71,12:11:15
10.13,1.61,92.1,933,148.3,0,71,12:11:20
10.1,1.1,92.2,931.2,101.4,0,71,12:11:25
10.14,1.69,92,932.9,155.5,0,70,12:11:30
10.18,1.74,92,936.6,160.1,0,70,12:11:35
10.19,1.64,92.1,938.5,151,0,70,12:11:40
10.26,1.22,92.2,946,112.5,0,70,12:11:45
10.35,1.22,92.2,954.3,112.5,0,70,12:11:50
10.4,1.53,92.1,957.8,140.9,0,70,12:11:55
10.45,1.26,92.1,962.4,116,0,70,12:12:00
10.54,0.6,92.3,972.8,55.4,0,71,12:12:05
10.65,0.67,92.3,983,61.8,0,71,12:12:10
10.69,0.5,92.3,986.7,46.2,0,71,12:12:15
10.82,0.26,92.3,998.7,24,0,71,12:12:20
10.86,1.23,92.2,1001.3,113.4,0,71,12:12:25
10.87,0.36,92.3,1003.3,33.2,0,71,12:12:30
10.85,0.62,92.3,1001.5,57.2,0,71,12:12:35
10.8,0.43,92.3,996.8,39.7,0,71,12:12:40
11,0.01,92.4,1016.4,0.9,0,72,12:12:45
10.06,-0.2,92.5,930.6,-18.5,0,72,12:12:50
8.89,0.93,92.2,819.7,85.7,0,72,12:12:55
11.35,-0.46,92.5,1049.9,-42.6,0,72,12:13:00
11.23,-0.79,92.6,1039.9,-73.2,0,72,12:13:05
11.24,-0.6,92.5,1039.7,-55.5,0,72,12:13:10
10.94,0.07,92.4,1010.9,6.5,0,72,12:13:15
11.05,0.31,92.4,1021,28.6,0,71,12:13:20
11.06,0.2,92.4,1021.9,18.5,0,72,12:13:25
11.01,-0.26,92.5,1018.4,-24.1,0,72,12:13:30
11.16,-0.6,92.5,1032.3,-55.5,0,72,12:13:35
11.14,-0.54,92.5,1030.5,-50,0,72,12:13:40
11.08,0.02,92.4,1023.8,1.8,0,72,12:13:45
11.72,-0.29,92.5,1084.1,-26.8,0,72,12:13:50
8.73,1.59,92.2,804.9,146.6,0,72,12:13:55
6.85,3.29,91.9,629.5,302.4,0,71,12:14:00
7.47,3.33,91.8,685.7,305.7,0,71,12:14:05
5.16,4.51,91.6,472.7,413.1,0,71,12:14:10
4.02,6.4,91.2,366.6,583.7,0,70,12:14:15
4.59,5.74,91.3,419.1,524.1,0,70,12:14:20
4.13,5.52,91.3,377.1,504,0,71,12:14:25
3.78,5.73,91.2,344.7,522.6,0,71,12:14:30
3.3,5.37,91.3,301.3,490.3,0,71,12:14:35
3.02,5.99,91.2,275.4,546.3,0,71,12:14:40
2.84,6.09,91.1,258.7,554.8,0,71,12:14:45
2.74,6.67,91.1,249.6,607.6,0,70,12:14:50
2.65,6.62,91,241.2,602.4,0,70,12:14:55
2.63,6.67,91,239.3,607,0,70,12:15:00
2.73,6.73,90.9,248.2,611.8,0,70,12:15:05
3.22,6.46,91,293,587.9,0,70,12:15:10
6.1,4.03,91.4,557.5,368.3,0,70,12:15:15
10.17,1.23,91.9,934.6,113,0,71,12:15:20
9.46,1.71,91.9,869.4,157.1,0,71,12:15:25
8.63,2.24,91.8,792.2,205.6,0,71,12:15:30
5.52,3.98,91.5,505.1,364.2,0,71,12:15:35
8.32,2.75,91.7,762.9,252.2,0,71,12:15:40
10.47,0.82,92,963.2,75.4,0,71,12:15:45
10.34,1.12,92,951.3,103,0,71,12:15:50
10.25,1.44,92,943,132.5,0,71,12:15:55
10.32,0.51,92.1,950.5,47,0,71,12:16:00
10.31,1.11,92,948.5,102.1,0,71,12:16:05
10.31,1.03,92,948.5,94.8,0,71,12:16:10
10.28,0.67,92.1,946.8,61.7,0,71,12:16:15
10.38,0.99,92,955,91.1,0,71,12:16:20
10.35,0.81,92.1,953.2,74.6,0,71,12:16:25
10.38,0.57,92.1,956,52.5,0,71,12:16:30
10.35,0.32,92.2,954.3,29.5,0,72,12:16:35
10.39,0.35,92.2,958,32.3,0,72,12:16:40
10.43,0.4,92.2,961.6,36.9,0,72,12:16:45
10.49,-0.02,92.3,968.2,-1.8,0,72,12:16:50
10.58,-0.59,92.4,977.6,-54.5,0,72,12:16:55
10.56,-0.2,92.3,974.7,-18.5,0,72,12:17:00
10.66,0.37,92.2,982.9,34.1,0,72,12:17:05
10.66,-0.18,92.4,985,-16.6,0,72,12:17:10
10.66,-0.55,92.4,985,-50.8,0,72,12:17:15
10.7,-0.25,92.3,987.6,-23.1,0,72,12:17:20
10.68,-0.04,92.3,985.8,-3.7,0,72,12:17:25
10.67,-0.95,92.5,987,-87.9,0,72,12:17:30
10.74,-0.6,92.4,992.4,-55.4,0,72,12:17:35
10.72,-1.34,92.5,991.6,-124,0,72,12:17:40
10.74,-1.12,92.5,993.5,-103.6,0,72,12:17:45
10.71,-0.63,92.4,989.6,-58.2,0,72,12:17:50
10.47,-1.11,92.5,968.5,-102.7,0,72,12:17:55
10.82,-1.22,92.6,1001.9,-113,0,72,12:18:00
10.82,-1.09,92.5,1000.9,-100.8,0,73,12:18:05
10.86,-1.37,92.5,1004.6,-126.7,0,73,12:18:10
10.9,-1.65,92.6,1009.3,-152.8,0,73,12:18:15
10.67,-1.8,92.6,988,-166.7,0,73,12:18:20
11.15,-2.24,92.7,1033.6,-207.6,0,73,12:18:25
11.19,-1.71,92.6,1036.2,-158.3,0,73,12:18:30
11.17,-1.72,92.7,1035.5,-159.4,0,73,12:18:35
9.92,-1.09,92.6,918.6,-100.9,0,72,12:18:40
10.63,-1.25,92.6,984.3,-115.8,0,72,12:18:45
10.39,-0.86,92.5,961.1,-79.6,0,73,12:18:50
11.15,-0.7,92.5,1031.4,-64.8,0,72,12:18:55
11.14,-0.56,92.5,1030.5,-51.8,0,72,12:19:00
11.23,-1.49,92.6,1039.9,-138,0,72,12:19:05
11.31,-1.11,92.6,1047.3,-102.8,0,72,12:19:10
11.38,-1.19,92.6,1053.8,-110.2,0,72,12:19:15
11.62,-1.77,92.8,1078.3,-164.3,0,72,12:19:20
9.12,1.42,92.2,840.9,130.9,0,72,12:19:25
3.93,5.9,91.3,358.8,538.7,0,71,12:19:30
3.21,7.06,91.1,292.4,643.2,0,70,12:19:35
3.14,7.26,91,285.7,660.7,0,70,12:19:40
2.98,7.31,90.9,270.9,664.5,0,70,12:19:45
2.99,7.19,91,272.1,654.3,0,70,12:19:50
3,7.62,90.8,272.4,691.9,0,69,12:19:55
2.89,7.93,90.7,262.1,719.3,0,69,12:20:00
3.72,7.55,90.8,337.8,685.5,0,68,12:20:05
4.39,7.02,90.9,399.1,638.1,0,68,12:20:10
4.25,6.92,90.8,385.9,628.3,0,69,12:20:15
3.03,7.77,90.7,274.8,704.7,0,69,12:20:20
2.95,7.81,90.6,267.3,707.6,0,69,12:20:25
2.98,7.74,90.6,270,701.2,0,69,12:20:30
3.13,7.55,90.6,283.6,684,0,69,12:20:35
3.85,6.57,90.8,349.6,596.6,0,70,12:20:40
10.37,1.73,91.7,950.9,158.6,0,70,12:20:45
11.74,0.32,91.9,1078.9,29.4,0,71,12:20:50
11.71,-0.62,92.2,1079.7,-57.2,0,71,12:20:55
11.86,-0.46,92.2,1093.5,-42.4,0,71,12:21:00
11.51,0,92.1,1060.1,0,0,71,12:21:05
11.79,-0.61,92.1,1085.9,-56.2,0,72,12:21:10
11.79,-1.18,92.3,1088.2,-108.9,0,72,12:21:15
11.89,-2.22,92.5,1099.8,-205.4,0,72,12:21:20
9.18,-0.12,92.2,846.4,-11.1,0,72,12:21:25
11.89,-1.8,92.5,1099.8,-166.5,0,72,12:21:30
11.96,-2.52,92.6,1107.5,-233.4,0,72,12:21:35
12.1,-2.9,92.7,1121.7,-268.8,0,72,12:21:40
5.22,2.73,91.8,479.2,250.6,0,72,12:21:45
5.33,2.5,91.8,489.3,229.5,0,72,12:21:50
5.43,3.18,91.6,497.4,291.3,0,72,12:21:55
4.47,3.58,91.6,409.5,327.9,0,72,12:22:00
4.04,3.55,91.5,369.7,324.8,0,72,12:22:05
3.53,4.01,91.4,322.6,366.5,0,72,12:22:10
3.56,4.3,91.3,325,392.6,0,71,12:22:15
3.87,4.27,91.4,353.7,390.3,0,71,12:22:20
4.1,3.96,91.4,374.7,361.9,0,71,12:22:25
4.82,3.64,91.5,441,333.1,0,71,12:22:30
6,2.87,91.6,549.6,262.9,0,71,12:22:35
8.75,0.97,91.9,804.1,89.1,0,72,12:22:40
12.04,-1.92,92.4,1112.5,-177.4,0,72,12:22:45
11.88,-1.35,92.3,1096.5,-124.6,0,72,12:22:50
12,-1.25,92.3,1107.6,-115.4,0,72,12:22:55
12.09,-2.43,92.5,1118.3,-224.8,0,72,12:23:00
10.15,0.07,92.1,934.8,6.4,0,72,12:23:05
6.19,1.85,91.9,568.9,170,0,72,12:23:10
8.09,1.19,91.9,743.5,109.4,0,72,12:23:15
5.68,3.34,91.5,519.7,305.6,0,71,12:23:20
4.09,4.57,91.3,373.4,417.2,0,71,12:23:25
4.15,5.17,91.2,378.5,471.5,0,71,12:23:30
4.56,4.63,91.2,415.9,422.3,0,71,12:23:35
4.99,3.71,91.4,456.1,339.1,0,71,12:23:40
3.58,4.8,91.2,326.5,437.8,0,71,12:23:45
3.28,5.52,91.1,298.8,502.9,0,71,12:23:50
3.39,5.38,91,308.5,489.6,0,71,12:23:55
4.35,5.32,91.1,396.3,484.7,0,71,12:24:00
4.1,4.53,91.2,373.9,413.1,0,71,12:24:05
3.75,5.28,91,341.3,480.5,0,71,12:24:10
3.63,5.41,91,330.3,492.3,0,70,12:24:15
5.04,4.87,91.1,459.1,443.7,0,71,12:24:20
6.37,3.59,91.3,581.6,327.8,0,71,12:24:25
2.89,5.97,90.9,262.7,542.7,0,71,12:24:30
2.54,6.64,90.7,230.4,602.2,0,70,12:24:35
2.82,6.12,90.9,256.3,556.3,0,70,12:24:40
6.36,3.51,91.3,580.7,320.5,0,71,12:24:45
10.74,0.57,91.8,985.9,52.3,0,71,12:24:50
10.49,0.31,91.8,963,28.5,0,71,12:24:55
10.51,-0.28,92,966.9,-25.8,0,71,12:25:00
10.61,-0.07,92,976.1,-6.4,0,71,12:25:05
10.53,0.28,92,968.8,25.8,0,71,12:25:10
10.59,0.28,92,974.3,25.8,0,71,12:25:15
10.48,0.52,91.9,963.1,47.8,0,71,12:25:20
10.43,0.47,91.9,958.5,43.2,0,71,12:25:25
10.44,0.29,92,960.5,26.7,0,71,12:25:30
10.46,0.17,92,962.3,15.6,0,72,12:25:35
10.45,0.36,92,961.4,33.1,0,71,12:25:40
10.46,0.64,91.9,961.3,58.8,0,71,12:25:45
10.4,-2.71,92.5,962,-250.7,0,71,12:25:50
10.41,-3,92.5,962.9,-277.5,0,70,12:25:55
10.49,-3.84,92.7,972.4,-356,0,69,12:26:00
10.52,-3.87,92.7,975.2,-358.7,0,68,12:26:05
10.52,-6.15,93.2,980.5,-573.2,0,66,12:26:10
10.6,-6.21,93.2,987.9,-578.8,0,64,12:26:15
10.67,-4.62,93,992.3,-429.7,0,62,12:26:20
10.74,-4.17,92.9,997.7,-387.4,0,61,12:26:25
10.89,-4.23,93,1012.8,-393.4,0,61,12:26:30
7.68,-1.21,92.5,710.4,-111.9,0,60,12:26:35
10.12,-3.49,92.8,939.1,-323.9,0,60,12:26:40
8.73,-0.02,92.2,804.9,-1.8,0,60,12:26:45
5.7,3.22,91.6,522.1,295,0,61,12:26:50
11.54,0.55,92.1,1062.8,50.7,0,62,12:26:55
11.03,-0.07,92.2,1017,-6.5,0,63,12:27:00
9.3,1.37,92,855.6,126,0,64,12:27:05
5.16,5.83,91.2,470.6,531.7,0,65,12:27:10
5.86,5.27,91.2,534.4,480.6,0,66,12:27:15
6.43,4.9,91.2,586.4,446.9,0,67,12:27:20
10.63,1.3,91.8,975.8,119.3,0,68,12:27:25
6.1,4.71,91.2,556.3,429.6,0,69,12:27:30
5.96,4.3,91.3,544.1,392.6,0,70,12:27:35
6.93,3.75,91.4,633.4,342.8,0,70,12:27:40
5.49,4.81,91.2,500.7,438.7,0,70,12:27:45
5.72,4.42,91.2,521.7,403.1,0,70,12:27:50
4.76,5.18,91.1,433.6,471.9,0,70,12:27:55
5.4,5.06,91.1,491.9,461,0,69,12:28:00
4.56,5.66,91,415,515.1,0,69,12:28:05
4.32,5.52,90.9,392.7,501.8,0,70,12:28:10
4.51,5.48,90.9,410,498.1,0,70,12:28:15
9.14,2.02,91.5,836.3,184.8,0,70,12:28:20
6.36,4.18,91.2,580,381.2,0,69,12:28:25
7.33,3.43,91.3,669.2,313.2,0,69,12:28:30
8.15,2.96,91.3,744.1,270.2,0,69,12:28:35
7.95,3.12,91.3,725.8,284.9,0,69,12:28:40
10.89,0.81,91.8,999.7,74.4,0,69,12:28:45
11.15,0.7,91.8,1023.6,64.3,0,69,12:28:50
11.05,0.67,91.8,1014.4,61.5,0,69,12:28:55
11.01,0.7,91.8,1010.7,64.3,0,69,12:29:00
10.98,0.72,91.8,1008,66.1,0,69,12:29:05
11.02,0.71,91.8,1011.6,65.2,0,69,12:29:10
7.68,3.45,91.3,701.2,315,0,69,12:29:15
10.09,1.63,91.7,925.3,149.5,0,69,12:29:20
8.65,2.87,91.4,790.6,262.3,0,69,12:29:25
7.15,3.94,91.2,652.1,359.3,0,69,12:29:30
3.01,7.1,90.6,272.7,643.3,0,69,12:29:35
2.83,7.3,90.6,256.4,661.4,0,69,12:29:40
3.59,6.68,90.6,325.3,605.2,0,68,12:29:45
11.23,0.84,91.7,1029.8,77,0,68,12:29:50
7.17,3.84,91.2,653.9,350.2,0,69,12:29:55
10.74,1.14,91.6,983.8,104.4,0,69,12:30:00
10.44,1.37,91.6,956.3,125.5,0,69,12:30:05
10.5,1.31,91.6,961.8,120,0,69,12:30:10
10.47,1.24,91.6,959.1,113.6,0,69,12:30:15
10.52,1.21,91.7,964.7,111,0,69,12:30:20
10.42,1.34,91.6,954.5,122.7,0,69,12:30:25
10.46,1.14,91.7,959.2,104.5,0,69,12:30:30
10.45,1.07,91.7,958.3,98.1,0,69,12:30:35
10.41,1.15,91.7,954.6,105.5,0,69,12:30:40
10.41,1.25,91.7,954.6,114.6,0,69,12:30:45
10.46,1.03,91.7,959.2,94.5,0,69,12:30:50
10.51,0.93,91.8,964.8,85.4,0,70,12:30:55
10.46,0.85,91.8,960.2,78,0,70,12:31:00
10.55,1.16,91.7,967.4,106.4,0,69,12:31:05
10.62,1.19,91.7,973.9,109.1,0,69,12:31:10
10.68,1.18,91.7,979.4,108.2,0,69,12:31:15
10.73,1.1,91.7,983.9,100.9,0,69,12:31:20
10.82,1.03,91.8,993.3,94.6,0,69,12:31:25
10.86,1.04,91.8,996.9,95.5,0,69,12:31:30
10.94,1.11,91.7,1003.2,101.8,0,68,12:31:35
11,0.81,91.7,1008.7,74.3,0,68,12:31:40
11.14,0.84,91.7,1021.5,77,0,68,12:31:45
11.2,0.89,91.7,1027,81.6,0,68,12:31:50
11.37,0.7,91.8,1043.8,64.3,0,67,12:31:55
6.62,4.31,91.1,603.1,392.6,0,67,12:32:00
6.14,5.21,91,558.7,474.1,0,67,12:32:05
5.69,5.24,90.9,517.2,476.3,0,67,12:32:10
4.05,6.78,90.6,366.9,614.3,0,66,12:32:15
7.1,4.19,91.1,646.8,381.7,0,66,12:32:20
5.01,5.94,90.8,454.9,539.4,0,66,12:32:25
4.06,6.75,90.6,367.8,611.6,0,66,12:32:30
3.51,7.2,90.5,317.7,651.6,0,66,12:32:35
11.78,0.29,91.7,1080.2,26.6,0,66,12:32:40
11.14,0.84,91.6,1020.4,76.9,0,66,12:32:45
10.43,1.41,91.6,955.4,129.2,0,66,12:32:50
11.23,0.77,91.6,1028.7,70.5,0,67,12:32:55
11.05,0.91,91.6,1012.2,83.4,0,67,12:33:00
10.85,1.12,91.5,992.8,102.5,0,67,12:33:05
10.91,0.85,91.7,1000.4,77.9,0,67,12:33:10
2.92,7.3,90.5,264.3,660.7,0,68,12:33:15
3.95,6.56,90.6,357.9,594.3,0,68,12:33:20
10.68,1.12,91.6,978.3,102.6,0,69,12:33:25
10.83,0.79,91.7,993.1,72.4,0,69,12:33:30
10.66,0.62,91.7,977.5,56.9,0,70,12:33:35
10.53,0.58,91.7,965.6,53.2,0,70,12:33:40
10.38,0.77,91.7,951.8,70.6,0,70,12:33:45
10.29,0.19,91.8,944.6,17.4,0,71,12:33:50
10.3,0.32,91.8,945.5,29.4,0,71,12:33:55
10.29,0.6,91.7,943.6,55,0,71,12:34:00
10.2,0.14,91.8,936.4,12.9,0,71,12:34:05
10.17,0.54,91.7,932.6,49.5,0,71,12:34:10
10.17,1.06,91.6,931.6,97.1,0,70,12:34:15
10.1,1.07,91.6,925.2,98,0,70,12:34:20
10.16,1.11,91.6,930.7,101.7,0,70,12:34:25
10.1,1.08,91.6,925.2,98.9,0,70,12:34:30
10.12,0.82,91.7,928,75.2,0,70,12:34:35
10.28,0.58,91.7,942.7,53.2,0,70,12:34:40
9.57,1.33,91.6,876.6,121.8,0,70,12:34:45
5.98,4.33,91.1,544.8,394.5,0,70,12:34:50
5.79,4.46,91,526.9,405.9,0,70,12:34:55
10,1.05,91.6,916,96.2,0,70,12:35:00
8.62,1.99,91.4,787.9,181.9,0,70,12:35:05
8.24,2.33,91.4,753.1,213,0,70,12:35:10
9.99,1.17,91.6,915.1,107.2,0,69,12:35:15
9.99,1.31,91.6,915.1,120,0,70,12:35:20
9.96,1.21,91.6,912.3,110.8,0,70,12:35:25
9.94,0.86,91.6,910.5,78.8,0,70,12:35:30
9.87,1.04,91.6,904.1,95.3,0,71,12:35:35
9.84,0.54,91.8,903.3,49.6,0,71,12:35:40
9.82,0.66,91.7,900.5,60.5,0,71,12:35:45
9.78,0.07,91.8,897.8,6.4,0,71,12:35:50
9.76,-0.12,91.9,896.9,-11,0,71,12:35:55
9.78,-0.51,92,899.8,-46.9,0,72,12:36:00
9.69,-0.47,91.9,890.5,-43.2,0,72,12:36:05
9.78,-3.28,92.4,903.7,-303.1,0,73,12:36:10
9.75,-3.87,92.5,901.9,-358,0,74,12:36:15
9.8,-3.02,92.4,905.5,-279,0,73,12:36:20
9.77,-1.9,92.2,900.8,-175.2,0,73,12:36:25
9.82,-0.48,92,903.4,-44.2,0,72,12:36:30
9.84,-0.46,92,905.3,-42.3,0,72,12:36:35
9.9,-0.24,92,910.8,-22.1,0,71,12:36:40
9.89,0.51,91.8,907.9,46.8,0,71,12:36:45
9.95,0.64,91.8,913.4,58.8,0,71,12:36:50
10,0.77,91.8,918,70.7,0,71,12:36:55
10.02,0.55,91.8,919.8,50.5,0,70,12:37:00
10.04,0.84,91.8,921.7,77.1,0,70,12:37:05
10.08,1.52,91.5,922.3,139.1,0,69,12:37:10
10.15,1.58,91.6,929.7,144.7,0,69,12:37:15
10.18,1.57,91.6,932.5,143.8,0,69,12:37:20
10.19,1.58,91.6,933.4,144.7,0,68,12:37:25
10.26,1.75,91.5,938.8,160.1,0,68,12:37:30
10.27,1.54,91.6,940.7,141.1,0,68,12:37:35
10.27,1.57,91.6,940.7,143.8,0,68,12:37:40
10.3,1.69,91.5,942.5,154.6,0,68,12:37:45
10.29,1.58,91.6,942.6,144.7,0,68,12:37:50
10.28,1.57,91.5,940.6,143.7,0,67,12:37:55
10.29,1.58,91.5,941.5,144.6,0,67,12:38:00
10.3,1.52,91.6,943.5,139.2,0,66,12:38:05
10.31,1.54,91.5,943.4,140.9,0,66,12:38:10
10.29,1.52,91.5,941.5,139.1,0,65,12:38:15
10.35,1.47,91.6,948.1,134.7,0,65,12:38:20
10.38,1.44,91.5,949.8,131.8,0,65,12:38:25
10.43,1.43,91.5,954.3,130.8,0,64,12:38:30
10.44,1.42,91.5,955.3,129.9,0,65,12:38:35
10.47,1.35,91.6,959.1,123.7,0,65,12:38:40
10.49,1.35,91.6,960.9,123.7,0,66,12:38:45
10.5,1.38,91.6,961.8,126.4,0,66,12:38:50
10.49,1.4,91.6,960.9,128.2,0,66,12:38:55
10.48,1.37,91.6,960,125.5,0,66,12:39:00
10.51,1.39,91.6,962.7,127.3,0,67,12:39:05
10.53,1.41,91.6,964.5,129.2,0,68,12:39:10
10.48,1.27,91.6,960,116.3,0,68,12:39:15
10.4,1.45,91.5,951.6,132.7,0,69,12:39:20
10.35,1.34,91.5,947,122.6,0,69,12:39:25
10.33,1.2,91.6,946.2,109.9,0,69,12:39:30
10.3,1.28,91.6,943.5,117.2,0,69,12:39:35
10.26,1.07,91.6,939.8,98,0,69,12:39:40
10.04,1.39,91.5,918.7,127.2,0,69,12:39:45
10.19,1.27,91.6,933.4,116.3,0,69,12:39:50
10.19,0.99,91.6,933.4,90.7,0,70,12:39:55
10.24,0.75,91.7,939,68.8,0,70,12:40:00
10.21,0.99,91.6,935.2,90.7,0,70,12:40:05
10.22,1.04,91.6,936.2,95.3,0,70,12:40:10
10.23,0.81,91.7,938.1,74.3,0,70,12:40:15
10.17,0.43,91.7,932.6,39.4,0,70,12:40:20
10.21,0.28,91.7,936.3,25.7,0,70,12:40:25
10.19,0.6,91.7,934.4,55,0,70,12:40:30
10.24,0.7,91.7,939,64.2,0,70,12:40:35
10.24,1.12,91.6,938,102.6,0,70,12:40:40
10.34,0.92,91.6,947.1,84.3,0,70,12:40:45
10.37,1.08,91.6,949.9,98.9,0,70,12:40:50
10.44,0.97,91.6,956.3,88.9,0,69,12:40:55
10.44,1.26,91.5,955.3,115.3,0,69,12:41:00
10.58,1.39,91.5,968.1,127.2,0,69,12:41:05
10.72,1.25,91.6,982,114.5,0,68,12:41:10
10.73,1.07,91.5,981.8,97.9,0,68,12:41:15
10.79,1.14,91.6,988.4,104.4,0,68,12:41:20
10.9,1.14,91.5,997.4,104.3,0,68,12:41:25
10.95,1.12,91.6,1003,102.6,0,67,12:41:30
11.01,1.01,91.6,1008.5,92.5,0,67,12:41:35
11.07,0.86,91.6,1014,78.8,0,67,12:41:40
11.15,0.8,91.6,1021.3,73.3,0,67,12:41:45
11.36,0.67,91.6,1040.6,61.4,0,67,12:41:50
8.75,2.85,91.3,798.9,260.2,0,66,12:41:55
3.28,7.36,90.4,296.5,665.3,0,66,12:42:00
3.29,7.39,90.4,297.4,668.1,0,66,12:42:05
3.37,7.31,90.4,304.6,660.8,0,65,12:42:10
2.98,7.65,90.3,269.1,690.8,0,66,12:42:15
2.57,7.98,90.2,231.8,719.8,0,66,12:42:20
2.3,8.25,90.1,207.2,743.3,0,66,12:42:25
2.12,8.28,90.1,191,746,0,66,12:42:30
1.97,8.6,90,177.3,774,0,66,12:42:35
1.78,8.69,90,160.2,782.1,0,66,12:42:40
1.67,8.43,90,150.3,758.7,0,66,12:42:45
1.59,8.87,89.9,142.9,797.4,0,66,12:42:50
1.51,8.97,89.9,135.7,806.4,0,67,12:42:55
1.46,8.36,90,131.4,752.4,0,67,12:43:00
1.49,9.45,89.7,133.7,847.7,0,67,12:43:05
3.05,7.19,90.1,274.8,647.8,0,67,12:43:10
10.25,1.38,91.2,934.8,125.9,0,68,12:43:15
10.13,1.23,91.2,923.9,112.2,0,69,12:43:20
10.14,0.45,91.4,926.8,41.1,0,70,12:43:25
10.23,0.42,91.4,935,38.4,0,70,12:43:30
10.15,0.73,91.4,927.7,66.7,0,70,12:43:35
10.14,0.95,91.3,925.8,86.7,0,70,12:43:40
10.11,0.94,91.4,924.1,85.9,0,70,12:43:45
10.06,0.97,91.4,919.5,88.7,0,70,12:43:50
10.06,0.77,91.4,919.5,70.4,0,70,12:43:55
10.06,0.35,91.6,921.5,32.1,0,70,12:44:00
10.03,0.38,91.5,917.7,34.8,0,70,12:44:05
9.98,0.75,91.4,912.2,68.6,0,70,12:44:10
10.04,1.04,91.4,917.7,95.1,0,70,12:44:15
9.93,1.22,91.3,906.6,111.4,0,70,12:44:20
9.96,1.09,91.4,910.3,99.6,0,70,12:44:25
9.69,1.01,91.4,885.7,92.3,0,70,12:44:30
9.87,0.97,91.4,902.1,88.7,0,70,12:44:35
9.63,1.46,91.3,879.2,133.3,0,70,12:44:40
9.68,1.44,91.3,883.8,131.5,0,70,12:44:45
9.84,1.19,91.4,899.4,108.8,0,69,12:44:50
9.63,1.55,91.3,879.2,141.5,0,70,12:44:55
9.71,1.24,91.4,887.5,113.3,0,69,12:45:00
9.75,1.55,91.3,890.2,141.5,0,70,12:45:05
9.57,1.38,91.4,874.7,126.1,0,69,12:45:10
9.44,1.71,91.3,861.9,156.1,0,69,12:45:15
9.57,1.38,91.3,873.7,126,0,70,12:45:20
9.6,1.43,91.4,877.4,130.7,0,70,12:45:25
9.61,1.57,91.3,877.4,143.3,0,69,12:45:30
9.71,1.68,91.3,886.5,153.4,0,69,12:45:35
9.73,1.73,91.3,888.3,157.9,0,69,12:45:40
9.58,1.87,91.3,874.7,170.7,0,69,12:45:45
9.6,1.8,91.2,875.5,164.2,0,69,12:45:50
9.37,1.89,91.2,854.5,172.4,0,69,12:45:55
9.47,1.69,91.3,864.6,154.3,0,69,12:46:00
9.46,1.74,91.3,863.7,158.9,0,69,12:46:05
9.42,1.5,91.3,860,137,0,69,12:46:10
9.28,1.85,91.3,847.3,168.9,0,70,12:46:15
9.34,1.51,91.3,852.7,137.9,0,70,12:46:20
9.26,1.21,91.4,846.4,110.6,0,70,12:46:25
9.17,0.93,91.4,838.1,85,0,70,12:46:30
9.1,1.4,91.3,830.8,127.8,0,70,12:46:35
9.27,1.37,91.3,846.4,125.1,0,70,12:46:40
9.37,0.64,91.5,857.4,58.6,0,71,12:46:45
9.61,0.98,91.4,878.4,89.6,0,71,12:46:50
10.23,-1.89,91.9,940.1,-173.7,0,72,12:46:55
9.16,-8.62,93.1,852.8,-802.5,0,71,12:47:00
9.64,-8.66,93.1,897.5,-806.2,0,67,12:47:05
8.86,-32.89,97.4,863,-3203.5,0,60,12:47:10
9.44,-8.53,93.4,881.7,-796.7,0,49,12:47:15
9.47,-8.52,93.4,884.5,-795.8,0,45,12:47:20
9.5,-8.53,93.4,887.3,-796.7,0,44,12:47:25
9.16,-17.61,95,870.2,-1673,0,39,12:47:30
9.14,-16.37,95,868.3,-1555.2,0,29,12:47:35
9.16,-10.14,93.8,859.2,-951.1,0,13,12:47:40
9.09,-8.15,93.4,849,-761.2,0,0,12:47:45
9.14,-8.21,93.4,853.7,-766.8,0,0,12:47:50
9.23,-8.29,93.5,863,-775.1,0,0,12:47:55
9.26,-8.31,93.6,866.7,-777.8,0,0,12:48:00
9.27,-8.31,93.5,866.7,-777,0,0,12:48:05
9.27,-8.31,93.5,866.7,-777,0,0,12:48:10
9.28,-8.33,93.6,868.6,-779.7,0,0,12:48:15
9.28,-8.34,93.6,868.6,-780.6,0,0,12:48:20
9.11,-8.17,93.6,852.7,-764.7,0,0,12:48:25
8.57,-7.67,93.4,800.4,-716.4,0,0,12:48:30
9.11,-8.18,93.6,852.7,-765.6,0,0,12:48:35
9.24,-8.29,93.6,864.9,-775.9,0,0,12:48:40
8.91,-7.98,93.6,834,-746.9,0,0,12:48:45
9.24,-8.29,93.6,864.9,-775.9,0,0,12:48:50
9.26,-8.3,93.6,866.7,-776.9,0,0,12:48:55
9.23,-8.28,93.6,863.9,-775,0,0,12:49:00
9.29,-8.35,93.7,870.5,-782.4,0,0,12:49:05
9.34,-8.38,93.7,875.2,-785.2,0,0,12:49:10
9.02,-8.1,93.6,844.3,-758.2,0,0,12:49:15
9.16,-8.21,93.6,857.4,-768.5,0,0,12:49:20
9.1,-8.16,93.7,852.7,-764.6,0,0,12:49:25
8.32,-7.44,93.6,778.8,-696.4,0,0,12:49:30
7.45,-6.64,93.4,695.8,-620.2,0,0,12:49:35
9.24,-8.29,93.7,865.8,-776.8,0,0,12:49:40
9.18,-8.24,93.7,860.2,-772.1,0,0,12:49:45
9.14,-8.2,93.7,856.4,-768.3,0,0,12:49:50
9.15,-8.21,93.7,857.4,-769.3,0,0,12:49:55
9.17,-8.23,93.7,859.2,-771.2,0,0,12:50:00
9.11,-8.18,93.7,853.6,-766.5,0,0,12:50:05
9.15,-7.43,93.6,856.4,-695.4,0,0,12:50:10
8.94,-6.14,93.4,835,-573.5,0,2,12:50:15
8.89,-3.14,93,826.8,-292,0,7,12:50:20
9.25,-0.59,92.5,855.6,-54.6,0,12,12:50:25
8.85,1.07,92.1,815.1,98.5,0,22,12:50:30
8.95,1.79,92.1,824.3,164.9,0,30,12:50:35
8.77,1.89,92,806.8,173.9,0,37,12:50:40
8.83,1.84,92,812.4,169.3,0,41,12:50:45
8.84,1.84,91.9,812.4,169.1,0,46,12:50:50
8.85,1.83,91.9,813.3,168.2,0,50,12:50:55
8.87,1.79,91.8,814.3,164.3,0,53,12:51:00
8.84,1.83,91.8,811.5,168,0,56,12:51:05
8.83,1.85,91.8,810.6,169.8,0,58,12:51:10
8.88,1.82,91.8,815.2,167.1,0,61,12:51:15
8.91,1.73,91.9,818.8,159,0,63,12:51:20
8.9,1.75,91.8,817,160.7,0,65,12:51:25
8.94,1.77,91.8,820.7,162.5,0,66,12:51:30
8.87,1.77,91.9,815.2,162.7,0,68,12:51:35
8.86,1.77,91.8,813.3,162.5,0,68,12:51:40
8.97,1.74,91.8,823.4,159.7,0,69,12:51:45
9.02,1.51,91.8,828,138.6,0,70,12:51:50
8.91,1.28,91.9,818.8,117.6,0,71,12:51:55
8.88,0.6,92,817,55.2,0,71,12:52:00
8.94,1,91.9,821.6,91.9,0,71,12:52:05
9.02,0.9,91.9,828.9,82.7,0,71,12:52:10
9.04,0.41,92,831.7,37.7,0,71,12:52:15
9.12,0.46,92,839,42.3,0,71,12:52:20
9.1,1.07,91.8,835.4,98.2,0,70,12:52:25
9.17,1.31,91.8,841.8,120.3,0,70,12:52:30
9.21,1.28,91.8,845.5,117.5,0,70,12:52:35
9.3,1.35,91.8,853.7,123.9,0,69,12:52:40
9.28,1.45,91.8,851.9,133.1,0,69,12:52:45
9.29,1.49,91.8,852.8,136.8,0,69,12:52:50
9.42,1.42,91.8,864.8,130.4,0,69,12:52:55
9.45,1.39,91.8,867.5,127.6,0,69,12:53:00
9.41,1.4,91.8,863.8,128.5,0,69,12:53:05
9.46,1.39,91.8,868.4,127.6,0,69,12:53:10
9.52,1.25,91.8,873.9,114.8,0,69,12:53:15
9.67,1.22,91.8,887.7,112,0,69,12:53:20
9.63,1.27,91.8,884,116.6,0,69,12:53:25
9.67,1.05,91.8,887.7,96.4,0,69,12:53:30
9.68,1.02,91.8,888.6,93.6,0,69,12:53:35
9.8,0.99,91.8,899.6,90.9,0,69,12:53:40
9.87,0.74,91.9,907.1,68,0,70,12:53:45
9.94,0.7,91.9,913.5,64.3,0,70,12:53:50
10.03,0.67,91.8,920.8,61.5,0,70,12:53:55
10.02,0.65,91.8,919.8,59.7,0,70,12:54:00
10,0.52,91.9,919,47.8,0,70,12:54:05
10.03,-0.35,92,922.8,-32.2,0,71,12:54:10
10.14,0.05,92,932.9,4.6,0,71,12:54:15
10.17,-0.05,92,935.6,-4.6,0,71,12:54:20
10.26,-0.3,92,943.9,-27.6,0,72,12:54:25
10.51,-1.23,92.3,970.1,-113.5,0,72,12:54:30
10.65,-1.46,92.3,983,-134.8,0,72,12:54:35
10.67,-1.78,92.4,985.9,-164.5,0,72,12:54:40
10.77,-1.2,92.2,993,-110.6,0,72,12:54:45
10.81,-1.99,92.4,998.8,-183.9,0,72,12:54:50
10.84,-2.09,92.4,1001.6,-193.1,0,72,12:54:55
10.96,-1.82,92.4,1012.7,-168.2,0,72,12:55:00
11.01,-1.74,92.4,1017.3,-160.8,0,72,12:55:05
11.12,-2.09,92.4,1027.5,-193.1,0,72,12:55:10
5.55,2.41,91.7,508.9,221,0,72,12:55:15
3.2,5.19,91.2,291.8,473.3,0,71,12:55:20
2.59,5.89,91,235.7,536,0,70,12:55:25
2.62,6.63,90.8,237.9,602,0,69,12:55:30
3.22,6.32,90.8,292.4,573.9,0,69,12:55:35
6.65,3.64,91.3,607.1,332.3,0,68,12:55:40
7.06,3.42,91.3,644.6,312.2,0,69,12:55:45
4.31,5.65,90.9,391.8,513.6,0,69,12:55:50
3.18,6.36,90.7,288.4,576.9,0,69,12:55:55
2.49,6.93,90.6,225.6,627.9,0,69,12:56:00
2.28,7.12,90.6,206.6,645.1,0,69,12:56:05
2.21,7.09,90.6,200.2,642.4,0,69,12:56:10
2.21,6.94,90.6,200.2,628.8,0,69,12:56:15
2.35,6.66,90.6,212.9,603.4,0,69,12:56:20
3.28,6.05,90.6,297.2,548.1,0,69,12:56:25
5.42,4.17,91,493.2,379.5,0,70,12:56:30
3.18,5.73,90.7,288.4,519.7,0,70,12:56:35
3.21,5.51,90.7,291.1,499.8,0,70,12:56:40
2.65,5.37,90.8,240.6,487.6,0,71,12:56:45
5.09,3.45,91.1,463.7,314.3,0,71,12:56:50
10.23,-0.69,91.8,939.1,-63.3,0,72,12:56:55
10,-0.76,91.9,919,-69.8,0,72,12:57:00
9.94,-1.63,92.1,915.5,-150.1,0,72,12:57:05
9.93,-1.31,92.1,914.6,-120.7,0,72,12:57:10
9.93,-1.31,92,913.6,-120.5,0,73,12:57:15
9.94,-1.46,92.1,915.5,-134.5,0,72,12:57:20
9.92,-2.1,92.2,914.6,-193.6,0,73,12:57:25
9.89,-1.95,92.2,911.9,-179.8,0,72,12:57:30
9.86,-1.94,92.2,909.1,-178.9,0,73,12:57:35
9.86,-1.8,92.2,909.1,-166,0,73,12:57:40
9.84,-1.94,92.2,907.2,-178.9,0,73,12:57:45
9.78,-1.42,92.1,900.7,-130.8,0,73,12:57:50
9.85,-1.08,92.1,907.2,-99.5,0,72,12:57:55
9.81,-0.89,92.1,903.5,-82,0,72,12:58:00
9.81,-1.06,92.2,904.5,-97.7,0,72,12:58:05
9.86,-0.83,92,907.1,-76.4,0,72,12:58:10
9.91,-1.15,92.2,913.7,-106,0,72,12:58:15
9.92,-0.7,92,912.6,-64.4,0,72,12:58:20
9.99,-0.82,92.1,920.1,-75.5,0,72,12:58:25
10.03,-0.98,92.1,923.8,-90.3,0,72,12:58:30
10.08,-0.35,92,927.4,-32.2,0,72,12:58:35
10.17,-0.57,92.1,936.7,-52.5,0,72,12:58:40
10.23,-1.34,92.2,943.2,-123.5,0,72,12:58:45
10.32,-0.85,92.1,950.5,-78.3,0,72,12:58:50
10.42,-0.55,92,958.6,-50.6,0,72,12:58:55
10.51,-0.38,92,966.9,-35,0,71,12:59:00
10.61,-0.4,92,976.1,-36.8,0,71,12:59:05
10.73,-0.9,92.1,988.2,-82.9,0,71,12:59:10
10.83,-1.33,92.2,998.5,-122.6,0,71,12:59:15
10.79,-0.95,92.1,993.8,-87.5,0,71,12:59:20
7.43,2.28,91.5,679.8,208.6,0,71,12:59:25
4.82,3.74,91.3,440.1,341.5,0,71,12:59:30
3.56,5.31,91,324,483.2,0,70,12:59:35
8.5,1.45,91.6,778.6,132.8,0,70,12:59:40
11.47,-1.05,92.1,1056.4,-96.7,0,70,12:59:45
11.5,-0.89,92,1058,-81.9,0,70,12:59:50
10.73,-0.06,91.9,986.1,-5.5,0,70,12:59:55
10.86,-0.26,92,999.1,-23.9,0,70,13:00:00
11.08,-1.23,92.1,1020.5,-113.3,0,71,13:00:05
5.68,3.47,91.3,518.6,316.8,0,71,13:00:10
4.3,3.97,91.2,392.2,362.1,0,71,13:00:15
4.89,4.27,91.1,445.5,389,0,70,13:00:20
4.31,4.92,91,392.2,447.7,0,70,13:00:25
3.66,5.38,90.9,332.7,489,0,70,13:00:30
3.28,5.65,90.8,297.8,513,0,70,13:00:35
3.15,6.13,90.7,285.7,556,0,69,13:00:40
3.15,6.03,90.7,285.7,546.9,0,69,13:00:45
4.5,5.01,90.8,408.6,454.9,0,69,13:00:50
9.16,1.52,91.5,838.1,139.1,0,69,13:00:55
10.85,0.19,91.7,994.9,17.4,0,69,13:01:00
10.82,0.21,91.7,992.2,19.3,0,69,13:01:05
9.84,1.09,91.6,901.3,99.8,0,69,13:01:10
7.44,2.99,91.2,678.5,272.7,0,69,13:01:15
3.95,5.68,90.7,358.3,515.2,0,69,13:01:20
3.9,5.8,90.7,353.7,526.1,0,68,13:01:25
8.38,2.37,91.3,765.1,216.4,0,68,13:01:30
10,1,91.5,915,91.5,0,68,13:01:35
6.29,4.22,91,572.4,384,0,67,13:01:40
10.05,0.81,91.6,920.6,74.2,0,67,13:01:45
10.03,0.88,91.6,918.7,80.6,0,66,13:01:50
9.99,0.9,91.6,915.1,82.4,0,67,13:01:55
9.97,0.92,91.6,913.3,84.3,0,67,13:02:00
9.97,0.92,91.6,913.3,84.3,0,67,13:02:05
10.04,0.83,91.6,919.7,76,0,67,13:02:10
10.09,0.7,91.6,924.2,64.1,0,68,13:02:15
10.17,0.62,91.7,932.6,56.9,0,68,13:02:20
10.21,0.76,91.6,935.2,69.6,0,69,13:02:25
10.34,0.58,91.7,948.2,53.2,0,69,13:02:30
10.36,0.56,91.7,950,51.4,0,69,13:02:35
10.48,0.48,91.7,961,44,0,69,13:02:40
10.54,0.43,91.7,966.5,39.4,0,69,13:02:45
10.62,0.18,91.7,973.9,16.5,0,69,13:02:50
10.69,0.16,91.7,980.3,14.7,0,70,13:02:55
10.69,-0.07,91.8,981.3,-6.4,0,70,13:03:00
10.66,0,91.8,978.6,0,0,70,13:03:05
10.64,-0.07,91.8,976.8,-6.4,0,70,13:03:10
10.62,-0.05,91.8,974.9,-4.6,0,70,13:03:15
10.65,-0.01,91.8,977.7,-0.9,0,70,13:03:20
10.65,-0.12,91.8,977.7,-11,0,70,13:03:25
10.45,-0.01,91.9,960.4,-0.9,0,70,13:03:30
7.9,1.92,91.4,722.1,175.5,0,70,13:03:35
7.89,1.88,91.5,721.9,172,0,70,13:03:40
5.63,2.89,91.2,513.5,263.6,0,71,13:03:45
3.63,3.05,91.2,331.1,278.2,0,72,13:03:50
3.19,3.38,91.2,290.9,308.3,0,72,13:03:55
3.18,3.31,91.1,289.7,301.5,0,72,13:04:00
3.65,3.87,91,332.2,352.2,0,71,13:04:05
7.88,1.94,91.4,720.2,177.3,0,71,13:04:10
10.96,-0.51,91.8,1006.1,-46.8,0,70,13:04:15
11.03,-0.34,91.8,1012.6,-31.2,0,70,13:04:20
7.15,2.85,91.2,652.1,259.9,0,70,13:04:25
6.31,3.38,91.1,574.8,307.9,0,70,13:04:30
10.44,0.13,91.7,957.3,11.9,0,70,13:04:35
11,-0.46,91.8,1009.8,-42.2,0,70,13:04:40
8.76,1.21,91.5,801.5,110.7,0,70,13:04:45
6.05,3.29,91.1,551.2,299.7,0,70,13:04:50
4.88,4.26,91,444.1,387.7,0,70,13:04:55
3.76,5.04,90.8,341.4,457.6,0,70,13:05:00
3.24,5.87,90.6,293.5,531.8,0,70,13:05:05
2.74,6.16,90.6,248.2,558.1,0,70,13:05:10
3.51,5.31,90.7,318.4,481.6,0,70,13:05:15
4.34,5.06,90.7,393.6,458.9,0,70,13:05:20
6.6,2.97,91.1,601.3,270.6,0,70,13:05:25
5.61,3.42,91,510.5,311.2,0,70,13:05:30
9.11,0.8,91.4,832.7,73.1,0,70,13:05:35
10.03,0,91.7,919.8,0,0,70,13:05:40
10,-0.12,91.7,917,-11,0,70,13:05:45
9.37,0.41,91.6,858.3,37.6,0,70,13:05:50
9.01,1.1,91.5,824.4,100.7,0,71,13:05:55
9.99,-0.38,91.8,917.1,-34.9,0,71,13:06:00
9.76,0.38,91.6,894,34.8,0,71,13:06:05
9.32,-0.03,91.7,854.6,-2.8,0,71,13:06:10
9.56,0.49,91.6,875.7,44.9,0,71,13:06:15
9.51,-0.02,91.7,872.1,-1.8,0,71,13:06:20
9.41,0.64,91.6,862,58.6,0,71,13:06:25
9.34,0.15,91.7,856.5,13.8,0,71,13:06:30
9.38,0.38,91.6,859.2,34.8,0,71,13:06:35
9.43,0.48,91.6,863.8,44,0,71,13:06:40
9.27,-0.01,91.7,850.1,-0.9,0,71,13:06:45
9.26,-0.46,91.8,850.1,-42.2,0,71,13:06:50
9.21,-0.43,91.8,845.5,-39.5,0,72,13:06:55
9.25,-0.46,91.8,849.2,-42.2,0,72,13:07:00
9.15,-0.19,91.8,840,-17.4,0,72,13:07:05
8.99,-0.02,91.7,824.4,-1.8,0,72,13:07:10
9.06,-1.13,91.9,832.6,-103.8,0,72,13:07:15
9.07,-0.86,91.9,833.5,-79,0,72,13:07:20
9.22,-1.02,91.9,847.3,-93.7,0,72,13:07:25
9.24,-1.64,92,850.1,-150.9,0,73,13:07:30
9.5,-1.65,92,874,-151.8,0,73,13:07:35
9.5,-2.11,92.1,875,-194.3,0,73,13:07:40
9.51,-2.1,92.1,875.9,-193.4,0,73,13:07:45
9.47,-2.11,92.1,872.2,-194.3,0,73,13:07:50
9.51,-1.92,92.1,875.9,-176.8,0,73,13:07:55
9.51,-1.55,92.1,875.9,-142.8,0,73,13:08:00
9.54,-1.42,92.1,878.6,-130.8,0,72,13:08:05
9.49,-1.98,92.1,874,-182.4,0,73,13:08:10
9.58,-1.73,92.1,882.3,-159.3,0,73,13:08:15
9.6,-1.14,92,883.2,-104.9,0,72,13:08:20
9.67,-0.88,91.9,888.7,-80.9,0,72,13:08:25
9.75,-1.39,92,897,-127.9,0,72,13:08:30
9.81,-0.69,91.9,901.5,-63.4,0,72,13:08:35
9.89,-0.65,91.9,908.9,-59.7,0,72,13:08:40
9.98,-0.4,91.9,917.2,-36.8,0,71,13:08:45
10.04,-0.09,91.8,921.7,-8.3,0,71,13:08:50
9.89,-0.01,91.8,907.9,-0.9,0,71,13:08:55
9.94,-0.43,91.9,913.5,-39.5,0,71,13:09:00
10.01,0.36,91.7,917.9,33,0,71,13:09:05
10.05,-0.5,91.9,923.6,-46,0,71,13:09:10
10.07,0.22,91.7,923.4,20.2,0,71,13:09:15
10.11,-0.58,91.9,929.1,-53.3,0,71,13:09:20
10.11,0.15,91.8,928.1,13.8,0,71,13:09:25
10.08,-0.24,91.9,926.4,-22.1,0,70,13:09:30
9.89,0.04,91.8,907.9,3.7,0,70,13:09:35
10.11,0.16,91.7,927.1,14.7,0,70,13:09:40
10.23,0.67,91.6,937.1,61.4,0,69,13:09:45
10.33,0.57,91.7,947.3,52.3,0,69,13:09:50
10.08,0.83,91.6,923.3,76,0,69,13:09:55
9.96,0.93,91.6,912.3,85.2,0,68,13:10:00
10.06,0.93,91.6,921.5,85.2,0,68,13:10:05
9.91,0.96,91.6,907.8,87.9,0,67,13:10:10
6.81,3.68,91.1,620.4,335.2,0,67,13:10:15
6.77,3.52,91.1,616.7,320.7,0,67,13:10:20
9.73,1.13,91.5,890.3,103.4,0,67,13:10:25
9.65,1.19,91.5,883,108.9,0,67,13:10:30
9.6,1.33,91.5,878.4,121.7,0,67,13:10:35
9.56,1.28,91.6,875.7,117.2,0,68,13:10:40
9.55,1.3,91.5,873.8,119,0,69,13:10:45
9.53,0.55,91.6,872.9,50.4,0,70,13:10:50
9.57,0.05,91.7,877.6,4.6,0,70,13:10:55
9.57,0.5,91.6,876.6,45.8,0,71,13:11:00
9.53,-0.3,91.8,874.9,-27.5,0,71,13:11:05
9.53,-0.15,91.8,874.9,-13.8,0,71,13:11:10
9.48,-0.32,91.8,870.3,-29.4,0,72,13:11:15
9.51,-0.61,91.9,874,-56.1,0,72,13:11:20
9.3,-0.66,91.8,853.7,-60.6,0,72,13:11:25
9.42,-0.43,91.8,864.8,-39.5,0,72,13:11:30
9.52,-0.46,91.8,873.9,-42.2,0,72,13:11:35
9.51,-1.09,91.9,874,-100.2,0,72,13:11:40
9.45,-0.33,91.8,867.5,-30.3,0,72,13:11:45
9.5,-1.24,92,874,-114.1,0,72,13:11:50
9.48,-0.6,91.8,870.3,-55.1,0,72,13:11:55
9.53,-1.21,91.9,875.8,-111.2,0,72,13:12:00
9.54,-0.61,91.9,876.7,-56.1,0,72,13:12:05
9.57,-1.07,91.9,879.5,-98.3,0,72,13:12:10
9.62,-0.35,91.8,883.1,-32.1,0,72,13:12:15
9.62,-1.11,92,885,-102.1,0,72,13:12:20
9.66,-0.49,91.8,886.8,-45,0,72,13:12:25
9.71,-0.76,91.9,892.3,-69.8,0,72,13:12:30
9.8,-1.01,92,901.6,-92.9,0,72,13:12:35
9.8,-0.39,91.8,899.6,-35.8,0,72,13:12:40
9.88,-0.38,91.9,908,-34.9,0,72,13:12:45
9.94,-0.53,91.9,913.5,-48.7,0,72,13:12:50
9.99,-0.57,91.9,918.1,-52.4,0,72,13:12:55
10.02,-0.27,91.9,920.8,-24.8,0,71,13:13:00
10.11,0.07,91.8,928.1,6.4,0,71,13:13:05
10.15,-0.42,91.9,932.8,-38.6,0,71,13:13:10
10.27,-0.07,91.8,942.8,-6.4,0,71,13:13:15
10.31,-0.55,91.9,947.5,-50.5,0,71,13:13:20
10.39,-0.29,91.9,954.8,-26.7,0,70,13:13:25
6.51,3.04,91.2,593.7,277.2,0,70,13:13:30
4.71,4.55,91,428.6,414.1,0,70,13:13:35
2.63,5.83,90.7,238.5,528.8,0,70,13:13:40
2.31,5.66,90.7,209.5,513.4,0,71,13:13:45
2.36,5.62,90.7,214.1,509.7,0,71,13:13:50
3.31,5.21,90.7,300.2,472.5,0,70,13:13:55
2.24,6.14,90.5,202.7,555.7,0,70,13:14:00
2.1,6.27,90.4,189.8,566.8,0,70,13:14:05
3.02,5.65,90.6,273.6,511.9,0,70,13:14:10
2.91,5.68,90.6,263.6,514.6,0,70,13:14:15
4.88,4.18,90.8,443.1,379.5,0,70,13:14:20
9.41,0.7,91.4,860.1,64,0,71,13:14:25
10.12,-0.64,91.7,928,-58.7,0,71,13:14:30
9.85,0.04,91.6,902.3,3.7,0,71,13:14:35
9.74,-0.07,91.6,892.2,-6.4,0,71,13:14:40
9.64,-0.05,91.6,883,-4.6,0,71,13:14:45
9.57,-0.37,91.7,877.6,-33.9,0,71,13:14:50
9.56,-0.42,91.7,876.7,-38.5,0,71,13:14:55
8.6,0.29,91.6,787.8,26.6,0,71,13:15:00
9.46,-0.11,91.7,867.5,-10.1,0,71,13:15:05
9.29,-0.04,91.7,851.9,-3.7,0,71,13:15:10
9.11,-0.51,91.8,836.3,-46.8,0,72,13:15:15
9.25,-0.65,91.8,849.2,-59.7,0,72,13:15:20
9.13,0.01,91.7,837.2,0.9,0,72,13:15:25
9.2,-0.15,91.8,844.6,-13.8,0,72,13:15:30
9.2,-0.23,91.7,843.6,-21.1,0,72,13:15:35
9.16,0.03,91.7,840,2.8,0,71,13:15:40
9.32,0.44,91.6,853.7,40.3,0,71,13:15:45
9.12,0.6,91.5,834.5,54.9,0,71,13:15:50
9.27,-0.06,91.7,850.1,-5.5,0,71,13:15:55
9.46,0.73,91.5,865.6,66.8,0,71,13:16:00
9.37,0.03,91.7,859.2,2.8,0,71,13:16:05
9.48,0.56,91.6,868.4,51.3,0,71,13:16:10
9.38,0.9,91.5,858.3,82.4,0,71,13:16:15
9.29,0.69,91.6,851,63.2,0,70,13:16:20
9.38,0.36,91.7,860.1,33,0,70,13:16:25
9.35,0.74,91.6,856.5,67.8,0,70,13:16:30
9.33,1.23,91.5,853.7,112.5,0,70,13:16:35
9.45,0.96,91.5,864.7,87.8,0,69,13:16:40
9.33,1.33,91.4,852.8,121.6,0,69,13:16:45
9.32,1.41,91.4,851.8,128.9,0,69,13:16:50
9.35,1.41,91.4,854.6,128.9,0,69,13:16:55
9.33,1.44,91.4,852.8,131.6,0,69,13:17:00
9.29,1.47,91.4,849.1,134.4,0,69,13:17:05
9.25,1.61,91.4,845.5,147.2,0,68,13:17:10
9.29,1.41,91.4,849.1,128.9,0,68,13:17:15
9.52,1.44,91.4,870.1,131.6,0,68,13:17:20
9.61,1.17,91.4,878.4,106.9,0,68,13:17:25
9.53,1.27,91.4,871,116.1,0,68,13:17:30
9.53,1.23,91.4,871,112.4,0,69,13:17:35
9.89,0.99,91.5,904.9,90.6,0,69,13:17:40
9.98,0.91,91.5,913.2,83.3,0,69,13:17:45
9.96,0.94,91.5,911.3,86,0,69,13:17:50
10.19,0.77,91.5,932.4,70.5,0,69,13:17:55
10.2,0.67,91.5,933.3,61.3,0,69,13:18:00
10.33,0.48,91.5,945.2,43.9,0,69,13:18:05
10.42,0.34,91.6,954.5,31.1,0,69,13:18:10
10.43,0.42,91.5,954.3,38.4,0,69,13:18:15
10.55,0.05,91.7,967.4,4.6,0,69,13:18:20
8.33,2.06,91.2,759.7,187.9,0,69,13:18:25
9,1.42,91.4,822.6,129.8,0,69,13:18:30
10.73,-0.1,91.7,983.9,-9.2,0,70,13:18:35
8.21,1.96,91.3,749.6,178.9,0,70,13:18:40
2.88,6.09,90.5,260.6,551.1,0,69,13:18:45
2.56,6.48,90.4,231.4,585.8,0,69,13:18:50
2.39,6.35,90.4,216.1,574,0,69,13:18:55
2.28,6.5,90.4,206.1,587.6,0,69,13:19:00
2.11,6.76,90.3,190.5,610.4,0,69,13:19:05
2.06,6.95,90.3,186,627.6,0,69,13:19:10
1.98,6.85,90.3,178.8,618.6,0,69,13:19:15
1.97,6.79,90.3,177.9,613.1,0,69,13:19:20
2.27,6.52,90.3,205,588.8,0,69,13:19:25
1.94,6.9,90.2,175,622.4,0,69,13:19:30
1.88,6.96,90.2,169.6,627.8,0,69,13:19:35
1.86,7.09,90.1,167.6,638.8,0,69,13:19:40
2.02,6.95,90.1,182,626.2,0,69,13:19:45
6.61,3.4,90.8,600.2,308.7,0,69,13:19:50
9.61,0.62,91.3,877.4,56.6,0,70,13:19:55
9.71,0.72,91.3,886.5,65.7,0,70,13:20:00
9.82,0.5,91.3,896.6,45.7,0,70,13:20:05
9.86,0.34,91.3,900.2,31,0,70,13:20:10
9.95,0.34,91.3,908.4,31,0,70,13:20:15
10.05,0.33,91.4,918.6,30.2,0,70,13:20:20
9.95,0.65,91.3,908.4,59.3,0,69,13:20:25
10.19,0.7,91.3,930.3,63.9,0,69,13:20:30
10.38,0.51,91.4,948.7,46.6,0,69,13:20:35
10.53,0,91.5,963.5,0,0,69,13:20:40
10.58,0.03,91.4,967,2.7,0,70,13:20:45
10.56,0.03,91.5,966.2,2.7,0,70,13:20:50
10.78,-0.49,91.6,987.4,-44.9,0,71,13:20:55
10.86,-1.3,91.8,996.9,-119.3,0,71,13:21:00
10.9,-1.44,91.8,1000.6,-132.2,0,71,13:21:05
11.01,-1.04,91.8,1010.7,-95.5,0,71,13:21:10
11.24,-1.08,91.7,1030.7,-99,0,71,13:21:15
5.39,2.93,91,490.5,266.6,0,71,13:21:20
3.95,3.43,91,359.5,312.1,0,71,13:21:25
3.4,4.6,90.7,308.4,417.2,0,71,13:21:30
3.27,4.78,90.6,296.3,433.1,0,71,13:21:35
3.26,4.42,90.7,295.7,400.9,0,71,13:21:40
3.14,5,90.6,284.5,453,0,71,13:21:45
3.12,5.12,90.6,282.7,463.9,0,71,13:21:50
3.11,4.58,90.6,281.8,414.9,0,71,13:21:55
3.05,5.11,90.5,276,462.5,0,70,13:22:00
3.18,5.4,90.4,287.5,488.2,0,70,13:22:05
3.32,5.18,90.4,300.1,468.3,0,70,13:22:10
4.01,4.72,90.5,362.9,427.2,0,70,13:22:15
10.24,-0.56,91.6,938,-51.3,0,71,13:22:20
6.43,2.43,91,585.1,221.1,0,71,13:22:25
10.69,-0.73,91.5,978.1,-66.8,0,71,13:22:30
10.52,-0.83,91.5,962.6,-75.9,0,71,13:22:35
10.31,-1.43,91.7,945.4,-131.1,0,71,13:22:40
10.47,-1.48,91.7,960.1,-135.7,0,72,13:22:45
4.41,2.82,91,401.3,256.6,0,71,13:22:50
8.21,0.22,91.4,750.4,20.1,0,71,13:22:55
10.01,-0.93,91.6,916.9,-85.2,0,71,13:23:00
10.29,-1.38,91.7,943.6,-126.5,0,72,13:23:05
10.32,-1.61,91.8,947.4,-147.8,0,72,13:23:10
10.41,-1.62,91.8,955.6,-148.7,0,72,13:23:15
10.49,-1.19,91.7,961.9,-109.1,0,72,13:23:20
10.49,-1.27,91.7,961.9,-116.5,0,72,13:23:25
10.51,-1.87,91.9,965.9,-171.9,0,72,13:23:30
10.55,-1.71,91.8,968.5,-157,0,72,13:23:35
10.53,-1.66,91.8,966.7,-152.4,0,72,13:23:40
10.62,-2.08,91.9,976,-191.2,0,72,13:23:45
10.66,-1.73,91.8,978.6,-158.8,0,72,13:23:50
10.6,-2.5,92,975.2,-230,0,72,13:23:55
10.65,-2.64,92,979.8,-242.9,0,72,13:24:00
10.72,-1.97,91.9,985.2,-181,0,72,13:24:05
10.5,-2.34,91.9,965,-215,0,72,13:24:10
10.21,-2.26,92,939.3,-207.9,0,72,13:24:15
10.89,-1.98,91.9,1000.8,-182,0,72,13:24:20
10.46,-1.98,91.9,961.3,-182,0,72,13:24:25
8.92,-0.39,91.7,818,-35.8,0,72,13:24:30
10.15,-1.5,91.9,932.8,-137.9,0,72,13:24:35
10.71,-1.32,91.8,983.2,-121.2,0,72,13:24:40
10.22,-1.2,91.9,939.2,-110.3,0,72,13:24:45
8.21,0.08,91.7,752.9,7.3,0,72,13:24:50
3.26,3.79,91,296.7,344.9,0,71,13:24:55
3.12,4.63,90.8,283.3,420.4,0,71,13:25:00
3.15,5.03,90.6,285.4,455.7,0,70,13:25:05
3.18,5.38,90.6,288.1,487.4,0,70,13:25:10
3.22,5.43,90.5,291.4,491.4,0,70,13:25:15
3.27,5.48,90.5,295.9,495.9,0,70,13:25:20
3.33,5.52,90.5,301.4,499.6,0,70,13:25:25
3.4,5.82,90.4,307.4,526.1,0,69,13:25:30
3.4,5.87,90.4,307.4,530.6,0,69,13:25:35
3.4,5.97,90.3,307,539.1,0,69,13:25:40
3.4,6.02,90.3,307,543.6,0,69,13:25:45
3.44,5.84,90.3,310.6,527.4,0,69,13:25:50
3.55,5.58,90.4,320.9,504.4,0,69,13:25:55
3.46,5.58,90.3,312.4,503.9,0,69,13:26:00
3.39,5.66,90.3,306.1,511.1,0,69,13:26:05
3.28,5.56,90.3,296.2,502.1,0,70,13:26:10
3.2,5.64,90.3,289,509.3,0,70,13:26:15
3.16,5.25,90.4,285.7,474.6,0,70,13:26:20
3.07,5.43,90.3,277.2,490.3,0,70,13:26:25
2.98,5.65,90.3,269.1,510.2,0,70,13:26:30
2.95,5.68,90.2,266.1,512.3,0,70,13:26:35
2.97,5.47,90.3,268.2,493.9,0,70,13:26:40
3.15,5.33,90.3,284.4,481.3,0,70,13:26:45
3.89,4.6,90.4,351.7,415.8,0,70,13:26:50
3.3,4.56,90.5,298.7,412.7,0,71,13:26:55
2.95,4.65,90.4,266.7,420.4,0,71,13:27:00
2.93,5.21,90.3,264.6,470.5,0,71,13:27:05
3.08,4.73,90.4,278.4,427.6,0,71,13:27:10
3.18,4.49,90.4,287.5,405.9,0,71,13:27:15
4.06,4.17,90.5,367.4,377.4,0,71,13:27:20
8.01,0.75,91.1,729.7,68.3,0,71,13:27:25
10.97,-1.44,91.5,1003.8,-131.8,0,71,13:27:30
10.82,-1.27,91.5,990,-116.2,0,71,13:27:35
10.86,-1.29,91.5,993.7,-118,0,71,13:27:40
10.99,-1.36,91.6,1006.7,-124.6,0,71,13:27:45
9.93,-0.48,91.5,908.6,-43.9,0,71,13:27:50
9.46,0.02,91.4,864.6,1.8,0,71,13:27:55
11.04,-1.31,91.5,1010.2,-119.9,0,71,13:28:00
8.57,0.37,91.3,782.4,33.8,0,71,13:28:05
8.45,0.14,91.4,772.3,12.8,0,71,13:28:10
7.24,1.13,91.2,660.3,103.1,0,71,13:28:15
8.75,1.08,91.2,798,98.5,0,71,13:28:20
10.08,-0.9,91.5,922.3,-82.4,0,71,13:28:25
5.95,3.07,90.8,540.3,278.8,0,71,13:28:30
3.79,4.24,90.6,343.4,384.1,0,71,13:28:35
3.7,4.52,90.5,334.9,409.1,0,70,13:28:40
3.03,5.23,90.3,273.6,472.3,0,70,13:28:45
2.85,5.34,90.3,257.4,482.2,0,70,13:28:50
2.79,5.55,90.3,251.9,501.2,0,70,13:28:55
2.77,5.68,90.3,250.1,512.9,0,70,13:29:00
2.82,5.48,90.3,254.6,494.8,0,70,13:29:05
3.09,4.93,90.4,279.3,445.7,0,70,13:29:10
2.86,4.81,90.4,258.5,434.8,0,71,13:29:15
2.94,4.93,90.3,265.5,445.2,0,71,13:29:20
3.02,5.23,90.3,272.7,472.3,0,70,13:29:25
3.14,4.92,90.4,283.9,444.8,0,70,13:29:30
3.44,4.44,90.4,311,401.4,0,70,13:29:35
3.55,4.45,90.4,320.9,402.3,0,70,13:29:40
5.48,3.36,90.6,496.5,304.4,0,70,13:29:45
11.81,-1.33,91.4,1079.4,-121.6,0,71,13:29:50
11.75,-2.28,91.6,1076.3,-208.8,0,71,13:29:55
11.87,-2.27,91.7,1088.5,-208.2,0,71,13:30:00
8.58,0.5,91.3,783.4,45.7,0,71,13:30:05
5.66,2.55,90.8,513.9,231.5,0,71,13:30:10
4.63,3.32,90.6,419.5,300.8,0,71,13:30:15
4.23,3.06,90.7,383.7,277.5,0,71,13:30:20
4.08,3.4,90.7,370.1,308.4,0,71,13:30:25
3.96,3.88,90.6,358.8,351.5,0,71,13:30:30
3.83,3.9,90.5,346.6,353,0,71,13:30:35
3.76,3.91,90.5,340.3,353.9,0,71,13:30:40
3.72,4.45,90.4,336.3,402.3,0,70,13:30:45
3.68,4.77,90.3,332.3,430.7,0,70,13:30:50
3.53,4.88,90.3,318.8,440.7,0,70,13:30:55
3.55,4.8,90.3,320.6,433.4,0,70,13:31:00
3.91,4.6,90.4,353.5,415.8,0,70,13:31:05
5.76,3.63,90.5,521.3,328.5,0,70,13:31:10
3.85,4.93,90.3,347.7,445.2,0,70,13:31:15
3.69,4.78,90.3,333.2,431.6,0,70,13:31:20
10.51,-0.48,91.2,958.5,-43.8,0,70,13:31:25
6.23,2.85,90.7,565.1,258.5,0,70,13:31:30
4.14,4.5,90.4,374.3,406.8,0,70,13:31:35
3.8,4.77,90.3,343.1,430.7,0,70,13:31:40
3.28,5.18,90.3,296.2,467.8,0,70,13:31:45
5.49,3.69,90.5,496.8,333.9,0,70,13:31:50
6.2,3.11,90.6,561.7,281.8,0,70,13:31:55
3.53,4.92,90.3,318.8,444.3,0,70,13:32:00
2.56,5.57,90.1,230.7,501.9,0,70,13:32:05
2.93,5.08,90.3,264.6,458.7,0,70,13:32:10
5.41,2.82,90.6,490.1,255.5,0,71,13:32:15
3.3,4.49,90.4,298.3,405.9,0,71,13:32:20
2.83,5.23,90.1,255,471.2,0,70,13:32:25
9.89,0.2,91.1,901,18.2,0,70,13:32:30
9.74,0.05,91.1,887.3,4.6,0,70,13:32:35
9.66,-0.45,91.2,881,-41,0,71,13:32:40
9.6,0.22,91.1,874.6,20,0,71,13:32:45
9.54,-0.13,91.2,870,-11.9,0,71,13:32:50
9.55,-0.16,91.2,871,-14.6,0,71,13:32:55
9.52,0,91.2,868.2,0,0,71,13:33:00
9.54,-0.25,91.2,870,-22.8,0,71,13:33:05
9.55,-0.63,91.3,871.9,-57.5,0,71,13:33:10
9.6,-0.38,91.3,876.5,-34.7,0,71,13:33:15
9.61,0.01,91.2,876.4,0.9,0,71,13:33:20
9.64,-0.64,91.4,881.1,-58.5,0,71,13:33:25
9.69,-0.06,91.2,883.7,-5.5,0,71,13:33:30
9.8,-0.37,91.3,894.7,-33.8,0,71,13:33:35
9.85,0.2,91.2,898.3,18.2,0,71,13:33:40
9.83,0.37,91.2,896.5,33.7,0,70,13:33:45
9.78,0.35,91.2,891.9,31.9,0,70,13:33:50
9.8,0.4,91.1,892.8,36.4,0,70,13:33:55
9.81,0.39,91.2,894.7,35.6,0,70,13:34:00
9.8,0.48,91.2,893.8,43.8,0,70,13:34:05
9.76,0.55,91.1,889.1,50.1,0,70,13:34:10
9.74,0.49,91.2,888.3,44.7,0,70,13:34:15
9.82,1,91.1,894.6,91.1,0,69,13:34:20
9.77,1.09,91,889.1,99.2,0,69,13:34:25
9.77,1.1,91.1,890,100.2,0,69,13:34:30
9.72,0.99,91.1,885.5,90.2,0,68,13:34:35
9.73,1.2,91,885.4,109.2,0,68,13:34:40
9.69,1.26,91,881.8,114.7,0,67,13:34:45
9.71,1.12,91,883.6,101.9,0,67,13:34:50
9.69,1.18,91,881.8,107.4,0,66,13:34:55
9.65,1.14,91,878.2,103.7,0,66,13:35:00
6.94,3.43,90.6,628.8,310.8,0,65,13:35:05
9.54,1.21,91,868.1,110.1,0,65,13:35:10
9.58,1.2,91,871.8,109.2,0,65,13:35:15
9.53,1.27,91,867.2,115.6,0,65,13:35:20
9.51,1.3,91,865.4,118.3,0,66,13:35:25
9.45,1.33,91,860,121,0,67,13:35:30
9.47,1.59,90.9,860.8,144.5,0,68,13:35:35
9.46,1.14,91,860.9,103.7,0,69,13:35:40
9.5,0.29,91.1,865.5,26.4,0,70,13:35:45
9.53,-0.29,91.2,869.1,-26.4,0,71,13:35:50
9.55,-0.32,91.3,871.9,-29.2,0,71,13:35:55
9.57,-0.45,91.3,873.7,-41.1,0,72,13:36:00
9.67,-0.53,91.4,883.8,-48.4,0,72,13:36:05
9.67,-0.47,91.3,882.9,-42.9,0,71,13:36:10
9.72,-0.35,91.2,886.5,-31.9,0,71,13:36:15
9.8,-0.26,91.3,894.7,-23.7,0,71,13:36:20
9.87,-0.72,91.4,902.1,-65.8,0,71,13:36:25
9.93,-1.03,91.4,907.6,-94.1,0,71,13:36:30
10.04,-0.84,91.4,917.7,-76.8,0,71,13:36:35
10.15,-0.2,91.2,925.7,-18.2,0,71,13:36:40
10.21,-0.67,91.4,933.2,-61.2,0,71,13:36:45
10.35,-0.56,91.4,946,-51.2,0,70,13:36:50
10.41,-0.35,91.3,950.4,-32,0,70,13:36:55
10.51,-0.18,91.3,959.6,-16.4,0,70,13:37:00
10.6,0.11,91.2,966.7,10,0,69,13:37:05
10.64,-0.04,91.3,971.4,-3.7,0,69,13:37:10
10.72,0.23,91.2,977.7,21,0,69,13:37:15
10.75,0.34,91.2,980.4,31,0,69,13:37:20
10.86,-0.01,91.3,991.5,-0.9,0,68,13:37:25
10.86,0.16,91.2,990.4,14.6,0,68,13:37:30
10.89,0.13,91.3,994.3,11.9,0,67,13:37:35
10.91,0.09,91.2,995,8.2,0,67,13:37:40
10.14,0.78,91.1,923.8,71.1,0,67,13:37:45
10.6,0.39,91.2,966.7,35.6,0,67,13:37:50
10.61,0.42,91.2,967.6,38.3,0,67,13:37:55
10.09,0.86,91.1,919.2,78.3,0,67,13:38:00
5.2,4.56,90.4,470.1,412.2,0,67,13:38:05
4.74,5.2,90.3,428,469.6,0,68,13:38:10
3.01,6.33,90.1,271.2,570.3,0,68,13:38:15
2.64,6.77,89.9,237.3,608.6,0,68,13:38:20
2.5,6.49,90,225,584.1,0,69,13:38:25
2.42,6.49,90,217.8,584.1,0,69,13:38:30
2.37,6.52,89.9,213.1,586.1,0,69,13:38:35
2.34,6.46,89.9,210.4,580.8,0,69,13:38:40
2.29,6.48,89.9,205.9,582.6,0,69,13:38:45
2.25,6.6,89.9,202.3,593.3,0,69,13:38:50
2.21,6.62,89.8,198.5,594.5,0,69,13:38:55
2.18,6.82,89.8,195.8,612.4,0,68,13:39:00
2.16,7.09,89.7,193.8,636,0,68,13:39:05
2.16,7.66,89.6,193.5,686.3,0,68,13:39:10
2.15,7.77,89.5,192.4,695.4,0,67,13:39:15
2.16,7.24,89.6,193.5,648.7,0,67,13:39:20
2.17,7.61,89.6,194.4,681.9,0,67,13:39:25
2.22,7,89.6,198.9,627.2,0,67,13:39:30
2.39,7.39,89.6,214.1,662.1,0,66,13:39:35
3.12,6.79,89.5,279.2,607.7,0,66,13:39:40
5.96,4.3,90.1,537,387.4,0,66,13:39:45
6.01,4.23,90.1,541.5,381.1,0,66,13:39:50
4.33,5.62,89.9,389.3,505.2,0,66,13:39:55
6.71,3.65,90.2,605.2,329.2,0,66,13:40:00
10.01,0.84,90.9,909.9,76.4,0,65,13:40:05
9.82,1,90.8,891.7,90.8,0,65,13:40:10
9.82,1.05,90.8,891.7,95.3,0,64,13:40:15
9.9,0.97,90.9,899.9,88.2,0,64,13:40:20
10.08,0.8,90.9,916.3,72.7,0,63,13:40:25
10.04,0.8,90.9,912.6,72.7,0,63,13:40:30
9.99,0.91,90.9,908.1,82.7,0,62,13:40:35
10.03,0.84,90.9,911.7,76.4,0,62,13:40:40
10.06,0.85,90.9,914.5,77.3,0,61,13:40:45
10.03,0.86,90.9,911.7,78.2,0,61,13:40:50
9.99,0.89,90.9,908.1,80.9,0,62,13:40:55
10.08,0.81,90.9,916.3,73.6,0,63,13:41:00
10.09,0.8,90.9,917.2,72.7,0,63,13:41:05
10.03,0.85,90.9,911.7,77.3,0,64,13:41:10
10.02,0.87,90.9,910.8,79.1,0,65,13:41:15
9.97,0.89,90.9,906.3,80.9,0,67,13:41:20
9.9,1.08,90.8,898.9,98.1,0,68,13:41:25
9.79,0.61,90.9,889.9,55.4,0,69,13:41:30
9.93,0.2,91,903.6,18.2,0,70,13:41:35
9.95,-1.14,91.3,908.4,-104.1,0,71,13:41:40
10.05,-2.09,91.4,918.6,-191,0,72,13:41:45
10.1,-1.77,91.4,923.1,-161.8,0,72,13:41:50
10.1,-2.23,91.5,924.2,-204,0,72,13:41:55
10.17,-2.01,91.4,929.5,-183.7,0,72,13:42:00
10.17,-1.7,91.4,929.5,-155.4,0,72,13:42:05
10.21,-2.05,91.5,934.2,-187.6,0,72,13:42:10
10.25,-1.64,91.4,936.9,-149.9,0,72,13:42:15
10.27,-1.11,91.3,937.7,-101.3,0,71,13:42:20
10.38,-1.39,91.4,948.7,-127,0,71,13:42:25
8.48,0.92,91,771.7,83.7,0,71,13:42:30
6.26,2.42,90.7,567.8,219.5,0,70,13:42:35
3.71,5.29,90.2,334.6,477.2,0,69,13:42:40
3.52,5.41,90.1,317.2,487.4,0,69,13:42:45
3.11,5.73,90,279.9,515.7,0,69,13:42:50
3.24,5.66,90,291.6,509.4,0,70,13:42:55
8.72,0.91,90.9,792.6,82.7,0,70,13:43:00
4.84,3.56,90.4,437.5,321.8,0,70,13:43:05
4.2,3.9,90.4,379.7,352.6,0,70,13:43:10
3.59,4.44,90.2,323.8,400.5,0,70,13:43:15
3.1,4.94,90.1,279.3,445.1,0,70,13:43:20
3.07,4.95,90.1,276.6,446,0,70,13:43:25
2.85,4.99,90.1,256.8,449.6,0,70,13:43:30
2.62,5.08,90.1,236.1,457.7,0,70,13:43:35
2.49,5.35,90,224.1,481.5,0,70,13:43:40
2.44,5.43,90,219.6,488.7,0,70,13:43:45
2.4,5.56,89.9,215.8,499.8,0,70,13:43:50
2.43,5.56,89.9,218.5,499.8,0,70,13:43:55
2.65,5.46,89.9,238.2,490.9,0,70,13:44:00
7.65,1.93,90.5,692.3,174.7,0,70,13:44:05
9.79,0.21,90.9,889.9,19.1,0,70,13:44:10
9.8,-0.3,91,891.8,-27.3,0,71,13:44:15
9.84,-0.66,91,895.4,-60.1,0,71,13:44:20
9.82,-0.8,91.1,894.6,-72.9,0,71,13:44:25
7.94,1.23,90.8,721,111.7,0,71,13:44:30
9.72,-0.17,91,884.5,-15.5,0,70,13:44:35
9.92,-0.57,91.1,903.7,-51.9,0,70,13:44:40
9.9,-0.06,91,900.9,-5.5,0,71,13:44:45
9.86,0.22,90.8,895.3,20,0,70,13:44:50
9.85,0.32,91,896.4,29.1,0,70,13:44:55
9.8,0.38,90.9,890.8,34.5,0,70,13:45:00
9.81,0.41,91,892.7,37.3,0,70,13:45:05
9.84,0.28,90.9,894.5,25.5,0,70,13:45:10
9.85,-0.07,91,896.4,-6.4,0,70,13:45:15
9.8,-0.16,91.1,892.8,-14.6,0,70,13:45:20
9.91,-0.3,91.1,902.8,-27.3,0,70,13:45:25
9.22,0.22,91,839,20,0,70,13:45:30
7.93,1.32,90.8,720,119.9,0,70,13:45:35
7.34,1.91,90.7,665.7,173.2,0,70,13:45:40
6.19,2.86,90.5,560.2,258.8,0,71,13:45:45
10.18,-1.06,91.3,929.4,-96.8,0,71,13:45:50
10.15,-0.59,91.2,925.7,-53.8,0,71,13:45:55
10.17,-0.96,91.2,927.5,-87.6,0,71,13:46:00
10.2,-1.05,91.2,930.2,-95.8,0,71,13:46:05
10.2,-1.27,91.3,931.3,-116,0,71,13:46:10
10.3,-1.43,91.3,940.4,-130.6,0,71,13:46:15
10.38,-0.84,91.2,946.7,-76.6,0,71,13:46:20
10.52,-0.85,91.2,959.4,-77.5,0,71,13:46:25
10.64,-1.41,91.3,971.4,-128.7,0,71,13:46:30
10.68,-0.73,91.2,974,-66.6,0,71,13:46:35
10.75,-1.45,91.3,981.5,-132.4,0,71,13:46:40
10.87,-1.8,91.4,993.5,-164.5,0,71,13:46:45
10.86,-1.27,91.3,991.5,-116,0,71,13:46:50
11.06,-1.31,91.3,1009.8,-119.6,0,71,13:46:55
11.14,-1.65,91.3,1017.1,-150.6,0,71,13:47:00
11.24,-1.93,91.4,1027.3,-176.4,0,72,13:47:05
11.37,-1.92,91.5,1040.4,-175.7,0,72,13:47:10
11.52,-2.15,91.5,1054.1,-196.7,0,72,13:47:15
11.58,-2.55,91.6,1060.7,-233.6,0,72,13:47:20
11.76,-3.36,91.7,1078.4,-308.1,0,72,13:47:25
11.95,-2.94,91.6,1094.6,-269.3,0,72,13:47:30
12.07,-4.03,91.8,1108,-370,0,72,13:47:35
8.08,-0.52,91.2,736.9,-47.4,0,72,13:47:40
10.23,-2.33,91.5,936,-213.2,0,72,13:47:45
8.62,-0.67,91.3,787,-61.2,0,72,13:47:50
6.24,0.55,91.1,568.5,50.1,0,72,13:47:55
5.53,1.65,90.9,502.7,150,0,72,13:48:00
5.1,2.11,90.8,463.1,191.6,0,72,13:48:05
5.07,2.24,90.7,459.8,203.2,0,72,13:48:10
5.41,2.82,90.6,490.1,255.5,0,71,13:48:15
5.49,2.21,90.7,497.9,200.4,0,71,13:48:20
4.97,2.22,90.7,450.8,201.4,0,71,13:48:25
4.85,2.14,90.7,439.9,194.1,0,71,13:48:30
4.5,3.21,90.6,407.7,290.8,0,71,13:48:35
4.34,3.74,90.4,392.3,338.1,0,71,13:48:40
4.28,4.2,90.3,386.5,379.3,0,70,13:48:45
4.28,4.29,90.3,386.5,387.4,0,70,13:48:50
4.55,4.37,90.3,410.9,394.6,0,70,13:48:55
11.1,-0.6,91.1,1011.2,-54.7,0,70,13:49:00
8.1,1.51,90.7,734.7,137,0,70,13:49:05
5.29,3.96,90.3,477.7,357.6,0,70,13:49:10
7.76,2.11,90.7,703.8,191.4,0,69,13:49:15
5.45,4,90.3,492.1,361.2,0,69,13:49:20
4.57,4.2,90.3,412.7,379.3,0,70,13:49:25
9.25,0.93,90.8,839.9,84.4,0,70,13:49:30
11.15,-0.89,91.1,1015.8,-81.1,0,70,13:49:35
4.31,4.16,90.3,389.2,375.6,0,70,13:49:40
3.6,4.95,90.1,324.4,446,0,70,13:49:45
3.55,5.19,90.1,319.9,467.6,0,70,13:49:50
3.49,4.87,90.1,314.4,438.8,0,70,13:49:55
3.41,4.96,90,306.9,446.4,0,70,13:50:00
3.35,5.36,89.9,301.2,481.9,0,70,13:50:05
3.31,5.01,90,297.9,450.9,0,70,13:50:10
3.29,4.6,90.1,296.4,414.5,0,70,13:50:15
3.27,4.51,90.1,294.6,406.4,0,70,13:50:20
3.26,3.61,90.3,294.4,326,0,71,13:50:25
3.27,3.16,90.3,295.3,285.3,0,72,13:50:30
3.3,2.11,90.5,298.7,191,0,72,13:50:35
3.33,1.76,90.6,301.7,159.5,0,72,13:50:40
3.38,1.57,90.7,306.6,142.4,0,72,13:50:45
3.44,2.08,90.6,311.7,188.4,0,72,13:50:50
3.5,1.21,90.7,317.5,109.7,0,72,13:50:55
3.63,1.38,90.7,329.2,125.2,0,72,13:51:00
3.69,1.5,90.6,334.3,135.9,0,73,13:51:05
3.74,1.23,90.7,339.2,111.6,0,72,13:51:10
3.84,0.84,90.8,348.7,76.3,0,72,13:51:15
3.9,0.95,90.8,354.1,86.3,0,73,13:51:20
3.93,1.28,90.7,356.5,116.1,0,73,13:51:25
3.98,1.02,90.7,361,92.5,0,73,13:51:30
4.07,0.57,90.9,370,51.8,0,73,13:51:35
4.13,0.65,90.8,375,59,0,73,13:51:40
4.26,0.62,90.8,386.8,56.3,0,73,13:51:45
4.4,0.31,90.9,400,28.2,0,73,13:51:50
4.41,0.1,91,401.3,9.1,0,73,13:51:55
4.33,-0.04,91,394,-3.6,0,73,13:52:00
4.27,-0.45,91.1,389,-41,0,73,13:52:05
4.26,0.26,91,387.7,23.7,0,73,13:52:10
4.27,1.75,90.7,387.3,158.7,0,72,13:52:15
4.26,3.68,90.3,384.7,332.3,0,71,13:52:20
4.26,3.41,90.4,385.1,308.3,0,71,13:52:25
4.63,4.22,90.2,417.6,380.6,0,69,13:52:30
5.3,4.33,90.2,478.1,390.6,0,69,13:52:35
5.37,4.49,90,483.3,404.1,0,68,13:52:40
5.25,4.85,90,472.5,436.5,0,67,13:52:45
4.95,4.77,90,445.5,429.3,0,67,13:52:50
4.21,5.93,89.7,377.6,531.9,0,67,13:52:55
3.94,6.34,89.7,353.4,568.7,0,67,13:53:00
3.82,6.31,89.7,342.7,566,0,67,13:53:05
3.76,5.67,89.8,337.6,509.2,0,67,13:53:10
3.73,6.12,89.7,334.6,549,0,68,13:53:15
3.7,5.58,89.8,332.3,501.1,0,68,13:53:20
3.68,5.34,89.8,330.5,479.5,0,69,13:53:25
3.67,4.97,89.9,329.9,446.8,0,70,13:53:30
3.68,4.42,90,331.2,397.8,0,70,13:53:35
3.67,4.03,90,330.3,362.7,0,71,13:53:40
3.68,3.41,90.2,331.9,307.6,0,71,13:53:45
3.72,3.87,90.1,335.2,348.7,0,71,13:53:50
3.73,3.48,90.2,336.4,313.9,0,71,13:53:55
3.77,4.13,90,339.3,371.7,0,70,13:54:00
3.81,4.52,89.9,342.5,406.3,0,70,13:54:05
3.85,4.45,89.9,346.1,400.1,0,70,13:54:10
3.84,4.63,89.9,345.2,416.2,0,70,13:54:15
3.9,4.62,89.9,350.6,415.3,0,70,13:54:20
3.94,4.87,89.9,354.2,437.8,0,69,13:54:25
3.98,4.77,89.9,357.8,428.8,0,69,13:54:30
4.03,4.97,89.8,361.9,446.3,0,69,13:54:35
4.07,4.98,89.8,365.5,447.2,0,69,13:54:40
4.11,4.96,89.8,369.1,445.4,0,69,13:54:45
4.16,4.99,89.8,373.6,448.1,0,69,13:54:50
4.2,5.08,89.8,377.2,456.2,0,69,13:54:55
4.22,5.03,89.8,379,451.7,0,69,13:55:00
4.28,5.04,89.7,383.9,452.1,0,69,13:55:05
4.32,4.98,89.8,387.9,447.2,0,69,13:55:10
4.36,5.09,89.8,391.5,457.1,0,68,13:55:15
4.37,5.23,89.7,392,469.1,0,68,13:55:20
4.4,5.55,89.6,394.2,497.3,0,68,13:55:25
4.41,5.42,89.7,395.6,486.2,0,68,13:55:30
4.41,5.64,89.6,395.1,505.3,0,67,13:55:35
4.43,5.94,89.6,396.9,532.2,0,67,13:55:40
4.44,5.08,89.8,398.7,456.2,0,67,13:55:45
4.58,5.29,89.7,410.8,474.5,0,66,13:55:50
5.15,4.95,89.8,462.5,444.5,0,65,13:55:55
11.44,-0.42,90.7,1037.6,-38.1,0,64,13:56:00
5.74,4.42,89.9,516,397.4,0,62,13:56:05
5.17,5.17,89.7,463.7,463.7,0,60,13:56:10
4.43,7.51,89.3,395.6,670.6,0,59,13:56:15
4.31,7.57,89.2,384.5,675.2,0,57,13:56:20
4.3,7.58,89.2,383.6,676.1,0,55,13:56:25
4.45,7.48,89.2,396.9,667.2,0,54,13:56:30
6.88,5.42,89.5,615.8,485.1,0,53,13:56:35
5.17,6.84,89.3,461.7,610.8,0,52,13:56:40
4.36,7.54,89.2,388.9,672.6,0,52,13:56:45
4.11,7.72,89.2,366.6,688.6,0,52,13:56:50
3.96,7.86,89.1,352.8,700.3,0,53,13:56:55
3.93,7.91,89.1,350.2,704.8,0,54,13:57:00
3.98,7.86,89.1,354.6,700.3,0,55,13:57:05
3.87,7.91,89.1,344.8,704.8,0,57,13:57:10
3.79,7.99,89,337.3,711.1,0,58,13:57:15
3.73,8.04,89,332,715.6,0,60,13:57:20
3.69,8.1,89,328.4,720.9,0,62,13:57:25
3.69,8.11,89,328.4,721.8,0,64,13:57:30
3.63,7.23,89.1,323.4,644.2,0,67,13:57:35
3.55,5.93,89.3,317,529.5,0,69,13:57:40
3.48,3.38,89.9,312.9,303.9,0,71,13:57:45
3.43,2.12,90.1,309,191,0,72,13:57:50
3.39,0.75,90.4,306.5,67.8,0,72,13:57:55
3.36,1.54,90.3,303.4,139.1,0,72,13:58:00
3.35,1.2,90.4,302.8,108.5,0,72,13:58:05
3.33,2.3,90.1,300,207.2,0,71,13:58:10
3.37,3.17,90,303.3,285.3,0,71,13:58:15
3.38,4.7,89.7,303.2,421.6,0,70,13:58:20
3.39,6,89.4,303.1,536.4,0,69,13:58:25
3.39,6.43,89.3,302.7,574.2,0,69,13:58:30
3.41,6.55,89.3,304.5,584.9,0,69,13:58:35
3.43,6.44,89.3,306.3,575.1,0,69,13:58:40
3.43,6.05,89.3,306.3,540.3,0,69,13:58:45
3.43,5.08,89.5,307,454.7,0,70,13:58:50
3.45,4.97,89.6,309.1,445.3,0,70,13:58:55
3.46,4.79,89.6,310,429.2,0,70,13:59:00
3.48,4.5,89.6,311.8,403.2,0,70,13:59:05
3.5,3.89,89.8,314.3,349.3,0,71,13:59:10
3.52,3.3,89.9,316.4,296.7,0,71,13:59:15
3.54,3.67,89.8,317.9,329.6,0,71,13:59:20
3.57,3.6,89.8,320.6,323.3,0,71,13:59:25
3.49,3.34,89.9,313.8,300.3,0,71,13:59:30
3.56,3.81,89.8,319.7,342.1,0,71,13:59:35
3.71,3.56,89.9,333.5,320,0,71,13:59:40
4.21,2.53,90,378.9,227.7,0,71,13:59:45
4.42,2.94,90,397.8,264.6,0,71,13:59:50
5.49,2.07,90.2,495.2,186.7,0,71,13:59:55
7.35,1.22,90.3,663.7,110.2,0,71,14:00:00
6.22,1.23,90.3,561.7,111.1,0,71,14:00:05
6.01,1.98,90.2,542.1,178.6,0,71,14:00:10
4.49,2.69,90,404.1,242.1,0,71,14:00:15
4.46,3.5,89.8,400.5,314.3,0,70,14:00:20
9.42,0.43,90.4,851.6,38.9,0,70,14:00:25
11.11,-1.28,90.8,1008.8,-116.2,0,70,14:00:30
7.84,1.12,90.3,708,101.1,0,70,14:00:35
5.2,3.48,89.9,467.5,312.9,0,70,14:00:40
4.19,4.21,89.8,376.3,378.1,0,70,14:00:45
4.47,4.1,89.8,401.4,368.2,0,70,14:00:50
6.54,2.67,90,588.6,240.3,0,70,14:00:55
4.49,3.2,90,404.1,288,0,70,14:01:00
4.05,3.13,90,364.5,281.7,0,71,14:01:05
4.15,2.89,90,373.5,260.1,0,71,14:01:10
4.46,1.94,90.2,402.3,175,0,71,14:01:15
11.13,-3.15,91,1012.8,-286.7,0,72,14:01:20
10.24,-3.82,91.2,933.9,-348.4,0,72,14:01:25
10.32,-3.07,91.1,940.2,-279.7,0,72,14:01:30
10.84,-3.83,91.2,988.6,-349.3,0,72,14:01:35
9.14,-3.01,91.2,833.6,-274.5,0,72,14:01:40
6.72,-0.28,90.7,609.5,-25.4,0,72,14:01:45
5.11,0.38,90.6,463,34.4,0,72,14:01:50
11.07,-3.13,91.2,1009.6,-285.5,0,72,14:01:55
8.97,-1.02,90.8,814.5,-92.6,0,72,14:02:00
11.09,-2.77,91.2,1011.4,-252.6,0,72,14:02:05
11.25,-3.22,91.2,1026,-293.7,0,72,14:02:10
11.22,-3.09,91.2,1023.3,-281.8,0,72,14:02:15
11.26,-2.71,91.1,1025.8,-246.9,0,72,14:02:20
11.2,-2.4,91.1,1020.3,-218.6,0,72,14:02:25
11.13,-2.41,91.1,1013.9,-219.6,0,72,14:02:30
11.07,-2.51,91.1,1008.5,-228.7,0,72,14:02:35
11.02,-2.44,91.1,1003.9,-222.3,0,72,14:02:40
11.03,-2.54,91.2,1005.9,-231.6,0,72,14:02:45
11.03,-2.71,91.2,1005.9,-247.2,0,72,14:02:50
11,-2.9,91.2,1003.2,-264.5,0,72,14:02:55
10.89,-3.14,91.3,994.3,-286.7,0,72,14:03:00
10.92,-3.07,91.3,997,-280.3,0,72,14:03:05
10.93,-4.07,91.5,1000.1,-372.4,0,73,14:03:10
10.93,-4.57,91.5,1000.1,-418.2,0,73,14:03:15
10.87,-4.36,91.5,994.6,-398.9,0,73,14:03:20
10.75,-4.06,91.5,983.6,-371.5,0,72,14:03:25
10.77,-2.31,91.2,982.2,-210.7,0,72,14:03:30
10.86,-1.2,91,988.3,-109.2,0,71,14:03:35
10.82,-0.78,90.9,983.5,-70.9,0,71,14:03:40
10.53,0.34,90.7,955.1,30.8,0,70,14:03:45
10.95,0.48,90.7,993.2,43.5,0,70,14:03:50
10.91,0.36,90.7,989.5,32.7,0,70,14:03:55
10.91,0.09,90.7,989.5,8.2,0,70,14:04:00
10.82,-0.01,90.8,982.5,-0.9,0,70,14:04:05
10.87,-0.39,90.8,987,-35.4,0,70,14:04:10
10.93,0.88,90.6,990.3,79.7,0,69,14:04:15
9.61,1.01,90.6,870.7,91.5,0,70,14:04:20
5.69,3.49,90.1,512.7,314.4,0,70,14:04:25
4.56,3.97,90,410.4,357.3,0,70,14:04:30
4.21,3.85,90,378.9,346.5,0,70,14:04:35
3.95,3.9,90,355.5,351,0,70,14:04:40
3.79,4.04,89.9,340.7,363.2,0,70,14:04:45
3.39,4.13,89.9,304.8,371.3,0,71,14:04:50
3.31,4.26,89.9,297.6,383,0,71,14:04:55
3.31,3.77,90,297.9,339.3,0,71,14:05:00
3.38,3.69,89.9,303.9,331.7,0,71,14:05:05
3.44,4.02,89.9,309.3,361.4,0,71,14:05:10
3.51,3.34,90,315.9,300.6,0,71,14:05:15
3.35,4.18,89.8,300.8,375.4,0,71,14:05:20
3.27,4.38,89.8,293.6,393.3,0,70,14:05:25
3.23,3.9,89.9,290.4,350.6,0,71,14:05:30
3.21,4,89.8,288.3,359.2,0,70,14:05:35
3.22,4.2,89.8,289.2,377.2,0,70,14:05:40
3.25,4.57,89.7,291.5,409.9,0,70,14:05:45
3.26,4.5,89.7,292.4,403.7,0,70,14:05:50
3.3,4.1,89.8,296.3,368.2,0,71,14:05:55
3.4,3.47,89.9,305.7,312,0,71,14:06:00
3.44,4.1,89.7,308.6,367.8,0,70,14:06:05
4.18,2.18,90.1,376.6,196.4,0,71,14:06:10
8.16,-0.31,90.6,739.3,-28.1,0,71,14:06:15
7.12,0.53,90.4,643.6,47.9,0,71,14:06:20
4.39,2.49,90.1,395.5,224.3,0,71,14:06:25
3.86,2.73,90,347.4,245.7,0,71,14:06:30
3.69,2.44,90.1,332.5,219.8,0,71,14:06:35
3.57,2.43,90.1,321.7,218.9,0,71,14:06:40
3.54,2.42,90.1,319,218,0,71,14:06:45
3.43,2.61,90.1,309,235.2,0,71,14:06:50
3.48,3.53,89.9,312.9,317.3,0,71,14:06:55
3.47,3.06,90,312.3,275.4,0,71,14:07:00
3.45,3.6,89.8,309.8,323.3,0,71,14:07:05
3.44,2.72,90,309.6,244.8,0,71,14:07:10
3.43,3.22,89.9,308.4,289.5,0,71,14:07:15
3.43,2.89,90,308.7,260.1,0,71,14:07:20
3.4,2.44,90.1,306.3,219.8,0,72,14:07:25
3.39,2.51,90.1,305.4,226.2,0,72,14:07:30
3.44,2.29,90.1,309.9,206.3,0,72,14:07:35
3.43,1.73,90.2,309.4,156,0,72,14:07:40
3.42,1.69,90.2,308.5,152.4,0,72,14:07:45
3.44,2.03,90.2,310.3,183.1,0,71,14:07:50
3.44,2.53,90,309.6,227.7,0,71,14:07:55
3.49,4.1,89.8,313.4,368.2,0,71,14:08:00
3.52,5.28,89.5,315,472.6,0,70,14:08:05
3.52,6.16,89.4,314.7,550.7,0,69,14:08:10
3.43,6.81,89.2,306,607.5,0,68,14:08:15
3.31,7.67,89,294.6,682.6,0,68,14:08:20
3.32,7.52,89.1,295.8,670,0,68,14:08:25
3.33,7.07,89.1,296.7,629.9,0,68,14:08:30
3.35,6.8,89.1,298.5,605.9,0,69,14:08:35
3.37,5.71,89.3,300.9,509.9,0,69,14:08:40
3.36,4.38,89.5,300.7,392,0,70,14:08:45
3.39,2.71,89.9,304.8,243.6,0,71,14:08:50
3.39,1.19,90.2,305.8,107.3,0,72,14:08:55
3.45,0.78,90.3,311.5,70.4,0,72,14:09:00
3.47,0.37,90.3,313.3,33.4,0,73,14:09:05
3.5,1.32,90.2,315.7,119.1,0,72,14:09:10
3.55,2.24,90.1,319.9,201.8,0,71,14:09:15
3.64,3.65,89.7,326.5,327.4,0,71,14:09:20
3.74,3.7,89.8,335.9,332.3,0,70,14:09:25
4.07,3.49,89.8,365.5,313.4,0,70,14:09:30
4.29,3.51,89.7,384.8,314.8,0,70,14:09:35
4.13,3.94,89.7,370.5,353.4,0,70,14:09:40
4.09,4.29,89.6,366.5,384.4,0,70,14:09:45
4.11,4.1,89.6,368.3,367.4,0,70,14:09:50
4.03,3.75,89.7,361.5,336.4,0,70,14:09:55
3.99,3.13,89.9,358.7,281.4,0,71,14:10:00
4,2.76,89.9,359.6,248.1,0,71,14:10:05
4.08,2.12,90.1,367.6,191,0,71,14:10:10
4.34,2.5,90,390.6,225,0,71,14:10:15
4.43,2.16,90,398.7,194.4,0,71,14:10:20
4.4,1.77,90.1,396.4,159.5,0,71,14:10:25
4.61,1.55,90.1,415.4,139.7,0,71,14:10:30
4.7,1.72,90.1,423.5,155,0,71,14:10:35
4.83,2.66,89.9,434.2,239.1,0,71,14:10:40
5.15,2.82,89.8,462.5,253.2,0,70,14:10:45
5.45,3.05,89.9,490,274.2,0,70,14:10:50
7.42,2.46,90,667.8,221.4,0,70,14:10:55
11.48,0.02,90.3,1036.6,1.8,0,70,14:11:00
11.64,-0.44,90.5,1053.4,-39.8,0,70,14:11:05
11.53,0.01,90.4,1042.3,0.9,0,70,14:11:10
11.43,0.04,90.5,1034.4,3.6,0,70,14:11:15
11.34,0.29,90.4,1025.1,26.2,0,70,14:11:20
11.31,-0.02,90.4,1022.4,-1.8,0,69,14:11:25
11.34,0.63,90.3,1024,56.9,0,69,14:11:30
10.63,0.92,90.3,959.9,83.1,0,69,14:11:35
7.11,2.83,90,639.9,254.7,0,70,14:11:40
5.03,4.66,89.6,450.7,417.5,0,69,14:11:45
4.09,5.3,89.5,366.1,474.4,0,69,14:11:50
3.85,5.22,89.4,344.2,466.7,0,69,14:11:55
3.72,5.51,89.4,332.6,492.6,0,70,14:12:00
3.52,5.06,89.5,315,452.9,0,70,14:12:05
3.36,5.38,89.4,300.4,481,0,70,14:12:10
3.28,5.2,89.4,293.2,464.9,0,70,14:12:15
3.21,5.41,89.3,286.7,483.1,0,70,14:12:20
3.07,5.66,89.3,274.2,505.4,0,69,14:12:25
3.08,4.75,89.5,275.7,425.1,0,70,14:12:30
3.05,5.37,89.3,272.4,479.5,0,70,14:12:35
2.99,5.75,89.2,266.7,512.9,0,69,14:12:40
2.96,6.25,89.1,263.7,556.9,0,69,14:12:45
2.93,6.33,89.1,261.1,564,0,69,14:12:50
2.89,6.57,89.1,257.5,585.4,0,69,14:12:55
2.87,6.84,89,255.4,608.8,0,69,14:13:00
2.85,7.07,88.9,253.4,628.5,0,68,14:13:05
2.83,6.86,89,251.9,610.5,0,68,14:13:10
2.82,6.78,88.9,250.7,602.7,0,69,14:13:15
2.81,6.66,89,250.1,592.7,0,69,14:13:20
2.8,6.39,89,249.2,568.7,0,69,14:13:25
2.8,5.97,89.1,249.5,531.9,0,69,14:13:30
2.79,5.84,89.2,248.9,520.9,0,69,14:13:35
2.81,5.23,89.2,250.7,466.5,0,70,14:13:40
2.82,5.32,89.2,251.5,474.5,0,70,14:13:45
2.84,4.46,89.3,253.6,398.3,0,70,14:13:50
2.87,3.6,89.5,256.9,322.2,0,71,14:13:55
2.89,3.52,89.6,258.9,315.4,0,71,14:14:00
2.92,2.46,89.7,261.9,220.7,0,71,14:14:05
2.95,2.1,89.8,264.9,188.6,0,72,14:14:10
3.01,1.76,89.9,270.6,158.2,0,72,14:14:15
3.05,1.09,90.1,274.8,98.2,0,72,14:14:20
3.15,1.57,90,283.5,141.3,0,72,14:14:25
3.29,2.38,89.9,295.8,214,0,71,14:14:30
3.48,3.83,89.6,311.8,343.2,0,70,14:14:35
3.77,4.75,89.3,336.7,424.2,0,70,14:14:40
4.44,5.15,89.3,396.5,459.9,0,69,14:14:45
3.74,6.25,89.1,333.2,556.9,0,69,14:14:50
3.83,6.44,89,340.9,573.2,0,68,14:14:55
4.02,6.43,89,357.8,572.3,0,68,14:15:00
6.07,5.14,89.2,541.4,458.5,0,68,14:15:05
10.94,1.32,89.9,983.5,118.7,0,68,14:15:10
11.31,1,90,1017.9,90,0,68,14:15:15
11.33,0.93,90,1019.7,83.7,0,68,14:15:20
11.37,0.94,90,1023.3,84.6,0,67,14:15:25
11.39,0.89,90,1025.1,80.1,0,68,14:15:30
11.41,1.08,90,1026.9,97.2,0,68,14:15:35
11.54,1.13,90.1,1039.8,101.8,0,68,14:15:40
11.65,0.53,90.2,1050.8,47.8,0,68,14:15:45
10.99,1.28,90,989.1,115.2,0,68,14:15:50
9.79,1.97,89.9,880.1,177.1,0,68,14:15:55
11.75,0.64,90.1,1058.7,57.7,0,68,14:16:00
11.28,0.65,90.2,1017.5,58.6,0,69,14:16:05
11.44,0.53,90.2,1031.9,47.8,0,69,14:16:10
11.96,0.06,90.3,1080,5.4,0,69,14:16:15
12.01,-0.07,90.3,1084.5,-6.3,0,69,14:16:20
11.92,-0.16,90.3,1076.4,-14.4,0,69,14:16:25
11.95,-0.44,90.4,1080.3,-39.8,0,69,14:16:30
11.94,-0.6,90.4,1079.4,-54.2,0,70,14:16:35
11.47,-0.82,90.4,1036.9,-74.1,0,70,14:16:40
10.86,-0.56,90.4,981.7,-50.6,0,70,14:16:45
10.13,-0.09,90.4,915.8,-8.1,0,70,14:16:50
6.5,2.28,90,585,205.2,0,70,14:16:55
6.47,2.2,90,582.3,198,0,70,14:17:00
6.54,2.45,89.9,587.9,220.3,0,70,14:17:05
7.31,1.8,90,657.9,162,0,70,14:17:10
9.23,-0.32,90.4,834.4,-28.9,0,71,14:17:15
9.44,-0.64,90.4,853.4,-57.9,0,71,14:17:20
6.76,1.71,90,608.4,153.9,0,71,14:17:25
6.45,1.05,90.2,581.8,94.7,0,71,14:17:30
6.56,1.7,89.9,589.7,152.8,0,70,14:17:35
8.08,1.04,90.1,728,93.7,0,71,14:17:40
5.3,3.06,89.7,475.4,274.5,0,70,14:17:45
4.57,3.48,89.7,409.9,312.2,0,70,14:17:50
4.37,3.49,89.7,392,313.1,0,70,14:17:55
4.29,3.47,89.7,384.8,311.3,0,70,14:18:00
4.21,3.49,89.7,377.6,313.1,0,70,14:18:05
4.17,3.54,89.6,373.6,317.2,0,70,14:18:10
4.07,-3.94,91,370.4,-358.5,0,69,14:18:15
4.05,-3.48,90.9,368.1,-316.3,0,66,14:18:20
3.77,-27.86,95.3,359.3,-2655.1,0,58,14:18:25
3.95,-7.76,91.9,363,-713.1,0,43,14:18:30
3.97,-3.4,91.2,362.1,-310.1,0,42,14:18:35
3.96,-3.4,91.1,360.8,-309.7,0,41,14:18:40
3.95,-3.38,91.2,360.2,-308.3,0,40,14:18:45
3.95,-3.41,91.2,360.2,-311,0,39,14:18:50
3.85,-12.13,92.7,356.9,-1124.5,0,28,14:18:55
3.93,-6.06,91.6,360,-555.1,0,15,14:19:00
3.96,-3.4,91.2,361.2,-310.1,0,4,14:19:05
4,-3.43,91.2,364.8,-312.8,0,0,14:19:10
4.03,-3.47,91.2,367.5,-316.5,0,0,14:19:15
4.05,-3.48,91.2,369.4,-317.4,0,0,14:19:20
4.07,-3.5,91.3,371.6,-319.6,0,0,14:19:25
4.08,-3.51,91.2,372.1,-320.1,0,0,14:19:30
4.1,-3.52,91.2,373.9,-321,0,0,14:19:35
3.38,-2.86,91.2,308.3,-260.8,0,0,14:19:40
3.95,-3.39,91.2,360.2,-309.2,0,0,14:19:45
4.03,-3.46,91.2,367.5,-315.6,0,0,14:19:50
4.09,-3.51,91.2,373,-320.1,0,0,14:19:55
4.11,-3.53,91.3,375.2,-322.3,0,0,14:20:00
4.14,-3.56,91.2,377.6,-324.7,0,0,14:20:05
4.15,-3.57,91.3,378.9,-325.9,0,0,14:20:10
4.15,-3.57,91.3,378.9,-325.9,0,0,14:20:15
4.16,-3.58,91.3,379.8,-326.9,0,0,14:20:20
4.17,-3.6,91.3,380.7,-328.7,0,0,14:20:25
4.21,-3.63,91.3,384.4,-331.4,0,0,14:20:30
4.25,-3.66,91.3,388,-334.2,0,0,14:20:35
4.35,-3.76,91.3,397.2,-343.3,0,0,14:20:40
4.44,-3.84,91.3,405.4,-350.6,0,0,14:20:45
4.4,-3.8,91.3,401.7,-346.9,0,0,14:20:50
4.39,-3.79,91.3,400.8,-346,0,0,14:20:55
4.4,-3.8,91.3,401.7,-346.9,0,0,14:21:00
4.46,-3.85,91.3,407.2,-351.5,0,0,14:21:05
4.53,-3.94,91.3,413.6,-359.7,0,0,14:21:10
4.63,-4.02,91.3,422.7,-367,0,0,14:21:15
4.65,-4.04,91.3,424.5,-368.9,0,0,14:21:20
4.81,-4.18,91.4,439.6,-382.1,0,0,14:21:25
5.19,-4.53,91.5,474.9,-414.5,0,0,14:21:30
6.95,-6.17,91.8,638,-566.4,0,0,14:21:35
5.77,-5.08,91.6,528.5,-465.3,0,0,14:21:40
6.07,-5.36,91.6,556,-491,0,0,14:21:45
6.88,-6.1,91.8,631.6,-560,0,0,14:21:50
8.31,-7.43,92,764.5,-683.6,0,0,14:21:55
8.98,-8.05,92.1,827.1,-741.4,0,0,14:22:00
8.69,-7.78,92.1,800.3,-716.5,0,0,14:22:05
7.86,-7.02,92,723.1,-645.8,0,0,14:22:10
5.8,-5.11,91.6,531.3,-468.1,0,0,14:22:15
5.63,-4.95,91.6,515.7,-453.4,0,0,14:22:20
6.15,-5.42,91.7,564,-497,0,0,14:22:25
7.15,-6.35,91.9,657.1,-583.6,0,0,14:22:30
11.15,-9.73,92.5,1031.4,-900,0,0,14:22:35
11.16,-9.75,92.5,1032.3,-901.9,0,0,14:22:40
10.86,-9.8,92.5,1004.6,-906.5,0,0,14:22:45
11.05,-9.85,92.5,1022.1,-911.1,0,0,14:22:50
10.96,-9.9,92.5,1013.8,-915.7,0,0,14:22:55
11.03,-9.97,92.5,1020.3,-922.2,0,0,14:23:00
8.09,-7.23,92.1,745.1,-665.9,0,0,14:23:05
8.63,-7.73,92.2,795.7,-712.7,0,0,14:23:10
5.46,-4.79,91.8,501.2,-439.7,0,0,14:23:15
5.61,-4.93,91.8,515,-452.6,0,0,14:23:20
5.68,-4.99,91.8,521.4,-458.1,0,0,14:23:25
4.84,-4.2,91.6,443.3,-384.7,0,0,14:23:30
4.65,-4.03,91.6,425.9,-369.1,0,0,14:23:35
4.53,-3.93,91.6,414.9,-360,0,0,14:23:40
4.46,-3.86,91.5,408.1,-353.2,0,0,14:23:45
4.43,-3.82,91.6,405.8,-349.9,0,0,14:23:50
4.4,-3.8,91.6,403,-348.1,0,0,14:23:55
4.36,-3.77,91.6,399.4,-345.3,0,0,14:24:00
4.34,-3.76,91.5,397.1,-344,0,0,14:24:05
4.34,-3.74,91.5,397.1,-342.2,0,0,14:24:10
4.34,-3.75,91.5,397.1,-343.1,0,0,14:24:15
4.35,-3.76,91.5,398,-344,0,0,14:24:20
4.36,-3.78,91.5,398.9,-345.9,0,0,14:24:25
4.39,-3.81,91.5,401.7,-348.6,0,0,14:24:30
4.4,-3.81,91.6,403,-349,0,0,14:24:35
4.43,-3.83,91.6,405.8,-350.8,0,0,14:24:40
4.46,-3.86,91.5,408.1,-353.2,0,0,14:24:45
4.52,-3.92,91.5,413.6,-358.7,0,0,14:24:50
4.46,-3.87,91.5,408.1,-354.1,0,0,14:24:55
4.4,-3.81,91.5,402.6,-348.6,0,0,14:25:00
4.33,-3.74,91.6,396.6,-342.6,0,0,14:25:05
4.24,0.02,90.9,385.4,1.8,0,8,14:25:10
4.2,-0.05,90.9,381.8,-4.5,0,15,14:25:15
4.16,-0.04,90.9,378.1,-3.6,0,19,14:25:20
4.16,-0.02,90.9,378.1,-1.8,0,23,14:25:25
4.17,1.94,90.6,377.8,175.8,0,26,14:25:30
4.14,1.94,90.5,374.7,175.6,0,29,14:25:35
4.17,1.89,90.4,377,170.9,0,31,14:25:40
4.16,1.88,90.5,376.5,170.1,0,33,14:25:45
4.09,2,90.4,369.7,180.8,0,35,14:25:50
4.09,2.02,90.4,369.7,182.6,0,37,14:25:55
4.06,2.05,90.4,367,185.3,0,38,14:26:00
3.98,2.05,90.4,359.8,185.3,0,39,14:26:05
3.92,2.17,90.4,354.4,196.2,0,41,14:26:10
3.89,2.15,90.4,351.7,194.4,0,42,14:26:15
3.87,2.15,90.3,349.5,194.1,0,43,14:26:20
3.82,2.23,90.3,344.9,201.4,0,43,14:26:25
3.78,2.25,90.3,341.3,203.2,0,43,14:26:30
3.75,2.27,90.3,338.6,205,0,42,14:26:35
3.72,2.23,90.3,335.9,201.4,0,42,14:26:40
3.68,2.3,90.3,332.3,207.7,0,40,14:26:45
3.63,2.4,90.3,327.8,216.7,0,40,14:26:50
3.61,2.41,90.2,325.6,217.4,0,40,14:26:55
3.52,-6.6,91.8,323.1,-605.9,0,19,14:27:00
3.54,-3.07,91.3,323.2,-280.3,0,6,14:27:05
3.6,2.43,90.3,325.1,219.4,0,0,14:27:10
3.64,4.33,90,327.6,389.7,0,13,14:27:15
3.68,6.19,89.5,329.4,554,0,20,14:27:20
3.66,6.05,89.5,327.6,541.5,0,27,14:27:25
3.67,6.03,89.5,328.5,539.7,0,33,14:27:30
3.66,6.06,89.5,327.6,542.4,0,37,14:27:35
3.62,6.02,89.5,324,538.8,0,41,14:27:40
3.59,6.01,89.5,321.3,537.9,0,42,14:27:45
3.62,6.05,89.5,324,541.5,0,41,14:27:50
3.43,-11.63,92.5,317.3,-1075.8,0,42,14:27:55
3.49,-2.97,91.2,318.3,-270.9,0,33,14:28:00
3.48,-2.95,91.2,317.4,-269,0,31,14:28:05
3.51,-2.99,91.2,320.1,-272.7,0,30,14:28:10
3.44,-2.92,91.2,313.7,-266.3,0,28,14:28:15
3.45,-1.8,91,314,-163.8,0,28,14:28:20
3.54,1.89,90.3,319.7,170.7,0,30,14:28:25
3.55,1.45,90.4,320.9,131.1,0,33,14:28:30
3.54,1.47,90.4,320,132.9,0,34,14:28:35
3.54,1.47,90.4,320,132.9,0,36,14:28:40
3.55,1.47,90.4,320.9,132.9,0,38,14:28:45
3.5,-1.19,90.9,318.2,-108.2,0,39,14:28:50
3.4,-16.72,93.5,317.9,-1563.3,0,34,14:28:55
3.45,-8.91,92.2,318.1,-821.5,0,24,14:29:00
3.47,-6.64,91.9,318.9,-610.2,0,18,14:29:05
3.51,-5.23,91.7,321.9,-479.6,0,14,14:29:10
3.58,-3.15,91.3,326.9,-287.6,0,5,14:29:15
3.63,-3.11,91.3,331.4,-283.9,0,0,14:29:20
3.67,-3.14,91.3,335.1,-286.7,0,0,14:29:25
3.69,-3.17,91.3,336.9,-289.4,0,0,14:29:30
3.73,-3.21,91.3,340.5,-293.1,0,0,14:29:35
3.67,-3.15,91.3,335.1,-287.6,0,0,14:29:40
4.12,-3.57,91.5,377,-326.7,0,0,14:29:45
5.51,-4.85,91.6,504.7,-444.3,0,0,14:29:50
5.38,-4.73,91.6,492.8,-433.3,0,0,14:29:55
6.51,-5.78,91.8,597.6,-530.6,0,0,14:30:00
5.22,-4.58,91.6,478.2,-419.5,0,0,14:30:05
6.42,-5.7,91.8,589.4,-523.3,0,0,14:30:10
11,-9.95,92.5,1017.5,-920.4,0,0,14:30:15
7.05,-6.28,92,648.6,-577.8,0,0,14:30:20
9.83,-8.86,92.4,908.3,-818.7,0,0,14:30:25
11.06,-9.71,92.6,1024.2,-899.1,0,0,14:30:30
11.04,-9.95,92.7,1023.4,-922.4,0,0,14:30:35
11.11,-9.6,92.7,1029.9,-889.9,0,0,14:30:40
10.13,-9.15,92.5,937,-846.4,0,0,14:30:45
10.83,-9.8,92.7,1003.9,-908.5,0,0,14:30:50
10.28,-9.29,92.5,950.9,-859.3,0,0,14:30:55
11.17,-9.72,92.7,1035.5,-901,0,0,14:31:00
9.09,-8.18,92.4,839.9,-755.8,0,0,14:31:05
8.88,-7.98,92.4,820.5,-737.4,0,0,14:31:10
6.5,-5.78,92.1,598.7,-532.3,0,0,14:31:15
4.7,-4.1,91.8,431.5,-376.4,0,0,14:31:20
5.14,-4.5,91.8,471.9,-413.1,0,0,14:31:25
7.13,-6.36,92.1,656.7,-585.8,0,0,14:31:30
4.99,-4.38,91.8,458.1,-402.1,0,0,14:31:35
4.57,-3.98,91.8,419.5,-365.4,0,0,14:31:40
4.75,-4.14,91.8,436.1,-380.1,0,0,14:31:45
4.98,-4.36,91.8,457.2,-400.2,0,0,14:31:50
7.78,-6.96,92.2,717.3,-641.7,0,0,14:31:55
6.94,-6.18,92.1,639.2,-569.2,0,0,14:32:00
5.18,-4.54,91.9,476,-417.2,0,0,14:32:05
4.62,-4.03,91.8,424.1,-370,0,0,14:32:10
4.38,-3.8,91.8,402.1,-348.8,0,0,14:32:15
4.28,-3.71,91.7,392.5,-340.2,0,0,14:32:20
4.24,-3.67,91.7,388.8,-336.5,0,0,14:32:25
4.22,-3.65,91.7,387,-334.7,0,0,14:32:30
4.21,-3.65,91.7,386.1,-334.7,0,0,14:32:35
4.22,-3.66,91.7,387,-335.6,0,0,14:32:40
4.24,-3.66,91.7,388.8,-335.6,0,0,14:32:45
4.24,-3.67,91.7,388.8,-336.5,0,0,14:32:50
4.24,-3.66,91.8,389.2,-336,0,0,14:32:55
4.2,-3.63,91.7,385.1,-332.9,0,0,14:33:00
4.16,-3.6,91.7,381.5,-330.1,0,0,14:33:05
4.12,-3.56,91.8,378.2,-326.8,0,0,14:33:10
4.09,-3.54,91.7,375.1,-324.6,0,0,14:33:15
4.07,-3.52,91.6,372.8,-322.4,0,0,14:33:20
4.05,-3.5,91.6,371,-320.6,0,0,14:33:25
4.05,-3.49,91.6,371,-319.7,0,0,14:33:30
4.02,-3.47,91.6,368.2,-317.9,0,0,14:33:35
4.01,-3.46,91.7,367.7,-317.3,0,0,14:33:40
4,-3.46,91.6,366.4,-316.9,0,0,14:33:45
3.98,-3.44,91.6,364.6,-315.1,0,0,14:33:50
3.98,-3.43,91.6,364.6,-314.2,0,0,14:33:55
3.98,-3.44,91.6,364.6,-315.1,0,0,14:34:00
3.97,-3.43,91.7,364,-314.5,0,0,14:34:05
3.97,-3.43,91.6,363.7,-314.2,0,0,14:34:10
3.97,-3.43,91.7,364,-314.5,0,0,14:34:15
3.96,-3.42,91.7,363.1,-313.6,0,0,14:34:20
3.95,-3.4,91.7,362.2,-311.8,0,0,14:34:25
3.96,-3.4,91.7,363.1,-311.8,0,0,14:34:30
3.95,-3.4,91.7,362.2,-311.8,0,0,14:34:35
3.97,-3.42,91.6,363.7,-313.3,0,0,14:34:40
3.97,-3.42,91.7,364,-313.6,0,0,14:34:45
3.97,-3.43,91.7,364,-314.5,0,0,14:34:50
3.97,-3.43,91.8,364.4,-314.9,0,0,14:34:55
3.99,-3.44,91.7,365.9,-315.4,0,0,14:35:00
4,-3.45,91.8,367.2,-316.7,0,0,14:35:05
4.01,-3.46,91.7,367.7,-317.3,0,0,14:35:10
4.02,-3.47,91.8,369,-318.5,0,0,14:35:15
4.02,-3.48,91.8,369,-319.5,0,0,14:35:20
4.05,-3.49,91.8,371.8,-320.4,0,0,14:35:25
4.06,-3.5,91.8,372.7,-321.3,0,0,14:35:30
4.07,-3.52,91.8,373.6,-323.1,0,0,14:35:35
4.09,-3.54,91.8,375.5,-325,0,0,14:35:40
4.1,-3.54,91.8,376.4,-325,0,0,14:35:45
4.12,-3.56,91.8,378.2,-326.8,0,0,14:35:50
4.15,-3.59,91.8,381,-329.6,0,0,14:35:55
4.16,-3.6,91.8,381.9,-330.5,0,0,14:36:00
4.18,-3.62,91.8,383.7,-332.3,0,0,14:36:05
4.21,-3.64,91.8,386.5,-334.2,0,0,14:36:10
4.24,-3.66,91.8,389.2,-336,0,0,14:36:15
4.25,-3.69,91.8,390.2,-338.7,0,0,14:36:20
4.28,-3.71,91.8,392.9,-340.6,0,0,14:36:25
4.31,-3.74,91.8,395.7,-343.3,0,0,14:36:30
4.34,-3.77,91.8,398.4,-346.1,0,0,14:36:35
4.39,-3.81,91.8,403,-349.8,0,0,14:36:40
4.45,-3.87,91.8,408.5,-355.3,0,0,14:36:45
4.45,-3.88,91.8,408.5,-356.2,0,0,14:36:50
4.48,-3.9,91.9,411.7,-358.4,0,0,14:36:55
4.5,-3.93,91.9,413.6,-361.2,0,0,14:37:00
4.5,-3.92,91.9,413.6,-360.2,0,0,14:37:05
4.51,-3.93,91.9,414.5,-361.2,0,0,14:37:10
4.53,-3.94,91.9,416.3,-362.1,0,0,14:37:15
4.54,-3.96,91.9,417.2,-363.9,0,0,14:37:20
4.54,-3.97,91.9,417.2,-364.8,0,0,14:37:25
4.57,-3.98,91.9,420,-365.8,0,0,14:37:30
4.58,-3.98,91.9,420.9,-365.8,0,0,14:37:35
4.6,-4.01,91.9,422.7,-368.5,0,0,14:37:40
4.62,-4.03,91.9,424.6,-370.4,0,0,14:37:45
4.63,-4.05,91.9,425.5,-372.2,0,0,14:37:50
4.64,-4.05,91.9,426.4,-372.2,0,0,14:37:55
4.65,-4.07,91.9,427.3,-374,0,0,14:38:00
4.66,-4.07,91.9,428.3,-374,0,0,14:38:05
4.67,-4.07,91.9,429.2,-374,0,0,14:38:10
4.67,-4.07,91.9,429.2,-374,0,0,14:38:15
4.68,-4.08,91.9,430.1,-375,0,0,14:38:20
4.67,-4.08,91.9,429.2,-375,0,0,14:38:25
4.67,-4.08,91.9,429.2,-375,0,0,14:38:30
4.68,-4.09,91.9,430.1,-375.9,0,0,14:38:35
4.69,-4.09,91.9,431,-375.9,0,0,14:38:40
4.7,-4.1,92,432.4,-377.2,0,0,14:38:45
4.7,-4.1,92,432.4,-377.2,0,0,14:38:50
4.72,-4.11,92,434.2,-378.1,0,0,14:38:55
4.71,-4.11,92,433.3,-378.1,0,0,14:39:00
4.72,-4.11,92,434.2,-378.1,0,0,14:39:05
4.73,-4.13,92.1,435.6,-380.4,0,0,14:39:10
4.76,-4.16,92.1,438.4,-383.1,0,0,14:39:15
4.81,-4.2,92.1,443,-386.8,0,0,14:39:20
4.89,-4.27,92.1,450.4,-393.3,0,0,14:39:25
4.91,-4.3,92.1,452.2,-396,0,0,14:39:30
4.89,-4.27,92.1,450.4,-393.3,0,0,14:39:35
4.92,-4.3,92.1,453.1,-396,0,0,14:39:40
4.79,-4.18,92.1,441.2,-385,0,0,14:39:45
4.89,-4.27,92.1,450.4,-393.3,0,0,14:39:50
4.92,-4.3,92.1,453.1,-396,0,0,14:39:55
4.91,-4.29,92.1,452.2,-395.1,0,0,14:40:00
5.13,-4.51,92.1,472.5,-415.4,0,0,14:40:05
5.26,-4.62,92.1,484.4,-425.5,0,0,14:40:10
5.24,-4.61,92.1,482.6,-424.6,0,0,14:40:15
5.19,-4.56,92.1,478,-420,0,0,14:40:20
5.24,-4.61,92.1,482.6,-424.6,0,0,14:40:25
5.27,-4.64,92.1,485.4,-427.3,0,0,14:40:30
5.35,-4.7,92.1,492.7,-432.9,0,0,14:40:35
5.36,-4.71,92.1,493.7,-433.8,0,0,14:40:40
5.53,-4.87,92.2,509.9,-449,0,0,14:40:45
5.45,-4.8,92.2,502.5,-442.6,0,0,14:40:50
5.4,-4.76,92.2,497.9,-438.9,0,0,14:40:55
5.41,-4.76,92.1,498.3,-438.4,0,0,14:41:00
5.39,-4.74,92.1,496.4,-436.6,0,0,14:41:05
5.39,-4.74,92.2,497,-437,0,0,14:41:10
5.42,-4.77,92.2,499.7,-439.8,0,0,14:41:15
5.49,-4.84,92.2,506.2,-446.2,0,0,14:41:20
5.51,-4.86,92.2,508,-448.1,0,0,14:41:25
5.55,-4.89,92.2,511.7,-450.9,0,0,14:41:30
5.56,-4.89,92.2,512.6,-450.9,0,0,14:41:35
5.52,-4.86,92.2,508.9,-448.1,0,0,14:41:40
5.59,-4.92,92.2,515.4,-453.6,0,0,14:41:45
5.76,-5.09,92.2,531.1,-469.3,0,0,14:41:50
6.05,-5.34,92.3,558.4,-492.9,0,0,14:41:55
6.06,-5.37,92.4,559.9,-496.2,0,0,14:42:00
5.86,-5.17,92.2,540.3,-476.7,0,0,14:42:05
5.55,-4.89,92.2,511.7,-450.9,0,0,14:42:10
5.43,-4.78,92.2,500.6,-440.7,0,0,14:42:15
5.43,-4.78,92.2,500.6,-440.7,0,0,14:42:20
5.58,-4.91,92.2,514.5,-452.7,0,0,14:42:25
7.62,-6.82,92.5,704.9,-630.9,0,0,14:42:30
11.04,-9.76,93.1,1027.8,-908.7,0,0,14:42:35
10.07,-9.08,93,936.5,-844.4,0,0,14:42:40
8.96,-8.05,92.8,831.5,-747,0,0,14:42:45
8.86,-7.96,92.8,822.2,-738.7,0,0,14:42:50
7.78,-6.97,92.7,721.2,-646.1,0,0,14:42:55
7.66,-6.86,92.7,710.1,-635.9,0,0,14:43:00
6.46,-5.73,92.4,596.9,-529.5,0,0,14:43:05
5.5,-4.84,92.4,508.2,-447.2,0,0,14:43:10
5.4,-4.74,92.4,499,-438,0,0,14:43:15
5.29,-4.66,92.4,488.8,-430.6,0,0,14:43:20
5.04,-4.41,92.3,465.2,-407,0,0,14:43:25
4.82,-4.22,92.2,444.4,-389.1,0,0,14:43:30
4.71,-4.11,92.2,434.3,-378.9,0,0,14:43:35
4.61,-4.03,92.2,425,-371.6,0,0,14:43:40
4.54,-3.95,92.2,418.6,-364.2,0,0,14:43:45
4.48,-3.89,92.2,413.1,-358.7,0,0,14:43:50
4.43,-3.85,92.2,408.4,-355,0,0,14:43:55
4.39,-3.82,92.2,404.8,-352.2,0,0,14:44:00
4.37,-3.8,92.2,402.9,-350.4,0,0,14:44:05
4.35,-3.77,92.2,401.1,-347.6,0,0,14:44:10
4.36,-3.79,92.2,402,-349.4,0,0,14:44:15
4.46,-3.89,92.2,411.2,-358.7,0,0,14:44:20
4.48,-3.9,92.2,413.1,-359.6,0,0,14:44:25
4.41,-3.83,92.2,406.6,-353.1,0,0,14:44:30
4.28,-3.72,92.2,394.6,-343,0,0,14:44:35
4.19,-3.63,92.1,385.9,-334.3,0,0,14:44:40
4.11,-3.56,92.2,378.9,-328.2,0,0,14:44:45
4.06,-3.5,92.1,373.9,-322.4,0,0,14:44:50
4.01,-3.47,92.1,369.3,-319.6,0,0,14:44:55
3.97,-3.43,92.1,365.6,-315.9,0,0,14:45:00
3.86,-3.32,92.1,355.5,-305.8,0,0,14:45:05
3.8,-3.26,92.1,350,-300.2,0,0,14:45:10
3.77,-3.24,92.1,347.2,-298.4,0,0,14:45:15
3.81,-3.28,92.1,350.9,-302.1,0,0,14:45:20
3.69,-3.18,92.1,339.8,-292.9,0,0,14:45:25
3.65,-3.13,92.1,336.2,-288.3,0,0,14:45:30
3.71,-3.18,92.1,341.7,-292.9,0,0,14:45:35
3.68,-3.16,92.1,338.9,-291,0,0,14:45:40
3.64,-3.11,92.1,335.2,-286.4,0,0,14:45:45
3.61,-3.08,92.1,332.5,-283.7,0,0,14:45:50
3.57,-3.05,92.1,328.8,-280.9,0,0,14:45:55
3.53,-3.03,92.1,325.1,-279.1,0,0,14:46:00
3.5,-2.99,92.1,322.4,-275.4,0,0,14:46:05
3.47,-2.97,92.1,319.6,-273.5,0,0,14:46:10
3.43,-2.92,92.1,315.9,-268.9,0,0,14:46:15
3.4,-2.89,92.1,313.1,-266.2,0,0,14:46:20
3.38,-2.88,92.1,311.3,-265.2,0,0,14:46:25
3.36,-2.86,92.1,309.5,-263.4,0,0,14:46:30
3.34,-2.84,92.1,307.6,-261.6,0,0,14:46:35
3.31,-2.8,92.1,304.9,-257.9,0,0,14:46:40
3.29,-2.79,92.1,303,-257,0,0,14:46:45
3.28,-2.78,92.1,302.1,-256,0,0,14:46:50
3.26,-2.77,92.1,300.2,-255.1,0,0,14:46:55
3.25,-2.76,92.1,299.3,-254.2,0,0,14:47:00
3.23,-2.74,92.1,297.5,-252.4,0,0,14:47:05
3.22,-2.73,92.1,296.6,-251.4,0,0,14:47:10
3.21,-2.73,92.1,295.6,-251.4,0,0,14:47:15
3.2,-2.72,92.1,294.7,-250.5,0,0,14:47:20
3.2,-2.71,92.1,294.7,-249.6,0,0,14:47:25
3.18,-2.7,92.1,292.9,-248.7,0,0,14:47:30
3.18,-2.7,92.1,292.9,-248.7,0,0,14:47:35
3.17,-2.69,92.1,292,-247.7,0,0,14:47:40
3.17,-2.69,92.1,292,-247.7,0,0,14:47:45
3.17,-2.69,92.1,292,-247.7,0,0,14:47:50
3.17,-2.68,92.1,292,-246.8,0,0,14:47:55
3.17,-2.68,92.1,292,-246.8,0,0,14:48:00
3.17,-2.68,92.1,292,-246.8,0,0,14:48:05
3.17,-2.68,92.1,292,-246.8,0,0,14:48:10
3.17,-2.68,92.1,292,-246.8,0,0,14:48:15
3.11,-2.63,92.1,286.4,-242.2,0,0,14:48:20
3.16,-2.67,92.1,291,-245.9,0,0,14:48:25
3.15,-2.66,92.1,290.1,-245,0,0,14:48:30
3.15,-2.65,92.1,290.1,-244.1,0,0,14:48:35
3.14,-2.65,92.1,289.2,-244.1,0,0,14:48:40
3.14,-2.65,92.1,289.2,-244.1,0,0,14:48:45
3.13,-2.64,92.1,288.3,-243.1,0,0,14:48:50
3.13,-2.64,92.1,288.3,-243.1,0,0,14:48:55
3.12,-2.64,92.1,287.4,-243.1,0,0,14:49:00
3.12,-2.63,92.1,287.4,-242.2,0,0,14:49:05
3.12,-2.63,92.1,287.4,-242.2,0,0,14:49:10
3.12,-2.63,92.1,287.4,-242.2,0,0,14:49:15
3.12,-2.64,92.1,287.4,-243.1,0,0,14:49:20
3.12,-2.65,92.1,287.4,-244.1,0,0,14:49:25
3.14,-2.65,92.1,289.2,-244.1,0,0,14:49:30
3.15,-2.66,92.1,290.1,-245,0,0,14:49:35
3.17,-2.69,92.1,292,-247.7,0,0,14:49:40
3.2,-2.72,92.1,294.7,-250.5,0,0,14:49:45
3.27,-2.79,92.1,301.2,-257,0,0,14:49:50
3.42,-2.91,92.1,315,-268,0,0,14:49:55
4.21,-3.64,92.2,388.2,-335.6,0,0,14:50:00
6.06,-5.38,92.5,560.6,-497.7,0,0,14:50:05
7.73,-6.91,92.8,717.3,-641.2,0,0,14:50:10
8.41,-7.55,92.9,781.3,-701.4,0,0,14:50:15
8.56,-7.67,93,796.1,-713.3,0,0,14:50:20
7.26,-6.48,92.8,673.7,-601.3,0,0,14:50:25
5.93,-5.24,92.6,549.1,-485.2,0,0,14:50:30
4.42,-3.84,92.4,408.4,-354.8,0,0,14:50:35
4,-3.45,92.4,369.6,-318.8,0,0,14:50:40
3.81,-3.27,92.3,351.7,-301.8,0,0,14:50:45
3.95,-3.4,92.3,364.6,-313.8,0,0,14:50:50
4.21,-3.65,92.4,389,-337.3,0,0,14:50:55
4.28,-3.71,92.4,395.5,-342.8,0,0,14:51:00
3.7,-3.17,92.3,341.5,-292.6,0,0,14:51:05
3.54,-3.03,92.2,326.4,-279.4,0,0,14:51:10
3.48,-2.97,92.2,320.9,-273.8,0,0,14:51:15
3.49,-2.98,92.2,321.8,-274.8,0,0,14:51:20
3.55,-3.04,92.2,327.3,-280.3,0,0,14:51:25
3.67,-3.14,92.3,338.7,-289.8,0,0,14:51:30
3.83,-3.3,92.3,353.5,-304.6,0,0,14:51:35
5.23,-4.6,92.5,483.8,-425.5,0,0,14:51:40
8.32,-7.46,93,773.8,-693.8,0,0,14:51:45
7.65,-6.85,92.9,710.7,-636.4,0,0,14:51:50
8.61,-7.73,93.1,801.6,-719.7,0,0,14:51:55
7.26,-6.48,92.9,674.5,-602,0,0,14:52:00
8.12,-7.28,93,755.2,-677,0,0,14:52:05
8.92,-8.02,93.1,830.5,-746.7,0,0,14:52:10
8.88,-7.98,93.1,826.7,-742.9,0,0,14:52:15
9.68,-8.73,93.3,903.1,-814.5,0,0,14:52:20
9.68,-8.73,93.3,903.1,-814.5,0,0,14:52:25
9.78,-8.81,93.3,912.5,-822,0,0,14:52:30
9.6,-8.66,93.3,895.7,-808,0,0,14:52:35
8.21,-7.35,93.1,764.4,-684.3,0,0,14:52:40
8.94,-8.04,93.3,834.1,-750.1,0,0,14:52:45
9.08,-8.17,93.3,847.2,-762.3,0,0,14:52:50
9.65,-8.7,93.3,900.3,-811.7,0,0,14:52:55
9.29,-8.35,93.3,866.8,-779.1,0,0,14:53:00
9.31,-8.38,93.3,868.6,-781.9,0,0,14:53:05
9.62,-8.67,93.4,898.5,-809.8,0,0,14:53:10
9.55,-8.6,93.4,892,-803.2,0,0,14:53:15
9.5,-8.56,93.4,887.3,-799.5,0,0,14:53:20
9.51,-8.56,93.4,888.2,-799.5,0,0,14:53:25
9.49,-8.55,93.4,886.4,-798.6,0,0,14:53:30
9.54,-8.59,93.4,891,-802.3,0,0,14:53:35
9.57,-8.62,93.4,893.8,-805.1,0,0,14:53:40
9.59,-8.64,93.4,895.7,-807,0,0,14:53:45
9.36,-8.43,93.4,874.2,-787.4,0,0,14:53:50
8.91,-8.01,93.4,832.2,-748.1,0,0,14:53:55
9.56,-8.62,93.5,893.9,-806,0,0,14:54:00
9.57,-8.63,93.5,894.8,-806.9,0,0,14:54:05
9.53,-8.57,93.5,891.1,-801.3,0,0,14:54:10
9.46,-8.52,93.5,884.5,-796.6,0,0,14:54:15
9.44,-8.5,93.5,882.6,-794.8,0,0,14:54:20
9.43,-8.49,93.5,881.7,-793.8,0,0,14:54:25
9.43,-8.49,93.6,882.6,-794.7,0,0,14:54:30
9.43,-8.5,93.6,882.6,-795.6,0,0,14:54:35
9.45,-8.51,93.6,884.5,-796.5,0,0,14:54:40
9.43,-8.5,93.6,882.6,-795.6,0,0,14:54:45
9.43,-8.5,93.6,882.6,-795.6,0,0,14:54:50
9.39,-8.46,93.6,878.9,-791.9,0,0,14:54:55
9.47,-8.53,93.6,886.4,-798.4,0,0,14:55:00
9.18,-8.26,93.6,859.2,-773.1,0,0,14:55:05
7.97,-7.14,93.4,744.4,-666.9,0,0,14:55:10
6.75,-6.01,93.2,629.1,-560.1,0,0,14:55:15
4.9,-4.28,93,455.7,-398,0,0,14:55:20
4.46,-3.88,92.8,413.9,-360.1,0,0,14:55:25
4.26,-3.69,92.8,395.3,-342.4,0,0,14:55:30
4.34,-3.77,92.8,402.8,-349.9,0,0,14:55:35
4.56,-3.97,92.8,423.2,-368.4,0,0,14:55:40
5.29,-4.66,93,492,-433.4,0,0,14:55:45
7.9,-7.07,93.3,737.1,-659.6,0,0,14:55:50
8.85,-7.96,93.4,826.6,-743.5,0,0,14:55:55
8.33,-7.48,93.4,778,-698.6,0,0,14:56:00
8.71,-7.82,93.5,814.4,-731.2,0,0,14:56:05
9.12,-8.21,93.6,853.6,-768.5,0,0,14:56:10
9.12,-8.2,93.6,853.6,-767.5,0,0,14:56:15
9.11,-8.19,93.6,852.7,-766.6,0,0,14:56:20
9.09,-8.18,93.6,850.8,-765.6,0,0,14:56:25
7.11,-6.34,93.3,663.4,-591.5,0,0,14:56:30
4.98,-4.36,93,463.1,-405.5,0,0,14:56:35
5.32,-4.68,93.1,495.3,-435.7,0,0,14:56:40
6.05,-5.36,93.1,563.3,-499,0,0,14:56:45
8.71,-7.82,93.6,815.3,-732,0,0,14:56:50
8.51,-7.63,93.5,795.7,-713.4,0,0,14:56:55
7.88,-7.06,93.4,736,-659.4,0,0,14:57:00
7.1,-6.34,93.4,663.1,-592.2,0,0,14:57:05
7.98,-7.14,93.4,745.3,-666.9,0,0,14:57:10
8.47,-7.6,93.6,792.8,-711.4,0,0,14:57:15
8.44,-7.57,93.6,790,-708.6,0,0,14:57:20
5.98,-5.29,93.3,557.9,-493.6,0,0,14:57:25
6.57,-5.84,93.3,613,-544.9,0,0,14:57:30
5.22,-4.59,93.1,486,-427.3,0,0,14:57:35
5.51,-4.85,93.1,513,-451.5,0,0,14:57:40
7.09,-6.32,93.4,662.2,-590.3,0,0,14:57:45
7.52,-6.72,93.4,702.4,-627.6,0,0,14:57:50
5.61,-4.94,93.2,522.9,-460.4,0,0,14:57:55
4.22,-3.65,93,392.5,-339.5,0,0,14:58:00
4.57,-3.98,93,425,-370.1,0,0,14:58:05
7.13,-6.36,93.4,665.9,-594,0,0,14:58:10
4.82,-4.22,93,448.3,-392.5,0,0,14:58:15
2.77,-2.32,92.7,256.8,-215.1,0,0,14:58:20
2.59,-2.15,92.7,240.1,-199.3,0,0,14:58:25
2.49,-2.07,92.7,230.8,-191.9,0,0,14:58:30
2.45,-2.02,92.7,227.1,-187.3,0,0,14:58:35
2.44,-2.02,92.7,226.2,-187.3,0,0,14:58:40
2.43,-2.01,92.7,225.3,-186.3,0,0,14:58:45
2.43,-2,92.7,225.3,-185.4,0,0,14:58:50
2.43,-2,92.7,225.3,-185.4,0,0,14:58:55
2.43,-1.99,92.7,225.3,-184.5,0,0,14:59:00
2.43,-2,92.7,225.3,-185.4,0,0,14:59:05
2.44,-2.01,92.7,226.2,-186.3,0,0,14:59:10
2.44,-2.01,92.7,226.2,-186.3,0,0,14:59:15
2.44,-2.02,92.7,226.2,-187.3,0,0,14:59:20
2.44,-2.02,92.7,226.2,-187.3,0,0,14:59:25
2.44,-2.02,92.7,226.2,-187.3,0,0,14:59:30
2.44,-2.02,92.7,226.2,-187.3,0,0,14:59:35
2.45,-2.02,92.7,227.1,-187.3,0,0,14:59:40
2.45,-2.03,92.7,227.1,-188.2,0,0,14:59:45
2.46,-2.03,92.7,228,-188.2,0,0,14:59:50
2.47,-2.04,92.7,229,-189.1,0,0,14:59:55
2.47,-2.04,92.7,229,-189.1,0,0,15:00:00
2.49,-2.04,92.6,230.6,-188.9,0,0,15:00:05
2.51,-2.06,92.7,232.7,-191,0,0,15:00:10
2.51,-2,92.6,232.4,-185.2,0,0,15:00:15
2.55,0.13,92.2,235.1,12,0,0,15:00:20
2.54,1.92,91.9,233.4,176.4,0,9,15:00:25
2.54,2.2,91.8,233.2,202,0,14,15:00:30
2.56,-2.11,92.5,236.8,-195.2,0,15,15:00:35
2.5,-2.05,92.5,231.3,-189.6,0,12,15:00:40
2.4,-1.96,92.5,222,-181.3,0,9,15:00:45
2.47,2.18,91.9,227,200.3,0,7,15:00:50
2.67,5.16,91.3,243.8,471.1,0,16,15:00:55
2.77,4.99,91.3,252.9,455.6,0,23,15:01:00
2.77,4.98,91.3,252.9,454.7,0,29,15:01:05
2.8,4.95,91.3,255.6,451.9,0,33,15:01:10
2.79,4.94,91.2,254.4,450.5,0,36,15:01:15
2.67,-2.2,92.4,246.7,-203.3,0,36,15:01:20
2.53,-2.07,92.4,233.8,-191.3,0,29,15:01:25
2.65,-2.18,92.5,245.1,-201.7,0,27,15:01:30
2.92,6.46,91,265.7,587.9,0,28,15:01:35
2.93,8.67,90.6,265.5,785.5,0,35,15:01:40
2.98,9.59,90.4,269.4,866.9,0,41,15:01:45
3.14,9.49,90.3,283.5,856.9,0,46,15:01:50
4.51,8.31,90.4,407.7,751.2,0,50,15:01:55
8.38,5.15,91,762.6,468.7,0,54,15:02:00
8.29,5.17,91,754.4,470.5,0,57,15:02:05
8.28,5.17,91,753.5,470.5,0,60,15:02:10
8.33,5.11,90.9,757.2,464.5,0,62,15:02:15
8.3,5.13,90.9,754.5,466.3,0,63,15:02:20
8.32,5.15,91,757.1,468.7,0,65,15:02:25
8.22,5.63,90.8,746.4,511.2,0,66,15:02:30
8.31,4.98,90.9,755.4,452.7,0,67,15:02:35
8.43,4.37,91,767.1,397.7,0,68,15:02:40
8.44,4.22,91.1,768.9,384.4,0,69,15:02:45
8.34,4.07,91.1,759.8,370.8,0,69,15:02:50
8.27,4.03,91.1,753.4,367.1,0,69,15:02:55
8.38,3.65,91.1,763.4,332.5,0,69,15:03:00
8.71,3.58,91.1,793.5,326.1,0,70,15:03:05
7.41,3.98,91.1,675.1,362.6,0,70,15:03:10
5.33,5.31,90.8,484,482.1,0,70,15:03:15
6.93,3.99,91,630.6,363.1,0,70,15:03:20
6.34,3.94,91.1,577.6,358.9,0,70,15:03:25
5.79,4.35,91,526.9,395.9,0,70,15:03:30
5.37,4.86,90.9,488.1,441.8,0,70,15:03:35
5.47,4.63,90.9,497.2,420.9,0,70,15:03:40
5.76,4.58,90.9,523.6,416.3,0,70,15:03:45
4.9,5.16,90.8,444.9,468.5,0,70,15:03:50
4.85,5.36,90.8,440.4,486.7,0,70,15:03:55
4.53,5.8,90.7,410.9,526.1,0,70,15:04:00
4.62,5.92,90.6,418.6,536.4,0,70,15:04:05
4.7,5.81,90.6,425.8,526.4,0,70,15:04:10
4.38,5.92,90.7,397.3,536.9,0,70,15:04:15
4.36,6.17,90.6,395,559,0,70,15:04:20
4.38,6.05,90.6,396.8,548.1,0,70,15:04:25
4.32,5.74,90.6,391.4,520,0,70,15:04:30
4.19,5.55,90.6,379.6,502.8,0,70,15:04:35
4.14,5.61,90.6,375.1,508.3,0,70,15:04:40
4.1,5.1,90.7,371.9,462.6,0,71,15:04:45
4.04,4.71,90.8,366.8,427.7,0,71,15:04:50
3.98,5.03,90.7,361,456.2,0,71,15:04:55
3.98,4.67,90.8,361.4,424,0,71,15:05:00
4.01,4.81,90.8,364.1,436.7,0,71,15:05:05
4.01,4.8,90.8,364.1,435.8,0,71,15:05:10
3.87,4.6,90.8,351.4,417.7,0,71,15:05:15
3.84,5.17,90.7,348.3,468.9,0,71,15:05:20
3.92,4.89,90.7,355.5,443.5,0,70,15:05:25
4.22,4.94,90.7,382.8,448.1,0,71,15:05:30
3.52,5.66,90.6,318.9,512.8,0,71,15:05:35
3.3,4.86,90.7,299.3,440.8,0,71,15:05:40
3.21,5.72,90.5,290.5,517.7,0,71,15:05:45
3.12,5.87,90.5,282.4,531.2,0,70,15:05:50
3.05,5.48,90.6,276.3,496.5,0,70,15:05:55
2.98,5.47,90.6,270,495.6,0,71,15:06:00
2.93,5.81,90.5,265.2,525.8,0,71,15:06:05
2.89,5.93,90.5,261.5,536.7,0,70,15:06:10
2.86,5.66,90.5,258.8,512.2,0,70,15:06:15
2.83,5.65,90.5,256.1,511.3,0,70,15:06:20
2.8,5.78,90.4,253.1,522.5,0,70,15:06:25
2.74,6.26,90.4,247.7,565.9,0,70,15:06:30
2.69,6.31,90.4,243.2,570.4,0,70,15:06:35
2.67,6.56,90.3,241.1,592.4,0,70,15:06:40
2.64,6.84,90.3,238.4,617.7,0,70,15:06:45
2.59,7.01,90.2,233.6,632.3,0,70,15:06:50
2.55,6.79,90.3,230.3,613.1,0,70,15:06:55
2.53,7.3,90.1,228,657.7,0,70,15:07:00
2.5,7.41,90.1,225.3,667.6,0,70,15:07:05
2.48,7.37,90.1,223.4,664,0,69,15:07:10
2.45,7.46,90.1,220.7,672.1,0,69,15:07:15
2.44,7.85,90,219.6,706.5,0,69,15:07:20
2.41,7.53,90.1,217.1,678.5,0,69,15:07:25
2.4,7.86,90,216,707.4,0,69,15:07:30
2.4,8.01,89.9,215.8,720.1,0,69,15:07:35
2.31,8.02,89.9,207.7,721,0,69,15:07:40
2.3,8.25,89.8,206.5,740.9,0,69,15:07:45
2.29,8.31,89.8,205.6,746.2,0,69,15:07:50
2.29,8.39,89.8,205.6,753.4,0,69,15:07:55
2.29,8.21,89.8,205.6,737.3,0,69,15:08:00
2.28,8.37,89.8,204.7,751.6,0,69,15:08:05
2.29,8.24,89.8,205.6,740,0,69,15:08:10
2.3,8.49,89.8,206.5,762.4,0,69,15:08:15
2.31,8.49,89.7,207.2,761.6,0,69,15:08:20
2.34,9.09,89.6,209.7,814.5,0,68,15:08:25
2.36,9.05,89.7,211.7,811.8,0,68,15:08:30
2.38,9,89.7,213.5,807.3,0,67,15:08:35
2.41,10.1,89.5,215.7,904,0,67,15:08:40
2.44,9.4,89.5,218.4,841.3,0,67,15:08:45
2.5,10.45,89.3,223.3,933.2,0,66,15:08:50
2.55,9.6,89.4,228,858.2,0,66,15:08:55
2.62,9.35,89.6,234.8,837.8,0,66,15:09:00
2.68,10.61,89.3,239.3,947.5,0,66,15:09:05
2.75,10.72,89.2,245.3,956.2,0,66,15:09:10
2.83,9.04,89.6,253.6,810,0,67,15:09:15
3.01,8.44,89.6,269.7,756.2,0,68,15:09:20
2.92,7.9,89.7,261.9,708.6,0,69,15:09:25
2.82,6.48,90,253.8,583.2,0,70,15:09:30
2.88,5.5,90.1,259.5,495.6,0,70,15:09:35
2.83,4.66,90.3,255.5,420.8,0,71,15:09:40
4.21,3.72,90.4,380.6,336.3,0,71,15:09:45
6.04,1.67,90.8,548.4,151.6,0,71,15:09:50
7.66,0.12,91.1,697.8,10.9,0,72,15:09:55
7.67,-1.1,91.3,700.3,-100.4,0,72,15:10:00
7.66,-0.48,91.3,699.4,-43.8,0,72,15:10:05
7.59,-0.52,91.2,692.2,-47.4,0,72,15:10:10
7.57,-0.62,91.4,691.9,-56.7,0,72,15:10:15
7.36,0.28,91.1,670.5,25.5,0,72,15:10:20
7.31,0.55,91.2,666.7,50.2,0,72,15:10:25
7.27,0.24,91.3,663.8,21.9,0,72,15:10:30
7.14,0.6,91.1,650.5,54.7,0,72,15:10:35
6.97,1.1,91.1,635,100.2,0,71,15:10:40
4.04,4.3,90.5,365.6,389.2,0,71,15:10:45
3.03,5.7,90.3,273.6,514.7,0,70,15:10:50
2.79,6.63,90.1,251.4,597.4,0,70,15:10:55
2.6,7.09,90,234,638.1,0,70,15:11:00
2.86,7.08,90,257.4,637.2,0,69,15:11:05
3.17,7.1,89.9,285,638.3,0,69,15:11:10
3.97,6.81,90,357.3,612.9,0,69,15:11:15
4.34,5.65,90.1,391,509.1,0,70,15:11:20
4.82,5.61,90.1,434.3,505.5,0,70,15:11:25
4.13,5.78,90.1,372.1,520.8,0,70,15:11:30
4.25,6.46,90,382.5,581.4,0,69,15:11:35
6.09,7.26,89.8,546.9,651.9,0,68,15:11:40
6.7,10.66,89.2,597.6,950.9,0,66,15:11:45
6.56,11.22,89.1,584.5,999.7,0,66,15:11:50
6.3,9.35,89.4,563.2,835.9,0,66,15:11:55
5.81,8.65,89.4,519.4,773.3,0,68,15:12:00
5.58,6.33,89.9,501.6,569.1,0,69,15:12:05
5.54,3.45,90.4,500.8,311.9,0,70,15:12:10
5.9,-6.24,92.1,543.4,-574.7,0,72,15:12:15
5.95,-6.51,92.1,548,-599.6,0,72,15:12:20
6.05,-7.04,92.2,557.8,-649.1,0,73,15:12:25
6.26,-6.99,92.3,577.8,-645.2,0,73,15:12:30
6.32,-0.51,91.3,577,-46.6,0,72,15:12:35
6.32,-0.78,91.4,577.6,-71.3,0,73,15:12:40
6.28,-2.39,91.7,575.9,-219.2,0,74,15:12:45
6.33,-2.64,91.7,580.5,-242.1,0,74,15:12:50
6.38,-3.19,91.8,585.7,-292.8,0,74,15:12:55
6.48,-3.7,91.9,595.5,-340,0,74,15:13:00
6.47,-8.6,92.7,599.8,-797.2,0,74,15:13:05
6.64,-7.15,92.5,614.2,-661.4,0,72,15:13:10
5.4,-5.49,92.2,497.9,-506.2,0,71,15:13:15
6.14,-5.78,92.3,566.7,-533.5,0,70,15:13:20
6.83,-5.73,92.3,630.4,-528.9,0,69,15:13:25
7.12,0.03,91.4,650.8,2.7,0,70,15:13:30
5.8,3.03,90.9,527.2,275.4,0,71,15:13:35
3.3,3.77,90.7,299.3,341.9,0,72,15:13:40
2.03,4.06,90.6,183.9,367.8,0,72,15:13:45
2.11,3.55,90.7,191.4,322,0,72,15:13:50
2.03,3.94,90.6,183.9,357,0,71,15:13:55
1.96,4.67,90.5,177.4,422.6,0,71,15:14:00
1.93,5.37,90.3,174.3,484.9,0,71,15:14:05
1.95,5.19,90.3,176.1,468.7,0,71,15:14:10
2.02,5.97,90.1,182,537.9,0,70,15:14:15
2.18,5.99,90.1,196.4,539.7,0,70,15:14:20
2.36,5.45,90.2,212.9,491.6,0,70,15:14:25
2.33,5.16,90.3,210.4,465.9,0,71,15:14:30
2.21,5.62,90.1,199.1,506.4,0,70,15:14:35
2.18,5.58,90.1,196.4,502.8,0,71,15:14:40
2.21,4.44,90.4,199.8,401.4,0,71,15:14:45
2.34,4.38,90.3,211.3,395.5,0,71,15:14:50
2.59,4.24,90.4,234.1,383.3,0,71,15:14:55
2.81,3.64,90.5,254.3,329.4,0,72,15:15:00
4.11,2.05,90.8,373.2,186.1,0,72,15:15:05
5.11,1.08,90.9,464.5,98.2,0,72,15:15:10
6.2,0.62,91,564.2,56.4,0,72,15:15:15
6.87,-0.08,91.1,625.9,-7.3,0,72,15:15:20
6.49,0.84,91,590.6,76.4,0,72,15:15:25
6.95,0.01,91.1,633.1,0.9,0,72,15:15:30
6.91,0.3,91.1,629.5,27.3,0,72,15:15:35
6.94,0.57,91.1,632.2,51.9,0,72,15:15:40
6.89,0.67,91.1,627.7,61,0,72,15:15:45
6.83,0.29,91.1,622.2,26.4,0,72,15:15:50
6.81,0.09,91.1,620.4,8.2,0,72,15:15:55
6.81,-0.49,91.3,621.8,-44.7,0,71,15:16:00
6.82,0.56,91.1,621.3,51,0,70,15:16:05
6.83,0.71,91,621.5,64.6,0,70,15:16:10
6.84,0.53,91.1,623.1,48.3,0,69,15:16:15
6.85,0.61,91.1,624,55.6,0,69,15:16:20
6.9,0.55,91.1,628.6,50.1,0,69,15:16:25
6.78,1.05,91,617,95.6,0,68,15:16:30
6.99,3.06,90.6,633.3,277.2,0,69,15:16:35
7.01,3.46,90.6,635.1,313.5,0,69,15:16:40
5.74,3.89,90.4,518.9,351.7,0,70,15:16:45
6.62,3.55,90.5,599.1,321.3,0,70,15:16:50
4.17,4.86,90.3,376.6,438.9,0,70,15:16:55
5.91,3.9,90.4,534.3,352.6,0,70,15:17:00
3.14,5.74,90.1,282.9,517.2,0,70,15:17:05
2.8,6.51,89.9,251.7,585.2,0,70,15:17:10
2.25,6.95,89.8,202.1,624.1,0,70,15:17:15
2.12,7.89,89.7,190.2,707.7,0,69,15:17:20
2.11,8.11,89.6,189.1,726.7,0,69,15:17:25
2.15,8.52,89.5,192.4,762.5,0,69,15:17:30
2.18,8.16,89.5,195.1,730.3,0,69,15:17:35
2.24,7.98,89.5,200.5,714.2,0,69,15:17:40
2.33,7.39,89.6,208.8,662.1,0,69,15:17:45
2.47,6.65,89.7,221.6,596.5,0,69,15:17:50
3.4,5.74,89.9,305.7,516,0,70,15:17:55
3.69,4.69,90.1,332.5,422.6,0,70,15:18:00
2.74,4.66,90.1,246.9,419.9,0,71,15:18:05
2.82,4.36,90.1,254.1,392.8,0,71,15:18:10
2.78,3.95,90.3,251,356.7,0,71,15:18:15
2.71,4.3,90.2,244.4,387.9,0,71,15:18:20
2.75,3.71,90.3,248.3,335,0,71,15:18:25
2.83,3.15,90.4,255.8,284.8,0,72,15:18:30
2.93,2.85,90.4,264.9,257.6,0,72,15:18:35
3.26,3.07,90.4,294.7,277.5,0,72,15:18:40
3.45,2.99,90.5,312.2,270.6,0,72,15:18:45
3.94,1.98,90.7,357.4,179.6,0,72,15:18:50
3.43,2.13,90.6,310.8,193,0,72,15:18:55
4,2.33,90.5,362,210.9,0,72,15:19:00
4.75,2.17,90.6,430.4,196.6,0,72,15:19:05
6.8,0.9,90.8,617.4,81.7,0,72,15:19:10
6.27,1.2,90.8,569.3,109,0,72,15:19:15
5.39,1.61,90.7,488.9,146,0,72,15:19:20
4.66,1.85,90.7,422.7,167.8,0,72,15:19:25
5.47,1.75,90.7,496.1,158.7,0,71,15:19:30
7.53,0.52,90.9,684.5,47.3,0,71,15:19:35
7.91,0.72,90.9,719,65.4,0,71,15:19:40
7.87,0.93,90.8,714.6,84.4,0,71,15:19:45
7.29,1.18,90.8,661.9,107.1,0,71,15:19:50
7.29,0.72,90.9,662.7,65.4,0,71,15:19:55
6.61,0.68,90.9,600.8,61.8,0,72,15:20:00
4.88,1.92,90.7,442.6,174.1,0,71,15:20:05
4.22,2.77,90.5,381.9,250.7,0,71,15:20:10
3.85,3.96,90.3,347.7,357.6,0,71,15:20:15
5.37,2.44,90.6,486.5,221.1,0,71,15:20:20
7.93,1.68,90.7,719.3,152.4,0,71,15:20:25
7.45,1.61,90.7,675.7,146,0,71,15:20:30
5.73,3.34,90.4,518,301.9,0,71,15:20:35
5.05,3.17,90.5,457,286.9,0,71,15:20:40
5.59,2.86,90.5,505.9,258.8,0,71,15:20:45
5.89,2.08,90.6,533.6,188.4,0,71,15:20:50
4.37,3.95,90.3,394.6,356.7,0,71,15:20:55
4.11,4.39,90.2,370.7,396,0,70,15:21:00
4.51,3.95,90.3,407.3,356.7,0,70,15:21:05
2.63,5.52,90,236.7,496.8,0,70,15:21:10
2.46,6.25,89.8,220.9,561.3,0,70,15:21:15
2.37,6.39,89.7,212.6,573.2,0,70,15:21:20
2.29,6.34,89.7,205.4,568.7,0,70,15:21:25
2.26,6.95,89.6,202.5,622.7,0,69,15:21:30
2.23,6.78,89.6,199.8,607.5,0,69,15:21:35
2.2,6.88,89.7,197.3,617.1,0,69,15:21:40
2.2,6.6,89.7,197.3,592,0,70,15:21:45
2.21,6.51,89.7,198.2,583.9,0,70,15:21:50
2.27,6.2,89.7,203.6,556.1,0,70,15:21:55
2.51,5.38,89.8,225.4,483.1,0,70,15:22:00
2.75,4.16,90.1,247.8,374.8,0,71,15:22:05
2.75,4.07,90,247.5,366.3,0,71,15:22:10
2.52,3.36,90.2,227.3,303.1,0,71,15:22:15
2.78,3.02,90.3,251,272.7,0,71,15:22:20
2.27,3.9,90.2,204.8,351.8,0,71,15:22:25
2.16,4.93,90,194.4,443.7,0,71,15:22:30
2.12,5.16,89.9,190.6,463.9,0,70,15:22:35
2.1,5.39,89.9,188.8,484.6,0,70,15:22:40
2.08,6.58,89.6,186.4,589.6,0,70,15:22:45
2.07,6.92,89.5,185.3,619.3,0,69,15:22:50
2.08,7.56,89.4,186,675.9,0,69,15:22:55
2.08,7.99,89.3,185.7,713.5,0,69,15:23:00
2.08,8.39,89.2,185.5,748.4,0,69,15:23:05
2.1,8.7,89.1,187.1,775.2,0,68,15:23:10
2.12,8.52,89.2,189.1,760,0,68,15:23:15
2.12,8.62,89.1,188.9,768,0,68,15:23:20
2.15,7.93,89.2,191.8,707.4,0,69,15:23:25
2.15,7.72,89.3,192,689.4,0,69,15:23:30
2.16,7.5,89.3,192.9,669.8,0,69,15:23:35
2.16,6.83,89.4,193.1,610.6,0,69,15:23:40
2.18,6.48,89.5,195.1,580,0,70,15:23:45
2.21,5.68,89.7,198.2,509.5,0,70,15:23:50
2.23,5.61,89.7,200,503.2,0,70,15:23:55
2.28,5.72,89.6,204.3,512.5,0,70,15:24:00
2.3,5.09,89.7,206.3,456.6,0,70,15:24:05
2.33,4.38,89.9,209.5,393.8,0,71,15:24:10
2.33,4.54,89.8,209.2,407.7,0,71,15:24:15
2.39,4.3,89.9,214.9,386.6,0,71,15:24:20
2.41,4.58,89.9,216.7,411.7,0,71,15:24:25
2.43,5.31,89.7,218,476.3,0,70,15:24:30
2.48,5.24,89.7,222.5,470,0,70,15:24:35
2.5,5.66,89.7,224.3,507.7,0,70,15:24:40
2.53,5.31,89.7,226.9,476.3,0,70,15:24:45
2.55,5.84,89.6,228.5,523.3,0,70,15:24:50
2.59,5.6,89.7,232.3,502.3,0,70,15:24:55
2.62,6.43,89.5,234.5,575.5,0,69,15:25:00
2.65,6.12,89.5,237.2,547.7,0,69,15:25:05
2.67,6.36,89.5,239,569.2,0,69,15:25:10
2.7,6.48,89.5,241.7,580,0,69,15:25:15
2.73,6.45,89.5,244.3,577.3,0,69,15:25:20
2.76,6.77,89.3,246.5,604.6,0,69,15:25:25
2.78,6.67,89.4,248.5,596.3,0,69,15:25:30
2.81,6.47,89.4,251.2,578.4,0,69,15:25:35
2.85,7.06,89.3,254.5,630.5,0,69,15:25:40
2.88,7.02,89.3,257.2,626.9,0,69,15:25:45
2.91,7.1,89.2,259.6,633.3,0,69,15:25:50
2.93,7.29,89.2,261.4,650.3,0,69,15:25:55
2.97,7.31,89.2,264.9,652.1,0,69,15:26:00
2.98,6.88,89.3,266.1,614.4,0,69,15:26:05
3.01,6.56,89.4,269.1,586.5,0,69,15:26:10
3.03,6.4,89.4,270.9,572.2,0,69,15:26:15
3.07,6.19,89.4,274.5,553.4,0,69,15:26:20
2.99,5.79,89.5,267.6,518.2,0,70,15:26:25
3.13,5.57,89.5,280.1,498.5,0,70,15:26:30
3.16,4.58,89.7,283.5,410.8,0,70,15:26:35
3.2,3.66,89.9,287.7,329,0,71,15:26:40
3.26,3.66,89.8,292.7,328.7,0,71,15:26:45
3.29,2.51,90.1,296.4,226.2,0,71,15:26:50
3.35,2.2,90.2,302.2,198.4,0,71,15:26:55
3.45,2.11,90.1,310.8,190.1,0,72,15:27:00
3.59,2.32,90.1,323.5,209,0,72,15:27:05
3.68,2.51,90.1,331.6,226.2,0,72,15:27:10
4.24,2.37,90.1,382,213.5,0,71,15:27:15
4.81,2.06,90.2,433.9,185.8,0,71,15:27:20
4.59,2.8,90.1,413.6,252.3,0,71,15:27:25
4.4,2.87,90.1,396.4,258.6,0,71,15:27:30
4.16,3.26,90,374.4,293.4,0,71,15:27:35
4.83,2.73,90.1,435.2,246,0,71,15:27:40
6.54,2.06,90.2,589.9,185.8,0,71,15:27:45
7.75,1,90.5,701.4,90.5,0,71,15:27:50
7.46,1.05,90.4,674.4,94.9,0,71,15:27:55
7.42,1.8,90.3,670,162.5,0,71,15:28:00
7.34,0.6,90.5,664.3,54.3,0,71,15:28:05
7.45,0.77,90.5,674.2,69.7,0,71,15:28:10
7.85,0.5,90.5,710.4,45.3,0,71,15:28:15
7.72,-0.01,90.6,699.4,-0.9,0,71,15:28:20
7.72,-0.4,90.7,700.2,-36.3,0,72,15:28:25
7.82,-0.56,90.7,709.3,-50.8,0,72,15:28:30
6.89,-0.87,90.8,625.6,-79,0,72,15:28:35
5.13,1.07,90.5,464.3,96.8,0,72,15:28:40
4.23,1.68,90.4,382.4,151.9,0,72,15:28:45
3.62,1.75,90.4,327.2,158.2,0,72,15:28:50
3.51,1.84,90.3,317,166.2,0,72,15:28:55
3.42,2.36,90.2,308.5,212.9,0,72,15:29:00
3.41,2.58,90.2,307.6,232.7,0,72,15:29:05
3.36,2.59,90.2,303.1,233.6,0,71,15:29:10
3.35,2.69,90.1,301.8,242.4,0,71,15:29:15
3.34,2.82,90.1,300.9,254.1,0,71,15:29:20
3.35,3.65,90,301.5,328.5,0,71,15:29:25
3.34,3.6,90,300.6,324,0,71,15:29:30
3.35,4.42,89.8,300.8,396.9,0,70,15:29:35
3.36,4.75,89.8,301.7,426.6,0,70,15:29:40
3.34,5.34,89.7,299.6,479,0,70,15:29:45
3.31,5.37,89.6,296.6,481.2,0,70,15:29:50
3.31,5.46,89.6,296.6,489.2,0,70,15:29:55
3.31,6.04,89.4,295.9,540,0,69,15:30:00
3.32,6.08,89.4,296.8,543.6,0,69,15:30:05
3.34,6.15,89.4,298.6,549.8,0,69,15:30:10
3.31,6.36,89.3,295.6,567.9,0,69,15:30:15
3.31,6.13,89.4,295.9,548,0,69,15:30:20
3.38,6.09,89.4,302.2,544.4,0,69,15:30:25
3.27,5.73,89.4,292.3,512.3,0,69,15:30:30
3.2,5.51,89.5,286.4,493.1,0,70,15:30:35
3.14,4.58,89.6,281.3,410.4,0,70,15:30:40
3.1,4.1,89.7,278.1,367.8,0,70,15:30:45
3.03,3.65,89.8,272.1,327.8,0,71,15:30:50
3,3.08,89.9,269.7,276.9,0,71,15:30:55
2.94,2.24,90.1,264.9,201.8,0,72,15:31:00
2.92,1.57,90.2,263.4,141.6,0,72,15:31:05
2.87,1.4,90.2,258.9,126.3,0,72,15:31:10
2.83,0.98,90.3,255.5,88.5,0,72,15:31:15
2.76,1.42,90.3,249.2,128.2,0,72,15:31:20
2.73,2,90.2,246.2,180.4,0,72,15:31:25
2.69,2.72,90.1,242.4,245.1,0,72,15:31:30
2.65,2.98,90,238.5,268.2,0,72,15:31:35
2.63,3.74,89.8,236.2,335.9,0,71,15:31:40
2.59,3.6,89.9,232.8,323.6,0,71,15:31:45
2.61,4.45,89.7,234.1,399.2,0,71,15:31:50
2.62,3.61,89.9,235.5,324.5,0,71,15:31:55
2.69,3.95,89.8,241.6,354.7,0,71,15:32:00
2.6,3.32,89.9,233.7,298.5,0,71,15:32:05
2.52,3.86,89.8,226.3,346.6,0,71,15:32:10
2.46,3.63,89.8,220.9,326,0,71,15:32:15
2.43,4.22,89.7,218,378.5,0,71,15:32:20
2.4,4.01,89.8,215.5,360.1,0,71,15:32:25
2.4,4.7,89.6,215,421.1,0,70,15:32:30
2.42,5.26,89.5,216.6,470.8,0,70,15:32:35
2.49,5.49,89.4,222.6,490.8,0,70,15:32:40
2.59,6.17,89.3,231.3,551,0,69,15:32:45
2.39,6.89,89.2,213.2,614.6,0,69,15:32:50
2.34,7.23,89.1,208.5,644.2,0,69,15:32:55
2.3,7.78,89,204.7,692.4,0,68,15:33:00
2.25,7.78,88.9,200,691.6,0,68,15:33:05
2.24,7.77,88.9,199.1,690.8,0,68,15:33:10
2.22,7.58,88.9,197.4,673.9,0,69,15:33:15
2.25,7.18,89,200.3,639,0,69,15:33:20
2.23,6.45,89.1,198.7,574.7,0,69,15:33:25
2.21,5.42,89.3,197.4,484,0,70,15:33:30
2.22,5.19,89.4,198.5,464,0,70,15:33:35
2.21,4.45,89.5,197.8,398.3,0,70,15:33:40
2.22,4.14,89.6,198.9,370.9,0,70,15:33:45
2.24,4.33,89.5,200.5,387.5,0,71,15:33:50
2.25,4.71,89.4,201.2,421.1,0,71,15:33:55
2.25,4.08,89.6,201.6,365.6,0,71,15:34:00
2.25,3.65,89.6,201.6,327,0,71,15:34:05
2.27,3.46,89.7,203.6,310.4,0,71,15:34:10
2.26,2.95,89.8,202.9,264.9,0,72,15:34:15
2.29,2.64,89.8,205.6,237.1,0,72,15:34:20
2.3,2.26,90,207,203.4,0,72,15:34:25
2.3,1.93,90,207,173.7,0,72,15:34:30
2.33,2.45,89.9,209.5,220.3,0,71,15:34:35
2.35,2.98,89.9,211.3,267.9,0,71,15:34:40
2.36,4.37,89.6,211.5,391.6,0,71,15:34:45
2.4,5.11,89.5,214.8,457.3,0,70,15:34:50
2.43,6.31,89.2,216.8,562.9,0,69,15:34:55
2.44,6.86,89.1,217.4,611.2,0,69,15:35:00
2.46,7.29,89,218.9,648.8,0,69,15:35:05
2.48,7.96,88.8,220.2,706.8,0,68,15:35:10
2.48,7.6,88.9,220.5,675.6,0,68,15:35:15
2.5,7.83,88.8,222,695.3,0,68,15:35:20
2.51,7.41,88.9,223.1,658.7,0,68,15:35:25
2.52,6.84,89,224.3,608.8,0,69,15:35:30
2.53,6.46,89,225.2,574.9,0,69,15:35:35
2.54,5.92,89.2,226.6,528.1,0,69,15:35:40
2.55,4.9,89.3,227.7,437.6,0,70,15:35:45
2.55,4.16,89.4,228,371.9,0,71,15:35:50
2.55,2.84,89.8,229,255,0,71,15:35:55
2.56,2.33,89.8,229.9,209.2,0,72,15:36:00
2.57,1.58,90,231.3,142.2,0,72,15:36:05
2.58,1.49,90,232.2,134.1,0,72,15:36:10
2.58,0.58,90.2,232.7,52.3,0,72,15:36:15
2.59,1.21,90.1,233.4,109,0,72,15:36:20
2.59,1.44,90,233.1,129.6,0,72,15:36:25
2.62,1.93,90,235.8,173.7,0,72,15:36:30
2.63,2.01,90,236.7,180.9,0,72,15:36:35
2.63,3.5,89.7,235.9,314,0,71,15:36:40
2.64,3.91,89.6,236.5,350.3,0,70,15:36:45
2.64,4.6,89.4,236,411.2,0,70,15:36:50
2.64,4.99,89.4,236,446.1,0,70,15:36:55
2.65,5.47,89.3,236.6,488.5,0,70,15:37:00
2.65,5.99,89.2,236.4,534.3,0,69,15:37:05
2.67,6.38,89.1,237.9,568.5,0,69,15:37:10
2.65,6.38,89.1,236.1,568.5,0,69,15:37:15
2.66,6.8,89,236.7,605.2,0,69,15:37:20
2.66,6.91,88.9,236.5,614.3,0,69,15:37:25
2.65,6.99,88.9,235.6,621.4,0,69,15:37:30
2.66,7.07,88.9,236.5,628.5,0,69,15:37:35
2.65,7,88.9,235.6,622.3,0,69,15:37:40
2.64,7.13,88.9,234.7,633.9,0,69,15:37:45
2.63,6.96,88.9,233.8,618.7,0,69,15:37:50
2.63,6.85,88.9,233.8,609,0,69,15:37:55
2.63,7.06,88.9,233.8,627.6,0,69,15:38:00
2.63,7.18,88.8,233.5,637.6,0,69,15:38:05
2.62,6.85,88.9,232.9,609,0,69,15:38:10
2.61,6.79,88.9,232,603.6,0,69,15:38:15
2.61,6.97,88.9,232,619.6,0,69,15:38:20
2.59,6.33,88.9,230.3,562.7,0,69,15:38:25
2.59,6.32,88.9,230.3,561.8,0,69,15:38:30
2.58,6.14,89,229.6,546.5,0,69,15:38:35
2.57,5.98,89,228.7,532.2,0,69,15:38:40
2.55,5.37,89.1,227.2,478.5,0,69,15:38:45
2.58,5.75,89,229.6,511.8,0,69,15:38:50
2.54,5.08,89.2,226.6,453.1,0,70,15:38:55
2.54,5.1,89.2,226.6,454.9,0,70,15:39:00
2.53,4.83,89.2,225.7,430.8,0,70,15:39:05
2.53,4.44,89.2,225.7,396,0,70,15:39:10
2.52,4.32,89.2,224.8,385.3,0,70,15:39:15
2.5,4.26,89.3,223.3,380.4,0,70,15:39:20
2.49,4.36,89.3,222.4,389.3,0,70,15:39:25
2.48,4.42,89.3,221.5,394.7,0,70,15:39:30
2.48,4.71,89.2,221.2,420.1,0,70,15:39:35
2.46,4.95,89.2,219.4,441.5,0,70,15:39:40
2.45,5.29,89.1,218.3,471.3,0,70,15:39:45
2.44,5.75,89.1,217.4,512.3,0,69,15:39:50
2.42,5.85,89,215.4,520.7,0,69,15:39:55
2.38,6.26,89,211.8,557.1,0,69,15:40:00
2.42,6.41,88.9,215.1,569.8,0,69,15:40:05
2.4,6.4,88.9,213.4,569,0,69,15:40:10
2.4,6.47,88.9,213.4,575.2,0,69,15:40:15
2.4,6.39,88.9,213.4,568.1,0,69,15:40:20
2.39,6.36,88.9,212.5,565.4,0,69,15:40:25
2.41,6.23,88.9,214.2,553.8,0,69,15:40:30
2.4,5.66,89,213.6,503.7,0,70,15:40:35
2.42,6.46,88.9,215.1,574.3,0,69,15:40:40
2.44,6.86,88.8,216.7,609.2,0,69,15:40:45
2.5,6.97,88.7,221.8,618.2,0,69,15:40:50
2.56,6.09,88.9,227.6,541.4,0,69,15:40:55
2.57,5.86,88.9,228.5,521,0,69,15:41:00
2.58,5.96,88.9,229.4,529.8,0,69,15:41:05
2.53,5.56,88.9,224.9,494.3,0,69,15:41:10
2.51,5.75,88.9,223.1,511.2,0,69,15:41:15
2.49,5.4,89,221.6,480.6,0,69,15:41:20
2.45,5.59,88.9,217.8,497,0,69,15:41:25
2.42,5.66,88.9,215.1,503.2,0,69,15:41:30
2.39,5.33,89,212.7,474.4,0,69,15:41:35
2.37,5.63,88.9,210.7,500.5,0,70,15:41:40
2.35,5.22,89,209.2,464.6,0,70,15:41:45
2.33,5.39,89,207.4,479.7,0,70,15:41:50
2.32,4.87,89.1,206.7,433.9,0,70,15:41:55
2.34,4.93,89.1,208.5,439.3,0,70,15:42:00
2.31,5.39,89,205.6,479.7,0,70,15:42:05
2.31,5.58,89,205.6,496.6,0,69,15:42:10
2.31,6.02,88.9,205.4,535.2,0,69,15:42:15
2.31,6.63,88.7,204.9,588.1,0,69,15:42:20
2.3,6.85,88.7,204,607.6,0,69,15:42:25
2.3,7.45,88.6,203.8,660.1,0,68,15:42:30
2.31,8.02,88.5,204.4,709.8,0,68,15:42:35
2.31,8.15,88.4,204.2,720.5,0,68,15:42:40
2.31,8.15,88.4,204.2,720.5,0,68,15:42:45
2.3,7.73,88.5,203.6,684.1,0,68,15:42:50
2.3,8.02,88.4,203.3,709,0,68,15:42:55
2.31,8.03,88.4,204.2,709.9,0,68,15:43:00
2.3,8.2,88.3,203.1,724.1,0,68,15:43:05
2.3,8.23,88.3,203.1,726.7,0,68,15:43:10
2.3,7.77,88.4,203.3,686.9,0,68,15:43:15
2.29,7.32,88.5,202.7,647.8,0,68,15:43:20
2.29,6.81,88.6,202.9,603.4,0,69,15:43:25
2.28,6.31,88.7,202.2,559.7,0,69,15:43:30
2.28,5.75,88.8,202.5,510.6,0,69,15:43:35
2.28,5.34,88.9,202.7,474.7,0,70,15:43:40
2.27,4.52,89,202,402.3,0,70,15:43:45
2.27,3.65,89.2,202.5,325.6,0,70,15:43:50
2.26,3.41,89.2,201.6,304.2,0,71,15:43:55
2.24,-2.84,90.4,202.5,-256.7,0,70,15:44:00
2.25,-2.32,90.3,203.2,-209.5,0,69,15:44:05
2.26,-2.05,90.3,204.1,-185.1,0,68,15:44:10
2.3,5.18,89,204.7,461,0,69,15:44:15
2.3,3.42,89.4,205.6,305.7,0,71,15:44:20
2.3,2.73,89.4,205.6,244.1,0,71,15:44:25
2.31,2.45,89.5,206.7,219.3,0,72,15:44:30
2.33,2.35,89.5,208.5,210.3,0,72,15:44:35
2.35,2.84,89.4,210.1,253.9,0,71,15:44:40
2.36,2.66,89.4,211,237.8,0,71,15:44:45
2.39,3.88,89.2,213.2,346.1,0,71,15:44:50
2.4,3.78,89.3,214.3,337.6,0,70,15:44:55
2.41,3.43,89.3,215.2,306.3,0,70,15:45:00
2.43,3.58,89.2,216.8,319.3,0,70,15:45:05
2.44,4.05,89.2,217.6,361.3,0,70,15:45:10
2.48,4.12,89.1,221,367.1,0,70,15:45:15
2.48,4.13,89.1,221,368,0,70,15:45:20
2.51,3.93,89.2,223.9,350.6,0,70,15:45:25
2.56,3.85,89.2,228.4,343.4,0,70,15:45:30
2.55,3.18,89.4,228,284.3,0,71,15:45:35
2.53,3.04,89.3,225.9,271.5,0,71,15:45:40
2.53,3.46,89.3,225.9,309,0,71,15:45:45
2.52,2.99,89.4,225.3,267.3,0,71,15:45:50
2.51,3.33,89.3,224.1,297.4,0,71,15:45:55
2.52,2.82,89.4,225.3,252.1,0,71,15:46:00
2.53,3.57,89.2,225.7,318.4,0,71,15:46:05
2.53,3.43,89.3,225.9,306.3,0,71,15:46:10
2.53,3.22,89.3,225.9,287.5,0,70,15:46:15
2.53,4.41,89.1,225.4,392.9,0,70,15:46:20
2.54,4.47,89.1,226.3,398.3,0,70,15:46:25
2.53,4.08,89.2,225.7,363.9,0,70,15:46:30
2.53,4.15,89.2,225.7,370.2,0,70,15:46:35
2.54,4.01,89.2,226.6,357.7,0,70,15:46:40
2.55,4.26,89.1,227.2,379.6,0,70,15:46:45
2.52,4.3,89.1,224.5,383.1,0,70,15:46:50
2.54,4.33,89.1,226.3,385.8,0,70,15:46:55
2.53,4.44,89.1,225.4,395.6,0,70,15:47:00
2.52,4.43,89.1,224.5,394.7,0,70,15:47:05
2.52,4.42,89,224.3,393.4,0,70,15:47:10
2.55,3.98,89.1,227.2,354.6,0,70,15:47:15
2.5,3.81,89.2,223,339.9,0,70,15:47:20
2.57,3.36,89.2,229.2,299.7,0,70,15:47:25
2.59,3.65,89.1,230.8,325.2,0,70,15:47:30
2.61,3.62,89.2,232.8,322.9,0,71,15:47:35
2.7,3.08,89.3,241.1,275,0,71,15:47:40
2.72,3.37,89.2,242.6,300.6,0,70,15:47:45
2.88,3.47,89.2,256.9,309.5,0,70,15:47:50
3.43,3.18,89.3,306.3,284,0,70,15:47:55
3.09,3.47,89.2,275.6,309.5,0,70,15:48:00
2.86,3.32,89.3,255.4,296.5,0,70,15:48:05
2.77,3.11,89.3,247.4,277.7,0,70,15:48:10
2.76,3.43,89.2,246.2,306,0,71,15:48:15
2.61,3.84,89.1,232.6,342.1,0,71,15:48:20
2.55,3.46,89.2,227.5,308.6,0,71,15:48:25
2.52,2.69,89.3,225,240.2,0,71,15:48:30
2.5,2.75,89.4,223.5,245.9,0,71,15:48:35
2.49,2.85,89.3,222.4,254.5,0,71,15:48:40
2.49,2.47,89.4,222.6,220.8,0,71,15:48:45
2.49,3.08,89.3,222.4,275,0,71,15:48:50
2.48,2.4,89.4,221.7,214.6,0,71,15:48:55
2.48,2.31,89.5,222,206.7,0,71,15:49:00
2.48,2.42,89.5,222,216.6,0,71,15:49:05
2.49,2.41,89.4,222.6,215.5,0,71,15:49:10
2.5,2.45,89.4,223.5,219,0,71,15:49:15
2.5,2.54,89.4,223.5,227.1,0,71,15:49:20
2.51,2.4,89.4,224.4,214.6,0,71,15:49:25
2.54,3.45,89.2,226.6,307.7,0,71,15:49:30
2.55,3.66,89.2,227.5,326.5,0,70,15:49:35
2.55,3.58,89.2,227.5,319.3,0,70,15:49:40
2.59,4.22,89.1,230.8,376,0,70,15:49:45
2.61,4.35,89.1,232.6,387.6,0,70,15:49:50
2.64,4.59,89,235,408.5,0,70,15:49:55
2.65,4.31,89,235.9,383.6,0,70,15:50:00
2.68,4.15,89,238.5,369.4,0,70,15:50:05
2.86,3.78,89.1,254.8,336.8,0,70,15:50:10
3.1,3.4,89.2,276.5,303.3,0,70,15:50:15
3.11,3.46,89.2,277.4,308.6,0,70,15:50:20
2.86,3.58,89.2,255.1,319.3,0,70,15:50:25
2.77,4.03,89.1,246.8,359.1,0,70,15:50:30
2.73,4.3,89,243,382.7,0,70,15:50:35
2.7,4.25,89,240.3,378.3,0,70,15:50:40
2.68,4.05,89,238.5,360.5,0,70,15:50:45
2.68,4.01,89.1,238.8,357.3,0,70,15:50:50
2.67,3.45,89.2,238.2,307.7,0,71,15:50:55
2.67,2.26,89.4,238.7,202,0,71,15:51:00
2.67,2.28,89.4,238.7,203.8,0,71,15:51:05
2.68,2.48,89.4,239.6,221.7,0,71,15:51:10
2.73,2.34,89.3,243.8,209,0,71,15:51:15
2.73,2.03,89.4,244.1,181.5,0,71,15:51:20
2.73,2.1,89.5,244.3,188,0,71,15:51:25
2.77,2.98,89.2,247.1,265.8,0,71,15:51:30
2.8,2.89,89.3,250,258.1,0,71,15:51:35
2.89,3.65,89.2,257.8,325.6,0,70,15:51:40
3.19,4.08,89.1,284.2,363.5,0,70,15:51:45
3.72,4.73,88.9,330.7,420.5,0,69,15:51:50
3.94,5.1,88.9,350.3,453.4,0,69,15:51:55
3.7,5.81,88.7,328.2,515.3,0,69,15:52:00
3.9,6.02,88.7,345.9,534,0,68,15:52:05
4.41,5.43,88.8,391.6,482.2,0,68,15:52:10
4.95,5.01,88.8,439.6,444.9,0,68,15:52:15
5.34,4.87,88.9,474.7,432.9,0,68,15:52:20
5.71,4.54,88.9,507.6,403.6,0,69,15:52:25
5.44,4.27,88.9,483.6,379.6,0,69,15:52:30
5.01,4.36,88.9,445.4,387.6,0,69,15:52:35
4.79,4.29,88.9,425.8,381.4,0,69,15:52:40
4.28,3.95,89,380.9,351.6,0,69,15:52:45
4.12,3.86,89,366.7,343.5,0,70,15:52:50
4.21,3.79,89,374.7,337.3,0,70,15:52:55
4.14,3.34,89.1,368.9,297.6,0,70,15:53:00
4.04,3.51,89.1,360,312.7,0,70,15:53:05
3.96,3.41,89.1,352.8,303.8,0,70,15:53:10
3.84,3.18,89.1,342.1,283.3,0,70,15:53:15
3.64,3.26,89.1,324.3,290.5,0,70,15:53:20
3.87,3.17,89.2,345.2,282.8,0,70,15:53:25
4.54,2.43,89.3,405.4,217,0,70,15:53:30
4.29,2.45,89.3,383.1,218.8,0,70,15:53:35
4.14,2.46,89.3,369.7,219.7,0,70,15:53:40
3.07,3.5,89.1,273.5,311.9,0,70,15:53:45
2.62,4.32,89,233.2,384.5,0,70,15:53:50
2.55,4.74,88.9,226.7,421.4,0,70,15:53:55
2.49,4.52,88.9,221.4,401.8,0,70,15:54:00
2.41,5.15,88.8,214,457.3,0,70,15:54:05
2.37,5,88.8,210.5,444,0,69,15:54:10
2.31,5.45,88.8,205.1,484,0,69,15:54:15
2.22,5.75,88.6,196.7,509.5,0,69,15:54:20
2.17,5.61,88.7,192.5,497.6,0,69,15:54:25
2.12,5.42,88.7,188,480.8,0,69,15:54:30
2.09,5.47,88.6,185.2,484.6,0,69,15:54:35
2.06,5.5,88.7,182.7,487.9,0,69,15:54:40
2.02,4.78,88.8,179.4,424.5,0,70,15:54:45
2,4.34,88.9,177.8,385.8,0,70,15:54:50
1.97,3.68,89,175.3,327.5,0,70,15:54:55
1.95,2.96,89.1,173.7,263.7,0,71,15:55:00
1.92,3.18,89.1,171.1,283.3,0,71,15:55:05
1.92,2.29,89.2,171.3,204.3,0,71,15:55:10
1.92,1.71,89.4,171.6,152.9,0,72,15:55:15
1.89,1.67,89.4,169,149.3,0,72,15:55:20
1.88,0.4,89.6,168.4,35.8,0,72,15:55:25
1.87,0.94,89.5,167.4,84.1,0,72,15:55:30
1.87,0.82,89.6,167.6,73.5,0,72,15:55:35
1.87,1.6,89.5,167.4,143.2,0,72,15:55:40
1.88,1.43,89.5,168.3,128,0,72,15:55:45
1.88,2.1,89.4,168.1,187.7,0,71,15:55:50
1.92,2.81,89.3,171.5,250.9,0,71,15:55:55
1.98,3.32,89.1,176.4,295.8,0,71,15:56:00
2.03,4.11,89,180.7,365.8,0,70,15:56:05
2.08,4.37,88.9,184.9,388.5,0,70,15:56:10
2.08,4.61,88.8,184.7,409.4,0,70,15:56:15
2.11,4.42,88.9,187.6,392.9,0,70,15:56:20
2.14,4.19,88.9,190.2,372.5,0,70,15:56:25
2.12,4.45,88.9,188.5,395.6,0,70,15:56:30
2.2,4.5,88.9,195.6,400.1,0,70,15:56:35
2.35,4.39,88.9,208.9,390.3,0,70,15:56:40
2.57,4.31,88.9,228.5,383.2,0,70,15:56:45
2.64,3.95,88.9,234.7,351.2,0,70,15:56:50
2.75,3.83,88.9,244.5,340.5,0,70,15:56:55
2.96,4.02,88.9,263.1,357.4,0,70,15:57:00
2.96,4.27,88.9,263.1,379.6,0,70,15:57:05
3.05,4.14,88.9,271.1,368,0,70,15:57:10
2.72,4.99,88.7,241.3,442.6,0,69,15:57:15
2.95,5.46,88.6,261.4,483.8,0,69,15:57:20
4.27,5.12,88.7,378.7,454.1,0,69,15:57:25
4.28,5.58,88.6,379.2,494.4,0,68,15:57:30
4.39,6.12,88.5,388.5,541.6,0,68,15:57:35
4.07,6.9,88.4,359.8,610,0,68,15:57:40
3.74,7.12,88.3,330.2,628.7,0,68,15:57:45
3.53,7.68,88.2,311.3,677.4,0,67,15:57:50
4.41,6.57,88.4,389.8,580.8,0,68,15:57:55
4.83,5.19,88.6,427.9,459.8,0,68,15:58:00
4.92,4.62,88.7,436.4,409.8,0,69,15:58:05
5.07,3.6,88.9,450.7,320,0,69,15:58:10
5.04,3.01,89,448.6,267.9,0,70,15:58:15
5.18,2.29,89.1,461.5,204,0,70,15:58:20
5.07,0.97,89.4,453.3,86.7,0,71,15:58:25
4.85,0.28,89.5,434.1,25.1,0,72,15:58:30
4.91,-0.94,89.8,440.9,-84.4,0,72,15:58:35
5.09,-1.58,89.9,457.6,-142,0,72,15:58:40
4.37,-0.58,89.8,392.4,-52.1,0,72,15:58:45
4.36,0.14,89.7,391.1,12.6,0,71,15:58:50
4.59,1.22,89.4,410.3,109.1,0,71,15:58:55
5.43,1.21,89.4,485.4,108.2,0,71,15:59:00
5.57,1.73,89.3,497.4,154.5,0,70,15:59:05
5.53,2.35,89.2,493.3,209.6,0,70,15:59:10
4.9,3.09,89.1,436.6,275.3,0,70,15:59:15
4.37,4.24,88.9,388.5,376.9,0,69,15:59:20
3.84,4.96,88.8,341,440.4,0,69,15:59:25
3.64,5.62,88.6,322.5,497.9,0,69,15:59:30
3.83,6.1,88.5,339,539.9,0,68,15:59:35
4.27,6.38,88.4,377.5,564,0,68,15:59:40
4.05,7.04,88.3,357.6,621.6,0,68,15:59:45
3.76,7.26,88.2,331.6,640.3,0,68,15:59:50
4.05,6.71,88.3,357.6,592.5,0,68,15:59:55
4.62,6.13,88.5,408.9,542.5,0,68,16:00:00
4.79,5.59,88.5,423.9,494.7,0,68,16:00:05
5.03,5.74,88.5,445.2,508,0,68,16:00:10
4.91,6.18,88.4,434,546.3,0,68,16:00:15
4.9,5.76,88.5,433.7,509.8,0,68,16:00:20
4.78,5.13,88.6,423.5,454.5,0,68,16:00:25
4.51,5.04,88.6,399.6,446.5,0,69,16:00:30
4.39,4.58,88.7,389.4,406.2,0,69,16:00:35
4.18,3.75,88.8,371.2,333,0,70,16:00:40
4.1,2.27,89.1,365.3,202.3,0,71,16:00:45
4.17,0.84,89.4,372.8,75.1,0,71,16:00:50
4.33,-1.14,89.8,388.8,-102.4,0,72,16:00:55
4.51,-2.96,90.1,406.4,-266.7,0,73,16:01:00
4.65,-4.07,90.3,419.9,-367.5,0,74,16:01:05
4.89,-5.39,90.5,442.5,-487.8,0,75,16:01:10
5.11,-5.86,90.6,463,-530.9,0,75,16:01:15
5.27,-5.83,90.7,478,-528.8,0,75,16:01:20
5.36,-4.74,90.6,485.6,-429.4,0,74,16:01:25
5.47,-3.67,90.3,493.9,-331.4,0,73,16:01:30
5.53,-1.25,90,497.7,-112.5,0,72,16:01:35
5.66,1.67,89.5,506.6,149.5,0,70,16:01:40
5.63,3.78,89,501.1,336.4,0,69,16:01:45
5.62,4.56,88.9,499.6,405.4,0,69,16:01:50
5.55,4.8,88.8,492.8,426.2,0,69,16:01:55
5.47,4.4,88.9,486.3,391.2,0,69,16:02:00
5.61,3.71,88.9,498.7,329.8,0,69,16:02:05
5.55,2.85,89.1,494.5,253.9,0,70,16:02:10
5.49,2.92,89.1,489.2,260.2,0,70,16:02:15
5.5,3.02,89.1,490.1,269.1,0,70,16:02:20
5.38,3.83,88.9,478.3,340.5,0,69,16:02:25
4.92,4.86,88.7,436.4,431.1,0,69,16:02:30
4.62,5.4,88.6,409.3,478.4,0,68,16:02:35
4.26,6.05,88.5,377,535.4,0,68,16:02:40
4.16,6.7,88.4,367.7,592.3,0,68,16:02:45
4.31,6.45,88.4,381,570.2,0,68,16:02:50
4.31,6.11,88.4,381,540.1,0,68,16:02:55
4,6.36,88.3,353.2,561.6,0,68,16:03:00
3.4,7.33,88.2,299.9,646.5,0,68,16:03:05
3.26,7.3,88.2,287.5,643.9,0,68,16:03:10
3.3,7.84,88.1,290.7,690.7,0,67,16:03:15
3.25,8.84,87.8,285.4,776.2,0,67,16:03:20
3.35,10.41,87.6,293.5,911.9,0,66,16:03:25
3.65,10.92,87.5,319.4,955.5,0,66,16:03:30
4.03,8.89,87.8,353.8,780.5,0,66,16:03:35
4.2,11.45,87.3,366.7,999.6,0,66,16:03:40
4.21,8.9,87.7,369.2,780.5,0,66,16:03:45
4.04,8.17,87.8,354.7,717.3,0,67,16:03:50
4.24,6.33,88.2,374,558.3,0,68,16:03:55
4.66,5.24,88.4,411.9,463.2,0,68,16:04:00
4.89,4.11,88.6,433.3,364.1,0,69,16:04:05
5,2.96,88.8,444,262.8,0,70,16:04:10
5.28,2.56,88.8,468.9,227.3,0,70,16:04:15
5.26,1.77,89.1,468.7,157.7,0,70,16:04:20
5.08,1.22,89.2,453.1,108.8,0,71,16:04:25
5.04,0.23,89.4,450.6,20.6,0,71,16:04:30
5.1,-0.37,89.5,456.5,-33.1,0,72,16:04:35
5.13,-1.2,89.6,459.6,-107.5,0,72,16:04:40
5.16,-1.36,89.7,462.9,-122,0,72,16:04:45
5.28,-1.73,89.8,474.1,-155.4,0,72,16:04:50
5.39,-1.16,89.7,483.5,-104.1,0,72,16:04:55
5.46,-1.48,89.8,490.3,-132.9,0,72,16:05:00
5.4,-0.44,89.6,483.8,-39.4,0,71,16:05:05
5.42,0.85,89.4,484.5,76,0,71,16:05:10
5.5,1.27,89.3,491.2,113.4,0,70,16:05:15
5.57,1.93,89.2,496.8,172.2,0,70,16:05:20
5.58,2.52,89.1,497.2,224.5,0,70,16:05:25
5.57,2.76,89,495.7,245.6,0,70,16:05:30
5.52,2.45,89.1,491.8,218.3,0,70,16:05:35
5.52,2.56,89.1,491.8,228.1,0,70,16:05:40
5.43,2.08,89.1,483.8,185.3,0,70,16:05:45
5.27,1.18,89.4,471.1,105.5,0,71,16:05:50
5.32,0.56,89.4,475.6,50.1,0,71,16:05:55
5.44,-0.33,89.6,487.4,-29.6,0,72,16:06:00
5.47,-0.68,89.7,490.7,-61,0,72,16:06:05
5.45,-1.18,89.8,489.4,-106,0,72,16:06:10
5.36,-1.26,89.8,481.3,-113.1,0,72,16:06:15
5.3,-0.15,89.6,474.9,-13.4,0,72,16:06:20
5.13,0.43,89.5,459.1,38.5,0,71,16:06:25
4.8,0.97,89.4,429.1,86.7,0,71,16:06:30
4.64,1.76,89.3,414.4,157.2,0,71,16:06:35
4.37,1.76,89.3,390.2,157.2,0,70,16:06:40
4.09,2.22,89.2,364.8,198,0,70,16:06:45
3.83,2.72,89.1,341.3,242.4,0,70,16:06:50
3.87,2.77,89.1,344.8,246.8,0,70,16:06:55
3.97,2.42,89.1,353.7,215.6,0,71,16:07:00
4.1,1.94,89.3,366.1,173.2,0,71,16:07:05
4.13,1.53,89.3,368.8,136.6,0,71,16:07:10
4.32,0.81,89.5,386.6,72.5,0,71,16:07:15
4.44,1.39,89.3,396.5,124.1,0,71,16:07:20
4.42,1.08,89.4,395.1,96.6,0,71,16:07:25
4.32,1.8,89.2,385.3,160.6,0,71,16:07:30
4.06,1.68,89.3,362.6,150,0,71,16:07:35
4.03,2.39,89.2,359.5,213.2,0,70,16:07:40
4.08,2.85,89,363.1,253.7,0,70,16:07:45
4.29,3.13,89,381.8,278.6,0,70,16:07:50
4.32,3.08,89,384.5,274.1,0,70,16:07:55
4.33,3.23,88.9,384.9,287.1,0,70,16:08:00
4.36,3.91,88.8,387.2,347.2,0,70,16:08:05
4.38,3.87,88.8,388.9,343.7,0,69,16:08:10
4.51,4.04,88.8,400.5,358.8,0,69,16:08:15
4.87,4.14,88.8,432.5,367.6,0,69,16:08:20
5.15,3.9,88.8,457.3,346.3,0,69,16:08:25
5.52,3.53,88.9,490.7,313.8,0,69,16:08:30
5.56,3.03,88.9,494.3,269.4,0,69,16:08:35
5.26,3.29,88.9,467.6,292.5,0,69,16:08:40
4.72,3.11,88.9,419.6,276.5,0,70,16:08:45
4.42,3.23,88.9,392.9,287.1,0,70,16:08:50
4.32,2.75,88.9,384,244.5,0,70,16:08:55
4.12,1.92,89.1,367.1,171.1,0,71,16:09:00
3.87,0.85,89.3,345.6,75.9,0,71,16:09:05
3.67,0.03,89.5,328.5,2.7,0,72,16:09:10
3.53,-1.84,89.8,317,-165.2,0,73,16:09:15
3.44,-2.33,89.9,309.3,-209.5,0,73,16:09:20
3.37,-1.81,89.9,303,-162.7,0,73,16:09:25
3.3,-1,89.8,296.3,-89.8,0,73,16:09:30
3.11,0.11,89.5,278.3,9.8,0,72,16:09:35
3.09,-0.09,89.6,276.9,-8.1,0,72,16:09:40
3.14,1.01,89.4,280.7,90.3,0,71,16:09:45
3.15,2.01,89.2,281,179.3,0,71,16:09:50
3.13,2.87,89.1,278.9,255.7,0,70,16:09:55
3.01,3.77,88.9,267.6,335.2,0,70,16:10:00
3.02,4.04,88.8,268.2,358.8,0,70,16:10:05
3.05,3.93,88.8,270.8,349,0,70,16:10:10
3.02,3.27,88.9,268.5,290.7,0,70,16:10:15
3.02,3.02,89,268.8,268.8,0,70,16:10:20
3.01,2.77,89,267.9,246.5,0,70,16:10:25
3.02,3.43,88.9,268.5,304.9,0,70,16:10:30
3.05,3.41,88.9,271.1,303.1,0,70,16:10:35
2.95,4.35,88.7,261.7,385.8,0,70,16:10:40
2.85,3.75,88.8,253.1,333,0,70,16:10:45
2.82,4.24,88.7,250.1,376.1,0,70,16:10:50
2.8,5.14,88.5,247.8,454.9,0,69,16:10:55
2.85,6.17,88.3,251.7,544.8,0,68,16:11:00
2.83,6.98,88.2,249.6,615.6,0,68,16:11:05
2.8,7.77,88,246.4,683.8,0,67,16:11:10
2.83,10.37,87.5,247.6,907.4,0,66,16:11:15
2.81,10.46,87.6,246.2,916.3,0,65,16:11:20
2.77,11.9,87.2,241.5,1037.7,0,65,16:11:25
2.76,12.08,87.3,240.9,1054.6,0,64,16:11:30
2.74,14.47,86.8,237.8,1256,0,65,16:11:35
2.69,12.83,86.9,233.8,1114.9,0,65,16:11:40
2.69,9.57,87.6,235.6,838.3,0,66,16:11:45
2.68,8.18,87.8,235.3,718.2,0,67,16:11:50
2.66,7.64,87.8,233.5,670.8,0,68,16:11:55
2.63,5.84,88.1,231.7,514.5,0,69,16:12:00
2.63,4.61,88.3,232.2,407.1,0,69,16:12:05
2.62,3.43,88.6,232.1,303.9,0,70,16:12:10
2.61,2.67,88.8,231.8,237.1,0,70,16:12:15
2.59,2.05,88.9,230.3,182.2,0,71,16:12:20
2.59,2.87,88.7,229.7,254.6,0,71,16:12:25
2.58,2.75,88.8,229.1,244.2,0,70,16:12:30
2.56,3.21,88.7,227.1,284.7,0,70,16:12:35
2.55,3.99,88.5,225.7,353.1,0,70,16:12:40
2.55,4.5,88.4,225.4,397.8,0,69,16:12:45
2.55,5.26,88.3,225.2,464.5,0,69,16:12:50
2.53,6.21,88.1,222.9,547.1,0,68,16:12:55
2.51,6.64,88,220.9,584.3,0,68,16:13:00
2.51,7.59,87.9,220.6,667.2,0,67,16:13:05
2.5,8.9,87.7,219.3,780.5,0,67,16:13:10
2.49,8.62,87.7,218.4,756,0,66,16:13:15
2.49,8.88,87.6,218.1,777.9,0,66,16:13:20
2.49,8.93,87.6,218.1,782.3,0,66,16:13:25
2.47,8.34,87.7,216.6,731.4,0,67,16:13:30
2.45,8.68,87.5,214.4,759.5,0,67,16:13:35
2.44,7.28,87.8,214.2,639.2,0,67,16:13:40
2.43,7.09,87.8,213.4,622.5,0,68,16:13:45
2.42,6.44,87.9,212.7,566.1,0,68,16:13:50
2.41,6.31,87.9,211.8,554.6,0,68,16:13:55
2.4,5.83,88.1,211.4,513.6,0,68,16:14:00
2.38,5.83,88.1,209.7,513.6,0,69,16:14:05
2.37,6.16,88,208.6,542.1,0,68,16:14:10
2.38,6.44,88,209.4,566.7,0,68,16:14:15
2.36,6.26,88,207.7,550.9,0,68,16:14:20
2.36,6.66,87.9,207.4,585.4,0,68,16:14:25
2.34,7.01,87.9,205.7,616.2,0,68,16:14:30
2.34,7.04,87.9,205.7,618.8,0,68,16:14:35
2.34,7.1,87.8,205.5,623.4,0,68,16:14:40
2.33,7.48,87.8,204.6,656.7,0,67,16:14:45
2.33,8.16,87.6,204.1,714.8,0,67,16:14:50
2.32,8,87.6,203.2,700.8,0,67,16:14:55
2.34,7.64,87.7,205.2,670,0,67,16:15:00
2.33,7.66,87.7,204.3,671.8,0,67,16:15:05
2.34,8.78,87.5,204.8,768.3,0,67,16:15:10
2.32,7.75,87.7,203.5,679.7,0,67,16:15:15
2.32,8.48,87.5,203,742,0,67,16:15:20
2.32,7.95,87.6,203.2,696.4,0,67,16:15:25
2.31,8.54,87.5,202.1,747.3,0,67,16:15:30
2.3,8.06,87.5,201.3,705.3,0,67,16:15:35
2.3,8.22,87.5,201.3,719.3,0,67,16:15:40
2.29,8.39,87.5,200.4,734.1,0,67,16:15:45
2.28,8.25,87.5,199.5,721.9,0,67,16:15:50
2.27,8.36,87.4,198.4,730.7,0,67,16:15:55
2.28,9.13,87.3,199,797,0,67,16:16:00
2.26,7.92,87.6,198,693.8,0,67,16:16:05
2.25,8.73,87.4,196.7,763,0,67,16:16:10
2.24,8.22,87.5,196,719.3,0,67,16:16:15
2.26,8.43,87.4,197.5,736.8,0,67,16:16:20
2.26,9.48,87.2,197.1,826.7,0,67,16:16:25
2.29,9.34,87.3,199.9,815.4,0,67,16:16:30
2.32,9.56,87.3,202.5,834.6,0,66,16:16:35
2.32,11.97,86.8,201.4,1039,0,66,16:16:40
2.33,10.57,87.1,202.9,920.6,0,65,16:16:45
2.37,10.95,87.1,206.4,953.7,0,65,16:16:50
2.37,13.5,86.6,205.2,1169.1,0,65,16:16:55
2.41,12.26,86.7,208.9,1062.9,0,64,16:17:00
2.41,12.96,86.6,208.7,1122.3,0,63,16:17:05
2.41,16.27,86.1,207.5,1400.8,0,63,16:17:10
2.38,14.39,86.3,205.4,1241.9,0,63,16:17:15
2.37,14.93,86.2,204.3,1287,0,62,16:17:20
2.41,15.32,86.2,207.7,1320.6,0,62,16:17:25
2.45,19.22,85.3,209,1639.5,0,62,16:17:30
2.47,17.42,85.8,211.9,1494.6,0,61,16:17:35
2.48,18.99,85.5,212,1623.6,0,61,16:17:40
2.49,20.83,85,211.7,1770.6,0,60,16:17:45
2.5,20.26,85.2,213,1726.2,0,60,16:17:50
2.5,19.22,85.3,213.3,1639.5,0,60,16:17:55
2.5,20.33,84.9,212.3,1726,0,60,16:18:00
2.57,17.28,85.6,220,1479.2,0,61,16:18:05
2.69,15.89,85.8,230.8,1363.4,0,62,16:18:10
2.77,16.98,85.6,237.1,1453.5,0,62,16:18:15
2.64,17.83,85.3,225.2,1520.9,0,62,16:18:20
2.63,16.72,85.5,224.9,1429.6,0,62,16:18:25
2.66,16.12,85.7,228,1381.5,0,63,16:18:30
2.68,13.6,86,230.5,1169.6,0,64,16:18:35
2.62,13.42,86.1,225.6,1155.5,0,64,16:18:40
2.63,11.97,86.5,227.5,1035.4,0,65,16:18:45
2.49,12.48,86.3,214.9,1077,0,65,16:18:50
2.45,11.3,86.6,212.2,978.6,0,65,16:18:55
2.38,8.13,87,207.1,707.3,0,66,16:19:00
2.36,7.49,87.1,205.6,652.4,0,67,16:19:05
2.31,7.85,87.1,201.2,683.7,0,67,16:19:10
2.24,6.49,87.3,195.6,566.6,0,68,16:19:15
2.21,6.23,87.4,193.2,544.5,0,68,16:19:20
2.15,5.64,87.5,188.1,493.5,0,68,16:19:25
2.12,5.82,87.5,185.5,509.3,0,68,16:19:30
2.14,5.96,87.5,187.3,521.5,0,68,16:19:35
2.16,6.5,87.4,188.8,568.1,0,67,16:19:40
2.15,7.4,87.3,187.7,646,0,67,16:19:45
2.12,8.08,87.1,184.7,703.8,0,67,16:19:50
2.09,7.9,87.2,182.2,688.9,0,67,16:19:55
2.05,7.71,87.2,178.8,672.3,0,67,16:20:00
2.03,8.66,87,176.6,753.4,0,67,16:20:05
2,7.85,87.2,174.4,684.5,0,67,16:20:10
1.97,8.07,87.1,171.6,702.9,0,67,16:20:15
1.94,6.9,87.4,169.6,603.1,0,67,16:20:20
1.93,7.06,87.3,168.5,616.3,0,67,16:20:25
1.91,6.57,87.4,166.9,574.2,0,68,16:20:30
1.89,6.23,87.5,165.4,545.1,0,68,16:20:35
1.87,5.82,87.5,163.6,509.3,0,68,16:20:40
1.87,5.96,87.5,163.6,521.5,0,68,16:20:45
1.86,5.63,87.6,162.9,493.2,0,68,16:20:50
1.85,5.37,87.7,162.2,470.9,0,69,16:20:55
1.83,5.09,87.7,160.5,446.4,0,69,16:21:00
1.81,4.63,87.8,158.9,406.5,0,69,16:21:05
1.8,4.66,87.8,158,409.1,0,69,16:21:10
1.8,4.28,87.8,158,375.8,0,69,16:21:15
1.8,4.74,87.8,158,416.2,0,69,16:21:20
1.86,4.97,87.7,163.1,435.9,0,69,16:21:25
1.86,5.8,87.6,162.9,508.1,0,68,16:21:30
1.82,5.57,87.7,159.6,488.5,0,68,16:21:35
1.8,6.24,87.5,157.5,546,0,68,16:21:40
1.79,6.72,87.4,156.4,587.3,0,68,16:21:45
1.78,6.32,87.5,155.8,553,0,68,16:21:50
1.78,6.08,87.5,155.8,532,0,68,16:21:55
1.78,6.39,87.4,155.6,558.5,0,68,16:22:00
1.77,6.13,87.5,154.9,536.4,0,68,16:22:05
1.77,5.62,87.6,155.1,492.3,0,68,16:22:10
1.76,6.01,87.5,154,525.9,0,68,16:22:15
1.76,5.79,87.5,154,506.6,0,68,16:22:20
1.76,5.82,87.5,154,509.3,0,68,16:22:25
1.77,5.62,87.6,155.1,492.3,0,68,16:22:30
1.78,5.72,87.6,155.9,501.1,0,68,16:22:35
1.77,5.7,87.6,155.1,499.3,0,68,16:22:40
1.76,6.1,87.5,154,533.8,0,68,16:22:45
1.76,5.58,87.6,154.2,488.8,0,68,16:22:50
1.76,6.09,87.5,154,532.9,0,68,16:22:55
1.76,6.11,87.5,154,534.6,0,68,16:23:00
1.76,5.92,87.5,154,518,0,68,16:23:05
1.76,6.31,87.4,153.8,551.5,0,68,16:23:10
1.79,5.95,87.5,156.6,520.6,0,68,16:23:15
1.77,6.14,87.4,154.7,536.6,0,68,16:23:20
1.77,5.49,87.6,155.1,480.9,0,68,16:23:25
1.77,5.24,87.6,155.1,459,0,69,16:23:30
1.76,5.35,87.6,154.2,468.7,0,68,16:23:35
1.76,5.17,87.6,154.2,452.9,0,69,16:23:40
1.76,5.37,87.6,154.2,470.4,0,69,16:23:45
1.77,5.31,87.6,155.1,465.2,0,69,16:23:50
1.76,5.01,87.7,154.4,439.4,0,69,16:23:55
1.76,4.87,87.7,154.4,427.1,0,69,16:24:00
1.77,4.81,87.7,155.2,421.8,0,69,16:24:05
1.77,4.76,87.7,155.2,417.5,0,69,16:24:10
1.77,4.71,87.7,155.2,413.1,0,69,16:24:15
1.77,4.49,87.8,155.4,394.2,0,69,16:24:20
1.78,4.68,87.7,156.1,410.4,0,69,16:24:25
1.78,4.92,87.7,156.1,431.5,0,69,16:24:30
1.78,4.78,87.7,156.1,419.2,0,69,16:24:35
1.78,4.72,87.7,156.1,413.9,0,69,16:24:40
1.79,4.4,87.8,157.2,386.3,0,69,16:24:45
1.78,4.22,87.8,156.3,370.5,0,69,16:24:50
1.78,4.36,87.8,156.3,382.8,0,69,16:24:55
1.77,4.17,87.8,155.4,366.1,0,69,16:25:00
1.78,4.23,87.8,156.3,371.4,0,69,16:25:05
1.79,4.07,87.8,157.2,357.3,0,69,16:25:10
1.8,3.91,87.9,158.2,343.7,0,69,16:25:15
1.79,4.04,87.8,157.2,354.7,0,69,16:25:20
1.8,4.08,87.8,158,358.2,0,69,16:25:25
1.8,4.24,87.8,158,372.3,0,69,16:25:30
1.78,4.22,87.8,156.3,370.5,0,69,16:25:35
1.78,4.37,87.8,156.3,383.7,0,69,16:25:40
1.78,4.48,87.7,156.1,392.9,0,69,16:25:45
1.77,4.38,87.8,155.4,384.6,0,69,16:25:50
1.73,4.45,87.8,151.9,390.7,0,69,16:25:55
1.75,4.25,87.8,153.7,373.2,0,69,16:26:00
1.74,4.37,87.8,152.8,383.7,0,69,16:26:05
1.76,4.03,87.8,154.5,353.8,0,69,16:26:10
1.74,4.48,87.8,152.8,393.3,0,69,16:26:15
1.75,4.48,87.8,153.7,393.3,0,69,16:26:20
1.76,4.72,87.7,154.4,413.9,0,69,16:26:25
1.75,4.66,87.7,153.5,408.7,0,69,16:26:30
1.75,4.78,87.7,153.5,419.2,0,69,16:26:35
1.74,4.62,87.7,152.6,405.2,0,69,16:26:40
1.75,4.3,87.8,153.7,377.5,0,69,16:26:45
1.77,4.05,87.8,155.4,355.6,0,69,16:26:50
1.77,4.52,87.8,155.4,396.9,0,69,16:26:55
1.73,4.46,87.7,151.7,391.1,0,69,16:27:00
1.73,4.56,87.7,151.7,399.9,0,69,16:27:05
1.75,4.49,87.7,153.5,393.8,0,69,16:27:10
1.7,4.41,87.7,149.1,386.8,0,69,16:27:15
1.66,4.23,87.8,145.7,371.4,0,69,16:27:20
1.65,4.08,87.8,144.9,358.2,0,69,16:27:25
1.64,4.57,87.7,143.8,400.8,0,69,16:27:30
1.63,4.45,87.7,143,390.3,0,69,16:27:35
1.64,4.57,87.7,143.8,400.8,0,69,16:27:40
1.62,4.65,87.7,142.1,407.8,0,69,16:27:45
1.61,4.72,87.7,141.2,413.9,0,69,16:27:50
1.61,4.55,87.7,141.2,399,0,69,16:27:55
1.6,4.46,87.8,140.5,391.6,0,69,16:28:00
1.59,4.51,87.7,139.4,395.5,0,69,16:28:05
1.59,4.55,87.7,139.4,399,0,69,16:28:10
1.58,4.42,87.7,138.6,387.6,0,69,16:28:15
1.59,4.7,87.7,139.4,412.2,0,69,16:28:20
1.58,4.14,87.8,138.7,363.5,0,69,16:28:25
1.57,3.96,87.8,137.8,347.7,0,70,16:28:30
1.56,3.44,87.9,137.1,302.4,0,70,16:28:35
1.55,3.42,87.9,136.2,300.6,0,70,16:28:40
1.55,3.27,87.9,136.2,287.4,0,70,16:28:45
1.52,3.07,88,133.8,270.2,0,70,16:28:50
1.52,2.73,88,133.8,240.2,0,70,16:28:55
1.51,2.55,88.1,133,224.7,0,70,16:29:00
1.5,2.22,88.1,132.2,195.6,0,70,16:29:05
1.5,2.55,88.1,132.2,224.7,0,70,16:29:10
1.49,3.91,87.8,130.8,343.3,0,70,16:29:15
1.5,4.35,87.7,131.6,381.5,0,69,16:29:20
1.5,5.29,87.6,131.4,463.4,0,69,16:29:25
1.49,5.66,87.5,130.4,495.3,0,68,16:29:30
1.49,6.15,87.4,130.2,537.5,0,68,16:29:35
1.49,6.53,87.3,130.1,570.1,0,68,16:29:40
1.49,6.89,87.3,130.1,601.5,0,67,16:29:45
1.48,7.7,87.1,128.9,670.7,0,67,16:29:50
1.47,8.01,87,127.9,696.9,0,67,16:29:55
1.47,7.17,87.2,128.2,625.2,0,67,16:30:00
1.47,8.2,86.9,127.7,712.6,0,67,16:30:05
1.45,7.25,87.1,126.3,631.5,0,67,16:30:10
1.43,6.44,87.2,124.7,561.6,0,68,16:30:15
1.42,6.36,87.2,123.8,554.6,0,68,16:30:20
1.43,6.39,87.3,124.8,557.8,0,68,16:30:25
1.42,6.23,87.3,124,543.9,0,68,16:30:30
1.42,6.32,87.2,123.8,551.1,0,68,16:30:35
1.41,5.77,87.3,123.1,503.7,0,68,16:30:40
1.4,5.31,87.4,122.4,464.1,0,69,16:30:45
1.4,4.92,87.5,122.5,430.5,0,69,16:30:50
1.39,4.92,87.5,121.6,430.5,0,69,16:30:55
1.39,5.03,87.4,121.5,439.6,0,69,16:31:00
1.38,4.9,87.5,120.8,428.8,0,69,16:31:05
1.38,4.92,87.5,120.8,430.5,0,69,16:31:10
1.39,5.32,87.4,121.5,465,0,69,16:31:15
1.38,5.12,87.4,120.6,447.5,0,69,16:31:20
1.37,4.53,87.6,120,396.8,0,69,16:31:25
1.36,4.13,87.6,119.1,361.8,0,69,16:31:30
1.35,3.45,87.8,118.5,302.9,0,70,16:31:35
1.34,3.33,87.8,117.7,292.4,0,70,16:31:40
1.33,2.62,87.9,116.9,230.3,0,70,16:31:45
1.32,2.41,87.9,116,211.8,0,70,16:31:50
1.32,2.64,87.9,116,232.1,0,70,16:31:55
1.31,3.18,87.8,115,279.2,0,70,16:32:00
1.32,3.85,87.7,115.8,337.6,0,69,16:32:05
1.33,4.98,87.5,116.4,435.8,0,69,16:32:10
1.34,6.21,87.3,117,542.1,0,68,16:32:15
1.34,7.38,87.1,116.7,642.8,0,68,16:32:20
1.34,7.22,87,116.6,628.1,0,67,16:32:25
1.34,7.8,87,116.6,678.6,0,67,16:32:30
1.34,7.75,86.9,116.4,673.5,0,67,16:32:35
1.35,9.03,86.7,117,782.9,0,67,16:32:40
1.34,7.17,87,116.6,623.8,0,67,16:32:45
1.34,7.31,87,116.6,636,0,68,16:32:50
1.34,6.85,87,116.6,596,0,68,16:32:55
1.32,5.44,87.3,115.2,474.9,0,68,16:33:00
1.33,5.44,87.3,116.1,474.9,0,69,16:33:05
1.32,4.48,87.5,115.5,392,0,69,16:33:10
1.32,4.04,87.6,115.6,353.9,0,69,16:33:15
1.32,3.42,87.7,115.8,299.9,0,70,16:33:20
1.31,2.79,87.8,115,245,0,70,16:33:25
1.3,2.61,87.9,114.3,229.4,0,70,16:33:30
1.3,2.66,87.9,114.3,233.8,0,70,16:33:35
1.31,2.69,87.9,115.1,236.5,0,70,16:33:40
1.3,3.35,87.7,114,293.8,0,70,16:33:45
1.31,4.01,87.6,114.8,351.3,0,69,16:33:50
1.31,4.68,87.5,114.6,409.5,0,69,16:33:55
1.3,5.1,87.4,113.6,445.7,0,69,16:34:00
1.3,5.48,87.3,113.5,478.4,0,68,16:34:05
1.3,6.33,87.2,113.4,552,0,68,16:34:10
1.29,6.76,87.1,112.4,588.8,0,68,16:34:15
1.29,6.34,87.2,112.5,552.8,0,68,16:34:20
1.28,5.58,87.3,111.7,487.1,0,68,16:34:25
1.28,5.72,87.2,111.6,498.8,0,68,16:34:30
1.26,5.01,87.4,110.1,437.9,0,69,16:34:35
1.25,4.66,87.4,109.3,407.3,0,69,16:34:40
1.25,4.36,87.5,109.4,381.5,0,69,16:34:45
1.24,3.95,87.6,108.6,346,0,69,16:34:50
1.23,3.67,87.6,107.7,321.5,0,69,16:34:55
1.24,3.73,87.6,108.6,326.7,0,70,16:35:00
1.22,3.24,87.7,107,284.1,0,70,16:35:05
1.2,3.33,87.6,105.1,291.7,0,70,16:35:10
1.2,3.15,87.7,105.2,276.3,0,70,16:35:15
1.2,3.91,87.6,105.1,342.5,0,69,16:35:20
1.2,4.15,87.6,105.1,363.5,0,69,16:35:25
1.19,4.2,87.5,104.1,367.5,0,69,16:35:30
1.19,4.82,87.4,104,421.3,0,69,16:35:35
1.2,5.58,87.3,104.8,487.1,0,68,16:35:40
1.2,6.64,87.1,104.5,578.3,0,68,16:35:45
1.2,7.11,87,104.4,618.6,0,68,16:35:50
1.2,7.7,86.9,104.3,669.1,0,67,16:35:55
1.2,7.26,86.9,104.3,630.9,0,67,16:36:00
1.19,8.54,86.6,103.1,739.6,0,67,16:36:05
1.2,8.47,86.7,104,734.3,0,67,16:36:10
1.19,7.23,86.8,103.3,627.6,0,67,16:36:15
1.19,8.15,86.7,103.2,706.6,0,67,16:36:20
1.2,6.83,86.9,104.3,593.5,0,67,16:36:25
1.2,6.27,87,104.4,545.5,0,68,16:36:30
1.19,5.96,87.1,103.6,519.1,0,68,16:36:35
1.19,5.46,87.2,103.8,476.1,0,68,16:36:40
1.19,4.9,87.3,103.9,427.8,0,69,16:36:45
1.19,4.36,87.4,104,381.1,0,69,16:36:50
1.21,3.94,87.4,105.8,344.4,0,69,16:36:55
1.27,3.56,87.5,111.1,311.5,0,69,16:37:00
1.39,3.52,87.5,121.6,308,0,69,16:37:05
1.44,3.34,87.5,126,292.3,0,70,16:37:10
1.41,3.68,87.5,123.4,322,0,69,16:37:15
1.31,4.38,87.4,114.5,382.8,0,69,16:37:20
1.29,4.79,87.3,112.6,418.2,0,69,16:37:25
1.34,5.52,87.2,116.8,481.3,0,68,16:37:30
1.3,5.82,87.1,113.2,506.9,0,68,16:37:35
1.35,5.72,87.1,117.6,498.2,0,68,16:37:40
1.41,5.73,87.1,122.8,499.1,0,68,16:37:45
1.53,6.14,87,133.1,534.2,0,68,16:37:50
1.59,6.19,87,138.3,538.5,0,68,16:37:55
1.86,5.65,87.1,162,492.1,0,68,16:38:00
1.96,5.24,87.2,170.9,456.9,0,68,16:38:05
2.09,5.29,87.2,182.2,461.3,0,68,16:38:10
2.36,4.86,87.2,205.8,423.8,0,68,16:38:15
2.2,4.72,87.3,192.1,412.1,0,68,16:38:20
2.11,4.94,87.2,184,430.8,0,68,16:38:25
1.83,4.68,87.2,159.6,408.1,0,68,16:38:30
1.65,4.66,87.3,144,406.8,0,69,16:38:35
1.46,4.51,87.3,127.5,393.7,0,69,16:38:40
1.22,4.94,87.2,106.4,430.8,0,69,16:38:45
1.03,4.49,87.3,89.9,392,0,69,16:38:50
1.01,4.6,87.3,88.2,401.6,0,69,16:38:55
1,4.34,87.4,87.4,379.3,0,69,16:39:00
0.99,4.21,87.4,86.5,368,0,69,16:39:05
0.97,4.13,87.4,84.8,361,0,69,16:39:10
0.96,3.95,87.4,83.9,345.2,0,69,16:39:15
0.98,3.54,87.5,85.8,309.8,0,70,16:39:20
0.98,3.07,87.6,85.8,268.9,0,70,16:39:25
0.97,3.85,87.4,84.8,336.5,0,69,16:39:30
0.95,4.13,87.4,83,361,0,69,16:39:35
0.95,4.73,87.2,82.8,412.5,0,69,16:39:40
0.94,5.39,87.1,81.9,469.5,0,68,16:39:45
1.01,6.47,86.9,87.8,562.2,0,68,16:39:50
1.04,6.91,86.8,90.3,599.8,0,67,16:39:55
0.92,6.88,86.8,79.9,597.2,0,67,16:40:00
0.88,7.82,86.6,76.2,677.2,0,67,16:40:05
0.86,7.22,86.7,74.6,626,0,67,16:40:10
0.84,7.1,86.8,72.9,616.3,0,67,16:40:15
0.82,7.32,86.7,71.1,634.6,0,67,16:40:20
0.8,6.59,86.8,69.4,572,0,68,16:40:25
0.79,5.45,87,68.7,474.2,0,68,16:40:30
0.8,5.32,87,69.6,462.8,0,69,16:40:35
0.77,3.88,87.3,67.2,338.7,0,69,16:40:40
0.77,3.35,87.4,67.3,292.8,0,70,16:40:45
0.77,1.04,87.8,67.6,91.3,0,70,16:40:50
0.77,-2.18,88.4,68.1,-192.7,0,69,16:40:55
0.76,-1.95,88.4,67.2,-172.4,0,69,16:41:00
0.76,-1.74,88.4,67.2,-153.8,0,69,16:41:05
0.75,-1.44,88.4,66.3,-127.3,0,69,16:41:10
0.74,-1.08,88.4,65.4,-95.5,0,68,16:41:15
0.73,-0.74,88.3,64.5,-65.3,0,67,16:41:20
0.74,4.6,87.4,64.7,402,0,66,16:41:25
0.74,6.98,86.8,64.2,605.9,0,66,16:41:30
0.75,5.62,87.2,65.4,490.1,0,66,16:41:35
0.87,7.21,86.8,75.5,625.8,0,66,16:41:40
1.05,5.26,87.1,91.5,458.1,0,65,16:41:45
0.98,5.39,87.1,85.4,469.5,0,64,16:41:50
1.34,5.38,87.1,116.7,468.6,0,64,16:41:55
1.61,7.19,86.8,139.7,624.1,0,65,16:42:00
1.63,7.77,86.6,141.2,672.9,0,66,16:42:05
1.43,7.16,86.7,124,620.8,0,67,16:42:10
1.05,7.44,86.7,91,645,0,67,16:42:15
1.77,6.89,86.7,153.5,597.4,0,67,16:42:20
1.89,6.26,86.8,164.1,543.4,0,67,16:42:25
1.8,5.79,86.9,156.4,503.2,0,68,16:42:30
1.94,5.62,87,168.8,488.9,0,68,16:42:35
1.87,5.39,87,162.7,468.9,0,68,16:42:40
1.73,6.08,86.9,150.3,528.4,0,68,16:42:45
1.3,5.79,86.9,113,503.2,0,68,16:42:50
0.83,5.34,87,72.2,464.6,0,68,16:42:55
0.75,5.37,87,65.3,467.2,0,68,16:43:00
0.71,5.27,87,61.8,458.5,0,68,16:43:05
0.72,5.34,87,62.6,464.6,0,68,16:43:10
0.72,5.35,87,62.6,465.5,0,68,16:43:15
0.72,6.05,86.8,62.5,525.1,0,68,16:43:20
0.73,5.97,86.8,63.4,518.2,0,68,16:43:25
0.74,5.62,86.9,64.3,488.4,0,68,16:43:30
0.78,6.45,86.8,67.7,559.9,0,68,16:43:35
0.76,7.4,86.6,65.8,640.8,0,67,16:43:40
0.76,7.72,86.5,65.7,667.8,0,67,16:43:45
0.77,8.98,86.2,66.4,774.1,0,66,16:43:50
0.79,9.19,86.2,68.1,792.2,0,66,16:43:55
0.91,8.84,86.3,78.5,762.9,0,66,16:44:00
1,8.46,86.4,86.4,730.9,0,66,16:44:05
1.25,10.59,85.9,107.4,909.7,0,66,16:44:10
1.36,8.86,86.3,117.4,764.6,0,66,16:44:15
1.39,9.19,86.1,119.7,791.3,0,65,16:44:20
1.45,10.58,85.8,124.4,907.8,0,65,16:44:25
1.37,10.88,85.8,117.5,933.5,0,65,16:44:30
1.39,10.27,85.8,119.3,881.2,0,65,16:44:35
1.23,11.04,85.7,105.4,946.1,0,65,16:44:40
1.76,10.9,85.7,150.8,934.1,0,65,16:44:45
1.73,10.82,85.8,148.4,928.4,0,65,16:44:50
1.59,8.14,86.3,137.2,702.5,0,66,16:44:55
1.22,9.99,85.9,104.8,858.1,0,66,16:45:00
1.37,9.14,86.1,118,787,0,66,16:45:05
1.45,9.21,86,124.7,792.1,0,66,16:45:10
1.3,7.68,86.2,112.1,662,0,66,16:45:15
1.17,7.38,86.4,101.1,637.6,0,66,16:45:20
1.69,6.99,86.5,146.2,604.6,0,66,16:45:25
1.75,6.49,86.6,151.6,562,0,67,16:45:30
1.92,6.77,86.4,165.9,584.9,0,67,16:45:35
1.87,7.24,86.4,161.6,625.5,0,67,16:45:40
1.95,5.59,86.7,169.1,484.7,0,67,16:45:45
1.94,4.67,86.8,168.4,405.4,0,68,16:45:50
1.96,3.76,87,170.5,327.1,0,69,16:45:55
1.91,2.24,87.3,166.7,195.6,0,70,16:46:00
1.85,0.98,87.5,161.9,85.8,0,70,16:46:05
1.81,-0.8,87.8,158.9,-70.2,0,71,16:46:10
1.84,-1.77,88,161.9,-155.8,0,72,16:46:15
1.84,-1.46,88,161.9,-128.5,0,72,16:46:20
1.83,-0.81,87.9,160.9,-71.2,0,71,16:46:25
1.83,-0.59,88,161,-51.9,0,71,16:46:30
1.85,1.03,87.6,162.1,90.2,0,71,16:46:35
1.86,1.99,87.5,162.8,174.1,0,70,16:46:40
1.87,2.18,87.5,163.6,190.8,0,70,16:46:45
1.87,3.15,87.3,163.3,275,0,69,16:46:50
1.88,3.86,87.2,163.9,336.6,0,69,16:46:55
1.89,4.92,87,164.4,428,0,68,16:47:00
1.48,5.82,86.8,128.5,505.2,0,68,16:47:05
1.94,6.08,86.7,168.2,527.1,0,68,16:47:10
1.92,5.96,86.7,166.5,516.7,0,68,16:47:15
1.93,6.49,86.6,167.1,562,0,67,16:47:20
1.89,6.11,86.6,163.7,529.1,0,67,16:47:25
1.88,8.26,86.3,162.2,712.8,0,67,16:47:30
1.93,7.79,86.4,166.8,673.1,0,67,16:47:35
1.9,6.55,86.6,164.5,567.2,0,67,16:47:40
1.87,6.68,86.5,161.8,577.8,0,67,16:47:45
1.9,7.83,86.2,163.8,674.9,0,67,16:47:50
1.91,8.36,86.2,164.6,720.6,0,66,16:47:55
1.93,8.45,86.1,166.2,727.5,0,66,16:48:00
1.92,8.64,86.1,165.3,743.9,0,66,16:48:05
1.9,7.51,86.3,164,648.1,0,66,16:48:10
1.91,10.01,85.9,164.1,859.9,0,66,16:48:15
1.92,9.05,86.1,165.3,779.2,0,65,16:48:20
1.92,11.52,85.7,164.5,987.3,0,65,16:48:25
1.93,11.05,85.5,165,944.8,0,64,16:48:30
1.91,10.23,85.8,163.9,877.7,0,65,16:48:35
1.89,11.34,85.6,161.8,970.7,0,65,16:48:40
1.86,8.63,86.1,160.1,743,0,66,16:48:45
1.84,8.48,85.9,158.1,728.4,0,66,16:48:50
1.82,7.81,86.1,156.7,672.4,0,66,16:48:55
1.84,7.98,86,158.2,686.3,0,66,16:49:00
1.79,7.77,86.1,154.1,669,0,67,16:49:05
1.69,6.85,86.3,145.8,591.2,0,67,16:49:10
1.58,6.67,86.3,136.4,575.6,0,66,16:49:15
1.43,6.53,86.3,123.4,563.5,0,67,16:49:20
1.49,6.84,86.2,128.4,589.6,0,67,16:49:25
1.5,5.07,86.5,129.8,438.6,0,68,16:49:30
1.58,4.71,86.7,137,408.4,0,68,16:49:35
1.69,2.95,87,147,256.7,0,69,16:49:40
1.66,1.59,87.3,144.9,138.8,0,70,16:49:45
1.62,0.11,87.5,141.8,9.6,0,71,16:49:50
1.7,0.56,87.5,148.8,49,0,71,16:49:55
1.61,2.26,87.2,140.4,197.1,0,70,16:50:00
1.63,3.76,86.9,141.6,326.7,0,69,16:50:05
1.57,6.01,86.5,135.8,519.9,0,67,16:50:10
1.56,6.09,86.5,134.9,526.8,0,67,16:50:15
1.65,8.52,86,141.9,732.7,0,66,16:50:20
1.64,8.15,86,141,700.9,0,66,16:50:25
1.72,9.31,85.9,147.7,799.7,0,65,16:50:30
1.33,8.01,86,114.4,688.9,0,66,16:50:35
1.25,9.37,85.9,107.4,804.9,0,66,16:50:40
1.55,8.44,85.9,133.1,725,0,66,16:50:45
1.66,7.71,86.1,142.9,663.8,0,67,16:50:50
1.38,7.54,86.1,118.8,649.2,0,67,16:50:55
1.01,6.99,86.3,87.2,603.2,0,67,16:51:00
0.98,7.1,86.2,84.5,612,0,66,16:51:05
0.87,6.92,86.2,75,596.5,0,66,16:51:10
0.85,6.62,86.2,73.3,570.6,0,67,16:51:15
0.9,7.12,86.2,77.6,613.7,0,67,16:51:20
1.25,5.7,86.4,108,492.5,0,67,16:51:25
1.25,5.19,86.5,108.1,448.9,0,68,16:51:30
1.05,5.05,86.5,90.8,436.8,0,68,16:51:35
0.96,4.38,86.7,83.2,379.7,0,68,16:51:40
0.97,4.97,86.5,83.9,429.9,0,68,16:51:45
0.74,5.67,86.4,63.9,489.9,0,68,16:51:50
0.7,6.33,86.3,60.4,546.3,0,67,16:51:55
0.73,6.73,86.2,62.9,580.1,0,67,16:52:00
0.77,6.2,86.4,66.5,535.7,0,67,16:52:05
0.69,7.65,86,59.3,657.9,0,67,16:52:10
0.69,6.7,86.3,59.5,578.2,0,67,16:52:15
0.69,7.03,86.1,59.4,605.3,0,67,16:52:20
0.69,7.87,85.9,59.3,676,0,67,16:52:25
0.7,7.25,86.1,60.3,624.2,0,67,16:52:30
0.71,8.04,86,61.1,691.4,0,66,16:52:35
0.72,10.06,85.5,61.6,860.1,0,66,16:52:40
0.72,10.91,85.5,61.6,932.8,0,65,16:52:45
0.71,10.19,85.6,60.8,872.3,0,65,16:52:50
0.71,7.63,85.9,61,655.4,0,66,16:52:55
0.7,6.37,86.2,60.3,549.1,0,67,16:53:00
0.71,5.13,86.4,61.3,443.2,0,68,16:53:05
0.7,4.62,86.5,60.6,399.6,0,68,16:53:10
0.71,4.74,86.5,61.4,410,0,68,16:53:15
0.7,4.28,86.6,60.6,370.6,0,68,16:53:20
0.7,4.46,86.5,60.6,385.8,0,68,16:53:25
0.7,4.13,86.6,60.6,357.7,0,69,16:53:30
0.71,4.35,86.6,61.5,376.7,0,69,16:53:35
0.69,4.2,86.6,59.8,363.7,0,69,16:53:40
0.69,4.02,86.6,59.8,348.1,0,69,16:53:45
0.7,3.91,86.7,60.7,339,0,69,16:53:50
0.89,3.95,86.7,77.2,342.5,0,69,16:53:55
1.17,3.8,86.7,101.4,329.5,0,69,16:54:00
1.23,3.59,86.7,106.6,311.3,0,69,16:54:05
1.04,3.51,86.8,90.3,304.7,0,69,16:54:10
0.7,3.68,86.7,60.7,319.1,0,69,16:54:15
0.74,3.67,86.7,64.2,318.2,0,69,16:54:20
0.76,3.3,86.8,66,286.4,0,69,16:54:25
0.7,2.99,86.8,60.8,259.5,0,69,16:54:30
0.69,3.09,86.9,60,268.5,0,69,16:54:35
0.66,-2,87.7,57.9,-175.4,0,69,16:54:40
0.65,-1.05,87.6,56.9,-92,0,67,16:54:45
0.64,-1.12,87.6,56.1,-98.1,0,66,16:54:50
0.59,-23.25,91.4,53.9,-2125.1,0,61,16:54:55
0.59,-24,91.7,54.1,-2200.8,0,52,16:55:00
0.64,-0.14,87.7,56.1,-12.3,0,51,16:55:05
0.6,-9.03,89.1,53.5,-804.6,0,45,16:55:10
0.59,-14.21,90.2,53.2,-1281.7,0,33,16:55:15
0.56,-7.69,89,49.8,-684.4,0,26,16:55:20
0.57,-5.7,88.8,50.6,-506.2,0,21,16:55:25
0.56,-0.25,87.9,49.2,-22,0,14,16:55:30
0.56,-0.26,87.8,49.2,-22.8,0,0,16:55:35
0.56,-0.25,87.8,49.2,-22,0,0,16:55:40
0.55,-0.28,87.9,48.3,-24.6,0,0,16:55:45
0.56,-0.27,87.8,49.2,-23.7,0,0,16:55:50
0.55,-0.28,87.9,48.3,-24.6,0,0,16:55:55
0.55,-0.28,87.8,48.3,-24.6,0,0,16:56:00
0.56,-0.28,87.8,49.2,-24.6,0,0,16:56:05
0.56,-0.28,87.8,49.2,-24.6,0,0,16:56:10
0.56,-0.28,87.8,49.2,-24.6,0,0,16:56:15
0.56,-0.28,87.8,49.2,-24.6,0,0,16:56:20
0.56,-0.28,87.8,49.2,-24.6,0,0,16:56:25
0.55,-0.28,87.8,48.3,-24.6,0,0,16:56:30
0.56,-0.28,87.8,49.2,-24.6,0,0,16:56:35
0.57,-0.29,87.8,50,-25.5,0,0,16:56:40
0.58,-0.31,87.8,50.9,-27.2,0,0,16:56:45
0.58,-0.3,87.8,50.9,-26.3,0,0,16:56:50
0.59,-0.32,87.8,51.8,-28.1,0,0,16:56:55
0.63,-0.35,87.8,55.3,-30.7,0,0,16:57:00
0.72,-0.42,87.9,63.3,-36.9,0,0,16:57:05
0.82,-0.53,87.9,72.1,-46.6,0,0,16:57:10
0.98,-0.66,88,86.2,-58.1,0,0,16:57:15
0.96,-0.66,88,84.5,-58.1,0,0,16:57:20
0.94,-0.64,87.9,82.6,-56.3,0,0,16:57:25
1.02,-0.71,88,89.8,-62.5,0,0,16:57:30
1.19,-0.86,88,104.7,-75.7,0,0,16:57:35
1.42,-1.07,88,125,-94.2,0,0,16:57:40
3.16,-2.68,88.3,279,-236.6,0,0,16:57:45
5.77,-5.09,88.6,511.2,-451,0,0,16:57:50
7.43,-6.64,88.9,660.5,-590.3,0,0,16:57:55
6.35,-5.63,88.8,563.9,-499.9,0,0,16:58:00
6.46,-5.74,88.9,574.3,-510.3,0,0,16:58:05
7.22,-6.44,88.9,641.9,-572.5,0,0,16:58:10
7.54,-6.73,89,671.1,-599,0,0,16:58:15
7.5,-6.7,89,667.5,-596.3,0,0,16:58:20
7.6,-6.79,89.1,677.2,-605,0,0,16:58:25
4.84,-4.22,88.7,429.3,-374.3,0,0,16:58:30
3.35,-2.85,88.5,296.5,-252.2,0,0,16:58:35
4.31,-3.73,88.6,381.9,-330.5,0,0,16:58:40
4.89,-4.28,88.6,433.3,-379.2,0,0,16:58:45
3.28,-2.78,88.5,290.3,-246,0,0,16:58:50
4.19,-3.62,88.6,371.2,-320.7,0,0,16:58:55
4.92,-4.31,88.7,436.4,-382.3,0,0,16:59:00
5.61,-4.95,88.9,498.7,-440.1,0,0,16:59:05
5.74,-5.08,88.9,510.3,-451.6,0,0,16:59:10
6.51,-5.77,89,579.4,-513.5,0,0,16:59:15
5.36,-4.71,88.9,476.5,-418.7,0,0,16:59:20
3.33,-2.83,88.6,295,-250.7,0,0,16:59:25
2.79,-2.33,88.4,246.6,-206,0,0,16:59:30
2.04,-1.64,88.3,180.1,-144.8,0,0,16:59:35
1.81,-1.43,88.3,159.8,-126.3,0,0,16:59:40
1.71,-1.35,88.3,151,-119.2,0,0,16:59:45
1.65,-1.28,88.3,145.7,-113,0,0,16:59:50
1.62,-1.25,88.3,143,-110.4,0,0,16:59:55
1.58,-1.22,88.3,139.5,-107.7,0,0,17:00:00
1.54,-1.18,88.3,136,-104.2,0,0,17:00:05
1.52,-1.16,88.3,134.2,-102.4,0,0,17:00:10
1.5,-1.14,88.3,132.5,-100.7,0,0,17:00:15
1.46,-1.11,88.3,128.9,-98,0,0,17:00:20
1.42,-1.06,88.3,125.4,-93.6,0,0,17:00:25
1.31,-0.97,88.3,115.7,-85.7,0,0,17:00:30
1.39,-1.04,88.3,122.7,-91.8,0,0,17:00:35
1.4,-1.06,88.3,123.6,-93.6,0,0,17:00:40
1.42,-1.07,88.3,125.4,-94.5,0,0,17:00:45
1.4,-1.06,88.3,123.6,-93.6,0,0,17:00:50
1.44,-1.09,88.3,127.2,-96.2,0,0,17:00:55
1.45,-1.09,88.3,128,-96.2,0,0,17:01:00
1.46,-1.1,88.3,128.9,-97.1,0,0,17:01:05
1.47,-1.11,88.3,129.8,-98,0,0,17:01:10
1.48,-1.12,88.3,130.7,-98.9,0,0,17:01:15
1.49,-1.14,88.3,131.6,-100.7,0,0,17:01:20
1.5,-1.14,88.3,132.5,-100.7,0,0,17:01:25
1.52,-1.16,88.3,134.2,-102.4,0,0,17:01:30
1.54,-1.18,88.3,136,-104.2,0,0,17:01:35
1.57,-1.21,88.3,138.6,-106.8,0,0,17:01:40
1.57,-1.22,88.3,138.6,-107.7,0,0,17:01:45
1.58,-1.22,88.3,139.5,-107.7,0,0,17:01:50
1.59,-1.23,88.3,140.4,-108.6,0,0,17:01:55
1.56,-1.2,88.3,137.7,-106,0,0,17:02:00
1.56,-1.19,88.3,137.7,-105.1,0,0,17:02:05
1.55,-1.19,88.3,136.9,-105.1,0,0,17:02:10
1.54,-1.17,88.3,136,-103.3,0,0,17:02:15
1.53,-1.17,88.3,135.1,-103.3,0,0,17:02:20
1.53,-1.17,88.3,135.1,-103.3,0,0,17:02:25
1.54,-1.18,88.3,136,-104.2,0,0,17:02:30
1.57,-1.22,88.3,138.6,-107.7,0,0,17:02:35
1.68,-1.32,88.3,148.3,-116.6,0,0,17:02:40
1.81,-1.43,88.3,159.8,-126.3,0,0,17:02:45
1.91,-1.53,88.3,168.7,-135.1,0,0,17:02:50
2.14,-1.74,88.4,189.2,-153.8,0,0,17:02:55
2.36,-1.93,88.4,208.6,-170.6,0,0,17:03:00
2.54,-2.1,88.4,224.5,-185.6,0,0,17:03:05
2.59,-2.14,88.5,229.2,-189.4,0,0,17:03:10
3.02,-2.54,88.5,267.3,-224.8,0,0,17:03:15
4.41,-3.84,88.7,391.2,-340.6,0,0,17:03:20
6.2,-5.5,89,551.8,-489.5,0,0,17:03:25
7.56,-6.75,89.2,674.4,-602.1,0,0,17:03:30
8.3,-7.43,89.4,742,-664.2,0,0,17:03:35
8.55,-7.67,89.4,764.4,-685.7,0,0,17:03:40
8.49,-7.61,89.5,759.9,-681.1,0,0,17:03:45
8.36,-7.48,89.4,747.4,-668.7,0,0,17:03:50
8.42,-7.55,89.5,753.6,-675.7,0,0,17:03:55
8.57,-7.69,89.5,767,-688.3,0,0,17:04:00
8.57,-7.68,89.5,767,-687.4,0,0,17:04:05
8.56,-7.68,89.6,767,-688.1,0,0,17:04:10
8.56,-7.67,89.6,767,-687.2,0,0,17:04:15
8.54,-7.65,89.6,765.2,-685.4,0,0,17:04:20
8.54,-7.66,89.6,765.2,-686.3,0,0,17:04:25
8.53,-7.65,89.6,764.3,-685.4,0,0,17:04:30
8.51,-7.64,89.6,762.5,-684.5,0,0,17:04:35
8.66,-7.77,89.6,775.9,-696.2,0,0,17:04:40
8.76,-7.87,89.6,784.9,-705.2,0,0,17:04:45
8.75,-7.86,89.6,784,-704.3,0,0,17:04:50
8.74,-7.84,89.7,784,-703.2,0,0,17:04:55
8.74,-7.85,89.7,784,-704.1,0,0,17:05:00
8.73,-7.83,89.7,783.1,-702.4,0,0,17:05:05
8.73,-7.83,89.7,783.1,-702.4,0,0,17:05:10
8.73,-7.83,89.7,783.1,-702.4,0,0,17:05:15
8.73,-7.83,89.8,784,-703.1,0,0,17:05:20
8.72,-7.83,89.8,783.1,-703.1,0,0,17:05:25
8.71,-7.81,89.8,782.2,-701.3,0,0,17:05:30
8.72,-7.83,89.8,783.1,-703.1,0,0,17:05:35
8.72,-7.83,89.8,783.1,-703.1,0,0,17:05:40
8.7,-7.8,89.8,781.3,-700.4,0,0,17:05:45
8.69,-7.81,89.8,780.4,-701.3,0,0,17:05:50
8.71,-7.81,89.8,782.2,-701.3,0,0,17:05:55
8.7,-7.81,89.8,781.3,-701.3,0,0,17:06:00
8.55,-7.67,89.8,767.8,-688.8,0,0,17:06:05
8.59,-7.71,89.8,771.4,-692.4,0,0,17:06:10
8.59,-7.7,89.9,772.2,-692.2,0,0,17:06:15
8.62,-7.72,89.9,774.9,-694,0,0,17:06:20
8.52,-7.65,89.8,765.1,-687,0,0,17:06:25
8.48,-7.61,89.8,761.5,-683.4,0,0,17:06:30
8.63,-7.75,90,776.7,-697.5,0,0,17:06:35
8.63,-7.75,89.9,775.8,-696.7,0,0,17:06:40
8.68,-7.78,90,781.2,-700.2,0,0,17:06:45
8.67,-7.79,90,780.3,-701.1,0,0,17:06:50
8.65,-7.76,89.9,777.6,-697.6,0,0,17:06:55
8.66,-7.77,90,779.4,-699.3,0,0,17:07:00
8.65,-7.76,90,778.5,-698.4,0,0,17:07:05
8.66,-7.77,90,779.4,-699.3,0,0,17:07:10
8.65,-7.76,90,778.5,-698.4,0,0,17:07:15
8.64,-7.75,90,777.6,-697.5,0,0,17:07:20
8.65,-7.76,90,778.5,-698.4,0,0,17:07:25
8.65,-7.77,90,778.5,-699.3,0,0,17:07:30
8.65,-7.76,90,778.5,-698.4,0,7,17:07:35
8.65,-7.75,90,778.5,-697.5,0,9,17:07:40
8.66,-7.78,90,779.4,-700.2,0,3,17:07:45
8.69,-7.79,90,782.1,-701.1,0,0,17:07:50
8.64,-7.76,90,777.6,-698.4,0,3,17:07:55
8.64,-7.75,90,777.6,-697.5,0,3,17:08:00
8.61,-7.72,90,774.9,-694.8,0,5,17:08:05
8.61,-7.73,90,774.9,-695.7,0,16,17:08:10
8.61,-7.72,90,774.9,-694.8,0,10,17:08:15
8.61,-7.72,90.1,775.8,-695.6,0,12,17:08:20
8.61,-7.72,90.1,775.8,-695.6,0,3,17:08:25
8.59,-7.7,90.1,774,-693.8,0,0,17:08:30
8.6,-7.72,90.1,774.9,-695.6,0,0,17:08:35
8.62,-7.73,90.1,776.7,-696.5,0,0,17:08:40
8.6,-7.72,90.1,774.9,-695.6,0,0,17:08:45
8.6,-7.71,90.1,774.9,-694.7,0,0,17:08:50
8.58,-7.69,90.1,773.1,-692.9,0,0,17:08:55
8.59,-7.7,90.1,774,-693.8,0,0,17:09:00
8.56,-7.68,90.1,771.3,-692,0,0,17:09:05
8.54,-7.66,90.1,769.5,-690.2,0,0,17:09:10
8.53,-7.66,90.1,768.6,-690.2,0,0,17:09:15
8.54,-7.66,90.1,769.5,-690.2,0,0,17:09:20
8.5,-7.63,90.1,765.9,-687.5,0,0,17:09:25
8.49,-7.62,90.1,764.9,-686.6,0,0,17:09:30
8.48,-7.61,90.1,764,-685.7,0,0,17:09:35
8.46,-7.59,90.1,762.2,-683.9,0,2,17:09:40
8.45,-7.58,90.1,761.3,-683,0,0,17:09:45
8.43,-7.56,90.1,759.5,-681.2,0,0,17:09:50
8.42,-7.54,90.1,758.6,-679.4,0,0,17:09:55
8.38,-7.52,90.1,755,-677.6,0,0,17:10:00
8.38,-7.51,90.1,755,-676.7,0,0,17:10:05
8.38,-7.5,90.1,755,-675.8,0,0,17:10:10
8.35,-7.48,90.1,752.3,-673.9,0,0,17:10:15
8.33,-7.46,90.1,750.5,-672.1,0,0,17:10:20
8.32,-7.46,90.1,749.6,-672.1,0,0,17:10:25
8.28,-7.42,90.1,746,-668.5,0,0,17:10:30
8.31,-7.44,90.1,748.7,-670.3,0,0,17:10:35
8.31,-7.44,90.1,748.7,-670.3,0,0,17:10:40
8.33,-7.47,90.1,750.5,-673,0,0,17:10:45
8.18,-7.33,90.1,737,-660.4,0,0,17:10:50
6.68,-5.94,90,601.2,-534.6,0,0,17:10:55
4.31,-3.74,89.5,385.7,-334.7,0,0,17:11:00
3.36,-2.86,89.4,300.4,-255.7,0,0,17:11:05
3.43,-2.91,89.5,307,-260.4,0,0,17:11:10
3.36,-2.86,89.4,300.4,-255.7,0,0,17:11:15
3.17,-2.68,89.3,283.1,-239.3,0,0,17:11:20
2.52,-2.08,89.2,224.8,-185.5,0,0,17:11:25
2.26,-1.83,89.2,201.6,-163.2,0,0,17:11:30
2.28,-1.87,89.2,203.4,-166.8,0,0,17:11:35
2.31,-1.89,89.2,206.1,-168.6,0,0,17:11:40
2.62,-2.18,89.2,233.7,-194.5,0,0,17:11:45
2.92,-2.46,89.2,260.5,-219.4,0,0,17:11:50
2.86,-2.39,89.2,255.1,-213.2,0,0,17:11:55
2.9,-2.44,89.2,258.7,-217.6,0,0,17:12:00
3.11,-2.62,89.3,277.7,-234,0,0,17:12:05
2.97,-2.5,89.2,264.9,-223,0,0,17:12:10
3.34,-2.85,89.3,298.3,-254.5,0,0,17:12:15
3.46,-2.95,89.3,309,-263.4,0,0,17:12:20
4.55,-3.96,89.5,407.2,-354.4,0,0,17:12:25
6.53,-5.8,89.8,586.4,-520.8,0,0,17:12:30
7.76,-6.94,90,698.4,-624.6,0,0,17:12:35
8.1,-7.25,90.1,729.8,-653.2,0,0,17:12:40
8.33,-7.46,90.1,750.5,-672.1,0,0,17:12:45
8.39,-7.52,90.1,755.9,-677.6,0,0,17:12:50
8.37,-7.5,90.1,754.1,-675.8,0,0,17:12:55
8.35,-7.49,90.1,752.3,-674.8,0,0,17:13:00
8.31,-7.44,90.2,749.6,-671.1,0,0,17:13:05
8.29,-7.42,90.2,747.8,-669.3,0,0,17:13:10
8.26,-7.4,90.2,745.1,-667.5,0,0,17:13:15
8.28,-7.41,90.3,747.7,-669.1,0,0,17:13:20
8.26,-7.4,90.3,745.9,-668.2,0,0,17:13:25
8.25,-7.39,90.2,744.2,-666.6,0,0,17:13:30
8.24,-7.37,90.3,744.1,-665.5,0,0,17:13:35
8.2,-7.34,90.3,740.5,-662.8,0,0,17:13:40
8.18,-7.33,90.3,738.7,-661.9,0,0,17:13:45
8.16,-7.31,90.3,736.8,-660.1,0,0,17:13:50
8.13,-7.27,90.2,733.3,-655.8,0,0,17:13:55
8.1,-7.25,90.3,731.4,-654.7,0,0,17:14:00
8.11,-7.26,90.3,732.3,-655.6,0,0,17:14:05
7.93,-7.1,90.3,716.1,-641.1,0,0,17:14:10
7.36,-6.57,90.1,663.1,-592,0,0,17:14:15
6.9,-6.15,90.1,621.7,-554.1,0,0,17:14:20
6.92,-6.16,90.1,623.5,-555,0,0,17:14:25
7.18,-6.4,90.1,646.9,-576.6,0,0,17:14:30
7.53,-6.73,90.1,678.5,-606.4,0,0,17:14:35
7.5,-6.71,90.2,676.5,-605.2,0,0,17:14:40
7.54,-6.74,90.2,680.1,-607.9,0,0,17:14:45
7.75,-6.93,90.3,699.8,-625.8,0,0,17:14:50
7.84,-7.02,90.3,708,-633.9,0,0,17:14:55
7.82,-6.98,90.3,706.1,-630.3,0,0,17:15:00
7.8,-6.98,90.3,704.3,-630.3,0,0,17:15:05
7.79,-6.97,90.3,703.4,-629.4,0,0,17:15:10
7.73,-6.91,90.3,698,-624,0,0,17:15:15
7.54,-6.73,90.3,680.9,-607.7,0,0,17:15:20
7.21,-6.44,90.2,650.3,-580.9,0,0,17:15:25
7.18,-6.4,90.1,646.9,-576.6,0,0,17:15:30
7.35,-6.55,90.2,663,-590.8,0,0,17:15:35
7.43,-6.62,90.3,670.9,-597.8,0,0,17:15:40
7.4,-6.61,90.3,668.2,-596.9,0,0,17:15:45
7.3,-6.5,90.3,659.2,-587,0,0,17:15:50
7.36,-6.57,90.2,663.9,-592.6,0,0,17:15:55
7.43,-6.63,90.3,670.9,-598.7,0,0,17:16:00
7.33,-6.53,90.3,661.9,-589.7,0,0,17:16:05
7.36,-6.57,90.3,664.6,-593.3,0,0,17:16:10
7.47,-6.66,90.3,674.5,-601.4,0,0,17:16:15
7.4,-6.61,90.3,668.2,-596.9,0,0,17:16:20
7.44,-6.64,90.3,671.8,-599.6,0,0,17:16:25
7.48,-6.69,90.3,675.4,-604.1,0,0,17:16:30
7.49,-6.7,90.3,676.3,-605,0,0,17:16:35
7.48,-6.68,90.3,675.4,-603.2,0,0,17:16:40
7.44,-6.65,90.3,671.8,-600.5,0,0,17:16:45
7.45,-6.65,90.3,672.7,-600.5,0,0,17:16:50
7.26,-6.47,90.3,655.6,-584.2,0,0,17:16:55
7,-6.23,90.3,632.1,-562.6,0,0,17:17:00
6,-5.31,90.1,540.6,-478.4,0,0,17:17:05
3.94,-3.4,89.8,353.8,-305.3,0,0,17:17:10
3.19,-2.7,89.6,285.8,-241.9,0,0,17:17:15
3.97,-3.43,89.8,356.5,-308,0,0,17:17:20
3.88,-3.34,89.7,348,-299.6,0,0,17:17:25
2.5,-2.07,89.5,223.8,-185.3,0,0,17:17:30
1.65,-1.28,89.3,147.3,-114.3,0,0,17:17:35
1.75,-1.38,89.4,156.5,-123.4,0,0,17:17:40
2.45,-2.02,89.5,219.3,-180.8,0,0,17:17:45
2.97,-2.5,89.5,265.8,-223.8,0,0,17:17:50
3.04,-2.56,89.5,272.1,-229.1,0,0,17:17:55
3.01,-2.53,89.5,269.4,-226.4,0,0,17:18:00
3.07,-2.59,89.5,274.8,-231.8,0,0,17:18:05
2.61,-2.17,89.5,233.6,-194.2,0,0,17:18:10
2.06,-1.65,89.4,184.2,-147.5,0,0,17:18:15
3.65,-3.12,89.6,327,-279.6,0,0,17:18:20
5.36,-4.72,89.9,481.9,-424.3,0,0,17:18:25
5.95,-5.27,90,535.5,-474.3,0,0,17:18:30
6.11,-5.41,90,549.9,-486.9,0,0,17:18:35
6.42,-5.69,90.1,578.4,-512.7,0,0,17:18:40
6.8,-6.05,90.1,612.7,-545.1,0,0,17:18:45
7.07,-6.3,90.2,637.7,-568.3,0,0,17:18:50
7.21,-6.42,90.3,651.1,-579.7,0,0,17:18:55
7.27,-6.49,90.3,656.5,-586,0,0,17:19:00
7.23,-6.46,90.3,652.9,-583.3,0,0,17:19:05
7.02,-6.26,90.3,633.9,-565.3,0,0,17:19:10
6.94,-6.18,90.3,626.7,-558.1,0,0,17:19:15
7,-6.23,90.3,632.1,-562.6,0,0,17:19:20
7.06,-6.29,90.3,637.5,-568,0,0,17:19:25
7.17,-6.39,90.3,647.5,-577,0,0,17:19:30
7.17,-6.38,90.3,647.5,-576.1,0,0,17:19:35
7.16,-6.37,90.3,646.5,-575.2,0,0,17:19:40
7.15,-6.38,90.3,645.6,-576.1,0,0,17:19:45
7.13,-6.35,90.3,643.8,-573.4,0,0,17:19:50
7.12,-6.34,90.3,642.9,-572.5,0,0,17:19:55
6.81,-6.05,90.3,614.9,-546.3,0,0,17:20:00
6.07,-5.37,90.1,546.9,-483.8,0,0,17:20:05
5.22,-4.59,90,469.8,-413.1,0,0,17:20:10
4.33,-3.75,89.9,389.3,-337.1,0,0,17:20:15
4.07,-3.52,89.8,365.5,-316.1,0,0,17:20:20
3.93,-3.38,89.8,352.9,-303.5,0,0,17:20:25
4.21,-3.64,89.8,378.1,-326.9,0,0,17:20:30
3.49,-2.98,89.8,313.4,-267.6,0,0,17:20:35
2.72,-2.26,89.6,243.7,-202.5,0,0,17:20:40
2.52,-2.09,89.6,225.8,-187.3,0,0,17:20:45
2.72,-2.27,89.6,243.7,-203.4,0,0,17:20:50
3.16,-2.67,89.6,283.1,-239.2,0,0,17:20:55
3.62,-3.1,89.8,325.1,-278.4,0,0,17:21:00
4.25,-3.68,89.8,381.7,-330.5,0,0,17:21:05
4.45,-3.87,89.9,400.1,-347.9,0,0,17:21:10
3.91,-3.38,89.8,351.1,-303.5,0,0,17:21:15
2.74,-2.29,89.6,245.5,-205.2,0,0,17:21:20
1.6,-1.23,89.4,143,-110,0,0,17:21:25
1.06,-0.75,89.3,94.7,-67,0,0,17:21:30
1.01,-0.69,89.3,90.2,-61.6,0,0,17:21:35
1.03,-0.71,89.3,92,-63.4,0,0,17:21:40
1.07,-0.76,89.3,95.6,-67.9,0,0,17:21:45
1.09,-0.77,89.3,97.3,-68.8,0,0,17:21:50
1.02,-0.7,89.3,91.1,-62.5,0,0,17:21:55
1.01,-0.69,89.3,90.2,-61.6,0,0,17:22:00
1.01,-0.7,89.2,90.1,-62.4,0,0,17:22:05
1.02,-0.7,89.3,91.1,-62.5,0,0,17:22:10
1,-0.69,89.3,89.3,-61.6,0,0,17:22:15
1,-0.68,89.3,89.3,-60.7,0,0,17:22:20
0.99,-0.67,89.3,88.4,-59.8,0,0,17:22:25
0.98,-0.67,89.2,87.4,-59.8,0,0,17:22:30
0.97,-0.66,89.2,86.5,-58.9,0,0,17:22:35
0.96,-0.65,89.2,85.6,-58,0,0,17:22:40
0.95,-0.64,89.3,84.8,-57.2,0,0,17:22:45
0.94,-0.63,89.2,83.8,-56.2,0,0,17:22:50
0.92,-0.61,89.2,82.1,-54.4,0,0,17:22:55
0.92,-0.6,89.2,82.1,-53.5,0,0,17:23:00
0.91,-0.61,89.2,81.2,-54.4,0,0,17:23:05
0.9,-0.6,89.2,80.3,-53.5,0,0,17:23:10
0.89,-0.58,89.2,79.4,-51.7,0,0,17:23:15
0.89,-0.57,89.2,79.4,-50.8,0,0,17:23:20
0.89,-0.57,89.2,79.4,-50.8,0,0,17:23:25
0.88,-0.57,89.2,78.5,-50.8,0,0,17:23:30
0.87,-0.56,89.2,77.6,-50,0,0,17:23:35
0.87,-0.56,89.2,77.6,-50,0,0,17:23:40
0.87,-0.57,89.2,77.6,-50.8,0,0,17:23:45
0.86,-0.56,89.2,76.7,-50,0,0,17:23:50
0.86,-0.55,89.2,76.7,-49.1,0,0,17:23:55
0.86,-0.55,89.2,76.7,-49.1,0,0,17:24:00
0.85,-0.56,89.2,75.8,-50,0,0,17:24:05
0.85,-0.55,89.2,75.8,-49.1,0,0,17:24:10
0.85,-0.55,89.2,75.8,-49.1,0,0,17:24:15
0.85,-0.54,89.2,75.8,-48.2,0,0,17:24:20
0.85,-0.54,89.2,75.8,-48.2,0,0,17:24:25
0.85,-0.54,89.2,75.8,-48.2,0,0,17:24:30
0.86,-0.54,89.2,76.7,-48.2,0,0,17:24:35
0.85,-0.55,89.2,75.8,-49.1,0,0,17:24:40
0.86,-0.55,89.2,76.7,-49.1,0,0,17:24:45
0.86,-0.55,89.2,76.7,-49.1,0,0,17:24:50
0.86,-0.55,89.2,76.7,-49.1,0,0,17:24:55
0.86,-0.56,89.2,76.7,-50,0,0,17:25:00
0.86,-0.55,89.2,76.7,-49.1,0,0,17:25:05
0.87,-0.56,89.2,77.6,-50,0,0,17:25:10
0.87,-0.56,89.2,77.6,-50,0,0,17:25:15
0.88,-0.57,89.2,78.5,-50.8,0,0,17:25:20
0.88,-0.57,89.2,78.5,-50.8,0,0,17:25:25
0.88,-0.57,89.2,78.5,-50.8,0,0,17:25:30
0.89,-0.59,89.2,79.4,-52.6,0,0,17:25:35
0.9,-0.6,89.2,80.3,-53.5,0,0,17:25:40
0.91,-0.6,89.2,81.2,-53.5,0,0,17:25:45
0.92,-0.61,89.2,82.1,-54.4,0,0,17:25:50
0.93,-0.63,89.2,83,-56.2,0,0,17:25:55
0.94,-0.64,89.2,83.8,-57.1,0,0,17:26:00
0.95,-0.64,89.2,84.7,-57.1,0,0,17:26:05
0.96,-0.66,89.2,85.6,-58.9,0,0,17:26:10
0.97,-0.66,89.2,86.5,-58.9,0,0,17:26:15
0.99,-0.67,89.2,88.3,-59.8,0,0,17:26:20
1,-0.68,89.2,89.2,-60.7,0,0,17:26:25
1.01,-0.7,89.2,90.1,-62.4,0,0,17:26:30
1.02,-0.71,89.2,91,-63.3,0,0,17:26:35
1.03,-0.71,89.2,91.9,-63.3,0,0,17:26:40
1.06,-0.73,89.2,94.6,-65.1,0,0,17:26:45
1.09,-0.77,89.2,97.2,-68.7,0,0,17:26:50
1.16,-0.83,89.2,103.5,-74,0,0,17:26:55
1.45,-1.09,89.3,129.5,-97.3,0,0,17:27:00
2.21,-1.8,89.4,197.6,-160.9,0,0,17:27:05
3.09,-2.61,89.6,276.9,-233.9,0,0,17:27:10
3.82,-3.29,89.6,342.3,-294.8,0,0,17:27:15
3.87,-3.33,89.7,347.1,-298.7,0,0,17:27:20
3.53,-3.03,89.6,316.3,-271.5,0,0,17:27:25
3.5,-3,89.6,313.6,-268.8,0,0,17:27:30
3.56,-3.04,89.6,319,-272.4,0,0,17:27:35
3.8,-3.26,89.8,341.2,-292.7,0,0,17:27:40
3.78,-3.24,89.8,339.4,-291,0,0,17:27:45
3.48,-2.98,89.6,311.8,-267,0,0,17:27:50
3.68,-3.15,89.7,330.1,-282.6,0,0,17:27:55
3.82,-3.28,89.8,343,-294.5,0,0,17:28:00
4.03,-3.48,89.8,361.9,-312.5,0,0,17:28:05
3.79,-3.27,89.8,340.3,-293.6,0,0,17:28:10
3.14,-2.66,89.6,281.3,-238.3,0,0,17:28:15
2.3,-1.89,89.5,205.9,-169.2,0,0,17:28:20
2.09,-1.68,89.5,187.1,-150.4,0,0,17:28:25
2.48,-2.05,89.5,222,-183.5,0,0,17:28:30
3.35,-2.85,89.7,300.5,-255.6,0,0,17:28:35
4.34,-3.77,89.8,389.7,-338.5,0,0,17:28:40
5.11,-4.47,90,459.9,-402.3,0,0,17:28:45
5.51,-4.85,90,495.9,-436.5,0,0,17:28:50
5.65,-4.98,90.1,509.1,-448.7,0,0,17:28:55
5.72,-5.04,90.1,515.4,-454.1,0,0,17:29:00
5.76,-5.08,90.1,519,-457.7,0,0,17:29:05
5.81,-5.13,90.1,523.5,-462.2,0,0,17:29:10
5.85,-5.16,90.1,527.1,-464.9,0,0,17:29:15
5.84,-5.16,90.1,526.2,-464.9,0,0,17:29:20
5.83,-5.14,90.1,525.3,-463.1,0,0,17:29:25
5.81,-5.13,90.1,523.5,-462.2,0,0,17:29:30
5.79,-5.11,90.1,521.7,-460.4,0,0,17:29:35
5.78,-5.1,90.1,520.8,-459.5,0,0,17:29:40
5.77,-5.1,90.1,519.9,-459.5,0,0,17:29:45
5.74,-5.07,90.1,517.2,-456.8,0,0,17:29:50
5.72,-5.04,90.1,515.4,-454.1,0,0,17:29:55
5.7,-5.03,90.1,513.6,-453.2,0,0,17:30:00
5.54,-4.88,90.1,499.2,-439.7,0,0,17:30:05
5.54,-4.88,90.1,499.2,-439.7,0,0,17:30:10
5.53,-4.87,90.1,498.3,-438.8,0,0,17:30:15
5.53,-4.86,90.1,498.3,-437.9,0,0,17:30:20
5.6,-4.93,90.1,504.6,-444.2,0,0,17:30:25
5.58,-4.91,90.1,502.8,-442.4,0,0,17:30:30
5.53,-4.87,90.1,498.3,-438.8,0,0,17:30:35
5.54,-4.87,90.1,499.2,-438.8,0,0,17:30:40
5.48,-4.82,90.1,493.7,-434.3,0,0,17:30:45
5.49,-4.83,90.1,494.6,-435.2,0,0,17:30:50
5.55,-4.89,90.1,500.1,-440.6,0,0,17:30:55
5.62,-4.95,90.2,506.9,-446.5,0,0,17:31:00
5.63,-4.95,90.2,507.8,-446.5,0,0,17:31:05
5.61,-4.94,90.2,506,-445.6,0,0,17:31:10
5.61,-4.93,90.2,506,-444.7,0,0,17:31:15
5.6,-4.92,90.2,505.1,-443.8,0,0,17:31:20
5.59,-4.94,90.2,504.2,-445.6,0,0,17:31:25
5.59,-4.92,90.2,504.2,-443.8,0,0,17:31:30
5.59,-4.93,90.2,504.2,-444.7,0,0,17:31:35
5.58,-4.91,90.2,503.3,-442.9,0,0,17:31:40
5.58,-4.91,90.2,503.3,-442.9,0,0,17:31:45
5.57,-4.9,90.2,502.4,-442,0,0,17:31:50
5.56,-4.9,90.2,501.5,-442,0,0,17:31:55
5.54,-4.88,90.2,499.7,-440.2,0,0,17:32:00
5.52,-4.86,90.3,498.5,-438.9,0,0,17:32:05
5.51,-4.85,90.2,497,-437.5,0,0,17:32:10
5.51,-4.84,90.2,497,-436.6,0,0,17:32:15
5.49,-4.84,90.3,495.7,-437.1,0,0,17:32:20
5.47,-4.81,90.2,493.4,-433.9,0,0,17:32:25
5.44,-4.79,90.3,491.2,-432.5,0,0,17:32:30
5.44,-4.78,90.3,491.2,-431.6,0,0,17:32:35
5.39,-4.74,90.2,486.2,-427.5,0,0,17:32:40
5.39,-4.73,90.2,486.2,-426.6,0,0,17:32:45
5.34,-4.7,90.2,481.7,-423.9,0,0,17:32:50
5.35,-4.7,90.2,482.6,-423.9,0,0,17:32:55
5.32,-4.67,90.2,479.9,-421.2,0,0,17:33:00
5.34,-4.69,90.2,481.7,-423,0,0,17:33:05
5.31,-4.67,90.2,479,-421.2,0,0,17:33:10
5.3,-4.66,90.2,478.1,-420.3,0,0,17:33:15
5.27,-4.64,90.2,475.4,-418.5,0,0,17:33:20
5.29,-4.64,90.2,477.2,-418.5,0,0,17:33:25
5.21,-4.57,90.2,469.9,-412.2,0,0,17:33:30
4.91,-4.29,90.1,442.4,-386.5,0,0,17:33:35
4.76,-4.15,90.1,428.9,-373.9,0,0,17:33:40
4.27,-3.69,90.1,384.7,-332.5,0,0,17:33:45
3.79,-3.26,90,341.1,-293.4,0,0,17:33:50
3.3,-2.8,90,297,-252,0,0,17:33:55
2.82,-2.35,89.8,253.2,-211,0,0,17:34:00
2.4,-1.97,89.8,215.5,-176.9,0,0,17:34:05
1.94,-1.55,89.7,174,-139,0,0,17:34:10
1.7,-1.32,89.6,152.3,-118.3,0,0,17:34:15
1.51,-1.15,89.6,135.3,-103,0,0,17:34:20
1.32,-0.98,89.6,118.3,-87.8,0,0,17:34:25
1.25,-0.92,89.6,112,-82.4,0,0,17:34:30
1.3,-0.96,89.5,116.4,-85.9,0,0,17:34:35
1.28,-0.94,89.5,114.6,-84.1,0,0,17:34:40
1.34,-0.99,89.5,119.9,-88.6,0,0,17:34:45
1.58,-1.22,89.6,141.6,-109.3,0,0,17:34:50
1.92,-1.54,89.6,172,-138,0,0,17:34:55
2.15,-1.74,89.6,192.6,-155.9,0,0,17:35:00
2.21,-1.81,89.6,198,-162.2,0,0,17:35:05
2.26,-1.84,89.7,202.7,-165,0,0,17:35:10
2.34,-1.91,89.7,209.9,-171.3,0,0,17:35:15
2.43,-2,89.7,218,-179.4,0,0,17:35:20
2.54,-2.11,89.7,227.8,-189.3,0,0,17:35:25
2.69,-2.24,89.8,241.6,-201.2,0,0,17:35:30
2.79,-2.32,89.8,250.5,-208.3,0,0,17:35:35
2.82,-2.35,89.8,253.2,-211,0,0,17:35:40
2.83,-2.36,89.8,254.1,-211.9,0,0,17:35:45
2.96,-2.48,89.8,265.8,-222.7,0,0,17:35:50
3.13,-2.64,89.8,281.1,-237.1,0,0,17:35:55
3.27,-2.77,89.8,293.6,-248.7,0,0,17:36:00
3.24,-2.74,89.8,291,-246.1,0,0,17:36:05
3.23,-2.73,89.8,290.1,-245.2,0,0,17:36:10
3.33,-2.82,89.9,299.4,-253.5,0,0,17:36:15
3.49,-2.98,89.9,313.8,-267.9,0,0,17:36:20
3.63,-3.1,90,326.7,-279,0,0,17:36:25
3.65,-3.13,90,328.5,-281.7,0,0,17:36:30
3.59,-3.07,90,323.1,-276.3,0,0,17:36:35
3.51,-3.01,90,315.9,-270.9,0,0,17:36:40
3.51,-3,90,315.9,-270,0,0,17:36:45
3.49,-2.98,90,314.1,-268.2,0,0,17:36:50
3.42,-2.91,90,307.8,-261.9,0,0,17:36:55
3.42,-2.91,90,307.8,-261.9,0,0,17:37:00
3.38,-2.88,89.9,303.9,-258.9,0,0,17:37:05
3.17,-2.67,89.9,285,-240,0,0,17:37:10
2.83,-2.36,89.8,254.1,-211.9,0,0,17:37:15
2.52,-2.08,89.8,226.3,-186.8,0,0,17:37:20
2.17,-1.76,89.8,194.9,-158,0,0,17:37:25
1.84,-1.45,89.6,164.9,-129.9,0,0,17:37:30
1.52,-1.16,89.6,136.2,-103.9,0,0,17:37:35
1.23,-0.9,89.6,110.2,-80.6,0,0,17:37:40
0.98,-0.67,89.5,87.7,-60,0,0,17:37:45
0.82,-0.53,89.5,73.4,-47.4,0,0,17:37:50
0.73,-0.44,89.5,65.3,-39.4,0,0,17:37:55
0.71,-0.42,89.5,63.5,-37.6,0,0,17:38:00
0.67,-0.38,89.5,60,-34,0,0,17:38:05
0.66,-0.37,89.5,59.1,-33.1,0,0,17:38:10
0.65,-0.36,89.5,58.2,-32.2,0,0,17:38:15
0.65,-0.36,89.5,58.2,-32.2,0,0,17:38:20
0.64,-0.36,89.5,57.3,-32.2,0,0,17:38:25
0.64,-0.35,89.5,57.3,-31.3,0,0,17:38:30
0.64,-0.35,89.5,57.3,-31.3,0,0,17:38:35
0.63,-0.35,89.5,56.4,-31.3,0,0,17:38:40
0.62,-0.34,89.5,55.5,-30.4,0,0,17:38:45
0.62,-0.34,89.4,55.4,-30.4,0,0,17:38:50
0.61,-0.33,89.5,54.6,-29.5,0,0,17:38:55
0.61,-0.33,89.4,54.5,-29.5,0,0,17:39:00
0.61,-0.33,89.4,54.5,-29.5,0,0,17:39:05
0.61,-0.34,89.5,54.6,-30.4,0,0,17:39:10
0.65,-0.37,89.5,58.2,-33.1,0,0,17:39:15
0.73,-0.44,89.5,65.3,-39.4,0,0,17:39:20
0.77,-0.48,89.5,68.9,-43,0,0,17:39:25
0.81,-0.51,89.5,72.5,-45.6,0,0,17:39:30
0.83,-0.53,89.5,74.3,-47.4,0,0,17:39:35
0.82,-0.51,89.5,73.4,-45.6,0,0,17:39:40
0.79,-0.5,89.5,70.7,-44.8,0,0,17:39:45
0.78,-0.48,89.5,69.8,-43,0,0,17:39:50
0.79,-0.49,89.5,70.7,-43.9,0,0,17:39:55
0.83,-0.52,89.5,74.3,-46.5,0,0,17:40:00
0.9,-0.61,89.5,80.6,-54.6,0,0,17:40:05
0.99,-0.68,89.5,88.6,-60.9,0,0,17:40:10
1.08,-0.77,89.5,96.7,-68.9,0,0,17:40:15
1.2,-0.87,89.5,107.4,-77.9,0,0,17:40:20
1.29,-0.95,89.5,115.5,-85,0,0,17:40:25
1.39,-1.04,89.5,124.4,-93.1,0,0,17:40:30
1.48,-1.13,89.5,132.5,-101.1,0,0,17:40:35
1.55,-1.18,89.6,138.9,-105.7,0,0,17:40:40
1.53,-1.18,89.6,137.1,-105.7,0,0,17:40:45
1.4,-1.06,89.5,125.3,-94.9,0,0,17:40:50
1.24,-0.9,89.5,111,-80.6,0,0,17:40:55
1.02,-0.71,89.5,91.3,-63.5,0,0,17:41:00
0.82,-0.52,89.5,73.4,-46.5,0,0,17:41:05
0.65,-0.36,89.5,58.2,-32.2,0,0,17:41:10
0.58,-0.3,89.4,51.9,-26.8,0,0,17:41:15
0.57,-0.28,89.4,51,-25,0,0,17:41:20
0.55,-0.27,89.4,49.2,-24.1,0,0,17:41:25
0.54,-0.28,89.4,48.3,-25,0,0,17:41:30
0.54,-0.27,89.5,48.3,-24.2,0,0,17:41:35
0.54,-0.27,89.5,48.3,-24.2,0,0,17:41:40
0.54,-0.27,89.4,48.3,-24.1,0,0,17:41:45
0.54,-0.26,89.5,48.3,-23.3,0,0,17:41:50
0.54,-0.26,89.4,48.3,-23.2,0,0,17:41:55
0.54,-0.27,89.4,48.3,-24.1,0,0,17:42:00
0.54,-0.26,89.4,48.3,-23.2,0,0,17:42:05
0.54,-0.26,89.5,48.3,-23.3,0,0,17:42:10
0.54,-0.27,89.4,48.3,-24.1,0,0,17:42:15
0.54,-0.26,89.5,48.3,-23.3,0,0,17:42:20
0.54,-0.27,89.5,48.3,-24.2,0,0,17:42:25
0.54,-0.26,89.4,48.3,-23.2,0,0,17:42:30
0.54,-0.26,89.4,48.3,-23.2,0,0,17:42:35
0.54,-0.26,89.4,48.3,-23.2,0,0,17:42:40
0.54,-0.26,89.4,48.3,-23.2,0,0,17:42:45
0.54,-0.26,89.5,48.3,-23.3,0,0,17:42:50
0.54,-0.26,89.4,48.3,-23.2,0,0,17:42:55
0.54,-0.26,89.4,48.3,-23.2,0,0,17:43:00
0.54,-0.26,89.4,48.3,-23.2,0,0,17:43:05
0.54,-0.26,89.5,48.3,-23.3,0,0,17:43:10
0.54,-0.26,89.4,48.3,-23.2,0,0,17:43:15
0.53,-0.25,89.4,47.4,-22.4,0,0,17:43:20
0.53,-0.25,89.4,47.4,-22.4,0,0,17:43:25
0.53,-0.26,89.4,47.4,-23.2,0,0,17:43:30
0.53,-0.25,89.4,47.4,-22.4,0,0,17:43:35
0.53,-0.25,89.4,47.4,-22.4,0,0,17:43:40
0.53,-0.25,89.4,47.4,-22.4,0,0,17:43:45
0.52,-0.25,89.4,46.5,-22.4,0,0,17:43:50
0.53,-0.25,89.4,47.4,-22.4,0,0,17:43:55
0.52,-0.25,89.4,46.5,-22.4,0,0,17:44:00
0.52,-0.25,89.4,46.5,-22.4,0,0,17:44:05
0.52,-0.25,89.5,46.5,-22.4,0,0,17:44:10
0.52,-0.24,89.4,46.5,-21.5,0,0,17:44:15
0.52,-0.25,89.4,46.5,-22.4,0,0,17:44:20
0.52,-0.25,89.4,46.5,-22.4,0,0,17:44:25
0.52,-0.25,89.5,46.5,-22.4,0,0,17:44:30
0.52,-0.25,89.4,46.5,-22.4,0,0,17:44:35
0.52,-0.25,89.4,46.5,-22.4,0,0,17:44:40
0.52,-0.25,89.4,46.5,-22.4,0,0,17:44:45
0.52,-0.24,89.4,46.5,-21.5,0,0,17:44:50
0.52,-0.24,89.4,46.5,-21.5,0,0,17:44:55
0.51,-0.25,89.3,45.5,-22.3,0,0,17:45:00
0.52,-0.24,89.4,46.5,-21.5,0,0,17:45:05
0.52,-0.24,89.3,46.4,-21.4,0,0,17:45:10
0.52,-0.24,89.4,46.5,-21.5,0,0,17:45:15
0.51,-0.24,89.4,45.6,-21.5,0,0,17:45:20
0.51,-0.24,89.4,45.6,-21.5,0,0,17:45:25
0.52,-0.24,89.4,46.5,-21.5,0,0,17:45:30
0.52,-0.24,89.4,46.5,-21.5,0,0,17:45:35
0.51,-0.24,89.4,45.6,-21.5,0,0,17:45:40
0.51,-0.24,89.4,45.6,-21.5,0,0,17:45:45
0.51,-0.24,89.4,45.6,-21.5,0,0,17:45:50
0.51,-0.23,89.4,45.6,-20.6,0,0,17:45:55
0.51,-0.24,89.4,45.6,-21.5,0,0,17:46:00
0.51,-0.24,89.4,45.6,-21.5,0,0,17:46:05
0.51,-0.24,89.4,45.6,-21.5,0,0,17:46:10
0.51,-0.24,89.4,45.6,-21.5,0,0,17:46:15
0.51,-0.23,89.4,45.6,-20.6,0,0,17:46:20
0.51,-0.23,89.4,45.6,-20.6,0,0,17:46:25
0.51,-0.24,89.4,45.6,-21.5,0,0,17:46:30
0.51,-0.23,89.4,45.6,-20.6,0,0,17:46:35
0.5,-0.23,89.3,44.7,-20.5,0,0,17:46:40
0.5,-0.23,89.4,44.7,-20.6,0,0,17:46:45
0.51,-0.23,89.4,45.6,-20.6,0,0,17:46:50
0.5,-0.23,89.4,44.7,-20.6,0,0,17:46:55
0.5,-0.23,89.4,44.7,-20.6,0,0,17:47:00
0.5,-0.22,89.3,44.7,-19.6,0,0,17:47:05
0.5,-0.23,89.4,44.7,-20.6,0,0,17:47:10
0.5,-0.22,89.3,44.7,-19.6,0,0,17:47:15
0.5,-0.22,89.4,44.7,-19.7,0,0,17:47:20
0.5,-0.22,89.4,44.7,-19.7,0,0,17:47:25
0.49,-0.21,89.4,43.8,-18.8,0,0,17:47:30
0.49,-0.22,89.3,43.8,-19.6,0,0,17:47:35
0.49,-0.22,89.4,43.8,-19.7,0,0,17:47:40
0.49,-0.22,89.4,43.8,-19.7,0,0,17:47:45
0.49,-0.21,89.4,43.8,-18.8,0,0,17:47:50
0.49,-0.21,89.3,43.8,-18.8,0,0,17:47:55
0.48,-0.21,89.4,42.9,-18.8,0,0,17:48:00
0.48,-0.21,89.4,42.9,-18.8,0,0,17:48:05
0.48,-0.21,89.4,42.9,-18.8,0,0,17:48:10
0.48,-0.2,89.4,42.9,-17.9,0,0,17:48:15
0.47,-0.21,89.3,42,-18.8,0,0,17:48:20
0.47,-0.2,89.3,42,-17.9,0,0,17:48:25
0.47,-0.2,89.4,42,-17.9,0,0,17:48:30
0.46,-0.19,89.4,41.1,-17,0,0,17:48:35
0.46,-0.19,89.3,41.1,-17,0,0,17:48:40
0.45,-0.18,89.4,40.2,-16.1,0,0,17:48:45
0.45,-0.18,89.4,40.2,-16.1,0,0,17:48:50
0.44,-0.18,89.3,39.3,-16.1,0,0,17:48:55
0.44,-0.18,89.3,39.3,-16.1,0,0,17:49:00
0.43,-0.17,89.3,38.4,-15.2,0,0,17:49:05
0.43,-0.16,89.4,38.4,-14.3,0,0,17:49:10
0.42,-0.16,89.3,37.5,-14.3,0,0,17:49:15
0.42,-0.15,89.3,37.5,-13.4,0,0,17:49:20
0.41,-0.15,89.3,36.6,-13.4,0,0,17:49:25
0.4,-0.14,89.3,35.7,-12.5,0,0,17:49:30
0.4,-0.13,89.3,35.7,-11.6,0,0,17:49:35
0.39,-0.12,89.3,34.8,-10.7,0,0,17:49:40
0.39,-0.12,89.3,34.8,-10.7,0,0,17:49:45
