Solar[A],Battery[A],Main_Volt[V],Solar_Watt[W],Battery_Watt[W],Sub_Volt[V],Speed[kmh],time
0.27,-0.01,102.2,27.6,-1,0,0,8:21:20
0.27,-0.01,102.2,27.6,-1,0,0,8:21:25
0.27,-0.01,102.2,27.6,-1,0,0,8:21:30
0.27,0,102.2,27.6,0,0,0,8:21:35
0.27,-0.01,102.2,27.6,-1,0,0,8:21:40
0.27,0.56,102.1,27.6,57.2,0,0,8:21:45
0.62,-0.31,102.2,63.4,-31.7,0,6,8:21:50
0.3,-0.03,102.2,30.7,-3.1,0,12,8:21:55
0.33,-0.02,102.1,33.7,-2,0,10,8:22:00
0.37,0.67,102,37.7,68.3,0,10,8:22:05
1.07,-0.73,102.3,109.5,-74.7,0,11,8:22:10
1.49,-1.12,102.4,152.6,-114.7,0,10,8:22:15
0.54,0.77,102,55.1,78.5,0,17,8:22:20
0.62,-0.29,102.1,63.3,-29.6,0,16,8:22:25
0.89,-0.57,102.2,91,-58.3,0,17,8:22:30
0.52,-0.24,102.2,53.1,-24.5,0,18,8:22:35
0.38,-0.1,102.2,38.8,-10.2,0,19,8:22:40
0.34,-0.06,102.2,34.7,-6.1,0,21,8:22:45
0.4,-0.12,102.2,40.9,-12.3,0,25,8:22:50
0.69,-5.25,103.1,71.1,-541.3,0,21,8:22:55
0.98,-0.66,102.3,100.3,-67.5,0,24,8:23:00
0.3,-8.54,103.6,31.1,-884.7,0,29,8:23:05
0.43,-0.16,102.3,44,-16.4,0,29,8:23:10
0.37,-0.09,102.2,37.8,-9.2,0,36,8:23:15
1.41,-1.05,102.4,144.4,-107.5,0,44,8:23:20
1.19,-0.84,102.4,121.9,-86,0,47,8:23:25
0.52,-0.23,102.3,53.2,-23.5,0,50,8:23:30
0.73,-0.42,102.3,74.7,-43,0,53,8:23:35
0.64,-0.33,102.4,65.5,-33.8,0,55,8:23:40
0.52,-0.22,102.2,53.1,-22.5,0,55,8:23:45
0.65,5.73,101.2,65.8,579.9,0,56,8:23:50
0.7,0.36,102.1,71.5,36.8,0,58,8:23:55
0.72,-0.41,102.2,73.6,-41.9,0,58,8:24:00
0.87,-3.11,102.7,89.3,-319.4,0,57,8:24:05
1.3,-0.94,102.4,133.1,-96.3,0,40,8:24:10
1.96,-1.55,102.5,200.9,-158.9,0,20,8:24:15
1.96,-1.56,102.5,200.9,-159.9,0,7,8:24:20
1.97,-1.56,102.5,201.9,-159.9,0,0,8:24:25
1.87,5.61,101.1,189.1,567.2,0,10,8:24:30
1.4,5.95,101,141.4,601,0,18,8:24:35
0.41,5.25,101.1,41.5,530.8,0,30,8:24:40
0.51,3.7,101.4,51.7,375.2,0,35,8:24:45
0.55,0.58,102,56.1,59.2,0,40,8:24:50
0.51,1,101.9,52,101.9,0,42,8:24:55
0.27,-11.75,104.1,28.1,-1223.2,0,38,8:25:00
0.45,-0.17,102.2,46,-17.4,0,27,8:25:05
0.83,-0.51,102.2,84.8,-52.1,0,26,8:25:10
0.46,-5.47,103.1,47.4,-564,0,21,8:25:15
0.68,-3.73,102.9,70,-383.8,0,17,8:25:20
0.68,-1.95,102.5,69.7,-199.9,0,11,8:25:25
0.75,-0.43,102.4,76.8,-44,0,8,8:25:30
0.58,4.91,101.2,58.7,496.9,0,12,8:25:35
0.72,7.56,100.7,72.5,761.3,0,21,8:25:40
0.67,8.55,100.5,67.3,859.3,0,28,8:25:45
0.71,8.76,100.3,71.2,878.6,0,34,8:25:50
0.67,9.47,100.2,67.1,948.9,0,40,8:25:55
0.67,9.45,100.1,67.1,945.9,0,45,8:26:00
0.81,9.33,100,81,933,0,50,8:26:05
0.69,9.42,100.1,69.1,942.9,0,54,8:26:10
0.77,8.37,100.2,77.2,838.7,0,58,8:26:15
0.75,8.41,100.1,75.1,841.8,0,61,8:26:20
0.78,8.36,100.1,78.1,836.8,0,63,8:26:25
0.79,8.41,100.1,79.1,841.8,0,63,8:26:30
0.79,7.35,100.3,79.2,737.2,0,63,8:26:35
0.79,5.35,100.6,79.5,538.2,0,63,8:26:40
1.23,5.05,100.7,123.9,508.5,0,65,8:26:45
0.83,5.35,100.6,83.5,538.2,0,66,8:26:50
1.22,4.07,100.9,123.1,410.7,0,67,8:26:55
0.98,-4.12,102.3,100.3,-421.5,0,67,8:27:00
0.66,-3.39,102.3,67.5,-346.8,0,65,8:27:05
1.12,-0.78,101.9,114.1,-79.5,0,56,8:27:10
1.05,-0.71,101.9,107,-72.3,0,48,8:27:15
1.01,-0.67,101.9,102.9,-68.3,0,38,8:27:20
0.81,-0.49,101.9,82.5,-49.9,0,25,8:27:25
0.83,5.86,100.7,83.6,590.1,0,24,8:27:30
0.89,7.76,100.3,89.3,778.3,0,29,8:27:35
0.77,11.71,99.5,76.6,1165.1,0,32,8:27:40
0.9,13.7,99.1,89.2,1357.7,0,35,8:27:45
0.8,14.77,98.9,79.1,1460.8,0,36,8:27:50
0.84,14.68,98.9,83.1,1451.9,0,37,8:27:55
0.98,17.63,98.2,96.2,1731.3,0,38,8:28:00
1.26,20.27,97.7,123.1,1980.4,0,43,8:28:05
1.55,21.51,97.4,151,2095.1,0,48,8:28:10
2.07,22.57,97.1,201,2191.5,0,55,8:28:15
2.58,22.06,97.2,250.8,2144.2,0,63,8:28:20
2.73,16.04,98.1,267.8,1573.5,0,71,8:28:25
1.82,-12.63,103.2,187.8,-1303.4,0,72,8:28:30
1.51,-10.54,103.1,155.7,-1086.7,0,69,8:28:35
1.79,-5.7,102.3,183.1,-583.1,0,66,8:28:40
1.29,-8.45,102.8,132.6,-868.7,0,65,8:28:45
1.54,-6.66,102.6,158,-683.3,0,64,8:28:50
1.38,-4.98,102.4,141.3,-510,0,58,8:28:55
1.14,-14.06,104,118.6,-1462.2,0,36,8:29:00
1.44,-1.16,101.8,146.6,-118.1,0,6,8:29:05
1.45,-1.09,101.8,147.6,-111,0,0,8:29:10
1.43,-1.06,101.8,145.6,-107.9,0,0,8:29:15
2.09,5.97,100.5,210,600,0,10,8:29:20
2.2,9.87,99.7,219.3,984,0,24,8:29:25
2.75,11.07,99.5,273.6,1101.5,0,35,8:29:30
2.69,11.13,99.4,267.4,1106.3,0,43,8:29:35
2.65,12.15,99.2,262.9,1205.3,0,50,8:29:40
2.15,11.55,99.2,213.3,1145.8,0,55,8:29:45
2.25,11.46,99.2,223.2,1136.8,0,60,8:29:50
2.24,11.37,99.2,222.2,1127.9,0,63,8:29:55
2.29,-1.85,101.6,232.7,-188,0,62,8:30:00
2.36,-1.88,101.6,239.8,-191,0,59,8:30:05
2.38,-1.94,101.7,242,-197.3,0,57,8:30:10
2.15,-1.72,101.6,218.4,-174.8,0,54,8:30:15
1.75,0.41,101.3,177.3,41.5,0,50,8:30:20
2.34,14.5,98.8,231.2,1432.6,0,52,8:30:25
2.38,15.46,98.5,234.4,1522.8,0,56,8:30:30
2.3,17.41,98.1,225.6,1707.9,0,59,8:30:35
2.3,18.5,97.8,224.9,1809.3,0,62,8:30:40
2.28,21.23,97.2,221.6,2063.6,0,66,8:30:45
2.29,20.72,97.3,222.8,2016.1,0,70,8:30:50
2.17,17.86,97.7,212,1744.9,0,72,8:30:55
2.24,15.32,98.1,219.7,1502.9,0,73,8:31:00
2.32,11.81,98.7,229,1165.6,0,75,8:31:05
2.46,9.49,99.1,243.8,940.5,0,76,8:31:10
2.42,7.56,99.4,240.5,751.5,0,78,8:31:15
2.43,6.08,99.7,242.3,606.2,0,78,8:31:20
1.7,4.08,100.1,170.2,408.4,0,78,8:31:25
2.4,2.07,100.5,241.2,208,0,78,8:31:30
2.44,2.04,100.6,245.5,205.2,0,77,8:31:35
2.43,2.05,100.6,244.5,206.2,0,76,8:31:40
2.42,2.07,100.6,243.5,208.2,0,75,8:31:45
2.42,2.05,100.6,243.5,206.2,0,74,8:31:50
2.45,2.03,100.7,246.7,204.4,0,72,8:31:55
2.41,2.03,100.7,242.7,204.4,0,70,8:32:00
2.29,3.14,100.5,230.1,315.6,0,69,8:32:05
2.46,4.02,100.3,246.7,403.2,0,68,8:32:10
2.42,3.98,100.3,242.7,399.2,0,67,8:32:15
2.47,5.97,100,247,597,0,66,8:32:20
2.19,6.2,99.9,218.8,619.4,0,65,8:32:25
2.35,6.09,99.9,234.8,608.4,0,64,8:32:30
1.8,6.52,99.8,179.6,650.7,0,64,8:32:35
0.6,7.49,99.6,59.8,746,0,63,8:32:40
1.01,6.34,99.7,100.7,632.1,0,63,8:32:45
1.63,-1.25,101.2,165,-126.5,0,61,8:32:50
0.9,-0.57,101.1,91,-57.6,0,59,8:32:55
0.6,3.54,100.4,60.2,355.4,0,59,8:33:00
0.79,1.39,100.7,79.6,140,0,62,8:33:05
0.91,-0.59,101.1,92,-59.6,0,63,8:33:10
0.93,-0.6,101.2,94.1,-60.7,0,64,8:33:15
1.15,-0.8,101.2,116.4,-81,0,64,8:33:20
1.31,-0.95,101.2,132.6,-96.1,0,63,8:33:25
0.68,-13.66,103.5,70.4,-1413.8,0,52,8:33:30
1.05,5.44,100.3,105.3,545.6,0,39,8:33:35
1.16,14,98.7,114.5,1381.8,0,40,8:33:40
1.44,24.02,96.8,139.4,2325.1,0,48,8:33:45
0.66,24.74,96.6,63.8,2389.9,0,54,8:33:50
0.51,22.39,96.9,49.4,2169.6,0,59,8:33:55
0.41,20.96,97.1,39.8,2035.2,0,61,8:34:00
0.47,20.86,97.1,45.6,2025.5,0,63,8:34:05
1.71,19.22,97.3,166.4,1870.1,0,65,8:34:10
1.18,18.11,97.4,114.9,1763.9,0,67,8:34:15
0.78,15.89,97.8,76.3,1554,0,69,8:34:20
2.34,8.91,98.9,231.4,881.2,0,70,8:34:25
1.9,6.59,99.3,188.7,654.4,0,71,8:34:30
1.84,3.32,100,184,332,0,71,8:34:35
0.51,-0.22,100.7,51.4,-22.2,0,71,8:34:40
0.54,-0.21,100.7,54.4,-21.1,0,71,8:34:45
0.78,-0.46,100.8,78.6,-46.4,0,71,8:34:50
0.47,-0.19,100.8,47.4,-19.2,0,72,8:34:55
1.34,-0.98,100.9,135.2,-98.9,0,72,8:35:00
1.2,-0.84,100.9,121.1,-84.8,0,72,8:35:05
1.2,-0.84,101,121.2,-84.8,0,72,8:35:10
1.38,3.89,100.2,138.3,389.8,0,71,8:35:15
1.06,4.16,100.1,106.1,416.4,0,72,8:35:20
1.09,3.15,100.3,109.3,315.9,0,71,8:35:25
1.43,2.86,100.3,143.4,286.9,0,69,8:35:30
1.44,2.81,100.3,144.4,281.8,0,69,8:35:35
2.02,2.36,100.4,202.8,236.9,0,67,8:35:40
1.99,2.33,100.4,199.8,233.9,0,65,8:35:45
1.52,2.7,100.4,152.6,271.1,0,61,8:35:50
2.28,-1.84,101.2,230.7,-186.2,0,57,8:35:55
1.85,4.48,100,185,448,0,55,8:36:00
2.53,3.89,100.1,253.3,389.4,0,56,8:36:05
2.05,4.33,100,205,433,0,58,8:36:10
2.52,3.96,100.1,252.3,396.4,0,60,8:36:15
1.75,4.63,100,175,463,0,62,8:36:20
0.66,5.41,99.8,65.9,539.9,0,62,8:36:25
1.72,3.95,100,172,395,0,62,8:36:30
1.68,4.59,100,168,459,0,61,8:36:35
2.17,4.22,100.1,217.2,422.4,0,61,8:36:40
1.76,4.61,100,176,461,0,61,8:36:45
1.65,4.59,100,165,459,0,60,8:36:50
1.69,5.16,99.8,168.7,515,0,59,8:36:55
1.93,5.39,99.8,192.6,537.9,0,59,8:37:00
1.79,6.46,99.5,178.1,642.8,0,58,8:37:05
2.03,6.27,99.5,202,623.9,0,57,8:37:10
2.5,5.88,99.6,249,585.6,0,56,8:37:15
2.56,5.82,99.6,255,579.7,0,56,8:37:20
2.58,5.81,99.6,257,578.7,0,56,8:37:25
2.64,5.75,99.6,262.9,572.7,0,58,8:37:30
2.51,5.86,99.6,250,583.7,0,62,8:37:35
2.16,6.14,99.5,214.9,610.9,0,66,8:37:40
2.58,-2.11,101,260.6,-213.1,0,71,8:37:45
1.1,-22.77,104.5,115,-2379.5,0,69,8:37:50
2,-1.58,101,202,-159.6,0,68,8:37:55
2.03,-1.6,101.1,205.2,-161.8,0,68,8:38:00
2.2,-1.77,101.1,222.4,-178.9,0,67,8:38:05
2.6,-2.13,101.2,263.1,-215.6,0,65,8:38:10
2.06,-1.65,101.2,208.5,-167,0,63,8:38:15
2.6,-2.14,101.2,263.1,-216.6,0,61,8:38:20
2.59,-2.14,101.2,262.1,-216.6,0,59,8:38:25
2.25,-11.73,102.8,231.3,-1205.8,0,57,8:38:30
1.57,-20.98,104.4,163.9,-2190.3,0,43,8:38:35
0.83,-0.51,101.1,83.9,-51.6,0,41,8:38:40
1.84,-1.44,101.2,186.2,-145.7,0,39,8:38:45
1.8,-7,102.1,183.8,-714.7,0,34,8:38:50
2.6,-2.14,101.4,263.6,-217,0,31,8:38:55
2.6,-2.13,101.4,263.6,-216,0,27,8:39:00
2.51,-8.56,102.4,257,-876.5,0,25,8:39:05
1.35,-5.49,101.9,137.6,-559.4,0,19,8:39:10
1.79,-3.42,101.6,181.9,-347.5,0,12,8:39:15
1.69,-1.31,101.3,171.2,-132.7,0,3,8:39:20
1.72,0.85,100.9,173.5,85.8,0,9,8:39:25
1.31,3.29,100.4,131.5,330.3,0,14,8:39:30
2.47,0.84,100.8,249,84.7,0,18,8:39:35
2.47,-0.62,101.1,249.7,-62.7,0,20,8:39:40
0.71,3.71,100.3,71.2,372.1,0,22,8:39:45
2.66,4.08,100.3,266.8,409.2,0,26,8:39:50
2.64,3.05,100.4,265.1,306.2,0,31,8:39:55
2.75,2.96,100.4,276.1,297.2,0,35,8:40:00
2.66,2.06,100.6,267.6,207.2,0,38,8:40:05
2.34,2.35,100.5,235.2,236.2,0,40,8:40:10
0.55,4.82,100.1,55.1,482.5,0,41,8:40:15
0.7,7.35,99.5,69.7,731.3,0,43,8:40:20
0.41,7.86,99.4,40.8,781.3,0,45,8:40:25
0.49,7.78,99.4,48.7,773.3,0,47,8:40:30
0.51,7.76,99.4,50.7,771.3,0,49,8:40:35
1,7.39,99.4,99.4,734.6,0,51,8:40:40
0.84,7.5,99.4,83.5,745.5,0,52,8:40:45
1.57,6.91,99.5,156.2,687.5,0,54,8:40:50
1.68,6.8,99.5,167.2,676.6,0,56,8:40:55
1.56,6.72,99.4,155.1,668,0,57,8:41:00
2.29,-1.86,101,231.3,-187.9,0,57,8:41:05
1.84,-1.44,100.9,185.7,-145.3,0,55,8:41:10
1.26,-0.91,100.9,127.1,-91.8,0,53,8:41:15
2.41,-1.97,101.1,243.7,-199.2,0,50,8:41:20
2.44,2.82,100.3,244.7,282.8,0,48,8:41:25
1.48,6.99,99.5,147.3,695.5,0,49,8:41:30
2.25,7.68,99.3,223.4,762.6,0,50,8:41:35
2.28,8.18,99.2,226.2,811.5,0,51,8:41:40
2.69,7.86,99.2,266.8,779.7,0,52,8:41:45
1.12,9.17,99,110.9,907.8,0,53,8:41:50
2.18,8.28,99.1,216,820.5,0,54,8:41:55
2.6,7.93,99.2,257.9,786.7,0,55,8:42:00
2.55,7.97,99.2,253,790.6,0,55,8:42:05
2.55,7.95,99.2,253,788.6,0,56,8:42:10
1.62,7.76,99.1,160.5,769,0,57,8:42:15
2.48,7.04,99.3,246.3,699.1,0,57,8:42:20
1.44,6.91,99.3,143,686.2,0,56,8:42:25
3.09,5.59,99.5,307.5,556.2,0,57,8:42:30
1.69,7.7,99.2,167.6,763.8,0,58,8:42:35
3.23,8.39,99,319.8,830.6,0,61,8:42:40
2.48,8.99,98.9,245.3,889.1,0,65,8:42:45
2.89,8.63,98.9,285.8,853.5,0,69,8:42:50
2.98,5.33,99.6,296.8,530.9,0,72,8:42:55
0.59,-0.29,100.6,59.4,-29.2,0,72,8:43:00
1.22,-0.87,100.7,122.9,-87.6,0,71,8:43:05
2.65,-2.19,100.9,267.4,-221,0,70,8:43:10
2.63,-2.16,100.9,265.4,-217.9,0,68,8:43:15
2.73,1.97,100.4,274.1,197.8,0,66,8:43:20
0.32,4.97,99.8,31.9,496,0,65,8:43:25
0.45,6.78,99.5,44.8,674.6,0,65,8:43:30
0.47,6.83,99.4,46.7,678.9,0,64,8:43:35
0.43,6.9,99.3,42.7,685.2,0,64,8:43:40
0.55,6.78,99.3,54.6,673.3,0,64,8:43:45
0.32,7.91,99.2,31.7,784.7,0,63,8:43:50
2.13,7.34,99.2,211.3,728.1,0,64,8:43:55
1.38,3.29,100,138,329,0,63,8:44:00
2.38,2.96,100,238,296,0,62,8:44:05
2.18,4.9,99.6,217.1,488,0,62,8:44:10
1.6,4.83,99.6,159.4,481.1,0,62,8:44:15
1.71,4.84,99.6,170.3,482.1,0,62,8:44:20
1.71,4.69,99.7,170.5,467.6,0,62,8:44:25
1.34,-0.97,100.7,134.9,-97.7,0,61,8:44:30
2.03,-11.63,102.5,208.1,-1192.1,0,55,8:44:35
1.55,-9.88,102.3,158.6,-1010.7,0,47,8:44:40
1.29,-8.32,102.1,131.7,-849.5,0,39,8:44:45
2.14,-1.72,101,216.1,-173.7,0,32,8:44:50
1.9,-1.49,101,191.9,-150.5,0,30,8:44:55
1.71,-1.31,100.9,172.5,-132.2,0,28,8:45:00
2.43,3.31,100.2,243.5,331.7,0,28,8:45:05
3.04,5.67,99.8,303.4,565.9,0,32,8:45:10
2.76,6.81,99.5,274.6,677.6,0,36,8:45:15
2.7,6.87,99.4,268.4,682.9,0,40,8:45:20
2.77,6.79,99.4,275.3,674.9,0,43,8:45:25
3.05,5.58,99.6,303.8,555.8,0,46,8:45:30
2.91,-2.42,101,293.9,-244.4,0,46,8:45:35
2.45,1.69,100.4,246,169.7,0,44,8:45:40
2.71,8.79,99.1,268.6,871.1,0,46,8:45:45
2.61,8.88,99,258.4,879.1,0,49,8:45:50
2.51,7.99,99.1,248.7,791.8,0,51,8:45:55
2.44,-1.99,100.9,246.2,-200.8,0,50,8:46:00
1.6,-1.21,100.8,161.3,-122,0,46,8:46:05
1.74,-1.35,100.9,175.6,-136.2,0,43,8:46:10
1.87,-1.47,100.9,188.7,-148.3,0,39,8:46:15
1.81,3.57,100,181,357,0,37,8:46:20
2.47,8.01,99.2,245,794.6,0,41,8:46:25
2.3,8.14,99.2,228.2,807.5,0,45,8:46:30
2.18,-2.07,100.9,220,-208.9,0,44,8:46:35
1.22,-6.49,101.7,124.1,-660,0,22,8:46:40
2.11,-1.72,101,213.1,-173.7,0,5,8:46:45
2.19,-1.77,101,221.2,-178.8,0,0,8:46:50
2.3,-1.86,101,232.3,-187.9,0,0,8:46:55
2.3,-1.86,101,232.3,-187.9,0,0,8:47:00
2.12,4.58,99.9,211.8,457.5,0,8,8:47:05
2.3,6.27,99.5,228.9,623.9,0,19,8:47:10
2.45,7.09,99.3,243.3,704,0,29,8:47:15
2.49,8.04,99.2,247,797.6,0,37,8:47:20
2.4,7.06,99.3,238.3,701.1,0,44,8:47:25
2.27,7.18,99.2,225.2,712.3,0,50,8:47:30
2.11,6.23,99.4,209.7,619.3,0,56,8:47:35
2.94,4.63,99.8,293.4,462.1,0,61,8:47:40
2.81,3.72,99.9,280.7,371.6,0,65,8:47:45
0.48,1.57,100.3,48.1,157.5,0,69,8:47:50
2.94,2.75,100.1,294.3,275.3,0,71,8:47:55
2.72,3.93,99.9,271.7,392.6,0,72,8:48:00
2.81,3.88,99.8,280.4,387.2,0,72,8:48:05
1.79,4.68,99.7,178.5,466.6,0,72,8:48:10
0.83,5,99.6,82.7,498,0,72,8:48:15
1.51,-1.14,100.7,152.1,-114.8,0,70,8:48:20
2.52,-2.06,100.9,254.3,-207.9,0,69,8:48:25
1.38,-1.01,100.7,139,-101.7,0,69,8:48:30
2.14,-1.72,100.9,215.9,-173.5,0,69,8:48:35
2.2,-1.77,100.9,222,-178.6,0,69,8:48:40
0.55,11.96,98.6,54.2,1179.3,0,70,8:48:45
2.47,10.26,98.8,244,1013.7,0,70,8:48:50
0.47,12.14,98.4,46.2,1194.6,0,68,8:48:55
0.43,12.2,98.4,42.3,1200.5,0,66,8:49:00
2.33,10.36,98.6,229.7,1021.5,0,64,8:49:05
2.56,9.88,98.6,252.4,974.2,0,63,8:49:10
0.46,12.11,98.3,45.2,1190.4,0,63,8:49:15
1.01,12.63,98.3,99.3,1241.5,0,64,8:49:20
2.03,11.74,98.3,199.5,1154,0,65,8:49:25
2.04,11.32,98.4,200.7,1113.9,0,67,8:49:30
0.77,-0.45,100.4,77.3,-45.2,0,66,8:49:35
0.58,-0.28,100.4,58.2,-28.1,0,64,8:49:40
2,-1.59,100.7,201.4,-160.1,0,61,8:49:45
2.94,-2.41,100.9,296.6,-243.2,0,59,8:49:50
2.75,-2.28,100.9,277.5,-230.1,0,51,8:49:55
0.52,-17.85,103.4,53.8,-1845.7,0,47,8:50:00
2.52,-2.06,100.9,254.3,-207.9,0,44,8:50:05
0.62,0.71,100.5,62.3,71.4,0,42,8:50:10
2.68,9.81,98.9,265.1,970.2,0,46,8:50:15
2.12,11.66,98.5,208.8,1148.5,0,51,8:50:20
2.56,-2.16,100.8,258,-217.7,0,44,8:50:25
1.62,-9.24,102,165.2,-942.5,0,27,8:50:30
2.53,9.86,98.9,250.2,975.2,0,33,8:50:35
2.53,7.84,99.1,250.7,776.9,0,38,8:50:40
2.82,4.65,99.6,280.9,463.1,0,42,8:50:45
2.84,2.71,100,284,271,0,43,8:50:50
2.53,3.96,99.8,252.5,395.2,0,44,8:50:55
2.85,3.71,99.8,284.4,370.3,0,47,8:51:00
2.98,4.57,99.6,296.8,455.2,0,49,8:51:05
3.02,6.53,99.3,299.9,648.4,0,52,8:51:10
2.51,6.95,99.2,249,689.4,0,54,8:51:15
2.23,5.71,99.4,221.7,567.6,0,57,8:51:20
2.87,3.68,99.8,286.4,367.3,0,61,8:51:25
2.94,1.61,100.2,294.6,161.3,0,63,8:51:30
2.75,1.77,100.1,275.3,177.2,0,65,8:51:35
2.91,-2.43,100.9,293.6,-245.2,0,64,8:51:40
2.85,-2.37,100.8,287.3,-238.9,0,63,8:51:45
0.86,-0.54,100.6,86.5,-54.3,0,61,8:51:50
2.89,2.75,100,289,275,0,61,8:51:55
1.55,3.92,99.8,154.7,391.2,0,61,8:52:00
2.74,-2.27,100.9,276.5,-229,0,62,8:52:05
2.21,-1.78,100.8,222.8,-179.4,0,64,8:52:10
0.54,-0.21,100.6,54.3,-21.1,0,67,8:52:15
0.6,-0.3,100.6,60.4,-30.2,0,71,8:52:20
0.61,-0.31,100.6,61.4,-31.2,0,74,8:52:25
0.59,-0.33,100.6,59.4,-33.2,0,75,8:52:30
0.68,-0.53,100.7,68.5,-53.4,0,76,8:52:35
0.61,-0.6,100.7,61.4,-60.4,0,77,8:52:40
0.47,-0.22,100.6,47.3,-22.1,0,75,8:52:45
1.23,-0.89,100.7,123.9,-89.6,0,70,8:52:50
0.61,7.25,99.3,60.6,719.9,0,63,8:52:55
2.07,10.26,98.8,204.5,1013.7,0,58,8:53:00
1.42,11.31,98.6,140,1115.2,0,55,8:53:05
2.08,10.58,98.6,205.1,1043.2,0,53,8:53:10
1.82,10.87,98.5,179.3,1070.7,0,53,8:53:15
1.18,11.45,98.4,116.1,1126.7,0,55,8:53:20
0.59,13.04,98.1,57.9,1279.2,0,58,8:53:25
0.88,12.77,98.2,86.4,1254,0,60,8:53:30
2.49,11.36,98.3,244.8,1116.7,0,63,8:53:35
2.51,12.38,98.2,246.5,1215.7,0,65,8:53:40
2.69,11.14,98.3,264.4,1095.1,0,67,8:53:45
3.26,9.22,98.6,321.4,909.1,0,68,8:53:50
2.98,8.45,98.7,294.1,834,0,67,8:53:55
3.07,7.37,98.9,303.6,728.9,0,66,8:54:00
2.93,6.56,99.1,290.4,650.1,0,66,8:54:05
2.34,-1.89,100.5,235.2,-189.9,0,64,8:54:10
3.11,-2.61,100.7,313.2,-262.8,0,62,8:54:15
2.88,-2.4,100.7,290,-241.7,0,60,8:54:20
3.22,-2.71,100.8,324.6,-273.2,0,58,8:54:25
3.01,-2.52,100.8,303.4,-254,0,56,8:54:30
3.01,-2.52,100.9,303.7,-254.3,0,53,8:54:35
3.12,-2.62,100.9,314.8,-264.4,0,51,8:54:40
0.49,-0.19,100.6,49.3,-19.1,0,48,8:54:45
3.06,-2.57,100.9,308.8,-259.3,0,45,8:54:50
3.22,-0.03,100.5,323.6,-3,0,43,8:54:55
3.33,7.93,99.1,330,785.9,0,46,8:55:00
1.95,11.95,98.4,191.9,1175.9,0,50,8:55:05
2.76,-2.94,100.8,278.2,-296.4,0,53,8:55:10
0.9,-15.59,103,92.7,-1605.8,0,38,8:55:15
2.07,-2.57,100.9,208.9,-259.3,0,11,8:55:20
3.05,-2.56,101,308.1,-258.6,0,0,8:55:25
3.05,-2.56,101,308.1,-258.6,0,0,8:55:30
3.06,-2.57,101,309.1,-259.6,0,0,8:55:35
3.06,-2.57,101,309.1,-259.6,0,0,8:55:40
3.06,-2.57,101,309.1,-259.6,0,0,8:55:45
3.08,-2.59,101,311.1,-261.6,0,0,8:55:50
3.07,-2.57,101,310.1,-259.6,0,0,8:55:55
3.15,5.71,99.5,313.4,568.1,0,11,8:56:00
1.78,10.73,98.7,175.7,1059.1,0,24,8:56:05
2.84,10.99,98.6,280,1083.6,0,32,8:56:10
2.6,11.2,98.5,256.1,1103.2,0,39,8:56:15
2.68,11.17,98.5,264,1100.2,0,44,8:56:20
2.81,11.02,98.5,276.8,1085.5,0,48,8:56:25
1.97,10.5,98.5,194,1034.3,0,52,8:56:30
2.36,8.22,98.8,233.2,812.1,0,55,8:56:35
2.71,7.66,98.9,268,757.6,0,57,8:56:40
2.6,7.72,98.9,257.1,763.5,0,60,8:56:45
2.89,6.55,99.2,286.7,649.8,0,62,8:56:50
2.78,6.64,99.1,275.5,658,0,63,8:56:55
3.2,6.23,99.2,317.4,618,0,65,8:57:00
2.98,6.42,99.1,295.3,636.2,0,67,8:57:05
2.08,7.18,99,205.9,710.8,0,70,8:57:10
1.86,7.36,99,184.1,728.6,0,72,8:57:15
3.01,5.5,99.2,298.6,545.6,0,74,8:57:20
3.1,4.55,99.4,308.1,452.3,0,75,8:57:25
2.15,-1.69,100.5,216.1,-169.8,0,74,8:57:30
2.61,-2.15,100.6,262.6,-216.3,0,71,8:57:35
2.8,-2.33,100.7,282,-234.6,0,69,8:57:40
2.34,-1.86,100.6,235.4,-187.1,0,66,8:57:45
2.11,-1.69,100.6,212.3,-170,0,63,8:57:50
1.29,-0.94,100.6,129.8,-94.6,0,60,8:57:55
1.31,4.11,99.7,130.6,409.8,0,58,8:58:00
1.55,5.81,99.4,154.1,577.5,0,57,8:58:05
2.8,6.7,99.2,277.8,664.6,0,58,8:58:10
2.9,6.63,99.2,287.7,657.7,0,60,8:58:15
2.83,6.71,99.1,280.5,665,0,61,8:58:20
2.86,6.66,99.2,283.7,660.7,0,63,8:58:25
2.37,7.06,99,234.6,698.9,0,65,8:58:30
2.91,6.64,99.1,288.4,658,0,67,8:58:35
2.89,6.64,99.1,286.4,658,0,69,8:58:40
3.27,6.32,99.2,324.4,626.9,0,70,8:58:45
3.24,6.34,99.1,321.1,628.3,0,72,8:58:50
1.73,7.61,98.9,171.1,752.6,0,73,8:58:55
2.61,6.8,99,258.4,673.2,0,74,8:59:00
0.62,8.46,98.7,61.2,835,0,76,8:59:05
0.55,7.8,98.9,54.4,771.4,0,76,8:59:10
1.09,7.16,98.9,107.8,708.1,0,77,8:59:15
1.83,6.2,99.1,181.4,614.4,0,78,8:59:20
2.49,5.74,99.1,246.8,568.8,0,78,8:59:25
1.78,5.12,99.3,176.8,508.4,0,78,8:59:30
0.88,5.78,99.2,87.3,573.4,0,78,8:59:35
3.1,4.33,99.4,308.1,430.4,0,77,8:59:40
0.83,6.05,99.1,82.3,599.6,0,78,8:59:45
3.16,4.22,99.4,314.1,419.5,0,78,8:59:50
2.78,4.4,99.4,276.3,437.4,0,77,8:59:55
2.94,2.77,99.7,293.1,276.2,0,77,9:00:00
1.2,4.11,99.5,119.4,408.9,0,77,9:00:05
1.73,-1.36,100.4,173.7,-136.5,0,75,9:00:10
1.38,-1.02,100.5,138.7,-102.5,0,72,9:00:15
0.78,-0.47,100.4,78.3,-47.2,0,70,9:00:20
1.01,-0.65,100.4,101.4,-65.3,0,67,9:00:25
0.47,-0.18,100.4,47.2,-18.1,0,65,9:00:30
0.62,-0.32,100.4,62.2,-32.1,0,63,9:00:35
0.87,-0.54,100.4,87.3,-54.2,0,61,9:00:40
1.03,-0.71,100.4,103.4,-71.3,0,59,9:00:45
1.65,-22.05,103.9,171.4,-2291,0,50,9:00:50
2.83,-2.34,100.9,285.5,-236.1,0,40,9:00:55
2.18,-5.91,101.4,221.1,-599.3,0,40,9:01:00
0.79,-11.6,102.3,80.8,-1186.7,0,35,9:01:05
1.93,-3.8,101.1,195.1,-384.2,0,26,9:01:10
2.58,4.49,99.8,257.5,448.1,0,29,9:01:15
3.11,19.27,97.3,302.6,1875,0,40,9:01:20
3.05,15.15,97.8,298.3,1481.7,0,52,9:01:25
2.79,3.81,99.6,277.9,379.5,0,59,9:01:30
1.72,4.34,99.6,171.3,432.3,0,62,9:01:35
0.49,6.5,99.2,48.6,644.8,0,65,9:01:40
2.6,4.71,99.5,258.7,468.6,0,68,9:01:45
0.79,6.19,99.2,78.4,614,0,69,9:01:50
3.07,4.31,99.5,305.5,428.8,0,69,9:01:55
1.8,6.37,99.2,178.6,631.9,0,69,9:02:00
3.77,4.73,99.5,375.1,470.6,0,68,9:02:05
3.56,4.9,99.4,353.9,487.1,0,68,9:02:10
3.66,4.8,99.4,363.8,477.1,0,68,9:02:15
3.67,4.81,99.5,365.2,478.6,0,68,9:02:20
3.75,4.75,99.5,373.1,472.6,0,68,9:02:25
3.8,4.68,99.4,377.7,465.2,0,69,9:02:30
0.75,-0.43,100.3,75.2,-43.1,0,67,9:02:35
3.46,-2.94,100.7,348.4,-296.1,0,66,9:02:40
1.53,-1.16,100.5,153.8,-116.6,0,66,9:02:45
3.47,-2.95,100.7,349.4,-297.1,0,67,9:02:50
2.55,-2.1,100.7,256.8,-211.5,0,67,9:02:55
2.47,-2.02,100.7,248.7,-203.4,0,65,9:03:00
2.37,6.96,99.1,234.9,689.7,0,66,9:03:05
3.81,6.42,99.2,378,636.9,0,66,9:03:10
4.06,6.49,99.2,402.8,643.8,0,67,9:03:15
2.19,8.03,98.9,216.6,794.2,0,67,9:03:20
2.64,7.69,98.8,260.8,759.8,0,67,9:03:25
3.79,5.38,99.2,376,533.7,0,66,9:03:30
2.71,-2.24,100.6,272.6,-225.3,0,62,9:03:35
3.49,-2.97,100.7,351.4,-299.1,0,60,9:03:40
3.67,-3.13,100.8,369.9,-315.5,0,58,9:03:45
3.53,-3.01,100.8,355.8,-303.4,0,56,9:03:50
2.36,-1.92,100.6,237.4,-193.2,0,54,9:03:55
0.83,-0.52,100.4,83.3,-52.2,0,53,9:04:00
3.24,-2.74,100.8,326.6,-276.2,0,53,9:04:05
1.61,-1.22,100.6,162,-122.7,0,53,9:04:10
2.94,4.27,99.6,292.8,425.3,0,56,9:04:15
1.81,7.42,99,179.2,734.6,0,60,9:04:20
3.9,5.64,99.3,387.3,560.1,0,64,9:04:25
3.65,5.87,99.3,362.4,582.9,0,66,9:04:30
3.83,5.76,99.2,379.9,571.4,0,68,9:04:35
3.95,5.62,99.3,392.2,558.1,0,70,9:04:40
2.99,4.48,99.4,297.2,445.3,0,70,9:04:45
1.08,6.07,99.2,107.1,602.1,0,70,9:04:50
1.3,5.91,99.2,129,586.3,0,70,9:04:55
3.76,3.85,99.5,374.1,383.1,0,71,9:05:00
3.82,-2.85,100.6,384.3,-286.7,0,71,9:05:05
3.79,-3.24,100.7,381.7,-326.3,0,68,9:05:10
3.78,-3.23,100.8,381,-325.6,0,67,9:05:15
3.65,-3.11,100.8,367.9,-313.5,0,67,9:05:20
3.68,-3.13,100.9,371.3,-315.8,0,67,9:05:25
2.18,-1.76,100.6,219.3,-177.1,0,67,9:05:30
1,-0.67,100.5,100.5,-67.3,0,64,9:05:35
1.18,-0.84,100.5,118.6,-84.4,0,62,9:05:40
3.55,-3.01,100.8,357.8,-303.4,0,59,9:05:45
3.99,12.81,98.2,391.8,1257.9,0,59,9:05:50
2.84,25.51,96.2,273.2,2454.1,0,66,9:05:55
3.01,17.62,97.3,292.9,1714.4,0,71,9:06:00
3.49,10.92,98.2,342.7,1072.3,0,74,9:06:05
1.6,13.29,97.9,156.6,1301.1,0,74,9:06:10
3.51,7.66,98.8,346.8,756.8,0,75,9:06:15
2.8,-2.32,100.5,281.4,-233.2,0,71,9:06:20
3.67,-3.14,100.6,369.2,-315.9,0,67,9:06:25
3.43,-2.91,100.7,345.4,-293,0,63,9:06:30
3.45,2.17,99.8,344.3,216.6,0,62,9:06:35
3.61,2.03,99.9,360.6,202.8,0,61,9:06:40
3.51,2.67,99.8,350.3,266.5,0,60,9:06:45
3.57,4.98,99.4,354.9,495,0,59,9:06:50
3.3,5.15,99.4,328,511.9,0,59,9:06:55
3.63,4.98,99.3,360.5,494.5,0,60,9:07:00
4.12,4.56,99.4,409.5,453.3,0,60,9:07:05
4.06,4.57,99.4,403.6,454.3,0,60,9:07:10
4.07,7.44,98.9,402.5,735.8,0,61,9:07:15
4.28,7.26,98.9,423.3,718,0,62,9:07:20
4.28,7.27,98.9,423.3,719,0,63,9:07:25
3.05,8.34,98.7,301,823.2,0,65,9:07:30
2.87,9.62,98.5,282.7,947.6,0,67,9:07:35
4.31,8.21,98.6,425,809.5,0,70,9:07:40
1.99,10.3,98.3,195.6,1012.5,0,71,9:07:45
4.18,7.36,98.7,412.6,726.4,0,69,9:07:50
4.3,6.26,98.9,425.3,619.1,0,67,9:07:55
3.84,6.62,98.9,379.8,654.7,0,65,9:08:00
3.88,6.62,98.9,383.7,654.7,0,63,9:08:05
4.16,6.33,98.9,411.4,626,0,63,9:08:10
3.84,6.58,98.9,379.8,650.8,0,63,9:08:15
3.31,7.11,98.8,327,702.5,0,63,9:08:20
3.8,5.22,99.1,376.6,517.3,0,63,9:08:25
1.25,4.81,99.2,124,477.2,0,63,9:08:30
3.86,2.6,99.6,384.5,259,0,62,9:08:35
3.89,2.69,99.6,387.4,267.9,0,62,9:08:40
3.12,4.08,99.4,310.1,405.6,0,63,9:08:45
4.08,4.5,99.3,405.1,446.9,0,64,9:08:50
4.11,4.52,99.3,408.1,448.8,0,65,9:08:55
4.01,4.63,99.2,397.8,459.3,0,66,9:09:00
4.12,4.5,99.3,409.1,446.9,0,67,9:09:05
4.1,4.5,99.3,407.1,446.9,0,67,9:09:10
3.86,4.7,99.2,382.9,466.2,0,68,9:09:15
3.87,4.69,99.2,383.9,465.2,0,69,9:09:20
3.88,5.65,99.1,384.5,559.9,0,70,9:09:25
3.89,5.62,99.1,385.5,556.9,0,72,9:09:30
3.63,5.87,99.1,359.7,581.7,0,73,9:09:35
3.94,5.62,99.1,390.5,556.9,0,74,9:09:40
4.08,5.48,99.1,404.3,543.1,0,74,9:09:45
3.92,5.68,99.1,388.5,562.9,0,75,9:09:50
3.7,5.8,99,366.3,574.2,0,75,9:09:55
3.9,5.69,99,386.1,563.3,0,75,9:10:00
3.69,5.84,99,365.3,578.2,0,75,9:10:05
3.54,5.92,99,350.5,586.1,0,74,9:10:10
2.82,6.54,98.9,278.9,646.8,0,74,9:10:15
3.8,5.7,99,376.2,564.3,0,73,9:10:20
3.91,5.61,99,387.1,555.4,0,72,9:10:25
3.89,5.65,99,385.1,559.4,0,70,9:10:30
3.95,5.58,99,391.1,552.4,0,69,9:10:35
3.76,5.74,98.9,371.9,567.7,0,68,9:10:40
4.17,5.42,99,412.8,536.6,0,67,9:10:45
3.92,5.62,99,388.1,556.4,0,66,9:10:50
4.12,5.42,99,407.9,536.6,0,65,9:10:55
2.09,7.11,98.8,206.5,702.5,0,64,9:11:00
4.08,5.49,99,403.9,543.5,0,64,9:11:05
4.02,5.52,99,398,546.5,0,63,9:11:10
4,5.49,99,396,543.5,0,62,9:11:15
3.79,5.76,98.9,374.8,569.7,0,62,9:11:20
4.12,5.46,99,407.9,540.5,0,61,9:11:25
3.66,5.84,98.9,362,577.6,0,61,9:11:30
3.78,5.72,99,374.2,566.3,0,62,9:11:35
3.7,5.79,98.9,365.9,572.6,0,62,9:11:40
3.87,5.63,99,383.1,557.4,0,63,9:11:45
3.71,5.8,98.9,366.9,573.6,0,64,9:11:50
3.71,5.76,99,367.3,570.2,0,66,9:11:55
3.72,5.83,98.9,367.9,576.6,0,67,9:12:00
3.61,3.9,99.2,358.1,386.9,0,68,9:12:05
3.63,3.89,99.3,360.5,386.3,0,69,9:12:10
4.02,3.59,99.3,399.2,356.5,0,69,9:12:15
4.15,3.49,99.3,412.1,346.6,0,69,9:12:20
3.62,3.92,99.3,359.5,389.3,0,68,9:12:25
3.47,4.07,99.2,344.2,403.7,0,67,9:12:30
3.75,3.83,99.3,372.4,380.3,0,66,9:12:35
3.64,3.84,99.3,361.5,381.3,0,65,9:12:40
3.68,3.89,99.3,365.4,386.3,0,64,9:12:45
3.04,4.42,99.2,301.6,438.5,0,63,9:12:50
2.67,4.66,99.2,264.9,462.3,0,62,9:12:55
2.16,5.15,99.1,214.1,510.4,0,61,9:13:00
2.76,4.57,99.2,273.8,453.3,0,61,9:13:05
3.81,3.72,99.4,378.7,369.8,0,61,9:13:10
1.88,5.36,99,186.1,530.6,0,61,9:13:15
3.65,3.88,99.2,362.1,384.9,0,63,9:13:20
1.36,5.73,99,134.6,567.3,0,64,9:13:25
3.48,4,99.2,345.2,396.8,0,66,9:13:30
4.36,3.32,99.4,433.4,330,0,67,9:13:35
2.37,4.96,99.1,234.9,491.5,0,67,9:13:40
4.73,2.99,99.4,470.2,297.2,0,67,9:13:45
3.95,3.64,99.3,392.2,361.5,0,66,9:13:50
4.09,3.51,99.3,406.1,348.5,0,65,9:13:55
4.26,3.37,99.4,423.4,335,0,63,9:14:00
3.18,4.28,99.2,315.5,424.6,0,62,9:14:05
4.35,3.31,99.4,432.4,329,0,61,9:14:10
4.26,3.38,99.4,423.4,336,0,61,9:14:15
3.89,3.72,99.3,386.3,369.4,0,61,9:14:20
3.66,3.88,99.3,363.4,385.3,0,60,9:14:25
3.68,4.06,99.3,365.4,403.2,0,59,9:14:30
3.64,4.86,99.1,360.7,481.6,0,59,9:14:35
2.36,5.9,98.9,233.4,583.5,0,59,9:14:40
1.72,6.46,98.8,169.9,638.2,0,59,9:14:45
3.26,5.17,99,322.7,511.8,0,59,9:14:50
3.48,5.04,99.1,344.9,499.5,0,60,9:14:55
1.28,6.81,98.7,126.3,672.1,0,61,9:15:00
1,7.1,98.7,98.7,700.8,0,61,9:15:05
4.01,4.54,99.1,397.4,449.9,0,62,9:15:10
4.12,4.48,99.1,408.3,444,0,63,9:15:15
2.53,5.82,98.9,250.2,575.6,0,65,9:15:20
3.25,5.17,99,321.8,511.8,0,66,9:15:25
4.31,4.29,99.1,427.1,425.1,0,69,9:15:30
3.37,5.08,99,333.6,502.9,0,70,9:15:35
1.66,4.52,99.1,164.5,447.9,0,71,9:15:40
2.35,3.96,99.2,233.1,392.8,0,71,9:15:45
2.7,3.67,99.3,268.1,364.4,0,71,9:15:50
0.96,5.1,99,95,504.9,0,70,9:15:55
3.66,2.89,99.3,363.4,287,0,69,9:16:00
3.55,2.94,99.4,352.9,292.2,0,68,9:16:05
2.03,4.2,99.1,201.2,416.2,0,67,9:16:10
1.61,5.63,99,159.4,557.4,0,65,9:16:15
2.11,5.17,99,208.9,511.8,0,64,9:16:20
2.87,4.49,99.1,284.4,445,0,63,9:16:25
4.32,3.37,99.2,428.5,334.3,0,62,9:16:30
4.37,3.24,99.3,433.9,321.7,0,62,9:16:35
3.6,3.92,99.2,357.1,388.9,0,62,9:16:40
3.76,3.75,99.2,373,372,0,63,9:16:45
0.92,6.19,98.9,91,612.2,0,64,9:16:50
0.8,6.3,98.8,79,622.4,0,65,9:16:55
0.65,6.43,98.8,64.2,635.3,0,65,9:17:00
4.32,3.28,99.3,429,325.7,0,64,9:17:05
4.24,4.4,99.1,420.2,436,0,64,9:17:10
4.08,4.52,99.1,404.3,447.9,0,65,9:17:15
3.56,4.95,99,352.4,490.1,0,66,9:17:20
2.84,5.6,98.9,280.9,553.8,0,66,9:17:25
3.27,5.23,98.9,323.4,517.2,0,66,9:17:30
4.29,4.3,99.1,425.1,426.1,0,66,9:17:35
3.47,5.06,99,343.5,500.9,0,66,9:17:40
3.9,4.67,99,386.1,462.3,0,66,9:17:45
4.44,4.24,99.1,440,420.2,0,66,9:17:50
4.42,5.24,98.9,437.1,518.2,0,67,9:17:55
1.07,7.97,98.5,105.4,785,0,69,9:18:00
1.86,7.32,98.5,183.2,721,0,71,9:18:05
2.59,4.1,99,256.4,405.9,0,73,9:18:10
4.38,-3.78,100.4,439.8,-379.5,0,72,9:18:15
4.22,-3.64,100.4,423.7,-365.5,0,71,9:18:20
4.27,-3.68,100.5,429.1,-369.8,0,71,9:18:25
2.92,-2.43,100.3,292.9,-243.7,0,71,9:18:30
2.59,-2.14,100.3,259.8,-214.6,0,71,9:18:35
0.54,-0.25,100.1,54.1,-25,0,70,9:18:40
0.45,-0.17,100.1,45,-17,0,69,9:18:45
0.43,-0.14,100.1,43,-14,0,67,9:18:50
3.34,5.59,99.1,331,554,0,65,9:18:55
1.51,9.85,98.4,148.6,969.2,0,66,9:19:00
3.21,8.23,98.5,316.2,810.7,0,67,9:19:05
1.69,9.57,98.3,166.1,940.7,0,66,9:19:10
3.54,7.93,98.5,348.7,781.1,0,65,9:19:15
4.3,7.48,98.5,423.6,736.8,0,63,9:19:20
4.49,9.08,98.3,441.4,892.6,0,61,9:19:25
4.57,9.56,98.1,448.3,937.8,0,61,9:19:30
3.59,11,97.9,351.5,1076.9,0,60,9:19:35
2.28,12.27,97.7,222.8,1198.8,0,60,9:19:40
3,9.83,98,294,963.3,0,61,9:19:45
4.45,5.45,98.7,439.2,537.9,0,62,9:19:50
2.79,3.62,99,276.2,358.4,0,62,9:19:55
4.34,2.27,99.3,431,225.4,0,61,9:20:00
2.61,4.71,98.9,258.1,465.8,0,61,9:20:05
4.45,6.15,98.6,438.8,606.4,0,62,9:20:10
3.02,8.46,98.3,296.9,831.6,0,64,9:20:15
3.07,8.31,98.3,301.8,816.9,0,65,9:20:20
3.08,8.32,98.2,302.5,817,0,66,9:20:25
4.33,7.2,98.5,426.5,709.2,0,66,9:20:30
2.19,9.19,98.1,214.8,901.5,0,67,9:20:35
3.76,7.69,98.3,369.6,755.9,0,67,9:20:40
4.45,7.11,98.4,437.9,699.6,0,68,9:20:45
4.51,7.07,98.4,443.8,695.7,0,68,9:20:50
3.66,7.75,98.3,359.8,761.8,0,69,9:20:55
2.85,8.45,98.2,279.9,829.8,0,70,9:21:00
4.49,5.58,98.6,442.7,550.2,0,71,9:21:05
4.36,5.22,98.7,430.3,515.2,0,71,9:21:10
4.34,5.27,98.7,428.4,520.1,0,71,9:21:15
2.06,7.14,98.4,202.7,702.6,0,72,9:21:20
4.5,5.16,98.7,444.2,509.3,0,73,9:21:25
3.87,5.51,98.7,382,543.8,0,74,9:21:30
2.76,6.58,98.5,271.9,648.1,0,75,9:21:35
3.65,5.87,98.6,359.9,578.8,0,75,9:21:40
2.95,6.28,98.5,290.6,618.6,0,75,9:21:45
2.69,6.5,98.5,265,640.3,0,76,9:21:50
4.32,3.37,99,427.7,333.6,0,75,9:21:55
3.78,3.78,99,374.2,374.2,0,75,9:22:00
4.46,3.21,99.1,442,318.1,0,75,9:22:05
3.47,4.04,99,343.5,400,0,74,9:22:10
4.03,3.57,99.1,399.4,353.8,0,74,9:22:15
2.98,2.61,99.2,295.6,258.9,0,74,9:22:20
3.08,-2.59,100.1,308.3,-259.3,0,73,9:22:25
2.71,-2.24,100.1,271.3,-224.2,0,72,9:22:30
1.83,-1.44,99.9,182.8,-143.9,0,73,9:22:35
0.69,-0.45,99.8,68.9,-44.9,0,75,9:22:40
2.46,-2.31,100.2,246.5,-231.5,0,77,9:22:45
4.45,-4.5,100.6,447.7,-452.7,0,78,9:22:50
4.5,-4.51,100.6,452.7,-453.7,0,78,9:22:55
4.49,-4.41,100.6,451.7,-443.6,0,78,9:23:00
4.54,-4.29,100.6,456.7,-431.6,0,77,9:23:05
4.46,-4.13,100.6,448.7,-415.5,0,77,9:23:10
4.6,-4.19,100.6,462.8,-421.5,0,76,9:23:15
3.8,-3.35,100.5,381.9,-336.7,0,76,9:23:20
2.01,5.48,99,199,542.5,0,75,9:23:25
2.78,6.98,98.7,274.4,688.9,0,76,9:23:30
4.56,5.38,98.9,451,532.1,0,77,9:23:35
3.91,5.87,98.8,386.3,580,0,77,9:23:40
0.6,8.08,98.4,59,795.1,0,77,9:23:45
1.29,7.88,98.4,126.9,775.4,0,76,9:23:50
4.54,5.59,98.9,449,552.9,0,76,9:23:55
4.37,-0.38,99.7,435.7,-37.9,0,77,9:24:00
4.39,-3.9,100.4,440.8,-391.6,0,75,9:24:05
4.33,-3.75,100.4,434.7,-376.5,0,74,9:24:10
0.53,-0.24,99.9,52.9,-24,0,73,9:24:15
0.88,-0.56,100,88,-56,0,72,9:24:20
3.37,-2.85,100.3,338,-285.9,0,70,9:24:25
3.72,4.15,99.2,369,411.7,0,68,9:24:30
4.09,6.51,98.7,403.7,642.5,0,69,9:24:35
3.57,6.93,98.6,352,683.3,0,68,9:24:40
4.21,6.39,98.6,415.1,630.1,0,68,9:24:45
3.49,6.95,98.5,343.8,684.6,0,67,9:24:50
4.23,6.36,98.6,417.1,627.1,0,67,9:24:55
4.33,6.02,98.6,426.9,593.6,0,65,9:25:00
4.7,5.02,98.8,464.4,496,0,64,9:25:05
1.97,4.35,98.9,194.8,430.2,0,63,9:25:10
3.32,5.16,98.8,328,509.8,0,63,9:25:15
3,7.37,98.4,295.2,725.2,0,63,9:25:20
2.77,7.54,98.4,272.6,741.9,0,64,9:25:25
4.57,-3.96,100.2,457.9,-396.8,0,63,9:25:30
3.73,-3.19,100.2,373.7,-319.6,0,60,9:25:35
4.57,-3.96,100.4,458.8,-397.6,0,58,9:25:40
3.47,-2.95,100.2,347.7,-295.6,0,57,9:25:45
3.98,6.58,98.7,392.8,649.4,0,60,9:25:50
4.73,5.97,98.7,466.9,589.2,0,65,9:25:55
4.74,5.92,98.7,467.8,584.3,0,68,9:26:00
4.85,5.83,98.7,478.7,575.4,0,71,9:26:05
4.83,5.84,98.6,476.2,575.8,0,72,9:26:10
0.99,9.07,98.1,97.1,889.8,0,72,9:26:15
1.42,8.7,98.1,139.3,853.5,0,72,9:26:20
4.35,6.25,98.5,428.5,615.6,0,70,9:26:25
1.46,8.65,98.1,143.2,848.6,0,69,9:26:30
3.78,5.77,98.5,372.3,568.3,0,68,9:26:35
5.19,4.57,98.8,512.8,451.5,0,67,9:26:40
4.94,2.81,99.1,489.6,278.5,0,67,9:26:45
3.13,4.32,98.8,309.2,426.8,0,67,9:26:50
4.32,3.36,99,427.7,332.6,0,65,9:26:55
3.7,5.84,98.6,364.8,575.8,0,64,9:27:00
4.38,11.62,97.7,427.9,1135.3,0,66,9:27:05
3.97,11.98,97.6,387.5,1169.2,0,67,9:27:10
3.69,12.17,97.5,359.8,1186.6,0,68,9:27:15
2.28,12.28,97.4,222.1,1196.1,0,69,9:27:20
0.85,13.65,97.2,82.6,1326.8,0,69,9:27:25
4.42,10.43,97.7,431.8,1019,0,68,9:27:30
1.44,12.55,97.3,140.1,1221.1,0,68,9:27:35
4.87,8.71,97.8,476.3,851.8,0,68,9:27:40
1.99,11.52,97.5,194,1123.2,0,66,9:27:45
4.86,8.72,97.8,475.3,852.8,0,66,9:27:50
0.83,5.22,98.4,81.7,513.6,0,65,9:27:55
1.46,4.7,98.5,143.8,463,0,66,9:28:00
1.66,4.57,98.6,163.7,450.6,0,68,9:28:05
1.05,5.06,98.6,103.5,498.9,0,69,9:28:10
1.32,4.83,98.6,130.2,476.2,0,70,9:28:15
4.56,2.16,99,451.4,213.8,0,69,9:28:20
3.45,3.1,98.8,340.9,306.3,0,68,9:28:25
4.51,2.18,99,446.5,215.8,0,69,9:28:30
4.17,2.46,99,412.8,243.5,0,70,9:28:35
3.3,3.2,98.9,326.4,316.5,0,71,9:28:40
3,3.42,98.8,296.4,337.9,0,71,9:28:45
3.23,3.23,98.9,319.4,319.4,0,70,9:28:50
4.54,2.14,99.1,449.9,212.1,0,71,9:28:55
4.81,1.94,99.1,476.7,192.3,0,71,9:29:00
2,4.25,98.7,197.4,419.5,0,71,9:29:05
1.77,4.43,98.8,174.9,437.7,0,73,9:29:10
2.78,3.64,98.8,274.7,359.6,0,74,9:29:15
4.57,2.1,99.1,452.9,208.1,0,76,9:29:20
4.81,-4.44,100.2,482,-444.9,0,76,9:29:25
1.71,-1.38,99.7,170.5,-137.6,0,75,9:29:30
3.56,-3.01,100,356,-301,0,73,9:29:35
4.81,-4.18,100.3,482.4,-419.3,0,74,9:29:40
4.57,-4.02,100.3,458.4,-403.2,0,75,9:29:45
1.67,-1.42,99.9,166.8,-141.9,0,75,9:29:50
0.5,5.68,98.7,49.4,560.6,0,74,9:29:55
4.89,1.97,99.3,485.6,195.6,0,74,9:30:00
4.7,2.16,99.2,466.2,214.3,0,72,9:30:05
4.66,2.13,99.2,462.3,211.3,0,69,9:30:10
0.5,5.58,98.6,49.3,550.2,0,66,9:30:15
4.76,2.08,99.2,472.2,206.3,0,64,9:30:20
2.67,3.77,98.9,264.1,372.9,0,63,9:30:25
1.91,6.42,98.5,188.1,632.4,0,63,9:30:30
4.24,4.41,98.8,418.9,435.7,0,64,9:30:35
5.14,3.75,98.9,508.3,370.9,0,65,9:30:40
5,3.82,98.9,494.5,377.8,0,67,9:30:45
5.16,3.68,98.9,510.3,364,0,68,9:30:50
4.97,3.86,98.9,491.5,381.8,0,69,9:30:55
5.15,3.72,98.9,509.3,367.9,0,69,9:31:00
4.88,3.95,98.9,482.6,390.7,0,68,9:31:05
4.95,3.9,98.9,489.6,385.7,0,67,9:31:10
5.06,3.78,98.9,500.4,373.8,0,65,9:31:15
4.99,3.89,98.9,493.5,384.7,0,63,9:31:20
4.78,4.06,98.7,471.8,400.7,0,61,9:31:25
3.14,5.44,98.6,309.6,536.4,0,61,9:31:30
5.07,3.77,98.9,501.4,372.9,0,62,9:31:35
4.76,4.04,98.8,470.3,399.2,0,63,9:31:40
4.78,3.94,98.8,472.3,389.3,0,63,9:31:45
5.13,6.58,98.3,504.3,646.8,0,64,9:31:50
5.17,7.56,98.1,507.2,741.6,0,64,9:31:55
2.4,10.14,97.8,234.7,991.7,0,64,9:32:00
2.98,9.5,97.8,291.4,929.1,0,63,9:32:05
4.71,7.93,98,461.6,777.1,0,62,9:32:10
4.46,8.13,98,437.1,796.7,0,60,9:32:15
2.39,10.11,97.6,233.3,986.7,0,59,9:32:20
4.76,7.86,98,466.5,770.3,0,59,9:32:25
1.21,11.29,97.4,117.9,1099.6,0,60,9:32:30
3.11,8.37,97.8,304.2,818.6,0,62,9:32:35
4.91,6.69,98.1,481.7,656.3,0,64,9:32:40
5.16,6.51,98.1,506.2,638.6,0,66,9:32:45
1.71,9.56,97.7,167.1,934,0,68,9:32:50
2.63,7.64,97.9,257.5,748,0,69,9:32:55
0.87,9.08,97.7,85,887.1,0,70,9:33:00
4,6.45,98.1,392.4,632.7,0,70,9:33:05
5.34,5.37,98.3,524.9,527.9,0,70,9:33:10
5.31,5.4,98.3,522,530.8,0,71,9:33:15
5.43,4.31,98.5,534.9,424.5,0,72,9:33:20
5.25,-4.59,100,525,-459,0,72,9:33:25
5.12,-4.47,100,512,-447,0,73,9:33:30
4.98,-4.34,100,498,-434,0,73,9:33:35
4.47,-3.85,100,447,-385,0,72,9:33:40
4.71,-6.9,100.6,473.8,-694.1,0,68,9:33:45
4.45,-3.85,100.1,445.4,-385.4,0,64,9:33:50
4.94,-4.32,100.3,495.5,-433.3,0,61,9:33:55
5,-4.37,100.3,501.5,-438.3,0,58,9:34:00
2.77,3.67,99,274.2,363.3,0,55,9:34:05
5.15,5.98,98.5,507.3,589,0,56,9:34:10
1.92,10.76,97.7,187.6,1051.3,0,59,9:34:15
5.3,7.58,98,519.4,742.8,0,63,9:34:20
5.22,7.63,98.1,512.1,748.5,0,66,9:34:25
4.15,7.73,98,406.7,757.5,0,68,9:34:30
3.87,3.83,98.7,382,378,0,67,9:34:35
4.89,-4.26,100,489,-426,0,65,9:34:40
3.6,-3.07,99.9,359.6,-306.7,0,63,9:34:45
5.07,-4.42,100.1,507.5,-442.4,0,61,9:34:50
4.85,0.89,99.3,481.6,88.4,0,61,9:34:55
5.28,1.84,99.2,523.8,182.5,0,64,9:35:00
1.69,4.75,98.7,166.8,468.8,0,65,9:35:05
3.31,3.47,98.8,327,342.8,0,66,9:35:10
4.72,1.16,99.2,468.2,115.1,0,65,9:35:15
4.91,1.07,99.2,487.1,106.1,0,64,9:35:20
4.9,0.73,99.3,486.6,72.5,0,62,9:35:25
5.27,-0.17,99.5,524.4,-16.9,0,60,9:35:30
3.75,1.05,99.2,372,104.2,0,59,9:35:35
5.24,-0.21,99.5,521.4,-20.9,0,59,9:35:40
5.26,-0.25,99.5,523.4,-24.9,0,59,9:35:45
5.29,-0.22,99.5,526.4,-21.9,0,59,9:35:50
5.34,-0.32,99.5,531.3,-31.8,0,60,9:35:55
5.43,-0.32,99.5,540.3,-31.8,0,61,9:36:00
5.4,-0.31,99.5,537.3,-30.8,0,60,9:36:05
5.32,-0.21,99.5,529.3,-20.9,0,60,9:36:10
5.38,-0.32,99.5,535.3,-31.8,0,59,9:36:15
5.35,-0.27,99.5,532.3,-26.9,0,58,9:36:20
3.47,2.27,99.1,343.9,225,0,59,9:36:25
5.43,0.63,99.3,539.2,62.6,0,59,9:36:30
5.38,0.72,99.4,534.8,71.6,0,60,9:36:35
5.32,0.78,99.3,528.3,77.5,0,60,9:36:40
5.32,1.78,99.2,527.7,176.6,0,61,9:36:45
5.5,4.47,98.7,542.9,441.2,0,63,9:36:50
5.55,4.39,98.7,547.8,433.3,0,64,9:36:55
5.34,2.68,98.9,528.1,265.1,0,64,9:37:00
5.31,1.74,99,525.7,172.3,0,62,9:37:05
5.38,1.62,99.1,533.2,160.5,0,59,9:37:10
4.71,2.6,99,466.3,257.4,0,58,9:37:15
5.21,3.78,98.8,514.7,373.5,0,58,9:37:20
3.02,5.57,98.5,297.5,548.6,0,58,9:37:25
5.47,8.74,97.9,535.5,855.6,0,60,9:37:30
4.48,15.57,96.8,433.7,1507.2,0,65,9:37:35
2.47,17.25,96.5,238.4,1664.6,0,69,9:37:40
4.52,13.41,97,438.4,1300.8,0,72,9:37:45
5,10.49,97.4,487,1021.7,0,74,9:37:50
5.16,8.6,97.7,504.1,840.2,0,75,9:37:55
5.26,8.82,97.6,513.4,860.8,0,74,9:38:00
5.35,7.32,97.8,523.2,715.9,0,73,9:38:05
5.48,7.28,97.9,536.5,712.7,0,72,9:38:10
5.64,4.06,98.4,555,399.5,0,71,9:38:15
5.93,4.83,98.3,582.9,474.8,0,70,9:38:20
5.02,7.39,97.9,491.5,723.5,0,70,9:38:25
5.32,10.28,97.4,518.2,1001.3,0,71,9:38:30
2.7,10.09,97.4,263,982.8,0,75,9:38:35
3.74,-3.53,99.5,372.1,-351.2,0,76,9:38:40
2.19,-2.04,99.4,217.7,-202.8,0,76,9:38:45
5.61,-5.01,100,561,-501,0,75,9:38:50
5.75,4.08,98.5,566.4,401.9,0,74,9:38:55
5.11,7.37,98,500.8,722.3,0,76,9:39:00
5.54,4.68,98.3,544.6,460,0,77,9:39:05
5.78,3.67,98.5,569.3,361.5,0,77,9:39:10
5.89,4.34,98.4,579.6,427.1,0,77,9:39:15
5.83,4.17,98.4,573.7,410.3,0,77,9:39:20
3.59,5.44,98.3,352.9,534.8,0,77,9:39:25
5.82,3.92,98.5,573.3,386.1,0,77,9:39:30
5.91,4.11,98.4,581.5,404.4,0,77,9:39:35
5.41,5.79,98.2,531.3,568.6,0,76,9:39:40
4.98,-19.2,102,508,-1958.4,0,73,9:39:45
4.6,-4,99.9,459.5,-399.6,0,51,9:39:50
4.58,12.39,97.3,445.6,1205.5,0,53,9:39:55
4.1,15.39,96.7,396.5,1488.2,0,58,9:40:00
5.38,10.47,97.4,524,1019.8,0,62,9:40:05
5.36,2.7,98.6,528.5,266.2,0,62,9:40:10
5.48,2.3,98.7,540.9,227,0,61,9:40:15
5.28,2.48,98.6,520.6,244.5,0,60,9:40:20
3.68,3.84,98.5,362.5,378.2,0,59,9:40:25
5.66,2.18,98.8,559.2,215.4,0,58,9:40:30
4.81,2.87,98.7,474.7,283.3,0,59,9:40:35
6.08,1.85,98.9,601.3,183,0,59,9:40:40
6.11,1.81,98.9,604.3,179,0,60,9:40:45
6.01,1.93,98.9,594.4,190.9,0,60,9:40:50
6,1.88,98.9,593.4,185.9,0,61,9:40:55
5.93,1.95,98.9,586.5,192.9,0,62,9:41:00
5.96,1.95,98.9,589.4,192.9,0,64,9:41:05
6.02,1.93,98.9,595.4,190.9,0,65,9:41:10
5.87,2.01,98.8,580,198.6,0,65,9:41:15
5.76,2.1,98.9,569.7,207.7,0,65,9:41:20
5.62,2.3,98.8,555.3,227.2,0,65,9:41:25
5.43,2.42,98.8,536.5,239.1,0,65,9:41:30
5.34,2.5,98.7,527.1,246.8,0,64,9:41:35
5.57,2.26,98.8,550.3,223.3,0,62,9:41:40
5.66,2.18,98.8,559.2,215.4,0,60,9:41:45
4.58,3.13,98.6,451.6,308.6,0,58,9:41:50
1.88,6.37,98.1,184.4,624.9,0,57,9:41:55
5.66,3.21,98.6,558.1,316.5,0,56,9:42:00
1.84,6.39,98.1,180.5,626.9,0,57,9:42:05
5.68,3.19,98.6,560,314.5,0,58,9:42:10
5.57,3.3,98.6,549.2,325.4,0,60,9:42:15
5.64,3.19,98.6,556.1,314.5,0,62,9:42:20
1.96,6.27,98.1,192.3,615.1,0,63,9:42:25
2.95,5.48,98.2,289.7,538.1,0,63,9:42:30
3.07,5.37,98.2,301.5,527.3,0,63,9:42:35
1.53,6.7,98,149.9,656.6,0,61,9:42:40
1.48,6.68,98,145,654.6,0,59,9:42:45
5.55,3.29,98.5,546.7,324.1,0,58,9:42:50
5.23,3.56,98.4,514.6,350.3,0,57,9:42:55
5.74,3.13,98.6,566,308.6,0,57,9:43:00
5.7,3.18,98.5,561.5,313.2,0,58,9:43:05
5.68,3.17,98.5,559.5,312.2,0,58,9:43:10
1.68,6.51,98,164.6,638,0,59,9:43:15
3.31,5.16,98.2,325,506.7,0,59,9:43:20
3.84,4.72,98.2,377.1,463.5,0,59,9:43:25
3.28,5.16,98.1,321.8,506.2,0,58,9:43:30
4.29,4.36,98.2,421.3,428.2,0,56,9:43:35
4.07,4.54,98.2,399.7,445.8,0,55,9:43:40
5.57,3.25,98.4,548.1,319.8,0,54,9:43:45
5.75,5.15,98.1,564.1,505.2,0,54,9:43:50
5.92,7.84,97.7,578.4,766,0,57,9:43:55
6.01,7.83,97.7,587.2,765,0,61,9:44:00
6.01,7.76,97.7,587.2,758.2,0,66,9:44:05
5.83,7.92,97.6,569,773,0,71,9:44:10
5.67,5.49,97.9,555.1,537.5,0,76,9:44:15
5.48,-0.95,99,542.5,-94.1,0,80,9:44:20
5.42,-5.3,99.7,540.4,-528.4,0,83,9:44:25
5.21,-3.58,99.5,518.4,-356.2,0,82,9:44:30
5.38,-5.57,99.9,537.5,-556.4,0,78,9:44:35
4.17,0.64,98.9,412.4,63.3,0,74,9:44:40
5.63,5.36,98.2,552.9,526.4,0,74,9:44:45
5.17,5.54,98.1,507.2,543.5,0,75,9:44:50
5.63,4.7,98.2,552.9,461.5,0,76,9:44:55
5.41,3.67,98.4,532.3,361.1,0,77,9:45:00
5.46,1.14,98.8,539.4,112.6,0,79,9:45:05
5.39,-0.77,99.1,534.1,-76.3,0,80,9:45:10
5.52,-2.19,99.3,548.1,-217.5,0,81,9:45:15
5.56,-2.28,99.4,552.7,-226.6,0,81,9:45:20
5.57,-0.81,99.2,552.5,-80.4,0,80,9:45:25
5.6,0.19,99.1,555,18.8,0,79,9:45:30
5.69,0.44,99,563.3,43.6,0,77,9:45:35
2.8,2.59,98.7,276.4,255.6,0,77,9:45:40
5.53,-0.09,99.1,548,-8.9,0,78,9:45:45
5.53,-0.75,99.2,548.6,-74.4,0,80,9:45:50
5.44,-1.24,99.3,540.2,-123.1,0,80,9:45:55
5.73,-0.66,99.2,568.4,-65.5,0,79,9:46:00
4.49,-4.39,99.8,448.1,-438.1,0,77,9:46:05
5.52,-4.85,99.9,551.4,-484.5,0,74,9:46:10
3.55,-3.04,99.7,353.9,-303.1,0,72,9:46:15
5.41,-4.74,100,541,-474,0,71,9:46:20
1.1,-0.76,99.3,109.2,-75.5,0,70,9:46:25
4.48,-23.46,102.8,460.5,-2411.7,0,67,9:46:30
3.74,-20.01,102.4,383,-2049,0,56,9:46:35
5.79,-5.11,100.2,580.2,-512,0,56,9:46:40
5.77,-5.09,100.2,578.2,-510,0,56,9:46:45
5.63,-4.94,100.2,564.1,-495,0,53,9:46:50
5.26,-4.61,100.1,526.5,-461.5,0,53,9:46:55
4.75,3.09,98.9,469.8,305.6,0,51,9:47:00
5.17,5.78,98.4,508.7,568.8,0,52,9:47:05
5.61,6.38,98.3,551.5,627.2,0,52,9:47:10
5.32,7.55,98,521.4,739.9,0,52,9:47:15
3.75,10.06,97.5,365.6,980.9,0,52,9:47:20
5.67,8.2,97.8,554.5,802,0,52,9:47:25
0.72,12.86,97.1,69.9,1248.7,0,53,9:47:30
2.3,11.35,97.2,223.6,1103.2,0,55,9:47:35
4.67,7.05,97.8,456.7,689.5,0,58,9:47:40
2.78,7.3,97.8,271.9,713.9,0,61,9:47:45
5.55,1.43,98.6,547.2,141,0,64,9:47:50
4.6,-3.99,99.6,458.2,-397.4,0,66,9:47:55
3.43,-2.91,99.5,341.3,-289.5,0,67,9:48:00
4.2,-3.63,99.6,418.3,-361.5,0,68,9:48:05
5.13,-4.49,99.8,512,-448.1,0,71,9:48:10
5.11,-4.47,99.8,510,-446.1,0,73,9:48:15
4.67,-4.11,99.8,466.1,-410.2,0,75,9:48:20
5.19,-4.87,100,519,-487,0,77,9:48:25
4.23,-4.41,99.9,422.6,-440.6,0,78,9:48:30
3.76,-3.64,99.8,375.2,-363.3,0,77,9:48:35
0.9,-0.59,99.4,89.5,-58.6,0,73,9:48:40
4.67,-4.06,99.9,466.5,-405.6,0,70,9:48:45
5.92,-5.22,100.1,592.6,-522.5,0,67,9:48:50
6.05,2.58,98.8,597.7,254.9,0,66,9:48:55
6.08,3.05,98.7,600.1,301,0,66,9:49:00
6.13,4.95,98.4,603.2,487.1,0,67,9:49:05
6.04,5,98.3,593.7,491.5,0,68,9:49:10
5.9,4.62,98.4,580.6,454.6,0,69,9:49:15
1.32,7.96,97.8,129.1,778.5,0,70,9:49:20
1.3,7.96,97.7,127,777.7,0,71,9:49:25
3.84,-3.02,99.5,382.1,-300.5,0,71,9:49:30
1,-23.28,102.7,102.7,-2390.9,0,63,9:49:35
2.84,-2.38,99.7,283.1,-237.3,0,45,9:49:40
5.63,-1.98,99.6,560.7,-197.2,0,40,9:49:45
5.94,3.21,98.7,586.3,316.8,0,40,9:49:50
5.72,-5.03,100.1,572.6,-503.5,0,35,9:49:55
5.79,4.97,98.4,569.7,489,0,34,9:50:00
5.92,7.96,98,580.2,780.1,0,38,9:50:05
6.02,7.87,97.8,588.8,769.7,0,43,9:50:10
6.04,7.85,97.7,590.1,766.9,0,47,9:50:15
5.81,7.04,97.9,568.8,689.2,0,50,9:50:20
5.67,-3,99.5,564.2,-298.5,0,51,9:50:25
5.87,-5.17,99.9,586.4,-516.5,0,48,9:50:30
5.89,-5.2,99.9,588.4,-519.5,0,45,9:50:35
5.83,-5.14,100,583,-514,0,42,9:50:40
6.14,4.26,98.5,604.8,419.6,0,42,9:50:45
6.28,12.63,97.1,609.8,1226.4,0,47,9:50:50
6.06,9.91,97.5,590.9,966.2,0,52,9:50:55
5.97,-0.03,99,591,-3,0,53,9:51:00
4.77,0.97,98.8,471.3,95.8,0,53,9:51:05
5.98,-0.01,99,592,-1,0,53,9:51:10
5.93,-0.01,99.1,587.7,-1,0,53,9:51:15
2.95,2.54,98.7,291.2,250.7,0,53,9:51:20
5.79,0.16,99,573.2,15.8,0,52,9:51:25
5.67,0.22,99.1,561.9,21.8,0,52,9:51:30
5.83,1.1,98.9,576.6,108.8,0,53,9:51:35
5.72,1.18,98.9,565.7,116.7,0,56,9:51:40
5.7,1.19,98.9,563.7,117.7,0,60,9:51:45
5.9,1.02,98.9,583.5,100.9,0,64,9:51:50
6.25,2.77,98.6,616.3,273.1,0,66,9:51:55
6.27,3.73,98.4,617,367,0,67,9:52:00
6.22,4.71,98.3,611.4,463,0,68,9:52:05
6.19,4.71,98.3,608.5,463,0,69,9:52:10
6.18,4.75,98.3,607.5,466.9,0,70,9:52:15
6.18,-5.46,99.8,616.8,-544.9,0,69,9:52:20
6.09,-5.37,99.9,608.4,-536.5,0,66,9:52:25
6.11,-5.41,100,611,-541,0,65,9:52:30
6.08,-5.37,100,608,-537,0,64,9:52:35
6.23,-5.52,100,623,-552,0,62,9:52:40
6.19,-5.47,100,619,-547,0,59,9:52:45
6.29,0.8,99.1,623.3,79.3,0,58,9:52:50
6.19,5.74,98.2,607.9,563.7,0,60,9:52:55
6.31,5.53,98.2,619.6,543,0,63,9:53:00
6.34,5.58,98.2,622.6,548,0,66,9:53:05
6.33,5.58,98.2,621.6,548,0,68,9:53:10
6.42,5.53,98.1,629.8,542.5,0,69,9:53:15
6.39,-5.66,100,639,-566,0,67,9:53:20
6.28,-5.51,100,628,-551,0,65,9:53:25
6.26,-5.54,100,626,-554,0,64,9:53:30
6.34,-5.59,100.1,634.6,-559.6,0,60,9:53:35
6.53,1.63,98.9,645.8,161.2,0,58,9:53:40
6.52,1.6,98.9,644.8,158.2,0,58,9:53:45
6.42,1.68,98.9,634.9,166.2,0,58,9:53:50
6.57,1.58,98.9,649.8,156.3,0,59,9:53:55
6.55,1.61,98.9,647.8,159.2,0,60,9:54:00
6.51,1.67,98.9,643.8,165.2,0,61,9:54:05
6.53,1.58,98.9,645.8,156.3,0,62,9:54:10
6.6,2.57,98.7,651.4,253.7,0,63,9:54:15
6.65,2.45,98.7,656.4,241.8,0,66,9:54:20
6.59,3.48,98.6,649.8,343.1,0,67,9:54:25
5.97,3.96,98.5,588,390.1,0,65,9:54:30
6.07,3.94,98.4,597.3,387.7,0,63,9:54:35
6.11,4.84,98.3,600.6,475.8,0,61,9:54:40
6.01,4.97,98.3,590.8,488.6,0,62,9:54:45
6.15,4.71,98.3,604.5,463,0,64,9:54:50
2.04,8.41,97.6,199.1,820.8,0,66,9:54:55
6.15,5.77,98,602.7,565.5,0,68,9:55:00
6.21,5.75,98,608.6,563.5,0,68,9:55:05
6.31,5.63,98,618.4,551.7,0,67,9:55:10
6.13,5.78,98,600.7,566.4,0,67,9:55:15
5.02,6.73,97.8,491,658.2,0,69,9:55:20
6.13,5.84,97.9,600.1,571.7,0,71,9:55:25
6.24,5.56,97.9,610.9,544.3,0,73,9:55:30
6.24,5.33,98,611.5,522.3,0,75,9:55:35
6.21,4.8,98,608.6,470.4,0,76,9:55:40
6.42,4.26,98.1,629.8,417.9,0,76,9:55:45
6.27,4.07,98.2,615.7,399.7,0,77,9:55:50
6.18,4.13,98.2,606.9,405.6,0,76,9:55:55
3.79,7.27,97.6,369.9,709.6,0,74,9:56:00
6.1,5.93,97.8,596.6,580,0,72,9:56:05
5.88,6.02,97.8,575.1,588.8,0,70,9:56:10
6.09,5.83,97.8,595.6,570.2,0,68,9:56:15
6.17,5.78,97.8,603.4,565.3,0,67,9:56:20
5.95,5.77,97.8,581.9,564.3,0,69,9:56:25
5.91,3.98,98.1,579.8,390.4,0,71,9:56:30
5.25,4.6,98,514.5,450.8,0,73,9:56:35
5.38,4.5,97.9,526.7,440.6,0,74,9:56:40
5.81,4.2,98,569.4,411.6,0,75,9:56:45
5.52,4.29,98,541,420.4,0,75,9:56:50
5.61,4.21,98,549.8,412.6,0,75,9:56:55
5.61,4.29,98,549.8,420.4,0,75,9:57:00
5.75,4.15,98.1,564.1,407.1,0,75,9:57:05
5.84,4.11,98.1,572.9,403.2,0,75,9:57:10
5.81,4.21,98,569.4,412.6,0,75,9:57:15
5.84,4.04,98,572.3,395.9,0,75,9:57:20
5.8,3.97,98.1,569,389.5,0,75,9:57:25
5.84,3.88,98.1,572.9,380.6,0,75,9:57:30
6.27,3.23,98.2,615.7,317.2,0,76,9:57:35
6.26,3.09,98.2,614.7,303.4,0,76,9:57:40
6.29,3.01,98.2,617.7,295.6,0,76,9:57:45
6.35,2.85,98.3,624.2,280.2,0,76,9:57:50
6.34,3.53,98.2,622.6,346.6,0,75,9:57:55
6.35,3.73,98.1,622.9,365.9,0,74,9:58:00
6.34,3.77,98.1,622,369.8,0,73,9:58:05
6.38,3.67,98,625.2,359.7,0,73,9:58:10
6.76,3.31,98.2,663.8,325,0,71,9:58:15
6.48,3.53,98.1,635.7,346.3,0,70,9:58:20
6.46,3.58,98.1,633.7,351.2,0,67,9:58:25
6.41,3.61,98.1,628.8,354.1,0,66,9:58:30
6.38,3.65,98.1,625.9,358.1,0,66,9:58:35
6.21,3.73,98.1,609.2,365.9,0,67,9:58:40
6.27,1.74,98.4,617,171.2,0,68,9:58:45
6.31,1.73,98.5,621.5,170.4,0,68,9:58:50
6.06,-1.06,98.9,599.3,-104.8,0,67,9:58:55
5.49,-4.83,99.5,546.3,-480.6,0,64,9:59:00
5.71,-5.02,99.6,568.7,-500,0,60,9:59:05
5.99,3.03,98.3,588.8,297.8,0,60,9:59:10
6.07,2.94,98.3,596.7,289,0,61,9:59:15
6.1,2.98,98.3,599.6,292.9,0,61,9:59:20
6.26,3.72,98.2,614.7,365.3,0,62,9:59:25
6.53,3.55,98.2,641.2,348.6,0,64,9:59:30
6.27,-5.55,99.6,624.5,-552.8,0,63,9:59:35
6.18,-5.46,99.7,616.1,-544.4,0,62,9:59:40
6.2,-5.48,99.8,618.8,-546.9,0,62,9:59:45
6.19,-5.46,99.8,617.8,-544.9,0,62,9:59:50
6.15,-5.43,99.8,613.8,-541.9,0,63,9:59:55
6.13,-5.42,99.8,611.8,-540.9,0,64,10:00:00
6.14,-5.43,99.8,612.8,-541.9,0,64,10:00:05
6.37,1.35,98.8,629.4,133.4,0,65,10:00:10
6.41,1.75,98.6,632,172.6,0,66,10:00:15
6.42,1.66,98.7,633.7,163.8,0,66,10:00:20
6.41,1.73,98.6,632,170.6,0,66,10:00:25
6.43,1.68,98.6,634,165.6,0,66,10:00:30
6.42,1.72,98.6,633,169.6,0,65,10:00:35
6.4,1.7,98.6,631,167.6,0,65,10:00:40
6.36,0.79,98.8,628.4,78.1,0,66,10:00:45
6.32,0.79,98.8,624.4,78.1,0,68,10:00:50
6.19,-5.47,99.8,617.8,-545.9,0,69,10:00:55
6.21,-5.48,99.8,619.8,-546.9,0,67,10:01:00
6.27,-5.55,99.8,625.7,-553.9,0,65,10:01:05
6.15,-5.43,99.8,613.8,-541.9,0,61,10:01:10
6.14,-5.42,99.8,612.8,-540.9,0,58,10:01:15
6.12,-5.39,99.8,610.8,-537.9,0,56,10:01:20
5.82,-5.12,99.8,580.8,-511,0,53,10:01:25
5.83,3.09,98.6,574.8,304.7,0,55,10:01:30
5.86,4.12,98.3,576,405,0,58,10:01:35
5.88,4.03,98.3,578,396.1,0,63,10:01:40
5.93,4,98.3,582.9,393.2,0,67,10:01:45
6.26,3.75,98.3,615.4,368.6,0,69,10:01:50
6.43,3.6,98.3,632.1,353.9,0,70,10:01:55
6.5,3.59,98.3,639,352.9,0,70,10:02:00
6.51,3.56,98.3,639.9,349.9,0,71,10:02:05
6.37,3.69,98.3,626.2,362.7,0,72,10:02:10
6.42,3.66,98.3,631.1,359.8,0,73,10:02:15
6.43,3.56,98.2,631.4,349.6,0,74,10:02:20
6.44,-0.32,98.9,636.9,-31.6,0,73,10:02:25
6.42,-0.33,98.9,634.9,-32.6,0,72,10:02:30
6.48,-0.35,98.9,640.9,-34.6,0,71,10:02:35
6.63,-0.53,98.9,655.7,-52.4,0,70,10:02:40
6.4,-0.32,98.9,633,-31.6,0,70,10:02:45
6.4,-0.3,98.9,633,-29.7,0,70,10:02:50
6.36,-0.28,98.9,629,-27.7,0,70,10:02:55
6.48,-0.37,98.9,640.9,-36.6,0,70,10:03:00
6.5,-0.42,99,643.5,-41.6,0,70,10:03:05
6.46,-0.36,98.9,638.9,-35.6,0,69,10:03:10
6.53,-0.43,99,646.5,-42.6,0,68,10:03:15
6.33,-0.23,98.9,626,-22.7,0,68,10:03:20
6.51,-0.42,98.9,643.8,-41.5,0,67,10:03:25
6.32,-0.15,98.9,625,-14.8,0,66,10:03:30
6.45,-0.3,98.9,637.9,-29.7,0,66,10:03:35
6.38,-0.24,99,631.6,-23.8,0,65,10:03:40
6.34,-0.2,98.9,627,-19.8,0,64,10:03:45
6.24,-0.11,98.9,617.1,-10.9,0,64,10:03:50
6.06,0,98.9,599.3,0,0,64,10:03:55
6.01,0.03,98.9,594.4,3,0,65,10:04:00
6.17,-0.11,98.9,610.2,-10.9,0,65,10:04:05
6.2,-0.09,99,613.8,-8.9,0,65,10:04:10
6.24,-0.22,98.9,617.1,-21.8,0,64,10:04:15
6.31,-0.3,98.9,624.1,-29.7,0,64,10:04:20
6.45,-0.25,99,638.6,-24.8,0,63,10:04:25
6.45,-0.31,99,638.6,-30.7,0,64,10:04:30
6.6,-0.45,99,653.4,-44.6,0,64,10:04:35
6.71,0.46,98.9,663.6,45.5,0,65,10:04:40
6.79,0.44,98.9,671.5,43.5,0,66,10:04:45
6.58,0.57,98.9,650.8,56.4,0,66,10:04:50
6.69,0.5,98.9,661.6,49.5,0,67,10:04:55
6.74,0.36,98.9,666.6,35.6,0,67,10:05:00
6.64,0.53,98.9,656.7,52.4,0,66,10:05:05
6.72,0.47,98.9,664.6,46.5,0,67,10:05:10
6.54,0.58,98.8,646.2,57.3,0,68,10:05:15
6.46,0.66,98.9,638.9,65.3,0,70,10:05:20
6.49,0.65,98.8,641.2,64.2,0,71,10:05:25
6.6,0.53,98.9,652.7,52.4,0,71,10:05:30
6.51,0.6,98.8,643.2,59.3,0,71,10:05:35
6.55,0.58,98.9,647.8,57.4,0,71,10:05:40
6.53,0.56,98.9,645.8,55.4,0,71,10:05:45
6.71,0.43,98.8,662.9,42.5,0,71,10:05:50
6.88,0.27,98.9,680.4,26.7,0,70,10:05:55
6.64,0.5,98.9,656.7,49.5,0,67,10:06:00
6.6,0.52,98.9,652.7,51.4,0,65,10:06:05
6.64,0.5,98.8,656,49.4,0,64,10:06:10
6.58,0.56,98.8,650.1,55.3,0,64,10:06:15
6.62,0.59,98.8,654.1,58.3,0,64,10:06:20
6.42,0.67,98.8,634.3,66.2,0,64,10:06:25
6.49,0.68,98.8,641.2,67.2,0,65,10:06:30
6.7,0.48,98.9,662.6,47.5,0,65,10:06:35
2.37,4.05,98.3,233,398.1,0,66,10:06:40
6.5,0.62,98.7,641.6,61.2,0,67,10:06:45
6.52,0.62,98.8,644.2,61.3,0,67,10:06:50
6.47,0.69,98.8,639.2,68.2,0,68,10:06:55
5.59,1.41,98.6,551.2,139,0,68,10:07:00
6.53,0.61,98.7,644.5,60.2,0,68,10:07:05
6.67,0.5,98.8,659,49.4,0,69,10:07:10
6.72,0.45,98.8,663.9,44.5,0,68,10:07:15
6.49,0.64,98.8,641.2,63.2,0,67,10:07:20
6.31,-5.57,99.7,629.1,-555.3,0,64,10:07:25
6.5,0.66,98.9,642.9,65.3,0,61,10:07:30
6.5,0.68,98.9,642.9,67.3,0,62,10:07:35
6.46,0.7,98.9,638.9,69.2,0,62,10:07:40
6.48,0.64,98.8,640.2,63.2,0,63,10:07:45
6.14,1.01,98.7,606,99.7,0,63,10:07:50
6,1.12,98.7,592.2,110.5,0,64,10:07:55
3.72,2.98,98.4,366,293.2,0,65,10:08:00
6.16,0.92,98.7,608,90.8,0,65,10:08:05
5.68,1.39,98.6,560,137.1,0,66,10:08:10
5.87,1.22,98.7,579.4,120.4,0,66,10:08:15
6.06,1.06,98.7,598.1,104.6,0,66,10:08:20
6.25,0.87,98.7,616.9,85.9,0,65,10:08:25
6.3,0.79,98.7,621.8,78,0,63,10:08:30
6.33,0.76,98.7,624.8,75,0,62,10:08:35
6.36,0.7,98.7,627.7,69.1,0,60,10:08:40
6.4,0.76,98.7,631.7,75,0,59,10:08:45
6.41,0.76,98.8,633.3,75.1,0,58,10:08:50
6.72,0.46,98.8,663.9,45.4,0,57,10:08:55
6.79,0.4,98.9,671.5,39.6,0,57,10:09:00
6.78,0.43,98.9,670.5,42.5,0,57,10:09:05
6.78,0.45,98.8,669.9,44.5,0,58,10:09:10
6.68,0.48,98.7,659.3,47.4,0,60,10:09:15
6.67,0.58,98.8,659,57.3,0,62,10:09:20
6.72,0.38,98.9,664.6,37.6,0,64,10:09:25
6.74,0.45,98.8,665.9,44.5,0,66,10:09:30
6.74,0.44,98.9,666.6,43.5,0,67,10:09:35
6.78,0.43,98.8,669.9,42.5,0,68,10:09:40
6.82,0.39,98.8,673.8,38.5,0,69,10:09:45
6.54,0.61,98.8,646.2,60.3,0,69,10:09:50
6.71,0.45,98.9,663.6,44.5,0,70,10:09:55
6.73,0.47,98.8,664.9,46.4,0,70,10:10:00
6.8,0.4,98.9,672.5,39.6,0,70,10:10:05
6.92,0.29,98.9,684.4,28.7,0,71,10:10:10
6.79,0.4,98.9,671.5,39.6,0,71,10:10:15
6.82,0.41,98.8,673.8,40.5,0,71,10:10:20
6.73,-5.97,99.8,671.7,-595.8,0,70,10:10:25
6.18,-5.46,99.7,616.1,-544.4,0,66,10:10:30
6.78,-0.52,99,671.2,-51.5,0,64,10:10:35
4.25,1.63,98.7,419.5,160.9,0,64,10:10:40
5.08,0.92,98.8,501.9,90.9,0,65,10:10:45
6.85,-0.62,99,678.2,-61.4,0,66,10:10:50
3.22,2.43,98.5,317.2,239.4,0,67,10:10:55
6.35,-0.1,98.9,628,-9.9,0,67,10:11:00
4.67,1.22,98.7,460.9,120.4,0,67,10:11:05
0.97,2.58,98.5,95.5,254.1,0,66,10:11:10
6.42,-2.99,99.3,637.5,-296.9,0,65,10:11:15
6.59,-5.85,99.8,657.7,-583.8,0,63,10:11:20
4.84,-4.21,99.6,482.1,-419.3,0,60,10:11:25
6.57,2.96,98.4,646.5,291.3,0,58,10:11:30
3.16,6.4,97.9,309.4,626.6,0,59,10:11:35
6.72,3.43,98.3,660.6,337.2,0,60,10:11:40
6.54,2.27,98.5,644.2,223.6,0,62,10:11:45
6.44,-5.71,99.8,642.7,-569.9,0,60,10:11:50
6.58,-5.82,99.8,656.7,-580.8,0,57,10:11:55
6.68,-5.92,99.9,667.3,-591.4,0,56,10:12:00
6.56,-5.81,99.9,655.3,-580.4,0,54,10:12:05
2.62,3.93,98.3,257.5,386.3,0,54,10:12:10
6.6,0.29,98.9,652.7,28.7,0,56,10:12:15
6.53,-1.46,99.2,647.8,-144.8,0,56,10:12:20
6.04,-0.99,99.1,598.6,-98.1,0,57,10:12:25
3.68,1,98.8,363.6,98.8,0,57,10:12:30
1.75,2.71,98.5,172.4,266.9,0,57,10:12:35
4.31,0.46,98.8,425.8,45.4,0,58,10:12:40
3.57,1.12,98.7,352.4,110.5,0,59,10:12:45
0.72,3.57,98.3,70.8,350.9,0,59,10:12:50
4.31,0.5,98.8,425.8,49.4,0,59,10:12:55
5.49,-0.52,99,543.5,-51.5,0,59,10:13:00
4.9,0,98.9,484.6,0,0,59,10:13:05
6.75,-1.59,99.2,669.6,-157.7,0,59,10:13:10
0.56,1.69,98.7,55.3,166.8,0,60,10:13:15
6.75,-3.29,99.4,671,-327,0,59,10:13:20
6.85,-1.63,99.2,679.5,-161.7,0,60,10:13:25
6.87,-1.63,99.2,681.5,-161.7,0,61,10:13:30
6.81,-1.65,99.2,675.6,-163.7,0,61,10:13:35
6.76,-6,99.8,674.6,-598.8,0,60,10:13:40
6.64,-5.86,100,664,-586,0,59,10:13:45
6.91,-1.05,99.2,685.5,-104.2,0,58,10:13:50
6.93,1.39,98.8,684.7,137.3,0,60,10:13:55
6.87,1.38,98.8,678.8,136.3,0,61,10:14:00
6.76,1.54,98.7,667.2,152,0,62,10:14:05
6,2.1,98.6,591.6,207.1,0,63,10:14:10
6.64,1.57,98.7,655.4,155,0,64,10:14:15
6.69,1.57,98.6,659.6,154.8,0,65,10:14:20
6.61,1.6,98.6,651.7,157.8,0,66,10:14:25
6.58,1.69,98.6,648.8,166.6,0,67,10:14:30
6.56,1.03,98.7,647.5,101.7,0,67,10:14:35
6.4,-5.66,99.8,638.7,-564.9,0,66,10:14:40
6.29,-5.56,99.8,627.7,-554.9,0,64,10:14:45
6.43,-5.69,99.8,641.7,-567.9,0,63,10:14:50
6.26,-5.54,99.8,624.7,-552.9,0,61,10:14:55
6.47,-5.72,100,647,-572,0,59,10:15:00
6.62,-5.87,100,662,-587,0,58,10:15:05
6.53,-5.79,100,653,-579,0,57,10:15:10
6.62,-5.88,100,662,-588,0,56,10:15:15
6.55,-5.8,100,655,-580,0,54,10:15:20
4.7,0.77,99,465.3,76.2,0,53,10:15:25
6.83,2.48,98.6,673.4,244.5,0,56,10:15:30
6.82,3.45,98.5,671.8,339.8,0,58,10:15:35
6.61,0.71,98.9,653.7,70.2,0,60,10:15:40
6.42,-5.69,100,642,-569,0,59,10:15:45
6.52,-5.78,100,652,-578,0,57,10:15:50
6.44,-5.7,100,644,-570,0,55,10:15:55
6.42,-5.68,100,642,-568,0,53,10:16:00
6.53,-5.8,100,653,-580,0,52,10:16:05
6.5,0.56,99,643.5,55.4,0,51,10:16:10
5.96,5.08,98.3,585.9,499.4,0,54,10:16:15
6.77,4.42,98.3,665.5,434.5,0,57,10:16:20
5.94,5.07,98.2,583.3,497.9,0,59,10:16:25
6.54,4.59,98.3,642.9,451.2,0,61,10:16:30
6.12,3.72,98.4,602.2,366,0,63,10:16:35
6.52,-2.96,99.4,648.1,-294.2,0,62,10:16:40
6.52,-3.22,99.5,648.7,-320.4,0,61,10:16:45
4.86,-1.72,99.3,482.6,-170.8,0,60,10:16:50
6.67,-2.41,99.4,663,-239.6,0,59,10:16:55
6.75,1.15,98.9,667.6,113.7,0,59,10:17:00
6.72,3.49,98.5,661.9,343.8,0,60,10:17:05
6.82,3.38,98.4,671.1,332.6,0,62,10:17:10
6.92,3.3,98.4,680.9,324.7,0,64,10:17:15
5.82,4.19,98.2,571.5,411.5,0,65,10:17:20
6.67,3.49,98.3,655.7,343.1,0,67,10:17:25
6.65,-5.89,99.8,663.7,-587.8,0,67,10:17:30
6.73,-5.98,99.9,672.3,-597.4,0,64,10:17:35
6.5,-5.75,99.9,649.4,-574.4,0,62,10:17:40
6.6,-5.85,100,660,-585,0,61,10:17:45
6.25,-5.52,99.9,624.4,-551.4,0,58,10:17:50
6.56,-0.24,99.1,650.1,-23.8,0,57,10:17:55
6.65,1.66,98.8,657,164,0,57,10:18:00
6.74,5.35,98.1,661.2,524.8,0,58,10:18:05
6.79,6.31,98,665.4,618.4,0,61,10:18:10
6.82,6.31,98,668.4,618.4,0,63,10:18:15
5.22,5.59,98,511.6,547.8,0,65,10:18:20
6.83,4.27,98.3,671.4,419.7,0,67,10:18:25
6.86,4.22,98.2,673.7,414.4,0,68,10:18:30
2.53,7.88,97.6,246.9,769.1,0,70,10:18:35
6.79,3.3,98.3,667.5,324.4,0,71,10:18:40
6.85,1.35,98.6,675.4,133.1,0,71,10:18:45
6.8,0.39,98.8,671.8,38.5,0,71,10:18:50
6.76,-0.54,98.9,668.6,-53.4,0,70,10:18:55
3.73,2.03,98.5,367.4,200,0,70,10:19:00
6.78,0.46,98.9,670.5,45.5,0,70,10:19:05
6.74,0.48,98.9,666.6,47.5,0,69,10:19:10
6.74,0.47,98.9,666.6,46.5,0,69,10:19:15
6.74,0.51,98.9,666.6,50.4,0,69,10:19:20
6.76,0.5,98.8,667.9,49.4,0,68,10:19:25
6.77,0.48,98.8,668.9,47.4,0,68,10:19:30
6.74,0.51,98.8,665.9,50.4,0,68,10:19:35
6.74,0.51,98.8,665.9,50.4,0,68,10:19:40
6.68,0.52,98.9,660.7,51.4,0,68,10:19:45
6.74,0.51,98.9,666.6,50.4,0,67,10:19:50
6.76,0.47,98.9,668.6,46.5,0,67,10:19:55
6.78,0.47,98.9,670.5,46.5,0,67,10:20:00
6.73,0.43,98.9,665.6,42.5,0,67,10:20:05
6.7,0.55,98.9,662.6,54.4,0,67,10:20:10
6.76,0.54,98.9,668.6,53.4,0,67,10:20:15
6.72,0.5,98.8,663.9,49.4,0,66,10:20:20
6.77,0.43,98.9,669.6,42.5,0,66,10:20:25
6.69,0.53,98.9,661.6,52.4,0,66,10:20:30
6.8,0.43,98.9,672.5,42.5,0,66,10:20:35
6.99,0.28,98.9,691.3,27.7,0,65,10:20:40
6.8,0.41,98.9,672.5,40.5,0,65,10:20:45
6.94,0.4,98.8,685.7,39.5,0,64,10:20:50
6.9,0.35,98.9,682.4,34.6,0,64,10:20:55
6.98,0.29,98.9,690.3,28.7,0,64,10:21:00
6.88,0.39,98.9,680.4,38.6,0,64,10:21:05
7,0.26,98.9,692.3,25.7,0,64,10:21:10
7.01,0.3,98.9,693.3,29.7,0,62,10:21:15
6.92,0.3,98.9,684.4,29.7,0,61,10:21:20
6.99,0.28,98.9,691.3,27.7,0,60,10:21:25
6.89,0.32,98.9,681.4,31.6,0,59,10:21:30
6.89,0.41,98.9,681.4,40.5,0,60,10:21:35
7.06,0.97,98.7,696.8,95.7,0,60,10:21:40
7.07,2.2,98.6,697.1,216.9,0,61,10:21:45
7.09,2.23,98.6,699.1,219.9,0,61,10:21:50
7.11,2.1,98.6,701,207.1,0,62,10:21:55
7.07,2.28,98.5,696.4,224.6,0,62,10:22:00
7.08,2.19,98.5,697.4,215.7,0,62,10:22:05
7.1,2.19,98.5,699.4,215.7,0,61,10:22:10
6.91,2.34,98.5,680.6,230.5,0,59,10:22:15
6.78,2.44,98.4,667.2,240.1,0,58,10:22:20
6.57,2.6,98.3,645.8,255.6,0,58,10:22:25
6.55,2.63,98.4,644.5,258.8,0,58,10:22:30
6.48,2.72,98.4,637.6,267.6,0,59,10:22:35
6.4,2.74,98.3,629.1,269.3,0,61,10:22:40
6.43,2.81,98.3,632.1,276.2,0,63,10:22:45
6.63,2.63,98.3,651.7,258.5,0,65,10:22:50
6.79,2.43,98.4,668.1,239.1,0,68,10:22:55
6.76,2.44,98.4,665.2,240.1,0,70,10:23:00
6.79,2.43,98.3,667.5,238.9,0,72,10:23:05
6.83,2.42,98.4,672.1,238.1,0,73,10:23:10
6.72,2.51,98.3,660.6,246.7,0,74,10:23:15
6.75,2.51,98.3,663.5,246.7,0,74,10:23:20
6.83,2.42,98.4,672.1,238.1,0,74,10:23:25
7.02,2.27,98.4,690.8,223.4,0,73,10:23:30
6.97,2.32,98.4,685.8,228.3,0,73,10:23:35
6.86,2.39,98.4,675,235.2,0,73,10:23:40
6.92,2.35,98.3,680.2,231,0,73,10:23:45
6.96,2.29,98.4,684.9,225.3,0,73,10:23:50
6.96,2.27,98.4,684.9,223.4,0,72,10:23:55
6.91,-0.1,98.8,682.7,-9.9,0,71,10:24:00
6.86,-0.63,98.9,678.5,-62.3,0,69,10:24:05
6.64,-0.46,98.9,656.7,-45.5,0,67,10:24:10
6.7,2.06,98.5,660,202.9,0,65,10:24:15
6.53,2.66,98.3,641.9,261.5,0,63,10:24:20
6.59,2.6,98.3,647.8,255.6,0,60,10:24:25
6.45,4.59,98,632.1,449.8,0,57,10:24:30
6.58,5.51,97.8,643.5,538.9,0,56,10:24:35
6.59,5.53,97.8,644.5,540.8,0,57,10:24:40
6.55,5.52,97.8,640.6,539.9,0,57,10:24:45
6.63,5.45,97.7,647.8,532.5,0,58,10:24:50
6.6,2.13,98.3,648.8,209.4,0,60,10:24:55
6.41,-5.68,99.6,638.4,-565.7,0,55,10:25:00
6.55,-5.81,99.6,652.4,-578.7,0,52,10:25:05
6.69,-1.21,99,662.3,-119.8,0,52,10:25:10
6.39,0.06,98.9,632,5.9,0,53,10:25:15
6.77,0.73,98.7,668.2,72.1,0,55,10:25:20
6.63,0.83,98.7,654.4,81.9,0,57,10:25:25
6.61,0.83,98.6,651.7,81.8,0,59,10:25:30
6.77,1.68,98.6,667.5,165.6,0,60,10:25:35
6.73,2.68,98.3,661.6,263.4,0,63,10:25:40
6.39,4.49,98,626.2,440,0,65,10:25:45
6.42,4.75,98,629.2,465.5,0,67,10:25:50
6.51,4.71,98,638,461.6,0,69,10:25:55
6.7,4.49,98,656.6,440,0,70,10:26:00
6.78,4.46,98,664.4,437.1,0,72,10:26:05
6.72,4.53,98,658.6,443.9,0,73,10:26:10
6.79,3.71,98,665.4,363.6,0,74,10:26:15
6.69,3.02,98.2,657,296.6,0,76,10:26:20
6.79,2.09,98.3,667.5,205.4,0,77,10:26:25
6.72,1.25,98.4,661.2,123,0,78,10:26:30
6.93,0.27,98.6,683.3,26.6,0,79,10:26:35
7.12,0.72,98.5,701.3,70.9,0,79,10:26:40
7.06,0.87,98.6,696.1,85.8,0,78,10:26:45
7.13,1.14,98.5,702.3,112.3,0,77,10:26:50
7.23,1.46,98.5,712.2,143.8,0,77,10:26:55
7.25,1.17,98.5,714.1,115.2,0,77,10:27:00
7.14,-0.11,98.7,704.7,-10.9,0,77,10:27:05
7.08,0.01,98.7,698.8,1,0,78,10:27:10
7.23,0.07,98.7,713.6,6.9,0,77,10:27:15
7.23,0.06,98.7,713.6,5.9,0,76,10:27:20
5.17,1.93,98.4,508.7,189.9,0,75,10:27:25
5.37,1.76,98.4,528.4,173.2,0,75,10:27:30
7.5,-0.06,98.7,740.3,-5.9,0,74,10:27:35
7.44,0,98.7,734.3,0,0,71,10:27:40
7.3,0.13,98.7,720.5,12.8,0,69,10:27:45
7.28,0.15,98.7,718.5,14.8,0,68,10:27:50
7.35,0.05,98.7,725.4,4.9,0,67,10:27:55
7.25,0.18,98.7,715.6,17.8,0,67,10:28:00
6.91,0.45,98.6,681.3,44.4,0,67,10:28:05
6.82,0.5,98.7,673.1,49.4,0,67,10:28:10
6.9,0.44,98.7,681,43.4,0,67,10:28:15
7.02,0.34,98.7,692.9,33.6,0,67,10:28:20
7.04,0.3,98.7,694.8,29.6,0,66,10:28:25
5.09,1.95,98.4,500.9,191.9,0,63,10:28:30
7.03,1.6,98.5,692.5,157.6,0,59,10:28:35
7.08,2.32,98.3,696,228.1,0,57,10:28:40
7.17,3.06,98.2,704.1,300.5,0,56,10:28:45
7.25,3.07,98.3,712.7,301.8,0,56,10:28:50
7.49,3.85,98.1,734.8,377.7,0,56,10:28:55
7.52,3.72,98.1,737.7,364.9,0,57,10:29:00
7.49,3.73,98,734,365.5,0,59,10:29:05
7.52,2.76,98.3,739.2,271.3,0,61,10:29:10
7.44,2.81,98.2,730.6,275.9,0,63,10:29:15
7.38,2.83,98.2,724.7,277.9,0,66,10:29:20
7.41,2.8,98.2,727.7,275,0,69,10:29:25
7.49,2.76,98.2,735.5,271,0,72,10:29:30
7.52,2.82,98.1,737.7,276.6,0,73,10:29:35
7.69,2.6,98.2,755.2,255.3,0,71,10:29:40
7.54,2.71,98.2,740.4,266.1,0,70,10:29:45
7.71,2.59,98.3,757.9,254.6,0,69,10:29:50
7.57,2.72,98.2,743.4,267.1,0,66,10:29:55
7.77,2.54,98.2,763,249.4,0,64,10:30:00
7.67,2.7,98.1,752.4,264.9,0,63,10:30:05
7.54,2.83,98.1,739.7,277.6,0,62,10:30:10
7.63,2.68,98.1,748.5,262.9,0,62,10:30:15
7.6,2.68,98.1,745.6,262.9,0,62,10:30:20
7.31,-0.83,98.7,721.5,-81.9,0,63,10:30:25
6.96,-6.13,99.5,692.5,-609.9,0,61,10:30:30
7.24,-6.42,99.6,721.1,-639.4,0,60,10:30:35
7.35,-6.55,99.8,733.5,-653.7,0,59,10:30:40
7.24,-6.45,99.8,722.6,-643.7,0,58,10:30:45
7.1,-6.33,99.8,708.6,-631.7,0,58,10:30:50
7.25,-6.46,99.8,723.6,-644.7,0,58,10:30:55
7.2,-6.41,99.8,718.6,-639.7,0,57,10:31:00
7.17,-6.37,99.8,715.6,-635.7,0,57,10:31:05
7.27,-6.44,99.8,725.5,-642.7,0,57,10:31:10
7.25,3.05,98.4,713.4,300.1,0,60,10:31:15
7.35,4.93,98,720.3,483.1,0,63,10:31:20
7.28,4.94,98,713.4,484.1,0,66,10:31:25
7.39,4.87,98,724.2,477.3,0,68,10:31:30
7.26,4.98,98,711.5,488,0,69,10:31:35
5.87,6.2,97.7,573.5,605.7,0,70,10:31:40
7.28,2,98.3,715.6,196.6,0,71,10:31:45
6.03,4.04,98,590.9,395.9,0,71,10:31:50
7.52,2.79,98.3,739.2,274.3,0,71,10:31:55
3.61,6.07,97.7,352.7,593,0,72,10:32:00
7.11,3.12,98.1,697.5,306.1,0,71,10:32:05
7.16,3.09,98.1,702.4,303.1,0,71,10:32:10
7.35,2.96,98.2,721.8,290.7,0,73,10:32:15
7.01,3.24,98.1,687.7,317.8,0,73,10:32:20
7.42,2.88,98.1,727.9,282.5,0,71,10:32:25
7.24,3.02,98.1,710.2,296.3,0,69,10:32:30
7.39,2.89,98.1,725,283.5,0,68,10:32:35
7.47,2,98.2,733.6,196.4,0,70,10:32:40
7.52,2.82,98.1,737.7,276.6,0,72,10:32:45
7.57,2.9,98.1,742.6,284.5,0,74,10:32:50
7.51,2.77,98.1,736.7,271.7,0,75,10:32:55
7.47,3.02,98.1,732.8,296.3,0,74,10:33:00
7.5,2.73,98.1,735.8,267.8,0,74,10:33:05
7.5,2.94,98.1,735.8,288.4,0,74,10:33:10
7.49,2.8,98.1,734.8,274.7,0,74,10:33:15
7.54,2.88,98.1,739.7,282.5,0,75,10:33:20
7.46,1.85,98.2,732.6,181.7,0,74,10:33:25
7.56,1.83,98.3,743.1,179.9,0,74,10:33:30
7.52,1.88,98.2,738.5,184.6,0,74,10:33:35
7.52,1.9,98.3,739.2,186.8,0,75,10:33:40
7.47,1.94,98.2,733.6,190.5,0,75,10:33:45
7.43,1.95,98.2,729.6,191.5,0,74,10:33:50
7.64,1.8,98.2,750.2,176.8,0,74,10:33:55
7.69,1.77,98.3,755.9,174,0,73,10:34:00
7.7,1.69,98.3,756.9,166.1,0,72,10:34:05
7.51,1.87,98.3,738.2,183.8,0,70,10:34:10
7.32,2,98.3,719.6,196.6,0,69,10:34:15
7.28,2.05,98.3,715.6,201.5,0,69,10:34:20
7.18,2.14,98.2,705.1,210.1,0,69,10:34:25
7.06,2.27,98.2,693.3,222.9,0,68,10:34:30
7.08,2.21,98.2,695.3,217,0,68,10:34:35
7.21,2.11,98.3,708.7,207.4,0,67,10:34:40
7.13,2.17,98.2,700.2,213.1,0,66,10:34:45
7,2.36,98.2,687.4,231.8,0,65,10:34:50
6.88,2.38,98.1,674.9,233.5,0,64,10:34:55
6.81,2.47,98.1,668.1,242.3,0,62,10:35:00
6.67,2.57,98.1,654.3,252.1,0,61,10:35:05
6.88,2.37,98.1,674.9,232.5,0,60,10:35:10
7.22,2.07,98.2,709,203.3,0,59,10:35:15
7.47,3.92,97.9,731.3,383.8,0,60,10:35:20
7.69,4.7,97.7,751.3,459.2,0,61,10:35:25
2.61,9.09,97,253.2,881.7,0,62,10:35:30
7.58,4.79,97.7,740.6,468,0,62,10:35:35
7.54,4.81,97.7,736.7,469.9,0,61,10:35:40
7.51,5.8,97.5,732.2,565.5,0,60,10:35:45
7.5,5.78,97.4,730.5,563,0,59,10:35:50
7.59,5.68,97.4,739.3,553.2,0,58,10:35:55
7.52,6.7,97.3,731.7,651.9,0,57,10:36:00
7.53,6.69,97.2,731.9,650.3,0,56,10:36:05
7.57,6.65,97.2,735.8,646.4,0,55,10:36:10
7.47,6.75,97.2,726.1,656.1,0,55,10:36:15
7.55,6.65,97.2,733.9,646.4,0,55,10:36:20
7.62,6.62,97.2,740.7,643.5,0,56,10:36:25
7.45,6.71,97.1,723.4,651.5,0,57,10:36:30
7.6,6.63,97.1,738,643.8,0,59,10:36:35
7.5,6.68,97.1,728.3,648.6,0,62,10:36:40
4.47,9.36,96.7,432.2,905.1,0,65,10:36:45
7.61,5.5,97.3,740.5,535.2,0,67,10:36:50
7.52,1.76,98,737,172.5,0,69,10:36:55
7.48,-0.15,98.3,735.3,-14.7,0,69,10:37:00
7.48,-0.14,98.3,735.3,-13.8,0,71,10:37:05
7.58,-0.23,98.3,745.1,-22.6,0,74,10:37:10
7.38,0.06,98.3,725.5,5.9,0,76,10:37:15
7.36,-0.94,98.5,725,-92.6,0,78,10:37:20
7.73,-0.2,98.4,760.6,-19.7,0,78,10:37:25
6.64,0.99,98.2,652,97.2,0,77,10:37:30
4.66,2.98,97.9,456.2,291.7,0,76,10:37:35
7.56,0.88,98.2,742.4,86.4,0,75,10:37:40
5.42,2.57,98,531.2,251.9,0,75,10:37:45
3.53,4.28,97.7,344.9,418.2,0,74,10:37:50
7.78,0.71,98.3,764.8,69.8,0,73,10:37:55
7.8,1.62,98.1,765.2,158.9,0,72,10:38:00
7.83,1.63,98.1,768.1,159.9,0,70,10:38:05
7.73,1.71,98.1,758.3,167.8,0,68,10:38:10
7.7,1.72,98.1,755.4,168.7,0,64,10:38:15
6.75,2.57,97.9,660.8,251.6,0,61,10:38:20
7.51,1.89,98.1,736.7,185.4,0,58,10:38:25
7.29,2.08,98,714.4,203.8,0,56,10:38:30
7.54,1.84,98.1,739.7,180.5,0,54,10:38:35
7.6,1.78,98.1,745.6,174.6,0,54,10:38:40
7.62,1.76,98.1,747.5,172.7,0,55,10:38:45
7.62,1.79,98.1,747.5,175.6,0,57,10:38:50
7.62,1.76,98,746.8,172.5,0,60,10:38:55
7.59,3.42,97.8,742.3,334.5,0,65,10:39:00
7.63,3.68,97.7,745.5,359.5,0,70,10:39:05
7.54,3.76,97.7,736.7,367.4,0,74,10:39:10
4.32,5.14,97.5,421.2,501.2,0,76,10:39:15
7.56,2.44,97.9,740.1,238.9,0,77,10:39:20
7.38,1.38,98.1,724,135.4,0,78,10:39:25
7.5,0.36,98.3,737.3,35.4,0,78,10:39:30
7.57,0,98.3,744.1,0,0,79,10:39:35
7.25,-0.17,98.3,712.7,-16.7,0,79,10:39:40
7.53,-0.49,98.4,741,-48.2,0,79,10:39:45
7.3,-1.38,98.6,719.8,-136.1,0,79,10:39:50
7.49,-3.01,98.8,740,-297.4,0,78,10:39:55
7.26,-10.51,100,726,-1051,0,77,10:40:00
6.7,-20.58,101.7,681.4,-2093,0,68,10:40:05
7.39,-6.6,99.6,736,-657.4,0,67,10:40:10
7.57,-6.76,99.6,754,-673.3,0,65,10:40:15
7.42,-1.75,98.9,733.8,-173.1,0,64,10:40:20
7.42,1.11,98.5,730.9,109.3,0,64,10:40:25
7.51,1.1,98.4,739,108.2,0,65,10:40:30
7.55,1.02,98.4,742.9,100.4,0,65,10:40:35
7.61,1.01,98.4,748.8,99.4,0,65,10:40:40
7.42,1.09,98.4,730.1,107.3,0,66,10:40:45
7.45,1.13,98.3,732.3,111.1,0,66,10:40:50
7.78,1.85,98.3,764.8,181.9,0,66,10:40:55
7.23,4.13,97.8,707.1,403.9,0,67,10:41:00
7.34,4.01,97.8,717.9,392.2,0,67,10:41:05
7.42,3.95,97.8,725.7,386.3,0,67,10:41:10
7.46,3.87,97.8,729.6,378.5,0,66,10:41:15
7.46,3.94,97.8,729.6,385.3,0,65,10:41:20
7.33,4,97.7,716.1,390.8,0,63,10:41:25
7.5,3.83,97.7,732.8,374.2,0,61,10:41:30
7.47,3.89,97.7,729.8,380.1,0,62,10:41:35
7.5,3.78,97.8,733.5,369.7,0,63,10:41:40
7.52,3.82,97.7,734.7,373.2,0,65,10:41:45
7.55,3.82,97.7,737.6,373.2,0,69,10:41:50
7.56,3.94,97.7,738.6,384.9,0,74,10:41:55
7.52,2.97,97.9,736.2,290.8,0,76,10:42:00
6.74,3.63,97.7,658.5,354.7,0,76,10:42:05
7.6,2.86,97.8,743.3,279.7,0,76,10:42:10
7.59,2.84,97.9,743.1,278,0,76,10:42:15
7.62,2.7,97.9,746,264.3,0,76,10:42:20
4.8,4.75,97.5,468,463.1,0,76,10:42:25
7.55,2.8,97.8,738.4,273.8,0,76,10:42:30
7.48,3.13,97.8,731.5,306.1,0,75,10:42:35
1.66,8,97,161,776,0,75,10:42:40
7.53,3.72,97.7,735.7,363.4,0,74,10:42:45
5.05,5.68,97.3,491.4,552.7,0,74,10:42:50
7.6,3.69,97.6,741.8,360.1,0,74,10:42:55
6.17,4.84,97.4,601,471.4,0,74,10:43:00
5.33,5.11,97.4,519.1,497.7,0,75,10:43:05
7.66,3.23,97.7,748.4,315.6,0,75,10:43:10
7.67,3.22,97.7,749.4,314.6,0,75,10:43:15
6.63,3.83,97.6,647.1,373.8,0,75,10:43:20
2.97,6.59,97.1,288.4,639.9,0,75,10:43:25
7.77,3.09,97.7,759.1,301.9,0,75,10:43:30
7.78,3.7,97.6,759.3,361.1,0,72,10:43:35
7.81,3.53,97.7,763,344.9,0,69,10:43:40
7.81,3.52,97.7,763,343.9,0,66,10:43:45
7.8,3.57,97.6,761.3,348.4,0,64,10:43:50
7.79,3.59,97.6,760.3,350.4,0,62,10:43:55
7.44,3.89,97.5,725.4,379.3,0,61,10:44:00
7.89,3.46,97.7,770.9,338,0,62,10:44:05
7.9,6.58,97,766.3,638.3,0,64,10:44:10
7.88,7.37,96.9,763.6,714.2,0,65,10:44:15
7.89,7.38,96.9,764.5,715.1,0,65,10:44:20
7.82,7.43,96.8,757,719.2,0,63,10:44:25
7.96,7.29,96.8,770.5,705.7,0,60,10:44:30
8,8,96.7,773.6,773.6,0,58,10:44:35
8.16,11.38,96.2,785,1094.8,0,57,10:44:40
8.21,11.29,96.2,789.8,1086.1,0,56,10:44:45
8.16,11.32,96.2,785,1089,0,56,10:44:50
8.1,11.4,96.2,779.2,1096.7,0,57,10:44:55
8.12,11.31,96.1,780.3,1086.9,0,58,10:45:00
8.09,5.03,97,784.7,487.9,0,60,10:45:05
7.87,2.33,97.4,766.5,226.9,0,60,10:45:10
7.16,0.89,97.7,699.5,87,0,62,10:45:15
6.46,2.59,97.5,629.9,252.5,0,65,10:45:20
7.78,2.42,97.6,759.3,236.2,0,70,10:45:25
7.19,2.26,97.6,701.7,220.6,0,76,10:45:30
7.76,-1.7,98.2,762,-166.9,0,79,10:45:35
7.79,-2.45,98.4,766.5,-241.1,0,80,10:45:40
7.78,-0.85,98.2,764,-83.5,0,78,10:45:45
7.91,1.96,97.8,773.6,191.7,0,77,10:45:50
7.48,4.85,97.3,727.8,471.9,0,74,10:45:55
8.01,5.25,97.1,777.8,509.8,0,71,10:46:00
7.93,5.31,97.1,770,515.6,0,67,10:46:05
7.92,5.31,97.1,769,515.6,0,66,10:46:10
8.01,5.25,97.1,777.8,509.8,0,67,10:46:15
7.92,5.3,97.1,769,514.6,0,69,10:46:20
7.98,3.49,97.4,777.3,339.9,0,71,10:46:25
7.63,3.72,97.4,743.2,362.3,0,74,10:46:30
7.81,2.65,97.5,761.5,258.4,0,76,10:46:35
7.83,1.02,97.8,765.8,99.8,0,77,10:46:40
8.01,-0.33,98,785,-32.3,0,78,10:46:45
7.71,-0.86,98.2,757.1,-84.5,0,79,10:46:50
7.51,-2.83,98.4,739,-278.5,0,80,10:46:55
7.81,-5.4,98.9,772.4,-534.1,0,81,10:47:00
7.55,-6.85,99.2,749,-679.5,0,82,10:47:05
7.68,-5.94,99.1,761.1,-588.7,0,82,10:47:10
7.77,-3.67,98.7,766.9,-362.2,0,80,10:47:15
7.69,-0.89,98.3,755.9,-87.5,0,79,10:47:20
7.81,0.65,98.1,766.2,63.8,0,78,10:47:25
7.88,1.55,97.9,771.5,151.7,0,76,10:47:30
7.78,2.53,97.8,760.9,247.4,0,75,10:47:35
7.91,2.5,97.8,773.6,244.5,0,73,10:47:40
7.92,2.51,97.8,774.6,245.5,0,72,10:47:45
7.98,2.45,97.7,779.6,239.4,0,72,10:47:50
8.02,2.44,97.7,783.6,238.4,0,72,10:47:55
8.05,2.37,97.7,786.5,231.5,0,73,10:48:00
8.03,2.45,97.7,784.5,239.4,0,74,10:48:05
7.99,1.81,97.8,781.4,177,0,76,10:48:10
8.02,0.22,98.1,786.8,21.6,0,78,10:48:15
7.71,-1.11,98.3,757.9,-109.1,0,79,10:48:20
8.01,0.24,98,785,23.5,0,78,10:48:25
8.01,0.26,98.1,785.8,25.5,0,78,10:48:30
8.07,0.11,98.1,791.7,10.8,0,78,10:48:35
7.89,0.61,98,773.2,59.8,0,78,10:48:40
7.96,0.57,98,780.1,55.9,0,78,10:48:45
8.03,0.45,98,786.9,44.1,0,78,10:48:50
8.02,1.33,97.9,785.2,130.2,0,77,10:48:55
7.89,2.1,97.8,771.6,205.4,0,77,10:49:00
7.91,2.43,97.7,772.8,237.4,0,76,10:49:05
8.02,2.65,97.7,783.6,258.9,0,76,10:49:10
7.89,2.94,97.6,770.1,286.9,0,76,10:49:15
7.91,3.16,97.6,772,308.4,0,76,10:49:20
7.94,3.33,97.5,774.2,324.7,0,75,10:49:25
5.5,5.66,97.1,534.1,549.6,0,75,10:49:30
7.63,4.44,97.3,742.4,432,0,74,10:49:35
7.63,4.86,97.2,741.6,472.4,0,73,10:49:40
7.62,4.82,97.2,740.7,468.5,0,73,10:49:45
7.52,4.57,97.2,730.9,444.2,0,74,10:49:50
7.44,3.71,97.4,724.7,361.4,0,74,10:49:55
7.35,3.7,97.4,715.9,360.4,0,74,10:50:00
7.3,3.57,97.4,711,347.7,0,74,10:50:05
7.21,3.82,97.4,702.3,372.1,0,74,10:50:10
7.4,3.8,97.3,720,369.7,0,74,10:50:15
7.51,3.77,97.3,730.7,366.8,0,72,10:50:20
7.56,3.69,97.4,736.3,359.4,0,71,10:50:25
7.71,3.56,97.4,751,346.7,0,71,10:50:30
7.93,3.37,97.4,772.4,328.2,0,71,10:50:35
7.95,3.42,97.4,774.3,333.1,0,72,10:50:40
8.15,3.18,97.4,793.8,309.7,0,72,10:50:45
7.96,3.34,97.4,775.3,325.3,0,72,10:50:50
8.1,3.27,97.4,788.9,318.5,0,71,10:50:55
8.06,2.28,97.6,786.7,222.5,0,69,10:51:00
8.03,2.29,97.6,783.7,223.5,0,68,10:51:05
8.09,2.27,97.6,789.6,221.6,0,66,10:51:10
8.03,2.33,97.5,782.9,227.2,0,66,10:51:15
8.18,2.16,97.6,798.4,210.8,0,66,10:51:20
8.16,2.21,97.6,796.4,215.7,0,67,10:51:25
4.71,5.04,97.1,457.3,489.4,0,68,10:51:30
5.32,4.57,97.2,517.1,444.2,0,68,10:51:35
6.67,3.43,97.3,649,333.7,0,69,10:51:40
8.15,2.2,97.5,794.6,214.5,0,69,10:51:45
8.13,2.21,97.6,793.5,215.7,0,68,10:51:50
8.18,2.17,97.6,798.4,211.8,0,67,10:51:55
8.21,3.17,97.4,799.7,308.8,0,66,10:52:00
8.15,3.2,97.4,793.8,311.7,0,66,10:52:05
8.03,3.26,97.4,782.1,317.5,0,65,10:52:10
8.08,3.28,97.4,787,319.5,0,64,10:52:15
8.14,3.24,97.4,792.8,315.6,0,63,10:52:20
8.09,3.28,97.4,788,319.5,0,62,10:52:25
8.1,3.22,97.4,788.9,313.6,0,63,10:52:30
8.1,3.25,97.4,788.9,316.6,0,63,10:52:35
8.16,3.15,97.4,794.8,306.8,0,65,10:52:40
8.06,3.28,97.3,784.2,319.1,0,67,10:52:45
8.09,3.24,97.4,788,315.6,0,70,10:52:50
8.13,3.26,97.4,791.9,317.5,0,72,10:52:55
8.14,3.25,97.3,792,316.2,0,74,10:53:00
8.11,2.92,97.4,789.9,284.4,0,74,10:53:05
6.41,4.47,97.1,622.4,434,0,74,10:53:10
6.69,4.68,97.1,649.6,454.4,0,73,10:53:15
7.35,3.87,97.2,714.4,376.2,0,72,10:53:20
7.62,3.63,97.2,740.7,352.8,0,70,10:53:25
7.65,3.61,97.2,743.6,350.9,0,68,10:53:30
7.51,3.74,97.2,730,363.5,0,66,10:53:35
5.33,5.57,96.9,516.5,539.7,0,64,10:53:40
7.58,3.66,97.2,736.8,355.8,0,63,10:53:45
7.61,3.66,97.2,739.7,355.8,0,63,10:53:50
7.56,3.73,97.2,734.8,362.6,0,63,10:53:55
7.63,3.64,97.2,741.6,353.8,0,64,10:54:00
5.03,5.79,96.8,486.9,560.5,0,66,10:54:05
5.75,6.2,96.8,556.6,600.2,0,69,10:54:10
4.32,7.51,96.6,417.3,725.5,0,71,10:54:15
7.54,4.68,97,731.4,454,0,71,10:54:20
7.41,4.79,96.9,718,464.2,0,72,10:54:25
7.77,4.66,96.9,752.9,451.6,0,73,10:54:30
8.23,3.68,97.1,799.1,357.3,0,74,10:54:35
8.18,3.58,97.1,794.3,347.6,0,74,10:54:40
8.27,3.59,97.1,803,348.6,0,74,10:54:45
8.26,3.55,97.1,802,344.7,0,74,10:54:50
8.22,3.82,97.1,798.2,370.9,0,74,10:54:55
8.12,4.44,97,787.6,430.7,0,73,10:55:00
7.83,4.52,97,759.5,438.4,0,73,10:55:05
8.22,4.16,97,797.3,403.5,0,72,10:55:10
8.14,4.36,96.9,788.8,422.5,0,72,10:55:15
8.46,3.91,97,820.6,379.3,0,72,10:55:20
8.27,4.02,97,802.2,389.9,0,72,10:55:25
8.14,4.13,97,789.6,400.6,0,73,10:55:30
6.65,4.33,97,645.1,420,0,75,10:55:35
8.14,2.76,97.2,791.2,268.3,0,76,10:55:40
8.34,3.24,97.2,810.6,314.9,0,75,10:55:45
8.29,4.24,97.1,805,411.7,0,73,10:55:50
8.3,4.11,97.1,805.9,399.1,0,71,10:55:55
8.25,4.13,97,800.3,400.6,0,68,10:56:00
8.32,4.07,97,807,394.8,0,66,10:56:05
8.35,3.99,97.1,810.8,387.4,0,65,10:56:10
8.27,4.1,97,802.2,397.7,0,64,10:56:15
8.29,4.1,97,804.1,397.7,0,63,10:56:20
8.24,4.09,97,799.3,396.7,0,62,10:56:25
8.25,4.14,97,800.3,401.6,0,61,10:56:30
8.09,4.26,96.9,783.9,412.8,0,60,10:56:35
8.27,4.11,97,802.2,398.7,0,60,10:56:40
8.15,4.27,96.9,789.7,413.8,0,60,10:56:45
8.21,4.15,96.9,795.5,402.1,0,61,10:56:50
8.15,4.15,96.9,789.7,402.1,0,63,10:56:55
8.33,4.02,97,808,389.9,0,65,10:57:00
8.22,4.14,96.9,796.5,401.2,0,67,10:57:05
8.29,4.09,96.9,803.3,396.3,0,67,10:57:10
8.09,4.25,96.9,783.9,411.8,0,65,10:57:15
8.17,4.16,96.9,791.7,403.1,0,62,10:57:20
8.34,4.07,96.9,808.1,394.4,0,60,10:57:25
8.25,4.12,96.9,799.4,399.2,0,58,10:57:30
8.17,5.18,96.8,790.9,501.4,0,56,10:57:35
8.24,5.12,96.7,796.8,495.1,0,55,10:57:40
8.32,5.06,96.8,805.4,489.8,0,53,10:57:45
5.88,7.13,96.4,566.8,687.3,0,51,10:57:50
8.3,7,96.4,800.1,674.8,0,50,10:57:55
8.19,7.09,96.4,789.5,683.5,0,50,10:58:00
6.14,8.96,96,589.4,860.2,0,51,10:58:05
8.19,4.09,96.8,792.8,395.9,0,52,10:58:10
8.2,3.08,97,795.4,298.8,0,54,10:58:15
7.19,3.94,96.8,696,381.4,0,56,10:58:20
8.21,3.08,97,796.4,298.8,0,58,10:58:25
8.19,3.14,97,794.4,304.6,0,61,10:58:30
8.24,3.03,97,799.3,293.9,0,65,10:58:35
8.06,3.17,97,781.8,307.5,0,67,10:58:40
7.38,4.77,96.7,713.6,461.3,0,68,10:58:45
7.84,4.37,96.8,758.9,423,0,69,10:58:50
7.75,4.45,96.8,750.2,430.8,0,70,10:58:55
7.76,4.45,96.8,751.2,430.8,0,70,10:59:00
5.25,6.81,96.4,506.1,656.5,0,71,10:59:05
7.74,4.45,96.7,748.5,430.3,0,72,10:59:10
7.93,3.53,96.9,768.4,342.1,0,75,10:59:15
7.93,-1.47,97.7,774.8,-143.6,0,79,10:59:20
7.5,-7.04,98.5,738.8,-693.4,0,82,10:59:25
7.64,-6.74,98.5,752.5,-663.9,0,82,10:59:30
8.23,-4.92,98.4,809.8,-484.1,0,80,10:59:35
8.27,-4,98.3,812.9,-393.2,0,80,10:59:40
8.21,-3.2,98.2,806.2,-314.2,0,80,10:59:45
8.17,-3.33,98.2,802.3,-327,0,80,10:59:50
8.15,-3.02,98.2,800.3,-296.6,0,80,10:59:55
8.14,-4.42,98.4,801,-434.9,0,80,11:00:00
8.1,-4.7,98.5,797.9,-463,0,80,11:00:05
8.14,-1.86,98,797.7,-182.3,0,79,11:00:10
8.19,1.09,97.6,799.3,106.4,0,77,11:00:15
8.23,0.69,97.7,804.1,67.4,0,77,11:00:20
7.97,-1.64,98,781.1,-160.7,0,79,11:00:25
7.66,-4.47,98.4,753.7,-439.8,0,81,11:00:30
7.71,-3.72,98.4,758.7,-366,0,80,11:00:35
7.65,-1.97,98.1,750.5,-193.3,0,79,11:00:40
7.59,-0.69,97.9,743.1,-67.6,0,79,11:00:45
3.92,1.57,97.6,382.6,153.2,0,79,11:00:50
7.94,-1.02,98,778.1,-100,0,79,11:00:55
7.72,-0.58,97.9,755.8,-56.8,0,79,11:01:00
7.83,-1.22,98,767.3,-119.6,0,78,11:01:05
8.14,-1.56,98,797.7,-152.9,0,79,11:01:10
8.19,-2.73,98.3,805.1,-268.4,0,79,11:01:15
8.23,-3.96,98.4,809.8,-389.7,0,80,11:01:20
8.21,-6.36,98.8,811.1,-628.4,0,82,11:01:25
8.04,-8.56,99.2,797.6,-849.2,0,83,11:01:30
8.02,-8.36,99.2,795.6,-829.3,0,82,11:01:35
7.18,-3.71,98.5,707.2,-365.4,0,80,11:01:40
8.46,0.58,97.9,828.2,56.8,0,77,11:01:45
8.27,3.48,97.4,805.5,339,0,74,11:01:50
8.46,3.99,97.2,822.3,387.8,0,72,11:01:55
8.32,4.11,97.2,808.7,399.5,0,71,11:02:00
8.17,4.2,97.1,793.3,407.8,0,71,11:02:05
8.29,3.97,97.2,805.8,385.9,0,72,11:02:10
8.27,2.95,97.3,804.7,287,0,74,11:02:15
8.34,1.71,97.5,813.2,166.7,0,76,11:02:20
8.18,-1.61,98,801.6,-157.8,0,79,11:02:25
8.28,-5.01,98.5,815.6,-493.5,0,81,11:02:30
8.17,-3.06,98.2,802.3,-300.5,0,80,11:02:35
8.25,1.01,97.7,806,98.7,0,77,11:02:40
8.33,3.31,97.3,810.5,322.1,0,73,11:02:45
7.95,3.43,97.2,772.7,333.4,0,67,11:02:50
8.31,3.11,97.3,808.6,302.6,0,63,11:02:55
8.5,4,97.1,825.4,388.4,0,60,11:03:00
8.52,3.94,97.1,827.3,382.6,0,59,11:03:05
8.61,3.84,97.1,836,372.9,0,60,11:03:10
8.61,3.85,97.1,836,373.8,0,63,11:03:15
8.59,3.84,97.1,834.1,372.9,0,64,11:03:20
8.56,3.89,97.1,831.2,377.7,0,63,11:03:25
8.72,3.78,97.1,846.7,367,0,61,11:03:30
9.03,3.51,97,875.9,340.5,0,61,11:03:35
9.04,3.46,97.1,877.8,336,0,62,11:03:40
9.11,3.39,97.1,884.6,329.2,0,65,11:03:45
9.25,3.29,97.1,898.2,319.5,0,69,11:03:50
8.99,3.4,97,872,329.8,0,72,11:03:55
8.99,3.72,97,872,360.8,0,73,11:04:00
8.64,3.85,97,838.1,373.5,0,70,11:04:05
8.85,3.6,97.1,859.3,349.6,0,66,11:04:10
9.02,4.49,96.8,873.1,434.6,0,63,11:04:15
9.11,4.46,96.8,881.8,431.7,0,62,11:04:20
9.17,4.33,96.8,887.7,419.1,0,63,11:04:25
9.21,4.29,96.8,891.5,415.3,0,65,11:04:30
9.1,4.39,96.8,880.9,425,0,68,11:04:35
9.14,4.26,96.8,884.8,412.4,0,73,11:04:40
9.05,-0.18,97.5,882.4,-17.6,0,77,11:04:45
8.73,-1.4,97.8,853.8,-136.9,0,78,11:04:50
9.1,0.15,97.6,888.2,14.6,0,77,11:04:55
8.92,3.12,97.1,866.1,303,0,75,11:05:00
9.06,4.6,96.8,877,445.3,0,71,11:05:05
9.09,4.4,96.8,879.9,425.9,0,68,11:05:10
8.74,4.68,96.8,846,453,0,65,11:05:15
9.06,4.32,96.8,877,418.2,0,62,11:05:20
9.12,4.31,96.8,882.8,417.2,0,59,11:05:25
8.79,4.58,96.8,850.9,443.3,0,57,11:05:30
8.84,4.57,96.8,855.7,442.4,0,56,11:05:35
8.85,4.56,96.8,856.7,441.4,0,56,11:05:40
8.81,4.57,96.8,852.8,442.4,0,58,11:05:45
8.54,4.82,96.7,825.8,466.1,0,61,11:05:50
8.34,5.01,96.6,805.6,484,0,65,11:05:55
8.12,5.12,96.5,783.6,494.1,0,69,11:06:00
7.57,-2.1,97.6,738.8,-205,0,73,11:06:05
6.96,-25.28,101.4,705.7,-2563.4,0,71,11:06:10
7.75,-6.94,98.7,764.9,-685,0,66,11:06:15
7.58,-6.78,98.7,748.1,-669.2,0,66,11:06:20
6.56,-5.83,98.6,646.8,-574.8,0,65,11:06:25
8.26,-7.41,98.9,816.9,-732.8,0,62,11:06:30
8.53,-2.38,98.2,837.6,-233.7,0,58,11:06:35
8.6,4.73,97.1,835.1,459.3,0,56,11:06:40
8.3,7.99,96.5,801,771,0,56,11:06:45
8.31,8.75,96.3,800.3,842.6,0,55,11:06:50
8.2,12.35,95.7,784.7,1181.9,0,53,11:06:55
8.29,21.17,94.2,780.9,1994.2,0,52,11:07:00
8.02,21.35,94,753.9,2006.9,0,52,11:07:05
8.08,21.34,94,759.5,2006,0,52,11:07:10
8.04,21.38,93.9,755,2007.6,0,52,11:07:15
8.11,21.35,93.7,759.9,2000.5,0,52,11:07:20
8.27,21.14,93.7,774.9,1980.8,0,52,11:07:25
8.26,21.17,93.6,773.1,1981.5,0,53,11:07:30
8.25,21.13,93.6,772.2,1977.8,0,56,11:07:35
8.29,14.29,94.5,783.4,1350.4,0,60,11:07:40
7.81,2.91,96.3,752.1,280.2,0,60,11:07:45
7.8,3.03,96.4,751.9,292.1,0,60,11:07:50
8.08,4.06,96.3,778.1,391,0,62,11:07:55
8.24,3.87,96.4,794.3,373.1,0,67,11:08:00
8.19,3.66,96.4,789.5,352.8,0,72,11:08:05
7.61,4.18,96.3,732.8,402.5,0,73,11:08:10
7.69,4.31,96.4,741.3,415.5,0,73,11:08:15
8.88,2.9,96.6,857.8,280.1,0,73,11:08:20
9,2.32,96.7,870.3,224.3,0,75,11:08:25
8.88,0.25,97,861.4,24.3,0,77,11:08:30
8.85,-2.44,97.5,862.9,-237.9,0,78,11:08:35
8.79,-4.14,97.8,859.7,-404.9,0,79,11:08:40
8.76,-5.16,98,858.5,-505.7,0,80,11:08:45
8.6,-5.32,98.1,843.7,-521.9,0,80,11:08:50
8.37,-6.3,98.3,822.8,-619.3,0,81,11:08:55
8.41,-7.33,98.4,827.5,-721.3,0,82,11:09:00
8.47,-6.58,98.4,833.4,-647.5,0,81,11:09:05
7.16,-1.81,97.7,699.5,-176.8,0,79,11:09:10
8.78,1.64,97.2,853.4,159.4,0,76,11:09:15
8.79,3.29,96.9,851.8,318.8,0,74,11:09:20
8.84,3.68,96.8,855.7,356.2,0,73,11:09:25
8.8,3.79,96.8,851.8,366.9,0,73,11:09:30
8.85,3.18,96.8,856.7,307.8,0,74,11:09:35
8.83,2.26,97,856.5,219.2,0,75,11:09:40
8.65,0.6,97.3,841.6,58.4,0,77,11:09:45
8.71,1.08,97.2,846.6,105,0,76,11:09:50
8.59,2.76,96.9,832.4,267.4,0,75,11:09:55
8.63,3.76,96.8,835.4,364,0,73,11:10:00
8.81,3.42,96.8,852.8,331.1,0,73,11:10:05
8.78,3.54,96.7,849,342.3,0,73,11:10:10
8.85,2.85,96.9,857.6,276.2,0,74,11:10:15
8.52,3.07,96.8,824.7,297.2,0,74,11:10:20
8.75,3.07,96.8,847,297.2,0,74,11:10:25
8.8,3.87,96.7,851,374.2,0,73,11:10:30
8.81,3.83,96.7,851.9,370.4,0,72,11:10:35
8.91,3.42,96.7,861.6,330.7,0,72,11:10:40
8.79,3.71,96.7,850,358.8,0,71,11:10:45
8.79,3.67,96.7,850,354.9,0,71,11:10:50
8.85,3.57,96.8,856.7,345.6,0,71,11:10:55
8.93,3.49,96.7,863.5,337.5,0,72,11:11:00
8.94,3.32,96.7,864.5,321,0,74,11:11:05
8.81,1.99,96.9,853.7,192.8,0,76,11:11:10
8.84,0.15,97.2,859.2,14.6,0,77,11:11:15
8.84,1.34,97.1,858.4,130.1,0,76,11:11:20
8.93,2.81,96.8,864.4,272,0,75,11:11:25
8.9,3.36,96.8,861.5,325.2,0,73,11:11:30
8.51,3.61,96.7,822.9,349.1,0,73,11:11:35
8.47,4,96.6,818.2,386.4,0,73,11:11:40
8.42,3.27,96.7,814.2,316.2,0,74,11:11:45
8.27,3.14,96.7,799.7,303.6,0,75,11:11:50
5.74,4.68,96.5,553.9,451.6,0,75,11:11:55
8.15,1.88,97,790.6,182.4,0,76,11:12:00
8.36,-0.07,97.2,812.6,-6.8,0,77,11:12:05
8.31,-0.78,97.4,809.4,-76,0,78,11:12:10
8.5,0.6,97.2,826.2,58.3,0,77,11:12:15
8.51,1.61,97,825.5,156.2,0,76,11:12:20
8.55,2.81,96.8,827.6,272,0,75,11:12:25
8.78,4.27,96.6,848.1,412.5,0,74,11:12:30
9.05,5.74,96.4,872.4,553.3,0,73,11:12:35
9.21,6.17,96.2,886,593.6,0,73,11:12:40
9.22,7.72,95.9,884.2,740.3,0,72,11:12:45
9.24,10.85,95.5,882.4,1036.2,0,70,11:12:50
9.28,11.76,95.3,884.4,1120.7,0,70,11:12:55
9.3,11.28,95.3,886.3,1075,0,70,11:13:00
9.33,9.54,95.5,891,911.1,0,71,11:13:05
9.25,7.73,95.7,885.2,739.8,0,72,11:13:10
8.03,6.9,95.9,770.1,661.7,0,73,11:13:15
9.14,4.22,96.2,879.3,406,0,74,11:13:20
9,2.65,96.6,869.4,256,0,75,11:13:25
9,0.98,96.8,871.2,94.9,0,76,11:13:30
8.9,-0.84,97.2,865.1,-81.6,0,77,11:13:35
8.78,1.36,96.9,850.8,131.8,0,76,11:13:40
3.88,9.13,95.7,371.3,873.7,0,73,11:13:45
8.73,9.18,95.5,833.7,876.7,0,71,11:13:50
9.22,9.74,95.5,880.5,930.2,0,70,11:13:55
9.09,10.63,95.3,866.3,1013,0,69,11:14:00
9.2,10.65,95.2,875.8,1013.9,0,70,11:14:05
9.28,10,95.3,884.4,953,0,70,11:14:10
9.19,7.78,95.6,878.6,743.8,0,72,11:14:15
9.14,5.85,95.9,876.5,561,0,73,11:14:20
9.16,6.11,95.8,877.5,585.3,0,73,11:14:25
9.26,8.1,95.6,885.3,774.4,0,71,11:14:30
9.22,10.62,95.2,877.7,1011,0,69,11:14:35
9.29,11.33,95,882.6,1076.4,0,68,11:14:40
9.22,11.35,95,875.9,1078.3,0,67,11:14:45
9.32,11.25,95,885.4,1068.8,0,67,11:14:50
9.28,11.31,95,881.6,1074.5,0,67,11:14:55
9.27,11.07,94.9,879.7,1050.5,0,68,11:15:00
9.25,9.94,95.1,879.7,945.3,0,70,11:15:05
9.25,7.08,95.5,883.4,676.1,0,72,11:15:10
9.17,4.69,95.9,879.4,449.8,0,74,11:15:15
9.06,3.31,96.2,871.6,318.4,0,74,11:15:20
9.11,2.99,96.2,876.4,287.6,0,75,11:15:25
8.97,2.56,96.4,864.7,246.8,0,75,11:15:30
9.04,2.09,96.4,871.5,201.5,0,75,11:15:35
9.02,0.54,96.7,872.2,52.2,0,76,11:15:40
8.95,-1.18,97,868.2,-114.5,0,77,11:15:45
9,-3.12,97.3,875.7,-303.6,0,79,11:15:50
8.93,-5.6,97.8,873.4,-547.7,0,80,11:15:55
8.85,-7.19,98,867.3,-704.6,0,81,11:16:00
8.96,-5.09,97.8,876.3,-497.8,0,80,11:16:05
8.84,-1.35,97.3,860.1,-131.4,0,77,11:16:10
8.76,3.09,96.6,846.2,298.5,0,75,11:16:15
9.04,5.9,96.1,868.7,567,0,73,11:16:20
9.03,6.66,96,866.9,639.4,0,73,11:16:25
9.03,6.38,96,866.9,612.5,0,73,11:16:30
9.02,5.55,96,865.9,532.8,0,72,11:16:35
8.98,4.53,96.2,863.9,435.8,0,71,11:16:40
9.03,1.35,96.8,874.1,130.7,0,70,11:16:45
8.76,1.58,96.7,847.1,152.8,0,68,11:16:50
8.84,1.5,96.7,854.8,145.1,0,66,11:16:55
9.02,1.39,96.8,873.1,134.6,0,65,11:17:00
9.3,1.11,96.8,900.2,107.4,0,63,11:17:05
9.2,1.2,96.8,890.6,116.2,0,63,11:17:10
8.86,1.49,96.8,857.6,144.2,0,63,11:17:15
9,3.98,96.3,866.7,383.3,0,64,11:17:20
9.02,4.47,96.3,868.6,430.5,0,67,11:17:25
9.12,4.3,96.2,877.3,413.7,0,70,11:17:30
9.2,3.7,96.4,886.9,356.7,0,74,11:17:35
8.85,-0.37,97,858.5,-35.9,0,77,11:17:40
8.91,-3.92,97.5,868.7,-382.2,0,79,11:17:45
8.82,-3.73,97.6,860.8,-364,0,79,11:17:50
8.78,-2.24,97.4,855.2,-218.2,0,78,11:17:55
9.03,1.12,96.9,875,108.5,0,76,11:18:00
8.95,3,96.6,864.6,289.8,0,75,11:18:05
9.04,3.93,96.4,871.5,378.9,0,73,11:18:10
8.9,4.69,96.3,857.1,451.6,0,71,11:18:15
8.85,4.53,96.2,851.4,435.8,0,70,11:18:20
8.95,4.45,96.3,861.9,428.5,0,68,11:18:25
9.02,5.37,96.2,867.7,516.6,0,66,11:18:30
9.24,8.12,95.6,883.3,776.3,0,66,11:18:35
9.27,8.08,95.6,886.2,772.4,0,67,11:18:40
9.25,8.02,95.6,884.3,766.7,0,68,11:18:45
9.27,7.96,95.5,885.3,760.2,0,69,11:18:50
9.39,7.78,95.6,897.7,743.8,0,70,11:18:55
9.43,6.96,95.6,901.5,665.4,0,71,11:19:00
9.46,6.39,95.7,905.3,611.5,0,73,11:19:05
9.43,3.72,96.1,906.2,357.5,0,74,11:19:10
9.39,1.04,96.6,907.1,100.5,0,76,11:19:15
9.34,-0.09,96.8,904.1,-8.7,0,76,11:19:20
9.3,0.3,96.7,899.3,29,0,76,11:19:25
9.05,0.89,96.7,875.1,86.1,0,76,11:19:30
8.95,1.98,96.5,863.7,191.1,0,75,11:19:35
8.94,2.89,96.4,861.8,278.6,0,75,11:19:40
8.87,4.01,96.2,853.3,385.8,0,74,11:19:45
8.93,4.14,96.2,859.1,398.3,0,74,11:19:50
8.69,4.29,96.2,836,412.7,0,74,11:19:55
8.58,4.9,96.1,824.5,470.9,0,74,11:20:00
8.67,5.29,96,832.3,507.8,0,73,11:20:05
8.48,5.68,95.9,813.2,544.7,0,73,11:20:10
8.49,5.28,95.9,814.2,506.4,0,73,11:20:15
8.26,4.63,96.1,793.8,444.9,0,74,11:20:20
8.27,3.59,96.2,795.6,345.4,0,75,11:20:25
8.21,2.43,96.4,791.4,234.3,0,75,11:20:30
8.35,0.18,96.8,808.3,17.4,0,77,11:20:35
7.94,-1.13,97,770.2,-109.6,0,78,11:20:40
7.34,-3.07,97.3,714.2,-298.7,0,79,11:20:45
8.11,-3.14,97.3,789.1,-305.5,0,79,11:20:50
6.74,1.16,96.7,651.8,112.2,0,77,11:20:55
8.99,3.75,96.3,865.7,361.1,0,74,11:21:00
9.23,4.95,96.1,887,475.7,0,73,11:21:05
8.95,-0.29,96.9,867.3,-28.1,0,73,11:21:10
8.92,-8,98,874.2,-784,0,71,11:21:15
8.27,-29.25,101.4,838.6,-2966,0,65,11:21:20
8.17,-28.82,101.5,829.3,-2925.2,0,52,11:21:25
8.74,-7.86,98.4,860,-773.4,0,46,11:21:30
8.78,-2.97,97.7,857.8,-290.2,0,49,11:21:35
6.51,-5.74,98.1,638.6,-563.1,0,48,11:21:40
8.69,-7.79,98.4,855.1,-766.5,0,46,11:21:45
8.65,-3.65,97.8,846,-357,0,43,11:21:50
8.79,1.88,97,852.6,182.4,0,43,11:21:55
8.77,1.93,97,850.7,187.2,0,42,11:22:00
8.85,1.81,96.9,857.6,175.4,0,42,11:22:05
8.53,-7.65,98.4,839.4,-752.8,0,33,11:22:10
8.92,0.82,97.1,866.1,79.6,0,31,11:22:15
8.84,0.24,97.2,859.2,23.3,0,33,11:22:20
8.46,-7.58,98.3,831.6,-745.1,0,32,11:22:25
8.44,-10.36,98.8,833.9,-1023.6,0,26,11:22:30
8.34,-11.15,99,825.7,-1103.9,0,18,11:22:35
8.82,-7.93,98.6,869.7,-781.9,0,5,11:22:40
9.09,-8.16,98.6,896.3,-804.6,0,0,11:22:45
9.06,-8.14,98.6,893.3,-802.6,0,0,11:22:50
9.06,-8.15,98.6,893.3,-803.6,0,0,11:22:55
9.05,-8.13,98.6,892.3,-801.6,0,0,11:23:00
9.02,-8.11,98.6,889.4,-799.6,0,0,11:23:05
9.02,-8.11,98.6,889.4,-799.6,0,0,11:23:10
9.02,-8.12,98.6,889.4,-800.6,0,0,11:23:15
9.01,-8.11,98.6,888.4,-799.6,0,0,11:23:20
9.01,-8.09,98.6,888.4,-797.7,0,0,11:23:25
9.33,0.4,97.4,908.7,39,0,0,11:23:30
9.29,-4.36,98.1,911.3,-427.7,0,0,11:23:35
9.08,-8.16,98.6,895.3,-804.6,0,0,11:23:40
9.06,-8.15,98.7,894.2,-804.4,0,0,11:23:45
9.07,-8.16,98.6,894.3,-804.6,0,0,11:23:50
9.08,-8.17,98.7,896.2,-806.4,0,0,11:23:55
9.08,-8.16,98.7,896.2,-805.4,0,0,11:24:00
9.08,-8.16,98.7,896.2,-805.4,0,0,11:24:05
9.06,-8.15,98.7,894.2,-804.4,0,0,11:24:10
9.06,-8.14,98.7,894.2,-803.4,0,0,11:24:15
9.06,-8.13,98.7,894.2,-802.4,0,0,11:24:20
9.05,-8.13,98.7,893.2,-802.4,0,0,11:24:25
9.05,-8.14,98.7,893.2,-803.4,0,0,11:24:30
9.04,-8.1,98.8,893.2,-800.3,0,0,11:24:35
9.04,-8.12,98.8,893.2,-802.3,0,0,11:24:40
9.03,-8.12,98.8,892.2,-802.3,0,0,11:24:45
9.03,-8.12,98.9,893.1,-803.1,0,0,11:24:50
9.04,-8.13,98.9,894.1,-804.1,0,0,11:24:55
9.04,-8.12,98.8,893.2,-802.3,0,0,11:25:00
8.76,3.09,97.1,850.6,300,0,8,11:25:05
8.61,12.01,95.8,824.8,1150.6,0,23,11:25:10
8.36,13.1,95.6,799.2,1252.4,0,36,11:25:15
8.32,6.71,96.3,801.2,646.2,0,44,11:25:20
8.27,5.8,96.5,798.1,559.7,0,49,11:25:25
8.27,5.76,96.5,798.1,555.8,0,54,11:25:30
8.16,4.89,96.6,788.3,472.4,0,59,11:25:35
8.24,4.82,96.5,795.2,465.1,0,63,11:25:40
8.21,4.82,96.5,792.3,465.1,0,65,11:25:45
8.24,4.81,96.5,795.2,464.2,0,65,11:25:50
8.51,4.59,96.5,821.2,442.9,0,66,11:25:55
8.54,4.56,96.5,824.1,440,0,67,11:26:00
8.59,4.53,96.5,828.9,437.1,0,69,11:26:05
8.28,3.89,96.6,799.8,375.8,0,71,11:26:10
7.53,-23.57,100.7,758.3,-2373.5,0,71,11:26:15
7.58,-29.1,101.8,771.6,-2962.4,0,59,11:26:20
8.35,-7.49,98.6,823.3,-738.5,0,53,11:26:25
5.11,-17.48,100.1,511.5,-1749.7,0,45,11:26:30
4.14,-20.27,100.6,416.5,-2039.2,0,39,11:26:35
4.69,-12.08,99.5,466.7,-1202,0,27,11:26:40
8.69,-9.97,99.1,861.2,-988,0,19,11:26:45
8.74,-7.85,98.8,863.5,-775.6,0,11,11:26:50
8.71,-7.84,98.9,861.4,-775.4,0,0,11:26:55
8.69,-7.83,98.9,859.4,-774.4,0,0,11:27:00
8.72,-7.85,98.8,861.5,-775.6,0,0,11:27:05
8.65,-7.79,98.8,854.6,-769.7,0,0,11:27:10
8.33,-7.49,98.8,823,-740,0,0,11:27:15
8.22,-7.38,98.7,811.3,-728.4,0,0,11:27:20
8.57,-7.71,98.9,847.6,-762.5,0,0,11:27:25
8.51,-7.66,98.9,841.6,-757.6,0,0,11:27:30
8.53,-7.67,98.8,842.8,-757.8,0,0,11:27:35
8.59,-7.73,98.9,849.6,-764.5,0,0,11:27:40
7.87,-7.07,98.7,776.8,-697.8,0,0,11:27:45
8.56,-7.69,98.9,846.6,-760.5,0,0,11:27:50
8.36,-7.51,98.9,826.8,-742.7,0,0,11:27:55
7.8,-6.99,98.8,770.6,-690.6,0,0,11:28:00
8.54,-7.68,98.9,844.6,-759.6,0,0,11:28:05
7.82,-7.01,98.8,772.6,-692.6,0,0,11:28:10
7.14,-6.39,98.7,704.7,-630.7,0,0,11:28:15
7.64,-6.85,98.7,754.1,-676.1,0,0,11:28:20
7.85,-7.04,98.8,775.6,-695.6,0,0,11:28:25
7.92,-7.11,98.8,782.5,-702.5,0,0,11:28:30
8.21,-7.37,98.9,812,-728.9,0,0,11:28:35
8.34,-7.5,98.9,824.8,-741.8,0,0,11:28:40
8.34,-7.49,98.9,824.8,-740.8,0,0,11:28:45
8.34,-7.5,98.9,824.8,-741.8,0,0,11:28:50
8.13,-7.31,98.9,804.1,-723,0,0,11:28:55
7.43,-6.65,98.8,734.1,-657,0,0,11:29:00
7.87,-7.06,98.8,777.6,-697.5,0,0,11:29:05
7.97,-7.15,98.9,788.2,-707.1,0,0,11:29:10
7.94,-7.14,98.9,785.3,-706.1,0,0,11:29:15
7.98,-7.17,98.9,789.2,-709.1,0,0,11:29:20
8.11,-7.27,98.9,802.1,-719,0,0,11:29:25
7.22,-6.47,98.9,714.1,-639.9,0,0,11:29:30
7.02,-6.28,98.8,693.6,-620.5,0,0,11:29:35
6.98,-6.23,98.8,689.6,-615.5,0,0,11:29:40
7.01,-6.27,98.8,692.6,-619.5,0,0,11:29:45
7.28,-6.52,98.9,720,-644.8,0,0,11:29:50
7.14,-6.39,98.9,706.1,-632,0,0,11:29:55
7.29,-6.52,98.9,721,-644.8,0,0,11:30:00
7.1,-6.35,98.9,702.2,-628,0,0,11:30:05
7.23,-6.46,98.9,715,-638.9,0,0,11:30:10
7.32,-6.55,98.9,723.9,-647.8,0,0,11:30:15
7.28,-6.51,98.9,720,-643.8,0,0,11:30:20
7.36,-6.6,98.9,727.9,-652.7,0,0,11:30:25
7.31,-6.54,98.9,723,-646.8,0,0,11:30:30
7.4,-6.63,98.9,731.9,-655.7,0,0,11:30:35
7.89,-7.08,98.9,780.3,-700.2,0,0,11:30:40
7.95,-7.14,98.9,786.3,-706.1,0,0,11:30:45
7.97,-7.16,98.9,788.2,-708.1,0,0,11:30:50
7.61,-6.83,98.9,752.6,-675.5,0,0,11:30:55
7.72,-6.93,98.9,763.5,-685.4,0,0,11:31:00
7.51,-6.74,98.9,742.7,-666.6,0,0,11:31:05
7.33,-6.56,98.9,724.9,-648.8,0,0,11:31:10
7.3,-6.53,98.9,722,-645.8,0,0,11:31:15
7.3,-6.54,98.9,722,-646.8,0,0,11:31:20
7.32,-6.56,98.9,723.9,-648.8,0,0,11:31:25
7.37,-6.6,98.9,728.9,-652.7,0,0,11:31:30
7.86,-7.06,99,778.1,-698.9,0,0,11:31:35
7.87,-7.07,99,779.1,-699.9,0,0,11:31:40
7.88,-7.08,99,780.1,-700.9,0,0,11:31:45
7.85,-7.05,99,777.2,-698,0,0,11:31:50
7.87,-7.06,99.1,779.9,-699.6,0,0,11:31:55
7.88,-7.08,99.1,780.9,-701.6,0,0,11:32:00
7.63,-6.84,99,755.4,-677.2,0,0,11:32:05
7.54,-6.75,99,746.5,-668.3,0,0,11:32:10
7.62,-6.83,99,754.4,-676.2,0,0,11:32:15
7.07,-6.32,99,699.9,-625.7,0,0,11:32:20
7.09,-6.34,99,701.9,-627.7,0,0,11:32:25
8.06,-7.24,99.2,799.6,-718.2,0,0,11:32:30
8.09,-7.25,99.2,802.5,-719.2,0,0,11:32:35
7.95,-7.13,99.1,787.8,-706.6,0,0,11:32:40
7.9,-7.09,99.1,782.9,-702.6,0,0,11:32:45
8.02,-7.21,99.2,795.6,-715.2,0,0,11:32:50
7.92,-7.11,99.2,785.7,-705.3,0,0,11:32:55
7.22,-6.46,99,714.8,-639.5,0,0,11:33:00
7.38,-6.61,99.1,731.4,-655.1,0,0,11:33:05
7.7,-6.91,99.2,763.8,-685.5,0,0,11:33:10
8.26,-7.42,99.2,819.4,-736.1,0,0,11:33:15
8.25,-7.41,99.2,818.4,-735.1,0,0,11:33:20
8.23,-7.37,99.2,816.4,-731.1,0,0,11:33:25
7.91,-7.08,99.1,783.9,-701.6,0,0,11:33:30
8.23,-7.4,99.2,816.4,-734.1,0,0,11:33:35
7.22,-6.46,99.1,715.5,-640.2,0,0,11:33:40
7.83,-7.02,99.2,776.7,-696.4,0,0,11:33:45
8.18,-7.35,99.2,811.5,-729.1,0,0,11:33:50
8.31,-7.47,99.3,825.2,-741.8,0,0,11:33:55
8.42,-7.56,99.3,836.1,-750.7,0,0,11:34:00
8.5,-7.65,99.3,844.1,-759.6,0,0,11:34:05
8.52,-7.67,99.3,846,-761.6,0,0,11:34:10
8.51,-7.66,99.3,845,-760.6,0,0,11:34:15
8.49,-7.64,99.3,843.1,-758.7,0,0,11:34:20
8.5,-7.65,99.3,844.1,-759.6,0,0,11:34:25
8.52,-7.66,99.4,846.9,-761.4,0,0,11:34:30
8.5,-7.65,99.3,844.1,-759.6,0,0,11:34:35
8.5,-7.65,99.3,844.1,-759.6,0,0,11:34:40
7.51,-6.73,99.2,745,-667.6,0,0,11:34:45
7.71,-6.92,99.3,765.6,-687.2,0,0,11:34:50
7.69,-6.83,99.3,763.6,-678.2,0,0,11:34:55
7.61,-6.82,99.3,755.7,-677.2,0,0,11:35:00
7.66,-6.87,99.3,760.6,-682.2,0,0,11:35:05
7.24,-6.46,99.2,718.2,-640.8,0,0,11:35:10
7.21,-6.45,99.2,715.2,-639.8,0,0,11:35:15
7.33,-6.49,99.2,727.1,-643.8,0,0,11:35:20
7.18,-6.42,99.2,712.3,-636.9,0,0,11:35:25
7.27,-6.46,99.2,721.2,-640.8,0,0,11:35:30
7.29,-6.52,99.2,723.2,-646.8,0,0,11:35:35
7.3,-6.54,99.2,724.2,-648.8,0,0,11:35:40
7.66,-6.87,99.3,760.6,-682.2,0,0,11:35:45
7.66,-6.87,99.3,760.6,-682.2,0,0,11:35:50
7.65,-6.86,99.3,759.6,-681.2,0,0,11:35:55
7.56,-6.78,99.3,750.7,-673.3,0,0,11:36:00
8.24,-7.4,99.5,819.9,-736.3,0,0,11:36:05
8.34,-7.48,99.4,829,-743.5,0,0,11:36:10
8.47,-7.6,99.5,842.8,-756.2,0,0,11:36:15
8.55,-7.67,99.5,850.7,-763.2,0,0,11:36:20
8.56,-7.68,99.5,851.7,-764.2,0,0,11:36:25
8.54,-7.67,99.5,849.7,-763.2,0,0,11:36:30
8.54,-7.67,99.5,849.7,-763.2,0,0,11:36:35
8.55,-7.68,99.5,850.7,-764.2,0,0,11:36:40
8.56,-7.68,99.5,851.7,-764.2,0,0,11:36:45
8.56,-7.67,99.5,851.7,-763.2,0,0,11:36:50
8.56,-7.68,99.5,851.7,-764.2,0,0,11:36:55
8.57,-7.69,99.5,852.7,-765.2,0,0,11:37:00
8.56,-7.68,99.5,851.7,-764.2,0,0,11:37:05
8.55,-7.68,99.5,850.7,-764.2,0,0,11:37:10
8.55,-7.67,99.6,851.6,-763.9,0,0,11:37:15
8.54,-7.67,99.5,849.7,-763.2,0,0,11:37:20
8.61,-5.73,99.3,855,-569,0,0,11:37:25
8.6,-4.81,99.2,853.1,-477.2,0,6,11:37:30
8.76,-2.5,98.8,865.5,-247,0,14,11:37:35
6.76,3.54,97.9,661.8,346.6,0,22,11:37:40
6.66,4.47,97.7,650.7,436.7,0,31,11:37:45
3.93,6.74,97.3,382.4,655.8,0,39,11:37:50
6.83,4.29,97.7,667.3,419.1,0,46,11:37:55
8.89,2.59,97.9,870.3,253.6,0,51,11:38:00
8.76,2.68,97.9,857.6,262.4,0,55,11:38:05
8.74,3.74,97.7,853.9,365.4,0,58,11:38:10
8.75,3.7,97.7,854.9,361.5,0,60,11:38:15
5.75,6.25,97.3,559.5,608.1,0,62,11:38:20
8.79,3.67,97.7,858.8,358.6,0,64,11:38:25
8.83,3.63,97.7,862.7,354.7,0,67,11:38:30
8.79,3.67,97.7,858.8,358.6,0,70,11:38:35
8.88,3.75,97.6,866.7,366,0,73,11:38:40
8.86,2.83,97.7,865.6,276.5,0,75,11:38:45
8.78,0.87,98,860.4,85.3,0,77,11:38:50
8.97,-1.09,98.3,881.8,-107.1,0,79,11:38:55
8.81,-2.22,98.5,867.8,-218.7,0,79,11:39:00
8.86,-3.69,98.7,874.5,-364.2,0,80,11:39:05
8.98,-3.18,98.7,886.3,-313.9,0,80,11:39:10
9.09,-2.64,98.6,896.3,-260.3,0,79,11:39:15
9.15,-1.99,98.5,901.3,-196,0,79,11:39:20
9.14,-2.16,98.5,900.3,-212.8,0,79,11:39:25
9.06,-2.83,98.6,893.3,-279,0,79,11:39:30
9.07,-2.03,98.5,893.4,-200,0,79,11:39:35
9.01,0.28,98.2,884.8,27.5,0,77,11:39:40
8.85,2.99,97.8,865.5,292.4,0,75,11:39:45
9.05,3.6,97.7,884.2,351.7,0,73,11:39:50
8.8,3.76,97.6,858.9,367,0,72,11:39:55
8.81,3.84,97.6,859.9,374.8,0,72,11:40:00
8.74,3.67,97.6,853,358.2,0,73,11:40:05
8.75,3.05,97.7,854.9,298,0,75,11:40:10
8.58,1.54,97.9,840,150.8,0,77,11:40:15
8.48,-0.87,98.2,832.7,-85.4,0,79,11:40:20
8.28,-3.4,98.7,817.2,-335.6,0,80,11:40:25
6.76,-1.88,98.5,665.9,-185.2,0,80,11:40:30
0.94,5.36,97.4,91.6,522.1,0,78,11:40:35
9.32,2.68,97.7,910.6,261.8,0,75,11:40:40
9.42,3.34,97.7,920.3,326.3,0,73,11:40:45
9.57,3.18,97.6,934,310.4,0,72,11:40:50
9.21,3.29,97.7,899.8,321.4,0,72,11:40:55
8.94,3.61,97.6,872.5,352.3,0,72,11:41:00
8.93,3.43,97.6,871.6,334.8,0,73,11:41:05
9.08,2.93,97.6,886.2,286,0,75,11:41:10
8.62,1.53,97.9,843.9,149.8,0,77,11:41:15
9.05,-1.42,98.3,889.6,-139.6,0,79,11:41:20
9.12,0.13,98.1,894.7,12.8,0,78,11:41:25
9.19,2.15,97.8,898.8,210.3,0,76,11:41:30
9.28,2.7,97.7,906.7,263.8,0,75,11:41:35
9.26,2.31,97.8,905.6,225.9,0,75,11:41:40
9.32,1.66,97.9,912.4,162.5,0,76,11:41:45
9.11,-0.23,98.1,893.7,-22.6,0,78,11:41:50
8.81,-1.04,98.3,866,-102.2,0,78,11:41:55
8.75,-0.61,98.2,859.3,-59.9,0,78,11:42:00
8.72,0.48,98,854.6,47,0,78,11:42:05
8.67,1.37,97.9,848.8,134.1,0,77,11:42:10
8.95,1.82,97.9,876.2,178.2,0,77,11:42:15
9.01,0.93,98,883,91.1,0,77,11:42:20
9.1,-0.04,98.2,893.6,-3.9,0,78,11:42:25
9.05,-1.3,98.3,889.6,-127.8,0,78,11:42:30
9.21,-0.21,98.2,904.4,-20.6,0,78,11:42:35
9.09,1.57,97.9,889.9,153.7,0,77,11:42:40
9.11,2.69,97.7,890,262.8,0,75,11:42:45
8.91,3.16,97.6,869.6,308.4,0,74,11:42:50
8.99,3.29,97.6,877.4,321.1,0,74,11:42:55
9.36,2.8,97.7,914.5,273.6,0,75,11:43:00
9.3,2.69,97.7,908.6,262.8,0,75,11:43:05
9.29,2.5,97.6,906.7,244,0,75,11:43:10
9.43,2.49,97.7,921.3,243.3,0,75,11:43:15
9.34,2.89,97.6,911.6,282.1,0,74,11:43:20
9.4,3.25,97.6,917.4,317.2,0,73,11:43:25
9.44,3.18,97.5,920.4,310.1,0,72,11:43:30
9.34,3.27,97.5,910.7,318.8,0,70,11:43:35
9.04,3.5,97.5,881.4,341.3,0,68,11:43:40
9.08,3.45,97.5,885.3,336.4,0,67,11:43:45
9.15,3.41,97.4,891.2,332.1,0,65,11:43:50
9.04,3.5,97.5,881.4,341.3,0,63,11:43:55
9.06,3.47,97.4,882.4,338,0,63,11:44:00
8.95,3.55,97.4,871.7,345.8,0,63,11:44:05
9.17,3.38,97.4,893.2,329.2,0,63,11:44:10
9.14,3.4,97.4,890.2,331.2,0,65,11:44:15
9.22,3.33,97.5,899,324.7,0,67,11:44:20
9.16,3.36,97.4,892.2,327.3,0,69,11:44:25
9.39,3.3,97.4,914.6,321.4,0,73,11:44:30
9.3,2.31,97.6,907.7,225.5,0,75,11:44:35
9.22,-0.01,98,903.6,-1,0,77,11:44:40
9.26,-1.06,98.1,908.4,-104,0,78,11:44:45
9.34,-1.25,98.2,917.2,-122.8,0,78,11:44:50
9.62,-1.97,98.2,944.7,-193.5,0,79,11:44:55
9.68,-2.61,98.4,952.5,-256.8,0,79,11:45:00
9.74,-2.62,98.4,958.4,-257.8,0,79,11:45:05
9.74,-2.81,98.5,959.4,-276.8,0,79,11:45:10
9.72,-2.42,98.4,956.4,-238.1,0,79,11:45:15
9.67,-3.11,98.5,952.5,-306.3,0,79,11:45:20
9.64,-4.83,98.8,952.4,-477.2,0,80,11:45:25
9.54,-6.67,99,944.5,-660.3,0,81,11:45:30
9.48,-7.34,99.2,940.4,-728.1,0,82,11:45:35
9.64,-4.74,98.9,953.4,-468.8,0,80,11:45:40
9.86,-0.28,98.2,968.3,-27.5,0,77,11:45:45
10.06,4.76,97.4,979.8,463.6,0,74,11:45:50
10.04,2.56,97.7,980.9,250.1,0,72,11:45:55
10,2.55,97.7,977,249.1,0,70,11:46:00
10.05,2.56,97.7,981.9,250.1,0,70,11:46:05
10.01,2.58,97.7,978,252.1,0,70,11:46:10
9.99,2.63,97.7,976,257,0,71,11:46:15
9.93,2.62,97.6,969.2,255.7,0,72,11:46:20
9.9,2.53,97.6,966.2,246.9,0,74,11:46:25
9.78,0.94,97.8,956.5,91.9,0,77,11:46:30
9.79,-1.17,98.2,961.4,-114.9,0,78,11:46:35
9.87,-1.2,98.3,970.2,-118,0,78,11:46:40
9.89,0.44,98,969.2,43.1,0,77,11:46:45
9.91,1.7,97.8,969.2,166.3,0,75,11:46:50
9.86,2.31,97.7,963.3,225.7,0,75,11:46:55
9.87,2.7,97.6,963.3,263.5,0,74,11:47:00
9.91,2.95,97.5,966.2,287.6,0,73,11:47:05
9.21,3.12,97.5,898,304.2,0,73,11:47:10
9.96,2.66,97.6,972.1,259.6,0,72,11:47:15
9.85,2.81,97.5,960.4,274,0,71,11:47:20
9.83,2.84,97.5,958.4,276.9,0,71,11:47:25
9.87,2.74,97.5,962.3,267.2,0,71,11:47:30
9.81,2.9,97.5,956.5,282.8,0,72,11:47:35
9.78,2.92,97.5,953.6,284.7,0,72,11:47:40
9.84,2.85,97.5,959.4,277.9,0,72,11:47:45
9.71,3.11,97.5,946.7,303.2,0,73,11:47:50
9.65,2.61,97.5,940.9,254.5,0,75,11:47:55
9.48,1.91,97.7,926.2,186.6,0,76,11:48:00
9.35,0.89,97.8,914.4,87,0,77,11:48:05
9.14,-0.84,98.1,896.6,-82.4,0,78,11:48:10
9.03,-1.92,98.2,886.7,-188.5,0,79,11:48:15
9.16,-2.74,98.4,901.3,-269.6,0,79,11:48:20
9.26,-2.6,98.4,911.2,-255.8,0,79,11:48:25
9.03,-1.27,98.2,886.7,-124.7,0,78,11:48:30
9.06,-0.43,98.1,888.8,-42.2,0,78,11:48:35
9.16,0.71,97.9,896.8,69.5,0,77,11:48:40
9.24,1.58,97.7,902.7,154.4,0,76,11:48:45
9.41,1.97,97.7,919.4,192.5,0,76,11:48:50
9.14,2.71,97.6,892.1,264.5,0,75,11:48:55
9.34,2.93,97.5,910.7,285.7,0,74,11:49:00
9.2,3.37,97.4,896.1,328.2,0,74,11:49:05
9.38,3.03,97.5,914.6,295.4,0,73,11:49:10
9.37,3.21,97.4,912.6,312.7,0,73,11:49:15
9.39,3.19,97.4,914.6,310.7,0,73,11:49:20
9.36,3.13,97.4,911.7,304.9,0,73,11:49:25
9.33,3.01,97.4,908.7,293.2,0,74,11:49:30
9.25,2.78,97.5,901.9,271.1,0,74,11:49:35
9.29,2.89,97.4,904.8,281.5,0,74,11:49:40
9.38,2.42,97.6,915.5,236.2,0,75,11:49:45
9.2,2.21,97.5,897,215.5,0,76,11:49:50
9.19,1.43,97.7,897.9,139.7,0,77,11:49:55
9.24,-0.97,98,905.5,-95.1,0,78,11:50:00
9.24,-1.97,98.2,907.4,-193.5,0,79,11:50:05
8.99,-0.92,98.1,881.9,-90.3,0,78,11:50:10
9.23,1.5,97.7,901.8,146.6,0,76,11:50:15
9.31,4,97.3,905.9,389.2,0,74,11:50:20
9.45,4.1,97.3,919.5,398.9,0,72,11:50:25
9.36,4.2,97.3,910.7,408.7,0,70,11:50:30
9.53,4.05,97.3,927.3,394.1,0,68,11:50:35
9.43,4.11,97.3,917.5,399.9,0,67,11:50:40
9.31,3.22,97.4,906.8,313.6,0,67,11:50:45
9.36,3.18,97.4,911.7,309.7,0,67,11:50:50
9.37,3.16,97.4,912.6,307.8,0,68,11:50:55
9.45,3.09,97.4,920.4,301,0,69,11:51:00
9.31,3.2,97.4,906.8,311.7,0,69,11:51:05
9.37,3.16,97.4,912.6,307.8,0,68,11:51:10
9.36,3.17,97.4,911.7,308.8,0,66,11:51:15
9.36,3.18,97.4,911.7,309.7,0,66,11:51:20
9.36,3.18,97.4,911.7,309.7,0,66,11:51:25
9.27,3.23,97.4,902.9,314.6,0,67,11:51:30
9.46,3.08,97.4,921.4,300,0,68,11:51:35
9.41,3.16,97.4,916.5,307.8,0,71,11:51:40
9.44,2.93,97.3,918.5,285.1,0,73,11:51:45
9.31,1.69,97.6,908.7,164.9,0,76,11:51:50
9.28,-0.36,97.8,907.6,-35.2,0,78,11:51:55
9.22,-1.17,98.1,904.5,-114.8,0,78,11:52:00
9.31,-1.01,98,912.4,-99,0,78,11:52:05
9.25,0.5,97.8,904.7,48.9,0,77,11:52:10
9.42,1.67,97.6,919.4,163,0,76,11:52:15
9.47,2.7,97.5,923.3,263.3,0,74,11:52:20
9.47,3.34,97.3,921.4,325,0,73,11:52:25
9.35,3.21,97.4,910.7,312.7,0,71,11:52:30
9.35,3.21,97.4,910.7,312.7,0,71,11:52:35
9.51,3.07,97.4,926.3,299,0,71,11:52:40
9.5,2.92,97.4,925.3,284.4,0,72,11:52:45
9.59,2.85,97.3,933.1,277.3,0,74,11:52:50
9.46,1.67,97.5,922.4,162.8,0,76,11:52:55
9.31,-1.17,97.9,911.4,-114.5,0,78,11:53:00
9.29,-4.01,98.4,914.1,-394.6,0,80,11:53:05
9.2,-4.78,98.6,907.1,-471.3,0,80,11:53:10
9.16,-5.44,98.6,903.2,-536.4,0,81,11:53:15
9.28,-4.38,98.5,914.1,-431.4,0,80,11:53:20
9.3,-3.99,98.6,917,-393.4,0,80,11:53:25
9.31,-2.93,98.4,916.1,-288.3,0,79,11:53:30
9.5,-1.59,98.2,932.9,-156.1,0,78,11:53:35
9.47,-0.07,98,928.1,-6.9,0,77,11:53:40
9.49,1.43,97.7,927.2,139.7,0,76,11:53:45
9.56,1.91,97.7,934,186.6,0,76,11:53:50
9.57,2.94,97.4,932.1,286.4,0,74,11:53:55
9.56,3.09,97.4,931.1,301,0,73,11:54:00
9.54,3.1,97.4,929.2,301.9,0,72,11:54:05
9.61,3.04,97.4,936,296.1,0,71,11:54:10
9.54,3.08,97.4,929.2,300,0,71,11:54:15
9.62,3.04,97.4,937,296.1,0,71,11:54:20
9.58,2.97,97.3,932.1,289,0,72,11:54:25
9.61,2.79,97.4,936,271.7,0,74,11:54:30
9.3,1.83,97.5,906.8,178.4,0,76,11:54:35
9.17,-0.47,97.9,897.7,-46,0,78,11:54:40
9.02,-3.75,98.4,887.6,-369,0,80,11:54:45
8.97,-5.79,98.7,885.3,-571.5,0,81,11:54:50
8.95,-5.18,98.6,882.5,-510.7,0,81,11:54:55
9.07,-2.39,98.3,891.6,-234.9,0,79,11:55:00
9.14,0.68,97.8,893.9,66.5,0,77,11:55:05
9.21,1.67,97.6,898.9,163,0,76,11:55:10
9.17,1.39,97.6,895,135.7,0,77,11:55:15
9.16,0.41,97.8,895.8,40.1,0,77,11:55:20
9.09,0.86,97.7,888.1,84,0,77,11:55:25
9.16,1.86,97.6,894,181.5,0,76,11:55:30
9.25,2.82,97.5,901.9,275,0,74,11:55:35
9.25,3.37,97.3,900,327.9,0,74,11:55:40
9.33,3.19,97.3,907.8,310.4,0,74,11:55:45
9.23,2.37,97.4,899,230.8,0,75,11:55:50
9.17,2.06,97.5,894.1,200.9,0,76,11:55:55
9.29,3.02,97.4,904.8,294.1,0,74,11:56:00
9.26,3.35,97.3,901,326,0,71,11:56:05
9.29,3.24,97.4,904.8,315.6,0,69,11:56:10
9.37,3.19,97.3,911.7,310.4,0,67,11:56:15
9.44,3.14,97.4,919.5,305.8,0,65,11:56:20
9.42,3.17,97.3,916.6,308.4,0,64,11:56:25
9.39,3.2,97.3,913.6,311.4,0,64,11:56:30
9.35,3.22,97.3,909.8,313.3,0,64,11:56:35
9.38,3.17,97.3,912.7,308.4,0,64,11:56:40
9.32,3.23,97.2,905.9,314,0,64,11:56:45
9.4,3.16,97.3,914.6,307.5,0,65,11:56:50
9.4,3.14,97.2,913.7,305.2,0,65,11:56:55
9.33,3.22,97.2,906.9,313,0,67,11:57:00
9.37,3.19,97.2,910.8,310.1,0,68,11:57:05
9.49,3.11,97.3,923.4,302.6,0,70,11:57:10
9.78,2.85,97.3,951.6,277.3,0,71,11:57:15
9.89,2.78,97.3,962.3,270.5,0,71,11:57:20
9.86,2.83,97.3,959.4,275.4,0,72,11:57:25
9.93,2.79,97.3,966.2,271.5,0,72,11:57:30
9.94,2.74,97.4,968.2,266.9,0,71,11:57:35
9.86,2.79,97.3,959.4,271.5,0,70,11:57:40
9.89,2.76,97.3,962.3,268.5,0,70,11:57:45
9.91,2.73,97.3,964.2,265.6,0,69,11:57:50
9.85,2.81,97.3,958.4,273.4,0,70,11:57:55
9.77,2.91,97.2,949.6,282.9,0,71,11:58:00
9.97,2.55,97.4,971.1,248.4,0,73,11:58:05
9.93,1.86,97.4,967.2,181.2,0,75,11:58:10
9.82,0.7,97.6,958.4,68.3,0,76,11:58:15
9.77,0.2,97.7,954.5,19.5,0,77,11:58:20
9.81,0.49,97.6,957.5,47.8,0,76,11:58:25
9.78,1.82,97.4,952.6,177.3,0,75,11:58:30
9.61,2.27,97.4,936,221.1,0,74,11:58:35
9.47,3.07,97.2,920.5,298.4,0,73,11:58:40
9.58,3.11,97.2,931.2,302.3,0,71,11:58:45
9.72,2.94,97.2,944.8,285.8,0,69,11:58:50
9.46,3.12,97.2,919.5,303.3,0,66,11:58:55
9.64,2.98,97.2,937,289.7,0,64,11:59:00
9.83,2.87,97.2,955.5,279,0,62,11:59:05
9.23,3.34,97.1,896.2,324.3,0,61,11:59:10
9.21,3.37,97.1,894.3,327.2,0,60,11:59:15
9.77,2.86,97.2,949.6,278,0,60,11:59:20
9.9,2.75,97.2,962.3,267.3,0,60,11:59:25
9.89,2.74,97.2,961.3,266.3,0,60,11:59:30
9.91,2.77,97.2,963.3,269.2,0,59,11:59:35
9.81,2.84,97.2,953.5,276,0,60,11:59:40
10,2.67,97.2,972,259.5,0,59,11:59:45
9.99,2.7,97.2,971,262.4,0,60,11:59:50
9.98,2.73,97.2,970.1,265.4,0,60,11:59:55
9.89,2.79,97.1,960.3,270.9,0,60,12:00:00
9.74,2.93,97.1,945.8,284.5,0,60,12:00:05
9.94,2.74,97.2,966.2,266.3,0,60,12:00:10
9.93,2.74,97.2,965.2,266.3,0,60,12:00:15
9.87,2.81,97.2,959.4,273.1,0,60,12:00:20
9.94,2.73,97.2,966.2,265.4,0,61,12:00:25
9.93,2.76,97.2,965.2,268.3,0,62,12:00:30
9.94,2.74,97.2,966.2,266.3,0,65,12:00:35
9.88,2.76,97.1,959.3,268,0,68,12:00:40
9.57,3.11,97.1,929.2,302,0,72,12:00:45
9.67,1.12,97.4,941.9,109.1,0,76,12:00:50
9.62,-2.82,98,942.8,-276.4,0,79,12:00:55
8.17,-2.29,98,800.7,-224.4,0,79,12:01:00
9.92,-1.5,97.9,971.2,-146.9,0,78,12:01:05
9.87,2.57,97.3,960.4,250.1,0,75,12:01:10
9.93,2.76,97.2,965.2,268.3,0,72,12:01:15
9.88,2.76,97.2,960.3,268.3,0,68,12:01:20
9.94,2.72,97.2,966.2,264.4,0,65,12:01:25
9.96,2.68,97.2,968.1,260.5,0,62,12:01:30
9.92,2.75,97.2,964.2,267.3,0,60,12:01:35
10.01,2.63,97.2,973,255.6,0,60,12:01:40
9.8,2.85,97.2,952.6,277,0,62,12:01:45
9.78,2.82,97.1,949.6,273.8,0,64,12:01:50
9.91,2.75,97.1,962.3,267,0,68,12:01:55
9.89,2.86,97.1,960.3,277.7,0,73,12:02:00
9.67,-2.09,97.9,946.7,-204.6,0,79,12:02:05
9.6,-6.59,98.5,945.6,-649.1,0,81,12:02:10
9.75,-5.68,98.5,960.4,-559.5,0,80,12:02:15
9.79,-1.79,98,959.4,-175.4,0,78,12:02:20
9.82,1.39,97.5,957.5,135.5,0,76,12:02:25
9.71,1.37,97.5,946.7,133.6,0,76,12:02:30
9.68,0.82,97.6,944.8,80,0,76,12:02:35
9.65,-0.89,97.7,942.8,-87,0,78,12:02:40
9.52,-3.69,98.2,934.9,-362.4,0,79,12:02:45
7.69,-32.22,102.5,788.2,-3302.6,0,68,12:02:50
9.76,-5.17,98.6,962.3,-509.8,0,63,12:02:55
9.72,-4.97,98.6,958.4,-490,0,65,12:03:00
9.58,-8.48,99.1,949.4,-840.4,0,65,12:03:05
9.26,-13.23,99.9,925.1,-1321.7,0,64,12:03:10
7.59,-30.32,102.5,778,-3107.8,0,49,12:03:15
9.15,-18.27,100.8,922.3,-1841.6,0,36,12:03:20
9.6,-14.54,100.3,962.9,-1458.4,0,27,12:03:25
9.93,-8.97,99.5,988,-892.5,0,24,12:03:30
10.03,-9.04,99.4,997,-898.6,0,25,12:03:35
9.66,-15.04,100.4,969.9,-1510,0,27,12:03:40
9.46,-8.52,99.4,940.3,-846.9,0,24,12:03:45
9.49,-12.53,100,949,-1253,0,23,12:03:50
9.53,-10.43,99.7,950.1,-1039.9,0,13,12:03:55
8.9,-8.03,99.3,883.8,-797.4,0,6,12:04:00
8.29,-7.45,99.3,823.2,-739.8,0,0,12:04:05
8.33,-7.49,99.3,827.2,-743.8,0,0,12:04:10
7.77,-6.97,99.2,770.8,-691.4,0,0,12:04:15
7.74,-6.95,99.2,767.8,-689.4,0,0,12:04:20
7.1,-6.36,99.2,704.3,-630.9,0,0,12:04:25
7.27,-6.51,99.2,721.2,-645.8,0,0,12:04:30
7.69,-6.9,99.2,762.8,-684.5,0,0,12:04:35
6.94,-6.19,99.2,688.4,-614,0,0,12:04:40
6.83,-6.11,99.1,676.9,-605.5,0,0,12:04:45
6.66,-5.94,99,659.3,-588.1,0,0,12:04:50
4.7,-4.11,98.9,464.8,-406.5,0,0,12:04:55
3.98,-3.44,98.7,392.8,-339.5,0,0,12:05:00
4.26,-3.71,98.7,420.5,-366.2,0,0,12:05:05
4.39,-3.83,98.7,433.3,-378,0,0,12:05:10
4.53,-3.96,98.8,447.6,-391.2,0,0,12:05:15
4.64,-4.07,98.9,458.9,-402.5,0,0,12:05:20
4.36,-3.8,98.7,430.3,-375.1,0,0,12:05:25
4.27,-3.72,98.7,421.4,-367.2,0,0,12:05:30
4.28,-3.73,98.7,422.4,-368.2,0,0,12:05:35
4.32,-3.76,98.7,426.4,-371.1,0,0,12:05:40
4.35,-3.79,98.7,429.3,-374.1,0,0,12:05:45
4.34,-3.77,98.7,428.4,-372.1,0,0,12:05:50
4.37,-3.8,98.7,431.3,-375.1,0,0,12:05:55
4.34,-3.78,98.7,428.4,-373.1,0,0,12:06:00
4.08,-3.55,98.7,402.7,-350.4,0,0,12:06:05
4.36,-3.8,98.7,430.3,-375.1,0,0,12:06:10
4.29,-3.73,98.7,423.4,-368.2,0,0,12:06:15
3.35,-2.86,98.6,330.3,-282,0,0,12:06:20
3.55,-3.05,98.6,350,-300.7,0,0,12:06:25
4.26,-3.71,98.7,420.5,-366.2,0,0,12:06:30
4.18,-3.63,98.7,412.6,-358.3,0,0,12:06:35
4.32,-3.76,98.7,426.4,-371.1,0,0,12:06:40
3.77,-3.25,98.6,371.7,-320.5,0,0,12:06:45
3.79,-3.27,98.6,373.7,-322.4,0,0,12:06:50
4.17,-3.62,98.7,411.6,-357.3,0,0,12:06:55
3.52,-3.02,98.6,347.1,-297.8,0,0,12:07:00
4.27,-3.72,98.8,421.9,-367.5,0,0,12:07:05
4,-3.47,98.7,394.8,-342.5,0,0,12:07:10
3.84,-3.31,98.7,379,-326.7,0,0,12:07:15
3.87,-3.34,98.7,382,-329.7,0,0,12:07:20
4.3,-3.74,98.8,424.8,-369.5,0,0,12:07:25
4.33,-3.77,98.9,428.2,-372.9,0,0,12:07:30
4.4,-3.83,98.8,434.7,-378.4,0,0,12:07:35
4.39,-3.82,98.9,434.2,-377.8,0,0,12:07:40
4.33,-3.77,98.8,427.8,-372.5,0,0,12:07:45
4.38,-3.83,98.8,432.7,-378.4,0,0,12:07:50
4.31,-3.76,98.9,426.3,-371.9,0,0,12:07:55
4.34,-3.78,98.9,429.2,-373.8,0,0,12:08:00
4.32,-3.77,98.9,427.2,-372.9,0,0,12:08:05
4.34,-3.77,98.9,429.2,-372.9,0,0,12:08:10
4.21,-3.66,98.8,415.9,-361.6,0,0,12:08:15
4.48,-3.9,98.9,443.1,-385.7,0,0,12:08:20
4.51,-3.94,98.9,446,-389.7,0,0,12:08:25
4.79,-4.19,98.9,473.7,-414.4,0,0,12:08:30
4.83,-4.23,98.9,477.7,-418.3,0,0,12:08:35
4.93,-4.33,98.9,487.6,-428.2,0,0,12:08:40
5.49,-4.86,99,543.5,-481.1,0,0,12:08:45
6,-5.32,99.1,594.6,-527.2,0,0,12:08:50
6.52,-5.81,99.1,646.1,-575.8,0,0,12:08:55
7.05,-6.31,99.2,699.4,-626,0,0,12:09:00
8.37,-7.53,99.4,832,-748.5,0,0,12:09:05
8.9,-8.01,99.5,885.6,-797,0,0,12:09:10
9.12,-8.23,99.5,907.4,-818.9,0,0,12:09:15
9.16,-8.26,99.6,912.3,-822.7,0,0,12:09:20
9.15,-8.25,99.5,910.4,-820.9,0,0,12:09:25
9.13,-8.23,99.6,909.3,-819.7,0,0,12:09:30
9.12,-8.22,99.6,908.4,-818.7,0,0,12:09:35
9.12,-8.23,99.6,908.4,-819.7,0,0,12:09:40
9.11,-8.21,99.6,907.4,-817.7,0,0,12:09:45
9.11,-8.21,99.6,907.4,-817.7,0,0,12:09:50
9.08,-8.18,99.7,905.3,-815.5,0,0,12:09:55
9.11,-8.22,99.7,908.3,-819.5,0,0,12:10:00
9.15,-8.25,99.7,912.3,-822.5,0,0,12:10:05
8.96,-8.08,99.7,893.3,-805.6,0,0,12:10:10
9.38,-8.46,99.8,936.1,-844.3,0,0,12:10:15
9.15,-8.25,99.8,913.2,-823.4,0,0,12:10:20
9.38,-8.46,99.8,936.1,-844.3,0,0,12:10:25
9.88,-8.95,99.8,986,-893.2,0,0,12:10:30
9.98,-9.01,99.9,997,-900.1,0,0,12:10:35
10.04,-9.06,99.9,1003,-905.1,0,0,12:10:40
10.05,-9.06,99.9,1004,-905.1,0,0,12:10:45
10.04,-9.06,99.9,1003,-905.1,0,0,12:10:50
10.15,-9.16,100,1015,-916,0,0,12:10:55
10.24,-9.25,99.9,1023,-924.1,0,0,12:11:00
9.99,-9.08,100,999,-908,0,3,12:11:05
9.54,-8.6,100,954,-860,0,3,12:11:10
8.86,-7.95,99.8,884.2,-793.4,0,2,12:11:15
8.87,-7.98,99.8,885.2,-796.4,0,3,12:11:20
8.77,-7.88,99.8,875.2,-786.4,0,0,12:11:25
8.72,-7.85,99.8,870.3,-783.4,0,3,12:11:30
9.22,-8.31,99.9,921.1,-830.2,0,2,12:11:35
8.49,-7.62,99.8,847.3,-760.5,0,0,12:11:40
9.83,-8.87,100,983,-887,0,0,12:11:45
9.9,-8.92,100,990,-892,0,0,12:11:50
9.69,-4.66,99.4,963.2,-463.2,0,0,12:11:55
9.75,-0.76,98.8,963.3,-75.1,0,11,12:12:00
9.72,0.93,98.6,958.4,91.7,0,19,12:12:05
9.6,1.03,98.5,945.6,101.5,0,24,12:12:10
9.51,-9.13,99.9,950,-912.1,0,26,12:12:15
8.13,0.7,98.5,800.8,69,0,25,12:12:20
9.82,-8.85,100,982,-885,0,25,12:12:25
9.77,-8.81,99.9,976,-880.1,0,22,12:12:30
9.75,-8.79,100,975,-879,0,15,12:12:35
9.93,2.08,98.4,977.1,204.7,0,18,12:12:40
9.91,2.67,98.3,974.2,262.5,0,29,12:12:45
9.94,1.75,98.3,977.1,172,0,38,12:12:50
8.12,3.26,98.1,796.6,319.8,0,44,12:12:55
9.64,1.96,98.3,947.6,192.7,0,50,12:13:00
10,1.66,98.3,983,163.2,0,55,12:13:05
9.95,1.75,98.3,978.1,172,0,59,12:13:10
9.93,2.52,98.1,974.1,247.2,0,62,12:13:15
9.38,3.2,98,919.2,313.6,0,64,12:13:20
9.33,3.27,98,914.3,320.5,0,65,12:13:25
9.45,3.15,98,926.1,308.7,0,66,12:13:30
9.54,3.06,98,934.9,299.9,0,67,12:13:35
9.18,-8.44,99.6,914.3,-840.6,0,66,12:13:40
9.14,-8.23,99.7,911.3,-820.5,0,58,12:13:45
9.45,1.06,98.4,929.9,104.3,0,58,12:13:50
9.67,2.08,98.3,950.6,204.5,0,60,12:13:55
9.82,1.97,98.3,965.3,193.7,0,62,12:14:00
9.92,2.8,98.2,974.1,275,0,63,12:14:05
10,2.76,98.1,981,270.8,0,64,12:14:10
10.14,2.6,98.1,994.7,255.1,0,63,12:14:15
10.25,2.57,98.1,1005.5,252.1,0,62,12:14:20
10.37,2.48,98.1,1017.3,243.3,0,63,12:14:25
10.4,2.4,98.1,1020.2,235.4,0,64,12:14:30
10.36,2.41,98.1,1016.3,236.4,0,66,12:14:35
10.52,2.28,98.1,1032,223.7,0,69,12:14:40
10.67,1.13,98.3,1048.9,111.1,0,71,12:14:45
10.7,1.3,98.2,1050.7,127.7,0,74,12:14:50
10.69,1.05,98.3,1050.8,103.2,0,75,12:14:55
10.69,0.72,98.3,1050.8,70.8,0,76,12:15:00
10.62,0.19,98.4,1045,18.7,0,77,12:15:05
10.52,-1.8,98.7,1038.3,-177.7,0,78,12:15:10
10.03,-2.78,98.9,992,-274.9,0,79,12:15:15
10.38,-1.52,98.7,1024.5,-150,0,78,12:15:20
10.43,-0.28,98.5,1027.4,-27.6,0,77,12:15:25
10.34,0.16,98.5,1018.5,15.8,0,76,12:15:30
10.32,-0.07,98.5,1016.5,-6.9,0,77,12:15:35
10.26,-0.9,98.6,1011.6,-88.7,0,78,12:15:40
10.37,-1.31,98.6,1022.5,-129.2,0,78,12:15:45
9.96,-1.72,98.7,983.1,-169.8,0,79,12:15:50
9.84,-1.77,98.7,971.2,-174.7,0,79,12:15:55
10.28,-0.79,98.6,1013.6,-77.9,0,78,12:16:00
10.58,0.16,98.5,1042.1,15.8,0,75,12:16:05
10.71,0.19,98.5,1054.9,18.7,0,73,12:16:10
10.69,0.19,98.5,1053,18.7,0,71,12:16:15
10.68,0.18,98.5,1052,17.7,0,71,12:16:20
10.63,0.24,98.5,1047.1,23.6,0,73,12:16:25
10.58,0.22,98.4,1041.1,21.6,0,75,12:16:30
10.57,-1.6,98.7,1043.3,-157.9,0,78,12:16:35
10.72,-1.44,98.6,1057,-142,0,78,12:16:40
10.76,-0.79,98.6,1060.9,-77.9,0,77,12:16:45
10.68,-0.41,98.5,1052,-40.4,0,76,12:16:50
10.45,-0.46,98.5,1029.3,-45.3,0,77,12:16:55
10.57,-1.83,98.7,1043.3,-180.6,0,78,12:17:00
10.67,-3.25,98.9,1055.3,-321.4,0,78,12:17:05
10.58,-4.06,99.1,1048.5,-402.3,0,76,12:17:10
10.73,-1.96,98.8,1060.1,-193.6,0,72,12:17:15
10.78,0.17,98.6,1062.9,16.8,0,70,12:17:20
10.79,1.1,98.3,1060.7,108.1,0,69,12:17:25
10.76,1.14,98.3,1057.7,112.1,0,70,12:17:30
10.72,1.13,98.3,1053.8,111.1,0,70,12:17:35
10.75,1.12,98.3,1056.7,110.1,0,72,12:17:40
10.66,1.25,98.3,1047.9,122.9,0,73,12:17:45
10.67,1.16,98.3,1048.9,114,0,74,12:17:50
10.65,-0.11,98.5,1049,-10.8,0,76,12:17:55
10.52,-1.04,98.6,1037.3,-102.5,0,78,12:18:00
10.38,-3.63,99,1027.6,-359.4,0,80,12:18:05
10.29,-6.02,99.3,1021.8,-597.8,0,81,12:18:10
10.36,-5.44,99.3,1028.7,-540.2,0,81,12:18:15
10.43,-3.47,99,1032.6,-343.5,0,80,12:18:20
10.56,-1.43,98.7,1042.3,-141.1,0,78,12:18:25
10.57,-0.57,98.7,1043.3,-56.3,0,77,12:18:30
10.62,-0.12,98.5,1046.1,-11.8,0,76,12:18:35
10.65,0.28,98.5,1049,27.6,0,75,12:18:40
10.62,0.31,98.5,1046.1,30.5,0,75,12:18:45
10.57,0.35,98.4,1040.1,34.4,0,75,12:18:50
10.56,-0.22,98.5,1040.2,-21.7,0,76,12:18:55
10.62,-0.22,98.5,1046.1,-21.7,0,76,12:19:00
10.65,0.08,98.5,1049,7.9,0,75,12:19:05
10.68,0.31,98.4,1050.9,30.5,0,74,12:19:10
10.74,0.18,98.5,1057.9,17.7,0,72,12:19:15
10.76,0.16,98.5,1059.9,15.8,0,70,12:19:20
10.73,0.16,98.5,1056.9,15.8,0,67,12:19:25
10.73,0.23,98.5,1056.9,22.7,0,64,12:19:30
10.72,0.19,98.5,1055.9,18.7,0,64,12:19:35
10.74,0.19,98.5,1057.9,18.7,0,63,12:19:40
10.71,0.18,98.4,1053.9,17.7,0,63,12:19:45
10.73,0.14,98.5,1056.9,13.8,0,63,12:19:50
10.73,0.12,98.5,1056.9,11.8,0,64,12:19:55
10.69,0.17,98.5,1053,16.7,0,64,12:20:00
10.67,0.21,98.5,1051,20.7,0,66,12:20:05
10.67,0.21,98.5,1051,20.7,0,69,12:20:10
10.26,-9.27,99.8,1023.9,-925.1,0,69,12:20:15
10.25,-9.26,99.9,1024,-925.1,0,70,12:20:20
10.25,-9.25,100,1025,-925,0,71,12:20:25
10.22,-9.22,100,1022,-922,0,71,12:20:30
10.26,-9.26,100,1026,-926,0,71,12:20:35
10.69,1.24,98.5,1053,122.1,0,72,12:20:40
10.71,1.2,98.5,1054.9,118.2,0,72,12:20:45
10.73,1.17,98.4,1055.8,115.1,0,71,12:20:50
10.72,1.19,98.4,1054.8,117.1,0,71,12:20:55
10.68,1.2,98.4,1050.9,118.1,0,72,12:21:00
10.69,1.21,98.3,1050.8,118.9,0,72,12:21:05
10.66,1.25,98.3,1047.9,122.9,0,72,12:21:10
10.69,1.23,98.3,1050.8,120.9,0,71,12:21:15
10.6,1.29,98.3,1042,126.8,0,70,12:21:20
10.63,1.25,98.3,1044.9,122.9,0,70,12:21:25
10.61,1.3,98.3,1043,127.8,0,70,12:21:30
10.55,1.33,98.3,1037.1,130.7,0,71,12:21:35
10.62,1.31,98.3,1043.9,128.8,0,72,12:21:40
10.32,1.54,98.3,1014.5,151.4,0,73,12:21:45
10.51,1.37,98.3,1033.1,134.7,0,72,12:21:50
10.45,-0.61,98.6,1030.4,-60.1,0,73,12:21:55
10.49,-0.62,98.6,1034.3,-61.1,0,73,12:22:00
10.4,-0.49,98.6,1025.4,-48.3,0,73,12:22:05
10.11,-9.12,99.8,1009,-910.2,0,73,12:22:10
9.18,-16.71,101.1,928.1,-1689.4,0,64,12:22:15
10.09,-9.1,100,1009,-910,0,64,12:22:20
10.23,-2.87,99.1,1013.8,-284.4,0,64,12:22:25
10.23,-2.33,99,1012.8,-230.7,0,66,12:22:30
10.3,-2.4,99,1019.7,-237.6,0,68,12:22:35
10.34,-2.43,99,1023.7,-240.6,0,71,12:22:40
10.25,-2.36,99,1014.8,-233.6,0,73,12:22:45
10.25,-2.39,99,1014.8,-236.6,0,76,12:22:50
10.28,-2.34,99,1017.7,-231.7,0,76,12:22:55
10.3,-2.46,99,1019.7,-243.5,0,73,12:23:00
10.32,-2.49,99,1021.7,-246.5,0,71,12:23:05
10.28,-1.32,98.9,1016.7,-130.5,0,69,12:23:10
10.03,-1.07,98.8,991,-105.7,0,67,12:23:15
10.16,-1.27,98.9,1004.8,-125.6,0,66,12:23:20
10.28,-1.37,98.9,1016.7,-135.5,0,65,12:23:25
10.29,-1.3,98.9,1017.7,-128.6,0,64,12:23:30
10.31,-1.39,98.9,1019.7,-137.5,0,64,12:23:35
10.22,-1.3,98.9,1010.8,-128.6,0,65,12:23:40
10.29,-1.38,98.9,1017.7,-136.5,0,67,12:23:45
10.18,-1.25,98.8,1005.8,-123.5,0,69,12:23:50
10.2,-1.24,98.9,1008.8,-122.6,0,71,12:23:55
10.24,-1.29,98.8,1011.7,-127.5,0,72,12:24:00
10.05,-1.12,98.9,993.9,-110.8,0,72,12:24:05
10.31,-1.37,98.9,1019.7,-135.5,0,72,12:24:10
10.39,-1.44,98.9,1027.6,-142.4,0,71,12:24:15
10.35,-1.43,98.9,1023.6,-141.4,0,69,12:24:20
10.34,-1.38,98.9,1022.6,-136.5,0,68,12:24:25
10.34,-1.41,98.9,1022.6,-139.4,0,68,12:24:30
10.08,-1.15,98.8,995.9,-113.6,0,68,12:24:35
10.18,-1.22,98.9,1006.8,-120.7,0,68,12:24:40
10.26,-1.31,98.9,1014.7,-129.6,0,69,12:24:45
10.02,-1.13,98.8,990,-111.6,0,70,12:24:50
10.25,-1.32,98.9,1013.7,-130.5,0,72,12:24:55
10.32,-1.36,98.9,1020.6,-134.5,0,73,12:25:00
10.36,0.62,98.5,1020.5,61.1,0,75,12:25:05
10.17,0.43,98.5,1001.7,42.4,0,76,12:25:10
10.36,-0.73,98.7,1022.5,-72.1,0,77,12:25:15
10.08,-0.61,98.7,994.9,-60.2,0,77,12:25:20
10.24,-0.49,98.7,1010.7,-48.4,0,76,12:25:25
10.16,-1.36,98.8,1003.8,-134.4,0,76,12:25:30
10.27,-1.43,98.8,1014.7,-141.3,0,76,12:25:35
10.3,-1.53,98.9,1018.7,-151.3,0,76,12:25:40
10.33,-1.52,98.8,1020.6,-150.2,0,76,12:25:45
10.31,-1.45,98.8,1018.6,-143.3,0,76,12:25:50
10.22,-1.29,98.8,1009.7,-127.5,0,76,12:25:55
10.36,-1.47,98.9,1024.6,-145.4,0,76,12:26:00
10.44,-1.68,98.8,1031.5,-166,0,76,12:26:05
10.11,-9.14,100,1011,-914,0,74,12:26:10
10.05,-9.06,100,1005,-906,0,71,12:26:15
10.36,0.35,98.7,1022.5,34.5,0,69,12:26:20
10.35,0.58,98.6,1020.5,57.2,0,69,12:26:25
10.37,0.56,98.6,1022.5,55.2,0,70,12:26:30
10.39,0.53,98.6,1024.5,52.3,0,70,12:26:35
10.34,0.57,98.6,1019.5,56.2,0,72,12:26:40
10.43,0.52,98.6,1028.4,51.3,0,73,12:26:45
10.22,0.65,98.5,1006.7,64,0,75,12:26:50
10.1,0.79,98.5,994.9,77.8,0,75,12:26:55
9.93,0.98,98.5,978.1,96.5,0,74,12:27:00
10.16,0.74,98.5,1000.8,72.9,0,72,12:27:05
10.16,0.71,98.6,1001.8,70,0,70,12:27:10
10.26,0.62,98.5,1010.6,61.1,0,68,12:27:15
10.33,0.54,98.6,1018.5,53.2,0,68,12:27:20
10.32,0.57,98.6,1017.6,56.2,0,69,12:27:25
10.36,0.53,98.6,1021.5,52.3,0,71,12:27:30
10.45,0.42,98.6,1030.4,41.4,0,71,12:27:35
10.49,0.4,98.6,1034.3,39.4,0,72,12:27:40
10.52,0.4,98.6,1037.3,39.4,0,72,12:27:45
10.51,0.4,98.6,1036.3,39.4,0,71,12:27:50
10.47,0.4,98.6,1032.3,39.4,0,72,12:27:55
10.61,0.33,98.6,1046.1,32.5,0,73,12:28:00
10.46,0.37,98.5,1030.3,36.4,0,74,12:28:05
10.52,0.48,98.6,1037.3,47.3,0,73,12:28:10
10.72,0.2,98.6,1057,19.7,0,72,12:28:15
10.52,0.38,98.6,1037.3,37.5,0,70,12:28:20
10.58,0.32,98.6,1043.2,31.6,0,69,12:28:25
10.65,0.28,98.6,1050.1,27.6,0,70,12:28:30
10.52,0.34,98.6,1037.3,33.5,0,71,12:28:35
10.46,0.48,98.6,1031.4,47.3,0,73,12:28:40
10.48,0.46,98.5,1032.3,45.3,0,75,12:28:45
10.46,-0.03,98.6,1031.4,-3,0,76,12:28:50
10.48,0.11,98.6,1033.3,10.8,0,76,12:28:55
10.6,0.39,98.5,1044.1,38.4,0,74,12:29:00
10.5,0.45,98.6,1035.3,44.4,0,73,12:29:05
10.49,0.49,98.5,1033.3,48.3,0,74,12:29:10
10.39,-0.12,98.6,1024.5,-11.8,0,76,12:29:15
10.32,-1.04,98.7,1018.6,-102.6,0,78,12:29:20
10.33,-2.79,99,1022.7,-276.2,0,79,12:29:25
10.1,-4.1,99.2,1001.9,-406.7,0,80,12:29:30
10.37,-2.96,99,1026.6,-293,0,79,12:29:35
10.58,-0.1,98.6,1043.2,-9.9,0,76,12:29:40
10.61,0.38,98.5,1045.1,37.4,0,72,12:29:45
10.63,0.26,98.6,1048.1,25.6,0,68,12:29:50
10.63,0.21,98.6,1048.1,20.7,0,66,12:29:55
10.61,0.27,98.6,1046.1,26.6,0,65,12:30:00
10.58,0.24,98.6,1043.2,23.7,0,64,12:30:05
10.56,0.27,98.6,1041.2,26.6,0,63,12:30:10
10.56,0.28,98.6,1041.2,27.6,0,64,12:30:15
10.51,0.33,98.6,1036.3,32.5,0,66,12:30:20
10.52,0.34,98.6,1037.3,33.5,0,69,12:30:25
10.58,0.29,98.6,1043.2,28.6,0,72,12:30:30
10.41,0.45,98.5,1025.4,44.3,0,75,12:30:35
10.37,-0.42,98.7,1023.5,-41.5,0,77,12:30:40
10.38,-0.78,98.7,1024.5,-77,0,78,12:30:45
10.54,-0.37,98.6,1039.2,-36.5,0,76,12:30:50
10.62,0.38,98.6,1047.1,37.5,0,74,12:30:55
10.65,0.24,98.6,1050.1,23.7,0,70,12:31:00
10.56,0.35,98.6,1041.2,34.5,0,67,12:31:05
10.62,0.25,98.6,1047.1,24.7,0,65,12:31:10
10.57,0.29,98.6,1042.2,28.6,0,65,12:31:15
10.49,0.4,98.6,1034.3,39.4,0,66,12:31:20
10.61,2.27,98.3,1043,223.1,0,67,12:31:25
10.68,2.2,98.3,1049.8,216.3,0,67,12:31:30
10.72,2.19,98.3,1053.8,215.3,0,67,12:31:35
10.75,2.16,98.3,1056.7,212.3,0,66,12:31:40
10.63,2.24,98.2,1043.9,220,0,66,12:31:45
10.67,2.23,98.3,1048.9,219.2,0,66,12:31:50
10.68,2.19,98.3,1049.8,215.3,0,65,12:31:55
10.72,2.15,98.3,1053.8,211.3,0,65,12:32:00
10.64,2.23,98.3,1045.9,219.2,0,65,12:32:05
10.65,2.24,98.2,1045.8,220,0,67,12:32:10
10.75,2.14,98.3,1056.7,210.4,0,68,12:32:15
10.67,2.2,98.2,1047.8,216,0,70,12:32:20
10.59,1.25,98.3,1041,122.9,0,72,12:32:25
10.44,-3.72,99.1,1034.6,-368.7,0,72,12:32:30
10.46,-0.6,98.6,1031.4,-59.2,0,72,12:32:35
10.62,-0.73,98.6,1047.1,-72,0,73,12:32:40
10.54,-0.64,98.6,1039.2,-63.1,0,74,12:32:45
10.52,-0.59,98.6,1037.3,-58.2,0,74,12:32:50
10.39,-0.5,98.6,1024.5,-49.3,0,75,12:32:55
10.41,-0.54,98.7,1027.5,-53.3,0,75,12:33:00
10.45,-0.54,98.6,1030.4,-53.2,0,76,12:33:05
10.47,-0.86,98.7,1033.4,-84.9,0,76,12:33:10
10.56,-0.85,98.7,1042.3,-83.9,0,76,12:33:15
10.63,-0.86,98.7,1049.2,-84.9,0,76,12:33:20
10.58,-1.7,98.8,1045.3,-168,0,76,12:33:25
10.49,-3.88,99.2,1040.6,-384.9,0,75,12:33:30
10.25,-9.17,99.9,1024,-916.1,0,76,12:33:35
10.14,-9.24,100,1014,-924,0,76,12:33:40
10.17,-9.27,100,1017,-927,0,76,12:33:45
10.26,-9.33,100.1,1027,-933.9,0,75,12:33:50
10.27,-9.36,100.1,1028,-936.9,0,76,12:33:55
10.25,-9.33,100.1,1026,-933.9,0,75,12:34:00
10.23,-9.3,100.1,1024,-930.9,0,75,12:34:05
10.31,-2.6,99.2,1022.8,-257.9,0,76,12:34:10
10.52,-2.86,99.2,1043.6,-283.7,0,77,12:34:15
10.52,-2.86,99.2,1043.6,-283.7,0,77,12:34:20
10.48,-2.61,99.1,1038.6,-258.7,0,77,12:34:25
10.51,-2.71,99.2,1042.6,-268.8,0,77,12:34:30
10.54,-2.88,99.2,1045.6,-285.7,0,76,12:34:35
10.55,-2.82,99.2,1046.6,-279.7,0,74,12:34:40
10.6,-2.82,99.2,1051.5,-279.7,0,72,12:34:45
10.54,-2.79,99.2,1045.6,-276.8,0,70,12:34:50
10.51,-2.76,99.2,1042.6,-273.8,0,70,12:34:55
10.51,-2.78,99.2,1042.6,-275.8,0,71,12:35:00
10.6,-0.67,98.9,1048.3,-66.3,0,72,12:35:05
10.67,-0.72,98.9,1055.3,-71.2,0,72,12:35:10
10.67,-0.72,98.8,1054.2,-71.1,0,70,12:35:15
10.7,-0.76,98.9,1058.2,-75.2,0,69,12:35:20
10.38,-9.36,100.1,1039,-936.9,0,66,12:35:25
10.4,-9.39,100.1,1041,-939.9,0,63,12:35:30
10.38,-9.38,100.2,1040.1,-939.9,0,59,12:35:35
10.57,-2.84,99.3,1049.6,-282,0,58,12:35:40
10.79,3.11,98.3,1060.7,305.7,0,59,12:35:45
10.8,2.05,98.5,1063.8,201.9,0,61,12:35:50
10.76,2.08,98.4,1058.8,204.7,0,62,12:35:55
10.69,2.12,98.4,1051.9,208.6,0,64,12:36:00
10.77,2.05,98.4,1059.8,201.7,0,66,12:36:05
10.33,-9.32,100.1,1034,-932.9,0,67,12:36:10
10.25,-9.25,100.1,1026,-925.9,0,65,12:36:15
10.26,-9.27,100.2,1028.1,-928.9,0,63,12:36:20
10.29,-9.29,100.2,1031.1,-930.9,0,62,12:36:25
10.17,-9.18,100.2,1019,-919.8,0,62,12:36:30
10.29,-4.77,99.6,1024.9,-475.1,0,65,12:36:35
10.38,-4.8,99.5,1032.8,-477.6,0,68,12:36:40
9.49,-4.01,99.5,944.3,-399,0,68,12:36:45
10.43,-4.89,99.6,1038.8,-487,0,66,12:36:50
10.35,-9.35,100.3,1038.1,-937.8,0,60,12:36:55
10.62,-0.74,99,1051.4,-73.3,0,58,12:37:00
10.53,-0.64,99,1042.5,-63.4,0,59,12:37:05
10.32,-0.47,98.9,1020.6,-46.5,0,60,12:37:10
10.14,-2.29,99.2,1005.9,-227.2,0,63,12:37:15
10.01,-9.03,100.3,1004,-905.7,0,63,12:37:20
9.97,-9,100.3,1000,-902.7,0,65,12:37:25
9.35,-8.42,100.2,936.9,-843.7,0,64,12:37:30
9.87,1.81,98.7,974.2,178.6,0,64,12:37:35
9.98,1.83,98.6,984,180.4,0,63,12:37:40
9.89,1.89,98.6,975.2,186.4,0,59,12:37:45
9.99,1.8,98.6,985,177.5,0,55,12:37:50
9.98,2.82,98.4,982,277.5,0,53,12:37:55
9.87,2.86,98.4,971.2,281.4,0,53,12:38:00
9.96,2.77,98.4,980.1,272.6,0,53,12:38:05
10.18,2.58,98.4,1001.7,253.9,0,55,12:38:10
10.35,3.46,98.3,1017.4,340.1,0,57,12:38:15
10.48,3.36,98.3,1030.2,330.3,0,61,12:38:20
10.49,1.25,98.6,1034.3,123.3,0,64,12:38:25
10.44,1.39,98.5,1028.3,136.9,0,66,12:38:30
10.53,1.28,98.6,1038.3,126.2,0,68,12:38:35
10.55,0.45,98.6,1040.2,44.4,0,69,12:38:40
10.22,-9.21,100.1,1023,-921.9,0,70,12:38:45
10.21,-9.22,100.1,1022,-922.9,0,68,12:38:50
10.1,-9.81,100.3,1013,-983.9,0,68,12:38:55
10.25,-9.25,100.3,1028.1,-927.8,0,65,12:39:00
10.43,0.27,98.9,1031.5,26.7,0,63,12:39:05
10.59,1.44,98.6,1044.2,142,0,62,12:39:10
10.44,2.19,98.6,1029.4,215.9,0,61,12:39:15
10.72,3.88,98.3,1053.8,381.4,0,59,12:39:20
10.76,3.85,98.2,1056.6,378.1,0,57,12:39:25
10.81,3.8,98.3,1062.6,373.5,0,55,12:39:30
10.71,3.88,98.2,1051.7,381,0,53,12:39:35
10.55,4,98.1,1035,392.4,0,53,12:39:40
10.42,4.1,98.1,1022.2,402.2,0,54,12:39:45
10.46,4.03,98.1,1026.1,395.3,0,55,12:39:50
10.37,4.09,98.1,1017.3,401.2,0,56,12:39:55
10.59,6.81,97.7,1034.6,665.3,0,59,12:40:00
10.66,6.7,97.7,1041.5,654.6,0,62,12:40:05
10.68,6.69,97.7,1043.4,653.6,0,65,12:40:10
10.63,5.34,97.8,1039.6,522.3,0,67,12:40:15
10.56,2.84,98.2,1037,278.9,0,68,12:40:20
10.32,-9.32,100,1032,-932,0,68,12:40:25
10.6,-3.16,99.1,1050.5,-313.2,0,66,12:40:30
10.41,-9.4,100.1,1042,-940.9,0,64,12:40:35
10.58,-3.79,99.3,1050.6,-376.3,0,65,12:40:40
10.73,-0.86,98.9,1061.2,-85.1,0,66,12:40:45
10.72,-0.28,98.8,1059.1,-27.7,0,69,12:40:50
10.86,3.93,98.2,1066.5,385.9,0,71,12:40:55
10.79,2.94,98.3,1060.7,289,0,75,12:41:00
10.68,0.36,98.6,1053,35.5,0,77,12:41:05
7.07,-28.56,103,728.2,-2941.7,0,72,12:41:10
10.56,-1.01,99,1045.4,-100,0,70,12:41:15
10.82,5.55,98,1060.4,543.9,0,71,12:41:20
10.8,4.41,98.1,1059.5,432.6,0,74,12:41:25
10.54,3.31,98.3,1036.1,325.4,0,75,12:41:30
10.09,-6.81,99.7,1006,-679,0,74,12:41:35
10.28,-1.46,99,1017.7,-144.5,0,74,12:41:40
10.22,-1.47,98.9,1010.8,-145.4,0,73,12:41:45
10.37,-3.83,99.3,1029.7,-380.3,0,73,12:41:50
10.17,-8.93,100,1017,-893,0,72,12:41:55
9.97,-9,100.1,998,-900.9,0,71,12:42:00
9.73,-8.77,100.2,974.9,-878.8,0,71,12:42:05
9.97,-4.51,99.5,992,-448.7,0,75,12:42:10
9.66,-9.79,100.3,968.9,-981.9,0,80,12:42:15
6.64,-28.29,103.1,684.6,-2916.7,0,78,12:42:20
6.43,-28.1,103.3,664.2,-2902.7,0,68,12:42:25
10.04,-9.06,100.5,1009,-910.5,0,60,12:42:30
10.25,-3.41,99.6,1020.9,-339.6,0,58,12:42:35
10.29,-2.42,99.5,1023.9,-240.8,0,58,12:42:40
10.52,1.48,98.8,1039.4,146.2,0,60,12:42:45
10.84,3.93,98.4,1066.7,386.7,0,62,12:42:50
10.85,3.92,98.4,1067.6,385.7,0,61,12:42:55
10.59,4.13,98.4,1042.1,406.4,0,60,12:43:00
10.46,4.22,98.3,1028.2,414.8,0,60,12:43:05
10.22,4.41,98.3,1004.6,433.5,0,61,12:43:10
10.28,1.35,98.7,1014.6,133.2,0,63,12:43:15
10.26,1.39,98.6,1011.6,137.1,0,66,12:43:20
9.95,1.67,98.6,981.1,164.7,0,70,12:43:25
9.19,-8.28,100.1,919.9,-828.8,0,72,12:43:30
9.21,-8.33,100.1,921.9,-833.8,0,75,12:43:35
9.59,-3.01,99.5,954.2,-299.5,0,74,12:43:40
9.79,-2.56,99.3,972.1,-254.2,0,73,12:43:45
10.04,-0.86,99.1,995,-85.2,0,72,12:43:50
10.11,1.65,98.7,997.9,162.9,0,70,12:43:55
10,1.7,98.7,987,167.8,0,69,12:44:00
10.22,1.5,98.7,1008.7,148.1,0,68,12:44:05
10.24,1.52,98.7,1010.7,150,0,65,12:44:10
10.38,2.42,98.5,1022.4,238.4,0,62,12:44:15
10.49,4.24,98.2,1030.1,416.4,0,60,12:44:20
10.53,4.22,98.2,1034,414.4,0,59,12:44:25
10.5,3.2,98.3,1032.2,314.6,0,60,12:44:30
10.16,-9.18,100.1,1017,-918.9,0,58,12:44:35
10.28,-2.65,99.3,1020.8,-263.1,0,56,12:44:40
10.37,0.78,98.8,1024.6,77.1,0,58,12:44:45
10.44,4.25,98.2,1025.2,417.4,0,63,12:44:50
10.49,4.21,98.3,1031.2,413.8,0,68,12:44:55
10.49,4.37,98.1,1029.1,428.7,0,74,12:45:00
10.52,2.14,98.5,1036.2,210.8,0,76,12:45:05
10.51,1.38,98.6,1036.3,136.1,0,76,12:45:10
10.52,1.34,98.6,1037.3,132.1,0,76,12:45:15
10.52,0.88,98.7,1038.3,86.9,0,76,12:45:20
10.49,1.01,98.6,1034.3,99.6,0,76,12:45:25
10.53,0.77,98.7,1039.3,76,0,76,12:45:30
10.56,1.14,98.6,1041.2,112.4,0,75,12:45:35
10.57,1.17,98.6,1042.2,115.4,0,74,12:45:40
10.6,1.18,98.6,1045.2,116.3,0,72,12:45:45
10.64,2.15,98.5,1048,211.8,0,70,12:45:50
10.62,2.11,98.5,1046.1,207.8,0,69,12:45:55
10.59,2.16,98.4,1042.1,212.5,0,69,12:46:00
10.38,-3.96,99.3,1030.7,-393.2,0,70,12:46:05
10.41,-1.76,99,1030.6,-174.2,0,70,12:46:10
10.51,2.25,98.5,1035.2,221.6,0,71,12:46:15
10.62,2.14,98.5,1046.1,210.8,0,71,12:46:20
10.68,3.06,98.3,1049.8,300.8,0,72,12:46:25
10.64,3.13,98.3,1045.9,307.7,0,72,12:46:30
10.66,3.13,98.3,1047.9,307.7,0,72,12:46:35
10.66,3.21,98.2,1046.8,315.2,0,73,12:46:40
10.78,3.06,98.3,1059.7,300.8,0,72,12:46:45
10.67,2.96,98.3,1048.9,291,0,73,12:46:50
10.66,3.23,98.2,1046.8,317.2,0,73,12:46:55
10.66,2.96,98.2,1046.8,290.7,0,73,12:47:00
10.73,2.98,98.3,1054.8,292.9,0,73,12:47:05
11.03,2.76,98.3,1084.2,271.3,0,71,12:47:10
10.98,2.82,98.3,1079.3,277.2,0,69,12:47:15
10.96,2.83,98.3,1077.4,278.2,0,67,12:47:20
10.96,2.85,98.3,1077.4,280.2,0,66,12:47:25
10.99,2.84,98.3,1080.3,279.2,0,65,12:47:30
11.07,5.72,97.8,1082.6,559.4,0,66,12:47:35
11.13,6.56,97.6,1086.3,640.3,0,68,12:47:40
11.17,7.47,97.5,1089.1,728.3,0,70,12:47:45
10.92,2.8,98.2,1072.3,275,0,70,12:47:50
10.94,3.76,98,1072.1,368.5,0,69,12:47:55
10.87,3.8,98,1065.3,372.4,0,70,12:48:00
10.71,3.93,98,1049.6,385.1,0,71,12:48:05
10.78,3.67,98.1,1057.5,360,0,73,12:48:10
10.77,3.17,98.1,1056.5,311,0,74,12:48:15
10.69,0.94,98.4,1051.9,92.5,0,75,12:48:20
10.24,-9.33,100,1024,-933,0,75,12:48:25
10.25,-9.35,100.1,1026,-935.9,0,76,12:48:30
10.27,-9.58,100.1,1028,-959,0,77,12:48:35
10.32,-9.58,100.1,1033,-959,0,77,12:48:40
10.33,-9.37,100.2,1035.1,-938.9,0,75,12:48:45
10.74,0.15,98.8,1061.1,14.8,0,74,12:48:50
10.71,0.09,98.8,1058.1,8.9,0,74,12:48:55
10.65,0.12,98.8,1052.2,11.9,0,75,12:49:00
10.27,-9.46,100.1,1028,-946.9,0,76,12:49:05
10.23,-9.52,100.2,1025,-953.9,0,77,12:49:10
10.27,-9.53,100.3,1030.1,-955.9,0,77,12:49:15
10.58,-4.01,99.5,1052.7,-399,0,75,12:49:20
10.65,-4.12,99.5,1059.7,-409.9,0,70,12:49:25
10.77,-0.96,99,1066.2,-95,0,66,12:49:30
10.77,-0.93,99,1066.2,-92.1,0,64,12:49:35
10.76,-1,99.1,1066.3,-99.1,0,64,12:49:40
10.86,2.94,98.4,1068.6,289.3,0,67,12:49:45
10.84,2.95,98.3,1065.6,290,0,70,12:49:50
10.88,3.08,98.3,1069.5,302.8,0,73,12:49:55
10.73,1,98.6,1058,98.6,0,74,12:50:00
10.72,-0.31,98.8,1059.1,-30.6,0,75,12:50:05
10.48,-5.09,99.5,1042.8,-506.5,0,75,12:50:10
10.5,-5.08,99.5,1044.8,-505.5,0,75,12:50:15
10.48,-5.09,99.6,1043.8,-507,0,75,12:50:20
10.44,-5,99.6,1039.8,-498,0,76,12:50:25
10.38,-4.94,99.6,1033.8,-492,0,78,12:50:30
10.28,-5.62,99.7,1024.9,-560.3,0,80,12:50:35
10.36,-4.55,99.6,1031.9,-453.2,0,80,12:50:40
10.59,-2.4,99.3,1051.6,-238.3,0,79,12:50:45
10.7,-0.33,98.9,1058.2,-32.6,0,76,12:50:50
10.74,0.16,98.9,1062.2,15.8,0,75,12:50:55
10.74,0.22,98.9,1062.2,21.8,0,74,12:51:00
10.72,0.16,98.9,1060.2,15.8,0,74,12:51:05
10.67,0.14,98.8,1054.2,13.8,0,75,12:51:10
10.64,-0.01,98.9,1052.3,-1,0,76,12:51:15
10.67,0,98.9,1055.3,0,0,76,12:51:20
10.77,0.12,98.8,1064.1,11.9,0,74,12:51:25
10.77,0.11,98.8,1064.1,10.9,0,73,12:51:30
10.69,0.17,98.8,1056.2,16.8,0,73,12:51:35
10.65,0.21,98.9,1053.3,20.8,0,73,12:51:40
10.63,0.2,98.8,1050.2,19.8,0,75,12:51:45
10.62,-0.48,98.9,1050.3,-47.5,0,77,12:51:50
10.59,-1.34,99,1048.4,-132.7,0,78,12:51:55
10.59,-0.96,99,1048.4,-95,0,78,12:52:00
10.61,-1.37,99.1,1051.5,-135.8,0,78,12:52:05
10.6,-1.3,99,1049.4,-128.7,0,78,12:52:10
10.61,-1.08,99,1050.4,-106.9,0,78,12:52:15
10.59,-1.41,99.1,1049.5,-139.7,0,78,12:52:20
10.57,-0.98,99,1046.4,-97,0,78,12:52:25
10.55,-0.84,99,1044.5,-83.2,0,78,12:52:30
10.62,-0.9,99,1051.4,-89.1,0,78,12:52:35
10.66,-0.87,99,1055.3,-86.1,0,77,12:52:40
10.69,-0.46,98.9,1057.2,-45.5,0,77,12:52:45
10.66,-0.61,98.9,1054.3,-60.3,0,77,12:52:50
10.65,-0.96,99,1054.4,-95,0,77,12:52:55
10.7,-0.15,98.8,1057.2,-14.8,0,76,12:53:00
10.81,0.08,98.8,1068,7.9,0,74,12:53:05
10.82,0.05,98.8,1069,4.9,0,73,12:53:10
10.75,0.17,98.8,1062.1,16.8,0,73,12:53:15
10.77,0.18,98.8,1064.1,17.8,0,74,12:53:20
10.5,0.19,98.8,1037.4,18.8,0,75,12:53:25
10.25,-0.53,98.9,1013.7,-52.4,0,76,12:53:30
10.45,-1.5,99,1034.6,-148.5,0,78,12:53:35
10.4,-2.47,99.2,1031.7,-245,0,79,12:53:40
10.43,-3.41,99.3,1035.7,-338.6,0,80,12:53:45
10.47,-2.93,99.3,1039.7,-290.9,0,79,12:53:50
10.43,-1.8,99.2,1034.7,-178.6,0,78,12:53:55
10.5,-0.64,99,1039.5,-63.4,0,77,12:54:00
10.37,-0.49,99,1026.6,-48.5,0,76,12:54:05
10.38,-0.8,99,1027.6,-79.2,0,77,12:54:10
9.99,-1.38,99.1,990,-136.8,0,78,12:54:15
10.05,-3.47,99.4,999,-344.9,0,80,12:54:20
9.92,-5.18,99.7,989,-516.4,0,81,12:54:25
10.04,-5.94,99.7,1001,-592.2,0,82,12:54:30
9.91,-10.42,100.6,996.9,-1048.3,0,80,12:54:35
9.97,-9.6,100.4,1001,-963.8,0,78,12:54:40
10.02,-9.1,100.3,1005,-912.7,0,75,12:54:45
10.3,-1.47,99.3,1022.8,-146,0,73,12:54:50
10.45,-0.62,99.2,1036.6,-61.5,0,71,12:54:55
10.72,2.79,98.6,1057,275.1,0,70,12:55:00
10.71,3.09,98.6,1056,304.7,0,70,12:55:05
10.73,3.08,98.5,1056.9,303.4,0,69,12:55:10
10.73,3.07,98.4,1055.8,302.1,0,70,12:55:15
10.77,3.04,98.4,1059.8,299.1,0,70,12:55:20
10.81,3.29,98.4,1063.7,323.7,0,69,12:55:25
10.87,3.93,98.3,1068.5,386.3,0,69,12:55:30
10.95,5.78,98,1073.1,566.4,0,69,12:55:35
10.97,5.77,98,1075.1,565.5,0,69,12:55:40
10.96,5.78,98,1074.1,566.4,0,69,12:55:45
10.96,5.75,97.9,1073,562.9,0,70,12:55:50
10.85,3.84,98.2,1065.5,377.1,0,70,12:55:55
10.59,-0.55,98.8,1046.3,-54.3,0,71,12:56:00
10.34,-6.65,99.8,1031.9,-663.7,0,70,12:56:05
10.28,-6.88,99.8,1025.9,-686.6,0,70,12:56:10
10.36,-3.87,99.4,1029.8,-384.7,0,71,12:56:15
10.34,-2.75,99.3,1026.8,-273.1,0,74,12:56:20
10.46,-2.82,99.3,1038.7,-280,0,76,12:56:25
10.49,-2.87,99.3,1041.7,-285,0,76,12:56:30
10.48,-2.86,99.3,1040.7,-284,0,73,12:56:35
10.57,0.27,98.9,1045.4,26.7,0,73,12:56:40
10.56,1.27,98.7,1042.3,125.3,0,74,12:56:45
10.7,1.11,98.7,1056.1,109.6,0,74,12:56:50
10.78,1.01,98.7,1064,99.7,0,71,12:56:55
10.78,1.05,98.7,1064,103.6,0,67,12:57:00
10.85,3.92,98.3,1066.6,385.3,0,65,12:57:05
10.82,3.91,98.3,1063.6,384.4,0,66,12:57:10
10.79,3.95,98.3,1060.7,388.3,0,67,12:57:15
10.8,3.93,98.3,1061.6,386.3,0,68,12:57:20
10.8,3.94,98.1,1059.5,386.5,0,70,12:57:25
10.82,3.96,98.2,1062.5,388.9,0,71,12:57:30
10.85,4.09,98.1,1064.4,401.2,0,72,12:57:35
10.8,3.98,98.1,1059.5,390.4,0,73,12:57:40
10.84,3.98,98.1,1063.4,390.4,0,74,12:57:45
10.85,3.74,98.2,1065.5,367.3,0,73,12:57:50
10.91,4.96,97.9,1068.1,485.6,0,73,12:57:55
10.98,5.26,97.9,1074.9,515,0,72,12:58:00
10.95,5.98,97.8,1070.9,584.8,0,72,12:58:05
10.98,5.53,97.8,1073.8,540.8,0,72,12:58:10
10.97,5.66,97.8,1072.9,553.5,0,71,12:58:15
11,5.61,97.8,1075.8,548.7,0,71,12:58:20
10.95,5.63,97.7,1069.8,550.1,0,72,12:58:25
10.83,4.98,97.9,1060.3,487.5,0,74,12:58:30
10.66,2.56,98.2,1046.8,251.4,0,76,12:58:35
10.49,-2.49,99,1038.5,-246.5,0,77,12:58:40
10.57,-2.2,99,1046.4,-217.8,0,77,12:58:45
10.32,-9.32,100.1,1033,-932.9,0,73,12:58:50
7.68,-26.2,102.6,788,-2688.1,0,67,12:58:55
6.78,-28.38,103.1,699,-2926,0,50,12:59:00
9.44,-20.14,102,962.9,-2054.3,0,33,12:59:05
10.04,-13.72,101.1,1015,-1387.1,0,21,12:59:10
10.14,-10.97,100.7,1021.1,-1104.7,0,13,12:59:15
10.19,-9.21,100.4,1023.1,-924.7,0,9,12:59:20
10.17,-9.19,100.4,1021.1,-922.7,0,6,12:59:25
10.16,-9.18,100.4,1020.1,-921.7,0,4,12:59:30
10.17,-9.18,100.5,1022.1,-922.6,0,0,12:59:35
10.15,-9.17,100.5,1020.1,-921.6,0,0,12:59:40
10.14,-9.15,100.5,1019.1,-919.6,0,0,12:59:45
10.14,-9.16,100.6,1020.1,-921.5,0,0,12:59:50
10.13,-9.15,100.6,1019.1,-920.5,0,0,12:59:55
10.12,-9.15,100.6,1018.1,-920.5,0,0,13:00:00
10.11,-9.15,100.6,1017.1,-920.5,0,0,13:00:05
10.13,-9.16,100.6,1019.1,-921.5,0,0,13:00:10
10.09,-9.12,100.6,1015.1,-917.5,0,0,13:00:15
10.1,-9.12,100.6,1016.1,-917.5,0,0,13:00:20
10.09,-9.12,100.6,1015.1,-917.5,0,0,13:00:25
10.08,-9.1,100.6,1014,-915.5,0,0,13:00:30
10.07,-9.08,100.6,1013,-913.4,0,0,13:00:35
10.06,-9.07,100.6,1012,-912.4,0,0,13:00:40
10.06,-9.06,100.6,1012,-911.4,0,0,13:00:45
10.05,-9.06,100.6,1011,-911.4,0,0,13:00:50
10.03,-9.05,100.6,1009,-910.4,0,0,13:00:55
10.03,-9.05,100.6,1009,-910.4,0,0,13:01:00
10.03,-9.06,100.6,1009,-911.4,0,0,13:01:05
10.04,-9.06,100.7,1011,-912.3,0,0,13:01:10
10.04,-9.05,100.7,1011,-911.3,0,0,13:01:15
10.04,-9.05,100.6,1010,-910.4,0,0,13:01:20
10.24,-3.55,99.9,1023,-354.6,0,0,13:01:25
10.28,0.64,99.2,1019.8,63.5,0,15,13:01:30
10.51,2.97,98.9,1039.4,293.7,0,24,13:01:35
10.09,-9.1,100.6,1015.1,-915.5,0,29,13:01:40
10.1,-9.09,100.6,1016.1,-914.5,0,26,13:01:45
10.03,-9.88,100.8,1011,-995.9,0,19,13:01:50
10.39,-0.45,99.4,1032.8,-44.7,0,22,13:01:55
10.44,0.41,99.2,1035.6,40.7,0,28,13:02:00
10.07,-9.09,100.6,1013,-914.5,0,25,13:02:05
10.02,-9.04,100.7,1009,-910.3,0,24,13:02:10
10.11,-3.48,99.9,1010,-347.7,0,25,13:02:15
10.01,-9.03,100.7,1008,-909.3,0,27,13:02:20
9.99,-9.02,100.7,1006,-908.3,0,27,13:02:25
9.96,-8.99,100.7,1003,-905.3,0,29,13:02:30
10.14,-2.84,99.8,1012,-283.4,0,33,13:02:35
9.97,-9,100.7,1004,-906.3,0,37,13:02:40
10.22,-3.6,99.9,1021,-359.6,0,39,13:02:45
10.3,-3.66,100,1030,-366,0,41,13:02:50
10.48,-0.54,99.5,1042.8,-53.7,0,42,13:02:55
10.61,1.29,99.2,1052.5,128,0,43,13:03:00
10.72,2.15,99,1061.3,212.9,0,44,13:03:05
10.75,4,98.7,1061,394.8,0,45,13:03:10
10.87,6.77,98.3,1068.5,665.5,0,48,13:03:15
10.86,6.77,98.2,1066.5,664.8,0,52,13:03:20
10.92,6.77,98.1,1071.3,664.1,0,55,13:03:25
10.82,6.81,98.1,1061.4,668.1,0,58,13:03:30
10.83,6.88,98.1,1062.4,674.9,0,60,13:03:35
10.96,9.34,97.7,1070.8,912.5,0,62,13:03:40
11.05,9.49,97.7,1079.6,927.2,0,64,13:03:45
11.04,9.53,97.6,1077.5,930.1,0,64,13:03:50
11.07,9.44,97.5,1079.3,920.4,0,62,13:03:55
11.12,9.39,97.5,1084.2,915.5,0,61,13:04:00
11.11,9.46,97.5,1083.2,922.4,0,61,13:04:05
10.92,8.72,97.6,1065.8,851.1,0,62,13:04:10
10.91,6.66,97.9,1068.1,652,0,64,13:04:15
10.92,7.67,97.8,1068,750.1,0,65,13:04:20
10.96,7.62,97.7,1070.8,744.5,0,67,13:04:25
11.06,7.57,97.7,1080.6,739.6,0,69,13:04:30
11.02,7.58,97.7,1076.7,740.6,0,69,13:04:35
11.03,8.48,97.6,1076.5,827.6,0,69,13:04:40
11.1,8.45,97.5,1082.3,823.9,0,69,13:04:45
11.07,8.46,97.5,1079.3,824.9,0,69,13:04:50
11.09,8.58,97.5,1081.3,836.6,0,70,13:04:55
10.65,8.39,97.5,1038.4,818,0,71,13:05:00
10.57,7.92,97.6,1031.6,773,0,72,13:05:05
10.47,5.63,97.9,1025,551.2,0,74,13:05:10
10.49,4.03,98.2,1030.1,395.7,0,75,13:05:15
10.42,3.03,98.3,1024.3,297.8,0,76,13:05:20
10.4,2.09,98.5,1024.4,205.9,0,77,13:05:25
10.29,0.18,98.8,1016.7,17.8,0,78,13:05:30
10.14,-4.34,99.4,1007.9,-431.4,0,78,13:05:35
10.02,-9.53,100.3,1005,-955.9,0,78,13:05:40
10.06,-9.21,100.3,1009,-923.8,0,76,13:05:45
10.46,-3.87,99.5,1040.8,-385.1,0,74,13:05:50
10.61,0.24,98.9,1049.3,23.7,0,72,13:05:55
10.56,0.24,98.9,1044.4,23.7,0,72,13:06:00
10.52,0.29,98.9,1040.4,28.7,0,73,13:06:05
10.47,0.34,98.9,1035.5,33.6,0,75,13:06:10
10.48,0.23,98.9,1036.5,22.7,0,76,13:06:15
10.58,0.1,98.9,1046.4,9.9,0,76,13:06:20
10.63,0.19,98.9,1051.3,18.8,0,74,13:06:25
10.7,0.12,99,1059.3,11.9,0,71,13:06:30
10.83,3,98.6,1067.8,295.8,0,67,13:06:35
10.89,2.91,98.6,1073.8,286.9,0,63,13:06:40
10.86,2.94,98.6,1070.8,289.9,0,60,13:06:45
10.81,2.97,98.5,1064.8,292.5,0,58,13:06:50
10.85,4.85,98.2,1065.5,476.3,0,59,13:06:55
10.86,5.82,98,1064.3,570.4,0,61,13:07:00
10.83,5.82,98,1061.3,570.4,0,65,13:07:05
10.77,5.86,98,1055.5,574.3,0,70,13:07:10
10.51,0.77,98.7,1037.3,76,0,75,13:07:15
10.36,-2.31,99.2,1027.7,-229.2,0,79,13:07:20
10.43,-2.99,99.3,1035.7,-296.9,0,80,13:07:25
10.57,-1.61,99.1,1047.5,-159.6,0,78,13:07:30
10.68,0,98.9,1056.3,0,0,76,13:07:35
10.64,0.91,98.8,1051.2,89.9,0,76,13:07:40
10.31,-5.35,99.7,1027.9,-533.4,0,77,13:07:45
10.15,-9.29,100.3,1018,-931.8,0,76,13:07:50
10.13,-9.16,100.3,1016,-918.7,0,75,13:07:55
10.12,-9.14,100.3,1015,-916.7,0,74,13:08:00
10.4,-2.76,99.5,1034.8,-274.6,0,74,13:08:05
10.53,-0.73,99.2,1044.6,-72.4,0,73,13:08:10
10.57,0.25,99,1046.4,24.8,0,72,13:08:15
10.6,0.2,99,1049.4,19.8,0,72,13:08:20
10.75,2.04,98.7,1061,201.3,0,71,13:08:25
10.85,1.95,98.7,1070.9,192.5,0,68,13:08:30
10.88,1.88,98.7,1073.9,185.6,0,63,13:08:35
10.82,1.97,98.7,1067.9,194.4,0,59,13:08:40
10.8,1.97,98.7,1066,194.4,0,57,13:08:45
10.93,6.71,98,1071.1,657.6,0,58,13:08:50
10.91,6.7,97.9,1068.1,655.9,0,60,13:08:55
10.87,6.75,97.9,1064.2,660.8,0,64,13:09:00
10.62,2.86,98.4,1045,281.4,0,68,13:09:05
10.47,0.19,98.9,1035.5,18.8,0,72,13:09:10
10.55,0.03,98.9,1043.4,3,0,73,13:09:15
10.7,2.06,98.6,1055,203.1,0,72,13:09:20
10.7,2.01,98.6,1055,198.2,0,71,13:09:25
10.64,2.09,98.6,1049.1,206.1,0,71,13:09:30
10.59,2.11,98.6,1044.2,208,0,73,13:09:35
10.48,1.64,98.6,1033.3,161.7,0,76,13:09:40
10.5,0.24,98.9,1038.5,23.7,0,77,13:09:45
10.52,0.91,98.8,1039.4,89.9,0,77,13:09:50
10.44,0.45,98.8,1031.5,44.5,0,77,13:09:55
10.3,-2.23,99.2,1021.8,-221.2,0,79,13:10:00
10.24,-1.13,99,1013.8,-111.9,0,78,13:10:05
10.37,2.09,98.6,1022.5,206.1,0,75,13:10:10
10.65,6.04,98,1043.7,591.9,0,70,13:10:15
10.56,6.04,98,1034.9,591.9,0,67,13:10:20
10.36,6.26,97.9,1014.2,612.9,0,64,13:10:25
10.29,6.31,97.8,1006.4,617.1,0,62,13:10:30
10.47,7.14,97.7,1022.9,697.6,0,62,13:10:35
10.34,7.21,97.7,1010.2,704.4,0,63,13:10:40
10.15,10.69,97.1,985.6,1038,0,64,13:10:45
10.08,10.78,97.1,978.8,1046.7,0,66,13:10:50
10.25,10.62,97,994.3,1030.1,0,68,13:10:55
10.09,10.31,97.1,979.7,1001.1,0,70,13:11:00
10.18,10.2,97.1,988.5,990.4,0,71,13:11:05
10.28,8.87,97.3,1000.2,863.1,0,72,13:11:10
9.82,7.8,97.4,956.5,759.7,0,73,13:11:15
9.72,5.86,97.7,949.6,572.5,0,74,13:11:20
10.05,4.15,98,984.9,406.7,0,75,13:11:25
10.16,4.07,98,995.7,398.9,0,75,13:11:30
10.25,4.93,97.9,1003.5,482.6,0,75,13:11:35
10.4,4.78,97.9,1018.2,468,0,75,13:11:40
10.6,4.31,97.9,1037.7,421.9,0,75,13:11:45
10.66,5.07,97.8,1042.5,495.8,0,74,13:11:50
10.77,6.99,97.6,1051.2,682.2,0,73,13:11:55
10.73,6.85,97.5,1046.2,667.9,0,73,13:12:00
10.59,5.19,97.8,1035.7,507.6,0,74,13:12:05
10.39,1.76,98.3,1021.3,173,0,77,13:12:10
10.05,-6.71,99.6,1001,-668.3,0,79,13:12:15
9.87,-9.76,100.1,988,-977,0,79,13:12:20
9.84,-10.22,100.3,987,-1025.1,0,80,13:12:25
9.77,-11.81,100.6,982.9,-1188.1,0,82,13:12:30
9.98,-12.5,100.7,1005,-1258.8,0,82,13:12:35
10.13,-6.88,99.8,1011,-686.6,0,82,13:12:40
10.19,-7.61,100,1019,-761,0,82,13:12:45
10.03,-8.67,100.1,1004,-867.9,0,83,13:12:50
10.2,-7.98,100.1,1021,-798.8,0,83,13:12:55
10.36,-4.39,99.6,1031.9,-437.2,0,80,13:13:00
10.35,-3.14,99.4,1028.8,-312.1,0,79,13:13:05
10.37,-2.51,99.3,1029.7,-249.2,0,77,13:13:10
10.47,-2.77,99.3,1039.7,-275.1,0,75,13:13:15
10.72,1.14,98.8,1059.1,112.6,0,71,13:13:20
10.84,3.98,98.3,1065.6,391.2,0,67,13:13:25
10.86,5.57,98,1064.3,545.9,0,65,13:13:30
10.9,5.86,98,1068.2,574.3,0,64,13:13:35
10.82,5.87,98,1060.4,575.3,0,65,13:13:40
10.85,5.88,97.9,1062.2,575.7,0,66,13:13:45
10.77,5.93,97.8,1053.3,580,0,68,13:13:50
10.74,5.95,97.8,1050.4,581.9,0,71,13:13:55
10.34,5.37,97.9,1012.3,525.7,0,74,13:14:00
10.48,3.44,98.2,1029.1,337.8,0,76,13:14:05
10.38,0.78,98.5,1022.4,76.8,0,77,13:14:10
10.32,-1.67,99,1021.7,-165.3,0,79,13:14:15
10.12,-3.79,99.3,1004.9,-376.3,0,80,13:14:20
9.94,-5,99.5,989,-497.5,0,81,13:14:25
9.85,-6.05,99.7,982,-603.2,0,82,13:14:30
9.69,-10.99,100.5,973.8,-1104.5,0,81,13:14:35
9.92,-9.92,100.3,995,-995,0,79,13:14:40
10,-9.73,100.4,1004,-976.9,0,78,13:14:45
10.17,-5.45,99.7,1013.9,-543.4,0,80,13:14:50
10.21,-5.08,99.7,1017.9,-506.5,0,78,13:14:55
10.19,-4.63,99.6,1014.9,-461.1,0,77,13:15:00
10.25,-4.03,99.5,1019.9,-401,0,78,13:15:05
10.55,0,98.9,1043.4,0,0,76,13:15:10
10.78,3.02,98.5,1061.8,297.5,0,72,13:15:15
10.66,3.1,98.4,1048.9,305,0,70,13:15:20
10.64,3.1,98.4,1047,305,0,69,13:15:25
10.58,3.15,98.4,1041.1,310,0,70,13:15:30
10.53,3.16,98.4,1036.2,310.9,0,71,13:15:35
10.47,3.27,98.3,1029.2,321.4,0,73,13:15:40
10.35,2.95,98.4,1018.4,290.3,0,75,13:15:45
10.4,0.91,98.7,1026.5,89.8,0,77,13:15:50
10.34,-0.71,98.9,1022.6,-70.2,0,78,13:15:55
10.3,-1.85,99.1,1020.7,-183.3,0,78,13:16:00
10.18,-1.34,99,1007.8,-132.7,0,78,13:16:05
10.21,-1.18,99,1010.8,-116.8,0,77,13:16:10
10.15,-1.47,99,1004.9,-145.5,0,78,13:16:15
10.04,-3.98,99.4,998,-395.6,0,80,13:16:20
9.79,-10.96,100.6,984.9,-1102.6,0,81,13:16:25
9.86,-10.81,100.6,991.9,-1087.5,0,81,13:16:30
10.34,-1.54,99.2,1025.7,-152.8,0,79,13:16:35
10.63,4.61,98.3,1044.9,453.2,0,74,13:16:40
10.62,6.15,98,1040.8,602.7,0,71,13:16:45
10.54,6.14,97.9,1031.9,601.1,0,71,13:16:50
10.62,6.01,97.9,1039.7,588.4,0,72,13:16:55
10.55,4.81,98.1,1035,471.9,0,75,13:17:00
10.06,-7.88,99.9,1005,-787.2,0,76,13:17:05
10.14,-4.89,99.5,1008.9,-486.6,0,78,13:17:10
10.21,-4.74,99.5,1015.9,-471.6,0,77,13:17:15
10.32,-3.76,99.5,1026.8,-374.1,0,75,13:17:20
10.49,0.34,98.9,1037.5,33.6,0,73,13:17:25
10.63,3.13,98.4,1046,308,0,73,13:17:30
10.64,3.07,98.4,1047,302.1,0,71,13:17:35
10.58,3.13,98.3,1040,307.7,0,72,13:17:40
10.54,2.11,98.5,1038.2,207.8,0,73,13:17:45
10.05,-9.07,100.1,1006,-907.9,0,73,13:17:50
9.97,-9,100.2,999,-901.8,0,73,13:17:55
9.9,-8.97,100.2,992,-898.8,0,75,13:18:00
10.02,-9.08,100.3,1005,-910.7,0,75,13:18:05
10.48,1.34,98.8,1035.4,132.4,0,74,13:18:10
10.46,2.31,98.6,1031.4,227.8,0,73,13:18:15
10.6,2.16,98.6,1045.2,213,0,72,13:18:20
10.29,2.41,98.6,1014.6,237.6,0,72,13:18:25
10.23,1.37,98.7,1009.7,135.2,0,73,13:18:30
10.19,-2.64,99.3,1011.9,-262.2,0,74,13:18:35
9.87,-6.7,99.8,985,-668.7,0,75,13:18:40
9.91,-6.53,99.9,990,-652.3,0,75,13:18:45
10.02,-3.48,99.5,997,-346.3,0,74,13:18:50
9.98,-3.47,99.5,993,-345.3,0,75,13:18:55
9.92,-3.74,99.5,987,-372.1,0,78,13:19:00
9.96,-4.41,99.6,992,-439.2,0,80,13:19:05
10.1,-2.69,99.4,1003.9,-267.4,0,80,13:19:10
10.17,-0.87,99.1,1007.8,-86.2,0,78,13:19:15
10.26,0.35,98.9,1014.7,34.6,0,76,13:19:20
10.35,0.42,98.9,1023.6,41.5,0,71,13:19:25
10.26,0.49,98.9,1014.7,48.5,0,68,13:19:30
10.23,0.5,98.9,1011.7,49.5,0,66,13:19:35
10.19,0.56,98.9,1007.8,55.4,0,66,13:19:40
10.34,3.4,98.4,1017.5,334.6,0,64,13:19:45
10.3,4.35,98.3,1012.5,427.6,0,63,13:19:50
10.24,4.42,98.3,1006.6,434.5,0,64,13:19:55
10.2,4.45,98.2,1001.6,437,0,67,13:20:00
10.49,4.22,98.3,1031.2,414.8,0,69,13:20:05
10.48,4.21,98.2,1029.1,413.4,0,69,13:20:10
10.35,5.28,98,1014.3,517.4,0,69,13:20:15
10.41,5.26,98,1020.2,515.5,0,70,13:20:20
10.32,5.07,98,1011.4,496.9,0,73,13:20:25
10.25,3.05,98.3,1007.6,299.8,0,76,13:20:30
10.08,-0.23,98.8,995.9,-22.7,0,78,13:20:35
10.05,-0.74,98.9,993.9,-73.2,0,78,13:20:40
10.13,-2.28,99.1,1003.9,-225.9,0,80,13:20:45
10.15,-1.32,99,1004.9,-130.7,0,79,13:20:50
10.2,-0.18,98.8,1007.8,-17.8,0,78,13:20:55
10.08,0.47,98.8,995.9,46.4,0,77,13:21:00
10.17,0.83,98.8,1004.8,82,0,76,13:21:05
10.26,1.28,98.6,1011.6,126.2,0,76,13:21:10
10.26,1.57,98.6,1011.6,154.8,0,75,13:21:15
10.26,1.49,98.6,1011.6,146.9,0,75,13:21:20
10.29,1.49,98.6,1014.6,146.9,0,74,13:21:25
10.18,1.54,98.6,1003.7,151.8,0,75,13:21:30
10.17,1.45,98.5,1001.7,142.8,0,75,13:21:35
9.99,1.39,98.6,985,137.1,0,76,13:21:40
10.01,0.85,98.6,987,83.8,0,77,13:21:45
10.15,-0.04,98.8,1002.8,-4,0,78,13:21:50
10.2,-1.02,99,1009.8,-101,0,78,13:21:55
10.11,-2.48,99.2,1002.9,-246,0,80,13:22:00
10.18,-2.88,99.2,1009.9,-285.7,0,80,13:22:05
9.96,-9.38,100.2,998,-939.9,0,79,13:22:10
10.03,-7.42,100,1003,-742,0,78,13:22:15
10.17,-6.34,99.8,1015,-632.7,0,75,13:22:20
10.25,-3.64,99.5,1019.9,-362.2,0,73,13:22:25
10.34,-1.47,99.1,1024.7,-145.7,0,72,13:22:30
10.41,0.43,98.9,1029.5,42.5,0,72,13:22:35
10.42,0.43,98.9,1030.5,42.5,0,71,13:22:40
10.49,2.28,98.6,1034.3,224.8,0,72,13:22:45
10.57,4.16,98.3,1039,408.9,0,71,13:22:50
10.58,4.24,98.3,1040,416.8,0,72,13:22:55
10.09,-9.09,100.1,1010,-909.9,0,69,13:23:00
10.05,-9.06,100.2,1007,-907.8,0,63,13:23:05
9.53,-12.29,100.8,960.6,-1238.8,0,53,13:23:10
10.36,-1.52,99.3,1028.7,-150.9,0,49,13:23:15
10.49,1.41,98.9,1037.5,139.4,0,48,13:23:20
10.49,1.36,98.8,1036.4,134.4,0,49,13:23:25
10.7,5.34,98.2,1050.7,524.4,0,49,13:23:30
10.84,9.62,97.5,1056.9,938,0,52,13:23:35
10.82,9.6,97.4,1053.9,935,0,57,13:23:40
10.84,9.6,97.4,1055.8,935,0,61,13:23:45
10.83,9.64,97.4,1054.8,938.9,0,66,13:23:50
10.88,9.73,97.3,1058.6,946.7,0,69,13:23:55
10.8,8.8,97.4,1051.9,857.1,0,71,13:24:00
10.79,8.02,97.4,1050.9,781.1,0,73,13:24:05
10.44,5.01,97.9,1022.1,490.5,0,75,13:24:10
10.35,3.09,98.2,1016.4,303.4,0,76,13:24:15
10.23,2.21,98.3,1005.6,217.2,0,76,13:24:20
10.03,0.49,98.6,989,48.3,0,78,13:24:25
10.06,-0.57,98.8,993.9,-56.3,0,78,13:24:30
9.92,-2.19,99,982.1,-216.8,0,79,13:24:35
9.79,-3.04,99.2,971.2,-301.6,0,79,13:24:40
9.81,-3.59,99.3,974.1,-356.5,0,80,13:24:45
9.69,-3.11,99.2,961.2,-308.5,0,79,13:24:50
9.68,-8.99,100.1,969,-899.9,0,77,13:24:55
9.71,-8.78,100.1,972,-878.9,0,75,13:25:00
9.54,-8.59,100.1,955,-859.9,0,73,13:25:05
10.04,4.05,98.3,986.9,398.1,0,72,13:25:10
10.29,6.33,98,1008.4,620.3,0,72,13:25:15
10.28,6.28,97.9,1006.4,614.8,0,69,13:25:20
10.52,6.06,98,1031,593.9,0,67,13:25:25
10.44,7.15,97.7,1020,698.6,0,67,13:25:30
10.31,5.64,97.9,1009.3,552.2,0,69,13:25:35
9.71,-8.74,100,971,-874,0,68,13:25:40
9.66,-8.71,100.1,967,-871.9,0,64,13:25:45
9.48,-3.71,99.5,943.3,-369.1,0,66,13:25:50
9.48,-0.55,99,938.5,-54.5,0,71,13:25:55
9.66,-2.8,99.3,959.2,-278,0,72,13:26:00
9.72,-3.01,99.4,966.2,-299.2,0,71,13:26:05
9.86,-2.02,99.2,978.1,-200.4,0,70,13:26:10
9.91,0.09,98.9,980.1,8.9,0,70,13:26:15
10.02,1.85,98.6,988,182.4,0,72,13:26:20
10.25,1.69,98.6,1010.7,166.6,0,74,13:26:25
10.44,1.62,98.6,1029.4,159.7,0,72,13:26:30
10.54,2.32,98.6,1039.2,228.8,0,69,13:26:35
10.59,2.28,98.6,1044.2,224.8,0,67,13:26:40
10.49,2.35,98.5,1033.3,231.5,0,66,13:26:45
10.41,2.4,98.5,1025.4,236.4,0,68,13:26:50
10.53,4.25,98.2,1034,417.4,0,70,13:26:55
10.5,4.03,98.2,1031.1,395.7,0,73,13:27:00
10.43,2.89,98.3,1025.3,284.1,0,74,13:27:05
10.28,-0.53,98.9,1016.7,-52.4,0,76,13:27:10
10.34,-0.72,98.9,1022.6,-71.2,0,77,13:27:15
10.29,-3.76,99.3,1021.8,-373.4,0,75,13:27:20
10.27,-1.55,99,1016.7,-153.5,0,75,13:27:25
10.26,-1.56,99.1,1016.8,-154.6,0,75,13:27:30
10.29,-1.53,99.1,1019.7,-151.6,0,75,13:27:35
10.23,-1.47,99.1,1013.8,-145.7,0,76,13:27:40
10.25,-1.56,99.1,1015.8,-154.6,0,75,13:27:45
10.28,-1.56,99.1,1018.7,-154.6,0,75,13:27:50
10.29,-0.46,98.9,1017.7,-45.5,0,74,13:27:55
10.27,-0.46,98.9,1015.7,-45.5,0,73,13:28:00
10.26,-0.4,98.9,1014.7,-39.6,0,73,13:28:05
10.3,0.54,98.9,1018.7,53.4,0,73,13:28:10
10.38,0.45,98.9,1026.6,44.5,0,71,13:28:15
10.26,0.55,98.8,1013.7,54.3,0,71,13:28:20
10.11,0.67,98.8,998.9,66.2,0,72,13:28:25
9.98,0.72,98.8,986,71.1,0,74,13:28:30
9.96,0.33,98.8,984,32.6,0,77,13:28:35
9.97,-0.44,98.9,986,-43.5,0,78,13:28:40
9.99,-1.29,99,989,-127.7,0,78,13:28:45
9.98,-0.86,99,988,-85.1,0,78,13:28:50
9.98,-0.6,98.9,987,-59.3,0,78,13:28:55
9.86,-0.33,98.9,975.2,-32.6,0,78,13:29:00
9.89,-0.11,98.9,978.1,-10.9,0,78,13:29:05
9.93,0.04,98.8,981.1,4,0,77,13:29:10
9.97,0.24,98.8,985,23.7,0,76,13:29:15
9.91,0.8,98.7,978.1,79,0,75,13:29:20
9.92,0.84,98.7,979.1,82.9,0,73,13:29:25
9.84,0.9,98.7,971.2,88.8,0,72,13:29:30
9.84,0.91,98.7,971.2,89.8,0,73,13:29:35
9.93,0.86,98.7,980.1,84.9,0,74,13:29:40
9.81,0.92,98.7,968.2,90.8,0,75,13:29:45
9.67,0.67,98.7,954.4,66.1,0,76,13:29:50
9.59,0.44,98.8,947.5,43.5,0,76,13:29:55
9.63,0.43,98.8,951.4,42.5,0,76,13:30:00
9.8,0.38,98.8,968.2,37.5,0,76,13:30:05
9.97,0.48,98.7,984,47.4,0,76,13:30:10
9.96,0.42,98.7,983.1,41.5,0,76,13:30:15
9.98,0.28,98.8,986,27.7,0,76,13:30:20
9.93,-0.11,98.8,981.1,-10.9,0,77,13:30:25
9.82,-1.58,99,972.2,-156.4,0,79,13:30:30
9.74,-1.25,99,964.3,-123.8,0,79,13:30:35
9.95,-0.46,98.9,984.1,-45.5,0,78,13:30:40
10.03,-0.28,98.9,992,-27.7,0,77,13:30:45
10.03,-0.72,98.9,992,-71.2,0,78,13:30:50
10.11,-0.56,98.9,999.9,-55.4,0,78,13:30:55
10.23,-0.38,98.9,1011.7,-37.6,0,78,13:31:00
10.24,-0.12,98.8,1011.7,-11.9,0,77,13:31:05
10.27,0.07,98.9,1015.7,6.9,0,76,13:31:10
10.29,0.46,98.8,1016.7,45.4,0,76,13:31:15
10.27,0.41,98.8,1014.7,40.5,0,76,13:31:20
10.22,0.09,98.9,1010.8,8.9,0,76,13:31:25
9.31,1,98.7,918.9,98.7,0,76,13:31:30
9.06,-0.64,99,896.9,-63.4,0,77,13:31:35
10.25,-1.57,99.1,1015.8,-155.6,0,76,13:31:40
10.28,-0.18,98.9,1016.7,-17.8,0,77,13:31:45
10.25,-0.25,98.8,1012.7,-24.7,0,77,13:31:50
9.94,-9.06,100.1,995,-906.9,0,76,13:31:55
9.89,-8.93,100.2,991,-894.8,0,73,13:32:00
10.1,-3.48,99.5,1005,-346.3,0,72,13:32:05
9.12,-2.85,99.4,906.5,-283.3,0,72,13:32:10
6.75,-27.5,103,695.3,-2832.5,0,63,13:32:15
9.89,-8.92,100.4,993,-895.6,0,58,13:32:20
9.83,-8.87,100.4,986.9,-890.5,0,56,13:32:25
10.08,-4.32,99.7,1005,-430.7,0,54,13:32:30
10.27,-0.31,99.2,1018.8,-30.8,0,55,13:32:35
10.23,-0.24,99.1,1013.8,-23.8,0,56,13:32:40
9.37,0.44,99,927.6,43.6,0,57,13:32:45
8.94,-8.04,100.2,895.8,-805.6,0,55,13:32:50
9.84,-8.87,100.4,987.9,-890.5,0,52,13:32:55
5.6,-24.89,102.7,575.1,-2556.2,0,43,13:33:00
9.82,-8.85,100.4,985.9,-888.5,0,37,13:33:05
9.85,-8.89,100.5,989.9,-893.4,0,36,13:33:10
10,-3.22,99.6,996,-320.7,0,36,13:33:15
7.62,-2.24,99.5,758.2,-222.9,0,39,13:33:20
9.88,-7.18,100.3,991,-720.2,0,41,13:33:25
9.8,-8.84,100.4,983.9,-887.5,0,41,13:33:30
9.74,-8.78,100.5,978.9,-882.4,0,40,13:33:35
9.78,-8.82,100.5,982.9,-886.4,0,39,13:33:40
9.7,-8.74,100.5,974.9,-878.4,0,38,13:33:45
9.66,-8.71,100.5,970.8,-875.4,0,36,13:33:50
9.61,-8.43,100.5,965.8,-847.2,0,35,13:33:55
9.93,-3.17,99.8,991,-316.4,0,36,13:34:00
9.76,-3.03,99.7,973.1,-302.1,0,39,13:34:05
9.54,-8.59,100.5,958.8,-863.3,0,39,13:34:10
9.65,-8.7,100.6,970.8,-875.2,0,38,13:34:15
9.56,-8.62,100.5,960.8,-866.3,0,37,13:34:20
9.52,-8.58,100.6,957.7,-863.1,0,36,13:34:25
9.92,0.89,99.2,984.1,88.3,0,39,13:34:30
10.16,0.73,99.2,1007.9,72.4,0,43,13:34:35
10.09,0.73,99.1,999.9,72.3,0,47,13:34:40
9.85,-1.12,99.4,979.1,-111.3,0,49,13:34:45
9.86,-0.01,99.2,978.1,-1,0,51,13:34:50
9.94,0.89,99.1,985.1,88.2,0,53,13:34:55
9.77,1.04,99,967.2,103,0,55,13:35:00
9.85,0.96,99,975.2,95,0,57,13:35:05
9.89,2.85,98.7,976.1,281.3,0,58,13:35:10
9.72,3,98.7,959.4,296.1,0,61,13:35:15
9.68,3.04,98.6,954.4,299.7,0,63,13:35:20
8.81,-7.92,100.2,882.8,-793.6,0,64,13:35:25
5.97,-27.3,103.1,615.5,-2814.6,0,54,13:35:30
5.99,-20.59,102.3,612.8,-2106.4,0,38,13:35:35
9.16,-8.25,100.6,921.5,-830,0,32,13:35:40
8.93,-8.02,100.5,897.5,-806,0,31,13:35:45
9.69,1.14,99.2,961.2,113.1,0,34,13:35:50
9.83,4.4,98.6,969.2,433.8,0,40,13:35:55
9.93,8.54,98,973.1,836.9,0,45,13:36:00
9.92,8.52,97.9,971.2,834.1,0,51,13:36:05
8.99,9.96,97.6,877.4,972.1,0,56,13:36:10
9.97,11.77,97.4,971.1,1146.4,0,61,13:36:15
10.01,10.75,97.5,976,1048.1,0,63,13:36:20
10.01,10.75,97.4,975,1047.1,0,66,13:36:25
10.07,10.71,97.4,980.8,1043.2,0,69,13:36:30
10,6.46,97.9,979,632.4,0,71,13:36:35
9.6,1.87,98.6,946.6,184.4,0,72,13:36:40
6.53,-27.59,103,672.6,-2841.8,0,65,13:36:45
9.42,-8.39,100.3,944.8,-841.5,0,60,13:36:50
9.65,-0.16,99.2,957.3,-15.9,0,61,13:36:55
9.84,2.03,98.8,972.2,200.6,0,63,13:37:00
9.79,1.18,98.9,968.2,116.7,0,65,13:37:05
8.63,3.64,98.5,850.1,358.5,0,66,13:37:10
9.77,2.88,98.6,963.3,284,0,67,13:37:15
9.98,2.74,98.6,984,270.2,0,68,13:37:20
10.04,2.69,98.6,989.9,265.2,0,69,13:37:25
9.6,3.04,98.6,946.6,299.7,0,70,13:37:30
9.52,3.14,98.6,938.7,309.6,0,72,13:37:35
9.46,3.19,98.5,931.8,314.2,0,73,13:37:40
9.47,3.28,98.5,932.8,323.1,0,74,13:37:45
9.81,2.95,98.5,966.3,290.6,0,74,13:37:50
9.46,2.96,98.5,931.8,291.6,0,75,13:37:55
8.35,-7.49,100,835,-749,0,72,13:38:00
9.23,0.5,98.9,912.8,49.5,0,70,13:38:05
9.53,0.3,99,943.5,29.7,0,68,13:38:10
9.53,0.3,98.9,942.5,29.7,0,67,13:38:15
9.77,0.06,99,967.2,5.9,0,67,13:38:20
9.9,-1.65,99.3,983.1,-163.8,0,64,13:38:25
9.91,0.88,98.9,980.1,87,0,65,13:38:30
9.79,-0.4,99.2,971.2,-39.7,0,66,13:38:35
9.62,-3.87,99.6,958.2,-385.5,0,65,13:38:40
9.7,-0.94,99.2,962.2,-93.2,0,65,13:38:45
9.66,-0.83,99.2,958.3,-82.3,0,65,13:38:50
9.59,-0.84,99.2,951.3,-83.3,0,65,13:38:55
9.67,-0.95,99.2,959.3,-94.2,0,66,13:39:00
9.77,1.05,98.9,966.3,103.8,0,66,13:39:05
9.84,0.99,98.9,973.2,97.9,0,67,13:39:10
9.78,1.06,98.9,967.2,104.8,0,67,13:39:15
9.95,0.9,98.9,984.1,89,0,68,13:39:20
9.83,0.97,98.9,972.2,95.9,0,68,13:39:25
9.79,1.02,98.9,968.2,100.9,0,68,13:39:30
6.69,3.6,98.5,659,354.6,0,68,13:39:35
9.66,1.11,98.9,955.4,109.8,0,69,13:39:40
9.62,1.15,98.8,950.5,113.6,0,69,13:39:45
9.65,1.15,98.9,954.4,113.7,0,69,13:39:50
9.87,5.77,98.1,968.2,566,0,71,13:39:55
9.9,5.78,98.1,971.2,567,0,73,13:40:00
9.87,3.82,98.4,971.2,375.9,0,74,13:40:05
9.68,-8.72,100.2,969.9,-873.7,0,73,13:40:10
9.88,-3.21,99.4,982.1,-319.1,0,72,13:40:15
6.33,-27.96,103.1,652.6,-2882.7,0,59,13:40:20
9.58,-5.42,100.1,959,-542.5,0,48,13:40:25
7.23,-23.4,102.6,741.8,-2400.8,0,40,13:40:30
9.45,-8.52,100.6,950.7,-857.1,0,34,13:40:35
9.74,-6.89,100.3,976.9,-691.1,0,30,13:40:40
9.62,-6.2,100.2,963.9,-621.2,0,31,13:40:45
9.24,-8.31,100.5,928.6,-835.2,0,30,13:40:50
9.32,-8.4,100.6,937.6,-845,0,29,13:40:55
9.38,-8.45,100.6,943.6,-850.1,0,27,13:41:00
8.16,-13.07,101.3,826.6,-1324,0,23,13:41:05
7.9,-1.27,99.5,786.1,-126.4,0,22,13:41:10
8.67,-7.79,100.5,871.3,-782.9,0,20,13:41:15
8.99,-9.94,100.8,906.2,-1002,0,18,13:41:20
9.18,-8.25,100.6,923.5,-830,0,17,13:41:25
9.49,-9.96,100.8,956.6,-1004,0,12,13:41:30
9.57,-8.66,100.7,963.7,-872.1,0,0,13:41:35
9.67,-8.74,100.7,973.8,-880.1,0,0,13:41:40
9.68,-8.75,100.7,974.8,-881.1,0,0,13:41:45
9.66,-8.73,100.7,972.8,-879.1,0,0,13:41:50
9.66,-8.73,100.7,972.8,-879.1,0,0,13:41:55
8.8,-7.93,100.6,885.3,-797.8,0,0,13:42:00
9.11,-8.22,100.7,917.4,-827.8,0,0,13:42:05
9.11,-8.22,100.7,917.4,-827.8,0,0,13:42:10
8.9,-8.02,100.6,895.3,-806.8,0,0,13:42:15
9.03,-8.15,100.7,909.3,-820.7,0,0,13:42:20
9.05,-8.16,100.7,911.3,-821.7,0,0,13:42:25
9.1,-8.2,100.7,916.4,-825.7,0,0,13:42:30
8.96,-8.08,100.7,902.3,-813.7,0,0,13:42:35
9.05,-8.16,100.7,911.3,-821.7,0,0,13:42:40
8.73,-7.86,100.7,879.1,-791.5,0,0,13:42:45
8.94,-8.07,100.7,900.3,-812.6,0,0,13:42:50
8.66,-7.8,100.7,872.1,-785.5,0,0,13:42:55
8.26,-7.43,100.6,831,-747.5,0,0,13:43:00
9.16,-8.26,100.8,923.3,-832.6,0,0,13:43:05
9.48,-8.56,100.8,955.6,-862.8,0,0,13:43:10
9.53,-8.6,100.8,960.6,-866.9,0,0,13:43:15
9.54,-8.61,100.9,962.6,-868.7,0,0,13:43:20
9.53,-8.61,100.9,961.6,-868.7,0,0,13:43:25
9.53,-8.61,100.9,961.6,-868.7,0,0,13:43:30
9.53,-8.61,100.9,961.6,-868.7,0,0,13:43:35
9.53,-8.61,100.9,961.6,-868.7,0,0,13:43:40
9.52,-8.6,100.9,960.6,-867.7,0,0,13:43:45
9.44,-8.54,100.9,952.5,-861.7,0,0,13:43:50
9.5,-8.58,100.9,958.6,-865.7,0,0,13:43:55
9.49,-8.57,100.9,957.5,-864.7,0,0,13:44:00
9.49,-8.56,100.9,957.5,-863.7,0,0,13:44:05
9.48,-8.56,100.9,956.5,-863.7,0,0,13:44:10
9.46,-8.54,100.9,954.5,-861.7,0,0,13:44:15
9.45,-8.53,100.9,953.5,-860.7,0,0,13:44:20
9.43,-8.52,100.9,951.5,-859.7,0,0,13:44:25
9.43,-8.52,100.9,951.5,-859.7,0,0,13:44:30
9.43,-8.52,101,952.4,-860.5,0,0,13:44:35
9.43,-8.51,101,952.4,-859.5,0,0,13:44:40
9.42,-8.51,101,951.4,-859.5,0,0,13:44:45
9.42,-8.5,101,951.4,-858.5,0,0,13:44:50
9.41,-8.5,101,950.4,-858.5,0,0,13:44:55
9.4,-8.5,101,949.4,-858.5,0,0,13:45:00
9.4,-8.5,101,949.4,-858.5,0,0,13:45:05
9.39,-8.49,101,948.4,-857.5,0,0,13:45:10
9.4,-8.48,101,949.4,-856.5,0,0,13:45:15
9.4,-8.49,101,949.4,-857.5,0,0,13:45:20
9.4,-8.5,101,949.4,-858.5,0,0,13:45:25
9.39,-8.47,101,948.4,-855.5,0,0,13:45:30
9.39,-8.47,101,948.4,-855.5,0,0,13:45:35
9.37,-8.47,101,946.4,-855.5,0,0,13:45:40
9.36,-8.45,101.1,946.3,-854.3,0,0,13:45:45
9.35,-8.45,101,944.4,-853.5,0,0,13:45:50
9.35,-8.44,101,944.4,-852.4,0,0,13:45:55
9.35,-8.44,101,944.4,-852.4,0,0,13:46:00
9.36,-8.45,101.1,946.3,-854.3,0,0,13:46:05
9.36,-8.45,101.1,946.3,-854.3,0,0,13:46:10
9.37,-8.45,101.1,947.3,-854.3,0,0,13:46:15
9.37,-8.46,101.1,947.3,-855.3,0,0,13:46:20
9.36,-8.45,101.1,946.3,-854.3,0,0,13:46:25
9.37,-8.47,101.1,947.3,-856.3,0,0,13:46:30
9.37,-8.46,101.2,948.2,-856.2,0,0,13:46:35
9.37,-8.46,101.2,948.2,-856.2,0,0,13:46:40
9.36,-8.45,101.2,947.2,-855.1,0,0,13:46:45
9.37,-8.46,101.2,948.2,-856.2,0,0,13:46:50
9.35,-8.45,101.2,946.2,-855.1,0,0,13:46:55
9.34,-8.43,101.2,945.2,-853.1,0,0,13:47:00
9.33,-8.43,101.2,944.2,-853.1,0,0,13:47:05
9.33,-8.44,101.2,944.2,-854.1,0,0,13:47:10
9.32,-8.42,101.2,943.2,-852.1,0,0,13:47:15
9.31,-8.41,101.2,942.2,-851.1,0,0,13:47:20
9.3,-8.4,101.2,941.2,-850.1,0,0,13:47:25
9.29,-8.39,101.2,940.1,-849.1,0,0,13:47:30
9.29,-8.38,101.2,940.1,-848.1,0,0,13:47:35
9.29,-8.39,101.2,940.1,-849.1,0,0,13:47:40
9.29,-8.39,101.2,940.1,-849.1,0,0,13:47:45
9.3,-8.4,101.2,941.2,-850.1,0,0,13:47:50
9.3,-8.4,101.2,941.2,-850.1,0,0,13:47:55
9.31,-8.41,101.2,942.2,-851.1,0,0,13:48:00
9.31,-8.42,101.2,942.2,-852.1,0,0,13:48:05
9.31,-8.41,101.2,942.2,-851.1,0,0,13:48:10
9.31,-8.4,101.2,942.2,-850.1,0,0,13:48:15
9.29,-8.39,101.2,940.1,-849.1,0,0,13:48:20
9.29,-8.39,101.3,941.1,-849.9,0,0,13:48:25
9.28,-8.39,101.2,939.1,-849.1,0,0,13:48:30
9.27,-8.38,101.3,939.1,-848.9,0,0,13:48:35
9.24,-8.33,101.3,936,-843.8,0,0,13:48:40
9.22,-8.31,101.3,934,-841.8,0,0,13:48:45
9.21,-8.31,101.3,933,-841.8,0,0,13:48:50
9.21,-8.31,101.3,933,-841.8,0,0,13:48:55
9.21,-8.31,101.3,933,-841.8,0,0,13:49:00
9.2,-8.29,101.3,932,-839.8,0,0,13:49:05
9.2,-8.29,101.2,931,-838.9,0,0,13:49:10
9.2,-8.29,101.3,932,-839.8,0,0,13:49:15
9.2,-8.29,101.3,932,-839.8,0,0,13:49:20
9.19,-8.29,101.3,930.9,-839.8,0,0,13:49:25
9.21,-8.3,101.3,933,-840.8,0,0,13:49:30
9.21,-8.3,101.3,933,-840.8,0,0,13:49:35
9.2,-8.3,101.3,932,-840.8,0,0,13:49:40
9.2,-8.29,101.3,932,-839.8,0,0,13:49:45
9.2,-8.29,101.3,932,-839.8,0,0,13:49:50
9.2,-8.3,101.3,932,-840.8,0,0,13:49:55
9.18,-8.28,101.3,929.9,-838.8,0,0,13:50:00
9.17,-8.27,101.3,928.9,-837.8,0,0,13:50:05
9.17,-8.28,101.3,928.9,-838.8,0,0,13:50:10
9.18,-8.29,101.3,929.9,-839.8,0,0,13:50:15
9.17,-8.28,101.3,928.9,-838.8,0,0,13:50:20
9.16,-8.26,101.3,927.9,-836.7,0,0,13:50:25
9.16,-8.26,101.4,928.8,-837.6,0,0,13:50:30
9.15,-8.26,101.4,927.8,-837.6,0,0,13:50:35
9.16,-8.27,101.3,927.9,-837.8,0,0,13:50:40
9.15,-8.26,101.4,927.8,-837.6,0,0,13:50:45
9.15,-8.26,101.4,927.8,-837.6,0,0,13:50:50
9.14,-8.25,101.4,926.8,-836.6,0,0,13:50:55
9.12,-8.24,101.5,925.7,-836.4,0,0,13:51:00
9.13,-8.25,101.5,926.7,-837.4,0,0,13:51:05
9.13,-8.25,101.4,925.8,-836.6,0,0,13:51:10
9.12,-8.24,101.5,925.7,-836.4,0,0,13:51:15
9.11,-8.22,101.5,924.7,-834.3,0,0,13:51:20
9.11,-8.23,101.5,924.7,-835.3,0,0,13:51:25
9.11,-8.22,101.5,924.7,-834.3,0,0,13:51:30
9.1,-8.2,101.5,923.7,-832.3,0,0,13:51:35
9.1,-8.21,101.5,923.7,-833.3,0,0,13:51:40
9.1,-8.2,101.5,923.7,-832.3,0,0,13:51:45
9.1,-8.21,101.5,923.7,-833.3,0,0,13:51:50
9.12,-8.23,101.5,925.7,-835.3,0,0,13:51:55
9.13,-8.24,101.5,926.7,-836.4,0,0,13:52:00
9.14,-8.24,101.5,927.7,-836.4,0,0,13:52:05
9.14,-8.25,101.5,927.7,-837.4,0,0,13:52:10
9.13,-8.23,101.5,926.7,-835.3,0,0,13:52:15
9.13,-8.25,101.5,926.7,-837.4,0,0,13:52:20
9.13,-8.25,101.5,926.7,-837.4,0,0,13:52:25
9.13,-8.25,101.5,926.7,-837.4,0,0,13:52:30
9.12,-8.24,101.5,925.7,-836.4,0,0,13:52:35
9.13,-8.24,101.5,926.7,-836.4,0,0,13:52:40
9.12,-8.23,101.5,925.7,-835.3,0,0,13:52:45
9.13,-8.24,101.5,926.7,-836.4,0,0,13:52:50
9.15,-8.26,101.5,928.7,-838.4,0,0,13:52:55
9.14,-8.26,101.5,927.7,-838.4,0,0,13:53:00
9.13,-8.24,101.5,926.7,-836.4,0,0,13:53:05
9.13,-8.24,101.5,926.7,-836.4,0,0,13:53:10
9.12,-8.24,101.6,926.6,-837.2,0,0,13:53:15
9.12,-8.22,101.5,925.7,-834.3,0,0,13:53:20
9.11,-8.21,101.5,924.7,-833.3,0,0,13:53:25
9.1,-8.2,101.6,924.6,-833.1,0,0,13:53:30
9.08,-8.19,101.6,922.5,-832.1,0,0,13:53:35
9.08,-8.19,101.5,921.6,-831.3,0,0,13:53:40
9.07,-8.18,101.6,921.5,-831.1,0,0,13:53:45
9.08,-8.19,101.6,922.5,-832.1,0,0,13:53:50
9.08,-8.19,101.6,922.5,-832.1,0,0,13:53:55
9.08,-8.19,101.5,921.6,-831.3,0,0,13:54:00
9.08,-8.19,101.5,921.6,-831.3,0,0,13:54:05
9.07,-8.18,101.6,921.5,-831.1,0,0,13:54:10
9.07,-8.18,101.6,921.5,-831.1,0,0,13:54:15
9.08,-8.19,101.6,922.5,-832.1,0,0,13:54:20
9.07,-8.18,101.6,921.5,-831.1,0,0,13:54:25
9.07,-8.19,101.6,921.5,-832.1,0,0,13:54:30
9.07,-8.18,101.6,921.5,-831.1,0,0,13:54:35
9.06,-8.18,101.6,920.5,-831.1,0,0,13:54:40
9.06,-8.18,101.6,920.5,-831.1,0,0,13:54:45
9.07,-8.18,101.6,921.5,-831.1,0,0,13:54:50
9.07,-8.18,101.6,921.5,-831.1,0,0,13:54:55
9.07,-8.18,101.6,921.5,-831.1,0,0,13:55:00
9.06,-8.17,101.6,920.5,-830.1,0,0,13:55:05
9.07,-8.19,101.6,921.5,-832.1,0,0,13:55:10
9.06,-8.18,101.6,920.5,-831.1,0,0,13:55:15
9.06,-8.16,101.6,920.5,-829.1,0,0,13:55:20
9.05,-8.16,101.6,919.5,-829.1,0,0,13:55:25
9.05,-8.17,101.6,919.5,-830.1,0,0,13:55:30
9.04,-8.16,101.7,919.4,-829.9,0,0,13:55:35
9.02,-8.14,101.7,917.3,-827.8,0,0,13:55:40
9.02,-8.13,101.7,917.3,-826.8,0,0,13:55:45
9.03,-8.15,101.7,918.4,-828.9,0,0,13:55:50
9.02,-8.14,101.7,917.3,-827.8,0,0,13:55:55
9.02,-8.13,101.7,917.3,-826.8,0,0,13:56:00
9.01,-8.13,101.8,917.2,-827.6,0,0,13:56:05
9,-8.12,101.7,915.3,-825.8,0,0,13:56:10
8.98,-8.11,101.7,913.3,-824.8,0,0,13:56:15
8.97,-8.1,101.7,912.2,-823.8,0,0,13:56:20
8.96,-8.08,101.7,911.2,-821.7,0,0,13:56:25
8.95,-8.08,101.7,910.2,-821.7,0,0,13:56:30
8.94,-8.06,101.7,909.2,-819.7,0,0,13:56:35
8.93,-8.05,101.8,909.1,-819.5,0,0,13:56:40
8.92,-8.05,101.8,908.1,-819.5,0,0,13:56:45
8.93,-8.05,101.8,909.1,-819.5,0,0,13:56:50
8.92,-8.05,101.8,908.1,-819.5,0,0,13:56:55
8.91,-8.03,101.8,907,-817.5,0,0,13:57:00
8.89,-8.02,101.8,905,-816.4,0,0,13:57:05
8.88,-8,101.7,903.1,-813.6,0,0,13:57:10
8.87,-8,101.8,903,-814.4,0,0,13:57:15
8.86,-7.99,101.8,901.9,-813.4,0,0,13:57:20
8.86,-7.98,101.8,901.9,-812.4,0,0,13:57:25
8.84,-7.97,101.8,899.9,-811.3,0,0,13:57:30
8.83,-7.96,101.8,898.9,-810.3,0,0,13:57:35
8.82,-7.95,101.8,897.9,-809.3,0,0,13:57:40
8.81,-7.94,101.8,896.9,-808.3,0,0,13:57:45
8.8,-7.94,101.8,895.8,-808.3,0,0,13:57:50
8.8,-7.93,101.8,895.8,-807.3,0,0,13:57:55
8.77,-7.9,101.8,892.8,-804.2,0,0,13:58:00
8.77,-7.9,101.7,891.9,-803.4,0,0,13:58:05
8.76,-7.89,101.8,891.8,-803.2,0,0,13:58:10
8.74,-7.88,101.8,889.7,-802.2,0,0,13:58:15
8.73,-7.87,101.8,888.7,-801.2,0,0,13:58:20
8.73,-7.86,101.8,888.7,-800.1,0,0,13:58:25
8.72,-7.86,101.8,887.7,-800.1,0,0,13:58:30
8.71,-7.84,101.8,886.7,-798.1,0,0,13:58:35
8.7,-7.84,101.8,885.7,-798.1,0,0,13:58:40
8.7,-7.84,101.8,885.7,-798.1,0,0,13:58:45
8.69,-7.83,101.8,884.6,-797.1,0,0,13:58:50
8.69,-7.83,101.8,884.6,-797.1,0,0,13:58:55
8.68,-7.83,101.8,883.6,-797.1,0,0,13:59:00
8.68,-7.81,101.8,883.6,-795.1,0,0,13:59:05
8.67,-7.8,101.8,882.6,-794,0,0,13:59:10
8.66,-7.8,101.8,881.6,-794,0,0,13:59:15
8.64,-7.8,101.8,879.6,-794,0,0,13:59:20
8.63,-7.77,101.8,878.5,-791,0,0,13:59:25
8.63,-7.77,101.8,878.5,-791,0,0,13:59:30
8.62,-7.76,101.8,877.5,-790,0,0,13:59:35
8.62,-7.75,101.8,877.5,-789,0,0,13:59:40
8.61,-7.75,101.8,876.5,-789,0,0,13:59:45
8.6,-7.74,101.8,875.5,-787.9,0,0,13:59:50
8.69,-7.83,101.8,884.6,-797.1,0,0,13:59:55
8.68,-7.82,101.8,883.6,-796.1,0,0,14:00:00
8.68,-7.82,101.8,883.6,-796.1,0,0,14:00:05
8.68,-7.81,101.8,883.6,-795.1,0,0,14:00:10
8.67,-7.81,101.8,882.6,-795.1,0,0,14:00:15
8.67,-7.79,101.8,882.6,-793,0,0,14:00:20
8.65,-7.79,101.8,880.6,-793,0,0,14:00:25
8.64,-7.78,101.8,879.6,-792,0,0,14:00:30
8.63,-7.77,101.8,878.5,-791,0,0,14:00:35
8.62,-7.76,101.8,877.5,-790,0,0,14:00:40
8.59,-7.73,101.8,874.5,-786.9,0,0,14:00:45
8.58,-7.73,101.8,873.4,-786.9,0,0,14:00:50
8.55,-7.7,101.8,870.4,-783.9,0,0,14:00:55
8.54,-7.69,101.8,869.4,-782.8,0,0,14:01:00
8.53,-7.67,101.8,868.4,-780.8,0,0,14:01:05
8.53,-7.67,101.8,868.4,-780.8,0,0,14:01:10
8.53,-7.67,101.8,868.4,-780.8,0,0,14:01:15
8.51,-7.67,101.8,866.3,-780.8,0,0,14:01:20
8.51,-7.67,101.8,866.3,-780.8,0,0,14:01:25
8.5,-7.66,101.8,865.3,-779.8,0,0,14:01:30
8.49,-7.66,101.8,864.3,-779.8,0,0,14:01:35
8.49,-7.65,101.8,864.3,-778.8,0,0,14:01:40
8.48,-7.63,101.8,863.3,-776.7,0,0,14:01:45
8.46,-7.61,101.9,862.1,-775.5,0,0,14:01:50
8.46,-7.62,101.8,861.2,-775.7,0,0,14:01:55
8.44,-7.6,101.8,859.2,-773.7,0,0,14:02:00
8.43,-7.59,101.8,858.2,-772.7,0,0,14:02:05
8.41,-7.57,101.9,857,-771.4,0,0,14:02:10
8.4,-7.56,101.8,855.1,-769.6,0,0,14:02:15
8.39,-7.54,101.8,854.1,-767.6,0,0,14:02:20
8.36,-7.53,101.8,851,-766.6,0,0,14:02:25
8.36,-7.52,101.8,851,-765.5,0,0,14:02:30
8.35,-7.51,101.9,850.9,-765.3,0,0,14:02:35
8.34,-7.5,101.9,849.8,-764.3,0,0,14:02:40
8.32,-7.49,101.9,847.8,-763.2,0,0,14:02:45
8.32,-7.49,101.9,847.8,-763.2,0,0,14:02:50
8.32,-7.49,101.9,847.8,-763.2,0,0,14:02:55
8.32,-7.49,101.9,847.8,-763.2,0,0,14:03:00
8.31,-7.49,101.9,846.8,-763.2,0,0,14:03:05
8.3,-7.47,101.9,845.8,-761.2,0,0,14:03:10
8.28,-7.45,101.9,843.7,-759.2,0,0,14:03:15
8.26,-7.43,101.9,841.7,-757.1,0,0,14:03:20
8.25,-7.42,101.9,840.7,-756.1,0,0,14:03:25
8.24,-7.41,101.9,839.7,-755.1,0,0,14:03:30
8.25,-7.42,101.9,840.7,-756.1,0,0,14:03:35
8.25,-7.42,101.9,840.7,-756.1,0,0,14:03:40
8.25,-7.42,101.9,840.7,-756.1,0,0,14:03:45
8.25,-7.41,101.9,840.7,-755.1,0,0,14:03:50
8.25,-7.41,101.9,840.7,-755.1,0,0,14:03:55
8.25,-7.42,101.9,840.7,-756.1,0,0,14:04:00
8.26,-7.43,101.9,841.7,-757.1,0,0,14:04:05
8.28,-7.44,101.9,843.7,-758.1,0,0,14:04:10
8.27,-7.43,101.9,842.7,-757.1,0,0,14:04:15
8.26,-7.43,101.9,841.7,-757.1,0,0,14:04:20
8.25,-7.42,101.9,840.7,-756.1,0,0,14:04:25
8.24,-7.4,101.9,839.7,-754.1,0,0,14:04:30
8.24,-7.41,101.9,839.7,-755.1,0,0,14:04:35
8.23,-7.41,101.9,838.6,-755.1,0,0,14:04:40
8.24,-7.4,101.9,839.7,-754.1,0,0,14:04:45
8.26,-7.42,101.9,841.7,-756.1,0,0,14:04:50
8.25,-7.42,101.9,840.7,-756.1,0,0,14:04:55
8.25,-7.42,101.9,840.7,-756.1,0,0,14:05:00
8.24,-7.41,101.9,839.7,-755.1,0,0,14:05:05
8.23,-7.41,101.9,838.6,-755.1,0,0,14:05:10
8.24,-7.41,101.9,839.7,-755.1,0,0,14:05:15
8.25,-7.42,101.9,840.7,-756.1,0,0,14:05:20
8.24,-7.41,101.9,839.7,-755.1,0,0,14:05:25
8.22,-7.4,101.9,837.6,-754.1,0,0,14:05:30
8.21,-7.39,101.9,836.6,-753,0,0,14:05:35
8.19,-7.36,101.9,834.6,-750,0,0,14:05:40
8.17,-7.35,101.9,832.5,-749,0,0,14:05:45
8.17,-7.35,101.9,832.5,-749,0,0,14:05:50
8.17,-7.35,101.9,832.5,-749,0,0,14:05:55
8.17,-7.35,101.9,832.5,-749,0,0,14:06:00
8.15,-7.34,101.9,830.5,-747.9,0,0,14:06:05
8.14,-7.31,101.9,829.5,-744.9,0,0,14:06:10
8.12,-7.31,102,828.2,-745.6,0,0,14:06:15
8.11,-7.28,101.9,826.4,-741.8,0,0,14:06:20
8.09,-7.26,101.9,824.4,-739.8,0,0,14:06:25
8.07,-7.26,101.9,822.3,-739.8,0,0,14:06:30
8.07,-7.25,101.9,822.3,-738.8,0,0,14:06:35
8.07,-7.25,101.9,822.3,-738.8,0,0,14:06:40
8.06,-7.24,101.9,821.3,-737.8,0,0,14:06:45
8.06,-7.24,101.9,821.3,-737.8,0,0,14:06:50
8.06,-7.24,102,822.1,-738.5,0,0,14:06:55
8.06,-7.24,102,822.1,-738.5,0,0,14:07:00
8.05,-7.23,101.9,820.3,-736.7,0,0,14:07:05
8.05,-7.23,102,821.1,-737.5,0,0,14:07:10
8.06,-7.24,102,822.1,-738.5,0,0,14:07:15
8.05,-7.24,102,821.1,-738.5,0,0,14:07:20
8.06,-7.23,102.1,822.9,-738.2,0,0,14:07:25
8.05,-7.24,102,821.1,-738.5,0,0,14:07:30
8.05,-7.23,102,821.1,-737.5,0,0,14:07:35
8.03,-7.22,102.1,819.9,-737.2,0,0,14:07:40
8.02,-7.21,102.1,818.8,-736.1,0,0,14:07:45
8,-7.2,102.1,816.8,-735.1,0,0,14:07:50
7.97,-7.17,102,812.9,-731.3,0,0,14:07:55
7.97,-7.17,102.1,813.7,-732.1,0,0,14:08:00
7.95,-7.15,102.1,811.7,-730,0,0,14:08:05
7.93,-7.13,102,808.9,-727.3,0,0,14:08:10
7.93,-7.12,102.1,809.7,-727,0,0,14:08:15
7.92,-7.11,102.1,808.6,-725.9,0,0,14:08:20
7.9,-7.09,102.1,806.6,-723.9,0,0,14:08:25
7.89,-7.09,102.1,805.6,-723.9,0,0,14:08:30
7.88,-7.08,102.1,804.5,-722.9,0,0,14:08:35
7.89,-7.09,102.1,805.6,-723.9,0,0,14:08:40
7.88,-7.09,102.1,804.5,-723.9,0,0,14:08:45
7.87,-7.07,102.1,803.5,-721.8,0,0,14:08:50
7.84,-7.06,102,799.7,-720.1,0,0,14:08:55
7.83,-7.04,102.1,799.4,-718.8,0,0,14:09:00
7.83,-7.02,102.1,799.4,-716.7,0,0,14:09:05
7.81,-7.02,102.1,797.4,-716.7,0,0,14:09:10
7.78,-6.98,102.1,794.3,-712.7,0,0,14:09:15
7.74,-6.96,102.1,790.3,-710.6,0,0,14:09:20
7.73,-6.94,102.1,789.2,-708.6,0,0,14:09:25
7.7,-6.91,102,785.4,-704.8,0,0,14:09:30
7.7,-6.91,102.1,786.2,-705.5,0,0,14:09:35
7.7,-6.91,102.1,786.2,-705.5,0,0,14:09:40
7.7,-6.91,102.1,786.2,-705.5,0,0,14:09:45
7.69,-6.91,102.1,785.1,-705.5,0,0,14:09:50
7.68,-6.9,102.1,784.1,-704.5,0,0,14:09:55
7.67,-6.89,102.1,783.1,-703.5,0,0,14:10:00
7.65,-6.87,102.1,781.1,-701.4,0,0,14:10:05
7.66,-6.87,102.1,782.1,-701.4,0,0,14:10:10
7.67,-6.87,102.1,783.1,-701.4,0,0,14:10:15
7.65,-6.87,102.1,781.1,-701.4,0,0,14:10:20
7.64,-6.85,102.1,780,-699.4,0,0,14:10:25
7.62,-6.83,102.1,778,-697.3,0,0,14:10:30
7.63,-6.84,102.1,779,-698.4,0,0,14:10:35
7.62,-6.83,102.1,778,-697.3,0,0,14:10:40
7.62,-6.83,102.1,778,-697.3,0,0,14:10:45
7.63,-6.84,102.1,779,-698.4,0,0,14:10:50
7.62,-6.83,102.1,778,-697.3,0,0,14:10:55
7.62,-6.83,102.1,778,-697.3,0,0,14:11:00
7.6,-6.82,102.1,776,-696.3,0,0,14:11:05
7.58,-6.8,102.1,773.9,-694.3,0,0,14:11:10
7.58,-6.8,102.1,773.9,-694.3,0,0,14:11:15
7.58,-6.8,102.1,773.9,-694.3,0,0,14:11:20
6.96,-6.22,102.1,710.6,-635.1,0,0,14:11:25
7.28,-6.52,102.1,743.3,-665.7,0,0,14:11:30
6.73,-6.02,102,686.5,-614,0,0,14:11:35
7.22,-6.47,102.1,737.2,-660.6,0,0,14:11:40
7.28,-6.51,102.1,743.3,-664.7,0,0,14:11:45
7.27,-6.51,102.1,742.3,-664.7,0,0,14:11:50
6.68,-5.97,102,681.4,-608.9,0,0,14:11:55
7.24,-6.48,102.1,739.2,-661.6,0,0,14:12:00
7.23,-6.48,102.1,738.2,-661.6,0,0,14:12:05
7.23,-6.47,102.1,738.2,-660.6,0,0,14:12:10
7.22,-6.47,102.1,737.2,-660.6,0,0,14:12:15
7.23,-6.48,102.1,738.2,-661.6,0,0,14:12:20
6.63,-5.92,102,676.3,-603.8,0,0,14:12:25
6.77,-6.05,102.1,691.2,-617.7,0,0,14:12:30
6.7,-5.99,102.1,684.1,-611.6,0,0,14:12:35
6.66,-5.95,102.1,680,-607.5,0,0,14:12:40
6.91,-6.18,102.1,705.5,-631,0,0,14:12:45
6.9,-6.17,102.1,704.5,-630,0,0,14:12:50
7.27,-6.52,102.1,742.3,-665.7,0,0,14:12:55
7.38,-6.61,102.1,753.5,-674.9,0,0,14:13:00
7.37,-6.62,102.1,752.5,-675.9,0,0,14:13:05
7.36,-6.6,102.2,752.2,-674.5,0,0,14:13:10
7.3,-6.54,102.2,746.1,-668.4,0,0,14:13:15
7.3,-6.53,102.2,746.1,-667.4,0,0,14:13:20
7.28,-6.51,102.1,743.3,-664.7,0,0,14:13:25
7.31,-6.54,102.2,747.1,-668.4,0,0,14:13:30
7.32,-6.56,102.2,748.1,-670.4,0,0,14:13:35
7.32,-6.52,102.2,748.1,-666.3,0,0,14:13:40
6.95,-6.2,102.1,709.6,-633,0,0,14:13:45
7.29,-6.52,102.2,745,-666.3,0,0,14:13:50
7.34,-6.58,102.2,750.1,-672.5,0,0,14:13:55
7.36,-6.59,102.2,752.2,-673.5,0,0,14:14:00
7.37,-6.62,102.2,753.2,-676.6,0,0,14:14:05
7.35,-6.59,102.2,751.2,-673.5,0,0,14:14:10
7.32,-6.56,102.2,748.1,-670.4,0,0,14:14:15
7.32,-6.55,102.2,748.1,-669.4,0,0,14:14:20
7.29,-6.52,102.2,745,-666.3,0,0,14:14:25
7.29,-6.5,102.1,744.3,-663.7,0,0,14:14:30
7.26,-6.5,102.2,742,-664.3,0,0,14:14:35
7.26,-6.5,102.2,742,-664.3,0,0,14:14:40
7.25,-6.48,102.2,741,-662.3,0,0,14:14:45
7.25,-6.48,102.2,741,-662.3,0,0,14:14:50
7.21,-6.46,102.2,736.9,-660.2,0,0,14:14:55
7.21,-6.4,102.1,736.1,-653.4,0,0,14:15:00
7.19,-6.41,102.2,734.8,-655.1,0,0,14:15:05
7.67,-5.19,102,782.3,-529.4,0,0,14:15:10
7.91,-2.56,101.7,804.4,-260.4,0,8,14:15:15
8.28,-1.65,101.5,840.4,-167.5,0,14,14:15:20
7.62,-5.72,102,777.2,-583.4,0,19,14:15:25
7.32,-6.53,102.2,748.1,-667.4,0,18,14:15:30
8.61,2.04,101,869.6,206,0,25,14:15:35
8.83,1.82,101,891.8,183.8,0,31,14:15:40
7.6,-6.81,102.2,776.7,-696,0,29,14:15:45
8.81,1.84,101,889.8,185.8,0,31,14:15:50
8.66,1.92,100.9,873.8,193.7,0,36,14:15:55
8.74,1.87,100.9,881.9,188.7,0,40,14:16:00
8.73,1.87,100.9,880.9,188.7,0,44,14:16:05
7.89,-7.07,102.1,805.6,-721.8,0,43,14:16:10
5.1,-18.1,103.8,529.4,-1878.8,0,36,14:16:15
8.54,-3.49,101.8,869.4,-355.3,0,27,14:16:20
8.64,2.94,100.8,870.9,296.4,0,33,14:16:25
8.82,2.75,100.8,889.1,277.2,0,38,14:16:30
8.71,2.84,100.7,877.1,286,0,43,14:16:35
8.87,2.69,100.7,893.2,270.9,0,46,14:16:40
8.88,2.68,100.7,894.2,269.9,0,49,14:16:45
8.96,2.62,100.7,902.3,263.8,0,52,14:16:50
8.91,2.69,100.7,897.2,270.9,0,53,14:16:55
8.9,2.7,100.7,896.2,271.9,0,54,14:17:00
8.9,2.83,100.6,895.3,284.7,0,56,14:17:05
8.89,3.7,100.5,893.4,371.9,0,58,14:17:10
8.84,3.72,100.5,888.4,373.9,0,60,14:17:15
8.75,3.84,100.4,878.5,385.5,0,62,14:17:20
8.63,3.92,100.4,866.5,393.6,0,64,14:17:25
8.58,3.93,100.4,861.4,394.6,0,66,14:17:30
8.29,-7.43,102.1,846.4,-758.6,0,57,14:17:35
8.11,-6.73,102,827.2,-686.5,0,45,14:17:40
8.2,5.25,100.3,822.5,526.6,0,49,14:17:45
8.1,5.29,100.3,812.4,530.6,0,54,14:17:50
7.89,5.49,100.1,789.8,549.5,0,58,14:17:55
7.8,5.56,100.1,780.8,556.6,0,61,14:18:00
7.79,5.58,100.1,779.8,558.6,0,63,14:18:05
7.7,5.65,100.1,770.8,565.6,0,65,14:18:10
7.82,5.53,100.1,782.8,553.6,0,67,14:18:15
7.78,5.58,100.1,778.8,558.6,0,69,14:18:20
8.07,5.33,100.1,807.8,533.5,0,70,14:18:25
8.08,4.06,100.3,810.4,407.2,0,71,14:18:30
7.99,-0.48,101,807,-48.5,0,70,14:18:35
7.88,-1.29,101.1,796.7,-130.4,0,68,14:18:40
8.04,2.44,100.6,808.8,245.5,0,68,14:18:45
7.85,4.56,100.3,787.4,457.4,0,68,14:18:50
7.64,4.74,100.1,764.8,474.5,0,69,14:18:55
7.78,5.61,100,778,561,0,69,14:19:00
7.86,5.56,100,786,556,0,70,14:19:05
7.89,5.52,100,789,552,0,70,14:19:10
7.91,5.48,100,791,548,0,70,14:19:15
7.88,5.52,100,788,552,0,71,14:19:20
8.04,5.4,100,804,540,0,71,14:19:25
8.11,5.33,100,811,533,0,71,14:19:30
8.25,5.25,100,825,525,0,70,14:19:35
8.33,5.14,100,833,514,0,70,14:19:40
8.4,5.09,100,840,509,0,70,14:19:45
8.44,5.03,100,844,503,0,70,14:19:50
8.55,4.96,100,855,496,0,70,14:19:55
8.07,5.37,99.9,806.2,536.5,0,71,14:20:00
8.21,5.26,100,821,526,0,71,14:20:05
8.6,4.85,100,860,485,0,72,14:20:10
8.9,4.6,100,890,460,0,74,14:20:15
7.74,5.52,99.9,773.2,551.4,0,75,14:20:20
8.19,5.11,99.9,818.2,510.5,0,76,14:20:25
8.86,4.11,100.1,886.9,411.4,0,76,14:20:30
8.87,4,100.1,887.9,400.4,0,77,14:20:35
8.8,3.47,100.2,881.8,347.7,0,77,14:20:40
8.78,3.83,100.2,879.8,383.8,0,77,14:20:45
8.23,3.66,100.1,823.8,366.4,0,77,14:20:50
8.87,3.62,100.2,888.8,362.7,0,76,14:20:55
8.84,3.73,100.2,885.8,373.7,0,76,14:21:00
8.99,3.54,100.2,900.8,354.7,0,75,14:21:05
8.95,3.6,100.2,896.8,360.7,0,74,14:21:10
8.96,3.6,100.2,897.8,360.7,0,75,14:21:15
8.85,3.64,100.2,886.8,364.7,0,75,14:21:20
8.86,3.66,100.2,887.8,366.7,0,75,14:21:25
8.88,3.66,100.1,888.9,366.4,0,75,14:21:30
8.76,3.78,100.1,876.9,378.4,0,75,14:21:35
8.66,3.93,100.1,866.9,393.4,0,76,14:21:40
8.75,3.55,100.2,876.8,355.7,0,76,14:21:45
8.74,3.41,100.2,875.7,341.7,0,77,14:21:50
8.71,2.44,100.4,874.5,245,0,77,14:21:55
8.63,2.79,100.3,865.6,279.8,0,77,14:22:00
8.66,2.88,100.3,868.6,288.9,0,77,14:22:05
8.78,2.76,100.3,880.6,276.8,0,76,14:22:10
8.86,2.78,100.3,888.7,278.8,0,76,14:22:15
8.89,2.62,100.3,891.7,262.8,0,75,14:22:20
8.81,2.71,100.3,883.6,271.8,0,75,14:22:25
8.77,2.76,100.3,879.6,276.8,0,75,14:22:30
8.77,2.77,100.3,879.6,277.8,0,75,14:22:35
8.77,2.74,100.3,879.6,274.8,0,75,14:22:40
8.84,2.7,100.3,886.7,270.8,0,74,14:22:45
8.76,2.74,100.3,878.6,274.8,0,74,14:22:50
8.97,2.59,100.3,899.7,259.8,0,73,14:22:55
9.02,2.59,100.3,904.7,259.8,0,73,14:23:00
9.03,2.49,100.3,905.7,249.7,0,73,14:23:05
9.05,2.48,100.3,907.7,248.7,0,73,14:23:10
9.02,2.54,100.3,904.7,254.8,0,73,14:23:15
9.07,2.5,100.3,909.7,250.8,0,73,14:23:20
9.04,2.54,100.3,906.7,254.8,0,73,14:23:25
9.22,2.34,100.3,924.8,234.7,0,73,14:23:30
9.21,2.35,100.3,923.8,235.7,0,73,14:23:35
9.24,2.33,100.4,927.7,233.9,0,73,14:23:40
9.29,2.28,100.3,931.8,228.7,0,73,14:23:45
9.31,2.29,100.3,933.8,229.7,0,73,14:23:50
9.29,2.28,100.4,932.7,228.9,0,73,14:23:55
9.36,2.24,100.4,939.7,224.9,0,72,14:24:00
9.38,2.22,100.3,940.8,222.7,0,72,14:24:05
9.45,4.24,100,945,424,0,73,14:24:10
9.51,4.2,100,951,420,0,74,14:24:15
9.5,4.12,100,950,412,0,75,14:24:20
9.53,4.07,100,953,407,0,75,14:24:25
9.5,3.94,100,950,394,0,76,14:24:30
9.5,3.66,100.1,951,366.4,0,76,14:24:35
9.53,4.62,99.9,952,461.5,0,76,14:24:40
9.58,5.11,99.8,956.1,510,0,76,14:24:45
9.56,5.47,99.8,954.1,545.9,0,75,14:24:50
9.56,5.67,99.7,953.1,565.3,0,75,14:24:55
9.57,6.1,99.7,954.1,608.2,0,74,14:25:00
9.54,6.13,99.6,950.2,610.5,0,73,14:25:05
9.54,6.02,99.6,950.2,599.6,0,73,14:25:10
9.5,5.89,99.6,946.2,586.6,0,73,14:25:15
9.52,6.01,99.6,948.2,598.6,0,72,14:25:20
9.51,6.04,99.6,947.2,601.6,0,72,14:25:25
9.52,6.03,99.6,948.2,600.6,0,72,14:25:30
9.46,6,99.6,942.2,597.6,0,73,14:25:35
9.45,5.44,99.7,942.2,542.4,0,75,14:25:40
9.41,4.71,99.8,939.1,470.1,0,77,14:25:45
9.36,3.33,100,936,333,0,77,14:25:50
9.31,2.79,100.1,931.9,279.3,0,78,14:25:55
9.32,2.84,100.1,932.9,284.3,0,78,14:26:00
9.33,2.34,100.2,934.9,234.5,0,78,14:26:05
9.29,2.59,100.2,930.9,259.5,0,78,14:26:10
9.28,2.08,100.2,929.9,208.4,0,78,14:26:15
9.39,3.39,100.1,939.9,339.3,0,78,14:26:20
9.45,4.86,99.7,942.2,484.5,0,76,14:26:25
9.45,5.39,99.7,942.2,537.4,0,75,14:26:30
9.39,5.99,99.6,935.2,596.6,0,74,14:26:35
9.42,6.15,99.6,938.2,612.5,0,73,14:26:40
9.45,6.02,99.6,941.2,599.6,0,73,14:26:45
9.49,6.05,99.5,944.3,602,0,72,14:26:50
9.53,6.01,99.5,948.2,598,0,72,14:26:55
9.54,6,99.6,950.2,597.6,0,72,14:27:00
9.53,5.98,99.5,948.2,595,0,72,14:27:05
9.49,6.12,99.5,944.3,608.9,0,73,14:27:10
9.49,6.06,99.5,944.3,603,0,72,14:27:15
9.43,6.12,99.5,938.3,608.9,0,72,14:27:20
9.28,6.19,99.5,923.4,615.9,0,72,14:27:25
9.32,6.2,99.5,927.3,616.9,0,72,14:27:30
9.12,6.22,99.4,906.5,618.3,0,73,14:27:35
9.18,6.25,99.5,913.4,621.9,0,74,14:27:40
9.12,5.78,99.5,907.4,575.1,0,75,14:27:45
9.04,4.98,99.7,901.3,496.5,0,77,14:27:50
8.93,2.9,100,893,290,0,78,14:27:55
8.87,2.18,100.1,887.9,218.2,0,79,14:28:00
8.82,0.99,100.3,884.6,99.3,0,79,14:28:05
8.7,0.32,100.4,873.5,32.1,0,80,14:28:10
8.66,-0.58,100.6,871.2,-58.3,0,80,14:28:15
8.56,-1.54,100.7,862,-155.1,0,81,14:28:20
8.55,-2.65,100.9,862.7,-267.4,0,82,14:28:25
8.52,-2.62,100.9,859.7,-264.4,0,82,14:28:30
8.57,-1.8,100.8,863.9,-181.4,0,81,14:28:35
8.58,-0.95,100.7,864,-95.7,0,81,14:28:40
8.6,-0.58,100.7,866,-58.4,0,80,14:28:45
8.55,-1.15,100.7,861,-115.8,0,81,14:28:50
8.48,-2.21,100.9,855.6,-223,0,82,14:28:55
8.45,-2.99,101,853.5,-302,0,82,14:29:00
8.56,-3.12,101,864.6,-315.1,0,82,14:29:05
8.49,-0.86,100.7,854.9,-86.6,0,81,14:29:10
8.48,-0.2,100.6,853.1,-20.1,0,80,14:29:15
8.47,0.03,100.6,852.1,3,0,80,14:29:20
8.35,0.39,100.5,839.2,39.2,0,80,14:29:25
8.31,0.89,100.5,835.2,89.4,0,80,14:29:30
8.17,0.71,100.5,821.1,71.4,0,80,14:29:35
7.9,0.05,100.5,794,5,0,80,14:29:40
7.57,-0.54,100.7,762.3,-54.4,0,81,14:29:45
7.08,-0.58,100.7,713,-58.4,0,81,14:29:50
6.45,0.37,100.5,648.2,37.2,0,81,14:29:55
6.15,1.97,100.3,616.8,197.6,0,80,14:30:00
6.03,3.42,100.1,603.6,342.3,0,79,14:30:05
5.58,4.54,99.9,557.4,453.5,0,78,14:30:10
5.31,5.27,99.7,529.4,525.4,0,78,14:30:15
5.5,4.94,99.8,548.9,493,0,78,14:30:20
5.61,5.07,99.7,559.3,505.5,0,78,14:30:25
5.62,5.48,99.7,560.3,546.4,0,78,14:30:30
5.9,4.94,99.7,588.2,492.5,0,78,14:30:35
6.12,5.58,99.7,610.2,556.3,0,77,14:30:40
6.53,7.06,99.4,649.1,701.8,0,76,14:30:45
6.69,7.28,99.3,664.3,722.9,0,75,14:30:50
6.73,6.99,99.3,668.3,694.1,0,76,14:30:55
6.86,5.45,99.6,683.3,542.8,0,77,14:31:00
7.06,5.29,99.6,703.2,526.9,0,77,14:31:05
7.26,6.05,99.5,722.4,602,0,76,14:31:10
7.49,6.46,99.4,744.5,642.1,0,76,14:31:15
7.63,6.99,99.3,757.7,694.1,0,75,14:31:20
7.83,7.48,99.2,776.7,742,0,74,14:31:25
8.06,7.27,99.2,799.6,721.2,0,73,14:31:30
8.14,7.12,99.3,808.3,707,0,74,14:31:35
8.19,6.51,99.3,813.3,646.4,0,75,14:31:40
8.15,6.23,99.4,810.1,619.3,0,75,14:31:45
8.25,5.88,99.4,820.1,584.5,0,76,14:31:50
8.07,4.54,99.7,804.6,452.6,0,77,14:31:55
7.95,2,100.1,795.8,200.2,0,79,14:32:00
7.94,0.47,100.3,796.4,47.1,0,80,14:32:05
7.92,0.24,100.4,795.2,24.1,0,80,14:32:10
7.97,-0.31,100.4,800.2,-31.1,0,80,14:32:15
8.06,0.72,100.4,809.2,72.3,0,80,14:32:20
7.95,1.85,100.2,796.6,185.4,0,79,14:32:25
7.89,2.55,100,789,255,0,79,14:32:30
7.99,3.7,99.9,798.2,369.6,0,78,14:32:35
8.11,5.67,99.5,806.9,564.2,0,77,14:32:40
8.1,6.66,99.4,805.1,662,0,75,14:32:45
8.17,7.9,99.2,810.5,783.7,0,74,14:32:50
8.23,8.11,99.1,815.6,803.7,0,73,14:32:55
8.2,8.11,99.1,812.6,803.7,0,71,14:33:00
8.16,8.14,99.1,808.7,806.7,0,70,14:33:05
8.12,8.16,99.1,804.7,808.7,0,69,14:33:10
7.98,8.29,99.1,790.8,821.5,0,68,14:33:15
7.86,8.37,99,778.1,828.6,0,69,14:33:20
7.84,8.4,99,776.2,831.6,0,71,14:33:25
7.72,8.46,99,764.3,837.5,0,73,14:33:30
7.58,5.63,99.4,753.5,559.6,0,77,14:33:35
7.41,2,100,741,200,0,79,14:33:40
7.23,-0.28,100.4,725.9,-28.1,0,81,14:33:45
7.11,-1.87,100.6,715.3,-188.1,0,82,14:33:50
6.98,-2.65,100.8,703.6,-267.1,0,82,14:33:55
7.03,-2.15,100.7,707.9,-216.5,0,82,14:34:00
7.19,0.2,100.4,721.9,20.1,0,80,14:34:05
7.23,2.09,100.1,723.7,209.2,0,79,14:34:10
7.23,2.94,100,723,294,0,79,14:34:15
7.2,4.07,99.8,718.6,406.2,0,78,14:34:20
7.41,4.24,99.8,739.5,423.2,0,78,14:34:25
7.48,6.65,99.4,743.5,661,0,76,14:34:30
7.53,7.24,99.2,747,718.2,0,75,14:34:35
7.42,5.89,99.5,738.3,586.1,0,74,14:34:40
7.33,0.84,100.2,734.5,84.2,0,73,14:34:45
7.3,2.29,100,730,229,0,73,14:34:50
7.29,1.96,100.1,729.7,196.2,0,72,14:34:55
7.48,2.8,100,748,280,0,71,14:35:00
7.71,3.28,99.8,769.5,327.3,0,70,14:35:05
7.85,4.47,99.7,782.6,445.7,0,70,14:35:10
7.98,5.34,99.5,794,531.3,0,70,14:35:15
7.99,6.26,99.4,794.2,622.2,0,70,14:35:20
7.95,6.82,99.2,788.6,676.5,0,70,14:35:25
7.82,6.44,99.3,776.5,639.5,0,71,14:35:30
7.62,6.62,99.3,756.7,657.4,0,72,14:35:35
7.5,6.72,99.3,744.8,667.3,0,72,14:35:40
7.34,6.98,99.2,728.1,692.4,0,74,14:35:45
7.64,6.17,99.3,758.7,612.7,0,75,14:35:50
7.77,5.48,99.4,772.3,544.7,0,76,14:35:55
7.71,4.45,99.5,767.1,442.8,0,77,14:36:00
7.6,3.28,99.7,757.7,327,0,78,14:36:05
7.62,2.36,99.9,761.2,235.8,0,79,14:36:10
7.65,1.83,100,765,183,0,79,14:36:15
7.83,1.63,100.1,783.8,163.2,0,79,14:36:20
7.95,1.61,100.1,795.8,161.2,0,79,14:36:25
7.97,1.34,100.1,797.8,134.1,0,79,14:36:30
6.92,1.1,100.2,693.4,110.2,0,80,14:36:35
8.05,1.08,100.2,806.6,108.2,0,80,14:36:40
8.02,1.62,100.1,802.8,162.2,0,79,14:36:45
8,3.28,99.8,798.4,327.3,0,78,14:36:50
8.03,3.8,99.8,801.4,379.2,0,78,14:36:55
7.98,5.13,99.6,794.8,510.9,0,76,14:37:00
7.93,5.62,99.4,788.2,558.6,0,76,14:37:05
7.86,5.68,99.4,781.3,564.6,0,75,14:37:10
7.96,5.64,99.4,791.2,560.6,0,76,14:37:15
7.85,5.18,99.5,781.1,515.4,0,77,14:37:20
7.92,4.95,99.5,788,492.5,0,77,14:37:25
7.8,5.26,99.5,776.1,523.4,0,76,14:37:30
7.8,6.1,99.3,774.5,605.7,0,75,14:37:35
7.78,6.52,99.2,771.8,646.8,0,74,14:37:40
7.61,6.69,99.2,754.9,663.6,0,74,14:37:45
6.89,7.31,99.1,682.8,724.4,0,73,14:37:50
7.5,6.77,99.2,744,671.6,0,73,14:37:55
7.22,6.97,99.2,716.2,691.4,0,72,14:38:00
6.8,7.3,99.1,673.9,723.4,0,72,14:38:05
8.36,5.97,99.3,830.1,592.8,0,73,14:38:10
8.25,6,99.3,819.2,595.8,0,73,14:38:15
8.55,6.34,99.2,848.2,628.9,0,75,14:38:20
8.51,6.13,99.2,844.2,608.1,0,75,14:38:25
8.68,5.81,99.3,861.9,576.9,0,75,14:38:30
8.62,5.71,99.3,856,567,0,75,14:38:35
8.61,5.72,99.3,855,568,0,76,14:38:40
8.57,5.29,99.4,851.9,525.8,0,76,14:38:45
8.69,4.56,99.5,864.7,453.7,0,77,14:38:50
8.61,3.82,99.6,857.6,380.5,0,78,14:38:55
8.62,3.44,99.6,858.6,342.6,0,78,14:39:00
8.6,4.76,99.4,854.8,473.1,0,77,14:39:05
8.24,6,99.3,818.2,595.8,0,75,14:39:10
8.3,6.12,99.2,823.4,607.1,0,75,14:39:15
8.25,5.81,99.3,819.2,576.9,0,76,14:39:20
8.32,4.22,99.5,827.8,419.9,0,77,14:39:25
8.44,3.93,99.5,839.8,391,0,77,14:39:30
8.55,3.47,99.7,852.4,346,0,78,14:39:35
8.56,3.57,99.6,852.6,355.6,0,78,14:39:40
8.42,3.42,99.7,839.5,341,0,78,14:39:45
8.41,4.3,99.5,836.8,427.9,0,77,14:39:50
8.5,4.76,99.5,845.8,473.6,0,77,14:39:55
8.53,4.89,99.4,847.9,486.1,0,77,14:40:00
8.57,4.86,99.4,851.9,483.1,0,77,14:40:05
8.49,4.49,99.5,844.8,446.8,0,77,14:40:10
8.35,4.83,99.4,830,480.1,0,77,14:40:15
8.35,4.03,99.6,831.7,401.4,0,77,14:40:20
8.23,2.89,99.8,821.4,288.4,0,78,14:40:25
8.13,1.82,99.9,812.2,181.8,0,79,14:40:30
8.04,1.95,99.9,803.2,194.8,0,79,14:40:35
7.99,1.39,100,799,139,0,79,14:40:40
7.88,0.62,100.1,788.8,62.1,0,80,14:40:45
7.89,0.53,100.1,789.8,53.1,0,80,14:40:50
8.01,0.72,100.1,801.8,72.1,0,80,14:40:55
7.96,0.88,100.1,796.8,88.1,0,79,14:41:00
7.96,0.81,100.1,796.8,81.1,0,80,14:41:05
7.98,0.37,100.2,799.6,37.1,0,80,14:41:10
7.89,0.31,100.2,790.6,31.1,0,80,14:41:15
7.71,-0.81,100.3,773.3,-81.2,0,81,14:41:20
7.72,-1.08,100.4,775.1,-108.4,0,81,14:41:25
7.64,-0.2,100.3,766.3,-20.1,0,80,14:41:30
7.4,0.48,100.2,741.5,48.1,0,80,14:41:35
7.22,0.54,100.2,723.4,54.1,0,80,14:41:40
7.06,0.83,100.2,707.4,83.2,0,80,14:41:45
6.84,0.82,100.2,685.4,82.2,0,80,14:41:50
6.69,1.15,100.1,669.7,115.1,0,80,14:41:55
6.59,2.24,99.9,658.3,223.8,0,79,14:42:00
6.44,2.69,99.8,642.7,268.5,0,79,14:42:05
6.4,2.03,100,640,203,0,79,14:42:10
6.32,1.68,100,632,168,0,80,14:42:15
6.31,0.85,100.1,631.6,85.1,0,80,14:42:20
6.44,1.39,100,644,139,0,80,14:42:25
6.63,2.22,99.9,662.3,221.8,0,79,14:42:30
6.82,2.75,99.9,681.3,274.7,0,79,14:42:35
7.02,2.79,99.8,700.6,278.4,0,79,14:42:40
7.25,3.21,99.7,722.8,320,0,78,14:42:45
7.37,2.67,99.8,735.5,266.5,0,78,14:42:50
7.44,3.22,99.7,741.8,321,0,78,14:42:55
7.51,2.67,99.8,749.5,266.5,0,78,14:43:00
7.62,3.08,99.8,760.5,307.4,0,78,14:43:05
7.68,2.46,99.8,766.5,245.5,0,79,14:43:10
7.76,1.78,99.9,775.2,177.8,0,79,14:43:15
7.86,3.08,99.8,784.4,307.4,0,78,14:43:20
7.9,4.15,99.5,786.1,412.9,0,77,14:43:25
7.94,4.46,99.6,790.8,444.2,0,77,14:43:30
7.98,5.03,99.4,793.2,500,0,77,14:43:35
8.03,4.57,99.5,799,454.7,0,77,14:43:40
8.12,4.68,99.4,807.1,465.2,0,77,14:43:45
8.16,4.27,99.5,811.9,424.9,0,77,14:43:50
8.13,3.95,99.6,809.7,393.4,0,77,14:43:55
8.14,3.95,99.6,810.7,393.4,0,77,14:44:00
8.17,3.13,99.7,814.5,312.1,0,78,14:44:05
8.2,2.87,99.7,817.5,286.1,0,78,14:44:10
8.27,3.77,99.5,822.9,375.1,0,77,14:44:15
8.27,4.8,99.4,822,477.1,0,77,14:44:20
8.29,4.49,99.5,824.9,446.8,0,77,14:44:25
8.17,3.9,99.5,812.9,388.1,0,77,14:44:30
8.15,2.02,99.8,813.4,201.6,0,79,14:44:35
8.17,1.73,99.9,816.2,172.8,0,79,14:44:40
8.23,2.26,99.8,821.4,225.5,0,78,14:44:45
8.23,2.17,99.8,821.4,216.6,0,79,14:44:50
8.27,2.36,99.8,825.3,235.5,0,78,14:44:55
8.25,3.41,99.6,821.7,339.6,0,77,14:45:00
8.36,4.53,99.5,831.8,450.7,0,77,14:45:05
8.35,5.35,99.3,829.2,531.3,0,76,14:45:10
8.32,4.84,99.4,827,481.1,0,77,14:45:15
8.34,4.57,99.4,829,454.3,0,77,14:45:20
8.36,4.41,99.5,831.8,438.8,0,77,14:45:25
8.31,4.93,99.4,826,490,0,77,14:45:30
8.28,5.53,99.3,822.2,549.1,0,76,14:45:35
8.32,5.77,99.2,825.3,572.4,0,75,14:45:40
8.28,6.56,99.1,820.5,650.1,0,74,14:45:45
8.26,6.66,99,817.7,659.3,0,74,14:45:50
8.22,6.92,99,813.8,685.1,0,73,14:45:55
8.29,6.91,99,820.7,684.1,0,73,14:46:00
8.22,7.26,98.9,813,718,0,73,14:46:05
7.99,7.06,98.9,790.2,698.2,0,74,14:46:10
7.96,6.97,98.9,787.2,689.3,0,74,14:46:15
8,7.19,98.9,791.2,711.1,0,74,14:46:20
7.95,7.18,98.9,786.3,710.1,0,73,14:46:25
8.03,7.12,98.9,794.2,704.2,0,74,14:46:30
8.23,6.7,99,814.8,663.3,0,74,14:46:35
8.15,5.91,99.1,807.7,585.7,0,76,14:46:40
8.26,4.7,99.2,819.4,466.2,0,77,14:46:45
8.31,3.67,99.5,826.8,365.2,0,77,14:46:50
8.25,1.46,99.8,823.4,145.7,0,79,14:46:55
8.21,-0.77,100.1,821.8,-77.1,0,80,14:47:00
8.29,-1.01,100.2,830.7,-101.2,0,80,14:47:05
8.43,1.46,99.9,842.2,145.9,0,79,14:47:10
8.48,2.42,99.7,845.5,241.3,0,78,14:47:15
8.52,3.52,99.5,847.7,350.2,0,77,14:47:20
8.54,3.86,99.4,848.9,383.7,0,77,14:47:25
8.72,5.97,99.2,865,592.2,0,76,14:47:30
8.62,6.37,99.1,854.2,631.3,0,75,14:47:35
8.54,5.46,99.2,847.2,541.6,0,76,14:47:40
8.47,4.65,99.3,841.1,461.7,0,77,14:47:45
8.53,4.09,99.4,847.9,406.5,0,77,14:47:50
8.48,4.18,99.4,842.9,415.5,0,77,14:47:55
8.41,3.48,99.4,836,345.9,0,78,14:48:00
8.41,1.89,99.7,838.5,188.4,0,78,14:48:05
8.39,2.3,99.7,836.5,229.3,0,78,14:48:10
8.1,-7.25,101.2,819.7,-733.7,0,71,14:48:15
8.32,-0.56,100.3,834.5,-56.2,0,69,14:48:20
8.49,3.14,99.7,846.5,313.1,0,69,14:48:25
8.62,3.94,99.5,857.7,392,0,68,14:48:30
8.61,3.92,99.5,856.7,390,0,66,14:48:35
8.48,4.04,99.5,843.8,402,0,65,14:48:40
8.4,3.14,99.6,836.6,312.7,0,66,14:48:45
8.34,2.07,99.8,832.3,206.6,0,67,14:48:50
8.24,-0.81,100.3,826.5,-81.2,0,67,14:48:55
8.14,-4.54,100.8,820.5,-457.6,0,67,14:49:00
8.16,-1.73,100.4,819.3,-173.7,0,66,14:49:05
8.06,-4.5,100.8,812.4,-453.6,0,66,14:49:10
8.02,-4.47,100.8,808.4,-450.6,0,66,14:49:15
7.97,-4.71,100.9,804.2,-475.2,0,66,14:49:20
7.96,-5.04,100.9,803.2,-508.5,0,67,14:49:25
7.92,-7.1,101.2,801.5,-718.5,0,66,14:49:30
7.95,-7.06,101.2,804.5,-714.5,0,64,14:49:35
7.99,-7.15,101.2,808.6,-723.6,0,60,14:49:40
8.01,-7.18,101.3,811.4,-727.3,0,56,14:49:45
8.18,1.33,100.1,818.8,133.1,0,56,14:49:50
8.16,1.4,100.1,816.8,140.1,0,56,14:49:55
8.27,3.3,99.7,824.5,329,0,57,14:50:00
8.25,3.24,99.8,823.4,323.4,0,58,14:50:05
8.34,5.12,99.4,829,508.9,0,58,14:50:10
8.37,5.07,99.4,832,504,0,58,14:50:15
8.32,5.12,99.3,826.2,508.4,0,58,14:50:20
8.26,5.17,99.3,820.2,513.4,0,59,14:50:25
8.21,5.2,99.3,815.3,516.4,0,61,14:50:30
8.22,5.17,99.3,816.2,513.4,0,64,14:50:35
8.27,6.14,99.1,819.6,608.5,0,67,14:50:40
8.28,6.12,99.2,821.4,607.1,0,69,14:50:45
8.27,6.11,99.2,820.4,606.1,0,71,14:50:50
8.33,6.85,99,824.7,678.2,0,73,14:50:55
8.29,6.61,99,820.7,654.4,0,74,14:51:00
8.27,5.67,99.1,819.6,561.9,0,76,14:51:05
8.25,4.43,99.3,819.2,439.9,0,77,14:51:10
8.2,3.43,99.5,815.9,341.3,0,78,14:51:15
8.09,2.72,99.6,805.8,270.9,0,78,14:51:20
8.22,3.15,99.5,817.9,313.4,0,78,14:51:25
7.93,4.14,99.4,788.2,411.5,0,77,14:51:30
7.8,4.74,99.3,774.5,470.7,0,77,14:51:35
7.57,4.98,99.2,750.9,494,0,77,14:51:40
7.76,5.36,99.2,769.8,531.7,0,77,14:51:45
7.78,5.31,99.2,771.8,526.8,0,77,14:51:50
7.63,5.18,99.2,756.9,513.9,0,77,14:51:55
7.96,4.56,99.2,789.6,452.4,0,77,14:52:00
8.01,4.13,99.3,795.4,410.1,0,77,14:52:05
8.03,4.6,99.3,797.4,456.8,0,77,14:52:10
8.06,4.04,99.3,800.4,401.2,0,77,14:52:15
8.12,3.22,99.5,807.9,320.4,0,78,14:52:20
8.16,2.07,99.7,813.6,206.4,0,78,14:52:25
8.24,0.93,99.8,822.4,92.8,0,79,14:52:30
8.32,0.98,99.9,831.2,97.9,0,79,14:52:35
8.3,0.97,99.9,829.2,96.9,0,79,14:52:40
7.87,1.71,99.8,785.4,170.7,0,79,14:52:45
7.97,1.43,99.8,795.4,142.7,0,79,14:52:50
8.31,1.24,99.9,830.2,123.9,0,79,14:52:55
8.38,0.59,100,838,59,0,79,14:53:00
7.89,0.83,99.9,788.2,82.9,0,79,14:53:05
7.31,1.77,99.8,729.5,176.6,0,79,14:53:10
7.15,2.69,99.6,712.1,267.9,0,79,14:53:15
7.7,2.24,99.7,767.7,223.3,0,79,14:53:20
7.81,1.77,99.7,778.7,176.5,0,79,14:53:25
7.9,1.58,99.8,788.4,157.7,0,79,14:53:30
7.87,2,99.7,784.6,199.4,0,79,14:53:35
7.91,2.03,99.7,788.6,202.4,0,79,14:53:40
8.09,1.93,99.7,806.6,192.4,0,78,14:53:45
8.16,2.61,99.6,812.7,260,0,78,14:53:50
8.29,2.18,99.7,826.5,217.3,0,78,14:53:55
8.4,2.51,99.6,836.6,250,0,78,14:54:00
8.46,1.93,99.7,843.5,192.4,0,78,14:54:05
8.48,2.56,99.6,844.6,255,0,78,14:54:10
8.52,2.67,99.6,848.6,265.9,0,78,14:54:15
8.45,2.87,99.6,841.6,285.9,0,78,14:54:20
8.54,3.44,99.5,849.7,342.3,0,77,14:54:25
8.42,2.35,99.6,838.6,234.1,0,78,14:54:30
8.23,-1.4,100.2,824.6,-140.3,0,79,14:54:35
6.57,-14.76,102.1,670.8,-1507,0,72,14:54:40
8.11,-7.26,101.2,820.7,-734.7,0,70,14:54:45
8.14,-7.3,101.2,823.8,-738.8,0,68,14:54:50
8.41,0.4,100.1,841.8,40,0,67,14:54:55
8.48,3.13,99.7,845.5,312.1,0,68,14:55:00
8.48,4.12,99.5,843.8,409.9,0,69,14:55:05
8.44,5.06,99.3,838.1,502.5,0,71,14:55:10
8.44,5.03,99.3,838.1,499.5,0,73,14:55:15
8.38,5.25,99.3,832.1,521.3,0,74,14:55:20
8.4,4.93,99.2,833.3,489.1,0,75,14:55:25
8.42,4.64,99.3,836.1,460.8,0,75,14:55:30
8.42,4.47,99.3,836.1,443.9,0,76,14:55:35
8.33,3.87,99.4,828,384.7,0,77,14:55:40
8.4,3.86,99.4,835,383.7,0,77,14:55:45
8.4,3.91,99.4,835,388.7,0,77,14:55:50
8.44,4.15,99.3,838.1,412.1,0,76,14:55:55
8.39,4.26,99.3,833.1,423,0,76,14:56:00
8.35,4.38,99.3,829.2,434.9,0,76,14:56:05
5.06,-26.6,103.7,524.7,-2758.4,0,71,14:56:10
8.03,-7.19,101,811,-726.2,0,66,14:56:15
8.12,-2.45,100.5,816.1,-246.2,0,64,14:56:20
8.14,0.6,100,814,60,0,64,14:56:25
8.3,2.26,99.8,828.3,225.5,0,65,14:56:30
8.41,4.1,99.5,836.8,408,0,66,14:56:35
8.5,4.06,99.5,845.8,404,0,66,14:56:40
8.51,4,99.5,846.7,398,0,66,14:56:45
8.44,4.07,99.5,839.8,405,0,66,14:56:50
8.45,4.09,99.4,839.9,406.5,0,67,14:56:55
8.43,4.1,99.3,837.1,407.1,0,68,14:57:00
8.47,5.03,99.2,840.2,499,0,69,14:57:05
8.49,5.01,99.2,842.2,497,0,70,14:57:10
8.55,5.03,99.2,848.2,499,0,70,14:57:15
8.53,4.91,99.2,846.2,487.1,0,70,14:57:20
8.55,5.97,99,846.5,591,0,70,14:57:25
8.54,5.91,99,845.5,585.1,0,71,14:57:30
8.44,5.98,99,835.6,592,0,71,14:57:35
8.43,6.07,98.9,833.7,600.3,0,72,14:57:40
8.35,6.22,99,826.7,615.8,0,73,14:57:45
8.39,5.44,99.1,831.4,539.1,0,75,14:57:50
8.33,4.12,99.3,827.2,409.1,0,77,14:57:55
8.34,3.58,99.3,828.2,355.5,0,77,14:58:00
8.24,2.65,99.5,819.9,263.7,0,78,14:58:05
8.14,1.14,99.7,811.6,113.7,0,79,14:58:10
8.1,-0.59,100,810,-59,0,80,14:58:15
8.06,-1.34,100.1,806.8,-134.1,0,81,14:58:20
8.12,-0.63,100,812,-63,0,80,14:58:25
8.22,0.63,99.9,821.2,62.9,0,79,14:58:30
8.33,2.36,99.6,829.7,235.1,0,78,14:58:35
8.46,4.67,99.2,839.2,463.3,0,77,14:58:40
8.51,5.86,99.1,843.3,580.7,0,76,14:58:45
8.5,6.16,99,841.5,609.8,0,75,14:58:50
8.44,5.96,99,835.6,590,0,76,14:58:55
8.41,4.74,99.1,833.4,469.7,0,77,14:59:00
8.29,2.88,99.4,824,286.3,0,78,14:59:05
8.23,1.62,99.7,820.5,161.5,0,79,14:59:10
8.14,0.65,99.8,812.4,64.9,0,79,14:59:15
8.06,-0.19,99.9,805.2,-19,0,80,14:59:20
7.96,-1.47,100.2,797.6,-147.3,0,81,14:59:25
8.12,-1.19,100.1,812.8,-119.1,0,80,14:59:30
8.22,0.6,99.9,821.2,59.9,0,79,14:59:35
8.32,2.51,99.6,828.7,250,0,78,14:59:40
8.31,2.4,99.6,827.7,239,0,78,14:59:45
8.28,2.72,99.5,823.9,270.6,0,78,14:59:50
8.22,2.21,99.6,818.7,220.1,0,78,14:59:55
8.12,1.17,99.7,809.6,116.6,0,79,15:00:00
8.05,-0.35,100,805,-35,0,80,15:00:05
8.08,-0.18,100,808,-18,0,80,15:00:10
8.11,1.28,99.8,809.4,127.7,0,79,15:00:15
8.15,1.9,99.7,812.6,189.4,0,79,15:00:20
8.15,1.91,99.7,812.6,190.4,0,78,15:00:25
8.11,1.57,99.8,809.4,156.7,0,79,15:00:30
8.11,2.32,99.6,807.8,231.1,0,78,15:00:35
8.03,2.16,99.6,799.8,215.1,0,78,15:00:40
7.96,1.32,99.8,794.4,131.7,0,79,15:00:45
7.9,0.23,99.9,789.2,23,0,80,15:00:50
7.91,-0.28,100,791,-28,0,80,15:00:55
8,0.46,99.9,799.2,46,0,79,15:01:00
8.03,1.21,99.8,801.4,120.8,0,79,15:01:05
8.04,1.43,99.8,802.4,142.7,0,79,15:01:10
8.05,1.57,99.7,802.6,156.5,0,79,15:01:15
8.19,1.73,99.7,816.5,172.5,0,79,15:01:20
8.15,2.34,99.6,811.7,233.1,0,78,15:01:25
8.22,1.43,99.7,819.5,142.6,0,79,15:01:30
8.13,1.06,99.8,811.4,105.8,0,79,15:01:35
8.13,1.5,99.7,810.6,149.6,0,79,15:01:40
8.07,1.88,99.6,803.8,187.2,0,78,15:01:45
8.2,3.55,99.4,815.1,352.9,0,77,15:01:50
8.24,3.92,99.3,818.2,389.3,0,77,15:01:55
8.21,3.69,99.4,816.1,366.8,0,77,15:02:00
8.24,3.26,99.4,819.1,324,0,78,15:02:05
8.18,2.77,99.5,813.9,275.6,0,78,15:02:10
8.07,2.8,99.5,803,278.6,0,78,15:02:15
7.91,3.06,99.4,786.3,304.2,0,78,15:02:20
7.78,2.91,99.4,773.3,289.3,0,78,15:02:25
7.77,2.28,99.5,773.1,226.9,0,78,15:02:30
7.8,2.95,99.4,775.3,293.2,0,78,15:02:35
7.77,2.73,99.5,773.1,271.6,0,78,15:02:40
7.73,3,99.4,768.4,298.2,0,78,15:02:45
7.72,3.53,99.4,767.4,350.9,0,78,15:02:50
7.62,3.56,99.3,756.7,353.5,0,78,15:02:55
7.54,3.81,99.2,748,378,0,77,15:03:00
7.63,3.77,99.3,757.7,374.4,0,77,15:03:05
7.67,3.47,99.3,761.6,344.6,0,77,15:03:10
7.73,3.53,99.3,767.6,350.5,0,77,15:03:15
7.75,3.66,99.3,769.6,363.4,0,77,15:03:20
7.81,3.97,99.2,774.8,393.8,0,77,15:03:25
7.74,4.21,99.2,767.8,417.6,0,77,15:03:30
7.84,3.85,99.2,777.7,381.9,0,77,15:03:35
7.82,4.11,99.2,775.7,407.7,0,77,15:03:40
7.88,4.02,99.2,781.7,398.8,0,77,15:03:45
7.73,4.1,99.1,766,406.3,0,77,15:03:50
7.85,3.77,99.2,778.7,374,0,77,15:03:55
8.16,4.23,99.2,809.5,419.6,0,77,15:04:00
8.33,3.87,99.2,826.3,383.9,0,77,15:04:05
8.11,3.26,99.3,805.3,323.7,0,77,15:04:10
7.86,2.77,99.4,781.3,275.3,0,78,15:04:15
7.79,2.89,99.4,774.3,287.3,0,78,15:04:20
7.74,3.2,99.3,768.6,317.8,0,78,15:04:25
7.72,3.05,99.3,766.6,302.9,0,78,15:04:30
7.88,2.65,99.4,783.3,263.4,0,78,15:04:35
7.22,3.91,99.2,716.2,387.9,0,77,15:04:40
6.94,4.32,99.1,687.8,428.1,0,77,15:04:45
7.25,4.09,99.1,718.5,405.3,0,77,15:04:50
8.03,2.47,99.4,798.2,245.5,0,78,15:04:55
8.08,2.31,99.4,803.2,229.6,0,78,15:05:00
8.17,3.11,99.3,811.3,308.8,0,78,15:05:05
8.25,3.63,99.2,818.4,360.1,0,77,15:05:10
8.4,4.7,99.1,832.4,465.8,0,76,15:05:15
8.35,4.49,99.1,827.5,445,0,77,15:05:20
8.23,4.73,99,814.8,468.3,0,77,15:05:25
8.03,4.81,99,795,476.2,0,77,15:05:30
8.13,4.72,99,804.9,467.3,0,76,15:05:35
8.25,4.41,99.1,817.6,437,0,77,15:05:40
8.28,3.94,99.1,820.5,390.5,0,77,15:05:45
8.23,3.47,99.2,816.4,344.2,0,77,15:05:50
8.24,1.72,99.5,819.9,171.1,0,78,15:05:55
8.18,0.57,99.7,815.5,56.8,0,79,15:06:00
8.13,-1.49,100,813,-149,0,81,15:06:05
8.2,-0.9,99.9,819.2,-89.9,0,80,15:06:10
8.32,1.16,99.6,828.7,115.5,0,79,15:06:15
8.38,2.23,99.5,833.8,221.9,0,78,15:06:20
8.4,3.02,99.3,834.1,299.9,0,78,15:06:25
8.36,2.12,99.5,831.8,210.9,0,78,15:06:30
8.36,2.73,99.3,830.1,271.1,0,78,15:06:35
8.38,2.47,99.4,833,245.5,0,78,15:06:40
8.42,2.41,99.4,836.9,239.6,0,78,15:06:45
8.4,2.92,99.3,834.1,290,0,78,15:06:50
8.46,3.08,99.3,840.1,305.8,0,77,15:06:55
8.41,3.46,99.2,834.3,343.2,0,77,15:07:00
8.44,3.96,99.2,837.2,392.8,0,77,15:07:05
8.5,4.35,99.1,842.4,431.1,0,77,15:07:10
8.53,4.93,99,844.5,488.1,0,76,15:07:15
8.55,5.13,98.9,845.6,507.4,0,76,15:07:20
8.56,5.25,98.9,846.6,519.2,0,76,15:07:25
8.57,5.09,98.9,847.6,503.4,0,76,15:07:30
8.64,5.2,98.9,854.5,514.3,0,76,15:07:35
8.73,6.19,98.8,862.5,611.6,0,75,15:07:40
8.82,7.4,98.5,868.8,728.9,0,74,15:07:45
8.82,7.72,98.5,868.8,760.4,0,74,15:07:50
8.74,7.17,98.6,861.8,707,0,75,15:07:55
8.65,6,98.7,853.8,592.2,0,75,15:08:00
8.54,3.8,99,845.5,376.2,0,77,15:08:05
8.26,1.59,99.4,821,158,0,78,15:08:10
8.11,0.78,99.5,806.9,77.6,0,79,15:08:15
7.54,-0.15,99.7,751.7,-15,0,80,15:08:20
7.78,-0.62,99.8,776.4,-61.9,0,80,15:08:25
7.94,-0.82,99.8,792.4,-81.8,0,80,15:08:30
8.01,-0.3,99.8,799.4,-29.9,0,80,15:08:35
8.04,-0.09,99.7,801.6,-9,0,80,15:08:40
8.07,0.31,99.7,804.6,30.9,0,79,15:08:45
8.06,1.02,99.6,802.8,101.6,0,79,15:08:50
8.11,1.73,99.5,806.9,172.1,0,79,15:08:55
8.14,2.67,99.2,807.5,264.9,0,78,15:09:00
8.17,3.16,99.2,810.5,313.5,0,78,15:09:05
8.27,4.29,99.1,819.6,425.1,0,77,15:09:10
8.3,5.47,98.9,820.9,541,0,76,15:09:15
8.35,6.44,98.7,824.1,635.6,0,75,15:09:20
8.38,7.19,98.6,826.3,708.9,0,75,15:09:25
8.37,6.65,98.6,825.3,655.7,0,75,15:09:30
8.24,5.62,98.8,814.1,555.3,0,76,15:09:35
8.18,4.21,98.9,809,416.4,0,77,15:09:40
8.17,2.5,99.2,810.5,248,0,78,15:09:45
7.94,2.57,99.2,787.6,254.9,0,78,15:09:50
7.98,3.07,99.2,791.6,304.5,0,78,15:09:55
8,3.13,99.2,793.6,310.5,0,78,15:10:00
8.02,3.53,99.1,794.8,349.8,0,77,15:10:05
7.99,4.08,99,791,403.9,0,77,15:10:10
8.3,4.27,99,821.7,422.7,0,77,15:10:15
8.39,5.41,98.8,828.9,534.5,0,76,15:10:20
8.38,6.64,98.6,826.3,654.7,0,75,15:10:25
8.35,6.32,98.6,823.3,623.2,0,75,15:10:30
8.27,4.86,98.8,817.1,480.2,0,76,15:10:35
8.21,3.57,99,812.8,353.4,0,77,15:10:40
8.11,2,99.3,805.3,198.6,0,78,15:10:45
8.12,0.91,99.4,807.1,90.5,0,79,15:10:50
8.11,0.34,99.5,806.9,33.8,0,79,15:10:55
8.08,0.39,99.6,804.8,38.8,0,79,15:11:00
8.06,0.39,99.6,802.8,38.8,0,79,15:11:05
8.01,-0.21,99.7,798.6,-20.9,0,80,15:11:10
8.05,0.45,99.5,801,44.8,0,79,15:11:15
8.04,1.28,99.4,799.2,127.2,0,79,15:11:20
8.09,2.27,99.3,803.3,225.4,0,78,15:11:25
8.12,2.78,99.2,805.5,275.8,0,78,15:11:30
8.16,2.89,99.2,809.5,286.7,0,78,15:11:35
8.16,3.06,99.1,808.7,303.2,0,77,15:11:40
8.13,2.65,99.2,806.5,262.9,0,78,15:11:45
8.07,2.69,99.2,800.5,266.8,0,78,15:11:50
8.04,2.69,99.2,797.6,266.8,0,78,15:11:55
8,2.65,99.2,793.6,262.9,0,78,15:12:00
8.03,2.84,99.2,796.6,281.7,0,77,15:12:05
7.99,2.84,99.2,792.6,281.7,0,78,15:12:10
7.96,3.37,99.1,788.8,334,0,77,15:12:15
8.08,4.54,98.9,799.1,449,0,77,15:12:20
8.14,4.96,98.8,804.2,490,0,76,15:12:25
8.08,4.59,98.8,798.3,453.5,0,77,15:12:30
7.96,3.28,99.1,788.8,325,0,77,15:12:35
7.88,1.54,99.3,782.5,152.9,0,78,15:12:40
7.84,0.57,99.5,780.1,56.7,0,79,15:12:45
7.93,1.26,99.4,788.2,125.2,0,78,15:12:50
7.97,2.95,99.1,789.8,292.3,0,78,15:12:55
8.01,3.43,99,793,339.6,0,77,15:13:00
8.05,3.49,99.1,797.8,345.9,0,77,15:13:05
8.08,4.59,98.9,799.1,454,0,77,15:13:10
8.04,4.46,98.9,795.2,441.1,0,77,15:13:15
8.03,4.59,98.8,793.4,453.5,0,77,15:13:20
8.02,4.42,98.8,792.4,436.7,0,77,15:13:25
8.02,4.59,98.8,792.4,453.5,0,77,15:13:30
7.99,4.09,98.9,790.2,404.5,0,77,15:13:35
7.97,4.11,98.9,788.2,406.5,0,77,15:13:40
7.96,3.94,98.9,787.2,389.7,0,77,15:13:45
7.9,3.98,98.9,781.3,393.6,0,77,15:13:50
7.88,4.02,98.9,779.3,397.6,0,77,15:13:55
7.89,3.87,98.9,780.3,382.7,0,77,15:14:00
7.93,3.25,99,785.1,321.8,0,77,15:14:05
7.96,3.52,99,788,348.5,0,77,15:14:10
7.94,3.62,99,786.1,358.4,0,77,15:14:15
7.93,3.14,99,785.1,310.9,0,77,15:14:20
7.74,3.04,99,766.3,301,0,77,15:14:25
7.42,3.71,99,734.6,367.3,0,77,15:14:30
7.32,4.28,98.8,723.2,422.9,0,77,15:14:35
7.42,4.17,98.9,733.8,412.4,0,77,15:14:40
7.42,4.27,98.8,733.1,421.9,0,77,15:14:45
7.31,4.16,98.8,722.2,411,0,77,15:14:50
7.31,3.61,98.9,723,357,0,77,15:14:55
7.32,3.27,99,724.7,323.7,0,78,15:15:00
7.28,2.84,99,720.7,281.2,0,78,15:15:05
7.4,2.68,99,732.6,265.3,0,78,15:15:10
7.28,3.12,99,720.7,308.9,0,78,15:15:15
7.49,3.3,98.9,740.8,326.4,0,78,15:15:20
7.36,3.21,98.9,727.9,317.5,0,78,15:15:25
7.13,3.61,98.9,705.2,357,0,77,15:15:30
7.22,4.37,98.9,714.1,432.2,0,77,15:15:35
7.48,5.97,98.6,737.5,588.6,0,76,15:15:40
7.71,7.73,98.3,757.9,759.9,0,75,15:15:45
7.8,8.05,98.2,766,790.5,0,74,15:15:50
7.9,7.54,98.2,775.8,740.4,0,75,15:15:55
7.93,6.14,98.4,780.3,604.2,0,75,15:16:00
7.88,4.89,98.6,777,482.2,0,76,15:16:05
7.82,2.76,98.9,773.4,273,0,78,15:16:10
7.78,1.36,99.1,771,134.8,0,79,15:16:15
7.78,0.56,99.3,772.6,55.6,0,79,15:16:20
7.82,0.16,99.4,777.3,15.9,0,79,15:16:25
7.79,0.7,99.4,774.3,69.6,0,79,15:16:30
7.77,2.07,99.2,770.8,205.3,0,78,15:16:35
7.43,2.4,99,735.6,237.6,0,78,15:16:40
7.25,2.97,98.9,717,293.7,0,78,15:16:45
7.56,3.29,98.9,747.7,325.4,0,78,15:16:50
7.68,4.07,98.8,758.8,402.1,0,77,15:16:55
7.7,5.78,98.5,758.5,569.3,0,76,15:17:00
7.79,6.67,98.4,766.5,656.3,0,75,15:17:05
7.49,7.13,98.3,736.3,700.9,0,75,15:17:10
7.67,7.46,98.2,753.2,732.6,0,75,15:17:15
7.59,6.81,98.3,746.1,669.4,0,75,15:17:20
7.49,5.6,98.5,737.8,551.6,0,76,15:17:25
7.39,4.11,98.7,729.4,405.7,0,77,15:17:30
7.29,3.05,98.8,720.3,301.3,0,78,15:17:35
7.2,2.02,99,712.8,200,0,78,15:17:40
7.15,2.01,99,707.9,199,0,79,15:17:45
7.13,1.71,99.1,706.6,169.5,0,79,15:17:50
7.13,1.71,99.1,706.6,169.5,0,78,15:17:55
7.18,2.4,99,710.8,237.6,0,78,15:18:00
7.23,2.25,99,715.8,222.8,0,78,15:18:05
7.26,2.6,98.9,718,257.1,0,78,15:18:10
7.39,3.04,98.9,730.9,300.7,0,78,15:18:15
7.27,3.21,98.8,718.3,317.1,0,78,15:18:20
7.29,3.38,98.8,720.3,333.9,0,77,15:18:25
7.31,3.54,98.8,722.2,349.8,0,77,15:18:30
7.29,3.96,98.7,719.5,390.9,0,77,15:18:35
7.23,4.43,98.7,713.6,437.2,0,77,15:18:40
7.26,4.07,98.7,716.6,401.7,0,77,15:18:45
7.22,3.82,98.8,713.3,377.4,0,77,15:18:50
7.15,4.13,98.7,705.7,407.6,0,77,15:18:55
7.15,3.71,98.7,705.7,366.2,0,77,15:19:00
7.23,4.05,98.7,713.6,399.7,0,77,15:19:05
7.2,4.46,98.6,709.9,439.8,0,77,15:19:10
7.13,4.25,98.7,703.7,419.5,0,77,15:19:15
7.06,4,98.7,696.8,394.8,0,77,15:19:20
7.13,4.28,98.6,703,422,0,77,15:19:25
7.05,3.63,98.7,695.8,358.3,0,77,15:19:30
7,3.4,98.7,690.9,335.6,0,77,15:19:35
7.07,3.08,98.8,698.5,304.3,0,77,15:19:40
7,3.17,98.8,691.6,313.2,0,78,15:19:45
6.92,3.43,98.8,683.7,338.9,0,77,15:19:50
6.79,3.32,98.8,670.9,328,0,78,15:19:55
6.85,2.68,98.9,677.5,265.1,0,78,15:20:00
6.78,2.32,98.9,670.5,229.4,0,78,15:20:05
6.9,1.48,99.1,683.8,146.7,0,79,15:20:10
6.87,1.29,99.1,680.8,127.8,0,79,15:20:15
6.82,1.06,99.1,675.9,105,0,79,15:20:20
6.84,1.47,99.1,677.8,145.7,0,79,15:20:25
6.81,2.74,98.9,673.5,271,0,78,15:20:30
6.88,3.06,98.9,680.4,302.6,0,78,15:20:35
6.85,3.5,98.8,676.8,345.8,0,77,15:20:40
6.82,3.92,98.7,673.1,386.9,0,77,15:20:45
6.8,3.91,98.7,671.2,385.9,0,77,15:20:50
6.83,3.98,98.6,673.4,392.4,0,77,15:20:55
6.87,4,98.7,678.1,394.8,0,77,15:21:00
6.89,4.44,98.5,678.7,437.3,0,77,15:21:05
6.86,3.72,98.7,677.1,367.2,0,77,15:21:10
6.92,4.02,98.6,682.3,396.4,0,77,15:21:15
7.01,4.12,98.6,691.2,406.2,0,77,15:21:20
7.05,5.27,98.4,693.7,518.6,0,76,15:21:25
7.04,5.52,98.4,692.7,543.2,0,76,15:21:30
6.88,5.09,98.4,677,500.9,0,76,15:21:35
6.98,4.37,98.5,687.5,430.4,0,77,15:21:40
6.93,2.94,98.7,684,290.2,0,78,15:21:45
6.87,1.52,99,680.1,150.5,0,79,15:21:50
7.08,0,99.2,702.3,0,0,80,15:21:55
7.1,0.68,99.1,703.6,67.4,0,79,15:22:00
7.15,1.94,98.9,707.1,191.9,0,78,15:22:05
7.2,2.74,98.9,712.1,271,0,78,15:22:10
7.19,3.63,98.7,709.7,358.3,0,77,15:22:15
7.1,4.03,98.6,700.1,397.4,0,77,15:22:20
7.14,3.56,98.7,704.7,351.4,0,77,15:22:25
7.13,4.09,98.6,703,403.3,0,77,15:22:30
7.1,3.8,98.6,700.1,374.7,0,77,15:22:35
7.13,4.26,98.5,702.3,419.6,0,77,15:22:40
7.14,3.83,98.6,704,377.6,0,77,15:22:45
7.13,4.28,98.5,702.3,421.6,0,77,15:22:50
7.1,3.97,98.6,700.1,391.4,0,77,15:22:55
7.15,4.21,98.5,704.3,414.7,0,77,15:23:00
7.29,5.37,98.3,716.6,527.9,0,76,15:23:05
7.37,6.92,98.1,723,678.9,0,75,15:23:10
7.39,7.61,97.9,723.5,745,0,74,15:23:15
7.39,8.43,97.8,722.7,824.5,0,74,15:23:20
7.41,8.91,97.7,724,870.5,0,74,15:23:25
7.35,8.25,97.8,718.8,806.9,0,74,15:23:30
7.29,7.17,97.9,713.7,701.9,0,75,15:23:35
7.21,5.91,98.1,707.3,579.8,0,76,15:23:40
7.15,4.97,98.2,702.1,488.1,0,76,15:23:45
7.11,4.77,98.3,698.9,468.9,0,77,15:23:50
7.02,4.35,98.4,690.8,428,0,77,15:23:55
6.57,3.86,98.4,646.5,379.8,0,77,15:24:00
6.42,4.14,98.4,631.7,407.4,0,77,15:24:05
6.61,4.08,98.4,650.4,401.5,0,77,15:24:10
6.83,3.58,98.5,672.8,352.6,0,77,15:24:15
6.79,3.8,98.5,668.8,374.3,0,77,15:24:20
6.78,3.94,98.4,667.2,387.7,0,77,15:24:25
6.77,3.77,98.5,666.8,371.3,0,77,15:24:30
6.77,3.71,98.5,666.8,365.4,0,77,15:24:35
6.71,3.6,98.5,660.9,354.6,0,77,15:24:40
6.7,3.22,98.5,660,317.2,0,78,15:24:45
6.63,3.12,98.5,653.1,307.3,0,78,15:24:50
6.62,3.08,98.6,652.7,303.7,0,78,15:24:55
6.63,3.41,98.5,653.1,335.9,0,78,15:25:00
6.6,3.46,98.5,650.1,340.8,0,78,15:25:05
6.61,3.94,98.4,650.4,387.7,0,77,15:25:10
6.58,4.32,98.4,647.5,425.1,0,77,15:25:15
6.51,4.29,98.4,640.6,422.1,0,77,15:25:20
6.46,3.9,98.4,635.7,383.8,0,77,15:25:25
6.35,4.32,98.3,624.2,424.7,0,77,15:25:30
6.38,3.62,98.4,627.8,356.2,0,77,15:25:35
6.42,2.88,98.5,632.4,283.7,0,78,15:25:40
6.44,3.76,98.4,633.7,370,0,77,15:25:45
6.43,4.31,98.3,632.1,423.7,0,77,15:25:50
6.4,4.46,98.3,629.1,438.4,0,77,15:25:55
6.35,4.78,98.2,623.6,469.4,0,77,15:26:00
6.26,4.49,98.3,615.4,441.4,0,77,15:26:05
6.18,4.6,98.3,607.5,452.2,0,77,15:26:10
6.23,4.06,98.4,613,399.5,0,77,15:26:15
6.39,4.12,98.3,628.1,405,0,77,15:26:20
6.42,4.25,98.4,631.7,418.2,0,77,15:26:25
6.44,4.92,98.2,632.4,483.1,0,76,15:26:30
6.37,4.58,98.2,625.5,449.8,0,77,15:26:35
6.47,3.88,98.4,636.6,381.8,0,77,15:26:40
6.44,3.81,98.3,633.1,374.5,0,77,15:26:45
6.31,3.98,98.3,620.3,391.2,0,77,15:26:50
6.26,4.34,98.3,615.4,426.6,0,77,15:26:55
6.14,4.77,98.2,602.9,468.4,0,77,15:27:00
6.12,4.98,98.2,601,489,0,77,15:27:05
6.11,4.8,98.2,600,471.4,0,77,15:27:10
6.13,5.17,98.2,602,507.7,0,76,15:27:15
6.19,6.48,97.9,606,634.4,0,76,15:27:20
6.24,7.7,97.7,609.6,752.3,0,75,15:27:25
6.26,8.78,97.5,610.4,856.1,0,74,15:27:30
6.24,9.64,97.4,607.8,938.9,0,74,15:27:35
6.17,10.2,97.3,600.3,992.5,0,73,15:27:40
6.07,9.75,97.3,590.6,948.7,0,74,15:27:45
6.09,8.68,97.4,593.2,845.4,0,74,15:27:50
6.23,8.08,97.5,607.4,787.8,0,74,15:27:55
6.13,6.75,97.7,598.9,659.5,0,75,15:28:00
6.04,4.9,98,591.9,480.2,0,76,15:28:05
5.95,5.19,97.9,582.5,508.1,0,76,15:28:10
5.91,5.5,97.9,578.6,538.5,0,76,15:28:15
5.87,6.32,97.8,574.1,618.1,0,76,15:28:20
5.89,6.75,97.7,575.5,659.5,0,75,15:28:25
5.9,6.75,97.7,576.4,659.5,0,75,15:28:30
5.92,6.43,97.8,579,628.9,0,76,15:28:35
6.04,6.04,97.8,590.7,590.7,0,76,15:28:40
6.08,5.8,97.8,594.6,567.2,0,76,15:28:45
6.09,5.08,97.9,596.2,497.3,0,76,15:28:50
6.02,4.64,98,590,454.7,0,77,15:28:55
6.02,5.33,98,590,522.3,0,76,15:29:00
6.07,4.6,98,594.9,450.8,0,77,15:29:05
6.04,3.68,98.1,592.5,361,0,77,15:29:10
6.1,2.87,98.3,599.6,282.1,0,78,15:29:15
6.09,2.74,98.3,598.6,269.3,0,78,15:29:20
6.11,2.38,98.3,600.6,234,0,78,15:29:25
6.09,1.74,98.5,599.9,171.4,0,78,15:29:30
6.16,2.67,98.3,605.5,262.5,0,78,15:29:35
6.06,3.09,98.3,595.7,303.7,0,78,15:29:40
6.23,4.17,98.1,611.2,409.1,0,77,15:29:45
6.25,4.22,98.1,613.1,414,0,77,15:29:50
6.36,4.41,98.1,623.9,432.6,0,77,15:29:55
6.46,5.68,97.9,632.4,556.1,0,76,15:30:00
6.54,6.79,97.7,639,663.4,0,75,15:30:05
6.5,7.16,97.6,634.4,698.8,0,75,15:30:10
6.5,6.62,97.7,635.1,646.8,0,75,15:30:15
6.47,6.43,97.6,631.5,627.6,0,75,15:30:20
6.48,5.77,97.8,633.7,564.3,0,76,15:30:25
6.46,5.37,97.8,631.8,525.2,0,76,15:30:30
6.45,5.57,97.8,630.8,544.7,0,76,15:30:35
6.42,5.8,97.7,627.2,566.7,0,76,15:30:40
6.44,5.83,97.7,629.2,569.6,0,76,15:30:45
6.42,5.66,97.8,627.9,553.5,0,76,15:30:50
6.45,4.75,97.9,631.5,465,0,76,15:30:55
6.4,4.58,97.9,626.6,448.4,0,76,15:31:00
6.42,4.99,97.9,628.5,488.5,0,76,15:31:05
6.43,4.22,98,630.1,413.6,0,77,15:31:10
6.42,3.71,98,629.2,363.6,0,77,15:31:15
6.34,3.18,98.2,622.6,312.3,0,77,15:31:20
6.24,3.34,98.1,612.1,327.7,0,77,15:31:25
6.3,4.46,97.9,616.8,436.6,0,77,15:31:30
6.33,4.62,97.9,619.7,452.3,0,77,15:31:35
6.33,6.24,97.7,618.4,609.6,0,75,15:31:40
6.31,6.93,97.5,615.2,675.7,0,75,15:31:45
6.33,7.98,97.3,615.9,776.5,0,74,15:31:50
6.33,7.78,97.4,616.5,757.8,0,74,15:31:55
6.34,7.84,97.3,616.9,762.8,0,74,15:32:00
6.37,8.25,97.3,619.8,802.7,0,74,15:32:05
6.38,7.39,97.4,621.4,719.8,0,75,15:32:10
6.25,5.43,97.6,610,530,0,76,15:32:15
6.11,4,97.9,598.2,391.6,0,77,15:32:20
6.05,3.42,98,592.9,335.2,0,77,15:32:25
6.13,3.67,98,600.7,359.7,0,77,15:32:30
6.15,3.36,98,602.7,329.3,0,77,15:32:35
6.05,2.63,98.1,593.5,258,0,78,15:32:40
5.78,1.9,98.3,568.2,186.8,0,78,15:32:45
5.34,1.84,98.2,524.4,180.7,0,79,15:32:50
5.48,1.68,98.3,538.7,165.1,0,79,15:32:55
5.55,1.44,98.3,545.6,141.6,0,79,15:33:00
5.61,0.68,98.4,552,66.9,0,79,15:33:05
5.79,2.58,98.2,568.6,253.4,0,78,15:33:10
5.81,3.23,98.1,570,316.9,0,77,15:33:15
5.78,3.39,98.1,567,332.6,0,77,15:33:20
5.71,3.87,98,559.6,379.3,0,77,15:33:25
5.93,3.62,98,581.1,354.8,0,77,15:33:30
6.02,4.37,97.9,589.4,427.8,0,77,15:33:35
6.03,5.21,97.7,589.1,509,0,76,15:33:40
6.24,5.49,97.7,609.6,536.4,0,75,15:33:45
6.3,5.89,97.6,614.9,574.9,0,75,15:33:50
6.29,5.8,97.6,613.9,566.1,0,75,15:33:55
6.32,5.59,97.6,616.8,545.6,0,75,15:34:00
5.56,-26.99,102.3,568.8,-2761.1,0,69,15:34:05
5.99,-5.29,99.5,596,-526.4,0,61,15:34:10
5.98,-5.29,99.5,595,-526.4,0,58,15:34:15
5.85,-5.16,99.5,582.1,-513.4,0,56,15:34:20
5.81,-5.12,99.5,578.1,-509.4,0,54,15:34:25
5.92,-5.22,99.5,589,-519.4,0,52,15:34:30
5.89,-5.19,99.5,586.1,-516.4,0,51,15:34:35
5.89,-5.2,99.5,586.1,-517.4,0,48,15:34:40
5.91,-5.22,99.5,588,-519.4,0,45,15:34:45
5.86,-5.12,99.5,583.1,-509.4,0,41,15:34:50
6.02,1.27,98.6,593.6,125.2,0,42,15:34:55
0.75,5.67,98,73.5,555.7,0,44,15:35:00
5.58,1.64,98.5,549.6,161.5,0,47,15:35:05
5.55,1.69,98.5,546.7,166.5,0,49,15:35:10
5.61,1.7,98.6,553.1,167.6,0,51,15:35:15
5.52,1.73,98.4,543.2,170.2,0,53,15:35:20
5.54,0.68,98.6,546.2,67,0,54,15:35:25
5.58,-0.36,98.8,551.3,-35.6,0,54,15:35:30
5.6,-0.33,98.8,553.3,-32.6,0,54,15:35:35
5.72,-0.34,98.7,564.6,-33.6,0,54,15:35:40
5.67,-0.39,98.8,560.2,-38.5,0,54,15:35:45
5.25,2.01,98.4,516.6,197.8,0,54,15:35:50
5.37,2.92,98.3,527.9,287,0,55,15:35:55
5.52,2.66,98.3,542.6,261.5,0,56,15:36:00
5.72,2.54,98.3,562.3,249.7,0,57,15:36:05
5.61,2.65,98.3,551.5,260.5,0,59,15:36:10
5.66,6.64,97.7,553,648.7,0,60,15:36:15
5.59,12.21,96.8,541.1,1181.9,0,63,15:36:20
5.88,16.36,96.2,565.7,1573.8,0,67,15:36:25
1.6,17.38,95.9,153.4,1666.7,0,71,15:36:30
4.91,11.27,96.7,474.8,1089.8,0,73,15:36:35
5.2,9.89,96.9,503.9,958.3,0,74,15:36:40
5.25,10.03,96.9,508.7,971.9,0,73,15:36:45
5.18,9.53,96.9,501.9,923.5,0,74,15:36:50
5.16,8.16,97.1,501,792.3,0,74,15:36:55
5.03,6.94,97.2,488.9,674.6,0,75,15:37:00
4.61,6.8,97.3,448.6,661.6,0,75,15:37:05
4.7,6.73,97.3,457.3,654.8,0,76,15:37:10
4.94,6.24,97.4,481.2,607.8,0,76,15:37:15
4.86,6.43,97.3,472.9,625.6,0,76,15:37:20
4.98,6.83,97.3,484.6,664.6,0,75,15:37:25
4.83,7.05,97.2,469.5,685.3,0,75,15:37:30
4.89,6.55,97.3,475.8,637.3,0,76,15:37:35
5.27,6.3,97.3,512.8,613,0,75,15:37:40
5.34,6.85,97.2,519,665.8,0,75,15:37:45
5.46,7.17,97.2,530.7,696.9,0,75,15:37:50
5.52,7.94,97.1,536,771,0,74,15:37:55
5.46,8.34,97,529.6,809,0,74,15:38:00
5.51,8.61,96.9,533.9,834.3,0,74,15:38:05
5.36,8.77,96.9,519.4,849.8,0,74,15:38:10
5.28,9.13,96.9,511.6,884.7,0,74,15:38:15
5.28,9.04,96.9,511.6,876,0,74,15:38:20
5.41,8.37,96.9,524.2,811.1,0,74,15:38:25
5.5,8.2,96.9,533,794.6,0,74,15:38:30
5.32,7.96,96.9,515.5,771.3,0,74,15:38:35
2.78,9.1,96.8,269.1,880.9,0,75,15:38:40
5.28,7.54,97,512.2,731.4,0,75,15:38:45
5.32,7.48,97,516,725.6,0,75,15:38:50
5.27,6.57,97.1,511.7,637.9,0,75,15:38:55
5.2,5.94,97.2,505.4,577.4,0,76,15:39:00
5.35,5.19,97.3,520.6,505,0,76,15:39:05
5.36,5.63,97.3,521.5,547.8,0,76,15:39:10
5.42,5.89,97.2,526.8,572.5,0,75,15:39:15
5.4,5.62,97.3,525.4,546.8,0,76,15:39:20
3.96,7.55,97,384.1,732.4,0,75,15:39:25
5.34,7.57,96.9,517.4,733.5,0,74,15:39:30
5.34,6.9,97,518,669.3,0,75,15:39:35
5.22,6.13,97.2,507.4,595.8,0,76,15:39:40
5.16,6.69,97.1,501,649.6,0,75,15:39:45
4.9,7.04,97,475.3,682.9,0,75,15:39:50
5.01,7.83,96.9,485.5,758.7,0,75,15:39:55
5.17,7.84,96.8,500.5,758.9,0,74,15:40:00
4.94,8.37,96.8,478.2,810.2,0,74,15:40:05
5.03,8.1,96.8,486.9,784.1,0,74,15:40:10
5.11,8.38,96.7,494.1,810.3,0,74,15:40:15
5.05,8.59,96.7,488.3,830.7,0,74,15:40:20
5.14,7.12,96.9,498.1,689.9,0,75,15:40:25
5.16,6.94,96.9,500,672.5,0,75,15:40:30
5.49,4.68,97.3,534.2,455.4,0,76,15:40:35
5.32,3.65,97.5,518.7,355.9,0,77,15:40:40
5.03,3.72,97.4,489.9,362.3,0,77,15:40:45
5.04,3.29,97.6,491.9,321.1,0,77,15:40:50
5.13,2.91,97.6,500.7,284,0,78,15:40:55
5.02,3.09,97.6,490,301.6,0,78,15:41:00
5.1,2.41,97.7,498.3,235.5,0,78,15:41:05
4.82,1.96,97.8,471.4,191.7,0,78,15:41:10
5,0.09,98,490,8.8,0,79,15:41:15
5,0.04,98.1,490.5,3.9,0,79,15:41:20
5.1,-1.44,98.3,501.3,-141.6,0,80,15:41:25
4.82,-0.68,98.3,473.8,-66.8,0,80,15:41:30
4.78,-1.71,98.4,470.4,-168.3,0,81,15:41:35
4.84,-1.04,98.3,475.8,-102.2,0,80,15:41:40
4.88,1.59,97.9,477.8,155.7,0,79,15:41:45
5.14,2.07,97.9,503.2,202.7,0,78,15:41:50
4.98,3.91,97.6,486,381.6,0,77,15:41:55
5.06,4.9,97.4,492.8,477.3,0,76,15:42:00
5.02,3.51,97.6,490,342.6,0,77,15:42:05
4.84,3.07,97.7,472.9,299.9,0,78,15:42:10
4.32,3.23,97.6,421.6,315.2,0,78,15:42:15
4.9,1.8,97.8,479.2,176,0,78,15:42:20
5.03,1.17,97.9,492.4,114.5,0,79,15:42:25
5.02,1.74,97.9,491.5,170.3,0,78,15:42:30
4.84,2.61,97.7,472.9,255,0,78,15:42:35
4.68,3.89,97.6,456.8,379.7,0,77,15:42:40
4.6,4.72,97.4,448,459.7,0,77,15:42:45
4.34,5.56,97.2,421.8,540.4,0,76,15:42:50
4.92,5.84,97.2,478.2,567.6,0,76,15:42:55
4.85,6.05,97.1,470.9,587.5,0,76,15:43:00
4.83,6.03,97.1,469,585.5,0,75,15:43:05
4.77,7.48,96.9,462.2,724.8,0,75,15:43:10
4.65,10.36,96.5,448.7,999.7,0,73,15:43:15
4.88,11.26,96.3,469.9,1084.3,0,72,15:43:20
4.96,12.83,96.1,476.7,1233,0,72,15:43:25
4.99,13.6,95.9,478.5,1304.2,0,71,15:43:30
4.82,14.95,95.7,461.3,1430.7,0,71,15:43:35
4.87,14.45,95.7,466.1,1382.9,0,71,15:43:40
4.82,14.39,95.7,461.3,1377.1,0,71,15:43:45
5.1,13.36,95.8,488.6,1279.9,0,71,15:43:50
4.98,10.41,96.1,478.6,1000.4,0,73,15:43:55
4.94,8.38,96.4,476.2,807.8,0,74,15:44:00
4.94,6.11,96.8,478.2,591.4,0,75,15:44:05
4.83,4.48,97,468.5,434.6,0,77,15:44:10
4.75,2.69,97.3,462.2,261.7,0,77,15:44:15
4.06,2.67,97.4,395.4,260.1,0,78,15:44:20
3.72,3.39,97.3,362,329.8,0,77,15:44:25
4.4,4.39,97.1,427.2,426.3,0,77,15:44:30
4.68,5.25,97,454,509.3,0,76,15:44:35
4.49,5.91,96.9,435.1,572.7,0,76,15:44:40
4.51,6.91,96.8,436.6,668.9,0,75,15:44:45
4.65,8.52,96.5,448.7,822.2,0,74,15:44:50
4.72,8.89,96.4,455,857,0,74,15:44:55
4.52,8.42,96.5,436.2,812.5,0,74,15:45:00
4.72,7.27,96.6,456,702.3,0,75,15:45:05
4.73,5.98,96.8,457.9,578.9,0,75,15:45:10
4.71,4.64,97,456.9,450.1,0,76,15:45:15
4.48,4.07,97.1,435,395.2,0,77,15:45:20
4.59,3.82,97.1,445.7,370.9,0,77,15:45:25
4.66,4.81,97,452,466.6,0,76,15:45:30
4.69,5.79,96.8,454,560.5,0,76,15:45:35
4.56,6.19,96.8,441.4,599.2,0,75,15:45:40
4.54,6.85,96.7,439,662.4,0,75,15:45:45
4.42,7.64,96.5,426.5,737.3,0,75,15:45:50
4.63,7.66,96.5,446.8,739.2,0,74,15:45:55
4.61,8.3,96.4,444.4,800.1,0,74,15:46:00
4.46,8.48,96.3,429.5,816.6,0,74,15:46:05
4.48,8.79,96.3,431.4,846.5,0,74,15:46:10
4.38,8.46,96.3,421.8,814.7,0,74,15:46:15
4.33,7.59,96.4,417.4,731.7,0,75,15:46:20
4.33,6.94,96.5,417.8,669.7,0,75,15:46:25
4.44,6.57,96.6,428.9,634.7,0,75,15:46:30
4.38,6.17,96.6,423.1,596,0,75,15:46:35
4.3,5.6,96.7,415.8,541.5,0,76,15:46:40
4.33,5.8,96.7,418.7,560.9,0,76,15:46:45
4.43,6.19,96.7,428.4,598.6,0,75,15:46:50
4.33,5.42,96.7,418.7,524.1,0,76,15:46:55
4.41,4.61,96.9,427.3,446.7,0,76,15:47:00
4.26,4.3,96.9,412.8,416.7,0,77,15:47:05
4.33,4.05,97,420,392.9,0,77,15:47:10
4.4,4.07,97,426.8,394.8,0,77,15:47:15
4.47,4.84,96.8,432.7,468.5,0,76,15:47:20
4.45,5.69,96.7,430.3,550.2,0,76,15:47:25
4.54,6.51,96.6,438.6,628.9,0,75,15:47:30
4.17,7.31,96.5,402.4,705.4,0,75,15:47:35
4.3,7.58,96.4,414.5,730.7,0,75,15:47:40
4.48,7.13,96.4,431.9,687.3,0,75,15:47:45
4.64,6.43,96.5,447.8,620.5,0,75,15:47:50
4.41,5.39,96.7,426.4,521.2,0,76,15:47:55
4.56,4.36,96.9,441.9,422.5,0,76,15:48:00
4.37,3.2,97,423.9,310.4,0,77,15:48:05
1.85,4.37,96.9,179.3,423.5,0,78,15:48:10
4.49,1.3,97.3,436.9,126.5,0,78,15:48:15
3.68,0.42,97.5,358.8,41,0,79,15:48:20
4.42,-0.74,97.7,431.8,-72.3,0,80,15:48:25
4.34,-0.97,97.8,424.5,-94.9,0,80,15:48:30
4.5,-1.38,97.8,440.1,-135,0,80,15:48:35
4.15,-1.23,97.8,405.9,-120.3,0,80,15:48:40
4.47,-1.26,97.9,437.6,-123.4,0,80,15:48:45
4.51,-0.64,97.8,441.1,-62.6,0,80,15:48:50
4.58,0.7,97.6,447,68.3,0,79,15:48:55
4.27,1.71,97.4,415.9,166.6,0,78,15:49:00
4.54,2.86,97.2,441.3,278,0,78,15:49:05
4.05,3.49,97.1,393.3,338.9,0,77,15:49:10
4.42,3.26,97.2,429.6,316.9,0,77,15:49:15
4.51,3.6,97.1,437.9,349.6,0,77,15:49:20
4.43,3.38,97.1,430.2,328.2,0,77,15:49:25
4.56,2.94,97.2,443.2,285.8,0,77,15:49:30
4.68,3.14,97.2,454.9,305.2,0,77,15:49:35
4.64,3.6,97.1,450.5,349.6,0,77,15:49:40
4.67,4.76,96.8,452.1,460.8,0,76,15:49:45
4.57,4.9,96.9,442.8,474.8,0,76,15:49:50
4.59,5.02,96.8,444.3,485.9,0,76,15:49:55
4.57,5.57,96.7,441.9,538.6,0,76,15:50:00
4.6,5.73,96.7,444.8,554.1,0,75,15:50:05
4.67,5.62,96.7,451.6,543.5,0,76,15:50:10
4.57,5.37,96.7,441.9,519.3,0,76,15:50:15
4.7,5.35,96.7,454.5,517.3,0,76,15:50:20
4.78,4.4,96.8,462.7,425.9,0,76,15:50:25
4.75,3.44,97,460.8,333.7,0,77,15:50:30
4.64,2.56,97.1,450.5,248.6,0,77,15:50:35
5.04,1.27,97.4,490.9,123.7,0,78,15:50:40
5.03,1.24,97.4,489.9,120.8,0,78,15:50:45
5,1.94,97.2,486,188.6,0,78,15:50:50
4.97,2.62,97.1,482.6,254.4,0,77,15:50:55
5.01,2.56,97.2,487,248.8,0,77,15:51:00
4.91,3.1,97.1,476.8,301,0,77,15:51:05
5.06,3.75,97,490.8,363.8,0,77,15:51:10
4.6,5.59,96.7,444.8,540.6,0,76,15:51:15
4.63,5.92,96.7,447.7,572.5,0,75,15:51:20
4.54,6.32,96.5,438.1,609.9,0,75,15:51:25
5.03,5.87,96.6,485.9,567,0,75,15:51:30
4.77,5.94,96.6,460.8,573.8,0,75,15:51:35
4.45,5.7,96.6,429.9,550.6,0,76,15:51:40
4.25,5.48,96.6,410.6,529.4,0,76,15:51:45
4.14,5.48,96.6,399.9,529.4,0,76,15:51:50
4.13,5.07,96.7,399.4,490.3,0,76,15:51:55
4.4,5.3,96.7,425.5,512.5,0,76,15:52:00
4.28,6.13,96.5,413,591.5,0,75,15:52:05
3.58,7.21,96.3,344.8,694.3,0,75,15:52:10
3.57,7.01,96.3,343.8,675.1,0,75,15:52:15
4.06,6.43,96.4,391.4,619.9,0,75,15:52:20
4.09,6.5,96.4,394.3,626.6,0,75,15:52:25
3.78,6.59,96.3,364,634.6,0,75,15:52:30
4.1,6.37,96.3,394.8,613.4,0,75,15:52:35
4.45,5.9,96.4,429,568.8,0,75,15:52:40
4.42,5.67,96.5,426.5,547.2,0,75,15:52:45
4.33,5.42,96.5,417.8,523,0,76,15:52:50
4.19,5.51,96.5,404.3,531.7,0,76,15:52:55
4.13,5.51,96.5,398.5,531.7,0,75,15:53:00
4.27,5.58,96.5,412.1,538.5,0,75,15:53:05
4.28,5.3,96.5,413,511.5,0,76,15:53:10
4.43,5.21,96.5,427.5,502.8,0,76,15:53:15
4.39,5.33,96.5,423.6,514.3,0,76,15:53:20
4.4,5.49,96.4,424.2,529.2,0,76,15:53:25
4.41,5.48,96.5,425.6,528.8,0,75,15:53:30
4.51,5.33,96.5,435.2,514.3,0,75,15:53:35
4.44,5.26,96.5,428.5,507.6,0,76,15:53:40
4.47,5.66,96.5,431.4,546.2,0,75,15:53:45
4.32,5.4,96.4,416.4,520.6,0,76,15:53:50
4.63,5.55,96.4,446.3,535,0,75,15:53:55
4.54,5.65,96.4,437.7,544.7,0,75,15:54:00
4.59,5.72,96.4,442.5,551.4,0,75,15:54:05
4.66,5.56,96.4,449.2,536,0,75,15:54:10
4.52,5.83,96.4,435.7,562,0,75,15:54:15
4.48,5.73,96.4,431.9,552.4,0,75,15:54:20
4.66,5.82,96.4,449.2,561,0,75,15:54:25
4.68,5.68,96.3,450.7,547,0,75,15:54:30
4.79,5.34,96.4,461.8,514.8,0,75,15:54:35
4.74,6.2,96.3,456.5,597.1,0,75,15:54:40
4.84,6.74,96.2,465.6,648.4,0,74,15:54:45
4.77,7.25,96.1,458.4,696.7,0,74,15:54:50
4.92,7.66,96,472.3,735.4,0,74,15:54:55
5.06,8.15,95.9,485.3,781.6,0,73,15:55:00
5.04,8.63,95.9,483.3,827.6,0,73,15:55:05
4.98,9.41,95.7,476.6,900.5,0,73,15:55:10
5.01,9.91,95.6,479,947.4,0,73,15:55:15
5.02,10.42,95.5,479.4,995.1,0,72,15:55:20
5.05,10.54,95.5,482.3,1006.6,0,72,15:55:25
5.03,10.15,95.5,480.4,969.3,0,72,15:55:30
4.99,9.6,95.6,477,917.8,0,72,15:55:35
4.99,9.68,95.6,477,925.4,0,72,15:55:40
4.97,9.7,95.5,474.6,926.4,0,73,15:55:45
4.98,9.96,95.5,475.6,951.2,0,72,15:55:50
5.02,10.34,95.5,479.4,987.5,0,72,15:55:55
4.96,11.32,95.3,472.7,1078.8,0,72,15:56:00
5.02,12.11,95.2,477.9,1152.9,0,71,15:56:05
5.08,13.29,94.9,482.1,1261.2,0,71,15:56:10
4.91,13.42,94.9,466,1273.6,0,70,15:56:15
4.98,13.56,94.8,472.1,1285.5,0,70,15:56:20
4.95,11.84,95.1,470.7,1126,0,71,15:56:25
4.91,10.53,95.2,467.4,1002.5,0,72,15:56:30
5.03,8.54,95.5,480.4,815.6,0,73,15:56:35
4.89,6.84,95.7,468,654.6,0,74,15:56:40
4.71,5.09,96.1,452.6,489.1,0,75,15:56:45
4.73,3.27,96.3,455.5,314.9,0,76,15:56:50
4.63,2.38,96.5,446.8,229.7,0,77,15:56:55
4.73,1.61,96.7,457.4,155.7,0,77,15:57:00
4.38,2.69,96.5,422.7,259.6,0,77,15:57:05
4.73,3.01,96.5,456.4,290.5,0,77,15:57:10
4.72,3.64,96.4,455,350.9,0,76,15:57:15
4.79,4,96.4,461.8,385.6,0,76,15:57:20
4.89,4.27,96.3,470.9,411.2,0,76,15:57:25
4.89,3.97,96.4,471.4,382.7,0,76,15:57:30
4.85,4,96.4,467.5,385.6,0,76,15:57:35
4.21,4.73,96.3,405.4,455.5,0,76,15:57:40
4.82,5.01,96.2,463.7,482,0,75,15:57:45
4.75,5.71,96.1,456.5,548.7,0,75,15:57:50
4.79,5.8,96.1,460.3,557.4,0,75,15:57:55
4.77,5.87,96,457.9,563.5,0,75,15:58:00
4.9,6.01,96.1,470.9,577.6,0,75,15:58:05
4.92,6.49,95.9,471.8,622.4,0,74,15:58:10
4.91,7.1,95.9,470.9,680.9,0,74,15:58:15
4.89,7.44,95.8,468.5,712.8,0,74,15:58:20
4.88,7.26,95.8,467.5,695.5,0,74,15:58:25
4.91,7.02,95.8,470.4,672.5,0,74,15:58:30
4.92,6.73,95.8,471.3,644.7,0,74,15:58:35
4.92,6.65,95.8,471.3,637.1,0,74,15:58:40
4.88,7.99,95.6,466.5,763.8,0,73,15:58:45
4.92,7.99,95.6,470.4,763.8,0,73,15:58:50
4.92,7.09,95.8,471.3,679.2,0,74,15:58:55
4.69,6.43,95.8,449.3,616,0,74,15:59:00
4.57,5.95,95.9,438.3,570.6,0,75,15:59:05
4.43,5.83,95.9,424.8,559.1,0,75,15:59:10
3.44,4.61,96.1,330.6,443,0,76,15:59:15
4.07,4.23,96.2,391.5,406.9,0,76,15:59:20
4.28,4.7,96.1,411.3,451.7,0,76,15:59:25
3.7,5.88,95.9,354.8,563.9,0,75,15:59:30
3.74,6.62,95.8,358.3,634.2,0,75,15:59:35
4.51,6.69,95.8,432.1,640.9,0,74,15:59:40
3.35,7.28,95.7,320.6,696.7,0,74,15:59:45
3.33,6.4,95.8,319,613.1,0,75,15:59:50
3.35,5.57,95.9,321.3,534.2,0,75,15:59:55
4.38,5.16,96,420.5,495.4,0,75,16:00:00
4.55,7.77,95.6,435,742.8,0,73,16:00:05
4.24,10.8,95.2,403.6,1028.2,0,72,16:00:10
3.66,7.97,95.5,349.5,761.1,0,74,16:00:15
4.01,3.42,96.1,385.4,328.7,0,77,16:00:20
4.28,1.52,96.5,413,146.7,0,77,16:00:25
4.47,3.27,96.3,430.5,314.9,0,76,16:00:30
3.22,4.67,96.1,309.4,448.8,0,76,16:00:35
4.41,4.37,96.1,423.8,420,0,76,16:00:40
4.05,5.3,96,388.8,508.8,0,75,16:00:45
3.44,6.62,95.7,329.2,633.5,0,75,16:00:50
4.58,6.22,95.8,438.8,595.9,0,74,16:00:55
4.27,6.63,95.8,409.1,635.2,0,74,16:01:00
4.45,6.24,95.8,426.3,597.8,0,75,16:01:05
4.5,5.18,95.9,431.6,496.8,0,75,16:01:10
3.08,6.32,95.8,295.1,605.5,0,75,16:01:15
2.55,6.97,95.6,243.8,666.3,0,75,16:01:20
3.93,6.09,95.8,376.5,583.4,0,75,16:01:25
2.93,6.36,95.7,280.4,608.7,0,75,16:01:30
2.54,7.28,95.6,242.8,696,0,75,16:01:35
3.74,6.41,95.7,357.9,613.4,0,75,16:01:40
3.23,6.96,95.6,308.8,665.4,0,75,16:01:45
2.99,7.21,95.5,285.5,688.6,0,74,16:01:50
3.56,7.39,95.5,340,705.7,0,74,16:01:55
2.75,8.26,95.4,262.4,788,0,74,16:02:00
4.57,6.67,95.6,436.9,637.7,0,74,16:02:05
3.2,7.62,95.5,305.6,727.7,0,74,16:02:10
4.62,7.08,95.5,441.2,676.1,0,74,16:02:15
2.99,7.87,95.4,285.2,750.8,0,74,16:02:20
4.54,6.79,95.5,433.6,648.4,0,74,16:02:25
3.52,6.85,95.6,336.5,654.9,0,74,16:02:30
3.56,6.68,95.5,340,637.9,0,75,16:02:35
4.54,5.98,95.7,434.5,572.3,0,75,16:02:40
2.22,7.5,95.4,211.8,715.5,0,75,16:02:45
4.75,5.79,95.7,454.6,554.1,0,74,16:02:50
4.53,6.07,95.7,433.5,580.9,0,74,16:02:55
3.21,7.29,95.4,306.2,695.5,0,74,16:03:00
3.6,7.37,95.4,343.4,703.1,0,74,16:03:05
4.79,6.49,95.5,457.4,619.8,0,74,16:03:10
3.75,7.18,95.5,358.1,685.7,0,74,16:03:15
4.75,6.24,95.6,454.1,596.5,0,74,16:03:20
3.58,7.96,95.3,341.2,758.6,0,74,16:03:25
4.23,8.3,95.3,403.1,791,0,73,16:03:30
4.79,9.31,95.1,455.5,885.4,0,72,16:03:35
4.74,9.49,95,450.3,901.6,0,72,16:03:40
1.4,11.78,94.7,132.6,1115.6,0,72,16:03:45
4.68,9.3,95,444.6,883.5,0,72,16:03:50
4.6,9.16,95,437,870.2,0,72,16:03:55
4.73,9.12,95,449.4,866.4,0,72,16:04:00
4.77,9.8,95,453.2,931,0,72,16:04:05
4.71,10.28,94.8,446.5,974.5,0,72,16:04:10
4.52,8.95,95,429.4,850.3,0,73,16:04:15
4.61,7.64,95.2,438.9,727.3,0,74,16:04:20
3.99,6.1,95.5,381,582.6,0,75,16:04:25
3.44,4.36,95.7,329.2,417.3,0,76,16:04:30
2.49,3.09,95.9,238.8,296.3,0,77,16:04:35
3.81,2.03,96.1,366.1,195.1,0,77,16:04:40
4.44,2.44,96.1,426.7,234.5,0,77,16:04:45
4.37,3.17,96,419.5,304.3,0,76,16:04:50
4.22,3.3,96,405.1,316.8,0,76,16:04:55
4.5,2.45,96.1,432.5,235.4,0,77,16:05:00
4.44,0.61,96.4,428,58.8,0,78,16:05:05
3.32,0.45,96.4,320,43.4,0,79,16:05:10
3.28,1.46,96.3,315.9,140.6,0,78,16:05:15
4.31,1.76,96.3,415.1,169.5,0,77,16:05:20
4.39,2.98,96.1,421.9,286.4,0,77,16:05:25
2.86,4.64,95.9,274.3,445,0,76,16:05:30
2.84,4.97,95.8,272.1,476.1,0,76,16:05:35
4.22,4.94,95.8,404.3,473.3,0,75,16:05:40
2.63,6.36,95.5,251.2,607.4,0,75,16:05:45
2.71,6.83,95.5,258.8,652.3,0,75,16:05:50
3.97,6.34,95.5,379.1,605.5,0,74,16:05:55
4.26,6.01,95.6,407.3,574.6,0,74,16:06:00
3.51,6.77,95.5,335.2,646.5,0,74,16:06:05
4.26,6.17,95.5,406.8,589.2,0,74,16:06:10
4.32,6.14,95.5,412.6,586.4,0,74,16:06:15
3.65,6.79,95.4,348.2,647.8,0,74,16:06:20
4.01,6.69,95.4,382.6,638.2,0,74,16:06:25
4.39,6.83,95.4,418.8,651.6,0,74,16:06:30
3.68,7.73,95.2,350.3,735.9,0,74,16:06:35
4.19,7.99,95.1,398.5,759.8,0,73,16:06:40
4.31,8.2,95.1,409.9,779.8,0,73,16:06:45
4.4,7.52,95.2,418.9,715.9,0,73,16:06:50
4.39,6.17,95.4,418.8,588.6,0,74,16:06:55
4.48,5.55,95.4,427.4,529.5,0,75,16:07:00
4.48,5.86,95.4,427.4,559,0,75,16:07:05
4.4,6.31,95.4,419.8,602,0,74,16:07:10
4.49,6.09,95.4,428.3,581,0,74,16:07:15
3.99,6.43,95.3,380.2,612.8,0,74,16:07:20
4.46,7.6,95.2,424.6,723.5,0,73,16:07:25
4,7.29,95.1,380.4,693.3,0,74,16:07:30
4.67,6.32,95.3,445.1,602.3,0,74,16:07:35
4.61,5.78,95.5,440.3,552,0,73,16:07:40
4.43,11.59,94.6,419.1,1096.4,0,73,16:07:45
4.7,10.39,94.7,445.1,983.9,0,75,16:07:50
4.6,10.5,94.6,435.2,993.3,0,75,16:07:55
4.47,12.42,94.4,422,1172.4,0,75,16:08:00
4.49,12.23,94.3,423.4,1153.3,0,75,16:08:05
4.52,11.21,94.5,427.1,1059.3,0,77,16:08:10
4.3,9.14,94.7,407.2,865.6,0,78,16:08:15
4.36,8.83,94.8,413.3,837.1,0,79,16:08:20
4.58,8.96,94.7,433.7,848.5,0,79,16:08:25
4.3,9.24,94.7,407.2,875,0,79,16:08:30
4.4,8.81,94.7,416.7,834.3,0,78,16:08:35
4.46,8.25,94.8,422.8,782.1,0,79,16:08:40
3.95,9.1,94.7,374.1,861.8,0,78,16:08:45
3.68,10.86,94.4,347.4,1025.2,0,78,16:08:50
4.43,10.91,94.4,418.2,1029.9,0,77,16:08:55
3.16,12.23,94.2,297.7,1152.1,0,77,16:09:00
4.36,11.89,94.2,410.7,1120,0,76,16:09:05
4.47,11.61,94.2,421.1,1093.7,0,76,16:09:10
4.33,11.28,94.3,408.3,1063.7,0,77,16:09:15
4.43,10.74,94.3,417.7,1012.8,0,78,16:09:20
4.32,7.94,94.7,409.1,751.9,0,79,16:09:25
4.43,6.72,94.9,420.4,637.7,0,80,16:09:30
4.47,6.32,94.9,424.2,599.8,0,80,16:09:35
4.5,6.59,94.9,427.1,625.4,0,80,16:09:40
2.98,7.79,94.8,282.5,738.5,0,80,16:09:45
4.3,7.9,94.8,407.6,748.9,0,79,16:09:50
4.29,6.94,94.9,407.1,658.6,0,80,16:09:55
4.51,6.05,95,428.5,574.8,0,80,16:10:00
4.52,5.56,95.1,429.9,528.8,0,80,16:10:05
4.49,5.46,95.1,427,519.2,0,81,16:10:10
4.49,4.72,95.3,427.9,449.8,0,81,16:10:15
3.98,5.3,95.2,378.9,504.6,0,81,16:10:20
4.35,5.29,95.2,414.1,503.6,0,81,16:10:25
4.81,5.03,95.2,457.9,478.9,0,81,16:10:30
4.09,5.64,95.2,389.4,536.9,0,81,16:10:35
3.22,5.53,95.2,306.5,526.5,0,81,16:10:40
2.56,5.58,95.2,243.7,531.2,0,82,16:10:45
1.83,6.02,95.1,174,572.5,0,82,16:10:50
2.14,5.92,95.1,203.5,563,0,82,16:10:55
3.62,5.5,95.2,344.6,523.6,0,81,16:11:00
2.27,7.5,94.9,215.4,711.8,0,80,16:11:05
1.73,8.49,94.8,164,804.9,0,80,16:11:10
3.22,7.84,94.7,304.9,742.4,0,80,16:11:15
2.91,7.9,94.8,275.9,748.9,0,80,16:11:20
2.2,8.76,94.7,208.3,829.6,0,80,16:11:25
1.62,9.55,94.5,153.1,902.5,0,79,16:11:30
2.84,9.11,94.5,268.4,860.9,0,79,16:11:35
4.04,8.1,94.7,382.6,767.1,0,79,16:11:40
2.97,8.12,94.7,281.3,769,0,79,16:11:45
2.83,8.65,94.5,267.4,817.4,0,79,16:11:50
4.35,8.41,94.6,411.5,795.6,0,79,16:11:55
4.29,8.26,94.6,405.8,781.4,0,79,16:12:00
2.73,9.02,94.5,258,852.4,0,79,16:12:05
2.44,8.9,94.5,230.6,841.1,0,79,16:12:10
4.55,7.56,94.7,430.9,715.9,0,79,16:12:15
4.18,7.99,94.6,395.4,755.9,0,79,16:12:20
2.28,11.5,94.1,214.5,1082.2,0,78,16:12:25
4.3,7.9,94.6,406.8,747.3,0,79,16:12:30
3.69,7.48,94.6,349.1,707.6,0,79,16:12:35
4.46,6.76,94.8,422.8,640.8,0,80,16:12:40
1.32,9.27,94.4,124.6,875.1,0,80,16:12:45
4.5,7.82,94.6,425.7,739.8,0,79,16:12:50
4.16,7.51,94.7,394,711.2,0,79,16:12:55
4.15,5.45,95,394.3,517.8,0,81,16:13:00
4.15,5.14,95,394.3,488.3,0,81,16:13:05
4.15,5.64,94.9,393.8,535.2,0,81,16:13:10
4.54,4.99,95,431.3,474.1,0,80,16:13:15
2.03,7.57,94.6,192,716.1,0,80,16:13:20
4.45,6.3,94.8,421.9,597.2,0,80,16:13:25
4.68,6.84,94.7,443.2,647.7,0,79,16:13:30
4.19,7.48,94.6,396.4,707.6,0,79,16:13:35
4.56,9.27,94.4,430.5,875.1,0,78,16:13:40
4.3,11.59,94,404.2,1089.5,0,76,16:13:45
4.42,10.96,94,415.5,1030.2,0,77,16:13:50
3,11.4,94,282,1071.6,0,78,16:13:55
4.38,10.38,94.1,412.2,976.8,0,77,16:14:00
1.13,11.6,93.9,106.1,1089.2,0,78,16:14:05
4.22,8.23,94.3,397.9,776.1,0,79,16:14:10
4.2,7.56,94.5,396.9,714.4,0,79,16:14:15
2.87,8.46,94.3,270.6,797.8,0,79,16:14:20
4.35,7.69,94.4,410.6,725.9,0,79,16:14:25
1.8,9.45,94.1,169.4,889.2,0,79,16:14:30
3.47,8.57,94.3,327.2,808.2,0,79,16:14:35
3.62,6.66,94.6,342.5,630,0,80,16:14:40
4.39,5.79,94.8,416.2,548.9,0,80,16:14:45
3.04,5.67,94.8,288.2,537.5,0,81,16:14:50
4.22,4.94,94.9,400.5,468.8,0,81,16:14:55
4.31,4.81,94.9,409,456.5,0,81,16:15:00
3.32,6.41,94.7,314.4,607,0,80,16:15:05
1.8,8.06,94.4,169.9,760.9,0,80,16:15:10
4.25,6.92,94.5,401.6,653.9,0,79,16:15:15
2.35,0.94,95.5,224.4,89.8,0,78,16:15:20
4.12,2.39,95.4,393,228,0,76,16:15:25
3.08,5.96,94.8,292,565,0,75,16:15:30
4.5,5.16,94.9,427.1,489.7,0,74,16:15:35
4.44,6.75,94.7,420.5,639.2,0,73,16:15:40
4.1,7.28,94.5,387.5,688,0,73,16:15:45
4.2,8.32,94.4,396.5,785.4,0,73,16:15:50
4.5,5.81,94.7,426.2,550.2,0,74,16:15:55
4.4,4.66,94.9,417.6,442.2,0,75,16:16:00
1.77,5.98,94.8,167.8,566.9,0,75,16:16:05
4.52,4.03,95.1,429.9,383.3,0,75,16:16:10
1.85,6.38,94.7,175.2,604.2,0,75,16:16:15
3.25,5.48,94.8,308.1,519.5,0,75,16:16:20
3.28,4.72,94.9,311.3,447.9,0,75,16:16:25
2.33,5.58,94.8,220.9,529,0,75,16:16:30
3.79,4.08,95,360.1,387.6,0,75,16:16:35
2.64,4.56,95,250.8,433.2,0,75,16:16:40
2.33,5.75,94.8,220.9,545.1,0,75,16:16:45
2.96,5.66,94.8,280.6,536.6,0,75,16:16:50
4.05,4.89,94.9,384.3,464.1,0,75,16:16:55
3.58,4.56,95,340.1,433.2,0,75,16:17:00
3.19,4.56,95,303.1,433.2,0,75,16:17:05
3.24,4.86,94.9,307.5,461.2,0,75,16:17:10
2.16,5.41,94.8,204.8,512.9,0,75,16:17:15
2.17,5.04,94.9,205.9,478.3,0,75,16:17:20
4.56,4.02,95,433.2,381.9,0,75,16:17:25
3.72,5.27,94.9,353,500.1,0,74,16:17:30
3.99,4.6,94.9,378.7,436.5,0,75,16:17:35
2.83,4.89,94.9,268.6,464.1,0,75,16:17:40
4.3,4.54,94.9,408.1,430.8,0,75,16:17:45
4.33,5.28,94.8,410.5,500.5,0,74,16:17:50
4.33,5.21,94.8,410.5,493.9,0,74,16:17:55
4.38,5.58,94.7,414.8,528.4,0,74,16:18:00
3.54,6.75,94.6,334.9,638.6,0,74,16:18:05
3.47,6.56,94.6,328.3,620.6,0,74,16:18:10
4.25,6.65,94.6,402.1,629.1,0,73,16:18:15
1.62,8.92,94.2,152.6,840.3,0,73,16:18:20
3.93,7.38,94.4,371,696.7,0,73,16:18:25
4.2,6.57,94.5,396.9,620.9,0,73,16:18:30
4.2,6.28,94.5,396.9,593.5,0,74,16:18:35
2.58,6.77,94.5,243.8,639.8,0,74,16:18:40
4.26,5.28,94.7,403.4,500,0,74,16:18:45
3.6,5.87,94.6,340.6,555.3,0,74,16:18:50
2.88,6.27,94.5,272.2,592.5,0,74,16:18:55
1.38,7.74,94.3,130.1,729.9,0,74,16:19:00
1.34,8.25,94.2,126.2,777.2,0,73,16:19:05
1.66,7.78,94.3,156.5,733.7,0,74,16:19:10
1.19,7.94,94.2,112.1,747.9,0,74,16:19:15
3.97,6.19,94.5,375.2,585,0,74,16:19:20
4.14,6.03,94.5,391.2,569.8,0,74,16:19:25
3.4,6.3,94.5,321.3,595.4,0,74,16:19:30
1.98,7.21,94.3,186.7,679.9,0,74,16:19:35
3.35,7.17,94.3,315.9,676.1,0,73,16:19:40
2.49,7.72,94.2,234.6,727.2,0,73,16:19:45
2.55,7.51,94.3,240.5,708.2,0,73,16:19:50
4.06,6.38,94.4,383.3,602.3,0,74,16:19:55
3.38,6.44,94.4,319.1,607.9,0,74,16:20:00
3.5,7.26,94.2,329.7,683.9,0,73,16:20:05
3.94,6.77,94.3,371.5,638.4,0,73,16:20:10
2.19,7.1,94.3,206.5,669.5,0,74,16:20:15
2.97,6.27,94.4,280.4,591.9,0,74,16:20:20
3.3,5.6,94.5,311.9,529.2,0,74,16:20:25
2.63,6.31,94.4,248.3,595.7,0,74,16:20:30
2.29,6.74,94.3,215.9,635.6,0,74,16:20:35
3.9,6.03,94.4,368.2,569.2,0,74,16:20:40
1.34,8.38,94.1,126.1,788.6,0,73,16:20:45
2.12,8.31,94.1,199.5,782,0,73,16:20:50
2.64,7.99,94.1,248.4,751.9,0,73,16:20:55
3.37,6.33,94.3,317.8,596.9,0,74,16:21:00
3.88,5.99,94.4,366.3,565.5,0,74,16:21:05
1.6,7.43,94.2,150.7,699.9,0,74,16:21:10
2.81,7.1,94.2,264.7,668.8,0,74,16:21:15
3.19,6.52,94.3,300.8,614.8,0,74,16:21:20
2.46,6.85,94.2,231.7,645.3,0,74,16:21:25
2.84,7.07,94.2,267.5,666,0,74,16:21:30
3.74,6.31,94.3,352.7,595,0,73,16:21:35
3.73,6.53,94.2,351.4,615.1,0,73,16:21:40
3.74,7.07,94.1,351.9,665.3,0,73,16:21:45
3.76,6.41,94.3,354.6,604.5,0,73,16:21:50
1.99,9.12,93.9,186.9,856.4,0,73,16:21:55
3.88,8.94,93.8,363.9,838.6,0,72,16:22:00
3.99,8.65,93.9,374.7,812.2,0,72,16:22:05
1.52,10.81,93.6,142.3,1011.8,0,72,16:22:10
3.89,8.01,93.9,365.3,752.1,0,72,16:22:15
3.79,8.76,93.8,355.5,821.7,0,72,16:22:20
3.89,8.51,93.8,364.9,798.2,0,72,16:22:25
3.81,8.05,93.9,357.8,755.9,0,72,16:22:30
2.38,7.62,93.9,223.5,715.5,0,73,16:22:35
3.21,5.86,94.3,302.7,552.6,0,74,16:22:40
3.78,5.31,94.3,356.5,500.7,0,74,16:22:45
3.64,4.72,94.4,343.6,445.6,0,75,16:22:50
3.82,4.01,94.5,361,378.9,0,75,16:22:55
3.35,4.83,94.4,316.2,456,0,75,16:23:00
3.82,4.3,94.5,361,406.4,0,75,16:23:05
2.43,6.62,94.2,228.9,623.6,0,74,16:23:10
3.08,6.82,94.1,289.8,641.8,0,74,16:23:15
3.77,5.94,94.2,355.1,559.5,0,74,16:23:20
1.93,7.03,94.1,181.6,661.5,0,74,16:23:25
3.4,6.59,94.1,319.9,620.1,0,73,16:23:30
3.33,7.81,93.9,312.7,733.4,0,73,16:23:35
3.54,7.35,94,332.8,690.9,0,73,16:23:40
2.03,-1.67,95.4,193.7,-159.3,0,71,16:23:45
2.6,-2.14,95.5,248.3,-204.4,0,67,16:23:50
3.71,-3.16,95.7,355,-302.4,0,64,16:23:55
3.29,-2.79,95.6,314.5,-266.7,0,63,16:24:00
3.97,-3.41,95.9,380.7,-327,0,60,16:24:05
2.45,-2.01,95.7,234.5,-192.4,0,58,16:24:10
1.65,-1.27,95.6,157.7,-121.4,0,55,16:24:15
3.96,21.01,92.4,365.9,1941.3,0,60,16:24:20
3.87,20.07,92.3,357.2,1852.5,0,66,16:24:25
3.55,14.11,93,330.2,1312.2,0,69,16:24:30
2.83,11.91,93.3,264,1111.2,0,71,16:24:35
2.69,11.47,93.3,251,1070.2,0,71,16:24:40
3.47,10.75,93.4,324.1,1004.1,0,71,16:24:45
3.39,9.01,93.6,317.3,843.3,0,72,16:24:50
2.87,9.1,93.6,268.6,851.8,0,72,16:24:55
3.21,7.84,93.7,300.8,734.6,0,72,16:25:00
2.71,9.26,93.6,253.7,866.7,0,72,16:25:05
3.21,8.26,93.6,300.5,773.1,0,73,16:25:10
3.63,7.06,93.8,340.5,662.2,0,73,16:25:15
2.35,9.05,93.6,220,847.1,0,72,16:25:20
3.62,8.02,93.7,339.2,751.5,0,73,16:25:25
3.57,6.39,93.9,335.2,600,0,73,16:25:30
1.11,5.92,94,104.3,556.5,0,75,16:25:35
2.18,4.29,94.3,205.6,404.5,0,75,16:25:40
2.53,5.12,94.2,238.3,482.3,0,75,16:25:45
3.38,5.53,94.1,318.1,520.4,0,74,16:25:50
3.6,5.91,94.1,338.8,556.1,0,74,16:25:55
3.67,6.76,93.9,344.6,634.8,0,73,16:26:00
1.92,6.84,93.9,180.3,642.3,0,74,16:26:05
3.58,5.81,94,336.5,546.1,0,73,16:26:10
1.98,6.68,93.9,185.9,627.3,0,74,16:26:15
1.04,7.42,93.8,97.6,696,0,74,16:26:20
1.43,7.59,93.7,134,711.2,0,73,16:26:25
1.12,7.57,93.8,105.1,710.1,0,74,16:26:30
1.6,7.28,93.8,150.1,682.9,0,73,16:26:35
2.45,7.54,93.7,229.6,706.5,0,73,16:26:40
2.86,6.93,93.8,268.3,650,0,73,16:26:45
2.93,7.53,93.7,274.5,705.6,0,73,16:26:50
3.69,7.21,93.8,346.1,676.3,0,73,16:26:55
1.76,7.7,93.7,164.9,721.5,0,73,16:27:00
1.4,8.33,93.6,131,779.7,0,73,16:27:05
2.99,7.3,93.7,280.2,684,0,73,16:27:10
2.09,7.59,93.7,195.8,711.2,0,73,16:27:15
1.32,8.31,93.5,123.4,777,0,73,16:27:20
2.07,8.14,93.5,193.5,761.1,0,73,16:27:25
2.99,7.82,93.6,279.9,732,0,73,16:27:30
1.21,9.38,93.3,112.9,875.2,0,73,16:27:35
1.98,8.87,93.4,184.9,828.5,0,73,16:27:40
2.51,8.45,93.5,234.7,790.1,0,73,16:27:45
1.34,9.27,93.3,125,864.9,0,73,16:27:50
3.13,8.11,93.5,292.7,758.3,0,72,16:27:55
3.03,8.12,93.4,283,758.4,0,72,16:28:00
2.77,7.89,93.5,259,737.7,0,72,16:28:05
2.75,7.58,93.6,257.4,709.5,0,72,16:28:10
3.39,7.02,93.6,317.3,657.1,0,73,16:28:15
3.74,6.96,93.6,350.1,651.5,0,72,16:28:20
3.88,7.57,93.5,362.8,707.8,0,72,16:28:25
3.84,8.22,93.4,358.7,767.7,0,72,16:28:30
3.64,9.37,93.3,339.6,874.2,0,71,16:28:35
2.16,12.2,92.8,200.4,1132.2,0,70,16:28:40
4.01,12.32,92.8,372.1,1143.3,0,70,16:28:45
3.78,11.88,92.9,351.2,1103.7,0,70,16:28:50
3.21,11.74,92.8,297.9,1089.5,0,70,16:28:55
1.22,10.48,93,113.5,974.6,0,71,16:29:00
3.58,7.82,93.4,334.4,730.4,0,72,16:29:05
3.95,7.25,93.4,368.9,677.2,0,72,16:29:10
2.45,7.48,93.4,228.8,698.6,0,73,16:29:15
3.68,6.78,93.5,344.1,633.9,0,73,16:29:20
2.55,7.04,93.5,238.4,658.2,0,73,16:29:25
3.65,5.78,93.6,341.6,541,0,74,16:29:30
3.61,5.46,93.7,338.3,511.6,0,73,16:29:35
3.49,5.88,93.7,327,551,0,73,16:29:40
2.99,5.89,93.6,279.9,551.3,0,74,16:29:45
3.62,5.07,93.8,339.6,475.6,0,74,16:29:50
3.56,5.33,93.7,333.6,499.4,0,73,16:29:55
2.89,5.82,93.7,270.8,545.3,0,74,16:30:00
2.72,6.65,93.5,254.3,621.8,0,73,16:30:05
3.27,5.31,93.7,306.4,497.5,0,74,16:30:10
3.4,4.35,93.9,319.3,408.5,0,74,16:30:15
2.47,5.03,93.8,231.7,471.8,0,74,16:30:20
3.31,5.63,93.7,310.1,527.5,0,74,16:30:25
3.2,4.5,93.9,300.5,422.6,0,74,16:30:30
2.99,4.97,93.8,280.5,466.2,0,74,16:30:35
2.73,5.59,93.7,255.8,523.8,0,74,16:30:40
2.83,5.88,93.7,265.2,551,0,74,16:30:45
2.77,5.62,93.7,259.5,526.6,0,74,16:30:50
2.16,5.95,93.6,202.2,556.9,0,74,16:30:55
2.85,5.63,93.7,267,527.5,0,74,16:31:00
2.05,6.63,93.5,191.7,619.9,0,73,16:31:05
3.57,5.26,93.8,334.9,493.4,0,74,16:31:10
1.71,6.96,93.5,159.9,650.8,0,73,16:31:15
2.89,6.66,93.5,270.2,622.7,0,73,16:31:20
1.9,7.09,93.5,177.7,662.9,0,73,16:31:25
3.65,5.52,93.7,342,517.2,0,74,16:31:30
2.02,5.89,93.6,189.1,551.3,0,74,16:31:35
1.61,6.35,93.5,150.5,593.7,0,74,16:31:40
2.42,5.89,93.6,226.5,551.3,0,74,16:31:45
1.21,6.87,93.4,113,641.7,0,74,16:31:50
2.67,5.72,93.7,250.2,536,0,74,16:31:55
1.01,7.49,93.4,94.3,699.6,0,73,16:32:00
2.06,6.77,93.4,192.4,632.3,0,73,16:32:05
3.04,5.92,93.6,284.5,554.1,0,73,16:32:10
2.53,6.74,93.4,236.3,629.5,0,73,16:32:15
1.75,6.82,93.4,163.5,637,0,73,16:32:20
2.53,6.54,93.5,236.6,611.5,0,73,16:32:25
2.54,5.94,93.5,237.5,555.4,0,73,16:32:30
1.42,6.81,93.4,132.6,636.1,0,73,16:32:35
1.03,7.75,93.2,96,722.3,0,73,16:32:40
3.72,6.45,93.4,347.4,602.4,0,73,16:32:45
2.87,6.43,93.4,268.1,600.6,0,73,16:32:50
3.42,6.5,93.4,319.4,607.1,0,73,16:32:55
3.61,6.82,93.3,336.8,636.3,0,73,16:33:00
3.02,6.79,93.4,282.1,634.2,0,73,16:33:05
2.7,5.71,93.5,252.5,533.9,0,74,16:33:10
3.16,5.07,93.6,295.8,474.6,0,74,16:33:15
2.01,6.2,93.4,187.7,579.1,0,73,16:33:20
2.77,6.58,93.4,258.7,614.6,0,73,16:33:25
1.05,-0.96,94.5,99.2,-90.7,0,72,16:33:30
1.67,-1.28,94.6,158,-121.1,0,69,16:33:35
1.99,-1.58,94.7,188.5,-149.6,0,66,16:33:40
2.72,-2.26,94.8,257.9,-214.2,0,63,16:33:45
2.99,14.22,92.5,276.6,1315.4,0,64,16:33:50
3.57,15.27,92.2,329.2,1407.9,0,68,16:33:55
3.27,10.94,92.7,303.1,1014.1,0,70,16:34:00
3.43,7.72,93.1,319.3,718.7,0,72,16:34:05
2.44,6.95,93.3,227.7,648.4,0,73,16:34:10
3.45,5.78,93.4,322.2,539.9,0,73,16:34:15
3.4,4.93,93.5,317.9,461,0,74,16:34:20
2.03,6.51,93.3,189.4,607.4,0,73,16:34:25
2.47,6.22,93.3,230.5,580.3,0,73,16:34:30
3.35,5.41,93.4,312.9,505.3,0,73,16:34:35
2.15,6.74,93.3,200.6,628.8,0,73,16:34:40
3.41,5.66,93.4,318.5,528.6,0,73,16:34:45
2.2,6.7,93.2,205,624.4,0,73,16:34:50
3.46,5.79,93.4,323.2,540.8,0,73,16:34:55
3.68,5.69,93.4,343.7,531.4,0,73,16:35:00
3.72,6.97,93.1,346.3,648.9,0,72,16:35:05
3.76,7.81,93.1,350.1,727.1,0,72,16:35:10
3.81,7.94,93,354.3,738.4,0,71,16:35:15
3.04,8.64,92.9,282.4,802.7,0,71,16:35:20
3.72,7.63,93,346,709.6,0,72,16:35:25
3.34,6.43,93.2,311.3,599.3,0,73,16:35:30
3.38,-24.56,97.5,329.6,-2394.6,0,70,16:35:35
0.95,-0.63,94.6,89.9,-59.6,0,59,16:35:40
3.67,-0.6,94.5,346.8,-56.7,0,58,16:35:45
3.48,1.65,94.2,327.8,155.4,0,60,16:35:50
3.51,0.67,94.3,331,63.2,0,62,16:35:55
3.51,-7.91,95.6,335.6,-756.2,0,59,16:36:00
3.68,-3.14,95,349.6,-298.3,0,57,16:36:05
3.74,-3.2,95,355.3,-304,0,56,16:36:10
1.16,0.67,94.5,109.6,63.3,0,55,16:36:15
3.59,1.53,94.4,338.9,144.4,0,55,16:36:20
3.6,1.51,94.3,339.5,142.4,0,55,16:36:25
3.43,1.64,94.3,323.4,154.7,0,55,16:36:30
3.52,2.18,94.2,331.6,205.4,0,55,16:36:35
3.57,3.44,94,335.6,323.4,0,56,16:36:40
3.58,3.42,94,336.5,321.5,0,56,16:36:45
3.65,3.36,94,343.1,315.8,0,57,16:36:50
3.65,3.36,94,343.1,315.8,0,57,16:36:55
3.68,3.3,94,345.9,310.2,0,57,16:37:00
3.74,4.79,93.8,350.8,449.3,0,56,16:37:05
3.83,12.65,92.7,355,1172.7,0,58,16:37:10
3.88,21.84,91.3,354.2,1994,0,62,16:37:15
3.82,18.92,91.6,349.9,1733.1,0,66,16:37:20
3.78,6.01,93.2,352.3,560.1,0,68,16:37:25
3.46,-2.92,94.6,327.3,-276.2,0,64,16:37:30
3.35,17.75,91.7,307.2,1627.7,0,66,16:37:35
3.53,10.91,92.6,326.9,1010.3,0,70,16:37:40
3.47,6.55,93.1,323.1,609.8,0,73,16:37:45
1.95,5.76,93.3,181.9,537.4,0,74,16:37:50
3.37,3.67,93.6,315.4,343.5,0,74,16:37:55
3.43,3.44,93.6,321,322,0,75,16:38:00
1.4,5.26,93.4,130.8,491.3,0,74,16:38:05
3.43,4.18,93.6,321,391.2,0,74,16:38:10
3.37,4.77,93.5,315.1,446,0,74,16:38:15
3.49,5.47,93.3,325.6,510.4,0,73,16:38:20
3.54,5.45,93.3,330.3,508.5,0,73,16:38:25
3.54,6.33,93.2,329.9,590,0,73,16:38:30
3.65,6.43,93.2,340.2,599.3,0,73,16:38:35
3.71,6.97,93.1,345.4,648.9,0,72,16:38:40
3.47,7.65,92.9,322.4,710.7,0,72,16:38:45
3.57,7.78,93,332,723.5,0,72,16:38:50
3.43,7.43,93,319,691,0,72,16:38:55
3.44,7.03,93,319.9,653.8,0,72,16:39:00
3.52,6.61,93.1,327.7,615.4,0,72,16:39:05
3.43,5.43,93.2,319.7,506.1,0,73,16:39:10
3.45,5.79,93.2,321.5,539.6,0,73,16:39:15
3.45,6.02,93.1,321.2,560.5,0,73,16:39:20
3.5,4.51,93.4,326.9,421.2,0,74,16:39:25
3.48,2.98,93.6,325.7,278.9,0,75,16:39:30
3.68,0.71,93.9,345.6,66.7,0,76,16:39:35
3.8,-0.83,94.2,358,-78.2,0,77,16:39:40
3.83,0.28,94,360,26.3,0,76,16:39:45
3.91,3.49,93.6,366,326.7,0,74,16:39:50
4.03,6.62,93.2,375.6,617,0,72,16:39:55
4.06,8.77,92.8,376.8,813.9,0,71,16:40:00
4.01,8.71,92.8,372.1,808.3,0,71,16:40:05
3.93,7.85,92.9,365.1,729.3,0,72,16:40:10
3.77,6.9,93,350.6,641.7,0,72,16:40:15
3.92,7.67,92.9,364.2,712.5,0,72,16:40:20
4.01,10.02,92.5,370.9,926.9,0,70,16:40:25
4.07,11.33,92.3,375.7,1045.8,0,69,16:40:30
3.95,10.79,92.4,365,997,0,70,16:40:35
3.86,9.17,92.6,357.4,849.1,0,71,16:40:40
3.79,7.24,92.8,351.7,671.9,0,72,16:40:45
3.82,5.59,93,355.3,519.9,0,73,16:40:50
3.69,3.12,93.4,344.6,291.4,0,74,16:40:55
3.67,1.03,93.8,344.2,96.6,0,76,16:41:00
3.79,1.14,93.8,355.5,106.9,0,76,16:41:05
3.89,2.97,93.5,363.7,277.7,0,74,16:41:10
3.8,5.64,93.1,353.8,525.1,0,73,16:41:15
3.78,5.66,93.1,351.9,526.9,0,73,16:41:20
3.76,4.58,93.2,350.4,426.9,0,73,16:41:25
3.66,3.68,93.4,341.8,343.7,0,74,16:41:30
3.79,3.07,93.5,354.4,287,0,75,16:41:35
3.72,2.8,93.6,348.2,262.1,0,75,16:41:40
3.75,3.43,93.4,350.3,320.4,0,74,16:41:45
3.81,4.4,93.3,355.5,410.5,0,74,16:41:50
3.84,5.17,93.2,357.9,481.8,0,73,16:41:55
3.87,5.52,93.1,360.3,513.9,0,73,16:42:00
3.84,5.75,93.1,357.5,535.3,0,73,16:42:05
3.78,5.85,93.1,351.9,544.6,0,72,16:42:10
3.89,6.41,93,361.8,596.1,0,72,16:42:15
3.79,6.94,92.8,351.7,644,0,72,16:42:20
3.81,6.27,92.9,353.9,582.5,0,72,16:42:25
3.79,5.84,93,352.5,543.1,0,72,16:42:30
3.79,5.76,93,352.5,535.7,0,72,16:42:35
3.76,6.42,92.9,349.3,596.4,0,72,16:42:40
3.79,6.55,92.9,352.1,608.5,0,72,16:42:45
3.75,6.44,92.9,348.4,598.3,0,72,16:42:50
3.85,6.3,92.9,357.7,585.3,0,72,16:42:55
3.71,6.24,92.8,344.3,579.1,0,72,16:43:00
3.73,6.07,92.9,346.5,563.9,0,72,16:43:05
3.8,5.49,93,353.4,510.6,0,73,16:43:10
3.78,5.66,93,351.5,526.4,0,73,16:43:15
3.66,5.77,92.9,340,536,0,73,16:43:20
3.67,5.96,92.9,340.9,553.7,0,73,16:43:25
3.73,6.51,92.8,346.1,604.1,0,72,16:43:30
3.72,6.88,92.7,344.8,637.8,0,72,16:43:35
3.75,7.06,92.7,347.6,654.5,0,72,16:43:40
3.6,6.84,92.7,333.7,634.1,0,72,16:43:45
3.64,6.64,92.8,337.8,616.2,0,72,16:43:50
3.55,6.31,92.8,329.4,585.6,0,73,16:43:55
3.58,5.66,92.9,332.6,525.8,0,73,16:44:00
3.64,5.98,92.8,337.8,554.9,0,72,16:44:05
3.68,7.08,92.7,341.1,656.3,0,72,16:44:10
3.66,7.37,92.6,338.9,682.5,0,71,16:44:15
3.66,9.01,92.4,338.2,832.5,0,71,16:44:20
3.7,9.35,92.3,341.5,863,0,70,16:44:25
3.68,9.8,92.2,339.3,903.6,0,70,16:44:30
1.68,9.96,92.2,154.9,918.3,0,71,16:44:35
3.66,7.85,92.4,338.2,725.3,0,71,16:44:40
3.56,6.03,92.7,330,559,0,72,16:44:45
3.39,4.36,93,315.3,405.5,0,74,16:44:50
3.4,2.98,93.2,316.9,277.7,0,74,16:44:55
3.51,2.73,93.2,327.1,254.4,0,75,16:45:00
1.06,5.48,92.9,98.5,509.1,0,74,16:45:05
3.57,5.04,92.9,331.7,468.2,0,73,16:45:10
3.18,5.49,92.8,295.1,509.5,0,73,16:45:15
3.67,5.37,92.8,340.6,498.3,0,73,16:45:20
3.29,5.56,92.8,305.3,516,0,73,16:45:25
3.61,5.78,92.8,335,536.4,0,72,16:45:30
3.65,7.49,92.5,337.6,692.8,0,72,16:45:35
3.59,7.61,92.4,331.7,703.2,0,71,16:45:40
3.53,6.51,92.6,326.9,602.8,0,72,16:45:45
2.86,5.95,92.7,265.1,551.6,0,73,16:45:50
0.9,6.48,92.6,83.3,600,0,73,16:45:55
3.68,5.29,92.7,341.1,490.4,0,73,16:46:00
3.48,5.79,92.7,322.6,536.7,0,72,16:46:05
3.49,6.1,92.7,323.5,565.5,0,72,16:46:10
3.5,5.72,92.6,324.1,529.7,0,73,16:46:15
3.49,4.68,92.8,323.9,434.3,0,73,16:46:20
3.53,4.39,92.9,327.9,407.8,0,73,16:46:25
3.56,4.13,92.9,330.7,383.7,0,73,16:46:30
3.5,5.37,92.7,324.5,497.8,0,73,16:46:35
3.67,5.82,92.7,340.2,539.5,0,73,16:46:40
3.77,6.23,92.6,349.1,576.9,0,72,16:46:45
3.72,5.76,92.6,344.5,533.4,0,72,16:46:50
3.72,5.75,92.7,344.8,533,0,72,16:46:55
3.62,6.72,92.5,334.9,621.6,0,72,16:47:00
3.61,7.21,92.4,333.6,666.2,0,71,16:47:05
3.23,9.96,92,297.2,916.3,0,70,16:47:10
3.23,10.01,92,297.2,920.9,0,70,16:47:15
3.13,8.96,92.1,288.3,825.2,0,71,16:47:20
0.83,9.4,92.1,76.4,865.7,0,71,16:47:25
2.95,5.96,92.5,272.9,551.3,0,72,16:47:30
2.96,5.03,92.6,274.1,465.8,0,73,16:47:35
2.51,4.22,92.8,232.9,391.6,0,74,16:47:40
2.92,3.62,92.9,271.3,336.3,0,74,16:47:45
2.95,3.64,92.9,274.1,338.2,0,74,16:47:50
3.02,4.47,92.8,280.3,414.8,0,73,16:47:55
3,5.11,92.7,278.1,473.7,0,73,16:48:00
2.98,6.43,92.4,275.4,594.1,0,72,16:48:05
3.1,6.32,92.5,286.8,584.6,0,72,16:48:10
2.99,7.08,92.3,276,653.5,0,72,16:48:15
2.96,6.61,92.4,273.5,610.8,0,72,16:48:20
2.98,7.01,92.4,275.4,647.7,0,72,16:48:25
2.92,5.58,92.5,270.1,516.2,0,73,16:48:30
2.87,3.65,92.8,266.3,338.7,0,74,16:48:35
3.12,2.72,93,290.2,253,0,74,16:48:40
3.16,3.85,92.8,293.2,357.3,0,74,16:48:45
3.32,4.83,92.7,307.8,447.7,0,73,16:48:50
3.47,5.65,92.5,321,522.6,0,72,16:48:55
3.48,6.46,92.4,321.6,596.9,0,72,16:49:00
3.64,6.08,92.4,336.3,561.8,0,72,16:49:05
3.77,7.35,92.2,347.6,677.7,0,71,16:49:10
3.8,7.97,92.1,350,734,0,71,16:49:15
3.8,7.73,92.1,350,711.9,0,71,16:49:20
3.8,7.33,92.2,350.4,675.8,0,71,16:49:25
3.81,7.36,92.2,351.3,678.6,0,71,16:49:30
3.8,8.24,92.1,350,758.9,0,71,16:49:35
3.75,7.57,92.1,345.4,697.2,0,71,16:49:40
3.72,7.05,92.2,343,650,0,71,16:49:45
3.75,7.11,92.2,345.8,655.5,0,72,16:49:50
3.84,6.17,92.3,354.4,569.5,0,72,16:49:55
3.86,6.02,92.3,356.3,555.6,0,72,16:50:00
3.8,6.7,92.2,350.4,617.7,0,72,16:50:05
3.74,6.9,92.2,344.8,636.2,0,72,16:50:10
3.79,6.12,92.3,349.8,564.9,0,72,16:50:15
3.73,6.24,92.2,343.9,575.3,0,72,16:50:20
3.59,6.54,92.2,331,603,0,72,16:50:25
1.43,7.67,92.1,131.7,706.4,0,72,16:50:30
3.31,6.56,92.2,305.2,604.8,0,72,16:50:35
3.25,6.98,92.1,299.3,642.9,0,72,16:50:40
3.07,6.88,92.1,282.7,633.6,0,72,16:50:45
1.07,7.67,92,98.4,705.6,0,72,16:50:50
1.53,7.93,92,140.8,729.6,0,72,16:50:55
1.14,8.22,91.9,104.8,755.4,0,72,16:51:00
1.74,8.16,91.9,159.9,749.9,0,71,16:51:05
2.79,9.45,91.7,255.8,866.6,0,70,16:51:10
1.9,9.87,91.7,174.2,905.1,0,70,16:51:15
2.81,7.82,91.9,258.2,718.7,0,71,16:51:20
2.9,6.94,92,266.8,638.5,0,72,16:51:25
3.01,6.28,92.1,277.2,578.4,0,72,16:51:30
3.14,6.05,92.1,289.2,557.2,0,72,16:51:35
2.3,5.86,92.2,212.1,540.3,0,72,16:51:40
3.37,5.83,92.2,310.7,537.5,0,72,16:51:45
3.42,5.85,92.2,315.3,539.4,0,72,16:51:50
3.46,5.37,92.2,319,495.1,0,72,16:51:55
3.57,6.06,92.1,328.8,558.1,0,72,16:52:00
3.61,5.42,92.2,332.8,499.7,0,72,16:52:05
3.65,5.61,92.2,336.5,517.2,0,72,16:52:10
3.63,5.96,92.1,334.3,548.9,0,72,16:52:15
3.71,5.55,92.2,342.1,511.7,0,72,16:52:20
3.68,6.05,92.1,338.9,557.2,0,72,16:52:25
3.68,5.32,92.2,339.3,490.5,0,72,16:52:30
3.66,5.7,92.2,337.5,525.5,0,72,16:52:35
3.65,5.37,92.2,336.5,495.1,0,72,16:52:40
3.64,5.26,92.2,335.6,485,0,72,16:52:45
3.63,5.82,92.1,334.3,536,0,72,16:52:50
3.62,5.4,92.2,333.8,497.9,0,72,16:52:55
3.59,4.07,92.3,331.4,375.7,0,73,16:53:00
3.52,2.18,92.7,326.3,202.1,0,74,16:53:05
3.66,2.47,92.6,338.9,228.7,0,74,16:53:10
3.57,3.85,92.5,330.2,356.1,0,73,16:53:15
3.4,4.64,92.4,314.2,428.7,0,73,16:53:20
3.49,5.66,92.2,321.8,521.9,0,72,16:53:25
2.07,7.72,91.9,190.2,709.5,0,71,16:53:30
3.31,8.47,91.8,303.9,777.5,0,70,16:53:35
3.36,8.2,91.8,308.4,752.8,0,70,16:53:40
3.37,8.66,91.6,308.7,793.3,0,70,16:53:45
3.3,7.78,91.8,302.9,714.2,0,71,16:53:50
3.28,7.1,91.9,301.4,652.5,0,71,16:53:55
3.27,6.19,92,300.8,569.5,0,72,16:54:00
3.26,5.95,92,299.9,547.4,0,72,16:54:05
2.76,6.76,91.9,253.6,621.2,0,72,16:54:10
3.33,5.79,92,306.4,532.7,0,72,16:54:15
3.34,6.34,91.9,306.9,582.6,0,72,16:54:20
3.28,6.9,91.8,301.1,633.4,0,72,16:54:25
3.31,7.21,91.8,303.9,661.9,0,71,16:54:30
3.29,7.36,91.8,302,675.6,0,71,16:54:35
3.27,7.4,91.8,300.2,679.3,0,71,16:54:40
3.26,7.53,91.7,298.9,690.5,0,71,16:54:45
3.28,7.27,91.8,301.1,667.4,0,71,16:54:50
3.26,7.54,91.7,298.9,691.4,0,71,16:54:55
3.26,7.92,91.6,298.6,725.5,0,71,16:55:00
3.28,7.16,91.7,300.8,656.6,0,71,16:55:05
3.27,7.57,91.7,299.9,694.2,0,71,16:55:10
3.31,7.05,91.7,303.5,646.5,0,71,16:55:15
3.33,5.49,91.9,306,504.5,0,72,16:55:20
3.15,5.51,91.9,289.5,506.4,0,72,16:55:25
2.82,5.24,92,259.4,482.1,0,73,16:55:30
2.24,5.27,92,206.1,484.8,0,73,16:55:35
3.1,4.8,92,285.2,441.6,0,73,16:55:40
2.99,5.5,91.9,274.8,505.5,0,72,16:55:45
1.6,6.47,91.8,146.9,593.9,0,72,16:55:50
2.95,5.27,92,271.4,484.8,0,72,16:55:55
2.25,6.61,91.8,206.6,606.8,0,72,16:56:00
2.93,5.71,91.9,269.3,524.7,0,72,16:56:05
0.79,7.93,91.5,72.3,725.6,0,72,16:56:10
2.96,7.12,91.7,271.4,652.9,0,71,16:56:15
1.39,8.33,91.5,127.2,762.2,0,71,16:56:20
3.05,7.28,91.7,279.7,667.6,0,71,16:56:25
3.14,7.12,91.7,287.9,652.9,0,71,16:56:30
2.96,7.45,91.5,270.8,681.7,0,71,16:56:35
2.99,7.14,91.6,273.9,654,0,71,16:56:40
2.96,6.82,91.7,271.4,625.4,0,71,16:56:45
3.01,6.73,91.7,276,617.1,0,71,16:56:50
2.86,7.01,91.6,262,642.1,0,71,16:56:55
2.51,7.33,91.6,229.9,671.4,0,71,16:57:00
3.12,7.22,91.6,285.8,661.4,0,71,16:57:05
2.86,7.35,91.5,261.7,672.5,0,71,16:57:10
2.91,7.12,91.5,266.3,651.5,0,71,16:57:15
2.85,7,91.6,261.1,641.2,0,71,16:57:20
2.87,7.26,91.5,262.6,664.3,0,71,16:57:25
2.22,7.77,91.4,202.9,710.2,0,71,16:57:30
2.67,7.36,91.4,244,672.7,0,71,16:57:35
2.81,7.04,91.5,257.1,644.2,0,71,16:57:40
2.81,6.39,91.6,257.4,585.3,0,71,16:57:45
2.79,6.63,91.5,255.3,606.6,0,71,16:57:50
2.73,6.7,91.6,250.1,613.7,0,71,16:57:55
1.2,7.68,91.5,109.8,702.7,0,71,16:58:00
2.84,6.53,91.6,260.1,598.1,0,71,16:58:05
2.26,6.44,91.6,207,589.9,0,72,16:58:10
2.77,5.89,91.6,253.7,539.5,0,72,16:58:15
2.75,6.15,91.6,251.9,563.3,0,72,16:58:20
2.84,5.17,91.8,260.7,474.6,0,72,16:58:25
1.26,7.25,91.4,115.2,662.7,0,72,16:58:30
2.92,5.97,91.6,267.5,546.9,0,72,16:58:35
2.84,5.78,91.6,260.1,529.4,0,72,16:58:40
1.27,7.47,91.4,116.1,682.8,0,72,16:58:45
1.02,7.57,91.4,93.2,691.9,0,72,16:58:50
0.83,7.74,91.4,75.9,707.4,0,71,16:58:55
1.32,6.74,91.5,120.8,616.7,0,72,16:59:00
1.6,7.19,91.4,146.2,657.2,0,71,16:59:05
1.36,7.88,91.3,124.2,719.4,0,71,16:59:10
1.44,9.97,91,131,907.3,0,70,16:59:15
1.59,12.44,90.6,144.1,1127.1,0,69,16:59:20
1.74,12.57,90.6,157.6,1138.8,0,68,16:59:25
1.62,10.48,90.9,147.3,952.6,0,70,16:59:30
1.91,6.66,91.3,174.4,608.1,0,71,16:59:35
1.55,4.5,91.7,142.1,412.7,0,73,16:59:40
1.49,5.12,91.6,136.5,469,0,73,16:59:45
1.27,6.91,91.4,116.1,631.6,0,72,16:59:50
1.23,6.9,91.3,112.3,630,0,72,16:59:55
1.38,6.64,91.4,126.1,606.9,0,72,17:00:00
1.09,7.28,91.3,99.5,664.7,0,72,17:00:05
1.87,7.34,91.3,170.7,670.1,0,71,17:00:10
1.71,7.22,91.2,156,658.5,0,71,17:00:15
1.8,7.18,91.2,164.2,654.8,0,71,17:00:20
1.83,8.63,91.1,166.7,786.2,0,70,17:00:25
2.28,7.76,91.2,207.9,707.7,0,70,17:00:30
1.7,7.49,91.2,155,683.1,0,71,17:00:35
2.13,5.93,91.4,194.7,542,0,72,17:00:40
1.25,6.46,91.3,114.1,589.8,0,72,17:00:45
0.73,7.66,91.2,66.6,698.6,0,72,17:00:50
1.16,6.2,91.4,106,566.7,0,72,17:00:55
2.07,5.93,91.4,189.2,542,0,72,17:01:00
2.1,4.89,91.5,192.2,447.4,0,72,17:01:05
1.55,3.47,91.7,142.1,318.2,0,74,17:01:10
1.46,2.9,91.8,134,266.2,0,74,17:01:15
1.75,3.46,91.8,160.7,317.6,0,73,17:01:20
2.16,4.7,91.5,197.6,430.1,0,73,17:01:25
1.81,5.28,91.5,165.6,483.1,0,72,17:01:30
2.06,5.44,91.5,188.5,497.8,0,72,17:01:35
1.85,5.64,91.4,169.1,515.5,0,72,17:01:40
1.96,6.16,91.4,179.1,563,0,72,17:01:45
2.02,6.64,91.3,184.4,606.2,0,71,17:01:50
1.83,6.75,91.2,166.9,615.6,0,71,17:01:55
1.37,7.24,91.2,124.9,660.3,0,71,17:02:00
1.96,7.14,91.2,178.8,651.2,0,71,17:02:05
1.58,8.11,91.1,143.9,738.8,0,71,17:02:10
1.77,7.6,91,161.1,691.6,0,71,17:02:15
1.47,6.93,91.2,134.1,632,0,71,17:02:20
2.03,6.37,91.2,185.1,580.9,0,71,17:02:25
2.19,6.46,91.2,199.7,589.2,0,71,17:02:30
1.27,7.14,91.1,115.7,650.5,0,71,17:02:35
2.09,6.68,91.2,190.6,609.2,0,71,17:02:40
1.78,7.08,91.1,162.2,645,0,71,17:02:45
2.08,7.03,91.1,189.5,640.4,0,71,17:02:50
1.5,7.33,91.1,136.7,667.8,0,71,17:02:55
1.73,7.31,91.1,157.6,665.9,0,71,17:03:00
1.47,7.72,91,133.8,702.5,0,71,17:03:05
1.58,7.44,91,143.8,677,0,71,17:03:10
1.04,7.8,90.9,94.5,709,0,71,17:03:15
1.24,8.74,90.8,112.6,793.6,0,71,17:03:20
1.79,8.04,90.9,162.7,730.8,0,70,17:03:25
1.46,8.11,90.8,132.6,736.4,0,70,17:03:30
2.01,7.39,91,182.9,672.5,0,71,17:03:35
0.9,7.51,91,81.9,683.4,0,71,17:03:40
2.25,6.94,91,204.8,631.5,0,71,17:03:45
1.89,7.43,90.9,171.8,675.4,0,71,17:03:50
1.67,8.58,90.8,151.6,779.1,0,70,17:03:55
2.15,8.29,90.8,195.2,752.7,0,70,17:04:00
2.13,8.01,90.9,193.6,728.1,0,70,17:04:05
2.2,8.44,90.8,199.8,766.4,0,70,17:04:10
1.62,10.75,90.5,146.6,972.9,0,69,17:04:15
2.33,11.27,90.4,210.6,1018.8,0,69,17:04:20
1.76,10.13,90.5,159.3,916.8,0,69,17:04:25
1.19,10.32,90.5,107.7,934,0,69,17:04:30
2.17,11.09,90.3,196,1001.4,0,69,17:04:35
2.15,9.96,90.5,194.6,901.4,0,69,17:04:40
2.11,9.35,90.5,191,846.2,0,70,17:04:45
2.13,8.77,90.6,193,794.6,0,70,17:04:50
2.05,9.38,90.6,185.7,849.8,0,70,17:04:55
2.21,9.43,90.5,200,853.4,0,69,17:05:00
2.18,8.61,90.6,197.5,780.1,0,70,17:05:05
1.37,7.99,90.6,124.1,723.9,0,70,17:05:10
1.57,7.2,90.8,142.6,653.8,0,71,17:05:15
1.62,5.14,91.1,147.6,468.3,0,72,17:05:20
1.99,3.25,91.4,181.9,297.1,0,73,17:05:25
1.77,3.39,91.3,161.6,309.5,0,73,17:05:30
0.85,5.99,91,77.4,545.1,0,72,17:05:35
1.13,7.09,90.9,102.7,644.5,0,71,17:05:40
2.01,8.38,90.7,182.3,760.1,0,70,17:05:45
0.86,12.21,90.2,77.6,1101.3,0,68,17:05:50
1.91,11.66,90.2,172.3,1051.7,0,68,17:05:55
2.12,10.78,90.3,191.4,973.4,0,69,17:06:00
2.17,10.32,90.3,196,931.9,0,69,17:06:05
2.24,9.64,90.4,202.5,871.5,0,69,17:06:10
2.12,8.99,90.5,191.9,813.6,0,70,17:06:15
2.28,8.1,90.6,206.6,733.9,0,70,17:06:20
2.22,8.31,90.5,200.9,752.1,0,70,17:06:25
2.29,8.03,90.6,207.5,727.5,0,70,17:06:30
2.23,6.14,90.8,202.5,557.5,0,71,17:06:35
1.86,4.93,91,169.3,448.6,0,72,17:06:40
2.25,4.14,91.2,205.2,377.6,0,72,17:06:45
1.58,6.44,90.8,143.5,584.8,0,71,17:06:50
1.01,7.36,90.7,91.6,667.6,0,71,17:06:55
2.07,6.92,90.8,188,628.3,0,71,17:07:00
1.77,9.83,90.3,159.8,887.6,0,69,17:07:05
1.59,10.78,90.2,143.4,972.4,0,69,17:07:10
2.14,8.17,90.5,193.7,739.4,0,70,17:07:15
2.01,5.84,90.8,182.5,530.3,0,72,17:07:20
1.04,6.81,90.7,94.3,617.7,0,72,17:07:25
1.29,7.04,90.7,117,638.5,0,71,17:07:30
0.83,7.55,90.6,75.2,684,0,71,17:07:35
2,6.62,90.7,181.4,600.4,0,71,17:07:40
2.46,6.28,90.8,223.4,570.2,0,71,17:07:45
1.52,7.33,90.7,137.9,664.8,0,71,17:07:50
2.11,6.6,90.7,191.4,598.6,0,71,17:07:55
1.45,6.58,90.8,131.7,597.5,0,71,17:08:00
1.02,6.66,90.7,92.5,604.1,0,71,17:08:05
1.9,5.82,90.8,172.5,528.5,0,71,17:08:10
1.18,6.14,90.8,107.1,557.5,0,71,17:08:15
0.92,6.11,90.8,83.5,554.8,0,71,17:08:20
1.68,5.59,90.9,152.7,508.1,0,71,17:08:25
1.14,5.7,90.8,103.5,517.6,0,72,17:08:30
1.82,5.19,90.9,165.4,471.8,0,72,17:08:35
1.93,5.3,90.9,175.4,481.8,0,72,17:08:40
1.48,5.89,90.8,134.4,534.8,0,71,17:08:45
1.28,6.48,90.7,116.1,587.7,0,71,17:08:50
1.31,-26.55,95.5,125.1,-2535.5,0,60,17:08:55
1.71,-1.32,92.1,157.5,-121.6,0,49,17:09:00
1.9,-1.5,92.1,175,-138.2,0,48,17:09:05
1.76,-1.37,92.1,162.1,-126.2,0,45,17:09:10
0.44,-9.94,93.3,41.1,-927.4,0,31,17:09:15
1.89,-2.74,92.4,174.6,-253.2,0,8,17:09:20
1.98,-1.59,92.2,182.6,-146.6,0,0,17:09:25
2.01,-1.61,92.2,185.3,-148.4,0,0,17:09:30
2.03,-1.63,92.2,187.2,-150.3,0,0,17:09:35
1.98,-1.59,92.2,182.6,-146.6,0,0,17:09:40
2.02,-1.62,92.2,186.2,-149.4,0,0,17:09:45
2.05,-1.65,92.2,189,-152.1,0,0,17:09:50
2.02,-1.63,92.2,186.2,-150.3,0,0,17:09:55
1.92,-1.53,92.2,177,-141.1,0,0,17:10:00
2.05,-1.65,92.2,189,-152.1,0,0,17:10:05
2.11,-1.71,92.2,194.5,-157.7,0,0,17:10:10
2.06,-1.66,92.2,189.9,-153.1,0,0,17:10:15
1.83,-1.45,92.2,168.7,-133.7,0,0,17:10:20
2.06,-1.67,92.2,189.9,-154,0,0,17:10:25
1.93,-1.54,92.2,177.9,-142,0,0,17:10:30
1.91,-1.52,92.2,176.1,-140.1,0,0,17:10:35
2.35,-1.94,92.3,216.9,-179.1,0,0,17:10:40
3.1,-2.63,92.4,286.4,-243,0,0,17:10:45
3.66,-3.14,92.4,338.2,-290.1,0,0,17:10:50
5.29,-4.66,92.7,490.4,-432,0,0,17:10:55
6.44,-5.73,92.8,597.6,-531.7,0,0,17:11:00
7.24,-6.47,92.9,672.6,-601.1,0,0,17:11:05
7.77,-6.97,93,722.6,-648.2,0,0,17:11:10
7.87,-7.06,93,731.9,-656.6,0,0,17:11:15
7.57,-6.77,93,704,-629.6,0,0,17:11:20
8.13,-7.3,93.1,756.9,-679.6,0,0,17:11:25
7.57,-6.79,93,704,-631.5,0,0,17:11:30
6.26,-5.56,92.9,581.6,-516.5,0,0,17:11:35
5.3,-4.66,92.8,491.8,-432.4,0,0,17:11:40
3.95,-3.41,92.6,365.8,-315.8,0,0,17:11:45
5.27,-4.64,92.8,489.1,-430.6,0,0,17:11:50
5.98,-5.3,92.8,554.9,-491.8,0,0,17:11:55
5.8,-5.13,92.9,538.8,-476.6,0,0,17:12:00
5.91,-5.23,92.9,549,-485.9,0,0,17:12:05
5.76,-5.1,92.9,535.1,-473.8,0,0,17:12:10
7.34,-6.57,93.1,683.4,-611.7,0,0,17:12:15
6.15,-5.46,92.9,571.3,-507.2,0,0,17:12:20
7.29,-6.53,93.1,678.7,-607.9,0,0,17:12:25
6.98,-6.24,93.1,649.8,-580.9,0,0,17:12:30
8.48,-7.62,93.2,790.3,-710.2,0,0,17:12:35
8.48,-7.62,93.3,791.2,-710.9,0,0,17:12:40
8.7,-7.84,93.3,811.7,-731.5,0,0,17:12:45
8.77,-7.89,93.3,818.2,-736.1,0,0,17:12:50
8.85,-7.97,93.4,826.6,-744.4,0,0,17:12:55
8.84,-7.96,93.4,825.7,-743.5,0,0,17:13:00
8.83,-7.95,93.4,824.7,-742.5,0,0,17:13:05
8.82,-7.94,93.4,823.8,-741.6,0,0,17:13:10
8.83,-7.94,93.4,824.7,-741.6,0,0,17:13:15
7.06,-6.31,93.2,658,-588.1,0,0,17:13:20
8.59,-7.73,93.4,802.3,-722,0,0,17:13:25
8.62,-7.75,93.4,805.1,-723.9,0,0,17:13:30
8.73,-7.86,93.4,815.4,-734.1,0,0,17:13:35
8.72,-7.85,93.4,814.4,-733.2,0,0,17:13:40
8.72,-7.84,93.4,814.4,-732.3,0,0,17:13:45
8.72,-7.84,93.4,814.4,-732.3,0,0,17:13:50
8.72,-7.85,93.5,815.3,-734,0,0,17:13:55
8.7,-7.83,93.5,813.5,-732.1,0,0,17:14:00
8.69,-7.82,93.5,812.5,-731.2,0,0,17:14:05
8.68,-7.81,93.6,812.4,-731,0,0,17:14:10
8.65,-7.78,93.6,809.6,-728.2,0,0,17:14:15
8.66,-7.79,93.6,810.6,-729.1,0,0,17:14:20
8.66,-7.79,93.6,810.6,-729.1,0,0,17:14:25
8.64,-7.78,93.6,808.7,-728.2,0,0,17:14:30
8.64,-7.78,93.6,808.7,-728.2,0,0,17:14:35
8.62,-7.75,93.6,806.8,-725.4,0,0,17:14:40
8.62,-7.75,93.6,806.8,-725.4,0,0,17:14:45
7.02,-6.27,93.4,655.7,-585.6,0,0,17:14:50
8.59,-7.72,93.6,804,-722.6,0,0,17:14:55
8.57,-7.71,93.6,802.2,-721.7,0,0,17:15:00
8.57,-7.71,93.6,802.2,-721.7,0,0,17:15:05
8.57,-7.71,93.6,802.2,-721.7,0,0,17:15:10
8.57,-7.7,93.6,802.2,-720.7,0,0,17:15:15
8.55,-7.7,93.6,800.3,-720.7,0,0,17:15:20
8.57,-7.71,93.7,803,-722.4,0,0,17:15:25
8.55,-7.69,93.7,801.1,-720.6,0,0,17:15:30
8.55,-7.69,93.7,801.1,-720.6,0,0,17:15:35
8.53,-7.67,93.7,799.3,-718.7,0,0,17:15:40
8.54,-7.68,93.7,800.2,-719.6,0,0,17:15:45
8.53,-7.68,93.7,799.3,-719.6,0,0,17:15:50
8.53,-7.68,93.7,799.3,-719.6,0,0,17:15:55
8.51,-7.66,93.7,797.4,-717.7,0,0,17:16:00
8.53,-7.67,93.7,799.3,-718.7,0,0,17:16:05
8.51,-7.66,93.7,797.4,-717.7,0,0,17:16:10
8.49,-7.64,93.7,795.5,-715.9,0,0,17:16:15
8.48,-7.63,93.7,794.6,-714.9,0,0,17:16:20
8.48,-7.64,93.7,794.6,-715.9,0,0,17:16:25
8.48,-7.63,93.7,794.6,-714.9,0,0,17:16:30
8.48,-7.63,93.7,794.6,-714.9,0,0,17:16:35
8.49,-7.64,93.8,796.4,-716.6,0,0,17:16:40
8.47,-7.62,93.8,794.5,-714.8,0,0,17:16:45
8.45,-7.61,93.8,792.6,-713.8,0,0,17:16:50
8.44,-7.59,93.9,792.5,-712.7,0,0,17:16:55
8.43,-7.58,93.9,791.6,-711.8,0,0,17:17:00
8.42,-7.57,93.9,790.6,-710.8,0,0,17:17:05
8.43,-7.57,93.9,791.6,-710.8,0,0,17:17:10
8.43,-7.57,93.9,791.6,-710.8,0,0,17:17:15
8.41,-7.56,93.9,789.7,-709.9,0,0,17:17:20
8.41,-7.56,93.9,789.7,-709.9,0,0,17:17:25
8.39,-7.55,93.9,787.8,-708.9,0,0,17:17:30
8.38,-7.54,93.9,786.9,-708,0,0,17:17:35
8.39,-7.53,93.9,787.8,-707.1,0,0,17:17:40
8.37,-7.52,93.9,785.9,-706.1,0,0,17:17:45
8.36,-7.52,93.9,785,-706.1,0,0,17:17:50
8.36,-7.52,93.9,785,-706.1,0,0,17:17:55
8.34,-7.51,94,784,-705.9,0,0,17:18:00
8.34,-7.5,93.9,783.1,-704.3,0,0,17:18:05
8.34,-7.5,93.9,783.1,-704.3,0,0,17:18:10
8.34,-7.5,93.9,783.1,-704.3,0,0,17:18:15
8.33,-7.5,94,783,-705,0,0,17:18:20
8.32,-7.48,94,782.1,-703.1,0,0,17:18:25
8.32,-7.48,94,782.1,-703.1,0,0,17:18:30
8.32,-7.48,94,782.1,-703.1,0,0,17:18:35
8.31,-7.46,94,781.1,-701.2,0,0,17:18:40
8.32,-7.48,94,782.1,-703.1,0,0,17:18:45
8.3,-7.46,94,780.2,-701.2,0,0,17:18:50
8.29,-7.46,94,779.3,-701.2,0,0,17:18:55
8.29,-7.45,94,779.3,-700.3,0,0,17:19:00
8.27,-7.43,94,777.4,-698.4,0,0,17:19:05
8.26,-7.42,94,776.4,-697.5,0,0,17:19:10
8.27,-7.42,94,777.4,-697.5,0,0,17:19:15
8.13,-7.31,94,764.2,-687.1,0,0,17:19:20
8.13,-7.3,94.1,765,-686.9,0,0,17:19:25
8.25,-7.41,94.2,777.2,-698,0,0,17:19:30
8.23,-7.39,94.2,775.3,-696.1,0,0,17:19:35
8.24,-7.4,94.1,775.4,-696.3,0,0,17:19:40
8.22,-7.39,94.2,774.3,-696.1,0,0,17:19:45
8.22,-7.39,94.2,774.3,-696.1,0,0,17:19:50
8.2,-7.37,94.2,772.4,-694.3,0,0,17:19:55
8.19,-7.36,94.2,771.5,-693.3,0,0,17:20:00
8.18,-7.36,94.2,770.6,-693.3,0,0,17:20:05
8.18,-7.36,94.2,770.6,-693.3,0,0,17:20:10
8.17,-7.35,94.2,769.6,-692.4,0,0,17:20:15
8.17,-7.35,94.2,769.6,-692.4,0,0,17:20:20
8.17,-7.35,94.2,769.6,-692.4,0,0,17:20:25
8.15,-7.32,94.2,767.7,-689.5,0,0,17:20:30
8.13,-7.32,94.2,765.8,-689.5,0,0,17:20:35
8.13,-7.31,94.2,765.8,-688.6,0,0,17:20:40
8.13,-7.3,94.2,765.8,-687.7,0,0,17:20:45
8.1,-7.27,94.2,763,-684.8,0,0,17:20:50
8.09,-7.27,94.3,762.9,-685.6,0,0,17:20:55
8.09,-7.26,94.3,762.9,-684.6,0,0,17:21:00
8.09,-7.26,94.3,762.9,-684.6,0,0,17:21:05
8.08,-7.26,94.3,761.9,-684.6,0,0,17:21:10
8.06,-7.24,94.3,760.1,-682.7,0,0,17:21:15
8.06,-7.23,94.3,760.1,-681.8,0,0,17:21:20
8.04,-7.22,94.3,758.2,-680.8,0,0,17:21:25
8.05,-7.23,94.3,759.1,-681.8,0,0,17:21:30
8.02,-7.2,94.3,756.3,-679,0,0,17:21:35
8.04,-7.22,94.3,758.2,-680.8,0,0,17:21:40
8.02,-7.21,94.3,756.3,-679.9,0,0,17:21:45
8,-7.19,94.3,754.4,-678,0,0,17:21:50
7.98,-7.17,94.3,752.5,-676.1,0,0,17:21:55
7.99,-7.17,94.3,753.5,-676.1,0,0,17:22:00
7.98,-7.16,94.3,752.5,-675.2,0,0,17:22:05
7.96,-7.16,94.4,751.4,-675.9,0,0,17:22:10
7.95,-7.13,94.5,751.3,-673.8,0,0,17:22:15
8.12,-7.29,94.5,767.3,-688.9,0,0,17:22:20
8.23,-7.4,94.5,777.7,-699.3,0,0,17:22:25
8.21,-7.37,94.5,775.8,-696.5,0,0,17:22:30
8.19,-7.35,94.5,774,-694.6,0,0,17:22:35
8.2,-7.37,94.5,774.9,-696.5,0,0,17:22:40
7.88,-7.07,94.5,744.7,-668.1,0,0,17:22:45
7.89,-7.09,94.5,745.6,-670,0,0,17:22:50
8.15,-7.32,94.5,770.2,-691.7,0,0,17:22:55
8.19,-7.36,94.5,774,-695.5,0,0,17:23:00
8.17,-7.35,94.5,772.1,-694.6,0,0,17:23:05
8.17,-7.35,94.5,772.1,-694.6,0,0,17:23:10
8.15,-7.33,94.5,770.2,-692.7,0,0,17:23:15
8.16,-7.34,94.5,771.1,-693.6,0,0,17:23:20
8.14,-7.32,94.5,769.2,-691.7,0,0,17:23:25
8.11,-7.28,94.5,766.4,-688,0,0,17:23:30
8.11,-7.28,94.5,766.4,-688,0,0,17:23:35
8.1,-7.27,94.5,765.5,-687,0,0,17:23:40
8.09,-7.26,94.6,765.3,-686.8,0,0,17:23:45
8.07,-7.24,94.5,762.6,-684.2,0,0,17:23:50
8.06,-7.24,94.6,762.5,-684.9,0,0,17:23:55
8.07,-7.25,94.6,763.4,-685.9,0,0,17:24:00
8.05,-7.23,94.6,761.5,-684,0,0,17:24:05
8.04,-7.22,94.6,760.6,-683,0,0,17:24:10
8.04,-7.22,94.6,760.6,-683,0,0,17:24:15
8.02,-7.21,94.6,758.7,-682.1,0,0,17:24:20
8.02,-7.21,94.6,758.7,-682.1,0,0,17:24:25
8.06,-7.24,94.6,762.5,-684.9,0,0,17:24:30
8.12,-7.29,94.6,768.2,-689.6,0,0,17:24:35
8.14,-7.31,94.6,770,-691.5,0,0,17:24:40
8.15,-7.32,94.6,771,-692.5,0,0,17:24:45
8.15,-7.32,94.6,771,-692.5,0,0,17:24:50
8.14,-7.32,94.7,770.9,-693.2,0,0,17:24:55
8.13,-7.3,94.7,769.9,-691.3,0,0,17:25:00
8.14,-7.31,94.7,770.9,-692.3,0,0,17:25:05
8.13,-7.31,94.7,769.9,-692.3,0,0,17:25:10
8.12,-7.3,94.7,769,-691.3,0,0,17:25:15
8.12,-7.3,94.8,769.8,-692,0,0,17:25:20
8.11,-7.28,94.7,768,-689.4,0,0,17:25:25
8.11,-7.28,94.8,768.8,-690.1,0,0,17:25:30
8.11,-7.29,94.8,768.8,-691.1,0,0,17:25:35
8.1,-7.26,94.8,767.9,-688.2,0,0,17:25:40
8.09,-7.26,94.8,766.9,-688.2,0,0,17:25:45
8.09,-7.26,94.8,766.9,-688.2,0,0,17:25:50
8.09,-7.26,94.8,766.9,-688.2,0,0,17:25:55
8.08,-7.26,94.9,766.8,-689,0,0,17:26:00
8.07,-7.24,94.8,765,-686.4,0,0,17:26:05
8.06,-7.23,94.8,764.1,-685.4,0,0,17:26:10
8.05,-7.23,94.9,763.9,-686.1,0,0,17:26:15
8.05,-7.23,94.9,763.9,-686.1,0,0,17:26:20
8.04,-7.22,94.9,763,-685.2,0,0,17:26:25
8.04,-7.22,94.9,763,-685.2,0,0,17:26:30
8.02,-7.2,94.9,761.1,-683.3,0,0,17:26:35
8.02,-7.2,94.9,761.1,-683.3,0,0,17:26:40
8.02,-7.2,95,761.9,-684,0,0,17:26:45
8.01,-7.19,95,761,-683.1,0,0,17:26:50
8,-7.17,95,760,-681.2,0,0,17:26:55
7.99,-7.18,95,759.1,-682.1,0,0,17:27:00
7.99,-7.17,95,759.1,-681.2,0,0,17:27:05
7.98,-7.16,95,758.1,-680.2,0,0,17:27:10
7.97,-7.16,95,757.2,-680.2,0,0,17:27:15
7.97,-7.16,95,757.2,-680.2,0,0,17:27:20
7.95,-7.15,95,755.3,-679.3,0,0,17:27:25
7.96,-7.15,95,756.2,-679.3,0,0,17:27:30
7.96,-7.14,95,756.2,-678.3,0,0,17:27:35
7.95,-7.13,95,755.3,-677.4,0,0,17:27:40
7.94,-7.12,95,754.3,-676.4,0,0,17:27:45
7.94,-7.14,95,754.3,-678.3,0,0,17:27:50
7.93,-7.12,95,753.4,-676.4,0,0,17:27:55
7.92,-7.1,95,752.4,-674.5,0,0,17:28:00
7.91,-7.1,95,751.5,-674.5,0,0,17:28:05
7.91,-7.1,95,751.5,-674.5,0,0,17:28:10
7.9,-7.08,95,750.5,-672.6,0,0,17:28:15
7.89,-7.09,95,749.6,-673.6,0,0,17:28:20
7.88,-7.08,95,748.6,-672.6,0,0,17:28:25
7.87,-7.07,95,747.7,-671.7,0,0,17:28:30
7.86,-7.05,95,746.7,-669.8,0,0,17:28:35
7.84,-7.03,95,744.8,-667.9,0,0,17:28:40
7.83,-7.02,95,743.9,-666.9,0,0,17:28:45
7.83,-7.02,95.1,744.6,-667.6,0,0,17:28:50
7.82,-7.02,95.1,743.7,-667.6,0,0,17:28:55
7.81,-7,95.1,742.7,-665.7,0,0,17:29:00
7.8,-6.99,95.1,741.8,-664.7,0,0,17:29:05
7.79,-6.98,95.1,740.8,-663.8,0,0,17:29:10
7.81,-6.99,95.1,742.7,-664.7,0,0,17:29:15
7.8,-6.99,95.1,741.8,-664.7,0,0,17:29:20
7.8,-6.98,95.1,741.8,-663.8,0,0,17:29:25
7.79,-6.98,95.1,740.8,-663.8,0,0,17:29:30
7.79,-6.98,95.1,740.8,-663.8,0,0,17:29:35
7.78,-6.98,95.1,739.9,-663.8,0,0,17:29:40
7.77,-6.97,95.2,739.7,-663.5,0,0,17:29:45
7.78,-6.97,95.2,740.7,-663.5,0,0,17:29:50
7.77,-6.96,95.1,738.9,-661.9,0,0,17:29:55
7.74,-6.95,95.2,736.8,-661.6,0,0,17:30:00
7.76,-6.96,95.2,738.8,-662.6,0,0,17:30:05
7.75,-6.96,95.3,738.6,-663.3,0,0,17:30:10
7.75,-6.96,95.2,737.8,-662.6,0,0,17:30:15
7.75,-6.95,95.2,737.8,-661.6,0,0,17:30:20
7.74,-6.95,95.3,737.6,-662.3,0,0,17:30:25
7.73,-6.93,95.3,736.7,-660.4,0,0,17:30:30
7.71,-6.92,95.3,734.8,-659.5,0,0,17:30:35
7.68,-6.9,95.3,731.9,-657.6,0,0,17:30:40
7.65,-6.87,95.3,729,-654.7,0,0,17:30:45
7.62,-6.82,95.3,726.2,-649.9,0,0,17:30:50
7.59,-6.79,95.3,723.3,-647.1,0,0,17:30:55
7.56,-6.77,95.3,720.5,-645.2,0,0,17:31:00
7.54,-6.76,95.3,718.6,-644.2,0,0,17:31:05
7.52,-6.74,95.3,716.7,-642.3,0,0,17:31:10
7.51,-6.73,95.3,715.7,-641.4,0,0,17:31:15
7.5,-6.73,95.3,714.8,-641.4,0,0,17:31:20
7.49,-6.71,95.3,713.8,-639.5,0,0,17:31:25
7.49,-6.71,95.3,713.8,-639.5,0,0,17:31:30
7.46,-6.68,95.3,710.9,-636.6,0,0,17:31:35
7.45,-6.68,95.3,710,-636.6,0,0,17:31:40
7.44,-6.66,95.3,709,-634.7,0,0,17:31:45
7.43,-6.65,95.3,708.1,-633.7,0,0,17:31:50
7.4,-6.63,95.3,705.2,-631.8,0,0,17:31:55
7.38,-6.61,95.3,703.3,-629.9,0,0,17:32:00
7.39,-6.62,95.3,704.3,-630.9,0,0,17:32:05
7.4,-6.63,95.3,705.2,-631.8,0,0,17:32:10
7.42,-6.64,95.3,707.1,-632.8,0,0,17:32:15
7.43,-6.65,95.3,708.1,-633.7,0,0,17:32:20
7.45,-6.66,95.3,710,-634.7,0,0,17:32:25
7.43,-6.65,95.3,708.1,-633.7,0,0,17:32:30
7.42,-6.64,95.3,707.1,-632.8,0,0,17:32:35
7.4,-6.63,95.3,705.2,-631.8,0,0,17:32:40
7.38,-6.61,95.3,703.3,-629.9,0,0,17:32:45
7.33,-6.56,95.3,698.5,-625.2,0,0,17:32:50
7.3,-6.53,95.3,695.7,-622.3,0,0,17:32:55
7.25,-6.48,95.3,690.9,-617.5,0,0,17:33:00
7.19,-6.43,95.3,685.2,-612.8,0,0,17:33:05
6.17,-5.49,95.2,587.4,-522.6,0,0,17:33:10
6.66,-5.93,95.2,634,-564.5,0,0,17:33:15
7.07,-6.32,95.3,673.8,-602.3,0,0,17:33:20
6.99,-6.23,95.3,666.1,-593.7,0,0,17:33:25
6.87,-6.13,95.3,654.7,-584.2,0,0,17:33:30
6.79,-6.05,95.3,647.1,-576.6,0,0,17:33:35
6.73,-6,95.3,641.4,-571.8,0,0,17:33:40
6.72,-5.99,95.3,640.4,-570.8,0,0,17:33:45
6.67,-5.94,95.3,635.7,-566.1,0,0,17:33:50
6.65,-5.93,95.3,633.7,-565.1,0,0,17:33:55
6.68,-5.96,95.3,636.6,-568,0,0,17:34:00
6.51,-5.8,95.3,620.4,-552.7,0,0,17:34:05
6.55,-5.83,95.3,624.2,-555.6,0,0,17:34:10
6.51,-5.8,95.3,620.4,-552.7,0,0,17:34:15
6.83,-6.09,95.3,650.9,-580.4,0,0,17:34:20
6.65,-5.92,95.4,634.4,-564.8,0,0,17:34:25
6.61,-5.88,95.3,629.9,-560.4,0,0,17:34:30
6.62,-5.89,95.4,631.5,-561.9,0,0,17:34:35
6.63,-5.91,95.3,631.8,-563.2,0,0,17:34:40
6.76,-6.04,95.4,644.9,-576.2,0,0,17:34:45
6.82,-6.07,95.4,650.6,-579.1,0,0,17:34:50
6.85,-6.11,95.4,653.5,-582.9,0,0,17:34:55
6.82,-6.09,95.4,650.6,-581,0,0,17:35:00
6.81,-6.07,95.4,649.7,-579.1,0,0,17:35:05
6.83,-6.08,95.4,651.6,-580,0,0,17:35:10
6.79,-6.05,95.4,647.8,-577.2,0,0,17:35:15
6.81,-6.07,95.4,649.7,-579.1,0,0,17:35:20
6.81,-6.07,95.4,649.7,-579.1,0,0,17:35:25
6.81,-6.07,95.5,650.4,-579.7,0,0,17:35:30
6.81,-6.06,95.4,649.7,-578.1,0,0,17:35:35
6.81,-6.07,95.4,649.7,-579.1,0,0,17:35:40
6.78,-6.06,95.4,646.8,-578.1,0,0,17:35:45
6.76,-6.02,95.5,645.6,-574.9,0,0,17:35:50
6.72,-6,95.4,641.1,-572.4,0,0,17:35:55
6.69,-5.95,95.4,638.2,-567.6,0,0,17:36:00
6.65,-5.92,95.4,634.4,-564.8,0,0,17:36:05
6.63,-5.92,95.5,633.2,-565.4,0,0,17:36:10
6.6,-5.88,95.5,630.3,-561.5,0,0,17:36:15
6.68,-5.95,95.5,637.9,-568.2,0,0,17:36:20
6.48,-5.75,95.5,618.8,-549.1,0,0,17:36:25
6.42,-5.71,95.5,613.1,-545.3,0,0,17:36:30
6.36,-5.66,95.5,607.4,-540.5,0,0,17:36:35
6.31,-5.61,95.5,602.6,-535.8,0,0,17:36:40
6.25,-5.55,95.4,596.3,-529.5,0,0,17:36:45
6.19,-5.5,95.4,590.5,-524.7,0,0,17:36:50
6.13,-5.44,95.4,584.8,-519,0,0,17:36:55
6.06,-5.38,95.4,578.1,-513.3,0,0,17:37:00
6,-5.32,95.4,572.4,-507.5,0,0,17:37:05
5.92,-5.25,95.4,564.8,-500.9,0,0,17:37:10
5.84,-5.17,95.4,557.1,-493.2,0,0,17:37:15
5.78,-5.13,95.4,551.4,-489.4,0,0,17:37:20
5.72,-5.07,95.4,545.7,-483.7,0,0,17:37:25
5.68,-5.03,95.4,541.9,-479.9,0,0,17:37:30
5.63,-4.97,95.4,537.1,-474.1,0,0,17:37:35
5.55,-4.91,95.4,529.5,-468.4,0,0,17:37:40
5.54,-4.89,95.4,528.5,-466.5,0,0,17:37:45
5.53,-4.87,95.4,527.6,-464.6,0,0,17:37:50
5.54,-4.89,95.4,528.5,-466.5,0,0,17:37:55
5.55,-4.91,95.4,529.5,-468.4,0,0,17:38:00
5.56,-4.91,95.4,530.4,-468.4,0,0,17:38:05
5.54,-4.88,95.4,528.5,-465.6,0,0,17:38:10
5.55,-4.9,95.4,529.5,-467.5,0,0,17:38:15
5.56,-4.91,95.4,530.4,-468.4,0,0,17:38:20
5.62,-4.96,95.4,536.1,-473.2,0,0,17:38:25
5.67,-5.02,95.4,540.9,-478.9,0,0,17:38:30
5.71,-5.06,95.5,545.3,-483.2,0,0,17:38:35
5.74,-5.09,95.5,548.2,-486.1,0,0,17:38:40
5.79,-5.14,95.5,552.9,-490.9,0,0,17:38:45
5.83,-5.17,95.5,556.8,-493.7,0,0,17:38:50
5.87,-5.2,95.5,560.6,-496.6,0,0,17:38:55
5.9,-5.22,95.6,564,-499,0,0,17:39:00
5.92,-5.25,95.6,566,-501.9,0,0,17:39:05
5.93,-5.27,95.6,566.9,-503.8,0,0,17:39:10
5.96,-5.29,95.6,569.8,-505.7,0,0,17:39:15
5.96,-5.29,95.6,569.8,-505.7,0,0,17:39:20
5.97,-5.29,95.6,570.7,-505.7,0,0,17:39:25
5.97,-5.3,95.6,570.7,-506.7,0,0,17:39:30
5.97,-5.29,95.6,570.7,-505.7,0,0,17:39:35
5.97,-5.3,95.6,570.7,-506.7,0,0,17:39:40
5.97,-5.29,95.6,570.7,-505.7,0,0,17:39:45
5.97,-5.29,95.6,570.7,-505.7,0,0,17:39:50
5.99,-5.31,95.6,572.6,-507.6,0,0,17:39:55
6.01,-5.33,95.6,574.6,-509.5,0,0,17:40:00
6.04,-5.36,95.6,577.4,-512.4,0,0,17:40:05
6.06,-5.38,95.6,579.3,-514.3,0,0,17:40:10
6.09,-5.41,95.6,582.2,-517.2,0,0,17:40:15
6.11,-5.43,95.6,584.1,-519.1,0,0,17:40:20
6.14,-5.45,95.6,587,-521,0,0,17:40:25
6.14,-5.45,95.6,587,-521,0,0,17:40:30
6.17,-5.47,95.6,589.9,-522.9,0,0,17:40:35
6.18,-5.49,95.6,590.8,-524.8,0,0,17:40:40
6.2,-5.5,95.7,593.3,-526.4,0,0,17:40:45
6.23,-5.54,95.7,596.2,-530.2,0,0,17:40:50
6.24,-5.55,95.7,597.2,-531.1,0,0,17:40:55
6.27,-5.58,95.7,600,-534,0,0,17:41:00
6.3,-5.6,95.7,602.9,-535.9,0,0,17:41:05
6.33,-5.62,95.7,605.8,-537.8,0,0,17:41:10
6.34,-5.63,95.7,606.7,-538.8,0,0,17:41:15
6.38,-5.68,95.7,610.6,-543.6,0,0,17:41:20
6.41,-5.7,95.7,613.4,-545.5,0,0,17:41:25
6.43,-5.72,95.7,615.4,-547.4,0,0,17:41:30
6.45,-5.73,95.7,617.3,-548.4,0,0,17:41:35
6.48,-5.76,95.7,620.1,-551.2,0,0,17:41:40
6.49,-5.77,95.7,621.1,-552.2,0,0,17:41:45
6.5,-5.78,95.7,622.1,-553.1,0,0,17:41:50
6.53,-5.81,95.8,625.6,-556.6,0,0,17:41:55
6.52,-5.8,95.7,624,-555.1,0,0,17:42:00
6.5,-5.78,95.8,622.7,-553.7,0,0,17:42:05
6.52,-5.8,95.8,624.6,-555.6,0,0,17:42:10
6.51,-5.79,95.8,623.7,-554.7,0,0,17:42:15
6.49,-5.77,95.8,621.7,-552.8,0,0,17:42:20
6.49,-5.78,95.8,621.7,-553.7,0,0,17:42:25
6.48,-5.77,95.8,620.8,-552.8,0,0,17:42:30
6.47,-5.76,95.9,620.5,-552.4,0,0,17:42:35
6.47,-5.75,95.8,619.8,-550.9,0,0,17:42:40
6.45,-5.73,95.8,617.9,-548.9,0,0,17:42:45
6.44,-5.73,95.9,617.6,-549.5,0,0,17:42:50
6.41,-5.7,95.9,614.7,-546.6,0,0,17:42:55
6.41,-5.71,95.9,614.7,-547.6,0,0,17:43:00
6.4,-5.69,95.9,613.8,-545.7,0,0,17:43:05
6.4,-5.69,95.9,613.8,-545.7,0,0,17:43:10
6.39,-5.68,95.9,612.8,-544.7,0,0,17:43:15
6.38,-5.67,95.9,611.8,-543.8,0,0,17:43:20
6.37,-5.68,95.9,610.9,-544.7,0,0,17:43:25
6.36,-5.65,95.9,609.9,-541.8,0,0,17:43:30
6.35,-5.65,95.9,609,-541.8,0,0,17:43:35
6.34,-5.63,95.9,608,-539.9,0,0,17:43:40
6.34,-5.62,95.9,608,-539,0,0,17:43:45
6.31,-5.62,95.9,605.1,-539,0,0,17:43:50
6.31,-5.61,95.9,605.1,-538,0,0,17:43:55
6.29,-5.59,95.9,603.2,-536.1,0,0,17:44:00
6.3,-5.59,95.9,604.2,-536.1,0,0,17:44:05
6.29,-5.59,95.9,603.2,-536.1,0,0,17:44:10
6.28,-5.58,95.9,602.3,-535.1,0,0,17:44:15
6.26,-5.56,95.9,600.3,-533.2,0,0,17:44:20
6.25,-5.56,95.9,599.4,-533.2,0,0,17:44:25
6.25,-5.55,95.9,599.4,-532.2,0,0,17:44:30
6.25,-5.55,95.9,599.4,-532.2,0,0,17:44:35
6.24,-5.55,95.9,598.4,-532.2,0,0,17:44:40
6.22,-5.53,95.9,596.5,-530.3,0,0,17:44:45
6.21,-5.51,95.9,595.5,-528.4,0,0,17:44:50
6.2,-5.51,95.9,594.6,-528.4,0,0,17:44:55
6.2,-5.5,95.9,594.6,-527.5,0,0,17:45:00
6.2,-5.51,95.9,594.6,-528.4,0,0,17:45:05
6.19,-5.49,95.9,593.6,-526.5,0,0,17:45:10
6.18,-5.49,95.9,592.7,-526.5,0,0,17:45:15
6.18,-5.48,95.9,592.7,-525.5,0,0,17:45:20
6.17,-5.48,95.9,591.7,-525.5,0,0,17:45:25
6.16,-5.47,95.9,590.7,-524.6,0,0,17:45:30
6.16,-5.47,95.9,590.7,-524.6,0,0,17:45:35
6.15,-5.46,95.9,589.8,-523.6,0,0,17:45:40
6.14,-5.46,95.9,588.8,-523.6,0,0,17:45:45
6.13,-5.45,95.9,587.9,-522.7,0,0,17:45:50
6.12,-5.43,95.9,586.9,-520.7,0,0,17:45:55
6.12,-5.44,95.9,586.9,-521.7,0,0,17:46:00
6.11,-5.43,95.9,585.9,-520.7,0,0,17:46:05
6.11,-5.42,95.9,585.9,-519.8,0,0,17:46:10
6.1,-5.41,95.9,585,-518.8,0,0,17:46:15
6.09,-5.41,95.9,584,-518.8,0,0,17:46:20
6.08,-5.4,95.9,583.1,-517.9,0,0,17:46:25
6.07,-5.39,95.9,582.1,-516.9,0,0,17:46:30
6.07,-5.38,96,582.7,-516.5,0,0,17:46:35
6.05,-5.37,95.9,580.2,-515,0,0,17:46:40
6.04,-5.36,95.9,579.2,-514,0,0,17:46:45
6.04,-5.36,96,579.8,-514.6,0,0,17:46:50
6.04,-5.35,96,579.8,-513.6,0,0,17:46:55
6.03,-5.34,96,578.9,-512.6,0,0,17:47:00
6.02,-5.34,95.9,577.3,-512.1,0,0,17:47:05
6.02,-5.34,96,577.9,-512.6,0,0,17:47:10
6,-5.31,96,576,-509.8,0,0,17:47:15
6,-5.32,96,576,-510.7,0,0,17:47:20
5.98,-5.3,95.9,573.5,-508.3,0,0,17:47:25
6,-5.31,96,576,-509.8,0,0,17:47:30
5.97,-5.29,96,573.1,-507.8,0,0,17:47:35
5.96,-5.29,96,572.2,-507.8,0,0,17:47:40
5.95,-5.28,96,571.2,-506.9,0,0,17:47:45
5.95,-5.28,96,571.2,-506.9,0,0,17:47:50
5.94,-5.27,96,570.2,-505.9,0,0,17:47:55
5.94,-5.26,96,570.2,-505,0,0,17:48:00
5.93,-5.26,96,569.3,-505,0,0,17:48:05
5.93,-5.26,96,569.3,-505,0,0,17:48:10
5.92,-5.25,96,568.3,-504,0,0,17:48:15
5.92,-5.25,96,568.3,-504,0,0,17:48:20
5.9,-5.23,96,566.4,-502.1,0,0,17:48:25
5.89,-5.21,96,565.4,-500.2,0,0,17:48:30
5.88,-5.21,96,564.5,-500.2,0,0,17:48:35
5.87,-5.19,96,563.5,-498.2,0,0,17:48:40
5.87,-5.19,96,563.5,-498.2,0,0,17:48:45
5.87,-5.19,96,563.5,-498.2,0,0,17:48:50
5.86,-5.18,96.1,563.1,-497.8,0,0,17:48:55
5.85,-5.17,96,561.6,-496.3,0,0,17:49:00
5.85,-5.17,96,561.6,-496.3,0,0,17:49:05
5.83,-5.16,96.1,560.3,-495.9,0,0,17:49:10
5.82,-5.16,96.1,559.3,-495.9,0,0,17:49:15
5.81,-5.14,96.1,558.3,-494,0,0,17:49:20
5.82,-5.15,96.1,559.3,-494.9,0,0,17:49:25
5.81,-5.15,96.1,558.3,-494.9,0,0,17:49:30
5.81,-5.13,96.1,558.3,-493,0,0,17:49:35
5.78,-5.12,96.1,555.5,-492,0,0,17:49:40
5.78,-5.11,96.1,555.5,-491.1,0,0,17:49:45
5.78,-5.11,96.1,555.5,-491.1,0,0,17:49:50
5.77,-5.11,96.1,554.5,-491.1,0,0,17:49:55
5.77,-5.1,96.1,554.5,-490.1,0,0,17:50:00
5.75,-5.09,96.1,552.6,-489.1,0,0,17:50:05
5.74,-5.09,96.2,552.2,-489.7,0,0,17:50:10
5.71,-5.06,96.1,548.7,-486.3,0,0,17:50:15
5.72,-5.06,96.2,550.3,-486.8,0,0,17:50:20
5.72,-5.05,96.2,550.3,-485.8,0,0,17:50:25
5.7,-5.03,96.2,548.3,-483.9,0,0,17:50:30
5.68,-5.02,96.1,545.8,-482.4,0,0,17:50:35
5.66,-5,96.2,544.5,-481,0,0,17:50:40
5.65,-4.99,96.2,543.5,-480,0,0,17:50:45
5.64,-4.98,96.2,542.6,-479.1,0,0,17:50:50
5.64,-4.98,96.1,542,-478.6,0,0,17:50:55
5.64,-4.98,96.1,542,-478.6,0,0,17:51:00
5.62,-4.96,96.2,540.6,-477.2,0,0,17:51:05
5.61,-4.94,96.2,539.7,-475.2,0,0,17:51:10
5.6,-4.94,96.2,538.7,-475.2,0,0,17:51:15
5.59,-4.93,96.2,537.8,-474.3,0,0,17:51:20
5.57,-4.93,96.2,535.8,-474.3,0,0,17:51:25
5.59,-4.93,96.2,537.8,-474.3,0,0,17:51:30
5.58,-4.93,96.2,536.8,-474.3,0,0,17:51:35
5.58,-4.93,96.2,536.8,-474.3,0,0,17:51:40
5.58,-4.93,96.2,536.8,-474.3,0,0,17:51:45
5.58,-4.92,96.2,536.8,-473.3,0,0,17:51:50
5.58,-4.93,96.2,536.8,-474.3,0,0,17:51:55
5.58,-4.93,96.2,536.8,-474.3,0,0,17:52:00
5.57,-4.93,96.2,535.8,-474.3,0,0,17:52:05
5.55,-4.9,96.2,533.9,-471.4,0,0,17:52:10
5.54,-4.9,96.2,532.9,-471.4,0,0,17:52:15
5.54,-4.88,96.2,532.9,-469.5,0,0,17:52:20
5.49,-4.85,96.2,528.1,-466.6,0,0,17:52:25
5.46,-4.82,96.2,525.3,-463.7,0,0,17:52:30
5.44,-4.8,96.2,523.3,-461.8,0,0,17:52:35
5.48,-4.83,96.2,527.2,-464.6,0,0,17:52:40
5.42,-4.78,96.2,521.4,-459.8,0,0,17:52:45
5.46,-4.83,96.2,525.3,-464.6,0,0,17:52:50
5.44,-4.8,96.2,523.3,-461.8,0,0,17:52:55
5.43,-4.79,96.2,522.4,-460.8,0,0,17:53:00
5.41,-4.77,96.2,520.4,-458.9,0,0,17:53:05
5.4,-4.77,96.2,519.5,-458.9,0,0,17:53:10
5.37,-4.74,96.2,516.6,-456,0,0,17:53:15
5.35,-4.71,96.2,514.7,-453.1,0,0,17:53:20
5.2,-4.58,96.1,499.7,-440.1,0,0,17:53:25
5.42,-4.78,96.2,521.4,-459.8,0,0,17:53:30
5.39,-4.74,96.2,518.5,-456,0,0,17:53:35
5.36,-4.72,96.2,515.6,-454.1,0,0,17:53:40
5.34,-4.7,96.2,513.7,-452.1,0,0,17:53:45
5.31,-4.66,96.2,510.8,-448.3,0,0,17:53:50
5.3,-4.66,96.2,509.9,-448.3,0,0,17:53:55
5.28,-4.65,96.2,507.9,-447.3,0,0,17:54:00
5.21,-4.59,96.2,501.2,-441.6,0,0,17:54:05
5.2,-4.58,96.2,500.2,-440.6,0,0,17:54:10
5.2,-4.57,96.2,500.2,-439.6,0,0,17:54:15
5.1,-4.48,96.2,490.6,-431,0,0,17:54:20
5.08,-4.46,96.2,488.7,-429.1,0,0,17:54:25
5.1,-4.48,96.2,490.6,-431,0,0,17:54:30
5.03,-4.4,96.2,483.9,-423.3,0,0,17:54:35
4.99,-4.38,96.2,480,-421.4,0,0,17:54:40
4.96,-4.35,96.2,477.2,-418.5,0,0,17:54:45
4.9,-4.29,96.2,471.4,-412.7,0,0,17:54:50
4.91,-4.31,96.2,472.3,-414.6,0,0,17:54:55
4.88,-4.27,96.2,469.5,-410.8,0,0,17:55:00
4.86,-4.27,96.2,467.5,-410.8,0,0,17:55:05
4.81,-4.22,96.2,462.7,-406,0,0,17:55:10
4.81,-4.22,96.2,462.7,-406,0,0,17:55:15
4.78,-4.19,96.2,459.8,-403.1,0,0,17:55:20
4.76,-4.16,96.2,457.9,-400.2,0,0,17:55:25
4.75,-4.16,96.2,457,-400.2,0,0,17:55:30
4.72,-4.13,96.2,454.1,-397.3,0,0,17:55:35
4.7,-4.1,96.2,452.1,-394.4,0,0,17:55:40
4.78,-4.18,96.2,459.8,-402.1,0,0,17:55:45
4.75,-4.16,96.2,457,-400.2,0,0,17:55:50
4.73,-4.14,96.2,455,-398.3,0,0,17:55:55
4.61,-4.03,96.2,443.5,-387.7,0,0,17:56:00
4.66,-4.08,96.2,448.3,-392.5,0,0,17:56:05
4.67,-4.07,96.2,449.3,-391.5,0,0,17:56:10
4.64,-4.07,96.2,446.4,-391.5,0,0,17:56:15
4.62,-4.04,96.2,444.4,-388.6,0,0,17:56:20
4.58,-4,96.2,440.6,-384.8,0,0,17:56:25
4.51,-3.93,96.2,433.9,-378.1,0,0,17:56:30
4.45,-3.88,96.2,428.1,-373.3,0,0,17:56:35
4.41,-3.83,96.2,424.2,-368.4,0,0,17:56:40
4.31,-3.75,96.2,414.6,-360.8,0,0,17:56:45
4.26,-3.7,96.2,409.8,-355.9,0,0,17:56:50
4.3,-3.74,96.2,413.7,-359.8,0,0,17:56:55
4.3,-3.74,96.2,413.7,-359.8,0,0,17:57:00
3.91,-3.37,96.2,376.1,-324.2,0,0,17:57:05
4.21,-3.65,96.2,405,-351.1,0,0,17:57:10
4.02,-3.49,96.1,386.3,-335.4,0,0,17:57:15
4.08,-3.54,96.1,392.1,-340.2,0,0,17:57:20
4.21,-3.66,96.2,405,-352.1,0,0,17:57:25
4.19,-3.63,96.2,403.1,-349.2,0,0,17:57:30
4.19,-3.63,96.2,403.1,-349.2,0,0,17:57:35
4.12,-3.56,96.2,396.3,-342.5,0,0,17:57:40
4.11,-3.56,96.2,395.4,-342.5,0,0,17:57:45
4.14,-3.59,96.2,398.3,-345.4,0,0,17:57:50
4.1,-3.55,96.2,394.4,-341.5,0,0,17:57:55
4.09,-3.54,96.2,393.5,-340.5,0,0,17:58:00
4.05,-3.5,96.2,389.6,-336.7,0,0,17:58:05
4.04,-3.5,96.2,388.6,-336.7,0,0,17:58:10
4,-3.46,96.2,384.8,-332.9,0,0,17:58:15
3.88,-3.35,96.2,373.3,-322.3,0,0,17:58:20
3.84,-3.31,96.2,369.4,-318.4,0,0,17:58:25
3.79,-3.26,96.2,364.6,-313.6,0,0,17:58:30
3.91,-3.38,96.2,376.1,-325.2,0,0,17:58:35
3.86,-3.34,96.2,371.3,-321.3,0,0,17:58:40
3.83,-3.31,96.2,368.4,-318.4,0,0,17:58:45
3.76,-3.24,96.2,361.7,-311.7,0,0,17:58:50
3.75,-3.23,96.2,360.8,-310.7,0,0,17:58:55
3.78,-3.26,96.2,363.6,-313.6,0,0,17:59:00
3.72,-3.2,96.2,357.9,-307.8,0,0,17:59:05
3.7,-3.18,96.2,355.9,-305.9,0,0,17:59:10
3.81,-3.29,96.2,366.5,-316.5,0,0,17:59:15
3.78,-3.26,96.2,363.6,-313.6,0,0,17:59:20
3.8,-3.28,96.2,365.6,-315.5,0,0,17:59:25
3.87,-3.34,96.2,372.3,-321.3,0,0,17:59:30
3.74,-3.22,96.2,359.8,-309.8,0,0,17:59:35
3.65,-3.14,96.2,351.1,-302.1,0,0,17:59:40
3.55,-3.05,96.2,341.5,-293.4,0,0,17:59:45
3.44,-2.95,96.2,330.9,-283.8,0,0,17:59:50
3.35,-2.85,96.2,322.3,-274.2,0,0,17:59:55
3.28,-2.8,96.2,315.5,-269.4,0,0,18:00:00
3.2,-2.72,96.2,307.8,-261.7,0,0,18:00:05
3.1,-2.62,96.2,298.2,-252,0,0,18:00:10
3.02,-2.56,96.1,290.2,-246,0,0,18:00:15
2.91,-2.45,96.1,279.7,-235.4,0,0,18:00:20
2.91,-2.45,96.1,279.7,-235.4,0,0,18:00:25
2.74,-2.29,96.1,263.3,-220.1,0,0,18:00:30
2.67,-2.23,96,256.3,-214.1,0,0,18:00:35
2.81,-2.35,96.1,270,-225.8,0,0,18:00:40
2.61,-2.17,96,250.6,-208.3,0,0,18:00:45
2.66,-2.23,96,255.4,-214.1,0,0,18:00:50
2.58,-2.14,96.1,247.9,-205.7,0,0,18:00:55
2.59,-2.15,96,248.6,-206.4,0,0,18:01:00
2.74,-2.29,96.1,263.3,-220.1,0,0,18:01:05
2.63,-2.19,96.1,252.7,-210.5,0,0,18:01:10
2.56,-2.12,96,245.8,-203.5,0,0,18:01:15
2.46,-2.03,96,236.2,-194.9,0,0,18:01:20
2.43,-2,96,233.3,-192,0,0,18:01:25
2.4,-1.98,96,230.4,-190.1,0,0,18:01:30
2.33,-1.91,96,223.7,-183.4,0,0,18:01:35
2.27,-1.86,96,217.9,-178.6,0,0,18:01:40
2.2,-1.79,96,211.2,-171.8,0,0,18:01:45
2.15,-1.75,96,206.4,-168,0,0,18:01:50
2.15,-1.75,96,206.4,-168,0,0,18:01:55
2.11,-1.72,96,202.6,-165.1,0,0,18:02:00
1.28,-0.94,95.9,122.8,-90.1,0,0,18:02:05
2.02,-1.62,96,193.9,-155.5,0,0,18:02:10
1.97,-1.58,96,189.1,-151.7,0,0,18:02:15
1.93,-1.55,96,185.3,-148.8,0,0,18:02:20
1.92,-1.54,96,184.3,-147.8,0,0,18:02:25
1.9,-1.51,95.9,182.2,-144.8,0,0,18:02:30
1.85,-1.47,95.9,177.4,-141,0,0,18:02:35
1.8,-1.42,95.9,172.6,-136.2,0,0,18:02:40
1.81,-1.43,95.9,173.6,-137.1,0,0,18:02:45
0.77,-0.47,95.9,73.8,-45.1,0,0,18:02:50
1.14,-0.81,95.9,109.3,-77.7,0,0,18:02:55
1.74,-1.37,95.9,166.9,-131.4,0,0,18:03:00
1.69,-1.32,95.9,162.1,-126.6,0,0,18:03:05
1.65,-1.28,95.9,158.2,-122.8,0,0,18:03:10
1.64,-1.27,95.9,157.3,-121.8,0,0,18:03:15
1.63,-1.27,95.9,156.3,-121.8,0,0,18:03:20
1.32,-0.98,95.9,126.6,-94,0,0,18:03:25
0.34,-0.08,95.8,32.6,-7.7,0,0,18:03:30
0.37,-0.1,95.8,35.4,-9.6,0,0,18:03:35
0.4,-0.14,95.8,38.3,-13.4,0,0,18:03:40
0.48,-0.21,95.8,46,-20.1,0,0,18:03:45
0.68,-0.39,95.9,65.2,-37.4,0,0,18:03:50
0.52,-0.24,95.8,49.8,-23,0,0,18:03:55
0.53,-0.25,95.8,50.8,-24,0,0,18:04:00
0.55,-0.27,95.8,52.7,-25.9,0,0,18:04:05
0.57,-0.28,95.9,54.7,-26.9,0,0,18:04:10
0.59,-0.3,95.8,56.5,-28.7,0,0,18:04:15
0.6,-0.32,95.8,57.5,-30.7,0,0,18:04:20
0.59,-0.32,95.8,56.5,-30.7,0,0,18:04:25
0.61,-0.33,95.8,58.4,-31.6,0,0,18:04:30
0.61,-0.33,95.9,58.5,-31.6,0,0,18:04:35
0.64,-0.35,95.8,61.3,-33.5,0,0,18:04:40
0.64,-0.35,95.8,61.3,-33.5,0,0,18:04:45
0.65,-0.36,95.8,62.3,-34.5,0,0,18:04:50
0.65,-0.37,95.8,62.3,-35.4,0,0,18:04:55
0.65,-0.37,95.8,62.3,-35.4,0,0,18:05:00
0.65,-0.37,95.8,62.3,-35.4,0,0,18:05:05
0.65,-0.36,95.8,62.3,-34.5,0,0,18:05:10
0.65,-0.37,95.8,62.3,-35.4,0,0,18:05:15
0.63,-0.35,95.8,60.4,-33.5,0,0,18:05:20
0.63,-0.35,95.8,60.4,-33.5,0,0,18:05:25
0.65,-0.36,95.8,62.3,-34.5,0,0,18:05:30
0.65,-0.36,95.8,62.3,-34.5,0,0,18:05:35
0.65,-0.36,95.8,62.3,-34.5,0,0,18:05:40
0.66,-0.37,95.8,63.2,-35.4,0,0,18:05:45
0.64,-0.35,95.8,61.3,-33.5,0,0,18:05:50
0.64,-0.36,95.8,61.3,-34.5,0,0,18:05:55
0.64,-0.36,95.8,61.3,-34.5,0,0,18:06:00
0.64,-0.35,95.8,61.3,-33.5,0,0,18:06:05
0.62,-0.34,95.8,59.4,-32.6,0,0,18:06:10
0.6,-0.31,95.8,57.5,-29.7,0,0,18:06:15
0.63,-0.35,95.8,60.4,-33.5,0,0,18:06:20
0.62,-0.33,95.8,59.4,-31.6,0,0,18:06:25
0.64,-0.35,95.8,61.3,-33.5,0,0,18:06:30
0.68,-0.39,95.8,65.1,-37.4,0,0,18:06:35
0.7,-0.42,95.9,67.1,-40.3,0,0,18:06:40
0.71,-0.42,95.8,68,-40.2,0,0,18:06:45
0.71,-0.42,95.8,68,-40.2,0,0,18:06:50
0.73,-0.44,95.8,69.9,-42.2,0,0,18:06:55
0.73,-0.44,95.9,70,-42.2,0,0,18:07:00
0.7,-0.41,95.8,67.1,-39.3,0,0,18:07:05
0.7,-0.41,95.9,67.1,-39.3,0,0,18:07:10
0.69,-0.41,95.8,66.1,-39.3,0,0,18:07:15
0.7,-0.42,95.8,67.1,-40.2,0,0,18:07:20
0.69,-0.4,95.8,66.1,-38.3,0,0,18:07:25
0.69,-0.4,95.8,66.1,-38.3,0,0,18:07:30
0.7,-0.4,95.8,67.1,-38.3,0,0,18:07:35
0.69,-0.39,95.8,66.1,-37.4,0,0,18:07:40
0.72,-0.43,95.8,69,-41.2,0,0,18:07:45
0.72,-0.43,95.8,69,-41.2,0,0,18:07:50
0.68,-0.39,95.8,65.1,-37.4,0,0,18:07:55
0.66,-0.37,95.8,63.2,-35.4,0,0,18:08:00
0.65,-0.37,95.8,62.3,-35.4,0,0,18:08:05
0.64,-0.35,95.8,61.3,-33.5,0,0,18:08:10
0.63,-0.34,95.8,60.4,-32.6,0,0,18:08:15
0.62,-0.33,95.8,59.4,-31.6,0,0,18:08:20
0.62,-0.34,95.8,59.4,-32.6,0,0,18:08:25
0.59,-0.31,95.8,56.5,-29.7,0,0,18:08:30
0.59,-0.3,95.8,56.5,-28.7,0,0,18:08:35
0.59,-0.31,95.8,56.5,-29.7,0,0,18:08:40
0.57,-0.28,95.8,54.6,-26.8,0,0,18:08:45
0.56,-0.29,95.8,53.6,-27.8,0,0,18:08:50
0.55,-0.27,95.8,52.7,-25.9,0,0,18:08:55
0.54,-0.25,95.8,51.7,-24,0,0,18:09:00
0.52,-0.25,95.8,49.8,-24,0,0,18:09:05
0.51,-0.23,95.8,48.9,-22,0,0,18:09:10
0.51,-0.23,95.8,48.9,-22,0,0,18:09:15
0.49,-0.23,95.8,46.9,-22,0,0,18:09:20
0.48,-0.22,95.7,45.9,-21.1,0,0,18:09:25
0.47,-0.2,95.8,45,-19.2,0,0,18:09:30
0.46,-0.19,95.8,44.1,-18.2,0,0,18:09:35
0.44,-0.17,95.7,42.1,-16.3,0,0,18:09:40
0.43,-0.17,95.8,41.2,-16.3,0,0,18:09:45
0.42,-0.15,95.7,40.2,-14.4,0,0,18:09:50
0.41,-0.14,95.7,39.2,-13.4,0,0,18:09:55
0.39,-0.14,95.7,37.3,-13.4,0,0,18:10:00
0.39,-0.12,95.7,37.3,-11.5,0,0,18:10:05
0.37,-0.11,95.7,35.4,-10.5,0,0,18:10:10
0.37,-0.11,95.7,35.4,-10.5,0,0,18:10:15
0.36,-0.1,95.7,34.5,-9.6,0,0,18:10:20
0.36,-0.09,95.7,34.5,-8.6,0,0,18:10:25
0.35,-0.08,95.7,33.5,-7.7,0,0,18:10:30
0.34,-0.08,95.8,32.6,-7.7,0,0,18:10:35
0.33,-0.08,95.7,31.6,-7.7,0,0,18:10:40
0.33,-0.07,95.7,31.6,-6.7,0,0,18:10:45
0.33,-0.07,95.7,31.6,-6.7,0,0,18:10:50
0.33,-0.07,95.7,31.6,-6.7,0,0,18:10:55
0.32,-0.07,95.7,30.6,-6.7,0,0,18:11:00
0.32,-0.06,95.7,30.6,-5.7,0,0,18:11:05
0.31,-0.05,95.7,29.7,-4.8,0,0,18:11:10
0.31,-0.06,95.7,29.7,-5.7,0,0,18:11:15
0.31,-0.05,95.7,29.7,-4.8,0,0,18:11:20
0.3,-0.05,95.7,28.7,-4.8,0,0,18:11:25
0.3,-0.05,95.7,28.7,-4.8,0,0,18:11:30
0.3,-0.05,95.7,28.7,-4.8,0,0,18:11:35
0.29,-0.04,95.7,27.8,-3.8,0,0,18:11:40
0.29,-0.04,95.7,27.8,-3.8,0,0,18:11:45
0.29,-0.04,95.7,27.8,-3.8,0,0,18:11:50
0.28,-0.03,95.7,26.8,-2.9,0,0,18:11:55
0.28,-0.03,95.7,26.8,-2.9,0,0,18:12:00
0.28,-0.03,95.7,26.8,-2.9,0,0,18:12:05
0.28,-0.02,95.7,26.8,-1.9,0,0,18:12:10
0.27,-0.02,95.7,25.8,-1.9,0,0,18:12:15
0.27,-0.02,95.7,25.8,-1.9,0,0,18:12:20
0.27,-0.02,95.8,25.9,-1.9,0,0,18:12:25
0.26,-0.01,95.7,24.9,-1,0,0,18:12:30
0.26,-0.01,95.7,24.9,-1,0,0,18:12:35
0.26,-0.01,95.7,24.9,-1,0,0,18:12:40
0.26,-0.01,95.7,24.9,-1,0,0,18:12:45
0.26,-0.01,95.7,24.9,-1,0,0,18:12:50
0.25,-0.01,95.7,23.9,-1,0,0,18:12:55
0.25,-0.01,95.7,23.9,-1,0,0,18:13:00
0.25,-0.01,95.7,23.9,-1,0,0,18:13:05
0.25,-0.01,95.7,23.9,-1,0,0,18:13:10
0.25,-0.01,95.7,23.9,-1,0,0,18:13:15
0.25,-0.01,95.7,23.9,-1,0,0,18:13:20
0.24,-0.01,95.7,23,-1,0,0,18:13:25
0.24,-0.01,95.7,23,-1,0,0,18:13:30
0.24,0,95.7,23,0,0,0,18:13:35
0.24,0,95.7,23,0,0,0,18:13:40
0.24,0,95.7,23,0,0,0,18:13:45
0.24,0,95.7,23,0,0,0,18:13:50
0.24,0,95.7,23,0,0,0,18:13:55
0.24,0,95.7,23,0,0,0,18:14:00
0.23,0,95.7,22,0,0,0,18:14:05
0.23,0,95.7,22,0,0,0,18:14:10
0.23,0,95.7,22,0,0,0,18:14:15
0.23,0,95.7,22,0,0,0,18:14:20
0.23,0,95.7,22,0,0,0,18:14:25
0.23,0,95.7,22,0,0,0,18:14:30
0.23,0,95.7,22,0,0,0,18:14:35
0.22,0,95.7,21.1,0,0,0,18:14:40
0.22,0,95.7,21.1,0,0,0,18:14:45
0.22,0.01,95.7,21.1,1,0,0,18:14:50
0.22,0.01,95.7,21.1,1,0,0,18:14:55
0.22,0.01,95.7,21.1,1,0,0,18:15:00
0.22,0.01,95.7,21.1,1,0,0,18:15:05
0.22,0.01,95.7,21.1,1,0,0,18:15:10
0.22,0.01,95.7,21.1,1,0,0,18:15:15
0.21,0.01,95.7,20.1,1,0,0,18:15:20
0.21,0.01,95.7,20.1,1,0,0,18:15:25
0.21,0.01,95.7,20.1,1,0,0,18:15:30
0.21,0.01,95.7,20.1,1,0,0,18:15:35
0.21,0.01,95.7,20.1,1,0,0,18:15:40
0.21,0.01,95.7,20.1,1,0,0,18:15:45
0.21,0.02,95.7,20.1,1.9,0,0,18:15:50
0.21,0.02,95.7,20.1,1.9,0,0,18:15:55
0.21,0.01,95.7,20.1,1,0,0,18:16:00
0.21,0.01,95.7,20.1,1,0,0,18:16:05
0.21,0.03,95.7,20.1,2.9,0,0,18:16:10
0.2,0.02,95.7,19.1,1.9,0,0,18:16:15
0.2,0.02,95.7,19.1,1.9,0,0,18:16:20
0.2,0.02,95.7,19.1,1.9,0,0,18:16:25
0.21,0.02,95.7,20.1,1.9,0,0,18:16:30
0.21,0.02,95.7,20.1,1.9,0,0,18:16:35
0.21,0.02,95.7,20.1,1.9,0,0,18:16:40
0.2,0.02,95.7,19.1,1.9,0,0,18:16:45
0.2,0.02,95.7,19.1,1.9,0,0,18:16:50
0.2,0.02,95.7,19.1,1.9,0,0,18:16:55
0.2,0.02,95.7,19.1,1.9,0,0,18:17:00
0.2,0.02,95.7,19.1,1.9,0,0,18:17:05
0.2,0.02,95.7,19.1,1.9,0,0,18:17:10
0.2,0.02,95.7,19.1,1.9,0,0,18:17:15
0.2,0.02,95.7,19.1,1.9,0,0,18:17:20
0.2,0.02,95.7,19.1,1.9,0,0,18:17:25
0.19,0.02,95.7,18.2,1.9,0,0,18:17:30
0.19,0.02,95.7,18.2,1.9,0,0,18:17:35
0.19,0.02,95.7,18.2,1.9,0,0,18:17:40
0.19,0.02,95.7,18.2,1.9,0,0,18:17:45
0.19,0.02,95.7,18.2,1.9,0,0,18:17:50
0.19,0.03,95.7,18.2,2.9,0,0,18:17:55
