Solar[A],Battery[A],Main_Volt[V],Solar_Watt[W],Battery_Watt[W],Sub_Volt[V],Speed[kmh],time
0,0.2,0,0,0,0,91,6:49:25
0,0.21,0,0,0,0,3,6:49:30
0,0.21,0,0,0,0,3,6:49:35
0,0.21,0,0,0,0,3,6:49:40
0,0.21,0,0,0,0,3,6:49:45
0,0.37,79.7,0,29.5,0,3,6:49:50
0.19,0.03,89.6,17,2.7,0,2,6:49:55
0.2,0.02,89.6,17.9,1.8,0,2,6:50:00
0.22,0.01,89.7,19.7,0.9,0,0,6:50:05
0.23,0,89.7,20.6,0,0,0,6:50:10
0.24,-0.01,89.7,21.5,-0.9,0,0,6:50:15
0.25,-0.01,89.7,22.4,-0.9,0,0,6:50:20
0.26,-0.02,89.7,23.3,-1.8,0,0,6:50:25
0.27,-0.02,89.7,24.2,-1.8,0,0,6:50:30
0.27,-0.01,89.7,24.2,-0.9,0,0,6:50:35
0.28,-0.02,89.8,25.1,-1.8,0,0,6:50:40
0.29,-0.04,89.7,26,-3.6,0,0,6:50:45
0.29,-0.03,89.7,26,-2.7,0,0,6:50:50
0.29,-0.03,89.7,26,-2.7,0,0,6:50:55
0.29,-0.04,89.7,26,-3.6,0,0,6:51:00
0.29,-0.04,89.8,26,-3.6,0,0,6:51:05
0.29,-0.04,89.8,26,-3.6,0,0,6:51:10
0.29,-0.04,89.7,26,-3.6,0,0,6:51:15
0.29,-0.04,89.8,26,-3.6,0,0,6:51:20
0.29,-0.03,89.8,26,-2.7,0,0,6:51:25
0.29,-0.03,89.7,26,-2.7,0,0,6:51:30
0.29,-0.03,89.8,26,-2.7,0,0,6:51:35
0.28,-0.03,89.8,25.1,-2.7,0,0,6:51:40
0.28,-0.02,89.7,25.1,-1.8,0,0,6:51:45
0.28,-0.03,89.8,25.1,-2.7,0,0,6:51:50
0.29,-0.02,89.8,26,-1.8,0,0,6:51:55
0.28,-0.02,89.8,25.1,-1.8,0,0,6:52:00
0.29,-0.03,89.8,26,-2.7,0,0,6:52:05
0.29,-0.03,89.8,26,-2.7,0,0,6:52:10
0.29,-0.03,89.8,26,-2.7,0,0,6:52:15
0.28,-0.03,89.8,25.1,-2.7,0,0,6:52:20
0.28,-0.03,89.8,25.1,-2.7,0,0,6:52:25
0.29,-0.03,89.7,26,-2.7,0,0,6:52:30
0.28,-0.03,89.8,25.1,-2.7,0,0,6:52:35
0.29,-0.03,89.8,26,-2.7,0,0,6:52:40
0.29,-0.04,89.8,26,-3.6,0,0,6:52:45
0.29,-0.03,89.8,26,-2.7,0,0,6:52:50
0.29,-0.04,89.8,26,-3.6,0,0,6:52:55
0.29,-0.03,89.8,26,-2.7,0,0,6:53:00
0.3,-0.04,89.7,26.9,-3.6,0,0,6:53:05
0.3,-0.04,89.8,26.9,-3.6,0,0,6:53:10
0.29,-0.04,89.8,26,-3.6,0,0,6:53:15
0.29,-0.04,89.8,26,-3.6,0,0,6:53:20
0.29,-0.03,89.7,26,-2.7,0,0,6:53:25
0.29,-0.04,89.8,26,-3.6,0,0,6:53:30
0.29,-0.03,89.8,26,-2.7,0,0,6:53:35
0.29,-0.04,89.8,26,-3.6,0,0,6:53:40
0.3,-0.03,89.8,26.9,-2.7,0,0,6:53:45
0.3,-0.04,89.8,26.9,-3.6,0,0,6:53:50
0.3,-0.04,89.8,26.9,-3.6,0,0,6:53:55
0.3,-0.04,89.8,26.9,-3.6,0,0,6:54:00
0.3,-0.03,89.8,26.9,-2.7,0,0,6:54:05
0.31,-0.04,89.8,27.8,-3.6,0,0,6:54:10
0.31,-0.04,89.8,27.8,-3.6,0,0,6:54:15
0.31,-0.04,89.8,27.8,-3.6,0,0,6:54:20
0.3,-0.04,89.7,26.9,-3.6,0,0,6:54:25
0.31,-0.04,89.8,27.8,-3.6,0,0,6:54:30
0.31,-0.04,89.8,27.8,-3.6,0,0,6:54:35
0.31,-0.04,89.8,27.8,-3.6,0,0,6:54:40
0.31,-0.05,89.8,27.8,-4.5,0,0,6:54:45
0.32,-0.04,89.8,28.7,-3.6,0,0,6:54:50
0.32,-0.06,89.8,28.7,-5.4,0,0,6:54:55
0.33,-0.06,89.8,29.6,-5.4,0,0,6:55:00
0.34,-0.07,89.8,30.5,-6.3,0,0,6:55:05
0.34,-0.07,89.8,30.5,-6.3,0,0,6:55:10
0.35,-0.08,89.8,31.4,-7.2,0,0,6:55:15
0.36,-0.08,89.8,32.3,-7.2,0,0,6:55:20
0.37,-0.1,89.8,33.2,-9,0,10,6:55:25
0.38,-0.11,89.8,34.1,-9.9,0,9,6:55:30
0.39,-0.11,89.8,35,-9.9,0,9,6:55:35
0.4,-0.14,89.8,35.9,-12.6,0,8,6:55:40
0.42,-0.15,89.8,37.7,-13.5,0,0,6:55:45
0.44,-0.18,89.8,39.5,-16.2,0,0,6:55:50
0.47,-0.19,89.8,42.2,-17.1,0,0,6:55:55
0.49,-0.21,89.8,44,-18.9,0,0,6:56:00
0.5,-0.23,89.8,44.9,-20.7,0,0,6:56:05
0.52,-0.23,89.8,46.7,-20.7,0,0,6:56:10
0.55,-0.26,89.8,49.4,-23.3,0,0,6:56:15
0.56,-0.27,89.8,50.3,-24.2,0,0,6:56:20
0.6,-0.32,89.8,53.9,-28.7,0,0,6:56:25
0.62,-0.32,89.8,55.7,-28.7,0,0,6:56:30
0.65,-0.35,89.8,58.4,-31.4,0,0,6:56:35
0.69,-0.39,89.8,62,-35,0,0,6:56:40
0.75,-0.46,89.8,67.4,-41.3,0,0,6:56:45
0.79,-0.49,89.9,71,-44.1,0,0,6:56:50
0.83,-0.52,89.9,74.6,-46.7,0,0,6:56:55
0.87,-0.55,89.9,78.2,-49.4,0,0,6:57:00
0.96,-0.65,90,86.4,-58.5,0,0,6:57:05
1,-0.68,90,90,-61.2,0,0,6:57:10
1.05,-0.72,90,94.5,-64.8,0,0,6:57:15
1.11,-0.78,90,99.9,-70.2,0,0,6:57:20
1.29,-0.94,90,116.1,-84.6,0,0,6:57:25
1.34,-0.97,90,120.6,-87.3,0,0,6:57:30
1.4,-1.05,90,126,-94.5,0,0,6:57:35
1.47,-1.11,90,132.3,-99.9,0,0,6:57:40
1.55,-1.18,90,139.5,-106.2,0,0,6:57:45
1.62,-1.25,90,145.8,-112.5,0,0,6:57:50
1.67,-1.29,90,150.3,-116.1,0,0,6:57:55
1.74,-1.35,90.1,156.8,-121.6,0,0,6:58:00
1.81,-1.42,90.1,163.1,-127.9,0,0,6:58:05
1.89,-1.49,90.1,170.3,-134.2,0,0,6:58:10
1.96,-1.55,90.1,176.6,-139.7,0,0,6:58:15
2.02,-1.61,90.1,182,-145.1,0,0,6:58:20
2.06,-1.65,90.1,185.6,-148.7,0,0,6:58:25
2.09,-1.66,90.1,188.3,-149.6,0,0,6:58:30
2.15,-1.72,90.1,193.7,-155,0,0,6:58:35
2.19,-1.77,90.1,197.3,-159.5,0,0,6:58:40
2.24,-1.82,90.1,201.8,-164,0,0,6:58:45
2.19,-1.78,90.1,197.3,-160.4,0,0,6:58:50
2.25,-1.82,90.1,202.7,-164,0,0,6:58:55
2.32,-1.89,90.2,209.3,-170.5,0,0,6:59:00
2.39,-1.95,90.2,215.6,-175.9,0,0,6:59:05
2.47,-2.03,90.3,223,-183.3,0,0,6:59:10
2.46,-2.01,90.3,222.1,-181.5,0,0,6:59:15
2.63,-2.18,90.3,237.5,-196.9,0,0,6:59:20
2.69,-2.23,90.3,242.9,-201.4,0,0,6:59:25
2.76,-2.3,90.3,249.2,-207.7,0,0,6:59:30
2.82,-2.34,90.3,254.6,-211.3,0,0,6:59:35
2.88,-2.41,90.3,260.1,-217.6,0,0,6:59:40
3.05,-2.56,90.4,275.7,-231.4,0,0,6:59:45
3.12,-2.62,90.4,282,-236.8,0,0,6:59:50
3.03,-2.54,90.4,273.9,-229.6,0,0,6:59:55
3.07,-2.58,90.4,277.5,-233.2,0,0,7:00:00
3.1,-2.6,90.4,280.2,-235,0,0,7:00:05
3.13,-2.64,90.4,283,-238.7,0,0,7:00:10
3.2,-2.7,90.4,289.3,-244.1,0,0,7:00:15
3.28,-2.77,90.4,296.5,-250.4,0,0,7:00:20
3.31,-2.79,90.4,299.2,-252.2,0,0,7:00:25
3.34,-2.82,90.4,301.9,-254.9,0,0,7:00:30
3.36,-2.84,90.4,303.7,-256.7,0,0,7:00:35
3.41,-2.89,90.4,308.3,-261.3,0,0,7:00:40
3.44,-2.92,90.4,311,-264,0,0,7:00:45
3.46,-2.94,90.5,313.1,-266.1,0,0,7:00:50
3.49,-2.97,90.5,315.8,-268.8,0,0,7:00:55
3.51,-2.99,90.5,317.7,-270.6,0,0,7:01:00
3.54,-3.01,90.5,320.4,-272.4,0,0,7:01:05
3.56,-3.04,90.6,322.5,-275.4,0,0,7:01:10
3.58,-3.04,90.5,324,-275.1,0,0,7:01:15
3.61,-3.07,90.6,327.1,-278.1,0,0,7:01:20
3.63,-3.09,90.6,328.9,-280,0,0,7:01:25
3.64,-3.11,90.6,329.8,-281.8,0,0,7:01:30
3.65,-3.13,90.6,330.7,-283.6,0,0,7:01:35
3.65,-3.11,90.6,330.7,-281.8,0,0,7:01:40
3.68,-3.15,90.6,333.4,-285.4,0,0,7:01:45
3.7,-3.17,90.6,335.2,-287.2,0,0,7:01:50
3.72,-3.18,90.6,337,-288.1,0,0,7:01:55
3.74,-3.2,90.6,338.8,-289.9,0,0,7:02:00
3.75,-3.21,90.6,339.8,-290.8,0,0,7:02:05
3.77,-3.22,90.6,341.6,-291.7,0,0,7:02:10
3.78,-3.24,90.6,342.5,-293.5,0,0,7:02:15
3.8,-3.25,90.6,344.3,-294.5,0,0,7:02:20
3.82,-3.27,90.6,346.1,-296.3,0,0,7:02:25
3.84,-3.29,90.6,347.9,-298.1,0,0,7:02:30
3.85,-3.29,90.6,348.8,-298.1,0,0,7:02:35
3.86,-3.3,90.6,349.7,-299,0,0,7:02:40
3.87,-3.32,90.6,350.6,-300.8,0,0,7:02:45
3.89,-3.33,90.6,352.4,-301.7,0,0,7:02:50
3.91,-3.35,90.6,354.2,-303.5,0,0,7:02:55
3.92,-3.36,90.6,355.2,-304.4,0,0,7:03:00
3.93,-3.37,90.6,356.1,-305.3,0,0,7:03:05
3.93,-3.37,90.6,356.1,-305.3,0,0,7:03:10
3.95,-3.39,90.7,358.3,-307.5,0,0,7:03:15
3.97,-3.4,90.7,360.1,-308.4,0,0,7:03:20
3.99,-3.43,90.7,361.9,-311.1,0,0,7:03:25
3.99,-3.43,90.7,361.9,-311.1,0,0,7:03:30
4.01,-3.45,90.6,363.3,-312.6,0,0,7:03:35
4.03,-3.47,90.7,365.5,-314.7,0,0,7:03:40
4.04,-3.47,90.7,366.4,-314.7,0,0,7:03:45
4.05,-3.49,90.7,367.3,-316.5,0,0,7:03:50
4.07,-3.5,90.7,369.1,-317.5,0,0,7:03:55
4.09,-3.52,90.7,371,-319.3,0,0,7:04:00
1.69,-1.32,90.3,152.6,-119.2,0,0,7:04:05
4.08,-3.52,90.7,370.1,-319.3,0,0,7:04:10
4.09,-3.52,90.7,371,-319.3,0,0,7:04:15
4.11,-3.54,90.7,372.8,-321.1,0,0,7:04:20
4.12,-3.55,90.7,373.7,-322,0,0,7:04:25
4.09,-3.53,90.7,371,-320.2,0,0,7:04:30
4.14,-3.58,90.7,375.5,-324.7,0,0,7:04:35
4.15,-3.58,90.7,376.4,-324.7,0,0,7:04:40
4.13,-3.56,90.7,374.6,-322.9,0,0,7:04:45
4.14,-3.57,90.7,375.5,-323.8,0,0,7:04:50
4.16,-3.59,90.7,377.3,-325.6,0,0,7:04:55
4.19,-3.62,90.7,380,-328.3,0,0,7:05:00
4.2,-3.62,90.7,380.9,-328.3,0,0,7:05:05
4.22,-3.64,90.7,382.8,-330.1,0,0,7:05:10
4.23,-3.65,90.7,383.7,-331.1,0,0,7:05:15
4.25,-3.67,90.7,385.5,-332.9,0,0,7:05:20
4.26,-3.67,90.7,386.4,-332.9,0,0,7:05:25
4.26,-3.67,90.7,386.4,-332.9,0,0,7:05:30
4.29,-3.7,90.8,389.5,-336,0,0,7:05:35
4.33,-3.74,90.8,393.2,-339.6,0,0,7:05:40
4.34,-3.75,90.8,394.1,-340.5,0,0,7:05:45
4.36,-3.77,90.8,395.9,-342.3,0,0,7:05:50
4.36,-3.77,90.8,395.9,-342.3,0,0,7:05:55
4.38,-3.78,90.9,398.1,-343.6,0,0,7:06:00
4.39,-3.8,90.9,399.1,-345.4,0,0,7:06:05
4.39,-3.8,90.9,399.1,-345.4,0,0,7:06:10
4.42,-3.81,90.8,401.3,-345.9,0,0,7:06:15
4.42,-3.83,90.9,401.8,-348.1,0,0,7:06:20
4.44,-3.84,90.9,403.6,-349.1,0,0,7:06:25
4.45,-3.86,90.9,404.5,-350.9,0,0,7:06:30
4.46,-3.87,90.8,405,-351.4,0,0,7:06:35
4.48,-3.88,90.9,407.2,-352.7,0,0,7:06:40
4.49,-3.9,90.9,408.1,-354.5,0,0,7:06:45
4.49,-3.91,90.9,408.1,-355.4,0,0,7:06:50
4.51,-3.92,90.9,410,-356.3,0,0,7:06:55
4.51,-3.92,90.9,410,-356.3,0,0,7:07:00
4.53,-3.93,90.9,411.8,-357.2,0,0,7:07:05
4.54,-3.94,90.9,412.7,-358.1,0,0,7:07:10
4.55,-3.95,90.9,413.6,-359.1,0,0,7:07:15
4.56,-3.97,90.9,414.5,-360.9,0,0,7:07:20
4.58,-3.97,90.9,416.3,-360.9,0,0,7:07:25
4.59,-3.98,90.9,417.2,-361.8,0,0,7:07:30
4.6,-3.99,90.9,418.1,-362.7,0,0,7:07:35
4.61,-3.99,90.9,419,-362.7,0,0,7:07:40
4.62,-4.01,90.9,420,-364.5,0,0,7:07:45
4.63,-4.03,90.9,420.9,-366.3,0,0,7:07:50
4.65,-4.04,90.9,422.7,-367.2,0,0,7:07:55
4.68,-4.06,90.9,425.4,-369.1,0,0,7:08:00
4.68,-4.06,90.9,425.4,-369.1,0,0,7:08:05
4.7,-4.09,90.9,427.2,-371.8,0,0,7:08:10
4.71,-4.09,90.9,428.1,-371.8,0,0,7:08:15
4.71,-4.1,90.9,428.1,-372.7,0,0,7:08:20
4.72,-4.1,90.9,429,-372.7,0,0,7:08:25
4.74,-4.12,90.9,430.9,-374.5,0,0,7:08:30
4.75,-4.13,90.9,431.8,-375.4,0,0,7:08:35
4.76,-4.14,90.9,432.7,-376.3,0,0,7:08:40
4.76,-4.13,90.9,432.7,-375.4,0,0,7:08:45
4.74,-4.12,90.9,430.9,-374.5,0,0,7:08:50
4.8,-4.17,90.9,436.3,-379.1,0,0,7:08:55
4.8,-4.18,90.9,436.3,-380,0,0,7:09:00
4.81,-4.18,90.9,437.2,-380,0,0,7:09:05
4.82,-4.19,90.9,438.1,-380.9,0,0,7:09:10
4.8,-4.17,90.9,436.3,-379.1,0,0,7:09:15
4.87,-4.24,91,443.2,-385.8,0,0,7:09:20
4.81,-4.18,90.9,437.2,-380,0,0,7:09:25
4.82,-4.2,91,438.6,-382.2,0,0,7:09:30
4.83,-4.2,91,439.5,-382.2,0,0,7:09:35
4.87,-4.24,91,443.2,-385.8,0,0,7:09:40
4.86,-4.23,90.9,441.8,-384.5,0,0,7:09:45
4.88,-4.25,91,444.1,-386.8,0,0,7:09:50
4.88,-4.25,91,444.1,-386.8,0,0,7:09:55
4.88,-4.26,91,444.1,-387.7,0,0,7:10:00
4.95,-4.32,91,450.5,-393.1,0,0,7:10:05
4.92,-4.29,91,447.7,-390.4,0,0,7:10:10
4.91,-4.28,91,446.8,-389.5,0,0,7:10:15
4.91,-4.27,91,446.8,-388.6,0,0,7:10:20
4.93,-4.3,91,448.6,-391.3,0,0,7:10:25
4.92,-4.29,91,447.7,-390.4,0,0,7:10:30
4.92,-4.29,91,447.7,-390.4,0,0,7:10:35
4.95,-4.32,91,450.5,-393.1,0,0,7:10:40
4.9,-4.27,91,445.9,-388.6,0,0,7:10:45
4.98,-4.34,91,453.2,-394.9,0,0,7:10:50
4.96,-4.33,91,451.4,-394,0,0,7:10:55
4.91,-4.29,91,446.8,-390.4,0,0,7:11:00
4.97,-4.33,91,452.3,-394,0,0,7:11:05
4.98,-4.35,91,453.2,-395.9,0,0,7:11:10
4.96,-4.32,91,451.4,-393.1,0,0,7:11:15
4.94,-4.3,91,449.5,-391.3,0,0,7:11:20
4.91,-4.27,91,446.8,-388.6,0,0,7:11:25
4.94,-4.3,91,449.5,-391.3,0,0,7:11:30
4.94,-4.31,91,449.5,-392.2,0,0,7:11:35
4.96,-4.32,91,451.4,-393.1,0,0,7:11:40
4.95,-4.31,91,450.5,-392.2,0,0,7:11:45
5.03,-4.4,91,457.7,-400.4,0,0,7:11:50
5.03,-4.38,91,457.7,-398.6,0,0,7:11:55
5.05,-4.41,91,459.6,-401.3,0,0,7:12:00
5.08,-4.43,91,462.3,-403.1,0,0,7:12:05
5.11,-4.46,91.1,465.5,-406.3,0,0,7:12:10
5.11,-4.47,91.1,465.5,-407.2,0,0,7:12:15
5.12,-4.47,91.1,466.4,-407.2,0,0,7:12:20
5.14,-4.49,91.1,468.3,-409,0,0,7:12:25
5.12,-4.47,91.2,466.9,-407.7,0,0,7:12:30
5.17,-4.52,91.1,471,-411.8,0,0,7:12:35
5.18,-4.53,91.2,472.4,-413.1,0,0,7:12:40
5.21,-4.56,91.2,475.2,-415.9,0,0,7:12:45
5.21,-4.56,91.2,475.2,-415.9,0,0,7:12:50
5.23,-4.58,91.2,477,-417.7,0,0,7:12:55
5.24,-4.58,91.2,477.9,-417.7,0,0,7:13:00
5.26,-4.62,91.2,479.7,-421.3,0,0,7:13:05
5.29,-4.64,91.2,482.4,-423.2,0,0,7:13:10
5.3,-4.64,91.2,483.4,-423.2,0,0,7:13:15
5.3,-4.65,91.2,483.4,-424.1,0,0,7:13:20
5.31,-4.66,91.2,484.3,-425,0,0,7:13:25
5.33,-4.67,91.2,486.1,-425.9,0,0,7:13:30
5.27,-4.62,91.2,480.6,-421.3,0,0,7:13:35
5.32,-4.67,91.2,485.2,-425.9,0,0,7:13:40
5.34,-4.68,91.2,487,-426.8,0,0,7:13:45
5.35,-4.69,91.2,487.9,-427.7,0,0,7:13:50
5.39,-4.73,91.2,491.6,-431.4,0,0,7:13:55
5.4,-4.73,91.2,492.5,-431.4,0,0,7:14:00
5.4,-4.74,91.2,492.5,-432.3,0,0,7:14:05
5.41,-4.74,91.2,493.4,-432.3,0,0,7:14:10
5.4,-4.74,91.2,492.5,-432.3,0,0,7:14:15
5.43,-4.77,91.2,495.2,-435,0,0,7:14:20
5.28,-4.63,91.2,481.5,-422.3,0,0,7:14:25
5.3,-4.65,91.2,483.4,-424.1,0,0,7:14:30
5.3,-4.65,91.2,483.4,-424.1,0,0,7:14:35
5.31,-4.66,91.2,484.3,-425,0,0,7:14:40
5.42,-4.76,91.2,494.3,-434.1,0,0,7:14:45
5.49,-4.82,91.2,500.7,-439.6,0,0,7:14:50
5.5,-4.83,91.2,501.6,-440.5,0,0,7:14:55
5.53,-4.86,91.2,504.3,-443.2,0,0,7:15:00
5.54,-4.87,91.2,505.2,-444.1,0,0,7:15:05
5.55,-4.88,91.3,506.7,-445.5,0,0,7:15:10
5.57,-4.89,91.2,508,-446,0,0,7:15:15
5.58,-4.9,91.3,509.5,-447.4,0,0,7:15:20
5.56,-4.88,91.3,507.6,-445.5,0,0,7:15:25
5.61,-4.93,91.3,512.2,-450.1,0,0,7:15:30
5.61,-4.93,91.3,512.2,-450.1,0,0,7:15:35
5.64,-4.96,91.3,514.9,-452.8,0,0,7:15:40
5.64,-4.97,91.3,514.9,-453.8,0,0,7:15:45
5.67,-4.99,91.3,517.7,-455.6,0,0,7:15:50
5.68,-5,91.3,518.6,-456.5,0,0,7:15:55
5.69,-5.01,91.3,519.5,-457.4,0,0,7:16:00
5.71,-5.03,91.3,521.3,-459.2,0,0,7:16:05
5.72,-5.03,91.3,522.2,-459.2,0,0,7:16:10
5.73,-5.05,91.3,523.1,-461.1,0,0,7:16:15
5.73,-5.04,91.3,523.1,-460.2,0,0,7:16:20
5.75,-5.06,91.3,525,-462,0,0,7:16:25
5.77,-5.08,91.3,526.8,-463.8,0,0,7:16:30
5.77,-5.09,91.3,526.8,-464.7,0,0,7:16:35
5.78,-5.1,91.3,527.7,-465.6,0,0,7:16:40
5.81,-5.11,91.3,530.5,-466.5,0,0,7:16:45
5.81,-5.12,91.3,530.5,-467.5,0,0,7:16:50
5.83,-5.13,91.3,532.3,-468.4,0,0,7:16:55
5.82,-5.14,91.3,531.4,-469.3,0,0,7:17:00
5.83,-5.14,91.3,532.3,-469.3,0,0,7:17:05
5.82,-5.13,91.3,531.4,-468.4,0,0,7:17:10
5.83,-5.14,91.3,532.3,-469.3,0,0,7:17:15
5.84,-5.15,91.4,533.8,-470.7,0,0,7:17:20
5.84,-5.15,91.4,533.8,-470.7,0,0,7:17:25
5.85,-5.16,91.4,534.7,-471.6,0,0,7:17:30
5.86,-5.17,91.3,535,-472,0,0,7:17:35
5.89,-5.19,91.4,538.3,-474.4,0,0,7:17:40
5.89,-5.19,91.4,538.3,-474.4,0,0,7:17:45
5.9,-5.21,91.5,539.9,-476.7,0,0,7:17:50
5.9,-5.2,91.4,539.3,-475.3,0,0,7:17:55
5.9,-5.2,91.4,539.3,-475.3,0,0,7:18:00
5.92,-5.22,91.5,541.7,-477.6,0,0,7:18:05
5.94,-5.24,91.5,543.5,-479.5,0,0,7:18:10
5.93,-5.23,91.5,542.6,-478.5,0,0,7:18:15
5.96,-5.27,91.5,545.3,-482.2,0,0,7:18:20
5.97,-5.27,91.5,546.3,-482.2,0,0,7:18:25
5.97,-5.27,91.5,546.3,-482.2,0,0,7:18:30
6,-5.29,91.5,549,-484,0,0,7:18:35
5.98,-5.28,91.5,547.2,-483.1,0,0,7:18:40
5.99,-5.29,91.5,548.1,-484,0,0,7:18:45
5.99,-5.29,91.5,548.1,-484,0,0,7:18:50
6.01,-5.3,91.5,549.9,-485,0,0,7:18:55
6.02,-5.31,91.5,550.8,-485.9,0,0,7:19:00
6.02,-5.31,91.5,550.8,-485.9,0,0,7:19:05
6.02,-5.31,91.5,550.8,-485.9,0,0,7:19:10
6.05,-5.35,91.5,553.6,-489.5,0,0,7:19:15
6.04,-5.33,91.5,552.7,-487.7,0,0,7:19:20
6.05,-5.34,91.5,553.6,-488.6,0,0,7:19:25
6.07,-5.35,91.5,555.4,-489.5,0,0,7:19:30
6.08,-5.37,91.5,556.3,-491.4,0,0,7:19:35
6.09,-5.38,91.5,557.2,-492.3,0,0,7:19:40
6.06,-5.35,91.5,554.5,-489.5,0,0,7:19:45
6.1,-5.39,91.5,558.2,-493.2,0,0,7:19:50
6.08,-5.37,91.5,556.3,-491.4,0,8,7:19:55
6.08,-5.37,91.5,556.3,-491.4,0,0,7:20:00
6.11,-5.4,91.5,559.1,-494.1,0,0,7:20:05
6.12,-5.41,91.5,560,-495,0,0,7:20:10
6.13,-5.42,91.5,560.9,-495.9,0,0,7:20:15
6.16,-5.44,91.5,563.6,-497.8,0,0,7:20:20
6.16,-5.45,91.5,563.6,-498.7,0,0,7:20:25
6.16,-5.44,91.5,563.6,-497.8,0,0,7:20:30
6.16,-5.45,91.5,563.6,-498.7,0,0,7:20:35
6.18,-5.46,91.6,566.1,-500.1,0,0,7:20:40
6.19,-5.47,91.6,567,-501.1,0,0,7:20:45
6.22,-5.5,91.6,569.8,-503.8,0,0,7:20:50
6.23,-5.51,91.6,570.7,-504.7,0,0,7:20:55
6.25,-5.52,91.6,572.5,-505.6,0,0,7:21:00
6.25,-5.52,91.6,572.5,-505.6,0,0,7:21:05
6.26,-5.55,91.6,573.4,-508.4,0,0,7:21:10
6.28,-5.56,91.6,575.2,-509.3,0,0,7:21:15
6.29,-5.56,91.6,576.2,-509.3,0,0,7:21:20
6.3,-5.58,91.6,577.1,-511.1,0,0,7:21:25
6.31,-5.59,91.6,578,-512,0,0,7:21:30
6.3,-5.58,91.6,577.1,-511.1,0,0,7:21:35
6.32,-5.59,91.6,578.9,-512,0,0,7:21:40
6.34,-5.61,91.6,580.7,-513.9,0,0,7:21:45
6.36,-5.62,91.6,582.6,-514.8,0,0,7:21:50
6.33,-5.6,91.6,579.8,-513,0,0,7:21:55
6.36,-5.63,91.6,582.6,-515.7,0,0,7:22:00
6.37,-5.64,91.6,583.5,-516.6,0,10,7:22:05
6.39,-5.65,91.6,585.3,-517.5,0,5,7:22:10
6.37,-5.64,91.6,583.5,-516.6,0,0,7:22:15
6.38,-5.66,91.7,585,-519,0,0,7:22:20
6.41,-5.68,91.6,587.2,-520.3,0,0,7:22:25
6.41,-5.67,91.6,587.2,-519.4,0,0,7:22:30
6.43,-5.69,91.6,589,-521.2,0,0,7:22:35
6.42,-5.68,91.6,588.1,-520.3,0,0,7:22:40
6.45,-5.71,91.7,591.5,-523.6,0,0,7:22:45
6.44,-5.7,91.7,590.5,-522.7,0,0,7:22:50
6.45,-5.71,91.7,591.5,-523.6,0,0,7:22:55
6.47,-5.72,91.7,593.3,-524.5,0,0,7:23:00
6.48,-5.74,91.7,594.2,-526.4,0,0,7:23:05
6.46,-5.72,91.7,592.4,-524.5,0,0,7:23:10
6.48,-5.74,91.7,594.2,-526.4,0,0,7:23:15
6.49,-5.75,91.7,595.1,-527.3,0,0,7:23:20
6.49,-5.74,91.8,595.8,-526.9,0,0,7:23:25
6.49,-5.75,91.8,595.8,-527.9,0,0,7:23:30
6.49,-5.75,91.8,595.8,-527.9,0,0,7:23:35
6.53,-5.78,91.8,599.5,-530.6,0,0,7:23:40
6.53,-5.78,91.7,598.8,-530,0,0,7:23:45
6.55,-5.8,91.8,601.3,-532.4,0,0,7:23:50
6.54,-5.8,91.8,600.4,-532.4,0,0,7:23:55
6.56,-5.82,91.8,602.2,-534.3,0,0,7:24:00
6.57,-5.82,91.8,603.1,-534.3,0,0,7:24:05
6.56,-5.82,91.7,601.6,-533.7,0,0,7:24:10
6.56,-5.81,91.8,602.2,-533.4,0,0,7:24:15
6.58,-5.83,91.8,604,-535.2,0,0,7:24:20
6.58,-5.84,91.8,604,-536.1,0,0,7:24:25
6.59,-5.85,91.8,605,-537,0,0,7:24:30
6.58,-5.84,91.8,604,-536.1,0,0,7:24:35
6.62,-5.86,91.8,607.7,-537.9,0,0,7:24:40
6.62,-5.87,91.8,607.7,-538.9,0,0,7:24:45
6.62,-5.87,91.8,607.7,-538.9,0,0,7:24:50
6.63,-5.88,91.8,608.6,-539.8,0,0,7:24:55
6.65,-5.9,91.8,610.5,-541.6,0,0,7:25:00
6.64,-5.89,91.8,609.6,-540.7,0,0,7:25:05
6.64,-5.89,91.8,609.6,-540.7,0,0,7:25:10
6.66,-5.91,91.8,611.4,-542.5,0,0,7:25:15
6.67,-5.92,91.8,612.3,-543.5,0,0,7:25:20
6.68,-5.92,91.8,613.2,-543.5,0,0,7:25:25
6.68,-5.92,91.8,613.2,-543.5,0,0,7:25:30
6.7,-5.95,91.8,615.1,-546.2,0,0,7:25:35
6.7,-5.94,91.8,615.1,-545.3,0,0,7:25:40
6.7,-5.95,91.8,615.1,-546.2,0,0,7:25:45
6.73,-5.97,91.8,617.8,-548,0,0,7:25:50
6.79,-6.03,91.9,624,-554.2,0,0,7:25:55
6.85,-6.09,91.9,629.5,-559.7,0,0,7:26:00
6.88,-6.11,91.9,632.3,-561.5,0,0,7:26:05
6.9,-6.12,91.9,634.1,-562.4,0,0,7:26:10
6.92,-6.15,91.9,635.9,-565.2,0,0,7:26:15
6.92,-6.15,91.9,635.9,-565.2,0,0,7:26:20
6.92,-6.15,91.9,635.9,-565.2,0,0,7:26:25
6.93,-6.16,91.9,636.9,-566.1,0,0,7:26:30
6.92,-6.16,91.9,635.9,-566.1,0,0,7:26:35
6.94,-6.14,91.9,637.8,-564.3,0,0,7:26:40
6.92,-6.14,91.9,635.9,-564.3,0,0,7:26:45
6.91,-6.14,91.9,635,-564.3,0,0,7:26:50
6.92,-6.15,91.9,635.9,-565.2,0,0,7:26:55
6.91,-6.14,91.9,635,-564.3,0,0,7:27:00
6.92,-6.15,92,636.6,-565.8,0,0,7:27:05
6.9,-6.13,91.9,634.1,-563.3,0,0,7:27:10
6.9,-6.14,91.9,634.1,-564.3,0,0,7:27:15
6.89,-6.13,92,633.9,-564,0,0,7:27:20
6.91,-6.13,91.9,635,-563.3,0,0,7:27:25
6.91,-6.14,92,635.7,-564.9,0,0,7:27:30
6.92,-6.14,92,636.6,-564.9,0,0,7:27:35
6.92,-6.16,92,636.6,-566.7,0,0,7:27:40
6.93,-6.15,92,637.6,-565.8,0,0,7:27:45
6.91,-6.15,92.1,636.4,-566.4,0,0,7:27:50
6.94,-6.17,92.1,639.2,-568.3,0,0,7:27:55
6.94,-6.16,92.1,639.2,-567.3,0,0,7:28:00
6.95,-6.16,92.1,640.1,-567.3,0,0,7:28:05
6.96,-6.18,92.1,641,-569.2,0,0,7:28:10
6.95,-6.18,92.1,640.1,-569.2,0,0,7:28:15
6.62,-5.86,92,609,-539.1,0,0,7:28:20
6.98,-6.2,92.1,642.9,-571,0,0,7:28:25
6.98,-6.2,92.1,642.9,-571,0,0,7:28:30
7,-6.22,92.1,644.7,-572.9,0,0,7:28:35
7.01,-6.22,92.1,645.6,-572.9,0,0,7:28:40
7.02,-6.23,92.1,646.5,-573.8,0,0,7:28:45
7.02,-6.23,92.1,646.5,-573.8,0,0,7:28:50
7.02,-6.24,92.1,646.5,-574.7,0,0,7:28:55
7.04,-6.26,92.1,648.4,-576.5,0,0,7:29:00
7.05,-6.27,92.1,649.3,-577.5,0,0,7:29:05
7.05,-6.28,92.1,649.3,-578.4,0,0,7:29:10
7.05,-6.28,92.1,649.3,-578.4,0,0,7:29:15
7.07,-6.29,92.1,651.1,-579.3,0,0,7:29:20
7.06,-6.29,92.1,650.2,-579.3,0,0,7:29:25
7.07,-6.28,92.1,651.1,-578.4,0,0,7:29:30
7.08,-6.3,92.1,652.1,-580.2,0,0,7:29:35
7.1,-6.32,92.1,653.9,-582.1,0,0,7:29:40
7.09,-6.31,92.1,653,-581.2,0,0,7:29:45
7.1,-6.32,92.1,653.9,-582.1,0,0,7:29:50
7.12,-6.34,92.1,655.8,-583.9,0,0,7:29:55
7.12,-6.34,92.1,655.8,-583.9,0,0,7:30:00
7.11,-6.33,92.1,654.8,-583,0,0,7:30:05
7.11,-6.33,92.1,654.8,-583,0,0,7:30:10
7.13,-6.34,92.1,656.7,-583.9,0,0,7:30:15
7.13,-6.35,92.1,656.7,-584.8,0,0,7:30:20
7.14,-6.36,92.1,657.6,-585.8,0,0,7:30:25
7.24,-6.2,92.2,667.5,-571.6,0,0,7:30:30
7.15,-6.36,92.1,658.5,-585.8,0,0,7:30:35
7.17,-6.38,92.2,661.1,-588.2,0,0,7:30:40
7.26,-6.21,92.3,670.1,-573.2,0,0,7:30:45
7.19,-6.4,92.2,662.9,-590.1,0,0,7:30:50
7.19,-6.39,92.1,662.2,-588.5,0,0,7:30:55
7.21,-6.42,92.2,664.8,-591.9,0,0,7:31:00
7.2,-6.41,92.2,663.8,-591,0,0,7:31:05
7.19,-6.4,92.2,662.9,-590.1,0,0,7:31:10
7.21,-6.43,92.2,664.8,-592.8,0,0,7:31:15
7.2,-6.41,92.2,663.8,-591,0,0,7:31:20
7.22,-6.43,92.2,665.7,-592.8,0,0,7:31:25
7.3,-6.31,92.5,675.3,-583.7,0,0,7:31:30
7.23,-6.44,92.2,666.6,-593.8,0,0,7:31:35
7.24,-6.45,92.2,667.5,-594.7,0,0,7:31:40
7.22,-6.44,92.2,665.7,-593.8,0,0,7:31:45
7.24,-6.42,92.2,667.5,-591.9,0,0,7:31:50
7.27,-6.48,92.2,670.3,-597.5,0,0,7:31:55
7.28,-6.49,92.2,671.2,-598.4,0,0,7:32:00
7.27,-6.48,92.2,670.3,-597.5,0,0,7:32:05
7.28,-6.48,92.2,671.2,-597.5,0,0,7:32:10
7.27,-6.48,92.2,670.3,-597.5,0,0,7:32:15
7.28,-6.48,92.2,671.2,-597.5,0,0,7:32:20
7.29,-6.48,92.2,672.1,-597.5,0,0,7:32:25
7.31,-6.5,92.2,674,-599.3,0,0,7:32:30
7.3,-6.5,92.2,673.1,-599.3,0,0,7:32:35
7.32,-6.52,92.2,674.9,-601.1,0,0,7:32:40
7.32,-6.52,92.2,674.9,-601.1,0,0,7:32:45
7.31,-6.51,92.2,674,-600.2,0,0,7:32:50
7.33,-6.53,92.3,676.6,-602.7,0,0,7:32:55
7.35,-6.56,92.3,678.4,-605.5,0,0,7:33:00
7.34,-6.54,92.3,677.5,-603.6,0,0,7:33:05
7.35,-6.55,92.3,678.4,-604.6,0,0,7:33:10
7.35,-6.55,92.4,679.1,-605.2,0,0,7:33:15
7.34,-6.54,92.3,677.5,-603.6,0,0,7:33:20
7.36,-6.57,92.4,680.1,-607.1,0,0,7:33:25
7.35,-6.56,92.4,679.1,-606.1,0,0,7:33:30
7.37,-6.57,92.3,680.3,-606.4,0,0,7:33:35
7.38,-6.58,92.4,681.9,-608,0,0,7:33:40
7.38,-6.59,92.4,681.9,-608.9,0,0,7:33:45
7.39,-6.59,92.4,682.8,-608.9,0,0,7:33:50
7.41,-6.61,92.4,684.7,-610.8,0,0,7:33:55
7.4,-6.6,92.4,683.8,-609.8,0,0,7:34:00
7.41,-6.61,92.4,684.7,-610.8,0,0,7:34:05
7.42,-6.62,92.4,685.6,-611.7,0,0,7:34:10
7.42,-6.62,92.4,685.6,-611.7,0,0,7:34:15
7.42,-6.61,92.4,685.6,-610.8,0,0,7:34:20
7.43,-6.63,92.4,686.5,-612.6,0,0,7:34:25
7.43,-6.62,92.4,686.5,-611.7,0,0,7:34:30
7.42,-6.62,92.4,685.6,-611.7,0,0,7:34:35
7.44,-6.63,92.4,687.5,-612.6,0,0,7:34:40
7.44,-6.63,92.4,687.5,-612.6,0,0,7:34:45
7.44,-6.63,92.4,687.5,-612.6,0,0,7:34:50
7.45,-6.64,92.4,688.4,-613.5,0,0,7:34:55
7.46,-6.65,92.4,689.3,-614.5,0,0,7:35:00
7.47,-6.65,92.4,690.2,-614.5,0,0,7:35:05
7.47,-6.66,92.4,690.2,-615.4,0,0,7:35:10
7.49,-6.67,92.4,692.1,-616.3,0,0,7:35:15
7.5,-6.69,92.4,693,-618.2,0,0,7:35:20
7.5,-6.68,92.4,693,-617.2,0,0,7:35:25
7.51,-6.7,92.5,694.7,-619.8,0,0,7:35:30
7.52,-6.71,92.5,695.6,-620.7,0,0,7:35:35
7.53,-6.72,92.5,696.5,-621.6,0,0,7:35:40
7.52,-6.72,92.5,695.6,-621.6,0,0,7:35:45
7.53,-6.72,92.5,696.5,-621.6,0,0,7:35:50
7.55,-6.74,92.4,697.6,-622.8,0,0,7:35:55
7.55,-6.74,92.5,698.4,-623.5,0,0,7:36:00
7.56,-6.75,92.5,699.3,-624.4,0,0,7:36:05
7.57,-6.75,92.5,700.2,-624.4,0,0,7:36:10
7.56,-6.75,92.5,699.3,-624.4,0,0,7:36:15
7.56,-6.76,92.5,699.3,-625.3,0,0,7:36:20
7.59,-6.77,92.5,702.1,-626.2,0,0,7:36:25
7.57,-6.77,92.5,700.2,-626.2,0,0,7:36:30
7.57,-6.76,92.5,700.2,-625.3,0,0,7:36:35
7.57,-6.75,92.5,700.2,-624.4,0,0,7:36:40
7.59,-6.77,92.5,702.1,-626.2,0,0,7:36:45
7.58,-6.77,92.5,701.2,-626.2,0,0,7:36:50
7.61,-6.8,92.5,703.9,-629,0,0,7:36:55
7.62,-6.8,92.5,704.9,-629,0,0,7:37:00
7.63,-6.81,92.5,705.8,-629.9,0,0,7:37:05
7.62,-6.81,92.5,704.9,-629.9,0,0,7:37:10
7.63,-6.81,92.5,705.8,-629.9,0,0,7:37:15
7.63,-6.81,92.5,705.8,-629.9,0,0,7:37:20
7.63,-6.82,92.5,705.8,-630.9,0,0,7:37:25
7.63,-6.82,92.5,705.8,-630.9,0,0,7:37:30
7.63,-6.81,92.5,705.8,-629.9,0,0,7:37:35
7.65,-6.83,92.5,707.6,-631.8,0,0,7:37:40
7.66,-6.83,92.5,708.6,-631.8,0,0,7:37:45
7.66,-6.85,92.6,709.3,-634.3,0,0,7:37:50
7.67,-6.85,92.6,710.2,-634.3,0,0,7:37:55
7.69,-6.87,92.6,712.1,-636.2,0,0,7:38:00
7.68,-6.87,92.7,711.9,-636.8,0,0,7:38:05
7.68,-6.88,92.7,711.9,-637.8,0,0,7:38:10
7.69,-6.87,92.7,712.9,-636.8,0,0,7:38:15
7.69,-6.88,92.7,712.9,-637.8,0,0,7:38:20
7.72,-6.9,92.7,715.6,-639.6,0,0,7:38:25
7.71,-6.89,92.7,714.7,-638.7,0,0,7:38:30
7.72,-6.91,92.7,715.6,-640.6,0,0,7:38:35
7.73,-6.91,92.7,716.6,-640.6,0,0,7:38:40
7.74,-6.91,92.7,717.5,-640.6,0,0,7:38:45
7.72,-6.91,92.7,715.6,-640.6,0,0,7:38:50
7.75,-6.93,92.7,718.4,-642.4,0,0,7:38:55
7.75,-6.93,92.7,718.4,-642.4,0,0,7:39:00
7.76,-6.94,92.7,719.4,-643.3,0,0,7:39:05
7.75,-6.93,92.7,718.4,-642.4,0,0,7:39:10
7.78,-6.95,92.7,721.2,-644.3,0,0,7:39:15
7.77,-6.95,92.7,720.3,-644.3,0,0,7:39:20
7.76,-6.94,92.7,719.4,-643.3,0,0,7:39:25
7.8,-6.96,92.7,723.1,-645.2,0,0,7:39:30
7.79,-6.96,92.7,722.1,-645.2,0,0,7:39:35
7.79,-6.97,92.7,722.1,-646.1,0,0,7:39:40
7.81,-6.97,92.7,724,-646.1,0,0,7:39:45
7.81,-6.97,92.7,724,-646.1,0,0,7:39:50
7.79,-6.95,92.7,722.1,-644.3,0,0,7:39:55
7.83,-6.99,92.8,726.6,-648.7,0,0,7:40:00
7.82,-6.98,92.7,724.9,-647,0,0,7:40:05
7.81,-6.98,92.8,724.8,-647.7,0,0,7:40:10
7.81,-6.98,92.8,724.8,-647.7,0,0,7:40:15
7.83,-7,92.8,726.6,-649.6,0,0,7:40:20
7.84,-7,92.8,727.6,-649.6,0,0,7:40:25
7.85,-7.02,92.8,728.5,-651.5,0,0,7:40:30
7.85,-7.02,92.7,727.7,-650.8,0,0,7:40:35
7.84,-7,92.8,727.6,-649.6,0,0,7:40:40
7.84,-7.02,92.8,727.6,-651.5,0,0,7:40:45
7.86,-7.03,92.8,729.4,-652.4,0,0,7:40:50
7.88,-7.05,92.8,731.3,-654.2,0,0,7:40:55
7.88,-7.05,92.8,731.3,-654.2,0,0,7:41:00
7.86,-7.03,92.8,729.4,-652.4,0,0,7:41:05
7.86,-7.03,92.8,729.4,-652.4,0,0,7:41:10
7.89,-7.05,92.8,732.2,-654.2,0,0,7:41:15
7.9,-7.07,92.8,733.1,-656.1,0,0,7:41:20
7.92,-7.09,92.8,735,-658,0,0,7:41:25
7.91,-7.08,92.8,734,-657,0,0,7:41:30
7.92,-7.08,92.8,735,-657,0,0,7:41:35
6.96,-6.19,92.7,645.2,-573.8,0,0,7:41:40
7.92,-7.09,92.8,735,-658,0,0,7:41:45
7.93,-7.1,92.8,735.9,-658.9,0,0,7:41:50
7.92,-7.08,92.9,735.8,-657.7,0,0,7:41:55
7.9,-7.07,92.9,733.9,-656.8,0,0,7:42:00
7.92,-7.08,92.9,735.8,-657.7,0,0,7:42:05
7.92,-7.09,92.9,735.8,-658.7,0,0,7:42:10
7.92,-7.08,92.9,735.8,-657.7,0,0,7:42:15
7.94,-7.1,93,738.4,-660.3,0,0,7:42:20
7.93,-7.09,92.9,736.7,-658.7,0,0,7:42:25
7.92,-7.09,93,736.6,-659.4,0,0,7:42:30
7.97,-7.13,92.9,740.4,-662.4,0,0,7:42:35
7.98,-7.14,93,742.1,-664,0,0,7:42:40
7.97,-7.13,93,741.2,-663.1,0,0,7:42:45
7.98,-7.15,93,742.1,-665,0,0,7:42:50
7.99,-7.14,93,743.1,-664,0,0,7:42:55
8.04,-7.19,93,747.7,-668.7,0,0,7:43:00
8.04,-7.2,93,747.7,-669.6,0,0,7:43:05
8.06,-7.21,93,749.6,-670.5,0,0,7:43:10
8.06,-7.21,93,749.6,-670.5,0,0,7:43:15
8.06,-7.21,93,749.6,-670.5,0,0,7:43:20
8.09,-7.24,93,752.4,-673.3,0,0,7:43:25
8.07,-7.22,93.1,751.3,-672.2,0,0,7:43:30
8.07,-7.23,93.1,751.3,-673.1,0,0,7:43:35
8.11,-7.25,93,754.2,-674.3,0,0,7:43:40
8.1,-7.25,93,753.3,-674.3,0,0,7:43:45
8.09,-7.24,93,752.4,-673.3,0,0,7:43:50
8.1,-7.24,93,753.3,-673.3,0,0,7:43:55
8.13,-7.28,93,756.1,-677,0,0,7:44:00
8.1,-7.24,93.1,754.1,-674,0,0,7:44:05
8.13,-7.27,93.1,756.9,-676.8,0,0,7:44:10
8.13,-7.27,93.1,756.9,-676.8,0,0,7:44:15
8.13,-7.27,93.1,756.9,-676.8,0,0,7:44:20
8.14,-7.28,93.1,757.8,-677.8,0,0,7:44:25
8.14,-7.28,93.1,757.8,-677.8,0,0,7:44:30
8.14,-7.29,93.1,757.8,-678.7,0,0,7:44:35
8.14,-7.28,93.1,757.8,-677.8,0,0,7:44:40
8.17,-7.32,93.1,760.6,-681.5,0,0,7:44:45
8.16,-7.3,93.1,759.7,-679.6,0,0,7:44:50
8.14,-7.29,93.1,757.8,-678.7,0,0,7:44:55
8.12,-7.26,93.1,756,-675.9,0,0,7:45:00
8.15,-7.3,93.1,758.8,-679.6,0,0,7:45:05
8.15,-7.29,93.1,758.8,-678.7,0,0,7:45:10
8.16,-7.3,93.1,759.7,-679.6,0,0,7:45:15
8.12,-7.26,93.1,756,-675.9,0,0,7:45:20
8.13,-7.28,93.1,756.9,-677.8,0,0,7:45:25
8.15,-7.3,93.1,758.8,-679.6,0,0,7:45:30
8.16,-7.31,93.1,759.7,-680.6,0,0,7:45:35
8.16,-7.31,93.1,759.7,-680.6,0,0,7:45:40
8.18,-7.33,93.2,762.4,-683.2,0,0,7:45:45
8.17,-7.33,93.2,761.4,-683.2,0,0,7:45:50
8.18,-7.33,93.3,763.2,-683.9,0,0,7:45:55
8.17,-7.32,93.3,762.3,-683,0,0,7:46:00
8.2,-7.34,93.3,765.1,-684.8,0,0,7:46:05
8.19,-7.33,93.3,764.1,-683.9,0,0,7:46:10
8.2,-7.34,93.3,765.1,-684.8,0,0,7:46:15
8.2,-7.35,93.3,765.1,-685.8,0,0,7:46:20
8.21,-7.35,93.3,766,-685.8,0,0,7:46:25
8.23,-7.36,93.3,767.9,-686.7,0,0,7:46:30
8.23,-7.36,93.3,767.9,-686.7,0,0,7:46:35
8.23,-7.37,93.3,767.9,-687.6,0,0,7:46:40
8.21,-7.36,93.3,766,-686.7,0,0,7:46:45
8.22,-7.36,93.3,766.9,-686.7,0,0,7:46:50
8.25,-7.38,93.3,769.7,-688.6,0,0,7:46:55
8.24,-7.38,93.3,768.8,-688.6,0,0,7:47:00
8.24,-7.36,93.3,768.8,-686.7,0,0,7:47:05
8.25,-7.38,93.3,769.7,-688.6,0,0,7:47:10
8.25,-7.39,93.3,769.7,-689.5,0,0,7:47:15
8.25,-7.39,93.3,769.7,-689.5,0,0,7:47:20
8.26,-7.4,93.3,770.7,-690.4,0,0,7:47:25
8.26,-7.4,93.3,770.7,-690.4,0,0,7:47:30
8.27,-7.41,93.3,771.6,-691.4,0,0,7:47:35
8.26,-7.41,93.3,770.7,-691.4,0,0,7:47:40
8.22,-7.36,93.3,766.9,-686.7,0,0,7:47:45
8.25,-7.4,93.3,769.7,-690.4,0,0,7:47:50
8.25,-7.4,93.3,769.7,-690.4,0,0,7:47:55
8.27,-7.41,93.4,772.4,-692.1,0,0,7:48:00
8.27,-7.41,93.4,772.4,-692.1,0,0,7:48:05
8.26,-7.4,93.4,771.5,-691.2,0,0,7:48:10
8.29,-7.43,93.4,774.3,-694,0,0,7:48:15
8.29,-7.43,93.4,774.3,-694,0,0,7:48:20
8.33,-7.46,93.4,778,-696.8,0,0,7:48:25
8.33,-7.46,93.4,778,-696.8,0,0,7:48:30
8.34,-7.47,93.4,779,-697.7,0,0,7:48:35
8.31,-7.45,93.4,776.2,-695.8,0,0,7:48:40
8.3,-7.44,93.4,775.2,-694.9,0,0,7:48:45
8.32,-7.45,93.4,777.1,-695.8,0,0,7:48:50
8.32,-7.46,93.4,777.1,-696.8,0,0,7:48:55
8.31,-7.44,93.4,776.2,-694.9,0,0,7:49:00
8.33,-7.47,93.4,778,-697.7,0,0,7:49:05
8.31,-7.45,93.4,776.2,-695.8,0,0,7:49:10
8.34,-7.49,93.4,779,-699.6,0,0,7:49:15
8.34,-7.48,93.5,779.8,-699.4,0,0,7:49:20
8.32,-7.45,93.4,777.1,-695.8,0,0,7:49:25
8.32,-7.45,93.4,777.1,-695.8,0,0,7:49:30
8.34,-7.47,93.4,779,-697.7,0,0,7:49:35
8.33,-7.47,93.5,778.9,-698.4,0,0,7:49:40
8.36,-7.5,93.5,781.7,-701.3,0,0,7:49:45
8.34,-7.48,93.5,779.8,-699.4,0,0,7:49:50
8.36,-7.5,93.6,782.5,-702,0,0,7:49:55
8.36,-7.5,93.5,781.7,-701.3,0,0,7:50:00
8.38,-7.51,93.6,784.4,-702.9,0,0,7:50:05
8.38,-7.51,93.6,784.4,-702.9,0,0,7:50:10
8.38,-7.51,93.6,784.4,-702.9,0,0,7:50:15
8.37,-7.51,93.6,783.4,-702.9,0,0,7:50:20
8.39,-7.52,93.6,785.3,-703.9,0,0,7:50:25
8.39,-7.53,93.6,785.3,-704.8,0,0,7:50:30
8.4,-7.53,93.6,786.2,-704.8,0,0,7:50:35
8.39,-7.52,93.6,785.3,-703.9,0,0,7:50:40
8.38,-7.52,93.6,784.4,-703.9,0,0,7:50:45
8.39,-7.52,93.6,785.3,-703.9,0,0,7:50:50
8.43,-7.55,93.6,789,-706.7,0,0,7:50:55
8.39,-7.53,93.6,785.3,-704.8,0,0,7:51:00
8.43,-7.55,93.6,789,-706.7,0,0,7:51:05
8.41,-7.54,93.6,787.2,-705.7,0,0,7:51:10
8.4,-7.53,93.6,786.2,-704.8,0,0,7:51:15
8.4,-7.53,93.6,786.2,-704.8,0,0,7:51:20
8.44,-7.57,93.6,790,-708.6,0,0,7:51:25
8.45,-7.57,93.7,791.8,-709.3,0,0,7:51:30
8.46,-7.58,93.6,791.9,-709.5,0,0,7:51:35
8.46,-7.58,93.7,792.7,-710.2,0,0,7:51:40
8.46,-7.59,93.7,792.7,-711.2,0,0,7:51:45
8.46,-7.58,93.7,792.7,-710.2,0,0,7:51:50
8.48,-7.6,93.7,794.6,-712.1,0,0,7:51:55
8.48,-7.6,93.7,794.6,-712.1,0,0,7:52:00
8.48,-7.6,93.7,794.6,-712.1,0,0,7:52:05
8.5,-7.62,93.7,796.5,-714,0,0,7:52:10
8.51,-7.64,93.7,797.4,-715.9,0,0,7:52:15
8.5,-7.62,93.7,796.5,-714,0,0,7:52:20
8.51,-7.64,93.7,797.4,-715.9,0,0,7:52:25
8.52,-7.64,93.7,798.3,-715.9,0,0,7:52:30
8.51,-7.64,93.7,797.4,-715.9,0,0,7:52:35
8.51,-7.64,93.7,797.4,-715.9,0,0,7:52:40
8.51,-7.63,93.7,797.4,-714.9,0,0,7:52:45
8.52,-7.64,93.7,798.3,-715.9,0,0,7:52:50
8.5,-7.63,93.7,796.5,-714.9,0,0,7:52:55
8.52,-7.65,93.7,798.3,-716.8,0,0,7:53:00
8.59,-7.7,93.8,805.7,-722.3,0,0,7:53:05
8.58,-7.69,93.8,804.8,-721.3,0,0,7:53:10
8.5,-7.63,93.8,797.3,-715.7,0,0,7:53:15
8.53,-7.65,93.9,801,-718.3,0,0,7:53:20
8.53,-7.65,93.9,801,-718.3,0,0,7:53:25
8.56,-7.67,93.9,803.8,-720.2,0,0,7:53:30
8.54,-7.66,93.8,801.1,-718.5,0,0,7:53:35
8.55,-7.68,93.9,802.8,-721.2,0,0,7:53:40
8.56,-7.68,93.9,803.8,-721.2,0,0,7:53:45
8.55,-7.67,93.9,802.8,-720.2,0,0,7:53:50
8.55,-7.67,93.9,802.8,-720.2,0,0,7:53:55
8.49,-7.6,93.9,797.2,-713.6,0,0,7:54:00
8.59,-7.7,93.9,806.6,-723,0,0,7:54:05
8.58,-7.69,93.9,805.7,-722.1,0,0,7:54:10
8.56,-7.68,93.9,803.8,-721.2,0,0,7:54:15
8.56,-7.68,93.9,803.8,-721.2,0,0,7:54:20
8.57,-7.69,93.9,804.7,-722.1,0,0,7:54:25
8.59,-7.7,93.9,806.6,-723,0,0,7:54:30
8.59,-7.7,93.9,806.6,-723,0,0,7:54:35
8.58,-7.7,93.9,805.7,-723,0,0,7:54:40
8.59,-7.71,93.9,806.6,-724,0,0,7:54:45
8.6,-7.72,94,808.4,-725.7,0,0,7:54:50
8.61,-7.72,94,809.3,-725.7,0,0,7:54:55
8.61,-7.72,94,809.3,-725.7,0,0,7:55:00
8.32,-7.46,93.9,781.2,-700.5,0,0,7:55:05
8.35,-7.48,94,784.9,-703.1,0,0,7:55:10
8.36,-7.49,93.9,785,-703.3,0,0,7:55:15
8.34,-7.48,93.9,783.1,-702.4,0,0,7:55:20
8.34,-7.47,93.9,783.1,-701.4,0,0,7:55:25
8.35,-7.48,94,784.9,-703.1,0,0,7:55:30
8.36,-7.49,94,785.8,-704.1,0,0,7:55:35
8.34,-7.48,94,784,-703.1,0,0,7:55:40
8.36,-7.49,94,785.8,-704.1,0,0,7:55:45
8.36,-7.5,94,785.8,-705,0,0,7:55:50
8.38,-7.51,94,787.7,-705.9,0,0,7:55:55
8.37,-7.5,94,786.8,-705,0,0,7:56:00
8.34,-7.48,94,784,-703.1,0,0,7:56:05
8.35,-7.48,94,784.9,-703.1,0,0,7:56:10
8.36,-7.5,94,785.8,-705,0,0,7:56:15
8.37,-7.51,94,786.8,-705.9,0,0,7:56:20
8.38,-7.51,94,787.7,-705.9,0,0,7:56:25
8.35,-7.48,94,784.9,-703.1,0,0,7:56:30
8.4,-7.52,94,789.6,-706.9,0,0,7:56:35
8.39,-7.52,94.1,789.5,-707.6,0,0,7:56:40
8.38,-7.52,94,787.7,-706.9,0,0,7:56:45
8.39,-7.52,94.1,789.5,-707.6,0,0,7:56:50
8.4,-7.53,94.1,790.4,-708.6,0,0,7:56:55
8.36,-7.5,94.1,786.7,-705.8,0,0,7:57:00
8.36,-7.5,94.1,786.7,-705.8,0,0,7:57:05
8.35,-7.49,94.1,785.7,-704.8,0,0,7:57:10
8.34,-7.47,94.2,785.6,-703.7,0,0,7:57:15
8.21,-7.37,94.1,772.6,-693.5,0,0,7:57:20
7.69,-6.88,94,722.9,-646.7,0,0,7:57:25
5.09,-4.46,93.7,476.9,-417.9,0,0,7:57:30
2.78,-2.3,93.3,259.4,-214.6,0,0,7:57:35
1.39,-1.05,93,129.3,-97.6,0,0,7:57:40
1.02,-0.68,93,94.9,-63.2,0,0,7:57:45
1.22,-0.87,93,113.5,-80.9,0,0,7:57:50
1.21,-0.86,93,112.5,-80,0,0,7:57:55
0.98,-0.65,93,91.1,-60.5,0,0,7:58:00
1.1,-0.76,92.9,102.2,-70.6,0,0,7:58:05
1.08,-0.74,92.9,100.3,-68.7,0,0,7:58:10
1.06,-0.72,92.8,98.4,-66.8,0,0,7:58:15
1.02,-0.75,92.7,94.6,-69.5,0,0,7:58:20
1,-0.68,92.8,92.8,-63.1,0,0,7:58:25
1.1,-0.78,92.9,102.2,-72.5,0,0,7:58:30
1.14,-0.82,92.8,105.8,-76.1,0,0,7:58:35
1.24,-0.9,92.8,115.1,-83.5,0,0,7:58:40
1.24,-0.92,92.8,115.1,-85.4,0,0,7:58:45
1.2,-0.88,92.8,111.4,-81.7,0,0,7:58:50
1.19,-0.87,92.8,110.4,-80.7,0,0,7:58:55
1.25,-0.91,92.8,116,-84.4,0,0,7:59:00
1.23,-0.89,92.8,114.1,-82.6,0,0,7:59:05
1.23,-0.9,92.8,114.1,-83.5,0,0,7:59:10
1.29,-0.95,92.8,119.7,-88.2,0,0,7:59:15
1.27,-0.93,92.8,117.9,-86.3,0,0,7:59:20
1.26,-0.92,92.8,116.9,-85.4,0,0,7:59:25
0.81,-0.52,92.7,75.1,-48.2,0,0,7:59:30
0.86,-0.56,92.7,79.7,-51.9,0,0,7:59:35
1.18,-0.85,92.8,109.5,-78.9,0,0,7:59:40
1.33,-0.99,92.8,123.4,-91.9,0,0,7:59:45
1.38,-1.03,92.8,128.1,-95.6,0,0,7:59:50
1.31,-0.97,92.8,121.6,-90,0,0,7:59:55
1.19,-0.87,92.7,110.3,-80.6,0,0,8:00:00
1.28,-0.95,92.8,118.8,-88.2,0,0,8:00:05
1.36,-1.02,92.8,126.2,-94.7,0,0,8:00:10
1.38,-1.04,92.8,128.1,-96.5,0,0,8:00:15
1.41,-1.06,92.8,130.8,-98.4,0,0,8:00:20
1.38,-1.04,92.8,128.1,-96.5,0,0,8:00:25
1.49,-1.14,92.8,138.3,-105.8,0,0,8:00:30
1.48,-1.13,92.8,137.3,-104.9,0,0,8:00:35
1.45,-1.1,92.8,134.6,-102.1,0,0,8:00:40
1.46,-1.11,92.8,135.5,-103,0,0,8:00:45
1.49,-1.13,92.8,138.3,-104.9,0,0,8:00:50
1.52,-1.16,92.8,141.1,-107.6,0,0,8:00:55
1.52,-1.16,92.8,141.1,-107.6,0,0,8:01:00
1.49,-1.13,92.8,138.3,-104.9,0,0,8:01:05
1.53,-1.17,92.7,141.8,-108.5,0,0,8:01:10
1.51,-1.15,92.8,140.1,-106.7,0,0,8:01:15
1.48,-1.13,92.7,137.2,-104.8,0,0,8:01:20
1.52,-1.16,92.8,141.1,-107.6,0,0,8:01:25
1.5,-1.15,92.8,139.2,-106.7,0,0,8:01:30
1.44,-1.08,92.7,133.5,-100.1,0,0,8:01:35
1.5,-1.15,92.8,139.2,-106.7,0,0,8:01:40
1.51,-1.15,92.8,140.1,-106.7,0,0,8:01:45
1.53,-1.17,92.8,142,-108.6,0,0,8:01:50
1.57,-1.21,92.8,145.7,-112.3,0,0,8:01:55
1.53,-1.16,92.8,142,-107.6,0,0,8:02:00
1.55,-1.19,92.8,143.8,-110.4,0,0,8:02:05
1.57,-1.22,92.7,145.5,-113.1,0,0,8:02:10
1.53,-1.17,92.7,141.8,-108.5,0,0,8:02:15
1.58,-1.22,92.8,146.6,-113.2,0,0,8:02:20
1.52,-1.17,92.8,141.1,-108.6,0,0,8:02:25
1.59,-1.29,92.6,147.2,-119.5,0,0,8:02:30
1.56,-1.25,92.6,144.5,-115.8,0,0,8:02:35
1.52,-1.23,92.7,140.9,-114,0,0,8:02:40
1.58,-1.22,92.8,146.6,-113.2,0,0,8:02:45
1.48,-1.18,92.7,137.2,-109.4,0,0,8:02:50
1.49,-1.14,92.8,138.3,-105.8,0,0,8:02:55
1.53,-1.18,92.8,142,-109.5,0,0,8:03:00
1.6,-1.24,92.8,148.5,-115.1,0,0,8:03:05
1.61,-1.25,92.8,149.4,-116,0,0,8:03:10
1.61,-1.25,92.8,149.4,-116,0,0,8:03:15
1.52,-1.16,92.7,140.9,-107.5,0,0,8:03:20
1.57,-1.21,92.8,145.7,-112.3,0,0,8:03:25
1.6,-1.27,92.7,148.3,-117.7,0,0,8:03:30
1.63,-1.27,92.8,151.3,-117.9,0,0,8:03:35
1.62,-1.26,92.8,150.3,-116.9,0,0,8:03:40
1.62,-1.26,92.7,150.2,-116.8,0,0,8:03:45
1.64,-1.27,92.8,152.2,-117.9,0,0,8:03:50
1.65,-1.3,92.7,153,-120.5,0,0,8:03:55
1.65,-1.31,92.7,153,-121.4,0,0,8:04:00
1.64,-1.27,92.8,152.2,-117.9,0,0,8:04:05
1.62,-1.26,92.8,150.3,-116.9,0,0,8:04:10
1.65,-1.32,92.7,153,-122.4,0,0,8:04:15
1.68,-1.31,92.8,155.9,-121.6,0,0,8:04:20
1.66,-1.28,92.8,154,-118.8,0,0,8:04:25
1.7,-1.32,92.8,157.8,-122.5,0,0,8:04:30
1.65,-1.28,92.8,153.1,-118.8,0,0,8:04:35
1.65,-1.26,92.7,153,-116.8,0,0,8:04:40
1.67,-1.27,92.8,155,-117.9,0,0,8:04:45
1.7,-1.34,92.7,157.6,-124.2,0,0,8:04:50
1.68,-1.29,92.8,155.9,-119.7,0,0,8:04:55
1.71,-1.31,92.8,158.7,-121.6,0,0,8:05:00
1.32,2.14,92.2,121.7,197.3,0,8,8:05:05
1.61,1.64,92.2,148.4,151.2,0,10,8:05:10
1.78,-1.2,92.7,165,-111.2,0,10,8:05:15
1.36,9.94,90.8,123.5,902.6,0,16,8:05:20
2.18,9.11,90.9,198.2,828.1,0,26,8:05:25
2.34,9.91,90.6,212,897.8,0,35,8:05:30
2.13,9.11,90.7,193.2,826.3,0,42,8:05:35
2.08,9.14,90.7,188.7,829,0,47,8:05:40
1.94,9.22,90.5,175.6,834.4,0,51,8:05:45
1.87,-1.51,92.4,172.8,-139.5,0,51,8:05:50
1.87,-0.92,92.4,172.8,-85,0,49,8:05:55
1.67,1.71,92,153.6,157.3,0,49,8:06:00
2.15,1.22,91.9,197.6,112.1,0,48,8:06:05
2.16,8.15,90.9,196.3,740.8,0,50,8:06:10
2.31,8,90.9,210,727.2,0,52,8:06:15
2.4,11.38,90.3,216.7,1027.6,0,54,8:06:20
2.25,12.02,90.1,202.7,1083,0,57,8:06:25
2.29,12.5,90,206.1,1125,0,60,8:06:30
2.26,12.5,90,203.4,1125,0,63,8:06:35
2.26,12.96,89.8,202.9,1163.8,0,66,8:06:40
2.21,10.56,90.2,199.3,952.5,0,68,8:06:45
2.19,7.64,90.6,198.4,692.2,0,69,8:06:50
2.26,6.62,90.8,205.2,601.1,0,69,8:06:55
2.18,7.55,90.6,197.5,684,0,69,8:07:00
2.22,6.59,90.8,201.6,598.4,0,69,8:07:05
2.36,7.53,90.6,213.8,682.2,0,70,8:07:10
2.29,7.51,90.6,207.5,680.4,0,70,8:07:15
2.12,7.66,90.5,191.9,693.2,0,70,8:07:20
2.3,7.07,90.5,208.2,639.8,0,70,8:07:25
2.23,7.17,90.6,202,649.6,0,70,8:07:30
2.23,7.4,90.5,201.8,669.7,0,70,8:07:35
2.24,7.5,90.5,202.7,678.8,0,70,8:07:40
2.29,7.31,90.5,207.2,661.6,0,70,8:07:45
2.28,7.09,90.6,206.6,642.4,0,70,8:07:50
2.24,7.16,90.6,202.9,648.7,0,70,8:07:55
2.28,7.43,90.5,206.3,672.4,0,70,8:08:00
2.24,7.51,90.5,202.7,679.7,0,70,8:08:05
2.26,7.24,90.5,204.5,655.2,0,70,8:08:10
2.25,7.24,90.5,203.6,655.2,0,70,8:08:15
2.32,7.56,90.4,209.7,683.4,0,70,8:08:20
2.32,7.3,90.4,209.7,659.9,0,70,8:08:25
2.31,7.25,90.5,209.1,656.1,0,70,8:08:30
2.23,7.61,90.3,201.4,687.2,0,70,8:08:35
2.22,7.29,90.4,200.7,659,0,70,8:08:40
2.32,7.36,90.4,209.7,665.3,0,70,8:08:45
2.31,7.57,90.3,208.6,683.6,0,70,8:08:50
2.3,7.27,90.4,207.9,657.2,0,70,8:08:55
2.37,7.35,90.4,214.2,664.4,0,70,8:09:00
2.3,7.18,90.4,207.9,649.1,0,70,8:09:05
2.31,6.91,90.4,208.8,624.7,0,70,8:09:10
2.31,6.79,90.5,209.1,614.5,0,70,8:09:15
2.2,6.89,90.5,199.1,623.5,0,70,8:09:20
2.27,6.98,90.4,205.2,631,0,70,8:09:25
2.22,7.26,90.4,200.7,656.3,0,70,8:09:30
2.36,7.4,90.3,213.1,668.2,0,70,8:09:35
2.39,7.23,90.4,216.1,653.6,0,70,8:09:40
2.34,7.64,90.3,211.3,689.9,0,69,8:09:45
2.42,7.47,90.3,218.5,674.5,0,69,8:09:50
2.4,7.68,90.3,216.7,693.5,0,69,8:09:55
2.46,8.09,90.1,221.6,728.9,0,69,8:10:00
2.43,7.99,90.2,219.2,720.7,0,69,8:10:05
2.41,7.97,90.2,217.4,718.9,0,69,8:10:10
2.14,8.11,90.1,192.8,730.7,0,69,8:10:15
2.24,7.67,90.2,202,691.8,0,69,8:10:20
1.79,8.12,90.1,161.3,731.6,0,69,8:10:25
1.91,7.52,90.2,172.3,678.3,0,70,8:10:30
1.9,7.61,90.2,171.4,686.4,0,70,8:10:35
1.84,7.75,90.1,165.8,698.3,0,70,8:10:40
1.9,7.41,90.2,171.4,668.4,0,70,8:10:45
1.96,7.98,90,176.4,718.2,0,69,8:10:50
1.95,7.79,90.1,175.7,701.9,0,69,8:10:55
1.92,8.15,90,172.8,733.5,0,69,8:11:00
1.95,8.01,90.1,175.7,721.7,0,69,8:11:05
1.9,7.96,90,171,716.4,0,69,8:11:10
2.01,8.07,89.9,180.7,725.5,0,69,8:11:15
1.76,8.17,90,158.4,735.3,0,69,8:11:20
2.03,8.07,90,182.7,726.3,0,69,8:11:25
2.26,7.88,90,203.4,709.2,0,69,8:11:30
2.48,-2.13,91.8,227.7,-195.5,0,68,8:11:35
2.37,-1.29,91.7,217.3,-118.3,0,65,8:11:40
2.64,6.8,90.3,238.4,614,0,64,8:11:45
2.56,7.85,90.1,230.7,707.3,0,64,8:11:50
2.49,7.9,90,224.1,711,0,65,8:11:55
2.59,9.43,89.8,232.6,846.8,0,66,8:12:00
2.51,9.82,89.7,225.1,880.9,0,67,8:12:05
2.44,8.71,89.9,219.4,783,0,68,8:12:10
2.5,3.93,90.5,226.3,355.7,0,68,8:12:15
2.57,-2.11,91.7,235.7,-193.5,0,66,8:12:20
1.96,-1.68,91.5,179.3,-153.7,0,62,8:12:25
2.55,-2.09,91.8,234.1,-191.9,0,59,8:12:30
2.46,-2.15,91.7,225.6,-197.2,0,56,8:12:35
2.33,-1.88,91.8,213.9,-172.6,0,53,8:12:40
2.24,-1.95,91.7,205.4,-178.8,0,51,8:12:45
2.27,-1.83,91.9,208.6,-168.2,0,48,8:12:50
2.22,-1.91,91.7,203.6,-175.1,0,46,8:12:55
2.32,-1.88,91.8,213,-172.6,0,44,8:13:00
2.28,-1.84,91.8,209.3,-168.9,0,41,8:13:05
2.28,-1.85,91.9,209.5,-170,0,37,8:13:10
2,-11.69,93.4,186.8,-1091.8,0,29,8:13:15
2.16,-5.96,92.6,200,-551.9,0,19,8:13:20
2.19,-3.7,92.2,201.9,-341.1,0,12,8:13:25
2.41,-2.14,92.1,222,-197.1,0,6,8:13:30
2.26,-1.83,92,207.9,-168.4,0,0,8:13:35
2.27,-1.87,91.8,208.4,-171.7,0,0,8:13:40
2.21,6.48,90.6,200.2,587.1,0,0,8:13:45
2.3,4.28,90.9,209.1,389.1,0,14,8:13:50
2.22,-1.79,91.9,204,-164.5,0,16,8:13:55
2.14,-1.71,91.9,196.7,-157.1,0,9,8:14:00
2.17,-1.55,91.8,199.2,-142.3,0,3,8:14:05
1.87,4.61,90.7,169.6,418.1,0,10,8:14:10
2.27,6.26,90.4,205.2,565.9,0,18,8:14:15
2.39,9.09,90,215.1,818.1,0,26,8:14:20
2.36,8.96,89.8,211.9,804.6,0,32,8:14:25
2.35,3.08,91,213.9,280.3,0,36,8:14:30
2.34,0.14,91.5,214.1,12.8,0,37,8:14:35
2.35,1.51,91.1,214.1,137.6,0,37,8:14:40
2.35,2.12,91,213.9,192.9,0,38,8:14:45
2.43,5.58,90.6,220.2,505.5,0,40,8:14:50
2.36,8.02,90,212.4,721.8,0,44,8:14:55
2.26,-0.06,91.4,206.6,-5.5,0,46,8:15:00
2.24,-1.8,91.8,205.6,-165.2,0,41,8:15:05
2.35,-3.67,92.2,216.7,-338.4,0,31,8:15:10
2.24,-1.91,91.9,205.9,-175.5,0,26,8:15:15
2.49,-6.05,92.6,230.6,-560.2,0,18,8:15:20
3.11,-3.41,92.1,286.4,-314.1,0,7,8:15:25
2.87,-2.37,92.1,264.3,-218.3,0,0,8:15:30
2.86,-2.4,92.1,263.4,-221,0,0,8:15:35
2.76,-2.29,92.1,254.2,-210.9,0,0,8:15:40
2.75,-2.29,92.1,253.3,-210.9,0,0,8:15:45
2.76,-2.29,92.1,254.2,-210.9,0,0,8:15:50
2.49,-2.05,92.1,229.3,-188.8,0,0,8:15:55
2.5,-2.06,92.1,230.3,-189.7,0,0,8:16:00
2.55,-2.11,92.1,234.9,-194.3,0,0,8:16:05
2.54,-2.11,92.1,233.9,-194.3,0,0,8:16:10
2.46,-2.03,92.1,226.6,-187,0,0,8:16:15
2.66,-2.22,92.1,245,-204.5,0,0,8:16:20
2.8,-2.33,92.1,257.9,-214.6,0,0,8:16:25
2.79,-2.32,92.1,257,-213.7,0,0,8:16:30
2.77,-2.32,92.1,255.1,-213.7,0,0,8:16:35
2.78,-2.32,92.1,256,-213.7,0,0,8:16:40
2.79,-2.33,92.1,257,-214.6,0,0,8:16:45
2.77,-2.31,92.1,255.1,-212.8,0,0,8:16:50
2.78,-2.33,92.1,256,-214.6,0,0,8:16:55
2.8,-2.33,92.1,257.9,-214.6,0,0,8:17:00
3.63,-3.11,92.2,334.7,-286.7,0,0,8:17:05
3.83,-3.29,92.2,353.1,-303.3,0,0,8:17:10
3.81,-3.28,92.2,351.3,-302.4,0,0,8:17:15
3.79,-3.25,92.3,349.8,-300,0,0,8:17:20
3.74,-3.21,92.3,345.2,-296.3,0,0,8:17:25
3.73,-3.2,92.3,344.3,-295.4,0,0,8:17:30
3.74,-3.22,92.3,345.2,-297.2,0,0,8:17:35
3.71,-3.18,92.3,342.4,-293.5,0,0,8:17:40
3.1,-2.61,92.2,285.8,-240.6,0,0,8:17:45
3.11,-2.62,92.2,286.7,-241.6,0,0,8:17:50
3.09,-2.6,92.2,284.9,-239.7,0,0,8:17:55
3.12,-2.63,92.2,287.7,-242.5,0,0,8:18:00
3.12,-2.64,92.2,287.7,-243.4,0,0,8:18:05
3.12,-2.62,92.2,287.7,-241.6,0,0,8:18:10
3.12,-2.64,92.2,287.7,-243.4,0,0,8:18:15
3.12,-2.63,92.2,287.7,-242.5,0,0,8:18:20
3.12,-2.63,92.2,287.7,-242.5,0,0,8:18:25
3.14,-2.66,92.2,289.5,-245.3,0,0,8:18:30
3.15,-2.66,92.2,290.4,-245.3,0,0,8:18:35
3.12,-2.63,92.2,287.7,-242.5,0,0,8:18:40
3.16,-2.66,92.2,291.4,-245.3,0,0,8:18:45
3.52,-3.01,92.4,325.2,-278.1,0,0,8:18:50
3.17,-2.68,92.3,292.6,-247.4,0,0,8:18:55
2.69,-2.24,92.2,248,-206.5,0,0,8:19:00
2.13,-1.72,92.2,196.4,-158.6,0,0,8:19:05
2.57,-2.12,92.2,237,-195.5,0,2,8:19:10
3.18,-2.7,92.3,293.5,-249.2,0,0,8:19:15
3.11,-2.62,92.3,287.1,-241.8,0,0,8:19:20
3.09,-2.61,92.3,285.2,-240.9,0,0,8:19:25
3.09,-2.61,92.3,285.2,-240.9,0,0,8:19:30
3.09,-2.61,92.3,285.2,-240.9,0,0,8:19:35
3.09,-2.6,92.3,285.2,-240,0,0,8:19:40
3.1,-2.62,92.3,286.1,-241.8,0,0,8:19:45
3.1,-2.62,92.4,286.4,-242.1,0,0,8:19:50
3.1,-2.62,92.3,286.1,-241.8,0,0,8:19:55
3.12,-2.64,92.3,288,-243.7,0,0,8:20:00
3.12,-2.63,92.3,288,-242.7,0,0,8:20:05
3.13,-2.64,92.4,289.2,-243.9,0,0,8:20:10
3.13,-2.64,92.4,289.2,-243.9,0,0,8:20:15
3.13,-2.65,92.4,289.2,-244.9,0,0,8:20:20
3.13,-2.7,92.2,288.6,-248.9,0,0,8:20:25
3.14,-2.7,92.2,289.5,-248.9,0,0,8:20:30
3.14,-2.65,92.4,290.1,-244.9,0,0,8:20:35
3.12,-2.61,92.4,288.3,-241.2,0,0,8:20:40
3.15,-2.69,92.3,290.7,-248.3,0,0,8:20:45
3.15,-2.64,92.4,291.1,-243.9,0,0,8:20:50
3.17,-2.68,92.3,292.6,-247.4,0,0,8:20:55
3.1,1.11,91.7,284.3,101.8,0,4,8:21:00
3.38,4.47,91.2,308.3,407.7,0,8,8:21:05
3,11.42,90,270,1027.8,0,19,8:21:10
2.92,12.03,89.8,262.2,1080.3,0,30,8:21:15
2.9,11.99,89.8,260.4,1076.7,0,37,8:21:20
2.92,14,89.3,260.8,1250.2,0,44,8:21:25
2.96,13.97,89.2,264,1246.1,0,49,8:21:30
2.88,14,89.1,256.6,1247.4,0,54,8:21:35
2.83,14.09,89.2,252.4,1256.8,0,58,8:21:40
2.77,14.08,89,246.5,1253.1,0,61,8:21:45
2.8,12.45,89.3,250,1111.8,0,63,8:21:50
2.72,10.86,89.5,243.4,972,0,65,8:21:55
2.76,11.73,89.4,246.7,1048.7,0,66,8:22:00
2.46,9.95,89.7,220.7,892.5,0,67,8:22:05
2.2,10.56,89.6,197.1,946.2,0,68,8:22:10
2.88,9.23,89.8,258.6,828.9,0,68,8:22:15
3.09,9.17,89.7,277.2,822.5,0,68,8:22:20
2.98,8.75,89.8,267.6,785.8,0,69,8:22:25
3.01,8.43,89.9,270.6,757.9,0,69,8:22:30
2.89,8.11,89.9,259.8,729.1,0,69,8:22:35
2.86,7.19,90,257.4,647.1,0,70,8:22:40
2.95,6.46,90.2,266.1,582.7,0,70,8:22:45
2.83,6.13,90.2,255.3,552.9,0,70,8:22:50
2.94,5.97,90.3,265.5,539.1,0,70,8:22:55
2.87,5.95,90.3,259.2,537.3,0,70,8:23:00
3,5.92,90.3,270.9,534.6,0,70,8:23:05
2.93,5.69,90.3,264.6,513.8,0,70,8:23:10
2.96,5.73,90.3,267.3,517.4,0,70,8:23:15
2.92,5.88,90.3,263.7,531,0,70,8:23:20
2.95,6.19,90.2,266.1,558.3,0,70,8:23:25
2.99,7.34,90,269.1,660.6,0,69,8:23:30
2.78,9.02,89.7,249.4,809.1,0,68,8:23:35
2.32,9.87,89.6,207.9,884.4,0,68,8:23:40
2.42,9.42,89.6,216.8,844,0,68,8:23:45
2.59,8.12,89.8,232.6,729.2,0,69,8:23:50
2.42,6.56,90.1,218,591.1,0,70,8:23:55
2.33,5.17,90.3,210.4,466.9,0,71,8:24:00
2.41,3.65,90.6,218.3,330.7,0,72,8:24:05
2.47,3.51,90.6,223.8,318,0,72,8:24:10
2.62,2.94,90.8,237.9,267,0,72,8:24:15
3.21,4.06,90.6,290.8,367.8,0,71,8:24:20
3.2,5.91,90.2,288.6,533.1,0,70,8:24:25
3.08,6.37,90.1,277.5,573.9,0,70,8:24:30
2.8,6.61,90.1,252.3,595.6,0,69,8:24:35
3.05,6.98,90,274.5,628.2,0,69,8:24:40
3,6.82,90,270,613.8,0,69,8:24:45
3.1,7.23,89.9,278.7,650,0,69,8:24:50
2.62,7.86,89.9,235.5,706.6,0,69,8:24:55
2.51,8.01,89.8,225.4,719.3,0,69,8:25:00
2.53,8.06,89.8,227.2,723.8,0,69,8:25:05
2.59,-2.18,91.5,237,-199.5,0,68,8:25:10
2.61,3.59,90.6,236.5,325.3,0,65,8:25:15
2.75,4.84,90.4,248.6,437.5,0,64,8:25:20
2.78,4.75,90.4,251.3,429.4,0,63,8:25:25
2.8,7.63,90,252,686.7,0,62,8:25:30
2.8,6.69,90.1,252.3,602.8,0,63,8:25:35
2.93,9.54,89.5,262.2,853.8,0,63,8:25:40
3.14,9.34,89.5,281,835.9,0,64,8:25:45
3.29,9.22,89.5,294.5,825.2,0,64,8:25:50
3.39,9.13,89.5,303.4,817.1,0,63,8:25:55
3.55,12.42,89,316,1105.4,0,62,8:26:00
3.64,12.32,89,324,1096.5,0,63,8:26:05
3.69,12.3,89,328.4,1094.7,0,64,8:26:10
3.73,13.48,88.7,330.9,1195.7,0,65,8:26:15
3.71,10.59,89.2,330.9,944.6,0,67,8:26:20
3.69,9.51,89.4,329.9,850.2,0,68,8:26:25
3.6,7.68,89.6,322.6,688.1,0,69,8:26:30
3.56,5.37,90.1,320.8,483.8,0,69,8:26:35
3.5,3.97,90.3,316.1,358.5,0,70,8:26:40
3.39,3.44,90.4,306.5,311,0,70,8:26:45
3.37,3.52,90.4,304.6,318.2,0,71,8:26:50
3.3,3.05,90.5,298.7,276,0,72,8:26:55
3.18,2.11,90.7,288.4,191.4,0,72,8:27:00
3.14,2.35,90.6,284.5,212.9,0,72,8:27:05
2.99,1.83,90.7,271.2,166,0,72,8:27:10
3.05,1.58,90.7,276.6,143.3,0,72,8:27:15
3.16,2.09,90.8,286.9,189.8,0,72,8:27:20
3.18,2.31,90.7,288.4,209.5,0,72,8:27:25
3.07,1.98,90.7,278.4,179.6,0,72,8:27:30
3.08,2.34,90.7,279.4,212.2,0,72,8:27:35
3.06,2.17,90.7,277.5,196.8,0,72,8:27:40
3.01,-0.12,91.2,274.5,-10.9,0,72,8:27:45
3.03,0.81,91,275.7,73.7,0,72,8:27:50
3.05,0.5,91.1,277.9,45.6,0,72,8:27:55
3.04,0.85,91,276.6,77.4,0,71,8:28:00
3.09,0.66,91,281.2,60.1,0,69,8:28:05
3.16,4.54,90.4,285.7,410.4,0,69,8:28:10
2.73,6.29,90.1,246,566.7,0,69,8:28:15
2.6,6.14,90,234,552.6,0,69,8:28:20
2.69,5.81,90.1,242.4,523.5,0,70,8:28:25
1.89,6.08,90,170.1,547.2,0,70,8:28:30
2.76,5.31,90.2,249,479,0,70,8:28:35
2.84,4.96,90.2,256.2,447.4,0,70,8:28:40
2.92,4.58,90.3,263.7,413.6,0,71,8:28:45
2.98,4.93,90.2,268.8,444.7,0,71,8:28:50
3.03,4.33,90.3,273.6,391,0,71,8:28:55
3.12,4.49,90.3,281.7,405.4,0,71,8:29:00
3.34,3.29,90.5,302.3,297.7,0,72,8:29:05
3.28,2.46,90.6,297.2,222.9,0,72,8:29:10
3.35,0.98,90.9,304.5,89.1,0,73,8:29:15
3.32,-0.39,91.1,302.5,-35.5,0,74,8:29:20
3.39,-0.35,91.2,309.2,-31.9,0,74,8:29:25
3.44,0.97,90.9,312.7,88.2,0,73,8:29:30
3.42,1.73,90.8,310.5,157.1,0,72,8:29:35
3.48,2.05,90.8,316,186.1,0,72,8:29:40
3.33,2.5,90.6,301.7,226.5,0,72,8:29:45
3.24,2.46,90.7,293.9,223.1,0,72,8:29:50
3.26,2.37,90.7,295.7,215,0,72,8:29:55
3.17,1.66,90.8,287.8,150.7,0,72,8:30:00
3.26,1.4,90.9,296.3,127.3,0,73,8:30:05
3.23,2.34,90.7,293,212.2,0,72,8:30:10
3.35,2.99,90.6,303.5,270.9,0,71,8:30:15
3.32,4.23,90.4,300.1,382.4,0,71,8:30:20
3.33,4.52,90.3,300.7,408.2,0,71,8:30:25
3.29,3.58,90.4,297.4,323.6,0,71,8:30:30
3.28,2.07,90.7,297.5,187.7,0,72,8:30:35
3,0.67,91,273,61,0,73,8:30:40
2.86,0.34,91,260.3,30.9,0,74,8:30:45
2.97,1.97,90.7,269.4,178.7,0,72,8:30:50
3.09,3.94,90.5,279.6,356.6,0,71,8:30:55
3.31,4.72,90.2,298.6,425.7,0,71,8:31:00
3.47,3.5,90.5,314,316.8,0,71,8:31:05
3.49,2.4,90.7,316.5,217.7,0,72,8:31:10
3.48,2.29,90.6,315.3,207.5,0,72,8:31:15
3.47,1.41,90.8,315.1,128,0,73,8:31:20
3.45,1.11,90.9,313.6,100.9,0,73,8:31:25
3.44,0.9,90.9,312.7,81.8,0,73,8:31:30
3.37,-0.54,91.1,307,-49.2,0,74,8:31:35
3.45,-0.27,91.1,314.3,-24.6,0,74,8:31:40
3.49,0.73,91,317.6,66.4,0,73,8:31:45
3.48,1.47,90.9,316.3,133.6,0,72,8:31:50
3.52,2.13,90.8,319.6,193.4,0,72,8:31:55
3.52,2.39,90.6,318.9,216.5,0,72,8:32:00
3.54,2.89,90.6,320.7,261.8,0,72,8:32:05
3.52,2.59,90.6,318.9,234.7,0,72,8:32:10
3.53,2.5,90.6,319.8,226.5,0,72,8:32:15
3.56,2.72,90.6,322.5,246.4,0,72,8:32:20
3.54,1.8,90.7,321.1,163.3,0,72,8:32:25
3.58,2.13,90.7,324.7,193.2,0,72,8:32:30
3.53,2.14,90.7,320.2,194.1,0,72,8:32:35
3.51,1.59,90.8,318.7,144.4,0,72,8:32:40
3.54,2.14,90.7,321.1,194.1,0,72,8:32:45
3.55,2.16,90.6,321.6,195.7,0,72,8:32:50
3.56,2.28,90.7,322.9,206.8,0,72,8:32:55
3.57,2.39,90.6,323.4,216.5,0,72,8:33:00
3.53,3.02,90.5,319.5,273.3,0,72,8:33:05
3.55,2.87,90.6,321.6,260,0,72,8:33:10
3.52,3.18,90.5,318.6,287.8,0,71,8:33:15
3.45,4.03,90.3,311.5,363.9,0,71,8:33:20
3.49,4.24,90.3,315.1,382.9,0,71,8:33:25
3.58,3.9,90.4,323.6,352.6,0,71,8:33:30
3.52,4.51,90.2,317.5,406.8,0,71,8:33:35
3.47,4.45,90.3,313.3,401.8,0,70,8:33:40
3.44,3.94,90.3,310.6,355.8,0,71,8:33:45
3.4,3.1,90.4,307.4,280.2,0,71,8:33:50
3.36,1.73,90.7,304.8,156.9,0,72,8:33:55
3.36,0.86,90.8,305.1,78.1,0,73,8:34:00
3.36,0.6,90.9,305.4,54.5,0,73,8:34:05
3.43,0.8,90.8,311.4,72.6,0,73,8:34:10
3.31,0.79,90.9,300.9,71.8,0,73,8:34:15
3.36,1.61,90.7,304.8,146,0,72,8:34:20
3.46,3.06,90.5,313.1,276.9,0,72,8:34:25
3.49,3.7,90.3,315.1,334.1,0,71,8:34:30
3.58,3.95,90.3,323.3,356.7,0,71,8:34:35
3.49,4.44,90.2,314.8,400.5,0,71,8:34:40
3.5,4.68,90.2,315.7,422.1,0,70,8:34:45
3.53,4.71,90.2,318.4,424.8,0,70,8:34:50
3.55,4.37,90.2,320.2,394.2,0,70,8:34:55
3.49,3.83,90.3,315.1,345.8,0,71,8:35:00
3.42,2.56,90.5,309.5,231.7,0,72,8:35:05
3.46,2.31,90.6,313.5,209.3,0,72,8:35:10
3.42,2.62,90.5,309.5,237.1,0,71,8:35:15
3.44,3.01,90.4,311,272.1,0,71,8:35:20
3.36,3.55,90.4,303.7,320.9,0,71,8:35:25
3.41,3.95,90.3,307.9,356.7,0,71,8:35:30
3.4,4.08,90.2,306.7,368,0,71,8:35:35
3.33,3.59,90.3,300.7,324.2,0,71,8:35:40
0.7,5.86,89.9,62.9,526.8,0,71,8:35:45
1.04,5.55,89.9,93.5,498.9,0,71,8:35:50
0.88,5.24,90,79.2,471.6,0,71,8:35:55
0.71,6.59,89.7,63.7,591.1,0,70,8:36:00
3.28,5.33,89.9,294.9,479.2,0,70,8:36:05
3.5,5,90,315,450,0,70,8:36:10
3.88,5.13,90,349.2,461.7,0,69,8:36:15
3.73,5.21,89.9,335.3,468.4,0,69,8:36:20
3.41,4.69,90,306.9,422.1,0,70,8:36:25
3.11,4.47,90,279.9,402.3,0,71,8:36:30
3.12,4.03,90.1,281.1,363.1,0,71,8:36:35
3.14,4.33,90.1,282.9,390.1,0,71,8:36:40
2.78,4.08,90.2,250.8,368,0,71,8:36:45
0.97,6.09,89.8,87.1,546.9,0,70,8:36:50
1.23,6.69,89.6,110.2,599.4,0,70,8:36:55
1.57,6.12,89.7,140.8,549,0,70,8:37:00
1.92,5.81,89.8,172.4,521.7,0,70,8:37:05
1.93,5.45,89.8,173.3,489.4,0,71,8:37:10
2.18,3.88,90.1,196.4,349.6,0,71,8:37:15
1.97,4,90.1,177.5,360.4,0,71,8:37:20
1.63,5.21,89.9,146.5,468.4,0,71,8:37:25
2.25,4.63,90,202.5,416.7,0,71,8:37:30
2.91,4.85,89.9,261.6,436,0,71,8:37:35
2.22,4.48,90,199.8,403.2,0,71,8:37:40
1.58,5.22,89.8,141.9,468.8,0,71,8:37:45
0.63,5.39,89.8,56.6,484,0,71,8:37:50
1.54,4.9,89.9,138.4,440.5,0,71,8:37:55
1.21,5.76,89.7,108.5,516.7,0,71,8:38:00
3.49,4.23,90,314.1,380.7,0,71,8:38:05
2.87,4.06,90,258.3,365.4,0,71,8:38:10
1.32,5.4,89.9,118.7,485.5,0,71,8:38:15
3.05,3.96,90,274.5,356.4,0,71,8:38:20
1.98,4.53,90,178.2,407.7,0,71,8:38:25
3.08,4.37,90,277.2,393.3,0,71,8:38:30
1.11,5.41,89.8,99.7,485.8,0,71,8:38:35
3.69,3.93,90.1,332.5,354.1,0,71,8:38:40
3.57,4.39,90,321.3,395.1,0,71,8:38:45
3.61,3.86,90.1,325.3,347.8,0,71,8:38:50
2.62,4.71,89.9,235.5,423.4,0,71,8:38:55
3.62,4.32,90,325.8,388.8,0,71,8:39:00
3.54,3.82,90.1,319,344.2,0,71,8:39:05
3.6,4.22,90,324,379.8,0,71,8:39:10
0.88,6.01,89.7,78.9,539.1,0,71,8:39:15
1.35,5.34,89.8,121.2,479.5,0,71,8:39:20
0.83,6.25,89.6,74.4,560,0,71,8:39:25
0.77,6.3,89.6,69,564.5,0,70,8:39:30
1.92,5.02,89.8,172.4,450.8,0,70,8:39:35
2.51,4.81,89.9,225.6,432.4,0,70,8:39:40
2.31,5.56,89.7,207.2,498.7,0,70,8:39:45
3.82,4.71,89.8,343,423,0,70,8:39:50
3.65,4.83,89.8,327.8,433.7,0,70,8:39:55
2.73,5.1,89.8,245.2,458,0,70,8:40:00
3.61,4.28,89.9,324.5,384.8,0,70,8:40:05
3.59,4.27,90,323.1,384.3,0,70,8:40:10
3.68,4.11,89.9,330.8,369.5,0,70,8:40:15
3.71,4.31,89.9,333.5,387.5,0,70,8:40:20
3.82,4.21,89.9,343.4,378.5,0,70,8:40:25
3.75,4.22,89.9,337.1,379.4,0,70,8:40:30
3.02,4.8,89.8,271.2,431,0,70,8:40:35
3.67,4.42,89.9,329.9,397.4,0,70,8:40:40
3.63,4.4,89.9,326.3,395.6,0,70,8:40:45
3.76,4.52,89.9,338,406.3,0,70,8:40:50
3.78,4.65,89.9,339.8,418,0,70,8:40:55
3.87,4.58,89.8,347.5,411.3,0,70,8:41:00
3.77,4.65,89.8,338.5,417.6,0,70,8:41:05
3.78,4.32,89.9,339.8,388.4,0,70,8:41:10
3.31,3.65,90.1,298.2,328.9,0,71,8:41:15
3.3,4.12,89.9,296.7,370.4,0,71,8:41:20
3.41,4.15,89.9,306.6,373.1,0,70,8:41:25
3.56,4.53,89.9,320,407.2,0,70,8:41:30
3.81,5.11,89.7,341.8,458.4,0,69,8:41:35
3.83,4.95,89.8,343.9,444.5,0,69,8:41:40
3.81,4.74,89.8,342.1,425.7,0,70,8:41:45
3.83,4.79,89.8,343.9,430.1,0,70,8:41:50
3.83,4.83,89.7,343.6,433.3,0,70,8:41:55
3.82,4.56,89.8,343,409.5,0,70,8:42:00
3.86,5.01,89.7,346.2,449.4,0,69,8:42:05
3.8,5.3,89.7,340.9,475.4,0,69,8:42:10
3.84,5.59,89.6,344.1,500.9,0,68,8:42:15
3.83,5.4,89.7,343.6,484.4,0,68,8:42:20
3.82,5.17,89.7,342.7,463.7,0,69,8:42:25
3.79,4.62,89.8,340.3,414.9,0,70,8:42:30
3.44,4.18,89.8,308.9,375.4,0,70,8:42:35
3.46,3.88,89.9,311.1,348.8,0,70,8:42:40
3.5,4.63,89.7,314,415.3,0,70,8:42:45
3.86,4.97,89.7,346.2,445.8,0,69,8:42:50
3.87,5,89.7,347.1,448.5,0,69,8:42:55
3.88,4.94,89.7,348,443.1,0,69,8:43:00
3.91,5.05,89.7,350.7,453,0,69,8:43:05
3.88,5.02,89.7,348,450.3,0,69,8:43:10
3.91,5.12,89.6,350.3,458.8,0,69,8:43:15
3.89,5.12,89.6,348.5,458.8,0,69,8:43:20
3.89,5.02,89.7,348.9,450.3,0,69,8:43:25
3.86,5.1,89.6,345.9,457,0,69,8:43:30
3.94,4.71,89.7,353.4,422.5,0,69,8:43:35
3.79,4.91,89.6,339.6,439.9,0,70,8:43:40
3.57,4.47,89.7,320.2,401,0,70,8:43:45
3.61,4.32,89.7,323.8,387.5,0,70,8:43:50
3.54,4.73,89.7,317.5,424.3,0,70,8:43:55
3.56,4.57,89.7,319.3,409.9,0,70,8:44:00
3.59,4.89,89.7,322,438.6,0,70,8:44:05
3.85,4.88,89.7,345.3,437.7,0,69,8:44:10
3.87,5.09,89.6,346.8,456.1,0,69,8:44:15
3.78,5.15,89.6,338.7,461.4,0,69,8:44:20
3.46,5.45,89.5,309.7,487.8,0,69,8:44:25
3.68,5.14,89.6,329.7,460.5,0,69,8:44:30
3.91,4.88,89.6,350.3,437.2,0,69,8:44:35
3.54,4.99,89.6,317.2,447.1,0,69,8:44:40
3.85,4.92,89.6,345,440.8,0,69,8:44:45
3.94,4.84,89.6,353,433.7,0,69,8:44:50
3.9,4.75,89.7,349.8,426.1,0,69,8:44:55
3.91,4.92,89.6,350.3,440.8,0,69,8:45:00
3.94,4.81,89.6,353,431,0,69,8:45:05
3.88,4.8,89.6,347.6,430.1,0,69,8:45:10
3.87,4.96,89.6,346.8,444.4,0,69,8:45:15
3.99,4.88,89.6,357.5,437.2,0,69,8:45:20
4,4.93,89.6,358.4,441.7,0,69,8:45:25
3.99,4.81,89.6,357.5,431,0,69,8:45:30
3.95,4.73,89.6,353.9,423.8,0,69,8:45:35
3.95,4.87,89.6,353.9,436.4,0,69,8:45:40
4.05,4.66,89.7,363.3,418,0,69,8:45:45
3.93,4.69,89.6,352.1,420.2,0,69,8:45:50
4.05,4.55,89.7,363.3,408.1,0,70,8:45:55
3.99,4.52,89.7,357.9,405.4,0,70,8:46:00
3.98,4.2,89.7,357,376.7,0,70,8:46:05
3.72,4.27,89.7,333.7,383,0,70,8:46:10
3.63,4.22,89.7,325.6,378.5,0,70,8:46:15
3.63,4.33,89.7,325.6,388.4,0,70,8:46:20
3.68,4.96,89.5,329.4,443.9,0,69,8:46:25
3.99,4.78,89.6,357.5,428.3,0,69,8:46:30
4.05,4.97,89.5,362.5,444.8,0,69,8:46:35
4.01,5.06,89.5,358.9,452.9,0,69,8:46:40
4.06,5.03,89.5,363.4,450.2,0,69,8:46:45
4,5.04,89.5,358,451.1,0,69,8:46:50
4.08,4.83,89.6,365.6,432.8,0,69,8:46:55
4.08,4.87,89.6,365.6,436.4,0,69,8:47:00
4.07,4.75,89.6,364.7,425.6,0,69,8:47:05
4.03,4.8,89.5,360.7,429.6,0,69,8:47:10
4.14,4.86,89.5,370.5,435,0,69,8:47:15
4.1,5.07,89.5,367,453.8,0,69,8:47:20
4.14,4.99,89.5,370.5,446.6,0,69,8:47:25
4.16,4.78,89.6,372.7,428.3,0,69,8:47:30
4.16,4.43,89.6,372.7,396.9,0,69,8:47:35
4.23,4.41,89.6,379,395.1,0,70,8:47:40
4.21,4.07,89.6,377.2,364.7,0,70,8:47:45
4.12,3.81,89.6,369.2,341.4,0,70,8:47:50
4.21,3.69,89.7,377.6,331,0,70,8:47:55
4.24,4.53,89.6,379.9,405.9,0,69,8:48:00
4.32,4.86,89.5,386.6,435,0,68,8:48:05
4.31,5.2,89.5,385.7,465.4,0,67,8:48:10
4.25,5.32,89.4,380,475.6,0,66,8:48:15
4.21,6.03,89.2,375.5,537.9,0,67,8:48:20
4.21,5.36,89.4,376.4,479.2,0,68,8:48:25
4.17,4.3,89.6,373.6,385.3,0,70,8:48:30
4.1,2.36,90,369,212.4,0,71,8:48:35
4.13,0.95,90.2,372.5,85.7,0,72,8:48:40
4.18,1.18,90.2,377,106.4,0,72,8:48:45
4.2,2.12,90.1,378.4,191,0,71,8:48:50
4.31,3.69,89.7,386.6,331,0,70,8:48:55
4.33,4.29,89.6,388,384.4,0,69,8:49:00
4.34,4.86,89.5,388.4,435,0,69,8:49:05
4.3,5.18,89.4,384.4,463.1,0,68,8:49:10
4.34,5.16,89.4,388,461.3,0,68,8:49:15
4.22,4.91,89.5,377.7,439.4,0,69,8:49:20
4.27,4.52,89.5,382.2,404.5,0,69,8:49:25
4.29,4.16,89.6,384.4,372.7,0,69,8:49:30
4.28,4.09,89.6,383.5,366.5,0,70,8:49:35
4.27,4.01,89.6,382.6,359.3,0,70,8:49:40
4.3,3.77,89.7,385.7,338.2,0,70,8:49:45
4.29,3.69,89.7,384.8,331,0,70,8:49:50
4.28,3.07,89.8,384.3,275.7,0,70,8:49:55
4.35,2.86,89.8,390.6,256.8,0,71,8:50:00
4.38,2.37,90,394.2,213.3,0,71,8:50:05
4.22,3.31,89.8,379,297.2,0,71,8:50:10
4.29,3.73,89.7,384.8,334.6,0,70,8:50:15
4.28,4.4,89.5,383.1,393.8,0,70,8:50:20
4.4,4.74,89.5,393.8,424.2,0,69,8:50:25
4.26,5.26,89.4,380.8,470.2,0,68,8:50:30
4.34,5.68,89.3,387.6,507.2,0,67,8:50:35
4.46,4.99,89.4,398.7,446.1,0,67,8:50:40
4.37,5.91,89.2,389.8,527.2,0,67,8:50:45
4.35,5.2,89.4,388.9,464.9,0,68,8:50:50
4.33,4.16,89.5,387.5,372.3,0,69,8:50:55
4.23,3.99,89.6,379,357.5,0,70,8:51:00
4.19,4.35,89.5,375,389.3,0,70,8:51:05
4.23,4.05,89.6,379,362.9,0,70,8:51:10
4.24,4.56,89.4,379.1,407.7,0,69,8:51:15
4.36,4.23,89.6,390.7,379,0,69,8:51:20
4.46,4.29,89.5,399.2,384,0,69,8:51:25
4.55,3.99,89.6,407.7,357.5,0,69,8:51:30
4.61,4.19,89.5,412.6,375,0,70,8:51:35
4.29,3.44,89.7,384.8,308.6,0,70,8:51:40
2.8,4.02,89.6,250.9,360.2,0,71,8:51:45
3.92,3.78,89.6,351.2,338.7,0,70,8:51:50
4.26,3.98,89.6,381.7,356.6,0,70,8:51:55
4.23,4.32,89.5,378.6,386.6,0,69,8:52:00
4.33,4.46,89.5,387.5,399.2,0,69,8:52:05
4.4,4.35,89.5,393.8,389.3,0,69,8:52:10
4.23,4.45,89.5,378.6,398.3,0,69,8:52:15
4.25,4.6,89.5,380.4,411.7,0,69,8:52:20
4.27,4.62,89.4,381.7,413,0,69,8:52:25
4.27,4.58,89.5,382.2,409.9,0,69,8:52:30
4.35,4.47,89.5,389.3,400.1,0,69,8:52:35
4.34,4.41,89.4,388,394.3,0,69,8:52:40
4.32,4.53,89.5,386.6,405.4,0,69,8:52:45
4.32,4.57,89.4,386.2,408.6,0,69,8:52:50
4.32,4.59,89.4,386.2,410.3,0,69,8:52:55
4.33,4.66,89.4,387.1,416.6,0,69,8:53:00
4.29,4.69,89.4,383.5,419.3,0,69,8:53:05
4.29,4.75,89.4,383.5,424.7,0,69,8:53:10
4.31,4.86,89.4,385.3,434.5,0,69,8:53:15
4.44,4.73,89.4,396.9,422.9,0,69,8:53:20
4.38,4.83,89.3,391.1,431.3,0,68,8:53:25
4.34,4.8,89.3,387.6,428.6,0,69,8:53:30
4.44,4.67,89.4,396.9,417.5,0,69,8:53:35
4.43,4.59,89.4,396,410.3,0,69,8:53:40
4.55,5.09,89.3,406.3,454.5,0,69,8:53:45
4.54,5.06,89.3,405.4,451.9,0,69,8:53:50
4.42,5.18,89.2,394.3,462.1,0,69,8:53:55
4.52,5.05,89.3,403.6,451,0,69,8:54:00
4.44,5.47,89.2,396,487.9,0,69,8:54:05
4.49,5.26,89.2,400.5,469.2,0,69,8:54:10
4.42,5.21,89.3,394.7,465.3,0,69,8:54:15
4.5,5.27,89.2,401.4,470.1,0,69,8:54:20
4.58,5.24,89.2,408.5,467.4,0,69,8:54:25
4.51,5.21,89.2,402.3,464.7,0,69,8:54:30
4.47,5.27,89.2,398.7,470.1,0,69,8:54:35
4.54,4.99,89.2,405,445.1,0,69,8:54:40
4.49,5.03,89.2,400.5,448.7,0,69,8:54:45
4.5,5.05,89.2,401.4,450.5,0,69,8:54:50
4.57,4.77,89.3,408.1,426,0,69,8:54:55
4.55,4.74,89.3,406.3,423.3,0,69,8:55:00
4.53,4.77,89.2,404.1,425.5,0,69,8:55:05
4.48,4.77,89.3,400.1,426,0,69,8:55:10
4.59,4.95,89.2,409.4,441.5,0,69,8:55:15
4.53,4.84,89.3,404.5,432.2,0,69,8:55:20
4.57,4.8,89.3,408.1,428.6,0,69,8:55:25
4.63,4.84,89.2,413,431.7,0,69,8:55:30
4.63,4.44,89.3,413.5,396.5,0,69,8:55:35
4.63,4.7,89.3,413.5,419.7,0,69,8:55:40
4.58,4.82,89.3,409,430.4,0,69,8:55:45
4.68,4.47,89.3,417.9,399.2,0,69,8:55:50
4.7,4.59,89.3,419.7,409.9,0,70,8:55:55
4.66,4.55,89.3,416.1,406.3,0,69,8:56:00
4.63,4.65,89.3,413.5,415.2,0,69,8:56:05
4.65,4.55,89.3,415.2,406.3,0,69,8:56:10
4.64,4.57,89.2,413.9,407.6,0,69,8:56:15
4.61,4.64,89.3,411.7,414.4,0,69,8:56:20
4.65,4.41,89.3,415.2,393.8,0,69,8:56:25
4.73,4.51,89.3,422.4,402.7,0,70,8:56:30
4.68,-4.41,90.8,424.9,-400.4,0,69,8:56:35
4.63,-4.5,90.9,420.9,-409.1,0,66,8:56:40
4.59,-3.99,90.9,417.2,-362.7,0,60,8:56:45
4.65,0.63,90.1,419,56.8,0,59,8:56:50
4.63,-0.43,90.3,418.1,-38.8,0,59,8:56:55
4.69,1.48,90,422.1,133.2,0,58,8:57:00
4.65,1.51,90,418.5,135.9,0,58,8:57:05
4.61,1.63,89.8,414,146.4,0,58,8:57:10
4.71,2.49,89.8,423,223.6,0,58,8:57:15
4.71,3.41,89.6,422,305.5,0,58,8:57:20
4.74,3.4,89.6,424.7,304.6,0,59,8:57:25
4.76,3.38,89.6,426.5,302.8,0,60,8:57:30
4.69,3.47,89.5,419.8,310.6,0,60,8:57:35
4.64,3.45,89.6,415.7,309.1,0,61,8:57:40
4.74,3.33,89.6,424.7,298.4,0,61,8:57:45
4.76,3.35,89.6,426.5,300.2,0,62,8:57:50
4.81,3.35,89.6,431,300.2,0,61,8:57:55
4.83,6.14,89.1,430.4,547.1,0,62,8:58:00
4.83,8.05,88.7,428.4,714,0,63,8:58:05
4.83,7.58,88.8,428.9,673.1,0,65,8:58:10
4.81,7.87,88.7,426.6,698.1,0,67,8:58:15
4.8,6.76,88.8,426.2,600.3,0,68,8:58:20
4.76,4.69,89.2,424.6,418.3,0,69,8:58:25
4.77,4.66,89.2,425.5,415.7,0,69,8:58:30
4.71,4.44,89.3,420.6,396.5,0,69,8:58:35
4.78,4.18,89.3,426.9,373.3,0,69,8:58:40
4.86,4.27,89.3,434,381.3,0,70,8:58:45
4.81,4.4,89.3,429.5,392.9,0,69,8:58:50
4.84,4.7,89.2,431.7,419.2,0,69,8:58:55
4.78,5,89.2,426.4,446,0,69,8:59:00
4.86,4.75,89.2,433.5,423.7,0,69,8:59:05
4.86,4.83,89.2,433.5,430.8,0,69,8:59:10
4.89,4.72,89.2,436.2,421,0,69,8:59:15
4.84,4.59,89.2,431.7,409.4,0,69,8:59:20
4.79,3.75,89.4,428.2,335.3,0,70,8:59:25
4.8,3.59,89.4,429.1,320.9,0,70,8:59:30
4.79,3.64,89.4,428.2,325.4,0,70,8:59:35
4.84,3.71,89.4,432.7,331.7,0,70,8:59:40
4.88,3.86,89.4,436.3,345.1,0,70,8:59:45
4.86,3.67,89.4,434.5,328.1,0,70,8:59:50
4.82,4.16,89.3,430.4,371.5,0,70,8:59:55
4.81,4.07,89.3,429.5,363.5,0,70,9:00:00
4.77,4.06,89.2,425.5,362.2,0,70,9:00:05
4.77,4.61,89.2,425.5,411.2,0,69,9:00:10
4.78,4.82,89.2,426.4,429.9,0,69,9:00:15
4.77,4.67,89.2,425.5,416.6,0,69,9:00:20
4.92,4.71,89.2,438.9,420.1,0,69,9:00:25
4.92,4.83,89.2,438.9,430.8,0,69,9:00:30
4.79,4.99,89.1,426.8,444.6,0,69,9:00:35
4.78,5.11,89.1,425.9,455.3,0,69,9:00:40
4.87,4.96,89.1,433.9,441.9,0,69,9:00:45
4.98,4.83,89.1,443.7,430.4,0,69,9:00:50
4.9,4.5,89.2,437.1,401.4,0,69,9:00:55
4.93,4.27,89.2,439.8,380.9,0,69,9:01:00
4.91,3.79,89.3,438.5,338.4,0,70,9:01:05
4.85,4.15,89.2,432.6,370.2,0,70,9:01:10
4.86,3.82,89.2,433.5,340.7,0,70,9:01:15
4.93,3.66,89.3,440.2,326.8,0,70,9:01:20
4.9,3.95,89.3,437.6,352.7,0,70,9:01:25
4.88,3.86,89.3,435.8,344.7,0,70,9:01:30
4.87,3.66,89.3,434.9,326.8,0,70,9:01:35
4.93,3.91,89.3,440.2,349.2,0,70,9:01:40
4.9,3.78,89.3,437.6,337.6,0,70,9:01:45
4.93,3.89,89.3,440.2,347.4,0,70,9:01:50
4.92,4.26,89.2,438.9,380,0,69,9:01:55
4.99,3.86,89.3,445.6,344.7,0,70,9:02:00
4.99,4.14,89.2,445.1,369.3,0,70,9:02:05
4.86,3.9,89.3,434,348.3,0,70,9:02:10
4.92,4.11,89.1,438.4,366.2,0,70,9:02:15
4.96,3.66,89.3,442.9,326.8,0,70,9:02:20
4.96,3.71,89.3,442.9,331.3,0,70,9:02:25
4.93,4.11,89.2,439.8,366.6,0,70,9:02:30
4.98,3.84,89.3,444.7,342.9,0,70,9:02:35
5.02,4.25,89.2,447.8,379.1,0,69,9:02:40
5.03,3.85,89.3,449.2,343.8,0,69,9:02:45
4.94,3.91,89.3,441.1,349.2,0,70,9:02:50
5.05,3.62,89.3,451,323.3,0,70,9:02:55
5.02,3.77,89.3,448.3,336.7,0,70,9:03:00
5,4.11,89.2,446,366.6,0,70,9:03:05
5.06,4.05,89.2,451.4,361.3,0,69,9:03:10
5.09,4.36,89.1,453.5,388.5,0,69,9:03:15
4.97,4.6,89.1,442.8,409.9,0,69,9:03:20
5.03,4.47,89.2,448.7,398.7,0,69,9:03:25
5.16,4.46,89.1,459.8,397.4,0,69,9:03:30
5.12,4.7,89.1,456.2,418.8,0,69,9:03:35
5.09,4.66,89.1,453.5,415.2,0,69,9:03:40
5.05,4.32,89.1,450,384.9,0,69,9:03:45
5.02,3.98,89.2,447.8,355,0,69,9:03:50
4.97,4.05,89.2,443.3,361.3,0,70,9:03:55
5,3.7,89.2,446,330,0,70,9:04:00
4.98,4.07,89.2,444.2,363,0,69,9:04:05
5,4.03,89.2,446,359.5,0,69,9:04:10
5.02,4.29,89.1,447.3,382.2,0,69,9:04:15
5.15,4.02,89.2,459.4,358.6,0,69,9:04:20
4.99,4.21,89.1,444.6,375.1,0,69,9:04:25
4.99,4.43,89.1,444.6,394.7,0,69,9:04:30
5.01,4.36,89.1,446.4,388.5,0,69,9:04:35
5.07,4.44,89.1,451.7,395.6,0,69,9:04:40
5.1,4.56,89.1,454.4,406.3,0,69,9:04:45
5.15,4.41,89.1,458.9,392.9,0,69,9:04:50
5.1,4.17,89.1,454.4,371.5,0,69,9:04:55
5.06,4.18,89.1,450.8,372.4,0,69,9:05:00
4.91,4.09,89.2,438,364.8,0,69,9:05:05
5.07,3.95,89.1,451.7,351.9,0,70,9:05:10
5.14,3.5,89.3,459,312.6,0,70,9:05:15
5.03,3.94,89.1,448.2,351.1,0,70,9:05:20
5.07,3.5,89.2,452.2,312.2,0,70,9:05:25
5.06,3.92,89.2,451.4,349.7,0,70,9:05:30
4.98,3.69,89.2,444.2,329.1,0,69,9:05:35
4.9,3.85,89.2,437.1,343.4,0,70,9:05:40
5.01,3.84,89.2,446.9,342.5,0,70,9:05:45
5.13,4,89.1,457.1,356.4,0,69,9:05:50
5.07,4.24,89.1,451.7,377.8,0,69,9:05:55
5.08,4.3,89.1,452.6,383.1,0,69,9:06:00
5.17,4.49,89.1,460.6,400.1,0,69,9:06:05
5.17,4.3,89.1,460.6,383.1,0,69,9:06:10
5.13,4.21,89.1,457.1,375.1,0,69,9:06:15
4.92,4.13,89.1,438.4,368,0,69,9:06:20
5.04,3.87,89.2,449.6,345.2,0,69,9:06:25
5.24,3.91,89.2,467.4,348.8,0,69,9:06:30
5.14,3.99,89.2,458.5,355.9,0,69,9:06:35
5.24,4.29,89.1,466.9,382.2,0,69,9:06:40
5.19,4.55,89,461.9,405,0,69,9:06:45
5.18,4.43,89,461,394.3,0,69,9:06:50
5.18,3.96,89.1,461.5,352.8,0,69,9:06:55
5.23,3.69,89.2,466.5,329.1,0,69,9:07:00
5.26,3.71,89.2,469.2,330.9,0,69,9:07:05
5.12,4.15,89.1,456.2,369.8,0,69,9:07:10
5.1,4.63,89,453.9,412.1,0,69,9:07:15
5.16,5.01,88.9,458.7,445.4,0,69,9:07:20
5.29,5.43,88.9,470.3,482.7,0,68,9:07:25
5.11,4.77,88.9,454.3,424.1,0,69,9:07:30
5.21,3.61,89.2,464.7,322,0,70,9:07:35
5.09,2.56,89.3,454.5,228.6,0,70,9:07:40
5.05,2.9,89.3,451,259,0,70,9:07:45
5.19,3.48,89.2,462.9,310.4,0,70,9:07:50
5.27,3.91,89.1,469.6,348.4,0,69,9:07:55
5.22,3.54,89.2,465.6,315.8,0,70,9:08:00
5.29,3.7,89.1,471.3,329.7,0,70,9:08:05
5.28,3.3,89.2,471,294.4,0,70,9:08:10
5.39,3.25,89.2,480.8,289.9,0,70,9:08:15
5.33,3.62,89.2,475.4,322.9,0,70,9:08:20
5.21,3.84,89.1,464.2,342.1,0,69,9:08:25
5.3,3.89,89.1,472.2,346.6,0,69,9:08:30
5.17,3.76,89.1,460.6,335,0,69,9:08:35
5.39,6,88.7,478.1,532.2,0,68,9:08:40
5.56,9.93,88.1,489.8,874.8,0,66,9:08:45
5.57,10.92,88,490.2,961,0,65,9:08:50
5.38,12.47,87.7,471.8,1093.6,0,65,9:08:55
5.45,11.63,87.8,478.5,1021.1,0,65,9:09:00
5.39,8.87,88.1,474.9,781.4,0,66,9:09:05
5.27,7.87,88.2,464.8,694.1,0,67,9:09:10
5.23,5.95,88.6,463.4,527.2,0,68,9:09:15
5.05,4.44,88.9,448.9,394.7,0,69,9:09:20
5.01,2.37,89.2,446.9,211.4,0,70,9:09:25
4.95,0.71,89.5,443,63.5,0,71,9:09:30
4.96,-1.75,90,446.4,-157.5,0,73,9:09:35
4.9,-3.94,90.4,443,-356.2,0,74,9:09:40
4.94,-5.15,90.5,447.1,-466.1,0,75,9:09:45
5.2,-1.78,90.1,468.5,-160.4,0,73,9:09:50
5.3,0.64,89.7,475.4,57.4,0,71,9:09:55
5.28,2.62,89.3,471.5,234,0,70,9:10:00
5.31,3.15,89.2,473.7,281,0,70,9:10:05
5.45,3.52,89.2,486.1,314,0,70,9:10:10
5.31,3.56,89.1,473.1,317.2,0,70,9:10:15
5.31,3.32,89.2,473.7,296.1,0,70,9:10:20
5.31,3.42,89.2,473.7,305.1,0,70,9:10:25
5.22,3.5,89.1,465.1,311.9,0,70,9:10:30
5.26,3.28,89.1,468.7,292.2,0,70,9:10:35
5.19,3.55,89.2,462.9,316.7,0,70,9:10:40
5.39,3.29,89.2,480.8,293.5,0,70,9:10:45
5.34,3.22,89.1,475.8,286.9,0,70,9:10:50
5.24,3.65,89.1,466.9,325.2,0,70,9:10:55
5.26,3.58,89.1,468.7,319,0,69,9:11:00
5.09,3.86,89.1,453.5,343.9,0,69,9:11:05
5.33,3.91,89,474.4,348,0,69,9:11:10
5.34,4.05,89,475.3,360.5,0,69,9:11:15
5.27,4.43,88.9,468.5,393.8,0,69,9:11:20
5.3,4.55,88.9,471.2,404.5,0,69,9:11:25
5.2,4.59,88.9,462.3,408.1,0,69,9:11:30
5.24,4.38,88.9,465.8,389.4,0,69,9:11:35
5.19,4.34,88.9,461.4,385.8,0,69,9:11:40
5.24,4.24,88.9,465.8,376.9,0,69,9:11:45
5.35,4.36,88.9,475.6,387.6,0,69,9:11:50
5.43,4.29,89,483.3,381.8,0,69,9:11:55
5.31,4.09,89,472.6,364,0,69,9:12:00
5.29,4.3,88.9,470.3,382.3,0,69,9:12:05
5.17,4.44,88.9,459.6,394.7,0,69,9:12:10
5.25,4.21,88.9,466.7,374.3,0,69,9:12:15
5.2,4,89,462.8,356,0,69,9:12:20
5.25,3.94,89,467.3,350.7,0,69,9:12:25
5.34,3.75,89,475.3,333.8,0,69,9:12:30
5.38,3.92,89,478.8,348.9,0,69,9:12:35
5.42,3.9,89,482.4,347.1,0,69,9:12:40
5.52,3.97,89,491.3,353.3,0,69,9:12:45
5.47,4.17,88.9,486.3,370.7,0,69,9:12:50
5.44,4.35,88.9,483.6,386.7,0,69,9:12:55
5.56,4.31,88.9,494.3,383.2,0,69,9:13:00
5.6,4.05,88.9,497.8,360,0,69,9:13:05
5.49,4.01,88.9,488.1,356.5,0,69,9:13:10
5.5,4.05,89,489.5,360.5,0,69,9:13:15
5.49,4.12,88.9,488.1,366.3,0,69,9:13:20
5.59,3.91,89,497.5,348,0,69,9:13:25
5.66,4.1,88.9,503.2,364.5,0,69,9:13:30
5.62,4.38,88.9,499.6,389.4,0,69,9:13:35
5.58,4.31,88.9,496.1,383.2,0,69,9:13:40
5.22,4.17,88.9,464.1,370.7,0,69,9:13:45
5.28,4.15,88.9,469.4,368.9,0,69,9:13:50
5.27,3.99,88.9,468.5,354.7,0,69,9:13:55
5.2,3.75,89,462.8,333.8,0,69,9:14:00
5.25,3.53,89,467.3,314.2,0,69,9:14:05
5.25,3.32,89.1,467.8,295.8,0,70,9:14:10
5.17,3.77,89,460.1,335.5,0,69,9:14:15
5.26,3.77,89,468.1,335.5,0,69,9:14:20
5.31,4.27,88.9,472.1,379.6,0,69,9:14:25
5.12,4.69,88.8,454.7,416.5,0,69,9:14:30
5.21,4.65,88.8,462.6,412.9,0,69,9:14:35
5.31,4.73,88.8,471.5,420,0,69,9:14:40
5.27,4.63,88.9,468.5,411.6,0,69,9:14:45
5.29,4.18,88.9,470.3,371.6,0,69,9:14:50
5.18,4,88.9,460.5,355.6,0,69,9:14:55
5.21,3.63,89,463.7,323.1,0,69,9:15:00
5.32,3.6,89,473.5,320.4,0,69,9:15:05
5.34,3.94,88.9,474.7,350.3,0,69,9:15:10
5.32,4.15,88.9,472.9,368.9,0,69,9:15:15
5.28,4.03,88.9,469.4,358.3,0,69,9:15:20
5.35,4.03,88.9,475.6,358.3,0,69,9:15:25
5.21,3.99,88.9,463.2,354.7,0,69,9:15:30
5.29,4,88.9,470.3,355.6,0,69,9:15:35
5.27,3.98,88.9,468.5,353.8,0,69,9:15:40
5.29,4.03,88.9,470.3,358.3,0,69,9:15:45
5.25,4.28,88.9,466.7,380.5,0,69,9:15:50
5.2,4.07,88.9,462.3,361.8,0,69,9:15:55
5.34,3.75,88.9,474.7,333.4,0,69,9:16:00
5.34,3.62,89,475.3,322.2,0,69,9:16:05
5.32,3.5,89,473.5,311.5,0,69,9:16:10
5.26,3.57,89,468.1,317.7,0,69,9:16:15
5.31,3.3,89,472.6,293.7,0,69,9:16:20
5.32,3.4,89,473.5,302.6,0,70,9:16:25
5.2,3.21,89,462.8,285.7,0,70,9:16:30
5.2,3.65,89,462.8,324.9,0,69,9:16:35
5.21,3.83,88.9,463.2,340.5,0,69,9:16:40
5.23,4.04,88.9,464.9,359.2,0,69,9:16:45
5.39,4.28,88.8,478.6,380.1,0,69,9:16:50
5.31,4.28,88.8,471.5,380.1,0,69,9:16:55
5.36,3.96,88.9,476.5,352,0,69,9:17:00
5.26,3.9,88.9,467.6,346.7,0,69,9:17:05
5.29,3.9,88.9,470.3,346.7,0,69,9:17:10
5.31,4.03,88.9,472.1,358.3,0,69,9:17:15
5.25,3.82,88.9,466.7,339.6,0,69,9:17:20
5.18,3.62,88.9,460.5,321.8,0,69,9:17:25
5.24,3.95,88.9,465.8,351.2,0,69,9:17:30
5.31,3.87,88.9,472.1,344,0,69,9:17:35
5.22,3.66,88.9,464.1,325.4,0,69,9:17:40
5.34,3.71,88.9,474.7,329.8,0,69,9:17:45
5.33,3.94,88.9,473.8,350.3,0,69,9:17:50
5.32,4.11,88.8,472.4,365,0,69,9:17:55
5.38,4.28,88.8,477.7,380.1,0,69,9:18:00
5.41,3.94,88.9,480.9,350.3,0,69,9:18:05
5.46,3.81,88.9,485.4,338.7,0,69,9:18:10
5.39,4.06,88.8,478.6,360.5,0,69,9:18:15
5.44,4.08,88.8,483.1,362.3,0,69,9:18:20
5.42,4.18,88.8,481.3,371.2,0,69,9:18:25
5.5,3.26,89,489.5,290.1,0,69,9:18:30
5.22,3.1,89,464.6,275.9,0,70,9:18:35
5.23,2.43,89.1,466,216.5,0,70,9:18:40
5.37,3.24,89,477.9,288.4,0,70,9:18:45
5.47,2.99,89,486.8,266.1,0,70,9:18:50
5.31,3.31,89,472.6,294.6,0,69,9:18:55
5.45,3.29,89,485.1,292.8,0,69,9:19:00
5.33,3.68,88.9,473.8,327.2,0,69,9:19:05
5.41,3.66,88.9,480.9,325.4,0,69,9:19:10
5.4,3.74,88.9,480.1,332.5,0,69,9:19:15
5.5,4.02,88.8,488.4,357,0,69,9:19:20
5.46,4.42,88.8,484.8,392.5,0,69,9:19:25
5.56,4.42,88.8,493.7,392.5,0,69,9:19:30
5.2,4.58,88.7,461.2,406.2,0,69,9:19:35
5.4,4.2,88.7,479,372.5,0,69,9:19:40
5.22,3.99,88.8,463.5,354.3,0,69,9:19:45
5.43,3.7,88.9,482.7,328.9,0,69,9:19:50
5.36,3.72,88.9,476.5,330.7,0,69,9:19:55
5.32,4.03,88.8,472.4,357.9,0,69,9:20:00
5.23,4.05,88.8,464.4,359.6,0,69,9:20:05
5.34,4.01,88.8,474.2,356.1,0,69,9:20:10
5.38,4.03,88.8,477.7,357.9,0,69,9:20:15
5.36,4.18,88.8,476,371.2,0,69,9:20:20
5.38,4.23,88.7,477.2,375.2,0,69,9:20:25
5.44,4.32,88.7,482.5,383.2,0,69,9:20:30
5.43,4.16,88.8,482.2,369.4,0,69,9:20:35
5.45,4.22,88.7,483.4,374.3,0,69,9:20:40
5.44,4.22,88.7,482.5,374.3,0,69,9:20:45
5.51,4.21,88.7,488.7,373.4,0,69,9:20:50
5.35,4.15,88.8,475.1,368.5,0,69,9:20:55
5.42,4.1,88.8,481.3,364.1,0,69,9:21:00
5.46,4.05,88.8,484.8,359.6,0,69,9:21:05
5.3,4.24,88.8,470.6,376.5,0,69,9:21:10
5.3,4.01,88.8,470.6,356.1,0,69,9:21:15
5.41,3.97,88.8,480.4,352.5,0,69,9:21:20
5.5,4.26,88.7,487.9,377.9,0,69,9:21:25
5.36,4.63,88.6,474.9,410.2,0,69,9:21:30
5.25,4.46,88.7,465.7,395.6,0,69,9:21:35
5.36,4.8,88.6,474.9,425.3,0,68,9:21:40
5.58,4.56,88.7,494.9,404.5,0,68,9:21:45
5.59,4.14,88.7,495.8,367.2,0,69,9:21:50
5.53,3.71,88.8,491.1,329.4,0,69,9:21:55
3.89,4.64,88.6,344.7,411.1,0,69,9:22:00
6.04,3.3,88.9,537,293.4,0,69,9:22:05
5.94,3.37,88.9,528.1,299.6,0,69,9:22:10
5.8,3.4,88.9,515.6,302.3,0,69,9:22:15
5.94,3.34,88.9,528.1,296.9,0,69,9:22:20
5.93,3.39,88.9,527.2,301.4,0,69,9:22:25
5.89,3.49,88.8,523,309.9,0,69,9:22:30
6.01,3.77,88.8,533.7,334.8,0,69,9:22:35
5.94,3.76,88.8,527.5,333.9,0,69,9:22:40
5.94,3.81,88.8,527.5,338.3,0,69,9:22:45
6,3.47,88.8,532.8,308.1,0,69,9:22:50
5.99,3.55,88.8,531.9,315.2,0,69,9:22:55
6.01,3.61,88.8,533.7,320.6,0,69,9:23:00
5.92,3.75,88.8,525.7,333,0,69,9:23:05
5.9,3.72,88.8,523.9,330.3,0,69,9:23:10
6,3.39,88.9,533.4,301.4,0,69,9:23:15
5.92,2.91,88.9,526.3,258.7,0,69,9:23:20
6.03,2.9,88.9,536.1,257.8,0,69,9:23:25
5.78,3.09,88.9,513.8,274.7,0,69,9:23:30
5.8,3.08,88.9,515.6,273.8,0,69,9:23:35
5.96,3.14,88.9,529.8,279.1,0,69,9:23:40
5.96,3,88.9,529.8,266.7,0,69,9:23:45
5.93,3.31,88.9,527.2,294.3,0,69,9:23:50
6.01,3.42,88.9,534.3,304,0,69,9:23:55
6.03,3.32,88.9,536.1,295.1,0,69,9:24:00
6.16,3.1,88.9,547.6,275.6,0,69,9:24:05
6.03,3.2,88.9,536.1,284.5,0,69,9:24:10
6.02,3.34,88.9,535.2,296.9,0,69,9:24:15
6.03,2.77,89,536.7,246.5,0,69,9:24:20
6.02,2.87,88.9,535.2,255.1,0,69,9:24:25
5.94,3,88.9,528.1,266.7,0,69,9:24:30
5.98,3.62,88.8,531,321.5,0,69,9:24:35
6,3.95,88.8,532.8,350.8,0,69,9:24:40
6.05,4.14,88.7,536.6,367.2,0,69,9:24:45
5.86,3.45,88.8,520.4,306.4,0,69,9:24:50
6.02,3.05,88.9,535.2,271.1,0,69,9:24:55
5.88,3.19,88.9,522.7,283.6,0,69,9:25:00
6.03,2.84,88.9,536.1,252.5,0,69,9:25:05
6.01,2.91,88.9,534.3,258.7,0,69,9:25:10
6.01,2.66,89,534.9,236.7,0,69,9:25:15
6.1,2.87,88.9,542.3,255.1,0,69,9:25:20
6.13,2.87,89,545.6,255.4,0,69,9:25:25
6.08,2.89,88.9,540.5,256.9,0,69,9:25:30
6.04,3.17,88.9,537,281.8,0,69,9:25:35
6.21,3.1,88.9,552.1,275.6,0,69,9:25:40
6.13,2.91,88.9,545,258.7,0,69,9:25:45
6.16,3.06,88.8,547,271.7,0,69,9:25:50
6.13,3.25,88.9,545,288.9,0,69,9:25:55
5.59,3.7,88.8,496.4,328.6,0,69,9:26:00
5.72,3.52,88.8,507.9,312.6,0,69,9:26:05
5.79,3.6,88.7,513.6,319.3,0,69,9:26:10
5.78,3.67,88.8,513.3,325.9,0,69,9:26:15
5.68,4.03,88.7,503.8,357.5,0,69,9:26:20
5.67,3.94,88.7,502.9,349.5,0,69,9:26:25
5.84,3.4,88.8,518.6,301.9,0,69,9:26:30
5.8,2.98,88.9,515.6,264.9,0,69,9:26:35
5.89,3.42,88.8,523,303.7,0,69,9:26:40
5.79,3.75,88.7,513.6,332.6,0,69,9:26:45
5.75,3.58,88.8,510.6,317.9,0,69,9:26:50
5.81,3.85,88.7,515.3,341.5,0,69,9:26:55
5.7,3.91,88.7,505.6,346.8,0,69,9:27:00
5.75,3.86,88.7,510,342.4,0,69,9:27:05
5.85,3.69,88.7,518.9,327.3,0,69,9:27:10
5.82,3.69,88.7,516.2,327.3,0,69,9:27:15
5.62,3.6,88.7,498.5,319.3,0,69,9:27:20
5.74,3.44,88.8,509.7,305.5,0,69,9:27:25
5.84,3.42,88.8,518.6,303.7,0,69,9:27:30
5.68,3.12,88.8,504.4,277.1,0,69,9:27:35
5.69,2.95,88.9,505.8,262.3,0,69,9:27:40
5.76,2.86,88.9,512.1,254.3,0,69,9:27:45
5.62,3.11,88.8,499.1,276.2,0,69,9:27:50
5.69,3.56,88.7,504.7,315.8,0,69,9:27:55
5.63,3.85,88.7,499.4,341.5,0,69,9:28:00
5.6,4.03,88.6,496.2,357.1,0,69,9:28:05
5.62,4.23,88.6,497.9,374.8,0,69,9:28:10
5.69,4.32,88.6,504.1,382.8,0,69,9:28:15
5.65,4.24,88.6,500.6,375.7,0,69,9:28:20
5.65,3.96,88.6,500.6,350.9,0,69,9:28:25
5.62,3.1,88.8,499.1,275.3,0,69,9:28:30
5.85,2.98,88.8,519.5,264.6,0,69,9:28:35
5.74,2.91,88.8,509.7,258.4,0,69,9:28:40
5.8,2.98,88.8,515,264.6,0,69,9:28:45
5.87,2.93,88.8,521.3,260.2,0,69,9:28:50
5.84,2.91,88.8,518.6,258.4,0,69,9:28:55
5.83,3.16,88.8,517.7,280.6,0,69,9:29:00
5.69,3.2,88.8,505.3,284.2,0,69,9:29:05
5.72,3.1,88.8,507.9,275.3,0,69,9:29:10
5.76,3.23,88.8,511.5,286.8,0,69,9:29:15
5.78,3.28,88.8,513.3,291.3,0,69,9:29:20
5.77,3.35,88.8,512.4,297.5,0,69,9:29:25
5.85,3.3,88.8,519.5,293,0,69,9:29:30
5.79,3.27,88.8,514.2,290.4,0,69,9:29:35
5.85,3.11,88.8,519.5,276.2,0,69,9:29:40
6.06,3.2,88.8,538.1,284.2,0,69,9:29:45
5.99,3.56,88.7,531.3,315.8,0,69,9:29:50
5.94,3.38,88.7,526.9,299.8,0,69,9:29:55
6,3.06,88.8,532.8,271.7,0,69,9:30:00
5.92,2.9,88.9,526.3,257.8,0,69,9:30:05
5.92,3.03,88.8,525.7,269.1,0,69,9:30:10
6.01,3.09,88.8,533.7,274.4,0,69,9:30:15
6.05,2.82,88.8,537.2,250.4,0,69,9:30:20
5.98,2.96,88.8,531,262.8,0,69,9:30:25
6.04,2.69,88.9,537,239.1,0,69,9:30:30
5.92,3.02,88.8,525.7,268.2,0,69,9:30:35
5.82,2.96,88.8,516.8,262.8,0,69,9:30:40
5.9,3.2,88.8,523.9,284.2,0,69,9:30:45
5.94,3.55,88.7,526.9,314.9,0,69,9:30:50
5.92,3.73,88.6,524.5,330.5,0,69,9:30:55
5.85,4.13,88.6,518.3,365.9,0,68,9:31:00
5.85,4.28,88.5,517.7,378.8,0,69,9:31:05
5.84,3.61,88.7,518,320.2,0,69,9:31:10
5.84,3.05,88.8,518.6,270.8,0,69,9:31:15
5.84,3.09,88.8,518.6,274.4,0,69,9:31:20
5.76,3.1,88.8,511.5,275.3,0,69,9:31:25
5.86,3.06,88.8,520.4,271.7,0,69,9:31:30
5.79,3.28,88.7,513.6,290.9,0,69,9:31:35
5.79,3.16,88.7,513.6,280.3,0,69,9:31:40
5.87,2.52,88.9,521.8,224,0,70,9:31:45
5.77,2.42,88.9,513,215.1,0,70,9:31:50
5.9,2.43,88.9,524.5,216,0,70,9:31:55
5.86,2.69,88.8,520.4,238.9,0,70,9:32:00
5.91,3.23,88.7,524.2,286.5,0,69,9:32:05
5.97,3.76,88.6,528.9,333.1,0,69,9:32:10
5.96,3.9,88.6,528.1,345.5,0,69,9:32:15
6.02,3.36,88.7,534,298,0,69,9:32:20
5.94,3.35,88.7,526.9,297.1,0,69,9:32:25
5.97,3.41,88.7,529.5,302.5,0,69,9:32:30
5.94,3.49,88.7,526.9,309.6,0,69,9:32:35
6.01,4,88.6,532.5,354.4,0,69,9:32:40
6.08,3.76,88.6,538.7,333.1,0,69,9:32:45
5.95,3.06,88.7,527.8,271.4,0,69,9:32:50
5.72,3.01,88.8,507.9,267.3,0,69,9:32:55
5.7,3.04,88.7,505.6,269.6,0,69,9:33:00
5.68,2.72,88.8,504.4,241.5,0,69,9:33:05
5.89,3.06,88.7,522.4,271.4,0,69,9:33:10
6.07,2.88,88.8,539,255.7,0,69,9:33:15
6.12,3.27,88.7,542.8,290,0,69,9:33:20
6.14,3.1,88.7,544.6,275,0,69,9:33:25
6.34,3.12,88.7,562.4,276.7,0,69,9:33:30
6.29,3.06,88.7,557.9,271.4,0,69,9:33:35
6.43,4.24,88.5,569.1,375.2,0,68,9:33:40
6.42,4.48,88.5,568.2,396.5,0,68,9:33:45
6.24,3.67,88.6,552.9,325.2,0,69,9:33:50
6.22,2.18,88.9,553,193.8,0,70,9:33:55
6.27,1.42,89,558,126.4,0,70,9:34:00
6.27,1.64,89,558,146,0,70,9:34:05
6.33,1.53,89,563.4,136.2,0,70,9:34:10
6.3,1.84,89,560.7,163.8,0,70,9:34:15
6.36,2.8,88.8,564.8,248.6,0,69,9:34:20
6.33,2.92,88.8,562.1,259.3,0,69,9:34:25
6.36,2,88.9,565.4,177.8,0,70,9:34:30
6.35,2.45,88.8,563.9,217.6,0,69,9:34:35
6.47,2.08,88.9,575.2,184.9,0,70,9:34:40
6.46,2.24,88.9,574.3,199.1,0,70,9:34:45
6.49,2.32,88.9,577,206.2,0,69,9:34:50
6.54,2.19,88.9,581.4,194.7,0,70,9:34:55
6.39,2.56,88.8,567.4,227.3,0,69,9:35:00
6.45,2.96,88.8,572.8,262.8,0,69,9:35:05
6.43,3.07,88.7,570.3,272.3,0,69,9:35:10
6.28,3.28,88.7,557,290.9,0,69,9:35:15
6.08,2.87,88.8,539.9,254.9,0,69,9:35:20
5.98,2.79,88.8,531,247.8,0,69,9:35:25
5.99,2.76,88.8,531.9,245.1,0,69,9:35:30
6.05,2.37,88.8,537.2,210.5,0,70,9:35:35
6.08,2.46,88.8,539.9,218.4,0,70,9:35:40
6.12,2.1,88.9,544.1,186.7,0,70,9:35:45
6.18,1.69,89,550,150.4,0,70,9:35:50
6.31,1.74,89,561.6,154.9,0,70,9:35:55
6.32,2.37,88.8,561.2,210.5,0,69,9:36:00
6.55,3.37,88.7,581,298.9,0,69,9:36:05
6.43,3.2,88.7,570.3,283.8,0,69,9:36:10
6.43,2.47,88.8,571,219.3,0,69,9:36:15
6.64,1.56,89,591,138.8,0,70,9:36:20
6.56,1.09,89,583.8,97,0,70,9:36:25
6.68,0.89,89.1,595.2,79.3,0,70,9:36:30
6.74,1.11,89.1,600.5,98.9,0,70,9:36:35
6.79,1.87,88.9,603.6,166.2,0,70,9:36:40
6.83,2.97,88.8,606.5,263.7,0,69,9:36:45
6.78,2.84,88.8,602.1,252.2,0,69,9:36:50
6.74,2.23,88.9,599.2,198.2,0,69,9:36:55
6.71,1.52,89,597.2,135.3,0,70,9:37:00
6.78,2.13,88.9,602.7,189.4,0,70,9:37:05
6.81,3.66,88.6,603.4,324.3,0,69,9:37:10
6.78,3.41,88.7,601.4,302.5,0,69,9:37:15
6.83,3.05,88.7,605.8,270.5,0,69,9:37:20
6.81,3.21,88.7,604,284.7,0,69,9:37:25
6.82,3.04,88.7,604.9,269.6,0,69,9:37:30
6.85,2.98,88.7,607.6,264.3,0,69,9:37:35
6.82,2.65,88.8,605.6,235.3,0,69,9:37:40
6.8,2.52,88.8,603.8,223.8,0,69,9:37:45
6.83,2.73,88.7,605.8,242.2,0,69,9:37:50
6.81,2.76,88.8,604.7,245.1,0,69,9:37:55
6.82,2.77,88.7,604.9,245.7,0,69,9:38:00
6.83,2.56,88.8,606.5,227.3,0,69,9:38:05
6.82,2.54,88.8,605.6,225.6,0,69,9:38:10
6.81,2.72,88.7,604,241.3,0,69,9:38:15
6.84,2.54,88.8,607.4,225.6,0,69,9:38:20
6.84,2.3,88.8,607.4,204.2,0,69,9:38:25
6.8,2.49,88.8,603.8,221.1,0,69,9:38:30
6.81,2.44,88.8,604.7,216.7,0,69,9:38:35
6.88,2.44,88.8,610.9,216.7,0,69,9:38:40
6.83,2.88,88.7,605.8,255.5,0,69,9:38:45
6.87,3.12,88.7,609.4,276.7,0,69,9:38:50
6.87,3.13,88.7,609.4,277.6,0,69,9:38:55
6.89,3.14,88.6,610.5,278.2,0,69,9:39:00
6.89,3.31,88.6,610.5,293.3,0,69,9:39:05
6.85,3.38,88.7,607.6,299.8,0,69,9:39:10
6.86,3.34,88.6,607.8,295.9,0,69,9:39:15
6.89,3.19,88.6,610.5,282.6,0,69,9:39:20
6.87,3.12,88.6,608.7,276.4,0,69,9:39:25
6.88,2.62,88.8,610.9,232.7,0,69,9:39:30
6.9,2.23,88.8,612.7,198,0,69,9:39:35
6.89,2.3,88.8,611.8,204.2,0,69,9:39:40
6.88,2.31,88.8,610.9,205.1,0,69,9:39:45
6.87,2.08,88.8,610.1,184.7,0,69,9:39:50
6.85,2.11,88.8,608.3,187.4,0,70,9:39:55
6.8,1.34,89,605.2,119.3,0,70,9:40:00
6.91,1.63,88.9,614.3,144.9,0,70,9:40:05
6.92,2.17,88.8,614.5,192.7,0,69,9:40:10
6.92,1.98,88.9,615.2,176,0,69,9:40:15
6.96,2.75,88.7,617.4,243.9,0,69,9:40:20
6.98,3.02,88.7,619.1,267.9,0,69,9:40:25
6.99,3.44,88.6,619.3,304.8,0,69,9:40:30
6.94,3.44,88.6,614.9,304.8,0,69,9:40:35
6.87,2.5,88.8,610.1,222,0,69,9:40:40
6.91,2.1,88.8,613.6,186.5,0,70,9:40:45
6.93,2.22,88.8,615.4,197.1,0,69,9:40:50
6.9,2.26,88.8,612.7,200.7,0,69,9:40:55
6.94,2.42,88.8,616.3,214.9,0,69,9:41:00
6.99,2.85,88.7,620,252.8,0,69,9:41:05
6.98,3,88.6,618.4,265.8,0,69,9:41:10
6.98,2.99,88.6,618.4,264.9,0,69,9:41:15
6.99,2.84,88.7,620,251.9,0,69,9:41:20
7.04,3.06,88.6,623.7,271.1,0,69,9:41:25
7.07,3.32,88.6,626.4,294.2,0,68,9:41:30
7.08,4.2,88.5,626.6,371.7,0,68,9:41:35
7.05,4.07,88.4,623.2,359.8,0,68,9:41:40
7.04,4.2,88.4,622.3,371.3,0,68,9:41:45
7.04,3.69,88.5,623,326.6,0,68,9:41:50
6.97,3.11,88.6,617.5,275.5,0,69,9:41:55
6.97,2.43,88.7,618.2,215.5,0,69,9:42:00
7,2.22,88.8,621.6,197.1,0,69,9:42:05
6.99,1.84,88.9,621.4,163.6,0,69,9:42:10
6.99,2.16,88.8,620.7,191.8,0,69,9:42:15
6.99,2.03,88.8,620.7,180.3,0,69,9:42:20
6.98,1.81,88.8,619.8,160.7,0,69,9:42:25
7.03,2.29,88.8,624.3,203.4,0,69,9:42:30
6.96,2.43,88.7,617.4,215.5,0,69,9:42:35
6.97,2.11,88.8,618.9,187.4,0,69,9:42:40
6.99,2.25,88.7,620,199.6,0,69,9:42:45
7.04,2.61,88.7,624.4,231.5,0,69,9:42:50
7.03,2.66,88.7,623.6,235.9,0,69,9:42:55
7.03,2.65,88.7,623.6,235.1,0,69,9:43:00
7.06,3.08,88.6,625.5,272.9,0,69,9:43:05
7.1,3.08,88.6,629.1,272.9,0,69,9:43:10
7.11,3.25,88.6,629.9,288,0,69,9:43:15
7.08,3.11,88.6,627.3,275.5,0,69,9:43:20
7.07,2.82,88.7,627.1,250.1,0,69,9:43:25
7.09,2.7,88.6,628.2,239.2,0,69,9:43:30
7.03,3.08,88.6,622.9,272.9,0,68,9:43:35
7.09,3.18,88.6,628.2,281.7,0,69,9:43:40
7.09,3.13,88.6,628.2,277.3,0,69,9:43:45
7.07,2.84,88.6,626.4,251.6,0,69,9:43:50
7.02,1.87,88.8,623.4,166.1,0,70,9:43:55
6.98,0.85,89,621.2,75.7,0,70,9:44:00
6.95,0.46,89.1,619.2,41,0,70,9:44:05
7,1.21,88.9,622.3,107.6,0,70,9:44:10
7.08,1.92,88.8,628.7,170.5,0,69,9:44:15
7.07,2.07,88.8,627.8,183.8,0,69,9:44:20
7.1,2.14,88.8,630.5,190,0,69,9:44:25
7.08,1.95,88.8,628.7,173.2,0,69,9:44:30
7.11,2.16,88.8,631.4,191.8,0,69,9:44:35
7.1,1.97,88.8,630.5,174.9,0,69,9:44:40
7.1,2.41,88.7,629.8,213.8,0,69,9:44:45
7.15,2.65,88.7,634.2,235.1,0,69,9:44:50
7.16,2.6,88.7,635.1,230.6,0,69,9:44:55
7.12,2.42,88.7,631.5,214.7,0,69,9:45:00
7.12,2.59,88.7,631.5,229.7,0,69,9:45:05
7.14,2.86,88.6,632.6,253.4,0,69,9:45:10
7.15,2.84,88.7,634.2,251.9,0,69,9:45:15
7.15,2.9,88.6,633.5,256.9,0,69,9:45:20
7.12,2.62,88.7,631.5,232.4,0,69,9:45:25
7.11,2.27,88.7,630.7,201.3,0,69,9:45:30
7.16,2.48,88.7,635.1,220,0,69,9:45:35
7.15,2.8,88.6,633.5,248.1,0,69,9:45:40
7.02,2.66,88.6,622,235.7,0,69,9:45:45
7.12,3.07,88.6,630.8,272,0,69,9:45:50
7.11,2.69,88.7,630.7,238.6,0,69,9:45:55
7.11,2.44,88.7,630.7,216.4,0,69,9:46:00
7.17,2.2,88.7,636,195.1,0,69,9:46:05
7.16,1.88,88.8,635.8,166.9,0,69,9:46:10
7.19,1.77,88.8,638.5,157.2,0,69,9:46:15
7.16,2.14,88.8,635.8,190,0,69,9:46:20
7.09,1.89,88.8,629.6,167.8,0,69,9:46:25
7.1,2.11,88.7,629.8,187.2,0,69,9:46:30
7.06,2.19,88.7,626.2,194.3,0,69,9:46:35
7,2.2,88.7,620.9,195.1,0,69,9:46:40
7.15,2.04,88.8,634.9,181.2,0,69,9:46:45
7.19,2.49,88.7,637.8,220.9,0,69,9:46:50
7.24,2.93,88.6,641.5,259.6,0,69,9:46:55
7.18,2.49,88.7,636.9,220.9,0,69,9:47:00
7.23,2.04,88.8,642,181.2,0,69,9:47:05
7.19,1.78,88.8,638.5,158.1,0,69,9:47:10
7.23,2.16,88.7,641.3,191.6,0,69,9:47:15
7.21,1.83,88.8,640.2,162.5,0,69,9:47:20
7.19,1.73,88.8,638.5,153.6,0,70,9:47:25
7.24,1.48,88.9,643.6,131.6,0,69,9:47:30
7.24,1.58,88.9,643.6,140.5,0,70,9:47:35
7.24,1.21,88.9,643.6,107.6,0,70,9:47:40
7.2,1.49,88.9,640.1,132.5,0,70,9:47:45
7.2,1.79,88.8,639.4,159,0,69,9:47:50
7.24,1.48,88.9,643.6,131.6,0,69,9:47:55
7.18,1.9,88.8,637.6,168.7,0,69,9:48:00
7.2,1.92,88.8,639.4,170.5,0,69,9:48:05
7.19,2.21,88.8,638.5,196.2,0,69,9:48:10
7.11,2.42,88.7,630.7,214.7,0,69,9:48:15
7.18,2.5,88.7,636.9,221.8,0,69,9:48:20
7.21,2.33,88.7,639.5,206.7,0,69,9:48:25
7.25,2.78,88.6,642.4,246.3,0,69,9:48:30
7.27,2.99,88.6,644.1,264.9,0,69,9:48:35
7.25,3.17,88.6,642.4,280.9,0,69,9:48:40
7.26,3,88.6,643.2,265.8,0,69,9:48:45
7.18,2,88.7,636.9,177.4,0,69,9:48:50
7,1.59,88.9,622.3,141.4,0,69,9:48:55
7.03,1.91,88.8,624.3,169.6,0,69,9:49:00
7.13,2.12,88.7,632.4,188,0,69,9:49:05
7.14,1.85,88.8,634,164.3,0,69,9:49:10
7.09,1.75,88.8,629.6,155.4,0,69,9:49:15
7.2,1.83,88.8,639.4,162.5,0,69,9:49:20
7.26,2.53,88.7,644,224.4,0,69,9:49:25
7.25,2.91,88.6,642.4,257.8,0,69,9:49:30
7.16,2.42,88.7,635.1,214.7,0,69,9:49:35
7.24,2.33,88.7,642.2,206.7,0,69,9:49:40
7.23,2.34,88.7,641.3,207.6,0,69,9:49:45
7.24,2.44,88.6,641.5,216.2,0,69,9:49:50
7.25,2.28,88.7,643.1,202.2,0,69,9:49:55
7.28,2.38,88.7,645.7,211.1,0,69,9:50:00
7.28,2.46,88.7,645.7,218.2,0,69,9:50:05
7.3,2.41,88.7,647.5,213.8,0,69,9:50:10
7.24,2.28,88.7,642.2,202.2,0,69,9:50:15
7.29,2.32,88.7,646.6,205.8,0,69,9:50:20
7.28,2.48,88.7,645.7,220,0,69,9:50:25
7.31,2.54,88.6,647.7,225,0,69,9:50:30
7.3,2.59,88.6,646.8,229.5,0,69,9:50:35
7.29,2.39,88.6,645.9,211.8,0,69,9:50:40
7.32,2.56,88.6,648.6,226.8,0,69,9:50:45
7.3,2.54,88.6,646.8,225,0,69,9:50:50
7.28,2.88,88.6,645,255.2,0,69,9:50:55
7.27,2.77,88.6,644.1,245.4,0,69,9:51:00
7.29,2.6,88.6,645.9,230.4,0,69,9:51:05
7.28,2.44,88.6,645,216.2,0,69,9:51:10
7.3,2.22,88.7,647.5,196.9,0,69,9:51:15
7.26,1.62,88.8,644.7,143.9,0,69,9:51:20
7.26,1.85,88.8,644.7,164.3,0,69,9:51:25
7.26,1.98,88.7,644,175.6,0,69,9:51:30
7.3,2.31,88.7,647.5,204.9,0,69,9:51:35
7.34,2.58,88.6,650.3,228.6,0,69,9:51:40
7.4,3.03,88.5,654.9,268.2,0,69,9:51:45
7.31,3.27,88.5,646.9,289.4,0,68,9:51:50
7.34,2.97,88.5,649.6,262.8,0,69,9:51:55
7.31,2.82,88.5,646.9,249.6,0,69,9:52:00
7.37,2.8,88.6,653,248.1,0,69,9:52:05
7.34,2.57,88.6,650.3,227.7,0,69,9:52:10
7.37,2.66,88.6,653,235.7,0,69,9:52:15
7.38,2.22,88.6,653.9,196.7,0,69,9:52:20
7.32,2.07,88.7,649.3,183.6,0,69,9:52:25
7.34,1.9,88.7,651.1,168.5,0,69,9:52:30
7.37,2.21,88.6,653,195.8,0,69,9:52:35
7.37,2.29,88.7,653.7,203.1,0,69,9:52:40
7.41,2.78,88.5,655.8,246,0,69,9:52:45
7.47,3.17,88.5,661.1,280.5,0,68,9:52:50
7.48,4.18,88.3,660.5,369.1,0,68,9:52:55
7.53,4.6,88.3,664.9,406.2,0,67,9:53:00
7.54,6.18,87.9,662.8,543.2,0,67,9:53:05
7.59,4.71,88.2,669.4,415.4,0,67,9:53:10
7.6,5.3,88.1,669.6,466.9,0,67,9:53:15
7.58,5.53,88,667,486.6,0,67,9:53:20
7.53,5.04,88.1,663.4,444,0,67,9:53:25
7.38,3.51,88.3,651.7,309.9,0,68,9:53:30
7.43,2.14,88.6,658.3,189.6,0,69,9:53:35
7.29,1.5,88.7,646.6,133.1,0,70,9:53:40
7.26,0.43,88.9,645.4,38.2,0,70,9:53:45
7.39,0.56,88.9,657,49.8,0,70,9:53:50
7.45,1.34,88.8,661.6,119,0,70,9:53:55
7.38,1.05,88.9,656.1,93.3,0,70,9:54:00
7.43,1.5,88.8,659.8,133.2,0,70,9:54:05
7.5,1.79,88.7,665.3,158.8,0,69,9:54:10
7.44,2.2,88.6,659.2,194.9,0,69,9:54:15
7.49,2.1,88.6,663.6,186.1,0,69,9:54:20
7.46,1.8,88.7,661.7,159.7,0,69,9:54:25
7.46,2.08,88.7,661.7,184.5,0,69,9:54:30
7.42,2.05,88.6,657.4,181.6,0,69,9:54:35
7.47,1.63,88.7,662.6,144.6,0,69,9:54:40
7.45,1.81,88.7,660.8,160.5,0,69,9:54:45
7.57,2.53,88.6,670.7,224.2,0,69,9:54:50
7.49,2.87,88.5,662.9,254,0,69,9:54:55
7.55,2.97,88.5,668.2,262.8,0,68,9:55:00
7.59,3.98,88.3,670.2,351.4,0,68,9:55:05
7.49,3.04,88.5,662.9,269,0,68,9:55:10
7.46,2.41,88.6,661,213.5,0,69,9:55:15
7.45,1.72,88.7,660.8,152.6,0,69,9:55:20
7.46,1.21,88.8,662.4,107.4,0,70,9:55:25
7.42,1.52,88.7,658.2,134.8,0,69,9:55:30
7.46,1.57,88.7,661.7,139.3,0,69,9:55:35
7.5,1.75,88.7,665.3,155.2,0,69,9:55:40
7.48,1.55,88.7,663.5,137.5,0,69,9:55:45
7.49,1.89,88.7,664.4,167.6,0,69,9:55:50
7.5,2.35,88.6,664.5,208.2,0,69,9:55:55
7.5,2.69,88.5,663.8,238.1,0,69,9:56:00
7.54,2.41,88.6,668,213.5,0,69,9:56:05
7.57,2.69,88.6,670.7,238.3,0,69,9:56:10
7.56,2.76,88.5,669.1,244.3,0,69,9:56:15
7.52,2.9,88.5,665.5,256.7,0,68,9:56:20
7.55,2.96,88.5,668.2,262,0,68,9:56:25
7.58,3.2,88.4,670.1,282.9,0,68,9:56:30
7.59,2.99,88.5,671.7,264.6,0,68,9:56:35
7.57,2.71,88.5,669.9,239.8,0,69,9:56:40
7.58,2.83,88.5,670.8,250.5,0,68,9:56:45
7.63,3.38,88.4,674.5,298.8,0,68,9:56:50
7.59,3.14,88.4,671,277.6,0,68,9:56:55
7.6,3.73,88.3,671.1,329.4,0,68,9:57:00
7.62,3.84,88.3,672.8,339.1,0,68,9:57:05
7.66,3.43,88.4,677.1,303.2,0,68,9:57:10
7.65,4.07,88.2,674.7,359,0,68,9:57:15
7.67,4,88.3,677.3,353.2,0,68,9:57:20
7.68,3.95,88.3,678.1,348.8,0,68,9:57:25
7.67,3.44,88.3,677.3,303.8,0,68,9:57:30
7.61,3.69,88.2,671.2,325.5,0,68,9:57:35
7.65,3.76,88.3,675.5,332,0,68,9:57:40
7.68,3.61,88.3,678.1,318.8,0,68,9:57:45
7.67,3.88,88.2,676.5,342.2,0,68,9:57:50
7.68,4.42,88.1,676.6,389.4,0,67,9:57:55
7.76,4.4,88.1,683.7,387.6,0,67,9:58:00
7.74,4.69,88.1,681.9,413.2,0,67,9:58:05
7.78,4.78,88,684.6,420.6,0,67,9:58:10
7.76,4.48,88.1,683.7,394.7,0,68,9:58:15
7.79,5.25,87.9,684.7,461.5,0,67,9:58:20
7.8,4.92,88,686.4,433,0,67,9:58:25
7.81,6.37,87.6,684.2,558,0,66,9:58:30
7.6,7.23,87.5,665,632.6,0,66,9:58:35
7.64,7.52,87.6,669.3,658.8,0,65,9:58:40
7.67,7.23,87.6,671.9,633.3,0,65,9:58:45
7.66,7.39,87.5,670.3,646.6,0,65,9:58:50
7.63,7.38,87.4,666.9,645,0,65,9:58:55
7.58,6.89,87.6,664,603.6,0,66,9:59:00
7.29,5.03,87.9,640.8,442.1,0,67,9:59:05
7.02,4.04,88.1,618.5,355.9,0,68,9:59:10
6.73,2.33,88.3,594.3,205.7,0,69,9:59:15
6.32,0.98,88.6,560,86.8,0,70,9:59:20
6.7,-0.9,89,596.3,-80.1,0,71,9:59:25
6.79,-0.9,89,604.3,-80.1,0,71,9:59:30
6.67,-0.16,88.9,593,-14.2,0,70,9:59:35
6.94,0.85,88.7,615.6,75.4,0,70,9:59:40
7.04,1.53,88.6,623.7,135.6,0,70,9:59:45
7,1.67,88.6,620.2,148,0,69,9:59:50
6.98,1.9,88.5,617.7,168.2,0,69,9:59:55
7.13,1.57,88.6,631.7,139.1,0,69,10:00:00
7.16,2.63,88.4,632.9,232.5,0,69,10:00:05
7.42,3.86,88.2,654.4,340.5,0,68,10:00:10
7.38,4.56,88,649.4,401.3,0,67,10:00:15
7.34,3.89,88.1,646.7,342.7,0,68,10:00:20
7.23,2.81,88.3,638.4,248.1,0,69,10:00:25
7.18,0.98,88.7,636.9,86.9,0,70,10:00:30
7.15,-0.55,88.9,635.6,-48.9,0,71,10:00:35
7.19,-1.88,89.2,641.3,-167.7,0,71,10:00:40
7.2,-1.9,89.2,642.2,-169.5,0,71,10:00:45
7.2,-1.71,89.2,642.2,-152.5,0,71,10:00:50
7.12,-0.97,89.1,634.4,-86.4,0,71,10:00:55
7.2,-0.36,89,640.8,-32,0,71,10:01:00
7.2,0.61,88.8,639.4,54.2,0,70,10:01:05
7.25,1.27,88.7,643.1,112.6,0,70,10:01:10
7.27,1.75,88.6,644.1,155.1,0,69,10:01:15
7.22,1.99,88.6,639.7,176.3,0,69,10:01:20
7.22,2,88.6,639.7,177.2,0,69,10:01:25
7.21,1.6,88.6,638.8,141.8,0,69,10:01:30
7.01,1.07,88.8,622.5,95,0,70,10:01:35
7.06,0.77,88.8,626.9,68.4,0,70,10:01:40
7.14,1.27,88.7,633.3,112.6,0,70,10:01:45
7.3,1.78,88.6,646.8,157.7,0,69,10:01:50
7.28,2.35,88.5,644.3,208,0,69,10:01:55
7.32,2.47,88.5,647.8,218.6,0,69,10:02:00
7.34,2.73,88.5,649.6,241.6,0,69,10:02:05
7.32,2.67,88.4,647.1,236,0,69,10:02:10
7.35,2.87,88.4,649.7,253.7,0,69,10:02:15
7.33,2.79,88.4,648,246.6,0,69,10:02:20
7.33,2.75,88.4,648,243.1,0,68,10:02:25
7.3,2.52,88.4,645.3,222.8,0,69,10:02:30
7.34,2.37,88.5,649.6,209.7,0,69,10:02:35
7.36,2.06,88.5,651.4,182.3,0,69,10:02:40
7.33,1.97,88.5,648.7,174.3,0,69,10:02:45
7.38,2.08,88.5,653.1,184.1,0,69,10:02:50
7.42,2.93,88.4,655.9,259,0,68,10:02:55
7.4,4.57,88.1,651.9,402.6,0,68,10:03:00
7.46,4.72,88.1,657.2,415.8,0,67,10:03:05
7.44,5.42,87.9,654,476.4,0,67,10:03:10
7.46,4.8,88,656.5,422.4,0,67,10:03:15
7.44,4.48,88.1,655.5,394.7,0,67,10:03:20
7.43,4.42,88.1,654.6,389.4,0,67,10:03:25
7.41,3.41,88.2,653.6,300.8,0,68,10:03:30
7.35,3.05,88.3,649,269.3,0,69,10:03:35
7.34,1.53,88.6,650.3,135.6,0,69,10:03:40
7.35,0.91,88.6,651.2,80.6,0,70,10:03:45
7.32,0.23,88.8,650,20.4,0,70,10:03:50
7.28,-0.26,88.9,647.2,-23.1,0,71,10:03:55
7.24,-1.26,89.1,645.1,-112.3,0,71,10:04:00
7.29,-0.81,89,648.8,-72.1,0,71,10:04:05
7.31,-0.93,89,650.6,-82.8,0,71,10:04:10
7.32,-1.17,89.1,652.2,-104.2,0,71,10:04:15
7.31,-0.53,89,650.6,-47.2,0,71,10:04:20
7.34,-0.51,89,653.3,-45.4,0,71,10:04:25
7.27,-0.46,89,647,-40.9,0,70,10:04:30
7.34,0.25,88.8,651.8,22.2,0,70,10:04:35
7.29,0.56,88.8,647.4,49.7,0,70,10:04:40
7.36,0.53,88.9,654.3,47.1,0,70,10:04:45
7.31,0.91,88.8,649.1,80.8,0,70,10:04:50
7.29,0.87,88.8,647.4,77.3,0,70,10:04:55
7.31,0.82,88.7,648.4,72.7,0,70,10:05:00
7.29,0.54,88.8,647.4,48,0,70,10:05:05
7.37,0.47,88.9,655.2,41.8,0,70,10:05:10
7.35,0.86,88.8,652.7,76.4,0,70,10:05:15
7.4,1.48,88.7,656.4,131.3,0,69,10:05:20
7.45,1.53,88.7,660.8,135.7,0,69,10:05:25
7.43,1.55,88.6,658.3,137.3,0,69,10:05:30
7.36,1.6,88.6,652.1,141.8,0,69,10:05:35
7.39,1.64,88.6,654.8,145.3,0,69,10:05:40
7.34,1.66,88.6,650.3,147.1,0,69,10:05:45
7.4,1.33,88.7,656.4,118,0,69,10:05:50
7.41,1.28,88.7,657.3,113.5,0,70,10:05:55
7.41,1.38,88.7,657.3,122.4,0,69,10:06:00
7.4,1.83,88.6,655.6,162.1,0,69,10:06:05
7.44,2.16,88.5,658.4,191.2,0,69,10:06:10
7.47,2.12,88.5,661.1,187.6,0,69,10:06:15
7.44,1.88,88.6,659.2,166.6,0,69,10:06:20
7.41,1.63,88.6,656.5,144.4,0,69,10:06:25
7.43,1.93,88.5,657.6,170.8,0,69,10:06:30
7.51,2.63,88.4,663.9,232.5,0,69,10:06:35
7.49,3.1,88.3,661.4,273.7,0,68,10:06:40
7.52,3.09,88.3,664,272.8,0,68,10:06:45
7.48,3.41,88.3,660.5,301.1,0,68,10:06:50
7.52,3.04,88.3,664,268.4,0,68,10:06:55
7.4,3.3,88.3,653.4,291.4,0,68,10:07:00
7.44,2.32,88.5,658.4,205.3,0,69,10:07:05
7.47,1.72,88.6,661.8,152.4,0,69,10:07:10
7.51,1.62,88.6,665.4,143.5,0,69,10:07:15
7.52,1.88,88.5,665.5,166.4,0,69,10:07:20
7.44,2.2,88.5,658.4,194.7,0,69,10:07:25
7.59,2.42,88.4,671,213.9,0,69,10:07:30
7.47,2.59,88.4,660.3,229,0,69,10:07:35
7.53,2.93,88.3,664.9,258.7,0,68,10:07:40
7.57,2.83,88.3,668.4,249.9,0,68,10:07:45
7.58,2.61,88.3,669.3,230.5,0,68,10:07:50
7.64,2.85,88.3,674.6,251.7,0,68,10:07:55
7.61,3.21,88.2,671.2,283.1,0,68,10:08:00
7.61,2.98,88.3,672,263.1,0,68,10:08:05
7.58,3.42,88.2,668.6,301.6,0,68,10:08:10
7.69,3.14,88.3,679,277.3,0,68,10:08:15
7.63,3.22,88.2,673,284,0,68,10:08:20
7.7,3.37,88.3,679.9,297.6,0,68,10:08:25
7.73,3.45,88.2,681.8,304.3,0,68,10:08:30
7.71,3.82,88.1,679.3,336.5,0,68,10:08:35
7.65,3.43,88.2,674.7,302.5,0,68,10:08:40
7.61,2.77,88.3,672,244.6,0,68,10:08:45
7.59,1.85,88.5,671.7,163.7,0,69,10:08:50
7.63,1.3,88.6,676,115.2,0,69,10:08:55
7.59,0.97,88.6,672.5,85.9,0,70,10:09:00
7.6,0.38,88.8,674.9,33.7,0,70,10:09:05
7.63,0.79,88.7,676.8,70.1,0,70,10:09:10
7.52,0.87,88.7,667,77.2,0,70,10:09:15
7.64,1.15,88.6,676.9,101.9,0,69,10:09:20
7.48,2.05,88.5,662,181.4,0,69,10:09:25
7.4,2.24,88.4,654.2,198,0,69,10:09:30
7.43,2.21,88.4,656.8,195.4,0,69,10:09:35
7.5,2.63,88.3,662.3,232.2,0,69,10:09:40
7.57,2.82,88.3,668.4,249,0,68,10:09:45
7.65,3.36,88.2,674.7,296.4,0,68,10:09:50
7.74,3.15,88.3,683.4,278.1,0,68,10:09:55
7.82,2.85,88.3,690.5,251.7,0,68,10:10:00
7.82,2.54,88.4,691.3,224.5,0,68,10:10:05
7.84,2.26,88.4,693.1,199.8,0,69,10:10:10
7.83,2.2,88.4,692.2,194.5,0,69,10:10:15
7.84,2.59,88.3,692.3,228.7,0,68,10:10:20
7.81,2.82,88.3,689.6,249,0,68,10:10:25
7.83,2.46,88.3,691.4,217.2,0,68,10:10:30
7.74,-3.09,89.3,691.2,-275.9,0,66,10:10:35
7.8,-1.35,89.1,695,-120.3,0,65,10:10:40
7.75,-1.33,89.1,690.5,-118.5,0,64,10:10:45
7.82,0.95,88.7,693.6,84.3,0,63,10:10:50
7.85,1.59,88.6,695.5,140.9,0,64,10:10:55
7.53,-6.72,90,677.7,-604.8,0,62,10:11:00
7.24,-6.35,89.9,650.9,-570.9,0,59,10:11:05
6.73,-5.98,90,605.7,-538.2,0,57,10:11:10
6.48,-5.75,90,583.2,-517.5,0,54,10:11:15
6.95,-7.36,90.2,626.9,-663.9,0,50,10:11:20
7.14,-10.88,90.8,648.3,-987.9,0,48,10:11:25
7.14,-6.36,90.1,643.3,-573,0,45,10:11:30
7.24,-6.45,90.1,652.3,-581.1,0,43,10:11:35
7.35,-6.56,90.1,662.2,-591.1,0,41,10:11:40
7.2,-10.2,90.8,653.8,-926.2,0,35,10:11:45
5.94,-5.21,90.1,535.2,-469.4,0,25,10:11:50
7.38,-6.72,90.3,666.4,-606.8,0,23,10:11:55
7.68,-6.86,90.3,693.5,-619.5,0,24,10:12:00
2.8,0.43,89.1,249.5,38.3,0,21,10:12:05
6.06,-5.18,90,545.4,-466.2,0,20,10:12:10
6.81,-1.36,89.4,608.8,-121.6,0,19,10:12:15
7.48,-6.67,90.3,675.4,-602.3,0,18,10:12:20
7.22,-9.28,90.7,654.9,-841.7,0,13,10:12:25
6.27,-5.55,90.1,564.9,-500.1,0,9,10:12:30
6.43,-5.7,90.1,579.3,-513.6,0,0,10:12:35
6.6,-5.88,90.2,595.3,-530.4,0,0,10:12:40
6.73,-6,90.3,607.7,-541.8,0,0,10:12:45
6.52,-5.8,90.2,588.1,-523.2,0,0,10:12:50
6.59,-5.87,90.3,595.1,-530.1,0,0,10:12:55
7.08,-6.33,90.3,639.3,-571.6,0,0,10:13:00
7.08,-6.33,90.3,639.3,-571.6,0,0,10:13:05
6.76,-6.03,90.3,610.4,-544.5,0,0,10:13:10
7.04,-6.29,90.3,635.7,-568,0,0,10:13:15
7.08,-6.33,90.4,640,-572.2,0,0,10:13:20
7.09,-6.33,90.4,640.9,-572.2,0,0,10:13:25
6.41,-5.7,90.3,578.8,-514.7,0,0,10:13:30
6.21,-5.52,90.3,560.8,-498.5,0,0,10:13:35
7.11,-6.35,90.4,642.7,-574,0,0,10:13:40
6.59,-5.87,90.3,595.1,-530.1,0,0,10:13:45
7,-6.26,90.4,632.8,-565.9,0,0,10:13:50
6.75,-6.02,90.4,610.2,-544.2,0,0,10:13:55
6.89,-6.14,90.4,622.9,-555.1,0,0,10:14:00
6.92,-6.17,90.4,625.6,-557.8,0,0,10:14:05
6.92,-6.17,90.4,625.6,-557.8,0,0,10:14:10
6.91,-6.16,90.4,624.7,-556.9,0,0,10:14:15
6.92,-6.17,90.4,625.6,-557.8,0,0,10:14:20
6.91,-6.17,90.4,624.7,-557.8,0,0,10:14:25
6.91,-6.17,90.4,624.7,-557.8,0,0,10:14:30
6.92,-6.18,90.4,625.6,-558.7,0,0,10:14:35
6.92,-6.18,90.4,625.6,-558.7,0,0,10:14:40
6.92,-6.17,90.4,625.6,-557.8,0,0,10:14:45
6.95,-6.2,90.4,628.3,-560.5,0,0,10:14:50
6.93,-6.19,90.4,626.5,-559.6,0,0,10:14:55
6.94,-6.18,90.4,627.4,-558.7,0,0,10:15:00
6.93,-6.19,90.4,626.5,-559.6,0,0,10:15:05
6.93,-6.19,90.4,626.5,-559.6,0,0,10:15:10
6.93,-6.18,90.4,626.5,-558.7,0,0,10:15:15
6.93,-6.19,90.4,626.5,-559.6,0,0,10:15:20
6.92,-6.18,90.5,626.3,-559.3,0,0,10:15:25
6.94,-6.2,90.5,628.1,-561.1,0,0,10:15:30
6.95,-6.2,90.5,629,-561.1,0,0,10:15:35
6.94,-6.19,90.5,628.1,-560.2,0,0,10:15:40
6.94,-6.19,90.5,628.1,-560.2,0,0,10:15:45
6.95,-6.2,90.5,629,-561.1,0,0,10:15:50
6.96,-6.2,90.5,629.9,-561.1,0,0,10:15:55
6.96,-6.2,90.5,629.9,-561.1,0,0,10:16:00
6.96,-6.21,90.6,630.6,-562.6,0,0,10:16:05
6.95,-6.21,90.6,629.7,-562.6,0,0,10:16:10
6.97,-6.21,90.6,631.5,-562.6,0,0,10:16:15
6.96,-6.21,90.6,630.6,-562.6,0,0,10:16:20
6.97,-6.22,90.6,631.5,-563.5,0,0,10:16:25
6.96,-6.21,90.6,630.6,-562.6,0,0,10:16:30
6.96,-6.21,90.6,630.6,-562.6,0,0,10:16:35
6.95,-6.2,90.6,629.7,-561.7,0,0,10:16:40
6.97,-6.21,90.6,631.5,-562.6,0,0,10:16:45
6.97,-6.21,90.6,631.5,-562.6,0,0,10:16:50
6.96,-6.21,90.6,630.6,-562.6,0,0,10:16:55
6.98,-6.23,90.6,632.4,-564.4,0,0,10:17:00
6.96,-6.22,90.6,630.6,-563.5,0,0,10:17:05
6.97,-6.21,90.6,631.5,-562.6,0,0,10:17:10
6.98,-6.23,90.6,632.4,-564.4,0,0,10:17:15
6.99,-6.23,90.6,633.3,-564.4,0,0,10:17:20
6.99,-6.23,90.6,633.3,-564.4,0,0,10:17:25
6.98,-6.22,90.6,632.4,-563.5,0,0,10:17:30
6.98,-6.23,90.6,632.4,-564.4,0,0,10:17:35
6.99,-6.23,90.6,633.3,-564.4,0,0,10:17:40
6.99,-6.24,90.6,633.3,-565.3,0,0,10:17:45
6.97,-6.22,90.6,631.5,-563.5,0,0,10:17:50
6.99,-6.23,90.6,633.3,-564.4,0,0,10:17:55
6.97,-6.22,90.6,631.5,-563.5,0,0,10:18:00
6.99,-6.23,90.6,633.3,-564.4,0,0,10:18:05
7,-6.24,90.6,634.2,-565.3,0,0,10:18:10
6.98,-6.23,90.6,632.4,-564.4,0,0,10:18:15
6.98,-6.23,90.7,633.1,-565.1,0,0,10:18:20
6.98,-6.23,90.6,632.4,-564.4,0,0,10:18:25
7,-6.25,90.6,634.2,-566.3,0,0,10:18:30
7,-6.25,90.6,634.2,-566.3,0,0,10:18:35
6.99,-6.24,90.7,634,-566,0,0,10:18:40
7.01,-6.25,90.7,635.8,-566.9,0,0,10:18:45
6.99,-6.24,90.7,634,-566,0,0,10:18:50
7.01,-6.27,90.6,635.1,-568.1,0,0,10:18:55
7.01,-6.26,90.7,635.8,-567.8,0,0,10:19:00
6.99,-6.23,90.7,634,-565.1,0,0,10:19:05
7.03,-6.28,90.6,636.9,-569,0,0,10:19:10
7,-6.24,90.7,634.9,-566,0,0,10:19:15
7.01,-6.27,90.7,635.8,-568.7,0,0,10:19:20
7.03,-6.27,90.7,637.6,-568.7,0,0,10:19:25
7.02,-6.28,90.7,636.7,-569.6,0,0,10:19:30
7.05,-6.3,90.7,639.4,-571.4,0,0,10:19:35
7.05,-6.3,90.7,639.4,-571.4,0,0,10:19:40
7.05,-6.3,90.7,639.4,-571.4,0,0,10:19:45
7.04,-6.29,90.7,638.5,-570.5,0,0,10:19:50
7.06,-6.3,90.7,640.3,-571.4,0,0,10:19:55
7.06,-6.3,90.7,640.3,-571.4,0,0,10:20:00
7.06,-6.31,90.7,640.3,-572.3,0,0,10:20:05
7.03,-6.28,90.7,637.6,-569.6,0,0,10:20:10
7.05,-6.3,90.7,639.4,-571.4,0,0,10:20:15
7.05,-6.3,90.7,639.4,-571.4,0,0,10:20:20
7.06,-6.31,90.7,640.3,-572.3,0,0,10:20:25
7.07,-6.32,90.7,641.2,-573.2,0,0,10:20:30
7.07,-6.32,90.7,641.2,-573.2,0,0,10:20:35
7.06,-6.32,90.7,640.3,-573.2,0,0,10:20:40
7.07,-6.33,90.7,641.2,-574.1,0,0,10:20:45
7.07,-6.32,90.7,641.2,-573.2,0,0,10:20:50
7.08,-6.32,90.7,642.2,-573.2,0,0,10:20:55
7.07,-6.32,90.7,641.2,-573.2,0,0,10:21:00
7.07,-6.32,90.7,641.2,-573.2,0,0,10:21:05
7.06,-6.31,90.7,640.3,-572.3,0,0,10:21:10
7.07,-6.33,90.7,641.2,-574.1,0,0,10:21:15
7.05,-6.3,90.7,639.4,-571.4,0,0,10:21:20
7.08,-6.33,90.7,642.2,-574.1,0,0,10:21:25
7.07,-6.33,90.8,642,-574.8,0,0,10:21:30
7.09,-6.33,90.8,643.8,-574.8,0,0,10:21:35
7.09,-6.34,90.7,643.1,-575,0,0,10:21:40
7.1,-6.34,90.7,644,-575,0,0,10:21:45
7.09,-6.33,90.8,643.8,-574.8,0,0,10:21:50
7.08,-6.33,90.8,642.9,-574.8,0,0,10:21:55
7.09,-6.33,90.8,643.8,-574.8,0,0,10:22:00
7.1,-6.35,90.8,644.7,-576.6,0,0,10:22:05
7.1,-6.34,90.8,644.7,-575.7,0,0,10:22:10
7.09,-6.34,90.8,643.8,-575.7,0,0,10:22:15
7.11,-6.35,90.8,645.6,-576.6,0,0,10:22:20
7.1,-6.34,90.8,644.7,-575.7,0,0,10:22:25
7.11,-6.36,90.9,646.3,-578.1,0,0,10:22:30
7.08,-6.33,90.9,643.6,-575.4,0,0,10:22:35
7.12,-6.37,90.8,646.5,-578.4,0,0,10:22:40
7.12,-6.37,90.9,647.2,-579,0,0,10:22:45
7.11,-6.36,90.9,646.3,-578.1,0,0,10:22:50
7.13,-6.38,90.9,648.1,-579.9,0,0,10:22:55
7.12,-6.36,90.9,647.2,-578.1,0,0,10:23:00
7.13,-6.38,90.9,648.1,-579.9,0,0,10:23:05
7.14,-6.38,90.9,649,-579.9,0,0,10:23:10
7.12,-6.37,90.9,647.2,-579,0,0,10:23:15
7.12,-6.37,90.9,647.2,-579,0,0,10:23:20
7.11,-6.36,90.9,646.3,-578.1,0,0,10:23:25
7.12,-6.37,90.9,647.2,-579,0,0,10:23:30
7.1,-6.35,90.9,645.4,-577.2,0,0,10:23:35
7.12,-6.37,90.9,647.2,-579,0,0,10:23:40
7.13,-6.37,90.9,648.1,-579,0,0,10:23:45
7.14,-6.38,90.9,649,-579.9,0,0,10:23:50
7.13,-6.37,90.9,648.1,-579,0,0,10:23:55
7.14,-6.38,90.9,649,-579.9,0,0,10:24:00
7.13,-6.38,90.9,648.1,-579.9,0,0,10:24:05
7.13,-6.38,90.9,648.1,-579.9,0,0,10:24:10
7.15,-6.38,90.9,649.9,-579.9,0,0,10:24:15
7.15,-6.39,90.9,649.9,-580.9,0,0,10:24:20
7.15,-6.39,90.9,649.9,-580.9,0,0,10:24:25
7.14,-6.38,90.9,649,-579.9,0,0,10:24:30
7.15,-6.39,90.9,649.9,-580.9,0,0,10:24:35
7.13,-6.37,90.9,648.1,-579,0,0,10:24:40
7.15,-6.39,90.9,649.9,-580.9,0,0,10:24:45
7.14,-6.39,90.9,649,-580.9,0,0,10:24:50
7.15,-6.39,90.9,649.9,-580.9,0,0,10:24:55
7.15,-6.39,90.9,649.9,-580.9,0,0,10:25:00
7.15,-6.4,90.9,649.9,-581.8,0,0,10:25:05
7.15,-6.39,90.9,649.9,-580.9,0,0,10:25:10
7.18,-6.41,90.9,652.7,-582.7,0,0,10:25:15
7.18,-6.43,90.9,652.7,-584.5,0,0,10:25:20
7.16,-6.39,90.9,650.8,-580.9,0,0,10:25:25
7.16,-6.4,90.9,650.8,-581.8,0,0,10:25:30
7.17,-6.41,90.9,651.8,-582.7,0,0,10:25:35
7.17,-6.41,90.9,651.8,-582.7,0,0,10:25:40
7.15,-6.39,90.9,649.9,-580.9,0,0,10:25:45
7.18,-6.42,90.9,652.7,-583.6,0,0,10:25:50
7.16,-6.4,91,651.6,-582.4,0,0,10:25:55
7.14,-6.39,90.9,649,-580.9,0,0,10:26:00
7.14,-6.39,90.9,649,-580.9,0,0,10:26:05
7.17,-6.42,90.9,651.8,-583.6,0,0,10:26:10
7.17,-6.42,91,652.5,-584.2,0,0,10:26:15
7.17,-6.4,91,652.5,-582.4,0,0,10:26:20
7.18,-6.42,90.9,652.7,-583.6,0,0,10:26:25
7.17,-6.42,91,652.5,-584.2,0,0,10:26:30
7.17,-6.42,91,652.5,-584.2,0,0,10:26:35
7.17,-6.41,91,652.5,-583.3,0,0,10:26:40
7.17,-6.41,91,652.5,-583.3,0,0,10:26:45
7.18,-6.43,91,653.4,-585.1,0,0,10:26:50
7.21,-6.46,91,656.1,-587.9,0,0,10:26:55
7.19,-6.44,91,654.3,-586,0,0,10:27:00
7.18,-6.43,91,653.4,-585.1,0,0,10:27:05
7.21,-6.46,91,656.1,-587.9,0,0,10:27:10
7.21,-6.45,91,656.1,-587,0,0,10:27:15
7.2,-6.45,91,655.2,-587,0,0,10:27:20
7.19,-6.43,91,654.3,-585.1,0,0,10:27:25
7.23,-6.46,91,657.9,-587.9,0,0,10:27:30
7.22,-6.46,91,657,-587.9,0,0,10:27:35
7.23,-6.46,90.9,657.2,-587.2,0,0,10:27:40
7.24,-6.46,91,658.8,-587.9,0,0,10:27:45
7.22,-6.46,91,657,-587.9,0,0,10:27:50
7.23,-6.46,91,657.9,-587.9,0,0,10:27:55
7.23,-6.47,91,657.9,-588.8,0,0,10:28:00
7.2,-6.45,91,655.2,-587,0,0,10:28:05
7.21,-6.45,91,656.1,-587,0,0,10:28:10
7.22,-6.46,91,657,-587.9,0,0,10:28:15
7.22,-6.46,91,657,-587.9,0,0,10:28:20
7.23,-6.47,91,657.9,-588.8,0,0,10:28:25
7.23,-6.47,91,657.9,-588.8,0,0,10:28:30
7.23,-6.46,91,657.9,-587.9,0,0,10:28:35
7.2,-6.44,91,655.2,-586,0,0,10:28:40
7.24,-6.47,91,658.8,-588.8,0,0,10:28:45
7.24,-6.47,91,658.8,-588.8,0,0,10:28:50
7.25,-6.48,91,659.8,-589.7,0,0,10:28:55
7.27,-6.49,91,661.6,-590.6,0,0,10:29:00
7.27,-6.5,91,661.6,-591.5,0,0,10:29:05
7.26,-6.49,91,660.7,-590.6,0,0,10:29:10
7.26,-6.49,91,660.7,-590.6,0,0,10:29:15
7.27,-6.5,91,661.6,-591.5,0,0,10:29:20
7.27,-6.49,91,661.6,-590.6,0,0,10:29:25
7.27,-6.51,91.1,662.3,-593.1,0,0,10:29:30
7.26,-6.5,91,660.7,-591.5,0,0,10:29:35
7.26,-6.49,91,660.7,-590.6,0,0,10:29:40
7.28,-6.51,91.1,663.2,-593.1,0,0,10:29:45
7.28,-6.51,91.1,663.2,-593.1,0,0,10:29:50
7.28,-6.5,91.1,663.2,-592.2,0,0,10:29:55
7.28,-6.51,91.1,663.2,-593.1,0,0,10:30:00
7.29,-6.51,91.1,664.1,-593.1,0,0,10:30:05
7.28,-6.51,91.2,663.9,-593.7,0,0,10:30:10
7.3,-6.52,91.2,665.8,-594.6,0,0,10:30:15
7.29,-6.52,91.1,664.1,-594,0,0,10:30:20
7.31,-6.54,91.2,666.7,-596.4,0,0,10:30:25
7.29,-6.52,91.2,664.8,-594.6,0,0,10:30:30
7.32,-6.54,91.1,666.9,-595.8,0,0,10:30:35
7.3,-6.52,91.1,665,-594,0,0,10:30:40
7.31,-6.54,91.2,666.7,-596.4,0,0,10:30:45
7.31,-6.54,91.1,665.9,-595.8,0,0,10:30:50
7.32,-6.54,91.2,667.6,-596.4,0,0,10:30:55
7.32,-6.54,91.2,667.6,-596.4,0,0,10:31:00
7.34,-6.59,91.2,669.4,-601,0,0,10:31:05
7.34,-6.57,91.2,669.4,-599.2,0,0,10:31:10
7.34,-6.57,91.2,669.4,-599.2,0,0,10:31:15
7.34,-6.58,91.2,669.4,-600.1,0,0,10:31:20
7.33,-6.56,91.2,668.5,-598.3,0,0,10:31:25
7.32,-6.55,91.2,667.6,-597.4,0,0,10:31:30
7.35,-6.58,91.2,670.3,-600.1,0,0,10:31:35
7.35,-6.57,91.2,670.3,-599.2,0,0,10:31:40
7.36,-6.59,91.2,671.2,-601,0,0,10:31:45
7.35,-6.58,91.2,670.3,-600.1,0,0,10:31:50
7.35,-6.58,91.2,670.3,-600.1,0,0,10:31:55
7.38,-6.61,91.2,673.1,-602.8,0,0,10:32:00
7.36,-6.59,91.2,671.2,-601,0,0,10:32:05
7.36,-6.6,91.2,671.2,-601.9,0,0,10:32:10
7.36,-6.59,91.2,671.2,-601,0,0,10:32:15
7.37,-6.6,91.2,672.1,-601.9,0,0,10:32:20
7.36,-6.6,91.2,671.2,-601.9,0,0,10:32:25
7.37,-6.61,91.2,672.1,-602.8,0,0,10:32:30
7.37,-6.6,91.2,672.1,-601.9,0,0,10:32:35
7.38,-6.6,91.2,673.1,-601.9,0,0,10:32:40
7.39,-6.62,91.2,674,-603.7,0,0,10:32:45
7.39,-6.62,91.2,674,-603.7,0,0,10:32:50
7.39,-6.62,91.2,674,-603.7,0,0,10:32:55
7.39,-6.62,91.2,674,-603.7,0,0,10:33:00
7.4,-6.62,91.2,674.9,-603.7,0,0,10:33:05
7.39,-6.62,91.2,674,-603.7,0,0,10:33:10
7.39,-6.63,91.3,674.7,-605.3,0,0,10:33:15
7.41,-6.64,91.2,675.8,-605.6,0,0,10:33:20
7.41,-6.64,91.3,676.5,-606.2,0,0,10:33:25
7.4,-6.63,91.3,675.6,-605.3,0,0,10:33:30
7.41,-6.64,91.3,676.5,-606.2,0,0,10:33:35
7.43,-6.66,91.3,678.4,-608.1,0,0,10:33:40
7.43,-6.65,91.3,678.4,-607.1,0,0,10:33:45
7.43,-6.65,91.3,678.4,-607.1,0,0,10:33:50
7.44,-6.66,91.2,678.5,-607.4,0,0,10:33:55
7.44,-6.67,91.3,679.3,-609,0,0,10:34:00
7.44,-6.66,91.3,679.3,-608.1,0,0,10:34:05
7.44,-6.65,91.3,679.3,-607.1,0,0,10:34:10
7.44,-6.66,91.3,679.3,-608.1,0,0,10:34:15
7.44,-6.66,91.3,679.3,-608.1,0,0,10:34:20
7.45,-6.66,91.3,680.2,-608.1,0,0,10:34:25
7.45,-6.67,91.3,680.2,-609,0,0,10:34:30
7.44,-6.66,91.3,679.3,-608.1,0,0,10:34:35
7.43,-6.65,91.3,678.4,-607.1,0,0,10:34:40
7.45,-6.68,91.3,680.2,-609.9,0,0,10:34:45
7.44,-6.66,91.3,679.3,-608.1,0,0,10:34:50
7.46,-6.68,91.3,681.1,-609.9,0,0,10:34:55
7.46,-6.67,91.3,681.1,-609,0,0,10:35:00
7.47,-6.69,91.3,682,-610.8,0,0,10:35:05
7.47,-6.68,91.3,682,-609.9,0,0,10:35:10
7.45,-6.67,91.3,680.2,-609,0,0,10:35:15
7.47,-6.69,91.3,682,-610.8,0,0,10:35:20
7.47,-6.69,91.3,682,-610.8,0,0,10:35:25
7.48,-6.7,91.3,682.9,-611.7,0,0,10:35:30
7.47,-6.7,91.3,682,-611.7,0,0,10:35:35
7.47,-6.7,91.3,682,-611.7,0,0,10:35:40
7.46,-6.69,91.3,681.1,-610.8,0,0,10:35:45
7.49,-6.72,91.3,683.8,-613.5,0,0,10:35:50
7.49,-6.72,91.3,683.8,-613.5,0,0,10:35:55
7.5,-6.72,91.3,684.8,-613.5,0,0,10:36:00
7.5,-6.72,91.3,684.8,-613.5,0,0,10:36:05
7.46,-6.69,91.3,681.1,-610.8,0,0,10:36:10
7.49,-6.72,91.3,683.8,-613.5,0,0,10:36:15
7.49,-6.72,91.3,683.8,-613.5,0,0,10:36:20
7.52,-6.74,91.3,686.6,-615.4,0,0,10:36:25
7.51,-6.74,91.3,685.7,-615.4,0,0,10:36:30
7.5,-6.73,91.3,684.8,-614.4,0,0,10:36:35
7.51,-6.74,91.3,685.7,-615.4,0,0,10:36:40
7.5,-6.73,91.4,685.5,-615.1,0,0,10:36:45
7.51,-6.73,91.4,686.4,-615.1,0,0,10:36:50
7.52,-6.74,91.4,687.3,-616,0,0,10:36:55
7.52,-6.74,91.4,687.3,-616,0,0,10:37:00
7.53,-6.75,91.4,688.2,-617,0,0,10:37:05
7.51,-6.73,91.4,686.4,-615.1,0,0,10:37:10
7.52,-6.75,91.4,687.3,-617,0,0,10:37:15
7.51,-6.74,91.4,686.4,-616,0,0,10:37:20
7.54,-6.75,91.5,689.9,-617.6,0,0,10:37:25
7.54,-6.76,91.5,689.9,-618.5,0,0,10:37:30
7.48,-6.71,91.4,683.7,-613.3,0,0,10:37:35
7.54,-6.76,91.5,689.9,-618.5,0,0,10:37:40
7.54,-6.77,91.5,689.9,-619.5,0,0,10:37:45
7.54,-6.75,91.4,689.2,-617,0,0,10:37:50
7.54,-6.75,91.5,689.9,-617.6,0,0,10:37:55
7.55,-6.77,91.5,690.8,-619.5,0,0,10:38:00
7.54,-6.75,91.5,689.9,-617.6,0,0,10:38:05
7.54,-6.77,91.5,689.9,-619.5,0,0,10:38:10
7.54,-6.76,91.5,689.9,-618.5,0,0,10:38:15
7.53,-6.75,91.5,689,-617.6,0,0,10:38:20
7.54,-6.76,91.5,689.9,-618.5,0,0,10:38:25
7.55,-6.77,91.5,690.8,-619.5,0,0,10:38:30
7.54,-6.76,91.5,689.9,-618.5,0,0,10:38:35
7.55,-6.77,91.5,690.8,-619.5,0,0,10:38:40
7.56,-6.78,91.5,691.7,-620.4,0,0,10:38:45
7.56,-6.78,91.4,691,-619.7,0,0,10:38:50
7.55,-6.78,91.5,690.8,-620.4,0,0,10:38:55
7.25,-6.48,91.5,663.4,-592.9,0,0,10:39:00
6.52,-5.81,91.3,595.3,-530.5,0,0,10:39:05
6.65,-5.93,91.3,607.1,-541.4,0,0,10:39:10
6.69,-5.97,91.3,610.8,-545.1,0,0,10:39:15
7.4,-6.64,91.5,677.1,-607.6,0,0,10:39:20
6.8,-6.07,91.4,621.5,-554.8,0,0,10:39:25
7.08,-6.34,91.4,647.1,-579.5,0,0,10:39:30
7.08,-6.33,91.4,647.1,-578.6,0,0,10:39:35
6.51,-5.81,91.3,594.4,-530.5,0,0,10:39:40
6.8,-6.08,91.4,621.5,-555.7,0,0,10:39:45
6.7,-5.99,91.3,611.7,-546.9,0,0,10:39:50
6.65,-5.93,91.3,607.1,-541.4,0,0,10:39:55
6.77,-6.05,91.4,618.8,-553,0,0,10:40:00
7.16,-6.41,91.5,655.1,-586.5,0,0,10:40:05
7.5,-6.73,91.5,686.3,-615.8,0,0,10:40:10
7.55,-6.77,91.5,690.8,-619.5,0,0,10:40:15
7.49,-6.68,91.5,685.3,-611.2,0,0,10:40:20
7.57,-6.79,91.5,692.7,-621.3,0,0,10:40:25
7.55,-6.77,91.5,690.8,-619.5,0,0,10:40:30
7.48,-6.71,91.5,684.4,-614,0,0,10:40:35
7.51,-6.73,91.5,687.2,-615.8,0,0,10:40:40
7.52,-6.74,91.5,688.1,-616.7,0,0,10:40:45
7.6,-6.81,91.5,695.4,-623.1,0,0,10:40:50
7.62,-6.83,91.6,698,-625.6,0,0,10:40:55
7.61,-6.81,91.5,696.3,-623.1,0,0,10:41:00
7.61,-6.83,91.6,697.1,-625.6,0,0,10:41:05
7.62,-6.83,91.6,698,-625.6,0,0,10:41:10
7.59,-6.81,91.6,695.2,-623.8,0,0,10:41:15
7.63,-6.84,91.6,698.9,-626.5,0,0,10:41:20
7.61,-6.82,91.6,697.1,-624.7,0,0,10:41:25
7.63,-6.84,91.6,698.9,-626.5,0,0,10:41:30
7.62,-6.57,91.5,697.2,-601.2,0,0,10:41:35
7.6,-6.81,91.6,696.2,-623.8,0,0,10:41:40
7.62,-6.83,91.6,698,-625.6,0,0,10:41:45
7.63,-6.67,91.5,698.1,-610.3,0,0,10:41:50
7.64,-6.87,91.6,699.8,-629.3,0,0,10:41:55
7.63,-6.84,91.6,698.9,-626.5,0,0,10:42:00
7.64,-6.86,91.6,699.8,-628.4,0,0,10:42:05
7.64,-6.85,91.6,699.8,-627.5,0,0,10:42:10
7.64,-6.85,91.6,699.8,-627.5,0,0,10:42:15
7.62,-6.56,91.5,697.2,-600.2,0,0,10:42:20
7.66,-6.84,91.6,701.7,-626.5,0,0,10:42:25
7.66,-6.84,91.6,701.7,-626.5,0,0,10:42:30
7.66,-6.84,91.6,701.7,-626.5,0,0,10:42:35
7.71,-6.9,91.6,706.2,-632,0,0,10:42:40
7.7,-6.89,91.6,705.3,-631.1,0,0,10:42:45
7.71,-6.9,91.6,706.2,-632,0,0,10:42:50
7.7,-6.89,91.6,705.3,-631.1,0,0,10:42:55
7.7,-6.9,91.6,705.3,-632,0,0,10:43:00
7.7,-6.9,91.6,705.3,-632,0,0,10:43:05
7.73,-6.91,91.6,708.1,-633,0,0,10:43:10
7.72,-6.91,91.6,707.2,-633,0,0,10:43:15
7.73,-6.92,91.6,708.1,-633.9,0,0,10:43:20
7.72,-6.91,91.6,707.2,-633,0,0,10:43:25
7.73,-6.91,91.6,708.1,-633,0,0,10:43:30
7.72,-6.9,91.7,707.9,-632.7,0,0,10:43:35
7.73,-6.51,91.7,708.8,-597,0,0,10:43:40
7.72,-6.91,91.7,707.9,-633.6,0,0,10:43:45
7.73,-6.92,91.6,708.1,-633.9,0,0,10:43:50
7.73,-6.92,91.7,708.8,-634.6,0,0,10:43:55
7.75,-5.81,91.5,709.1,-531.6,0,0,10:44:00
7.98,-2.09,91,726.2,-190.2,0,5,10:44:05
8.04,0.58,90.5,727.6,52.5,0,16,10:44:10
8.42,-0.8,90.7,763.7,-72.6,0,19,10:44:15
8.12,-6.95,91.5,743,-635.9,0,22,10:44:20
8.01,-10.81,92.2,738.5,-996.7,0,20,10:44:25
8.04,-7.2,91.7,737.3,-660.2,0,3,10:44:30
8.31,1.32,90.4,751.2,119.3,0,9,10:44:35
8.53,5.4,89.6,764.3,483.8,0,21,10:44:40
8.48,11.13,88.7,752.2,987.2,0,33,10:44:45
8.5,11.14,88.6,753.1,987,0,42,10:44:50
8.43,6.76,89.2,752,603,0,47,10:44:55
8.44,6.79,89.2,752.8,605.7,0,52,10:45:00
8.42,6.79,89.2,751.1,605.7,0,56,10:45:05
8.43,6.95,89.2,752,619.9,0,59,10:45:10
8.45,6.72,89.2,753.7,599.4,0,62,10:45:15
8.37,6.81,89,744.9,606.1,0,65,10:45:20
8.35,5.69,89.3,745.7,508.1,0,67,10:45:25
8.45,4.54,89.4,755.4,405.9,0,68,10:45:30
8.77,3.85,89.5,784.9,344.6,0,68,10:45:35
8.6,3.52,89.6,770.6,315.4,0,69,10:45:40
8.62,3.68,89.6,772.4,329.7,0,69,10:45:45
8.74,4.1,89.5,782.2,367,0,68,10:45:50
8.83,4.44,89.4,789.4,396.9,0,68,10:45:55
8.82,4.62,89.4,788.5,413,0,68,10:46:00
8.75,4.79,89.4,782.3,428.2,0,68,10:46:05
8.8,4.7,89.4,786.7,420.2,0,68,10:46:10
8.81,5.01,89.3,786.7,447.4,0,67,10:46:15
8.86,6.23,89.1,789.4,555.1,0,67,10:46:20
8.74,5.11,89.3,780.5,456.3,0,67,10:46:25
8.72,5.36,89.2,777.8,478.1,0,67,10:46:30
8.72,4.07,89.5,780.4,364.3,0,68,10:46:35
8.69,2.82,89.6,778.6,252.7,0,69,10:46:40
8.62,1.47,89.9,774.9,132.2,0,70,10:46:45
8.7,1.35,89.9,782.1,121.4,0,70,10:46:50
8.71,2.37,89.8,782.2,212.8,0,69,10:46:55
8.73,3.06,89.6,782.2,274.2,0,69,10:47:00
8.76,3.06,89.6,784.9,274.2,0,69,10:47:05
8.75,3.32,89.6,784,297.5,0,69,10:47:10
8.74,3.1,89.6,783.1,277.8,0,69,10:47:15
8.77,2.93,89.7,786.7,262.8,0,69,10:47:20
8.75,2.76,89.7,784.9,247.6,0,69,10:47:25
8.8,2.93,89.7,789.4,262.8,0,69,10:47:30
8.89,3.4,89.6,796.5,304.6,0,69,10:47:35
8.89,4.79,89.3,793.9,427.7,0,68,10:47:40
8.95,4.78,89.3,799.2,426.9,0,68,10:47:45
8.88,5.19,89.3,793,463.5,0,67,10:47:50
8.91,5.28,89.2,794.8,471,0,67,10:47:55
8.84,3.84,89.5,791.2,343.7,0,68,10:48:00
8.79,2.72,89.6,787.6,243.7,0,69,10:48:05
8.77,1.76,89.8,787.5,158,0,70,10:48:10
8.85,2.72,89.7,793.8,244,0,69,10:48:15
8.96,4.51,89.3,800.1,402.7,0,68,10:48:20
9.09,6.35,89,809,565.2,0,66,10:48:25
8.95,6.38,88.9,795.7,567.2,0,66,10:48:30
8.95,5.06,89.2,798.3,451.4,0,66,10:48:35
8.87,4.91,89.2,791.2,438,0,68,10:48:40
8.89,3.36,89.4,794.8,300.4,0,69,10:48:45
8.97,1.68,89.8,805.5,150.9,0,69,10:48:50
8.93,1.7,89.7,801,152.5,0,70,10:48:55
9.02,1.78,89.8,810,159.8,0,70,10:49:00
9.16,2.05,89.7,821.7,183.9,0,69,10:49:05
9.21,2.5,89.7,826.1,224.3,0,69,10:49:10
9.2,2.32,89.7,825.2,208.1,0,69,10:49:15
9.07,1.14,89.8,814.5,102.4,0,70,10:49:20
9.04,0.57,89.9,812.7,51.2,0,71,10:49:25
9.11,0.03,90.1,820.8,2.7,0,70,10:49:30
9.21,1.58,89.8,827.1,141.9,0,70,10:49:35
9.24,2.84,89.6,827.9,254.5,0,69,10:49:40
9.12,2.4,89.7,818.1,215.3,0,69,10:49:45
8.99,0.7,90,809.1,63,0,70,10:49:50
8.92,-0.49,90.2,804.6,-44.2,0,71,10:49:55
8.9,-2.74,90.6,806.3,-248.2,0,72,10:50:00
8.83,-2.91,90.6,800,-263.6,0,73,10:50:05
8.83,-1.99,90.6,800,-180.3,0,73,10:50:10
8.96,-1.68,90.4,810,-151.9,0,72,10:50:15
8.94,-0.5,90.2,806.4,-45.1,0,71,10:50:20
8.9,-0.69,90.3,803.7,-62.3,0,71,10:50:25
8.93,-0.4,90.3,806.4,-36.1,0,71,10:50:30
8.95,-0.01,90.2,807.3,-0.9,0,71,10:50:35
8.89,-0.93,90.3,802.8,-84,0,71,10:50:40
8.88,-0.61,90.2,801,-55,0,71,10:50:45
8.95,-0.8,90.3,808.2,-72.2,0,71,10:50:50
8.91,-0.85,90.3,804.6,-76.8,0,71,10:50:55
8.96,-0.07,90.2,808.2,-6.3,0,71,10:51:00
8.96,0.1,90.1,807.3,9,0,71,10:51:05
9.04,0.65,90.1,814.5,58.6,0,70,10:51:10
9,0.67,90.1,810.9,60.4,0,70,10:51:15
8.94,0.07,90.1,805.5,6.3,0,71,10:51:20
8.92,0,90.2,804.6,0,0,71,10:51:25
8.88,-0.88,90.3,801.9,-79.5,0,72,10:51:30
8.83,-2.43,90.6,800,-220.2,0,72,10:51:35
8.89,-2.17,90.5,804.5,-196.4,0,72,10:51:40
8.89,-2.34,90.5,804.5,-211.8,0,72,10:51:45
8.91,-1.17,90.4,805.5,-105.8,0,72,10:51:50
8.9,-1.32,90.4,804.6,-119.3,0,72,10:51:55
8.91,-1.48,90.4,805.5,-133.8,0,72,10:52:00
8.89,-1.28,90.4,803.7,-115.7,0,72,10:52:05
8.83,-2.31,90.5,799.1,-209.1,0,72,10:52:10
8.75,-4.02,90.8,794.5,-365,0,73,10:52:15
9.04,-2.74,90.7,819.9,-248.5,0,72,10:52:20
8.97,-1.08,90.4,810.9,-97.6,0,71,10:52:25
8.97,-0.89,90.4,810.9,-80.5,0,71,10:52:30
8.98,-0.98,90.4,811.8,-88.6,0,71,10:52:35
9.05,-1.58,90.5,819,-143,0,71,10:52:40
9.06,1.98,89.9,814.5,178,0,70,10:52:45
9.08,2.14,89.8,815.4,192.2,0,70,10:52:50
9.05,1.5,89.9,813.6,134.9,0,70,10:52:55
9.02,1.19,90,811.8,107.1,0,70,10:53:00
9.02,0.4,90.1,812.7,36,0,71,10:53:05
9.11,0.2,90.1,820.8,18,0,71,10:53:10
9.19,0.23,90.1,828,20.7,0,71,10:53:15
8.9,-0.02,90.2,802.8,-1.8,0,71,10:53:20
8.65,1.21,90,778.5,108.9,0,70,10:53:25
8.77,0.84,90.1,790.2,75.7,0,70,10:53:30
8.9,0.27,90.1,801.9,24.3,0,70,10:53:35
8.92,1.02,90,802.8,91.8,0,70,10:53:40
8.79,0.94,90,791.1,84.6,0,71,10:53:45
8.95,-1.57,90.4,809.1,-141.9,0,72,10:53:50
8.53,-4.45,90.9,775.4,-404.5,0,73,10:53:55
8.79,-4.24,90.9,799,-385.4,0,73,10:54:00
9.06,-1.54,90.5,819.9,-139.4,0,72,10:54:05
8.92,0.54,90.1,803.7,48.7,0,71,10:54:10
8.76,-0.33,90.3,791,-29.8,0,71,10:54:15
8.7,-0.85,90.4,786.5,-76.8,0,72,10:54:20
8.71,-2.61,90.6,789.1,-236.5,0,72,10:54:25
8.71,-4.25,90.8,790.9,-385.9,0,73,10:54:30
8.73,-4.38,90.9,793.6,-398.1,0,74,10:54:35
8.75,-4.77,90.9,795.4,-433.6,0,74,10:54:40
8.78,-5.11,91,799,-465,0,74,10:54:45
8.7,-4.98,91.1,792.6,-453.7,0,74,10:54:50
8.75,-4.58,91,796.3,-416.8,0,74,10:54:55
8.76,-3.86,90.9,796.3,-350.9,0,73,10:55:00
8.85,-3.2,90.8,803.6,-290.6,0,73,10:55:05
8.84,-1.86,90.6,800.9,-168.5,0,72,10:55:10
8.89,-1.43,90.5,804.5,-129.4,0,72,10:55:15
8.88,-1.31,90.5,803.6,-118.6,0,72,10:55:20
8.89,-1.36,90.5,804.5,-123.1,0,72,10:55:25
8.99,-1.77,90.6,814.5,-160.4,0,72,10:55:30
8.91,-0.78,90.4,805.5,-70.5,0,71,10:55:35
8.97,0.49,90.3,810,44.2,0,71,10:55:40
8.98,0.27,90.2,810,24.4,0,71,10:55:45
9,-0.38,90.3,812.7,-34.3,0,71,10:55:50
9.03,-0.32,90.3,815.4,-28.9,0,71,10:55:55
8.98,-0.25,90.3,810.9,-22.6,0,71,10:56:00
8.98,-0.2,90.3,810.9,-18.1,0,71,10:56:05
8.93,-0.65,90.3,806.4,-58.7,0,71,10:56:10
8.85,-1.09,90.4,800,-98.5,0,71,10:56:15
8.97,-0.86,90.4,810.9,-77.7,0,71,10:56:20
9.01,0.43,90.2,812.7,38.8,0,71,10:56:25
9.11,0.61,90.2,821.7,55,0,70,10:56:30
9.03,0,90.2,814.5,0,0,71,10:56:35
8.94,-2.03,90.6,810,-183.9,0,72,10:56:40
8.82,-4.99,90.9,801.7,-453.6,0,74,10:56:45
8.89,-5.48,91.1,809.9,-499.2,0,74,10:56:50
9.11,-3.62,90.9,828.1,-329.1,0,73,10:56:55
9.16,-2.22,90.7,830.8,-201.4,0,72,10:57:00
9.16,-0.8,90.4,828.1,-72.3,0,72,10:57:05
9.16,-0.32,90.3,827.1,-28.9,0,71,10:57:10
9.16,-0.69,90.4,828.1,-62.4,0,71,10:57:15
9.15,-1,90.5,828.1,-90.5,0,71,10:57:20
9.16,-1.35,90.5,829,-122.2,0,72,10:57:25
9.2,-1.31,90.5,832.6,-118.6,0,71,10:57:30
9.19,-0.26,90.4,830.8,-23.5,0,71,10:57:35
9.23,0.02,90.3,833.5,1.8,0,71,10:57:40
9.25,-0.2,90.3,835.3,-18.1,0,71,10:57:45
9.21,0.91,90.1,829.8,82,0,70,10:57:50
9.27,0.95,90.1,835.2,85.6,0,70,10:57:55
9.27,0.47,90.2,836.2,42.4,0,70,10:58:00
9.27,0.54,90.2,836.2,48.7,0,70,10:58:05
9.25,0.79,90.1,833.4,71.2,0,70,10:58:10
9.26,0.86,90.1,834.3,77.5,0,70,10:58:15
9.25,0.38,90.2,834.4,34.3,0,70,10:58:20
9.2,-0.08,90.2,829.8,-7.2,0,71,10:58:25
9.14,-1.39,90.4,826.3,-125.7,0,71,10:58:30
9.09,-1.94,90.5,822.6,-175.6,0,72,10:58:35
9.06,-4,90.9,823.6,-363.6,0,73,10:58:40
9.04,-4.24,90.9,821.7,-385.4,0,73,10:58:45
9.05,-4.72,91,823.6,-429.5,0,73,10:58:50
9.04,-4.74,91.1,823.5,-431.8,0,73,10:58:55
9.25,-2.27,90.7,839,-205.9,0,72,10:59:00
9.35,2.14,89.9,840.6,192.4,0,70,10:59:05
9.3,2.55,89.9,836.1,229.2,0,69,10:59:10
9.28,2.06,89.9,834.3,185.2,0,70,10:59:15
9.21,0.69,90.2,830.7,62.2,0,70,10:59:20
9.22,0.38,90.2,831.6,34.3,0,71,10:59:25
9.22,-0.38,90.3,832.6,-34.3,0,71,10:59:30
9.23,0.26,90.2,832.5,23.5,0,71,10:59:35
9.21,-0.14,90.3,831.7,-12.6,0,71,10:59:40
9.22,0.54,90.2,831.6,48.7,0,71,10:59:45
9.22,-0.14,90.3,832.6,-12.6,0,71,10:59:50
9.22,0.4,90.2,831.6,36.1,0,71,10:59:55
9.21,-0.62,90.3,831.7,-56,0,71,11:00:00
9.19,-0.27,90.4,830.8,-24.4,0,71,11:00:05
9.25,0.04,90.2,834.4,3.6,0,71,11:00:10
9.27,0.43,90.2,836.2,38.8,0,70,11:00:15
9.29,0.73,90.1,837,65.8,0,70,11:00:20
9.26,0.93,90.1,834.3,83.8,0,70,11:00:25
9.26,1.16,90,833.4,104.4,0,70,11:00:30
9.25,1.42,90.1,833.4,127.9,0,70,11:00:35
9.27,0.97,90.1,835.2,87.4,0,70,11:00:40
9.28,1.17,90.1,836.1,105.4,0,70,11:00:45
9.33,0.61,90.1,840.6,55,0,70,11:00:50
9.36,0.03,90.2,844.3,2.7,0,71,11:00:55
9.55,1.31,90,859.5,117.9,0,70,11:01:00
9.51,1.89,89.9,854.9,169.9,0,69,11:01:05
9.52,1.32,90,856.8,118.8,0,70,11:01:10
9.47,0.2,90.2,854.2,18,0,70,11:01:15
9.53,1.78,89.9,856.7,160,0,69,11:01:20
9.54,2.83,89.7,855.7,253.9,0,69,11:01:25
9.48,1.78,89.9,852.3,160,0,70,11:01:30
9.45,0.48,90.1,851.4,43.2,0,71,11:01:35
9.38,0.19,90.3,847,17.2,0,71,11:01:40
9.44,0.2,90.2,851.5,18,0,71,11:01:45
9.66,1.13,90,869.4,101.7,0,70,11:01:50
9.81,3.81,89.5,878,341,0,68,11:01:55
9.27,5.71,89.1,826,508.8,0,66,11:02:00
9.33,6.3,89.1,831.3,561.3,0,64,11:02:05
8.99,6.77,89,800.1,602.5,0,62,11:02:10
8.68,6.73,88.9,771.7,598.3,0,63,11:02:15
7.75,7.51,88.9,689,667.6,0,63,11:02:20
7.65,7.08,88.8,679.3,628.7,0,67,11:02:25
7.06,2.72,89.6,632.6,243.7,0,70,11:02:30
6.74,-2.29,90.4,609.3,-207,0,73,11:02:35
6.36,-6.01,91,578.8,-546.9,0,75,11:02:40
6.64,-7.99,91.3,606.2,-729.5,0,76,11:02:45
7.22,-8.93,91.6,661.4,-818,0,77,11:02:50
7.97,-10.53,91.9,732.4,-967.7,0,77,11:02:55
8.11,-11.16,92,746.1,-1026.7,0,78,11:03:00
8.24,-10.25,91.9,757.3,-942,0,77,11:03:05
8.3,-7.28,91.4,758.6,-665.4,0,75,11:03:10
8.38,-4.45,91,762.6,-405,0,74,11:03:15
8.31,-3.87,91,756.2,-352.2,0,73,11:03:20
8.3,-3.56,90.9,754.5,-323.6,0,73,11:03:25
8.45,-3.92,91,769,-356.7,0,73,11:03:30
8.47,-2.14,90.7,768.2,-194.1,0,72,11:03:35
8.65,-1.03,90.6,783.7,-93.3,0,72,11:03:40
8.58,-1.51,90.6,777.3,-136.8,0,72,11:03:45
8.69,-1.35,90.5,786.4,-122.2,0,72,11:03:50
8.53,-2.17,90.7,773.7,-196.8,0,72,11:03:55
8.71,-1.04,90.5,788.3,-94.1,0,72,11:04:00
8.69,0.77,90.2,783.8,69.5,0,71,11:04:05
8.66,1.55,90.1,780.3,139.7,0,70,11:04:10
8.51,-0.47,90.4,769.3,-42.5,0,71,11:04:15
8.44,-2.71,90.7,765.5,-245.8,0,73,11:04:20
8.52,-3.96,91,775.3,-360.4,0,74,11:04:25
8.66,-4.11,91,788.1,-374,0,73,11:04:30
8.68,-3.47,90.8,788.1,-315.1,0,73,11:04:35
8.65,-2.96,90.8,785.4,-268.8,0,73,11:04:40
8.59,-2.87,90.8,780,-260.6,0,73,11:04:45
8.64,-3.74,90.9,785.4,-340,0,73,11:04:50
8.65,-3.71,90.9,786.3,-337.2,0,73,11:04:55
8.58,-3.04,90.9,779.9,-276.3,0,73,11:05:00
8.7,-3.39,90.9,790.8,-308.2,0,73,11:05:05
8.65,-3.08,90.9,786.3,-280,0,73,11:05:10
8.56,-3.13,90.9,778.1,-284.5,0,73,11:05:15
8.54,-3.5,90.9,776.3,-318.2,0,73,11:05:20
8.57,-3.21,90.9,779,-291.8,0,73,11:05:25
8.62,-3.31,90.9,783.6,-300.9,0,73,11:05:30
8.7,-3.14,90.9,790.8,-285.4,0,73,11:05:35
8.69,-1.91,90.7,788.2,-173.2,0,72,11:05:40
8.53,-1.27,90.6,772.8,-115.1,0,72,11:05:45
8.8,-0.78,90.5,796.4,-70.6,0,72,11:05:50
8.65,-1.24,90.6,783.7,-112.3,0,72,11:05:55
8.67,-1.46,90.6,785.5,-132.3,0,72,11:06:00
8.7,-1.59,90.7,789.1,-144.2,0,72,11:06:05
8.71,-1.28,90.6,789.1,-116,0,72,11:06:10
8.74,-0.25,90.4,790.1,-22.6,0,71,11:06:15
8.73,0.12,90.3,788.3,10.8,0,71,11:06:20
8.69,0.22,90.4,785.6,19.9,0,71,11:06:25
8.41,1.18,90.1,757.7,106.3,0,71,11:06:30
8.49,-0.06,90.4,767.5,-5.4,0,71,11:06:35
8.61,0.77,90.2,776.6,69.5,0,71,11:06:40
8.82,0.07,90.3,796.4,6.3,0,71,11:06:45
8.78,-0.3,90.4,793.7,-27.1,0,71,11:06:50
8.83,0.31,90.3,797.3,28,0,71,11:06:55
8.92,0.26,90.3,805.5,23.5,0,71,11:07:00
8.92,-0.28,90.4,806.4,-25.3,0,71,11:07:05
8.93,-0.22,90.4,807.3,-19.9,0,71,11:07:10
8.87,0.15,90.3,801,13.5,0,71,11:07:15
8.94,-0.31,90.4,808.2,-28,0,71,11:07:20
8.86,-0.01,90.4,800.9,-0.9,0,71,11:07:25
8.94,-0.08,90.3,807.3,-7.2,0,71,11:07:30
8.91,0.86,90.1,802.8,77.5,0,71,11:07:35
8.89,-0.09,90.3,802.8,-8.1,0,71,11:07:40
8.95,0.45,90.3,808.2,40.6,0,71,11:07:45
8.9,-0.07,90.3,803.7,-6.3,0,71,11:07:50
8.98,-0.74,90.4,811.8,-66.9,0,71,11:07:55
8.92,-1.06,90.5,807.3,-95.9,0,72,11:08:00
9.06,-0.88,90.5,819.9,-79.6,0,71,11:08:05
9.15,-0.43,90.3,826.2,-38.8,0,71,11:08:10
9.09,-0.52,90.4,821.7,-47,0,71,11:08:15
9.16,0.05,90.3,827.1,4.5,0,71,11:08:20
9.27,-0.32,90.3,837.1,-28.9,0,71,11:08:25
9.19,-0.43,90.3,829.9,-38.8,0,71,11:08:30
9.19,0.19,90.3,829.9,17.2,0,71,11:08:35
9.2,0.09,90.3,830.8,8.1,0,71,11:08:40
9.23,-0.27,90.4,834.4,-24.4,0,71,11:08:45
9.24,-0.3,90.3,834.4,-27.1,0,71,11:08:50
9.16,-0.35,90.3,827.1,-31.6,0,71,11:08:55
8.92,-0.32,90.4,806.4,-28.9,0,71,11:09:00
8.95,-0.68,90.4,809.1,-61.5,0,72,11:09:05
9.15,-1.88,90.7,829.9,-170.5,0,72,11:09:10
9.12,-1.83,90.6,826.3,-165.8,0,72,11:09:15
9.24,-1.11,90.5,836.2,-100.5,0,72,11:09:20
9.28,-0.14,90.3,838,-12.6,0,71,11:09:25
9.35,0.57,90.2,843.4,51.4,0,70,11:09:30
9.14,0.33,90.3,825.3,29.8,0,71,11:09:35
9.14,-1.77,90.6,828.1,-160.4,0,72,11:09:40
9.12,-3.05,90.8,828.1,-276.9,0,73,11:09:45
9.12,-3.45,90.9,829,-313.6,0,73,11:09:50
9.21,-2.4,90.7,835.3,-217.7,0,72,11:09:55
9.25,-0.84,90.5,837.1,-76,0,71,11:10:00
9.26,1.15,90.2,835.3,103.7,0,70,11:10:05
9.42,1.67,90.1,848.7,150.5,0,70,11:10:10
9.46,1.68,90,851.4,151.2,0,70,11:10:15
9.45,1.52,90.1,851.4,137,0,70,11:10:20
9.44,1.03,90.1,850.5,92.8,0,70,11:10:25
9.34,1.2,90.2,842.5,108.2,0,70,11:10:30
9.35,-0.37,90.3,844.3,-33.4,0,71,11:10:35
9.3,-1.31,90.5,841.7,-118.6,0,72,11:10:40
9.28,-2.68,90.7,841.7,-243.1,0,72,11:10:45
9.26,-3.65,90.9,841.7,-331.8,0,73,11:10:50
9.25,-4.81,91.1,842.7,-438.2,0,74,11:10:55
9.28,-5.59,91.2,846.3,-509.8,0,74,11:11:00
9.35,-5.59,91.2,852.7,-509.8,0,74,11:11:05
9.39,-4.35,91,854.5,-395.9,0,73,11:11:10
9.49,-2.53,90.8,861.7,-229.7,0,72,11:11:15
9.11,-1.2,90.6,825.4,-108.7,0,72,11:11:20
9.11,-0.37,90.4,823.5,-33.4,0,71,11:11:25
9.04,-0.56,90.4,817.2,-50.6,0,71,11:11:30
9.01,0.29,90.4,814.5,26.2,0,71,11:11:35
9.17,0.55,90.3,828.1,49.7,0,71,11:11:40
9.22,0.08,90.3,832.6,7.2,0,71,11:11:45
9.22,-0.75,90.5,834.4,-67.9,0,71,11:11:50
9.2,0.19,90.5,832.6,17.2,0,71,11:11:55
9.24,-0.05,90.3,834.4,-4.5,0,71,11:12:00
9.17,-0.2,90.4,829,-18.1,0,71,11:12:05
9.2,-0.78,90.5,832.6,-70.6,0,71,11:12:10
9.17,-0.82,90.5,829.9,-74.2,0,71,11:12:15
9.25,-0.35,90.4,836.2,-31.6,0,71,11:12:20
9.27,0.34,90.3,837.1,30.7,0,71,11:12:25
9.26,-0.3,90.4,837.1,-27.1,0,71,11:12:30
9.21,-0.17,90.4,832.6,-15.4,0,71,11:12:35
9.27,0.09,90.3,837.1,8.1,0,71,11:12:40
9.24,-0.49,90.4,835.3,-44.3,0,71,11:12:45
9.27,-0.7,90.4,838,-63.3,0,71,11:12:50
9.25,-0.29,90.4,836.2,-26.2,0,71,11:12:55
9.23,-0.21,90.4,834.4,-19,0,71,11:13:00
9.26,-0.36,90.3,836.2,-32.5,0,71,11:13:05
9.23,-0.64,90.4,834.4,-57.9,0,71,11:13:10
9.2,-0.84,90.5,832.6,-76,0,72,11:13:15
9.25,-0.84,90.5,837.1,-76,0,72,11:13:20
9.2,-0.89,90.5,832.6,-80.5,0,71,11:13:25
9.21,-0.95,90.5,833.5,-86,0,71,11:13:30
9.2,-0.59,90.5,832.6,-53.4,0,71,11:13:35
9.18,-0.63,90.4,829.9,-57,0,71,11:13:40
9.2,-0.94,90.5,832.6,-85.1,0,71,11:13:45
9.32,-0.48,90.4,842.5,-43.4,0,71,11:13:50
9.38,-1.1,90.6,849.8,-99.7,0,71,11:13:55
9.35,-0.39,90.3,844.3,-35.2,0,71,11:14:00
9.38,0.08,90.4,848,7.2,0,69,11:14:05
9.24,0.35,90.3,834.4,31.6,0,69,11:14:10
9.22,0.04,90.3,832.6,3.6,0,69,11:14:15
9.34,0.15,90.3,843.4,13.5,0,69,11:14:20
9.33,-0.31,90.4,843.4,-28,0,70,11:14:25
9.3,-0.44,90.4,840.7,-39.8,0,70,11:14:30
9.26,-0.53,90.4,837.1,-47.9,0,70,11:14:35
9.33,-0.49,90.4,843.4,-44.3,0,70,11:14:40
9.33,-0.42,90.4,843.4,-38,0,70,11:14:45
9.37,-0.07,90.4,847,-6.3,0,70,11:14:50
9.49,0,90.4,857.9,0,0,69,11:14:55
9.53,0.21,90.3,860.6,19,0,69,11:15:00
9.38,0.4,90.3,847,36.1,0,66,11:15:05
9.46,0.33,90.3,854.2,29.8,0,65,11:15:10
9.38,0.4,90.3,847,36.1,0,65,11:15:15
9.24,0.67,90.3,834.4,60.5,0,67,11:15:20
9.34,0.36,90.2,842.5,32.5,0,69,11:15:25
9.4,0.33,90.3,848.8,29.8,0,69,11:15:30
9.42,0.48,90.2,849.7,43.3,0,68,11:15:35
9.4,0.3,90.3,848.8,27.1,0,67,11:15:40
9.48,0.31,90.3,856,28,0,65,11:15:45
9.54,0.22,90.3,861.5,19.9,0,63,11:15:50
9.47,0.26,90.3,855.1,23.5,0,62,11:15:55
9.46,0.29,90.3,854.2,26.2,0,61,11:16:00
9.4,0.29,90.3,848.8,26.2,0,63,11:16:05
9.3,0.42,90.3,839.8,37.9,0,65,11:16:10
9.37,0.18,90.3,846.1,16.3,0,67,11:16:15
9.47,0.2,90.3,855.1,18.1,0,69,11:16:20
9.53,0.12,90.3,860.6,10.8,0,69,11:16:25
9.42,0.93,90.3,850.6,84,0,68,11:16:30
9.26,0.47,90.2,835.3,42.4,0,68,11:16:35
9.44,0.35,90.3,852.4,31.6,0,68,11:16:40
9.53,0.12,90.3,860.6,10.8,0,68,11:16:45
9.49,0.43,90.2,856,38.8,0,68,11:16:50
9.5,0.21,90.3,857.9,19,0,68,11:16:55
9.51,0.22,90.3,858.8,19.9,0,68,11:17:00
9.51,0.29,90.2,857.8,26.2,0,68,11:17:05
9.53,0.27,90.3,860.6,24.4,0,69,11:17:10
9.57,0.16,90.3,864.2,14.4,0,69,11:17:15
9.63,0.01,90.3,869.6,0.9,0,69,11:17:20
9.66,-0.29,90.4,873.3,-26.2,0,69,11:17:25
9.71,-0.12,90.3,876.8,-10.8,0,69,11:17:30
9.73,-0.12,90.4,879.6,-10.8,0,69,11:17:35
9.7,-0.23,90.3,875.9,-20.8,0,69,11:17:40
9.73,-0.07,90.3,878.6,-6.3,0,69,11:17:45
9.7,0.6,90.3,875.9,54.2,0,69,11:17:50
9.71,0.01,90.3,876.8,0.9,0,69,11:17:55
9.71,0,90.3,876.8,0,0,69,11:18:00
9.76,0.01,90.3,881.3,0.9,0,69,11:18:05
9.73,0.04,90.3,878.6,3.6,0,69,11:18:10
9.78,0.06,90.3,883.1,5.4,0,69,11:18:15
9.72,0.03,90.3,877.7,2.7,0,69,11:18:20
9.65,0.18,90.3,871.4,16.3,0,69,11:18:25
9.73,0.05,90.3,878.6,4.5,0,69,11:18:30
9.75,-0.05,90.3,880.4,-4.5,0,69,11:18:35
9.76,0.05,90.3,881.3,4.5,0,69,11:18:40
9.72,0.05,90.3,877.7,4.5,0,69,11:18:45
9.72,0.09,90.3,877.7,8.1,0,69,11:18:50
9.73,0.08,90.3,878.6,7.2,0,69,11:18:55
9.75,0.05,90.3,880.4,4.5,0,69,11:19:00
9.74,0.11,90.3,879.5,9.9,0,69,11:19:05
9.7,0.61,90.2,874.9,55,0,69,11:19:10
9.76,0.02,90.3,881.3,1.8,0,69,11:19:15
9.73,-0.01,90.3,878.6,-0.9,0,68,11:19:20
9.74,0.13,90.3,879.5,11.7,0,69,11:19:25
9.74,0.11,90.3,879.5,9.9,0,69,11:19:30
9.75,0.06,90.3,880.4,5.4,0,69,11:19:35
9.72,0.05,90.3,877.7,4.5,0,69,11:19:40
9.76,0.01,90.3,881.3,0.9,0,69,11:19:45
9.68,0.67,90.3,874.1,60.5,0,69,11:19:50
9.74,0.09,90.3,879.5,8.1,0,69,11:19:55
9.75,0.09,90.3,880.4,8.1,0,69,11:20:00
9.77,0.02,90.3,882.2,1.8,0,69,11:20:05
9.75,0.03,90.3,880.4,2.7,0,69,11:20:10
9.76,0.05,90.3,881.3,4.5,0,68,11:20:15
9.79,0.03,90.3,884,2.7,0,68,11:20:20
9.74,0.22,90.3,879.5,19.9,0,68,11:20:25
9.71,0.58,90.3,876.8,52.4,0,69,11:20:30
9.73,-0.01,90.3,878.6,-0.9,0,69,11:20:35
9.69,-0.24,90.4,876,-21.7,0,69,11:20:40
9.71,0.3,90.3,876.8,27.1,0,69,11:20:45
9.72,0.03,90.3,877.7,2.7,0,69,11:20:50
9.78,-0.11,90.4,884.1,-9.9,0,69,11:20:55
9.74,-0.56,90.4,880.5,-50.6,0,70,11:21:00
9.75,-0.35,90.4,881.4,-31.6,0,70,11:21:05
9.82,-0.36,90.4,887.7,-32.5,0,70,11:21:10
9.76,-0.2,90.3,881.3,-18.1,0,69,11:21:15
9.77,-0.37,90.4,883.2,-33.4,0,69,11:21:20
9.78,-0.24,90.4,884.1,-21.7,0,70,11:21:25
9.74,-0.49,90.4,880.5,-44.3,0,70,11:21:30
9.76,-0.74,90.4,882.3,-66.9,0,70,11:21:35
9.7,-0.63,90.4,876.9,-57,0,70,11:21:40
9.72,-1.6,90.6,880.6,-145,0,71,11:21:45
9.76,-0.81,90.5,883.3,-73.3,0,71,11:21:50
9.71,-0.8,90.5,878.8,-72.4,0,70,11:21:55
9.66,-0.29,90.4,873.3,-26.2,0,70,11:22:00
9.72,-0.11,90.3,877.7,-9.9,0,69,11:22:05
9.74,-0.27,90.4,880.5,-24.4,0,69,11:22:10
9.72,-0.43,90.4,878.7,-38.9,0,70,11:22:15
9.74,-0.19,90.3,879.5,-17.2,0,69,11:22:20
9.7,-0.44,90.4,876.9,-39.8,0,70,11:22:25
9.66,-0.37,90.4,873.3,-33.4,0,70,11:22:30
9.67,-0.21,90.3,873.2,-19,0,70,11:22:35
9.69,-0.47,90.4,876,-42.5,0,70,11:22:40
9.64,-0.12,90.4,871.5,-10.8,0,69,11:22:45
9.65,-0.15,90.4,872.4,-13.6,0,69,11:22:50
9.63,0.24,90.3,869.6,21.7,0,69,11:22:55
9.63,-0.03,90.3,869.6,-2.7,0,68,11:23:00
9.64,0.1,90.3,870.5,9,0,68,11:23:05
9.61,0.19,90.3,867.8,17.2,0,68,11:23:10
9.62,0.31,90.2,867.7,28,0,68,11:23:15
9.62,0.12,90.3,868.7,10.8,0,68,11:23:20
9.62,0.11,90.3,868.7,9.9,0,68,11:23:25
9.58,0.32,90.3,865.1,28.9,0,68,11:23:30
9.63,0.11,90.3,869.6,9.9,0,68,11:23:35
9.63,0.28,90.3,869.6,25.3,0,68,11:23:40
9.59,0.23,90.3,866,20.8,0,68,11:23:45
9.63,0.08,90.3,869.6,7.2,0,69,11:23:50
9.69,0.09,90.3,875,8.1,0,69,11:23:55
9.64,0.12,90.3,870.5,10.8,0,69,11:24:00
9.63,-0.11,90.3,869.6,-9.9,0,69,11:24:05
9.66,-0.22,90.3,872.3,-19.9,0,69,11:24:10
9.66,0.17,90.3,872.3,15.4,0,69,11:24:15
9.68,0.16,90.3,874.1,14.4,0,69,11:24:20
9.65,0.13,90.3,871.4,11.7,0,69,11:24:25
9.67,0.1,90.3,873.2,9,0,69,11:24:30
9.65,0.1,90.3,871.4,9,0,69,11:24:35
9.67,0.09,90.3,873.2,8.1,0,69,11:24:40
9.67,0.18,90.3,873.2,16.3,0,69,11:24:45
9.68,0.06,90.3,874.1,5.4,0,68,11:24:50
9.67,0.2,90.3,873.2,18.1,0,68,11:24:55
9.72,0.04,90.2,876.7,3.6,0,68,11:25:00
9.67,0.25,90.3,873.2,22.6,0,68,11:25:05
9.67,-0.04,90.3,873.2,-3.6,0,68,11:25:10
9.65,0.14,90.3,871.4,12.6,0,68,11:25:15
9.69,0.31,90.2,874,28,0,68,11:25:20
9.69,0.22,90.2,874,19.8,0,68,11:25:25
9.68,0.12,90.3,874.1,10.8,0,68,11:25:30
9.68,0.03,90.3,874.1,2.7,0,68,11:25:35
9.67,0.27,90.3,873.2,24.4,0,68,11:25:40
9.71,0.06,90.3,876.8,5.4,0,68,11:25:45
9.68,0.1,90.3,874.1,9,0,68,11:25:50
9.67,0.17,90.3,873.2,15.4,0,68,11:25:55
9.67,0.16,90.3,873.2,14.4,0,68,11:26:00
9.7,0.21,90.3,875.9,19,0,68,11:26:05
9.65,0.14,90.3,871.4,12.6,0,69,11:26:10
9.67,0.1,90.3,873.2,9,0,69,11:26:15
9.7,0.04,90.3,875.9,3.6,0,69,11:26:20
9.72,0,90.3,877.7,0,0,69,11:26:25
9.69,0,90.3,875,0,0,69,11:26:30
9.67,0.15,90.3,873.2,13.5,0,69,11:26:35
9.69,0.08,90.3,875,7.2,0,69,11:26:40
9.71,0.06,90.3,876.8,5.4,0,69,11:26:45
9.72,0.09,90.3,877.7,8.1,0,69,11:26:50
9.73,0.11,90.3,878.6,9.9,0,69,11:26:55
9.74,-0.06,90.3,879.5,-5.4,0,69,11:27:00
9.71,-0.02,90.3,876.8,-1.8,0,69,11:27:05
9.72,0.03,90.3,877.7,2.7,0,69,11:27:10
9.69,0.06,90.3,875,5.4,0,69,11:27:15
9.7,0.02,90.3,875.9,1.8,0,69,11:27:20
9.71,0.02,90.3,876.8,1.8,0,69,11:27:25
9.71,-0.04,90.3,876.8,-3.6,0,69,11:27:30
9.73,0.01,90.3,878.6,0.9,0,69,11:27:35
9.67,0.07,90.3,873.2,6.3,0,69,11:27:40
9.74,0.01,90.3,879.5,0.9,0,69,11:27:45
9.76,-0.03,90.3,881.3,-2.7,0,69,11:27:50
9.74,0.05,90.3,879.5,4.5,0,69,11:27:55
9.76,-0.05,90.3,881.3,-4.5,0,69,11:28:00
9.76,-0.07,90.3,881.3,-6.3,0,69,11:28:05
9.73,-0.02,90.3,878.6,-1.8,0,69,11:28:10
9.76,0.03,90.3,881.3,2.7,0,69,11:28:15
9.74,-0.01,90.3,879.5,-0.9,0,69,11:28:20
9.76,0.02,90.3,881.3,1.8,0,69,11:28:25
9.75,0.03,90.3,880.4,2.7,0,69,11:28:30
9.72,0.39,90.3,877.7,35.2,0,69,11:28:35
9.72,0.04,90.3,877.7,3.6,0,69,11:28:40
9.77,-0.17,90.3,882.2,-15.4,0,69,11:28:45
9.74,-0.39,90.4,880.5,-35.3,0,69,11:28:50
9.77,-0.14,90.3,882.2,-12.6,0,69,11:28:55
9.77,-0.39,90.4,883.2,-35.3,0,69,11:29:00
9.76,-0.25,90.3,881.3,-22.6,0,70,11:29:05
9.78,-0.25,90.4,884.1,-22.6,0,69,11:29:10
9.77,-0.23,90.3,882.2,-20.8,0,69,11:29:15
9.79,-0.12,90.3,884,-10.8,0,69,11:29:20
9.77,-0.07,90.3,882.2,-6.3,0,69,11:29:25
9.76,-0.03,90.3,881.3,-2.7,0,69,11:29:30
9.78,-0.19,90.3,883.1,-17.2,0,69,11:29:35
9.81,-0.26,90.3,885.8,-23.5,0,69,11:29:40
9.79,-0.1,90.3,884,-9,0,69,11:29:45
9.73,0.28,90.3,878.6,25.3,0,69,11:29:50
9.81,-0.2,90.3,885.8,-18.1,0,69,11:29:55
9.81,-0.48,90.4,886.8,-43.4,0,69,11:30:00
9.78,-0.18,90.3,883.1,-16.3,0,69,11:30:05
9.77,0.15,90.4,883.2,13.6,0,69,11:30:10
9.81,-0.01,90.3,885.8,-0.9,0,69,11:30:15
9.84,0.11,90.3,888.6,9.9,0,69,11:30:20
9.8,-0.02,90.3,884.9,-1.8,0,69,11:30:25
9.79,-0.04,90.3,884,-3.6,0,68,11:30:30
9.81,0.01,90.3,885.8,0.9,0,69,11:30:35
9.8,-0.05,90.3,884.9,-4.5,0,69,11:30:40
9.78,-0.19,90.3,883.1,-17.2,0,69,11:30:45
9.8,-0.1,90.3,884.9,-9,0,69,11:30:50
9.79,-0.08,90.3,884,-7.2,0,69,11:30:55
9.9,-0.11,90.3,894,-9.9,0,69,11:31:00
9.89,-0.05,90.3,893.1,-4.5,0,68,11:31:05
9.95,0,90.3,898.5,0,0,68,11:31:10
9.91,-0.17,90.4,895.9,-15.4,0,69,11:31:15
9.95,-0.11,90.3,898.5,-9.9,0,69,11:31:20
9.92,-0.04,90.3,895.8,-3.6,0,69,11:31:25
9.9,-0.07,90.3,894,-6.3,0,69,11:31:30
9.82,0.08,90.3,886.7,7.2,0,68,11:31:35
9.81,-0.22,90.3,885.8,-19.9,0,68,11:31:40
9.72,0.03,90.3,877.7,2.7,0,68,11:31:45
9.8,0.13,90.2,884,11.7,0,68,11:31:50
9.7,0.04,90.3,875.9,3.6,0,68,11:31:55
9.76,0.05,90.3,881.3,4.5,0,69,11:32:00
9.8,-0.04,90.3,884.9,-3.6,0,69,11:32:05
9.82,-0.13,90.3,886.7,-11.7,0,69,11:32:10
9.79,-0.11,90.3,884,-9.9,0,69,11:32:15
9.78,-0.34,90.4,884.1,-30.7,0,70,11:32:20
9.82,-0.34,90.4,887.7,-30.7,0,69,11:32:25
9.86,-0.2,90.3,890.4,-18.1,0,69,11:32:30
9.84,-0.46,90.4,889.5,-41.6,0,69,11:32:35
9.81,-0.31,90.3,885.8,-28,0,69,11:32:40
9.79,-0.2,90.3,884,-18.1,0,69,11:32:45
9.87,-0.34,90.4,892.2,-30.7,0,69,11:32:50
9.73,0.29,90.3,878.6,26.2,0,69,11:32:55
9.71,-0.01,90.3,876.8,-0.9,0,69,11:33:00
9.73,-0.08,90.3,878.6,-7.2,0,69,11:33:05
9.83,-0.36,90.4,888.6,-32.5,0,69,11:33:10
9.83,-0.35,90.4,888.6,-31.6,0,70,11:33:15
9.78,-0.59,90.4,884.1,-53.3,0,70,11:33:20
9.71,-0.33,90.4,877.8,-29.8,0,70,11:33:25
9.73,-0.29,90.3,878.6,-26.2,0,69,11:33:30
9.73,-0.21,90.4,879.6,-19,0,70,11:33:35
9.61,-0.26,90.3,867.8,-23.5,0,70,11:33:40
9.71,-0.53,90.4,877.8,-47.9,0,70,11:33:45
9.74,0.18,90.3,879.5,16.3,0,70,11:33:50
9.83,-0.38,90.4,888.6,-34.4,0,69,11:33:55
9.77,0.01,90.3,882.2,0.9,0,69,11:34:00
9.84,-0.05,90.3,888.6,-4.5,0,69,11:34:05
9.8,0.01,90.3,884.9,0.9,0,68,11:34:10
9.81,-0.05,90.3,885.8,-4.5,0,68,11:34:15
9.79,0.13,90.3,884,11.7,0,68,11:34:20
9.89,-0.03,90.3,893.1,-2.7,0,68,11:34:25
9.9,-0.27,90.4,895,-24.4,0,68,11:34:30
9.68,-0.05,90.3,874.1,-4.5,0,68,11:34:35
9.76,-0.03,90.3,881.3,-2.7,0,68,11:34:40
9.81,0.09,90.2,884.9,8.1,0,68,11:34:45
9.8,0.08,90.3,884.9,7.2,0,68,11:34:50
9.74,1.44,90.1,877.6,129.7,0,68,11:34:55
9.75,1.65,90,877.5,148.5,0,69,11:35:00
9.74,1.41,90.1,877.6,127,0,69,11:35:05
9.73,1.17,90.1,876.7,105.4,0,69,11:35:10
9.79,0.94,90.1,882.1,84.7,0,70,11:35:15
9.81,0.36,90.2,884.9,32.5,0,70,11:35:20
9.77,0.53,90.2,881.3,47.8,0,70,11:35:25
9.81,0.34,90.2,884.9,30.7,0,70,11:35:30
9.73,0.41,90.2,877.6,37,0,70,11:35:35
9.74,0.4,90.2,878.5,36.1,0,70,11:35:40
9.88,-0.13,90.3,892.2,-11.7,0,70,11:35:45
9.8,0.2,90.2,884,18,0,70,11:35:50
9.84,0.27,90.3,888.6,24.4,0,70,11:35:55
9.73,-0.04,90.4,879.6,-3.6,0,71,11:36:00
9.67,-0.14,90.3,873.2,-12.6,0,71,11:36:05
9.63,-0.31,90.3,869.6,-28,0,71,11:36:10
9.82,-0.4,90.3,886.7,-36.1,0,71,11:36:15
9.77,-0.76,90.4,883.2,-68.7,0,71,11:36:20
9.76,0.1,90.3,881.3,9,0,71,11:36:25
9.8,-0.51,90.4,885.9,-46.1,0,71,11:36:30
9.78,0.26,90.2,882.2,23.5,0,70,11:36:35
9.73,-0.54,90.4,879.6,-48.8,0,71,11:36:40
9.79,0.04,90.3,884,3.6,0,71,11:36:45
9.73,-0.83,90.4,879.6,-75,0,71,11:36:50
9.67,0,90.3,873.2,0,0,71,11:36:55
9.68,-0.63,90.4,875.1,-57,0,71,11:37:00
9.72,0.38,90.2,876.7,34.3,0,71,11:37:05
9.72,0.12,90.3,877.7,10.8,0,70,11:37:10
9.83,-0.36,90.4,888.6,-32.5,0,71,11:37:15
9.73,0,90.4,879.6,0,0,71,11:37:20
9.69,-0.21,90.3,875,-19,0,71,11:37:25
9.83,0.34,90.2,886.7,30.7,0,70,11:37:30
9.82,0.24,90.3,886.7,21.7,0,70,11:37:35
9.83,0.1,90.3,887.6,9,0,70,11:37:40
9.77,0.4,90.2,881.3,36.1,0,70,11:37:45
9.77,0.44,90.3,882.2,39.7,0,70,11:37:50
9.76,0.43,90.2,880.4,38.8,0,70,11:37:55
9.76,0.8,90.2,880.4,72.2,0,70,11:38:00
9.74,1.12,90,876.6,100.8,0,69,11:38:05
9.85,0.31,90.2,888.5,28,0,70,11:38:10
9.85,-0.22,90.3,889.5,-19.9,0,70,11:38:15
9.84,-0.01,90.3,888.6,-0.9,0,71,11:38:20
9.79,-0.51,90.4,885,-46.1,0,71,11:38:25
9.84,0.07,90.2,887.6,6.3,0,70,11:38:30
9.81,0.51,90.2,884.9,46,0,70,11:38:35
9.79,0.51,90.2,883.1,46,0,70,11:38:40
9.8,0.24,90.3,884.9,21.7,0,70,11:38:45
9.86,-0.36,90.4,891.3,-32.5,0,71,11:38:50
9.67,0.15,90.2,872.2,13.5,0,71,11:38:55
9.87,-0.35,90.4,892.2,-31.6,0,71,11:39:00
9.86,-0.2,90.3,890.4,-18.1,0,71,11:39:05
9.86,0.19,90.2,889.4,17.1,0,70,11:39:10
9.81,0.03,90.3,885.8,2.7,0,70,11:39:15
9.86,0.09,90.3,890.4,8.1,0,70,11:39:20
9.85,0.58,90.2,888.5,52.3,0,70,11:39:25
9.74,0.57,90.2,878.5,51.4,0,70,11:39:30
9.72,0.83,90.2,876.7,74.9,0,70,11:39:35
9.8,0.96,90.1,883,86.5,0,70,11:39:40
9.85,0.52,90.2,888.5,46.9,0,70,11:39:45
9.77,0.65,90.1,880.3,58.6,0,70,11:39:50
9.79,0.7,90.2,883.1,63.1,0,70,11:39:55
9.77,0.76,90.1,880.3,68.5,0,70,11:40:00
9.78,0.77,90.2,882.2,69.5,0,70,11:40:05
9.75,0.79,90.1,878.5,71.2,0,70,11:40:10
9.75,0.65,90.1,878.5,58.6,0,70,11:40:15
9.86,0.71,90.1,888.4,64,0,70,11:40:20
9.76,0.96,90.1,879.4,86.5,0,70,11:40:25
9.82,0.79,90.1,884.8,71.2,0,70,11:40:30
9.8,0.97,90.1,883,87.4,0,69,11:40:35
9.78,0.91,90.1,881.2,82,0,69,11:40:40
9.88,0.74,90.1,890.2,66.7,0,70,11:40:45
9.82,1.01,90.1,884.8,91,0,70,11:40:50
9.77,0.72,90.1,880.3,64.9,0,70,11:40:55
9.87,0.87,90.1,889.3,78.4,0,70,11:41:00
9.78,1.02,90.1,881.2,91.9,0,69,11:41:05
9.76,0.86,90.1,879.4,77.5,0,70,11:41:10
9.79,1.02,90.1,882.1,91.9,0,69,11:41:15
9.78,0.89,90.1,881.2,80.2,0,69,11:41:20
9.79,1.12,90,881.1,100.8,0,69,11:41:25
9.84,1.01,90.1,886.6,91,0,69,11:41:30
9.8,0.91,90.1,883,82,0,69,11:41:35
9.82,1.17,90,883.8,105.3,0,69,11:41:40
9.8,0.93,90.1,883,83.8,0,69,11:41:45
9.66,1.36,90,869.4,122.4,0,69,11:41:50
9.78,1.22,90,880.2,109.8,0,69,11:41:55
9.8,1.14,90,882,102.6,0,69,11:42:00
9.79,0.96,90.1,882.1,86.5,0,69,11:42:05
9.82,1.19,90,883.8,107.1,0,69,11:42:10
9.83,1.19,90.1,885.7,107.2,0,69,11:42:15
9.81,1.22,90,882.9,109.8,0,69,11:42:20
9.84,1.01,90.1,886.6,91,0,69,11:42:25
9.96,0.89,90.1,897.4,80.2,0,69,11:42:30
9.9,0.9,90.1,892,81.1,0,69,11:42:35
9.84,1.22,90.1,886.6,109.9,0,69,11:42:40
9.86,1.19,90.1,888.4,107.2,0,69,11:42:45
9.87,1.07,90.1,889.3,96.4,0,69,11:42:50
9.98,0.76,90.1,899.2,68.5,0,69,11:42:55
9.8,1.11,90,882,99.9,0,69,11:43:00
9.77,1.02,90.1,880.3,91.9,0,69,11:43:05
9.78,0.97,90.1,881.2,87.4,0,69,11:43:10
9.84,0.84,90.1,886.6,75.7,0,69,11:43:15
9.79,0.94,90,881.1,84.6,0,69,11:43:20
9.81,1.01,90.1,883.9,91,0,69,11:43:25
9.85,0.86,90.1,887.5,77.5,0,69,11:43:30
9.86,1.07,90,887.4,96.3,0,69,11:43:35
9.82,1.01,90.1,884.8,91,0,69,11:43:40
9.88,0.96,90,889.2,86.4,0,69,11:43:45
9.8,1.54,90,882,138.6,0,69,11:43:50
9.88,0.98,90.1,890.2,88.3,0,69,11:43:55
9.85,0.97,90,886.5,87.3,0,69,11:44:00
9.8,1.13,90,882,101.7,0,69,11:44:05
9.79,1.08,90,881.1,97.2,0,69,11:44:10
10,1.63,89.9,899,146.5,0,69,11:44:15
10.06,1.55,90,905.4,139.5,0,69,11:44:20
10.08,1.53,89.9,906.2,137.5,0,69,11:44:25
10.08,1.25,90,907.2,112.5,0,69,11:44:30
10.04,0.96,90,903.6,86.4,0,70,11:44:35
10.05,0.44,90.1,905.5,39.6,0,70,11:44:40
10.04,0.23,90.2,905.6,20.7,0,70,11:44:45
10,-0.08,90.2,902,-7.2,0,70,11:44:50
10,0.26,90.1,901,23.4,0,70,11:44:55
9.98,0.24,90.2,900.2,21.6,0,70,11:45:00
10.02,0.07,90.2,903.8,6.3,0,70,11:45:05
10.04,0,90.2,905.6,0,0,70,11:45:10
10.03,0.92,90.1,903.7,82.9,0,70,11:45:15
10.06,0.89,90.1,906.4,80.2,0,70,11:45:20
10.04,0.93,90,903.6,83.7,0,70,11:45:25
10.07,0.63,90.1,907.3,56.8,0,70,11:45:30
10.06,0.72,90,905.4,64.8,0,70,11:45:35
10.05,0.49,90.1,905.5,44.1,0,70,11:45:40
10.06,0,90.2,907.4,0,0,70,11:45:45
10.04,-0.06,90.2,905.6,-5.4,0,70,11:45:50
10.07,0,90.2,908.3,0,0,70,11:45:55
10.04,0.26,90.2,905.6,23.5,0,70,11:46:00
10.05,0.36,90.1,905.5,32.4,0,70,11:46:05
10.07,-0.01,90.2,908.3,-0.9,0,70,11:46:10
10.07,0.14,90.2,908.3,12.6,0,70,11:46:15
10.08,0.27,90.1,908.2,24.3,0,70,11:46:20
10.07,0.12,90.2,908.3,10.8,0,70,11:46:25
10.04,0.06,90.2,905.6,5.4,0,70,11:46:30
10.05,0.02,90.2,906.5,1.8,0,70,11:46:35
10.04,0.03,90.2,905.6,2.7,0,71,11:46:40
10.05,-0.23,90.3,907.5,-20.8,0,71,11:46:45
10.02,-0.39,90.3,904.8,-35.2,0,70,11:46:50
10.06,0.28,90.2,907.4,25.3,0,70,11:46:55
10.06,0.29,90.1,906.4,26.1,0,70,11:47:00
10.11,0.42,90.1,910.9,37.8,0,70,11:47:05
10.09,1.21,90,908.1,108.9,0,70,11:47:10
10.1,0.93,90.1,910,83.8,0,70,11:47:15
10.07,1.2,90,906.3,108,0,69,11:47:20
10.08,1.64,89.9,906.2,147.4,0,69,11:47:25
10.15,1.67,89.9,912.5,150.1,0,69,11:47:30
10.1,1.7,89.9,908,152.8,0,69,11:47:35
10.13,1.79,89.9,910.7,160.9,0,69,11:47:40
10.14,1.6,89.9,911.6,143.8,0,69,11:47:45
10.12,1.54,89.9,909.8,138.4,0,69,11:47:50
10.11,1.06,90,909.9,95.4,0,69,11:47:55
10.09,0.93,90,908.1,83.7,0,70,11:48:00
10.09,1,90,908.1,90,0,70,11:48:05
10.11,0.79,90,909.9,71.1,0,70,11:48:10
10.09,0.41,90.1,909.1,36.9,0,70,11:48:15
10.08,0.45,90.1,908.2,40.5,0,70,11:48:20
10.08,0.26,90.1,908.2,23.4,0,70,11:48:25
10.07,0.15,90.2,908.3,13.5,0,71,11:48:30
10.02,-0.87,90.4,905.8,-78.6,0,71,11:48:35
9.99,-0.65,90.3,902.1,-58.7,0,71,11:48:40
10.09,-0.89,90.3,911.1,-80.4,0,71,11:48:45
10.14,-0.37,90.3,915.6,-33.4,0,71,11:48:50
10.19,-0.96,90.3,920.2,-86.7,0,71,11:48:55
10.16,-2.31,90.6,920.5,-209.3,0,71,11:49:00
10.25,-1.85,90.5,927.6,-167.4,0,71,11:49:05
10.24,-0.38,90.3,924.7,-34.3,0,71,11:49:10
10.23,-0.21,90.3,923.8,-19,0,70,11:49:15
10.24,-0.08,90.2,923.6,-7.2,0,70,11:49:20
10.25,0.25,90.2,924.6,22.6,0,70,11:49:25
10.26,0.52,90.1,924.4,46.9,0,70,11:49:30
10.26,0.24,90.2,925.5,21.6,0,70,11:49:35
10.21,-0.46,90.3,922,-41.5,0,71,11:49:40
10.22,-0.28,90.3,922.9,-25.3,0,71,11:49:45
10.23,0.34,90.2,922.7,30.7,0,70,11:49:50
10.21,0.08,90.2,920.9,7.2,0,70,11:49:55
10.24,-0.45,90.3,924.7,-40.6,0,70,11:50:00
10.21,-0.1,90.3,922,-9,0,70,11:50:05
10.26,0.45,90.1,924.4,40.5,0,70,11:50:10
10.27,0.42,90.1,925.3,37.8,0,70,11:50:15
10.26,0.16,90.2,925.5,14.4,0,70,11:50:20
10.23,0.36,90.2,922.7,32.5,0,70,11:50:25
10.24,0.26,90.2,923.6,23.5,0,70,11:50:30
10.27,0.62,90.1,925.3,55.9,0,70,11:50:35
10.27,0.7,90.1,925.3,63.1,0,70,11:50:40
10.25,0.86,90.1,923.5,77.5,0,70,11:50:45
10.27,0.5,90.1,925.3,45.1,0,70,11:50:50
10.24,0.4,90.2,923.6,36.1,0,70,11:50:55
10.28,0.64,90.1,926.2,57.7,0,70,11:51:00
10.32,1.06,90,928.8,95.4,0,70,11:51:05
10.3,1.07,90,927,96.3,0,69,11:51:10
10.31,1.38,89.9,926.9,124.1,0,69,11:51:15
10.3,1.55,89.9,926,139.3,0,69,11:51:20
10.28,1.22,90,925.2,109.8,0,69,11:51:25
10.29,1.19,90,926.1,107.1,0,69,11:51:30
10.32,1.35,89.9,927.8,121.4,0,69,11:51:35
10.33,1.5,89.9,928.7,134.9,0,69,11:51:40
10.31,1.54,89.9,926.9,138.4,0,69,11:51:45
10.34,1.8,89.9,929.6,161.8,0,68,11:51:50
10.32,1.95,89.8,926.7,175.1,0,68,11:51:55
10.31,1.61,89.9,926.9,144.7,0,69,11:52:00
10.26,1.35,89.9,922.4,121.4,0,69,11:52:05
10.26,0.48,90,923.4,43.2,0,70,11:52:10
10.25,-0.14,90.2,924.6,-12.6,0,70,11:52:15
10.24,-0.13,90.1,922.6,-11.7,0,70,11:52:20
10.2,0.26,90.2,920,23.5,0,70,11:52:25
10.19,-0.55,90.3,920.2,-49.7,0,70,11:52:30
10.21,-0.45,90.2,920.9,-40.6,0,70,11:52:35
10.14,-0.03,90.2,914.6,-2.7,0,71,11:52:40
10.12,-0.46,90.3,913.8,-41.5,0,70,11:52:45
10.14,-0.68,90.3,915.6,-61.4,0,71,11:52:50
10.12,-0.63,90.3,913.8,-56.9,0,71,11:52:55
10.1,-1.14,90.3,912,-102.9,0,71,11:53:00
10.06,-1.58,90.4,909.4,-142.8,0,72,11:53:05
10.07,-1.63,90.5,911.3,-147.5,0,72,11:53:10
10.06,-1.79,90.5,910.4,-162,0,72,11:53:15
10.07,-2.29,90.6,912.3,-207.5,0,72,11:53:20
10.1,-2.01,90.5,914.1,-181.9,0,71,11:53:25
10.13,-2.11,90.6,917.8,-191.2,0,71,11:53:30
10.12,-1.58,90.5,915.9,-143,0,71,11:53:35
10.13,-0.98,90.4,915.8,-88.6,0,71,11:53:40
10.13,-0.22,90.3,914.7,-19.9,0,71,11:53:45
10.14,0.33,90.2,914.6,29.8,0,70,11:53:50
10.15,0.27,90.2,915.5,24.4,0,70,11:53:55
10.14,0.22,90.2,914.6,19.8,0,70,11:54:00
10.16,0.04,90.2,916.4,3.6,0,70,11:54:05
10.14,0.07,90.2,914.6,6.3,0,70,11:54:10
10.13,0.65,90.1,912.7,58.6,0,70,11:54:15
10.16,0.9,90,914.4,81,0,70,11:54:20
10.18,0.78,90.1,917.2,70.3,0,70,11:54:25
10.16,0.86,90.1,915.4,77.5,0,70,11:54:30
10.17,0.67,90.1,916.3,60.4,0,70,11:54:35
10.14,0.71,90.1,913.6,64,0,70,11:54:40
10.13,0.57,90.1,912.7,51.4,0,70,11:54:45
10.13,0.68,90.1,912.7,61.3,0,70,11:54:50
10.17,0.98,90,915.3,88.2,0,70,11:54:55
10.14,0.95,90,912.6,85.5,0,70,11:55:00
10.17,0.47,90.1,916.3,42.3,0,70,11:55:05
10.15,0.1,90.1,914.5,9,0,70,11:55:10
10.13,0.59,90.1,912.7,53.2,0,70,11:55:15
10.15,0.73,90,913.5,65.7,0,70,11:55:20
10.15,0.73,90,913.5,65.7,0,70,11:55:25
10.15,0.64,90.1,914.5,57.7,0,70,11:55:30
10.15,0.56,90.1,914.5,50.5,0,70,11:55:35
10.15,0.77,90.1,914.5,69.4,0,70,11:55:40
10.17,1.01,90,915.3,90.9,0,70,11:55:45
10.15,0.85,90,913.5,76.5,0,70,11:55:50
10.16,0.4,90.1,915.4,36,0,70,11:55:55
10.15,0.16,90.1,914.5,14.4,0,70,11:56:00
10.17,0.14,90.2,917.3,12.6,0,70,11:56:05
10.15,-0.03,90.2,915.5,-2.7,0,70,11:56:10
10.17,0.16,90.1,916.3,14.4,0,70,11:56:15
10.19,0.44,90.1,918.1,39.6,0,70,11:56:20
10.17,0.35,90.1,916.3,31.5,0,70,11:56:25
10.18,-0.05,90.2,918.2,-4.5,0,70,11:56:30
10.18,-0.34,90.2,918.2,-30.7,0,70,11:56:35
10.18,-0.06,90.2,918.2,-5.4,0,70,11:56:40
10.2,0.15,90.1,919,13.5,0,70,11:56:45
10.17,0.39,90.1,916.3,35.1,0,70,11:56:50
10.17,0,90.2,917.3,0,0,70,11:56:55
10.14,-0.17,90.2,914.6,-15.3,0,70,11:57:00
10.21,-0.22,90.2,920.9,-19.8,0,70,11:57:05
10.18,0.31,90.1,917.2,27.9,0,70,11:57:10
10.15,0.59,90,913.5,53.1,0,70,11:57:15
10.2,0.53,90.1,919,47.8,0,70,11:57:20
10.19,0.77,90.1,918.1,69.4,0,70,11:57:25
10.16,0.96,90,914.4,86.4,0,70,11:57:30
10.2,1.04,90,918,93.6,0,70,11:57:35
10.22,0.64,90.1,920.8,57.7,0,70,11:57:40
10.2,0.5,90.1,919,45.1,0,70,11:57:45
10.18,0.28,90.1,917.2,25.2,0,70,11:57:50
10.2,0.03,90.1,919,2.7,0,70,11:57:55
10.18,-0.05,90.2,918.2,-4.5,0,70,11:58:00
10.18,0.36,90.1,917.2,32.4,0,70,11:58:05
10.22,0.61,90,919.8,54.9,0,70,11:58:10
10.22,0.46,90.1,920.8,41.4,0,70,11:58:15
10.23,0.37,90.1,921.7,33.3,0,70,11:58:20
10.26,0.21,90.1,924.4,18.9,0,70,11:58:25
10.3,-0.02,90.2,929.1,-1.8,0,70,11:58:30
10.31,-0.43,90.3,931,-38.8,0,70,11:58:35
10.28,-0.24,90.2,927.3,-21.6,0,70,11:58:40
10.28,-0.32,90.2,927.3,-28.9,0,71,11:58:45
10.26,-0.92,90.3,926.5,-83.1,0,71,11:58:50
10.26,-0.39,90.3,926.5,-35.2,0,71,11:58:55
10.27,-0.97,90.3,927.4,-87.6,0,71,11:59:00
10.26,-0.49,90.3,926.5,-44.2,0,71,11:59:05
10.28,-0.73,90.3,928.3,-65.9,0,71,11:59:10
10.24,0.43,90.1,922.6,38.7,0,71,11:59:15
10.26,-0.73,90.3,926.5,-65.9,0,71,11:59:20
10.29,-0.33,90.2,928.2,-29.8,0,71,11:59:25
10.26,0,90.2,925.5,0,0,70,11:59:30
10.31,0.26,90.1,928.9,23.4,0,70,11:59:35
10.3,0.15,90.2,929.1,13.5,0,70,11:59:40
10.3,-0.02,90.2,929.1,-1.8,0,70,11:59:45
10.29,-0.09,90.2,928.2,-8.1,0,70,11:59:50
10.27,0.19,90.2,926.4,17.1,0,70,11:59:55
10.28,-0.03,90.2,927.3,-2.7,0,70,12:00:00
10.29,0.12,90.2,928.2,10.8,0,70,12:00:05
10.31,0.08,90.2,930,7.2,0,70,12:00:10
10.33,0.58,90.1,930.7,52.3,0,70,12:00:15
10.37,0.62,90.1,934.3,55.9,0,70,12:00:20
10.38,0.67,90.1,935.2,60.4,0,70,12:00:25
10.33,0.58,90.1,930.7,52.3,0,70,12:00:30
10.35,0.56,90.1,932.5,50.5,0,70,12:00:35
10.34,0.91,90,930.6,81.9,0,70,12:00:40
10.02,-15.82,92.7,928.9,-1466.5,0,66,12:00:45
10.39,-9.39,91.6,951.7,-860.1,0,63,12:00:50
10.46,-6.25,91.2,954,-570,0,61,12:00:55
10.25,-5.39,91.1,933.8,-491,0,60,12:01:00
10.33,-2.57,90.7,936.9,-233.1,0,60,12:01:05
10.29,-3.56,90.9,935.4,-323.6,0,60,12:01:10
10.3,-3.5,90.9,936.3,-318.2,0,60,12:01:15
10.53,-3.78,90.9,957.2,-343.6,0,59,12:01:20
10.53,-3.69,90.9,957.2,-335.4,0,59,12:01:25
10.5,-3.75,90.9,954.5,-340.9,0,59,12:01:30
10.54,-3.72,90.9,958.1,-338.1,0,60,12:01:35
10.64,-3.84,90.9,967.2,-349.1,0,60,12:01:40
9.62,-2.91,90.8,873.5,-264.2,0,60,12:01:45
10.2,-3.46,90.9,927.2,-314.5,0,59,12:01:50
10.19,-3.39,90.9,926.3,-308.2,0,59,12:01:55
10.14,-3.39,90.9,921.7,-308.2,0,60,12:02:00
9.82,-2.56,90.8,891.7,-232.4,0,60,12:02:05
9.54,-2.72,90.8,866.2,-247,0,60,12:02:10
9.15,-2.39,90.7,829.9,-216.8,0,60,12:02:15
9.28,0.64,90.3,838,57.8,0,62,12:02:20
9.36,0.86,90.3,845.2,77.7,0,63,12:02:25
9.38,0.5,90.3,847,45.2,0,64,12:02:30
9.4,0.53,90.3,848.8,47.9,0,65,12:02:35
9.42,0.54,90.3,850.6,48.8,0,65,12:02:40
9.35,0.59,90.2,843.4,53.2,0,66,12:02:45
9.41,0.38,90.3,849.7,34.3,0,67,12:02:50
9.4,1.44,90.1,846.9,129.7,0,68,12:02:55
9.37,1.03,90.1,844.2,92.8,0,69,12:03:00
9.55,0.57,90.2,861.4,51.4,0,70,12:03:05
9.61,-0.02,90.3,867.8,-1.8,0,70,12:03:10
9.45,0.48,90.3,853.3,43.3,0,71,12:03:15
9.36,-0.87,90.4,846.1,-78.6,0,71,12:03:20
9.33,-2.07,90.6,845.3,-187.5,0,71,12:03:25
9.36,-1.56,90.5,847.1,-141.2,0,70,12:03:30
9.4,-1.52,90.5,850.7,-137.6,0,70,12:03:35
9.42,-1.77,90.6,853.5,-160.4,0,70,12:03:40
9.47,-1.71,90.6,858,-154.9,0,70,12:03:45
9.59,-1.67,90.6,868.9,-151.3,0,70,12:03:50
9.67,-2.01,90.6,876.1,-182.1,0,70,12:03:55
9.69,-1.83,90.6,877.9,-165.8,0,70,12:04:00
9.78,-2.06,90.6,886.1,-186.6,0,69,12:04:05
9.87,-1.96,90.6,894.2,-177.6,0,69,12:04:10
10.02,-2.19,90.7,908.8,-198.6,0,69,12:04:15
10.08,-2.3,90.7,914.3,-208.6,0,68,12:04:20
10.04,-2.24,90.7,910.6,-203.2,0,68,12:04:25
10.06,-1.98,90.6,911.4,-179.4,0,67,12:04:30
10.26,0.27,90.3,926.5,24.4,0,67,12:04:35
10.4,0.55,90.3,939.1,49.7,0,68,12:04:40
10.4,0.39,90.3,939.1,35.2,0,69,12:04:45
10.39,0.02,90.3,938.2,1.8,0,69,12:04:50
10.42,-0.1,90.3,940.9,-9,0,70,12:04:55
10.41,0.15,90.3,940,13.5,0,70,12:05:00
10.41,-0.44,90.4,941.1,-39.8,0,70,12:05:05
10.41,-0.34,90.3,940,-30.7,0,70,12:05:10
10.42,-0.43,90.4,942,-38.9,0,70,12:05:15
10.42,-0.62,90.4,942,-56,0,70,12:05:20
10.43,-0.13,90.3,941.8,-11.7,0,70,12:05:25
10.43,-0.12,90.3,941.8,-10.8,0,70,12:05:30
10.43,-0.57,90.4,942.9,-51.5,0,70,12:05:35
10.41,-0.38,90.4,941.1,-34.4,0,70,12:05:40
10.42,-0.14,90.3,940.9,-12.6,0,70,12:05:45
10.44,-0.13,90.3,942.7,-11.7,0,70,12:05:50
10.44,-0.47,90.4,943.8,-42.5,0,70,12:05:55
10.42,-0.63,90.4,942,-57,0,70,12:06:00
10.42,-0.7,90.4,942,-63.3,0,71,12:06:05
10.4,-1.35,90.5,941.2,-122.2,0,71,12:06:10
10.41,-1.27,90.5,942.1,-114.9,0,71,12:06:15
10.42,-0.87,90.4,942,-78.6,0,71,12:06:20
10.41,-1.44,90.5,942.1,-130.3,0,71,12:06:25
10.41,-0.56,90.4,941.1,-50.6,0,71,12:06:30
10.42,-0.85,90.4,942,-76.8,0,70,12:06:35
10.42,-0.88,90.4,942,-79.6,0,70,12:06:40
10.41,-0.66,90.4,941.1,-59.7,0,70,12:06:45
10.41,-0.5,90.3,940,-45.2,0,70,12:06:50
10.42,-0.42,90.3,940.9,-37.9,0,70,12:06:55
10.42,-0.27,90.3,940.9,-24.4,0,70,12:07:00
10.4,-0.36,90.4,940.2,-32.5,0,70,12:07:05
10.43,-0.87,90.5,943.9,-78.7,0,70,12:07:10
10.41,-0.83,90.4,941.1,-75,0,70,12:07:15
10.42,-0.69,90.4,942,-62.4,0,71,12:07:20
10.42,-0.38,90.4,942,-34.4,0,70,12:07:25
10.44,-0.39,90.4,943.8,-35.3,0,70,12:07:30
10.4,-0.92,90.5,941.2,-83.3,0,70,12:07:35
10.43,-0.98,90.4,942.9,-88.6,0,70,12:07:40
10.42,-0.49,90.4,942,-44.3,0,70,12:07:45
10.45,-0.82,90.5,945.7,-74.2,0,71,12:07:50
10.41,-1.17,90.5,942.1,-105.9,0,71,12:07:55
10.41,-1.07,90.5,942.1,-96.8,0,71,12:08:00
10.39,-0.84,90.4,939.3,-75.9,0,71,12:08:05
10.4,-0.77,90.5,941.2,-69.7,0,71,12:08:10
10.43,-1.08,90.5,943.9,-97.7,0,71,12:08:15
10.44,-0.46,90.3,942.7,-41.5,0,71,12:08:20
10.44,-0.45,90.4,943.8,-40.7,0,70,12:08:25
10.43,-0.74,90.5,943.9,-67,0,70,12:08:30
10.44,-0.86,90.5,944.8,-77.8,0,70,12:08:35
10.43,-0.82,90.4,942.9,-74.1,0,70,12:08:40
10.43,-0.35,90.3,941.8,-31.6,0,70,12:08:45
10.45,-0.35,90.4,944.7,-31.6,0,70,12:08:50
10.68,-0.56,90.4,965.5,-50.6,0,70,12:08:55
10.69,-0.96,90.5,967.4,-86.9,0,71,12:09:00
10.66,-1.54,90.6,965.8,-139.5,0,71,12:09:05
10.66,-1.59,90.6,965.8,-144.1,0,71,12:09:10
10.68,-1.19,90.5,966.5,-107.7,0,71,12:09:15
10.66,-1.48,90.6,965.8,-134.1,0,71,12:09:20
10.68,-1.68,90.6,967.6,-152.2,0,71,12:09:25
10.67,-1.77,90.6,966.7,-160.4,0,71,12:09:30
10.43,-1.51,90.6,945,-136.8,0,71,12:09:35
10.43,-0.69,90.5,943.9,-62.4,0,71,12:09:40
10.46,-1.02,90.5,946.6,-92.3,0,70,12:09:45
10.46,-0.65,90.4,945.6,-58.8,0,70,12:09:50
10.47,-0.67,90.4,946.5,-60.6,0,70,12:09:55
10.44,-0.74,90.4,943.8,-66.9,0,70,12:10:00
10.42,-0.71,90.5,943,-64.3,0,70,12:10:05
10.44,-0.32,90.4,943.8,-28.9,0,70,12:10:10
10.45,-0.29,90.3,943.6,-26.2,0,70,12:10:15
10.45,-0.33,90.4,944.7,-29.8,0,70,12:10:20
10.49,-0.41,90.4,948.3,-37.1,0,70,12:10:25
10.46,-0.29,90.4,945.6,-26.2,0,70,12:10:30
10.45,-0.07,90.3,943.6,-6.3,0,70,12:10:35
10.47,-0.48,90.4,946.5,-43.4,0,70,12:10:40
10.46,-0.52,90.5,946.6,-47.1,0,70,12:10:45
10.46,-0.43,90.4,945.6,-38.9,0,70,12:10:50
10.43,-0.13,90.5,943.9,-11.8,0,70,12:10:55
10.44,-0.63,90.4,943.8,-57,0,70,12:11:00
10.49,-1.17,90.5,949.3,-105.9,0,70,12:11:05
10.43,-0.65,90.4,942.9,-58.8,0,71,12:11:10
10.41,-1.57,90.6,943.1,-142.2,0,71,12:11:15
10.41,-1.13,90.5,942.1,-102.3,0,71,12:11:20
10.4,-0.6,90.5,941.2,-54.3,0,71,12:11:25
10.41,-1.22,90.6,943.1,-110.5,0,71,12:11:30
10.46,-0.89,90.5,946.6,-80.5,0,71,12:11:35
10.45,-1.3,90.5,945.7,-117.7,0,71,12:11:40
10.44,-0.58,90.5,944.8,-52.5,0,71,12:11:45
10.44,-0.58,90.5,944.8,-52.5,0,71,12:11:50
10.45,-0.97,90.5,945.7,-87.8,0,71,12:11:55
10.45,-0.77,90.5,945.7,-69.7,0,71,12:12:00
10.46,-1.25,90.5,946.6,-113.1,0,71,12:12:05
10.44,-0.89,90.5,944.8,-80.5,0,71,12:12:10
10.43,-1.13,90.5,943.9,-102.3,0,71,12:12:15
10.44,-0.95,90.5,944.8,-86,0,71,12:12:20
10.44,-1.07,90.5,944.8,-96.8,0,71,12:12:25
10.45,-1.04,90.6,946.8,-94.2,0,71,12:12:30
10.44,-0.74,90.5,944.8,-67,0,70,12:12:35
10.45,-0.52,90.5,945.7,-47.1,0,70,12:12:40
10.44,-0.88,90.5,944.8,-79.6,0,70,12:12:45
10.44,-0.94,90.5,944.8,-85.1,0,70,12:12:50
10.42,-0.53,90.4,942,-47.9,0,71,12:12:55
10.45,-0.9,90.5,945.7,-81.5,0,71,12:13:00
10.43,-0.99,90.5,943.9,-89.6,0,71,12:13:05
10.44,-1.03,90.5,944.8,-93.2,0,71,12:13:10
10.44,-0.87,90.5,944.8,-78.7,0,71,12:13:15
10.69,-1.66,90.7,969.6,-150.6,0,71,12:13:20
10.66,-1.17,90.6,965.8,-106,0,71,12:13:25
10.67,-1.34,90.6,966.7,-121.4,0,71,12:13:30
10.63,-1.58,90.7,964.1,-143.3,0,71,12:13:35
10.67,-1.95,90.7,967.8,-176.9,0,71,12:13:40
10.64,-1.91,90.7,965,-173.2,0,71,12:13:45
10.66,-1.7,90.7,966.9,-154.2,0,71,12:13:50
10.66,-1.55,90.6,965.8,-140.4,0,71,12:13:55
10.63,-1.51,90.6,963.1,-136.8,0,71,12:14:00
10.63,-0.95,90.6,963.1,-86.1,0,71,12:14:05
10.62,-1,90.6,962.2,-90.6,0,71,12:14:10
10.67,-1.24,90.5,965.6,-112.2,0,71,12:14:15
10.65,-1.5,90.6,964.9,-135.9,0,71,12:14:20
10.65,-1.76,90.7,966,-159.6,0,71,12:14:25
10.64,-1.7,90.7,965,-154.2,0,71,12:14:30
10.65,-1.55,90.7,966,-140.6,0,71,12:14:35
10.65,-1.26,90.6,964.9,-114.2,0,71,12:14:40
10.64,-1.36,90.6,964,-123.2,0,71,12:14:45
10.65,-1.51,90.6,964.9,-136.8,0,71,12:14:50
10.66,-1.44,90.6,965.8,-130.5,0,71,12:14:55
10.63,-1.4,90.6,963.1,-126.8,0,71,12:15:00
10.64,-1.37,90.6,964,-124.1,0,71,12:15:05
10.66,-1.64,90.6,965.8,-148.6,0,71,12:15:10
10.65,-1.85,90.7,966,-167.8,0,71,12:15:15
10.65,-1.42,90.7,966,-128.8,0,71,12:15:20
10.67,-1.15,90.6,966.7,-104.2,0,71,12:15:25
10.65,-1.4,90.6,964.9,-126.8,0,71,12:15:30
10.64,-0.95,90.6,964,-86.1,0,71,12:15:35
10.61,-1.67,90.7,962.3,-151.5,0,71,12:15:40
10.63,-1.44,90.7,964.1,-130.6,0,71,12:15:45
10.65,-0.78,90.5,963.8,-70.6,0,71,12:15:50
10.42,-0.95,90.6,944.1,-86.1,0,70,12:15:55
10.27,-0.8,90.6,930.5,-72.5,0,70,12:16:00
10.24,-0.28,90.5,926.7,-25.3,0,70,12:16:05
10.25,-0.3,90.5,927.6,-27.2,0,70,12:16:10
10.24,-0.39,90.5,926.7,-35.3,0,70,12:16:15
10.26,-0.49,90.5,928.5,-44.3,0,70,12:16:20
10.26,-0.85,90.6,929.6,-77,0,70,12:16:25
10.27,-0.56,90.5,929.4,-50.7,0,70,12:16:30
10.27,-0.23,90.4,928.4,-20.8,0,70,12:16:35
10.23,0.16,90.5,925.8,14.5,0,70,12:16:40
10.3,0.01,90.4,931.1,0.9,0,70,12:16:45
10.28,-0.06,90.4,929.3,-5.4,0,70,12:16:50
10.31,0.53,90.4,932,47.9,0,69,12:16:55
10.32,0.39,90.3,931.9,35.2,0,69,12:17:00
10.3,0.26,90.4,931.1,23.5,0,69,12:17:05
10.31,0.26,90.3,931,23.5,0,69,12:17:10
10.29,0.19,90.4,930.2,17.2,0,69,12:17:15
10.3,0.21,90.3,930.1,19,0,69,12:17:20
10.28,0.05,90.4,929.3,4.5,0,69,12:17:25
10.28,0,90.4,929.3,0,0,70,12:17:30
10.25,-0.28,90.5,927.6,-25.3,0,70,12:17:35
10.26,-0.01,90.4,927.5,-0.9,0,70,12:17:40
10.28,0,90.4,929.3,0,0,70,12:17:45
10.3,-0.12,90.4,931.1,-10.8,0,69,12:17:50
10.29,0.16,90.3,929.2,14.4,0,69,12:17:55
10.31,-0.25,90.4,932,-22.6,0,70,12:18:00
10.29,-0.11,90.4,930.2,-9.9,0,70,12:18:05
10.31,-0.03,90.4,932,-2.7,0,70,12:18:10
10.31,-0.16,90.4,932,-14.5,0,70,12:18:15
10.3,-0.15,90.4,931.1,-13.6,0,70,12:18:20
10.3,-0.15,90.4,931.1,-13.6,0,70,12:18:25
10.28,-0.53,90.5,930.3,-48,0,70,12:18:30
10.29,-0.45,90.5,931.2,-40.7,0,70,12:18:35
10.29,-0.16,90.4,930.2,-14.5,0,70,12:18:40
10.29,-0.08,90.4,930.2,-7.2,0,70,12:18:45
10.27,-0.03,90.4,928.4,-2.7,0,70,12:18:50
10.25,-0.06,90.4,926.6,-5.4,0,70,12:18:55
10.3,-0.05,90.4,931.1,-4.5,0,70,12:19:00
10.29,-0.17,90.4,930.2,-15.4,0,70,12:19:05
10.27,0.12,90.3,927.4,10.8,0,70,12:19:10
10.29,-0.15,90.4,930.2,-13.6,0,70,12:19:15
10.31,0.07,90.4,932,6.3,0,70,12:19:20
10.31,-0.05,90.4,932,-4.5,0,70,12:19:25
10.31,-0.31,90.4,932,-28,0,70,12:19:30
10.32,0.02,90.4,932.9,1.8,0,70,12:19:35
10.3,-0.04,90.3,930.1,-3.6,0,70,12:19:40
10.28,-0.33,90.4,929.3,-29.8,0,70,12:19:45
10.32,-0.53,90.5,934,-48,0,70,12:19:50
10.3,-0.37,90.4,931.1,-33.4,0,70,12:19:55
10.31,-0.36,90.4,932,-32.5,0,70,12:20:00
10.31,-0.39,90.4,932,-35.3,0,70,12:20:05
10.29,-0.25,90.5,931.2,-22.6,0,70,12:20:10
10.3,-0.16,90.4,931.1,-14.5,0,70,12:20:15
10.32,-0.23,90.4,932.9,-20.8,0,70,12:20:20
10.32,-0.51,90.4,932.9,-46.1,0,70,12:20:25
10.3,-0.91,90.5,932.2,-82.4,0,71,12:20:30
10.28,-0.61,90.5,930.3,-55.2,0,71,12:20:35
10.28,-1.05,90.6,931.4,-95.1,0,71,12:20:40
10.28,-0.06,90.4,929.3,-5.4,0,71,12:20:45
10.28,-0.63,90.5,930.3,-57,0,70,12:20:50
10.28,-0.76,90.5,930.3,-68.8,0,70,12:20:55
10.3,-0.67,90.5,932.2,-60.6,0,70,12:21:00
10.31,-0.39,90.4,932,-35.3,0,70,12:21:05
10.31,-0.25,90.4,932,-22.6,0,70,12:21:10
10.32,-0.37,90.4,932.9,-33.4,0,70,12:21:15
10.32,-0.74,90.5,934,-67,0,70,12:21:20
10.27,-0.73,90.5,929.4,-66.1,0,70,12:21:25
10.25,-0.21,90.5,927.6,-19,0,70,12:21:30
10.29,-0.3,90.5,931.2,-27.2,0,70,12:21:35
10.3,-0.06,90.4,931.1,-5.4,0,70,12:21:40
10.28,0.27,90.4,929.3,24.4,0,70,12:21:45
10.3,-0.08,90.4,931.1,-7.2,0,70,12:21:50
10.28,-0.2,90.4,929.3,-18.1,0,70,12:21:55
10.3,-0.27,90.5,932.2,-24.4,0,70,12:22:00
10.32,-0.06,90.4,932.9,-5.4,0,70,12:22:05
10.33,0.04,90.3,932.8,3.6,0,70,12:22:10
10.31,0,90.4,932,0,0,70,12:22:15
10.28,0.05,90.4,929.3,4.5,0,69,12:22:20
10.29,0.14,90.3,929.2,12.6,0,69,12:22:25
10.3,0.29,90.3,930.1,26.2,0,69,12:22:30
10.31,-0.1,90.4,932,-9,0,69,12:22:35
10.29,0.21,90.3,929.2,19,0,69,12:22:40
10.29,0.32,90.3,929.2,28.9,0,69,12:22:45
10.33,0.21,90.4,933.8,19,0,69,12:22:50
10.3,0.07,90.3,930.1,6.3,0,69,12:22:55
10.31,0.26,90.3,931,23.5,0,69,12:23:00
10.31,0,90.4,932,0,0,69,12:23:05
10.3,0.08,90.4,931.1,7.2,0,69,12:23:10
10.3,0.05,90.4,931.1,4.5,0,69,12:23:15
10.32,0.04,90.3,931.9,3.6,0,70,12:23:20
10.32,-0.17,90.4,932.9,-15.4,0,70,12:23:25
10.31,0.17,90.3,931,15.4,0,69,12:23:30
10.32,0.12,90.4,932.9,10.8,0,69,12:23:35
10.3,0.08,90.4,931.1,7.2,0,69,12:23:40
10.32,0.17,90.3,931.9,15.4,0,69,12:23:45
10.31,-0.08,90.4,932,-7.2,0,69,12:23:50
10.29,0.19,90.3,929.2,17.2,0,69,12:23:55
10.29,0.01,90.4,930.2,0.9,0,69,12:24:00
10.3,0.14,90.3,930.1,12.6,0,69,12:24:05
10.31,0.24,90.4,932,21.7,0,69,12:24:10
10.3,0.04,90.4,931.1,3.6,0,69,12:24:15
10.3,0.23,90.3,930.1,20.8,0,69,12:24:20
10.33,0.12,90.4,933.8,10.8,0,69,12:24:25
10.3,-0.01,90.4,931.1,-0.9,0,69,12:24:30
10.32,0.18,90.4,932.9,16.3,0,69,12:24:35
10.3,-0.05,90.4,931.1,-4.5,0,69,12:24:40
10.33,0.19,90.4,933.8,17.2,0,69,12:24:45
10.31,0.26,90.3,931,23.5,0,69,12:24:50
10.27,0.2,90.3,927.4,18.1,0,69,12:24:55
10.29,0.01,90.4,930.2,0.9,0,69,12:25:00
10.27,0.3,90.3,927.4,27.1,0,69,12:25:05
10.27,0.39,90.3,927.4,35.2,0,69,12:25:10
10.31,0.4,90.3,931,36.1,0,69,12:25:15
10.33,0.21,90.3,932.8,19,0,69,12:25:20
10.27,0.32,90.3,927.4,28.9,0,69,12:25:25
10.29,0.35,90.3,929.2,31.6,0,69,12:25:30
10.29,0.36,90.3,929.2,32.5,0,69,12:25:35
10.29,0.31,90.3,929.2,28,0,69,12:25:40
10.26,0.4,90.3,926.5,36.1,0,69,12:25:45
10.3,0.21,90.3,930.1,19,0,69,12:25:50
10.29,0.27,90.3,929.2,24.4,0,69,12:25:55
10.3,0.24,90.3,930.1,21.7,0,69,12:26:00
10.27,-0.09,90.4,928.4,-8.1,0,70,12:26:05
10.27,0.09,90.4,928.4,8.1,0,70,12:26:10
10.27,-0.11,90.4,928.4,-9.9,0,70,12:26:15
10.31,-0.25,90.4,932,-22.6,0,70,12:26:20
10.27,0.24,90.3,927.4,21.7,0,70,12:26:25
10.27,-0.09,90.4,928.4,-8.1,0,70,12:26:30
10.3,0.13,90.3,930.1,11.7,0,69,12:26:35
10.29,-0.19,90.4,930.2,-17.2,0,69,12:26:40
10.28,0.29,90.3,928.3,26.2,0,69,12:26:45
10.34,0.05,90.4,934.7,4.5,0,69,12:26:50
10.3,0.15,90.3,930.1,13.5,0,69,12:26:55
10.31,-0.23,90.4,932,-20.8,0,70,12:27:00
10.31,-0.34,90.4,932,-30.7,0,70,12:27:05
10.29,-0.7,90.5,931.2,-63.4,0,70,12:27:10
10.28,-0.79,90.5,930.3,-71.5,0,70,12:27:15
10.29,-0.61,90.4,930.2,-55.1,0,70,12:27:20
10.28,-0.43,90.4,929.3,-38.9,0,70,12:27:25
10.29,-0.39,90.4,930.2,-35.3,0,70,12:27:30
10.29,-0.4,90.4,930.2,-36.2,0,70,12:27:35
10.28,0.09,90.4,929.3,8.1,0,70,12:27:40
10.3,-0.02,90.4,931.1,-1.8,0,69,12:27:45
10.29,0.34,90.3,929.2,30.7,0,69,12:27:50
10.3,0.21,90.3,930.1,19,0,69,12:27:55
10.26,0.07,90.4,927.5,6.3,0,69,12:28:00
10.25,0.25,90.3,925.6,22.6,0,69,12:28:05
10.3,0.13,90.4,931.1,11.8,0,69,12:28:10
10.29,0.13,90.4,930.2,11.8,0,69,12:28:15
10.28,0.29,90.3,928.3,26.2,0,69,12:28:20
10.29,0.68,90.3,929.2,61.4,0,69,12:28:25
10.29,0.45,90.3,929.2,40.6,0,69,12:28:30
10.3,0.22,90.3,930.1,19.9,0,69,12:28:35
10.32,0.29,90.3,931.9,26.2,0,69,12:28:40
10.29,0.44,90.3,929.2,39.7,0,69,12:28:45
10.35,0.45,90.3,934.6,40.6,0,69,12:28:50
10.34,0.38,90.3,933.7,34.3,0,69,12:28:55
10.29,0.41,90.3,929.2,37,0,69,12:29:00
10.33,0.63,90.3,932.8,56.9,0,68,12:29:05
10.32,0.4,90.3,931.9,36.1,0,69,12:29:10
10.34,0.27,90.3,933.7,24.4,0,69,12:29:15
10.3,0.1,90.3,930.1,9,0,69,12:29:20
10.33,0,90.3,932.8,0,0,69,12:29:25
10.36,0.06,90.3,935.5,5.4,0,69,12:29:30
10.29,-0.1,90.3,929.2,-9,0,70,12:29:35
10.29,-0.5,90.4,930.2,-45.2,0,70,12:29:40
10.28,-0.34,90.4,929.3,-30.7,0,70,12:29:45
10.31,-0.14,90.4,932,-12.7,0,70,12:29:50
10.3,0.12,90.3,930.1,10.8,0,69,12:29:55
10.29,0.22,90.3,929.2,19.9,0,69,12:30:00
10.28,-0.09,90.3,928.3,-8.1,0,69,12:30:05
10.29,0.21,90.3,929.2,19,0,69,12:30:10
10.32,0.05,90.4,932.9,4.5,0,69,12:30:15
10.31,0.58,90.2,930,52.3,0,69,12:30:20
10.31,0.44,90.3,931,39.7,0,69,12:30:25
10.31,0.3,90.3,931,27.1,0,69,12:30:30
10.34,-0.23,90.4,934.7,-20.8,0,70,12:30:35
10.31,-0.49,90.4,932,-44.3,0,70,12:30:40
10.29,-0.4,90.4,930.2,-36.2,0,70,12:30:45
10.29,-0.39,90.4,930.2,-35.3,0,70,12:30:50
10.32,-0.76,90.4,932.9,-68.7,0,70,12:30:55
10.28,-0.83,90.5,930.3,-75.1,0,70,12:31:00
10.29,-0.56,90.4,930.2,-50.6,0,70,12:31:05
10.28,-0.2,90.4,929.3,-18.1,0,70,12:31:10
10.27,0,90.4,928.4,0,0,70,12:31:15
10.27,-0.57,90.5,929.4,-51.6,0,70,12:31:20
10.31,-0.82,90.5,933.1,-74.2,0,70,12:31:25
10.27,-0.56,90.4,928.4,-50.6,0,70,12:31:30
10.32,-0.37,90.4,932.9,-33.4,0,70,12:31:35
10.33,-0.54,90.5,934.9,-48.9,0,70,12:31:40
10.26,-0.18,90.4,927.5,-16.3,0,70,12:31:45
10.31,-0.19,90.4,932,-17.2,0,70,12:31:50
10.31,-0.29,90.4,932,-26.2,0,70,12:31:55
10.28,-0.24,90.4,929.3,-21.7,0,70,12:32:00
10.29,-0.11,90.4,930.2,-9.9,0,70,12:32:05
10.28,-0.03,90.3,928.3,-2.7,0,70,12:32:10
10.32,-0.04,90.4,932.9,-3.6,0,70,12:32:15
10.29,-0.32,90.4,930.2,-28.9,0,70,12:32:20
10.33,-0.11,90.4,933.8,-9.9,0,70,12:32:25
10.29,0.11,90.4,930.2,9.9,0,69,12:32:30
10.3,0.23,90.3,930.1,20.8,0,69,12:32:35
10.3,0.11,90.4,931.1,9.9,0,69,12:32:40
10.26,0.06,90.4,927.5,5.4,0,69,12:32:45
10.33,0.14,90.3,932.8,12.6,0,69,12:32:50
10.31,0.07,90.4,932,6.3,0,69,12:32:55
10.27,0.07,90.3,927.4,6.3,0,69,12:33:00
10.31,0.18,90.3,931,16.3,0,69,12:33:05
10.26,-0.14,90.4,927.5,-12.7,0,70,12:33:10
10.31,0.02,90.4,932,1.8,0,70,12:33:15
10.34,-0.14,90.3,933.7,-12.6,0,70,12:33:20
10.3,-0.41,90.4,931.1,-37.1,0,70,12:33:25
10.28,-0.47,90.4,929.3,-42.5,0,70,12:33:30
10.27,-0.14,90.4,928.4,-12.7,0,70,12:33:35
10.3,0.14,90.3,930.1,12.6,0,70,12:33:40
10.26,-0.1,90.4,927.5,-9,0,70,12:33:45
10.31,0.17,90.3,931,15.4,0,69,12:33:50
10.33,-0.35,90.4,933.8,-31.6,0,70,12:33:55
10.29,-0.17,90.4,930.2,-15.4,0,70,12:34:00
10.28,0.06,90.3,928.3,5.4,0,70,12:34:05
10.3,-0.18,90.4,931.1,-16.3,0,70,12:34:10
10.3,0.08,90.4,931.1,7.2,0,69,12:34:15
10.3,-0.09,90.4,931.1,-8.1,0,69,12:34:20
10.28,0.26,90.3,928.3,23.5,0,69,12:34:25
10.35,0.01,90.3,934.6,0.9,0,69,12:34:30
10.32,0.06,90.3,931.9,5.4,0,70,12:34:35
10.28,-0.28,90.4,929.3,-25.3,0,70,12:34:40
10.25,-0.05,90.4,926.6,-4.5,0,70,12:34:45
10.27,0.03,90.4,928.4,2.7,0,70,12:34:50
10.28,-0.06,90.3,928.3,-5.4,0,69,12:34:55
10.28,0.09,90.3,928.3,8.1,0,69,12:35:00
10.34,-0.22,90.4,934.7,-19.9,0,70,12:35:05
10.27,0.13,90.3,927.4,11.7,0,70,12:35:10
10.29,-0.25,90.4,930.2,-22.6,0,70,12:35:15
10.3,-0.4,90.4,931.1,-36.2,0,70,12:35:20
10.31,-0.05,90.3,931,-4.5,0,70,12:35:25
10.29,0.04,90.3,929.2,3.6,0,70,12:35:30
10.31,-0.24,90.4,932,-21.7,0,70,12:35:35
10.32,0.12,90.4,932.9,10.8,0,70,12:35:40
10.34,-0.18,90.4,934.7,-16.3,0,70,12:35:45
10.34,0.11,90.3,933.7,9.9,0,69,12:35:50
10.34,-0.13,90.4,934.7,-11.8,0,69,12:35:55
10.31,0.15,90.3,931,13.5,0,69,12:36:00
10.35,-0.15,90.4,935.6,-13.6,0,70,12:36:05
10.35,0.08,90.3,934.6,7.2,0,69,12:36:10
10.37,-0.27,90.4,937.4,-24.4,0,70,12:36:15
10.33,-0.02,90.4,933.8,-1.8,0,70,12:36:20
10.34,0.03,90.3,933.7,2.7,0,70,12:36:25
10.31,-0.03,90.4,932,-2.7,0,70,12:36:30
10.36,0.05,90.3,935.5,4.5,0,69,12:36:35
10.35,0.2,90.3,934.6,18.1,0,69,12:36:40
10.33,0.31,90.3,932.8,28,0,69,12:36:45
10.35,0.41,90.3,934.6,37,0,69,12:36:50
10.36,0.4,90.3,935.5,36.1,0,69,12:36:55
10.31,0.38,90.3,931,34.3,0,69,12:37:00
10.32,0.74,90.3,931.9,66.8,0,69,12:37:05
10.34,0.5,90.3,933.7,45.2,0,69,12:37:10
10.37,0.6,90.3,936.4,54.2,0,68,12:37:15
10.32,0.5,90.3,931.9,45.2,0,68,12:37:20
10.31,0.76,90.2,930,68.6,0,68,12:37:25
10.32,0.56,90.2,930.9,50.5,0,68,12:37:30
10.26,0.7,90.2,925.5,63.1,0,68,12:37:35
10.31,0.33,90.3,931,29.8,0,69,12:37:40
10.34,0.23,90.3,933.7,20.8,0,69,12:37:45
10.29,0.16,90.3,929.2,14.4,0,69,12:37:50
10.29,0.11,90.3,929.2,9.9,0,69,12:37:55
10.3,0.31,90.3,930.1,28,0,69,12:38:00
10.31,0.2,90.3,931,18.1,0,69,12:38:05
10.35,0.19,90.3,934.6,17.2,0,69,12:38:10
10.3,0,90.4,931.1,0,0,69,12:38:15
10.28,0.47,90.4,929.3,42.5,0,69,12:38:20
10.26,0.66,90.2,925.5,59.5,0,69,12:38:25
10.3,0.04,90.4,931.1,3.6,0,69,12:38:30
10.3,0.42,90.3,930.1,37.9,0,69,12:38:35
10.35,0.41,90.3,934.6,37,0,69,12:38:40
10.37,0.76,90.3,936.4,68.6,0,68,12:38:45
10.35,0.84,90.2,933.6,75.8,0,67,12:38:50
10.35,0.59,90.2,933.6,53.2,0,67,12:38:55
10.31,0.53,90.3,931,47.9,0,67,12:39:00
10.28,0.54,90.2,927.3,48.7,0,69,12:39:05
10.15,-0.28,90.4,917.6,-25.3,0,70,12:39:10
10.27,-0.88,90.5,929.4,-79.6,0,70,12:39:15
10.29,-0.42,90.4,930.2,-38,0,70,12:39:20
10.28,-0.24,90.4,929.3,-21.7,0,70,12:39:25
10.3,-0.36,90.4,931.1,-32.5,0,70,12:39:30
10.24,-0.73,90.5,926.7,-66.1,0,70,12:39:35
10.3,-0.91,90.4,931.1,-82.3,0,70,12:39:40
10.28,-0.32,90.4,929.3,-28.9,0,70,12:39:45
10.29,0,90.3,929.2,0,0,70,12:39:50
10.27,-0.05,90.3,927.4,-4.5,0,70,12:39:55
10.29,-0.34,90.4,930.2,-30.7,0,70,12:40:00
10.3,-0.16,90.4,931.1,-14.5,0,70,12:40:05
10.31,0.12,90.3,931,10.8,0,70,12:40:10
10.31,-0.13,90.4,932,-11.8,0,70,12:40:15
10.31,0.03,90.4,932,2.7,0,70,12:40:20
10.31,-0.19,90.4,932,-17.2,0,70,12:40:25
10.28,-0.06,90.4,929.3,-5.4,0,70,12:40:30
10.33,0.08,90.3,932.8,7.2,0,70,12:40:35
10.3,-0.28,90.4,931.1,-25.3,0,70,12:40:40
10.31,0.12,90.3,931,10.8,0,70,12:40:45
10.33,-0.17,90.4,933.8,-15.4,0,69,12:40:50
10.3,0.22,90.3,930.1,19.9,0,70,12:40:55
10.32,-0.08,90.4,932.9,-7.2,0,69,12:41:00
10.29,0.19,90.3,929.2,17.2,0,69,12:41:05
10.3,0,90.3,930.1,0,0,69,12:41:10
10.29,0.04,90.3,929.2,3.6,0,69,12:41:15
10.28,-0.01,90.3,928.3,-0.9,0,69,12:41:20
10.3,0.08,90.3,930.1,7.2,0,70,12:41:25
10.27,-0.19,90.4,928.4,-17.2,0,70,12:41:30
10.29,0.17,90.3,929.2,15.4,0,70,12:41:35
10.31,-0.17,90.4,932,-15.4,0,70,12:41:40
10.32,0.22,90.3,931.9,19.9,0,69,12:41:45
10.33,0.14,90.3,932.8,12.6,0,69,12:41:50
10.36,0.36,90.3,935.5,32.5,0,69,12:41:55
10.34,0.49,90.3,933.7,44.2,0,68,12:42:00
10.37,0.53,90.3,936.4,47.9,0,68,12:42:05
10.34,0.6,90.2,932.7,54.1,0,68,12:42:10
10.3,0.78,90.2,929.1,70.4,0,68,12:42:15
10.34,0.52,90.3,933.7,47,0,68,12:42:20
10.35,0.6,90.2,933.6,54.1,0,68,12:42:25
10.35,0.83,90.2,933.6,74.9,0,68,12:42:30
10.36,0.98,90.2,934.5,88.4,0,67,12:42:35
10.4,0.78,90.2,938.1,70.4,0,67,12:42:40
10.39,0.48,90.3,938.2,43.3,0,67,12:42:45
10.42,0.56,90.2,939.9,50.5,0,66,12:42:50
10.39,0.6,90.3,938.2,54.2,0,66,12:42:55
10.41,0.56,90.3,940,50.6,0,65,12:43:00
10.38,0.56,90.3,937.3,50.6,0,65,12:43:05
10.41,0.5,90.3,940,45.2,0,64,12:43:10
10.4,0.53,90.3,939.1,47.9,0,63,12:43:15
10.4,0.56,90.3,939.1,50.6,0,63,12:43:20
10.39,0.52,90.3,938.2,47,0,62,12:43:25
10.37,0.61,90.2,935.4,55,0,62,12:43:30
10.35,0.62,90.2,933.6,55.9,0,62,12:43:35
10.29,0.67,90.3,929.2,60.5,0,61,12:43:40
10.31,0.65,90.3,931,58.7,0,62,12:43:45
10.32,0.67,90.3,931.9,60.5,0,63,12:43:50
10.31,0.63,90.3,931,56.9,0,65,12:43:55
10.34,0.4,90.3,933.7,36.1,0,67,12:44:00
10.33,-0.17,90.4,933.8,-15.4,0,70,12:44:05
10.27,-2.19,90.6,930.5,-198.4,0,72,12:44:10
10.18,-4.88,91,926.4,-444.1,0,73,12:44:15
10.13,-6.11,91.2,923.9,-557.2,0,74,12:44:20
10.11,-7.93,91.5,925.1,-725.6,0,75,12:44:25
10.1,-8.23,91.7,926.2,-754.7,0,75,12:44:30
10.15,-8.15,91.6,929.7,-746.5,0,75,12:44:35
10.2,-6.32,91.4,932.3,-577.6,0,74,12:44:40
10.23,-5.08,91.2,933,-463.3,0,74,12:44:45
10.27,-4.61,91.2,936.6,-420.4,0,73,12:44:50
10.25,-4.84,91.2,934.8,-441.4,0,73,12:44:55
10.29,-3.99,91.1,937.4,-363.5,0,73,12:45:00
10.29,-3.18,91,936.4,-289.4,0,72,12:45:05
10.28,-3.01,90.9,934.5,-273.6,0,72,12:45:10
10.26,-2.69,90.9,932.6,-244.5,0,72,12:45:15
10.27,-3.14,91,934.6,-285.7,0,72,12:45:20
10.27,-2.43,91,934.6,-221.1,0,72,12:45:25
10.29,-2.19,90.8,934.3,-198.9,0,72,12:45:30
10.26,-3.02,91,933.7,-274.8,0,72,12:45:35
10.28,-2.36,90.9,934.5,-214.5,0,72,12:45:40
10.27,-3.03,91,934.6,-275.7,0,72,12:45:45
10.24,-2.86,91,931.8,-260.3,0,72,12:45:50
10.31,-2.25,90.9,937.2,-204.5,0,72,12:45:55
10.32,-2.93,91,939.1,-266.6,0,72,12:46:00
10.36,-1.53,90.7,939.7,-138.8,0,72,12:46:05
10.38,-1.14,90.6,940.4,-103.3,0,71,12:46:10
10.38,-0.79,90.6,940.4,-71.6,0,71,12:46:15
10.37,-1.22,90.6,939.5,-110.5,0,71,12:46:20
10.36,-1.1,90.7,939.7,-99.8,0,71,12:46:25
10.36,-0.62,90.6,938.6,-56.2,0,71,12:46:30
10.36,-1.14,90.6,938.6,-103.3,0,71,12:46:35
10.37,-1.2,90.7,940.6,-108.8,0,71,12:46:40
10.33,-0.89,90.6,935.9,-80.6,0,71,12:46:45
10.35,-1.03,90.6,937.7,-93.3,0,71,12:46:50
10.35,-1.19,90.6,937.7,-107.8,0,71,12:46:55
10.35,-1.32,90.7,938.7,-119.7,0,71,12:47:00
10.37,-1.45,90.7,940.6,-131.5,0,71,12:47:05
10.37,-1.57,90.7,940.6,-142.4,0,71,12:47:10
10.35,-1.74,90.7,938.7,-157.8,0,71,12:47:15
10.34,-1.75,90.7,937.8,-158.7,0,71,12:47:20
10.38,-1.5,90.7,941.5,-136.1,0,71,12:47:25
10.35,-0.94,90.6,937.7,-85.2,0,71,12:47:30
10.37,-0.62,90.5,938.5,-56.1,0,71,12:47:35
10.39,-0.73,90.7,942.4,-66.2,0,70,12:47:40
10.43,-0.66,90.6,945,-59.8,0,70,12:47:45
10.48,-0.04,90.5,948.4,-3.6,0,69,12:47:50
10.49,0.57,90.4,948.3,51.5,0,68,12:47:55
10.48,0.54,90.4,947.4,48.8,0,67,12:48:00
10.5,0.51,90.4,949.2,46.1,0,66,12:48:05
10.4,0.55,90.4,940.2,49.7,0,66,12:48:10
10.42,0.58,90.4,942,52.4,0,67,12:48:15
10.36,0.94,90.3,935.5,84.9,0,68,12:48:20
10.35,0.16,90.4,935.6,14.5,0,69,12:48:25
10.32,-0.84,90.6,935,-76.1,0,71,12:48:30
10.31,-2.72,90.9,937.2,-247.2,0,72,12:48:35
10.24,-2.87,90.9,930.8,-260.9,0,72,12:48:40
10.32,-3.24,90.9,938.1,-294.5,0,73,12:48:45
10.29,-3.37,91,936.4,-306.7,0,73,12:48:50
10.28,-3.28,90.9,934.5,-298.2,0,73,12:48:55
10.25,-3.46,91,932.8,-314.9,0,73,12:49:00
10.23,-3.26,91,930.9,-296.7,0,72,12:49:05
10.24,-2,90.8,929.8,-181.6,0,72,12:49:10
10.26,-2.35,90.9,932.6,-213.6,0,72,12:49:15
10.23,-1.61,90.7,927.9,-146,0,71,12:49:20
10.25,-1.42,90.7,929.7,-128.8,0,71,12:49:25
10.21,-1.31,90.7,926,-118.8,0,71,12:49:30
10.21,-0.46,90.6,925,-41.7,0,71,12:49:35
10.23,-0.8,90.6,926.8,-72.5,0,71,12:49:40
10.22,0,90.5,924.9,0,0,70,12:49:45
10.24,0.15,90.5,926.7,13.6,0,70,12:49:50
10.22,0.03,90.5,924.9,2.7,0,70,12:49:55
10.19,-0.58,90.6,923.2,-52.5,0,71,12:50:00
10.23,-0.87,90.6,926.8,-78.8,0,71,12:50:05
10.24,-1.14,90.6,927.7,-103.3,0,71,12:50:10
10.24,-0.72,90.6,927.7,-65.2,0,70,12:50:15
10.27,-0.61,90.6,930.5,-55.3,0,70,12:50:20
10.26,-0.34,90.6,929.6,-30.8,0,70,12:50:25
10.22,-0.48,90.5,924.9,-43.4,0,70,12:50:30
10.21,-0.75,90.6,925,-68,0,71,12:50:35
10.19,-0.78,90.6,923.2,-70.7,0,71,12:50:40
10.23,-0.46,90.6,926.8,-41.7,0,70,12:50:45
10.25,-0.01,90.5,927.6,-0.9,0,70,12:50:50
10.22,0.04,90.4,923.9,3.6,0,70,12:50:55
10.24,0.01,90.5,926.7,0.9,0,70,12:51:00
10.23,-0.22,90.5,925.8,-19.9,0,70,12:51:05
10.24,0.17,90.4,925.7,15.4,0,69,12:51:10
10.26,0.11,90.4,927.5,9.9,0,69,12:51:15
10.27,0.17,90.4,928.4,15.4,0,70,12:51:20
10.28,0.05,90.4,929.3,4.5,0,70,12:51:25
10.27,-0.17,90.5,929.4,-15.4,0,70,12:51:30
10.31,-0.76,90.6,934.1,-68.9,0,71,12:51:35
10.31,-0.99,90.6,934.1,-89.7,0,71,12:51:40
10.35,-1.33,90.6,937.7,-120.5,0,71,12:51:45
10.37,-0.97,90.6,939.5,-87.9,0,71,12:51:50
10.32,-1.03,90.7,936,-93.4,0,71,12:51:55
10.36,-1.09,90.6,938.6,-98.8,0,71,12:52:00
10.35,-1.23,90.7,938.7,-111.6,0,70,12:52:05
10.42,-1.27,90.7,945.1,-115.2,0,70,12:52:10
10.32,-0.78,90.6,935,-70.7,0,70,12:52:15
10.31,-0.8,90.6,934.1,-72.5,0,70,12:52:20
10.5,-1.82,90.7,952.4,-165.1,0,71,12:52:25
10.07,-0.75,90.6,912.3,-68,0,71,12:52:30
9.89,-0.35,90.6,896,-31.7,0,70,12:52:35
9.83,-0.16,90.5,889.6,-14.5,0,69,12:52:40
10.08,-0.25,90.6,913.2,-22.7,0,69,12:52:45
10.17,-0.78,90.6,921.4,-70.7,0,70,12:52:50
9.6,-0.68,90.6,869.8,-61.6,0,70,12:52:55
9.69,-0.47,90.5,876.9,-42.5,0,71,12:53:00
9.81,-0.88,90.7,889.8,-79.8,0,70,12:53:05
9.96,-0.63,90.6,902.4,-57.1,0,70,12:53:10
9.69,-0.01,90.5,876.9,-0.9,0,69,12:53:15
9.75,-0.1,90.5,882.4,-9.1,0,69,12:53:20
9.86,-0.14,90.5,892.3,-12.7,0,69,12:53:25
9.85,-0.02,90.5,891.4,-1.8,0,69,12:53:30
9.37,0.21,90.5,848,19,0,69,12:53:35
9.65,-0.04,90.5,873.3,-3.6,0,69,12:53:40
9.82,-0.09,90.5,888.7,-8.1,0,69,12:53:45
10.1,-0.47,90.5,914.1,-42.5,0,69,12:53:50
10.08,-0.23,90.5,912.2,-20.8,0,69,12:53:55
10.1,0.12,90.6,915.1,10.9,0,69,12:54:00
10.13,-0.18,90.5,916.8,-16.3,0,69,12:54:05
10.09,-0.17,90.5,913.1,-15.4,0,69,12:54:10
10.1,-0.14,90.5,914.1,-12.7,0,69,12:54:15
10.12,-0.01,90.5,915.9,-0.9,0,69,12:54:20
10.12,-0.25,90.5,915.9,-22.6,0,68,12:54:25
10.09,-0.04,90.5,913.1,-3.6,0,68,12:54:30
10.08,-0.58,90.6,913.2,-52.5,0,70,12:54:35
10.06,-0.69,90.6,911.4,-62.5,0,70,12:54:40
10.16,-1.22,90.7,921.5,-110.7,0,70,12:54:45
10.13,-0.62,90.6,917.8,-56.2,0,70,12:54:50
10.12,-0.35,90.6,916.9,-31.7,0,70,12:54:55
10.09,-0.83,90.6,914.2,-75.2,0,70,12:55:00
10.09,-1.27,90.7,915.2,-115.2,0,70,12:55:05
10.09,-0.87,90.6,914.2,-78.8,0,71,12:55:10
10.09,-0.74,90.6,914.2,-67,0,70,12:55:15
10.11,-0.52,90.6,916,-47.1,0,70,12:55:20
10.1,-0.45,90.5,914.1,-40.7,0,70,12:55:25
10.13,-0.36,90.5,916.8,-32.6,0,69,12:55:30
10.13,-0.41,90.5,916.8,-37.1,0,69,12:55:35
10.12,-0.47,90.6,916.9,-42.6,0,69,12:55:40
10.12,-0.43,90.5,915.9,-38.9,0,70,12:55:45
10.1,-0.88,90.7,916.1,-79.8,0,70,12:55:50
10.13,-0.6,90.6,917.8,-54.4,0,70,12:55:55
10.16,-0.36,90.5,919.5,-32.6,0,69,12:56:00
10.14,-0.21,90.5,917.7,-19,0,69,12:56:05
10.13,0.01,90.5,916.8,0.9,0,69,12:56:10
10.11,-0.57,90.5,915,-51.6,0,69,12:56:15
10.11,-0.35,90.6,916,-31.7,0,70,12:56:20
10.13,-0.59,90.6,917.8,-53.5,0,70,12:56:25
10.09,-0.74,90.6,914.2,-67,0,70,12:56:30
10.08,-0.55,90.6,913.2,-49.8,0,70,12:56:35
10.07,-0.9,90.7,913.3,-81.6,0,70,12:56:40
10.05,-1.45,90.7,911.5,-131.5,0,71,12:56:45
10.01,-2.01,90.8,908.9,-182.5,0,72,12:56:50
10.04,-2.98,91,913.6,-271.2,0,72,12:56:55
10.02,-3.34,91,911.8,-303.9,0,73,12:57:00
10.03,-2.27,90.9,911.7,-206.3,0,72,12:57:05
10.03,-2.38,90.9,911.7,-216.3,0,72,12:57:10
10.02,-1.59,90.8,909.8,-144.4,0,72,12:57:15
10.09,-0.95,90.7,915.2,-86.2,0,71,12:57:20
10.18,-0.46,90.6,922.3,-41.7,0,69,12:57:25
10.17,-0.21,90.6,921.4,-19,0,67,12:57:30
10.14,-0.12,90.6,918.7,-10.9,0,66,12:57:35
10.02,-0.06,90.6,907.8,-5.4,0,67,12:57:40
10.08,-0.2,90.5,912.2,-18.1,0,68,12:57:45
10.04,-0.36,90.6,909.6,-32.6,0,70,12:57:50
10.05,-0.9,90.6,910.5,-81.5,0,71,12:57:55
9.99,-1.74,90.7,906.1,-157.8,0,72,12:58:00
9.92,-4.23,91.1,903.7,-385.4,0,73,12:58:05
9.95,-5.02,91.3,908.4,-458.3,0,74,12:58:10
9.94,-5,91.2,906.5,-456,0,74,12:58:15
9.92,-5.1,91.3,905.7,-465.6,0,74,12:58:20
9.97,-4.88,91.3,910.3,-445.5,0,74,12:58:25
9.97,-4.53,91.3,910.3,-413.6,0,73,12:58:30
9.95,-4,91.2,907.4,-364.8,0,73,12:58:35
9.99,-3.24,91.1,910.1,-295.2,0,73,12:58:40
9.97,-3.45,91.1,908.3,-314.3,0,73,12:58:45
9.99,-3.48,91.1,910.1,-317,0,73,12:58:50
10,-3.2,91,910,-291.2,0,73,12:58:55
9.96,-3.21,91,906.4,-292.1,0,73,12:59:00
9.96,-3.22,91.1,907.4,-293.3,0,73,12:59:05
9.96,-3.16,91.1,907.4,-287.9,0,73,12:59:10
9.97,-3.26,91.1,908.3,-297,0,73,12:59:15
9.95,-3.72,91.2,907.4,-339.3,0,73,12:59:20
9.97,-2.84,91.2,909.3,-259,0,72,12:59:25
10,-2.19,90.9,909,-199.1,0,72,12:59:30
9.95,-2.43,90.9,904.5,-220.9,0,72,12:59:35
9.98,-2.7,91,908.2,-245.7,0,72,12:59:40
9.97,-2.32,91,907.3,-211.1,0,72,12:59:45
9.94,-2.19,90.9,903.5,-199.1,0,72,12:59:50
9.97,-1.52,90.8,905.3,-138,0,72,12:59:55
9.97,-1.61,90.9,906.3,-146.3,0,72,13:00:00
10.15,-0.47,90.7,920.6,-42.6,0,70,13:00:05
10.08,-0.09,90.6,913.2,-8.2,0,68,13:00:10
10.05,-0.07,90.6,910.5,-6.3,0,68,13:00:15
9.96,-0.36,90.6,902.4,-32.6,0,70,13:00:20
9.88,-3.11,91,899.1,-283,0,73,13:00:25
9.79,-5.72,91.4,894.8,-522.8,0,74,13:00:30
9.86,-5.59,91.4,901.2,-510.9,0,74,13:00:35
9.92,-3.93,91.2,904.7,-358.4,0,73,13:00:40
10.06,-2.21,90.9,914.5,-200.9,0,72,13:00:45
10.05,-1.19,90.8,912.5,-108.1,0,70,13:00:50
9.97,-0.83,90.7,904.3,-75.3,0,71,13:00:55
9.91,-2.49,91,901.8,-226.6,0,73,13:01:00
9.93,-4.25,91.3,906.6,-388,0,73,13:01:05
9.92,-3.98,91.2,904.7,-363,0,73,13:01:10
9.92,-4.57,91.3,905.7,-417.2,0,73,13:01:15
9.93,-4.24,91.2,905.6,-386.7,0,73,13:01:20
9.9,-4.25,91.3,903.9,-388,0,73,13:01:25
9.95,-3.79,91.2,907.4,-345.6,0,73,13:01:30
9.94,-3.25,91.1,905.5,-296.1,0,73,13:01:35
9.93,-3.15,91.1,904.6,-287,0,73,13:01:40
9.92,-3.39,91.2,904.7,-309.2,0,73,13:01:45
9.89,-4.62,91.3,903,-421.8,0,73,13:01:50
9.92,-4,91.3,905.7,-365.2,0,73,13:01:55
9.94,-3.59,91.3,907.5,-327.8,0,73,13:02:00
10.18,-2.84,91.1,927.4,-258.7,0,72,13:02:05
10.13,-3.45,91.2,923.9,-314.6,0,73,13:02:10
10.15,-3.36,91.2,925.7,-306.4,0,73,13:02:15
10.18,-2.14,91,926.4,-194.7,0,72,13:02:20
10.19,-2.19,91,927.3,-199.3,0,72,13:02:25
10.17,-1.68,90.9,924.5,-152.7,0,72,13:02:30
10.17,-2.27,91,925.5,-206.6,0,72,13:02:35
10.2,-2.05,91,928.2,-186.6,0,72,13:02:40
10.19,-1.56,90.9,926.3,-141.8,0,72,13:02:45
10.17,-2.38,91,925.5,-216.6,0,72,13:02:50
10.14,-2.2,91,922.7,-200.2,0,72,13:02:55
10.17,-2.88,91.1,926.5,-262.4,0,72,13:03:00
10.19,-1.77,90.9,926.3,-160.9,0,72,13:03:05
10.25,-1.95,91,932.8,-177.5,0,71,13:03:10
10.22,-1.1,90.9,929,-100,0,71,13:03:15
10.24,-1.04,90.8,929.8,-94.4,0,71,13:03:20
10.25,-1.08,90.9,931.7,-98.2,0,70,13:03:25
10.26,-0.86,90.8,931.6,-78.1,0,70,13:03:30
10.28,-0.24,90.7,932.4,-21.8,0,69,13:03:35
10.34,-0.17,90.7,937.8,-15.4,0,68,13:03:40
10.31,-0.21,90.7,935.1,-19,0,66,13:03:45
10.25,-0.25,90.7,929.7,-22.7,0,67,13:03:50
10.25,-0.13,90.6,928.7,-11.8,0,68,13:03:55
10.26,-0.17,90.7,930.6,-15.4,0,68,13:04:00
10.21,-0.35,90.7,926,-31.7,0,69,13:04:05
10.24,-0.35,90.6,927.7,-31.7,0,70,13:04:10
10.26,-0.68,90.7,930.6,-61.7,0,70,13:04:15
10.21,-0.72,90.7,926,-65.3,0,70,13:04:20
10.26,-0.77,90.7,930.6,-69.8,0,70,13:04:25
10.3,-1.11,90.8,935.2,-100.8,0,70,13:04:30
10.24,-0.93,90.8,929.8,-84.4,0,70,13:04:35
10.14,-1.39,90.9,921.7,-126.4,0,71,13:04:40
10.13,-2.32,91,921.8,-211.1,0,72,13:04:45
10.11,-3.44,91.1,921,-313.4,0,73,13:04:50
10.12,-3.66,91.2,922.9,-333.8,0,73,13:04:55
10.1,-3.14,91.1,920.1,-286.1,0,73,13:05:00
10.14,-2.87,91.1,923.8,-261.5,0,73,13:05:05
10.11,-2.98,91.1,921,-271.5,0,73,13:05:10
10.08,-3.33,91.2,919.3,-303.7,0,73,13:05:15
10.08,-4.08,91.3,920.3,-372.5,0,73,13:05:20
10.04,-3.84,91.2,915.6,-350.2,0,73,13:05:25
10.06,-4.36,91.3,918.5,-398.1,0,73,13:05:30
10.05,-4.34,91.3,917.6,-396.2,0,74,13:05:35
10.05,-4.63,91.4,918.6,-423.2,0,73,13:05:40
10.1,-3.86,91.3,922.1,-352.4,0,73,13:05:45
10.07,-3.09,91.2,918.4,-281.8,0,73,13:05:50
10.08,-2.86,91.1,918.3,-260.5,0,73,13:05:55
10.13,-2.27,91.1,922.8,-206.8,0,72,13:06:00
10.13,-2.44,91.1,922.8,-222.3,0,72,13:06:05
10.12,-2.25,91.1,921.9,-205,0,72,13:06:10
10.1,-1.89,91,919.1,-172,0,72,13:06:15
10.13,-2.2,91.1,922.8,-200.4,0,72,13:06:20
10.13,-1.86,91,921.8,-169.3,0,72,13:06:25
10.14,-1.45,90.9,921.7,-131.8,0,71,13:06:30
10.12,-1.64,91,920.9,-149.2,0,71,13:06:35
10.13,-1.82,91,921.8,-165.6,0,71,13:06:40
10.11,-1.79,91,920,-162.9,0,71,13:06:45
10.13,-1.83,91,921.8,-166.5,0,71,13:06:50
10.14,-1.41,91,922.7,-128.3,0,71,13:06:55
10.15,-0.89,90.9,922.6,-80.9,0,71,13:07:00
10.14,-1.11,90.8,920.7,-100.8,0,71,13:07:05
10.14,-1.5,91,922.7,-136.5,0,71,13:07:10
10.16,-0.75,90.8,922.5,-68.1,0,71,13:07:15
10.15,-1.63,91,923.7,-148.3,0,71,13:07:20
10.19,-0.81,90.9,926.3,-73.6,0,70,13:07:25
10.12,-1.22,90.9,919.9,-110.9,0,70,13:07:30
10.17,-0.92,90.9,924.5,-83.6,0,70,13:07:35
10.15,-0.53,90.8,921.6,-48.1,0,70,13:07:40
10.19,-0.49,90.8,925.3,-44.5,0,70,13:07:45
10.13,-0.48,90.8,919.8,-43.6,0,70,13:07:50
10.14,-0.87,90.9,921.7,-79.1,0,70,13:07:55
10.09,-0.86,90.8,916.2,-78.1,0,70,13:08:00
10.08,-0.45,90.8,915.3,-40.9,0,70,13:08:05
10.12,-0.28,90.7,917.9,-25.4,0,70,13:08:10
10.14,-0.41,90.7,919.7,-37.2,0,69,13:08:15
10.17,-0.11,90.7,922.4,-10,0,68,13:08:20
10.16,-0.18,90.7,921.5,-16.3,0,68,13:08:25
10.15,-0.18,90.7,920.6,-16.3,0,67,13:08:30
10.14,-0.09,90.7,919.7,-8.2,0,66,13:08:35
10.12,-0.13,90.7,917.9,-11.8,0,66,13:08:40
10.07,-0.11,90.7,913.3,-10,0,66,13:08:45
10.09,-0.09,90.7,915.2,-8.2,0,66,13:08:50
10.11,-0.15,90.7,917,-13.6,0,66,13:08:55
10.08,-0.09,90.7,914.3,-8.2,0,66,13:09:00
10.07,-0.07,90.7,913.3,-6.3,0,66,13:09:05
10.05,-0.05,90.7,911.5,-4.5,0,67,13:09:10
10.05,-0.07,90.6,910.5,-6.3,0,69,13:09:15
10.09,-0.54,90.7,915.2,-49,0,70,13:09:20
10.08,-0.87,90.7,914.3,-78.9,0,70,13:09:25
10.11,-1,90.8,918,-90.8,0,70,13:09:30
10.15,-1.05,90.8,921.6,-95.3,0,71,13:09:35
10.15,-0.23,90.7,920.6,-20.9,0,70,13:09:40
10.22,-0.35,90.7,927,-31.7,0,69,13:09:45
10.24,-0.27,90.7,928.8,-24.5,0,69,13:09:50
10.26,-0.49,90.7,930.6,-44.4,0,69,13:09:55
10.24,-0.25,90.7,928.8,-22.7,0,69,13:10:00
10.11,-0.03,90.7,917,-2.7,0,69,13:10:05
9.86,0.07,90.6,893.3,6.3,0,69,13:10:10
10.01,-0.17,90.7,907.9,-15.4,0,69,13:10:15
10.06,-0.12,90.7,912.4,-10.9,0,69,13:10:20
10.05,-0.25,90.7,911.5,-22.7,0,70,13:10:25
10.08,-0.49,90.7,914.3,-44.4,0,70,13:10:30
10.07,-0.48,90.7,913.3,-43.5,0,70,13:10:35
10.04,-0.27,90.6,909.6,-24.5,0,70,13:10:40
10.01,-0.57,90.7,907.9,-51.7,0,70,13:10:45
10.07,-0.24,90.7,913.3,-21.8,0,70,13:10:50
10.05,-0.37,90.7,911.5,-33.6,0,70,13:10:55
10.04,-0.37,90.7,910.6,-33.6,0,70,13:11:00
10.08,-0.27,90.7,914.3,-24.5,0,69,13:11:05
10.06,-0.01,90.6,911.4,-0.9,0,69,13:11:10
10.05,-0.13,90.7,911.5,-11.8,0,69,13:11:15
10.02,-0.02,90.7,908.8,-1.8,0,69,13:11:20
9.97,0.21,90.7,904.3,19,0,69,13:11:25
9.99,-0.07,90.6,905.1,-6.3,0,69,13:11:30
9.98,-0.65,90.7,905.2,-59,0,70,13:11:35
10.07,-1.03,90.8,914.4,-93.5,0,71,13:11:40
10.13,-0.8,90.8,919.8,-72.6,0,71,13:11:45
10.24,-1.45,90.8,929.8,-131.7,0,71,13:11:50
10.09,-1.67,90.9,917.2,-151.8,0,72,13:11:55
10.1,-3.25,91.2,921.1,-296.4,0,73,13:12:00
10.12,-4.1,91.3,924,-374.3,0,73,13:12:05
10.02,-4.05,91.2,913.8,-369.4,0,73,13:12:10
9.9,-4.11,91.3,903.9,-375.2,0,73,13:12:15
9.91,-4.12,91.2,903.8,-375.7,0,73,13:12:20
10.01,-4.18,91.3,913.9,-381.6,0,73,13:12:25
10.02,-4.61,91.4,915.8,-421.4,0,74,13:12:30
9.96,-4.85,91.5,911.3,-443.8,0,74,13:12:35
10.06,-4.6,91.4,919.5,-420.4,0,73,13:12:40
10.06,-3.79,91.3,918.5,-346,0,73,13:12:45
10.07,-3.93,91.4,920.4,-359.2,0,73,13:12:50
10.06,-3.8,91.3,918.5,-346.9,0,73,13:12:55
10.08,-3.3,91.2,919.3,-301,0,73,13:13:00
10.09,-3,91.2,920.2,-273.6,0,73,13:13:05
10.09,-3.23,91.3,921.2,-294.9,0,73,13:13:10
10.05,-3.28,91.3,917.6,-299.5,0,73,13:13:15
10.09,-3.26,91.3,921.2,-297.6,0,73,13:13:20
10.06,-2.91,91.2,917.5,-265.4,0,73,13:13:25
10.08,-2.12,91.1,918.3,-193.1,0,72,13:13:30
10.11,-2.15,91.1,921,-195.9,0,72,13:13:35
10.1,-1.95,91.1,920.1,-177.6,0,72,13:13:40
10.07,-2.15,91.1,917.4,-195.9,0,72,13:13:45
10.09,-1.9,91.1,919.2,-173.1,0,72,13:13:50
10.06,-2.64,91.1,916.5,-240.5,0,73,13:13:55
10.04,-3.21,91.2,915.6,-292.8,0,73,13:14:00
10.01,-3.73,91.3,913.9,-340.5,0,73,13:14:05
10.01,-4.1,91.4,914.9,-374.7,0,73,13:14:10
10.01,-4.48,91.5,915.9,-409.9,0,74,13:14:15
10.03,-4.17,91.4,916.7,-381.1,0,73,13:14:20
10,-3.88,91.4,914,-354.6,0,73,13:14:25
10.03,-3.98,91.4,916.7,-363.8,0,73,13:14:30
10.03,-4.71,91.5,917.7,-431,0,74,13:14:35
10.03,-4.37,91.5,917.7,-399.9,0,74,13:14:40
10.03,-4.28,91.4,916.7,-391.2,0,74,13:14:45
10.01,-4.54,91.5,915.9,-415.4,0,73,13:14:50
10.02,-3.74,91.4,915.8,-341.8,0,73,13:14:55
10.02,-3.92,91.4,915.8,-358.3,0,73,13:15:00
10.05,-3.42,91.3,917.6,-312.2,0,73,13:15:05
10.01,-3.45,91.4,914.9,-315.3,0,73,13:15:10
10.02,-3.74,91.4,915.8,-341.8,0,73,13:15:15
10.02,-3.28,91.3,914.8,-299.5,0,73,13:15:20
9.96,-2.82,91.3,909.3,-257.5,0,73,13:15:25
10.04,-2.95,91.3,916.7,-269.3,0,73,13:15:30
10.03,-3.1,91.4,916.7,-283.3,0,73,13:15:35
10.02,-3.67,91.4,915.8,-335.4,0,73,13:15:40
10.02,-3.6,91.4,915.8,-329,0,73,13:15:45
10.01,-3.28,91.3,913.9,-299.5,0,73,13:15:50
10.04,-3.62,91.4,917.7,-330.9,0,73,13:15:55
10.04,-3.62,91.4,917.7,-330.9,0,73,13:16:00
10.04,-3.01,91.2,915.6,-274.5,0,73,13:16:05
10.03,-2.73,91.2,914.7,-249,0,73,13:16:10
10.03,-2.73,91.2,914.7,-249,0,73,13:16:15
10.05,-3.1,91.3,917.6,-283,0,73,13:16:20
10.06,-3.28,91.3,918.5,-299.5,0,73,13:16:25
10.03,-3.03,91.3,915.7,-276.6,0,73,13:16:30
10.04,-2.92,91.2,915.6,-266.3,0,73,13:16:35
10.02,-2.9,91.2,913.8,-264.5,0,73,13:16:40
10.02,-3.12,91.3,914.8,-284.9,0,73,13:16:45
10.01,-3.55,91.4,914.9,-324.5,0,73,13:16:50
10,-3.98,91.5,915,-364.2,0,73,13:16:55
10.02,-3.52,91.4,915.8,-321.7,0,73,13:17:00
10.01,-3.86,91.5,915.9,-353.2,0,73,13:17:05
10.01,-3.53,91.4,914.9,-322.6,0,73,13:17:10
9.97,-3.6,91.4,911.3,-329,0,73,13:17:15
9.91,-4.43,91.5,906.8,-405.3,0,73,13:17:20
9.99,-3.98,91.5,914.1,-364.2,0,73,13:17:25
9.98,-4.11,91.5,913.2,-376.1,0,73,13:17:30
9.98,-3.84,91.5,913.2,-351.4,0,73,13:17:35
10,-3.89,91.5,915,-355.9,0,73,13:17:40
9.97,-4.22,91.5,912.3,-386.1,0,73,13:17:45
9.99,-3.69,91.4,913.1,-337.3,0,73,13:17:50
9.98,-4.24,91.6,914.2,-388.4,0,73,13:17:55
9.98,-3.41,91.4,912.2,-311.7,0,73,13:18:00
9.98,-3.9,91.5,913.2,-356.9,0,73,13:18:05
10.01,-3.4,91.4,914.9,-310.8,0,73,13:18:10
9.95,-3.01,91.3,908.4,-274.8,0,73,13:18:15
10.01,-3.51,91.6,916.9,-321.5,0,73,13:18:20
10.02,-3.49,91.4,915.8,-319,0,73,13:18:25
10.02,-3.16,91.4,915.8,-288.8,0,73,13:18:30
10.04,-3.77,91.5,918.7,-345,0,73,13:18:35
10.03,-3.18,91.4,916.7,-290.7,0,73,13:18:40
10.03,-2.92,91.3,915.7,-266.6,0,73,13:18:45
9.98,-3.04,91.4,912.2,-277.9,0,73,13:18:50
9.99,-3.05,91.4,913.1,-278.8,0,73,13:18:55
10,-3.23,91.4,914,-295.2,0,73,13:19:00
10,-3.18,91.3,913,-290.3,0,73,13:19:05
10.02,-3.07,91.4,915.8,-280.6,0,73,13:19:10
10.01,-2.91,91.4,914.9,-266,0,73,13:19:15
10.01,-3.12,91.4,914.9,-285.2,0,73,13:19:20
9.99,-3.53,91.5,914.1,-323,0,73,13:19:25
9.98,-3.19,91.4,912.2,-291.6,0,73,13:19:30
9.98,-2.26,91.3,911.2,-206.3,0,73,13:19:35
10.01,-2.59,91.3,913.9,-236.5,0,73,13:19:40
10,-2.74,91.3,913,-250.2,0,73,13:19:45
9.96,-2.94,91.4,910.3,-268.7,0,73,13:19:50
9.95,-3.15,91.4,909.4,-287.9,0,73,13:19:55
9.96,-3.28,91.4,910.3,-299.8,0,73,13:20:00
10,-3.17,91.4,914,-289.7,0,73,13:20:05
9.99,-2.81,91.3,912.1,-256.6,0,73,13:20:10
10,-2.67,91.3,913,-243.8,0,73,13:20:15
10.03,-3,91.4,916.7,-274.2,0,73,13:20:20
10,-3.49,91.5,915,-319.3,0,73,13:20:25
9.98,-3.53,91.4,912.2,-322.6,0,73,13:20:30
9.99,-3.17,91.4,913.1,-289.7,0,73,13:20:35
9.94,-3.7,91.5,909.5,-338.6,0,73,13:20:40
9.97,-3.35,91.4,911.3,-306.2,0,73,13:20:45
9.99,-3.8,91.6,915.1,-348.1,0,73,13:20:50
9.96,-3.67,91.5,911.3,-335.8,0,73,13:20:55
9.99,-4.25,91.6,915.1,-389.3,0,73,13:21:00
9.98,-3.51,91.5,913.2,-321.2,0,73,13:21:05
9.95,-3.66,91.5,910.4,-334.9,0,73,13:21:10
9.99,-3.06,91.5,914.1,-280,0,73,13:21:15
9.99,-2.52,91.4,913.1,-230.3,0,73,13:21:20
10,-2.52,91.4,914,-230.3,0,73,13:21:25
9.95,-2.85,91.4,909.4,-260.5,0,73,13:21:30
9.93,-3.48,91.5,908.6,-318.4,0,73,13:21:35
9.9,-3.69,91.5,905.9,-337.6,0,73,13:21:40
9.9,-4.77,91.7,907.8,-437.4,0,74,13:21:45
9.85,-4.82,91.7,903.2,-442,0,74,13:21:50
9.91,-4.13,91.6,907.8,-378.3,0,74,13:21:55
9.91,-3.53,91.5,906.8,-323,0,73,13:22:00
9.93,-4,91.6,909.6,-366.4,0,73,13:22:05
9.91,-3.5,91.5,906.8,-320.3,0,73,13:22:10
9.92,-4.08,91.6,908.7,-373.7,0,73,13:22:15
9.91,-3.42,91.5,906.8,-312.9,0,73,13:22:20
9.91,-3.87,91.6,907.8,-354.5,0,73,13:22:25
9.97,-2.74,91.4,911.3,-250.4,0,73,13:22:30
9.88,-2.66,91.4,903,-243.1,0,73,13:22:35
9.93,-3.09,91.5,908.6,-282.7,0,73,13:22:40
9.91,-3.47,91.5,906.8,-317.5,0,73,13:22:45
9.89,-3.06,91.5,904.9,-280,0,73,13:22:50
9.95,-3.68,91.6,911.4,-337.1,0,73,13:22:55
9.94,-3.36,91.5,909.5,-307.4,0,73,13:23:00
9.89,-3.57,91.6,905.9,-327,0,73,13:23:05
9.93,-3.47,91.5,908.6,-317.5,0,73,13:23:10
9.9,-3.5,91.6,906.8,-320.6,0,73,13:23:15
9.92,-3.39,91.5,907.7,-310.2,0,73,13:23:20
9.95,-2.74,91.4,909.4,-250.4,0,73,13:23:25
9.94,-2.32,91.4,908.5,-212,0,73,13:23:30
9.92,-2.51,91.4,906.7,-229.4,0,73,13:23:35
9.97,-2.09,91.4,911.3,-191,0,73,13:23:40
9.91,-1.98,91.3,904.8,-180.8,0,73,13:23:45
9.93,-2.11,91.3,906.6,-192.6,0,73,13:23:50
9.91,-2.1,91.3,904.8,-191.7,0,73,13:23:55
9.91,-2.24,91.4,905.8,-204.7,0,73,13:24:00
9.91,-2.31,91.4,905.8,-211.1,0,73,13:24:05
9.92,-2.65,91.4,906.7,-242.2,0,73,13:24:10
9.88,-2.68,91.5,904,-245.2,0,73,13:24:15
9.89,-2.66,91.5,904.9,-243.4,0,73,13:24:20
9.9,-2.65,91.5,905.9,-242.5,0,73,13:24:25
9.91,-2.34,91.4,905.8,-213.9,0,72,13:24:30
9.76,-1.73,91.4,892.1,-158.1,0,73,13:24:35
9.41,-1.33,91.2,858.2,-121.3,0,72,13:24:40
9.51,-1.51,91.2,867.3,-137.7,0,72,13:24:45
9.62,-1.49,91.2,877.3,-135.9,0,72,13:24:50
9.74,-1.61,91.2,888.3,-146.8,0,72,13:24:55
9.91,-2.17,91.4,905.8,-198.3,0,72,13:25:00
9.87,-2.01,91.3,901.1,-183.5,0,72,13:25:05
9.9,-1.94,91.3,903.9,-177.1,0,72,13:25:10
9.89,-1.88,91.3,903,-171.6,0,73,13:25:15
9.84,-2.21,91.4,899.4,-202,0,73,13:25:20
9.88,-2.03,91.3,902,-185.3,0,73,13:25:25
9.87,-2.25,91.3,901.1,-205.4,0,72,13:25:30
9.86,-2.56,91.4,901.2,-234,0,73,13:25:35
9.89,-2.6,91.4,903.9,-237.6,0,73,13:25:40
9.91,-1.47,91.3,904.8,-134.2,0,72,13:25:45
9.88,-1.55,91.3,902,-141.5,0,72,13:25:50
9.91,-1.35,91.2,903.8,-123.1,0,71,13:25:55
9.93,-1.53,91.3,906.6,-139.7,0,71,13:26:00
9.89,-1.62,91.3,903,-147.9,0,71,13:26:05
9.91,-1.27,91.2,903.8,-115.8,0,71,13:26:10
9.89,-1.03,91.1,901,-93.8,0,71,13:26:15
9.9,-1.05,91.2,902.9,-95.8,0,71,13:26:20
9.9,-1,91.2,902.9,-91.2,0,71,13:26:25
9.91,-0.48,91.1,902.8,-43.7,0,70,13:26:30
9.91,-0.18,91,901.8,-16.4,0,70,13:26:35
9.89,-0.5,91.1,901,-45.6,0,70,13:26:40
9.91,-0.53,91.1,902.8,-48.3,0,70,13:26:45
9.92,-0.21,91,902.7,-19.1,0,70,13:26:50
9.87,-0.03,91,898.2,-2.7,0,70,13:26:55
9.89,-0.59,91.1,901,-53.7,0,71,13:27:00
9.88,-0.56,91,899.1,-51,0,71,13:27:05
9.9,-1.23,91.2,902.9,-112.2,0,71,13:27:10
9.89,-1.43,91.2,902,-130.4,0,71,13:27:15
9.87,-1.09,91.2,900.1,-99.4,0,71,13:27:20
9.86,-1.52,91.2,899.2,-138.6,0,71,13:27:25
9.88,-1.5,91.2,901.1,-136.8,0,72,13:27:30
9.85,-1.71,91.3,899.3,-156.1,0,72,13:27:35
9.86,-1.9,91.3,900.2,-173.5,0,72,13:27:40
9.88,-1.97,91.3,902,-179.9,0,72,13:27:45
9.82,-2.46,91.4,897.5,-224.8,0,72,13:27:50
9.83,-2.06,91.4,898.5,-188.3,0,72,13:27:55
9.87,-1.16,91.3,901.1,-105.9,0,72,13:28:00
9.89,-1.77,91.3,903,-161.6,0,72,13:28:05
9.89,-1.51,91.3,903,-137.9,0,71,13:28:10
9.89,-1.31,91.2,902,-119.5,0,71,13:28:15
9.87,-1.35,91.3,901.1,-123.3,0,71,13:28:20
9.89,-1.46,91.3,903,-133.3,0,71,13:28:25
9.85,-1.49,91.3,899.3,-136,0,71,13:28:30
9.86,-1.46,91.2,899.2,-133.2,0,71,13:28:35
9.86,-1.56,91.3,900.2,-142.4,0,72,13:28:40
9.82,-1.26,91.1,894.6,-114.8,0,72,13:28:45
9.86,-0.97,91.1,898.2,-88.4,0,72,13:28:50
9.84,-1.66,91.3,898.4,-151.6,0,72,13:28:55
9.81,-1.43,91.2,894.7,-130.4,0,72,13:29:00
9.81,-1.07,91.1,893.7,-97.5,0,72,13:29:05
9.85,-1.66,91.3,899.3,-151.6,0,72,13:29:10
9.84,-1.55,91.2,897.4,-141.4,0,72,13:29:15
9.86,-0.92,91.1,898.2,-83.8,0,72,13:29:20
9.88,-0.71,91.1,900.1,-64.7,0,71,13:29:25
9.88,-0.62,91.1,900.1,-56.5,0,71,13:29:30
9.87,-0.82,91.1,899.2,-74.7,0,71,13:29:35
9.87,-1.08,91.2,900.1,-98.5,0,71,13:29:40
9.84,-0.9,91.2,897.4,-82.1,0,71,13:29:45
9.82,-0.45,91.1,894.6,-41,0,71,13:29:50
9.84,-1.01,91.2,897.4,-92.1,0,71,13:29:55
9.84,-0.94,91.2,897.4,-85.7,0,71,13:30:00
9.84,-0.49,91.1,896.4,-44.6,0,71,13:30:05
9.87,-0.72,91.1,899.2,-65.6,0,71,13:30:10
9.85,-0.81,91.1,897.3,-73.8,0,71,13:30:15
9.81,-0.76,91.1,893.7,-69.2,0,71,13:30:20
9.84,-0.78,91.1,896.4,-71.1,0,71,13:30:25
9.81,-0.82,91.1,893.7,-74.7,0,71,13:30:30
9.85,-0.69,91.1,897.3,-62.9,0,71,13:30:35
9.85,-1.18,91.2,898.3,-107.6,0,71,13:30:40
9.84,-0.9,91.2,897.4,-82.1,0,71,13:30:45
9.83,-0.43,91.1,895.5,-39.2,0,71,13:30:50
9.87,-1.1,91.2,900.1,-100.3,0,71,13:30:55
9.84,-0.93,91.2,897.4,-84.8,0,71,13:31:00
9.83,-0.52,91.1,895.5,-47.4,0,71,13:31:05
9.84,-0.96,91.2,897.4,-87.6,0,71,13:31:10
9.84,-0.43,91.1,896.4,-39.2,0,71,13:31:15
9.84,-0.98,91.2,897.4,-89.4,0,71,13:31:20
9.87,-0.35,91,898.2,-31.9,0,71,13:31:25
9.82,-1,91.2,895.6,-91.2,0,71,13:31:30
9.84,-0.29,91.1,896.4,-26.4,0,71,13:31:35
9.88,-0.61,91.1,900.1,-55.6,0,70,13:31:40
9.86,-0.71,91.1,898.2,-64.7,0,70,13:31:45
9.83,-0.51,91.1,895.5,-46.5,0,70,13:31:50
9.87,-0.37,91.1,899.2,-33.7,0,70,13:31:55
9.84,-0.37,91.1,896.4,-33.7,0,70,13:32:00
9.83,-0.13,91,894.5,-11.8,0,70,13:32:05
9.86,0.03,91,897.3,2.7,0,70,13:32:10
9.84,-0.15,91,895.4,-13.7,0,70,13:32:15
9.85,-0.13,91,896.4,-11.8,0,70,13:32:20
9.85,0.12,90.9,895.4,10.9,0,70,13:32:25
9.86,0,91,897.3,0,0,69,13:32:30
9.83,0.14,91,894.5,12.7,0,69,13:32:35
9.81,-0.29,91,892.7,-26.4,0,70,13:32:40
9.79,-0.46,91,890.9,-41.9,0,70,13:32:45
9.82,-0.65,91.1,894.6,-59.2,0,70,13:32:50
9.82,-0.57,91,893.6,-51.9,0,70,13:32:55
9.82,-0.3,91,893.6,-27.3,0,71,13:33:00
9.76,-0.97,91.2,890.1,-88.5,0,71,13:33:05
9.77,-0.5,91.1,890,-45.6,0,71,13:33:10
9.77,-0.71,91.1,890,-64.7,0,71,13:33:15
9.78,-1.15,91.2,891.9,-104.9,0,71,13:33:20
9.82,-0.68,91.1,894.6,-61.9,0,71,13:33:25
9.81,-0.53,91,892.7,-48.2,0,71,13:33:30
9.82,-0.2,91.1,894.6,-18.2,0,70,13:33:35
9.8,-0.66,91.1,892.8,-60.1,0,70,13:33:40
9.78,-0.67,91.1,891,-61,0,70,13:33:45
9.81,-0.35,91,892.7,-31.9,0,71,13:33:50
9.81,-0.91,91.2,894.7,-83,0,71,13:33:55
9.79,-0.48,91.1,891.9,-43.7,0,71,13:34:00
9.8,-0.68,91.1,892.8,-61.9,0,71,13:34:05
9.78,-0.84,91.1,891,-76.5,0,71,13:34:10
9.74,-1.23,91.2,888.3,-112.2,0,71,13:34:15
9.75,-0.68,91.2,889.2,-62,0,71,13:34:20
9.73,-0.43,91.1,886.4,-39.2,0,71,13:34:25
9.75,-1.12,91.2,889.2,-102.1,0,71,13:34:30
9.74,-1,91.2,888.3,-91.2,0,71,13:34:35
9.73,-0.87,91.2,887.4,-79.3,0,71,13:34:40
9.72,-0.92,91.2,886.5,-83.9,0,71,13:34:45
9.73,-1.26,91.2,887.4,-114.9,0,72,13:34:50
9.71,-1.4,91.2,885.6,-127.7,0,72,13:34:55
9.69,-0.77,91.3,884.7,-70.3,0,71,13:35:00
9.74,-1.27,91.2,888.3,-115.8,0,71,13:35:05
9.76,-0.87,91.2,890.1,-79.3,0,71,13:35:10
9.72,-0.34,91,884.5,-30.9,0,71,13:35:15
9.74,-1.09,91.2,888.3,-99.4,0,71,13:35:20
9.75,-0.52,91.1,888.2,-47.4,0,71,13:35:25
9.74,-0.59,91.1,887.3,-53.7,0,71,13:35:30
9.76,-1.02,91.2,890.1,-93,0,71,13:35:35
9.74,-0.41,91.1,887.3,-37.4,0,71,13:35:40
9.71,-0.6,91.1,884.6,-54.7,0,71,13:35:45
9.74,-0.95,91.1,887.3,-86.5,0,71,13:35:50
9.72,-0.92,91.1,885.5,-83.8,0,71,13:35:55
9.73,-0.88,91.1,886.4,-80.2,0,72,13:36:00
9.73,-0.71,91.1,886.4,-64.7,0,71,13:36:05
9.71,-0.93,91.2,885.6,-84.8,0,72,13:36:10
9.69,-1.44,91.2,883.7,-131.3,0,72,13:36:15
9.7,-1.14,91.2,884.6,-104,0,71,13:36:20
9.71,-1.32,91.2,885.6,-120.4,0,71,13:36:25
9.71,-1.24,91.2,885.6,-113.1,0,71,13:36:30
9.72,-1.18,91.2,886.5,-107.6,0,71,13:36:35
9.72,-1.02,91.2,886.5,-93,0,71,13:36:40
9.71,-0.46,91.1,884.6,-41.9,0,71,13:36:45
9.71,-0.58,91.1,884.6,-52.8,0,71,13:36:50
9.71,-0.78,91.2,885.6,-71.1,0,71,13:36:55
9.7,-0.67,91.2,884.6,-61.1,0,71,13:37:00
9.69,-0.4,91.2,883.7,-36.5,0,71,13:37:05
9.68,-0.8,91.2,882.8,-73,0,72,13:37:10
9.72,-1.33,91.2,886.5,-121.3,0,72,13:37:15
9.69,-1.61,91.3,884.7,-147,0,72,13:37:20
9.7,-1.08,91.2,884.6,-98.5,0,72,13:37:25
9.71,-1.29,91.3,886.5,-117.8,0,72,13:37:30
9.7,-1.54,91.3,885.6,-140.6,0,72,13:37:35
9.69,-1.34,91.2,883.7,-122.2,0,71,13:37:40
9.69,-1.31,91.3,884.7,-119.6,0,71,13:37:45
9.66,-0.98,91.2,881,-89.4,0,71,13:37:50
9.72,-0.36,91.1,885.5,-32.8,0,71,13:37:55
9.71,-0.67,91.1,884.6,-61,0,71,13:38:00
9.69,-0.63,91.2,883.7,-57.5,0,71,13:38:05
9.7,-0.41,91.1,883.7,-37.4,0,71,13:38:10
9.72,-1.03,91.2,886.5,-93.9,0,71,13:38:15
9.69,-0.68,91.2,883.7,-62,0,71,13:38:20
9.7,-0.3,91.1,883.7,-27.3,0,71,13:38:25
9.68,-0.37,91.1,881.8,-33.7,0,71,13:38:30
9.68,-0.49,91.1,881.8,-44.6,0,71,13:38:35
9.68,-0.87,91.1,881.8,-79.3,0,71,13:38:40
9.69,-0.9,91.2,883.7,-82.1,0,72,13:38:45
9.68,-0.94,91.2,882.8,-85.7,0,72,13:38:50
9.68,-1.7,91.3,883.8,-155.2,0,72,13:38:55
9.67,-1.22,91.2,881.9,-111.3,0,72,13:39:00
9.65,-1.14,91.2,880.1,-104,0,72,13:39:05
9.68,-1.31,91.3,883.8,-119.6,0,72,13:39:10
9.67,-1.4,91.3,882.9,-127.8,0,72,13:39:15
9.68,-1.25,91.3,883.8,-114.1,0,71,13:39:20
9.68,-1.26,91.2,882.8,-114.9,0,71,13:39:25
9.66,-0.93,91.2,881,-84.8,0,71,13:39:30
9.66,-1.27,91.2,881,-115.8,0,71,13:39:35
9.62,-1.03,91.3,878.3,-94,0,72,13:39:40
9.66,-1.37,91.2,881,-124.9,0,72,13:39:45
9.63,-1.71,91.3,879.2,-156.1,0,72,13:39:50
9.64,-2.16,91.4,881.1,-197.4,0,72,13:39:55
9.64,-2.21,91.4,881.1,-202,0,73,13:40:00
9.63,-1.6,91.3,879.2,-146.1,0,72,13:40:05
9.63,-1.23,91.2,878.3,-112.2,0,72,13:40:10
9.65,-1.43,91.3,881,-130.6,0,72,13:40:15
9.65,-1.33,91.3,881,-121.4,0,72,13:40:20
9.63,-1,91.1,877.3,-91.1,0,72,13:40:25
9.62,-1,91.2,877.3,-91.2,0,72,13:40:30
9.6,-1.78,91.3,876.5,-162.5,0,72,13:40:35
9.65,-0.92,91.2,880.1,-83.9,0,72,13:40:40
9.62,-1.27,91.3,878.3,-116,0,72,13:40:45
9.62,-1.45,91.3,878.3,-132.4,0,72,13:40:50
9.61,-0.92,91.2,876.4,-83.9,0,72,13:40:55
9.61,-1.63,91.3,877.4,-148.8,0,72,13:41:00
9.63,-0.95,91.2,878.3,-86.6,0,72,13:41:05
9.64,-0.98,91.3,880.1,-89.5,0,72,13:41:10
9.64,-1.17,91.3,880.1,-106.8,0,71,13:41:15
9.63,-0.99,91.3,879.2,-90.4,0,71,13:41:20
9.62,-0.74,91.2,877.3,-67.5,0,71,13:41:25
9.64,-0.59,91.2,879.2,-53.8,0,71,13:41:30
9.63,-0.35,91.1,877.3,-31.9,0,71,13:41:35
9.63,-0.37,91.1,877.3,-33.7,0,71,13:41:40
9.62,-0.52,91.1,876.4,-47.4,0,71,13:41:45
9.62,-0.53,91.2,877.3,-48.3,0,72,13:41:50
9.63,-0.77,91.2,878.3,-70.2,0,72,13:41:55
9.6,-1.42,91.3,876.5,-129.6,0,72,13:42:00
9.59,-1.38,91.3,875.6,-126,0,72,13:42:05
9.61,-0.86,91.2,876.4,-78.4,0,72,13:42:10
9.59,-0.76,91.2,874.6,-69.3,0,72,13:42:15
9.59,-1.38,91.3,875.6,-126,0,72,13:42:20
9.59,-1.36,91.2,874.6,-124,0,72,13:42:25
9.6,-0.88,91.2,875.5,-80.3,0,72,13:42:30
9.56,-1.38,91.3,872.8,-126,0,72,13:42:35
9.58,-1.24,91.2,873.7,-113.1,0,72,13:42:40
9.61,-0.65,91.2,876.4,-59.3,0,72,13:42:45
9.61,-0.63,91.1,875.5,-57.4,0,71,13:42:50
9.59,-0.61,91.2,874.6,-55.6,0,71,13:42:55
9.6,-0.69,91.2,875.5,-62.9,0,71,13:43:00
9.61,-1.06,91.3,877.4,-96.8,0,72,13:43:05
9.59,-1.48,91.3,875.6,-135.1,0,72,13:43:10
9.55,-1.1,91.2,871,-100.3,0,72,13:43:15
9.56,-1.36,91.3,872.8,-124.2,0,72,13:43:20
9.59,-1.26,91.2,874.6,-114.9,0,72,13:43:25
9.6,-0.51,91.2,875.5,-46.5,0,72,13:43:30
9.61,-0.75,91.2,876.4,-68.4,0,72,13:43:35
9.58,-1.01,91.3,874.7,-92.2,0,72,13:43:40
9.59,-0.95,91.3,875.6,-86.7,0,71,13:43:45
9.59,-0.79,91.2,874.6,-72,0,71,13:43:50
9.58,-0.45,91.2,873.7,-41,0,71,13:43:55
9.59,-0.35,91.1,873.6,-31.9,0,71,13:44:00
9.58,-0.41,91.2,873.7,-37.4,0,71,13:44:05
9.57,-0.38,91.2,872.8,-34.7,0,71,13:44:10
9.59,-0.45,91.1,873.6,-41,0,71,13:44:15
9.51,-1.14,91.3,868.3,-104.1,0,71,13:44:20
9.53,-1.4,91.3,870.1,-127.8,0,72,13:44:25
9.49,-2.38,91.5,868.3,-217.8,0,73,13:44:30
9.49,-2.51,91.5,868.3,-229.7,0,73,13:44:35
9.43,-2.46,91.5,862.8,-225.1,0,73,13:44:40
9.44,-1.93,91.5,863.8,-176.6,0,72,13:44:45
9.5,-1.44,91.3,867.4,-131.5,0,72,13:44:50
9.54,-1.08,91.2,870,-98.5,0,72,13:44:55
9.52,-1.08,91.3,869.2,-98.6,0,72,13:45:00
9.52,-1.46,91.3,869.2,-133.3,0,72,13:45:05
9.52,-1.07,91.2,868.2,-97.6,0,72,13:45:10
9.53,-0.64,91.2,869.1,-58.4,0,72,13:45:15
9.52,-1.23,91.3,869.2,-112.3,0,72,13:45:20
9.52,-1.36,91.3,869.2,-124.2,0,72,13:45:25
9.53,-0.72,91.2,869.1,-65.7,0,72,13:45:30
9.52,-0.52,91.2,868.2,-47.4,0,72,13:45:35
9.51,-0.87,91.3,868.3,-79.4,0,72,13:45:40
9.52,-1.44,91.3,869.2,-131.5,0,72,13:45:45
9.51,-1.06,91.2,867.3,-96.7,0,72,13:45:50
9.5,-0.61,91.2,866.4,-55.6,0,71,13:45:55
9.54,-0.74,91.2,870,-67.5,0,71,13:46:00
9.55,-0.76,91.2,871,-69.3,0,71,13:46:05
9.52,-0.83,91.2,868.2,-75.7,0,71,13:46:10
9.51,-0.68,91.2,867.3,-62,0,71,13:46:15
9.55,-0.12,91.1,870,-10.9,0,71,13:46:20
9.52,-0.72,91.2,868.2,-65.7,0,71,13:46:25
9.52,-0.13,91.1,867.3,-11.8,0,71,13:46:30
9.53,-0.58,91.2,869.1,-52.9,0,71,13:46:35
9.53,0.06,91.1,868.2,5.5,0,71,13:46:40
9.55,-0.1,91.1,870,-9.1,0,71,13:46:45
9.53,-0.42,91.2,869.1,-38.3,0,70,13:46:50
9.54,-0.29,91.1,869.1,-26.4,0,70,13:46:55
9.55,-0.13,91.1,870,-11.8,0,70,13:47:00
9.54,-0.1,91.1,869.1,-9.1,0,70,13:47:05
9.53,0.22,91,867.2,20,0,70,13:47:10
9.52,0.34,91,866.3,30.9,0,70,13:47:15
9.53,0.22,91,867.2,20,0,69,13:47:20
9.53,0.38,91,867.2,34.6,0,69,13:47:25
9.53,0.01,91.1,868.2,0.9,0,70,13:47:30
9.51,0.29,91,865.4,26.4,0,70,13:47:35
9.51,0.28,91,865.4,25.5,0,70,13:47:40
9.49,0.14,91,863.6,12.7,0,70,13:47:45
9.49,0.1,91.1,864.5,9.1,0,70,13:47:50
9.5,-0.59,91.2,866.4,-53.8,0,71,13:47:55
9.47,-0.18,91.1,862.7,-16.4,0,71,13:48:00
9.48,-0.56,91.1,863.6,-51,0,72,13:48:05
9.45,-1.09,91.2,861.8,-99.4,0,72,13:48:10
9.43,-1.37,91.2,860,-124.9,0,72,13:48:15
9.44,-1.96,91.4,862.8,-179.1,0,72,13:48:20
9.45,-1.81,91.4,863.7,-165.4,0,72,13:48:25
9.44,-1.66,91.3,861.9,-151.6,0,73,13:48:30
9.43,-1.37,91.3,861,-125.1,0,72,13:48:35
9.45,-1.55,91.3,862.8,-141.5,0,73,13:48:40
9.45,-1.64,91.4,863.7,-149.9,0,72,13:48:45
9.41,-2.15,91.4,860.1,-196.5,0,73,13:48:50
9.41,-2.25,91.4,860.1,-205.7,0,73,13:48:55
9.38,-2.37,91.5,858.3,-216.9,0,73,13:49:00
9.42,-2.88,91.6,862.9,-263.8,0,73,13:49:05
9.43,-2.4,91.5,862.8,-219.6,0,73,13:49:10
9.42,-2.11,91.4,861,-192.9,0,73,13:49:15
9.42,-2.26,91.5,861.9,-206.8,0,73,13:49:20
9.45,-2.18,91.5,864.7,-199.5,0,73,13:49:25
9.46,-2.13,91.5,865.6,-194.9,0,73,13:49:30
9.42,-2.08,91.5,861.9,-190.3,0,73,13:49:35
9.41,-1.68,91.4,860.1,-153.6,0,72,13:49:40
9.45,-0.9,91.3,862.8,-82.2,0,72,13:49:45
9.45,-1.19,91.3,862.8,-108.6,0,72,13:49:50
9.45,-1.06,91.3,862.8,-96.8,0,72,13:49:55
9.43,-0.6,91.2,860,-54.7,0,72,13:50:00
9.44,-1.12,91.3,861.9,-102.3,0,72,13:50:05
9.45,-1.31,91.3,862.8,-119.6,0,72,13:50:10
9.44,-0.9,91.3,861.9,-82.2,0,72,13:50:15
9.41,-1.4,91.3,859.1,-127.8,0,72,13:50:20
9.43,-0.37,91.2,860,-33.7,0,71,13:50:25
9.39,-0.75,91.3,857.3,-68.5,0,71,13:50:30
9.39,-0.59,91.2,856.4,-53.8,0,72,13:50:35
9.39,-0.56,91.2,856.4,-51.1,0,72,13:50:40
9.42,-1.2,91.4,861,-109.7,0,72,13:50:45
9.4,-0.97,91.2,857.3,-88.5,0,72,13:50:50
9.42,-0.36,91.2,859.1,-32.8,0,71,13:50:55
9.39,-0.14,91.2,856.4,-12.8,0,71,13:51:00
9.41,-0.27,91.2,858.2,-24.6,0,71,13:51:05
9.39,-0.29,91.2,856.4,-26.4,0,71,13:51:10
9.4,-0.36,91.2,857.3,-32.8,0,72,13:51:15
9.39,-0.64,91.2,856.4,-58.4,0,72,13:51:20
9.38,-0.94,91.3,856.4,-85.8,0,72,13:51:25
9.39,-1.1,91.3,857.3,-100.4,0,72,13:51:30
9.36,-1.14,91.3,854.6,-104.1,0,72,13:51:35
9.37,-0.76,91.2,854.5,-69.3,0,72,13:51:40
9.41,-0.54,91.2,858.2,-49.2,0,72,13:51:45
9.36,-0.92,91.3,854.6,-84,0,72,13:51:50
9.36,-1.16,91.3,854.6,-105.9,0,72,13:51:55
9.34,-0.87,91.3,852.7,-79.4,0,72,13:52:00
9.38,-0.51,91.2,855.5,-46.5,0,71,13:52:05
9.36,-0.3,91.2,853.6,-27.4,0,72,13:52:10
9.37,-0.23,91.2,854.5,-21,0,71,13:52:15
9.36,-0.15,91.2,853.6,-13.7,0,71,13:52:20
9.39,-0.18,91.1,855.4,-16.4,0,71,13:52:25
9.39,-0.29,91.2,856.4,-26.4,0,71,13:52:30
9.36,-0.6,91.2,853.6,-54.7,0,72,13:52:35
9.36,-1.07,91.3,854.6,-97.7,0,72,13:52:40
9.33,-1.06,91.2,850.9,-96.7,0,72,13:52:45
9.37,-0.64,91.2,854.5,-58.4,0,72,13:52:50
9.36,-1.1,91.3,854.6,-100.4,0,72,13:52:55
9.35,-1.05,91.3,853.7,-95.9,0,71,13:53:00
9.4,-1.05,91.3,858.2,-95.9,0,71,13:53:05
9.33,-0.34,91.3,851.8,-31,0,71,13:53:10
9.36,-0.37,91.2,853.6,-33.7,0,71,13:53:15
9.32,-0.52,91.2,850,-47.4,0,72,13:53:20
9.34,-1.39,91.4,853.7,-127,0,72,13:53:25
9.35,-0.64,91.2,852.7,-58.4,0,72,13:53:30
9.27,-1.35,91.4,847.3,-123.4,0,72,13:53:35
9.34,-1.06,91.3,852.7,-96.8,0,72,13:53:40
9.35,-1.16,91.3,853.7,-105.9,0,72,13:53:45
9.34,-0.54,91.2,851.8,-49.2,0,72,13:53:50
9.34,-0.32,91.2,851.8,-29.2,0,72,13:53:55
9.3,-0.67,91.2,848.2,-61.1,0,72,13:54:00
9.34,-1.05,91.3,852.7,-95.9,0,71,13:54:05
9.28,-0.95,91.3,847.3,-86.7,0,71,13:54:10
9.3,-0.97,91.3,849.1,-88.6,0,71,13:54:15
9.32,-0.73,91.2,850,-66.6,0,72,13:54:20
9.27,-0.74,91.3,846.4,-67.6,0,72,13:54:25
9.31,-1.28,91.3,850,-116.9,0,72,13:54:30
9.31,-0.72,91.2,849.1,-65.7,0,72,13:54:35
9.33,-1.45,91.3,851.8,-132.4,0,72,13:54:40
9.29,-0.88,91.3,848.2,-80.3,0,72,13:54:45
9.26,-1.44,91.3,845.4,-131.5,0,72,13:54:50
9.28,-1.74,91.4,848.2,-159,0,72,13:54:55
9.31,-0.98,91.3,850,-89.5,0,72,13:55:00
9.3,-1.02,91.3,849.1,-93.1,0,72,13:55:05
9.27,-0.83,91.3,846.4,-75.8,0,72,13:55:10
9.28,-0.79,91.3,847.3,-72.1,0,72,13:55:15
9.28,-1.37,91.3,847.3,-125.1,0,72,13:55:20
9.25,-1.81,91.4,845.5,-165.4,0,72,13:55:25
9.29,-1.47,91.4,849.1,-134.4,0,72,13:55:30
9.25,-1.27,91.3,844.5,-116,0,73,13:55:35
9.27,-1.2,91.3,846.4,-109.6,0,72,13:55:40
9.25,-1.46,91.4,845.5,-133.4,0,72,13:55:45
9.29,-1.58,91.4,849.1,-144.4,0,72,13:55:50
9.25,-0.7,91.2,843.6,-63.8,0,72,13:55:55
9.21,-1.42,91.3,840.9,-129.6,0,72,13:56:00
9.18,-1.87,91.5,840,-171.1,0,73,13:56:05
9.13,-2.44,91.6,836.3,-223.5,0,73,13:56:10
9.13,-2.07,91.5,835.4,-189.4,0,73,13:56:15
9.18,-1.88,91.5,840,-172,0,73,13:56:20
9.19,-1.23,91.4,840,-112.4,0,72,13:56:25
9.25,-0.92,91.3,844.5,-84,0,72,13:56:30
9.11,-0.89,91.4,832.7,-81.3,0,72,13:56:35
8.93,-0.65,91.3,815.3,-59.3,0,72,13:56:40
9.1,-0.5,91.2,829.9,-45.6,0,71,13:56:45
9.06,-0.59,91.3,827.2,-53.9,0,71,13:56:50
9.07,-0.42,91.3,828.1,-38.3,0,71,13:56:55
8.89,0.02,91.2,810.8,1.8,0,71,13:57:00
8.9,0.35,91.1,810.8,31.9,0,71,13:57:05
8.96,-0.09,91.1,816.3,-8.2,0,71,13:57:10
8.92,-0.44,91.3,814.4,-40.2,0,71,13:57:15
9.09,-0.52,91.3,829.9,-47.5,0,71,13:57:20
9.1,-0.77,91.3,830.8,-70.3,0,72,13:57:25
9.06,-1.02,91.3,827.2,-93.1,0,72,13:57:30
9.17,-0.86,91.3,837.2,-78.5,0,72,13:57:35
9.09,-1.18,91.3,829.9,-107.7,0,72,13:57:40
9.08,-0.27,91.2,828.1,-24.6,0,72,13:57:45
9.1,-0.65,91.3,830.8,-59.3,0,72,13:57:50
9.06,-1.11,91.3,827.2,-101.3,0,72,13:57:55
9.1,-1.54,91.4,831.7,-140.8,0,72,13:58:00
9.08,-1.11,91.3,829,-101.3,0,72,13:58:05
9.08,-0.8,91.3,829,-73,0,72,13:58:10
9.11,-1.25,91.4,832.7,-114.3,0,72,13:58:15
9.09,-0.37,91.2,829,-33.7,0,72,13:58:20
9.08,-0.43,91.3,829,-39.3,0,72,13:58:25
9.08,-0.93,91.3,829,-84.9,0,72,13:58:30
9.09,-0.74,91.3,829.9,-67.6,0,72,13:58:35
9.08,-0.57,91.3,829,-52,0,72,13:58:40
9.08,-1.44,91.4,829.9,-131.6,0,72,13:58:45
9.06,-1.84,91.4,828.1,-168.2,0,73,13:58:50
9.05,-2.02,91.5,828.1,-184.8,0,73,13:58:55
9.06,-2.16,91.5,829,-197.6,0,73,13:59:00
9.03,-2.06,91.5,826.2,-188.5,0,73,13:59:05
9.04,-1.99,91.5,827.2,-182.1,0,73,13:59:10
9.04,-2.21,91.6,828.1,-202.4,0,73,13:59:15
9.08,-2.23,91.6,831.7,-204.3,0,73,13:59:20
9.07,-2.11,91.5,829.9,-193.1,0,73,13:59:25
9.03,-2.15,91.5,826.2,-196.7,0,73,13:59:30
9.03,-1.88,91.5,826.2,-172,0,73,13:59:35
9.07,-1.11,91.4,829,-101.5,0,73,13:59:40
9.03,-1.03,91.4,825.3,-94.1,0,73,13:59:45
9.02,-1.56,91.4,824.4,-142.6,0,73,13:59:50
8.98,-1.92,91.5,821.7,-175.7,0,73,13:59:55
8.97,-2.42,91.6,821.7,-221.7,0,73,14:00:00
8.98,-2.16,91.5,821.7,-197.6,0,73,14:00:05
8.98,-1.74,91.5,821.7,-159.2,0,73,14:00:10
8.96,-1.97,91.5,819.8,-180.3,0,73,14:00:15
8.97,-2.2,91.6,821.7,-201.5,0,73,14:00:20
8.98,-1.84,91.5,821.7,-168.4,0,73,14:00:25
8.98,-1.61,91.5,821.7,-147.3,0,73,14:00:30
8.91,-1.54,91.5,815.3,-140.9,0,73,14:00:35
8.91,-1.76,91.5,815.3,-161,0,73,14:00:40
8.89,-2.51,91.6,814.3,-229.9,0,73,14:00:45
8.95,-1.54,91.4,818,-140.8,0,73,14:00:50
8.93,-0.79,91.4,816.2,-72.2,0,72,14:00:55
8.97,-0.92,91.4,819.9,-84.1,0,72,14:01:00
8.93,-1,91.4,816.2,-91.4,0,72,14:01:05
9.01,-0.52,91.3,822.6,-47.5,0,72,14:01:10
9.18,-0.25,91.3,838.1,-22.8,0,71,14:01:15
8.99,0.39,91.2,819.9,35.6,0,71,14:01:20
8.23,0.84,91.1,749.8,76.5,0,71,14:01:25
8.63,0.45,91.1,786.2,41,0,71,14:01:30
8.95,0.06,91.2,816.2,5.5,0,71,14:01:35
8.87,-0.31,91.2,808.9,-28.3,0,72,14:01:40
8.94,-0.14,91.2,815.3,-12.8,0,72,14:01:45
8.99,-0.41,91.2,819.9,-37.4,0,72,14:01:50
9.16,0,91.2,835.4,0,0,71,14:01:55
9.11,-0.05,91.2,830.8,-4.6,0,70,14:02:00
9,0.5,91.2,820.8,45.6,0,70,14:02:05
8.94,0.45,91.1,814.4,41,0,70,14:02:10
9.02,0.09,91.2,822.6,8.2,0,70,14:02:15
8.98,0.06,91.2,819,5.5,0,70,14:02:20
8.95,0.29,91.1,815.3,26.4,0,70,14:02:25
8.96,0.4,91.1,816.3,36.4,0,70,14:02:30
8.92,0.31,91.1,812.6,28.2,0,71,14:02:35
8.96,-0.05,91.1,816.3,-4.6,0,71,14:02:40
8.88,-0.54,91.3,810.7,-49.3,0,72,14:02:45
8.92,-1.33,91.4,815.3,-121.6,0,73,14:02:50
8.93,-0.79,91.4,816.2,-72.2,0,72,14:02:55
9.02,-0.84,91.3,823.5,-76.7,0,72,14:03:00
9.05,-0.32,91.3,826.3,-29.2,0,71,14:03:05
8.99,0.31,91.1,819,28.2,0,71,14:03:10
8.98,0.12,91.2,819,10.9,0,71,14:03:15
8.99,0.14,91.1,819,12.8,0,71,14:03:20
8.93,-0.49,91.2,814.4,-44.7,0,72,14:03:25
8.89,-0.77,91.3,811.7,-70.3,0,72,14:03:30
8.83,-1.22,91.3,806.2,-111.4,0,73,14:03:35
8.85,-1.32,91.4,808.9,-120.6,0,73,14:03:40
8.76,-2.76,91.6,802.4,-252.8,0,73,14:03:45
8.77,-2.03,91.5,802.5,-185.7,0,73,14:03:50
8.81,-1.7,91.5,806.1,-155.6,0,73,14:03:55
8.85,-1.66,91.5,809.8,-151.9,0,73,14:04:00
8.82,-1.11,91.4,806.1,-101.5,0,72,14:04:05
8.87,-0.6,91.3,809.8,-54.8,0,72,14:04:10
8.73,-2.84,91.7,800.5,-260.4,0,74,14:04:15
8.68,-4.42,91.9,797.7,-406.2,0,75,14:04:20
8.77,-3.63,91.8,805.1,-333.2,0,74,14:04:25
8.7,-3.15,91.7,797.8,-288.9,0,74,14:04:30
8.66,-2.4,91.6,793.3,-219.8,0,73,14:04:35
8.82,-1.94,91.6,807.9,-177.7,0,73,14:04:40
8.83,-1.24,91.5,807.9,-113.5,0,72,14:04:45
8.85,-1.23,91.5,809.8,-112.5,0,72,14:04:50
8.9,-0.68,91.4,813.5,-62.2,0,72,14:04:55
8.88,-0.88,91.4,811.6,-80.4,0,72,14:05:00
8.93,-1.25,91.4,816.2,-114.3,0,72,14:05:05
8.9,-0.61,91.4,813.5,-55.8,0,72,14:05:10
8.92,-0.82,91.4,815.3,-74.9,0,72,14:05:15
8.9,-0.36,91.3,812.6,-32.9,0,72,14:05:20
8.92,-0.99,91.4,815.3,-90.5,0,72,14:05:25
8.93,0.13,91.3,815.3,11.9,0,71,14:05:30
8.96,-0.36,91.3,818,-32.9,0,71,14:05:35
8.9,0.5,91.2,811.7,45.6,0,71,14:05:40
8.88,0.04,91.2,809.9,3.6,0,71,14:05:45
8.9,-0.26,91.2,811.7,-23.7,0,72,14:05:50
8.87,-0.29,91.3,809.8,-26.5,0,72,14:05:55
8.87,-1.14,91.4,810.7,-104.2,0,72,14:06:00
8.84,-0.83,91.4,808,-75.9,0,72,14:06:05
8.91,-1.22,91.4,814.4,-111.5,0,73,14:06:10
8.87,-1,91.3,809.8,-91.3,0,73,14:06:15
8.88,-1.15,91.4,811.6,-105.1,0,72,14:06:20
8.88,-0.62,91.3,810.7,-56.6,0,72,14:06:25
8.86,-0.82,91.3,808.9,-74.9,0,72,14:06:30
8.94,-0.16,91.3,816.2,-14.6,0,72,14:06:35
8.81,-0.03,91.3,804.4,-2.7,0,71,14:06:40
8.87,0.31,91.2,808.9,28.3,0,71,14:06:45
8.93,0.16,91.2,814.4,14.6,0,71,14:06:50
8.91,-0.32,91.3,813.5,-29.2,0,71,14:06:55
8.9,0.12,91.2,811.7,10.9,0,71,14:07:00
8.9,0.32,91.2,811.7,29.2,0,71,14:07:05
8.91,-0.04,91.2,812.6,-3.6,0,71,14:07:10
8.87,-0.23,91.3,809.8,-21,0,71,14:07:15
8.9,-0.62,91.3,812.6,-56.6,0,71,14:07:20
8.89,-0.33,91.3,811.7,-30.1,0,71,14:07:25
8.9,0.54,91.1,810.8,49.2,0,71,14:07:30
8.85,0.81,91.2,807.1,73.9,0,70,14:07:35
8.8,1.09,91,800.8,99.2,0,69,14:07:40
8.9,0.81,91.1,810.8,73.8,0,69,14:07:45
8.82,0.98,91,802.6,89.2,0,69,14:07:50
8.82,0.95,91.1,803.5,86.5,0,68,14:07:55
8.91,0.81,91,810.8,73.7,0,68,14:08:00
8.78,1.03,91,799,93.7,0,68,14:08:05
8.77,1.3,91,798.1,118.3,0,68,14:08:10
8.88,0.93,91,808.1,84.6,0,69,14:08:15
8.78,0.85,91.1,799.9,77.4,0,69,14:08:20
8.83,0.9,91,803.5,81.9,0,70,14:08:25
8.86,0.87,91,806.3,79.2,0,70,14:08:30
8.84,0.6,91.1,805.3,54.7,0,70,14:08:35
8.9,0.81,91.1,810.8,73.8,0,69,14:08:40
8.82,0.94,91,802.6,85.5,0,69,14:08:45
8.83,0.98,91,803.5,89.2,0,69,14:08:50
8.84,1.02,91,804.4,92.8,0,69,14:08:55
8.81,1.01,91,801.7,91.9,0,69,14:09:00
8.82,0.8,91,802.6,72.8,0,69,14:09:05
8.84,1,91,804.4,91,0,69,14:09:10
8.89,0.92,91,809,83.7,0,69,14:09:15
8.79,0.93,91,799.9,84.6,0,69,14:09:20
8.75,0.98,91,796.3,89.2,0,69,14:09:25
8.81,0.81,91,801.7,73.7,0,70,14:09:30
8.71,0.92,91,792.6,83.7,0,70,14:09:35
8.74,0.75,91,795.3,68.3,0,70,14:09:40
8.69,0.01,91.2,792.5,0.9,0,71,14:09:45
8.73,0.18,91.1,795.3,16.4,0,71,14:09:50
8.73,-0.02,91.2,796.2,-1.8,0,72,14:09:55
8.68,-0.89,91.3,792.5,-81.3,0,72,14:10:00
8.67,-0.46,91.2,790.7,-42,0,72,14:10:05
8.7,-0.97,91.2,793.4,-88.5,0,72,14:10:10
8.72,-1.48,91.3,796.1,-135.1,0,73,14:10:15
8.74,-1.84,91.4,798.8,-168.2,0,73,14:10:20
8.65,-1.59,91.4,790.6,-145.3,0,73,14:10:25
8.66,-1.72,91.4,791.5,-157.2,0,73,14:10:30
8.59,-1.67,91.4,785.1,-152.6,0,73,14:10:35
8.68,-1.33,91.4,793.4,-121.6,0,73,14:10:40
8.59,-1.22,91.4,785.1,-111.5,0,73,14:10:45
8.55,-1.35,91.4,781.5,-123.4,0,73,14:10:50
8.58,-1.95,91.5,785.1,-178.4,0,73,14:10:55
8.55,-2.28,91.5,782.3,-208.6,0,73,14:11:00
8.7,-2.1,91.6,796.9,-192.4,0,73,14:11:05
8.69,-1.66,91.5,795.1,-151.9,0,73,14:11:10
8.77,-0.61,91.3,800.7,-55.7,0,72,14:11:15
8.68,-0.38,91.3,792.5,-34.7,0,71,14:11:20
8.66,0.38,91.2,789.8,34.7,0,71,14:11:25
8.66,0.48,91.1,788.9,43.7,0,71,14:11:30
8.65,0.2,91.1,788,18.2,0,71,14:11:35
8.75,0.1,91.1,797.1,9.1,0,71,14:11:40
8.66,-0.14,91.2,789.8,-12.8,0,71,14:11:45
8.78,-0.18,91.3,801.6,-16.4,0,71,14:11:50
8.76,-0.35,91.3,799.8,-32,0,71,14:11:55
8.77,-0.61,91.3,800.7,-55.7,0,72,14:12:00
8.78,-0.49,91.2,800.7,-44.7,0,72,14:12:05
8.73,0,91.2,796.2,0,0,72,14:12:10
8.79,0.03,91.2,801.6,2.7,0,71,14:12:15
8.77,0.09,91.2,799.8,8.2,0,71,14:12:20
8.67,0.6,91.1,789.8,54.7,0,71,14:12:25
8.44,0.16,91.2,769.7,14.6,0,71,14:12:30
8.63,0.32,91.2,787.1,29.2,0,71,14:12:35
8.57,0.44,91.1,780.7,40.1,0,71,14:12:40
8.44,0.44,91.1,768.9,40.1,0,71,14:12:45
8.5,0.27,91.2,775.2,24.6,0,72,14:12:50
8.52,-0.11,91.2,777,-10,0,72,14:12:55
8.61,-0.62,91.3,786.1,-56.6,0,72,14:13:00
8.57,-0.4,91.2,781.6,-36.5,0,72,14:13:05
8.55,-0.05,91.2,779.8,-4.6,0,72,14:13:10
8.61,-0.63,91.3,786.1,-57.5,0,72,14:13:15
8.54,-0.26,91.2,778.8,-23.7,0,72,14:13:20
8.66,-0.04,91.2,789.8,-3.6,0,72,14:13:25
8.63,-0.51,91.3,787.9,-46.6,0,72,14:13:30
8.65,-0.65,91.3,789.7,-59.3,0,72,14:13:35
8.59,-0.1,91.2,783.4,-9.1,0,72,14:13:40
8.62,0.21,91.1,785.3,19.1,0,71,14:13:45
8.67,0.15,91.1,789.8,13.7,0,71,14:13:50
8.44,-0.04,91.2,769.7,-3.6,0,71,14:13:55
8.53,-0.29,91.2,777.9,-26.4,0,71,14:14:00
8.54,-0.27,91.2,778.8,-24.6,0,71,14:14:05
8.51,0.27,91.2,776.1,24.6,0,71,14:14:10
8.53,0.58,91.1,777.1,52.8,0,71,14:14:15
8.49,0.5,91.1,773.4,45.6,0,71,14:14:20
8.46,0.41,91.2,771.6,37.4,0,72,14:14:25
8.44,-0.14,91.2,769.7,-12.8,0,72,14:14:30
8.46,-0.52,91.3,772.4,-47.5,0,72,14:14:35
8.49,-0.03,91.1,773.4,-2.7,0,72,14:14:40
8.46,-0.56,91.3,772.4,-51.1,0,72,14:14:45
8.47,-0.26,91.2,772.5,-23.7,0,72,14:14:50
8.54,-0.34,91.3,779.7,-31,0,72,14:14:55
8.46,-0.59,91.3,772.4,-53.9,0,72,14:15:00
8.49,-0.39,91.3,775.1,-35.6,0,72,14:15:05
8.35,-0.86,91.3,762.4,-78.5,0,73,14:15:10
8.4,-1.51,91.4,767.8,-138,0,73,14:15:15
8.39,-2.33,91.6,768.5,-213.4,0,73,14:15:20
8.35,-2.48,91.6,764.9,-227.2,0,74,14:15:25
8.35,-3.09,91.6,764.9,-283,0,74,14:15:30
8.32,-3,91.7,762.9,-275.1,0,74,14:15:35
8.39,-1.69,91.5,767.7,-154.6,0,73,14:15:40
8.39,-1.11,91.4,766.8,-101.5,0,73,14:15:45
8.39,-0.47,91.3,766,-42.9,0,72,14:15:50
8.46,-0.4,91.3,772.4,-36.5,0,72,14:15:55
8.42,-0.87,91.4,769.6,-79.5,0,72,14:16:00
8.48,0.27,91.2,773.4,24.6,0,71,14:16:05
8.5,0.52,91.2,775.2,47.4,0,70,14:16:10
8.53,1.04,91.1,777.1,94.7,0,70,14:16:15
8.51,1.18,91,774.4,107.4,0,70,14:16:20
8.47,0.88,91.1,771.6,80.2,0,71,14:16:25
8.47,0,91.2,772.5,0,0,72,14:16:30
8.48,-1.04,91.3,774.2,-95,0,73,14:16:35
8.38,-0.65,91.3,765.1,-59.3,0,72,14:16:40
8.57,-0.61,91.3,782.4,-55.7,0,72,14:16:45
8.47,-0.31,91.2,772.5,-28.3,0,72,14:16:50
8.55,-0.11,91.2,779.8,-10,0,72,14:16:55
8.46,-0.64,91.3,772.4,-58.4,0,72,14:17:00
8.48,0.24,91.1,772.5,21.9,0,71,14:17:05
8.44,1.07,91.1,768.9,97.5,0,70,14:17:10
8.49,1.25,91,772.6,113.8,0,69,14:17:15
8.44,1.3,91,768,118.3,0,69,14:17:20
8.46,0.97,91,769.9,88.3,0,70,14:17:25
8.51,0.88,91.1,775.3,80.2,0,70,14:17:30
8.43,1.17,91,767.1,106.5,0,70,14:17:35
8.4,1.22,91,764.4,111,0,69,14:17:40
8.42,0.79,91,766.2,71.9,0,70,14:17:45
8.35,0.87,91.1,760.7,79.3,0,71,14:17:50
8.35,-0.04,91.2,761.5,-3.6,0,72,14:17:55
8.39,-0.32,91.2,765.2,-29.2,0,72,14:18:00
8.3,-0.49,91.2,757,-44.7,0,72,14:18:05
8.3,-1.85,91.4,758.6,-169.1,0,73,14:18:10
8.19,-1.29,91.4,748.6,-117.9,0,73,14:18:15
8.14,-1.77,91.6,745.6,-162.1,0,73,14:18:20
8.25,-1.75,91.5,754.9,-160.1,0,73,14:18:25
8.24,-1.46,91.5,754,-133.6,0,73,14:18:30
8.28,-0.56,91.3,756,-51.1,0,72,14:18:35
8.28,0.01,91.2,755.1,0.9,0,72,14:18:40
8.34,0.01,91.2,760.6,0.9,0,72,14:18:45
8.32,-0.51,91.3,759.6,-46.6,0,72,14:18:50
8.23,0.77,91.2,750.6,70.2,0,72,14:18:55
8.35,-0.2,91.3,762.4,-18.3,0,72,14:19:00
8.37,-0.32,91.3,764.2,-29.2,0,72,14:19:05
8.32,0.02,91.2,758.8,1.8,0,72,14:19:10
8.29,0.35,91.1,755.2,31.9,0,72,14:19:15
8.3,0.04,91.2,757,3.6,0,72,14:19:20
8.28,-0.45,91.3,756,-41.1,0,72,14:19:25
8.29,0.33,91.1,755.2,30.1,0,72,14:19:30
8.3,0.59,91.1,756.1,53.7,0,71,14:19:35
8.39,0.57,91.1,764.3,51.9,0,71,14:19:40
8.27,0.69,91.1,753.4,62.9,0,71,14:19:45
8.29,0.57,91.1,755.2,51.9,0,71,14:19:50
8.29,0.49,91.1,755.2,44.6,0,71,14:19:55
8.3,0.77,91.1,756.1,70.1,0,71,14:20:00
8.28,-0.15,91.2,755.1,-13.7,0,71,14:20:05
8.21,0.05,91.2,748.8,4.6,0,71,14:20:10
8.3,0.39,91.1,756.1,35.5,0,71,14:20:15
8.29,0.88,91,754.4,80.1,0,71,14:20:20
8.29,0.14,91.2,756,12.8,0,71,14:20:25
8.27,0.36,91.1,753.4,32.8,0,71,14:20:30
8.29,0.85,91.1,755.2,77.4,0,71,14:20:35
8.29,0.2,91.2,756,18.2,0,71,14:20:40
8.29,0.09,91.2,756,8.2,0,71,14:20:45
8.28,-0.65,91.3,756,-59.3,0,72,14:20:50
8.32,-0.64,91.3,759.6,-58.4,0,72,14:20:55
8.36,-0.18,91.2,762.4,-16.4,0,72,14:21:00
8.2,0.23,91.1,747,21,0,72,14:21:05
8.18,0.34,91.1,745.2,31,0,71,14:21:10
8.26,0.51,91.1,752.5,46.5,0,71,14:21:15
8.32,0.84,91,757.1,76.4,0,71,14:21:20
8.24,1.14,91,749.8,103.7,0,70,14:21:25
8.28,1.36,91,753.5,123.8,0,70,14:21:30
8.25,1.24,91,750.8,112.8,0,70,14:21:35
8.26,0.92,91,751.7,83.7,0,70,14:21:40
8.22,1.17,91,748,106.5,0,70,14:21:45
8.26,1.48,90.9,750.8,134.5,0,70,14:21:50
8.28,1.39,90.9,752.7,126.4,0,69,14:21:55
8.3,1.38,90.9,754.5,125.4,0,69,14:22:00
8.27,1.45,90.9,751.7,131.8,0,69,14:22:05
8.28,0.99,91,753.5,90.1,0,70,14:22:10
8.24,0.67,91,749.8,61,0,70,14:22:15
8.28,0.95,91,753.5,86.5,0,70,14:22:20
8.24,1.04,91,749.8,94.6,0,70,14:22:25
8.34,1.03,91,758.9,93.7,0,70,14:22:30
8.26,1.43,90.9,750.8,130,0,69,14:22:35
8.24,1.24,90.9,749,112.7,0,69,14:22:40
8.29,1.43,90.9,753.6,130,0,69,14:22:45
8.26,1.42,90.9,750.8,129.1,0,69,14:22:50
8.27,1.28,90.9,751.7,116.4,0,69,14:22:55
8.26,1.44,90.9,750.8,130.9,0,70,14:23:00
8.27,1.23,90.9,751.7,111.8,0,69,14:23:05
8.23,1.43,90.9,748.1,130,0,69,14:23:10
8.26,1.22,90.9,750.8,110.9,0,70,14:23:15
8.26,0.96,91,751.7,87.4,0,70,14:23:20
8.22,0.94,91,748,85.5,0,70,14:23:25
8.14,1.47,91,740.7,133.8,0,70,14:23:30
8.17,0.47,91,743.5,42.8,0,71,14:23:35
8.2,1,90.9,745.4,90.9,0,71,14:23:40
8.17,0.22,91,743.5,20,0,71,14:23:45
8.19,0.11,91,745.3,10,0,71,14:23:50
8.19,0.59,91,745.3,53.7,0,71,14:23:55
8.26,0.81,91,751.7,73.7,0,71,14:24:00
8.16,0.32,91.1,743.4,29.2,0,71,14:24:05
8.13,1.05,90.9,739,95.4,0,70,14:24:10
8.18,0.4,91,744.4,36.4,0,71,14:24:15
8.24,0.85,91,749.8,77.4,0,71,14:24:20
8.12,0.43,91,738.9,39.1,0,71,14:24:25
8.1,0.01,91.1,737.9,0.9,0,71,14:24:30
8.16,0.21,91,742.6,19.1,0,72,14:24:35
8.06,0.57,91,733.5,51.9,0,72,14:24:40
8.12,0.61,91,738.9,55.5,0,71,14:24:45
8.11,0.57,91,738,51.9,0,71,14:24:50
8.09,0.61,91,736.2,55.5,0,71,14:24:55
8.05,0.67,91,732.6,61,0,71,14:25:00
8.08,-0.1,91.1,736.1,-9.1,0,72,14:25:05
8.06,-0.3,91.1,734.3,-27.3,0,72,14:25:10
8.1,-0.03,91.1,737.9,-2.7,0,72,14:25:15
8.06,-0.19,91.1,734.3,-17.3,0,72,14:25:20
8.02,0.17,91.1,730.6,15.5,0,72,14:25:25
8.04,-0.09,91.2,733.2,-8.2,0,72,14:25:30
8.1,-0.25,91.1,737.9,-22.8,0,72,14:25:35
8.08,0.3,91,735.3,27.3,0,72,14:25:40
8.05,0.52,91,732.6,47.3,0,72,14:25:45
8.09,0.44,91.1,737,40.1,0,72,14:25:50
8.06,-0.24,91.2,735.1,-21.9,0,72,14:25:55
8,0.04,91.1,728.8,3.6,0,72,14:26:00
8.06,0.33,91.1,734.3,30.1,0,72,14:26:05
8.05,-0.67,91.2,734.2,-61.1,0,72,14:26:10
8,0.05,91.1,728.8,4.6,0,72,14:26:15
8.05,-0.27,91.2,734.2,-24.6,0,72,14:26:20
8.09,0.11,91.1,737,10,0,72,14:26:25
7.99,-0.49,91.2,728.7,-44.7,0,72,14:26:30
8.03,-0.2,91.2,732.3,-18.2,0,72,14:26:35
8.01,-0.12,91.1,729.7,-10.9,0,72,14:26:40
8,-0.02,91.1,728.8,-1.8,0,72,14:26:45
8.01,-0.46,91.2,730.5,-42,0,72,14:26:50
8.04,-0.94,91.2,733.2,-85.7,0,72,14:26:55
8.01,-0.99,91.3,731.3,-90.4,0,72,14:27:00
8.02,-0.09,91.1,730.6,-8.2,0,72,14:27:05
8.05,-0.35,91.2,734.2,-31.9,0,72,14:27:10
8.06,0.08,91.1,734.3,7.3,0,72,14:27:15
8.01,0.25,91.1,729.7,22.8,0,71,14:27:20
8.09,0.36,91.1,737,32.8,0,71,14:27:25
8.06,1.02,91,733.5,92.8,0,71,14:27:30
8.07,0.3,91,734.4,27.3,0,71,14:27:35
8.02,0.07,91.1,730.6,6.4,0,71,14:27:40
8.02,-0.28,91.1,730.6,-25.5,0,72,14:27:45
8.07,0.28,91,734.4,25.5,0,72,14:27:50
8.01,0.18,91.1,729.7,16.4,0,72,14:27:55
7.95,-0.44,91.2,725,-40.1,0,72,14:28:00
8,-0.69,91.3,730.4,-63,0,72,14:28:05
7.95,-0.9,91.2,725,-82.1,0,73,14:28:10
7.91,-1.38,91.3,722.2,-126,0,73,14:28:15
7.98,-1.38,91.4,729.4,-126.1,0,73,14:28:20
7.92,-1.1,91.3,723.1,-100.4,0,73,14:28:25
7.93,-1.6,91.4,724.8,-146.2,0,73,14:28:30
7.92,-1.75,91.4,723.9,-160,0,73,14:28:35
7.91,-0.79,91.3,722.2,-72.1,0,73,14:28:40
7.93,-1.43,91.3,724,-130.6,0,73,14:28:45
7.91,-3.16,91.6,724.6,-289.5,0,74,14:28:50
7.91,-3.52,91.7,725.3,-322.8,0,74,14:28:55
7.95,-2.67,91.6,728.2,-244.6,0,74,14:29:00
7.99,-2.66,91.6,731.9,-243.7,0,73,14:29:05
7.95,-2.55,91.6,728.2,-233.6,0,74,14:29:10
8.11,-2.57,91.6,742.9,-235.4,0,74,14:29:15
8.14,-2.7,91.6,745.6,-247.3,0,74,14:29:20
8.13,-2.59,91.6,744.7,-237.2,0,73,14:29:25
8.12,-2.55,91.6,743.8,-233.6,0,74,14:29:30
7.88,-3.5,91.8,723.4,-321.3,0,74,14:29:35
7.7,-4.02,91.8,706.9,-369,0,75,14:29:40
7.85,-2.3,91.6,719.1,-210.7,0,73,14:29:45
7.88,-0.72,91.3,719.4,-65.7,0,73,14:29:50
7.86,-0.21,91.2,716.8,-19.2,0,73,14:29:55
7.85,-0.35,91.3,716.7,-32,0,72,14:30:00
7.8,-1.14,91.4,712.9,-104.2,0,73,14:30:05
7.66,-3.41,91.7,702.4,-312.7,0,74,14:30:10
7.52,-5.73,92.1,692.6,-527.7,0,76,14:30:15
7.65,-6.19,92.2,705.3,-570.7,0,76,14:30:20
7.77,-4.35,91.9,714.1,-399.8,0,75,14:30:25
7.85,-0.75,91.5,718.3,-68.6,0,73,14:30:30
7.99,0.75,91.2,728.7,68.4,0,70,14:30:35
7.87,1.35,91.1,717,123,0,70,14:30:40
7.84,0.68,91.1,714.2,61.9,0,71,14:30:45
7.69,-0.89,91.4,702.9,-81.3,0,73,14:30:50
7.68,-3.58,91.7,704.3,-328.3,0,75,14:30:55
7.63,-6.22,92.2,703.5,-573.5,0,76,14:31:00
7.63,-6.12,92.2,703.5,-564.3,0,76,14:31:05
7.77,-3.83,91.9,714.1,-352,0,75,14:31:10
8,-0.02,91.3,730.4,-1.8,0,72,14:31:15
8.15,1.5,91.1,742.5,136.7,0,69,14:31:20
8.08,1.57,91,735.3,142.9,0,67,14:31:25
8.01,1.61,91,728.9,146.5,0,65,14:31:30
7.99,1.56,91,727.1,142,0,65,14:31:35
7.92,1.68,91,720.7,152.9,0,67,14:31:40
7.87,1.77,91,716.2,161.1,0,69,14:31:45
7.73,-0.85,91.4,706.5,-77.7,0,73,14:31:50
7.61,-5.94,92.1,700.9,-547.1,0,76,14:31:55
7.55,-8.55,92.5,698.4,-790.9,0,77,14:32:00
7.59,-9.19,92.6,702.8,-851,0,77,14:32:05
7.69,-7.76,92.5,711.3,-717.8,0,77,14:32:10
7.87,-3.21,91.9,723.3,-295,0,74,14:32:15
7.9,-1.04,91.5,722.9,-95.2,0,73,14:32:20
7.99,-0.11,91.3,729.5,-10,0,72,14:32:25
7.96,0.43,91.3,726.7,39.3,0,71,14:32:30
8.06,0.38,91.2,735.1,34.7,0,72,14:32:35
8.01,-0.49,91.4,732.1,-44.8,0,73,14:32:40
7.89,-3.05,91.8,724.3,-280,0,74,14:32:45
7.79,-5.34,92.1,717.5,-491.8,0,75,14:32:50
7.83,-7.18,92.4,723.5,-663.4,0,76,14:32:55
7.98,-6.11,92.2,735.8,-563.3,0,75,14:33:00
8.09,-3.75,91.9,743.5,-344.6,0,74,14:33:05
8.1,-1.78,91.7,742.8,-163.2,0,73,14:33:10
8.18,0.47,91.2,746,42.9,0,71,14:33:15
8.14,1.01,91.2,742.4,92.1,0,71,14:33:20
7.83,0.71,91.2,714.1,64.8,0,71,14:33:25
7.74,-0.45,91.4,707.4,-41.1,0,73,14:33:30
7.53,-4.73,92,692.8,-435.2,0,75,14:33:35
7.5,-9.29,92.7,695.3,-861.2,0,78,14:33:40
7.51,-10.01,92.9,697.7,-929.9,0,78,14:33:45
7.55,-7.98,92.6,699.1,-738.9,0,77,14:33:50
7.55,-6.79,92.4,697.6,-627.4,0,76,14:33:55
7.5,-6.79,92.4,693,-627.4,0,76,14:34:00
7.55,-7.22,92.5,698.4,-667.9,0,77,14:34:05
7.56,-6.92,92.5,699.3,-640.1,0,76,14:34:10
7.59,-5.87,92.3,700.6,-541.8,0,76,14:34:15
7.55,-5.68,92.3,696.9,-524.3,0,76,14:34:20
7.65,-3.85,92,703.8,-354.2,0,75,14:34:25
7.61,-4.35,92.1,700.9,-400.6,0,75,14:34:30
7.54,-4.16,92.1,694.4,-383.1,0,75,14:34:35
7.76,-2.89,91.9,713.1,-265.6,0,74,14:34:40
7.79,0.2,91.5,712.8,18.3,0,72,14:34:45
7.76,1.84,91.2,707.7,167.8,0,70,14:34:50
7.82,1.82,91.1,712.4,165.8,0,68,14:34:55
7.87,2.02,91.2,717.7,184.2,0,66,14:35:00
7.9,1.69,91.2,720.5,154.1,0,65,14:35:05
7.9,1.7,91.2,720.5,155,0,63,14:35:10
7.95,1.65,91.2,725,150.5,0,63,14:35:15
8.03,1.59,91.1,731.5,144.8,0,63,14:35:20
8.15,1.49,91.2,743.3,135.9,0,65,14:35:25
8.1,1.44,91.1,737.9,131.2,0,68,14:35:30
8.21,-0.51,91.4,750.4,-46.6,0,73,14:35:35
8.04,-6.21,92.2,741.3,-572.6,0,76,14:35:40
8.04,-8.46,92.5,743.7,-782.6,0,77,14:35:45
6.65,-4.32,92,611.8,-397.4,0,75,14:35:50
1.97,1.99,91.1,179.5,181.3,0,74,14:35:55
4.05,-0.13,91.4,370.2,-11.9,0,74,14:36:00
4.91,-3.53,91.9,451.2,-324.4,0,76,14:36:05
7.27,-7.93,92.5,672.5,-733.5,0,77,14:36:10
7.16,-5.34,92.2,660.2,-492.3,0,76,14:36:15
7.43,-3.93,92,683.6,-361.6,0,75,14:36:20
7.34,-2.51,91.8,673.8,-230.4,0,74,14:36:25
6.46,-2.16,91.8,593,-198.3,0,74,14:36:30
5.88,2.31,91.2,536.3,210.7,0,72,14:36:35
6.35,2.94,91,577.9,267.5,0,69,14:36:40
6.43,2.92,90.9,584.5,265.4,0,67,14:36:45
6.78,2.68,91,617,243.9,0,67,14:36:50
6.96,2.54,91,633.4,231.1,0,67,14:36:55
7.07,2.48,90.9,642.7,225.4,0,69,14:37:00
6.87,1.71,91.1,625.9,155.8,0,71,14:37:05
6.99,-1.19,91.5,639.6,-108.9,0,74,14:37:10
6.7,-1.59,91.5,613.1,-145.5,0,74,14:37:15
6.99,-1.82,91.6,640.3,-166.7,0,74,14:37:20
7.05,-1.01,91.5,645.1,-92.4,0,73,14:37:25
6.99,-0.69,91.4,638.9,-63.1,0,73,14:37:30
6.93,-0.08,91.3,632.7,-7.3,0,73,14:37:35
6.89,0.67,91.2,628.4,61.1,0,73,14:37:40
7.01,0.18,91.3,640,16.4,0,73,14:37:45
6.99,-0.62,91.5,639.6,-56.7,0,73,14:37:50
7.04,-1.47,91.6,644.9,-134.7,0,73,14:37:55
7.18,-0.63,91.4,656.3,-57.6,0,73,14:38:00
7.54,0.6,91.2,687.6,54.7,0,72,14:38:05
7.62,1.39,91.2,694.9,126.8,0,71,14:38:10
7.44,1.06,91.2,678.5,96.7,0,71,14:38:15
7.3,0.1,91.3,666.5,9.1,0,72,14:38:20
7.24,-3.14,91.8,664.6,-288.3,0,75,14:38:25
6.84,-7.16,92.3,631.3,-660.9,0,77,14:38:30
6.7,-8.59,92.6,620.4,-795.4,0,78,14:38:35
6.67,-8.75,92.6,617.6,-810.3,0,78,14:38:40
6.67,-6.55,92.4,616.3,-605.2,0,76,14:38:45
6.74,-5.28,92.2,621.4,-486.8,0,76,14:38:50
7.08,-4.61,92.2,652.8,-425,0,75,14:38:55
7.2,-1.12,91.6,659.5,-102.6,0,73,14:39:00
7.45,1.4,91.2,679.4,127.7,0,71,14:39:05
7.55,1.95,91.2,688.6,177.8,0,69,14:39:10
7.53,2.06,91.1,686,187.7,0,69,14:39:15
7.43,1.71,91.1,676.9,155.8,0,70,14:39:20
7.63,1.71,91.2,695.9,156,0,71,14:39:25
7.62,1.09,91.2,694.9,99.4,0,72,14:39:30
7.62,0.41,91.3,695.7,37.4,0,72,14:39:35
7.37,1.1,91.3,672.9,100.4,0,72,14:39:40
7.65,-1.36,91.6,700.7,-124.6,0,73,14:39:45
7.46,-5.41,92.1,687.1,-498.3,0,76,14:39:50
7.24,-9.79,92.8,671.9,-908.5,0,78,14:39:55
7.28,-13.46,93.4,680,-1257.2,0,80,14:40:00
7.05,-14.29,93.6,659.9,-1337.5,0,81,14:40:05
7.22,-11.2,93.2,672.9,-1043.8,0,79,14:40:10
7.49,-10.81,93.2,698.1,-1007.5,0,79,14:40:15
4.18,-10.04,93.1,389.2,-934.7,0,80,14:40:20
6.95,-10.67,93.2,647.7,-994.4,0,79,14:40:25
6.5,-5.21,92.4,600.6,-481.4,0,76,14:40:30
6.85,-0.89,91.8,628.8,-81.7,0,73,14:40:35
7.05,0.11,91.6,645.8,10.1,0,73,14:40:40
7.4,1.47,91.4,676.4,134.4,0,71,14:40:45
7.39,1.47,91.3,674.7,134.2,0,71,14:40:50
7.29,-0.6,91.6,667.8,-55,0,73,14:40:55
7.19,-3.2,92,661.5,-294.4,0,74,14:41:00
7.17,-11.2,93.3,669,-1045,0,76,14:41:05
7.12,-9.28,92.9,661.4,-862.1,0,74,14:41:10
7.56,-8.18,92.8,701.6,-759.1,0,73,14:41:15
7.58,-7.73,92.8,703.4,-717.3,0,73,14:41:20
7.59,-6.8,92.7,703.6,-630.4,0,68,14:41:25
7.56,-6.75,92.7,700.8,-625.7,0,68,14:41:30
7.43,-4.86,92.4,686.5,-449.1,0,69,14:41:35
7.24,-4.67,92.4,669,-431.5,0,69,14:41:40
7.56,-5.01,92.4,698.5,-462.9,0,69,14:41:45
7.2,-4.66,92.3,664.6,-430.1,0,68,14:41:50
7.55,-5.06,92.4,697.6,-467.5,0,68,14:41:55
7.58,-5.06,92.4,700.4,-467.5,0,67,14:42:00
7.41,-4.89,92.4,684.7,-451.8,0,69,14:42:05
7.42,-4.89,92.4,685.6,-451.8,0,69,14:42:10
7.45,-4.92,92.4,688.4,-454.6,0,68,14:42:15
7.46,-4.92,92.4,689.3,-454.6,0,67,14:42:20
7.32,-6.53,92.7,678.6,-605.3,0,66,14:42:25
7.57,-6.77,92.7,701.7,-627.6,0,62,14:42:30
7.55,-6.75,92.7,699.9,-625.7,0,61,14:42:35
7.49,-6.7,92.7,694.3,-621.1,0,59,14:42:40
7.73,-6.92,92.7,716.6,-641.5,0,59,14:42:45
4.48,-3.9,92.3,413.5,-360,0,57,14:42:50
7.8,-2.64,92.1,718.4,-243.1,0,57,14:42:55
2.37,0.48,91.7,217.3,44,0,57,14:43:00
6.22,-2.97,92.1,572.9,-273.5,0,57,14:43:05
2.92,0.04,91.7,267.8,3.7,0,58,14:43:10
7.3,-3.91,92.2,673.1,-360.5,0,59,14:43:15
7.25,-3.83,92.2,668.5,-353.1,0,59,14:43:20
7.33,-3.96,92.2,675.8,-365.1,0,59,14:43:25
3.99,-0.93,91.9,366.7,-85.5,0,59,14:43:30
7.15,-3.79,92.2,659.2,-349.4,0,58,14:43:35
6.73,-3.46,92.2,620.5,-319,0,59,14:43:40
3.83,-0.77,91.8,351.6,-70.7,0,58,14:43:45
6.7,-3.4,92.2,617.7,-313.5,0,58,14:43:50
5.29,-2.11,91.9,486.2,-193.9,0,57,14:43:55
3.88,-0.78,91.8,356.2,-71.6,0,57,14:44:00
7.39,-4.01,92.2,681.4,-369.7,0,57,14:44:05
6.08,-1.61,91.9,558.8,-148,0,58,14:44:10
4,0.24,91.6,366.4,22,0,59,14:44:15
6.41,-1.9,92,589.7,-174.8,0,60,14:44:20
6.65,-2.09,91.9,611.1,-192.1,0,61,14:44:25
7.06,-3.62,92.2,650.9,-333.8,0,61,14:44:30
6.94,-25.48,95.4,662.1,-2430.8,0,60,14:44:35
7.09,-28.47,96,680.6,-2733.1,0,45,14:44:40
7.04,-15.41,94.2,663.2,-1451.6,0,30,14:44:45
7.32,0,92,673.4,0,0,21,14:44:50
7.21,0.18,91.9,662.6,16.5,0,28,14:44:55
7.22,0.19,91.8,662.8,17.4,0,32,14:45:00
7.34,-1,92,675.3,-92,0,36,14:45:05
7.05,-6.29,92.7,653.5,-583.1,0,37,14:45:10
6.87,-6.11,92.7,636.8,-566.4,0,36,14:45:15
7.58,-12.77,93.7,710.2,-1196.5,0,30,14:45:20
7.1,-4.64,92.5,656.8,-429.2,0,30,14:45:25
5.4,-0.07,91.9,496.3,-6.4,0,32,14:45:30
7.74,-0.02,91.9,711.3,-1.8,0,35,14:45:35
2.94,-2.46,92.2,271.1,-226.8,0,35,14:45:40
5.88,-5.2,92.6,544.5,-481.5,0,35,14:45:45
5.21,-16.22,94.2,490.8,-1527.9,0,33,14:45:50
6.17,-5.47,92.7,572,-507.1,0,28,14:45:55
6.36,-4.4,92.5,588.3,-407,0,29,14:46:00
4.39,0.54,91.8,403,49.6,0,31,14:46:05
6.92,-6.16,92.7,641.5,-571,0,31,14:46:10
1.99,-4.08,92.4,183.9,-377,0,31,14:46:15
6.8,-11.06,93.5,635.8,-1034.1,0,24,14:46:20
6.2,-5.49,92.7,574.7,-508.9,0,20,14:46:25
5.39,1.42,91.7,494.3,130.2,0,24,14:46:30
6.64,-3.6,92.4,613.5,-332.6,0,28,14:46:35
6.56,-6.68,92.8,608.8,-619.9,0,29,14:46:40
6.25,-7.63,92.9,580.6,-708.8,0,14,14:46:45
6.56,-5.83,92.7,608.1,-540.4,0,5,14:46:50
6.55,-4.88,92.6,606.5,-451.9,0,5,14:46:55
6.54,-1.96,92.2,603,-180.7,0,11,14:47:00
1.8,5.21,91.2,164.2,475.2,0,17,14:47:05
6.67,1.79,91.6,611,164,0,24,14:47:10
6.35,2.02,91.5,581,184.8,0,28,14:47:15
6.87,1.57,91.6,629.3,143.8,0,32,14:47:20
5.85,2.45,91.4,534.7,223.9,0,37,14:47:25
6.25,2.12,91.4,571.3,193.8,0,42,14:47:30
6.75,1.68,91.5,617.6,153.7,0,47,14:47:35
6.88,1.59,91.5,629.5,145.5,0,51,14:47:40
3.56,4.35,91.1,324.3,396.3,0,54,14:47:45
5.56,2.72,91.3,507.6,248.3,0,56,14:47:50
6.24,2.14,91.4,570.3,195.6,0,58,14:47:55
6.46,-5.75,92.5,597.6,-531.9,0,56,14:48:00
5.85,-27.69,95.8,560.4,-2652.7,0,44,14:48:05
4.67,-8.35,93.2,435.2,-778.2,0,32,14:48:10
6.3,-5.59,92.7,584,-518.2,0,21,14:48:15
6.46,-2.98,92.3,596.3,-275.1,0,20,14:48:20
7.49,-5.47,92.7,694.3,-507.1,0,23,14:48:25
7.24,-5.87,92.7,671.1,-544.1,0,23,14:48:30
0.81,-5.35,92.7,75.1,-495.9,0,21,14:48:35
7.28,-8.61,93.2,678.5,-802.5,0,13,14:48:40
7.41,-6.62,92.9,688.4,-615,0,11,14:48:45
7.06,-4.77,92.7,654.5,-442.2,0,11,14:48:50
2.14,1.8,91.8,196.5,165.2,0,14,14:48:55
7.69,-4.53,92.6,712.1,-419.5,0,19,14:49:00
0.9,-3.43,92.5,83.3,-317.3,0,15,14:49:05
5.83,-5.71,92.8,541,-529.9,0,9,14:49:10
5.78,-6.53,92.9,537,-606.6,0,9,14:49:15
1.35,0.18,92,124.2,16.6,0,5,14:49:20
2.36,-0.58,92.1,217.4,-53.4,0,9,14:49:25
6.84,-6.08,92.8,634.8,-564.2,0,11,14:49:30
7.17,-6.39,92.8,665.4,-593,0,8,14:49:35
7.4,-6.64,92.9,687.5,-616.9,0,0,14:49:40
7.47,-5.25,92.7,692.5,-486.7,0,0,14:49:45
7.43,-6.64,93,691,-617.5,0,0,14:49:50
7.59,-6.78,93,705.9,-630.5,0,0,14:49:55
7.66,-6.86,93,712.4,-638,0,0,14:50:00
7.74,-6.89,93,719.8,-640.8,0,0,14:50:05
6.87,-6.12,93,638.9,-569.2,0,0,14:50:10
7.02,-6.26,93,652.9,-582.2,0,0,14:50:15
7.07,-6.31,93,657.5,-586.8,0,0,14:50:20
7.03,-6.27,93,653.8,-583.1,0,0,14:50:25
6.86,-6,93,638,-558,0,0,14:50:30
6.58,-5.85,93,611.9,-544.1,0,0,14:50:35
6.31,-5.6,92.9,586.2,-520.2,0,0,14:50:40
6.97,-6.21,93,648.2,-577.5,0,0,14:50:45
7.73,-6.91,93.1,719.7,-643.3,0,0,14:50:50
7.7,-6.89,93.1,716.9,-641.5,0,0,14:50:55
7.68,-6.88,93.1,715,-640.5,0,0,14:51:00
7.7,-6.91,93.1,716.9,-643.3,0,0,14:51:05
7.72,-6.91,93.1,718.7,-643.3,0,0,14:51:10
7.72,-6.91,93.1,718.7,-643.3,0,0,14:51:15
7.71,-6.9,93.1,717.8,-642.4,0,0,14:51:20
7.7,-6.9,93.1,716.9,-642.4,0,0,14:51:25
7.7,-6.9,93.1,716.9,-642.4,0,0,14:51:30
7.73,-6.92,93.1,719.7,-644.3,0,0,14:51:35
7.64,-6.84,93.1,711.3,-636.8,0,0,14:51:40
7.32,-6.53,93.1,681.5,-607.9,0,0,14:51:45
4.04,-3.49,92.7,374.5,-323.5,0,0,14:51:50
1.01,-0.68,92.3,93.2,-62.8,0,0,14:51:55
1.07,-0.73,92.2,98.7,-67.3,0,0,14:52:00
1.92,-1.51,92.4,177.4,-139.5,0,0,14:52:05
6.3,-5.59,92.8,584.6,-518.8,0,0,14:52:10
7.46,-6.67,93.1,694.5,-621,0,0,14:52:15
7.48,-6.68,93.1,696.4,-621.9,0,0,14:52:20
7.41,-6.62,93.1,689.9,-616.3,0,0,14:52:25
7.44,-6.64,93.1,692.7,-618.2,0,0,14:52:30
7.43,-6.64,93.1,691.7,-618.2,0,0,14:52:35
7.36,-6.58,93.1,685.2,-612.6,0,0,14:52:40
7.01,-6.25,93.1,652.6,-581.9,0,0,14:52:45
5.9,-5.2,93,548.7,-483.6,0,0,14:52:50
6.81,-6.05,93.1,634,-563.3,0,0,14:52:55
7.17,-6.4,93.1,667.5,-595.8,0,0,14:53:00
7.21,-6.44,93.1,671.3,-599.6,0,0,14:53:05
7.23,-6.45,93.1,673.1,-600.5,0,0,14:53:10
7.14,-6.37,93.1,664.7,-593,0,0,14:53:15
7.15,-6.38,93.1,665.7,-594,0,0,14:53:20
7.21,-6.43,93.1,671.3,-598.6,0,0,14:53:25
7.21,-6.43,93.1,671.3,-598.6,0,0,14:53:30
7.17,-6.39,93.2,668.2,-595.5,0,0,14:53:35
5.58,-4.91,93,518.9,-456.6,0,0,14:53:40
5.99,-5.3,93,557.1,-492.9,0,0,14:53:45
7.14,-6.37,93.3,666.2,-594.3,0,0,14:53:50
7.2,-6.41,93.2,671,-597.4,0,0,14:53:55
7.19,-6.42,93.2,670.1,-598.3,0,0,14:54:00
7.17,-6.4,93.3,669,-597.1,0,0,14:54:05
7.18,-6.41,93.3,669.9,-598.1,0,0,14:54:10
7.18,-6.41,93.3,669.9,-598.1,0,0,14:54:15
7.17,-6.39,93.3,669,-596.2,0,0,14:54:20
7.15,-6.38,93.3,667.1,-595.3,0,0,14:54:25
7.15,-6.37,93.3,667.1,-594.3,0,0,14:54:30
7.17,-6.38,93.3,669,-595.3,0,0,14:54:35
7.16,-6.39,93.3,668,-596.2,0,0,14:54:40
7.16,-6.38,93.3,668,-595.3,0,0,14:54:45
7.13,-6.35,93.3,665.2,-592.5,0,0,14:54:50
7.12,-6.35,93.3,664.3,-592.5,0,0,14:54:55
7.14,-6.37,93.3,666.2,-594.3,0,0,14:55:00
7.13,-6.36,93.3,665.2,-593.4,0,0,14:55:05
7.13,-6.36,93.3,665.2,-593.4,0,0,14:55:10
7.13,-6.36,93.3,665.2,-593.4,0,0,14:55:15
7.12,-6.35,93.3,664.3,-592.5,0,0,14:55:20
7.11,-6.33,93.3,663.4,-590.6,0,0,14:55:25
7.1,-6.33,93.3,662.4,-590.6,0,0,14:55:30
7.11,-6.33,93.3,663.4,-590.6,0,0,14:55:35
7.09,-6.33,93.3,661.5,-590.6,0,0,14:55:40
7.09,-6.32,93.3,661.5,-589.7,0,0,14:55:45
7.09,-6.33,93.3,661.5,-590.6,0,0,14:55:50
7.06,-6.3,93.4,659.4,-588.4,0,0,14:55:55
7.06,-6.3,93.3,658.7,-587.8,0,0,14:56:00
7.07,-6.31,93.3,659.6,-588.7,0,0,14:56:05
7.06,-6.3,93.3,658.7,-587.8,0,0,14:56:10
7.05,-6.29,93.4,658.5,-587.5,0,0,14:56:15
7.06,-6.29,93.3,658.7,-586.9,0,0,14:56:20
7.05,-6.28,93.4,658.5,-586.6,0,0,14:56:25
7.04,-6.28,93.4,657.5,-586.6,0,0,14:56:30
7.03,-6.26,93.4,656.6,-584.7,0,0,14:56:35
7.02,-6.25,93.4,655.7,-583.8,0,0,14:56:40
7.01,-6.24,93.4,654.7,-582.8,0,0,14:56:45
7.02,-6.25,93.4,655.7,-583.8,0,0,14:56:50
7,-6.23,93.4,653.8,-581.9,0,0,14:56:55
7,-6.23,93.4,653.8,-581.9,0,0,14:57:00
7,-6.23,93.4,653.8,-581.9,0,0,14:57:05
6.98,-6.21,93.4,651.9,-580,0,0,14:57:10
6.98,-6.21,93.4,651.9,-580,0,0,14:57:15
6.96,-6.2,93.4,650.1,-579.1,0,0,14:57:20
6.96,-6.2,93.4,650.1,-579.1,0,0,14:57:25
6.95,-6.19,93.4,649.1,-578.1,0,0,14:57:30
6.93,-6.18,93.4,647.3,-577.2,0,0,14:57:35
6.93,-6.18,93.4,647.3,-577.2,0,0,14:57:40
6.93,-6.17,93.4,647.3,-576.3,0,0,14:57:45
6.9,-6.14,93.4,644.5,-573.5,0,0,14:57:50
6.93,-6.17,93.4,647.3,-576.3,0,0,14:57:55
6.91,-6.15,93.4,645.4,-574.4,0,0,14:58:00
6.92,-6.15,93.4,646.3,-574.4,0,0,14:58:05
6.89,-6.13,93.4,643.5,-572.5,0,0,14:58:10
6.87,-6.14,93.4,641.7,-573.5,0,0,14:58:15
7,-6.24,93.5,654.5,-583.4,0,0,14:58:20
7.02,-6.25,93.5,656.4,-584.4,0,0,14:58:25
7,-6.24,93.5,654.5,-583.4,0,0,14:58:30
6.98,-6.21,93.5,652.6,-580.6,0,0,14:58:35
6.99,-6.22,93.6,654.3,-582.2,0,0,14:58:40
7,-6.23,93.5,654.5,-582.5,0,0,14:58:45
6.99,-6.22,93.5,653.6,-581.6,0,0,14:58:50
6.97,-6.2,93.6,652.4,-580.3,0,0,14:58:55
6.87,-6.12,93.6,643,-572.8,0,0,14:59:00
6.86,-6.1,93.5,641.4,-570.4,0,0,14:59:05
6.85,-6.09,93.6,641.2,-570,0,0,14:59:10
6.84,-6.09,93.6,640.2,-570,0,0,14:59:15
6.83,-6.07,93.6,639.3,-568.2,0,0,14:59:20
6.81,-6.05,93.6,637.4,-566.3,0,0,14:59:25
6.81,-6.06,93.6,637.4,-567.2,0,0,14:59:30
6.81,-6.06,93.6,637.4,-567.2,0,0,14:59:35
6.8,-6.05,93.6,636.5,-566.3,0,0,14:59:40
6.79,-6.04,93.6,635.5,-565.3,0,0,14:59:45
6.79,-6.04,93.6,635.5,-565.3,0,0,14:59:50
6.78,-6.04,93.6,634.6,-565.3,0,0,14:59:55
6.8,-6.04,93.6,636.5,-565.3,0,0,15:00:00
6.78,-6.03,93.6,634.6,-564.4,0,0,15:00:05
6.78,-6.03,93.6,634.6,-564.4,0,0,15:00:10
6.77,-6.03,93.6,633.7,-564.4,0,0,15:00:15
6.76,-6.01,93.6,632.7,-562.5,0,0,15:00:20
6.76,-6.01,93.6,632.7,-562.5,0,0,15:00:25
6.73,-5.99,93.6,629.9,-560.7,0,0,15:00:30
6.73,-5.99,93.6,629.9,-560.7,0,0,15:00:35
6.73,-5.98,93.6,629.9,-559.7,0,0,15:00:40
6.72,-5.98,93.6,629,-559.7,0,0,15:00:45
6.71,-5.96,93.6,628.1,-557.9,0,0,15:00:50
6.7,-5.95,93.6,627.1,-556.9,0,0,15:00:55
6.71,-5.98,93.6,628.1,-559.7,0,0,15:01:00
6.7,-5.96,93.6,627.1,-557.9,0,0,15:01:05
6.69,-5.95,93.7,626.9,-557.5,0,0,15:01:10
6.68,-5.94,93.6,625.2,-556,0,0,15:01:15
6.68,-5.93,93.7,625.9,-555.6,0,0,15:01:20
6.68,-5.94,93.7,625.9,-556.6,0,0,15:01:25
6.66,-5.91,93.7,624,-553.8,0,0,15:01:30
6.66,-5.91,93.7,624,-553.8,0,0,15:01:35
6.64,-5.91,93.7,622.2,-553.8,0,0,15:01:40
6.65,-5.91,93.7,623.1,-553.8,0,0,15:01:45
6.63,-5.89,93.7,621.2,-551.9,0,0,15:01:50
6.63,-5.89,93.7,621.2,-551.9,0,0,15:01:55
6.61,-5.88,93.7,619.4,-551,0,0,15:02:00
6.62,-5.88,93.7,620.3,-551,0,0,15:02:05
6.6,-5.88,93.7,618.4,-551,0,0,15:02:10
6.59,-5.86,93.7,617.5,-549.1,0,0,15:02:15
6.56,-5.83,93.7,614.7,-546.3,0,0,15:02:20
6.57,-5.84,93.7,615.6,-547.2,0,0,15:02:25
6.57,-5.84,93.7,615.6,-547.2,0,0,15:02:30
6.56,-5.82,93.7,614.7,-545.3,0,0,15:02:35
6.55,-5.81,93.7,613.7,-544.4,0,0,15:02:40
6.55,-5.82,93.7,613.7,-545.3,0,0,15:02:45
6.52,-5.79,93.7,610.9,-542.5,0,0,15:02:50
6.54,-5.81,93.7,612.8,-544.4,0,0,15:02:55
6.54,-5.8,93.7,612.8,-543.5,0,0,15:03:00
6.52,-5.78,93.7,610.9,-541.6,0,0,15:03:05
6.51,-5.78,93.7,610,-541.6,0,0,15:03:10
6.51,-5.78,93.7,610,-541.6,0,0,15:03:15
6.5,-5.77,93.7,609.1,-540.6,0,0,15:03:20
6.49,-5.76,93.7,608.1,-539.7,0,0,15:03:25
6.48,-5.75,93.7,607.2,-538.8,0,0,15:03:30
6.45,-5.73,93.7,604.4,-536.9,0,0,15:03:35
6.47,-5.74,93.8,606.9,-538.4,0,0,15:03:40
6.49,-5.76,93.8,608.8,-540.3,0,0,15:03:45
6.48,-5.75,93.8,607.8,-539.4,0,0,15:03:50
6.48,-5.76,93.8,607.8,-540.3,0,0,15:03:55
6.45,-5.73,93.8,605,-537.5,0,0,15:04:00
6.46,-5.73,93.8,605.9,-537.5,0,0,15:04:05
6.45,-5.72,93.8,605,-536.5,0,0,15:04:10
6.45,-5.72,93.9,605.7,-537.1,0,0,15:04:15
6.45,-5.73,93.9,605.7,-538,0,0,15:04:20
6.46,-5.74,93.9,606.6,-539,0,0,15:04:25
6.45,-5.72,93.9,605.7,-537.1,0,0,15:04:30
6.43,-5.7,93.9,603.8,-535.2,0,0,15:04:35
6.43,-5.71,93.9,603.8,-536.2,0,0,15:04:40
6.43,-5.71,93.9,603.8,-536.2,0,0,15:04:45
6.42,-5.7,93.9,602.8,-535.2,0,0,15:04:50
6.42,-5.69,93.9,602.8,-534.3,0,0,15:04:55
6.4,-5.69,93.9,601,-534.3,0,0,15:05:00
6.43,-5.71,93.9,603.8,-536.2,0,0,15:05:05
6.41,-5.69,93.9,601.9,-534.3,0,0,15:05:10
6.41,-5.69,93.9,601.9,-534.3,0,0,15:05:15
6.38,-5.67,93.9,599.1,-532.4,0,0,15:05:20
6.37,-5.66,93.9,598.1,-531.5,0,0,15:05:25
6.37,-5.65,93.9,598.1,-530.5,0,0,15:05:30
6.36,-5.64,93.9,597.2,-529.6,0,0,15:05:35
6.33,-5.62,93.9,594.4,-527.7,0,0,15:05:40
6.35,-5.63,93.9,596.3,-528.7,0,0,15:05:45
6.3,-5.59,93.9,591.6,-524.9,0,0,15:05:50
6.31,-5.61,93.9,592.5,-526.8,0,0,15:05:55
6.32,-5.61,94,594.1,-527.3,0,0,15:06:00
6.31,-5.59,93.9,592.5,-524.9,0,0,15:06:05
6.3,-5.6,94,592.2,-526.4,0,0,15:06:10
6.3,-5.6,93.9,591.6,-525.8,0,0,15:06:15
6.28,-5.57,93.9,589.7,-523,0,0,15:06:20
6.28,-5.57,94,590.3,-523.6,0,0,15:06:25
6.27,-5.56,94,589.4,-522.6,0,0,15:06:30
6.26,-5.55,94,588.4,-521.7,0,0,15:06:35
6.26,-5.56,94,588.4,-522.6,0,0,15:06:40
6.25,-5.55,94,587.5,-521.7,0,0,15:06:45
6.24,-5.53,94,586.6,-519.8,0,0,15:06:50
6.22,-5.52,94,584.7,-518.9,0,0,15:06:55
6.22,-5.52,94,584.7,-518.9,0,0,15:07:00
6.22,-5.51,94,584.7,-517.9,0,0,15:07:05
6.21,-5.5,94,583.7,-517,0,0,15:07:10
6.2,-5.49,94,582.8,-516.1,0,0,15:07:15
6.21,-5.5,94,583.7,-517,0,0,15:07:20
6.19,-5.48,94,581.9,-515.1,0,0,15:07:25
6.15,-5.45,94,578.1,-512.3,0,0,15:07:30
6.17,-5.46,94,580,-513.2,0,0,15:07:35
6.17,-5.46,94,580,-513.2,0,0,15:07:40
6.17,-5.46,94,580,-513.2,0,0,15:07:45
6.16,-5.45,94,579,-512.3,0,0,15:07:50
6.15,-5.45,94,578.1,-512.3,0,0,15:07:55
6.13,-5.44,94,576.2,-511.4,0,0,15:08:00
6.14,-5.44,94,577.2,-511.4,0,0,15:08:05
6.11,-5.42,94,574.3,-509.5,0,0,15:08:10
6.12,-5.43,94,575.3,-510.4,0,0,15:08:15
6.12,-5.42,94,575.3,-509.5,0,0,15:08:20
6.11,-5.42,94,574.3,-509.5,0,0,15:08:25
6.1,-5.41,94,573.4,-508.5,0,0,15:08:30
6.11,-5.42,94,574.3,-509.5,0,0,15:08:35
6.08,-5.38,94,571.5,-505.7,0,0,15:08:40
6.08,-5.39,94,571.5,-506.7,0,0,15:08:45
6.08,-5.38,94.1,572.1,-506.3,0,0,15:08:50
6.07,-5.38,94.1,571.2,-506.3,0,0,15:08:55
6.06,-5.36,94,569.6,-503.8,0,0,15:09:00
6.02,-5.32,94.1,566.5,-500.6,0,0,15:09:05
6.07,-5.37,94.1,571.2,-505.3,0,0,15:09:10
6.05,-5.36,94.1,569.3,-504.4,0,0,15:09:15
6.06,-5.36,94.1,570.2,-504.4,0,0,15:09:20
6,-5.31,94.1,564.6,-499.7,0,0,15:09:25
6.04,-5.35,94.1,568.4,-503.4,0,0,15:09:30
6,-5.3,94.2,565.2,-499.3,0,0,15:09:35
6.03,-5.34,94.2,568,-503,0,0,15:09:40
6.02,-5.33,94.1,566.5,-501.6,0,0,15:09:45
6.01,-5.32,94.2,566.1,-501.1,0,0,15:09:50
5.98,-5.3,94.2,563.3,-499.3,0,0,15:09:55
6,-5.31,94.2,565.2,-500.2,0,0,15:10:00
6.01,-5.31,94.2,566.1,-500.2,0,0,15:10:05
6,-5.31,94.2,565.2,-500.2,0,0,15:10:10
5.97,-5.29,94.2,562.4,-498.3,0,0,15:10:15
5.98,-5.29,94.2,563.3,-498.3,0,0,15:10:20
5.97,-5.29,94.2,562.4,-498.3,0,0,15:10:25
5.97,-5.28,94.2,562.4,-497.4,0,0,15:10:30
5.97,-5.28,94.2,562.4,-497.4,0,0,15:10:35
5.97,-5.28,94.2,562.4,-497.4,0,0,15:10:40
5.98,-5.29,94.2,563.3,-498.3,0,0,15:10:45
5.96,-5.28,94.2,561.4,-497.4,0,0,15:10:50
5.95,-5.27,94.2,560.5,-496.4,0,0,15:10:55
5.99,-5.3,94.2,564.3,-499.3,0,0,15:11:00
5.96,-5.27,94.2,561.4,-496.4,0,0,15:11:05
5.55,-4.89,94.2,522.8,-460.6,0,0,15:11:10
5.72,-5.06,94.2,538.8,-476.7,0,0,15:11:15
5.5,-4.84,94.2,518.1,-455.9,0,0,15:11:20
5.6,-4.94,94.2,527.5,-465.3,0,0,15:11:25
5.84,-5.17,94.2,550.1,-487,0,0,15:11:30
6.15,-5.44,94.2,579.3,-512.4,0,0,15:11:35
6.13,-5.43,94.3,578.1,-512,0,0,15:11:40
6.11,-5.41,94.3,576.2,-510.2,0,0,15:11:45
6.11,-5.42,94.3,576.2,-511.1,0,0,15:11:50
6.1,-5.39,94.3,575.2,-508.3,0,0,15:11:55
6.08,-5.39,94.3,573.3,-508.3,0,0,15:12:00
6.12,-5.42,94.3,577.1,-511.1,0,0,15:12:05
6.33,-5.61,94.3,596.9,-529,0,0,15:12:10
6.34,-5.62,94.3,597.9,-530,0,0,15:12:15
6.33,-5.62,94.3,596.9,-530,0,0,15:12:20
6.33,-5.61,94.3,596.9,-529,0,0,15:12:25
6.32,-5.6,94.3,596,-528.1,0,0,15:12:30
6.29,-5.59,94.3,593.1,-527.1,0,0,15:12:35
6.22,-5.51,94.4,587.2,-520.1,0,0,15:12:40
6.22,-5.51,94.3,586.5,-519.6,0,0,15:12:45
6.21,-5.5,94.4,586.2,-519.2,0,0,15:12:50
6.21,-5.5,94.4,586.2,-519.2,0,0,15:12:55
6.21,-5.51,94.4,586.2,-520.1,0,0,15:13:00
6.21,-5.5,94.4,586.2,-519.2,0,0,15:13:05
6.21,-5.51,94.5,586.8,-520.7,0,0,15:13:10
6.23,-5.52,94.5,588.7,-521.6,0,0,15:13:15
6.21,-5.51,94.5,586.8,-520.7,0,0,15:13:20
6.19,-5.48,94.5,585,-517.9,0,0,15:13:25
6.18,-5.47,94.5,584,-516.9,0,0,15:13:30
6.17,-5.46,94.5,583.1,-516,0,0,15:13:35
6.1,-5.4,94.4,575.8,-509.8,0,0,15:13:40
6.1,-5.4,94.5,576.5,-510.3,0,0,15:13:45
6.06,-5.35,94.5,572.7,-505.6,0,0,15:13:50
6.06,-5.37,94.5,572.7,-507.5,0,0,15:13:55
6.11,-5.42,94.5,577.4,-512.2,0,0,15:14:00
6.13,-5.43,94.5,579.3,-513.1,0,0,15:14:05
6.11,-5.42,94.5,577.4,-512.2,0,0,15:14:10
6.12,-5.42,94.5,578.3,-512.2,0,0,15:14:15
6.11,-5.42,94.5,577.4,-512.2,0,0,15:14:20
6.13,-5.43,94.5,579.3,-513.1,0,0,15:14:25
6.23,-5.53,94.5,588.7,-522.6,0,0,15:14:30
6.22,-5.52,94.5,587.8,-521.6,0,0,15:14:35
6.21,-5.51,94.5,586.8,-520.7,0,0,15:14:40
6.19,-5.48,94.5,585,-517.9,0,0,15:14:45
6.21,-5.49,94.5,586.8,-518.8,0,0,15:14:50
6.19,-5.48,94.5,585,-517.9,0,0,15:14:55
6.2,-5.49,94.5,585.9,-518.8,0,0,15:15:00
6.18,-5.47,94.5,584,-516.9,0,0,15:15:05
6.17,-5.48,94.5,583.1,-517.9,0,0,15:15:10
6.16,-5.45,94.5,582.1,-515,0,0,15:15:15
6.12,-5.43,94.5,578.3,-513.1,0,0,15:15:20
6.15,-5.45,94.5,581.2,-515,0,0,15:15:25
6.16,-5.45,94.5,582.1,-515,0,0,15:15:30
6.15,-5.45,94.5,581.2,-515,0,0,15:15:35
6.15,-5.44,94.5,581.2,-514.1,0,0,15:15:40
5.78,-5.11,94.5,546.2,-482.9,0,0,15:15:45
6.18,-5.48,94.6,584.6,-518.4,0,0,15:15:50
6.16,-5.46,94.5,582.1,-516,0,0,15:15:55
6.16,-5.45,94.6,582.7,-515.6,0,0,15:16:00
6.2,-5.5,94.6,586.5,-520.3,0,0,15:16:05
6.21,-5.5,94.5,586.8,-519.8,0,0,15:16:10
6.2,-5.49,94.6,586.5,-519.4,0,0,15:16:15
6.09,-5.4,94.6,576.1,-510.8,0,0,15:16:20
6.06,-5.37,94.6,573.3,-508,0,0,15:16:25
6.05,-5.35,94.5,571.7,-505.6,0,0,15:16:30
6.04,-5.34,94.6,571.4,-505.2,0,0,15:16:35
6.06,-5.35,94.6,573.3,-506.1,0,0,15:16:40
6.04,-5.34,94.6,571.4,-505.2,0,0,15:16:45
6.03,-5.33,94.6,570.4,-504.2,0,0,15:16:50
6.02,-5.33,94.6,569.5,-504.2,0,0,15:16:55
6,-5.3,94.6,567.6,-501.4,0,0,15:17:00
5.98,-5.29,94.6,565.7,-500.4,0,0,15:17:05
5.75,-5.07,94.6,544,-479.6,0,0,15:17:10
5,-4.38,94.5,472.5,-413.9,0,0,15:17:15
5.4,-4.75,94.5,510.3,-448.9,0,0,15:17:20
5.5,-4.84,94.5,519.8,-457.4,0,0,15:17:25
5.65,-4.97,94.6,534.5,-470.2,0,0,15:17:30
5.46,-4.81,94.6,516.5,-455,0,0,15:17:35
5.42,-4.77,94.6,512.7,-451.2,0,0,15:17:40
5.7,-5.03,94.6,539.2,-475.8,0,0,15:17:45
5.71,-5.04,94.6,540.2,-476.8,0,0,15:17:50
5.68,-5.01,94.6,537.3,-473.9,0,0,15:17:55
5.68,-5.01,94.6,537.3,-473.9,0,0,15:18:00
5.7,-5.03,94.6,539.2,-475.8,0,0,15:18:05
5.71,-5.03,94.6,540.2,-475.8,0,0,15:18:10
5.7,-5.03,94.6,539.2,-475.8,0,0,15:18:15
5.69,-5.02,94.6,538.3,-474.9,0,0,15:18:20
5.29,-4.65,94.6,500.4,-439.9,0,0,15:18:25
5.7,-5.02,94.6,539.2,-474.9,0,0,15:18:30
5.67,-4.99,94.6,536.4,-472.1,0,0,15:18:35
5.69,-5.02,94.6,538.3,-474.9,0,0,15:18:40
5.71,-5.04,94.6,540.2,-476.8,0,0,15:18:45
5.72,-5.04,94.6,541.1,-476.8,0,0,15:18:50
5.71,-5.04,94.6,540.2,-476.8,0,0,15:18:55
5.67,-5,94.6,536.4,-473,0,0,15:19:00
5.71,-5.03,94.7,540.7,-476.3,0,0,15:19:05
5.68,-5.01,94.7,537.9,-474.4,0,0,15:19:10
5.69,-5.03,94.7,538.8,-476.3,0,0,15:19:15
5.64,-4.97,94.7,534.1,-470.7,0,0,15:19:20
5.4,-4.75,94.6,510.8,-449.4,0,0,15:19:25
5.49,-4.84,94.7,519.9,-458.3,0,0,15:19:30
5.69,-5.02,94.7,538.8,-475.4,0,0,15:19:35
5.73,-5.06,94.8,543.2,-479.7,0,0,15:19:40
5.72,-5.05,94.8,542.3,-478.7,0,0,15:19:45
5.7,-5.04,94.7,539.8,-477.3,0,0,15:19:50
4.8,-4.19,94.6,454.1,-396.4,0,0,15:19:55
4.54,-3.95,94.6,429.5,-373.7,0,0,15:20:00
5.22,-4.59,94.6,493.8,-434.2,0,0,15:20:05
5.54,-4.89,94.7,524.6,-463.1,0,0,15:20:10
5.61,-4.94,94.8,531.8,-468.3,0,0,15:20:15
5.7,-5.03,94.8,540.4,-476.8,0,0,15:20:20
5.69,-5.03,94.8,539.4,-476.8,0,0,15:20:25
5.59,-4.63,94.7,529.4,-438.5,0,0,15:20:30
5.61,-4.95,94.8,531.8,-469.3,0,0,15:20:35
5.61,-4.94,94.8,531.8,-468.3,0,0,15:20:40
5.33,-4.69,94.7,504.8,-444.1,0,0,15:20:45
4.95,-4.33,94.6,468.3,-409.6,0,0,15:20:50
4.99,-4.36,94.6,472.1,-412.5,0,0,15:20:55
4.97,-4.35,94.7,470.7,-411.9,0,0,15:21:00
4.96,-4.34,94.7,469.7,-411,0,0,15:21:05
4.95,-4.34,94.7,468.8,-411,0,0,15:21:10
4.94,-4.33,94.7,467.8,-410.1,0,0,15:21:15
5.16,-4.53,94.8,489.2,-429.4,0,0,15:21:20
5.29,-4.65,94.8,501.5,-440.8,0,0,15:21:25
5.26,-4.62,94.8,498.6,-438,0,0,15:21:30
5.27,-4.63,94.8,499.6,-438.9,0,0,15:21:35
5.26,-4.62,94.8,498.6,-438,0,0,15:21:40
5.22,-1.99,94.4,492.8,-187.9,0,4,15:21:45
5.58,2.35,93.7,522.8,220.2,0,15,15:21:50
5.68,1.4,93.9,533.4,131.5,0,22,15:21:55
5.44,-4.77,94.7,515.2,-451.7,0,25,15:22:00
5.71,-5.03,94.7,540.7,-476.3,0,24,15:22:05
2.24,-3.66,94.5,211.7,-345.9,0,20,15:22:10
2.76,-2.3,94.4,260.5,-217.1,0,14,15:22:15
6.01,0.48,94,564.9,45.1,0,14,15:22:20
5.22,5,93.3,487,466.5,0,20,15:22:25
3.01,-2.53,94.3,283.8,-238.6,0,25,15:22:30
5.71,-5.03,94.7,540.7,-476.3,0,25,15:22:35
4.84,-4.23,94.6,457.9,-400.2,0,23,15:22:40
5.85,-5.16,94.8,554.6,-489.2,0,14,15:22:45
0.94,-0.62,94.2,88.5,-58.4,0,0,15:22:50
0.83,-0.52,94.2,78.2,-49,0,0,15:22:55
0.57,3.89,93.4,53.2,363.3,0,6,15:23:00
3.08,-2.58,94.4,290.8,-243.6,0,8,15:23:05
0.44,2.3,93.6,41.2,215.3,0,8,15:23:10
0.46,-0.18,94,43.2,-16.9,0,2,15:23:15
0.47,-0.19,94,44.2,-17.9,0,0,15:23:20
0.45,-0.17,94,42.3,-16,0,0,15:23:25
0.46,-0.17,94,43.2,-16,0,0,15:23:30
0.45,-0.18,94,42.3,-16.9,0,0,15:23:35
0.47,-0.19,94,44.2,-17.9,0,0,15:23:40
0.48,5.9,93.1,44.7,549.3,0,0,15:23:45
5.65,3.69,93.4,527.7,344.6,0,13,15:23:50
1.27,8,92.7,117.7,741.6,0,24,15:23:55
1.22,17.54,91.3,111.4,1601.4,0,33,15:24:00
1.92,14.07,91.7,176.1,1290.2,0,42,15:24:05
1.95,5.36,92.9,181.2,497.9,0,47,15:24:10
0.96,4.26,93.1,89.4,396.6,0,48,15:24:15
1.81,3.53,93.2,168.7,329,0,49,15:24:20
0.73,4.45,93.1,68,414.3,0,50,15:24:25
1.86,-0.38,93.8,174.5,-35.6,0,49,15:24:30
1.89,0.63,93.7,177.1,59,0,49,15:24:35
1.82,2.66,93.4,170,248.4,0,50,15:24:40
2.72,1.9,93.5,254.3,177.7,0,50,15:24:45
1.4,6,92.8,129.9,556.8,0,52,15:24:50
4.61,6.17,92.7,427.3,572,0,55,15:24:55
4.72,-4.11,94.2,444.6,-387.2,0,57,15:25:00
4.58,-3.99,94.2,431.4,-375.9,0,55,15:25:05
2.82,-2.35,94.1,265.4,-221.1,0,53,15:25:10
1.62,-1.25,94,152.3,-117.5,0,52,15:25:15
3.05,0.86,93.7,285.8,80.6,0,52,15:25:20
1.12,-0.8,93.9,105.2,-75.1,0,52,15:25:25
5.04,-4.41,94.4,475.8,-416.3,0,51,15:25:30
2.3,-20.76,96.9,222.9,-2011.6,0,41,15:25:35
4.34,-3.78,94.5,410.1,-357.2,0,18,15:25:40
5.1,-4.47,94.6,482.5,-422.9,0,5,15:25:45
5.08,-4.44,94.6,480.6,-420,0,0,15:25:50
5.32,22.08,90.8,483.1,2004.9,0,17,15:25:55
5.12,5.93,92.9,475.6,550.9,0,33,15:26:00
5.17,5.59,92.9,480.3,519.3,0,39,15:26:05
0.85,4.66,93,79.1,433.4,0,43,15:26:10
4.94,0.72,93.6,462.4,67.4,0,46,15:26:15
5.25,-2.81,94.1,494,-264.4,0,47,15:26:20
4.16,-3.59,94.2,391.9,-338.2,0,47,15:26:25
4.6,-4,94.3,433.8,-377.2,0,46,15:26:30
5.27,-0.33,93.9,494.9,-31,0,45,15:26:35
0.39,6.67,92.8,36.2,619,0,46,15:26:40
0.38,6.65,92.7,35.2,616.5,0,48,15:26:45
1.13,6.04,92.8,104.9,560.5,0,50,15:26:50
5.29,2.58,93.3,493.6,240.7,0,52,15:26:55
5.04,2.81,93.3,470.2,262.2,0,54,15:27:00
4.76,3.03,93.3,444.1,282.7,0,55,15:27:05
4.81,3.31,93.2,448.3,308.5,0,56,15:27:10
4.98,2.87,93.3,464.6,267.8,0,56,15:27:15
4.96,3.23,93.3,462.8,301.4,0,56,15:27:20
4.99,1.81,93.4,466.1,169.1,0,58,15:27:25
5.05,3.61,93.1,470.2,336.1,0,59,15:27:30
5.14,5.6,92.8,477,519.7,0,61,15:27:35
5.02,5.98,92.7,465.4,554.3,0,64,15:27:40
5.63,5.23,92.8,522.5,485.3,0,66,15:27:45
5.69,-1.43,93.7,533.2,-134,0,66,15:27:50
5.66,-4.99,94.3,533.7,-470.6,0,63,15:27:55
5.51,-4.85,94.3,519.6,-457.4,0,62,15:28:00
5.68,-5.01,94.4,536.2,-472.9,0,60,15:28:05
5.7,1.22,93.5,533,114.1,0,60,15:28:10
5.57,5.62,92.9,517.5,522.1,0,63,15:28:15
5.45,3.39,93.1,507.4,315.6,0,65,15:28:20
5.56,3.58,93.1,517.6,333.3,0,67,15:28:25
5.2,3.89,93.1,484.1,362.2,0,68,15:28:30
3.48,4.09,93,323.6,380.4,0,69,15:28:35
4.26,3.78,93.1,396.6,351.9,0,70,15:28:40
5.23,-29.37,97.7,511,-2869.4,0,66,15:28:45
5.33,-4.68,94.4,503.2,-441.8,0,63,15:28:50
5.57,-4.9,94.5,526.4,-463.1,0,61,15:28:55
5.56,-4.32,94.4,524.9,-407.8,0,59,15:29:00
5.2,3.99,93.2,484.6,371.9,0,61,15:29:05
5.72,4.5,93,532,418.5,0,63,15:29:10
5.77,4.48,93,536.6,416.6,0,65,15:29:15
5.79,4.45,93,538.5,413.9,0,67,15:29:20
3.33,6.54,92.6,308.4,605.6,0,68,15:29:25
4.98,5.18,92.8,462.1,480.7,0,69,15:29:30
5.12,4.98,92.7,474.6,461.6,0,69,15:29:35
5.06,4.06,93,470.6,377.6,0,68,15:29:40
4.75,4.29,92.9,441.3,398.5,0,69,15:29:45
5.16,-4.52,94.2,486.1,-425.8,0,67,15:29:50
4.74,-4.13,94.2,446.5,-389,0,65,15:29:55
5.08,-4.12,94.2,478.5,-388.1,0,63,15:30:00
5.04,1.19,93.4,470.7,111.1,0,63,15:30:05
3.55,2.31,93.3,331.2,215.5,0,63,15:30:10
4.62,1.45,93.3,431,135.3,0,62,15:30:15
5.31,1.01,93.4,496,94.3,0,62,15:30:20
4.99,2.21,93.3,465.6,206.2,0,63,15:30:25
3.47,3.48,93.1,323.1,324,0,64,15:30:30
1.45,5.16,92.8,134.6,478.8,0,64,15:30:35
4.14,2.88,93.1,385.4,268.1,0,64,15:30:40
5.26,1.97,93.2,490.2,183.6,0,64,15:30:45
2.23,4.48,92.8,206.9,415.7,0,64,15:30:50
3.67,0.5,93.4,342.8,46.7,0,64,15:30:55
4.71,-0.72,93.6,440.9,-67.4,0,63,15:31:00
3.12,0.72,93.4,291.4,67.2,0,62,15:31:05
5.29,-1.21,93.7,495.7,-113.4,0,62,15:31:10
4.84,-0.77,93.6,453,-72.1,0,62,15:31:15
4.93,-0.91,93.6,461.4,-85.2,0,61,15:31:20
4.86,1.36,93.3,453.4,126.9,0,61,15:31:25
3.65,5.23,92.8,338.7,485.3,0,62,15:31:30
2.49,6.19,92.6,230.6,573.2,0,65,15:31:35
3.22,5.58,92.7,298.5,517.3,0,66,15:31:40
5.14,3.01,93,478,279.9,0,68,15:31:45
3.66,2.27,93.1,340.7,211.3,0,68,15:31:50
5.38,0.8,93.4,502.5,74.7,0,68,15:31:55
5.25,-4.6,94.2,494.6,-433.3,0,66,15:32:00
5.12,-4.49,94.2,482.3,-423,0,64,15:32:05
4.94,0.12,93.6,462.4,11.2,0,62,15:32:10
2.58,6.14,92.6,238.9,568.6,0,64,15:32:15
3.59,5.3,92.7,332.8,491.3,0,66,15:32:20
5.09,4.04,92.9,472.9,375.3,0,67,15:32:25
4.96,4.17,92.9,460.8,387.4,0,68,15:32:30
2.9,-2.42,93.8,272,-227,0,68,15:32:35
3.29,-2.79,93.9,308.9,-262,0,66,15:32:40
4.74,-4.13,94.1,446,-388.6,0,64,15:32:45
3.96,-3.42,94,372.2,-321.5,0,63,15:32:50
2.86,-2.4,93.9,268.6,-225.4,0,62,15:32:55
5.16,0.54,93.5,482.5,50.5,0,61,15:33:00
3.73,4.31,92.9,346.5,400.4,0,62,15:33:05
5.18,5.91,92.7,480.2,547.9,0,63,15:33:10
5.13,5.87,92.6,475,543.6,0,66,15:33:15
4.59,3.39,93,426.9,315.3,0,68,15:33:20
5.12,-4.49,94.1,481.8,-422.5,0,68,15:33:25
4.92,-27.63,97.5,479.7,-2693.9,0,60,15:33:30
4.74,-28.89,97.7,463.1,-2822.6,0,54,15:33:35
4.9,-20.52,96.8,474.3,-1986.3,0,39,15:33:40
4.37,-10.85,95.5,417.3,-1036.2,0,28,15:33:45
4.88,-4.27,94.5,461.2,-403.5,0,9,15:33:50
4.91,-4.29,94.5,464,-405.4,0,0,15:33:55
4.89,-4.27,94.5,462.1,-403.5,0,0,15:34:00
4.94,-0.71,94,464.4,-66.7,0,0,15:34:05
5.19,20.48,90.9,471.8,1861.6,0,21,15:34:10
4.38,12.7,92,403,1168.4,0,26,15:34:15
4.5,21.49,90.6,407.7,1947,0,39,15:34:20
1.87,22.83,90.2,168.7,2059.3,0,49,15:34:25
4.44,16.44,91,404,1496,0,57,15:34:30
4.27,15.56,91.1,389,1417.5,0,62,15:34:35
4.38,14.56,91.3,399.9,1329.3,0,66,15:34:40
4.27,12.14,91.5,390.7,1110.8,0,68,15:34:45
4.24,10.2,91.8,389.2,936.4,0,70,15:34:50
4.18,9.35,91.8,383.7,858.3,0,70,15:34:55
4.2,7.1,92.1,386.8,653.9,0,71,15:35:00
4.33,7.24,92.1,398.8,666.8,0,71,15:35:05
3.82,7.3,92.1,351.8,672.3,0,71,15:35:10
3.77,7.24,92.1,347.2,666.8,0,71,15:35:15
3.49,7.25,92.1,321.4,667.7,0,71,15:35:20
3.71,7.16,92.1,341.7,659.4,0,71,15:35:25
3.9,6.42,92.2,359.6,591.9,0,71,15:35:30
4.25,5.9,92.3,392.3,544.6,0,72,15:35:35
4.38,6.09,92.2,403.8,561.5,0,71,15:35:40
4.52,6.79,92.1,416.3,625.4,0,71,15:35:45
4.35,9.99,91.7,398.9,916.1,0,68,15:35:50
4.43,10.37,91.6,405.8,949.9,0,65,15:35:55
4.61,9.89,91.6,422.3,905.9,0,64,15:36:00
4.39,10.49,91.5,401.7,959.8,0,64,15:36:05
4.56,9.99,91.6,417.7,915.1,0,65,15:36:10
4.68,10.08,91.5,428.2,922.3,0,68,15:36:15
4.57,7.34,91.9,420,674.5,0,71,15:36:20
4.58,2.81,92.6,424.1,260.2,0,74,15:36:25
4.42,-1.44,93.3,412.4,-134.4,0,76,15:36:30
4.3,-2.98,93.4,401.6,-278.3,0,77,15:36:35
4.36,-0.39,93.2,406.4,-36.3,0,75,15:36:40
4.81,2.7,92.7,445.9,250.3,0,73,15:36:45
4.33,3.47,92.6,401,321.3,0,72,15:36:50
4.75,3.36,92.6,439.9,311.1,0,70,15:36:55
4.22,3.65,92.5,390.4,337.6,0,69,15:37:00
4.46,3.39,92.6,413,313.9,0,68,15:37:05
4.31,3.54,92.5,398.7,327.5,0,68,15:37:10
4.31,3.49,92.5,398.7,322.8,0,67,15:37:15
4.39,3.42,92.5,406.1,316.4,0,66,15:37:20
4.38,3.42,92.5,405.2,316.4,0,65,15:37:25
4.56,3.3,92.5,421.8,305.3,0,65,15:37:30
4.38,5.24,92.2,403.8,483.1,0,64,15:37:35
4.08,7.63,91.9,375,701.2,0,65,15:37:40
4.2,8.42,91.8,385.6,773,0,66,15:37:45
4.32,9.95,91.5,395.3,910.4,0,68,15:37:50
4.39,8.71,91.6,402.1,797.8,0,70,15:37:55
4.46,6.76,91.9,409.9,621.2,0,71,15:38:00
4.67,6.42,92,429.6,590.6,0,71,15:38:05
4.66,5.54,92.1,429.2,510.2,0,72,15:38:10
4.43,5.08,92.2,408.4,468.4,0,72,15:38:15
4.17,5.75,92,383.6,529,0,72,15:38:20
4.42,6.54,91.9,406.2,601,0,71,15:38:25
1.78,9.71,91.5,162.9,888.5,0,70,15:38:30
4.64,7.08,91.8,426,649.9,0,70,15:38:35
0.87,9.27,91.5,79.6,848.2,0,71,15:38:40
4.39,5.47,92,403.9,503.2,0,72,15:38:45
2.55,5.85,91.9,234.3,537.6,0,72,15:38:50
3.17,6.17,91.9,291.3,567,0,72,15:38:55
1.15,7.03,91.8,105.6,645.4,0,72,15:39:00
0.79,8.12,91.6,72.4,743.8,0,71,15:39:05
0.82,7.58,91.6,75.1,694.3,0,72,15:39:10
0.8,7.88,91.5,73.2,721,0,72,15:39:15
0.99,8.76,91.5,90.6,801.5,0,71,15:39:20
2.21,8.79,91.4,202,803.4,0,69,15:39:25
1.65,8.98,91.4,150.8,820.8,0,70,15:39:30
4.04,6.08,91.8,370.9,558.1,0,71,15:39:35
4.18,2.56,92.3,385.8,236.3,0,73,15:39:40
4.42,3.81,92.1,407.1,350.9,0,73,15:39:45
2.78,5.78,91.8,255.2,530.6,0,72,15:39:50
2.57,7.66,91.5,235.2,700.9,0,71,15:39:55
4.25,6.41,91.8,390.2,588.4,0,70,15:40:00
4.42,6.49,91.7,405.3,595.1,0,70,15:40:05
4.46,6.75,91.7,409,619,0,70,15:40:10
4.23,6.87,91.7,387.9,630,0,70,15:40:15
4.5,6.12,91.8,413.1,561.8,0,71,15:40:20
4.45,5.7,91.8,408.5,523.3,0,71,15:40:25
4.36,6.27,91.7,399.8,575,0,71,15:40:30
4.24,5.85,91.7,388.8,536.4,0,71,15:40:35
4.43,5.75,91.8,406.7,527.9,0,71,15:40:40
4.55,6.07,91.7,417.2,556.6,0,71,15:40:45
4.68,5.01,91.9,430.1,460.4,0,72,15:40:50
4.58,5.63,91.8,420.4,516.8,0,71,15:40:55
4.55,5.94,91.7,417.2,544.7,0,71,15:41:00
4.45,6.17,91.7,408.1,565.8,0,71,15:41:05
4.37,5.8,91.7,400.7,531.9,0,71,15:41:10
4.37,5.61,91.7,400.7,514.4,0,72,15:41:15
4.32,4.66,91.9,397,428.3,0,72,15:41:20
4.57,3.91,92,420.4,359.7,0,73,15:41:25
4.49,4.57,91.9,412.6,420,0,72,15:41:30
4.32,4.99,91.8,396.6,458.1,0,72,15:41:35
4.19,4.93,91.9,385.1,453.1,0,72,15:41:40
4.32,4.74,91.9,397,435.6,0,72,15:41:45
4.33,4.75,91.9,397.9,436.5,0,71,15:41:50
4.53,4.25,91.9,416.3,390.6,0,72,15:41:55
4.27,5.07,91.8,392,465.4,0,71,15:42:00
4.2,5.92,91.6,384.7,542.3,0,70,15:42:05
4.12,6,91.6,377.4,549.6,0,70,15:42:10
4.18,5.98,91.6,382.9,547.8,0,70,15:42:15
4.25,6.4,91.5,388.9,585.6,0,69,15:42:20
4.29,6.42,91.5,392.5,587.4,0,68,15:42:25
4.31,6.37,91.5,394.4,582.9,0,66,15:42:30
4.32,6.33,91.5,395.3,579.2,0,65,15:42:35
4.26,6.37,91.5,389.8,582.9,0,65,15:42:40
4.18,8.48,91.2,381.2,773.4,0,65,15:42:45
4.62,8.13,91.2,421.3,741.5,0,66,15:42:50
4.13,8.74,91.1,376.2,796.2,0,67,15:42:55
4.19,8.43,91.1,381.7,768,0,68,15:43:00
4.25,8.16,91.1,387.2,743.4,0,68,15:43:05
4.25,7.31,91.2,387.6,666.7,0,70,15:43:10
4.25,5.91,91.5,388.9,540.8,0,71,15:43:15
4.12,4.97,91.7,377.8,455.7,0,72,15:43:20
4.64,3.97,91.8,426,364.4,0,72,15:43:25
4.65,5.22,91.6,425.9,478.2,0,71,15:43:30
4.34,4.27,91.7,398,391.6,0,70,15:43:35
4.28,4.46,91.7,392.5,409,0,68,15:43:40
3.99,4.68,91.7,365.9,429.2,0,67,15:43:45
2.33,6.05,91.5,213.2,553.6,0,66,15:43:50
4.16,4.52,91.7,381.5,414.5,0,65,15:43:55
4.5,8.19,91.2,410.4,746.9,0,65,15:44:00
4.32,8.28,91.1,393.6,754.3,0,67,15:44:05
4.63,7.57,91.2,422.3,690.4,0,69,15:44:10
4.16,7.76,91.1,379,706.9,0,69,15:44:15
4.2,7.34,91.2,383,669.4,0,70,15:44:20
4.28,6.63,91.3,390.8,605.3,0,70,15:44:25
4.69,5.03,91.5,429.1,460.2,0,71,15:44:30
4.34,6.62,91.3,396.2,604.4,0,70,15:44:35
4.15,6.5,91.3,378.9,593.5,0,70,15:44:40
4.34,5.56,91.4,396.7,508.2,0,71,15:44:45
4.41,5.69,91.4,403.1,520.1,0,71,15:44:50
4.43,6.58,91.3,404.5,600.8,0,70,15:44:55
4.55,6.34,91.3,415.4,578.8,0,70,15:45:00
4.41,6.05,91.3,402.6,552.4,0,71,15:45:05
4.51,7.11,91.1,410.9,647.7,0,69,15:45:10
4.4,7.4,91.1,400.8,674.1,0,69,15:45:15
4.13,7.55,91.1,376.2,687.8,0,69,15:45:20
4.31,7.61,91,392.2,692.5,0,69,15:45:25
4.29,8.36,90.9,390,759.9,0,68,15:45:30
4.18,8.74,90.9,380,794.5,0,67,15:45:35
4.14,8.47,90.9,376.3,769.9,0,65,15:45:40
4.24,8.34,90.9,385.4,758.1,0,63,15:45:45
4.17,11.96,90.4,377,1081.2,0,63,15:45:50
4.04,11.5,90.4,365.2,1039.6,0,65,15:45:55
4.2,10.86,90.5,380.1,982.8,0,68,15:46:00
4.19,6.83,91,381.3,621.5,0,69,15:46:05
4.13,6.15,91.1,376.2,560.3,0,69,15:46:10
4,6.68,91.1,364.4,608.5,0,67,15:46:15
4.17,6.43,91.1,379.9,585.8,0,65,15:46:20
4.25,6.37,91.1,387.2,580.3,0,66,15:46:25
4.37,6.14,91.1,398.1,559.4,0,68,15:46:30
4.32,5.96,91.2,394,543.6,0,70,15:46:35
4.12,5.16,91.3,376.2,471.1,0,71,15:46:40
4.37,3.85,91.5,399.9,352.3,0,72,15:46:45
4.16,4.02,91.4,380.2,367.4,0,72,15:46:50
4.31,4.62,91.4,393.9,422.3,0,71,15:46:55
4.3,4.09,91.4,393,373.8,0,72,15:47:00
4.49,3.44,91.6,411.3,315.1,0,72,15:47:05
4.16,4.23,91.4,380.2,386.6,0,71,15:47:10
4.21,4.56,91.4,384.8,416.8,0,71,15:47:15
4.33,4.54,91.4,395.8,415,0,70,15:47:20
4.14,5.16,91.3,378,471.1,0,70,15:47:25
4.24,5.45,91.2,386.7,497,0,68,15:47:30
4.36,5.37,91.2,397.6,489.7,0,67,15:47:35
4.15,5.5,91.2,378.5,501.6,0,67,15:47:40
4.29,5.4,91.2,391.2,492.5,0,66,15:47:45
4.27,5.41,91.2,389.4,493.4,0,66,15:47:50
4.03,5.65,91.2,367.5,515.3,0,65,15:47:55
4.23,5.42,91.2,385.8,494.3,0,65,15:48:00
4.14,5.48,91.2,377.6,499.8,0,64,15:48:05
4.27,8.28,90.8,387.7,751.8,0,65,15:48:10
4.18,11.24,90.3,377.5,1015,0,67,15:48:15
4.25,9.86,90.5,384.6,892.3,0,68,15:48:20
4.22,8.76,90.7,382.8,794.5,0,69,15:48:25
4.23,8.91,90.6,383.2,807.2,0,69,15:48:30
4.29,7.97,90.7,389.1,722.9,0,69,15:48:35
3.5,8.77,90.6,317.1,794.6,0,69,15:48:40
4.46,9.09,90.5,403.6,822.6,0,69,15:48:45
4.38,9.41,90.4,396,850.7,0,69,15:48:50
4.45,9.08,90.5,402.7,821.7,0,69,15:48:55
4.54,8.09,90.7,411.8,733.8,0,69,15:49:00
4.46,8.02,90.7,404.5,727.4,0,69,15:49:05
4.36,8.07,90.6,395,731.1,0,69,15:49:10
4.46,7.36,90.7,404.5,667.6,0,70,15:49:15
4.51,6.93,90.8,409.5,629.2,0,70,15:49:20
4.53,7.53,90.7,410.9,683,0,70,15:49:25
4.45,7.49,90.7,403.6,679.3,0,69,15:49:30
4.34,7.89,90.7,393.6,715.6,0,69,15:49:35
4.5,7.53,90.6,407.7,682.2,0,69,15:49:40
4.57,7.87,90.6,414,713,0,69,15:49:45
4.57,7.75,90.6,414,702.2,0,69,15:49:50
4.93,8.71,90.5,446.2,788.3,0,69,15:49:55
4.56,8.54,90.5,412.7,772.9,0,69,15:50:00
4.41,9.16,90.4,398.7,828.1,0,69,15:50:05
4.54,9.57,90.3,410,864.2,0,68,15:50:10
4.55,9.08,90.4,411.3,820.8,0,69,15:50:15
4.34,9.5,90.3,391.9,857.9,0,68,15:50:20
4.58,9.72,90.3,413.6,877.7,0,68,15:50:25
4.36,7.51,90.5,394.6,679.7,0,69,15:50:30
4.27,6.23,90.7,387.3,565.1,0,70,15:50:35
4.22,5.31,90.9,383.6,482.7,0,71,15:50:40
4.34,4.66,91,394.9,424.1,0,71,15:50:45
4.29,5.76,90.9,390,523.6,0,71,15:50:50
4.32,5.18,90.9,392.7,470.9,0,71,15:50:55
4.27,5.77,90.8,387.7,523.9,0,71,15:51:00
4.36,5.03,90.9,396.3,457.2,0,71,15:51:05
4.41,4.59,91.1,401.8,418.1,0,71,15:51:10
4.33,4.12,91.1,394.5,375.3,0,72,15:51:15
4.45,4.69,91,405,426.8,0,71,15:51:20
4.47,5.98,90.8,405.9,543,0,70,15:51:25
4.34,6.2,90.7,393.6,562.3,0,70,15:51:30
4,4.64,91,364,422.2,0,71,15:51:35
4.57,5.15,90.9,415.4,468.1,0,71,15:51:40
4.68,5.84,90.8,424.9,530.3,0,70,15:51:45
4.45,7.26,90.6,403.2,657.8,0,70,15:51:50
4.5,8.21,90.4,406.8,742.2,0,69,15:51:55
4.36,8.93,90.3,393.7,806.4,0,69,15:52:00
4.38,9.41,90.2,395.1,848.8,0,68,15:52:05
4.28,10.4,90.1,385.6,937,0,68,15:52:10
4.62,10.69,90,415.8,962.1,0,67,15:52:15
4.41,10.49,90,396.9,944.1,0,68,15:52:20
4.48,9.66,90.1,403.6,870.4,0,68,15:52:25
4.52,9.62,90.1,407.3,866.8,0,68,15:52:30
4.66,13.02,89.6,417.5,1166.6,0,66,15:52:35
2.3,15.53,89.2,205.2,1385.3,0,66,15:52:40
3.73,11.45,89.8,335,1028.2,0,67,15:52:45
3.5,8.34,90.2,315.7,752.3,0,69,15:52:50
3.64,6.27,90.5,329.4,567.4,0,71,15:52:55
1.38,6.67,90.5,124.9,603.6,0,71,15:53:00
1.26,8.86,90.2,113.7,799.2,0,70,15:53:05
1.18,9.94,90,106.2,894.6,0,69,15:53:10
1.14,10.91,89.9,102.5,980.8,0,69,15:53:15
1.18,11.26,89.8,106,1011.1,0,68,15:53:20
1.12,11.05,89.8,100.6,992.3,0,69,15:53:25
1.1,11.15,89.8,98.8,1001.3,0,69,15:53:30
1.1,11.71,89.6,98.6,1049.2,0,68,15:53:35
1.14,11.23,89.7,102.3,1007.3,0,69,15:53:40
1.17,11.26,89.7,104.9,1010,0,68,15:53:45
1.19,12.03,89.6,106.6,1077.9,0,68,15:53:50
1.22,12.05,89.6,109.3,1079.7,0,68,15:53:55
1.24,12.06,89.6,111.1,1080.6,0,68,15:54:00
1.29,12.48,89.5,115.5,1117,0,68,15:54:05
1.32,12,89.6,118.3,1075.2,0,68,15:54:10
1.67,9.7,89.8,150,871.1,0,69,15:54:15
3.92,6.82,90.3,354,615.8,0,70,15:54:20
3.9,7.85,90.1,351.4,707.3,0,69,15:54:25
4.07,7.77,90.1,366.7,700.1,0,69,15:54:30
3.07,8.65,90,276.3,778.5,0,69,15:54:35
3.66,8.38,90,329.4,754.2,0,69,15:54:40
3.28,8.62,90,295.2,775.8,0,69,15:54:45
1.94,9.49,89.8,174.2,852.2,0,69,15:54:50
1.72,10.34,89.8,154.5,928.5,0,68,15:54:55
2.37,10.47,89.7,212.6,939.2,0,68,15:55:00
4.36,8.7,89.9,392,782.1,0,68,15:55:05
1.74,10.66,89.7,156.1,956.2,0,68,15:55:10
1.77,10.77,89.6,158.6,965,0,68,15:55:15
2.23,10.41,89.7,200,933.8,0,68,15:55:20
4.37,8.58,89.9,392.9,771.3,0,68,15:55:25
4.38,8.89,89.9,393.8,799.2,0,68,15:55:30
4.44,8.76,89.9,399.2,787.5,0,68,15:55:35
4.26,9.01,89.8,382.5,809.1,0,68,15:55:40
4.13,9.62,89.7,370.5,862.9,0,68,15:55:45
4.22,9.61,89.7,378.5,862,0,68,15:55:50
4.1,9.68,89.8,368.2,869.3,0,68,15:55:55
4.13,9.83,89.7,370.5,881.8,0,68,15:56:00
4.15,8.54,89.9,373.1,767.7,0,68,15:56:05
4.12,8.46,89.9,370.4,760.6,0,69,15:56:10
4.45,7.95,89.9,400.1,714.7,0,69,15:56:15
2.67,9.03,89.8,239.8,810.9,0,69,15:56:20
2.91,9.28,89.7,261,832.4,0,69,15:56:25
1.7,9.71,89.7,152.5,871,0,69,15:56:30
1.68,9.88,89.6,150.5,885.2,0,69,15:56:35
1.63,10.76,89.5,145.9,963,0,68,15:56:40
2.51,10.34,89.5,224.6,925.4,0,68,15:56:45
4.06,6.33,90.1,365.8,570.3,0,70,15:56:50
4,3.57,90.5,362,323.1,0,72,15:56:55
3.74,2.15,90.8,339.6,195.2,0,72,15:57:00
3.82,3.81,90.5,345.7,344.8,0,71,15:57:05
3.73,5.24,90.4,337.2,473.7,0,70,15:57:10
3.82,6.83,90.1,344.2,615.4,0,70,15:57:15
3.9,6.36,90.2,351.8,573.7,0,70,15:57:20
3.97,3.23,90.6,359.7,292.6,0,72,15:57:25
4,1.06,91,364,96.5,0,73,15:57:30
3.96,-0.65,91.3,361.5,-59.3,0,74,15:57:35
4,-1,91.3,365.2,-91.3,0,74,15:57:40
3.96,0.34,91.1,360.8,31,0,74,15:57:45
3.99,0.29,91.2,363.9,26.4,0,73,15:57:50
3.79,1.04,91.1,345.3,94.7,0,73,15:57:55
3.9,-0.55,91.3,356.1,-50.2,0,74,15:58:00
3.82,-0.53,91.3,348.8,-48.4,0,74,15:58:05
3.83,-0.39,91.3,349.7,-35.6,0,74,15:58:10
3.84,-0.07,91.3,350.6,-6.4,0,74,15:58:15
4.02,1.75,91,365.8,159.3,0,72,15:58:20
3.9,4.62,90.6,353.3,418.6,0,71,15:58:25
3.8,4.12,90.7,344.7,373.7,0,71,15:58:30
3.81,2.18,90.9,346.3,198.2,0,73,15:58:35
3.87,0.34,91.2,352.9,31,0,73,15:58:40
3.93,1.9,91,357.6,172.9,0,72,15:58:45
3.96,4.83,90.6,358.8,437.6,0,71,15:58:50
3.98,6.97,90.2,359,628.7,0,69,15:58:55
3.99,7.69,90.1,359.5,692.9,0,69,15:59:00
4.11,5.27,90.4,371.5,476.4,0,70,15:59:05
4.13,3.04,90.7,374.6,275.7,0,72,15:59:10
4.07,1.96,90.9,370,178.2,0,73,15:59:15
4.02,1.24,91,365.8,112.8,0,73,15:59:20
4.1,0.4,91.2,373.9,36.5,0,73,15:59:25
3.78,1.55,91,344,141.1,0,73,15:59:30
2.87,2.85,90.8,260.6,258.8,0,72,15:59:35
3.87,1.94,90.9,351.8,176.3,0,72,15:59:40
2.03,4.24,90.6,183.9,384.1,0,72,15:59:45
3.88,2.46,90.8,352.3,223.4,0,72,15:59:50
2.22,4.96,90.5,200.9,448.9,0,72,15:59:55
1.91,7.52,90.1,172.1,677.6,0,70,16:00:00
1.98,8.75,89.8,177.8,785.8,0,69,16:00:05
2.28,6.79,90.1,205.4,611.8,0,70,16:00:10
1.58,6.08,90.2,142.5,548.4,0,71,16:00:15
1.34,6.93,90.1,120.7,624.4,0,70,16:00:20
1.32,7.88,89.9,118.7,708.4,0,70,16:00:25
1.29,10.34,89.6,115.6,926.5,0,69,16:00:30
1.28,10.04,89.6,114.7,899.6,0,69,16:00:35
1.27,7.86,89.8,114,705.8,0,70,16:00:40
1.26,4.76,90.3,113.8,429.8,0,72,16:00:45
1.25,4.26,90.4,113,385.1,0,72,16:00:50
1.24,3.41,90.5,112.2,308.6,0,73,16:00:55
1.24,2.67,90.6,112.3,241.9,0,73,16:01:00
1.26,3.13,90.6,114.2,283.6,0,73,16:01:05
1.27,4.12,90.5,114.9,372.9,0,72,16:01:10
1.29,4.47,90.4,116.6,404.1,0,72,16:01:15
1.31,4.99,90.3,118.3,450.6,0,71,16:01:20
1.33,5.53,90.3,120.1,499.4,0,71,16:01:25
1.35,6.42,90.1,121.6,578.4,0,71,16:01:30
1.39,5.94,90.2,125.4,535.8,0,71,16:01:35
1.38,6.09,90.1,124.3,548.7,0,71,16:01:40
1.41,6.98,89.9,126.8,627.5,0,70,16:01:45
1.43,9.04,89.7,128.3,810.9,0,69,16:01:50
1.46,9.52,89.5,130.7,852,0,69,16:01:55
1.49,8.03,89.7,133.7,720.3,0,70,16:02:00
2.39,6.64,90,215.1,597.6,0,70,16:02:05
3.89,5.48,90.1,350.5,493.7,0,70,16:02:10
3.45,5.92,90.1,310.8,533.4,0,70,16:02:15
4.13,6.91,89.9,371.3,621.2,0,69,16:02:20
3.91,7.76,89.8,351.1,696.8,0,69,16:02:25
4.34,6.64,89.9,390.2,596.9,0,69,16:02:30
4.32,4.34,90.3,390.1,391.9,0,71,16:02:35
4.32,3.6,90.3,390.1,325.1,0,71,16:02:40
4.31,3.75,90.4,389.6,339,0,71,16:02:45
4.49,3.79,90.4,405.9,342.6,0,71,16:02:50
4.23,4.52,90.3,382,408.2,0,71,16:02:55
4.22,3.68,90.4,381.5,332.7,0,71,16:03:00
4.41,3.53,90.4,398.7,319.1,0,71,16:03:05
4.32,5.01,90.2,389.7,451.9,0,70,16:03:10
4.4,5.48,90.2,396.9,494.3,0,70,16:03:15
4.48,5.85,90.1,403.6,527.1,0,70,16:03:20
4.41,5.78,90.1,397.3,520.8,0,70,16:03:25
4.34,5.2,90.2,391.5,469,0,70,16:03:30
4.3,5.94,90.1,387.4,535.2,0,70,16:03:35
4.27,6.67,89.9,383.9,599.6,0,69,16:03:40
4.32,5.77,90.1,389.2,519.9,0,70,16:03:45
4.28,5.73,90.1,385.6,516.3,0,70,16:03:50
4.17,6.44,89.9,374.9,579,0,70,16:03:55
4.26,6.04,90,383.4,543.6,0,70,16:04:00
4.03,5.12,90.1,363.1,461.3,0,70,16:04:05
2.47,5.37,90,222.3,483.3,0,71,16:04:10
2.29,4.85,90.2,206.6,437.5,0,71,16:04:15
1.36,6.49,89.9,122.3,583.5,0,71,16:04:20
1.34,6.14,90,120.6,552.6,0,71,16:04:25
1.3,6.66,89.8,116.7,598.1,0,70,16:04:30
1.24,7.71,89.7,111.2,691.6,0,70,16:04:35
1.2,8.28,89.6,107.5,741.9,0,70,16:04:40
1.17,8.37,89.6,104.8,750,0,70,16:04:45
1.14,8.39,89.5,102,750.9,0,69,16:04:50
1.11,8.09,89.5,99.3,724.1,0,70,16:04:55
1.09,8.27,89.6,97.7,741,0,69,16:05:00
1.06,8.43,89.5,94.9,754.5,0,70,16:05:05
1.04,8.24,89.5,93.1,737.5,0,69,16:05:10
1.02,8.03,89.5,91.3,718.7,0,70,16:05:15
1.02,7.55,89.6,91.4,676.5,0,70,16:05:20
1.01,7.71,89.6,90.5,690.8,0,70,16:05:25
1.01,9.04,89.4,90.3,808.2,0,69,16:05:30
1.01,8.74,89.4,90.3,781.4,0,69,16:05:35
1.02,8.25,89.4,91.2,737.6,0,69,16:05:40
2.65,6.83,89.7,237.7,612.7,0,70,16:05:45
3.6,5.92,89.8,323.3,531.6,0,70,16:05:50
3.51,5.63,89.8,315.2,505.6,0,70,16:05:55
3.59,5.89,89.8,322.4,528.9,0,70,16:06:00
3.79,5.99,89.8,340.3,537.9,0,70,16:06:05
3.75,6.39,89.7,336.4,573.2,0,70,16:06:10
3.46,6.61,89.7,310.4,592.9,0,70,16:06:15
3.74,6.49,89.8,335.9,582.8,0,69,16:06:20
3.62,6.86,89.6,324.4,614.7,0,69,16:06:25
3.74,9.49,89.3,334,847.5,0,68,16:06:30
3.74,11.93,88.9,332.5,1060.6,0,66,16:06:35
3.77,14.18,88.6,334,1256.3,0,65,16:06:40
3.98,12.72,88.7,353,1128.3,0,66,16:06:45
3.87,8.78,89.2,345.2,783.2,0,68,16:06:50
3.77,7.67,89.4,337,685.7,0,69,16:06:55
3.73,7.84,89.4,333.5,700.9,0,69,16:07:00
3.8,8.31,89.3,339.3,742.1,0,68,16:07:05
3.85,9.59,89.1,343,854.5,0,68,16:07:10
3.75,11.25,88.9,333.4,1000.1,0,67,16:07:15
3.77,12.89,88.7,334.4,1143.3,0,66,16:07:20
3.82,13.93,88.4,337.7,1231.4,0,65,16:07:25
3.59,13.32,88.6,318.1,1180.2,0,66,16:07:30
1.37,13.17,88.6,121.4,1166.9,0,67,16:07:35
1.25,12.45,88.6,110.8,1103.1,0,67,16:07:40
1.25,10.95,88.8,111,972.4,0,68,16:07:45
1.28,8.21,89.2,114.2,732.3,0,69,16:07:50
1.26,5.67,89.6,112.9,508,0,71,16:07:55
1.24,4.48,89.8,111.4,402.3,0,72,16:08:00
1.23,3.72,90,110.7,334.8,0,72,16:08:05
1.23,3.57,90,110.7,321.3,0,72,16:08:10
1.22,3.09,90.1,109.9,278.4,0,72,16:08:15
1.23,3.14,90.1,110.8,282.9,0,73,16:08:20
1.24,0.53,90.5,112.2,48,0,74,16:08:25
1.23,-1.28,90.8,111.7,-116.2,0,75,16:08:30
1.22,0.63,90.5,110.4,57,0,74,16:08:35
1.24,3.78,90.1,111.7,340.6,0,72,16:08:40
1.25,7.06,89.6,112,632.6,0,70,16:08:45
1.27,7.44,89.5,113.7,665.9,0,70,16:08:50
1.26,7.79,89.4,112.6,696.4,0,70,16:08:55
1.27,7.44,89.4,113.5,665.1,0,70,16:09:00
1.27,7.55,89.4,113.5,675,0,69,16:09:05
1.28,11.1,88.9,113.8,986.8,0,68,16:09:10
1.3,16.36,88.1,114.5,1441.3,0,65,16:09:15
1.3,16.6,88.1,114.5,1462.5,0,65,16:09:20
1.29,15.32,88.2,113.8,1351.2,0,65,16:09:25
1.28,14.27,88.3,113,1260,0,65,16:09:30
1.25,15.07,88.1,110.1,1327.7,0,66,16:09:35
1.27,11.37,88.7,112.6,1008.5,0,67,16:09:40
1.26,8.5,89,112.1,756.5,0,69,16:09:45
1.25,6.91,89.3,111.6,617.1,0,70,16:09:50
1.24,7,89.3,110.7,625.1,0,70,16:09:55
1.24,8.04,89.1,110.5,716.4,0,69,16:10:00
1.23,9.47,89,109.5,842.8,0,68,16:10:05
1.24,11.58,88.6,109.9,1026,0,67,16:10:10
1.23,13.14,88.4,108.7,1161.6,0,67,16:10:15
1.22,12.69,88.5,108,1123.1,0,66,16:10:20
1.23,12.66,88.5,108.9,1120.4,0,66,16:10:25
1.22,12.81,88.4,107.8,1132.4,0,66,16:10:30
1.21,12.69,88.4,107,1121.8,0,66,16:10:35
1.47,12.35,88.4,129.9,1091.7,0,67,16:10:40
3.49,10.32,88.7,309.6,915.4,0,67,16:10:45
3.5,9.68,88.8,310.8,859.6,0,67,16:10:50
3.61,8.84,88.9,320.9,785.9,0,68,16:10:55
3.52,7.9,89,313.3,703.1,0,68,16:11:00
3.57,7.48,89.1,318.1,666.5,0,69,16:11:05
3.25,7.47,89.1,289.6,665.6,0,69,16:11:10
3.39,7.34,89.1,302,654,0,69,16:11:15
3.58,6.89,89.2,319.3,614.6,0,69,16:11:20
3.66,6.86,89.2,326.5,611.9,0,69,16:11:25
3.6,6.97,89.2,321.1,621.7,0,69,16:11:30
3.61,6.62,89.2,322,590.5,0,69,16:11:35
3.65,5.76,89.4,326.3,514.9,0,69,16:11:40
3.57,5.09,89.5,319.5,455.6,0,70,16:11:45
3.53,5.76,89.4,315.6,514.9,0,70,16:11:50
3.62,7.36,89.2,322.9,656.5,0,69,16:11:55
3.72,8.3,89,331.1,738.7,0,68,16:12:00
3.57,7.76,89.1,318.1,691.4,0,68,16:12:05
3.27,6.88,89.2,291.7,613.7,0,69,16:12:10
1.38,6.59,89.2,123.1,587.8,0,70,16:12:15
1.46,5.45,89.4,130.5,487.2,0,70,16:12:20
1.35,5.79,89.4,120.7,517.6,0,70,16:12:25
1.27,5.93,89.3,113.4,529.5,0,70,16:12:30
1.25,6.57,89.3,111.6,586.7,0,70,16:12:35
1.29,7.43,89.1,114.9,662,0,69,16:12:40
1.29,7.68,89.1,114.9,684.3,0,69,16:12:45
1.31,7.88,89,116.6,701.3,0,69,16:12:50
2.06,6.77,89.2,183.8,603.9,0,70,16:12:55
2.26,5.51,89.4,202,492.6,0,70,16:13:00
1.36,5.46,89.4,121.6,488.1,0,71,16:13:05
1.34,4.76,89.5,119.9,426,0,71,16:13:10
1.34,4.95,89.5,119.9,443,0,71,16:13:15
1.34,4.76,89.5,119.9,426,0,71,16:13:20
1.56,5.8,89.4,139.5,518.5,0,70,16:13:25
2.83,8.48,89,251.9,754.7,0,68,16:13:30
3.41,11.7,88.5,301.8,1035.5,0,66,16:13:35
3.28,10.26,88.7,290.9,910.1,0,67,16:13:40
2.02,9.57,88.7,179.2,848.9,0,68,16:13:45
1.3,8.47,88.9,115.6,753,0,69,16:13:50
1.25,7.36,89,111.3,655,0,69,16:13:55
1.23,7.57,89,109.5,673.7,0,69,16:14:00
2.08,5.68,89.3,185.7,507.2,0,70,16:14:05
1.23,5.26,89.3,109.8,469.7,0,71,16:14:10
1.18,5.08,89.4,105.5,454.2,0,71,16:14:15
1.18,4.52,89.4,105.5,404.1,0,71,16:14:20
1.17,4.03,89.5,104.7,360.7,0,71,16:14:25
1.14,3.85,89.6,102.1,345,0,72,16:14:30
1.15,3.67,89.6,103,328.8,0,72,16:14:35
1.13,4.04,89.6,101.2,362,0,72,16:14:40
1.12,5.21,89.4,100.1,465.8,0,71,16:14:45
1.1,5.54,89.4,98.3,495.3,0,70,16:14:50
0.77,6.4,89.2,68.7,570.9,0,70,16:14:55
0.71,5.41,89.4,63.5,483.7,0,71,16:15:00
1.07,5.01,89.4,95.7,447.9,0,71,16:15:05
1.05,4.9,89.4,93.9,438.1,0,71,16:15:10
1.03,4.05,89.6,92.3,362.9,0,71,16:15:15
1.02,2.78,89.8,91.6,249.6,0,72,16:15:20
1,3.45,89.7,89.7,309.5,0,72,16:15:25
0.99,5.18,89.4,88.5,463.1,0,71,16:15:30
0.97,5.31,89.4,86.7,474.7,0,71,16:15:35
0.97,4.93,89.4,86.7,440.7,0,71,16:15:40
0.94,4.5,89.5,84.1,402.8,0,71,16:15:45
0.97,4.26,89.5,86.8,381.3,0,72,16:15:50
1.02,4.77,89.5,91.3,426.9,0,71,16:15:55
1.08,5.57,89.4,96.6,498,0,71,16:16:00
1.32,5.19,89.4,118,464,0,70,16:16:05
1.12,6.08,89.3,100,542.9,0,70,16:16:10
2.18,5.45,89.4,194.9,487.2,0,70,16:16:15
3.01,4.92,89.4,269.1,439.8,0,70,16:16:20
3.04,4.98,89.4,271.8,445.2,0,70,16:16:25
3.18,5.3,89.4,284.3,473.8,0,70,16:16:30
3.12,6.04,89.2,278.3,538.8,0,69,16:16:35
3.11,6.75,89.1,277.1,601.4,0,69,16:16:40
3.08,7.37,89,274.1,655.9,0,69,16:16:45
2.94,6.79,89.1,262,605,0,69,16:16:50
2.91,5.72,89.2,259.6,510.2,0,70,16:16:55
2.93,3.98,89.5,262.2,356.2,0,71,16:17:00
2.94,1.82,89.9,264.3,163.6,0,72,16:17:05
2.84,-0.13,90.2,256.2,-11.7,0,73,16:17:10
2.97,-1.04,90.3,268.2,-93.9,0,74,16:17:15
2.97,0.36,90.2,267.9,32.5,0,73,16:17:20
3,1.95,89.9,269.7,175.3,0,72,16:17:25
2.92,4.03,89.6,261.6,361.1,0,71,16:17:30
3.07,5.11,89.4,274.5,456.8,0,70,16:17:35
2.87,5.48,89.4,256.6,489.9,0,70,16:17:40
2.9,5.41,89.3,259,483.1,0,70,16:17:45
2.97,5.14,89.4,265.5,459.5,0,70,16:17:50
2.95,4.99,89.4,263.7,446.1,0,70,16:17:55
3.31,5.05,89.4,295.9,451.5,0,70,16:18:00
3.16,6.18,89.2,281.9,551.3,0,69,16:18:05
3.03,7.2,89,269.7,640.8,0,69,16:18:10
3.03,7.67,88.9,269.4,681.9,0,68,16:18:15
2.99,7.55,89,266.1,672,0,69,16:18:20
2.98,7.37,89,265.2,655.9,0,69,16:18:25
3.08,7.01,89,274.1,623.9,0,69,16:18:30
2.28,7.32,89,202.9,651.5,0,69,16:18:35
0.89,8.12,88.8,79,721.1,0,69,16:18:40
0.94,8.36,88.8,83.5,742.4,0,69,16:18:45
2.91,6.57,89.1,259.3,585.4,0,69,16:18:50
3.01,5.44,89.2,268.5,485.2,0,70,16:18:55
2.95,4.87,89.3,263.4,434.9,0,70,16:19:00
3.05,3.74,89.5,273,334.7,0,70,16:19:05
2.95,4.83,89.3,263.4,431.3,0,70,16:19:10
2.97,5.37,89.2,264.9,479,0,70,16:19:15
2.97,6.42,89.1,264.6,572,0,69,16:19:20
2.95,8.62,88.8,262,765.5,0,68,16:19:25
3.03,9.07,88.7,268.8,804.5,0,68,16:19:30
3.01,7.69,88.8,267.3,682.9,0,68,16:19:35
3.03,6.34,89,269.7,564.3,0,69,16:19:40
2.71,5.01,89.2,241.7,446.9,0,70,16:19:45
2.56,4.37,89.3,228.6,390.2,0,71,16:19:50
1.69,5.26,89.2,150.7,469.2,0,71,16:19:55
1.32,3.85,89.4,118,344.2,0,71,16:20:00
0.94,3.09,89.5,84.1,276.6,0,72,16:20:05
0.92,1.84,89.8,82.6,165.2,0,73,16:20:10
0.94,4.11,89.4,84,367.4,0,71,16:20:15
0.94,7.02,89,83.7,624.8,0,69,16:20:20
0.93,8.52,88.7,82.5,755.7,0,69,16:20:25
0.95,8.22,88.8,84.4,729.9,0,69,16:20:30
0.96,7.85,88.8,85.2,697.1,0,69,16:20:35
0.97,7.63,88.8,86.1,677.5,0,69,16:20:40
0.98,7.03,88.9,87.1,625,0,70,16:20:45
0.98,7.42,88.8,87,658.9,0,69,16:20:50
1,7.82,88.8,88.8,694.4,0,69,16:20:55
1.01,8.62,88.7,89.6,764.6,0,68,16:21:00
1.03,9.63,88.5,91.2,852.3,0,68,16:21:05
1.05,8.32,88.7,93.1,738,0,69,16:21:10
1.07,6.72,88.9,95.1,597.4,0,70,16:21:15
1.12,6.39,88.9,99.6,568.1,0,70,16:21:20
1.22,7.31,88.8,108.3,649.1,0,69,16:21:25
2.85,7.55,88.8,253.1,670.4,0,68,16:21:30
1.42,8.89,88.5,125.7,786.8,0,68,16:21:35
1.24,9.59,88.5,109.7,848.7,0,68,16:21:40
1.23,8.94,88.5,108.9,791.2,0,68,16:21:45
1.17,9.25,88.5,103.5,818.6,0,68,16:21:50
1.41,8.68,88.5,124.8,768.2,0,68,16:21:55
2.53,8.03,88.6,224.2,711.5,0,68,16:22:00
3.13,7.2,88.7,277.6,638.6,0,69,16:22:05
2.23,7.78,88.6,197.6,689.3,0,69,16:22:10
2.24,7.57,88.7,198.7,671.5,0,69,16:22:15
3.2,6.6,88.8,284.2,586.1,0,69,16:22:20
3.3,6.05,88.9,293.4,537.8,0,69,16:22:25
2.8,5.17,89,249.2,460.1,0,70,16:22:30
1.85,4.37,89.2,165,389.8,0,71,16:22:35
2.41,2.23,89.5,215.7,199.6,0,72,16:22:40
3.08,-0.22,89.9,276.9,-19.8,0,73,16:22:45
2.87,1.31,89.7,257.4,117.5,0,72,16:22:50
2.24,5.71,89.1,199.6,508.8,0,70,16:22:55
1.57,7.65,88.7,139.3,678.6,0,69,16:23:00
1.66,7.57,88.7,147.2,671.5,0,69,16:23:05
2.01,6.33,88.9,178.7,562.7,0,69,16:23:10
1.57,7.24,88.7,139.3,642.2,0,69,16:23:15
1.48,7.93,88.6,131.1,702.6,0,69,16:23:20
1.46,8.84,88.5,129.2,782.3,0,68,16:23:25
1.57,10.91,88.2,138.5,962.3,0,67,16:23:30
1.74,11.84,88.1,153.3,1043.1,0,66,16:23:35
1.42,13.78,87.8,124.7,1209.9,0,66,16:23:40
1.5,13.56,87.7,131.6,1189.2,0,65,16:23:45
1.56,15.01,87.5,136.5,1313.4,0,65,16:23:50
1.48,12.04,87.9,130.1,1058.3,0,66,16:23:55
2.06,9.22,88.3,181.9,814.1,0,68,16:24:00
3.11,6.55,88.7,275.9,581,0,69,16:24:05
2.07,6.53,88.7,183.6,579.2,0,69,16:24:10
3.33,5.4,88.8,295.7,479.5,0,69,16:24:15
3.42,4.95,89,304.4,440.6,0,70,16:24:20
3.5,4.48,89,311.5,398.7,0,70,16:24:25
3.43,4.36,89.1,305.6,388.5,0,70,16:24:30
3.4,4.25,89.1,302.9,378.7,0,70,16:24:35
3.36,3.57,89.2,299.7,318.4,0,71,16:24:40
3.26,2.17,89.4,291.4,194,0,71,16:24:45
3.17,1.02,89.6,284,91.4,0,72,16:24:50
3.33,1.01,89.6,298.4,90.5,0,72,16:24:55
3.39,7.06,88.7,300.7,626.2,0,74,16:25:00
2.89,-1.25,90,260.1,-112.5,0,73,16:25:05
2.81,2.38,89.4,251.2,212.8,0,72,16:25:10
2.79,4.34,89.1,248.6,386.7,0,70,16:25:15
2.14,8.25,88.6,189.6,731,0,68,16:25:20
3.01,10.09,88.4,266.1,892,0,67,16:25:25
3.5,9.28,88.3,309.1,819.4,0,67,16:25:30
3.52,6.61,88.7,312.2,586.3,0,69,16:25:35
3.29,4.52,89,292.8,402.3,0,70,16:25:40
3.43,3.48,89.2,306,310.4,0,71,16:25:45
3.42,2.09,89.4,305.7,186.8,0,71,16:25:50
3.38,1.97,89.5,302.5,176.3,0,71,16:25:55
3.44,1.83,89.5,307.9,163.8,0,71,16:26:00
3.24,1.66,89.5,290,148.6,0,72,16:26:05
1.89,2.78,89.4,169,248.5,0,71,16:26:10
1.35,6.78,88.8,119.9,602.1,0,69,16:26:15
1.35,11.37,88.1,118.9,1001.7,0,67,16:26:20
1.39,12.63,88,122.3,1111.4,0,66,16:26:25
1.37,10.06,88.2,120.8,887.3,0,67,16:26:30
1.36,8.72,88.4,120.2,770.8,0,68,16:26:35
1.37,8.06,88.4,121.1,712.5,0,68,16:26:40
1.34,7.72,88.5,118.6,683.2,0,69,16:26:45
1.37,7.37,88.6,121.4,653,0,69,16:26:50
1.45,7.26,88.5,128.3,642.5,0,69,16:26:55
2.47,6.38,88.7,219.1,565.9,0,69,16:27:00
2.41,6.49,88.6,213.5,575,0,69,16:27:05
2.98,6.29,88.7,264.3,557.9,0,69,16:27:10
3.28,5.98,88.7,290.9,530.4,0,69,16:27:15
2.65,6.61,88.7,235.1,586.3,0,69,16:27:20
1.32,6.29,88.7,117.1,557.9,0,69,16:27:25
1.63,3.77,89.1,145.2,335.9,0,71,16:27:30
2.18,2.26,89.3,194.7,201.8,0,72,16:27:35
2.88,0.9,89.6,258,80.6,0,72,16:27:40
3.14,-4.26,90.3,283.5,-384.7,0,71,16:27:45
3.09,-3.53,90.3,279,-318.8,0,70,16:27:50
3.03,-3.12,90.3,273.6,-281.7,0,70,16:27:55
3.14,-3.09,90.3,283.5,-279,0,69,16:28:00
3.12,-2.78,90.3,281.7,-251,0,68,16:28:05
3.12,-2.63,90.3,281.7,-237.5,0,66,16:28:10
3.13,-2.64,90.3,282.6,-238.4,0,64,16:28:15
3.06,-2.56,90.3,276.3,-231.2,0,64,16:28:20
3.15,9.67,88.4,278.5,854.8,0,66,16:28:25
3.16,5.13,89.1,281.6,457.1,0,70,16:28:30
3.1,2.96,89.4,277.1,264.6,0,71,16:28:35
3.11,2.81,89.4,278,251.2,0,71,16:28:40
3.04,2.34,89.5,272.1,209.4,0,71,16:28:45
3.09,1.14,89.6,276.9,102.1,0,72,16:28:50
2.84,1.48,89.6,254.5,132.6,0,72,16:28:55
3.03,1.73,89.6,271.5,155,0,72,16:29:00
3.07,2.55,89.5,274.8,228.2,0,71,16:29:05
3.07,3.66,89.3,274.2,326.8,0,71,16:29:10
3.01,3.34,89.3,268.8,298.3,0,71,16:29:15
3.04,4,89.2,271.2,356.8,0,71,16:29:20
2.9,4.22,89.2,258.7,376.4,0,71,16:29:25
2.98,4.14,89.2,265.8,369.3,0,70,16:29:30
2.9,4.88,89.1,258.4,434.8,0,70,16:29:35
2.92,5.36,89,259.9,477,0,70,16:29:40
2.83,5.11,89,251.9,454.8,0,70,16:29:45
2.87,5.23,89,255.4,465.5,0,70,16:29:50
3.03,5.16,88.9,269.4,458.7,0,70,16:29:55
2.81,6.78,88.7,249.2,601.4,0,69,16:30:00
2.84,7.71,88.5,251.3,682.3,0,68,16:30:05
2.83,7.31,88.6,250.7,647.7,0,69,16:30:10
2.81,-2.65,90.1,253.2,-238.8,0,68,16:30:15
2.69,-2.35,90.1,242.4,-211.7,0,68,16:30:20
2.56,-2.11,90.1,230.7,-190.1,0,66,16:30:25
2.75,12.56,87.9,241.7,1104,0,66,16:30:30
2.68,8,88.5,237.2,708,0,68,16:30:35
2.63,6.13,88.7,233.3,543.7,0,69,16:30:40
2.7,5.28,88.9,240,469.4,0,69,16:30:45
2.62,5.12,88.9,232.9,455.2,0,70,16:30:50
2.57,5.47,88.8,228.2,485.7,0,70,16:30:55
2.5,6.84,88.6,221.5,606,0,69,16:31:00
2.51,7.08,88.6,222.4,627.3,0,69,16:31:05
2.49,-1.37,89.9,223.9,-123.2,0,69,16:31:10
2.58,-2.19,90,232.2,-197.1,0,67,16:31:15
2.61,8.96,88.4,230.7,792.1,0,66,16:31:20
2.62,9.04,88.3,231.3,798.2,0,67,16:31:25
2.41,8.28,88.4,213,732,0,68,16:31:30
2.62,7.65,88.5,231.9,677,0,68,16:31:35
2.46,7.22,88.5,217.7,639,0,69,16:31:40
2.62,6.06,88.7,232.4,537.5,0,69,16:31:45
2.54,4.72,88.9,225.8,419.6,0,70,16:31:50
2.53,4.68,88.9,224.9,416.1,0,70,16:31:55
2.64,5.15,88.8,234.4,457.3,0,70,16:32:00
2.72,6.62,88.6,241,586.5,0,69,16:32:05
2.8,6.73,88.5,247.8,595.6,0,69,16:32:10
2.75,6.89,88.5,243.4,609.8,0,69,16:32:15
2.69,6.23,88.6,238.3,552,0,69,16:32:20
2.63,5.5,88.7,233.3,487.9,0,69,16:32:25
2.46,5.58,88.7,218.2,494.9,0,70,16:32:30
2.65,4.9,88.8,235.3,435.1,0,70,16:32:35
2.67,4.02,88.9,237.4,357.4,0,70,16:32:40
2.52,4.16,88.9,224,369.8,0,70,16:32:45
2.71,4.07,88.9,240.9,361.8,0,70,16:32:50
2.73,3.47,89.1,243.2,309.2,0,71,16:32:55
2.83,3.82,89,251.9,340,0,70,16:33:00
2.59,4.35,88.9,230.3,386.7,0,70,16:33:05
2.63,3.97,89,234.1,353.3,0,70,16:33:10
2.36,3.46,89.1,210.3,308.3,0,71,16:33:15
1.01,2.56,89.2,90.1,228.4,0,72,16:33:20
1,1.21,89.4,89.4,108.2,0,73,16:33:25
0.98,1.27,89.5,87.7,113.7,0,72,16:33:30
0.92,4.17,89,81.9,371.1,0,71,16:33:35
0.95,6.14,88.7,84.3,544.6,0,70,16:33:40
0.94,5.46,88.8,83.5,484.8,0,70,16:33:45
0.96,5.16,88.8,85.2,458.2,0,71,16:33:50
0.97,5.87,88.7,86,520.7,0,70,16:33:55
0.95,6.49,88.6,84.2,575,0,70,16:34:00
0.98,8.62,88.3,86.5,761.1,0,68,16:34:05
1,9.67,88.1,88.1,851.9,0,68,16:34:10
1.43,8.59,88.2,126.1,757.6,0,68,16:34:15
1.99,7.11,88.4,175.9,628.5,0,69,16:34:20
1.23,7.5,88.4,108.7,663,0,69,16:34:25
1.01,7.26,88.4,89.3,641.8,0,69,16:34:30
1.03,7.34,88.4,91.1,648.9,0,69,16:34:35
1.01,7.09,88.5,89.4,627.5,0,69,16:34:40
1.01,6.85,88.4,89.3,605.5,0,69,16:34:45
1.01,6.79,88.4,89.3,600.2,0,69,16:34:50
1.01,8.63,88.2,89.1,761.2,0,68,16:34:55
0.95,11.99,87.7,83.3,1051.5,0,67,16:35:00
0.99,14.3,87.3,86.4,1248.4,0,66,16:35:05
0.99,13.77,87.5,86.6,1204.9,0,65,16:35:10
1.01,14.81,87.3,88.2,1292.9,0,65,16:35:15
0.99,11.93,87.6,86.7,1045.1,0,66,16:35:20
1.3,7.79,88.2,114.7,687.1,0,69,16:35:25
1.22,-2.58,89.6,109.3,-231.2,0,71,16:35:30
1.67,-7.01,90.4,151,-633.7,0,74,16:35:35
0.97,-9.68,90.9,88.2,-879.9,0,75,16:35:40
0.97,-8.85,90.8,88.1,-803.6,0,75,16:35:45
0.98,-4.2,90.2,88.4,-378.8,0,72,16:35:50
0.96,-1.89,90,86.4,-170.1,0,70,16:35:55
0.96,5.58,88.7,85.2,494.9,0,70,16:36:00
1,4.99,88.8,88.8,443.1,0,70,16:36:05
1.15,4.06,89,102.4,361.3,0,71,16:36:10
1.22,3.82,88.9,108.5,339.6,0,71,16:36:15
1.71,4.98,88.9,152,442.7,0,70,16:36:20
1.76,7.76,88.4,155.6,686,0,68,16:36:25
1.76,12.29,87.8,154.5,1079.1,0,66,16:36:30
2.45,12.41,87.6,214.6,1087.1,0,65,16:36:35
2.73,13.13,87.5,238.9,1148.9,0,66,16:36:40
1.97,12.12,87.6,172.6,1061.7,0,66,16:36:45
2.09,11.41,87.6,183.1,999.5,0,66,16:36:50
2.76,10.85,87.7,242.1,951.5,0,66,16:36:55
2.84,9.79,87.9,249.6,860.5,0,67,16:37:00
2.88,9.67,87.9,253.2,850,0,67,16:37:05
2.91,12.21,87.5,254.6,1068.4,0,66,16:37:10
2.87,10.8,87.7,251.7,947.2,0,66,16:37:15
2.82,7.4,88.2,248.7,652.7,0,68,16:37:20
2.79,5.48,88.5,246.9,485,0,69,16:37:25
2.9,4.25,88.7,257.2,377,0,70,16:37:30
2.88,4.44,88.6,255.2,393.4,0,70,16:37:35
2.85,2.65,88.9,253.4,235.6,0,71,16:37:40
2.9,2.18,89,258.1,194,0,71,16:37:45
2.94,2.64,88.9,261.4,234.7,0,71,16:37:50
2.93,2.67,89,260.8,237.6,0,71,16:37:55
3.09,3.41,88.8,274.4,302.8,0,70,16:38:00
3.06,4.25,88.7,271.4,377,0,70,16:38:05
3.04,5.6,88.5,269,495.6,0,69,16:38:10
3.09,6.97,88.3,272.8,615.5,0,68,16:38:15
3.03,6.69,88.3,267.5,590.7,0,68,16:38:20
3.05,6.9,88.3,269.3,609.3,0,68,16:38:25
3.21,10.41,87.8,281.8,914,0,67,16:38:30
3.19,12.12,87.5,279.1,1060.5,0,66,16:38:35
3.11,9.63,87.9,273.4,846.5,0,67,16:38:40
3.06,6.42,88.3,270.2,566.9,0,69,16:38:45
2.86,3.3,88.8,254,293,0,71,16:38:50
2.91,1.06,89.1,259.3,94.4,0,72,16:38:55
2.94,0.55,89.2,262.2,49.1,0,72,16:39:00
2.98,1.31,89.1,265.5,116.7,0,72,16:39:05
3.09,1.83,89.1,275.3,163.1,0,71,16:39:10
3.11,3.11,88.9,276.5,276.5,0,71,16:39:15
3.07,4.31,88.7,272.3,382.3,0,70,16:39:20
3.05,4.83,88.6,270.2,427.9,0,70,16:39:25
3.17,6.28,88.5,280.5,555.8,0,68,16:39:30
3.19,7.78,88.2,281.4,686.2,0,68,16:39:35
3.14,8.09,88.1,276.6,712.7,0,68,16:39:40
3.24,10.6,87.7,284.1,929.6,0,66,16:39:45
3.26,11.54,87.6,285.6,1010.9,0,65,16:39:50
3.2,12.54,87.4,279.7,1096,0,66,16:39:55
3.11,10,87.8,273.1,878,0,67,16:40:00
3.15,8,88,277.2,704,0,68,16:40:05
3.09,7.74,88,271.9,681.1,0,68,16:40:10
3.1,6.91,88.2,273.4,609.5,0,68,16:40:15
3.1,4.84,88.5,274.4,428.3,0,69,16:40:20
3.09,2.08,88.9,274.7,184.9,0,71,16:40:25
3.04,-0.01,89.2,271.2,-0.9,0,72,16:40:30
3.1,1.49,89,275.9,132.6,0,72,16:40:35
3.08,2.9,88.9,273.8,257.8,0,70,16:40:40
3.06,2.83,88.8,271.7,251.3,0,71,16:40:45
2.88,0.37,89.2,256.9,33,0,72,16:40:50
2.81,-9.07,90.6,254.6,-821.7,0,74,16:40:55
2.83,-8.93,90.7,256.7,-810,0,74,16:41:00
2.84,-6.78,90.4,256.7,-612.9,0,73,16:41:05
2.89,-5.88,90.3,261,-531,0,73,16:41:10
2.91,-5.33,90.3,262.8,-481.3,0,72,16:41:15
2.98,-5.56,90.3,269.1,-502.1,0,72,16:41:20
2.95,-0.64,89.7,264.6,-57.4,0,73,16:41:25
2.95,-5.3,90.3,266.4,-478.6,0,72,16:41:30
2.98,-4.18,90.2,268.8,-377,0,71,16:41:35
3.02,-3.59,90.1,272.1,-323.5,0,70,16:41:40
3.01,-3.33,90.1,271.2,-300,0,70,16:41:45
3.04,2.57,89.2,271.2,229.2,0,70,16:41:50
3,1.72,89.3,267.9,153.6,0,72,16:41:55
3.05,0.7,89.4,272.7,62.6,0,72,16:42:00
3.15,0.68,89.5,281.9,60.9,0,72,16:42:05
3.2,1.92,89.2,285.4,171.3,0,71,16:42:10
3.19,1.99,89.2,284.5,177.5,0,71,16:42:15
3.01,0.45,89.4,269.1,40.2,0,72,16:42:20
3.04,-1.46,89.7,272.7,-131,0,73,16:42:25
2.76,-1.13,89.8,247.8,-101.5,0,73,16:42:30
2.24,1.01,89.4,200.3,90.3,0,72,16:42:35
1.87,2.51,89.1,166.6,223.6,0,71,16:42:40
1.61,3.47,89,143.3,308.8,0,71,16:42:45
1.36,4.36,88.8,120.8,387.2,0,71,16:42:50
1.44,2.67,89.1,128.3,237.9,0,71,16:42:55
1.3,2.67,89.1,115.8,237.9,0,72,16:43:00
1.3,3.04,89.1,115.8,270.9,0,71,16:43:05
1.37,3.26,89,121.9,290.1,0,71,16:43:10
1.33,4.08,88.9,118.2,362.7,0,71,16:43:15
1.76,3.46,89,156.6,307.9,0,71,16:43:20
2.7,3.52,88.9,240,312.9,0,71,16:43:25
2.67,2.77,89,237.6,246.5,0,71,16:43:30
2.48,3.01,89,220.7,267.9,0,71,16:43:35
2.44,3.36,88.9,216.9,298.7,0,71,16:43:40
2.45,2.94,89,218.1,261.7,0,71,16:43:45
2.37,3.88,88.8,210.5,344.5,0,70,16:43:50
2.42,4.78,88.7,214.7,424,0,70,16:43:55
2.43,5.55,88.6,215.3,491.7,0,69,16:44:00
2.28,6.21,88.5,201.8,549.6,0,69,16:44:05
2.41,6.25,88.5,213.3,553.1,0,69,16:44:10
1.98,7,88.3,174.8,618.1,0,69,16:44:15
0.87,7.47,88.2,76.7,658.9,0,69,16:44:20
0.89,5.57,88.5,78.8,492.9,0,70,16:44:25
0.89,3.98,88.8,79,353.4,0,71,16:44:30
1.56,2.47,89,138.8,219.8,0,72,16:44:35
1.31,2.3,89,116.6,204.7,0,71,16:44:40
1.73,2.78,89,154,247.4,0,71,16:44:45
1.48,4.27,88.7,131.3,378.7,0,70,16:44:50
1.31,3.71,88.8,116.3,329.4,0,71,16:44:55
1.36,4,88.7,120.6,354.8,0,71,16:45:00
1.25,3.71,88.8,111,329.4,0,71,16:45:05
1.18,4.11,88.7,104.7,364.6,0,71,16:45:10
1.17,4.78,88.6,103.7,423.5,0,70,16:45:15
1.18,4.91,88.6,104.5,435,0,70,16:45:20
1.18,5.17,88.6,104.5,458.1,0,70,16:45:25
1.17,5.02,88.6,103.7,444.8,0,70,16:45:30
1.17,6.35,88.3,103.3,560.7,0,69,16:45:35
1.17,7.14,88.3,103.3,630.5,0,69,16:45:40
1.18,7.74,88.1,104,681.9,0,68,16:45:45
1.2,9.33,87.9,105.5,820.1,0,68,16:45:50
1.21,9.96,87.7,106.1,873.5,0,67,16:45:55
1.23,9.34,87.8,108,820.1,0,67,16:46:00
1.6,9.65,87.8,140.5,847.3,0,67,16:46:05
1.26,9.45,87.8,110.6,829.7,0,68,16:46:10
1.27,7.98,88,111.8,702.2,0,68,16:46:15
1.26,7.13,88.1,111,628.2,0,69,16:46:20
1.31,6.13,88.2,115.5,540.7,0,69,16:46:25
2.41,4.86,88.4,213,429.6,0,70,16:46:30
2.55,4.31,88.5,225.7,381.4,0,70,16:46:35
2.48,4.19,88.5,219.5,370.8,0,70,16:46:40
1.55,5.61,88.4,137,495.9,0,70,16:46:45
1.39,6.13,88.3,122.7,541.3,0,69,16:46:50
1.44,6.54,88.2,127,576.8,0,69,16:46:55
1.45,6.66,88.1,127.7,586.7,0,69,16:47:00
1.9,6.15,88.2,167.6,542.4,0,69,16:47:05
2.3,5.94,88.3,203.1,524.5,0,69,16:47:10
2.63,5.72,88.3,232.2,505.1,0,69,16:47:15
2.71,5.88,88.3,239.3,519.2,0,69,16:47:20
2.96,5.65,88.3,261.4,498.9,0,69,16:47:25
3.25,5.76,88.3,287,508.6,0,69,16:47:30
3.09,5.74,88.3,272.8,506.8,0,69,16:47:35
2.81,5.8,88.2,247.8,511.6,0,69,16:47:40
2.87,5.98,88.2,253.1,527.4,0,69,16:47:45
2.74,7.61,88,241.1,669.7,0,68,16:47:50
2.75,8.05,87.9,241.7,707.6,0,68,16:47:55
2.84,8.33,87.8,249.4,731.4,0,67,16:48:00
2.73,8.86,87.7,239.4,777,0,67,16:48:05
2.74,8.7,87.7,240.3,763,0,67,16:48:10
2.75,7.99,87.8,241.5,701.5,0,67,16:48:15
2.81,8.22,87.8,246.7,721.7,0,67,16:48:20
2.77,9.91,87.5,242.4,867.1,0,67,16:48:25
2.53,9.21,87.7,221.9,807.7,0,67,16:48:30
2.55,8.98,87.6,223.4,786.6,0,67,16:48:35
2.46,8.13,87.8,216,713.8,0,67,16:48:40
2.46,8.37,87.8,216,734.9,0,67,16:48:45
2.62,9.69,87.5,229.3,847.9,0,67,16:48:50
2.55,9.75,87.6,223.4,854.1,0,66,16:48:55
1.98,11.14,87.4,173.1,973.6,0,66,16:49:00
1.66,12.1,87.2,144.8,1055.1,0,66,16:49:05
1.98,9.47,87.5,173.3,828.6,0,67,16:49:10
1.97,9.17,87.5,172.4,802.4,0,67,16:49:15
2.41,8.62,87.6,211.1,755.1,0,67,16:49:20
2.53,10.53,87.4,221.1,920.3,0,67,16:49:25
2.58,9.41,87.5,225.8,823.4,0,67,16:49:30
2.49,9.08,87.5,217.9,794.5,0,66,16:49:35
2.57,9.53,87.4,224.6,832.9,0,66,16:49:40
2.27,10,87.4,198.4,874,0,67,16:49:45
2.36,8.06,87.7,207,706.9,0,67,16:49:50
2.07,7.92,87.7,181.5,694.6,0,67,16:49:55
1.93,7.42,87.7,169.3,650.7,0,68,16:50:00
1.84,7.33,87.8,161.6,643.6,0,68,16:50:05
1.76,6.94,87.8,154.5,609.3,0,68,16:50:10
1.68,7.07,87.8,147.5,620.7,0,68,16:50:15
1.67,6.79,87.9,146.8,596.8,0,69,16:50:20
1.74,7.94,87.7,152.6,696.3,0,68,16:50:25
1.59,8.63,87.6,139.3,756,0,68,16:50:30
1.72,9.18,87.5,150.5,803.3,0,67,16:50:35
1.99,8.74,87.5,174.1,764.8,0,67,16:50:40
2.3,7.59,87.7,201.7,665.6,0,67,16:50:45
2.53,6.05,87.9,222.4,531.8,0,69,16:50:50
2.44,3.78,88.3,215.5,333.8,0,70,16:50:55
2.5,2.24,88.5,221.3,198.2,0,71,16:51:00
2.46,1.44,88.6,218,127.6,0,71,16:51:05
2.46,1.9,88.6,218,168.3,0,71,16:51:10
1.09,2.27,88.7,96.7,201.3,0,71,16:51:15
2.42,-0.42,89,215.4,-37.4,0,72,16:51:20
2.41,0.89,88.8,214,79,0,72,16:51:25
2.4,1.68,88.8,213.1,149.2,0,71,16:51:30
2.34,3.16,88.5,207.1,279.7,0,71,16:51:35
2.46,4.44,88.3,217.2,392.1,0,70,16:51:40
2.31,4.75,88.3,204,419.4,0,69,16:51:45
2.18,4.92,88.2,192.3,433.9,0,69,16:51:50
2.13,4.65,88.3,188.1,410.6,0,70,16:51:55
2.39,4.8,88.2,210.8,423.4,0,70,16:52:00
2.33,5.03,88.2,205.5,443.6,0,69,16:52:05
2.13,5.23,88.1,187.7,460.8,0,69,16:52:10
2.09,5.63,88.1,184.1,496,0,69,16:52:15
2.41,5.8,88,212.1,510.4,0,69,16:52:20
2.43,5.53,88.1,214.1,487.2,0,69,16:52:25
2.11,5.79,88.1,185.9,510.1,0,69,16:52:30
2.26,6.09,88,198.9,535.9,0,69,16:52:35
2.33,5.97,88,205,525.4,0,69,16:52:40
2.35,6.1,88,206.8,536.8,0,69,16:52:45
2.31,6.1,88,203.3,536.8,0,69,16:52:50
2.32,6.64,87.9,203.9,583.7,0,68,16:52:55
2.33,6.09,87.9,204.8,535.3,0,69,16:53:00
2.32,5.12,88.1,204.4,451.1,0,69,16:53:05
2.28,4.37,88.2,201.1,385.4,0,70,16:53:10
2.31,4.38,88.2,203.7,386.3,0,70,16:53:15
2.41,4.25,88.2,212.6,374.9,0,70,16:53:20
2.36,4.92,88.2,208.2,433.9,0,69,16:53:25
1.75,6.46,87.9,153.8,567.8,0,69,16:53:30
2.1,6.25,87.9,184.6,549.4,0,69,16:53:35
2.27,5.65,88,199.8,497.2,0,69,16:53:40
2.24,5.26,88.1,197.3,463.4,0,69,16:53:45
1.57,5.32,88,138.2,468.2,0,69,16:53:50
1.64,5.51,88,144.3,484.9,0,70,16:53:55
1.64,5.07,88.1,144.5,446.7,0,69,16:54:00
1.04,5.62,88,91.5,494.6,0,70,16:54:05
1.1,5.27,88,96.8,463.8,0,69,16:54:10
1.14,5.52,88,100.3,485.8,0,70,16:54:15
1.67,5.01,88.1,147.1,441.4,0,70,16:54:20
1.75,4.75,88.1,154.2,418.5,0,70,16:54:25
1.26,4.91,88.1,111,432.6,0,70,16:54:30
1.32,5.33,88.1,116.3,469.6,0,70,16:54:35
1.89,5.09,88.1,166.5,448.4,0,69,16:54:40
1.8,5.19,88.1,158.6,457.2,0,69,16:54:45
1.85,5.06,88.1,163,445.8,0,70,16:54:50
1.68,4.86,88.1,148,428.2,0,70,16:54:55
1.03,6.62,87.8,90.4,581.2,0,69,16:55:00
0.91,8.01,87.6,79.7,701.7,0,68,16:55:05
0.89,7.53,87.6,78,659.6,0,68,16:55:10
0.87,7.02,87.7,76.3,615.7,0,69,16:55:15
0.88,6.67,87.7,77.2,585,0,69,16:55:20
0.88,6.47,87.8,77.3,568.1,0,69,16:55:25
0.86,6.28,87.8,75.5,551.4,0,69,16:55:30
0.89,6.47,87.8,78.1,568.1,0,69,16:55:35
0.88,9.06,87.4,76.9,791.8,0,68,16:55:40
0.86,9.7,87.3,75.1,846.8,0,67,16:55:45
0.86,8.65,87.4,75.2,756,0,67,16:55:50
0.88,8,87.5,77,700,0,68,16:55:55
0.88,7.74,87.5,77,677.3,0,68,16:56:00
0.88,7.27,87.6,77.1,636.9,0,68,16:56:05
0.9,9.03,87.4,78.7,789.2,0,67,16:56:10
0.92,11.92,87,80,1037,0,66,16:56:15
0.91,12.54,86.8,79,1088.5,0,65,16:56:20
0.92,14.45,86.5,79.6,1249.9,0,65,16:56:25
0.93,14.08,86.5,80.4,1217.9,0,65,16:56:30
0.94,12.27,86.8,81.6,1065,0,65,16:56:35
0.96,11.58,86.8,83.3,1005.1,0,66,16:56:40
0.95,7.42,87.4,83,648.5,0,68,16:56:45
0.93,4.04,88,81.8,355.5,0,70,16:56:50
0.94,3.02,88.2,82.9,266.4,0,70,16:56:55
0.94,4.92,87.9,82.6,432.5,0,69,16:57:00
0.94,7.66,87.5,82.3,670.3,0,68,16:57:05
0.95,10.65,87,82.7,926.6,0,66,16:57:10
0.96,13.12,86.7,83.2,1137.5,0,66,16:57:15
0.95,11.1,86.9,82.6,964.6,0,66,16:57:20
0.94,7.79,87.4,82.2,680.8,0,68,16:57:25
0.94,4.66,87.8,82.5,409.1,0,70,16:57:30
0.93,-3.05,89,82.8,-271.5,0,71,16:57:35
0.91,-3.21,89.1,81.1,-286,0,71,16:57:40
0.92,-2.17,89,81.9,-193.1,0,70,16:57:45
0.92,-1.26,88.9,81.8,-112,0,69,16:57:50
0.92,-0.74,88.9,81.8,-65.8,0,67,16:57:55
0.93,7.42,87.6,81.5,650,0,66,16:58:00
0.93,7.52,87.6,81.5,658.8,0,68,16:58:05
0.94,6.41,87.7,82.4,562.2,0,69,16:58:10
0.93,5.66,87.9,81.7,497.5,0,69,16:58:15
0.92,4.88,88,81,429.4,0,70,16:58:20
0.91,4.56,88,80.1,401.3,0,70,16:58:25
0.91,5.37,87.8,79.9,471.5,0,70,16:58:30
0.9,5.89,87.8,79,517.1,0,69,16:58:35
0.89,6.17,87.7,78.1,541.1,0,69,16:58:40
0.89,6.29,87.7,78.1,551.6,0,69,16:58:45
0.88,6.5,87.7,77.2,570.1,0,69,16:58:50
0.87,6.79,87.6,76.2,594.8,0,69,16:58:55
0.86,6.09,87.7,75.4,534.1,0,69,16:59:00
0.86,5.9,87.7,75.4,517.4,0,69,16:59:05
0.86,5.51,87.8,75.5,483.8,0,69,16:59:10
0.85,6,87.7,74.5,526.2,0,69,16:59:15
0.86,6.05,87.7,75.4,530.6,0,69,16:59:20
0.86,7.01,87.6,75.3,614.1,0,68,16:59:25
0.85,-0.93,88.7,75.4,-82.5,0,68,16:59:30
0.8,-15.97,90.9,72.7,-1451.7,0,63,16:59:35
0.83,-9.6,90.1,74.8,-865,0,59,16:59:40
0.84,-0.53,88.9,74.7,-47.1,0,48,16:59:45
0.83,-18.8,91.6,76,-1722.1,0,38,16:59:50
0.83,-14.42,91,75.5,-1312.2,0,33,16:59:55
0.86,-6.18,89.8,77.2,-555,0,24,17:00:00
0.98,-4.88,89.7,87.9,-437.7,0,18,17:00:05
1.1,-0.76,89.1,98,-67.7,0,10,17:00:10
1.1,5.37,88.2,97,473.6,0,9,17:00:15
1.06,-0.69,89,94.3,-61.4,0,6,17:00:20
1,-0.67,89,89,-59.6,0,0,17:00:25
1.14,-0.8,89.1,101.6,-71.3,0,0,17:00:30
1.43,-0.97,89.1,127.4,-86.4,0,0,17:00:35
1.72,-1.35,89.2,153.4,-120.4,0,0,17:00:40
1.85,-1.47,89.2,165,-131.1,0,0,17:00:45
1.83,-1.45,89.2,163.2,-129.3,0,0,17:00:50
1.79,-1.42,89.2,159.7,-126.7,0,0,17:00:55
1.75,-1.38,89.2,156.1,-123.1,0,0,17:01:00
1.59,-1.24,89.2,141.8,-110.6,0,0,17:01:05
1.48,-1.13,89.2,132,-100.8,0,0,17:01:10
1.42,-1.09,89.2,126.7,-97.2,0,0,17:01:15
1.33,-0.99,89.2,118.6,-88.3,0,0,17:01:20
1.24,-0.92,89.2,110.6,-82.1,0,0,17:01:25
1.44,-1.09,89.2,128.4,-97.2,0,0,17:01:30
1.63,-1.28,89.2,145.4,-114.2,0,0,17:01:35
1.78,-1.41,89.2,158.8,-125.8,0,0,17:01:40
1.72,-1.36,89.2,153.4,-121.3,0,0,17:01:45
1.45,-1.1,89.2,129.3,-98.1,0,0,17:01:50
1.11,-0.8,89.2,99,-71.4,0,0,17:01:55
0.93,-0.63,89.2,83,-56.2,0,0,17:02:00
0.9,-0.6,89.1,80.2,-53.5,0,0,17:02:05
0.9,-0.6,89.2,80.3,-53.5,0,0,17:02:10
0.9,-0.59,89.2,80.3,-52.6,0,0,17:02:15
0.89,-0.6,89.2,79.4,-53.5,0,0,17:02:20
0.89,-0.59,89.2,79.4,-52.6,0,0,17:02:25
0.89,-0.59,89.2,79.4,-52.6,0,0,17:02:30
0.88,-0.57,89.2,78.5,-50.8,0,0,17:02:35
0.88,-0.57,89.2,78.5,-50.8,0,0,17:02:40
0.88,-0.57,89.2,78.5,-50.8,0,0,17:02:45
0.85,-0.55,89.2,75.8,-49.1,0,0,17:02:50
0.87,-0.57,89.2,77.6,-50.8,0,0,17:02:55
0.86,-0.56,89.2,76.7,-50,0,0,17:03:00
0.87,-0.57,89.2,77.6,-50.8,0,0,17:03:05
0.96,-0.66,89.2,85.6,-58.9,0,0,17:03:10
1.16,-0.84,89.2,103.5,-74.9,0,0,17:03:15
1.17,-0.84,89.2,104.4,-74.9,0,0,17:03:20
1.11,-0.79,89.2,99,-70.5,0,0,17:03:25
1.06,-0.74,89.2,94.6,-66,0,0,17:03:30
1.02,-0.7,89.2,91,-62.4,0,0,17:03:35
1,-0.69,89.2,89.2,-61.5,0,0,17:03:40
0.91,-0.6,89.2,81.2,-53.5,0,0,17:03:45
0.86,-0.57,89.2,76.7,-50.8,0,0,17:03:50
0.86,-0.55,89.2,76.7,-49.1,0,0,17:03:55
1.01,-0.7,89.2,90.1,-62.4,0,0,17:04:00
0.94,-0.64,89.2,83.8,-57.1,0,0,17:04:05
0.87,-0.56,89.2,77.6,-50,0,0,17:04:10
0.94,-0.64,89.2,83.8,-57.1,0,0,17:04:15
1.12,-0.8,89.2,99.9,-71.4,0,0,17:04:20
1.13,-0.81,89.2,100.8,-72.3,0,0,17:04:25
1.12,-0.8,89.2,99.9,-71.4,0,0,17:04:30
1.12,-0.8,89.2,99.9,-71.4,0,0,17:04:35
1.12,-0.8,89.2,99.9,-71.4,0,0,17:04:40
1.12,-0.8,89.2,99.9,-71.4,0,0,17:04:45
1.11,-0.8,89.2,99,-71.4,0,0,17:04:50
1.11,-0.79,89.2,99,-70.5,0,0,17:04:55
1.11,-0.79,89.2,99,-70.5,0,0,17:05:00
1.11,-0.8,89.2,99,-71.4,0,0,17:05:05
1.11,-0.8,89.2,99,-71.4,0,0,17:05:10
1.12,-0.8,89.2,99.9,-71.4,0,0,17:05:15
1.12,-0.8,89.2,99.9,-71.4,0,0,17:05:20
1.12,-0.8,89.2,99.9,-71.4,0,0,17:05:25
1.12,-0.81,89.2,99.9,-72.3,0,0,17:05:30
1.13,-0.8,89.2,100.8,-71.4,0,0,17:05:35
1.13,-0.8,89.2,100.8,-71.4,0,0,17:05:40
1.13,-0.81,89.2,100.8,-72.3,0,0,17:05:45
1.13,-0.81,89.2,100.8,-72.3,0,0,17:05:50
1.14,-0.82,89.2,101.7,-73.1,0,0,17:05:55
1.14,-0.82,89.2,101.7,-73.1,0,0,17:06:00
1.14,-0.82,89.2,101.7,-73.1,0,0,17:06:05
1.14,-0.82,89.2,101.7,-73.1,0,0,17:06:10
1.14,-0.83,89.2,101.7,-74,0,0,17:06:15
1.14,-0.83,89.2,101.7,-74,0,0,17:06:20
1.15,-0.82,89.2,102.6,-73.1,0,0,17:06:25
1.15,-0.83,89.2,102.6,-74,0,0,17:06:30
1.15,-0.82,89.2,102.6,-73.1,0,0,17:06:35
1.15,-0.82,89.2,102.6,-73.1,0,0,17:06:40
1.15,-0.82,89.2,102.6,-73.1,0,0,17:06:45
1.14,-0.82,89.2,101.7,-73.1,0,0,17:06:50
1.15,-0.82,89.2,102.6,-73.1,0,0,17:06:55
1.15,-0.82,89.3,102.7,-73.2,0,0,17:07:00
1.14,-0.82,89.2,101.7,-73.1,0,0,17:07:05
1.14,-0.82,89.2,101.7,-73.1,0,0,17:07:10
1.14,-0.82,89.2,101.7,-73.1,0,0,17:07:15
1.14,-0.82,89.3,101.8,-73.2,0,0,17:07:20
1.14,-0.82,89.3,101.8,-73.2,0,0,17:07:25
1.14,-0.82,89.2,101.7,-73.1,0,0,17:07:30
1.22,-0.9,89.3,108.9,-80.4,0,0,17:07:35
1.27,-0.94,89.3,113.4,-83.9,0,0,17:07:40
1.23,-0.9,89.2,109.7,-80.3,0,0,17:07:45
1.13,-0.81,89.3,100.9,-72.3,0,0,17:07:50
1.08,-0.77,89.3,96.4,-68.8,0,0,17:07:55
1.06,-0.75,89.3,94.7,-67,0,0,17:08:00
1.11,-0.8,89.2,99,-71.4,0,0,17:08:05
1.14,-0.81,89.2,101.7,-72.3,0,0,17:08:10
1.15,-0.82,89.3,102.7,-73.2,0,0,17:08:15
1.15,-0.82,89.3,102.7,-73.2,0,0,17:08:20
1.16,-0.83,89.3,103.6,-74.1,0,0,17:08:25
1.17,-0.84,89.3,104.5,-75,0,0,17:08:30
1.17,-0.84,89.3,104.5,-75,0,0,17:08:35
1.19,-0.87,89.3,106.3,-77.7,0,0,17:08:40
1.22,-0.9,89.3,108.9,-80.4,0,0,17:08:45
1.22,-0.89,89.3,108.9,-79.5,0,0,17:08:50
1.19,-0.86,89.3,106.3,-76.8,0,0,17:08:55
1.18,-0.85,89.3,105.4,-75.9,0,0,17:09:00
1.18,-0.85,89.3,105.4,-75.9,0,0,17:09:05
1.18,-0.85,89.3,105.4,-75.9,0,0,17:09:10
1.18,-0.85,89.3,105.4,-75.9,0,0,17:09:15
1.18,-0.85,89.3,105.4,-75.9,0,0,17:09:20
1.17,-0.85,89.3,104.5,-75.9,0,0,17:09:25
1.18,-0.85,89.3,105.4,-75.9,0,0,17:09:30
1.18,-0.85,89.3,105.4,-75.9,0,0,17:09:35
1.17,-0.84,89.3,104.5,-75,0,0,17:09:40
1.17,-0.84,89.3,104.5,-75,0,0,17:09:45
1.17,-0.83,89.3,104.5,-74.1,0,0,17:09:50
1.17,-0.83,89.3,104.5,-74.1,0,0,17:09:55
1.16,-0.83,89.3,103.6,-74.1,0,0,17:10:00
1.15,-0.83,89.3,102.7,-74.1,0,0,17:10:05
1.15,-0.83,89.3,102.7,-74.1,0,0,17:10:10
1.15,-0.82,89.3,102.7,-73.2,0,0,17:10:15
1.15,-0.83,89.3,102.7,-74.1,0,0,17:10:20
1.14,-0.82,89.3,101.8,-73.2,0,0,17:10:25
1.14,-0.81,89.3,101.8,-72.3,0,0,17:10:30
1.13,-0.8,89.3,100.9,-71.4,0,0,17:10:35
1.12,-0.8,89.3,100,-71.4,0,0,17:10:40
1.13,-0.81,89.3,100.9,-72.3,0,0,17:10:45
1.13,-0.81,89.3,100.9,-72.3,0,0,17:10:50
1.12,-0.8,89.3,100,-71.4,0,0,17:10:55
1.12,-0.8,89.3,100,-71.4,0,0,17:11:00
1.12,-0.8,89.3,100,-71.4,0,0,17:11:05
1.13,-0.81,89.3,100.9,-72.3,0,0,17:11:10
1.13,-0.8,89.3,100.9,-71.4,0,0,17:11:15
1.14,-0.81,89.3,101.8,-72.3,0,0,17:11:20
1.14,-0.82,89.3,101.8,-73.2,0,0,17:11:25
1.15,-0.83,89.3,102.7,-74.1,0,0,17:11:30
1.16,-0.83,89.3,103.6,-74.1,0,0,17:11:35
1.18,-0.85,89.3,105.4,-75.9,0,0,17:11:40
1.21,-0.88,89.3,108.1,-78.6,0,0,17:11:45
1.26,-0.93,89.3,112.5,-83,0,0,17:11:50
1.45,-1.1,89.4,129.6,-98.3,0,0,17:11:55
1.92,-1.53,89.5,171.8,-136.9,0,0,17:12:00
2.67,-2.23,89.5,239,-199.6,0,0,17:12:05
3.96,-3.42,89.7,355.2,-306.8,0,0,17:12:10
5.1,-4.48,89.9,458.5,-402.8,0,0,17:12:15
5.48,-4.83,90,493.2,-434.7,0,0,17:12:20
5.73,-5.08,90,515.7,-457.2,0,0,17:12:25
5.57,-4.92,90,501.3,-442.8,0,0,17:12:30
4.94,-4.33,90,444.6,-389.7,0,0,17:12:35
4.39,-3.82,89.8,394.2,-343,0,0,17:12:40
4.42,-3.84,89.8,396.9,-344.8,0,0,17:12:45
4.27,-3.71,89.9,383.9,-333.5,0,0,17:12:50
3.77,-3.25,89.8,338.5,-291.9,0,0,17:12:55
3.57,-3.05,89.8,320.6,-273.9,0,0,17:13:00
3.77,-3.25,89.8,338.5,-291.9,0,0,17:13:05
4.64,-4.06,90,417.6,-365.4,0,0,17:13:10
5.7,-5.05,90.1,513.6,-455,0,0,17:13:15
6.23,-5.55,90.1,561.3,-500.1,0,0,17:13:20
6.26,-5.57,90.1,564,-501.9,0,0,17:13:25
6.34,-5.63,90.1,571.2,-507.3,0,0,17:13:30
6.7,-5.98,90.3,605,-540,0,0,17:13:35
7.06,-6.31,90.3,637.5,-569.8,0,0,17:13:40
6.65,-5.93,90.3,600.5,-535.5,0,0,17:13:45
5.49,-4.84,90.1,494.6,-436.1,0,0,17:13:50
4.05,-3.5,89.9,364.1,-314.7,0,0,17:13:55
2.78,-2.33,89.8,249.6,-209.2,0,0,17:14:00
1.95,-1.57,89.6,174.7,-140.7,0,0,17:14:05
1.85,-1.46,89.6,165.8,-130.8,0,0,17:14:10
1.87,-1.5,89.6,167.6,-134.4,0,0,17:14:15
2.11,-1.71,89.6,189.1,-153.2,0,0,17:14:20
2.68,-2.24,89.8,240.7,-201.2,0,0,17:14:25
3.07,-2.6,89.8,275.7,-233.5,0,0,17:14:30
3.04,-2.57,89.8,273,-230.8,0,3,17:14:35
2.23,-1.83,89.6,199.8,-164,0,2,17:14:40
1.44,-1.09,89.6,129,-97.7,0,0,17:14:45
1.32,-0.99,89.5,118.1,-88.6,0,3,17:14:50
1.25,-0.93,89.5,111.9,-83.2,0,0,17:14:55
1.22,-0.89,89.5,109.2,-79.7,0,0,17:15:00
1.21,-0.88,89.5,108.3,-78.8,0,0,17:15:05
1.2,-0.86,89.5,107.4,-77,0,0,17:15:10
1.18,-0.85,89.5,105.6,-76.1,0,0,17:15:15
1.17,-0.85,89.5,104.7,-76.1,0,0,17:15:20
1.2,-0.87,89.5,107.4,-77.9,0,0,17:15:25
1.22,-0.9,89.5,109.2,-80.6,0,0,17:15:30
1.23,-0.9,89.5,110.1,-80.6,0,0,17:15:35
1.24,-0.92,89.5,111,-82.3,0,0,17:15:40
1.23,-0.9,89.5,110.1,-80.6,0,0,17:15:45
1.19,-0.86,89.5,106.5,-77,0,0,17:15:50
1.15,-0.83,89.5,102.9,-74.3,0,0,17:15:55
1.13,-0.81,89.5,101.1,-72.5,0,0,17:16:00
1.11,-0.8,89.5,99.3,-71.6,0,0,17:16:05
1.1,-0.79,89.5,98.5,-70.7,0,0,17:16:10
1.09,-0.77,89.5,97.6,-68.9,0,0,17:16:15
1.07,-0.76,89.5,95.8,-68,0,0,17:16:20
1.07,-0.76,89.5,95.8,-68,0,0,17:16:25
1.06,-0.75,89.5,94.9,-67.1,0,0,17:16:30
1.05,-0.74,89.5,94,-66.2,0,0,17:16:35
1.04,-0.73,89.5,93.1,-65.3,0,0,17:16:40
1.05,-0.73,89.5,94,-65.3,0,0,17:16:45
1.05,-0.74,89.5,94,-66.2,0,0,17:16:50
1.12,-0.8,89.5,100.2,-71.6,0,0,17:16:55
1.41,-1.07,89.5,126.2,-95.8,0,0,17:17:00
1.96,-1.57,89.6,175.6,-140.7,0,0,17:17:05
2.16,-1.76,89.6,193.5,-157.7,0,0,17:17:10
2.04,-1.64,89.6,182.8,-146.9,0,0,17:17:15
1.81,-1.43,89.6,162.2,-128.1,0,0,17:17:20
1.59,-1.23,89.5,142.3,-110.1,0,0,17:17:25
1.35,-1.01,89.5,120.8,-90.4,0,0,17:17:30
1.24,-0.91,89.5,111,-81.4,0,0,17:17:35
1.39,-1.05,89.5,124.4,-94,0,0,17:17:40
1.77,-1.4,89.6,158.6,-125.4,0,0,17:17:45
2.25,-1.84,89.6,201.6,-164.9,0,0,17:17:50
2.71,-2.26,89.7,243.1,-202.7,0,0,17:17:55
3.28,-2.8,89.8,294.5,-251.4,0,0,17:18:00
3.61,-3.09,89.8,324.2,-277.5,0,0,17:18:05
3.98,-3.44,89.9,357.8,-309.3,0,0,17:18:10
4.09,-3.54,90,368.1,-318.6,0,0,17:18:15
4.18,-3.62,90,376.2,-325.8,0,0,17:18:20
4.43,-3.86,90,398.7,-347.4,0,0,17:18:25
4.85,-4.24,90,436.5,-381.6,0,0,17:18:30
5.5,-4.85,90.1,495.6,-437,0,0,17:18:35
5.68,-5.01,90.1,511.8,-451.4,0,0,17:18:40
4.79,-4.2,90.1,431.6,-378.4,0,0,17:18:45
3.29,-2.8,89.8,295.4,-251.4,0,0,17:18:50
1.71,-1.34,89.6,153.2,-120.1,0,0,17:18:55
1.08,-0.77,89.6,96.8,-69,0,0,17:19:00
1.05,-0.73,89.6,94.1,-65.4,0,0,17:19:05
1.08,-0.76,89.5,96.7,-68,0,0,17:19:10
1.12,-0.81,89.5,100.2,-72.5,0,0,17:19:15
1.21,-0.88,89.6,108.4,-78.8,0,0,17:19:20
1.32,-0.99,89.6,118.3,-88.7,0,0,17:19:25
1.57,-1.22,89.6,140.7,-109.3,0,0,17:19:30
1.95,-1.56,89.6,174.7,-139.8,0,0,17:19:35
2.48,-2.06,89.7,222.5,-184.8,0,0,17:19:40
3.16,-2.68,89.8,283.8,-240.7,0,0,17:19:45
4.05,-3.51,90,364.5,-315.9,0,0,17:19:50
4.6,-4.02,90,414,-361.8,0,0,17:19:55
4.58,-4,90.1,412.7,-360.4,0,0,17:20:00
4.31,-3.76,90,387.9,-338.4,0,0,17:20:05
4.46,-3.89,90,401.4,-350.1,0,0,17:20:10
5.45,-4.8,90.1,491,-432.5,0,0,17:20:15
6.22,-5.52,90.3,561.7,-498.5,0,0,17:20:20
6.57,-5.85,90.3,593.3,-528.3,0,0,17:20:25
6.75,-6.01,90.4,610.2,-543.3,0,0,17:20:30
6.8,-6.06,90.4,614.7,-547.8,0,0,17:20:35
6.54,-5.81,90.3,590.6,-524.6,0,0,17:20:40
6.16,-5.47,90.3,556.2,-493.9,0,0,17:20:45
5.81,-5.14,90.3,524.6,-464.1,0,0,17:20:50
5.4,-4.76,90.3,487.6,-429.8,0,0,17:20:55
4.74,-4.15,90.1,427.1,-373.9,0,0,17:21:00
3.98,-3.44,90,358.2,-309.6,0,0,17:21:05
3.19,-2.71,90,287.1,-243.9,0,0,17:21:10
2.04,-1.66,89.8,183.2,-149.1,0,0,17:21:15
1.1,-0.79,89.6,98.6,-70.8,0,0,17:21:20
0.97,-0.67,89.6,86.9,-60,0,0,17:21:25
1,-0.68,89.6,89.6,-60.9,0,0,17:21:30
1,-0.68,89.6,89.6,-60.9,0,0,17:21:35
0.99,-0.67,89.6,88.7,-60,0,0,17:21:40
0.98,-0.67,89.6,87.8,-60,0,0,17:21:45
0.98,-0.67,89.6,87.8,-60,0,0,17:21:50
0.98,-0.67,89.6,87.8,-60,0,0,17:21:55
0.97,-0.67,89.6,86.9,-60,0,0,17:22:00
0.97,-0.66,89.6,86.9,-59.1,0,0,17:22:05
0.97,-0.66,89.6,86.9,-59.1,0,0,17:22:10
0.97,-0.66,89.6,86.9,-59.1,0,0,17:22:15
0.97,-0.66,89.6,86.9,-59.1,0,0,17:22:20
0.97,-0.66,89.6,86.9,-59.1,0,0,17:22:25
0.96,-0.66,89.6,86,-59.1,0,0,17:22:30
0.97,-0.67,89.5,86.8,-60,0,0,17:22:35
0.97,-0.66,89.6,86.9,-59.1,0,0,17:22:40
0.97,-0.66,89.6,86.9,-59.1,0,0,17:22:45
0.98,-0.67,89.6,87.8,-60,0,0,17:22:50
1.06,-0.75,89.6,95,-67.2,0,0,17:22:55
1.42,-1.07,89.6,127.2,-95.9,0,0,17:23:00
2.2,-1.8,89.8,197.6,-161.6,0,0,17:23:05
3.23,-2.74,89.8,290.1,-246.1,0,0,17:23:10
4.71,-4.13,90.1,424.4,-372.1,0,0,17:23:15
5.87,-5.2,90.3,530.1,-469.6,0,0,17:23:20
6.7,-5.97,90.4,605.7,-539.7,0,0,17:23:25
6.95,-6.2,90.4,628.3,-560.5,0,0,17:23:30
6.95,-6.21,90.4,628.3,-561.4,0,0,17:23:35
6.94,-6.19,90.4,627.4,-559.6,0,0,17:23:40
6.92,-6.18,90.4,625.6,-558.7,0,0,17:23:45
6.84,-6.09,90.4,618.3,-550.5,0,0,17:23:50
6.75,-6.02,90.4,610.2,-544.2,0,0,17:23:55
6.29,-5.58,90.4,568.6,-504.4,0,0,17:24:00
5.68,-5.02,90.3,512.9,-453.3,0,0,17:24:05
4.95,-4.34,90.3,447,-391.9,0,0,17:24:10
4.71,-4.12,90.2,424.8,-371.6,0,0,17:24:15
4.16,-3.61,90.1,374.8,-325.3,0,0,17:24:20
3.22,-2.74,90,289.8,-246.6,0,0,17:24:25
2.1,-1.7,89.8,188.6,-152.7,0,0,17:24:30
1.22,-0.88,89.8,109.6,-79,0,0,17:24:35
0.9,-0.6,89.6,80.6,-53.8,0,0,17:24:40
0.9,-0.59,89.6,80.6,-52.9,0,0,17:24:45
0.89,-0.57,89.6,79.7,-51.1,0,0,17:24:50
0.88,-0.58,89.6,78.8,-52,0,0,17:24:55
0.87,-0.56,89.6,78,-50.2,0,0,17:25:00
0.86,-0.56,89.6,77.1,-50.2,0,0,17:25:05
0.85,-0.54,89.6,76.2,-48.4,0,0,17:25:10
0.84,-0.54,89.6,75.3,-48.4,0,0,17:25:15
0.83,-0.54,89.6,74.4,-48.4,0,0,17:25:20
0.83,-0.53,89.6,74.4,-47.5,0,0,17:25:25
0.82,-0.53,89.6,73.5,-47.5,0,0,17:25:30
0.82,-0.52,89.6,73.5,-46.6,0,0,17:25:35
0.81,-0.51,89.6,72.6,-45.7,0,0,17:25:40
0.81,-0.51,89.6,72.6,-45.7,0,0,17:25:45
0.8,-0.5,89.6,71.7,-44.8,0,0,17:25:50
0.8,-0.5,89.6,71.7,-44.8,0,0,17:25:55
0.79,-0.5,89.6,70.8,-44.8,0,0,17:26:00
0.79,-0.5,89.6,70.8,-44.8,0,0,17:26:05
0.78,-0.49,89.6,69.9,-43.9,0,0,17:26:10
0.78,-0.48,89.6,69.9,-43,0,0,17:26:15
0.77,-0.48,89.6,69,-43,0,0,17:26:20
0.76,-0.48,89.6,68.1,-43,0,0,17:26:25
0.76,-0.47,89.6,68.1,-42.1,0,0,17:26:30
0.75,-0.47,89.6,67.2,-42.1,0,0,17:26:35
0.75,-0.46,89.6,67.2,-41.2,0,0,17:26:40
0.74,-0.46,89.6,66.3,-41.2,0,0,17:26:45
0.74,-0.46,89.6,66.3,-41.2,0,0,17:26:50
0.73,-0.45,89.6,65.4,-40.3,0,0,17:26:55
0.73,-0.44,89.6,65.4,-39.4,0,0,17:27:00
0.72,-0.44,89.6,64.5,-39.4,0,0,17:27:05
0.71,-0.43,89.6,63.6,-38.5,0,0,17:27:10
0.71,-0.43,89.6,63.6,-38.5,0,0,17:27:15
0.71,-0.43,89.6,63.6,-38.5,0,0,17:27:20
0.7,-0.41,89.6,62.7,-36.7,0,0,17:27:25
0.69,-0.41,89.6,61.8,-36.7,0,0,17:27:30
0.69,-0.4,89.6,61.8,-35.8,0,0,17:27:35
0.69,-0.4,89.6,61.8,-35.8,0,0,17:27:40
0.68,-0.4,89.6,60.9,-35.8,0,0,17:27:45
0.68,-0.4,89.6,60.9,-35.8,0,0,17:27:50
0.67,-0.38,89.6,60,-34,0,0,17:27:55
0.67,-0.39,89.6,60,-34.9,0,0,17:28:00
0.67,-0.38,89.6,60,-34,0,0,17:28:05
0.66,-0.38,89.6,59.1,-34,0,0,17:28:10
0.66,-0.37,89.6,59.1,-33.2,0,0,17:28:15
0.65,-0.37,89.6,58.2,-33.2,0,0,17:28:20
0.65,-0.36,89.6,58.2,-32.3,0,0,17:28:25
0.65,-0.36,89.6,58.2,-32.3,0,0,17:28:30
0.64,-0.35,89.6,57.3,-31.4,0,0,17:28:35
0.64,-0.35,89.5,57.3,-31.3,0,0,17:28:40
0.63,-0.35,89.6,56.4,-31.4,0,0,17:28:45
0.62,-0.35,89.6,55.6,-31.4,0,0,17:28:50
0.61,-0.34,89.6,54.7,-30.5,0,0,17:28:55
0.61,-0.33,89.6,54.7,-29.6,0,0,17:29:00
0.6,-0.32,89.6,53.8,-28.7,0,0,17:29:05
0.6,-0.32,89.6,53.8,-28.7,0,0,17:29:10
0.6,-0.32,89.6,53.8,-28.7,0,0,17:29:15
0.6,-0.32,89.6,53.8,-28.7,0,0,17:29:20
0.59,-0.31,89.5,52.8,-27.7,0,0,17:29:25
0.59,-0.31,89.6,52.9,-27.8,0,0,17:29:30
0.59,-0.31,89.6,52.9,-27.8,0,0,17:29:35
0.59,-0.31,89.6,52.9,-27.8,0,0,17:29:40
0.6,-0.32,89.6,53.8,-28.7,0,0,17:29:45
0.6,-0.32,89.6,53.8,-28.7,0,0,17:29:50
0.56,-0.28,89.5,50.1,-25.1,0,0,17:29:55
0.49,-0.21,89.5,43.9,-18.8,0,0,17:30:00
0.52,-0.25,89.6,46.6,-22.4,0,0,17:30:05
0.51,-0.24,89.5,45.6,-21.5,0,0,17:30:10
0.52,-0.25,89.6,46.6,-22.4,0,0,17:30:15
0.53,-0.26,89.6,47.5,-23.3,0,0,17:30:20
0.53,-0.25,89.6,47.5,-22.4,0,0,17:30:25
0.53,-0.26,89.5,47.4,-23.3,0,0,17:30:30
0.52,-0.26,89.5,46.5,-23.3,0,0,17:30:35
0.53,-0.26,89.5,47.4,-23.3,0,0,17:30:40
0.53,-0.25,89.6,47.5,-22.4,0,0,17:30:45
0.53,-0.25,89.5,47.4,-22.4,0,0,17:30:50
0.52,-0.26,89.5,46.5,-23.3,0,0,17:30:55
0.53,-0.25,89.5,47.4,-22.4,0,0,17:31:00
0.52,-0.25,89.5,46.5,-22.4,0,0,17:31:05
0.52,-0.25,89.6,46.6,-22.4,0,0,17:31:10
0.52,-0.24,89.6,46.6,-21.5,0,0,17:31:15
0.52,-0.25,89.5,46.5,-22.4,0,0,17:31:20
0.52,-0.24,89.5,46.5,-21.5,0,0,17:31:25
0.52,-0.25,89.6,46.6,-22.4,0,0,17:31:30
0.51,-0.24,89.5,45.6,-21.5,0,0,17:31:35
0.51,-0.24,89.5,45.6,-21.5,0,0,17:31:40
0.51,-0.24,89.6,45.7,-21.5,0,0,17:31:45
0.51,-0.24,89.5,45.6,-21.5,0,0,17:31:50
0.51,-0.24,89.6,45.7,-21.5,0,0,17:31:55
0.51,-0.23,89.5,45.6,-20.6,0,0,17:32:00
0.5,-0.23,89.5,44.8,-20.6,0,0,17:32:05
0.5,-0.23,89.5,44.8,-20.6,0,0,17:32:10
0.49,-0.23,89.5,43.9,-20.6,0,0,17:32:15
0.49,-0.22,89.6,43.9,-19.7,0,0,17:32:20
0.49,-0.22,89.5,43.9,-19.7,0,0,17:32:25
0.49,-0.22,89.5,43.9,-19.7,0,0,17:32:30
0.48,-0.21,89.5,43,-18.8,0,0,17:32:35
0.48,-0.22,89.6,43,-19.7,0,0,17:32:40
0.48,-0.21,89.6,43,-18.8,0,0,17:32:45
0.48,-0.2,89.5,43,-17.9,0,0,17:32:50
0.47,-0.2,89.5,42.1,-17.9,0,0,17:32:55
0.47,-0.2,89.6,42.1,-17.9,0,0,17:33:00
0.46,-0.2,89.5,41.2,-17.9,0,0,17:33:05
0.44,-0.18,89.5,39.4,-16.1,0,0,17:33:10
0.43,-0.17,89.5,38.5,-15.2,0,0,17:33:15
0.43,-0.17,89.5,38.5,-15.2,0,0,17:33:20
0.4,-0.14,89.5,35.8,-12.5,0,0,17:33:25
0.41,-0.15,89.5,36.7,-13.4,0,0,17:33:30
0.41,-0.16,89.5,36.7,-14.3,0,0,17:33:35
0.37,-0.1,89.5,33.1,-9,0,0,17:33:40
0.38,-0.12,89.5,34,-10.7,0,0,17:33:45
0.35,-0.09,89.5,31.3,-8.1,0,0,17:33:50
0.36,-0.1,89.5,32.2,-9,0,0,17:33:55
0.38,-0.11,89.5,34,-9.8,0,0,17:34:00
0.37,-0.1,89.5,33.1,-9,0,0,17:34:05
0.36,-0.09,89.5,32.2,-8.1,0,0,17:34:10
0.35,-0.09,89.5,31.3,-8.1,0,0,17:34:15
0.32,-0.07,89.5,28.6,-6.3,0,2,17:34:20
0.31,-0.05,89.5,27.7,-4.5,0,2,17:34:25
0.3,-0.06,89.5,26.9,-5.4,0,3,17:34:30
0.3,-0.05,89.5,26.9,-4.5,0,3,17:34:35
0.3,-0.05,89.5,26.9,-4.5,0,3,17:34:40
0.3,-0.05,89.5,26.9,-4.5,0,3,17:34:45
0.3,-0.05,89.5,26.9,-4.5,0,2,17:34:50
0.29,-0.03,89.5,26,-2.7,0,3,17:34:55
0.29,-0.04,89.5,26,-3.6,0,3,17:35:00
0.28,-0.03,89.5,25.1,-2.7,0,3,17:35:05
0.27,-0.03,89.5,24.2,-2.7,0,0,17:35:10
0.28,-0.03,89.5,25.1,-2.7,0,0,17:35:15
0.28,-0.03,89.5,25.1,-2.7,0,0,17:35:20
0.29,-0.04,89.5,26,-3.6,0,0,17:35:25
0.29,-0.04,89.5,26,-3.6,0,0,17:35:30
0.28,-0.03,89.5,25.1,-2.7,0,0,17:35:35
0.26,-0.02,89.5,23.3,-1.8,0,0,17:35:40
0.26,-0.02,89.5,23.3,-1.8,0,0,17:35:45
0.25,-0.01,89.5,22.4,-0.9,0,0,17:35:50
0.25,-0.02,89.5,22.4,-1.8,0,0,17:35:55
0.25,-0.01,89.5,22.4,-0.9,0,0,17:36:00
0.24,0,89.5,21.5,0,0,0,17:36:05
0.24,0,89.5,21.5,0,0,0,17:36:10
0.23,0,89.5,20.6,0,0,0,17:36:15
0.24,-0.01,89.5,21.5,-0.9,0,0,17:36:20
0.25,-0.01,89.5,22.4,-0.9,0,0,17:36:25
0.25,0,89.5,22.4,0,0,0,17:36:30
0.23,0,89.5,20.6,0,0,0,17:36:35
0.23,0,89.5,20.6,0,0,0,17:36:40
0.23,0,89.5,20.6,0,0,3,17:36:45
0.23,0,89.5,20.6,0,0,0,17:36:50
0.23,0,89.5,20.6,0,0,0,17:36:55
0.23,0,89.5,20.6,0,0,0,17:37:00
0.23,0,89.5,20.6,0,0,0,17:37:05
0.23,0,89.5,20.6,0,0,0,17:37:10
0.23,0,89.5,20.6,0,0,0,17:37:15
0.23,0,89.5,20.6,0,0,0,17:37:20
0.23,0,89.5,20.6,0,0,2,17:37:25
0.23,0,89.5,20.6,0,0,3,17:37:30
0.23,0,89.5,20.6,0,0,3,17:37:35
0.23,0,89.5,20.6,0,0,3,17:37:40
0.23,0,89.5,20.6,0,0,2,17:37:45
0.23,0,89.5,20.6,0,0,0,17:37:50
0.23,0,89.5,20.6,0,0,0,17:37:55
0.24,0,89.5,21.5,0,0,0,17:38:00
0.23,0,89.5,20.6,0,0,0,17:38:05
0.22,0.01,89.5,19.7,0.9,0,0,17:38:10
0.23,0.01,89.5,20.6,0.9,0,0,17:38:15
0.23,0,89.5,20.6,0,0,0,17:38:20
0.25,-0.01,89.5,22.4,-0.9,0,0,17:38:25
0.25,-0.02,89.5,22.4,-1.8,0,0,17:38:30
0.26,-0.02,89.5,23.3,-1.8,0,0,17:38:35
0.25,-0.02,89.5,22.4,-1.8,0,0,17:38:40
0.24,0,89.5,21.5,0,0,0,17:38:45
0.23,0,89.5,20.6,0,0,3,17:38:50
0.22,0,89.5,19.7,0,0,0,17:38:55
0.22,0,89.5,19.7,0,0,0,17:39:00
0.22,0.01,89.5,19.7,0.9,0,3,17:39:05
0.23,0,89.5,20.6,0,0,0,17:39:10
0.23,0,89.5,20.6,0,0,6,17:39:15
0.23,0,89.5,20.6,0,0,0,17:39:20
0.22,0.01,89.5,19.7,0.9,0,0,17:39:25
0.22,0.01,89.5,19.7,0.9,0,0,17:39:30
0.22,0.01,89.5,19.7,0.9,0,0,17:39:35
0.24,0,89.5,21.5,0,0,0,17:39:40
0.25,-0.01,89.5,22.4,-0.9,0,0,17:39:45
0.25,-0.01,89.5,22.4,-0.9,0,0,17:39:50
0.25,0,89.5,22.4,0,0,0,17:39:55
0.25,-0.01,89.5,22.4,-0.9,0,0,17:40:00
0.25,-0.01,89.5,22.4,-0.9,0,0,17:40:05
0.25,-0.01,89.5,22.4,-0.9,0,0,17:40:10
0.25,-0.01,89.5,22.4,-0.9,0,0,17:40:15
0.25,0,89.5,22.4,0,0,0,17:40:20
0.25,0,89.5,22.4,0,0,0,17:40:25
0.25,0,89.5,22.4,0,0,0,17:40:30
0.24,0,89.5,21.5,0,0,0,17:40:35
0.24,0,89.5,21.5,0,0,0,17:40:40
0.24,0,89.5,21.5,0,0,0,17:40:45
0.24,0,89.5,21.5,0,0,0,17:40:50
0.24,0,89.5,21.5,0,0,0,17:40:55
0.24,0,89.5,21.5,0,0,0,17:41:00
0.24,0,89.5,21.5,0,0,0,17:41:05
0.23,0,89.5,20.6,0,0,0,17:41:10
0.24,0,89.5,21.5,0,0,0,17:41:15
0.23,0,89.5,20.6,0,0,0,17:41:20
0.21,0.01,89.5,18.8,0.9,0,0,17:41:25
0.21,0.01,89.5,18.8,0.9,0,0,17:41:30
0.23,0,89.5,20.6,0,0,0,17:41:35
0.22,0,89.5,19.7,0,0,0,17:41:40
0.21,0.01,89.5,18.8,0.9,0,0,17:41:45
0.21,0.01,89.5,18.8,0.9,0,0,17:41:50
0.22,0.01,89.5,19.7,0.9,0,0,17:41:55
0.21,0.01,89.5,18.8,0.9,0,0,17:42:00
0.21,0.01,89.5,18.8,0.9,0,0,17:42:05
0.21,0.01,89.5,18.8,0.9,0,0,17:42:10
0.22,0.01,89.5,19.7,0.9,0,0,17:42:15
0.22,0.01,89.5,19.7,0.9,0,0,17:42:20
0.22,0.01,89.5,19.7,0.9,0,0,17:42:25
0.21,0.01,89.5,18.8,0.9,0,0,17:42:30
0.22,0.01,89.5,19.7,0.9,0,0,17:42:35
0.21,0.01,89.5,18.8,0.9,0,0,17:42:40
0.21,0.01,89.5,18.8,0.9,0,0,17:42:45
0.2,0.02,89.5,17.9,1.8,0,0,17:42:50
0.2,0.02,89.5,17.9,1.8,0,0,17:42:55
0.2,0.02,89.5,17.9,1.8,0,0,17:43:00
0.2,0.02,89.5,17.9,1.8,0,0,17:43:05
0.2,0.01,89.5,17.9,0.9,0,0,17:43:10
0.2,0.02,89.5,17.9,1.8,0,0,17:43:15
0.2,0.02,89.5,17.9,1.8,0,0,17:43:20
0.2,0.02,89.5,17.9,1.8,0,0,17:43:25
0.2,0.02,89.5,17.9,1.8,0,0,17:43:30
0.2,0.02,89.5,17.9,1.8,0,0,17:43:35
0.2,0.02,89.5,17.9,1.8,0,0,17:43:40
0.2,0.02,89.5,17.9,1.8,0,0,17:43:45
0.2,0.02,89.5,17.9,1.8,0,0,17:43:50
0.2,0.02,89.5,17.9,1.8,0,0,17:43:55
0.2,0.02,89.5,17.9,1.8,0,0,17:44:00
0.19,0.02,89.5,17,1.8,0,0,17:44:05
0.19,0.02,89.5,17,1.8,0,0,17:44:10
0.19,0.02,89.5,17,1.8,0,0,17:44:15
0.19,0.02,89.5,17,1.8,0,0,17:44:20
0.19,0.02,89.5,17,1.8,0,0,17:44:25
0.18,0.02,89.5,16.1,1.8,0,0,17:44:30
0.18,0.04,89.5,16.1,3.6,0,0,17:44:35
0.18,0.03,89.5,16.1,2.7,0,0,17:44:40
0.18,0.03,89.5,16.1,2.7,0,0,17:44:45
0.17,0.03,89.5,15.2,2.7,0,0,17:44:50
0.18,0.02,89.5,16.1,1.8,0,0,17:44:55
0.17,0.04,89.5,15.2,3.6,0,0,17:45:00
