Solar[A],Battery[A],Main_Volt[V],Solar_Watt[W],Battery_Watt[W],Sub_Volt[V],Speed[kmh],time
2.8,-2.31,89.8,251.4,-207.4,0,0,7:04:30
2.83,-2.33,89.8,254.1,-209.2,0,0,7:04:35
2.86,-2.36,89.9,257.1,-212.2,0,0,7:04:40
2.87,-2.37,89.9,258,-213.1,0,0,7:04:45
2.88,-2.42,90,259.2,-217.8,0,0,7:04:50
2.91,-2.41,89.9,261.6,-216.7,0,0,7:04:55
2.92,-2.43,90,262.8,-218.7,0,0,7:05:00
2.94,-2.45,90,264.6,-220.5,0,0,7:05:05
2.97,-2.47,90,267.3,-222.3,0,0,7:05:10
2.99,-2.48,90,269.1,-223.2,0,0,7:05:15
3,-2.5,90,270,-225,0,0,7:05:20
3.02,-2.52,90,271.8,-226.8,0,3,7:05:25
3.04,-2.54,89.9,273.3,-228.3,0,0,7:05:30
3.05,-2.56,90,274.5,-230.4,0,0,7:05:35
3.08,-2.58,90,277.2,-232.2,0,0,7:05:40
3.08,-2.58,90,277.2,-232.2,0,0,7:05:45
3.1,-2.59,90,279,-233.1,0,0,7:05:50
3.12,-2.6,90,280.8,-234,0,0,7:05:55
3.15,-2.63,90,283.5,-236.7,0,0,7:06:00
3.17,-2.65,90,285.3,-238.5,0,0,7:06:05
3.19,-2.66,90,287.1,-239.4,0,0,7:06:10
3.2,-2.7,90,288,-243,0,0,7:06:15
3.22,-2.7,90,289.8,-243,0,0,7:06:20
3.24,-2.73,90,291.6,-245.7,0,0,7:06:25
3.26,-2.74,90,293.4,-246.6,0,0,7:06:30
3.29,-2.76,90,296.1,-248.4,0,0,7:06:35
3.3,-2.78,90,297,-250.2,0,0,7:06:40
3.31,-2.79,90,297.9,-251.1,0,0,7:06:45
3.34,-2.81,90,300.6,-252.9,0,0,7:06:50
3.35,-2.84,90.1,301.8,-255.9,0,0,7:06:55
3.37,-2.87,90,303.3,-258.3,0,0,7:07:00
3.4,-2.88,90,306,-259.2,0,0,7:07:05
3.42,-2.91,90.1,308.1,-262.2,0,0,7:07:10
3.44,-2.92,90.1,309.9,-263.1,0,0,7:07:15
3.44,-2.93,90.1,309.9,-264,0,0,7:07:20
3.47,-2.95,90.1,312.6,-265.8,0,0,7:07:25
3.48,-2.96,90.1,313.5,-266.7,0,0,7:07:30
3.49,-2.98,90.1,314.4,-268.5,0,0,7:07:35
3.5,-2.99,90.1,315.4,-269.4,0,0,7:07:40
3.51,-2.99,90.1,316.3,-269.4,0,0,7:07:45
3.53,-3.01,90.1,318.1,-271.2,0,0,7:07:50
3.54,-3.02,90.1,319,-272.1,0,0,7:07:55
3.56,-3.04,90.1,320.8,-273.9,0,0,7:08:00
3.58,-3.06,90.1,322.6,-275.7,0,0,7:08:05
3.59,-3.07,90.1,323.5,-276.6,0,0,7:08:10
3.6,-3.07,90.1,324.4,-276.6,0,0,7:08:15
3.61,-3.08,90.1,325.3,-277.5,0,0,7:08:20
3.63,-3.1,90.1,327.1,-279.3,0,0,7:08:25
3.64,-3.11,90.1,328,-280.2,0,0,7:08:30
3.65,-3.12,90.1,328.9,-281.1,0,0,7:08:35
3.66,-3.14,90.1,329.8,-282.9,0,0,7:08:40
3.68,-3.15,90.1,331.6,-283.8,0,0,7:08:45
3.7,-3.17,90.1,333.4,-285.6,0,0,7:08:50
3.71,-3.18,90.1,334.3,-286.5,0,0,7:08:55
3.73,-3.2,90.1,336.1,-288.3,0,0,7:09:00
3.74,-3.21,90.1,337,-289.2,0,0,7:09:05
3.77,-3.23,90.1,339.7,-291,0,0,7:09:10
3.78,-3.23,90.1,340.6,-291,0,0,7:09:15
3.79,-3.25,90.1,341.5,-292.8,0,0,7:09:20
3.81,-3.27,90.2,343.7,-295,0,0,7:09:25
3.83,-3.3,90.2,345.5,-297.7,0,0,7:09:30
3.84,-3.31,90.2,346.4,-298.6,0,0,7:09:35
3.86,-3.31,90.2,348.2,-298.6,0,0,7:09:40
3.88,-3.33,90.2,350,-300.4,0,0,7:09:45
3.9,-3.35,90.2,351.8,-302.2,0,0,7:09:50
3.92,-3.37,90.3,354,-304.3,0,0,7:09:55
3.93,-3.39,90.2,354.5,-305.8,0,0,7:10:00
3.95,-3.4,90.3,356.7,-307,0,0,7:10:05
3.96,-3.4,90.3,357.6,-307,0,0,7:10:10
3.97,-3.42,90.3,358.5,-308.8,0,0,7:10:15
4,-3.44,90.3,361.2,-310.6,0,0,7:10:20
4.01,-3.45,90.3,362.1,-311.5,0,0,7:10:25
4.02,-3.47,90.3,363,-313.3,0,0,7:10:30
4.03,-3.48,90.3,363.9,-314.2,0,0,7:10:35
4.06,-3.49,90.3,366.6,-315.1,0,0,7:10:40
4.07,-3.52,90.3,367.5,-317.9,0,0,7:10:45
4.09,-3.52,90.3,369.3,-317.9,0,0,7:10:50
4.06,-3.5,90.3,366.6,-316.1,0,0,7:10:55
4.12,-3.56,90.3,372,-321.5,0,0,7:11:00
4.11,-3.55,90.3,371.1,-320.6,0,0,7:11:05
4.11,-3.55,90.3,371.1,-320.6,0,0,7:11:10
4.13,-3.57,90.3,372.9,-322.4,0,0,7:11:15
4.12,-3.55,90.3,372,-320.6,0,0,7:11:20
4.14,-3.57,90.3,373.8,-322.4,0,0,7:11:25
4.16,-3.59,90.3,375.6,-324.2,0,0,7:11:30
4.19,-3.62,90.3,378.4,-326.9,0,0,7:11:35
4.2,-3.63,90.3,379.3,-327.8,0,0,7:11:40
4.21,-3.65,90.3,380.2,-329.6,0,0,7:11:45
4.23,-3.66,90.3,382,-330.5,0,0,7:11:50
4.27,-3.7,90.3,385.6,-334.1,0,0,7:11:55
4.29,-3.71,90.3,387.4,-335,0,0,7:12:00
4.3,-3.72,90.3,388.3,-335.9,0,0,7:12:05
4.31,-3.74,90.4,389.6,-338.1,0,0,7:12:10
4.33,-3.76,90.3,391,-339.5,0,0,7:12:15
4.34,-3.77,90.3,391.9,-340.4,0,0,7:12:20
4.37,-3.79,90.3,394.6,-342.2,0,0,7:12:25
4.39,-3.8,90.4,396.9,-343.5,0,0,7:12:30
4.4,-3.82,90.3,397.3,-344.9,0,0,7:12:35
4.42,-3.83,90.4,399.6,-346.2,0,0,7:12:40
4.44,-3.85,90.4,401.4,-348,0,0,7:12:45
4.44,-3.86,90.4,401.4,-348.9,0,0,7:12:50
4.45,-3.87,90.4,402.3,-349.8,0,0,7:12:55
4.47,-3.89,90.4,404.1,-351.7,0,0,7:13:00
4.48,-3.89,90.4,405,-351.7,0,0,7:13:05
4.5,-3.91,90.4,406.8,-353.5,0,0,7:13:10
4.5,-3.92,90.4,406.8,-354.4,0,0,7:13:15
4.5,-3.92,90.4,406.8,-354.4,0,0,7:13:20
4.48,-3.88,90.4,405,-350.8,0,0,7:13:25
4.52,-3.93,90.4,408.6,-355.3,0,0,7:13:30
4.53,-3.95,90.4,409.5,-357.1,0,0,7:13:35
4.54,-3.95,90.4,410.4,-357.1,0,0,7:13:40
4.56,-3.96,90.4,412.2,-358,0,0,7:13:45
4.57,-3.97,90.4,413.1,-358.9,0,0,7:13:50
4.59,-3.99,90.4,414.9,-360.7,0,0,7:13:55
4.59,-4,90.4,414.9,-361.6,0,0,7:14:00
4.61,-4.01,90.4,416.7,-362.5,0,0,7:14:05
4.63,-4.03,90.4,418.6,-364.3,0,0,7:14:10
4.65,-4.05,90.4,420.4,-366.1,0,0,7:14:15
4.67,-4.07,90.4,422.2,-367.9,0,0,7:14:20
4.67,-4.07,90.4,422.2,-367.9,0,0,7:14:25
4.69,-4.08,90.5,424.4,-369.2,0,0,7:14:30
4.69,-4.08,90.4,424,-368.8,0,0,7:14:35
4.69,-4.09,90.4,424,-369.7,0,0,7:14:40
4.73,-4.13,90.5,428.1,-373.8,0,0,7:14:45
4.74,-4.14,90.5,429,-374.7,0,0,7:14:50
4.77,-4.16,90.5,431.7,-376.5,0,0,7:14:55
4.78,-4.17,90.5,432.6,-377.4,0,0,7:15:00
4.79,-4.18,90.5,433.5,-378.3,0,0,7:15:05
4.82,-4.2,90.5,436.2,-380.1,0,0,7:15:10
4.82,-4.21,90.6,436.7,-381.4,0,0,7:15:15
4.83,-4.22,90.6,437.6,-382.3,0,0,7:15:20
4.84,-4.22,90.6,438.5,-382.3,0,0,7:15:25
4.86,-4.24,90.6,440.3,-384.1,0,0,7:15:30
4.87,-4.26,90.6,441.2,-386,0,0,7:15:35
4.89,-4.27,90.6,443,-386.9,0,0,7:15:40
4.89,-4.27,90.5,442.5,-386.4,0,0,7:15:45
4.91,-4.28,90.6,444.8,-387.8,0,0,7:15:50
4.93,-4.31,90.6,446.7,-390.5,0,0,7:15:55
4.94,-4.32,90.6,447.6,-391.4,0,0,7:16:00
4.95,-4.34,90.5,448,-392.8,0,0,7:16:05
4.97,-4.34,90.6,450.3,-393.2,0,0,7:16:10
4.99,-4.36,90.6,452.1,-395,0,0,7:16:15
5,-4.37,90.6,453,-395.9,0,0,7:16:20
5.01,-4.38,90.6,453.9,-396.8,0,0,7:16:25
5.02,-4.39,90.6,454.8,-397.7,0,0,7:16:30
5.02,-4.4,90.6,454.8,-398.6,0,0,7:16:35
5.05,-4.41,90.6,457.5,-399.5,0,0,7:16:40
5.05,-4.41,90.6,457.5,-399.5,0,0,7:16:45
5.06,-4.43,90.6,458.4,-401.4,0,0,7:16:50
5.09,-4.45,90.6,461.2,-403.2,0,0,7:16:55
5.11,-4.48,90.6,463,-405.9,0,0,7:17:00
5.12,-4.49,90.6,463.9,-406.8,0,0,7:17:05
5.14,-4.5,90.6,465.7,-407.7,0,0,7:17:10
5.14,-4.51,90.6,465.7,-408.6,0,0,7:17:15
5.15,-4.51,90.6,466.6,-408.6,0,0,7:17:20
5.16,-4.53,90.6,467.5,-410.4,0,0,7:17:25
5.18,-4.55,90.6,469.3,-412.2,0,0,7:17:30
5.19,-4.55,90.7,470.7,-412.7,0,0,7:17:35
5.18,-4.54,90.6,469.3,-411.3,0,0,7:17:40
5.2,-4.56,90.6,471.1,-413.1,0,0,7:17:45
5.21,-4.57,90.6,472,-414,0,0,7:17:50
5.21,-4.57,90.7,472.5,-414.5,0,0,7:17:55
5.24,-4.59,90.6,474.7,-415.9,0,0,7:18:00
5.24,-4.58,90.6,474.7,-414.9,0,0,7:18:05
5.24,-4.59,90.7,475.3,-416.3,0,0,7:18:10
5.25,-4.61,90.7,476.2,-418.1,0,0,7:18:15
5.26,-4.62,90.7,477.1,-419,0,0,7:18:20
5.24,-4.6,90.7,475.3,-417.2,0,0,7:18:25
5.25,-4.62,90.7,476.2,-419,0,0,7:18:30
5.22,-4.58,90.7,473.5,-415.4,0,0,7:18:35
5.26,-4.63,90.7,477.1,-419.9,0,0,7:18:40
5.26,-4.62,90.7,477.1,-419,0,0,7:18:45
5.25,-4.61,90.7,476.2,-418.1,0,0,7:18:50
5.28,-4.64,90.7,478.9,-420.8,0,0,7:18:55
5.3,-4.66,90.7,480.7,-422.7,0,0,7:19:00
5.31,-4.66,90.7,481.6,-422.7,0,0,7:19:05
5.27,-4.63,90.7,478,-419.9,0,0,7:19:10
5.32,-4.67,90.7,482.5,-423.6,0,0,7:19:15
5.31,-4.66,90.7,481.6,-422.7,0,0,7:19:20
5.27,-4.63,90.7,478,-419.9,0,0,7:19:25
5.41,-4.75,90.7,490.7,-430.8,0,0,7:19:30
5.44,-4.79,90.7,493.4,-434.5,0,0,7:19:35
5.48,-4.82,90.7,497,-437.2,0,0,7:19:40
5.49,-4.84,90.7,497.9,-439,0,0,7:19:45
5.5,-4.84,90.7,498.9,-439,0,0,7:19:50
5.52,-4.85,90.8,501.2,-440.4,0,0,7:19:55
5.53,-4.86,90.7,501.6,-440.8,0,0,7:20:00
5.55,-4.88,90.8,503.9,-443.1,0,0,7:20:05
5.56,-4.89,90.8,504.8,-444,0,0,7:20:10
5.56,-4.89,90.8,504.8,-444,0,0,7:20:15
5.58,-4.91,90.8,506.7,-445.8,0,0,7:20:20
5.59,-4.91,90.9,508.1,-446.3,0,0,7:20:25
5.61,-4.94,90.8,509.4,-448.6,0,0,7:20:30
5.62,-4.95,90.9,510.9,-450,0,0,7:20:35
5.62,-4.95,90.9,510.9,-450,0,0,7:20:40
5.54,-4.87,90.9,503.6,-442.7,0,0,7:20:45
5.64,-4.97,90.9,512.7,-451.8,0,0,7:20:50
5.49,-4.83,90.8,498.5,-438.6,0,0,7:20:55
5.49,-4.83,90.8,498.5,-438.6,0,0,7:21:00
5.53,-4.87,90.9,502.7,-442.7,0,0,7:21:05
5.54,-4.88,90.9,503.6,-443.6,0,0,7:21:10
5.56,-4.89,90.9,505.4,-444.5,0,0,7:21:15
5.68,-5.01,90.9,516.3,-455.4,0,0,7:21:20
5.68,-5.01,90.9,516.3,-455.4,0,0,7:21:25
5.69,-5.01,90.9,517.2,-455.4,0,0,7:21:30
5.71,-5.03,90.9,519,-457.2,0,0,7:21:35
5.72,-5.03,90.9,519.9,-457.2,0,0,7:21:40
5.72,-5.04,90.9,519.9,-458.1,0,0,7:21:45
5.74,-5.06,90.9,521.8,-460,0,0,7:21:50
5.75,-5.07,90.9,522.7,-460.9,0,0,7:21:55
5.76,-5.08,90.9,523.6,-461.8,0,0,7:22:00
5.78,-5.1,90.9,525.4,-463.6,0,0,7:22:05
5.78,-5.11,90.9,525.4,-464.5,0,0,7:22:10
5.8,-5.12,90.9,527.2,-465.4,0,0,7:22:15
5.8,-5.12,90.9,527.2,-465.4,0,0,7:22:20
5.84,-5.15,90.9,530.9,-468.1,0,0,7:22:25
5.86,-5.16,90.9,532.7,-469,0,0,7:22:30
5.86,-5.17,90.9,532.7,-470,0,0,7:22:35
5.88,-5.19,90.9,534.5,-471.8,0,0,7:22:40
5.89,-5.2,90.9,535.4,-472.7,0,0,7:22:45
5.91,-5.21,90.9,537.2,-473.6,0,0,7:22:50
5.92,-5.23,90.9,538.1,-475.4,0,0,7:22:55
5.93,-5.24,90.9,539,-476.3,0,0,7:23:00
5.93,-5.24,90.9,539,-476.3,0,0,7:23:05
5.95,-5.26,90.9,540.9,-478.1,0,0,7:23:10
5.96,-5.27,90.9,541.8,-479,0,0,7:23:15
5.95,-5.27,90.9,540.9,-479,0,0,7:23:20
5.96,-5.27,90.9,541.8,-479,0,0,7:23:25
5.97,-5.28,90.9,542.7,-480,0,0,7:23:30
5.98,-5.28,90.9,543.6,-480,0,0,7:23:35
6,-5.31,90.9,545.4,-482.7,0,0,7:23:40
6.01,-5.3,90.9,546.3,-481.8,0,0,7:23:45
6.01,-5.31,91,546.9,-483.2,0,0,7:23:50
6.01,-5.32,90.9,546.3,-483.6,0,0,7:23:55
6.02,-5.33,91,547.8,-485,0,0,7:24:00
6.03,-5.33,91,548.7,-485,0,0,7:24:05
6.05,-5.34,91,550.6,-485.9,0,0,7:24:10
6.06,-5.35,91,551.5,-486.9,0,0,7:24:15
6.08,-5.38,91,553.3,-489.6,0,0,7:24:20
6.08,-5.39,91,553.3,-490.5,0,0,7:24:25
6.1,-5.4,91,555.1,-491.4,0,0,7:24:30
6.1,-5.4,90.9,554.5,-490.9,0,0,7:24:35
6.11,-5.41,91,556,-492.3,0,0,7:24:40
6.11,-5.42,91,556,-493.2,0,0,7:24:45
6.13,-5.43,91,557.8,-494.1,0,0,7:24:50
6.12,-5.42,91,556.9,-493.2,0,0,7:24:55
6.14,-5.43,91,558.7,-494.1,0,0,7:25:00
6.15,-5.44,91,559.7,-495,0,0,7:25:05
6.15,-5.45,91,559.7,-496,0,0,7:25:10
6.17,-5.46,91,561.5,-496.9,0,0,7:25:15
6.19,-5.47,91,563.3,-497.8,0,0,7:25:20
6.2,-5.49,91,564.2,-499.6,0,0,7:25:25
6.2,-5.49,91,564.2,-499.6,0,0,7:25:30
6.2,-5.49,91,564.2,-499.6,0,0,7:25:35
6.22,-5.51,91,566,-501.4,0,0,7:25:40
6.22,-5.52,91,566,-502.3,0,0,7:25:45
6.23,-5.51,91,566.9,-501.4,0,0,7:25:50
6.24,-5.53,91,567.8,-503.2,0,0,7:25:55
6.25,-5.55,91,568.8,-505.1,0,0,7:26:00
6.28,-5.56,91,571.5,-506,0,0,7:26:05
6.27,-5.55,91,570.6,-505.1,0,0,7:26:10
6.27,-5.56,91,570.6,-506,0,0,7:26:15
6.29,-5.56,91.1,573,-506.5,0,0,7:26:20
6.29,-5.57,91.1,573,-507.4,0,0,7:26:25
6.3,-5.59,91.1,573.9,-509.2,0,0,7:26:30
6.32,-5.6,91.1,575.8,-510.2,0,0,7:26:35
6.32,-5.6,91.1,575.8,-510.2,0,0,7:26:40
6.34,-5.62,91.2,578.2,-512.5,0,0,7:26:45
6.35,-5.62,91.1,578.5,-512,0,0,7:26:50
6.36,-5.63,91.1,579.4,-512.9,0,0,7:26:55
6.36,-5.64,91.1,579.4,-513.8,0,0,7:27:00
6.39,-5.66,91.1,582.1,-515.6,0,0,7:27:05
6.41,-5.69,91.2,584.6,-518.9,0,0,7:27:10
6.4,-5.68,91.2,583.7,-518,0,0,7:27:15
6.4,-5.69,91.2,583.7,-518.9,0,0,7:27:20
6.42,-5.69,91.2,585.5,-518.9,0,0,7:27:25
6.41,-5.69,91.2,584.6,-518.9,0,0,7:27:30
6.43,-5.69,91.2,586.4,-518.9,0,0,7:27:35
6.44,-5.72,91.2,587.3,-521.7,0,0,7:27:40
6.43,-5.7,91.2,586.4,-519.8,0,0,7:27:45
6.44,-5.71,91.2,587.3,-520.8,0,0,7:27:50
6.47,-5.73,91.2,590.1,-522.6,0,0,7:27:55
6.49,-5.75,91.2,591.9,-524.4,0,0,7:28:00
6.49,-5.77,91.2,591.9,-526.2,0,0,7:28:05
6.51,-5.78,91.2,593.7,-527.1,0,0,7:28:10
6.52,-5.78,91.2,594.6,-527.1,0,0,7:28:15
6.52,-5.78,91.2,594.6,-527.1,0,0,7:28:20
6.52,-5.78,91.2,594.6,-527.1,0,0,7:28:25
6.52,-5.78,91.2,594.6,-527.1,0,0,7:28:30
6.53,-5.79,91.2,595.5,-528,0,0,7:28:35
6.54,-5.8,91.2,596.4,-529,0,0,7:28:40
6.55,-5.82,91.2,597.4,-530.8,0,0,7:28:45
6.56,-5.82,91.2,598.3,-530.8,0,0,7:28:50
6.58,-5.84,91.2,600.1,-532.6,0,0,7:28:55
6.58,-5.85,91.2,600.1,-533.5,0,0,7:29:00
6.59,-5.85,91.2,601,-533.5,0,0,7:29:05
6.6,-5.86,91.2,601.9,-534.4,0,0,7:29:10
6.61,-5.87,91.2,602.8,-535.3,0,0,7:29:15
6.62,-5.88,91.2,603.7,-536.3,0,0,7:29:20
6.63,-5.89,91.2,604.7,-537.2,0,0,7:29:25
6.63,-5.89,91.2,604.7,-537.2,0,0,7:29:30
6.64,-5.9,91.3,606.2,-538.7,0,0,7:29:35
6.66,-5.91,91.3,608.1,-539.6,0,0,7:29:40
6.66,-5.92,91.3,608.1,-540.5,0,0,7:29:45
6.66,-5.91,91.2,607.4,-539,0,0,7:29:50
6.82,-6.06,91.3,622.7,-553.3,0,0,7:29:55
7,-6.22,91.3,639.1,-567.9,0,0,7:30:00
7.01,-6.23,91.3,640,-568.8,0,0,7:30:05
7.01,-6.23,91.3,640,-568.8,0,0,7:30:10
7.02,-6.23,91.3,640.9,-568.8,0,0,7:30:15
7.02,-6.24,91.3,640.9,-569.7,0,0,7:30:20
7.03,-6.25,91.3,641.8,-570.6,0,0,7:30:25
7.05,-6.29,91.3,643.7,-574.3,0,0,7:30:30
7.05,-6.29,91.3,643.7,-574.3,0,0,7:30:35
7.06,-6.29,91.3,644.6,-574.3,0,0,7:30:40
7.09,-6.31,91.3,647.3,-576.1,0,0,7:30:45
7.08,-6.31,91.3,646.4,-576.1,0,0,7:30:50
7.09,-6.32,91.3,647.3,-577,0,0,7:30:55
7.12,-6.34,91.3,650.1,-578.8,0,0,7:31:00
7.11,-6.33,91.3,649.1,-577.9,0,0,7:31:05
7.12,-6.35,91.4,650.8,-580.4,0,0,7:31:10
7.12,-6.34,91.4,650.8,-579.5,0,0,7:31:15
7.14,-6.37,91.4,652.6,-582.2,0,0,7:31:20
7.15,-6.37,91.5,654.2,-582.9,0,0,7:31:25
7.13,-6.35,91.4,651.7,-580.4,0,0,7:31:30
7.13,-6.35,91.5,652.4,-581,0,0,7:31:35
7.14,-6.36,91.5,653.3,-581.9,0,0,7:31:40
7.16,-6.38,91.4,654.4,-583.1,0,0,7:31:45
7.15,-6.37,91.5,654.2,-582.9,0,0,7:31:50
7.16,-6.38,91.4,654.4,-583.1,0,0,7:31:55
7.19,-6.41,91.5,657.9,-586.5,0,0,7:32:00
7.19,-6.41,91.5,657.9,-586.5,0,0,7:32:05
7.21,-6.43,91.4,659,-587.7,0,0,7:32:10
7.21,-6.43,91.5,659.7,-588.3,0,0,7:32:15
7.22,-6.44,91.5,660.6,-589.3,0,0,7:32:20
7.24,-6.45,91.5,662.5,-590.2,0,0,7:32:25
7.23,-6.46,91.5,661.5,-591.1,0,0,7:32:30
7.24,-6.46,91.5,662.5,-591.1,0,0,7:32:35
7.23,-6.45,91.5,661.5,-590.2,0,0,7:32:40
7.28,-6.49,91.5,666.1,-593.8,0,0,7:32:45
7.29,-6.49,91.5,667,-593.8,0,0,7:32:50
7.3,-6.5,91.5,668,-594.8,0,0,7:32:55
7.3,-6.51,91.5,668,-595.7,0,0,7:33:00
7.31,-6.51,91.5,668.9,-595.7,0,0,7:33:05
7.31,-6.52,91.5,668.9,-596.6,0,0,7:33:10
7.31,-6.52,91.5,668.9,-596.6,0,0,7:33:15
7.31,-6.52,91.5,668.9,-596.6,0,0,7:33:20
7.32,-6.52,91.5,669.8,-596.6,0,0,7:33:25
7.32,-6.52,91.5,669.8,-596.6,0,0,7:33:30
7.32,-6.52,91.5,669.8,-596.6,0,0,7:33:35
7.35,-6.55,91.5,672.5,-599.3,0,0,7:33:40
7.33,-6.54,91.5,670.7,-598.4,0,0,7:33:45
7.36,-6.56,91.5,673.4,-600.2,0,0,7:33:50
7.37,-6.57,91.5,674.4,-601.2,0,0,7:33:55
7.38,-6.59,91.5,675.3,-603,0,0,7:34:00
7.37,-6.58,91.5,674.4,-602.1,0,0,7:34:05
7.39,-6.6,91.5,676.2,-603.9,0,0,7:34:10
7.41,-6.62,91.6,678.8,-606.4,0,0,7:34:15
7.4,-6.61,91.5,677.1,-604.8,0,0,7:34:20
7.43,-6.63,91.6,680.6,-607.3,0,0,7:34:25
7.41,-6.61,91.6,678.8,-605.5,0,0,7:34:30
7.44,-6.63,91.6,681.5,-607.3,0,0,7:34:35
7.45,-6.65,91.6,682.4,-609.1,0,0,7:34:40
7.45,-6.65,91.6,682.4,-609.1,0,0,7:34:45
7.46,-6.65,91.6,683.3,-609.1,0,0,7:34:50
7.46,-6.65,91.6,683.3,-609.1,0,0,7:34:55
7.48,-6.67,91.6,685.2,-611,0,0,7:35:00
7.49,-6.68,91.6,686.1,-611.9,0,0,7:35:05
7.51,-6.71,91.6,687.9,-614.6,0,0,7:35:10
7.52,-6.72,91.6,688.8,-615.6,0,0,7:35:15
7.51,-6.72,91.6,687.9,-615.6,0,0,7:35:20
7.52,-6.72,91.6,688.8,-615.6,0,0,7:35:25
7.54,-6.73,91.6,690.7,-616.5,0,0,7:35:30
7.55,-6.75,91.6,691.6,-618.3,0,0,7:35:35
7.56,-6.75,91.6,692.5,-618.3,0,0,7:35:40
7.56,-6.75,91.6,692.5,-618.3,0,0,7:35:45
7.59,-6.78,91.6,695.2,-621,0,0,7:35:50
7.58,-6.77,91.6,694.3,-620.1,0,0,7:35:55
7.59,-6.78,91.7,696,-621.7,0,0,7:36:00
7.62,-6.8,91.7,698.8,-623.6,0,0,7:36:05
7.6,-6.79,91.7,696.9,-622.6,0,0,7:36:10
7.6,-6.79,91.6,696.2,-622,0,0,7:36:15
7.6,-6.79,91.6,696.2,-622,0,0,7:36:20
7.62,-6.81,91.7,698.8,-624.5,0,0,7:36:25
7.63,-6.81,91.7,699.7,-624.5,0,0,7:36:30
7.63,-6.81,91.7,699.7,-624.5,0,0,7:36:35
7.64,-6.82,91.7,700.6,-625.4,0,0,7:36:40
7.65,-6.83,91.7,701.5,-626.3,0,0,7:36:45
7.63,-6.81,91.7,699.7,-624.5,0,0,7:36:50
7.63,-6.81,91.7,699.7,-624.5,0,0,7:36:55
7.65,-6.84,91.8,702.3,-627.9,0,0,7:37:00
7.66,-6.85,91.8,703.2,-628.8,0,0,7:37:05
7.67,-6.86,91.8,704.1,-629.7,0,0,7:37:10
7.69,-6.87,91.8,705.9,-630.7,0,0,7:37:15
7.68,-6.86,91.8,705,-629.7,0,0,7:37:20
7.67,-6.85,91.8,704.1,-628.8,0,0,7:37:25
7.71,-6.9,91.8,707.8,-633.4,0,0,7:37:30
7.7,-6.89,91.8,706.9,-632.5,0,0,7:37:35
7.73,-6.91,91.8,709.6,-634.3,0,0,7:37:40
7.74,-6.92,91.8,710.5,-635.3,0,0,7:37:45
7.73,-6.92,91.8,709.6,-635.3,0,0,7:37:50
7.77,-6.95,91.8,713.3,-638,0,0,7:37:55
7.75,-6.93,91.8,711.5,-636.2,0,0,7:38:00
7.73,-6.91,91.8,709.6,-634.3,0,0,7:38:05
7.75,-6.93,91.8,711.5,-636.2,0,0,7:38:10
7.75,-6.93,91.8,711.5,-636.2,0,0,7:38:15
7.75,-6.93,91.8,711.5,-636.2,0,0,7:38:20
7.75,-6.93,91.8,711.5,-636.2,0,0,7:38:25
7.76,-6.94,91.8,712.4,-637.1,0,0,7:38:30
7.78,-6.96,91.8,714.2,-638.9,0,0,7:38:35
7.77,-6.95,91.8,713.3,-638,0,0,7:38:40
7.79,-6.96,91.8,715.1,-638.9,0,0,7:38:45
7.8,-6.97,91.8,716,-639.8,0,0,7:38:50
7.79,-6.97,91.9,715.9,-640.5,0,0,7:38:55
7.79,-6.96,91.8,715.1,-638.9,0,0,7:39:00
7.79,-6.97,91.8,715.1,-639.8,0,0,7:39:05
7.81,-6.98,91.8,717,-640.8,0,0,7:39:10
7.82,-6.98,91.9,718.7,-641.5,0,0,7:39:15
7.8,-6.97,91.8,716,-639.8,0,0,7:39:20
7.84,-7,91.9,720.5,-643.3,0,0,7:39:25
7.55,-6.73,91.8,693.1,-617.8,0,0,7:39:30
7.87,-7.04,91.9,723.3,-647,0,0,7:39:35
7.93,-7.1,91.9,728.8,-652.5,0,0,7:39:40
7.93,-7.1,91.8,728,-651.8,0,0,7:39:45
7.95,-7.11,91.9,730.6,-653.4,0,0,7:39:50
7.97,-7.13,91.9,732.4,-655.2,0,0,7:39:55
7.95,-7.11,91.9,730.6,-653.4,0,0,7:40:00
7.96,-7.12,91.9,731.5,-654.3,0,0,7:40:05
7.95,-7.11,91.9,730.6,-653.4,0,0,7:40:10
7.97,-7.14,91.9,732.4,-656.2,0,0,7:40:15
7.99,-7.15,91.9,734.3,-657.1,0,0,7:40:20
8.01,-7.17,91.9,736.1,-658.9,0,0,7:40:25
8,-7.16,91.9,735.2,-658,0,0,7:40:30
8,-7.16,92,736,-658.7,0,0,7:40:35
8,-7.16,92,736,-658.7,0,0,7:40:40
8.02,-7.18,92,737.8,-660.6,0,0,7:40:45
8.04,-7.2,92,739.7,-662.4,0,0,7:40:50
8.06,-7.21,92,741.5,-663.3,0,0,7:40:55
8.08,-7.23,92,743.4,-665.2,0,0,7:41:00
8.08,-7.23,92,743.4,-665.2,0,0,7:41:05
8.1,-7.25,92,745.2,-667,0,0,7:41:10
8.1,-7.25,92.1,746,-667.7,0,0,7:41:15
8.09,-7.25,92.1,745.1,-667.7,0,0,7:41:20
8.1,-7.25,92.1,746,-667.7,0,0,7:41:25
8.09,-7.24,92,744.3,-666.1,0,0,7:41:30
8.1,-7.24,92.1,746,-666.8,0,0,7:41:35
8.1,-7.25,92.1,746,-667.7,0,0,7:41:40
8.13,-7.28,92.1,748.8,-670.5,0,0,7:41:45
8.13,-7.28,92.1,748.8,-670.5,0,0,7:41:50
8.13,-7.28,92.1,748.8,-670.5,0,0,7:41:55
8.13,-7.27,92.1,748.8,-669.6,0,0,7:42:00
8.15,-7.3,92.1,750.6,-672.3,0,0,7:42:05
8.18,-7.33,92.1,753.4,-675.1,0,0,7:42:10
8.17,-7.32,92.1,752.5,-674.2,0,0,7:42:15
8.15,-7.29,92.1,750.6,-671.4,0,0,7:42:20
8.14,-7.3,92.1,749.7,-672.3,0,0,7:42:25
8.18,-7.32,92.1,753.4,-674.2,0,0,7:42:30
8.19,-7.33,92.1,754.3,-675.1,0,0,7:42:35
8.22,-7.36,92.1,757.1,-677.9,0,0,7:42:40
8.19,-7.34,92.1,754.3,-676,0,0,7:42:45
8.16,-7.31,92.1,751.5,-673.3,0,0,7:42:50
8.15,-7.3,92.1,750.6,-672.3,0,0,7:42:55
8.19,-7.34,92.1,754.3,-676,0,0,7:43:00
8.19,-7.35,92.1,754.3,-676.9,0,0,7:43:05
8.19,-7.34,92.1,754.3,-676,0,0,7:43:10
8.21,-7.35,92.1,756.1,-676.9,0,0,7:43:15
8.22,-7.36,92.1,757.1,-677.9,0,0,7:43:20
8.23,-7.38,92.1,758,-679.7,0,0,7:43:25
8.2,-7.35,92.1,755.2,-676.9,0,0,7:43:30
8.23,-7.36,92.1,758,-677.9,0,0,7:43:35
8.25,-7.39,92.1,759.8,-680.6,0,0,7:43:40
8.24,-7.38,92.1,758.9,-679.7,0,0,7:43:45
8.27,-7.41,92.1,761.7,-682.5,0,0,7:43:50
8.27,-7.41,92.1,761.7,-682.5,0,0,7:43:55
8.28,-7.41,92.2,763.4,-683.2,0,0,7:44:00
8.28,-7.42,92.2,763.4,-684.1,0,0,7:44:05
8.28,-7.42,92.2,763.4,-684.1,0,0,7:44:10
8.24,-7.38,92.2,759.7,-680.4,0,0,7:44:15
8.28,-7.42,92.2,763.4,-684.1,0,0,7:44:20
8.3,-7.43,92.2,765.3,-685,0,0,7:44:25
8.3,-7.43,92.2,765.3,-685,0,0,7:44:30
8.34,-7.48,92.2,768.9,-689.7,0,0,7:44:35
8.35,-7.48,92.2,769.9,-689.7,0,0,7:44:40
8.3,-7.43,92.2,765.3,-685,0,0,7:44:45
8.27,-7.41,92.1,761.7,-682.5,0,0,7:44:50
8.27,-7.41,92.2,762.5,-683.2,0,0,7:44:55
8.31,-7.44,92.2,766.2,-686,0,0,7:45:00
8.33,-7.47,92.2,768,-688.7,0,0,7:45:05
8.35,-7.49,92.2,769.9,-690.6,0,0,7:45:10
8.36,-7.5,92.2,770.8,-691.5,0,0,7:45:15
8.36,-7.49,92.2,770.8,-690.6,0,0,7:45:20
8.36,-7.49,92.2,770.8,-690.6,0,0,7:45:25
8.35,-7.49,92.2,769.9,-690.6,0,0,7:45:30
8.35,-7.48,92.2,769.9,-689.7,0,0,7:45:35
8.33,-7.46,92.2,768,-687.8,0,0,7:45:40
8.34,-7.48,92.2,768.9,-689.7,0,0,7:45:45
8.33,-7.46,92.2,768,-687.8,0,0,7:45:50
8.36,-7.5,92.2,770.8,-691.5,0,0,7:45:55
8.38,-7.51,92.2,772.6,-692.4,0,0,7:46:00
8.37,-7.51,92.2,771.7,-692.4,0,0,7:46:05
8.4,-7.52,92.3,775.3,-694.1,0,0,7:46:10
8.38,-7.51,92.3,773.5,-693.2,0,0,7:46:15
8.39,-7.52,92.3,774.4,-694.1,0,0,7:46:20
8.4,-7.53,92.3,775.3,-695,0,0,7:46:25
8.42,-7.55,92.4,778,-697.6,0,0,7:46:30
8.44,-7.56,92.4,779.9,-698.5,0,0,7:46:35
8.44,-7.57,92.3,779,-698.7,0,0,7:46:40
8.44,-7.57,92.4,779.9,-699.5,0,0,7:46:45
8.47,-7.59,92.4,782.6,-701.3,0,0,7:46:50
8.46,-7.59,92.4,781.7,-701.3,0,0,7:46:55
8.47,-7.6,92.4,782.6,-702.2,0,0,7:47:00
8.47,-7.6,92.4,782.6,-702.2,0,0,7:47:05
8.48,-7.61,92.4,783.6,-703.2,0,0,7:47:10
8.51,-7.64,92.4,786.3,-705.9,0,0,7:47:15
8.5,-7.63,92.4,785.4,-705,0,0,7:47:20
8.47,-7.6,92.4,782.6,-702.2,0,0,7:47:25
8.51,-7.64,92.4,786.3,-705.9,0,0,7:47:30
8.5,-7.63,92.4,785.4,-705,0,0,7:47:35
8.49,-7.62,92.4,784.5,-704.1,0,0,7:47:40
8.33,-7.47,92.4,769.7,-690.2,0,0,7:47:45
8.48,-7.61,92.4,783.6,-703.2,0,0,7:47:50
8.48,-7.6,92.4,783.6,-702.2,0,0,7:47:55
8.46,-7.59,92.4,781.7,-701.3,0,0,7:48:00
8.5,-7.63,92.4,785.4,-705,0,0,7:48:05
8.5,-7.63,92.4,785.4,-705,0,0,7:48:10
8.58,-7.69,92.4,792.8,-710.6,0,0,7:48:15
8.48,-7.61,92.4,783.6,-703.2,0,0,7:48:20
8.48,-7.62,92.4,783.6,-704.1,0,0,7:48:25
8.45,-7.58,92.4,780.8,-700.4,0,0,7:48:30
8.45,-7.58,92.4,780.8,-700.4,0,0,7:48:35
8.47,-7.6,92.4,782.6,-702.2,0,0,7:48:40
8.47,-7.59,92.4,782.6,-701.3,0,0,7:48:45
8.49,-7.62,92.4,784.5,-704.1,0,0,7:48:50
8.49,-7.62,92.5,785.3,-704.9,0,0,7:48:55
8.5,-7.63,92.4,785.4,-705,0,0,7:49:00
8.5,-7.63,92.5,786.3,-705.8,0,0,7:49:05
8.52,-7.64,92.5,788.1,-706.7,0,0,7:49:10
8.51,-7.63,92.5,787.2,-705.8,0,0,7:49:15
8.51,-7.63,92.5,787.2,-705.8,0,0,7:49:20
8.53,-7.65,92.5,789,-707.6,0,0,7:49:25
8.51,-7.64,92.5,787.2,-706.7,0,0,7:49:30
8.52,-7.64,92.5,788.1,-706.7,0,0,7:49:35
8.5,-7.63,92.5,786.3,-705.8,0,0,7:49:40
8.52,-7.65,92.5,788.1,-707.6,0,0,7:49:45
8.53,-7.54,92.5,789,-697.5,0,0,7:49:50
8.54,-7.64,92.5,790,-706.7,0,0,7:49:55
8.51,-7.63,92.5,787.2,-705.8,0,0,7:50:00
8.5,-7.62,92.5,786.3,-704.9,0,0,7:50:05
8.39,-7.52,92.5,776.1,-695.6,0,0,7:50:10
8.39,-7.52,92.5,776.1,-695.6,0,0,7:50:15
8.37,-7.5,92.5,774.2,-693.8,0,0,7:50:20
8.35,-7.2,92.5,772.4,-666,0,0,7:50:25
8.38,-7.52,92.5,775.2,-695.6,0,0,7:50:30
8.29,-7.42,92.5,766.8,-686.4,0,0,7:50:35
8.25,-7.39,92.5,763.1,-683.6,0,0,7:50:40
8.22,-7.36,92.5,760.4,-680.8,0,0,7:50:45
8.18,-7.34,92.5,756.7,-679,0,0,7:50:50
8.03,-7.19,92.5,742.8,-665.1,0,0,7:50:55
4.73,-4.12,92,435.2,-379,0,0,7:51:00
2.62,-2.17,91.6,240,-198.8,0,0,7:51:05
1.95,-1.56,91.5,178.4,-142.7,0,0,7:51:10
0.99,-0.68,91.3,90.4,-62.1,0,0,7:51:15
0.82,-0.53,91.3,74.9,-48.4,0,0,7:51:20
0.95,-0.65,91.3,86.7,-59.3,0,0,7:51:25
0.97,-0.66,91.3,88.6,-60.3,0,0,7:51:30
1,-0.69,91.3,91.3,-63,0,0,7:51:35
1.01,-0.7,91.2,92.1,-63.8,0,0,7:51:40
1.01,-0.7,91.2,92.1,-63.8,0,0,7:51:45
1.03,-0.72,91.3,94,-65.7,0,0,7:51:50
1.07,-0.75,91.2,97.6,-68.4,0,0,7:51:55
1.11,-0.79,91.2,101.2,-72,0,0,7:52:00
1.1,-0.79,91.2,100.3,-72,0,0,7:52:05
1.14,-0.82,91.2,104,-74.8,0,0,7:52:10
1.06,-0.75,91.2,96.7,-68.4,0,0,7:52:15
1.05,-0.74,91.2,95.8,-67.5,0,0,7:52:20
1.04,-0.73,91.2,94.8,-66.6,0,0,7:52:25
1.05,-0.74,91.2,95.8,-67.5,0,0,7:52:30
1.01,-0.69,91.2,92.1,-62.9,0,0,7:52:35
1.01,-0.7,91.2,92.1,-63.8,0,0,7:52:40
1.01,-0.7,91.2,92.1,-63.8,0,0,7:52:45
1.07,-0.75,91.2,97.6,-68.4,0,0,7:52:50
1.05,-0.74,91.2,95.8,-67.5,0,0,7:52:55
1.11,-0.79,91.2,101.2,-72,0,0,7:53:00
1.16,-0.84,91.2,105.8,-76.6,0,0,7:53:05
1.13,-0.81,91.2,103.1,-73.9,0,0,7:53:10
1.24,-0.91,91.2,113.1,-83,0,0,7:53:15
1.19,-0.86,91.2,108.5,-78.4,0,0,7:53:20
1.11,-0.78,91.2,101.2,-71.1,0,0,7:53:25
1.11,-0.79,91.2,101.2,-72,0,0,7:53:30
1.12,-0.8,91.2,102.1,-73,0,0,7:53:35
1.15,-0.82,91.2,104.9,-74.8,0,0,7:53:40
1.1,-0.78,91.2,100.3,-71.1,0,0,7:53:45
1.03,-0.72,91.2,93.9,-65.7,0,0,7:53:50
1.22,-0.89,91.2,111.3,-81.2,0,0,7:53:55
1.22,-0.88,91.2,111.3,-80.3,0,0,7:54:00
1.23,-0.89,91.2,112.2,-81.2,0,0,7:54:05
1.21,-0.88,91.2,110.4,-80.3,0,0,7:54:10
1.24,-0.91,91.2,113.1,-83,0,0,7:54:15
1.26,-0.94,91.2,114.9,-85.7,0,0,7:54:20
1.26,-0.92,91.2,114.9,-83.9,0,0,7:54:25
1.22,-0.89,91.2,111.3,-81.2,0,0,7:54:30
1.26,-0.92,91.2,114.9,-83.9,0,0,7:54:35
1.22,-0.88,91.1,111.1,-80.2,0,0,7:54:40
1.39,-1.05,91.2,126.8,-95.8,0,0,7:54:45
1.27,-0.94,91.2,115.8,-85.7,0,0,7:54:50
1.26,-0.93,91.2,114.9,-84.8,0,0,7:54:55
1.24,-0.92,91.2,113.1,-83.9,0,0,7:55:00
1.26,-0.93,91.2,114.9,-84.8,0,0,7:55:05
1.25,-0.92,91.2,114,-83.9,0,0,7:55:10
1.26,-0.93,91.2,114.9,-84.8,0,0,7:55:15
1.27,-0.94,91.2,115.8,-85.7,0,0,7:55:20
1.27,-0.93,91.2,115.8,-84.8,0,0,7:55:25
1.27,-0.94,91.2,115.8,-85.7,0,0,7:55:30
1.28,-0.94,91.2,116.7,-85.7,0,0,7:55:35
1.26,-0.41,91.2,114.9,-37.4,0,0,7:55:40
1.23,-0.42,91.1,112.1,-38.3,0,0,7:55:45
1.28,-0.95,91.2,116.7,-86.6,0,0,7:55:50
1.27,-0.94,91.2,115.8,-85.7,0,0,7:55:55
1.29,-0.95,91.2,117.6,-86.6,0,0,7:56:00
1.27,-0.63,91.1,115.7,-57.4,0,0,7:56:05
1.11,-0.79,91.1,101.1,-72,0,0,7:56:10
1.09,-0.78,91.2,99.4,-71.1,0,0,7:56:15
0.77,-0.47,91.1,70.1,-42.8,0,0,7:56:20
0.82,-0.53,91,74.6,-48.2,0,0,7:56:25
0.83,-0.53,91.1,75.6,-48.3,0,0,7:56:30
0.82,-0.52,91,74.6,-47.3,0,0,7:56:35
0.7,-0.41,91,63.7,-37.3,0,0,7:56:40
0.7,-0.41,91,63.7,-37.3,0,0,7:56:45
0.7,-0.41,91,63.7,-37.3,0,0,7:56:50
0.7,-0.41,91,63.7,-37.3,0,0,7:56:55
0.69,-0.4,91,62.8,-36.4,0,0,7:57:00
0.81,-0.52,91,73.7,-47.3,0,2,7:57:05
0.75,-0.46,91,68.3,-41.9,0,0,7:57:10
0.61,-0.33,91,55.5,-30,0,0,7:57:15
0.57,-0.29,91,51.9,-26.4,0,2,7:57:20
0.72,-0.43,91,65.5,-39.1,0,2,7:57:25
0.62,-0.34,91,56.4,-30.9,0,0,7:57:30
0.67,-0.39,91,61,-35.5,0,0,7:57:35
0.66,-0.37,91,60.1,-33.7,0,0,7:57:40
0.79,-0.5,91,71.9,-45.5,0,0,7:57:45
1.2,-0.88,91.2,109.4,-80.3,0,0,7:57:50
0.84,-0.54,91,76.4,-49.1,0,0,7:57:55
0.87,-0.57,91,79.2,-51.9,0,0,7:58:00
0.83,-0.52,91,75.5,-47.3,0,0,7:58:05
0.85,-0.24,91,77.4,-21.8,0,0,7:58:10
0.9,-0.59,91.1,82,-53.7,0,0,7:58:15
0.87,-0.57,91,79.2,-51.9,0,0,7:58:20
0.92,-0.61,91,83.7,-55.5,0,0,7:58:25
0.93,-0.62,91,84.6,-56.4,0,0,7:58:30
0.98,-0.65,91,89.2,-59.2,0,0,7:58:35
0.96,-0.63,91,87.4,-57.3,0,0,7:58:40
0.95,-0.62,91,86.5,-56.4,0,0,7:58:45
0.97,-0.64,91,88.3,-58.2,0,0,7:58:50
0.97,-0.64,91,88.3,-58.2,0,0,7:58:55
0.97,-0.63,91,88.3,-57.3,0,0,7:59:00
0.95,-0.62,91,86.5,-56.4,0,0,7:59:05
0.99,-0.65,91.1,90.2,-59.2,0,0,7:59:10
0.98,-0.65,91,89.2,-59.2,0,0,7:59:15
0.98,-0.65,91.1,89.3,-59.2,0,0,7:59:20
0.99,-0.65,91.1,90.2,-59.2,0,0,7:59:25
0.99,-0.66,91,90.1,-60.1,0,0,7:59:30
0.98,-0.64,91,89.2,-58.2,0,0,7:59:35
1,-0.66,91,91,-60.1,0,0,7:59:40
1,-0.67,91.1,91.1,-61,0,0,7:59:45
1,-0.66,91.1,91.1,-60.1,0,0,7:59:50
1,-0.66,91,91,-60.1,0,0,7:59:55
1.1,8.31,89.4,98.3,742.9,0,5,8:00:00
1.47,9.66,89.1,131,860.7,0,16,8:00:05
1.66,6.5,89.6,148.7,582.4,0,25,8:00:10
1.66,6.55,89.6,148.7,586.9,0,31,8:00:15
1.72,6.49,89.6,154.1,581.5,0,36,8:00:20
1.8,6.33,89.6,161.3,567.2,0,40,8:00:25
1.62,6.5,89.5,145,581.8,0,44,8:00:30
1.69,6.58,89.6,151.4,589.6,0,47,8:00:35
1.68,6.49,89.5,150.4,580.9,0,50,8:00:40
1.68,6.39,89.5,150.4,571.9,0,52,8:00:45
1.68,4.54,89.8,150.9,407.7,0,54,8:00:50
1.69,4.56,89.8,151.8,409.5,0,55,8:00:55
1.7,4.53,89.9,152.8,407.2,0,56,8:01:00
1.79,4.48,89.8,160.7,402.3,0,57,8:01:05
1.77,4.55,89.9,159.1,409,0,58,8:01:10
1.76,4.53,89.8,158,406.8,0,58,8:01:15
1.63,4.57,89.8,146.4,410.4,0,58,8:01:20
1.61,4.63,89.8,144.6,415.8,0,58,8:01:25
1.68,4.64,89.8,150.9,416.7,0,59,8:01:30
1.7,4.58,89.8,152.7,411.3,0,59,8:01:35
1.79,4.46,89.8,160.7,400.5,0,59,8:01:40
1.88,4.42,89.8,168.8,396.9,0,60,8:01:45
1.97,4.32,89.8,176.9,387.9,0,60,8:01:50
1.98,4.31,89.8,177.8,387,0,60,8:01:55
1.96,4.33,89.8,176,388.8,0,60,8:02:00
1.97,4.37,89.8,176.9,392.4,0,60,8:02:05
1.94,4.37,89.8,174.2,392.4,0,61,8:02:10
1.93,4.5,89.8,173.3,404.1,0,61,8:02:15
1.99,4.31,89.8,178.7,387,0,61,8:02:20
2.03,4.31,89.8,182.3,387,0,60,8:02:25
2.02,4.35,89.7,181.2,390.2,0,60,8:02:30
2.02,4.27,89.8,181.4,383.4,0,61,8:02:35
2.05,4.3,89.8,184.1,386.1,0,61,8:02:40
2.02,4.29,89.8,181.4,385.2,0,61,8:02:45
2.01,4.3,89.8,180.5,386.1,0,61,8:02:50
2.02,4.28,89.8,181.4,384.3,0,61,8:02:55
2.06,4.23,89.7,184.8,379.4,0,61,8:03:00
2.09,4.22,89.8,187.7,379,0,61,8:03:05
2.09,4.21,89.8,187.7,378.1,0,61,8:03:10
2.1,4.22,89.7,188.4,378.5,0,61,8:03:15
2.09,4.23,89.8,187.7,379.9,0,61,8:03:20
2.07,4.23,89.8,185.9,379.9,0,61,8:03:25
1.98,4.38,89.8,177.8,393.3,0,61,8:03:30
2.12,4.19,89.8,190.4,376.3,0,60,8:03:35
2.11,4.21,89.7,189.3,377.6,0,60,8:03:40
2.08,4.25,89.8,186.8,381.7,0,59,8:03:45
2.1,4.24,89.7,188.4,380.3,0,60,8:03:50
2.09,4.25,89.7,187.5,381.2,0,60,8:03:55
2.07,4.33,89.6,185.5,388,0,61,8:04:00
2.11,4.23,89.7,189.3,379.4,0,61,8:04:05
2.13,4.22,89.7,191.1,378.5,0,61,8:04:10
2.13,4.15,89.7,191.1,372.3,0,61,8:04:15
2.14,4.13,89.8,192.2,370.9,0,61,8:04:20
2.14,4.17,89.7,192,374,0,61,8:04:25
2.13,4.24,89.7,191.1,380.3,0,61,8:04:30
2.1,4.34,89.7,188.4,389.3,0,61,8:04:35
2.11,4.22,89.7,189.3,378.5,0,61,8:04:40
2.17,4.16,89.7,194.6,373.2,0,60,8:04:45
2.17,4.14,89.7,194.6,371.4,0,59,8:04:50
2.14,4.19,89.7,192,375.8,0,59,8:04:55
2.16,4.23,89.7,193.8,379.4,0,59,8:05:00
2.2,4.16,89.7,197.3,373.2,0,59,8:05:05
2.17,4.16,89.7,194.6,373.2,0,58,8:05:10
2.18,4.18,89.7,195.5,374.9,0,58,8:05:15
2.17,4.17,89.6,194.4,373.6,0,58,8:05:20
2.23,4.12,89.7,200,369.6,0,58,8:05:25
2.23,4.11,89.7,200,368.7,0,57,8:05:30
2.23,4.29,89.7,200,384.8,0,56,8:05:35
2.3,4.07,89.6,206.1,364.7,0,55,8:05:40
2.32,4.02,89.7,208.1,360.6,0,53,8:05:45
2.26,4.07,89.6,202.5,364.7,0,52,8:05:50
2.22,4.11,89.6,198.9,368.3,0,51,8:05:55
2.26,4.08,89.6,202.5,365.6,0,50,8:06:00
2.21,4.11,89.6,198,368.3,0,48,8:06:05
2.17,4.16,89.6,194.4,372.7,0,47,8:06:10
2.14,4.33,89.6,191.7,388,0,46,8:06:15
2.11,4.17,89.6,189.1,373.6,0,45,8:06:20
2.13,4.14,89.6,190.8,370.9,0,46,8:06:25
2.1,4.2,89.6,188.2,376.3,0,47,8:06:30
1.99,4.28,89.6,178.3,383.5,0,50,8:06:35
1.87,4.38,89.6,167.6,392.4,0,53,8:06:40
1.83,4.4,89.6,164,394.2,0,58,8:06:45
1.88,4.39,89.6,168.4,393.3,0,63,8:06:50
1.65,4.63,89.5,147.7,414.4,0,64,8:06:55
2.1,4.25,89.6,188.2,380.8,0,65,8:07:00
1.43,4.84,89.4,127.8,432.7,0,65,8:07:05
2.15,4.22,89.5,192.4,377.7,0,65,8:07:10
2.14,4.22,89.6,191.7,378.1,0,65,8:07:15
2.1,4.53,89.7,188.4,406.3,0,64,8:07:20
1.25,5.02,89.4,111.8,448.8,0,64,8:07:25
1.84,4.48,89.5,164.7,401,0,63,8:07:30
2.09,4.26,89.6,187.3,381.7,0,62,8:07:35
2.09,4.26,89.5,187.1,381.3,0,62,8:07:40
1.16,5.02,89.4,103.7,448.8,0,59,8:07:45
1.14,5.03,89.4,101.9,449.7,0,56,8:07:50
2.16,4.17,89.6,193.5,373.6,0,51,8:07:55
2.15,4.19,89.5,192.4,375,0,47,8:08:00
2.09,4.19,89.6,187.3,375.4,0,45,8:08:05
2.04,4.25,89.5,182.6,380.4,0,43,8:08:10
1.33,5.15,89.4,118.9,460.4,0,43,8:08:15
1.55,4.64,89.5,138.7,415.3,0,44,8:08:20
1.67,4.57,89.5,149.5,409,0,46,8:08:25
1.61,4.58,89.5,144.1,409.9,0,48,8:08:30
1.62,4.62,89.5,145,413.5,0,52,8:08:35
1.26,4.94,89.4,112.6,441.6,0,56,8:08:40
1.64,4.59,89.5,146.8,410.8,0,60,8:08:45
1.91,4.41,89.5,170.9,394.7,0,61,8:08:50
1.99,4.31,89.5,178.1,385.7,0,61,8:08:55
2.02,4.32,89.5,180.8,386.6,0,61,8:09:00
2.1,4.28,89.5,188,383.1,0,62,8:09:05
2.09,4.23,89.5,187.1,378.6,0,65,8:09:10
2.11,4.07,89.6,189.1,364.7,0,69,8:09:15
2.14,1.23,90.1,192.8,110.8,0,72,8:09:20
2.27,0.38,90.3,205,34.3,0,73,8:09:25
2.3,1.08,90.1,207.2,97.3,0,72,8:09:30
2.3,0.82,90.2,207.5,74,0,72,8:09:35
2.31,1.09,90.2,208.4,98.3,0,72,8:09:40
2.28,1.42,90.1,205.4,127.9,0,72,8:09:45
2.3,1.15,90.1,207.2,103.6,0,72,8:09:50
2.37,2.25,90,213.3,202.5,0,71,8:09:55
2.32,3.49,89.7,208.1,313.1,0,69,8:10:00
0.5,5.91,89.2,44.6,527.2,0,67,8:10:05
2.3,4.21,89.5,205.9,376.8,0,65,8:10:10
2.26,4.23,89.5,202.3,378.6,0,64,8:10:15
2.25,4.24,89.5,201.4,379.5,0,63,8:10:20
2.22,4.25,89.5,198.7,380.4,0,63,8:10:25
2.2,4.31,89.5,196.9,385.7,0,62,8:10:30
2.08,4.47,89.5,186.2,400.1,0,62,8:10:35
2.14,4.3,89.5,191.5,384.9,0,61,8:10:40
2.17,4.44,89.3,193.8,396.5,0,61,8:10:45
2.33,4.13,89.5,208.5,369.6,0,58,8:10:50
2.4,4.09,89.5,214.8,366.1,0,55,8:10:55
2.27,4.2,89.5,203.2,375.9,0,53,8:11:00
2.24,4.23,89.5,200.5,378.6,0,53,8:11:05
1.11,5.19,89.2,99,462.9,0,54,8:11:10
2.16,4.29,89.5,193.3,384,0,56,8:11:15
2.24,4.24,89.4,200.3,379.1,0,58,8:11:20
1.15,5.23,89.4,102.8,467.6,0,59,8:11:25
2.34,4.09,89.5,209.4,366.1,0,59,8:11:30
2.43,4.08,89.5,217.5,365.2,0,58,8:11:35
2.44,4.09,89.5,218.4,366.1,0,58,8:11:40
1.7,4.67,89.3,151.8,417,0,57,8:11:45
0.43,5.72,89.2,38.4,510.2,0,57,8:11:50
2.33,4.15,89.4,208.3,371,0,56,8:11:55
2.38,4.11,89.5,213,367.8,0,55,8:12:00
2.36,4.13,89.5,211.2,369.6,0,53,8:12:05
1.51,4.79,89.3,134.8,427.7,0,52,8:12:10
0.69,5.52,89.2,61.5,492.4,0,52,8:12:15
1.14,5.11,89.2,101.7,455.8,0,54,8:12:20
1.62,4.76,89.2,144.5,424.6,0,56,8:12:25
1.94,4.45,89.3,173.2,397.4,0,57,8:12:30
2.13,4.33,89.3,190.2,386.7,0,57,8:12:35
2.23,4.24,89.3,199.1,378.6,0,56,8:12:40
2.25,4.37,89.4,201.2,390.7,0,55,8:12:45
2.3,4.16,89.4,205.6,371.9,0,55,8:12:50
2.43,4.08,89.4,217.2,364.8,0,55,8:12:55
2.4,4.09,89.4,214.6,365.6,0,56,8:13:00
2.34,4.18,89.4,209.2,373.7,0,57,8:13:05
2.47,4.12,89.4,220.8,368.3,0,57,8:13:10
2.53,5.98,89,225.2,532.2,0,57,8:13:15
2.57,5.93,89,228.7,527.8,0,56,8:13:20
2.52,5.99,89,224.3,533.1,0,55,8:13:25
2.02,6.38,88.9,179.6,567.2,0,54,8:13:30
2.05,6.35,88.9,182.2,564.5,0,53,8:13:35
2.53,5.98,89,225.2,532.2,0,52,8:13:40
2.51,6.01,88.9,223.1,534.3,0,52,8:13:45
2.19,6.43,88.9,194.7,571.6,0,52,8:13:50
2.11,6.3,88.9,187.6,560.1,0,54,8:13:55
2.21,6.22,88.9,196.5,553,0,56,8:14:00
1.93,6.48,88.9,171.6,576.1,0,57,8:14:05
1.89,6.56,88.8,167.8,582.5,0,58,8:14:10
2.16,6.26,88.9,192,556.5,0,59,8:14:15
2.47,7.92,88.6,218.8,701.7,0,61,8:14:20
2.6,7.8,88.6,230.4,691.1,0,62,8:14:25
1.33,8.8,88.4,117.6,777.9,0,62,8:14:30
2.64,7.79,88.6,233.9,690.2,0,62,8:14:35
2.58,7.83,88.6,228.6,693.7,0,61,8:14:40
2.44,8.1,88.5,215.9,716.9,0,62,8:14:45
2.36,8.15,88.6,209.1,722.1,0,63,8:14:50
2.44,8.36,88.6,216.2,740.7,0,66,8:14:55
2.29,5.95,88.9,203.6,529,0,69,8:15:00
2.24,2.37,89.5,200.5,212.1,0,71,8:15:05
2.31,1.88,89.6,207,168.4,0,71,8:15:10
2.36,1.79,89.7,211.7,160.6,0,71,8:15:15
2.39,2.54,89.5,213.9,227.3,0,70,8:15:20
2.27,0.88,89.9,204.1,79.1,0,69,8:15:25
2.22,-1.84,90.3,200.5,-166.2,0,67,8:15:30
2.28,-1.84,90.4,206.1,-166.3,0,64,8:15:35
2.39,-1.95,90.4,216.1,-176.3,0,62,8:15:40
2.34,-0.85,90.3,211.3,-76.8,0,60,8:15:45
2.32,4.19,89.3,207.2,374.2,0,60,8:15:50
0.63,5.64,89,56.1,502,0,59,8:15:55
2.33,4.21,89.2,207.8,375.5,0,58,8:16:00
0.43,5.75,89,38.3,511.8,0,57,8:16:05
1.18,6.13,88.9,104.9,545,0,57,8:16:10
1.71,6.82,88.8,151.8,605.6,0,56,8:16:15
1.9,8.46,88.5,168.2,748.7,0,55,8:16:20
1.73,8.53,88.4,152.9,754.1,0,54,8:16:25
2.34,8.03,88.6,207.3,711.5,0,53,8:16:30
2.31,8.05,88.4,204.2,711.6,0,53,8:16:35
2.35,8.03,88.5,208,710.7,0,54,8:16:40
2.26,8.08,88.4,199.8,714.3,0,55,8:16:45
1.42,8.75,88.3,125.4,772.6,0,56,8:16:50
2.33,8.04,88.4,206,710.7,0,57,8:16:55
2.28,8.08,88.4,201.6,714.3,0,58,8:17:00
2.22,8.13,88.4,196.2,718.7,0,59,8:17:05
2.21,8.12,88.3,195.1,717,0,59,8:17:10
1.76,8.5,88.3,155.4,750.6,0,59,8:17:15
1.21,8.95,88.2,106.7,789.4,0,60,8:17:20
2.04,2.46,89.4,182.4,219.9,0,60,8:17:25
2.05,2.42,89.5,183.5,216.6,0,61,8:17:30
2.38,2.2,89.5,213,196.9,0,62,8:17:35
2.35,2.1,89.6,210.6,188.2,0,62,8:17:40
2.44,2.11,89.5,218.4,188.8,0,63,8:17:45
2.48,2.04,89.5,222,182.6,0,61,8:17:50
1.95,2.5,89.5,174.5,223.8,0,57,8:17:55
2.06,3.37,89.3,184,300.9,0,54,8:18:00
2.09,6.27,88.8,185.6,556.8,0,52,8:18:05
2.25,6.19,88.8,199.8,549.7,0,51,8:18:10
2.3,6.14,88.9,204.5,545.8,0,51,8:18:15
2.35,6.08,88.8,208.7,539.9,0,52,8:18:20
2.4,6.03,88.8,213.1,535.5,0,54,8:18:25
2.62,5.87,88.8,232.7,521.3,0,57,8:18:30
2.59,3.39,89.3,231.3,302.7,0,61,8:18:35
2.66,2.86,89.3,237.5,255.4,0,61,8:18:40
2.73,3.77,89.2,243.5,336.3,0,61,8:18:45
2.68,3.86,89.2,239.1,344.3,0,60,8:18:50
2.72,3.82,89.2,242.6,340.7,0,60,8:18:55
2.68,3.82,89.2,239.1,340.7,0,59,8:19:00
2.55,3.97,89.2,227.5,354.1,0,59,8:19:05
2.54,3.95,89.2,226.6,352.3,0,58,8:19:10
2.64,3.88,89.2,235.5,346.1,0,58,8:19:15
2.79,3.73,89.2,248.9,332.7,0,58,8:19:20
2.93,3.64,89.2,261.4,324.7,0,58,8:19:25
3.07,3.53,89.2,273.8,314.9,0,57,8:19:30
2.91,3.67,89.2,259.6,327.4,0,58,8:19:35
2.89,3.67,89.2,257.8,327.4,0,59,8:19:40
2.84,3.68,89.2,253.3,328.3,0,59,8:19:45
2.81,3.75,89.2,250.7,334.5,0,60,8:19:50
2.72,3.83,89.2,242.6,341.6,0,60,8:19:55
2.69,3.82,89.2,239.9,340.7,0,60,8:20:00
2.67,3.86,89.2,238.2,344.3,0,60,8:20:05
2.67,3.87,89.2,238.2,345.2,0,60,8:20:10
2.55,3.98,89.2,227.5,355,0,60,8:20:15
2.59,3.93,89.2,231,350.6,0,60,8:20:20
1.56,4.81,89,138.8,428.1,0,60,8:20:25
2.62,3.87,89.2,233.7,345.2,0,60,8:20:30
2.72,3.85,89.2,242.6,343.4,0,59,8:20:35
2.75,5.8,88.8,244.2,515,0,58,8:20:40
2.73,5.81,88.8,242.4,515.9,0,58,8:20:45
2.74,5.79,88.8,243.3,514.2,0,58,8:20:50
2.7,5.83,88.8,239.8,517.7,0,57,8:20:55
2.79,5.73,88.8,247.8,508.8,0,57,8:21:00
2.78,5.72,88.8,246.9,507.9,0,57,8:21:05
2.73,5.79,88.8,242.4,514.2,0,56,8:21:10
2.8,5.74,88.8,248.6,509.7,0,56,8:21:15
2.79,5.72,88.7,247.5,507.4,0,56,8:21:20
2.85,5.68,88.8,253.1,504.4,0,55,8:21:25
2.77,5.72,88.8,246,507.9,0,54,8:21:30
2.78,5.71,88.7,246.6,506.5,0,53,8:21:35
2.77,5.74,88.7,245.7,509.1,0,52,8:21:40
2.85,7.62,88.4,251.9,673.6,0,52,8:21:45
2.74,7.69,88.3,241.9,679,0,52,8:21:50
2.75,7.69,88.3,242.8,679,0,53,8:21:55
2.81,7.6,88.3,248.1,671.1,0,54,8:22:00
2.82,7.62,88.3,249,672.8,0,54,8:22:05
2.83,7.61,88.3,249.9,672,0,55,8:22:10
2.88,7.54,88.3,254.3,665.8,0,55,8:22:15
2.72,7.67,88.3,240.2,677.3,0,55,8:22:20
2.77,7.69,88.3,244.6,679,0,56,8:22:25
2.81,7.6,88.3,248.1,671.1,0,57,8:22:30
2.72,4.77,88.8,241.5,423.6,0,58,8:22:35
2.72,4.38,88.9,241.8,389.4,0,59,8:22:40
2.58,2.97,89.2,230.1,264.9,0,60,8:22:45
2.6,2.9,89.2,231.9,258.7,0,61,8:22:50
2.74,2.8,89.2,244.4,249.8,0,62,8:22:55
2.89,2.64,89.3,258.1,235.8,0,62,8:23:00
2.98,2.54,89.3,266.1,226.8,0,63,8:23:05
2.94,2.7,89.2,262.2,240.8,0,63,8:23:10
2.88,2.69,89.3,257.2,240.2,0,64,8:23:15
2.77,2.83,89.2,247.1,252.4,0,64,8:23:20
2.6,2.87,89.2,231.9,256,0,64,8:23:25
2.99,2.54,89.3,267,226.8,0,63,8:23:30
2.77,2.72,89.3,247.4,242.9,0,62,8:23:35
2.83,2.97,89.2,252.4,264.9,0,61,8:23:40
2.82,3.72,89.1,251.3,331.5,0,60,8:23:45
2.82,3.72,89.1,251.3,331.5,0,58,8:23:50
2.72,3.81,89.1,242.4,339.5,0,57,8:23:55
2.73,3.79,89.1,243.2,337.7,0,57,8:24:00
2.69,3.84,89,239.4,341.8,0,58,8:24:05
2.61,4.68,88.9,232,416.1,0,58,8:24:10
2.53,5.9,88.6,224.2,522.7,0,60,8:24:15
2.97,7.47,88.4,262.5,660.3,0,60,8:24:20
2.94,9.48,88,258.7,834.2,0,60,8:24:25
3.02,7.42,88.3,266.7,655.2,0,60,8:24:30
2.91,7.47,88.3,257,659.6,0,60,8:24:35
3.02,7.4,88.3,266.7,653.4,0,60,8:24:40
3.06,7.39,88.3,270.2,652.5,0,60,8:24:45
3.01,7.44,88.3,265.8,657,0,60,8:24:50
3,7.43,88.3,264.9,656.1,0,60,8:24:55
2.86,7.57,88.3,252.5,668.4,0,60,8:25:00
2.97,7.48,88.3,262.3,660.5,0,59,8:25:05
2.1,7.22,88.3,185.4,637.5,0,60,8:25:10
2.87,6.59,88.4,253.7,582.6,0,60,8:25:15
2.99,6.45,88.4,264.3,570.2,0,61,8:25:20
2.96,6.5,88.4,261.7,574.6,0,61,8:25:25
3,6.46,88.4,265.2,571.1,0,61,8:25:30
3.04,6.43,88.4,268.7,568.4,0,61,8:25:35
3.06,6.47,88.4,270.5,571.9,0,60,8:25:40
3.05,6.42,88.4,269.6,567.5,0,59,8:25:45
3.01,6.45,88.4,266.1,570.2,0,59,8:25:50
2.95,6.5,88.4,260.8,574.6,0,59,8:25:55
2.97,6.48,88.4,262.5,572.8,0,59,8:26:00
2.32,7.02,88.3,204.9,619.9,0,60,8:26:05
2.86,6.59,88.4,252.8,582.6,0,60,8:26:10
2.84,6.59,88.3,250.8,581.9,0,61,8:26:15
2.98,6.48,88.4,263.4,572.8,0,61,8:26:20
2.87,6.59,88.3,253.4,581.9,0,61,8:26:25
2.88,6.54,88.3,254.3,577.5,0,61,8:26:30
2.92,6.53,88.3,257.8,576.6,0,61,8:26:35
2.91,6.57,88.3,257,580.1,0,61,8:26:40
2.85,3.71,88.9,253.4,329.8,0,61,8:26:45
2.7,3.74,88.9,240,332.5,0,60,8:26:50
2.49,4,88.9,221.4,355.6,0,59,8:26:55
2.45,4.99,88.6,217.1,442.1,0,58,8:27:00
2.5,4.96,88.6,221.5,439.5,0,58,8:27:05
2.57,4.94,88.6,227.7,437.7,0,57,8:27:10
2.58,4.86,88.7,228.8,431.1,0,57,8:27:15
2.53,4.97,88.6,224.2,440.3,0,56,8:27:20
2.81,4.69,88.7,249.2,416,0,56,8:27:25
2.99,4.52,88.7,265.2,400.9,0,55,8:27:30
2.93,4.58,88.7,259.9,406.2,0,55,8:27:35
2.95,5.55,88.6,261.4,491.7,0,55,8:27:40
2.08,6.26,88.4,183.9,553.4,0,56,8:27:45
1.3,8.86,87.9,114.3,778.8,0,57,8:27:50
3.07,7.39,88.1,270.5,651.1,0,59,8:27:55
3.09,7.41,88.1,272.2,652.8,0,60,8:28:00
3.24,7.23,88.2,285.8,637.7,0,59,8:28:05
3.23,7.23,88.1,284.6,637,0,57,8:28:10
3.18,7.31,88.1,280.2,644,0,56,8:28:15
3.34,7.16,88.2,294.6,631.5,0,56,8:28:20
3.25,7.24,88.1,286.3,637.8,0,55,8:28:25
3.21,7.28,88.1,282.8,641.4,0,55,8:28:30
2.44,7.92,88,214.7,697,0,57,8:28:35
3.08,7.39,88.1,271.3,651.1,0,58,8:28:40
3,7.48,88,264,658.2,0,60,8:28:45
3.11,7.35,88.1,274,647.5,0,61,8:28:50
3.14,7.32,88.1,276.6,644.9,0,61,8:28:55
3.19,7.3,88,280.7,642.4,0,61,8:29:00
3.21,4.37,88.6,284.4,387.2,0,61,8:29:05
3.15,4.4,88.6,279.1,389.8,0,60,8:29:10
3.15,4.4,88.6,279.1,389.8,0,59,8:29:15
3,4.51,88.6,265.8,399.6,0,58,8:29:20
3.04,4.52,88.6,269.3,400.5,0,58,8:29:25
3.06,4.5,88.6,271.1,398.7,0,58,8:29:30
2.69,4.76,88.6,238.3,421.7,0,59,8:29:35
2.61,4.83,88.6,231.2,427.9,0,61,8:29:40
2.82,4.65,88.6,249.9,412,0,62,8:29:45
2.83,4.69,88.6,250.7,415.5,0,63,8:29:50
3.06,3.48,88.9,272,309.4,0,64,8:29:55
3.25,3.35,88.9,288.9,297.8,0,65,8:30:00
3.23,3.36,88.9,287.1,298.7,0,65,8:30:05
3.27,3.32,88.9,290.7,295.1,0,65,8:30:10
3.28,3.33,88.9,291.6,296,0,65,8:30:15
3.28,3.33,88.9,291.6,296,0,64,8:30:20
3.34,3.35,88.9,296.9,297.8,0,63,8:30:25
3.34,3.21,88.9,296.9,285.4,0,63,8:30:30
3.29,3.28,88.9,292.5,291.6,0,63,8:30:35
3.28,3.28,88.9,291.6,291.6,0,63,8:30:40
3.28,3.36,88.9,291.6,298.7,0,63,8:30:45
3.28,3.29,88.9,291.6,292.5,0,64,8:30:50
3.1,3.47,88.9,275.6,308.5,0,66,8:30:55
3.1,0.55,89.5,277.5,49.2,0,68,8:31:00
3.21,0.46,89.5,287.3,41.2,0,68,8:31:05
3.18,0.47,89.5,284.6,42.1,0,67,8:31:10
2.6,-2.15,90,234,-193.5,0,65,8:31:15
3.15,-2.64,90.1,283.8,-237.9,0,64,8:31:20
2.83,-2.35,90,254.7,-211.5,0,62,8:31:25
3.23,-2.71,90.1,291,-244.2,0,59,8:31:30
3.29,0.42,89.5,294.5,37.6,0,57,8:31:35
3.13,2.52,89.2,279.2,224.8,0,55,8:31:40
2.93,5.64,88.5,259.3,499.1,0,55,8:31:45
3.14,5.45,88.6,278.2,482.9,0,55,8:31:50
3.14,5.42,88.6,278.2,480.2,0,56,8:31:55
2.33,6.13,88.4,206,541.9,0,57,8:32:00
3.1,5.52,88.5,274.4,488.5,0,60,8:32:05
2.89,-2.39,90,260.1,-215.1,0,61,8:32:10
3.01,-2.52,90.1,271.2,-227.1,0,62,8:32:15
3.13,-2.62,90.1,282,-236.1,0,62,8:32:20
3.16,-2.64,90.1,284.7,-237.9,0,60,8:32:25
3.13,-0.33,89.7,280.8,-29.6,0,58,8:32:30
2.19,4.3,88.8,194.5,381.8,0,58,8:32:35
2.85,3.79,88.9,253.4,336.9,0,59,8:32:40
3.09,2.99,89,275,266.1,0,61,8:32:45
2.98,-2.48,90.1,268.5,-223.4,0,62,8:32:50
3.06,-2.56,90.1,275.7,-230.7,0,61,8:32:55
3.09,-2.59,90.1,278.4,-233.4,0,61,8:33:00
3.04,-2.55,90.1,273.9,-229.8,0,60,8:33:05
3.05,-2.55,90.1,274.8,-229.8,0,60,8:33:10
3.1,-2.59,90.1,279.3,-233.4,0,59,8:33:15
3.05,-1.75,90,274.5,-157.5,0,58,8:33:20
3.05,0.63,89.6,273.3,56.4,0,57,8:33:25
3.18,2.5,89.2,283.7,223,0,56,8:33:30
3.13,4.49,88.8,277.9,398.7,0,57,8:33:35
3.05,4.56,88.8,270.8,404.9,0,57,8:33:40
3.18,4.44,88.8,282.4,394.3,0,58,8:33:45
2.65,4.91,88.7,235.1,435.5,0,59,8:33:50
2.5,5.04,88.6,221.5,446.5,0,59,8:33:55
2.74,4.81,88.7,243,426.6,0,59,8:34:00
2.55,4.97,88.6,225.9,440.3,0,60,8:34:05
2.76,4.82,88.6,244.5,427.1,0,60,8:34:10
2.94,4.65,88.7,260.8,412.5,0,60,8:34:15
3.04,4.52,88.7,269.6,400.9,0,61,8:34:20
3.36,4.32,88.7,298,383.2,0,61,8:34:25
3.44,4.22,88.7,305.1,374.3,0,62,8:34:30
3.35,4.3,88.7,297.1,381.4,0,63,8:34:35
3.3,-0.53,89.6,295.7,-47.5,0,63,8:34:40
3.34,-0.71,89.6,299.3,-63.6,0,63,8:34:45
3.36,-0.88,89.7,301.4,-78.9,0,62,8:34:50
3.28,-0.7,89.8,294.5,-62.9,0,61,8:34:55
3.27,-0.81,89.8,293.6,-72.7,0,61,8:35:00
3.28,-0.76,89.7,294.2,-68.2,0,60,8:35:05
3.37,2.92,89.1,300.3,260.2,0,61,8:35:10
3.4,2.25,89.2,303.3,200.7,0,62,8:35:15
3.41,2.25,89.2,304.2,200.7,0,62,8:35:20
3.39,2.19,89.2,302.4,195.3,0,62,8:35:25
3.43,2.24,89.2,306,199.8,0,62,8:35:30
3.46,2.29,89.2,308.6,204.3,0,63,8:35:35
3.41,2.32,89.2,304.2,206.9,0,62,8:35:40
3.43,2.25,89.2,306,200.7,0,62,8:35:45
3.36,2.29,89.2,299.7,204.3,0,62,8:35:50
3.4,2.29,89.2,303.3,204.3,0,62,8:35:55
3.43,2.25,89.2,306,200.7,0,62,8:36:00
3.56,2.13,89.2,317.6,190,0,61,8:36:05
2.02,3.42,88.9,179.6,304,0,60,8:36:10
1.48,3.81,88.8,131.4,338.3,0,59,8:36:15
3.43,5.24,88.6,303.9,464.3,0,59,8:36:20
3.4,5.26,88.6,301.2,466,0,59,8:36:25
3.45,5.22,88.6,305.7,462.5,0,60,8:36:30
3.31,5.35,88.5,292.9,473.5,0,60,8:36:35
3.36,5.26,88.5,297.4,465.5,0,61,8:36:40
3.3,5.37,88.4,291.7,474.7,0,61,8:36:45
3.25,5.38,88.4,287.3,475.6,0,61,8:36:50
3.16,5.45,88.4,279.3,481.8,0,62,8:36:55
3.25,3.92,88.7,288.3,347.7,0,63,8:37:00
3.16,3.54,88.8,280.6,314.4,0,62,8:37:05
3.23,3.41,88.8,286.8,302.8,0,62,8:37:10
3.11,3.49,88.8,276.2,309.9,0,62,8:37:15
3.14,3.42,88.9,279.1,304,0,62,8:37:20
2.89,3.71,88.7,256.3,329.1,0,62,8:37:25
2.71,3.85,88.7,240.4,341.5,0,62,8:37:30
2.77,3.82,88.7,245.7,338.8,0,63,8:37:35
2.74,3.8,88.7,243,337.1,0,65,8:37:40
2.7,3.86,88.7,239.5,342.4,0,66,8:37:45
2.83,4.05,88.7,251,359.2,0,67,8:37:50
2.9,2.58,88.9,257.8,229.4,0,68,8:37:55
3.32,-0.59,89.6,297.5,-52.9,0,67,8:38:00
3.41,4.64,88.6,302.1,411.1,0,66,8:38:05
3.51,4.52,88.5,310.6,400,0,66,8:38:10
3.38,4.67,88.5,299.1,413.3,0,66,8:38:15
2.69,5.06,88.4,237.8,447.3,0,66,8:38:20
3.42,4.09,88.6,303,362.4,0,66,8:38:25
3.44,3.95,88.7,305.1,350.4,0,66,8:38:30
3.45,4.44,88.6,305.7,393.4,0,66,8:38:35
3.39,4.57,88.5,300,404.4,0,66,8:38:40
3.22,1.42,89.2,287.2,126.7,0,65,8:38:45
3.28,2.38,88.9,291.6,211.6,0,65,8:38:50
3.29,2.45,88.9,292.5,217.8,0,64,8:38:55
3.25,2.51,88.9,288.9,223.1,0,63,8:39:00
3.22,2.45,88.9,286.3,217.8,0,63,8:39:05
2.64,2.88,88.9,234.7,256,0,62,8:39:10
2.63,2.98,88.9,233.8,264.9,0,62,8:39:15
2.73,2.93,88.9,242.7,260.5,0,61,8:39:20
2.81,2.81,88.9,249.8,249.8,0,61,8:39:25
2.64,2.89,88.9,234.7,256.9,0,60,8:39:30
2.79,2.78,88.9,248,247.1,0,60,8:39:35
2.78,2.83,88.9,247.1,251.6,0,60,8:39:40
2.93,3.66,88.7,259.9,324.6,0,59,8:39:45
1.59,4.8,88.5,140.7,424.8,0,58,8:39:50
3.11,3.52,88.8,276.2,312.6,0,58,8:39:55
3.13,3.48,88.8,277.9,309,0,58,8:40:00
3.27,3.4,88.7,290,301.6,0,58,8:40:05
2.56,4,88.7,227.1,354.8,0,58,8:40:10
3.34,3.29,88.8,296.6,292.2,0,58,8:40:15
3.57,1.09,89.2,318.4,97.2,0,59,8:40:20
3.61,1.15,89.2,322,102.6,0,60,8:40:25
3.63,1.09,89.2,323.8,97.2,0,60,8:40:30
3.67,1.05,89.2,327.4,93.7,0,59,8:40:35
3.28,1.37,89.2,292.6,122.2,0,59,8:40:40
3.25,1.43,89.2,289.9,127.6,0,58,8:40:45
2.86,2.71,88.9,254.3,240.9,0,58,8:40:50
3.45,2.25,89,307.1,200.3,0,58,8:40:55
1.73,3.68,88.7,153.5,326.4,0,58,8:41:00
2.41,4.11,88.6,213.5,364.1,0,58,8:41:05
3.66,3.04,88.9,325.4,270.3,0,58,8:41:10
3.52,3.17,88.9,312.9,281.8,0,58,8:41:15
3.57,3.15,88.8,317,279.7,0,58,8:41:20
3.59,3.13,88.8,318.8,277.9,0,58,8:41:25
3.56,3.15,88.8,316.1,279.7,0,58,8:41:30
2.45,4.11,88.6,217.1,364.1,0,58,8:41:35
3.43,3.27,88.8,304.6,290.4,0,59,8:41:40
2.58,3.95,88.6,228.6,350,0,59,8:41:45
3.6,3.11,88.8,319.7,276.2,0,60,8:41:50
3.65,3.07,88.8,324.1,272.6,0,59,8:41:55
1.48,4.85,88.4,130.8,428.7,0,60,8:42:00
3.51,3.18,88.8,311.7,282.4,0,59,8:42:05
3.66,3.05,88.8,325,270.8,0,59,8:42:10
3.53,3.2,88.8,313.5,284.2,0,59,8:42:15
3.45,3.24,88.7,306,287.4,0,59,8:42:20
3.55,3.17,88.7,314.9,281.2,0,59,8:42:25
3.58,3.13,88.7,317.5,277.6,0,59,8:42:30
3.56,3.17,88.8,316.1,281.5,0,60,8:42:35
0.96,5.32,88.3,84.8,469.8,0,60,8:42:40
3.66,3.1,88.7,324.6,275,0,60,8:42:45
1.85,4.52,88.5,163.7,400,0,61,8:42:50
1.76,4.65,88.4,155.6,411.1,0,61,8:42:55
3.55,3.14,88.7,314.9,278.5,0,61,8:43:00
3.55,3.11,88.7,314.9,275.9,0,61,8:43:05
3.57,3.12,88.7,316.7,276.7,0,61,8:43:10
3.56,3.23,88.7,315.8,286.5,0,61,8:43:15
2.93,3.62,88.6,259.6,320.7,0,60,8:43:20
3.68,3.07,88.7,326.4,272.3,0,60,8:43:25
3.61,3.08,88.7,320.2,273.2,0,60,8:43:30
2.49,4.06,88.5,220.4,359.3,0,60,8:43:35
2.68,3.89,88.5,237.2,344.3,0,59,8:43:40
2.72,3.86,88.6,241,342,0,59,8:43:45
2.45,4.08,88.5,216.8,361.1,0,59,8:43:50
3.52,3.17,88.7,312.2,281.2,0,59,8:43:55
3.62,3.13,88.7,321.1,277.6,0,59,8:44:00
3.48,3.26,88.6,308.3,288.8,0,59,8:44:05
2.71,3.92,88.5,239.8,346.9,0,59,8:44:10
3.68,3.1,88.7,326.4,275,0,59,8:44:15
3.63,3.11,88.7,322,275.9,0,58,8:44:20
3.67,3.08,88.7,325.5,273.2,0,58,8:44:25
3.6,3.14,88.7,319.3,278.5,0,58,8:44:30
3.65,3.11,88.7,323.8,275.9,0,58,8:44:35
3.63,3.09,88.7,322,274.1,0,58,8:44:40
3.61,3.13,88.7,320.2,277.6,0,58,8:44:45
2.67,4.83,88.4,236,427,0,57,8:44:50
3.6,6.08,88.1,317.2,535.6,0,58,8:44:55
3.67,5.99,88.1,323.3,527.7,0,58,8:45:00
3.69,5.98,88.1,325.1,526.8,0,59,8:45:05
3.69,5.96,88.1,325.1,525.1,0,59,8:45:10
3.66,6.02,88.1,322.4,530.4,0,59,8:45:15
3.57,6.1,88.1,314.5,537.4,0,59,8:45:20
3.81,5.85,88.1,335.7,515.4,0,60,8:45:25
3.69,5.98,88.1,325.1,526.8,0,60,8:45:30
3.72,7.89,87.7,326.2,692,0,60,8:45:35
3.69,7.9,87.7,323.6,692.8,0,59,8:45:40
3.88,7.76,87.7,340.3,680.6,0,58,8:45:45
3.78,7.84,87.7,331.5,687.6,0,57,8:45:50
3.93,7.71,87.7,344.7,676.2,0,57,8:45:55
3.76,7.83,87.7,329.8,686.7,0,57,8:46:00
3.53,8.05,87.6,309.2,705.2,0,57,8:46:05
3.72,7.89,87.6,325.9,691.2,0,58,8:46:10
3.61,7.99,87.6,316.2,699.9,0,59,8:46:15
3.65,7.97,87.6,319.7,698.2,0,60,8:46:20
3.23,8.3,87.5,282.6,726.3,0,60,8:46:25
3.12,8.41,87.5,273,735.9,0,60,8:46:30
3.19,8.32,87.5,279.1,728,0,60,8:46:35
3.17,8.34,87.4,277.1,728.9,0,60,8:46:40
3.1,8.41,87.4,270.9,735,0,61,8:46:45
3.14,8.37,87.4,274.4,731.5,0,62,8:46:50
3.67,6.6,87.8,322.2,579.5,0,63,8:46:55
3.7,5.91,87.9,325.2,519.5,0,64,8:47:00
3.71,5.91,87.9,326.1,519.5,0,64,8:47:05
3.93,5.68,88,345.8,499.8,0,64,8:47:10
3.65,6.45,87.8,320.5,566.3,0,65,8:47:15
3.84,2.9,88.5,339.8,256.7,0,65,8:47:20
3.74,2.99,88.5,331,264.6,0,65,8:47:25
3.89,2.84,88.6,344.7,251.6,0,65,8:47:30
3.73,2.95,88.6,330.5,261.4,0,65,8:47:35
3.77,2.95,88.6,334,261.4,0,65,8:47:40
3.72,2.99,88.6,329.6,264.9,0,65,8:47:45
3.74,0.03,89.1,333.2,2.7,0,65,8:47:50
3.19,0.49,89,283.9,43.6,0,64,8:47:55
3.75,-0.02,89.2,334.5,-1.8,0,63,8:48:00
3.78,0,89.2,337.2,0,0,63,8:48:05
3.75,2.02,88.8,333,179.4,0,62,8:48:10
3.74,2,88.8,332.1,177.6,0,61,8:48:15
3.77,1.98,88.9,335.2,176,0,60,8:48:20
3.71,2.04,88.9,329.8,181.4,0,59,8:48:25
3.73,2.01,88.8,331.2,178.5,0,58,8:48:30
3.72,2.23,88.8,330.3,198,0,58,8:48:35
3.66,4.06,88.4,323.5,358.9,0,57,8:48:40
3.68,4.06,88.4,325.3,358.9,0,57,8:48:45
3.69,4.04,88.4,326.2,357.1,0,57,8:48:50
3.49,4.22,88.4,308.5,373,0,57,8:48:55
3.3,4.35,88.3,291.4,384.1,0,57,8:49:00
3.15,4.49,88.3,278.1,396.5,0,57,8:49:05
3.14,4.5,88.3,277.3,397.4,0,57,8:49:10
3.24,4.42,88.3,286.1,390.3,0,57,8:49:15
3.22,4.4,88.3,284.3,388.5,0,58,8:49:20
3.19,4.46,88.3,281.7,393.8,0,58,8:49:25
3.43,4.25,88.3,302.9,375.3,0,58,8:49:30
3.73,4.02,88.3,329.4,355,0,58,8:49:35
3.79,3.94,88.4,335,348.3,0,58,8:49:40
3.88,3.88,88.4,343,343,0,58,8:49:45
3.76,5.92,88,330.9,521,0,58,8:49:50
4.07,5.64,88,358.2,496.3,0,59,8:49:55
3.95,5.71,88,347.6,502.5,0,59,8:50:00
4.04,5.67,88,355.5,499,0,59,8:50:05
3.94,5.74,88,346.7,505.1,0,59,8:50:10
3.99,5.7,88,351.1,501.6,0,59,8:50:15
4.09,5.63,88,359.9,495.4,0,58,8:50:20
4.13,5.61,88,363.4,493.7,0,57,8:50:25
4.22,5.52,88,371.4,485.8,0,56,8:50:30
4.08,5.63,88,359,495.4,0,56,8:50:35
4.09,5.63,88,359.9,495.4,0,56,8:50:40
4.12,5.62,87.9,362.1,494,0,57,8:50:45
3.99,5.72,88,351.1,503.4,0,58,8:50:50
4,5.7,88,352,501.6,0,60,8:50:55
4,2.77,88.5,354,245.1,0,62,8:51:00
3.96,2.75,88.6,350.9,243.7,0,63,8:51:05
3.8,2.87,88.5,336.3,254,0,64,8:51:10
3.96,2.8,88.5,350.5,247.8,0,65,8:51:15
3.96,2.79,88.5,350.5,246.9,0,65,8:51:20
4.03,2.63,88.6,357.1,233,0,66,8:51:25
3.98,2.87,88.5,352.2,254,0,66,8:51:30
3.79,2.96,88.5,335.4,262,0,66,8:51:35
3.48,3.21,88.4,307.6,283.8,0,66,8:51:40
3.38,3.31,88.4,298.8,292.6,0,66,8:51:45
2.63,4.22,88.2,232,372.2,0,67,8:51:50
3.4,2.4,88.6,301.2,212.6,0,68,8:51:55
3.51,2.39,88.6,311,211.8,0,67,8:52:00
3.97,1.83,88.7,352.1,162.3,0,65,8:52:05
2.82,2.73,88.5,249.6,241.6,0,64,8:52:10
3.88,1.96,88.7,344.2,173.9,0,63,8:52:15
3.95,1.84,88.7,350.4,163.2,0,61,8:52:20
3.96,1.81,88.7,351.3,160.5,0,60,8:52:25
3.88,1.91,88.7,344.2,169.4,0,59,8:52:30
3.86,1.91,88.7,342.4,169.4,0,58,8:52:35
3.85,1.89,88.7,341.5,167.6,0,58,8:52:40
3.83,1.93,88.7,339.7,171.2,0,58,8:52:45
3.95,1.84,88.7,350.4,163.2,0,58,8:52:50
3.94,3.12,88.5,348.7,276.1,0,57,8:52:55
3.94,2.87,88.6,349.1,254.3,0,58,8:53:00
3.9,2.88,88.6,345.5,255.2,0,58,8:53:05
3.84,2.92,88.5,339.8,258.4,0,57,8:53:10
3.85,2.91,88.5,340.7,257.5,0,57,8:53:15
3.79,2.94,88.5,335.4,260.2,0,57,8:53:20
3.92,2.84,88.5,346.9,251.3,0,57,8:53:25
3.99,2.78,88.6,353.5,246.3,0,57,8:53:30
3.98,2.81,88.6,352.6,249,0,57,8:53:35
3.94,2.82,88.6,349.1,249.9,0,56,8:53:40
1.92,4.52,88.2,169.3,398.7,0,56,8:53:45
3.68,3.03,88.5,325.7,268.2,0,56,8:53:50
2.32,4.17,88.3,204.9,368.2,0,56,8:53:55
3.9,2.86,88.6,345.5,253.4,0,56,8:54:00
4,2.79,88.5,354,246.9,0,55,8:54:05
4.05,2.74,88.6,358.8,242.8,0,55,8:54:10
4.08,2.69,88.5,361.1,238.1,0,55,8:54:15
4.07,2.72,88.6,360.6,241,0,55,8:54:20
4,2.8,88.6,354.4,248.1,0,55,8:54:25
3.45,3.22,88.4,305,284.6,0,55,8:54:30
4.26,4.58,88.1,375.3,403.5,0,55,8:54:35
4.19,4.6,88.1,369.1,405.3,0,55,8:54:40
4.25,4.53,88.1,374.4,399.1,0,55,8:54:45
4.31,4.45,88.2,380.1,392.5,0,54,8:54:50
4.15,4.61,88.1,365.6,406.1,0,53,8:54:55
4.25,4.53,88.1,374.4,399.1,0,54,8:55:00
3.06,5.54,87.9,269,487,0,55,8:55:05
4.05,5.64,88,356.4,496.3,0,56,8:55:10
4.18,5.55,87.9,367.4,487.8,0,57,8:55:15
4.21,5.5,87.9,370.1,483.5,0,57,8:55:20
4.2,5.55,87.9,369.2,487.8,0,58,8:55:25
4.25,5.49,87.9,373.6,482.6,0,58,8:55:30
2.66,6.85,87.6,233,600.1,0,57,8:55:35
3.62,6,87.7,317.5,526.2,0,57,8:55:40
1.06,8.09,87.4,92.6,707.1,0,56,8:55:45
4.13,5.59,87.8,362.6,490.8,0,55,8:55:50
4.21,5.53,87.8,369.6,485.5,0,55,8:55:55
4.29,5.45,87.8,376.7,478.5,0,56,8:56:00
4.35,5.44,87.8,381.9,477.6,0,57,8:56:05
4.26,5.48,87.8,374,481.1,0,58,8:56:10
4.25,5.51,87.8,373.2,483.8,0,60,8:56:15
4.16,5.59,87.8,365.2,490.8,0,61,8:56:20
4.41,3.45,88.2,389,304.3,0,62,8:56:25
4.12,3.67,88.2,363.4,323.7,0,62,8:56:30
3.68,1.06,88.6,326,93.9,0,63,8:56:35
4,0.84,88.7,354.8,74.5,0,63,8:56:40
1.49,2.95,88.4,131.7,260.8,0,65,8:56:45
1.34,3,88.4,118.5,265.2,0,66,8:56:50
4.13,0.82,88.7,366.3,72.7,0,68,8:56:55
4.27,2.05,88.5,377.9,181.4,0,69,8:57:00
4.39,2.23,88.5,388.5,197.4,0,69,8:57:05
4.38,2.59,88.4,387.2,229,0,69,8:57:10
4.39,3.69,88.2,387.2,325.5,0,67,8:57:15
4.32,3.95,88.2,381,348.4,0,66,8:57:20
4.36,3.5,88.3,385,309.1,0,64,8:57:25
3.19,4.48,88.1,281,394.7,0,63,8:57:30
4.28,3.63,88.3,377.9,320.5,0,63,8:57:35
4.25,3.55,88.3,375.3,313.5,0,62,8:57:40
3.23,4.39,88.1,284.6,386.8,0,61,8:57:45
4.2,3.64,88.3,370.9,321.4,0,62,8:57:50
4.42,3.36,88.3,390.3,296.7,0,62,8:57:55
4.47,3.47,88.3,394.7,306.4,0,62,8:58:00
4.27,3.53,88.2,376.6,311.3,0,61,8:58:05
4.17,4.62,88,367,406.6,0,60,8:58:10
4.23,4.58,88,372.2,403,0,59,8:58:15
4.26,4.54,88,374.9,399.5,0,58,8:58:20
4.05,4.72,88,356.4,415.4,0,58,8:58:25
4.06,4.71,88,357.3,414.5,0,58,8:58:30
4.15,4.62,88,365.2,406.6,0,59,8:58:35
4.06,2.72,88.3,358.5,240.2,0,59,8:58:40
4.12,2.7,88.3,363.8,238.4,0,60,8:58:45
4.01,2.79,88.3,354.1,246.4,0,60,8:58:50
3.53,3.18,88.3,311.7,280.8,0,61,8:58:55
3.56,3.13,88.3,314.3,276.4,0,62,8:59:00
3.6,3.18,88.3,317.9,280.8,0,64,8:59:05
3.6,3.23,88.3,317.9,285.2,0,66,8:59:10
3.91,2.6,88.3,345.3,229.6,0,66,8:59:15
3.61,2.86,88.3,318.8,252.5,0,66,8:59:20
3.71,3.06,88.3,327.6,270.2,0,65,8:59:25
3.76,2.97,88.3,332,262.3,0,65,8:59:30
3.74,2.98,88.3,330.2,263.1,0,66,8:59:35
3.75,2.81,88.4,331.5,248.4,0,67,8:59:40
3.77,3.3,88.2,332.5,291.1,0,68,8:59:45
3.8,3.31,88.2,335.2,291.9,0,67,8:59:50
4.19,2.17,88.5,370.8,192,0,67,8:59:55
4.14,2.54,88.4,366,224.5,0,66,9:00:00
4.28,2.54,88.4,378.4,224.5,0,65,9:00:05
4.3,2.53,88.4,380.1,223.7,0,64,9:00:10
4.31,2.57,88.4,381,227.2,0,63,9:00:15
4.42,2.41,88.4,390.7,213,0,61,9:00:20
4.36,2.48,88.4,385.4,219.2,0,60,9:00:25
4.43,2.42,88.4,391.6,213.9,0,59,9:00:30
4.39,2.48,88.4,388.1,219.2,0,60,9:00:35
4.29,2.49,88.4,379.2,220.1,0,60,9:00:40
4.35,2.51,88.4,384.5,221.9,0,61,9:00:45
4.44,2.37,88.4,392.5,209.5,0,61,9:00:50
4.4,2.5,88.4,389,221,0,61,9:00:55
4.55,2.27,88.4,402.2,200.7,0,60,9:01:00
4.52,2.32,88.4,399.6,205.1,0,60,9:01:05
4.59,2.32,88.4,405.8,205.1,0,59,9:01:10
4.65,2.26,88.4,411.1,199.8,0,59,9:01:15
4.68,2.2,88.5,414.2,194.7,0,58,9:01:20
4.62,3.25,88.3,407.9,287,0,56,9:01:25
4.59,3.3,88.3,405.3,291.4,0,55,9:01:30
4.45,3.42,88.3,392.9,302,0,54,9:01:35
4.42,3.41,88.3,390.3,301.1,0,54,9:01:40
4.55,3.34,88.2,401.3,294.6,0,53,9:01:45
4.58,3.29,88.3,404.4,290.5,0,53,9:01:50
4.41,3.42,88.2,389,301.6,0,53,9:01:55
4.36,3.48,88.2,384.6,306.9,0,54,9:02:00
4.38,3.45,88.2,386.3,304.3,0,54,9:02:05
4.42,3.03,88.3,390.3,267.5,0,55,9:02:10
4.69,2.19,88.4,414.6,193.6,0,55,9:02:15
4.43,2.41,88.4,391.6,213,0,55,9:02:20
4.53,2.33,88.4,400.5,206,0,55,9:02:25
4.51,2.34,88.4,398.7,206.9,0,56,9:02:30
4.42,2.43,88.4,390.7,214.8,0,56,9:02:35
4.43,2.41,88.4,391.6,213,0,56,9:02:40
4.44,2.41,88.4,392.5,213,0,57,9:02:45
4.46,2.38,88.4,394.3,210.4,0,57,9:02:50
4.46,2.41,88.4,394.3,213,0,57,9:02:55
4.47,2.38,88.4,395.1,210.4,0,57,9:03:00
4.33,2.51,88.3,382.3,221.6,0,56,9:03:05
4.42,2.42,88.4,390.7,213.9,0,56,9:03:10
4.3,2.53,88.3,379.7,223.4,0,56,9:03:15
4.47,3.42,88.2,394.3,301.6,0,57,9:03:20
4.43,3.43,88.2,390.7,302.5,0,57,9:03:25
4.43,3.4,88.2,390.7,299.9,0,57,9:03:30
4.47,3.41,88.2,394.3,300.8,0,56,9:03:35
4.54,3.34,88.2,400.4,294.6,0,56,9:03:40
4.57,3.32,88.2,403.1,292.8,0,56,9:03:45
4.53,3.36,88.2,399.5,296.4,0,55,9:03:50
4.58,3.32,88.2,404,292.8,0,54,9:03:55
4.47,3.4,88.1,393.8,299.5,0,53,9:04:00
4.55,4.28,88,400.4,376.6,0,53,9:04:05
4.52,4.34,88,397.8,381.9,0,53,9:04:10
4.56,4.3,88,401.3,378.4,0,53,9:04:15
4.55,4.31,88,400.4,379.3,0,54,9:04:20
4.49,2.76,88.2,396,243.4,0,55,9:04:25
4.48,2.39,88.3,395.6,211,0,55,9:04:30
4.58,2.28,88.3,404.4,201.3,0,55,9:04:35
4.49,2.36,88.3,396.5,208.4,0,55,9:04:40
4.57,2.26,88.3,403.5,199.6,0,55,9:04:45
4.56,2.27,88.3,402.6,200.4,0,55,9:04:50
4.64,2.24,88.4,410.2,198,0,55,9:04:55
4.5,2.36,88.3,397.4,208.4,0,54,9:05:00
4.58,2.3,88.3,404.4,203.1,0,54,9:05:05
4.54,2.31,88.3,400.9,204,0,55,9:05:10
4.49,2.36,88.3,396.5,208.4,0,57,9:05:15
5.23,1.74,88.5,462.9,154,0,56,9:05:20
4.54,2.33,88.3,400.9,205.7,0,56,9:05:25
4.66,2.23,88.4,411.9,197.1,0,54,9:05:30
4.57,2.3,88.3,403.5,203.1,0,53,9:05:35
4.58,2.32,88.4,404.9,205.1,0,52,9:05:40
4.61,4.27,88,405.7,375.8,0,53,9:05:45
4.66,4.22,88,410.1,371.4,0,54,9:05:50
4.52,4.31,88,397.8,379.3,0,54,9:05:55
4.58,4.28,88,403,376.6,0,54,9:06:00
4.59,4.26,88,403.9,374.9,0,53,9:06:05
4.64,6.14,87.6,406.5,537.9,0,53,9:06:10
4.6,6.2,87.5,402.5,542.5,0,53,9:06:15
4.64,6.16,87.5,406,539,0,52,9:06:20
4.65,6.13,87.5,406.9,536.4,0,53,9:06:25
4.6,6.18,87.5,402.5,540.8,0,53,9:06:30
4.66,7.09,87.3,406.8,619,0,55,9:06:35
4.62,3.19,88.1,407,281,0,55,9:06:40
4.55,3.26,88,400.4,286.9,0,55,9:06:45
4.73,1.11,88.5,418.6,98.2,0,55,9:06:50
4.6,1.24,88.5,407.1,109.7,0,55,9:06:55
4.63,1.25,88.6,410.2,110.8,0,55,9:07:00
4.45,1.35,88.5,393.8,119.5,0,54,9:07:05
4.56,1.28,88.5,403.6,113.3,0,54,9:07:10
4.63,1.21,88.6,410.2,107.2,0,53,9:07:15
4.58,1.27,88.5,405.3,112.4,0,52,9:07:20
4.7,3.51,88,413.6,308.9,0,52,9:07:25
4.69,4.17,88,412.7,367,0,52,9:07:30
4.65,4.18,87.9,408.7,367.4,0,51,9:07:35
4.69,4.13,87.9,412.3,363,0,51,9:07:40
4.65,4.16,87.9,408.7,365.7,0,51,9:07:45
4.7,4.13,88,413.6,363.4,0,51,9:07:50
4.81,5.98,87.5,420.9,523.3,0,52,9:07:55
4.75,6.04,87.5,415.6,528.5,0,53,9:08:00
4.54,6.22,87.4,396.8,543.6,0,54,9:08:05
4.56,6.18,87.4,398.5,540.1,0,53,9:08:10
4.67,6.1,87.4,408.2,533.1,0,52,9:08:15
4.62,6.16,87.4,403.8,538.4,0,52,9:08:20
4.57,6.15,87.4,399.4,537.5,0,53,9:08:25
4.73,6.05,87.4,413.4,528.8,0,54,9:08:30
4.61,6.17,87.4,402.9,539.3,0,55,9:08:35
4.61,6.14,87.4,402.9,536.6,0,56,9:08:40
4.59,6.2,87.4,401.2,541.9,0,57,9:08:45
4.61,6.12,87.4,402.9,534.9,0,57,9:08:50
4.64,6.13,87.4,405.5,535.8,0,58,9:08:55
4.74,6.01,87.4,414.3,525.3,0,59,9:09:00
4.85,5.98,87.4,423.9,522.7,0,59,9:09:05
4.67,6.09,87.4,408.2,532.3,0,59,9:09:10
4.85,5.94,87.4,423.9,519.2,0,59,9:09:15
4.73,6.05,87.4,413.4,528.8,0,57,9:09:20
4.82,5.98,87.4,421.3,522.7,0,57,9:09:25
4.78,6.03,87.4,417.8,527,0,57,9:09:30
4.7,6.11,87.4,410.8,534,0,57,9:09:35
4.84,5.98,87.4,423,522.7,0,56,9:09:40
4.83,5.98,87.4,422.1,522.7,0,56,9:09:45
4.94,5.95,87.4,431.8,520,0,57,9:09:50
4.88,4.56,87.6,427.5,399.5,0,57,9:09:55
4.81,3.06,88,423.3,269.3,0,57,9:10:00
4.81,3.06,88,423.3,269.3,0,57,9:10:05
4.87,3.02,88,428.6,265.8,0,58,9:10:10
4.86,3.02,88,427.7,265.8,0,58,9:10:15
4.85,3.02,88,426.8,265.8,0,58,9:10:20
4.82,3.09,88,424.2,271.9,0,58,9:10:25
4.89,2.98,88,430.3,262.2,0,58,9:10:30
4.8,3.07,88,422.4,270.2,0,58,9:10:35
5.02,2.86,88,441.8,251.7,0,58,9:10:40
5.02,2.88,88,441.8,253.4,0,57,9:10:45
4.66,3.17,88,410.1,279,0,55,9:10:50
4.72,3.17,88,415.4,279,0,55,9:10:55
4.79,5.03,87.5,419.1,440.1,0,56,9:11:00
4.92,6.89,87.2,429,600.8,0,58,9:11:05
4.93,6.9,87.2,429.9,601.7,0,61,9:11:10
4.96,6.85,87.2,432.5,597.3,0,62,9:11:15
5.01,6.83,87.1,436.4,594.9,0,63,9:11:20
5.16,6.77,87.1,449.4,589.7,0,63,9:11:25
5.08,6.79,87.1,442.5,591.4,0,62,9:11:30
5.05,6.81,87.1,439.9,593.2,0,62,9:11:35
4.95,6.86,87.1,431.1,597.5,0,61,9:11:40
5.16,6.7,87.1,449.4,583.6,0,59,9:11:45
5.11,6.73,87.1,445.1,586.2,0,57,9:11:50
5.06,6.76,87.1,440.7,588.8,0,56,9:11:55
5.13,6.7,87.1,446.8,583.6,0,54,9:12:00
5.13,6.7,87.1,446.8,583.6,0,54,9:12:05
5.07,6.75,87.1,441.6,587.9,0,54,9:12:10
5.05,6.77,87.1,439.9,589.7,0,54,9:12:15
5.11,6.78,87.1,445.1,590.5,0,55,9:12:20
5.13,6.7,87.1,446.8,583.6,0,57,9:12:25
5.02,6.76,87.1,437.2,588.8,0,58,9:12:30
5.09,6.73,87.1,443.3,586.2,0,58,9:12:35
5.22,6.62,87.1,454.7,576.6,0,57,9:12:40
5,6.79,87.1,435.5,591.4,0,56,9:12:45
4.94,6.86,87,429.8,596.8,0,56,9:12:50
4.89,6.9,87,425.4,600.3,0,57,9:12:55
4.9,6.93,87,426.3,602.9,0,59,9:13:00
4.96,6.85,87,431.5,596,0,60,9:13:05
4.77,3.01,87.7,418.3,264,0,61,9:13:10
4.55,3.23,87.7,399,283.3,0,63,9:13:15
4.29,3.46,87.7,376.2,303.4,0,64,9:13:20
4.5,3.58,87.7,394.7,314,0,66,9:13:25
4.48,3.84,87.6,392.4,336.4,0,66,9:13:30
4.55,3.78,87.6,398.6,331.1,0,67,9:13:35
4.97,2.21,87.9,436.9,194.3,0,67,9:13:40
4.96,2.5,88,436.5,220,0,67,9:13:45
4.85,2.69,87.8,425.8,236.2,0,67,9:13:50
4.86,1.96,88,427.7,172.5,0,67,9:13:55
5.02,2.11,88,441.8,185.7,0,67,9:14:00
5.03,1.46,88.1,443.1,128.6,0,66,9:14:05
4.92,2.03,88,433,178.6,0,65,9:14:10
5.05,1.93,88,444.4,169.8,0,65,9:14:15
4.96,1.93,88,436.5,169.8,0,64,9:14:20
5.1,1.85,88,448.8,162.8,0,63,9:14:25
5.09,1.82,88.1,448.4,160.3,0,62,9:14:30
5.17,1.78,88.1,455.5,156.8,0,62,9:14:35
5.2,1.77,88.1,458.1,155.9,0,61,9:14:40
5.09,1.86,88,447.9,163.7,0,60,9:14:45
5.09,1.82,88,447.9,160.2,0,59,9:14:50
5.23,1.73,88.1,460.8,152.4,0,59,9:14:55
5.32,1.65,88.1,468.7,145.4,0,58,9:15:00
5.25,1.71,88.1,462.5,150.7,0,57,9:15:05
5.16,1.77,88.1,454.6,155.9,0,57,9:15:10
5.23,1.7,88.1,460.8,149.8,0,57,9:15:15
5.21,1.75,88.1,459,154.2,0,57,9:15:20
5.27,1.72,88.1,464.3,151.5,0,58,9:15:25
5.25,1.73,88.1,462.5,152.4,0,57,9:15:30
5.45,1.55,88.1,480.1,136.6,0,57,9:15:35
5.37,1.63,88.1,473.1,143.6,0,57,9:15:40
5.29,2.7,88,465.5,237.6,0,56,9:15:45
5.34,2.66,88,469.9,234.1,0,57,9:15:50
5.3,2.7,87.9,465.9,237.3,0,57,9:15:55
5.29,2.69,88,465.5,236.7,0,57,9:16:00
5.38,2.64,88,473.4,232.3,0,57,9:16:05
5.42,2.59,88,477,227.9,0,57,9:16:10
5.57,2.46,88,490.2,216.5,0,56,9:16:15
5.48,2.53,88,482.2,222.6,0,56,9:16:20
5.45,2.56,87.9,479.1,225,0,55,9:16:25
5.35,2.65,88,470.8,233.2,0,55,9:16:30
5.11,2.86,87.9,449.2,251.4,0,55,9:16:35
4.72,3.15,87.7,413.9,276.3,0,54,9:16:40
4.66,3.2,87.8,409.1,281,0,54,9:16:45
4.83,3.06,87.8,424.1,268.7,0,54,9:16:50
4.94,2.96,87.8,433.7,259.9,0,54,9:16:55
4.75,3.12,87.8,417.1,273.9,0,54,9:17:00
5.04,2.92,87.8,442.5,256.4,0,54,9:17:05
5.36,2.63,87.9,471.1,231.2,0,54,9:17:10
5.42,2.55,88,477,224.4,0,55,9:17:15
5.44,2.58,87.9,478.2,226.8,0,55,9:17:20
5.47,2.57,87.9,480.8,225.9,0,54,9:17:25
5.44,2.54,87.9,478.2,223.3,0,53,9:17:30
5.55,2.46,88,488.4,216.5,0,50,9:17:35
5.5,2.49,87.9,483.5,218.9,0,48,9:17:40
5.52,2.46,87.9,485.2,216.2,0,47,9:17:45
5.42,2.55,87.9,476.4,224.1,0,46,9:17:50
5.44,2.53,87.9,478.2,222.4,0,46,9:17:55
5.33,2.62,87.9,468.5,230.3,0,46,9:18:00
5.56,2.46,88,489.3,216.5,0,45,9:18:05
5.62,2.38,88,494.6,209.4,0,45,9:18:10
5.53,2.45,87.9,486.1,215.4,0,45,9:18:15
5.66,2.35,88,498.1,206.8,0,45,9:18:20
5.65,2.34,88,497.2,205.9,0,44,9:18:25
5.47,2.54,87.9,480.8,223.3,0,44,9:18:30
5.49,2.5,87.9,482.6,219.8,0,45,9:18:35
5.34,2.63,87.9,469.4,231.2,0,46,9:18:40
5.53,2.44,87.9,486.1,214.5,0,47,9:18:45
5.66,2.45,87.9,497.5,215.4,0,48,9:18:50
5.64,2.36,87.9,495.8,207.4,0,49,9:18:55
5.46,2.53,87.9,479.9,222.4,0,50,9:19:00
5.27,2.71,87.8,462.7,237.9,0,51,9:19:05
5.46,2.56,87.9,479.9,225,0,52,9:19:10
5.66,2.37,88,498.1,208.6,0,52,9:19:15
5.64,2.4,88,496.3,211.2,0,52,9:19:20
5.66,2.4,88,498.1,211.2,0,52,9:19:25
5.41,2.6,87.9,475.5,228.5,0,52,9:19:30
5.44,2.54,87.9,478.2,223.3,0,52,9:19:35
5.54,2.47,87.9,487,217.1,0,51,9:19:40
5.29,2.7,87.8,464.5,237.1,0,51,9:19:45
5.46,2.54,87.9,479.9,223.3,0,50,9:19:50
5.49,2.48,87.9,482.6,218,0,48,9:19:55
5.49,2.5,87.8,482,219.5,0,47,9:20:00
5.56,2.48,87.9,488.7,218,0,47,9:20:05
5.4,2.57,87.9,474.7,225.9,0,47,9:20:10
5.52,2.49,87.9,485.2,218.9,0,48,9:20:15
5.59,2.44,87.9,491.4,214.5,0,49,9:20:20
5.61,2.45,87.8,492.6,215.1,0,51,9:20:25
5.52,2.5,87.9,485.2,219.8,0,52,9:20:30
5.66,2.38,88,498.1,209.4,0,52,9:20:35
5.54,2.52,87.8,486.4,221.3,0,51,9:20:40
5.55,2.46,87.9,487.8,216.2,0,49,9:20:45
5.54,2.46,87.8,486.4,216,0,48,9:20:50
5.41,2.57,87.8,475,225.6,0,46,9:20:55
5.68,2.33,87.9,499.3,204.8,0,47,9:21:00
5.55,3.46,87.7,486.7,303.4,0,47,9:21:05
5.69,2.32,87.9,500.2,203.9,0,48,9:21:10
5.67,2.36,87.9,498.4,207.4,0,49,9:21:15
5.46,2.6,87.8,479.4,228.3,0,50,9:21:20
5.48,2.5,87.9,481.7,219.8,0,50,9:21:25
5.48,2.51,87.8,481.1,220.4,0,50,9:21:30
5.59,2.4,87.9,491.4,211,0,49,9:21:35
5.57,2.43,87.9,489.6,213.6,0,46,9:21:40
5.46,2.53,87.8,479.4,222.1,0,44,9:21:45
5.49,2.52,87.8,482,221.3,0,42,9:21:50
5.43,2.52,87.8,476.8,221.3,0,41,9:21:55
5.06,2.86,87.7,443.8,250.8,0,41,9:22:00
4.77,3.08,87.7,418.3,270.1,0,41,9:22:05
4.8,3.06,87.7,421,268.4,0,42,9:22:10
4.73,3.12,87.7,414.8,273.6,0,43,9:22:15
4.91,2.98,87.7,430.6,261.3,0,44,9:22:20
4.92,2.96,87.7,431.5,259.6,0,45,9:22:25
4.92,2.94,87.7,431.5,257.8,0,47,9:22:30
4.91,2.99,87.7,430.6,262.2,0,50,9:22:35
4.94,2.97,87.7,433.2,260.5,0,52,9:22:40
4.86,3.04,87.7,426.2,266.6,0,55,9:22:45
4.94,2.99,87.7,433.2,262.2,0,58,9:22:50
5.05,3.02,87.7,442.9,264.9,0,60,9:22:55
5,2.92,87.7,438.5,256.1,0,61,9:23:00
4.97,3,87.7,435.9,263.1,0,61,9:23:05
4.98,2.9,87.7,436.7,254.3,0,62,9:23:10
5.03,2.85,87.7,441.1,249.9,0,63,9:23:15
5.16,2.81,87.7,452.5,246.4,0,63,9:23:20
5.07,2.84,87.7,444.6,249.1,0,64,9:23:25
5.18,2.79,87.7,454.3,244.7,0,64,9:23:30
5.27,2.73,87.7,462.2,239.4,0,64,9:23:35
5.36,2.62,87.7,470.1,229.8,0,64,9:23:40
5.6,2.44,87.8,491.7,214.2,0,64,9:23:45
5.51,2.53,87.8,483.8,222.1,0,64,9:23:50
5.47,3.11,87.7,479.7,272.7,0,66,9:23:55
5.38,1.59,87.9,472.9,139.8,0,68,9:24:00
5.34,0.95,88.1,470.5,83.7,0,69,9:24:05
5.59,1.4,88,491.9,123.2,0,69,9:24:10
5.54,2.1,87.9,487,184.6,0,68,9:24:15
5.64,2.44,87.9,495.8,214.5,0,67,9:24:20
5.64,2.39,87.8,495.2,209.8,0,67,9:24:25
6.08,1.26,88.1,535.6,111,0,67,9:24:30
5.51,3.01,87.7,483.2,264,0,67,9:24:35
5.51,2.04,87.9,484.3,179.3,0,67,9:24:40
5.38,2.32,87.8,472.4,203.7,0,67,9:24:45
5.17,3.25,87.6,452.9,284.7,0,66,9:24:50
5.24,2.96,87.7,459.5,259.6,0,67,9:24:55
5.44,1.96,87.8,477.6,172.1,0,67,9:25:00
5.53,3.09,87.6,484.4,270.7,0,67,9:25:05
5.6,2.85,87.7,491.1,249.9,0,66,9:25:10
5.51,2.52,87.8,483.8,221.3,0,65,9:25:15
5.66,2.39,87.8,496.9,209.8,0,63,9:25:20
5.58,2.46,87.8,489.9,216,0,62,9:25:25
5.52,2.48,87.7,484.1,217.5,0,62,9:25:30
5.51,2.53,87.7,483.2,221.9,0,62,9:25:35
5.53,2.49,87.7,485,218.4,0,61,9:25:40
5.48,2.61,87.7,480.6,228.9,0,62,9:25:45
5.63,2.35,87.8,494.3,206.3,0,62,9:25:50
5.45,2.59,87.7,478,227.1,0,64,9:25:55
5.51,2.39,88,484.9,210.3,0,66,9:26:00
5.48,1.93,87.8,481.1,169.5,0,68,9:26:05
5.49,1.17,88,483.1,103,0,69,9:26:10
5.71,1.22,88,502.5,107.4,0,69,9:26:15
5.61,1.38,88,493.7,121.4,0,68,9:26:20
5.55,1.79,87.9,487.8,157.3,0,68,9:26:25
5.55,1.64,88,488.4,144.3,0,68,9:26:30
5.57,1.7,87.9,489.6,149.4,0,68,9:26:35
5.66,1.97,87.9,497.5,173.2,0,68,9:26:40
5.55,1.63,87.9,487.8,143.3,0,68,9:26:45
5.53,1.61,87.9,486.1,141.5,0,68,9:26:50
5.43,2.01,87.9,477.3,176.7,0,67,9:26:55
5.37,2.78,87.7,470.9,243.8,0,67,9:27:00
5.43,2.3,87.8,476.8,201.9,0,68,9:27:05
5.62,1.23,88,494.6,108.2,0,69,9:27:10
5.44,1.12,88,478.7,98.6,0,69,9:27:15
5.57,1.01,88.1,490.7,89,0,69,9:27:20
5.62,1.03,88.1,495.1,90.7,0,69,9:27:25
5.52,1.11,88,485.8,97.7,0,69,9:27:30
5.59,0.97,88.1,492.5,85.5,0,69,9:27:35
5.64,0.99,88.1,496.9,87.2,0,69,9:27:40
5.62,0.62,88.1,495.1,54.6,0,70,9:27:45
5.84,0.61,88.2,515.1,53.8,0,69,9:27:50
5.63,0.58,88.1,496,51.1,0,69,9:27:55
5.68,0.95,88.1,500.4,83.7,0,69,9:28:00
5.73,1.38,88,504.2,121.4,0,68,9:28:05
5.96,2.76,87.7,522.7,242.1,0,66,9:28:10
5.96,2.19,87.9,523.9,192.5,0,64,9:28:15
5.79,2.29,87.8,508.4,201.1,0,63,9:28:20
5.94,2.23,87.8,521.5,195.8,0,63,9:28:25
5.8,2.31,87.8,509.2,202.8,0,63,9:28:30
5.79,2.28,87.8,508.4,200.2,0,64,9:28:35
5.85,2.31,87.7,513,202.6,0,65,9:28:40
5.83,2.86,87.7,511.3,250.8,0,67,9:28:45
5.73,1.67,87.9,503.7,146.8,0,68,9:28:50
5.83,0.72,88.1,513.6,63.4,0,69,9:28:55
5.82,1.03,88,512.2,90.6,0,69,9:29:00
5.63,1.54,87.9,494.9,135.4,0,69,9:29:05
5.88,1.33,88,517.4,117,0,68,9:29:10
5.9,1.35,88,519.2,118.8,0,68,9:29:15
5.73,1.6,87.9,503.7,140.6,0,67,9:29:20
5.73,1.52,88,504.2,133.8,0,67,9:29:25
5.67,2.75,87.7,497.3,241.2,0,67,9:29:30
5.64,2.91,87.7,494.6,255.2,0,66,9:29:35
5.66,2.12,87.9,497.5,186.3,0,65,9:29:40
5.72,2.38,87.7,501.6,208.7,0,64,9:29:45
6.08,2.21,87.9,534.4,194.3,0,64,9:29:50
5.69,2.36,87.7,499,207,0,63,9:29:55
5.75,2.46,87.8,504.9,216,0,63,9:30:00
5.68,2.35,87.8,498.7,206.3,0,63,9:30:05
5.68,2.41,87.7,498.1,211.4,0,64,9:30:10
5.64,2.46,87.7,494.6,215.7,0,64,9:30:15
5.52,2.52,87.7,484.1,221,0,64,9:30:20
5.59,2.49,87.7,490.2,218.4,0,64,9:30:25
5.69,2.39,87.7,499,209.6,0,63,9:30:30
5.77,2.33,87.8,506.6,204.6,0,64,9:30:35
5.71,2.51,87.8,501.3,220.4,0,64,9:30:40
5.83,2.41,87.7,511.3,211.4,0,64,9:30:45
5.95,2.2,87.8,522.4,193.2,0,64,9:30:50
5.92,2.18,87.8,519.8,191.4,0,63,9:30:55
5.82,2.23,87.8,511,195.8,0,62,9:31:00
5.94,2.24,87.8,521.5,196.7,0,61,9:31:05
5.65,2.42,87.7,495.5,212.2,0,61,9:31:10
5.45,-4.77,89,485.1,-424.5,0,59,9:31:15
5.36,-29.64,93.7,502.2,-2777.3,0,49,9:31:20
6.02,-5.31,89.5,538.8,-475.2,0,35,9:31:25
5.62,-15.97,91.4,513.7,-1459.7,0,30,9:31:30
5.61,-11.14,90.6,508.3,-1009.3,0,24,9:31:35
5.6,-4.92,89.4,500.6,-439.8,0,19,9:31:40
4.9,-4.26,89.3,437.6,-380.4,0,15,9:31:45
5.87,-5.17,89.5,525.4,-462.7,0,11,9:31:50
5.87,-5.16,89.5,525.4,-461.8,0,8,9:31:55
6.19,-0.54,88.6,548.4,-47.8,0,7,9:32:00
6.24,-5.38,89.5,558.5,-481.5,0,0,9:32:05
6.11,-5.39,89.5,546.8,-482.4,0,0,9:32:10
6.14,-5.42,89.5,549.5,-485.1,0,0,9:32:15
6.18,-5.12,89.5,553.1,-458.2,0,0,9:32:20
6.64,-5.87,89.6,594.9,-526,0,3,9:32:25
6.56,-5.8,89.6,587.8,-519.7,0,0,9:32:30
6.66,-0.01,88.6,590.1,-0.9,0,0,9:32:35
6.45,-1.57,88.9,573.4,-139.6,0,0,9:32:40
6.47,-0.91,88.7,573.9,-80.7,0,3,9:32:45
6.24,-5.5,89.6,559.1,-492.8,0,0,9:32:50
6.22,-5.48,89.6,557.3,-491,0,0,9:32:55
6.2,-5.49,89.6,555.5,-491.9,0,0,9:33:00
6.2,-5.49,89.6,555.5,-491.9,0,0,9:33:05
6.19,-5.48,89.6,554.6,-491,0,0,9:33:10
6.2,-5.49,89.6,555.5,-491.9,0,0,9:33:15
6.19,-5.49,89.6,554.6,-491.9,0,0,9:33:20
6.09,-5.4,89.6,545.7,-483.8,0,0,9:33:25
6.21,-5.51,89.7,557,-494.2,0,0,9:33:30
6.22,-5.52,89.7,557.9,-495.1,0,0,9:33:35
6.26,-5.55,89.7,561.5,-497.8,0,0,9:33:40
6.11,-5.42,89.7,548.1,-486.2,0,0,9:33:45
5.85,-5.16,89.6,524.2,-462.3,0,0,9:33:50
5.43,-4.78,89.6,486.5,-428.3,0,0,9:33:55
6.17,-5.45,89.7,553.4,-488.9,0,0,9:34:00
6.16,-5.46,89.8,553.2,-490.3,0,0,9:34:05
6.18,-5.48,89.8,555,-492.1,0,0,9:34:10
6.19,-5.48,89.8,555.9,-492.1,0,0,9:34:15
6.18,-5.47,89.8,555,-491.2,0,0,9:34:20
6.19,-5.48,89.8,555.9,-492.1,0,0,9:34:25
6.19,-5.48,89.8,555.9,-492.1,0,0,9:34:30
6.21,-5.51,89.8,557.7,-494.8,0,0,9:34:35
6.2,-5.48,89.8,556.8,-492.1,0,0,9:34:40
6.21,-5.5,89.8,557.7,-493.9,0,0,9:34:45
6.2,-5.49,89.8,556.8,-493,0,0,9:34:50
6.22,-5.51,89.8,558.6,-494.8,0,0,9:34:55
6.23,-5.52,89.8,559.5,-495.7,0,0,9:35:00
6.22,-5.51,89.8,558.6,-494.8,0,0,9:35:05
6.23,-5.52,89.9,560.1,-496.2,0,0,9:35:10
6.23,-5.52,89.8,559.5,-495.7,0,0,9:35:15
6.22,-5.51,89.9,559.2,-495.3,0,0,9:35:20
6.23,-5.51,89.9,560.1,-495.3,0,0,9:35:25
6.22,-5.51,89.9,559.2,-495.3,0,0,9:35:30
6.24,-5.53,89.9,561,-497.1,0,0,9:35:35
6.24,-5.53,89.9,561,-497.1,0,0,9:35:40
6.24,-5.53,89.9,561,-497.1,0,0,9:35:45
6.22,-5.51,90,559.8,-495.9,0,0,9:35:50
6.24,-5.53,90,561.6,-497.7,0,0,9:35:55
6.24,-5.54,90,561.6,-498.6,0,0,9:36:00
6.26,-5.55,90,563.4,-499.5,0,0,9:36:05
6.26,-5.55,90,563.4,-499.5,0,0,9:36:10
6.25,-5.55,90,562.5,-499.5,0,0,9:36:15
6.26,-5.55,90,563.4,-499.5,0,0,9:36:20
6.26,-5.55,90,563.4,-499.5,0,0,9:36:25
6.27,-5.56,90,564.3,-500.4,0,0,9:36:30
6.25,-5.54,90,562.5,-498.6,0,0,9:36:35
6.26,-5.54,90,563.4,-498.6,0,0,9:36:40
6.27,-5.56,90,564.3,-500.4,0,0,9:36:45
6.27,-5.56,90,564.3,-500.4,0,0,9:36:50
6.28,-5.57,90,565.2,-501.3,0,0,9:36:55
6.27,-5.56,90,564.3,-500.4,0,0,9:37:00
6.28,-5.56,90,565.2,-500.4,0,0,9:37:05
6.28,-5.57,90,565.2,-501.3,0,0,9:37:10
6.29,-5.58,90,566.1,-502.2,0,0,9:37:15
6.28,-5.56,90.1,565.8,-501,0,0,9:37:20
6.29,-5.57,90,566.1,-501.3,0,0,9:37:25
6.27,-5.56,90.1,564.9,-501,0,0,9:37:30
6.29,-5.57,90.1,566.7,-501.9,0,0,9:37:35
6.28,-5.57,90.1,565.8,-501.9,0,0,9:37:40
6.29,-5.59,90,566.1,-503.1,0,0,9:37:45
6.31,-5.59,90.1,568.5,-503.7,0,0,9:37:50
6.31,-5.59,90.1,568.5,-503.7,0,0,9:37:55
6.31,-5.59,90.1,568.5,-503.7,0,0,9:38:00
6.3,-5.58,90.1,567.6,-502.8,0,0,9:38:05
6.32,-5.59,90.1,569.4,-503.7,0,0,9:38:10
6.31,-5.59,90.1,568.5,-503.7,0,0,9:38:15
6.33,-5.61,90.1,570.3,-505.5,0,0,9:38:20
6.34,-5.62,90.1,571.2,-506.4,0,0,9:38:25
6.31,-5.59,90.1,568.5,-503.7,0,0,9:38:30
6.34,-5.61,90.1,571.2,-505.5,0,0,9:38:35
6.32,-5.61,90.1,569.4,-505.5,0,0,9:38:40
6.34,-5.62,90.1,571.2,-506.4,0,0,9:38:45
6.34,-5.62,90.1,571.2,-506.4,0,0,9:38:50
6.35,-5.62,90.1,572.1,-506.4,0,0,9:38:55
6.34,-5.61,90.1,571.2,-505.5,0,0,9:39:00
6.32,-5.61,90.1,569.4,-505.5,0,0,9:39:05
6.34,-5.62,90.1,571.2,-506.4,0,0,9:39:10
6.36,-5.63,90.1,573,-507.3,0,0,9:39:15
6.34,-5.62,90.1,571.2,-506.4,0,0,9:39:20
6.34,-5.62,90.1,571.2,-506.4,0,0,9:39:25
6.34,-5.62,90.1,571.2,-506.4,0,0,9:39:30
6.35,-5.62,90.1,572.1,-506.4,0,0,9:39:35
6.36,-5.64,90.1,573,-508.2,0,0,9:39:40
6.37,-5.64,90.2,574.6,-508.7,0,0,9:39:45
6.36,-5.64,90.2,573.7,-508.7,0,0,9:39:50
6.37,-5.65,90.3,575.2,-510.2,0,0,9:39:55
6.38,-5.66,90.2,575.5,-510.5,0,0,9:40:00
6.39,-5.66,90.3,577,-511.1,0,0,9:40:05
6.39,-5.66,90.2,576.4,-510.5,0,0,9:40:10
6.39,-5.66,90.2,576.4,-510.5,0,0,9:40:15
6.39,-5.67,90.3,577,-512,0,0,9:40:20
6.39,-5.67,90.3,577,-512,0,0,9:40:25
6.39,-5.67,90.2,576.4,-511.4,0,0,9:40:30
6.39,-5.68,90.3,577,-512.9,0,0,9:40:35
6.39,-5.68,90.3,577,-512.9,0,0,9:40:40
6.4,-5.68,90.3,577.9,-512.9,0,0,9:40:45
6.43,-5.7,90.3,580.6,-514.7,0,0,9:40:50
6.4,-5.68,90.3,577.9,-512.9,0,0,9:40:55
6.39,-5.67,90.3,577,-512,0,0,9:41:00
6.39,-5.67,90.3,577,-512,0,0,9:41:05
6.42,-5.69,90.3,579.7,-513.8,0,0,9:41:10
6.39,-5.66,90.3,577,-511.1,0,0,9:41:15
6.42,-5.7,90.3,579.7,-514.7,0,0,9:41:20
6.43,-5.71,90.3,580.6,-515.6,0,0,9:41:25
6.43,-5.71,90.3,580.6,-515.6,0,0,9:41:30
6.43,-5.7,90.3,580.6,-514.7,0,0,9:41:35
6.43,-5.71,90.3,580.6,-515.6,0,0,9:41:40
6.44,-5.71,90.3,581.5,-515.6,0,0,9:41:45
6.43,-5.7,90.3,580.6,-514.7,0,0,9:41:50
6.43,-5.71,90.3,580.6,-515.6,0,0,9:41:55
6.44,-5.71,90.3,581.5,-515.6,0,0,9:42:00
6.44,-5.71,90.3,581.5,-515.6,0,0,9:42:05
6.44,-5.71,90.3,581.5,-515.6,0,0,9:42:10
6.44,-5.72,90.3,581.5,-516.5,0,0,9:42:15
6.45,-5.72,90.3,582.4,-516.5,0,0,9:42:20
6.45,-5.72,90.3,582.4,-516.5,0,0,9:42:25
6.45,-5.72,90.3,582.4,-516.5,0,0,9:42:30
6.47,-5.74,90.3,584.2,-518.3,0,0,9:42:35
6.46,-5.72,90.3,583.3,-516.5,0,0,9:42:40
6.49,-5.76,90.4,586.7,-520.7,0,0,9:42:45
6.46,-5.72,90.3,583.3,-516.5,0,0,9:42:50
6.45,-5.73,90.3,582.4,-517.4,0,0,9:42:55
6.47,-5.73,90.4,584.9,-518,0,0,9:43:00
6.47,-5.74,90.3,584.2,-518.3,0,0,9:43:05
6.46,-5.73,90.3,583.3,-517.4,0,0,9:43:10
6.46,-5.73,90.3,583.3,-517.4,0,0,9:43:15
6.47,-5.74,90.4,584.9,-518.9,0,0,9:43:20
6.47,-5.74,90.4,584.9,-518.9,0,0,9:43:25
6.47,-5.74,90.4,584.9,-518.9,0,0,9:43:30
6.48,-5.75,90.4,585.8,-519.8,0,0,9:43:35
6.49,-5.76,90.4,586.7,-520.7,0,0,9:43:40
6.51,-5.77,90.4,588.5,-521.6,0,0,9:43:45
6.5,-5.77,90.3,587,-521,0,0,9:43:50
6.49,-5.76,90.4,586.7,-520.7,0,0,9:43:55
6.51,-5.78,90.4,588.5,-522.5,0,0,9:44:00
6.5,-5.77,90.4,587.6,-521.6,0,0,9:44:05
6.51,-5.78,90.4,588.5,-522.5,0,0,9:44:10
6.5,-5.77,90.4,587.6,-521.6,0,0,9:44:15
6.5,-5.77,90.4,587.6,-521.6,0,0,9:44:20
6.5,-5.76,90.4,587.6,-520.7,0,0,9:44:25
6.51,-5.78,90.4,588.5,-522.5,0,0,9:44:30
6.55,-5.81,90.4,592.1,-525.2,0,0,9:44:35
6.54,-5.8,90.4,591.2,-524.3,0,0,9:44:40
6.53,-5.8,90.4,590.3,-524.3,0,0,9:44:45
6.53,-5.8,90.4,590.3,-524.3,0,0,9:44:50
6.54,-5.8,90.4,591.2,-524.3,0,0,9:44:55
6.53,-5.8,90.4,590.3,-524.3,0,0,9:45:00
6.66,-5.92,90.4,602.1,-535.2,0,0,9:45:05
6.55,-5.82,90.4,592.1,-526.1,0,0,9:45:10
6.55,-5.81,90.4,592.1,-525.2,0,0,9:45:15
6.56,-5.84,90.4,593,-527.9,0,0,9:45:20
6.55,-5.82,90.4,592.1,-526.1,0,0,9:45:25
6.54,-5.8,90.5,591.9,-524.9,0,0,9:45:30
6.56,-5.82,90.5,593.7,-526.7,0,0,9:45:35
6.57,-5.83,90.4,593.9,-527,0,0,9:45:40
6.56,-5.82,90.5,593.7,-526.7,0,0,9:45:45
6.55,-5.82,90.4,592.1,-526.1,0,0,9:45:50
6.57,-5.83,90.4,593.9,-527,0,0,9:45:55
6.58,-5.84,90.5,595.5,-528.5,0,0,9:46:00
6.56,-5.82,90.5,593.7,-526.7,0,0,9:46:05
6.56,-5.83,90.5,593.7,-527.6,0,0,9:46:10
6.57,-5.84,90.5,594.6,-528.5,0,0,9:46:15
6.57,-5.83,90.5,594.6,-527.6,0,0,9:46:20
6.57,-5.83,90.5,594.6,-527.6,0,0,9:46:25
6.59,-5.85,90.5,596.4,-529.4,0,0,9:46:30
6.61,-5.87,90.5,598.2,-531.2,0,0,9:46:35
6.58,-5.85,90.5,595.5,-529.4,0,0,9:46:40
6.58,-5.84,90.6,596.1,-529.1,0,0,9:46:45
6.56,-5.84,90.6,594.3,-529.1,0,0,9:46:50
6.59,-5.85,90.6,597.1,-530,0,0,9:46:55
6.59,-5.86,90.6,597.1,-530.9,0,0,9:47:00
6.58,-5.85,90.6,596.1,-530,0,0,9:47:05
6.61,-5.88,90.6,598.9,-532.7,0,0,9:47:10
6.62,-5.88,90.6,599.8,-532.7,0,0,9:47:15
6.61,-5.87,90.6,598.9,-531.8,0,0,9:47:20
6.6,-5.87,90.6,598,-531.8,0,0,9:47:25
6.63,-5.89,90.6,600.7,-533.6,0,0,9:47:30
6.63,-5.9,90.6,600.7,-534.5,0,0,9:47:35
6.63,-5.88,90.6,600.7,-532.7,0,0,9:47:40
6.64,-5.89,90.6,601.6,-533.6,0,0,9:47:45
6.65,-5.91,90.6,602.5,-535.4,0,0,9:47:50
6.66,-5.92,90.6,603.4,-536.4,0,0,9:47:55
6.64,-5.9,90.6,601.6,-534.5,0,0,9:48:00
6.63,-5.89,90.6,600.7,-533.6,0,0,9:48:05
6.66,-5.92,90.6,603.4,-536.4,0,0,9:48:10
6.91,-6.15,90.6,626,-557.2,0,0,9:48:15
6.63,-5.89,90.6,600.7,-533.6,0,0,9:48:20
6.64,-5.9,90.6,601.6,-534.5,0,0,9:48:25
6.67,-5.93,90.6,604.3,-537.3,0,0,9:48:30
6.66,-5.92,90.6,603.4,-536.4,0,0,9:48:35
6.67,-5.93,90.6,604.3,-537.3,0,0,9:48:40
6.67,-5.92,90.6,604.3,-536.4,0,0,9:48:45
6.68,-5.94,90.6,605.2,-538.2,0,0,9:48:50
6.68,-5.93,90.6,605.2,-537.3,0,0,9:48:55
6.69,-5.94,90.6,606.1,-538.2,0,0,9:49:00
6.69,-5.95,90.6,606.1,-539.1,0,0,9:49:05
6.68,-5.93,90.6,605.2,-537.3,0,0,9:49:10
6.68,-5.94,90.6,605.2,-538.2,0,0,9:49:15
6.89,-6.14,90.7,624.9,-556.9,0,0,9:49:20
6.73,-5.98,90.6,609.7,-541.8,0,0,9:49:25
6.73,-5.99,90.6,609.7,-542.7,0,0,9:49:30
6.75,-6.01,90.7,612.2,-545.1,0,0,9:49:35
6.74,-6,90.6,610.6,-543.6,0,0,9:49:40
6.74,-6,90.6,610.6,-543.6,0,0,9:49:45
6.72,-5.97,90.7,609.5,-541.5,0,0,9:49:50
6.76,-6.01,90.6,612.5,-544.5,0,0,9:49:55
6.76,-6,90.7,613.1,-544.2,0,0,9:50:00
6.76,-6.01,90.6,612.5,-544.5,0,0,9:50:05
6.75,-6.01,90.7,612.2,-545.1,0,0,9:50:10
6.75,-6.01,90.7,612.2,-545.1,0,0,9:50:15
6.76,-6.02,90.7,613.1,-546,0,0,9:50:20
6.77,-6.03,90.6,613.4,-546.3,0,0,9:50:25
6.76,-6.02,90.7,613.1,-546,0,0,9:50:30
6.77,-6.02,90.7,614,-546,0,0,9:50:35
6.77,-6.02,90.7,614,-546,0,0,9:50:40
6.76,-6.01,90.7,613.1,-545.1,0,0,9:50:45
6.76,-6.02,90.7,613.1,-546,0,0,9:50:50
6.77,-6.03,90.7,614,-546.9,0,0,9:50:55
6.77,-6.02,90.7,614,-546,0,0,9:51:00
6.77,-6.02,90.7,614,-546,0,0,9:51:05
6.78,-6.04,90.7,614.9,-547.8,0,0,9:51:10
6.78,-6.04,90.7,614.9,-547.8,0,0,9:51:15
6.8,-6.05,90.7,616.8,-548.7,0,0,9:51:20
6.79,-6.04,90.7,615.9,-547.8,0,0,9:51:25
6.78,-6.04,90.7,614.9,-547.8,0,0,9:51:30
6.81,-6.06,90.7,617.7,-549.6,0,0,9:51:35
6.8,-6.04,90.7,616.8,-547.8,0,0,9:51:40
6.86,-6.11,90.7,622.2,-554.2,0,0,9:51:45
6.9,-6.14,90.7,625.8,-556.9,0,0,9:51:50
6.94,-6.18,90.8,630.2,-561.1,0,0,9:51:55
6.96,-6.19,90.7,631.3,-561.4,0,0,9:52:00
6.97,-6.22,90.7,632.2,-564.2,0,0,9:52:05
6.97,-6.21,90.7,632.2,-563.2,0,0,9:52:10
6.95,-6.19,90.8,631.1,-562.1,0,0,9:52:15
6.96,-6.19,90.7,631.3,-561.4,0,0,9:52:20
6.97,-6.21,90.8,632.9,-563.9,0,0,9:52:25
6.97,-6.21,90.8,632.9,-563.9,0,0,9:52:30
6.96,-6.2,90.8,632,-563,0,0,9:52:35
6.98,-6.22,90.8,633.8,-564.8,0,0,9:52:40
6.98,-6.21,90.8,633.8,-563.9,0,0,9:52:45
6.98,-6.21,90.8,633.8,-563.9,0,0,9:52:50
6.99,-6.22,90.9,635.4,-565.4,0,0,9:52:55
6.99,-6.23,90.9,635.4,-566.3,0,0,9:53:00
7,-6.23,90.8,635.6,-565.7,0,0,9:53:05
7,-6.24,90.9,636.3,-567.2,0,0,9:53:10
7,-6.24,90.9,636.3,-567.2,0,0,9:53:15
7.01,-6.24,90.9,637.2,-567.2,0,0,9:53:20
6.98,-6.21,90.9,634.5,-564.5,0,0,9:53:25
7,-6.23,90.9,636.3,-566.3,0,0,9:53:30
6.99,-6.22,90.9,635.4,-565.4,0,0,9:53:35
7.08,-6.32,90.9,643.6,-574.5,0,0,9:53:40
7.06,-6.29,90.9,641.8,-571.8,0,0,9:53:45
7.06,-6.3,90.9,641.8,-572.7,0,0,9:53:50
7.07,-6.31,90.9,642.7,-573.6,0,0,9:53:55
7.07,-6.3,90.9,642.7,-572.7,0,0,9:54:00
7.05,-6.28,90.9,640.8,-570.9,0,0,9:54:05
7.05,-6.29,90.9,640.8,-571.8,0,0,9:54:10
7.03,-6.27,90.9,639,-569.9,0,0,9:54:15
7.01,-6.25,90.9,637.2,-568.1,0,0,9:54:20
7.01,-6.25,90.9,637.2,-568.1,0,0,9:54:25
7,-6.24,90.9,636.3,-567.2,0,0,9:54:30
7.07,-6.3,90.9,642.7,-572.7,0,0,9:54:35
7,-6.23,90.9,636.3,-566.3,0,0,9:54:40
7.04,-6.28,90.9,639.9,-570.9,0,0,9:54:45
7.05,-6.29,90.9,640.8,-571.8,0,0,9:54:50
7.05,-6.28,90.9,640.8,-570.9,0,0,9:54:55
7.08,-6.32,90.9,643.6,-574.5,0,0,9:55:00
7.03,-6.27,90.9,639,-569.9,0,0,9:55:05
7.07,-6.3,90.9,642.7,-572.7,0,0,9:55:10
7.07,-6.31,90.9,642.7,-573.6,0,0,9:55:15
7.06,-6.3,90.9,641.8,-572.7,0,0,9:55:20
7.06,-6.3,90.9,641.8,-572.7,0,0,9:55:25
7.05,-6.28,90.9,640.8,-570.9,0,0,9:55:30
7.05,-6.29,90.9,640.8,-571.8,0,0,9:55:35
7.07,-6.31,90.9,642.7,-573.6,0,0,9:55:40
7.07,-6.3,90.9,642.7,-572.7,0,0,9:55:45
7.06,-6.31,90.9,641.8,-573.6,0,0,9:55:50
7.07,-6.3,90.9,642.7,-572.7,0,0,9:55:55
7.08,-6.31,90.9,643.6,-573.6,0,0,9:56:00
7.08,-6.32,90.9,643.6,-574.5,0,0,9:56:05
7.08,-6.32,90.9,643.6,-574.5,0,0,9:56:10
7.08,-6.32,90.9,643.6,-574.5,0,0,9:56:15
7.08,-6.33,90.9,643.6,-575.4,0,0,9:56:20
7.11,-6.35,90.9,646.3,-577.2,0,0,9:56:25
7.07,-6.3,90.9,642.7,-572.7,0,0,9:56:30
7.1,-6.33,90.9,645.4,-575.4,0,0,9:56:35
7.13,-6.36,91,648.8,-578.8,0,0,9:56:40
7.12,-6.34,91,647.9,-576.9,0,0,9:56:45
7.11,-6.35,91,647,-577.9,0,0,9:56:50
7.12,-6.35,91,647.9,-577.9,0,0,9:56:55
7.15,-6.37,90.9,649.9,-579,0,0,9:57:00
7.13,-6.37,91,648.8,-579.7,0,0,9:57:05
7.14,-6.37,91,649.7,-579.7,0,0,9:57:10
7.11,-6.34,91,647,-576.9,0,0,9:57:15
7.14,-6.36,91,649.7,-578.8,0,0,9:57:20
7.13,-6.36,91,648.8,-578.8,0,0,9:57:25
7.14,-6.37,90.9,649,-579,0,0,9:57:30
7.14,-6.37,91,649.7,-579.7,0,0,9:57:35
7.14,-6.38,91,649.7,-580.6,0,0,9:57:40
7.15,-6.37,91,650.7,-579.7,0,0,9:57:45
7.16,-6.38,90.9,650.8,-579.9,0,0,9:57:50
7.12,-6.36,91,647.9,-578.8,0,0,9:57:55
7.16,-6.39,91,651.6,-581.5,0,0,9:58:00
7.16,-6.39,91,651.6,-581.5,0,0,9:58:05
7.17,-6.39,91,652.5,-581.5,0,0,9:58:10
7.15,-6.38,91,650.7,-580.6,0,0,9:58:15
7.16,-6.39,91,651.6,-581.5,0,0,9:58:20
7.17,-6.4,91,652.5,-582.4,0,0,9:58:25
7.17,-6.39,91,652.5,-581.5,0,0,9:58:30
7.15,-6.38,91,650.7,-580.6,0,0,9:58:35
7.19,-6.42,91,654.3,-584.2,0,0,9:58:40
7.18,-6.41,91,653.4,-583.3,0,0,9:58:45
7.18,-6.41,91,653.4,-583.3,0,0,9:58:50
7.2,-6.43,91,655.2,-585.1,0,0,9:58:55
7.2,-6.43,91,655.2,-585.1,0,0,9:59:00
5.72,-5.06,90.9,519.9,-460,0,0,9:59:05
6.8,-6.06,91,618.8,-551.5,0,0,9:59:10
5.72,-5.05,90.9,519.9,-459,0,0,9:59:15
5.72,-5.06,90.9,519.9,-460,0,0,9:59:20
6.41,-5.7,90.9,582.7,-518.1,0,0,9:59:25
5.78,-5.11,90.9,525.4,-464.5,0,0,9:59:30
6.36,-5.65,90.9,578.1,-513.6,0,0,9:59:35
6.78,-6.03,91,617,-548.7,0,0,9:59:40
7.03,-6.27,91,639.7,-570.6,0,0,9:59:45
7.28,-6.49,91,662.5,-590.6,0,0,9:59:50
7.3,-6.52,91,664.3,-593.3,0,0,9:59:55
7.31,-6.53,91,665.2,-594.2,0,0,10:00:00
6.99,-6.23,91,636.1,-566.9,0,0,10:00:05
7.14,-6.38,91,649.7,-580.6,0,0,10:00:10
7.24,-6.47,91,658.8,-588.8,0,0,10:00:15
7.31,-6.53,91.1,665.9,-594.9,0,0,10:00:20
7.29,-6.5,91.1,664.1,-592.2,0,0,10:00:25
7.29,-6.5,91.1,664.1,-592.2,0,0,10:00:30
7.3,-6.52,91.1,665,-594,0,0,10:00:35
7.3,-6.51,91.1,665,-593.1,0,0,10:00:40
7.3,-6.51,91.1,665,-593.1,0,0,10:00:45
7.3,-6.52,91.2,665.8,-594.6,0,0,10:00:50
7.3,-6.52,91.1,665,-594,0,0,10:00:55
7.3,-6.52,91.2,665.8,-594.6,0,0,10:01:00
7.3,-6.52,91.2,665.8,-594.6,0,0,10:01:05
7.29,-6.5,91.1,664.1,-592.2,0,0,10:01:10
7.29,-6.5,91.1,664.1,-592.2,0,0,10:01:15
7.32,-6.54,91.2,667.6,-596.4,0,0,10:01:20
7.3,-6.52,91.2,665.8,-594.6,0,0,10:01:25
7.32,-6.53,91.2,667.6,-595.5,0,0,10:01:30
7.34,-6.56,91.2,669.4,-598.3,0,0,10:01:35
7.31,-6.53,91.2,666.7,-595.5,0,0,10:01:40
7.33,-6.55,91.2,668.5,-597.4,0,0,10:01:45
7.33,-6.55,91.2,668.5,-597.4,0,0,10:01:50
7.35,-6.57,91.2,670.3,-599.2,0,0,10:01:55
7.33,-6.55,91.2,668.5,-597.4,0,0,10:02:00
7.34,-6.55,91.2,669.4,-597.4,0,0,10:02:05
7.34,-6.53,91.2,669.4,-595.5,0,0,10:02:10
7.37,-6.59,91.2,672.1,-601,0,0,10:02:15
7.34,-6.57,91.2,669.4,-599.2,0,0,10:02:20
7.38,-6.59,91.2,673.1,-601,0,0,10:02:25
7.36,-6.58,91.2,671.2,-600.1,0,0,10:02:30
7.36,-6.58,91.2,671.2,-600.1,0,0,10:02:35
7.37,-6.59,91.2,672.1,-601,0,0,10:02:40
7.37,-6.59,91.2,672.1,-601,0,0,10:02:45
7.36,-6.45,91.2,671.2,-588.2,0,0,10:02:50
7.38,-6.49,91.2,673.1,-591.9,0,0,10:02:55
7.37,-6.59,91.2,672.1,-601,0,0,10:03:00
7.39,-6.61,91.2,674,-602.8,0,0,10:03:05
7.37,-6.59,91.2,672.1,-601,0,0,10:03:10
7.37,-6.59,91.2,672.1,-601,0,0,10:03:15
7.41,-6.62,91.2,675.8,-603.7,0,0,10:03:20
7.39,-6.61,91.2,674,-602.8,0,0,10:03:25
7.4,-6.62,91.2,674.9,-603.7,0,0,10:03:30
7.42,-6.63,91.2,676.7,-604.7,0,0,10:03:35
7.41,-6.62,91.2,675.8,-603.7,0,0,10:03:40
7.43,-6.64,91.2,677.6,-605.6,0,0,10:03:45
7.39,-6.61,91.2,674,-602.8,0,0,10:03:50
7.43,-6.64,91.2,677.6,-605.6,0,0,10:03:55
7.43,-6.64,91.2,677.6,-605.6,0,0,10:04:00
7.42,-6.61,91.2,676.7,-602.8,0,0,10:04:05
7.42,-6.63,91.2,676.7,-604.7,0,0,10:04:10
7.43,-6.63,91.3,678.4,-605.3,0,0,10:04:15
7.45,-6.66,91.3,680.2,-608.1,0,0,10:04:20
7.5,-6.71,91.3,684.8,-612.6,0,0,10:04:25
7.49,-6.7,91.2,683.1,-611,0,0,10:04:30
7.43,-6.52,91.2,677.6,-594.6,0,0,10:04:35
7.45,-6.65,91.3,680.2,-607.1,0,0,10:04:40
7.43,-6.65,91.3,678.4,-607.1,0,0,10:04:45
7.45,-6.66,91.3,680.2,-608.1,0,0,10:04:50
7.46,-6.67,91.3,681.1,-609,0,0,10:04:55
7.67,-2.05,90.5,694.1,-185.5,0,0,10:05:00
7.41,5.88,89.1,660.2,523.9,0,0,10:05:05
5.65,8.14,88.5,500,720.4,0,12,10:05:10
5.72,1.92,89.6,512.5,172,0,21,10:05:15
6.16,-5.44,90.9,559.9,-494.5,0,23,10:05:20
5.92,7.27,88.6,524.5,644.1,0,23,10:05:25
6.2,11.76,87.8,544.4,1032.5,0,32,10:05:30
5.69,12.18,87.7,499,1068.2,0,40,10:05:35
6.43,11.59,87.7,563.9,1016.4,0,45,10:05:40
6.33,8.19,88.3,558.9,723.2,0,49,10:05:45
6.72,6.85,88.4,594,605.5,0,52,10:05:50
7.07,6.6,88.5,625.7,584.1,0,55,10:05:55
6.77,6.81,88.4,598.5,602,0,58,10:06:00
7.11,6.58,88.4,628.5,581.7,0,61,10:06:05
6.97,6.11,88.5,616.8,540.7,0,64,10:06:10
6.54,6.07,88.5,578.8,537.2,0,67,10:06:15
6.15,4.67,88.7,545.5,414.2,0,68,10:06:20
6.07,4.74,88.7,538.4,420.4,0,68,10:06:25
6.44,5.37,88.6,570.6,475.8,0,67,10:06:30
6.35,6.57,88.4,561.3,580.8,0,67,10:06:35
6.5,7.24,88.2,573.3,638.6,0,66,10:06:40
6.61,7.09,88.2,583,625.3,0,66,10:06:45
6.87,6.49,88.4,607.3,573.7,0,67,10:06:50
6.77,4.78,88.6,599.8,423.5,0,68,10:06:55
6.64,3.55,88.9,590.3,315.6,0,69,10:07:00
6.59,2.19,89.2,587.8,195.3,0,69,10:07:05
6.67,0.79,89.5,597,70.7,0,70,10:07:10
6.64,-0.04,89.7,595.6,-3.6,0,71,10:07:15
6.67,0.97,89.5,597,86.8,0,70,10:07:20
7.1,1.66,89.3,634,148.2,0,70,10:07:25
7.18,1.95,89.2,640.5,173.9,0,69,10:07:30
7.22,0.72,89.5,646.2,64.4,0,70,10:07:35
7.15,-0.05,89.7,641.4,-4.5,0,70,10:07:40
7.11,-0.1,89.7,637.8,-9,0,71,10:07:45
7.31,0.63,89.5,654.2,56.4,0,70,10:07:50
7.42,2.11,89.2,661.9,188.2,0,69,10:07:55
7.52,3.34,89,669.3,297.3,0,68,10:08:00
7.4,3.82,88.9,657.9,339.6,0,68,10:08:05
7.36,3.5,89,655,311.5,0,68,10:08:10
7.45,3.33,89,663.1,296.4,0,69,10:08:15
7.34,3.3,89,653.3,293.7,0,69,10:08:20
7.33,3.27,89,652.4,291,0,68,10:08:25
7.35,3.34,89,654.2,297.3,0,68,10:08:30
7.35,3.1,89,654.2,275.9,0,69,10:08:35
7.34,2.43,89.1,654,216.5,0,69,10:08:40
7.28,1.12,89.4,650.8,100.1,0,70,10:08:45
7.16,0.89,89.4,640.1,79.6,0,70,10:08:50
7.41,1.88,89.2,661,167.7,0,69,10:08:55
7.35,2.56,89.1,654.9,228.1,0,69,10:09:00
7.42,2.69,89.1,661.1,239.7,0,69,10:09:05
7.49,3.01,89,666.6,267.9,0,69,10:09:10
7.29,4.33,88.8,647.4,384.5,0,68,10:09:15
7.45,4.91,88.7,660.8,435.5,0,67,10:09:20
7.46,5.5,88.5,660.2,486.8,0,67,10:09:25
7.3,4.68,88.6,646.8,414.6,0,68,10:09:30
7.33,4.33,88.7,650.2,384.1,0,68,10:09:35
7.39,3.51,88.9,657,312,0,68,10:09:40
7.27,3.71,88.8,645.6,329.4,0,68,10:09:45
7.46,3.49,88.9,663.2,310.3,0,68,10:09:50
7.49,3.57,88.9,665.9,317.4,0,68,10:09:55
7.26,2.63,89,646.1,234.1,0,69,10:10:00
7.34,0.89,89.4,656.2,79.6,0,70,10:10:05
7.21,-0.52,89.7,646.7,-46.6,0,71,10:10:10
7.2,-1.94,89.9,647.3,-174.4,0,72,10:10:15
7.06,-2.21,90,635.4,-198.9,0,72,10:10:20
7.19,-2.19,90,647.1,-197.1,0,72,10:10:25
7.1,-1.18,89.8,637.6,-106,0,71,10:10:30
7.07,0.39,89.5,632.8,34.9,0,70,10:10:35
7.29,1.21,89.4,651.7,108.2,0,70,10:10:40
7.29,1.91,89.3,651,170.6,0,69,10:10:45
7.42,2.87,89.1,661.1,255.7,0,69,10:10:50
7.58,3.49,88.9,673.9,310.3,0,68,10:10:55
7.48,3.46,89,665.7,307.9,0,68,10:11:00
7.6,3.65,88.9,675.6,324.5,0,68,10:11:05
7.56,3.01,89,672.8,267.9,0,68,10:11:10
7.58,4.59,88.7,672.3,407.1,0,68,10:11:15
7.48,5.27,88.5,662,466.4,0,67,10:11:20
7.55,4.57,88.7,669.7,405.4,0,67,10:11:25
7.54,5.78,88.4,666.5,511,0,67,10:11:30
7.45,6.4,88.3,657.8,565.1,0,66,10:11:35
7.51,5.37,88.6,665.4,475.8,0,67,10:11:40
7.55,4.63,88.6,668.9,410.2,0,67,10:11:45
7.64,4.07,88.7,677.7,361,0,68,10:11:50
7.58,4.03,88.7,672.3,357.5,0,68,10:11:55
7.68,4.17,88.7,681.2,369.9,0,68,10:12:00
7.55,3.45,88.8,670.4,306.4,0,68,10:12:05
7.6,2.31,89,676.4,205.6,0,69,10:12:10
7.58,1.26,89.2,676.1,112.4,0,70,10:12:15
7.54,0.34,89.4,674.1,30.4,0,70,10:12:20
7.52,0.23,89.5,673,20.6,0,70,10:12:25
7.44,0.52,89.4,665.1,46.5,0,70,10:12:30
7.33,0.3,89.5,656,26.9,0,70,10:12:35
7.23,-1.14,89.7,648.5,-102.3,0,71,10:12:40
7.07,-2.79,90,636.3,-251.1,0,72,10:12:45
7.14,-3.74,90.2,644,-337.3,0,73,10:12:50
7.29,-2.34,89.9,655.4,-210.4,0,72,10:12:55
7.54,-0.39,89.6,675.6,-34.9,0,71,10:13:00
7.62,1.09,89.4,681.2,97.4,0,70,10:13:05
7.59,1.82,89.2,677,162.3,0,69,10:13:10
7.64,2.04,89.2,681.5,182,0,69,10:13:15
7.64,2.25,89.1,680.7,200.5,0,69,10:13:20
7.59,2.58,89,675.5,229.6,0,69,10:13:25
7.69,2.83,89,684.4,251.9,0,69,10:13:30
7.71,3.6,88.8,684.6,319.7,0,68,10:13:35
7.78,3.55,88.9,691.6,315.6,0,68,10:13:40
7.76,4.24,88.7,688.3,376.1,0,68,10:13:45
7.68,4.24,88.7,681.2,376.1,0,68,10:13:50
7.71,4.09,88.7,683.9,362.8,0,68,10:13:55
7.76,3.45,88.8,689.1,306.4,0,68,10:14:00
7.73,2.99,88.9,687.2,265.8,0,69,10:14:05
7.69,2.88,88.9,683.6,256,0,68,10:14:10
7.93,3.63,88.8,704.2,322.3,0,68,10:14:15
8.01,4.14,88.7,710.5,367.2,0,67,10:14:20
7.95,5.23,88.5,703.6,462.9,0,67,10:14:25
7.9,4.17,88.6,699.9,369.5,0,67,10:14:30
7.81,3.76,88.7,692.7,333.5,0,68,10:14:35
7.85,2.87,88.9,697.9,255.1,0,68,10:14:40
7.87,3.47,88.7,698.1,307.8,0,68,10:14:45
7.9,3.18,88.9,702.3,282.7,0,68,10:14:50
7.85,3.28,88.8,697.1,291.3,0,68,10:14:55
7.85,3.11,88.9,697.9,276.5,0,68,10:15:00
7.95,3.04,88.9,706.8,270.3,0,68,10:15:05
7.93,3.29,88.8,704.2,292.2,0,68,10:15:10
8,3.07,88.8,710.4,272.6,0,68,10:15:15
7.92,2.97,88.9,704.1,264,0,68,10:15:20
7.91,2.5,89,704,222.5,0,69,10:15:25
7.91,2.26,89,704,201.1,0,69,10:15:30
7.85,1.95,89.1,699.4,173.7,0,69,10:15:35
7.84,1.97,89.1,698.5,175.5,0,69,10:15:40
7.85,1.84,89.1,699.4,163.9,0,69,10:15:45
7.89,1.1,89.2,703.8,98.1,0,70,10:15:50
7.82,-0.14,89.4,699.1,-12.5,0,70,10:15:55
7.77,0.49,89.4,694.6,43.8,0,70,10:16:00
7.91,1.02,89.3,706.4,91.1,0,70,10:16:05
7.93,1.92,89.1,706.6,171.1,0,69,10:16:10
7.86,2.01,89.1,700.3,179.1,0,69,10:16:15
7.96,2.31,89,708.4,205.6,0,69,10:16:20
8.04,2.02,89.1,716.4,180,0,69,10:16:25
8,2.47,89,712,219.8,0,69,10:16:30
7.97,3.65,88.8,707.7,324.1,0,68,10:16:35
8.04,5.06,88.5,711.5,447.8,0,67,10:16:40
7.99,5.07,88.5,707.1,448.7,0,67,10:16:45
7.97,3.82,88.7,706.9,338.8,0,68,10:16:50
7.89,2.92,88.8,700.6,259.3,0,68,10:16:55
7.83,1.52,89.1,697.7,135.4,0,69,10:17:00
7.84,1.74,89.1,698.5,155,0,69,10:17:05
8.03,2.44,89,714.7,217.2,0,68,10:17:10
8.12,4.17,88.6,719.4,369.5,0,67,10:17:15
8.18,4.55,88.6,724.7,403.1,0,67,10:17:20
8.09,5.99,88.3,714.3,528.9,0,67,10:17:25
8.06,4.55,88.6,714.1,403.1,0,67,10:17:30
8.13,4.93,88.5,719.5,436.3,0,67,10:17:35
8.16,4.32,88.6,723,382.8,0,68,10:17:40
8.11,4.07,88.6,718.5,360.6,0,68,10:17:45
8.1,3.39,88.8,719.3,301,0,68,10:17:50
8.13,3.52,88.7,721.1,312.2,0,68,10:17:55
8.13,4.16,88.6,720.3,368.6,0,67,10:18:00
8.19,6.17,88.1,721.5,543.6,0,67,10:18:05
8.14,5.66,88.3,718.8,499.8,0,67,10:18:10
8.08,4.33,88.5,715.1,383.2,0,67,10:18:15
8.1,3.54,88.6,717.7,313.6,0,68,10:18:20
7.84,3.46,88.7,695.4,306.9,0,68,10:18:25
7.87,2.89,88.8,698.9,256.6,0,68,10:18:30
7.65,3.49,88.7,678.6,309.6,0,68,10:18:35
7.62,3,88.8,676.7,266.4,0,68,10:18:40
7.88,3.05,88.8,699.7,270.8,0,68,10:18:45
7.66,3.06,88.8,680.2,271.7,0,68,10:18:50
7.63,3.26,88.7,676.8,289.2,0,68,10:18:55
7.53,3.16,88.7,667.9,280.3,0,68,10:19:00
7.55,3.58,88.6,668.9,317.2,0,68,10:19:05
7.59,4.61,88.5,671.7,408,0,67,10:19:10
7.66,5.5,88.3,676.4,485.7,0,67,10:19:15
7.62,4.49,88.5,674.4,397.4,0,67,10:19:20
7.89,4.48,88.5,698.3,396.5,0,67,10:19:25
7.98,3.9,88.6,707,345.5,0,68,10:19:30
7.84,3.13,88.8,696.2,277.9,0,68,10:19:35
7.8,3.21,88.6,691.1,284.4,0,68,10:19:40
7.76,2.78,88.8,689.1,246.9,0,68,10:19:45
7.85,3.21,88.7,696.3,284.7,0,68,10:19:50
7.73,3.04,88.7,685.7,269.6,0,68,10:19:55
7.76,3.22,88.7,688.3,285.6,0,68,10:20:00
7.84,3.44,88.7,695.4,305.1,0,68,10:20:05
7.87,4.12,88.6,697.3,365,0,67,10:20:10
7.95,5.72,88.2,701.2,504.5,0,67,10:20:15
7.97,5.64,88.3,703.8,498,0,66,10:20:20
7.94,5.56,88.3,701.1,490.9,0,66,10:20:25
8.05,4.82,88.4,711.6,426.1,0,67,10:20:30
7.98,5.21,88.3,704.6,460,0,67,10:20:35
7.86,3.51,88.6,696.4,311,0,68,10:20:40
7.74,2.49,88.8,687.3,221.1,0,68,10:20:45
7.79,2.39,88.8,691.8,212.2,0,68,10:20:50
7.81,2.93,88.7,692.7,259.9,0,68,10:20:55
7.82,2.69,88.8,694.4,238.9,0,68,10:21:00
7.93,2.7,88.8,704.2,239.8,0,68,10:21:05
7.9,2.66,88.7,700.7,235.9,0,68,10:21:10
7.89,2.78,88.8,700.6,246.9,0,68,10:21:15
7.88,3.7,88.6,698.2,327.8,0,68,10:21:20
8.02,3.55,88.6,710.6,314.5,0,68,10:21:25
7.91,2.88,88.7,701.6,255.5,0,68,10:21:30
7.82,2.57,88.8,694.4,228.2,0,69,10:21:35
7.8,2.5,88.8,692.6,222,0,69,10:21:40
7.93,2.44,88.8,704.2,216.7,0,69,10:21:45
8,2.72,88.8,710.4,241.5,0,68,10:21:50
7.95,3.17,88.7,705.2,281.2,0,68,10:21:55
8.07,3.99,88.5,714.2,353.1,0,68,10:22:00
7.99,3.94,88.5,707.1,348.7,0,68,10:22:05
8.1,3.66,88.6,717.7,324.3,0,68,10:22:10
8.09,3.72,88.6,716.8,329.6,0,67,10:22:15
8.1,4.7,88.4,716,415.5,0,67,10:22:20
8.12,4.62,88.3,717,407.9,0,67,10:22:25
7.97,4.45,88.4,704.5,393.4,0,67,10:22:30
8.06,4.13,88.4,712.5,365.1,0,67,10:22:35
8.01,3.97,88.5,708.9,351.3,0,67,10:22:40
7.99,3.77,88.5,707.1,333.6,0,67,10:22:45
7.94,3.78,88.6,703.5,334.9,0,68,10:22:50
8.01,3.55,88.6,709.7,314.5,0,68,10:22:55
7.97,3.36,88.6,706.1,297.7,0,68,10:23:00
8.01,3.22,88.6,709.7,285.3,0,68,10:23:05
8.05,3.59,88.5,712.4,317.7,0,68,10:23:10
8.02,3.91,88.5,709.8,346,0,67,10:23:15
8.11,3.77,88.5,717.7,333.6,0,67,10:23:20
8.22,5.64,88.2,725,497.4,0,66,10:23:25
8.16,5.12,88.3,720.5,452.1,0,67,10:23:30
8.13,4.57,88.3,717.9,403.5,0,67,10:23:35
8.03,4.43,88.4,709.9,391.6,0,67,10:23:40
8.12,4.63,88.3,717,408.8,0,67,10:23:45
8.04,4.25,88.3,709.9,375.3,0,67,10:23:50
8.13,3.79,88.4,718.7,335,0,67,10:23:55
7.85,3.61,88.5,694.7,319.5,0,67,10:24:00
8.04,3.42,88.5,711.5,302.7,0,68,10:24:05
7.97,3.51,88.5,705.3,310.6,0,68,10:24:10
7.95,3.28,88.6,704.4,290.6,0,68,10:24:15
8.03,3.36,88.5,710.7,297.4,0,68,10:24:20
8.01,3.73,88.4,708.1,329.7,0,68,10:24:25
8.05,3.91,88.5,712.4,346,0,68,10:24:30
7.99,3.32,88.6,707.9,294.2,0,68,10:24:35
7.9,3.5,88.5,699.2,309.8,0,68,10:24:40
8.05,3.19,88.6,713.2,282.6,0,68,10:24:45
8.06,3.09,88.6,714.1,273.8,0,68,10:24:50
8.01,3.45,88.5,708.9,305.3,0,68,10:24:55
7.92,3.6,88.5,700.9,318.6,0,68,10:25:00
7.98,3.22,88.6,707,285.3,0,68,10:25:05
7.98,2.78,88.6,707,246.3,0,68,10:25:10
8.02,3.02,88.6,710.6,267.6,0,68,10:25:15
7.97,2.48,88.7,706.9,220,0,68,10:25:20
7.89,2.7,88.6,699.1,239.2,0,68,10:25:25
7.93,2.35,88.7,703.4,208.4,0,68,10:25:30
7.87,2.69,88.7,698.1,238.6,0,68,10:25:35
7.87,2.93,88.6,697.3,259.6,0,68,10:25:40
7.8,2.61,88.7,691.9,231.5,0,68,10:25:45
7.91,2.39,88.8,702.4,212.2,0,68,10:25:50
8.08,1.96,88.8,717.5,174,0,69,10:25:55
8,1.96,88.8,710.4,174,0,69,10:26:00
8.05,2.09,88.8,714.8,185.6,0,69,10:26:05
8.1,2.35,88.7,718.5,208.4,0,68,10:26:10
8.19,3.08,88.6,725.6,272.9,0,68,10:26:15
7.97,2.89,88.6,706.1,256.1,0,68,10:26:20
8.16,2.44,88.7,723.8,216.4,0,68,10:26:25
8.09,2.89,88.6,716.8,256.1,0,68,10:26:30
8.09,3.21,88.6,716.8,284.4,0,68,10:26:35
8.14,3.51,88.5,720.4,310.6,0,67,10:26:40
8.18,3.88,88.4,723.1,343,0,67,10:26:45
8.12,3.72,88.5,718.6,329.2,0,68,10:26:50
8.17,3.16,88.6,723.9,280,0,68,10:26:55
8.19,3.39,88.5,724.8,300,0,68,10:27:00
8.04,3.82,88.4,710.7,337.7,0,67,10:27:05
8.03,5.5,88.1,707.4,484.6,0,67,10:27:10
8.22,4.08,88.4,726.6,360.7,0,67,10:27:15
8.15,4.72,88.2,718.8,416.3,0,67,10:27:20
8.14,3.99,88.3,718.8,352.3,0,67,10:27:25
7.93,3.96,88.3,700.2,349.7,0,68,10:27:30
8.01,3.88,88.4,708.1,343,0,68,10:27:35
7.96,4.04,88.3,702.9,356.7,0,68,10:27:40
8.03,4.55,88.2,708.2,401.3,0,67,10:27:45
8.02,4.11,88.3,708.2,362.9,0,67,10:27:50
8.11,3.51,88.4,716.9,310.3,0,68,10:27:55
7.64,3.28,88.5,676.1,290.3,0,68,10:28:00
7.75,3.13,88.6,686.7,277.3,0,68,10:28:05
7.78,3.38,88.4,687.8,298.8,0,68,10:28:10
7.86,3.64,88.4,694.8,321.8,0,67,10:28:15
7.91,3.6,88.4,699.2,318.2,0,67,10:28:20
8.23,3.93,88.4,727.5,347.4,0,67,10:28:25
8.2,5.36,88,721.6,471.7,0,67,10:28:30
8.25,6.02,87.9,725.2,529.2,0,67,10:28:35
8.1,5.3,88.1,713.6,466.9,0,67,10:28:40
8.16,4.23,88.2,719.7,373.1,0,67,10:28:45
8.22,4.86,88.2,725,428.7,0,67,10:28:50
8.13,4.22,88.2,717.1,372.2,0,67,10:28:55
8.23,3.63,88.4,727.5,320.9,0,67,10:29:00
8.23,4.12,88.3,726.7,363.8,0,67,10:29:05
8.2,4.08,88.2,723.2,359.9,0,67,10:29:10
8.31,4.01,88.2,732.9,353.7,0,68,10:29:15
8.26,3.52,88.4,730.2,311.2,0,68,10:29:20
8.28,3.26,88.4,732,288.2,0,68,10:29:25
8.25,2.57,88.6,731,227.7,0,68,10:29:30
8.37,3.15,88.4,739.9,278.5,0,68,10:29:35
8.44,3.06,88.5,746.9,270.8,0,68,10:29:40
8.49,2.96,88.5,751.4,262,0,68,10:29:45
8.46,2.69,88.5,748.7,238.1,0,68,10:29:50
8.47,2.69,88.6,750.4,238.3,0,68,10:29:55
8.46,3.3,88.4,747.9,291.7,0,68,10:30:00
8.21,3.48,88.3,724.9,307.3,0,68,10:30:05
8.3,3.95,88.3,732.9,348.8,0,68,10:30:10
8.27,4,88.3,730.2,353.2,0,67,10:30:15
8.16,3.57,88.4,721.3,315.6,0,68,10:30:20
8.1,2.81,88.5,716.9,248.7,0,68,10:30:25
8.18,2.39,88.6,724.7,211.8,0,68,10:30:30
8.24,2.33,88.6,730.1,206.4,0,68,10:30:35
8.19,2.78,88.5,724.8,246,0,68,10:30:40
8.27,3.77,88.3,730.2,332.9,0,68,10:30:45
8.17,4.03,88.2,720.6,355.4,0,67,10:30:50
8.11,3.54,88.4,716.9,312.9,0,67,10:30:55
8.26,3.23,88.4,730.2,285.5,0,68,10:31:00
8.24,3.17,88.4,728.4,280.2,0,68,10:31:05
8.16,2.95,88.5,722.2,261.1,0,68,10:31:10
8.2,2.8,88.5,725.7,247.8,0,68,10:31:15
8.21,3.23,88.4,725.8,285.5,0,68,10:31:20
8.17,3.79,88.3,721.4,334.7,0,68,10:31:25
8.38,4.3,88.2,739.1,379.3,0,67,10:31:30
8.44,3.84,88.3,745.3,339.1,0,67,10:31:35
8.4,3.63,88.3,741.7,320.5,0,67,10:31:40
8.21,3.84,88.3,724.9,339.1,0,67,10:31:45
8.28,3.92,88.3,731.1,346.1,0,67,10:31:50
8.09,4.76,88.1,712.7,419.4,0,67,10:31:55
8.49,5.07,88.1,748,446.7,0,66,10:32:00
8.21,6.38,87.8,720.8,560.2,0,66,10:32:05
8.19,6.22,87.8,719.1,546.1,0,66,10:32:10
8.05,4.61,88.1,709.2,406.1,0,67,10:32:15
8.05,4.42,88.1,709.2,389.4,0,67,10:32:20
8.03,3.53,88.3,709,311.7,0,67,10:32:25
8.17,3.41,88.3,721.4,301.1,0,67,10:32:30
8.27,3.27,88.3,730.2,288.7,0,68,10:32:35
8.06,3.41,88.3,711.7,301.1,0,68,10:32:40
8.06,3.89,88.3,711.7,343.5,0,67,10:32:45
8.14,5.01,88,716.3,440.9,0,67,10:32:50
8.13,6.4,87.8,713.8,561.9,0,66,10:32:55
8.3,6.41,87.7,727.9,562.2,0,65,10:33:00
8.4,8.47,87.2,732.5,738.6,0,65,10:33:05
8.28,7.33,87.5,724.5,641.4,0,65,10:33:10
8.3,7.17,87.5,726.3,627.4,0,65,10:33:15
8.27,6.56,87.6,724.5,574.7,0,66,10:33:20
8.2,4.67,88,721.6,411,0,67,10:33:25
8.15,2.77,88.3,719.6,244.6,0,68,10:33:30
8.15,0.95,88.7,722.9,84.3,0,69,10:33:35
8.29,1.22,88.7,735.3,108.2,0,69,10:33:40
9.18,1.34,88.6,813.3,118.7,0,68,10:33:45
8.35,3.94,88.2,736.5,347.5,0,67,10:33:50
8.43,3.96,88.2,743.5,349.3,0,67,10:33:55
8.49,4.53,88,747.1,398.6,0,67,10:34:00
8.37,3.28,88.3,739.1,289.6,0,67,10:34:05
8.39,2.84,88.4,741.7,251.1,0,68,10:34:10
8.24,2.15,88.5,729.2,190.3,0,68,10:34:15
8.2,1.65,88.6,726.5,146.2,0,69,10:34:20
8.25,1.21,88.7,731.8,107.3,0,69,10:34:25
8.19,0.86,88.7,726.5,76.3,0,69,10:34:30
8.17,0.69,88.8,725.5,61.3,0,69,10:34:35
8.18,0.09,88.9,727.2,8,0,70,10:34:40
8.23,0.74,88.8,730.8,65.7,0,69,10:34:45
8.27,0.79,88.8,734.4,70.2,0,69,10:34:50
8.17,1.11,88.7,724.7,98.5,0,69,10:34:55
8.3,1.2,88.8,737,106.6,0,69,10:35:00
8.42,1.66,88.6,746,147.1,0,69,10:35:05
8.36,1.82,88.6,740.7,161.3,0,69,10:35:10
8.36,1.6,88.6,740.7,141.8,0,69,10:35:15
8.36,1.38,88.7,741.5,122.4,0,69,10:35:20
8.27,1.12,88.8,734.4,99.5,0,69,10:35:25
8.34,1.11,88.8,740.6,98.6,0,69,10:35:30
8.29,1.18,88.7,735.3,104.7,0,69,10:35:35
8.36,1.13,88.7,741.5,100.2,0,69,10:35:40
8.28,1.07,88.8,735.3,95,0,69,10:35:45
8.35,0.8,88.8,741.5,71,0,69,10:35:50
8.14,0.53,88.9,723.6,47.1,0,69,10:35:55
8.23,0.23,88.9,731.6,20.4,0,70,10:36:00
8.16,-0.36,89,726.2,-32,0,70,10:36:05
8.32,-0.29,89.1,741.3,-25.8,0,70,10:36:10
8.51,0.49,88.9,756.5,43.6,0,69,10:36:15
8.44,0.74,88.9,750.3,65.8,0,69,10:36:20
8.47,0.54,88.9,753,48,0,69,10:36:25
8.57,0.14,89,762.7,12.5,0,70,10:36:30
8.54,-0.09,89,760.1,-8,0,70,10:36:35
8.45,-0.06,89,752.1,-5.3,0,70,10:36:40
8.62,0.11,89,767.2,9.8,0,69,10:36:45
8.61,0.65,88.9,765.4,57.8,0,69,10:36:50
8.61,1.38,88.8,764.6,122.5,0,69,10:36:55
8.64,2.18,88.6,765.5,193.1,0,68,10:37:00
8.6,1.79,88.7,762.8,158.8,0,68,10:37:05
8.76,1.59,88.7,777,141,0,69,10:37:10
8.65,1.53,88.7,767.3,135.7,0,69,10:37:15
8.8,2.19,88.6,779.7,194,0,68,10:37:20
8.85,3.95,88.2,780.6,348.4,0,67,10:37:25
8.82,3.44,88.3,778.8,303.8,0,67,10:37:30
8.78,5.06,88,772.6,445.3,0,67,10:37:35
8.85,3.08,88.4,782.3,272.3,0,67,10:37:40
8.74,2.66,88.4,772.6,235.1,0,68,10:37:45
8.64,2.05,88.6,765.5,181.6,0,68,10:37:50
8.6,0.99,88.7,762.8,87.8,0,69,10:37:55
8.76,0.18,88.9,778.8,16,0,69,10:38:00
8.7,0.06,88.9,773.4,5.3,0,69,10:38:05
8.78,-0.47,89,781.4,-41.8,0,70,10:38:10
8.68,-0.05,89,772.5,-4.5,0,70,10:38:15
8.51,-0.33,89,757.4,-29.4,0,70,10:38:20
8.6,0.33,88.9,764.5,29.3,0,69,10:38:25
8.74,0.09,88.9,777,8,0,69,10:38:30
8.75,0.27,88.9,777.9,24,0,69,10:38:35
8.72,1.02,88.8,774.3,90.6,0,69,10:38:40
8.8,1.51,88.7,780.6,133.9,0,69,10:38:45
8.86,1.94,88.6,785,171.9,0,68,10:38:50
8.83,1.7,88.6,782.3,150.6,0,68,10:38:55
8.95,2.05,88.6,793,181.6,0,68,10:39:00
8.77,2.56,88.5,776.1,226.6,0,68,10:39:05
8.83,2.59,88.5,781.5,229.2,0,68,10:39:10
8.77,2.69,88.5,776.1,238.1,0,67,10:39:15
8.83,2.53,88.5,781.5,223.9,0,68,10:39:20
8.85,2.71,88.4,782.3,239.6,0,68,10:39:25
8.82,2.78,88.4,779.7,245.8,0,68,10:39:30
8.75,2.03,88.6,775.3,179.9,0,68,10:39:35
8.81,1.85,88.6,780.6,163.9,0,68,10:39:40
8.79,1.32,88.7,779.7,117.1,0,69,10:39:45
8.82,1.12,88.7,782.3,99.3,0,69,10:39:50
8.76,1.35,88.7,777,119.7,0,68,10:39:55
8.84,1.5,88.7,784.1,133.1,0,69,10:40:00
8.81,2.01,88.6,780.6,178.1,0,68,10:40:05
8.8,1.81,88.6,779.7,160.4,0,68,10:40:10
8.69,1.95,88.5,769.1,172.6,0,68,10:40:15
8.82,1.62,88.6,781.5,143.5,0,68,10:40:20
8.82,2.01,88.6,781.5,178.1,0,68,10:40:25
8.85,1.92,88.6,784.1,170.1,0,68,10:40:30
8.84,2.81,88.3,780.6,248.1,0,68,10:40:35
8.82,2.55,88.4,779.7,225.4,0,68,10:40:40
8.87,1.8,88.6,785.9,159.5,0,68,10:40:45
8.87,1.61,88.6,785.9,142.6,0,68,10:40:50
8.85,1.51,88.6,784.1,133.8,0,68,10:40:55
8.88,1.59,88.6,786.8,140.9,0,68,10:41:00
8.82,1.74,88.6,781.5,154.2,0,68,10:41:05
8.76,1.2,88.7,777,106.4,0,69,10:41:10
8.91,1.36,88.7,790.3,120.6,0,69,10:41:15
8.93,2.31,88.5,790.3,204.4,0,68,10:41:20
8.81,2.04,88.5,779.7,180.5,0,68,10:41:25
8.82,2.16,88.5,780.6,191.2,0,68,10:41:30
8.81,2.61,88.5,779.7,231,0,68,10:41:35
8.81,2.09,88.5,779.7,185,0,68,10:41:40
8.83,2.06,88.5,781.5,182.3,0,68,10:41:45
8.88,2.62,88.4,785,231.6,0,68,10:41:50
8.91,2.49,88.4,787.6,220.1,0,68,10:41:55
8.96,3.2,88.3,791.2,282.6,0,67,10:42:00
8.96,3.38,88.3,791.2,298.5,0,68,10:42:05
8.78,2.95,88.3,775.3,260.5,0,68,10:42:10
8.84,2.1,88.5,782.3,185.9,0,68,10:42:15
8.91,2.02,88.5,788.5,178.8,0,68,10:42:20
8.99,3.08,88.3,793.8,272,0,68,10:42:25
8.97,2.83,88.3,792.1,249.9,0,67,10:42:30
8.94,2.58,88.4,790.3,228.1,0,68,10:42:35
8.89,2.4,88.4,785.9,212.2,0,68,10:42:40
8.92,2.41,88.4,788.5,213,0,68,10:42:45
8.74,2.33,88.4,772.6,206,0,68,10:42:50
8.79,2.45,88.3,776.2,216.3,0,68,10:42:55
8.76,2.97,88.3,773.5,262.3,0,68,10:43:00
8.72,2.9,88.3,770,256.1,0,68,10:43:05
8.83,2.77,88.3,779.7,244.6,0,68,10:43:10
8.53,2.62,88.3,753.2,231.3,0,68,10:43:15
8.61,2.77,88.3,760.3,244.6,0,68,10:43:20
8.52,2.87,88.3,752.3,253.4,0,67,10:43:25
8.61,3.03,88.3,760.3,267.5,0,67,10:43:30
8.62,2.8,88.3,761.1,247.2,0,68,10:43:35
8.63,2.35,88.4,762.9,207.7,0,68,10:43:40
8.54,2.53,88.4,754.9,223.7,0,68,10:43:45
8.69,2.66,88.3,767.3,234.9,0,67,10:43:50
8.72,2.78,88.3,770,245.5,0,67,10:43:55
8.61,4,88.1,758.5,352.4,0,67,10:44:00
8.7,3.89,88,765.6,342.3,0,67,10:44:05
8.77,3.02,88.3,774.4,266.7,0,67,10:44:10
8.73,3.66,88.1,769.1,322.4,0,67,10:44:15
8.69,3.21,88.2,766.5,283.1,0,68,10:44:20
8.67,3.34,88.1,763.8,294.3,0,68,10:44:25
8.75,3.36,88.1,770.9,296,0,68,10:44:30
8.7,3.12,88.2,767.3,275.2,0,68,10:44:35
8.77,2.47,88.3,774.4,218.1,0,68,10:44:40
8.82,2.29,88.4,779.7,202.4,0,68,10:44:45
8.71,2.22,88.4,770,196.2,0,68,10:44:50
8.77,2.3,88.3,774.4,203.1,0,68,10:44:55
8.69,2.09,88.4,768.2,184.8,0,68,10:45:00
8.68,2.02,88.4,767.3,178.6,0,68,10:45:05
8.61,2.36,88.3,760.3,208.4,0,68,10:45:10
8.59,2.34,88.4,759.4,206.9,0,68,10:45:15
8.66,1.94,88.4,765.5,171.5,0,68,10:45:20
8.67,2.4,88.3,765.6,211.9,0,68,10:45:25
8.75,3.23,88.2,771.8,284.9,0,67,10:45:30
8.78,3.83,88,772.6,337,0,67,10:45:35
8.75,3.55,88.1,770.9,312.8,0,67,10:45:40
8.78,4.04,88,772.6,355.5,0,67,10:45:45
8.55,2.95,88.2,754.1,260.2,0,67,10:45:50
8.73,2.83,88.2,770,249.6,0,67,10:45:55
8.74,4.11,88,769.1,361.7,0,67,10:46:00
8.78,3.52,88.1,773.5,310.1,0,67,10:46:05
8.65,4.96,87.8,759.5,435.5,0,67,10:46:10
8.69,4.29,88,764.7,377.5,0,67,10:46:15
8.77,3.53,88.1,772.6,311,0,67,10:46:20
8.8,4.63,87.8,772.6,406.5,0,67,10:46:25
8.8,4.83,87.9,773.5,424.6,0,67,10:46:30
8.81,3.65,88,775.3,321.2,0,67,10:46:35
8.76,3.98,87.9,770,349.8,0,67,10:46:40
8.67,3.34,88.1,763.8,294.3,0,67,10:46:45
8.79,3.99,87.9,772.6,350.7,0,67,10:46:50
8.86,3.09,88.1,780.6,272.2,0,67,10:46:55
8.81,4.65,87.8,773.5,408.3,0,67,10:47:00
8.7,3.4,88.1,766.5,299.5,0,67,10:47:05
8.78,4.15,87.9,771.8,364.8,0,67,10:47:10
8.77,4.09,87.9,770.9,359.5,0,66,10:47:15
8.73,3.73,88,768.2,328.2,0,66,10:47:20
8.72,4.05,87.9,766.5,356,0,67,10:47:25
8.73,4.33,87.8,766.5,380.2,0,67,10:47:30
8.72,2.99,88.1,768.2,263.4,0,67,10:47:35
8.76,3.27,88.1,771.8,288.1,0,67,10:47:40
8.82,3.9,87.9,775.3,342.8,0,67,10:47:45
8.87,4.64,87.8,778.8,407.4,0,67,10:47:50
8.77,3.51,88,771.8,308.9,0,67,10:47:55
8.78,3.85,87.9,771.8,338.4,0,67,10:48:00
8.78,4.39,87.8,770.9,385.4,0,67,10:48:05
8.84,3.01,88,777.9,264.9,0,67,10:48:10
8.78,3.7,87.9,771.8,325.2,0,67,10:48:15
8.78,3.48,88,772.6,306.2,0,67,10:48:20
8.8,3.1,88.1,775.3,273.1,0,67,10:48:25
8.8,4.02,87.9,773.5,353.4,0,67,10:48:30
8.85,2.89,88.1,779.7,254.6,0,67,10:48:35
8.83,3.99,87.9,776.2,350.7,0,67,10:48:40
8.79,3.23,88,773.5,284.2,0,67,10:48:45
8.77,2.72,88.1,772.6,239.6,0,67,10:48:50
8.82,2.79,88.1,777,245.8,0,67,10:48:55
8.76,2.7,88.1,771.8,237.9,0,68,10:49:00
8.69,2.84,88.1,765.6,250.2,0,67,10:49:05
8.72,2.82,88.1,768.2,248.4,0,67,10:49:10
8.81,3.06,88,775.3,269.3,0,67,10:49:15
8.94,3.63,87.9,785.8,319.1,0,67,10:49:20
8.86,2.63,88.1,780.6,231.7,0,67,10:49:25
8.85,2.36,88.2,780.6,208.2,0,67,10:49:30
8.92,2.49,88.2,786.7,219.6,0,67,10:49:35
8.94,2.46,88.2,788.5,217,0,67,10:49:40
8.94,2.88,88.1,787.6,253.7,0,67,10:49:45
8.81,2.64,88.2,777,232.8,0,68,10:49:50
8.8,1.59,88.3,777,140.4,0,68,10:49:55
8.78,1.49,88.3,775.3,131.6,0,68,10:50:00
8.73,1.06,88.5,772.6,93.8,0,68,10:50:05
8.7,1.08,88.5,770,95.6,0,69,10:50:10
8.67,0.7,88.5,767.3,62,0,69,10:50:15
8.63,0.27,88.6,764.6,23.9,0,69,10:50:20
8.67,0.14,88.6,768.2,12.4,0,69,10:50:25
8.76,0.81,88.5,775.3,71.7,0,69,10:50:30
8.76,1.52,88.4,774.4,134.4,0,68,10:50:35
8.77,1.58,88.3,774.4,139.5,0,68,10:50:40
8.86,2.42,88.2,781.5,213.4,0,68,10:50:45
8.87,2.51,88.3,783.2,221.6,0,68,10:50:50
8.87,2.89,88.1,781.4,254.6,0,67,10:50:55
8.9,3.3,88,783.2,290.4,0,67,10:51:00
8.78,3.38,87.9,771.8,297.1,0,67,10:51:05
8.82,3.07,88,776.2,270.2,0,67,10:51:10
8.79,2.83,88.1,774.4,249.3,0,67,10:51:15
9.02,2.38,88.2,795.6,209.9,0,68,10:51:20
8.89,2.63,88.1,783.2,231.7,0,68,10:51:25
8.86,2.77,88.1,780.6,244,0,68,10:51:30
8.72,2.8,88.1,768.2,246.7,0,68,10:51:35
8.8,2.31,88.2,776.2,203.7,0,68,10:51:40
8.78,2.34,88.2,774.4,206.4,0,68,10:51:45
8.79,2.73,88.1,774.4,240.5,0,67,10:51:50
8.87,3.22,88,780.6,283.4,0,67,10:51:55
8.92,3.37,87.9,784.1,296.2,0,67,10:52:00
8.88,2.65,88.1,782.3,233.5,0,67,10:52:05
8.89,2.23,88.2,784.1,196.7,0,67,10:52:10
8.89,1.96,88.2,784.1,172.9,0,68,10:52:15
8.9,1.83,88.2,785,161.4,0,68,10:52:20
8.91,1.13,88.4,787.6,99.9,0,68,10:52:25
8.88,1.24,88.4,785,109.6,0,68,10:52:30
8.87,1.64,88.3,783.2,144.8,0,68,10:52:35
8.86,2.17,88.2,781.5,191.4,0,68,10:52:40
8.92,2.27,88.1,785.9,200,0,68,10:52:45
8.98,2.27,88.1,791.1,200,0,68,10:52:50
8.91,2.46,88.1,785,216.7,0,68,10:52:55
8.9,2.49,88.1,784.1,219.4,0,68,10:53:00
8.91,2.46,88.2,785.9,217,0,68,10:53:05
8.92,2.5,88.1,785.9,220.3,0,68,10:53:10
8.92,2.56,88.1,785.9,225.5,0,68,10:53:15
8.91,2.54,88.1,785,223.8,0,68,10:53:20
8.92,1.91,88.2,786.7,168.5,0,68,10:53:25
8.94,1.82,88.3,789.4,160.7,0,68,10:53:30
8.88,2.07,88.2,783.2,182.6,0,68,10:53:35
8.88,2.4,88.1,782.3,211.4,0,68,10:53:40
8.93,2.16,88.2,787.6,190.5,0,68,10:53:45
8.88,1.74,88.2,783.2,153.5,0,68,10:53:50
8.93,1.86,88.2,787.6,164.1,0,68,10:53:55
8.94,2.26,88.1,787.6,199.1,0,68,10:54:00
8.96,2.57,88.1,789.4,226.4,0,68,10:54:05
8.92,2.7,88,785,237.6,0,67,10:54:10
8.92,2.45,88.1,785.9,215.8,0,68,10:54:15
8.96,2.39,88.1,789.4,210.6,0,68,10:54:20
8.94,1.94,88.2,788.5,171.1,0,68,10:54:25
8.94,1.4,88.3,789.4,123.6,0,68,10:54:30
8.88,1.56,88.3,784.1,137.7,0,68,10:54:35
8.77,1.15,88.4,775.3,101.7,0,68,10:54:40
8.71,1.4,88.3,769.1,123.6,0,68,10:54:45
8.71,1.32,88.3,769.1,116.6,0,68,10:54:50
8.78,1.75,88.2,774.4,154.4,0,68,10:54:55
8.82,1.23,88.3,778.8,108.6,0,68,10:55:00
8.81,1.94,88.2,777,171.1,0,68,10:55:05
8.84,1.87,88.2,779.7,164.9,0,68,10:55:10
8.88,1.91,88.2,783.2,168.5,0,68,10:55:15
8.95,2.15,88.1,788.5,189.4,0,68,10:55:20
8.87,2.19,88.1,781.4,192.9,0,67,10:55:25
8.81,2.18,88.2,777,192.3,0,67,10:55:30
8.79,2.08,88.2,775.3,183.5,0,67,10:55:35
8.75,1.81,88.2,771.8,159.6,0,68,10:55:40
8.76,2.31,88.1,771.8,203.5,0,68,10:55:45
8.75,2.41,88.1,770.9,212.3,0,67,10:55:50
8.83,3.55,87.9,776.2,312,0,67,10:55:55
8.7,3.43,87.9,764.7,301.5,0,67,10:56:00
8.6,2.55,88.1,757.7,224.7,0,67,10:56:05
8.82,3.45,87.9,775.3,303.3,0,67,10:56:10
8.71,3.16,87.9,765.6,277.8,0,67,10:56:15
8.74,2.4,88,769.1,211.2,0,67,10:56:20
8.77,2.43,88.1,772.6,214.1,0,67,10:56:25
8.64,2.28,88.1,761.2,200.9,0,67,10:56:30
8.86,1.96,88.1,780.6,172.7,0,68,10:56:35
8.69,2.53,88.1,765.6,222.9,0,67,10:56:40
9.01,3.75,87.8,791.1,329.3,0,67,10:56:45
8.99,3.59,87.9,790.2,315.6,0,66,10:56:50
8.96,5.47,87.5,784,478.6,0,66,10:56:55
8.97,5.61,87.4,784,490.3,0,66,10:57:00
8.98,4.74,87.5,785.7,414.8,0,66,10:57:05
8.67,4.25,87.6,759.5,372.3,0,67,10:57:10
8.77,2.45,88,771.8,215.6,0,67,10:57:15
8.73,1.72,88.1,769.1,151.5,0,68,10:57:20
8.87,0.91,88.3,783.2,80.4,0,68,10:57:25
8.89,0.25,88.4,785.9,22.1,0,69,10:57:30
8.82,1.37,88.2,777.9,120.8,0,68,10:57:35
8.83,1.1,88.3,779.7,97.1,0,68,10:57:40
8.83,0.93,88.3,779.7,82.1,0,69,10:57:45
8.72,0.62,88.4,770.8,54.8,0,69,10:57:50
8.78,0.71,88.4,776.2,62.8,0,69,10:57:55
8.87,0.79,88.4,784.1,69.8,0,69,10:58:00
8.81,0.77,88.3,777.9,68,0,69,10:58:05
8.82,0.78,88.4,779.7,69,0,69,10:58:10
9.01,1.02,88.3,795.6,90.1,0,68,10:58:15
8.88,2.28,88.1,782.3,200.9,0,67,10:58:20
8.95,2.11,88.1,788.5,185.9,0,68,10:58:25
9,2.09,88.1,792.9,184.1,0,67,10:58:30
9.04,1.46,88.2,797.3,128.8,0,68,10:58:35
8.97,1.5,88.2,791.2,132.3,0,68,10:58:40
8.83,1.54,88.2,778.8,135.8,0,68,10:58:45
8.94,1.5,88.2,788.5,132.3,0,68,10:58:50
8.75,1.82,88.1,770.9,160.3,0,68,10:58:55
8.46,2.27,88.1,745.3,200,0,68,10:59:00
8.39,1.92,88.1,739.2,169.2,0,68,10:59:05
8.36,2.12,88,735.7,186.6,0,68,10:59:10
8.46,2.34,88,744.5,205.9,0,68,10:59:15
8.45,3.02,87.9,742.8,265.5,0,67,10:59:20
8.45,4.25,87.6,740.2,372.3,0,67,10:59:25
8.41,4.23,87.7,737.6,371,0,67,10:59:30
8.46,3.04,87.8,742.8,266.9,0,67,10:59:35
8.96,2.57,88,788.5,226.2,0,67,10:59:40
8.39,3.97,87.6,735,347.8,0,67,10:59:45
8.36,2.71,87.9,734.8,238.2,0,67,10:59:50
8.44,2.22,88,742.7,195.4,0,68,10:59:55
8.37,1.94,88,736.6,170.7,0,68,11:00:00
8.49,1.94,88,747.1,170.7,0,68,11:00:05
8.42,2.4,87.9,740.1,211,0,68,11:00:10
8.34,2.65,87.9,733.1,232.9,0,67,11:00:15
8.42,2.53,88,741,222.6,0,67,11:00:20
8.41,3.71,87.7,737.6,325.4,0,67,11:00:25
8.49,3.27,87.8,745.4,287.1,0,67,11:00:30
8.45,4.79,87.5,739.4,419.1,0,67,11:00:35
8.58,6.21,87.2,748.2,541.5,0,66,11:00:40
8.65,5.81,87.3,755.1,507.2,0,65,11:00:45
8.7,9.59,86.5,752.6,829.5,0,64,11:00:50
8.68,11.16,86.2,748.2,962,0,63,11:00:55
8.52,8.13,86.7,738.7,704.9,0,63,11:01:00
8.55,7.25,86.9,743,630,0,64,11:01:05
8.56,7.14,87,744.7,621.2,0,65,11:01:10
8.47,5.27,87.3,739.4,460.1,0,65,11:01:15
8.46,4.93,87.3,738.6,430.4,0,66,11:01:20
8.38,2.11,87.9,736.6,185.5,0,67,11:01:25
8.5,1.08,88.1,748.9,95.1,0,68,11:01:30
8.38,0.54,88.2,739.1,47.6,0,69,11:01:35
8.41,0.76,88.2,741.8,67,0,68,11:01:40
8.32,1.63,88,732.2,143.4,0,68,11:01:45
8.6,1.49,88,756.8,131.1,0,68,11:01:50
8.55,1.94,88,752.4,170.7,0,68,11:01:55
8.53,1.77,88,750.6,155.8,0,68,11:02:00
8.65,2.17,87.9,760.3,190.7,0,68,11:02:05
8.59,2.47,87.8,754.2,216.9,0,67,11:02:10
8.52,2.05,87.9,748.9,180.2,0,67,11:02:15
8.64,2.18,87.9,759.5,191.6,0,67,11:02:20
8.64,3.44,87.7,757.7,301.7,0,67,11:02:25
8.58,3.18,87.7,752.5,278.9,0,67,11:02:30
8.5,4.2,87.5,743.8,367.5,0,67,11:02:35
8.58,2.84,87.8,753.3,249.4,0,67,11:02:40
8.53,4.14,87.5,746.4,362.3,0,67,11:02:45
8.59,3.19,87.7,753.3,279.8,0,67,11:02:50
8.58,3.36,87.7,752.5,294.7,0,67,11:02:55
8.57,4.42,87.4,749,386.3,0,67,11:03:00
8.6,4.4,87.5,752.5,385,0,66,11:03:05
8.62,3.92,87.6,755.1,343.4,0,66,11:03:10
8.68,3.91,87.6,760.4,342.5,0,66,11:03:15
8.67,4.44,87.5,758.6,388.5,0,66,11:03:20
8.71,5.51,87.2,759.5,480.5,0,66,11:03:25
8.71,5.17,87.2,759.5,450.8,0,66,11:03:30
8.69,3.94,87.5,760.4,344.8,0,66,11:03:35
8.7,4.98,87.3,759.5,434.8,0,66,11:03:40
8.78,5.81,87.1,764.7,506.1,0,66,11:03:45
8.65,3.88,87.5,756.9,339.5,0,66,11:03:50
8.65,4.27,87.4,756,373.2,0,66,11:03:55
8.73,3.01,87.7,765.6,264,0,67,11:04:00
8.7,2.94,87.6,762.1,257.5,0,67,11:04:05
8.78,2.55,87.7,770,223.6,0,67,11:04:10
8.83,2.2,87.8,775.3,193.2,0,67,11:04:15
8.83,2.5,87.8,775.3,219.5,0,67,11:04:20
8.81,3.37,87.5,770.9,294.9,0,67,11:04:25
8.76,2.44,87.8,769.1,214.2,0,67,11:04:30
8.89,3.99,87.4,777,348.7,0,67,11:04:35
8.78,3.49,87.6,769.1,305.7,0,67,11:04:40
8.84,3.28,87.6,774.4,287.3,0,66,11:04:45
8.84,3.47,87.6,774.4,304,0,66,11:04:50
8.88,4.17,87.5,777,364.9,0,66,11:04:55
8.9,5.28,87.2,776.1,460.4,0,66,11:05:00
9.09,5.01,87.2,792.6,436.9,0,66,11:05:05
9.09,4.66,87.2,792.6,406.4,0,66,11:05:10
8.98,7.63,86.7,778.6,661.5,0,65,11:05:15
9,5.54,87.1,783.9,482.5,0,65,11:05:20
9.02,5.11,87.1,785.6,445.1,0,66,11:05:25
8.56,3.24,87.5,749,283.5,0,67,11:05:30
8.81,3.03,87.5,770.9,265.1,0,67,11:05:35
8.76,2.58,87.7,768.3,226.3,0,67,11:05:40
8.78,3.35,87.5,768.3,293.1,0,67,11:05:45
8.96,4.7,87.2,781.3,409.8,0,66,11:05:50
8.93,4.26,87.3,779.6,371.9,0,66,11:05:55
8.96,6.25,87,779.5,543.8,0,65,11:06:00
8.88,5.04,87.3,775.2,440,0,65,11:06:05
8.72,7.3,86.8,756.9,633.6,0,64,11:06:10
8.74,7.02,86.7,757.8,608.6,0,64,11:06:15
8.76,7.52,86.7,759.5,652,0,64,11:06:20
8.74,7.2,86.7,757.8,624.2,0,65,11:06:25
8.77,4,87.4,766.5,349.6,0,66,11:06:30
8.78,3.49,87.5,768.3,305.4,0,66,11:06:35
8.85,2.38,87.6,775.3,208.5,0,67,11:06:40
8.83,3.11,87.5,772.6,272.1,0,67,11:06:45
8.88,2.09,87.7,778.8,183.3,0,67,11:06:50
8.99,3.16,87.6,787.5,276.8,0,67,11:06:55
8.95,2.84,87.6,784,248.8,0,67,11:07:00
8.96,2.76,87.5,784,241.5,0,67,11:07:05
8.94,2.88,87.5,782.2,252,0,67,11:07:10
8.91,0.85,87.9,783.2,74.7,0,68,11:07:15
8.82,-1.07,88.3,778.8,-94.5,0,69,11:07:20
8.97,-1.64,88.4,792.9,-145,0,70,11:07:25
8.96,-8.36,89.6,802.8,-749.1,0,68,11:07:30
9.14,-0.58,88.3,807.1,-51.2,0,65,11:07:35
9.31,3.69,87.5,814.6,322.9,0,67,11:07:40
9.33,1.8,87.8,819.2,158,0,68,11:07:45
9.34,1.41,87.9,821,123.9,0,68,11:07:50
9.26,0.29,88.1,815.8,25.5,0,68,11:07:55
9.24,-0.65,88.3,815.9,-57.4,0,69,11:08:00
9.24,-1.06,88.4,816.8,-93.7,0,69,11:08:05
8.99,-1.02,88.4,794.7,-90.2,0,69,11:08:10
8.94,-0.43,88.3,789.4,-38,0,69,11:08:15
8.92,-0.06,88.3,787.6,-5.3,0,69,11:08:20
8.75,0.47,88.1,770.9,41.4,0,69,11:08:25
8.73,0.32,88.2,770,28.2,0,69,11:08:30
8.62,0.34,88.2,760.3,30,0,69,11:08:35
8.31,0.35,88.2,732.9,30.9,0,69,11:08:40
8.2,0.28,88.2,723.2,24.7,0,69,11:08:45
7.99,0.22,88.2,704.7,19.4,0,69,11:08:50
7.9,0.29,88.2,696.8,25.6,0,69,11:08:55
7.83,0.04,88.2,690.6,3.5,0,69,11:09:00
7.73,0.15,88.2,681.8,13.2,0,69,11:09:05
7.64,0.55,88.2,673.8,48.5,0,69,11:09:10
7.49,0.59,88.2,660.6,52,0,69,11:09:15
7.68,0.63,88.1,676.6,55.5,0,69,11:09:20
7.31,1.57,88,643.3,138.2,0,68,11:09:25
7.19,1.13,88,632.7,99.4,0,69,11:09:30
7.14,0.57,88.1,629,50.2,0,69,11:09:35
7.3,0.11,88.2,643.9,9.7,0,69,11:09:40
7.23,0.41,88.2,637.7,36.2,0,69,11:09:45
7.1,0.59,88.1,625.5,52,0,69,11:09:50
7.14,0.52,88.1,629,45.8,0,69,11:09:55
7.14,0.48,88.1,629,42.3,0,69,11:10:00
7.07,0.44,88.1,622.9,38.8,0,69,11:10:05
7.05,-0.06,88.2,621.8,-5.3,0,70,11:10:10
7.08,0.56,88.1,623.7,49.3,0,69,11:10:15
7.09,0.79,88.1,624.6,69.6,0,69,11:10:20
7.38,0.77,88.1,650.2,67.8,0,69,11:10:25
7.72,0.46,88.2,680.9,40.6,0,69,11:10:30
7.67,0.72,88.1,675.7,63.4,0,69,11:10:35
7.88,0.66,88.1,694.2,58.1,0,69,11:10:40
8.25,0.7,88.1,726.8,61.7,0,68,11:10:45
8.47,0.22,88.2,747.1,19.4,0,69,11:10:50
8.14,0.54,88.1,717.1,47.6,0,69,11:10:55
8.53,0.52,88.1,751.5,45.8,0,69,11:11:00
8.45,0.65,88.1,744.4,57.3,0,69,11:11:05
8.29,0.86,88.1,730.3,75.8,0,68,11:11:10
8.07,1.63,87.9,709.4,143.3,0,68,11:11:15
7.82,1.62,88,688.2,142.6,0,68,11:11:20
8.27,1.62,87.9,726.9,142.4,0,68,11:11:25
8.4,1.16,88,739.2,102.1,0,68,11:11:30
8.73,0.84,88,768.2,73.9,0,68,11:11:35
8.49,1.8,87.9,746.3,158.2,0,68,11:11:40
8.58,1.54,88,755,135.5,0,68,11:11:45
8.62,0.98,88,758.6,86.2,0,68,11:11:50
8.78,1.55,87.9,771.8,136.2,0,68,11:11:55
8.82,1.04,88,776.2,91.5,0,68,11:12:00
8.85,0.89,88,778.8,78.3,0,68,11:12:05
8.92,0.41,88.2,786.7,36.2,0,69,11:12:10
8.95,-0.42,88.3,790.3,-37.1,0,69,11:12:15
9.22,-0.57,88.3,814.1,-50.3,0,69,11:12:20
9.48,-0.21,88.3,837.1,-18.5,0,69,11:12:25
9.54,0.01,88.2,841.4,0.9,0,69,11:12:30
9.39,-1.22,88.5,831,-108,0,69,11:12:35
9.37,-2.65,88.7,831.1,-235.1,0,70,11:12:40
9.37,-2.39,88.7,831.1,-212,0,70,11:12:45
9.44,-2.57,88.8,838.3,-228.2,0,70,11:12:50
9.44,-2.01,88.7,837.3,-178.3,0,70,11:12:55
9.43,-1.94,88.6,835.5,-171.9,0,70,11:13:00
9.46,-1.45,88.6,838.2,-128.5,0,69,11:13:05
9.45,-1.13,88.5,836.3,-100,0,69,11:13:10
9.48,-0.83,88.5,839,-73.5,0,69,11:13:15
9.48,-0.17,88.4,838,-15,0,69,11:13:20
9.51,-0.36,88.4,840.7,-31.8,0,69,11:13:25
9.43,-0.91,88.5,834.6,-80.5,0,69,11:13:30
9.46,-0.85,88.5,837.2,-75.2,0,69,11:13:35
9.54,-0.28,88.4,843.3,-24.8,0,69,11:13:40
9.48,0.22,88.3,837.1,19.4,0,68,11:13:45
9.5,0.48,88.2,837.9,42.3,0,68,11:13:50
9.56,0.84,88.2,843.2,74.1,0,68,11:13:55
9.52,0.6,88.2,839.7,52.9,0,68,11:14:00
9.51,1.09,88.1,837.8,96,0,68,11:14:05
9.6,1.43,88,844.8,125.8,0,68,11:14:10
9.59,1.6,88,843.9,140.8,0,68,11:14:15
9.62,2.48,87.8,844.6,217.7,0,67,11:14:20
9.69,2.66,87.8,850.8,233.5,0,67,11:14:25
9.72,3.87,87.5,850.5,338.6,0,66,11:14:30
9.77,4.3,87.4,853.9,375.8,0,66,11:14:35
9.75,3.59,87.6,854.1,314.5,0,66,11:14:40
9.77,5.8,87.1,851,505.2,0,65,11:14:45
9.77,3.64,87.6,855.9,318.9,0,66,11:14:50
9.7,3.81,87.5,848.8,333.4,0,66,11:14:55
9.63,1.45,87.9,846.5,127.5,0,67,11:15:00
9.59,0.92,88,843.9,81,0,68,11:15:05
9.58,0.23,88.1,844,20.3,0,68,11:15:10
9.49,-0.84,88.4,838.9,-74.3,0,69,11:15:15
9.48,-1.83,88.6,839.9,-162.1,0,70,11:15:20
9.35,-3.56,88.8,830.3,-316.1,0,71,11:15:25
9.44,-4.39,89,840.2,-390.7,0,71,11:15:30
9.48,-2.83,88.8,841.8,-251.3,0,70,11:15:35
9.57,-1.93,88.6,847.9,-171,0,69,11:15:40
9.61,-0.03,88.3,848.6,-2.6,0,69,11:15:45
9.59,0.27,88.3,846.8,23.8,0,68,11:15:50
9.6,0.54,88.2,846.7,47.6,0,68,11:15:55
9.61,0.67,88.2,847.6,59.1,0,68,11:16:00
9.58,1.48,88,843,130.2,0,68,11:16:05
9.53,1.59,88,838.6,139.9,0,68,11:16:10
9.57,1.3,88,842.2,114.4,0,68,11:16:15
9.6,1.05,88,844.8,92.4,0,68,11:16:20
9.67,1.26,88.1,851.9,111,0,67,11:16:25
9.71,2.97,87.7,851.6,260.5,0,67,11:16:30
9.68,2.02,87.8,849.9,177.4,0,67,11:16:35
9.63,1.4,88,847.4,123.2,0,67,11:16:40
9.61,1.03,88.1,846.6,90.7,0,68,11:16:45
9.59,0.86,88.1,844.9,75.8,0,68,11:16:50
9.63,1.23,88,847.4,108.2,0,68,11:16:55
9.65,1.74,87.9,848.2,152.9,0,67,11:17:00
9.64,3.37,87.6,844.5,295.2,0,67,11:17:05
9.67,1.87,87.9,850,164.4,0,67,11:17:10
9.66,3.02,87.6,846.2,264.6,0,67,11:17:15
9.68,1.98,87.8,849.9,173.8,0,67,11:17:20
9.65,2.46,87.8,847.3,216,0,67,11:17:25
9.72,2.42,87.7,852.4,212.2,0,67,11:17:30
9.64,1.59,87.9,847.4,139.8,0,67,11:17:35
9.69,1.71,87.9,851.8,150.3,0,67,11:17:40
9.7,1.99,87.8,851.7,174.7,0,67,11:17:45
9.64,2.08,87.8,846.4,182.6,0,67,11:17:50
9.7,1.54,87.9,852.6,135.4,0,68,11:17:55
9.73,1.59,87.9,855.3,139.8,0,68,11:18:00
9.77,1.52,87.9,858.8,133.6,0,68,11:18:05
9.75,1.39,87.9,857,122.2,0,68,11:18:10
9.74,1.4,87.9,856.1,123.1,0,68,11:18:15
9.75,0.92,88,858,81,0,68,11:18:20
9.73,1.42,87.9,855.3,124.8,0,67,11:18:25
9.78,2.36,87.7,857.7,207,0,67,11:18:30
9.78,2.26,87.7,857.7,198.2,0,67,11:18:35
9.78,2.09,87.8,858.7,183.5,0,67,11:18:40
9.79,2.35,87.7,858.6,206.1,0,67,11:18:45
9.77,1.76,87.8,857.8,154.5,0,67,11:18:50
9.79,1.27,87.9,860.5,111.6,0,67,11:18:55
9.79,1.08,88,861.5,95,0,67,11:19:00
9.75,0.94,88,858,82.7,0,68,11:19:05
9.79,0.71,88,861.5,62.5,0,68,11:19:10
9.79,0.61,88,861.5,53.7,0,68,11:19:15
9.78,0.88,88,860.6,77.4,0,68,11:19:20
9.83,1.35,88,865,118.8,0,68,11:19:25
9.8,1.16,88,862.4,102.1,0,68,11:19:30
9.81,1.3,87.9,862.3,114.3,0,68,11:19:35
9.82,1.37,87.9,863.2,120.4,0,67,11:19:40
9.8,1.59,87.9,861.4,139.8,0,67,11:19:45
9.86,2.66,87.7,864.7,233.3,0,67,11:19:50
9.87,1.79,87.8,866.6,157.2,0,67,11:19:55
9.88,3.17,87.5,864.5,277.4,0,67,11:20:00
9.9,2.42,87.7,868.2,212.2,0,67,11:20:05
9.85,2.33,87.7,863.8,204.3,0,67,11:20:10
9.9,3.88,87.4,865.3,339.1,0,66,11:20:15
9.9,3.64,87.4,865.3,318.1,0,67,11:20:20
9.87,2.54,87.7,865.6,222.8,0,67,11:20:25
9.87,2.27,87.6,864.6,198.9,0,67,11:20:30
9.86,1.49,87.8,865.7,130.8,0,67,11:20:35
9.87,1.89,87.8,866.6,165.9,0,67,11:20:40
9.88,2.23,87.7,866.5,195.6,0,67,11:20:45
9.86,1.54,87.8,865.7,135.2,0,67,11:20:50
9.82,1.38,87.8,862.2,121.2,0,68,11:20:55
9.8,0.72,88,862.4,63.4,0,68,11:21:00
9.77,-0.26,88.2,861.7,-22.9,0,68,11:21:05
9.76,-0.36,88.2,860.8,-31.8,0,69,11:21:10
9.77,-0.47,88.2,861.7,-41.5,0,69,11:21:15
9.81,-0.07,88.1,864.3,-6.2,0,68,11:21:20
9.88,1.54,87.9,868.5,135.4,0,67,11:21:25
9.87,2.41,87.7,865.6,211.4,0,67,11:21:30
9.85,1.4,87.8,864.8,122.9,0,67,11:21:35
9.83,0.88,88,865,77.4,0,68,11:21:40
9.85,1.23,87.9,865.8,108.1,0,68,11:21:45
9.97,2.41,87.6,873.4,211.1,0,67,11:21:50
10.05,4.78,87.2,876.4,416.8,0,66,11:21:55
10.06,4.99,87.2,877.2,435.1,0,65,11:22:00
10.03,4.02,87.4,876.6,351.3,0,65,11:22:05
9.94,4.25,87.2,866.8,370.6,0,66,11:22:10
9.91,2.98,87.5,867.1,260.8,0,67,11:22:15
9.89,1.46,87.8,868.3,128.2,0,67,11:22:20
9.91,2.23,87.7,869.1,195.6,0,67,11:22:25
9.95,2.35,87.6,871.6,205.9,0,67,11:22:30
9.98,3.85,87.3,871.3,336.1,0,66,11:22:35
10.04,4.56,87.2,875.5,397.6,0,66,11:22:40
10.03,3.22,87.5,877.6,281.8,0,66,11:22:45
9.98,5.25,87,868.3,456.8,0,66,11:22:50
9.89,3.12,87.4,864.4,272.7,0,66,11:22:55
9.87,2.77,87.4,862.6,242.1,0,67,11:23:00
9.92,2.64,87.6,869,231.3,0,67,11:23:05
9.92,1.85,87.7,870,162.2,0,67,11:23:10
9.9,2.84,87.5,866.2,248.5,0,67,11:23:15
9.92,2.5,87.6,869,219,0,67,11:23:20
9.93,2.11,87.6,869.9,184.8,0,67,11:23:25
9.97,3.2,87.4,871.4,279.7,0,66,11:23:30
9.99,3.22,87.5,874.1,281.8,0,66,11:23:35
10.03,5.19,87,872.6,451.5,0,65,11:23:40
9.97,5.65,86.8,865.4,490.4,0,65,11:23:45
9.86,4.34,87.2,859.8,378.4,0,66,11:23:50
9.87,3.96,87.2,860.7,345.3,0,66,11:23:55
9.93,3.85,87.3,866.9,336.1,0,66,11:24:00
9.92,4.53,87.1,864,394.6,0,66,11:24:05
9.97,3.72,87.2,869.4,324.4,0,66,11:24:10
10.02,4.64,87.1,872.7,404.1,0,65,11:24:15
9.92,3.47,87.3,866,302.9,0,66,11:24:20
9.77,2.51,87.4,853.9,219.4,0,67,11:24:25
9.73,0.79,87.8,854.3,69.4,0,68,11:24:30
9.59,-1.58,88.3,846.8,-139.5,0,69,11:24:35
9.49,-4.19,88.7,841.8,-371.7,0,71,11:24:40
9.37,-6.11,89.1,834.9,-544.4,0,72,11:24:45
9.42,-7.1,89.3,841.2,-634,0,73,11:24:50
9.45,-6.97,89.4,844.8,-623.1,0,72,11:24:55
9.58,-5.21,89,852.6,-463.7,0,71,11:25:00
9.61,-2.84,88.6,851.4,-251.6,0,70,11:25:05
9.67,-1.31,88.4,854.8,-115.8,0,69,11:25:10
9.8,0.39,88.1,863.4,34.4,0,68,11:25:15
9.81,1.71,87.9,862.3,150.3,0,68,11:25:20
9.83,2.43,87.6,861.1,212.9,0,67,11:25:25
9.88,3.12,87.5,864.5,273,0,67,11:25:30
9.91,2.91,87.6,868.1,254.9,0,66,11:25:35
9.88,2.2,87.7,866.5,192.9,0,66,11:25:40
9.91,2.76,87.5,867.1,241.5,0,67,11:25:45
9.85,3,87.5,861.9,262.5,0,67,11:25:50
9.83,1.51,87.7,862.1,132.4,0,67,11:25:55
9.84,0.91,87.9,864.9,80,0,68,11:26:00
9.78,0.94,87.9,859.7,82.6,0,68,11:26:05
9.82,1.17,87.9,863.2,102.8,0,68,11:26:10
9.79,1.33,87.8,859.6,116.8,0,68,11:26:15
9.82,1.51,87.8,862.2,132.6,0,67,11:26:20
9.91,2.87,87.5,867.1,251.1,0,67,11:26:25
9.98,4.37,87.2,870.3,381.1,0,66,11:26:30
10.04,6.15,86.9,872.5,534.4,0,65,11:26:35
10.07,6.94,86.7,873.1,601.7,0,65,11:26:40
10.05,5.95,86.8,872.3,516.5,0,65,11:26:45
9.99,5.04,87,869.1,438.5,0,65,11:26:50
9.92,5.13,86.9,862,445.8,0,66,11:26:55
9.82,2.84,87.4,858.3,248.2,0,66,11:27:00
9.8,0.96,87.8,860.4,84.3,0,68,11:27:05
9.71,-0.48,88.1,855.5,-42.3,0,68,11:27:10
9.66,-1.31,88.2,852,-115.5,0,69,11:27:15
9.75,-0.47,88.1,859,-41.4,0,68,11:27:20
9.75,0.31,88,858,27.3,0,68,11:27:25
9.75,0.23,88,858,20.2,0,68,11:27:30
9.84,0.65,87.9,864.9,57.1,0,68,11:27:35
9.89,1.53,87.7,867.4,134.2,0,67,11:27:40
9.91,3.47,87.4,866.1,303.3,0,66,11:27:45
9.84,1.48,87.8,864,129.9,0,67,11:27:50
9.77,0.53,88,859.8,46.6,0,68,11:27:55
9.83,0.21,88,865,18.5,0,68,11:28:00
9.88,0.93,87.9,868.5,81.7,0,68,11:28:05
9.89,2,87.6,866.4,175.2,0,67,11:28:10
9.88,1.7,87.7,866.5,149.1,0,67,11:28:15
9.89,3.15,87.4,864.4,275.3,0,67,11:28:20
9.81,2,87.7,860.3,175.4,0,67,11:28:25
9.77,1.26,87.8,857.8,110.6,0,68,11:28:30
9.69,-0.62,88.1,853.7,-54.6,0,69,11:28:35
9.68,-2.2,88.4,855.7,-194.5,0,70,11:28:40
9.72,-1.99,88.4,859.2,-175.9,0,69,11:28:45
9.8,-0.5,88.1,863.4,-44.1,0,68,11:28:50
9.85,0.7,87.9,865.8,61.5,0,68,11:28:55
9.86,1.18,87.8,865.7,103.6,0,68,11:29:00
9.81,0.69,87.9,862.3,60.7,0,68,11:29:05
9.76,-0.23,88.1,859.9,-20.3,0,68,11:29:10
9.72,-1.41,88.3,858.3,-124.5,0,69,11:29:15
9.81,-1.99,88.4,867.2,-175.9,0,69,11:29:20
9.77,-1.8,88.4,863.7,-159.1,0,69,11:29:25
9.83,-1.19,88.3,868,-105.1,0,69,11:29:30
9.84,-0.83,88.2,867.9,-73.2,0,69,11:29:35
9.83,-0.89,88.3,868,-78.6,0,69,11:29:40
9.87,-0.94,88.3,871.5,-83,0,69,11:29:45
9.86,-1.1,88.3,870.6,-97.1,0,69,11:29:50
9.89,-1.17,88.3,873.3,-103.3,0,69,11:29:55
9.95,-1.05,88.3,878.6,-92.7,0,69,11:30:00
9.96,-0.52,88.2,878.5,-45.9,0,69,11:30:05
9.98,-0.01,88.1,879.2,-0.9,0,68,11:30:10
9.99,-0.12,88.1,880.1,-10.6,0,68,11:30:15
10.02,0.05,88.1,882.8,4.4,0,68,11:30:20
10.03,-0.63,88.2,884.6,-55.6,0,69,11:30:25
10.06,-0.57,88.2,887.3,-50.3,0,69,11:30:30
9.96,-0.27,88.2,878.5,-23.8,0,68,11:30:35
10.01,-0.19,88.2,882.9,-16.8,0,68,11:30:40
10.08,-0.72,88.3,890.1,-63.6,0,69,11:30:45
10.07,-0.47,88.2,888.2,-41.5,0,69,11:30:50
10.06,0.75,88,885.3,66,0,68,11:30:55
10.07,1.19,87.9,885.2,104.6,0,68,11:31:00
10.1,1.27,87.9,887.8,111.6,0,68,11:31:05
10.03,1.08,87.9,881.6,94.9,0,68,11:31:10
9.95,0.27,88.1,876.6,23.8,0,68,11:31:15
10.02,0.14,88.1,882.8,12.3,0,68,11:31:20
10.03,0.44,88,882.6,38.7,0,68,11:31:25
10.07,0.63,88,886.2,55.4,0,68,11:31:30
9.98,0.58,88,878.2,51,0,68,11:31:35
10.1,0.63,88,888.8,55.4,0,68,11:31:40
10.11,0.8,87.9,888.7,70.3,0,67,11:31:45
10.13,0.84,88,891.4,73.9,0,67,11:31:50
10.13,1.14,87.9,890.4,100.2,0,67,11:31:55
10.13,2.73,87.6,887.4,239.1,0,67,11:32:00
10.12,1.8,87.8,888.5,158,0,67,11:32:05
10.17,2.41,87.6,890.9,211.1,0,67,11:32:10
10.15,2.96,87.5,888.1,259,0,67,11:32:15
10.14,1.4,87.8,890.3,122.9,0,67,11:32:20
10.18,2.34,87.6,891.8,205,0,67,11:32:25
10.14,1.34,87.8,890.3,117.7,0,67,11:32:30
10.16,0.88,87.9,893.1,77.4,0,67,11:32:35
10.13,1.16,87.9,890.4,102,0,67,11:32:40
10.08,1.05,87.9,886,92.3,0,68,11:32:45
10.11,0.86,87.9,888.7,75.6,0,68,11:32:50
10.06,0.92,87.9,884.3,80.9,0,68,11:32:55
9.96,0.41,88,876.5,36.1,0,68,11:33:00
9.92,-0.06,88,873,-5.3,0,68,11:33:05
9.92,-0.43,88.1,874,-37.9,0,68,11:33:10
9.86,-0.92,88.2,869.7,-81.1,0,69,11:33:15
9.8,-1.42,88.3,865.3,-125.4,0,69,11:33:20
9.91,-1.72,88.4,876,-152,0,69,11:33:25
9.86,-1.97,88.5,872.6,-174.3,0,69,11:33:30
9.83,-2.18,88.5,870,-192.9,0,69,11:33:35
9.69,-2.32,88.5,857.6,-205.3,0,70,11:33:40
9.8,-1.67,88.4,866.3,-147.6,0,69,11:33:45
9.83,-1.01,88.3,868,-89.2,0,69,11:33:50
9.89,-0.78,88.3,873.3,-68.9,0,69,11:33:55
9.76,-0.69,88.3,861.8,-60.9,0,69,11:34:00
9.76,-0.52,88.2,860.8,-45.9,0,69,11:34:05
9.78,-0.41,88.3,863.6,-36.2,0,69,11:34:10
9.79,-0.24,88.2,863.5,-21.2,0,69,11:34:15
9.89,-0.36,88.2,872.3,-31.8,0,68,11:34:20
9.94,0.01,88.1,875.7,0.9,0,68,11:34:25
9.92,0.38,88.1,874,33.5,0,68,11:34:30
9.94,1,87.9,873.7,87.9,0,68,11:34:35
9.94,0.73,88,874.7,64.2,0,68,11:34:40
9.96,0.24,88,876.5,21.1,0,68,11:34:45
9.99,0.37,88,879.1,32.6,0,68,11:34:50
9.9,0,88.1,872.2,0,0,68,11:34:55
9.94,0.32,88,874.7,28.2,0,68,11:35:00
9.88,-0.33,88.2,871.4,-29.1,0,68,11:35:05
9.91,-0.66,88.2,874.1,-58.2,0,69,11:35:10
9.79,-1.22,88.3,864.5,-107.7,0,69,11:35:15
9.71,-1.47,88.4,858.4,-129.9,0,69,11:35:20
9.73,-2.3,88.5,861.1,-203.6,0,70,11:35:25
9.78,-1.95,88.5,865.5,-172.6,0,69,11:35:30
9.76,-1.96,88.5,863.8,-173.5,0,70,11:35:35
9.8,-1.44,88.4,866.3,-127.3,0,69,11:35:40
9.79,-0.68,88.3,864.5,-60,0,69,11:35:45
9.87,-0.72,88.3,871.5,-63.6,0,69,11:35:50
9.85,-0.69,88.3,869.8,-60.9,0,69,11:35:55
9.88,-0.63,88.3,872.4,-55.6,0,69,11:36:00
9.86,0.04,88.1,868.7,3.5,0,68,11:36:05
9.85,0.32,88.1,867.8,28.2,0,68,11:36:10
9.89,0.4,88,870.3,35.2,0,68,11:36:15
9.85,0.83,88,866.8,73,0,68,11:36:20
9.79,0.42,88.1,862.5,37,0,68,11:36:25
9.93,0.33,88.1,874.8,29.1,0,68,11:36:30
9.9,0.5,88.1,872.2,44.1,0,68,11:36:35
9.84,0.38,88.1,866.9,33.5,0,68,11:36:40
10,0.99,88,880,87.1,0,68,11:36:45
9.95,1.46,87.8,873.6,128.2,0,68,11:36:50
9.85,1.18,87.9,865.8,103.7,0,68,11:36:55
9.87,0.83,88,868.6,73,0,68,11:37:00
10.39,0.3,88.1,915.4,26.4,0,68,11:37:05
10.3,-0.47,88.2,908.5,-41.5,0,69,11:37:10
9.89,-1.01,88.3,873.3,-89.2,0,69,11:37:15
9.78,-0.72,88.2,862.6,-63.5,0,69,11:37:20
9.87,-0.64,88.3,871.5,-56.5,0,69,11:37:25
9.86,-0.59,88.3,870.6,-52.1,0,69,11:37:30
9.88,-0.07,88.2,871.4,-6.2,0,68,11:37:35
9.95,0.09,88.1,876.6,7.9,0,68,11:37:40
9.88,0.08,88.1,870.4,7,0,68,11:37:45
9.92,0.17,88.1,874,15,0,68,11:37:50
9.88,-0.4,88.2,871.4,-35.3,0,68,11:37:55
9.92,-0.73,88.3,875.9,-64.5,0,69,11:38:00
9.89,-1.16,88.3,873.3,-102.4,0,69,11:38:05
9.9,-1.02,88.3,874.2,-90.1,0,69,11:38:10
9.94,-0.68,88.3,877.7,-60,0,69,11:38:15
9.92,-0.54,88.3,875.9,-47.7,0,69,11:38:20
9.93,0.06,88.1,874.8,5.3,0,68,11:38:25
9.98,0.01,88.2,880.2,0.9,0,68,11:38:30
9.9,0.42,88.1,872.2,37,0,68,11:38:35
9.99,0.15,88.1,880.1,13.2,0,68,11:38:40
9.93,0.46,88.1,874.8,40.5,0,68,11:38:45
9.92,0.07,88.1,874,6.2,0,68,11:38:50
9.96,0.54,88,876.5,47.5,0,68,11:38:55
9.9,-0.1,88.2,873.2,-8.8,0,68,11:39:00
9.96,0.23,88.1,877.5,20.3,0,68,11:39:05
9.97,0,88.2,879.4,0,0,68,11:39:10
9.93,0.48,88.1,874.8,42.3,0,68,11:39:15
9.86,-0.09,88.2,869.7,-7.9,0,68,11:39:20
9.89,-0.29,88.2,872.3,-25.6,0,69,11:39:25
9.87,-0.5,88.2,870.5,-44.1,0,69,11:39:30
9.89,-0.48,88.2,872.3,-42.3,0,69,11:39:35
9.86,-0.33,88.2,869.7,-29.1,0,68,11:39:40
9.94,-0.26,88.2,876.7,-22.9,0,68,11:39:45
9.92,-0.24,88.2,874.9,-21.2,0,68,11:39:50
9.93,-0.27,88.2,875.8,-23.8,0,68,11:39:55
9.94,-0.11,88.2,876.7,-9.7,0,68,11:40:00
9.96,0.45,88.1,877.5,39.6,0,68,11:40:05
9.9,0.4,88.1,872.2,35.2,0,68,11:40:10
10.01,0.08,88.1,881.9,7,0,68,11:40:15
9.94,-0.29,88.2,876.7,-25.6,0,68,11:40:20
10.01,-0.12,88.2,882.9,-10.6,0,68,11:40:25
10.02,-0.2,88.2,883.8,-17.6,0,68,11:40:30
10,-0.48,88.3,883,-42.4,0,69,11:40:35
9.98,-0.4,88.3,881.2,-35.3,0,68,11:40:40
9.96,-0.76,88.3,879.5,-67.1,0,69,11:40:45
9.97,-0.91,88.3,880.4,-80.4,0,69,11:40:50
10.01,-1.12,88.4,884.9,-99,0,69,11:40:55
10.02,-1.21,88.4,885.8,-107,0,69,11:41:00
10.01,-1.41,88.4,884.9,-124.6,0,69,11:41:05
9.98,-1.72,88.5,883.2,-152.2,0,69,11:41:10
10.03,-1.87,88.5,887.7,-165.5,0,69,11:41:15
10.04,-1.43,88.5,888.5,-126.6,0,69,11:41:20
10.15,-1.34,88.5,898.3,-118.6,0,69,11:41:25
10.06,-1.3,88.5,890.3,-115.1,0,69,11:41:30
10.11,-0.5,88.3,892.7,-44.2,0,69,11:41:35
10.17,-0.4,88.3,898,-35.3,0,68,11:41:40
10.15,0.1,88.2,895.2,8.8,0,68,11:41:45
10.19,0.1,88.2,898.8,8.8,0,68,11:41:50
10.2,0.03,88.2,899.6,2.6,0,68,11:41:55
10.18,0.03,88.2,897.9,2.6,0,68,11:42:00
10.18,0.17,88.2,897.9,15,0,68,11:42:05
10.14,-0.08,88.2,894.3,-7.1,0,68,11:42:10
10.14,-0.66,88.3,895.4,-58.3,0,69,11:42:15
10.17,-0.46,88.3,898,-40.6,0,68,11:42:20
10.15,-0.05,88.2,895.2,-4.4,0,68,11:42:25
10.17,-0.08,88.2,897,-7.1,0,68,11:42:30
10.17,0.08,88.2,897,7.1,0,68,11:42:35
10.17,0.34,88.1,896,30,0,68,11:42:40
10.15,0.07,88.2,895.2,6.2,0,68,11:42:45
10.17,-0.19,88.2,897,-16.8,0,68,11:42:50
10.16,-0.51,88.3,897.1,-45,0,69,11:42:55
10.2,-0.5,88.3,900.7,-44.2,0,68,11:43:00
10.16,-0.04,88.2,896.1,-3.5,0,68,11:43:05
10.18,-0.39,88.2,897.9,-34.4,0,69,11:43:10
10.17,-0.46,88.3,898,-40.6,0,68,11:43:15
10.19,-0.3,88.3,899.8,-26.5,0,68,11:43:20
10.16,-0.4,88.3,897.1,-35.3,0,69,11:43:25
10.15,-0.76,88.3,896.2,-67.1,0,69,11:43:30
10.19,-0.7,88.3,899.8,-61.8,0,69,11:43:35
10.19,-0.64,88.3,899.8,-56.5,0,69,11:43:40
10.2,0.21,88.2,899.6,18.5,0,68,11:43:45
10.22,0.07,88.2,901.4,6.2,0,68,11:43:50
10.21,0.29,88.2,900.5,25.6,0,68,11:43:55
10.16,-0.08,88.3,897.1,-7.1,0,68,11:44:00
10.21,-0.04,88.2,900.5,-3.5,0,68,11:44:05
10.2,0.12,88.2,899.6,10.6,0,68,11:44:10
10.2,0.01,88.2,899.6,0.9,0,68,11:44:15
10.22,0.41,88.1,900.4,36.1,0,68,11:44:20
10.2,0.37,88.1,898.6,32.6,0,68,11:44:25
10.22,0.18,88.1,900.4,15.9,0,68,11:44:30
10.22,0.5,88.1,900.4,44.1,0,68,11:44:35
10.22,-0.03,88.2,901.4,-2.6,0,68,11:44:40
10.24,0.39,88.1,902.1,34.4,0,68,11:44:45
10.26,0.66,88,902.9,58.1,0,68,11:44:50
10.23,0.08,88.2,902.3,7.1,0,68,11:44:55
10.21,0.29,88.1,899.5,25.5,0,68,11:45:00
10.18,0.02,88.2,897.9,1.8,0,68,11:45:05
10.16,0.28,88.1,895.1,24.7,0,68,11:45:10
10.18,-0.24,88.2,897.9,-21.2,0,68,11:45:15
10.21,0.1,88.1,899.5,8.8,0,68,11:45:20
10.22,0.56,88.1,900.4,49.3,0,68,11:45:25
10.24,0.27,88.1,902.1,23.8,0,68,11:45:30
10.18,-0.38,88.2,897.9,-33.5,0,68,11:45:35
10.22,-0.45,88.3,902.4,-39.7,0,69,11:45:40
10.2,-0.62,88.3,900.7,-54.7,0,69,11:45:45
10.16,-0.75,88.3,897.1,-66.2,0,69,11:45:50
10.18,-0.77,88.3,898.9,-68,0,69,11:45:55
10.19,-0.93,88.4,900.8,-82.2,0,69,11:46:00
10.15,-1.38,88.4,897.3,-122,0,69,11:46:05
10.16,-1.17,88.4,898.1,-103.4,0,69,11:46:10
10.16,-1.11,88.5,899.2,-98.2,0,69,11:46:15
10.17,-1.23,88.4,899,-108.7,0,69,11:46:20
10.15,-1.12,88.4,897.3,-99,0,69,11:46:25
10.18,-1.23,88.5,900.9,-108.9,0,69,11:46:30
10.16,-1.35,88.4,898.1,-119.3,0,69,11:46:35
10.18,-1.42,88.5,900.9,-125.7,0,69,11:46:40
10.16,-1.51,88.5,899.2,-133.6,0,69,11:46:45
10.18,-1.35,88.5,900.9,-119.5,0,69,11:46:50
10.16,-1.01,88.4,898.1,-89.3,0,69,11:46:55
10.15,-0.89,88.5,898.3,-78.8,0,69,11:47:00
10.15,-0.96,88.4,897.3,-84.9,0,69,11:47:05
10.18,-0.81,88.4,899.9,-71.6,0,69,11:47:10
10.18,-1.11,88.4,899.9,-98.1,0,69,11:47:15
10.16,-0.55,88.3,897.1,-48.6,0,69,11:47:20
10.19,-0.4,88.3,899.8,-35.3,0,69,11:47:25
10.17,-0.71,88.4,899,-62.8,0,69,11:47:30
10.18,-0.37,88.3,898.9,-32.7,0,68,11:47:35
10.21,-0.1,88.3,901.5,-8.8,0,68,11:47:40
10.19,0.12,88.2,898.8,10.6,0,68,11:47:45
10.18,-0.46,88.3,898.9,-40.6,0,69,11:47:50
10.19,-0.33,88.3,899.8,-29.1,0,68,11:47:55
10.19,-0.44,88.3,899.8,-38.9,0,69,11:48:00
10.21,-0.67,88.4,902.6,-59.2,0,69,11:48:05
10.2,-0.34,88.4,901.7,-30.1,0,69,11:48:10
10.23,-0.55,88.3,903.3,-48.6,0,69,11:48:15
10.22,-0.4,88.3,902.4,-35.3,0,69,11:48:20
10.24,-0.28,88.3,904.2,-24.7,0,69,11:48:25
10.21,0.12,88.2,900.5,10.6,0,68,11:48:30
10.23,0.07,88.2,902.3,6.2,0,68,11:48:35
10.21,0.23,88.3,901.5,20.3,0,68,11:48:40
10.23,-0.51,88.3,903.3,-45,0,69,11:48:45
10.24,0.19,88.2,903.2,16.8,0,68,11:48:50
10.26,0.31,88.2,904.9,27.3,0,68,11:48:55
10.25,0.48,88.1,903,42.3,0,68,11:49:00
10.23,0.23,88.2,902.3,20.3,0,68,11:49:05
10.26,0.38,88.2,904.9,33.5,0,68,11:49:10
10.25,0.7,88.1,903,61.7,0,68,11:49:15
10.21,0.17,88.2,900.5,15,0,68,11:49:20
10.23,0.24,88.2,902.3,21.2,0,68,11:49:25
10.21,0.15,88.2,900.5,13.2,0,68,11:49:30
10.22,0.17,88.2,901.4,15,0,68,11:49:35
10.23,-0.09,88.2,902.3,-7.9,0,68,11:49:40
10.25,0.15,88.2,904.1,13.2,0,68,11:49:45
10.2,-0.24,88.2,899.6,-21.2,0,68,11:49:50
10.22,-0.09,88.2,901.4,-7.9,0,68,11:49:55
10.25,-0.07,88.2,904.1,-6.2,0,68,11:50:00
10.21,-0.13,88.3,901.5,-11.5,0,68,11:50:05
10.21,-0.43,88.3,901.5,-38,0,68,11:50:10
10.2,-0.93,88.4,901.7,-82.2,0,69,11:50:15
10.17,-0.96,88.4,899,-84.9,0,69,11:50:20
10.21,-1.37,88.5,903.6,-121.2,0,69,11:50:25
10.24,-1.08,88.5,906.2,-95.6,0,69,11:50:30
10.21,-0.79,88.4,902.6,-69.8,0,69,11:50:35
10.21,-1.19,88.5,903.6,-105.3,0,69,11:50:40
10.19,-1.18,88.5,901.8,-104.4,0,69,11:50:45
10.2,-1.13,88.5,902.7,-100,0,69,11:50:50
10.23,-1.24,88.5,905.4,-109.7,0,69,11:50:55
10.2,-1.02,88.4,901.7,-90.2,0,69,11:51:00
10.23,-1.14,88.5,905.4,-100.9,0,69,11:51:05
10.17,-1.19,88.5,900,-105.3,0,69,11:51:10
10.19,-1.01,88.5,901.8,-89.4,0,69,11:51:15
10.24,-0.75,88.4,905.2,-66.3,0,69,11:51:20
10.26,0.19,88.2,904.9,16.8,0,68,11:51:25
10.25,0.6,88.2,904.1,52.9,0,68,11:51:30
10.26,0.18,88.2,904.9,15.9,0,68,11:51:35
10.28,1.12,88,904.6,98.6,0,68,11:51:40
10.26,1.14,88,902.9,100.3,0,67,11:51:45
10.29,0.64,88.1,906.5,56.4,0,68,11:51:50
10.27,1.78,87.9,902.7,156.5,0,67,11:51:55
10.3,1.59,87.9,905.4,139.8,0,68,11:52:00
10.29,1.19,88,905.5,104.7,0,68,11:52:05
10.3,0.42,88.2,908.5,37,0,68,11:52:10
10.29,0.06,88.2,907.6,5.3,0,68,11:52:15
10.28,0.27,88.2,906.7,23.8,0,68,11:52:20
10.29,-0.13,88.2,907.6,-11.5,0,68,11:52:25
10.28,-0.26,88.3,907.7,-23,0,68,11:52:30
10.26,-0.66,88.3,906,-58.3,0,69,11:52:35
10.24,-0.11,88.3,904.2,-9.7,0,68,11:52:40
10.3,0.08,88.2,908.5,7.1,0,68,11:52:45
10.28,0.44,88.1,905.7,38.8,0,68,11:52:50
10.29,0.01,88.2,907.6,0.9,0,68,11:52:55
10.29,-0.02,88.3,908.6,-1.8,0,68,11:53:00
10.33,0.08,88.3,912.1,7.1,0,68,11:53:05
10.32,0.55,88.1,909.2,48.5,0,68,11:53:10
10.38,1.46,88,913.4,128.5,0,67,11:53:15
10.43,1.7,88,917.8,149.6,0,67,11:53:20
10.43,2.68,87.7,914.7,235,0,66,11:53:25
10.4,2.62,87.7,912.1,229.8,0,66,11:53:30
10.45,2.86,87.6,915.4,250.5,0,66,11:53:35
10.43,3.28,87.6,913.7,287.3,0,67,11:53:40
10.44,1.79,87.9,917.7,157.3,0,67,11:53:45
10.39,2.65,87.6,910.2,232.1,0,67,11:53:50
10.34,1.11,88,909.9,97.7,0,67,11:53:55
10.34,0.22,88.1,911,19.4,0,68,11:54:00
10.27,-0.35,88.3,906.8,-30.9,0,69,11:54:05
10.21,-1.85,88.5,903.6,-163.7,0,69,11:54:10
10.12,-2.27,88.7,897.6,-201.3,0,70,11:54:15
10.12,-3.35,88.8,898.7,-297.5,0,70,11:54:20
10.09,-4.4,89,898,-391.6,0,71,11:54:25
10.12,-4.01,88.9,899.7,-356.5,0,71,11:54:30
10.11,-3.78,88.9,898.8,-336,0,71,11:54:35
10.07,-3.36,88.9,895.2,-298.7,0,70,11:54:40
10.14,-2.37,88.7,899.4,-210.2,0,70,11:54:45
10.24,-1.42,88.5,906.2,-125.7,0,69,11:54:50
10.22,-0.96,88.4,903.4,-84.9,0,69,11:54:55
10.22,-0.95,88.5,904.5,-84.1,0,69,11:55:00
10.14,-0.83,88.4,896.4,-73.4,0,69,11:55:05
10.22,-0.91,88.4,903.4,-80.4,0,69,11:55:10
10.23,-0.63,88.4,904.3,-55.7,0,69,11:55:15
10.09,-0.49,88.5,893,-43.4,0,69,11:55:20
10.2,-0.6,88.4,901.7,-53,0,69,11:55:25
10.05,-0.61,88.4,888.4,-53.9,0,69,11:55:30
10.16,-0.7,88.4,898.1,-61.9,0,69,11:55:35
10.18,-0.31,88.3,898.9,-27.4,0,69,11:55:40
10.2,-0.28,88.3,900.7,-24.7,0,68,11:55:45
10.14,-0.11,88.3,895.4,-9.7,0,68,11:55:50
10.21,0.08,88.3,901.5,7.1,0,68,11:55:55
10.21,-0.08,88.3,901.5,-7.1,0,68,11:56:00
10.21,0.3,88.2,900.5,26.5,0,68,11:56:05
10.23,0.15,88.2,902.3,13.2,0,68,11:56:10
10.25,0.67,88.1,903,59,0,68,11:56:15
10.25,0.5,88.2,904.1,44.1,0,68,11:56:20
10.26,0.94,88.1,903.9,82.8,0,67,11:56:25
10.34,1.65,88,909.9,145.2,0,67,11:56:30
10.4,3.24,87.6,911,283.8,0,67,11:56:35
10.5,3.94,87.5,918.8,344.8,0,66,11:56:40
10.46,4.77,87.3,913.2,416.4,0,66,11:56:45
10.48,4.08,87.5,917,357,0,65,11:56:50
10.49,4.24,87.4,916.8,370.6,0,65,11:56:55
10.43,3.8,87.5,912.6,332.5,0,65,11:57:00
10.41,4.59,87.2,907.8,400.2,0,65,11:57:05
10.37,2.54,87.7,909.4,222.8,0,66,11:57:10
10.3,1.68,87.8,904.3,147.5,0,67,11:57:15
10.26,0.41,88,902.9,36.1,0,68,11:57:20
10.14,-1.07,88.3,895.4,-94.5,0,69,11:57:25
10.06,-2.63,88.6,891.3,-233,0,70,11:57:30
10,-3.83,88.8,888,-340.1,0,71,11:57:35
10.01,-4.62,89,890.9,-411.2,0,71,11:57:40
10.14,-3.74,88.9,901.4,-332.5,0,71,11:57:45
10.07,-3.84,88.9,895.2,-341.4,0,70,11:57:50
10.07,-3.1,88.8,894.2,-275.3,0,70,11:57:55
10.09,-1.9,88.6,894,-168.3,0,70,11:58:00
10.18,-1.37,88.5,900.9,-121.2,0,69,11:58:05
10.26,-0.68,88.4,907,-60.1,0,69,11:58:10
10.19,-0.68,88.4,900.8,-60.1,0,69,11:58:15
10.25,-0.84,88.4,906.1,-74.3,0,69,11:58:20
10.22,-1.07,88.4,903.4,-94.6,0,69,11:58:25
10.16,-1.24,88.5,899.2,-109.7,0,69,11:58:30
10.28,-1.2,88.5,909.8,-106.2,0,69,11:58:35
10.23,-1.17,88.5,905.4,-103.5,0,69,11:58:40
10.19,-1.04,88.5,901.8,-92,0,69,11:58:45
10.16,-0.89,88.4,898.1,-78.7,0,69,11:58:50
10.25,-0.75,88.4,906.1,-66.3,0,69,11:58:55
10.29,-0.9,88.4,909.6,-79.6,0,69,11:59:00
10.28,-0.92,88.5,909.8,-81.4,0,69,11:59:05
10.23,-0.61,88.4,904.3,-53.9,0,69,11:59:10
10.12,-0.64,88.4,894.6,-56.6,0,69,11:59:15
10.34,-0.36,88.4,914.1,-31.8,0,69,11:59:20
10.24,-0.51,88.4,905.2,-45.1,0,69,11:59:25
10.26,-0.82,88.4,907,-72.5,0,69,11:59:30
10.23,-0.78,88.4,904.3,-69,0,69,11:59:35
10.31,-0.88,88.4,911.4,-77.8,0,69,11:59:40
10.29,-1.02,88.5,910.7,-90.3,0,69,11:59:45
10.27,-1.38,88.5,908.9,-122.1,0,69,11:59:50
10.29,-0.9,88.4,909.6,-79.6,0,69,11:59:55
10.19,-1.2,88.5,901.8,-106.2,0,69,12:00:00
10.24,-1.23,88.5,906.2,-108.9,0,69,12:00:05
10.26,-1.57,88.6,909,-139.1,0,69,12:00:10
10.17,-1.96,88.6,901.1,-173.7,0,69,12:00:15
10.17,-2.28,88.7,902.1,-202.2,0,70,12:00:20
10.21,-2.24,88.7,905.6,-198.7,0,70,12:00:25
10.2,-2.31,88.7,904.7,-204.9,0,70,12:00:30
10.24,-1.76,88.6,907.3,-155.9,0,69,12:00:35
10.23,-1.1,88.5,905.4,-97.4,0,69,12:00:40
10.3,-0.77,88.5,911.6,-68.1,0,69,12:00:45
10.27,-0.22,88.4,907.9,-19.4,0,68,12:00:50
10.24,0.14,88.3,904.2,12.4,0,68,12:00:55
10.34,0.42,88.2,912,37,0,68,12:01:00
10.3,0.47,88.3,909.5,41.5,0,68,12:01:05
10.18,0.28,88.3,898.9,24.7,0,68,12:01:10
10.19,-0.13,88.3,899.8,-11.5,0,68,12:01:15
10.17,0.19,88.3,898,16.8,0,68,12:01:20
10.18,-0.14,88.3,898.9,-12.4,0,68,12:01:25
10.2,-0.08,88.3,900.7,-7.1,0,68,12:01:30
10.2,-0.07,88.3,900.7,-6.2,0,68,12:01:35
10.23,0.11,88.3,903.3,9.7,0,68,12:01:40
10.18,0.88,88.1,896.9,77.5,0,68,12:01:45
10.13,0.84,88.1,892.5,74,0,68,12:01:50
10.13,0.37,88.2,893.5,32.6,0,68,12:01:55
10.15,1.08,88.1,894.2,95.1,0,68,12:02:00
10.17,1.41,88,895,124.1,0,68,12:02:05
10.18,1.83,87.9,894.8,160.9,0,67,12:02:10
10.2,1.36,88,897.6,119.7,0,67,12:02:15
10.22,0.84,88.1,900.4,74,0,68,12:02:20
10.12,0.59,88.1,891.6,52,0,68,12:02:25
10.06,0.51,88.2,887.3,45,0,68,12:02:30
9.95,0.21,88.2,877.6,18.5,0,68,12:02:35
10,0.03,88.3,883,2.6,0,68,12:02:40
9.96,-0.3,88.3,879.5,-26.5,0,69,12:02:45
9.98,-0.5,88.4,882.2,-44.2,0,69,12:02:50
9.84,-0.15,88.3,868.9,-13.2,0,68,12:02:55
9.89,0.17,88.3,873.3,15,0,68,12:03:00
9.88,0.29,88.2,871.4,25.6,0,68,12:03:05
9.88,0.46,88.3,872.4,40.6,0,68,12:03:10
9.86,0.66,88.1,868.7,58.1,0,68,12:03:15
10.06,1.28,88,885.3,112.6,0,68,12:03:20
9.96,1.89,87.8,874.5,165.9,0,67,12:03:25
10,1.91,87.9,879,167.9,0,67,12:03:30
10.1,1.79,87.9,887.8,157.3,0,67,12:03:35
10.08,1.41,88,887,124.1,0,68,12:03:40
10.03,1.08,88,882.6,95,0,68,12:03:45
9.99,0.49,88.1,880.1,43.2,0,68,12:03:50
9.96,-0.24,88.3,879.5,-21.2,0,69,12:03:55
10,-0.68,88.3,883,-60,0,69,12:04:00
9.93,-1.05,88.4,877.8,-92.8,0,69,12:04:05
9.85,-0.99,88.4,870.7,-87.5,0,69,12:04:10
9.93,-0.79,88.4,877.8,-69.8,0,69,12:04:15
9.9,-0.71,88.4,875.2,-62.8,0,69,12:04:20
9.95,-0.44,88.3,878.6,-38.9,0,69,12:04:25
9.77,-0.07,88.3,862.7,-6.2,0,68,12:04:30
9.89,-0.14,88.3,873.3,-12.4,0,68,12:04:35
9.69,0.09,88.3,855.6,7.9,0,68,12:04:40
9.84,0.41,88.2,867.9,36.2,0,68,12:04:45
9.71,0.39,88.2,856.4,34.4,0,68,12:04:50
9.84,0.64,88.1,866.9,56.4,0,68,12:04:55
9.87,0.48,88.2,870.5,42.3,0,68,12:05:00
9.83,0.24,88.2,867,21.2,0,68,12:05:05
9.8,0.34,88.2,864.4,30,0,68,12:05:10
9.82,0.68,88.1,865.1,59.9,0,68,12:05:15
9.8,1.2,88,862.4,105.6,0,68,12:05:20
9.82,1.29,88,864.2,113.5,0,68,12:05:25
9.83,2.1,87.9,864.1,184.6,0,67,12:05:30
9.89,2.59,87.7,867.4,227.1,0,67,12:05:35
9.88,1.73,87.9,868.5,152.1,0,67,12:05:40
9.86,1.51,87.9,866.7,132.7,0,67,12:05:45
9.94,2.51,87.7,871.7,220.1,0,67,12:05:50
9.9,2.41,87.7,868.2,211.4,0,67,12:05:55
9.94,2.47,87.7,871.7,216.6,0,67,12:06:00
9.98,2.52,87.7,875.2,221,0,67,12:06:05
9.96,3.12,87.6,872.5,273.3,0,67,12:06:10
9.89,1.62,87.8,868.3,142.2,0,67,12:06:15
9.87,1.36,87.9,867.6,119.5,0,67,12:06:20
9.88,0.8,88,869.4,70.4,0,68,12:06:25
9.86,0.57,88,867.7,50.2,0,68,12:06:30
9.87,0.6,88,868.6,52.8,0,68,12:06:35
9.88,0.05,88.2,871.4,4.4,0,68,12:06:40
9.83,0.1,88.1,866,8.8,0,68,12:06:45
9.84,-0.14,88.2,867.9,-12.3,0,69,12:06:50
9.83,-0.54,88.3,868,-47.7,0,69,12:06:55
9.86,-0.65,88.3,870.6,-57.4,0,69,12:07:00
9.86,-0.47,88.3,870.6,-41.5,0,69,12:07:05
9.83,-0.56,88.3,868,-49.4,0,69,12:07:10
9.88,-0.61,88.3,872.4,-53.9,0,69,12:07:15
9.91,-0.58,88.3,875.1,-51.2,0,69,12:07:20
9.95,-0.41,88.3,878.6,-36.2,0,69,12:07:25
9.96,-0.51,88.3,879.5,-45,0,69,12:07:30
9.97,-0.34,88.3,880.4,-30,0,69,12:07:35
9.98,-0.55,88.3,881.2,-48.6,0,69,12:07:40
10.04,-0.46,88.3,886.5,-40.6,0,69,12:07:45
9.98,-0.53,88.3,881.2,-46.8,0,69,12:07:50
9.96,-0.44,88.3,879.5,-38.9,0,69,12:07:55
10.04,-0.25,88.3,886.5,-22.1,0,69,12:08:00
10.14,0.09,88.2,894.3,7.9,0,68,12:08:05
10.09,0.19,88.3,890.9,16.8,0,68,12:08:10
10.12,-0.01,88.2,892.6,-0.9,0,68,12:08:15
10.2,-0.24,88.3,900.7,-21.2,0,68,12:08:20
10.24,0.32,88.2,903.2,28.2,0,68,12:08:25
10.27,-0.03,88.2,905.8,-2.6,0,68,12:08:30
10.21,0.18,88.2,900.5,15.9,0,68,12:08:35
10.23,0.02,88.2,902.3,1.8,0,68,12:08:40
10.27,-0.27,88.3,906.8,-23.8,0,68,12:08:45
10.31,0.2,88.2,909.3,17.6,0,68,12:08:50
10.35,-0.25,88.3,913.9,-22.1,0,68,12:08:55
10.26,0.66,88.1,903.9,58.1,0,68,12:09:00
10.24,-0.04,88.2,903.2,-3.5,0,68,12:09:05
10.23,0.13,88.2,902.3,11.5,0,68,12:09:10
10.33,0.18,88.2,911.1,15.9,0,68,12:09:15
10.3,0.56,88.1,907.4,49.3,0,68,12:09:20
10.3,0.39,88.2,908.5,34.4,0,68,12:09:25
10.35,0.28,88.2,912.9,24.7,0,68,12:09:30
10.29,0.93,88,905.5,81.8,0,68,12:09:35
10.31,0.74,88.1,908.3,65.2,0,68,12:09:40
10.26,0.07,88.2,904.9,6.2,0,68,12:09:45
10.19,0.41,88.1,897.7,36.1,0,68,12:09:50
10.22,-0.13,88.2,901.4,-11.5,0,68,12:09:55
10.26,0.09,88.2,904.9,7.9,0,68,12:10:00
10.24,-0.23,88.3,904.2,-20.3,0,68,12:10:05
10.22,-0.26,88.3,902.4,-23,0,68,12:10:10
10.24,0.27,88.2,903.2,23.8,0,68,12:10:15
10.29,0.08,88.2,907.6,7.1,0,68,12:10:20
10.28,0.49,88.1,905.7,43.2,0,68,12:10:25
10.25,-0.02,88.3,905.1,-1.8,0,68,12:10:30
10.3,0.06,88.2,908.5,5.3,0,68,12:10:35
10.23,-0.45,88.3,903.3,-39.7,0,69,12:10:40
10.31,-0.1,88.3,910.4,-8.8,0,68,12:10:45
10.31,0.22,88.2,909.3,19.4,0,68,12:10:50
10.28,0.5,88.2,906.7,44.1,0,68,12:10:55
10.31,0.35,88.1,908.3,30.8,0,68,12:11:00
10.36,0.78,88,911.7,68.6,0,68,12:11:05
10.34,0.76,88.1,911,67,0,68,12:11:10
10.34,0.2,88.2,912,17.6,0,68,12:11:15
10.33,0.57,88.1,910.1,50.2,0,68,12:11:20
10.31,1.38,87.9,906.2,121.3,0,68,12:11:25
10.24,1.2,87.9,900.1,105.5,0,68,12:11:30
10.31,0.66,88.1,908.3,58.1,0,68,12:11:35
10.35,0.53,88.1,911.8,46.7,0,68,12:11:40
10.32,0.44,88.1,909.2,38.8,0,68,12:11:45
10.26,0.94,88,902.9,82.7,0,68,12:11:50
10.31,0.7,88,907.3,61.6,0,68,12:11:55
10.28,0.24,88.2,906.7,21.2,0,68,12:12:00
10.24,0.34,88.1,902.1,30,0,68,12:12:05
10.19,0.08,88.2,898.8,7.1,0,68,12:12:10
10.19,0.12,88.1,897.7,10.6,0,68,12:12:15
10.22,-0.31,88.2,901.4,-27.3,0,68,12:12:20
10.2,-0.11,88.2,899.6,-9.7,0,68,12:12:25
10.18,-0.2,88.3,898.9,-17.7,0,68,12:12:30
10.24,-0.32,88.3,904.2,-28.3,0,68,12:12:35
10.21,-0.36,88.3,901.5,-31.8,0,68,12:12:40
10.12,-0.52,88.3,893.6,-45.9,0,69,12:12:45
10.18,-0.37,88.3,898.9,-32.7,0,69,12:12:50
10.16,-0.4,88.3,897.1,-35.3,0,69,12:12:55
10.17,-0.55,88.3,898,-48.6,0,69,12:13:00
10.2,-0.65,88.3,900.7,-57.4,0,69,12:13:05
10.09,-0.65,88.3,890.9,-57.4,0,69,12:13:10
10.13,-0.74,88.3,894.5,-65.3,0,69,12:13:15
10.07,-0.05,88.2,888.2,-4.4,0,68,12:13:20
10.25,0.09,88.2,904.1,7.9,0,68,12:13:25
10.24,0.42,88.1,902.1,37,0,68,12:13:30
10.3,-0.05,88.2,908.5,-4.4,0,68,12:13:35
10.28,-0.02,88.2,906.7,-1.8,0,68,12:13:40
10.29,-0.1,88.2,907.6,-8.8,0,68,12:13:45
10.32,-0.11,88.3,911.3,-9.7,0,68,12:13:50
10.26,-0.19,88.3,906,-16.8,0,68,12:13:55
10.27,-0.21,88.2,905.8,-18.5,0,68,12:14:00
10.27,-0.53,88.3,906.8,-46.8,0,69,12:14:05
10.25,-0.29,88.3,905.1,-25.6,0,69,12:14:10
10.23,-0.28,88.3,903.3,-24.7,0,68,12:14:15
10.23,-0.25,88.3,903.3,-22.1,0,68,12:14:20
10.26,-0.06,88.3,906,-5.3,0,68,12:14:25
10.24,0,88.2,903.2,0,0,68,12:14:30
10.31,-0.07,88.3,910.4,-6.2,0,68,12:14:35
10.3,0.38,88.1,907.4,33.5,0,68,12:14:40
10.37,0.78,88.1,913.6,68.7,0,68,12:14:45
10.33,0.97,88.1,910.1,85.5,0,68,12:14:50
10.35,1.37,88,910.8,120.6,0,67,12:14:55
10.36,2.69,87.7,908.6,235.9,0,67,12:15:00
10.42,1.5,87.9,915.9,131.9,0,67,12:15:05
10.39,1.97,87.8,912.2,173,0,67,12:15:10
10.38,1.89,87.8,911.4,165.9,0,67,12:15:15
10.33,1.63,87.9,908,143.3,0,67,12:15:20
10.38,1.26,87.9,912.4,110.8,0,67,12:15:25
10.35,1.11,88,910.8,97.7,0,67,12:15:30
10.36,1.25,87.9,910.6,109.9,0,67,12:15:35
10.41,1.99,87.8,914,174.7,0,67,12:15:40
10.44,1.86,87.8,916.6,163.3,0,67,12:15:45
10.49,1.3,87.9,922.1,114.3,0,67,12:15:50
10.5,1.25,87.9,923,109.9,0,67,12:15:55
10.53,1.55,87.9,925.6,136.2,0,67,12:16:00
10.53,1.74,87.8,924.5,152.8,0,67,12:16:05
10.5,1.7,87.8,921.9,149.3,0,67,12:16:10
10.54,1.34,87.9,926.5,117.8,0,67,12:16:15
10.53,2.28,87.7,923.5,200,0,67,12:16:20
10.52,1.91,87.8,923.7,167.7,0,67,12:16:25
10.51,2.86,87.6,920.7,250.5,0,67,12:16:30
10.5,1.4,87.9,923,123.1,0,67,12:16:35
10.52,2.32,87.6,921.6,203.2,0,67,12:16:40
10.46,1.31,87.9,919.4,115.1,0,67,12:16:45
10.43,0.95,88,917.8,83.6,0,67,12:16:50
10.34,0.81,88,909.9,71.3,0,68,12:16:55
10.35,-0.03,88.1,911.8,-2.6,0,68,12:17:00
10.29,-0.19,88.2,907.6,-16.8,0,68,12:17:05
10.28,-1.73,88.4,908.8,-152.9,0,69,12:17:10
10.24,-2.19,88.5,906.2,-193.8,0,70,12:17:15
10.24,-2.21,88.5,906.2,-195.6,0,69,12:17:20
10.32,-0.84,88.3,911.3,-74.2,0,69,12:17:25
10.37,1.13,88,912.6,99.4,0,67,12:17:30
10.43,2.33,87.8,915.8,204.6,0,67,12:17:35
10.45,2.38,87.7,916.5,208.7,0,66,12:17:40
10.5,2.61,87.7,920.9,228.9,0,66,12:17:45
10.48,3.46,87.5,917,302.8,0,66,12:17:50
10.48,4.19,87.3,914.9,365.8,0,66,12:17:55
10.46,4.11,87.2,912.1,358.4,0,66,12:18:00
10.48,3.55,87.3,914.9,309.9,0,66,12:18:05
10.45,3.19,87.4,913.3,278.8,0,66,12:18:10
10.48,2.97,87.4,916,259.6,0,66,12:18:15
10.46,2.88,87.4,914.2,251.7,0,66,12:18:20
10.45,2.6,87.5,914.4,227.5,0,66,12:18:25
10.47,2.55,87.5,916.1,223.1,0,66,12:18:30
10.44,2.49,87.6,914.5,218.1,0,66,12:18:35
10.48,2.47,87.6,918,216.4,0,66,12:18:40
10.5,2.66,87.5,918.8,232.8,0,66,12:18:45
10.5,3.77,87.3,916.7,329.1,0,66,12:18:50
10.44,3.82,87.3,911.4,333.5,0,66,12:18:55
10.47,3.7,87.3,914,323,0,66,12:19:00
10.49,4.03,87.2,914.7,351.4,0,66,12:19:05
10.5,3.92,87.2,915.6,341.8,0,66,12:19:10
10.49,3.15,87.3,915.8,275,0,66,12:19:15
10.46,2.9,87.4,914.2,253.5,0,66,12:19:20
10.46,3.16,87.3,913.2,275.9,0,66,12:19:25
10.43,2.37,87.6,913.7,207.6,0,67,12:19:30
10.41,1.41,87.7,913,123.7,0,67,12:19:35
10.4,2.47,87.5,910,216.1,0,67,12:19:40
10.39,1.32,87.7,911.2,115.8,0,67,12:19:45
10.4,2.2,87.6,911,192.7,0,67,12:19:50
10.37,1.4,87.7,909.4,122.8,0,67,12:19:55
10.36,0.68,87.9,910.6,59.8,0,67,12:20:00
10.35,0.73,87.8,908.7,64.1,0,68,12:20:05
10.35,0.31,88,910.8,27.3,0,68,12:20:10
10.32,0.13,88,908.2,11.4,0,68,12:20:15
10.31,0.42,87.9,906.2,36.9,0,68,12:20:20
10.37,0.77,87.9,911.5,67.7,0,68,12:20:25
10.36,1,87.8,909.6,87.8,0,67,12:20:30
10.37,0.85,87.8,910.5,74.6,0,67,12:20:35
10.37,1.13,87.8,910.5,99.2,0,67,12:20:40
10.4,2.5,87.5,910,218.8,0,67,12:20:45
10.41,1.37,87.8,914,120.3,0,67,12:20:50
10.44,2.64,87.5,913.5,231,0,67,12:20:55
10.44,1.63,87.7,915.6,143,0,67,12:21:00
10.44,2.11,87.6,914.5,184.8,0,67,12:21:05
10.47,2.1,87.6,917.2,184,0,67,12:21:10
10.44,1.55,87.7,915.6,135.9,0,67,12:21:15
10.44,1.89,87.6,914.5,165.6,0,67,12:21:20
10.44,1.56,87.6,914.5,136.7,0,67,12:21:25
10.44,0.92,87.8,916.6,80.8,0,67,12:21:30
10.4,1.36,87.7,912.1,119.3,0,67,12:21:35
10.4,1.32,87.7,912.1,115.8,0,67,12:21:40
10.36,1.13,87.7,908.6,99.1,0,68,12:21:45
10.36,0.78,87.8,909.6,68.5,0,68,12:21:50
10.38,0.18,87.9,912.4,15.8,0,68,12:21:55
10.36,-0.03,88,911.7,-2.6,0,68,12:22:00
10.34,0.56,87.9,908.9,49.2,0,68,12:22:05
10.36,0.04,88,911.7,3.5,0,68,12:22:10
10.37,0.02,88,912.6,1.8,0,68,12:22:15
10.35,0.36,87.9,909.8,31.6,0,68,12:22:20
10.36,0.85,87.8,909.6,74.6,0,68,12:22:25
10.38,1.13,87.8,911.4,99.2,0,68,12:22:30
10.42,1.69,87.7,913.8,148.2,0,67,12:22:35
10.39,1.81,87.6,910.2,158.6,0,67,12:22:40
10.38,1.76,87.7,910.3,154.4,0,67,12:22:45
10.42,2,87.6,912.8,175.2,0,67,12:22:50
10.46,3.03,87.4,914.2,264.8,0,67,12:22:55
10.44,2.71,87.5,913.5,237.1,0,66,12:23:00
10.47,2.24,87.6,917.2,196.2,0,66,12:23:05
10.46,2.42,87.6,916.3,212,0,66,12:23:10
10.45,2.84,87.4,913.3,248.2,0,66,12:23:15
10.42,3.24,87.4,910.7,283.2,0,66,12:23:20
10.41,2.38,87.5,910.9,208.3,0,67,12:23:25
10.36,1.41,87.6,907.5,123.5,0,67,12:23:30
10.35,1.01,87.8,908.7,88.7,0,67,12:23:35
10.34,0.92,87.7,906.8,80.7,0,67,12:23:40
10.29,0.47,87.9,904.5,41.3,0,68,12:23:45
10.3,-0.08,87.9,905.4,-7,0,68,12:23:50
10.3,-0.04,87.9,905.4,-3.5,0,68,12:23:55
10.29,-0.71,88,905.5,-62.5,0,68,12:24:00
10.31,-0.53,88,907.3,-46.6,0,68,12:24:05
10.3,-0.62,88.1,907.4,-54.6,0,68,12:24:10
10.29,-0.81,88.1,906.5,-71.4,0,69,12:24:15
10.27,-0.93,88.1,904.8,-81.9,0,69,12:24:20
10.26,-0.51,88.1,903.9,-44.9,0,68,12:24:25
10.25,-0.89,88.2,904.1,-78.5,0,69,12:24:30
10.28,-0.97,88.2,906.7,-85.6,0,69,12:24:35
10.26,-1.03,88.2,904.9,-90.8,0,69,12:24:40
10.25,-1.18,88.2,904.1,-104.1,0,69,12:24:45
10.28,-1.17,88.2,906.7,-103.2,0,69,12:24:50
10.25,-0.86,88.2,904.1,-75.9,0,69,12:24:55
10.23,-0.53,88.1,901.3,-46.7,0,69,12:25:00
10.23,-0.55,88.1,901.3,-48.5,0,68,12:25:05
10.25,-0.39,88.1,903,-34.4,0,68,12:25:10
10.26,-0.68,88.2,904.9,-60,0,69,12:25:15
10.22,-0.46,88.1,900.4,-40.5,0,68,12:25:20
10.28,0.18,88,904.6,15.8,0,68,12:25:25
10.27,0.33,88,903.8,29,0,68,12:25:30
10.3,0.73,87.9,905.4,64.2,0,67,12:25:35
10.31,1.7,87.8,905.2,149.3,0,67,12:25:40
10.33,2.14,87.6,904.9,187.5,0,67,12:25:45
10.31,1.55,87.7,904.2,135.9,0,67,12:25:50
10.25,2.49,87.5,896.9,217.9,0,67,12:25:55
10.29,1.36,87.8,903.5,119.4,0,67,12:26:00
10.26,1.99,87.6,898.8,174.3,0,67,12:26:05
10.26,1.58,87.7,899.8,138.6,0,67,12:26:10
10.25,0.85,87.8,900,74.6,0,67,12:26:15
10.27,0.85,87.8,901.7,74.6,0,67,12:26:20
10.24,0.9,87.8,899.1,79,0,67,12:26:25
10.19,0.47,87.9,895.7,41.3,0,68,12:26:30
10.24,0.39,87.9,900.1,34.3,0,68,12:26:35
10.28,0.78,87.8,902.6,68.5,0,67,12:26:40
10.37,1.93,87.7,909.4,169.3,0,67,12:26:45
10.37,1.9,87.6,908.4,166.4,0,66,12:26:50
10.46,2.57,87.4,914.2,224.6,0,66,12:26:55
10.44,2.97,87.3,911.4,259.3,0,66,12:27:00
10.41,2.91,87.4,909.8,254.3,0,67,12:27:05
10.4,0.92,87.8,913.1,80.8,0,67,12:27:10
10.38,0.2,87.9,912.4,17.6,0,68,12:27:15
10.33,0.01,87.9,908,0.9,0,68,12:27:20
10.33,0.01,87.9,908,0.9,0,68,12:27:25
10.34,-0.64,88,909.9,-56.3,0,68,12:27:30
10.32,-0.86,88.1,909.2,-75.8,0,69,12:27:35
10.32,-0.94,88.1,909.2,-82.8,0,69,12:27:40
10.34,-0.6,88.1,911,-52.9,0,68,12:27:45
10.34,-0.85,88.1,911,-74.9,0,69,12:27:50
10.35,-0.93,88.1,911.8,-81.9,0,69,12:27:55
10.37,-0.89,88.2,914.6,-78.5,0,69,12:28:00
10.36,-0.84,88.1,912.7,-74,0,69,12:28:05
10.37,-0.87,88.2,914.6,-76.7,0,69,12:28:10
10.39,-0.78,88.2,916.4,-68.8,0,69,12:28:15
10.4,-0.86,88.2,917.3,-75.9,0,69,12:28:20
10.42,-0.71,88.1,918,-62.6,0,69,12:28:25
10.43,-0.87,88.2,919.9,-76.7,0,69,12:28:30
10.46,-0.78,88.2,922.6,-68.8,0,68,12:28:35
10.47,-0.22,88,921.4,-19.4,0,68,12:28:40
10.47,-0.59,88.1,922.4,-52,0,68,12:28:45
10.49,0.19,88,923.1,16.7,0,68,12:28:50
10.52,0.43,88,925.8,37.8,0,68,12:28:55
10.54,0,88,927.5,0,0,68,12:29:00
10.51,0.33,87.9,923.8,29,0,68,12:29:05
10.53,0.79,87.9,925.6,69.4,0,67,12:29:10
10.56,0.9,87.8,927.2,79,0,67,12:29:15
10.53,1,87.8,924.5,87.8,0,67,12:29:20
10.49,1.65,87.7,920,144.7,0,67,12:29:25
10.57,1.63,87.6,925.9,142.8,0,67,12:29:30
10.53,0.9,87.8,924.5,79,0,67,12:29:35
10.49,1.22,87.7,920,107,0,67,12:29:40
10.31,2,87.6,903.2,175.2,0,67,12:29:45
10.44,1.02,87.7,915.6,89.5,0,67,12:29:50
10.43,0.54,87.9,916.8,47.5,0,67,12:29:55
10.18,0.81,87.8,893.8,71.1,0,67,12:30:00
10.19,0.68,87.9,895.7,59.8,0,67,12:30:05
10.16,0.31,88,894.1,27.3,0,68,12:30:10
10.08,0.5,87.8,885,43.9,0,68,12:30:15
9.9,0.11,88,871.2,9.7,0,68,12:30:20
9.75,-0.25,88,858,-22,0,68,12:30:25
9.69,-0.51,88.1,853.7,-44.9,0,69,12:30:30
9.64,-0.7,88.1,849.3,-61.7,0,69,12:30:35
9.43,-0.87,88.2,831.7,-76.7,0,69,12:30:40
9.57,-0.31,88.1,843.1,-27.3,0,69,12:30:45
9.56,0.78,87.8,839.4,68.5,0,68,12:30:50
9.78,2.16,87.6,856.7,189.2,0,67,12:30:55
10.31,2.94,87.4,901.1,257,0,66,12:31:00
10.34,4.4,87.1,900.6,383.2,0,66,12:31:05
10.31,3.67,87.2,899,320,0,66,12:31:10
10.42,2.7,87.4,910.7,236,0,67,12:31:15
10.35,0.75,87.7,907.7,65.8,0,67,12:31:20
10.35,0.18,87.9,909.8,15.8,0,68,12:31:25
10.27,-1.38,88.2,905.8,-121.7,0,69,12:31:30
10.15,-2.5,88.4,897.3,-221,0,70,12:31:35
10.13,-2.86,88.5,896.5,-253.1,0,70,12:31:40
10.14,-3.11,88.5,897.4,-275.2,0,70,12:31:45
10.04,-3.45,88.6,889.5,-305.7,0,70,12:31:50
10.16,-3.42,88.6,900.2,-303,0,70,12:31:55
10.12,-3.05,88.6,896.6,-270.2,0,70,12:32:00
10.17,-2.81,88.5,900,-248.7,0,70,12:32:05
10.15,-2.49,88.5,898.3,-220.4,0,70,12:32:10
10.23,-1.49,88.3,903.3,-131.6,0,69,12:32:15
10.27,-0.94,88.2,905.8,-82.9,0,69,12:32:20
10.26,-0.27,88.1,903.9,-23.8,0,68,12:32:25
10.2,-0.62,88.2,899.6,-54.7,0,69,12:32:30
10.27,-0.72,88.2,905.8,-63.5,0,68,12:32:35
10.3,-0.1,88.1,907.4,-8.8,0,68,12:32:40
10.43,-0.06,88,917.8,-5.3,0,68,12:32:45
10.45,0.76,87.9,918.6,66.8,0,68,12:32:50
10.43,1.31,87.8,915.8,115,0,67,12:32:55
10.4,1.79,87.7,912.1,157,0,67,12:33:00
10.45,1.54,87.8,917.5,135.2,0,67,12:33:05
10.44,2.76,87.4,912.5,241.2,0,67,12:33:10
10.47,3.37,87.3,914,294.2,0,67,12:33:15
10.44,2.06,87.7,915.6,180.7,0,67,12:33:20
10.39,1.8,87.6,910.2,157.7,0,67,12:33:25
10.4,0.45,87.9,914.2,39.6,0,68,12:33:30
10.34,-0.63,88.1,911,-55.5,0,68,12:33:35
10.35,-1.76,88.3,913.9,-155.4,0,69,12:33:40
10.29,-2.42,88.4,909.6,-213.9,0,70,12:33:45
10.29,-3.37,88.6,911.7,-298.6,0,70,12:33:50
10.28,-3.37,88.6,910.8,-298.6,0,70,12:33:55
10.32,-2.85,88.6,914.4,-252.5,0,70,12:34:00
10.38,-1.96,88.4,917.6,-173.3,0,69,12:34:05
10.42,-1.52,88.3,920.1,-134.2,0,69,12:34:10
10.39,-1.23,88.3,917.4,-108.6,0,69,12:34:15
10.41,-0.6,88.2,918.2,-52.9,0,68,12:34:20
10.46,-0.34,88.1,921.5,-30,0,68,12:34:25
10.42,-0.22,88.1,918,-19.4,0,68,12:34:30
10.5,0.01,88.1,925.1,0.9,0,68,12:34:35
10.44,-0.34,88.1,919.8,-30,0,68,12:34:40
10.56,1.13,87.8,927.2,99.2,0,68,12:34:45
10.51,1.15,87.8,922.8,101,0,67,12:34:50
10.51,0.68,87.9,923.8,59.8,0,68,12:34:55
10.53,0.7,88,926.6,61.6,0,68,12:35:00
10.54,0.72,87.9,926.5,63.3,0,68,12:35:05
10.52,0.8,87.9,924.7,70.3,0,68,12:35:10
10.49,0.56,87.9,922.1,49.2,0,68,12:35:15
10.51,0.06,88,924.9,5.3,0,68,12:35:20
10.48,0.03,88,922.2,2.6,0,68,12:35:25
10.5,0.44,87.9,923,38.7,0,68,12:35:30
10.5,0.32,88,924,28.2,0,68,12:35:35
10.48,0.42,88,922.2,37,0,68,12:35:40
10.53,0.42,88,926.6,37,0,68,12:35:45
10.5,0.28,88,924,24.6,0,68,12:35:50
10.46,0.42,88,920.5,37,0,68,12:35:55
10.52,0.25,88,925.8,22,0,68,12:36:00
10.49,0.42,87.9,922.1,36.9,0,68,12:36:05
10.51,0.85,87.8,922.8,74.6,0,67,12:36:10
10.53,0.76,87.8,924.5,66.7,0,67,12:36:15
10.55,0.43,87.9,927.3,37.8,0,68,12:36:20
10.47,0.19,88,921.4,16.7,0,68,12:36:25
10.46,0.31,87.9,919.4,27.2,0,68,12:36:30
10.46,0.22,88,920.5,19.4,0,68,12:36:35
10.5,-0.4,88.1,925.1,-35.2,0,68,12:36:40
10.48,-0.05,88,922.2,-4.4,0,68,12:36:45
10.46,-0.49,88.1,921.5,-43.2,0,68,12:36:50
10.47,0.03,88,921.4,2.6,0,68,12:36:55
10.46,-0.27,88.1,921.5,-23.8,0,68,12:37:00
10.45,0.05,88,919.6,4.4,0,68,12:37:05
10.5,0.59,87.9,923,51.9,0,68,12:37:10
10.48,0.42,88,922.2,37,0,68,12:37:15
10.47,0.68,87.9,920.3,59.8,0,68,12:37:20
10.48,0.45,88,922.2,39.6,0,68,12:37:25
10.53,0.89,87.9,925.6,78.2,0,67,12:37:30
10.49,1.48,87.8,921,129.9,0,67,12:37:35
10.46,1.47,87.7,917.3,128.9,0,67,12:37:40
10.5,1.66,87.7,920.9,145.6,0,67,12:37:45
10.51,1.24,87.7,921.7,108.7,0,67,12:37:50
10.5,0.92,87.8,921.9,80.8,0,67,12:37:55
10.51,1.28,87.8,922.8,112.4,0,67,12:38:00
10.51,0.83,87.8,922.8,72.9,0,68,12:38:05
10.43,0.28,88,917.8,24.6,0,68,12:38:10
10.48,0.05,88,922.2,4.4,0,68,12:38:15
10.44,0.32,87.9,917.7,28.1,0,68,12:38:20
10.54,0.52,87.9,926.5,45.7,0,68,12:38:25
10.36,0.88,87.8,909.6,77.3,0,68,12:38:30
10.32,1.19,87.7,905.1,104.4,0,68,12:38:35
10.52,0.6,87.9,924.7,52.7,0,68,12:38:40
10.42,0.28,88,917,24.6,0,68,12:38:45
10.46,0.02,88,920.5,1.8,0,68,12:38:50
10.15,0.35,87.9,892.2,30.8,0,68,12:38:55
10.24,0.62,87.8,899.1,54.4,0,68,12:39:00
10.37,0.6,87.9,911.5,52.7,0,68,12:39:05
10.36,0.31,87.9,910.6,27.2,0,68,12:39:10
10.35,0.13,88,910.8,11.4,0,68,12:39:15
10.36,0.29,87.9,910.6,25.5,0,68,12:39:20
10.3,0.05,88,906.4,4.4,0,68,12:39:25
10.29,-0.26,88,905.5,-22.9,0,68,12:39:30
10.32,-0.02,88,908.2,-1.8,0,68,12:39:35
10.28,-0.75,88.1,905.7,-66.1,0,68,12:39:40
10.34,-0.14,88,909.9,-12.3,0,68,12:39:45
10.36,-0.04,88,911.7,-3.5,0,68,12:39:50
10.4,0.14,88,915.2,12.3,0,68,12:39:55
10.31,-0.06,88,907.3,-5.3,0,68,12:40:00
10.4,0.34,87.9,914.2,29.9,0,68,12:40:05
10.36,0.61,87.9,910.6,53.6,0,68,12:40:10
10.37,0.52,87.9,911.5,45.7,0,68,12:40:15
10.34,0.64,87.9,908.9,56.3,0,68,12:40:20
10.39,0.23,88,914.3,20.2,0,68,12:40:25
10.56,0.07,88,929.3,6.2,0,68,12:40:30
10.29,0.58,87.8,903.5,50.9,0,68,12:40:35
10.44,0.49,87.9,917.7,43.1,0,68,12:40:40
10.51,0.48,87.9,923.8,42.2,0,68,12:40:45
10.48,0.45,87.9,921.2,39.6,0,67,12:40:50
10.46,0.39,87.9,919.4,34.3,0,68,12:40:55
10.55,-0.03,88,928.4,-2.6,0,68,12:41:00
10.49,0.16,87.9,922.1,14.1,0,68,12:41:05
10.47,0.38,87.9,920.3,33.4,0,68,12:41:10
10.48,-0.19,88,922.2,-16.7,0,68,12:41:15
10.48,0.16,87.9,921.2,14.1,0,68,12:41:20
10.52,0.8,87.8,923.7,70.2,0,68,12:41:25
10.51,0.61,87.9,923.8,53.6,0,68,12:41:30
10.47,0.08,88,921.4,7,0,68,12:41:35
10.47,0,88,921.4,0,0,68,12:41:40
10.48,0.45,87.9,921.2,39.6,0,68,12:41:45
10.47,0.57,87.9,920.3,50.1,0,68,12:41:50
10.53,0.67,87.9,925.6,58.9,0,68,12:41:55
10.45,1.09,87.8,917.5,95.7,0,67,12:42:00
10.5,1.27,87.8,921.9,111.5,0,67,12:42:05
10.51,1.05,87.8,922.8,92.2,0,68,12:42:10
10.47,1.24,87.8,919.3,108.9,0,67,12:42:15
10.47,1.63,87.7,918.2,143,0,67,12:42:20
10.48,1.34,87.7,919.1,117.5,0,67,12:42:25
10.48,0.93,87.8,920.1,81.7,0,67,12:42:30
10.48,1.29,87.8,920.1,113.3,0,67,12:42:35
10.53,2.35,87.5,921.4,205.6,0,67,12:42:40
10.54,1.86,87.6,923.3,162.9,0,67,12:42:45
10.53,1.78,87.6,922.4,155.9,0,67,12:42:50
10.55,2.82,87.4,922.1,246.5,0,67,12:42:55
10.5,2.27,87.6,919.8,198.9,0,67,12:43:00
10.52,1.56,87.6,921.6,136.7,0,67,12:43:05
10.51,2.47,87.4,918.6,215.9,0,67,12:43:10
10.5,1.27,87.7,920.9,111.4,0,67,12:43:15
10.49,2.17,87.5,917.9,189.9,0,67,12:43:20
10.53,1.12,87.7,923.5,98.2,0,67,12:43:25
10.53,2.71,87.4,920.3,236.9,0,67,12:43:30
10.52,1.11,87.7,922.6,97.3,0,67,12:43:35
10.5,2.11,87.5,918.8,184.6,0,67,12:43:40
10.53,1.11,87.7,923.5,97.3,0,67,12:43:45
10.53,1.61,87.6,922.4,141,0,67,12:43:50
10.48,1.57,87.6,918,137.5,0,67,12:43:55
10.46,0.7,87.7,917.3,61.4,0,67,12:44:00
10.47,0.36,87.8,919.3,31.6,0,68,12:44:05
10.49,0.34,87.9,922.1,29.9,0,67,12:44:10
10.46,0.38,87.9,919.4,33.4,0,68,12:44:15
10.5,0.33,87.9,923,29,0,67,12:44:20
10.49,0.15,87.9,922.1,13.2,0,68,12:44:25
10.44,0.1,87.8,916.6,8.8,0,68,12:44:30
10.49,0.36,87.8,921,31.6,0,68,12:44:35
10.46,0.83,87.7,917.3,72.8,0,68,12:44:40
10.47,0.64,87.8,919.3,56.2,0,68,12:44:45
10.44,0.48,87.8,916.6,42.1,0,68,12:44:50
10.45,0.13,87.9,918.6,11.4,0,68,12:44:55
10.46,-0.04,87.9,919.4,-3.5,0,68,12:45:00
10.49,0.21,87.8,921,18.4,0,68,12:45:05
10.45,0.35,87.8,917.5,30.7,0,68,12:45:10
10.44,0.2,87.9,917.7,17.6,0,68,12:45:15
10.44,0.58,87.8,916.6,50.9,0,68,12:45:20
10.43,0.46,87.9,916.8,40.4,0,67,12:45:25
10.47,1.29,87.7,918.2,113.1,0,67,12:45:30
10.45,1.51,87.7,916.5,132.4,0,67,12:45:35
10.42,1.11,87.6,912.8,97.2,0,68,12:45:40
10.41,1.04,87.7,913,91.2,0,68,12:45:45
10.42,1.05,87.7,913.8,92.1,0,68,12:45:50
10.44,1.16,87.7,915.6,101.7,0,67,12:45:55
10.42,1.36,87.6,912.8,119.1,0,67,12:46:00
10.44,0.92,87.7,915.6,80.7,0,67,12:46:05
10.43,0.71,87.8,915.8,62.3,0,67,12:46:10
10.4,1.28,87.7,912.1,112.3,0,67,12:46:15
10.38,1.72,87.6,909.3,150.7,0,67,12:46:20
10.4,1.17,87.7,912.1,102.6,0,67,12:46:25
10.41,1.13,87.7,913,99.1,0,67,12:46:30
10.39,1.99,87.5,909.1,174.1,0,67,12:46:35
10.4,1.09,87.7,912.1,95.6,0,67,12:46:40
10.38,0.58,87.8,911.4,50.9,0,67,12:46:45
10.37,0.36,87.8,910.5,31.6,0,67,12:46:50
10.38,0.55,87.8,911.4,48.3,0,67,12:46:55
10.32,0.62,87.8,906.1,54.4,0,68,12:47:00
10.34,0.45,87.8,907.9,39.5,0,68,12:47:05
10.31,0.03,87.9,906.2,2.6,0,68,12:47:10
10.24,0.18,87.8,899.1,15.8,0,68,12:47:15
10.3,0.15,87.9,905.4,13.2,0,68,12:47:20
10.29,-0.6,88,905.5,-52.8,0,68,12:47:25
10.26,-0.05,87.9,901.9,-4.4,0,68,12:47:30
10.25,-0.56,88,902,-49.3,0,68,12:47:35
10.28,-0.2,87.9,903.6,-17.6,0,68,12:47:40
10.3,-0.1,87.9,905.4,-8.8,0,68,12:47:45
10.34,0.37,87.8,907.9,32.5,0,68,12:47:50
10.28,0.83,87.7,901.6,72.8,0,67,12:47:55
10.31,0.83,87.7,904.2,72.8,0,67,12:48:00
10.33,1.27,87.7,905.9,111.4,0,67,12:48:05
10.36,1.96,87.5,906.5,171.5,0,67,12:48:10
10.35,1.23,87.7,907.7,107.9,0,67,12:48:15
10.35,1.36,87.7,907.7,119.3,0,67,12:48:20
10.35,1.93,87.5,905.6,168.9,0,67,12:48:25
10.31,1.22,87.6,903.2,106.9,0,67,12:48:30
10.36,0.77,87.8,909.6,67.6,0,67,12:48:35
10.26,1.26,87.7,899.8,110.5,0,67,12:48:40
10.29,1.65,87.6,901.4,144.5,0,67,12:48:45
10.27,1.41,87.6,899.7,123.5,0,67,12:48:50
10.3,0.9,87.7,903.3,78.9,0,67,12:48:55
10.34,2.1,87.6,905.8,184,0,67,12:49:00
10.3,1.63,87.5,901.3,142.6,0,67,12:49:05
10.32,1.95,87.5,903,170.6,0,67,12:49:10
10.35,1.71,87.5,905.6,149.6,0,67,12:49:15
10.32,2.46,87.4,902,215,0,67,12:49:20
10.31,1.6,87.6,903.2,140.2,0,67,12:49:25
10.31,2.32,87.4,901.1,202.8,0,67,12:49:30
10.35,3.12,87.2,902.5,272.1,0,67,12:49:35
10.34,2.33,87.4,903.7,203.6,0,67,12:49:40
10.32,1.39,87.6,904,121.8,0,67,12:49:45
10.3,2.52,87.3,899.2,220,0,67,12:49:50
10.35,2.04,87.5,905.6,178.5,0,67,12:49:55
10.3,1.61,87.5,901.3,140.9,0,67,12:50:00
10.31,0.95,87.7,904.2,83.3,0,67,12:50:05
10.31,2.03,87.4,901.1,177.4,0,67,12:50:10
10.24,1.06,87.6,897,92.9,0,67,12:50:15
10.28,0.49,87.7,901.6,43,0,67,12:50:20
10.26,0.16,87.8,900.8,14,0,68,12:50:25
10.24,0.2,87.8,899.1,17.6,0,68,12:50:30
10.26,0.45,87.7,899.8,39.5,0,68,12:50:35
10.23,0.69,87.7,897.2,60.5,0,68,12:50:40
10.22,0.79,87.7,896.3,69.3,0,68,12:50:45
10.24,0.61,87.7,898,53.5,0,68,12:50:50
10.27,0.8,87.7,900.7,70.2,0,67,12:50:55
10.33,1.05,87.7,905.9,92.1,0,67,12:51:00
10.26,1.19,87.6,898.8,104.2,0,67,12:51:05
10.27,1.3,87.6,899.7,113.9,0,67,12:51:10
10.26,1.47,87.6,898.8,128.8,0,67,12:51:15
10.24,1.11,87.6,897,97.2,0,67,12:51:20
10.3,1.04,87.6,902.3,91.1,0,67,12:51:25
10.26,2.11,87.4,896.7,184.4,0,67,12:51:30
10.27,1.28,87.6,899.7,112.1,0,67,12:51:35
10.27,2.8,87.3,896.6,244.4,0,67,12:51:40
10.31,2.23,87.4,901.1,194.9,0,67,12:51:45
10.31,1.67,87.5,902.1,146.1,0,66,12:51:50
10.29,1.71,87.5,900.4,149.6,0,67,12:51:55
10.35,2.78,87.2,902.5,242.4,0,67,12:52:00
10.35,2.15,87.4,904.6,187.9,0,67,12:52:05
10.27,1.41,87.5,898.6,123.4,0,67,12:52:10
10.31,2.35,87.3,900.1,205.2,0,67,12:52:15
10.29,1.68,87.5,900.4,147,0,67,12:52:20
10.29,1.69,87.4,899.3,147.7,0,67,12:52:25
10.27,0.89,87.7,900.7,78.1,0,67,12:52:30
10.29,1.25,87.5,900.4,109.4,0,67,12:52:35
10.29,2.1,87.3,898.3,183.3,0,67,12:52:40
10.27,1.74,87.5,898.6,152.3,0,67,12:52:45
10.25,1.66,87.5,896.9,145.3,0,67,12:52:50
10.27,2.02,87.4,897.6,176.5,0,67,12:52:55
10.26,1.48,87.4,896.7,129.4,0,67,12:53:00
10.27,1.82,87.5,898.6,159.3,0,67,12:53:05
10.33,1.62,87.5,903.9,141.8,0,67,12:53:10
10.31,2.87,87.2,899,250.3,0,66,12:53:15
10.33,3.52,87.1,899.7,306.6,0,66,12:53:20
10.31,3.95,86.9,895.9,343.3,0,66,12:53:25
10.41,3.3,87.2,907.8,287.8,0,65,12:53:30
10.44,3.89,87.1,909.3,338.8,0,65,12:53:35
10.52,7.12,86.4,908.9,615.2,0,64,12:53:40
10.51,4.72,86.8,912.3,409.7,0,64,12:53:45
10.49,6.7,86.3,905.3,578.2,0,64,12:53:50
10.5,5.49,86.7,910.4,476,0,64,12:53:55
10.48,5.7,86.6,907.6,493.6,0,65,12:54:00
10.39,2.29,87.3,907,199.9,0,66,12:54:05
10.35,1.06,87.5,905.6,92.7,0,67,12:54:10
10.38,0.93,87.5,908.3,81.4,0,67,12:54:15
10.41,1.04,87.5,910.9,91,0,67,12:54:20
10.46,1.04,87.5,915.3,91,0,67,12:54:25
10.47,0.58,87.6,917.2,50.8,0,67,12:54:30
10.51,0.6,87.7,921.7,52.6,0,67,12:54:35
10.51,2.19,87.3,917.5,191.2,0,67,12:54:40
10.5,1.36,87.5,918.8,119,0,66,12:54:45
10.35,2.8,87.2,902.5,244.2,0,66,12:54:50
10.37,4.23,86.8,900.1,367.2,0,65,12:54:55
10.47,6.21,86.6,906.7,537.8,0,64,12:55:00
10.71,9.47,85.9,920,813.5,0,63,12:55:05
10.67,9.74,85.9,916.6,836.7,0,62,12:55:10
10.16,12.06,85.3,866.6,1028.7,0,62,12:55:15
10.06,8.92,85.9,864.2,766.2,0,62,12:55:20
9.94,12.26,85.2,846.9,1044.6,0,61,12:55:25
9.83,13.02,85.2,837.5,1109.3,0,61,12:55:30
9.57,11.26,85.5,818.2,962.7,0,61,12:55:35
9.38,10.29,85.5,802,879.8,0,62,12:55:40
9.23,9.48,85.6,790.1,811.5,0,63,12:55:45
9.09,7.59,85.9,780.8,652,0,64,12:55:50
9.06,4.58,86.5,783.7,396.2,0,65,12:55:55
9.06,1.84,87.1,789.1,160.3,0,67,12:56:00
8.96,0.23,87.4,783.1,20.1,0,68,12:56:05
8.75,-2.28,87.9,769.1,-200.4,0,70,12:56:10
8.92,-3.32,88.1,785.9,-292.5,0,70,12:56:15
9.14,-2.62,88,804.3,-230.6,0,70,12:56:20
9.06,-1.36,87.8,795.5,-119.4,0,69,12:56:25
9.02,-0.41,87.7,791.1,-36,0,68,12:56:30
9.41,-0.05,87.6,824.3,-4.4,0,68,12:56:35
9.53,0.29,87.5,833.9,25.4,0,68,12:56:40
9.59,0.87,87.4,838.2,76,0,67,12:56:45
9.52,0.81,87.5,833,70.9,0,67,12:56:50
9.5,0.76,87.4,830.3,66.4,0,67,12:56:55
9.68,0.51,87.5,847,44.6,0,67,12:57:00
9.58,0.01,87.6,839.2,0.9,0,68,12:57:05
9.67,0.16,87.6,847.1,14,0,68,12:57:10
9.7,-0.35,87.7,850.7,-30.7,0,68,12:57:15
9.63,-0.2,87.7,844.6,-17.5,0,68,12:57:20
9.65,0.08,87.7,846.3,7,0,68,12:57:25
9.54,-0.22,87.7,836.7,-19.3,0,68,12:57:30
9.57,0.2,87.6,838.3,17.5,0,68,12:57:35
9.62,-0.13,87.7,843.7,-11.4,0,68,12:57:40
9.6,0.19,87.6,841,16.6,0,68,12:57:45
9.68,0.58,87.6,848,50.8,0,68,12:57:50
9.74,0.39,87.6,853.2,34.2,0,68,12:57:55
9.77,0.71,87.6,855.9,62.2,0,68,12:58:00
9.76,1.23,87.4,853,107.5,0,67,12:58:05
9.74,2.24,87.2,849.3,195.3,0,67,12:58:10
9.77,1.49,87.4,853.9,130.2,0,67,12:58:15
9.77,2.17,87.2,851.9,189.2,0,67,12:58:20
9.86,2.19,87.3,860.8,191.2,0,67,12:58:25
9.93,1.31,87.4,867.9,114.5,0,67,12:58:30
9.82,0.88,87.5,859.3,77,0,67,12:58:35
9.96,1.54,87.3,869.5,134.4,0,67,12:58:40
9.9,1.27,87.4,865.3,111,0,67,12:58:45
9.85,0.81,87.5,861.9,70.9,0,68,12:58:50
9.82,0.25,87.6,860.2,21.9,0,68,12:58:55
9.82,-0.61,87.8,862.2,-53.6,0,68,12:59:00
9.95,-0.69,87.8,873.6,-60.6,0,68,12:59:05
9.88,-0.87,87.8,867.5,-76.4,0,69,12:59:10
9.88,-0.86,87.8,867.5,-75.5,0,68,12:59:15
9.9,-0.56,87.8,869.2,-49.2,0,68,12:59:20
9.92,-0.61,87.8,871,-53.6,0,68,12:59:25
9.99,0.13,87.6,875.1,11.4,0,68,12:59:30
10.01,0.47,87.6,876.9,41.2,0,68,12:59:35
10.05,-0.1,87.7,881.4,-8.8,0,68,12:59:40
10.04,-0.08,87.8,881.5,-7,0,68,12:59:45
10.02,0.28,87.6,877.8,24.5,0,68,12:59:50
10.01,-0.14,87.7,877.9,-12.3,0,68,12:59:55
10.03,-0.3,87.7,879.6,-26.3,0,68,13:00:00
9.96,-0.53,87.8,874.5,-46.5,0,68,13:00:05
9.97,-0.42,87.8,875.4,-36.9,0,68,13:00:10
9.99,0.75,87.5,874.1,65.6,0,68,13:00:15
9.94,0.94,87.5,869.7,82.3,0,67,13:00:20
9.94,1.35,87.4,868.8,118,0,67,13:00:25
9.97,2.01,87.3,870.4,175.5,0,67,13:00:30
9.93,1.99,87.4,867.9,173.9,0,67,13:00:35
9.96,1.64,87.4,870.5,143.3,0,67,13:00:40
10.32,2.23,87.2,899.9,194.5,0,67,13:00:45
10.33,2.39,87.2,900.8,208.4,0,67,13:00:50
10.28,1.4,87.4,898.5,122.4,0,67,13:00:55
10.27,1.53,87.3,896.6,133.6,0,67,13:01:00
10.23,0.97,87.5,895.1,84.9,0,67,13:01:05
10.2,1.03,87.4,891.5,90,0,67,13:01:10
10.18,0.73,87.5,890.8,63.9,0,68,13:01:15
10.14,0.76,87.5,887.3,66.5,0,68,13:01:20
10.16,0.42,87.6,890,36.8,0,68,13:01:25
10.09,-0.12,87.7,884.9,-10.5,0,68,13:01:30
10.06,-0.33,87.7,882.3,-28.9,0,68,13:01:35
10.1,0.06,87.7,885.8,5.3,0,68,13:01:40
10.15,0.75,87.5,888.1,65.6,0,67,13:01:45
10.14,0.82,87.5,887.3,71.8,0,68,13:01:50
10.15,0.94,87.5,888.1,82.3,0,67,13:01:55
10.14,0.96,87.4,886.2,83.9,0,67,13:02:00
10.11,0.63,87.5,884.6,55.1,0,68,13:02:05
10.1,0.74,87.5,883.8,64.8,0,68,13:02:10
10.11,0.85,87.5,884.6,74.4,0,67,13:02:15
10.1,0.64,87.5,883.8,56,0,67,13:02:20
10.11,0.39,87.6,885.6,34.2,0,68,13:02:25
10.09,0.5,87.6,883.9,43.8,0,68,13:02:30
10.09,0.43,87.6,883.9,37.7,0,68,13:02:35
10.12,0.25,87.6,886.5,21.9,0,68,13:02:40
10.14,0.42,87.6,888.3,36.8,0,67,13:02:45
10.16,0.4,87.6,890,35,0,67,13:02:50
10.12,0.55,87.6,886.5,48.2,0,67,13:02:55
10.16,1.06,87.5,889,92.7,0,67,13:03:00
10.12,1.96,87.3,883.5,171.1,0,67,13:03:05
10.11,2.47,87.3,882.6,215.6,0,67,13:03:10
10.13,1.5,87.4,885.4,131.1,0,67,13:03:15
10.18,1.47,87.3,888.7,128.3,0,67,13:03:20
10.14,2.47,87.2,884.2,215.4,0,67,13:03:25
10.12,1.67,87.4,884.5,146,0,67,13:03:30
10.12,1.42,87.3,883.5,124,0,67,13:03:35
10.12,2.62,87.1,881.5,228.2,0,67,13:03:40
10.13,2.01,87.3,884.3,175.5,0,67,13:03:45
10.15,1.24,87.4,887.1,108.4,0,67,13:03:50
10.14,2.15,87.1,883.2,187.3,0,67,13:03:55
10.02,0.97,87.4,875.7,84.8,0,67,13:04:00
10.12,1.86,87.2,882.5,162.2,0,67,13:04:05
10.04,0.86,87.4,877.5,75.2,0,67,13:04:10
10.15,1.58,87.3,886.1,137.9,0,67,13:04:15
10.09,1.38,87.3,880.9,120.5,0,67,13:04:20
10.01,2.45,87.1,871.9,213.4,0,67,13:04:25
10.17,0.93,87.4,888.9,81.3,0,67,13:04:30
10.02,2.03,87.2,873.7,177,0,67,13:04:35
10.07,0.85,87.5,881.1,74.4,0,67,13:04:40
10.04,1.99,87.2,875.5,173.5,0,67,13:04:45
10.14,0.91,87.4,886.2,79.5,0,67,13:04:50
10.15,1.78,87.3,886.1,155.4,0,67,13:04:55
10.15,0.88,87.4,887.1,76.9,0,67,13:05:00
10.17,0.83,87.5,889.9,72.6,0,67,13:05:05
10.13,1.76,87.3,884.3,153.6,0,67,13:05:10
10.12,0.97,87.4,884.5,84.8,0,67,13:05:15
10.13,1.98,87.2,883.3,172.7,0,67,13:05:20
10.13,0.96,87.4,885.4,83.9,0,67,13:05:25
10.14,1.91,87.2,884.2,166.6,0,67,13:05:30
10.11,0.79,87.4,883.6,69,0,67,13:05:35
10.12,1.08,87.4,884.5,94.4,0,67,13:05:40
10.08,1.4,87.3,880,122.2,0,67,13:05:45
10.12,0.57,87.4,884.5,49.8,0,67,13:05:50
10.12,0.43,87.5,885.5,37.6,0,68,13:05:55
10.1,0.47,87.5,883.8,41.1,0,68,13:06:00
10.13,0.96,87.4,885.4,83.9,0,67,13:06:05
10.14,0.46,87.5,887.3,40.3,0,67,13:06:10
10.15,0.57,87.5,888.1,49.9,0,67,13:06:15
10.09,0.41,87.5,882.9,35.9,0,68,13:06:20
10.1,0,87.6,884.8,0,0,68,13:06:25
10.12,-0.1,87.6,886.5,-8.8,0,68,13:06:30
10.15,-0.17,87.6,889.1,-14.9,0,68,13:06:35
10.11,0.08,87.5,884.6,7,0,68,13:06:40
10.1,0.23,87.6,884.8,20.1,0,68,13:06:45
10.21,0.49,87.5,893.4,42.9,0,67,13:06:50
10.18,0.47,87.5,890.8,41.1,0,67,13:06:55
10.17,1.18,87.4,888.9,103.1,0,67,13:07:00
10.19,1.4,87.3,889.6,122.2,0,67,13:07:05
10.19,0.92,87.4,890.6,80.4,0,67,13:07:10
10.17,1.03,87.4,888.9,90,0,67,13:07:15
10.2,1.61,87.3,890.5,140.6,0,67,13:07:20
10.14,0.86,87.4,886.2,75.2,0,67,13:07:25
10.17,1.24,87.4,888.9,108.4,0,67,13:07:30
10.18,1.5,87.3,888.7,131,0,67,13:07:35
10.14,0.33,87.5,887.3,28.9,0,68,13:07:40
10.12,0.07,87.6,886.5,6.1,0,68,13:07:45
10.11,0.3,87.5,884.6,26.3,0,68,13:07:50
10.12,0.01,87.6,886.5,0.9,0,68,13:07:55
10.09,-0.49,87.7,884.9,-43,0,68,13:08:00
10.09,-0.41,87.7,884.9,-36,0,68,13:08:05
10.05,-3.25,88.2,886.4,-286.7,0,68,13:08:10
10.03,-3.69,88.3,885.6,-325.8,0,66,13:08:15
10.02,-3.61,88.3,884.8,-318.8,0,65,13:08:20
10.19,2.49,87.2,888.6,217.1,0,66,13:08:25
10.18,2.03,87.2,887.7,177,0,67,13:08:30
10.14,0.36,87.6,888.3,31.5,0,67,13:08:35
10.15,0.01,87.6,889.1,0.9,0,68,13:08:40
10.14,-0.27,87.7,889.3,-23.7,0,68,13:08:45
10.16,0.47,87.5,889,41.1,0,67,13:08:50
10.12,-0.01,87.6,886.5,-0.9,0,68,13:08:55
10.15,-0.25,87.7,890.2,-21.9,0,68,13:09:00
10.09,0.24,87.6,883.9,21,0,68,13:09:05
10.15,-0.12,87.7,890.2,-10.5,0,68,13:09:10
10.18,-0.35,87.7,892.8,-30.7,0,68,13:09:15
10.19,-0.09,87.6,892.6,-7.9,0,68,13:09:20
10.24,0.48,87.5,896,42,0,67,13:09:25
10.28,0.36,87.6,900.5,31.5,0,67,13:09:30
10.4,1.25,87.5,910,109.4,0,67,13:09:35
10.42,1.37,87.4,910.7,119.7,0,66,13:09:40
10.35,1.74,87.3,903.6,151.9,0,66,13:09:45
10.21,2.33,87.1,889.3,202.9,0,66,13:09:50
10.11,2.75,87,879.6,239.3,0,66,13:09:55
10.21,2.4,87.1,889.3,209,0,67,13:10:00
10.13,1.43,87.3,884.3,124.8,0,67,13:10:05
10.02,1.73,87.2,873.7,150.9,0,67,13:10:10
9.53,2.21,87.2,831,192.7,0,67,13:10:15
9.26,1.34,87.3,808.4,117,0,67,13:10:20
9.44,0.49,87.4,825.1,42.8,0,68,13:10:25
9.28,0.36,87.5,812,31.5,0,68,13:10:30
9.09,-0.51,87.7,797.2,-44.7,0,68,13:10:35
8.86,-0.76,87.7,777,-66.7,0,69,13:10:40
8.85,-0.53,87.7,776.1,-46.5,0,69,13:10:45
9.01,-0.82,87.7,790.2,-71.9,0,69,13:10:50
8.68,-0.42,87.7,761.2,-36.8,0,69,13:10:55
8.86,-0.15,87.7,777,-13.2,0,68,13:11:00
8.72,-0.12,87.6,763.9,-10.5,0,68,13:11:05
9.2,-0.29,87.7,806.8,-25.4,0,68,13:11:10
9.28,-0.15,87.6,812.9,-13.1,0,68,13:11:15
8.96,0.52,87.5,784,45.5,0,68,13:11:20
8.95,0.58,87.5,783.1,50.8,0,68,13:11:25
8.99,0.07,87.6,787.5,6.1,0,68,13:11:30
9.09,-0.09,87.6,796.3,-7.9,0,68,13:11:35
9.06,-0.33,87.7,794.6,-28.9,0,68,13:11:40
9.07,-0.14,87.7,795.4,-12.3,0,68,13:11:45
9.12,-0.62,87.7,799.8,-54.4,0,68,13:11:50
9.25,-0.23,87.7,811.2,-20.2,0,68,13:11:55
9.32,-0.55,87.7,817.4,-48.2,0,68,13:12:00
9.39,-0.6,87.7,823.5,-52.6,0,68,13:12:05
9.44,-0.42,87.7,827.9,-36.8,0,69,13:12:10
9.52,-0.53,87.7,834.9,-46.5,0,68,13:12:15
9.49,-0.49,87.7,832.3,-43,0,68,13:12:20
9.52,-0.01,87.6,834,-0.9,0,68,13:12:25
9.66,0.29,87.6,846.2,25.4,0,68,13:12:30
9.73,-0.34,87.7,853.3,-29.8,0,68,13:12:35
9.8,-0.34,87.7,859.5,-29.8,0,68,13:12:40
9.76,-0.36,87.7,856,-31.6,0,68,13:12:45
9.78,-0.42,87.8,858.7,-36.9,0,68,13:12:50
9.76,0.13,87.6,855,11.4,0,68,13:12:55
9.77,-0.66,87.8,857.8,-57.9,0,68,13:13:00
9.86,-0.18,87.7,864.7,-15.8,0,68,13:13:05
10.07,-0.03,87.6,882.1,-2.6,0,68,13:13:10
10.1,-0.31,87.7,885.8,-27.2,0,68,13:13:15
10.07,-0.03,87.6,882.1,-2.6,0,68,13:13:20
10.03,-0.02,87.6,878.6,-1.8,0,68,13:13:25
10.02,-0.46,87.7,878.8,-40.3,0,68,13:13:30
10.07,-0.19,87.7,883.1,-16.7,0,68,13:13:35
10.06,-0.01,87.7,882.3,-0.9,0,68,13:13:40
10.08,-0.57,87.7,884,-50,0,68,13:13:45
10.13,0.76,87.5,886.4,66.5,0,67,13:13:50
10.15,0.77,87.5,888.1,67.4,0,67,13:13:55
10.15,0.56,87.6,889.1,49.1,0,68,13:14:00
10.15,0.06,87.6,889.1,5.3,0,68,13:14:05
10.15,-0.08,87.7,890.2,-7,0,68,13:14:10
10.15,0.01,87.6,889.1,0.9,0,68,13:14:15
10.17,0,87.6,890.9,0,0,68,13:14:20
10.16,-0.08,87.7,891,-7,0,68,13:14:25
10.19,0.03,87.6,892.6,2.6,0,68,13:14:30
10.18,-0.04,87.6,891.8,-3.5,0,68,13:14:35
10.16,0.01,87.6,890,0.9,0,68,13:14:40
10.2,0.02,87.6,893.5,1.8,0,68,13:14:45
10.24,-0.06,87.6,897,-5.3,0,68,13:14:50
10.2,-0.23,87.7,894.5,-20.2,0,68,13:14:55
10.22,-0.06,87.7,896.3,-5.3,0,68,13:15:00
10.2,-0.02,87.7,894.5,-1.8,0,68,13:15:05
10.21,-0.4,87.7,895.4,-35.1,0,68,13:15:10
10.2,-0.12,87.6,893.5,-10.5,0,68,13:15:15
10.21,-0.29,87.7,895.4,-25.4,0,68,13:15:20
10.2,-0.17,87.7,894.5,-14.9,0,68,13:15:25
10.18,-0.08,87.7,892.8,-7,0,68,13:15:30
10.18,-0.1,87.7,892.8,-8.8,0,68,13:15:35
10.19,0.23,87.6,892.6,20.1,0,68,13:15:40
10.18,0.09,87.6,891.8,7.9,0,68,13:15:45
10.17,-0.47,87.7,891.9,-41.2,0,68,13:15:50
10.18,-0.3,87.7,892.8,-26.3,0,68,13:15:55
10.19,0.15,87.6,892.6,13.1,0,68,13:16:00
10.19,-0.48,87.7,893.7,-42.1,0,68,13:16:05
10.18,-0.4,87.7,892.8,-35.1,0,68,13:16:10
10.18,0.16,87.6,891.8,14,0,68,13:16:15
10.17,0.12,87.6,890.9,10.5,0,68,13:16:20
10.15,-0.54,87.8,891.2,-47.4,0,68,13:16:25
10.15,-0.21,87.7,890.2,-18.4,0,68,13:16:30
10.18,-0.07,87.7,892.8,-6.1,0,68,13:16:35
10.15,-0.5,87.7,890.2,-43.9,0,68,13:16:40
10.15,-0.14,87.7,890.2,-12.3,0,68,13:16:45
10.15,-0.05,87.7,890.2,-4.4,0,68,13:16:50
10.14,-0.32,87.7,889.3,-28.1,0,68,13:16:55
10.14,-0.24,87.7,889.3,-21,0,68,13:17:00
10.14,0.14,87.6,888.3,12.3,0,68,13:17:05
10.14,-0.18,87.7,889.3,-15.8,0,68,13:17:10
10.12,-0.44,87.7,887.5,-38.6,0,68,13:17:15
10.13,0.25,87.6,887.4,21.9,0,68,13:17:20
10.17,0.32,87.6,890.9,28,0,68,13:17:25
10.17,0.59,87.6,890.9,51.7,0,67,13:17:30
10.15,0.69,87.5,888.1,60.4,0,68,13:17:35
10.15,1.09,87.4,887.1,95.3,0,67,13:17:40
10.18,1.02,87.4,889.7,89.1,0,67,13:17:45
10.15,1.06,87.4,887.1,92.6,0,67,13:17:50
10.15,0.77,87.4,887.1,67.3,0,67,13:17:55
10.18,0.6,87.5,890.8,52.5,0,67,13:18:00
10.13,0.62,87.5,886.4,54.3,0,67,13:18:05
10.16,1.71,87.3,887,149.3,0,67,13:18:10
10.16,1.08,87.4,888,94.4,0,67,13:18:15
10.16,1.53,87.4,888,133.7,0,67,13:18:20
10.16,1.22,87.3,887,106.5,0,67,13:18:25
10.21,0.93,87.5,893.4,81.4,0,67,13:18:30
10.2,2.42,87.1,888.4,210.8,0,67,13:18:35
10.17,2.53,87.1,885.8,220.4,0,67,13:18:40
10.16,1.32,87.4,888,115.4,0,67,13:18:45
10.18,1.51,87.3,888.7,131.8,0,67,13:18:50
10.18,1.34,87.4,889.7,117.1,0,67,13:18:55
10.19,1.35,87.3,889.6,117.9,0,67,13:19:00
10.17,0.33,87.5,889.9,28.9,0,67,13:19:05
10.16,0.85,87.4,888,74.3,0,67,13:19:10
10.19,1.18,87.4,890.6,103.1,0,67,13:19:15
10.18,0.96,87.4,889.7,83.9,0,67,13:19:20
10.28,0.57,87.5,899.5,49.9,0,67,13:19:25
10.17,1.85,87.2,886.8,161.3,0,67,13:19:30
10.19,0.79,87.4,890.6,69,0,67,13:19:35
10.18,0.49,87.5,890.8,42.9,0,67,13:19:40
10.2,1.37,87.3,890.5,119.6,0,67,13:19:45
10.12,0.99,87.4,884.5,86.5,0,67,13:19:50
10.16,0.37,87.5,889,32.4,0,68,13:19:55
10.12,0.21,87.6,886.5,18.4,0,67,13:20:00
10.13,0.09,87.6,887.4,7.9,0,68,13:20:05
10.13,0.31,87.5,886.4,27.1,0,67,13:20:10
10.11,0.56,87.5,884.6,49,0,67,13:20:15
10.15,1.24,87.3,886.1,108.3,0,67,13:20:20
10.16,1.39,87.3,887,121.3,0,67,13:20:25
10.19,1.55,87.3,889.6,135.3,0,67,13:20:30
10.24,1.96,87.3,894,171.1,0,66,13:20:35
10.27,3.71,86.9,892.5,322.4,0,66,13:20:40
10.32,3.29,86.9,896.8,285.9,0,65,13:20:45
10.36,4.5,86.6,897.2,389.7,0,65,13:20:50
10.42,5.05,86.7,903.4,437.8,0,64,13:20:55
10.4,5.36,86.5,899.6,463.6,0,63,13:21:00
10.42,4.81,86.6,902.4,416.5,0,64,13:21:05
10.37,6.1,86.2,893.9,525.8,0,64,13:21:10
10.35,4.37,86.7,897.3,378.9,0,64,13:21:15
10.29,4.31,86.6,891.1,373.2,0,65,13:21:20
10.18,2.42,86.9,884.6,210.3,0,66,13:21:25
10.21,1.49,87.2,890.3,129.9,0,66,13:21:30
10.15,1.02,87.2,885.1,88.9,0,67,13:21:35
10.15,1.46,87.1,884.1,127.2,0,67,13:21:40
10.15,0.93,87.2,885.1,81.1,0,67,13:21:45
10.21,1.62,87.1,889.3,141.1,0,67,13:21:50
10.22,1.85,87.2,891.2,161.3,0,66,13:21:55
10.28,4.04,86.7,891.3,350.3,0,66,13:22:00
10.25,2.59,86.9,890.7,225.1,0,66,13:22:05
10.27,4.79,86.4,887.3,413.9,0,65,13:22:10
10.29,4.53,86.6,891.1,392.3,0,65,13:22:15
10.26,2.88,86.9,891.6,250.3,0,65,13:22:20
10.26,3.13,86.8,890.6,271.7,0,65,13:22:25
10.23,4.25,86.5,884.9,367.6,0,65,13:22:30
10.26,4.54,86.6,888.5,393.2,0,65,13:22:35
10.26,2.87,86.8,890.6,249.1,0,65,13:22:40
10.23,3.11,86.7,886.9,269.6,0,65,13:22:45
10.19,2.27,87,886.5,197.5,0,66,13:22:50
10.18,2.13,87,885.7,185.3,0,66,13:22:55
10.09,0.69,87.2,879.8,60.2,0,67,13:23:00
10.07,0.85,87.3,879.1,74.2,0,67,13:23:05
10.07,0.83,87.3,879.1,72.5,0,67,13:23:10
10.01,0.38,87.3,873.9,33.2,0,68,13:23:15
10.01,-0.16,87.4,874.9,-14,0,68,13:23:20
10.01,-0.94,87.6,876.9,-82.3,0,68,13:23:25
9.99,-0.57,87.5,874.1,-49.9,0,68,13:23:30
9.97,-1.21,87.7,874.4,-106.1,0,68,13:23:35
9.98,-0.97,87.6,874.2,-85,0,68,13:23:40
9.94,-0.98,87.7,871.7,-85.9,0,68,13:23:45
9.99,-0.18,87.5,874.1,-15.8,0,68,13:23:50
9.99,0.09,87.5,874.1,7.9,0,68,13:23:55
10.03,0.55,87.4,876.6,48.1,0,67,13:24:00
10.01,0.82,87.4,874.9,71.7,0,67,13:24:05
10.05,1.26,87.2,876.4,109.9,0,67,13:24:10
10.05,0.64,87.3,877.4,55.9,0,67,13:24:15
10.05,0.68,87.4,878.4,59.4,0,67,13:24:20
10.08,1.32,87.2,879,115.1,0,67,13:24:25
10.08,0.82,87.3,880,71.6,0,67,13:24:30
10.09,0.58,87.4,881.9,50.7,0,67,13:24:35
10.07,2.02,87.1,877.1,175.9,0,67,13:24:40
10.06,1.43,87.2,877.2,124.7,0,67,13:24:45
10.05,1.33,87.2,876.4,116,0,67,13:24:50
10.03,1.98,87.1,873.6,172.5,0,67,13:24:55
10.05,0.88,87.3,877.4,76.8,0,67,13:25:00
10.06,2.05,87,875.2,178.4,0,67,13:25:05
10.05,0.98,87.3,877.4,85.6,0,67,13:25:10
10.03,1.94,87,872.6,168.8,0,67,13:25:15
10.05,1.05,87.3,877.4,91.7,0,67,13:25:20
10.05,1.63,87.1,875.4,142,0,67,13:25:25
10.04,1.05,87.2,875.5,91.6,0,67,13:25:30
10.05,1.69,87.1,875.4,147.2,0,67,13:25:35
10.06,1.13,87.2,877.2,98.5,0,67,13:25:40
10.05,1.56,87.1,875.4,135.9,0,67,13:25:45
10.08,1.96,87.1,878,170.7,0,67,13:25:50
10.06,0.89,87.3,878.2,77.7,0,67,13:25:55
10.07,1.8,87,876.1,156.6,0,67,13:26:00
10.06,0.65,87.3,878.2,56.7,0,67,13:26:05
10.08,1.85,87.1,878,161.1,0,67,13:26:10
10.07,0.95,87.3,879.1,82.9,0,67,13:26:15
10.09,1.77,87,877.8,154,0,67,13:26:20
10.08,0.63,87.3,880,55,0,67,13:26:25
10.1,1.55,87.1,879.7,135,0,67,13:26:30
10.09,0.74,87.3,880.9,64.6,0,67,13:26:35
10.08,1.83,87,877,159.2,0,67,13:26:40
10.11,1.22,87.2,881.6,106.4,0,67,13:26:45
10.11,1.18,87.1,880.6,102.8,0,67,13:26:50
10.12,1.01,87.2,882.5,88.1,0,67,13:26:55
10.17,1.33,87.1,885.8,115.8,0,67,13:27:00
10.14,0.54,87.4,886.2,47.2,0,67,13:27:05
10.16,1.97,87,883.9,171.4,0,67,13:27:10
10.07,1,87.3,879.1,87.3,0,67,13:27:15
10.1,1.35,87.1,879.7,117.6,0,66,13:27:20
10.1,2.08,87,878.7,181,0,66,13:27:25
10.08,2.51,86.8,874.9,217.9,0,66,13:27:30
9.61,2.23,87,836.1,194,0,66,13:27:35
9.67,1.98,87,841.3,172.3,0,66,13:27:40
9.67,2.97,86.9,840.3,258.1,0,66,13:27:45
9.68,3.46,86.7,839.3,300,0,66,13:27:50
9.67,3.8,86.6,837.4,329.1,0,66,13:27:55
9.76,2.56,86.8,847.2,222.2,0,66,13:28:00
9.58,2.05,87,833.5,178.4,0,66,13:28:05
9.64,2.85,86.9,837.7,247.7,0,66,13:28:10
9.37,3.59,86.7,812.4,311.3,0,66,13:28:15
9.51,3.54,86.6,823.6,306.6,0,66,13:28:20
9.5,3.69,86.6,822.7,319.6,0,66,13:28:25
9.47,2.39,86.9,822.9,207.7,0,66,13:28:30
9.45,3.95,86.6,818.4,342.1,0,66,13:28:35
9.45,3.31,86.6,818.4,286.6,0,66,13:28:40
9.48,4.01,86.6,821,347.3,0,66,13:28:45
9.57,3.39,86.6,828.8,293.6,0,66,13:28:50
9.46,3.17,86.7,820.2,274.8,0,66,13:28:55
9.53,4.18,86.4,823.4,361.2,0,66,13:29:00
9.55,2.21,86.9,829.9,192,0,66,13:29:05
9.42,2.66,86.9,818.6,231.2,0,66,13:29:10
9.5,3.38,86.6,822.7,292.7,0,66,13:29:15
9.44,2.93,86.7,818.4,254,0,66,13:29:20
9.47,1.07,87.1,824.8,93.2,0,67,13:29:25
9.33,1.19,87,811.7,103.5,0,67,13:29:30
9.43,0.88,87.1,821.4,76.6,0,67,13:29:35
9.36,0.31,87.2,816.2,27,0,68,13:29:40
9.38,-0.6,87.5,820.8,-52.5,0,68,13:29:45
9.35,-0.96,87.5,818.1,-84,0,69,13:29:50
9.39,-1.43,87.6,822.6,-125.3,0,69,13:29:55
9.38,-1.97,87.7,822.6,-172.8,0,69,13:30:00
9.4,-2.52,87.8,825.3,-221.3,0,69,13:30:05
9.41,-2.73,87.9,827.1,-240,0,70,13:30:10
9.44,-2.81,87.9,829.8,-247,0,70,13:30:15
9.48,-2.39,87.8,832.3,-209.8,0,69,13:30:20
9.4,-2.16,87.8,825.3,-189.6,0,69,13:30:25
9.45,-2.31,87.9,830.7,-203,0,69,13:30:30
9.47,-2.61,87.9,832.4,-229.4,0,69,13:30:35
9.51,-2.59,87.9,835.9,-227.7,0,70,13:30:40
9.54,-2.66,88,839.5,-234.1,0,69,13:30:45
9.62,-2.46,87.9,845.6,-216.2,0,69,13:30:50
9.68,-2.26,87.9,850.9,-198.7,0,69,13:30:55
9.61,-2.73,88,845.7,-240.2,0,69,13:31:00
9.63,-2.05,87.9,846.5,-180.2,0,69,13:31:05
9.63,-1.12,87.7,844.6,-98.2,0,69,13:31:10
9.58,-0.47,87.6,839.2,-41.2,0,68,13:31:15
9.65,-0.44,87.6,845.3,-38.5,0,68,13:31:20
9.63,-0.22,87.6,843.6,-19.3,0,68,13:31:25
9.64,0.41,87.4,842.5,35.8,0,68,13:31:30
9.66,0.28,87.5,845.3,24.5,0,68,13:31:35
9.64,0.24,87.5,843.5,21,0,68,13:31:40
9.58,0.54,87.4,837.3,47.2,0,67,13:31:45
9.58,0.61,87.4,837.3,53.3,0,68,13:31:50
9.59,0.81,87.3,837.2,70.7,0,68,13:31:55
9.58,0.96,87.3,836.3,83.8,0,67,13:32:00
9.58,1.54,87.2,835.4,134.3,0,67,13:32:05
9.89,0.78,87.3,863.4,68.1,0,67,13:32:10
9.92,0.7,87.4,867,61.2,0,67,13:32:15
9.92,1.35,87.2,865,117.7,0,67,13:32:20
9.93,1.13,87.2,865.9,98.5,0,67,13:32:25
9.88,0.53,87.4,863.5,46.3,0,67,13:32:30
9.86,1.1,87.2,859.8,95.9,0,67,13:32:35
9.84,1.23,87.2,858,107.3,0,67,13:32:40
9.81,0.79,87.3,856.4,69,0,67,13:32:45
9.84,0.71,87.3,859,62,0,67,13:32:50
9.77,1.39,87.2,851.9,121.2,0,67,13:32:55
9.83,1.29,87.1,856.2,112.4,0,67,13:33:00
9.84,0.66,87.3,859,57.6,0,67,13:33:05
9.86,1.95,87,857.8,169.7,0,67,13:33:10
9.88,0.99,87.3,862.5,86.4,0,67,13:33:15
9.88,2.05,87,859.6,178.4,0,67,13:33:20
9.9,1.3,87.2,863.3,113.4,0,67,13:33:25
9.86,1.44,87,857.8,125.3,0,67,13:33:30
9.89,0.65,87.3,863.4,56.7,0,67,13:33:35
9.87,2.01,87,858.7,174.9,0,67,13:33:40
9.83,0.75,87.3,858.2,65.5,0,67,13:33:45
9.81,1.7,87,853.5,147.9,0,67,13:33:50
9.83,0.79,87.2,857.2,68.9,0,67,13:33:55
9.81,1.86,87,853.5,161.8,0,67,13:34:00
9.81,0.89,87.2,855.4,77.6,0,67,13:34:05
9.76,0.56,87.3,852,48.9,0,67,13:34:10
9.69,1.89,87,843,164.4,0,67,13:34:15
9.73,0.67,87.2,848.5,58.4,0,67,13:34:20
9.74,-0.04,87.4,851.3,-3.5,0,68,13:34:25
9.73,0,87.3,849.4,0,0,68,13:34:30
9.7,0.19,87.3,846.8,16.6,0,68,13:34:35
9.72,-0.12,87.4,849.5,-10.5,0,68,13:34:40
9.69,-0.53,87.5,847.9,-46.4,0,68,13:34:45
9.78,-0.16,87.4,854.8,-14,0,68,13:34:50
9.67,0.62,87.2,843.2,54.1,0,68,13:34:55
9.73,0.74,87.2,848.5,64.5,0,67,13:35:00
9.76,0.32,87.3,852,27.9,0,67,13:35:05
9.78,0.47,87.3,853.8,41,0,67,13:35:10
9.78,0.66,87.3,853.8,57.6,0,67,13:35:15
9.78,0.77,87.2,852.8,67.1,0,67,13:35:20
9.81,0.61,87.2,855.4,53.2,0,68,13:35:25
9.74,0.7,87.3,850.3,61.1,0,67,13:35:30
9.79,1.09,87.1,852.7,94.9,0,67,13:35:35
9.78,0.84,87.2,852.8,73.2,0,67,13:35:40
9.8,0.43,87.3,855.5,37.5,0,67,13:35:45
9.76,-0.21,87.4,853,-18.4,0,68,13:35:50
9.78,-0.65,87.6,856.7,-56.9,0,68,13:35:55
9.79,-0.85,87.5,856.6,-74.4,0,68,13:36:00
9.77,0.7,87.3,852.9,61.1,0,68,13:36:05
9.79,0.85,87.3,854.7,74.2,0,67,13:36:10
9.75,0.5,87.3,851.2,43.7,0,68,13:36:15
9.72,-0.13,87.4,849.5,-11.4,0,68,13:36:20
9.7,-1.05,87.6,849.7,-92,0,68,13:36:25
9.63,-1.7,87.7,844.6,-149.1,0,69,13:36:30
9.57,-2.48,87.8,840.2,-217.7,0,69,13:36:35
9.56,-3.88,88.1,842.2,-341.8,0,70,13:36:40
9.6,-3.61,88.1,845.8,-318,0,70,13:36:45
9.67,-2.53,87.9,850,-222.4,0,69,13:36:50
9.66,-1.87,87.8,848.1,-164.2,0,69,13:36:55
9.71,-1.25,87.7,851.6,-109.6,0,69,13:37:00
9.69,-0.84,87.7,849.8,-73.7,0,68,13:37:05
9.67,-0.5,87.6,847.1,-43.8,0,68,13:37:10
9.69,-0.26,87.5,847.9,-22.8,0,68,13:37:15
9.71,-0.34,87.6,850.6,-29.8,0,68,13:37:20
9.73,0.25,87.4,850.4,21.9,0,68,13:37:25
9.77,0.58,87.3,852.9,50.6,0,67,13:37:30
9.76,0.44,87.4,853,38.5,0,67,13:37:35
9.78,0.96,87.3,853.8,83.8,0,67,13:37:40
9.82,1.46,87.2,856.3,127.3,0,67,13:37:45
9.8,0.8,87.3,855.5,69.8,0,67,13:37:50
9.74,0.56,87.4,851.3,48.9,0,67,13:37:55
9.78,1.41,87.1,851.8,122.8,0,67,13:38:00
9.75,0.96,87.2,850.2,83.7,0,67,13:38:05
9.76,0.46,87.3,852,40.2,0,68,13:38:10
9.77,0.49,87.3,852.9,42.8,0,68,13:38:15
9.77,0.42,87.4,853.9,36.7,0,67,13:38:20
9.77,0.07,87.4,853.9,6.1,0,67,13:38:25
9.8,0.23,87.4,856.5,20.1,0,67,13:38:30
9.82,1.41,87.1,855.3,122.8,0,67,13:38:35
9.83,1.7,87,855.2,147.9,0,67,13:38:40
9.87,2.62,86.9,857.7,227.7,0,67,13:38:45
9.9,2.46,87,861.3,214,0,66,13:38:50
9.93,4.95,86.4,858,427.7,0,65,13:38:55
9.96,3.77,86.7,863.5,326.9,0,65,13:39:00
9.98,2.76,86.8,866.3,239.6,0,65,13:39:05
10,4.47,86.4,864,386.2,0,65,13:39:10
9.98,4.1,86.6,864.3,355.1,0,65,13:39:15
9.99,2.97,86.8,867.1,257.8,0,65,13:39:20
9.93,3.37,86.6,859.9,291.8,0,65,13:39:25
9.92,2.89,86.8,861.1,250.9,0,66,13:39:30
9.89,3.13,86.7,857.5,271.4,0,66,13:39:35
9.86,2.14,86.9,856.8,186,0,67,13:39:40
9.84,0.7,87.2,858,61,0,67,13:39:45
9.8,0.02,87.3,855.5,1.7,0,68,13:39:50
9.72,-1.25,87.6,851.5,-109.5,0,68,13:39:55
9.69,-1.77,87.7,849.8,-155.2,0,69,13:40:00
9.69,-2.42,87.7,849.8,-212.2,0,69,13:40:05
9.7,-1.65,87.6,849.7,-144.5,0,69,13:40:10
9.8,-0.6,87.5,857.5,-52.5,0,68,13:40:15
9.83,0.06,87.4,859.1,5.2,0,68,13:40:20
9.9,2.07,87,861.3,180.1,0,67,13:40:25
9.91,2.03,87,862.2,176.6,0,66,13:40:30
9.95,2.87,86.8,863.7,249.1,0,66,13:40:35
9.99,3.96,86.6,865.1,342.9,0,66,13:40:40
9.95,2.34,86.9,864.7,203.3,0,66,13:40:45
9.95,4.32,86.5,860.7,373.7,0,66,13:40:50
9.95,2.12,87,865.7,184.4,0,66,13:40:55
9.94,2.96,86.7,861.8,256.6,0,66,13:41:00
9.88,3.18,86.7,856.6,275.7,0,66,13:41:05
9.87,2.14,86.9,857.7,186,0,67,13:41:10
9.87,0.67,87.2,860.7,58.4,0,67,13:41:15
9.88,1.46,87,859.6,127,0,67,13:41:20
9.79,0.59,87.1,852.7,51.4,0,67,13:41:25
9.79,0.71,87.2,853.7,61.9,0,67,13:41:30
9.83,1.11,87.1,856.2,96.7,0,67,13:41:35
9.79,0.89,87.1,852.7,77.5,0,67,13:41:40
9.78,0.26,87.2,852.8,22.7,0,67,13:41:45
9.78,0.22,87.3,853.8,19.2,0,67,13:41:50
9.77,0.05,87.3,852.9,4.4,0,68,13:41:55
9.75,-0.27,87.3,851.2,-23.6,0,68,13:42:00
9.78,-0.57,87.4,854.8,-49.8,0,68,13:42:05
9.7,-0.47,87.4,847.8,-41.1,0,68,13:42:10
9.71,-1.13,87.5,849.6,-98.9,0,68,13:42:15
9.71,-1.09,87.5,849.6,-95.4,0,68,13:42:20
9.72,-1.45,87.6,851.5,-127,0,69,13:42:25
9.69,-1.56,87.6,848.8,-136.7,0,69,13:42:30
9.69,-1.67,87.6,848.8,-146.3,0,69,13:42:35
9.73,-1.51,87.6,852.3,-132.3,0,69,13:42:40
9.76,-1.19,87.6,855,-104.2,0,69,13:42:45
9.78,-0.9,87.5,855.8,-78.8,0,68,13:42:50
9.81,0.08,87.3,856.4,7,0,68,13:42:55
9.8,0.84,87.2,854.6,73.2,0,67,13:43:00
9.8,0.91,87.2,854.6,79.4,0,67,13:43:05
9.78,0.85,87.2,852.8,74.1,0,68,13:43:10
9.77,0.46,87.3,852.9,40.2,0,68,13:43:15
9.7,0.67,87.2,845.8,58.4,0,68,13:43:20
9.72,0.41,87.3,848.6,35.8,0,68,13:43:25
9.73,-0.5,87.5,851.4,-43.8,0,68,13:43:30
9.72,-0.49,87.4,849.5,-42.8,0,68,13:43:35
9.69,-0.33,87.4,846.9,-28.8,0,68,13:43:40
9.7,-0.8,87.5,848.8,-70,0,68,13:43:45
9.68,-0.51,87.4,846,-44.6,0,68,13:43:50
9.68,-0.5,87.5,847,-43.8,0,68,13:43:55
9.67,-0.35,87.4,845.2,-30.6,0,68,13:44:00
9.69,-0.21,87.4,846.9,-18.4,0,68,13:44:05
9.71,-0.56,87.5,849.6,-49,0,68,13:44:10
9.71,-0.47,87.5,849.6,-41.1,0,68,13:44:15
9.68,-0.05,87.4,846,-4.4,0,68,13:44:20
9.73,0.3,87.3,849.4,26.2,0,68,13:44:25
9.75,0.29,87.3,851.2,25.3,0,68,13:44:30
9.77,-0.25,87.5,854.9,-21.9,0,68,13:44:35
9.74,-0.46,87.5,852.3,-40.3,0,68,13:44:40
9.74,-0.36,87.4,851.3,-31.5,0,68,13:44:45
9.77,-0.26,87.4,853.9,-22.7,0,68,13:44:50
9.78,-0.75,87.5,855.8,-65.6,0,68,13:44:55
9.77,-0.59,87.5,854.9,-51.6,0,68,13:45:00
9.8,-0.92,87.5,857.5,-80.5,0,68,13:45:05
9.74,-0.21,87.4,851.3,-18.4,0,68,13:45:10
9.78,-0.61,87.5,855.8,-53.4,0,68,13:45:15
9.79,-0.55,87.5,856.6,-48.1,0,68,13:45:20
9.79,-0.53,87.5,856.6,-46.4,0,68,13:45:25
9.79,-0.59,87.5,856.6,-51.6,0,68,13:45:30
9.79,-0.29,87.4,855.6,-25.3,0,68,13:45:35
9.79,-0.75,87.5,856.6,-65.6,0,68,13:45:40
9.79,-0.54,87.5,856.6,-47.3,0,68,13:45:45
9.78,-0.86,87.6,856.7,-75.3,0,68,13:45:50
9.77,-0.6,87.5,854.9,-52.5,0,68,13:45:55
9.73,-1.21,87.6,852.3,-106,0,68,13:46:00
9.72,-0.77,87.6,851.5,-67.5,0,68,13:46:05
9.74,-0.82,87.6,853.2,-71.8,0,68,13:46:10
9.7,-0.61,87.5,848.8,-53.4,0,68,13:46:15
9.68,-1.12,87.6,848,-98.1,0,68,13:46:20
9.71,-0.85,87.6,850.6,-74.5,0,68,13:46:25
9.71,-0.75,87.6,850.6,-65.7,0,68,13:46:30
9.71,-0.66,87.6,850.6,-57.8,0,68,13:46:35
9.68,-0.53,87.5,847,-46.4,0,68,13:46:40
9.7,0.13,87.4,847.8,11.4,0,68,13:46:45
9.71,0.01,87.4,848.7,0.9,0,68,13:46:50
9.72,-0.46,87.5,850.5,-40.3,0,68,13:46:55
9.73,-0.11,87.4,850.4,-9.6,0,68,13:47:00
9.7,0.3,87.4,847.8,26.2,0,68,13:47:05
9.71,-0.2,87.5,849.6,-17.5,0,68,13:47:10
9.72,-0.48,87.5,850.5,-42,0,68,13:47:15
9.71,-0.32,87.5,849.6,-28,0,68,13:47:20
9.68,-0.86,87.6,848,-75.3,0,68,13:47:25
9.69,-0.59,87.5,847.9,-51.6,0,68,13:47:30
9.7,-1.14,87.6,849.7,-99.9,0,68,13:47:35
9.71,-0.64,87.6,850.6,-56.1,0,68,13:47:40
9.67,-0.74,87.6,847.1,-64.8,0,68,13:47:45
9.68,-0.42,87.5,847,-36.8,0,68,13:47:50
9.67,-0.53,87.5,846.1,-46.4,0,68,13:47:55
9.7,0.07,87.4,847.8,6.1,0,68,13:48:00
9.67,0.09,87.4,845.2,7.9,0,68,13:48:05
9.7,-0.06,87.5,848.8,-5.3,0,68,13:48:10
9.7,-0.33,87.5,848.8,-28.9,0,68,13:48:15
9.68,0.26,87.4,846,22.7,0,68,13:48:20
9.64,0.44,87.3,841.6,38.4,0,68,13:48:25
9.64,0.35,87.4,842.5,30.6,0,68,13:48:30
9.66,0.27,87.4,844.3,23.6,0,68,13:48:35
9.66,0.05,87.4,844.3,4.4,0,68,13:48:40
9.64,-0.03,87.4,842.5,-2.6,0,68,13:48:45
9.65,0.29,87.3,842.4,25.3,0,68,13:48:50
9.63,-0.01,87.5,842.6,-0.9,0,68,13:48:55
9.6,-0.1,87.4,839,-8.7,0,68,13:49:00
9.59,0.13,87.4,838.2,11.4,0,68,13:49:05
9.59,0.38,87.3,837.2,33.2,0,67,13:49:10
9.67,0.59,87.3,844.2,51.5,0,68,13:49:15
9.63,0.46,87.3,840.7,40.2,0,67,13:49:20
9.67,1.31,87.1,842.3,114.1,0,67,13:49:25
9.31,1.88,87,810,163.6,0,67,13:49:30
9.35,2.02,87,813.5,175.7,0,67,13:49:35
9.37,1.57,87.1,816.1,136.7,0,67,13:49:40
9.35,2.61,86.9,812.5,226.8,0,67,13:49:45
9.35,1.78,87.1,814.4,155,0,67,13:49:50
9.39,1.48,87.1,817.9,128.9,0,67,13:49:55
9.35,2.29,86.9,812.5,199,0,67,13:50:00
9.35,0.89,87.2,815.3,77.6,0,67,13:50:05
9.34,1.09,87.2,814.4,95,0,67,13:50:10
9.7,0.96,87.1,844.9,83.6,0,67,13:50:15
9.68,1.07,87.1,843.1,93.2,0,67,13:50:20
9.71,0.79,87.2,846.7,68.9,0,67,13:50:25
9.6,0.59,87.2,837.1,51.4,0,67,13:50:30
9.69,0.55,87.2,845,48,0,68,13:50:35
9.75,0.71,87.2,850.2,61.9,0,67,13:50:40
9.53,0.82,87.1,830.1,71.4,0,67,13:50:45
9.54,0.4,87.3,832.8,34.9,0,67,13:50:50
9.64,0.26,87.3,841.6,22.7,0,68,13:50:55
9.65,0.26,87.3,842.4,22.7,0,67,13:51:00
9.74,0.73,87.2,849.3,63.7,0,67,13:51:05
9.69,1.45,87.1,844,126.3,0,67,13:51:10
9.72,0.72,87.2,847.6,62.8,0,67,13:51:15
9.72,0.93,87.2,847.6,81.1,0,67,13:51:20
9.7,1.83,87,843.9,159.2,0,67,13:51:25
9.71,0.65,87.2,846.7,56.7,0,67,13:51:30
9.69,2.13,86.9,842.1,185.1,0,67,13:51:35
9.67,1.05,87.1,842.3,91.5,0,67,13:51:40
9.64,1.82,87,838.7,158.3,0,67,13:51:45
9.64,2.42,86.9,837.7,210.3,0,66,13:51:50
9.64,1.91,87,838.7,166.2,0,66,13:51:55
9.59,1.18,87.1,835.3,102.8,0,67,13:52:00
9.62,1.68,87,836.9,146.2,0,67,13:52:05
9.62,2.45,86.8,835,212.7,0,67,13:52:10
9.62,1.19,87.1,837.9,103.6,0,67,13:52:15
9.58,1.24,87,833.5,107.9,0,67,13:52:20
9.6,0.69,87.2,837.1,60.2,0,67,13:52:25
9.57,1.87,87,832.6,162.7,0,67,13:52:30
9.59,0.85,87.1,835.3,74,0,67,13:52:35
9.55,1.63,87,830.9,141.8,0,67,13:52:40
9.55,1.06,87.1,831.8,92.3,0,67,13:52:45
9.56,0.92,87.1,832.7,80.1,0,67,13:52:50
9.53,1.36,87,829.1,118.3,0,67,13:52:55
9.54,0.87,87.1,830.9,75.8,0,67,13:53:00
9.55,0.22,87.2,832.8,19.2,0,67,13:53:05
9.5,0.21,87.2,828.4,18.3,0,67,13:53:10
9.55,0.12,87.3,833.7,10.5,0,67,13:53:15
9.51,0.17,87.3,830.2,14.8,0,68,13:53:20
9.5,0.25,87.3,829.4,21.8,0,68,13:53:25
9.53,-0.03,87.3,832,-2.6,0,68,13:53:30
9.5,-0.43,87.4,830.3,-37.6,0,68,13:53:35
9.51,-0.22,87.4,831.2,-19.2,0,68,13:53:40
9.54,0.22,87.2,831.9,19.2,0,68,13:53:45
9.46,0.7,87.2,824.9,61,0,68,13:53:50
9.55,0.73,87.2,832.8,63.7,0,67,13:53:55
9.53,1.13,87.1,830.1,98.4,0,67,13:54:00
9.54,0.64,87.1,830.9,55.7,0,67,13:54:05
9.54,1.02,87.2,831.9,88.9,0,67,13:54:10
9.52,1.68,86.9,827.3,146,0,67,13:54:15
9.5,1.08,87.1,827.5,94.1,0,67,13:54:20
9.57,2.06,86.9,831.6,179,0,67,13:54:25
9.48,0.56,87.2,826.7,48.8,0,67,13:54:30
9.52,1.48,87,828.2,128.8,0,67,13:54:35
9.51,1.18,87.1,828.3,102.8,0,67,13:54:40
9.52,1.51,87,828.2,131.4,0,67,13:54:45
9.52,1.25,87,828.2,108.8,0,67,13:54:50
9.54,2.29,86.8,828.1,198.8,0,67,13:54:55
9.52,1.22,87.1,829.2,106.3,0,67,13:55:00
9.52,1.61,86.9,827.3,139.9,0,67,13:55:05
9.54,2.49,86.8,828.1,216.1,0,67,13:55:10
9.56,2.46,86.8,829.8,213.5,0,66,13:55:15
9.56,1.84,86.9,830.8,159.9,0,67,13:55:20
9.56,1.16,87,831.7,100.9,0,67,13:55:25
9.51,1.78,86.9,826.4,154.7,0,67,13:55:30
9.56,2.25,86.8,829.8,195.3,0,67,13:55:35
9.54,0.93,87.1,830.9,81,0,67,13:55:40
9.53,1.98,86.8,827.2,171.9,0,67,13:55:45
9.56,2.2,86.9,830.8,191.2,0,67,13:55:50
9.55,2.31,86.8,828.9,200.5,0,66,13:55:55
9.57,2.94,86.7,829.7,254.9,0,66,13:56:00
9.56,3.86,86.5,826.9,333.9,0,66,13:56:05
9.53,2.99,86.6,825.3,258.9,0,66,13:56:10
9.5,2.83,86.6,822.7,245.1,0,66,13:56:15
9.49,2.32,86.8,823.7,201.4,0,67,13:56:20
9.47,0.52,87.1,824.8,45.3,0,67,13:56:25
9.4,0.44,87.2,819.7,38.4,0,68,13:56:30
9.35,-0.49,87.3,816.3,-42.8,0,68,13:56:35
9.32,-0.76,87.3,813.6,-66.3,0,68,13:56:40
9.31,-1.34,87.4,813.7,-117.1,0,69,13:56:45
9.31,-1.11,87.4,813.7,-97,0,69,13:56:50
9.36,-1.11,87.4,818.1,-97,0,69,13:56:55
9.37,-1.15,87.4,818.9,-100.5,0,68,13:57:00
9.35,-1.15,87.5,818.1,-100.6,0,69,13:57:05
9.38,-0.25,87.3,818.9,-21.8,0,68,13:57:10
9.41,-0.32,87.4,822.4,-28,0,68,13:57:15
9.37,-0.83,87.4,818.9,-72.5,0,68,13:57:20
9.39,-0.42,87.4,820.7,-36.7,0,68,13:57:25
9.36,-1.04,87.5,819,-91,0,68,13:57:30
9.35,-1.12,87.5,818.1,-98,0,68,13:57:35
9.36,-0.92,87.5,819,-80.5,0,68,13:57:40
9.38,-0.94,87.5,820.8,-82.3,0,68,13:57:45
9.31,-0.84,87.5,814.6,-73.5,0,68,13:57:50
9.36,-0.93,87.5,819,-81.4,0,69,13:57:55
9.33,-1.04,87.5,816.4,-91,0,69,13:58:00
9.31,-1.05,87.5,814.6,-91.9,0,69,13:58:05
9.31,-0.99,87.5,814.6,-86.6,0,69,13:58:10
9.33,-1.14,87.6,817.3,-99.9,0,69,13:58:15
9.34,-1.25,87.5,817.3,-109.4,0,69,13:58:20
9.32,-0.75,87.4,814.6,-65.6,0,68,13:58:25
9.34,-0.5,87.4,816.3,-43.7,0,68,13:58:30
9.34,-0.77,87.5,817.3,-67.4,0,68,13:58:35
9.32,-0.61,87.4,814.6,-53.3,0,68,13:58:40
9.32,-0.62,87.5,815.5,-54.3,0,68,13:58:45
9.35,0.16,87.3,816.3,14,0,68,13:58:50
9.36,0.42,87.3,817.1,36.7,0,68,13:58:55
9.33,-0.05,87.3,814.5,-4.4,0,68,13:59:00
9.35,0.19,87.3,816.3,16.6,0,68,13:59:05
9.33,-0.39,87.4,815.4,-34.1,0,68,13:59:10
9.28,-0.26,87.4,811.1,-22.7,0,68,13:59:15
9.31,-0.71,87.5,814.6,-62.1,0,68,13:59:20
9.31,-0.26,87.3,812.8,-22.7,0,68,13:59:25
9.29,-0.58,87.5,812.9,-50.8,0,68,13:59:30
9.28,-0.96,87.5,812,-84,0,69,13:59:35
9.26,-1.34,87.6,811.2,-117.4,0,69,13:59:40
9.28,-1.1,87.6,812.9,-96.4,0,69,13:59:45
9.27,-0.95,87.5,811.1,-83.1,0,69,13:59:50
9.33,-0.59,87.4,815.4,-51.6,0,68,13:59:55
9.34,0.18,87.3,815.4,15.7,0,68,14:00:00
9.33,-0.24,87.4,815.4,-21,0,68,14:00:05
9.33,-0.24,87.4,815.4,-21,0,68,14:00:10
9.32,0.37,87.3,813.6,32.3,0,68,14:00:15
9.37,0.82,87.2,817.1,71.5,0,68,14:00:20
9.33,0.64,87.2,813.6,55.8,0,68,14:00:25
9.39,0.61,87.3,819.7,53.3,0,68,14:00:30
9.37,1.31,87.1,816.1,114.1,0,67,14:00:35
9.38,1.28,87.1,817,111.5,0,67,14:00:40
9.35,0.75,87.1,814.4,65.3,0,67,14:00:45
9.37,0.56,87.2,817.1,48.8,0,67,14:00:50
9.34,0.43,87.3,815.4,37.5,0,67,14:00:55
9.32,0.99,87.2,812.7,86.3,0,67,14:01:00
9.33,1.27,87,811.7,110.5,0,67,14:01:05
9.33,1.3,87,811.7,113.1,0,67,14:01:10
9.33,0.94,87.1,812.6,81.9,0,67,14:01:15
9.32,0.15,87.2,812.7,13.1,0,68,14:01:20
9.28,0.1,87.3,810.1,8.7,0,68,14:01:25
9.36,-0.11,87.4,818.1,-9.6,0,68,14:01:30
9.32,-0.34,87.4,814.6,-29.7,0,68,14:01:35
9.33,-0.23,87.4,815.4,-20.1,0,68,14:01:40
9.3,0.02,87.3,811.9,1.7,0,68,14:01:45
9.33,-0.07,87.3,814.5,-6.1,0,68,14:01:50
9.33,0.02,87.4,815.4,1.7,0,68,14:01:55
9.36,0,87.3,817.1,0,0,68,14:02:00
9.33,0.16,87.3,814.5,14,0,68,14:02:05
9.34,0.39,87.2,814.4,34,0,68,14:02:10
9.34,0.14,87.3,815.4,12.2,0,68,14:02:15
9.33,-0.3,87.4,815.4,-26.2,0,68,14:02:20
9.33,-0.04,87.3,814.5,-3.5,0,68,14:02:25
9.3,0.13,87.3,811.9,11.3,0,68,14:02:30
9.32,-0.05,87.3,813.6,-4.4,0,68,14:02:35
9.4,-0.38,87.4,821.6,-33.2,0,68,14:02:40
9.35,-0.08,87.3,816.3,-7,0,68,14:02:45
9.35,-0.16,87.3,816.3,-14,0,68,14:02:50
9.32,-0.32,87.4,814.6,-28,0,68,14:02:55
9.34,-0.48,87.4,816.3,-42,0,68,14:03:00
9.35,-0.11,87.4,817.2,-9.6,0,68,14:03:05
9.39,-0.32,87.4,820.7,-28,0,68,14:03:10
9.36,-0.21,87.4,818.1,-18.4,0,68,14:03:15
9.35,0.28,87.2,815.3,24.4,0,68,14:03:20
9.36,0.83,87.2,816.2,72.4,0,68,14:03:25
9.37,0.96,87.1,816.1,83.6,0,67,14:03:30
9.37,1.23,87.1,816.1,107.1,0,67,14:03:35
9.35,0.83,87.1,814.4,72.3,0,67,14:03:40
9.37,0.68,87.2,817.1,59.3,0,67,14:03:45
9.35,0.79,87.2,815.3,68.9,0,67,14:03:50
9.35,1.31,87,813.5,114,0,67,14:03:55
9.36,1.26,87,814.3,109.6,0,67,14:04:00
9.35,1,87.1,814.4,87.1,0,67,14:04:05
9.35,0.68,87.2,815.3,59.3,0,67,14:04:10
9.35,1.18,87.1,814.4,102.8,0,67,14:04:15
9.34,1.41,87,812.6,122.7,0,67,14:04:20
9.33,0.91,87.1,812.6,79.3,0,67,14:04:25
9.32,0.51,87.2,812.7,44.5,0,67,14:04:30
9.33,1.54,87,811.7,134,0,67,14:04:35
9.28,1.48,87,807.4,128.8,0,67,14:04:40
9.33,1.4,87,811.7,121.8,0,67,14:04:45
9.31,1.59,86.9,809,138.2,0,67,14:04:50
9.3,1.52,87,809.1,132.2,0,67,14:04:55
9.29,1.49,87,808.2,129.6,0,67,14:05:00
9.26,0.74,87.1,806.5,64.5,0,67,14:05:05
9.27,0.95,87.1,807.4,82.7,0,67,14:05:10
9.23,0.75,87.1,803.9,65.3,0,68,14:05:15
9.25,0.09,87.2,806.6,7.8,0,68,14:05:20
9.2,-0.57,87.4,804.1,-49.8,0,68,14:05:25
9.2,-0.45,87.4,804.1,-39.3,0,68,14:05:30
9.19,-0.93,87.5,804.1,-81.4,0,68,14:05:35
9.17,-0.48,87.4,801.5,-42,0,68,14:05:40
9.14,-1.1,87.5,799.8,-96.3,0,69,14:05:45
9.16,-1.31,87.6,802.4,-114.8,0,69,14:05:50
9.17,-0.8,87.5,802.4,-70,0,69,14:05:55
9.14,-0.77,87.4,798.8,-67.3,0,68,14:06:00
9.15,-0.69,87.4,799.7,-60.3,0,68,14:06:05
9.15,-0.03,87.3,798.8,-2.6,0,68,14:06:10
9.15,-0.17,87.3,798.8,-14.8,0,68,14:06:15
9.08,-0.42,87.4,793.6,-36.7,0,68,14:06:20
9.15,-0.69,87.4,799.7,-60.3,0,68,14:06:25
9.09,-1.63,87.6,796.3,-142.8,0,69,14:06:30
9.14,-0.71,87.4,798.8,-62.1,0,68,14:06:35
9.17,-0.37,87.4,801.5,-32.3,0,68,14:06:40
9.14,-0.11,87.3,797.9,-9.6,0,68,14:06:45
9.15,0.11,87.3,798.8,9.6,0,68,14:06:50
9.13,0.47,87.3,797,41,0,68,14:06:55
9.15,0.3,87.3,798.8,26.2,0,68,14:07:00
9.18,1.34,87.1,799.6,116.7,0,67,14:07:05
9.23,1.32,87,803,114.8,0,67,14:07:10
9.21,0.85,87.1,802.2,74,0,68,14:07:15
9.24,0.75,87.1,804.8,65.3,0,68,14:07:20
9.19,0.35,87.2,801.4,30.5,0,68,14:07:25
9.2,0.4,87.2,802.2,34.9,0,68,14:07:30
9.17,0.15,87.3,800.5,13.1,0,68,14:07:35
9.19,-0.26,87.4,803.2,-22.7,0,68,14:07:40
9.21,-0.39,87.3,804,-34,0,68,14:07:45
9.19,0.11,87.3,802.3,9.6,0,68,14:07:50
9.18,-0.31,87.4,802.3,-27.1,0,68,14:07:55
9.18,-0.15,87.3,801.4,-13.1,0,68,14:08:00
9.16,-0.25,87.3,799.7,-21.8,0,68,14:08:05
9.15,-0.59,87.4,799.7,-51.6,0,68,14:08:10
9.22,0.24,87.2,804,20.9,0,68,14:08:15
9.16,0.14,87.3,799.7,12.2,0,68,14:08:20
9.17,0.22,87.3,800.5,19.2,0,68,14:08:25
9.16,0.09,87.3,799.7,7.9,0,68,14:08:30
9.18,0.04,87.3,801.4,3.5,0,68,14:08:35
9.18,0.27,87.2,800.5,23.5,0,67,14:08:40
9.18,0.21,87.3,801.4,18.3,0,68,14:08:45
9.18,0.26,87.2,800.5,22.7,0,68,14:08:50
9.17,0.26,87.3,800.5,22.7,0,68,14:08:55
9.21,0.55,87.2,803.1,48,0,67,14:09:00
9.18,1.2,87.1,799.6,104.5,0,67,14:09:05
9.13,1.73,87,794.3,150.5,0,67,14:09:10
9.18,1.07,87.1,799.6,93.2,0,67,14:09:15
9.23,2.08,86.9,802.1,180.8,0,67,14:09:20
9.24,1.45,87,803.9,126.2,0,67,14:09:25
9.2,1.8,86.9,799.5,156.4,0,67,14:09:30
9.21,1.24,87.1,802.2,108,0,67,14:09:35
9.19,1.55,86.9,798.6,134.7,0,67,14:09:40
9.19,0.83,87,799.5,72.2,0,67,14:09:45
9.18,0.25,87.2,800.5,21.8,0,68,14:09:50
9.17,0.15,87.2,799.6,13.1,0,68,14:09:55
9.16,0.32,87.2,798.8,27.9,0,67,14:10:00
9.17,0.18,87.2,799.6,15.7,0,68,14:10:05
9.17,0.65,87.1,798.7,56.6,0,67,14:10:10
9.16,0.78,87.1,797.8,67.9,0,67,14:10:15
9.12,0.52,87.1,794.4,45.3,0,68,14:10:20
9.13,0.38,87.2,796.1,33.1,0,68,14:10:25
9.17,0.18,87.2,799.6,15.7,0,68,14:10:30
9.15,0.49,87.1,797,42.7,0,68,14:10:35
9.11,0.25,87.2,794.4,21.8,0,68,14:10:40
9.16,0.32,87.2,798.8,27.9,0,68,14:10:45
9.13,0.57,87.2,796.1,49.7,0,67,14:10:50
9.14,0.78,87.1,796.1,67.9,0,68,14:10:55
9.15,0.85,87.1,797,74,0,68,14:11:00
9.13,1.49,87,794.3,129.6,0,67,14:11:05
9.13,0.86,87.1,795.2,74.9,0,67,14:11:10
9.14,1.26,87,795.2,109.6,0,67,14:11:15
9.14,1.37,86.9,794.3,119.1,0,67,14:11:20
9.16,0.68,87.1,797.8,59.2,0,67,14:11:25
9.18,0.48,87.2,800.5,41.9,0,67,14:11:30
9.19,2.02,86.8,797.7,175.3,0,67,14:11:35
9.18,1.3,87,798.7,113.1,0,67,14:11:40
9.24,2.27,86.7,801.1,196.8,0,67,14:11:45
9.25,2.87,86.6,801.1,248.5,0,66,14:11:50
9.24,2.87,86.6,800.2,248.5,0,67,14:11:55
9.24,2.58,86.7,801.1,223.7,0,67,14:12:00
9.24,2.05,86.9,803,178.1,0,67,14:12:05
9.27,2.09,86.8,804.6,181.4,0,66,14:12:10
9.25,2.43,86.8,802.9,210.9,0,66,14:12:15
9.27,1.94,86.8,804.6,168.4,0,66,14:12:20
9.21,2.53,86.8,799.4,219.6,0,66,14:12:25
9.26,2.41,86.8,803.8,209.2,0,66,14:12:30
9.26,2.42,86.8,803.8,210.1,0,66,14:12:35
9.26,2.55,86.7,802.8,221.1,0,66,14:12:40
9.24,3.52,86.5,799.3,304.5,0,66,14:12:45
9.21,3.56,86.4,795.7,307.6,0,66,14:12:50
9.22,3.04,86.5,797.5,263,0,66,14:12:55
9.2,3.2,86.5,795.8,276.8,0,66,14:13:00
9.17,2.35,86.7,795,203.7,0,67,14:13:05
9.19,1.16,86.9,798.6,100.8,0,67,14:13:10
9.15,1.64,86.8,794.2,142.4,0,67,14:13:15
9.16,0.49,87.1,797.8,42.7,0,68,14:13:20
9.09,0.22,87,790.8,19.1,0,68,14:13:25
9.11,0.39,87.1,793.5,34,0,68,14:13:30
9.12,0.48,87.1,794.4,41.8,0,68,14:13:35
9.16,1.3,86.9,796,113,0,67,14:13:40
9.15,0.6,87.1,797,52.3,0,67,14:13:45
9.11,1.09,87,792.6,94.8,0,67,14:13:50
9.18,1.96,86.7,795.9,169.9,0,67,14:13:55
9.21,3.16,86.5,796.7,273.3,0,66,14:14:00
9.2,3.41,86.4,794.9,294.6,0,66,14:14:05
9.22,2.3,86.7,799.4,199.4,0,66,14:14:10
9.19,3.79,86.5,794.9,327.8,0,66,14:14:15
9.15,3.37,86.4,790.6,291.2,0,66,14:14:20
9.15,2.76,86.5,791.5,238.7,0,66,14:14:25
8.8,2.89,86.5,761.2,250,0,66,14:14:30
8.77,2.07,86.7,760.4,179.5,0,67,14:14:35
9.02,2.01,86.7,782,174.3,0,67,14:14:40
9.04,0.56,87,786.5,48.7,0,67,14:14:45
9,0,87.1,783.9,0,0,68,14:14:50
8.97,-0.09,87.1,781.3,-7.8,0,68,14:14:55
8.98,-0.22,87.2,783.1,-19.2,0,68,14:15:00
8.94,-0.9,87.3,780.5,-78.6,0,69,14:15:05
8.89,-2.46,87.5,777.9,-215.3,0,69,14:15:10
8.87,-2.43,87.6,777,-212.9,0,69,14:15:15
8.93,-1.46,87.4,780.5,-127.6,0,69,14:15:20
8.92,-1.2,87.4,779.6,-104.9,0,69,14:15:25
8.92,-1.05,87.4,779.6,-91.8,0,69,14:15:30
8.92,-0.67,87.3,778.7,-58.5,0,68,14:15:35
8.92,-0.79,87.3,778.7,-69,0,68,14:15:40
8.91,-0.47,87.3,777.8,-41,0,68,14:15:45
8.9,-1.07,87.4,777.9,-93.5,0,69,14:15:50
8.89,-1.07,87.4,777,-93.5,0,69,14:15:55
8.88,-1.09,87.4,776.1,-95.3,0,69,14:16:00
8.9,-0.85,87.4,777.9,-74.3,0,69,14:16:05
8.92,-0.89,87.4,779.6,-77.8,0,69,14:16:10
8.88,-0.76,87.4,776.1,-66.4,0,69,14:16:15
8.9,-0.72,87.3,777,-62.9,0,68,14:16:20
8.89,-0.69,87.4,777,-60.3,0,68,14:16:25
8.92,-0.69,87.4,779.6,-60.3,0,69,14:16:30
8.87,-0.9,87.4,775.2,-78.7,0,69,14:16:35
8.9,-0.62,87.3,777,-54.1,0,68,14:16:40
8.88,-0.73,87.3,775.2,-63.7,0,68,14:16:45
8.87,-0.54,87.3,774.4,-47.1,0,68,14:16:50
8.87,-0.46,87.3,774.4,-40.2,0,68,14:16:55
8.92,-0.09,87.3,778.7,-7.9,0,68,14:17:00
8.86,-0.04,87.2,772.6,-3.5,0,68,14:17:05
8.89,0.31,87.2,775.2,27,0,68,14:17:10
8.89,0.73,87.1,774.3,63.6,0,68,14:17:15
8.88,0.67,87.1,773.4,58.4,0,68,14:17:20
8.9,0.76,87.1,775.2,66.2,0,67,14:17:25
8.92,0.65,87.1,776.9,56.6,0,67,14:17:30
8.87,0.31,87.1,772.6,27,0,68,14:17:35
8.88,0.35,87.2,774.3,30.5,0,68,14:17:40
8.87,0.5,87.2,773.5,43.6,0,68,14:17:45
8.9,0.2,87.2,776.1,17.4,0,68,14:17:50
8.88,0.05,87.2,774.3,4.4,0,68,14:17:55
8.89,0.02,87.2,775.2,1.7,0,68,14:18:00
8.91,0.22,87.1,776.1,19.2,0,68,14:18:05
8.89,0.87,87,773.4,75.7,0,67,14:18:10
8.94,1.29,87,777.8,112.2,0,67,14:18:15
8.94,2.15,86.7,775.1,186.4,0,67,14:18:20
8.93,2.87,86.7,774.2,248.8,0,67,14:18:25
8.98,1.98,86.9,780.4,172.1,0,67,14:18:30
8.94,1.79,86.9,776.9,155.6,0,66,14:18:35
8.94,1.79,86.8,776,155.4,0,66,14:18:40
8.99,1.81,86.8,780.3,157.1,0,66,14:18:45
8.94,1.58,86.8,776,137.1,0,66,14:18:50
8.93,2,86.8,775.1,173.6,0,66,14:18:55
8.93,2.58,86.6,773.3,223.4,0,66,14:19:00
8.92,2.78,86.6,772.5,240.7,0,66,14:19:05
8.92,3.21,86.5,771.6,277.7,0,66,14:19:10
8.91,2.51,86.7,772.5,217.6,0,67,14:19:15
8.87,0.94,86.9,770.8,81.7,0,67,14:19:20
8.89,1.98,86.7,770.8,171.7,0,67,14:19:25
8.85,0.9,86.9,769.1,78.2,0,67,14:19:30
8.84,0.68,87,769.1,59.2,0,67,14:19:35
8.84,0.97,86.9,768.2,84.3,0,67,14:19:40
8.87,0.95,87,771.7,82.7,0,68,14:19:45
8.85,0.93,86.9,769.1,80.8,0,68,14:19:50
8.84,0.68,87,769.1,59.2,0,68,14:19:55
8.78,0.24,87.1,764.7,20.9,0,68,14:20:00
8.79,-0.62,87.2,766.5,-54.1,0,68,14:20:05
8.79,-0.33,87.2,766.5,-28.8,0,68,14:20:10
8.78,0.02,87.2,765.6,1.7,0,68,14:20:15
8.76,-0.4,87.2,763.9,-34.9,0,68,14:20:20
8.78,0.66,87,763.9,57.4,0,67,14:20:25
8.76,2.48,86.7,759.5,215,0,66,14:20:30
8.86,1.07,86.9,769.9,93,0,67,14:20:35
8.78,2.37,86.7,761.2,205.5,0,67,14:20:40
8.79,0.74,87,764.7,64.4,0,67,14:20:45
8.79,0.46,87.1,765.6,40.1,0,67,14:20:50
8.74,0.92,87,760.4,80,0,67,14:20:55
8.77,1.31,86.9,762.1,113.8,0,67,14:21:00
8.76,1.21,86.9,761.2,105.1,0,67,14:21:05
8.73,1.08,86.9,758.6,93.9,0,67,14:21:10
8.75,0.86,87,761.3,74.8,0,67,14:21:15
8.78,1.56,86.8,762.1,135.4,0,67,14:21:20
8.77,1.59,86.8,761.2,138,0,67,14:21:25
8.76,1.25,86.9,761.2,108.6,0,67,14:21:30
8.77,2.24,86.7,760.4,194.2,0,67,14:21:35
8.75,1.02,87,761.3,88.7,0,67,14:21:40
8.77,2.42,86.6,759.5,209.6,0,67,14:21:45
8.78,1.93,86.8,762.1,167.5,0,67,14:21:50
8.81,1.29,86.8,764.7,112,0,67,14:21:55
8.86,1.75,86.8,769,151.9,0,67,14:22:00
8.77,1.36,86.8,761.2,118,0,67,14:22:05
8.82,2.49,86.6,763.8,215.6,0,67,14:22:10
8.82,2.7,86.6,763.8,233.8,0,67,14:22:15
8.75,1.43,86.9,760.4,124.3,0,67,14:22:20
8.8,2.13,86.6,762.1,184.5,0,67,14:22:25
8.82,2.08,86.7,764.7,180.3,0,67,14:22:30
8.78,1.27,86.9,763,110.4,0,67,14:22:35
8.78,2.15,86.7,761.2,186.4,0,67,14:22:40
8.76,1,86.9,761.2,86.9,0,67,14:22:45
8.77,0.68,86.9,762.1,59.1,0,68,14:22:50
8.73,0.41,87,759.5,35.7,0,68,14:22:55
8.78,0.24,87,763.9,20.9,0,68,14:23:00
8.76,0.58,87,762.1,50.5,0,67,14:23:05
8.81,1.7,86.7,763.8,147.4,0,67,14:23:10
8.81,1.2,86.9,765.6,104.3,0,67,14:23:15
8.81,2.42,86.6,762.9,209.6,0,67,14:23:20
8.77,2.29,86.7,760.4,198.5,0,67,14:23:25
8.81,1.95,86.7,763.8,169.1,0,66,14:23:30
8.85,2.16,86.7,767.3,187.3,0,66,14:23:35
8.82,2.97,86.5,762.9,256.9,0,66,14:23:40
8.8,3.34,86.4,760.3,288.6,0,66,14:23:45
8.81,3.31,86.4,761.2,286,0,66,14:23:50
8.75,3.05,86.4,756,263.5,0,66,14:23:55
8.82,3.01,86.5,762.9,260.4,0,66,14:24:00
8.76,3.5,86.4,756.9,302.4,0,66,14:24:05
8.75,3.6,86.3,755.1,310.7,0,66,14:24:10
8.77,3.36,86.4,757.7,290.3,0,66,14:24:15
8.76,3.1,86.4,756.9,267.8,0,66,14:24:20
8.77,2.79,86.5,758.6,241.3,0,66,14:24:25
8.71,2.1,86.6,754.3,181.9,0,67,14:24:30
8.7,1.26,86.8,755.2,109.4,0,67,14:24:35
8.79,2.14,86.6,761.2,185.3,0,67,14:24:40
8.73,2.65,86.5,755.1,229.2,0,66,14:24:45
8.73,2.22,86.6,756,192.3,0,66,14:24:50
8.71,2.07,86.6,754.3,179.3,0,66,14:24:55
8.71,2.4,86.6,754.3,207.8,0,66,14:25:00
8.7,2.57,86.6,753.4,222.6,0,66,14:25:05
8.71,2.12,86.6,754.3,183.6,0,66,14:25:10
8.73,2.01,86.7,756.9,174.3,0,66,14:25:15
8.7,2.5,86.6,753.4,216.5,0,66,14:25:20
8.73,2.86,86.5,755.1,247.4,0,66,14:25:25
8.68,1.75,86.7,752.6,151.7,0,66,14:25:30
8.67,1.72,86.7,751.7,149.1,0,66,14:25:35
8.72,1.83,86.6,755.2,158.5,0,66,14:25:40
8.67,1.7,86.7,751.7,147.4,0,66,14:25:45
8.67,1.59,86.7,751.7,137.9,0,66,14:25:50
8.69,1.64,86.6,752.6,142,0,66,14:25:55
8.69,2.27,86.5,751.7,196.4,0,66,14:26:00
8.68,2.35,86.5,750.8,203.3,0,67,14:26:05
8.71,1.7,86.6,754.3,147.2,0,67,14:26:10
8.71,1.66,86.6,754.3,143.8,0,67,14:26:15
8.69,1.89,86.6,752.6,163.7,0,66,14:26:20
8.75,1.85,86.5,756.9,160,0,66,14:26:25
8.7,2.38,86.4,751.7,205.6,0,66,14:26:30
8.73,2.61,86.4,754.3,225.5,0,66,14:26:35
8.69,3.02,86.3,749.9,260.6,0,66,14:26:40
8.7,3.08,86.4,751.7,266.1,0,66,14:26:45
8.67,2.44,86.5,750,211.1,0,66,14:26:50
8.69,1.07,86.7,753.4,92.8,0,67,14:26:55
8.69,1.79,86.6,752.6,155,0,67,14:27:00
8.65,0.55,86.8,750.8,47.7,0,67,14:27:05
8.66,0.5,86.9,752.6,43.5,0,67,14:27:10
8.62,0.74,86.8,748.2,64.2,0,68,14:27:15
8.63,0.38,86.9,749.9,33,0,68,14:27:20
8.57,0.06,87,745.6,5.2,0,68,14:27:25
8.63,0.5,86.9,749.9,43.5,0,67,14:27:30
8.62,0.58,86.9,749.1,50.4,0,68,14:27:35
8.63,0.63,86.9,749.9,54.7,0,67,14:27:40
8.64,1.05,86.8,750,91.1,0,67,14:27:45
8.68,1.52,86.6,751.7,131.6,0,67,14:27:50
8.68,1.77,86.7,752.6,153.5,0,67,14:27:55
8.69,1.22,86.8,754.3,105.9,0,67,14:28:00
8.69,2.38,86.4,750.8,205.6,0,67,14:28:05
8.68,2.69,86.5,750.8,232.7,0,67,14:28:10
8.68,1.82,86.6,751.7,157.6,0,67,14:28:15
8.68,1.27,86.7,752.6,110.1,0,67,14:28:20
8.68,2.01,86.6,751.7,174.1,0,67,14:28:25
8.64,1.67,86.6,748.2,144.6,0,67,14:28:30
8.65,1.27,86.7,750,110.1,0,67,14:28:35
8.67,1.76,86.7,751.7,152.6,0,67,14:28:40
8.66,1.27,86.7,750.8,110.1,0,67,14:28:45
8.65,2.48,86.4,747.4,214.3,0,67,14:28:50
8.67,2.73,86.4,749.1,235.9,0,67,14:28:55
8.69,1.81,86.6,752.6,156.7,0,67,14:29:00
8.64,1.2,86.7,749.1,104,0,67,14:29:05
8.69,2,86.5,751.7,173,0,67,14:29:10
8.68,2.7,86.4,750,233.3,0,67,14:29:15
8.73,2.49,86.4,754.3,215.1,0,67,14:29:20
8.66,1,86.7,750.8,86.7,0,67,14:29:25
8.65,1.67,86.5,748.2,144.5,0,67,14:29:30
8.63,2.15,86.5,746.5,186,0,67,14:29:35
8.72,1.37,86.7,756,118.8,0,67,14:29:40
8.68,1.49,86.5,750.8,128.9,0,67,14:29:45
8.67,1.61,86.6,750.8,139.4,0,67,14:29:50
8.65,1.56,86.5,748.2,134.9,0,67,14:29:55
8.7,2.43,86.4,751.7,210,0,67,14:30:00
8.69,1.74,86.6,752.6,150.7,0,67,14:30:05
8.69,1.22,86.6,752.6,105.7,0,67,14:30:10
8.65,2.54,86.4,747.4,219.5,0,66,14:30:15
8.62,2.73,86.3,743.9,235.6,0,66,14:30:20
8.71,3.09,86.4,752.5,267,0,66,14:30:25
8.7,3.36,86.3,750.8,290,0,66,14:30:30
8.64,2.98,86.3,745.6,257.2,0,66,14:30:35
8.33,3.1,86.3,718.9,267.5,0,66,14:30:40
8.35,3.02,86.4,721.4,260.9,0,66,14:30:45
8.38,2.88,86.3,723.2,248.5,0,66,14:30:50
8.42,3.3,86.3,726.6,284.8,0,66,14:30:55
8.34,3.36,86.2,718.9,289.6,0,66,14:31:00
8.43,3.37,86.2,726.7,290.5,0,66,14:31:05
8.4,3.55,86.1,723.2,305.7,0,66,14:31:10
8.35,3.14,86.2,719.8,270.7,0,66,14:31:15
8.38,2.86,86.4,724,247.1,0,67,14:31:20
8.3,1.43,86.6,718.8,123.8,0,67,14:31:25
8.29,1.62,86.5,717.1,140.1,0,67,14:31:30
8.31,0.49,86.8,721.3,42.5,0,67,14:31:35
8.23,0.3,86.8,714.4,26,0,68,14:31:40
8.27,0.16,86.8,717.8,13.9,0,68,14:31:45
8.25,-0.18,86.9,716.9,-15.6,0,68,14:31:50
8.29,0.09,86.8,719.6,7.8,0,68,14:31:55
8.25,0.36,86.8,716.1,31.2,0,67,14:32:00
8.3,0.69,86.8,720.4,59.9,0,67,14:32:05
8.22,1.69,86.6,711.9,146.4,0,67,14:32:10
8.23,1.26,86.6,712.7,109.1,0,67,14:32:15
8.25,0.9,86.8,716.1,78.1,0,67,14:32:20
8.27,1.14,86.7,717,98.8,0,67,14:32:25
8.27,1.51,86.6,716.2,130.8,0,67,14:32:30
8.26,0.95,86.6,715.3,82.3,0,67,14:32:35
8.26,0.71,86.7,716.1,61.6,0,67,14:32:40
8.24,2.25,86.5,712.8,194.6,0,67,14:32:45
8.2,1.06,86.7,710.9,91.9,0,67,14:32:50
8.26,1.18,86.7,716.1,102.3,0,67,14:32:55
8.22,1.33,86.6,711.9,115.2,0,67,14:33:00
8.18,1.11,86.6,708.4,96.1,0,67,14:33:05
8.22,0.81,86.7,712.7,70.2,0,67,14:33:10
8.22,1.87,86.5,711,161.8,0,67,14:33:15
8.25,1.4,86.6,714.5,121.2,0,67,14:33:20
8.28,3.07,86.3,714.6,264.9,0,67,14:33:25
8.3,3.73,86.1,714.6,321.2,0,66,14:33:30
8.34,2.73,86.3,719.7,235.6,0,66,14:33:35
8.24,2.11,86.4,711.9,182.3,0,66,14:33:40
8.26,2.17,86.5,714.5,187.7,0,66,14:33:45
8.24,1.88,86.5,712.8,162.6,0,66,14:33:50
8.2,1.4,86.5,709.3,121.1,0,67,14:33:55
8.22,2.18,86.3,709.4,188.1,0,67,14:34:00
8.16,1.96,86.5,705.8,169.5,0,67,14:34:05
8.24,1.44,86.6,713.6,124.7,0,67,14:34:10
8.22,2.14,86.4,710.2,184.9,0,67,14:34:15
8.25,2.8,86.2,711.2,241.4,0,66,14:34:20
8.23,2.63,86.3,710.2,227,0,66,14:34:25
8.25,2.15,86.4,712.8,185.8,0,66,14:34:30
8.18,2.76,86.3,705.9,238.2,0,66,14:34:35
8.26,3.66,86.1,711.2,315.1,0,66,14:34:40
8.24,3.61,86,708.6,310.5,0,66,14:34:45
8.25,2.44,86.3,712,210.6,0,66,14:34:50
8.25,1.95,86.4,712.8,168.5,0,66,14:34:55
8.24,2.92,86.3,711.1,252,0,66,14:35:00
8.25,4.01,86,709.5,344.9,0,66,14:35:05
8.24,2.51,86.2,710.3,216.4,0,66,14:35:10
8.27,2.2,86.3,713.7,189.9,0,66,14:35:15
8.22,4.42,85.9,706.1,379.7,0,66,14:35:20
8.25,2.72,86.3,712,234.7,0,65,14:35:25
8.28,4.25,85.9,711.3,365.1,0,66,14:35:30
8.24,4.66,85.9,707.8,400.3,0,65,14:35:35
8.26,3.57,86.1,711.2,307.4,0,65,14:35:40
8.26,3.14,86.1,711.2,270.4,0,65,14:35:45
8.3,3.79,85.9,713,325.6,0,65,14:35:50
8.31,3.57,86,714.7,307,0,65,14:35:55
8.33,3.58,86.1,717.2,308.2,0,65,14:36:00
8.33,4.84,85.8,714.7,415.3,0,65,14:36:05
8.34,6.32,85.4,712.2,539.7,0,65,14:36:10
8.31,4.41,85.8,713,378.4,0,64,14:36:15
8.33,7.38,85.2,709.7,628.8,0,64,14:36:20
8.34,6.3,85.5,713.1,538.7,0,64,14:36:25
8.34,5.28,85.7,714.7,452.5,0,64,14:36:30
8.27,5.5,85.7,708.7,471.4,0,64,14:36:35
8.28,6.28,85.5,707.9,536.9,0,63,14:36:40
8.18,5.78,85.5,699.4,494.2,0,64,14:36:45
8.16,4.92,85.6,698.5,421.2,0,65,14:36:50
8.07,4.11,85.7,691.6,352.2,0,66,14:36:55
7.91,2.3,86.1,681.1,198,0,67,14:37:00
7.91,0.02,86.6,685,1.7,0,67,14:37:05
7.78,-1.08,86.8,675.3,-93.7,0,69,14:37:10
7.78,-2.5,87,676.9,-217.5,0,69,14:37:15
7.7,-3.98,87.3,672.2,-347.5,0,70,14:37:20
7.64,-4.61,87.4,667.7,-402.9,0,71,14:37:25
7.72,-5.5,87.7,677,-482.4,0,71,14:37:30
7.76,-4.55,87.5,679,-398.1,0,71,14:37:35
7.83,-3.1,87.3,683.6,-270.6,0,70,14:37:40
7.94,-0.98,87,690.8,-85.3,0,68,14:37:45
8.02,0.69,86.7,695.3,59.8,0,67,14:37:50
8.11,2.85,86.2,699.1,245.7,0,66,14:37:55
8.11,5.9,85.6,694.2,505,0,64,14:38:00
8.15,8.14,85.2,694.4,693.5,0,64,14:38:05
8.16,8.67,85,693.6,737,0,63,14:38:10
8.22,6.21,85.5,702.8,531,0,63,14:38:15
8.22,8.62,85,698.7,732.7,0,63,14:38:20
8.21,7.43,85.1,698.7,632.3,0,63,14:38:25
8.17,6.03,85.5,698.5,515.6,0,63,14:38:30
8.16,7.38,85.2,695.2,628.8,0,64,14:38:35
8.24,8.07,84.9,699.6,685.1,0,63,14:38:40
8.24,6.59,85.3,702.9,562.1,0,63,14:38:45
8.21,8.34,84.9,697,708.1,0,63,14:38:50
8.2,7.94,84.9,696.2,674.1,0,64,14:38:55
8.2,7.72,85,697,656.2,0,64,14:39:00
8.14,7.69,85,691.9,653.7,0,64,14:39:05
8.11,8.05,84.9,688.5,683.4,0,64,14:39:10
8.22,7.93,84.9,697.9,673.3,0,63,14:39:15
8.12,6.68,85.1,691,568.5,0,63,14:39:20
8.1,5.37,85.4,691.7,458.6,0,63,14:39:25
8.09,6.94,85.2,689.3,591.3,0,63,14:39:30
7.94,7.92,84.9,674.1,672.4,0,64,14:39:35
7.75,8.31,84.8,657.2,704.7,0,64,14:39:40
7.94,7.79,84.8,673.3,660.6,0,63,14:39:45
7.97,6.42,85.1,678.2,546.3,0,64,14:39:50
7.92,6.07,85.1,674,516.6,0,64,14:39:55
8.09,6.16,85.2,689.3,524.8,0,64,14:40:00
7.99,4.42,85.4,682.3,377.5,0,65,14:40:05
8.01,3.41,85.6,685.7,291.9,0,65,14:40:10
7.94,2.86,85.8,681.3,245.4,0,66,14:40:15
7.83,0.7,86.3,675.7,60.4,0,67,14:40:20
7.8,-1.3,86.6,675.5,-112.6,0,68,14:40:25
7.8,-1.15,86.6,675.5,-99.6,0,68,14:40:30
7.86,-1.59,86.7,681.5,-137.9,0,69,14:40:35
7.87,-1.74,86.8,683.1,-151,0,69,14:40:40
7.84,-1.59,86.8,680.5,-138,0,69,14:40:45
7.84,-1.23,86.8,680.5,-106.8,0,69,14:40:50
7.82,-1.35,86.8,678.8,-117.2,0,69,14:40:55
7.82,-1.51,86.8,678.8,-131.1,0,69,14:41:00
7.86,-1.69,86.8,682.2,-146.7,0,69,14:41:05
7.83,-0.97,86.8,679.6,-84.2,0,69,14:41:10
7.85,-1.45,86.9,682.2,-126,0,69,14:41:15
7.83,-1.02,86.8,679.6,-88.5,0,68,14:41:20
7.84,-1.19,86.8,680.5,-103.3,0,69,14:41:25
7.88,-1.75,86.9,684.8,-152.1,0,69,14:41:30
7.8,-1.46,86.9,677.8,-126.9,0,69,14:41:35
7.88,-1.17,86.9,684.8,-101.7,0,69,14:41:40
7.83,-0.68,86.8,679.6,-59,0,68,14:41:45
7.77,-0.93,86.8,674.4,-80.7,0,68,14:41:50
7.81,-0.67,86.8,677.9,-58.2,0,68,14:41:55
7.83,-0.69,86.8,679.6,-59.9,0,68,14:42:00
7.83,-0.19,86.7,678.9,-16.5,0,68,14:42:05
7.85,0.27,86.6,679.8,23.4,0,68,14:42:10
7.86,0.81,86.5,679.9,70.1,0,68,14:42:15
7.87,1.62,86.3,679.2,139.8,0,67,14:42:20
7.92,2.65,86.2,682.7,228.4,0,66,14:42:25
7.92,4.05,85.8,679.5,347.5,0,66,14:42:30
8,3.2,86.1,688.8,275.5,0,65,14:42:35
7.98,3.91,85.9,685.5,335.9,0,65,14:42:40
7.97,6.11,85.4,680.6,521.8,0,65,14:42:45
8.04,5.56,85.4,686.6,474.8,0,64,14:42:50
8.02,4.93,85.7,687.3,422.5,0,64,14:42:55
8.02,5.98,85.3,684.1,510.1,0,64,14:43:00
7.96,6.59,85.1,677.4,560.8,0,64,14:43:05
8.02,5.72,85.3,684.1,487.9,0,64,14:43:10
8.11,5.25,85.4,692.6,448.4,0,64,14:43:15
7.7,5.66,85.4,657.6,483.4,0,63,14:43:20
7.5,6.46,85.2,639,550.4,0,64,14:43:25
7.46,8.2,84.8,632.6,695.4,0,64,14:43:30
7.23,8.67,84.6,611.7,733.5,0,64,14:43:35
6.99,8.44,84.6,591.4,714,0,63,14:43:40
7.15,6.32,85.1,608.5,537.8,0,63,14:43:45
7.15,8.71,84.6,604.9,736.9,0,63,14:43:50
7.04,7.86,84.6,595.6,665,0,63,14:43:55
7.5,5.52,85.2,639,470.3,0,63,14:44:00
7.35,6.68,85.1,625.5,568.5,0,63,14:44:05
6.84,8.27,84.7,579.3,700.5,0,63,14:44:10
6.77,8.1,84.7,573.4,686.1,0,64,14:44:15
7.05,6.57,85,599.3,558.5,0,64,14:44:20
6.9,4.55,85.3,588.6,388.1,0,64,14:44:25
7.25,6.78,84.9,615.5,575.6,0,64,14:44:30
7.42,3.85,85.4,633.7,328.8,0,65,14:44:35
7.37,3.22,85.6,630.9,275.6,0,65,14:44:40
7.14,4.32,85.3,609,368.5,0,65,14:44:45
7.16,4.18,85.4,611.5,357,0,65,14:44:50
7.67,2.11,85.8,658.1,181,0,66,14:44:55
7.58,2.3,85.8,650.4,197.3,0,66,14:45:00
7.71,2.18,85.8,661.5,187,0,66,14:45:05
7.51,1.77,85.9,645.1,152,0,67,14:45:10
7.47,1.46,86,642.4,125.6,0,66,14:45:15
7.63,0.89,86.1,656.9,76.6,0,67,14:45:20
7.64,1.09,86.1,657.8,93.8,0,67,14:45:25
7.71,0.56,86.1,663.8,48.2,0,67,14:45:30
7.59,0.35,86.3,655,30.2,0,67,14:45:35
7.67,-0.16,86.3,661.9,-13.8,0,67,14:45:40
7.55,-0.25,86.4,652.3,-21.6,0,68,14:45:45
7.55,-0.56,86.4,652.3,-48.4,0,68,14:45:50
7.6,-0.97,86.5,657.4,-83.9,0,68,14:45:55
7.59,-1.47,86.6,657.3,-127.3,0,69,14:46:00
7.59,-1.64,86.7,658.1,-142.2,0,69,14:46:05
7.58,-1.85,86.7,657.2,-160.4,0,69,14:46:10
7.59,-1.72,86.7,658.1,-149.1,0,69,14:46:15
7.58,-1.72,86.7,657.2,-149.1,0,69,14:46:20
7.63,-1.93,86.7,661.5,-167.3,0,69,14:46:25
7.61,-1.66,86.7,659.8,-143.9,0,69,14:46:30
7.67,-1.43,86.7,665,-124,0,69,14:46:35
7.67,-1.47,86.7,665,-127.4,0,69,14:46:40
7.67,-1.31,86.7,665,-113.6,0,68,14:46:45
7.64,-0.35,86.5,660.9,-30.3,0,68,14:46:50
7.69,-0.97,86.6,666,-84,0,68,14:46:55
7.69,-0.36,86.5,665.2,-31.1,0,68,14:47:00
7.68,0.42,86.4,663.6,36.3,0,68,14:47:05
7.73,0.67,86.3,667.1,57.8,0,68,14:47:10
7.76,0.74,86.3,669.7,63.9,0,67,14:47:15
7.72,0.79,86.3,666.2,68.2,0,67,14:47:20
7.73,1.33,86.2,666.3,114.6,0,67,14:47:25
7.74,1.21,86.2,667.2,104.3,0,67,14:47:30
7.76,2.54,85.9,666.6,218.2,0,67,14:47:35
7.8,2.48,86,670.8,213.3,0,67,14:47:40
7.81,2.46,86,671.7,211.6,0,66,14:47:45
7.8,2.03,86.1,671.6,174.8,0,66,14:47:50
7.8,2.18,86,670.8,187.5,0,66,14:47:55
7.78,2.28,86,669.1,196.1,0,66,14:48:00
7.73,1.72,86.1,665.6,148.1,0,67,14:48:05
7.69,0.88,86.2,662.9,75.9,0,67,14:48:10
7.67,1.18,86.2,661.2,101.7,0,67,14:48:15
7.64,1.08,86.1,657.8,93,0,67,14:48:20
7.61,0.38,86.3,656.7,32.8,0,67,14:48:25
7.56,1.04,86.2,651.7,89.6,0,67,14:48:30
7.58,1.01,86.2,653.4,87.1,0,67,14:48:35
7.5,0.58,86.3,647.3,50.1,0,67,14:48:40
7.28,0.12,86.3,628.3,10.4,0,68,14:48:45
7.32,0.13,86.4,632.4,11.2,0,68,14:48:50
7.51,0.36,86.3,648.1,31.1,0,68,14:48:55
7.41,0.7,86.3,639.5,60.4,0,67,14:49:00
7.33,0.45,86.3,632.6,38.8,0,67,14:49:05
7.36,0.13,86.4,635.9,11.2,0,68,14:49:10
7.46,-0.21,86.5,645.3,-18.2,0,68,14:49:15
7.4,-0.34,86.5,640.1,-29.4,0,68,14:49:20
7.34,0.23,86.4,634.2,19.9,0,67,14:49:25
7.57,1.43,86.2,652.5,123.3,0,67,14:49:30
7.27,1.15,86.2,626.7,99.1,0,67,14:49:35
7.29,0.38,86.4,629.9,32.8,0,67,14:49:40
7.3,1.43,86.2,629.3,123.3,0,67,14:49:45
7.28,1.07,86.2,627.5,92.2,0,67,14:49:50
7.22,0.24,86.4,623.8,20.7,0,68,14:49:55
7.24,0.07,86.4,625.5,6,0,68,14:50:00
7.26,0.3,86.4,627.3,25.9,0,67,14:50:05
7.26,1.45,86.1,625.1,124.8,0,67,14:50:10
7.18,1.08,86.2,618.9,93.1,0,68,14:50:15
7.17,0.44,86.3,618.8,38,0,68,14:50:20
7.12,0.49,86.3,614.5,42.3,0,68,14:50:25
6.86,0.13,86.4,592.7,11.2,0,68,14:50:30
7.06,-0.36,86.5,610.7,-31.1,0,68,14:50:35
7.1,-0.09,86.4,613.4,-7.8,0,68,14:50:40
7.03,0.13,86.4,607.4,11.2,0,68,14:50:45
6.89,0.43,86.4,595.3,37.2,0,68,14:50:50
6.92,1.37,86.2,596.5,118.1,0,67,14:50:55
6.97,1.74,86.1,600.1,149.8,0,67,14:51:00
7.02,1.83,86.1,604.4,157.6,0,67,14:51:05
7.14,1.58,86.1,614.8,136,0,66,14:51:10
7.04,2.4,86,605.4,206.4,0,66,14:51:15
7.12,5.01,85.4,608,427.9,0,65,14:51:20
7.12,5.8,85.2,606.6,494.2,0,65,14:51:25
7.09,4.56,85.5,606.2,389.9,0,64,14:51:30
7.22,7.04,84.9,613,597.7,0,64,14:51:35
7.24,7.83,84.8,614,664,0,64,14:51:40
7.13,8.39,84.6,603.2,709.8,0,64,14:51:45
7.24,7.86,84.6,612.5,665,0,63,14:51:50
7.34,6,85,623.9,510,0,63,14:51:55
7.31,6.06,85.1,622.1,515.7,0,63,14:52:00
7.32,9.08,84.3,617.1,765.4,0,63,14:52:05
7.42,6.1,85,630.7,518.5,0,63,14:52:10
7.38,8.82,84.3,622.1,743.5,0,63,14:52:15
7.37,8.36,84.5,622.8,706.4,0,63,14:52:20
7.29,6.32,84.9,618.9,536.6,0,63,14:52:25
7.35,8.74,84.2,618.9,735.9,0,63,14:52:30
7.33,6.87,84.8,621.6,582.6,0,63,14:52:35
7.4,7.74,84.4,624.6,653.3,0,63,14:52:40
7.35,5.19,85,624.8,441.2,0,63,14:52:45
7.36,4.88,85.1,626.3,415.3,0,64,14:52:50
7.26,4.58,85.2,618.6,390.2,0,64,14:52:55
7.32,4.93,85.1,622.9,419.5,0,64,14:53:00
7.23,4.19,85.3,616.7,357.4,0,64,14:53:05
7.15,6.08,84.7,605.6,515,0,64,14:53:10
7.13,3.83,85.2,607.5,326.3,0,65,14:53:15
7.12,3.32,85.3,607.3,283.2,0,65,14:53:20
7,3.83,85.2,596.4,326.3,0,66,14:53:25
7.06,2.14,85.6,604.3,183.2,0,66,14:53:30
7.01,1.37,85.7,600.8,117.4,0,67,14:53:35
7,1.88,85.6,599.2,160.9,0,67,14:53:40
7.03,1.93,85.7,602.5,165.4,0,67,14:53:45
7,0.66,85.9,601.3,56.7,0,67,14:53:50
7.15,1.41,85.7,612.8,120.8,0,67,14:53:55
7.11,2.07,85.7,609.3,177.4,0,67,14:54:00
7.11,0.76,86,611.5,65.4,0,67,14:54:05
7.16,1.68,85.7,613.6,144,0,67,14:54:10
7.11,0.96,85.9,610.7,82.5,0,67,14:54:15
7.18,1.32,85.8,616,113.3,0,67,14:54:20
7.17,1.35,85.9,615.9,116,0,67,14:54:25
7.16,0.83,85.9,615,71.3,0,67,14:54:30
7.13,1.18,85.9,612.5,101.4,0,67,14:54:35
7.08,1.18,85.9,608.2,101.4,0,67,14:54:40
7.1,2.09,85.7,608.5,179.1,0,67,14:54:45
7.09,1.17,85.9,609,100.5,0,67,14:54:50
7.17,0.71,85.9,615.9,61,0,67,14:54:55
7.19,0.7,86,618.3,60.2,0,67,14:55:00
7.23,1.01,85.9,621.1,86.8,0,67,14:55:05
7.1,0.67,86,610.6,57.6,0,67,14:55:10
7.18,1.84,85.7,615.3,157.7,0,67,14:55:15
7.18,2.17,85.7,615.3,186,0,67,14:55:20
7.16,1.29,85.9,615,110.8,0,67,14:55:25
7.25,1.02,85.9,622.8,87.6,0,66,14:55:30
7.08,1.6,85.8,607.5,137.3,0,67,14:55:35
7.09,2.26,85.6,606.9,193.5,0,66,14:55:40
7.09,2.68,85.6,606.9,229.4,0,67,14:55:45
7.13,2.39,85.7,611,204.8,0,66,14:55:50
7.25,2.64,85.6,620.6,226,0,66,14:55:55
7.16,3.24,85.4,611.5,276.7,0,66,14:56:00
7.16,3.15,85.5,612.2,269.3,0,66,14:56:05
7.07,2.5,85.6,605.2,214,0,66,14:56:10
7.04,1.5,85.9,604.7,128.9,0,67,14:56:15
7.07,0.88,85.9,607.3,75.6,0,67,14:56:20
7.13,1.77,85.8,611.8,151.9,0,67,14:56:25
7.11,0.96,85.9,610.7,82.5,0,67,14:56:30
7,1.37,85.8,600.6,117.5,0,67,14:56:35
7.03,2.39,85.6,601.8,204.6,0,67,14:56:40
7.07,2.45,85.6,605.2,209.7,0,66,14:56:45
7.1,2.64,85.6,607.8,226,0,66,14:56:50
7.09,2.9,85.5,606.2,248,0,66,14:56:55
7.05,3.13,85.4,602.1,267.3,0,66,14:57:00
7.08,3.28,85.4,604.6,280.1,0,66,14:57:05
7.16,1.98,85.7,613.6,169.7,0,66,14:57:10
7.08,3.04,85.5,605.3,259.9,0,66,14:57:15
7.08,3.41,85.3,603.9,290.9,0,66,14:57:20
7.11,2,85.7,609.3,171.4,0,66,14:57:25
7.26,3.58,85.4,620,305.7,0,66,14:57:30
7.15,2.3,85.6,612,196.9,0,66,14:57:35
7.21,3.87,85.3,615,330.1,0,66,14:57:40
7.13,2.44,85.6,610.3,208.9,0,65,14:57:45
7.19,3.71,85.2,612.6,316.1,0,65,14:57:50
7.21,5.01,85,612.9,425.9,0,65,14:57:55
7.22,5.2,85,613.7,442,0,65,14:58:00
7.13,5.45,84.9,605.3,462.7,0,65,14:58:05
7.17,4.75,85,609.5,403.8,0,65,14:58:10
6.8,-31.36,91.5,622.2,-2869.4,0,60,14:58:15
7.48,18.77,82.8,619.3,1554.2,0,49,14:58:20
6.79,-25.61,90.6,615.2,-2320.3,0,45,14:58:25
7.67,14.81,83.4,639.7,1235.2,0,49,14:58:30
7.52,1.54,85.7,644.5,132,0,52,14:58:35
7.32,-6.52,87.1,637.6,-567.9,0,49,14:58:40
7.33,-6.53,87.2,639.2,-569.4,0,46,14:58:45
7.33,0.04,86.2,631.8,3.4,0,45,14:58:50
7.38,0,86.2,636.2,0,0,44,14:58:55
7.55,10.32,84.2,635.7,868.9,0,46,14:59:00
7.57,9.54,84.2,637.4,803.3,0,51,14:59:05
7.44,7.62,84.5,628.7,643.9,0,54,14:59:10
7.58,17.01,82.9,628.4,1410.1,0,57,14:59:15
7.25,9.1,84.1,609.7,765.3,0,61,14:59:20
7.08,1.88,85.5,605.3,160.7,0,63,14:59:25
6.77,-30.9,91.4,618.8,-2824.3,0,51,14:59:30
7.56,17.5,83,627.5,1452.5,0,49,14:59:35
7.61,18.17,82.7,629.3,1502.7,0,57,14:59:40
7.12,9.31,84,598.1,782,0,62,14:59:45
7.13,3.66,85.2,607.5,311.8,0,64,14:59:50
7.07,2.13,85.5,604.5,182.1,0,66,14:59:55
7.12,3.09,85.3,607.3,263.6,0,66,15:00:00
7.05,2.92,85.2,600.7,248.8,0,66,15:00:05
6.99,2.44,85.4,596.9,208.4,0,66,15:00:10
7,1.54,85.6,599.2,131.8,0,66,15:00:15
7.07,1.25,85.7,605.9,107.1,0,66,15:00:20
7.03,1.33,85.6,601.8,113.8,0,66,15:00:25
7.07,1.63,85.6,605.2,139.5,0,66,15:00:30
6.96,1.8,85.5,595.1,153.9,0,67,15:00:35
6.99,2.13,85.5,597.6,182.1,0,67,15:00:40
7.14,2.14,85.5,610.5,183,0,67,15:00:45
6.83,1.69,85.6,584.6,144.7,0,67,15:00:50
7.05,0.84,85.8,604.9,72.1,0,67,15:00:55
6.93,-6.45,87.1,603.6,-561.8,0,66,15:01:00
6.91,-6.14,87.1,601.9,-534.8,0,63,15:01:05
6.95,-6.14,87.1,605.3,-534.8,0,61,15:01:10
7.04,1.27,85.9,604.7,109.1,0,60,15:01:15
7.02,1.29,85.7,601.6,110.6,0,60,15:01:20
6.9,-6.12,87.1,601,-533.1,0,59,15:01:25
6.85,-6.08,87.1,596.6,-529.6,0,57,15:01:30
6.73,-5.15,87,585.5,-448.1,0,55,15:01:35
6.83,-4.89,87,594.2,-425.4,0,53,15:01:40
6.82,-4.87,87,593.3,-423.7,0,52,15:01:45
6.82,-2.78,86.8,592,-241.3,0,52,15:01:50
6.78,-2.71,86.7,587.8,-235,0,52,15:01:55
6.82,-2.75,86.7,591.3,-238.4,0,52,15:02:00
6.79,-2.7,86.7,588.7,-234.1,0,51,15:02:05
6.87,-2.77,86.8,596.3,-240.4,0,50,15:02:10
7.1,4.08,85.4,606.3,348.4,0,51,15:02:15
6.97,6.17,85,592.5,524.5,0,54,15:02:20
7.03,6.08,85,597.6,516.8,0,57,15:02:25
7.12,5.31,85,605.2,451.4,0,59,15:02:30
7.2,4.93,85.1,612.7,419.5,0,60,15:02:35
7.14,5.01,85.1,607.6,426.4,0,61,15:02:40
7.07,4.46,85.2,602.4,380,0,62,15:02:45
7.12,3.99,85.3,607.3,340.3,0,62,15:02:50
7.06,2.87,85.4,602.9,245.1,0,62,15:02:55
7.02,-2.3,86.4,606.5,-198.7,0,60,15:03:00
6.86,-9.38,87.7,601.6,-822.6,0,52,15:03:05
6.89,-6.13,87.1,600.1,-533.9,0,49,15:03:10
7.34,19.05,82.7,607,1575.4,0,53,15:03:15
7.25,16.3,83,601.8,1352.9,0,59,15:03:20
7.44,18.83,82.4,613.1,1551.6,0,63,15:03:25
7.28,7.82,84.3,613.7,659.2,0,66,15:03:30
7.2,1.42,85.5,615.6,121.4,0,66,15:03:35
7.15,2.5,85.4,610.6,213.5,0,66,15:03:40
7.02,3.3,85.2,598.1,281.2,0,66,15:03:45
6.98,2.02,85.5,596.8,172.7,0,66,15:03:50
6.93,3.81,85,589.1,323.9,0,66,15:03:55
6.95,1.88,85.5,594.2,160.7,0,66,15:04:00
6.93,3.17,85.3,591.1,270.4,0,66,15:04:05
7,2.93,85.2,596.4,249.6,0,66,15:04:10
6.9,1.72,85.6,590.6,147.2,0,66,15:04:15
6.94,3.43,85.2,591.3,292.2,0,66,15:04:20
6.88,2.76,85.2,586.2,235.2,0,66,15:04:25
6.95,1.86,85.4,593.5,158.8,0,66,15:04:30
6.86,1.51,85.5,586.5,129.1,0,66,15:04:35
6.92,1.28,85.6,592.4,109.6,0,66,15:04:40
6.89,1.19,85.6,589.8,101.9,0,66,15:04:45
6.98,1.05,85.6,597.5,89.9,0,67,15:04:50
6.94,1.67,85.5,593.4,142.8,0,67,15:04:55
6.93,2.2,85.4,591.8,187.9,0,67,15:05:00
6.99,1.11,85.7,599,95.1,0,67,15:05:05
6.88,1.2,85.8,590.3,103,0,66,15:05:10
6.76,1.87,85.5,578,159.9,0,66,15:05:15
6.81,4.55,84.9,578.2,386.3,0,65,15:05:20
7.07,3.63,85.2,602.4,309.3,0,65,15:05:25
6.9,2.27,85.4,589.3,193.9,0,65,15:05:30
6.97,4.23,85,592.5,359.6,0,65,15:05:35
6.8,4.69,84.9,577.3,398.2,0,65,15:05:40
6.98,4.04,85.1,594,343.8,0,65,15:05:45
6.88,3.58,85.2,586.2,305,0,65,15:05:50
6.87,2.28,85.4,586.7,194.7,0,65,15:05:55
7.02,3.81,85,596.7,323.9,0,65,15:06:00
6.86,2.27,85.4,585.8,193.9,0,66,15:06:05
6.86,3.74,85,583.1,317.9,0,65,15:06:10
7.01,4.64,84.8,594.4,393.5,0,65,15:06:15
6.96,3.49,85.2,593,297.3,0,65,15:06:20
6.99,2.2,85.4,596.9,187.9,0,65,15:06:25
6.86,3.83,85,583.1,325.6,0,66,15:06:30
6.75,2.02,85.4,576.5,172.5,0,66,15:06:35
7.01,0.98,85.6,600.1,83.9,0,66,15:06:40
6.95,0.88,85.6,594.9,75.3,0,66,15:06:45
6.91,1.03,85.6,591.5,88.2,0,66,15:06:50
6.8,1.42,85.5,581.4,121.4,0,66,15:06:55
6.84,2.23,85.4,584.1,190.4,0,66,15:07:00
6.83,3.36,85.1,581.2,285.9,0,66,15:07:05
6.75,2.84,85.1,574.4,241.7,0,66,15:07:10
6.92,2,85.3,590.3,170.6,0,66,15:07:15
6.78,1.6,85.4,579,136.6,0,66,15:07:20
6.94,1.1,85.5,593.4,94.1,0,66,15:07:25
6.92,1.3,85.5,591.7,111.2,0,66,15:07:30
6.91,2.05,85.4,590.1,175.1,0,66,15:07:35
7.03,2.89,85.2,599,246.2,0,66,15:07:40
7.01,2.55,85.2,597.3,217.3,0,66,15:07:45
6.72,1.94,85.3,573.2,165.5,0,66,15:07:50
6.8,1.2,85.5,581.4,102.6,0,66,15:07:55
6.95,1.1,85.5,594.2,94.1,0,66,15:08:00
6.88,1.28,85.5,588.2,109.4,0,66,15:08:05
6.72,1.23,85.5,574.6,105.2,0,66,15:08:10
7,0.86,85.6,599.2,73.6,0,66,15:08:15
6.88,1.23,85.5,588.2,105.2,0,66,15:08:20
6.8,1.57,85.5,581.4,134.2,0,66,15:08:25
6.89,3.18,85.1,586.3,270.6,0,66,15:08:30
6.76,2.51,85.2,576,213.9,0,66,15:08:35
6.95,2.62,85.3,592.8,223.5,0,66,15:08:40
6.81,3.28,85.1,579.5,279.1,0,66,15:08:45
6.9,1.85,85.4,589.3,158,0,66,15:08:50
6.92,3.41,85,588.2,289.9,0,66,15:08:55
6.99,1.63,85.4,596.9,139.2,0,66,15:09:00
6.87,1.85,85.4,586.7,158,0,66,15:09:05
6.9,3.82,85,586.5,324.7,0,66,15:09:10
6.9,1.86,85.4,589.3,158.8,0,66,15:09:15
6.74,3.92,84.9,572.2,332.8,0,66,15:09:20
6.73,1.76,85.4,574.7,150.3,0,66,15:09:25
6.92,3.98,84.9,587.5,337.9,0,65,15:09:30
6.75,2.48,85.3,575.8,211.5,0,65,15:09:35
6.73,3.01,85,572.1,255.9,0,65,15:09:40
6.74,3.74,85,572.9,317.9,0,66,15:09:45
6.62,2.14,85.2,564,182.3,0,66,15:09:50
6.69,4.14,84.9,568,351.5,0,66,15:09:55
6.79,1.99,85.3,579.2,169.7,0,65,15:10:00
6.71,3.72,84.9,569.7,315.8,0,65,15:10:05
6.79,4.19,84.9,576.5,355.7,0,65,15:10:10
6.76,2.9,85.2,576,247.1,0,65,15:10:15
6.76,2.29,85.2,576,195.1,0,65,15:10:20
6.75,3.4,84.9,573.1,288.7,0,65,15:10:25
6.7,4.55,84.7,567.5,385.4,0,65,15:10:30
6.55,5,84.6,554.1,423,0,65,15:10:35
6.65,4.64,84.7,563.3,393,0,65,15:10:40
6.63,5.19,84.6,560.9,439.1,0,65,15:10:45
6.63,4.88,84.7,561.6,413.3,0,65,15:10:50
6.62,4.91,84.6,560.1,415.4,0,65,15:10:55
6.63,4.53,84.7,561.6,383.7,0,65,15:11:00
6.76,4.23,84.8,573.2,358.7,0,65,15:11:05
6.73,3.62,84.9,571.4,307.3,0,65,15:11:10
6.74,2.45,85.2,574.2,208.7,0,65,15:11:15
6.66,2.31,85.1,566.8,196.6,0,65,15:11:20
6.75,3.48,84.8,572.4,295.1,0,65,15:11:25
6.69,4.33,84.6,566,366.3,0,65,15:11:30
6.62,4.39,84.6,560.1,371.4,0,65,15:11:35
6.63,3.79,84.8,562.2,321.4,0,65,15:11:40
6.61,2.92,85.1,562.5,248.5,0,65,15:11:45
6.66,2.22,85.1,566.8,188.9,0,65,15:11:50
6.59,2.8,85,560.2,238,0,65,15:11:55
6.53,3.29,84.8,553.7,279,0,65,15:12:00
6.38,4.3,84.6,539.7,363.8,0,65,15:12:05
6.48,4.67,84.5,547.6,394.6,0,65,15:12:10
6.35,5.4,84.4,535.9,455.8,0,65,15:12:15
6.45,5.29,84.4,544.4,446.5,0,65,15:12:20
6.54,4.29,84.6,553.3,362.9,0,65,15:12:25
6.36,4.17,84.6,538.1,352.8,0,65,15:12:30
6.47,3.49,84.7,548,295.6,0,65,15:12:35
6.47,2.8,85,550,238,0,65,15:12:40
6.52,3.6,84.9,553.5,305.6,0,65,15:12:45
6.33,4.62,84.6,535.5,390.9,0,65,15:12:50
6.53,5.1,84.4,551.1,430.4,0,65,15:12:55
6.5,5.24,84.3,548,441.7,0,65,15:13:00
6.44,4.1,84.6,544.8,346.9,0,65,15:13:05
6.44,3.04,84.8,546.1,257.8,0,65,15:13:10
6.6,3.41,84.8,559.7,289.2,0,65,15:13:15
6.37,5.64,84.3,537,475.5,0,65,15:13:20
6.39,4.3,84.5,540,363.4,0,65,15:13:25
6.43,2.97,84.9,545.9,252.2,0,65,15:13:30
6.5,4.55,84.6,549.9,384.9,0,65,15:13:35
6.44,5.63,84.2,542.2,474,0,64,15:13:40
6.61,5.16,84.4,557.9,435.5,0,64,15:13:45
6.29,6.67,84.2,529.6,561.6,0,63,15:13:50
6.48,7.44,83.8,543,623.5,0,63,15:13:55
6.4,6.12,84.2,538.9,515.3,0,63,15:14:00
6.46,7.78,83.7,540.7,651.2,0,63,15:14:05
6.1,5.96,84,512.4,500.6,0,64,15:14:10
6.18,6.19,84,519.1,520,0,64,15:14:15
6.07,5.6,84.3,511.7,472.1,0,64,15:14:20
6.09,3.96,84.5,514.6,334.6,0,64,15:14:25
6.04,6.48,84,507.4,544.3,0,64,15:14:30
6.15,3.7,84.6,520.3,313,0,64,15:14:35
6.33,5.56,84.1,532.4,467.6,0,64,15:14:40
5.88,6.28,84.1,494.5,528.1,0,64,15:14:45
6.45,3.55,84.6,545.7,300.3,0,64,15:14:50
6.32,5.39,84.1,531.5,453.3,0,64,15:14:55
5.74,6.94,83.9,481.6,582.3,0,64,15:15:00
5.49,5.01,84.4,463.4,422.8,0,64,15:15:05
5.82,4.12,84.4,491.2,347.7,0,64,15:15:10
6.05,5.63,84,508.2,472.9,0,64,15:15:15
6.37,6.44,83.9,534.4,540.3,0,64,15:15:20
6.02,6.74,83.8,504.5,564.8,0,64,15:15:25
5.81,7.15,83.7,486.3,598.5,0,64,15:15:30
6.11,6.98,83.8,512,584.9,0,64,15:15:35
5.66,6.78,83.8,474.3,568.2,0,64,15:15:40
5.94,5.07,84.3,500.7,427.4,0,64,15:15:45
5.63,5.11,84.2,474,430.3,0,64,15:15:50
5.54,7.08,83.8,464.3,593.3,0,64,15:15:55
5.36,8.08,83.5,447.6,674.7,0,63,15:16:00
5.71,7.02,83.6,477.4,586.9,0,64,15:16:05
5.61,7.1,83.7,469.6,594.3,0,64,15:16:10
5.42,6.56,83.9,454.7,550.4,0,64,15:16:15
5.29,6.62,83.9,443.8,555.4,0,64,15:16:20
5.18,7.98,83.5,432.5,666.3,0,63,15:16:25
5.49,7.16,83.6,459,598.6,0,63,15:16:30
5.67,5.04,84,476.3,423.4,0,63,15:16:35
5.35,7.37,83.7,447.8,616.9,0,63,15:16:40
5.72,7.39,83.5,477.6,617.1,0,63,15:16:45
5.55,5.65,83.8,465.1,473.5,0,64,15:16:50
5.59,4.85,84,469.6,407.4,0,64,15:16:55
5.67,4.79,84,476.3,402.4,0,64,15:17:00
5.67,4.81,84.1,476.8,404.5,0,63,15:17:05
5.6,5.21,84,470.4,437.6,0,64,15:17:10
5.6,6.53,83.8,469.3,547.2,0,64,15:17:15
5.7,7.04,83.6,476.5,588.5,0,64,15:17:20
6.2,7.19,83.6,518.3,601.1,0,64,15:17:25
6.1,6.8,83.6,510,568.5,0,64,15:17:30
6.24,5.97,83.7,522.3,499.7,0,64,15:17:35
5.67,6.03,83.7,474.6,504.7,0,64,15:17:40
5.72,6.18,83.7,478.8,517.3,0,64,15:17:45
5.69,5.79,83.7,476.3,484.6,0,64,15:17:50
5.53,5.67,83.7,462.9,474.6,0,64,15:17:55
5.59,4.92,83.9,469,412.8,0,63,15:18:00
6.21,4.37,84.1,522.3,367.5,0,63,15:18:05
5.53,7.34,83.5,461.8,612.9,0,63,15:18:10
5.66,7.01,83.4,472,584.6,0,63,15:18:15
5.84,4.78,83.9,490,401,0,63,15:18:20
6.13,5.7,83.8,513.7,477.7,0,63,15:18:25
5.98,7.27,83.4,498.7,606.3,0,63,15:18:30
5.9,6.78,83.4,492.1,565.5,0,63,15:18:35
5.9,4.64,84,495.6,389.8,0,63,15:18:40
6.07,5.53,83.8,508.7,463.4,0,63,15:18:45
6.07,6.05,83.7,508.1,506.4,0,64,15:18:50
5.85,5.37,83.8,490.2,450,0,64,15:18:55
5.62,4.44,84.1,472.6,373.4,0,64,15:19:00
5.68,3.51,84.1,477.7,295.2,0,64,15:19:05
5.89,5.41,83.7,493,452.8,0,64,15:19:10
6.07,5.74,83.7,508.1,480.4,0,64,15:19:15
6.21,6.06,83.7,519.8,507.2,0,63,15:19:20
6,7.13,83.3,499.8,593.9,0,63,15:19:25
5.73,7.39,83.5,478.5,617.1,0,63,15:19:30
5.62,5.62,83.7,470.4,470.4,0,63,15:19:35
5.64,6.55,83.4,470.4,546.3,0,63,15:19:40
5.51,8.11,83.2,458.4,674.8,0,63,15:19:45
5.8,4.94,83.7,485.5,413.5,0,63,15:19:50
5.59,4.39,83.9,469,368.3,0,64,15:19:55
6.01,3.74,84.1,505.4,314.5,0,64,15:20:00
5.54,3.57,84.1,465.9,300.2,0,64,15:20:05
5.77,4.82,83.7,482.9,403.4,0,64,15:20:10
5.59,6.38,83.5,466.8,532.7,0,64,15:20:15
5.56,5.05,83.8,465.9,423.2,0,64,15:20:20
5.53,3.36,84,464.5,282.2,0,64,15:20:25
5.6,6.1,83.5,467.6,509.4,0,64,15:20:30
5.53,4.9,83.8,463.4,410.6,0,64,15:20:35
5.73,3.64,83.9,480.7,305.4,0,64,15:20:40
5.96,4.41,84,500.6,370.4,0,64,15:20:45
6.19,3.94,83.9,519.3,330.6,0,64,15:20:50
6.21,3.09,84.2,522.9,260.2,0,64,15:20:55
6.17,4.76,83.7,516.4,398.4,0,65,15:21:00
5.82,0.33,84.6,492.4,27.9,0,64,15:21:05
6.05,-5.2,85.6,517.9,-445.1,0,63,15:21:10
6.17,-5.46,85.9,530,-469,0,58,15:21:15
6.03,-4.75,85.7,516.8,-407.1,0,56,15:21:20
5.97,-4.56,85.8,512.2,-391.2,0,53,15:21:25
5.95,3.5,84.3,501.6,295.1,0,52,15:21:30
6.21,3.24,84.3,523.5,273.1,0,53,15:21:35
6.29,3.19,84.3,530.2,268.9,0,54,15:21:40
6.11,3.35,84.2,514.5,282.1,0,55,15:21:45
5.89,3.51,84.2,495.9,295.5,0,55,15:21:50
5.95,3.47,84.2,501,292.2,0,56,15:21:55
5.92,3.48,84.2,498.5,293,0,56,15:22:00
5.93,3.49,84.2,499.3,293.9,0,57,15:22:05
6.2,2.47,84.3,522.7,208.2,0,57,15:22:10
6.3,2.16,84.4,531.7,182.3,0,58,15:22:15
6.35,2.16,84.4,535.9,182.3,0,57,15:22:20
6.05,2.41,84.3,510,203.2,0,58,15:22:25
6.19,2.27,84.3,521.8,191.4,0,57,15:22:30
6.21,2.27,84.3,523.5,191.4,0,57,15:22:35
6.02,2.46,84.3,507.5,207.4,0,57,15:22:40
6.09,2.34,84.3,513.4,197.3,0,57,15:22:45
6.04,2.38,84.3,509.2,200.6,0,57,15:22:50
6.11,2.35,84.3,515.1,198.1,0,57,15:22:55
6.05,2.5,84.3,510,210.8,0,57,15:23:00
6.2,2.3,84.3,522.7,193.9,0,56,15:23:05
6.17,3.31,84.2,519.5,278.7,0,56,15:23:10
6.09,3.37,84.2,512.8,283.8,0,57,15:23:15
6.07,3.27,84.2,511.1,275.3,0,58,15:23:20
6.17,3.21,84.2,519.5,270.3,0,59,15:23:25
6.07,2.9,84.2,511.1,244.2,0,61,15:23:30
6.07,2.52,84.3,511.7,212.4,0,62,15:23:35
6.1,2.19,84.4,514.8,184.8,0,63,15:23:40
6.15,2.08,84.4,519.1,175.6,0,64,15:23:45
6.28,-0.66,84.9,533.2,-56,0,63,15:23:50
6.15,-0.72,85,522.8,-61.2,0,62,15:23:55
6.14,-0.68,85,521.9,-57.8,0,61,15:24:00
6.26,-0.86,85,532.1,-73.1,0,60,15:24:05
6.28,-0.85,85,533.8,-72.3,0,60,15:24:10
6.34,2.09,84.5,535.7,176.6,0,60,15:24:15
6.27,2.16,84.5,529.8,182.5,0,60,15:24:20
6.32,2.1,84.5,534,177.5,0,60,15:24:25
6.29,2.13,84.4,530.9,179.8,0,60,15:24:30
6.2,1.27,84.6,524.5,107.4,0,61,15:24:35
6.05,1.34,84.6,511.8,113.4,0,61,15:24:40
5.97,2.4,84.3,503.3,202.3,0,60,15:24:45
5.8,2.57,84.3,488.9,216.7,0,60,15:24:50
6.13,2.28,84.3,516.8,192.2,0,60,15:24:55
6.14,2.29,84.3,517.6,193,0,59,15:25:00
6.13,2.28,84.3,516.8,192.2,0,58,15:25:05
5.97,2.41,84.3,503.3,203.2,0,57,15:25:10
6.44,2.97,84.2,542.2,250.1,0,56,15:25:15
6.45,5.94,83.6,539.2,496.6,0,56,15:25:20
6.33,6.77,83.4,527.9,564.6,0,56,15:25:25
6.35,7.93,83.1,527.7,659,0,58,15:25:30
6.42,7.83,83.1,533.5,650.7,0,59,15:25:35
6.09,6.45,83.4,507.9,537.9,0,61,15:25:40
6.33,6.67,83.2,526.7,554.9,0,62,15:25:45
6.1,2.06,84.2,513.6,173.5,0,62,15:25:50
6.18,1.15,84.4,521.6,97.1,0,62,15:25:55
5.95,1.34,84.4,502.2,113.1,0,61,15:26:00
6.06,1.25,84.5,512.1,105.6,0,60,15:26:05
6.14,1.21,84.5,518.8,102.2,0,59,15:26:10
6.05,1.28,84.4,510.6,108,0,58,15:26:15
5.78,1.53,84.3,487.3,129,0,57,15:26:20
6.1,4.24,83.9,511.8,355.7,0,57,15:26:25
6.18,4.13,83.9,518.5,346.5,0,57,15:26:30
6.02,4.25,83.8,504.5,356.2,0,58,15:26:35
6.2,5.1,83.6,518.3,426.4,0,59,15:26:40
6.12,3.18,84,514.1,267.1,0,60,15:26:45
6.03,3.37,84,506.5,283.1,0,60,15:26:50
5.96,3.15,84,500.6,264.6,0,61,15:26:55
5.84,2.47,84.2,491.7,208,0,62,15:27:00
5.57,3.09,83.9,467.3,259.3,0,62,15:27:05
5.87,2,84.2,494.3,168.4,0,62,15:27:10
5.64,2.04,84.2,474.9,171.8,0,62,15:27:15
5.46,1.76,84.3,460.3,148.4,0,62,15:27:20
5.2,-28.56,89.8,467,-2564.7,0,56,15:27:25
5.08,-28.11,90,457.2,-2529.9,0,46,15:27:30
5.32,-8.85,86.6,460.7,-766.4,0,36,15:27:35
5.25,-11.53,87.1,457.3,-1004.3,0,31,15:27:40
5.64,-11.22,87.1,491.2,-977.3,0,23,15:27:45
5.99,-5.28,86.1,515.7,-454.6,0,18,15:27:50
5.08,-4.45,85.9,436.4,-382.3,0,15,15:27:55
4.99,-4.35,85.9,428.6,-373.7,0,7,15:28:00
5.11,-4.45,85.9,438.9,-382.3,0,0,15:28:05
5.27,-4.63,86,453.2,-398.2,0,0,15:28:10
5.28,-4.63,86,454.1,-398.2,0,0,15:28:15
5.38,-4.72,86,462.7,-405.9,0,0,15:28:20
5.44,-4.76,86,467.8,-409.4,0,0,15:28:25
5.47,-4.81,86,470.4,-413.7,0,0,15:28:30
5.47,-4.81,86,470.4,-413.7,0,0,15:28:35
5.48,-4.81,86.1,471.8,-414.1,0,0,15:28:40
5.48,-4.84,86.2,472.4,-417.2,0,0,15:28:45
5.46,-4.82,86.2,470.7,-415.5,0,0,15:28:50
5.47,-4.82,86.1,471,-415,0,0,15:28:55
5.46,-4.81,86.2,470.7,-414.6,0,0,15:29:00
5.46,-4.81,86.2,470.7,-414.6,0,0,15:29:05
5.46,-4.8,86.2,470.7,-413.8,0,0,15:29:10
5.36,-4.71,86.2,462,-406,0,0,15:29:15
5.44,-4.8,86.2,468.9,-413.8,0,0,15:29:20
5.44,-4.79,86.2,468.9,-412.9,0,0,15:29:25
5.42,-4.77,86.2,467.2,-411.2,0,0,15:29:30
5.41,-4.76,86.2,466.3,-410.3,0,0,15:29:35
5.43,-4.78,86.2,468.1,-412,0,0,15:29:40
5.41,-4.76,86.2,466.3,-410.3,0,0,15:29:45
5.43,-4.77,86.2,468.1,-411.2,0,0,15:29:50
5.42,-4.77,86.2,467.2,-411.2,0,0,15:29:55
5.45,-4.8,86.2,469.8,-413.8,0,0,15:30:00
5.45,-4.8,86.2,469.8,-413.8,0,0,15:30:05
5.42,-4.77,86.2,467.2,-411.2,0,0,15:30:10
5.31,-4.67,86.2,457.7,-402.6,0,0,15:30:15
5.39,-4.74,86.2,464.6,-408.6,0,0,15:30:20
5.44,-4.8,86.3,469.5,-414.2,0,0,15:30:25
5.51,-4.85,86.3,475.5,-418.6,0,0,15:30:30
5.48,-4.83,86.3,472.9,-416.8,0,0,15:30:35
5.43,-4.77,86.3,468.6,-411.7,0,0,15:30:40
5.44,-4.79,86.3,469.5,-413.4,0,0,15:30:45
5.08,-4.45,86.2,437.9,-383.6,0,0,15:30:50
5.41,-4.75,86.3,466.9,-409.9,0,0,15:30:55
5.4,-4.75,86.3,466,-409.9,0,0,15:31:00
5.4,-4.75,86.3,466,-409.9,0,0,15:31:05
6.03,-5.35,86.5,521.6,-462.8,0,0,15:31:10
7.29,-6.52,86.6,631.3,-564.6,0,0,15:31:15
8.32,-7.47,86.8,722.2,-648.4,0,0,15:31:20
9.04,-8.13,86.9,785.6,-706.5,0,0,15:31:25
9.49,-8.55,87.1,826.6,-744.7,0,0,15:31:30
9.72,-8.75,87.1,846.6,-762.1,0,0,15:31:35
9.96,-8.99,87.1,867.5,-783,0,0,15:31:40
10.12,-9.14,87.2,882.5,-797,0,0,15:31:45
10.16,-9.17,87.2,886,-799.6,0,0,15:31:50
10.12,-9.14,87.3,883.5,-797.9,0,0,15:31:55
10.18,-9.19,87.2,887.7,-801.4,0,0,15:32:00
10.27,-9.28,87.4,897.6,-811.1,0,0,15:32:05
10.35,-9.34,87.4,904.6,-816.3,0,0,15:32:10
10.45,-9.45,87.4,913.3,-825.9,0,0,15:32:15
10.61,-9.58,87.4,927.3,-837.3,0,0,15:32:20
10.95,-9.91,87.5,958.1,-867.1,0,0,15:32:25
11.31,-9.84,87.5,989.6,-861,0,0,15:32:30
11.6,-10.06,87.7,1017.3,-882.3,0,0,15:32:35
11.89,-10.36,87.7,1042.8,-908.6,0,0,15:32:40
11.95,-10.37,87.7,1048,-909.4,0,0,15:32:45
11.97,-10.42,87.7,1049.8,-913.8,0,0,15:32:50
11.94,-10.37,87.7,1047.1,-909.4,0,0,15:32:55
11.6,-10.08,87.7,1017.3,-884,0,0,15:33:00
11.3,-9.94,87.7,991,-871.7,0,0,15:33:05
10.65,-9.52,87.6,932.9,-834,0,0,15:33:10
11.36,-10,87.7,996.3,-877,0,0,15:33:15
10.97,-9.76,87.7,962.1,-856,0,0,15:33:20
11.42,-9.95,87.8,1002.7,-873.6,0,0,15:33:25
11.51,-10.09,87.8,1010.6,-885.9,0,0,15:33:30
11.92,-10.34,87.9,1047.8,-908.9,0,0,15:33:35
11.91,-10.36,88,1048.1,-911.7,0,0,15:33:40
11.9,-10.36,88,1047.2,-911.7,0,0,15:33:45
11.87,-10.36,88,1044.6,-911.7,0,0,15:33:50
11.89,-10.36,88,1046.3,-911.7,0,0,15:33:55
11.12,-9.8,87.9,977.4,-861.4,0,0,15:34:00
9.67,-8.72,87.7,848.1,-764.7,0,0,15:34:05
11.83,-10.33,88,1041,-909,0,0,15:34:10
10.65,-9.55,87.8,935.1,-838.5,0,0,15:34:15
11.27,-9.87,87.9,990.6,-867.6,0,0,15:34:20
10.74,-9.66,87.8,943,-848.1,0,0,15:34:25
9.24,-8.32,87.7,810.3,-729.7,0,0,15:34:30
10.04,-9.07,87.7,880.5,-795.4,0,0,15:34:35
11.75,-10.22,88,1034,-899.4,0,0,15:34:40
9.73,-8.78,87.7,853.3,-770,0,0,15:34:45
9.07,-8.15,87.6,794.5,-713.9,0,0,15:34:50
11.57,-10.07,88,1018.2,-886.2,0,0,15:34:55
11.24,-9.89,88,989.1,-870.3,0,0,15:35:00
9.54,-8.6,87.8,837.6,-755.1,0,0,15:35:05
9.36,-8.43,87.7,820.9,-739.3,0,0,15:35:10
11.42,-9.94,88,1005,-874.7,0,0,15:35:15
11.73,-10.21,88.1,1033.4,-899.5,0,0,15:35:20
11.37,-9.94,88.1,1001.7,-875.7,0,0,15:35:25
8.7,-7.81,87.7,763,-684.9,0,0,15:35:30
9.73,-8.78,87.8,854.3,-770.9,0,0,15:35:35
10.79,-9.66,88,949.5,-850.1,0,0,15:35:40
10.27,-9.27,87.9,902.7,-814.8,0,0,15:35:45
10.48,-9.48,88,922.2,-834.2,0,0,15:35:50
11.67,-10.19,88.2,1029.3,-898.8,0,0,15:35:55
11.71,-10.21,88.3,1034,-901.5,0,0,15:36:00
11.71,-10.21,88.3,1034,-901.5,0,0,15:36:05
11.71,-10.21,88.3,1034,-901.5,0,0,15:36:10
11.69,-10.18,88.3,1032.2,-898.9,0,0,15:36:15
11.68,-10.21,88.3,1031.3,-901.5,0,0,15:36:20
11.72,-10.21,88.3,1034.9,-901.5,0,0,15:36:25
11.72,-10.21,88.3,1034.9,-901.5,0,0,15:36:30
11.72,-10.21,88.3,1034.9,-901.5,0,0,15:36:35
11.73,-10.22,88.3,1035.8,-902.4,0,0,15:36:40
11.7,-10.21,88.4,1034.3,-902.6,0,0,15:36:45
11.68,-10.21,88.4,1032.5,-902.6,0,0,15:36:50
11.67,-10.15,88.4,1031.6,-897.3,0,0,15:36:55
11.7,-10.21,88.4,1034.3,-902.6,0,0,15:37:00
11.68,-10.21,88.4,1032.5,-902.6,0,0,15:37:05
11.68,-10.18,88.4,1032.5,-899.9,0,0,15:37:10
11.69,-10.21,88.4,1033.4,-902.6,0,0,15:37:15
11.7,-10.18,88.4,1034.3,-899.9,0,0,15:37:20
11.67,-10.16,88.4,1031.6,-898.1,0,0,15:37:25
11.66,-10.15,88.5,1031.9,-898.3,0,0,15:37:30
11.65,-10.18,88.5,1031,-900.9,0,0,15:37:35
11.66,-10.16,88.5,1031.9,-899.2,0,0,15:37:40
11.63,-10.1,88.5,1029.3,-893.9,0,0,15:37:45
11.61,-10.07,88.5,1027.5,-891.2,0,0,15:37:50
11.62,-10.1,88.5,1028.4,-893.9,0,0,15:37:55
11.61,-10.09,88.6,1028.6,-894,0,0,15:38:00
11.62,-10.07,88.5,1028.4,-891.2,0,0,15:38:05
11.61,-10.07,88.6,1028.6,-892.2,0,0,15:38:10
11.65,-10.15,88.6,1032.2,-899.3,0,0,15:38:15
11.61,-10.07,88.6,1028.6,-892.2,0,0,15:38:20
11.6,-10.07,88.6,1027.8,-892.2,0,0,15:38:25
11.61,-10.09,88.6,1028.6,-894,0,0,15:38:30
11.59,-10.06,88.6,1026.9,-891.3,0,0,15:38:35
11.6,-10.06,88.6,1027.8,-891.3,0,0,15:38:40
11.6,-10.06,88.6,1027.8,-891.3,0,0,15:38:45
11.6,-10.06,88.6,1027.8,-891.3,0,0,15:38:50
11.6,-10.07,88.7,1028.9,-893.2,0,0,15:38:55
11.62,-10.1,88.7,1030.7,-895.9,0,0,15:39:00
11.57,-10.06,88.6,1025.1,-891.3,0,0,15:39:05
11.58,-10.06,88.7,1027.1,-892.3,0,0,15:39:10
11.57,-10.06,88.7,1026.3,-892.3,0,0,15:39:15
11.58,-10.06,88.7,1027.1,-892.3,0,0,15:39:20
11.56,-10.06,88.7,1025.4,-892.3,0,0,15:39:25
11.56,-10.06,88.6,1024.2,-891.3,0,0,15:39:30
11.57,-10.06,88.7,1026.3,-892.3,0,0,15:39:35
11.57,-10.06,88.8,1027.4,-893.3,0,0,15:39:40
11.55,-10.06,88.8,1025.6,-893.3,0,0,15:39:45
11.56,-10.06,88.8,1026.5,-893.3,0,0,15:39:50
11.56,-10.06,88.8,1026.5,-893.3,0,0,15:39:55
11.55,-10.06,88.8,1025.6,-893.3,0,0,15:40:00
11.56,-10.06,88.8,1026.5,-893.3,0,0,15:40:05
11.55,-10.05,88.9,1026.8,-893.4,0,0,15:40:10
11.54,-10.06,88.9,1025.9,-894.3,0,0,15:40:15
11.55,-10.06,88.9,1026.8,-894.3,0,0,15:40:20
11.55,-10.06,88.9,1026.8,-894.3,0,0,15:40:25
11.53,-10.06,88.9,1025,-894.3,0,0,15:40:30
11.53,-10.06,88.9,1025,-894.3,0,0,15:40:35
11.53,-10.06,88.9,1025,-894.3,0,0,15:40:40
11.54,-10.06,88.9,1025.9,-894.3,0,0,15:40:45
11.53,-10.06,88.9,1025,-894.3,0,0,15:40:50
11.53,-10.06,88.9,1025,-894.3,0,0,15:40:55
11.52,-10.06,88.9,1024.1,-894.3,0,0,15:41:00
11.5,-10.04,88.9,1022.4,-892.6,0,0,15:41:05
11.52,-10.06,88.9,1024.1,-894.3,0,0,15:41:10
11.5,-10.04,88.9,1022.4,-892.6,0,0,15:41:15
11.5,-10.02,88.9,1022.4,-890.8,0,0,15:41:20
11.49,-10.01,89,1022.6,-890.9,0,0,15:41:25
11.5,-10.06,89,1023.5,-895.3,0,0,15:41:30
11.49,-10.06,89,1022.6,-895.3,0,0,15:41:35
11.5,-10.04,89,1023.5,-893.6,0,0,15:41:40
11.49,-10.01,89,1022.6,-890.9,0,0,15:41:45
11.5,-10.04,89,1023.5,-893.6,0,0,15:41:50
11.48,-10.01,89,1021.7,-890.9,0,0,15:41:55
11.47,-9.99,89,1020.8,-889.1,0,0,15:42:00
11.48,-9.98,89,1021.7,-888.2,0,0,15:42:05
11.47,-9.99,89.1,1022,-890.1,0,0,15:42:10
11.48,-10.02,89.1,1022.9,-892.8,0,0,15:42:15
11.47,-9.99,89.1,1022,-890.1,0,0,15:42:20
11.47,-9.99,89.1,1022,-890.1,0,0,15:42:25
11.47,-10.02,89.1,1022,-892.8,0,0,15:42:30
11.46,-9.96,89.2,1022.2,-888.4,0,0,15:42:35
11.45,-9.96,89.2,1021.3,-888.4,0,0,15:42:40
11.48,-9.99,89.2,1024,-891.1,0,0,15:42:45
11.47,-9.98,89.2,1023.1,-890.2,0,0,15:42:50
11.47,-9.99,89.2,1023.1,-891.1,0,0,15:42:55
11.46,-9.99,89.2,1022.2,-891.1,0,0,15:43:00
11.48,-9.99,89.2,1024,-891.1,0,0,15:43:05
11.48,-9.94,89.2,1024,-886.6,0,0,15:43:10
11.48,-10.01,89.2,1024,-892.9,0,0,15:43:15
11.47,-10.02,89.2,1023.1,-893.8,0,0,15:43:20
11.47,-9.99,89.2,1023.1,-891.1,0,0,15:43:25
11.48,-10.01,89.2,1024,-892.9,0,0,15:43:30
11.47,-9.99,89.2,1023.1,-891.1,0,0,15:43:35
11.44,-9.99,89.2,1020.4,-891.1,0,0,15:43:40
11.47,-9.99,89.2,1023.1,-891.1,0,0,15:43:45
11.45,-9.98,89.2,1021.3,-890.2,0,0,15:43:50
11.45,-9.94,89.3,1022.5,-887.6,0,0,15:43:55
11.45,-9.99,89.3,1022.5,-892.1,0,0,15:44:00
11.45,-9.99,89.3,1022.5,-892.1,0,0,15:44:05
11.44,-9.96,89.3,1021.6,-889.4,0,0,15:44:10
11.43,-9.93,89.3,1020.7,-886.7,0,0,15:44:15
11.44,-9.96,89.3,1021.6,-889.4,0,0,15:44:20
11.45,-9.94,89.3,1022.5,-887.6,0,0,15:44:25
11.44,-9.96,89.4,1022.7,-890.4,0,0,15:44:30
11.41,-9.91,89.3,1018.9,-885,0,0,15:44:35
11.44,-10.01,89.4,1022.7,-894.9,0,0,15:44:40
11.43,-9.9,89.4,1021.8,-885.1,0,0,15:44:45
11.43,-9.91,89.4,1021.8,-886,0,0,15:44:50
11.42,-9.91,89.4,1020.9,-886,0,0,15:44:55
11.42,-9.93,89.5,1022.1,-888.7,0,0,15:45:00
11.39,-9.9,89.5,1019.4,-886.1,0,0,15:45:05
11.39,-9.9,89.4,1018.3,-885.1,0,0,15:45:10
11.41,-9.9,89.4,1020.1,-885.1,0,0,15:45:15
11.4,-9.9,89.5,1020.3,-886.1,0,0,15:45:20
11.42,-9.94,89.5,1022.1,-889.6,0,0,15:45:25
11.4,-9.9,89.5,1020.3,-886.1,0,0,15:45:30
11.37,-9.9,89.5,1017.6,-886.1,0,0,15:45:35
11.37,-9.9,89.5,1017.6,-886.1,0,0,15:45:40
11.36,-9.9,89.5,1016.7,-886.1,0,0,15:45:45
11.36,-9.9,89.5,1016.7,-886.1,0,0,15:45:50
11.35,-9.9,89.5,1015.8,-886.1,0,0,15:45:55
11.37,-9.9,89.5,1017.6,-886.1,0,0,15:46:00
11.37,-9.9,89.5,1017.6,-886.1,0,0,15:46:05
11.38,-9.9,89.5,1018.5,-886.1,0,0,15:46:10
11.4,-9.9,89.5,1020.3,-886.1,0,0,15:46:15
11.39,-9.9,89.5,1019.4,-886.1,0,0,15:46:20
11.36,-9.9,89.6,1017.9,-887,0,0,15:46:25
11.38,-9.9,89.6,1019.6,-887,0,0,15:46:30
11.36,-9.9,89.5,1016.7,-886.1,0,0,15:46:35
11.33,-9.87,89.6,1015.2,-884.4,0,0,15:46:40
11.35,-9.9,89.6,1017,-887,0,0,15:46:45
11.38,-9.9,89.6,1019.6,-887,0,0,15:46:50
11.36,-9.9,89.6,1017.9,-887,0,0,15:46:55
11.34,-9.9,89.6,1016.1,-887,0,0,15:47:00
11.34,-9.9,89.6,1016.1,-887,0,0,15:47:05
11.36,-9.9,89.6,1017.9,-887,0,0,15:47:10
11.38,-9.9,89.6,1019.6,-887,0,0,15:47:15
11.37,-9.9,89.6,1018.8,-887,0,0,15:47:20
11.37,-9.9,89.6,1018.8,-887,0,0,15:47:25
11.35,-9.88,89.7,1018.1,-886.2,0,0,15:47:30
11.33,-9.84,89.6,1015.2,-881.7,0,0,15:47:35
11.34,-9.9,89.7,1017.2,-888,0,0,15:47:40
11.37,-9.88,89.7,1019.9,-886.2,0,0,15:47:45
11.34,-9.87,89.7,1017.2,-885.3,0,0,15:47:50
11.33,-9.9,89.8,1017.4,-889,0,0,15:47:55
11.35,-9.88,89.8,1019.2,-887.2,0,0,15:48:00
11.31,-9.85,89.7,1014.5,-883.5,0,0,15:48:05
11.33,-9.88,89.8,1017.4,-887.2,0,0,15:48:10
11.33,-9.87,89.7,1016.3,-885.3,0,0,15:48:15
11.3,-9.81,89.8,1014.7,-880.9,0,0,15:48:20
11.32,-9.84,89.8,1016.5,-883.6,0,0,15:48:25
11.3,-9.84,89.8,1014.7,-883.6,0,0,15:48:30
11.3,-9.81,89.8,1014.7,-880.9,0,0,15:48:35
11.3,-9.76,89.8,1014.7,-876.4,0,0,15:48:40
11.31,-9.84,89.8,1015.6,-883.6,0,0,15:48:45
11.28,-9.75,89.8,1012.9,-875.6,0,0,15:48:50
11.28,-9.76,89.8,1012.9,-876.4,0,0,15:48:55
11.28,-9.75,89.8,1012.9,-875.6,0,0,15:49:00
11.3,-9.79,89.8,1014.7,-879.1,0,0,15:49:05
11.28,-9.78,89.8,1012.9,-878.2,0,0,15:49:10
11.27,-9.78,89.8,1012,-878.2,0,0,15:49:15
11.26,-9.75,89.8,1011.1,-875.6,0,0,15:49:20
11.27,-9.75,89.8,1012,-875.6,0,0,15:49:25
11.25,-9.75,89.8,1010.3,-875.6,0,0,15:49:30
11.25,-9.75,89.9,1011.4,-876.5,0,0,15:49:35
11.25,-9.75,89.9,1011.4,-876.5,0,0,15:49:40
11.25,-9.76,89.9,1011.4,-877.4,0,0,15:49:45
11.25,-9.76,89.9,1011.4,-877.4,0,0,15:49:50
11.22,-9.75,89.9,1008.7,-876.5,0,0,15:49:55
11.23,-9.76,89.9,1009.6,-877.4,0,0,15:50:00
11.2,-9.73,90,1008,-875.7,0,0,15:50:05
11.23,-9.75,90,1010.7,-877.5,0,0,15:50:10
11.22,-9.75,90,1009.8,-877.5,0,0,15:50:15
11.22,-9.75,90,1009.8,-877.5,0,0,15:50:20
11.21,-9.75,90,1008.9,-877.5,0,0,15:50:25
11.22,-9.75,90,1009.8,-877.5,0,0,15:50:30
11.22,-9.75,90,1009.8,-877.5,0,0,15:50:35
11.22,-9.75,90,1009.8,-877.5,0,0,15:50:40
11.21,-9.75,90,1008.9,-877.5,0,0,15:50:45
11.22,-9.75,90,1009.8,-877.5,0,0,15:50:50
11.25,-9.75,90,1012.5,-877.5,0,0,15:50:55
11.23,-9.75,90,1010.7,-877.5,0,0,15:51:00
11.19,-9.75,90,1007.1,-877.5,0,0,15:51:05
11.2,-9.75,90,1008,-877.5,0,0,15:51:10
11.2,-9.75,90,1008,-877.5,0,0,15:51:15
11.2,-9.75,90,1008,-877.5,0,0,15:51:20
11.2,-9.75,90,1008,-877.5,0,0,15:51:25
11.19,-9.76,90,1007.1,-878.4,0,0,15:51:30
11.2,-9.75,90,1008,-877.5,0,0,15:51:35
11.21,-9.75,90.1,1010,-878.5,0,0,15:51:40
11.17,-9.72,90.1,1006.4,-875.8,0,0,15:51:45
11.17,-9.75,90.1,1006.4,-878.5,0,0,15:51:50
11.18,-9.75,90.1,1007.3,-878.5,0,0,15:51:55
11.17,-9.73,90.1,1006.4,-876.7,0,0,15:52:00
11.15,-9.7,90,1003.5,-873,0,0,15:52:05
11.15,-9.72,90.1,1004.6,-875.8,0,0,15:52:10
11.14,-9.7,90.1,1003.7,-874,0,0,15:52:15
11.12,-9.64,90.1,1001.9,-868.6,0,0,15:52:20
11.14,-9.73,90.1,1003.7,-876.7,0,0,15:52:25
11.14,-9.69,90.1,1003.7,-873.1,0,0,15:52:30
11.12,-9.66,90.1,1001.9,-870.4,0,0,15:52:35
11.14,-9.7,90.1,1003.7,-874,0,0,15:52:40
11.12,-9.7,90.1,1001.9,-874,0,0,15:52:45
11.13,-9.69,90.1,1002.8,-873.1,0,0,15:52:50
11.14,-9.73,90.1,1003.7,-876.7,0,0,15:52:55
11.15,-9.7,90.1,1004.6,-874,0,0,15:53:00
11.13,-9.7,90.1,1002.8,-874,0,0,15:53:05
11.13,-9.66,90.1,1002.8,-870.4,0,0,15:53:10
11.12,-9.69,90.2,1003,-874,0,0,15:53:15
11.09,-9.61,90.1,999.2,-865.9,0,0,15:53:20
11.13,-9.7,90.2,1003.9,-874.9,0,0,15:53:25
11.08,-9.61,90.1,998.3,-865.9,0,0,15:53:30
11.09,-9.65,90.1,999.2,-869.5,0,0,15:53:35
11.09,-9.64,90.2,1000.3,-869.5,0,0,15:53:40
11.1,-9.63,90.2,1001.2,-868.6,0,0,15:53:45
11.1,-9.64,90.3,1002.3,-870.5,0,0,15:53:50
11.08,-9.6,90.3,1000.5,-866.9,0,0,15:53:55
11.09,-9.71,90.3,1001.4,-876.8,0,0,15:54:00
11.07,-9.72,90.3,999.6,-877.7,0,0,15:54:05
11.06,-9.75,90.3,998.7,-880.4,0,0,15:54:10
11.07,-9.64,90.3,999.6,-870.5,0,0,15:54:15
11.08,-9.68,90.3,1000.5,-874.1,0,0,15:54:20
11.07,-9.64,90.3,999.6,-870.5,0,0,15:54:25
11.06,-9.8,90.3,998.7,-884.9,0,0,15:54:30
11.05,-9.8,90.3,997.8,-884.9,0,0,15:54:35
11.05,-9.87,90.3,997.8,-891.3,0,0,15:54:40
11.05,-9.79,90.3,997.8,-884,0,0,15:54:45
11.06,-9.72,90.3,998.7,-877.7,0,0,15:54:50
11.06,-9.8,90.3,998.7,-884.9,0,0,15:54:55
11.04,-9.87,90.3,996.9,-891.3,0,0,15:55:00
11.06,-9.68,90.3,998.7,-874.1,0,0,15:55:05
11.06,-9.72,90.3,998.7,-877.7,0,0,15:55:10
11.03,-10,90.3,996,-903,0,0,15:55:15
11.04,-9.88,90.3,996.9,-892.2,0,0,15:55:20
11.02,-9.94,90.3,995.1,-897.6,0,0,15:55:25
11.06,-9.84,90.3,998.7,-888.6,0,0,15:55:30
11.05,-9.83,90.3,997.8,-887.6,0,0,15:55:35
11.01,-9.98,90.3,994.2,-901.2,0,0,15:55:40
11.05,-9.92,90.3,997.8,-895.8,0,0,15:55:45
11.01,-9.98,90.4,995.3,-902.2,0,0,15:55:50
11.03,-9.9,90.3,996,-894,0,0,15:55:55
11,-9.97,90.3,993.3,-900.3,0,0,15:56:00
11.01,-9.96,90.4,995.3,-900.4,0,0,15:56:05
11,-9.95,90.4,994.4,-899.5,0,0,15:56:10
11.02,-9.97,90.4,996.2,-901.3,0,0,15:56:15
11,-9.96,90.4,994.4,-900.4,0,0,15:56:20
11.03,-9.98,90.4,997.1,-902.2,0,0,15:56:25
10.99,-9.94,90.4,993.5,-898.6,0,0,15:56:30
10.98,-9.94,90.4,992.6,-898.6,0,0,15:56:35
11,-9.96,90.4,994.4,-900.4,0,0,15:56:40
11.01,-9.95,90.4,995.3,-899.5,0,0,15:56:45
11,-9.96,90.4,994.4,-900.4,0,0,15:56:50
10.97,-9.93,90.4,991.7,-897.7,0,0,15:56:55
10.97,-9.93,90.4,991.7,-897.7,0,0,15:57:00
11.02,-9.96,90.4,996.2,-900.4,0,0,15:57:05
11.01,-9.97,90.4,995.3,-901.3,0,0,15:57:10
11,-9.96,90.4,994.4,-900.4,0,0,15:57:15
11.01,-9.96,90.4,995.3,-900.4,0,0,15:57:20
11.02,-9.92,90.4,996.2,-896.8,0,0,15:57:25
11.02,-9.93,90.4,996.2,-897.7,0,0,15:57:30
11.01,-9.96,90.4,995.3,-900.4,0,0,15:57:35
11.02,-9.98,90.5,997.3,-903.2,0,0,15:57:40
11.01,-9.92,90.5,996.4,-897.8,0,0,15:57:45
11.02,-9.9,90.4,996.2,-895,0,0,15:57:50
10.99,-9.95,90.5,994.6,-900.5,0,0,15:57:55
10.97,-9.93,90.4,991.7,-897.7,0,0,15:58:00
10.99,-9.95,90.5,994.6,-900.5,0,0,15:58:05
10.98,-9.94,90.5,993.7,-899.6,0,0,15:58:10
10.99,-9.95,90.5,994.6,-900.5,0,0,15:58:15
10.96,-9.93,90.5,991.9,-898.7,0,0,15:58:20
10.97,-9.93,90.5,992.8,-898.7,0,0,15:58:25
10.95,-9.91,90.5,991,-896.9,0,0,15:58:30
10.93,-9.9,90.5,989.2,-896,0,0,15:58:35
10.94,-9.9,90.6,991.2,-896.9,0,0,15:58:40
10.95,-9.91,90.5,991,-896.9,0,0,15:58:45
10.97,-9.93,90.6,993.9,-899.7,0,0,15:58:50
10.95,-9.9,90.6,992.1,-896.9,0,0,15:58:55
11.24,-9.75,90.6,1018.3,-883.4,0,0,15:59:00
11.22,-9.75,90.6,1016.5,-883.4,0,0,15:59:05
11.23,-9.75,90.6,1017.4,-883.4,0,0,15:59:10
11.24,-9.75,90.6,1018.3,-883.4,0,0,15:59:15
11.21,-9.75,90.6,1015.6,-883.4,0,0,15:59:20
11.21,-9.75,90.6,1015.6,-883.4,0,0,15:59:25
11.22,-9.75,90.6,1016.5,-883.4,0,0,15:59:30
11.19,-9.75,90.6,1013.8,-883.4,0,0,15:59:35
11.19,-9.75,90.6,1013.8,-883.4,0,0,15:59:40
11.19,-9.75,90.6,1013.8,-883.4,0,0,15:59:45
11.2,-9.75,90.6,1014.7,-883.4,0,0,15:59:50
11.2,-9.75,90.6,1014.7,-883.4,0,0,15:59:55
11.2,-9.75,90.7,1015.8,-884.3,0,0,16:00:00
11.18,-9.75,90.6,1012.9,-883.4,0,0,16:00:05
11.2,-9.76,90.7,1015.8,-885.2,0,0,16:00:10
11.19,-9.73,90.6,1013.8,-881.5,0,0,16:00:15
11.2,-9.75,90.7,1015.8,-884.3,0,0,16:00:20
11.21,-9.75,90.7,1016.7,-884.3,0,0,16:00:25
11.23,-9.75,90.6,1017.4,-883.4,0,0,16:00:30
11.21,-9.75,90.7,1016.7,-884.3,0,0,16:00:35
11.21,-9.75,90.6,1015.6,-883.4,0,0,16:00:40
11.21,-9.75,90.7,1016.7,-884.3,0,0,16:00:45
11.2,-9.73,90.7,1015.8,-882.5,0,0,16:00:50
11.2,-9.75,90.7,1015.8,-884.3,0,0,16:00:55
11.17,-9.75,90.7,1013.1,-884.3,0,0,16:01:00
11.2,-9.75,90.7,1015.8,-884.3,0,0,16:01:05
11.17,-9.75,90.7,1013.1,-884.3,0,0,16:01:10
11.19,-9.75,90.7,1014.9,-884.3,0,0,16:01:15
11.18,-9.75,90.7,1014,-884.3,0,0,16:01:20
11.16,-9.75,90.7,1012.2,-884.3,0,0,16:01:25
11.13,-9.75,90.7,1009.5,-884.3,0,0,16:01:30
11.16,-9.73,90.7,1012.2,-882.5,0,0,16:01:35
11.15,-9.72,90.7,1011.3,-881.6,0,0,16:01:40
11.15,-9.72,90.7,1011.3,-881.6,0,0,16:01:45
11.15,-9.72,90.7,1011.3,-881.6,0,0,16:01:50
11.14,-9.66,90.7,1010.4,-876.2,0,0,16:01:55
11.12,-9.67,90.7,1008.6,-877.1,0,0,16:02:00
11.13,-9.67,90.7,1009.5,-877.1,0,0,16:02:05
11.12,-9.64,90.7,1008.6,-874.3,0,0,16:02:10
11.11,-9.67,90.7,1007.7,-877.1,0,0,16:02:15
11.12,-9.66,90.8,1009.7,-877.1,0,0,16:02:20
11.12,-9.64,90.8,1009.7,-875.3,0,0,16:02:25
11.11,-9.66,90.8,1008.8,-877.1,0,0,16:02:30
11.07,-9.64,90.8,1005.2,-875.3,0,0,16:02:35
11.11,-9.63,90.8,1008.8,-874.4,0,0,16:02:40
11.1,-9.63,90.8,1007.9,-874.4,0,0,16:02:45
11.08,-9.65,90.8,1006.1,-876.2,0,0,16:02:50
11.08,-9.69,90.8,1006.1,-879.9,0,0,16:02:55
11.09,-9.69,90.9,1008.1,-880.8,0,0,16:03:00
11.09,-9.61,90.9,1008.1,-873.5,0,0,16:03:05
11.08,-9.64,90.9,1007.2,-876.3,0,0,16:03:10
11.07,-9.61,90.9,1006.3,-873.5,0,0,16:03:15
11.07,-9.73,90.8,1005.2,-883.5,0,0,16:03:20
11.07,-9.68,90.9,1006.3,-879.9,0,0,16:03:25
11.05,-9.88,90.9,1004.4,-898.1,0,0,16:03:30
11.06,-9.84,90.9,1005.4,-894.5,0,0,16:03:35
11.04,-9.91,90.9,1003.5,-900.8,0,0,16:03:40
11.06,-9.81,90.9,1005.4,-891.7,0,0,16:03:45
11.05,-9.81,90.9,1004.4,-891.7,0,0,16:03:50
11.01,-9.97,90.9,1000.8,-906.3,0,0,16:03:55
11.05,-9.96,90.9,1004.4,-905.4,0,0,16:04:00
11.02,-9.96,90.9,1001.7,-905.4,0,0,16:04:05
11.01,-9.92,90.9,1000.8,-901.7,0,0,16:04:10
11.03,-9.94,90.9,1002.6,-903.5,0,0,16:04:15
11.04,-9.98,90.9,1003.5,-907.2,0,0,16:04:20
11.04,-9.87,90.9,1003.5,-897.2,0,0,16:04:25
11.03,-9.98,90.9,1002.6,-907.2,0,0,16:04:30
11.03,-9.99,90.9,1002.6,-908.1,0,0,16:04:35
11.04,-9.83,90.9,1003.5,-893.5,0,0,16:04:40
11.02,-9.97,90.9,1001.7,-906.3,0,0,16:04:45
11.01,-9.92,90.9,1000.8,-901.7,0,0,16:04:50
11.02,-9.94,90.9,1001.7,-903.5,0,0,16:04:55
11.02,-9.98,90.9,1001.7,-907.2,0,0,16:05:00
11.03,-9.99,90.9,1002.6,-908.1,0,0,16:05:05
11.03,-9.99,90.9,1002.6,-908.1,0,0,16:05:10
11.03,-9.99,90.9,1002.6,-908.1,0,0,16:05:15
11.02,-9.98,90.9,1001.7,-907.2,0,0,16:05:20
11.03,-9.98,90.9,1002.6,-907.2,0,0,16:05:25
11.02,-9.93,90.9,1001.7,-902.6,0,0,16:05:30
11.01,-9.97,90.9,1000.8,-906.3,0,0,16:05:35
11.02,-9.96,90.9,1001.7,-905.4,0,0,16:05:40
11.02,-9.97,91,1002.8,-907.3,0,0,16:05:45
11.01,-9.97,90.9,1000.8,-906.3,0,0,16:05:50
11.01,-9.96,91,1001.9,-906.4,0,0,16:05:55
10.97,-9.93,91,998.3,-903.6,0,0,16:06:00
10.98,-9.94,91,999.2,-904.5,0,0,16:06:05
10.97,-9.93,90.9,997.2,-902.6,0,0,16:06:10
10.99,-9.94,91,1000.1,-904.5,0,0,16:06:15
10.99,-9.94,91,1000.1,-904.5,0,0,16:06:20
10.98,-9.93,91,999.2,-903.6,0,0,16:06:25
10.98,-9.93,91,999.2,-903.6,0,0,16:06:30
10.97,-9.93,91,998.3,-903.6,0,0,16:06:35
10.96,-9.92,91,997.4,-902.7,0,0,16:06:40
10.96,-9.92,91,997.4,-902.7,0,0,16:06:45
10.98,-9.94,91,999.2,-904.5,0,0,16:06:50
10.96,-9.93,91,997.4,-903.6,0,0,16:06:55
10.96,-9.92,91,997.4,-902.7,0,0,16:07:00
10.95,-9.9,91,996.5,-900.9,0,0,16:07:05
10.96,-9.92,91,997.4,-902.7,0,0,16:07:10
10.96,-9.92,91,997.4,-902.7,0,0,16:07:15
10.95,-9.91,91,996.5,-901.8,0,0,16:07:20
10.96,-9.92,91,997.4,-902.7,0,0,16:07:25
10.96,-9.91,91,997.4,-901.8,0,0,16:07:30
10.95,-9.91,91,996.5,-901.8,0,0,16:07:35
10.94,-9.9,91,995.5,-900.9,0,0,16:07:40
10.95,-9.9,91,996.5,-900.9,0,0,16:07:45
10.96,-9.92,91,997.4,-902.7,0,0,16:07:50
10.91,-9.88,91,992.8,-899.1,0,0,16:07:55
10.93,-9.9,91,994.6,-900.9,0,0,16:08:00
10.92,-9.88,91,993.7,-899.1,0,0,16:08:05
10.92,-9.89,91,993.7,-900,0,0,16:08:10
10.93,-9.9,91,994.6,-900.9,0,0,16:08:15
10.92,-9.89,91,993.7,-900,0,0,16:08:20
10.92,-9.88,91,993.7,-899.1,0,0,16:08:25
10.92,-9.89,91,993.7,-900,0,0,16:08:30
10.92,-9.89,91,993.7,-900,0,0,16:08:35
10.92,-9.88,91,993.7,-899.1,0,0,16:08:40
10.91,-9.87,91.1,993.9,-899.2,0,0,16:08:45
10.91,-9.86,91,992.8,-897.3,0,0,16:08:50
10.89,-9.84,91.1,992.1,-896.4,0,0,16:08:55
10.89,-9.85,91.1,992.1,-897.3,0,0,16:09:00
10.89,-9.85,91.1,992.1,-897.3,0,0,16:09:05
10.87,-9.84,91.1,990.3,-896.4,0,0,16:09:10
10.86,-9.82,91.2,990.4,-895.6,0,0,16:09:15
10.89,-9.84,91.1,992.1,-896.4,0,0,16:09:20
10.88,-9.84,91.1,991.2,-896.4,0,0,16:09:25
10.87,-9.83,91.2,991.3,-896.5,0,0,16:09:30
10.86,-9.82,91.1,989.3,-894.6,0,0,16:09:35
10.85,-9.81,91.2,989.5,-894.7,0,0,16:09:40
10.83,-9.8,91.2,987.7,-893.8,0,0,16:09:45
10.84,-9.8,91.2,988.6,-893.8,0,0,16:09:50
10.84,-9.8,91.2,988.6,-893.8,0,0,16:09:55
10.82,-9.79,91.2,986.8,-892.8,0,0,16:10:00
10.8,-9.77,91.2,985,-891,0,0,16:10:05
10.81,-9.78,91.2,985.9,-891.9,0,0,16:10:10
10.8,-9.77,91.2,985,-891,0,0,16:10:15
10.8,-9.77,91.1,983.9,-890,0,0,16:10:20
10.79,-9.76,91.2,984,-890.1,0,0,16:10:25
10.8,-9.76,91.2,985,-890.1,0,0,16:10:30
10.79,-9.76,91.2,984,-890.1,0,0,16:10:35
10.79,-9.76,91.2,984,-890.1,0,0,16:10:40
10.81,-9.77,91.2,985.9,-891,0,0,16:10:45
10.78,-9.76,91.2,983.1,-890.1,0,0,16:10:50
10.78,-9.75,91.2,983.1,-889.2,0,0,16:10:55
10.78,-9.75,91.2,983.1,-889.2,0,0,16:11:00
10.77,-9.74,91.2,982.2,-888.3,0,0,16:11:05
10.74,-9.72,91.2,979.5,-886.5,0,0,16:11:10
10.77,-9.74,91.2,982.2,-888.3,0,0,16:11:15
10.74,-9.72,91.2,979.5,-886.5,0,0,16:11:20
10.75,-9.73,91.2,980.4,-887.4,0,0,16:11:25
10.74,-9.72,91.2,979.5,-886.5,0,0,16:11:30
10.73,-9.71,91.2,978.6,-885.6,0,0,16:11:35
10.74,-9.72,91.2,979.5,-886.5,0,0,16:11:40
10.66,-9.64,91.2,972.2,-879.2,0,0,16:11:45
10.67,-9.64,91.2,973.1,-879.2,0,0,16:11:50
10.72,-9.7,91.2,977.7,-884.6,0,0,16:11:55
10.71,-9.69,91.2,976.8,-883.7,0,0,16:12:00
10.71,-9.69,91.2,976.8,-883.7,0,0,16:12:05
10.71,-9.68,91.2,976.8,-882.8,0,0,16:12:10
10.69,-9.66,91.2,974.9,-881,0,0,16:12:15
10.71,-9.68,91.2,976.8,-882.8,0,0,16:12:20
10.64,-9.62,91.2,970.4,-877.3,0,0,16:12:25
10.7,-9.68,91.2,975.8,-882.8,0,0,16:12:30
10.68,-9.66,91.2,974,-881,0,0,16:12:35
10.67,-9.66,91.3,974.2,-882,0,0,16:12:40
10.7,-9.68,91.3,976.9,-883.8,0,0,16:12:45
10.71,-9.68,91.3,977.8,-883.8,0,0,16:12:50
10.69,-9.66,91.3,976,-882,0,0,16:12:55
10.71,-9.69,91.3,977.8,-884.7,0,0,16:13:00
10.7,-9.67,91.3,976.9,-882.9,0,0,16:13:05
10.67,-9.65,91.3,974.2,-881,0,0,16:13:10
10.67,-9.65,91.3,974.2,-881,0,0,16:13:15
10.66,-9.63,91.2,972.2,-878.3,0,0,16:13:20
10.67,-9.65,91.3,974.2,-881,0,0,16:13:25
10.69,-9.66,91.3,976,-882,0,0,16:13:30
10.68,-9.65,91.3,975.1,-881,0,0,16:13:35
10.67,-9.64,91.3,974.2,-880.1,0,0,16:13:40
10.66,-9.64,91.3,973.3,-880.1,0,0,16:13:45
10.64,-9.62,91.3,971.4,-878.3,0,0,16:13:50
10.65,-9.63,91.3,972.3,-879.2,0,0,16:13:55
10.64,-9.61,91.3,971.4,-877.4,0,0,16:14:00
10.65,-9.63,91.3,972.3,-879.2,0,0,16:14:05
10.62,-9.6,91.3,969.6,-876.5,0,0,16:14:10
10.63,-9.6,91.3,970.5,-876.5,0,0,16:14:15
10.63,-9.6,91.3,970.5,-876.5,0,0,16:14:20
10.64,-9.61,91.3,971.4,-877.4,0,0,16:14:25
10.6,-9.58,91.3,967.8,-874.7,0,0,16:14:30
10.62,-9.6,91.3,969.6,-876.5,0,0,16:14:35
10.61,-9.58,91.3,968.7,-874.7,0,0,16:14:40
10.62,-9.61,91.3,969.6,-877.4,0,0,16:14:45
10.61,-9.6,91.3,968.7,-876.5,0,0,16:14:50
10.64,-9.62,91.3,971.4,-878.3,0,0,16:14:55
10.62,-9.59,91.3,969.6,-875.6,0,0,16:15:00
10.61,-9.59,91.3,968.7,-875.6,0,0,16:15:05
10.62,-9.6,91.3,969.6,-876.5,0,0,16:15:10
10.49,-9.47,91.3,957.7,-864.6,0,0,16:15:15
10.5,-9.49,91.3,958.7,-866.4,0,0,16:15:20
10.54,-9.52,91.3,962.3,-869.2,0,0,16:15:25
10.5,-9.49,91.3,958.7,-866.4,0,0,16:15:30
10.51,-9.49,91.3,959.6,-866.4,0,0,16:15:35
10.5,-9.5,91.3,958.7,-867.4,0,0,16:15:40
10.49,-9.48,91.3,957.7,-865.5,0,0,16:15:45
10.48,-9.47,91.3,956.8,-864.6,0,0,16:15:50
10.51,-9.5,91.3,959.6,-867.4,0,0,16:15:55
10.48,-9.47,91.3,956.8,-864.6,0,0,16:16:00
10.49,-9.47,91.4,958.8,-865.6,0,0,16:16:05
10.49,-9.48,91.3,957.7,-865.5,0,0,16:16:10
10.49,-9.48,91.4,958.8,-866.5,0,0,16:16:15
10.5,-9.49,91.4,959.7,-867.4,0,0,16:16:20
10.5,-9.49,91.4,959.7,-867.4,0,0,16:16:25
10.49,-9.48,91.5,959.8,-867.4,0,0,16:16:30
10.5,-9.49,91.5,960.8,-868.3,0,0,16:16:35
10.49,-9.48,91.5,959.8,-867.4,0,0,16:16:40
10.44,-9.44,91.4,954.2,-862.8,0,0,16:16:45
10.41,-9.41,91.4,951.5,-860.1,0,0,16:16:50
10.37,-9.37,91.4,947.8,-856.4,0,0,16:16:55
10.59,-9.57,91.5,969,-875.7,0,0,16:17:00
10.6,-9.58,91.5,969.9,-876.6,0,0,16:17:05
10.57,-9.56,91.5,967.2,-874.7,0,0,16:17:10
10.42,-9.41,91.5,953.4,-861,0,0,16:17:15
7.53,-6.73,91,685.2,-612.4,0,0,16:17:20
4.68,-4.08,90.6,424,-369.6,0,0,16:17:25
3.33,-2.84,90.4,301,-256.7,0,0,16:17:30
2.82,-2.35,90.4,254.9,-212.4,0,0,16:17:35
2.63,-2.19,90.3,237.5,-197.8,0,0,16:17:40
2.56,-2.12,90.3,231.2,-191.4,0,0,16:17:45
2.59,-2.15,90.3,233.9,-194.1,0,0,16:17:50
2.59,-2.13,90.2,233.6,-192.1,0,0,16:17:55
2.58,-2.14,90.3,233,-193.2,0,0,16:18:00
2.62,-2.18,90.3,236.6,-196.9,0,0,16:18:05
2.58,-2.14,90.3,233,-193.2,0,0,16:18:10
2.6,-2.15,90.3,234.8,-194.1,0,0,16:18:15
2.61,-2.16,90.1,235.2,-194.6,0,0,16:18:20
2.56,-2.12,90.1,230.7,-191,0,0,16:18:25
2.59,-2.15,90.1,233.4,-193.7,0,0,16:18:30
2.61,-2.15,90.1,235.2,-193.7,0,0,16:18:35
2.64,-2.19,90.1,237.9,-197.3,0,0,16:18:40
2.63,-2.18,90.1,237,-196.4,0,0,16:18:45
2.6,-2.15,90.1,234.3,-193.7,0,0,16:18:50
2.62,-2.18,90.1,236.1,-196.4,0,0,16:18:55
2.57,-2.13,90.1,231.6,-191.9,0,0,16:19:00
2.58,-2.13,90.1,232.5,-191.9,0,0,16:19:05
2.62,-2.16,90.1,236.1,-194.6,0,0,16:19:10
2.58,-2.14,90.1,232.5,-192.8,0,0,16:19:15
2.57,-2.12,90.1,231.6,-191,0,0,16:19:20
2.55,-2.12,90.1,229.8,-191,0,0,16:19:25
2.6,-2.15,90.1,234.3,-193.7,0,0,16:19:30
2.59,-2.12,90.1,233.4,-191,0,0,16:19:35
2.57,-2.11,90.1,231.6,-190.1,0,0,16:19:40
2.56,-2.1,90.1,230.7,-189.2,0,0,16:19:45
2.56,-2.09,90.1,230.7,-188.3,0,0,16:19:50
2.57,-2.09,90.1,231.6,-188.3,0,0,16:19:55
2.56,-1.41,90,230.4,-126.9,0,0,16:20:00
2.83,0.82,89.6,253.6,73.5,0,7,16:20:05
3.19,2.74,89.2,284.5,244.4,0,15,16:20:10
3.18,-0.31,89.8,285.6,-27.8,0,19,16:20:15
3,-1.1,89.9,269.7,-98.9,0,21,16:20:20
2.93,-6.22,90.7,265.8,-564.2,0,17,16:20:25
3.12,14.92,87.4,272.7,1304,0,18,16:20:30
2.56,15.43,87.2,223.2,1345.5,0,27,16:20:35
2.93,16.06,87.1,255.2,1398.8,0,39,16:20:40
2.88,15.05,87.1,250.8,1310.9,0,48,16:20:45
2.99,12.92,87.4,261.3,1129.2,0,54,16:20:50
2.87,5.65,88.5,254,500,0,58,16:20:55
2.85,3.05,88.9,253.4,271.1,0,60,16:21:00
2.71,0.99,89.2,241.7,88.3,0,60,16:21:05
2.81,0.96,89.3,250.9,85.7,0,59,16:21:10
2.89,3.58,88.9,256.9,318.3,0,58,16:21:15
2.7,4.02,88.9,240,357.4,0,59,16:21:20
2.69,4.08,88.8,238.9,362.3,0,60,16:21:25
2.75,4.01,88.8,244.2,356.1,0,61,16:21:30
2.74,4.01,88.8,243.3,356.1,0,62,16:21:35
2.76,3.93,88.8,245.1,349,0,62,16:21:40
2.74,3.68,88.8,243.3,326.8,0,63,16:21:45
2.8,1.95,89.1,249.5,173.7,0,63,16:21:50
2.76,1.08,89.2,246.2,96.3,0,62,16:21:55
2.73,1.09,89.2,243.5,97.2,0,61,16:22:00
2.78,1.03,89.3,248.3,92,0,59,16:22:05
2.76,3.95,88.9,245.4,351.2,0,57,16:22:10
2.75,4.96,88.6,243.7,439.5,0,57,16:22:15
2.7,5.78,88.4,238.7,511,0,57,16:22:20
2.82,5.87,88.4,249.3,518.9,0,57,16:22:25
2.87,5.84,88.4,253.7,516.3,0,58,16:22:30
2.87,6.79,88.3,253.4,599.6,0,59,16:22:35
2.87,6.8,88.3,253.4,600.4,0,60,16:22:40
2.78,6.88,88.3,245.5,607.5,0,61,16:22:45
2.8,6.86,88.3,247.2,605.7,0,61,16:22:50
2.77,5.14,88.5,245.1,454.9,0,62,16:22:55
2.8,4.85,88.6,248.1,429.7,0,62,16:23:00
2.82,4.87,88.6,249.9,431.5,0,62,16:23:05
2.81,4.84,88.6,249,428.8,0,62,16:23:10
2.73,4.04,88.6,241.9,357.9,0,62,16:23:15
2.88,2.28,88.9,256,202.7,0,62,16:23:20
2.91,0.87,89.2,259.6,77.6,0,61,16:23:25
2.69,1.04,89.2,239.9,92.8,0,61,16:23:30
2.91,0.89,89.2,259.6,79.4,0,61,16:23:35
2.8,0.95,89.2,249.8,84.7,0,60,16:23:40
2.78,0.94,89.2,248,83.8,0,60,16:23:45
2.78,1.01,89.2,248,90.1,0,59,16:23:50
2.88,1.94,89.1,256.6,172.9,0,59,16:23:55
2.91,1.89,89.1,259.3,168.4,0,58,16:24:00
2.78,2.03,89,247.4,180.7,0,58,16:24:05
2.73,2.05,89.1,243.2,182.7,0,58,16:24:10
2.88,1.91,89.1,256.6,170.2,0,58,16:24:15
2.65,2.1,89,235.9,186.9,0,57,16:24:20
2.62,3.12,88.9,232.9,277.4,0,57,16:24:25
2.79,2.98,88.9,248,264.9,0,57,16:24:30
2.69,4.06,88.7,238.6,360.1,0,57,16:24:35
2.57,4.13,88.6,227.7,365.9,0,57,16:24:40
2.61,7.03,88.2,230.2,620,0,57,16:24:45
2.65,7.97,88,233.2,701.4,0,58,16:24:50
2.65,7.92,88,233.2,697,0,58,16:24:55
2.56,11.4,87.4,223.7,996.4,0,59,16:25:00
2.69,8.87,87.8,236.2,778.8,0,60,16:25:05
2.5,8.06,87.9,219.8,708.5,0,61,16:25:10
2.53,7.4,88,222.6,651.2,0,61,16:25:15
2.62,6.92,88,230.6,609,0,61,16:25:20
2.64,-0.02,89.2,235.5,-1.8,0,60,16:25:25
2.74,3.03,88.7,243,268.8,0,58,16:25:30
2.65,3.12,88.7,235.1,276.7,0,57,16:25:35
2.61,5.07,88.4,230.7,448.2,0,57,16:25:40
2.64,5.08,88.4,233.4,449.1,0,57,16:25:45
2.79,4.96,88.4,246.6,438.5,0,57,16:25:50
2.73,6,88.3,241.1,529.8,0,58,16:25:55
2.78,5.95,88.3,245.5,525.4,0,58,16:26:00
2.64,6.05,88.3,233.1,534.2,0,58,16:26:05
2.69,6,88.3,237.5,529.8,0,58,16:26:10
2.69,6.02,88.2,237.3,531,0,58,16:26:15
2.64,6.02,88.3,233.1,531.6,0,59,16:26:20
2.82,5.89,88.3,249,520.1,0,59,16:26:25
2.82,5.91,88.3,249,521.9,0,59,16:26:30
2.73,5.95,88.2,240.8,524.8,0,59,16:26:35
2.81,6.89,88,247.3,606.3,0,60,16:26:40
2.7,5.95,88.2,238.1,524.8,0,60,16:26:45
2.63,6.01,88.1,231.7,529.5,0,61,16:26:50
2.72,4.94,88.3,240.2,436.2,0,61,16:26:55
2.77,4.93,88.3,244.6,435.3,0,61,16:27:00
2.76,4.94,88.3,243.7,436.2,0,61,16:27:05
2.68,5.06,88.3,236.6,446.8,0,62,16:27:10
2.7,3.98,88.6,239.2,352.6,0,61,16:27:15
2.86,3.85,88.6,253.4,341.1,0,61,16:27:20
2.82,2.91,88.6,249.9,257.8,0,60,16:27:25
2.68,5.04,88.3,236.6,445,0,60,16:27:30
2.84,4.91,88.3,250.8,433.6,0,60,16:27:35
2.64,5.01,88.3,233.1,442.4,0,61,16:27:40
2.83,3.88,88.5,250.5,343.4,0,60,16:27:45
2.74,4,88.5,242.5,354,0,60,16:27:50
2.76,3,88.6,244.5,265.8,0,60,16:27:55
2.83,2.89,88.7,251,256.3,0,60,16:28:00
2.76,3,88.6,244.5,265.8,0,60,16:28:05
2.79,4.11,88.5,246.9,363.7,0,59,16:28:10
2.84,4.9,88.3,250.8,432.7,0,59,16:28:15
2.66,5.02,88.3,234.9,443.3,0,60,16:28:20
2.73,4.96,88.3,241.1,438,0,60,16:28:25
2.84,4.9,88.3,250.8,432.7,0,60,16:28:30
2.82,4.92,88.3,249,434.4,0,60,16:28:35
2.7,4.96,88.3,238.4,438,0,61,16:28:40
2.72,4.02,88.4,240.4,355.4,0,61,16:28:45
2.74,4.41,88.4,242.2,389.8,0,61,16:28:50
2.85,4.89,88.3,251.7,431.8,0,61,16:28:55
2.77,4.93,88.3,244.6,435.3,0,61,16:29:00
2.75,4.1,88.4,243.1,362.4,0,61,16:29:05
2.74,3.99,88.4,242.2,352.7,0,61,16:29:10
2.75,3.96,88.4,243.1,350.1,0,61,16:29:15
2.73,4.02,88.4,241.3,355.4,0,60,16:29:20
2.75,3.97,88.5,243.4,351.3,0,60,16:29:25
2.78,3.93,88.4,245.8,347.4,0,60,16:29:30
2.71,4.03,88.4,239.6,356.3,0,60,16:29:35
2.81,3.97,88.4,248.4,350.9,0,60,16:29:40
2.75,4.95,88.3,242.8,437.1,0,59,16:29:45
2.76,4.99,88.2,243.4,440.1,0,60,16:29:50
2.87,4.85,88.3,253.4,428.3,0,60,16:29:55
2.77,4.97,88.3,244.6,438.9,0,60,16:30:00
2.8,4.93,88.3,247.2,435.3,0,59,16:30:05
2.77,4.94,88.3,244.6,436.2,0,59,16:30:10
2.8,6.88,88,246.4,605.4,0,59,16:30:15
2.82,6.89,87.9,247.9,605.6,0,60,16:30:20
2.75,6.95,87.9,241.7,610.9,0,60,16:30:25
2.74,6.94,87.9,240.8,610,0,60,16:30:30
2.69,6.98,87.8,236.2,612.8,0,60,16:30:35
2.73,6.96,87.8,239.7,611.1,0,60,16:30:40
2.73,6.95,87.8,239.7,610.2,0,59,16:30:45
2.76,6.93,87.8,242.3,608.5,0,59,16:30:50
2.82,6.86,87.8,247.6,602.3,0,59,16:30:55
2.77,6.94,87.8,243.2,609.3,0,59,16:31:00
2.81,6.88,87.8,246.7,604.1,0,59,16:31:05
2.83,6.83,87.8,248.5,599.7,0,59,16:31:10
2.46,7.18,87.7,215.7,629.7,0,59,16:31:15
2.64,6.99,87.8,231.8,613.7,0,60,16:31:20
2.68,4.91,88.1,236.1,432.6,0,60,16:31:25
2.65,4.02,88.3,234,355,0,60,16:31:30
2.62,4.13,88.3,231.3,364.7,0,59,16:31:35
2.64,6.03,88,232.3,530.6,0,60,16:31:40
2.63,5.03,88.1,231.7,443.1,0,60,16:31:45
2.63,5.05,88.1,231.7,444.9,0,60,16:31:50
2.58,5.09,88.1,227.3,448.4,0,59,16:31:55
2.67,5.02,88.1,235.2,442.3,0,59,16:32:00
2.6,5.04,88.1,229.1,444,0,59,16:32:05
2.5,5.17,88.1,220.3,455.5,0,60,16:32:10
2.56,5.06,88.1,225.5,445.8,0,60,16:32:15
2.61,5.03,88.1,229.9,443.1,0,60,16:32:20
2.63,5.01,88.1,231.7,441.4,0,60,16:32:25
2.58,5.06,88.1,227.3,445.8,0,60,16:32:30
2.69,4.98,88.1,237,438.7,0,61,16:32:35
2.66,5.03,88.1,234.3,443.1,0,61,16:32:40
2.55,5.08,88.1,224.7,447.5,0,61,16:32:45
2.59,5.11,88,227.9,449.7,0,61,16:32:50
2.65,4,88.3,234,353.2,0,60,16:32:55
2.58,4.07,88.3,227.8,359.4,0,60,16:33:00
2.56,4.12,88.3,226,363.8,0,60,16:33:05
2.55,4.1,88.3,225.2,362,0,60,16:33:10
2.6,4.09,88.3,229.6,361.1,0,60,16:33:15
2.53,4.14,88.3,223.4,365.6,0,59,16:33:20
2.62,4.76,88.1,230.8,419.4,0,59,16:33:25
2.5,6.18,87.9,219.8,543.2,0,60,16:33:30
2.5,6.15,87.9,219.8,540.6,0,60,16:33:35
2.53,6.07,87.9,222.4,533.6,0,61,16:33:40
2.44,6.18,87.8,214.2,542.6,0,62,16:33:45
2.31,5.27,88,203.3,463.8,0,62,16:33:50
2.47,5.15,88,217.4,453.2,0,62,16:33:55
2.3,5.26,88,202.4,462.9,0,62,16:34:00
2.35,5.21,88,206.8,458.5,0,62,16:34:05
2.48,5.21,88,218.2,458.5,0,62,16:34:10
2.35,5.25,88,206.8,462,0,62,16:34:15
2.42,5.24,88,213,461.1,0,62,16:34:20
2.4,5.17,88,211.2,455,0,62,16:34:25
2.35,4.82,88,206.8,424.2,0,62,16:34:30
2.51,4.13,88.1,221.1,363.9,0,61,16:34:35
2.38,5.3,88,209.4,466.4,0,61,16:34:40
2.36,5.24,88,207.7,461.1,0,60,16:34:45
2.34,5.26,88,205.9,462.9,0,60,16:34:50
2.44,5.19,88,214.7,456.7,0,60,16:34:55
2.36,5.24,88,207.7,461.1,0,59,16:35:00
2.44,6.19,87.8,214.2,543.5,0,59,16:35:05
2.34,6.33,87.7,205.2,555.1,0,59,16:35:10
2.47,6.13,87.8,216.9,538.2,0,59,16:35:15
2.48,7.14,87.7,217.5,626.2,0,60,16:35:20
1.28,8.13,87.5,112,711.4,0,60,16:35:25
2.41,7.2,87.6,211.1,630.7,0,60,16:35:30
2.59,6.04,87.7,227.1,529.7,0,60,16:35:35
2.53,6.11,87.7,221.9,535.8,0,60,16:35:40
2.37,6.26,87.7,207.8,549,0,60,16:35:45
2.38,6.21,87.7,208.7,544.6,0,61,16:35:50
2.63,6.01,87.7,230.7,527.1,0,61,16:35:55
2.52,5.1,88,221.8,448.8,0,61,16:36:00
2.52,4.11,88.1,222,362.1,0,61,16:36:05
2.48,4.21,88,218.2,370.5,0,61,16:36:10
2.53,5.11,88,222.6,449.7,0,61,16:36:15
2.39,5.24,87.9,210.1,460.6,0,61,16:36:20
2.64,4.07,88.1,232.6,358.6,0,60,16:36:25
2.45,4.2,88,215.6,369.6,0,60,16:36:30
2.47,4.23,88,217.4,372.2,0,59,16:36:35
1.91,4.63,87.9,167.9,407,0,59,16:36:40
2.44,5.19,88,214.7,456.7,0,59,16:36:45
2.45,5.2,87.9,215.4,457.1,0,58,16:36:50
2.33,6.31,87.7,204.3,553.4,0,58,16:36:55
2.27,6.31,87.7,199.1,553.4,0,59,16:37:00
2.26,6.29,87.7,198.2,551.6,0,59,16:37:05
2.32,6.31,87.7,203.5,553.4,0,60,16:37:10
2.49,6.12,87.7,218.4,536.7,0,59,16:37:15
2.1,6.45,87.6,184,565,0,60,16:37:20
2.33,6.29,87.7,204.3,551.6,0,60,16:37:25
2.37,6.24,87.7,207.8,547.2,0,60,16:37:30
2.31,6.29,87.7,202.6,551.6,0,60,16:37:35
2.41,6.24,87.7,211.4,547.2,0,61,16:37:40
2.33,6.23,87.7,204.3,546.4,0,61,16:37:45
2.48,6.16,87.6,217.2,539.6,0,61,16:37:50
2.55,6.11,87.7,223.6,535.8,0,61,16:37:55
2.38,6.23,87.7,208.7,546.4,0,61,16:38:00
2.32,6.36,87.6,203.2,557.1,0,60,16:38:05
2.17,6.41,87.6,190.1,561.5,0,60,16:38:10
0.89,7.44,87.4,77.8,650.3,0,60,16:38:15
0.59,7.76,87.4,51.6,678.2,0,60,16:38:20
0.72,7.64,87.4,62.9,667.7,0,60,16:38:25
1.59,6.84,87.4,139,597.8,0,60,16:38:30
1.03,7.37,87.4,90,644.1,0,60,16:38:35
2.26,6.36,87.5,197.8,556.5,0,61,16:38:40
2.25,6.35,87.5,196.9,555.6,0,61,16:38:45
2.43,6.2,87.7,213.1,543.7,0,61,16:38:50
2.29,6.31,87.5,200.4,552.1,0,61,16:38:55
2.33,6.28,87.5,203.9,549.5,0,61,16:39:00
2.27,6.32,87.5,198.6,553,0,61,16:39:05
2.21,6.37,87.5,193.4,557.4,0,61,16:39:10
2.25,6.4,87.5,196.9,560,0,61,16:39:15
2.14,6.43,87.5,187.3,562.6,0,61,16:39:20
2.16,6.44,87.5,189,563.5,0,61,16:39:25
2.13,6.43,87.5,186.4,562.6,0,61,16:39:30
2.17,6.43,87.4,189.7,562,0,61,16:39:35
2.22,6.38,87.5,194.3,558.3,0,61,16:39:40
2.1,6.44,87.5,183.8,563.5,0,61,16:39:45
2.22,6.4,87.5,194.3,560,0,61,16:39:50
2.18,6.43,87.4,190.5,562,0,61,16:39:55
2.36,6.26,87.5,206.5,547.8,0,61,16:40:00
2.17,5.36,87.7,190.3,470.1,0,61,16:40:05
2.17,5.42,87.7,190.3,475.3,0,60,16:40:10
2.25,5.34,87.7,197.3,468.3,0,60,16:40:15
2.26,5.31,87.7,198.2,465.7,0,59,16:40:20
2.37,5.27,87.7,207.8,462.2,0,58,16:40:25
2.35,5.31,87.7,206.1,465.7,0,57,16:40:30
2.36,5.27,87.7,207,462.2,0,57,16:40:35
2.28,5.31,87.7,200,465.7,0,56,16:40:40
2.2,5.39,87.7,192.9,472.7,0,55,16:40:45
2.33,8.28,87.1,202.9,721.2,0,55,16:40:50
2.39,15.37,86,205.5,1321.8,0,57,16:40:55
2.23,17.17,85.7,191.1,1471.5,0,60,16:41:00
2.2,13.91,86.2,189.6,1199,0,63,16:41:05
2.24,11.11,86.7,194.2,963.2,0,64,16:41:10
2.21,9.3,86.9,192,808.2,0,65,16:41:15
2.26,9.74,86.8,196.2,845.4,0,66,16:41:20
2.22,7.21,87.2,193.6,628.7,0,67,16:41:25
2.27,5.1,87.4,198.4,445.7,0,67,16:41:30
2.22,-0.47,88.5,196.5,-41.6,0,66,16:41:35
2.14,-1.38,88.7,189.8,-122.4,0,64,16:41:40
2.15,-1.42,88.7,190.7,-126,0,61,16:41:45
2.15,-0.87,88.6,190.5,-77.1,0,59,16:41:50
2.17,2.35,88.1,191.2,207,0,58,16:41:55
2.19,2.55,88.1,192.9,224.7,0,57,16:42:00
2.23,3.52,88,196.2,309.8,0,57,16:42:05
2.31,3.42,88,203.3,301,0,57,16:42:10
2.29,4.41,87.8,201.1,387.2,0,57,16:42:15
2.26,5.4,87.6,198,473,0,57,16:42:20
2.11,5.54,87.6,184.8,485.3,0,57,16:42:25
2.03,6.59,87.4,177.4,576,0,58,16:42:30
2.2,6.42,87.4,192.3,561.1,0,58,16:42:35
2,6.6,87.4,174.8,576.8,0,59,16:42:40
2.16,6.46,87.4,188.8,564.6,0,59,16:42:45
2.25,6.39,87.4,196.7,558.5,0,59,16:42:50
2.17,6.45,87.4,189.7,563.7,0,60,16:42:55
2.05,6.57,87.3,179,573.6,0,60,16:43:00
2.24,6.4,87.4,195.8,559.4,0,60,16:43:05
2.22,5.4,87.5,194.3,472.5,0,60,16:43:10
2.27,4.39,87.7,199.1,385,0,60,16:43:15
2.18,4.45,87.7,191.2,390.3,0,59,16:43:20
2.32,5.34,87.5,203,467.3,0,59,16:43:25
2.19,5.43,87.5,191.6,475.1,0,59,16:43:30
2.2,5.43,87.5,192.5,475.1,0,59,16:43:35
2.19,5.44,87.5,191.6,476,0,59,16:43:40
2.08,5.55,87.4,181.8,485.1,0,59,16:43:45
2.17,5.45,87.5,189.9,476.9,0,59,16:43:50
2.15,5.49,87.5,188.1,480.4,0,59,16:43:55
2.15,5.46,87.4,187.9,477.2,0,59,16:44:00
2.19,5.42,87.4,191.4,473.7,0,59,16:44:05
2.31,5.35,87.4,201.9,467.6,0,59,16:44:10
2.13,5.47,87.4,186.2,478.1,0,60,16:44:15
2.12,5.27,87.5,185.5,461.1,0,61,16:44:20
2.16,3.48,87.7,189.4,305.2,0,61,16:44:25
2.06,2.63,88,181.3,231.4,0,61,16:44:30
2.04,2.66,88,179.5,234.1,0,61,16:44:35
2.01,2.67,88,176.9,235,0,61,16:44:40
2.12,2.57,88,186.6,226.2,0,60,16:44:45
2.2,3.54,87.8,193.2,310.8,0,60,16:44:50
2.15,3.55,87.8,188.8,311.7,0,60,16:44:55
2.15,3.54,87.8,188.8,310.8,0,60,16:45:00
2.09,4.57,87.7,183.3,400.8,0,59,16:45:05
2.26,4.44,87.7,198.2,389.4,0,59,16:45:10
2.18,4.48,87.7,191.2,392.9,0,60,16:45:15
2.09,4.6,87.6,183.1,403,0,60,16:45:20
1.97,5.65,87.4,172.2,493.8,0,60,16:45:25
2.08,5.51,87.4,181.8,481.6,0,60,16:45:30
1.92,5.72,87.4,167.8,499.9,0,61,16:45:35
2.02,5.6,87.4,176.5,489.4,0,61,16:45:40
2.04,5.54,87.4,178.3,484.2,0,61,16:45:45
2.07,5.58,87.4,180.9,487.7,0,61,16:45:50
2.04,5.63,87.4,178.3,492.1,0,61,16:45:55
2.16,4.53,87.5,189,396.4,0,61,16:46:00
2.19,4.45,87.6,191.8,389.8,0,60,16:46:05
2.15,4.54,87.5,188.1,397.3,0,60,16:46:10
2.19,4.44,87.6,191.8,388.9,0,59,16:46:15
2.09,4.54,87.5,182.9,397.3,0,58,16:46:20
2.15,4.52,87.5,188.1,395.5,0,58,16:46:25
2.08,8.46,86.9,180.8,735.2,0,59,16:46:30
2.23,8.36,86.8,193.6,725.6,0,60,16:46:35
2.16,8.46,86.8,187.5,734.3,0,61,16:46:40
2.15,8.42,86.8,186.6,730.9,0,63,16:46:45
2.18,6.72,87.1,189.9,585.3,0,64,16:46:50
2.11,4.5,87.4,184.4,393.3,0,64,16:46:55
2.01,4.62,87.4,175.7,403.8,0,64,16:47:00
2.07,3.51,87.7,181.5,307.8,0,63,16:47:05
2.07,3.48,87.7,181.5,305.2,0,63,16:47:10
2.01,2.61,87.8,176.5,229.2,0,62,16:47:15
2.02,2.66,87.8,177.4,233.5,0,61,16:47:20
1.99,2.64,87.8,174.7,231.8,0,60,16:47:25
1.84,2.76,87.8,161.6,242.3,0,60,16:47:30
1.91,3.72,87.7,167.5,326.2,0,60,16:47:35
2.11,5.54,87.4,184.4,484.2,0,59,16:47:40
2.02,5.57,87.4,176.5,486.8,0,59,16:47:45
2.12,6.49,87.1,184.7,565.3,0,59,16:47:50
2.12,6.47,87.1,184.7,563.5,0,59,16:47:55
2.15,6.43,87.1,187.3,560.1,0,59,16:48:00
1.92,6.66,87.1,167.2,580.1,0,58,16:48:05
2,7.56,86.9,173.8,657,0,58,16:48:10
2,7.55,86.9,173.8,656.1,0,58,16:48:15
2.23,8.36,86.7,193.3,724.8,0,58,16:48:20
1.89,8.62,86.7,163.9,747.4,0,59,16:48:25
1.97,8.58,86.7,170.8,743.9,0,59,16:48:30
1.98,8.53,86.7,171.7,739.6,0,60,16:48:35
1.95,7.56,86.8,169.3,656.2,0,61,16:48:40
1.82,7.65,86.8,158,664,0,61,16:48:45
1.85,5.65,87.1,161.1,492.1,0,61,16:48:50
1.9,5.61,87.1,165.5,488.6,0,61,16:48:55
1.7,5.73,87.1,148.1,499.1,0,61,16:49:00
1.92,5.66,87.1,167.2,493,0,61,16:49:05
2.1,5.44,87.1,182.9,473.8,0,60,16:49:10
1.98,5.56,87.1,172.5,484.3,0,60,16:49:15
1.71,5.82,87.1,148.9,506.9,0,60,16:49:20
1.77,6.74,86.9,153.8,585.7,0,60,16:49:25
1.68,6.85,86.9,146,595.3,0,60,16:49:30
1.75,7.77,86.8,151.9,674.4,0,60,16:49:35
1.71,7.76,86.8,148.4,673.6,0,61,16:49:40
1.64,7.82,86.8,142.4,678.8,0,62,16:49:45
1.64,5.82,87.1,142.8,506.9,0,62,16:49:50
1.7,3.87,87.4,148.6,338.2,0,62,16:49:55
1.68,3.92,87.4,146.8,342.6,0,61,16:50:00
1.83,3.76,87.4,159.9,328.6,0,61,16:50:05
2.04,3.79,87.4,178.3,331.2,0,61,16:50:10
0.76,5.56,87.1,66.2,484.3,0,61,16:50:15
1.76,4.85,87.2,153.5,422.9,0,61,16:50:20
1.65,4.88,87.2,143.9,425.5,0,61,16:50:25
1.69,4.85,87.2,147.4,422.9,0,61,16:50:30
1.95,4.64,87.3,170.2,405.1,0,61,16:50:35
1.76,4.82,87.2,153.5,420.3,0,61,16:50:40
1.57,5.05,87.1,136.7,439.9,0,60,16:50:45
1.66,5.84,87,144.4,508.1,0,60,16:50:50
1.73,5.85,87,150.5,509,0,61,16:50:55
1.74,5.78,87.1,151.6,503.4,0,61,16:51:00
1.7,5.79,87.1,148.1,504.3,0,61,16:51:05
1.83,5.64,87.1,159.4,491.2,0,61,16:51:10
1.82,5.76,87.1,158.5,501.7,0,62,16:51:15
1.75,5.79,87,152.3,503.7,0,62,16:51:20
1.63,4.9,87.1,142,426.8,0,62,16:51:25
1.67,4.8,87.2,145.6,418.6,0,62,16:51:30
1.69,3.88,87.4,147.7,339.1,0,61,16:51:35
1.62,3.94,87.3,141.4,344,0,61,16:51:40
1.56,3.94,87.4,136.3,344.4,0,61,16:51:45
1.74,3.88,87.4,152.1,339.1,0,60,16:51:50
1.58,4.02,87.3,137.9,350.9,0,60,16:51:55
1.64,4.93,87.1,142.8,429.4,0,60,16:52:00
1.83,4.74,87.2,159.6,413.3,0,59,16:52:05
1.68,4.89,87.1,146.3,425.9,0,59,16:52:10
1.62,5.93,86.9,140.8,515.3,0,58,16:52:15
1.63,6.88,86.8,141.5,597.2,0,58,16:52:20
1.87,6.69,86.8,162.3,580.7,0,59,16:52:25
1.58,7.93,86.6,136.8,686.7,0,58,16:52:30
1.61,8.84,86.5,139.3,764.7,0,58,16:52:35
1.71,9.27,86.3,147.6,800,0,58,16:52:40
1.63,11.45,86,140.2,984.7,0,58,16:52:45
1.78,12.17,85.9,152.9,1045.4,0,59,16:52:50
1.69,12.21,85.8,145,1047.6,0,59,16:52:55
1.64,12.29,85.8,140.7,1054.5,0,59,16:53:00
1.67,12.2,85.8,143.3,1046.8,0,59,16:53:05
1.7,12.17,85.7,145.7,1043,0,60,16:53:10
1.58,9.58,86,135.9,823.9,0,60,16:53:15
1.67,6.38,86.6,144.6,552.5,0,60,16:53:20
1.57,4.91,86.9,136.4,426.7,0,59,16:53:25
1.66,4.83,86.9,144.3,419.7,0,59,16:53:30
1.54,4.96,86.9,133.8,431,0,59,16:53:35
1.57,4.9,86.9,136.4,425.8,0,60,16:53:40
1.53,4.88,86.9,133,424.1,0,62,16:53:45
1.52,4.93,86.9,132.1,428.4,0,64,16:53:50
1.53,3.97,87.1,133.3,345.8,0,65,16:53:55
1.65,2.49,87.4,144.2,217.6,0,67,16:54:00
1.46,3.52,87.1,127.2,306.6,0,67,16:54:05
1.86,0.44,87.7,163.1,38.6,0,67,16:54:10
1.57,0.17,87.7,137.7,14.9,0,65,16:54:15
1.67,0.67,87.7,146.5,58.8,0,62,16:54:20
1.53,7.97,86.5,132.3,689.4,0,61,16:54:25
1.84,8.67,86.3,158.8,748.2,0,60,16:54:30
1.59,8.89,86.2,137.1,766.3,0,60,16:54:35
1.67,9.79,86.1,143.8,842.9,0,60,16:54:40
1.7,9.76,86.1,146.4,840.3,0,59,16:54:45
1.6,9.83,86,137.6,845.4,0,59,16:54:50
1.6,11.29,85.9,137.4,969.8,0,59,16:54:55
1.7,11.23,85.8,145.9,963.5,0,60,16:55:00
1.77,11.19,85.8,151.9,960.1,0,60,16:55:05
1.7,11.22,85.8,145.9,962.7,0,60,16:55:10
1.74,11.16,85.7,149.1,956.4,0,60,16:55:15
1.55,-8.01,88.8,137.6,-711.3,0,59,16:55:20
1.42,-23.24,91.4,129.8,-2124.1,0,45,16:55:25
1.72,3.69,87.1,149.8,321.4,0,44,16:55:30
1.68,-1.3,88,147.8,-114.4,0,38,16:55:35
1.7,0.45,87.7,149.1,39.5,0,36,16:55:40
1.71,2.47,87.3,149.3,215.6,0,36,16:55:45
1.62,-5.27,88.6,143.5,-466.9,0,30,16:55:50
1.51,-1.13,88,132.9,-99.4,0,21,16:55:55
1.25,-0.9,88,110,-79.2,0,19,16:56:00
0.8,-0.48,88,70.4,-42.2,0,15,16:56:05
0.67,2.76,87.4,58.6,241.2,0,14,16:56:10
0.71,4.83,87.1,61.8,420.7,0,15,16:56:15
0.83,-0.51,88,73,-44.9,0,10,16:56:20
0.52,2.92,87.4,45.4,255.2,0,7,16:56:25
0.43,-0.15,87.9,37.8,-13.2,0,5,16:56:30
0.43,-0.15,87.9,37.8,-13.2,0,0,16:56:35
0.46,-0.2,88,40.5,-17.6,0,0,16:56:40
0.49,-0.22,88,43.1,-19.4,0,0,16:56:45
0.56,-0.28,88,49.3,-24.6,0,0,16:56:50
0.72,-0.44,88,63.4,-38.7,0,0,16:56:55
0.5,-0.23,88,44,-20.2,0,0,16:57:00
0.68,-0.39,88,59.8,-34.3,0,0,16:57:05
1.06,-0.74,88,93.3,-65.1,0,0,16:57:10
1.18,-0.85,88,103.8,-74.8,0,0,16:57:15
1.34,-0.99,88.1,118.1,-87.2,0,0,16:57:20
1.58,-1.22,88.1,139.2,-107.5,0,0,16:57:25
1.6,-1.25,88.1,141,-110.1,0,0,16:57:30
1.61,-1.26,88.1,141.8,-111,0,0,16:57:35
1.71,-1.34,88.2,150.8,-118.2,0,0,16:57:40
1.65,-1.28,88.2,145.5,-112.9,0,0,16:57:45
1.71,-1.34,88.2,150.8,-118.2,0,0,16:57:50
2.5,-2.06,88.3,220.8,-181.9,0,0,16:57:55
5.96,-5.27,88.8,529.2,-468,0,0,16:58:00
8.57,-7.69,89.2,764.4,-685.9,0,0,16:58:05
9.28,-8.36,89.3,828.7,-746.5,0,0,16:58:10
9.31,-8.38,89.3,831.4,-748.3,0,0,16:58:15
9.4,-8.46,89.4,840.4,-756.3,0,0,16:58:20
9.49,-8.55,89.5,849.4,-765.2,0,0,16:58:25
9.6,-8.64,89.5,859.2,-773.3,0,0,16:58:30
9.7,-8.74,89.5,868.2,-782.2,0,0,16:58:35
9.77,-8.81,89.5,874.4,-788.5,0,0,16:58:40
9.85,-8.89,89.6,882.6,-796.5,0,0,16:58:45
9.94,-8.97,89.6,890.6,-803.7,0,0,16:58:50
9.97,-9,89.6,893.3,-806.4,0,0,16:58:55
9.89,-8.93,89.6,886.1,-800.1,0,0,16:59:00
9.89,-8.93,89.7,887.1,-801,0,0,16:59:05
9.9,-8.93,89.7,888,-801,0,0,16:59:10
9.89,-8.93,89.8,888.1,-801.9,0,0,16:59:15
9.87,-8.9,89.8,886.3,-799.2,0,0,16:59:20
9.86,-8.89,89.8,885.4,-798.3,0,0,16:59:25
9.86,-8.89,89.7,884.4,-797.4,0,0,16:59:30
9.82,-8.86,89.8,881.8,-795.6,0,0,16:59:35
9.84,-8.88,89.8,883.6,-797.4,0,0,16:59:40
9.89,-8.92,89.8,888.1,-801,0,0,16:59:45
9.99,-9.01,89.8,897.1,-809.1,0,0,16:59:50
9.99,-9.01,89.8,897.1,-809.1,0,0,16:59:55
9.99,-9.01,89.8,897.1,-809.1,0,0,17:00:00
9.97,-9,89.9,896.3,-809.1,0,0,17:00:05
9.96,-8.99,89.9,895.4,-808.2,0,0,17:00:10
10.38,-9.38,90,934.2,-844.2,0,0,17:00:15
10.31,-9.31,90,927.9,-837.9,0,0,17:00:20
10.28,-9.29,90,925.2,-836.1,0,0,17:00:25
10.28,-9.28,90,925.2,-835.2,0,0,17:00:30
10.25,-9.26,90,922.5,-833.4,0,0,17:00:35
10.25,-9.26,90,922.5,-833.4,0,0,17:00:40
10.29,-9.3,90,926.1,-837,0,0,17:00:45
10.25,-9.26,90,922.5,-833.4,0,0,17:00:50
10.23,-9.24,90.1,921.7,-832.5,0,0,17:00:55
10.23,-9.24,90.1,921.7,-832.5,0,0,17:01:00
10.24,-9.25,90.1,922.6,-833.4,0,0,17:01:05
10.24,-9.24,90.1,922.6,-832.5,0,0,17:01:10
10.21,-9.22,90,918.9,-829.8,0,0,17:01:15
10.21,-9.22,90.1,919.9,-830.7,0,0,17:01:20
10.23,-9.24,90.1,921.7,-832.5,0,0,17:01:25
10.23,-9.23,90.1,921.7,-831.6,0,0,17:01:30
9.91,-8.94,90.1,892.9,-805.5,0,0,17:01:35
9.93,-8.96,90.1,894.7,-807.3,0,0,17:01:40
9.38,-8.45,90,844.2,-760.5,0,0,17:01:45
9,-8.09,90,810,-728.1,0,0,17:01:50
9.31,-8.39,90,837.9,-755.1,0,0,17:01:55
8.52,-7.65,90,766.8,-688.5,0,0,17:02:00
8.67,-7.78,90,780.3,-700.2,0,0,17:02:05
8.43,-7.55,90,758.7,-679.5,0,0,17:02:10
8.79,-7.9,90,791.1,-711,0,0,17:02:15
8.82,-7.93,90,793.8,-713.7,0,0,17:02:20
9.35,-8.42,90.1,842.4,-758.6,0,0,17:02:25
8.83,-7.94,90,794.7,-714.6,0,0,17:02:30
3.77,-3.24,89.3,336.7,-289.3,0,0,17:02:35
1.28,-0.94,88.9,113.8,-83.6,0,0,17:02:40
1.16,-0.83,88.9,103.1,-73.8,0,0,17:02:45
1.2,-0.87,88.9,106.7,-77.3,0,0,17:02:50
1.21,-0.88,88.9,107.6,-78.2,0,0,17:02:55
1.22,-0.89,88.9,108.5,-79.1,0,0,17:03:00
1.24,-0.91,88.9,110.2,-80.9,0,0,17:03:05
1.49,-1.13,88.9,132.5,-100.5,0,0,17:03:10
2.39,-1.96,89,212.7,-174.4,0,0,17:03:15
3.18,-2.7,89.1,283.3,-240.6,0,0,17:03:20
3.24,-2.75,89.1,288.7,-245,0,0,17:03:25
3.55,-3.04,89.1,316.3,-270.9,0,0,17:03:30
3.28,-2.78,89.1,292.2,-247.7,0,0,17:03:35
3.59,-3.08,89.2,320.2,-274.7,0,0,17:03:40
4.49,-3.91,89.2,400.5,-348.8,0,0,17:03:45
5.26,-4.63,89.4,470.2,-413.9,0,0,17:03:50
6.24,-5.53,89.5,558.5,-494.9,0,0,17:03:55
7.06,-6.29,89.6,632.6,-563.6,0,0,17:04:00
7.84,-7.02,89.8,704,-630.4,0,0,17:04:05
8.52,-7.65,89.9,765.9,-687.7,0,0,17:04:10
8.95,-8.05,90,805.5,-724.5,0,0,17:04:15
9.07,-8.15,90,816.3,-733.5,0,0,17:04:20
9.14,-8.22,90.1,823.5,-740.6,0,0,17:04:25
9.25,-8.32,90.1,833.4,-749.6,0,0,17:04:30
9.6,-8.65,90.1,865,-779.4,0,0,17:04:35
9.54,-8.59,90.1,859.6,-774,0,0,17:04:40
8.81,-7.91,90,792.9,-711.9,0,0,17:04:45
6.83,-6.08,89.8,613.3,-546,0,0,17:04:50
6.74,-6,89.8,605.3,-538.8,0,0,17:04:55
8.12,-7.27,90,730.8,-654.3,0,0,17:05:00
9.28,-8.35,90.1,836.1,-752.3,0,0,17:05:05
9.58,-8.64,90.2,864.1,-779.3,0,0,17:05:10
9.73,-8.77,90.3,878.6,-791.9,0,0,17:05:15
9.75,-8.79,90.3,880.4,-793.7,0,0,17:05:20
9.73,-8.77,90.3,878.6,-791.9,0,0,17:05:25
9.75,-8.79,90.3,880.4,-793.7,0,0,17:05:30
9.83,-8.87,90.3,887.6,-801,0,0,17:05:35
9.79,-8.82,90.3,884,-796.4,0,0,17:05:40
9.78,-8.82,90.3,883.1,-796.4,0,0,17:05:45
9.73,-8.77,90.3,878.6,-791.9,0,0,17:05:50
9.76,-8.8,90.3,881.3,-794.6,0,0,17:05:55
9.72,-8.75,90.3,877.7,-790.1,0,0,17:06:00
9.68,-8.72,90.3,874.1,-787.4,0,0,17:06:05
9.66,-8.7,90.3,872.3,-785.6,0,0,17:06:10
9.64,-8.69,90.3,870.5,-784.7,0,0,17:06:15
9.47,-8.52,90.3,855.1,-769.4,0,0,17:06:20
9.33,-8.39,90.3,842.5,-757.6,0,0,17:06:25
9.52,-8.57,90.3,859.7,-773.9,0,0,17:06:30
9.59,-8.63,90.3,866,-779.3,0,0,17:06:35
9.6,-8.65,90.4,867.8,-782,0,0,17:06:40
9.05,-8.14,90.3,817.2,-735,0,0,17:06:45
8.52,-7.65,90.2,768.5,-690,0,0,17:06:50
9.38,-8.43,90.3,847,-761.2,0,0,17:06:55
9.53,-8.59,90.4,861.5,-776.5,0,0,17:07:00
9.55,-8.61,90.4,863.3,-778.3,0,0,17:07:05
9.58,-8.63,90.4,866,-780.2,0,0,17:07:10
9.58,-8.63,90.4,866,-780.2,0,0,17:07:15
9.58,-8.63,90.4,866,-780.2,0,0,17:07:20
9.59,-8.65,90.4,866.9,-782,0,0,17:07:25
9.61,-8.66,90.4,868.7,-782.9,0,0,17:07:30
9.62,-8.67,90.4,869.6,-783.8,0,0,17:07:35
9.6,-8.65,90.4,867.8,-782,0,0,17:07:40
9.6,-8.65,90.4,867.8,-782,0,0,17:07:45
9.57,-8.63,90.4,865.1,-780.2,0,0,17:07:50
9.56,-8.61,90.4,864.2,-778.3,0,0,17:07:55
9.54,-8.6,90.4,862.4,-777.4,0,0,17:08:00
9.51,-8.56,90.4,859.7,-773.8,0,0,17:08:05
9.5,-8.56,90.4,858.8,-773.8,0,0,17:08:10
9.49,-8.55,90.4,857.9,-772.9,0,0,17:08:15
9.47,-8.53,90.4,856.1,-771.1,0,0,17:08:20
9.43,-8.49,90.4,852.5,-767.5,0,0,17:08:25
9.42,-8.48,90.4,851.6,-766.6,0,0,17:08:30
9.41,-8.47,90.4,850.7,-765.7,0,0,17:08:35
9.38,-8.45,90.4,848,-763.9,0,0,17:08:40
9.38,-8.44,90.4,848,-763,0,0,17:08:45
9.36,-8.43,90.4,846.1,-762.1,0,0,17:08:50
9.36,-8.42,90.4,846.1,-761.2,0,0,17:08:55
9.33,-8.41,90.5,844.4,-761.1,0,0,17:09:00
9.33,-8.4,90.5,844.4,-760.2,0,0,17:09:05
9.31,-8.39,90.5,842.6,-759.3,0,0,17:09:10
9.3,-8.38,90.4,840.7,-757.6,0,0,17:09:15
9.3,-8.38,90.5,841.7,-758.4,0,0,17:09:20
9.27,-8.34,90.5,838.9,-754.8,0,0,17:09:25
9.29,-8.36,90.5,840.7,-756.6,0,0,17:09:30
9.28,-8.36,90.5,839.8,-756.6,0,0,17:09:35
9.28,-8.36,90.5,839.8,-756.6,0,0,17:09:40
9.26,-8.34,90.5,838,-754.8,0,0,17:09:45
9.27,-8.34,90.5,838.9,-754.8,0,0,17:09:50
9.26,-8.32,90.5,838,-753,0,0,17:09:55
9.26,-8.32,90.6,839,-753.8,0,0,17:10:00
9.25,-8.32,90.6,838.1,-753.8,0,0,17:10:05
9.24,-8.31,90.6,837.1,-752.9,0,0,17:10:10
9.24,-8.3,90.5,836.2,-751.2,0,0,17:10:15
9.24,-8.3,90.6,837.1,-752,0,0,17:10:20
9.24,-8.3,90.6,837.1,-752,0,0,17:10:25
9.23,-8.29,90.6,836.2,-751.1,0,0,17:10:30
9.21,-8.29,90.6,834.4,-751.1,0,0,17:10:35
9.2,-8.27,90.6,833.5,-749.3,0,0,17:10:40
9.15,-8.24,90.6,829,-746.5,0,0,17:10:45
9.16,-8.24,90.6,829.9,-746.5,0,0,17:10:50
9.18,-8.25,90.6,831.7,-747.5,0,0,17:10:55
9.19,-8.27,90.6,832.6,-749.3,0,0,17:11:00
9.18,-8.26,90.6,831.7,-748.4,0,0,17:11:05
9.19,-8.26,90.6,832.6,-748.4,0,0,17:11:10
9.17,-8.25,90.6,830.8,-747.5,0,0,17:11:15
9.17,-8.25,90.6,830.8,-747.5,0,0,17:11:20
9.17,-8.24,90.6,830.8,-746.5,0,0,17:11:25
9.15,-8.24,90.6,829,-746.5,0,0,17:11:30
9.14,-8.23,90.6,828.1,-745.6,0,0,17:11:35
9.14,-8.23,90.6,828.1,-745.6,0,0,17:11:40
9.13,-8.22,90.6,827.2,-744.7,0,0,17:11:45
9.16,-8.24,90.6,829.9,-746.5,0,0,17:11:50
9.14,-8.21,90.6,828.1,-743.8,0,0,17:11:55
9.14,-8.23,90.6,828.1,-745.6,0,0,17:12:00
9.13,-8.22,90.6,827.2,-744.7,0,0,17:12:05
9.13,-8.22,90.6,827.2,-744.7,0,0,17:12:10
9.13,-8.21,90.6,827.2,-743.8,0,0,17:12:15
9.13,-8.21,90.6,827.2,-743.8,0,0,17:12:20
9.12,-8.2,90.6,826.3,-742.9,0,0,17:12:25
9.12,-8.19,90.6,826.3,-742,0,0,17:12:30
9.12,-8.21,90.7,827.2,-744.6,0,0,17:12:35
9.13,-8.21,90.6,827.2,-743.8,0,0,17:12:40
9.11,-8.18,90.6,825.4,-741.1,0,0,17:12:45
9.11,-8.19,90.6,825.4,-742,0,0,17:12:50
9.12,-8.2,90.6,826.3,-742.9,0,0,17:12:55
9.1,-8.17,90.6,824.5,-740.2,0,0,17:13:00
9.08,-8.16,90.6,822.6,-739.3,0,0,17:13:05
9.07,-8.16,90.6,821.7,-739.3,0,0,17:13:10
9.09,-8.18,90.7,824.5,-741.9,0,0,17:13:15
9.1,-8.18,90.6,824.5,-741.1,0,0,17:13:20
9.1,-8.17,90.7,825.4,-741,0,0,17:13:25
9.08,-8.16,90.6,822.6,-739.3,0,0,17:13:30
9.06,-8.15,90.7,821.7,-739.2,0,0,17:13:35
9.07,-8.15,90.7,822.6,-739.2,0,0,17:13:40
9.08,-8.16,90.7,823.6,-740.1,0,0,17:13:45
9.06,-8.15,90.7,821.7,-739.2,0,0,17:13:50
9.05,-8.14,90.7,820.8,-738.3,0,0,17:13:55
9.06,-8.15,90.7,821.7,-739.2,0,0,17:14:00
9.07,-8.15,90.7,822.6,-739.2,0,0,17:14:05
9.05,-8.13,90.7,820.8,-737.4,0,0,17:14:10
9.06,-8.14,90.7,821.7,-738.3,0,0,17:14:15
9.05,-8.14,90.7,820.8,-738.3,0,0,17:14:20
9.03,-8.12,90.7,819,-736.5,0,0,17:14:25
9.01,-8.1,90.7,817.2,-734.7,0,0,17:14:30
9.02,-8.12,90.7,818.1,-736.5,0,0,17:14:35
9.01,-8.1,90.7,817.2,-734.7,0,0,17:14:40
9.02,-8.11,90.7,818.1,-735.6,0,0,17:14:45
9.01,-8.1,90.7,817.2,-734.7,0,0,17:14:50
9.01,-8.1,90.7,817.2,-734.7,0,0,17:14:55
8.99,-8.09,90.7,815.4,-733.8,0,0,17:15:00
8.96,-8.06,90.7,812.7,-731,0,0,17:15:05
8.99,-8.09,90.7,815.4,-733.8,0,0,17:15:10
8.97,-8.06,90.7,813.6,-731,0,0,17:15:15
8.97,-8.07,90.7,813.6,-731.9,0,0,17:15:20
8.95,-8.05,90.7,811.8,-730.1,0,0,17:15:25
8.97,-8.07,90.7,813.6,-731.9,0,0,17:15:30
8.97,-8.06,90.7,813.6,-731,0,0,17:15:35
8.95,-8.04,90.7,811.8,-729.2,0,0,17:15:40
8.93,-8.02,90.7,810,-727.4,0,0,17:15:45
8.93,-8.01,90.7,810,-726.5,0,0,17:15:50
8.93,-8.02,90.7,810,-727.4,0,0,17:15:55
8.93,-8.03,90.7,810,-728.3,0,0,17:16:00
8.92,-8.02,90.7,809,-727.4,0,0,17:16:05
8.89,-7.98,90.7,806.3,-723.8,0,0,17:16:10
8.89,-7.98,90.7,806.3,-723.8,0,0,17:16:15
8.88,-7.98,90.7,805.4,-723.8,0,0,17:16:20
8.88,-7.98,90.8,806.3,-724.6,0,0,17:16:25
8.89,-7.99,90.7,806.3,-724.7,0,0,17:16:30
8.87,-7.96,90.8,805.4,-722.8,0,0,17:16:35
8.86,-7.96,90.7,803.6,-722,0,0,17:16:40
8.85,-7.95,90.8,803.6,-721.9,0,0,17:16:45
8.83,-7.93,90.7,800.9,-719.3,0,0,17:16:50
8.83,-7.93,90.8,801.8,-720,0,0,17:16:55
8.83,-7.93,90.8,801.8,-720,0,0,17:17:00
8.82,-7.93,90.8,800.9,-720,0,0,17:17:05
8.78,-7.88,90.8,797.2,-715.5,0,0,17:17:10
8.81,-7.91,90.8,799.9,-718.2,0,0,17:17:15
8.79,-7.89,90.8,798.1,-716.4,0,0,17:17:20
8.77,-7.87,90.8,796.3,-714.6,0,0,17:17:25
8.76,-7.86,90.8,795.4,-713.7,0,0,17:17:30
8.76,-7.86,90.8,795.4,-713.7,0,0,17:17:35
8.75,-7.85,90.8,794.5,-712.8,0,0,17:17:40
8.75,-7.86,90.9,795.4,-714.5,0,0,17:17:45
8.75,-7.85,90.9,795.4,-713.6,0,0,17:17:50
8.73,-7.84,90.9,793.6,-712.7,0,0,17:17:55
8.75,-7.86,90.8,794.5,-713.7,0,0,17:18:00
8.73,-7.84,90.8,792.7,-711.9,0,0,17:18:05
8.71,-7.82,90.8,790.9,-710.1,0,0,17:18:10
8.7,-7.81,90.9,790.8,-709.9,0,0,17:18:15
8.68,-7.8,90.9,789,-709,0,0,17:18:20
8.68,-7.79,90.9,789,-708.1,0,0,17:18:25
8.68,-7.79,90.9,789,-708.1,0,0,17:18:30
8.68,-7.79,90.9,789,-708.1,0,0,17:18:35
8.67,-7.78,90.9,788.1,-707.2,0,0,17:18:40
8.66,-7.78,90.9,787.2,-707.2,0,0,17:18:45
8.64,-7.75,90.9,785.4,-704.5,0,0,17:18:50
8.65,-7.76,90.8,785.4,-704.6,0,0,17:18:55
8.65,-7.76,90.9,786.3,-705.4,0,0,17:19:00
8.64,-7.75,90.9,785.4,-704.5,0,0,17:19:05
8.63,-7.74,90.8,783.6,-702.8,0,0,17:19:10
8.64,-7.75,90.9,785.4,-704.5,0,0,17:19:15
8.62,-7.73,90.9,783.6,-702.7,0,0,17:19:20
8.62,-7.74,90.9,783.6,-703.6,0,0,17:19:25
8.63,-7.74,90.9,784.5,-703.6,0,0,17:19:30
8.61,-7.71,90.9,782.6,-700.8,0,0,17:19:35
8.59,-7.7,90.9,780.8,-699.9,0,0,17:19:40
8.59,-7.7,90.9,780.8,-699.9,0,0,17:19:45
8.58,-7.71,90.9,779.9,-700.8,0,0,17:19:50
8.64,-7.75,90.9,785.4,-704.5,0,0,17:19:55
8.65,-7.77,90.9,786.3,-706.3,0,0,17:20:00
8.66,-7.78,90.9,787.2,-707.2,0,0,17:20:05
8.74,-7.84,90.9,794.5,-712.7,0,0,17:20:10
8.67,-7.78,90.9,788.1,-707.2,0,0,17:20:15
8.63,-7.75,90.9,784.5,-704.5,0,0,17:20:20
8.62,-7.73,90.9,783.6,-702.7,0,0,17:20:25
8.59,-7.7,90.9,780.8,-699.9,0,0,17:20:30
8.58,-7.7,90.9,779.9,-699.9,0,0,17:20:35
8.56,-7.68,90.9,778.1,-698.1,0,0,17:20:40
8.54,-7.66,90.9,776.3,-696.3,0,0,17:20:45
8.51,-7.64,90.9,773.6,-694.5,0,0,17:20:50
8.47,-7.6,90.9,769.9,-690.8,0,0,17:20:55
8.48,-7.62,90.9,770.8,-692.7,0,0,17:21:00
8.51,-7.64,90.9,773.6,-694.5,0,0,17:21:05
8.51,-7.63,90.9,773.6,-693.6,0,0,17:21:10
8.49,-7.62,90.9,771.7,-692.7,0,0,17:21:15
8.51,-7.63,90.9,773.6,-693.6,0,0,17:21:20
8.54,-7.67,90.9,776.3,-697.2,0,0,17:21:25
8.55,-7.67,90.9,777.2,-697.2,0,0,17:21:30
8.53,-7.66,90.9,775.4,-696.3,0,0,17:21:35
8.52,-7.65,90.9,774.5,-695.4,0,0,17:21:40
8.52,-7.65,90.9,774.5,-695.4,0,0,17:21:45
8.51,-7.65,90.9,773.6,-695.4,0,0,17:21:50
8.51,-7.64,91,774.4,-695.2,0,0,17:21:55
8.54,-7.66,91,777.1,-697.1,0,0,17:22:00
8.53,-7.65,90.9,775.4,-695.4,0,0,17:22:05
8.52,-7.65,91,775.3,-696.2,0,0,17:22:10
8.49,-7.61,91,772.6,-692.5,0,0,17:22:15
8.49,-7.62,90.9,771.7,-692.7,0,0,17:22:20
8.49,-7.63,91,772.6,-694.3,0,0,17:22:25
8.48,-7.61,91,771.7,-692.5,0,0,17:22:30
8.47,-7.6,91,770.8,-691.6,0,0,17:22:35
8.46,-7.59,90.9,769,-689.9,0,0,17:22:40
8.44,-7.57,91,768,-688.9,0,0,17:22:45
8.45,-7.58,91,769,-689.8,0,0,17:22:50
8.44,-7.57,90.9,767.2,-688.1,0,0,17:22:55
8.43,-7.55,91,767.1,-687.1,0,0,17:23:00
8.41,-7.54,91,765.3,-686.1,0,0,17:23:05
8.37,-7.51,91,761.7,-683.4,0,0,17:23:10
8.36,-7.49,91,760.8,-681.6,0,0,17:23:15
8.38,-7.52,91,762.6,-684.3,0,0,17:23:20
8.37,-7.5,91,761.7,-682.5,0,0,17:23:25
8.37,-7.5,91,761.7,-682.5,0,0,17:23:30
8.35,-7.49,91,759.9,-681.6,0,0,17:23:35
8.35,-7.5,91,759.9,-682.5,0,0,17:23:40
8.35,-7.49,91,759.9,-681.6,0,0,17:23:45
8.34,-7.48,91,758.9,-680.7,0,0,17:23:50
8.31,-7.45,91,756.2,-678,0,0,17:23:55
8.32,-7.46,91,757.1,-678.9,0,0,17:24:00
8.52,-7.65,91,775.3,-696.2,0,0,17:24:05
8.5,-7.63,91,773.5,-694.3,0,0,17:24:10
8.5,-7.62,91,773.5,-693.4,0,0,17:24:15
8.5,-7.63,91,773.5,-694.3,0,0,17:24:20
8.51,-7.64,91,774.4,-695.2,0,0,17:24:25
8.51,-7.63,91,774.4,-694.3,0,0,17:24:30
8.49,-7.62,91,772.6,-693.4,0,0,17:24:35
8.48,-7.6,91,771.7,-691.6,0,0,17:24:40
8.46,-7.59,91,769.9,-690.7,0,0,17:24:45
8.46,-7.59,91,769.9,-690.7,0,0,17:24:50
8.46,-7.6,91,769.9,-691.6,0,0,17:24:55
8.47,-7.6,91,770.8,-691.6,0,0,17:25:00
8.42,-7.55,91,766.2,-687.1,0,0,17:25:05
8.43,-7.55,91,767.1,-687.1,0,0,17:25:10
8.44,-7.57,91,768,-688.9,0,0,17:25:15
8.44,-7.57,91,768,-688.9,0,0,17:25:20
8.44,-7.57,91.1,768.9,-689.6,0,0,17:25:25
8.43,-7.55,91,767.1,-687.1,0,0,17:25:30
8.4,-7.53,91.1,765.2,-686,0,0,17:25:35
8.38,-7.52,91.1,763.4,-685.1,0,0,17:25:40
8.36,-7.5,91.1,761.6,-683.3,0,0,17:25:45
8.39,-7.52,91,763.5,-684.3,0,0,17:25:50
8.35,-7.49,91.1,760.7,-682.3,0,0,17:25:55
8.34,-7.48,91,758.9,-680.7,0,0,17:26:00
8.32,-7.46,91.1,758,-679.6,0,0,17:26:05
8.32,-7.45,91.1,758,-678.7,0,0,17:26:10
8.32,-7.45,91.1,758,-678.7,0,0,17:26:15
8.31,-7.45,91.1,757,-678.7,0,0,17:26:20
8.31,-7.44,91.1,757,-677.8,0,0,17:26:25
8.3,-7.43,91.1,756.1,-676.9,0,0,17:26:30
8.27,-7.41,91.1,753.4,-675.1,0,0,17:26:35
8.25,-7.39,91.1,751.6,-673.2,0,0,17:26:40
8.28,-7.41,91.1,754.3,-675.1,0,0,17:26:45
8.28,-7.42,91.1,754.3,-676,0,0,17:26:50
8.27,-7.4,91.2,754.2,-674.9,0,0,17:26:55
8.24,-7.38,91.1,750.7,-672.3,0,0,17:27:00
8.23,-7.38,91.1,749.8,-672.3,0,0,17:27:05
8.23,-7.37,91.1,749.8,-671.4,0,0,17:27:10
8.23,-7.36,91.1,749.8,-670.5,0,0,17:27:15
8.23,-7.38,91.2,750.6,-673.1,0,0,17:27:20
8.23,-7.37,91.1,749.8,-671.4,0,0,17:27:25
8.22,-7.36,91.2,749.7,-671.2,0,0,17:27:30
8.23,-7.37,91.2,750.6,-672.1,0,0,17:27:35
8.21,-7.35,91.2,748.8,-670.3,0,0,17:27:40
8.18,-7.33,91.2,746,-668.5,0,0,17:27:45
8.17,-7.33,91.2,745.1,-668.5,0,0,17:27:50
8.16,-7.31,91.1,743.4,-665.9,0,0,17:27:55
8.19,-7.33,91.1,746.1,-667.8,0,0,17:28:00
8.18,-7.34,91.2,746,-669.4,0,0,17:28:05
8.2,-7.34,91.2,747.8,-669.4,0,0,17:28:10
8.18,-7.33,91.2,746,-668.5,0,0,17:28:15
8.18,-7.32,91.2,746,-667.6,0,0,17:28:20
8.15,-7.3,91.2,743.3,-665.8,0,0,17:28:25
8.15,-7.29,91.2,743.3,-664.8,0,0,17:28:30
8.14,-7.29,91.2,742.4,-664.8,0,0,17:28:35
8.13,-7.27,91.2,741.5,-663,0,0,17:28:40
8.12,-7.26,91.2,740.5,-662.1,0,0,17:28:45
8.12,-7.27,91.2,740.5,-663,0,0,17:28:50
8.11,-7.26,91.2,739.6,-662.1,0,0,17:28:55
8.11,-7.27,91.2,739.6,-663,0,0,17:29:00
8.13,-7.28,91.2,741.5,-663.9,0,0,17:29:05
8.1,-7.25,91.2,738.7,-661.2,0,0,17:29:10
8.08,-7.24,91.2,736.9,-660.3,0,0,17:29:15
8.06,-7.23,91.2,735.1,-659.4,0,0,17:29:20
8.07,-7.23,91.2,736,-659.4,0,0,17:29:25
8.06,-7.22,91.2,735.1,-658.5,0,0,17:29:30
8.04,-7.2,91.2,733.2,-656.6,0,0,17:29:35
8.08,-7.23,91.2,736.9,-659.4,0,0,17:29:40
8.08,-7.23,91.2,736.9,-659.4,0,0,17:29:45
8.06,-7.22,91.2,735.1,-658.5,0,0,17:29:50
8.06,-7.21,91.2,735.1,-657.6,0,0,17:29:55
8.02,-7.19,91.2,731.4,-655.7,0,0,17:30:00
8,-7.16,91.2,729.6,-653,0,0,17:30:05
8.01,-7.17,91.2,730.5,-653.9,0,0,17:30:10
8.01,-7.18,91.2,730.5,-654.8,0,0,17:30:15
8.01,-7.18,91.2,730.5,-654.8,0,0,17:30:20
8.01,-7.17,91.2,730.5,-653.9,0,0,17:30:25
8,-7.17,91.2,729.6,-653.9,0,0,17:30:30
7.98,-7.15,91.2,727.8,-652.1,0,0,17:30:35
7.96,-7.12,91.2,726,-649.3,0,0,17:30:40
7.95,-7.12,91.2,725,-649.3,0,0,17:30:45
7.92,-7.09,91.2,722.3,-646.6,0,0,17:30:50
7.9,-7.07,91.2,720.5,-644.8,0,0,17:30:55
7.9,-7.08,91.2,720.5,-645.7,0,0,17:31:00
7.89,-7.05,91.2,719.6,-643,0,0,17:31:05
7.9,-7.07,91.2,720.5,-644.8,0,0,17:31:10
7.88,-7.06,91.2,718.7,-643.9,0,0,17:31:15
7.87,-7.04,91.2,717.7,-642,0,0,17:31:20
7.85,-7,91.2,715.9,-638.4,0,0,17:31:25
7.8,-6.97,91.2,711.4,-635.7,0,0,17:31:30
7.81,-6.98,91.3,713.1,-637.3,0,0,17:31:35
7.81,-6.97,91.2,712.3,-635.7,0,0,17:31:40
7.79,-6.96,91.2,710.4,-634.8,0,0,17:31:45
7.8,-6.97,91.2,711.4,-635.7,0,0,17:31:50
7.81,-6.98,91.2,712.3,-636.6,0,0,17:31:55
7.79,-6.97,91.2,710.4,-635.7,0,0,17:32:00
7.77,-6.95,91.2,708.6,-633.8,0,0,17:32:05
7.78,-6.96,91.2,709.5,-634.8,0,0,17:32:10
7.76,-6.94,91.2,707.7,-632.9,0,0,17:32:15
7.73,-6.91,91.2,705,-630.2,0,0,17:32:20
7.71,-6.9,91.2,703.2,-629.3,0,0,17:32:25
7.71,-6.9,91.2,703.2,-629.3,0,0,17:32:30
7.71,-6.9,91.3,703.9,-630,0,0,17:32:35
7.71,-6.9,91.2,703.2,-629.3,0,0,17:32:40
7.71,-6.9,91.2,703.2,-629.3,0,0,17:32:45
7.71,-6.9,91.3,703.9,-630,0,0,17:32:50
7.72,-6.89,91.3,704.8,-629.1,0,0,17:32:55
7.72,-6.9,91.2,704.1,-629.3,0,0,17:33:00
7.71,-6.89,91.3,703.9,-629.1,0,0,17:33:05
7.7,-6.88,91.3,703,-628.1,0,0,17:33:10
7.69,-6.88,91.3,702.1,-628.1,0,0,17:33:15
7.69,-6.88,91.3,702.1,-628.1,0,0,17:33:20
7.67,-6.86,91.3,700.3,-626.3,0,0,17:33:25
7.66,-6.85,91.3,699.4,-625.4,0,0,17:33:30
7.65,-6.84,91.3,698.4,-624.5,0,0,17:33:35
7.64,-6.83,91.3,697.5,-623.6,0,0,17:33:40
7.65,-6.84,91.3,698.4,-624.5,0,0,17:33:45
7.63,-6.82,91.2,695.9,-622,0,0,17:33:50
7.64,-6.83,91.3,697.5,-623.6,0,0,17:33:55
7.65,-6.83,91.3,698.4,-623.6,0,0,17:34:00
7.62,-6.81,91.3,695.7,-621.8,0,0,17:34:05
7.61,-6.79,91.3,694.8,-619.9,0,0,17:34:10
7.57,-6.76,91.3,691.1,-617.2,0,0,17:34:15
7.56,-6.75,91.3,690.2,-616.3,0,0,17:34:20
7.54,-6.74,91.3,688.4,-615.4,0,0,17:34:25
7.53,-6.72,91.3,687.5,-613.5,0,0,17:34:30
7.52,-6.71,91.3,686.6,-612.6,0,0,17:34:35
7.49,-6.68,91.3,683.8,-609.9,0,0,17:34:40
7.48,-6.68,91.3,682.9,-609.9,0,0,17:34:45
7.5,-6.7,91.3,684.8,-611.7,0,0,17:34:50
7.48,-6.68,91.3,682.9,-609.9,0,0,17:34:55
7.47,-6.66,91.3,682,-608.1,0,0,17:35:00
7.44,-6.65,91.3,679.3,-607.1,0,0,17:35:05
7.4,-6.61,91.3,675.6,-603.5,0,0,17:35:10
7.37,-6.58,91.3,672.9,-600.8,0,0,17:35:15
7.35,-6.56,91.3,671.1,-598.9,0,0,17:35:20
7.32,-6.52,91.3,668.3,-595.3,0,0,17:35:25
7.31,-6.52,91.3,667.4,-595.3,0,0,17:35:30
7.33,-6.53,91.3,669.2,-596.2,0,0,17:35:35
7.34,-6.55,91.3,670.1,-598,0,0,17:35:40
7.36,-6.57,91.3,672,-599.8,0,0,17:35:45
7.35,-6.57,91.3,671.1,-599.8,0,0,17:35:50
7.36,-6.58,91.3,672,-600.8,0,0,17:35:55
7.35,-6.55,91.3,671.1,-598,0,0,17:36:00
7.32,-6.54,91.3,668.3,-597.1,0,0,17:36:05
7.31,-6.53,91.3,667.4,-596.2,0,0,17:36:10
7.31,-6.52,91.3,667.4,-595.3,0,0,17:36:15
7.3,-6.5,91.3,666.5,-593.5,0,0,17:36:20
7.27,-6.48,91.3,663.8,-591.6,0,0,17:36:25
7.26,-6.48,91.3,662.8,-591.6,0,0,17:36:30
7.26,-6.48,91.2,662.1,-591,0,0,17:36:35
7.25,-6.46,91.3,661.9,-589.8,0,0,17:36:40
7.25,-6.47,91.3,661.9,-590.7,0,0,17:36:45
7.23,-6.46,91.3,660.1,-589.8,0,0,17:36:50
7.23,-6.45,91.3,660.1,-588.9,0,0,17:36:55
7.22,-6.44,91.3,659.2,-588,0,0,17:37:00
7.2,-6.42,91.3,657.4,-586.1,0,0,17:37:05
7.2,-6.42,91.3,657.4,-586.1,0,0,17:37:10
7.19,-6.41,91.3,656.4,-585.2,0,0,17:37:15
7.19,-6.41,91.3,656.4,-585.2,0,0,17:37:20
7.18,-6.4,91.3,655.5,-584.3,0,0,17:37:25
7.16,-6.38,91.3,653.7,-582.5,0,0,17:37:30
7.14,-6.36,91.3,651.9,-580.7,0,0,17:37:35
7.14,-6.37,91.3,651.9,-581.6,0,0,17:37:40
7.15,-6.36,91.3,652.8,-580.7,0,0,17:37:45
7.14,-6.35,91.3,651.9,-579.8,0,0,17:37:50
7.13,-6.36,91.3,651,-580.7,0,0,17:37:55
7.13,-6.36,91.3,651,-580.7,0,0,17:38:00
7.12,-6.36,91.3,650.1,-580.7,0,0,17:38:05
7.13,-6.36,91.3,651,-580.7,0,0,17:38:10
7.12,-6.34,91.3,650.1,-578.8,0,0,17:38:15
7.12,-6.34,91.3,650.1,-578.8,0,0,17:38:20
7.12,-6.34,91.3,650.1,-578.8,0,0,17:38:25
7.1,-6.33,91.3,648.2,-577.9,0,0,17:38:30
7.11,-6.33,91.3,649.1,-577.9,0,0,17:38:35
7.1,-6.32,91.3,648.2,-577,0,0,17:38:40
7.07,-6.3,91.3,645.5,-575.2,0,0,17:38:45
7.06,-6.3,91.3,644.6,-575.2,0,0,17:38:50
7.05,-6.29,91.3,643.7,-574.3,0,0,17:38:55
7.04,-6.28,91.3,642.8,-573.4,0,0,17:39:00
7.03,-6.26,91.3,641.8,-571.5,0,0,17:39:05
7.02,-6.25,91.3,640.9,-570.6,0,0,17:39:10
7.02,-6.25,91.3,640.9,-570.6,0,0,17:39:15
7.01,-6.23,91.3,640,-568.8,0,0,17:39:20
7,-6.23,91.3,639.1,-568.8,0,0,17:39:25
6.99,-6.22,91.3,638.2,-567.9,0,0,17:39:30
6.98,-6.21,91.3,637.3,-567,0,0,17:39:35
6.98,-6.2,91.3,637.3,-566.1,0,0,17:39:40
6.89,-6.13,91.3,629.1,-559.7,0,0,17:39:45
6.79,-6.04,91.3,619.9,-551.5,0,0,17:39:50
6.82,-6.07,91.3,622.7,-554.2,0,0,17:39:55
6.94,-6.18,91.3,633.6,-564.2,0,0,17:40:00
6.9,-6.14,91.3,630,-560.6,0,0,17:40:05
6.62,-5.88,91.3,604.4,-536.8,0,0,17:40:10
6.18,-5.47,91.3,564.2,-499.4,0,0,17:40:15
5.73,-5.05,91.2,522.6,-460.6,0,0,17:40:20
5.3,-4.65,91.2,483.4,-424.1,0,0,17:40:25
4.97,-4.35,91.1,452.8,-396.3,0,0,17:40:30
4.81,-4.2,91,437.7,-382.2,0,0,17:40:35
4.71,-4.11,91,428.6,-374,0,0,17:40:40
4.64,-4.04,91,422.2,-367.6,0,0,17:40:45
4.82,-4.21,91,438.6,-383.1,0,3,17:40:50
5.21,-4.58,91.2,475.2,-417.7,0,0,17:40:55
5.45,-4.8,91.2,497,-437.8,0,0,17:41:00
5.49,-4.83,91.2,500.7,-440.5,0,0,17:41:05
5.54,-4.87,91.2,505.2,-444.1,0,0,17:41:10
5.6,-4.93,91.2,510.7,-449.6,0,0,17:41:15
5.67,-5.01,91.2,517.1,-456.9,0,0,17:41:20
5.79,-5.11,91.2,528,-466,0,0,17:41:25
5.98,-5.29,91.2,545.4,-482.4,0,0,17:41:30
6.12,-5.42,91.3,558.8,-494.8,0,0,17:41:35
6.17,-5.47,91.3,563.3,-499.4,0,0,17:41:40
5.94,-5.25,91.3,542.3,-479.3,0,0,17:41:45
5.52,-4.86,91.2,503.4,-443.2,0,0,17:41:50
5.13,-4.49,91.2,467.9,-409.5,0,0,17:41:55
4.83,-4.22,91.2,440.5,-384.9,0,0,17:42:00
4.88,-4.26,91.2,445.1,-388.5,0,0,17:42:05
5.05,-4.42,91.2,460.6,-403.1,0,0,17:42:10
5.39,-4.74,91.2,491.6,-432.3,0,0,17:42:15
5.72,-5.05,91.2,521.7,-460.6,0,0,17:42:20
5.97,-5.28,91.3,545.1,-482.1,0,0,17:42:25
6.27,-5.55,91.3,572.5,-506.7,0,0,17:42:30
6.46,-5.73,91.3,589.8,-523.1,0,0,17:42:35
6.53,-5.79,91.3,596.2,-528.6,0,0,17:42:40
6.55,-5.81,91.3,598,-530.5,0,0,17:42:45
6.55,-5.8,91.3,598,-529.5,0,0,17:42:50
6.53,-5.79,91.3,596.2,-528.6,0,0,17:42:55
6.53,-5.79,91.3,596.2,-528.6,0,0,17:43:00
6.5,-5.76,91.3,593.5,-525.9,0,0,17:43:05
6.51,-5.78,91.3,594.4,-527.7,0,0,17:43:10
6.47,-5.74,91.3,590.7,-524.1,0,0,17:43:15
6.45,-5.72,91.3,588.9,-522.2,0,0,17:43:20
6.44,-5.71,91.3,588,-521.3,0,0,17:43:25
6.45,-5.72,91.4,589.5,-522.8,0,0,17:43:30
6.44,-5.71,91.4,588.6,-521.9,0,0,17:43:35
6.45,-5.72,91.3,588.9,-522.2,0,0,17:43:40
6.43,-5.7,91.4,587.7,-521,0,0,17:43:45
6.41,-5.69,91.3,585.2,-519.5,0,0,17:43:50
6.36,-5.64,91.3,580.7,-514.9,0,0,17:43:55
6.38,-5.66,91.4,583.1,-517.3,0,0,17:44:00
6.35,-5.62,91.3,579.8,-513.1,0,0,17:44:05
6.36,-5.63,91.3,580.7,-514,0,0,17:44:10
6.34,-5.61,91.3,578.8,-512.2,0,0,17:44:15
6.33,-5.61,91.3,577.9,-512.2,0,0,17:44:20
6.32,-5.6,91.4,577.6,-511.8,0,0,17:44:25
6.32,-5.6,91.4,577.6,-511.8,0,0,17:44:30
6.3,-5.58,91.4,575.8,-510,0,0,17:44:35
6.27,-5.55,91.4,573.1,-507.3,0,0,17:44:40
6.26,-5.55,91.4,572.2,-507.3,0,0,17:44:45
6.27,-5.56,91.4,573.1,-508.2,0,0,17:44:50
6.23,-5.53,91.4,569.4,-505.4,0,0,17:44:55
6.22,-5.52,91.4,568.5,-504.5,0,0,17:45:00
6.21,-5.5,91.4,567.6,-502.7,0,0,17:45:05
6.16,-5.46,91.4,563,-499,0,0,17:45:10
6.15,-5.46,91.4,562.1,-499,0,0,17:45:15
6.17,-5.47,91.4,563.9,-500,0,0,17:45:20
6.17,-5.46,91.4,563.9,-499,0,0,17:45:25
6.14,-5.44,91.4,561.2,-497.2,0,0,17:45:30
6.16,-5.45,91.4,563,-498.1,0,0,17:45:35
6.14,-5.45,91.4,561.2,-498.1,0,0,17:45:40
6.14,-5.44,91.4,561.2,-497.2,0,0,17:45:45
6.1,-5.41,91.5,558.2,-495,0,0,17:45:50
6.11,-5.41,91.5,559.1,-495,0,0,17:45:55
6.06,-5.36,91.5,554.5,-490.4,0,0,17:46:00
6.05,-5.35,91.4,553,-489,0,0,17:46:05
6.03,-5.34,91.4,551.1,-488.1,0,0,17:46:10
6.04,-5.34,91.4,552.1,-488.1,0,0,17:46:15
6.04,-5.35,91.4,552.1,-489,0,0,17:46:20
6.04,-5.35,91.4,552.1,-489,0,0,17:46:25
6.02,-5.32,91.4,550.2,-486.2,0,0,17:46:30
6,-5.3,91.4,548.4,-484.4,0,0,17:46:35
5.99,-5.29,91.4,547.5,-483.5,0,0,17:46:40
5.96,-5.28,91.4,544.7,-482.6,0,0,17:46:45
5.98,-5.28,91.5,547.2,-483.1,0,0,17:46:50
5.97,-5.29,91.5,546.3,-484,0,0,17:46:55
5.93,-5.24,91.4,542,-478.9,0,0,17:47:00
5.95,-5.27,91.5,544.4,-482.2,0,0,17:47:05
5.9,-5.22,91.5,539.9,-477.6,0,0,17:47:10
5.89,-5.2,91.4,538.3,-475.3,0,0,17:47:15
5.88,-5.2,91.4,537.4,-475.3,0,0,17:47:20
5.9,-5.21,91.4,539.3,-476.2,0,0,17:47:25
5.9,-5.22,91.5,539.9,-477.6,0,0,17:47:30
5.88,-5.19,91.4,537.4,-474.4,0,0,17:47:35
5.86,-5.17,91.5,536.2,-473.1,0,0,17:47:40
5.84,-5.16,91.4,533.8,-471.6,0,0,17:47:45
5.81,-5.13,91.5,531.6,-469.4,0,0,17:47:50
5.81,-5.13,91.5,531.6,-469.4,0,0,17:47:55
5.8,-5.12,91.5,530.7,-468.5,0,0,17:48:00
5.82,-5.14,91.4,531.9,-469.8,0,0,17:48:05
5.8,-5.13,91.4,530.1,-468.9,0,0,17:48:10
5.77,-5.11,91.4,527.4,-467.1,0,0,17:48:15
5.75,-5.08,91.5,526.1,-464.8,0,0,17:48:20
5.73,-5.07,91.4,523.7,-463.4,0,0,17:48:25
5.73,-5.06,91.5,524.3,-463,0,0,17:48:30
5.71,-5.04,91.4,521.9,-460.7,0,0,17:48:35
5.73,-5.06,91.5,524.3,-463,0,0,17:48:40
5.7,-5.03,91.5,521.6,-460.2,0,0,17:48:45
5.68,-5.01,91.5,519.7,-458.4,0,0,17:48:50
5.66,-4.99,91.5,517.9,-456.6,0,0,17:48:55
5.64,-4.97,91.5,516.1,-454.8,0,0,17:49:00
5.62,-4.95,91.4,513.7,-452.4,0,0,17:49:05
5.63,-4.96,91.4,514.6,-453.3,0,0,17:49:10
5.62,-4.95,91.4,513.7,-452.4,0,0,17:49:15
5.63,-4.96,91.5,515.1,-453.8,0,0,17:49:20
5.6,-4.94,91.5,512.4,-452,0,0,17:49:25
5.59,-4.92,91.5,511.5,-450.2,0,0,17:49:30
5.55,-4.88,91.4,507.3,-446,0,0,17:49:35
5.57,-4.9,91.5,509.7,-448.4,0,0,17:49:40
5.55,-4.89,91.5,507.8,-447.4,0,0,17:49:45
5.55,-4.89,91.4,507.3,-446.9,0,0,17:49:50
5.54,-4.87,91.5,506.9,-445.6,0,0,17:49:55
5.52,-4.86,91.5,505.1,-444.7,0,3,17:50:00
5.52,-4.85,91.5,505.1,-443.8,0,3,17:50:05
5.5,-4.84,91.4,502.7,-442.4,0,2,17:50:10
5.48,-4.83,91.5,501.4,-441.9,0,0,17:50:15
5.46,-4.81,91.5,499.6,-440.1,0,0,17:50:20
5.46,-4.81,91.5,499.6,-440.1,0,3,17:50:25
5.46,-4.81,91.5,499.6,-440.1,0,0,17:50:30
5.47,-4.82,91.5,500.5,-441,0,3,17:50:35
5.45,-4.79,91.4,498.1,-437.8,0,0,17:50:40
5.44,-4.78,91.5,497.8,-437.4,0,3,17:50:45
5.44,-4.78,91.5,497.8,-437.4,0,3,17:50:50
5.43,-4.78,91.5,496.8,-437.4,0,3,17:50:55
5.41,-4.75,91.5,495,-434.6,0,3,17:51:00
5.37,-4.72,91.5,491.4,-431.9,0,2,17:51:05
5.38,-4.73,91.5,492.3,-432.8,0,2,17:51:10
5.4,-4.74,91.5,494.1,-433.7,0,2,17:51:15
5.39,-4.73,91.5,493.2,-432.8,0,0,17:51:20
5.37,-4.72,91.5,491.4,-431.9,0,0,17:51:25
5.34,-4.69,91.5,488.6,-429.1,0,0,17:51:30
5.31,-4.67,91.5,485.9,-427.3,0,0,17:51:35
5.29,-4.64,91.5,484,-424.6,0,0,17:51:40
5.28,-4.63,91.5,483.1,-423.6,0,0,17:51:45
5.25,-4.62,91.5,480.4,-422.7,0,0,17:51:50
5.26,-4.63,91.5,481.3,-423.6,0,0,17:51:55
5.26,-4.62,91.5,481.3,-422.7,0,0,17:52:00
5.25,-4.61,91.5,480.4,-421.8,0,0,17:52:05
5.24,-4.6,91.5,479.5,-420.9,0,0,17:52:10
5.22,-4.58,91.5,477.6,-419.1,0,0,17:52:15
5.21,-4.57,91.4,476.2,-417.7,0,0,17:52:20
5.17,-4.54,91.5,473.1,-415.4,0,0,17:52:25
5.12,-4.5,91.5,468.5,-411.8,0,0,17:52:30
5.12,-4.5,91.5,468.5,-411.8,0,0,17:52:35
5.1,-4.47,91.5,466.7,-409,0,0,17:52:40
5.09,-4.45,91.5,465.7,-407.2,0,0,17:52:45
5.07,-4.43,91.4,463.4,-404.9,0,0,17:52:50
5.05,-4.42,91.5,462.1,-404.4,0,0,17:52:55
5.02,-4.4,91.4,458.8,-402.2,0,0,17:53:00
5.01,-4.38,91.5,458.4,-400.8,0,0,17:53:05
5.05,-4.42,91.4,461.6,-404,0,0,17:53:10
5.07,-4.44,91.5,463.9,-406.3,0,0,17:53:15
5.06,-4.43,91.5,463,-405.3,0,0,17:53:20
5.04,-4.41,91.5,461.2,-403.5,0,0,17:53:25
5.05,-4.41,91.5,462.1,-403.5,0,0,17:53:30
5.02,-4.39,91.4,458.8,-401.2,0,0,17:53:35
4.95,-4.34,91.5,452.9,-397.1,0,0,17:53:40
4.94,-4.31,91.5,452,-394.4,0,0,17:53:45
4.93,-4.31,91.5,451.1,-394.4,0,0,17:53:50
4.91,-4.29,91.5,449.3,-392.5,0,0,17:53:55
4.91,-4.3,91.4,448.8,-393,0,0,17:54:00
4.85,-4.24,91.4,443.3,-387.5,0,0,17:54:05
4.89,-4.26,91.4,446.9,-389.4,0,0,17:54:10
4.9,-4.27,91.5,448.4,-390.7,0,0,17:54:15
4.86,-4.25,91.5,444.7,-388.9,0,0,17:54:20
4.86,-4.25,91.5,444.7,-388.9,0,2,17:54:25
4.86,-4.24,91.4,444.2,-387.5,0,0,17:54:30
4.86,-4.24,91.5,444.7,-388,0,0,17:54:35
4.85,-4.24,91.5,443.8,-388,0,0,17:54:40
4.83,-4.22,91.4,441.5,-385.7,0,0,17:54:45
4.82,-4.21,91.5,441,-385.2,0,0,17:54:50
4.81,-4.19,91.5,440.1,-383.4,0,0,17:54:55
4.8,-4.19,91.4,438.7,-383,0,0,17:55:00
4.79,-4.18,91.5,438.3,-382.5,0,0,17:55:05
4.78,-4.17,91.5,437.4,-381.6,0,0,17:55:10
4.77,-4.17,91.4,436,-381.1,0,0,17:55:15
4.76,-4.16,91.5,435.5,-380.6,0,0,17:55:20
4.75,-4.14,91.5,434.6,-378.8,0,0,17:55:25
4.74,-4.13,91.4,433.2,-377.5,0,0,17:55:30
4.72,-4.11,91.5,431.9,-376.1,0,0,17:55:35
4.69,-4.1,91.4,428.7,-374.7,0,0,17:55:40
4.68,-4.08,91.5,428.2,-373.3,0,0,17:55:45
4.67,-4.07,91.4,426.8,-372,0,0,17:55:50
4.65,-4.05,91.5,425.5,-370.6,0,0,17:55:55
4.64,-4.05,91.5,424.6,-370.6,0,0,17:56:00
4.63,-4.04,91.5,423.6,-369.7,0,0,17:56:05
4.61,-4.01,91.5,421.8,-366.9,0,0,17:56:10
4.59,-4,91.4,419.5,-365.6,0,0,17:56:15
4.58,-3.98,91.5,419.1,-364.2,0,0,17:56:20
4.57,-3.97,91.5,418.2,-363.3,0,0,17:56:25
4.55,-3.97,91.5,416.3,-363.3,0,0,17:56:30
4.54,-3.95,91.5,415.4,-361.4,0,0,17:56:35
4.42,-3.84,91.5,404.4,-351.4,0,0,17:56:40
4.23,-3.66,91.3,386.2,-334.2,0,0,17:56:45
3.95,-3.39,91.3,360.6,-309.5,0,0,17:56:50
3.64,-3.11,91.3,332.3,-283.9,0,0,17:56:55
3.35,-2.85,91.2,305.5,-259.9,0,0,17:57:00
3.11,-2.63,91.2,283.6,-239.9,0,0,17:57:05
2.9,-2.44,91.2,264.5,-222.5,0,0,17:57:10
2.76,-2.3,91.2,251.7,-209.8,0,0,17:57:15
2.67,-2.2,91.2,243.5,-200.6,0,0,17:57:20
2.65,-2.19,91.2,241.7,-199.7,0,0,17:57:25
2.68,-2.22,91.2,244.4,-202.5,0,0,17:57:30
2.73,-2.27,91.2,249,-207,0,0,17:57:35
2.82,-2.35,91.2,257.2,-214.3,0,0,17:57:40
2.89,-2.43,91.2,263.6,-221.6,0,0,17:57:45
3.01,-2.53,91.2,274.5,-230.7,0,0,17:57:50
3.19,-2.71,91.2,290.9,-247.2,0,0,17:57:55
3.39,-2.88,91.2,309.2,-262.7,0,0,17:58:00
3.58,-3.06,91.2,326.5,-279.1,0,0,17:58:05
3.78,-3.24,91.3,345.1,-295.8,0,0,17:58:10
3.8,-3.26,91.3,346.9,-297.6,0,0,17:58:15
3.94,-3.4,91.3,359.7,-310.4,0,0,17:58:20
4.04,-3.49,91.3,368.9,-318.6,0,0,17:58:25
4.08,-3.52,91.3,372.5,-321.4,0,0,17:58:30
4.11,-3.55,91.3,375.2,-324.1,0,0,17:58:35
4.12,-3.56,91.3,376.2,-325,0,0,17:58:40
4.12,-3.56,91.3,376.2,-325,0,0,17:58:45
4.12,-3.56,91.3,376.2,-325,0,0,17:58:50
4.11,-3.56,91.3,375.2,-325,0,0,17:58:55
4.1,-3.54,91.3,374.3,-323.2,0,0,17:59:00
4.09,-3.53,91.3,373.4,-322.3,0,0,17:59:05
4.07,-3.52,91.3,371.6,-321.4,0,0,17:59:10
4.06,-3.51,91.3,370.7,-320.5,0,0,17:59:15
4.05,-3.49,91.3,369.8,-318.6,0,0,17:59:20
4.03,-3.48,91.3,367.9,-317.7,0,0,17:59:25
3.97,-3.43,91.3,362.5,-313.2,0,0,17:59:30
3.96,-3.41,91.3,361.5,-311.3,0,0,17:59:35
3.94,-3.4,91.3,359.7,-310.4,0,0,17:59:40
3.98,-3.43,91.3,363.4,-313.2,0,0,17:59:45
3.97,-3.43,91.3,362.5,-313.2,0,0,17:59:50
3.96,-3.41,91.4,361.9,-311.7,0,0,17:59:55
3.93,-3.39,91.3,358.8,-309.5,0,0,18:00:00
3.91,-3.37,91.3,357,-307.7,0,0,18:00:05
3.84,-3.3,91.3,350.6,-301.3,0,0,18:00:10
3.84,-3.31,91.3,350.6,-302.2,0,0,18:00:15
3.83,-3.28,91.3,349.7,-299.5,0,0,18:00:20
3.83,-3.29,91.3,349.7,-300.4,0,0,18:00:25
3.83,-3.31,91.3,349.7,-302.2,0,0,18:00:30
3.83,-3.29,91.3,349.7,-300.4,0,0,18:00:35
3.82,-3.29,91.3,348.8,-300.4,0,0,18:00:40
3.81,-3.27,91.3,347.9,-298.6,0,0,18:00:45
3.8,-3.26,91.3,346.9,-297.6,0,0,18:00:50
3.78,-3.25,91.3,345.1,-296.7,0,0,18:00:55
3.77,-3.23,91.3,344.2,-294.9,0,0,18:01:00
3.74,-3.23,91.3,341.5,-294.9,0,0,18:01:05
3.72,-3.2,91.3,339.6,-292.2,0,0,18:01:10
3.72,-3.18,91.3,339.6,-290.3,0,0,18:01:15
3.69,-3.17,91.3,336.9,-289.4,0,0,18:01:20
3.68,-3.15,91.3,336,-287.6,0,0,18:01:25
3.67,-3.14,91.3,335.1,-286.7,0,0,18:01:30
3.65,-3.13,91.3,333.2,-285.8,0,0,18:01:35
3.64,-3.11,91.3,332.3,-283.9,0,0,18:01:40
3.62,-3.09,91.3,330.5,-282.1,0,0,18:01:45
3.61,-3.08,91.3,329.6,-281.2,0,0,18:01:50
3.59,-3.07,91.3,327.8,-280.3,0,0,18:01:55
3.57,-3.05,91.3,325.9,-278.5,0,0,18:02:00
3.54,-3.04,91.3,323.2,-277.6,0,0,18:02:05
3.54,-3.03,91.3,323.2,-276.6,0,0,18:02:10
3.53,-3.02,91.3,322.3,-275.7,0,0,18:02:15
3.51,-3,91.3,320.5,-273.9,0,0,18:02:20
3.5,-2.99,91.3,319.6,-273,0,0,18:02:25
3.49,-2.98,91.3,318.6,-272.1,0,0,18:02:30
3.47,-2.96,91.3,316.8,-270.2,0,0,18:02:35
3.46,-2.96,91.3,315.9,-270.2,0,0,18:02:40
3.45,-2.94,91.3,315,-268.4,0,0,18:02:45
3.44,-2.92,91.3,314.1,-266.6,0,0,18:02:50
3.43,-2.91,91.3,313.2,-265.7,0,0,18:02:55
3.42,-2.91,91.3,312.2,-265.7,0,0,18:03:00
3.4,-2.89,91.3,310.4,-263.9,0,0,18:03:05
3.39,-2.89,91.3,309.5,-263.9,0,0,18:03:10
3.37,-2.86,91.3,307.7,-261.1,0,0,18:03:15
3.36,-2.85,91.3,306.8,-260.2,0,0,18:03:20
3.35,-2.84,91.3,305.9,-259.3,0,0,18:03:25
3.33,-2.82,91.3,304,-257.5,0,0,18:03:30
3.31,-2.81,91.3,302.2,-256.6,0,0,18:03:35
3.31,-2.8,91.3,302.2,-255.6,0,0,18:03:40
3.29,-2.79,91.3,300.4,-254.7,0,0,18:03:45
3.27,-2.78,91.3,298.6,-253.8,0,0,18:03:50
3.25,-2.76,91.3,296.7,-252,0,0,18:03:55
3.25,-2.75,91.3,296.7,-251.1,0,0,18:04:00
3.24,-2.74,91.3,295.8,-250.2,0,0,18:04:05
3.21,-2.72,91.3,293.1,-248.3,0,0,18:04:10
3.2,-2.72,91.3,292.2,-248.3,0,0,18:04:15
3.18,-2.69,91.3,290.3,-245.6,0,0,18:04:20
3.16,-2.67,91.3,288.5,-243.8,0,0,18:04:25
3.15,-2.65,91.3,287.6,-241.9,0,0,18:04:30
3.12,-2.63,91.3,284.9,-240.1,0,0,18:04:35
3.1,-2.61,91.3,283,-238.3,0,0,18:04:40
3.09,-2.6,91.3,282.1,-237.4,0,0,18:04:45
3.07,-2.59,91.3,280.3,-236.5,0,0,18:04:50
3.05,-2.57,91.3,278.5,-234.6,0,0,18:04:55
3.03,-2.56,91.3,276.6,-233.7,0,0,18:05:00
3.02,-2.54,91.3,275.7,-231.9,0,0,18:05:05
3.01,-2.54,91.3,274.8,-231.9,0,0,18:05:10
3,-2.51,91.3,273.9,-229.2,0,0,18:05:15
2.97,-2.48,91.2,270.9,-226.2,0,0,18:05:20
2.96,-2.48,91.3,270.2,-226.4,0,0,18:05:25
2.94,-2.46,91.3,268.4,-224.6,0,0,18:05:30
2.92,-2.45,91.3,266.6,-223.7,0,0,18:05:35
2.91,-2.43,91.3,265.7,-221.9,0,0,18:05:40
2.88,-2.42,91.3,262.9,-220.9,0,0,18:05:45
2.87,-2.4,91.3,262,-219.1,0,0,18:05:50
2.86,-2.37,91.3,261.1,-216.4,0,0,18:05:55
2.83,-2.36,91.3,258.4,-215.5,0,0,18:06:00
2.81,-2.33,91.3,256.6,-212.7,0,0,18:06:05
2.78,-2.32,91.3,253.8,-211.8,0,0,18:06:10
2.76,-2.3,91.3,252,-210,0,0,18:06:15
2.73,-2.27,91.2,249,-207,0,0,18:06:20
2.72,-2.27,91.2,248.1,-207,0,0,18:06:25
2.7,-2.25,91.3,246.5,-205.4,0,0,18:06:30
2.68,-2.22,91.3,244.7,-202.7,0,0,18:06:35
2.67,-2.21,91.3,243.8,-201.8,0,0,18:06:40
2.65,-2.2,91.3,241.9,-200.9,0,0,18:06:45
2.64,-2.18,91.2,240.8,-198.8,0,0,18:06:50
2.63,-2.17,91.2,239.9,-197.9,0,0,18:06:55
2.6,-2.15,91.3,237.4,-196.3,0,0,18:07:00
2.58,-2.13,91.3,235.6,-194.5,0,0,18:07:05
2.56,-2.12,91.3,233.7,-193.6,0,0,18:07:10
2.54,-2.11,91.3,231.9,-192.6,0,0,18:07:15
2.54,-2.1,91.3,231.9,-191.7,0,0,18:07:20
2.52,-2.08,91.2,229.8,-189.7,0,0,18:07:25
2.49,-2.06,91.3,227.3,-188.1,0,0,18:07:30
2.48,-2.04,91.2,226.2,-186,0,0,18:07:35
2.47,-2.03,91.2,225.3,-185.1,0,0,18:07:40
2.45,-2.02,91.2,223.4,-184.2,0,0,18:07:45
2.44,-2.01,91.2,222.5,-183.3,0,0,18:07:50
2.43,-2,91.3,221.9,-182.6,0,0,18:07:55
2.4,-1.98,91.2,218.9,-180.6,0,0,18:08:00
2.39,-1.96,91.2,218,-178.8,0,0,18:08:05
2.38,-1.95,91.2,217.1,-177.8,0,0,18:08:10
2.36,-1.95,91.2,215.2,-177.8,0,0,18:08:15
2.35,-1.92,91.2,214.3,-175.1,0,0,18:08:20
2.33,-1.91,91.2,212.5,-174.2,0,0,18:08:25
2.32,-1.9,91.2,211.6,-173.3,0,0,18:08:30
2.31,-1.89,91.2,210.7,-172.4,0,0,18:08:35
2.29,-1.88,91.2,208.8,-171.5,0,0,18:08:40
2.27,-1.85,91.2,207,-168.7,0,0,18:08:45
2.25,-1.84,91.2,205.2,-167.8,0,0,18:08:50
2.24,-1.83,91.2,204.3,-166.9,0,0,18:08:55
2.22,-1.81,91.2,202.5,-165.1,0,0,18:09:00
2.2,-1.79,91.2,200.6,-163.2,0,0,18:09:05
2.18,-1.77,91.2,198.8,-161.4,0,0,18:09:10
2.17,-1.76,91.2,197.9,-160.5,0,0,18:09:15
2.15,-1.74,91.2,196.1,-158.7,0,0,18:09:20
2.12,-1.71,91.2,193.3,-156,0,0,18:09:25
2.11,-1.7,91.2,192.4,-155,0,0,18:09:30
2.09,-1.7,91.2,190.6,-155,0,0,18:09:35
2.07,-1.67,91.2,188.8,-152.3,0,0,18:09:40
2.06,-1.65,91.2,187.9,-150.5,0,0,18:09:45
2.03,-1.63,91.2,185.1,-148.7,0,0,18:09:50
2.02,-1.61,91.2,184.2,-146.8,0,0,18:09:55
2.01,-1.6,91.2,183.3,-145.9,0,0,18:10:00
1.98,-1.59,91.2,180.6,-145,0,0,18:10:05
1.96,-1.57,91.2,178.8,-143.2,0,0,18:10:10
1.92,-1.53,91.2,175.1,-139.5,0,0,18:10:15
1.87,-1.49,91.2,170.5,-135.9,0,0,18:10:20
1.83,-1.44,91.2,166.9,-131.3,0,0,18:10:25
1.8,-1.42,91.2,164.2,-129.5,0,0,18:10:30
1.78,-1.4,91.2,162.3,-127.7,0,0,18:10:35
1.75,-1.38,91.2,159.6,-125.9,0,0,18:10:40
1.73,-1.35,91.2,157.8,-123.1,0,0,18:10:45
1.7,-1.33,91.2,155,-121.3,0,0,18:10:50
1.68,-1.3,91.2,153.2,-118.6,0,0,18:10:55
1.67,-1.3,91.2,152.3,-118.6,0,0,18:11:00
1.66,-1.28,91.1,151.2,-116.6,0,0,18:11:05
1.65,-1.28,91.2,150.5,-116.7,0,0,18:11:10
1.64,-1.27,91.2,149.6,-115.8,0,0,18:11:15
1.64,-1.27,91.2,149.6,-115.8,0,0,18:11:20
1.64,-1.27,91.2,149.6,-115.8,0,0,18:11:25
1.64,-1.27,91.2,149.6,-115.8,0,0,18:11:30
1.63,-1.27,91.2,148.7,-115.8,0,0,18:11:35
1.63,-1.26,91.2,148.7,-114.9,0,0,18:11:40
1.62,-1.26,91.2,147.7,-114.9,0,0,18:11:45
1.62,-1.25,91.2,147.7,-114,0,0,18:11:50
1.61,-1.24,91.2,146.8,-113.1,0,0,18:11:55
1.6,-1.24,91.1,145.8,-113,0,0,18:12:00
1.6,-1.24,91.2,145.9,-113.1,0,0,18:12:05
1.58,-1.22,91.1,143.9,-111.1,0,0,18:12:10
1.58,-1.22,91.2,144.1,-111.3,0,0,18:12:15
1.57,-1.2,91.2,143.2,-109.4,0,0,18:12:20
1.56,-1.2,91.1,142.1,-109.3,0,0,18:12:25
1.54,-1.17,91.1,140.3,-106.6,0,0,18:12:30
1.53,-1.17,91.1,139.4,-106.6,0,0,18:12:35
1.52,-1.16,91.1,138.5,-105.7,0,0,18:12:40
1.51,-1.15,91.1,137.6,-104.8,0,0,18:12:45
1.5,-1.14,91.2,136.8,-104,0,0,18:12:50
1.48,-1.12,91.1,134.8,-102,0,0,18:12:55
1.46,-1.1,91.1,133,-100.2,0,0,18:13:00
1.45,-1.09,91.1,132.1,-99.3,0,0,18:13:05
1.4,-1.05,91.1,127.5,-95.7,0,0,18:13:10
1.39,-1.04,91.1,126.6,-94.7,0,0,18:13:15
1.37,-1.02,91.1,124.8,-92.9,0,0,18:13:20
1.34,-1,91.1,122.1,-91.1,0,0,18:13:25
1.32,-0.98,91.1,120.3,-89.3,0,0,18:13:30
1.3,-0.96,91,118.3,-87.4,0,0,18:13:35
1.29,-0.95,91.1,117.5,-86.5,0,0,18:13:40
1.27,-0.93,91,115.6,-84.6,0,0,18:13:45
1.25,-0.92,91,113.8,-83.7,0,0,18:13:50
1.23,-0.9,91,111.9,-81.9,0,0,18:13:55
1.2,-0.86,91,109.2,-78.3,0,0,18:14:00
1.17,-0.83,91,106.5,-75.5,0,0,18:14:05
1.14,-0.8,91,103.7,-72.8,0,0,18:14:10
1.11,-0.8,91,101,-72.8,0,0,18:14:15
1.05,-0.73,91,95.6,-66.4,0,0,18:14:20
1.02,-0.7,91,92.8,-63.7,0,0,18:14:25
0.98,-0.67,91,89.2,-61,0,0,18:14:30
0.94,-0.64,91,85.5,-58.2,0,0,18:14:35
0.89,-0.58,91,81,-52.8,0,0,18:14:40
0.85,-0.54,91,77.4,-49.1,0,0,18:14:45
0.8,-0.5,91,72.8,-45.5,0,0,18:14:50
0.75,-0.47,91,68.3,-42.8,0,0,18:14:55
0.7,-0.41,91,63.7,-37.3,0,0,18:15:00
0.65,-0.36,91,59.2,-32.8,0,0,18:15:05
0.6,-0.32,91,54.6,-29.1,0,0,18:15:10
0.56,-0.28,90.9,50.9,-25.5,0,0,18:15:15
0.51,-0.24,91,46.4,-21.8,0,0,18:15:20
0.47,-0.2,90.9,42.7,-18.2,0,0,18:15:25
0.43,-0.16,90.9,39.1,-14.5,0,0,18:15:30
0.39,-0.13,90.9,35.5,-11.8,0,0,18:15:35
0.35,-0.09,90.9,31.8,-8.2,0,0,18:15:40
0.33,-0.07,90.9,30,-6.4,0,0,18:15:45
0.31,-0.06,90.9,28.2,-5.5,0,0,18:15:50
0.29,-0.04,90.9,26.4,-3.6,0,0,18:15:55
0.27,-0.02,90.9,24.5,-1.8,0,0,18:16:00
0.25,-0.01,90.9,22.7,-0.9,0,0,18:16:05
0.23,0,90.9,20.9,0,0,0,18:16:10
0.21,0.02,90.9,19.1,1.8,0,0,18:16:15
0.18,0.03,90.9,16.4,2.7,0,0,18:16:20
0.15,0.06,90.9,13.6,5.5,0,0,18:16:25
0.13,0.08,90.9,11.8,7.3,0,0,18:16:30
0.11,0.09,90.9,10,8.2,0,0,18:16:35
0.09,0.11,90.9,8.2,10,0,0,18:16:40
0.08,0.11,90.9,7.3,10,0,0,18:16:45
0.07,0.12,90.9,6.4,10.9,0,0,18:16:50
0.07,0.13,90.9,6.4,11.8,0,0,18:16:55
0.07,0.13,90.9,6.4,11.8,0,0,18:17:00
0.06,0.13,90.9,5.5,11.8,0,0,18:17:05
0.06,0.13,90.9,5.5,11.8,0,0,18:17:10
0.06,0.14,90.9,5.5,12.7,0,0,18:17:15
0.05,0.14,90.9,4.5,12.7,0,0,18:17:20
0.06,0.13,90.9,5.5,11.8,0,0,18:17:25
0.05,0.14,90.9,4.5,12.7,0,0,18:17:30
0.06,0.14,90.9,5.5,12.7,0,0,18:17:35
0.04,0.14,90.9,3.6,12.7,0,0,18:17:40
0.05,0.14,90.9,4.5,12.7,0,0,18:17:45
0.05,0.14,90.9,4.5,12.7,0,0,18:17:50
0.05,0.15,90.9,4.5,13.6,0,0,18:17:55
0.03,0.17,90.9,2.7,15.5,0,0,18:18:00
0.03,0.17,90.9,2.7,15.5,0,0,18:18:05
0.03,0.17,90.9,2.7,15.5,0,0,18:18:10
0.04,0.15,90.9,3.6,13.6,0,0,18:18:15
0.04,0.16,90.9,3.6,14.5,0,0,18:18:20
0.04,0.16,90.9,3.6,14.5,0,0,18:18:25
0.03,0.17,90.9,2.7,15.5,0,0,18:18:30
0.02,0.17,90.8,1.8,15.4,0,0,18:18:35
