Solar[A],Battery[A],Main_Volt[V],Solar_Watt[W],Battery_Watt[W],Sub_Volt[V],Speed[kmh],time
0.19,0.02,94.5,18,1.9,0,0,7:01:15
0.19,0.02,94.5,18,1.9,0,0,7:01:20
0.2,0.02,94.5,18.9,1.9,0,0,7:01:25
0.2,0.02,94.5,18.9,1.9,0,0,7:01:30
0.2,0.02,94.5,18.9,1.9,0,0,7:01:35
0.21,0.02,94.5,19.8,1.9,0,0,7:01:40
0.21,0.01,94.5,19.8,0.9,0,0,7:01:45
0.21,0.01,94.5,19.8,0.9,0,0,7:01:50
0.21,0.01,94.5,19.8,0.9,0,0,7:01:55
0.22,0,94.5,20.8,0,0,0,7:02:00
0.22,0.01,94.5,20.8,0.9,0,0,7:02:05
0.22,0,94.5,20.8,0,0,0,7:02:10
0.22,0,94.5,20.8,0,0,0,7:02:15
0.23,0,94.5,21.7,0,0,0,7:02:20
0.23,0,94.5,21.7,0,0,0,7:02:25
0.23,0,94.5,21.7,0,0,0,7:02:30
0.23,0,94.5,21.7,0,0,0,7:02:35
0.24,0,94.5,22.7,0,0,0,7:02:40
0.24,0,94.5,22.7,0,0,0,7:02:45
0.24,0,94.5,22.7,0,0,0,7:02:50
0.24,0,94.5,22.7,0,0,0,7:02:55
0.24,0,94.5,22.7,0,0,0,7:03:00
0.25,0,94.5,23.6,0,0,0,7:03:05
0.25,-0.01,94.5,23.6,-0.9,0,0,7:03:10
0.25,-0.01,94.5,23.6,-0.9,0,0,7:03:15
0.25,-0.01,94.5,23.6,-0.9,0,0,7:03:20
0.25,-0.01,94.5,23.6,-0.9,0,0,7:03:25
0.22,0,94.5,20.8,0,0,0,7:03:30
1.67,-1.3,94.8,158.3,-123.2,0,0,7:03:35
1.68,-1.31,94.8,159.3,-124.2,0,0,7:03:40
1.67,-1.3,94.8,158.3,-123.2,0,0,7:03:45
1.56,-1.19,94.8,147.9,-112.8,0,0,7:03:50
1.54,-1.18,94.8,146,-111.9,0,0,7:03:55
1.51,-1.15,94.8,143.1,-109,0,0,7:04:00
1.49,-1.14,94.8,141.3,-108.1,0,0,7:04:05
1.47,-1.12,94.8,139.4,-106.2,0,0,7:04:10
1.44,-1.09,94.8,136.5,-103.3,0,0,7:04:15
1.42,-1.08,94.8,134.6,-102.4,0,0,7:04:20
1.43,-1.08,94.8,135.6,-102.4,0,0,7:04:25
1.41,-1.07,94.8,133.7,-101.4,0,0,7:04:30
1.41,-1.06,94.8,133.7,-100.5,0,0,7:04:35
1.41,-1.06,94.8,133.7,-100.5,0,0,7:04:40
1.41,-1.06,94.8,133.7,-100.5,0,0,7:04:45
1.42,-1.08,94.8,134.6,-102.4,0,0,7:04:50
1.44,-1.09,94.8,136.5,-103.3,0,0,7:04:55
1.46,-1.1,94.8,138.4,-104.3,0,0,7:05:00
1.47,-1.11,94.8,139.4,-105.2,0,0,7:05:05
1.47,-1.12,94.9,139.5,-106.3,0,0,7:05:10
1.46,-1.11,94.8,138.4,-105.2,0,0,7:05:15
1.46,-1.11,94.9,138.6,-105.3,0,0,7:05:20
1.46,-1.11,94.8,138.4,-105.2,0,0,7:05:25
1.47,-1.12,94.9,139.5,-106.3,0,0,7:05:30
1.47,-1.12,94.9,139.5,-106.3,0,0,7:05:35
1.47,-1.11,94.9,139.5,-105.3,0,0,7:05:40
1.49,-1.13,94.9,141.4,-107.2,0,0,7:05:45
1.5,-1.15,94.9,142.4,-109.1,0,0,7:05:50
1.55,-1.18,95,147.3,-112.1,0,0,7:05:55
1.56,-1.2,94.9,148,-113.9,0,0,7:06:00
1.5,-1.14,94.9,142.4,-108.2,0,0,7:06:05
0.82,-0.53,94.8,77.7,-50.2,0,0,7:06:10
1.53,-1.17,94.9,145.2,-111,0,0,7:06:15
1.52,-1.17,94.9,144.2,-111,0,0,7:06:20
1.51,-1.15,94.9,143.3,-109.1,0,0,7:06:25
1.52,-1.16,94.9,144.2,-110.1,0,0,7:06:30
1.53,-1.17,94.9,145.2,-111,0,0,7:06:35
1.56,-1.2,94.9,148,-113.9,0,0,7:06:40
1.61,-1.25,95,153,-118.8,0,0,7:06:45
1.66,-1.29,95,157.7,-122.6,0,0,7:06:50
1.72,-1.35,95,163.4,-128.3,0,0,7:06:55
1.81,-1.42,95,172,-134.9,0,0,7:07:00
1.87,-1.49,95,177.7,-141.6,0,0,7:07:05
1.93,-1.54,95,183.4,-146.3,0,0,7:07:10
1.99,-1.59,95,189.1,-151.1,0,0,7:07:15
2.1,-1.69,95,199.5,-160.6,0,0,7:07:20
2.17,-1.76,95,206.2,-167.2,0,0,7:07:25
2.26,-1.84,95,214.7,-174.8,0,0,7:07:30
2.36,-1.94,95.1,224.4,-184.5,0,0,7:07:35
2.45,-2.02,95.1,233,-192.1,0,0,7:07:40
2.55,-2.11,95.1,242.5,-200.7,0,0,7:07:45
2.78,-2.31,95.1,264.4,-219.7,0,0,7:07:50
2.67,-2.23,95.1,253.9,-212.1,0,0,7:07:55
2.84,-2.38,95.2,270.4,-226.6,0,0,7:08:00
3.04,-2.56,95.3,289.7,-244,0,0,7:08:05
3.13,-2.64,95.3,298.3,-251.6,0,0,7:08:10
3.23,-2.74,95.3,307.8,-261.1,0,0,7:08:15
3.29,-2.79,95.3,313.5,-265.9,0,0,7:08:20
3.27,-2.78,95.3,311.6,-264.9,0,0,7:08:25
3.31,-2.81,95.3,315.4,-267.8,0,0,7:08:30
3.37,-2.87,95.3,321.2,-273.5,0,0,7:08:35
3.43,-2.92,95.3,326.9,-278.3,0,0,7:08:40
3.45,-2.95,95.3,328.8,-281.1,0,0,7:08:45
3.48,-2.97,95.3,331.6,-283,0,5,7:08:50
3.51,-3.01,95.3,334.5,-286.9,0,0,7:08:55
3.56,-3.04,95.3,339.3,-289.7,0,3,7:09:00
3.61,-3.08,95.3,344,-293.5,0,5,7:09:05
3.61,-3.08,95.4,344.4,-293.8,0,0,7:09:10
3.58,-3.06,95.4,341.5,-291.9,0,0,7:09:15
3.6,-3.08,95.4,343.4,-293.8,0,0,7:09:20
3.63,-3.1,95.4,346.3,-295.7,0,0,7:09:25
3.63,-3.1,95.4,346.3,-295.7,0,0,7:09:30
3.64,-3.11,95.4,347.3,-296.7,0,0,7:09:35
3.59,-3.07,95.4,342.5,-292.9,0,0,7:09:40
3.6,-3.08,95.4,343.4,-293.8,0,0,7:09:45
3.6,-3.08,95.4,343.4,-293.8,0,0,7:09:50
3.78,-3.24,95.4,360.6,-309.1,0,8,7:09:55
3.79,-3.24,95.4,361.6,-309.1,0,2,7:10:00
3.78,-3.23,95.5,361,-308.5,0,0,7:10:05
3.77,-3.23,95.4,359.7,-308.1,0,0,7:10:10
3.77,-3.23,95.4,359.7,-308.1,0,0,7:10:15
3.78,-3.24,95.4,360.6,-309.1,0,9,7:10:20
3.89,-3.34,95.5,371.5,-319,0,9,7:10:25
3.92,-3.37,95.5,374.4,-321.8,0,8,7:10:30
3.91,-3.37,95.5,373.4,-321.8,0,7,7:10:35
3.92,-3.36,95.5,374.4,-320.9,0,7,7:10:40
3.91,-3.37,95.6,373.8,-322.2,0,6,7:10:45
3.91,-3.36,95.5,373.4,-320.9,0,6,7:10:50
3.9,-3.35,95.5,372.5,-319.9,0,5,7:10:55
3.91,-3.36,95.5,373.4,-320.9,0,5,7:11:00
3.9,-3.34,95.6,372.8,-319.3,0,7,7:11:05
3.88,-3.33,95.5,370.5,-318,0,6,7:11:10
3.88,-3.33,95.6,370.9,-318.3,0,6,7:11:15
3.86,-3.32,95.6,369,-317.4,0,5,7:11:20
3.85,-3.31,95.6,368.1,-316.4,0,5,7:11:25
3.85,-3.31,95.6,368.1,-316.4,0,4,7:11:30
3.85,-3.31,95.6,368.1,-316.4,0,4,7:11:35
3.84,-3.31,95.6,367.1,-316.4,0,3,7:11:40
3.86,-3.31,95.6,369,-316.4,0,3,7:11:45
3.84,-3.31,95.6,367.1,-316.4,0,2,7:11:50
3.84,-3.29,95.6,367.1,-314.5,0,0,7:11:55
3.78,-3.25,95.6,361.4,-310.7,0,0,7:12:00
3.86,-3.31,95.6,369,-316.4,0,0,7:12:05
3.8,-3.26,95.6,363.3,-311.7,0,0,7:12:10
3.71,-3.19,95.6,354.7,-305,0,0,7:12:15
3.75,-3.22,95.6,358.5,-307.8,0,0,7:12:20
3.66,-3.14,95.5,349.5,-299.9,0,0,7:12:25
3.63,-3.11,95.6,347,-297.3,0,0,7:12:30
3.64,-3.12,95.6,348,-298.3,0,0,7:12:35
3.65,-3.12,95.6,348.9,-298.3,0,0,7:12:40
3.62,-3.1,95.5,345.7,-296.1,0,0,7:12:45
3.66,-3.13,95.6,349.9,-299.2,0,0,7:12:50
3.64,-3.11,95.6,348,-297.3,0,0,7:12:55
3.63,-3.11,95.6,347,-297.3,0,0,7:13:00
3.85,-3.31,95.6,368.1,-316.4,0,0,7:13:05
3.76,-3.23,95.6,359.5,-308.8,0,0,7:13:10
3.85,-3.31,95.6,368.1,-316.4,0,0,7:13:15
3.74,-3.21,95.6,357.5,-306.9,0,0,7:13:20
3.81,-3.27,95.6,364.2,-312.6,0,0,7:13:25
3.86,-3.31,95.6,369,-316.4,0,0,7:13:30
3.76,-3.22,95.6,359.5,-307.8,0,0,7:13:35
3.8,-3.26,95.6,363.3,-311.7,0,0,7:13:40
3.87,-3.33,95.6,370,-318.3,0,0,7:13:45
3.89,-3.35,95.6,371.9,-320.3,0,0,7:13:50
3.95,-3.39,95.6,377.6,-324.1,0,0,7:13:55
4.1,-3.54,95.7,392.4,-338.8,0,0,7:14:00
4.06,-3.5,95.7,388.5,-335,0,0,7:14:05
4.03,-3.48,95.7,385.7,-333,0,0,7:14:10
4.17,-3.6,95.7,399.1,-344.5,0,0,7:14:15
4.05,-3.49,95.7,387.6,-334,0,0,7:14:20
4.07,-3.51,95.7,389.5,-335.9,0,0,7:14:25
4.08,-3.52,95.7,390.5,-336.9,0,0,7:14:30
4.03,-3.47,95.7,385.7,-332.1,0,0,7:14:35
3.98,-3.42,95.7,380.9,-327.3,0,0,7:14:40
4.17,-3.6,95.7,399.1,-344.5,0,0,7:14:45
4.31,-3.74,95.7,412.5,-357.9,0,0,7:14:50
4.46,-3.87,95.8,427.3,-370.7,0,0,7:14:55
4.23,-3.66,95.7,404.8,-350.3,0,0,7:15:00
4.53,-3.94,95.8,434,-377.5,0,0,7:15:05
4.59,-3.99,95.8,439.7,-382.2,0,0,7:15:10
4.62,-4.03,95.9,443.1,-386.5,0,0,7:15:15
4.6,-4,95.8,440.7,-383.2,0,0,7:15:20
4.53,-3.94,95.8,434,-377.5,0,0,7:15:25
4.62,-4.02,95.8,442.6,-385.1,0,0,7:15:30
4.66,-4.05,95.8,446.4,-388,0,0,7:15:35
4.82,-4.21,95.9,462.2,-403.7,0,0,7:15:40
4.86,-4.24,95.9,466.1,-406.6,0,0,7:15:45
4.89,-4.27,95.9,469,-409.5,0,0,7:15:50
4.93,-4.31,95.9,472.8,-413.3,0,0,7:15:55
5,-4.37,95.9,479.5,-419.1,0,3,7:16:00
5.01,-4.38,95.9,480.5,-420,0,0,7:16:05
5.07,-4.43,95.9,486.2,-424.8,0,0,7:16:10
5.11,-4.49,95.9,490,-430.6,0,0,7:16:15
5.16,-4.52,96,495.4,-433.9,0,4,7:16:20
5.19,-4.56,95.9,497.7,-437.3,0,0,7:16:25
5.23,-4.59,96,502.1,-440.6,0,5,7:16:30
5.25,-4.61,96,504,-442.6,0,0,7:16:35
5.28,-4.65,96,506.9,-446.4,0,0,7:16:40
5.3,-4.65,96,508.8,-446.4,0,0,7:16:45
5.34,-4.69,96,512.6,-450.2,0,0,7:16:50
5.36,-4.71,96,514.6,-452.2,0,2,7:16:55
5.39,-4.74,96,517.4,-455,0,0,7:17:00
5.42,-4.76,96,520.3,-457,0,0,7:17:05
5.38,-4.72,96,516.5,-453.1,0,0,7:17:10
5.4,-4.74,96,518.4,-455,0,0,7:17:15
5.44,-4.79,96,522.2,-459.8,0,0,7:17:20
5.44,-4.78,96.1,522.8,-459.4,0,0,7:17:25
5.48,-4.82,96.1,526.6,-463.2,0,0,7:17:30
5.51,-4.85,96.1,529.5,-466.1,0,0,7:17:35
5.53,-4.86,96.1,531.4,-467,0,0,7:17:40
5.54,-4.87,96.2,532.9,-468.5,0,0,7:17:45
5.56,-4.9,96.2,534.9,-471.4,0,0,7:17:50
5.58,-4.91,96.1,536.2,-471.9,0,0,7:17:55
5.59,-4.92,96.2,537.8,-473.3,0,0,7:18:00
5.61,-4.94,96.2,539.7,-475.2,0,0,7:18:05
5.62,-4.95,96.2,540.6,-476.2,0,6,7:18:10
5.63,-4.95,96.2,541.6,-476.2,0,6,7:18:15
5.64,-4.96,96.2,542.6,-477.2,0,5,7:18:20
5.63,-4.96,96.2,541.6,-477.2,0,11,7:18:25
5.64,-4.96,96.2,542.6,-477.2,0,11,7:18:30
5.64,-4.97,96.2,542.6,-478.1,0,3,7:18:35
5.64,-4.97,96.2,542.6,-478.1,0,0,7:18:40
5.65,-4.98,96.2,543.5,-479.1,0,0,7:18:45
5.67,-4.99,96.2,545.5,-480,0,0,7:18:50
5.68,-5,96.2,546.4,-481,0,0,7:18:55
5.7,-5.02,96.2,548.3,-482.9,0,0,7:19:00
5.71,-5.03,96.2,549.3,-483.9,0,0,7:19:05
5.72,-5.03,96.2,550.3,-483.9,0,0,7:19:10
5.73,-5.06,96.2,551.2,-486.8,0,0,7:19:15
5.74,-5.07,96.2,552.2,-487.7,0,0,7:19:20
5.74,-5.06,96.2,552.2,-486.8,0,0,7:19:25
5.75,-5.07,96.2,553.2,-487.7,0,0,7:19:30
5.72,-5.04,96.2,550.3,-484.8,0,0,7:19:35
5.78,-5.1,96.2,556,-490.6,0,0,7:19:40
5.78,-5.11,96.3,556.6,-492.1,0,0,7:19:45
5.8,-5.11,96.3,558.5,-492.1,0,0,7:19:50
5.82,-5.14,96.2,559.9,-494.5,0,0,7:19:55
5.82,-5.13,96.3,560.5,-494,0,0,7:20:00
5.83,-5.14,96.3,561.4,-495,0,0,7:20:05
5.82,-5.14,96.3,560.5,-495,0,0,7:20:10
5.84,-5.15,96.3,562.4,-495.9,0,0,7:20:15
5.83,-5.15,96.3,561.4,-495.9,0,0,7:20:20
5.86,-5.17,96.3,564.3,-497.9,0,0,7:20:25
5.86,-5.17,96.3,564.3,-497.9,0,0,7:20:30
5.87,-5.17,96.3,565.3,-497.9,0,0,7:20:35
5.87,-5.17,96.3,565.3,-497.9,0,0,7:20:40
5.87,-5.17,96.3,565.3,-497.9,0,0,7:20:45
5.87,-5.18,96.3,565.3,-498.8,0,0,7:20:50
5.88,-5.19,96.3,566.2,-499.8,0,0,7:20:55
5.89,-5.19,96.3,567.2,-499.8,0,0,7:21:00
5.9,-5.2,96.3,568.2,-500.8,0,0,7:21:05
5.91,-5.21,96.3,569.1,-501.7,0,0,7:21:10
5.91,-5.22,96.4,569.7,-503.2,0,0,7:21:15
5.92,-5.24,96.3,570.1,-504.6,0,0,7:21:20
5.93,-5.24,96.4,571.7,-505.1,0,0,7:21:25
5.93,-5.25,96.4,571.7,-506.1,0,0,7:21:30
5.94,-5.25,96.4,572.6,-506.1,0,0,7:21:35
5.95,-5.26,96.4,573.6,-507.1,0,0,7:21:40
5.95,-5.27,96.5,574.2,-508.6,0,0,7:21:45
5.96,-5.27,96.5,575.1,-508.6,0,0,7:21:50
5.98,-5.29,96.4,576.5,-510,0,0,7:21:55
6,-5.29,96.4,578.4,-510,0,0,7:22:00
6.01,-5.31,96.5,580,-512.4,0,0,7:22:05
6.01,-5.3,96.4,579.4,-510.9,0,0,7:22:10
6.02,-5.32,96.5,580.9,-513.4,0,0,7:22:15
6.02,-5.32,96.5,580.9,-513.4,0,0,7:22:20
6.04,-5.34,96.5,582.9,-515.3,0,0,7:22:25
6.04,-5.34,96.5,582.9,-515.3,0,0,7:22:30
6.05,-5.35,96.5,583.8,-516.3,0,0,7:22:35
6.05,-5.36,96.4,583.2,-516.7,0,0,7:22:40
6.06,-5.36,96.5,584.8,-517.2,0,0,7:22:45
6.06,-5.36,96.5,584.8,-517.2,0,0,7:22:50
6.08,-5.38,96.5,586.7,-519.2,0,0,7:22:55
6.07,-5.37,96.5,585.8,-518.2,0,0,7:23:00
6.08,-5.39,96.5,586.7,-520.1,0,0,7:23:05
6.09,-5.39,96.5,587.7,-520.1,0,0,7:23:10
6.1,-5.4,96.5,588.7,-521.1,0,0,7:23:15
6.1,-5.41,96.5,588.7,-522.1,0,0,7:23:20
6.1,-5.4,96.5,588.7,-521.1,0,0,7:23:25
6.1,-5.39,96.5,588.7,-520.1,0,0,7:23:30
6.11,-5.41,96.5,589.6,-522.1,0,0,7:23:35
6.11,-5.41,96.5,589.6,-522.1,0,0,7:23:40
6.11,-5.41,96.5,589.6,-522.1,0,0,7:23:45
6.11,-5.41,96.5,589.6,-522.1,0,0,7:23:50
6.12,-5.43,96.5,590.6,-524,0,0,7:23:55
6.15,-5.44,96.5,593.5,-525,0,0,7:24:00
6.14,-5.44,96.5,592.5,-525,0,0,7:24:05
6.15,-5.44,96.5,593.5,-525,0,3,7:24:10
6.15,-5.45,96.6,594.1,-526.5,0,0,7:24:15
6.16,-5.46,96.6,595.1,-527.4,0,2,7:24:20
6.16,-5.45,96.6,595.1,-526.5,0,0,7:24:25
6.17,-5.46,96.6,596,-527.4,0,3,7:24:30
6.19,-5.46,96.6,598,-527.4,0,3,7:24:35
6.2,-5.48,96.6,598.9,-529.4,0,2,7:24:40
6.2,-5.49,96.6,598.9,-530.3,0,0,7:24:45
6.22,-5.5,96.6,600.9,-531.3,0,3,7:24:50
6.21,-5.51,96.6,599.9,-532.3,0,2,7:24:55
6.21,-5.49,96.6,599.9,-530.3,0,0,7:25:00
6.22,-5.51,96.6,600.9,-532.3,0,0,7:25:05
6.25,-5.53,96.6,603.8,-534.2,0,0,7:25:10
6.25,-5.54,96.6,603.8,-535.2,0,0,7:25:15
6.25,-5.54,96.6,603.8,-535.2,0,0,7:25:20
6.26,-5.55,96.6,604.7,-536.1,0,0,7:25:25
6.28,-5.56,96.7,607.3,-537.7,0,0,7:25:30
6.28,-5.56,96.6,606.6,-537.1,0,0,7:25:35
6.28,-5.57,96.6,606.6,-538.1,0,0,7:25:40
6.28,-5.56,96.6,606.6,-537.1,0,0,7:25:45
6.3,-5.58,96.7,609.2,-539.6,0,0,7:25:50
6.34,-5.61,96.7,613.1,-542.5,0,0,7:25:55
6.35,-5.62,96.7,614,-543.5,0,0,7:26:00
6.36,-5.63,96.7,615,-544.4,0,0,7:26:05
6.36,-5.63,96.7,615,-544.4,0,0,7:26:10
6.38,-5.65,96.8,617.6,-546.9,0,0,7:26:15
6.36,-5.62,96.7,615,-543.5,0,0,7:26:20
6.36,-5.63,96.8,615.6,-545,0,0,7:26:25
6.38,-5.66,96.8,617.6,-547.9,0,0,7:26:30
6.39,-5.66,96.7,617.9,-547.3,0,0,7:26:35
6.38,-5.66,96.8,617.6,-547.9,0,0,7:26:40
6.41,-5.68,96.8,620.5,-549.8,0,0,7:26:45
6.42,-5.69,96.8,621.5,-550.8,0,0,7:26:50
6.43,-5.7,96.8,622.4,-551.8,0,0,7:26:55
6.43,-5.7,96.8,622.4,-551.8,0,0,7:27:00
6.41,-5.68,96.8,620.5,-549.8,0,0,7:27:05
6.42,-5.69,96.8,621.5,-550.8,0,0,7:27:10
6.44,-5.72,96.8,623.4,-553.7,0,0,7:27:15
6.45,-5.72,96.8,624.4,-553.7,0,0,7:27:20
6.47,-5.73,96.8,626.3,-554.7,0,0,7:27:25
6.48,-5.74,96.8,627.3,-555.6,0,0,7:27:30
6.48,-5.75,96.8,627.3,-556.6,0,0,7:27:35
6.5,-5.77,96.8,629.2,-558.5,0,0,7:27:40
6.52,-5.78,96.8,631.1,-559.5,0,0,7:27:45
6.51,-5.78,96.8,630.2,-559.5,0,0,7:27:50
6.51,-5.78,96.8,630.2,-559.5,0,0,7:27:55
6.5,-5.76,96.8,629.2,-557.6,0,0,7:28:00
6.53,-5.79,96.8,632.1,-560.5,0,0,7:28:05
6.53,-5.79,96.8,632.1,-560.5,0,0,7:28:10
6.52,-5.79,96.8,631.1,-560.5,0,0,7:28:15
6.55,-5.81,96.8,634,-562.4,0,0,7:28:20
6.55,-5.81,96.8,634,-562.4,0,0,7:28:25
6.57,-5.83,96.8,636,-564.3,0,0,7:28:30
6.57,-5.83,96.9,636.6,-564.9,0,0,7:28:35
6.59,-5.85,96.9,638.6,-566.9,0,0,7:28:40
6.59,-5.85,96.8,637.9,-566.3,0,0,7:28:45
6.57,-5.84,96.9,636.6,-565.9,0,0,7:28:50
6.55,-5.83,96.9,634.7,-564.9,0,0,7:28:55
6.56,-5.82,96.9,635.7,-564,0,0,7:29:00
6.57,-5.83,96.9,636.6,-564.9,0,0,7:29:05
6.6,-5.86,96.9,639.5,-567.8,0,0,7:29:10
6.62,-5.88,96.9,641.5,-569.8,0,0,7:29:15
6.63,-5.88,96.9,642.4,-569.8,0,0,7:29:20
6.64,-5.9,96.9,643.4,-571.7,0,0,7:29:25
6.64,-5.9,96.9,643.4,-571.7,0,0,7:29:30
6.64,-5.9,96.9,643.4,-571.7,0,0,7:29:35
6.66,-5.91,96.9,645.4,-572.7,0,0,7:29:40
6.67,-5.91,96.9,646.3,-572.7,0,0,7:29:45
6.67,-5.92,96.9,646.3,-573.6,0,0,7:29:50
6.66,-5.91,96.9,645.4,-572.7,0,0,7:29:55
6.66,-5.91,96.9,645.4,-572.7,0,0,7:30:00
6.69,-5.94,97,648.9,-576.2,0,0,7:30:05
6.69,-5.94,97,648.9,-576.2,0,0,7:30:10
6.69,-5.9,96.9,648.3,-571.7,0,0,7:30:15
6.69,-5.93,96.9,648.3,-574.6,0,0,7:30:20
6.71,-5.97,97,650.9,-579.1,0,0,7:30:25
6.72,-5.97,97.1,652.5,-579.7,0,0,7:30:30
6.72,-5.97,97,651.8,-579.1,0,0,7:30:35
6.72,-5.98,97.1,652.5,-580.7,0,0,7:30:40
6.72,-5.98,97.1,652.5,-580.7,0,0,7:30:45
6.73,-5.99,97.1,653.5,-581.6,0,0,7:30:50
6.75,-6.01,97,654.8,-583,0,0,7:30:55
6.74,-6,97.1,654.5,-582.6,0,0,7:31:00
6.75,-6.01,97.1,655.4,-583.6,0,0,7:31:05
6.77,-6.02,97.1,657.4,-584.5,0,0,7:31:10
6.79,-6.03,97.1,659.3,-585.5,0,0,7:31:15
6.79,-6.04,97.1,659.3,-586.5,0,0,7:31:20
6.78,-6.03,97.1,658.3,-585.5,0,0,7:31:25
6.79,-6.04,97.1,659.3,-586.5,0,0,7:31:30
6.8,-6.04,97.1,660.3,-586.5,0,0,7:31:35
6.79,-6.04,97.1,659.3,-586.5,0,0,7:31:40
6.81,-6.05,97.1,661.3,-587.5,0,0,7:31:45
6.82,-6.06,97.1,662.2,-588.4,0,0,7:31:50
6.81,-6.05,97.1,661.3,-587.5,0,0,7:31:55
6.83,-6.07,97.1,663.2,-589.4,0,0,7:32:00
6.82,-6.06,97.1,662.2,-588.4,0,0,7:32:05
6.84,-6.08,97.1,664.2,-590.4,0,0,7:32:10
6.85,-6.08,97.1,665.1,-590.4,0,0,7:32:15
6.86,-6.1,97.1,666.1,-592.3,0,0,7:32:20
6.85,-6.09,97.1,665.1,-591.3,0,0,7:32:25
6.86,-6.1,97.1,666.1,-592.3,0,0,7:32:30
6.87,-6.1,97.1,667.1,-592.3,0,0,7:32:35
6.87,-6.1,97.1,667.1,-592.3,0,0,7:32:40
6.88,-6.12,97.1,668,-594.3,0,0,7:32:45
6.9,-6.13,97.2,670.7,-595.8,0,0,7:32:50
6.91,-6.14,97.2,671.7,-596.8,0,0,7:32:55
6.9,-6.14,97.2,670.7,-596.8,0,0,7:33:00
6.91,-6.15,97.2,671.7,-597.8,0,0,7:33:05
6.92,-6.15,97.2,672.6,-597.8,0,0,7:33:10
6.93,-6.16,97.2,673.6,-598.8,0,0,7:33:15
6.93,-6.16,97.2,673.6,-598.8,0,0,7:33:20
6.94,-6.17,97.2,674.6,-599.7,0,0,7:33:25
6.93,-6.17,97.2,673.6,-599.7,0,0,7:33:30
6.94,-6.18,97.2,674.6,-600.7,0,0,7:33:35
6.94,-6.18,97.2,674.6,-600.7,0,0,7:33:40
6.97,-6.2,97.2,677.5,-602.6,0,0,7:33:45
6.96,-6.19,97.2,676.5,-601.7,0,0,7:33:50
6.97,-6.2,97.2,677.5,-602.6,0,0,7:33:55
6.98,-6.2,97.2,678.5,-602.6,0,0,7:34:00
6.99,-6.22,97.2,679.4,-604.6,0,0,7:34:05
7,-6.22,97.2,680.4,-604.6,0,0,7:34:10
6.99,-6.22,97.2,679.4,-604.6,0,0,7:34:15
7.01,-6.23,97.2,681.4,-605.6,0,0,7:34:20
7.02,-6.24,97.2,682.3,-606.5,0,0,7:34:25
6.99,-6.22,97.2,679.4,-604.6,0,0,7:34:30
7.03,-6.25,97.3,684,-608.1,0,0,7:34:35
7.04,-6.26,97.3,685,-609.1,0,0,7:34:40
7.02,-6.25,97.3,683,-608.1,0,0,7:34:45
7.03,-6.24,97.3,684,-607.2,0,0,7:34:50
7.05,-6.27,97.4,686.7,-610.7,0,0,7:34:55
7.04,-6.27,97.4,685.7,-610.7,0,0,7:35:00
7.06,-6.29,97.3,686.9,-612,0,0,7:35:05
7.06,-6.29,97.3,686.9,-612,0,0,7:35:10
7.06,-6.29,97.4,687.6,-612.6,0,0,7:35:15
7.06,-6.3,97.4,687.6,-613.6,0,0,7:35:20
7.08,-6.31,97.3,688.9,-614,0,0,7:35:25
7.09,-6.31,97.3,689.9,-614,0,0,7:35:30
7.14,-6.35,97.4,695.4,-618.5,0,0,7:35:35
7.13,-6.35,97.4,694.5,-618.5,0,0,7:35:40
7.14,-6.36,97.4,695.4,-619.5,0,0,7:35:45
7.15,-6.37,97.4,696.4,-620.4,0,0,7:35:50
7.16,-6.38,97.4,697.4,-621.4,0,0,7:35:55
7.15,-6.38,97.4,696.4,-621.4,0,0,7:36:00
7.17,-6.38,97.4,698.4,-621.4,0,0,7:36:05
7.18,-6.39,97.4,699.3,-622.4,0,0,7:36:10
7.17,-6.39,97.4,698.4,-622.4,0,0,7:36:15
7.19,-6.41,97.4,700.3,-624.3,0,0,7:36:20
7.2,-6.42,97.4,701.3,-625.3,0,0,7:36:25
7.2,-6.42,97.4,701.3,-625.3,0,0,7:36:30
7.21,-6.43,97.4,702.3,-626.3,0,0,7:36:35
7.22,-6.43,97.4,703.2,-626.3,0,0,7:36:40
7.23,-6.44,97.4,704.2,-627.3,0,0,7:36:45
7.22,-6.44,97.4,703.2,-627.3,0,0,7:36:50
7.22,-6.43,97.4,703.2,-626.3,0,0,7:36:55
7.23,-6.45,97.4,704.2,-628.2,0,0,7:37:00
7.25,-6.46,97.4,706.2,-629.2,0,0,7:37:05
7.24,-6.45,97.5,705.9,-628.9,0,0,7:37:10
7.25,-6.46,97.5,706.9,-629.9,0,0,7:37:15
7.26,-6.47,97.5,707.9,-630.8,0,0,7:37:20
7.26,-6.47,97.4,707.1,-630.2,0,0,7:37:25
7.27,-6.48,97.4,708.1,-631.2,0,0,7:37:30
7.28,-6.49,97.5,709.8,-632.8,0,0,7:37:35
7.29,-6.49,97.5,710.8,-632.8,0,0,7:37:40
7.28,-6.49,97.5,709.8,-632.8,0,0,7:37:45
7.3,-6.5,97.5,711.8,-633.8,0,0,7:37:50
7.3,-6.51,97.5,711.8,-634.7,0,0,7:37:55
7.3,-6.51,97.5,711.8,-634.7,0,0,7:38:00
7.31,-6.52,97.5,712.7,-635.7,0,0,7:38:05
7.31,-6.51,97.5,712.7,-634.7,0,0,7:38:10
7.31,-6.52,97.5,712.7,-635.7,0,0,7:38:15
7.33,-6.55,97.5,714.7,-638.6,0,0,7:38:20
7.34,-6.54,97.5,715.7,-637.7,0,0,7:38:25
7.34,-6.54,97.5,715.7,-637.7,0,0,7:38:30
7.34,-6.54,97.5,715.7,-637.7,0,0,7:38:35
7.34,-6.54,97.5,715.7,-637.7,0,0,7:38:40
7.36,-6.56,97.6,718.3,-640.3,0,0,7:38:45
7.35,-6.57,97.6,717.4,-641.2,0,0,7:38:50
7.36,-6.57,97.6,718.3,-641.2,0,0,7:38:55
7.36,-6.58,97.6,718.3,-642.2,0,0,7:39:00
7.37,-6.58,97.7,720,-642.9,0,0,7:39:05
7.38,-6.59,97.6,720.3,-643.2,0,0,7:39:10
7.39,-6.59,97.6,721.3,-643.2,0,0,7:39:15
7.39,-6.59,97.6,721.3,-643.2,0,0,7:39:20
7.39,-6.59,97.6,721.3,-643.2,0,0,7:39:25
7.4,-6.61,97.6,722.2,-645.1,0,0,7:39:30
7.4,-6.61,97.6,722.2,-645.1,0,0,7:39:35
7.42,-6.62,97.7,724.9,-646.8,0,0,7:39:40
7.43,-6.63,97.7,725.9,-647.8,0,0,7:39:45
7.42,-6.62,97.7,724.9,-646.8,0,0,7:39:50
7.43,-6.63,97.7,725.9,-647.8,0,0,7:39:55
7.43,-6.63,97.7,725.9,-647.8,0,0,7:40:00
7.43,-6.63,97.7,725.9,-647.8,0,0,7:40:05
7.44,-6.64,97.7,726.9,-648.7,0,0,7:40:10
7.44,-6.64,97.7,726.9,-648.7,0,0,7:40:15
7.45,-6.65,97.7,727.9,-649.7,0,0,7:40:20
7.47,-6.66,97.7,729.8,-650.7,0,0,7:40:25
7.46,-6.66,97.7,728.8,-650.7,0,0,7:40:30
7.45,-6.65,97.7,727.9,-649.7,0,0,7:40:35
7.47,-6.67,97.7,729.8,-651.7,0,0,7:40:40
7.48,-6.67,97.7,730.8,-651.7,0,0,7:40:45
7.49,-6.68,97.7,731.8,-652.6,0,0,7:40:50
7.48,-6.67,97.7,730.8,-651.7,0,0,7:40:55
7.48,-6.67,97.7,730.8,-651.7,0,0,7:41:00
7.47,-6.67,97.7,729.8,-651.7,0,0,7:41:05
7.48,-6.67,97.7,730.8,-651.7,0,0,7:41:10
7.49,-6.69,97.7,731.8,-653.6,0,0,7:41:15
7.5,-6.69,97.7,732.8,-653.6,0,0,7:41:20
7.51,-6.71,97.7,733.7,-655.6,0,0,7:41:25
7.5,-6.69,97.7,732.8,-653.6,0,0,7:41:30
7.5,-6.71,97.7,732.8,-655.6,0,0,7:41:35
7.51,-6.72,97.8,734.5,-657.2,0,0,7:41:40
7.52,-6.72,97.7,734.7,-656.5,0,0,7:41:45
7.51,-6.72,97.8,734.5,-657.2,0,0,7:41:50
7.52,-6.72,97.7,734.7,-656.5,0,0,7:41:55
7.53,-6.72,97.8,736.4,-657.2,0,0,7:42:00
7.53,-6.73,97.8,736.4,-658.2,0,0,7:42:05
7.54,-6.73,97.8,737.4,-658.2,0,0,7:42:10
7.55,-6.74,97.8,738.4,-659.2,0,0,7:42:15
7.55,-6.75,97.8,738.4,-660.2,0,0,7:42:20
7.54,-6.74,97.8,737.4,-659.2,0,0,7:42:25
7.55,-6.75,97.8,738.4,-660.2,0,0,7:42:30
7.55,-6.74,97.8,738.4,-659.2,0,0,7:42:35
7.55,-6.74,97.8,738.4,-659.2,0,0,7:42:40
7.57,-6.76,97.8,740.3,-661.1,0,0,7:42:45
7.59,-6.78,97.8,742.3,-663.1,0,0,7:42:50
7.6,-6.79,97.8,743.3,-664.1,0,0,7:42:55
7.6,-6.79,97.8,743.3,-664.1,0,0,7:43:00
7.6,-6.79,97.8,743.3,-664.1,0,0,7:43:05
7.6,-6.79,97.8,743.3,-664.1,0,0,7:43:10
7.6,-6.8,97.8,743.3,-665,0,0,7:43:15
7.61,-6.8,97.9,745,-665.7,0,0,7:43:20
7.61,-6.8,97.9,745,-665.7,0,0,7:43:25
7.62,-6.81,97.9,746,-666.7,0,0,7:43:30
7.62,-6.81,97.9,746,-666.7,0,0,7:43:35
7.63,-6.81,97.9,747,-666.7,0,0,7:43:40
7.63,-6.81,97.9,747,-666.7,0,0,7:43:45
7.64,-6.83,97.9,748,-668.7,0,0,7:43:50
7.64,-6.83,98,748.7,-669.3,0,0,7:43:55
7.66,-6.84,97.9,749.9,-669.6,0,0,7:44:00
7.65,-6.84,97.9,748.9,-669.6,0,0,7:44:05
7.66,-6.84,97.9,749.9,-669.6,0,0,7:44:10
7.66,-6.84,98,750.7,-670.3,0,0,7:44:15
7.66,-6.85,98,750.7,-671.3,0,0,7:44:20
7.67,-6.85,98,751.7,-671.3,0,0,7:44:25
7.68,-6.87,98,752.6,-673.3,0,0,7:44:30
7.68,-6.87,98,752.6,-673.3,0,0,7:44:35
7.68,-6.86,98,752.6,-672.3,0,0,7:44:40
7.68,-6.87,98,752.6,-673.3,0,0,7:44:45
7.68,-6.86,98,752.6,-672.3,0,0,7:44:50
7.68,-6.87,98,752.6,-673.3,0,0,7:44:55
7.69,-6.88,98,753.6,-674.2,0,0,7:45:00
7.69,-6.88,98,753.6,-674.2,0,0,7:45:05
7.7,-6.89,98,754.6,-675.2,0,0,7:45:10
7.71,-6.9,98,755.6,-676.2,0,0,7:45:15
7.72,-6.91,98,756.6,-677.2,0,0,7:45:20
7.72,-6.9,98,756.6,-676.2,0,0,7:45:25
7.72,-6.91,98,756.6,-677.2,0,0,7:45:30
7.71,-6.9,98,755.6,-676.2,0,0,7:45:35
7.73,-6.91,98,757.5,-677.2,0,0,7:45:40
7.73,-6.91,98,757.5,-677.2,0,0,7:45:45
7.74,-6.92,98,758.5,-678.2,0,0,7:45:50
7.74,-6.93,98.1,759.3,-679.8,0,0,7:45:55
7.74,-6.92,98.1,759.3,-678.9,0,0,7:46:00
7.75,-6.93,98.1,760.3,-679.8,0,0,7:46:05
7.75,-6.93,98.1,760.3,-679.8,0,0,7:46:10
7.76,-6.94,98.1,761.3,-680.8,0,0,7:46:15
7.75,-6.93,98.1,760.3,-679.8,0,0,7:46:20
7.77,-6.94,98.1,762.2,-680.8,0,0,7:46:25
7.75,-6.94,98.1,760.3,-680.8,0,0,7:46:30
7.76,-6.94,98.1,761.3,-680.8,0,0,7:46:35
7.76,-6.95,98.1,761.3,-681.8,0,0,7:46:40
7.78,-6.95,98.1,763.2,-681.8,0,0,7:46:45
7.78,-6.95,98.1,763.2,-681.8,0,0,7:46:50
7.78,-6.96,98.1,763.2,-682.8,0,0,7:46:55
7.79,-6.97,98.1,764.2,-683.8,0,0,7:47:00
7.8,-6.97,98.1,765.2,-683.8,0,0,7:47:05
7.81,-6.98,98.1,766.2,-684.7,0,0,7:47:10
7.81,-6.98,98.1,766.2,-684.7,0,0,7:47:15
7.81,-6.98,98.1,766.2,-684.7,0,0,7:47:20
7.81,-6.97,98.1,766.2,-683.8,0,0,7:47:25
7.81,-6.98,98.2,766.9,-685.4,0,0,7:47:30
7.82,-6.99,98.1,767.1,-685.7,0,0,7:47:35
7.82,-6.98,98.1,767.1,-684.7,0,0,7:47:40
7.82,-6.99,98.2,767.9,-686.4,0,0,7:47:45
7.82,-7,98.2,767.9,-687.4,0,0,7:47:50
7.82,-6.99,98.2,767.9,-686.4,0,0,7:47:55
7.83,-7,98.2,768.9,-687.4,0,0,7:48:00
7.82,-6.99,98.2,767.9,-686.4,0,0,7:48:05
7.83,-7,98.3,769.7,-688.1,0,0,7:48:10
7.83,-7.01,98.3,769.7,-689.1,0,0,7:48:15
7.84,-7.01,98.2,769.9,-688.4,0,0,7:48:20
7.83,-7,98.3,769.7,-688.1,0,0,7:48:25
7.84,-7.01,98.3,770.7,-689.1,0,0,7:48:30
7.84,-7,98.3,770.7,-688.1,0,0,7:48:35
7.85,-7.02,98.3,771.7,-690.1,0,0,7:48:40
7.85,-7.02,98.3,771.7,-690.1,0,0,7:48:45
7.86,-7.03,98.3,772.6,-691,0,0,7:48:50
7.86,-7.02,98.3,772.6,-690.1,0,0,7:48:55
7.86,-7.03,98.3,772.6,-691,0,0,7:49:00
7.86,-7.03,98.3,772.6,-691,0,0,7:49:05
7.86,-7.03,98.3,772.6,-691,0,0,7:49:10
7.87,-7.04,98.3,773.6,-692,0,0,7:49:15
7.87,-7.04,98.3,773.6,-692,0,0,7:49:20
7.87,-7.04,98.3,773.6,-692,0,0,7:49:25
7.87,-7.05,98.3,773.6,-693,0,0,7:49:30
7.88,-7.04,98.3,774.6,-692,0,0,7:49:35
7.88,-7.06,98.3,774.6,-694,0,0,7:49:40
7.88,-7.06,98.3,774.6,-694,0,0,7:49:45
7.89,-7.07,98.3,775.6,-695,0,0,7:49:50
7.9,-7.07,98.3,776.6,-695,0,0,7:49:55
7.9,-7.07,98.3,776.6,-695,0,0,7:50:00
7.9,-7.07,98.3,776.6,-695,0,0,7:50:05
7.91,-7.07,98.3,777.6,-695,0,0,7:50:10
7.91,-7.08,98.3,777.6,-696,0,0,7:50:15
7.91,-7.07,98.3,777.6,-695,0,0,7:50:20
7.9,-7.07,98.4,777.4,-695.7,0,0,7:50:25
7.9,-7.07,98.4,777.4,-695.7,0,0,7:50:30
7.91,-7.08,98.4,778.3,-696.7,0,0,7:50:35
7.92,-7.1,98.4,779.3,-698.6,0,0,7:50:40
7.91,-7.08,98.4,778.3,-696.7,0,0,7:50:45
7.92,-7.09,98.4,779.3,-697.7,0,0,7:50:50
7.93,-7.09,98.4,780.3,-697.7,0,0,7:50:55
7.93,-7.1,98.4,780.3,-698.6,0,0,7:51:00
7.93,-7.1,98.4,780.3,-698.6,0,0,7:51:05
7.93,-7.1,98.4,780.3,-698.6,0,0,7:51:10
7.94,-7.1,98.4,781.3,-698.6,0,0,7:51:15
7.94,-7.11,98.4,781.3,-699.6,0,0,7:51:20
7.95,-7.11,98.4,782.3,-699.6,0,0,7:51:25
7.95,-7.11,98.4,782.3,-699.6,0,0,7:51:30
7.95,-7.11,98.4,782.3,-699.6,0,0,7:51:35
7.95,-7.11,98.5,783.1,-700.3,0,0,7:51:40
7.95,-7.11,98.4,782.3,-699.6,0,0,7:51:45
7.94,-7.11,98.5,782.1,-700.3,0,0,7:51:50
7.96,-7.12,98.4,783.3,-700.6,0,0,7:51:55
7.97,-7.12,98.5,785,-701.3,0,0,7:52:00
7.96,-7.13,98.5,784.1,-702.3,0,0,7:52:05
7.97,-7.13,98.6,785.8,-703,0,0,7:52:10
7.97,-7.15,98.5,785,-704.3,0,0,7:52:15
7.98,-7.15,98.5,786,-704.3,0,0,7:52:20
7.99,-7.15,98.5,787,-704.3,0,0,7:52:25
7.99,-7.15,98.6,787.8,-705,0,0,7:52:30
7.99,-7.15,98.6,787.8,-705,0,0,7:52:35
7.97,-7.14,98.6,785.8,-704,0,0,7:52:40
7.98,-7.15,98.6,786.8,-705,0,0,7:52:45
7.98,-7.16,98.6,786.8,-706,0,0,7:52:50
7.97,-7.14,98.6,785.8,-704,0,0,7:52:55
7.97,-7.14,98.6,785.8,-704,0,0,7:53:00
7.98,-7.14,98.6,786.8,-704,0,0,7:53:05
7.97,-7.14,98.6,785.8,-704,0,0,7:53:10
7.99,-7.15,98.6,787.8,-705,0,0,7:53:15
7.99,-7.16,98.6,787.8,-706,0,0,7:53:20
8,-7.16,98.6,788.8,-706,0,0,7:53:25
8,-7.15,98.6,788.8,-705,0,0,7:53:30
8.02,-7.17,98.6,790.8,-707,0,0,7:53:35
8.02,-7.18,98.6,790.8,-707.9,0,0,7:53:40
8.03,-7.2,98.6,791.8,-709.9,0,0,7:53:45
8.04,-7.2,98.6,792.7,-709.9,0,0,7:53:50
8.03,-7.2,98.6,791.8,-709.9,0,0,7:53:55
8.04,-7.2,98.6,792.7,-709.9,0,0,7:54:00
8.03,-7.2,98.6,791.8,-709.9,0,0,7:54:05
8.05,-7.2,98.6,793.7,-709.9,0,0,7:54:10
8.04,-7.2,98.6,792.7,-709.9,0,0,7:54:15
8.05,-7.21,98.6,793.7,-710.9,0,0,7:54:20
8.05,-7.21,98.6,793.7,-710.9,0,0,7:54:25
8.06,-7.22,98.6,794.7,-711.9,0,0,7:54:30
8.06,-7.22,98.7,795.5,-712.6,0,0,7:54:35
8.07,-7.23,98.7,796.5,-713.6,0,0,7:54:40
8.06,-7.23,98.7,795.5,-713.6,0,0,7:54:45
8.06,-7.21,98.7,795.5,-711.6,0,0,7:54:50
8.07,-7.22,98.7,796.5,-712.6,0,0,7:54:55
8.06,-7.22,98.7,795.5,-712.6,0,0,7:55:00
8.07,-7.23,98.7,796.5,-713.6,0,0,7:55:05
8.07,-7.22,98.7,796.5,-712.6,0,0,7:55:10
8.07,-7.22,98.7,796.5,-712.6,0,0,7:55:15
8.07,-7.23,98.7,796.5,-713.6,0,0,7:55:20
8.08,-7.24,98.7,797.5,-714.6,0,0,7:55:25
8.08,-7.23,98.7,797.5,-713.6,0,0,7:55:30
8.12,-7.27,98.7,801.4,-717.5,0,0,7:55:35
8.01,-7.17,98.7,790.6,-707.7,0,0,7:55:40
7.69,-6.88,98.7,759,-679.1,0,0,7:55:45
7.69,-6.89,98.7,759,-680,0,0,7:55:50
7.69,-6.88,98.7,759,-679.1,0,0,7:55:55
7.69,-6.88,98.7,759,-679.1,0,0,7:56:00
7.69,-6.88,98.7,759,-679.1,0,0,7:56:05
7.7,-6.9,98.7,760,-681,0,0,7:56:10
7.7,-6.89,98.7,760,-680,0,0,7:56:15
7.7,-6.88,98.7,760,-679.1,0,0,7:56:20
7.7,-6.89,98.7,760,-680,0,0,7:56:25
7.73,-6.91,98.7,763,-682,0,0,7:56:30
7.72,-6.9,98.7,762,-681,0,0,7:56:35
7.72,-6.9,98.7,762,-681,0,0,7:56:40
7.71,-6.89,98.7,761,-680,0,0,7:56:45
7.72,-6.91,98.7,762,-682,0,0,7:56:50
7.72,-6.9,98.8,762.7,-681.7,0,0,7:56:55
7.72,-6.9,98.8,762.7,-681.7,0,0,7:57:00
7.72,-6.91,98.8,762.7,-682.7,0,0,7:57:05
7.72,-6.9,98.8,762.7,-681.7,0,0,7:57:10
7.71,-6.89,98.8,761.7,-680.7,0,0,7:57:15
7.59,-6.77,98.9,750.7,-669.6,0,0,7:57:20
7.74,-6.92,98.9,765.5,-684.4,0,0,7:57:25
7.74,-6.92,98.9,765.5,-684.4,0,0,7:57:30
7.74,-6.93,98.9,765.5,-685.4,0,0,7:57:35
7.74,-6.92,98.8,764.7,-683.7,0,0,7:57:40
7.74,-6.93,98.9,765.5,-685.4,0,0,7:57:45
7.75,-6.94,98.9,766.5,-686.4,0,0,7:57:50
7.73,-6.91,98.9,764.5,-683.4,0,0,7:57:55
7.73,-6.91,98.9,764.5,-683.4,0,0,7:58:00
7.73,-6.91,98.9,764.5,-683.4,0,0,7:58:05
7.73,-6.91,98.9,764.5,-683.4,0,0,7:58:10
7.74,-6.92,98.9,765.5,-684.4,0,0,7:58:15
7.74,-6.93,98.9,765.5,-685.4,0,0,7:58:20
7.75,-6.94,98.9,766.5,-686.4,0,0,7:58:25
7.75,-6.94,98.9,766.5,-686.4,0,0,7:58:30
7.77,-6.99,98.9,768.5,-691.3,0,0,7:58:35
7.79,-6.96,98.9,770.4,-688.3,0,0,7:58:40
7.79,-6.97,98.9,770.4,-689.3,0,0,7:58:45
7.79,-6.97,98.9,770.4,-689.3,0,0,7:58:50
7.8,-6.97,98.9,771.4,-689.3,0,0,7:58:55
7.79,-6.96,98.9,770.4,-688.3,0,0,7:59:00
7.81,-6.98,98.9,772.4,-690.3,0,0,7:59:05
7.8,-6.98,98.9,771.4,-690.3,0,0,7:59:10
7.8,-6.97,98.9,771.4,-689.3,0,0,7:59:15
7.81,-6.98,98.9,772.4,-690.3,0,0,7:59:20
7.82,-7,98.9,773.4,-692.3,0,0,7:59:25
7.83,-7,98.9,774.4,-692.3,0,0,7:59:30
7.82,-6.98,99,774.2,-691,0,0,7:59:35
7.82,-6.99,98.9,773.4,-691.3,0,0,7:59:40
7.83,-7,99,775.2,-693,0,0,7:59:45
7.84,-7.02,99,776.2,-695,0,0,7:59:50
7.85,-7.04,98.9,776.4,-696.3,0,0,7:59:55
7.86,-7.07,99,778.1,-699.9,0,0,8:00:00
7.85,-7.02,99,777.2,-695,0,0,8:00:05
7.85,-7.02,99,777.2,-695,0,0,8:00:10
7.86,-7.02,99,778.1,-695,0,0,8:00:15
7.87,-7.04,99,779.1,-697,0,0,8:00:20
7.87,-7.05,99,779.1,-698,0,0,8:00:25
7.88,-7.06,99,780.1,-698.9,0,0,8:00:30
7.88,-7.05,99,780.1,-698,0,0,8:00:35
7.87,-7.05,99,779.1,-698,0,0,8:00:40
7.88,-7.05,99,780.1,-698,0,0,8:00:45
7.88,-7.05,99,780.1,-698,0,0,8:00:50
7.89,-7.06,99.1,781.9,-699.6,0,0,8:00:55
7.89,-7.06,99.1,781.9,-699.6,0,0,8:01:00
7.89,-7.06,99.1,781.9,-699.6,0,0,8:01:05
7.88,-7.05,99.1,780.9,-698.7,0,0,8:01:10
7.9,-7.07,99.1,782.9,-700.6,0,0,8:01:15
7.9,-7.06,99.1,782.9,-699.6,0,0,8:01:20
7.9,-7.07,99.1,782.9,-700.6,0,0,8:01:25
7.9,-7.07,99.2,783.7,-701.3,0,0,8:01:30
7.89,-7.06,99.2,782.7,-700.4,0,0,8:01:35
7.86,-7.02,99.2,779.7,-696.4,0,0,8:01:40
7.84,-7.01,99.2,777.7,-695.4,0,0,8:01:45
7.81,-6.98,99.2,774.8,-692.4,0,0,8:01:50
7.58,-6.77,99.1,751.2,-670.9,0,0,8:01:55
7.45,-6.66,99.1,738.3,-660,0,0,8:02:00
7.44,-6.64,99.1,737.3,-658,0,0,8:02:05
6.85,-6.08,99,678.2,-601.9,0,0,8:02:10
2.88,-2.4,98.5,283.7,-236.4,0,0,8:02:15
2.18,-1.75,98.3,214.3,-172,0,0,8:02:20
1.3,-0.96,98.2,127.7,-94.3,0,0,8:02:25
0.86,-0.56,98.1,84.4,-54.9,0,0,8:02:30
0.79,-0.49,98,77.4,-48,0,0,8:02:35
0.81,-0.51,98,79.4,-50,0,0,8:02:40
0.83,-0.53,98,81.3,-51.9,0,0,8:02:45
0.87,-0.58,98,85.3,-56.8,0,0,8:02:50
0.79,-0.5,98,77.4,-49,0,0,8:02:55
0.79,-0.49,98,77.4,-48,0,0,8:03:00
0.85,-0.54,98,83.3,-52.9,0,0,8:03:05
0.86,-0.58,97.9,84.2,-56.8,0,0,8:03:10
0.85,-0.55,98,83.3,-53.9,0,0,8:03:15
0.84,-0.54,98,82.3,-52.9,0,0,8:03:20
0.85,-0.55,98,83.3,-53.9,0,0,8:03:25
0.86,-0.56,98,84.3,-54.9,0,0,8:03:30
0.88,-0.59,97.9,86.2,-57.8,0,0,8:03:35
0.87,-0.58,97.9,85.2,-56.8,0,0,8:03:40
0.85,-0.55,98,83.3,-53.9,0,0,8:03:45
0.8,-0.51,98,78.4,-50,0,0,8:03:50
0.85,-0.56,97.9,83.2,-54.8,0,0,8:03:55
0.88,-0.57,98,86.2,-55.9,0,0,8:04:00
0.87,-0.57,97.9,85.2,-55.8,0,0,8:04:05
0.85,-0.57,97.9,83.2,-55.8,0,0,8:04:10
0.87,-0.57,97.9,85.2,-55.8,0,0,8:04:15
0.89,-0.59,97.9,87.1,-57.8,0,0,8:04:20
0.86,-0.55,97.9,84.2,-53.8,0,0,8:04:25
0.88,-0.57,97.9,86.2,-55.8,0,0,8:04:30
0.93,-0.63,98,91.1,-61.7,0,0,8:04:35
0.89,-0.6,97.9,87.1,-58.7,0,0,8:04:40
0.9,-0.59,97.9,88.1,-57.8,0,0,8:04:45
0.74,-0.45,97.8,72.4,-44,0,0,8:04:50
0.67,-0.39,97.8,65.5,-38.1,0,0,8:04:55
0.72,-0.43,97.9,70.5,-42.1,0,0,8:05:00
0.78,-0.49,97.9,76.4,-48,0,0,8:05:05
0.75,-0.45,97.8,73.4,-44,0,0,8:05:10
0.77,-0.48,97.9,75.4,-47,0,0,8:05:15
0.79,-0.49,97.8,77.3,-47.9,0,0,8:05:20
0.75,-0.45,97.8,73.4,-44,0,0,8:05:25
0.79,-0.5,97.8,77.3,-48.9,0,0,8:05:30
0.78,-0.48,97.8,76.3,-46.9,0,0,8:05:35
0.79,-0.49,97.9,77.3,-48,0,0,8:05:40
0.7,-0.41,97.8,68.5,-40.1,0,0,8:05:45
0.73,-0.44,97.8,71.4,-43,0,0,8:05:50
0.79,-0.48,97.8,77.3,-46.9,0,0,8:05:55
0.74,-0.44,97.8,72.4,-43,0,0,8:06:00
0.76,-0.46,97.9,74.4,-45,0,0,8:06:05
0.79,-0.5,97.8,77.3,-48.9,0,0,8:06:10
0.8,-0.51,97.8,78.2,-49.9,0,0,8:06:15
0.75,-0.45,97.8,73.4,-44,0,0,8:06:20
0.78,-0.49,97.8,76.3,-47.9,0,0,8:06:25
0.8,-0.5,97.8,78.2,-48.9,0,0,8:06:30
0.79,-0.5,97.8,77.3,-48.9,0,0,8:06:35
0.75,-0.45,97.8,73.4,-44,0,0,8:06:40
0.77,-0.48,97.8,75.3,-46.9,0,0,8:06:45
0.81,-0.51,97.8,79.2,-49.9,0,0,8:06:50
0.78,-0.48,97.8,76.3,-46.9,0,0,8:06:55
0.74,-0.44,97.8,72.4,-43,0,0,8:07:00
0.79,-0.51,97.8,77.3,-49.9,0,0,8:07:05
0.79,-0.51,97.8,77.3,-49.9,0,0,8:07:10
0.79,-0.5,97.8,77.3,-48.9,0,0,8:07:15
0.83,-0.52,97.8,81.2,-50.9,0,0,8:07:20
0.79,-0.5,97.8,77.3,-48.9,0,0,8:07:25
0.78,-0.51,97.8,76.3,-49.9,0,0,8:07:30
0.82,-0.52,97.8,80.2,-50.9,0,0,8:07:35
0.79,-0.49,97.8,77.3,-47.9,0,0,8:07:40
0.78,-0.48,97.8,76.3,-46.9,0,0,8:07:45
0.81,-0.51,97.8,79.2,-49.9,0,0,8:07:50
0.85,-0.54,97.8,83.1,-52.8,0,0,8:07:55
0.82,-0.53,97.8,80.2,-51.8,0,0,8:08:00
0.78,-0.49,97.8,76.3,-47.9,0,0,8:08:05
0.82,-0.53,97.9,80.3,-51.9,0,0,8:08:10
0.84,-0.56,97.7,82.1,-54.7,0,0,8:08:15
0.84,-0.53,97.8,82.2,-51.8,0,0,8:08:20
0.82,-0.52,97.8,80.2,-50.9,0,0,8:08:25
0.86,-0.56,97.8,84.1,-54.8,0,0,8:08:30
0.88,-0.55,97.8,86.1,-53.8,0,0,8:08:35
0.82,-0.51,97.8,80.2,-49.9,0,0,8:08:40
0.86,-0.54,97.8,84.1,-52.8,0,0,8:08:45
0.83,-0.5,97.8,81.2,-48.9,0,0,8:08:50
0.89,-0.57,97.8,87,-55.7,0,0,8:08:55
0.79,4.42,97,76.6,428.7,0,2,8:09:00
1.2,3.06,97.2,116.6,297.4,0,9,8:09:05
2.22,-1.78,98,217.6,-174.4,0,8,8:09:10
1.58,5.61,96.7,152.8,542.5,0,8,8:09:15
1.34,10.98,95.9,128.5,1053,0,21,8:09:20
0.85,17.75,94.7,80.5,1680.9,0,33,8:09:25
0.8,17.72,94.6,75.7,1676.3,0,43,8:09:30
0.53,16.05,94.8,50.2,1521.5,0,50,8:09:35
0.74,1.53,97.1,71.9,148.6,0,52,8:09:40
1.02,-11.74,99.3,101.3,-1165.8,0,46,8:09:45
1.29,1.56,97.3,125.5,151.8,0,42,8:09:50
1.17,7.15,96.3,112.7,688.5,0,44,8:09:55
1.4,12.5,95.5,133.7,1193.8,0,47,8:10:00
0.83,15.51,94.9,78.8,1471.9,0,52,8:10:05
1.77,18.95,94.2,166.7,1785.1,0,58,8:10:10
0.62,19.21,94.1,58.3,1807.7,0,64,8:10:15
0.8,2.98,96.7,77.4,288.2,0,66,8:10:20
1.01,-0.68,97.4,98.4,-66.2,0,60,8:10:25
0.72,-0.4,97.4,70.1,-39,0,57,8:10:30
0.62,0.21,97.3,60.3,20.4,0,54,8:10:35
0.99,9.54,95.8,94.8,913.9,0,55,8:10:40
0.87,11.78,95.4,83,1123.8,0,58,8:10:45
0.47,12.14,95.3,44.8,1156.9,0,60,8:10:50
1.1,12.62,95.2,104.7,1201.4,0,63,8:10:55
0.96,12.72,95.2,91.4,1210.9,0,66,8:11:00
1.27,12.47,95.2,120.9,1187.1,0,68,8:11:05
0.75,13.17,95,71.3,1251.2,0,70,8:11:10
0.97,11.15,95.3,92.4,1062.6,0,72,8:11:15
1.53,9.69,95.6,146.3,926.4,0,73,8:11:20
1.29,7.69,95.8,123.6,736.7,0,73,8:11:25
0.91,7.89,95.8,87.2,755.9,0,73,8:11:30
0.72,7.94,95.8,69,760.7,0,73,8:11:35
0.82,8.02,95.7,78.5,767.5,0,73,8:11:40
0.64,8.26,95.7,61.2,790.5,0,72,8:11:45
0.88,8.38,95.7,84.2,802,0,72,8:11:50
0.98,8.44,95.7,93.8,807.7,0,72,8:11:55
0.85,8.13,95.7,81.3,778,0,72,8:12:00
0.95,8.09,95.8,91,775,0,72,8:12:05
1.07,8.28,95.7,102.4,792.4,0,72,8:12:10
0.65,8.88,95.5,62.1,848,0,72,8:12:15
0.58,8.85,95.6,55.4,846.1,0,72,8:12:20
0.95,8.45,95.6,90.8,807.8,0,73,8:12:25
1,8.53,95.6,95.6,815.5,0,72,8:12:30
1.19,7.99,95.7,113.9,764.6,0,71,8:12:35
1.33,8.01,95.6,127.1,765.8,0,70,8:12:40
1.27,8,95.6,121.4,764.8,0,70,8:12:45
0.83,8.4,95.6,79.3,803,0,70,8:12:50
1,8.33,95.6,95.6,796.3,0,71,8:12:55
1.11,8.01,95.6,106.1,765.8,0,71,8:13:00
1.07,8.06,95.7,102.4,771.3,0,71,8:13:05
1.06,7.94,95.6,101.3,759.1,0,72,8:13:10
0.82,8.48,95.5,78.3,809.8,0,72,8:13:15
0.87,8.5,95.5,83.1,811.8,0,72,8:13:20
0.83,8.5,95.5,79.3,811.8,0,72,8:13:25
0.92,8.19,95.5,87.9,782.1,0,73,8:13:30
0.77,8.29,95.5,73.5,791.7,0,73,8:13:35
1.02,8.14,95.5,97.4,777.4,0,73,8:13:40
0.85,7.63,95.6,81.3,729.4,0,73,8:13:45
1.18,8.02,95.5,112.7,765.9,0,73,8:13:50
1.43,7.01,95.7,136.9,670.9,0,72,8:13:55
0.63,7.43,95.6,60.2,710.3,0,72,8:14:00
1.34,7.17,95.6,128.1,685.5,0,72,8:14:05
1.33,6.98,95.7,127.3,668,0,71,8:14:10
0.96,7.31,95.6,91.8,698.8,0,71,8:14:15
0.94,7.58,95.6,89.9,724.6,0,72,8:14:20
0.73,7.36,95.6,69.8,703.6,0,72,8:14:25
0.96,7.31,95.6,91.8,698.8,0,71,8:14:30
1.21,7.14,95.6,115.7,682.6,0,70,8:14:35
0.57,7.66,95.6,54.5,732.3,0,70,8:14:40
1.5,6.84,95.7,143.6,654.6,0,71,8:14:45
1.8,6.6,95.7,172.3,631.6,0,71,8:14:50
1.19,7.11,95.6,113.8,679.7,0,71,8:14:55
0.79,7.45,95.6,75.5,712.2,0,71,8:15:00
1.26,7.07,95.6,120.5,675.9,0,70,8:15:05
1.36,6.97,95.6,130,666.3,0,69,8:15:10
1.55,6.79,95.6,148.2,649.1,0,69,8:15:15
1.43,6.89,95.6,136.7,658.7,0,70,8:15:20
1.76,6.63,95.7,168.4,634.5,0,70,8:15:25
1.12,7.17,95.6,107.1,685.5,0,69,8:15:30
1.39,6.94,95.6,132.9,663.5,0,70,8:15:35
0.96,7.29,95.6,91.8,696.9,0,70,8:15:40
1.62,6.76,95.6,154.9,646.3,0,70,8:15:45
1.36,6.96,95.6,130,665.4,0,70,8:15:50
1.57,6.79,95.6,150.1,649.1,0,69,8:15:55
1.08,7.19,95.6,103.2,687.4,0,69,8:16:00
1.41,6.9,95.6,134.8,659.6,0,69,8:16:05
1.25,7.06,95.6,119.5,674.9,0,68,8:16:10
1.27,8.01,95.4,121.2,764.2,0,68,8:16:15
0.88,8.37,95.3,83.9,797.7,0,68,8:16:20
1.14,8.14,95.3,108.6,775.7,0,69,8:16:25
1.69,7.68,95.4,161.2,732.7,0,69,8:16:30
1.22,8.06,95.3,116.3,768.1,0,69,8:16:35
1.7,7.65,95.4,162.2,729.8,0,70,8:16:40
0.82,8.43,95.3,78.1,803.4,0,70,8:16:45
1.04,8.22,95.3,99.1,783.4,0,70,8:16:50
1.01,8.21,95.3,96.3,782.4,0,70,8:16:55
1.91,7.52,95.3,182,716.7,0,70,8:17:00
1.11,8.16,95.3,105.8,777.6,0,70,8:17:05
1.3,8,95.3,123.9,762.4,0,70,8:17:10
1.5,7.89,95.3,143,751.9,0,71,8:17:15
1.28,7.82,95.3,122,745.2,0,71,8:17:20
1.2,7.9,95.3,114.4,752.9,0,71,8:17:25
1.28,7.77,95.3,122,740.5,0,72,8:17:30
1.04,8.4,95.2,99,799.7,0,72,8:17:35
1.44,7.83,95.3,137.2,746.2,0,73,8:17:40
1.34,7.01,95.4,127.8,668.8,0,74,8:17:45
0.72,4.94,95.7,68.9,472.8,0,74,8:17:50
0.86,3.51,96,82.6,337,0,73,8:17:55
0.66,3.71,96,63.4,356.2,0,71,8:18:00
1.63,2.87,96.2,156.8,276.1,0,70,8:18:05
1.29,4.14,95.9,123.7,397,0,68,8:18:10
1.72,5.75,95.6,164.4,549.7,0,68,8:18:15
1.51,5.92,95.6,144.4,566,0,68,8:18:20
1.74,7.66,95.3,165.8,730,0,68,8:18:25
1.98,8.13,95.2,188.5,774,0,69,8:18:30
1.81,8.56,95.1,172.1,814.1,0,69,8:18:35
0.96,9.34,95,91.2,887.3,0,70,8:18:40
2.05,7.26,95.3,195.4,691.9,0,71,8:18:45
1.7,7.55,95.3,162,719.5,0,71,8:18:50
0.72,8.48,95.1,68.5,806.4,0,71,8:18:55
1.46,7.57,95.2,139,720.7,0,72,8:19:00
0.4,9.08,94.9,38,861.7,0,72,8:19:05
1,7.87,95.2,95.2,749.2,0,72,8:19:10
1.23,8.28,95.1,117,787.4,0,72,8:19:15
1.87,7.4,95.2,178,704.5,0,72,8:19:20
1.98,7.19,95.3,188.7,685.2,0,72,8:19:25
1.17,8.3,95,111.2,788.5,0,72,8:19:30
0.69,8.53,95,65.6,810.4,0,72,8:19:35
2.07,6.88,95.2,197.1,655,0,73,8:19:40
2.03,7.24,95.2,193.3,689.2,0,73,8:19:45
2.23,6.96,95.2,212.3,662.6,0,72,8:19:50
2.16,6.87,95.3,205.8,654.7,0,72,8:19:55
1.52,8.06,95.1,144.6,766.5,0,72,8:20:00
2.13,7.1,95.2,202.8,675.9,0,72,8:20:05
1.5,7.91,95.1,142.7,752.2,0,72,8:20:10
2.11,7.51,95.1,200.7,714.2,0,72,8:20:15
2.18,6.95,95.2,207.5,661.6,0,72,8:20:20
2.13,7.51,95.1,202.6,714.2,0,72,8:20:25
2.18,7.27,95.1,207.3,691.4,0,72,8:20:30
1.88,7.17,95.1,178.8,681.9,0,73,8:20:35
2.42,6.66,95.2,230.4,634,0,73,8:20:40
1.77,7.38,95.1,168.3,701.8,0,73,8:20:45
0.71,8.3,95,67.5,788.5,0,73,8:20:50
0.75,8.31,94.9,71.2,788.6,0,73,8:20:55
0.94,6.56,95.2,89.5,624.5,0,73,8:21:00
1.93,5.8,95.3,183.9,552.7,0,72,8:21:05
1.49,5.75,95.4,142.1,548.6,0,72,8:21:10
1.9,5.62,95.4,181.3,536.1,0,71,8:21:15
1.2,6.13,95.3,114.4,584.2,0,71,8:21:20
1.64,5.79,95.4,156.5,552.4,0,71,8:21:25
1.18,6.2,95.3,112.5,590.9,0,71,8:21:30
0.65,6.62,95.3,61.9,630.9,0,71,8:21:35
1.09,6.25,95.3,103.9,595.6,0,71,8:21:40
1.98,5.51,95.4,188.9,525.7,0,71,8:21:45
0.6,6.64,95.3,57.2,632.8,0,70,8:21:50
0.59,6.66,95.3,56.2,634.7,0,70,8:21:55
1.89,5.57,95.4,180.3,531.4,0,70,8:22:00
0.94,6.41,95.2,89.5,610.2,0,70,8:22:05
0.96,6.34,95.3,91.5,604.2,0,69,8:22:10
1.69,5.71,95.3,161.1,544.2,0,69,8:22:15
1.92,5.52,95.4,183.2,526.6,0,68,8:22:20
1.84,5.72,95.3,175.4,545.1,0,68,8:22:25
1.61,8.71,94.8,152.6,825.7,0,69,8:22:30
0.87,9.32,94.6,82.3,881.7,0,69,8:22:35
2.92,7.61,95,277.4,723,0,69,8:22:40
2.77,7.69,94.9,262.9,729.8,0,71,8:22:45
3.02,2.62,95.9,289.6,251.3,0,70,8:22:50
3.02,3.62,95.7,289,346.4,0,69,8:22:55
2.84,3.75,95.6,271.5,358.5,0,69,8:23:00
3.02,3.6,95.7,289,344.5,0,68,8:23:05
3.07,3.54,95.7,293.8,338.8,0,67,8:23:10
2.78,3.84,95.6,265.8,367.1,0,66,8:23:15
2.77,3.87,95.6,264.8,370,0,67,8:23:20
1.25,5.09,95.4,119.3,485.6,0,66,8:23:25
2.58,3.97,95.6,246.6,379.5,0,66,8:23:30
2.47,8.03,94.9,234.4,762,0,67,8:23:35
2.7,7.83,95,256.5,743.9,0,67,8:23:40
1.46,8.93,94.7,138.3,845.7,0,68,8:23:45
2.86,9.92,94.5,270.3,937.4,0,70,8:23:50
1.19,-0.83,96.3,114.6,-79.9,0,70,8:23:55
1.68,-27.62,100.8,169.3,-2784.1,0,60,8:24:00
2.13,-1.72,96.8,206.2,-166.5,0,46,8:24:05
1.61,1.23,96.3,155,118.4,0,45,8:24:10
2.42,9.13,94.9,229.7,866.4,0,47,8:24:15
2.47,9.06,94.9,234.4,859.8,0,50,8:24:20
1.22,10.34,94.6,115.4,978.2,0,54,8:24:25
2.62,9.08,94.7,248.1,859.9,0,56,8:24:30
1.51,12.31,94.2,142.2,1159.6,0,59,8:24:35
1.38,3.1,95.7,132.1,296.7,0,60,8:24:40
2.58,2.08,95.9,247.4,199.5,0,58,8:24:45
1.38,3.09,95.7,132.1,295.7,0,57,8:24:50
2.68,4.98,95.4,255.7,475.1,0,57,8:24:55
2.76,6.86,95.1,262.5,652.4,0,58,8:25:00
2.76,6.78,95.1,262.5,644.8,0,59,8:25:05
2.54,7,95,241.3,665,0,60,8:25:10
2.38,7.12,95,226.1,676.4,0,61,8:25:15
2.36,7.2,95,224.2,684,0,62,8:25:20
2.09,7.44,94.9,198.3,706.1,0,62,8:25:25
2.57,6.99,95,244.2,664.1,0,63,8:25:30
2.82,6.77,95,267.9,643.2,0,63,8:25:35
2.23,7.25,95,211.9,688.8,0,64,8:25:40
0.97,8.32,94.7,91.9,787.9,0,65,8:25:45
2.72,6.89,95,258.4,654.6,0,66,8:25:50
2.56,7.02,95,243.2,666.9,0,67,8:25:55
2.46,11.3,94.2,231.7,1064.5,0,69,8:26:00
1.6,10.84,94.2,150.7,1021.1,0,71,8:26:05
2.1,8.02,94.6,198.7,758.7,0,72,8:26:10
2.5,6.27,94.9,237.3,595,0,72,8:26:15
2.01,6.45,94.9,190.7,612.1,0,72,8:26:20
0.89,7.05,94.9,84.5,669,0,72,8:26:25
2.64,6.05,95,250.8,574.8,0,72,8:26:30
2.64,6.08,95,250.8,577.6,0,72,8:26:35
1.53,6.57,94.9,145.2,623.5,0,72,8:26:40
2.65,5.99,95.1,252,569.6,0,72,8:26:45
1.8,6.92,94.8,170.6,656,0,71,8:26:50
1.67,7.03,94.8,158.3,666.4,0,71,8:26:55
2.42,6.18,95,229.9,587.1,0,71,8:27:00
1.64,6.68,94.9,155.6,633.9,0,71,8:27:05
1.77,6.5,94.9,168,616.9,0,71,8:27:10
2.4,6.07,95,228,576.7,0,71,8:27:15
1.75,6.85,94.8,165.9,649.4,0,71,8:27:20
2.07,6.41,94.9,196.4,608.3,0,71,8:27:25
2.09,6.46,94.9,198.3,613.1,0,71,8:27:30
2.5,6.06,95,237.5,575.7,0,71,8:27:35
1.41,7.2,94.8,133.7,682.6,0,71,8:27:40
2.34,6.18,95,222.3,587.1,0,70,8:27:45
2.3,6.25,95,218.5,593.8,0,70,8:27:50
2.38,6.2,95,226.1,589,0,70,8:27:55
1.74,6.75,94.8,165,639.9,0,70,8:28:00
1.34,7.02,94.7,126.9,664.8,0,69,8:28:05
1.01,7.28,94.7,95.6,689.4,0,69,8:28:10
1.47,6.92,94.8,139.4,656,0,69,8:28:15
2.28,6.26,95,216.6,594.7,0,69,8:28:20
2.17,6.34,94.9,205.9,601.7,0,69,8:28:25
2.41,6.12,95,229,581.4,0,69,8:28:30
0.88,4.09,95.2,83.8,389.4,0,69,8:28:35
2.5,2.6,95.5,238.8,248.3,0,66,8:28:40
0.83,7.53,94.6,78.5,712.3,0,67,8:28:45
2.36,6.24,94.9,224,592.2,0,67,8:28:50
2.51,6.11,94.9,238.2,579.8,0,68,8:28:55
1.4,7.35,94.6,132.4,695.3,0,68,8:29:00
0.93,8.39,94.5,87.9,792.9,0,69,8:29:05
2.34,9.31,94.3,220.7,877.9,0,70,8:29:10
0.88,10.61,94.1,82.8,998.4,0,71,8:29:15
2.16,9.11,94.3,203.7,859.1,0,72,8:29:20
1.38,8.74,94.3,130.1,824.2,0,72,8:29:25
0.77,8.97,94.3,72.6,845.9,0,73,8:29:30
1.43,7.28,94.6,135.3,688.7,0,72,8:29:35
1.69,6.49,94.7,160,614.6,0,72,8:29:40
1.05,7.1,94.6,99.3,671.7,0,71,8:29:45
2.5,6.05,94.8,237,573.5,0,70,8:29:50
1.5,6.95,94.6,141.9,657.5,0,70,8:29:55
1.32,7.05,94.6,124.9,666.9,0,70,8:30:00
0.74,7.54,94.5,69.9,712.5,0,70,8:30:05
1.16,7.22,94.5,109.6,682.3,0,69,8:30:10
2.39,6.23,94.7,226.3,590,0,70,8:30:15
1.88,6.68,94.6,177.8,631.9,0,70,8:30:20
1.06,7.28,94.5,100.2,688,0,71,8:30:25
1.11,7.41,94.5,104.9,700.2,0,71,8:30:30
1.38,7.03,94.5,130.4,664.3,0,70,8:30:35
2.49,6.11,94.7,235.8,578.6,0,69,8:30:40
2.53,6.06,94.7,239.6,573.9,0,69,8:30:45
2.5,6.08,94.7,236.8,575.8,0,70,8:30:50
0.87,7.5,94.5,82.2,708.8,0,70,8:30:55
1.71,6.79,94.5,161.6,641.7,0,70,8:31:00
1.45,6.95,94.5,137,656.8,0,70,8:31:05
1.53,6.92,94.5,144.6,653.9,0,70,8:31:10
1.79,6.7,94.5,169.2,633.2,0,70,8:31:15
2.42,6.18,94.6,228.9,584.6,0,69,8:31:20
0.63,7.69,94.4,59.5,725.9,0,69,8:31:25
1.99,6.51,94.5,188.1,615.2,0,69,8:31:30
2.12,6.39,94.6,200.6,604.5,0,69,8:31:35
2.5,6.08,94.6,236.5,575.2,0,69,8:31:40
2.67,5.94,94.6,252.6,561.9,0,69,8:31:45
1.8,6.66,94.6,170.3,630,0,69,8:31:50
2.9,6.72,94.5,274.1,635,0,69,8:31:55
2.71,6.86,94.5,256.1,648.3,0,69,8:32:00
2.54,7.06,94.5,240,667.2,0,69,8:32:05
0.95,8.35,94.2,89.5,786.6,0,70,8:32:10
2.73,6.69,94.5,258,632.2,0,71,8:32:15
2.06,7.7,94.3,194.3,726.1,0,71,8:32:20
2.08,7.37,94.4,196.4,695.7,0,71,8:32:25
2.27,6.97,94.4,214.3,658,0,71,8:32:30
2.62,6.69,94.5,247.6,632.2,0,71,8:32:35
1.88,7.16,94.4,177.5,675.9,0,72,8:32:40
2.71,6.62,94.5,256.1,625.6,0,72,8:32:45
2.3,7.24,94.3,216.9,682.7,0,72,8:32:50
2.76,7.1,94.4,260.5,670.2,0,72,8:32:55
2.78,6.54,94.5,262.7,618,0,72,8:33:00
2.76,6.4,94.5,260.8,604.8,0,72,8:33:05
2.82,6.98,94.3,265.9,658.2,0,72,8:33:10
2.82,6.23,94.6,266.8,589.4,0,72,8:33:15
2.89,5.62,94.6,273.4,531.7,0,71,8:33:20
2.52,5.97,94.5,238.1,564.2,0,71,8:33:25
1.69,6.94,94.4,159.5,655.1,0,71,8:33:30
2.37,6.01,94.6,224.2,568.5,0,71,8:33:35
2.11,6.56,94.5,199.4,619.9,0,71,8:33:40
1.2,6.94,94.4,113.3,655.1,0,71,8:33:45
2.56,6.11,94.5,241.9,577.4,0,71,8:33:50
2.84,5.72,94.5,268.4,540.5,0,70,8:33:55
1.63,6.91,94.4,153.9,652.3,0,70,8:34:00
1.69,6.69,94.4,159.5,631.5,0,70,8:34:05
2.36,6.17,94.5,223,583.1,0,70,8:34:10
2.51,6.07,94.5,237.2,573.6,0,69,8:34:15
1.19,7.16,94.3,112.2,675.2,0,69,8:34:20
2.18,6.33,94.4,205.8,597.6,0,69,8:34:25
2.72,5.88,94.5,257,555.7,0,69,8:34:30
3.15,5.53,94.6,298,523.1,0,68,8:34:35
3.21,6.49,94.5,303.3,613.3,0,69,8:34:40
3.1,6.58,94.4,292.6,621.2,0,69,8:34:45
1.85,6.61,94.3,174.5,623.3,0,70,8:34:50
1.72,6.73,94.4,162.4,635.3,0,70,8:34:55
0.54,7.72,94.2,50.9,727.2,0,70,8:35:00
3.1,5.58,94.5,293,527.3,0,70,8:35:05
3.19,5.51,94.5,301.5,520.7,0,70,8:35:10
3.1,5.58,94.5,293,527.3,0,70,8:35:15
2.73,5.92,94.4,257.7,558.8,0,70,8:35:20
2.87,5.71,94.5,271.2,539.6,0,71,8:35:25
2.72,6.16,94.4,256.8,581.5,0,71,8:35:30
2.71,5.61,94.5,256.1,530.1,0,72,8:35:35
3.14,5.44,94.4,296.4,513.5,0,71,8:35:40
1.74,6.94,94.2,163.9,653.7,0,70,8:35:45
2.81,5.85,94.5,265.5,552.8,0,71,8:35:50
3.18,5.53,94.5,300.5,522.6,0,70,8:35:55
3.21,5.47,94.5,303.3,516.9,0,69,8:36:00
3.15,5.59,94.5,297.7,528.3,0,70,8:36:05
3.28,5.58,94.5,310,527.3,0,71,8:36:10
1.58,6.68,94.3,149,629.9,0,71,8:36:15
1.67,6.78,94.2,157.3,638.7,0,71,8:36:20
2.07,6.52,94.3,195.2,614.8,0,70,8:36:25
1.43,7.05,94.2,134.7,664.1,0,70,8:36:30
2.45,6.13,94.4,231.3,578.7,0,68,8:36:35
1.13,7.18,94.2,106.4,676.4,0,66,8:36:40
2.94,8.65,93.9,276.1,812.2,0,67,8:36:45
1.92,9.65,93.7,179.9,904.2,0,68,8:36:50
2.97,8.57,93.9,278.9,804.7,0,69,8:36:55
2.48,8.67,93.9,232.9,814.1,0,70,8:37:00
2.24,6.42,94.2,211,604.8,0,71,8:37:05
3.18,5.42,94.4,300.2,511.6,0,71,8:37:10
3.29,5.56,94.3,310.2,524.3,0,71,8:37:15
3.02,5.65,94.4,285.1,533.4,0,69,8:37:20
1.91,6.58,94.2,179.9,619.8,0,67,8:37:25
2.82,5.8,94.4,266.2,547.5,0,67,8:37:30
3.17,5.51,94.4,299.2,520.1,0,67,8:37:35
3.02,5.62,94.4,285.1,530.5,0,68,8:37:40
2.41,6.11,94.2,227,575.6,0,68,8:37:45
3.03,6.23,94.2,285.4,586.9,0,68,8:37:50
2.46,7.07,94.1,231.5,665.3,0,69,8:37:55
2.13,7.53,94,200.2,707.8,0,70,8:38:00
3.26,6.51,94.1,306.8,612.6,0,70,8:38:05
2.11,7.47,94,198.3,702.2,0,70,8:38:10
3.21,6.28,94.2,302.4,591.6,0,71,8:38:15
3.11,6.85,94.1,292.7,644.6,0,71,8:38:20
2.13,7.66,93.9,200,719.3,0,71,8:38:25
1.59,8.04,93.9,149.3,755,0,71,8:38:30
3.19,6.7,94.1,300.2,630.5,0,72,8:38:35
3.2,4.43,94.5,302.4,418.6,0,72,8:38:40
1.29,5.98,94.2,121.5,563.3,0,71,8:38:45
3.28,5.36,94.4,309.6,506,0,71,8:38:50
2.54,6.21,94.1,239,584.4,0,71,8:38:55
2.93,5.98,94.2,276,563.3,0,71,8:39:00
3.1,5.76,94.2,292,542.6,0,71,8:39:05
3.22,5.33,94.3,303.6,502.6,0,71,8:39:10
2.62,6.23,94.2,246.8,586.9,0,71,8:39:15
1.85,6.53,94.1,174.1,614.5,0,71,8:39:20
1.96,6.49,94.1,184.4,610.7,0,71,8:39:25
3.15,5.79,94.2,296.7,545.4,0,71,8:39:30
1.85,6.94,94,173.9,652.4,0,71,8:39:35
1.5,6.99,94,141,657.1,0,71,8:39:40
3.35,5.21,94.3,315.9,491.3,0,71,8:39:45
3.4,5.39,94.3,320.6,508.3,0,71,8:39:50
3.23,5.4,94.2,304.3,508.7,0,71,8:39:55
2.05,6.56,94,192.7,616.6,0,70,8:40:00
3.42,5.28,94.2,322.2,497.4,0,70,8:40:05
2.93,5.63,94.2,276,530.3,0,70,8:40:10
3.25,5.48,94.2,306.2,516.2,0,70,8:40:15
3.2,5.53,94.2,301.4,520.9,0,70,8:40:20
1.5,7.01,93.9,140.9,658.2,0,70,8:40:25
3.11,5.52,94.2,293,520,0,70,8:40:30
0.49,7.64,93.8,46,716.6,0,71,8:40:35
3.44,5.24,94.2,324,493.6,0,71,8:40:40
3.32,5.54,94.2,312.7,521.9,0,70,8:40:45
3.22,5.53,94.2,303.3,520.9,0,70,8:40:50
3.16,5.7,94.1,297.4,536.4,0,70,8:40:55
1.6,6.87,93.9,150.2,645.1,0,70,8:41:00
2.21,6.22,94,207.7,584.7,0,70,8:41:05
2.52,6.26,94,236.9,588.4,0,70,8:41:10
2.76,6.01,94,259.4,564.9,0,70,8:41:15
3.33,5.44,94.2,313.7,512.4,0,70,8:41:20
3.4,5.42,94.1,319.9,510,0,70,8:41:25
3.32,5.41,94.2,312.7,509.6,0,70,8:41:30
0.56,7.7,93.8,52.5,722.3,0,70,8:41:35
2.06,6.5,94,193.6,611,0,70,8:41:40
2.14,6.42,94,201.2,603.5,0,70,8:41:45
3.06,5.62,94.1,287.9,528.8,0,69,8:41:50
3.47,5.33,94.2,326.9,502.1,0,69,8:41:55
2.48,6.07,94,233.1,570.6,0,70,8:42:00
3.29,5.22,94.1,309.6,491.2,0,71,8:42:05
3.67,5.25,94.1,345.3,494,0,72,8:42:10
3.77,4.67,94.2,355.1,439.9,0,72,8:42:15
3.07,4.84,94.2,289.2,455.9,0,73,8:42:20
2.47,5.21,94.1,232.4,490.3,0,73,8:42:25
3.78,4.61,94.2,356.1,434.3,0,73,8:42:30
3.64,4.91,94.2,342.9,462.5,0,72,8:42:35
3.79,5.02,94.1,356.6,472.4,0,72,8:42:40
1.01,7.43,93.8,94.7,696.9,0,72,8:42:45
3.62,5.15,94.2,341,485.1,0,71,8:42:50
3.98,4.81,94.2,374.9,453.1,0,71,8:42:55
3.22,5.61,94,302.7,527.3,0,71,8:43:00
3.9,5.09,94.1,367,479,0,71,8:43:05
1.3,6.91,93.8,121.9,648.2,0,71,8:43:10
2.48,6.24,93.9,232.9,585.9,0,71,8:43:15
1.84,6.7,93.9,172.8,629.1,0,70,8:43:20
3.93,4.88,94.1,369.8,459.2,0,70,8:43:25
3.81,4.96,94.1,358.5,466.7,0,70,8:43:30
3.93,4.88,94.2,370.2,459.7,0,70,8:43:35
3.44,5.34,94.1,323.7,502.5,0,70,8:43:40
3.79,5.15,94.1,356.6,484.6,0,70,8:43:45
3.79,5.05,94.1,356.6,475.2,0,70,8:43:50
3.58,5.15,94.1,336.9,484.6,0,70,8:43:55
3.47,5.31,94,326.2,499.1,0,70,8:44:00
4,5.03,94.1,376.4,473.3,0,70,8:44:05
3.74,5.24,94.1,351.9,493.1,0,70,8:44:10
2.71,5.9,93.9,254.5,554,0,70,8:44:15
2.74,5.89,93.9,257.3,553.1,0,70,8:44:20
3.45,5.46,94,324.3,513.2,0,70,8:44:25
3.77,5.09,94,354.4,478.5,0,70,8:44:30
3.68,5.09,94,345.9,478.5,0,70,8:44:35
2.96,5.59,94,278.2,525.5,0,70,8:44:40
2.33,6.42,93.8,218.6,602.2,0,71,8:44:45
2.77,5.74,93.9,260.1,539,0,70,8:44:50
1.45,6.88,93.7,135.9,644.7,0,71,8:44:55
3.22,5.7,93.9,302.4,535.2,0,71,8:45:00
3.82,4.78,94.1,359.5,449.8,0,71,8:45:05
1.64,7.05,93.7,153.7,660.6,0,71,8:45:10
4.4,4.38,94.1,414,412.2,0,71,8:45:15
3.72,5.11,94,349.7,480.3,0,70,8:45:20
3.02,5.72,93.9,283.6,537.1,0,70,8:45:25
2.91,5.95,93.8,273,558.1,0,70,8:45:30
3.85,5.03,94,361.9,472.8,0,70,8:45:35
2.16,6.36,93.8,202.6,596.6,0,70,8:45:40
2.77,5.83,93.8,259.8,546.9,0,70,8:45:45
2.21,6.36,93.7,207.1,595.9,0,70,8:45:50
2.79,5.77,93.8,261.7,541.2,0,70,8:45:55
3.19,5.46,93.9,299.5,512.7,0,70,8:46:00
2.41,6.07,93.8,226.1,569.4,0,70,8:46:05
1.75,6.78,93.6,163.8,634.6,0,70,8:46:10
2.56,6.21,93.7,239.9,581.9,0,70,8:46:15
3.65,5.2,93.9,342.7,488.3,0,70,8:46:20
3.69,5.15,93.9,346.5,483.6,0,70,8:46:25
3.56,5.21,93.9,334.3,489.2,0,70,8:46:30
3.77,5.04,93.9,354,473.3,0,70,8:46:35
4,4.77,93.9,375.6,447.9,0,70,8:46:40
4.08,4.68,94,383.5,439.9,0,70,8:46:45
4.16,4.63,94,391,435.2,0,71,8:46:50
2.11,6.52,93.6,197.5,610.3,0,71,8:46:55
4.16,4.54,94,391,426.8,0,71,8:47:00
4.06,5.02,93.9,381.2,471.4,0,71,8:47:05
4.25,4.61,94,399.5,433.3,0,71,8:47:10
4.18,4.44,94,392.9,417.4,0,71,8:47:15
4.15,4.78,93.9,389.7,448.8,0,71,8:47:20
4.18,4.9,93.9,392.5,460.1,0,71,8:47:25
3.33,5.48,93.8,312.4,514,0,71,8:47:30
4.2,4.46,94,394.8,419.2,0,71,8:47:35
4.19,4.91,93.9,393.4,461,0,71,8:47:40
4.16,4.64,93.9,390.6,435.7,0,71,8:47:45
4.18,4.53,94,392.9,425.8,0,71,8:47:50
4.19,4.96,93.9,393.4,465.7,0,71,8:47:55
4.17,4.98,93.8,391.1,467.1,0,72,8:48:00
4.19,4.45,93.9,393.4,417.9,0,72,8:48:05
4.14,4.55,93.9,388.7,427.2,0,72,8:48:10
2.2,5.42,93.8,206.4,508.4,0,72,8:48:15
2.38,5.92,93.7,223,554.7,0,72,8:48:20
2.93,5.29,93.8,274.8,496.2,0,72,8:48:25
4.27,4.36,93.9,401,409.4,0,71,8:48:30
4.17,4.76,93.9,391.6,447,0,71,8:48:35
3.3,5.62,93.7,309.2,526.6,0,71,8:48:40
4.23,4.61,93.8,396.8,432.4,0,71,8:48:45
4.35,4.46,93.9,408.5,418.8,0,71,8:48:50
4.56,4.5,93.9,428.2,422.6,0,71,8:48:55
1.45,6.86,93.5,135.6,641.4,0,70,8:49:00
4.28,4.52,93.9,401.9,424.4,0,70,8:49:05
4.3,4.66,93.8,403.3,437.1,0,70,8:49:10
3.95,5.04,93.8,370.5,472.8,0,70,8:49:15
2.99,5.65,93.7,280.2,529.4,0,70,8:49:20
3.92,4.68,93.8,367.7,439,0,71,8:49:25
4.3,4.81,93.8,403.3,451.2,0,71,8:49:30
4.16,4.49,93.9,390.6,421.6,0,71,8:49:35
0.81,7.63,93.3,75.6,711.9,0,71,8:49:40
4.32,4.88,93.8,405.2,457.7,0,71,8:49:45
4.22,4.75,93.8,395.8,445.6,0,71,8:49:50
2.41,5.99,93.6,225.6,560.7,0,71,8:49:55
4.32,4.67,93.8,405.2,438,0,70,8:50:00
4.42,4.58,93.8,414.6,429.6,0,70,8:50:05
4.3,4.67,93.8,403.3,438,0,70,8:50:10
4.24,4.55,93.8,397.7,426.8,0,70,8:50:15
2.45,6.01,93.6,229.3,562.5,0,70,8:50:20
4.34,4.63,93.8,407.1,434.3,0,70,8:50:25
2.79,5.98,93.6,261.1,559.7,0,70,8:50:30
3.91,4.91,93.8,366.8,460.6,0,70,8:50:35
4.24,4.52,93.8,397.7,424,0,71,8:50:40
2.46,6.32,93.5,230,590.9,0,71,8:50:45
3.91,4.7,93.8,366.8,440.9,0,71,8:50:50
4.23,4.89,93.7,396.4,458.2,0,71,8:50:55
3.62,4.9,93.7,339.2,459.1,0,71,8:51:00
2.69,6.13,93.5,251.5,573.2,0,71,8:51:05
3.05,5.88,93.5,285.2,549.8,0,71,8:51:10
3.87,4.87,93.7,362.6,456.3,0,71,8:51:15
3.06,5.33,93.6,286.4,498.9,0,71,8:51:20
1.86,6.81,93.4,173.7,636.1,0,71,8:51:25
4.52,4.26,93.8,424,399.6,0,70,8:51:30
2.24,6.38,93.4,209.2,595.9,0,70,8:51:35
4.23,4.65,93.7,396.4,435.7,0,70,8:51:40
4.43,4.47,93.7,415.1,418.8,0,70,8:51:45
4.44,4.48,93.7,416,419.8,0,70,8:51:50
4.61,4.33,93.7,432,405.7,0,70,8:51:55
4.28,4.58,93.7,401,429.1,0,70,8:52:00
4.33,4.59,93.7,405.7,430.1,0,69,8:52:05
4.55,4.43,93.7,426.3,415.1,0,69,8:52:10
4.36,4.57,93.7,408.5,428.2,0,70,8:52:15
1.16,7.2,93.3,108.2,671.8,0,70,8:52:20
4.62,4.4,93.6,432.4,411.8,0,70,8:52:25
2.38,6.26,93.4,222.3,584.7,0,70,8:52:30
4.5,4.45,93.7,421.7,417,0,70,8:52:35
3.24,5.58,93.5,302.9,521.7,0,70,8:52:40
4.51,4.46,93.7,422.6,417.9,0,69,8:52:45
3.63,5.19,93.5,339.4,485.3,0,69,8:52:50
4.18,4.72,93.6,391.2,441.8,0,69,8:52:55
4.1,4.82,93.6,383.8,451.2,0,69,8:53:00
3.9,4.94,93.6,365,462.4,0,68,8:53:05
4.52,4.39,93.7,423.5,411.3,0,68,8:53:10
4.07,4.79,93.6,381,448.3,0,68,8:53:15
4.45,4.47,93.6,416.5,418.4,0,68,8:53:20
4.15,4.7,93.6,388.4,439.9,0,67,8:53:25
4.25,4.6,93.6,397.8,430.6,0,67,8:53:30
4.36,4.52,93.6,408.1,423.1,0,67,8:53:35
4.33,4.54,93.6,405.3,424.9,0,68,8:53:40
4.57,4.36,93.6,427.8,408.1,0,68,8:53:45
4.32,4.59,93.6,404.4,429.6,0,68,8:53:50
2.63,5.98,93.4,245.6,558.5,0,68,8:53:55
4.51,4.43,93.6,422.1,414.6,0,68,8:54:00
2.66,7.91,93,247.4,735.6,0,68,8:54:05
4.3,6.55,93.2,400.8,610.5,0,69,8:54:10
4.48,6.35,93.2,417.5,591.8,0,69,8:54:15
4.21,4.69,93.5,393.6,438.5,0,70,8:54:20
4.38,4.58,93.5,409.5,428.2,0,70,8:54:25
3.14,5.61,93.3,293,523.4,0,70,8:54:30
4.53,4.47,93.5,423.6,417.9,0,70,8:54:35
2.74,5.79,93.3,255.6,540.2,0,70,8:54:40
3.24,5.45,93.4,302.6,509,0,70,8:54:45
4.08,4.81,93.5,381.5,449.7,0,70,8:54:50
0.9,7.46,93,83.7,693.8,0,69,8:54:55
4.46,4.5,93.6,417.5,421.2,0,69,8:55:00
4.24,4.63,93.5,396.4,432.9,0,69,8:55:05
4.27,4.65,93.5,399.2,434.8,0,69,8:55:10
4.54,4.42,93.6,424.9,413.7,0,69,8:55:15
4.5,4.44,93.6,421.2,415.6,0,69,8:55:20
4.73,4.24,93.6,442.7,396.9,0,69,8:55:25
4.53,4.43,93.6,424,414.6,0,70,8:55:30
4.6,4.42,93.5,430.1,413.3,0,70,8:55:35
4.32,4.51,93.5,403.9,421.7,0,70,8:55:40
4.37,4.5,93.5,408.6,420.8,0,70,8:55:45
3.98,5.13,93.3,371.3,478.6,0,70,8:55:50
2.58,6.01,93.2,240.5,560.1,0,71,8:55:55
4.22,4.56,93.5,394.6,426.4,0,70,8:56:00
1.14,7.43,93,106,691,0,71,8:56:05
3.05,5.76,93.3,284.6,537.4,0,70,8:56:10
2.29,6.33,93.1,213.2,589.3,0,70,8:56:15
1.57,6.79,93,146,631.5,0,70,8:56:20
1.66,6.75,93,154.4,627.8,0,70,8:56:25
1.16,7.27,93,107.9,676.1,0,70,8:56:30
4.42,4.56,93.4,412.8,425.9,0,70,8:56:35
1.9,6.75,93,176.7,627.8,0,70,8:56:40
4.38,4.68,93.4,409.1,437.1,0,70,8:56:45
2.65,6.27,93,246.5,583.1,0,70,8:56:50
1.5,7.02,92.9,139.4,652.2,0,70,8:56:55
4.22,4.65,93.3,393.7,433.8,0,69,8:57:00
1.49,6.99,92.9,138.4,649.4,0,70,8:57:05
3.85,4.96,93.3,359.2,462.8,0,69,8:57:10
3.89,4.99,93.3,362.9,465.6,0,69,8:57:15
0.91,7.44,92.8,84.4,690.4,0,69,8:57:20
1.51,6.91,92.9,140.3,641.9,0,69,8:57:25
1.37,7.1,92.9,127.3,659.6,0,69,8:57:30
1.3,7.21,92.8,120.6,669.1,0,69,8:57:35
1.21,7.16,92.8,112.3,664.4,0,69,8:57:40
1.54,6.9,92.8,142.9,640.3,0,69,8:57:45
1.15,7.22,92.8,106.7,670,0,70,8:57:50
3.66,5.18,93.1,340.7,482.3,0,70,8:57:55
1.39,6.95,92.8,129,645,0,70,8:58:00
3.33,5.62,93,309.7,522.7,0,70,8:58:05
1.56,6.83,92.8,144.8,633.8,0,69,8:58:10
4.49,4.49,93.2,418.5,418.5,0,69,8:58:15
3.62,5.09,93.1,337,473.9,0,69,8:58:20
4.66,4.28,93.2,434.3,398.9,0,70,8:58:25
2.98,5.56,93.1,277.4,517.6,0,70,8:58:30
4.66,4.17,93.3,434.8,389.1,0,70,8:58:35
0.7,7.64,92.7,64.9,708.2,0,70,8:58:40
2.06,6.34,92.9,191.4,589,0,69,8:58:45
0.64,7.65,92.7,59.3,709.2,0,69,8:58:50
2.39,6.22,92.8,221.8,577.2,0,69,8:58:55
3.82,5.04,93.1,355.6,469.2,0,68,8:59:00
1.09,7.29,92.7,101,675.8,0,67,8:59:05
2.11,6.4,92.9,196,594.6,0,67,8:59:10
3.91,4.93,93.1,364,459,0,68,8:59:15
2.42,6.19,92.9,224.8,575.1,0,68,8:59:20
4.73,4.27,93.2,440.8,398,0,69,8:59:25
1.44,7.02,92.7,133.5,650.8,0,70,8:59:30
3.41,5.21,93,317.1,484.5,0,70,8:59:35
2.15,6.56,92.7,199.3,608.1,0,70,8:59:40
4.81,4.28,93.2,448.3,398.9,0,70,8:59:45
3.81,5.03,93,354.3,467.8,0,70,8:59:50
4.59,4.29,93.1,427.3,399.4,0,70,8:59:55
4.61,4.4,93.1,429.2,409.6,0,69,9:00:00
2.99,5.75,92.9,277.8,534.2,0,69,9:00:05
4.77,4.24,93.1,444.1,394.7,0,69,9:00:10
4.75,4.24,93.1,442.2,394.7,0,68,9:00:15
4.44,7.42,92.6,411.1,687.1,0,69,9:00:20
4.55,7.2,92.6,421.3,666.7,0,69,9:00:25
3.73,7.6,92.6,345.4,703.8,0,70,9:00:30
4.82,6.92,92.6,446.3,640.8,0,70,9:00:35
4.56,7.23,92.6,422.3,669.5,0,69,9:00:40
4.62,7.31,92.5,427.4,676.2,0,69,9:00:45
4.62,7.3,92.5,427.4,675.3,0,69,9:00:50
4.46,7.28,92.5,412.6,673.4,0,69,9:00:55
4.2,3.83,93.1,391,356.6,0,70,9:01:00
4.8,5.39,92.8,445.4,500.2,0,70,9:01:05
4.75,4.27,93,441.8,397.1,0,70,9:01:10
3.15,5.49,92.9,292.6,510,0,70,9:01:15
4.38,4.58,93,407.3,425.9,0,69,9:01:20
4.54,4.4,93,422.2,409.2,0,68,9:01:25
4.5,6.51,92.6,416.7,602.8,0,67,9:01:30
4.71,7.22,92.5,435.7,667.9,0,67,9:01:35
4.67,7.13,92.5,432,659.5,0,68,9:01:40
2.63,8.86,92.2,242.5,816.9,0,69,9:01:45
4.41,6.91,92.4,407.5,638.5,0,70,9:01:50
4.67,6.33,92.6,432.4,586.2,0,71,9:01:55
4.51,4.85,92.8,418.5,450.1,0,72,9:02:00
4.53,3.58,93.1,421.7,333.3,0,72,9:02:05
4.5,3.81,93.1,419,354.7,0,71,9:02:10
4.42,4.36,92.9,410.6,405,0,71,9:02:15
3.64,5.26,92.8,337.8,488.1,0,69,9:02:20
2.6,6.03,92.6,240.8,558.4,0,67,9:02:25
1,7.34,92.5,92.5,679,0,65,9:02:30
4.76,6.16,92.6,440.8,570.4,0,65,9:02:35
4.62,6.3,92.5,427.4,582.8,0,66,9:02:40
4.59,6.31,92.6,425,584.3,0,67,9:02:45
4.41,6.49,92.5,407.9,600.3,0,69,9:02:50
4.17,6.51,92.5,385.7,602.2,0,70,9:02:55
4.15,5.17,92.7,384.7,479.3,0,71,9:03:00
4.26,4.24,92.9,395.8,393.9,0,72,9:03:05
4.31,3.15,93.1,401.3,293.3,0,73,9:03:10
4.75,-2.71,94,446.5,-254.7,0,73,9:03:15
2.35,-17.29,96.4,226.5,-1666.8,0,69,9:03:20
4.82,-4.19,94.5,455.5,-396,0,65,9:03:25
4.06,0.21,93.7,380.4,19.7,0,62,9:03:30
4.77,6.25,92.7,442.2,579.4,0,61,9:03:35
4.74,8.2,92.4,438,757.7,0,62,9:03:40
4.85,8.08,92.3,447.7,745.8,0,62,9:03:45
4.7,8.23,92.2,433.3,758.8,0,63,9:03:50
4.72,8.2,92.2,435.2,756,0,65,9:03:55
2.27,10.57,91.8,208.4,970.3,0,66,9:04:00
4.67,8,92.2,430.6,737.6,0,67,9:04:05
4.72,8.05,92.1,434.7,741.4,0,69,9:04:10
4.76,6.17,92.5,440.3,570.7,0,70,9:04:15
4.74,4.17,92.8,439.9,387,0,70,9:04:20
4.84,4.22,92.8,449.2,391.6,0,70,9:04:25
4.84,4.19,92.8,449.2,388.8,0,68,9:04:30
4.9,5.09,92.7,454.2,471.8,0,67,9:04:35
5.1,6.91,92.4,471.2,638.5,0,66,9:04:40
4.99,6.97,92.4,461.1,644,0,66,9:04:45
4.98,6.96,92.4,460.2,643.1,0,66,9:04:50
4.89,7.06,92.3,451.3,651.6,0,67,9:04:55
4.93,7.04,92.3,455,649.8,0,68,9:05:00
4.91,6.76,92.3,453.2,623.9,0,70,9:05:05
4.92,6.27,92.3,454.1,578.7,0,71,9:05:10
4.96,5.75,92.4,458.3,531.3,0,71,9:05:15
4.94,5.68,92.4,456.5,524.8,0,71,9:05:20
1.85,8.54,92,170.2,785.7,0,71,9:05:25
4.7,6.08,92.3,433.8,561.2,0,71,9:05:30
4.82,5.12,92.5,445.9,473.6,0,72,9:05:35
1.69,7.18,92.1,155.6,661.3,0,72,9:05:40
4.69,4.01,92.7,434.8,371.7,0,72,9:05:45
4.37,4.23,92.7,405.1,392.1,0,72,9:05:50
4.72,3.64,92.8,438,337.8,0,73,9:05:55
4.56,3.38,92.8,423.2,313.7,0,73,9:06:00
4.93,3.74,92.7,457,346.7,0,73,9:06:05
3.05,5.35,92.5,282.1,494.9,0,73,9:06:10
3.93,5.22,92.5,363.5,482.9,0,72,9:06:15
4.34,4.59,92.6,401.9,425,0,72,9:06:20
4.83,5.55,92.4,446.3,512.8,0,72,9:06:25
1.85,7.27,92.2,170.6,670.3,0,72,9:06:30
4.18,5.5,92.4,386.2,508.2,0,71,9:06:35
2.76,6.66,92.2,254.5,614.1,0,71,9:06:40
4.69,5.47,92.3,432.9,504.9,0,72,9:06:45
3.96,6.24,92.2,365.1,575.3,0,72,9:06:50
4.74,5.38,92.4,438,497.1,0,72,9:06:55
4.7,4.88,92.4,434.3,450.9,0,72,9:07:00
4.13,5.56,92.3,381.2,513.2,0,72,9:07:05
4.62,4.83,92.5,427.4,446.8,0,72,9:07:10
1.82,6.82,92.1,167.6,628.1,0,72,9:07:15
2.86,5.62,92.3,264,518.7,0,72,9:07:20
4.85,5.06,92.4,448.1,467.5,0,72,9:07:25
3,5.69,92.3,276.9,525.2,0,72,9:07:30
4.64,5.13,92.4,428.7,474,0,72,9:07:35
4.7,5.06,92.4,434.3,467.5,0,72,9:07:40
4.72,6.66,92.1,434.7,613.4,0,70,9:07:45
4.13,7.39,92,380,679.9,0,70,9:07:50
1.22,9.14,91.7,111.9,838.1,0,71,9:07:55
3.41,5.97,92.1,314.1,549.8,0,72,9:08:00
4.77,4.14,92.5,441.2,383,0,72,9:08:05
4.58,4.54,92.4,423.2,419.5,0,72,9:08:10
4.85,4.57,92.4,448.1,422.3,0,72,9:08:15
0.93,8.11,91.8,85.4,744.5,0,71,9:08:20
5.07,5.77,92.2,467.5,532,0,70,9:08:25
1.06,10.01,91.5,97,915.9,0,69,9:08:30
2.61,8.93,91.7,239.3,818.9,0,68,9:08:35
2.66,8.77,91.6,243.7,803.3,0,67,9:08:40
0.86,10.83,91.3,78.5,988.8,0,68,9:08:45
2.42,8.5,91.6,221.7,778.6,0,70,9:08:50
3.06,5.38,92.1,281.8,495.5,0,72,9:08:55
1.94,4.74,92.3,179.1,437.5,0,73,9:09:00
2.49,3.77,92.4,230.1,348.3,0,73,9:09:05
4.98,4.69,92.3,459.7,432.9,0,72,9:09:10
4.59,7.25,91.8,421.4,665.6,0,68,9:09:15
1.3,10.52,91.3,118.7,960.5,0,67,9:09:20
1.45,10.22,91.3,132.4,933.1,0,65,9:09:25
4.11,7.73,91.7,376.9,708.8,0,63,9:09:30
4.27,11.04,91.2,389.4,1006.8,0,62,9:09:35
4.33,10.9,91.2,394.9,994.1,0,62,9:09:40
4.46,10.86,91.2,406.8,990.4,0,62,9:09:45
4.84,10.28,91.2,441.4,937.5,0,62,9:09:50
5.03,9.92,91.2,458.7,904.7,0,62,9:09:55
5.16,9.76,91.2,470.6,890.1,0,62,9:10:00
5.06,9.83,91.2,461.5,896.5,0,63,9:10:05
3.08,11.37,90.9,280,1033.5,0,66,9:10:10
2.62,11.67,90.9,238.2,1060.8,0,68,9:10:15
4.79,7.4,91.6,438.8,677.8,0,70,9:10:20
4.51,5.04,91.9,414.5,463.2,0,72,9:10:25
4.8,2.65,92.3,443,244.6,0,73,9:10:30
4.65,3.33,92.2,428.7,307,0,73,9:10:35
2.2,5.37,91.9,202.2,493.5,0,72,9:10:40
4.73,3.77,92.2,436.1,347.6,0,72,9:10:45
4.67,4.33,92.1,430.1,398.8,0,72,9:10:50
4.97,3.62,92.2,458.2,333.8,0,72,9:10:55
5.11,3.28,92.3,471.7,302.7,0,72,9:11:00
5.02,4.07,92.2,462.8,375.3,0,72,9:11:05
5.01,3.35,92.3,462.4,309.2,0,73,9:11:10
5.04,2.65,92.4,465.7,244.9,0,73,9:11:15
4.48,1.58,92.6,414.8,146.3,0,74,9:11:20
2.87,2.16,92.5,265.5,199.8,0,74,9:11:25
4.91,1.37,92.7,455.2,127,0,74,9:11:30
4.93,2.48,92.5,456,229.4,0,73,9:11:35
5.04,3.2,92.4,465.7,295.7,0,73,9:11:40
4.72,4.78,92.1,434.7,440.2,0,72,9:11:45
4.84,5.79,91.9,444.8,532.1,0,71,9:11:50
5.1,6.5,91.8,468.2,596.7,0,70,9:11:55
5.04,6.85,91.7,462.2,628.1,0,71,9:12:00
5.07,5.42,91.9,465.9,498.1,0,71,9:12:05
3.34,6.34,91.8,306.6,582,0,71,9:12:10
4.89,4.93,92,449.9,453.6,0,71,9:12:15
5.05,5.32,91.9,464.1,488.9,0,71,9:12:20
5.44,5.9,91.8,499.4,541.6,0,71,9:12:25
2.78,7.22,91.6,254.6,661.4,0,71,9:12:30
5.52,6.64,91.6,505.6,608.2,0,70,9:12:35
5.4,6.51,91.7,495.2,597,0,70,9:12:40
5.38,5.86,91.8,493.9,537.9,0,71,9:12:45
5.24,4.39,92,482.1,403.9,0,72,9:12:50
5.31,3.7,92.1,489.1,340.8,0,72,9:12:55
5.3,2.41,92.3,489.2,222.4,0,73,9:13:00
5.39,2.9,92.3,497.5,267.7,0,72,9:13:05
5.25,3.59,92.2,484.1,331,0,72,9:13:10
5.32,3.63,92.2,490.5,334.7,0,72,9:13:15
5.41,3.6,92.2,498.8,331.9,0,72,9:13:20
5.43,3.91,92.1,500.1,360.1,0,72,9:13:25
5.52,3.91,92.1,508.4,360.1,0,72,9:13:30
5.32,4.64,92,489.4,426.9,0,72,9:13:35
5.41,4.23,92.1,498.3,389.6,0,72,9:13:40
5.36,4.37,92,493.1,402,0,71,9:13:45
5.27,3.47,92.1,485.4,319.6,0,72,9:13:50
5.31,3.04,92.3,490.1,280.6,0,72,9:13:55
5.16,3.3,92.2,475.8,304.3,0,72,9:14:00
5.3,3.63,92.1,488.1,334.3,0,72,9:14:05
5.41,3.23,92.2,498.8,297.8,0,72,9:14:10
5.47,4.71,91.9,502.7,432.8,0,72,9:14:15
5.55,4.91,91.9,510,451.2,0,71,9:14:20
5.54,4.43,92,509.7,407.6,0,72,9:14:25
5.37,5.17,91.9,493.5,475.1,0,71,9:14:30
4.46,6.84,91.5,408.1,625.9,0,70,9:14:35
5.44,5.58,91.7,498.8,511.7,0,71,9:14:40
5.64,3.65,92.1,519.4,336.2,0,72,9:14:45
5.47,3.48,92.1,503.8,320.5,0,72,9:14:50
5.4,3.17,92.1,497.3,292,0,72,9:14:55
5.44,3.54,92.1,501,326,0,72,9:15:00
5.29,3.49,92,486.7,321.1,0,72,9:15:05
4.62,3.29,92.1,425.5,303,0,72,9:15:10
5.41,2.85,92.2,498.8,262.8,0,72,9:15:15
5.46,3.61,92.1,502.9,332.5,0,72,9:15:20
5.37,3.37,92.1,494.6,310.4,0,72,9:15:25
5.37,3.19,92.2,495.1,294.1,0,72,9:15:30
1.51,6.32,91.6,138.3,578.9,0,72,9:15:35
5.49,2.97,92.2,506.2,273.8,0,72,9:15:40
5.49,3.95,92,505.1,363.4,0,72,9:15:45
5.45,3.42,92.1,501.9,315,0,72,9:15:50
5.44,3.84,92,500.5,353.3,0,72,9:15:55
5.51,3.24,92.1,507.5,298.4,0,72,9:16:00
5.47,3.72,92,503.2,342.2,0,72,9:16:05
5.42,3.07,92.1,499.2,282.7,0,72,9:16:10
5.35,3.58,92.1,492.7,329.7,0,72,9:16:15
5.33,3.77,92,490.4,346.8,0,72,9:16:20
5.37,4.12,92,494,379,0,72,9:16:25
5.43,4.49,91.9,499,412.6,0,71,9:16:30
5.58,4.62,91.8,512.2,424.1,0,71,9:16:35
5.33,4.06,92,490.4,373.5,0,72,9:16:40
5.45,3.53,92,501.4,324.8,0,72,9:16:45
5.39,3.99,92,495.9,367.1,0,72,9:16:50
5.51,3.35,92,506.9,308.2,0,72,9:16:55
5.41,4.33,91.8,496.6,397.5,0,72,9:17:00
5.47,4.24,91.9,502.7,389.7,0,72,9:17:05
5.44,3.88,91.9,499.9,356.6,0,72,9:17:10
5.41,3.79,91.9,497.2,348.3,0,72,9:17:15
5.5,4.01,91.9,505.5,368.5,0,72,9:17:20
5.58,3.95,91.9,512.8,363,0,72,9:17:25
5.38,3.72,91.9,494.4,341.9,0,72,9:17:30
5.45,3.82,91.9,500.9,351.1,0,72,9:17:35
5.38,4,91.9,494.4,367.6,0,72,9:17:40
5.36,3.41,92,493.1,313.7,0,72,9:17:45
5.41,3.79,91.9,497.2,348.3,0,72,9:17:50
3.1,4.89,91.8,284.6,448.9,0,72,9:17:55
5.48,4.02,91.9,503.6,369.4,0,72,9:18:00
5.5,4.41,91.8,504.9,404.8,0,71,9:18:05
5.52,4.25,91.8,506.7,390.2,0,71,9:18:10
5.53,4.58,91.8,507.7,420.4,0,71,9:18:15
5.57,4.84,91.7,510.8,443.8,0,71,9:18:20
5.97,4.57,91.7,547.4,419.1,0,71,9:18:25
6.5,4.78,91.7,596.1,438.3,0,71,9:18:30
5.65,4.07,91.8,518.7,373.6,0,71,9:18:35
4.56,4.26,91.8,418.6,391.1,0,72,9:18:40
5.64,3.73,91.8,517.8,342.4,0,72,9:18:45
5.63,3.26,91.9,517.4,299.6,0,72,9:18:50
5.56,3.43,91.9,511,315.2,0,72,9:18:55
4.31,3.26,92,396.5,299.9,0,72,9:19:00
5.86,2.45,92.1,539.7,225.6,0,72,9:19:05
5.89,3.45,91.9,541.3,317.1,0,72,9:19:10
5.9,2.46,92.1,543.4,226.6,0,72,9:19:15
5.57,2.7,92.1,513,248.7,0,72,9:19:20
5.93,2.42,92.1,546.2,222.9,0,72,9:19:25
5.12,3.11,92,471,286.1,0,72,9:19:30
3.65,4.29,91.8,335.1,393.8,0,71,9:19:35
4.96,3.84,91.8,455.3,352.5,0,71,9:19:40
5.88,2.71,92,541,249.3,0,70,9:19:45
4.2,4.23,91.8,385.6,388.3,0,70,9:19:50
5.81,3.36,91.9,533.9,308.8,0,71,9:19:55
5.72,2.72,92,526.2,250.2,0,71,9:20:00
5.76,3.18,91.9,529.3,292.2,0,71,9:20:05
5.9,2.81,92,542.8,258.5,0,71,9:20:10
3.69,4.44,91.7,338.4,407.1,0,71,9:20:15
5.67,3.43,91.9,521.1,315.2,0,71,9:20:20
5.2,3.27,91.9,477.9,300.5,0,71,9:20:25
5.74,2.96,91.9,527.5,272,0,71,9:20:30
5.53,3.38,91.9,508.2,310.6,0,71,9:20:35
5.56,2.81,91.9,511,258.2,0,71,9:20:40
4.22,3.95,91.8,387.4,362.6,0,71,9:20:45
4.94,3.73,91.8,453.5,342.4,0,71,9:20:50
5.44,3.11,91.9,499.9,285.8,0,71,9:20:55
5.53,2.6,92,508.8,239.2,0,71,9:21:00
2.91,4.97,91.6,266.6,455.3,0,71,9:21:05
5.66,3.23,91.9,520.2,296.8,0,71,9:21:10
3.35,4.77,91.6,306.9,436.9,0,71,9:21:15
5.51,2.63,92,506.9,242,0,71,9:21:20
5.35,2.83,91.9,491.7,260.1,0,71,9:21:25
5.45,3.16,91.9,500.9,290.4,0,71,9:21:30
4.85,3.68,91.8,445.2,337.8,0,71,9:21:35
5.4,3.19,91.8,495.7,292.8,0,72,9:21:40
3.78,3.71,91.8,347,340.6,0,72,9:21:45
5.19,2.54,92,477.5,233.7,0,72,9:21:50
5.56,2.78,91.9,511,255.5,0,72,9:21:55
5.56,2.56,92,511.5,235.5,0,72,9:22:00
4.66,2.9,91.9,428.3,266.5,0,72,9:22:05
2.31,5.35,91.5,211.4,489.5,0,72,9:22:10
2.59,4.77,91.6,237.2,436.9,0,72,9:22:15
3.96,3.36,91.8,363.5,308.4,0,72,9:22:20
3.81,3.97,91.7,349.4,364,0,72,9:22:25
5.58,1.86,92,513.4,171.1,0,72,9:22:30
5.59,2.02,92,514.3,185.8,0,73,9:22:35
4.55,2.41,92,418.6,221.7,0,73,9:22:40
1.79,3.4,91.8,164.3,312.1,0,73,9:22:45
5.13,1.35,92.2,473,124.5,0,73,9:22:50
3.78,2.26,92,347.8,207.9,0,73,9:22:55
5.59,0.82,92.3,516,75.7,0,73,9:23:00
5.85,0.77,92.2,539.4,71,0,73,9:23:05
5.06,1.59,92.1,466,146.4,0,73,9:23:10
4.49,0.6,92.3,414.4,55.4,0,73,9:23:15
2.58,2.31,92,237.4,212.5,0,72,9:23:20
4.46,1.08,92.2,411.2,99.6,0,73,9:23:25
3.56,1.73,92.1,327.9,159.3,0,73,9:23:30
5.34,0.1,92.4,493.4,9.2,0,73,9:23:35
4.09,1.03,92.3,377.5,95.1,0,73,9:23:40
5.54,0.16,92.4,511.9,14.8,0,73,9:23:45
5.71,0.64,92.3,527,59.1,0,72,9:23:50
3.38,1.89,92.1,311.3,174.1,0,72,9:23:55
3.74,0.97,92.3,345.2,89.5,0,71,9:24:00
3.54,1.34,92.2,326.4,123.5,0,69,9:24:05
5.7,-0.43,92.5,527.3,-39.8,0,67,9:24:10
5.86,-0.53,92.5,542.1,-49,0,65,9:24:15
5.8,1.5,92.2,534.8,138.3,0,65,9:24:20
5.66,2.44,92,520.7,224.5,0,64,9:24:25
5.58,3.66,91.8,512.2,336,0,65,9:24:30
5,4.13,91.7,458.5,378.7,0,65,9:24:35
5.87,4.6,91.6,537.7,421.4,0,65,9:24:40
4.91,6.06,91.4,448.8,553.9,0,66,9:24:45
5.8,5.33,91.5,530.7,487.7,0,66,9:24:50
5.73,5.4,91.4,523.7,493.6,0,67,9:24:55
5.67,5.5,91.4,518.2,502.7,0,67,9:25:00
5.58,5.41,91.4,510,494.5,0,68,9:25:05
5.82,5.17,91.4,531.9,472.5,0,69,9:25:10
5.67,3.48,91.7,519.9,319.1,0,70,9:25:15
5.46,3.72,91.7,500.7,341.1,0,70,9:25:20
5.45,3.74,91.6,499.2,342.6,0,70,9:25:25
5.53,3.55,91.7,507.1,325.5,0,70,9:25:30
5.52,3.01,91.8,506.7,276.3,0,70,9:25:35
5.55,3.03,91.7,508.9,277.9,0,70,9:25:40
5.61,3.31,91.7,514.4,303.5,0,71,9:25:45
5.63,2.72,91.8,516.8,249.7,0,71,9:25:50
5.58,2.73,91.8,512.2,250.6,0,71,9:25:55
5.63,2.59,91.8,516.8,237.8,0,71,9:26:00
5.52,2.79,91.8,506.7,256.1,0,71,9:26:05
5.5,3.27,91.7,504.4,299.9,0,71,9:26:10
5.56,3.11,91.7,509.9,285.2,0,71,9:26:15
5.62,2.88,91.7,515.4,264.1,0,72,9:26:20
5.37,2.8,91.8,493,257,0,72,9:26:25
5.71,0.47,92.2,526.5,43.3,0,72,9:26:30
5.56,0.34,92.2,512.6,31.3,0,72,9:26:35
5.55,0.49,92.2,511.7,45.2,0,72,9:26:40
5.81,-0.3,92.3,536.3,-27.7,0,72,9:26:45
5.77,-0.13,92.4,533.1,-12,0,72,9:26:50
5.68,0.39,92.2,523.7,36,0,72,9:26:55
5.67,0.27,92.3,523.3,24.9,0,72,9:27:00
5.08,-0.26,92.4,469.4,-24,0,72,9:27:05
5.73,-0.2,92.3,528.9,-18.5,0,72,9:27:10
1.27,3.44,91.7,116.5,315.4,0,72,9:27:15
5.63,-0.47,92.4,520.2,-43.4,0,71,9:27:20
5.61,-0.54,92.4,518.4,-49.9,0,71,9:27:25
5.58,-0.56,92.4,515.6,-51.7,0,71,9:27:30
3.65,1.08,92.2,336.5,99.6,0,71,9:27:35
5.75,-0.37,92.4,531.3,-34.2,0,71,9:27:40
5.7,-0.51,92.4,526.7,-47.1,0,70,9:27:45
5.34,0,92.3,492.9,0,0,70,9:27:50
5.79,-0.5,92.5,535.6,-46.3,0,70,9:27:55
5.74,-0.47,92.5,531,-43.5,0,69,9:28:00
5.93,-0.65,92.5,548.5,-60.1,0,69,9:28:05
4.51,0.56,92.3,416.3,51.7,0,69,9:28:10
5.75,-0.5,92.5,531.9,-46.3,0,69,9:28:15
5.62,-0.37,92.4,519.3,-34.2,0,68,9:28:20
4.86,0.26,92.3,448.6,24,0,68,9:28:25
5.83,-0.59,92.4,538.7,-54.5,0,68,9:28:30
5.74,-0.48,92.5,531,-44.4,0,67,9:28:35
5.72,2.56,92,526.2,235.5,0,67,9:28:40
5.83,2.48,92,536.4,228.2,0,68,9:28:45
3.34,4.35,91.7,306.3,398.9,0,69,9:28:50
5.94,2.31,91.9,545.9,212.3,0,69,9:28:55
5.76,2.63,91.8,528.8,241.4,0,70,9:29:00
5.76,2.5,91.9,529.3,229.8,0,70,9:29:05
5.84,2.35,91.9,536.7,216,0,70,9:29:10
5.8,2.6,91.8,532.4,238.7,0,71,9:29:15
5.45,1.52,92.1,501.9,140,0,71,9:29:20
3.79,3.32,91.7,347.5,304.4,0,71,9:29:25
5.83,1.38,92.1,536.9,127.1,0,70,9:29:30
5.9,1.19,92.1,543.4,109.6,0,70,9:29:35
5.94,1.29,92.1,547.1,118.8,0,70,9:29:40
6.07,1.19,92.1,559,109.6,0,70,9:29:45
5.86,1.66,92,539.1,152.7,0,71,9:29:50
4.35,2.51,91.9,399.8,230.7,0,71,9:29:55
5.36,1.95,91.9,492.6,179.2,0,71,9:30:00
4.59,2.14,91.9,421.8,196.7,0,71,9:30:05
4.33,2.15,91.9,397.9,197.6,0,71,9:30:10
5.6,1.24,92,515.2,114.1,0,71,9:30:15
5.85,1.09,92.1,538.8,100.4,0,71,9:30:20
5.8,1.07,92.1,534.2,98.5,0,71,9:30:25
5.85,1.31,92.1,538.8,120.7,0,71,9:30:30
5.72,1.8,92,526.2,165.6,0,71,9:30:35
5.84,1.14,92.1,537.9,105,0,71,9:30:40
6.04,-2.96,92.7,559.9,-274.4,0,70,9:30:45
4.58,0.49,92.3,422.7,45.2,0,69,9:30:50
5.7,-0.45,92.4,526.7,-41.6,0,68,9:30:55
4.09,0.89,92.2,377.1,82.1,0,68,9:31:00
2.9,1.9,92,266.8,174.8,0,67,9:31:05
4.96,4.15,91.6,454.3,380.1,0,67,9:31:10
3.29,5.68,91.3,300.4,518.6,0,68,9:31:15
5.56,3.8,91.6,509.3,348.1,0,68,9:31:20
6.03,3.22,91.7,553,295.3,0,68,9:31:25
5.77,3.49,91.6,528.5,319.7,0,69,9:31:30
5.84,3.38,91.7,535.5,309.9,0,69,9:31:35
5.87,3.47,91.6,537.7,317.9,0,70,9:31:40
5.87,3.01,91.7,538.3,276,0,70,9:31:45
5.87,2.92,91.7,538.3,267.8,0,71,9:31:50
6.05,2.31,91.8,555.4,212.1,0,72,9:31:55
5.95,1.52,91.9,546.8,139.7,0,72,9:32:00
5.9,1.15,92,542.8,105.8,0,73,9:32:05
5.89,-5.82,93.1,548.4,-541.8,0,72,9:32:10
5.85,-5.3,93.1,544.6,-493.4,0,70,9:32:15
5.9,-2.81,92.7,546.9,-260.5,0,68,9:32:20
5.76,-1.47,92.5,532.8,-136,0,67,9:32:25
5.77,-1.55,92.5,533.7,-143.4,0,67,9:32:30
5.57,-19.54,95.4,531.4,-1864.1,0,66,9:32:35
5.66,-4.97,93.3,528.1,-463.7,0,60,9:32:40
1.24,-9.89,94,116.6,-929.7,0,58,9:32:45
2.4,-1.97,92.8,222.7,-182.8,0,54,9:32:50
5.64,-4.91,93.2,525.6,-457.6,0,52,9:32:55
5.43,-23.67,96.3,522.9,-2279.4,0,41,9:33:00
5.5,-4.86,93.3,513.2,-453.4,0,37,9:33:05
5.85,-5.16,93.4,546.4,-481.9,0,35,9:33:10
5.23,-11.81,94.5,494.2,-1116,0,27,9:33:15
5.43,-7.35,93.8,509.3,-689.4,0,15,9:33:20
5.6,-4.92,93.4,523,-459.5,0,4,9:33:25
5.94,-5.24,93.4,554.8,-489.4,0,0,9:33:30
6.07,-5.36,93.5,567.5,-501.2,0,0,9:33:35
6.1,-5.38,93.5,570.4,-503,0,0,9:33:40
6.17,-5.44,93.6,577.5,-509.2,0,0,9:33:45
6.31,-5.58,93.6,590.6,-522.3,0,0,9:33:50
6.41,-5.68,93.6,600,-531.6,0,0,9:33:55
6.5,-5.75,93.6,608.4,-538.2,0,0,9:34:00
6.59,-5.86,93.6,616.8,-548.5,0,0,9:34:05
6.65,-5.91,93.6,622.4,-553.2,0,0,9:34:10
6.18,-5.48,93.6,578.4,-512.9,0,0,9:34:15
5.76,-5.09,93.6,539.1,-476.4,0,0,9:34:20
5.9,-5.22,93.6,552.2,-488.6,0,0,9:34:25
5.91,-5.23,93.6,553.2,-489.5,0,0,9:34:30
5.92,-5.25,93.6,554.1,-491.4,0,0,9:34:35
5.96,-5.28,93.6,557.9,-494.2,0,0,9:34:40
5.93,-5.25,93.6,555,-491.4,0,0,9:34:45
6.13,-5.41,93.7,574.4,-506.9,0,0,9:34:50
6,-5.33,93.7,562.2,-499.4,0,0,9:34:55
5.98,-5.3,93.6,559.7,-496.1,0,0,9:35:00
6.07,-5.38,93.7,568.8,-504.1,0,0,9:35:05
6.07,-5.39,93.7,568.8,-505,0,0,9:35:10
6.07,-5.38,93.7,568.8,-504.1,0,0,9:35:15
6.09,-5.41,93.7,570.6,-506.9,0,0,9:35:20
6.1,-5.4,93.7,571.6,-506,0,0,9:35:25
6.08,-5.39,93.7,569.7,-505,0,0,9:35:30
6.08,-5.39,93.7,569.7,-505,0,0,9:35:35
6.1,-5.42,93.7,571.6,-507.9,0,0,9:35:40
6.1,-5.41,93.7,571.6,-506.9,0,0,9:35:45
6.09,-5.41,93.7,570.6,-506.9,0,0,9:35:50
6.09,-5.41,93.7,570.6,-506.9,0,0,9:35:55
6.11,-5.42,93.7,572.5,-507.9,0,0,9:36:00
6.12,-5.43,93.7,573.4,-508.8,0,0,9:36:05
6.1,-5.42,93.8,572.2,-508.4,0,0,9:36:10
6.1,-5.41,93.8,572.2,-507.5,0,0,9:36:15
6.08,-5.39,93.8,570.3,-505.6,0,0,9:36:20
6.11,-5.42,93.9,573.7,-508.9,0,0,9:36:25
6.1,-5.41,93.9,572.8,-508,0,0,9:36:30
6.11,-5.42,93.8,573.1,-508.4,0,0,9:36:35
6.1,-5.41,93.9,572.8,-508,0,0,9:36:40
6.11,-5.42,93.9,573.7,-508.9,0,0,9:36:45
6.11,-5.43,93.9,573.7,-509.9,0,0,9:36:50
6.1,-5.41,93.9,572.8,-508,0,0,9:36:55
6.12,-5.43,93.9,574.7,-509.9,0,0,9:37:00
6.11,-5.42,93.9,573.7,-508.9,0,0,9:37:05
6.11,-5.42,93.9,573.7,-508.9,0,0,9:37:10
6.11,-5.43,93.9,573.7,-509.9,0,0,9:37:15
6.1,-5.42,93.9,572.8,-508.9,0,0,9:37:20
6.1,-5.42,93.9,572.8,-508.9,0,0,9:37:25
6.11,-5.43,93.9,573.7,-509.9,0,0,9:37:30
6.1,-5.41,93.9,572.8,-508,0,0,9:37:35
6.12,-5.43,93.9,574.7,-509.9,0,0,9:37:40
6.12,-5.43,93.9,574.7,-509.9,0,0,9:37:45
6.12,-5.43,94,575.3,-510.4,0,0,9:37:50
6.13,-5.45,94,576.2,-512.3,0,0,9:37:55
6.12,-5.43,94,575.3,-510.4,0,0,9:38:00
6.12,-5.43,94,575.3,-510.4,0,0,9:38:05
6.12,-5.43,94,575.3,-510.4,0,0,9:38:10
6.11,-5.43,94,574.3,-510.4,0,0,9:38:15
6.11,-5.43,94,574.3,-510.4,0,0,9:38:20
6.11,-5.43,94,574.3,-510.4,0,0,9:38:25
6.11,-5.42,94,574.3,-509.5,0,0,9:38:30
6.13,-5.44,94,576.2,-511.4,0,0,9:38:35
6.13,-5.44,94,576.2,-511.4,0,0,9:38:40
6.13,-5.44,94,576.2,-511.4,0,0,9:38:45
6.14,-5.44,94,577.2,-511.4,0,0,9:38:50
6.14,-5.45,94.1,577.8,-512.8,0,0,9:38:55
6.13,-5.44,94.1,576.8,-511.9,0,0,9:39:00
6.12,-5.43,94.1,575.9,-511,0,0,9:39:05
6.13,-5.44,94.1,576.8,-511.9,0,0,9:39:10
6.14,-5.44,94.1,577.8,-511.9,0,0,9:39:15
6.12,-5.43,94.2,576.5,-511.5,0,0,9:39:20
6.13,-5.44,94.2,577.4,-512.4,0,0,9:39:25
6.13,-5.44,94.2,577.4,-512.4,0,0,9:39:30
6.13,-5.44,94.2,577.4,-512.4,0,0,9:39:35
6.14,-5.46,94.2,578.4,-514.3,0,0,9:39:40
6.13,-5.44,94.2,577.4,-512.4,0,0,9:39:45
6.15,-5.46,94.2,579.3,-514.3,0,0,9:39:50
6.16,-5.46,94.2,580.3,-514.3,0,0,9:39:55
6.15,-5.46,94.2,579.3,-514.3,0,0,9:40:00
6.21,-5.51,94.2,585,-519,0,0,9:40:05
6.13,-5.44,94.2,577.4,-512.4,0,0,9:40:10
6.16,-5.46,94.2,580.3,-514.3,0,0,9:40:15
6.16,-5.46,94.2,580.3,-514.3,0,0,9:40:20
6.15,-5.46,94.2,579.3,-514.3,0,0,9:40:25
6.14,-5.45,94.3,579,-513.9,0,0,9:40:30
6.16,-5.46,94.3,580.9,-514.9,0,0,9:40:35
6.15,-5.45,94.3,579.9,-513.9,0,0,9:40:40
6.16,-5.46,94.2,580.3,-514.3,0,0,9:40:45
6.14,-5.45,94.3,579,-513.9,0,0,9:40:50
6.16,-5.46,94.3,580.9,-514.9,0,0,9:40:55
6.18,-5.47,94.3,582.8,-515.8,0,0,9:41:00
6.17,-5.47,94.3,581.8,-515.8,0,0,9:41:05
6.17,-5.47,94.3,581.8,-515.8,0,0,9:41:10
6.18,-5.48,94.3,582.8,-516.8,0,0,9:41:15
6.18,-5.48,94.3,582.8,-516.8,0,0,9:41:20
6.19,-5.49,94.3,583.7,-517.7,0,0,9:41:25
6.19,-5.49,94.3,583.7,-517.7,0,0,9:41:30
6.21,-5.5,94.3,585.6,-518.7,0,0,9:41:35
6.2,-5.51,94.3,584.7,-519.6,0,0,9:41:40
6.2,-5.49,94.3,584.7,-517.7,0,0,9:41:45
6.2,-5.5,94.4,585.3,-519.2,0,0,9:41:50
6.18,-5.49,94.4,583.4,-518.3,0,0,9:41:55
6.17,-5.47,94.4,582.4,-516.4,0,0,9:42:00
6.17,-5.47,94.4,582.4,-516.4,0,0,9:42:05
6.19,-5.49,94.5,585,-518.8,0,0,9:42:10
6.2,-5.5,94.4,585.3,-519.2,0,0,9:42:15
6.2,-5.51,94.5,585.9,-520.7,0,0,9:42:20
6.21,-5.51,94.4,586.2,-520.1,0,0,9:42:25
6.2,-5.5,94.4,585.3,-519.2,0,0,9:42:30
6.21,-5.52,94.5,586.8,-521.6,0,0,9:42:35
6.22,-5.52,94.5,587.8,-521.6,0,0,9:42:40
6.21,-5.51,94.5,586.8,-520.7,0,0,9:42:45
6.21,-5.5,94.5,586.8,-519.8,0,0,9:42:50
6.2,-5.5,94.5,585.9,-519.8,0,0,9:42:55
6.22,-5.53,94.5,587.8,-522.6,0,0,9:43:00
6.19,-5.5,94.5,585,-519.8,0,0,9:43:05
6.22,-5.53,94.5,587.8,-522.6,0,0,9:43:10
6.18,-5.48,94.5,584,-517.9,0,0,9:43:15
6.23,-5.53,94.5,588.7,-522.6,0,0,9:43:20
6.22,-5.52,94.5,587.8,-521.6,0,0,9:43:25
6.23,-5.53,94.5,588.7,-522.6,0,0,9:43:30
6.22,-5.53,94.5,587.8,-522.6,0,0,9:43:35
6.22,-5.52,94.5,587.8,-521.6,0,0,9:43:40
6.22,-5.52,94.5,587.8,-521.6,0,0,9:43:45
6.22,-5.52,94.5,587.8,-521.6,0,0,9:43:50
6.21,-5.51,94.6,587.5,-521.2,0,0,9:43:55
6.25,-5.55,94.6,591.3,-525,0,0,9:44:00
6.24,-5.55,94.6,590.3,-525,0,0,9:44:05
6.21,-5.51,94.6,587.5,-521.2,0,0,9:44:10
6.24,-5.54,94.6,590.3,-524.1,0,0,9:44:15
6.24,-5.55,94.6,590.3,-525,0,0,9:44:20
6.21,-5.52,94.6,587.5,-522.2,0,0,9:44:25
6.24,-5.55,94.6,590.3,-525,0,0,9:44:30
6.24,-5.54,94.6,590.3,-524.1,0,0,9:44:35
6.17,-5.47,94.6,583.7,-517.5,0,0,9:44:40
6.23,-5.54,94.5,588.7,-523.5,0,0,9:44:45
6.24,-5.55,94.6,590.3,-525,0,0,9:44:50
6.24,-5.54,94.6,590.3,-524.1,0,0,9:44:55
6.23,-5.54,94.6,589.4,-524.1,0,0,9:45:00
6.22,-5.53,94.6,588.4,-523.1,0,0,9:45:05
6.22,-5.53,94.6,588.4,-523.1,0,0,9:45:10
6.25,-5.54,94.6,591.3,-524.1,0,0,9:45:15
6.25,-5.55,94.6,591.3,-525,0,0,9:45:20
6.23,-5.53,94.6,589.4,-523.1,0,0,9:45:25
6.2,-5.5,94.6,586.5,-520.3,0,0,9:45:30
6.21,-5.51,94.7,588.1,-521.8,0,0,9:45:35
6.22,-5.53,94.7,589,-523.7,0,0,9:45:40
6.23,-5.53,94.7,590,-523.7,0,0,9:45:45
6.23,-5.54,94.7,590,-524.6,0,0,9:45:50
6.21,-5.51,94.7,588.1,-521.8,0,0,9:45:55
6.21,-5.52,94.8,588.7,-523.3,0,0,9:46:00
6.21,-5.52,94.8,588.7,-523.3,0,0,9:46:05
6.21,-5.53,94.7,588.1,-523.7,0,0,9:46:10
6.24,-5.53,94.8,591.6,-524.2,0,0,9:46:15
6.21,-5.51,94.8,588.7,-522.3,0,0,9:46:20
6.21,-5.51,94.8,588.7,-522.3,0,0,9:46:25
6.21,-5.52,94.8,588.7,-523.3,0,0,9:46:30
6.22,-5.52,94.8,589.7,-523.3,0,0,9:46:35
6.23,-5.54,94.8,590.6,-525.2,0,0,9:46:40
6.21,-5.51,94.8,588.7,-522.3,0,0,9:46:45
6.21,-5.52,94.8,588.7,-523.3,0,0,9:46:50
6.2,-5.51,94.9,588.4,-522.9,0,0,9:46:55
6.22,-5.52,94.8,589.7,-523.3,0,0,9:47:00
6.23,-5.54,94.9,591.2,-525.7,0,0,9:47:05
6.22,-5.52,94.8,589.7,-523.3,0,0,9:47:10
6.23,-5.53,94.9,591.2,-524.8,0,0,9:47:15
6.2,-5.51,94.9,588.4,-522.9,0,0,9:47:20
6.21,-5.52,94.9,589.3,-523.8,0,0,9:47:25
6.21,-5.52,95,590,-524.4,0,0,9:47:30
6.22,-5.52,94.9,590.3,-523.8,0,0,9:47:35
6.23,-5.54,94.9,591.2,-525.7,0,0,9:47:40
6.19,-5.49,95,588.1,-521.6,0,0,9:47:45
6.21,-5.52,95,590,-524.4,0,0,9:47:50
6.21,-5.5,95,590,-522.5,0,0,9:47:55
6.22,-5.53,95,590.9,-525.4,0,0,9:48:00
6.24,-5.54,95,592.8,-526.3,0,0,9:48:05
6.24,-5.54,95,592.8,-526.3,0,0,9:48:10
6.22,-5.52,95,590.9,-524.4,0,0,9:48:15
6.22,-5.52,95,590.9,-524.4,0,0,9:48:20
6.24,-5.54,95,592.8,-526.3,0,0,9:48:25
6.24,-5.55,95,592.8,-527.3,0,0,9:48:30
6.22,-5.53,95,590.9,-525.4,0,0,9:48:35
6.23,-5.54,95,591.9,-526.3,0,0,9:48:40
6.23,-5.54,95,591.9,-526.3,0,0,9:48:45
6.22,-5.53,95,590.9,-525.4,0,0,9:48:50
6.22,-5.52,95,590.9,-524.4,0,0,9:48:55
6.25,-5.56,95,593.8,-528.2,0,0,9:49:00
6.25,-5.56,95,593.8,-528.2,0,0,9:49:05
6.21,-5.52,95,590,-524.4,0,0,9:49:10
6.24,-5.55,95,592.8,-527.3,0,0,9:49:15
6.23,-5.54,95,591.9,-526.3,0,0,9:49:20
6.23,-5.53,95,591.9,-525.4,0,0,9:49:25
6.19,-5.49,95,588.1,-521.6,0,0,9:49:30
6.23,-5.54,95,591.9,-526.3,0,0,9:49:35
6.21,-5.52,95,590,-524.4,0,0,9:49:40
6.22,-5.53,95,590.9,-525.4,0,0,9:49:45
6.18,-5.48,95,587.1,-520.6,0,0,9:49:50
6.22,-5.52,95.1,591.5,-525,0,0,9:49:55
6.23,-5.53,95.1,592.5,-525.9,0,0,9:50:00
6.23,-5.53,95.1,592.5,-525.9,0,0,9:50:05
6.21,-5.52,95,590,-524.4,0,0,9:50:10
6.2,-5.51,95.1,589.6,-524,0,0,9:50:15
6.2,-5.51,95.1,589.6,-524,0,0,9:50:20
6.2,-5.5,95.1,589.6,-523.1,0,0,9:50:25
6.19,-5.48,95.1,588.7,-521.1,0,0,9:50:30
6.19,-5.49,95.1,588.7,-522.1,0,0,9:50:35
6.18,-5.5,95.1,587.7,-523.1,0,0,9:50:40
6.22,-5.52,95.1,591.5,-525,0,0,9:50:45
6.22,-5.52,95.1,591.5,-525,0,0,9:50:50
6.17,-5.47,95.1,586.8,-520.2,0,0,9:50:55
6.19,-5.49,95.1,588.7,-522.1,0,0,9:51:00
6.19,-5.49,95.1,588.7,-522.1,0,0,9:51:05
6.31,-5.61,95.1,600.1,-533.5,0,0,9:51:10
6.29,-5.6,95.1,598.2,-532.6,0,0,9:51:15
6.31,-5.61,95.2,600.7,-534.1,0,0,9:51:20
6.3,-5.6,95.2,599.8,-533.1,0,0,9:51:25
6.29,-5.59,95.2,598.8,-532.2,0,0,9:51:30
6.3,-5.59,95.2,599.8,-532.2,0,0,9:51:35
6.3,-5.59,95.2,599.8,-532.2,0,0,9:51:40
6.28,-5.58,95.2,597.9,-531.2,0,0,9:51:45
6.35,-5.64,95.3,605.2,-537.5,0,0,9:51:50
6.31,-5.6,95.3,601.3,-533.7,0,0,9:51:55
6.31,-5.62,95.3,601.3,-535.6,0,0,9:52:00
6.3,-5.59,95.3,600.4,-532.7,0,0,9:52:05
6.32,-5.61,95.3,602.3,-534.6,0,0,9:52:10
6.3,-5.59,95.3,600.4,-532.7,0,0,9:52:15
6.32,-5.61,95.3,602.3,-534.6,0,0,9:52:20
6.3,-5.61,95.3,600.4,-534.6,0,0,9:52:25
6.32,-5.62,95.3,602.3,-535.6,0,0,9:52:30
6.11,-5.42,95.2,581.7,-516,0,0,9:52:35
6.31,-5.61,95.3,601.3,-534.6,0,0,9:52:40
6.31,-5.61,95.3,601.3,-534.6,0,0,9:52:45
6.3,-5.6,95.3,600.4,-533.7,0,0,9:52:50
6.32,-5.62,95.3,602.3,-535.6,0,0,9:52:55
6.33,-5.62,95.3,603.2,-535.6,0,0,9:53:00
6.32,-5.62,95.3,602.3,-535.6,0,0,9:53:05
6.33,-5.62,95.3,603.2,-535.6,0,0,9:53:10
6.33,-5.62,95.3,603.2,-535.6,0,0,9:53:15
6.31,-5.61,95.3,601.3,-534.6,0,0,9:53:20
6.33,-5.62,95.3,603.2,-535.6,0,0,9:53:25
6.33,-5.62,95.3,603.2,-535.6,0,0,9:53:30
6.34,-5.63,95.3,604.2,-536.5,0,0,9:53:35
6.36,-5.65,95.3,606.1,-538.4,0,0,9:53:40
6.33,-5.62,95.3,603.2,-535.6,0,0,9:53:45
6.35,-5.64,95.3,605.2,-537.5,0,0,9:53:50
6.35,-5.64,95.3,605.2,-537.5,0,0,9:53:55
6.32,-5.62,95.4,602.9,-536.1,0,0,9:54:00
6.32,-5.62,95.4,602.9,-536.1,0,0,9:54:05
6.36,-5.65,95.4,606.7,-539,0,0,9:54:10
6.36,-5.65,95.4,606.7,-539,0,0,9:54:15
6.5,-5.78,95.4,620.1,-551.4,0,0,9:54:20
6.47,-5.75,95.4,617.2,-548.6,0,0,9:54:25
6.49,-5.77,95.4,619.1,-550.5,0,0,9:54:30
6.49,-5.77,95.4,619.1,-550.5,0,0,9:54:35
6.51,-5.79,95.4,621.1,-552.4,0,0,9:54:40
6.49,-5.77,95.4,619.1,-550.5,0,0,9:54:45
6.5,-5.78,95.4,620.1,-551.4,0,0,9:54:50
6.51,-5.79,95.5,621.7,-552.9,0,0,9:54:55
6.52,-5.79,95.5,622.7,-552.9,0,0,9:55:00
6.49,-5.78,95.5,619.8,-552,0,0,9:55:05
6.52,-5.79,95.5,622.7,-552.9,0,0,9:55:10
6.51,-5.78,95.5,621.7,-552,0,0,9:55:15
6.51,-5.79,95.5,621.7,-552.9,0,0,9:55:20
6.5,-5.78,95.5,620.8,-552,0,0,9:55:25
6.51,-5.79,95.6,622.4,-553.5,0,0,9:55:30
6.49,-5.78,95.5,619.8,-552,0,0,9:55:35
6.48,-5.77,95.6,619.5,-551.6,0,0,9:55:40
6.5,-5.78,95.6,621.4,-552.6,0,0,9:55:45
6.51,-5.79,95.6,622.4,-553.5,0,0,9:55:50
6.5,-5.77,95.6,621.4,-551.6,0,0,9:55:55
6.5,-5.78,95.6,621.4,-552.6,0,0,9:56:00
6.52,-5.8,95.6,623.3,-554.5,0,0,9:56:05
6.51,-5.79,95.6,622.4,-553.5,0,0,9:56:10
6.51,-5.79,95.6,622.4,-553.5,0,0,9:56:15
6.52,-5.8,95.6,623.3,-554.5,0,0,9:56:20
6.51,-5.8,95.6,622.4,-554.5,0,0,9:56:25
6.51,-5.79,95.6,622.4,-553.5,0,0,9:56:30
6.51,-5.8,95.6,622.4,-554.5,0,0,9:56:35
6.51,-5.79,95.6,622.4,-553.5,0,0,9:56:40
6.53,-5.79,95.6,624.3,-553.5,0,0,9:56:45
6.54,-5.81,95.6,625.2,-555.4,0,0,9:56:50
6.51,-5.8,95.6,622.4,-554.5,0,0,9:56:55
6.53,-5.8,95.6,624.3,-554.5,0,0,9:57:00
6.51,-5.79,95.6,622.4,-553.5,0,0,9:57:05
6.53,-5.81,95.6,624.3,-555.4,0,0,9:57:10
6.49,-5.78,95.6,620.4,-552.6,0,0,9:57:15
6.52,-5.8,95.6,623.3,-554.5,0,0,9:57:20
6.29,-5.59,95.6,601.3,-534.4,0,0,9:57:25
6.51,-5.79,95.6,622.4,-553.5,0,0,9:57:30
6.49,-5.77,95.6,620.4,-551.6,0,0,9:57:35
6.49,-5.77,95.6,620.4,-551.6,0,0,9:57:40
6.5,-5.78,95.7,622.1,-553.1,0,0,9:57:45
6.48,-5.75,95.6,619.5,-549.7,0,0,9:57:50
6.49,-5.77,95.7,621.1,-552.2,0,0,9:57:55
6.49,-5.78,95.6,620.4,-552.6,0,0,9:58:00
6.48,-5.76,95.7,620.1,-551.2,0,0,9:58:05
6.49,-5.77,95.6,620.4,-551.6,0,0,9:58:10
6.47,-5.76,95.7,619.2,-551.2,0,0,9:58:15
6.49,-5.77,95.7,621.1,-552.2,0,0,9:58:20
6.53,-5.81,95.7,624.9,-556,0,0,9:58:25
6.54,-5.81,95.7,625.9,-556,0,0,9:58:30
6.54,-5.83,95.7,625.9,-557.9,0,0,9:58:35
6.54,-5.82,95.7,625.9,-557,0,0,9:58:40
6.53,-5.81,95.7,624.9,-556,0,0,9:58:45
6.52,-5.8,95.7,624,-555.1,0,0,9:58:50
6.53,-5.8,95.7,624.9,-555.1,0,0,9:58:55
6.53,-5.81,95.8,625.6,-556.6,0,0,9:59:00
6.54,-5.82,95.7,625.9,-557,0,0,9:59:05
6.55,-5.83,95.7,626.8,-557.9,0,0,9:59:10
6.53,-5.81,95.7,624.9,-556,0,0,9:59:15
6.54,-5.82,95.7,625.9,-557,0,0,9:59:20
5.78,-5.12,95.6,552.6,-489.5,0,0,9:59:25
5.35,-4.72,95.6,511.5,-451.2,0,0,9:59:30
6.52,-5.79,95.7,624,-554.1,0,0,9:59:35
6.21,-5.51,95.7,594.3,-527.3,0,0,9:59:40
4.92,-4.32,95.5,469.9,-412.6,0,0,9:59:45
5.42,-4.78,95.6,518.2,-457,0,0,9:59:50
5.4,-4.77,95.6,516.2,-456,0,0,9:59:55
5.55,-4.9,95.6,530.6,-468.4,0,0,10:00:00
6.43,-5.72,95.7,615.4,-547.4,0,0,10:00:05
6.49,-5.77,95.8,621.7,-552.8,0,0,10:00:10
6.58,-5.87,95.9,631,-562.9,0,0,10:00:15
6.59,-5.87,95.8,631.3,-562.3,0,0,10:00:20
6.61,-5.88,95.9,633.9,-563.9,0,0,10:00:25
6.6,-5.88,95.9,632.9,-563.9,0,0,10:00:30
6.61,-5.89,95.9,633.9,-564.9,0,0,10:00:35
6.62,-5.9,95.9,634.9,-565.8,0,0,10:00:40
6.51,-5.79,95.9,624.3,-555.3,0,0,10:00:45
6.59,-5.88,95.9,632,-563.9,0,0,10:00:50
6.61,-5.88,95.9,633.9,-563.9,0,0,10:00:55
6.61,-5.88,95.9,633.9,-563.9,0,0,10:01:00
6.61,-5.88,95.9,633.9,-563.9,0,0,10:01:05
6.62,-5.9,95.9,634.9,-565.8,0,0,10:01:10
6.63,-5.9,95.9,635.8,-565.8,0,0,10:01:15
6.63,-5.89,95.9,635.8,-564.9,0,0,10:01:20
6.63,-5.9,95.9,635.8,-565.8,0,0,10:01:25
6.62,-5.89,95.9,634.9,-564.9,0,0,10:01:30
6.63,-5.89,95.9,635.8,-564.9,0,0,10:01:35
6.6,-5.89,95.9,632.9,-564.9,0,0,10:01:40
6.62,-5.89,95.9,634.9,-564.9,0,0,10:01:45
6.62,-5.89,95.9,634.9,-564.9,0,0,10:01:50
5.67,-5.02,95.8,543.2,-480.9,0,0,10:01:55
5.56,-4.91,95.8,532.6,-470.4,0,0,10:02:00
5.63,-4.97,95.8,539.4,-476.1,0,0,10:02:05
5.73,-5.07,95.8,548.9,-485.7,0,0,10:02:10
5.36,-4.72,95.7,513,-451.7,0,0,10:02:15
6.63,-5.9,95.9,635.8,-565.8,0,0,10:02:20
5.83,-5.17,95.9,559.1,-495.8,0,0,10:02:25
6.65,-5.92,95.9,637.7,-567.7,0,0,10:02:30
6.65,-5.93,95.9,637.7,-568.7,0,0,10:02:35
6.65,-5.93,95.9,637.7,-568.7,0,0,10:02:40
6.64,-5.92,96,637.4,-568.3,0,0,10:02:45
6.66,-5.94,96,639.4,-570.2,0,0,10:02:50
6.66,-5.93,95.9,638.7,-568.7,0,0,10:02:55
6.67,-5.94,95.9,639.7,-569.6,0,0,10:03:00
6.65,-5.91,96,638.4,-567.4,0,0,10:03:05
6.68,-5.94,96,641.3,-570.2,0,0,10:03:10
6.67,-5.95,96,640.3,-571.2,0,0,10:03:15
6.67,-5.93,96,640.3,-569.3,0,0,10:03:20
6.67,-5.94,96,640.3,-570.2,0,0,10:03:25
6.68,-5.94,96,641.3,-570.2,0,0,10:03:30
6.67,-5.93,96,640.3,-569.3,0,0,10:03:35
6.67,-5.93,96,640.3,-569.3,0,0,10:03:40
6.67,-5.93,96,640.3,-569.3,0,0,10:03:45
6.69,-5.96,96,642.2,-572.2,0,0,10:03:50
6.68,-5.95,96,641.3,-571.2,0,0,10:03:55
6.68,-5.94,96,641.3,-570.2,0,0,10:04:00
6.69,-5.96,96,642.2,-572.2,0,0,10:04:05
6.71,-5.98,96.1,644.8,-574.7,0,0,10:04:10
6.71,-5.99,96.1,644.8,-575.6,0,0,10:04:15
5.71,-5.05,95.9,547.6,-484.3,0,0,10:04:20
5.58,-4.94,95.9,535.1,-473.7,0,0,10:04:25
5.59,-4.94,95.9,536.1,-473.7,0,0,10:04:30
5.41,-4.78,95.9,518.8,-458.4,0,3,10:04:35
5.79,-5.13,95.9,555.3,-492,0,3,10:04:40
5.81,-5.15,95.9,557.2,-493.9,0,0,10:04:45
5.66,-5,95.9,542.8,-479.5,0,0,10:04:50
5.77,-5.11,95.9,553.3,-490,0,0,10:04:55
6.31,-5.6,96,605.8,-537.6,0,0,10:05:00
6.48,-5.77,96.1,622.7,-554.5,0,0,10:05:05
6.53,-5.81,96.1,627.5,-558.3,0,0,10:05:10
5.91,-5.24,96,567.4,-503,0,0,10:05:15
6.39,-5.69,96,613.4,-546.2,0,0,10:05:20
6.48,-5.76,96.2,623.4,-554.1,0,0,10:05:25
6.54,-5.81,96.2,629.1,-558.9,0,0,10:05:30
6.54,-5.82,96.1,628.5,-559.3,0,0,10:05:35
6.54,-5.82,96.1,628.5,-559.3,0,0,10:05:40
6.54,-5.8,96.2,629.1,-558,0,0,10:05:45
6.54,-5.8,96.1,628.5,-557.4,0,0,10:05:50
6.56,-5.2,96,629.8,-499.2,0,0,10:05:55
6.62,-5.87,96.2,636.8,-564.7,0,0,10:06:00
6.61,-5.87,96.2,635.9,-564.7,0,0,10:06:05
6.69,-3.94,95.9,641.6,-377.8,0,0,10:06:10
6.72,-2.24,95.6,642.4,-214.1,0,5,10:06:15
6.81,0.75,95.1,647.6,71.3,0,13,10:06:20
6.89,1.61,95,654.6,153,0,20,10:06:25
7.04,1.44,95,668.8,136.8,0,25,10:06:30
7.02,2.96,94.7,664.8,280.3,0,26,10:06:35
6.95,2.97,94.6,657.5,281,0,33,10:06:40
6.88,3.09,94.6,650.8,292.3,0,37,10:06:45
7.11,6.11,94.1,669.1,575,0,41,10:06:50
7.09,5.13,94.2,667.9,483.2,0,46,10:06:55
7.11,6.12,94,668.3,575.3,0,50,10:07:00
7.11,6.09,94,668.3,572.5,0,53,10:07:05
7.22,6,94,678.7,564,0,56,10:07:10
7.01,6.18,93.9,658.2,580.3,0,59,10:07:15
7.23,6,93.9,678.9,563.4,0,61,10:07:20
7.1,6.12,93.9,666.7,574.7,0,63,10:07:25
7.12,6.08,93.9,668.6,570.9,0,65,10:07:30
7.05,6.16,93.9,662,578.4,0,67,10:07:35
7.03,-1.35,95,667.9,-128.3,0,68,10:07:40
7.01,0.32,94.8,664.5,30.3,0,68,10:07:45
7.1,2.06,94.6,671.7,194.9,0,68,10:07:50
7.12,4.17,94.2,670.7,392.8,0,69,10:07:55
7.14,4.3,94.1,671.9,404.6,0,70,10:08:00
7.07,4.1,94.1,665.3,385.8,0,71,10:08:05
7.53,3.42,94.2,709.3,322.2,0,71,10:08:10
7.59,3.57,94.2,715,336.3,0,71,10:08:15
7.59,3.74,94.2,715,352.3,0,71,10:08:20
7.52,3.75,94.2,708.4,353.3,0,71,10:08:25
7.64,3.59,94.2,719.7,338.2,0,71,10:08:30
7.19,3.88,94.2,677.3,365.5,0,71,10:08:35
7.16,4.35,94.1,673.8,409.3,0,71,10:08:40
7.22,3.97,94.1,679.4,373.6,0,71,10:08:45
7.19,4.31,94,675.9,405.1,0,71,10:08:50
7.23,3.77,94.1,680.3,354.8,0,71,10:08:55
7.25,3.84,94.1,682.2,361.3,0,72,10:09:00
7.25,3.22,94.2,683,303.3,0,72,10:09:05
7.23,3.11,94.2,681.1,293,0,73,10:09:10
7.11,3.34,94.1,669.1,314.3,0,73,10:09:15
7.11,3.12,94.2,669.8,293.9,0,73,10:09:20
7.14,2.63,94.3,673.3,248,0,73,10:09:25
7.19,2.28,94.3,678,215,0,74,10:09:30
7.19,2.18,94.4,678.7,205.8,0,74,10:09:35
7.16,1.93,94.4,675.9,182.2,0,74,10:09:40
7.16,1.14,94.6,677.3,107.8,0,75,10:09:45
7.07,0.08,94.8,670.2,7.6,0,75,10:09:50
7.07,-0.52,94.9,670.9,-49.3,0,76,10:09:55
7.1,0.13,94.8,673.1,12.3,0,75,10:10:00
7.46,-0.29,94.8,707.2,-27.5,0,75,10:10:05
7.5,-0.14,94.8,711,-13.3,0,75,10:10:10
7.1,0.34,94.7,672.4,32.2,0,75,10:10:15
7.15,0.09,94.8,677.8,8.5,0,75,10:10:20
7.61,-0.03,94.8,721.4,-2.8,0,75,10:10:25
7.12,0.34,94.8,675,32.2,0,74,10:10:30
7.31,0.32,94.7,692.3,30.3,0,74,10:10:35
7.23,0.43,94.7,684.7,40.7,0,74,10:10:40
7.17,-0.25,94.9,680.4,-23.7,0,74,10:10:45
7.18,-3.72,95.4,685,-354.9,0,73,10:10:50
7.45,-5.52,95.7,713,-528.3,0,71,10:10:55
7.52,-2.18,95.2,715.9,-207.5,0,71,10:11:00
7.48,-2.11,95.3,712.8,-201.1,0,70,10:11:05
7.43,-2.09,95.3,708.1,-199.2,0,70,10:11:10
7.54,-2.19,95.3,718.6,-208.7,0,69,10:11:15
7.63,-2.3,95.3,727.1,-219.2,0,68,10:11:20
7.62,-2.31,95.3,726.2,-220.1,0,67,10:11:25
7.67,-2.29,95.3,731,-218.2,0,67,10:11:30
7.58,-2.24,95.3,722.4,-213.5,0,66,10:11:35
7.55,-2.16,95.3,719.5,-205.8,0,65,10:11:40
7.59,-2.23,95.3,723.3,-212.5,0,64,10:11:45
7.62,1.86,94.6,720.9,176,0,64,10:11:50
7.6,1.87,94.6,719,176.9,0,65,10:11:55
7.25,3.1,94.4,684.4,292.6,0,66,10:12:00
7.23,3.12,94.3,681.8,294.2,0,67,10:12:05
7.24,3.14,94.3,682.7,296.1,0,68,10:12:10
7.26,3.09,94.3,684.6,291.4,0,68,10:12:15
7.23,3.16,94.3,681.8,298,0,69,10:12:20
7.29,3.14,94.3,687.4,296.1,0,70,10:12:25
7.25,2.89,94.3,683.7,272.5,0,71,10:12:30
7.31,2.86,94.3,689.3,269.7,0,72,10:12:35
7.26,2.79,94.3,684.6,263.1,0,72,10:12:40
7.26,2.34,94.4,685.3,220.9,0,72,10:12:45
7.32,2.28,94.4,691,215.2,0,73,10:12:50
7.25,2.37,94.4,684.4,223.7,0,73,10:12:55
7.25,2.46,94.3,683.7,232,0,73,10:13:00
7.33,2.2,94.4,692,207.7,0,73,10:13:05
7.26,2.11,94.4,685.3,199.2,0,73,10:13:10
7.2,2.35,94.3,679,221.6,0,73,10:13:15
7.23,1.75,94.4,682.5,165.2,0,73,10:13:20
7.25,0.88,94.6,685.9,83.2,0,73,10:13:25
7.31,0.96,94.7,692.3,90.9,0,72,10:13:30
7.25,1.33,94.5,685.1,125.7,0,72,10:13:35
7.33,0.89,94.5,692.7,84.1,0,72,10:13:40
7.33,0.91,94.6,693.4,86.1,0,71,10:13:45
7.32,1.02,94.5,691.7,96.4,0,71,10:13:50
7.34,1.03,94.6,694.4,97.4,0,71,10:13:55
7.29,1.1,94.6,689.6,104.1,0,71,10:14:00
7.18,1.2,94.5,678.5,113.4,0,71,10:14:05
7.29,1.16,94.6,689.6,109.7,0,71,10:14:10
7.32,1.08,94.6,692.5,102.2,0,71,10:14:15
6.98,1.33,94.5,659.6,125.7,0,70,10:14:20
7.17,1.17,94.5,677.6,110.6,0,70,10:14:25
7.41,0.95,94.6,701,89.9,0,70,10:14:30
7.49,0.91,94.6,708.6,86.1,0,69,10:14:35
7.43,0.96,94.6,702.9,90.8,0,69,10:14:40
7.49,0.92,94.5,707.8,86.9,0,69,10:14:45
7.41,0.99,94.6,701,93.7,0,68,10:14:50
7.38,1,94.6,698.1,94.6,0,68,10:14:55
7.57,0.82,94.6,716.1,77.6,0,66,10:15:00
7.48,0.89,94.6,707.6,84.2,0,66,10:15:05
5.7,4.39,94,535.8,412.7,0,66,10:15:10
7.53,4.82,93.9,707.1,452.6,0,68,10:15:15
7.56,4.74,93.9,709.9,445.1,0,69,10:15:20
7.42,4.96,93.9,696.7,465.7,0,70,10:15:25
6.01,5.43,93.8,563.7,509.3,0,71,10:15:30
7.46,4.12,94,701.2,387.3,0,71,10:15:35
7.88,3.64,94,740.7,342.2,0,72,10:15:40
8.03,3.63,93.9,754,340.9,0,72,10:15:45
7.83,3.63,94,736,341.2,0,72,10:15:50
7.78,3.81,93.9,730.5,357.8,0,72,10:15:55
7.51,3.41,94.1,706.7,320.9,0,72,10:16:00
7.55,4.03,93.9,708.9,378.4,0,72,10:16:05
7.7,4.84,93.8,722.3,454,0,70,10:16:10
7.69,4.68,93.8,721.3,439,0,68,10:16:15
8.01,6.34,93.6,749.7,593.4,0,68,10:16:20
7.81,7.93,93.2,727.9,739.1,0,69,10:16:25
7.79,7.11,93.3,726.8,663.4,0,70,10:16:30
7.68,5.81,93.5,718.1,543.2,0,72,10:16:35
7.72,4.12,93.8,724.1,386.5,0,73,10:16:40
7.65,3.46,93.9,718.3,324.9,0,73,10:16:45
7.68,2.39,94.1,722.7,224.9,0,73,10:16:50
7.64,2.72,94.1,718.9,256,0,73,10:16:55
7.61,2.6,94.1,716.1,244.7,0,74,10:17:00
7.55,2,94.2,711.2,188.4,0,74,10:17:05
7.58,0.54,94.4,715.6,51,0,75,10:17:10
7.64,-0.77,94.6,722.7,-72.8,0,76,10:17:15
7.45,-1.17,94.8,706.3,-110.9,0,76,10:17:20
6.24,1.08,94.4,589.1,102,0,75,10:17:25
7.63,1.35,94.4,720.3,127.4,0,74,10:17:30
7.58,2.88,94.1,713.3,271,0,73,10:17:35
7.63,3.6,93.9,716.5,338,0,73,10:17:40
7.55,4.38,93.8,708.2,410.8,0,72,10:17:45
4.18,7.32,93.4,390.4,683.7,0,72,10:17:50
7.69,4.67,93.7,720.6,437.6,0,72,10:17:55
7.7,3.92,93.8,722.3,367.7,0,73,10:18:00
7.78,2.91,94,731.3,273.5,0,73,10:18:05
7.66,2.49,94.1,720.8,234.3,0,74,10:18:10
7.62,2.17,94.1,717,204.2,0,74,10:18:15
7.63,1.54,94.2,718.7,145.1,0,74,10:18:20
7.52,1.51,94.2,708.4,142.2,0,74,10:18:25
7.59,2.09,94.1,714.2,196.7,0,74,10:18:30
7.61,2.83,94,715.3,266,0,73,10:18:35
7.58,3.02,94,712.5,283.9,0,73,10:18:40
7.77,3.61,93.9,729.6,339,0,73,10:18:45
7.65,3.08,94,719.1,289.5,0,73,10:18:50
7.68,2.43,94,721.9,228.4,0,74,10:18:55
7.75,1.82,94.1,729.3,171.3,0,74,10:19:00
7.55,1.88,94.2,711.2,177.1,0,74,10:19:05
7.62,1.9,94.2,717.8,179,0,74,10:19:10
7.68,2.56,94.1,722.7,240.9,0,73,10:19:15
7.77,1.77,94.2,731.9,166.7,0,73,10:19:20
7.72,1.56,94.2,727.2,147,0,73,10:19:25
7.62,-0.06,94.5,720.1,-5.7,0,73,10:19:30
7.63,-0.08,94.5,721,-7.6,0,73,10:19:35
7.74,-0.55,94.6,732.2,-52,0,73,10:19:40
7.64,-0.28,94.5,722,-26.5,0,71,10:19:45
7.68,-0.3,94.6,726.5,-28.4,0,70,10:19:50
7.7,1.54,94.3,726.1,145.2,0,71,10:19:55
7.58,1.49,94.3,714.8,140.5,0,73,10:20:00
7.77,1.26,94.3,732.7,118.8,0,74,10:20:05
7.77,1.12,94.3,732.7,105.6,0,74,10:20:10
7.64,0.74,94.4,721.2,69.9,0,74,10:20:15
7.67,0.67,94.4,724,63.2,0,75,10:20:20
7.63,-0.16,94.5,721,-15.1,0,75,10:20:25
7.65,-1.13,94.7,724.5,-107,0,76,10:20:30
7.63,-1.21,94.7,722.6,-114.6,0,76,10:20:35
7.57,-0.89,94.7,716.9,-84.3,0,75,10:20:40
7.56,-1.28,94.7,715.9,-121.2,0,76,10:20:45
7.56,-1.66,94.8,716.7,-157.4,0,76,10:20:50
7.68,-0.48,94.6,726.5,-45.4,0,75,10:20:55
7.71,-0.48,94.6,729.4,-45.4,0,75,10:21:00
7.61,-0.96,94.7,720.7,-90.9,0,75,10:21:05
7.74,-0.66,94.7,733,-62.5,0,74,10:21:10
7.89,-1.56,94.8,748,-147.9,0,74,10:21:15
7.73,-1.26,94.7,732,-119.3,0,73,10:21:20
7.68,-1.19,94.8,728.1,-112.8,0,73,10:21:25
7.87,-2.54,95,747.7,-241.3,0,72,10:21:30
7.62,-2.33,95,723.9,-221.4,0,71,10:21:35
7.46,-2.19,94.9,708,-207.8,0,70,10:21:40
8.23,-2.89,95.1,782.7,-274.8,0,70,10:21:45
8.04,-2.75,95.1,764.6,-261.5,0,69,10:21:50
8.1,-2.8,95.2,771.1,-266.6,0,69,10:21:55
8.06,-2.73,95.1,766.5,-259.6,0,68,10:22:00
8.12,-2.85,95.1,772.2,-271,0,67,10:22:05
8.06,-2.75,95.1,766.5,-261.5,0,66,10:22:10
7.64,-1.23,95,725.8,-116.9,0,65,10:22:15
7.62,-1.24,94.9,723.1,-117.7,0,65,10:22:20
7.67,-0.68,94.8,727.1,-64.5,0,64,10:22:25
7.66,-0.23,94.8,726.2,-21.8,0,65,10:22:30
7.68,-0.2,94.7,727.3,-18.9,0,65,10:22:35
7.66,-0.05,94.6,724.6,-4.7,0,64,10:22:40
7.04,6.21,93.6,658.9,581.3,0,66,10:22:45
7.93,5.49,93.7,743,514.4,0,68,10:22:50
8.06,5.12,93.7,755.2,479.7,0,70,10:22:55
7.84,4.66,93.7,734.6,436.6,0,71,10:23:00
7.79,3.76,93.9,731.5,353.1,0,72,10:23:05
7.91,3.48,93.9,742.7,326.8,0,72,10:23:10
7.91,3.69,93.9,742.7,346.5,0,72,10:23:15
7.94,2.12,94.1,747.2,199.5,0,72,10:23:20
7.94,2.43,94.1,747.2,228.7,0,70,10:23:25
7.99,2.42,94,751.1,227.5,0,69,10:23:30
7.86,2.49,94.1,739.6,234.3,0,69,10:23:35
7.86,2.49,94.1,739.6,234.3,0,69,10:23:40
8.01,2.38,94,752.9,223.7,0,69,10:23:45
7.85,2.53,94,737.9,237.8,0,69,10:23:50
7.77,2.59,94,730.4,243.5,0,69,10:23:55
7.85,2.47,94.1,738.7,232.4,0,70,10:24:00
7.93,2.59,94,745.4,243.5,0,71,10:24:05
7.96,2.28,94,748.2,214.3,0,71,10:24:10
7.98,2.24,94.1,750.9,210.8,0,71,10:24:15
7.98,2.47,94,750.1,232.2,0,71,10:24:20
7.99,2.29,94.1,751.9,215.5,0,71,10:24:25
7.94,2.57,94,746.4,241.6,0,71,10:24:30
7.99,2.29,94.1,751.9,215.5,0,71,10:24:35
7.98,2.51,94,750.1,235.9,0,70,10:24:40
7.92,2.47,94,744.5,232.2,0,71,10:24:45
7.96,2.34,94,748.2,220,0,71,10:24:50
7.98,2.56,94,750.1,240.6,0,70,10:24:55
7.99,2.47,94,751.1,232.2,0,70,10:25:00
8.03,2.19,94,754.8,205.9,0,71,10:25:05
7.99,2.59,94,751.1,243.5,0,71,10:25:10
7.96,2.33,94.1,749,219.3,0,71,10:25:15
7.87,2.78,93.9,739,261,0,71,10:25:20
8.01,2.35,94,752.9,220.9,0,71,10:25:25
7.96,2.49,94,748.2,234.1,0,72,10:25:30
8.01,1.69,94.1,753.7,159,0,72,10:25:35
8.02,1.6,94.2,755.5,150.7,0,72,10:25:40
8,1.52,94.2,753.6,143.2,0,71,10:25:45
7.98,1.63,94.1,750.9,153.4,0,71,10:25:50
7.99,1.55,94.1,751.9,145.9,0,71,10:25:55
7.99,1.46,94.1,751.9,137.4,0,71,10:26:00
8,1.21,94.2,753.6,114,0,71,10:26:05
8,1.52,94.2,753.6,143.2,0,71,10:26:10
8.02,1.37,94.1,754.7,128.9,0,71,10:26:15
8.04,1.36,94.2,757.4,128.1,0,71,10:26:20
8.02,1.38,94.2,755.5,130,0,71,10:26:25
8.05,1.38,94.2,758.3,130,0,71,10:26:30
8.06,1.38,94.1,758.4,129.9,0,70,10:26:35
8.02,1.42,94.1,754.7,133.6,0,70,10:26:40
8.06,1.4,94.2,759.3,131.9,0,70,10:26:45
8.04,1.41,94.2,757.4,132.8,0,70,10:26:50
8.02,1.4,94.2,755.5,131.9,0,70,10:26:55
8.21,1.25,94.2,773.4,117.8,0,70,10:27:00
8.03,1.4,94.2,756.4,131.9,0,70,10:27:05
8.08,1.5,94.1,760.3,141.2,0,71,10:27:10
7.99,1.36,94.2,752.7,128.1,0,71,10:27:15
8.01,1.45,94.1,753.7,136.4,0,72,10:27:20
8.01,0.97,94.2,754.5,91.4,0,73,10:27:25
7.98,0.03,94.4,753.3,2.8,0,73,10:27:30
8.01,0.13,94.4,756.1,12.3,0,73,10:27:35
8.05,0.36,94.3,759.1,33.9,0,73,10:27:40
8.02,-0.38,94.5,757.9,-35.9,0,73,10:27:45
8.03,-0.34,94.5,758.8,-32.1,0,72,10:27:50
8.02,-0.75,94.5,757.9,-70.9,0,72,10:27:55
8.05,-0.5,94.5,760.7,-47.3,0,72,10:28:00
8.03,-0.59,94.5,758.8,-55.8,0,71,10:28:05
8.02,-0.58,94.5,757.9,-54.8,0,71,10:28:10
7.92,-0.51,94.5,748.4,-48.2,0,72,10:28:15
7.99,-0.36,94.5,755.1,-34,0,72,10:28:20
7.95,-0.28,94.5,751.3,-26.5,0,73,10:28:25
7.93,-1.7,94.7,751,-161,0,74,10:28:30
8.03,-1.68,94.7,760.4,-159.1,0,74,10:28:35
7.95,-1.5,94.7,752.9,-142.1,0,74,10:28:40
7.95,-1.58,94.8,753.7,-149.8,0,73,10:28:45
7.98,-1.55,94.7,755.7,-146.8,0,72,10:28:50
7.96,-1.38,94.7,753.8,-130.7,0,73,10:28:55
8.18,-1.95,94.8,775.5,-184.9,0,73,10:29:00
7.83,-1.26,94.7,741.5,-119.3,0,74,10:29:05
8.1,-1.64,94.7,767.1,-155.3,0,74,10:29:10
7.97,-1.88,94.8,755.6,-178.2,0,73,10:29:15
8.04,-1.65,94.8,762.2,-156.4,0,72,10:29:20
8.09,-1.71,94.8,766.9,-162.1,0,72,10:29:25
7.97,-1.56,94.8,755.6,-147.9,0,72,10:29:30
8.02,-1.66,94.8,760.3,-157.4,0,71,10:29:35
7.92,-1.53,94.8,750.8,-145,0,71,10:29:40
7.89,-1.46,94.8,748,-138.4,0,69,10:29:45
7.76,-1.37,94.8,735.6,-129.9,0,68,10:29:50
7.87,-1.5,94.8,746.1,-142.2,0,67,10:29:55
7.85,-1.46,94.8,744.2,-138.4,0,67,10:30:00
7.76,-1.41,94.8,735.6,-133.7,0,67,10:30:05
7.81,-1.45,94.8,740.4,-137.5,0,68,10:30:10
6.83,-0.62,94.7,646.8,-58.7,0,69,10:30:15
8.17,-1.77,94.9,775.3,-168,0,70,10:30:20
8.26,-1.84,94.9,783.9,-174.6,0,70,10:30:25
6.99,-0.71,94.6,661.3,-67.2,0,69,10:30:30
5.19,0.77,94.5,490.5,72.8,0,67,10:30:35
7.89,-1.59,94.8,748,-150.7,0,65,10:30:40
7.98,-1.68,94.8,756.5,-159.3,0,63,10:30:45
7.92,1.39,94.3,746.9,131.1,0,62,10:30:50
7.94,2.53,94.1,747.2,238.1,0,63,10:30:55
8.05,2.41,94.2,758.3,227,0,65,10:31:00
5.72,4.35,93.8,536.5,408,0,66,10:31:05
7.94,2.48,94,746.4,233.1,0,68,10:31:10
7.77,2.52,94,730.4,236.9,0,71,10:31:15
7.71,2.48,94,724.7,233.1,0,72,10:31:20
8.01,2.61,94,752.9,245.3,0,72,10:31:25
8.02,2.28,94.1,754.7,214.5,0,72,10:31:30
8.02,2.12,94.1,754.7,199.5,0,72,10:31:35
7.98,1.79,94.1,750.9,168.4,0,72,10:31:40
8.02,2.48,94,753.9,233.1,0,72,10:31:45
8.01,1.83,94.1,753.7,172.2,0,72,10:31:50
8.04,2.21,94,755.8,207.7,0,72,10:31:55
8.02,1.51,94.1,754.7,142.1,0,72,10:32:00
8.02,1.23,94.2,755.5,115.9,0,73,10:32:05
8.05,1.26,94.2,758.3,118.7,0,73,10:32:10
7.9,1.29,94.2,744.2,121.5,0,73,10:32:15
8.04,1.15,94.2,757.4,108.3,0,73,10:32:20
8.02,0.89,94.3,756.3,83.9,0,73,10:32:25
8.08,0.85,94.3,761.9,80.2,0,73,10:32:30
8.09,1.03,94.3,762.9,97.1,0,72,10:32:35
8.08,1.23,94.2,761.1,115.9,0,73,10:32:40
8.07,0.68,94.3,761,64.1,0,73,10:32:45
8.06,0.71,94.3,760.1,67,0,73,10:32:50
8.06,1.14,94.2,759.3,107.4,0,73,10:32:55
8.11,1.29,94.2,764,121.5,0,73,10:33:00
8.1,1.27,94.2,763,119.6,0,73,10:33:05
8.06,1.64,94.1,758.4,154.3,0,72,10:33:10
8.05,1.57,94.2,758.3,147.9,0,71,10:33:15
8.06,1.41,94.2,759.3,132.8,0,70,10:33:20
8.08,1.38,94.2,761.1,130,0,69,10:33:25
8.1,1.39,94.2,763,130.9,0,69,10:33:30
8.05,1.46,94.2,758.3,137.5,0,70,10:33:35
8.01,1.26,94.2,754.5,118.7,0,71,10:33:40
8.09,1.23,94.1,761.3,115.7,0,73,10:33:45
8.02,0.98,94.2,755.5,92.3,0,73,10:33:50
8.04,0.45,94.3,758.2,42.4,0,74,10:33:55
7.98,0.35,94.3,752.5,33,0,74,10:34:00
8,0.04,94.4,755.2,3.8,0,74,10:34:05
8.02,0.11,94.4,757.1,10.4,0,74,10:34:10
8.05,0.33,94.3,759.1,31.1,0,74,10:34:15
8.03,0.19,94.4,758,17.9,0,74,10:34:20
8,0.03,94.4,755.2,2.8,0,74,10:34:25
8.01,-0.98,94.5,756.9,-92.6,0,74,10:34:30
8,-2.54,94.8,758.4,-240.8,0,74,10:34:35
7.98,-3.81,95,758.1,-362,0,73,10:34:40
8.02,-3.83,95.1,762.7,-364.2,0,72,10:34:45
8,-3.55,95,760,-337.3,0,70,10:34:50
8.05,-2.69,95,764.8,-255.6,0,69,10:34:55
8.03,-2.7,95,762.9,-256.5,0,69,10:35:00
8.03,-2.69,95,762.9,-255.6,0,68,10:35:05
8.03,-2.69,95,762.9,-255.6,0,67,10:35:10
8.09,-0.57,94.6,765.3,-53.9,0,67,10:35:15
8.1,-0.63,94.6,766.3,-59.6,0,67,10:35:20
8.1,-0.67,94.6,766.3,-63.4,0,66,10:35:25
8.05,0.43,94.5,760.7,40.6,0,66,10:35:30
8.12,1.42,94.2,764.9,133.8,0,67,10:35:35
8.17,1.35,94.3,770.4,127.3,0,68,10:35:40
8.12,1.39,94.3,765.7,131.1,0,68,10:35:45
8.1,1.41,94.2,763,132.8,0,69,10:35:50
8.12,1.39,94.2,764.9,130.9,0,69,10:35:55
8.17,1.35,94.2,769.6,127.2,0,69,10:36:00
8.14,1.43,94.2,766.8,134.7,0,69,10:36:05
8.15,1.36,94.2,767.7,128.1,0,69,10:36:10
8.13,1.43,94.2,765.8,134.7,0,70,10:36:15
8.18,1.33,94.2,770.6,125.3,0,70,10:36:20
8.28,1.21,94.2,780,114,0,70,10:36:25
8.09,1.36,94.2,762.1,128.1,0,70,10:36:30
8.19,1.33,94.2,771.5,125.3,0,70,10:36:35
8.22,1.29,94.2,774.3,121.5,0,70,10:36:40
8.27,1.23,94.2,779,115.9,0,69,10:36:45
8.25,1.27,94.2,777.2,119.6,0,69,10:36:50
8.3,1.22,94.2,781.9,114.9,0,68,10:36:55
8.33,1.18,94.2,784.7,111.2,0,67,10:37:00
8.23,1.28,94.2,775.3,120.6,0,67,10:37:05
8.16,1.29,94.2,768.7,121.5,0,66,10:37:10
8.32,2.17,94,782.1,204,0,66,10:37:15
8.24,2.28,94,774.6,214.3,0,67,10:37:20
8.21,2.28,93.9,770.9,214.1,0,68,10:37:25
8.25,2.26,94,775.5,212.4,0,68,10:37:30
8.13,2.31,93.9,763.4,216.9,0,69,10:37:35
8.22,2.29,94,772.7,215.3,0,71,10:37:40
8.19,2.6,93.9,769,244.1,0,71,10:37:45
8.18,1.64,94.1,769.7,154.3,0,72,10:37:50
8.11,1.19,94.2,764,112.1,0,73,10:37:55
8.2,0.45,94.2,772.4,42.4,0,73,10:38:00
7.22,1.06,94.2,680.1,99.9,0,74,10:38:05
8.24,0.27,94.3,777,25.5,0,74,10:38:10
8.13,0.49,94.2,765.8,46.2,0,74,10:38:15
8.26,0.19,94.4,779.7,17.9,0,74,10:38:20
8.25,0,94.4,778.8,0,0,74,10:38:25
8.27,-0.16,94.4,780.7,-15.1,0,74,10:38:30
8.24,0.14,94.3,777,13.2,0,74,10:38:35
8.29,0.26,94.3,781.7,24.5,0,73,10:38:40
8.24,0.96,94.2,776.2,90.4,0,73,10:38:45
8.25,0.57,94.3,778,53.8,0,73,10:38:50
8.27,0.59,94.2,779,55.6,0,73,10:38:55
8.21,0.21,94.3,774.2,19.8,0,74,10:39:00
8.09,0.36,94.3,762.9,33.9,0,74,10:39:05
8.2,0.34,94.3,773.3,32.1,0,74,10:39:10
8.35,0.17,94.3,787.4,16,0,74,10:39:15
8.29,0.2,94.3,781.7,18.9,0,73,10:39:20
8.32,0.17,94.3,784.6,16,0,72,10:39:25
8.3,1.21,94.2,781.9,114,0,71,10:39:30
8.2,1.06,94.2,772.4,99.9,0,71,10:39:35
8.28,1.14,94.2,780,107.4,0,71,10:39:40
8.17,1.45,94.1,768.8,136.4,0,71,10:39:45
7.73,1.76,94,726.6,165.4,0,71,10:39:50
8.37,1.11,94.2,788.5,104.6,0,70,10:39:55
8.26,1.25,94.2,778.1,117.8,0,70,10:40:00
8.3,1.2,94.2,781.9,113,0,69,10:40:05
8.27,1.23,94.2,779,115.9,0,68,10:40:10
8.3,1.18,94.2,781.9,111.2,0,69,10:40:15
8.29,1.2,94.2,780.9,113,0,69,10:40:20
8.21,1.29,94.2,773.4,121.5,0,69,10:40:25
8.3,1.21,94.2,781.9,114,0,70,10:40:30
8.3,1.2,94.2,781.9,113,0,70,10:40:35
8.29,1.21,94.2,780.9,114,0,70,10:40:40
8.33,1.19,94.1,783.9,112,0,70,10:40:45
8.33,1.13,94.2,784.7,106.4,0,70,10:40:50
8.33,1.17,94.1,783.9,110.1,0,70,10:40:55
8.32,1.34,94.1,782.9,126.1,0,71,10:41:00
8.29,1.08,94.1,780.1,101.6,0,71,10:41:05
8.39,1.4,94.1,789.5,131.7,0,72,10:41:10
8.34,0.71,94.3,786.5,67,0,72,10:41:15
8.3,0.67,94.2,781.9,63.1,0,73,10:41:20
8.37,0.45,94.3,789.3,42.4,0,73,10:41:25
8.38,0.44,94.3,790.2,41.5,0,73,10:41:30
8.36,0.9,94.1,786.7,84.7,0,73,10:41:35
8.39,0.4,94.3,791.2,37.7,0,73,10:41:40
8.33,0.48,94.2,784.7,45.2,0,73,10:41:45
8.36,0.89,94.1,786.7,83.7,0,73,10:41:50
8.32,0.44,94.3,784.6,41.5,0,73,10:41:55
8.42,0.46,94.3,794,43.4,0,74,10:42:00
8.36,0.14,94.3,788.3,13.2,0,73,10:42:05
8.36,0.16,94.3,788.3,15.1,0,74,10:42:10
8.33,-0.12,94.3,785.5,-11.3,0,73,10:42:15
8.36,-0.3,94.4,789.2,-28.3,0,73,10:42:20
8.36,-0.36,94.4,789.2,-34,0,73,10:42:25
8.29,-0.14,94.3,781.7,-13.2,0,74,10:42:30
8.32,-1.32,94.5,786.2,-124.7,0,74,10:42:35
8.41,-1.93,94.7,796.4,-182.8,0,75,10:42:40
8.31,-2.29,94.8,787.8,-217.1,0,75,10:42:45
8.33,-2.61,94.8,789.7,-247.4,0,75,10:42:50
8.32,-2.51,94.8,788.7,-237.9,0,75,10:42:55
8.33,-1.95,94.7,788.9,-184.7,0,74,10:43:00
8.45,-1.86,94.7,800.2,-176.1,0,74,10:43:05
8.33,-2.06,94.8,789.7,-195.3,0,73,10:43:10
8.32,-2,94.8,788.7,-189.6,0,73,10:43:15
8.39,-1.99,94.7,794.5,-188.5,0,72,10:43:20
8.28,-1.87,94.7,784.1,-177.1,0,71,10:43:25
8.07,-1.68,94.7,764.2,-159.1,0,70,10:43:30
8.33,-1.89,94.8,789.7,-179.2,0,70,10:43:35
8.31,-1.89,94.8,787.8,-179.2,0,69,10:43:40
8.45,-2.05,94.8,801.1,-194.3,0,69,10:43:45
8.46,-2.01,94.8,802,-190.5,0,68,10:43:50
8.27,-1.87,94.7,783.2,-177.1,0,68,10:43:55
8.27,-1.15,94.7,783.2,-108.9,0,68,10:44:00
8.37,0.2,94.4,790.1,18.9,0,69,10:44:05
8.37,0.19,94.5,791,18,0,70,10:44:10
8.44,0.15,94.5,797.6,14.2,0,70,10:44:15
8.43,0.17,94.5,796.6,16.1,0,71,10:44:20
8.41,0.19,94.4,793.9,17.9,0,71,10:44:25
8.46,0.32,94.4,798.6,30.2,0,71,10:44:30
8.46,0.32,94.4,798.6,30.2,0,72,10:44:35
8.48,0.17,94.4,800.5,16,0,71,10:44:40
8.41,0.21,94.4,793.9,19.8,0,71,10:44:45
8.47,0.17,94.4,799.6,16,0,71,10:44:50
8.43,0.07,94.4,795.8,6.6,0,71,10:44:55
8.37,-0.05,94.4,790.1,-4.7,0,72,10:45:00
8.42,-0.23,94.4,794.8,-21.7,0,73,10:45:05
8.43,-1.06,94.6,797.5,-100.3,0,73,10:45:10
8.43,-0.96,94.5,796.6,-90.7,0,73,10:45:15
8.36,-1.92,94.7,791.7,-181.8,0,73,10:45:20
8.37,-1.75,94.7,792.6,-165.7,0,73,10:45:25
8.36,-2.15,94.8,792.5,-203.8,0,73,10:45:30
8.33,-1.74,94.7,788.9,-164.8,0,73,10:45:35
8.34,-2.08,94.8,790.6,-197.2,0,73,10:45:40
8.37,-1.82,94.7,792.6,-172.4,0,73,10:45:45
8.38,-1.86,94.7,793.6,-176.1,0,72,10:45:50
8.39,-1.01,94.6,793.7,-95.5,0,72,10:45:55
8.34,-0.78,94.6,789,-73.8,0,72,10:46:00
8.36,-0.82,94.6,790.9,-77.6,0,71,10:46:05
8.45,-0.91,94.6,799.4,-86.1,0,71,10:46:10
8.55,-1.01,94.6,808.8,-95.5,0,71,10:46:15
8.47,-0.97,94.6,801.3,-91.8,0,71,10:46:20
8.26,-0.76,94.5,780.6,-71.8,0,70,10:46:25
8.41,-0.9,94.6,795.6,-85.1,0,70,10:46:30
8.44,-0.94,94.6,798.4,-88.9,0,70,10:46:35
8.36,-0.86,94.6,790.9,-81.4,0,70,10:46:40
8.38,-0.87,94.6,792.7,-82.3,0,69,10:46:45
8.44,-0.92,94.6,798.4,-87,0,69,10:46:50
8.42,-0.92,94.6,796.5,-87,0,69,10:46:55
8.05,-0.59,94.6,761.5,-55.8,0,70,10:47:00
8.28,-0.81,94.6,783.3,-76.6,0,69,10:47:05
8.47,-0.97,94.6,801.3,-91.8,0,68,10:47:10
8.44,-0.92,94.6,798.4,-87,0,67,10:47:15
8.47,-0.98,94.6,801.3,-92.7,0,67,10:47:20
8.44,-0.9,94.6,798.4,-85.1,0,66,10:47:25
8.51,-1.02,94.6,805,-96.5,0,66,10:47:30
8.51,-0.99,94.6,805,-93.7,0,65,10:47:35
8.51,-0.94,94.6,805,-88.9,0,63,10:47:40
8.81,-1.28,94.7,834.3,-121.2,0,61,10:47:45
8.51,-1,94.6,805,-94.6,0,59,10:47:50
8.58,5.02,93.6,803.1,469.9,0,59,10:47:55
8.71,6.68,93.4,813.5,623.9,0,61,10:48:00
8.64,6.71,93.3,806.1,626,0,64,10:48:05
8.72,6.65,93.3,813.6,620.4,0,67,10:48:10
8.62,4.62,93.6,806.8,432.4,0,70,10:48:15
8.41,0.3,94.3,793.1,28.3,0,72,10:48:20
8.41,-1.19,94.6,795.6,-112.6,0,74,10:48:25
8.34,-3.52,94.9,791.5,-334,0,75,10:48:30
8.34,-3.59,95,792.3,-341.1,0,75,10:48:35
8.37,-3.2,94.9,794.3,-303.7,0,75,10:48:40
8.43,-3.17,94.9,800,-300.8,0,74,10:48:45
8.36,-2.89,94.9,793.4,-274.3,0,73,10:48:50
8.48,-3.13,95,805.6,-297.4,0,73,10:48:55
8.2,-2.88,95,779,-273.6,0,72,10:49:00
8.48,-3.11,95,805.6,-295.5,0,71,10:49:05
8.53,-2.06,94.9,809.5,-195.5,0,70,10:49:10
8.52,-2.07,94.9,808.5,-196.4,0,70,10:49:15
8.43,-0.86,94.6,797.5,-81.4,0,69,10:49:20
8.46,-0.94,94.6,800.3,-88.9,0,69,10:49:25
8.47,-0.96,94.6,801.3,-90.8,0,69,10:49:30
8.51,-0.97,94.6,805,-91.8,0,69,10:49:35
8.53,-0.97,94.6,806.9,-91.8,0,69,10:49:40
8.53,-0.99,94.6,806.9,-93.7,0,68,10:49:45
8.48,-0.94,94.6,802.2,-88.9,0,68,10:49:50
8.51,-0.99,94.6,805,-93.7,0,68,10:49:55
8.5,-0.96,94.6,804.1,-90.8,0,69,10:50:00
8.54,-1.01,94.6,807.9,-95.5,0,69,10:50:05
8.56,-1.04,94.6,809.8,-98.4,0,68,10:50:10
8.55,-0.99,94.6,808.8,-93.7,0,68,10:50:15
8.48,-0.95,94.6,802.2,-89.9,0,68,10:50:20
8.5,-0.95,94.6,804.1,-89.9,0,68,10:50:25
8.49,-0.96,94.6,803.2,-90.8,0,68,10:50:30
8.46,-0.97,94.6,800.3,-91.8,0,68,10:50:35
8.49,-0.96,94.6,803.2,-90.8,0,68,10:50:40
8.58,-1.02,94.6,811.7,-96.5,0,68,10:50:45
8.5,-0.98,94.6,804.1,-92.7,0,68,10:50:50
8.49,-0.95,94.6,803.2,-89.9,0,68,10:50:55
8.54,-0.99,94.6,807.9,-93.7,0,68,10:51:00
8.56,-1,94.6,809.8,-94.6,0,67,10:51:05
8.63,-1.08,94.6,816.4,-102.2,0,68,10:51:10
8.53,-0.98,94.7,807.8,-92.8,0,68,10:51:15
8.57,0.06,94.5,809.9,5.7,0,68,10:51:20
8.53,0.09,94.5,806.1,8.5,0,69,10:51:25
8.56,0.06,94.5,808.9,5.7,0,69,10:51:30
8.58,0.03,94.5,810.8,2.8,0,69,10:51:35
8.6,-0.01,94.5,812.7,-0.9,0,70,10:51:40
8.6,0.02,94.5,812.7,1.9,0,70,10:51:45
8.6,0.05,94.5,812.7,4.7,0,70,10:51:50
8.61,0.02,94.5,813.6,1.9,0,70,10:51:55
8.62,0.03,94.5,814.6,2.8,0,70,10:52:00
8.66,-0.03,94.5,818.4,-2.8,0,70,10:52:05
8.56,0.06,94.5,808.9,5.7,0,70,10:52:10
8.6,0.05,94.5,812.7,4.7,0,70,10:52:15
8.63,0.02,94.5,815.5,1.9,0,70,10:52:20
8.56,0.05,94.5,808.9,4.7,0,70,10:52:25
8.34,0.25,94.5,788.1,23.6,0,70,10:52:30
8.45,0.13,94.5,798.5,12.3,0,70,10:52:35
8.68,-0.07,94.5,820.3,-6.6,0,69,10:52:40
8.71,-0.11,94.5,823.1,-10.4,0,68,10:52:45
8.59,-0.01,94.5,811.8,-0.9,0,67,10:52:50
8.55,0.02,94.5,808,1.9,0,67,10:52:55
8.66,-0.07,94.5,818.4,-6.6,0,68,10:53:00
8.64,-0.05,94.5,816.5,-4.7,0,68,10:53:05
8.64,-0.01,94.5,816.5,-0.9,0,69,10:53:10
8.67,-0.05,94.5,819.3,-4.7,0,69,10:53:15
8.69,-0.06,94.5,821.2,-5.7,0,69,10:53:20
8.78,1.84,94.2,827.1,173.3,0,70,10:53:25
8.69,2.05,94.1,817.7,192.9,0,71,10:53:30
8.7,1.65,94.2,819.5,155.4,0,72,10:53:35
8.74,1.92,94.1,822.4,180.7,0,72,10:53:40
8.63,1.45,94.2,812.9,136.6,0,73,10:53:45
8.61,1.13,94.2,811.1,106.4,0,73,10:53:50
8.69,0.84,94.2,818.6,79.1,0,74,10:53:55
8.68,0.56,94.3,818.5,52.8,0,74,10:54:00
8.65,-0.78,94.6,818.3,-73.8,0,74,10:54:05
8.7,-0.9,94.6,823,-85.1,0,74,10:54:10
8.74,-0.83,94.6,826.8,-78.5,0,74,10:54:15
8.67,-1.4,94.7,821,-132.6,0,74,10:54:20
8.41,-1.28,94.7,796.4,-121.2,0,74,10:54:25
8.53,-0.79,94.6,806.9,-74.7,0,73,10:54:30
8.65,-1.1,94.7,819.2,-104.2,0,72,10:54:35
8.71,-1.14,94.7,824.8,-108,0,72,10:54:40
8.73,-1.2,94.7,826.7,-113.6,0,71,10:54:45
8.72,-1.23,94.7,825.8,-116.5,0,71,10:54:50
8.73,-1.22,94.7,826.7,-115.5,0,70,10:54:55
8.75,-1.27,94.7,828.6,-120.3,0,70,10:55:00
8.7,-1.24,94.7,823.9,-117.4,0,69,10:55:05
8.75,-1.26,94.8,829.5,-119.4,0,68,10:55:10
8.7,-1.19,94.7,823.9,-112.7,0,67,10:55:15
8.74,-1.23,94.6,826.8,-116.4,0,67,10:55:20
8.71,0.87,94.4,822.2,82.1,0,68,10:55:25
8.73,0.88,94.4,824.1,83.1,0,68,10:55:30
8.77,1.82,94.2,826.1,171.4,0,68,10:55:35
8.71,1.88,94.2,820.5,177.1,0,69,10:55:40
8.52,2.13,94.1,801.7,200.4,0,70,10:55:45
8.66,1.98,94.1,814.9,186.3,0,70,10:55:50
8.77,1.8,94.2,826.1,169.6,0,70,10:55:55
8.74,1.67,94.2,823.3,157.3,0,71,10:56:00
8.81,2.01,94.1,829,189.1,0,71,10:56:05
8.74,2.16,94.1,822.4,203.3,0,71,10:56:10
8.64,2.17,94.1,813,204.2,0,71,10:56:15
8.76,1.94,94.1,824.3,182.6,0,72,10:56:20
8.63,1.48,94.2,812.9,139.4,0,72,10:56:25
8.67,1.56,94.2,816.7,147,0,73,10:56:30
8.66,0.75,94.3,816.6,70.7,0,73,10:56:35
8.77,-0.67,94.5,828.8,-63.3,0,73,10:56:40
8.75,-0.11,94.4,826,-10.4,0,73,10:56:45
8.94,-0.81,94.6,845.7,-76.6,0,73,10:56:50
8.65,-0.26,94.5,817.4,-24.6,0,73,10:56:55
8.84,-0.82,94.6,836.3,-77.6,0,74,10:57:00
8.72,-0.47,94.5,824,-44.4,0,73,10:57:05
8.86,-0.4,94.5,837.3,-37.8,0,73,10:57:10
8.97,-0.47,94.5,847.7,-44.4,0,73,10:57:15
8.81,-1.45,94.7,834.3,-137.3,0,73,10:57:20
8.93,-1.39,94.7,845.7,-131.6,0,72,10:57:25
9.02,-1.54,94.7,854.2,-145.8,0,72,10:57:30
8.99,-1.49,94.7,851.4,-141.1,0,71,10:57:35
8.95,-1.45,94.7,847.6,-137.3,0,71,10:57:40
9.05,-1.51,94.7,857,-143,0,71,10:57:45
8.99,-1.5,94.8,852.3,-142.2,0,71,10:57:50
9.11,-1.59,94.7,862.7,-150.6,0,70,10:57:55
9.13,-1.65,94.8,865.5,-156.4,0,70,10:58:00
9.16,-1.66,94.8,868.4,-157.4,0,70,10:58:05
9.06,-1.55,94.8,858.9,-146.9,0,71,10:58:10
9.21,-1.69,94.8,873.1,-160.2,0,71,10:58:15
9.26,-1.73,94.8,877.8,-164,0,71,10:58:20
9.14,-1.65,94.8,866.5,-156.4,0,71,10:58:25
9.16,-1.65,94.8,868.4,-156.4,0,71,10:58:30
9.17,-1.67,94.8,869.3,-158.3,0,71,10:58:35
9.19,-1.66,94.9,872.1,-157.5,0,71,10:58:40
9.2,-1.69,94.8,872.2,-160.2,0,71,10:58:45
9.24,-1.69,94.8,876,-160.2,0,71,10:58:50
9.33,-1.81,94.8,884.5,-171.6,0,70,10:58:55
9.29,-1.79,94.9,881.6,-169.9,0,70,10:59:00
9.34,-1.83,94.9,886.4,-173.7,0,69,10:59:05
9.38,-1.89,94.9,890.2,-179.4,0,69,10:59:10
9.39,-1.89,94.9,891.1,-179.4,0,68,10:59:15
9.39,-1.91,94.9,891.1,-181.3,0,68,10:59:20
9.38,-1.85,94.9,890.2,-175.6,0,67,10:59:25
9.36,-1.85,95,889.2,-175.8,0,67,10:59:30
9.38,-1.86,94.9,890.2,-176.5,0,67,10:59:35
9.41,-1.9,94.9,893,-180.3,0,67,10:59:40
9.35,-1.85,95,888.3,-175.8,0,66,10:59:45
9.39,-1.89,95,892.1,-179.6,0,66,10:59:50
9.3,-1.79,94.9,882.6,-169.9,0,66,10:59:55
9.39,-1.65,94.9,891.1,-156.6,0,66,11:00:00
9.45,1.2,94.5,893,113.4,0,66,11:00:05
9.49,2.16,94.2,894,203.5,0,67,11:00:10
9.48,2.18,94.2,893,205.4,0,68,11:00:15
9.48,2.19,94.2,893,206.3,0,69,11:00:20
9.47,2.09,94.2,892.1,196.9,0,70,11:00:25
9.45,2.02,94.2,890.2,190.3,0,71,11:00:30
9.48,1.78,94.2,893,167.7,0,71,11:00:35
9.55,1.56,94.2,899.6,147,0,72,11:00:40
9.51,1.77,94.2,895.8,166.7,0,72,11:00:45
9.52,1.68,94.2,896.8,158.3,0,72,11:00:50
9.36,-5.67,95.3,892,-540.4,0,72,11:00:55
9.45,-2.97,95,897.8,-282.2,0,71,11:01:00
9.48,-1.93,94.9,899.7,-183.2,0,70,11:01:05
9.28,-1.72,94.8,879.7,-163.1,0,70,11:01:10
9.17,-1.65,94.8,869.3,-156.4,0,69,11:01:15
9.23,-1.71,94.8,875,-162.1,0,69,11:01:20
9.2,-1.65,94.8,872.2,-156.4,0,69,11:01:25
9.39,-1.84,95,892.1,-174.8,0,68,11:01:30
9.24,-1.71,94.9,876.9,-162.3,0,68,11:01:35
9.36,-1.82,94.9,888.3,-172.7,0,68,11:01:40
9.23,-1.73,94.9,875.9,-164.2,0,67,11:01:45
9.15,-1.62,94.9,868.3,-153.7,0,67,11:01:50
9.09,-1.57,94.8,861.7,-148.8,0,66,11:01:55
8.94,-1.46,94.8,847.5,-138.4,0,66,11:02:00
8.65,-1.16,94.8,820,-110,0,67,11:02:05
8.94,-1.46,94.9,848.4,-138.6,0,66,11:02:10
9.07,-1.58,94.9,860.7,-149.9,0,66,11:02:15
9.14,-1.67,94.9,867.4,-158.5,0,66,11:02:20
9.41,1.23,94.4,888.3,116.1,0,67,11:02:25
9.2,1.44,94.3,867.6,135.8,0,68,11:02:30
9.42,1.22,94.4,889.2,115.2,0,68,11:02:35
9.45,1.23,94.4,892.1,116.1,0,69,11:02:40
9.43,1.23,94.3,889.2,116,0,69,11:02:45
9.45,1.25,94.3,891.1,117.9,0,70,11:02:50
9.21,1.47,94.2,867.6,138.5,0,70,11:02:55
9.4,1.45,94.3,886.4,136.7,0,71,11:03:00
9.43,1.13,94.3,889.2,106.6,0,71,11:03:05
9.47,1.08,94.3,893,101.8,0,71,11:03:10
8.4,2.13,94.1,790.4,200.4,0,72,11:03:15
9.27,1.34,94.3,874.2,126.4,0,72,11:03:20
9.33,1.24,94.2,878.9,116.8,0,72,11:03:25
9.53,1.46,94.2,897.7,137.5,0,71,11:03:30
9.56,4.26,93.8,896.7,399.6,0,70,11:03:35
9.63,4.79,93.6,901.4,448.3,0,69,11:03:40
9.57,4.97,93.6,895.8,465.2,0,69,11:03:45
9.65,4.9,93.6,903.2,458.6,0,67,11:03:50
9.54,4.98,93.6,892.9,466.1,0,67,11:03:55
9.6,4.96,93.6,898.6,464.3,0,67,11:04:00
9.65,4.91,93.6,903.2,459.6,0,67,11:04:05
9.69,4.84,93.6,907,453,0,67,11:04:10
9.63,4.91,93.5,900.4,459.1,0,68,11:04:15
9.6,4.83,93.5,897.6,451.6,0,68,11:04:20
9.67,4.87,93.5,904.1,455.3,0,69,11:04:25
9.75,4.92,93.5,911.6,460,0,69,11:04:30
9.56,4.77,93.5,893.9,446,0,69,11:04:35
9.67,4.85,93.5,904.1,453.5,0,69,11:04:40
9.71,4.92,93.5,907.9,460,0,68,11:04:45
9.62,4.91,93.4,898.5,458.6,0,68,11:04:50
9.61,4.98,93.4,897.6,465.1,0,68,11:04:55
9.64,4.66,93.5,901.3,435.7,0,70,11:05:00
9.41,3.86,93.6,880.8,361.3,0,71,11:05:05
9.59,2.76,93.7,898.6,258.6,0,72,11:05:10
9.47,1.82,93.9,889.2,170.9,0,73,11:05:15
9.52,1.5,94,894.9,141,0,73,11:05:20
9.58,1.79,93.9,899.6,168.1,0,73,11:05:25
9.23,2.65,93.8,865.8,248.6,0,73,11:05:30
9.51,2.09,93.9,893,196.3,0,73,11:05:35
9.48,1.31,94,891.1,123.1,0,73,11:05:40
9.46,0.98,94.1,890.2,92.2,0,73,11:05:45
9.41,0.46,94.2,886.4,43.3,0,74,11:05:50
9.45,0.21,94.3,891.1,19.8,0,74,11:05:55
9.47,0.26,94.2,892.1,24.5,0,74,11:06:00
9.45,-0.55,94.3,891.1,-51.9,0,74,11:06:05
9.26,-0.91,94.5,875.1,-86,0,75,11:06:10
9.4,-0.63,94.4,887.4,-59.5,0,75,11:06:15
9.37,-0.34,94.4,884.5,-32.1,0,75,11:06:20
9.44,-0.53,94.4,891.1,-50,0,74,11:06:25
9.47,0.09,94.3,893,8.5,0,74,11:06:30
9.55,0.15,94.3,900.6,14.1,0,73,11:06:35
9.25,1.14,94.1,870.4,107.3,0,73,11:06:40
9.35,1.1,94.2,880.8,103.6,0,73,11:06:45
9.47,1.06,94.2,892.1,99.9,0,72,11:06:50
9.49,1.59,94.1,893,149.6,0,72,11:06:55
9.54,1.62,94,896.8,152.3,0,72,11:07:00
9.49,2.08,93.9,891.1,195.3,0,72,11:07:05
9.29,1.3,94.1,874.2,122.3,0,73,11:07:10
9.28,0.44,94.3,875.1,41.5,0,74,11:07:15
9.41,-0.31,94.3,887.4,-29.2,0,74,11:07:20
9.31,-1.81,94.6,880.7,-171.2,0,75,11:07:25
9.28,-3.02,94.8,879.7,-286.3,0,76,11:07:30
9.16,-3.12,94.8,868.4,-295.8,0,76,11:07:35
9.23,-3.38,94.9,875.9,-320.8,0,76,11:07:40
9.17,-4.51,95.1,872.1,-428.9,0,77,11:07:45
9.27,-4.36,95.1,881.6,-414.6,0,77,11:07:50
9.39,-2.74,94.8,890.2,-259.8,0,76,11:07:55
9.4,-1.61,94.7,890.2,-152.5,0,75,11:08:00
9.34,-0.9,94.6,883.6,-85.1,0,74,11:08:05
9.42,-0.87,94.6,891.1,-82.3,0,74,11:08:10
9.45,-0.54,94.5,893,-51,0,73,11:08:15
9.6,-0.92,94.6,908.2,-87,0,71,11:08:20
9.56,-0.91,94.5,903.4,-86,0,69,11:08:25
9.52,-0.82,94.5,899.6,-77.5,0,68,11:08:30
9.56,-0.9,94.6,904.4,-85.1,0,67,11:08:35
9.27,-0.66,94.5,876,-62.4,0,67,11:08:40
9.58,-0.95,94.6,906.3,-89.9,0,67,11:08:45
9.29,-0.65,94.5,877.9,-61.4,0,67,11:08:50
9.45,-0.86,94.6,894,-81.4,0,67,11:08:55
9.38,-0.76,94.5,886.4,-71.8,0,67,11:09:00
9.43,-0.79,94.5,891.1,-74.7,0,67,11:09:05
9.35,-0.72,94.6,884.5,-68.1,0,67,11:09:10
9.34,-0.7,94.6,883.6,-66.2,0,67,11:09:15
9.5,-0.84,94.5,897.8,-79.4,0,68,11:09:20
9.46,-0.83,94.6,894.9,-78.5,0,68,11:09:25
9.52,-0.9,94.6,900.6,-85.1,0,67,11:09:30
9.44,-0.82,94.5,892.1,-77.5,0,67,11:09:35
9.47,-0.83,94.6,895.9,-78.5,0,67,11:09:40
9.47,-0.86,94.6,895.9,-81.4,0,66,11:09:45
9.48,-0.84,94.5,895.9,-79.4,0,66,11:09:50
9.32,-0.75,94.6,881.7,-71,0,66,11:09:55
9.41,-0.84,94.6,890.2,-79.5,0,66,11:10:00
9.5,0,94.4,896.8,0,0,67,11:10:05
9.44,-0.84,94.6,893,-79.5,0,67,11:10:10
9.55,-0.93,94.6,903.4,-88,0,68,11:10:15
9.46,-0.84,94.5,894,-79.4,0,68,11:10:20
9.37,-0.76,94.5,885.5,-71.8,0,69,11:10:25
9.35,-0.77,94.5,883.6,-72.8,0,70,11:10:30
9.41,-0.73,94.5,889.2,-69,0,71,11:10:35
9.56,-0.61,94.5,903.4,-57.6,0,72,11:10:40
9.35,-2.77,94.9,887.3,-262.9,0,73,11:10:45
9.47,-2.02,94.8,897.8,-191.5,0,74,11:10:50
9.44,-2.26,94.8,894.9,-214.2,0,74,11:10:55
9.43,-2.16,94.8,894,-204.8,0,74,11:11:00
9.59,-2.19,94.9,910.1,-207.8,0,73,11:11:05
9.57,-1.78,94.8,907.2,-168.7,0,73,11:11:10
9.55,-1.78,94.8,905.3,-168.7,0,73,11:11:15
9.53,-1.74,94.8,903.4,-165,0,73,11:11:20
9.4,-4.05,95.2,894.9,-385.6,0,73,11:11:25
9.41,-6.27,95.5,898.7,-598.8,0,73,11:11:30
9.4,-6.25,95.5,897.7,-596.9,0,71,11:11:35
9.51,-6.38,95.6,909.2,-609.9,0,70,11:11:40
9.29,-6.18,95.6,888.1,-590.8,0,69,11:11:45
9.28,-6.17,95.6,887.2,-589.9,0,69,11:11:50
9.2,-6.1,95.6,879.5,-583.2,0,69,11:11:55
9.3,-6.18,95.6,889.1,-590.8,0,70,11:12:00
9.29,-6.2,95.6,888.1,-592.7,0,70,11:12:05
9.17,-6.08,95.6,876.7,-581.2,0,70,11:12:10
9.25,-6.14,95.6,884.3,-587,0,69,11:12:15
9.27,-6.18,95.6,886.2,-590.8,0,68,11:12:20
9.3,-6.23,95.7,890,-596.2,0,66,11:12:25
9.3,-3.81,95.3,886.3,-363.1,0,64,11:12:30
9.33,-0.68,94.8,884.5,-64.5,0,65,11:12:35
9.39,-0.76,94.9,891.1,-72.1,0,65,11:12:40
9.2,2.41,94.3,867.6,227.3,0,65,11:12:45
9.26,2.41,94.2,872.3,227,0,66,11:12:50
9.12,2.5,94.2,859.1,235.5,0,67,11:12:55
9.29,2.35,94.2,875.1,221.4,0,69,11:13:00
9.27,2.12,94.3,874.2,199.9,0,71,11:13:05
9.13,1.47,94.3,861,138.6,0,74,11:13:10
8.96,-1.71,94.8,849.4,-162.1,0,76,11:13:15
8.91,-4.9,95.3,849.1,-467,0,78,11:13:20
8.81,-8.05,95.8,844,-771.2,0,79,11:13:25
9.04,-8.22,95.9,866.9,-788.3,0,79,11:13:30
9.27,-6.34,95.6,886.2,-606.1,0,78,11:13:35
9.44,-3.36,95.2,898.7,-319.9,0,77,11:13:40
8.94,-1.07,94.9,848.4,-101.5,0,75,11:13:45
9.21,-0.17,94.7,872.2,-16.1,0,75,11:13:50
9.12,0.33,94.6,862.8,31.2,0,74,11:13:55
9.1,0.75,94.5,860,70.9,0,74,11:14:00
9.09,1.73,94.3,857.2,163.1,0,74,11:14:05
9.22,3.46,94.1,867.6,325.6,0,72,11:14:10
9.31,6.72,93.5,870.5,628.3,0,70,11:14:15
9.41,10.05,92.9,874.2,933.6,0,68,11:14:20
9.39,11.11,92.7,870.5,1029.9,0,68,11:14:25
9.4,9.82,92.9,873.3,912.3,0,68,11:14:30
9.31,8.43,93,865.8,784,0,69,11:14:35
9.34,7.17,93.2,870.5,668.2,0,70,11:14:40
9.21,5.03,93.5,861.1,470.3,0,71,11:14:45
9.18,3.59,93.8,861.1,336.7,0,72,11:14:50
9.15,2.42,94,860.1,227.5,0,73,11:14:55
9.15,2.03,94,860.1,190.8,0,73,11:15:00
8.99,-3.15,94.9,853.2,-298.9,0,73,11:15:05
9,-3.72,95,855,-353.4,0,71,11:15:10
8.97,-3.65,95,852.2,-346.8,0,70,11:15:15
9.04,-3.75,95,858.8,-356.3,0,68,11:15:20
8.99,-1.79,94.7,851.4,-169.5,0,66,11:15:25
9.04,0.57,94.5,854.3,53.9,0,67,11:15:30
9.05,0.55,94.4,854.3,51.9,0,67,11:15:35
9.05,0.53,94.4,854.3,50,0,67,11:15:40
8.99,0.59,94.4,848.7,55.7,0,67,11:15:45
9.02,0.59,94.4,851.5,55.7,0,66,11:15:50
8.99,1.56,94.2,846.9,147,0,65,11:15:55
9.06,1.48,94.2,853.5,139.4,0,65,11:16:00
9.15,1.39,94.2,861.9,130.9,0,64,11:16:05
9.07,1.48,94.2,854.4,139.4,0,63,11:16:10
9.11,1.38,94.2,858.2,130,0,63,11:16:15
9.14,1.45,94.2,861,136.6,0,62,11:16:20
9.18,3.36,93.9,862,315.5,0,62,11:16:25
9.26,3.32,93.9,869.5,311.7,0,62,11:16:30
9.24,3.26,93.9,867.6,306.1,0,63,11:16:35
9.12,3.39,93.9,856.4,318.3,0,65,11:16:40
9.19,3.34,93.9,862.9,313.6,0,67,11:16:45
9.15,3.38,93.8,858.3,317,0,68,11:16:50
9.18,3.35,93.8,861.1,314.2,0,69,11:16:55
9.11,3.49,93.7,853.6,327,0,70,11:17:00
8.99,3.5,93.8,843.3,328.3,0,69,11:17:05
9.24,3.31,93.8,866.7,310.5,0,68,11:17:10
9.22,3.29,93.8,864.8,308.6,0,68,11:17:15
9.19,3.35,93.7,861.1,313.9,0,68,11:17:20
9.29,3.23,93.8,871.4,303,0,70,11:17:25
9.2,2.5,93.9,863.9,234.8,0,71,11:17:30
9.2,0.52,94.2,866.6,49,0,73,11:17:35
9.22,0.59,94.2,868.5,55.6,0,73,11:17:40
9.16,0.27,94.2,862.9,25.4,0,74,11:17:45
9.12,0.15,94.3,860,14.1,0,74,11:17:50
9.11,0,94.3,859.1,0,0,74,11:17:55
9.1,0.1,94.3,858.1,9.4,0,74,11:18:00
9.14,0.02,94.3,861.9,1.9,0,74,11:18:05
9.08,-0.07,94.4,857.2,-6.6,0,74,11:18:10
9.04,-0.63,94.5,854.3,-59.5,0,74,11:18:15
9.09,-0.23,94.4,858.1,-21.7,0,73,11:18:20
9.14,-0.05,94.3,861.9,-4.7,0,73,11:18:25
9.16,0.41,94.3,863.8,38.7,0,73,11:18:30
9.09,0.64,94.3,857.2,60.4,0,72,11:18:35
9.11,0.45,94.3,859.1,42.4,0,72,11:18:40
9.17,0.17,94.3,864.7,16,0,72,11:18:45
9.17,0.03,94.4,865.6,2.8,0,72,11:18:50
9.12,0.42,94.3,860,39.6,0,72,11:18:55
9,0.73,94.3,848.7,68.8,0,72,11:19:00
9.13,0.55,94.3,861,51.9,0,72,11:19:05
9.12,0.07,94.3,860,6.6,0,72,11:19:10
9.03,-0.75,94.5,853.3,-70.9,0,72,11:19:15
9.25,-0.61,94.5,874.1,-57.6,0,72,11:19:20
9.21,-0.41,94.4,869.4,-38.7,0,72,11:19:25
9.14,-0.84,94.5,863.7,-79.4,0,72,11:19:30
9.02,-0.55,94.4,851.5,-51.9,0,71,11:19:35
9.19,-0.64,94.5,868.5,-60.5,0,71,11:19:40
9.19,-0.64,94.5,868.5,-60.5,0,71,11:19:45
9.21,-0.64,94.5,870.3,-60.5,0,71,11:19:50
9.13,-0.56,94.5,862.8,-52.9,0,70,11:19:55
9.15,-0.58,94.5,864.7,-54.8,0,70,11:20:00
9.17,-0.61,94.5,866.6,-57.6,0,70,11:20:05
9.15,-0.63,94.5,864.7,-59.5,0,70,11:20:10
9.2,-0.66,94.5,869.4,-62.4,0,70,11:20:15
9.12,-0.56,94.5,861.8,-52.9,0,70,11:20:20
9.15,-0.62,94.5,864.7,-58.6,0,69,11:20:25
7.08,1.1,94.3,667.6,103.7,0,69,11:20:30
7.09,1.13,94.2,667.9,106.4,0,68,11:20:35
7.14,1.1,94.2,672.6,103.6,0,68,11:20:40
7.09,1.12,94.2,667.9,105.5,0,67,11:20:45
7.05,1.17,94.2,664.1,110.2,0,67,11:20:50
7.13,1.11,94.2,671.6,104.6,0,68,11:20:55
7.21,1.02,94.2,679.2,96.1,0,69,11:21:00
7.07,1.15,94.2,666,108.3,0,69,11:21:05
7.12,1.14,94.2,670.7,107.4,0,70,11:21:10
7.09,1.19,94.2,667.9,112.1,0,71,11:21:15
7.11,1.32,94.1,669.1,124.2,0,72,11:21:20
7.15,1.3,94.2,673.5,122.5,0,72,11:21:25
7.07,0.89,94.3,666.7,83.9,0,72,11:21:30
7.05,1.27,94.1,663.4,119.5,0,72,11:21:35
7.09,1.35,94.1,667.2,127,0,72,11:21:40
7.09,1.17,94.1,667.2,110.1,0,71,11:21:45
7.11,1.06,94.2,669.8,99.9,0,71,11:21:50
7.12,1.02,94.2,670.7,96.1,0,71,11:21:55
7.18,1.05,94.2,676.4,98.9,0,71,11:22:00
7.1,1.16,94.2,668.8,109.3,0,70,11:22:05
7.13,1.1,94.2,671.6,103.6,0,70,11:22:10
7.08,1.16,94.2,666.9,109.3,0,69,11:22:15
7.11,1.1,94.2,669.8,103.6,0,69,11:22:20
7.07,1.15,94.2,666,108.3,0,69,11:22:25
7.13,1.1,94.2,671.6,103.6,0,69,11:22:30
7.11,1.09,94.2,669.8,102.7,0,68,11:22:35
7.15,1.1,94.2,673.5,103.6,0,68,11:22:40
7.12,1.11,94.2,670.7,104.6,0,68,11:22:45
7.13,1.12,94.2,671.6,105.5,0,67,11:22:50
7.13,1.11,94.2,671.6,104.6,0,67,11:22:55
7.11,1.15,94.2,669.8,108.3,0,67,11:23:00
7.11,1.17,94.1,669.1,110.1,0,66,11:23:05
7.15,1.12,94.2,673.5,105.5,0,66,11:23:10
7.14,1.41,94.1,671.9,132.7,0,66,11:23:15
7.14,3.09,93.9,670.4,290.2,0,66,11:23:20
7.2,3.04,93.8,675.4,285.2,0,67,11:23:25
7.17,3.64,93.7,671.8,341.1,0,67,11:23:30
7.24,3.97,93.6,677.7,371.6,0,68,11:23:35
7.21,4.05,93.6,674.9,379.1,0,69,11:23:40
7.24,3.03,93.7,678.4,283.9,0,70,11:23:45
7.17,2.58,93.8,672.5,242,0,72,11:23:50
7.15,2.27,93.9,671.4,213.2,0,73,11:23:55
7.18,0.78,94.1,675.6,73.4,0,74,11:24:00
7.15,-0.73,94.3,674.2,-68.8,0,75,11:24:05
7.11,-1.46,94.5,671.9,-138,0,75,11:24:10
7.06,-2.22,94.6,667.9,-210,0,75,11:24:15
7.15,-2.25,94.7,677.1,-213.1,0,75,11:24:20
7.08,-2.26,94.7,670.5,-214,0,75,11:24:25
7.09,-2.3,94.7,671.4,-217.8,0,75,11:24:30
7.11,-2.39,94.8,674,-226.6,0,75,11:24:35
7.05,-2.47,94.7,667.6,-233.9,0,75,11:24:40
7.07,-2.25,94.7,669.5,-213.1,0,75,11:24:45
7.07,-2.04,94.7,669.5,-193.2,0,75,11:24:50
7.09,-1.95,94.7,671.4,-184.7,0,74,11:24:55
7.04,-1.79,94.7,666.7,-169.5,0,73,11:25:00
7.11,-1.88,94.7,673.3,-178,0,73,11:25:05
7.13,-1.86,94.6,674.5,-176,0,72,11:25:10
7.14,-1.9,94.7,676.2,-179.9,0,71,11:25:15
7.1,-1.88,94.7,672.4,-178,0,71,11:25:20
7.24,-1.99,94.7,685.6,-188.5,0,70,11:25:25
7.08,-1.87,94.7,670.5,-177.1,0,69,11:25:30
7.13,-1.9,94.8,675.9,-180.1,0,68,11:25:35
7.06,-1.78,94.6,667.9,-168.4,0,68,11:25:40
7.16,0.46,94.4,675.9,43.4,0,68,11:25:45
7.16,1.19,94.2,674.5,112.1,0,69,11:25:50
7.16,1.2,94.2,674.5,113,0,70,11:25:55
7.23,1.21,94.2,681.1,114,0,71,11:26:00
7.28,1.29,94.2,685.8,121.5,0,72,11:26:05
7.28,0.83,94.2,685.8,78.2,0,72,11:26:10
7.27,0.99,94.2,684.8,93.3,0,72,11:26:15
7.24,1.36,94.1,681.3,128,0,72,11:26:20
7.19,0.91,94.2,677.3,85.7,0,72,11:26:25
7.21,1.39,94.1,678.5,130.8,0,72,11:26:30
7.24,1.26,94.1,681.3,118.6,0,71,11:26:35
7.23,1.3,94.1,680.3,122.3,0,71,11:26:40
7.2,1.16,94.2,678.2,109.3,0,71,11:26:45
7.22,1.2,94.2,680.1,113,0,70,11:26:50
7.18,1.15,94.2,676.4,108.3,0,70,11:26:55
7.17,1.16,94.2,675.4,109.3,0,70,11:27:00
7.24,1.07,94.2,682,100.8,0,70,11:27:05
7.19,1.13,94.2,677.3,106.4,0,70,11:27:10
7.18,1.14,94.2,676.4,107.4,0,70,11:27:15
7.24,1.09,94.2,682,102.7,0,70,11:27:20
7.27,1.08,94.2,684.8,101.7,0,70,11:27:25
7.29,1.18,94.1,686,111,0,71,11:27:30
7.17,1.36,94.1,674.7,128,0,72,11:27:35
7.22,1.26,94.1,679.4,118.6,0,72,11:27:40
7.22,1.28,94.1,679.4,120.4,0,72,11:27:45
7.22,1.05,94.1,679.4,98.8,0,73,11:27:50
7.22,0.97,94.1,679.4,91.3,0,72,11:27:55
7.21,0.9,94.2,679.2,84.8,0,72,11:28:00
7.21,1.36,94,677.7,127.8,0,72,11:28:05
7.26,1.16,94.1,683.2,109.2,0,72,11:28:10
7.2,1.03,94.2,678.2,97,0,71,11:28:15
7.32,1.07,94.1,688.8,100.7,0,71,11:28:20
7.24,1.21,94.1,681.3,113.9,0,71,11:28:25
7.32,1.04,94.1,688.8,97.9,0,71,11:28:30
7.32,1.02,94.1,688.8,96,0,71,11:28:35
7.27,1.2,94.1,684.1,112.9,0,71,11:28:40
7.3,1.02,94.1,686.9,96,0,71,11:28:45
7.27,0.98,94.2,684.8,92.3,0,71,11:28:50
7.3,1.1,94.1,686.9,103.5,0,71,11:28:55
7.34,1.02,94.1,690.7,96,0,71,11:29:00
7.29,1.01,94.1,686,95,0,71,11:29:05
7.29,1.12,94.1,686,105.4,0,71,11:29:10
7.27,1.08,94.1,684.1,101.6,0,71,11:29:15
7.3,1.05,94.1,686.9,98.8,0,70,11:29:20
7.3,1.07,94.1,686.9,100.7,0,71,11:29:25
7.3,0.95,94.1,686.9,89.4,0,71,11:29:30
7.33,0.91,94.1,689.8,85.6,0,71,11:29:35
7.35,0.8,94.1,691.6,75.3,0,72,11:29:40
7.3,0.88,94.1,686.9,82.8,0,72,11:29:45
7.3,1.27,94,686.2,119.4,0,72,11:29:50
7.3,0.8,94.1,686.9,75.3,0,72,11:29:55
7.27,1.34,94,683.4,126,0,72,11:30:00
7.22,0.95,94.1,679.4,89.4,0,72,11:30:05
7.27,0.95,94.1,684.1,89.4,0,72,11:30:10
7.25,1.1,94.1,682.2,103.5,0,71,11:30:15
7.21,1.08,94.1,678.5,101.6,0,71,11:30:20
7.28,1.06,94.1,685,99.7,0,70,11:30:25
7.3,1.11,94.1,686.9,104.5,0,70,11:30:30
7.3,1.06,94.1,686.9,99.7,0,70,11:30:35
7.26,1.09,94,682.4,102.5,0,70,11:30:40
7.24,-0.99,94.4,683.5,-93.5,0,69,11:30:45
7.23,-0.99,94.5,683.2,-93.6,0,69,11:30:50
7.15,-1.99,94.6,676.4,-188.3,0,69,11:30:55
7.14,-3.05,94.8,676.9,-289.1,0,68,11:31:00
6.75,-28.05,98.6,665.6,-2765.7,0,66,11:31:05
7.55,-6.75,95.5,721,-644.6,0,61,11:31:10
7.14,-4.8,95.2,679.7,-457,0,60,11:31:15
7.1,-5.31,95.3,676.6,-506,0,58,11:31:20
7.12,-3.68,95,676.4,-349.6,0,57,11:31:25
7.12,-3.72,95,676.4,-353.4,0,56,11:31:30
7.32,3.26,93.9,687.3,306.1,0,57,11:31:35
7.31,4.6,93.6,684.2,430.6,0,59,11:31:40
7.41,7.81,93.1,689.9,727.1,0,63,11:31:45
7.41,7.78,93.1,689.9,724.3,0,66,11:31:50
7.3,3.31,93.8,684.7,310.5,0,69,11:31:55
6.76,-19.34,97.3,657.7,-1881.8,0,66,11:32:00
7.46,-6.77,95.4,711.7,-645.9,0,62,11:32:05
7.45,-6.65,95.5,711.5,-635.1,0,59,11:32:10
7.41,-5.86,95.4,706.9,-559,0,58,11:32:15
7.51,-4.02,95.1,714.2,-382.3,0,57,11:32:20
7.46,-3.97,95.1,709.4,-377.5,0,56,11:32:25
7.21,-3.53,95,685,-335.4,0,55,11:32:30
7.13,-2.57,95,677.4,-244.2,0,55,11:32:35
7.06,-0.42,94.6,667.9,-39.7,0,55,11:32:40
7.18,-0.56,94.6,679.2,-53,0,55,11:32:45
7.1,0.47,94.5,671,44.4,0,56,11:32:50
6.8,2.64,94,639.2,248.2,0,57,11:32:55
7.17,2.31,94.1,674.7,217.4,0,58,11:33:00
7.11,2.37,94,668.3,222.8,0,60,11:33:05
7.13,2.38,94,670.2,223.7,0,61,11:33:10
7.11,2.36,94,668.3,221.8,0,62,11:33:15
7.13,2.36,94,670.2,221.8,0,62,11:33:20
7.29,2.16,94,685.3,203,0,63,11:33:25
7.15,2.35,94,672.1,220.9,0,64,11:33:30
7.2,1.24,94.2,678.2,116.8,0,64,11:33:35
7.17,1.32,94.2,675.4,124.3,0,65,11:33:40
7.08,0.09,94.3,667.6,8.5,0,65,11:33:45
7.1,-0.55,94.4,670.2,-51.9,0,65,11:33:50
7.11,-0.61,94.5,671.9,-57.6,0,65,11:33:55
7.15,-0.75,94.5,675.7,-70.9,0,64,11:34:00
7.14,-1.86,94.6,675.4,-176,0,63,11:34:05
7.11,-1.74,94.6,672.6,-164.6,0,62,11:34:10
7.13,-1.85,94.7,675.2,-175.2,0,62,11:34:15
7.06,-1.71,94.6,667.9,-161.8,0,61,11:34:20
7.07,-1.63,94.6,668.8,-154.2,0,62,11:34:25
7.05,-1.66,94.6,666.9,-157,0,61,11:34:30
7.05,-1.66,94.6,666.9,-157,0,61,11:34:35
7.14,-1.74,94.6,675.4,-164.6,0,61,11:34:40
7.16,-1.83,94.7,678.1,-173.3,0,61,11:34:45
7.17,1.41,94.2,675.4,132.8,0,62,11:34:50
7.16,4.24,93.7,670.9,397.3,0,63,11:34:55
7.05,3.39,93.8,661.3,318,0,64,11:35:00
7.14,3.24,93.8,669.7,303.9,0,65,11:35:05
6.95,3.45,93.8,651.9,323.6,0,66,11:35:10
6.91,3.46,93.7,647.5,324.2,0,67,11:35:15
6.99,3.37,93.8,655.7,316.1,0,68,11:35:20
6.99,3.41,93.7,655,319.5,0,69,11:35:25
7.27,3.2,93.8,681.9,300.2,0,70,11:35:30
7.18,3,93.8,673.5,281.4,0,71,11:35:35
7.26,2.6,93.8,681,243.9,0,72,11:35:40
7.17,2.32,93.8,672.5,217.6,0,73,11:35:45
7.22,1.85,93.9,678,173.7,0,73,11:35:50
7.2,2.33,93.9,676.1,218.8,0,73,11:35:55
7.24,2.69,93.8,679.1,252.3,0,73,11:36:00
7.22,2.83,93.8,677.2,265.5,0,72,11:36:05
7.22,2.84,93.7,676.5,266.1,0,72,11:36:10
7.28,3.21,93.7,682.1,300.8,0,72,11:36:15
7.21,2.46,93.8,676.3,230.7,0,72,11:36:20
7.21,2.36,93.8,676.3,221.4,0,73,11:36:25
7.18,1.5,93.9,674.2,140.9,0,74,11:36:30
7.26,0.95,94,682.4,89.3,0,74,11:36:35
7.1,1.03,94,667.4,96.8,0,74,11:36:40
7.31,0.87,94.1,687.9,81.9,0,74,11:36:45
7.21,0.45,94.1,678.5,42.3,0,73,11:36:50
6.93,1.6,93.9,650.7,150.2,0,73,11:36:55
6.99,1.4,94,657.1,131.6,0,72,11:37:00
6.94,1.55,94,652.4,145.7,0,71,11:37:05
7.07,1.33,94,664.6,125,0,70,11:37:10
7.04,1.34,94,661.8,126,0,70,11:37:15
7.07,1.32,94,664.6,124.1,0,69,11:37:20
6.98,1.37,94,656.1,128.8,0,69,11:37:25
7.08,1.3,94,665.5,122.2,0,69,11:37:30
7.35,1.09,94,690.9,102.5,0,68,11:37:35
7.4,1.05,94,695.6,98.7,0,67,11:37:40
7.26,1.11,94,682.4,104.3,0,67,11:37:45
7.45,0.98,94,700.3,92.1,0,66,11:37:50
7.32,1.09,94,688.1,102.5,0,66,11:37:55
7.32,1.11,94,688.1,104.3,0,66,11:38:00
7.36,1.05,94,691.8,98.7,0,66,11:38:05
7.44,1.06,94,699.4,99.6,0,66,11:38:10
7.52,6.81,93.1,700.1,634,0,67,11:38:15
7.4,6.42,93.1,688.9,597.7,0,69,11:38:20
7.43,5.83,93.2,692.5,543.4,0,70,11:38:25
7.34,4.71,93.4,685.6,439.9,0,71,11:38:30
7.41,4.32,93.4,692.1,403.5,0,72,11:38:35
7.4,4.62,93.3,690.4,431,0,72,11:38:40
7.37,4.81,93.3,687.6,448.8,0,72,11:38:45
7.4,4.83,93.3,690.4,450.6,0,71,11:38:50
7.33,5.61,93.2,683.2,522.9,0,70,11:38:55
7.34,5.96,93.1,683.4,554.9,0,70,11:39:00
7.41,5.76,93.1,689.9,536.3,0,69,11:39:05
7.5,5.92,93.1,698.3,551.2,0,69,11:39:10
7.5,5.79,93.1,698.3,539,0,69,11:39:15
7.5,5.77,93,697.5,536.6,0,68,11:39:20
7.5,5.78,93.1,698.3,538.1,0,68,11:39:25
7.49,5.83,93,696.6,542.2,0,67,11:39:30
7.49,5.81,93,696.6,540.3,0,66,11:39:35
7.57,7.69,92.7,701.7,712.9,0,66,11:39:40
7.59,7.62,92.7,703.6,706.4,0,66,11:39:45
7.62,7.73,92.6,705.6,715.8,0,67,11:39:50
7.56,7.69,92.6,700.1,712.1,0,68,11:39:55
7.48,7.4,92.7,693.4,686,0,69,11:40:00
7.48,6.89,92.7,693.4,638.7,0,69,11:40:05
7.53,6.03,92.9,699.5,560.2,0,70,11:40:10
7.46,5.44,93,693.8,505.9,0,71,11:40:15
7.22,4.68,93,671.5,435.2,0,71,11:40:20
7.25,4.48,93.1,675,417.1,0,71,11:40:25
7.19,4.47,93.1,669.4,416.2,0,71,11:40:30
7.29,3.87,93.2,679.4,360.7,0,71,11:40:35
7.27,3.77,93.2,677.6,351.4,0,71,11:40:40
7.32,3.56,93.3,683,332.1,0,72,11:40:45
7.26,2.64,93.4,678.1,246.6,0,72,11:40:50
7.42,2.46,93.5,693.8,230,0,72,11:40:55
7.5,2.45,93.5,701.3,229.1,0,72,11:41:00
7.53,2.08,93.6,704.8,194.7,0,72,11:41:05
7.41,-1.32,94.1,697.3,-124.2,0,72,11:41:10
7.38,-5.52,94.8,699.6,-523.3,0,70,11:41:15
7.41,-0.93,94.1,697.3,-87.5,0,68,11:41:20
7.6,6.28,93,706.8,584,0,69,11:41:25
7.67,6.71,92.9,712.5,623.4,0,71,11:41:30
7.58,4.91,93,704.9,456.6,0,72,11:41:35
7.54,3.47,93.3,703.5,323.8,0,72,11:41:40
7.51,3.55,93.3,700.7,331.2,0,72,11:41:45
7.52,4.42,93.2,700.9,411.9,0,72,11:41:50
7.56,3.88,93.2,704.6,361.6,0,72,11:41:55
7.54,4.25,93.2,702.7,396.1,0,72,11:42:00
7.63,4.29,93.1,710.4,399.4,0,72,11:42:05
7.63,3.91,93.2,711.1,364.4,0,72,11:42:10
7.56,4.3,93.1,703.8,400.3,0,72,11:42:15
7.54,3.55,93.2,702.7,330.9,0,72,11:42:20
7.63,3.14,93.3,711.9,293,0,73,11:42:25
7.54,2.84,93.4,704.2,265.3,0,73,11:42:30
7.55,3,93.3,704.4,279.9,0,73,11:42:35
7.56,2.63,93.4,706.1,245.6,0,73,11:42:40
7.49,2.15,93.5,700.3,201,0,73,11:42:45
7.59,2.58,93.3,708.1,240.7,0,73,11:42:50
7.6,1.92,93.5,710.6,179.5,0,73,11:42:55
7.58,2.35,93.4,708,219.5,0,73,11:43:00
7.64,2.13,93.5,714.3,199.2,0,73,11:43:05
7.66,3.25,93.3,714.7,303.2,0,72,11:43:10
7.67,4.23,93.2,714.8,394.2,0,72,11:43:15
7.67,4.47,93,713.3,415.7,0,72,11:43:20
7.64,3.82,93.2,712,356,0,72,11:43:25
7.6,2.96,93.3,709.1,276.2,0,73,11:43:30
7.57,1.32,93.6,708.6,123.6,0,74,11:43:35
7.52,0.57,93.7,704.6,53.4,0,74,11:43:40
7.5,0.3,93.7,702.8,28.1,0,74,11:43:45
7.54,0.26,93.8,707.3,24.4,0,74,11:43:50
7.57,0.83,93.6,708.6,77.7,0,74,11:43:55
7.61,1.67,93.5,711.5,156.1,0,74,11:44:00
7.6,1.96,93.5,710.6,183.3,0,73,11:44:05
7.6,2.82,93.4,709.8,263.4,0,73,11:44:10
7.54,1.99,93.5,705,186.1,0,73,11:44:15
7.51,1.84,93.5,702.2,172,0,74,11:44:20
7.54,1.18,93.6,705.7,110.4,0,74,11:44:25
7.57,1.24,93.6,708.6,116.1,0,74,11:44:30
7.48,1.54,93.6,700.1,144.1,0,74,11:44:35
7.55,2.04,93.5,705.9,190.7,0,73,11:44:40
7.57,2.13,93.5,707.8,199.2,0,73,11:44:45
7.61,2.29,93.4,710.8,213.9,0,73,11:44:50
7.62,2.27,93.4,711.7,212,0,73,11:44:55
7.62,2.4,93.4,711.7,224.2,0,73,11:45:00
7.67,3.28,93.2,714.8,305.7,0,73,11:45:05
7.67,3.48,93.2,714.8,324.3,0,72,11:45:10
7.6,3.38,93.2,708.3,315,0,72,11:45:15
7.62,3.27,93.2,710.2,304.8,0,72,11:45:20
7.64,3.06,93.2,712,285.2,0,73,11:45:25
7.66,3.15,93.2,713.9,293.6,0,73,11:45:30
7.62,3.26,93.2,710.2,303.8,0,72,11:45:35
7.66,2.9,93.3,714.7,270.6,0,72,11:45:40
7.64,3.41,93.2,712,317.8,0,72,11:45:45
7.66,4.05,93.1,713.1,377.1,0,72,11:45:50
7.68,3.61,93.1,715,336.1,0,72,11:45:55
7.64,3.62,93.1,711.3,337,0,72,11:46:00
7.63,4.32,92.9,708.8,401.3,0,72,11:46:05
7.63,3.84,93.1,710.4,357.5,0,72,11:46:10
7.61,4.25,93,707.7,395.3,0,72,11:46:15
7.65,3.4,93.1,712.2,316.5,0,72,11:46:20
7.48,4.12,93,695.6,383.2,0,72,11:46:25
7.49,3.52,93.1,697.3,327.7,0,72,11:46:30
7.63,2.56,93.3,711.9,238.8,0,73,11:46:35
7.66,2.38,93.3,714.7,222.1,0,73,11:46:40
7.66,2.34,93.3,714.7,218.3,0,73,11:46:45
7.6,1.45,93.4,709.8,135.4,0,73,11:46:50
7.61,0.84,93.5,711.5,78.5,0,74,11:46:55
7.58,0.59,93.6,709.5,55.2,0,74,11:47:00
7.63,0.4,93.6,714.2,37.4,0,74,11:47:05
7.58,0.77,93.6,709.5,72.1,0,74,11:47:10
7.61,1.05,93.5,711.5,98.2,0,74,11:47:15
7.61,1.12,93.5,711.5,104.7,0,74,11:47:20
7.64,1.21,93.5,714.3,113.1,0,74,11:47:25
7.64,1.14,93.5,714.3,106.6,0,74,11:47:30
7.62,0.95,93.6,713.2,88.9,0,74,11:47:35
7.65,1.19,93.5,715.3,111.3,0,74,11:47:40
7.61,1.43,93.5,711.5,133.7,0,74,11:47:45
7.64,1.35,93.5,714.3,126.2,0,74,11:47:50
7.63,1.11,93.5,713.4,103.8,0,74,11:47:55
7.61,1.09,93.5,711.5,101.9,0,74,11:48:00
7.56,-0.11,93.7,708.4,-10.3,0,74,11:48:05
7.55,-0.86,93.8,708.2,-80.7,0,74,11:48:10
7.56,-1.68,94,710.6,-157.9,0,74,11:48:15
7.55,-1.67,94,709.7,-157,0,74,11:48:20
7.53,-1.2,93.9,707.1,-112.7,0,73,11:48:25
7.54,-1.28,94,708.8,-120.3,0,73,11:48:30
7.57,-0.46,93.8,710.1,-43.1,0,73,11:48:35
7.55,-0.47,93.8,708.2,-44.1,0,73,11:48:40
7.55,-0.8,93.9,708.9,-75.1,0,73,11:48:45
7.59,-0.21,93.8,711.9,-19.7,0,73,11:48:50
7.61,0.05,93.7,713.1,4.7,0,73,11:48:55
7.61,-0.25,93.8,713.8,-23.5,0,72,11:49:00
7.63,-0.17,93.8,715.7,-15.9,0,72,11:49:05
7.62,-0.36,93.8,714.8,-33.8,0,72,11:49:10
7.6,-0.2,93.8,712.9,-18.8,0,71,11:49:15
7.61,-0.27,93.8,713.8,-25.3,0,71,11:49:20
7.63,-0.23,93.9,716.5,-21.6,0,70,11:49:25
7.63,-0.2,93.9,716.5,-18.8,0,70,11:49:30
7.59,-0.17,93.9,712.7,-16,0,70,11:49:35
7.63,-0.21,93.9,716.5,-19.7,0,70,11:49:40
7.58,-0.18,93.9,711.8,-16.9,0,70,11:49:45
7.61,-0.22,93.9,714.6,-20.7,0,70,11:49:50
7.63,-0.23,93.9,716.5,-21.6,0,69,11:49:55
7.62,-0.21,93.9,715.5,-19.7,0,68,11:50:00
7.58,-0.17,93.9,711.8,-16,0,68,11:50:05
7.6,-0.24,93.9,713.6,-22.5,0,67,11:50:10
7.61,-0.2,93.9,714.6,-18.8,0,66,11:50:15
7.6,-0.23,93.9,713.6,-21.6,0,65,11:50:20
7.63,-0.26,93.9,716.5,-24.4,0,65,11:50:25
7.56,-0.18,93.9,709.9,-16.9,0,64,11:50:30
7.64,3.04,93.3,712.8,283.6,0,65,11:50:35
7.68,3.68,93.2,715.8,343,0,66,11:50:40
7.74,3.62,93.2,721.4,337.4,0,67,11:50:45
7.71,3.67,93.2,718.6,342,0,68,11:50:50
7.76,3.62,93.1,722.5,337,0,69,11:50:55
7.72,3.62,93.1,718.7,337,0,70,11:51:00
7.73,3.52,93.1,719.7,327.7,0,70,11:51:05
7.75,3.62,93.1,721.5,337,0,70,11:51:10
7.76,3.6,93.1,722.5,335.2,0,69,11:51:15
7.79,3.64,93.1,725.2,338.9,0,69,11:51:20
7.74,3.6,93.1,720.6,335.2,0,69,11:51:25
7.71,3.55,93.1,717.8,330.5,0,69,11:51:30
7.77,3.71,93,722.6,345,0,69,11:51:35
7.72,3.8,93,718,353.4,0,70,11:51:40
7.68,3.26,93.1,715,303.5,0,71,11:51:45
7.67,3.38,93,713.3,314.3,0,71,11:51:50
7.62,2.81,93.2,710.2,261.9,0,72,11:51:55
7.62,2.75,93.2,710.2,256.3,0,72,11:52:00
7.61,1.83,93.3,710,170.7,0,73,11:52:05
7.59,1.1,93.4,708.9,102.7,0,73,11:52:10
7.57,1.17,93.4,707,109.3,0,74,11:52:15
7.63,0.79,93.5,713.4,73.9,0,73,11:52:20
7.56,0.94,93.4,706.1,87.8,0,72,11:52:25
7.61,0.91,93.5,711.5,85.1,0,71,11:52:30
7.65,0.76,93.5,715.3,71.1,0,70,11:52:35
7.67,0.73,93.6,717.9,68.3,0,69,11:52:40
7.69,0.69,93.6,719.8,64.6,0,68,11:52:45
7.67,0.74,93.6,717.9,69.3,0,67,11:52:50
7.62,0.77,93.6,713.2,72.1,0,66,11:52:55
7.68,0.73,93.6,718.8,68.3,0,65,11:53:00
7.68,1.73,93.4,717.3,161.6,0,65,11:53:05
7.74,1.65,93.4,722.9,154.1,0,64,11:53:10
7.68,1.76,93.4,717.3,164.4,0,64,11:53:15
7.65,1.69,93.4,714.5,157.8,0,65,11:53:20
7.7,1.68,93.4,719.2,156.9,0,65,11:53:25
7.67,1.71,93.4,716.4,159.7,0,66,11:53:30
7.7,1.7,93.4,719.2,158.8,0,67,11:53:35
7.68,1.69,93.3,716.5,157.7,0,67,11:53:40
7.67,1.7,93.4,716.4,158.8,0,68,11:53:45
7.74,1.67,93.4,722.9,156,0,69,11:53:50
7.72,1.64,93.4,721,153.2,0,69,11:53:55
7.66,1.73,93.3,714.7,161.4,0,69,11:54:00
7.65,1.73,93.4,714.5,161.6,0,69,11:54:05
7.68,1.78,93.3,716.5,166.1,0,70,11:54:10
7.67,1.94,93.3,715.6,181,0,70,11:54:15
7.71,1.44,93.4,720.1,134.5,0,71,11:54:20
7.67,1.86,93.3,715.6,173.5,0,71,11:54:25
7.66,1.64,93.4,715.4,153.2,0,72,11:54:30
7.65,1.37,93.4,714.5,128,0,73,11:54:35
7.68,0.96,93.4,717.3,89.7,0,73,11:54:40
7.6,0.42,93.5,710.6,39.3,0,74,11:54:45
7.6,0.06,93.6,711.4,5.6,0,74,11:54:50
7.66,-0.23,93.6,717,-21.5,0,74,11:54:55
7.67,-1.44,93.8,719.4,-135.1,0,74,11:55:00
7.58,-0.99,93.8,711,-92.9,0,74,11:55:05
7.71,-0.98,93.8,723.2,-91.9,0,74,11:55:10
7.66,-0.55,93.7,717.7,-51.5,0,73,11:55:15
7.6,-0.62,93.7,712.1,-58.1,0,73,11:55:20
7.59,-0.21,93.7,711.2,-19.7,0,73,11:55:25
7.62,-0.2,93.7,714,-18.7,0,73,11:55:30
7.62,-0.86,93.8,714.8,-80.7,0,73,11:55:35
7.63,-0.45,93.7,714.9,-42.2,0,73,11:55:40
7.63,-0.66,93.7,714.9,-61.8,0,73,11:55:45
7.59,-0.45,93.7,711.2,-42.2,0,72,11:55:50
7.63,-0.08,93.7,714.9,-7.5,0,72,11:55:55
7.6,-0.35,93.7,712.1,-32.8,0,71,11:56:00
7.6,-0.16,93.7,712.1,-15,0,71,11:56:05
7.58,0.02,93.7,710.2,1.9,0,71,11:56:10
7.54,-0.2,93.7,706.5,-18.7,0,71,11:56:15
7.55,-0.1,93.7,707.4,-9.4,0,71,11:56:20
7.57,-0.11,93.7,709.3,-10.3,0,71,11:56:25
7.53,-0.07,93.7,705.6,-6.6,0,71,11:56:30
7.47,-0.21,93.7,699.9,-19.7,0,71,11:56:35
7.52,0.03,93.7,704.6,2.8,0,73,11:56:40
7.42,-0.94,93.8,696,-88.2,0,74,11:56:45
7.47,-1.61,94,702.2,-151.3,0,75,11:56:50
7.45,-2.36,94,700.3,-221.8,0,76,11:56:55
7.46,-3.61,94.3,703.5,-340.4,0,77,11:57:00
7.41,-4.77,94.4,699.5,-450.3,0,77,11:57:05
7.42,-5.37,94.6,701.9,-508,0,78,11:57:10
7.36,-5.29,94.6,696.3,-500.4,0,78,11:57:15
7.16,-4.61,94.5,676.6,-435.6,0,77,11:57:20
7.11,-3.63,94.4,671.2,-342.7,0,76,11:57:25
7.11,-3.23,94.3,670.5,-304.6,0,75,11:57:30
7.19,-3.01,94.3,678,-283.8,0,74,11:57:35
7.14,-2.92,94.3,673.3,-275.4,0,73,11:57:40
7.21,-2.88,94.3,679.9,-271.6,0,73,11:57:45
7.15,-2.86,94.3,674.2,-269.7,0,72,11:57:50
7.18,-2.94,94.3,677.1,-277.2,0,71,11:57:55
7.26,-3.03,94.3,684.6,-285.7,0,71,11:58:00
7.3,-3.03,94.3,688.4,-285.7,0,70,11:58:05
7.28,-3,94.3,686.5,-282.9,0,69,11:58:10
7.3,-3.04,94.3,688.4,-286.7,0,69,11:58:15
7.29,-3.02,94.3,687.4,-284.8,0,68,11:58:20
7.33,-3.05,94.4,692,-287.9,0,68,11:58:25
7.32,-3.07,94.4,691,-289.8,0,68,11:58:30
7.4,-3.11,94.4,698.6,-293.6,0,67,11:58:35
7.31,-3.01,94.4,690.1,-284.1,0,67,11:58:40
7.47,-2.37,94.3,704.4,-223.5,0,67,11:58:45
7.64,0.9,93.8,716.6,84.4,0,68,11:58:50
7.67,0.83,93.7,718.7,77.8,0,69,11:58:55
7.66,0.84,93.7,717.7,78.7,0,69,11:59:00
7.67,0.88,93.7,718.7,82.5,0,70,11:59:05
7.67,0.84,93.7,718.7,78.7,0,70,11:59:10
7.66,0.83,93.7,717.7,77.8,0,70,11:59:15
7.68,0.79,93.7,719.6,74,0,70,11:59:20
7.69,0.82,93.7,720.6,76.8,0,70,11:59:25
7.65,0.8,93.7,716.8,75,0,70,11:59:30
7.64,0.9,93.6,715.1,84.2,0,70,11:59:35
7.65,0.79,93.7,716.8,74,0,70,11:59:40
7.68,0.84,93.7,719.6,78.7,0,69,11:59:45
7.69,0.78,93.7,720.6,73.1,0,68,11:59:50
7.62,0.87,93.7,714,81.5,0,67,11:59:55
7.74,2.72,93.4,722.9,254,0,67,12:00:00
7.7,2.74,93.4,719.2,255.9,0,66,12:00:05
7.78,4.61,93,723.5,428.7,0,66,12:00:10
7.79,4.63,93,724.5,430.6,0,66,12:00:15
7.85,4.54,93,730.1,422.2,0,67,12:00:20
7.8,4.6,93,725.4,427.8,0,68,12:00:25
7.83,4.58,92.9,727.4,425.5,0,69,12:00:30
7.83,4.43,92.9,727.4,411.5,0,71,12:00:35
7.81,3.35,93.1,727.1,311.9,0,72,12:00:40
7.71,1.67,93.4,720.1,156,0,73,12:00:45
7.7,0.54,93.6,720.7,50.5,0,74,12:00:50
7.73,0.53,93.5,722.8,49.6,0,74,12:00:55
7.75,0.72,93.5,724.6,67.3,0,74,12:01:00
7.76,1.45,93.4,724.8,135.4,0,73,12:01:05
7.79,2.01,93.3,726.8,187.5,0,73,12:01:10
7.77,1.96,93.3,724.9,182.9,0,73,12:01:15
7.84,2.36,93.3,731.5,220.2,0,73,12:01:20
7.87,3.17,93.1,732.7,295.1,0,71,12:01:25
7.88,4.62,92.9,732.1,429.2,0,69,12:01:30
7.85,4.47,92.9,729.3,415.3,0,68,12:01:35
7.87,4.49,92.9,731.1,417.1,0,68,12:01:40
7.81,4.52,92.9,725.5,419.9,0,69,12:01:45
7.88,4.55,92.8,731.3,422.2,0,69,12:01:50
7.9,4.46,92.8,733.1,413.9,0,67,12:01:55
7.86,4.49,92.8,729.4,416.7,0,65,12:02:00
7.95,7.32,92.4,734.6,676.4,0,64,12:02:05
7.9,7.34,92.3,729.2,677.5,0,64,12:02:10
8.01,7.26,92.3,739.3,670.1,0,65,12:02:15
8.03,7.13,92.3,741.2,658.1,0,66,12:02:20
7.96,7.06,92.3,734.7,651.6,0,68,12:02:25
7.88,5.82,92.5,728.9,538.4,0,71,12:02:30
7.83,2.91,92.9,727.4,270.3,0,72,12:02:35
7.74,1.68,93.2,721.4,156.6,0,73,12:02:40
7.74,1.1,93.2,721.4,102.5,0,74,12:02:45
7.73,0.96,93.3,721.2,89.6,0,74,12:02:50
7.71,0.64,93.4,720.1,59.8,0,74,12:02:55
7.77,0.87,93.3,724.9,81.2,0,74,12:03:00
7.79,1.44,93.3,726.8,134.4,0,73,12:03:05
7.77,1.18,93.3,724.9,110.1,0,73,12:03:10
7.78,1.74,93.2,725.1,162.2,0,73,12:03:15
7.77,1.68,93.1,723.4,156.4,0,73,12:03:20
7.75,1.93,93.2,722.3,179.9,0,73,12:03:25
7.77,1.45,93.2,724.2,135.1,0,73,12:03:30
7.83,1.92,93.1,729,178.8,0,73,12:03:35
7.84,1.74,93.2,730.7,162.2,0,73,12:03:40
7.82,1.87,93.1,728,174.1,0,73,12:03:45
7.85,2.11,93,730.1,196.2,0,73,12:03:50
7.8,2.15,93.1,726.2,200.2,0,73,12:03:55
7.82,1.91,93.2,728.8,178,0,73,12:04:00
7.83,1.61,93.2,729.8,150.1,0,73,12:04:05
7.83,1.75,93.2,729.8,163.1,0,73,12:04:10
7.86,2.12,93.1,731.8,197.4,0,73,12:04:15
7.78,2.31,93,723.5,214.8,0,73,12:04:20
7.79,2.3,93,724.5,213.9,0,73,12:04:25
7.81,2.45,93.1,727.1,228.1,0,73,12:04:30
7.83,2.4,93,728.2,223.2,0,73,12:04:35
7.76,2.52,93,721.7,234.4,0,72,12:04:40
7.78,2.5,93,723.5,232.5,0,72,12:04:45
7.82,2.19,93.1,728,203.9,0,72,12:04:50
7.85,1.95,93.1,730.8,181.5,0,73,12:04:55
7.87,1.91,93.1,732.7,177.8,0,73,12:05:00
7.87,1.87,93.1,732.7,174.1,0,72,12:05:05
7.83,1.92,93.1,729,178.8,0,73,12:05:10
7.82,2.12,93.1,728,197.4,0,72,12:05:15
7.89,2.59,93,733.8,240.9,0,72,12:05:20
7.86,2.39,93,731,222.3,0,72,12:05:25
7.93,2.87,93,737.5,266.9,0,71,12:05:30
7.94,3.39,92.9,737.6,314.9,0,69,12:05:35
7.96,4.46,92.6,737.1,413,0,68,12:05:40
7.97,4.37,92.6,738,404.7,0,68,12:05:45
7.92,4.54,92.6,733.4,420.4,0,68,12:05:50
7.84,4.43,92.6,726,410.2,0,69,12:05:55
7.88,4.59,92.5,728.9,424.6,0,70,12:06:00
7.86,4.2,92.6,727.8,388.9,0,70,12:06:05
7.87,3.14,92.8,730.3,291.4,0,71,12:06:10
7.88,2.93,92.8,731.3,271.9,0,71,12:06:15
7.9,3.17,92.8,733.1,294.2,0,71,12:06:20
7.92,3.54,92.8,735,328.5,0,71,12:06:25
7.94,4.22,92.6,735.2,390.8,0,70,12:06:30
7.94,4.45,92.6,735.2,412.1,0,69,12:06:35
7.93,4.46,92.5,733.5,412.6,0,68,12:06:40
7.97,4.42,92.5,737.2,408.9,0,67,12:06:45
7.94,4.42,92.5,734.5,408.9,0,67,12:06:50
7.98,5.51,92.3,736.6,508.6,0,67,12:06:55
7.93,5.39,92.4,732.7,498,0,69,12:07:00
7.95,5.13,92.4,734.6,474,0,69,12:07:05
7.95,4.87,92.4,734.6,450,0,69,12:07:10
7.99,5.3,92.3,737.5,489.2,0,69,12:07:15
8,5.48,92.3,738.4,505.8,0,68,12:07:20
7.97,5.37,92.4,736.4,496.2,0,66,12:07:25
8.03,5.33,92.3,741.2,492,0,64,12:07:30
7.97,5.38,92.4,736.4,497.1,0,63,12:07:35
7.95,5.37,92.3,733.8,495.7,0,63,12:07:40
7.85,5.52,92.2,723.8,508.9,0,63,12:07:45
7.95,5.35,92.2,733,493.3,0,64,12:07:50
7.97,5.34,92.2,734.8,492.3,0,66,12:07:55
7.95,5.37,92.2,733,495.1,0,67,12:08:00
7.88,5.42,92.2,726.5,499.7,0,68,12:08:05
7.82,5.47,92.2,721,504.3,0,69,12:08:10
7.98,5.16,92.2,735.8,475.8,0,69,12:08:15
8.12,4.87,92.2,748.7,449,0,69,12:08:20
7.91,5.21,92.2,729.3,480.4,0,69,12:08:25
7.97,4.88,92.3,735.6,450.4,0,69,12:08:30
7.91,5.11,92.2,729.3,471.1,0,69,12:08:35
8,4.34,92.3,738.4,400.6,0,70,12:08:40
7.89,4.2,92.3,728.2,387.7,0,71,12:08:45
7.88,3.74,92.4,728.1,345.6,0,72,12:08:50
7.87,2.38,92.7,729.5,220.6,0,72,12:08:55
7.92,2.31,92.7,734.2,214.1,0,72,12:09:00
7.91,2.24,92.7,733.3,207.6,0,73,12:09:05
7.79,1.4,92.8,722.9,129.9,0,73,12:09:10
7.84,0.49,93,729.1,45.6,0,73,12:09:15
7.78,-0.05,93.1,724.3,-4.7,0,74,12:09:20
7.88,-0.38,93.1,733.6,-35.4,0,74,12:09:25
7.81,0.55,93,726.3,51.2,0,73,12:09:30
7.82,0.99,92.9,726.5,92,0,73,12:09:35
7.86,1.67,92.8,729.4,155,0,72,12:09:40
7.88,1.9,92.8,731.3,176.3,0,71,12:09:45
7.89,2.69,92.6,730.6,249.1,0,71,12:09:50
7.89,2.68,92.7,731.4,248.4,0,70,12:09:55
7.9,2.65,92.6,731.5,245.4,0,70,12:10:00
7.93,2.45,92.7,735.1,227.1,0,70,12:10:05
7.91,2.49,92.7,733.3,230.8,0,70,12:10:10
7.89,2.59,92.6,730.6,239.8,0,69,12:10:15
7.93,2.41,92.7,735.1,223.4,0,69,12:10:20
7.91,2.56,92.6,732.5,237.1,0,69,12:10:25
7.94,2.37,92.7,736,219.7,0,69,12:10:30
7.91,2.53,92.6,732.5,234.3,0,69,12:10:35
7.88,2.47,92.7,730.5,229,0,70,12:10:40
7.87,2.71,92.6,728.8,250.9,0,70,12:10:45
7.9,2.55,92.6,731.5,236.1,0,70,12:10:50
7.89,2.3,92.7,731.4,213.2,0,70,12:10:55
7.89,2.27,92.7,731.4,210.4,0,70,12:11:00
7.96,2.65,92.6,737.1,245.4,0,71,12:11:05
7.91,1.89,92.7,733.3,175.2,0,71,12:11:10
7.89,1.87,92.8,732.2,173.5,0,71,12:11:15
7.85,1.41,92.8,728.5,130.8,0,72,12:11:20
7.81,1.93,92.7,724,178.9,0,72,12:11:25
7.83,1.58,92.8,726.6,146.6,0,72,12:11:30
7.74,1.96,92.7,717.5,181.7,0,72,12:11:35
7.7,1.46,92.8,714.6,135.5,0,72,12:11:40
7.72,1.93,92.7,715.6,178.9,0,72,12:11:45
7.73,1.47,92.7,716.6,136.3,0,73,12:11:50
7.7,1.06,92.8,714.6,98.4,0,73,12:11:55
7.74,0.13,93,719.8,12.1,0,73,12:12:00
7.71,-0.15,93.1,717.8,-14,0,74,12:12:05
7.73,-0.31,93.1,719.7,-28.9,0,74,12:12:10
7.75,-0.13,93.1,721.5,-12.1,0,74,12:12:15
7.75,-0.05,93,720.8,-4.7,0,73,12:12:20
7.76,-0.09,93.1,722.5,-8.4,0,73,12:12:25
7.75,-0.63,93.2,722.3,-58.7,0,74,12:12:30
7.68,-1.85,93.4,717.3,-172.8,0,75,12:12:35
7.62,-4.11,93.7,714,-385.1,0,76,12:12:40
7.59,-5.62,93.9,712.7,-527.7,0,77,12:12:45
7.63,-6.1,94.1,718,-574,0,77,12:12:50
7.68,-4.64,93.9,721.2,-435.7,0,77,12:12:55
7.67,-3.56,93.7,718.7,-333.6,0,76,12:13:00
7.7,-2.91,93.7,721.5,-272.7,0,76,12:13:05
7.75,-1.79,93.5,724.6,-167.4,0,75,12:13:10
7.82,0.22,93.2,728.8,20.5,0,74,12:13:15
7.92,3.06,92.7,734.2,283.7,0,72,12:13:20
7.94,4.54,92.4,733.7,419.5,0,71,12:13:25
7.91,4.29,92.4,730.9,396.4,0,71,12:13:30
7.86,3.82,92.5,727.1,353.4,0,72,12:13:35
7.82,1.62,92.8,725.7,150.3,0,73,12:13:40
7.76,-0.12,93.1,722.5,-11.2,0,74,12:13:45
7.73,-1.59,93.3,721.2,-148.3,0,75,12:13:50
7.8,-0.5,93.2,727,-46.6,0,74,12:13:55
7.9,3.09,92.6,731.5,286.1,0,72,12:14:00
8.07,6.75,92,742.4,621,0,69,12:14:05
8.16,10.61,91.4,745.8,969.8,0,67,12:14:10
8.2,11.3,91.2,747.8,1030.6,0,67,12:14:15
8.15,11.06,91.3,744.1,1009.8,0,67,12:14:20
8.16,9.73,91.4,745.8,889.3,0,68,12:14:25
8.07,7.91,91.6,739.2,724.6,0,69,12:14:30
8.02,6.24,91.9,737,573.5,0,70,12:14:35
7.97,4.65,92.1,734,428.3,0,71,12:14:40
7.92,3.03,92.4,731.8,280,0,72,12:14:45
7.89,2.3,92.5,729.8,212.8,0,72,12:14:50
7.93,2.39,92.5,733.5,221.1,0,72,12:14:55
7.9,2.77,92.4,730,255.9,0,72,12:15:00
7.87,1.99,92.6,728.8,184.3,0,72,12:15:05
7.88,1.79,92.6,729.7,165.8,0,72,12:15:10
7.87,1.14,92.7,729.5,105.7,0,73,12:15:15
7.82,0.62,92.7,724.9,57.5,0,73,12:15:20
7.81,-0.48,93,726.3,-44.6,0,74,12:15:25
7.76,-1.49,93.1,722.5,-138.7,0,75,12:15:30
7.73,-3.07,93.4,722,-286.7,0,75,12:15:35
7.71,-4.11,93.5,720.9,-384.3,0,76,12:15:40
7.74,-3.67,93.6,724.5,-343.5,0,76,12:15:45
7.79,-1.88,93.3,726.8,-175.4,0,75,12:15:50
7.83,-0.1,93.1,729,-9.3,0,74,12:15:55
7.87,1.6,92.8,730.3,148.5,0,73,12:16:00
7.88,2.06,92.7,730.5,191,0,73,12:16:05
7.92,3.17,92.5,732.6,293.2,0,72,12:16:10
7.9,2.4,92.6,731.5,222.2,0,71,12:16:15
7.9,2.66,92.5,730.8,246.1,0,70,12:16:20
7.91,2.62,92.6,732.5,242.6,0,69,12:16:25
7.92,3.34,92.4,731.8,308.6,0,69,12:16:30
7.9,3.34,92.4,730,308.6,0,70,12:16:35
7.9,3.23,92.4,730,298.5,0,70,12:16:40
7.91,3.03,92.4,730.9,280,0,70,12:16:45
7.92,3.31,92.4,731.8,305.8,0,70,12:16:50
7.95,3.47,92.4,734.6,320.6,0,69,12:16:55
7.96,3.44,92.3,734.7,317.5,0,68,12:17:00
7.92,3.43,92.4,731.8,316.9,0,67,12:17:05
7.9,3.42,92.4,730,316,0,66,12:17:10
7.91,3.42,92.4,730.9,316,0,66,12:17:15
7.91,3.4,92.3,730.1,313.8,0,66,12:17:20
7.9,3.42,92.3,729.2,315.7,0,67,12:17:25
7.88,3.54,92.3,727.3,326.7,0,68,12:17:30
7.83,3.3,92.3,722.7,304.6,0,70,12:17:35
7.82,1.74,92.5,723.4,161,0,72,12:17:40
7.81,0.5,92.7,724,46.4,0,73,12:17:45
7.78,-0.55,93,723.5,-51.2,0,74,12:17:50
7.82,-0.3,92.9,726.5,-27.9,0,74,12:17:55
7.89,1.68,92.6,730.6,155.6,0,73,12:18:00
7.92,2.26,92.5,732.6,209.1,0,72,12:18:05
7.93,2.9,92.4,732.7,268,0,71,12:18:10
7.91,2.88,92.3,730.1,265.8,0,71,12:18:15
7.93,2.72,92.4,732.7,251.3,0,71,12:18:20
7.96,3.03,92.3,734.7,279.7,0,70,12:18:25
7.92,3.26,92.3,731,300.9,0,70,12:18:30
7.94,3.05,92.3,732.9,281.5,0,70,12:18:35
7.93,2.7,92.4,732.7,249.5,0,70,12:18:40
7.95,2.96,92.3,733.8,273.2,0,70,12:18:45
7.93,2.82,92.4,732.7,260.6,0,71,12:18:50
7.98,3.05,92.3,736.6,281.5,0,70,12:18:55
7.99,3.38,92.2,736.7,311.6,0,69,12:19:00
7.98,3.42,92.2,735.8,315.3,0,68,12:19:05
7.98,3.38,92.2,735.8,311.6,0,68,12:19:10
7.96,3.44,92.2,733.9,317.2,0,68,12:19:15
7.94,3.41,92.2,732.1,314.4,0,69,12:19:20
7.94,3.58,92.2,732.1,330.1,0,70,12:19:25
7.92,3.22,92.3,731,297.2,0,70,12:19:30
7.93,2.54,92.3,731.9,234.4,0,71,12:19:35
7.88,2.21,92.4,728.1,204.2,0,72,12:19:40
7.9,1.71,92.5,730.8,158.2,0,72,12:19:45
7.86,1.19,92.6,727.8,110.2,0,73,12:19:50
7.88,0.58,92.6,729.7,53.7,0,73,12:19:55
7.89,1.21,92.5,729.8,111.9,0,73,12:20:00
7.93,1.55,92.5,733.5,143.4,0,72,12:20:05
7.9,1.5,92.5,730.8,138.8,0,72,12:20:10
7.93,1.85,92.5,733.5,171.1,0,72,12:20:15
7.86,1.79,92.5,727.1,165.6,0,73,12:20:20
7.92,1.97,92.4,731.8,182,0,72,12:20:25
7.9,1.95,92.5,730.8,180.4,0,72,12:20:30
7.93,2,92.4,732.7,184.8,0,72,12:20:35
7.91,2.01,92.4,730.9,185.7,0,72,12:20:40
7.89,1.27,92.6,730.6,117.6,0,72,12:20:45
7.89,1.54,92.5,729.8,142.5,0,72,12:20:50
7.91,1.44,92.5,731.7,133.2,0,72,12:20:55
7.9,2.19,92.4,730,202.4,0,71,12:21:00
7.92,2.19,92.4,731.8,202.4,0,71,12:21:05
7.9,2.13,92.4,730,196.8,0,71,12:21:10
7.93,1.81,92.4,732.7,167.2,0,71,12:21:15
7.93,2.41,92.4,732.7,222.7,0,71,12:21:20
7.93,2.03,92.4,732.7,187.6,0,70,12:21:25
7.94,2.34,92.3,732.9,216,0,70,12:21:30
7.94,2.12,92.4,733.7,195.9,0,71,12:21:35
7.93,2.17,92.3,731.9,200.3,0,71,12:21:40
7.97,2.37,92.4,736.4,219,0,70,12:21:45
7.97,2.24,92.4,736.4,207,0,70,12:21:50
7.97,2.44,92.3,735.6,225.2,0,70,12:21:55
7.99,2.45,92.3,737.5,226.1,0,69,12:22:00
8.03,2.39,92.4,742,220.8,0,68,12:22:05
8.04,2.36,92.3,742.1,217.8,0,66,12:22:10
8.02,2.32,92.4,741,214.4,0,64,12:22:15
8.13,7.1,91.5,743.9,649.7,0,64,12:22:20
8.12,7.12,91.5,743,651.5,0,66,12:22:25
8.12,7.09,91.5,743,648.7,0,68,12:22:30
8.07,5.6,91.7,740,513.5,0,70,12:22:35
7.99,2.84,92.1,735.9,261.6,0,72,12:22:40
7.99,2.07,92.3,737.5,191.1,0,72,12:22:45
7.99,2.5,92.2,736.7,230.5,0,72,12:22:50
7.99,3.06,92.1,735.9,281.8,0,72,12:22:55
7.95,1.34,92.4,734.6,123.8,0,72,12:23:00
7.85,-2.06,92.9,729.3,-191.4,0,73,12:23:05
7.83,-2.18,92.9,727.4,-202.5,0,73,12:23:10
7.82,-2.82,93.1,728,-262.5,0,73,12:23:15
7.84,-2.68,93.1,729.9,-249.5,0,73,12:23:20
7.84,-2.77,93.1,729.9,-257.9,0,72,12:23:25
7.86,-2.5,93.1,731.8,-232.8,0,71,12:23:30
7.87,-2.63,93.1,732.7,-244.9,0,70,12:23:35
7.89,-0.41,92.8,732.2,-38,0,69,12:23:40
7.87,-0.45,92.8,730.3,-41.8,0,69,12:23:45
7.88,-0.45,92.8,731.3,-41.8,0,69,12:23:50
7.89,-0.47,92.8,732.2,-43.6,0,69,12:23:55
7.91,-0.49,92.8,734,-45.5,0,68,12:24:00
7.96,1.52,92.5,736.3,140.6,0,68,12:24:05
7.94,1.48,92.5,734.5,136.9,0,68,12:24:10
7.97,3.44,92.2,734.8,317.2,0,67,12:24:15
7.97,3.48,92.1,734,320.5,0,68,12:24:20
7.97,3.35,92.2,734.8,308.9,0,69,12:24:25
7.96,2.62,92.3,734.7,241.8,0,71,12:24:30
7.92,2.23,92.4,731.8,206.1,0,72,12:24:35
7.94,1.66,92.4,733.7,153.4,0,72,12:24:40
7.93,1.18,92.5,733.5,109.2,0,72,12:24:45
7.96,1.34,92.5,736.3,124,0,72,12:24:50
7.97,2.55,92.3,735.6,235.4,0,72,12:24:55
8.04,2.95,92.2,741.3,272,0,70,12:25:00
8.04,3.42,92.1,740.5,315,0,69,12:25:05
8.03,3.32,92.1,739.6,305.8,0,69,12:25:10
8.01,3.41,92.1,737.7,314.1,0,69,12:25:15
8,3.07,92.1,736.8,282.7,0,70,12:25:20
7.94,2.68,92.2,732.1,247.1,0,71,12:25:25
7.9,0.73,92.4,730,67.5,0,73,12:25:30
7.84,-1.6,92.8,727.6,-148.5,0,74,12:25:35
7.81,-2.46,93,726.3,-228.8,0,75,12:25:40
7.83,-1.81,92.9,727.4,-168.1,0,74,12:25:45
7.86,-0.74,92.8,729.4,-68.7,0,74,12:25:50
7.86,-0.29,92.7,728.6,-26.9,0,74,12:25:55
7.81,-0.49,92.7,724,-45.4,0,74,12:26:00
7.82,-1.06,92.8,725.7,-98.4,0,74,12:26:05
7.79,-2.26,93,724.5,-210.2,0,75,12:26:10
7.8,-3.09,93.2,727,-288,0,75,12:26:15
7.79,-2.75,93.1,725.2,-256,0,75,12:26:20
7.84,-1.33,92.9,728.3,-123.6,0,74,12:26:25
7.85,-0.5,92.8,728.5,-46.4,0,74,12:26:30
7.87,-0.03,92.8,730.3,-2.8,0,74,12:26:35
7.9,0.45,92.6,731.5,41.7,0,73,12:26:40
7.93,1.54,92.5,733.5,142.5,0,72,12:26:45
7.94,1.56,92.4,733.7,144.1,0,72,12:26:50
7.94,1.84,92.5,734.5,170.2,0,72,12:26:55
7.96,2.25,92.3,734.7,207.7,0,72,12:27:00
8.04,2.79,92.2,741.3,257.2,0,70,12:27:05
8.08,3.35,92.1,744.2,308.5,0,68,12:27:10
8.06,3.35,92.1,742.3,308.5,0,65,12:27:15
8.07,3.29,92.1,743.2,303,0,64,12:27:20
8.04,3.32,92.1,740.5,305.8,0,63,12:27:25
8.03,3.32,92.1,739.6,305.8,0,63,12:27:30
8.02,3.32,92.1,738.6,305.8,0,63,12:27:35
8.01,3.36,92.1,737.7,309.5,0,63,12:27:40
8,3.35,92.1,736.8,308.5,0,64,12:27:45
8,3.36,92.1,736.8,309.5,0,65,12:27:50
8.02,3.37,92.1,738.6,310.4,0,65,12:27:55
8.02,3.33,92.1,738.6,306.7,0,66,12:28:00
8.01,3.36,92.1,737.7,309.5,0,67,12:28:05
8,3.4,92.1,736.8,313.1,0,68,12:28:10
8.02,3.44,92,737.8,316.5,0,68,12:28:15
8.03,3.33,92.1,739.6,306.7,0,68,12:28:20
8.05,3.32,92.1,741.4,305.8,0,66,12:28:25
8.07,3.31,92.1,743.2,304.9,0,65,12:28:30
8.06,3.3,92.1,742.3,303.9,0,65,12:28:35
8.06,3.27,92.1,742.3,301.2,0,65,12:28:40
8.04,3.32,92.1,740.5,305.8,0,65,12:28:45
8.01,3.37,92,736.9,310,0,65,12:28:50
8.02,3.3,92.1,738.6,303.9,0,66,12:28:55
8.03,3.32,92,738.8,305.4,0,67,12:29:00
8.01,3.35,92,736.9,308.2,0,67,12:29:05
8,3.33,92,736,306.4,0,68,12:29:10
8.02,3.39,91.9,737,311.5,0,69,12:29:15
7.99,2.96,92,735.1,272.3,0,70,12:29:20
8.01,2.63,92.1,737.7,242.2,0,70,12:29:25
7.98,2.57,92,734.2,236.4,0,70,12:29:30
7.99,3.12,91.9,734.3,286.7,0,70,12:29:35
8.01,3.23,92,736.9,297.2,0,70,12:29:40
8.02,3.16,91.9,737,290.4,0,69,12:29:45
8,3.16,92,736,290.7,0,70,12:29:50
8,2.84,92,736,261.3,0,70,12:29:55
7.98,2.45,92.1,735,225.6,0,71,12:30:00
7.98,2.63,92,734.2,242,0,71,12:30:05
7.97,2.72,92,733.2,250.2,0,71,12:30:10
7.99,2.21,92.1,735.9,203.5,0,71,12:30:15
7.99,2.19,92.1,735.9,201.7,0,71,12:30:20
8.02,3.13,92,737.8,288,0,70,12:30:25
8.02,3.22,91.9,737,295.9,0,70,12:30:30
8.01,3.17,91.9,736.1,291.3,0,70,12:30:35
8,3.07,92,736,282.4,0,70,12:30:40
8.01,2.27,92.1,737.7,209.1,0,71,12:30:45
7.99,2.89,92,735.1,265.9,0,71,12:30:50
8,2.5,92,736,230,0,71,12:30:55
8,2.05,92.1,736.8,188.8,0,71,12:31:00
7.99,2.25,92.1,735.9,207.2,0,71,12:31:05
7.98,2.74,92,734.2,252.1,0,71,12:31:10
7.98,2.6,92,734.2,239.2,0,71,12:31:15
7.98,2.62,92,734.2,241,0,71,12:31:20
7.95,2.49,92,731.4,229.1,0,72,12:31:25
7.94,1.64,92.2,732.1,151.2,0,72,12:31:30
7.94,1.35,92.2,732.1,124.5,0,72,12:31:35
7.92,0.59,92.3,731,54.5,0,72,12:31:40
7.94,0.35,92.4,733.7,32.3,0,72,12:31:45
7.94,0.82,92.3,732.9,75.7,0,71,12:31:50
7.93,0.82,92.3,731.9,75.7,0,71,12:31:55
7.93,0.61,92.3,731.9,56.3,0,72,12:32:00
7.92,1.57,92.2,730.2,144.8,0,72,12:32:05
7.93,0.75,92.3,731.9,69.2,0,72,12:32:10
7.9,0.58,92.3,729.2,53.5,0,72,12:32:15
7.9,0.73,92.4,730,67.5,0,72,12:32:20
7.92,1.64,92.2,730.2,151.2,0,72,12:32:25
7.92,2.12,92.1,729.4,195.3,0,71,12:32:30
7.92,1.77,92.1,729.4,163,0,71,12:32:35
7.94,2.06,92.1,731.3,189.7,0,71,12:32:40
8.02,2.2,92.1,738.6,202.6,0,70,12:32:45
8.01,2.43,92,736.9,223.6,0,69,12:32:50
8.02,3.35,91.9,737,307.9,0,69,12:32:55
8.01,3.38,91.9,736.1,310.6,0,69,12:33:00
8.01,3.4,91.9,736.1,312.5,0,69,12:33:05
8.04,4.67,91.6,736.5,427.8,0,69,12:33:10
8.02,4.41,91.7,735.4,404.4,0,70,12:33:15
8.05,4.33,91.7,738.2,397.1,0,70,12:33:20
8.05,4.54,91.6,737.4,415.9,0,70,12:33:25
8.06,4.51,91.6,738.3,413.1,0,69,12:33:30
8.07,4.94,91.5,738.4,452,0,69,12:33:35
8.05,4.83,91.6,737.4,442.4,0,69,12:33:40
8.02,4.59,91.6,734.6,420.4,0,70,12:33:45
7.98,3.61,91.7,731.8,331,0,71,12:33:50
7.88,0.67,92.2,726.5,61.8,0,73,12:33:55
7.81,-1.4,92.5,722.4,-129.5,0,74,12:34:00
7.85,-2.94,92.8,728.5,-272.8,0,75,12:34:05
7.85,-1.63,92.6,726.9,-150.9,0,74,12:34:10
7.85,-1,92.5,726.1,-92.5,0,74,12:34:15
7.88,0.29,92.4,728.1,26.8,0,73,12:34:20
7.9,0.95,92.2,728.4,87.6,0,73,12:34:25
7.92,1.05,92.2,730.2,96.8,0,72,12:34:30
7.93,1.82,92.1,730.4,167.6,0,72,12:34:35
7.94,1.41,92.2,732.1,130,0,72,12:34:40
7.94,2.26,92.1,731.3,208.1,0,71,12:34:45
7.99,3.05,91.9,734.3,280.3,0,70,12:34:50
8.04,3.34,91.8,738.1,306.6,0,69,12:34:55
8,3.34,91.8,734.4,306.6,0,67,12:35:00
8.05,3.33,91.8,739,305.7,0,66,12:35:05
8.02,3.34,91.8,736.2,306.6,0,67,12:35:10
8,3.33,91.8,734.4,305.7,0,66,12:35:15
8.02,3.33,91.8,736.2,305.7,0,67,12:35:20
8.03,3.33,91.8,737.2,305.7,0,67,12:35:25
8.05,3.34,91.8,739,306.6,0,67,12:35:30
8.05,3.29,91.8,739,302,0,66,12:35:35
8.07,3.28,91.8,740.8,301.1,0,66,12:35:40
8.07,3.27,91.8,740.8,300.2,0,66,12:35:45
8.06,3.29,91.8,739.9,302,0,66,12:35:50
8.02,3.35,91.8,736.2,307.5,0,67,12:35:55
8.02,3.32,91.7,735.4,304.4,0,69,12:36:00
7.97,2.04,91.9,732.4,187.5,0,71,12:36:05
7.84,-1.09,92.5,725.2,-100.8,0,74,12:36:10
7.76,-4.31,92.9,720.9,-400.4,0,76,12:36:15
7.72,-7.27,93.4,721,-679,0,77,12:36:20
7.74,-8.88,93.7,725.2,-832.1,0,78,12:36:25
7.83,-5.19,93.1,729,-483.2,0,76,12:36:30
7.89,-1.61,92.7,731.4,-149.2,0,74,12:36:35
7.92,-0.12,92.5,732.6,-11.1,0,73,12:36:40
7.94,0.37,92.4,733.7,34.2,0,73,12:36:45
7.96,1.07,92.2,733.9,98.7,0,73,12:36:50
7.96,1.57,92.1,733.1,144.6,0,72,12:36:55
8.14,4.09,91.8,747.3,375.5,0,70,12:37:00
8.34,10.56,90.7,756.4,957.8,0,67,12:37:05
8.05,13.51,90.2,726.1,1218.6,0,65,12:37:10
8.05,15.02,89.9,723.7,1350.3,0,65,12:37:15
8.02,13.65,90.1,722.6,1229.9,0,65,12:37:20
8,12.53,90.2,721.6,1130.2,0,66,12:37:25
7.93,9.79,90.6,718.5,887,0,67,12:37:30
7.9,8.09,90.8,717.3,734.6,0,68,12:37:35
7.84,6.01,91.1,714.2,547.5,0,69,12:37:40
7.77,4.07,91.4,710.2,372,0,70,12:37:45
7.75,2.71,91.7,710.7,248.5,0,71,12:37:50
7.72,1.73,91.9,709.5,159,0,72,12:37:55
7.74,1.89,91.8,710.5,173.5,0,72,12:38:00
7.71,1.13,91.9,708.5,103.8,0,72,12:38:05
7.68,0.77,92,706.6,70.8,0,72,12:38:10
7.68,0.49,92.1,707.3,45.1,0,73,12:38:15
7.67,-0.16,92.2,707.2,-14.8,0,73,12:38:20
7.63,-0.54,92.3,704.2,-49.8,0,74,12:38:25
7.64,-0.83,92.3,705.2,-76.6,0,74,12:38:30
7.6,-1.59,92.4,702.2,-146.9,0,74,12:38:35
7.64,-1.38,92.5,706.7,-127.7,0,74,12:38:40
7.61,-1.62,92.5,703.9,-149.9,0,74,12:38:45
7.64,-1.67,92.5,706.7,-154.5,0,74,12:38:50
7.64,-1.42,92.5,706.7,-131.4,0,74,12:38:55
7.64,-0.92,92.4,705.9,-85,0,73,12:39:00
7.69,0.74,92.1,708.2,68.2,0,73,12:39:05
7.68,1.57,92,706.6,144.4,0,72,12:39:10
7.72,1.34,92.1,711,123.4,0,72,12:39:15
7.73,2.51,91.9,710.4,230.7,0,72,12:39:20
7.77,3.28,91.8,713.3,301.1,0,71,12:39:25
7.79,4.36,91.5,712.8,398.9,0,70,12:39:30
7.8,5.09,91.4,712.9,465.2,0,70,12:39:35
7.81,4.14,91.6,715.4,379.2,0,71,12:39:40
7.77,3.86,91.5,711,353.2,0,71,12:39:45
7.73,2.57,91.8,709.6,235.9,0,71,12:39:50
7.73,2.58,91.8,709.6,236.8,0,71,12:39:55
7.72,2.74,91.7,707.9,251.3,0,72,12:40:00
7.7,2.87,91.7,706.1,263.2,0,71,12:40:05
7.79,2.98,91.7,714.3,273.3,0,71,12:40:10
7.88,3.52,91.6,721.8,322.4,0,71,12:40:15
7.88,3.13,91.6,721.8,286.7,0,71,12:40:20
7.88,3.67,91.6,721.8,336.2,0,71,12:40:25
7.9,3.81,91.5,722.9,348.6,0,71,12:40:30
7.91,2.76,91.7,725.3,253.1,0,71,12:40:35
7.92,2.17,91.8,727.1,199.2,0,71,12:40:40
7.87,1.73,91.8,722.5,158.8,0,72,12:40:45
7.92,0.93,92,728.6,85.6,0,72,12:40:50
7.95,2.14,91.8,729.8,196.5,0,72,12:40:55
7.92,0.79,92,728.6,72.7,0,72,12:41:00
7.86,-0.15,92.1,723.9,-13.8,0,73,12:41:05
7.69,-1.91,92.4,710.6,-176.5,0,74,12:41:10
7.67,-3.03,92.6,710.2,-280.6,0,75,12:41:15
7.74,-2.23,92.5,716,-206.3,0,74,12:41:20
7.74,-0.04,92.2,713.6,-3.7,0,73,12:41:25
7.84,2.13,91.9,720.5,195.7,0,71,12:41:30
7.92,4.95,91.4,723.9,452.4,0,70,12:41:35
7.89,5.77,91.2,719.6,526.2,0,69,12:41:40
7.97,5.86,91.2,726.9,534.4,0,69,12:41:45
7.93,5.57,91.2,723.2,508,0,70,12:41:50
7.85,4.6,91.3,716.7,420,0,70,12:41:55
7.82,2.59,91.7,717.1,237.5,0,71,12:42:00
7.76,0.96,91.9,713.1,88.2,0,73,12:42:05
7.74,-0.63,92.2,713.6,-58.1,0,73,12:42:10
7.82,-0.44,92.2,721,-40.6,0,73,12:42:15
7.81,-0.1,92.2,720.1,-9.2,0,73,12:42:20
7.93,3.94,91.5,725.6,360.5,0,71,12:42:25
7.99,5.3,91.3,729.5,483.9,0,70,12:42:30
7.88,5.03,91.3,719.4,459.2,0,70,12:42:35
7.85,4.86,91.3,716.7,443.7,0,70,12:42:40
7.84,5.09,91.2,715,464.2,0,70,12:42:45
7.92,5.22,91.2,722.3,476.1,0,70,12:42:50
7.82,4.74,91.3,714,432.8,0,70,12:42:55
7.87,2.62,91.6,720.9,240,0,71,12:43:00
7.68,0.15,92,706.6,13.8,0,73,12:43:05
7.53,-2.7,92.4,695.8,-249.5,0,75,12:43:10
7.41,-6.12,93,689.1,-569.2,0,77,12:43:15
7.35,-11.01,93.8,689.4,-1032.7,0,77,12:43:20
7.41,-9.29,93.5,692.8,-868.6,0,79,12:43:25
7.4,-11.08,93.9,694.9,-1040.4,0,80,12:43:30
7.15,-27.39,96.4,689.3,-2640.4,0,76,12:43:35
7.6,-2.06,92.7,704.5,-191,0,75,12:43:40
7.59,-4.18,93,705.9,-388.7,0,76,12:43:45
7.57,-5.37,93.1,704.8,-499.9,0,76,12:43:50
7.54,-6.73,93.4,704.2,-628.6,0,77,12:43:55
7.49,-8.04,93.6,701.1,-752.5,0,78,12:44:00
7.47,-9.17,93.8,700.7,-860.1,0,78,12:44:05
7.5,-7.99,93.6,702,-747.9,0,78,12:44:10
7.58,-5.06,93.2,706.5,-471.6,0,76,12:44:15
7.7,-1.74,92.7,713.8,-161.3,0,74,12:44:20
7.72,0.04,92.5,714.1,3.7,0,73,12:44:25
7.76,1.51,92.2,715.5,139.2,0,73,12:44:30
7.77,1.71,92.1,715.6,157.5,0,72,12:44:35
7.81,2.44,92,718.5,224.5,0,72,12:44:40
7.85,3.01,91.9,721.4,276.6,0,71,12:44:45
7.83,4.06,91.7,718,372.3,0,71,12:44:50
7.85,3.92,91.7,719.8,359.5,0,71,12:44:55
7.83,3.82,91.7,718,350.3,0,71,12:45:00
7.86,4,91.6,720,366.4,0,71,12:45:05
7.85,3.22,91.7,719.8,295.3,0,71,12:45:10
7.85,2.8,91.8,720.6,257,0,71,12:45:15
7.87,3.02,91.8,722.5,277.2,0,71,12:45:20
7.86,3.36,91.7,720.8,308.1,0,71,12:45:25
7.85,3.68,91.6,719.1,337.1,0,71,12:45:30
7.86,3.63,91.6,720,332.5,0,71,12:45:35
7.85,3.29,91.7,719.8,301.7,0,71,12:45:40
7.84,4.25,91.5,717.4,388.9,0,71,12:45:45
7.83,3.44,91.6,717.2,315.1,0,71,12:45:50
7.85,3.39,91.7,719.8,310.9,0,71,12:45:55
7.84,3.15,91.7,718.9,288.9,0,71,12:46:00
7.83,2.7,91.8,718.8,247.9,0,72,12:46:05
7.84,2,91.9,720.5,183.8,0,72,12:46:10
7.83,2,91.8,718.8,183.6,0,72,12:46:15
7.85,2.89,91.7,719.8,265,0,71,12:46:20
7.83,3.19,91.6,717.2,292.2,0,71,12:46:25
7.85,3.1,91.6,719.1,284,0,71,12:46:30
7.84,2.89,91.7,718.9,265,0,71,12:46:35
7.84,1.96,91.9,720.5,180.1,0,72,12:46:40
7.84,1.94,91.8,719.7,178.1,0,72,12:46:45
7.82,2.4,91.8,717.9,220.3,0,72,12:46:50
7.82,2.21,91.8,717.9,202.9,0,72,12:46:55
7.83,1.83,91.8,718.8,168,0,72,12:47:00
7.83,2.27,91.7,718,208.2,0,72,12:47:05
7.82,2.19,91.7,717.1,200.8,0,72,12:47:10
7.81,1.83,91.8,717,168,0,72,12:47:15
7.82,2.2,91.8,717.9,202,0,72,12:47:20
7.81,2.29,91.8,717,210.2,0,72,12:47:25
7.81,1.83,91.9,717.7,168.2,0,72,12:47:30
7.81,2.27,91.8,717,208.4,0,71,12:47:35
7.83,2.63,91.7,718,241.2,0,71,12:47:40
7.83,2.92,91.6,717.2,267.5,0,71,12:47:45
7.81,2.84,91.7,716.2,260.4,0,71,12:47:50
7.85,2.88,91.6,719.1,263.8,0,71,12:47:55
7.84,2.58,91.7,718.9,236.6,0,71,12:48:00
7.84,2.16,91.8,719.7,198.3,0,72,12:48:05
7.85,2.07,91.8,720.6,190,0,71,12:48:10
7.86,2.69,91.6,720,246.4,0,71,12:48:15
7.88,3.28,91.6,721.8,300.4,0,71,12:48:20
7.87,3.53,91.5,720.1,323,0,71,12:48:25
7.88,3.2,91.5,721,292.8,0,71,12:48:30
7.84,3.33,91.5,717.4,304.7,0,71,12:48:35
7.83,2.57,91.6,717.2,235.4,0,71,12:48:40
7.78,1.33,91.8,714.2,122.1,0,72,12:48:45
7.8,1.7,91.8,716,156.1,0,72,12:48:50
7.76,0.95,91.9,713.1,87.3,0,73,12:48:55
7.75,0.39,92,713,35.9,0,73,12:49:00
7.75,-0.77,92.2,714.6,-71,0,73,12:49:05
7.72,-0.48,92.1,711,-44.2,0,73,12:49:10
7.74,-0.75,92.2,713.6,-69.1,0,73,12:49:15
7.74,-0.34,92.2,713.6,-31.3,0,73,12:49:20
7.77,-0.11,92.1,715.6,-10.1,0,73,12:49:25
7.76,0.34,92,713.9,31.3,0,73,12:49:30
7.75,0.91,91.9,712.2,83.6,0,73,12:49:35
7.75,0.67,92,713,61.6,0,73,12:49:40
7.73,0.04,92.1,711.9,3.7,0,73,12:49:45
7.73,0.22,92.1,711.9,20.3,0,73,12:49:50
7.62,-5.64,92.9,707.9,-524,0,72,12:49:55
7.66,-4.54,92.8,710.8,-421.3,0,70,12:50:00
7.64,-4.51,92.8,709,-418.5,0,69,12:50:05
7.65,-4.55,92.8,709.9,-422.2,0,68,12:50:10
7.69,-1.24,92.4,710.6,-114.6,0,67,12:50:15
7.7,-0.18,92.2,709.9,-16.6,0,67,12:50:20
7.72,-0.23,92.2,711.8,-21.2,0,67,12:50:25
7.7,-0.19,92.2,709.9,-17.5,0,67,12:50:30
7.72,-0.18,92.2,711.8,-16.6,0,67,12:50:35
7.76,-0.25,92.2,715.5,-23.1,0,66,12:50:40
7.79,-0.23,92.2,718.2,-21.2,0,66,12:50:45
7.83,1.39,92,720.4,127.9,0,66,12:50:50
7.84,2.63,91.8,719.7,241.4,0,66,12:50:55
7.82,2.66,91.8,717.9,244.2,0,67,12:51:00
7.81,2.63,91.8,717,241.4,0,67,12:51:05
7.84,2.62,91.8,719.7,240.5,0,68,12:51:10
7.84,2.58,91.7,718.9,236.6,0,68,12:51:15
7.85,2.67,91.7,719.8,244.8,0,68,12:51:20
7.85,2.59,91.7,719.8,237.5,0,68,12:51:25
7.84,2.72,91.7,718.9,249.4,0,68,12:51:30
7.84,2.61,91.7,718.9,239.3,0,69,12:51:35
7.79,2.41,91.7,714.3,221,0,70,12:51:40
7.8,1.67,91.8,716,153.3,0,71,12:51:45
7.83,1.5,91.9,719.6,137.9,0,71,12:51:50
7.83,2.23,91.7,718,204.5,0,71,12:51:55
7.82,1.72,91.8,717.9,157.9,0,71,12:52:00
7.83,2.01,91.8,718.8,184.5,0,71,12:52:05
7.83,2.04,91.7,718,187.1,0,71,12:52:10
7.81,2.23,91.7,716.2,204.5,0,70,12:52:15
7.84,2.05,91.7,718.9,188,0,70,12:52:20
7.84,2.4,91.7,718.9,220.1,0,70,12:52:25
7.83,2.75,91.6,717.2,251.9,0,70,12:52:30
7.84,2.49,91.6,718.1,228.1,0,70,12:52:35
7.82,2.69,91.6,716.3,246.4,0,70,12:52:40
7.84,2.59,91.6,718.1,237.2,0,70,12:52:45
7.82,2.26,91.6,716.3,207,0,70,12:52:50
7.85,2.39,91.6,719.1,218.9,0,70,12:52:55
7.85,2.75,91.5,718.3,251.6,0,70,12:53:00
7.83,2.49,91.6,717.2,228.1,0,69,12:53:05
7.84,2.62,91.6,718.1,240,0,69,12:53:10
7.81,2.64,91.6,715.4,241.8,0,69,12:53:15
7.84,2.64,91.6,718.1,241.8,0,69,12:53:20
7.83,2.51,91.6,717.2,229.9,0,69,12:53:25
7.83,2.64,91.6,717.2,241.8,0,69,12:53:30
7.82,2.64,91.6,716.3,241.8,0,68,12:53:35
7.84,2.57,91.6,718.1,235.4,0,68,12:53:40
7.83,2.69,91.5,716.4,246.1,0,68,12:53:45
7.81,2.62,91.6,715.4,240,0,68,12:53:50
7.84,2.73,91.5,717.4,249.8,0,69,12:53:55
7.82,2.63,91.6,716.3,240.9,0,69,12:54:00
7.82,1.56,91.7,717.1,143.1,0,69,12:54:05
7.83,1.64,91.7,718,150.4,0,69,12:54:10
7.79,1.63,91.7,714.3,149.5,0,69,12:54:15
7.79,1.71,91.7,714.3,156.8,0,69,12:54:20
7.82,1.62,91.7,717.1,148.6,0,69,12:54:25
7.82,1.57,91.7,717.1,144,0,69,12:54:30
7.81,1.6,91.7,716.2,146.7,0,69,12:54:35
7.8,1.74,91.7,715.3,159.6,0,69,12:54:40
7.81,1.66,91.7,716.2,152.2,0,69,12:54:45
7.79,1.67,91.7,714.3,153.1,0,69,12:54:50
7.82,1.66,91.7,717.1,152.2,0,69,12:54:55
7.8,1.62,91.7,715.3,148.6,0,69,12:55:00
7.82,1.63,91.8,717.9,149.6,0,68,12:55:05
7.84,1.67,91.7,718.9,153.1,0,67,12:55:10
7.83,1.58,91.8,718.8,145,0,66,12:55:15
7.84,1.68,91.7,718.9,154.1,0,65,12:55:20
7.84,1.68,91.7,718.9,154.1,0,64,12:55:25
8.01,5.05,91.2,730.5,460.6,0,60,12:55:30
7.99,5.42,91.1,727.9,493.8,0,57,12:55:35
7.99,5.46,91,727.1,496.9,0,56,12:55:40
7.96,5.46,91,724.4,496.9,0,58,12:55:45
7.74,5.62,91,704.3,511.4,0,62,12:55:50
7.77,5.26,91,707.1,478.7,0,67,12:55:55
7.62,2.79,91.4,696.5,255,0,69,12:56:00
7.71,2.72,91.4,704.7,248.6,0,69,12:56:05
7.68,2.78,91.4,702,254.1,0,68,12:56:10
7.69,2.82,91.5,703.6,258,0,67,12:56:15
7.83,2.6,91.5,716.4,237.9,0,66,12:56:20
7.66,2.76,91.5,700.9,252.5,0,65,12:56:25
7.58,2.8,91.5,693.6,256.2,0,63,12:56:30
7.77,6.56,90.9,706.3,596.3,0,63,12:56:35
7.87,7.43,90.7,713.8,673.9,0,62,12:56:40
8.11,11.52,90.1,730.7,1038,0,58,12:56:45
7.81,11.76,90,702.9,1058.4,0,55,12:56:50
7.82,14.71,89.5,699.9,1316.5,0,56,12:56:55
7.81,14.8,89.5,699,1324.6,0,58,12:57:00
7.88,18.01,88.9,700.5,1601.1,0,61,12:57:05
7.95,17.56,88.9,706.8,1561.1,0,60,12:57:10
7.92,17.44,88.9,704.1,1550.4,0,58,12:57:15
7.85,17.64,88.9,697.9,1568.2,0,59,12:57:20
7.74,16.56,88.9,688.1,1472.2,0,62,12:57:25
7.67,11.32,89.7,688,1015.4,0,66,12:57:30
7.67,9.32,90,690.3,838.8,0,67,12:57:35
7.7,9.6,89.9,692.2,863,0,67,12:57:40
7.66,10.11,89.9,688.6,908.9,0,67,12:57:45
7.55,6.85,90.4,682.5,619.2,0,69,12:57:50
7.55,5.39,90.6,684,488.3,0,69,12:57:55
7.55,5.91,90.6,684,535.4,0,69,12:58:00
7.58,6.37,90.5,686,576.5,0,69,12:58:05
7.55,6.66,90.5,683.3,602.7,0,69,12:58:10
7.54,6.14,90.5,682.4,555.7,0,69,12:58:15
7.53,4.3,90.8,683.7,390.4,0,70,12:58:20
7.52,4.28,90.9,683.6,389.1,0,70,12:58:25
7.49,5.03,90.7,679.3,456.2,0,70,12:58:30
7.47,3.8,90.9,679,345.4,0,70,12:58:35
7.46,2.95,91.1,679.6,268.7,0,71,12:58:40
7.43,2.71,91.1,676.9,246.9,0,71,12:58:45
7.61,-0.34,91.6,697.1,-31.1,0,73,12:58:50
7.66,0.45,91.5,700.9,41.2,0,72,12:58:55
7.68,2.1,91.2,700.4,191.5,0,71,12:59:00
7.64,1.95,91.3,697.5,178,0,71,12:59:05
7.63,2.3,91.2,695.9,209.8,0,71,12:59:10
7.63,2.21,91.3,696.6,201.8,0,71,12:59:15
7.68,2.14,91.2,700.4,195.2,0,72,12:59:20
7.67,2.01,91.3,700.3,183.5,0,72,12:59:25
7.65,1.82,91.3,698.4,166.2,0,71,12:59:30
7.64,1.56,91.4,698.3,142.6,0,72,12:59:35
7.58,0.4,91.6,694.3,36.6,0,73,12:59:40
7.63,0.99,91.4,697.4,90.5,0,72,12:59:45
7.64,0.73,91.5,699.1,66.8,0,72,12:59:50
7.63,1.39,91.4,697.4,127,0,72,12:59:55
7.61,1.01,91.5,696.3,92.4,0,72,13:00:00
7.65,2.01,91.3,698.4,183.5,0,72,13:00:05
7.65,2.37,91.2,697.7,216.1,0,71,13:00:10
7.6,1.81,91.3,693.9,165.3,0,72,13:00:15
7.62,1.03,91.5,697.2,94.2,0,72,13:00:20
7.64,2.29,91.2,696.8,208.8,0,71,13:00:25
7.64,2.31,91.3,697.5,210.9,0,71,13:00:30
7.68,2.19,91.3,701.2,199.9,0,71,13:00:35
7.68,3.35,91.1,699.6,305.2,0,71,13:00:40
7.68,2.9,91.2,700.4,264.5,0,71,13:00:45
7.62,1.69,91.4,696.5,154.5,0,72,13:00:50
7.58,1.11,91.5,693.6,101.6,0,72,13:00:55
7.63,0.5,91.5,698.1,45.8,0,72,13:01:00
7.67,2.39,91.2,699.5,218,0,71,13:01:05
7.71,3.36,91.1,702.4,306.1,0,70,13:01:10
7.65,3.48,91.1,696.9,317,0,71,13:01:15
7.64,2.32,91.2,696.8,211.6,0,71,13:01:20
7.66,2.18,91.2,698.6,198.8,0,71,13:01:25
7.65,2.41,91.2,697.7,219.8,0,71,13:01:30
7.64,2.05,91.3,697.5,187.2,0,71,13:01:35
7.66,1.95,91.3,699.4,178,0,71,13:01:40
7.7,3.44,91.1,701.5,313.4,0,71,13:01:45
7.71,3.91,91,701.6,355.8,0,70,13:01:50
7.7,4.63,90.9,699.9,420.9,0,70,13:01:55
7.72,5.13,90.8,701,465.8,0,70,13:02:00
7.77,5.8,90.7,704.7,526.1,0,69,13:02:05
7.82,7.36,90.4,706.9,665.3,0,68,13:02:10
7.79,8.24,90.2,702.7,743.2,0,68,13:02:15
7.8,7.82,90.3,704.3,706.1,0,68,13:02:20
7.73,5.96,90.5,699.6,539.4,0,69,13:02:25
7.75,5.55,90.6,702.2,502.8,0,69,13:02:30
7.76,6.44,90.4,701.5,582.2,0,69,13:02:35
7.69,5.15,90.7,697.5,467.1,0,70,13:02:40
7.68,3.76,90.9,698.1,341.8,0,70,13:02:45
7.68,2.93,91,698.9,266.6,0,71,13:02:50
7.75,4.81,90.7,702.9,436.3,0,69,13:02:55
7.81,7.4,90.3,705.2,668.2,0,68,13:03:00
7.82,8.1,90.2,705.4,730.6,0,67,13:03:05
7.82,8.15,90.1,704.6,734.3,0,67,13:03:10
7.77,5.9,90.5,703.2,534,0,69,13:03:15
7.68,3.44,90.9,698.1,312.7,0,71,13:03:20
7.6,1.04,91.2,693.1,94.8,0,72,13:03:25
7.56,-0.73,91.5,691.7,-66.8,0,73,13:03:30
7.53,-1.95,91.8,691.3,-179,0,74,13:03:35
7.52,-2.73,91.9,691.1,-250.9,0,74,13:03:40
7.48,-3.9,92.1,688.9,-359.2,0,75,13:03:45
7.47,-3.43,92.1,688,-315.9,0,75,13:03:50
7.52,-2.78,92,691.8,-255.8,0,74,13:03:55
7.57,-1.18,91.8,694.9,-108.3,0,73,13:04:00
7.59,0.26,91.6,695.2,23.8,0,72,13:04:05
7.63,1.74,91.3,696.6,158.9,0,72,13:04:10
7.63,1.67,91.3,696.6,152.5,0,72,13:04:15
7.62,1.66,91.3,695.7,151.6,0,71,13:04:20
7.63,1.5,91.3,696.6,137,0,72,13:04:25
7.68,1.91,91.2,700.4,174.2,0,71,13:04:30
7.65,2.51,91.2,697.7,228.9,0,71,13:04:35
7.64,2.63,91.1,696,239.6,0,71,13:04:40
7.66,3.29,91,697.1,299.4,0,71,13:04:45
7.8,5.83,90.6,706.7,528.2,0,69,13:04:50
7.82,7.7,90.3,706.1,695.3,0,68,13:04:55
7.73,6.02,90.5,699.6,544.8,0,69,13:05:00
7.61,3.5,90.9,691.7,318.2,0,71,13:05:05
7.56,0.53,91.4,691,48.4,0,72,13:05:10
7.55,-0.51,91.5,690.8,-46.7,0,73,13:05:15
7.63,1.2,91.3,696.6,109.6,0,72,13:05:20
7.7,1.2,91.3,703,109.6,0,72,13:05:25
7.73,1.71,91.3,705.7,156.1,0,71,13:05:30
7.72,2.46,91.1,703.3,224.1,0,71,13:05:35
7.78,3.83,90.9,707.2,348.1,0,70,13:05:40
7.79,3.84,90.9,708.1,349.1,0,70,13:05:45
7.71,0.87,91.3,703.9,79.4,0,72,13:05:50
7.6,-3.73,92,699.2,-343.2,0,75,13:05:55
7.32,-10.03,93,680.8,-932.8,0,79,13:06:00
7.15,-16.81,94.1,672.8,-1581.8,0,83,13:06:05
7.2,-18.13,94.4,679.7,-1711.5,0,83,13:06:10
7.42,-11.85,93.5,693.8,-1108,0,79,13:06:15
7.5,-6.15,92.7,695.3,-570.1,0,76,13:06:20
7.49,-5.94,92.6,693.6,-550,0,76,13:06:25
7.58,-3.07,92.2,698.9,-283.1,0,73,13:06:30
7.58,-2.12,92.1,698.1,-195.3,0,72,13:06:35
7.52,-1.75,92,691.8,-161,0,72,13:06:40
7.55,-1.86,92,694.6,-171.1,0,74,13:06:45
7.61,-0.52,91.9,699.4,-47.8,0,73,13:06:50
7.69,1.82,91.4,702.9,166.3,0,71,13:06:55
7.82,6.42,90.7,709.3,582.3,0,68,13:07:00
7.79,6.53,90.7,706.6,592.3,0,67,13:07:05
7.7,5.95,90.7,698.4,539.7,0,69,13:07:10
7.72,4.45,90.9,701.7,404.5,0,70,13:07:15
7.73,4.46,90.9,702.7,405.4,0,70,13:07:20
7.77,6.29,90.6,704,569.9,0,68,13:07:25
7.78,6.85,90.5,704.1,619.9,0,68,13:07:30
7.73,4.66,90.8,701.9,423.1,0,70,13:07:35
7.56,0.58,91.5,691.7,53.1,0,73,13:07:40
7.56,-1.79,91.8,694,-164.3,0,73,13:07:45
7.63,0.36,91.5,698.1,32.9,0,72,13:07:50
7.69,2.3,91.3,702.1,210,0,71,13:07:55
7.73,4.56,90.8,701.9,414,0,70,13:08:00
7.76,5.57,90.7,703.8,505.2,0,69,13:08:05
7.76,5.8,90.6,703.1,525.5,0,69,13:08:10
7.72,5.63,90.7,700.2,510.6,0,69,13:08:15
7.71,5.24,90.6,698.5,474.7,0,69,13:08:20
7.74,5.7,90.6,701.2,516.4,0,69,13:08:25
7.71,6.57,90.4,697,593.9,0,68,13:08:30
7.77,7.18,90.3,701.6,648.4,0,67,13:08:35
7.84,9.97,89.9,704.8,896.3,0,67,13:08:40
7.86,9,90,707.4,810,0,66,13:08:45
8.03,12.48,89.5,718.7,1117,0,64,13:08:50
8.1,13.96,89.2,722.5,1245.2,0,61,13:08:55
8.11,16.05,88.8,720.2,1425.2,0,59,13:09:00
8.05,17.38,88.6,713.2,1539.9,0,60,13:09:05
8.04,17.78,88.6,712.3,1575.3,0,61,13:09:10
7.99,16.69,88.6,707.9,1478.7,0,63,13:09:15
7.83,11.83,89.2,698.4,1055.2,0,66,13:09:20
7.75,6.31,90.1,698.3,568.5,0,68,13:09:25
7.7,4.11,90.5,696.9,372,0,70,13:09:30
7.74,2.26,90.8,702.8,205.2,0,71,13:09:35
7.65,1.25,91,696.2,113.8,0,72,13:09:40
7.62,-0.08,91.2,694.9,-7.3,0,72,13:09:45
7.59,-0.62,91.3,693,-56.6,0,73,13:09:50
7.62,-0.06,91.3,695.7,-5.5,0,73,13:09:55
7.58,-0.4,91.3,692.1,-36.5,0,73,13:10:00
7.54,-0.6,91.4,689.2,-54.8,0,73,13:10:05
7.55,-0.17,91.4,690.1,-15.5,0,73,13:10:10
7.56,0.04,91.4,691,3.7,0,73,13:10:15
7.55,0.36,91.3,689.3,32.9,0,73,13:10:20
7.52,-0.16,91.4,687.3,-14.6,0,73,13:10:25
7.53,-0.25,91.4,688.2,-22.9,0,73,13:10:30
7.53,-0.31,91.5,689,-28.4,0,73,13:10:35
7.57,-0.17,91.4,691.9,-15.5,0,73,13:10:40
7.61,0.23,91.4,695.6,21,0,72,13:10:45
7.62,0.62,91.2,694.9,56.5,0,72,13:10:50
7.65,0.39,91.3,698.4,35.6,0,72,13:10:55
7.67,0,91.5,701.8,0,0,72,13:11:00
7.63,0.25,91.4,697.4,22.9,0,72,13:11:05
7.6,-1.13,91.6,696.2,-103.5,0,73,13:11:10
7.51,-3.54,91.9,690.2,-325.3,0,75,13:11:15
7.45,-6.14,92.3,687.6,-566.7,0,76,13:11:20
7.49,-6.22,92.4,692.1,-574.7,0,76,13:11:25
7.55,-5.36,92.3,696.9,-494.7,0,75,13:11:30
7.57,-4.06,92.1,697.2,-373.9,0,75,13:11:35
7.57,-3.7,92.1,697.2,-340.8,0,75,13:11:40
7.55,-4.5,92.2,696.1,-414.9,0,75,13:11:45
7.59,-3.18,92,698.3,-292.6,0,74,13:11:50
7.65,-0.16,91.6,700.7,-14.7,0,73,13:11:55
7.63,0.25,91.5,698.1,22.9,0,72,13:12:00
7.62,0.33,91.5,697.2,30.2,0,72,13:12:05
7.63,0.08,91.5,698.1,7.3,0,72,13:12:10
7.66,0.59,91.4,700.1,53.9,0,71,13:12:15
7.67,1.22,91.3,700.3,111.4,0,71,13:12:20
7.64,1.29,91.3,697.5,117.8,0,71,13:12:25
7.6,-0.05,91.5,695.4,-4.6,0,72,13:12:30
7.55,-2,91.8,693.1,-183.6,0,74,13:12:35
7.49,-3.78,92.1,689.8,-348.1,0,75,13:12:40
7.46,-4.53,92.2,687.8,-417.7,0,75,13:12:45
7.47,-3.06,92,687.2,-281.5,0,74,13:12:50
7.5,-1.95,91.9,689.3,-179.2,0,74,13:12:55
7.53,-1.53,91.8,691.3,-140.5,0,73,13:13:00
7.56,-0.95,91.7,693.3,-87.1,0,72,13:13:05
7.61,-0.1,91.6,697.1,-9.2,0,70,13:13:10
7.62,-0.18,91.6,698,-16.5,0,68,13:13:15
7.75,6.58,90.5,701.4,595.5,0,67,13:13:20
7.81,6.99,90.4,706,631.9,0,67,13:13:25
7.78,7.07,90.4,703.3,639.1,0,68,13:13:30
7.76,6,90.5,702.3,543,0,69,13:13:35
7.77,5.65,90.5,703.2,511.3,0,69,13:13:40
7.76,5.96,90.5,702.3,539.4,0,69,13:13:45
7.73,5.23,90.5,699.6,473.3,0,69,13:13:50
7.69,3.92,90.7,697.5,355.5,0,70,13:13:55
7.69,2.94,90.9,699,267.2,0,70,13:14:00
7.66,3.14,90.9,696.3,285.4,0,70,13:14:05
7.7,3.12,90.9,699.9,283.6,0,70,13:14:10
7.75,4.47,90.7,702.9,405.4,0,70,13:14:15
7.75,5.66,90.4,700.6,511.7,0,69,13:14:20
7.79,6.68,90.3,703.4,603.2,0,68,13:14:25
7.81,6.8,90.3,705.2,614,0,67,13:14:30
7.81,7.44,90.1,703.7,670.3,0,67,13:14:35
7.79,7.66,90,701.1,689.4,0,67,13:14:40
7.8,6.72,90.2,703.6,606.1,0,68,13:14:45
7.74,5.1,90.4,699.7,461,0,69,13:14:50
7.7,3.53,90.7,698.4,320.2,0,70,13:14:55
7.64,1.63,91,695.2,148.3,0,71,13:15:00
7.55,-0.8,91.4,690.1,-73.1,0,73,13:15:05
7.57,-1.85,91.5,692.7,-169.3,0,73,13:15:10
7.58,-2.06,91.6,694.3,-188.7,0,73,13:15:15
7.66,0.24,91.3,699.4,21.9,0,72,13:15:20
7.74,3.92,90.7,702,355.5,0,70,13:15:25
7.83,6.31,90.3,707,569.8,0,68,13:15:30
7.83,7.91,90,704.7,711.9,0,67,13:15:35
7.85,9.01,89.9,705.7,810,0,67,13:15:40
7.86,9.25,89.7,705,829.7,0,67,13:15:45
7.84,8.14,89.9,704.8,731.8,0,67,13:15:50
7.88,8.49,89.9,708.4,763.3,0,67,13:15:55
7.84,8.1,89.9,704.8,728.2,0,67,13:16:00
7.83,7.98,89.8,703.1,716.6,0,68,13:16:05
7.8,6.44,90.1,702.8,580.2,0,68,13:16:10
7.78,5.55,90.3,702.5,501.2,0,69,13:16:15
7.75,4.56,90.4,700.6,412.2,0,70,13:16:20
7.79,4.82,90.4,704.2,435.7,0,69,13:16:25
7.79,5.88,90.2,702.7,530.4,0,68,13:16:30
7.76,5,90.3,700.7,451.5,0,69,13:16:35
7.65,3.61,90.5,692.3,326.7,0,70,13:16:40
7.6,0.88,91,691.6,80.1,0,72,13:16:45
7.59,-0.26,91.2,692.2,-23.7,0,73,13:16:50
7.51,-0.85,91.3,685.7,-77.6,0,73,13:16:55
7.49,-1.48,91.4,684.6,-135.3,0,73,13:17:00
7.45,-2,91.5,681.7,-183,0,74,13:17:05
7.4,-4.71,91.9,680.1,-432.8,0,75,13:17:10
7.29,-8.4,92.5,674.3,-777,0,77,13:17:15
7.24,-12.29,93.2,674.8,-1145.4,0,79,13:17:20
7.33,-11.28,93.1,682.4,-1050.2,0,79,13:17:25
7.48,-6.18,92.3,690.4,-570.4,0,76,13:17:30
7.47,-3.93,92,687.2,-361.6,0,75,13:17:35
7.45,-4.53,92.1,686.1,-417.2,0,75,13:17:40
7.53,-2.52,91.8,691.3,-231.3,0,74,13:17:45
7.63,-0.06,91.4,697.4,-5.5,0,72,13:17:50
7.71,3.5,90.9,700.8,318.2,0,70,13:17:55
7.81,6.55,90.4,706,592.1,0,68,13:18:00
7.76,6.61,90.3,700.7,596.9,0,68,13:18:05
7.72,4.83,90.6,699.4,437.6,0,69,13:18:10
7.68,3.34,90.8,697.3,303.3,0,70,13:18:15
7.74,3.98,90.6,701.2,360.6,0,70,13:18:20
7.79,5.26,90.5,705,476,0,69,13:18:25
7.82,7.18,90.1,704.6,646.9,0,68,13:18:30
7.82,7.53,90.1,704.6,678.5,0,68,13:18:35
7.77,7.05,90.1,700.1,635.2,0,68,13:18:40
7.75,6.86,90.1,698.3,618.1,0,68,13:18:45
7.78,6.68,90.1,701,601.9,0,68,13:18:50
7.81,6.78,90.1,703.7,610.9,0,68,13:18:55
7.7,5.47,90.3,695.3,493.9,0,69,13:19:00
7.64,3.97,90.5,691.4,359.3,0,70,13:19:05
7.63,2.98,90.7,692,270.3,0,70,13:19:10
7.56,2.26,90.8,686.4,205.2,0,71,13:19:15
7.54,1.49,90.9,685.4,135.4,0,72,13:19:20
7.55,1.08,91,687.1,98.3,0,72,13:19:25
7.46,-0.66,91.2,680.4,-60.2,0,73,13:19:30
7.49,-1,91.4,684.6,-91.4,0,73,13:19:35
7.51,-0.83,91.3,685.7,-75.8,0,73,13:19:40
7.5,-0.25,91.3,684.8,-22.8,0,72,13:19:45
7.49,0.52,91.2,683.1,47.4,0,72,13:19:50
7.5,0.32,91.1,683.3,29.2,0,72,13:19:55
7.53,-0.04,91.2,686.7,-3.6,0,72,13:20:00
7.5,-0.2,91.3,684.8,-18.3,0,72,13:20:05
7.45,-0.36,91.3,680.2,-32.9,0,73,13:20:10
7.5,-0.65,91.3,684.8,-59.3,0,73,13:20:15
7.48,-0.92,91.4,683.7,-84.1,0,73,13:20:20
7.48,-0.85,91.4,683.7,-77.7,0,73,13:20:25
7.49,-0.3,91.3,683.8,-27.4,0,72,13:20:30
7.53,0.97,91.1,686,88.4,0,72,13:20:35
7.55,0.51,91.2,688.6,46.5,0,72,13:20:40
7.51,1.26,91.1,684.2,114.8,0,72,13:20:45
7.52,1.46,91,684.3,132.9,0,71,13:20:50
7.56,2.19,90.9,687.2,199.1,0,71,13:20:55
7.59,2.86,90.8,689.2,259.7,0,71,13:21:00
7.55,2.15,90.9,686.3,195.4,0,71,13:21:05
7.53,1.45,91,685.2,132,0,71,13:21:10
7.53,0.82,91.1,686,74.7,0,72,13:21:15
7.53,1.41,91,685.2,128.3,0,72,13:21:20
7.55,1.64,91,687.1,149.2,0,72,13:21:25
7.5,1.07,91.1,683.3,97.5,0,72,13:21:30
7.55,0.47,91.2,688.6,42.9,0,72,13:21:35
7.52,1.04,91.1,685.1,94.7,0,72,13:21:40
7.47,-0.2,91.3,682,-18.3,0,72,13:21:45
7.49,-0.45,91.3,683.8,-41.1,0,73,13:21:50
7.45,-0.1,91.3,680.2,-9.1,0,73,13:21:55
7.45,-0.49,91.3,680.2,-44.7,0,73,13:22:00
7.46,-0.78,91.4,681.8,-71.3,0,73,13:22:05
7.49,-0.51,91.4,684.6,-46.6,0,73,13:22:10
7.5,-0.23,91.3,684.8,-21,0,72,13:22:15
7.48,-0.13,91.3,682.9,-11.9,0,73,13:22:20
7.49,0.46,91.2,683.1,42,0,72,13:22:25
7.47,0.21,91.2,681.3,19.2,0,72,13:22:30
7.59,0.12,91.3,693,11,0,72,13:22:35
7.59,1.43,91,690.7,130.1,0,72,13:22:40
7.59,1.21,91.1,691.4,110.2,0,72,13:22:45
7.56,2.01,91,688,182.9,0,71,13:22:50
7.57,2.76,90.9,688.1,250.9,0,71,13:22:55
7.58,3.03,90.8,688.3,275.1,0,70,13:23:00
7.66,5.12,90.4,692.5,462.8,0,69,13:23:05
7.71,6.37,90.2,695.4,574.6,0,68,13:23:10
7.7,5.74,90.3,695.3,518.3,0,69,13:23:15
7.66,5.59,90.3,691.7,504.8,0,69,13:23:20
7.7,5.57,90.3,695.3,503,0,69,13:23:25
7.68,5.91,90.2,692.7,533.1,0,69,13:23:30
7.68,5.81,90.2,692.7,524.1,0,69,13:23:35
7.63,5.7,90.2,688.2,514.1,0,69,13:23:40
7.69,5.55,90.2,693.6,500.6,0,69,13:23:45
7.68,5.41,90.2,692.7,488,0,69,13:23:50
7.65,4.86,90.3,690.8,438.9,0,69,13:23:55
7.64,4.86,90.3,689.9,438.9,0,69,13:24:00
7.62,4.63,90.3,688.1,418.1,0,69,13:24:05
7.62,4.61,90.3,688.1,416.3,0,70,13:24:10
7.6,4.03,90.4,687,364.3,0,70,13:24:15
7.61,3.43,90.6,689.5,310.8,0,70,13:24:20
7.56,2.37,90.7,685.7,215,0,71,13:24:25
7.54,2.3,90.7,683.9,208.6,0,71,13:24:30
7.52,1.52,90.8,682.8,138,0,72,13:24:35
7.49,0.61,91,681.6,55.5,0,72,13:24:40
7.52,0.51,91,684.3,46.4,0,72,13:24:45
7.52,1.18,90.9,683.6,107.3,0,72,13:24:50
7.5,0.61,91,682.5,55.5,0,72,13:24:55
7.48,0.56,91,680.7,51,0,72,13:25:00
7.51,0.84,91,683.4,76.4,0,72,13:25:05
7.47,0.47,91.1,680.5,42.8,0,72,13:25:10
7.49,0.97,90.9,680.8,88.2,0,72,13:25:15
7.49,-0.11,91.2,683.1,-10,0,72,13:25:20
7.49,-0.06,91.2,683.1,-5.5,0,72,13:25:25
7.48,0.37,91.1,681.4,33.7,0,72,13:25:30
7.55,0.49,91.1,687.8,44.6,0,72,13:25:35
7.51,1.34,90.9,682.7,121.8,0,72,13:25:40
7.52,1.91,90.9,683.6,173.6,0,71,13:25:45
7.53,1.91,90.8,683.7,173.4,0,71,13:25:50
7.54,2.05,90.8,684.6,186.1,0,71,13:25:55
7.53,1.9,90.9,684.5,172.7,0,71,13:26:00
7.56,2.6,90.7,685.7,235.8,0,71,13:26:05
7.59,3.16,90.7,688.4,286.6,0,70,13:26:10
7.64,4.46,90.4,690.7,403.2,0,69,13:26:15
7.65,5.76,90.2,690,519.6,0,69,13:26:20
7.67,6.03,90.1,691.1,543.3,0,68,13:26:25
7.64,5.1,90.3,689.9,460.5,0,69,13:26:30
7.6,4.54,90.3,686.3,410,0,70,13:26:35
7.57,3.77,90.4,684.3,340.8,0,70,13:26:40
7.56,2.87,90.6,684.9,260,0,70,13:26:45
7.56,2.76,90.6,684.9,250.1,0,70,13:26:50
7.56,3.13,90.6,684.9,283.6,0,70,13:26:55
7.55,2.18,90.7,684.8,197.7,0,71,13:27:00
7.57,2.47,90.6,685.8,223.8,0,71,13:27:05
7.55,2.06,90.7,684.8,186.8,0,71,13:27:10
7.51,2.07,90.7,681.2,187.7,0,71,13:27:15
7.54,2.3,90.7,683.9,208.6,0,71,13:27:20
7.52,1.75,90.8,682.8,158.9,0,71,13:27:25
7.55,1.57,90.8,685.5,142.6,0,71,13:27:30
7.5,1.53,90.9,681.8,139.1,0,71,13:27:35
7.5,1.81,90.8,681,164.3,0,71,13:27:40
7.51,2.08,90.7,681.2,188.7,0,71,13:27:45
7.5,1.87,90.7,680.3,169.6,0,71,13:27:50
7.49,1.59,90.8,680.1,144.4,0,71,13:27:55
7.45,0.93,90.9,677.2,84.5,0,72,13:28:00
7.49,0.64,91,681.6,58.2,0,72,13:28:05
7.48,0.93,90.9,679.9,84.5,0,72,13:28:10
7.53,1.92,90.8,683.7,174.3,0,71,13:28:15
7.56,2.7,90.7,685.7,244.9,0,70,13:28:20
7.52,2.65,90.7,682.1,240.4,0,70,13:28:25
7.53,3.15,90.6,682.2,285.4,0,70,13:28:30
7.52,3.21,90.6,681.3,290.8,0,70,13:28:35
7.5,2.23,90.7,680.3,202.3,0,71,13:28:40
7.51,2.66,90.6,680.4,241,0,71,13:28:45
7.49,1.88,90.7,679.3,170.5,0,71,13:28:50
7.5,1.93,90.8,681,175.2,0,71,13:28:55
7.52,2.59,90.6,681.3,234.7,0,71,13:29:00
7.53,2.48,90.7,683,224.9,0,70,13:29:05
7.55,2.72,90.6,684,246.4,0,70,13:29:10
7.54,3.34,90.5,682.4,302.3,0,70,13:29:15
7.54,3.76,90.4,681.6,339.9,0,70,13:29:20
7.56,3.78,90.4,683.4,341.7,0,70,13:29:25
7.56,3.63,90.4,683.4,328.2,0,70,13:29:30
7.56,3.7,90.4,683.4,334.5,0,70,13:29:35
7.57,3.65,90.4,684.3,330,0,70,13:29:40
7.54,3.77,90.4,681.6,340.8,0,70,13:29:45
7.57,3.8,90.4,684.3,343.5,0,70,13:29:50
7.55,3.57,90.4,682.5,322.7,0,70,13:29:55
7.56,3.38,90.4,683.4,305.6,0,70,13:30:00
7.56,3.24,90.5,684.2,293.2,0,70,13:30:05
7.54,3.36,90.5,682.4,304.1,0,70,13:30:10
7.55,3.16,90.5,683.3,286,0,70,13:30:15
7.53,3.05,90.5,681.5,276,0,70,13:30:20
7.55,3.22,90.5,683.3,291.4,0,70,13:30:25
7.57,3.25,90.5,685.1,294.1,0,70,13:30:30
7.56,3.05,90.5,684.2,276,0,70,13:30:35
7.54,2.92,90.5,682.4,264.3,0,70,13:30:40
7.52,2.91,90.4,679.8,263.1,0,70,13:30:45
7.53,3.24,90.4,680.7,292.9,0,70,13:30:50
7.52,3.3,90.5,680.6,298.7,0,70,13:30:55
7.55,3.31,90.5,683.3,299.6,0,70,13:31:00
7.55,3.33,90.4,682.5,301,0,70,13:31:05
7.54,3.4,90.4,681.6,307.4,0,70,13:31:10
7.57,3.54,90.4,684.3,320,0,70,13:31:15
7.56,3.2,90.5,684.2,289.6,0,70,13:31:20
7.55,2.79,90.5,683.3,252.5,0,70,13:31:25
7.53,2.71,90.5,681.5,245.3,0,70,13:31:30
7.52,2.95,90.5,680.6,267,0,70,13:31:35
7.52,3.1,90.4,679.8,280.2,0,70,13:31:40
7.52,3.43,90.4,679.8,310.1,0,70,13:31:45
7.54,3.49,90.3,680.9,315.1,0,70,13:31:50
7.53,3.8,90.3,680,343.1,0,70,13:31:55
7.55,3.72,90.3,681.8,335.9,0,70,13:32:00
7.53,3.65,90.3,680,329.6,0,70,13:32:05
7.51,3.58,90.3,678.2,323.3,0,70,13:32:10
7.51,3.26,90.4,678.9,294.7,0,70,13:32:15
7.51,3.12,90.4,678.9,282,0,70,13:32:20
7.52,2.58,90.5,680.6,233.5,0,71,13:32:25
7.51,2.48,90.5,679.7,224.4,0,70,13:32:30
7.52,3.06,90.4,679.8,276.6,0,70,13:32:35
7.52,3.13,90.4,679.8,283,0,70,13:32:40
7.51,2.74,90.5,679.7,248,0,70,13:32:45
7.49,3.13,90.4,677.1,283,0,70,13:32:50
7.54,3.51,90.4,681.6,317.3,0,70,13:32:55
7.52,3.8,90.3,679.1,343.1,0,70,13:33:00
7.55,3.95,90.3,681.8,356.7,0,70,13:33:05
7.56,3.74,90.3,682.7,337.7,0,70,13:33:10
7.52,3.29,90.4,679.8,297.4,0,70,13:33:15
7.52,3.2,90.4,679.8,289.3,0,70,13:33:20
7.53,2.85,90.4,680.7,257.6,0,70,13:33:25
7.54,2.86,90.4,681.6,258.5,0,70,13:33:30
7.51,2.99,90.4,678.9,270.3,0,70,13:33:35
7.52,3.15,90.3,679.1,284.4,0,70,13:33:40
7.51,2.81,90.5,679.7,254.3,0,70,13:33:45
7.49,2.64,90.5,677.8,238.9,0,70,13:33:50
7.5,2.85,90.4,678,257.6,0,70,13:33:55
7.51,2.72,90.4,678.9,245.9,0,70,13:34:00
7.49,3.2,90.3,676.3,289,0,70,13:34:05
7.48,3.28,90.3,675.4,296.2,0,70,13:34:10
7.49,3.3,90.3,676.3,298,0,70,13:34:15
7.47,2.74,90.4,675.3,247.7,0,70,13:34:20
7.47,1.92,90.5,676,173.8,0,71,13:34:25
7.47,1.66,90.7,677.5,150.6,0,71,13:34:30
7.45,1.97,90.5,674.2,178.3,0,71,13:34:35
7.44,1.84,90.5,673.3,166.5,0,71,13:34:40
7.39,1.28,90.7,670.3,116.1,0,72,13:34:45
7.34,-0.84,91,667.9,-76.4,0,73,13:34:50
7.34,-2.26,91.2,669.4,-206.1,0,73,13:34:55
7.29,-3.34,91.4,666.3,-305.3,0,74,13:35:00
7.29,-3.93,91.5,667,-359.6,0,74,13:35:05
7.29,-3.95,91.5,667,-361.4,0,74,13:35:10
7.28,-3.61,91.5,666.1,-330.3,0,74,13:35:15
7.33,-3.04,91.4,670,-277.9,0,74,13:35:20
7.33,-2.06,91.3,669.2,-188.1,0,74,13:35:25
7.35,-2.1,91.3,671.1,-191.7,0,73,13:35:30
7.35,-1.13,91.1,669.6,-102.9,0,73,13:35:35
7.36,-0.84,91.2,671.2,-76.6,0,73,13:35:40
7.37,0.08,91,670.7,7.3,0,72,13:35:45
7.39,0.44,90.9,671.8,40,0,72,13:35:50
7.38,1.34,90.8,670.1,121.7,0,72,13:35:55
7.41,1.64,90.8,672.8,148.9,0,71,13:36:00
7.39,1.6,90.7,670.3,145.1,0,71,13:36:05
7.43,2.51,90.6,673.2,227.4,0,71,13:36:10
7.4,2.2,90.6,670.4,199.3,0,71,13:36:15
7.43,2.77,90.5,672.4,250.7,0,71,13:36:20
7.46,2.72,90.6,675.9,246.4,0,70,13:36:25
7.46,2.53,90.5,675.1,229,0,70,13:36:30
7.48,2.84,90.5,676.9,257,0,71,13:36:35
7.48,1.68,90.7,678.4,152.4,0,71,13:36:40
7.5,1.4,90.7,680.3,127,0,71,13:36:45
7.53,1.6,90.7,683,145.1,0,71,13:36:50
7.54,1.33,90.7,683.9,120.6,0,71,13:36:55
7.5,1.25,90.8,681,113.5,0,71,13:37:00
7.53,1.38,90.7,683,125.2,0,71,13:37:05
7.57,1.88,90.7,686.6,170.5,0,71,13:37:10
7.57,2.34,90.6,685.8,212,0,71,13:37:15
7.6,2.82,90.5,687.8,255.2,0,70,13:37:20
7.59,2.31,90.6,687.7,209.3,0,70,13:37:25
7.58,2.77,90.5,686,250.7,0,70,13:37:30
7.56,3.25,90.4,683.4,293.8,0,70,13:37:35
7.59,2.62,90.5,686.9,237.1,0,70,13:37:40
7.57,2.44,90.5,685.1,220.8,0,70,13:37:45
7.59,2.95,90.4,686.1,266.7,0,70,13:37:50
7.61,3.62,90.3,687.2,326.9,0,70,13:37:55
7.57,4.22,90.2,682.8,380.6,0,69,13:38:00
7.49,3.9,90.3,676.3,352.2,0,70,13:38:05
7.48,2.85,90.4,676.2,257.6,0,70,13:38:10
7.41,1.89,90.6,671.3,171.2,0,71,13:38:15
7.43,0.08,90.9,675.4,7.3,0,72,13:38:20
7.42,-0.36,90.9,674.5,-32.7,0,73,13:38:25
7.47,-0.07,90.9,679,-6.4,0,72,13:38:30
7.44,1.63,90.6,674.1,147.7,0,71,13:38:35
7.48,2.13,90.6,677.7,193,0,70,13:38:40
7.46,2.81,90.5,675.1,254.3,0,70,13:38:45
7.43,2.67,90.4,671.7,241.4,0,71,13:38:50
7.42,1.87,90.6,672.3,169.4,0,71,13:38:55
7.43,0.98,90.7,673.9,88.9,0,71,13:39:00
7.34,0.33,90.8,666.5,30,0,72,13:39:05
7.36,0.5,90.8,668.3,45.4,0,72,13:39:10
7.34,-0.84,91,667.9,-76.4,0,72,13:39:15
7.32,-1.16,91.1,666.9,-105.7,0,73,13:39:20
7.3,-1.45,91.1,665,-132.1,0,73,13:39:25
7.34,-0.59,91,667.9,-53.7,0,72,13:39:30
7.45,2.11,90.6,675,191.2,0,71,13:39:35
7.55,4.38,90.2,681,395.1,0,69,13:39:40
7.62,6.84,89.8,684.3,614.2,0,67,13:39:45
7.63,8.82,89.5,682.9,789.4,0,67,13:39:50
7.6,8.47,89.5,680.2,758.1,0,67,13:39:55
7.52,7.07,89.7,674.5,634.2,0,68,13:40:00
7.49,5.42,89.9,673.4,487.3,0,69,13:40:05
7.41,3.33,90.2,668.4,300.4,0,70,13:40:10
7.39,0.33,90.7,670.3,29.9,0,72,13:40:15
7.31,-1.73,91.1,665.9,-157.6,0,73,13:40:20
7.25,-4.51,91.5,663.4,-412.7,0,75,13:40:25
7.15,-8.01,92,657.8,-736.9,0,77,13:40:30
7.09,-10,92.4,655.1,-924,0,78,13:40:35
7.15,-9.12,92.3,659.9,-841.8,0,77,13:40:40
7.2,-6.27,91.9,661.7,-576.2,0,76,13:40:45
7.27,-3.4,91.5,665.2,-311.1,0,74,13:40:50
7.32,-1.02,91.1,666.9,-92.9,0,73,13:40:55
7.32,-0.15,91,666.1,-13.7,0,72,13:41:00
7.32,0.86,90.9,665.4,78.2,0,72,13:41:05
7.35,1.09,90.8,667.4,99,0,72,13:41:10
7.36,0.92,90.9,669,83.6,0,72,13:41:15
7.38,0.67,90.9,670.8,60.9,0,72,13:41:20
7.39,1.01,90.8,671,91.7,0,71,13:41:25
7.4,2.07,90.7,671.2,187.7,0,71,13:41:30
7.42,3.47,90.4,670.8,313.7,0,70,13:41:35
7.42,3.47,90.3,670,313.3,0,70,13:41:40
7.42,3.16,90.4,670.8,285.7,0,70,13:41:45
7.38,2.94,90.4,667.2,265.8,0,71,13:41:50
7.38,2.16,90.6,668.6,195.7,0,71,13:41:55
7.44,2.65,90.5,673.3,239.8,0,71,13:42:00
7.41,2.59,90.5,670.6,234.4,0,70,13:42:05
7.44,3.51,90.4,672.6,317.3,0,70,13:42:10
7.42,3.81,90.3,670,344,0,70,13:42:15
7.38,3.09,90.4,667.2,279.3,0,70,13:42:20
7.4,2.15,90.6,670.4,194.8,0,71,13:42:25
7.3,1.96,90.6,661.4,177.6,0,71,13:42:30
7.3,0.66,90.8,662.8,59.9,0,72,13:42:35
7.32,0,90.8,664.7,0,0,72,13:42:40
7.3,0.52,90.8,662.8,47.2,0,72,13:42:45
7.32,0.75,90.7,663.9,68,0,71,13:42:50
7.35,1.29,90.7,666.6,117,0,71,13:42:55
7.33,1.81,90.6,664.1,164,0,71,13:43:00
7.36,2.31,90.5,666.1,209.1,0,71,13:43:05
7.35,1.76,90.6,665.9,159.5,0,71,13:43:10
7.33,1.86,90.6,664.1,168.5,0,71,13:43:15
7.33,2.06,90.5,663.4,186.4,0,71,13:43:20
7.31,1.37,90.6,662.3,124.1,0,71,13:43:25
7.28,0.4,90.8,661,36.3,0,72,13:43:30
7.33,0.02,90.8,665.6,1.8,0,72,13:43:35
7.31,-0.77,91,665.2,-70.1,0,72,13:43:40
7.29,-0.75,91,663.4,-68.3,0,72,13:43:45
7.3,0.18,90.9,663.6,16.4,0,72,13:43:50
7.33,0.73,90.7,664.8,66.2,0,71,13:43:55
7.34,1.79,90.6,665,162.2,0,71,13:44:00
7.35,2.49,90.5,665.2,225.3,0,71,13:44:05
7.38,1.79,90.6,668.6,162.2,0,71,13:44:10
7.33,2.23,90.5,663.4,201.8,0,71,13:44:15
7.35,2.4,90.5,665.2,217.2,0,71,13:44:20
7.35,2.33,90.5,665.2,210.9,0,71,13:44:25
7.32,1.91,90.6,663.2,173,0,71,13:44:30
7.32,1.5,90.6,663.2,135.9,0,71,13:44:35
7.34,1.45,90.6,665,131.4,0,71,13:44:40
7.31,2.32,90.5,661.6,210,0,71,13:44:45
7.36,2.55,90.4,665.3,230.5,0,70,13:44:50
7.37,3.44,90.3,665.5,310.6,0,70,13:44:55
7.39,4,90.2,666.6,360.8,0,70,13:45:00
7.39,4.81,90.1,665.8,433.4,0,69,13:45:05
7.39,4.86,90,665.1,437.4,0,69,13:45:10
7.42,4.62,90,667.8,415.8,0,69,13:45:15
7.4,3.92,90.1,666.7,353.2,0,70,13:45:20
7.35,3.81,90.2,663,343.7,0,70,13:45:25
7.36,3.62,90.2,663.9,326.5,0,70,13:45:30
7.38,3.66,90.2,665.7,330.1,0,70,13:45:35
7.38,3.48,90.2,665.7,313.9,0,70,13:45:40
7.37,3.59,90.2,664.8,323.8,0,70,13:45:45
7.38,3.68,90.1,664.9,331.6,0,70,13:45:50
7.38,4.16,90.1,664.9,374.8,0,69,13:45:55
7.41,4.57,90,666.9,411.3,0,69,13:46:00
7.41,4.67,90,666.9,420.3,0,69,13:46:05
7.4,5,89.9,665.3,449.5,0,69,13:46:10
7.39,5.03,89.9,664.4,452.2,0,69,13:46:15
7.41,5.09,89.9,666.2,457.6,0,69,13:46:20
7.39,4.99,89.9,664.4,448.6,0,69,13:46:25
7.37,4.61,89.9,662.6,414.4,0,69,13:46:30
7.34,3.46,90.1,661.3,311.7,0,70,13:46:35
7.32,2.3,90.4,661.7,207.9,0,70,13:46:40
7.33,2.19,90.3,661.9,197.8,0,71,13:46:45
7.31,1.41,90.5,661.6,127.6,0,71,13:46:50
7.28,1.56,90.5,658.8,141.2,0,71,13:46:55
7.3,1.53,90.5,660.7,138.5,0,71,13:47:00
7.28,1.34,90.5,658.8,121.3,0,71,13:47:05
7.27,1.11,90.6,658.7,100.6,0,71,13:47:10
7.29,0.89,90.6,660.5,80.6,0,72,13:47:15
7.26,0.43,90.7,658.5,39,0,72,13:47:20
7.3,0.63,90.7,662.1,57.1,0,71,13:47:25
7.29,0.84,90.6,660.5,76.1,0,72,13:47:30
7.27,1.04,90.6,658.7,94.2,0,72,13:47:35
7.26,1.37,90.5,657,124,0,71,13:47:40
7.27,1.43,90.5,657.9,129.4,0,71,13:47:45
7.26,1.47,90.5,657,133,0,71,13:47:50
7.26,1.22,90.6,657.8,110.5,0,72,13:47:55
7.26,1.19,90.6,657.8,107.8,0,71,13:48:00
7.26,1.01,90.6,657.8,91.5,0,71,13:48:05
7.24,0.8,90.7,656.7,72.6,0,71,13:48:10
7.24,0.69,90.7,656.7,62.6,0,71,13:48:15
7.25,0.47,90.7,657.6,42.6,0,71,13:48:20
7.25,0.68,90.6,656.9,61.6,0,72,13:48:25
7.26,1.03,90.6,657.8,93.3,0,72,13:48:30
7.22,0.92,90.6,654.1,83.4,0,72,13:48:35
7.28,0.97,90.7,660.3,88,0,71,13:48:40
7.26,1.11,90.6,657.8,100.6,0,71,13:48:45
7.27,1.13,90.6,658.7,102.4,0,71,13:48:50
7.28,1.27,90.6,659.6,115.1,0,71,13:48:55
7.24,1.48,90.6,655.9,134.1,0,71,13:49:00
7.24,1.57,90.5,655.2,142.1,0,71,13:49:05
7.27,1.54,90.5,657.9,139.4,0,71,13:49:10
7.33,2.64,90.3,661.9,238.4,0,70,13:49:15
7.46,4.5,90.1,672.1,405.5,0,69,13:49:20
7.42,7.08,89.6,664.8,634.4,0,68,13:49:25
7.39,6.01,89.8,663.6,539.7,0,68,13:49:30
7.36,4.79,89.9,661.7,430.6,0,69,13:49:35
7.31,3.17,90.2,659.4,285.9,0,70,13:49:40
7.29,2.4,90.3,658.3,216.7,0,70,13:49:45
7.24,1.54,90.5,655.2,139.4,0,71,13:49:50
7.18,-0.65,90.8,651.9,-59,0,72,13:49:55
7.15,-2.18,91,650.7,-198.4,0,73,13:50:00
7.16,-2.3,91,651.6,-209.3,0,74,13:50:05
7.22,-1.5,91,657,-136.5,0,73,13:50:10
7.25,0.32,90.7,657.6,29,0,72,13:50:15
7.22,0.48,90.7,654.9,43.5,0,72,13:50:20
7.25,0.52,90.7,657.6,47.2,0,71,13:50:25
7.17,0.01,90.7,650.3,0.9,0,72,13:50:30
7.13,-1.52,91,648.8,-138.3,0,73,13:50:35
7.12,-2.68,91.2,649.3,-244.4,0,74,13:50:40
7.11,-3.08,91.3,649.1,-281.2,0,74,13:50:45
7.09,-3.76,91.3,647.3,-343.3,0,74,13:50:50
7.1,-3.44,91.3,648.2,-314.1,0,74,13:50:55
7.15,-1.52,91.1,651.4,-138.5,0,73,13:51:00
7.22,-0.14,90.9,656.3,-12.7,0,72,13:51:05
7.2,0.4,90.7,653,36.3,0,72,13:51:10
7.23,1.28,90.6,655,116,0,72,13:51:15
7.22,1.54,90.6,654.1,139.5,0,71,13:51:20
7.23,2.03,90.5,654.3,183.7,0,71,13:51:25
7.26,1.69,90.5,657,152.9,0,71,13:51:30
7.24,1.47,90.5,655.2,133,0,71,13:51:35
7.27,1.42,90.6,658.7,128.7,0,71,13:51:40
7.26,1.36,90.6,657.8,123.2,0,71,13:51:45
7.27,2.21,90.4,657.2,199.8,0,71,13:51:50
7.31,2.18,90.4,660.8,197.1,0,71,13:51:55
7.28,2.39,90.4,658.1,216.1,0,71,13:52:00
7.32,2.05,90.4,661.7,185.3,0,71,13:52:05
7.3,3.16,90.3,659.2,285.3,0,70,13:52:10
7.31,3.49,90.2,659.4,314.8,0,70,13:52:15
7.34,3.58,90.2,662.1,322.9,0,70,13:52:20
7.36,3.36,90.2,663.9,303.1,0,70,13:52:25
7.37,3.07,90.2,664.8,276.9,0,70,13:52:30
7.34,2.14,90.4,663.5,193.5,0,71,13:52:35
7.37,2.46,90.3,665.5,222.1,0,70,13:52:40
7.38,2.83,90.2,665.7,255.3,0,70,13:52:45
7.36,2.84,90.3,664.6,256.5,0,70,13:52:50
7.43,4.17,90,668.7,375.3,0,69,13:52:55
7.46,4.88,89.9,670.7,438.7,0,69,13:53:00
7.45,5.53,89.8,669,496.6,0,68,13:53:05
7.44,5.16,89.8,668.1,463.4,0,69,13:53:10
7.44,4.49,89.9,668.9,403.7,0,69,13:53:15
7.4,3.77,90,666,339.3,0,70,13:53:20
7.38,3.03,90.2,665.7,273.3,0,70,13:53:25
7.39,2.81,90.2,666.6,253.5,0,70,13:53:30
7.38,2.24,90.3,666.4,202.3,0,70,13:53:35
7.35,2.14,90.3,663.7,193.2,0,71,13:53:40
7.37,2.26,90.3,665.5,204.1,0,70,13:53:45
7.36,1.95,90.3,664.6,176.1,0,71,13:53:50
7.43,2.55,90.2,670.2,230,0,70,13:53:55
7.43,3.58,90.1,669.4,322.6,0,70,13:54:00
7.26,4.58,89.9,652.7,411.7,0,69,13:54:05
7.26,5.22,89.8,651.9,468.8,0,69,13:54:10
7.24,5.48,89.7,649.4,491.6,0,69,13:54:15
7.27,5.36,89.8,652.8,481.3,0,69,13:54:20
7.3,6.15,89.6,654.1,551,0,68,13:54:25
7.39,8.93,89.1,658.4,795.7,0,67,13:54:30
7.43,12.77,88.5,657.6,1130.1,0,65,13:54:35
7.5,17.55,87.7,657.8,1539.1,0,62,13:54:40
7.56,17.13,87.9,664.5,1505.7,0,60,13:54:45
7.55,17.9,87.7,662.1,1569.8,0,58,13:54:50
7.47,17.98,87.7,655.1,1576.8,0,57,13:54:55
7.37,18.05,87.5,644.9,1579.4,0,57,13:55:00
7.38,18,87.5,645.8,1575,0,59,13:55:05
7.37,17.14,87.7,646.3,1503.2,0,61,13:55:10
7.32,14.8,88,644.2,1302.4,0,63,13:55:15
7.27,11.36,88.3,641.9,1003.1,0,65,13:55:20
7.26,11.06,88.5,642.5,978.8,0,66,13:55:25
7.25,9.99,88.6,642.4,885.1,0,66,13:55:30
7.24,9.15,88.7,642.2,811.6,0,66,13:55:35
7.23,9.48,88.7,641.3,840.9,0,66,13:55:40
7.22,9.54,88.7,640.4,846.2,0,66,13:55:45
7.22,9.07,88.8,641.1,805.4,0,67,13:55:50
7.18,7.09,89.1,639.7,631.7,0,67,13:55:55
7.16,6.24,89.2,638.7,556.6,0,68,13:56:00
7.05,5.92,89.3,629.6,528.7,0,68,13:56:05
7,4.96,89.5,626.5,443.9,0,69,13:56:10
6.95,4.53,89.5,622,405.4,0,69,13:56:15
6.98,4.73,89.5,624.7,423.3,0,69,13:56:20
6.99,4.83,89.5,625.6,432.3,0,69,13:56:25
6.93,4.7,89.5,620.2,420.7,0,69,13:56:30
7.22,4.27,89.6,646.9,382.6,0,69,13:56:35
7.23,4.07,89.6,647.8,364.7,0,69,13:56:40
7.26,4.01,89.7,651.2,359.7,0,69,13:56:45
7.26,4.05,89.7,651.2,363.3,0,69,13:56:50
7.31,4.57,89.6,655,409.5,0,69,13:56:55
7.34,4.97,89.5,656.9,444.8,0,69,13:57:00
7.36,6.08,89.3,657.2,542.9,0,68,13:57:05
7.38,6.2,89.3,659,553.7,0,68,13:57:10
7.35,5.93,89.3,656.4,529.5,0,68,13:57:15
7.36,5.26,89.4,658,470.2,0,68,13:57:20
7.35,3.83,89.7,659.3,343.6,0,69,13:57:25
7.33,1.85,90,659.7,166.5,0,70,13:57:30
7.27,0.83,90.2,655.8,74.9,0,71,13:57:35
7.21,-2.07,90.6,653.2,-187.5,0,73,13:57:40
7.1,-3.12,90.8,644.7,-283.3,0,74,13:57:45
7.16,-1.24,90.6,648.7,-112.3,0,72,13:57:50
7.32,3.6,89.8,657.3,323.3,0,69,13:57:55
7.44,9.18,88.9,661.4,816.1,0,66,13:58:00
7.49,11.11,88.6,663.6,984.3,0,65,13:58:05
7.44,11.87,88.6,659.2,1051.7,0,64,13:58:10
7.47,12.24,88.5,661.1,1083.2,0,65,13:58:15
7.37,8.73,88.8,654.5,775.2,0,66,13:58:20
7.3,7.49,89,649.7,666.6,0,67,13:58:25
7.25,5.34,89.3,647.4,476.9,0,69,13:58:30
7.17,2.9,89.7,643.1,260.1,0,70,13:58:35
7.14,0.52,90.2,644,46.9,0,71,13:58:40
7.11,-1.19,90.4,642.7,-107.6,0,72,13:58:45
7.06,-1.74,90.6,639.6,-157.6,0,73,13:58:50
7.08,-2.44,90.7,642.2,-221.3,0,73,13:58:55
7.09,-2.3,90.7,643.1,-208.6,0,73,13:59:00
7.11,-2.09,90.7,644.9,-189.6,0,73,13:59:05
7.16,-2.49,90.8,650.1,-226.1,0,73,13:59:10
7.17,-2.61,90.8,651,-237,0,73,13:59:15
7.16,-2.35,90.8,650.1,-213.4,0,73,13:59:20
7.14,-3.13,90.9,649,-284.5,0,73,13:59:25
7.09,-3.61,91,645.2,-328.5,0,74,13:59:30
7.1,-3.99,91.1,646.8,-363.5,0,74,13:59:35
7.09,-4.2,91.1,645.9,-382.6,0,74,13:59:40
7.11,-3.16,91,647,-287.6,0,73,13:59:45
7.13,-1.46,90.8,647.4,-132.6,0,73,13:59:50
7.12,-0.87,90.6,645.1,-78.8,0,72,13:59:55
7.15,0.57,90.4,646.4,51.5,0,72,14:00:00
7.12,0.47,90.5,644.4,42.5,0,72,14:00:05
7.09,0.57,90.4,640.9,51.5,0,72,14:00:10
7.08,0.23,90.5,640.7,20.8,0,72,14:00:15
7.07,-0.15,90.5,639.8,-13.6,0,72,14:00:20
7.04,-1.2,90.7,638.5,-108.8,0,73,14:00:25
7.04,-0.92,90.7,638.5,-83.4,0,72,14:00:30
7.09,-0.52,90.6,642.4,-47.1,0,72,14:00:35
7.03,-0.9,90.6,636.9,-81.5,0,73,14:00:40
7.01,-1.19,90.7,635.8,-107.9,0,73,14:00:45
7.05,-1.78,90.8,640.1,-161.6,0,73,14:00:50
7.05,-2.37,90.9,640.8,-215.4,0,73,14:00:55
7.02,-2.25,90.9,638.1,-204.5,0,73,14:01:00
7.01,-3.04,91,637.9,-276.6,0,74,14:01:05
7.01,-3.25,91,637.9,-295.8,0,74,14:01:10
6.98,-3.47,91.1,635.9,-316.1,0,74,14:01:15
6.97,-4.19,91.2,635.7,-382.1,0,74,14:01:20
6.95,-4.46,91.2,633.8,-406.8,0,74,14:01:25
6.97,-4.15,91.2,635.7,-378.5,0,75,14:01:30
6.96,-4.65,91.3,635.4,-424.5,0,75,14:01:35
6.97,-4.47,91.3,636.4,-408.1,0,75,14:01:40
6.96,-4.6,91.3,635.4,-420,0,75,14:01:45
6.92,-4.73,91.3,631.8,-431.8,0,75,14:01:50
6.92,-5.05,91.4,632.5,-461.6,0,75,14:01:55
6.91,-4.91,91.3,630.9,-448.3,0,75,14:02:00
6.96,-5.22,91.4,636.1,-477.1,0,75,14:02:05
6.98,-5.03,91.4,638,-459.7,0,75,14:02:10
7,-4.42,91.3,639.1,-403.5,0,75,14:02:15
6.97,-4.37,91.3,636.4,-399,0,75,14:02:20
6.99,-4.14,91.3,638.2,-378,0,75,14:02:25
7.06,-4.2,91.3,644.6,-383.5,0,74,14:02:30
7.02,-4.13,91.3,640.9,-377.1,0,74,14:02:35
7.06,-3.42,91.2,643.9,-311.9,0,74,14:02:40
7.06,-2.58,91.1,643.2,-235,0,73,14:02:45
6.97,-1.29,90.9,633.6,-117.3,0,73,14:02:50
6.94,-1.47,91,631.5,-133.8,0,73,14:02:55
6.87,-1.28,90.9,624.5,-116.4,0,73,14:03:00
6.81,-1.71,90.9,619,-155.4,0,73,14:03:05
6.82,-2.08,91,620.6,-189.3,0,73,14:03:10
6.83,-2.79,91.1,622.2,-254.2,0,74,14:03:15
6.82,-1.44,91,620.6,-131,0,73,14:03:20
6.95,1.13,90.5,629,102.3,0,72,14:03:25
7.01,3.03,90.2,632.3,273.3,0,70,14:03:30
7.04,5.31,89.8,632.2,476.8,0,69,14:03:35
6.99,6.38,89.6,626.3,571.6,0,68,14:03:40
7,5.82,89.7,627.9,522.1,0,69,14:03:45
6.98,5.02,89.8,626.8,450.8,0,69,14:03:50
7.17,4.17,89.9,644.6,374.9,0,69,14:03:55
7.17,3.21,90,645.3,288.9,0,70,14:04:00
7.14,2.77,90.1,643.3,249.6,0,70,14:04:05
7.06,2.56,90.1,636.1,230.7,0,70,14:04:10
7.04,2.64,90.1,634.3,237.9,0,70,14:04:15
6.99,2.76,90.1,629.8,248.7,0,70,14:04:20
6.77,2.8,90.1,610,252.3,0,70,14:04:25
6.78,2.84,90.1,610.9,255.9,0,70,14:04:30
6.74,2.74,90.1,607.3,246.9,0,70,14:04:35
6.81,2.7,90.1,613.6,243.3,0,70,14:04:40
6.78,2.84,90,610.2,255.6,0,70,14:04:45
6.76,2.47,90.1,609.1,222.5,0,71,14:04:50
6.76,1.8,90.2,609.8,162.4,0,71,14:04:55
6.75,1.09,90.4,610.2,98.5,0,71,14:05:00
6.79,0.47,90.4,613.8,42.5,0,71,14:05:05
6.81,0.22,90.5,616.3,19.9,0,72,14:05:10
6.84,0.43,90.4,618.3,38.9,0,72,14:05:15
6.95,0.83,90.4,628.3,75,0,71,14:05:20
6.96,0.95,90.3,628.5,85.8,0,72,14:05:25
6.99,0.93,90.4,631.9,84.1,0,71,14:05:30
7.03,1.33,90.4,635.5,120.2,0,71,14:05:35
7.03,2.14,90.2,634.1,193,0,71,14:05:40
7.07,2.63,90.1,637,237,0,70,14:05:45
7.04,2.22,90.1,634.3,200,0,70,14:05:50
6.98,2.11,90.1,628.9,190.1,0,71,14:05:55
6.94,0.69,90.3,626.7,62.3,0,71,14:06:00
6.94,0.42,90.4,627.4,38,0,72,14:06:05
6.96,0.73,90.4,629.2,66,0,72,14:06:10
7,0.49,90.5,633.5,44.3,0,71,14:06:15
7,0.77,90.4,632.8,69.6,0,71,14:06:20
7.03,1.27,90.3,634.8,114.7,0,71,14:06:25
7.05,2.17,90.1,635.2,195.5,0,71,14:06:30
7.04,2.88,90.1,634.3,259.5,0,70,14:06:35
7.06,2.88,90.1,636.1,259.5,0,70,14:06:40
7.09,2.3,90.2,639.5,207.5,0,70,14:06:45
7.08,2.21,90.1,637.9,199.1,0,70,14:06:50
7.07,2.63,90.1,637,237,0,70,14:06:55
7.07,2.78,90,636.3,250.2,0,70,14:07:00
7.04,3.15,89.9,632.9,283.2,0,70,14:07:05
7.08,3.18,89.9,636.5,285.9,0,70,14:07:10
7.04,3.05,90,633.6,274.5,0,70,14:07:15
7.07,3.28,89.9,635.6,294.9,0,70,14:07:20
7.09,3.6,89.8,636.7,323.3,0,70,14:07:25
7.1,3.53,89.9,638.3,317.3,0,70,14:07:30
7.12,3.97,89.8,639.4,356.5,0,69,14:07:35
7.15,4.31,89.7,641.4,386.6,0,69,14:07:40
7.16,4.77,89.7,642.3,427.9,0,69,14:07:45
7.18,5.15,89.5,642.6,460.9,0,69,14:07:50
7.18,5.72,89.5,642.6,511.9,0,68,14:07:55
7.2,5.98,89.4,643.7,534.6,0,68,14:08:00
7.19,6.45,89.3,642.1,576,0,68,14:08:05
7.2,6.41,89.3,643,572.4,0,68,14:08:10
7.17,5.72,89.4,641,511.4,0,68,14:08:15
7.11,4.68,89.6,637.1,419.3,0,69,14:08:20
7.07,3.4,89.8,634.9,305.3,0,70,14:08:25
7.07,3.02,89.8,634.9,271.2,0,70,14:08:30
7.1,2.75,89.9,638.3,247.2,0,70,14:08:35
7.13,4.34,89.6,638.8,388.9,0,69,14:08:40
7.16,5.35,89.4,640.1,478.3,0,68,14:08:45
7.13,5.69,89.4,637.4,508.7,0,68,14:08:50
7.09,4.93,89.5,634.6,441.2,0,69,14:08:55
7.06,3.62,89.7,633.3,324.7,0,70,14:09:00
7.05,2.68,89.9,633.8,240.9,0,70,14:09:05
7.06,2.88,89.9,634.7,258.9,0,70,14:09:10
7.09,3.82,89.7,636,342.7,0,69,14:09:15
7.13,3.94,89.7,639.6,353.4,0,69,14:09:20
7.15,4.24,89.6,640.6,379.9,0,69,14:09:25
7.15,3.45,89.8,642.1,309.8,0,70,14:09:30
7.01,3.42,89.7,628.8,306.8,0,70,14:09:35
7.06,2.97,89.8,634,266.7,0,70,14:09:40
7.01,2.61,89.9,630.2,234.6,0,70,14:09:45
7.03,2.54,89.9,632,228.3,0,70,14:09:50
7.02,2.76,89.9,631.1,248.1,0,70,14:09:55
6.98,2.23,89.9,627.5,200.5,0,71,14:10:00
7.01,1.63,90.1,631.6,146.9,0,71,14:10:05
7.05,2.18,90,634.5,196.2,0,71,14:10:10
7.05,2.37,90,634.5,213.3,0,70,14:10:15
7.07,2.7,89.9,635.6,242.7,0,70,14:10:20
7.1,3.51,89.7,636.9,314.8,0,70,14:10:25
7.11,4.04,89.7,637.8,362.4,0,69,14:10:30
7.09,4.86,89.5,634.6,435,0,69,14:10:35
7.1,4.92,89.5,635.5,440.3,0,69,14:10:40
7.1,5,89.4,634.7,447,0,69,14:10:45
7.11,5.45,89.4,635.6,487.2,0,68,14:10:50
7.15,5.37,89.4,639.2,480.1,0,68,14:10:55
7.13,5.21,89.4,637.4,465.8,0,69,14:11:00
7.08,4.59,89.5,633.7,410.8,0,69,14:11:05
7.08,3.58,89.6,634.4,320.8,0,70,14:11:10
7.01,3.24,89.7,628.8,290.6,0,70,14:11:15
7.01,2.92,89.7,628.8,261.9,0,70,14:11:20
7.02,2.44,89.8,630.4,219.1,0,70,14:11:25
7,2.58,89.8,628.6,231.7,0,70,14:11:30
7.04,2.57,89.8,632.2,230.8,0,70,14:11:35
7.03,2.59,89.8,631.3,232.6,0,70,14:11:40
7.01,3.26,89.7,628.8,292.4,0,70,14:11:45
7.1,3.23,89.7,636.9,289.7,0,70,14:11:50
7.05,3.8,89.6,631.7,340.5,0,69,14:11:55
7.04,3.88,89.6,630.8,347.6,0,69,14:12:00
7.07,4.06,89.6,633.5,363.8,0,69,14:12:05
7.18,5.04,89.4,641.9,450.6,0,68,14:12:10
7,6.78,89.1,623.7,604.1,0,68,14:12:15
7.03,8.76,88.7,623.6,777,0,67,14:12:20
7.01,10.18,88.6,621.1,901.9,0,66,14:12:25
7.03,10.24,88.5,622.2,906.2,0,66,14:12:30
7.01,8.96,88.7,621.8,794.8,0,66,14:12:35
7,8.68,88.7,620.9,769.9,0,66,14:12:40
6.99,10.5,88.5,618.6,929.3,0,66,14:12:45
7.04,10.38,88.4,622.3,917.6,0,66,14:12:50
6.98,9.19,88.5,617.7,813.3,0,66,14:12:55
6.88,8.44,88.6,609.6,747.8,0,67,14:13:00
6.8,6.25,89,605.2,556.3,0,68,14:13:05
6.69,4.95,89.2,596.7,441.5,0,69,14:13:10
6.67,3.35,89.5,597,299.8,0,70,14:13:15
6.66,1.09,89.9,598.7,98,0,71,14:13:20
6.9,-1.46,90.3,623.1,-131.8,0,72,14:13:25
6.81,-3.49,90.6,617,-316.2,0,74,14:13:30
6.85,-4.52,90.8,622,-410.4,0,74,14:13:35
6.93,-3.83,90.8,629.2,-347.8,0,74,14:13:40
6.98,-1.56,90.5,631.7,-141.2,0,73,14:13:45
6.99,-1.16,90.4,631.9,-104.9,0,72,14:13:50
7.01,-1.64,90.5,634.4,-148.4,0,72,14:13:55
6.94,-1.93,90.6,628.8,-174.9,0,73,14:14:00
6.95,-2.79,90.7,630.4,-253.1,0,73,14:14:05
6.96,-1.84,90.5,629.9,-166.5,0,73,14:14:10
6.97,-1.26,90.5,630.8,-114,0,72,14:14:15
7.02,-0.52,90.4,634.6,-47,0,72,14:14:20
6.93,-0.54,90.3,625.8,-48.8,0,72,14:14:25
6.86,-2.15,90.6,621.5,-194.8,0,73,14:14:30
6.92,-2.49,90.7,627.6,-225.8,0,73,14:14:35
6.94,-3.65,90.9,630.8,-331.8,0,74,14:14:40
6.89,-2.36,90.7,624.9,-214.1,0,73,14:14:45
6.95,-1,90.6,629.7,-90.6,0,72,14:14:50
6.98,0.1,90.3,630.3,9,0,72,14:14:55
6.95,0.65,90.2,626.9,58.6,0,71,14:15:00
6.92,0.97,90.2,624.2,87.5,0,71,14:15:05
6.91,0.75,90.2,623.3,67.6,0,71,14:15:10
6.95,0.79,90.2,626.9,71.3,0,71,14:15:15
6.91,2.37,90,621.9,213.3,0,70,14:15:20
6.92,3.68,89.7,620.7,330.1,0,70,14:15:25
6.64,3.42,89.8,596.3,307.1,0,70,14:15:30
6.65,2.67,89.8,597.2,239.8,0,70,14:15:35
6.59,1.77,90,593.1,159.3,0,71,14:15:40
6.54,-0.1,90.3,590.6,-9,0,72,14:15:45
6.52,-2.03,90.7,591.4,-184.1,0,73,14:15:50
6.51,-2.91,90.7,590.5,-263.9,0,74,14:15:55
6.4,-3.63,90.8,581.1,-329.6,0,74,14:16:00
6.49,-3.69,90.9,589.9,-335.4,0,74,14:16:05
6.45,-4.28,91,587,-389.5,0,74,14:16:10
6.47,-4.81,91.1,589.4,-438.2,0,75,14:16:15
6.46,-4.61,91.1,588.5,-420,0,75,14:16:20
6.55,-4.1,91,596.1,-373.1,0,74,14:16:25
6.53,-2.86,90.9,593.6,-260,0,74,14:16:30
6.57,-1.55,90.6,595.2,-140.4,0,73,14:16:35
6.55,-0.36,90.5,592.8,-32.6,0,72,14:16:40
6.54,-0.45,90.5,591.9,-40.7,0,72,14:16:45
6.53,0.51,90.3,589.7,46.1,0,72,14:16:50
6.53,0.81,90.3,589.7,73.1,0,72,14:16:55
6.47,0.71,90.3,584.2,64.1,0,72,14:17:00
6.51,0.62,90.3,587.9,56,0,71,14:17:05
6.43,0.18,90.4,581.3,16.3,0,72,14:17:10
6.54,0.13,90.3,590.6,11.7,0,72,14:17:15
6.55,-0.42,90.5,592.8,-38,0,72,14:17:20
6.62,0.22,90.3,597.8,19.9,0,72,14:17:25
6.53,-0.48,90.4,590.3,-43.4,0,72,14:17:30
6.55,0.12,90.3,591.5,10.8,0,72,14:17:35
6.61,0.01,90.4,597.5,0.9,0,72,14:17:40
6.54,0.75,90.3,590.6,67.7,0,72,14:17:45
6.63,0.85,90.2,598,76.7,0,72,14:17:50
6.63,1.51,90.1,597.4,136.1,0,71,14:17:55
6.67,1.45,90.1,601,130.6,0,71,14:18:00
6.65,1.61,90.1,599.2,145.1,0,71,14:18:05
6.58,2.35,89.9,591.5,211.3,0,71,14:18:10
6.64,1.54,90.1,598.3,138.8,0,71,14:18:15
6.7,2.46,90,603,221.4,0,71,14:18:20
6.68,1.82,90.1,601.9,164,0,71,14:18:25
6.62,-7.11,91.4,605.1,-649.9,0,70,14:18:30
6.67,0.79,90.3,602.3,71.3,0,66,14:18:35
6.63,0.56,90.3,598.7,50.6,0,67,14:18:40
6.66,-0.29,90.4,602.1,-26.2,0,67,14:18:45
6.67,-0.29,90.4,603,-26.2,0,67,14:18:50
6.64,-2.48,90.8,602.9,-225.2,0,66,14:18:55
6.67,-2.4,90.7,605,-217.7,0,65,14:19:00
6.68,-2.4,90.8,606.5,-217.9,0,64,14:19:05
6.67,-2.48,90.9,606.3,-225.4,0,63,14:19:10
6.67,-2.53,90.9,606.3,-230,0,62,14:19:15
6.66,-2.5,90.9,605.4,-227.3,0,61,14:19:20
6.65,-2.5,90.9,604.5,-227.3,0,59,14:19:25
6.62,-2.41,90.8,601.1,-218.8,0,59,14:19:30
6.57,-2.32,90.9,597.2,-210.9,0,58,14:19:35
6.62,-2.35,90.9,601.8,-213.6,0,57,14:19:40
6.67,0.76,90.4,603,68.7,0,56,14:19:45
6.65,0.72,90.3,600.5,65,0,57,14:19:50
6.61,0.77,90.4,597.5,69.6,0,57,14:19:55
6.7,0.7,90.3,605,63.2,0,57,14:20:00
6.68,3.6,89.8,599.9,323.3,0,58,14:20:05
6.72,4.53,89.7,602.8,406.3,0,60,14:20:10
6.71,4.49,89.6,601.2,402.3,0,61,14:20:15
6.68,1.52,90.1,601.9,137,0,62,14:20:20
6.71,0.32,90.3,605.9,28.9,0,62,14:20:25
6.55,-4.62,91,596.1,-420.4,0,61,14:20:30
6.53,-4.62,91.1,594.9,-420.9,0,59,14:20:35
6.56,-4.65,91.1,597.6,-423.6,0,57,14:20:40
6.54,-4.22,91.1,595.8,-384.4,0,55,14:20:45
0.9,3.48,89.9,80.9,312.9,0,54,14:20:50
6.3,-1.1,90.6,570.8,-99.7,0,54,14:20:55
6.69,-1.47,90.7,606.8,-133.3,0,53,14:21:00
6.81,4.46,89.7,610.9,400.1,0,54,14:21:05
6.81,8.18,89.1,606.8,728.8,0,57,14:21:10
6.74,8.27,89,599.9,736,0,61,14:21:15
6.83,8.17,89,607.9,727.1,0,63,14:21:20
6.74,8.11,88.9,599.2,721,0,66,14:21:25
6.83,6.89,89.1,608.6,613.9,0,68,14:21:30
6.72,4.8,89.5,601.4,429.6,0,69,14:21:35
6.67,3.78,89.6,597.6,338.7,0,69,14:21:40
6.66,3.49,89.7,597.4,313.1,0,70,14:21:45
6.7,3.47,89.7,601,311.3,0,70,14:21:50
6.72,3.22,89.7,602.8,288.8,0,70,14:21:55
6.74,3.34,89.7,604.6,299.6,0,70,14:22:00
6.77,4.14,89.6,606.6,370.9,0,69,14:22:05
6.77,4.89,89.4,605.2,437.2,0,69,14:22:10
6.82,5.59,89.4,609.7,499.7,0,68,14:22:15
6.83,6.38,89.1,608.6,568.5,0,67,14:22:20
6.8,6.99,89,605.2,622.1,0,67,14:22:25
6.76,6.07,89.2,603,541.4,0,66,14:22:30
6.82,6.2,89.1,607.7,552.4,0,66,14:22:35
6.8,7.25,89,605.2,645.3,0,66,14:22:40
6.8,6.74,89,605.2,599.9,0,65,14:22:45
6.82,6.86,89,607,610.5,0,65,14:22:50
6.82,6.77,89,607,602.5,0,65,14:22:55
6.88,7.39,88.9,611.6,657,0,65,14:23:00
6.85,6.66,89,609.7,592.7,0,66,14:23:05
6.79,6.29,89,604.3,559.8,0,67,14:23:10
6.74,6.42,89,599.9,571.4,0,68,14:23:15
6.78,4.62,89.3,605.5,412.6,0,69,14:23:20
6.7,2.58,89.6,600.3,231.2,0,70,14:23:25
6.62,1.06,89.9,595.1,95.3,0,71,14:23:30
6.55,-1.17,90.3,591.5,-105.7,0,72,14:23:35
6.53,-2.9,90.6,591.6,-262.7,0,73,14:23:40
6.54,-2.89,90.6,592.5,-261.8,0,74,14:23:45
6.54,-3.18,90.6,592.5,-288.1,0,74,14:23:50
6.53,-3.3,90.7,592.3,-299.3,0,74,14:23:55
6.59,-1.34,90.4,595.7,-121.1,0,73,14:24:00
6.56,-1.13,90.4,593,-102.2,0,73,14:24:05
6.59,-0.82,90.3,595.1,-74,0,73,14:24:10
6.65,-1.05,90.4,601.2,-94.9,0,72,14:24:15
6.6,-0.86,90.4,596.6,-77.7,0,72,14:24:20
6.65,-0.63,90.3,600.5,-56.9,0,72,14:24:25
6.62,-0.53,90.3,597.8,-47.9,0,72,14:24:30
6.61,-0.48,90.4,597.5,-43.4,0,72,14:24:35
6.6,0.51,90.2,595.3,46,0,72,14:24:40
6.58,0.91,90.1,592.9,82,0,71,14:24:45
6.64,1.04,90,597.6,93.6,0,71,14:24:50
6.59,0.73,90.1,593.8,65.8,0,71,14:24:55
6.58,0.44,90.2,593.5,39.7,0,72,14:25:00
6.61,0.15,90.3,596.9,13.5,0,72,14:25:05
6.64,0.79,90.1,598.3,71.2,0,71,14:25:10
6.64,1.67,90,597.6,150.3,0,71,14:25:15
6.72,2.35,89.8,603.5,211,0,70,14:25:20
6.7,3.63,89.6,600.3,325.2,0,69,14:25:25
6.72,3.88,89.6,602.1,347.6,0,68,14:25:30
6.68,3.94,89.5,597.9,352.6,0,68,14:25:35
6.62,4.02,89.5,592.5,359.8,0,68,14:25:40
6.66,3.1,89.7,597.4,278.1,0,69,14:25:45
6.68,1.42,89.9,600.5,127.7,0,71,14:25:50
6.6,-0.61,90.3,596,-55.1,0,72,14:25:55
6.58,-1.04,90.3,594.2,-93.9,0,73,14:26:00
6.58,-1.18,90.4,594.8,-106.7,0,73,14:26:05
6.59,-0.34,90.3,595.1,-30.7,0,72,14:26:10
6.64,-0.07,90.2,598.9,-6.3,0,72,14:26:15
6.66,0.65,90.2,600.7,58.6,0,71,14:26:20
6.65,1.12,90.1,599.2,100.9,0,71,14:26:25
6.62,1.73,90,595.8,155.7,0,71,14:26:30
6.69,1.55,89.9,601.4,139.3,0,71,14:26:35
6.68,1.8,90,601.2,162,0,71,14:26:40
6.72,2.06,89.9,604.1,185.2,0,70,14:26:45
6.69,2.58,89.8,600.8,231.7,0,70,14:26:50
6.67,2.03,89.9,599.6,182.5,0,70,14:26:55
6.62,2.16,89.8,594.5,194,0,70,14:27:00
6.67,2.8,89.7,598.3,251.2,0,70,14:27:05
6.69,3.21,89.7,600.1,287.9,0,69,14:27:10
6.74,3.62,89.6,603.9,324.4,0,69,14:27:15
6.69,3.95,89.5,598.8,353.5,0,68,14:27:20
6.75,3.73,89.5,604.1,333.8,0,68,14:27:25
6.71,4.02,89.5,600.5,359.8,0,68,14:27:30
6.71,3.73,89.5,600.5,333.8,0,68,14:27:35
6.77,4.32,89.4,605.2,386.2,0,68,14:27:40
6.72,4.68,89.4,600.8,418.4,0,67,14:27:45
6.73,4.73,89.3,601,422.4,0,67,14:27:50
6.75,3.97,89.4,603.5,354.9,0,67,14:27:55
6.73,4.76,89.4,601.7,425.5,0,67,14:28:00
6.71,4.33,89.4,599.9,387.1,0,67,14:28:05
6.77,4.49,89.4,605.2,401.4,0,67,14:28:10
6.73,4.42,89.3,601,394.7,0,67,14:28:15
6.72,4.47,89.4,600.8,399.6,0,67,14:28:20
6.66,4.63,89.3,594.7,413.5,0,67,14:28:25
6.74,4.63,89.3,601.9,413.5,0,67,14:28:30
6.72,4.08,89.4,600.8,364.8,0,66,14:28:35
6.77,4.26,89.4,605.2,380.8,0,66,14:28:40
6.84,4.33,89.3,610.8,386.7,0,65,14:28:45
6.77,4.35,89.3,604.6,388.5,0,64,14:28:50
6.75,4.35,89.3,602.8,388.5,0,63,14:28:55
6.8,4.32,89.3,607.2,385.8,0,62,14:29:00
6.81,4.27,89.3,608.1,381.3,0,61,14:29:05
6.77,4.33,89.3,604.6,386.7,0,61,14:29:10
6.73,4.39,89.3,601,392,0,61,14:29:15
6.74,4.35,89.3,601.9,388.5,0,61,14:29:20
6.68,4.45,89.3,596.5,397.4,0,63,14:29:25
6.69,4.45,89.3,597.4,397.4,0,64,14:29:30
6.66,4.97,89.2,594.1,443.3,0,67,14:29:35
6.64,3.78,89.4,593.6,337.9,0,69,14:29:40
6.62,2.79,89.5,592.5,249.7,0,70,14:29:45
6.57,1.52,89.8,590,136.5,0,71,14:29:50
6.6,0.92,89.8,592.7,82.6,0,71,14:29:55
6.61,0.52,89.9,594.2,46.7,0,72,14:30:00
6.59,-0.08,90.1,593.8,-7.2,0,72,14:30:05
6.56,-0.18,90.1,591.1,-16.2,0,72,14:30:10
6.59,0.07,90.1,593.8,6.3,0,72,14:30:15
6.73,0.31,90,605.7,27.9,0,72,14:30:20
6.73,0.04,90.1,606.4,3.6,0,72,14:30:25
6.49,-0.95,90.3,586,-85.8,0,72,14:30:30
6.4,-2.33,90.5,579.2,-210.9,0,73,14:30:35
6.34,-3.75,90.7,575,-340.1,0,74,14:30:40
6.34,-5.65,91,576.9,-514.2,0,75,14:30:45
6.33,-6.61,91.2,577.3,-602.8,0,75,14:30:50
6.33,-6.61,91.2,577.3,-602.8,0,75,14:30:55
6.34,-6.23,91.1,577.6,-567.6,0,75,14:31:00
6.38,-5.08,91,580.6,-462.3,0,75,14:31:05
6.4,-3.08,90.7,580.5,-279.4,0,74,14:31:10
6.47,-1.73,90.6,586.2,-156.7,0,73,14:31:15
6.46,-0.52,90.4,584,-47,0,72,14:31:20
6.49,-0.3,90.3,586,-27.1,0,72,14:31:25
6.41,-0.31,90.3,578.8,-28,0,72,14:31:30
6.44,0.34,90.2,580.9,30.7,0,72,14:31:35
6.4,0.5,90.2,577.3,45.1,0,72,14:31:40
6.48,-0.08,90.3,585.1,-7.2,0,72,14:31:45
6.47,0.48,90.2,583.6,43.3,0,72,14:31:50
6.41,1.1,90.1,577.5,99.1,0,71,14:31:55
6.5,1.21,90,585,108.9,0,71,14:32:00
6.44,1.05,90,579.6,94.5,0,71,14:32:05
6.44,0.56,90.1,580.2,50.5,0,71,14:32:10
6.45,0.5,90.1,581.1,45.1,0,71,14:32:15
6.45,0.92,90.1,581.1,82.9,0,71,14:32:20
6.45,0.98,90.1,581.1,88.3,0,71,14:32:25
6.44,1.04,90.1,580.2,93.7,0,71,14:32:30
6.45,1.17,90.1,581.1,105.4,0,71,14:32:35
6.48,1.98,89.9,582.6,178,0,71,14:32:40
6.51,2.24,89.8,584.6,201.2,0,70,14:32:45
6.45,2.86,89.8,579.2,256.8,0,70,14:32:50
6.45,2.82,89.8,579.2,253.2,0,70,14:32:55
6.45,2.13,89.8,579.2,191.3,0,71,14:33:00
6.43,2,89.8,577.4,179.6,0,71,14:33:05
6.45,1.76,89.9,579.9,158.2,0,71,14:33:10
6.48,1.85,89.8,581.9,166.1,0,71,14:33:15
6.49,2.21,89.8,582.8,198.5,0,70,14:33:20
6.47,2.04,89.8,581,183.2,0,70,14:33:25
6.47,1.66,89.9,581.7,149.2,0,70,14:33:30
6.47,2.19,89.7,580.4,196.4,0,71,14:33:35
6.43,1.64,89.9,578.1,147.4,0,71,14:33:40
6.46,1.92,89.8,580.1,172.4,0,70,14:33:45
6.47,2.33,89.7,580.4,209,0,70,14:33:50
6.49,2.51,89.7,582.2,225.1,0,70,14:33:55
6.49,2.49,89.7,582.2,223.4,0,70,14:34:00
6.45,2.61,89.7,578.6,234.1,0,70,14:34:05
6.49,2.59,89.7,582.2,232.3,0,70,14:34:10
6.43,2.56,89.7,576.8,229.6,0,70,14:34:15
6.44,2.48,89.7,577.7,222.5,0,70,14:34:20
6.43,2.56,89.7,576.8,229.6,0,70,14:34:25
6.44,2.33,89.7,577.7,209,0,70,14:34:30
6.45,2.15,89.8,579.2,193.1,0,70,14:34:35
6.45,2.15,89.8,579.2,193.1,0,70,14:34:40
6.38,2.36,89.7,572.3,211.7,0,70,14:34:45
6.49,2.38,89.7,582.2,213.5,0,70,14:34:50
6.51,2.33,89.8,584.6,209.2,0,70,14:34:55
6.42,2.06,89.8,576.5,185,0,70,14:35:00
6.47,1.73,89.8,581,155.4,0,70,14:35:05
6.44,2.01,89.7,577.7,180.3,0,70,14:35:10
6.45,2.05,89.7,578.6,183.9,0,70,14:35:15
6.47,2.05,89.7,580.4,183.9,0,70,14:35:20
6.45,2.23,89.7,578.6,200,0,70,14:35:25
6.45,2.29,89.7,578.6,205.4,0,70,14:35:30
6.48,2.67,89.6,580.6,239.2,0,70,14:35:35
6.45,2.77,89.6,577.9,248.2,0,70,14:35:40
6.45,2.5,89.6,577.9,224,0,70,14:35:45
6.48,2.42,89.6,580.6,216.8,0,70,14:35:50
6.45,2.82,89.6,577.9,252.7,0,69,14:35:55
6.46,2.53,89.6,578.8,226.7,0,70,14:36:00
6.49,2.73,89.6,581.5,244.6,0,69,14:36:05
6.47,2.67,89.6,579.7,239.2,0,70,14:36:10
6.4,2.62,89.6,573.4,234.8,0,70,14:36:15
6.45,2.89,89.6,577.9,258.9,0,69,14:36:20
6.45,2.9,89.6,577.9,259.8,0,69,14:36:25
6.47,2.75,89.6,579.7,246.4,0,69,14:36:30
6.45,3.01,89.5,577.3,269.4,0,69,14:36:35
6.46,3.01,89.5,578.2,269.4,0,69,14:36:40
6.47,2.94,89.6,579.7,263.4,0,69,14:36:45
6.44,2.92,89.6,577,261.6,0,69,14:36:50
6.47,2.73,89.6,579.7,244.6,0,69,14:36:55
6.43,2.85,89.6,576.1,255.4,0,69,14:37:00
6.36,2.62,89.6,569.9,234.8,0,70,14:37:05
6.44,2.56,89.6,577,229.4,0,70,14:37:10
6.42,2.86,89.5,574.6,256,0,69,14:37:15
6.4,2.88,89.6,573.4,258,0,69,14:37:20
6.41,2.91,89.5,573.7,260.4,0,69,14:37:25
6.42,3.06,89.5,574.6,273.9,0,69,14:37:30
6.41,3.19,89.5,573.7,285.5,0,69,14:37:35
6.42,3.3,89.5,574.6,295.4,0,69,14:37:40
6.43,3.27,89.5,575.5,292.7,0,68,14:37:45
6.47,3.68,89.4,578.4,329,0,68,14:37:50
6.44,3.18,89.4,575.7,284.3,0,68,14:37:55
6.43,3.51,89.4,574.8,313.8,0,68,14:38:00
6.41,3.17,89.5,573.7,283.7,0,68,14:38:05
6.39,3.14,89.5,571.9,281,0,69,14:38:10
6.45,3.03,89.5,577.3,271.2,0,69,14:38:15
6.43,2.98,89.5,575.5,266.7,0,69,14:38:20
6.44,2.79,89.5,576.4,249.7,0,69,14:38:25
6.41,2.84,89.5,573.7,254.2,0,69,14:38:30
6.42,2.5,89.6,575.2,224,0,69,14:38:35
6.44,2.89,89.5,576.4,258.7,0,69,14:38:40
6.37,2.44,89.6,570.8,218.6,0,70,14:38:45
6.36,2.88,89.5,569.2,257.8,0,69,14:38:50
6.41,2.68,89.5,573.7,239.9,0,69,14:38:55
6.37,3.05,89.5,570.1,273,0,69,14:39:00
6.42,3.03,89.5,574.6,271.2,0,69,14:39:05
6.41,3.14,89.4,573.1,280.7,0,69,14:39:10
6.42,3.41,89.4,573.9,304.9,0,68,14:39:15
6.41,3.36,89.4,573.1,300.4,0,68,14:39:20
6.44,3.44,89.4,575.7,307.5,0,67,14:39:25
6.39,3.4,89.4,571.3,304,0,67,14:39:30
6.45,3.75,89.4,576.6,335.3,0,67,14:39:35
6.42,3.97,89.3,573.3,354.5,0,67,14:39:40
6.43,3.79,89.4,574.8,338.8,0,67,14:39:45
6.4,3.53,89.3,571.5,315.2,0,67,14:39:50
6.4,3.47,89.4,572.2,310.2,0,67,14:39:55
6.42,3.72,89.4,573.9,332.6,0,67,14:40:00
6.43,3.81,89.3,574.2,340.2,0,67,14:40:05
6.4,3.84,89.3,571.5,342.9,0,66,14:40:10
6.42,3.9,89.2,572.7,347.9,0,66,14:40:15
6.4,4.08,89.2,570.9,363.9,0,67,14:40:20
6.39,3.88,89.3,570.6,346.5,0,66,14:40:25
6.37,3.4,89.4,569.5,304,0,67,14:40:30
6.37,3.82,89.3,568.8,341.1,0,67,14:40:35
6.4,3.96,89.2,570.9,353.2,0,67,14:40:40
6.39,3.92,89.2,570,349.7,0,67,14:40:45
6.36,3.69,89.3,567.9,329.5,0,68,14:40:50
6.32,3.86,89.2,563.7,344.3,0,68,14:40:55
6.33,3.46,89.4,565.9,309.3,0,68,14:41:00
6.34,3.44,89.3,566.2,307.2,0,68,14:41:05
6.32,3.7,89.2,563.7,330,0,68,14:41:10
6.32,3.34,89.4,565,298.6,0,68,14:41:15
6.31,3.53,89.3,563.5,315.2,0,68,14:41:20
6.35,3.85,89.2,566.4,343.4,0,68,14:41:25
6.33,3.57,89.3,565.3,318.8,0,68,14:41:30
6.32,3.34,89.3,564.4,298.3,0,68,14:41:35
6.34,3.57,89.3,566.2,318.8,0,68,14:41:40
6.32,3.95,89.2,563.7,352.3,0,68,14:41:45
6.36,3.9,89.2,567.3,347.9,0,68,14:41:50
6.3,3.86,89.2,562,344.3,0,68,14:41:55
6.38,3.87,89.3,569.7,345.6,0,67,14:42:00
6.42,3.97,89.2,572.7,354.1,0,67,14:42:05
6.44,3.7,89.2,574.4,330,0,65,14:42:10
6.36,3.72,89.2,567.3,331.8,0,63,14:42:15
6.36,3.76,89.2,567.3,335.4,0,63,14:42:20
6.36,3.77,89.2,567.3,336.3,0,63,14:42:25
6.34,3.72,89.2,565.5,331.8,0,64,14:42:30
6.34,3.71,89.2,565.5,330.9,0,66,14:42:35
6.29,3.48,89.2,561.1,310.4,0,68,14:42:40
6.26,2.52,89.4,559.6,225.3,0,70,14:42:45
6.32,0.84,89.7,566.9,75.3,0,71,14:42:50
6.39,1.43,89.6,572.5,128.1,0,71,14:42:55
6.4,1.97,89.6,573.4,176.5,0,70,14:43:00
6.37,2.77,89.4,569.5,247.6,0,69,14:43:05
6.3,2.66,89.4,563.2,237.8,0,69,14:43:10
6.33,2.93,89.4,565.9,261.9,0,69,14:43:15
6.28,2.52,89.5,562.1,225.5,0,70,14:43:20
6.28,2.61,89.5,562.1,233.6,0,70,14:43:25
6.28,2.7,89.4,561.4,241.4,0,70,14:43:30
6.25,2.38,89.5,559.4,213,0,70,14:43:35
6.24,2.28,89.5,558.5,204.1,0,70,14:43:40
6.25,2.18,89.5,559.4,195.1,0,70,14:43:45
6.23,2.46,89.5,557.6,220.2,0,70,14:43:50
6.23,2.78,89.4,557,248.5,0,70,14:43:55
6.24,2.7,89.4,557.9,241.4,0,70,14:44:00
6.25,2.48,89.5,559.4,222,0,70,14:44:05
6.31,2.79,89.4,564.1,249.4,0,70,14:44:10
6.27,2.54,89.4,560.5,227.1,0,70,14:44:15
6.32,2.58,89.5,565.6,230.9,0,69,14:44:20
6.24,2.89,89.3,557.2,258.1,0,69,14:44:25
6.26,3.11,89.3,559,277.7,0,69,14:44:30
6.25,3.22,89.3,558.1,287.5,0,69,14:44:35
6.23,3.55,89.3,556.3,317,0,68,14:44:40
6.23,3.39,89.3,556.3,302.7,0,68,14:44:45
6.24,3.54,89.3,557.2,316.1,0,68,14:44:50
6.26,3.42,89.3,559,305.4,0,68,14:44:55
6.26,3.86,89.2,558.4,344.3,0,68,14:45:00
6.27,4.04,89.1,558.7,360,0,68,14:45:05
6.26,4.06,89.1,557.8,361.7,0,68,14:45:10
6.27,3.75,89.2,559.3,334.5,0,68,14:45:15
6.26,3.82,89.2,558.4,340.7,0,67,14:45:20
6.31,4.19,89.1,562.2,373.3,0,67,14:45:25
6.32,4,89.1,563.1,356.4,0,66,14:45:30
6.29,3.83,89.2,561.1,341.6,0,65,14:45:35
6.28,3.81,89.2,560.2,339.9,0,65,14:45:40
6.27,3.8,89.2,559.3,339,0,64,14:45:45
6.27,3.79,89.2,559.3,338.1,0,64,14:45:50
6.3,3.78,89.2,562,337.2,0,63,14:45:55
6.26,3.81,89.2,558.4,339.9,0,63,14:46:00
6.24,3.77,89.2,556.6,336.3,0,64,14:46:05
6.25,3.84,89.2,557.5,342.5,0,66,14:46:10
6.21,4.17,89.1,553.3,371.5,0,68,14:46:15
6.2,3,89.3,553.7,267.9,0,69,14:46:20
6.17,2.26,89.4,551.6,202,0,70,14:46:25
6.21,1.49,89.5,555.8,133.4,0,71,14:46:30
6.24,1.35,89.5,558.5,120.8,0,71,14:46:35
6.32,0.92,89.7,566.9,82.5,0,71,14:46:40
6.25,1.55,89.6,560,138.9,0,71,14:46:45
6.26,1.35,89.6,560.9,121,0,70,14:46:50
6.33,1.95,89.4,565.9,174.3,0,70,14:46:55
6.34,2.19,89.4,566.8,195.8,0,70,14:47:00
6.32,2.53,89.4,565,226.2,0,70,14:47:05
6.18,2.71,89.4,552.5,242.3,0,70,14:47:10
6.24,2.83,89.3,557.2,252.7,0,69,14:47:15
6.24,2.61,89.4,557.9,233.3,0,69,14:47:20
6.21,3.04,89.3,554.6,271.5,0,69,14:47:25
6.19,2.99,89.3,552.8,267,0,69,14:47:30
6.2,2.97,89.3,553.7,265.2,0,69,14:47:35
6.25,2.75,89.3,558.1,245.6,0,69,14:47:40
6.24,2.95,89.3,557.2,263.4,0,69,14:47:45
6.26,2.97,89.3,559,265.2,0,69,14:47:50
6.21,2.97,89.3,554.6,265.2,0,69,14:47:55
6.18,3.16,89.2,551.3,281.9,0,69,14:48:00
6.15,3.2,89.2,548.6,285.4,0,69,14:48:05
6.14,3.05,89.3,548.3,272.4,0,69,14:48:10
6.05,3.04,89.2,539.7,271.2,0,69,14:48:15
6.16,3.05,89.2,549.5,272.1,0,69,14:48:20
6.16,2.89,89.3,550.1,258.1,0,69,14:48:25
6.14,2.95,89.3,548.3,263.4,0,69,14:48:30
0.81,7.23,88.6,71.8,640.6,0,69,14:48:35
6.15,3.25,89.2,548.6,289.9,0,69,14:48:40
6.15,3.94,89.1,548,351.1,0,69,14:48:45
6.16,3.8,89.1,548.9,338.6,0,69,14:48:50
6.15,3.78,89.1,548,336.8,0,69,14:48:55
6.17,3.66,89.1,549.7,326.1,0,69,14:49:00
6.18,4.05,89.1,550.6,360.9,0,69,14:49:05
6.19,4.02,89.1,551.5,358.2,0,69,14:49:10
6.18,3.77,89.1,550.6,335.9,0,69,14:49:15
6.16,3.98,89.1,548.9,354.6,0,69,14:49:20
6.17,3.97,89.1,549.7,353.7,0,69,14:49:25
6.13,3.83,89.1,546.2,341.3,0,69,14:49:30
6.16,4.07,89.1,548.9,362.6,0,69,14:49:35
6.18,4.18,89,550,372,0,69,14:49:40
6.12,3.93,89.1,545.3,350.2,0,69,14:49:45
6.19,4,89.1,551.5,356.4,0,69,14:49:50
6.17,4.06,89,549.1,361.3,0,69,14:49:55
6.2,4.19,89,551.8,372.9,0,69,14:50:00
6.16,4.33,89,548.2,385.4,0,69,14:50:05
6.17,4.27,89,549.1,380,0,69,14:50:10
6.17,4.35,89,549.1,387.2,0,69,14:50:15
6.15,4.47,88.9,546.7,397.4,0,69,14:50:20
6.16,4.58,88.9,547.6,407.2,0,69,14:50:25
6.16,4.71,88.9,547.6,418.7,0,69,14:50:30
6.16,5.33,88.8,547,473.3,0,68,14:50:35
6.19,5.33,88.8,549.7,473.3,0,68,14:50:40
6.14,5.35,88.8,545.2,475.1,0,68,14:50:45
6.17,4.88,88.8,547.9,433.3,0,69,14:50:50
4.59,5.18,88.8,407.6,460,0,69,14:50:55
5.86,3.85,89,521.5,342.7,0,69,14:51:00
5.88,2.7,89.2,524.5,240.8,0,70,14:51:05
5.85,2.18,89.3,522.4,194.7,0,70,14:51:10
5.84,1.91,89.3,521.5,170.6,0,70,14:51:15
5.82,2.2,89.2,519.1,196.2,0,70,14:51:20
5.83,2.34,89.3,520.6,209,0,70,14:51:25
5.83,2.68,89.2,520,239.1,0,70,14:51:30
5.87,3.05,89.2,523.6,272.1,0,70,14:51:35
5.85,3.15,89.1,521.2,280.7,0,70,14:51:40
5.86,2.93,89.2,522.7,261.4,0,70,14:51:45
5.69,-27.35,93.7,533.2,-2562.7,0,64,14:51:50
6.13,5.99,88.8,544.3,531.9,0,61,14:51:55
6.2,10.74,88,545.6,945.1,0,64,14:52:00
6.15,7.36,88.6,544.9,652.1,0,67,14:52:05
6.11,4.9,88.9,543.2,435.6,0,69,14:52:10
6.1,3.69,89.1,543.5,328.8,0,69,14:52:15
6.06,2.98,89.1,539.9,265.5,0,70,14:52:20
6.15,2.58,89.2,548.6,230.1,0,70,14:52:25
6.15,1.75,89.4,549.8,156.5,0,71,14:52:30
6.18,1.09,89.5,553.1,97.6,0,70,14:52:35
6.17,2.11,89.3,551,188.4,0,70,14:52:40
6.19,2.84,89.2,552.1,253.3,0,70,14:52:45
6.12,3.76,89,544.7,334.6,0,69,14:52:50
6.1,3.42,89.1,543.5,304.7,0,69,14:52:55
6.09,3.62,89.1,542.6,322.5,0,69,14:53:00
6.08,3.47,89.1,541.7,309.2,0,69,14:53:05
6.1,3.54,89.1,543.5,315.4,0,69,14:53:10
6.07,3.56,89.1,540.8,317.2,0,69,14:53:15
6.09,3.85,89,542,342.7,0,69,14:53:20
6.09,3.95,89,542,351.6,0,69,14:53:25
6.07,4.06,89,540.2,361.3,0,69,14:53:30
6.06,4.23,88.9,538.7,376,0,69,14:53:35
6.1,4.29,88.9,542.3,381.4,0,69,14:53:40
6.05,4.45,88.9,537.8,395.6,0,69,14:53:45
6.14,4.51,88.9,545.8,400.9,0,69,14:53:50
6.12,4.67,88.9,544.1,415.2,0,69,14:53:55
6.02,4.87,88.8,534.6,432.5,0,69,14:54:00
6.09,4.73,88.8,540.8,420,0,69,14:54:05
6.07,4.94,88.8,539,438.7,0,68,14:54:10
6.09,5.25,88.8,540.8,466.2,0,68,14:54:15
6.08,5.22,88.8,539.9,463.5,0,68,14:54:20
6.12,5.46,88.7,542.8,484.3,0,68,14:54:25
6.1,5.46,88.7,541.1,484.3,0,68,14:54:30
6.07,5.79,88.6,537.8,513,0,68,14:54:35
6.03,5.59,88.7,534.9,495.8,0,68,14:54:40
6.08,5.67,88.6,538.7,502.4,0,68,14:54:45
6.08,5.02,88.7,539.3,445.3,0,68,14:54:50
6.07,5.17,88.7,538.4,458.6,0,68,14:54:55
6.08,5.29,88.7,539.3,469.2,0,68,14:55:00
6.07,5.12,88.7,538.4,454.1,0,68,14:55:05
6.07,5.54,88.6,537.8,490.8,0,68,14:55:10
6.1,5.57,88.6,540.5,493.5,0,68,14:55:15
6.07,7.27,88.3,536,641.9,0,67,14:55:20
6.16,7.35,88.3,543.9,649,0,67,14:55:25
6.15,7.96,88.2,542.4,702.1,0,66,14:55:30
6.1,8.23,88.1,537.4,725.1,0,66,14:55:35
6.12,7.86,88.2,539.8,693.3,0,66,14:55:40
6.08,7.34,88.2,536.3,647.4,0,67,14:55:45
6.05,5.65,88.5,535.4,500,0,68,14:55:50
5.98,4.33,88.7,530.4,384.1,0,69,14:55:55
5.95,2.57,89,529.6,228.7,0,70,14:56:00
5.91,1.02,89.3,527.8,91.1,0,71,14:56:05
5.93,1.11,89.3,529.5,99.1,0,71,14:56:10
5.91,0.62,89.4,528.4,55.4,0,71,14:56:15
5.92,0.39,89.4,529.2,34.9,0,71,14:56:20
5.92,0.53,89.4,529.2,47.4,0,71,14:56:25
5.95,0.56,89.4,531.9,50.1,0,71,14:56:30
5.97,1.07,89.3,533.1,95.6,0,71,14:56:35
5.97,2.47,89.1,531.9,220.1,0,70,14:56:40
5.96,2.92,89,530.4,259.9,0,70,14:56:45
5.97,3.01,89.1,531.9,268.2,0,70,14:56:50
5.97,2.52,89.1,531.9,224.5,0,70,14:56:55
5.98,2.61,89.1,532.8,232.6,0,70,14:57:00
5.97,2.89,89.1,531.9,257.5,0,70,14:57:05
5.94,3.1,89,528.7,275.9,0,70,14:57:10
5.96,2.9,89.1,531,258.4,0,70,14:57:15
5.91,2.86,89.1,526.6,254.8,0,70,14:57:20
5.94,3.34,89,528.7,297.3,0,70,14:57:25
5.92,3.06,89.1,527.5,272.6,0,70,14:57:30
5.94,2.87,89.1,529.3,255.7,0,70,14:57:35
5.98,3.25,89,532.2,289.3,0,70,14:57:40
5.96,3.03,89,530.4,269.7,0,70,14:57:45
5.94,2.41,89.1,529.3,214.7,0,70,14:57:50
5.38,2.8,89.1,479.4,249.5,0,70,14:57:55
5.69,2.68,89.1,507,238.8,0,70,14:58:00
5.69,3.16,89,506.4,281.2,0,70,14:58:05
5.69,3.26,89,506.4,290.1,0,70,14:58:10
5.71,3.07,89,508.2,273.2,0,70,14:58:15
5.68,2.83,89.1,506.1,252.2,0,70,14:58:20
5.76,3.15,89,512.6,280.4,0,70,14:58:25
5.92,3.08,89,526.9,274.1,0,70,14:58:30
5.92,2.81,89,526.9,250.1,0,70,14:58:35
5.91,2.65,89.1,526.6,236.1,0,70,14:58:40
5.89,2.67,89.1,524.8,237.9,0,70,14:58:45
5.93,2.99,89,527.8,266.1,0,70,14:58:50
5.87,2.73,89.1,523,243.2,0,70,14:58:55
5.81,1.74,89.2,518.3,155.2,0,71,14:59:00
5.94,0.62,89.4,531,55.4,0,71,14:59:05
5.97,2.04,89.2,532.5,182,0,70,14:59:10
6.12,4.21,88.8,543.5,373.8,0,69,14:59:15
6.13,3.48,88.9,545,309.4,0,69,14:59:20
6.08,2.16,89.1,541.7,192.5,0,70,14:59:25
6.08,1.68,89.2,542.3,149.9,0,71,14:59:30
6.05,0.91,89.4,540.9,81.4,0,71,14:59:35
6.04,1.39,89.3,539.4,124.1,0,71,14:59:40
5.94,0.93,89.5,531.6,83.2,0,71,14:59:45
5.95,1.53,89.3,531.3,136.6,0,71,14:59:50
5.91,2.3,89.2,527.2,205.2,0,70,14:59:55
5.92,2.83,89.1,527.5,252.2,0,70,15:00:00
5.84,3.1,89.1,520.3,276.2,0,70,15:00:05
5.84,3.4,89,519.8,302.6,0,69,15:00:10
5.82,4.09,88.8,516.8,363.2,0,69,15:00:15
5.78,3.92,88.9,513.8,348.5,0,69,15:00:20
5.65,3,89,502.9,267,0,70,15:00:25
5.47,2.47,89.1,487.4,220.1,0,70,15:00:30
5.46,2.59,89.1,486.5,230.8,0,70,15:00:35
5.38,3.05,89.1,479.4,271.8,0,70,15:00:40
5.45,4.65,88.8,484,412.9,0,69,15:00:45
5.39,4.71,88.7,478.1,417.8,0,69,15:00:50
5.49,5.26,88.7,487,466.6,0,68,15:00:55
5.5,6.09,88.5,486.8,539,0,68,15:01:00
5.47,6.27,88.5,484.1,554.9,0,68,15:01:05
5.39,6.99,88.4,476.5,617.9,0,67,15:01:10
5.47,7.29,88.3,483,643.7,0,67,15:01:15
5.34,7.59,88.2,471,669.4,0,67,15:01:20
5.45,7.44,88.1,480.1,655.5,0,67,15:01:25
5.54,6.8,88.3,489.2,600.4,0,68,15:01:30
5.66,6.67,88.3,499.8,589,0,68,15:01:35
5.77,6.5,88.3,509.5,574,0,68,15:01:40
5.77,6.31,88.3,509.5,557.2,0,68,15:01:45
5.86,6.12,88.4,518,541,0,68,15:01:50
5.96,6.21,88.4,526.9,549,0,67,15:01:55
5.84,6.26,88.4,516.3,553.4,0,68,15:02:00
5.82,5.81,88.4,514.5,513.6,0,68,15:02:05
5.81,5.9,88.4,513.6,521.6,0,68,15:02:10
5.7,6.06,88.3,503.3,535.1,0,67,15:02:15
5.47,6.17,88.3,483,544.8,0,68,15:02:20
5.29,6.16,88.3,467.1,543.9,0,68,15:02:25
5.34,6.27,88.3,471.5,553.6,0,68,15:02:30
5.32,5.19,88.5,470.8,459.3,0,68,15:02:35
5.24,4.42,88.6,464.3,391.6,0,69,15:02:40
5.15,4.08,88.6,456.3,361.5,0,69,15:02:45
5.35,3.29,88.8,475.1,292.2,0,69,15:02:50
5.32,3.28,88.8,472.4,291.3,0,70,15:02:55
5.14,3.22,88.8,456.4,285.9,0,70,15:03:00
5.54,3.31,88.8,492,293.9,0,69,15:03:05
5.56,4.12,88.6,492.6,365,0,69,15:03:10
5.5,4.37,88.6,487.3,387.2,0,69,15:03:15
5.51,4.92,88.6,488.2,435.9,0,69,15:03:20
5.48,5.14,88.5,485,454.9,0,68,15:03:25
5.56,4.99,88.6,492.6,442.1,0,68,15:03:30
5.63,4.93,88.5,498.3,436.3,0,68,15:03:35
5.64,4.81,88.6,499.7,426.2,0,69,15:03:40
5.57,4.49,88.6,493.5,397.8,0,69,15:03:45
5.52,4.76,88.5,488.5,421.3,0,69,15:03:50
5.73,4.52,88.6,507.7,400.5,0,69,15:03:55
5.71,4.76,88.5,505.3,421.3,0,69,15:04:00
5.83,4.97,88.5,516,439.8,0,68,15:04:05
5.82,5.5,88.4,514.5,486.2,0,68,15:04:10
5.83,5.29,88.5,516,468.2,0,68,15:04:15
6.09,5.52,88.4,538.4,488,0,68,15:04:20
6.3,5.89,88.3,556.3,520.1,0,68,15:04:25
6.32,5.42,88.4,558.7,479.1,0,68,15:04:30
6.26,4.81,88.5,554,425.7,0,68,15:04:35
6.16,4.19,88.6,545.8,371.2,0,69,15:04:40
6.2,3.3,88.7,549.9,292.7,0,69,15:04:45
6.15,3.27,88.8,546.1,290.4,0,69,15:04:50
5.84,2.99,88.8,518.6,265.5,0,69,15:04:55
5.88,3.91,88.7,521.6,346.8,0,69,15:05:00
5.73,4.62,88.6,507.7,409.3,0,69,15:05:05
5.67,5.23,88.4,501.2,462.3,0,68,15:05:10
5.84,4.89,88.5,516.8,432.8,0,68,15:05:15
5.86,5.34,88.4,518,472.1,0,68,15:05:20
5.85,5.48,88.4,517.1,484.4,0,68,15:05:25
6.16,6.24,88.3,543.9,551,0,67,15:05:30
6.14,8.78,87.8,539.1,770.9,0,66,15:05:35
6.3,9.12,87.7,552.5,799.8,0,65,15:05:40
6.35,10.52,87.5,555.6,920.5,0,65,15:05:45
6.25,10.25,87.5,546.9,896.9,0,65,15:05:50
6.29,10.55,87.4,549.7,922.1,0,66,15:05:55
6.1,7.99,87.8,535.6,701.5,0,66,15:06:00
6.1,5.88,88.2,538,518.6,0,67,15:06:05
5.94,4.47,88.4,525.1,395.1,0,68,15:06:10
5.71,2.86,88.7,506.5,253.7,0,70,15:06:15
5.61,0.92,89,499.3,81.9,0,71,15:06:20
5.61,-1,89.4,501.5,-89.4,0,72,15:06:25
5.4,-0.47,89.2,481.7,-41.9,0,72,15:06:30
5.39,0.73,89.1,480.2,65,0,71,15:06:35
5.47,3.69,88.7,485.2,327.3,0,69,15:06:40
5.56,6.36,88.2,490.4,561,0,68,15:06:45
5.73,6.86,88.1,504.8,604.4,0,67,15:06:50
5.6,6.49,88.2,493.9,572.4,0,68,15:06:55
5.57,5.52,88.3,491.8,487.4,0,68,15:07:00
5.52,4.47,88.4,488,395.1,0,69,15:07:05
5.65,2.82,88.8,501.7,250.4,0,70,15:07:10
5.57,1.21,89,495.7,107.7,0,71,15:07:15
5.64,0.08,89.2,503.1,7.1,0,71,15:07:20
5.7,-0.43,89.3,509,-38.4,0,72,15:07:25
5.72,-1.42,89.4,511.4,-126.9,0,72,15:07:30
5.58,-0.66,89.3,498.3,-58.9,0,72,15:07:35
5.61,-1,89.5,502.1,-89.5,0,72,15:07:40
5.68,-0.71,89.4,507.8,-63.5,0,72,15:07:45
5.65,-0.5,89.4,505.1,-44.7,0,72,15:07:50
5.61,-0.75,89.5,502.1,-67.1,0,72,15:07:55
5.72,-0.64,89.4,511.4,-57.2,0,72,15:08:00
5.58,-0.46,89.4,498.9,-41.1,0,72,15:08:05
5.64,-0.15,89.4,504.2,-13.4,0,72,15:08:10
5.65,-4.81,90.1,509.1,-433.4,0,71,15:08:15
5.3,-26.36,93.3,494.5,-2459.4,0,66,15:08:20
5.47,-4.81,90.3,493.9,-434.3,0,57,15:08:25
5.62,-4.94,90.3,507.5,-446.1,0,56,15:08:30
5.63,-4.96,90.4,509,-448.4,0,50,15:08:35
5.11,-4.46,90.2,460.9,-402.3,0,49,15:08:40
5.79,-5.1,90.4,523.4,-461,0,48,15:08:45
5.6,-4.92,90.3,505.7,-444.3,0,47,15:08:50
5.62,-4.95,90.4,508,-447.5,0,46,15:08:55
5.39,-4.73,90.3,486.7,-427.1,0,45,15:09:00
5.51,-4.85,90.3,497.6,-438,0,45,15:09:05
5.24,-4.6,90.3,473.2,-415.4,0,43,15:09:10
4.38,-3.79,90.2,395.1,-341.9,0,43,15:09:15
5.51,-4.84,90.4,498.1,-437.5,0,42,15:09:20
0.61,4.98,88.9,54.2,442.7,0,42,15:09:25
5.59,0.84,89.5,500.3,75.2,0,44,15:09:30
5.6,0.82,89.5,501.2,73.4,0,47,15:09:35
3.93,2.22,89.2,350.6,198,0,48,15:09:40
2.32,3.57,89,206.5,317.7,0,49,15:09:45
1.62,4.2,88.9,144,373.4,0,51,15:09:50
5.54,0.89,89.4,495.3,79.6,0,52,15:09:55
5.63,-4.96,90.3,508.4,-447.9,0,51,15:10:00
5.4,-4.74,90.3,487.6,-428,0,49,15:10:05
5.38,-4.73,90.3,485.8,-427.1,0,46,15:10:10
4.98,-4.36,90.3,449.7,-393.7,0,45,15:10:15
5.44,-4.77,90.4,491.8,-431.2,0,45,15:10:20
5.33,-4.68,90.4,481.8,-423.1,0,40,15:10:25
5.39,-4.73,90.4,487.3,-427.6,0,40,15:10:30
5.34,-4.69,90.4,482.7,-424,0,39,15:10:35
5.5,0.92,89.5,492.3,82.3,0,40,15:10:40
5.34,-4.69,90.4,482.7,-424,0,40,15:10:45
4.75,-4.14,90.3,428.9,-373.8,0,40,15:10:50
4.85,-4.23,90.3,438,-382,0,40,15:10:55
4.2,-3.63,90.2,378.8,-327.4,0,40,15:11:00
0.24,0.01,89.8,21.6,0.9,0,40,15:11:05
0.23,0.01,89.7,20.6,0.9,0,40,15:11:10
1.41,-1.04,89.8,126.6,-93.4,0,40,15:11:15
0.24,0.01,89.7,21.5,0.9,0,40,15:11:20
5.31,-4.67,90.4,480,-422.2,0,40,15:11:25
5,-4.38,90.3,451.5,-395.5,0,40,15:11:30
5.27,-4.64,90.4,476.4,-419.5,0,39,15:11:35
5.12,-4.48,90.3,462.3,-404.5,0,40,15:11:40
5.12,-4.5,90.4,462.8,-406.8,0,39,15:11:45
5.02,-4.39,90.3,453.3,-396.4,0,39,15:11:50
4.97,-20.7,92.7,460.7,-1918.9,0,36,15:11:55
5.23,-8.87,91.1,476.5,-808.1,0,26,15:12:00
5.63,-6.22,90.7,510.6,-564.2,0,19,15:12:05
5.86,1.61,89.6,525.1,144.3,0,21,15:12:10
5.81,-5.09,90.5,525.8,-460.6,0,25,15:12:15
5.8,-5.12,90.5,524.9,-463.4,0,25,15:12:20
5.75,-0.35,89.8,516.4,-31.4,0,28,15:12:25
5.84,-0.41,89.9,525,-36.9,0,28,15:12:30
5.7,-0.34,89.8,511.9,-30.5,0,31,15:12:35
5.44,-4.78,90.5,492.3,-432.6,0,27,15:12:40
5.45,-4.84,90.5,493.2,-438,0,25,15:12:45
5.46,-5.57,90.7,495.2,-505.2,0,9,15:12:50
4.69,-1.55,90,422.1,-139.5,0,6,15:12:55
5.08,-2.76,90.2,458.2,-249,0,14,15:13:00
4.92,-3.74,90.3,444.3,-337.7,0,11,15:13:05
4.86,-4.24,90.4,439.3,-383.3,0,7,15:13:10
5.11,-5.28,90.5,462.5,-477.8,0,10,15:13:15
5.26,-5.23,90.5,476,-473.3,0,9,15:13:20
5.02,-0.9,90,451.8,-81,0,8,15:13:25
5.14,0.01,89.8,461.6,0.9,0,13,15:13:30
4.76,-6.36,90.7,431.7,-576.9,0,13,15:13:35
4.92,0.13,89.8,441.8,11.7,0,14,15:13:40
4.9,-1.84,90,441,-165.6,0,14,15:13:45
4.86,-4.16,90.3,438.9,-375.6,0,14,15:13:50
4.91,-0.95,89.9,441.4,-85.4,0,10,15:13:55
4.89,-5.29,90.5,442.5,-478.7,0,10,15:14:00
4.87,-4.25,90.4,440.2,-384.2,0,7,15:14:05
4.91,-3.41,90.3,443.4,-307.9,0,5,15:14:10
4.94,-4.93,90.6,447.6,-446.7,0,6,15:14:15
4.92,-4.57,90.5,445.3,-413.6,0,5,15:14:20
4.94,-3.96,90.3,446.1,-357.6,0,3,15:14:25
4.97,-4.36,90.4,449.3,-394.1,0,3,15:14:30
4.99,-0.44,89.9,448.6,-39.6,0,0,15:14:35
4.92,-4.31,90.4,444.8,-389.6,0,2,15:14:40
5.05,-3.27,90.3,456,-295.3,0,3,15:14:45
5.06,-4.43,90.5,457.9,-400.9,0,0,15:14:50
5.01,-3.57,90.3,452.4,-322.4,0,0,15:14:55
4.92,-4.29,90.4,444.8,-387.8,0,0,15:15:00
4.92,-4.29,90.5,445.3,-388.2,0,0,15:15:05
4.91,-4.28,90.5,444.4,-387.3,0,0,15:15:10
4.92,-4.29,90.5,445.3,-388.2,0,0,15:15:15
4.92,-4.3,90.5,445.3,-389.2,0,0,15:15:20
4.91,-4.29,90.6,444.8,-388.7,0,0,15:15:25
4.92,-4.29,90.6,445.8,-388.7,0,0,15:15:30
4.9,-4.27,90.5,443.5,-386.4,0,0,15:15:35
4.91,-4.28,90.6,444.8,-387.8,0,0,15:15:40
4.91,-4.29,90.6,444.8,-388.7,0,0,15:15:45
4.89,-4.27,90.6,443,-386.9,0,0,15:15:50
4.9,-4.27,90.6,443.9,-386.9,0,0,15:15:55
4.89,-4.27,90.6,443,-386.9,0,0,15:16:00
4.88,-4.26,90.6,442.1,-386,0,0,15:16:05
4.88,-4.27,90.6,442.1,-386.9,0,0,15:16:10
4.87,-4.26,90.6,441.2,-386,0,0,15:16:15
4.67,-4.08,90.5,422.6,-369.2,0,0,15:16:20
5.03,-4.4,90.6,455.7,-398.6,0,0,15:16:25
5.03,-4.4,90.6,455.7,-398.6,0,0,15:16:30
5.03,-4.39,90.6,455.7,-397.7,0,0,15:16:35
5.02,-4.39,90.6,454.8,-397.7,0,0,15:16:40
5.02,-4.39,90.6,454.8,-397.7,0,0,15:16:45
5.01,-4.39,90.6,453.9,-397.7,0,0,15:16:50
5.01,-4.38,90.6,453.9,-396.8,0,0,15:16:55
5.01,-4.38,90.6,453.9,-396.8,0,0,15:17:00
5,-4.36,90.6,453,-395,0,0,15:17:05
5,-4.37,90.6,453,-395.9,0,0,15:17:10
5,-4.37,90.6,453,-395.9,0,0,15:17:15
5,-4.37,90.6,453,-395.9,0,0,15:17:20
4.94,-4.32,90.6,447.6,-391.4,0,0,15:17:25
4.97,-4.34,90.6,450.3,-393.2,0,0,15:17:30
5.02,-4.39,90.6,454.8,-397.7,0,0,15:17:35
5.01,-4.38,90.6,453.9,-396.8,0,0,15:17:40
5.01,-4.39,90.6,453.9,-397.7,0,0,15:17:45
5.01,-4.37,90.6,453.9,-395.9,0,0,15:17:50
5.02,-4.39,90.6,454.8,-397.7,0,0,15:17:55
5.02,-4.39,90.6,454.8,-397.7,0,0,15:18:00
5.01,-4.38,90.6,453.9,-396.8,0,0,15:18:05
4.99,-4.37,90.6,452.1,-395.9,0,0,15:18:10
5,-4.37,90.6,453,-395.9,0,0,15:18:15
4.99,-4.36,90.7,452.6,-395.5,0,0,15:18:20
4.99,-4.37,90.6,452.1,-395.9,0,0,15:18:25
4.98,-4.35,90.6,451.2,-394.1,0,0,15:18:30
4.99,-4.37,90.6,452.1,-395.9,0,0,15:18:35
4.99,-4.36,90.6,452.1,-395,0,0,15:18:40
4.98,-4.36,90.6,451.2,-395,0,0,15:18:45
4.96,-4.34,90.7,449.9,-393.6,0,0,15:18:50
4.98,-4.35,90.6,451.2,-394.1,0,0,15:18:55
4.99,-4.36,90.6,452.1,-395,0,0,15:19:00
4.98,-4.36,90.6,451.2,-395,0,0,15:19:05
4.97,-4.34,90.7,450.8,-393.6,0,0,15:19:10
4.96,-4.34,90.6,449.4,-393.2,0,0,15:19:15
4.95,-4.33,90.7,449,-392.7,0,0,15:19:20
4.96,-4.35,90.7,449.9,-394.5,0,0,15:19:25
4.97,-4.34,90.7,450.8,-393.6,0,0,15:19:30
4.96,-4.34,90.7,449.9,-393.6,0,0,15:19:35
4.97,-4.35,90.6,450.3,-394.1,0,0,15:19:40
4.96,-4.34,90.7,449.9,-393.6,0,0,15:19:45
4.96,-4.34,90.7,449.9,-393.6,0,0,15:19:50
4.96,-4.34,90.7,449.9,-393.6,0,0,15:19:55
4.96,-4.33,90.7,449.9,-392.7,0,0,15:20:00
4.94,-4.33,90.7,448.1,-392.7,0,0,15:20:05
4.95,-4.32,90.7,449,-391.8,0,0,15:20:10
4.94,-4.32,90.7,448.1,-391.8,0,0,15:20:15
4.94,-4.33,90.7,448.1,-392.7,0,0,15:20:20
4.93,-4.31,90.7,447.2,-390.9,0,0,15:20:25
4.93,-4.3,90.7,447.2,-390,0,0,15:20:30
4.92,-4.3,90.7,446.2,-390,0,0,15:20:35
4.92,-4.29,90.7,446.2,-389.1,0,0,15:20:40
4.91,-4.29,90.7,445.3,-389.1,0,0,15:20:45
4.91,-4.29,90.7,445.3,-389.1,0,0,15:20:50
4.92,-4.3,90.7,446.2,-390,0,0,15:20:55
4.91,-4.29,90.7,445.3,-389.1,0,0,15:21:00
4.91,-4.3,90.7,445.3,-390,0,0,15:21:05
4.91,-4.28,90.7,445.3,-388.2,0,0,15:21:10
4.9,-4.27,90.7,444.4,-387.3,0,0,15:21:15
4.9,-4.27,90.7,444.4,-387.3,0,0,15:21:20
4.9,-4.27,90.7,444.4,-387.3,0,0,15:21:25
4.88,-4.26,90.7,442.6,-386.4,0,0,15:21:30
4.9,-4.29,90.7,444.4,-389.1,0,0,15:21:35
4.9,-4.27,90.7,444.4,-387.3,0,0,15:21:40
4.88,-4.27,90.7,442.6,-387.3,0,0,15:21:45
4.88,-4.26,90.7,442.6,-386.4,0,0,15:21:50
4.87,-4.26,90.7,441.7,-386.4,0,0,15:21:55
4.88,-4.26,90.7,442.6,-386.4,0,0,15:22:00
4.88,-4.26,90.7,442.6,-386.4,0,0,15:22:05
4.86,-4.25,90.7,440.8,-385.5,0,0,15:22:10
4.87,-4.24,90.7,441.7,-384.6,0,0,15:22:15
4.88,-4.26,90.7,442.6,-386.4,0,0,15:22:20
4.87,-4.25,90.7,441.7,-385.5,0,0,15:22:25
4.88,-4.26,90.7,442.6,-386.4,0,0,15:22:30
4.86,-4.23,90.7,440.8,-383.7,0,0,15:22:35
4.86,-4.24,90.7,440.8,-384.6,0,0,15:22:40
4.85,-4.24,90.7,439.9,-384.6,0,0,15:22:45
4.85,-4.24,90.7,439.9,-384.6,0,0,15:22:50
4.86,-4.24,90.7,440.8,-384.6,0,0,15:22:55
4.85,-4.23,90.7,439.9,-383.7,0,0,15:23:00
4.85,-4.23,90.7,439.9,-383.7,0,0,15:23:05
4.84,-4.22,90.7,439,-382.8,0,0,15:23:10
4.83,-4.21,90.7,438.1,-381.8,0,0,15:23:15
4.84,-4.23,90.7,439,-383.7,0,0,15:23:20
4.83,-4.21,90.7,438.1,-381.8,0,0,15:23:25
4.82,-4.21,90.7,437.2,-381.8,0,0,15:23:30
4.82,-4.21,90.7,437.2,-381.8,0,0,15:23:35
4.81,-4.2,90.7,436.3,-380.9,0,0,15:23:40
4.81,-4.2,90.7,436.3,-380.9,0,0,15:23:45
4.81,-4.2,90.7,436.3,-380.9,0,0,15:23:50
4.81,-4.2,90.7,436.3,-380.9,0,0,15:23:55
4.8,-4.19,90.7,435.4,-380,0,0,15:24:00
4.8,-4.19,90.7,435.4,-380,0,0,15:24:05
4.79,-4.18,90.7,434.5,-379.1,0,0,15:24:10
4.8,-4.19,90.7,435.4,-380,0,0,15:24:15
4.79,-4.17,90.7,434.5,-378.2,0,0,15:24:20
4.79,-4.18,90.7,434.5,-379.1,0,0,15:24:25
4.77,-4.17,90.7,432.6,-378.2,0,0,15:24:30
4.79,-4.18,90.8,434.9,-379.5,0,0,15:24:35
4.79,-4.17,90.7,434.5,-378.2,0,0,15:24:40
4.78,-4.16,90.8,434,-377.7,0,0,15:24:45
4.76,-4.15,90.7,431.7,-376.4,0,0,15:24:50
4.76,-4.15,90.8,432.2,-376.8,0,0,15:24:55
4.76,-4.15,90.8,432.2,-376.8,0,0,15:25:00
4.75,-4.15,90.8,431.3,-376.8,0,0,15:25:05
4.76,-4.15,90.8,432.2,-376.8,0,0,15:25:10
4.75,-4.14,90.8,431.3,-375.9,0,0,15:25:15
4.75,-4.14,90.8,431.3,-375.9,0,0,15:25:20
4.74,-4.14,90.8,430.4,-375.9,0,0,15:25:25
4.75,-4.15,90.8,431.3,-376.8,0,0,15:25:30
4.75,-4.14,90.9,431.8,-376.3,0,0,15:25:35
4.74,-4.13,90.8,430.4,-375,0,0,15:25:40
4.74,-4.13,90.9,430.9,-375.4,0,0,15:25:45
4.74,-4.13,90.8,430.4,-375,0,0,15:25:50
4.73,-4.12,90.8,429.5,-374.1,0,0,15:25:55
4.72,-4.12,90.9,429,-374.5,0,0,15:26:00
4.72,-4.12,90.8,428.6,-374.1,0,0,15:26:05
4.73,-4.12,90.8,429.5,-374.1,0,0,15:26:10
4.72,-4.11,90.9,429,-373.6,0,0,15:26:15
4.72,-4.11,90.9,429,-373.6,0,0,15:26:20
4.72,-4.12,90.9,429,-374.5,0,0,15:26:25
4.71,-4.11,90.9,428.1,-373.6,0,0,15:26:30
4.71,-4.11,90.9,428.1,-373.6,0,0,15:26:35
4.71,-4.11,90.9,428.1,-373.6,0,0,15:26:40
4.7,-4.09,90.8,426.8,-371.4,0,0,15:26:45
4.7,-4.09,90.9,427.2,-371.8,0,0,15:26:50
4.7,-4.09,90.9,427.2,-371.8,0,0,15:26:55
4.7,-4.09,90.9,427.2,-371.8,0,0,15:27:00
4.7,-4.09,90.9,427.2,-371.8,0,0,15:27:05
4.71,-4.1,90.9,428.1,-372.7,0,0,15:27:10
4.68,-4.08,90.9,425.4,-370.9,0,0,15:27:15
4.68,-4.08,90.9,425.4,-370.9,0,0,15:27:20
4.69,-4.08,90.9,426.3,-370.9,0,0,15:27:25
4.69,-4.08,90.8,425.9,-370.5,0,0,15:27:30
4.67,-4.07,90.9,424.5,-370,0,0,15:27:35
4.68,-4.08,90.9,425.4,-370.9,0,0,15:27:40
4.67,-4.07,90.9,424.5,-370,0,0,15:27:45
4.68,-4.08,90.9,425.4,-370.9,0,0,15:27:50
4.66,-4.07,90.9,423.6,-370,0,0,15:27:55
4.66,-4.06,90.9,423.6,-369.1,0,0,15:28:00
4.67,-4.07,90.9,424.5,-370,0,0,15:28:05
4.65,-4.06,90.9,422.7,-369.1,0,0,15:28:10
4.64,-4.04,90.9,421.8,-367.2,0,0,15:28:15
4.65,-4.05,90.9,422.7,-368.1,0,0,15:28:20
4.65,-4.05,90.9,422.7,-368.1,0,0,15:28:25
4.64,-4.04,90.9,421.8,-367.2,0,0,15:28:30
4.63,-4.04,90.9,420.9,-367.2,0,0,15:28:35
4.64,-4.04,90.9,421.8,-367.2,0,0,15:28:40
4.63,-4.03,90.9,420.9,-366.3,0,0,15:28:45
4.64,-4.04,90.9,421.8,-367.2,0,0,15:28:50
4.64,-4.05,90.9,421.8,-368.1,0,0,15:28:55
4.63,-4.03,90.9,420.9,-366.3,0,0,15:29:00
4.62,-4.03,90.9,420,-366.3,0,0,15:29:05
4.62,-4.03,90.9,420,-366.3,0,0,15:29:10
4.61,-4.01,90.9,419,-364.5,0,0,15:29:15
4.62,-4.02,90.9,420,-365.4,0,0,15:29:20
4.62,-4.02,90.9,420,-365.4,0,0,15:29:25
4.62,-4.02,90.9,420,-365.4,0,0,15:29:30
4.6,-4.01,90.9,418.1,-364.5,0,0,15:29:35
4.62,-4.02,90.9,420,-365.4,0,0,15:29:40
4.61,-4.01,90.9,419,-364.5,0,0,15:29:45
4.6,-4.01,90.9,418.1,-364.5,0,0,15:29:50
4.6,-4,90.9,418.1,-363.6,0,0,15:29:55
4.6,-4.01,90.9,418.1,-364.5,0,0,15:30:00
4.59,-3.99,90.9,417.2,-362.7,0,0,15:30:05
4.59,-4,90.9,417.2,-363.6,0,0,15:30:10
4.59,-4,90.9,417.2,-363.6,0,0,15:30:15
4.59,-3.99,90.9,417.2,-362.7,0,0,15:30:20
4.58,-3.98,90.9,416.3,-361.8,0,0,15:30:25
4.58,-3.98,90.9,416.3,-361.8,0,0,15:30:30
4.57,-3.97,90.9,415.4,-360.9,0,0,15:30:35
4.58,-3.98,90.9,416.3,-361.8,0,0,15:30:40
4.58,-3.98,90.9,416.3,-361.8,0,0,15:30:45
4.58,-3.98,90.9,416.3,-361.8,0,0,15:30:50
4.56,-3.97,90.9,414.5,-360.9,0,0,15:30:55
4.56,-3.98,90.9,414.5,-361.8,0,0,15:31:00
4.56,-3.97,90.9,414.5,-360.9,0,0,15:31:05
4.56,-3.96,90.9,414.5,-360,0,0,15:31:10
4.56,-3.97,90.9,414.5,-360.9,0,0,15:31:15
4.55,-3.96,90.9,413.6,-360,0,0,15:31:20
4.55,-3.96,90.9,413.6,-360,0,0,15:31:25
4.55,-3.96,90.9,413.6,-360,0,0,15:31:30
4.56,-3.96,90.9,414.5,-360,0,0,15:31:35
4.54,-3.95,90.9,412.7,-359.1,0,0,15:31:40
4.54,-3.95,90.9,412.7,-359.1,0,0,15:31:45
4.54,-3.95,90.9,412.7,-359.1,0,0,15:31:50
4.53,-3.95,90.9,411.8,-359.1,0,0,15:31:55
4.53,-3.94,90.9,411.8,-358.1,0,0,15:32:00
4.54,-3.95,90.9,412.7,-359.1,0,0,15:32:05
4.53,-3.94,90.9,411.8,-358.1,0,0,15:32:10
4.53,-3.94,90.9,411.8,-358.1,0,0,15:32:15
4.52,-3.93,90.9,410.9,-357.2,0,0,15:32:20
4.51,-3.92,90.9,410,-356.3,0,0,15:32:25
4.51,-3.93,90.9,410,-357.2,0,0,15:32:30
4.52,-3.93,90.9,410.9,-357.2,0,0,15:32:35
4.51,-3.92,90.9,410,-356.3,0,0,15:32:40
4.5,-3.92,90.9,409.1,-356.3,0,0,15:32:45
4.5,-3.92,90.9,409.1,-356.3,0,0,15:32:50
4.49,-3.9,90.9,408.1,-354.5,0,0,15:32:55
4.49,-3.91,90.9,408.1,-355.4,0,0,15:33:00
4.49,-3.9,90.9,408.1,-354.5,0,0,15:33:05
4.48,-3.9,90.9,407.2,-354.5,0,0,15:33:10
4.48,-3.9,90.9,407.2,-354.5,0,0,15:33:15
4.49,-3.9,90.9,408.1,-354.5,0,0,15:33:20
4.48,-3.9,90.9,407.2,-354.5,0,0,15:33:25
4.48,-3.89,90.9,407.2,-353.6,0,0,15:33:30
4.48,-3.88,90.9,407.2,-352.7,0,0,15:33:35
4.47,-3.88,90.9,406.3,-352.7,0,0,15:33:40
4.47,-3.89,91,406.8,-354,0,0,15:33:45
4.46,-3.87,90.9,405.4,-351.8,0,0,15:33:50
4.47,-3.87,90.9,406.3,-351.8,0,0,15:33:55
4.46,-3.88,90.9,405.4,-352.7,0,0,15:34:00
4.45,-3.87,90.9,404.5,-351.8,0,0,15:34:05
4.45,-3.87,90.9,404.5,-351.8,0,0,15:34:10
4.45,-3.86,91,405,-351.3,0,0,15:34:15
4.45,-3.86,91,405,-351.3,0,0,15:34:20
4.44,-3.86,91,404,-351.3,0,0,15:34:25
4.44,-3.86,90.9,403.6,-350.9,0,0,15:34:30
4.45,-3.87,91,405,-352.2,0,0,15:34:35
4.44,-3.85,90.9,403.6,-350,0,0,15:34:40
4.43,-3.84,91,403.1,-349.4,0,0,15:34:45
4.43,-3.84,91,403.1,-349.4,0,0,15:34:50
4.43,-3.84,90.9,402.7,-349.1,0,0,15:34:55
4.41,-3.83,91,401.3,-348.5,0,0,15:35:00
4.42,-3.83,90.9,401.8,-348.1,0,0,15:35:05
4.42,-3.83,91,402.2,-348.5,0,0,15:35:10
4.41,-3.82,91,401.3,-347.6,0,0,15:35:15
4.4,-3.82,91,400.4,-347.6,0,0,15:35:20
4.41,-3.82,91,401.3,-347.6,0,0,15:35:25
4.4,-3.82,91,400.4,-347.6,0,0,15:35:30
4.4,-3.81,91,400.4,-346.7,0,0,15:35:35
4.4,-3.82,90.9,400,-347.2,0,0,15:35:40
4.4,-3.82,91,400.4,-347.6,0,0,15:35:45
4.39,-3.8,91,399.5,-345.8,0,0,15:35:50
4.4,-3.81,91,400.4,-346.7,0,0,15:35:55
4.39,-3.81,91,399.5,-346.7,0,0,15:36:00
4.38,-3.8,91,398.6,-345.8,0,0,15:36:05
4.37,-3.79,91,397.7,-344.9,0,0,15:36:10
4.37,-3.8,91,397.7,-345.8,0,0,15:36:15
4.38,-3.81,91,398.6,-346.7,0,0,15:36:20
4.36,-3.79,91,396.8,-344.9,0,0,15:36:25
4.37,-3.79,91,397.7,-344.9,0,0,15:36:30
4.35,-3.78,91,395.9,-344,0,0,15:36:35
4.36,-3.78,91,396.8,-344,0,0,15:36:40
4.36,-3.79,91,396.8,-344.9,0,0,15:36:45
4.35,-3.78,91,395.9,-344,0,0,15:36:50
4.35,-3.78,91,395.9,-344,0,0,15:36:55
4.34,-3.77,91,394.9,-343.1,0,0,15:37:00
4.35,-3.77,91,395.9,-343.1,0,0,15:37:05
4.35,-3.78,91,395.9,-344,0,0,15:37:10
4.34,-3.77,91,394.9,-343.1,0,0,15:37:15
4.34,-3.76,91,394.9,-342.2,0,0,15:37:20
4.34,-3.76,91,394.9,-342.2,0,0,15:37:25
4.34,-3.76,91,394.9,-342.2,0,0,15:37:30
4.34,-3.76,91,394.9,-342.2,0,0,15:37:35
4.33,-3.76,91,394,-342.2,0,0,15:37:40
4.32,-3.74,91,393.1,-340.3,0,0,15:37:45
4.33,-3.75,91,394,-341.3,0,0,15:37:50
4.32,-3.75,91,393.1,-341.3,0,0,15:37:55
4.31,-3.75,91,392.2,-341.3,0,0,15:38:00
4.32,-3.74,91,393.1,-340.3,0,0,15:38:05
4.31,-3.75,91,392.2,-341.3,0,0,15:38:10
4.31,-3.74,91,392.2,-340.3,0,0,15:38:15
4.32,-3.75,91,393.1,-341.3,0,0,15:38:20
4.31,-3.72,91,392.2,-338.5,0,0,15:38:25
4.31,-3.74,91,392.2,-340.3,0,0,15:38:30
4.3,-3.73,91,391.3,-339.4,0,0,15:38:35
4.31,-3.74,91,392.2,-340.3,0,0,15:38:40
4.3,-3.72,91,391.3,-338.5,0,0,15:38:45
4.3,-3.71,91,391.3,-337.6,0,0,15:38:50
4.29,-3.72,91,390.4,-338.5,0,0,15:38:55
4.29,-3.71,91,390.4,-337.6,0,0,15:39:00
4.28,-3.7,91,389.5,-336.7,0,0,15:39:05
4.28,-3.71,91,389.5,-337.6,0,0,15:39:10
4.29,-3.71,91,390.4,-337.6,0,0,15:39:15
4.29,-3.71,91,390.4,-337.6,0,0,15:39:20
4.29,-3.71,91,390.4,-337.6,0,0,15:39:25
4.27,-3.69,91,388.6,-335.8,0,0,15:39:30
4.27,-3.7,91,388.6,-336.7,0,0,15:39:35
4.27,-3.69,91,388.6,-335.8,0,0,15:39:40
4.27,-3.69,91,388.6,-335.8,0,0,15:39:45
4.26,-3.69,91,387.7,-335.8,0,0,15:39:50
4.26,-3.69,91,387.7,-335.8,0,0,15:39:55
4.26,-3.69,91,387.7,-335.8,0,0,15:40:00
4.25,-3.68,91,386.8,-334.9,0,0,15:40:05
4.26,-3.68,91,387.7,-334.9,0,0,15:40:10
4.25,-3.68,91,386.8,-334.9,0,0,15:40:15
4.25,-3.68,91,386.8,-334.9,0,0,15:40:20
4.26,-3.68,91,387.7,-334.9,0,0,15:40:25
4.25,-3.67,91,386.8,-334,0,0,15:40:30
4.24,-3.67,91,385.8,-334,0,0,15:40:35
4.24,-3.66,91,385.8,-333.1,0,0,15:40:40
4.23,-3.66,91,384.9,-333.1,0,0,15:40:45
4.24,-3.66,91,385.8,-333.1,0,0,15:40:50
4.23,-3.65,91,384.9,-332.2,0,0,15:40:55
4.23,-3.66,91,384.9,-333.1,0,0,15:41:00
4.23,-3.65,91,384.9,-332.2,0,0,15:41:05
4.23,-3.66,91,384.9,-333.1,0,0,15:41:10
4.22,-3.66,91,384,-333.1,0,0,15:41:15
4.23,-3.65,91,384.9,-332.2,0,0,15:41:20
4.21,-3.64,91,383.1,-331.2,0,0,15:41:25
4.22,-3.65,91,384,-332.2,0,0,15:41:30
4.2,-3.64,91.1,382.6,-331.6,0,0,15:41:35
4.21,-3.64,91.1,383.5,-331.6,0,0,15:41:40
4.21,-3.63,91,383.1,-330.3,0,0,15:41:45
4.21,-3.64,91.1,383.5,-331.6,0,0,15:41:50
4.2,-3.62,91.1,382.6,-329.8,0,0,15:41:55
4.2,-3.63,91.1,382.6,-330.7,0,0,15:42:00
4.19,-3.63,91.1,381.7,-330.7,0,0,15:42:05
4.19,-3.62,91.1,381.7,-329.8,0,0,15:42:10
4.21,-3.63,91.1,383.5,-330.7,0,0,15:42:15
4.18,-3.63,91,380.4,-330.3,0,0,15:42:20
4.17,-3.62,91.1,379.9,-329.8,0,0,15:42:25
4.17,-3.63,91.1,379.9,-330.7,0,0,15:42:30
4.17,-3.62,91.1,379.9,-329.8,0,0,15:42:35
4.17,-3.62,91.2,380.3,-330.1,0,0,15:42:40
4.17,-3.62,91.1,379.9,-329.8,0,0,15:42:45
4.16,-3.62,91.1,379,-329.8,0,0,15:42:50
4.15,-3.62,91.1,378.1,-329.8,0,0,15:42:55
4.16,-3.62,91.1,379,-329.8,0,0,15:43:00
4.16,-3.61,91.1,379,-328.9,0,0,15:43:05
4.15,-3.61,91.1,378.1,-328.9,0,0,15:43:10
4.13,-3.6,91.2,376.7,-328.3,0,0,15:43:15
4.14,-3.6,91.2,377.6,-328.3,0,0,15:43:20
4.14,-3.61,91.2,377.6,-329.2,0,0,15:43:25
4.15,-3.61,91.2,378.5,-329.2,0,0,15:43:30
4.13,-3.59,91.1,376.2,-327,0,0,15:43:35
4.13,-3.59,91.1,376.2,-327,0,0,15:43:40
4.13,-3.58,91.2,376.7,-326.5,0,0,15:43:45
4.13,-3.59,91.1,376.2,-327,0,0,15:43:50
4.11,-3.57,91.2,374.8,-325.6,0,0,15:43:55
4.12,-3.58,91.2,375.7,-326.5,0,0,15:44:00
4.1,-3.56,91.1,373.5,-324.3,0,0,15:44:05
4.11,-3.57,91.1,374.4,-325.2,0,0,15:44:10
4.1,-3.56,91.2,373.9,-324.7,0,0,15:44:15
4.11,-3.56,91.2,374.8,-324.7,0,0,15:44:20
4.09,-3.55,91.2,373,-323.8,0,0,15:44:25
4.1,-3.55,91.2,373.9,-323.8,0,0,15:44:30
4.09,-3.56,91.2,373,-324.7,0,0,15:44:35
4.1,-3.55,91.2,373.9,-323.8,0,0,15:44:40
4.08,-3.55,91.2,372.1,-323.8,0,0,15:44:45
4.08,-3.55,91.2,372.1,-323.8,0,0,15:44:50
4.1,-3.56,91.2,373.9,-324.7,0,0,15:44:55
4.09,-3.55,91.2,373,-323.8,0,0,15:45:00
4.07,-3.53,91.2,371.2,-321.9,0,0,15:45:05
4.07,-3.53,91.2,371.2,-321.9,0,0,15:45:10
4.07,-3.53,91.2,371.2,-321.9,0,0,15:45:15
4.07,-3.53,91.2,371.2,-321.9,0,0,15:45:20
4.05,-3.52,91.2,369.4,-321,0,0,15:45:25
4.06,-3.53,91.2,370.3,-321.9,0,0,15:45:30
4.05,-3.5,91.2,369.4,-319.2,0,0,15:45:35
4.05,-3.52,91.2,369.4,-321,0,0,15:45:40
4.06,-3.51,91.2,370.3,-320.1,0,0,15:45:45
4.03,-3.48,91.2,367.5,-317.4,0,0,15:45:50
4.03,-3.47,91.2,367.5,-316.5,0,0,15:45:55
4.04,-3.48,91.2,368.4,-317.4,0,0,15:46:00
4.04,-3.48,91.2,368.4,-317.4,0,0,15:46:05
4.03,-3.47,91.2,367.5,-316.5,0,0,15:46:10
4.03,-3.48,91.2,367.5,-317.4,0,0,15:46:15
4.02,-3.47,91.2,366.6,-316.5,0,0,15:46:20
4.02,-3.47,91.2,366.6,-316.5,0,0,15:46:25
4.02,-3.48,91.2,366.6,-317.4,0,0,15:46:30
4.02,-3.47,91.2,366.6,-316.5,0,0,15:46:35
4.02,-3.47,91.2,366.6,-316.5,0,0,15:46:40
4.02,-3.47,91.2,366.6,-316.5,0,0,15:46:45
4.02,-3.47,91.2,366.6,-316.5,0,0,15:46:50
4.01,-3.46,91.2,365.7,-315.6,0,0,15:46:55
4.01,-3.47,91.2,365.7,-316.5,0,0,15:47:00
4.01,-3.46,91.2,365.7,-315.6,0,0,15:47:05
4,-3.46,91.2,364.8,-315.6,0,0,15:47:10
4,-3.44,91.2,364.8,-313.7,0,0,15:47:15
4,-3.46,91.2,364.8,-315.6,0,0,15:47:20
4.05,-3.5,91.2,369.4,-319.2,0,0,15:47:25
4.04,-1.58,90.9,367.2,-143.6,0,4,15:47:30
4.22,-3.14,91.1,384.4,-286.1,0,2,15:47:35
3.96,2.12,90.3,357.6,191.4,0,0,15:47:40
3.92,2.19,90.3,354,197.8,0,14,15:47:45
3.94,2.05,90.3,355.8,185.1,0,20,15:47:50
3.86,-6.58,91.5,353.2,-602.1,0,18,15:47:55
3.43,10.42,89,305.3,927.4,0,25,15:48:00
4.16,13.07,88.6,368.6,1158,0,34,15:48:05
4.22,16.84,88,371.4,1481.9,0,44,15:48:10
4.2,16.96,87.9,369.2,1490.8,0,51,15:48:15
4.24,16.86,87.7,371.8,1478.6,0,58,15:48:20
4.34,15.51,88.1,382.4,1366.4,0,64,15:48:25
4.61,7.75,89.1,410.8,690.5,0,68,15:48:30
4.66,4.35,89.6,417.5,389.8,0,70,15:48:35
4.69,2.34,89.9,421.6,210.4,0,71,15:48:40
4.2,2.12,90,378,190.8,0,72,15:48:45
4.22,1.67,90.1,380.2,150.5,0,72,15:48:50
4.16,1.9,90,374.4,171,0,72,15:48:55
4.15,2.31,90,373.5,207.9,0,72,15:49:00
4.05,2.49,90,364.5,224.1,0,72,15:49:05
4.12,2.21,90.1,371.2,199.1,0,72,15:49:10
4.18,1.56,90.1,376.6,140.6,0,72,15:49:15
4.31,1.81,90,387.9,162.9,0,72,15:49:20
4.16,2.38,90,374.4,214.2,0,72,15:49:25
4.23,2.12,90.1,381.1,191,0,71,15:49:30
4.12,1.97,90.1,371.2,177.5,0,72,15:49:35
4.24,1.98,90.1,382,178.4,0,72,15:49:40
4.18,2.21,90,376.2,198.9,0,72,15:49:45
4.1,2.41,89.9,368.6,216.7,0,72,15:49:50
4.11,2.81,89.9,369.5,252.6,0,71,15:49:55
4.15,2.57,89.9,373.1,231,0,72,15:50:00
4.17,2.11,90,375.3,189.9,0,72,15:50:05
4.07,1.67,90.1,366.7,150.5,0,72,15:50:10
4.09,2.15,90,368.1,193.5,0,72,15:50:15
4.05,2.57,89.9,364.1,231,0,72,15:50:20
4.14,2.47,90,372.6,222.3,0,72,15:50:25
3.86,-28.74,94.4,364.4,-2713.1,0,69,15:50:30
3.8,-28.65,94.6,359.5,-2710.3,0,55,15:50:35
4.19,-3.62,91.1,381.7,-329.8,0,51,15:50:40
4.01,0.33,90.5,362.9,29.9,0,50,15:50:45
4.18,0.16,90.6,378.7,14.5,0,51,15:50:50
4.22,1.97,90.2,380.6,177.7,0,51,15:50:55
4.14,2.08,90.2,373.4,187.6,0,52,15:51:00
4.22,1.98,90.2,380.6,178.6,0,53,15:51:05
4.12,2.05,90.1,371.2,184.7,0,54,15:51:10
4.1,2.09,90.1,369.4,188.3,0,55,15:51:15
4.05,2.14,90.1,364.9,192.8,0,55,15:51:20
4.13,2.09,90.1,372.1,188.3,0,56,15:51:25
4.1,2.09,90.1,369.4,188.3,0,56,15:51:30
3.83,2.33,90.1,345.1,209.9,0,57,15:51:35
3.68,2.46,90.1,331.6,221.6,0,58,15:51:40
4.3,1.96,90.1,387.4,176.6,0,59,15:51:45
4.13,2.03,90.1,372.1,182.9,0,60,15:51:50
4.22,1.95,90.1,380.2,175.7,0,60,15:51:55
4.25,1.99,90.1,382.9,179.3,0,61,15:52:00
4.29,1.9,90.1,386.5,171.2,0,61,15:52:05
4.37,1.83,90.1,393.7,164.9,0,61,15:52:10
4.52,1.75,90.1,407.3,157.7,0,62,15:52:15
4.46,1.86,90.1,401.8,167.6,0,62,15:52:20
4.49,1.79,90.1,404.5,161.3,0,62,15:52:25
4.53,1.69,90.1,408.2,152.3,0,62,15:52:30
4.38,1.9,90.1,394.6,171.2,0,62,15:52:35
4.43,1.91,90.1,399.1,172.1,0,62,15:52:40
4.39,2.09,90,395.1,188.1,0,62,15:52:45
4.39,2.78,90,395.1,250.2,0,62,15:52:50
4.41,2.84,90,396.9,255.6,0,63,15:52:55
4.38,2.75,90,394.2,247.5,0,63,15:53:00
4.37,2.84,89.9,392.9,255.3,0,63,15:53:05
4.38,2.89,89.9,393.8,259.8,0,63,15:53:10
4.41,2.75,90,396.9,247.5,0,63,15:53:15
4.34,2.87,89.9,390.2,258,0,63,15:53:20
4.37,2.81,90,393.3,252.9,0,64,15:53:25
4.43,5.68,89.5,396.5,508.4,0,64,15:53:30
4.39,5.7,89.4,392.5,509.6,0,66,15:53:35
4.4,5.98,89.3,392.9,534,0,68,15:53:40
4.39,4.94,89.5,392.9,442.1,0,69,15:53:45
4.38,4.19,89.6,392.4,375.4,0,70,15:53:50
4.36,3.29,89.8,391.5,295.4,0,71,15:53:55
4.52,2.39,89.9,406.3,214.9,0,71,15:54:00
4.51,3.22,89.7,404.5,288.8,0,71,15:54:05
4.36,2.26,89.9,392,203.2,0,71,15:54:10
4.35,1.63,90,391.5,146.7,0,70,15:54:15
4.34,1.83,90,390.6,164.7,0,70,15:54:20
4.38,1.64,90,394.2,147.6,0,70,15:54:25
4.36,-2.16,90.6,395,-195.7,0,70,15:54:30
4.15,-25.76,94.1,390.5,-2424,0,65,15:54:35
4.44,-3.85,90.9,403.6,-350,0,63,15:54:40
4.37,-3.79,91,397.7,-344.9,0,57,15:54:45
4.28,1.15,90.3,386.5,103.8,0,55,15:54:50
4.34,2.88,90,390.6,259.2,0,56,15:54:55
4.45,6.59,89.3,397.4,588.5,0,58,15:55:00
4.75,10.6,88.8,421.8,941.3,0,61,15:55:05
4.89,11.74,88.5,432.8,1039,0,65,15:55:10
4.92,8.34,88.9,437.4,741.4,0,68,15:55:15
4.83,5.82,89.3,431.3,519.7,0,69,15:55:20
4.86,4.73,89.5,435,423.3,0,70,15:55:25
4.88,4.64,89.5,436.8,415.3,0,70,15:55:30
4.82,4.49,89.4,430.9,401.4,0,70,15:55:35
4.83,4.44,89.5,432.3,397.4,0,70,15:55:40
4.67,-4.07,90.8,424,-369.6,0,49,15:55:45
4.54,10.32,88.7,402.7,915.4,0,49,15:55:50
4.64,21.59,87.1,404.1,1880.5,0,57,15:55:55
4.59,15.77,87.8,403,1384.6,0,63,15:56:00
4.48,9.3,88.6,396.9,824,0,67,15:56:05
4.19,6.7,89,372.9,596.3,0,69,15:56:10
3.95,-3.4,90.6,357.9,-308,0,66,15:56:15
4.16,3.73,89.6,372.7,334.2,0,65,15:56:20
4.44,7.5,89,395.2,667.5,0,67,15:56:25
4.41,10.32,88.5,390.3,913.3,0,69,15:56:30
4.45,9.11,88.8,395.2,809,0,72,15:56:35
4.42,7.43,88.9,392.9,660.5,0,74,15:56:40
4.39,5.79,89.1,391.1,515.9,0,75,15:56:45
4.35,4.58,89.4,388.9,409.5,0,76,15:56:50
3.98,-3.39,90.6,360.6,-307.1,0,75,15:56:55
3.94,-0.22,90.2,355.4,-19.8,0,73,15:57:00
3.88,-2.28,90.5,351.1,-206.3,0,71,15:57:05
3.94,-1.74,90.4,356.2,-157.3,0,70,15:57:10
3.92,-1.93,90.5,354.8,-174.7,0,70,15:57:15
3.89,-1.9,90.5,352,-172,0,69,15:57:20
3.95,-1.99,90.6,357.9,-180.3,0,68,15:57:25
3.94,1.17,90.1,355,105.4,0,68,15:57:30
3.92,1.19,90.1,353.2,107.2,0,68,15:57:35
3.93,1.18,90.1,354.1,106.3,0,68,15:57:40
4.02,3.07,89.8,361,275.7,0,68,15:57:45
4.06,2.97,89.7,364.2,266.4,0,69,15:57:50
4.27,2.62,89.8,383.4,235.3,0,69,15:57:55
4.15,2.79,89.7,372.3,250.3,0,70,15:58:00
3.99,2.52,89.8,358.3,226.3,0,70,15:58:05
3.9,2.7,89.8,350.2,242.5,0,70,15:58:10
3.89,2.49,89.8,349.3,223.6,0,70,15:58:15
3.92,1.93,89.9,352.4,173.5,0,71,15:58:20
3.95,1.53,90,355.5,137.7,0,71,15:58:25
4.01,2.26,89.8,360.1,202.9,0,71,15:58:30
4.03,1.99,89.8,361.9,178.7,0,70,15:58:35
3.99,2.44,89.8,358.3,219.1,0,70,15:58:40
3.92,2.35,89.8,352,211,0,70,15:58:45
3.95,2.17,89.8,354.7,194.9,0,70,15:58:50
4.03,2.52,89.7,361.5,226,0,70,15:58:55
3.91,2.81,89.7,350.7,252.1,0,70,15:59:00
3.95,2.67,89.8,354.7,239.8,0,70,15:59:05
4.01,2.9,89.7,359.7,260.1,0,69,15:59:10
3.95,2.92,89.7,354.3,261.9,0,69,15:59:15
3.89,3.09,89.7,348.9,277.2,0,69,15:59:20
3.9,3.13,89.7,349.8,280.8,0,69,15:59:25
3.92,3.07,89.6,351.2,275.1,0,68,15:59:30
3.88,3.08,89.7,348,276.3,0,68,15:59:35
3.89,3.2,89.7,348.9,287,0,68,15:59:40
3.97,2.93,89.7,356.1,262.8,0,68,15:59:45
3.98,3.13,89.6,356.6,280.4,0,68,15:59:50
3.94,2.98,89.7,353.4,267.3,0,68,15:59:55
3.92,2.97,89.7,351.6,266.4,0,67,16:00:00
3.89,3.04,89.7,348.9,272.7,0,67,16:00:05
3.91,3.12,89.6,350.3,279.6,0,67,16:00:10
3.88,3.13,89.6,347.6,280.4,0,67,16:00:15
3.84,3.13,89.6,344.1,280.4,0,67,16:00:20
3.89,3.1,89.6,348.5,277.8,0,67,16:00:25
3.87,3.1,89.6,346.8,277.8,0,67,16:00:30
4.01,5.11,89.3,358.1,456.3,0,68,16:00:35
3.94,4.72,89.4,352.2,422,0,68,16:00:40
3.88,4.88,89.3,346.5,435.8,0,68,16:00:45
3.93,4.74,89.3,350.9,423.3,0,68,16:00:50
3.92,4.62,89.4,350.4,413,0,69,16:00:55
3.91,4.53,89.4,349.6,405,0,69,16:01:00
3.89,4.41,89.4,347.8,394.3,0,69,16:01:05
3.92,4.3,89.4,350.4,384.4,0,69,16:01:10
3.87,4.34,89.4,346,388,0,69,16:01:15
3.87,4.42,89.4,346,395.1,0,69,16:01:20
3.85,4.49,89.3,343.8,401,0,69,16:01:25
3.87,4.27,89.4,346,381.7,0,69,16:01:30
3.83,4.26,89.4,342.4,380.8,0,69,16:01:35
3.84,4.38,89.4,343.3,391.6,0,69,16:01:40
3.83,4.06,89.4,342.4,363,0,69,16:01:45
3.85,4.29,89.3,343.8,383.1,0,70,16:01:50
3.86,3.91,89.4,345.1,349.6,0,70,16:01:55
3.87,3.87,89.4,346,346,0,70,16:02:00
3.74,4.35,89.3,334,388.5,0,70,16:02:05
3.8,4.04,89.4,339.7,361.2,0,70,16:02:10
3.77,4.4,89.3,336.7,392.9,0,69,16:02:15
3.82,3.96,89.4,341.5,354,0,70,16:02:20
3.83,3.65,89.4,342.4,326.3,0,70,16:02:25
3.88,3.64,89.4,346.9,325.4,0,70,16:02:30
3.86,3.64,89.4,345.1,325.4,0,70,16:02:35
3.88,3.8,89.4,346.9,339.7,0,70,16:02:40
3.85,3.84,89.4,344.2,343.3,0,70,16:02:45
3.25,4.15,89.3,290.2,370.6,0,70,16:02:50
3.96,4.1,89.4,354,366.5,0,70,16:02:55
3.94,4.11,89.3,351.8,367,0,70,16:03:00
3.91,3.9,89.4,349.6,348.7,0,70,16:03:05
3.92,4.25,89.3,350.1,379.5,0,69,16:03:10
3.9,4.19,89.3,348.3,374.2,0,69,16:03:15
3.9,4.12,89.3,348.3,367.9,0,69,16:03:20
3.86,4.56,89.2,344.3,406.8,0,69,16:03:25
3.89,4.46,89.3,347.4,398.3,0,69,16:03:30
3.9,4.43,89.3,348.3,395.6,0,69,16:03:35
3.91,4.45,89.3,349.2,397.4,0,69,16:03:40
3.89,4.44,89.3,347.4,396.5,0,69,16:03:45
3.86,4.5,89.2,344.3,401.4,0,69,16:03:50
3.92,4.54,89.3,350.1,405.4,0,69,16:03:55
3.85,4.76,89.2,343.4,424.6,0,68,16:04:00
3.83,4.7,89.2,341.6,419.2,0,68,16:04:05
3.92,5.14,89.1,349.3,458,0,68,16:04:10
3.97,4.98,89.2,354.1,444.2,0,68,16:04:15
3.91,4.71,89.2,348.8,420.1,0,68,16:04:20
3.89,4.85,89.2,347,432.6,0,68,16:04:25
3.92,5.08,89.1,349.3,452.6,0,68,16:04:30
3.88,4.6,89.2,346.1,410.3,0,68,16:04:35
3.9,4.5,89.2,347.9,401.4,0,69,16:04:40
3.9,4.29,89.2,347.9,382.7,0,69,16:04:45
3.79,4.33,89.3,338.4,386.7,0,69,16:04:50
3.86,4.28,89.3,344.7,382.2,0,69,16:04:55
3.83,4.23,89.2,341.6,377.3,0,69,16:05:00
3.88,4.35,89.2,346.1,388,0,69,16:05:05
3.87,4.3,89.2,345.2,383.6,0,69,16:05:10
3.82,4.42,89.2,340.7,394.3,0,69,16:05:15
3.83,4.47,89.2,341.6,398.7,0,69,16:05:20
3.81,4.39,89.2,339.9,391.6,0,69,16:05:25
3.87,4.1,89.2,345.2,365.7,0,69,16:05:30
3.81,4.28,89.2,339.9,381.8,0,69,16:05:35
3.8,4.18,89.2,339,372.9,0,69,16:05:40
3.86,4.08,89.2,344.3,363.9,0,69,16:05:45
3.84,3.94,89.3,342.9,351.8,0,70,16:05:50
3.85,4.23,89.2,343.4,377.3,0,70,16:05:55
3.8,4.01,89.2,339,357.7,0,69,16:06:00
3.82,4.34,89.2,340.7,387.1,0,69,16:06:05
3.86,4.14,89.2,344.3,369.3,0,69,16:06:10
3.84,4.26,89.2,342.5,380,0,69,16:06:15
3.8,4.47,89.2,339,398.7,0,69,16:06:20
3.89,4.91,89.1,346.6,437.5,0,68,16:06:25
3.8,4.75,89.2,339,423.7,0,68,16:06:30
3.81,4.95,89.1,339.5,441,0,68,16:06:35
3.72,5.2,89.1,331.5,463.3,0,68,16:06:40
3.8,4.76,89.1,338.6,424.1,0,68,16:06:45
3.75,5.01,89.1,334.1,446.4,0,68,16:06:50
3.8,5.25,89,338.2,467.3,0,67,16:06:55
3.79,4.95,89.1,337.7,441,0,67,16:07:00
3.79,4.79,89.1,337.7,426.8,0,67,16:07:05
3.79,4.73,89.1,337.7,421.4,0,67,16:07:10
3.74,5.22,89,332.9,464.6,0,67,16:07:15
3.74,5.51,88.9,332.5,489.8,0,67,16:07:20
3.77,5.32,89,335.5,473.5,0,67,16:07:25
3.76,4.88,89.1,335,434.8,0,67,16:07:30
3.75,4.9,89.1,334.1,436.6,0,67,16:07:35
3.75,5.69,88.9,333.4,505.8,0,67,16:07:40
3.78,7.21,88.7,335.3,639.5,0,68,16:07:45
3.76,6.36,88.8,333.9,564.8,0,68,16:07:50
3.75,6.21,88.8,333,551.4,0,69,16:07:55
3.74,5.95,88.9,332.5,529,0,69,16:08:00
3.73,5.78,88.8,331.2,513.3,0,69,16:08:05
3.76,5.65,88.9,334.3,502.3,0,69,16:08:10
3.73,5.41,88.9,331.6,480.9,0,69,16:08:15
3.75,5.42,88.9,333.4,481.8,0,69,16:08:20
3.72,4.94,89,331.1,439.7,0,69,16:08:25
3.72,5.45,88.9,330.7,484.5,0,69,16:08:30
3.67,5.63,88.9,326.3,500.5,0,69,16:08:35
3.68,5.32,88.9,327.2,472.9,0,69,16:08:40
3.73,6.11,88.8,331.2,542.6,0,69,16:08:45
3.75,6.25,88.7,332.6,554.4,0,69,16:08:50
3.73,5.89,88.8,331.2,523,0,69,16:08:55
1.66,7.33,88.6,147.1,649.4,0,69,16:09:00
3.63,5.66,88.8,322.3,502.6,0,69,16:09:05
3.6,4.72,89,320.4,420.1,0,70,16:09:10
3.57,4.83,88.9,317.4,429.4,0,70,16:09:15
3.58,4.83,88.9,318.3,429.4,0,70,16:09:20
3.68,4.85,89,327.5,431.7,0,70,16:09:25
3.68,5.26,88.9,327.2,467.6,0,69,16:09:30
3.56,5.36,88.9,316.5,476.5,0,69,16:09:35
3.64,5.69,88.8,323.2,505.3,0,69,16:09:40
3.61,5.72,88.8,320.6,507.9,0,69,16:09:45
3.71,5.32,88.9,329.8,472.9,0,69,16:09:50
3.73,5.29,88.9,331.6,470.3,0,69,16:09:55
3.64,5.3,88.8,323.2,470.6,0,69,16:10:00
3.64,5.02,88.9,323.6,446.3,0,70,16:10:05
3.71,4.81,88.9,329.8,427.6,0,70,16:10:10
3.66,5.14,88.9,325.4,456.9,0,70,16:10:15
3.63,4.98,88.9,322.7,442.7,0,70,16:10:20
3.64,5.33,88.8,323.2,473.3,0,69,16:10:25
3.6,5.49,88.8,319.7,487.5,0,69,16:10:30
3.58,5.59,88.8,317.9,496.4,0,69,16:10:35
3.55,5.68,88.8,315.2,504.4,0,69,16:10:40
3.56,5.81,88.8,316.1,515.9,0,69,16:10:45
3.75,5.79,88.8,333,514.2,0,69,16:10:50
3.77,5.7,88.8,334.8,506.2,0,69,16:10:55
3.77,5.77,88.7,334.4,511.8,0,69,16:11:00
3.73,6.16,88.7,330.9,546.4,0,69,16:11:05
3.67,6.52,88.6,325.2,577.7,0,68,16:11:10
3.71,6.45,88.6,328.7,571.5,0,68,16:11:15
3.08,7.33,88.5,272.6,648.7,0,68,16:11:20
3.7,6.85,88.6,327.8,606.9,0,68,16:11:25
3.65,6.9,88.5,323,610.7,0,68,16:11:30
3.72,6.79,88.6,329.6,601.6,0,67,16:11:35
3.6,6.86,88.6,319,607.8,0,67,16:11:40
3.6,6.95,88.5,318.6,615.1,0,67,16:11:45
3.53,7.39,88.4,312.1,653.3,0,67,16:11:50
0.31,10.9,87.9,27.2,958.1,0,67,16:11:55
3.44,7.44,88.4,304.1,657.7,0,68,16:12:00
3.46,7.1,88.4,305.9,627.6,0,68,16:12:05
3.51,6.34,88.6,311,561.7,0,68,16:12:10
3.44,5.78,88.6,304.8,512.1,0,69,16:12:15
3.42,5.57,88.7,303.4,494.1,0,69,16:12:20
3.39,5.36,88.7,300.7,475.4,0,69,16:12:25
3.39,5.33,88.7,300.7,472.8,0,69,16:12:30
3.36,5.07,88.8,298.4,450.2,0,69,16:12:35
3.44,4.96,88.8,305.5,440.4,0,70,16:12:40
3.5,4.68,88.9,311.2,416.1,0,70,16:12:45
3.44,5.28,88.7,305.1,468.3,0,69,16:12:50
3.38,5.45,88.7,299.8,483.4,0,69,16:12:55
3.56,5.67,88.6,315.4,502.4,0,69,16:13:00
3.55,6.05,88.6,314.5,536,0,69,16:13:05
3.5,6.69,88.5,309.8,592.1,0,68,16:13:10
3.47,6.6,88.5,307.1,584.1,0,68,16:13:15
3.47,7.1,88.4,306.7,627.6,0,68,16:13:20
3.45,7.65,88.3,304.6,675.5,0,67,16:13:25
3.37,7.41,88.3,297.6,654.3,0,68,16:13:30
3.33,7.22,88.4,294.4,638.2,0,68,16:13:35
3.42,6.47,88.5,302.7,572.6,0,68,16:13:40
3.39,5.98,88.6,300.4,529.8,0,69,16:13:45
3.49,5.29,88.6,309.2,468.7,0,69,16:13:50
3.41,4.44,88.8,302.8,394.3,0,70,16:13:55
3.38,4.47,88.8,300.1,396.9,0,70,16:14:00
3.39,4.53,88.8,301,402.3,0,70,16:14:05
3.39,4.55,88.7,300.7,403.6,0,70,16:14:10
3.5,4.13,88.9,311.2,367.2,0,70,16:14:15
3.55,4.03,88.9,315.6,358.3,0,70,16:14:20
3.57,3.8,88.9,317.4,337.8,0,70,16:14:25
3.45,3.6,88.9,306.7,320,0,70,16:14:30
3.62,3.46,89,322.2,307.9,0,70,16:14:35
3.57,3.14,89,317.7,279.5,0,70,16:14:40
3.52,3.39,88.9,312.9,301.4,0,70,16:14:45
3.44,3.8,88.9,305.8,337.8,0,70,16:14:50
3.43,4.34,88.8,304.6,385.4,0,70,16:14:55
3.53,4.82,88.7,313.1,427.5,0,70,16:15:00
3.51,4.44,88.8,311.7,394.3,0,70,16:15:05
3.42,3.62,88.9,304,321.8,0,70,16:15:10
3.29,2.61,89.1,293.1,232.6,0,71,16:15:15
3.32,2.74,89.1,295.8,244.1,0,71,16:15:20
3.38,2.52,89.1,301.2,224.5,0,71,16:15:25
3.57,2.64,89.1,318.1,235.2,0,71,16:15:30
3.43,3.04,89,305.3,270.6,0,71,16:15:35
3.37,3.85,88.9,299.6,342.3,0,70,16:15:40
3.5,4.15,88.8,310.8,368.5,0,70,16:15:45
3.42,4.37,88.8,303.7,388.1,0,70,16:15:50
3.45,4.34,88.8,306.4,385.4,0,70,16:15:55
3.51,4.56,88.8,311.7,404.9,0,70,16:16:00
3.51,4.92,88.7,311.3,436.4,0,69,16:16:05
3.46,3.97,88.9,307.6,352.9,0,70,16:16:10
3.5,3.35,88.9,311.2,297.8,0,70,16:16:15
3.49,3.5,88.9,310.3,311.2,0,70,16:16:20
3.36,3.95,88.8,298.4,350.8,0,70,16:16:25
3.62,4.05,88.8,321.5,359.6,0,70,16:16:30
3.54,4.6,88.7,314,408,0,70,16:16:35
3.55,5.26,88.7,314.9,466.6,0,69,16:16:40
3.5,5.78,88.6,310.1,512.1,0,69,16:16:45
3.32,5.81,88.5,293.8,514.2,0,69,16:16:50
3.5,5.38,88.6,310.1,476.7,0,69,16:16:55
3.41,5.59,88.5,301.8,494.7,0,69,16:17:00
3.53,5.52,88.5,312.4,488.5,0,69,16:17:05
3.53,5.71,88.5,312.4,505.3,0,69,16:17:10
3.24,5.7,88.5,286.7,504.5,0,69,16:17:15
3.37,5.6,88.5,298.2,495.6,0,69,16:17:20
3.41,5.73,88.5,301.8,507.1,0,69,16:17:25
3.25,5.98,88.4,287.3,528.6,0,69,16:17:30
3.23,6.26,88.4,285.5,553.4,0,69,16:17:35
3.4,6.14,88.4,300.6,542.8,0,69,16:17:40
3.38,6.01,88.4,298.8,531.3,0,69,16:17:45
3.43,5.84,88.5,303.6,516.8,0,69,16:17:50
3.22,6.31,88.4,284.6,557.8,0,68,16:17:55
3.37,6.72,88.3,297.6,593.4,0,68,16:18:00
3.48,6.06,88.4,307.6,535.7,0,69,16:18:05
3.5,5.82,88.4,309.4,514.5,0,69,16:18:10
3.48,5.84,88.5,308,516.8,0,69,16:18:15
3.33,5.85,88.4,294.4,517.1,0,69,16:18:20
3.45,5.69,88.5,305.3,503.6,0,69,16:18:25
3.45,5.96,88.4,305,526.9,0,69,16:18:30
3.45,6.53,88.3,304.6,576.6,0,68,16:18:35
2.87,6.52,88.2,253.1,575.1,0,68,16:18:40
3.23,5.98,88.3,285.2,528,0,69,16:18:45
3.02,5.52,88.5,267.3,488.5,0,69,16:18:50
2.97,5.53,88.5,262.8,489.4,0,69,16:18:55
3.17,5.66,88.4,280.2,500.3,0,69,16:19:00
3.77,4.79,88.5,333.6,423.9,0,69,16:19:05
3.85,4.89,88.5,340.7,432.8,0,69,16:19:10
3.62,4.3,88.6,320.7,381,0,69,16:19:15
3.1,5.24,88.5,274.4,463.7,0,69,16:19:20
3.2,5.13,88.5,283.2,454,0,69,16:19:25
3.12,5.34,88.5,276.1,472.6,0,69,16:19:30
3.17,5.84,88.4,280.2,516.3,0,69,16:19:35
3.2,6.1,88.3,282.6,538.6,0,69,16:19:40
3.21,6.43,88.3,283.4,567.8,0,68,16:19:45
3.21,6.39,88.2,283.1,563.6,0,68,16:19:50
3.22,6.47,88.3,284.3,571.3,0,68,16:19:55
3.25,6.53,88.2,286.7,575.9,0,68,16:20:00
3.14,6.28,88.2,276.9,553.9,0,68,16:20:05
3.24,5.97,88.3,286.1,527.2,0,69,16:20:10
3.25,5.82,88.3,287,513.9,0,69,16:20:15
3.14,5.97,88.3,277.3,527.2,0,69,16:20:20
3.15,6.4,88.2,277.8,564.5,0,68,16:20:25
3.16,6.51,88.2,278.7,574.2,0,68,16:20:30
3.2,6.5,88.2,282.2,573.3,0,68,16:20:35
3.16,6.05,88.2,278.7,533.6,0,69,16:20:40
3.21,6.03,88.3,283.4,532.4,0,69,16:20:45
3.09,5.84,88.3,272.8,515.7,0,69,16:20:50
3.14,5.94,88.3,277.3,524.5,0,69,16:20:55
3.08,5.98,88.2,271.7,527.4,0,69,16:21:00
3.13,6.04,88.3,276.4,533.3,0,69,16:21:05
3.04,6.24,88.2,268.1,550.4,0,68,16:21:10
3.13,6.54,88.1,275.8,576.2,0,68,16:21:15
3.08,6.49,88.2,271.7,572.4,0,68,16:21:20
3.12,6.78,88.1,274.9,597.3,0,68,16:21:25
3.1,6.56,88.1,273.1,577.9,0,68,16:21:30
3.16,6.64,88.1,278.4,585,0,68,16:21:35
3.57,5.92,88.2,314.9,522.1,0,68,16:21:40
3.3,6.55,88.1,290.7,577.1,0,68,16:21:45
3.14,6.61,88.1,276.6,582.3,0,68,16:21:50
3.19,5.93,88.2,281.4,523,0,69,16:21:55
3.25,5.79,88.2,286.7,510.7,0,69,16:22:00
3.15,6.02,88.2,277.8,531,0,69,16:22:05
3.18,6.42,88.1,280.2,565.6,0,68,16:22:10
3.23,6.4,88.1,284.6,563.8,0,68,16:22:15
3.17,6.66,88.1,279.3,586.7,0,68,16:22:20
3.18,6.53,88.1,280.2,575.3,0,68,16:22:25
3.37,7.46,87.9,296.2,655.7,0,68,16:22:30
3.36,8.47,87.7,294.7,742.8,0,67,16:22:35
3.32,8.32,87.8,291.5,730.5,0,67,16:22:40
3.31,9.46,87.6,290,828.7,0,67,16:22:45
3.44,7.59,87.9,302.4,667.2,0,67,16:22:50
3.26,6.69,88,286.9,588.7,0,68,16:22:55
3.26,6.27,88.1,287.2,552.4,0,68,16:23:00
3.28,6.21,88.1,289,547.1,0,68,16:23:05
3.32,5.99,88.1,292.5,527.7,0,68,16:23:10
3.31,5.32,88.2,291.9,469.2,0,69,16:23:15
3.22,5.13,88.2,284,452.5,0,69,16:23:20
3.55,5.38,88.2,313.1,474.5,0,69,16:23:25
3.58,5.98,88.1,315.4,526.8,0,68,16:23:30
3.46,5.82,88.2,305.2,513.3,0,69,16:23:35
3.36,5.7,88.2,296.4,502.7,0,69,16:23:40
3.23,5.93,88.1,284.6,522.4,0,69,16:23:45
2.96,5.85,88.1,260.8,515.4,0,69,16:23:50
2.93,6.27,88,257.8,551.8,0,68,16:23:55
2.94,6.5,88,258.7,572,0,68,16:24:00
2.94,6.42,88,258.7,565,0,68,16:24:05
2.76,6.26,88,242.9,550.9,0,68,16:24:10
2.72,6.47,88,239.4,569.4,0,68,16:24:15
2.77,6.55,88,243.8,576.4,0,68,16:24:20
2.99,5.97,88.1,263.4,526,0,69,16:24:25
2.59,6.35,88,227.9,558.8,0,68,16:24:30
2.62,6.82,87.9,230.3,599.5,0,68,16:24:35
2.48,6.56,88,218.2,577.3,0,68,16:24:40
2.68,6.33,88,235.8,557,0,68,16:24:45
2.56,6.49,88,225.3,571.1,0,68,16:24:50
2.65,6.4,87.9,232.9,562.6,0,68,16:24:55
2.58,6.61,88,227,581.7,0,68,16:25:00
2.67,6.79,87.9,234.7,596.8,0,68,16:25:05
2.47,6.81,87.9,217.1,598.6,0,68,16:25:10
2.71,7.85,87.7,237.7,688.4,0,68,16:25:15
2.58,8.87,87.5,225.8,776.1,0,67,16:25:20
2.93,8.4,87.6,256.7,735.8,0,67,16:25:25
2.73,8.27,87.7,239.4,725.3,0,67,16:25:30
2.72,7.66,87.7,238.5,671.8,0,68,16:25:35
2.9,6.2,87.9,254.9,545,0,68,16:25:40
2.83,5.78,88,249,508.6,0,69,16:25:45
2.75,5.96,88,242,524.5,0,69,16:25:50
2.72,7.12,87.8,238.8,625.1,0,68,16:25:55
2.73,8.08,87.6,239.1,707.8,0,68,16:26:00
2.73,7.87,87.6,239.1,689.4,0,68,16:26:05
2.79,7.03,87.8,245,617.2,0,68,16:26:10
2.71,6.83,87.8,237.9,599.7,0,68,16:26:15
2.83,7.29,87.8,248.5,640.1,0,68,16:26:20
2.93,7.74,87.7,257,678.8,0,67,16:26:25
2.76,8.13,87.6,241.8,712.2,0,67,16:26:30
2.95,7.79,87.6,258.4,682.4,0,67,16:26:35
2.9,7.35,87.7,254.3,644.6,0,68,16:26:40
2.75,6.75,87.8,241.5,592.7,0,68,16:26:45
2.85,6.05,87.9,250.5,531.8,0,68,16:26:50
2.92,5.33,88,257,469,0,69,16:26:55
2.95,5.12,88.1,259.9,451.1,0,69,16:27:00
2.92,4.92,88.1,257.3,433.5,0,69,16:27:05
2.96,4.93,88.1,260.8,434.3,0,69,16:27:10
3.16,4.69,88.1,278.4,413.2,0,69,16:27:15
3.09,4.62,88.2,272.5,407.5,0,69,16:27:20
3.13,4.23,88.2,276.1,373.1,0,69,16:27:25
3.17,4.88,88.1,279.3,429.9,0,69,16:27:30
3.03,5.45,88,266.6,479.6,0,69,16:27:35
3.01,5.6,88,264.9,492.8,0,69,16:27:40
3.13,6.11,88,275.4,537.7,0,68,16:27:45
3.48,5.71,87.9,305.9,501.9,0,68,16:27:50
3.1,5.89,88,272.8,518.3,0,68,16:27:55
3.11,5.77,88,273.7,507.8,0,69,16:28:00
3.14,6.13,87.9,276,538.8,0,68,16:28:05
3.16,5.74,88,278.1,505.1,0,69,16:28:10
3.13,5.49,88,275.4,483.1,0,69,16:28:15
3.1,5.46,88,272.8,480.5,0,69,16:28:20
3.03,5.53,88,266.6,486.6,0,69,16:28:25
3.05,5.28,88,268.4,464.6,0,69,16:28:30
3.28,4.5,88.1,289,396.5,0,69,16:28:35
3.24,4.43,88.1,285.4,390.3,0,69,16:28:40
3.27,4.47,88.1,288.1,393.8,0,69,16:28:45
3.32,5.01,88,292.2,440.9,0,69,16:28:50
3.29,6.2,87.9,289.2,545,0,68,16:28:55
3.14,6.2,87.9,276,545,0,68,16:29:00
3.11,5.82,87.9,273.4,511.6,0,69,16:29:05
3.08,6.23,87.9,270.7,547.6,0,68,16:29:10
3.09,6.41,87.8,271.3,562.8,0,68,16:29:15
3.04,6.22,87.8,266.9,546.1,0,68,16:29:20
3.08,6.22,87.8,270.4,546.1,0,68,16:29:25
3.05,6.13,87.8,267.8,538.2,0,68,16:29:30
3.08,5.89,87.8,270.4,517.1,0,69,16:29:35
3.17,5.92,87.9,278.6,520.4,0,68,16:29:40
3.08,5.69,87.9,270.7,500.2,0,69,16:29:45
3.1,5.53,87.9,272.5,486.1,0,69,16:29:50
3.12,5.44,88,274.6,478.7,0,69,16:29:55
3.06,5.51,87.9,269,484.3,0,69,16:30:00
3.07,5.72,87.9,269.9,502.8,0,69,16:30:05
3.06,6.01,87.8,268.7,527.7,0,68,16:30:10
3.15,5.8,87.9,276.9,509.8,0,68,16:30:15
3.11,5.96,87.8,273.1,523.3,0,68,16:30:20
3.07,5.96,87.8,269.5,523.3,0,68,16:30:25
3.11,5.84,87.9,273.4,513.3,0,68,16:30:30
3.07,6.16,87.8,269.5,540.8,0,68,16:30:35
3.12,6.13,87.8,273.9,538.2,0,68,16:30:40
3.12,6.58,87.7,273.6,577.1,0,68,16:30:45
3.07,6.1,87.8,269.5,535.6,0,68,16:30:50
3.1,6.34,87.7,271.9,556,0,68,16:30:55
3.11,5.91,87.8,273.1,518.9,0,68,16:31:00
3.09,6.28,87.7,271,550.8,0,68,16:31:05
3.11,6.02,87.8,273.1,528.6,0,68,16:31:10
3.06,6.28,87.7,268.4,550.8,0,68,16:31:15
3.06,5.85,87.8,268.7,513.6,0,68,16:31:20
3.06,5.84,87.8,268.7,512.8,0,68,16:31:25
3.07,5.79,87.8,269.5,508.4,0,68,16:31:30
3.09,5.79,87.8,271.3,508.4,0,68,16:31:35
3.08,6.17,87.7,270.1,541.1,0,68,16:31:40
3.04,5.97,87.8,266.9,524.2,0,68,16:31:45
3.02,6.1,87.7,264.9,535,0,68,16:31:50
3.06,5.97,87.7,268.4,523.6,0,68,16:31:55
3.05,6.42,87.7,267.5,563,0,68,16:32:00
3.03,6.03,87.8,266,529.4,0,68,16:32:05
3.04,6.09,87.7,266.6,534.1,0,68,16:32:10
3.01,5.77,87.7,264,506,0,68,16:32:15
3.03,5.62,87.8,266,493.4,0,68,16:32:20
3.04,5.71,87.8,266.9,501.3,0,69,16:32:25
2.98,6.02,87.7,261.3,528,0,68,16:32:30
2.97,5.74,87.8,260.8,504,0,68,16:32:35
3,5.66,87.8,263.4,496.9,0,68,16:32:40
3.01,5.57,87.8,264.3,489,0,69,16:32:45
2.98,5.49,87.8,261.6,482,0,69,16:32:50
2.97,5.25,87.8,260.8,461,0,69,16:32:55
3.15,5.2,87.8,276.6,456.6,0,69,16:33:00
3.33,4.98,87.9,292.7,437.7,0,69,16:33:05
3.21,5.09,87.9,282.2,447.4,0,69,16:33:10
3.23,5.08,87.9,283.9,446.5,0,69,16:33:15
3.06,5.03,87.9,269,442.1,0,69,16:33:20
2.75,5.03,87.9,241.7,442.1,0,69,16:33:25
2.73,5.32,87.8,239.7,467.1,0,69,16:33:30
2.77,5.28,87.8,243.2,463.6,0,69,16:33:35
2.74,5.25,87.8,240.6,461,0,69,16:33:40
2.61,5.96,87.7,228.9,522.7,0,68,16:33:45
2.6,6.02,87.7,228,528,0,68,16:33:50
2.65,6.22,87.7,232.4,545.5,0,68,16:33:55
2.58,5.69,87.7,226.3,499,0,69,16:34:00
0.2,7.52,87.5,17.5,658,0,68,16:34:05
0.19,7.51,87.4,16.6,656.4,0,68,16:34:10
0.18,6.93,87.5,15.8,606.4,0,69,16:34:15
2.66,4.07,88,234.1,358.2,0,69,16:34:20
2.67,4.2,87.9,234.7,369.2,0,70,16:34:25
2.66,4.13,88,234.1,363.4,0,69,16:34:30
2.66,4.4,87.9,233.8,386.8,0,69,16:34:35
2.67,4.81,87.9,234.7,422.8,0,69,16:34:40
2.7,5.19,87.8,237.1,455.7,0,69,16:34:45
2.63,5.7,87.7,230.7,499.9,0,68,16:34:50
2.65,5.7,87.7,232.4,499.9,0,69,16:34:55
2.64,5.81,87.7,231.5,509.5,0,68,16:35:00
2.68,5.91,87.7,235,518.3,0,68,16:35:05
2.62,5.76,87.7,229.8,505.2,0,68,16:35:10
2.68,5.93,87.7,235,520.1,0,68,16:35:15
2.67,6.15,87.6,233.9,538.7,0,68,16:35:20
2.66,6.14,87.6,233,537.9,0,68,16:35:25
2.65,6.35,87.6,232.1,556.3,0,68,16:35:30
2.63,6.63,87.5,230.1,580.1,0,68,16:35:35
2.64,6.48,87.5,231,567,0,68,16:35:40
2.66,6.77,87.5,232.8,592.4,0,68,16:35:45
2.63,7.15,87.4,229.9,624.9,0,68,16:35:50
2.69,7.05,87.4,235.1,616.2,0,68,16:35:55
1.16,7.83,87.3,101.3,683.6,0,68,16:36:00
2.66,6.66,87.5,232.8,582.8,0,68,16:36:05
2.57,6.81,87.5,224.9,595.9,0,68,16:36:10
2.56,6.76,87.4,223.7,590.8,0,68,16:36:15
2.6,6.97,87.4,227.2,609.2,0,68,16:36:20
2.55,7.18,87.4,222.9,627.5,0,68,16:36:25
2.56,6.82,87.4,223.7,596.1,0,68,16:36:30
2.56,6.79,87.4,223.7,593.4,0,68,16:36:35
2.53,6.26,87.5,221.4,547.8,0,68,16:36:40
2.53,5.94,87.5,221.4,519.8,0,68,16:36:45
2.65,5.77,87.5,231.9,504.9,0,68,16:36:50
2.56,6.22,87.5,224,544.3,0,68,16:36:55
2.58,5.95,87.6,226,521.2,0,68,16:37:00
2.59,6.33,87.5,226.6,553.9,0,68,16:37:05
2.7,5.97,87.6,236.5,523,0,68,16:37:10
2.65,6.79,87.4,231.6,593.4,0,68,16:37:15
2.62,6.16,87.5,229.3,539,0,68,16:37:20
2.59,5.87,87.5,226.6,513.6,0,68,16:37:25
2.53,5.51,87.6,221.6,482.7,0,69,16:37:30
2.54,5.98,87.5,222.3,523.3,0,68,16:37:35
2.55,5.87,87.5,223.1,513.6,0,68,16:37:40
2.56,6.18,87.5,224,540.8,0,68,16:37:45
2.6,6.15,87.5,227.5,538.1,0,68,16:37:50
2.63,5.95,87.5,230.1,520.6,0,68,16:37:55
2.62,5.35,87.6,229.5,468.7,0,69,16:38:00
2.64,4.68,87.7,231.5,410.4,0,69,16:38:05
2.54,4.19,87.8,223,367.9,0,69,16:38:10
2.53,4.34,87.8,222.1,381.1,0,69,16:38:15
2.55,4.49,87.7,223.6,393.8,0,69,16:38:20
2.52,4.95,87.7,221,434.1,0,69,16:38:25
2.51,4.76,87.7,220.1,417.5,0,69,16:38:30
2.48,4.63,87.7,217.5,406.1,0,69,16:38:35
2.56,4.21,87.8,224.8,369.6,0,69,16:38:40
2.5,3.94,87.9,219.8,346.3,0,69,16:38:45
2.51,3.99,87.8,220.4,350.3,0,69,16:38:50
2.54,4.06,87.8,223,356.5,0,69,16:38:55
2.51,3.79,87.9,220.6,333.1,0,70,16:39:00
2.52,3.61,87.9,221.5,317.3,0,70,16:39:05
2.57,3.55,87.9,225.9,312,0,70,16:39:10
2.51,3.57,87.9,220.6,313.8,0,70,16:39:15
2.51,3.73,87.9,220.6,327.9,0,70,16:39:20
2.51,3.85,87.9,220.6,338.4,0,70,16:39:25
2.52,3.28,87.9,221.5,288.3,0,70,16:39:30
2.49,3.69,87.9,218.9,324.4,0,70,16:39:35
2.6,3.52,87.9,228.5,309.4,0,70,16:39:40
2.46,3.51,87.9,216.2,308.5,0,70,16:39:45
2.46,3.7,87.9,216.2,325.2,0,70,16:39:50
2.52,3.97,87.9,221.5,349,0,70,16:39:55
2.49,3.41,87.9,218.9,299.7,0,70,16:40:00
2.52,3.46,87.9,221.5,304.1,0,70,16:40:05
2.46,3.84,87.8,216,337.2,0,70,16:40:10
2.51,3.5,87.9,220.6,307.7,0,70,16:40:15
2.44,3.81,87.9,214.5,334.9,0,70,16:40:20
2.48,4.2,87.8,217.7,368.8,0,69,16:40:25
2.42,3.72,87.9,212.7,327,0,70,16:40:30
2.46,1.74,88.2,217,153.5,0,71,16:40:35
2.35,2.19,88.1,207,192.9,0,71,16:40:40
2.28,3.68,87.9,200.4,323.5,0,70,16:40:45
2.55,3.83,87.9,224.1,336.7,0,69,16:40:50
2.49,4.5,87.8,218.6,395.1,0,69,16:40:55
1.55,5.15,87.7,135.9,451.7,0,69,16:41:00
2.53,4.45,87.8,222.1,390.7,0,69,16:41:05
2.52,4.38,87.7,221,384.1,0,69,16:41:10
2.39,4.7,87.7,209.6,412.2,0,69,16:41:15
2.48,4.8,87.7,217.5,421,0,69,16:41:20
2.59,4.98,87.7,227.1,436.7,0,69,16:41:25
2.63,5,87.6,230.4,438,0,69,16:41:30
2.43,5.09,87.6,212.9,445.9,0,69,16:41:35
2.4,5.29,87.6,210.2,463.4,0,69,16:41:40
2.42,5.29,87.6,212,463.4,0,69,16:41:45
2.42,5.05,87.6,212,442.4,0,69,16:41:50
2.42,5.09,87.6,212,445.9,0,69,16:41:55
2.39,5.22,87.6,209.4,457.3,0,69,16:42:00
2.37,5.1,87.6,207.6,446.8,0,69,16:42:05
2.55,5.09,87.6,223.4,445.9,0,69,16:42:10
2.39,5.17,87.5,209.1,452.4,0,69,16:42:15
2.33,5.11,87.6,204.1,447.6,0,69,16:42:20
2.45,4.76,87.6,214.6,417,0,69,16:42:25
2.23,4.82,87.6,195.3,422.2,0,69,16:42:30
2.34,4.59,87.7,205.2,402.5,0,69,16:42:35
2.2,4.75,87.6,192.7,416.1,0,69,16:42:40
2.18,5.12,87.5,190.8,448,0,69,16:42:45
2.44,4.96,87.6,213.7,434.5,0,69,16:42:50
2.26,4.98,87.6,198,436.2,0,69,16:42:55
2.37,5.03,87.6,207.6,440.6,0,69,16:43:00
2.35,4.81,87.6,205.9,421.4,0,69,16:43:05
2.45,4.62,87.7,214.9,405.2,0,69,16:43:10
2.5,4.41,87.7,219.3,386.8,0,69,16:43:15
2.42,4.33,87.7,212.2,379.7,0,69,16:43:20
2.41,4.23,87.7,211.4,371,0,69,16:43:25
2.39,4.59,87.6,209.4,402.1,0,69,16:43:30
2.48,4.79,87.6,217.2,419.6,0,69,16:43:35
2.2,4.96,87.6,192.7,434.5,0,69,16:43:40
2.26,4.96,87.6,198,434.5,0,69,16:43:45
2.23,4.88,87.5,195.1,427,0,69,16:43:50
2.22,5.08,87.5,194.3,444.5,0,69,16:43:55
2.24,5.1,87.5,196,446.3,0,69,16:44:00
2.37,5.17,87.5,207.4,452.4,0,69,16:44:05
2.3,5.09,87.6,201.5,445.9,0,69,16:44:10
2.35,5.19,87.5,205.6,454.1,0,69,16:44:15
2.29,4.87,87.5,200.4,426.1,0,69,16:44:20
2.28,4.85,87.5,199.5,424.4,0,69,16:44:25
2.12,5.3,87.5,185.5,463.8,0,69,16:44:30
2.22,5.81,87.4,194,507.8,0,68,16:44:35
2.23,5.36,87.4,194.9,468.5,0,69,16:44:40
2.16,5.41,87.4,188.8,472.8,0,69,16:44:45
2.06,5.73,87.4,180,500.8,0,68,16:44:50
2.13,5.88,87.4,186.2,513.9,0,68,16:44:55
2.17,5.72,87.4,189.7,499.9,0,68,16:45:00
2.26,5.82,87.4,197.5,508.7,0,68,16:45:05
2.31,5.79,87.3,201.7,505.5,0,68,16:45:10
2.22,5.43,87.4,194,474.6,0,68,16:45:15
1.96,5.78,87.4,171.3,505.2,0,68,16:45:20
2.33,5.79,87.3,203.4,505.5,0,68,16:45:25
2.23,5.46,87.4,194.9,477.2,0,68,16:45:30
2.02,5.57,87.4,176.5,486.8,0,69,16:45:35
2.14,5.95,87.3,186.8,519.4,0,68,16:45:40
2.28,5.16,87.4,199.3,451,0,69,16:45:45
2.27,5.38,87.4,198.4,470.2,0,68,16:45:50
2.31,6.15,87.3,201.7,536.9,0,68,16:45:55
2.28,5.46,87.4,199.3,477.2,0,68,16:46:00
2.29,5.21,87.4,200.1,455.4,0,69,16:46:05
2.27,5.05,87.4,198.4,441.4,0,69,16:46:10
2.26,5.04,87.4,197.5,440.5,0,69,16:46:15
2.24,5.13,87.4,195.8,448.4,0,69,16:46:20
2.3,4.92,87.4,201,430,0,69,16:46:25
2.31,4.72,87.4,201.9,412.5,0,69,16:46:30
2.3,4.48,87.5,201.3,392,0,69,16:46:35
2.29,4.89,87.4,200.1,427.4,0,69,16:46:40
2.3,5.24,87.3,200.8,457.5,0,69,16:46:45
2.3,5.23,87.4,201,457.1,0,69,16:46:50
2.25,4.94,87.4,196.7,431.8,0,69,16:46:55
2.28,4.65,87.5,199.5,406.9,0,69,16:47:00
2.28,4.6,87.5,199.5,402.5,0,69,16:47:05
2.31,4.39,87.5,202.1,384.1,0,69,16:47:10
2.28,4.25,87.5,199.5,371.9,0,69,16:47:15
2.24,4.29,87.5,196,375.4,0,69,16:47:20
2.22,4.47,87.5,194.3,391.1,0,69,16:47:25
2.22,4.82,87.4,194,421.3,0,69,16:47:30
1.99,4.66,87.4,173.9,407.3,0,69,16:47:35
2.38,4.4,87.5,208.3,385,0,69,16:47:40
2.38,4.64,87.5,208.3,406,0,69,16:47:45
2.34,4.58,87.4,204.5,400.3,0,69,16:47:50
2.36,4.36,87.5,206.5,381.5,0,69,16:47:55
2.32,4.46,87.5,203,390.3,0,69,16:48:00
2.33,4.28,87.5,203.9,374.5,0,69,16:48:05
2.35,4.44,87.4,205.4,388.1,0,69,16:48:10
2.36,4.43,87.4,206.3,387.2,0,69,16:48:15
2.38,4.27,87.5,208.3,373.6,0,69,16:48:20
2.33,4.29,87.5,203.9,375.4,0,69,16:48:25
2.31,4.06,87.5,202.1,355.3,0,69,16:48:30
2.26,4.17,87.5,197.8,364.9,0,69,16:48:35
2.24,5.34,87.3,195.6,466.2,0,68,16:48:40
2.32,5.68,87.3,202.5,495.9,0,68,16:48:45
2.25,5.34,87.3,196.4,466.2,0,68,16:48:50
2.24,5.29,87.3,195.6,461.8,0,69,16:48:55
2.28,5.25,87.3,199,458.3,0,69,16:49:00
2.27,5.23,87.3,198.2,456.6,0,69,16:49:05
2.19,5.07,87.3,191.2,442.6,0,69,16:49:10
2.21,4.99,87.3,192.9,435.6,0,69,16:49:15
2.21,4.84,87.4,193.2,423,0,69,16:49:20
2.25,4.8,87.4,196.7,419.5,0,69,16:49:25
2.33,4.81,87.3,203.4,419.9,0,69,16:49:30
2.23,5.19,87.2,194.5,452.6,0,69,16:49:35
2.29,5.1,87.3,199.9,445.2,0,69,16:49:40
2.15,4.89,87.3,187.7,426.9,0,69,16:49:45
2.14,4.87,87.3,186.8,425.2,0,69,16:49:50
2.24,4.73,87.4,195.8,413.4,0,69,16:49:55
1.18,5.33,87.3,103,465.3,0,69,16:50:00
2.18,4.65,87.4,190.5,406.4,0,69,16:50:05
2.09,4.63,87.4,182.7,404.7,0,69,16:50:10
2.16,4.75,87.3,188.6,414.7,0,69,16:50:15
2.16,5.05,87.3,188.6,440.9,0,69,16:50:20
1.85,5.57,87.2,161.3,485.7,0,68,16:50:25
2.08,5.66,87.2,181.4,493.6,0,68,16:50:30
2.11,5.47,87.2,184,477,0,68,16:50:35
2.15,6.01,87.1,187.3,523.5,0,68,16:50:40
2.11,5.42,87.2,184,472.6,0,68,16:50:45
2.09,5.13,87.2,182.2,447.3,0,69,16:50:50
2.12,4.21,87.4,185.3,368,0,69,16:50:55
2.13,3.53,87.4,186.2,308.5,0,70,16:51:00
2.32,2.85,87.6,203.2,249.7,0,70,16:51:05
2.26,4.26,87.4,197.5,372.3,0,69,16:51:10
2.12,6.2,87.1,184.7,540,0,68,16:51:15
2.1,6.63,87,182.7,576.8,0,68,16:51:20
2.13,5.93,87.1,185.5,516.5,0,68,16:51:25
2.1,5.97,87.1,182.9,520,0,68,16:51:30
2.14,5.84,87.1,186.4,508.7,0,68,16:51:35
2.09,5.68,87.1,182,494.7,0,68,16:51:40
2.06,6.04,87,179.2,525.5,0,68,16:51:45
2.09,5.27,87.2,182.2,459.5,0,68,16:51:50
2.04,4.98,87.2,177.9,434.3,0,69,16:51:55
2.08,4.65,87.3,181.6,405.9,0,69,16:52:00
2.02,4.95,87.2,176.1,431.6,0,69,16:52:05
2.05,5.27,87.1,178.6,459,0,68,16:52:10
2.08,5.07,87.2,181.4,442.1,0,68,16:52:15
2.03,5.08,87.2,177,443,0,68,16:52:20
2.09,5.09,87.2,182.2,443.8,0,69,16:52:25
2.37,4.84,87.2,206.7,422,0,69,16:52:30
2.46,4.76,87.2,214.5,415.1,0,68,16:52:35
2.43,5.37,87.1,211.7,467.7,0,68,16:52:40
2.18,5.93,87.1,189.9,516.5,0,68,16:52:45
2.08,6.3,86.9,180.8,547.5,0,68,16:52:50
2.03,6.69,86.9,176.4,581.4,0,68,16:52:55
2.01,6.92,86.9,174.7,601.3,0,68,16:53:00
2.08,6.85,86.9,180.8,595.3,0,68,16:53:05
2.04,6.59,86.9,177.3,572.7,0,68,16:53:10
2.06,6.5,86.9,179,564.9,0,68,16:53:15
2.01,6.54,86.9,174.7,568.3,0,68,16:53:20
2.02,6.42,86.9,175.5,557.9,0,68,16:53:25
2.06,6.06,86.9,179,526.6,0,68,16:53:30
2.01,5.86,87,174.9,509.8,0,68,16:53:35
2.03,6.29,86.9,176.4,546.6,0,68,16:53:40
2.41,5.1,87.1,209.9,444.2,0,68,16:53:45
2.44,4.79,87.1,212.5,417.2,0,68,16:53:50
2.32,6.24,86.9,201.6,542.3,0,68,16:53:55
2,6.44,86.9,173.8,559.6,0,68,16:54:00
1.96,5.98,86.9,170.3,519.7,0,68,16:54:05
1.98,5.89,86.9,172.1,511.8,0,68,16:54:10
2.03,6.45,86.8,176.2,559.9,0,68,16:54:15
2.01,6.71,86.8,174.5,582.4,0,68,16:54:20
1.96,7.09,86.7,169.9,614.7,0,68,16:54:25
2.03,7.25,86.7,176,628.6,0,67,16:54:30
1.94,7.13,86.7,168.2,618.2,0,67,16:54:35
1.97,6.65,86.8,171,577.2,0,67,16:54:40
1.98,6.45,86.8,171.9,559.9,0,67,16:54:45
1.94,6.5,86.8,168.4,564.2,0,67,16:54:50
1.93,6.12,86.9,167.7,531.8,0,68,16:54:55
1.95,5.89,86.9,169.5,511.8,0,68,16:55:00
1.97,6.22,86.8,171,539.9,0,67,16:55:05
1.97,6.65,86.8,171,577.2,0,67,16:55:10
1.92,7.65,86.6,166.3,662.5,0,67,16:55:15
2.06,7.18,86.6,178.4,621.8,0,67,16:55:20
2.06,6.96,86.7,178.6,603.4,0,67,16:55:25
1.92,6.63,86.7,166.5,574.8,0,67,16:55:30
1.85,6.78,86.7,160.4,587.8,0,67,16:55:35
1.92,6.53,86.7,166.5,566.2,0,67,16:55:40
1.96,6.19,86.8,170.1,537.3,0,67,16:55:45
1.98,5.97,86.8,171.9,518.2,0,68,16:55:50
1.98,6.45,86.7,171.7,559.2,0,68,16:55:55
1.86,6.54,86.7,161.3,567,0,68,16:56:00
1.9,6.41,86.7,164.7,555.7,0,68,16:56:05
1.91,6.38,86.8,165.8,553.8,0,68,16:56:10
1.86,6.53,86.8,161.4,566.8,0,67,16:56:15
1.96,5.93,86.8,170.1,514.7,0,68,16:56:20
2.34,4.46,87,203.6,388,0,68,16:56:25
2.08,5.03,86.9,180.8,437.1,0,68,16:56:30
1.96,6.75,86.7,169.9,585.2,0,67,16:56:35
1.86,7.42,86.5,160.9,641.8,0,67,16:56:40
1.89,6.92,86.6,163.7,599.3,0,68,16:56:45
1.81,6.5,86.7,156.9,563.6,0,68,16:56:50
1.92,5.66,86.8,166.7,491.3,0,68,16:56:55
1.87,5.55,86.8,162.3,481.7,0,68,16:57:00
1.93,5.97,86.7,167.3,517.6,0,68,16:57:05
1.92,5.44,86.8,166.7,472.2,0,68,16:57:10
1.86,5.57,86.8,161.4,483.5,0,68,16:57:15
1.89,5.87,86.8,164.1,509.5,0,68,16:57:20
1.86,5.47,86.9,161.6,475.3,0,68,16:57:25
1.89,5.55,86.8,164.1,481.7,0,68,16:57:30
1.89,5.92,86.7,163.9,513.3,0,68,16:57:35
1.84,5.66,86.8,159.7,491.3,0,68,16:57:40
1.92,5.55,86.8,166.7,481.7,0,68,16:57:45
1.91,5.79,86.8,165.8,502.6,0,68,16:57:50
1.87,5.47,86.8,162.3,474.8,0,68,16:57:55
1.86,5.59,86.8,161.4,485.2,0,68,16:58:00
1.82,6.15,86.7,157.8,533.2,0,68,16:58:05
1.76,5.71,86.8,152.8,495.6,0,68,16:58:10
1.99,4.95,86.8,172.7,429.7,0,68,16:58:15
2.24,3.83,87,194.9,333.2,0,69,16:58:20
2.11,5.42,86.8,183.1,470.5,0,68,16:58:25
1.75,6.3,86.7,151.7,546.2,0,68,16:58:30
1.84,5.6,86.7,159.5,485.5,0,68,16:58:35
1.77,5.69,86.7,153.5,493.3,0,68,16:58:40
1.79,6.13,86.7,155.2,531.5,0,68,16:58:45
1.8,6.02,86.7,156.1,521.9,0,68,16:58:50
1.81,5.83,86.7,156.9,505.5,0,68,16:58:55
1.8,5.68,86.7,156.1,492.5,0,68,16:59:00
1.77,5.42,86.7,153.5,469.9,0,68,16:59:05
2.21,4.39,86.9,192,381.5,0,68,16:59:10
2.15,4.93,86.8,186.6,427.9,0,68,16:59:15
1.97,6.51,86.6,170.6,563.8,0,67,16:59:20
1.8,7.51,86.4,155.5,648.9,0,67,16:59:25
1.76,6.81,86.5,152.2,589.1,0,67,16:59:30
1.8,6.32,86.5,155.7,546.7,0,68,16:59:35
1.85,6.26,86.6,160.2,542.1,0,68,16:59:40
1.74,6.76,86.5,150.5,584.7,0,68,16:59:45
1.79,6.55,86.5,154.8,566.6,0,68,16:59:50
1.78,6.29,86.5,154,544.1,0,68,16:59:55
1.78,6.48,86.5,154,560.5,0,68,17:00:00
1.77,6.44,86.5,153.1,557.1,0,68,17:00:05
1.75,6.75,86.5,151.4,583.9,0,67,17:00:10
1.76,6.92,86.4,152.1,597.9,0,67,17:00:15
1.85,6.83,86.4,159.8,590.1,0,67,17:00:20
1.7,6.44,86.5,147.1,557.1,0,67,17:00:25
1.75,6.07,86.5,151.4,525.1,0,67,17:00:30
1.69,6.29,86.5,146.2,544.1,0,67,17:00:35
1.76,7.82,86.3,151.9,674.9,0,67,17:00:40
1.67,7.5,86.3,144.1,647.3,0,67,17:00:45
1.74,7.08,86.3,150.2,611,0,67,17:00:50
1.67,6.53,86.5,144.5,564.8,0,67,17:00:55
1.67,5.56,86.6,144.6,481.5,0,68,17:01:00
1.65,5.08,86.7,143.1,440.4,0,68,17:01:05
1.65,4.88,86.7,143.1,423.1,0,68,17:01:10
1.65,4.83,86.7,143.1,418.8,0,69,17:01:15
1.75,4.58,86.7,151.7,397.1,0,68,17:01:20
1.74,4.55,86.8,151,394.9,0,69,17:01:25
1.86,4.5,86.8,161.4,390.6,0,69,17:01:30
2.01,3.86,86.8,174.5,335,0,69,17:01:35
2.02,4.55,86.8,175.3,394.9,0,68,17:01:40
2.2,5.61,86.6,190.5,485.8,0,68,17:01:45
1.73,7.31,86.4,149.5,631.6,0,67,17:01:50
1.73,6.88,86.4,149.5,594.4,0,67,17:01:55
1.63,6.57,86.4,140.8,567.6,0,67,17:02:00
1.7,6.26,86.4,146.9,540.9,0,68,17:02:05
1.65,6.31,86.4,142.6,545.2,0,68,17:02:10
1.61,6.36,86.4,139.1,549.5,0,67,17:02:15
1.7,6,86.5,147.1,519,0,68,17:02:20
1.69,5.94,86.5,146.2,513.8,0,67,17:02:25
1.6,5.9,86.5,138.4,510.4,0,67,17:02:30
1.66,5.87,86.5,143.6,507.8,0,67,17:02:35
1.66,5.8,86.5,143.6,501.7,0,68,17:02:40
1.63,5.77,86.5,141,499.1,0,68,17:02:45
1.65,5.82,86.5,142.7,503.4,0,67,17:02:50
1.63,5.92,86.5,141,512.1,0,67,17:02:55
1.65,6.03,86.5,142.7,521.6,0,67,17:03:00
1.69,6.39,86.4,146,552.1,0,67,17:03:05
1.77,6.86,86.3,152.8,592,0,67,17:03:10
1.68,6.62,86.3,145,571.3,0,67,17:03:15
1.62,6.52,86.3,139.8,562.7,0,67,17:03:20
1.64,6.28,86.3,141.5,542,0,67,17:03:25
1.64,6.66,86.3,141.5,574.8,0,67,17:03:30
1.64,7.51,86.1,141.2,646.6,0,67,17:03:35
1.58,6.3,86.3,136.4,543.7,0,67,17:03:40
1.56,7.21,86.2,134.5,621.5,0,67,17:03:45
1.63,6.9,86.2,140.5,594.8,0,67,17:03:50
1.68,6.03,86.3,145,520.4,0,67,17:03:55
1.63,6.36,86.3,140.7,548.9,0,67,17:04:00
1.66,7.06,86.2,143.1,608.6,0,67,17:04:05
1.5,-26.4,91.1,136.7,-2405,0,63,17:04:10
1.62,-1.24,87.7,142.1,-108.7,0,54,17:04:15
1.63,-1.24,87.7,143,-108.7,0,52,17:04:20
1.49,-1.12,87.7,130.7,-98.2,0,50,17:04:25
1.58,-1.21,87.7,138.6,-106.1,0,47,17:04:30
1.51,-23.25,90.9,137.3,-2113.4,0,42,17:04:35
1.57,-1.19,87.7,137.7,-104.4,0,36,17:04:40
1.51,-12.68,89.4,135,-1133.6,0,34,17:04:45
1.5,-8.26,88.7,133.1,-732.7,0,24,17:04:50
1.09,-0.75,87.7,95.6,-65.8,0,22,17:04:55
1.24,-4.23,88.2,109.4,-373.1,0,16,17:05:00
1.4,-1.13,87.8,122.9,-99.2,0,4,17:05:05
1.33,-1,87.8,116.8,-87.8,0,0,17:05:10
1.29,-0.96,87.8,113.3,-84.3,0,0,17:05:15
1.26,-0.93,87.8,110.6,-81.7,0,0,17:05:20
1.54,-1.18,87.8,135.2,-103.6,0,0,17:05:25
1.64,-1.28,87.8,144,-112.4,0,0,17:05:30
1.25,-0.91,87.8,109.8,-79.9,0,0,17:05:35
1.29,-0.97,87.8,113.3,-85.2,0,0,17:05:40
1.3,-0.96,87.8,114.1,-84.3,0,0,17:05:45
1.42,-1.08,87.8,124.7,-94.8,0,0,17:05:50
1.32,-0.97,87.8,115.9,-85.2,0,0,17:05:55
1.36,-1.01,87.8,119.4,-88.7,0,0,17:06:00
1.38,-1.04,87.8,121.2,-91.3,0,0,17:06:05
1.42,-1.08,87.8,124.7,-94.8,0,0,17:06:10
1.43,-1.09,87.8,125.6,-95.7,0,0,17:06:15
1.44,-1.09,87.8,126.4,-95.7,0,0,17:06:20
1.48,-1.13,87.9,130.1,-99.3,0,0,17:06:25
1.5,-1.15,87.8,131.7,-101,0,0,17:06:30
1.45,-1.1,87.9,127.5,-96.7,0,0,17:06:35
1.42,-1.07,87.8,124.7,-93.9,0,0,17:06:40
1.4,-1.06,87.9,123.1,-93.2,0,0,17:06:45
2.43,-2.02,88,213.8,-177.8,0,0,17:06:50
4.25,-3.7,88.3,375.3,-326.7,0,0,17:06:55
5.56,-4.91,88.4,491.5,-434,0,0,17:07:00
6.52,-5.81,88.6,577.7,-514.8,0,0,17:07:05
6.72,-6,88.6,595.4,-531.6,0,0,17:07:10
6.67,-5.95,88.6,591,-527.2,0,0,17:07:15
6.76,-6.03,88.6,598.9,-534.3,0,0,17:07:20
6.75,-6.02,88.6,598.1,-533.4,0,0,17:07:25
6.42,-5.71,88.6,568.8,-505.9,0,0,17:07:30
6.71,-5.98,88.6,594.5,-529.8,0,0,17:07:35
6.05,-5.38,88.6,536,-476.7,0,0,17:07:40
5.71,-5.05,88.5,505.3,-446.9,0,0,17:07:45
6.14,-5.46,88.6,544,-483.8,0,0,17:07:50
4.49,-3.91,88.4,396.9,-345.6,0,0,17:07:55
4.31,-3.76,88.4,381,-332.4,0,0,17:08:00
5.56,-4.91,88.6,492.6,-435,0,0,17:08:05
4.5,-3.92,88.4,397.8,-346.5,0,0,17:08:10
5.12,-4.51,88.6,453.6,-399.6,0,0,17:08:15
4.88,-4.28,88.6,432.4,-379.2,0,0,17:08:20
4.3,-3.74,88.4,380.1,-330.6,0,0,17:08:25
3.8,-3.28,88.4,335.9,-290,0,0,17:08:30
4.93,-4.33,88.5,436.3,-383.2,0,0,17:08:35
4.52,-3.95,88.5,400,-349.6,0,0,17:08:40
6.68,-5.96,88.8,593.2,-529.2,0,0,17:08:45
6.67,-5.95,88.8,592.3,-528.4,0,0,17:08:50
6.67,-5.96,88.9,593,-529.8,0,0,17:08:55
6.66,-5.95,88.9,592.1,-529,0,0,17:09:00
6.66,-5.94,88.9,592.1,-528.1,0,0,17:09:05
6.66,-5.93,88.9,592.1,-527.2,0,0,17:09:10
6.66,-5.93,88.9,592.1,-527.2,0,0,17:09:15
6.67,-5.94,88.9,593,-528.1,0,0,17:09:20
6.66,-5.93,88.9,592.1,-527.2,0,0,17:09:25
6.66,-5.94,88.9,592.1,-528.1,0,0,17:09:30
6.65,-5.92,88.9,591.2,-526.3,0,0,17:09:35
6.66,-5.94,88.9,592.1,-528.1,0,0,17:09:40
6.65,-5.93,88.9,591.2,-527.2,0,0,17:09:45
6.64,-5.92,88.9,590.3,-526.3,0,0,17:09:50
3.37,-2.89,88.6,298.6,-256.1,0,0,17:09:55
3.36,-2.88,88.5,297.4,-254.9,0,0,17:10:00
3.36,-2.88,88.6,297.7,-255.2,0,0,17:10:05
3.36,-2.87,88.5,297.4,-254,0,0,17:10:10
6.62,-5.91,88.9,588.5,-525.4,0,0,17:10:15
6.62,-5.9,88.9,588.5,-524.5,0,0,17:10:20
6.6,-5.89,88.9,586.7,-523.6,0,0,17:10:25
6.61,-5.89,88.9,587.6,-523.6,0,0,17:10:30
6.6,-5.88,88.9,586.7,-522.7,0,0,17:10:35
6.59,-5.88,88.9,585.9,-522.7,0,0,17:10:40
6.59,-5.88,89,586.5,-523.3,0,0,17:10:45
6.59,-5.88,89,586.5,-523.3,0,0,17:10:50
6.58,-5.87,89,585.6,-522.4,0,0,17:10:55
6.58,-5.87,89,585.6,-522.4,0,0,17:11:00
6.57,-5.87,89,584.7,-522.4,0,0,17:11:05
6.55,-5.85,89,583,-520.7,0,0,17:11:10
6.56,-5.86,89,583.8,-521.5,0,0,17:11:15
6.55,-5.85,89,583,-520.7,0,0,17:11:20
6.57,-5.86,89,584.7,-521.5,0,0,17:11:25
6.57,-5.86,89,584.7,-521.5,0,0,17:11:30
6.59,-5.88,89,586.5,-523.3,0,0,17:11:35
6.61,-5.89,89.1,589,-524.8,0,0,17:11:40
6.57,-5.87,89.1,585.4,-523,0,0,17:11:45
6.57,-5.86,89.1,585.4,-522.1,0,0,17:11:50
6.55,-5.85,89.1,583.6,-521.2,0,0,17:11:55
6.58,-5.87,89.1,586.3,-523,0,0,17:12:00
6.54,-5.84,89.1,582.7,-520.3,0,0,17:12:05
6.55,-5.84,89.1,583.6,-520.3,0,0,17:12:10
6.56,-5.86,89.1,584.5,-522.1,0,0,17:12:15
6.54,-5.83,89.2,583.4,-520,0,0,17:12:20
6.54,-5.83,89.1,582.7,-519.5,0,0,17:12:25
6.55,-5.83,89.2,584.3,-520,0,0,17:12:30
6.54,-5.83,89.2,583.4,-520,0,0,17:12:35
3.31,-2.82,88.7,293.6,-250.1,0,0,17:12:40
3.31,-2.82,88.7,293.6,-250.1,0,0,17:12:45
3.3,-2.82,88.7,292.7,-250.1,0,0,17:12:50
3.31,-2.82,88.7,293.6,-250.1,0,0,17:12:55
3.31,-2.81,88.7,293.6,-249.2,0,0,17:13:00
3.3,-2.81,88.7,292.7,-249.2,0,0,17:13:05
3.3,-2.81,88.7,292.7,-249.2,0,0,17:13:10
3.3,-2.81,88.7,292.7,-249.2,0,0,17:13:15
3.31,-2.81,88.7,293.6,-249.2,0,0,17:13:20
3.3,-2.81,88.7,292.7,-249.2,0,0,17:13:25
3.29,-2.8,88.7,291.8,-248.4,0,0,17:13:30
3.3,-2.81,88.7,292.7,-249.2,0,0,17:13:35
3.29,-2.8,88.7,291.8,-248.4,0,0,17:13:40
3.29,-2.8,88.7,291.8,-248.4,0,0,17:13:45
1.49,-1.14,88.5,131.9,-100.9,0,0,17:13:50
3.14,-2.67,88.6,278.2,-236.6,0,0,17:13:55
3.28,-2.79,88.6,290.6,-247.2,0,0,17:14:00
3.27,-2.79,88.7,290,-247.5,0,0,17:14:05
3.28,-2.79,88.7,290.9,-247.5,0,0,17:14:10
3.27,-2.79,88.7,290,-247.5,0,0,17:14:15
3.27,-2.8,88.7,290,-248.4,0,0,17:14:20
3.28,-2.79,88.7,290.9,-247.5,0,0,17:14:25
3.27,-2.79,88.7,290,-247.5,0,0,17:14:30
3.27,-2.79,88.7,290,-247.5,0,0,17:14:35
3.26,-2.79,88.7,289.2,-247.5,0,0,17:14:40
3.26,-2.78,88.7,289.2,-246.6,0,0,17:14:45
3.26,-2.78,88.7,289.2,-246.6,0,0,17:14:50
3.26,-2.77,88.7,289.2,-245.7,0,0,17:14:55
3.25,-2.78,88.7,288.3,-246.6,0,0,17:15:00
3.25,-2.78,88.7,288.3,-246.6,0,0,17:15:05
3.25,-2.78,88.7,288.3,-246.6,0,0,17:15:10
3.25,-2.78,88.7,288.3,-246.6,0,0,17:15:15
3.25,-2.77,88.7,288.3,-245.7,0,0,17:15:20
3.25,-2.78,88.7,288.3,-246.6,0,0,17:15:25
3.25,-2.76,88.7,288.3,-244.8,0,0,17:15:30
3.25,-2.77,88.7,288.3,-245.7,0,0,17:15:35
3.25,-2.76,88.7,288.3,-244.8,0,0,17:15:40
3.25,-2.77,88.7,288.3,-245.7,0,0,17:15:45
3.24,-2.76,88.7,287.4,-244.8,0,0,17:15:50
3.23,-2.76,88.7,286.5,-244.8,0,0,17:15:55
3.24,-2.76,88.8,287.7,-245.1,0,0,17:16:00
3.24,-2.76,88.7,287.4,-244.8,0,0,17:16:05
6.4,-5.69,89.2,570.9,-507.5,0,0,17:16:10
6.41,-5.71,89.2,571.8,-509.3,0,0,17:16:15
6.39,-5.69,89.2,570,-507.5,0,0,17:16:20
6.39,-5.69,89.2,570,-507.5,0,0,17:16:25
6.39,-5.69,89.2,570,-507.5,0,0,17:16:30
6.39,-5.69,89.2,570,-507.5,0,0,17:16:35
6.37,-5.68,89.2,568.2,-506.7,0,0,17:16:40
6.37,-5.67,89.2,568.2,-505.8,0,0,17:16:45
6.37,-5.67,89.2,568.2,-505.8,0,0,17:16:50
6.35,-5.65,89.2,566.4,-504,0,0,17:16:55
6.34,-5.64,89.2,565.5,-503.1,0,0,17:17:00
6.36,-5.65,89.2,567.3,-504,0,0,17:17:05
6.35,-5.65,89.2,566.4,-504,0,0,17:17:10
6.34,-5.63,89.3,566.2,-502.8,0,0,17:17:15
6.33,-5.63,89.2,564.6,-502.2,0,0,17:17:20
6.31,-5.61,89.3,563.5,-501,0,0,17:17:25
6.32,-5.63,89.3,564.4,-502.8,0,0,17:17:30
6.31,-5.62,89.3,563.5,-501.9,0,0,17:17:35
6.32,-5.62,89.3,564.4,-501.9,0,0,17:17:40
6.31,-5.61,89.3,563.5,-501,0,0,17:17:45
6.31,-5.61,89.3,563.5,-501,0,0,17:17:50
6.3,-5.61,89.3,562.6,-501,0,0,17:17:55
6.31,-5.61,89.3,563.5,-501,0,0,17:18:00
6.29,-5.61,89.3,561.7,-501,0,0,17:18:05
6.29,-5.59,89.3,561.7,-499.2,0,0,17:18:10
6.28,-5.58,89.3,560.8,-498.3,0,0,17:18:15
6.27,-5.59,89.3,559.9,-499.2,0,0,17:18:20
6.29,-5.6,89.3,561.7,-500.1,0,0,17:18:25
6.27,-5.58,89.3,559.9,-498.3,0,0,17:18:30
6.25,-5.56,89.3,558.1,-496.5,0,0,17:18:35
6.26,-5.56,89.3,559,-496.5,0,0,17:18:40
6.25,-5.56,89.4,558.8,-497.1,0,0,17:18:45
6.24,-5.55,89.3,557.2,-495.6,0,0,17:18:50
6.25,-5.56,89.3,558.1,-496.5,0,0,17:18:55
6.24,-5.55,89.4,557.9,-496.2,0,0,17:19:00
6.23,-5.54,89.4,557,-495.3,0,0,17:19:05
6.22,-5.54,89.4,556.1,-495.3,0,0,17:19:10
6.23,-5.54,89.4,557,-495.3,0,0,17:19:15
6.22,-5.54,89.4,556.1,-495.3,0,0,17:19:20
6.21,-5.53,89.5,555.8,-494.9,0,0,17:19:25
6.21,-5.53,89.4,555.2,-494.4,0,0,17:19:30
6.2,-5.51,89.4,554.3,-492.6,0,0,17:19:35
6.2,-5.52,89.5,554.9,-494,0,0,17:19:40
6.19,-5.5,89.5,554,-492.3,0,0,17:19:45
6.19,-5.49,89.5,554,-491.4,0,0,17:19:50
6.18,-5.5,89.5,553.1,-492.3,0,0,17:19:55
6.19,-5.5,89.5,554,-492.3,0,0,17:20:00
6.17,-5.49,89.5,552.2,-491.4,0,0,17:20:05
6.17,-5.48,89.5,552.2,-490.5,0,0,17:20:10
6.17,-5.47,89.5,552.2,-489.6,0,0,17:20:15
6.11,-5.44,89.5,546.8,-486.9,0,0,17:20:20
6.14,-5.46,89.5,549.5,-488.7,0,0,17:20:25
6.13,-5.45,89.5,548.6,-487.8,0,0,17:20:30
6.15,-5.45,89.5,550.4,-487.8,0,0,17:20:35
6.14,-5.46,89.5,549.5,-488.7,0,0,17:20:40
6.14,-5.45,89.5,549.5,-487.8,0,0,17:20:45
6.14,-5.46,89.5,549.5,-488.7,0,0,17:20:50
6.13,-5.45,89.5,548.6,-487.8,0,0,17:20:55
6.11,-5.43,89.5,546.8,-486,0,0,17:21:00
6.11,-5.43,89.5,546.8,-486,0,0,17:21:05
6.12,-5.44,89.5,547.7,-486.9,0,0,17:21:10
6.11,-5.43,89.5,546.8,-486,0,0,17:21:15
6.1,-5.42,89.5,546,-485.1,0,0,17:21:20
6.1,-5.42,89.5,546,-485.1,0,0,17:21:25
6.09,-5.42,89.5,545.1,-485.1,0,0,17:21:30
6.08,-5.41,89.5,544.2,-484.2,0,0,17:21:35
6.09,-5.42,89.5,545.1,-485.1,0,0,17:21:40
6.09,-5.41,89.5,545.1,-484.2,0,0,17:21:45
6.07,-5.39,89.5,543.3,-482.4,0,0,17:21:50
6.09,-5.41,89.5,545.1,-484.2,0,0,17:21:55
6.07,-5.39,89.5,543.3,-482.4,0,0,17:22:00
6.07,-5.4,89.5,543.3,-483.3,0,0,17:22:05
6.06,-5.38,89.5,542.4,-481.5,0,0,17:22:10
6.06,-5.38,89.5,542.4,-481.5,0,0,17:22:15
6.06,-5.38,89.5,542.4,-481.5,0,0,17:22:20
6.06,-5.38,89.5,542.4,-481.5,0,0,17:22:25
6.06,-5.38,89.5,542.4,-481.5,0,0,17:22:30
6.04,-5.36,89.5,540.6,-479.7,0,0,17:22:35
6.04,-5.36,89.5,540.6,-479.7,0,0,17:22:40
6.04,-5.36,89.5,540.6,-479.7,0,0,17:22:45
6.02,-5.34,89.6,539.4,-478.5,0,0,17:22:50
6.02,-5.34,89.5,538.8,-477.9,0,0,17:22:55
6.01,-5.34,89.5,537.9,-477.9,0,0,17:23:00
6,-5.33,89.6,537.6,-477.6,0,0,17:23:05
6.01,-5.33,89.5,537.9,-477,0,0,17:23:10
6,-5.32,89.6,537.6,-476.7,0,0,17:23:15
5.99,-5.32,89.6,536.7,-476.7,0,0,17:23:20
6.01,-5.33,89.6,538.5,-477.6,0,0,17:23:25
5.98,-5.31,89.6,535.8,-475.8,0,0,17:23:30
5.98,-5.3,89.6,535.8,-474.9,0,0,17:23:35
5.98,-5.3,89.6,535.8,-474.9,0,0,17:23:40
5.96,-5.29,89.6,534,-474,0,0,17:23:45
5.95,-5.29,89.6,533.1,-474,0,0,17:23:50
5.96,-5.29,89.6,534,-474,0,0,17:23:55
5.96,-5.29,89.6,534,-474,0,0,17:24:00
5.95,-5.29,89.6,533.1,-474,0,0,17:24:05
5.95,-5.28,89.6,533.1,-473.1,0,0,17:24:10
5.95,-5.28,89.6,533.1,-473.1,0,0,17:24:15
5.93,-5.27,89.6,531.3,-472.2,0,0,17:24:20
5.93,-5.27,89.6,531.3,-472.2,0,0,17:24:25
5.94,-5.27,89.6,532.2,-472.2,0,0,17:24:30
5.93,-5.27,89.6,531.3,-472.2,0,0,17:24:35
5.93,-5.26,89.6,531.3,-471.3,0,0,17:24:40
5.92,-5.27,89.6,530.4,-472.2,0,0,17:24:45
5.91,-5.25,89.6,529.5,-470.4,0,0,17:24:50
5.91,-5.25,89.6,529.5,-470.4,0,0,17:24:55
5.9,-5.24,89.6,528.6,-469.5,0,0,17:25:00
5.9,-5.23,89.6,528.6,-468.6,0,0,17:25:05
5.89,-5.23,89.6,527.7,-468.6,0,0,17:25:10
5.88,-5.22,89.6,526.8,-467.7,0,0,17:25:15
5.89,-5.22,89.6,527.7,-467.7,0,0,17:25:20
5.89,-5.22,89.6,527.7,-467.7,0,0,17:25:25
5.86,-5.19,89.6,525.1,-465,0,0,17:25:30
5.87,-5.2,89.6,526,-465.9,0,0,17:25:35
5.86,-5.2,89.6,525.1,-465.9,0,0,17:25:40
5.87,-5.2,89.6,526,-465.9,0,0,17:25:45
5.87,-5.2,89.7,526.5,-466.4,0,0,17:25:50
5.86,-5.19,89.6,525.1,-465,0,0,17:25:55
5.85,-5.18,89.6,524.2,-464.1,0,0,17:26:00
5.86,-5.19,89.6,525.1,-465,0,0,17:26:05
5.85,-5.18,89.7,524.7,-464.6,0,0,17:26:10
5.85,-5.17,89.7,524.7,-463.7,0,0,17:26:15
5.85,-5.18,89.7,524.7,-464.6,0,0,17:26:20
5.83,-5.17,89.7,523,-463.7,0,0,17:26:25
5.82,-5.16,89.7,522.1,-462.9,0,0,17:26:30
5.82,-5.16,89.7,522.1,-462.9,0,0,17:26:35
5.82,-5.16,89.7,522.1,-462.9,0,0,17:26:40
5.81,-5.15,89.7,521.2,-462,0,0,17:26:45
5.81,-5.16,89.7,521.2,-462.9,0,0,17:26:50
5.8,-5.14,89.7,520.3,-461.1,0,0,17:26:55
5.79,-5.13,89.8,519.9,-460.7,0,0,17:27:00
5.78,-5.12,89.7,518.5,-459.3,0,0,17:27:05
5.78,-5.12,89.7,518.5,-459.3,0,0,17:27:10
5.78,-5.12,89.7,518.5,-459.3,0,0,17:27:15
5.77,-5.12,89.8,518.1,-459.8,0,0,17:27:20
5.77,-5.11,89.7,517.6,-458.4,0,0,17:27:25
5.77,-5.11,89.8,518.1,-458.9,0,0,17:27:30
5.78,-5.12,89.7,518.5,-459.3,0,0,17:27:35
5.77,-5.11,89.8,518.1,-458.9,0,0,17:27:40
5.74,-5.1,89.8,515.5,-458,0,0,17:27:45
5.75,-5.1,89.8,516.4,-458,0,0,17:27:50
5.73,-5.08,89.7,514,-455.7,0,0,17:27:55
5.73,-5.08,89.8,514.6,-456.2,0,0,17:28:00
5.73,-5.08,89.8,514.6,-456.2,0,0,17:28:05
5.72,-5.07,89.8,513.7,-455.3,0,0,17:28:10
5.72,-5.07,89.8,513.7,-455.3,0,0,17:28:15
5.71,-5.05,89.8,512.8,-453.5,0,0,17:28:20
5.71,-5.06,89.8,512.8,-454.4,0,0,17:28:25
5.7,-5.04,89.8,511.9,-452.6,0,0,17:28:30
5.71,-5.05,89.8,512.8,-453.5,0,0,17:28:35
5.69,-5.04,89.8,511,-452.6,0,0,17:28:40
5.69,-5.03,89.8,511,-451.7,0,0,17:28:45
5.69,-5.04,89.8,511,-452.6,0,0,17:28:50
5.68,-5.03,89.8,510.1,-451.7,0,0,17:28:55
5.68,-5.02,89.8,510.1,-450.8,0,0,17:29:00
5.67,-5.02,89.8,509.2,-450.8,0,0,17:29:05
5.67,-5.01,89.8,509.2,-449.9,0,0,17:29:10
5.67,-5.02,89.8,509.2,-450.8,0,0,17:29:15
5.66,-5.01,89.8,508.3,-449.9,0,0,17:29:20
5.65,-5,89.8,507.4,-449,0,0,17:29:25
5.66,-5.01,89.8,508.3,-449.9,0,0,17:29:30
5.65,-5,89.8,507.4,-449,0,0,17:29:35
5.65,-5,89.8,507.4,-449,0,0,17:29:40
5.64,-4.99,89.8,506.5,-448.1,0,0,17:29:45
5.64,-4.99,89.8,506.5,-448.1,0,0,17:29:50
5.64,-4.99,89.8,506.5,-448.1,0,0,17:29:55
5.62,-4.98,89.8,504.7,-447.2,0,0,17:30:00
5.63,-4.99,89.8,505.6,-448.1,0,0,17:30:05
5.62,-4.97,89.8,504.7,-446.3,0,0,17:30:10
5.61,-4.96,89.8,503.8,-445.4,0,0,17:30:15
5.62,-4.96,89.8,504.7,-445.4,0,0,17:30:20
5.6,-4.95,89.8,502.9,-444.5,0,0,17:30:25
7.52,-6.75,90.1,677.6,-608.2,0,0,17:30:30
7.59,-6.81,90.1,683.9,-613.6,0,0,17:30:35
7.67,-6.88,90.1,691.1,-619.9,0,0,17:30:40
7.74,-6.95,90.1,697.4,-626.2,0,0,17:30:45
7.82,-7,90.1,704.6,-630.7,0,0,17:30:50
7.8,-6.98,90.1,702.8,-628.9,0,0,17:30:55
7.79,-6.98,90.1,701.9,-628.9,0,0,17:31:00
7.78,-6.97,90.1,701,-628,0,0,17:31:05
7.77,-6.97,90.1,700.1,-628,0,0,17:31:10
7.77,-6.96,90.1,700.1,-627.1,0,0,17:31:15
7.77,-6.97,90.1,700.1,-628,0,0,17:31:20
7.76,-6.96,90.2,700,-627.8,0,0,17:31:25
7.77,-6.97,90.2,700.9,-628.7,0,0,17:31:30
7.74,-6.95,90.2,698.1,-626.9,0,0,17:31:35
7.75,-6.96,90.2,699.1,-627.8,0,0,17:31:40
7.74,-6.95,90.2,698.1,-626.9,0,0,17:31:45
7.74,-6.94,90.2,698.1,-626,0,0,17:31:50
7.73,-6.94,90.3,698,-626.7,0,0,17:31:55
7.72,-6.93,90.3,697.1,-625.8,0,0,17:32:00
7.72,-6.92,90.3,697.1,-624.9,0,0,17:32:05
7.71,-6.92,90.3,696.2,-624.9,0,0,17:32:10
7.71,-6.92,90.3,696.2,-624.9,0,0,17:32:15
7.69,-6.91,90.3,694.4,-624,0,0,17:32:20
7.69,-6.91,90.3,694.4,-624,0,0,17:32:25
7.69,-6.9,90.3,694.4,-623.1,0,0,17:32:30
7.68,-6.9,90.3,693.5,-623.1,0,0,17:32:35
7.67,-6.88,90.3,692.6,-621.3,0,0,17:32:40
7.66,-6.88,90.3,691.7,-621.3,0,0,17:32:45
7.64,-6.86,90.3,689.9,-619.5,0,0,17:32:50
7.65,-6.86,90.3,690.8,-619.5,0,0,17:32:55
7.65,-6.86,90.3,690.8,-619.5,0,0,17:33:00
7.64,-6.86,90.3,689.9,-619.5,0,0,17:33:05
7.64,-6.86,90.3,689.9,-619.5,0,0,17:33:10
7.63,-6.83,90.3,689,-616.7,0,0,17:33:15
7.63,-6.83,90.3,689,-616.7,0,0,17:33:20
7.61,-6.83,90.3,687.2,-616.7,0,0,17:33:25
7.6,-6.81,90.3,686.3,-614.9,0,0,17:33:30
7.6,-6.81,90.3,686.3,-614.9,0,0,17:33:35
7.6,-6.81,90.3,686.3,-614.9,0,0,17:33:40
7.58,-6.79,90.3,684.5,-613.1,0,0,17:33:45
7.58,-6.8,90.3,684.5,-614,0,0,17:33:50
7.58,-6.79,90.3,684.5,-613.1,0,0,17:33:55
7.56,-6.77,90.3,682.7,-611.3,0,0,17:34:00
7.55,-6.77,90.3,681.8,-611.3,0,0,17:34:05
7.54,-6.76,90.3,680.9,-610.4,0,0,17:34:10
7.55,-6.76,90.3,681.8,-610.4,0,0,17:34:15
7.54,-6.76,90.3,680.9,-610.4,0,0,17:34:20
7.53,-6.75,90.3,680,-609.5,0,0,17:34:25
7.48,-6.7,90.3,675.4,-605,0,0,17:34:30
7.51,-6.74,90.3,678.2,-608.6,0,0,17:34:35
7.5,-6.72,90.3,677.3,-606.8,0,0,17:34:40
7.5,-6.72,90.3,677.3,-606.8,0,0,17:34:45
7.49,-6.7,90.3,676.3,-605,0,0,17:34:50
7.48,-6.7,90.3,675.4,-605,0,0,17:34:55
7.48,-6.7,90.3,675.4,-605,0,0,17:35:00
7.47,-6.7,90.3,674.5,-605,0,0,17:35:05
7.46,-6.69,90.4,674.4,-604.8,0,0,17:35:10
7.46,-6.69,90.3,673.6,-604.1,0,0,17:35:15
7.45,-6.68,90.3,672.7,-603.2,0,0,17:35:20
7.44,-6.66,90.3,671.8,-601.4,0,0,17:35:25
7.45,-6.67,90.4,673.5,-603,0,0,17:35:30
7.43,-6.65,90.3,670.9,-600.5,0,0,17:35:35
7.42,-6.65,90.4,670.8,-601.2,0,0,17:35:40
7.41,-6.64,90.3,669.1,-599.6,0,0,17:35:45
7.42,-6.64,90.4,670.8,-600.3,0,0,17:35:50
7.4,-6.63,90.4,669,-599.4,0,0,17:35:55
7.39,-6.62,90.4,668.1,-598.4,0,0,17:36:00
7.4,-6.62,90.4,669,-598.4,0,0,17:36:05
7.39,-6.62,90.4,668.1,-598.4,0,0,17:36:10
7.37,-6.59,90.4,666.2,-595.7,0,0,17:36:15
7.36,-6.6,90.4,665.3,-596.6,0,0,17:36:20
7.36,-6.59,90.4,665.3,-595.7,0,0,17:36:25
7.35,-6.59,90.4,664.4,-595.7,0,0,17:36:30
7.34,-6.57,90.4,663.5,-593.9,0,0,17:36:35
7.33,-6.56,90.4,662.6,-593,0,0,17:36:40
7.32,-6.55,90.4,661.7,-592.1,0,0,17:36:45
7.32,-6.55,90.4,661.7,-592.1,0,0,17:36:50
7.32,-6.56,90.4,661.7,-593,0,0,17:36:55
7.31,-6.54,90.4,660.8,-591.2,0,0,17:37:00
7.29,-6.52,90.4,659,-589.4,0,0,17:37:05
7.28,-6.52,90.4,658.1,-589.4,0,0,17:37:10
7.28,-6.52,90.4,658.1,-589.4,0,0,17:37:15
7.27,-6.5,90.4,657.2,-587.6,0,0,17:37:20
7.25,-6.49,90.4,655.4,-586.7,0,0,17:37:25
7.25,-6.49,90.4,655.4,-586.7,0,0,17:37:30
7.25,-6.49,90.3,654.7,-586,0,0,17:37:35
7.24,-6.47,90.4,654.5,-584.9,0,0,17:37:40
7.23,-6.46,90.4,653.6,-584,0,0,17:37:45
7.24,-6.47,90.4,654.5,-584.9,0,0,17:37:50
7.2,-6.45,90.4,650.9,-583.1,0,0,17:37:55
7.21,-6.44,90.4,651.8,-582.2,0,0,17:38:00
7.19,-6.43,90.4,650,-581.3,0,0,17:38:05
7.2,-6.44,90.4,650.9,-582.2,0,0,17:38:10
7.18,-6.42,90.4,649.1,-580.4,0,0,17:38:15
7.18,-6.44,90.4,649.1,-582.2,0,0,17:38:20
7.16,-6.4,90.4,647.3,-578.6,0,0,17:38:25
7.16,-6.4,90.4,647.3,-578.6,0,0,17:38:30
7.16,-6.4,90.4,647.3,-578.6,0,0,17:38:35
7.13,-6.39,90.4,644.6,-577.7,0,0,17:38:40
7.13,-6.38,90.4,644.6,-576.8,0,0,17:38:45
7.1,-6.25,90.4,641.8,-565,0,0,17:38:50
7.12,-6.37,90.4,643.6,-575.8,0,0,17:38:55
7.11,-6.35,90.4,642.7,-574,0,0,17:39:00
7.1,-6.34,90.4,641.8,-573.1,0,0,17:39:05
7.09,-6.33,90.4,640.9,-572.2,0,0,17:39:10
7.09,-6.33,90.4,640.9,-572.2,0,0,17:39:15
7.07,-6.32,90.4,639.1,-571.3,0,0,17:39:20
7.07,-6.32,90.4,639.1,-571.3,0,0,17:39:25
7.06,-6.31,90.4,638.2,-570.4,0,0,17:39:30
7.05,-6.26,90.4,637.3,-565.9,0,0,17:39:35
7.04,-6.29,90.4,636.4,-568.6,0,0,17:39:40
7.04,-6.29,90.4,636.4,-568.6,0,0,17:39:45
7.02,-6.27,90.4,634.6,-566.8,0,0,17:39:50
7.02,-6.27,90.4,634.6,-566.8,0,0,17:39:55
7.01,-6.26,90.4,633.7,-565.9,0,0,17:40:00
7,-6.25,90.4,632.8,-565,0,0,17:40:05
7.01,-6.27,90.4,633.7,-566.8,0,0,17:40:10
6.99,-6.23,90.4,631.9,-563.2,0,0,17:40:15
6.96,-6.21,90.4,629.2,-561.4,0,0,17:40:20
6.92,-6.17,90.4,625.6,-557.8,0,0,17:40:25
6.88,-6.15,90.4,622,-556,0,0,17:40:30
6.82,-6.06,90.4,616.5,-547.8,0,0,17:40:35
6.75,-6.02,90.4,610.2,-544.2,0,0,17:40:40
6.89,-6.15,90.4,622.9,-556,0,0,17:40:45
6.87,-6.13,90.4,621,-554.2,0,0,17:40:50
6.88,-6.14,90.4,622,-555.1,0,0,17:40:55
6.85,-6.12,90.4,619.2,-553.2,0,0,17:41:00
6.86,-6.13,90.4,620.1,-554.2,0,0,17:41:05
6.82,-6.08,90.4,616.5,-549.6,0,0,17:41:10
6.82,-6.09,90.5,617.2,-551.1,0,0,17:41:15
6.83,-6.11,90.4,617.4,-552.3,0,0,17:41:20
6.81,-6.07,90.5,616.3,-549.3,0,0,17:41:25
6.8,-6.06,90.4,614.7,-547.8,0,0,17:41:30
6.79,-6.06,90.4,613.8,-547.8,0,0,17:41:35
6.79,-6.05,90.5,614.5,-547.5,0,0,17:41:40
6.79,-6.06,90.5,614.5,-548.4,0,0,17:41:45
6.76,-6.03,90.4,611.1,-545.1,0,0,17:41:50
6.75,-6.03,90.5,610.9,-545.7,0,0,17:41:55
6.75,-6.02,90.5,610.9,-544.8,0,0,17:42:00
6.74,-6.01,90.5,610,-543.9,0,0,17:42:05
6.73,-6,90.4,608.4,-542.4,0,0,17:42:10
6.7,-5.97,90.5,606.4,-540.3,0,0,17:42:15
6.72,-5.99,90.5,608.2,-542.1,0,0,17:42:20
6.71,-5.98,90.5,607.3,-541.2,0,0,17:42:25
6.69,-5.97,90.5,605.4,-540.3,0,0,17:42:30
6.69,-5.97,90.6,606.1,-540.9,0,0,17:42:35
6.68,-5.95,90.5,604.5,-538.5,0,0,17:42:40
6.67,-5.94,90.5,603.6,-537.6,0,0,17:42:45
6.65,-5.93,90.5,601.8,-536.7,0,0,17:42:50
6.64,-5.91,90.5,600.9,-534.9,0,0,17:42:55
6.63,-5.9,90.5,600,-534,0,0,17:43:00
6.63,-5.91,90.5,600,-534.9,0,0,17:43:05
6.62,-5.9,90.5,599.1,-534,0,0,17:43:10
6.62,-5.9,90.5,599.1,-534,0,0,17:43:15
6.59,-5.88,90.5,596.4,-532.1,0,0,17:43:20
6.59,-5.87,90.5,596.4,-531.2,0,0,17:43:25
6.58,-5.87,90.6,596.1,-531.8,0,0,17:43:30
6.58,-5.87,90.6,596.1,-531.8,0,0,17:43:35
6.57,-5.86,90.6,595.2,-530.9,0,0,17:43:40
6.55,-5.85,90.5,592.8,-529.4,0,0,17:43:45
6.54,-5.83,90.5,591.9,-527.6,0,0,17:43:50
6.53,-5.82,90.6,591.6,-527.3,0,0,17:43:55
6.53,-5.81,90.6,591.6,-526.4,0,0,17:44:00
6.53,-5.81,90.6,591.6,-526.4,0,0,17:44:05
6.52,-5.8,90.5,590.1,-524.9,0,0,17:44:10
6.49,-5.78,90.5,587.3,-523.1,0,0,17:44:15
6.48,-5.77,90.5,586.4,-522.2,0,0,17:44:20
6.47,-5.76,90.6,586.2,-521.9,0,0,17:44:25
6.46,-5.76,90.6,585.3,-521.9,0,0,17:44:30
6.45,-5.73,90.5,583.7,-518.6,0,0,17:44:35
6.45,-5.74,90.6,584.4,-520,0,0,17:44:40
6.44,-5.74,90.6,583.5,-520,0,0,17:44:45
6.44,-5.73,90.6,583.5,-519.1,0,0,17:44:50
6.43,-5.72,90.5,581.9,-517.7,0,0,17:44:55
6.41,-5.7,90.6,580.7,-516.4,0,0,17:45:00
6.38,-5.68,90.6,578,-514.6,0,0,17:45:05
6.38,-5.69,90.6,578,-515.5,0,0,17:45:10
6.38,-5.67,90.6,578,-513.7,0,0,17:45:15
6.38,-5.68,90.6,578,-514.6,0,0,17:45:20
6.36,-5.67,90.6,576.2,-513.7,0,0,17:45:25
6.34,-5.63,90.6,574.4,-510.1,0,0,17:45:30
6.35,-5.64,90.6,575.3,-511,0,0,17:45:35
6.34,-5.64,90.6,574.4,-511,0,0,17:45:40
6.34,-5.63,90.6,574.4,-510.1,0,0,17:45:45
6.31,-5.62,90.6,571.7,-509.2,0,0,17:45:50
6.31,-5.61,90.6,571.7,-508.3,0,0,17:45:55
6.3,-5.6,90.6,570.8,-507.4,0,0,17:46:00
6.29,-5.6,90.6,569.9,-507.4,0,0,17:46:05
6.27,-5.58,90.6,568.1,-505.5,0,0,17:46:10
6.27,-5.58,90.6,568.1,-505.5,0,0,17:46:15
6.28,-5.58,90.6,569,-505.5,0,0,17:46:20
6.26,-5.57,90.6,567.2,-504.6,0,0,17:46:25
6.25,-5.56,90.6,566.3,-503.7,0,0,17:46:30
6.24,-5.55,90.6,565.3,-502.8,0,0,17:46:35
6.24,-5.55,90.6,565.3,-502.8,0,0,17:46:40
6.23,-5.54,90.6,564.4,-501.9,0,0,17:46:45
6.21,-5.54,90.6,562.6,-501.9,0,0,17:46:50
6.21,-5.52,90.6,562.6,-500.1,0,0,17:46:55
6.18,-5.49,90.6,559.9,-497.4,0,0,17:47:00
6.16,-5.48,90.6,558.1,-496.5,0,0,17:47:05
6.16,-5.46,90.6,558.1,-494.7,0,0,17:47:10
6.16,-5.47,90.6,558.1,-495.6,0,0,17:47:15
6.15,-5.46,90.6,557.2,-494.7,0,0,17:47:20
6.13,-5.45,90.6,555.4,-493.8,0,0,17:47:25
6.13,-5.44,90.6,555.4,-492.9,0,0,17:47:30
6.12,-5.44,90.6,554.5,-492.9,0,0,17:47:35
6.11,-5.42,90.6,553.6,-491.1,0,0,17:47:40
6.1,-5.42,90.6,552.7,-491.1,0,0,17:47:45
6.1,-5.41,90.6,552.7,-490.1,0,0,17:47:50
6.08,-5.4,90.6,550.8,-489.2,0,0,17:47:55
6.08,-5.39,90.6,550.8,-488.3,0,0,17:48:00
6.07,-5.38,90.6,549.9,-487.4,0,0,17:48:05
6.06,-5.38,90.6,549,-487.4,0,0,17:48:10
6.05,-5.36,90.6,548.1,-485.6,0,0,17:48:15
6.03,-5.35,90.6,546.3,-484.7,0,0,17:48:20
6.03,-5.35,90.6,546.3,-484.7,0,0,17:48:25
6.04,-5.36,90.6,547.2,-485.6,0,0,17:48:30
6.01,-5.33,90.6,544.5,-482.9,0,0,17:48:35
6,-5.32,90.6,543.6,-482,0,0,17:48:40
6,-5.31,90.6,543.6,-481.1,0,0,17:48:45
5.97,-5.29,90.6,540.9,-479.3,0,0,17:48:50
5.97,-5.3,90.6,540.9,-480.2,0,0,17:48:55
5.96,-5.29,90.6,540,-479.3,0,0,17:49:00
5.97,-5.29,90.6,540.9,-479.3,0,0,17:49:05
5.93,-5.27,90.6,537.3,-477.5,0,0,17:49:10
5.92,-5.26,90.6,536.4,-476.6,0,0,17:49:15
5.92,-5.26,90.6,536.4,-476.6,0,0,17:49:20
5.9,-5.24,90.6,534.5,-474.7,0,0,17:49:25
5.91,-5.24,90.6,535.4,-474.7,0,0,17:49:30
5.9,-5.23,90.6,534.5,-473.8,0,0,17:49:35
5.88,-5.22,90.6,532.7,-472.9,0,0,17:49:40
5.87,-5.19,90.6,531.8,-470.2,0,0,17:49:45
5.86,-5.18,90.6,530.9,-469.3,0,0,17:49:50
5.83,-5.17,90.6,528.2,-468.4,0,0,17:49:55
5.84,-5.17,90.6,529.1,-468.4,0,0,17:50:00
5.82,-5.17,90.6,527.3,-468.4,0,0,17:50:05
5.82,-5.16,90.6,527.3,-467.5,0,0,17:50:10
5.79,-5.12,90.6,524.6,-463.9,0,0,17:50:15
5.81,-5.14,90.6,526.4,-465.7,0,0,17:50:20
5.79,-5.13,90.6,524.6,-464.8,0,0,17:50:25
5.78,-5.12,90.6,523.7,-463.9,0,0,17:50:30
5.74,-5.1,90.6,520,-462.1,0,0,17:50:35
5.76,-5.11,90.6,521.9,-463,0,0,17:50:40
5.75,-5.1,90.6,521,-462.1,0,0,17:50:45
5.74,-5.09,90.6,520,-461.2,0,0,17:50:50
5.73,-5.08,90.6,519.1,-460.2,0,0,17:50:55
5.73,-5.08,90.6,519.1,-460.2,0,0,17:51:00
5.73,-5.07,90.6,519.1,-459.3,0,0,17:51:05
5.81,-5.14,90.6,526.4,-465.7,0,0,17:51:10
5.8,-5.14,90.6,525.5,-465.7,0,0,17:51:15
5.78,-5.12,90.6,523.7,-463.9,0,0,17:51:20
5.77,-5.11,90.6,522.8,-463,0,0,17:51:25
6.07,-5.38,90.6,549.9,-487.4,0,0,17:51:30
5.98,-5.31,90.6,541.8,-481.1,0,0,17:51:35
5.95,-5.28,90.7,539.7,-478.9,0,0,17:51:40
5.94,-5.28,90.7,538.8,-478.9,0,0,17:51:45
5.96,-5.29,90.6,540,-479.3,0,0,17:51:50
6.14,-5.45,90.6,556.3,-493.8,0,0,17:51:55
5.94,-5.27,90.7,538.8,-478,0,0,17:52:00
5.9,-5.24,90.7,535.1,-475.3,0,0,17:52:05
5.9,-5.23,90.7,535.1,-474.4,0,0,17:52:10
5.89,-5.22,90.7,534.2,-473.5,0,0,17:52:15
5.88,-5.21,90.6,532.7,-472,0,0,17:52:20
5.86,-5.18,90.6,530.9,-469.3,0,0,17:52:25
5.83,-5.17,90.7,528.8,-468.9,0,0,17:52:30
5.82,-5.15,90.7,527.9,-467.1,0,0,17:52:35
5.81,-5.14,90.6,526.4,-465.7,0,0,17:52:40
5.8,-5.13,90.6,525.5,-464.8,0,0,17:52:45
5.77,-5.11,90.7,523.3,-463.5,0,0,17:52:50
5.76,-5.1,90.7,522.4,-462.6,0,0,17:52:55
5.75,-5.09,90.6,521,-461.2,0,0,17:53:00
5.74,-5.08,90.7,520.6,-460.8,0,0,17:53:05
5.72,-5.06,90.7,518.8,-458.9,0,0,17:53:10
5.72,-5.05,90.6,518.2,-457.5,0,0,17:53:15
5.68,-5.03,90.7,515.2,-456.2,0,0,17:53:20
5.66,-5.01,90.7,513.4,-454.4,0,0,17:53:25
5.62,-4.97,90.7,509.7,-450.8,0,0,17:53:30
5.59,-4.94,90.7,507,-448.1,0,0,17:53:35
5.55,-4.9,90.7,503.4,-444.4,0,0,17:53:40
5.49,-4.84,90.6,497.4,-438.5,0,0,17:53:45
5.47,-4.83,90.6,495.6,-437.6,0,0,17:53:50
5.42,-4.79,90.7,491.6,-434.5,0,0,17:53:55
5.39,-4.75,90.6,488.3,-430.4,0,0,17:54:00
5.37,-4.74,90.7,487.1,-429.9,0,0,17:54:05
5.34,-4.7,90.6,483.8,-425.8,0,0,17:54:10
5.32,-4.69,90.6,482,-424.9,0,0,17:54:15
5.28,-4.65,90.6,478.4,-421.3,0,0,17:54:20
5.25,-4.63,90.6,475.7,-419.5,0,0,17:54:25
5.23,-4.61,90.6,473.8,-417.7,0,0,17:54:30
5.2,-4.57,90.6,471.1,-414,0,0,17:54:35
5.18,-4.56,90.6,469.3,-413.1,0,0,17:54:40
5.16,-4.54,90.6,467.5,-411.3,0,0,17:54:45
5.15,-4.53,90.6,466.6,-410.4,0,0,17:54:50
5.13,-4.51,90.6,464.8,-408.6,0,0,17:54:55
5.12,-4.51,90.6,463.9,-408.6,0,0,17:55:00
5.1,-4.49,90.6,462.1,-406.8,0,0,17:55:05
5.1,-4.48,90.6,462.1,-405.9,0,0,17:55:10
5.1,-4.49,90.6,462.1,-406.8,0,0,17:55:15
5.12,-4.52,90.6,463.9,-409.5,0,0,17:55:20
5.11,-4.49,90.6,463,-406.8,0,0,17:55:25
5.14,-4.53,90.6,465.7,-410.4,0,0,17:55:30
5.15,-4.53,90.6,466.6,-410.4,0,0,17:55:35
5.12,-4.51,90.6,463.9,-408.6,0,0,17:55:40
5.14,-4.53,90.6,465.7,-410.4,0,0,17:55:45
5.11,-4.51,90.6,463,-408.6,0,0,17:55:50
5.09,-4.48,90.6,461.2,-405.9,0,0,17:55:55
5.04,-4.42,90.6,456.6,-400.5,0,0,17:56:00
4.99,-4.39,90.6,452.1,-397.7,0,0,17:56:05
4.96,-4.35,90.6,449.4,-394.1,0,0,17:56:10
4.79,-4.2,90.6,434,-380.5,0,0,17:56:15
4.81,-4.21,90.6,435.8,-381.4,0,0,17:56:20
4.73,-4.15,90.6,428.5,-376,0,0,17:56:25
4.69,-4.1,90.6,424.9,-371.5,0,0,17:56:30
4.65,-4.07,90.6,421.3,-368.7,0,0,17:56:35
4.61,-4.03,90.6,417.7,-365.1,0,0,17:56:40
4.6,-4.01,90.6,416.8,-363.3,0,0,17:56:45
4.76,-4.18,90.6,431.3,-378.7,0,0,17:56:50
4.73,-4.14,90.6,428.5,-375.1,0,0,17:56:55
4.72,-4.13,90.6,427.6,-374.2,0,0,17:57:00
4.72,-4.13,90.6,427.6,-374.2,0,0,17:57:05
4.7,-4.12,90.6,425.8,-373.3,0,0,17:57:10
4.7,-4.12,90.6,425.8,-373.3,0,0,17:57:15
4.69,-4.11,90.6,424.9,-372.4,0,0,17:57:20
4.69,-4.1,90.6,424.9,-371.5,0,0,17:57:25
4.67,-4.08,90.6,423.1,-369.6,0,0,17:57:30
4.69,-4.1,90.6,424.9,-371.5,0,0,17:57:35
4.64,-4.06,90.6,420.4,-367.8,0,0,17:57:40
4.71,-4.12,90.6,426.7,-373.3,0,0,17:57:45
4.68,-4.09,90.6,424,-370.6,0,0,17:57:50
4.57,-4,90.6,414,-362.4,0,0,17:57:55
4.57,-3.99,90.6,414,-361.5,0,0,17:58:00
4.6,-4.02,90.6,416.8,-364.2,0,0,17:58:05
4.65,-4.07,90.6,421.3,-368.7,0,0,17:58:10
4.65,-4.07,90.6,421.3,-368.7,0,0,17:58:15
4.66,-4.08,90.6,422.2,-369.6,0,0,17:58:20
4.66,-4.08,90.6,422.2,-369.6,0,0,17:58:25
4.65,-4.07,90.6,421.3,-368.7,0,0,17:58:30
4.63,-4.06,90.6,419.5,-367.8,0,0,17:58:35
4.67,-4.08,90.6,423.1,-369.6,0,0,17:58:40
4.62,-4.05,90.6,418.6,-366.9,0,0,17:58:45
4.61,-4.03,90.6,417.7,-365.1,0,0,17:58:50
4.63,-4.05,90.6,419.5,-366.9,0,0,17:58:55
4.6,-4.02,90.6,416.8,-364.2,0,0,17:59:00
4.59,-4.01,90.6,415.9,-363.3,0,0,17:59:05
4.55,-3.98,90.6,412.2,-360.6,0,0,17:59:10
4.55,-3.97,90.6,412.2,-359.7,0,0,17:59:15
4.54,-3.97,90.6,411.3,-359.7,0,0,17:59:20
4.54,-3.95,90.6,411.3,-357.9,0,0,17:59:25
4.48,-3.91,90.6,405.9,-354.2,0,0,17:59:30
4.46,-3.89,90.6,404.1,-352.4,0,0,17:59:35
4.44,-3.87,90.7,402.7,-351,0,0,17:59:40
4.42,-3.85,90.6,400.5,-348.8,0,0,17:59:45
4.38,-3.82,90.6,396.8,-346.1,0,0,17:59:50
4.33,-3.77,90.6,392.3,-341.6,0,0,17:59:55
4.34,-3.78,90.6,393.2,-342.5,0,0,18:00:00
4.3,-3.74,90.6,389.6,-338.8,0,0,18:00:05
4.25,-3.7,90.6,385.1,-335.2,0,0,18:00:10
4.21,-3.65,90.6,381.4,-330.7,0,0,18:00:15
4.18,-3.63,90.6,378.7,-328.9,0,0,18:00:20
4.27,-3.71,90.6,386.9,-336.1,0,0,18:00:25
4.3,-3.74,90.6,389.6,-338.8,0,0,18:00:30
4.27,-3.71,90.6,386.9,-336.1,0,0,18:00:35
4.24,-3.68,90.6,384.1,-333.4,0,0,18:00:40
4.2,-3.65,90.6,380.5,-330.7,0,0,18:00:45
4.17,-3.62,90.6,377.8,-328,0,0,18:00:50
4.14,-3.59,90.6,375.1,-325.3,0,0,18:00:55
4.13,-3.58,90.6,374.2,-324.3,0,0,18:01:00
4.16,-3.62,90.6,376.9,-328,0,0,18:01:05
4.15,-3.59,90.6,376,-325.3,0,0,18:01:10
4.12,-3.58,90.6,373.3,-324.3,0,0,18:01:15
4.09,-3.55,90.6,370.6,-321.6,0,0,18:01:20
4.08,-3.53,90.6,369.6,-319.8,0,0,18:01:25
4.07,-3.53,90.6,368.7,-319.8,0,0,18:01:30
4.04,-3.5,90.6,366,-317.1,0,0,18:01:35
4.02,-3.48,90.6,364.2,-315.3,0,0,18:01:40
4,-3.47,90.6,362.4,-314.4,0,0,18:01:45
3.97,-3.43,90.6,359.7,-310.8,0,0,18:01:50
3.9,-3.36,90.6,353.3,-304.4,0,0,18:01:55
3.86,-3.34,90.6,349.7,-302.6,0,0,18:02:00
3.87,-3.34,90.6,350.6,-302.6,0,0,18:02:05
3.83,-3.31,90.6,347,-299.9,0,0,18:02:10
3.78,-3.24,90.6,342.5,-293.5,0,0,18:02:15
3.77,-3.24,90.6,341.6,-293.5,0,0,18:02:20
3.73,-3.21,90.6,337.9,-290.8,0,0,18:02:25
3.68,-3.18,90.6,333.4,-288.1,0,0,18:02:30
3.63,-3.11,90.6,328.9,-281.8,0,0,18:02:35
3.61,-3.1,90.6,327.1,-280.9,0,0,18:02:40
3.57,-3.06,90.6,323.4,-277.2,0,0,18:02:45
3.52,-3.02,90.6,318.9,-273.6,0,0,18:02:50
3.46,-2.97,90.6,313.5,-269.1,0,0,18:02:55
3.41,-2.91,90.5,308.6,-263.4,0,0,18:03:00
3.36,-2.87,90.6,304.4,-260,0,0,18:03:05
3.31,-2.82,90.5,299.6,-255.2,0,0,18:03:10
3.39,-2.89,90.6,307.1,-261.8,0,0,18:03:15
3.35,-2.86,90.5,303.2,-258.8,0,0,18:03:20
3.36,-2.87,90.5,304.1,-259.7,0,0,18:03:25
3.34,-2.85,90.5,302.3,-257.9,0,0,18:03:30
3.29,-2.8,90.5,297.7,-253.4,0,0,18:03:35
3.26,-2.77,90.5,295,-250.7,0,0,18:03:40
3.17,-2.7,90.5,286.9,-244.4,0,0,18:03:45
3.13,-2.65,90.4,283,-239.6,0,0,18:03:50
3.07,-2.59,90.4,277.5,-234.1,0,0,18:03:55
3.04,-2.57,90.5,275.1,-232.6,0,0,18:04:00
2.98,-2.52,90.4,269.4,-227.8,0,0,18:04:05
2.93,-2.46,90.4,264.9,-222.4,0,0,18:04:10
2.87,-2.41,90.4,259.4,-217.9,0,0,18:04:15
2.82,-2.36,90.4,254.9,-213.3,0,0,18:04:20
2.72,-2.27,90.4,245.9,-205.2,0,0,18:04:25
2.75,-2.29,90.4,248.6,-207,0,0,18:04:30
2.7,-2.26,90.4,244.1,-204.3,0,0,18:04:35
2.66,-2.22,90.4,240.5,-200.7,0,0,18:04:40
2.64,-2.2,90.4,238.7,-198.9,0,0,18:04:45
2.6,-2.16,90.4,235,-195.3,0,0,18:04:50
2.54,-2.12,90.4,229.6,-191.6,0,0,18:04:55
2.5,-2.07,90.4,226,-187.1,0,0,18:05:00
2.48,-2.06,90.4,224.2,-186.2,0,0,18:05:05
2.43,-2.01,90.4,219.7,-181.7,0,0,18:05:10
2.34,-1.92,90.4,211.5,-173.6,0,0,18:05:15
2.26,-1.85,90.4,204.3,-167.2,0,0,18:05:20
2.18,-1.77,90.3,196.9,-159.8,0,0,18:05:25
2.13,-1.73,90.4,192.6,-156.4,0,0,18:05:30
2.07,-1.67,90.3,186.9,-150.8,0,0,18:05:35
2.03,-1.64,90.3,183.3,-148.1,0,0,18:05:40
1.98,-1.59,90.3,178.8,-143.6,0,0,18:05:45
1.94,-1.56,90.3,175.2,-140.9,0,0,18:05:50
1.83,-1.46,90.3,165.2,-131.8,0,0,18:05:55
1.75,-1.38,90.3,158,-124.6,0,0,18:06:00
1.66,-1.3,90.3,149.9,-117.4,0,0,18:06:05
1.62,-1.26,90.3,146.3,-113.8,0,0,18:06:10
1.49,-1.14,90.3,134.5,-102.9,0,0,18:06:15
1.58,-1.23,90.3,142.7,-111.1,0,0,18:06:20
1.57,-1.21,90.3,141.8,-109.3,0,0,18:06:25
1.54,-1.18,90.3,139.1,-106.6,0,0,18:06:30
1.4,-1.05,90.3,126.4,-94.8,0,0,18:06:35
1.37,-1.03,90.3,123.7,-93,0,0,18:06:40
1.33,-0.99,90.3,120.1,-89.4,0,0,18:06:45
1.33,-0.98,90.2,120,-88.4,0,0,18:06:50
1.3,-0.96,90.3,117.4,-86.7,0,0,18:06:55
1.28,-0.96,90.3,115.6,-86.7,0,0,18:07:00
1.14,-0.82,90.3,102.9,-74,0,0,18:07:05
1.11,-0.79,90.2,100.1,-71.3,0,0,18:07:10
1.07,-0.77,90.2,96.5,-69.5,0,0,18:07:15
1.06,-0.74,90.2,95.6,-66.7,0,0,18:07:20
1.04,-0.73,90.2,93.8,-65.8,0,0,18:07:25
1.06,-0.74,90.1,95.5,-66.7,0,0,18:07:30
1.07,-0.75,90.2,96.5,-67.6,0,0,18:07:35
1.04,-0.73,90.1,93.7,-65.8,0,0,18:07:40
1.03,-0.73,90.2,92.9,-65.8,0,0,18:07:45
1.02,-0.7,90.1,91.9,-63.1,0,0,18:07:50
0.98,-0.67,90.1,88.3,-60.4,0,0,18:07:55
0.95,-0.65,90.1,85.6,-58.6,0,0,18:08:00
0.93,-0.63,90.1,83.8,-56.8,0,0,18:08:05
0.91,-0.61,90.1,82,-55,0,0,18:08:10
0.9,-0.59,90.1,81.1,-53.2,0,0,18:08:15
0.88,-0.59,90.1,79.3,-53.2,0,0,18:08:20
0.86,-0.56,90.1,77.5,-50.5,0,0,18:08:25
0.83,-0.53,90.1,74.8,-47.8,0,0,18:08:30
0.82,-0.52,90.1,73.9,-46.9,0,0,18:08:35
0.79,-0.5,90.1,71.2,-45.1,0,0,18:08:40
0.78,-0.48,90.1,70.3,-43.2,0,0,18:08:45
0.77,-0.48,90.1,69.4,-43.2,0,0,18:08:50
0.75,-0.46,90.1,67.6,-41.4,0,0,18:08:55
0.74,-0.45,90.1,66.7,-40.5,0,0,18:09:00
0.72,-0.43,90.1,64.9,-38.7,0,0,18:09:05
0.64,-0.37,90.1,57.7,-33.3,0,0,18:09:10
0.67,-0.39,90.1,60.4,-35.1,0,0,18:09:15
0.67,-0.39,90.1,60.4,-35.1,0,0,18:09:20
0.66,-0.38,90.1,59.5,-34.2,0,0,18:09:25
0.65,-0.38,90.1,58.6,-34.2,0,0,18:09:30
0.65,-0.36,90.1,58.6,-32.4,0,0,18:09:35
0.51,-0.24,90.1,46,-21.6,0,0,18:09:40
0.63,-0.34,90.1,56.8,-30.6,0,0,18:09:45
0.61,-0.33,90.1,55,-29.7,0,0,18:09:50
0.6,-0.32,90.1,54.1,-28.8,0,0,18:09:55
0.59,-0.3,90.1,53.2,-27,0,0,18:10:00
0.58,-0.31,90.1,52.3,-27.9,0,0,18:10:05
0.57,-0.3,90.1,51.4,-27,0,0,18:10:10
0.57,-0.29,90.1,51.4,-26.1,0,0,18:10:15
0.55,-0.27,90.1,49.6,-24.3,0,0,18:10:20
0.54,-0.27,90.1,48.7,-24.3,0,0,18:10:25
0.52,-0.25,90.1,46.9,-22.5,0,0,18:10:30
0.5,-0.23,90.1,45.1,-20.7,0,0,18:10:35
0.48,-0.21,90.1,43.2,-18.9,0,0,18:10:40
0.47,-0.2,90.1,42.3,-18,0,0,18:10:45
0.45,-0.18,90.1,40.5,-16.2,0,0,18:10:50
0.43,-0.17,90.1,38.7,-15.3,0,0,18:10:55
0.41,-0.16,90.1,36.9,-14.4,0,0,18:11:00
0.4,-0.14,90.1,36,-12.6,0,0,18:11:05
0.38,-0.11,90.1,34.2,-9.9,0,0,18:11:10
0.37,-0.1,90.1,33.3,-9,0,0,18:11:15
0.35,-0.09,90.1,31.5,-8.1,0,0,18:11:20
0.34,-0.08,90.1,30.6,-7.2,0,0,18:11:25
0.33,-0.07,90,29.7,-6.3,0,0,18:11:30
0.31,-0.06,90.1,27.9,-5.4,0,0,18:11:35
0.3,-0.04,90,27,-3.6,0,0,18:11:40
0.3,-0.04,90,27,-3.6,0,0,18:11:45
0.29,-0.04,90.1,26.1,-3.6,0,0,18:11:50
0.28,-0.04,90,25.2,-3.6,0,0,18:11:55
0.29,-0.03,90.1,26.1,-2.7,0,0,18:12:00
0.28,-0.03,90.1,25.2,-2.7,0,0,18:12:05
0.27,-0.02,90,24.3,-1.8,0,0,18:12:10
0.27,-0.03,90.1,24.3,-2.7,0,0,18:12:15
0.27,-0.03,90,24.3,-2.7,0,0,18:12:20
0.27,-0.03,90,24.3,-2.7,0,0,18:12:25
0.27,-0.02,90,24.3,-1.8,0,0,18:12:30
0.26,-0.02,90.1,23.4,-1.8,0,0,18:12:35
0.27,-0.03,90,24.3,-2.7,0,0,18:12:40
0.26,-0.02,90,23.4,-1.8,0,0,18:12:45
0.27,-0.02,90.1,24.3,-1.8,0,0,18:12:50
0.25,-0.02,90,22.5,-1.8,0,0,18:12:55
0.25,-0.01,90.1,22.5,-0.9,0,0,18:13:00
0.24,-0.01,90,21.6,-0.9,0,0,18:13:05
0.24,0,90,21.6,0,0,0,18:13:10
0.24,0,90,21.6,0,0,0,18:13:15
0.23,0,90,20.7,0,0,0,18:13:20
0.23,0,90,20.7,0,0,0,18:13:25
0.22,0,90,19.8,0,0,0,18:13:30
0.22,0,90,19.8,0,0,0,18:13:35
0.23,0,90.1,20.7,0,0,0,18:13:40
0.23,0,90,20.7,0,0,0,18:13:45
0.22,0.01,90,19.8,0.9,0,0,18:13:50
0.22,0.01,90,19.8,0.9,0,0,18:13:55
0.21,0.01,90,18.9,0.9,0,0,18:14:00
0.21,0.01,90,18.9,0.9,0,0,18:14:05
0.2,0.02,90,18,1.8,0,0,18:14:10
0.2,0.02,90,18,1.8,0,0,18:14:15
0.2,0.02,90,18,1.8,0,0,18:14:20
0.19,0.02,90,17.1,1.8,0,0,18:14:25
0.19,0.02,90,17.1,1.8,0,0,18:14:30
0.19,0.03,90,17.1,2.7,0,0,18:14:35
0.18,0.03,90,16.2,2.7,0,0,18:14:40
0.17,0.04,90,15.3,3.6,0,0,18:14:45
0,0.2,84.5,0,16.9,0,0,18:14:50
0,0.2,77.3,0,15.5,0,0,18:14:55
0,0.2,69.9,0,14,0,0,18:15:00
0,0.2,62.1,0,12.4,0,0,18:15:05
0,0.2,53.9,0,10.8,0,0,18:15:10
0,0.2,46.3,0,9.3,0,0,18:15:15
0,0.2,42.6,0,8.5,0,0,18:15:20
0,0.2,39.8,0,8,0,0,18:15:25
0,0.2,37.2,0,7.4,0,0,18:15:30
0,0.2,34.8,0,7,0,0,18:15:35
0,0.2,32.6,0,6.5,0,0,18:15:40
0,0.2,30.7,0,6.1,0,0,18:15:45
0,0.2,28.9,0,5.8,0,0,18:15:50
0,0.2,27.3,0,5.5,0,0,18:15:55
0,0.2,25.9,0,5.2,0,0,18:16:00
0,0.2,24.6,0,4.9,0,0,18:16:05
0,0.2,23.4,0,4.7,0,0,18:16:10
0,0.2,22.4,0,4.5,0,0,18:16:15
0,0.2,21.3,0,4.3,0,0,18:16:20
0,0.2,20.5,0,4.1,0,0,18:16:25
0,0.2,0,0,0,0,0,18:16:30
0,0.2,0,0,0,0,0,18:16:35
0,0.2,0,0,0,0,0,18:16:40
0,0.2,0,0,0,0,0,18:16:45
0,0.2,0,0,0,0,0,18:16:50
0,0.2,0,0,0,0,0,18:16:55
0,0.2,0,0,0,0,0,18:17:00
0,0.2,0,0,0,0,0,18:17:05
0,0.2,0,0,0,0,0,18:17:10
0,0.19,0,0,0,0,0,18:17:15
0,0.2,0,0,0,0,0,18:17:20
0,0.2,0,0,0,0,0,18:17:25
0,0.2,0,0,0,0,0,18:17:30
0,0.2,0,0,0,0,0,18:17:35
