===== xelatex pass 1 =====
This is XeTeX, Version 3.141592653-2.6-0.999997 (MiKTeX 25.12) (preloaded format=xelatex.fmt)
 restricted \write18 enabled.
entering extended mode

(C:/Users/user/OneDrive - 和歌山大学/ソーラー/エネマネ/solar_ws0129-main/docs/program_refere
nce_complete_20260729/tex/10_scripts_solar_sim_py.tex
LaTeX2e <2025-11-01>
L3 programming layer <2025-12-24>
(C:\Users\user\AppData\Local\Programs\MiKTeX\tex/latex/base\article.cls
Document Class: article 2025/01/22 v1.4n Standard LaTeX document class
(C:\Users\user\AppData\Local\Programs\MiKTeX\tex/latex/base\size11.clo))
(C:\Users\user\AppData\Local\Programs\MiKTeX\tex/latex/geometry\geometry.sty
(C:\Users\user\AppData\Local\Programs\MiKTeX\tex/latex/graphics\keyval.sty)
(C:\Users\user\AppData\Local\Programs\MiKTeX\tex/generic/iftex\ifvtex.sty
(C:\Users\user\AppData\Local\Programs\MiKTeX\tex/generic/iftex\iftex.sty))
(C:\Users\user\AppData\Local\Programs\MiKTeX\tex/latex/geometry\geometry.cfg))
(C:\Users\user\AppData\Local\Programs\MiKTeX\tex/latex/fontspec\fontspec.sty
(C:\Users\user\AppData\Local\Programs\MiKTeX\tex/latex/l3packages/xparse\xparse
.sty (C:\Users\user\AppData\Local\Programs\MiKTeX\tex/latex/l3kernel\expl3.sty
(C:\Users\user\AppData\Local\Programs\MiKTeX\tex/latex/l3backend\l3backend-xete
x.def)))
(C:\Users\user\AppData\Local\Programs\MiKTeX\tex/latex/fontspec\fontspec-xetex.
sty (C:\Users\user\AppData\Local\Programs\MiKTeX\tex/latex/base\fontenc.sty)
(C:\Users\user\AppData\Local\Programs\MiKTeX\tex/latex/fontspec\fontspec.cfg)))
(C:\Users\user\AppData\Local\Programs\MiKTeX\tex/xelatex/xecjk\xeCJK.sty
(C:\Users\user\AppData\Local\Programs\MiKTeX\tex/latex/ctex\ctexhook.sty)
(C:\Users\user\AppData\Local\Programs\MiKTeX\tex/latex/l3packages/xtemplate\xte
mplate.sty)
(C:\Users\user\AppData\Local\Programs\MiKTeX\tex/xelatex/xecjk\xeCJK.cfg))
(C:\Users\user\AppData\Local\Programs\MiKTeX\tex/latex/booktabs\booktabs.sty)
(C:\Users\user\AppData\Local\Programs\MiKTeX\tex/latex/tools\longtable.sty)
(C:\Users\user\AppData\Local\Programs\MiKTeX\tex/latex/tools\tabularx.sty
(C:\Users\user\AppData\Local\Programs\MiKTeX\tex/latex/tools\array.sty))
(C:\Users\user\AppData\Local\Programs\MiKTeX\tex/latex/enumitem\enumitem.sty)
(C:\Users\user\AppData\Local\Programs\MiKTeX\tex/latex/hyperref\hyperref.sty
(C:\Users\user\AppData\Local\Programs\MiKTeX\tex/latex/kvsetkeys\kvsetkeys.sty)

(C:\Users\user\AppData\Local\Programs\MiKTeX\tex/generic/kvdefinekeys\kvdefinek
eys.sty)
(C:\Users\user\AppData\Local\Programs\MiKTeX\tex/generic/pdfescape\pdfescape.st
y (C:\Users\user\AppData\Local\Programs\MiKTeX\tex/generic/ltxcmds\ltxcmds.sty)

(C:\Users\user\AppData\Local\Programs\MiKTeX\tex/generic/pdftexcmds\pdftexcmds.
sty
(C:\Users\user\AppData\Local\Programs\MiKTeX\tex/generic/infwarerr\infwarerr.st
y))) (C:\Users\user\AppData\Local\Programs\MiKTeX\tex/latex/hycolor\hycolor.sty
) (C:\Users\user\AppData\Local\Programs\MiKTeX\tex/latex/hyperref\nameref.sty
(C:\Users\user\AppData\Local\Programs\MiKTeX\tex/latex/refcount\refcount.sty)
(C:\Users\user\AppData\Local\Programs\MiKTeX\tex/generic/gettitlestring\gettitl
estring.sty
(C:\Users\user\AppData\Local\Programs\MiKTeX\tex/latex/kvoptions\kvoptions.sty)
)) (C:\Users\user\AppData\Local\Programs\MiKTeX\tex/latex/etoolbox\etoolbox.sty
)
(C:\Users\user\AppData\Local\Programs\MiKTeX\tex/generic/stringenc\stringenc.st
y) (C:\Users\user\AppData\Local\Programs\MiKTeX\tex/latex/hyperref\pd1enc.def)
(C:\Users\user\AppData\Local\Programs\MiKTeX\tex/generic/intcalc\intcalc.sty)
(C:\Users\user\AppData\Local\Programs\MiKTeX\tex/latex/hyperref\puenc.def)
(C:\Users\user\AppData\Local\Programs\MiKTeX\tex/latex/url\url.sty)
(C:\Users\user\AppData\Local\Programs\MiKTeX\tex/generic/bitset\bitset.sty
(C:\Users\user\AppData\Local\Programs\MiKTeX\tex/generic/bigintcalc\bigintcalc.
sty)))
(C:\Users\user\AppData\Local\Programs\MiKTeX\tex/latex/hyperref\hxetex.def
(C:\Users\user\AppData\Local\Programs\MiKTeX\tex/latex/rerunfilecheck\rerunfile
check.sty
(C:\Users\user\AppData\Local\Programs\MiKTeX\tex/generic/uniquecounter\uniqueco
unter.sty)))
(C:\Users\user\AppData\Local\Programs\MiKTeX\tex/latex/listings\listings.sty
(C:\Users\user\AppData\Local\Programs\MiKTeX\tex/latex/listings\lstpatch.sty)
(C:\Users\user\AppData\Local\Programs\MiKTeX\tex/latex/listings\lstmisc.sty)
(C:\Users\user\AppData\Local\Programs\MiKTeX\tex/latex/listings\listings.cfg))
(C:\Users\user\AppData\Local\Programs\MiKTeX\tex/xelatex/xecjk\xeCJK-listings.s
ty)
==> First Aid for listings.sty no longer applied!
    Expected:
        2024/09/23 1.10c (Carsten Heinz)
    but found:
        2025/11/14 1.11b (Carsten Heinz)
    so I'm assuming it got fixed.
(C:\Users\user\AppData\Local\Programs\MiKTeX\tex/latex/xcolor\xcolor.sty
(C:\Users\user\AppData\Local\Programs\MiKTeX\tex/latex/graphics-cfg\color.cfg)
(C:\Users\user\AppData\Local\Programs\MiKTeX\tex/latex/graphics-def\xetex.def)
(C:\Users\user\AppData\Local\Programs\MiKTeX\tex/latex/graphics\mathcolor.ltx))
 (C:\Users\user\AppData\Local\Programs\MiKTeX\tex/latex/amsmath\amsmath.sty
For additional information on amsmath, use the `?' option.
(C:\Users\user\AppData\Local\Programs\MiKTeX\tex/latex/amsmath\amstext.sty
(C:\Users\user\AppData\Local\Programs\MiKTeX\tex/latex/amsmath\amsgen.sty))
(C:\Users\user\AppData\Local\Programs\MiKTeX\tex/latex/amsmath\amsbsy.sty)
(C:\Users\user\AppData\Local\Programs\MiKTeX\tex/latex/amsmath\amsopn.sty))
(C:\Users\user\AppData\Local\Programs\MiKTeX\tex/latex/amsfonts\amssymb.sty
(C:\Users\user\AppData\Local\Programs\MiKTeX\tex/latex/amsfonts\amsfonts.sty))
(C:\Users\user\OneDrive - 和歌山大学\ソーラー\エネマネ\solar_ws0129-main\docs\program_refere
nce_complete_20260729\build\10_scripts_solar_sim_py\10_scripts_solar_sim_py.aux
)
*geometry* driver: auto-detecting
*geometry* detected driver: xetex

(C:\Users\user\OneDrive - 和歌山大学\ソーラー\エネマネ\solar_ws0129-main\docs\program_refere
nce_complete_20260729\build\10_scripts_solar_sim_py\10_scripts_solar_sim_py.out
)
(C:\Users\user\OneDrive - 和歌山大学\ソーラー\エネマネ\solar_ws0129-main\docs\program_refere
nce_complete_20260729\build\10_scripts_solar_sim_py\10_scripts_solar_sim_py.out
) (C:\Users\user\AppData\Local\Programs\MiKTeX\tex/latex/amsfonts\umsa.fd)
(C:\Users\user\AppData\Local\Programs\MiKTeX\tex/latex/amsfonts\umsb.fd)
(C:\Users\user\OneDrive - 和歌山大学\ソーラー\エネマネ\solar_ws0129-main\docs\program_refere
nce_complete_20260729\build\10_scripts_solar_sim_py\10_scripts_solar_sim_py.toc
[1] [2] [3]) [4] [5]
(C:\Users\user\AppData\Local\Programs\MiKTeX\tex/latex/listings\lstlang1.sty)
Overfull \hbox (42.79407pt too wide) in paragraph at lines 130--131
\TU/YuGothic(0)/m/n/10.95 主 要 ク ラ ス は \TU/TimesNewRoman(0)/m/n/10.95 DetailCsvS
tream\TU/YuGothic(0)/m/n/10.95 。|  主 要 関 数 は \TU/TimesNewRoman(0)/m/n/10.95 loa
d_yaml, sim_log, select_optimized_vector, limit_step_duration_to_distance,

Underfull \hbox (badness 10000) in paragraph at lines 130--131
\TU/TimesNewRoman(0)/m/n/10.95 terminal_soc_predictions, advance_rate_limiter_t
o_distance_boundary, snap_execution_stop_speed_kmh,

Underfull \hbox (badness 10000) in paragraph at lines 140--140
[]|$[][][][][][] [] [][][][][][][][][] []

Underfull \hbox (badness 10000) in paragraph at lines 141--141
[]|$[][][][][] [] [][][][] [] [][][][][][][][] []

Underfull \hbox (badness 10000) in paragraph at lines 142--142
[]|$[][][][][][][][] [] [][][] []

Underfull \hbox (badness 10000) in paragraph at lines 143--143
[]|$[][][][][][][] [] [][][][] [] [][][][][][][] []

Underfull \hbox (badness 10000) in paragraph at lines 144--144
[]|$[][][][] [] [][][][][][][][][] [] [][][][] []

Underfull \hbox (badness 10000) in paragraph at lines 145--145
[]|$[][][][][][] [] [][][][][][][][][][][] []

Underfull \hbox (badness 10000) in paragraph at lines 146--146
[]|$[][][][][][] [] [][][][][][][][][][] []

Underfull \hbox (badness 10000) in paragraph at lines 146--146
[][][][][][][][][][][] [] [][][][] []

Underfull \hbox (badness 10000) in paragraph at lines 148--148
[]|$[][][] [] [][][][][][][][][] []

Underfull \hbox (badness 10000) in paragraph at lines 152--152
[]|$[][][][][][][][] [] [][][][][][][][] []

Underfull \hbox (badness 10000) in paragraph at lines 153--153
[]|$[][][][] [] [][][][][][][][] []

Underfull \hbox (badness 10000) in paragraph at lines 154--154
[]|$[][][][][] [] [][][][][][][][] []

Underfull \hbox (badness 10000) in paragraph at lines 155--155
[]|$[][][][][] [] [][][][][][][][] [] [][][][] []

Underfull \hbox (badness 10000) in paragraph at lines 157--157
[]|$[][][][] [] [][][][][][][][] []

Underfull \hbox (badness 10000) in paragraph at lines 169--169
[]|$[][][][][] [] [][][][][][][] [] [][][] [] [][] []

Underfull \hbox (badness 10000) in paragraph at lines 170--170
[]|$[][][][][] [] [][][][][][][] []

Underfull \hbox (badness 10000) in paragraph at lines 172--172
[]|$[][][][][][][][] [] [][][][][] []

Underfull \hbox (badness 10000) in paragraph at lines 180--180
[]|$[][][][][][][] [] [][][][][][] [] [][][] []

Underfull \hbox (badness 10000) in paragraph at lines 182--182
[]|$[][][][][] [] [][][][][][][][][][] []

Underfull \hbox (badness 10000) in paragraph at lines 183--184
[]|\TU/TimesNewRoman(0)/m/n/10.95 args: model, data, z0, Tb0, s0_km,

Underfull \hbox (badness 10000) in paragraph at lines 183--184
\TU/TimesNewRoman(0)/m/n/10.95 v0_kmh, v_max_kmh, term_soc_min,

Underfull \hbox (badness 10000) in paragraph at lines 183--184
\TU/TimesNewRoman(0)/m/n/10.95 w_dv, w_dv_limit, dv_max_kmhps,

Underfull \hbox (badness 10000) in paragraph at lines 183--184
\TU/TimesNewRoman(0)/m/n/10.95 w_T, w_speed_limit, w_current,

Underfull \hbox (badness 10000) in paragraph at lines 183--184
\TU/TimesNewRoman(0)/m/n/10.95 speed_profile, soc_target, soc_band,

Underfull \hbox (badness 10000) in paragraph at lines 183--184
\TU/TimesNewRoman(0)/m/n/10.95 w_soc_target, w_soc_band, schedule,

Underfull \hbox (badness 10000) in paragraph at lines 183--184
\TU/TimesNewRoman(0)/m/n/10.95 soc_day_end_max, w_soc_day_max,

Underfull \hbox (badness 10000) in paragraph at lines 183--184
\TU/TimesNewRoman(0)/m/n/10.95 soc_finish_target, soc_finish_tol,

Underfull \hbox (badness 3058) in paragraph at lines 183--184
\TU/TimesNewRoman(0)/m/n/10.95 w_soc_progress, w_soc_terminal, race_km,

Underfull \hbox (badness 10000) in paragraph at lines 183--184
\TU/TimesNewRoman(0)/m/n/10.95 soc_day_end_target, soc_day_end_tol,

Underfull \hbox (badness 3872) in paragraph at lines 186--187
[]|\TU/TimesNewRoman(0)/m/n/10.95 args: model, v_kmh, z, Tb, s_km, d0,

Underfull \hbox (badness 3872) in paragraph at lines 188--189
[]|\TU/TimesNewRoman(0)/m/n/10.95 args: model, v_kmh, z, Tb, s_km, d0,

Underfull \hbox (badness 10000) in paragraph at lines 191--191
[]|$[][][][][][][][][][][] [] [][][][] []

Underfull \hbox (badness 10000) in paragraph at lines 193--193
[]|$[][][][][][][][][] [] [][][][][] [] [][][][] []

Underfull \hbox (badness 10000) in paragraph at lines 194--194
[]|$[][][][][][][][][] [] [][][][][] [] [][] []

Underfull \hbox (badness 10000) in paragraph at lines 195--195
[]|$[][][][][][][][][] [] [][][][][][][][] []
ignored error: Infinite glue shrinkage found in box being split [6]
ignored error: Infinite glue shrinkage found in box being split [7]
Underfull \hbox (badness 10000) in paragraph at lines 207--208
[]|\TU/TimesNewRoman(0)/m/n/10.95 (’OPENBLAS_NUM_THREADS’, ’OMP_NUM_THREADS’, ’
MKL_NUM_THREADS’,
ignored error: Infinite glue shrinkage found in box being split [8]
Underfull \hbox (badness 10000) in paragraph at lines 270--270
[]|$[][][][][][][][][][][][][][][][][][][][][][][][][][] [][]

Underfull \hbox (badness 10000) in paragraph at lines 274--274
[]|$[][][][][][][] [] [][][][][][][][] []

Underfull \hbox (badness 10000) in paragraph at lines 274--274
[][][][][][][][][][][][][][][][][][][][][][][][] [][]

Underfull \hbox (badness 10000) in paragraph at lines 275--275
[]|$[][][][][][][] [] [][][][][][][][] [] [][][][][] []

Underfull \hbox (badness 10000) in paragraph at lines 275--275
[][][][][][][][][][][][][][][][][][] [] [][][][][][][] [][]

Underfull \hbox (badness 10000) in paragraph at lines 276--276
[]|$[][][][][][][] [] [][][][][][][][] [] [][][][][][][][] []

Underfull \hbox (badness 10000) in paragraph at lines 277--277
[]|$[][][][][][][] [] [][][][][][][][] [] [][][][][][] []

Overfull \hbox (1.43753pt too wide) in paragraph at lines 277--277
[][][][][][][][][][][][][][][][][][][][][][][][][][][][]$| 

Underfull \hbox (badness 10000) in paragraph at lines 278--278
[]|$[][][][][][][] [] [][][][][][][][] [] [][][][][] []

Underfull \hbox (badness 10000) in paragraph at lines 278--278
[][][][][][][][][][][][][][][][] [] [][][][] [][] [][][] []

Underfull \hbox (badness 10000) in paragraph at lines 278--278
[][][][][][][] [][] [][][][] [] [][][][][][][][][][][][][] []

Underfull \hbox (badness 10000) in paragraph at lines 279--279
[]|$[][][][][][][] [] [][][][][][][][] [] [][][][][] []

Underfull \hbox (badness 10000) in paragraph at lines 279--279
[][][][][][][][][][][][][][][][] [] [][][][][] []

Underfull \hbox (badness 10000) in paragraph at lines 279--279
[][][][] [] [][][][][] [][] [][][][] [] [][][][][] [] [][][][] []

Underfull \hbox (badness 10000) in paragraph at lines 279--279
[][][][][][] [][] [][][][] [] [][][][][][][] [][] [][][][][] []

Underfull \hbox (badness 10000) in paragraph at lines 279--279
[][][][][] [] [][][][] [][] [][][][][] [] [][][][][][][][] []

Underfull \hbox (badness 10000) in paragraph at lines 280--280
[]|$[][][][][][][] [] [][][][][][][][] [] [][][][][] []

Underfull \hbox (badness 10000) in paragraph at lines 280--280
[][][][][][][][][][][][][][][][][][] [] [][][][][] []

Underfull \hbox (badness 10000) in paragraph at lines 280--280
[][][][][][][][] [] [][][][][][][] [][] [][][][] []

Underfull \hbox (badness 10000) in paragraph at lines 280--281
[]|\TU/YuGothic(0)/m/n/10.95 上 位 \TU/TimesNewRoman(0)/m/n/10.95 MPC \TU/YuGothi
c(0)/m/n/10.95 距 離 メ ッ シ ュ 生 成 か ら

Underfull \hbox (badness 10000) in paragraph at lines 280--281
\TU/TimesNewRoman(0)/m/n/10.95 build_upper_distance_horizon, plan_segment_index


Underfull \hbox (badness 10000) in paragraph at lines 281--281
[]|$[][][][][][][] [] [][][][][][][][] [] [][][][][] []

Underfull \hbox (badness 10000) in paragraph at lines 281--281
[][][][][][][][][][][][][][][][][][][][] []

Underfull \hbox (badness 10000) in paragraph at lines 281--281
[][][][][][][] [] [][][][][][][][][] [][] [][][][][] []

Underfull \hbox (badness 3417) in paragraph at lines 281--282
[]|\TU/YuGothic(0)/m/n/10.95 上 位 速 度 計 画 の 補 間 と \TU/TimesNewRoman(0)/m/n/10.95
 warm start \TU/YuGothic(0)/m/n/10.95 か ら \TU/TimesNewRoman(0)/m/n/10.95 ab-

Underfull \hbox (badness 10000) in paragraph at lines 282--282
[]|$[][][][][][][] [] [][][][][][][][] [] [][][][][] []

Underfull \hbox (badness 10000) in paragraph at lines 282--282
[][][][][][][][][][][][][][][][][][] [] [][][][][][][] []

Underfull \hbox (badness 10000) in paragraph at lines 283--283
[]|$[][][][][][][][][] []
ignored error: Infinite glue shrinkage found in box being split [9]
ignored error: Infinite glue shrinkage found in box being split [10] [11]

LaTeX Font Warning: Font shape `TU/YuGothic(0)/m/it' undefined
(Font)              using `TU/YuGothic(0)/m/n' instead on input line 305.

[12] [13] [14] [15] [16] [17] [18] [19] [20]
Underfull \hbox (badness 10000) in paragraph at lines 787--788
[]\TU/YuGothic(0)/m/n/10.95 定 義\TU/TimesNewRoman(0)/m/n/10.95 : $[][][][][] [] 
[][][][] [] [][][][][][][][] [] [][] [] [][][][][][][][][][][][][] [] [][][] []
 [][][][][] [][] [][][][][] [] [][][] [] [][][][][] [][] [][] [] [][] []
[21] [22]
Underfull \hbox (badness 10000) in paragraph at lines 887--888
[]\TU/YuGothic(0)/m/n/10.95 定 義\TU/TimesNewRoman(0)/m/n/10.95 : $[][][][][][][]
 [] [][][][] [] [][][][][][][] [] [][] [] [][][][][][][][] [] [][][][][][][][][
][][][][][][][] [][] [][][][][][] [] [][][] [] [][][][][] [][] [] [][]

Underfull \hbox (badness 10000) in paragraph at lines 887--888
[][][][][] [] [][][][] [] [][][] [] [][][][][] [][] [][][][] [] [][][] [] [][][
][][] [][] [][] [] [][] [] [][][][][] [][] [][][][][][][][] [] [][][][][] [] []
[] [] [][][][][] [] [][][][] []
[23] [24]
Underfull \hbox (badness 10000) in paragraph at lines 967--968
[]\TU/YuGothic(0)/m/n/10.95 定 義\TU/TimesNewRoman(0)/m/n/10.95 : $[][][][] [] []
[][][][][][][][] [] [][][][] [] [][][][][] [] [][][][][][][][][] [] [][][] [] [
][][][][] [][] [][][][][][] [] [][][] [] [][][][][] [][] [] [][] [][][][] []
[25]
Underfull \hbox (badness 1024) in paragraph at lines 1013--1014
[]\TU/YuGothic(0)/m/n/10.95 定 義\TU/TimesNewRoman(0)/m/n/10.95 : $[][][][][][] [
] [][][][][][][][][][][] [] [][][][] [] [][][][][][][][][][][][][][][][][][] []
 [][][][] [] [][][] [] [][][][][] [][] [][][][][][][] [] [][][][] [] [][][] []
[26]
Underfull \hbox (badness 10000) in paragraph at lines 1045--1046
[]\TU/YuGothic(0)/m/n/10.95 定 義\TU/TimesNewRoman(0)/m/n/10.95 : $[][][][][][] [
] [][][][][][][][][][] [] [][][][][][][][][][][] [] [][][][] [] [][][][][][][][
][][][][][][][][][][] [] [][][][] [] [][][] [] [][][][][] [][]
[27]
Underfull \hbox (badness 10000) in paragraph at lines 1084--1085
[]\TU/YuGothic(0)/m/n/10.95 定 義\TU/TimesNewRoman(0)/m/n/10.95 : $[][][][][] [] 
[][][][][] [] [][][][][][][][][][][][][][][] [] [][][] [] [][][] [][] [][][][][
][][][][][] [] [][][][] [][] [][][] [] [][][][][] [] [][][][] [] [][] [][]
[28]
Overfull \hbox (19.08997pt too wide) in paragraph at lines 1118--1119
[]\TU/TimesNewRoman(0)/m/n/10.95 snapshot_id \TU/YuGothic(0)/m/n/10.95 に \TU/Ti
mesNewRoman(0)/m/n/10.95 hashlib.sha256(json.dumps(canonical, sort_keys=True, e
nsure_ascii=False, default=str).encode(’utf-
[29]
Underfull \hbox (badness 2726) in paragraph at lines 1193--1194
[]\TU/TimesNewRoman(0)/m/n/10.95 inside \TU/YuGothic(0)/m/n/10.95 に \TU/TimesNe
wRoman(0)/m/n/10.95 subprocess.run([’git’, ’rev-parse’, ’–is-inside-work-tree’]
, cwd=root_dir, capture_output=True,
[30]
Underfull \hbox (badness 6641) in paragraph at lines 1200--1201
[]\TU/TimesNewRoman(0)/m/n/10.95 head \TU/YuGothic(0)/m/n/10.95 に \TU/TimesNewR
oman(0)/m/n/10.95 subprocess.run([’git’, ’rev-parse’, ’HEAD’], cwd=root_dir, ca
pture_output=True, text=True,
[31] [32] [33] [34] [35] [36]
Overfull \hbox (70.79263pt too wide) in paragraph at lines 1470--1471
[]\TU/TimesNewRoman(0)/m/n/10.95 df \TU/YuGothic(0)/m/n/10.95 に \TU/TimesNewRom
an(0)/m/n/10.95 df.loc[df[’time’].notna()].sort_values(sort_cols).drop_duplicat
es(subset=dedup_cols, keep=’last’).reset_index(drop=True)

Underfull \hbox (badness 4229) in paragraph at lines 1506--1507
[]\TU/YuGothic(0)/m/n/10.95 定 義\TU/TimesNewRoman(0)/m/n/10.95 : $[][][][][] [] 
[][][][][][][][] [] [][][][][][][][][][][][][][][][][][] [] [][] [] [][][][][][
][][][] [][] [][][][][][][][] [] [][] [] [][][][][][][][][] [] [][] [][] [][] [
]
[37] [38]
Overfull \hbox (22.32399pt too wide) in paragraph at lines 1585--1586
[]\TU/TimesNewRoman(0)/m/n/10.95 (’GHI’, ’DNI’, ’DHI’, ’POA_drive’, ’POA_stop_i
deal’, ’Tamb_C’, ’Tcell_C’, ’Tcell_drive_C’, ’Tcell_stop_ideal_C’,
[39]
Overfull \hbox (92.47313pt too wide) in paragraph at lines 1588--1589
[]\TU/TimesNewRoman(0)/m/n/10.95 pivot \TU/YuGothic(0)/m/n/10.95 に \TU/TimesNew
Roman(0)/m/n/10.95 work.pivot(index=’time’, columns=dist_col, values=col).reind
ex(index=time_index, columns=s_grid).apply(pd.to_numeric,

Overfull \hbox (129.9044pt too wide) in paragraph at lines 1588--1589
\TU/TimesNewRoman(0)/m/n/10.95 errors=’coerce’).interpolate(axis=0, limit_direc
tion=’both’).interpolate(axis=1, limit_direction=’both’).ffill().bfill().ffill(
axis=1).bfill(axis=1)
[40]
Underfull \hbox (badness 10000) in paragraph at lines 1638--1639
[]\TU/YuGothic(0)/m/n/10.95 定 義\TU/TimesNewRoman(0)/m/n/10.95 : $[][][][][][] [
] [][][][][][][][] [] [][][][][][][][][][][][] [] [][][][] [] [][][][] [][] [][
][] [] [][][] [][] [] [] [][][] [] [][][][][][][][] [][] [] [] [][] [] [][][][]
[] []
[41] [42] [43] [44] [45] [46] [47] [48] [49] [50] [51] [52] [53] [54]
Underfull \hbox (badness 10000) in paragraph at lines 2290--2291
[]\TU/YuGothic(0)/m/n/10.95 定 義\TU/TimesNewRoman(0)/m/n/10.95 : $[][][][][] [] 
[][][][][][][] [] [][][] [] [][] [] [][][][][][][][][][][][] [] [][][][] [][] [
][][][][][][] [] [][][] [][] [][][][] [][] [] [][] [][][][][] [] [][][][][][] [
]

Underfull \hbox (badness 3977) in paragraph at lines 2294--2295
\TU/TimesNewRoman(0)/m/n/10.95 latest_manifest_json, live_cfg, logging_cfg, mpc
_cfg, output_dir, output_prefix, output_tag, plan_csv,
[55]
Underfull \hbox (badness 2556) in paragraph at lines 2319--2320
[]\TU/TimesNewRoman(0)/m/n/10.95 args.progress_reference_csv \TU/YuGothic(0)/m/
n/10.95 に \TU/TimesNewRoman(0)/m/n/10.95 get_path(profile_cfg, profile_path, ’p
rogress_reference_csv’, getattr(args,

Overfull \hbox (19.05786pt too wide) in paragraph at lines 2323--2324
[]\TU/TimesNewRoman(0)/m/n/10.95 args.drive_schedule_yaml \TU/YuGothic(0)/m/n/1
0.95 に \TU/TimesNewRoman(0)/m/n/10.95 get_path(profile_cfg, profile_path, ’driv
e_schedule_yaml’, args.drive_schedule_yaml)
[56]
Underfull \hbox (badness 4353) in paragraph at lines 2334--2335
[]\TU/TimesNewRoman(0)/m/n/10.95 args.forecast_time_mode \TU/YuGothic(0)/m/n/10
.95 に \TU/TimesNewRoman(0)/m/n/10.95 str(sim_cfg.get(’forecast_time_mode’, runt
ime_cfg.get(’forecast_time_mode’,

Overfull \hbox (27.41757pt too wide) in paragraph at lines 2348--2349
[]\TU/TimesNewRoman(0)/m/n/10.95 args.stop_tilt_fraction \TU/YuGothic(0)/m/n/10
.95 に \TU/TimesNewRoman(0)/m/n/10.95 float(np.clip(get_section(profile_cfg, ’mp
c’).get(’stop_tilt_fraction’, args.stop_tilt_fraction),

Overfull \hbox (107.59636pt too wide) in paragraph at lines 2357--2358
[]\TU/TimesNewRoman(0)/m/n/10.95 args.exec_tau_sec \TU/YuGothic(0)/m/n/10.95 に 
\TU/TimesNewRoman(0)/m/n/10.95 float(exec_cfg.get(’tau_sec’, command_bridge_cfg
.get(’filter_tau_sec’, mpc_cfg.get(’speed_meas_filter_tau_sec’,

Overfull \hbox (45.03236pt too wide) in paragraph at lines 2358--2359
[]\TU/TimesNewRoman(0)/m/n/10.95 args.exec_accel_limit_kmhps \TU/YuGothic(0)/m/
n/10.95 に \TU/TimesNewRoman(0)/m/n/10.95 float(exec_cfg.get(’accel_limit_kmhps’
, command_bridge_cfg.get(’accel_limit_kmhps’,
[57]
Overfull \hbox (46.87697pt too wide) in paragraph at lines 2359--2360
[]\TU/TimesNewRoman(0)/m/n/10.95 args.exec_decel_limit_kmhps \TU/YuGothic(0)/m/
n/10.95 に \TU/TimesNewRoman(0)/m/n/10.95 float(exec_cfg.get(’decel_limit_kmhps’
, command_bridge_cfg.get(’decel_limit_kmhps’,

Overfull \hbox (25.55977pt too wide) in paragraph at lines 2360--2361
[]\TU/TimesNewRoman(0)/m/n/10.95 args.exec_deadband_kmh \TU/YuGothic(0)/m/n/10.
95 に \TU/TimesNewRoman(0)/m/n/10.95 float(exec_cfg.get(’deadband_kmh’, command_
bridge_cfg.get(’speed_deadband_kmh’,

Overfull \hbox (80.30441pt too wide) in paragraph at lines 2361--2362
[]\TU/TimesNewRoman(0)/m/n/10.95 args.exec_quantize_step_kmh \TU/YuGothic(0)/m/
n/10.95 に \TU/TimesNewRoman(0)/m/n/10.95 float(exec_cfg.get(’quantize_step_kmh’
, command_bridge_cfg.get(’speed_quantize_step_kmh’,

Overfull \hbox (68.47119pt too wide) in paragraph at lines 2369--2370
[]\TU/TimesNewRoman(0)/m/n/10.95 args.out_detail_csv \TU/YuGothic(0)/m/n/10.95 
に \TU/TimesNewRoman(0)/m/n/10.95 tag_output_path(detail_csv, output_tag, ’.csv’
) if detail_csv else tag_output_path(os.path.join(output_dir,

Overfull \hbox (52.06223pt too wide) in paragraph at lines 2375--2376
[]\TU/TimesNewRoman(0)/m/n/10.95 args.out_plan_csv \TU/YuGothic(0)/m/n/10.95 に 
\TU/TimesNewRoman(0)/m/n/10.95 tag_output_path(plan_csv, output_tag, ’.csv’) if
 plan_csv else tag_output_path(os.path.join(output_dir,

Overfull \hbox (77.10608pt too wide) in paragraph at lines 2378--2379
[]\TU/TimesNewRoman(0)/m/n/10.95 args.report_html \TU/YuGothic(0)/m/n/10.95 に \
TU/TimesNewRoman(0)/m/n/10.95 tag_output_path(report_html, output_tag, ’.html’)
 if report_html else tag_output_path(os.path.join(output_dir,

Overfull \hbox (113.6346pt too wide) in paragraph at lines 2381--2382
[]\TU/TimesNewRoman(0)/m/n/10.95 args.summary_json \TU/YuGothic(0)/m/n/10.95 に 
\TU/TimesNewRoman(0)/m/n/10.95 tag_output_path(summary_json, output_tag, ’.json
’) if summary_json else tag_output_path(os.path.join(output_dir,

Overfull \hbox (117.22755pt too wide) in paragraph at lines 2384--2385
[]\TU/TimesNewRoman(0)/m/n/10.95 args.resolved_yaml \TU/YuGothic(0)/m/n/10.95 に
 \TU/TimesNewRoman(0)/m/n/10.95 tag_output_path(resolved_yaml, output_tag, ’.ya
ml’) if resolved_yaml else tag_output_path(os.path.join(output_dir,
[58] [59] [60] [61]
Overfull \hbox (51.35287pt too wide) in paragraph at lines 2543--2544
\TU/TimesNewRoman(0)/m/n/10.95 hicle_voltage_rmse_max_v’: float(gate_cfg.get(’v
ehicle_voltage_rmse_max_v’, 1.0)), ’conditional_power_rmse_max_w’:

Overfull \hbox (192.44638pt too wide) in paragraph at lines 2543--2544
\TU/TimesNewRoman(0)/m/n/10.95 float(gate_cfg.get(’conditional_power_rmse_max_w
’, 150.0)), ’conditional_voltage_rmse_max_v’: float(gate_cfg.get(’conditional_v
oltage_rmse_max_v’,

Underfull \hbox (badness 3907) in paragraph at lines 2543--2544
\TU/TimesNewRoman(0)/m/n/10.95 1.0)), ’end_to_end_power_rmse_max_w’: float(gate
_cfg.get(’end_to_end_power_rmse_max_w’, 200.0)),

Underfull \hbox (badness 5878) in paragraph at lines 2543--2544
\TU/TimesNewRoman(0)/m/n/10.95 ’end_to_end_voltage_rmse_max_v’: float(gate_cfg.
get(’end_to_end_voltage_rmse_max_v’, 2.0)), ’mov-

Overfull \hbox (11.88907pt too wide) in paragraph at lines 2543--2544
\TU/TimesNewRoman(0)/m/n/10.95 ing_pv_rmse_max_w’: float(gate_cfg.get(’moving_p
v_rmse_max_w’, 150.0)), ’pv_lodo_moving_rmse_max_w’:

Underfull \hbox (badness 10000) in paragraph at lines 2543--2544
\TU/TimesNewRoman(0)/m/n/10.95 float(gate_cfg.get(’pv_lodo_moving_rmse_max_w’, 
150.0)), ’pv_lodo_deployed_stop_rmse_max_w’:

Overfull \hbox (10.49176pt too wide) in paragraph at lines 2543--2544
\TU/TimesNewRoman(0)/m/n/10.95 float(gate_cfg.get(’pv_lodo_deployed_stop_rmse_m
ax_w’, 200.0)), ’power_residual_mean_120s_rmse_max_w’:

Underfull \hbox (badness 10000) in paragraph at lines 2543--2544
\TU/TimesNewRoman(0)/m/n/10.95 float(gate_cfg.get(’energy_error_25km_rmse_max_w
h’, 35.0)), ’terminal_soc_evidence_spread_max’:

Overfull \hbox (182.04704pt too wide) in paragraph at lines 2543--2544
\TU/TimesNewRoman(0)/m/n/10.95 float(gate_cfg.get(’terminal_soc_evidence_spread
_max’, 0.05)), ’terminal_replay_soc_error_max’: float(gate_cfg.get(’terminal_re
play_soc_error_max’,

Underfull \hbox (badness 1924) in paragraph at lines 2543--2544
\TU/TimesNewRoman(0)/m/n/10.95 0.02)), ’terminal_replay_voltage_error_max_v’: f
loat(gate_cfg.get(’terminal_replay_voltage_error_max_v’,

Underfull \hbox (badness 10000) in paragraph at lines 2543--2544
\TU/TimesNewRoman(0)/m/n/10.95 hicle_terminal_voltage_error_max_v’: float(gate_
cfg.get(’vehicle_terminal_voltage_error_max_v’, 0.5)),

Underfull \hbox (badness 10000) in paragraph at lines 2543--2544
\TU/TimesNewRoman(0)/m/n/10.95 ’end_to_end_terminal_soc_error_max’: float(gate_
cfg.get(’end_to_end_terminal_soc_error_max’, 0.03)),

Overfull \hbox (3.53784pt too wide) in paragraph at lines 2543--2544
\TU/TimesNewRoman(0)/m/n/10.95 ’end_to_end_terminal_voltage_error_max_v’: float
(gate_cfg.get(’end_to_end_terminal_voltage_error_max_v’,

Overfull \hbox (1.2573pt too wide) in paragraph at lines 2543--2544
\TU/TimesNewRoman(0)/m/n/10.95 1.0)), ’acceleration_validation_rmse_ratio_max’:
 float(gate_cfg.get(’acceleration_validation_rmse_ratio_max’,

Underfull \hbox (badness 10000) in paragraph at lines 2543--2544
\TU/TimesNewRoman(0)/m/n/10.95 1.02)), ’acceleration_validation_min_samples’: i
nt(gate_cfg.get(’acceleration_validation_min_samples’,

Underfull \hbox (badness 3428) in paragraph at lines 2543--2544
\TU/TimesNewRoman(0)/m/n/10.95 100)), ’grade_validation_rmse_ratio_max’: float(
gate_cfg.get(’grade_validation_rmse_ratio_max’, 1.02)),
[62]
Overfull \hbox (29.22652pt too wide) in paragraph at lines 2544--2545
[]\TU/TimesNewRoman(0)/m/n/10.95 values \TU/YuGothic(0)/m/n/10.95 に \TU/TimesNe
wRoman(0)/m/n/10.95 {’vehicle_power_rmse_w’: float(metrics.get(’power_rmse_clea
n_w’, math.inf)), ’vehicle_voltage_rmse_v’:

Overfull \hbox (156.5434pt too wide) in paragraph at lines 2544--2545
\TU/TimesNewRoman(0)/m/n/10.95 float(metrics.get(’voltage_rmse_clean_v’, math.i
nf)), ’conditional_power_rmse_w’: float(metrics.get(’battery_conditional_power_
rmse_clean_w’,

Underfull \hbox (badness 10000) in paragraph at lines 2544--2545
\TU/TimesNewRoman(0)/m/n/10.95 math.inf)), ’conditional_voltage_rmse_v’: float(
metrics.get(’battery_conditional_voltage_rmse_clean_v’,

Underfull \hbox (badness 7851) in paragraph at lines 2544--2545
\TU/TimesNewRoman(0)/m/n/10.95 ’end_to_end_voltage_rmse_v’: float(metrics.get(’
end_to_end_voltage_rmse_clean_v’, math.inf)), ’mov-

Overfull \hbox (2.16344pt too wide) in paragraph at lines 2544--2545
\TU/TimesNewRoman(0)/m/n/10.95 ing_pv_rmse_w’: float(metrics.get(’end_to_end_mo
ving_pv_rmse_w’, math.inf)), ’pv_lodo_moving_rmse_w’:

Overfull \hbox (154.81111pt too wide) in paragraph at lines 2544--2545
\TU/TimesNewRoman(0)/m/n/10.95 float(metrics.get(’pv_lodo_moving_rmse_w’, math.
inf)), ’pv_lodo_deployed_stop_rmse_w’: float(metrics.get(’pv_lodo_deployed_stop
_rmse_w’,

Overfull \hbox (43.89705pt too wide) in paragraph at lines 2544--2545
\TU/TimesNewRoman(0)/m/n/10.95 math.inf)), ’power_residual_mean_120s_rmse_w’: f
loat(metrics.get(’end_to_end_power_residual_mean_120s_rmse_w’,

Underfull \hbox (badness 4779) in paragraph at lines 2544--2545
\TU/TimesNewRoman(0)/m/n/10.95 math.inf)), ’energy_error_25km_rmse_wh’: float(m
etrics.get(’end_to_end_energy_error_25km_rmse_wh’,

Overfull \hbox (32.98703pt too wide) in paragraph at lines 2548--2549
[]\TU/TimesNewRoman(0)/m/n/10.95 terminal_anchor_role \TU/YuGothic(0)/m/n/10.95
 に \TU/TimesNewRoman(0)/m/n/10.95 str((summary.get(’fit_plan’, {}) or {}).get(’
terminal_anchor_role’, ’unknown’)).strip().lower()

Underfull \hbox (badness 6893) in paragraph at lines 2550--2551
[]\TU/TimesNewRoman(0)/m/n/10.95 values[’terminal_replay_soc_error’] \TU/YuGoth
ic(0)/m/n/10.95 に \TU/TimesNewRoman(0)/m/n/10.95 abs(float(metrics.get(’battery
_conditional_retire_anchor_soc_error’,

Overfull \hbox (0.84203pt too wide) in paragraph at lines 2551--2552
[]\TU/TimesNewRoman(0)/m/n/10.95 terminal_voltage_observed \TU/YuGothic(0)/m/n/
10.95 に \TU/TimesNewRoman(0)/m/n/10.95 float(metrics.get(’battery_conditional_r
etire_anchor_voltage_obs_v’, math.nan))

Underfull \hbox (badness 10000) in paragraph at lines 2552--2553
[]\TU/TimesNewRoman(0)/m/n/10.95 terminal_voltage_predicted \TU/YuGothic(0)/m/n
/10.95 に \TU/TimesNewRoman(0)/m/n/10.95 float(metrics.get(’battery_conditional_
retire_anchor_voltage_pred_v’,

Overfull \hbox (22.06053pt too wide) in paragraph at lines 2559--2560
[]\TU/TimesNewRoman(0)/m/n/10.95 checks \TU/YuGothic(0)/m/n/10.95 に \TU/TimesNe
wRoman(0)/m/n/10.95 {’vehicle_power_rmse’: values[’vehicle_power_rmse_w’] <= th
resholds[’vehicle_power_rmse_max_w’],

Underfull \hbox (badness 2293) in paragraph at lines 2559--2560
\TU/TimesNewRoman(0)/m/n/10.95 ’vehicle_voltage_rmse’: values[’vehicle_voltage_
rmse_v’] <= thresholds[’vehicle_voltage_rmse_max_v’],

Overfull \hbox (25.36119pt too wide) in paragraph at lines 2559--2560
\TU/TimesNewRoman(0)/m/n/10.95 ’conditional_power_rmse’: values[’conditional_po
wer_rmse_w’] <= thresholds[’conditional_power_rmse_max_w’],

Overfull \hbox (35.09216pt too wide) in paragraph at lines 2559--2560
\TU/TimesNewRoman(0)/m/n/10.95 ’conditional_voltage_rmse’: values[’conditional_
voltage_rmse_v’] <= thresholds[’conditional_voltage_rmse_max_v’],

Overfull \hbox (30.83084pt too wide) in paragraph at lines 2559--2560
\TU/TimesNewRoman(0)/m/n/10.95 ’end_to_end_power_rmse’: values[’end_to_end_powe
r_rmse_w’] <= thresholds[’end_to_end_power_rmse_max_w’],

Overfull \hbox (40.56181pt too wide) in paragraph at lines 2559--2560
\TU/TimesNewRoman(0)/m/n/10.95 ’end_to_end_voltage_rmse’: values[’end_to_end_vo
ltage_rmse_v’] <= thresholds[’end_to_end_voltage_rmse_max_v’],

Overfull \hbox (42.63351pt too wide) in paragraph at lines 2559--2560
\TU/TimesNewRoman(0)/m/n/10.95 ’moving_pv_rmse’: values[’moving_pv_rmse_w’] <= 
thresholds[’moving_pv_rmse_max_w’], ’pv_lodo_moving_rmse’:

Overfull \hbox (32.75105pt too wide) in paragraph at lines 2559--2560
\TU/TimesNewRoman(0)/m/n/10.95 values[’pv_lodo_moving_rmse_w’] <= thresholds[’p
v_lodo_moving_rmse_max_w’], ’pv_lodo_deployed_stop_rmse’:

Overfull \hbox (111.18147pt too wide) in paragraph at lines 2559--2560
\TU/TimesNewRoman(0)/m/n/10.95 values[’pv_lodo_deployed_stop_rmse_w’] <= thresh
olds[’pv_lodo_deployed_stop_rmse_max_w’], ’power_residual_mean_120s_rmse’:

Underfull \hbox (badness 10000) in paragraph at lines 2559--2560
\TU/TimesNewRoman(0)/m/n/10.95 values[’power_residual_mean_120s_rmse_w’] <= thr
esholds[’power_residual_mean_120s_rmse_max_w’],

Overfull \hbox (50.28207pt too wide) in paragraph at lines 2559--2560
\TU/TimesNewRoman(0)/m/n/10.95 ’energy_error_25km_rmse’: values[’energy_error_2
5km_rmse_wh’] <= thresholds[’energy_error_25km_rmse_max_wh’],

Underfull \hbox (badness 10000) in paragraph at lines 2559--2560
\TU/TimesNewRoman(0)/m/n/10.95 ’terminal_soc_evidence_spread’: spread <= thresh
olds[’terminal_soc_evidence_spread_max’], ’termi-

Overfull \hbox (101.81943pt too wide) in paragraph at lines 2559--2560
\TU/TimesNewRoman(0)/m/n/10.95 <= thresholds[’terminal_replay_soc_error_max’], 
’terminal_replay_voltage’: math.isfinite(values[’terminal_replay_voltage_error_
v’])

Overfull \hbox (6.45001pt too wide) in paragraph at lines 2559--2560
\TU/TimesNewRoman(0)/m/n/10.95 cle_terminal_soc’: math.isfinite(values[’vehicle
_terminal_soc_error’]) and values[’vehicle_terminal_soc_error’]

Overfull \hbox (115.18077pt too wide) in paragraph at lines 2559--2560
\TU/TimesNewRoman(0)/m/n/10.95 <= thresholds[’vehicle_terminal_soc_error_max’],
 ’vehicle_terminal_voltage’: math.isfinite(values[’vehicle_terminal_voltage_err
or_v’])

Underfull \hbox (badness 10000) in paragraph at lines 2559--2560
\TU/TimesNewRoman(0)/m/n/10.95 and values[’vehicle_terminal_voltage_error_v’] <
= thresholds[’vehicle_terminal_voltage_error_max_v’],

Overfull \hbox (87.36664pt too wide) in paragraph at lines 2559--2560
\TU/TimesNewRoman(0)/m/n/10.95 ’end_to_end_terminal_soc’: math.isfinite(values[
’end_to_end_terminal_soc_error’]) and values[’end_to_end_terminal_soc_error’]

Overfull \hbox (173.5986pt too wide) in paragraph at lines 2559--2560
\TU/TimesNewRoman(0)/m/n/10.95 <= thresholds[’end_to_end_terminal_soc_error_max
’], ’end_to_end_terminal_voltage’: math.isfinite(values[’end_to_end_terminal_vo
ltage_error_v’])

Overfull \hbox (13.01575pt too wide) in paragraph at lines 2559--2560
\TU/TimesNewRoman(0)/m/n/10.95 and values[’end_to_end_terminal_voltage_error_v’
] <= thresholds[’end_to_end_terminal_voltage_error_max_v’],

Overfull \hbox (76.79771pt too wide) in paragraph at lines 2559--2560
\TU/TimesNewRoman(0)/m/n/10.95 ’terminal_high_precision_evidence’: bool(termina
l.get(’high_precision_gate_pass’, False)), ’terminal_anchor_role_operational’:
[63]
Overfull \hbox (110.83676pt too wide) in paragraph at lines 2563--2564
[]\TU/TimesNewRoman(0)/m/n/10.95 checks[’terminal_independent_cross_channel_con
sistency’] \TU/YuGothic(0)/m/n/10.95 に \TU/TimesNewRoman(0)/m/n/10.95 bool(term
inal_anchor.get(’weak_channel_cross_consistency_gate_pass’,

Overfull \hbox (52.85562pt too wide) in paragraph at lines 2570--2571
[]\TU/TimesNewRoman(0)/m/n/10.95 checks[’acceleration_timestamp_holdout’] \TU/Y
uGothic(0)/m/n/10.95 に \TU/TimesNewRoman(0)/m/n/10.95 bool(validation_count >= 
thresholds[’acceleration_validation_min_samples’]

Overfull \hbox (16.6604pt too wide) in paragraph at lines 2570--2571
\TU/TimesNewRoman(0)/m/n/10.95 and math.isfinite(validation_ratio) and (validat
ion_ratio <= thresholds[’acceleration_validation_rmse_ratio_max’]))
[64]
Overfull \hbox (1.19067pt too wide) in paragraph at lines 2578--2579
[]\TU/TimesNewRoman(0)/m/n/10.95 checks[’grade_observation_holdout’] \TU/YuGoth
ic(0)/m/n/10.95 に \TU/TimesNewRoman(0)/m/n/10.95 bool(validation_count >= thres
holds[’grade_validation_min_samples’]
[65] [66] [67]
Underfull \hbox (badness 10000) in paragraph at lines 2752--2753
[]\TU/YuGothic(0)/m/n/10.95 定 義\TU/TimesNewRoman(0)/m/n/10.95 : $[][][][][][][]
[] [] [][][] [] [][][][][][][][] [] [][] [] [][][][][][][][][] [][] [][][] [] [
] [] [][][][][][][][] [][] [] [][] [][] [] [][][] [] [][][][][] [][] [][][][] [
]
[68] [69] [70]
Underfull \hbox (badness 1968) in paragraph at lines 2893--2894
[]\TU/YuGothic(0)/m/n/10.95 定 義\TU/TimesNewRoman(0)/m/n/10.95 : $[][][][][] [] 
[][][] [] [][][][][][][][] [][] [][] [][] [] [][] [][][][][] [] [][] [] [][][][
][][] [][] [][][][][][][] [] [][][] [][] [][][][][][] [] [][][] [][] [][][] [] 
[][] [][] [][][][][] []
[71]
Overfull \hbox (69.71767pt too wide) in paragraph at lines 2896--2897
[]\TU/YuGothic(0)/m/n/10.95 戻 り 値 の 要 点\TU/TimesNewRoman(0)/m/n/10.95 : f’<svg 
viewBox=”0 0 {width} {height}” class=”chart-svg” role=”img” aria-label=”{html.e
scape(label)}”><rect

Underfull \hbox (badness 3281) in paragraph at lines 2896--2897
\TU/TimesNewRoman(0)/m/n/10.95 x1=”{pad}” y1=”{pad}” x2=”{pad}” y2=”{height - p
ad}” stroke=”#a9a293” stroke-width=”1” /><line

Underfull \hbox (badness 3271) in paragraph at lines 2896--2897
\TU/TimesNewRoman(0)/m/n/10.95 font-size=”11” fill=”#6f665b”>{format_metric(y_m
ax, 2)}</text><text x=”{width - pad}” y=”{height -

Underfull \hbox (badness 2653) in paragraph at lines 2896--2897
\TU/TimesNewRoman(0)/m/n/10.95 8}” text-anchor=”end” font-size=”11” fill=”#6f66
5b”>{format_metric(x_max, 1)}</text><text x=”{pad}”
[72]
Underfull \hbox (badness 2698) in paragraph at lines 2933--2934
\TU/TimesNewRoman(0)/m/n/10.95 x1=”{pad}” y1=”{pad}” x2=”{pad}” y2=”{height - p
ad}” stroke=”#a9a293” stroke-width=”1” /><line

Underfull \hbox (badness 2644) in paragraph at lines 2933--2934
\TU/TimesNewRoman(0)/m/n/10.95 font-size=”11” fill=”#6f665b”>{format_metric(y_m
ax, 2)}</text><text x=”{width - pad}” y=”{height -

Underfull \hbox (badness 1924) in paragraph at lines 2933--2934
\TU/TimesNewRoman(0)/m/n/10.95 8}” text-anchor=”end” font-size=”11” fill=”#6f66
5b”>{format_metric(x_max, 1)}</text><text x=”{pad}”
[73] [74] [75] [76]
Underfull \hbox (badness 6332) in paragraph at lines 3092--3093
[]\TU/TimesNewRoman(0)/m/n/10.95 speed_svg \TU/YuGothic(0)/m/n/10.95 に \TU/Time
sNewRoman(0)/m/n/10.95 build_svg_chart(x_index, speed_series, color=’#0f766e’, 
label=’speed exec [km/h]’ if

Overfull \hbox (21.2126pt too wide) in paragraph at lines 3095--3096
[]\TU/TimesNewRoman(0)/m/n/10.95 speed_cmd_svg \TU/YuGothic(0)/m/n/10.95 に \TU/
TimesNewRoman(0)/m/n/10.95 build_svg_chart(x_index, detail_df.get(’v_cmd_kmh’, 
pd.Series(dtype=float)), color=’#475569’,

Underfull \hbox (badness 4072) in paragraph at lines 3097--3098
[]\TU/TimesNewRoman(0)/m/n/10.95 pack_svg \TU/YuGothic(0)/m/n/10.95 に \TU/Times
NewRoman(0)/m/n/10.95 build_svg_chart(x_index, detail_df.get(’P_pack’, pd.Serie
s(dtype=float)), color=’#b91c1c’,

Underfull \hbox (badness 10000) in paragraph at lines 3098--3099
[]\TU/TimesNewRoman(0)/m/n/10.95 solar_svg \TU/YuGothic(0)/m/n/10.95 に \TU/Time
sNewRoman(0)/m/n/10.95 build_svg_chart(x_index, detail_df.get(’P_pv’, pd.Series
(dtype=float)), color=’#2563eb’,

Overfull \hbox (67.55757pt too wide) in paragraph at lines 3101--3102
\TU/TimesNewRoman(0)/m/n/10.95 format_metric(summary.get(’final_distance_km’), 
1)), (’Race progress [%]’, format_metric(summary.get(’race_progress_pct’),

Overfull \hbox (46.08682pt too wide) in paragraph at lines 3101--3102
\TU/TimesNewRoman(0)/m/n/10.95 1)), (’Final SoC [-]’, format_metric(summary.get
(’final_soc’), 3)), (’Min SoC [-]’, format_metric(summary.get(’min_soc’),

Overfull \hbox (120.65161pt too wide) in paragraph at lines 3101--3102
\TU/TimesNewRoman(0)/m/n/10.95 3)), (’Avg speed [km/h]’, format_metric(summary.
get(’avg_speed_kmh’), 1)), (’Elapsed [h]’, format_metric(summary.get(’elapsed_h
ours’),

Overfull \hbox (95.81609pt too wide) in paragraph at lines 3102--3103
[]\TU/TimesNewRoman(0)/m/n/10.95 overrides_html \TU/YuGothic(0)/m/n/10.95 に\TU/
TimesNewRoman(0)/m/n/10.95 ”.join((f”<tr><td>{html.escape(str(item.get(’key’)))
}</td><td><code>{html.escape(json.dumps(item.get(’value’),

Overfull \hbox (58.87852pt too wide) in paragraph at lines 3102--3103
\TU/TimesNewRoman(0)/m/n/10.95 ensure_ascii=False))}</code></td></tr>” for item
 in summary.get(’overrides’, []))) or ’<tr><td colspan=”2”>none</td></tr>’

Underfull \hbox (badness 5862) in paragraph at lines 3103--3104
[]\TU/TimesNewRoman(0)/m/n/10.95 params_html \TU/YuGothic(0)/m/n/10.95 に\TU/Tim
esNewRoman(0)/m/n/10.95 ”.join((f’<tr><td>{html.escape(str(key))}</td><td>{html
.escape(str(value))}</td></tr>’ for

Underfull \hbox (badness 10000) in paragraph at lines 3104--3105
[]\TU/TimesNewRoman(0)/m/n/10.95 cards_html \TU/YuGothic(0)/m/n/10.95 に\TU/Time
sNewRoman(0)/m/n/10.95 ”.join((f’<div class=”metric”><div class=”metric-label”>
{html.escape(label)}</div><div
[77]
Underfull \hbox (badness 2181) in paragraph at lines 3111--3112
[]\TU/TimesNewRoman(0)/m/n/10.95 html_text \TU/YuGothic(0)/m/n/10.95 に \TU/Time
sNewRoman(0)/m/n/10.95 f”””<!doctype html>\n<html lang=”en”>\n<head>\n <meta ch
arset=”utf-8”>\n <title>Solar

Underfull \hbox (badness 5217) in paragraph at lines 3111--3112
\TU/TimesNewRoman(0)/m/n/10.95 Simulation Report</h1>\n <p class=”muted”>profil
e: {html.escape(str(summary.get(’profile_name’, ’–

Underfull \hbox (badness 1292) in paragraph at lines 3111--3112
\TU/TimesNewRoman(0)/m/n/10.95 ’)))} | generated: {html.escape(str(summary.get(
’generated_at_utc’, ’–’)))}</p>\n <p class=”muted”>csv:

Underfull \hbox (badness 6284) in paragraph at lines 3111--3112
\TU/TimesNewRoman(0)/m/n/10.95 {html.escape(str(summary.get(’out_csv’, ’–’)))} 
| detail: {html.escape(str(summary.get(’detail_csv’, ’–

Overfull \hbox (76.60205pt too wide) in paragraph at lines 3111--3112
\TU/TimesNewRoman(0)/m/n/10.95 ’)))}</p>\n {(f’<div class=”warning”>{warning_te
xt}</div>’ if warning_text else ”)}\n <div class=”grid”>{cards_html}</div>\n

Overfull \hbox (69.2236pt too wide) in paragraph at lines 3111--3112
\TU/TimesNewRoman(0)/m/n/10.95 </div>\n\n <div class=”section”>\n <h2>Overrides
</h2>\n <table>\n <thead><tr><th>key</th><th>value</th></tr></thead>\n

Overfull \hbox (47.21841pt too wide) in paragraph at lines 3111--3112
\TU/TimesNewRoman(0)/m/n/10.95 ters</h2>\n <table>\n <thead><tr><th>parameter</
th><th>value</th></tr></thead>\n <tbody>{params_html}</tbody>\n
[78]
Underfull \hbox (badness 10000) in paragraph at lines 3159--3160
[]\TU/YuGothic(0)/m/n/10.95 定 義\TU/TimesNewRoman(0)/m/n/10.95 : $[][][] [] [][]
[][][][][][][][][] [][] [][][][] [][] [][] [][] [][][] [][] [][] [] [][] [][] [
][] [] [][][] [][] [] [] [][][] [] [][][] [][] [][][][] [] [][][] [] [][][] [][
] [] [] [][] [][] [] []

Underfull \hbox (badness 10000) in paragraph at lines 3159--3160
[][] [] [][][][][] [][] [][] [] [][][] [] [][][][][] [][] [] [] [] [][] [] [] [
][][][][] [] [][][][][] [][] [] [] [][][][][][][] [][] [][][][][] [] [][][][][]
[][] [][] [][][] [] [][][][][][] [][] [][][] []

Underfull \hbox (badness 10000) in paragraph at lines 3159--3160
[][][][] [][] [] [] [][][] [] [][][][][][] [][] [] [] [][][] [] [][][][] [][] [
][][][][][][][] [][] [][][] [] [][][] [] [][][] [] [][][] [][] [] [] [][][] [] 
[][][] [] [][][] [][] [][][] [] [][][][][][] []

Underfull \hbox (badness 10000) in paragraph at lines 3159--3160
[][][][][][] [][] [][][] [] [][][][][][] [] [][][] [][] [] [] [][][] [] [][][][
][][][][] [][] [] [] [][][] [] [][][][][][][][] [][] [][][][] [] [][] [][] [][]
[] [] [][][] [] [][][] [] [][][][][][] [][]
[79] [80] [81]
Overfull \hbox (44.69133pt too wide) in paragraph at lines 3298--3299
[]\TU/TimesNewRoman(0)/m/n/10.95 out \TU/YuGothic(0)/m/n/10.95 に \TU/TimesNewRo
man(0)/m/n/10.95 model.electrical_balance(v_k, d[’slope_pct’], z, Tb, d[’G_poa’
], d[’Tcell_C’], headwind_ms=d.get(’headwind_ms’,

Overfull \hbox (7.14114pt too wide) in paragraph at lines 3298--3299
\TU/TimesNewRoman(0)/m/n/10.95 0.0), inertial_power_w=inertial_power_w, ambient
_temp_c=d.get(’Tamb_C’), elevation_m=d.get(’elevation_m’,
[82] [83] [84] [85] [86]
Underfull \hbox (badness 1005) in paragraph at lines 3492--3493
[]\TU/TimesNewRoman(0)/m/n/10.95 out \TU/YuGothic(0)/m/n/10.95 に \TU/TimesNewRo
man(0)/m/n/10.95 model.electrical_balance(v_kmh_local / 3.6, slope_pct, z, Tb, 
d0[’G_poa’], d0[’Tcell_C’], head-
[87] [88]
Underfull \hbox (badness 1005) in paragraph at lines 3607--3608
[]\TU/TimesNewRoman(0)/m/n/10.95 out \TU/YuGothic(0)/m/n/10.95 に \TU/TimesNewRo
man(0)/m/n/10.95 model.electrical_balance(v_kmh_local / 3.6, slope_pct, z, Tb, 
d0[’G_poa’], d0[’Tcell_C’], head-
[89]
Overfull \hbox (15.25145pt too wide) in paragraph at lines 3639--3640
\TU/TimesNewRoman(0)/m/n/10.95 ror(’forecast_csv, route_profile_csv, and stop_y
aml must be provided.’), ValueError(’mpc.upper_lock_initial_policy
[90] [91] [92] [93] [94] [95] [96] [97] [98]
Underfull \hbox (badness 3735) in paragraph at lines 4044--4045
\TU/TimesNewRoman(0)/m/n/10.95 forecast_has_coverage, integration_step_seconds,
 is_drive_time, max, min, pv_power_mppt, timedelta,
[99] [100]
Underfull \hbox (badness 3108) in paragraph at lines 4130--4131
[]\TU/TimesNewRoman(0)/m/n/10.95 out \TU/YuGothic(0)/m/n/10.95 に \TU/TimesNewRo
man(0)/m/n/10.95 model.electrical_balance(mid / 3.6, d0[’slope_pct’], z, Tb, d0
[’G_poa’], d0[’Tcell_C’], head-

Underfull \hbox (badness 10000) in paragraph at lines 4130--4131
\TU/TimesNewRoman(0)/m/n/10.95 wind_ms=d0[’headwind_ms’], ambient_temp_c=d0.get
(’Tamb_C’), elevation_m=d0.get(’elevation_m’,
[101]
Overfull \hbox (102.62143pt too wide) in paragraph at lines 4167--4168
[]\TU/YuGothic(0)/m/n/10.95 戻 り 値 の 要 点\TU/TimesNewRoman(0)/m/n/10.95 : dict(G_
raw=G_raw, G_drive_poa=G_drive_poa, G_stop_poa=G_stop_poa, G_control_stop_poa=G
_control_stop_poa,

Underfull \hbox (badness 10000) in paragraph at lines 4167--4168
\TU/TimesNewRoman(0)/m/n/10.95 G_poa=G_drive_poa if drive else G_stop_poa, Tcel
l_drive_C=tcell_drive, Tcell_stop_C=tcell_stop,

Overfull \hbox (35.21873pt too wide) in paragraph at lines 4167--4168
\TU/TimesNewRoman(0)/m/n/10.95 Tcell_control_stop_C=tcell_control_stop, Tcell_C
=tcell_drive if drive else tcell_stop, Tamb_C=float(row.get(’Tamb_C’,

Underfull \hbox (badness 10000) in paragraph at lines 4167--4168
\TU/TimesNewRoman(0)/m/n/10.95 30.0)), headwind_ms=float(row.get(’headwind_ms’,
 0.0)), elevation_m=get_profile_val(route_profile,

Overfull \hbox (41.48726pt too wide) in paragraph at lines 4167--4168
\TU/TimesNewRoman(0)/m/n/10.95 float(s_query_km or 0.0), ’elev_m’, 0.0)) / dict
(G_raw=0.0, G_drive_poa=0.0, G_stop_poa=0.0, G_control_stop_poa=0.0,

Overfull \hbox (0.77583pt too wide) in paragraph at lines 4167--4168
\TU/TimesNewRoman(0)/m/n/10.95 G_poa=0.0, Tcell_drive_C=40.0, Tcell_stop_C=40.0
, Tcell_control_stop_C=40.0, Tcell_C=40.0, Tamb_C=30.0,

Overfull \hbox (10.69781pt too wide) in paragraph at lines 4167--4168
\TU/TimesNewRoman(0)/m/n/10.95 headwind_ms=0.0, elevation_m=0.0) / dict(G_raw=G
_raw, G_drive_poa=G_drive_poa, G_stop_poa=G_stop_poa,

Overfull \hbox (50.09317pt too wide) in paragraph at lines 4167--4168
\TU/TimesNewRoman(0)/m/n/10.95 G_control_stop_poa=G_control_stop_poa, G_poa=G_d
rive_poa if drive else G_stop_poa, Tcell_drive_C=float(tcell_drive),

Underfull \hbox (badness 3492) in paragraph at lines 4167--4168
\TU/TimesNewRoman(0)/m/n/10.95 Tcell_stop_C=float(tcell_stop), Tcell_control_st
op_C=float(tcell_control_stop), Tcell_C=float(tcell_drive if

Overfull \hbox (35.34067pt too wide) in paragraph at lines 4167--4168
\TU/TimesNewRoman(0)/m/n/10.95 drive else tcell_stop), Tamb_C=float(tamb), head
wind_ms=float(headwind), elevation_m=get_profile_val(route_profile,
[102]
Overfull \hbox (5.40388pt too wide) in paragraph at lines 4181--4182
[]\TU/TimesNewRoman(0)/m/n/10.95 dict(G_raw=0.0, G_drive_poa=0.0, G_stop_poa=0.
0, G_control_stop_poa=0.0, G_poa=0.0, Tcell_drive_C=40.0,

Underfull \hbox (badness 2662) in paragraph at lines 4181--4182
\TU/TimesNewRoman(0)/m/n/10.95 Tcell_stop_C=40.0, Tcell_control_stop_C=40.0, Tc
ell_C=40.0, Tamb_C=30.0, headwind_ms=0.0, eleva-

Overfull \hbox (10.23837pt too wide) in paragraph at lines 4185--4186
[]\TU/TimesNewRoman(0)/m/n/10.95 poa_stop_ideal_raw \TU/YuGothic(0)/m/n/10.95 に
 \TU/TimesNewRoman(0)/m/n/10.95 interp_forecast_grid(forecast_grid, ’POA_stop_i
deal’, t_utc, s_query_km, poa_drive_raw)

Underfull \hbox (badness 10000) in paragraph at lines 4187--4188
[]\TU/TimesNewRoman(0)/m/n/10.95 poa_control_stop_raw \TU/YuGothic(0)/m/n/10.95
 に \TU/TimesNewRoman(0)/m/n/10.95 poa_drive_raw + args.control_stop_tilt_fracti
on * (poa_stop_ideal_raw -

Overfull \hbox (42.39789pt too wide) in paragraph at lines 4189--4190
[]\TU/TimesNewRoman(0)/m/n/10.95 tcell_drive \TU/YuGothic(0)/m/n/10.95 に \TU/Ti
mesNewRoman(0)/m/n/10.95 interp_forecast_grid(forecast_grid, ’Tcell_drive_C’, t
_utc, s_query_km, interp_forecast_grid(forecast_grid,

Overfull \hbox (32.8754pt too wide) in paragraph at lines 4198--4199
[]\TU/TimesNewRoman(0)/m/n/10.95 dict(G_raw=G_raw, G_drive_poa=G_drive_poa, G_s
top_poa=G_stop_poa, G_control_stop_poa=G_control_stop_poa,

Overfull \hbox (1.62872pt too wide) in paragraph at lines 4198--4199
\TU/TimesNewRoman(0)/m/n/10.95 G_poa=G_drive_poa if drive else G_stop_poa, Tcel
l_drive_C=float(tcell_drive), Tcell_stop_C=float(tcell_stop),

Overfull \hbox (36.74037pt too wide) in paragraph at lines 4198--4199
\TU/TimesNewRoman(0)/m/n/10.95 Tcell_control_stop_C=float(tcell_control_stop), 
Tcell_C=float(tcell_drive if drive else tcell_stop), Tamb_C=float(tamb),

Underfull \hbox (badness 10000) in paragraph at lines 4198--4199
\TU/TimesNewRoman(0)/m/n/10.95 headwind_ms=float(headwind), elevation_m=get_pro
file_val(route_profile, float(s_query_km or 0.0),
[103]
Underfull \hbox (badness 10000) in paragraph at lines 4210--4211
[]\TU/TimesNewRoman(0)/m/n/10.95 poa_control_stop_raw \TU/YuGothic(0)/m/n/10.95
 に \TU/TimesNewRoman(0)/m/n/10.95 poa_drive_raw + args.control_stop_tilt_fracti
on * (poa_stop_ideal_raw -

Overfull \hbox (32.8754pt too wide) in paragraph at lines 4218--4219
[]\TU/TimesNewRoman(0)/m/n/10.95 dict(G_raw=G_raw, G_drive_poa=G_drive_poa, G_s
top_poa=G_stop_poa, G_control_stop_poa=G_control_stop_poa,

Underfull \hbox (badness 10000) in paragraph at lines 4218--4219
\TU/TimesNewRoman(0)/m/n/10.95 G_poa=G_drive_poa if drive else G_stop_poa, Tcel
l_drive_C=tcell_drive, Tcell_stop_C=tcell_stop,

Overfull \hbox (37.4087pt too wide) in paragraph at lines 4218--4219
\TU/TimesNewRoman(0)/m/n/10.95 Tcell_control_stop_C=tcell_control_stop, Tcell_C
=tcell_drive if drive else tcell_stop, Tamb_C=float(row.get(’Tamb_C’,

Underfull \hbox (badness 10000) in paragraph at lines 4218--4219
\TU/TimesNewRoman(0)/m/n/10.95 30.0)), headwind_ms=float(row.get(’headwind_ms’,
 0.0)), elevation_m=get_profile_val(route_profile,
[104] [105] [106]
Overfull \hbox (60.58836pt too wide) in paragraph at lines 4334--4335
[]\TU/TimesNewRoman(0)/m/n/10.95 correction_kmh \TU/YuGothic(0)/m/n/10.95 に \TU
/TimesNewRoman(0)/m/n/10.95 float(np.clip(correction_kmh, -ref_speed_tracking_m
ax_correction, ref_speed_tracking_max_correction))
[107]
Overfull \hbox (3.73497pt too wide) in paragraph at lines 4409--4410
[]\TU/YuGothic(0)/m/n/10.95 こ の ブ ロ ッ ク が 直 接 呼 ぶ 主 な 関 数  |・|  メ ソ ッ ド\TU/Time
sNewRoman(0)/m/n/10.95 : apply_stop_poa, choose_stationary_integration_step_sec
onds,
[108]
Overfull \hbox (50.11957pt too wide) in paragraph at lines 4427--4428
[]\TU/TimesNewRoman(0)/m/n/10.95 dt_sample \TU/YuGothic(0)/m/n/10.95 に \TU/Time
sNewRoman(0)/m/n/10.95 choose_stationary_integration_step_seconds(args.dt, fore
cast_native_dt_sec, stationary_prediction_step_sec)

Underfull \hbox (badness 6592) in paragraph at lines 4438--4439
[]\TU/TimesNewRoman(0)/m/n/10.95 out \TU/YuGothic(0)/m/n/10.95 に \TU/TimesNewRo
man(0)/m/n/10.95 model.electrical_balance(0.0, slope_pct, z_cur, Tb_cur, env[’G
_poa’], env[’Tcell_C’], head-

Underfull \hbox (badness 10000) in paragraph at lines 4438--4439
\TU/TimesNewRoman(0)/m/n/10.95 wind_ms=headwind_ms, aux_power_w=model.scheduled
_auxiliary_power(is_driving=False, irradi-
[109] [110]
Overfull \hbox (2.2989pt too wide) in paragraph at lines 4531--4532
[]\TU/YuGothic(0)/m/n/10.95 こ の ブ ロ ッ ク が 直 接 呼 ぶ 主 な 関 数  |・|  メ ソ ッ ド\TU/Time
sNewRoman(0)/m/n/10.95 : DataFrame, Path, ValueError, abs, absolute_control_dis
tances,

Underfull \hbox (badness 1762) in paragraph at lines 4546--4547
[]\TU/TimesNewRoman(0)/m/n/10.95 horizon \TU/YuGothic(0)/m/n/10.95 に \TU/TimesN
ewRoman(0)/m/n/10.95 build_upper_distance_horizon(mode=upper_horizon_mode, s0_k
m=s0_km, race_km=race_km,

Overfull \hbox (1.36212pt too wide) in paragraph at lines 4546--4547
\TU/TimesNewRoman(0)/m/n/10.95 ds_km=upper_ds_km, horizon_km=upper_horizon_km, 
max_steps=upper_max_steps, ctrl_km=upper_ctrl_km,

Underfull \hbox (badness 10000) in paragraph at lines 4546--4547
\TU/TimesNewRoman(0)/m/n/10.95 adaptive_min_ds_km=upper_adaptive_min_ds_km, ada
ptive_max_ds_km=upper_adaptive_max_ds_km,
[111]
Overfull \hbox (138.73004pt too wide) in paragraph at lines 4563--4564
[]\TU/TimesNewRoman(0)/m/n/10.95 x0 \TU/YuGothic(0)/m/n/10.95 に \TU/TimesNewRom
an(0)/m/n/10.95 np.interp(ctrl_s_abs, initial_upper_policy_df[’s_km’].to_numpy(
dtype=float), initial_upper_policy_df[’v_kmh’].to_numpy(dtype=float))
[112]
Underfull \hbox (badness 1320) in paragraph at lines 4585--4586
[]\TU/TimesNewRoman(0)/m/n/10.95 solve_info \TU/YuGothic(0)/m/n/10.95 に \TU/Tim
esNewRoman(0)/m/n/10.95 {’success’: True, ’method’: ’locked_external_policy’, ’
label’: ’mesh_validation_policy’,

Overfull \hbox (14.31429pt too wide) in paragraph at lines 4585--4586
\TU/TimesNewRoman(0)/m/n/10.95 False, ’discrete_grid_levels’: 0, ’discrete_grid
_values’: [], ’discrete_grid_candidates’: 0, ’discrete_grid_nonfinite’:

Underfull \hbox (badness 10000) in paragraph at lines 4585--4586
\TU/TimesNewRoman(0)/m/n/10.95 0, ’discrete_grid_best_fun’: float(’inf’), ’disc
rete_grid_best_x’: [], ’deterministic_seed_candidates’:

Underfull \hbox (badness 3884) in paragraph at lines 4585--4586
\TU/TimesNewRoman(0)/m/n/10.95 1, ’deterministic_seed_nonfinite’: 0, ’finite_li
brary_candidates’: 1, ’selected_x’: u_seq.tolist(), ’se-

Underfull \hbox (badness 1635) in paragraph at lines 4587--4588
[]\TU/TimesNewRoman(0)/m/n/10.95 (u_seq, solve_info) \TU/YuGothic(0)/m/n/10.95 
に \TU/TimesNewRoman(0)/m/n/10.95 hybrid_bounded_minimize(cost, x0, bounds, maxi
ter=int(upper_max_iter), struc-

Underfull \hbox (badness 10000) in paragraph at lines 4587--4588
\TU/TimesNewRoman(0)/m/n/10.95 tured_seeds=[(’balance_seed’, build_balance_seed
())], cem_enabled=bool(upper_global_search_enabled),

Overfull \hbox (101.04843pt too wide) in paragraph at lines 4587--4588
\TU/TimesNewRoman(0)/m/n/10.95 cem_mode=upper_global_search_mode, cem_generatio
ns=int(upper_cem_generations), cem_population=int(upper_cem_population),

Underfull \hbox (badness 10000) in paragraph at lines 4587--4588
\TU/TimesNewRoman(0)/m/n/10.95 cem_elite=int(upper_cem_elite), local_refine_top
k=int(upper_local_refine_topk), rng_seed=int(max(0.0,

Overfull \hbox (148.13203pt too wide) in paragraph at lines 4587--4588
\TU/TimesNewRoman(0)/m/n/10.95 round(s0_km * 10.0))), shgo_samples=int(upper_sh
go_samples), shgo_iters=int(upper_shgo_iters), cert_grid_levels=int(upper_cert_
grid_levels),

Overfull \hbox (61.51442pt too wide) in paragraph at lines 4587--4588
\TU/TimesNewRoman(0)/m/n/10.95 cert_grid_values=[float(value) for value in uppe
r_cert_grid_values], cert_max_evaluations=int(upper_cert_max_evaluations),

Overfull \hbox (53.8907pt too wide) in paragraph at lines 4587--4588
\TU/TimesNewRoman(0)/m/n/10.95 cert_workers=int(upper_cert_workers), progress_c
allback=save_solver_progress, cert_progress_interval=int(cfg.get(’mpc’,

Overfull \hbox (13.1957pt too wide) in paragraph at lines 4592--4593
[]\TU/TimesNewRoman(0)/m/n/10.95 prediction_trace_path \TU/YuGothic(0)/m/n/10.9
5 に \TU/TimesNewRoman(0)/m/n/10.95 checkpoint_base.with_name(f’upper_selected_p
rediction_trace_{int(round(float(s0_km)
[113]
Overfull \hbox (25.95897pt too wide) in paragraph at lines 4605--4606
[]\TU/TimesNewRoman(0)/m/n/10.95 checkpoint_payload \TU/YuGothic(0)/m/n/10.95 に
 \TU/TimesNewRoman(0)/m/n/10.95 {’generated_utc’: datetime.now(timezone.utc).is
oformat(), ’profile_yaml’: args.profile_yaml,

Overfull \hbox (11.00398pt too wide) in paragraph at lines 4605--4606
\TU/TimesNewRoman(0)/m/n/10.95 ’s_km’: float(s0_km), ’prediction_steps’: int(Np
), ’control_dimensions’: int(Nc), ’u_seq_kmh’: np.asarray(u_seq,

Underfull \hbox (badness 1342) in paragraph at lines 4605--4606
\TU/TimesNewRoman(0)/m/n/10.95 sage’, ’fun’, ’nit’, ’cem_used’, ’shgo_used’, ’s
hgo_nfev’, ’shgo_local_minima’, ’discrete_global_proof’,

Underfull \hbox (badness 5345) in paragraph at lines 4605--4606
\TU/TimesNewRoman(0)/m/n/10.95 ’discrete_grid_levels’, ’discrete_grid_values’, 
’discrete_grid_candidates’, ’discrete_grid_nonfinite’, ’dis-

Underfull \hbox (badness 5924) in paragraph at lines 4605--4606
\TU/TimesNewRoman(0)/m/n/10.95 crete_grid_best_fun’, ’discrete_grid_best_x’, ’d
eterministic_seed_candidates’, ’finite_library_candidates’,

Underfull \hbox (badness 2564) in paragraph at lines 4605--4606
\TU/TimesNewRoman(0)/m/n/10.95 ’deterministic_seed_nonfinite’, ’selected_no_wor
se_than_grid’, ’selected_x’, ’finite_library_global_proof’,

Underfull \hbox (badness 1132) in paragraph at lines 4605--4606
\TU/TimesNewRoman(0)/m/n/10.95 ’selected_cost_recheck’, ’selected_prediction’, 
’selected_prediction_trace_csv’, ’selected_mission_feasible’,
[114] [115] [116] [117]
Overfull \hbox (1.10172pt too wide) in paragraph at lines 4763--4764
[]\TU/TimesNewRoman(0)/m/n/10.95 out \TU/YuGothic(0)/m/n/10.95 に \TU/TimesNewRo
man(0)/m/n/10.95 model.electrical_balance(best_v / 3.6, slope_leg, z_seed, Tb_s
eed, env_leg[’G_poa’], env_leg[’Tcell_C’],

Overfull \hbox (11.92926pt too wide) in paragraph at lines 4763--4764
\TU/TimesNewRoman(0)/m/n/10.95 headwind_ms=headwind_leg, ambient_temp_c=env_leg
.get(’Tamb_C’), elevation_m=env_leg.get(’elevation_m’,

Underfull \hbox (badness 8000) in paragraph at lines 4764--4765
[]\TU/TimesNewRoman(0)/m/n/10.95 z_seed \TU/YuGothic(0)/m/n/10.95 に \TU/TimesNe
wRoman(0)/m/n/10.95 float(np.clip(model.soc_step(z_seed, float(out[’P_pack’]), 
dt_seed, current_a=float(out[’I’]),
[118]
Overfull \hbox (13.06876pt too wide) in paragraph at lines 4823--4824
[]\TU/YuGothic(0)/m/n/10.95 戻 り 値 の 要 点\TU/TimesNewRoman(0)/m/n/10.95 : finish_
cost(J, ’horizon_complete’) / final_value / finish_cost(J + upper_cost_cfg.cons
traint_penalty
[119] [120]
Overfull \hbox (2.29019pt too wide) in paragraph at lines 4885--4886
[]\TU/TimesNewRoman(0)/m/n/10.95 finish_cost(J + upper_cost_cfg.constraint_pena
lty * (1.0 + missing_km) ** 2, ’zero_speed_before_horizon_end’)

Overfull \hbox (33.75562pt too wide) in paragraph at lines 4904--4905
[]\TU/TimesNewRoman(0)/m/n/10.95 out \TU/YuGothic(0)/m/n/10.95 に \TU/TimesNewRo
man(0)/m/n/10.95 model.electrical_balance(v_k / 3.6, slope_pct, z, Tb, env[’G_p
oa’], env[’Tcell_C’], headwind_ms=headwind_ms,

Overfull \hbox (4.31021pt too wide) in paragraph at lines 4904--4905
\TU/TimesNewRoman(0)/m/n/10.95 inertial_power_w=inertial_power_w, ambient_temp_
c=env.get(’Tamb_C’), elevation_m=env.get(’elevation_m’,
[121] [122]
Underfull \hbox (badness 2165) in paragraph at lines 4965--4966
[]\TU/YuGothic(0)/m/n/10.95 主 な ロ ー カ ル 代 入 名\TU/TimesNewRoman(0)/m/n/10.95 : f
inal_value, missing_distance_km, missing_fraction, mission_feasible, mis-

Underfull \hbox (badness 3199) in paragraph at lines 4986--4987
[]\TU/TimesNewRoman(0)/m/n/10.95 final_value \TU/YuGothic(0)/m/n/10.95 に \TU/Ti
mesNewRoman(0)/m/n/10.95 float(elapsed_plan_sec) if mission_feasible else 1e+18
 + 1000000000000000.0 * mis-
[123] [124]
Underfull \hbox (badness 1424) in paragraph at lines 5054--5055
[]\TU/TimesNewRoman(0)/m/n/10.95 payload \TU/YuGothic(0)/m/n/10.95 に \TU/TimesN
ewRoman(0)/m/n/10.95 {’generated_utc’: datetime.now(timezone.utc).isoformat(), 
’profile_yaml’: args.profile_yaml,
[125]
Underfull \hbox (badness 2600) in paragraph at lines 5089--5090
[]\TU/YuGothic(0)/m/n/10.95 定 義\TU/TimesNewRoman(0)/m/n/10.95 : $[][][][][][][]
[][] [] [][][][][][][][][] [] [][][][][][][][] [] [][][] [][] [][] [][] [][][] 
[][] [][] [] [][] [][] [][][] [][] [] [][] [][][][][] [] [][][][] [] [][][][][]
 [][] [][][][] []

Underfull \hbox (badness 1701) in paragraph at lines 5114--5115
[]\TU/TimesNewRoman(0)/m/n/10.95 out_metric_keys \TU/YuGothic(0)/m/n/10.95 に \T
U/TimesNewRoman(0)/m/n/10.95 (’P_pv_raw’, ’P_pv_unlimited’, ’P_pv_limit_loss’, 
’P_pv’, ’eta_panel’, ’eta_mppt’,

Underfull \hbox (badness 1997) in paragraph at lines 5114--5115
\TU/TimesNewRoman(0)/m/n/10.95 ’I’, ’V’, ’OCV’, ’Rint’, ’Rline’, ’Rpolarization
’, ’Rtotal’, ’iv_discriminant’, ’eta_charge’, ’losses_int’,
[126]
Overfull \hbox (95.21594pt too wide) in paragraph at lines 5141--5142
[]\TU/TimesNewRoman(0)/m/n/10.95 (v_exec, dt_sub) \TU/YuGothic(0)/m/n/10.95 に \
TU/TimesNewRoman(0)/m/n/10.95 advance_rate_limiter_to_distance_boundary(exec_li
miter, exec_target_kmh, start_time_sec=exec_sim_time_sec,

Overfull \hbox (38.22566pt too wide) in paragraph at lines 5142--5143
[]\TU/TimesNewRoman(0)/m/n/10.95 (v_exec, stop_snapped) \TU/YuGothic(0)/m/n/10.
95 に \TU/TimesNewRoman(0)/m/n/10.95 snap_execution_stop_speed_kmh(v_exec, exec_
target_kmh, stop_requested=bool(force_stop
[127]
Underfull \hbox (badness 2653) in paragraph at lines 5164--5165
[]\TU/TimesNewRoman(0)/m/n/10.95 out \TU/YuGothic(0)/m/n/10.95 に \TU/TimesNewRo
man(0)/m/n/10.95 model.electrical_balance(v_ms, slope_pct, z, Tb, env_sub[’G_po
a’], env_sub[’Tcell_C’], head-

Underfull \hbox (badness 1552) in paragraph at lines 5164--5165
\TU/TimesNewRoman(0)/m/n/10.95 wind_ms=headwind_ms, aux_power_w=env_sub.get(’au
x_power_w’), inertial_power_w=inertial_power_w,

Overfull \hbox (51.46408pt too wide) in paragraph at lines 5166--5167
[]\TU/TimesNewRoman(0)/m/n/10.95 forces \TU/YuGothic(0)/m/n/10.95 に \TU/TimesNe
wRoman(0)/m/n/10.95 model.resistive_forces(v_ms, slope_pct, headwind_ms=headwin
d_ms, ambient_temp_c=env_sub.get(’Tamb_C’),
[128]
Underfull \hbox (badness 3354) in paragraph at lines 5230--5231
[]\TU/YuGothic(0)/m/n/10.95 定 義\TU/TimesNewRoman(0)/m/n/10.95 : $[][][][][] [] 
[][][][][][][][][] [] [][][][][][][][][][][][][][] [][] [][][][][] [] [][][][] 
[] [][][] [][] [] [][] [][][][][] [] [][][] [][] [][][][] [] [][][][] [][] [][]
[][][] []

Underfull \hbox (badness 10000) in paragraph at lines 5230--5231
[][][][][] [] [][][] [] [][][] [][] [][][][][] [] [][][][][][] [] [][][][][][][
][] [] [][][][][][] [][] [][][] [] [][][][][] [] [][][][][][][][][][] [][] [][]
[][] [] [][] [][] [][][][][] []
[129]
Underfull \hbox (badness 3713) in paragraph at lines 5234--5235
\TU/TimesNewRoman(0)/m/n/10.95 label, lower_command_index, out_sub, power_key, 
row, s_end, s_start, soc_guard_intervention_rows,
[130]
Overfull \hbox (169.96176pt too wide) in paragraph at lines 5278--5279
\TU/TimesNewRoman(0)/m/n/10.95 ’time_utc’: step_time_utc.isoformat(), ’time_end
_utc’: step_end_utc.isoformat(), ’time_local’: step_time_utc.astimezone(detail_
local_tz).isoformat(),

Underfull \hbox (badness 5563) in paragraph at lines 5278--5279
\TU/TimesNewRoman(0)/m/n/10.95 if abs(dt_sub - detail_interval_sec) <= 1e-09 el
se ’boundary_remainder’, ’lower_command_rate_hz’:

Underfull \hbox (badness 10000) in paragraph at lines 5278--5279
\TU/TimesNewRoman(0)/m/n/10.95 1.0 / max(dt_sub, 1e-09), ’outer_step_requested_
dt_sec’: float(args.dt), ’outer_step_actual_dt_sec’:

Overfull \hbox (10.42511pt too wide) in paragraph at lines 5278--5279
\TU/TimesNewRoman(0)/m/n/10.95 float(outer_step_dt_sec), ’outer_step_boundary_r
eason’: str(outer_boundary_reason or ’planner_step_complete’),

Overfull \hbox (19.6781pt too wide) in paragraph at lines 5278--5279
\TU/TimesNewRoman(0)/m/n/10.95 s_start, ’s_end_km’: s_end, ’ds_step_km’: s_end 
- s_start, ’upper_speed_cmd_kmh’: float(upper_speed_cmd_kmh),

Overfull \hbox (53.726pt too wide) in paragraph at lines 5278--5279
\TU/TimesNewRoman(0)/m/n/10.95 ’speed_safety_override_active’: bool(speed_safet
y_override_active), ’soc_guard_intervened’: bool(soc_guard_intervened),

Underfull \hbox (badness 10000) in paragraph at lines 5278--5279
\TU/TimesNewRoman(0)/m/n/10.95 ’lower_reference_target_kmh’: v_target_sub, ’low
er_speed_cmd_kmh’: v_exec_sub, ’v_cmd_kmh’:

Overfull \hbox (3.16757pt too wide) in paragraph at lines 5278--5279
\TU/TimesNewRoman(0)/m/n/10.95 v_cmd_sub, ’v_exec_kmh’: v_exec_sub, ’v_exec_pre
vious_kmh’: v_exec_previous_sub, ’v_exec_target_kmh’:

Underfull \hbox (badness 1783) in paragraph at lines 5278--5279
\TU/TimesNewRoman(0)/m/n/10.95 v_target_sub, ’v_cmd_ms’: v_cmd_sub / 3.6, ’v_ex
ec_ms’: v_exec_ms_sub, ’acceleration_ms2’: ac-

Underfull \hbox (badness 2165) in paragraph at lines 5278--5279
\TU/TimesNewRoman(0)/m/n/10.95 celeration_ms2_sub, ’soc’: z_start, ’soc_end’: z
_end, ’usable_battery_start_Wh’: max(0.0, (z_start -

Underfull \hbox (badness 5133) in paragraph at lines 5278--5279
\TU/TimesNewRoman(0)/m/n/10.95 ’battery_charge_used_step_Ah’: (z_start - z_end)
 * float(model.p.Q_nom_Ah), ’soc_state_definition’:

Overfull \hbox (103.08624pt too wide) in paragraph at lines 5278--5279
\TU/TimesNewRoman(0)/m/n/10.95 float(substep[’Tb_end’]), ’slope_pct’: float(env
_sub.get(’slope_pct’, 0.0)), ’slope_scaled_pct’: float(forces_sub.get(’slope_sc
aled_pct’,

Underfull \hbox (badness 7451) in paragraph at lines 5278--5279
\TU/TimesNewRoman(0)/m/n/10.95 env_sub.get(’slope_pct’, 0.0))), ’headwind_ms’: 
float(env_sub.get(’headwind_ms’, 0.0)), ’v_rel_ms’:

Overfull \hbox (58.33638pt too wide) in paragraph at lines 5278--5279
\TU/TimesNewRoman(0)/m/n/10.95 float(forces_sub.get(’v_rel_ms’, v_exec_ms_sub +
 env_sub.get(’headwind_ms’, 0.0))), ’G_raw’: float(env_sub.get(’G_raw’,

Underfull \hbox (badness 10000) in paragraph at lines 5278--5279
\TU/TimesNewRoman(0)/m/n/10.95 env_sub.get(’G_poa’, 0.0))), ’G_drive_poa’: floa
t(env_sub.get(’G_drive_poa’, env_sub.get(’G_raw’,

Underfull \hbox (badness 1708) in paragraph at lines 5278--5279
\TU/TimesNewRoman(0)/m/n/10.95 0.0)), ’Tamb_C’: float(env_sub.get(’Tamb_C’, 30.
0)), ’Tcell_drive_C’: float(env_sub.get(’Tcell_drive_C’,

Underfull \hbox (badness 7504) in paragraph at lines 5278--5279
\TU/TimesNewRoman(0)/m/n/10.95 env_sub.get(’Tcell_C’, 40.0))), ’Tcell_stop_C’: 
float(env_sub.get(’Tcell_stop_C’, env_sub.get(’Tcell_C’,

Underfull \hbox (badness 3780) in paragraph at lines 5278--5279
\TU/TimesNewRoman(0)/m/n/10.95 40.0))), ’Tcell_control_stop_C’: float(env_sub.g
et(’Tcell_control_stop_C’, env_sub.get(’Tcell_C’, 40.0))),

Underfull \hbox (badness 7740) in paragraph at lines 5278--5279
\TU/TimesNewRoman(0)/m/n/10.95 ’Tcell_C’: float(env_sub.get(’Tcell_C’, 40.0)), 
’panel_stop_mode’: str(env_sub.get(’panel_stop_mode’,

Overfull \hbox (14.96768pt too wide) in paragraph at lines 5278--5279
\TU/TimesNewRoman(0)/m/n/10.95 ’drive’)), ’P_pv_raw’: float(out_sub.get(’P_pv_r
aw’, 0.0)), ’P_pv_unlimited’: float(out_sub.get(’P_pv_unlimited’,

Underfull \hbox (badness 7759) in paragraph at lines 5278--5279
\TU/TimesNewRoman(0)/m/n/10.95 out_sub.get(’P_pv’, 0.0))), ’P_pv_limit_loss’: f
loat(out_sub.get(’P_pv_limit_loss’, 0.0)), ’eta_panel’:

Overfull \hbox (28.79668pt too wide) in paragraph at lines 5278--5279
\TU/TimesNewRoman(0)/m/n/10.95 float(out_sub.get(’eta_panel’, 0.0)), ’eta_mppt’
: float(out_sub.get(’eta_mppt’, 0.0)), ’P_pv’: float(out_sub.get(’P_pv’,

Overfull \hbox (65.2931pt too wide) in paragraph at lines 5278--5279
\TU/TimesNewRoman(0)/m/n/10.95 float(out_sub.get(’P_road_load’, 0.0)), ’P_inert
ia’: float(out_sub.get(’P_inertia’, 0.0)), ’P_mech’: float(out_sub.get(’P_mech’
,

Overfull \hbox (15.85522pt too wide) in paragraph at lines 5278--5279
\TU/TimesNewRoman(0)/m/n/10.95 0.0)), ’P_mech_wheel’: float(out_sub.get(’P_mech
_wheel’, 0.0)), ’P_dc_to_drv’: float(out_sub.get(’P_dc_to_drv’,

Underfull \hbox (badness 5359) in paragraph at lines 5278--5279
\TU/TimesNewRoman(0)/m/n/10.95 ’P_vehicle_load_w’: float(out_sub.get(’P_dc_to_d
rv’, 0.0)) - float(out_sub.get(’P_reg_to_dc’, 0.0)) +

Overfull \hbox (15.44919pt too wide) in paragraph at lines 5278--5279
\TU/TimesNewRoman(0)/m/n/10.95 float(out_sub.get(’I’, 0.0)) * float(out_sub.get
(’V’, 0.0)), ’power_balance_residual_W’: float(out_sub.get(’P_pack’,

Underfull \hbox (badness 3930) in paragraph at lines 5278--5279
\TU/TimesNewRoman(0)/m/n/10.95 0.0)) - float(out_sub.get(’I’, 0.0)) * float(out
_sub.get(’V’, 0.0)), ’I’: float(out_sub.get(’I’, 0.0)), ’V’:

Underfull \hbox (badness 10000) in paragraph at lines 5278--5279
\TU/TimesNewRoman(0)/m/n/10.95 float(out_sub.get(’V’, 0.0)), ’OCV’: float(out_s
ub.get(’OCV’, 0.0)), ’Rint’: float(out_sub.get(’Rint’,

Underfull \hbox (badness 2035) in paragraph at lines 5278--5279
\TU/TimesNewRoman(0)/m/n/10.95 0.0)), ’Rline’: float(out_sub.get(’Rline’, 0.0))
, ’Rpolarization’: float(out_sub.get(’Rpolarization’, 0.0)),

Underfull \hbox (badness 3826) in paragraph at lines 5278--5279
\TU/TimesNewRoman(0)/m/n/10.95 ’Rtotal’: float(out_sub.get(’Rtotal’, 0.0)), ’iv
_discriminant’: float(out_sub.get(’iv_discriminant’, 0.0)),

Underfull \hbox (badness 8113) in paragraph at lines 5278--5279
\TU/TimesNewRoman(0)/m/n/10.95 ’eta_charge’: float(out_sub.get(’eta_charge’, 1.
0)), ’losses_int’: float(out_sub.get(’losses_int’, 0.0)),

Underfull \hbox (badness 4229) in paragraph at lines 5278--5279
\TU/TimesNewRoman(0)/m/n/10.95 ’losses_rint’: float(out_sub.get(’losses_rint’, 
0.0)), ’losses_line’: float(out_sub.get(’losses_line’, 0.0)),

Underfull \hbox (badness 1371) in paragraph at lines 5278--5279
\TU/TimesNewRoman(0)/m/n/10.95 ’losses_polarization’: float(out_sub.get(’losses
_polarization’, 0.0)), ’eff_drv’: float(out_sub.get(’eff_drv’,

Underfull \hbox (badness 10000) in paragraph at lines 5278--5279
\TU/TimesNewRoman(0)/m/n/10.95 0.0)), ’omega_wheel_radps’: float(out_sub.get(’o
mega_wheel_radps’, 0.0)), ’drive_mode_selected’:

Underfull \hbox (badness 10000) in paragraph at lines 5278--5279
\TU/TimesNewRoman(0)/m/n/10.95 model.select_drive_mode(v_exec_ms_sub, torque_dr
ive_nm), ’F_aero’: float(forces_sub.get(’F_aero’,

Underfull \hbox (badness 6477) in paragraph at lines 5278--5279
\TU/TimesNewRoman(0)/m/n/10.95 0.0)), ’F_roll’: float(forces_sub.get(’F_roll’, 
0.0)), ’F_grade’: float(forces_sub.get(’F_grade’, 0.0)),
[131] [132]
ignored error: Infinite glue shrinkage found in box being split [133]
ignored error: Infinite glue shrinkage found in box being split [134] [135]
(C:\Users\user\OneDrive - 和歌山大学\ソーラー\エネマネ\solar_ws0129-main\docs\program_refere
nce_complete_20260729\build\10_scripts_solar_sim_py\10_scripts_solar_sim_py.aux
)

LaTeX Font Warning: Some font shapes were not available, defaults substituted.

 )
(see the transcript file for additional information)
Output written on C:\Users\user\OneDrive - 和歌山大学\ソーラー\エネマネ\solar_ws0129-main\do
cs\program_reference_complete_20260729\build\10_scripts_solar_sim_py\10_scripts
_solar_sim_py.pdf (135 pages).
Transcript written on "C:\Users\user\OneDrive - 和歌山大学\ソーラー\エネマネ\solar_ws0129-ma
in\docs\program_reference_complete_20260729\build\10_scripts_solar_sim_py\10_sc
ripts_solar_sim_py.log".

miktex-dvipdfmx: major issue: So far, you have not checked for MiKTeX updates.
xelatex: major issue: So far, you have not checked for MiKTeX updates.


===== xelatex pass 2 =====
This is XeTeX, Version 3.141592653-2.6-0.999997 (MiKTeX 25.12) (preloaded format=xelatex.fmt)
 restricted \write18 enabled.
entering extended mode

(C:/Users/user/OneDrive - 和歌山大学/ソーラー/エネマネ/solar_ws0129-main/docs/program_refere
nce_complete_20260729/tex/10_scripts_solar_sim_py.tex
LaTeX2e <2025-11-01>
L3 programming layer <2025-12-24>
(C:\Users\user\AppData\Local\Programs\MiKTeX\tex/latex/base\article.cls
Document Class: article 2025/01/22 v1.4n Standard LaTeX document class
(C:\Users\user\AppData\Local\Programs\MiKTeX\tex/latex/base\size11.clo))
(C:\Users\user\AppData\Local\Programs\MiKTeX\tex/latex/geometry\geometry.sty
(C:\Users\user\AppData\Local\Programs\MiKTeX\tex/latex/graphics\keyval.sty)
(C:\Users\user\AppData\Local\Programs\MiKTeX\tex/generic/iftex\ifvtex.sty
(C:\Users\user\AppData\Local\Programs\MiKTeX\tex/generic/iftex\iftex.sty))
(C:\Users\user\AppData\Local\Programs\MiKTeX\tex/latex/geometry\geometry.cfg))
(C:\Users\user\AppData\Local\Programs\MiKTeX\tex/latex/fontspec\fontspec.sty
(C:\Users\user\AppData\Local\Programs\MiKTeX\tex/latex/l3packages/xparse\xparse
.sty (C:\Users\user\AppData\Local\Programs\MiKTeX\tex/latex/l3kernel\expl3.sty
(C:\Users\user\AppData\Local\Programs\MiKTeX\tex/latex/l3backend\l3backend-xete
x.def)))
(C:\Users\user\AppData\Local\Programs\MiKTeX\tex/latex/fontspec\fontspec-xetex.
sty (C:\Users\user\AppData\Local\Programs\MiKTeX\tex/latex/base\fontenc.sty)
(C:\Users\user\AppData\Local\Programs\MiKTeX\tex/latex/fontspec\fontspec.cfg)))
(C:\Users\user\AppData\Local\Programs\MiKTeX\tex/xelatex/xecjk\xeCJK.sty
(C:\Users\user\AppData\Local\Programs\MiKTeX\tex/latex/ctex\ctexhook.sty)
(C:\Users\user\AppData\Local\Programs\MiKTeX\tex/latex/l3packages/xtemplate\xte
mplate.sty)
(C:\Users\user\AppData\Local\Programs\MiKTeX\tex/xelatex/xecjk\xeCJK.cfg))
(C:\Users\user\AppData\Local\Programs\MiKTeX\tex/latex/booktabs\booktabs.sty)
(C:\Users\user\AppData\Local\Programs\MiKTeX\tex/latex/tools\longtable.sty)
(C:\Users\user\AppData\Local\Programs\MiKTeX\tex/latex/tools\tabularx.sty
(C:\Users\user\AppData\Local\Programs\MiKTeX\tex/latex/tools\array.sty))
(C:\Users\user\AppData\Local\Programs\MiKTeX\tex/latex/enumitem\enumitem.sty)
(C:\Users\user\AppData\Local\Programs\MiKTeX\tex/latex/hyperref\hyperref.sty
(C:\Users\user\AppData\Local\Programs\MiKTeX\tex/latex/kvsetkeys\kvsetkeys.sty)

(C:\Users\user\AppData\Local\Programs\MiKTeX\tex/generic/kvdefinekeys\kvdefinek
eys.sty)
(C:\Users\user\AppData\Local\Programs\MiKTeX\tex/generic/pdfescape\pdfescape.st
y (C:\Users\user\AppData\Local\Programs\MiKTeX\tex/generic/ltxcmds\ltxcmds.sty)

(C:\Users\user\AppData\Local\Programs\MiKTeX\tex/generic/pdftexcmds\pdftexcmds.
sty
(C:\Users\user\AppData\Local\Programs\MiKTeX\tex/generic/infwarerr\infwarerr.st
y))) (C:\Users\user\AppData\Local\Programs\MiKTeX\tex/latex/hycolor\hycolor.sty
) (C:\Users\user\AppData\Local\Programs\MiKTeX\tex/latex/hyperref\nameref.sty
(C:\Users\user\AppData\Local\Programs\MiKTeX\tex/latex/refcount\refcount.sty)
(C:\Users\user\AppData\Local\Programs\MiKTeX\tex/generic/gettitlestring\gettitl
estring.sty
(C:\Users\user\AppData\Local\Programs\MiKTeX\tex/latex/kvoptions\kvoptions.sty)
)) (C:\Users\user\AppData\Local\Programs\MiKTeX\tex/latex/etoolbox\etoolbox.sty
)
(C:\Users\user\AppData\Local\Programs\MiKTeX\tex/generic/stringenc\stringenc.st
y) (C:\Users\user\AppData\Local\Programs\MiKTeX\tex/latex/hyperref\pd1enc.def)
(C:\Users\user\AppData\Local\Programs\MiKTeX\tex/generic/intcalc\intcalc.sty)
(C:\Users\user\AppData\Local\Programs\MiKTeX\tex/latex/hyperref\puenc.def)
(C:\Users\user\AppData\Local\Programs\MiKTeX\tex/latex/url\url.sty)
(C:\Users\user\AppData\Local\Programs\MiKTeX\tex/generic/bitset\bitset.sty
(C:\Users\user\AppData\Local\Programs\MiKTeX\tex/generic/bigintcalc\bigintcalc.
sty)))
(C:\Users\user\AppData\Local\Programs\MiKTeX\tex/latex/hyperref\hxetex.def
(C:\Users\user\AppData\Local\Programs\MiKTeX\tex/latex/rerunfilecheck\rerunfile
check.sty
(C:\Users\user\AppData\Local\Programs\MiKTeX\tex/generic/uniquecounter\uniqueco
unter.sty)))
(C:\Users\user\AppData\Local\Programs\MiKTeX\tex/latex/listings\listings.sty
(C:\Users\user\AppData\Local\Programs\MiKTeX\tex/latex/listings\lstpatch.sty)
(C:\Users\user\AppData\Local\Programs\MiKTeX\tex/latex/listings\lstmisc.sty)
(C:\Users\user\AppData\Local\Programs\MiKTeX\tex/latex/listings\listings.cfg))
(C:\Users\user\AppData\Local\Programs\MiKTeX\tex/xelatex/xecjk\xeCJK-listings.s
ty)
==> First Aid for listings.sty no longer applied!
    Expected:
        2024/09/23 1.10c (Carsten Heinz)
    but found:
        2025/11/14 1.11b (Carsten Heinz)
    so I'm assuming it got fixed.
(C:\Users\user\AppData\Local\Programs\MiKTeX\tex/latex/xcolor\xcolor.sty
(C:\Users\user\AppData\Local\Programs\MiKTeX\tex/latex/graphics-cfg\color.cfg)
(C:\Users\user\AppData\Local\Programs\MiKTeX\tex/latex/graphics-def\xetex.def)
(C:\Users\user\AppData\Local\Programs\MiKTeX\tex/latex/graphics\mathcolor.ltx))
 (C:\Users\user\AppData\Local\Programs\MiKTeX\tex/latex/amsmath\amsmath.sty
For additional information on amsmath, use the `?' option.
(C:\Users\user\AppData\Local\Programs\MiKTeX\tex/latex/amsmath\amstext.sty
(C:\Users\user\AppData\Local\Programs\MiKTeX\tex/latex/amsmath\amsgen.sty))
(C:\Users\user\AppData\Local\Programs\MiKTeX\tex/latex/amsmath\amsbsy.sty)
(C:\Users\user\AppData\Local\Programs\MiKTeX\tex/latex/amsmath\amsopn.sty))
(C:\Users\user\AppData\Local\Programs\MiKTeX\tex/latex/amsfonts\amssymb.sty
(C:\Users\user\AppData\Local\Programs\MiKTeX\tex/latex/amsfonts\amsfonts.sty))
(C:\Users\user\OneDrive - 和歌山大学\ソーラー\エネマネ\solar_ws0129-main\docs\program_refere
nce_complete_20260729\build\10_scripts_solar_sim_py\10_scripts_solar_sim_py.aux
)
*geometry* driver: auto-detecting
*geometry* detected driver: xetex

(C:\Users\user\OneDrive - 和歌山大学\ソーラー\エネマネ\solar_ws0129-main\docs\program_refere
nce_complete_20260729\build\10_scripts_solar_sim_py\10_scripts_solar_sim_py.out
)
(C:\Users\user\OneDrive - 和歌山大学\ソーラー\エネマネ\solar_ws0129-main\docs\program_refere
nce_complete_20260729\build\10_scripts_solar_sim_py\10_scripts_solar_sim_py.out
) (C:\Users\user\AppData\Local\Programs\MiKTeX\tex/latex/amsfonts\umsa.fd)
(C:\Users\user\AppData\Local\Programs\MiKTeX\tex/latex/amsfonts\umsb.fd)
(C:\Users\user\OneDrive - 和歌山大学\ソーラー\エネマネ\solar_ws0129-main\docs\program_refere
nce_complete_20260729\build\10_scripts_solar_sim_py\10_scripts_solar_sim_py.toc
[1] [2] [3]) [4] [5]
(C:\Users\user\AppData\Local\Programs\MiKTeX\tex/latex/listings\lstlang1.sty)
Overfull \hbox (42.79407pt too wide) in paragraph at lines 130--131
\TU/YuGothic(0)/m/n/10.95 主 要 ク ラ ス は \TU/TimesNewRoman(0)/m/n/10.95 DetailCsvS
tream\TU/YuGothic(0)/m/n/10.95 。|  主 要 関 数 は \TU/TimesNewRoman(0)/m/n/10.95 loa
d_yaml, sim_log, select_optimized_vector, limit_step_duration_to_distance,

Underfull \hbox (badness 10000) in paragraph at lines 130--131
\TU/TimesNewRoman(0)/m/n/10.95 terminal_soc_predictions, advance_rate_limiter_t
o_distance_boundary, snap_execution_stop_speed_kmh,

Underfull \hbox (badness 10000) in paragraph at lines 140--140
[]|$[][][][][][] [] [][][][][][][][][] []

Underfull \hbox (badness 10000) in paragraph at lines 141--141
[]|$[][][][][] [] [][][][] [] [][][][][][][][] []

Underfull \hbox (badness 10000) in paragraph at lines 142--142
[]|$[][][][][][][][] [] [][][] []

Underfull \hbox (badness 10000) in paragraph at lines 143--143
[]|$[][][][][][][] [] [][][][] [] [][][][][][][] []

Underfull \hbox (badness 10000) in paragraph at lines 144--144
[]|$[][][][] [] [][][][][][][][][] [] [][][][] []

Underfull \hbox (badness 10000) in paragraph at lines 145--145
[]|$[][][][][][] [] [][][][][][][][][][][] []

Underfull \hbox (badness 10000) in paragraph at lines 146--146
[]|$[][][][][][] [] [][][][][][][][][][] []

Underfull \hbox (badness 10000) in paragraph at lines 146--146
[][][][][][][][][][][] [] [][][][] []

Underfull \hbox (badness 10000) in paragraph at lines 148--148
[]|$[][][] [] [][][][][][][][][] []

Underfull \hbox (badness 10000) in paragraph at lines 152--152
[]|$[][][][][][][][] [] [][][][][][][][] []

Underfull \hbox (badness 10000) in paragraph at lines 153--153
[]|$[][][][] [] [][][][][][][][] []

Underfull \hbox (badness 10000) in paragraph at lines 154--154
[]|$[][][][][] [] [][][][][][][][] []

Underfull \hbox (badness 10000) in paragraph at lines 155--155
[]|$[][][][][] [] [][][][][][][][] [] [][][][] []

Underfull \hbox (badness 10000) in paragraph at lines 157--157
[]|$[][][][] [] [][][][][][][][] []

Underfull \hbox (badness 10000) in paragraph at lines 169--169
[]|$[][][][][] [] [][][][][][][] [] [][][] [] [][] []

Underfull \hbox (badness 10000) in paragraph at lines 170--170
[]|$[][][][][] [] [][][][][][][] []

Underfull \hbox (badness 10000) in paragraph at lines 172--172
[]|$[][][][][][][][] [] [][][][][] []

Underfull \hbox (badness 10000) in paragraph at lines 180--180
[]|$[][][][][][][] [] [][][][][][] [] [][][] []

Underfull \hbox (badness 10000) in paragraph at lines 182--182
[]|$[][][][][] [] [][][][][][][][][][] []

Underfull \hbox (badness 10000) in paragraph at lines 183--184
[]|\TU/TimesNewRoman(0)/m/n/10.95 args: model, data, z0, Tb0, s0_km,

Underfull \hbox (badness 10000) in paragraph at lines 183--184
\TU/TimesNewRoman(0)/m/n/10.95 v0_kmh, v_max_kmh, term_soc_min,

Underfull \hbox (badness 10000) in paragraph at lines 183--184
\TU/TimesNewRoman(0)/m/n/10.95 w_dv, w_dv_limit, dv_max_kmhps,

Underfull \hbox (badness 10000) in paragraph at lines 183--184
\TU/TimesNewRoman(0)/m/n/10.95 w_T, w_speed_limit, w_current,

Underfull \hbox (badness 10000) in paragraph at lines 183--184
\TU/TimesNewRoman(0)/m/n/10.95 speed_profile, soc_target, soc_band,

Underfull \hbox (badness 10000) in paragraph at lines 183--184
\TU/TimesNewRoman(0)/m/n/10.95 w_soc_target, w_soc_band, schedule,

Underfull \hbox (badness 10000) in paragraph at lines 183--184
\TU/TimesNewRoman(0)/m/n/10.95 soc_day_end_max, w_soc_day_max,

Underfull \hbox (badness 10000) in paragraph at lines 183--184
\TU/TimesNewRoman(0)/m/n/10.95 soc_finish_target, soc_finish_tol,

Underfull \hbox (badness 3058) in paragraph at lines 183--184
\TU/TimesNewRoman(0)/m/n/10.95 w_soc_progress, w_soc_terminal, race_km,

Underfull \hbox (badness 10000) in paragraph at lines 183--184
\TU/TimesNewRoman(0)/m/n/10.95 soc_day_end_target, soc_day_end_tol,

Underfull \hbox (badness 3872) in paragraph at lines 186--187
[]|\TU/TimesNewRoman(0)/m/n/10.95 args: model, v_kmh, z, Tb, s_km, d0,

Underfull \hbox (badness 3872) in paragraph at lines 188--189
[]|\TU/TimesNewRoman(0)/m/n/10.95 args: model, v_kmh, z, Tb, s_km, d0,

Underfull \hbox (badness 10000) in paragraph at lines 191--191
[]|$[][][][][][][][][][][] [] [][][][] []

Underfull \hbox (badness 10000) in paragraph at lines 193--193
[]|$[][][][][][][][][] [] [][][][][] [] [][][][] []

Underfull \hbox (badness 10000) in paragraph at lines 194--194
[]|$[][][][][][][][][] [] [][][][][] [] [][] []

Underfull \hbox (badness 10000) in paragraph at lines 195--195
[]|$[][][][][][][][][] [] [][][][][][][][] []
ignored error: Infinite glue shrinkage found in box being split [6]
ignored error: Infinite glue shrinkage found in box being split [7]
Underfull \hbox (badness 10000) in paragraph at lines 207--208
[]|\TU/TimesNewRoman(0)/m/n/10.95 (’OPENBLAS_NUM_THREADS’, ’OMP_NUM_THREADS’, ’
MKL_NUM_THREADS’,
ignored error: Infinite glue shrinkage found in box being split [8]
Underfull \hbox (badness 10000) in paragraph at lines 270--270
[]|$[][][][][][][][][][][][][][][][][][][][][][][][][][] [][]

Underfull \hbox (badness 10000) in paragraph at lines 274--274
[]|$[][][][][][][] [] [][][][][][][][] []

Underfull \hbox (badness 10000) in paragraph at lines 274--274
[][][][][][][][][][][][][][][][][][][][][][][][] [][]

Underfull \hbox (badness 10000) in paragraph at lines 275--275
[]|$[][][][][][][] [] [][][][][][][][] [] [][][][][] []

Underfull \hbox (badness 10000) in paragraph at lines 275--275
[][][][][][][][][][][][][][][][][][] [] [][][][][][][] [][]

Underfull \hbox (badness 10000) in paragraph at lines 276--276
[]|$[][][][][][][] [] [][][][][][][][] [] [][][][][][][][] []

Underfull \hbox (badness 10000) in paragraph at lines 277--277
[]|$[][][][][][][] [] [][][][][][][][] [] [][][][][][] []

Overfull \hbox (1.43753pt too wide) in paragraph at lines 277--277
[][][][][][][][][][][][][][][][][][][][][][][][][][][][]$| 

Underfull \hbox (badness 10000) in paragraph at lines 278--278
[]|$[][][][][][][] [] [][][][][][][][] [] [][][][][] []

Underfull \hbox (badness 10000) in paragraph at lines 278--278
[][][][][][][][][][][][][][][][] [] [][][][] [][] [][][] []

Underfull \hbox (badness 10000) in paragraph at lines 278--278
[][][][][][][] [][] [][][][] [] [][][][][][][][][][][][][] []

Underfull \hbox (badness 10000) in paragraph at lines 279--279
[]|$[][][][][][][] [] [][][][][][][][] [] [][][][][] []

Underfull \hbox (badness 10000) in paragraph at lines 279--279
[][][][][][][][][][][][][][][][] [] [][][][][] []

Underfull \hbox (badness 10000) in paragraph at lines 279--279
[][][][] [] [][][][][] [][] [][][][] [] [][][][][] [] [][][][] []

Underfull \hbox (badness 10000) in paragraph at lines 279--279
[][][][][][] [][] [][][][] [] [][][][][][][] [][] [][][][][] []

Underfull \hbox (badness 10000) in paragraph at lines 279--279
[][][][][] [] [][][][] [][] [][][][][] [] [][][][][][][][] []

Underfull \hbox (badness 10000) in paragraph at lines 280--280
[]|$[][][][][][][] [] [][][][][][][][] [] [][][][][] []

Underfull \hbox (badness 10000) in paragraph at lines 280--280
[][][][][][][][][][][][][][][][][][] [] [][][][][] []

Underfull \hbox (badness 10000) in paragraph at lines 280--280
[][][][][][][][] [] [][][][][][][] [][] [][][][] []

Underfull \hbox (badness 10000) in paragraph at lines 280--281
[]|\TU/YuGothic(0)/m/n/10.95 上 位 \TU/TimesNewRoman(0)/m/n/10.95 MPC \TU/YuGothi
c(0)/m/n/10.95 距 離 メ ッ シ ュ 生 成 か ら

Underfull \hbox (badness 10000) in paragraph at lines 280--281
\TU/TimesNewRoman(0)/m/n/10.95 build_upper_distance_horizon, plan_segment_index


Underfull \hbox (badness 10000) in paragraph at lines 281--281
[]|$[][][][][][][] [] [][][][][][][][] [] [][][][][] []

Underfull \hbox (badness 10000) in paragraph at lines 281--281
[][][][][][][][][][][][][][][][][][][][] []

Underfull \hbox (badness 10000) in paragraph at lines 281--281
[][][][][][][] [] [][][][][][][][][] [][] [][][][][] []

Underfull \hbox (badness 3417) in paragraph at lines 281--282
[]|\TU/YuGothic(0)/m/n/10.95 上 位 速 度 計 画 の 補 間 と \TU/TimesNewRoman(0)/m/n/10.95
 warm start \TU/YuGothic(0)/m/n/10.95 か ら \TU/TimesNewRoman(0)/m/n/10.95 ab-

Underfull \hbox (badness 10000) in paragraph at lines 282--282
[]|$[][][][][][][] [] [][][][][][][][] [] [][][][][] []

Underfull \hbox (badness 10000) in paragraph at lines 282--282
[][][][][][][][][][][][][][][][][][] [] [][][][][][][] []

Underfull \hbox (badness 10000) in paragraph at lines 283--283
[]|$[][][][][][][][][] []
ignored error: Infinite glue shrinkage found in box being split [9]
ignored error: Infinite glue shrinkage found in box being split [10] [11]

LaTeX Font Warning: Font shape `TU/YuGothic(0)/m/it' undefined
(Font)              using `TU/YuGothic(0)/m/n' instead on input line 305.

[12] [13] [14] [15] [16] [17] [18] [19] [20]
Underfull \hbox (badness 10000) in paragraph at lines 787--788
[]\TU/YuGothic(0)/m/n/10.95 定 義\TU/TimesNewRoman(0)/m/n/10.95 : $[][][][][] [] 
[][][][] [] [][][][][][][][] [] [][] [] [][][][][][][][][][][][][] [] [][][] []
 [][][][][] [][] [][][][][] [] [][][] [] [][][][][] [][] [][] [] [][] []
[21] [22]
Underfull \hbox (badness 10000) in paragraph at lines 887--888
[]\TU/YuGothic(0)/m/n/10.95 定 義\TU/TimesNewRoman(0)/m/n/10.95 : $[][][][][][][]
 [] [][][][] [] [][][][][][][] [] [][] [] [][][][][][][][] [] [][][][][][][][][
][][][][][][][] [][] [][][][][][] [] [][][] [] [][][][][] [][] [] [][]

Underfull \hbox (badness 10000) in paragraph at lines 887--888
[][][][][] [] [][][][] [] [][][] [] [][][][][] [][] [][][][] [] [][][] [] [][][
][][] [][] [][] [] [][] [] [][][][][] [][] [][][][][][][][] [] [][][][][] [] []
[] [] [][][][][] [] [][][][] []
[23] [24]
Underfull \hbox (badness 10000) in paragraph at lines 967--968
[]\TU/YuGothic(0)/m/n/10.95 定 義\TU/TimesNewRoman(0)/m/n/10.95 : $[][][][] [] []
[][][][][][][][] [] [][][][] [] [][][][][] [] [][][][][][][][][] [] [][][] [] [
][][][][] [][] [][][][][][] [] [][][] [] [][][][][] [][] [] [][] [][][][] []
[25]
Underfull \hbox (badness 1024) in paragraph at lines 1013--1014
[]\TU/YuGothic(0)/m/n/10.95 定 義\TU/TimesNewRoman(0)/m/n/10.95 : $[][][][][][] [
] [][][][][][][][][][][] [] [][][][] [] [][][][][][][][][][][][][][][][][][] []
 [][][][] [] [][][] [] [][][][][] [][] [][][][][][][] [] [][][][] [] [][][] []
[26]
Underfull \hbox (badness 10000) in paragraph at lines 1045--1046
[]\TU/YuGothic(0)/m/n/10.95 定 義\TU/TimesNewRoman(0)/m/n/10.95 : $[][][][][][] [
] [][][][][][][][][][] [] [][][][][][][][][][][] [] [][][][] [] [][][][][][][][
][][][][][][][][][][] [] [][][][] [] [][][] [] [][][][][] [][]
[27]
Underfull \hbox (badness 10000) in paragraph at lines 1084--1085
[]\TU/YuGothic(0)/m/n/10.95 定 義\TU/TimesNewRoman(0)/m/n/10.95 : $[][][][][] [] 
[][][][][] [] [][][][][][][][][][][][][][][] [] [][][] [] [][][] [][] [][][][][
][][][][][] [] [][][][] [][] [][][] [] [][][][][] [] [][][][] [] [][] [][]
[28]
Overfull \hbox (19.08997pt too wide) in paragraph at lines 1118--1119
[]\TU/TimesNewRoman(0)/m/n/10.95 snapshot_id \TU/YuGothic(0)/m/n/10.95 に \TU/Ti
mesNewRoman(0)/m/n/10.95 hashlib.sha256(json.dumps(canonical, sort_keys=True, e
nsure_ascii=False, default=str).encode(’utf-
[29]
Underfull \hbox (badness 2726) in paragraph at lines 1193--1194
[]\TU/TimesNewRoman(0)/m/n/10.95 inside \TU/YuGothic(0)/m/n/10.95 に \TU/TimesNe
wRoman(0)/m/n/10.95 subprocess.run([’git’, ’rev-parse’, ’–is-inside-work-tree’]
, cwd=root_dir, capture_output=True,
[30]
Underfull \hbox (badness 6641) in paragraph at lines 1200--1201
[]\TU/TimesNewRoman(0)/m/n/10.95 head \TU/YuGothic(0)/m/n/10.95 に \TU/TimesNewR
oman(0)/m/n/10.95 subprocess.run([’git’, ’rev-parse’, ’HEAD’], cwd=root_dir, ca
pture_output=True, text=True,
[31] [32] [33] [34] [35] [36]
Overfull \hbox (70.79263pt too wide) in paragraph at lines 1470--1471
[]\TU/TimesNewRoman(0)/m/n/10.95 df \TU/YuGothic(0)/m/n/10.95 に \TU/TimesNewRom
an(0)/m/n/10.95 df.loc[df[’time’].notna()].sort_values(sort_cols).drop_duplicat
es(subset=dedup_cols, keep=’last’).reset_index(drop=True)

Underfull \hbox (badness 4229) in paragraph at lines 1506--1507
[]\TU/YuGothic(0)/m/n/10.95 定 義\TU/TimesNewRoman(0)/m/n/10.95 : $[][][][][] [] 
[][][][][][][][] [] [][][][][][][][][][][][][][][][][][] [] [][] [] [][][][][][
][][][] [][] [][][][][][][][] [] [][] [] [][][][][][][][][] [] [][] [][] [][] [
]
[37] [38]
Overfull \hbox (22.32399pt too wide) in paragraph at lines 1585--1586
[]\TU/TimesNewRoman(0)/m/n/10.95 (’GHI’, ’DNI’, ’DHI’, ’POA_drive’, ’POA_stop_i
deal’, ’Tamb_C’, ’Tcell_C’, ’Tcell_drive_C’, ’Tcell_stop_ideal_C’,
[39]
Overfull \hbox (92.47313pt too wide) in paragraph at lines 1588--1589
[]\TU/TimesNewRoman(0)/m/n/10.95 pivot \TU/YuGothic(0)/m/n/10.95 に \TU/TimesNew
Roman(0)/m/n/10.95 work.pivot(index=’time’, columns=dist_col, values=col).reind
ex(index=time_index, columns=s_grid).apply(pd.to_numeric,

Overfull \hbox (129.9044pt too wide) in paragraph at lines 1588--1589
\TU/TimesNewRoman(0)/m/n/10.95 errors=’coerce’).interpolate(axis=0, limit_direc
tion=’both’).interpolate(axis=1, limit_direction=’both’).ffill().bfill().ffill(
axis=1).bfill(axis=1)
[40]
Underfull \hbox (badness 10000) in paragraph at lines 1638--1639
[]\TU/YuGothic(0)/m/n/10.95 定 義\TU/TimesNewRoman(0)/m/n/10.95 : $[][][][][][] [
] [][][][][][][][] [] [][][][][][][][][][][][] [] [][][][] [] [][][][] [][] [][
][] [] [][][] [][] [] [] [][][] [] [][][][][][][][] [][] [] [] [][] [] [][][][]
[] []
[41] [42] [43] [44] [45] [46] [47] [48] [49] [50] [51] [52] [53] [54]
Underfull \hbox (badness 10000) in paragraph at lines 2290--2291
[]\TU/YuGothic(0)/m/n/10.95 定 義\TU/TimesNewRoman(0)/m/n/10.95 : $[][][][][] [] 
[][][][][][][] [] [][][] [] [][] [] [][][][][][][][][][][][] [] [][][][] [][] [
][][][][][][] [] [][][] [][] [][][][] [][] [] [][] [][][][][] [] [][][][][][] [
]

Underfull \hbox (badness 3977) in paragraph at lines 2294--2295
\TU/TimesNewRoman(0)/m/n/10.95 latest_manifest_json, live_cfg, logging_cfg, mpc
_cfg, output_dir, output_prefix, output_tag, plan_csv,
[55]
Underfull \hbox (badness 2556) in paragraph at lines 2319--2320
[]\TU/TimesNewRoman(0)/m/n/10.95 args.progress_reference_csv \TU/YuGothic(0)/m/
n/10.95 に \TU/TimesNewRoman(0)/m/n/10.95 get_path(profile_cfg, profile_path, ’p
rogress_reference_csv’, getattr(args,

Overfull \hbox (19.05786pt too wide) in paragraph at lines 2323--2324
[]\TU/TimesNewRoman(0)/m/n/10.95 args.drive_schedule_yaml \TU/YuGothic(0)/m/n/1
0.95 に \TU/TimesNewRoman(0)/m/n/10.95 get_path(profile_cfg, profile_path, ’driv
e_schedule_yaml’, args.drive_schedule_yaml)
[56]
Underfull \hbox (badness 4353) in paragraph at lines 2334--2335
[]\TU/TimesNewRoman(0)/m/n/10.95 args.forecast_time_mode \TU/YuGothic(0)/m/n/10
.95 に \TU/TimesNewRoman(0)/m/n/10.95 str(sim_cfg.get(’forecast_time_mode’, runt
ime_cfg.get(’forecast_time_mode’,

Overfull \hbox (27.41757pt too wide) in paragraph at lines 2348--2349
[]\TU/TimesNewRoman(0)/m/n/10.95 args.stop_tilt_fraction \TU/YuGothic(0)/m/n/10
.95 に \TU/TimesNewRoman(0)/m/n/10.95 float(np.clip(get_section(profile_cfg, ’mp
c’).get(’stop_tilt_fraction’, args.stop_tilt_fraction),

Overfull \hbox (107.59636pt too wide) in paragraph at lines 2357--2358
[]\TU/TimesNewRoman(0)/m/n/10.95 args.exec_tau_sec \TU/YuGothic(0)/m/n/10.95 に 
\TU/TimesNewRoman(0)/m/n/10.95 float(exec_cfg.get(’tau_sec’, command_bridge_cfg
.get(’filter_tau_sec’, mpc_cfg.get(’speed_meas_filter_tau_sec’,

Overfull \hbox (45.03236pt too wide) in paragraph at lines 2358--2359
[]\TU/TimesNewRoman(0)/m/n/10.95 args.exec_accel_limit_kmhps \TU/YuGothic(0)/m/
n/10.95 に \TU/TimesNewRoman(0)/m/n/10.95 float(exec_cfg.get(’accel_limit_kmhps’
, command_bridge_cfg.get(’accel_limit_kmhps’,
[57]
Overfull \hbox (46.87697pt too wide) in paragraph at lines 2359--2360
[]\TU/TimesNewRoman(0)/m/n/10.95 args.exec_decel_limit_kmhps \TU/YuGothic(0)/m/
n/10.95 に \TU/TimesNewRoman(0)/m/n/10.95 float(exec_cfg.get(’decel_limit_kmhps’
, command_bridge_cfg.get(’decel_limit_kmhps’,

Overfull \hbox (25.55977pt too wide) in paragraph at lines 2360--2361
[]\TU/TimesNewRoman(0)/m/n/10.95 args.exec_deadband_kmh \TU/YuGothic(0)/m/n/10.
95 に \TU/TimesNewRoman(0)/m/n/10.95 float(exec_cfg.get(’deadband_kmh’, command_
bridge_cfg.get(’speed_deadband_kmh’,

Overfull \hbox (80.30441pt too wide) in paragraph at lines 2361--2362
[]\TU/TimesNewRoman(0)/m/n/10.95 args.exec_quantize_step_kmh \TU/YuGothic(0)/m/
n/10.95 に \TU/TimesNewRoman(0)/m/n/10.95 float(exec_cfg.get(’quantize_step_kmh’
, command_bridge_cfg.get(’speed_quantize_step_kmh’,

Overfull \hbox (68.47119pt too wide) in paragraph at lines 2369--2370
[]\TU/TimesNewRoman(0)/m/n/10.95 args.out_detail_csv \TU/YuGothic(0)/m/n/10.95 
に \TU/TimesNewRoman(0)/m/n/10.95 tag_output_path(detail_csv, output_tag, ’.csv’
) if detail_csv else tag_output_path(os.path.join(output_dir,

Overfull \hbox (52.06223pt too wide) in paragraph at lines 2375--2376
[]\TU/TimesNewRoman(0)/m/n/10.95 args.out_plan_csv \TU/YuGothic(0)/m/n/10.95 に 
\TU/TimesNewRoman(0)/m/n/10.95 tag_output_path(plan_csv, output_tag, ’.csv’) if
 plan_csv else tag_output_path(os.path.join(output_dir,

Overfull \hbox (77.10608pt too wide) in paragraph at lines 2378--2379
[]\TU/TimesNewRoman(0)/m/n/10.95 args.report_html \TU/YuGothic(0)/m/n/10.95 に \
TU/TimesNewRoman(0)/m/n/10.95 tag_output_path(report_html, output_tag, ’.html’)
 if report_html else tag_output_path(os.path.join(output_dir,

Overfull \hbox (113.6346pt too wide) in paragraph at lines 2381--2382
[]\TU/TimesNewRoman(0)/m/n/10.95 args.summary_json \TU/YuGothic(0)/m/n/10.95 に 
\TU/TimesNewRoman(0)/m/n/10.95 tag_output_path(summary_json, output_tag, ’.json
’) if summary_json else tag_output_path(os.path.join(output_dir,

Overfull \hbox (117.22755pt too wide) in paragraph at lines 2384--2385
[]\TU/TimesNewRoman(0)/m/n/10.95 args.resolved_yaml \TU/YuGothic(0)/m/n/10.95 に
 \TU/TimesNewRoman(0)/m/n/10.95 tag_output_path(resolved_yaml, output_tag, ’.ya
ml’) if resolved_yaml else tag_output_path(os.path.join(output_dir,
[58] [59] [60] [61]
Overfull \hbox (51.35287pt too wide) in paragraph at lines 2543--2544
\TU/TimesNewRoman(0)/m/n/10.95 hicle_voltage_rmse_max_v’: float(gate_cfg.get(’v
ehicle_voltage_rmse_max_v’, 1.0)), ’conditional_power_rmse_max_w’:

Overfull \hbox (192.44638pt too wide) in paragraph at lines 2543--2544
\TU/TimesNewRoman(0)/m/n/10.95 float(gate_cfg.get(’conditional_power_rmse_max_w
’, 150.0)), ’conditional_voltage_rmse_max_v’: float(gate_cfg.get(’conditional_v
oltage_rmse_max_v’,

Underfull \hbox (badness 3907) in paragraph at lines 2543--2544
\TU/TimesNewRoman(0)/m/n/10.95 1.0)), ’end_to_end_power_rmse_max_w’: float(gate
_cfg.get(’end_to_end_power_rmse_max_w’, 200.0)),

Underfull \hbox (badness 5878) in paragraph at lines 2543--2544
\TU/TimesNewRoman(0)/m/n/10.95 ’end_to_end_voltage_rmse_max_v’: float(gate_cfg.
get(’end_to_end_voltage_rmse_max_v’, 2.0)), ’mov-

Overfull \hbox (11.88907pt too wide) in paragraph at lines 2543--2544
\TU/TimesNewRoman(0)/m/n/10.95 ing_pv_rmse_max_w’: float(gate_cfg.get(’moving_p
v_rmse_max_w’, 150.0)), ’pv_lodo_moving_rmse_max_w’:

Underfull \hbox (badness 10000) in paragraph at lines 2543--2544
\TU/TimesNewRoman(0)/m/n/10.95 float(gate_cfg.get(’pv_lodo_moving_rmse_max_w’, 
150.0)), ’pv_lodo_deployed_stop_rmse_max_w’:

Overfull \hbox (10.49176pt too wide) in paragraph at lines 2543--2544
\TU/TimesNewRoman(0)/m/n/10.95 float(gate_cfg.get(’pv_lodo_deployed_stop_rmse_m
ax_w’, 200.0)), ’power_residual_mean_120s_rmse_max_w’:

Underfull \hbox (badness 10000) in paragraph at lines 2543--2544
\TU/TimesNewRoman(0)/m/n/10.95 float(gate_cfg.get(’energy_error_25km_rmse_max_w
h’, 35.0)), ’terminal_soc_evidence_spread_max’:

Overfull \hbox (182.04704pt too wide) in paragraph at lines 2543--2544
\TU/TimesNewRoman(0)/m/n/10.95 float(gate_cfg.get(’terminal_soc_evidence_spread
_max’, 0.05)), ’terminal_replay_soc_error_max’: float(gate_cfg.get(’terminal_re
play_soc_error_max’,

Underfull \hbox (badness 1924) in paragraph at lines 2543--2544
\TU/TimesNewRoman(0)/m/n/10.95 0.02)), ’terminal_replay_voltage_error_max_v’: f
loat(gate_cfg.get(’terminal_replay_voltage_error_max_v’,

Underfull \hbox (badness 10000) in paragraph at lines 2543--2544
\TU/TimesNewRoman(0)/m/n/10.95 hicle_terminal_voltage_error_max_v’: float(gate_
cfg.get(’vehicle_terminal_voltage_error_max_v’, 0.5)),

Underfull \hbox (badness 10000) in paragraph at lines 2543--2544
\TU/TimesNewRoman(0)/m/n/10.95 ’end_to_end_terminal_soc_error_max’: float(gate_
cfg.get(’end_to_end_terminal_soc_error_max’, 0.03)),

Overfull \hbox (3.53784pt too wide) in paragraph at lines 2543--2544
\TU/TimesNewRoman(0)/m/n/10.95 ’end_to_end_terminal_voltage_error_max_v’: float
(gate_cfg.get(’end_to_end_terminal_voltage_error_max_v’,

Overfull \hbox (1.2573pt too wide) in paragraph at lines 2543--2544
\TU/TimesNewRoman(0)/m/n/10.95 1.0)), ’acceleration_validation_rmse_ratio_max’:
 float(gate_cfg.get(’acceleration_validation_rmse_ratio_max’,

Underfull \hbox (badness 10000) in paragraph at lines 2543--2544
\TU/TimesNewRoman(0)/m/n/10.95 1.02)), ’acceleration_validation_min_samples’: i
nt(gate_cfg.get(’acceleration_validation_min_samples’,

Underfull \hbox (badness 3428) in paragraph at lines 2543--2544
\TU/TimesNewRoman(0)/m/n/10.95 100)), ’grade_validation_rmse_ratio_max’: float(
gate_cfg.get(’grade_validation_rmse_ratio_max’, 1.02)),
[62]
Overfull \hbox (29.22652pt too wide) in paragraph at lines 2544--2545
[]\TU/TimesNewRoman(0)/m/n/10.95 values \TU/YuGothic(0)/m/n/10.95 に \TU/TimesNe
wRoman(0)/m/n/10.95 {’vehicle_power_rmse_w’: float(metrics.get(’power_rmse_clea
n_w’, math.inf)), ’vehicle_voltage_rmse_v’:

Overfull \hbox (156.5434pt too wide) in paragraph at lines 2544--2545
\TU/TimesNewRoman(0)/m/n/10.95 float(metrics.get(’voltage_rmse_clean_v’, math.i
nf)), ’conditional_power_rmse_w’: float(metrics.get(’battery_conditional_power_
rmse_clean_w’,

Underfull \hbox (badness 10000) in paragraph at lines 2544--2545
\TU/TimesNewRoman(0)/m/n/10.95 math.inf)), ’conditional_voltage_rmse_v’: float(
metrics.get(’battery_conditional_voltage_rmse_clean_v’,

Underfull \hbox (badness 7851) in paragraph at lines 2544--2545
\TU/TimesNewRoman(0)/m/n/10.95 ’end_to_end_voltage_rmse_v’: float(metrics.get(’
end_to_end_voltage_rmse_clean_v’, math.inf)), ’mov-

Overfull \hbox (2.16344pt too wide) in paragraph at lines 2544--2545
\TU/TimesNewRoman(0)/m/n/10.95 ing_pv_rmse_w’: float(metrics.get(’end_to_end_mo
ving_pv_rmse_w’, math.inf)), ’pv_lodo_moving_rmse_w’:

Overfull \hbox (154.81111pt too wide) in paragraph at lines 2544--2545
\TU/TimesNewRoman(0)/m/n/10.95 float(metrics.get(’pv_lodo_moving_rmse_w’, math.
inf)), ’pv_lodo_deployed_stop_rmse_w’: float(metrics.get(’pv_lodo_deployed_stop
_rmse_w’,

Overfull \hbox (43.89705pt too wide) in paragraph at lines 2544--2545
\TU/TimesNewRoman(0)/m/n/10.95 math.inf)), ’power_residual_mean_120s_rmse_w’: f
loat(metrics.get(’end_to_end_power_residual_mean_120s_rmse_w’,

Underfull \hbox (badness 4779) in paragraph at lines 2544--2545
\TU/TimesNewRoman(0)/m/n/10.95 math.inf)), ’energy_error_25km_rmse_wh’: float(m
etrics.get(’end_to_end_energy_error_25km_rmse_wh’,

Overfull \hbox (32.98703pt too wide) in paragraph at lines 2548--2549
[]\TU/TimesNewRoman(0)/m/n/10.95 terminal_anchor_role \TU/YuGothic(0)/m/n/10.95
 に \TU/TimesNewRoman(0)/m/n/10.95 str((summary.get(’fit_plan’, {}) or {}).get(’
terminal_anchor_role’, ’unknown’)).strip().lower()

Underfull \hbox (badness 6893) in paragraph at lines 2550--2551
[]\TU/TimesNewRoman(0)/m/n/10.95 values[’terminal_replay_soc_error’] \TU/YuGoth
ic(0)/m/n/10.95 に \TU/TimesNewRoman(0)/m/n/10.95 abs(float(metrics.get(’battery
_conditional_retire_anchor_soc_error’,

Overfull \hbox (0.84203pt too wide) in paragraph at lines 2551--2552
[]\TU/TimesNewRoman(0)/m/n/10.95 terminal_voltage_observed \TU/YuGothic(0)/m/n/
10.95 に \TU/TimesNewRoman(0)/m/n/10.95 float(metrics.get(’battery_conditional_r
etire_anchor_voltage_obs_v’, math.nan))

Underfull \hbox (badness 10000) in paragraph at lines 2552--2553
[]\TU/TimesNewRoman(0)/m/n/10.95 terminal_voltage_predicted \TU/YuGothic(0)/m/n
/10.95 に \TU/TimesNewRoman(0)/m/n/10.95 float(metrics.get(’battery_conditional_
retire_anchor_voltage_pred_v’,

Overfull \hbox (22.06053pt too wide) in paragraph at lines 2559--2560
[]\TU/TimesNewRoman(0)/m/n/10.95 checks \TU/YuGothic(0)/m/n/10.95 に \TU/TimesNe
wRoman(0)/m/n/10.95 {’vehicle_power_rmse’: values[’vehicle_power_rmse_w’] <= th
resholds[’vehicle_power_rmse_max_w’],

Underfull \hbox (badness 2293) in paragraph at lines 2559--2560
\TU/TimesNewRoman(0)/m/n/10.95 ’vehicle_voltage_rmse’: values[’vehicle_voltage_
rmse_v’] <= thresholds[’vehicle_voltage_rmse_max_v’],

Overfull \hbox (25.36119pt too wide) in paragraph at lines 2559--2560
\TU/TimesNewRoman(0)/m/n/10.95 ’conditional_power_rmse’: values[’conditional_po
wer_rmse_w’] <= thresholds[’conditional_power_rmse_max_w’],

Overfull \hbox (35.09216pt too wide) in paragraph at lines 2559--2560
\TU/TimesNewRoman(0)/m/n/10.95 ’conditional_voltage_rmse’: values[’conditional_
voltage_rmse_v’] <= thresholds[’conditional_voltage_rmse_max_v’],

Overfull \hbox (30.83084pt too wide) in paragraph at lines 2559--2560
\TU/TimesNewRoman(0)/m/n/10.95 ’end_to_end_power_rmse’: values[’end_to_end_powe
r_rmse_w’] <= thresholds[’end_to_end_power_rmse_max_w’],

Overfull \hbox (40.56181pt too wide) in paragraph at lines 2559--2560
\TU/TimesNewRoman(0)/m/n/10.95 ’end_to_end_voltage_rmse’: values[’end_to_end_vo
ltage_rmse_v’] <= thresholds[’end_to_end_voltage_rmse_max_v’],

Overfull \hbox (42.63351pt too wide) in paragraph at lines 2559--2560
\TU/TimesNewRoman(0)/m/n/10.95 ’moving_pv_rmse’: values[’moving_pv_rmse_w’] <= 
thresholds[’moving_pv_rmse_max_w’], ’pv_lodo_moving_rmse’:

Overfull \hbox (32.75105pt too wide) in paragraph at lines 2559--2560
\TU/TimesNewRoman(0)/m/n/10.95 values[’pv_lodo_moving_rmse_w’] <= thresholds[’p
v_lodo_moving_rmse_max_w’], ’pv_lodo_deployed_stop_rmse’:

Overfull \hbox (111.18147pt too wide) in paragraph at lines 2559--2560
\TU/TimesNewRoman(0)/m/n/10.95 values[’pv_lodo_deployed_stop_rmse_w’] <= thresh
olds[’pv_lodo_deployed_stop_rmse_max_w’], ’power_residual_mean_120s_rmse’:

Underfull \hbox (badness 10000) in paragraph at lines 2559--2560
\TU/TimesNewRoman(0)/m/n/10.95 values[’power_residual_mean_120s_rmse_w’] <= thr
esholds[’power_residual_mean_120s_rmse_max_w’],

Overfull \hbox (50.28207pt too wide) in paragraph at lines 2559--2560
\TU/TimesNewRoman(0)/m/n/10.95 ’energy_error_25km_rmse’: values[’energy_error_2
5km_rmse_wh’] <= thresholds[’energy_error_25km_rmse_max_wh’],

Underfull \hbox (badness 10000) in paragraph at lines 2559--2560
\TU/TimesNewRoman(0)/m/n/10.95 ’terminal_soc_evidence_spread’: spread <= thresh
olds[’terminal_soc_evidence_spread_max’], ’termi-

Overfull \hbox (101.81943pt too wide) in paragraph at lines 2559--2560
\TU/TimesNewRoman(0)/m/n/10.95 <= thresholds[’terminal_replay_soc_error_max’], 
’terminal_replay_voltage’: math.isfinite(values[’terminal_replay_voltage_error_
v’])

Overfull \hbox (6.45001pt too wide) in paragraph at lines 2559--2560
\TU/TimesNewRoman(0)/m/n/10.95 cle_terminal_soc’: math.isfinite(values[’vehicle
_terminal_soc_error’]) and values[’vehicle_terminal_soc_error’]

Overfull \hbox (115.18077pt too wide) in paragraph at lines 2559--2560
\TU/TimesNewRoman(0)/m/n/10.95 <= thresholds[’vehicle_terminal_soc_error_max’],
 ’vehicle_terminal_voltage’: math.isfinite(values[’vehicle_terminal_voltage_err
or_v’])

Underfull \hbox (badness 10000) in paragraph at lines 2559--2560
\TU/TimesNewRoman(0)/m/n/10.95 and values[’vehicle_terminal_voltage_error_v’] <
= thresholds[’vehicle_terminal_voltage_error_max_v’],

Overfull \hbox (87.36664pt too wide) in paragraph at lines 2559--2560
\TU/TimesNewRoman(0)/m/n/10.95 ’end_to_end_terminal_soc’: math.isfinite(values[
’end_to_end_terminal_soc_error’]) and values[’end_to_end_terminal_soc_error’]

Overfull \hbox (173.5986pt too wide) in paragraph at lines 2559--2560
\TU/TimesNewRoman(0)/m/n/10.95 <= thresholds[’end_to_end_terminal_soc_error_max
’], ’end_to_end_terminal_voltage’: math.isfinite(values[’end_to_end_terminal_vo
ltage_error_v’])

Overfull \hbox (13.01575pt too wide) in paragraph at lines 2559--2560
\TU/TimesNewRoman(0)/m/n/10.95 and values[’end_to_end_terminal_voltage_error_v’
] <= thresholds[’end_to_end_terminal_voltage_error_max_v’],

Overfull \hbox (76.79771pt too wide) in paragraph at lines 2559--2560
\TU/TimesNewRoman(0)/m/n/10.95 ’terminal_high_precision_evidence’: bool(termina
l.get(’high_precision_gate_pass’, False)), ’terminal_anchor_role_operational’:
[63]
Overfull \hbox (110.83676pt too wide) in paragraph at lines 2563--2564
[]\TU/TimesNewRoman(0)/m/n/10.95 checks[’terminal_independent_cross_channel_con
sistency’] \TU/YuGothic(0)/m/n/10.95 に \TU/TimesNewRoman(0)/m/n/10.95 bool(term
inal_anchor.get(’weak_channel_cross_consistency_gate_pass’,

Overfull \hbox (52.85562pt too wide) in paragraph at lines 2570--2571
[]\TU/TimesNewRoman(0)/m/n/10.95 checks[’acceleration_timestamp_holdout’] \TU/Y
uGothic(0)/m/n/10.95 に \TU/TimesNewRoman(0)/m/n/10.95 bool(validation_count >= 
thresholds[’acceleration_validation_min_samples’]

Overfull \hbox (16.6604pt too wide) in paragraph at lines 2570--2571
\TU/TimesNewRoman(0)/m/n/10.95 and math.isfinite(validation_ratio) and (validat
ion_ratio <= thresholds[’acceleration_validation_rmse_ratio_max’]))
[64]
Overfull \hbox (1.19067pt too wide) in paragraph at lines 2578--2579
[]\TU/TimesNewRoman(0)/m/n/10.95 checks[’grade_observation_holdout’] \TU/YuGoth
ic(0)/m/n/10.95 に \TU/TimesNewRoman(0)/m/n/10.95 bool(validation_count >= thres
holds[’grade_validation_min_samples’]
[65] [66] [67]
Underfull \hbox (badness 10000) in paragraph at lines 2752--2753
[]\TU/YuGothic(0)/m/n/10.95 定 義\TU/TimesNewRoman(0)/m/n/10.95 : $[][][][][][][]
[] [] [][][] [] [][][][][][][][] [] [][] [] [][][][][][][][][] [][] [][][] [] [
] [] [][][][][][][][] [][] [] [][] [][] [] [][][] [] [][][][][] [][] [][][][] [
]
[68] [69] [70]
Underfull \hbox (badness 1968) in paragraph at lines 2893--2894
[]\TU/YuGothic(0)/m/n/10.95 定 義\TU/TimesNewRoman(0)/m/n/10.95 : $[][][][][] [] 
[][][] [] [][][][][][][][] [][] [][] [][] [] [][] [][][][][] [] [][] [] [][][][
][][] [][] [][][][][][][] [] [][][] [][] [][][][][][] [] [][][] [][] [][][] [] 
[][] [][] [][][][][] []
[71]
Overfull \hbox (69.71767pt too wide) in paragraph at lines 2896--2897
[]\TU/YuGothic(0)/m/n/10.95 戻 り 値 の 要 点\TU/TimesNewRoman(0)/m/n/10.95 : f’<svg 
viewBox=”0 0 {width} {height}” class=”chart-svg” role=”img” aria-label=”{html.e
scape(label)}”><rect

Underfull \hbox (badness 3281) in paragraph at lines 2896--2897
\TU/TimesNewRoman(0)/m/n/10.95 x1=”{pad}” y1=”{pad}” x2=”{pad}” y2=”{height - p
ad}” stroke=”#a9a293” stroke-width=”1” /><line

Underfull \hbox (badness 3271) in paragraph at lines 2896--2897
\TU/TimesNewRoman(0)/m/n/10.95 font-size=”11” fill=”#6f665b”>{format_metric(y_m
ax, 2)}</text><text x=”{width - pad}” y=”{height -

Underfull \hbox (badness 2653) in paragraph at lines 2896--2897
\TU/TimesNewRoman(0)/m/n/10.95 8}” text-anchor=”end” font-size=”11” fill=”#6f66
5b”>{format_metric(x_max, 1)}</text><text x=”{pad}”
[72]
Underfull \hbox (badness 2698) in paragraph at lines 2933--2934
\TU/TimesNewRoman(0)/m/n/10.95 x1=”{pad}” y1=”{pad}” x2=”{pad}” y2=”{height - p
ad}” stroke=”#a9a293” stroke-width=”1” /><line

Underfull \hbox (badness 2644) in paragraph at lines 2933--2934
\TU/TimesNewRoman(0)/m/n/10.95 font-size=”11” fill=”#6f665b”>{format_metric(y_m
ax, 2)}</text><text x=”{width - pad}” y=”{height -

Underfull \hbox (badness 1924) in paragraph at lines 2933--2934
\TU/TimesNewRoman(0)/m/n/10.95 8}” text-anchor=”end” font-size=”11” fill=”#6f66
5b”>{format_metric(x_max, 1)}</text><text x=”{pad}”
[73] [74] [75] [76]
Underfull \hbox (badness 6332) in paragraph at lines 3092--3093
[]\TU/TimesNewRoman(0)/m/n/10.95 speed_svg \TU/YuGothic(0)/m/n/10.95 に \TU/Time
sNewRoman(0)/m/n/10.95 build_svg_chart(x_index, speed_series, color=’#0f766e’, 
label=’speed exec [km/h]’ if

Overfull \hbox (21.2126pt too wide) in paragraph at lines 3095--3096
[]\TU/TimesNewRoman(0)/m/n/10.95 speed_cmd_svg \TU/YuGothic(0)/m/n/10.95 に \TU/
TimesNewRoman(0)/m/n/10.95 build_svg_chart(x_index, detail_df.get(’v_cmd_kmh’, 
pd.Series(dtype=float)), color=’#475569’,

Underfull \hbox (badness 4072) in paragraph at lines 3097--3098
[]\TU/TimesNewRoman(0)/m/n/10.95 pack_svg \TU/YuGothic(0)/m/n/10.95 に \TU/Times
NewRoman(0)/m/n/10.95 build_svg_chart(x_index, detail_df.get(’P_pack’, pd.Serie
s(dtype=float)), color=’#b91c1c’,

Underfull \hbox (badness 10000) in paragraph at lines 3098--3099
[]\TU/TimesNewRoman(0)/m/n/10.95 solar_svg \TU/YuGothic(0)/m/n/10.95 に \TU/Time
sNewRoman(0)/m/n/10.95 build_svg_chart(x_index, detail_df.get(’P_pv’, pd.Series
(dtype=float)), color=’#2563eb’,

Overfull \hbox (67.55757pt too wide) in paragraph at lines 3101--3102
\TU/TimesNewRoman(0)/m/n/10.95 format_metric(summary.get(’final_distance_km’), 
1)), (’Race progress [%]’, format_metric(summary.get(’race_progress_pct’),

Overfull \hbox (46.08682pt too wide) in paragraph at lines 3101--3102
\TU/TimesNewRoman(0)/m/n/10.95 1)), (’Final SoC [-]’, format_metric(summary.get
(’final_soc’), 3)), (’Min SoC [-]’, format_metric(summary.get(’min_soc’),

Overfull \hbox (120.65161pt too wide) in paragraph at lines 3101--3102
\TU/TimesNewRoman(0)/m/n/10.95 3)), (’Avg speed [km/h]’, format_metric(summary.
get(’avg_speed_kmh’), 1)), (’Elapsed [h]’, format_metric(summary.get(’elapsed_h
ours’),

Overfull \hbox (95.81609pt too wide) in paragraph at lines 3102--3103
[]\TU/TimesNewRoman(0)/m/n/10.95 overrides_html \TU/YuGothic(0)/m/n/10.95 に\TU/
TimesNewRoman(0)/m/n/10.95 ”.join((f”<tr><td>{html.escape(str(item.get(’key’)))
}</td><td><code>{html.escape(json.dumps(item.get(’value’),

Overfull \hbox (58.87852pt too wide) in paragraph at lines 3102--3103
\TU/TimesNewRoman(0)/m/n/10.95 ensure_ascii=False))}</code></td></tr>” for item
 in summary.get(’overrides’, []))) or ’<tr><td colspan=”2”>none</td></tr>’

Underfull \hbox (badness 5862) in paragraph at lines 3103--3104
[]\TU/TimesNewRoman(0)/m/n/10.95 params_html \TU/YuGothic(0)/m/n/10.95 に\TU/Tim
esNewRoman(0)/m/n/10.95 ”.join((f’<tr><td>{html.escape(str(key))}</td><td>{html
.escape(str(value))}</td></tr>’ for

Underfull \hbox (badness 10000) in paragraph at lines 3104--3105
[]\TU/TimesNewRoman(0)/m/n/10.95 cards_html \TU/YuGothic(0)/m/n/10.95 に\TU/Time
sNewRoman(0)/m/n/10.95 ”.join((f’<div class=”metric”><div class=”metric-label”>
{html.escape(label)}</div><div
[77]
Underfull \hbox (badness 2181) in paragraph at lines 3111--3112
[]\TU/TimesNewRoman(0)/m/n/10.95 html_text \TU/YuGothic(0)/m/n/10.95 に \TU/Time
sNewRoman(0)/m/n/10.95 f”””<!doctype html>\n<html lang=”en”>\n<head>\n <meta ch
arset=”utf-8”>\n <title>Solar

Underfull \hbox (badness 5217) in paragraph at lines 3111--3112
\TU/TimesNewRoman(0)/m/n/10.95 Simulation Report</h1>\n <p class=”muted”>profil
e: {html.escape(str(summary.get(’profile_name’, ’–

Underfull \hbox (badness 1292) in paragraph at lines 3111--3112
\TU/TimesNewRoman(0)/m/n/10.95 ’)))} | generated: {html.escape(str(summary.get(
’generated_at_utc’, ’–’)))}</p>\n <p class=”muted”>csv:

Underfull \hbox (badness 6284) in paragraph at lines 3111--3112
\TU/TimesNewRoman(0)/m/n/10.95 {html.escape(str(summary.get(’out_csv’, ’–’)))} 
| detail: {html.escape(str(summary.get(’detail_csv’, ’–

Overfull \hbox (76.60205pt too wide) in paragraph at lines 3111--3112
\TU/TimesNewRoman(0)/m/n/10.95 ’)))}</p>\n {(f’<div class=”warning”>{warning_te
xt}</div>’ if warning_text else ”)}\n <div class=”grid”>{cards_html}</div>\n

Overfull \hbox (69.2236pt too wide) in paragraph at lines 3111--3112
\TU/TimesNewRoman(0)/m/n/10.95 </div>\n\n <div class=”section”>\n <h2>Overrides
</h2>\n <table>\n <thead><tr><th>key</th><th>value</th></tr></thead>\n

Overfull \hbox (47.21841pt too wide) in paragraph at lines 3111--3112
\TU/TimesNewRoman(0)/m/n/10.95 ters</h2>\n <table>\n <thead><tr><th>parameter</
th><th>value</th></tr></thead>\n <tbody>{params_html}</tbody>\n
[78]
Underfull \hbox (badness 10000) in paragraph at lines 3159--3160
[]\TU/YuGothic(0)/m/n/10.95 定 義\TU/TimesNewRoman(0)/m/n/10.95 : $[][][] [] [][]
[][][][][][][][][] [][] [][][][] [][] [][] [][] [][][] [][] [][] [] [][] [][] [
][] [] [][][] [][] [] [] [][][] [] [][][] [][] [][][][] [] [][][] [] [][][] [][
] [] [] [][] [][] [] []

Underfull \hbox (badness 10000) in paragraph at lines 3159--3160
[][] [] [][][][][] [][] [][] [] [][][] [] [][][][][] [][] [] [] [] [][] [] [] [
][][][][] [] [][][][][] [][] [] [] [][][][][][][] [][] [][][][][] [] [][][][][]
[][] [][] [][][] [] [][][][][][] [][] [][][] []

Underfull \hbox (badness 10000) in paragraph at lines 3159--3160
[][][][] [][] [] [] [][][] [] [][][][][][] [][] [] [] [][][] [] [][][][] [][] [
][][][][][][][] [][] [][][] [] [][][] [] [][][] [] [][][] [][] [] [] [][][] [] 
[][][] [] [][][] [][] [][][] [] [][][][][][] []

Underfull \hbox (badness 10000) in paragraph at lines 3159--3160
[][][][][][] [][] [][][] [] [][][][][][] [] [][][] [][] [] [] [][][] [] [][][][
][][][][] [][] [] [] [][][] [] [][][][][][][][] [][] [][][][] [] [][] [][] [][]
[] [] [][][] [] [][][] [] [][][][][][] [][]
[79] [80] [81]
Overfull \hbox (44.69133pt too wide) in paragraph at lines 3298--3299
[]\TU/TimesNewRoman(0)/m/n/10.95 out \TU/YuGothic(0)/m/n/10.95 に \TU/TimesNewRo
man(0)/m/n/10.95 model.electrical_balance(v_k, d[’slope_pct’], z, Tb, d[’G_poa’
], d[’Tcell_C’], headwind_ms=d.get(’headwind_ms’,

Overfull \hbox (7.14114pt too wide) in paragraph at lines 3298--3299
\TU/TimesNewRoman(0)/m/n/10.95 0.0), inertial_power_w=inertial_power_w, ambient
_temp_c=d.get(’Tamb_C’), elevation_m=d.get(’elevation_m’,
[82] [83] [84] [85] [86]
Underfull \hbox (badness 1005) in paragraph at lines 3492--3493
[]\TU/TimesNewRoman(0)/m/n/10.95 out \TU/YuGothic(0)/m/n/10.95 に \TU/TimesNewRo
man(0)/m/n/10.95 model.electrical_balance(v_kmh_local / 3.6, slope_pct, z, Tb, 
d0[’G_poa’], d0[’Tcell_C’], head-
[87] [88]
Underfull \hbox (badness 1005) in paragraph at lines 3607--3608
[]\TU/TimesNewRoman(0)/m/n/10.95 out \TU/YuGothic(0)/m/n/10.95 に \TU/TimesNewRo
man(0)/m/n/10.95 model.electrical_balance(v_kmh_local / 3.6, slope_pct, z, Tb, 
d0[’G_poa’], d0[’Tcell_C’], head-
[89]
Overfull \hbox (15.25145pt too wide) in paragraph at lines 3639--3640
\TU/TimesNewRoman(0)/m/n/10.95 ror(’forecast_csv, route_profile_csv, and stop_y
aml must be provided.’), ValueError(’mpc.upper_lock_initial_policy
[90] [91] [92] [93] [94] [95] [96] [97] [98]
Underfull \hbox (badness 3735) in paragraph at lines 4044--4045
\TU/TimesNewRoman(0)/m/n/10.95 forecast_has_coverage, integration_step_seconds,
 is_drive_time, max, min, pv_power_mppt, timedelta,
[99] [100]
Underfull \hbox (badness 3108) in paragraph at lines 4130--4131
[]\TU/TimesNewRoman(0)/m/n/10.95 out \TU/YuGothic(0)/m/n/10.95 に \TU/TimesNewRo
man(0)/m/n/10.95 model.electrical_balance(mid / 3.6, d0[’slope_pct’], z, Tb, d0
[’G_poa’], d0[’Tcell_C’], head-

Underfull \hbox (badness 10000) in paragraph at lines 4130--4131
\TU/TimesNewRoman(0)/m/n/10.95 wind_ms=d0[’headwind_ms’], ambient_temp_c=d0.get
(’Tamb_C’), elevation_m=d0.get(’elevation_m’,
[101]
Overfull \hbox (102.62143pt too wide) in paragraph at lines 4167--4168
[]\TU/YuGothic(0)/m/n/10.95 戻 り 値 の 要 点\TU/TimesNewRoman(0)/m/n/10.95 : dict(G_
raw=G_raw, G_drive_poa=G_drive_poa, G_stop_poa=G_stop_poa, G_control_stop_poa=G
_control_stop_poa,

Underfull \hbox (badness 10000) in paragraph at lines 4167--4168
\TU/TimesNewRoman(0)/m/n/10.95 G_poa=G_drive_poa if drive else G_stop_poa, Tcel
l_drive_C=tcell_drive, Tcell_stop_C=tcell_stop,

Overfull \hbox (35.21873pt too wide) in paragraph at lines 4167--4168
\TU/TimesNewRoman(0)/m/n/10.95 Tcell_control_stop_C=tcell_control_stop, Tcell_C
=tcell_drive if drive else tcell_stop, Tamb_C=float(row.get(’Tamb_C’,

Underfull \hbox (badness 10000) in paragraph at lines 4167--4168
\TU/TimesNewRoman(0)/m/n/10.95 30.0)), headwind_ms=float(row.get(’headwind_ms’,
 0.0)), elevation_m=get_profile_val(route_profile,

Overfull \hbox (41.48726pt too wide) in paragraph at lines 4167--4168
\TU/TimesNewRoman(0)/m/n/10.95 float(s_query_km or 0.0), ’elev_m’, 0.0)) / dict
(G_raw=0.0, G_drive_poa=0.0, G_stop_poa=0.0, G_control_stop_poa=0.0,

Overfull \hbox (0.77583pt too wide) in paragraph at lines 4167--4168
\TU/TimesNewRoman(0)/m/n/10.95 G_poa=0.0, Tcell_drive_C=40.0, Tcell_stop_C=40.0
, Tcell_control_stop_C=40.0, Tcell_C=40.0, Tamb_C=30.0,

Overfull \hbox (10.69781pt too wide) in paragraph at lines 4167--4168
\TU/TimesNewRoman(0)/m/n/10.95 headwind_ms=0.0, elevation_m=0.0) / dict(G_raw=G
_raw, G_drive_poa=G_drive_poa, G_stop_poa=G_stop_poa,

Overfull \hbox (50.09317pt too wide) in paragraph at lines 4167--4168
\TU/TimesNewRoman(0)/m/n/10.95 G_control_stop_poa=G_control_stop_poa, G_poa=G_d
rive_poa if drive else G_stop_poa, Tcell_drive_C=float(tcell_drive),

Underfull \hbox (badness 3492) in paragraph at lines 4167--4168
\TU/TimesNewRoman(0)/m/n/10.95 Tcell_stop_C=float(tcell_stop), Tcell_control_st
op_C=float(tcell_control_stop), Tcell_C=float(tcell_drive if

Overfull \hbox (35.34067pt too wide) in paragraph at lines 4167--4168
\TU/TimesNewRoman(0)/m/n/10.95 drive else tcell_stop), Tamb_C=float(tamb), head
wind_ms=float(headwind), elevation_m=get_profile_val(route_profile,
[102]
Overfull \hbox (5.40388pt too wide) in paragraph at lines 4181--4182
[]\TU/TimesNewRoman(0)/m/n/10.95 dict(G_raw=0.0, G_drive_poa=0.0, G_stop_poa=0.
0, G_control_stop_poa=0.0, G_poa=0.0, Tcell_drive_C=40.0,

Underfull \hbox (badness 2662) in paragraph at lines 4181--4182
\TU/TimesNewRoman(0)/m/n/10.95 Tcell_stop_C=40.0, Tcell_control_stop_C=40.0, Tc
ell_C=40.0, Tamb_C=30.0, headwind_ms=0.0, eleva-

Overfull \hbox (10.23837pt too wide) in paragraph at lines 4185--4186
[]\TU/TimesNewRoman(0)/m/n/10.95 poa_stop_ideal_raw \TU/YuGothic(0)/m/n/10.95 に
 \TU/TimesNewRoman(0)/m/n/10.95 interp_forecast_grid(forecast_grid, ’POA_stop_i
deal’, t_utc, s_query_km, poa_drive_raw)

Underfull \hbox (badness 10000) in paragraph at lines 4187--4188
[]\TU/TimesNewRoman(0)/m/n/10.95 poa_control_stop_raw \TU/YuGothic(0)/m/n/10.95
 に \TU/TimesNewRoman(0)/m/n/10.95 poa_drive_raw + args.control_stop_tilt_fracti
on * (poa_stop_ideal_raw -

Overfull \hbox (42.39789pt too wide) in paragraph at lines 4189--4190
[]\TU/TimesNewRoman(0)/m/n/10.95 tcell_drive \TU/YuGothic(0)/m/n/10.95 に \TU/Ti
mesNewRoman(0)/m/n/10.95 interp_forecast_grid(forecast_grid, ’Tcell_drive_C’, t
_utc, s_query_km, interp_forecast_grid(forecast_grid,

Overfull \hbox (32.8754pt too wide) in paragraph at lines 4198--4199
[]\TU/TimesNewRoman(0)/m/n/10.95 dict(G_raw=G_raw, G_drive_poa=G_drive_poa, G_s
top_poa=G_stop_poa, G_control_stop_poa=G_control_stop_poa,

Overfull \hbox (1.62872pt too wide) in paragraph at lines 4198--4199
\TU/TimesNewRoman(0)/m/n/10.95 G_poa=G_drive_poa if drive else G_stop_poa, Tcel
l_drive_C=float(tcell_drive), Tcell_stop_C=float(tcell_stop),

Overfull \hbox (36.74037pt too wide) in paragraph at lines 4198--4199
\TU/TimesNewRoman(0)/m/n/10.95 Tcell_control_stop_C=float(tcell_control_stop), 
Tcell_C=float(tcell_drive if drive else tcell_stop), Tamb_C=float(tamb),

Underfull \hbox (badness 10000) in paragraph at lines 4198--4199
\TU/TimesNewRoman(0)/m/n/10.95 headwind_ms=float(headwind), elevation_m=get_pro
file_val(route_profile, float(s_query_km or 0.0),
[103]
Underfull \hbox (badness 10000) in paragraph at lines 4210--4211
[]\TU/TimesNewRoman(0)/m/n/10.95 poa_control_stop_raw \TU/YuGothic(0)/m/n/10.95
 に \TU/TimesNewRoman(0)/m/n/10.95 poa_drive_raw + args.control_stop_tilt_fracti
on * (poa_stop_ideal_raw -

Overfull \hbox (32.8754pt too wide) in paragraph at lines 4218--4219
[]\TU/TimesNewRoman(0)/m/n/10.95 dict(G_raw=G_raw, G_drive_poa=G_drive_poa, G_s
top_poa=G_stop_poa, G_control_stop_poa=G_control_stop_poa,

Underfull \hbox (badness 10000) in paragraph at lines 4218--4219
\TU/TimesNewRoman(0)/m/n/10.95 G_poa=G_drive_poa if drive else G_stop_poa, Tcel
l_drive_C=tcell_drive, Tcell_stop_C=tcell_stop,

Overfull \hbox (37.4087pt too wide) in paragraph at lines 4218--4219
\TU/TimesNewRoman(0)/m/n/10.95 Tcell_control_stop_C=tcell_control_stop, Tcell_C
=tcell_drive if drive else tcell_stop, Tamb_C=float(row.get(’Tamb_C’,

Underfull \hbox (badness 10000) in paragraph at lines 4218--4219
\TU/TimesNewRoman(0)/m/n/10.95 30.0)), headwind_ms=float(row.get(’headwind_ms’,
 0.0)), elevation_m=get_profile_val(route_profile,
[104] [105] [106]
Overfull \hbox (60.58836pt too wide) in paragraph at lines 4334--4335
[]\TU/TimesNewRoman(0)/m/n/10.95 correction_kmh \TU/YuGothic(0)/m/n/10.95 に \TU
/TimesNewRoman(0)/m/n/10.95 float(np.clip(correction_kmh, -ref_speed_tracking_m
ax_correction, ref_speed_tracking_max_correction))
[107]
Overfull \hbox (3.73497pt too wide) in paragraph at lines 4409--4410
[]\TU/YuGothic(0)/m/n/10.95 こ の ブ ロ ッ ク が 直 接 呼 ぶ 主 な 関 数  |・|  メ ソ ッ ド\TU/Time
sNewRoman(0)/m/n/10.95 : apply_stop_poa, choose_stationary_integration_step_sec
onds,
[108]
Overfull \hbox (50.11957pt too wide) in paragraph at lines 4427--4428
[]\TU/TimesNewRoman(0)/m/n/10.95 dt_sample \TU/YuGothic(0)/m/n/10.95 に \TU/Time
sNewRoman(0)/m/n/10.95 choose_stationary_integration_step_seconds(args.dt, fore
cast_native_dt_sec, stationary_prediction_step_sec)

Underfull \hbox (badness 6592) in paragraph at lines 4438--4439
[]\TU/TimesNewRoman(0)/m/n/10.95 out \TU/YuGothic(0)/m/n/10.95 に \TU/TimesNewRo
man(0)/m/n/10.95 model.electrical_balance(0.0, slope_pct, z_cur, Tb_cur, env[’G
_poa’], env[’Tcell_C’], head-

Underfull \hbox (badness 10000) in paragraph at lines 4438--4439
\TU/TimesNewRoman(0)/m/n/10.95 wind_ms=headwind_ms, aux_power_w=model.scheduled
_auxiliary_power(is_driving=False, irradi-
[109] [110]
Overfull \hbox (2.2989pt too wide) in paragraph at lines 4531--4532
[]\TU/YuGothic(0)/m/n/10.95 こ の ブ ロ ッ ク が 直 接 呼 ぶ 主 な 関 数  |・|  メ ソ ッ ド\TU/Time
sNewRoman(0)/m/n/10.95 : DataFrame, Path, ValueError, abs, absolute_control_dis
tances,

Underfull \hbox (badness 1762) in paragraph at lines 4546--4547
[]\TU/TimesNewRoman(0)/m/n/10.95 horizon \TU/YuGothic(0)/m/n/10.95 に \TU/TimesN
ewRoman(0)/m/n/10.95 build_upper_distance_horizon(mode=upper_horizon_mode, s0_k
m=s0_km, race_km=race_km,

Overfull \hbox (1.36212pt too wide) in paragraph at lines 4546--4547
\TU/TimesNewRoman(0)/m/n/10.95 ds_km=upper_ds_km, horizon_km=upper_horizon_km, 
max_steps=upper_max_steps, ctrl_km=upper_ctrl_km,

Underfull \hbox (badness 10000) in paragraph at lines 4546--4547
\TU/TimesNewRoman(0)/m/n/10.95 adaptive_min_ds_km=upper_adaptive_min_ds_km, ada
ptive_max_ds_km=upper_adaptive_max_ds_km,
[111]
Overfull \hbox (138.73004pt too wide) in paragraph at lines 4563--4564
[]\TU/TimesNewRoman(0)/m/n/10.95 x0 \TU/YuGothic(0)/m/n/10.95 に \TU/TimesNewRom
an(0)/m/n/10.95 np.interp(ctrl_s_abs, initial_upper_policy_df[’s_km’].to_numpy(
dtype=float), initial_upper_policy_df[’v_kmh’].to_numpy(dtype=float))
[112]
Underfull \hbox (badness 1320) in paragraph at lines 4585--4586
[]\TU/TimesNewRoman(0)/m/n/10.95 solve_info \TU/YuGothic(0)/m/n/10.95 に \TU/Tim
esNewRoman(0)/m/n/10.95 {’success’: True, ’method’: ’locked_external_policy’, ’
label’: ’mesh_validation_policy’,

Overfull \hbox (14.31429pt too wide) in paragraph at lines 4585--4586
\TU/TimesNewRoman(0)/m/n/10.95 False, ’discrete_grid_levels’: 0, ’discrete_grid
_values’: [], ’discrete_grid_candidates’: 0, ’discrete_grid_nonfinite’:

Underfull \hbox (badness 10000) in paragraph at lines 4585--4586
\TU/TimesNewRoman(0)/m/n/10.95 0, ’discrete_grid_best_fun’: float(’inf’), ’disc
rete_grid_best_x’: [], ’deterministic_seed_candidates’:

Underfull \hbox (badness 3884) in paragraph at lines 4585--4586
\TU/TimesNewRoman(0)/m/n/10.95 1, ’deterministic_seed_nonfinite’: 0, ’finite_li
brary_candidates’: 1, ’selected_x’: u_seq.tolist(), ’se-

Underfull \hbox (badness 1635) in paragraph at lines 4587--4588
[]\TU/TimesNewRoman(0)/m/n/10.95 (u_seq, solve_info) \TU/YuGothic(0)/m/n/10.95 
に \TU/TimesNewRoman(0)/m/n/10.95 hybrid_bounded_minimize(cost, x0, bounds, maxi
ter=int(upper_max_iter), struc-

Underfull \hbox (badness 10000) in paragraph at lines 4587--4588
\TU/TimesNewRoman(0)/m/n/10.95 tured_seeds=[(’balance_seed’, build_balance_seed
())], cem_enabled=bool(upper_global_search_enabled),

Overfull \hbox (101.04843pt too wide) in paragraph at lines 4587--4588
\TU/TimesNewRoman(0)/m/n/10.95 cem_mode=upper_global_search_mode, cem_generatio
ns=int(upper_cem_generations), cem_population=int(upper_cem_population),

Underfull \hbox (badness 10000) in paragraph at lines 4587--4588
\TU/TimesNewRoman(0)/m/n/10.95 cem_elite=int(upper_cem_elite), local_refine_top
k=int(upper_local_refine_topk), rng_seed=int(max(0.0,

Overfull \hbox (148.13203pt too wide) in paragraph at lines 4587--4588
\TU/TimesNewRoman(0)/m/n/10.95 round(s0_km * 10.0))), shgo_samples=int(upper_sh
go_samples), shgo_iters=int(upper_shgo_iters), cert_grid_levels=int(upper_cert_
grid_levels),

Overfull \hbox (61.51442pt too wide) in paragraph at lines 4587--4588
\TU/TimesNewRoman(0)/m/n/10.95 cert_grid_values=[float(value) for value in uppe
r_cert_grid_values], cert_max_evaluations=int(upper_cert_max_evaluations),

Overfull \hbox (53.8907pt too wide) in paragraph at lines 4587--4588
\TU/TimesNewRoman(0)/m/n/10.95 cert_workers=int(upper_cert_workers), progress_c
allback=save_solver_progress, cert_progress_interval=int(cfg.get(’mpc’,

Overfull \hbox (13.1957pt too wide) in paragraph at lines 4592--4593
[]\TU/TimesNewRoman(0)/m/n/10.95 prediction_trace_path \TU/YuGothic(0)/m/n/10.9
5 に \TU/TimesNewRoman(0)/m/n/10.95 checkpoint_base.with_name(f’upper_selected_p
rediction_trace_{int(round(float(s0_km)
[113]
Overfull \hbox (25.95897pt too wide) in paragraph at lines 4605--4606
[]\TU/TimesNewRoman(0)/m/n/10.95 checkpoint_payload \TU/YuGothic(0)/m/n/10.95 に
 \TU/TimesNewRoman(0)/m/n/10.95 {’generated_utc’: datetime.now(timezone.utc).is
oformat(), ’profile_yaml’: args.profile_yaml,

Overfull \hbox (11.00398pt too wide) in paragraph at lines 4605--4606
\TU/TimesNewRoman(0)/m/n/10.95 ’s_km’: float(s0_km), ’prediction_steps’: int(Np
), ’control_dimensions’: int(Nc), ’u_seq_kmh’: np.asarray(u_seq,

Underfull \hbox (badness 1342) in paragraph at lines 4605--4606
\TU/TimesNewRoman(0)/m/n/10.95 sage’, ’fun’, ’nit’, ’cem_used’, ’shgo_used’, ’s
hgo_nfev’, ’shgo_local_minima’, ’discrete_global_proof’,

Underfull \hbox (badness 5345) in paragraph at lines 4605--4606
\TU/TimesNewRoman(0)/m/n/10.95 ’discrete_grid_levels’, ’discrete_grid_values’, 
’discrete_grid_candidates’, ’discrete_grid_nonfinite’, ’dis-

Underfull \hbox (badness 5924) in paragraph at lines 4605--4606
\TU/TimesNewRoman(0)/m/n/10.95 crete_grid_best_fun’, ’discrete_grid_best_x’, ’d
eterministic_seed_candidates’, ’finite_library_candidates’,

Underfull \hbox (badness 2564) in paragraph at lines 4605--4606
\TU/TimesNewRoman(0)/m/n/10.95 ’deterministic_seed_nonfinite’, ’selected_no_wor
se_than_grid’, ’selected_x’, ’finite_library_global_proof’,

Underfull \hbox (badness 1132) in paragraph at lines 4605--4606
\TU/TimesNewRoman(0)/m/n/10.95 ’selected_cost_recheck’, ’selected_prediction’, 
’selected_prediction_trace_csv’, ’selected_mission_feasible’,
[114] [115] [116] [117]
Overfull \hbox (1.10172pt too wide) in paragraph at lines 4763--4764
[]\TU/TimesNewRoman(0)/m/n/10.95 out \TU/YuGothic(0)/m/n/10.95 に \TU/TimesNewRo
man(0)/m/n/10.95 model.electrical_balance(best_v / 3.6, slope_leg, z_seed, Tb_s
eed, env_leg[’G_poa’], env_leg[’Tcell_C’],

Overfull \hbox (11.92926pt too wide) in paragraph at lines 4763--4764
\TU/TimesNewRoman(0)/m/n/10.95 headwind_ms=headwind_leg, ambient_temp_c=env_leg
.get(’Tamb_C’), elevation_m=env_leg.get(’elevation_m’,

Underfull \hbox (badness 8000) in paragraph at lines 4764--4765
[]\TU/TimesNewRoman(0)/m/n/10.95 z_seed \TU/YuGothic(0)/m/n/10.95 に \TU/TimesNe
wRoman(0)/m/n/10.95 float(np.clip(model.soc_step(z_seed, float(out[’P_pack’]), 
dt_seed, current_a=float(out[’I’]),
[118]
Overfull \hbox (13.06876pt too wide) in paragraph at lines 4823--4824
[]\TU/YuGothic(0)/m/n/10.95 戻 り 値 の 要 点\TU/TimesNewRoman(0)/m/n/10.95 : finish_
cost(J, ’horizon_complete’) / final_value / finish_cost(J + upper_cost_cfg.cons
traint_penalty
[119] [120]
Overfull \hbox (2.29019pt too wide) in paragraph at lines 4885--4886
[]\TU/TimesNewRoman(0)/m/n/10.95 finish_cost(J + upper_cost_cfg.constraint_pena
lty * (1.0 + missing_km) ** 2, ’zero_speed_before_horizon_end’)

Overfull \hbox (33.75562pt too wide) in paragraph at lines 4904--4905
[]\TU/TimesNewRoman(0)/m/n/10.95 out \TU/YuGothic(0)/m/n/10.95 に \TU/TimesNewRo
man(0)/m/n/10.95 model.electrical_balance(v_k / 3.6, slope_pct, z, Tb, env[’G_p
oa’], env[’Tcell_C’], headwind_ms=headwind_ms,

Overfull \hbox (4.31021pt too wide) in paragraph at lines 4904--4905
\TU/TimesNewRoman(0)/m/n/10.95 inertial_power_w=inertial_power_w, ambient_temp_
c=env.get(’Tamb_C’), elevation_m=env.get(’elevation_m’,
[121] [122]
Underfull \hbox (badness 2165) in paragraph at lines 4965--4966
[]\TU/YuGothic(0)/m/n/10.95 主 な ロ ー カ ル 代 入 名\TU/TimesNewRoman(0)/m/n/10.95 : f
inal_value, missing_distance_km, missing_fraction, mission_feasible, mis-

Underfull \hbox (badness 3199) in paragraph at lines 4986--4987
[]\TU/TimesNewRoman(0)/m/n/10.95 final_value \TU/YuGothic(0)/m/n/10.95 に \TU/Ti
mesNewRoman(0)/m/n/10.95 float(elapsed_plan_sec) if mission_feasible else 1e+18
 + 1000000000000000.0 * mis-
[123] [124]
Underfull \hbox (badness 1424) in paragraph at lines 5054--5055
[]\TU/TimesNewRoman(0)/m/n/10.95 payload \TU/YuGothic(0)/m/n/10.95 に \TU/TimesN
ewRoman(0)/m/n/10.95 {’generated_utc’: datetime.now(timezone.utc).isoformat(), 
’profile_yaml’: args.profile_yaml,
[125]
Underfull \hbox (badness 2600) in paragraph at lines 5089--5090
[]\TU/YuGothic(0)/m/n/10.95 定 義\TU/TimesNewRoman(0)/m/n/10.95 : $[][][][][][][]
[][] [] [][][][][][][][][] [] [][][][][][][][] [] [][][] [][] [][] [][] [][][] 
[][] [][] [] [][] [][] [][][] [][] [] [][] [][][][][] [] [][][][] [] [][][][][]
 [][] [][][][] []

Underfull \hbox (badness 1701) in paragraph at lines 5114--5115
[]\TU/TimesNewRoman(0)/m/n/10.95 out_metric_keys \TU/YuGothic(0)/m/n/10.95 に \T
U/TimesNewRoman(0)/m/n/10.95 (’P_pv_raw’, ’P_pv_unlimited’, ’P_pv_limit_loss’, 
’P_pv’, ’eta_panel’, ’eta_mppt’,

Underfull \hbox (badness 1997) in paragraph at lines 5114--5115
\TU/TimesNewRoman(0)/m/n/10.95 ’I’, ’V’, ’OCV’, ’Rint’, ’Rline’, ’Rpolarization
’, ’Rtotal’, ’iv_discriminant’, ’eta_charge’, ’losses_int’,
[126]
Overfull \hbox (95.21594pt too wide) in paragraph at lines 5141--5142
[]\TU/TimesNewRoman(0)/m/n/10.95 (v_exec, dt_sub) \TU/YuGothic(0)/m/n/10.95 に \
TU/TimesNewRoman(0)/m/n/10.95 advance_rate_limiter_to_distance_boundary(exec_li
miter, exec_target_kmh, start_time_sec=exec_sim_time_sec,

Overfull \hbox (38.22566pt too wide) in paragraph at lines 5142--5143
[]\TU/TimesNewRoman(0)/m/n/10.95 (v_exec, stop_snapped) \TU/YuGothic(0)/m/n/10.
95 に \TU/TimesNewRoman(0)/m/n/10.95 snap_execution_stop_speed_kmh(v_exec, exec_
target_kmh, stop_requested=bool(force_stop
[127]
Underfull \hbox (badness 2653) in paragraph at lines 5164--5165
[]\TU/TimesNewRoman(0)/m/n/10.95 out \TU/YuGothic(0)/m/n/10.95 に \TU/TimesNewRo
man(0)/m/n/10.95 model.electrical_balance(v_ms, slope_pct, z, Tb, env_sub[’G_po
a’], env_sub[’Tcell_C’], head-

Underfull \hbox (badness 1552) in paragraph at lines 5164--5165
\TU/TimesNewRoman(0)/m/n/10.95 wind_ms=headwind_ms, aux_power_w=env_sub.get(’au
x_power_w’), inertial_power_w=inertial_power_w,

Overfull \hbox (51.46408pt too wide) in paragraph at lines 5166--5167
[]\TU/TimesNewRoman(0)/m/n/10.95 forces \TU/YuGothic(0)/m/n/10.95 に \TU/TimesNe
wRoman(0)/m/n/10.95 model.resistive_forces(v_ms, slope_pct, headwind_ms=headwin
d_ms, ambient_temp_c=env_sub.get(’Tamb_C’),
[128]
Underfull \hbox (badness 3354) in paragraph at lines 5230--5231
[]\TU/YuGothic(0)/m/n/10.95 定 義\TU/TimesNewRoman(0)/m/n/10.95 : $[][][][][] [] 
[][][][][][][][][] [] [][][][][][][][][][][][][][] [][] [][][][][] [] [][][][] 
[] [][][] [][] [] [][] [][][][][] [] [][][] [][] [][][][] [] [][][][] [][] [][]
[][][] []

Underfull \hbox (badness 10000) in paragraph at lines 5230--5231
[][][][][] [] [][][] [] [][][] [][] [][][][][] [] [][][][][][] [] [][][][][][][
][] [] [][][][][][] [][] [][][] [] [][][][][] [] [][][][][][][][][][] [][] [][]
[][] [] [][] [][] [][][][][] []
[129]
Underfull \hbox (badness 3713) in paragraph at lines 5234--5235
\TU/TimesNewRoman(0)/m/n/10.95 label, lower_command_index, out_sub, power_key, 
row, s_end, s_start, soc_guard_intervention_rows,
[130]
Overfull \hbox (169.96176pt too wide) in paragraph at lines 5278--5279
\TU/TimesNewRoman(0)/m/n/10.95 ’time_utc’: step_time_utc.isoformat(), ’time_end
_utc’: step_end_utc.isoformat(), ’time_local’: step_time_utc.astimezone(detail_
local_tz).isoformat(),

Underfull \hbox (badness 5563) in paragraph at lines 5278--5279
\TU/TimesNewRoman(0)/m/n/10.95 if abs(dt_sub - detail_interval_sec) <= 1e-09 el
se ’boundary_remainder’, ’lower_command_rate_hz’:

Underfull \hbox (badness 10000) in paragraph at lines 5278--5279
\TU/TimesNewRoman(0)/m/n/10.95 1.0 / max(dt_sub, 1e-09), ’outer_step_requested_
dt_sec’: float(args.dt), ’outer_step_actual_dt_sec’:

Overfull \hbox (10.42511pt too wide) in paragraph at lines 5278--5279
\TU/TimesNewRoman(0)/m/n/10.95 float(outer_step_dt_sec), ’outer_step_boundary_r
eason’: str(outer_boundary_reason or ’planner_step_complete’),

Overfull \hbox (19.6781pt too wide) in paragraph at lines 5278--5279
\TU/TimesNewRoman(0)/m/n/10.95 s_start, ’s_end_km’: s_end, ’ds_step_km’: s_end 
- s_start, ’upper_speed_cmd_kmh’: float(upper_speed_cmd_kmh),

Overfull \hbox (53.726pt too wide) in paragraph at lines 5278--5279
\TU/TimesNewRoman(0)/m/n/10.95 ’speed_safety_override_active’: bool(speed_safet
y_override_active), ’soc_guard_intervened’: bool(soc_guard_intervened),

Underfull \hbox (badness 10000) in paragraph at lines 5278--5279
\TU/TimesNewRoman(0)/m/n/10.95 ’lower_reference_target_kmh’: v_target_sub, ’low
er_speed_cmd_kmh’: v_exec_sub, ’v_cmd_kmh’:

Overfull \hbox (3.16757pt too wide) in paragraph at lines 5278--5279
\TU/TimesNewRoman(0)/m/n/10.95 v_cmd_sub, ’v_exec_kmh’: v_exec_sub, ’v_exec_pre
vious_kmh’: v_exec_previous_sub, ’v_exec_target_kmh’:

Underfull \hbox (badness 1783) in paragraph at lines 5278--5279
\TU/TimesNewRoman(0)/m/n/10.95 v_target_sub, ’v_cmd_ms’: v_cmd_sub / 3.6, ’v_ex
ec_ms’: v_exec_ms_sub, ’acceleration_ms2’: ac-

Underfull \hbox (badness 2165) in paragraph at lines 5278--5279
\TU/TimesNewRoman(0)/m/n/10.95 celeration_ms2_sub, ’soc’: z_start, ’soc_end’: z
_end, ’usable_battery_start_Wh’: max(0.0, (z_start -

Underfull \hbox (badness 5133) in paragraph at lines 5278--5279
\TU/TimesNewRoman(0)/m/n/10.95 ’battery_charge_used_step_Ah’: (z_start - z_end)
 * float(model.p.Q_nom_Ah), ’soc_state_definition’:

Overfull \hbox (103.08624pt too wide) in paragraph at lines 5278--5279
\TU/TimesNewRoman(0)/m/n/10.95 float(substep[’Tb_end’]), ’slope_pct’: float(env
_sub.get(’slope_pct’, 0.0)), ’slope_scaled_pct’: float(forces_sub.get(’slope_sc
aled_pct’,

Underfull \hbox (badness 7451) in paragraph at lines 5278--5279
\TU/TimesNewRoman(0)/m/n/10.95 env_sub.get(’slope_pct’, 0.0))), ’headwind_ms’: 
float(env_sub.get(’headwind_ms’, 0.0)), ’v_rel_ms’:

Overfull \hbox (58.33638pt too wide) in paragraph at lines 5278--5279
\TU/TimesNewRoman(0)/m/n/10.95 float(forces_sub.get(’v_rel_ms’, v_exec_ms_sub +
 env_sub.get(’headwind_ms’, 0.0))), ’G_raw’: float(env_sub.get(’G_raw’,

Underfull \hbox (badness 10000) in paragraph at lines 5278--5279
\TU/TimesNewRoman(0)/m/n/10.95 env_sub.get(’G_poa’, 0.0))), ’G_drive_poa’: floa
t(env_sub.get(’G_drive_poa’, env_sub.get(’G_raw’,

Underfull \hbox (badness 1708) in paragraph at lines 5278--5279
\TU/TimesNewRoman(0)/m/n/10.95 0.0)), ’Tamb_C’: float(env_sub.get(’Tamb_C’, 30.
0)), ’Tcell_drive_C’: float(env_sub.get(’Tcell_drive_C’,

Underfull \hbox (badness 7504) in paragraph at lines 5278--5279
\TU/TimesNewRoman(0)/m/n/10.95 env_sub.get(’Tcell_C’, 40.0))), ’Tcell_stop_C’: 
float(env_sub.get(’Tcell_stop_C’, env_sub.get(’Tcell_C’,

Underfull \hbox (badness 3780) in paragraph at lines 5278--5279
\TU/TimesNewRoman(0)/m/n/10.95 40.0))), ’Tcell_control_stop_C’: float(env_sub.g
et(’Tcell_control_stop_C’, env_sub.get(’Tcell_C’, 40.0))),

Underfull \hbox (badness 7740) in paragraph at lines 5278--5279
\TU/TimesNewRoman(0)/m/n/10.95 ’Tcell_C’: float(env_sub.get(’Tcell_C’, 40.0)), 
’panel_stop_mode’: str(env_sub.get(’panel_stop_mode’,

Overfull \hbox (14.96768pt too wide) in paragraph at lines 5278--5279
\TU/TimesNewRoman(0)/m/n/10.95 ’drive’)), ’P_pv_raw’: float(out_sub.get(’P_pv_r
aw’, 0.0)), ’P_pv_unlimited’: float(out_sub.get(’P_pv_unlimited’,

Underfull \hbox (badness 7759) in paragraph at lines 5278--5279
\TU/TimesNewRoman(0)/m/n/10.95 out_sub.get(’P_pv’, 0.0))), ’P_pv_limit_loss’: f
loat(out_sub.get(’P_pv_limit_loss’, 0.0)), ’eta_panel’:

Overfull \hbox (28.79668pt too wide) in paragraph at lines 5278--5279
\TU/TimesNewRoman(0)/m/n/10.95 float(out_sub.get(’eta_panel’, 0.0)), ’eta_mppt’
: float(out_sub.get(’eta_mppt’, 0.0)), ’P_pv’: float(out_sub.get(’P_pv’,

Overfull \hbox (65.2931pt too wide) in paragraph at lines 5278--5279
\TU/TimesNewRoman(0)/m/n/10.95 float(out_sub.get(’P_road_load’, 0.0)), ’P_inert
ia’: float(out_sub.get(’P_inertia’, 0.0)), ’P_mech’: float(out_sub.get(’P_mech’
,

Overfull \hbox (15.85522pt too wide) in paragraph at lines 5278--5279
\TU/TimesNewRoman(0)/m/n/10.95 0.0)), ’P_mech_wheel’: float(out_sub.get(’P_mech
_wheel’, 0.0)), ’P_dc_to_drv’: float(out_sub.get(’P_dc_to_drv’,

Underfull \hbox (badness 5359) in paragraph at lines 5278--5279
\TU/TimesNewRoman(0)/m/n/10.95 ’P_vehicle_load_w’: float(out_sub.get(’P_dc_to_d
rv’, 0.0)) - float(out_sub.get(’P_reg_to_dc’, 0.0)) +

Overfull \hbox (15.44919pt too wide) in paragraph at lines 5278--5279
\TU/TimesNewRoman(0)/m/n/10.95 float(out_sub.get(’I’, 0.0)) * float(out_sub.get
(’V’, 0.0)), ’power_balance_residual_W’: float(out_sub.get(’P_pack’,

Underfull \hbox (badness 3930) in paragraph at lines 5278--5279
\TU/TimesNewRoman(0)/m/n/10.95 0.0)) - float(out_sub.get(’I’, 0.0)) * float(out
_sub.get(’V’, 0.0)), ’I’: float(out_sub.get(’I’, 0.0)), ’V’:

Underfull \hbox (badness 10000) in paragraph at lines 5278--5279
\TU/TimesNewRoman(0)/m/n/10.95 float(out_sub.get(’V’, 0.0)), ’OCV’: float(out_s
ub.get(’OCV’, 0.0)), ’Rint’: float(out_sub.get(’Rint’,

Underfull \hbox (badness 2035) in paragraph at lines 5278--5279
\TU/TimesNewRoman(0)/m/n/10.95 0.0)), ’Rline’: float(out_sub.get(’Rline’, 0.0))
, ’Rpolarization’: float(out_sub.get(’Rpolarization’, 0.0)),

Underfull \hbox (badness 3826) in paragraph at lines 5278--5279
\TU/TimesNewRoman(0)/m/n/10.95 ’Rtotal’: float(out_sub.get(’Rtotal’, 0.0)), ’iv
_discriminant’: float(out_sub.get(’iv_discriminant’, 0.0)),

Underfull \hbox (badness 8113) in paragraph at lines 5278--5279
\TU/TimesNewRoman(0)/m/n/10.95 ’eta_charge’: float(out_sub.get(’eta_charge’, 1.
0)), ’losses_int’: float(out_sub.get(’losses_int’, 0.0)),

Underfull \hbox (badness 4229) in paragraph at lines 5278--5279
\TU/TimesNewRoman(0)/m/n/10.95 ’losses_rint’: float(out_sub.get(’losses_rint’, 
0.0)), ’losses_line’: float(out_sub.get(’losses_line’, 0.0)),

Underfull \hbox (badness 1371) in paragraph at lines 5278--5279
\TU/TimesNewRoman(0)/m/n/10.95 ’losses_polarization’: float(out_sub.get(’losses
_polarization’, 0.0)), ’eff_drv’: float(out_sub.get(’eff_drv’,

Underfull \hbox (badness 10000) in paragraph at lines 5278--5279
\TU/TimesNewRoman(0)/m/n/10.95 0.0)), ’omega_wheel_radps’: float(out_sub.get(’o
mega_wheel_radps’, 0.0)), ’drive_mode_selected’:

Underfull \hbox (badness 10000) in paragraph at lines 5278--5279
\TU/TimesNewRoman(0)/m/n/10.95 model.select_drive_mode(v_exec_ms_sub, torque_dr
ive_nm), ’F_aero’: float(forces_sub.get(’F_aero’,

Underfull \hbox (badness 6477) in paragraph at lines 5278--5279
\TU/TimesNewRoman(0)/m/n/10.95 0.0)), ’F_roll’: float(forces_sub.get(’F_roll’, 
0.0)), ’F_grade’: float(forces_sub.get(’F_grade’, 0.0)),
[131] [132]
ignored error: Infinite glue shrinkage found in box being split [133]
ignored error: Infinite glue shrinkage found in box being split [134] [135]
(C:\Users\user\OneDrive - 和歌山大学\ソーラー\エネマネ\solar_ws0129-main\docs\program_refere
nce_complete_20260729\build\10_scripts_solar_sim_py\10_scripts_solar_sim_py.aux
)

LaTeX Font Warning: Some font shapes were not available, defaults substituted.

 )
(see the transcript file for additional information)
Output written on C:\Users\user\OneDrive - 和歌山大学\ソーラー\エネマネ\solar_ws0129-main\do
cs\program_reference_complete_20260729\build\10_scripts_solar_sim_py\10_scripts
_solar_sim_py.pdf (135 pages).
Transcript written on "C:\Users\user\OneDrive - 和歌山大学\ソーラー\エネマネ\solar_ws0129-ma
in\docs\program_reference_complete_20260729\build\10_scripts_solar_sim_py\10_sc
ripts_solar_sim_py.log".

miktex-dvipdfmx: major issue: So far, you have not checked for MiKTeX updates.
xelatex: major issue: So far, you have not checked for MiKTeX updates.

