ZP Download Data,,,,,,,,,,,,,,,,,
2025/8/24 17:51,,,,,,,,,,,,,,,,,
C:\Users\aoit0\OneDrive\デスクトップ\BWSC2025ZPデータ\ZP_Data0824.csv,,,,,,,,,,,,,,,,,
データ記録=,5秒間隔,,,,,,,,,,,,,,,,
データ数=,7160,,,,,,,,,,,,,,,,
No,Solar[A],Battery[A],Main_Volt[V],Solar_Watt[W],Battery_Watt[W],Sub_Volt[V],Speed[kmh],,SolarW*5/3600,,,,,,,,MO[W]=BA-SO
1,0.27,-0.01,102.2,27.6,-1,0,0,,0.038333333,,,,,,,,-28.6
2,0.27,-0.01,102.2,27.6,-1,0,0,,0.038333333,,,,,,,,-28.6
3,0.27,-0.01,102.2,27.6,-1,0,0,,0.038333333,,,,,,,,-28.6
4,0.27,0,102.2,27.6,0,0,0,,0.038333333,,,,,,,,-27.6
5,0.27,-0.01,102.2,27.6,-1,0,0,,0.038333333,,,,,,,,-28.6
6,0.27,0.56,102.1,27.6,57.2,0,0,,0.038333333,,,,,,,,29.6
7,0.62,-0.31,102.2,63.4,-31.7,0,6,,0.088055556,,,,,,,,-95.1
8,0.3,-0.03,102.2,30.7,-3.1,0,12,,0.042638889,,,,,,,,-33.8
9,0.33,-0.02,102.1,33.7,-2,0,10,,0.046805556,,,,,,,,-35.7
10,0.37,0.67,102,37.7,68.3,0,10,,0.052361111,,,,,,,,30.6
11,1.07,-0.73,102.3,109.5,-74.7,0,11,,0.152083333,,,,,,,,-184.2
12,1.49,-1.12,102.4,152.6,-114.7,0,10,,0.211944444,,,,,,,,-267.3
13,0.54,0.77,102,55.1,78.5,0,17,,0.076527778,,,,,,,,23.4
14,0.62,-0.29,102.1,63.3,-29.6,0,16,,0.087916667,,,,,,,,-92.9
15,0.89,-0.57,102.2,91,-58.3,0,17,,0.126388889,,,,,,,,-149.3
16,0.52,-0.24,102.2,53.1,-24.5,0,18,,0.07375,,,,,,,,-77.6
17,0.38,-0.1,102.2,38.8,-10.2,0,19,,0.053888889,,,,,,,,-49
18,0.34,-0.06,102.2,34.7,-6.1,0,21,,0.048194444,,,,,,,,-40.8
19,0.4,-0.12,102.2,40.9,-12.3,0,25,,0.056805556,,,,,,,,-53.2
20,0.69,-5.25,103.1,71.1,-541.3,0,21,,0.09875,,,,,,,,-612.4
21,0.98,-0.66,102.3,100.3,-67.5,0,24,,0.139305556,,,,,,,,-167.8
22,0.3,-8.54,103.6,31.1,-884.7,0,29,,0.043194444,,,,,,,,-915.8
23,0.43,-0.16,102.3,44,-16.4,0,29,,0.061111111,,,,,,,,-60.4
24,0.37,-0.09,102.2,37.8,-9.2,0,36,,0.0525,,,,,,,,-47
25,1.41,-1.05,102.4,144.4,-107.5,0,44,,0.200555556,,,,,,,,-251.9
26,1.19,-0.84,102.4,121.9,-86,0,47,,0.169305556,,,,,,,,-207.9
27,0.52,-0.23,102.3,53.2,-23.5,0,50,,0.073888889,,,,,,,,-76.7
28,0.73,-0.42,102.3,74.7,-43,0,53,,0.10375,,,,,,,,-117.7
29,0.64,-0.33,102.4,65.5,-33.8,0,55,,0.090972222,,,,,,,,-99.3
30,0.52,-0.22,102.2,53.1,-22.5,0,55,,0.07375,,,,,,,,-75.6
31,0.65,5.73,101.2,65.8,579.9,0,56,,0.091388889,,,,,,,,514.1
32,0.7,0.36,102.1,71.5,36.8,0,58,,0.099305556,,,,,,,,-34.7
33,0.72,-0.41,102.2,73.6,-41.9,0,58,,0.102222222,,,,,,,,-115.5
34,0.87,-3.11,102.7,89.3,-319.4,0,57,,0.124027778,,,,,,,,-408.7
35,1.3,-0.94,102.4,133.1,-96.3,0,40,,0.184861111,,,,,,,,-229.4
36,1.96,-1.55,102.5,200.9,-158.9,0,20,,0.279027778,,,,,,,,-359.8
37,1.96,-1.56,102.5,200.9,-159.9,0,7,,0.279027778,,,,,,,,-360.8
38,1.97,-1.56,102.5,201.9,-159.9,0,0,,0.280416667,,,,,,,,-361.8
39,1.87,5.61,101.1,189.1,567.2,0,10,,0.262638889,,,,,,,,378.1
40,1.4,5.95,101,141.4,601,0,18,,0.196388889,,,,,,,,459.6
41,0.41,5.25,101.1,41.5,530.8,0,30,,0.057638889,,,,,,,,489.3
42,0.51,3.7,101.4,51.7,375.2,0,35,,0.071805556,,,,,,,,323.5
43,0.55,0.58,102,56.1,59.2,0,40,,0.077916667,,,,,,,,3.1
44,0.51,1,101.9,52,101.9,0,42,,0.072222222,,,,,,,,49.9
45,0.27,-11.75,104.1,28.1,-1223.2,0,38,,0.039027778,,,,,,,,-1251.3
46,0.45,-0.17,102.2,46,-17.4,0,27,,0.063888889,,,,,,,,-63.4
47,0.83,-0.51,102.2,84.8,-52.1,0,26,,0.117777778,,,,,,,,-136.9
48,0.46,-5.47,103.1,47.4,-564,0,21,,0.065833333,,,,,,,,-611.4
49,0.68,-3.73,102.9,70,-383.8,0,17,,0.097222222,,,,,,,,-453.8
50,0.68,-1.95,102.5,69.7,-199.9,0,11,,0.096805556,,,,,,,,-269.6
51,0.75,-0.43,102.4,76.8,-44,0,8,,0.106666667,,,,,,,,-120.8
52,0.58,4.91,101.2,58.7,496.9,0,12,,0.081527778,,,,,,,,438.2
53,0.72,7.56,100.7,72.5,761.3,0,21,,0.100694444,,,,,,,,688.8
54,0.67,8.55,100.5,67.3,859.3,0,28,,0.093472222,,,,,,,,792
55,0.71,8.76,100.3,71.2,878.6,0,34,,0.098888889,,,,,,,,807.4
56,0.67,9.47,100.2,67.1,948.9,0,40,,0.093194444,,,,,,,,881.8
57,0.67,9.45,100.1,67.1,945.9,0,45,,0.093194444,,,,,,,,878.8
58,0.81,9.33,100,81,933,0,50,,0.1125,,,,,,,,852
59,0.69,9.42,100.1,69.1,942.9,0,54,,0.095972222,,,,,,,,873.8
60,0.77,8.37,100.2,77.2,838.7,0,58,,0.107222222,,,,,,,,761.5
61,0.75,8.41,100.1,75.1,841.8,0,61,,0.104305556,,,,,,,,766.7
62,0.78,8.36,100.1,78.1,836.8,0,63,,0.108472222,,,,,,,,758.7
63,0.79,8.41,100.1,79.1,841.8,0,63,,0.109861111,,,,,,,,762.7
64,0.79,7.35,100.3,79.2,737.2,0,63,,0.11,,,,,,,,658
65,0.79,5.35,100.6,79.5,538.2,0,63,,0.110416667,,,,,,,,458.7
66,1.23,5.05,100.7,123.9,508.5,0,65,,0.172083333,,,,,,,,384.6
67,0.83,5.35,100.6,83.5,538.2,0,66,,0.115972222,,,,,,,,454.7
68,1.22,4.07,100.9,123.1,410.7,0,67,,0.170972222,,,,,,,,287.6
69,0.98,-4.12,102.3,100.3,-421.5,0,67,,0.139305556,,,,,,,,-521.8
70,0.66,-3.39,102.3,67.5,-346.8,0,65,,0.09375,,,,,,,,-414.3
71,1.12,-0.78,101.9,114.1,-79.5,0,56,,0.158472222,,,,,,,,-193.6
72,1.05,-0.71,101.9,107,-72.3,0,48,,0.148611111,,,,,,,,-179.3
73,1.01,-0.67,101.9,102.9,-68.3,0,38,,0.142916667,,,,,,,,-171.2
74,0.81,-0.49,101.9,82.5,-49.9,0,25,,0.114583333,,,,,,,,-132.4
75,0.83,5.86,100.7,83.6,590.1,0,24,,0.116111111,,,,,,,,506.5
76,0.89,7.76,100.3,89.3,778.3,0,29,,0.124027778,,,,,,,,689
77,0.77,11.71,99.5,76.6,1165.1,0,32,,0.106388889,,,,,,,,1088.5
78,0.9,13.7,99.1,89.2,1357.7,0,35,,0.123888889,,,,,,,,1268.5
79,0.8,14.77,98.9,79.1,1460.8,0,36,,0.109861111,,,,,,,,1381.7
80,0.84,14.68,98.9,83.1,1451.9,0,37,,0.115416667,,,,,,,,1368.8
81,0.98,17.63,98.2,96.2,1731.3,0,38,,0.133611111,,,,,,,,1635.1
82,1.26,20.27,97.7,123.1,1980.4,0,43,,0.170972222,,,,,,,,1857.3
83,1.55,21.51,97.4,151,2095.1,0,48,,0.209722222,,,,,,,,1944.1
84,2.07,22.57,97.1,201,2191.5,0,55,,0.279166667,,,,,,,,1990.5
85,2.58,22.06,97.2,250.8,2144.2,0,63,,0.348333333,,,,,,,,1893.4
86,2.73,16.04,98.1,267.8,1573.5,0,71,,0.371944444,,,,,,,,1305.7
87,1.82,-12.63,103.2,187.8,-1303.4,0,72,,0.260833333,,,,,,,,-1491.2
88,1.51,-10.54,103.1,155.7,-1086.7,0,69,,0.21625,,,,,,,,-1242.4
89,1.79,-5.7,102.3,183.1,-583.1,0,66,,0.254305556,,,,,,,,-766.2
90,1.29,-8.45,102.8,132.6,-868.7,0,65,,0.184166667,,,,,,,,-1001.3
91,1.54,-6.66,102.6,158,-683.3,0,64,,0.219444444,,,,,,,,-841.3
92,1.38,-4.98,102.4,141.3,-510,0,58,,0.19625,,,,,,,,-651.3
93,1.14,-14.06,104,118.6,-1462.2,0,36,,0.164722222,,,,,,,,-1580.8
94,1.44,-1.16,101.8,146.6,-118.1,0,6,,0.203611111,,,,,,,,-264.7
95,1.45,-1.09,101.8,147.6,-111,0,0,,0.205,,,,,,,,-258.6
96,1.43,-1.06,101.8,145.6,-107.9,0,0,,0.202222222,,,,,,,,-253.5
97,2.09,5.97,100.5,210,600,0,10,,0.291666667,,,,,,,,390
98,2.2,9.87,99.7,219.3,984,0,24,,0.304583333,,,,,,,,764.7
99,2.75,11.07,99.5,273.6,1101.5,0,35,,0.38,,,,,,,,827.9
100,2.69,11.13,99.4,267.4,1106.3,0,43,,0.371388889,,,,,,,,838.9
101,2.65,12.15,99.2,262.9,1205.3,0,50,,0.365138889,,,,,,,,942.4
102,2.15,11.55,99.2,213.3,1145.8,0,55,,0.29625,,,,,,,,932.5
103,2.25,11.46,99.2,223.2,1136.8,0,60,,0.31,,,,,,,,913.6
104,2.24,11.37,99.2,222.2,1127.9,0,63,,0.308611111,,,,,,,,905.7
105,2.29,-1.85,101.6,232.7,-188,0,62,,0.323194444,,,,,,,,-420.7
106,2.36,-1.88,101.6,239.8,-191,0,59,,0.333055556,,,,,,,,-430.8
107,2.38,-1.94,101.7,242,-197.3,0,57,,0.336111111,,,,,,,,-439.3
108,2.15,-1.72,101.6,218.4,-174.8,0,54,,0.303333333,,,,,,,,-393.2
109,1.75,0.41,101.3,177.3,41.5,0,50,,0.24625,,,,,,,,-135.8
110,2.34,14.5,98.8,231.2,1432.6,0,52,,0.321111111,,,,,,,,1201.4
111,2.38,15.46,98.5,234.4,1522.8,0,56,,0.325555556,,,,,,,,1288.4
112,2.3,17.41,98.1,225.6,1707.9,0,59,,0.313333333,,,,,,,,1482.3
113,2.3,18.5,97.8,224.9,1809.3,0,62,,0.312361111,,,,,,,,1584.4
114,2.28,21.23,97.2,221.6,2063.6,0,66,,0.307777778,,,,,,,,1842
115,2.29,20.72,97.3,222.8,2016.1,0,70,,0.309444444,,,,,,,,1793.3
116,2.17,17.86,97.7,212,1744.9,0,72,,0.294444444,,,,,,,,1532.9
117,2.24,15.32,98.1,219.7,1502.9,0,73,,0.305138889,,,,,,,,1283.2
118,2.32,11.81,98.7,229,1165.6,0,75,,0.318055556,,,,,,,,936.6
119,2.46,9.49,99.1,243.8,940.5,0,76,,0.338611111,,,,,,,,696.7
120,2.42,7.56,99.4,240.5,751.5,0,78,,0.334027778,,,,,,,,511
121,2.43,6.08,99.7,242.3,606.2,0,78,,0.336527778,,,,,,,,363.9
122,1.7,4.08,100.1,170.2,408.4,0,78,,0.236388889,,,,,,,,238.2
123,2.4,2.07,100.5,241.2,208,0,78,,0.335,,,,,,,,-33.2
124,2.44,2.04,100.6,245.5,205.2,0,77,,0.340972222,,,,,,,,-40.3
125,2.43,2.05,100.6,244.5,206.2,0,76,,0.339583333,,,,,,,,-38.3
126,2.42,2.07,100.6,243.5,208.2,0,75,,0.338194444,,,,,,,,-35.3
127,2.42,2.05,100.6,243.5,206.2,0,74,,0.338194444,,,,,,,,-37.3
128,2.45,2.03,100.7,246.7,204.4,0,72,,0.342638889,,,,,,,,-42.3
129,2.41,2.03,100.7,242.7,204.4,0,70,,0.337083333,,,,,,,,-38.3
130,2.29,3.14,100.5,230.1,315.6,0,69,,0.319583333,,,,,,,,85.5
131,2.46,4.02,100.3,246.7,403.2,0,68,,0.342638889,,,,,,,,156.5
132,2.42,3.98,100.3,242.7,399.2,0,67,,0.337083333,,,,,,,,156.5
133,2.47,5.97,100,247,597,0,66,,0.343055556,,,,,,,,350
134,2.19,6.2,99.9,218.8,619.4,0,65,,0.303888889,,,,,,,,400.6
135,2.35,6.09,99.9,234.8,608.4,0,64,,0.326111111,,,,,,,,373.6
136,1.8,6.52,99.8,179.6,650.7,0,64,,0.249444444,,,,,,,,471.1
137,0.6,7.49,99.6,59.8,746,0,63,,0.083055556,,,,,,,,686.2
138,1.01,6.34,99.7,100.7,632.1,0,63,,0.139861111,,,,,,,,531.4
139,1.63,-1.25,101.2,165,-126.5,0,61,,0.229166667,,,,,,,,-291.5
140,0.9,-0.57,101.1,91,-57.6,0,59,,0.126388889,,,,,,,,-148.6
141,0.6,3.54,100.4,60.2,355.4,0,59,,0.083611111,,,,,,,,295.2
142,0.79,1.39,100.7,79.6,140,0,62,,0.110555556,,,,,,,,60.4
143,0.91,-0.59,101.1,92,-59.6,0,63,,0.127777778,,,,,,,,-151.6
144,0.93,-0.6,101.2,94.1,-60.7,0,64,,0.130694444,,,,,,,,-154.8
145,1.15,-0.8,101.2,116.4,-81,0,64,,0.161666667,,,,,,,,-197.4
146,1.31,-0.95,101.2,132.6,-96.1,0,63,,0.184166667,,,,,,,,-228.7
147,0.68,-13.66,103.5,70.4,-1413.8,0,52,,0.097777778,,,,,,,,-1484.2
148,1.05,5.44,100.3,105.3,545.6,0,39,,0.14625,,,,,,,,440.3
149,1.16,14,98.7,114.5,1381.8,0,40,,0.159027778,,,,,,,,1267.3
150,1.44,24.02,96.8,139.4,2325.1,0,48,,0.193611111,,,,,,,,2185.7
151,0.66,24.74,96.6,63.8,2389.9,0,54,,0.088611111,,,,,,,,2326.1
152,0.51,22.39,96.9,49.4,2169.6,0,59,,0.068611111,,,,,,,,2120.2
153,0.41,20.96,97.1,39.8,2035.2,0,61,,0.055277778,,,,,,,,1995.4
154,0.47,20.86,97.1,45.6,2025.5,0,63,,0.063333333,,,,,,,,1979.9
155,1.71,19.22,97.3,166.4,1870.1,0,65,,0.231111111,,,,,,,,1703.7
156,1.18,18.11,97.4,114.9,1763.9,0,67,,0.159583333,,,,,,,,1649
157,0.78,15.89,97.8,76.3,1554,0,69,,0.105972222,,,,,,,,1477.7
158,2.34,8.91,98.9,231.4,881.2,0,70,,0.321388889,,,,,,,,649.8
159,1.9,6.59,99.3,188.7,654.4,0,71,,0.262083333,,,,,,,,465.7
160,1.84,3.32,100,184,332,0,71,,0.255555556,,,,,,,,148
161,0.51,-0.22,100.7,51.4,-22.2,0,71,,0.071388889,,,,,,,,-73.6
162,0.54,-0.21,100.7,54.4,-21.1,0,71,,0.075555556,,,,,,,,-75.5
163,0.78,-0.46,100.8,78.6,-46.4,0,71,,0.109166667,,,,,,,,-125
164,0.47,-0.19,100.8,47.4,-19.2,0,72,,0.065833333,,,,,,,,-66.6
165,1.34,-0.98,100.9,135.2,-98.9,0,72,,0.187777778,,,,,,,,-234.1
166,1.2,-0.84,100.9,121.1,-84.8,0,72,,0.168194444,,,,,,,,-205.9
167,1.2,-0.84,101,121.2,-84.8,0,72,,0.168333333,,,,,,,,-206
168,1.38,3.89,100.2,138.3,389.8,0,71,,0.192083333,,,,,,,,251.5
169,1.06,4.16,100.1,106.1,416.4,0,72,,0.147361111,,,,,,,,310.3
170,1.09,3.15,100.3,109.3,315.9,0,71,,0.151805556,,,,,,,,206.6
171,1.43,2.86,100.3,143.4,286.9,0,69,,0.199166667,,,,,,,,143.5
172,1.44,2.81,100.3,144.4,281.8,0,69,,0.200555556,,,,,,,,137.4
173,2.02,2.36,100.4,202.8,236.9,0,67,,0.281666667,,,,,,,,34.1
174,1.99,2.33,100.4,199.8,233.9,0,65,,0.2775,,,,,,,,34.1
175,1.52,2.7,100.4,152.6,271.1,0,61,,0.211944444,,,,,,,,118.5
176,2.28,-1.84,101.2,230.7,-186.2,0,57,,0.320416667,,,,,,,,-416.9
177,1.85,4.48,100,185,448,0,55,,0.256944444,,,,,,,,263
178,2.53,3.89,100.1,253.3,389.4,0,56,,0.351805556,,,,,,,,136.1
179,2.05,4.33,100,205,433,0,58,,0.284722222,,,,,,,,228
180,2.52,3.96,100.1,252.3,396.4,0,60,,0.350416667,,,,,,,,144.1
181,1.75,4.63,100,175,463,0,62,,0.243055556,,,,,,,,288
182,0.66,5.41,99.8,65.9,539.9,0,62,,0.091527778,,,,,,,,474
183,1.72,3.95,100,172,395,0,62,,0.238888889,,,,,,,,223
184,1.68,4.59,100,168,459,0,61,,0.233333333,,,,,,,,291
185,2.17,4.22,100.1,217.2,422.4,0,61,,0.301666667,,,,,,,,205.2
186,1.76,4.61,100,176,461,0,61,,0.244444444,,,,,,,,285
187,1.65,4.59,100,165,459,0,60,,0.229166667,,,,,,,,294
188,1.69,5.16,99.8,168.7,515,0,59,,0.234305556,,,,,,,,346.3
189,1.93,5.39,99.8,192.6,537.9,0,59,,0.2675,,,,,,,,345.3
190,1.79,6.46,99.5,178.1,642.8,0,58,,0.247361111,,,,,,,,464.7
191,2.03,6.27,99.5,202,623.9,0,57,,0.280555556,,,,,,,,421.9
192,2.5,5.88,99.6,249,585.6,0,56,,0.345833333,,,,,,,,336.6
193,2.56,5.82,99.6,255,579.7,0,56,,0.354166667,,,,,,,,324.7
194,2.58,5.81,99.6,257,578.7,0,56,,0.356944444,,,,,,,,321.7
195,2.64,5.75,99.6,262.9,572.7,0,58,,0.365138889,,,,,,,,309.8
196,2.51,5.86,99.6,250,583.7,0,62,,0.347222222,,,,,,,,333.7
197,2.16,6.14,99.5,214.9,610.9,0,66,,0.298472222,,,,,,,,396
198,2.58,-2.11,101,260.6,-213.1,0,71,,0.361944444,,,,,,,,-473.7
199,1.1,-22.77,104.5,115,-2379.5,0,69,,0.159722222,,,,,,,,-2494.5
200,2,-1.58,101,202,-159.6,0,68,,0.280555556,,,,,,,,-361.6
201,2.03,-1.6,101.1,205.2,-161.8,0,68,,0.285,,,,,,,,-367
202,2.2,-1.77,101.1,222.4,-178.9,0,67,,0.308888889,,,,,,,,-401.3
203,2.6,-2.13,101.2,263.1,-215.6,0,65,,0.365416667,,,,,,,,-478.7
204,2.06,-1.65,101.2,208.5,-167,0,63,,0.289583333,,,,,,,,-375.5
205,2.6,-2.14,101.2,263.1,-216.6,0,61,,0.365416667,,,,,,,,-479.7
206,2.59,-2.14,101.2,262.1,-216.6,0,59,,0.364027778,,,,,,,,-478.7
207,2.25,-11.73,102.8,231.3,-1205.8,0,57,,0.32125,,,,,,,,-1437.1
208,1.57,-20.98,104.4,163.9,-2190.3,0,43,,0.227638889,,,,,,,,-2354.2
209,0.83,-0.51,101.1,83.9,-51.6,0,41,,0.116527778,,,,,,,,-135.5
210,1.84,-1.44,101.2,186.2,-145.7,0,39,,0.258611111,,,,,,,,-331.9
211,1.8,-7,102.1,183.8,-714.7,0,34,,0.255277778,,,,,,,,-898.5
212,2.6,-2.14,101.4,263.6,-217,0,31,,0.366111111,,,,,,,,-480.6
213,2.6,-2.13,101.4,263.6,-216,0,27,,0.366111111,,,,,,,,-479.6
214,2.51,-8.56,102.4,257,-876.5,0,25,,0.356944444,,,,,,,,-1133.5
215,1.35,-5.49,101.9,137.6,-559.4,0,19,,0.191111111,,,,,,,,-697
216,1.79,-3.42,101.6,181.9,-347.5,0,12,,0.252638889,,,,,,,,-529.4
217,1.69,-1.31,101.3,171.2,-132.7,0,3,,0.237777778,,,,,,,,-303.9
218,1.72,0.85,100.9,173.5,85.8,0,9,,0.240972222,,,,,,,,-87.7
219,1.31,3.29,100.4,131.5,330.3,0,14,,0.182638889,,,,,,,,198.8
220,2.47,0.84,100.8,249,84.7,0,18,,0.345833333,,,,,,,,-164.3
221,2.47,-0.62,101.1,249.7,-62.7,0,20,,0.346805556,,,,,,,,-312.4
222,0.71,3.71,100.3,71.2,372.1,0,22,,0.098888889,,,,,,,,300.9
223,2.66,4.08,100.3,266.8,409.2,0,26,,0.370555556,,,,,,,,142.4
224,2.64,3.05,100.4,265.1,306.2,0,31,,0.368194444,,,,,,,,41.1
225,2.75,2.96,100.4,276.1,297.2,0,35,,0.383472222,,,,,,,,21.1
226,2.66,2.06,100.6,267.6,207.2,0,38,,0.371666667,,,,,,,,-60.4
227,2.34,2.35,100.5,235.2,236.2,0,40,,0.326666667,,,,,,,,1
228,0.55,4.82,100.1,55.1,482.5,0,41,,0.076527778,,,,,,,,427.4
229,0.7,7.35,99.5,69.7,731.3,0,43,,0.096805556,,,,,,,,661.6
230,0.41,7.86,99.4,40.8,781.3,0,45,,0.056666667,,,,,,,,740.5
231,0.49,7.78,99.4,48.7,773.3,0,47,,0.067638889,,,,,,,,724.6
232,0.51,7.76,99.4,50.7,771.3,0,49,,0.070416667,,,,,,,,720.6
233,1,7.39,99.4,99.4,734.6,0,51,,0.138055556,,,,,,,,635.2
234,0.84,7.5,99.4,83.5,745.5,0,52,,0.115972222,,,,,,,,662
235,1.57,6.91,99.5,156.2,687.5,0,54,,0.216944444,,,,,,,,531.3
236,1.68,6.8,99.5,167.2,676.6,0,56,,0.232222222,,,,,,,,509.4
237,1.56,6.72,99.4,155.1,668,0,57,,0.215416667,,,,,,,,512.9
238,2.29,-1.86,101,231.3,-187.9,0,57,,0.32125,,,,,,,,-419.2
239,1.84,-1.44,100.9,185.7,-145.3,0,55,,0.257916667,,,,,,,,-331
240,1.26,-0.91,100.9,127.1,-91.8,0,53,,0.176527778,,,,,,,,-218.9
241,2.41,-1.97,101.1,243.7,-199.2,0,50,,0.338472222,,,,,,,,-442.9
242,2.44,2.82,100.3,244.7,282.8,0,48,,0.339861111,,,,,,,,38.1
243,1.48,6.99,99.5,147.3,695.5,0,49,,0.204583333,,,,,,,,548.2
244,2.25,7.68,99.3,223.4,762.6,0,50,,0.310277778,,,,,,,,539.2
245,2.28,8.18,99.2,226.2,811.5,0,51,,0.314166667,,,,,,,,585.3
246,2.69,7.86,99.2,266.8,779.7,0,52,,0.370555556,,,,,,,,512.9
247,1.12,9.17,99,110.9,907.8,0,53,,0.154027778,,,,,,,,796.9
248,2.18,8.28,99.1,216,820.5,0,54,,0.3,,,,,,,,604.5
249,2.6,7.93,99.2,257.9,786.7,0,55,,0.358194444,,,,,,,,528.8
250,2.55,7.97,99.2,253,790.6,0,55,,0.351388889,,,,,,,,537.6
251,2.55,7.95,99.2,253,788.6,0,56,,0.351388889,,,,,,,,535.6
252,1.62,7.76,99.1,160.5,769,0,57,,0.222916667,,,,,,,,608.5
253,2.48,7.04,99.3,246.3,699.1,0,57,,0.342083333,,,,,,,,452.8
254,1.44,6.91,99.3,143,686.2,0,56,,0.198611111,,,,,,,,543.2
255,3.09,5.59,99.5,307.5,556.2,0,57,,0.427083333,,,,,,,,248.7
256,1.69,7.7,99.2,167.6,763.8,0,58,,0.232777778,,,,,,,,596.2
257,3.23,8.39,99,319.8,830.6,0,61,,0.444166667,,,,,,,,510.8
258,2.48,8.99,98.9,245.3,889.1,0,65,,0.340694444,,,,,,,,643.8
259,2.89,8.63,98.9,285.8,853.5,0,69,,0.396944444,,,,,,,,567.7
260,2.98,5.33,99.6,296.8,530.9,0,72,,0.412222222,,,,,,,,234.1
261,0.59,-0.29,100.6,59.4,-29.2,0,72,,0.0825,,,,,,,,-88.6
262,1.22,-0.87,100.7,122.9,-87.6,0,71,,0.170694444,,,,,,,,-210.5
263,2.65,-2.19,100.9,267.4,-221,0,70,,0.371388889,,,,,,,,-488.4
264,2.63,-2.16,100.9,265.4,-217.9,0,68,,0.368611111,,,,,,,,-483.3
265,2.73,1.97,100.4,274.1,197.8,0,66,,0.380694444,,,,,,,,-76.3
266,0.32,4.97,99.8,31.9,496,0,65,,0.044305556,,,,,,,,464.1
267,0.45,6.78,99.5,44.8,674.6,0,65,,0.062222222,,,,,,,,629.8
268,0.47,6.83,99.4,46.7,678.9,0,64,,0.064861111,,,,,,,,632.2
269,0.43,6.9,99.3,42.7,685.2,0,64,,0.059305556,,,,,,,,642.5
270,0.55,6.78,99.3,54.6,673.3,0,64,,0.075833333,,,,,,,,618.7
271,0.32,7.91,99.2,31.7,784.7,0,63,,0.044027778,,,,,,,,753
272,2.13,7.34,99.2,211.3,728.1,0,64,,0.293472222,,,,,,,,516.8
273,1.38,3.29,100,138,329,0,63,,0.191666667,,,,,,,,191
274,2.38,2.96,100,238,296,0,62,,0.330555556,,,,,,,,58
275,2.18,4.9,99.6,217.1,488,0,62,,0.301527778,,,,,,,,270.9
276,1.6,4.83,99.6,159.4,481.1,0,62,,0.221388889,,,,,,,,321.7
277,1.71,4.84,99.6,170.3,482.1,0,62,,0.236527778,,,,,,,,311.8
278,1.71,4.69,99.7,170.5,467.6,0,62,,0.236805556,,,,,,,,297.1
279,1.34,-0.97,100.7,134.9,-97.7,0,61,,0.187361111,,,,,,,,-232.6
280,2.03,-11.63,102.5,208.1,-1192.1,0,55,,0.289027778,,,,,,,,-1400.2
281,1.55,-9.88,102.3,158.6,-1010.7,0,47,,0.220277778,,,,,,,,-1169.3
282,1.29,-8.32,102.1,131.7,-849.5,0,39,,0.182916667,,,,,,,,-981.2
283,2.14,-1.72,101,216.1,-173.7,0,32,,0.300138889,,,,,,,,-389.8
284,1.9,-1.49,101,191.9,-150.5,0,30,,0.266527778,,,,,,,,-342.4
285,1.71,-1.31,100.9,172.5,-132.2,0,28,,0.239583333,,,,,,,,-304.7
286,2.43,3.31,100.2,243.5,331.7,0,28,,0.338194444,,,,,,,,88.2
287,3.04,5.67,99.8,303.4,565.9,0,32,,0.421388889,,,,,,,,262.5
288,2.76,6.81,99.5,274.6,677.6,0,36,,0.381388889,,,,,,,,403
289,2.7,6.87,99.4,268.4,682.9,0,40,,0.372777778,,,,,,,,414.5
290,2.77,6.79,99.4,275.3,674.9,0,43,,0.382361111,,,,,,,,399.6
291,3.05,5.58,99.6,303.8,555.8,0,46,,0.421944444,,,,,,,,252
292,2.91,-2.42,101,293.9,-244.4,0,46,,0.408194444,,,,,,,,-538.3
293,2.45,1.69,100.4,246,169.7,0,44,,0.341666667,,,,,,,,-76.3
294,2.71,8.79,99.1,268.6,871.1,0,46,,0.373055556,,,,,,,,602.5
295,2.61,8.88,99,258.4,879.1,0,49,,0.358888889,,,,,,,,620.7
296,2.51,7.99,99.1,248.7,791.8,0,51,,0.345416667,,,,,,,,543.1
297,2.44,-1.99,100.9,246.2,-200.8,0,50,,0.341944444,,,,,,,,-447
298,1.6,-1.21,100.8,161.3,-122,0,46,,0.224027778,,,,,,,,-283.3
299,1.74,-1.35,100.9,175.6,-136.2,0,43,,0.243888889,,,,,,,,-311.8
300,1.87,-1.47,100.9,188.7,-148.3,0,39,,0.262083333,,,,,,,,-337
301,1.81,3.57,100,181,357,0,37,,0.251388889,,,,,,,,176
302,2.47,8.01,99.2,245,794.6,0,41,,0.340277778,,,,,,,,549.6
303,2.3,8.14,99.2,228.2,807.5,0,45,,0.316944444,,,,,,,,579.3
304,2.18,-2.07,100.9,220,-208.9,0,44,,0.305555556,,,,,,,,-428.9
305,1.22,-6.49,101.7,124.1,-660,0,22,,0.172361111,,,,,,,,-784.1
306,2.11,-1.72,101,213.1,-173.7,0,5,,0.295972222,,,,,,,,-386.8
307,2.19,-1.77,101,221.2,-178.8,0,0,,0.307222222,,,,,,,,-400
308,2.3,-1.86,101,232.3,-187.9,0,0,,0.322638889,,,,,,,,-420.2
309,2.3,-1.86,101,232.3,-187.9,0,0,,0.322638889,,,,,,,,-420.2
310,2.12,4.58,99.9,211.8,457.5,0,8,,0.294166667,,,,,,,,245.7
311,2.3,6.27,99.5,228.9,623.9,0,19,,0.317916667,,,,,,,,395
312,2.45,7.09,99.3,243.3,704,0,29,,0.337916667,,,,,,,,460.7
313,2.49,8.04,99.2,247,797.6,0,37,,0.343055556,,,,,,,,550.6
314,2.4,7.06,99.3,238.3,701.1,0,44,,0.330972222,,,,,,,,462.8
315,2.27,7.18,99.2,225.2,712.3,0,50,,0.312777778,,,,,,,,487.1
316,2.11,6.23,99.4,209.7,619.3,0,56,,0.29125,,,,,,,,409.6
317,2.94,4.63,99.8,293.4,462.1,0,61,,0.4075,,,,,,,,168.7
318,2.81,3.72,99.9,280.7,371.6,0,65,,0.389861111,,,,,,,,90.9
319,0.48,1.57,100.3,48.1,157.5,0,69,,0.066805556,,,,,,,,109.4
320,2.94,2.75,100.1,294.3,275.3,0,71,,0.40875,,,,,,,,-19
321,2.72,3.93,99.9,271.7,392.6,0,72,,0.377361111,,,,,,,,120.9
322,2.81,3.88,99.8,280.4,387.2,0,72,,0.389444444,,,,,,,,106.8
323,1.79,4.68,99.7,178.5,466.6,0,72,,0.247916667,,,,,,,,288.1
324,0.83,5,99.6,82.7,498,0,72,,0.114861111,,,,,,,,415.3
325,1.51,-1.14,100.7,152.1,-114.8,0,70,,0.21125,,,,,,,,-266.9
326,2.52,-2.06,100.9,254.3,-207.9,0,69,,0.353194444,,,,,,,,-462.2
327,1.38,-1.01,100.7,139,-101.7,0,69,,0.193055556,,,,,,,,-240.7
328,2.14,-1.72,100.9,215.9,-173.5,0,69,,0.299861111,,,,,,,,-389.4
329,2.2,-1.77,100.9,222,-178.6,0,69,,0.308333333,,,,,,,,-400.6
330,0.55,11.96,98.6,54.2,1179.3,0,70,,0.075277778,,,,,,,,1125.1
331,2.47,10.26,98.8,244,1013.7,0,70,,0.338888889,,,,,,,,769.7
332,0.47,12.14,98.4,46.2,1194.6,0,68,,0.064166667,,,,,,,,1148.4
333,0.43,12.2,98.4,42.3,1200.5,0,66,,0.05875,,,,,,,,1158.2
334,2.33,10.36,98.6,229.7,1021.5,0,64,,0.319027778,,,,,,,,791.8
335,2.56,9.88,98.6,252.4,974.2,0,63,,0.350555556,,,,,,,,721.8
336,0.46,12.11,98.3,45.2,1190.4,0,63,,0.062777778,,,,,,,,1145.2
337,1.01,12.63,98.3,99.3,1241.5,0,64,,0.137916667,,,,,,,,1142.2
338,2.03,11.74,98.3,199.5,1154,0,65,,0.277083333,,,,,,,,954.5
339,2.04,11.32,98.4,200.7,1113.9,0,67,,0.27875,,,,,,,,913.2
340,0.77,-0.45,100.4,77.3,-45.2,0,66,,0.107361111,,,,,,,,-122.5
341,0.58,-0.28,100.4,58.2,-28.1,0,64,,0.080833333,,,,,,,,-86.3
342,2,-1.59,100.7,201.4,-160.1,0,61,,0.279722222,,,,,,,,-361.5
343,2.94,-2.41,100.9,296.6,-243.2,0,59,,0.411944444,,,,,,,,-539.8
344,2.75,-2.28,100.9,277.5,-230.1,0,51,,0.385416667,,,,,,,,-507.6
345,0.52,-17.85,103.4,53.8,-1845.7,0,47,,0.074722222,,,,,,,,-1899.5
346,2.52,-2.06,100.9,254.3,-207.9,0,44,,0.353194444,,,,,,,,-462.2
347,0.62,0.71,100.5,62.3,71.4,0,42,,0.086527778,,,,,,,,9.1
348,2.68,9.81,98.9,265.1,970.2,0,46,,0.368194444,,,,,,,,705.1
349,2.12,11.66,98.5,208.8,1148.5,0,51,,0.29,,,,,,,,939.7
350,2.56,-2.16,100.8,258,-217.7,0,44,,0.358333333,,,,,,,,-475.7
351,1.62,-9.24,102,165.2,-942.5,0,27,,0.229444444,,,,,,,,-1107.7
352,2.53,9.86,98.9,250.2,975.2,0,33,,0.3475,,,,,,,,725
353,2.53,7.84,99.1,250.7,776.9,0,38,,0.348194444,,,,,,,,526.2
354,2.82,4.65,99.6,280.9,463.1,0,42,,0.390138889,,,,,,,,182.2
355,2.84,2.71,100,284,271,0,43,,0.394444444,,,,,,,,-13
356,2.53,3.96,99.8,252.5,395.2,0,44,,0.350694444,,,,,,,,142.7
357,2.85,3.71,99.8,284.4,370.3,0,47,,0.395,,,,,,,,85.9
358,2.98,4.57,99.6,296.8,455.2,0,49,,0.412222222,,,,,,,,158.4
359,3.02,6.53,99.3,299.9,648.4,0,52,,0.416527778,,,,,,,,348.5
360,2.51,6.95,99.2,249,689.4,0,54,,0.345833333,,,,,,,,440.4
361,2.23,5.71,99.4,221.7,567.6,0,57,,0.307916667,,,,,,,,345.9
362,2.87,3.68,99.8,286.4,367.3,0,61,,0.397777778,,,,,,,,80.9
363,2.94,1.61,100.2,294.6,161.3,0,63,,0.409166667,,,,,,,,-133.3
364,2.75,1.77,100.1,275.3,177.2,0,65,,0.382361111,,,,,,,,-98.1
365,2.91,-2.43,100.9,293.6,-245.2,0,64,,0.407777778,,,,,,,,-538.8
366,2.85,-2.37,100.8,287.3,-238.9,0,63,,0.399027778,,,,,,,,-526.2
367,0.86,-0.54,100.6,86.5,-54.3,0,61,,0.120138889,,,,,,,,-140.8
368,2.89,2.75,100,289,275,0,61,,0.401388889,,,,,,,,-14
369,1.55,3.92,99.8,154.7,391.2,0,61,,0.214861111,,,,,,,,236.5
370,2.74,-2.27,100.9,276.5,-229,0,62,,0.384027778,,,,,,,,-505.5
371,2.21,-1.78,100.8,222.8,-179.4,0,64,,0.309444444,,,,,,,,-402.2
372,0.54,-0.21,100.6,54.3,-21.1,0,67,,0.075416667,,,,,,,,-75.4
373,0.6,-0.3,100.6,60.4,-30.2,0,71,,0.083888889,,,,,,,,-90.6
374,0.61,-0.31,100.6,61.4,-31.2,0,74,,0.085277778,,,,,,,,-92.6
375,0.59,-0.33,100.6,59.4,-33.2,0,75,,0.0825,,,,,,,,-92.6
376,0.68,-0.53,100.7,68.5,-53.4,0,76,,0.095138889,,,,,,,,-121.9
377,0.61,-0.6,100.7,61.4,-60.4,0,77,,0.085277778,,,,,,,,-121.8
378,0.47,-0.22,100.6,47.3,-22.1,0,75,,0.065694444,,,,,,,,-69.4
379,1.23,-0.89,100.7,123.9,-89.6,0,70,,0.172083333,,,,,,,,-213.5
380,0.61,7.25,99.3,60.6,719.9,0,63,,0.084166667,,,,,,,,659.3
381,2.07,10.26,98.8,204.5,1013.7,0,58,,0.284027778,,,,,,,,809.2
382,1.42,11.31,98.6,140,1115.2,0,55,,0.194444444,,,,,,,,975.2
383,2.08,10.58,98.6,205.1,1043.2,0,53,,0.284861111,,,,,,,,838.1
384,1.82,10.87,98.5,179.3,1070.7,0,53,,0.249027778,,,,,,,,891.4
385,1.18,11.45,98.4,116.1,1126.7,0,55,,0.16125,,,,,,,,1010.6
386,0.59,13.04,98.1,57.9,1279.2,0,58,,0.080416667,,,,,,,,1221.3
387,0.88,12.77,98.2,86.4,1254,0,60,,0.12,,,,,,,,1167.6
388,2.49,11.36,98.3,244.8,1116.7,0,63,,0.34,,,,,,,,871.9
389,2.51,12.38,98.2,246.5,1215.7,0,65,,0.342361111,,,,,,,,969.2
390,2.69,11.14,98.3,264.4,1095.1,0,67,,0.367222222,,,,,,,,830.7
391,3.26,9.22,98.6,321.4,909.1,0,68,,0.446388889,,,,,,,,587.7
392,2.98,8.45,98.7,294.1,834,0,67,,0.408472222,,,,,,,,539.9
393,3.07,7.37,98.9,303.6,728.9,0,66,,0.421666667,,,,,,,,425.3
394,2.93,6.56,99.1,290.4,650.1,0,66,,0.403333333,,,,,,,,359.7
395,2.34,-1.89,100.5,235.2,-189.9,0,64,,0.326666667,,,,,,,,-425.1
396,3.11,-2.61,100.7,313.2,-262.8,0,62,,0.435,,,,,,,,-576
397,2.88,-2.4,100.7,290,-241.7,0,60,,0.402777778,,,,,,,,-531.7
398,3.22,-2.71,100.8,324.6,-273.2,0,58,,0.450833333,,,,,,,,-597.8
399,3.01,-2.52,100.8,303.4,-254,0,56,,0.421388889,,,,,,,,-557.4
400,3.01,-2.52,100.9,303.7,-254.3,0,53,,0.421805556,,,,,,,,-558
401,3.12,-2.62,100.9,314.8,-264.4,0,51,,0.437222222,,,,,,,,-579.2
402,0.49,-0.19,100.6,49.3,-19.1,0,48,,0.068472222,,,,,,,,-68.4
403,3.06,-2.57,100.9,308.8,-259.3,0,45,,0.428888889,,,,,,,,-568.1
404,3.22,-0.03,100.5,323.6,-3,0,43,,0.449444444,,,,,,,,-326.6
405,3.33,7.93,99.1,330,785.9,0,46,,0.458333333,,,,,,,,455.9
406,1.95,11.95,98.4,191.9,1175.9,0,50,,0.266527778,,,,,,,,984
407,2.76,-2.94,100.8,278.2,-296.4,0,53,,0.386388889,,,,,,,,-574.6
408,0.9,-15.59,103,92.7,-1605.8,0,38,,0.12875,,,,,,,,-1698.5
409,2.07,-2.57,100.9,208.9,-259.3,0,11,,0.290138889,,,,,,,,-468.2
410,3.05,-2.56,101,308.1,-258.6,0,0,,0.427916667,,,,,,,,-566.7
411,3.05,-2.56,101,308.1,-258.6,0,0,,0.427916667,,,,,,,,-566.7
412,3.06,-2.57,101,309.1,-259.6,0,0,,0.429305556,,,,,,,,-568.7
413,3.06,-2.57,101,309.1,-259.6,0,0,,0.429305556,,,,,,,,-568.7
414,3.06,-2.57,101,309.1,-259.6,0,0,,0.429305556,,,,,,,,-568.7
415,3.08,-2.59,101,311.1,-261.6,0,0,,0.432083333,,,,,,,,-572.7
416,3.07,-2.57,101,310.1,-259.6,0,0,,0.430694444,,,,,,,,-569.7
417,3.15,5.71,99.5,313.4,568.1,0,11,,0.435277778,,,,,,,,254.7
418,1.78,10.73,98.7,175.7,1059.1,0,24,,0.244027778,,,,,,,,883.4
419,2.84,10.99,98.6,280,1083.6,0,32,,0.388888889,,,,,,,,803.6
420,2.6,11.2,98.5,256.1,1103.2,0,39,,0.355694444,,,,,,,,847.1
421,2.68,11.17,98.5,264,1100.2,0,44,,0.366666667,,,,,,,,836.2
422,2.81,11.02,98.5,276.8,1085.5,0,48,,0.384444444,,,,,,,,808.7
423,1.97,10.5,98.5,194,1034.3,0,52,,0.269444444,,,,,,,,840.3
424,2.36,8.22,98.8,233.2,812.1,0,55,,0.323888889,,,,,,,,578.9
425,2.71,7.66,98.9,268,757.6,0,57,,0.372222222,,,,,,,,489.6
426,2.6,7.72,98.9,257.1,763.5,0,60,,0.357083333,,,,,,,,506.4
427,2.89,6.55,99.2,286.7,649.8,0,62,,0.398194444,,,,,,,,363.1
428,2.78,6.64,99.1,275.5,658,0,63,,0.382638889,,,,,,,,382.5
429,3.2,6.23,99.2,317.4,618,0,65,,0.440833333,,,,,,,,300.6
430,2.98,6.42,99.1,295.3,636.2,0,67,,0.410138889,,,,,,,,340.9
431,2.08,7.18,99,205.9,710.8,0,70,,0.285972222,,,,,,,,504.9
432,1.86,7.36,99,184.1,728.6,0,72,,0.255694444,,,,,,,,544.5
433,3.01,5.5,99.2,298.6,545.6,0,74,,0.414722222,,,,,,,,247
434,3.1,4.55,99.4,308.1,452.3,0,75,,0.427916667,,,,,,,,144.2
435,2.15,-1.69,100.5,216.1,-169.8,0,74,,0.300138889,,,,,,,,-385.9
436,2.61,-2.15,100.6,262.6,-216.3,0,71,,0.364722222,,,,,,,,-478.9
437,2.8,-2.33,100.7,282,-234.6,0,69,,0.391666667,,,,,,,,-516.6
438,2.34,-1.86,100.6,235.4,-187.1,0,66,,0.326944444,,,,,,,,-422.5
439,2.11,-1.69,100.6,212.3,-170,0,63,,0.294861111,,,,,,,,-382.3
440,1.29,-0.94,100.6,129.8,-94.6,0,60,,0.180277778,,,,,,,,-224.4
441,1.31,4.11,99.7,130.6,409.8,0,58,,0.181388889,,,,,,,,279.2
442,1.55,5.81,99.4,154.1,577.5,0,57,,0.214027778,,,,,,,,423.4
443,2.8,6.7,99.2,277.8,664.6,0,58,,0.385833333,,,,,,,,386.8
444,2.9,6.63,99.2,287.7,657.7,0,60,,0.399583333,,,,,,,,370
445,2.83,6.71,99.1,280.5,665,0,61,,0.389583333,,,,,,,,384.5
446,2.86,6.66,99.2,283.7,660.7,0,63,,0.394027778,,,,,,,,377
447,2.37,7.06,99,234.6,698.9,0,65,,0.325833333,,,,,,,,464.3
448,2.91,6.64,99.1,288.4,658,0,67,,0.400555556,,,,,,,,369.6
449,2.89,6.64,99.1,286.4,658,0,69,,0.397777778,,,,,,,,371.6
450,3.27,6.32,99.2,324.4,626.9,0,70,,0.450555556,,,,,,,,302.5
451,3.24,6.34,99.1,321.1,628.3,0,72,,0.445972222,,,,,,,,307.2
452,1.73,7.61,98.9,171.1,752.6,0,73,,0.237638889,,,,,,,,581.5
453,2.61,6.8,99,258.4,673.2,0,74,,0.358888889,,,,,,,,414.8
454,0.62,8.46,98.7,61.2,835,0,76,,0.085,,,,,,,,773.8
455,0.55,7.8,98.9,54.4,771.4,0,76,,0.075555556,,,,,,,,717
456,1.09,7.16,98.9,107.8,708.1,0,77,,0.149722222,,,,,,,,600.3
457,1.83,6.2,99.1,181.4,614.4,0,78,,0.251944444,,,,,,,,433
458,2.49,5.74,99.1,246.8,568.8,0,78,,0.342777778,,,,,,,,322
459,1.78,5.12,99.3,176.8,508.4,0,78,,0.245555556,,,,,,,,331.6
460,0.88,5.78,99.2,87.3,573.4,0,78,,0.12125,,,,,,,,486.1
461,3.1,4.33,99.4,308.1,430.4,0,77,,0.427916667,,,,,,,,122.3
462,0.83,6.05,99.1,82.3,599.6,0,78,,0.114305556,,,,,,,,517.3
463,3.16,4.22,99.4,314.1,419.5,0,78,,0.43625,,,,,,,,105.4
464,2.78,4.4,99.4,276.3,437.4,0,77,,0.38375,,,,,,,,161.1
465,2.94,2.77,99.7,293.1,276.2,0,77,,0.407083333,,,,,,,,-16.9
466,1.2,4.11,99.5,119.4,408.9,0,77,,0.165833333,,,,,,,,289.5
467,1.73,-1.36,100.4,173.7,-136.5,0,75,,0.24125,,,,,,,,-310.2
468,1.38,-1.02,100.5,138.7,-102.5,0,72,,0.192638889,,,,,,,,-241.2
469,0.78,-0.47,100.4,78.3,-47.2,0,70,,0.10875,,,,,,,,-125.5
470,1.01,-0.65,100.4,101.4,-65.3,0,67,,0.140833333,,,,,,,,-166.7
471,0.47,-0.18,100.4,47.2,-18.1,0,65,,0.065555556,,,,,,,,-65.3
472,0.62,-0.32,100.4,62.2,-32.1,0,63,,0.086388889,,,,,,,,-94.3
473,0.87,-0.54,100.4,87.3,-54.2,0,61,,0.12125,,,,,,,,-141.5
474,1.03,-0.71,100.4,103.4,-71.3,0,59,,0.143611111,,,,,,,,-174.7
475,1.65,-22.05,103.9,171.4,-2291,0,50,,0.238055556,,,,,,,,-2462.4
476,2.83,-2.34,100.9,285.5,-236.1,0,40,,0.396527778,,,,,,,,-521.6
477,2.18,-5.91,101.4,221.1,-599.3,0,40,,0.307083333,,,,,,,,-820.4
478,0.79,-11.6,102.3,80.8,-1186.7,0,35,,0.112222222,,,,,,,,-1267.5
479,1.93,-3.8,101.1,195.1,-384.2,0,26,,0.270972222,,,,,,,,-579.3
480,2.58,4.49,99.8,257.5,448.1,0,29,,0.357638889,,,,,,,,190.6
481,3.11,19.27,97.3,302.6,1875,0,40,,0.420277778,,,,,,,,1572.4
482,3.05,15.15,97.8,298.3,1481.7,0,52,,0.414305556,,,,,,,,1183.4
483,2.79,3.81,99.6,277.9,379.5,0,59,,0.385972222,,,,,,,,101.6
484,1.72,4.34,99.6,171.3,432.3,0,62,,0.237916667,,,,,,,,261
485,0.49,6.5,99.2,48.6,644.8,0,65,,0.0675,,,,,,,,596.2
486,2.6,4.71,99.5,258.7,468.6,0,68,,0.359305556,,,,,,,,209.9
487,0.79,6.19,99.2,78.4,614,0,69,,0.108888889,,,,,,,,535.6
488,3.07,4.31,99.5,305.5,428.8,0,69,,0.424305556,,,,,,,,123.3
489,1.8,6.37,99.2,178.6,631.9,0,69,,0.248055556,,,,,,,,453.3
490,3.77,4.73,99.5,375.1,470.6,0,68,,0.520972222,,,,,,,,95.5
491,3.56,4.9,99.4,353.9,487.1,0,68,,0.491527778,,,,,,,,133.2
492,3.66,4.8,99.4,363.8,477.1,0,68,,0.505277778,,,,,,,,113.3
493,3.67,4.81,99.5,365.2,478.6,0,68,,0.507222222,,,,,,,,113.4
494,3.75,4.75,99.5,373.1,472.6,0,68,,0.518194444,,,,,,,,99.5
495,3.8,4.68,99.4,377.7,465.2,0,69,,0.524583333,,,,,,,,87.5
496,0.75,-0.43,100.3,75.2,-43.1,0,67,,0.104444444,,,,,,,,-118.3
497,3.46,-2.94,100.7,348.4,-296.1,0,66,,0.483888889,,,,,,,,-644.5
498,1.53,-1.16,100.5,153.8,-116.6,0,66,,0.213611111,,,,,,,,-270.4
499,3.47,-2.95,100.7,349.4,-297.1,0,67,,0.485277778,,,,,,,,-646.5
500,2.55,-2.1,100.7,256.8,-211.5,0,67,,0.356666667,,,,,,,,-468.3
501,2.47,-2.02,100.7,248.7,-203.4,0,65,,0.345416667,,,,,,,,-452.1
502,2.37,6.96,99.1,234.9,689.7,0,66,,0.32625,,,,,,,,454.8
503,3.81,6.42,99.2,378,636.9,0,66,,0.525,,,,,,,,258.9
504,4.06,6.49,99.2,402.8,643.8,0,67,,0.559444444,,,,,,,,241
505,2.19,8.03,98.9,216.6,794.2,0,67,,0.300833333,,,,,,,,577.6
506,2.64,7.69,98.8,260.8,759.8,0,67,,0.362222222,,,,,,,,499
507,3.79,5.38,99.2,376,533.7,0,66,,0.522222222,,,,,,,,157.7
508,2.71,-2.24,100.6,272.6,-225.3,0,62,,0.378611111,,,,,,,,-497.9
509,3.49,-2.97,100.7,351.4,-299.1,0,60,,0.488055556,,,,,,,,-650.5
510,3.67,-3.13,100.8,369.9,-315.5,0,58,,0.51375,,,,,,,,-685.4
511,3.53,-3.01,100.8,355.8,-303.4,0,56,,0.494166667,,,,,,,,-659.2
512,2.36,-1.92,100.6,237.4,-193.2,0,54,,0.329722222,,,,,,,,-430.6
513,0.83,-0.52,100.4,83.3,-52.2,0,53,,0.115694444,,,,,,,,-135.5
514,3.24,-2.74,100.8,326.6,-276.2,0,53,,0.453611111,,,,,,,,-602.8
515,1.61,-1.22,100.6,162,-122.7,0,53,,0.225,,,,,,,,-284.7
516,2.94,4.27,99.6,292.8,425.3,0,56,,0.406666667,,,,,,,,132.5
517,1.81,7.42,99,179.2,734.6,0,60,,0.248888889,,,,,,,,555.4
518,3.9,5.64,99.3,387.3,560.1,0,64,,0.537916667,,,,,,,,172.8
519,3.65,5.87,99.3,362.4,582.9,0,66,,0.503333333,,,,,,,,220.5
520,3.83,5.76,99.2,379.9,571.4,0,68,,0.527638889,,,,,,,,191.5
521,3.95,5.62,99.3,392.2,558.1,0,70,,0.544722222,,,,,,,,165.9
522,2.99,4.48,99.4,297.2,445.3,0,70,,0.412777778,,,,,,,,148.1
523,1.08,6.07,99.2,107.1,602.1,0,70,,0.14875,,,,,,,,495
524,1.3,5.91,99.2,129,586.3,0,70,,0.179166667,,,,,,,,457.3
525,3.76,3.85,99.5,374.1,383.1,0,71,,0.519583333,,,,,,,,9
526,3.82,-2.85,100.6,384.3,-286.7,0,71,,0.53375,,,,,,,,-671
527,3.79,-3.24,100.7,381.7,-326.3,0,68,,0.530138889,,,,,,,,-708
528,3.78,-3.23,100.8,381,-325.6,0,67,,0.529166667,,,,,,,,-706.6
529,3.65,-3.11,100.8,367.9,-313.5,0,67,,0.510972222,,,,,,,,-681.4
530,3.68,-3.13,100.9,371.3,-315.8,0,67,,0.515694444,,,,,,,,-687.1
531,2.18,-1.76,100.6,219.3,-177.1,0,67,,0.304583333,,,,,,,,-396.4
532,1,-0.67,100.5,100.5,-67.3,0,64,,0.139583333,,,,,,,,-167.8
533,1.18,-0.84,100.5,118.6,-84.4,0,62,,0.164722222,,,,,,,,-203
534,3.55,-3.01,100.8,357.8,-303.4,0,59,,0.496944444,,,,,,,,-661.2
535,3.99,12.81,98.2,391.8,1257.9,0,59,,0.544166667,,,,,,,,866.1
536,2.84,25.51,96.2,273.2,2454.1,0,66,,0.379444444,,,,,,,,2180.9
537,3.01,17.62,97.3,292.9,1714.4,0,71,,0.406805556,,,,,,,,1421.5
538,3.49,10.92,98.2,342.7,1072.3,0,74,,0.475972222,,,,,,,,729.6
539,1.6,13.29,97.9,156.6,1301.1,0,74,,0.2175,,,,,,,,1144.5
540,3.51,7.66,98.8,346.8,756.8,0,75,,0.481666667,,,,,,,,410
541,2.8,-2.32,100.5,281.4,-233.2,0,71,,0.390833333,,,,,,,,-514.6
542,3.67,-3.14,100.6,369.2,-315.9,0,67,,0.512777778,,,,,,,,-685.1
543,3.43,-2.91,100.7,345.4,-293,0,63,,0.479722222,,,,,,,,-638.4
544,3.45,2.17,99.8,344.3,216.6,0,62,,0.478194444,,,,,,,,-127.7
545,3.61,2.03,99.9,360.6,202.8,0,61,,0.500833333,,,,,,,,-157.8
546,3.51,2.67,99.8,350.3,266.5,0,60,,0.486527778,,,,,,,,-83.8
547,3.57,4.98,99.4,354.9,495,0,59,,0.492916667,,,,,,,,140.1
548,3.3,5.15,99.4,328,511.9,0,59,,0.455555556,,,,,,,,183.9
549,3.63,4.98,99.3,360.5,494.5,0,60,,0.500694444,,,,,,,,134
550,4.12,4.56,99.4,409.5,453.3,0,60,,0.56875,,,,,,,,43.8
551,4.06,4.57,99.4,403.6,454.3,0,60,,0.560555556,,,,,,,,50.7
552,4.07,7.44,98.9,402.5,735.8,0,61,,0.559027778,,,,,,,,333.3
553,4.28,7.26,98.9,423.3,718,0,62,,0.587916667,,,,,,,,294.7
554,4.28,7.27,98.9,423.3,719,0,63,,0.587916667,,,,,,,,295.7
555,3.05,8.34,98.7,301,823.2,0,65,,0.418055556,,,,,,,,522.2
556,2.87,9.62,98.5,282.7,947.6,0,67,,0.392638889,,,,,,,,664.9
557,4.31,8.21,98.6,425,809.5,0,70,,0.590277778,,,,,,,,384.5
558,1.99,10.3,98.3,195.6,1012.5,0,71,,0.271666667,,,,,,,,816.9
559,4.18,7.36,98.7,412.6,726.4,0,69,,0.573055556,,,,,,,,313.8
560,4.3,6.26,98.9,425.3,619.1,0,67,,0.590694444,,,,,,,,193.8
561,3.84,6.62,98.9,379.8,654.7,0,65,,0.5275,,,,,,,,274.9
562,3.88,6.62,98.9,383.7,654.7,0,63,,0.532916667,,,,,,,,271
563,4.16,6.33,98.9,411.4,626,0,63,,0.571388889,,,,,,,,214.6
564,3.84,6.58,98.9,379.8,650.8,0,63,,0.5275,,,,,,,,271
565,3.31,7.11,98.8,327,702.5,0,63,,0.454166667,,,,,,,,375.5
566,3.8,5.22,99.1,376.6,517.3,0,63,,0.523055556,,,,,,,,140.7
567,1.25,4.81,99.2,124,477.2,0,63,,0.172222222,,,,,,,,353.2
568,3.86,2.6,99.6,384.5,259,0,62,,0.534027778,,,,,,,,-125.5
569,3.89,2.69,99.6,387.4,267.9,0,62,,0.538055556,,,,,,,,-119.5
570,3.12,4.08,99.4,310.1,405.6,0,63,,0.430694444,,,,,,,,95.5
571,4.08,4.5,99.3,405.1,446.9,0,64,,0.562638889,,,,,,,,41.8
572,4.11,4.52,99.3,408.1,448.8,0,65,,0.566805556,,,,,,,,40.7
573,4.01,4.63,99.2,397.8,459.3,0,66,,0.5525,,,,,,,,61.5
574,4.12,4.5,99.3,409.1,446.9,0,67,,0.568194444,,,,,,,,37.8
575,4.1,4.5,99.3,407.1,446.9,0,67,,0.565416667,,,,,,,,39.8
576,3.86,4.7,99.2,382.9,466.2,0,68,,0.531805556,,,,,,,,83.3
577,3.87,4.69,99.2,383.9,465.2,0,69,,0.533194444,,,,,,,,81.3
578,3.88,5.65,99.1,384.5,559.9,0,70,,0.534027778,,,,,,,,175.4
579,3.89,5.62,99.1,385.5,556.9,0,72,,0.535416667,,,,,,,,171.4
580,3.63,5.87,99.1,359.7,581.7,0,73,,0.499583333,,,,,,,,222
581,3.94,5.62,99.1,390.5,556.9,0,74,,0.542361111,,,,,,,,166.4
582,4.08,5.48,99.1,404.3,543.1,0,74,,0.561527778,,,,,,,,138.8
583,3.92,5.68,99.1,388.5,562.9,0,75,,0.539583333,,,,,,,,174.4
584,3.7,5.8,99,366.3,574.2,0,75,,0.50875,,,,,,,,207.9
585,3.9,5.69,99,386.1,563.3,0,75,,0.53625,,,,,,,,177.2
586,3.69,5.84,99,365.3,578.2,0,75,,0.507361111,,,,,,,,212.9
587,3.54,5.92,99,350.5,586.1,0,74,,0.486805556,,,,,,,,235.6
588,2.82,6.54,98.9,278.9,646.8,0,74,,0.387361111,,,,,,,,367.9
589,3.8,5.7,99,376.2,564.3,0,73,,0.5225,,,,,,,,188.1
590,3.91,5.61,99,387.1,555.4,0,72,,0.537638889,,,,,,,,168.3
591,3.89,5.65,99,385.1,559.4,0,70,,0.534861111,,,,,,,,174.3
592,3.95,5.58,99,391.1,552.4,0,69,,0.543194444,,,,,,,,161.3
593,3.76,5.74,98.9,371.9,567.7,0,68,,0.516527778,,,,,,,,195.8
594,4.17,5.42,99,412.8,536.6,0,67,,0.573333333,,,,,,,,123.8
595,3.92,5.62,99,388.1,556.4,0,66,,0.539027778,,,,,,,,168.3
596,4.12,5.42,99,407.9,536.6,0,65,,0.566527778,,,,,,,,128.7
597,2.09,7.11,98.8,206.5,702.5,0,64,,0.286805556,,,,,,,,496
598,4.08,5.49,99,403.9,543.5,0,64,,0.560972222,,,,,,,,139.6
599,4.02,5.52,99,398,546.5,0,63,,0.552777778,,,,,,,,148.5
600,4,5.49,99,396,543.5,0,62,,0.55,,,,,,,,147.5
601,3.79,5.76,98.9,374.8,569.7,0,62,,0.520555556,,,,,,,,194.9
602,4.12,5.46,99,407.9,540.5,0,61,,0.566527778,,,,,,,,132.6
603,3.66,5.84,98.9,362,577.6,0,61,,0.502777778,,,,,,,,215.6
604,3.78,5.72,99,374.2,566.3,0,62,,0.519722222,,,,,,,,192.1
605,3.7,5.79,98.9,365.9,572.6,0,62,,0.508194444,,,,,,,,206.7
606,3.87,5.63,99,383.1,557.4,0,63,,0.532083333,,,,,,,,174.3
607,3.71,5.8,98.9,366.9,573.6,0,64,,0.509583333,,,,,,,,206.7
608,3.71,5.76,99,367.3,570.2,0,66,,0.510138889,,,,,,,,202.9
609,3.72,5.83,98.9,367.9,576.6,0,67,,0.510972222,,,,,,,,208.7
610,3.61,3.9,99.2,358.1,386.9,0,68,,0.497361111,,,,,,,,28.8
611,3.63,3.89,99.3,360.5,386.3,0,69,,0.500694444,,,,,,,,25.8
612,4.02,3.59,99.3,399.2,356.5,0,69,,0.554444444,,,,,,,,-42.7
613,4.15,3.49,99.3,412.1,346.6,0,69,,0.572361111,,,,,,,,-65.5
614,3.62,3.92,99.3,359.5,389.3,0,68,,0.499305556,,,,,,,,29.8
615,3.47,4.07,99.2,344.2,403.7,0,67,,0.478055556,,,,,,,,59.5
616,3.75,3.83,99.3,372.4,380.3,0,66,,0.517222222,,,,,,,,7.9
617,3.64,3.84,99.3,361.5,381.3,0,65,,0.502083333,,,,,,,,19.8
618,3.68,3.89,99.3,365.4,386.3,0,64,,0.5075,,,,,,,,20.9
619,3.04,4.42,99.2,301.6,438.5,0,63,,0.418888889,,,,,,,,136.9
620,2.67,4.66,99.2,264.9,462.3,0,62,,0.367916667,,,,,,,,197.4
621,2.16,5.15,99.1,214.1,510.4,0,61,,0.297361111,,,,,,,,296.3
622,2.76,4.57,99.2,273.8,453.3,0,61,,0.380277778,,,,,,,,179.5
623,3.81,3.72,99.4,378.7,369.8,0,61,,0.525972222,,,,,,,,-8.9
624,1.88,5.36,99,186.1,530.6,0,61,,0.258472222,,,,,,,,344.5
625,3.65,3.88,99.2,362.1,384.9,0,63,,0.502916667,,,,,,,,22.8
626,1.36,5.73,99,134.6,567.3,0,64,,0.186944444,,,,,,,,432.7
627,3.48,4,99.2,345.2,396.8,0,66,,0.479444444,,,,,,,,51.6
628,4.36,3.32,99.4,433.4,330,0,67,,0.601944444,,,,,,,,-103.4
629,2.37,4.96,99.1,234.9,491.5,0,67,,0.32625,,,,,,,,256.6
630,4.73,2.99,99.4,470.2,297.2,0,67,,0.653055556,,,,,,,,-173
631,3.95,3.64,99.3,392.2,361.5,0,66,,0.544722222,,,,,,,,-30.7
632,4.09,3.51,99.3,406.1,348.5,0,65,,0.564027778,,,,,,,,-57.6
633,4.26,3.37,99.4,423.4,335,0,63,,0.588055556,,,,,,,,-88.4
634,3.18,4.28,99.2,315.5,424.6,0,62,,0.438194444,,,,,,,,109.1
635,4.35,3.31,99.4,432.4,329,0,61,,0.600555556,,,,,,,,-103.4
636,4.26,3.38,99.4,423.4,336,0,61,,0.588055556,,,,,,,,-87.4
637,3.89,3.72,99.3,386.3,369.4,0,61,,0.536527778,,,,,,,,-16.9
638,3.66,3.88,99.3,363.4,385.3,0,60,,0.504722222,,,,,,,,21.9
639,3.68,4.06,99.3,365.4,403.2,0,59,,0.5075,,,,,,,,37.8
640,3.64,4.86,99.1,360.7,481.6,0,59,,0.500972222,,,,,,,,120.9
641,2.36,5.9,98.9,233.4,583.5,0,59,,0.324166667,,,,,,,,350.1
642,1.72,6.46,98.8,169.9,638.2,0,59,,0.235972222,,,,,,,,468.3
643,3.26,5.17,99,322.7,511.8,0,59,,0.448194444,,,,,,,,189.1
644,3.48,5.04,99.1,344.9,499.5,0,60,,0.479027778,,,,,,,,154.6
645,1.28,6.81,98.7,126.3,672.1,0,61,,0.175416667,,,,,,,,545.8
646,1,7.1,98.7,98.7,700.8,0,61,,0.137083333,,,,,,,,602.1
647,4.01,4.54,99.1,397.4,449.9,0,62,,0.551944444,,,,,,,,52.5
648,4.12,4.48,99.1,408.3,444,0,63,,0.567083333,,,,,,,,35.7
649,2.53,5.82,98.9,250.2,575.6,0,65,,0.3475,,,,,,,,325.4
650,3.25,5.17,99,321.8,511.8,0,66,,0.446944444,,,,,,,,190
651,4.31,4.29,99.1,427.1,425.1,0,69,,0.593194444,,,,,,,,-2
652,3.37,5.08,99,333.6,502.9,0,70,,0.463333333,,,,,,,,169.3
653,1.66,4.52,99.1,164.5,447.9,0,71,,0.228472222,,,,,,,,283.4
654,2.35,3.96,99.2,233.1,392.8,0,71,,0.32375,,,,,,,,159.7
655,2.7,3.67,99.3,268.1,364.4,0,71,,0.372361111,,,,,,,,96.3
656,0.96,5.1,99,95,504.9,0,70,,0.131944444,,,,,,,,409.9
657,3.66,2.89,99.3,363.4,287,0,69,,0.504722222,,,,,,,,-76.4
658,3.55,2.94,99.4,352.9,292.2,0,68,,0.490138889,,,,,,,,-60.7
659,2.03,4.2,99.1,201.2,416.2,0,67,,0.279444444,,,,,,,,215
660,1.61,5.63,99,159.4,557.4,0,65,,0.221388889,,,,,,,,398
661,2.11,5.17,99,208.9,511.8,0,64,,0.290138889,,,,,,,,302.9
662,2.87,4.49,99.1,284.4,445,0,63,,0.395,,,,,,,,160.6
663,4.32,3.37,99.2,428.5,334.3,0,62,,0.595138889,,,,,,,,-94.2
664,4.37,3.24,99.3,433.9,321.7,0,62,,0.602638889,,,,,,,,-112.2
665,3.6,3.92,99.2,357.1,388.9,0,62,,0.495972222,,,,,,,,31.8
666,3.76,3.75,99.2,373,372,0,63,,0.518055556,,,,,,,,-1
667,0.92,6.19,98.9,91,612.2,0,64,,0.126388889,,,,,,,,521.2
668,0.8,6.3,98.8,79,622.4,0,65,,0.109722222,,,,,,,,543.4
669,0.65,6.43,98.8,64.2,635.3,0,65,,0.089166667,,,,,,,,571.1
670,4.32,3.28,99.3,429,325.7,0,64,,0.595833333,,,,,,,,-103.3
671,4.24,4.4,99.1,420.2,436,0,64,,0.583611111,,,,,,,,15.8
672,4.08,4.52,99.1,404.3,447.9,0,65,,0.561527778,,,,,,,,43.6
673,3.56,4.95,99,352.4,490.1,0,66,,0.489444444,,,,,,,,137.7
674,2.84,5.6,98.9,280.9,553.8,0,66,,0.390138889,,,,,,,,272.9
675,3.27,5.23,98.9,323.4,517.2,0,66,,0.449166667,,,,,,,,193.8
676,4.29,4.3,99.1,425.1,426.1,0,66,,0.590416667,,,,,,,,1
677,3.47,5.06,99,343.5,500.9,0,66,,0.477083333,,,,,,,,157.4
678,3.9,4.67,99,386.1,462.3,0,66,,0.53625,,,,,,,,76.2
679,4.44,4.24,99.1,440,420.2,0,66,,0.611111111,,,,,,,,-19.8
680,4.42,5.24,98.9,437.1,518.2,0,67,,0.607083333,,,,,,,,81.1
681,1.07,7.97,98.5,105.4,785,0,69,,0.146388889,,,,,,,,679.6
682,1.86,7.32,98.5,183.2,721,0,71,,0.254444444,,,,,,,,537.8
683,2.59,4.1,99,256.4,405.9,0,73,,0.356111111,,,,,,,,149.5
684,4.38,-3.78,100.4,439.8,-379.5,0,72,,0.610833333,,,,,,,,-819.3
685,4.22,-3.64,100.4,423.7,-365.5,0,71,,0.588472222,,,,,,,,-789.2
686,4.27,-3.68,100.5,429.1,-369.8,0,71,,0.595972222,,,,,,,,-798.9
687,2.92,-2.43,100.3,292.9,-243.7,0,71,,0.406805556,,,,,,,,-536.6
688,2.59,-2.14,100.3,259.8,-214.6,0,71,,0.360833333,,,,,,,,-474.4
689,0.54,-0.25,100.1,54.1,-25,0,70,,0.075138889,,,,,,,,-79.1
690,0.45,-0.17,100.1,45,-17,0,69,,0.0625,,,,,,,,-62
691,0.43,-0.14,100.1,43,-14,0,67,,0.059722222,,,,,,,,-57
692,3.34,5.59,99.1,331,554,0,65,,0.459722222,,,,,,,,223
693,1.51,9.85,98.4,148.6,969.2,0,66,,0.206388889,,,,,,,,820.6
694,3.21,8.23,98.5,316.2,810.7,0,67,,0.439166667,,,,,,,,494.5
695,1.69,9.57,98.3,166.1,940.7,0,66,,0.230694444,,,,,,,,774.6
696,3.54,7.93,98.5,348.7,781.1,0,65,,0.484305556,,,,,,,,432.4
697,4.3,7.48,98.5,423.6,736.8,0,63,,0.588333333,,,,,,,,313.2
698,4.49,9.08,98.3,441.4,892.6,0,61,,0.613055556,,,,,,,,451.2
699,4.57,9.56,98.1,448.3,937.8,0,61,,0.622638889,,,,,,,,489.5
700,3.59,11,97.9,351.5,1076.9,0,60,,0.488194444,,,,,,,,725.4
701,2.28,12.27,97.7,222.8,1198.8,0,60,,0.309444444,,,,,,,,976
702,3,9.83,98,294,963.3,0,61,,0.408333333,,,,,,,,669.3
703,4.45,5.45,98.7,439.2,537.9,0,62,,0.61,,,,,,,,98.7
704,2.79,3.62,99,276.2,358.4,0,62,,0.383611111,,,,,,,,82.2
705,4.34,2.27,99.3,431,225.4,0,61,,0.598611111,,,,,,,,-205.6
706,2.61,4.71,98.9,258.1,465.8,0,61,,0.358472222,,,,,,,,207.7
707,4.45,6.15,98.6,438.8,606.4,0,62,,0.609444444,,,,,,,,167.6
708,3.02,8.46,98.3,296.9,831.6,0,64,,0.412361111,,,,,,,,534.7
709,3.07,8.31,98.3,301.8,816.9,0,65,,0.419166667,,,,,,,,515.1
710,3.08,8.32,98.2,302.5,817,0,66,,0.420138889,,,,,,,,514.5
711,4.33,7.2,98.5,426.5,709.2,0,66,,0.592361111,,,,,,,,282.7
712,2.19,9.19,98.1,214.8,901.5,0,67,,0.298333333,,,,,,,,686.7
713,3.76,7.69,98.3,369.6,755.9,0,67,,0.513333333,,,,,,,,386.3
714,4.45,7.11,98.4,437.9,699.6,0,68,,0.608194444,,,,,,,,261.7
715,4.51,7.07,98.4,443.8,695.7,0,68,,0.616388889,,,,,,,,251.9
716,3.66,7.75,98.3,359.8,761.8,0,69,,0.499722222,,,,,,,,402
717,2.85,8.45,98.2,279.9,829.8,0,70,,0.38875,,,,,,,,549.9
718,4.49,5.58,98.6,442.7,550.2,0,71,,0.614861111,,,,,,,,107.5
719,4.36,5.22,98.7,430.3,515.2,0,71,,0.597638889,,,,,,,,84.9
720,4.34,5.27,98.7,428.4,520.1,0,71,,0.595,,,,,,,,91.7
721,2.06,7.14,98.4,202.7,702.6,0,72,,0.281527778,,,,,,,,499.9
722,4.5,5.16,98.7,444.2,509.3,0,73,,0.616944444,,,,,,,,65.1
723,3.87,5.51,98.7,382,543.8,0,74,,0.530555556,,,,,,,,161.8
724,2.76,6.58,98.5,271.9,648.1,0,75,,0.377638889,,,,,,,,376.2
725,3.65,5.87,98.6,359.9,578.8,0,75,,0.499861111,,,,,,,,218.9
726,2.95,6.28,98.5,290.6,618.6,0,75,,0.403611111,,,,,,,,328
727,2.69,6.5,98.5,265,640.3,0,76,,0.368055556,,,,,,,,375.3
728,4.32,3.37,99,427.7,333.6,0,75,,0.594027778,,,,,,,,-94.1
729,3.78,3.78,99,374.2,374.2,0,75,,0.519722222,,,,,,,,0
730,4.46,3.21,99.1,442,318.1,0,75,,0.613888889,,,,,,,,-123.9
731,3.47,4.04,99,343.5,400,0,74,,0.477083333,,,,,,,,56.5
732,4.03,3.57,99.1,399.4,353.8,0,74,,0.554722222,,,,,,,,-45.6
733,2.98,2.61,99.2,295.6,258.9,0,74,,0.410555556,,,,,,,,-36.7
734,3.08,-2.59,100.1,308.3,-259.3,0,73,,0.428194444,,,,,,,,-567.6
735,2.71,-2.24,100.1,271.3,-224.2,0,72,,0.376805556,,,,,,,,-495.5
736,1.83,-1.44,99.9,182.8,-143.9,0,73,,0.253888889,,,,,,,,-326.7
737,0.69,-0.45,99.8,68.9,-44.9,0,75,,0.095694444,,,,,,,,-113.8
738,2.46,-2.31,100.2,246.5,-231.5,0,77,,0.342361111,,,,,,,,-478
739,4.45,-4.5,100.6,447.7,-452.7,0,78,,0.621805556,,,,,,,,-900.4
740,4.5,-4.51,100.6,452.7,-453.7,0,78,,0.62875,,,,,,,,-906.4
741,4.49,-4.41,100.6,451.7,-443.6,0,78,,0.627361111,,,,,,,,-895.3
742,4.54,-4.29,100.6,456.7,-431.6,0,77,,0.634305556,,,,,,,,-888.3
743,4.46,-4.13,100.6,448.7,-415.5,0,77,,0.623194444,,,,,,,,-864.2
744,4.6,-4.19,100.6,462.8,-421.5,0,76,,0.642777778,,,,,,,,-884.3
745,3.8,-3.35,100.5,381.9,-336.7,0,76,,0.530416667,,,,,,,,-718.6
746,2.01,5.48,99,199,542.5,0,75,,0.276388889,,,,,,,,343.5
747,2.78,6.98,98.7,274.4,688.9,0,76,,0.381111111,,,,,,,,414.5
748,4.56,5.38,98.9,451,532.1,0,77,,0.626388889,,,,,,,,81.1
749,3.91,5.87,98.8,386.3,580,0,77,,0.536527778,,,,,,,,193.7
750,0.6,8.08,98.4,59,795.1,0,77,,0.081944444,,,,,,,,736.1
751,1.29,7.88,98.4,126.9,775.4,0,76,,0.17625,,,,,,,,648.5
752,4.54,5.59,98.9,449,552.9,0,76,,0.623611111,,,,,,,,103.9
753,4.37,-0.38,99.7,435.7,-37.9,0,77,,0.605138889,,,,,,,,-473.6
754,4.39,-3.9,100.4,440.8,-391.6,0,75,,0.612222222,,,,,,,,-832.4
755,4.33,-3.75,100.4,434.7,-376.5,0,74,,0.60375,,,,,,,,-811.2
756,0.53,-0.24,99.9,52.9,-24,0,73,,0.073472222,,,,,,,,-76.9
757,0.88,-0.56,100,88,-56,0,72,,0.122222222,,,,,,,,-144
758,3.37,-2.85,100.3,338,-285.9,0,70,,0.469444444,,,,,,,,-623.9
759,3.72,4.15,99.2,369,411.7,0,68,,0.5125,,,,,,,,42.7
760,4.09,6.51,98.7,403.7,642.5,0,69,,0.560694444,,,,,,,,238.8
761,3.57,6.93,98.6,352,683.3,0,68,,0.488888889,,,,,,,,331.3
762,4.21,6.39,98.6,415.1,630.1,0,68,,0.576527778,,,,,,,,215
763,3.49,6.95,98.5,343.8,684.6,0,67,,0.4775,,,,,,,,340.8
764,4.23,6.36,98.6,417.1,627.1,0,67,,0.579305556,,,,,,,,210
765,4.33,6.02,98.6,426.9,593.6,0,65,,0.592916667,,,,,,,,166.7
766,4.7,5.02,98.8,464.4,496,0,64,,0.645,,,,,,,,31.6
767,1.97,4.35,98.9,194.8,430.2,0,63,,0.270555556,,,,,,,,235.4
768,3.32,5.16,98.8,328,509.8,0,63,,0.455555556,,,,,,,,181.8
769,3,7.37,98.4,295.2,725.2,0,63,,0.41,,,,,,,,430
770,2.77,7.54,98.4,272.6,741.9,0,64,,0.378611111,,,,,,,,469.3
771,4.57,-3.96,100.2,457.9,-396.8,0,63,,0.635972222,,,,,,,,-854.7
772,3.73,-3.19,100.2,373.7,-319.6,0,60,,0.519027778,,,,,,,,-693.3
773,4.57,-3.96,100.4,458.8,-397.6,0,58,,0.637222222,,,,,,,,-856.4
774,3.47,-2.95,100.2,347.7,-295.6,0,57,,0.482916667,,,,,,,,-643.3
775,3.98,6.58,98.7,392.8,649.4,0,60,,0.545555556,,,,,,,,256.6
776,4.73,5.97,98.7,466.9,589.2,0,65,,0.648472222,,,,,,,,122.3
777,4.74,5.92,98.7,467.8,584.3,0,68,,0.649722222,,,,,,,,116.5
778,4.85,5.83,98.7,478.7,575.4,0,71,,0.664861111,,,,,,,,96.7
779,4.83,5.84,98.6,476.2,575.8,0,72,,0.661388889,,,,,,,,99.6
780,0.99,9.07,98.1,97.1,889.8,0,72,,0.134861111,,,,,,,,792.7
781,1.42,8.7,98.1,139.3,853.5,0,72,,0.193472222,,,,,,,,714.2
782,4.35,6.25,98.5,428.5,615.6,0,70,,0.595138889,,,,,,,,187.1
783,1.46,8.65,98.1,143.2,848.6,0,69,,0.198888889,,,,,,,,705.4
784,3.78,5.77,98.5,372.3,568.3,0,68,,0.517083333,,,,,,,,196
785,5.19,4.57,98.8,512.8,451.5,0,67,,0.712222222,,,,,,,,-61.3
786,4.94,2.81,99.1,489.6,278.5,0,67,,0.68,,,,,,,,-211.1
787,3.13,4.32,98.8,309.2,426.8,0,67,,0.429444444,,,,,,,,117.6
788,4.32,3.36,99,427.7,332.6,0,65,,0.594027778,,,,,,,,-95.1
789,3.7,5.84,98.6,364.8,575.8,0,64,,0.506666667,,,,,,,,211
790,4.38,11.62,97.7,427.9,1135.3,0,66,,0.594305556,,,,,,,,707.4
791,3.97,11.98,97.6,387.5,1169.2,0,67,,0.538194444,,,,,,,,781.7
792,3.69,12.17,97.5,359.8,1186.6,0,68,,0.499722222,,,,,,,,826.8
793,2.28,12.28,97.4,222.1,1196.1,0,69,,0.308472222,,,,,,,,974
794,0.85,13.65,97.2,82.6,1326.8,0,69,,0.114722222,,,,,,,,1244.2
795,4.42,10.43,97.7,431.8,1019,0,68,,0.599722222,,,,,,,,587.2
796,1.44,12.55,97.3,140.1,1221.1,0,68,,0.194583333,,,,,,,,1081
797,4.87,8.71,97.8,476.3,851.8,0,68,,0.661527778,,,,,,,,375.5
798,1.99,11.52,97.5,194,1123.2,0,66,,0.269444444,,,,,,,,929.2
799,4.86,8.72,97.8,475.3,852.8,0,66,,0.660138889,,,,,,,,377.5
800,0.83,5.22,98.4,81.7,513.6,0,65,,0.113472222,,,,,,,,431.9
801,1.46,4.7,98.5,143.8,463,0,66,,0.199722222,,,,,,,,319.2
802,1.66,4.57,98.6,163.7,450.6,0,68,,0.227361111,,,,,,,,286.9
803,1.05,5.06,98.6,103.5,498.9,0,69,,0.14375,,,,,,,,395.4
804,1.32,4.83,98.6,130.2,476.2,0,70,,0.180833333,,,,,,,,346
805,4.56,2.16,99,451.4,213.8,0,69,,0.626944444,,,,,,,,-237.6
806,3.45,3.1,98.8,340.9,306.3,0,68,,0.473472222,,,,,,,,-34.6
807,4.51,2.18,99,446.5,215.8,0,69,,0.620138889,,,,,,,,-230.7
808,4.17,2.46,99,412.8,243.5,0,70,,0.573333333,,,,,,,,-169.3
809,3.3,3.2,98.9,326.4,316.5,0,71,,0.453333333,,,,,,,,-9.9
810,3,3.42,98.8,296.4,337.9,0,71,,0.411666667,,,,,,,,41.5
811,3.23,3.23,98.9,319.4,319.4,0,70,,0.443611111,,,,,,,,0
812,4.54,2.14,99.1,449.9,212.1,0,71,,0.624861111,,,,,,,,-237.8
813,4.81,1.94,99.1,476.7,192.3,0,71,,0.662083333,,,,,,,,-284.4
814,2,4.25,98.7,197.4,419.5,0,71,,0.274166667,,,,,,,,222.1
815,1.77,4.43,98.8,174.9,437.7,0,73,,0.242916667,,,,,,,,262.8
816,2.78,3.64,98.8,274.7,359.6,0,74,,0.381527778,,,,,,,,84.9
817,4.57,2.1,99.1,452.9,208.1,0,76,,0.629027778,,,,,,,,-244.8
818,4.81,-4.44,100.2,482,-444.9,0,76,,0.669444444,,,,,,,,-926.9
819,1.71,-1.38,99.7,170.5,-137.6,0,75,,0.236805556,,,,,,,,-308.1
820,3.56,-3.01,100,356,-301,0,73,,0.494444444,,,,,,,,-657
821,4.81,-4.18,100.3,482.4,-419.3,0,74,,0.67,,,,,,,,-901.7
822,4.57,-4.02,100.3,458.4,-403.2,0,75,,0.636666667,,,,,,,,-861.6
823,1.67,-1.42,99.9,166.8,-141.9,0,75,,0.231666667,,,,,,,,-308.7
824,0.5,5.68,98.7,49.4,560.6,0,74,,0.068611111,,,,,,,,511.2
825,4.89,1.97,99.3,485.6,195.6,0,74,,0.674444444,,,,,,,,-290
826,4.7,2.16,99.2,466.2,214.3,0,72,,0.6475,,,,,,,,-251.9
827,4.66,2.13,99.2,462.3,211.3,0,69,,0.642083333,,,,,,,,-251
828,0.5,5.58,98.6,49.3,550.2,0,66,,0.068472222,,,,,,,,500.9
829,4.76,2.08,99.2,472.2,206.3,0,64,,0.655833333,,,,,,,,-265.9
830,2.67,3.77,98.9,264.1,372.9,0,63,,0.366805556,,,,,,,,108.8
831,1.91,6.42,98.5,188.1,632.4,0,63,,0.26125,,,,,,,,444.3
832,4.24,4.41,98.8,418.9,435.7,0,64,,0.581805556,,,,,,,,16.8
833,5.14,3.75,98.9,508.3,370.9,0,65,,0.705972222,,,,,,,,-137.4
834,5,3.82,98.9,494.5,377.8,0,67,,0.686805556,,,,,,,,-116.7
835,5.16,3.68,98.9,510.3,364,0,68,,0.70875,,,,,,,,-146.3
836,4.97,3.86,98.9,491.5,381.8,0,69,,0.682638889,,,,,,,,-109.7
837,5.15,3.72,98.9,509.3,367.9,0,69,,0.707361111,,,,,,,,-141.4
838,4.88,3.95,98.9,482.6,390.7,0,68,,0.670277778,,,,,,,,-91.9
839,4.95,3.9,98.9,489.6,385.7,0,67,,0.68,,,,,,,,-103.9
840,5.06,3.78,98.9,500.4,373.8,0,65,,0.695,,,,,,,,-126.6
841,4.99,3.89,98.9,493.5,384.7,0,63,,0.685416667,,,,,,,,-108.8
842,4.78,4.06,98.7,471.8,400.7,0,61,,0.655277778,,,,,,,,-71.1
843,3.14,5.44,98.6,309.6,536.4,0,61,,0.43,,,,,,,,226.8
844,5.07,3.77,98.9,501.4,372.9,0,62,,0.696388889,,,,,,,,-128.5
845,4.76,4.04,98.8,470.3,399.2,0,63,,0.653194444,,,,,,,,-71.1
846,4.78,3.94,98.8,472.3,389.3,0,63,,0.655972222,,,,,,,,-83
847,5.13,6.58,98.3,504.3,646.8,0,64,,0.700416667,,,,,,,,142.5
848,5.17,7.56,98.1,507.2,741.6,0,64,,0.704444444,,,,,,,,234.4
849,2.4,10.14,97.8,234.7,991.7,0,64,,0.325972222,,,,,,,,757
850,2.98,9.5,97.8,291.4,929.1,0,63,,0.404722222,,,,,,,,637.7
851,4.71,7.93,98,461.6,777.1,0,62,,0.641111111,,,,,,,,315.5
852,4.46,8.13,98,437.1,796.7,0,60,,0.607083333,,,,,,,,359.6
853,2.39,10.11,97.6,233.3,986.7,0,59,,0.324027778,,,,,,,,753.4
854,4.76,7.86,98,466.5,770.3,0,59,,0.647916667,,,,,,,,303.8
855,1.21,11.29,97.4,117.9,1099.6,0,60,,0.16375,,,,,,,,981.7
856,3.11,8.37,97.8,304.2,818.6,0,62,,0.4225,,,,,,,,514.4
857,4.91,6.69,98.1,481.7,656.3,0,64,,0.669027778,,,,,,,,174.6
858,5.16,6.51,98.1,506.2,638.6,0,66,,0.703055556,,,,,,,,132.4
859,1.71,9.56,97.7,167.1,934,0,68,,0.232083333,,,,,,,,766.9
860,2.63,7.64,97.9,257.5,748,0,69,,0.357638889,,,,,,,,490.5
861,0.87,9.08,97.7,85,887.1,0,70,,0.118055556,,,,,,,,802.1
862,4,6.45,98.1,392.4,632.7,0,70,,0.545,,,,,,,,240.3
863,5.34,5.37,98.3,524.9,527.9,0,70,,0.729027778,,,,,,,,3
864,5.31,5.4,98.3,522,530.8,0,71,,0.725,,,,,,,,8.8
865,5.43,4.31,98.5,534.9,424.5,0,72,,0.742916667,,,,,,,,-110.4
866,5.25,-4.59,100,525,-459,0,72,,0.729166667,,,,,,,,-984
867,5.12,-4.47,100,512,-447,0,73,,0.711111111,,,,,,,,-959
868,4.98,-4.34,100,498,-434,0,73,,0.691666667,,,,,,,,-932
869,4.47,-3.85,100,447,-385,0,72,,0.620833333,,,,,,,,-832
870,4.71,-6.9,100.6,473.8,-694.1,0,68,,0.658055556,,,,,,,,-1167.9
871,4.45,-3.85,100.1,445.4,-385.4,0,64,,0.618611111,,,,,,,,-830.8
872,4.94,-4.32,100.3,495.5,-433.3,0,61,,0.688194444,,,,,,,,-928.8
873,5,-4.37,100.3,501.5,-438.3,0,58,,0.696527778,,,,,,,,-939.8
874,2.77,3.67,99,274.2,363.3,0,55,,0.380833333,,,,,,,,89.1
875,5.15,5.98,98.5,507.3,589,0,56,,0.704583333,,,,,,,,81.7
876,1.92,10.76,97.7,187.6,1051.3,0,59,,0.260555556,,,,,,,,863.7
877,5.3,7.58,98,519.4,742.8,0,63,,0.721388889,,,,,,,,223.4
878,5.22,7.63,98.1,512.1,748.5,0,66,,0.71125,,,,,,,,236.4
879,4.15,7.73,98,406.7,757.5,0,68,,0.564861111,,,,,,,,350.8
880,3.87,3.83,98.7,382,378,0,67,,0.530555556,,,,,,,,-4
881,4.89,-4.26,100,489,-426,0,65,,0.679166667,,,,,,,,-915
882,3.6,-3.07,99.9,359.6,-306.7,0,63,,0.499444444,,,,,,,,-666.3
883,5.07,-4.42,100.1,507.5,-442.4,0,61,,0.704861111,,,,,,,,-949.9
884,4.85,0.89,99.3,481.6,88.4,0,61,,0.668888889,,,,,,,,-393.2
885,5.28,1.84,99.2,523.8,182.5,0,64,,0.7275,,,,,,,,-341.3
886,1.69,4.75,98.7,166.8,468.8,0,65,,0.231666667,,,,,,,,302
887,3.31,3.47,98.8,327,342.8,0,66,,0.454166667,,,,,,,,15.8
888,4.72,1.16,99.2,468.2,115.1,0,65,,0.650277778,,,,,,,,-353.1
889,4.91,1.07,99.2,487.1,106.1,0,64,,0.676527778,,,,,,,,-381
890,4.9,0.73,99.3,486.6,72.5,0,62,,0.675833333,,,,,,,,-414.1
891,5.27,-0.17,99.5,524.4,-16.9,0,60,,0.728333333,,,,,,,,-541.3
892,3.75,1.05,99.2,372,104.2,0,59,,0.516666667,,,,,,,,-267.8
893,5.24,-0.21,99.5,521.4,-20.9,0,59,,0.724166667,,,,,,,,-542.3
894,5.26,-0.25,99.5,523.4,-24.9,0,59,,0.726944444,,,,,,,,-548.3
895,5.29,-0.22,99.5,526.4,-21.9,0,59,,0.731111111,,,,,,,,-548.3
896,5.34,-0.32,99.5,531.3,-31.8,0,60,,0.737916667,,,,,,,,-563.1
897,5.43,-0.32,99.5,540.3,-31.8,0,61,,0.750416667,,,,,,,,-572.1
898,5.4,-0.31,99.5,537.3,-30.8,0,60,,0.74625,,,,,,,,-568.1
899,5.32,-0.21,99.5,529.3,-20.9,0,60,,0.735138889,,,,,,,,-550.2
900,5.38,-0.32,99.5,535.3,-31.8,0,59,,0.743472222,,,,,,,,-567.1
901,5.35,-0.27,99.5,532.3,-26.9,0,58,,0.739305556,,,,,,,,-559.2
902,3.47,2.27,99.1,343.9,225,0,59,,0.477638889,,,,,,,,-118.9
903,5.43,0.63,99.3,539.2,62.6,0,59,,0.748888889,,,,,,,,-476.6
904,5.38,0.72,99.4,534.8,71.6,0,60,,0.742777778,,,,,,,,-463.2
905,5.32,0.78,99.3,528.3,77.5,0,60,,0.73375,,,,,,,,-450.8
906,5.32,1.78,99.2,527.7,176.6,0,61,,0.732916667,,,,,,,,-351.1
907,5.5,4.47,98.7,542.9,441.2,0,63,,0.754027778,,,,,,,,-101.7
908,5.55,4.39,98.7,547.8,433.3,0,64,,0.760833333,,,,,,,,-114.5
909,5.34,2.68,98.9,528.1,265.1,0,64,,0.733472222,,,,,,,,-263
910,5.31,1.74,99,525.7,172.3,0,62,,0.730138889,,,,,,,,-353.4
911,5.38,1.62,99.1,533.2,160.5,0,59,,0.740555556,,,,,,,,-372.7
912,4.71,2.6,99,466.3,257.4,0,58,,0.647638889,,,,,,,,-208.9
913,5.21,3.78,98.8,514.7,373.5,0,58,,0.714861111,,,,,,,,-141.2
914,3.02,5.57,98.5,297.5,548.6,0,58,,0.413194444,,,,,,,,251.1
915,5.47,8.74,97.9,535.5,855.6,0,60,,0.74375,,,,,,,,320.1
916,4.48,15.57,96.8,433.7,1507.2,0,65,,0.602361111,,,,,,,,1073.5
917,2.47,17.25,96.5,238.4,1664.6,0,69,,0.331111111,,,,,,,,1426.2
918,4.52,13.41,97,438.4,1300.8,0,72,,0.608888889,,,,,,,,862.4
919,5,10.49,97.4,487,1021.7,0,74,,0.676388889,,,,,,,,534.7
920,5.16,8.6,97.7,504.1,840.2,0,75,,0.700138889,,,,,,,,336.1
921,5.26,8.82,97.6,513.4,860.8,0,74,,0.713055556,,,,,,,,347.4
922,5.35,7.32,97.8,523.2,715.9,0,73,,0.726666667,,,,,,,,192.7
923,5.48,7.28,97.9,536.5,712.7,0,72,,0.745138889,,,,,,,,176.2
924,5.64,4.06,98.4,555,399.5,0,71,,0.770833333,,,,,,,,-155.5
925,5.93,4.83,98.3,582.9,474.8,0,70,,0.809583333,,,,,,,,-108.1
926,5.02,7.39,97.9,491.5,723.5,0,70,,0.682638889,,,,,,,,232
927,5.32,10.28,97.4,518.2,1001.3,0,71,,0.719722222,,,,,,,,483.1
928,2.7,10.09,97.4,263,982.8,0,75,,0.365277778,,,,,,,,719.8
929,3.74,-3.53,99.5,372.1,-351.2,0,76,,0.516805556,,,,,,,,-723.3
930,2.19,-2.04,99.4,217.7,-202.8,0,76,,0.302361111,,,,,,,,-420.5
931,5.61,-5.01,100,561,-501,0,75,,0.779166667,,,,,,,,-1062
932,5.75,4.08,98.5,566.4,401.9,0,74,,0.786666667,,,,,,,,-164.5
933,5.11,7.37,98,500.8,722.3,0,76,,0.695555556,,,,,,,,221.5
934,5.54,4.68,98.3,544.6,460,0,77,,0.756388889,,,,,,,,-84.6
935,5.78,3.67,98.5,569.3,361.5,0,77,,0.790694444,,,,,,,,-207.8
936,5.89,4.34,98.4,579.6,427.1,0,77,,0.805,,,,,,,,-152.5
937,5.83,4.17,98.4,573.7,410.3,0,77,,0.796805556,,,,,,,,-163.4
938,3.59,5.44,98.3,352.9,534.8,0,77,,0.490138889,,,,,,,,181.9
939,5.82,3.92,98.5,573.3,386.1,0,77,,0.79625,,,,,,,,-187.2
940,5.91,4.11,98.4,581.5,404.4,0,77,,0.807638889,,,,,,,,-177.1
941,5.41,5.79,98.2,531.3,568.6,0,76,,0.737916667,,,,,,,,37.3
942,4.98,-19.2,102,508,-1958.4,0,73,,0.705555556,,,,,,,,-2466.4
943,4.6,-4,99.9,459.5,-399.6,0,51,,0.638194444,,,,,,,,-859.1
944,4.58,12.39,97.3,445.6,1205.5,0,53,,0.618888889,,,,,,,,759.9
945,4.1,15.39,96.7,396.5,1488.2,0,58,,0.550694444,,,,,,,,1091.7
946,5.38,10.47,97.4,524,1019.8,0,62,,0.727777778,,,,,,,,495.8
947,5.36,2.7,98.6,528.5,266.2,0,62,,0.734027778,,,,,,,,-262.3
948,5.48,2.3,98.7,540.9,227,0,61,,0.75125,,,,,,,,-313.9
949,5.28,2.48,98.6,520.6,244.5,0,60,,0.723055556,,,,,,,,-276.1
950,3.68,3.84,98.5,362.5,378.2,0,59,,0.503472222,,,,,,,,15.7
951,5.66,2.18,98.8,559.2,215.4,0,58,,0.776666667,,,,,,,,-343.8
952,4.81,2.87,98.7,474.7,283.3,0,59,,0.659305556,,,,,,,,-191.4
953,6.08,1.85,98.9,601.3,183,0,59,,0.835138889,,,,,,,,-418.3
954,6.11,1.81,98.9,604.3,179,0,60,,0.839305556,,,,,,,,-425.3
955,6.01,1.93,98.9,594.4,190.9,0,60,,0.825555556,,,,,,,,-403.5
956,6,1.88,98.9,593.4,185.9,0,61,,0.824166667,,,,,,,,-407.5
957,5.93,1.95,98.9,586.5,192.9,0,62,,0.814583333,,,,,,,,-393.6
958,5.96,1.95,98.9,589.4,192.9,0,64,,0.818611111,,,,,,,,-396.5
959,6.02,1.93,98.9,595.4,190.9,0,65,,0.826944444,,,,,,,,-404.5
960,5.87,2.01,98.8,580,198.6,0,65,,0.805555556,,,,,,,,-381.4
961,5.76,2.1,98.9,569.7,207.7,0,65,,0.79125,,,,,,,,-362
962,5.62,2.3,98.8,555.3,227.2,0,65,,0.77125,,,,,,,,-328.1
963,5.43,2.42,98.8,536.5,239.1,0,65,,0.745138889,,,,,,,,-297.4
964,5.34,2.5,98.7,527.1,246.8,0,64,,0.732083333,,,,,,,,-280.3
965,5.57,2.26,98.8,550.3,223.3,0,62,,0.764305556,,,,,,,,-327
966,5.66,2.18,98.8,559.2,215.4,0,60,,0.776666667,,,,,,,,-343.8
967,4.58,3.13,98.6,451.6,308.6,0,58,,0.627222222,,,,,,,,-143
968,1.88,6.37,98.1,184.4,624.9,0,57,,0.256111111,,,,,,,,440.5
969,5.66,3.21,98.6,558.1,316.5,0,56,,0.775138889,,,,,,,,-241.6
970,1.84,6.39,98.1,180.5,626.9,0,57,,0.250694444,,,,,,,,446.4
971,5.68,3.19,98.6,560,314.5,0,58,,0.777777778,,,,,,,,-245.5
972,5.57,3.3,98.6,549.2,325.4,0,60,,0.762777778,,,,,,,,-223.8
973,5.64,3.19,98.6,556.1,314.5,0,62,,0.772361111,,,,,,,,-241.6
974,1.96,6.27,98.1,192.3,615.1,0,63,,0.267083333,,,,,,,,422.8
975,2.95,5.48,98.2,289.7,538.1,0,63,,0.402361111,,,,,,,,248.4
976,3.07,5.37,98.2,301.5,527.3,0,63,,0.41875,,,,,,,,225.8
977,1.53,6.7,98,149.9,656.6,0,61,,0.208194444,,,,,,,,506.7
978,1.48,6.68,98,145,654.6,0,59,,0.201388889,,,,,,,,509.6
979,5.55,3.29,98.5,546.7,324.1,0,58,,0.759305556,,,,,,,,-222.6
980,5.23,3.56,98.4,514.6,350.3,0,57,,0.714722222,,,,,,,,-164.3
981,5.74,3.13,98.6,566,308.6,0,57,,0.786111111,,,,,,,,-257.4
982,5.7,3.18,98.5,561.5,313.2,0,58,,0.779861111,,,,,,,,-248.3
983,5.68,3.17,98.5,559.5,312.2,0,58,,0.777083333,,,,,,,,-247.3
984,1.68,6.51,98,164.6,638,0,59,,0.228611111,,,,,,,,473.4
985,3.31,5.16,98.2,325,506.7,0,59,,0.451388889,,,,,,,,181.7
986,3.84,4.72,98.2,377.1,463.5,0,59,,0.52375,,,,,,,,86.4
987,3.28,5.16,98.1,321.8,506.2,0,58,,0.446944444,,,,,,,,184.4
988,4.29,4.36,98.2,421.3,428.2,0,56,,0.585138889,,,,,,,,6.9
989,4.07,4.54,98.2,399.7,445.8,0,55,,0.555138889,,,,,,,,46.1
990,5.57,3.25,98.4,548.1,319.8,0,54,,0.76125,,,,,,,,-228.3
991,5.75,5.15,98.1,564.1,505.2,0,54,,0.783472222,,,,,,,,-58.9
992,5.92,7.84,97.7,578.4,766,0,57,,0.803333333,,,,,,,,187.6
993,6.01,7.83,97.7,587.2,765,0,61,,0.815555556,,,,,,,,177.8
994,6.01,7.76,97.7,587.2,758.2,0,66,,0.815555556,,,,,,,,171
995,5.83,7.92,97.6,569,773,0,71,,0.790277778,,,,,,,,204
996,5.67,5.49,97.9,555.1,537.5,0,76,,0.770972222,,,,,,,,-17.6
997,5.48,-0.95,99,542.5,-94.1,0,80,,0.753472222,,,,,,,,-636.6
998,5.42,-5.3,99.7,540.4,-528.4,0,83,,0.750555556,,,,,,,,-1068.8
999,5.21,-3.58,99.5,518.4,-356.2,0,82,,0.72,,,,,,,,-874.6
1000,5.38,-5.57,99.9,537.5,-556.4,0,78,,0.746527778,,,,,,,,-1093.9
1001,4.17,0.64,98.9,412.4,63.3,0,74,,0.572777778,,,,,,,,-349.1
1002,5.63,5.36,98.2,552.9,526.4,0,74,,0.767916667,,,,,,,,-26.5
1003,5.17,5.54,98.1,507.2,543.5,0,75,,0.704444444,,,,,,,,36.3
1004,5.63,4.7,98.2,552.9,461.5,0,76,,0.767916667,,,,,,,,-91.4
1005,5.41,3.67,98.4,532.3,361.1,0,77,,0.739305556,,,,,,,,-171.2
1006,5.46,1.14,98.8,539.4,112.6,0,79,,0.749166667,,,,,,,,-426.8
1007,5.39,-0.77,99.1,534.1,-76.3,0,80,,0.741805556,,,,,,,,-610.4
1008,5.52,-2.19,99.3,548.1,-217.5,0,81,,0.76125,,,,,,,,-765.6
1009,5.56,-2.28,99.4,552.7,-226.6,0,81,,0.767638889,,,,,,,,-779.3
1010,5.57,-0.81,99.2,552.5,-80.4,0,80,,0.767361111,,,,,,,,-632.9
1011,5.6,0.19,99.1,555,18.8,0,79,,0.770833333,,,,,,,,-536.2
1012,5.69,0.44,99,563.3,43.6,0,77,,0.782361111,,,,,,,,-519.7
1013,2.8,2.59,98.7,276.4,255.6,0,77,,0.383888889,,,,,,,,-20.8
1014,5.53,-0.09,99.1,548,-8.9,0,78,,0.761111111,,,,,,,,-556.9
1015,5.53,-0.75,99.2,548.6,-74.4,0,80,,0.761944444,,,,,,,,-623
1016,5.44,-1.24,99.3,540.2,-123.1,0,80,,0.750277778,,,,,,,,-663.3
1017,5.73,-0.66,99.2,568.4,-65.5,0,79,,0.789444444,,,,,,,,-633.9
1018,4.49,-4.39,99.8,448.1,-438.1,0,77,,0.622361111,,,,,,,,-886.2
1019,5.52,-4.85,99.9,551.4,-484.5,0,74,,0.765833333,,,,,,,,-1035.9
1020,3.55,-3.04,99.7,353.9,-303.1,0,72,,0.491527778,,,,,,,,-657
1021,5.41,-4.74,100,541,-474,0,71,,0.751388889,,,,,,,,-1015
1022,1.1,-0.76,99.3,109.2,-75.5,0,70,,0.151666667,,,,,,,,-184.7
1023,4.48,-23.46,102.8,460.5,-2411.7,0,67,,0.639583333,,,,,,,,-2872.2
1024,3.74,-20.01,102.4,383,-2049,0,56,,0.531944444,,,,,,,,-2432
1025,5.79,-5.11,100.2,580.2,-512,0,56,,0.805833333,,,,,,,,-1092.2
1026,5.77,-5.09,100.2,578.2,-510,0,56,,0.803055556,,,,,,,,-1088.2
1027,5.63,-4.94,100.2,564.1,-495,0,53,,0.783472222,,,,,,,,-1059.1
1028,5.26,-4.61,100.1,526.5,-461.5,0,53,,0.73125,,,,,,,,-988
1029,4.75,3.09,98.9,469.8,305.6,0,51,,0.6525,,,,,,,,-164.2
1030,5.17,5.78,98.4,508.7,568.8,0,52,,0.706527778,,,,,,,,60.1
1031,5.61,6.38,98.3,551.5,627.2,0,52,,0.765972222,,,,,,,,75.7
1032,5.32,7.55,98,521.4,739.9,0,52,,0.724166667,,,,,,,,218.5
1033,3.75,10.06,97.5,365.6,980.9,0,52,,0.507777778,,,,,,,,615.3
1034,5.67,8.2,97.8,554.5,802,0,52,,0.770138889,,,,,,,,247.5
1035,0.72,12.86,97.1,69.9,1248.7,0,53,,0.097083333,,,,,,,,1178.8
1036,2.3,11.35,97.2,223.6,1103.2,0,55,,0.310555556,,,,,,,,879.6
1037,4.67,7.05,97.8,456.7,689.5,0,58,,0.634305556,,,,,,,,232.8
1038,2.78,7.3,97.8,271.9,713.9,0,61,,0.377638889,,,,,,,,442
1039,5.55,1.43,98.6,547.2,141,0,64,,0.76,,,,,,,,-406.2
1040,4.6,-3.99,99.6,458.2,-397.4,0,66,,0.636388889,,,,,,,,-855.6
1041,3.43,-2.91,99.5,341.3,-289.5,0,67,,0.474027778,,,,,,,,-630.8
1042,4.2,-3.63,99.6,418.3,-361.5,0,68,,0.580972222,,,,,,,,-779.8
1043,5.13,-4.49,99.8,512,-448.1,0,71,,0.711111111,,,,,,,,-960.1
1044,5.11,-4.47,99.8,510,-446.1,0,73,,0.708333333,,,,,,,,-956.1
1045,4.67,-4.11,99.8,466.1,-410.2,0,75,,0.647361111,,,,,,,,-876.3
1046,5.19,-4.87,100,519,-487,0,77,,0.720833333,,,,,,,,-1006
1047,4.23,-4.41,99.9,422.6,-440.6,0,78,,0.586944444,,,,,,,,-863.2
1048,3.76,-3.64,99.8,375.2,-363.3,0,77,,0.521111111,,,,,,,,-738.5
1049,0.9,-0.59,99.4,89.5,-58.6,0,73,,0.124305556,,,,,,,,-148.1
1050,4.67,-4.06,99.9,466.5,-405.6,0,70,,0.647916667,,,,,,,,-872.1
1051,5.92,-5.22,100.1,592.6,-522.5,0,67,,0.823055556,,,,,,,,-1115.1
1052,6.05,2.58,98.8,597.7,254.9,0,66,,0.830138889,,,,,,,,-342.8
1053,6.08,3.05,98.7,600.1,301,0,66,,0.833472222,,,,,,,,-299.1
1054,6.13,4.95,98.4,603.2,487.1,0,67,,0.837777778,,,,,,,,-116.1
1055,6.04,5,98.3,593.7,491.5,0,68,,0.824583333,,,,,,,,-102.2
1056,5.9,4.62,98.4,580.6,454.6,0,69,,0.806388889,,,,,,,,-126
1057,1.32,7.96,97.8,129.1,778.5,0,70,,0.179305556,,,,,,,,649.4
1058,1.3,7.96,97.7,127,777.7,0,71,,0.176388889,,,,,,,,650.7
1059,3.84,-3.02,99.5,382.1,-300.5,0,71,,0.530694444,,,,,,,,-682.6
1060,1,-23.28,102.7,102.7,-2390.9,0,63,,0.142638889,,,,,,,,-2493.6
1061,2.84,-2.38,99.7,283.1,-237.3,0,45,,0.393194444,,,,,,,,-520.4
1062,5.63,-1.98,99.6,560.7,-197.2,0,40,,0.77875,,,,,,,,-757.9
1063,5.94,3.21,98.7,586.3,316.8,0,40,,0.814305556,,,,,,,,-269.5
1064,5.72,-5.03,100.1,572.6,-503.5,0,35,,0.795277778,,,,,,,,-1076.1
1065,5.79,4.97,98.4,569.7,489,0,34,,0.79125,,,,,,,,-80.7
1066,5.92,7.96,98,580.2,780.1,0,38,,0.805833333,,,,,,,,199.9
1067,6.02,7.87,97.8,588.8,769.7,0,43,,0.817777778,,,,,,,,180.9
1068,6.04,7.85,97.7,590.1,766.9,0,47,,0.819583333,,,,,,,,176.8
1069,5.81,7.04,97.9,568.8,689.2,0,50,,0.79,,,,,,,,120.4
1070,5.67,-3,99.5,564.2,-298.5,0,51,,0.783611111,,,,,,,,-862.7
1071,5.87,-5.17,99.9,586.4,-516.5,0,48,,0.814444444,,,,,,,,-1102.9
1072,5.89,-5.2,99.9,588.4,-519.5,0,45,,0.817222222,,,,,,,,-1107.9
1073,5.83,-5.14,100,583,-514,0,42,,0.809722222,,,,,,,,-1097
1074,6.14,4.26,98.5,604.8,419.6,0,42,,0.84,,,,,,,,-185.2
1075,6.28,12.63,97.1,609.8,1226.4,0,47,,0.846944444,,,,,,,,616.6
1076,6.06,9.91,97.5,590.9,966.2,0,52,,0.820694444,,,,,,,,375.3
1077,5.97,-0.03,99,591,-3,0,53,,0.820833333,,,,,,,,-594
1078,4.77,0.97,98.8,471.3,95.8,0,53,,0.654583333,,,,,,,,-375.5
1079,5.98,-0.01,99,592,-1,0,53,,0.822222222,,,,,,,,-593
1080,5.93,-0.01,99.1,587.7,-1,0,53,,0.81625,,,,,,,,-588.7
1081,2.95,2.54,98.7,291.2,250.7,0,53,,0.404444444,,,,,,,,-40.5
1082,5.79,0.16,99,573.2,15.8,0,52,,0.796111111,,,,,,,,-557.4
1083,5.67,0.22,99.1,561.9,21.8,0,52,,0.780416667,,,,,,,,-540.1
1084,5.83,1.1,98.9,576.6,108.8,0,53,,0.800833333,,,,,,,,-467.8
1085,5.72,1.18,98.9,565.7,116.7,0,56,,0.785694444,,,,,,,,-449
1086,5.7,1.19,98.9,563.7,117.7,0,60,,0.782916667,,,,,,,,-446
1087,5.9,1.02,98.9,583.5,100.9,0,64,,0.810416667,,,,,,,,-482.6
1088,6.25,2.77,98.6,616.3,273.1,0,66,,0.855972222,,,,,,,,-343.2
1089,6.27,3.73,98.4,617,367,0,67,,0.856944444,,,,,,,,-250
1090,6.22,4.71,98.3,611.4,463,0,68,,0.849166667,,,,,,,,-148.4
1091,6.19,4.71,98.3,608.5,463,0,69,,0.845138889,,,,,,,,-145.5
1092,6.18,4.75,98.3,607.5,466.9,0,70,,0.84375,,,,,,,,-140.6
1093,6.18,-5.46,99.8,616.8,-544.9,0,69,,0.856666667,,,,,,,,-1161.7
1094,6.09,-5.37,99.9,608.4,-536.5,0,66,,0.845,,,,,,,,-1144.9
1095,6.11,-5.41,100,611,-541,0,65,,0.848611111,,,,,,,,-1152
1096,6.08,-5.37,100,608,-537,0,64,,0.844444444,,,,,,,,-1145
1097,6.23,-5.52,100,623,-552,0,62,,0.865277778,,,,,,,,-1175
1098,6.19,-5.47,100,619,-547,0,59,,0.859722222,,,,,,,,-1166
1099,6.29,0.8,99.1,623.3,79.3,0,58,,0.865694444,,,,,,,,-544
1100,6.19,5.74,98.2,607.9,563.7,0,60,,0.844305556,,,,,,,,-44.2
1101,6.31,5.53,98.2,619.6,543,0,63,,0.860555556,,,,,,,,-76.6
1102,6.34,5.58,98.2,622.6,548,0,66,,0.864722222,,,,,,,,-74.6
1103,6.33,5.58,98.2,621.6,548,0,68,,0.863333333,,,,,,,,-73.6
1104,6.42,5.53,98.1,629.8,542.5,0,69,,0.874722222,,,,,,,,-87.3
1105,6.39,-5.66,100,639,-566,0,67,,0.8875,,,,,,,,-1205
1106,6.28,-5.51,100,628,-551,0,65,,0.872222222,,,,,,,,-1179
1107,6.26,-5.54,100,626,-554,0,64,,0.869444444,,,,,,,,-1180
1108,6.34,-5.59,100.1,634.6,-559.6,0,60,,0.881388889,,,,,,,,-1194.2
1109,6.53,1.63,98.9,645.8,161.2,0,58,,0.896944444,,,,,,,,-484.6
1110,6.52,1.6,98.9,644.8,158.2,0,58,,0.895555556,,,,,,,,-486.6
1111,6.42,1.68,98.9,634.9,166.2,0,58,,0.881805556,,,,,,,,-468.7
1112,6.57,1.58,98.9,649.8,156.3,0,59,,0.9025,,,,,,,,-493.5
1113,6.55,1.61,98.9,647.8,159.2,0,60,,0.899722222,,,,,,,,-488.6
1114,6.51,1.67,98.9,643.8,165.2,0,61,,0.894166667,,,,,,,,-478.6
1115,6.53,1.58,98.9,645.8,156.3,0,62,,0.896944444,,,,,,,,-489.5
1116,6.6,2.57,98.7,651.4,253.7,0,63,,0.904722222,,,,,,,,-397.7
1117,6.65,2.45,98.7,656.4,241.8,0,66,,0.911666667,,,,,,,,-414.6
1118,6.59,3.48,98.6,649.8,343.1,0,67,,0.9025,,,,,,,,-306.7
1119,5.97,3.96,98.5,588,390.1,0,65,,0.816666667,,,,,,,,-197.9
1120,6.07,3.94,98.4,597.3,387.7,0,63,,0.829583333,,,,,,,,-209.6
1121,6.11,4.84,98.3,600.6,475.8,0,61,,0.834166667,,,,,,,,-124.8
1122,6.01,4.97,98.3,590.8,488.6,0,62,,0.820555556,,,,,,,,-102.2
1123,6.15,4.71,98.3,604.5,463,0,64,,0.839583333,,,,,,,,-141.5
1124,2.04,8.41,97.6,199.1,820.8,0,66,,0.276527778,,,,,,,,621.7
1125,6.15,5.77,98,602.7,565.5,0,68,,0.837083333,,,,,,,,-37.2
1126,6.21,5.75,98,608.6,563.5,0,68,,0.845277778,,,,,,,,-45.1
1127,6.31,5.63,98,618.4,551.7,0,67,,0.858888889,,,,,,,,-66.7
1128,6.13,5.78,98,600.7,566.4,0,67,,0.834305556,,,,,,,,-34.3
1129,5.02,6.73,97.8,491,658.2,0,69,,0.681944444,,,,,,,,167.2
1130,6.13,5.84,97.9,600.1,571.7,0,71,,0.833472222,,,,,,,,-28.4
1131,6.24,5.56,97.9,610.9,544.3,0,73,,0.848472222,,,,,,,,-66.6
1132,6.24,5.33,98,611.5,522.3,0,75,,0.849305556,,,,,,,,-89.2
1133,6.21,4.8,98,608.6,470.4,0,76,,0.845277778,,,,,,,,-138.2
1134,6.42,4.26,98.1,629.8,417.9,0,76,,0.874722222,,,,,,,,-211.9
1135,6.27,4.07,98.2,615.7,399.7,0,77,,0.855138889,,,,,,,,-216
1136,6.18,4.13,98.2,606.9,405.6,0,76,,0.842916667,,,,,,,,-201.3
1137,3.79,7.27,97.6,369.9,709.6,0,74,,0.51375,,,,,,,,339.7
1138,6.1,5.93,97.8,596.6,580,0,72,,0.828611111,,,,,,,,-16.6
1139,5.88,6.02,97.8,575.1,588.8,0,70,,0.79875,,,,,,,,13.7
1140,6.09,5.83,97.8,595.6,570.2,0,68,,0.827222222,,,,,,,,-25.4
1141,6.17,5.78,97.8,603.4,565.3,0,67,,0.838055556,,,,,,,,-38.1
1142,5.95,5.77,97.8,581.9,564.3,0,69,,0.808194444,,,,,,,,-17.6
1143,5.91,3.98,98.1,579.8,390.4,0,71,,0.805277778,,,,,,,,-189.4
1144,5.25,4.6,98,514.5,450.8,0,73,,0.714583333,,,,,,,,-63.7
1145,5.38,4.5,97.9,526.7,440.6,0,74,,0.731527778,,,,,,,,-86.1
1146,5.81,4.2,98,569.4,411.6,0,75,,0.790833333,,,,,,,,-157.8
1147,5.52,4.29,98,541,420.4,0,75,,0.751388889,,,,,,,,-120.6
1148,5.61,4.21,98,549.8,412.6,0,75,,0.763611111,,,,,,,,-137.2
1149,5.61,4.29,98,549.8,420.4,0,75,,0.763611111,,,,,,,,-129.4
1150,5.75,4.15,98.1,564.1,407.1,0,75,,0.783472222,,,,,,,,-157
1151,5.84,4.11,98.1,572.9,403.2,0,75,,0.795694444,,,,,,,,-169.7
1152,5.81,4.21,98,569.4,412.6,0,75,,0.790833333,,,,,,,,-156.8
1153,5.84,4.04,98,572.3,395.9,0,75,,0.794861111,,,,,,,,-176.4
1154,5.8,3.97,98.1,569,389.5,0,75,,0.790277778,,,,,,,,-179.5
1155,5.84,3.88,98.1,572.9,380.6,0,75,,0.795694444,,,,,,,,-192.3
1156,6.27,3.23,98.2,615.7,317.2,0,76,,0.855138889,,,,,,,,-298.5
1157,6.26,3.09,98.2,614.7,303.4,0,76,,0.85375,,,,,,,,-311.3
1158,6.29,3.01,98.2,617.7,295.6,0,76,,0.857916667,,,,,,,,-322.1
1159,6.35,2.85,98.3,624.2,280.2,0,76,,0.866944444,,,,,,,,-344
1160,6.34,3.53,98.2,622.6,346.6,0,75,,0.864722222,,,,,,,,-276
1161,6.35,3.73,98.1,622.9,365.9,0,74,,0.865138889,,,,,,,,-257
1162,6.34,3.77,98.1,622,369.8,0,73,,0.863888889,,,,,,,,-252.2
1163,6.38,3.67,98,625.2,359.7,0,73,,0.868333333,,,,,,,,-265.5
1164,6.76,3.31,98.2,663.8,325,0,71,,0.921944444,,,,,,,,-338.8
1165,6.48,3.53,98.1,635.7,346.3,0,70,,0.882916667,,,,,,,,-289.4
1166,6.46,3.58,98.1,633.7,351.2,0,67,,0.880138889,,,,,,,,-282.5
1167,6.41,3.61,98.1,628.8,354.1,0,66,,0.873333333,,,,,,,,-274.7
1168,6.38,3.65,98.1,625.9,358.1,0,66,,0.869305556,,,,,,,,-267.8
1169,6.21,3.73,98.1,609.2,365.9,0,67,,0.846111111,,,,,,,,-243.3
1170,6.27,1.74,98.4,617,171.2,0,68,,0.856944444,,,,,,,,-445.8
1171,6.31,1.73,98.5,621.5,170.4,0,68,,0.863194444,,,,,,,,-451.1
1172,6.06,-1.06,98.9,599.3,-104.8,0,67,,0.832361111,,,,,,,,-704.1
1173,5.49,-4.83,99.5,546.3,-480.6,0,64,,0.75875,,,,,,,,-1026.9
1174,5.71,-5.02,99.6,568.7,-500,0,60,,0.789861111,,,,,,,,-1068.7
1175,5.99,3.03,98.3,588.8,297.8,0,60,,0.817777778,,,,,,,,-291
1176,6.07,2.94,98.3,596.7,289,0,61,,0.82875,,,,,,,,-307.7
1177,6.1,2.98,98.3,599.6,292.9,0,61,,0.832777778,,,,,,,,-306.7
1178,6.26,3.72,98.2,614.7,365.3,0,62,,0.85375,,,,,,,,-249.4
1179,6.53,3.55,98.2,641.2,348.6,0,64,,0.890555556,,,,,,,,-292.6
1180,6.27,-5.55,99.6,624.5,-552.8,0,63,,0.867361111,,,,,,,,-1177.3
1181,6.18,-5.46,99.7,616.1,-544.4,0,62,,0.855694444,,,,,,,,-1160.5
1182,6.2,-5.48,99.8,618.8,-546.9,0,62,,0.859444444,,,,,,,,-1165.7
1183,6.19,-5.46,99.8,617.8,-544.9,0,62,,0.858055556,,,,,,,,-1162.7
1184,6.15,-5.43,99.8,613.8,-541.9,0,63,,0.8525,,,,,,,,-1155.7
1185,6.13,-5.42,99.8,611.8,-540.9,0,64,,0.849722222,,,,,,,,-1152.7
1186,6.14,-5.43,99.8,612.8,-541.9,0,64,,0.851111111,,,,,,,,-1154.7
1187,6.37,1.35,98.8,629.4,133.4,0,65,,0.874166667,,,,,,,,-496
1188,6.41,1.75,98.6,632,172.6,0,66,,0.877777778,,,,,,,,-459.4
1189,6.42,1.66,98.7,633.7,163.8,0,66,,0.880138889,,,,,,,,-469.9
1190,6.41,1.73,98.6,632,170.6,0,66,,0.877777778,,,,,,,,-461.4
1191,6.43,1.68,98.6,634,165.6,0,66,,0.880555556,,,,,,,,-468.4
1192,6.42,1.72,98.6,633,169.6,0,65,,0.879166667,,,,,,,,-463.4
1193,6.4,1.7,98.6,631,167.6,0,65,,0.876388889,,,,,,,,-463.4
1194,6.36,0.79,98.8,628.4,78.1,0,66,,0.872777778,,,,,,,,-550.3
1195,6.32,0.79,98.8,624.4,78.1,0,68,,0.867222222,,,,,,,,-546.3
1196,6.19,-5.47,99.8,617.8,-545.9,0,69,,0.858055556,,,,,,,,-1163.7
1197,6.21,-5.48,99.8,619.8,-546.9,0,67,,0.860833333,,,,,,,,-1166.7
1198,6.27,-5.55,99.8,625.7,-553.9,0,65,,0.869027778,,,,,,,,-1179.6
1199,6.15,-5.43,99.8,613.8,-541.9,0,61,,0.8525,,,,,,,,-1155.7
1200,6.14,-5.42,99.8,612.8,-540.9,0,58,,0.851111111,,,,,,,,-1153.7
1201,6.12,-5.39,99.8,610.8,-537.9,0,56,,0.848333333,,,,,,,,-1148.7
1202,5.82,-5.12,99.8,580.8,-511,0,53,,0.806666667,,,,,,,,-1091.8
1203,5.83,3.09,98.6,574.8,304.7,0,55,,0.798333333,,,,,,,,-270.1
1204,5.86,4.12,98.3,576,405,0,58,,0.8,,,,,,,,-171
1205,5.88,4.03,98.3,578,396.1,0,63,,0.802777778,,,,,,,,-181.9
1206,5.93,4,98.3,582.9,393.2,0,67,,0.809583333,,,,,,,,-189.7
1207,6.26,3.75,98.3,615.4,368.6,0,69,,0.854722222,,,,,,,,-246.8
1208,6.43,3.6,98.3,632.1,353.9,0,70,,0.877916667,,,,,,,,-278.2
1209,6.5,3.59,98.3,639,352.9,0,70,,0.8875,,,,,,,,-286.1
1210,6.51,3.56,98.3,639.9,349.9,0,71,,0.88875,,,,,,,,-290
1211,6.37,3.69,98.3,626.2,362.7,0,72,,0.869722222,,,,,,,,-263.5
1212,6.42,3.66,98.3,631.1,359.8,0,73,,0.876527778,,,,,,,,-271.3
1213,6.43,3.56,98.2,631.4,349.6,0,74,,0.876944444,,,,,,,,-281.8
1214,6.44,-0.32,98.9,636.9,-31.6,0,73,,0.884583333,,,,,,,,-668.5
1215,6.42,-0.33,98.9,634.9,-32.6,0,72,,0.881805556,,,,,,,,-667.5
1216,6.48,-0.35,98.9,640.9,-34.6,0,71,,0.890138889,,,,,,,,-675.5
1217,6.63,-0.53,98.9,655.7,-52.4,0,70,,0.910694444,,,,,,,,-708.1
1218,6.4,-0.32,98.9,633,-31.6,0,70,,0.879166667,,,,,,,,-664.6
1219,6.4,-0.3,98.9,633,-29.7,0,70,,0.879166667,,,,,,,,-662.7
1220,6.36,-0.28,98.9,629,-27.7,0,70,,0.873611111,,,,,,,,-656.7
1221,6.48,-0.37,98.9,640.9,-36.6,0,70,,0.890138889,,,,,,,,-677.5
1222,6.5,-0.42,99,643.5,-41.6,0,70,,0.89375,,,,,,,,-685.1
1223,6.46,-0.36,98.9,638.9,-35.6,0,69,,0.887361111,,,,,,,,-674.5
1224,6.53,-0.43,99,646.5,-42.6,0,68,,0.897916667,,,,,,,,-689.1
1225,6.33,-0.23,98.9,626,-22.7,0,68,,0.869444444,,,,,,,,-648.7
1226,6.51,-0.42,98.9,643.8,-41.5,0,67,,0.894166667,,,,,,,,-685.3
1227,6.32,-0.15,98.9,625,-14.8,0,66,,0.868055556,,,,,,,,-639.8
1228,6.45,-0.3,98.9,637.9,-29.7,0,66,,0.885972222,,,,,,,,-667.6
1229,6.38,-0.24,99,631.6,-23.8,0,65,,0.877222222,,,,,,,,-655.4
1230,6.34,-0.2,98.9,627,-19.8,0,64,,0.870833333,,,,,,,,-646.8
1231,6.24,-0.11,98.9,617.1,-10.9,0,64,,0.857083333,,,,,,,,-628
1232,6.06,0,98.9,599.3,0,0,64,,0.832361111,,,,,,,,-599.3
1233,6.01,0.03,98.9,594.4,3,0,65,,0.825555556,,,,,,,,-591.4
1234,6.17,-0.11,98.9,610.2,-10.9,0,65,,0.8475,,,,,,,,-621.1
1235,6.2,-0.09,99,613.8,-8.9,0,65,,0.8525,,,,,,,,-622.7
1236,6.24,-0.22,98.9,617.1,-21.8,0,64,,0.857083333,,,,,,,,-638.9
1237,6.31,-0.3,98.9,624.1,-29.7,0,64,,0.866805556,,,,,,,,-653.8
1238,6.45,-0.25,99,638.6,-24.8,0,63,,0.886944444,,,,,,,,-663.4
1239,6.45,-0.31,99,638.6,-30.7,0,64,,0.886944444,,,,,,,,-669.3
1240,6.6,-0.45,99,653.4,-44.6,0,64,,0.9075,,,,,,,,-698
1241,6.71,0.46,98.9,663.6,45.5,0,65,,0.921666667,,,,,,,,-618.1
1242,6.79,0.44,98.9,671.5,43.5,0,66,,0.932638889,,,,,,,,-628
1243,6.58,0.57,98.9,650.8,56.4,0,66,,0.903888889,,,,,,,,-594.4
1244,6.69,0.5,98.9,661.6,49.5,0,67,,0.918888889,,,,,,,,-612.1
1245,6.74,0.36,98.9,666.6,35.6,0,67,,0.925833333,,,,,,,,-631
1246,6.64,0.53,98.9,656.7,52.4,0,66,,0.912083333,,,,,,,,-604.3
1247,6.72,0.47,98.9,664.6,46.5,0,67,,0.923055556,,,,,,,,-618.1
1248,6.54,0.58,98.8,646.2,57.3,0,68,,0.8975,,,,,,,,-588.9
1249,6.46,0.66,98.9,638.9,65.3,0,70,,0.887361111,,,,,,,,-573.6
1250,6.49,0.65,98.8,641.2,64.2,0,71,,0.890555556,,,,,,,,-577
1251,6.6,0.53,98.9,652.7,52.4,0,71,,0.906527778,,,,,,,,-600.3
1252,6.51,0.6,98.8,643.2,59.3,0,71,,0.893333333,,,,,,,,-583.9
1253,6.55,0.58,98.9,647.8,57.4,0,71,,0.899722222,,,,,,,,-590.4
1254,6.53,0.56,98.9,645.8,55.4,0,71,,0.896944444,,,,,,,,-590.4
1255,6.71,0.43,98.8,662.9,42.5,0,71,,0.920694444,,,,,,,,-620.4
1256,6.88,0.27,98.9,680.4,26.7,0,70,,0.945,,,,,,,,-653.7
1257,6.64,0.5,98.9,656.7,49.5,0,67,,0.912083333,,,,,,,,-607.2
1258,6.6,0.52,98.9,652.7,51.4,0,65,,0.906527778,,,,,,,,-601.3
1259,6.64,0.5,98.8,656,49.4,0,64,,0.911111111,,,,,,,,-606.6
1260,6.58,0.56,98.8,650.1,55.3,0,64,,0.902916667,,,,,,,,-594.8
1261,6.62,0.59,98.8,654.1,58.3,0,64,,0.908472222,,,,,,,,-595.8
1262,6.42,0.67,98.8,634.3,66.2,0,64,,0.880972222,,,,,,,,-568.1
1263,6.49,0.68,98.8,641.2,67.2,0,65,,0.890555556,,,,,,,,-574
1264,6.7,0.48,98.9,662.6,47.5,0,65,,0.920277778,,,,,,,,-615.1
1265,2.37,4.05,98.3,233,398.1,0,66,,0.323611111,,,,,,,,165.1
1266,6.5,0.62,98.7,641.6,61.2,0,67,,0.891111111,,,,,,,,-580.4
1267,6.52,0.62,98.8,644.2,61.3,0,67,,0.894722222,,,,,,,,-582.9
1268,6.47,0.69,98.8,639.2,68.2,0,68,,0.887777778,,,,,,,,-571
1269,5.59,1.41,98.6,551.2,139,0,68,,0.765555556,,,,,,,,-412.2
1270,6.53,0.61,98.7,644.5,60.2,0,68,,0.895138889,,,,,,,,-584.3
1271,6.67,0.5,98.8,659,49.4,0,69,,0.915277778,,,,,,,,-609.6
1272,6.72,0.45,98.8,663.9,44.5,0,68,,0.922083333,,,,,,,,-619.4
1273,6.49,0.64,98.8,641.2,63.2,0,67,,0.890555556,,,,,,,,-578
1274,6.31,-5.57,99.7,629.1,-555.3,0,64,,0.87375,,,,,,,,-1184.4
1275,6.5,0.66,98.9,642.9,65.3,0,61,,0.892916667,,,,,,,,-577.6
1276,6.5,0.68,98.9,642.9,67.3,0,62,,0.892916667,,,,,,,,-575.6
1277,6.46,0.7,98.9,638.9,69.2,0,62,,0.887361111,,,,,,,,-569.7
1278,6.48,0.64,98.8,640.2,63.2,0,63,,0.889166667,,,,,,,,-577
1279,6.14,1.01,98.7,606,99.7,0,63,,0.841666667,,,,,,,,-506.3
1280,6,1.12,98.7,592.2,110.5,0,64,,0.8225,,,,,,,,-481.7
1281,3.72,2.98,98.4,366,293.2,0,65,,0.508333333,,,,,,,,-72.8
1282,6.16,0.92,98.7,608,90.8,0,65,,0.844444444,,,,,,,,-517.2
1283,5.68,1.39,98.6,560,137.1,0,66,,0.777777778,,,,,,,,-422.9
1284,5.87,1.22,98.7,579.4,120.4,0,66,,0.804722222,,,,,,,,-459
1285,6.06,1.06,98.7,598.1,104.6,0,66,,0.830694444,,,,,,,,-493.5
1286,6.25,0.87,98.7,616.9,85.9,0,65,,0.856805556,,,,,,,,-531
1287,6.3,0.79,98.7,621.8,78,0,63,,0.863611111,,,,,,,,-543.8
1288,6.33,0.76,98.7,624.8,75,0,62,,0.867777778,,,,,,,,-549.8
1289,6.36,0.7,98.7,627.7,69.1,0,60,,0.871805556,,,,,,,,-558.6
1290,6.4,0.76,98.7,631.7,75,0,59,,0.877361111,,,,,,,,-556.7
1291,6.41,0.76,98.8,633.3,75.1,0,58,,0.879583333,,,,,,,,-558.2
1292,6.72,0.46,98.8,663.9,45.4,0,57,,0.922083333,,,,,,,,-618.5
1293,6.79,0.4,98.9,671.5,39.6,0,57,,0.932638889,,,,,,,,-631.9
1294,6.78,0.43,98.9,670.5,42.5,0,57,,0.93125,,,,,,,,-628
1295,6.78,0.45,98.8,669.9,44.5,0,58,,0.930416667,,,,,,,,-625.4
1296,6.68,0.48,98.7,659.3,47.4,0,60,,0.915694444,,,,,,,,-611.9
1297,6.67,0.58,98.8,659,57.3,0,62,,0.915277778,,,,,,,,-601.7
1298,6.72,0.38,98.9,664.6,37.6,0,64,,0.923055556,,,,,,,,-627
1299,6.74,0.45,98.8,665.9,44.5,0,66,,0.924861111,,,,,,,,-621.4
1300,6.74,0.44,98.9,666.6,43.5,0,67,,0.925833333,,,,,,,,-623.1
1301,6.78,0.43,98.8,669.9,42.5,0,68,,0.930416667,,,,,,,,-627.4
1302,6.82,0.39,98.8,673.8,38.5,0,69,,0.935833333,,,,,,,,-635.3
1303,6.54,0.61,98.8,646.2,60.3,0,69,,0.8975,,,,,,,,-585.9
1304,6.71,0.45,98.9,663.6,44.5,0,70,,0.921666667,,,,,,,,-619.1
1305,6.73,0.47,98.8,664.9,46.4,0,70,,0.923472222,,,,,,,,-618.5
1306,6.8,0.4,98.9,672.5,39.6,0,70,,0.934027778,,,,,,,,-632.9
1307,6.92,0.29,98.9,684.4,28.7,0,71,,0.950555556,,,,,,,,-655.7
1308,6.79,0.4,98.9,671.5,39.6,0,71,,0.932638889,,,,,,,,-631.9
1309,6.82,0.41,98.8,673.8,40.5,0,71,,0.935833333,,,,,,,,-633.3
1310,6.73,-5.97,99.8,671.7,-595.8,0,70,,0.932916667,,,,,,,,-1267.5
1311,6.18,-5.46,99.7,616.1,-544.4,0,66,,0.855694444,,,,,,,,-1160.5
1312,6.78,-0.52,99,671.2,-51.5,0,64,,0.932222222,,,,,,,,-722.7
1313,4.25,1.63,98.7,419.5,160.9,0,64,,0.582638889,,,,,,,,-258.6
1314,5.08,0.92,98.8,501.9,90.9,0,65,,0.697083333,,,,,,,,-411
1315,6.85,-0.62,99,678.2,-61.4,0,66,,0.941944444,,,,,,,,-739.6
1316,3.22,2.43,98.5,317.2,239.4,0,67,,0.440555556,,,,,,,,-77.8
1317,6.35,-0.1,98.9,628,-9.9,0,67,,0.872222222,,,,,,,,-637.9
1318,4.67,1.22,98.7,460.9,120.4,0,67,,0.640138889,,,,,,,,-340.5
1319,0.97,2.58,98.5,95.5,254.1,0,66,,0.132638889,,,,,,,,158.6
1320,6.42,-2.99,99.3,637.5,-296.9,0,65,,0.885416667,,,,,,,,-934.4
1321,6.59,-5.85,99.8,657.7,-583.8,0,63,,0.913472222,,,,,,,,-1241.5
1322,4.84,-4.21,99.6,482.1,-419.3,0,60,,0.669583333,,,,,,,,-901.4
1323,6.57,2.96,98.4,646.5,291.3,0,58,,0.897916667,,,,,,,,-355.2
1324,3.16,6.4,97.9,309.4,626.6,0,59,,0.429722222,,,,,,,,317.2
1325,6.72,3.43,98.3,660.6,337.2,0,60,,0.9175,,,,,,,,-323.4
1326,6.54,2.27,98.5,644.2,223.6,0,62,,0.894722222,,,,,,,,-420.6
1327,6.44,-5.71,99.8,642.7,-569.9,0,60,,0.892638889,,,,,,,,-1212.6
1328,6.58,-5.82,99.8,656.7,-580.8,0,57,,0.912083333,,,,,,,,-1237.5
1329,6.68,-5.92,99.9,667.3,-591.4,0,56,,0.926805556,,,,,,,,-1258.7
1330,6.56,-5.81,99.9,655.3,-580.4,0,54,,0.910138889,,,,,,,,-1235.7
1331,2.62,3.93,98.3,257.5,386.3,0,54,,0.357638889,,,,,,,,128.8
1332,6.6,0.29,98.9,652.7,28.7,0,56,,0.906527778,,,,,,,,-624
1333,6.53,-1.46,99.2,647.8,-144.8,0,56,,0.899722222,,,,,,,,-792.6
1334,6.04,-0.99,99.1,598.6,-98.1,0,57,,0.831388889,,,,,,,,-696.7
1335,3.68,1,98.8,363.6,98.8,0,57,,0.505,,,,,,,,-264.8
1336,1.75,2.71,98.5,172.4,266.9,0,57,,0.239444444,,,,,,,,94.5
1337,4.31,0.46,98.8,425.8,45.4,0,58,,0.591388889,,,,,,,,-380.4
1338,3.57,1.12,98.7,352.4,110.5,0,59,,0.489444444,,,,,,,,-241.9
1339,0.72,3.57,98.3,70.8,350.9,0,59,,0.098333333,,,,,,,,280.1
1340,4.31,0.5,98.8,425.8,49.4,0,59,,0.591388889,,,,,,,,-376.4
1341,5.49,-0.52,99,543.5,-51.5,0,59,,0.754861111,,,,,,,,-595
1342,4.9,0,98.9,484.6,0,0,59,,0.673055556,,,,,,,,-484.6
1343,6.75,-1.59,99.2,669.6,-157.7,0,59,,0.93,,,,,,,,-827.3
1344,0.56,1.69,98.7,55.3,166.8,0,60,,0.076805556,,,,,,,,111.5
1345,6.75,-3.29,99.4,671,-327,0,59,,0.931944444,,,,,,,,-998
1346,6.85,-1.63,99.2,679.5,-161.7,0,60,,0.94375,,,,,,,,-841.2
1347,6.87,-1.63,99.2,681.5,-161.7,0,61,,0.946527778,,,,,,,,-843.2
1348,6.81,-1.65,99.2,675.6,-163.7,0,61,,0.938333333,,,,,,,,-839.3
1349,6.76,-6,99.8,674.6,-598.8,0,60,,0.936944444,,,,,,,,-1273.4
1350,6.64,-5.86,100,664,-586,0,59,,0.922222222,,,,,,,,-1250
1351,6.91,-1.05,99.2,685.5,-104.2,0,58,,0.952083333,,,,,,,,-789.7
1352,6.93,1.39,98.8,684.7,137.3,0,60,,0.950972222,,,,,,,,-547.4
1353,6.87,1.38,98.8,678.8,136.3,0,61,,0.942777778,,,,,,,,-542.5
1354,6.76,1.54,98.7,667.2,152,0,62,,0.926666667,,,,,,,,-515.2
1355,6,2.1,98.6,591.6,207.1,0,63,,0.821666667,,,,,,,,-384.5
1356,6.64,1.57,98.7,655.4,155,0,64,,0.910277778,,,,,,,,-500.4
1357,6.69,1.57,98.6,659.6,154.8,0,65,,0.916111111,,,,,,,,-504.8
1358,6.61,1.6,98.6,651.7,157.8,0,66,,0.905138889,,,,,,,,-493.9
1359,6.58,1.69,98.6,648.8,166.6,0,67,,0.901111111,,,,,,,,-482.2
1360,6.56,1.03,98.7,647.5,101.7,0,67,,0.899305556,,,,,,,,-545.8
1361,6.4,-5.66,99.8,638.7,-564.9,0,66,,0.887083333,,,,,,,,-1203.6
1362,6.29,-5.56,99.8,627.7,-554.9,0,64,,0.871805556,,,,,,,,-1182.6
1363,6.43,-5.69,99.8,641.7,-567.9,0,63,,0.89125,,,,,,,,-1209.6
1364,6.26,-5.54,99.8,624.7,-552.9,0,61,,0.867638889,,,,,,,,-1177.6
1365,6.47,-5.72,100,647,-572,0,59,,0.898611111,,,,,,,,-1219
1366,6.62,-5.87,100,662,-587,0,58,,0.919444444,,,,,,,,-1249
1367,6.53,-5.79,100,653,-579,0,57,,0.906944444,,,,,,,,-1232
1368,6.62,-5.88,100,662,-588,0,56,,0.919444444,,,,,,,,-1250
1369,6.55,-5.8,100,655,-580,0,54,,0.909722222,,,,,,,,-1235
1370,4.7,0.77,99,465.3,76.2,0,53,,0.64625,,,,,,,,-389.1
1371,6.83,2.48,98.6,673.4,244.5,0,56,,0.935277778,,,,,,,,-428.9
1372,6.82,3.45,98.5,671.8,339.8,0,58,,0.933055556,,,,,,,,-332
1373,6.61,0.71,98.9,653.7,70.2,0,60,,0.907916667,,,,,,,,-583.5
1374,6.42,-5.69,100,642,-569,0,59,,0.891666667,,,,,,,,-1211
1375,6.52,-5.78,100,652,-578,0,57,,0.905555556,,,,,,,,-1230
1376,6.44,-5.7,100,644,-570,0,55,,0.894444444,,,,,,,,-1214
1377,6.42,-5.68,100,642,-568,0,53,,0.891666667,,,,,,,,-1210
1378,6.53,-5.8,100,653,-580,0,52,,0.906944444,,,,,,,,-1233
1379,6.5,0.56,99,643.5,55.4,0,51,,0.89375,,,,,,,,-588.1
1380,5.96,5.08,98.3,585.9,499.4,0,54,,0.81375,,,,,,,,-86.5
1381,6.77,4.42,98.3,665.5,434.5,0,57,,0.924305556,,,,,,,,-231
1382,5.94,5.07,98.2,583.3,497.9,0,59,,0.810138889,,,,,,,,-85.4
1383,6.54,4.59,98.3,642.9,451.2,0,61,,0.892916667,,,,,,,,-191.7
1384,6.12,3.72,98.4,602.2,366,0,63,,0.836388889,,,,,,,,-236.2
1385,6.52,-2.96,99.4,648.1,-294.2,0,62,,0.900138889,,,,,,,,-942.3
1386,6.52,-3.22,99.5,648.7,-320.4,0,61,,0.900972222,,,,,,,,-969.1
1387,4.86,-1.72,99.3,482.6,-170.8,0,60,,0.670277778,,,,,,,,-653.4
1388,6.67,-2.41,99.4,663,-239.6,0,59,,0.920833333,,,,,,,,-902.6
1389,6.75,1.15,98.9,667.6,113.7,0,59,,0.927222222,,,,,,,,-553.9
1390,6.72,3.49,98.5,661.9,343.8,0,60,,0.919305556,,,,,,,,-318.1
1391,6.82,3.38,98.4,671.1,332.6,0,62,,0.932083333,,,,,,,,-338.5
1392,6.92,3.3,98.4,680.9,324.7,0,64,,0.945694444,,,,,,,,-356.2
1393,5.82,4.19,98.2,571.5,411.5,0,65,,0.79375,,,,,,,,-160
1394,6.67,3.49,98.3,655.7,343.1,0,67,,0.910694444,,,,,,,,-312.6
1395,6.65,-5.89,99.8,663.7,-587.8,0,67,,0.921805556,,,,,,,,-1251.5
1396,6.73,-5.98,99.9,672.3,-597.4,0,64,,0.93375,,,,,,,,-1269.7
1397,6.5,-5.75,99.9,649.4,-574.4,0,62,,0.901944444,,,,,,,,-1223.8
1398,6.6,-5.85,100,660,-585,0,61,,0.916666667,,,,,,,,-1245
1399,6.25,-5.52,99.9,624.4,-551.4,0,58,,0.867222222,,,,,,,,-1175.8
1400,6.56,-0.24,99.1,650.1,-23.8,0,57,,0.902916667,,,,,,,,-673.9
1401,6.65,1.66,98.8,657,164,0,57,,0.9125,,,,,,,,-493
1402,6.74,5.35,98.1,661.2,524.8,0,58,,0.918333333,,,,,,,,-136.4
1403,6.79,6.31,98,665.4,618.4,0,61,,0.924166667,,,,,,,,-47
1404,6.82,6.31,98,668.4,618.4,0,63,,0.928333333,,,,,,,,-50
1405,5.22,5.59,98,511.6,547.8,0,65,,0.710555556,,,,,,,,36.2
1406,6.83,4.27,98.3,671.4,419.7,0,67,,0.9325,,,,,,,,-251.7
1407,6.86,4.22,98.2,673.7,414.4,0,68,,0.935694444,,,,,,,,-259.3
1408,2.53,7.88,97.6,246.9,769.1,0,70,,0.342916667,,,,,,,,522.2
1409,6.79,3.3,98.3,667.5,324.4,0,71,,0.927083333,,,,,,,,-343.1
1410,6.85,1.35,98.6,675.4,133.1,0,71,,0.938055556,,,,,,,,-542.3
1411,6.8,0.39,98.8,671.8,38.5,0,71,,0.933055556,,,,,,,,-633.3
1412,6.76,-0.54,98.9,668.6,-53.4,0,70,,0.928611111,,,,,,,,-722
1413,3.73,2.03,98.5,367.4,200,0,70,,0.510277778,,,,,,,,-167.4
1414,6.78,0.46,98.9,670.5,45.5,0,70,,0.93125,,,,,,,,-625
1415,6.74,0.48,98.9,666.6,47.5,0,69,,0.925833333,,,,,,,,-619.1
1416,6.74,0.47,98.9,666.6,46.5,0,69,,0.925833333,,,,,,,,-620.1
1417,6.74,0.51,98.9,666.6,50.4,0,69,,0.925833333,,,,,,,,-616.2
1418,6.76,0.5,98.8,667.9,49.4,0,68,,0.927638889,,,,,,,,-618.5
1419,6.77,0.48,98.8,668.9,47.4,0,68,,0.929027778,,,,,,,,-621.5
1420,6.74,0.51,98.8,665.9,50.4,0,68,,0.924861111,,,,,,,,-615.5
1421,6.74,0.51,98.8,665.9,50.4,0,68,,0.924861111,,,,,,,,-615.5
1422,6.68,0.52,98.9,660.7,51.4,0,68,,0.917638889,,,,,,,,-609.3
1423,6.74,0.51,98.9,666.6,50.4,0,67,,0.925833333,,,,,,,,-616.2
1424,6.76,0.47,98.9,668.6,46.5,0,67,,0.928611111,,,,,,,,-622.1
1425,6.78,0.47,98.9,670.5,46.5,0,67,,0.93125,,,,,,,,-624
1426,6.73,0.43,98.9,665.6,42.5,0,67,,0.924444444,,,,,,,,-623.1
1427,6.7,0.55,98.9,662.6,54.4,0,67,,0.920277778,,,,,,,,-608.2
1428,6.76,0.54,98.9,668.6,53.4,0,67,,0.928611111,,,,,,,,-615.2
1429,6.72,0.5,98.8,663.9,49.4,0,66,,0.922083333,,,,,,,,-614.5
1430,6.77,0.43,98.9,669.6,42.5,0,66,,0.93,,,,,,,,-627.1
1431,6.69,0.53,98.9,661.6,52.4,0,66,,0.918888889,,,,,,,,-609.2
1432,6.8,0.43,98.9,672.5,42.5,0,66,,0.934027778,,,,,,,,-630
1433,6.99,0.28,98.9,691.3,27.7,0,65,,0.960138889,,,,,,,,-663.6
1434,6.8,0.41,98.9,672.5,40.5,0,65,,0.934027778,,,,,,,,-632
1435,6.94,0.4,98.8,685.7,39.5,0,64,,0.952361111,,,,,,,,-646.2
1436,6.9,0.35,98.9,682.4,34.6,0,64,,0.947777778,,,,,,,,-647.8
1437,6.98,0.29,98.9,690.3,28.7,0,64,,0.95875,,,,,,,,-661.6
1438,6.88,0.39,98.9,680.4,38.6,0,64,,0.945,,,,,,,,-641.8
1439,7,0.26,98.9,692.3,25.7,0,64,,0.961527778,,,,,,,,-666.6
1440,7.01,0.3,98.9,693.3,29.7,0,62,,0.962916667,,,,,,,,-663.6
1441,6.92,0.3,98.9,684.4,29.7,0,61,,0.950555556,,,,,,,,-654.7
1442,6.99,0.28,98.9,691.3,27.7,0,60,,0.960138889,,,,,,,,-663.6
1443,6.89,0.32,98.9,681.4,31.6,0,59,,0.946388889,,,,,,,,-649.8
1444,6.89,0.41,98.9,681.4,40.5,0,60,,0.946388889,,,,,,,,-640.9
1445,7.06,0.97,98.7,696.8,95.7,0,60,,0.967777778,,,,,,,,-601.1
1446,7.07,2.2,98.6,697.1,216.9,0,61,,0.968194444,,,,,,,,-480.2
1447,7.09,2.23,98.6,699.1,219.9,0,61,,0.970972222,,,,,,,,-479.2
1448,7.11,2.1,98.6,701,207.1,0,62,,0.973611111,,,,,,,,-493.9
1449,7.07,2.28,98.5,696.4,224.6,0,62,,0.967222222,,,,,,,,-471.8
1450,7.08,2.19,98.5,697.4,215.7,0,62,,0.968611111,,,,,,,,-481.7
1451,7.1,2.19,98.5,699.4,215.7,0,61,,0.971388889,,,,,,,,-483.7
1452,6.91,2.34,98.5,680.6,230.5,0,59,,0.945277778,,,,,,,,-450.1
1453,6.78,2.44,98.4,667.2,240.1,0,58,,0.926666667,,,,,,,,-427.1
1454,6.57,2.6,98.3,645.8,255.6,0,58,,0.896944444,,,,,,,,-390.2
1455,6.55,2.63,98.4,644.5,258.8,0,58,,0.895138889,,,,,,,,-385.7
1456,6.48,2.72,98.4,637.6,267.6,0,59,,0.885555556,,,,,,,,-370
1457,6.4,2.74,98.3,629.1,269.3,0,61,,0.87375,,,,,,,,-359.8
1458,6.43,2.81,98.3,632.1,276.2,0,63,,0.877916667,,,,,,,,-355.9
1459,6.63,2.63,98.3,651.7,258.5,0,65,,0.905138889,,,,,,,,-393.2
1460,6.79,2.43,98.4,668.1,239.1,0,68,,0.927916667,,,,,,,,-429
1461,6.76,2.44,98.4,665.2,240.1,0,70,,0.923888889,,,,,,,,-425.1
1462,6.79,2.43,98.3,667.5,238.9,0,72,,0.927083333,,,,,,,,-428.6
1463,6.83,2.42,98.4,672.1,238.1,0,73,,0.933472222,,,,,,,,-434
1464,6.72,2.51,98.3,660.6,246.7,0,74,,0.9175,,,,,,,,-413.9
1465,6.75,2.51,98.3,663.5,246.7,0,74,,0.921527778,,,,,,,,-416.8
1466,6.83,2.42,98.4,672.1,238.1,0,74,,0.933472222,,,,,,,,-434
1467,7.02,2.27,98.4,690.8,223.4,0,73,,0.959444444,,,,,,,,-467.4
1468,6.97,2.32,98.4,685.8,228.3,0,73,,0.9525,,,,,,,,-457.5
1469,6.86,2.39,98.4,675,235.2,0,73,,0.9375,,,,,,,,-439.8
1470,6.92,2.35,98.3,680.2,231,0,73,,0.944722222,,,,,,,,-449.2
1471,6.96,2.29,98.4,684.9,225.3,0,73,,0.95125,,,,,,,,-459.6
1472,6.96,2.27,98.4,684.9,223.4,0,72,,0.95125,,,,,,,,-461.5
1473,6.91,-0.1,98.8,682.7,-9.9,0,71,,0.948194444,,,,,,,,-692.6
1474,6.86,-0.63,98.9,678.5,-62.3,0,69,,0.942361111,,,,,,,,-740.8
1475,6.64,-0.46,98.9,656.7,-45.5,0,67,,0.912083333,,,,,,,,-702.2
1476,6.7,2.06,98.5,660,202.9,0,65,,0.916666667,,,,,,,,-457.1
1477,6.53,2.66,98.3,641.9,261.5,0,63,,0.891527778,,,,,,,,-380.4
1478,6.59,2.6,98.3,647.8,255.6,0,60,,0.899722222,,,,,,,,-392.2
1479,6.45,4.59,98,632.1,449.8,0,57,,0.877916667,,,,,,,,-182.3
1480,6.58,5.51,97.8,643.5,538.9,0,56,,0.89375,,,,,,,,-104.6
1481,6.59,5.53,97.8,644.5,540.8,0,57,,0.895138889,,,,,,,,-103.7
1482,6.55,5.52,97.8,640.6,539.9,0,57,,0.889722222,,,,,,,,-100.7
1483,6.63,5.45,97.7,647.8,532.5,0,58,,0.899722222,,,,,,,,-115.3
1484,6.6,2.13,98.3,648.8,209.4,0,60,,0.901111111,,,,,,,,-439.4
1485,6.41,-5.68,99.6,638.4,-565.7,0,55,,0.886666667,,,,,,,,-1204.1
1486,6.55,-5.81,99.6,652.4,-578.7,0,52,,0.906111111,,,,,,,,-1231.1
1487,6.69,-1.21,99,662.3,-119.8,0,52,,0.919861111,,,,,,,,-782.1
1488,6.39,0.06,98.9,632,5.9,0,53,,0.877777778,,,,,,,,-626.1
1489,6.77,0.73,98.7,668.2,72.1,0,55,,0.928055556,,,,,,,,-596.1
1490,6.63,0.83,98.7,654.4,81.9,0,57,,0.908888889,,,,,,,,-572.5
1491,6.61,0.83,98.6,651.7,81.8,0,59,,0.905138889,,,,,,,,-569.9
1492,6.77,1.68,98.6,667.5,165.6,0,60,,0.927083333,,,,,,,,-501.9
1493,6.73,2.68,98.3,661.6,263.4,0,63,,0.918888889,,,,,,,,-398.2
1494,6.39,4.49,98,626.2,440,0,65,,0.869722222,,,,,,,,-186.2
1495,6.42,4.75,98,629.2,465.5,0,67,,0.873888889,,,,,,,,-163.7
1496,6.51,4.71,98,638,461.6,0,69,,0.886111111,,,,,,,,-176.4
1497,6.7,4.49,98,656.6,440,0,70,,0.911944444,,,,,,,,-216.6
1498,6.78,4.46,98,664.4,437.1,0,72,,0.922777778,,,,,,,,-227.3
1499,6.72,4.53,98,658.6,443.9,0,73,,0.914722222,,,,,,,,-214.7
1500,6.79,3.71,98,665.4,363.6,0,74,,0.924166667,,,,,,,,-301.8
1501,6.69,3.02,98.2,657,296.6,0,76,,0.9125,,,,,,,,-360.4
1502,6.79,2.09,98.3,667.5,205.4,0,77,,0.927083333,,,,,,,,-462.1
1503,6.72,1.25,98.4,661.2,123,0,78,,0.918333333,,,,,,,,-538.2
1504,6.93,0.27,98.6,683.3,26.6,0,79,,0.949027778,,,,,,,,-656.7
1505,7.12,0.72,98.5,701.3,70.9,0,79,,0.974027778,,,,,,,,-630.4
1506,7.06,0.87,98.6,696.1,85.8,0,78,,0.966805556,,,,,,,,-610.3
1507,7.13,1.14,98.5,702.3,112.3,0,77,,0.975416667,,,,,,,,-590
1508,7.23,1.46,98.5,712.2,143.8,0,77,,0.989166667,,,,,,,,-568.4
1509,7.25,1.17,98.5,714.1,115.2,0,77,,0.991805556,,,,,,,,-598.9
1510,7.14,-0.11,98.7,704.7,-10.9,0,77,,0.97875,,,,,,,,-715.6
1511,7.08,0.01,98.7,698.8,1,0,78,,0.970555556,,,,,,,,-697.8
1512,7.23,0.07,98.7,713.6,6.9,0,77,,0.991111111,,,,,,,,-706.7
1513,7.23,0.06,98.7,713.6,5.9,0,76,,0.991111111,,,,,,,,-707.7
1514,5.17,1.93,98.4,508.7,189.9,0,75,,0.706527778,,,,,,,,-318.8
1515,5.37,1.76,98.4,528.4,173.2,0,75,,0.733888889,,,,,,,,-355.2
1516,7.5,-0.06,98.7,740.3,-5.9,0,74,,1.028194444,,,,,,,,-746.2
1517,7.44,0,98.7,734.3,0,0,71,,1.019861111,,,,,,,,-734.3
1518,7.3,0.13,98.7,720.5,12.8,0,69,,1.000694444,,,,,,,,-707.7
1519,7.28,0.15,98.7,718.5,14.8,0,68,,0.997916667,,,,,,,,-703.7
1520,7.35,0.05,98.7,725.4,4.9,0,67,,1.0075,,,,,,,,-720.5
1521,7.25,0.18,98.7,715.6,17.8,0,67,,0.993888889,,,,,,,,-697.8
1522,6.91,0.45,98.6,681.3,44.4,0,67,,0.94625,,,,,,,,-636.9
1523,6.82,0.5,98.7,673.1,49.4,0,67,,0.934861111,,,,,,,,-623.7
1524,6.9,0.44,98.7,681,43.4,0,67,,0.945833333,,,,,,,,-637.6
1525,7.02,0.34,98.7,692.9,33.6,0,67,,0.962361111,,,,,,,,-659.3
1526,7.04,0.3,98.7,694.8,29.6,0,66,,0.965,,,,,,,,-665.2
1527,5.09,1.95,98.4,500.9,191.9,0,63,,0.695694444,,,,,,,,-309
1528,7.03,1.6,98.5,692.5,157.6,0,59,,0.961805556,,,,,,,,-534.9
1529,7.08,2.32,98.3,696,228.1,0,57,,0.966666667,,,,,,,,-467.9
1530,7.17,3.06,98.2,704.1,300.5,0,56,,0.977916667,,,,,,,,-403.6
1531,7.25,3.07,98.3,712.7,301.8,0,56,,0.989861111,,,,,,,,-410.9
1532,7.49,3.85,98.1,734.8,377.7,0,56,,1.020555556,,,,,,,,-357.1
1533,7.52,3.72,98.1,737.7,364.9,0,57,,1.024583333,,,,,,,,-372.8
1534,7.49,3.73,98,734,365.5,0,59,,1.019444444,,,,,,,,-368.5
1535,7.52,2.76,98.3,739.2,271.3,0,61,,1.026666667,,,,,,,,-467.9
1536,7.44,2.81,98.2,730.6,275.9,0,63,,1.014722222,,,,,,,,-454.7
1537,7.38,2.83,98.2,724.7,277.9,0,66,,1.006527778,,,,,,,,-446.8
1538,7.41,2.8,98.2,727.7,275,0,69,,1.010694444,,,,,,,,-452.7
1539,7.49,2.76,98.2,735.5,271,0,72,,1.021527778,,,,,,,,-464.5
1540,7.52,2.82,98.1,737.7,276.6,0,73,,1.024583333,,,,,,,,-461.1
1541,7.69,2.6,98.2,755.2,255.3,0,71,,1.048888889,,,,,,,,-499.9
1542,7.54,2.71,98.2,740.4,266.1,0,70,,1.028333333,,,,,,,,-474.3
1543,7.71,2.59,98.3,757.9,254.6,0,69,,1.052638889,,,,,,,,-503.3
1544,7.57,2.72,98.2,743.4,267.1,0,66,,1.0325,,,,,,,,-476.3
1545,7.77,2.54,98.2,763,249.4,0,64,,1.059722222,,,,,,,,-513.6
1546,7.67,2.7,98.1,752.4,264.9,0,63,,1.045,,,,,,,,-487.5
1547,7.54,2.83,98.1,739.7,277.6,0,62,,1.027361111,,,,,,,,-462.1
1548,7.63,2.68,98.1,748.5,262.9,0,62,,1.039583333,,,,,,,,-485.6
1549,7.6,2.68,98.1,745.6,262.9,0,62,,1.035555556,,,,,,,,-482.7
1550,7.31,-0.83,98.7,721.5,-81.9,0,63,,1.002083333,,,,,,,,-803.4
1551,6.96,-6.13,99.5,692.5,-609.9,0,61,,0.961805556,,,,,,,,-1302.4
1552,7.24,-6.42,99.6,721.1,-639.4,0,60,,1.001527778,,,,,,,,-1360.5
1553,7.35,-6.55,99.8,733.5,-653.7,0,59,,1.01875,,,,,,,,-1387.2
1554,7.24,-6.45,99.8,722.6,-643.7,0,58,,1.003611111,,,,,,,,-1366.3
1555,7.1,-6.33,99.8,708.6,-631.7,0,58,,0.984166667,,,,,,,,-1340.3
1556,7.25,-6.46,99.8,723.6,-644.7,0,58,,1.005,,,,,,,,-1368.3
1557,7.2,-6.41,99.8,718.6,-639.7,0,57,,0.998055556,,,,,,,,-1358.3
1558,7.17,-6.37,99.8,715.6,-635.7,0,57,,0.993888889,,,,,,,,-1351.3
1559,7.27,-6.44,99.8,725.5,-642.7,0,57,,1.007638889,,,,,,,,-1368.2
1560,7.25,3.05,98.4,713.4,300.1,0,60,,0.990833333,,,,,,,,-413.3
1561,7.35,4.93,98,720.3,483.1,0,63,,1.000416667,,,,,,,,-237.2
1562,7.28,4.94,98,713.4,484.1,0,66,,0.990833333,,,,,,,,-229.3
1563,7.39,4.87,98,724.2,477.3,0,68,,1.005833333,,,,,,,,-246.9
1564,7.26,4.98,98,711.5,488,0,69,,0.988194444,,,,,,,,-223.5
1565,5.87,6.2,97.7,573.5,605.7,0,70,,0.796527778,,,,,,,,32.2
1566,7.28,2,98.3,715.6,196.6,0,71,,0.993888889,,,,,,,,-519
1567,6.03,4.04,98,590.9,395.9,0,71,,0.820694444,,,,,,,,-195
1568,7.52,2.79,98.3,739.2,274.3,0,71,,1.026666667,,,,,,,,-464.9
1569,3.61,6.07,97.7,352.7,593,0,72,,0.489861111,,,,,,,,240.3
1570,7.11,3.12,98.1,697.5,306.1,0,71,,0.96875,,,,,,,,-391.4
1571,7.16,3.09,98.1,702.4,303.1,0,71,,0.975555556,,,,,,,,-399.3
1572,7.35,2.96,98.2,721.8,290.7,0,73,,1.0025,,,,,,,,-431.1
1573,7.01,3.24,98.1,687.7,317.8,0,73,,0.955138889,,,,,,,,-369.9
1574,7.42,2.88,98.1,727.9,282.5,0,71,,1.010972222,,,,,,,,-445.4
1575,7.24,3.02,98.1,710.2,296.3,0,69,,0.986388889,,,,,,,,-413.9
1576,7.39,2.89,98.1,725,283.5,0,68,,1.006944444,,,,,,,,-441.5
1577,7.47,2,98.2,733.6,196.4,0,70,,1.018888889,,,,,,,,-537.2
1578,7.52,2.82,98.1,737.7,276.6,0,72,,1.024583333,,,,,,,,-461.1
1579,7.57,2.9,98.1,742.6,284.5,0,74,,1.031388889,,,,,,,,-458.1
1580,7.51,2.77,98.1,736.7,271.7,0,75,,1.023194444,,,,,,,,-465
1581,7.47,3.02,98.1,732.8,296.3,0,74,,1.017777778,,,,,,,,-436.5
1582,7.5,2.73,98.1,735.8,267.8,0,74,,1.021944444,,,,,,,,-468
1583,7.5,2.94,98.1,735.8,288.4,0,74,,1.021944444,,,,,,,,-447.4
1584,7.49,2.8,98.1,734.8,274.7,0,74,,1.020555556,,,,,,,,-460.1
1585,7.54,2.88,98.1,739.7,282.5,0,75,,1.027361111,,,,,,,,-457.2
1586,7.46,1.85,98.2,732.6,181.7,0,74,,1.0175,,,,,,,,-550.9
1587,7.56,1.83,98.3,743.1,179.9,0,74,,1.032083333,,,,,,,,-563.2
1588,7.52,1.88,98.2,738.5,184.6,0,74,,1.025694444,,,,,,,,-553.9
1589,7.52,1.9,98.3,739.2,186.8,0,75,,1.026666667,,,,,,,,-552.4
1590,7.47,1.94,98.2,733.6,190.5,0,75,,1.018888889,,,,,,,,-543.1
1591,7.43,1.95,98.2,729.6,191.5,0,74,,1.013333333,,,,,,,,-538.1
1592,7.64,1.8,98.2,750.2,176.8,0,74,,1.041944444,,,,,,,,-573.4
1593,7.69,1.77,98.3,755.9,174,0,73,,1.049861111,,,,,,,,-581.9
1594,7.7,1.69,98.3,756.9,166.1,0,72,,1.05125,,,,,,,,-590.8
1595,7.51,1.87,98.3,738.2,183.8,0,70,,1.025277778,,,,,,,,-554.4
1596,7.32,2,98.3,719.6,196.6,0,69,,0.999444444,,,,,,,,-523
1597,7.28,2.05,98.3,715.6,201.5,0,69,,0.993888889,,,,,,,,-514.1
1598,7.18,2.14,98.2,705.1,210.1,0,69,,0.979305556,,,,,,,,-495
1599,7.06,2.27,98.2,693.3,222.9,0,68,,0.962916667,,,,,,,,-470.4
1600,7.08,2.21,98.2,695.3,217,0,68,,0.965694444,,,,,,,,-478.3
1601,7.21,2.11,98.3,708.7,207.4,0,67,,0.984305556,,,,,,,,-501.3
1602,7.13,2.17,98.2,700.2,213.1,0,66,,0.9725,,,,,,,,-487.1
1603,7,2.36,98.2,687.4,231.8,0,65,,0.954722222,,,,,,,,-455.6
1604,6.88,2.38,98.1,674.9,233.5,0,64,,0.937361111,,,,,,,,-441.4
1605,6.81,2.47,98.1,668.1,242.3,0,62,,0.927916667,,,,,,,,-425.8
1606,6.67,2.57,98.1,654.3,252.1,0,61,,0.90875,,,,,,,,-402.2
1607,6.88,2.37,98.1,674.9,232.5,0,60,,0.937361111,,,,,,,,-442.4
1608,7.22,2.07,98.2,709,203.3,0,59,,0.984722222,,,,,,,,-505.7
1609,7.47,3.92,97.9,731.3,383.8,0,60,,1.015694444,,,,,,,,-347.5
1610,7.69,4.7,97.7,751.3,459.2,0,61,,1.043472222,,,,,,,,-292.1
1611,2.61,9.09,97,253.2,881.7,0,62,,0.351666667,,,,,,,,628.5
1612,7.58,4.79,97.7,740.6,468,0,62,,1.028611111,,,,,,,,-272.6
1613,7.54,4.81,97.7,736.7,469.9,0,61,,1.023194444,,,,,,,,-266.8
1614,7.51,5.8,97.5,732.2,565.5,0,60,,1.016944444,,,,,,,,-166.7
1615,7.5,5.78,97.4,730.5,563,0,59,,1.014583333,,,,,,,,-167.5
1616,7.59,5.68,97.4,739.3,553.2,0,58,,1.026805556,,,,,,,,-186.1
1617,7.52,6.7,97.3,731.7,651.9,0,57,,1.01625,,,,,,,,-79.8
1618,7.53,6.69,97.2,731.9,650.3,0,56,,1.016527778,,,,,,,,-81.6
1619,7.57,6.65,97.2,735.8,646.4,0,55,,1.021944444,,,,,,,,-89.4
1620,7.47,6.75,97.2,726.1,656.1,0,55,,1.008472222,,,,,,,,-70
1621,7.55,6.65,97.2,733.9,646.4,0,55,,1.019305556,,,,,,,,-87.5
1622,7.62,6.62,97.2,740.7,643.5,0,56,,1.02875,,,,,,,,-97.2
1623,7.45,6.71,97.1,723.4,651.5,0,57,,1.004722222,,,,,,,,-71.9
1624,7.6,6.63,97.1,738,643.8,0,59,,1.025,,,,,,,,-94.2
1625,7.5,6.68,97.1,728.3,648.6,0,62,,1.011527778,,,,,,,,-79.7
1626,4.47,9.36,96.7,432.2,905.1,0,65,,0.600277778,,,,,,,,472.9
1627,7.61,5.5,97.3,740.5,535.2,0,67,,1.028472222,,,,,,,,-205.3
1628,7.52,1.76,98,737,172.5,0,69,,1.023611111,,,,,,,,-564.5
1629,7.48,-0.15,98.3,735.3,-14.7,0,69,,1.02125,,,,,,,,-750
1630,7.48,-0.14,98.3,735.3,-13.8,0,71,,1.02125,,,,,,,,-749.1
1631,7.58,-0.23,98.3,745.1,-22.6,0,74,,1.034861111,,,,,,,,-767.7
1632,7.38,0.06,98.3,725.5,5.9,0,76,,1.007638889,,,,,,,,-719.6
1633,7.36,-0.94,98.5,725,-92.6,0,78,,1.006944444,,,,,,,,-817.6
1634,7.73,-0.2,98.4,760.6,-19.7,0,78,,1.056388889,,,,,,,,-780.3
1635,6.64,0.99,98.2,652,97.2,0,77,,0.905555556,,,,,,,,-554.8
1636,4.66,2.98,97.9,456.2,291.7,0,76,,0.633611111,,,,,,,,-164.5
1637,7.56,0.88,98.2,742.4,86.4,0,75,,1.031111111,,,,,,,,-656
1638,5.42,2.57,98,531.2,251.9,0,75,,0.737777778,,,,,,,,-279.3
1639,3.53,4.28,97.7,344.9,418.2,0,74,,0.479027778,,,,,,,,73.3
1640,7.78,0.71,98.3,764.8,69.8,0,73,,1.062222222,,,,,,,,-695
1641,7.8,1.62,98.1,765.2,158.9,0,72,,1.062777778,,,,,,,,-606.3
1642,7.83,1.63,98.1,768.1,159.9,0,70,,1.066805556,,,,,,,,-608.2
1643,7.73,1.71,98.1,758.3,167.8,0,68,,1.053194444,,,,,,,,-590.5
1644,7.7,1.72,98.1,755.4,168.7,0,64,,1.049166667,,,,,,,,-586.7
1645,6.75,2.57,97.9,660.8,251.6,0,61,,0.917777778,,,,,,,,-409.2
1646,7.51,1.89,98.1,736.7,185.4,0,58,,1.023194444,,,,,,,,-551.3
1647,7.29,2.08,98,714.4,203.8,0,56,,0.992222222,,,,,,,,-510.6
1648,7.54,1.84,98.1,739.7,180.5,0,54,,1.027361111,,,,,,,,-559.2
1649,7.6,1.78,98.1,745.6,174.6,0,54,,1.035555556,,,,,,,,-571
1650,7.62,1.76,98.1,747.5,172.7,0,55,,1.038194444,,,,,,,,-574.8
1651,7.62,1.79,98.1,747.5,175.6,0,57,,1.038194444,,,,,,,,-571.9
1652,7.62,1.76,98,746.8,172.5,0,60,,1.037222222,,,,,,,,-574.3
1653,7.59,3.42,97.8,742.3,334.5,0,65,,1.030972222,,,,,,,,-407.8
1654,7.63,3.68,97.7,745.5,359.5,0,70,,1.035416667,,,,,,,,-386
1655,7.54,3.76,97.7,736.7,367.4,0,74,,1.023194444,,,,,,,,-369.3
1656,4.32,5.14,97.5,421.2,501.2,0,76,,0.585,,,,,,,,80
1657,7.56,2.44,97.9,740.1,238.9,0,77,,1.027916667,,,,,,,,-501.2
1658,7.38,1.38,98.1,724,135.4,0,78,,1.005555556,,,,,,,,-588.6
1659,7.5,0.36,98.3,737.3,35.4,0,78,,1.024027778,,,,,,,,-701.9
1660,7.57,0,98.3,744.1,0,0,79,,1.033472222,,,,,,,,-744.1
1661,7.25,-0.17,98.3,712.7,-16.7,0,79,,0.989861111,,,,,,,,-729.4
1662,7.53,-0.49,98.4,741,-48.2,0,79,,1.029166667,,,,,,,,-789.2
1663,7.3,-1.38,98.6,719.8,-136.1,0,79,,0.999722222,,,,,,,,-855.9
1664,7.49,-3.01,98.8,740,-297.4,0,78,,1.027777778,,,,,,,,-1037.4
1665,7.26,-10.51,100,726,-1051,0,77,,1.008333333,,,,,,,,-1777
1666,6.7,-20.58,101.7,681.4,-2093,0,68,,0.946388889,,,,,,,,-2774.4
1667,7.39,-6.6,99.6,736,-657.4,0,67,,1.022222222,,,,,,,,-1393.4
1668,7.57,-6.76,99.6,754,-673.3,0,65,,1.047222222,,,,,,,,-1427.3
1669,7.42,-1.75,98.9,733.8,-173.1,0,64,,1.019166667,,,,,,,,-906.9
1670,7.42,1.11,98.5,730.9,109.3,0,64,,1.015138889,,,,,,,,-621.6
1671,7.51,1.1,98.4,739,108.2,0,65,,1.026388889,,,,,,,,-630.8
1672,7.55,1.02,98.4,742.9,100.4,0,65,,1.031805556,,,,,,,,-642.5
1673,7.61,1.01,98.4,748.8,99.4,0,65,,1.04,,,,,,,,-649.4
1674,7.42,1.09,98.4,730.1,107.3,0,66,,1.014027778,,,,,,,,-622.8
1675,7.45,1.13,98.3,732.3,111.1,0,66,,1.017083333,,,,,,,,-621.2
1676,7.78,1.85,98.3,764.8,181.9,0,66,,1.062222222,,,,,,,,-582.9
1677,7.23,4.13,97.8,707.1,403.9,0,67,,0.982083333,,,,,,,,-303.2
1678,7.34,4.01,97.8,717.9,392.2,0,67,,0.997083333,,,,,,,,-325.7
1679,7.42,3.95,97.8,725.7,386.3,0,67,,1.007916667,,,,,,,,-339.4
1680,7.46,3.87,97.8,729.6,378.5,0,66,,1.013333333,,,,,,,,-351.1
1681,7.46,3.94,97.8,729.6,385.3,0,65,,1.013333333,,,,,,,,-344.3
1682,7.33,4,97.7,716.1,390.8,0,63,,0.994583333,,,,,,,,-325.3
1683,7.5,3.83,97.7,732.8,374.2,0,61,,1.017777778,,,,,,,,-358.6
1684,7.47,3.89,97.7,729.8,380.1,0,62,,1.013611111,,,,,,,,-349.7
1685,7.5,3.78,97.8,733.5,369.7,0,63,,1.01875,,,,,,,,-363.8
1686,7.52,3.82,97.7,734.7,373.2,0,65,,1.020416667,,,,,,,,-361.5
1687,7.55,3.82,97.7,737.6,373.2,0,69,,1.024444444,,,,,,,,-364.4
1688,7.56,3.94,97.7,738.6,384.9,0,74,,1.025833333,,,,,,,,-353.7
1689,7.52,2.97,97.9,736.2,290.8,0,76,,1.0225,,,,,,,,-445.4
1690,6.74,3.63,97.7,658.5,354.7,0,76,,0.914583333,,,,,,,,-303.8
1691,7.6,2.86,97.8,743.3,279.7,0,76,,1.032361111,,,,,,,,-463.6
1692,7.59,2.84,97.9,743.1,278,0,76,,1.032083333,,,,,,,,-465.1
1693,7.62,2.7,97.9,746,264.3,0,76,,1.036111111,,,,,,,,-481.7
1694,4.8,4.75,97.5,468,463.1,0,76,,0.65,,,,,,,,-4.9
1695,7.55,2.8,97.8,738.4,273.8,0,76,,1.025555556,,,,,,,,-464.6
1696,7.48,3.13,97.8,731.5,306.1,0,75,,1.015972222,,,,,,,,-425.4
1697,1.66,8,97,161,776,0,75,,0.223611111,,,,,,,,615
1698,7.53,3.72,97.7,735.7,363.4,0,74,,1.021805556,,,,,,,,-372.3
1699,5.05,5.68,97.3,491.4,552.7,0,74,,0.6825,,,,,,,,61.3
1700,7.6,3.69,97.6,741.8,360.1,0,74,,1.030277778,,,,,,,,-381.7
1701,6.17,4.84,97.4,601,471.4,0,74,,0.834722222,,,,,,,,-129.6
1702,5.33,5.11,97.4,519.1,497.7,0,75,,0.720972222,,,,,,,,-21.4
1703,7.66,3.23,97.7,748.4,315.6,0,75,,1.039444444,,,,,,,,-432.8
1704,7.67,3.22,97.7,749.4,314.6,0,75,,1.040833333,,,,,,,,-434.8
1705,6.63,3.83,97.6,647.1,373.8,0,75,,0.89875,,,,,,,,-273.3
1706,2.97,6.59,97.1,288.4,639.9,0,75,,0.400555556,,,,,,,,351.5
1707,7.77,3.09,97.7,759.1,301.9,0,75,,1.054305556,,,,,,,,-457.2
1708,7.78,3.7,97.6,759.3,361.1,0,72,,1.054583333,,,,,,,,-398.2
1709,7.81,3.53,97.7,763,344.9,0,69,,1.059722222,,,,,,,,-418.1
1710,7.81,3.52,97.7,763,343.9,0,66,,1.059722222,,,,,,,,-419.1
1711,7.8,3.57,97.6,761.3,348.4,0,64,,1.057361111,,,,,,,,-412.9
1712,7.79,3.59,97.6,760.3,350.4,0,62,,1.055972222,,,,,,,,-409.9
1713,7.44,3.89,97.5,725.4,379.3,0,61,,1.0075,,,,,,,,-346.1
1714,7.89,3.46,97.7,770.9,338,0,62,,1.070694444,,,,,,,,-432.9
1715,7.9,6.58,97,766.3,638.3,0,64,,1.064305556,,,,,,,,-128
1716,7.88,7.37,96.9,763.6,714.2,0,65,,1.060555556,,,,,,,,-49.4
1717,7.89,7.38,96.9,764.5,715.1,0,65,,1.061805556,,,,,,,,-49.4
1718,7.82,7.43,96.8,757,719.2,0,63,,1.051388889,,,,,,,,-37.8
1719,7.96,7.29,96.8,770.5,705.7,0,60,,1.070138889,,,,,,,,-64.8
1720,8,8,96.7,773.6,773.6,0,58,,1.074444444,,,,,,,,0
1721,8.16,11.38,96.2,785,1094.8,0,57,,1.090277778,,,,,,,,309.8
1722,8.21,11.29,96.2,789.8,1086.1,0,56,,1.096944444,,,,,,,,296.3
1723,8.16,11.32,96.2,785,1089,0,56,,1.090277778,,,,,,,,304
1724,8.1,11.4,96.2,779.2,1096.7,0,57,,1.082222222,,,,,,,,317.5
1725,8.12,11.31,96.1,780.3,1086.9,0,58,,1.08375,,,,,,,,306.6
1726,8.09,5.03,97,784.7,487.9,0,60,,1.089861111,,,,,,,,-296.8
1727,7.87,2.33,97.4,766.5,226.9,0,60,,1.064583333,,,,,,,,-539.6
1728,7.16,0.89,97.7,699.5,87,0,62,,0.971527778,,,,,,,,-612.5
1729,6.46,2.59,97.5,629.9,252.5,0,65,,0.874861111,,,,,,,,-377.4
1730,7.78,2.42,97.6,759.3,236.2,0,70,,1.054583333,,,,,,,,-523.1
1731,7.19,2.26,97.6,701.7,220.6,0,76,,0.974583333,,,,,,,,-481.1
1732,7.76,-1.7,98.2,762,-166.9,0,79,,1.058333333,,,,,,,,-928.9
1733,7.79,-2.45,98.4,766.5,-241.1,0,80,,1.064583333,,,,,,,,-1007.6
1734,7.78,-0.85,98.2,764,-83.5,0,78,,1.061111111,,,,,,,,-847.5
1735,7.91,1.96,97.8,773.6,191.7,0,77,,1.074444444,,,,,,,,-581.9
1736,7.48,4.85,97.3,727.8,471.9,0,74,,1.010833333,,,,,,,,-255.9
1737,8.01,5.25,97.1,777.8,509.8,0,71,,1.080277778,,,,,,,,-268
1738,7.93,5.31,97.1,770,515.6,0,67,,1.069444444,,,,,,,,-254.4
1739,7.92,5.31,97.1,769,515.6,0,66,,1.068055556,,,,,,,,-253.4
1740,8.01,5.25,97.1,777.8,509.8,0,67,,1.080277778,,,,,,,,-268
1741,7.92,5.3,97.1,769,514.6,0,69,,1.068055556,,,,,,,,-254.4
1742,7.98,3.49,97.4,777.3,339.9,0,71,,1.079583333,,,,,,,,-437.4
1743,7.63,3.72,97.4,743.2,362.3,0,74,,1.032222222,,,,,,,,-380.9
1744,7.81,2.65,97.5,761.5,258.4,0,76,,1.057638889,,,,,,,,-503.1
1745,7.83,1.02,97.8,765.8,99.8,0,77,,1.063611111,,,,,,,,-666
1746,8.01,-0.33,98,785,-32.3,0,78,,1.090277778,,,,,,,,-817.3
1747,7.71,-0.86,98.2,757.1,-84.5,0,79,,1.051527778,,,,,,,,-841.6
1748,7.51,-2.83,98.4,739,-278.5,0,80,,1.026388889,,,,,,,,-1017.5
1749,7.81,-5.4,98.9,772.4,-534.1,0,81,,1.072777778,,,,,,,,-1306.5
1750,7.55,-6.85,99.2,749,-679.5,0,82,,1.040277778,,,,,,,,-1428.5
1751,7.68,-5.94,99.1,761.1,-588.7,0,82,,1.057083333,,,,,,,,-1349.8
1752,7.77,-3.67,98.7,766.9,-362.2,0,80,,1.065138889,,,,,,,,-1129.1
1753,7.69,-0.89,98.3,755.9,-87.5,0,79,,1.049861111,,,,,,,,-843.4
1754,7.81,0.65,98.1,766.2,63.8,0,78,,1.064166667,,,,,,,,-702.4
1755,7.88,1.55,97.9,771.5,151.7,0,76,,1.071527778,,,,,,,,-619.8
1756,7.78,2.53,97.8,760.9,247.4,0,75,,1.056805556,,,,,,,,-513.5
1757,7.91,2.5,97.8,773.6,244.5,0,73,,1.074444444,,,,,,,,-529.1
1758,7.92,2.51,97.8,774.6,245.5,0,72,,1.075833333,,,,,,,,-529.1
1759,7.98,2.45,97.7,779.6,239.4,0,72,,1.082777778,,,,,,,,-540.2
1760,8.02,2.44,97.7,783.6,238.4,0,72,,1.088333333,,,,,,,,-545.2
1761,8.05,2.37,97.7,786.5,231.5,0,73,,1.092361111,,,,,,,,-555
1762,8.03,2.45,97.7,784.5,239.4,0,74,,1.089583333,,,,,,,,-545.1
1763,7.99,1.81,97.8,781.4,177,0,76,,1.085277778,,,,,,,,-604.4
1764,8.02,0.22,98.1,786.8,21.6,0,78,,1.092777778,,,,,,,,-765.2
1765,7.71,-1.11,98.3,757.9,-109.1,0,79,,1.052638889,,,,,,,,-867
1766,8.01,0.24,98,785,23.5,0,78,,1.090277778,,,,,,,,-761.5
1767,8.01,0.26,98.1,785.8,25.5,0,78,,1.091388889,,,,,,,,-760.3
1768,8.07,0.11,98.1,791.7,10.8,0,78,,1.099583333,,,,,,,,-780.9
1769,7.89,0.61,98,773.2,59.8,0,78,,1.073888889,,,,,,,,-713.4
1770,7.96,0.57,98,780.1,55.9,0,78,,1.083472222,,,,,,,,-724.2
1771,8.03,0.45,98,786.9,44.1,0,78,,1.092916667,,,,,,,,-742.8
1772,8.02,1.33,97.9,785.2,130.2,0,77,,1.090555556,,,,,,,,-655
1773,7.89,2.1,97.8,771.6,205.4,0,77,,1.071666667,,,,,,,,-566.2
1774,7.91,2.43,97.7,772.8,237.4,0,76,,1.073333333,,,,,,,,-535.4
1775,8.02,2.65,97.7,783.6,258.9,0,76,,1.088333333,,,,,,,,-524.7
1776,7.89,2.94,97.6,770.1,286.9,0,76,,1.069583333,,,,,,,,-483.2
1777,7.91,3.16,97.6,772,308.4,0,76,,1.072222222,,,,,,,,-463.6
1778,7.94,3.33,97.5,774.2,324.7,0,75,,1.075277778,,,,,,,,-449.5
1779,5.5,5.66,97.1,534.1,549.6,0,75,,0.741805556,,,,,,,,15.5
1780,7.63,4.44,97.3,742.4,432,0,74,,1.031111111,,,,,,,,-310.4
1781,7.63,4.86,97.2,741.6,472.4,0,73,,1.03,,,,,,,,-269.2
1782,7.62,4.82,97.2,740.7,468.5,0,73,,1.02875,,,,,,,,-272.2
1783,7.52,4.57,97.2,730.9,444.2,0,74,,1.015138889,,,,,,,,-286.7
1784,7.44,3.71,97.4,724.7,361.4,0,74,,1.006527778,,,,,,,,-363.3
1785,7.35,3.7,97.4,715.9,360.4,0,74,,0.994305556,,,,,,,,-355.5
1786,7.3,3.57,97.4,711,347.7,0,74,,0.9875,,,,,,,,-363.3
1787,7.21,3.82,97.4,702.3,372.1,0,74,,0.975416667,,,,,,,,-330.2
1788,7.4,3.8,97.3,720,369.7,0,74,,1,,,,,,,,-350.3
1789,7.51,3.77,97.3,730.7,366.8,0,72,,1.014861111,,,,,,,,-363.9
1790,7.56,3.69,97.4,736.3,359.4,0,71,,1.022638889,,,,,,,,-376.9
1791,7.71,3.56,97.4,751,346.7,0,71,,1.043055556,,,,,,,,-404.3
1792,7.93,3.37,97.4,772.4,328.2,0,71,,1.072777778,,,,,,,,-444.2
1793,7.95,3.42,97.4,774.3,333.1,0,72,,1.075416667,,,,,,,,-441.2
1794,8.15,3.18,97.4,793.8,309.7,0,72,,1.1025,,,,,,,,-484.1
1795,7.96,3.34,97.4,775.3,325.3,0,72,,1.076805556,,,,,,,,-450
1796,8.1,3.27,97.4,788.9,318.5,0,71,,1.095694444,,,,,,,,-470.4
1797,8.06,2.28,97.6,786.7,222.5,0,69,,1.092638889,,,,,,,,-564.2
1798,8.03,2.29,97.6,783.7,223.5,0,68,,1.088472222,,,,,,,,-560.2
1799,8.09,2.27,97.6,789.6,221.6,0,66,,1.096666667,,,,,,,,-568
1800,8.03,2.33,97.5,782.9,227.2,0,66,,1.087361111,,,,,,,,-555.7
1801,8.18,2.16,97.6,798.4,210.8,0,66,,1.108888889,,,,,,,,-587.6
1802,8.16,2.21,97.6,796.4,215.7,0,67,,1.106111111,,,,,,,,-580.7
1803,4.71,5.04,97.1,457.3,489.4,0,68,,0.635138889,,,,,,,,32.1
1804,5.32,4.57,97.2,517.1,444.2,0,68,,0.718194444,,,,,,,,-72.9
1805,6.67,3.43,97.3,649,333.7,0,69,,0.901388889,,,,,,,,-315.3
1806,8.15,2.2,97.5,794.6,214.5,0,69,,1.103611111,,,,,,,,-580.1
1807,8.13,2.21,97.6,793.5,215.7,0,68,,1.102083333,,,,,,,,-577.8
1808,8.18,2.17,97.6,798.4,211.8,0,67,,1.108888889,,,,,,,,-586.6
1809,8.21,3.17,97.4,799.7,308.8,0,66,,1.110694444,,,,,,,,-490.9
1810,8.15,3.2,97.4,793.8,311.7,0,66,,1.1025,,,,,,,,-482.1
1811,8.03,3.26,97.4,782.1,317.5,0,65,,1.08625,,,,,,,,-464.6
1812,8.08,3.28,97.4,787,319.5,0,64,,1.093055556,,,,,,,,-467.5
1813,8.14,3.24,97.4,792.8,315.6,0,63,,1.101111111,,,,,,,,-477.2
1814,8.09,3.28,97.4,788,319.5,0,62,,1.094444444,,,,,,,,-468.5
1815,8.1,3.22,97.4,788.9,313.6,0,63,,1.095694444,,,,,,,,-475.3
1816,8.1,3.25,97.4,788.9,316.6,0,63,,1.095694444,,,,,,,,-472.3
1817,8.16,3.15,97.4,794.8,306.8,0,65,,1.103888889,,,,,,,,-488
1818,8.06,3.28,97.3,784.2,319.1,0,67,,1.089166667,,,,,,,,-465.1
1819,8.09,3.24,97.4,788,315.6,0,70,,1.094444444,,,,,,,,-472.4
1820,8.13,3.26,97.4,791.9,317.5,0,72,,1.099861111,,,,,,,,-474.4
1821,8.14,3.25,97.3,792,316.2,0,74,,1.1,,,,,,,,-475.8
1822,8.11,2.92,97.4,789.9,284.4,0,74,,1.097083333,,,,,,,,-505.5
1823,6.41,4.47,97.1,622.4,434,0,74,,0.864444444,,,,,,,,-188.4
1824,6.69,4.68,97.1,649.6,454.4,0,73,,0.902222222,,,,,,,,-195.2
1825,7.35,3.87,97.2,714.4,376.2,0,72,,0.992222222,,,,,,,,-338.2
1826,7.62,3.63,97.2,740.7,352.8,0,70,,1.02875,,,,,,,,-387.9
1827,7.65,3.61,97.2,743.6,350.9,0,68,,1.032777778,,,,,,,,-392.7
1828,7.51,3.74,97.2,730,363.5,0,66,,1.013888889,,,,,,,,-366.5
1829,5.33,5.57,96.9,516.5,539.7,0,64,,0.717361111,,,,,,,,23.2
1830,7.58,3.66,97.2,736.8,355.8,0,63,,1.023333333,,,,,,,,-381
1831,7.61,3.66,97.2,739.7,355.8,0,63,,1.027361111,,,,,,,,-383.9
1832,7.56,3.73,97.2,734.8,362.6,0,63,,1.020555556,,,,,,,,-372.2
1833,7.63,3.64,97.2,741.6,353.8,0,64,,1.03,,,,,,,,-387.8
1834,5.03,5.79,96.8,486.9,560.5,0,66,,0.67625,,,,,,,,73.6
1835,5.75,6.2,96.8,556.6,600.2,0,69,,0.773055556,,,,,,,,43.6
1836,4.32,7.51,96.6,417.3,725.5,0,71,,0.579583333,,,,,,,,308.2
1837,7.54,4.68,97,731.4,454,0,71,,1.015833333,,,,,,,,-277.4
1838,7.41,4.79,96.9,718,464.2,0,72,,0.997222222,,,,,,,,-253.8
1839,7.77,4.66,96.9,752.9,451.6,0,73,,1.045694444,,,,,,,,-301.3
1840,8.23,3.68,97.1,799.1,357.3,0,74,,1.109861111,,,,,,,,-441.8
1841,8.18,3.58,97.1,794.3,347.6,0,74,,1.103194444,,,,,,,,-446.7
1842,8.27,3.59,97.1,803,348.6,0,74,,1.115277778,,,,,,,,-454.4
1843,8.26,3.55,97.1,802,344.7,0,74,,1.113888889,,,,,,,,-457.3
1844,8.22,3.82,97.1,798.2,370.9,0,74,,1.108611111,,,,,,,,-427.3
1845,8.12,4.44,97,787.6,430.7,0,73,,1.093888889,,,,,,,,-356.9
1846,7.83,4.52,97,759.5,438.4,0,73,,1.054861111,,,,,,,,-321.1
1847,8.22,4.16,97,797.3,403.5,0,72,,1.107361111,,,,,,,,-393.8
1848,8.14,4.36,96.9,788.8,422.5,0,72,,1.095555556,,,,,,,,-366.3
1849,8.46,3.91,97,820.6,379.3,0,72,,1.139722222,,,,,,,,-441.3
1850,8.27,4.02,97,802.2,389.9,0,72,,1.114166667,,,,,,,,-412.3
1851,8.14,4.13,97,789.6,400.6,0,73,,1.096666667,,,,,,,,-389
1852,6.65,4.33,97,645.1,420,0,75,,0.895972222,,,,,,,,-225.1
1853,8.14,2.76,97.2,791.2,268.3,0,76,,1.098888889,,,,,,,,-522.9
1854,8.34,3.24,97.2,810.6,314.9,0,75,,1.125833333,,,,,,,,-495.7
1855,8.29,4.24,97.1,805,411.7,0,73,,1.118055556,,,,,,,,-393.3
1856,8.3,4.11,97.1,805.9,399.1,0,71,,1.119305556,,,,,,,,-406.8
1857,8.25,4.13,97,800.3,400.6,0,68,,1.111527778,,,,,,,,-399.7
1858,8.32,4.07,97,807,394.8,0,66,,1.120833333,,,,,,,,-412.2
1859,8.35,3.99,97.1,810.8,387.4,0,65,,1.126111111,,,,,,,,-423.4
1860,8.27,4.1,97,802.2,397.7,0,64,,1.114166667,,,,,,,,-404.5
1861,8.29,4.1,97,804.1,397.7,0,63,,1.116805556,,,,,,,,-406.4
1862,8.24,4.09,97,799.3,396.7,0,62,,1.110138889,,,,,,,,-402.6
1863,8.25,4.14,97,800.3,401.6,0,61,,1.111527778,,,,,,,,-398.7
1864,8.09,4.26,96.9,783.9,412.8,0,60,,1.08875,,,,,,,,-371.1
1865,8.27,4.11,97,802.2,398.7,0,60,,1.114166667,,,,,,,,-403.5
1866,8.15,4.27,96.9,789.7,413.8,0,60,,1.096805556,,,,,,,,-375.9
1867,8.21,4.15,96.9,795.5,402.1,0,61,,1.104861111,,,,,,,,-393.4
1868,8.15,4.15,96.9,789.7,402.1,0,63,,1.096805556,,,,,,,,-387.6
1869,8.33,4.02,97,808,389.9,0,65,,1.122222222,,,,,,,,-418.1
1870,8.22,4.14,96.9,796.5,401.2,0,67,,1.10625,,,,,,,,-395.3
1871,8.29,4.09,96.9,803.3,396.3,0,67,,1.115694444,,,,,,,,-407
1872,8.09,4.25,96.9,783.9,411.8,0,65,,1.08875,,,,,,,,-372.1
1873,8.17,4.16,96.9,791.7,403.1,0,62,,1.099583333,,,,,,,,-388.6
1874,8.34,4.07,96.9,808.1,394.4,0,60,,1.122361111,,,,,,,,-413.7
1875,8.25,4.12,96.9,799.4,399.2,0,58,,1.110277778,,,,,,,,-400.2
1876,8.17,5.18,96.8,790.9,501.4,0,56,,1.098472222,,,,,,,,-289.5
1877,8.24,5.12,96.7,796.8,495.1,0,55,,1.106666667,,,,,,,,-301.7
1878,8.32,5.06,96.8,805.4,489.8,0,53,,1.118611111,,,,,,,,-315.6
1879,5.88,7.13,96.4,566.8,687.3,0,51,,0.787222222,,,,,,,,120.5
1880,8.3,7,96.4,800.1,674.8,0,50,,1.11125,,,,,,,,-125.3
1881,8.19,7.09,96.4,789.5,683.5,0,50,,1.096527778,,,,,,,,-106
1882,6.14,8.96,96,589.4,860.2,0,51,,0.818611111,,,,,,,,270.8
1883,8.19,4.09,96.8,792.8,395.9,0,52,,1.101111111,,,,,,,,-396.9
1884,8.2,3.08,97,795.4,298.8,0,54,,1.104722222,,,,,,,,-496.6
1885,7.19,3.94,96.8,696,381.4,0,56,,0.966666667,,,,,,,,-314.6
1886,8.21,3.08,97,796.4,298.8,0,58,,1.106111111,,,,,,,,-497.6
1887,8.19,3.14,97,794.4,304.6,0,61,,1.103333333,,,,,,,,-489.8
1888,8.24,3.03,97,799.3,293.9,0,65,,1.110138889,,,,,,,,-505.4
1889,8.06,3.17,97,781.8,307.5,0,67,,1.085833333,,,,,,,,-474.3
1890,7.38,4.77,96.7,713.6,461.3,0,68,,0.991111111,,,,,,,,-252.3
1891,7.84,4.37,96.8,758.9,423,0,69,,1.054027778,,,,,,,,-335.9
1892,7.75,4.45,96.8,750.2,430.8,0,70,,1.041944444,,,,,,,,-319.4
1893,7.76,4.45,96.8,751.2,430.8,0,70,,1.043333333,,,,,,,,-320.4
1894,5.25,6.81,96.4,506.1,656.5,0,71,,0.702916667,,,,,,,,150.4
1895,7.74,4.45,96.7,748.5,430.3,0,72,,1.039583333,,,,,,,,-318.2
1896,7.93,3.53,96.9,768.4,342.1,0,75,,1.067222222,,,,,,,,-426.3
1897,7.93,-1.47,97.7,774.8,-143.6,0,79,,1.076111111,,,,,,,,-918.4
1898,7.5,-7.04,98.5,738.8,-693.4,0,82,,1.026111111,,,,,,,,-1432.2
1899,7.64,-6.74,98.5,752.5,-663.9,0,82,,1.045138889,,,,,,,,-1416.4
1900,8.23,-4.92,98.4,809.8,-484.1,0,80,,1.124722222,,,,,,,,-1293.9
1901,8.27,-4,98.3,812.9,-393.2,0,80,,1.129027778,,,,,,,,-1206.1
1902,8.21,-3.2,98.2,806.2,-314.2,0,80,,1.119722222,,,,,,,,-1120.4
1903,8.17,-3.33,98.2,802.3,-327,0,80,,1.114305556,,,,,,,,-1129.3
1904,8.15,-3.02,98.2,800.3,-296.6,0,80,,1.111527778,,,,,,,,-1096.9
1905,8.14,-4.42,98.4,801,-434.9,0,80,,1.1125,,,,,,,,-1235.9
1906,8.1,-4.7,98.5,797.9,-463,0,80,,1.108194444,,,,,,,,-1260.9
1907,8.14,-1.86,98,797.7,-182.3,0,79,,1.107916667,,,,,,,,-980
1908,8.19,1.09,97.6,799.3,106.4,0,77,,1.110138889,,,,,,,,-692.9
1909,8.23,0.69,97.7,804.1,67.4,0,77,,1.116805556,,,,,,,,-736.7
1910,7.97,-1.64,98,781.1,-160.7,0,79,,1.084861111,,,,,,,,-941.8
1911,7.66,-4.47,98.4,753.7,-439.8,0,81,,1.046805556,,,,,,,,-1193.5
1912,7.71,-3.72,98.4,758.7,-366,0,80,,1.05375,,,,,,,,-1124.7
1913,7.65,-1.97,98.1,750.5,-193.3,0,79,,1.042361111,,,,,,,,-943.8
1914,7.59,-0.69,97.9,743.1,-67.6,0,79,,1.032083333,,,,,,,,-810.7
1915,3.92,1.57,97.6,382.6,153.2,0,79,,0.531388889,,,,,,,,-229.4
1916,7.94,-1.02,98,778.1,-100,0,79,,1.080694444,,,,,,,,-878.1
1917,7.72,-0.58,97.9,755.8,-56.8,0,79,,1.049722222,,,,,,,,-812.6
1918,7.83,-1.22,98,767.3,-119.6,0,78,,1.065694444,,,,,,,,-886.9
1919,8.14,-1.56,98,797.7,-152.9,0,79,,1.107916667,,,,,,,,-950.6
1920,8.19,-2.73,98.3,805.1,-268.4,0,79,,1.118194444,,,,,,,,-1073.5
1921,8.23,-3.96,98.4,809.8,-389.7,0,80,,1.124722222,,,,,,,,-1199.5
1922,8.21,-6.36,98.8,811.1,-628.4,0,82,,1.126527778,,,,,,,,-1439.5
1923,8.04,-8.56,99.2,797.6,-849.2,0,83,,1.107777778,,,,,,,,-1646.8
1924,8.02,-8.36,99.2,795.6,-829.3,0,82,,1.105,,,,,,,,-1624.9
1925,7.18,-3.71,98.5,707.2,-365.4,0,80,,0.982222222,,,,,,,,-1072.6
1926,8.46,0.58,97.9,828.2,56.8,0,77,,1.150277778,,,,,,,,-771.4
1927,8.27,3.48,97.4,805.5,339,0,74,,1.11875,,,,,,,,-466.5
1928,8.46,3.99,97.2,822.3,387.8,0,72,,1.142083333,,,,,,,,-434.5
1929,8.32,4.11,97.2,808.7,399.5,0,71,,1.123194444,,,,,,,,-409.2
1930,8.17,4.2,97.1,793.3,407.8,0,71,,1.101805556,,,,,,,,-385.5
1931,8.29,3.97,97.2,805.8,385.9,0,72,,1.119166667,,,,,,,,-419.9
1932,8.27,2.95,97.3,804.7,287,0,74,,1.117638889,,,,,,,,-517.7
1933,8.34,1.71,97.5,813.2,166.7,0,76,,1.129444444,,,,,,,,-646.5
1934,8.18,-1.61,98,801.6,-157.8,0,79,,1.113333333,,,,,,,,-959.4
1935,8.28,-5.01,98.5,815.6,-493.5,0,81,,1.132777778,,,,,,,,-1309.1
1936,8.17,-3.06,98.2,802.3,-300.5,0,80,,1.114305556,,,,,,,,-1102.8
1937,8.25,1.01,97.7,806,98.7,0,77,,1.119444444,,,,,,,,-707.3
1938,8.33,3.31,97.3,810.5,322.1,0,73,,1.125694444,,,,,,,,-488.4
1939,7.95,3.43,97.2,772.7,333.4,0,67,,1.073194444,,,,,,,,-439.3
1940,8.31,3.11,97.3,808.6,302.6,0,63,,1.123055556,,,,,,,,-506
1941,8.5,4,97.1,825.4,388.4,0,60,,1.146388889,,,,,,,,-437
1942,8.52,3.94,97.1,827.3,382.6,0,59,,1.149027778,,,,,,,,-444.7
1943,8.61,3.84,97.1,836,372.9,0,60,,1.161111111,,,,,,,,-463.1
1944,8.61,3.85,97.1,836,373.8,0,63,,1.161111111,,,,,,,,-462.2
1945,8.59,3.84,97.1,834.1,372.9,0,64,,1.158472222,,,,,,,,-461.2
1946,8.56,3.89,97.1,831.2,377.7,0,63,,1.154444444,,,,,,,,-453.5
1947,8.72,3.78,97.1,846.7,367,0,61,,1.175972222,,,,,,,,-479.7
1948,9.03,3.51,97,875.9,340.5,0,61,,1.216527778,,,,,,,,-535.4
1949,9.04,3.46,97.1,877.8,336,0,62,,1.219166667,,,,,,,,-541.8
1950,9.11,3.39,97.1,884.6,329.2,0,65,,1.228611111,,,,,,,,-555.4
1951,9.25,3.29,97.1,898.2,319.5,0,69,,1.2475,,,,,,,,-578.7
1952,8.99,3.4,97,872,329.8,0,72,,1.211111111,,,,,,,,-542.2
1953,8.99,3.72,97,872,360.8,0,73,,1.211111111,,,,,,,,-511.2
1954,8.64,3.85,97,838.1,373.5,0,70,,1.164027778,,,,,,,,-464.6
1955,8.85,3.6,97.1,859.3,349.6,0,66,,1.193472222,,,,,,,,-509.7
1956,9.02,4.49,96.8,873.1,434.6,0,63,,1.212638889,,,,,,,,-438.5
1957,9.11,4.46,96.8,881.8,431.7,0,62,,1.224722222,,,,,,,,-450.1
1958,9.17,4.33,96.8,887.7,419.1,0,63,,1.232916667,,,,,,,,-468.6
1959,9.21,4.29,96.8,891.5,415.3,0,65,,1.238194444,,,,,,,,-476.2
1960,9.1,4.39,96.8,880.9,425,0,68,,1.223472222,,,,,,,,-455.9
1961,9.14,4.26,96.8,884.8,412.4,0,73,,1.228888889,,,,,,,,-472.4
1962,9.05,-0.18,97.5,882.4,-17.6,0,77,,1.225555556,,,,,,,,-900
1963,8.73,-1.4,97.8,853.8,-136.9,0,78,,1.185833333,,,,,,,,-990.7
1964,9.1,0.15,97.6,888.2,14.6,0,77,,1.233611111,,,,,,,,-873.6
1965,8.92,3.12,97.1,866.1,303,0,75,,1.202916667,,,,,,,,-563.1
1966,9.06,4.6,96.8,877,445.3,0,71,,1.218055556,,,,,,,,-431.7
1967,9.09,4.4,96.8,879.9,425.9,0,68,,1.222083333,,,,,,,,-454
1968,8.74,4.68,96.8,846,453,0,65,,1.175,,,,,,,,-393
1969,9.06,4.32,96.8,877,418.2,0,62,,1.218055556,,,,,,,,-458.8
1970,9.12,4.31,96.8,882.8,417.2,0,59,,1.226111111,,,,,,,,-465.6
1971,8.79,4.58,96.8,850.9,443.3,0,57,,1.181805556,,,,,,,,-407.6
1972,8.84,4.57,96.8,855.7,442.4,0,56,,1.188472222,,,,,,,,-413.3
1973,8.85,4.56,96.8,856.7,441.4,0,56,,1.189861111,,,,,,,,-415.3
1974,8.81,4.57,96.8,852.8,442.4,0,58,,1.184444444,,,,,,,,-410.4
1975,8.54,4.82,96.7,825.8,466.1,0,61,,1.146944444,,,,,,,,-359.7
1976,8.34,5.01,96.6,805.6,484,0,65,,1.118888889,,,,,,,,-321.6
1977,8.12,5.12,96.5,783.6,494.1,0,69,,1.088333333,,,,,,,,-289.5
1978,7.57,-2.1,97.6,738.8,-205,0,73,,1.026111111,,,,,,,,-943.8
1979,6.96,-25.28,101.4,705.7,-2563.4,0,71,,0.980138889,,,,,,,,-3269.1
1980,7.75,-6.94,98.7,764.9,-685,0,66,,1.062361111,,,,,,,,-1449.9
1981,7.58,-6.78,98.7,748.1,-669.2,0,66,,1.039027778,,,,,,,,-1417.3
1982,6.56,-5.83,98.6,646.8,-574.8,0,65,,0.898333333,,,,,,,,-1221.6
1983,8.26,-7.41,98.9,816.9,-732.8,0,62,,1.134583333,,,,,,,,-1549.7
1984,8.53,-2.38,98.2,837.6,-233.7,0,58,,1.163333333,,,,,,,,-1071.3
1985,8.6,4.73,97.1,835.1,459.3,0,56,,1.159861111,,,,,,,,-375.8
1986,8.3,7.99,96.5,801,771,0,56,,1.1125,,,,,,,,-30
1987,8.31,8.75,96.3,800.3,842.6,0,55,,1.111527778,,,,,,,,42.3
1988,8.2,12.35,95.7,784.7,1181.9,0,53,,1.089861111,,,,,,,,397.2
1989,8.29,21.17,94.2,780.9,1994.2,0,52,,1.084583333,,,,,,,,1213.3
1990,8.02,21.35,94,753.9,2006.9,0,52,,1.047083333,,,,,,,,1253
1991,8.08,21.34,94,759.5,2006,0,52,,1.054861111,,,,,,,,1246.5
1992,8.04,21.38,93.9,755,2007.6,0,52,,1.048611111,,,,,,,,1252.6
1993,8.11,21.35,93.7,759.9,2000.5,0,52,,1.055416667,,,,,,,,1240.6
1994,8.27,21.14,93.7,774.9,1980.8,0,52,,1.07625,,,,,,,,1205.9
1995,8.26,21.17,93.6,773.1,1981.5,0,53,,1.07375,,,,,,,,1208.4
1996,8.25,21.13,93.6,772.2,1977.8,0,56,,1.0725,,,,,,,,1205.6
1997,8.29,14.29,94.5,783.4,1350.4,0,60,,1.088055556,,,,,,,,567
1998,7.81,2.91,96.3,752.1,280.2,0,60,,1.044583333,,,,,,,,-471.9
1999,7.8,3.03,96.4,751.9,292.1,0,60,,1.044305556,,,,,,,,-459.8
2000,8.08,4.06,96.3,778.1,391,0,62,,1.080694444,,,,,,,,-387.1
2001,8.24,3.87,96.4,794.3,373.1,0,67,,1.103194444,,,,,,,,-421.2
2002,8.19,3.66,96.4,789.5,352.8,0,72,,1.096527778,,,,,,,,-436.7
2003,7.61,4.18,96.3,732.8,402.5,0,73,,1.017777778,,,,,,,,-330.3
2004,7.69,4.31,96.4,741.3,415.5,0,73,,1.029583333,,,,,,,,-325.8
2005,8.88,2.9,96.6,857.8,280.1,0,73,,1.191388889,,,,,,,,-577.7
2006,9,2.32,96.7,870.3,224.3,0,75,,1.20875,,,,,,,,-646
2007,8.88,0.25,97,861.4,24.3,0,77,,1.196388889,,,,,,,,-837.1
2008,8.85,-2.44,97.5,862.9,-237.9,0,78,,1.198472222,,,,,,,,-1100.8
2009,8.79,-4.14,97.8,859.7,-404.9,0,79,,1.194027778,,,,,,,,-1264.6
2010,8.76,-5.16,98,858.5,-505.7,0,80,,1.192361111,,,,,,,,-1364.2
2011,8.6,-5.32,98.1,843.7,-521.9,0,80,,1.171805556,,,,,,,,-1365.6
2012,8.37,-6.3,98.3,822.8,-619.3,0,81,,1.142777778,,,,,,,,-1442.1
2013,8.41,-7.33,98.4,827.5,-721.3,0,82,,1.149305556,,,,,,,,-1548.8
2014,8.47,-6.58,98.4,833.4,-647.5,0,81,,1.1575,,,,,,,,-1480.9
2015,7.16,-1.81,97.7,699.5,-176.8,0,79,,0.971527778,,,,,,,,-876.3
2016,8.78,1.64,97.2,853.4,159.4,0,76,,1.185277778,,,,,,,,-694
2017,8.79,3.29,96.9,851.8,318.8,0,74,,1.183055556,,,,,,,,-533
2018,8.84,3.68,96.8,855.7,356.2,0,73,,1.188472222,,,,,,,,-499.5
2019,8.8,3.79,96.8,851.8,366.9,0,73,,1.183055556,,,,,,,,-484.9
2020,8.85,3.18,96.8,856.7,307.8,0,74,,1.189861111,,,,,,,,-548.9
2021,8.83,2.26,97,856.5,219.2,0,75,,1.189583333,,,,,,,,-637.3
2022,8.65,0.6,97.3,841.6,58.4,0,77,,1.168888889,,,,,,,,-783.2
2023,8.71,1.08,97.2,846.6,105,0,76,,1.175833333,,,,,,,,-741.6
2024,8.59,2.76,96.9,832.4,267.4,0,75,,1.156111111,,,,,,,,-565
2025,8.63,3.76,96.8,835.4,364,0,73,,1.160277778,,,,,,,,-471.4
2026,8.81,3.42,96.8,852.8,331.1,0,73,,1.184444444,,,,,,,,-521.7
2027,8.78,3.54,96.7,849,342.3,0,73,,1.179166667,,,,,,,,-506.7
2028,8.85,2.85,96.9,857.6,276.2,0,74,,1.191111111,,,,,,,,-581.4
2029,8.52,3.07,96.8,824.7,297.2,0,74,,1.145416667,,,,,,,,-527.5
2030,8.75,3.07,96.8,847,297.2,0,74,,1.176388889,,,,,,,,-549.8
2031,8.8,3.87,96.7,851,374.2,0,73,,1.181944444,,,,,,,,-476.8
2032,8.81,3.83,96.7,851.9,370.4,0,72,,1.183194444,,,,,,,,-481.5
2033,8.91,3.42,96.7,861.6,330.7,0,72,,1.196666667,,,,,,,,-530.9
2034,8.79,3.71,96.7,850,358.8,0,71,,1.180555556,,,,,,,,-491.2
2035,8.79,3.67,96.7,850,354.9,0,71,,1.180555556,,,,,,,,-495.1
2036,8.85,3.57,96.8,856.7,345.6,0,71,,1.189861111,,,,,,,,-511.1
2037,8.93,3.49,96.7,863.5,337.5,0,72,,1.199305556,,,,,,,,-526
2038,8.94,3.32,96.7,864.5,321,0,74,,1.200694444,,,,,,,,-543.5
2039,8.81,1.99,96.9,853.7,192.8,0,76,,1.185694444,,,,,,,,-660.9
2040,8.84,0.15,97.2,859.2,14.6,0,77,,1.193333333,,,,,,,,-844.6
2041,8.84,1.34,97.1,858.4,130.1,0,76,,1.192222222,,,,,,,,-728.3
2042,8.93,2.81,96.8,864.4,272,0,75,,1.200555556,,,,,,,,-592.4
2043,8.9,3.36,96.8,861.5,325.2,0,73,,1.196527778,,,,,,,,-536.3
2044,8.51,3.61,96.7,822.9,349.1,0,73,,1.142916667,,,,,,,,-473.8
2045,8.47,4,96.6,818.2,386.4,0,73,,1.136388889,,,,,,,,-431.8
2046,8.42,3.27,96.7,814.2,316.2,0,74,,1.130833333,,,,,,,,-498
2047,8.27,3.14,96.7,799.7,303.6,0,75,,1.110694444,,,,,,,,-496.1
2048,5.74,4.68,96.5,553.9,451.6,0,75,,0.769305556,,,,,,,,-102.3
2049,8.15,1.88,97,790.6,182.4,0,76,,1.098055556,,,,,,,,-608.2
2050,8.36,-0.07,97.2,812.6,-6.8,0,77,,1.128611111,,,,,,,,-819.4
2051,8.31,-0.78,97.4,809.4,-76,0,78,,1.124166667,,,,,,,,-885.4
2052,8.5,0.6,97.2,826.2,58.3,0,77,,1.1475,,,,,,,,-767.9
2053,8.51,1.61,97,825.5,156.2,0,76,,1.146527778,,,,,,,,-669.3
2054,8.55,2.81,96.8,827.6,272,0,75,,1.149444444,,,,,,,,-555.6
2055,8.78,4.27,96.6,848.1,412.5,0,74,,1.177916667,,,,,,,,-435.6
2056,9.05,5.74,96.4,872.4,553.3,0,73,,1.211666667,,,,,,,,-319.1
2057,9.21,6.17,96.2,886,593.6,0,73,,1.230555556,,,,,,,,-292.4
2058,9.22,7.72,95.9,884.2,740.3,0,72,,1.228055556,,,,,,,,-143.9
2059,9.24,10.85,95.5,882.4,1036.2,0,70,,1.225555556,,,,,,,,153.8
2060,9.28,11.76,95.3,884.4,1120.7,0,70,,1.228333333,,,,,,,,236.3
2061,9.3,11.28,95.3,886.3,1075,0,70,,1.230972222,,,,,,,,188.7
2062,9.33,9.54,95.5,891,911.1,0,71,,1.2375,,,,,,,,20.1
2063,9.25,7.73,95.7,885.2,739.8,0,72,,1.229444444,,,,,,,,-145.4
2064,8.03,6.9,95.9,770.1,661.7,0,73,,1.069583333,,,,,,,,-108.4
2065,9.14,4.22,96.2,879.3,406,0,74,,1.22125,,,,,,,,-473.3
2066,9,2.65,96.6,869.4,256,0,75,,1.2075,,,,,,,,-613.4
2067,9,0.98,96.8,871.2,94.9,0,76,,1.21,,,,,,,,-776.3
2068,8.9,-0.84,97.2,865.1,-81.6,0,77,,1.201527778,,,,,,,,-946.7
2069,8.78,1.36,96.9,850.8,131.8,0,76,,1.181666667,,,,,,,,-719
2070,3.88,9.13,95.7,371.3,873.7,0,73,,0.515694444,,,,,,,,502.4
2071,8.73,9.18,95.5,833.7,876.7,0,71,,1.157916667,,,,,,,,43
2072,9.22,9.74,95.5,880.5,930.2,0,70,,1.222916667,,,,,,,,49.7
2073,9.09,10.63,95.3,866.3,1013,0,69,,1.203194444,,,,,,,,146.7
2074,9.2,10.65,95.2,875.8,1013.9,0,70,,1.216388889,,,,,,,,138.1
2075,9.28,10,95.3,884.4,953,0,70,,1.228333333,,,,,,,,68.6
2076,9.19,7.78,95.6,878.6,743.8,0,72,,1.220277778,,,,,,,,-134.8
2077,9.14,5.85,95.9,876.5,561,0,73,,1.217361111,,,,,,,,-315.5
2078,9.16,6.11,95.8,877.5,585.3,0,73,,1.21875,,,,,,,,-292.2
2079,9.26,8.1,95.6,885.3,774.4,0,71,,1.229583333,,,,,,,,-110.9
2080,9.22,10.62,95.2,877.7,1011,0,69,,1.219027778,,,,,,,,133.3
2081,9.29,11.33,95,882.6,1076.4,0,68,,1.225833333,,,,,,,,193.8
2082,9.22,11.35,95,875.9,1078.3,0,67,,1.216527778,,,,,,,,202.4
2083,9.32,11.25,95,885.4,1068.8,0,67,,1.229722222,,,,,,,,183.4
2084,9.28,11.31,95,881.6,1074.5,0,67,,1.224444444,,,,,,,,192.9
2085,9.27,11.07,94.9,879.7,1050.5,0,68,,1.221805556,,,,,,,,170.8
2086,9.25,9.94,95.1,879.7,945.3,0,70,,1.221805556,,,,,,,,65.6
2087,9.25,7.08,95.5,883.4,676.1,0,72,,1.226944444,,,,,,,,-207.3
2088,9.17,4.69,95.9,879.4,449.8,0,74,,1.221388889,,,,,,,,-429.6
2089,9.06,3.31,96.2,871.6,318.4,0,74,,1.210555556,,,,,,,,-553.2
2090,9.11,2.99,96.2,876.4,287.6,0,75,,1.217222222,,,,,,,,-588.8
2091,8.97,2.56,96.4,864.7,246.8,0,75,,1.200972222,,,,,,,,-617.9
2092,9.04,2.09,96.4,871.5,201.5,0,75,,1.210416667,,,,,,,,-670
2093,9.02,0.54,96.7,872.2,52.2,0,76,,1.211388889,,,,,,,,-820
2094,8.95,-1.18,97,868.2,-114.5,0,77,,1.205833333,,,,,,,,-982.7
2095,9,-3.12,97.3,875.7,-303.6,0,79,,1.21625,,,,,,,,-1179.3
2096,8.93,-5.6,97.8,873.4,-547.7,0,80,,1.213055556,,,,,,,,-1421.1
2097,8.85,-7.19,98,867.3,-704.6,0,81,,1.204583333,,,,,,,,-1571.9
2098,8.96,-5.09,97.8,876.3,-497.8,0,80,,1.217083333,,,,,,,,-1374.1
2099,8.84,-1.35,97.3,860.1,-131.4,0,77,,1.194583333,,,,,,,,-991.5
2100,8.76,3.09,96.6,846.2,298.5,0,75,,1.175277778,,,,,,,,-547.7
2101,9.04,5.9,96.1,868.7,567,0,73,,1.206527778,,,,,,,,-301.7
2102,9.03,6.66,96,866.9,639.4,0,73,,1.204027778,,,,,,,,-227.5
2103,9.03,6.38,96,866.9,612.5,0,73,,1.204027778,,,,,,,,-254.4
2104,9.02,5.55,96,865.9,532.8,0,72,,1.202638889,,,,,,,,-333.1
2105,8.98,4.53,96.2,863.9,435.8,0,71,,1.199861111,,,,,,,,-428.1
2106,9.03,1.35,96.8,874.1,130.7,0,70,,1.214027778,,,,,,,,-743.4
2107,8.76,1.58,96.7,847.1,152.8,0,68,,1.176527778,,,,,,,,-694.3
2108,8.84,1.5,96.7,854.8,145.1,0,66,,1.187222222,,,,,,,,-709.7
2109,9.02,1.39,96.8,873.1,134.6,0,65,,1.212638889,,,,,,,,-738.5
2110,9.3,1.11,96.8,900.2,107.4,0,63,,1.250277778,,,,,,,,-792.8
2111,9.2,1.2,96.8,890.6,116.2,0,63,,1.236944444,,,,,,,,-774.4
2112,8.86,1.49,96.8,857.6,144.2,0,63,,1.191111111,,,,,,,,-713.4
2113,9,3.98,96.3,866.7,383.3,0,64,,1.20375,,,,,,,,-483.4
2114,9.02,4.47,96.3,868.6,430.5,0,67,,1.206388889,,,,,,,,-438.1
2115,9.12,4.3,96.2,877.3,413.7,0,70,,1.218472222,,,,,,,,-463.6
2116,9.2,3.7,96.4,886.9,356.7,0,74,,1.231805556,,,,,,,,-530.2
2117,8.85,-0.37,97,858.5,-35.9,0,77,,1.192361111,,,,,,,,-894.4
2118,8.91,-3.92,97.5,868.7,-382.2,0,79,,1.206527778,,,,,,,,-1250.9
2119,8.82,-3.73,97.6,860.8,-364,0,79,,1.195555556,,,,,,,,-1224.8
2120,8.78,-2.24,97.4,855.2,-218.2,0,78,,1.187777778,,,,,,,,-1073.4
2121,9.03,1.12,96.9,875,108.5,0,76,,1.215277778,,,,,,,,-766.5
2122,8.95,3,96.6,864.6,289.8,0,75,,1.200833333,,,,,,,,-574.8
2123,9.04,3.93,96.4,871.5,378.9,0,73,,1.210416667,,,,,,,,-492.6
2124,8.9,4.69,96.3,857.1,451.6,0,71,,1.190416667,,,,,,,,-405.5
2125,8.85,4.53,96.2,851.4,435.8,0,70,,1.1825,,,,,,,,-415.6
2126,8.95,4.45,96.3,861.9,428.5,0,68,,1.197083333,,,,,,,,-433.4
2127,9.02,5.37,96.2,867.7,516.6,0,66,,1.205138889,,,,,,,,-351.1
2128,9.24,8.12,95.6,883.3,776.3,0,66,,1.226805556,,,,,,,,-107
2129,9.27,8.08,95.6,886.2,772.4,0,67,,1.230833333,,,,,,,,-113.8
2130,9.25,8.02,95.6,884.3,766.7,0,68,,1.228194444,,,,,,,,-117.6
2131,9.27,7.96,95.5,885.3,760.2,0,69,,1.229583333,,,,,,,,-125.1
2132,9.39,7.78,95.6,897.7,743.8,0,70,,1.246805556,,,,,,,,-153.9
2133,9.43,6.96,95.6,901.5,665.4,0,71,,1.252083333,,,,,,,,-236.1
2134,9.46,6.39,95.7,905.3,611.5,0,73,,1.257361111,,,,,,,,-293.8
2135,9.43,3.72,96.1,906.2,357.5,0,74,,1.258611111,,,,,,,,-548.7
2136,9.39,1.04,96.6,907.1,100.5,0,76,,1.259861111,,,,,,,,-806.6
2137,9.34,-0.09,96.8,904.1,-8.7,0,76,,1.255694444,,,,,,,,-912.8
2138,9.3,0.3,96.7,899.3,29,0,76,,1.249027778,,,,,,,,-870.3
2139,9.05,0.89,96.7,875.1,86.1,0,76,,1.215416667,,,,,,,,-789
2140,8.95,1.98,96.5,863.7,191.1,0,75,,1.199583333,,,,,,,,-672.6
2141,8.94,2.89,96.4,861.8,278.6,0,75,,1.196944444,,,,,,,,-583.2
2142,8.87,4.01,96.2,853.3,385.8,0,74,,1.185138889,,,,,,,,-467.5
2143,8.93,4.14,96.2,859.1,398.3,0,74,,1.193194444,,,,,,,,-460.8
2144,8.69,4.29,96.2,836,412.7,0,74,,1.161111111,,,,,,,,-423.3
2145,8.58,4.9,96.1,824.5,470.9,0,74,,1.145138889,,,,,,,,-353.6
2146,8.67,5.29,96,832.3,507.8,0,73,,1.155972222,,,,,,,,-324.5
2147,8.48,5.68,95.9,813.2,544.7,0,73,,1.129444444,,,,,,,,-268.5
2148,8.49,5.28,95.9,814.2,506.4,0,73,,1.130833333,,,,,,,,-307.8
2149,8.26,4.63,96.1,793.8,444.9,0,74,,1.1025,,,,,,,,-348.9
2150,8.27,3.59,96.2,795.6,345.4,0,75,,1.105,,,,,,,,-450.2
2151,8.21,2.43,96.4,791.4,234.3,0,75,,1.099166667,,,,,,,,-557.1
2152,8.35,0.18,96.8,808.3,17.4,0,77,,1.122638889,,,,,,,,-790.9
2153,7.94,-1.13,97,770.2,-109.6,0,78,,1.069722222,,,,,,,,-879.8
2154,7.34,-3.07,97.3,714.2,-298.7,0,79,,0.991944444,,,,,,,,-1012.9
2155,8.11,-3.14,97.3,789.1,-305.5,0,79,,1.095972222,,,,,,,,-1094.6
2156,6.74,1.16,96.7,651.8,112.2,0,77,,0.905277778,,,,,,,,-539.6
2157,8.99,3.75,96.3,865.7,361.1,0,74,,1.202361111,,,,,,,,-504.6
2158,9.23,4.95,96.1,887,475.7,0,73,,1.231944444,,,,,,,,-411.3
2159,8.95,-0.29,96.9,867.3,-28.1,0,73,,1.204583333,,,,,,,,-895.4
2160,8.92,-8,98,874.2,-784,0,71,,1.214166667,,,,,,,,-1658.2
2161,8.27,-29.25,101.4,838.6,-2966,0,65,,1.164722222,,,,,,,,-3804.6
2162,8.17,-28.82,101.5,829.3,-2925.2,0,52,,1.151805556,,,,,,,,-3754.5
2163,8.74,-7.86,98.4,860,-773.4,0,46,,1.194444444,,,,,,,,-1633.4
2164,8.78,-2.97,97.7,857.8,-290.2,0,49,,1.191388889,,,,,,,,-1148
2165,6.51,-5.74,98.1,638.6,-563.1,0,48,,0.886944444,,,,,,,,-1201.7
2166,8.69,-7.79,98.4,855.1,-766.5,0,46,,1.187638889,,,,,,,,-1621.6
2167,8.65,-3.65,97.8,846,-357,0,43,,1.175,,,,,,,,-1203
2168,8.79,1.88,97,852.6,182.4,0,43,,1.184166667,,,,,,,,-670.2
2169,8.77,1.93,97,850.7,187.2,0,42,,1.181527778,,,,,,,,-663.5
2170,8.85,1.81,96.9,857.6,175.4,0,42,,1.191111111,,,,,,,,-682.2
2171,8.53,-7.65,98.4,839.4,-752.8,0,33,,1.165833333,,,,,,,,-1592.2
2172,8.92,0.82,97.1,866.1,79.6,0,31,,1.202916667,,,,,,,,-786.5
2173,8.84,0.24,97.2,859.2,23.3,0,33,,1.193333333,,,,,,,,-835.9
2174,8.46,-7.58,98.3,831.6,-745.1,0,32,,1.155,,,,,,,,-1576.7
2175,8.44,-10.36,98.8,833.9,-1023.6,0,26,,1.158194444,,,,,,,,-1857.5
2176,8.34,-11.15,99,825.7,-1103.9,0,18,,1.146805556,,,,,,,,-1929.6
2177,8.82,-7.93,98.6,869.7,-781.9,0,5,,1.207916667,,,,,,,,-1651.6
2178,9.09,-8.16,98.6,896.3,-804.6,0,0,,1.244861111,,,,,,,,-1700.9
2179,9.06,-8.14,98.6,893.3,-802.6,0,0,,1.240694444,,,,,,,,-1695.9
2180,9.06,-8.15,98.6,893.3,-803.6,0,0,,1.240694444,,,,,,,,-1696.9
2181,9.05,-8.13,98.6,892.3,-801.6,0,0,,1.239305556,,,,,,,,-1693.9
2182,9.02,-8.11,98.6,889.4,-799.6,0,0,,1.235277778,,,,,,,,-1689
2183,9.02,-8.11,98.6,889.4,-799.6,0,0,,1.235277778,,,,,,,,-1689
2184,9.02,-8.12,98.6,889.4,-800.6,0,0,,1.235277778,,,,,,,,-1690
2185,9.01,-8.11,98.6,888.4,-799.6,0,0,,1.233888889,,,,,,,,-1688
2186,9.01,-8.09,98.6,888.4,-797.7,0,0,,1.233888889,,,,,,,,-1686.1
2187,9.33,0.4,97.4,908.7,39,0,0,,1.262083333,,,,,,,,-869.7
2188,9.29,-4.36,98.1,911.3,-427.7,0,0,,1.265694444,,,,,,,,-1339
2189,9.08,-8.16,98.6,895.3,-804.6,0,0,,1.243472222,,,,,,,,-1699.9
2190,9.06,-8.15,98.7,894.2,-804.4,0,0,,1.241944444,,,,,,,,-1698.6
2191,9.07,-8.16,98.6,894.3,-804.6,0,0,,1.242083333,,,,,,,,-1698.9
2192,9.08,-8.17,98.7,896.2,-806.4,0,0,,1.244722222,,,,,,,,-1702.6
2193,9.08,-8.16,98.7,896.2,-805.4,0,0,,1.244722222,,,,,,,,-1701.6
2194,9.08,-8.16,98.7,896.2,-805.4,0,0,,1.244722222,,,,,,,,-1701.6
2195,9.06,-8.15,98.7,894.2,-804.4,0,0,,1.241944444,,,,,,,,-1698.6
2196,9.06,-8.14,98.7,894.2,-803.4,0,0,,1.241944444,,,,,,,,-1697.6
2197,9.06,-8.13,98.7,894.2,-802.4,0,0,,1.241944444,,,,,,,,-1696.6
2198,9.05,-8.13,98.7,893.2,-802.4,0,0,,1.240555556,,,,,,,,-1695.6
2199,9.05,-8.14,98.7,893.2,-803.4,0,0,,1.240555556,,,,,,,,-1696.6
2200,9.04,-8.1,98.8,893.2,-800.3,0,0,,1.240555556,,,,,,,,-1693.5
2201,9.04,-8.12,98.8,893.2,-802.3,0,0,,1.240555556,,,,,,,,-1695.5
2202,9.03,-8.12,98.8,892.2,-802.3,0,0,,1.239166667,,,,,,,,-1694.5
2203,9.03,-8.12,98.9,893.1,-803.1,0,0,,1.240416667,,,,,,,,-1696.2
2204,9.04,-8.13,98.9,894.1,-804.1,0,0,,1.241805556,,,,,,,,-1698.2
2205,9.04,-8.12,98.8,893.2,-802.3,0,0,,1.240555556,,,,,,,,-1695.5
2206,8.76,3.09,97.1,850.6,300,0,8,,1.181388889,,,,,,,,-550.6
2207,8.61,12.01,95.8,824.8,1150.6,0,23,,1.145555556,,,,,,,,325.8
2208,8.36,13.1,95.6,799.2,1252.4,0,36,,1.11,,,,,,,,453.2
2209,8.32,6.71,96.3,801.2,646.2,0,44,,1.112777778,,,,,,,,-155
2210,8.27,5.8,96.5,798.1,559.7,0,49,,1.108472222,,,,,,,,-238.4
2211,8.27,5.76,96.5,798.1,555.8,0,54,,1.108472222,,,,,,,,-242.3
2212,8.16,4.89,96.6,788.3,472.4,0,59,,1.094861111,,,,,,,,-315.9
2213,8.24,4.82,96.5,795.2,465.1,0,63,,1.104444444,,,,,,,,-330.1
2214,8.21,4.82,96.5,792.3,465.1,0,65,,1.100416667,,,,,,,,-327.2
2215,8.24,4.81,96.5,795.2,464.2,0,65,,1.104444444,,,,,,,,-331
2216,8.51,4.59,96.5,821.2,442.9,0,66,,1.140555556,,,,,,,,-378.3
2217,8.54,4.56,96.5,824.1,440,0,67,,1.144583333,,,,,,,,-384.1
2218,8.59,4.53,96.5,828.9,437.1,0,69,,1.15125,,,,,,,,-391.8
2219,8.28,3.89,96.6,799.8,375.8,0,71,,1.110833333,,,,,,,,-424
2220,7.53,-23.57,100.7,758.3,-2373.5,0,71,,1.053194444,,,,,,,,-3131.8
2221,7.58,-29.1,101.8,771.6,-2962.4,0,59,,1.071666667,,,,,,,,-3734
2222,8.35,-7.49,98.6,823.3,-738.5,0,53,,1.143472222,,,,,,,,-1561.8
2223,5.11,-17.48,100.1,511.5,-1749.7,0,45,,0.710416667,,,,,,,,-2261.2
2224,4.14,-20.27,100.6,416.5,-2039.2,0,39,,0.578472222,,,,,,,,-2455.7
2225,4.69,-12.08,99.5,466.7,-1202,0,27,,0.648194444,,,,,,,,-1668.7
2226,8.69,-9.97,99.1,861.2,-988,0,19,,1.196111111,,,,,,,,-1849.2
2227,8.74,-7.85,98.8,863.5,-775.6,0,11,,1.199305556,,,,,,,,-1639.1
2228,8.71,-7.84,98.9,861.4,-775.4,0,0,,1.196388889,,,,,,,,-1636.8
2229,8.69,-7.83,98.9,859.4,-774.4,0,0,,1.193611111,,,,,,,,-1633.8
2230,8.72,-7.85,98.8,861.5,-775.6,0,0,,1.196527778,,,,,,,,-1637.1
2231,8.65,-7.79,98.8,854.6,-769.7,0,0,,1.186944444,,,,,,,,-1624.3
2232,8.33,-7.49,98.8,823,-740,0,0,,1.143055556,,,,,,,,-1563
2233,8.22,-7.38,98.7,811.3,-728.4,0,0,,1.126805556,,,,,,,,-1539.7
2234,8.57,-7.71,98.9,847.6,-762.5,0,0,,1.177222222,,,,,,,,-1610.1
2235,8.51,-7.66,98.9,841.6,-757.6,0,0,,1.168888889,,,,,,,,-1599.2
2236,8.53,-7.67,98.8,842.8,-757.8,0,0,,1.170555556,,,,,,,,-1600.6
2237,8.59,-7.73,98.9,849.6,-764.5,0,0,,1.18,,,,,,,,-1614.1
2238,7.87,-7.07,98.7,776.8,-697.8,0,0,,1.078888889,,,,,,,,-1474.6
2239,8.56,-7.69,98.9,846.6,-760.5,0,0,,1.175833333,,,,,,,,-1607.1
2240,8.36,-7.51,98.9,826.8,-742.7,0,0,,1.148333333,,,,,,,,-1569.5
2241,7.8,-6.99,98.8,770.6,-690.6,0,0,,1.070277778,,,,,,,,-1461.2
2242,8.54,-7.68,98.9,844.6,-759.6,0,0,,1.173055556,,,,,,,,-1604.2
2243,7.82,-7.01,98.8,772.6,-692.6,0,0,,1.073055556,,,,,,,,-1465.2
2244,7.14,-6.39,98.7,704.7,-630.7,0,0,,0.97875,,,,,,,,-1335.4
2245,7.64,-6.85,98.7,754.1,-676.1,0,0,,1.047361111,,,,,,,,-1430.2
2246,7.85,-7.04,98.8,775.6,-695.6,0,0,,1.077222222,,,,,,,,-1471.2
2247,7.92,-7.11,98.8,782.5,-702.5,0,0,,1.086805556,,,,,,,,-1485
2248,8.21,-7.37,98.9,812,-728.9,0,0,,1.127777778,,,,,,,,-1540.9
2249,8.34,-7.5,98.9,824.8,-741.8,0,0,,1.145555556,,,,,,,,-1566.6
2250,8.34,-7.49,98.9,824.8,-740.8,0,0,,1.145555556,,,,,,,,-1565.6
2251,8.34,-7.5,98.9,824.8,-741.8,0,0,,1.145555556,,,,,,,,-1566.6
2252,8.13,-7.31,98.9,804.1,-723,0,0,,1.116805556,,,,,,,,-1527.1
2253,7.43,-6.65,98.8,734.1,-657,0,0,,1.019583333,,,,,,,,-1391.1
2254,7.87,-7.06,98.8,777.6,-697.5,0,0,,1.08,,,,,,,,-1475.1
2255,7.97,-7.15,98.9,788.2,-707.1,0,0,,1.094722222,,,,,,,,-1495.3
2256,7.94,-7.14,98.9,785.3,-706.1,0,0,,1.090694444,,,,,,,,-1491.4
2257,7.98,-7.17,98.9,789.2,-709.1,0,0,,1.096111111,,,,,,,,-1498.3
2258,8.11,-7.27,98.9,802.1,-719,0,0,,1.114027778,,,,,,,,-1521.1
2259,7.22,-6.47,98.9,714.1,-639.9,0,0,,0.991805556,,,,,,,,-1354
2260,7.02,-6.28,98.8,693.6,-620.5,0,0,,0.963333333,,,,,,,,-1314.1
2261,6.98,-6.23,98.8,689.6,-615.5,0,0,,0.957777778,,,,,,,,-1305.1
2262,7.01,-6.27,98.8,692.6,-619.5,0,0,,0.961944444,,,,,,,,-1312.1
2263,7.28,-6.52,98.9,720,-644.8,0,0,,1,,,,,,,,-1364.8
2264,7.14,-6.39,98.9,706.1,-632,0,0,,0.980694444,,,,,,,,-1338.1
2265,7.29,-6.52,98.9,721,-644.8,0,0,,1.001388889,,,,,,,,-1365.8
2266,7.1,-6.35,98.9,702.2,-628,0,0,,0.975277778,,,,,,,,-1330.2
2267,7.23,-6.46,98.9,715,-638.9,0,0,,0.993055556,,,,,,,,-1353.9
2268,7.32,-6.55,98.9,723.9,-647.8,0,0,,1.005416667,,,,,,,,-1371.7
2269,7.28,-6.51,98.9,720,-643.8,0,0,,1,,,,,,,,-1363.8
2270,7.36,-6.6,98.9,727.9,-652.7,0,0,,1.010972222,,,,,,,,-1380.6
2271,7.31,-6.54,98.9,723,-646.8,0,0,,1.004166667,,,,,,,,-1369.8
2272,7.4,-6.63,98.9,731.9,-655.7,0,0,,1.016527778,,,,,,,,-1387.6
2273,7.89,-7.08,98.9,780.3,-700.2,0,0,,1.08375,,,,,,,,-1480.5
2274,7.95,-7.14,98.9,786.3,-706.1,0,0,,1.092083333,,,,,,,,-1492.4
2275,7.97,-7.16,98.9,788.2,-708.1,0,0,,1.094722222,,,,,,,,-1496.3
2276,7.61,-6.83,98.9,752.6,-675.5,0,0,,1.045277778,,,,,,,,-1428.1
2277,7.72,-6.93,98.9,763.5,-685.4,0,0,,1.060416667,,,,,,,,-1448.9
2278,7.51,-6.74,98.9,742.7,-666.6,0,0,,1.031527778,,,,,,,,-1409.3
2279,7.33,-6.56,98.9,724.9,-648.8,0,0,,1.006805556,,,,,,,,-1373.7
2280,7.3,-6.53,98.9,722,-645.8,0,0,,1.002777778,,,,,,,,-1367.8
2281,7.3,-6.54,98.9,722,-646.8,0,0,,1.002777778,,,,,,,,-1368.8
2282,7.32,-6.56,98.9,723.9,-648.8,0,0,,1.005416667,,,,,,,,-1372.7
2283,7.37,-6.6,98.9,728.9,-652.7,0,0,,1.012361111,,,,,,,,-1381.6
2284,7.86,-7.06,99,778.1,-698.9,0,0,,1.080694444,,,,,,,,-1477
2285,7.87,-7.07,99,779.1,-699.9,0,0,,1.082083333,,,,,,,,-1479
2286,7.88,-7.08,99,780.1,-700.9,0,0,,1.083472222,,,,,,,,-1481
2287,7.85,-7.05,99,777.2,-698,0,0,,1.079444444,,,,,,,,-1475.2
2288,7.87,-7.06,99.1,779.9,-699.6,0,0,,1.083194444,,,,,,,,-1479.5
2289,7.88,-7.08,99.1,780.9,-701.6,0,0,,1.084583333,,,,,,,,-1482.5
2290,7.63,-6.84,99,755.4,-677.2,0,0,,1.049166667,,,,,,,,-1432.6
2291,7.54,-6.75,99,746.5,-668.3,0,0,,1.036805556,,,,,,,,-1414.8
2292,7.62,-6.83,99,754.4,-676.2,0,0,,1.047777778,,,,,,,,-1430.6
2293,7.07,-6.32,99,699.9,-625.7,0,0,,0.972083333,,,,,,,,-1325.6
2294,7.09,-6.34,99,701.9,-627.7,0,0,,0.974861111,,,,,,,,-1329.6
2295,8.06,-7.24,99.2,799.6,-718.2,0,0,,1.110555556,,,,,,,,-1517.8
2296,8.09,-7.25,99.2,802.5,-719.2,0,0,,1.114583333,,,,,,,,-1521.7
2297,7.95,-7.13,99.1,787.8,-706.6,0,0,,1.094166667,,,,,,,,-1494.4
2298,7.9,-7.09,99.1,782.9,-702.6,0,0,,1.087361111,,,,,,,,-1485.5
2299,8.02,-7.21,99.2,795.6,-715.2,0,0,,1.105,,,,,,,,-1510.8
2300,7.92,-7.11,99.2,785.7,-705.3,0,0,,1.09125,,,,,,,,-1491
2301,7.22,-6.46,99,714.8,-639.5,0,0,,0.992777778,,,,,,,,-1354.3
2302,7.38,-6.61,99.1,731.4,-655.1,0,0,,1.015833333,,,,,,,,-1386.5
2303,7.7,-6.91,99.2,763.8,-685.5,0,0,,1.060833333,,,,,,,,-1449.3
2304,8.26,-7.42,99.2,819.4,-736.1,0,0,,1.138055556,,,,,,,,-1555.5
2305,8.25,-7.41,99.2,818.4,-735.1,0,0,,1.136666667,,,,,,,,-1553.5
2306,8.23,-7.37,99.2,816.4,-731.1,0,0,,1.133888889,,,,,,,,-1547.5
2307,7.91,-7.08,99.1,783.9,-701.6,0,0,,1.08875,,,,,,,,-1485.5
2308,8.23,-7.4,99.2,816.4,-734.1,0,0,,1.133888889,,,,,,,,-1550.5
2309,7.22,-6.46,99.1,715.5,-640.2,0,0,,0.99375,,,,,,,,-1355.7
2310,7.83,-7.02,99.2,776.7,-696.4,0,0,,1.07875,,,,,,,,-1473.1
2311,8.18,-7.35,99.2,811.5,-729.1,0,0,,1.127083333,,,,,,,,-1540.6
2312,8.31,-7.47,99.3,825.2,-741.8,0,0,,1.146111111,,,,,,,,-1567
2313,8.42,-7.56,99.3,836.1,-750.7,0,0,,1.16125,,,,,,,,-1586.8
2314,8.5,-7.65,99.3,844.1,-759.6,0,0,,1.172361111,,,,,,,,-1603.7
2315,8.52,-7.67,99.3,846,-761.6,0,0,,1.175,,,,,,,,-1607.6
2316,8.51,-7.66,99.3,845,-760.6,0,0,,1.173611111,,,,,,,,-1605.6
2317,8.49,-7.64,99.3,843.1,-758.7,0,0,,1.170972222,,,,,,,,-1601.8
2318,8.5,-7.65,99.3,844.1,-759.6,0,0,,1.172361111,,,,,,,,-1603.7
2319,8.52,-7.66,99.4,846.9,-761.4,0,0,,1.17625,,,,,,,,-1608.3
2320,8.5,-7.65,99.3,844.1,-759.6,0,0,,1.172361111,,,,,,,,-1603.7
2321,8.5,-7.65,99.3,844.1,-759.6,0,0,,1.172361111,,,,,,,,-1603.7
2322,7.51,-6.73,99.2,745,-667.6,0,0,,1.034722222,,,,,,,,-1412.6
2323,7.71,-6.92,99.3,765.6,-687.2,0,0,,1.063333333,,,,,,,,-1452.8
2324,7.69,-6.83,99.3,763.6,-678.2,0,0,,1.060555556,,,,,,,,-1441.8
2325,7.61,-6.82,99.3,755.7,-677.2,0,0,,1.049583333,,,,,,,,-1432.9
2326,7.66,-6.87,99.3,760.6,-682.2,0,0,,1.056388889,,,,,,,,-1442.8
2327,7.24,-6.46,99.2,718.2,-640.8,0,0,,0.9975,,,,,,,,-1359
2328,7.21,-6.45,99.2,715.2,-639.8,0,0,,0.993333333,,,,,,,,-1355
2329,7.33,-6.49,99.2,727.1,-643.8,0,0,,1.009861111,,,,,,,,-1370.9
2330,7.18,-6.42,99.2,712.3,-636.9,0,0,,0.989305556,,,,,,,,-1349.2
2331,7.27,-6.46,99.2,721.2,-640.8,0,0,,1.001666667,,,,,,,,-1362
2332,7.29,-6.52,99.2,723.2,-646.8,0,0,,1.004444444,,,,,,,,-1370
2333,7.3,-6.54,99.2,724.2,-648.8,0,0,,1.005833333,,,,,,,,-1373
2334,7.66,-6.87,99.3,760.6,-682.2,0,0,,1.056388889,,,,,,,,-1442.8
2335,7.66,-6.87,99.3,760.6,-682.2,0,0,,1.056388889,,,,,,,,-1442.8
2336,7.65,-6.86,99.3,759.6,-681.2,0,0,,1.055,,,,,,,,-1440.8
2337,7.56,-6.78,99.3,750.7,-673.3,0,0,,1.042638889,,,,,,,,-1424
2338,8.24,-7.4,99.5,819.9,-736.3,0,0,,1.13875,,,,,,,,-1556.2
2339,8.34,-7.48,99.4,829,-743.5,0,0,,1.151388889,,,,,,,,-1572.5
2340,8.47,-7.6,99.5,842.8,-756.2,0,0,,1.170555556,,,,,,,,-1599
2341,8.55,-7.67,99.5,850.7,-763.2,0,0,,1.181527778,,,,,,,,-1613.9
2342,8.56,-7.68,99.5,851.7,-764.2,0,0,,1.182916667,,,,,,,,-1615.9
2343,8.54,-7.67,99.5,849.7,-763.2,0,0,,1.180138889,,,,,,,,-1612.9
2344,8.54,-7.67,99.5,849.7,-763.2,0,0,,1.180138889,,,,,,,,-1612.9
2345,8.55,-7.68,99.5,850.7,-764.2,0,0,,1.181527778,,,,,,,,-1614.9
2346,8.56,-7.68,99.5,851.7,-764.2,0,0,,1.182916667,,,,,,,,-1615.9
2347,8.56,-7.67,99.5,851.7,-763.2,0,0,,1.182916667,,,,,,,,-1614.9
2348,8.56,-7.68,99.5,851.7,-764.2,0,0,,1.182916667,,,,,,,,-1615.9
2349,8.57,-7.69,99.5,852.7,-765.2,0,0,,1.184305556,,,,,,,,-1617.9
2350,8.56,-7.68,99.5,851.7,-764.2,0,0,,1.182916667,,,,,,,,-1615.9
2351,8.55,-7.68,99.5,850.7,-764.2,0,0,,1.181527778,,,,,,,,-1614.9
2352,8.55,-7.67,99.6,851.6,-763.9,0,0,,1.182777778,,,,,,,,-1615.5
2353,8.54,-7.67,99.5,849.7,-763.2,0,0,,1.180138889,,,,,,,,-1612.9
2354,8.61,-5.73,99.3,855,-569,0,0,,1.1875,,,,,,,,-1424
2355,8.6,-4.81,99.2,853.1,-477.2,0,6,,1.184861111,,,,,,,,-1330.3
2356,8.76,-2.5,98.8,865.5,-247,0,14,,1.202083333,,,,,,,,-1112.5
2357,6.76,3.54,97.9,661.8,346.6,0,22,,0.919166667,,,,,,,,-315.2
2358,6.66,4.47,97.7,650.7,436.7,0,31,,0.90375,,,,,,,,-214
2359,3.93,6.74,97.3,382.4,655.8,0,39,,0.531111111,,,,,,,,273.4
2360,6.83,4.29,97.7,667.3,419.1,0,46,,0.926805556,,,,,,,,-248.2
2361,8.89,2.59,97.9,870.3,253.6,0,51,,1.20875,,,,,,,,-616.7
2362,8.76,2.68,97.9,857.6,262.4,0,55,,1.191111111,,,,,,,,-595.2
2363,8.74,3.74,97.7,853.9,365.4,0,58,,1.185972222,,,,,,,,-488.5
2364,8.75,3.7,97.7,854.9,361.5,0,60,,1.187361111,,,,,,,,-493.4
2365,5.75,6.25,97.3,559.5,608.1,0,62,,0.777083333,,,,,,,,48.6
2366,8.79,3.67,97.7,858.8,358.6,0,64,,1.192777778,,,,,,,,-500.2
2367,8.83,3.63,97.7,862.7,354.7,0,67,,1.198194444,,,,,,,,-508
2368,8.79,3.67,97.7,858.8,358.6,0,70,,1.192777778,,,,,,,,-500.2
2369,8.88,3.75,97.6,866.7,366,0,73,,1.20375,,,,,,,,-500.7
2370,8.86,2.83,97.7,865.6,276.5,0,75,,1.202222222,,,,,,,,-589.1
2371,8.78,0.87,98,860.4,85.3,0,77,,1.195,,,,,,,,-775.1
2372,8.97,-1.09,98.3,881.8,-107.1,0,79,,1.224722222,,,,,,,,-988.9
2373,8.81,-2.22,98.5,867.8,-218.7,0,79,,1.205277778,,,,,,,,-1086.5
2374,8.86,-3.69,98.7,874.5,-364.2,0,80,,1.214583333,,,,,,,,-1238.7
2375,8.98,-3.18,98.7,886.3,-313.9,0,80,,1.230972222,,,,,,,,-1200.2
2376,9.09,-2.64,98.6,896.3,-260.3,0,79,,1.244861111,,,,,,,,-1156.6
2377,9.15,-1.99,98.5,901.3,-196,0,79,,1.251805556,,,,,,,,-1097.3
2378,9.14,-2.16,98.5,900.3,-212.8,0,79,,1.250416667,,,,,,,,-1113.1
2379,9.06,-2.83,98.6,893.3,-279,0,79,,1.240694444,,,,,,,,-1172.3
2380,9.07,-2.03,98.5,893.4,-200,0,79,,1.240833333,,,,,,,,-1093.4
2381,9.01,0.28,98.2,884.8,27.5,0,77,,1.228888889,,,,,,,,-857.3
2382,8.85,2.99,97.8,865.5,292.4,0,75,,1.202083333,,,,,,,,-573.1
2383,9.05,3.6,97.7,884.2,351.7,0,73,,1.228055556,,,,,,,,-532.5
2384,8.8,3.76,97.6,858.9,367,0,72,,1.192916667,,,,,,,,-491.9
2385,8.81,3.84,97.6,859.9,374.8,0,72,,1.194305556,,,,,,,,-485.1
2386,8.74,3.67,97.6,853,358.2,0,73,,1.184722222,,,,,,,,-494.8
2387,8.75,3.05,97.7,854.9,298,0,75,,1.187361111,,,,,,,,-556.9
2388,8.58,1.54,97.9,840,150.8,0,77,,1.166666667,,,,,,,,-689.2
2389,8.48,-0.87,98.2,832.7,-85.4,0,79,,1.156527778,,,,,,,,-918.1
2390,8.28,-3.4,98.7,817.2,-335.6,0,80,,1.135,,,,,,,,-1152.8
2391,6.76,-1.88,98.5,665.9,-185.2,0,80,,0.924861111,,,,,,,,-851.1
2392,0.94,5.36,97.4,91.6,522.1,0,78,,0.127222222,,,,,,,,430.5
2393,9.32,2.68,97.7,910.6,261.8,0,75,,1.264722222,,,,,,,,-648.8
2394,9.42,3.34,97.7,920.3,326.3,0,73,,1.278194444,,,,,,,,-594
2395,9.57,3.18,97.6,934,310.4,0,72,,1.297222222,,,,,,,,-623.6
2396,9.21,3.29,97.7,899.8,321.4,0,72,,1.249722222,,,,,,,,-578.4
2397,8.94,3.61,97.6,872.5,352.3,0,72,,1.211805556,,,,,,,,-520.2
2398,8.93,3.43,97.6,871.6,334.8,0,73,,1.210555556,,,,,,,,-536.8
2399,9.08,2.93,97.6,886.2,286,0,75,,1.230833333,,,,,,,,-600.2
2400,8.62,1.53,97.9,843.9,149.8,0,77,,1.172083333,,,,,,,,-694.1
2401,9.05,-1.42,98.3,889.6,-139.6,0,79,,1.235555556,,,,,,,,-1029.2
2402,9.12,0.13,98.1,894.7,12.8,0,78,,1.242638889,,,,,,,,-881.9
2403,9.19,2.15,97.8,898.8,210.3,0,76,,1.248333333,,,,,,,,-688.5
2404,9.28,2.7,97.7,906.7,263.8,0,75,,1.259305556,,,,,,,,-642.9
2405,9.26,2.31,97.8,905.6,225.9,0,75,,1.257777778,,,,,,,,-679.7
2406,9.32,1.66,97.9,912.4,162.5,0,76,,1.267222222,,,,,,,,-749.9
2407,9.11,-0.23,98.1,893.7,-22.6,0,78,,1.24125,,,,,,,,-916.3
2408,8.81,-1.04,98.3,866,-102.2,0,78,,1.202777778,,,,,,,,-968.2
2409,8.75,-0.61,98.2,859.3,-59.9,0,78,,1.193472222,,,,,,,,-919.2
2410,8.72,0.48,98,854.6,47,0,78,,1.186944444,,,,,,,,-807.6
2411,8.67,1.37,97.9,848.8,134.1,0,77,,1.178888889,,,,,,,,-714.7
2412,8.95,1.82,97.9,876.2,178.2,0,77,,1.216944444,,,,,,,,-698
2413,9.01,0.93,98,883,91.1,0,77,,1.226388889,,,,,,,,-791.9
2414,9.1,-0.04,98.2,893.6,-3.9,0,78,,1.241111111,,,,,,,,-897.5
2415,9.05,-1.3,98.3,889.6,-127.8,0,78,,1.235555556,,,,,,,,-1017.4
2416,9.21,-0.21,98.2,904.4,-20.6,0,78,,1.256111111,,,,,,,,-925
2417,9.09,1.57,97.9,889.9,153.7,0,77,,1.235972222,,,,,,,,-736.2
2418,9.11,2.69,97.7,890,262.8,0,75,,1.236111111,,,,,,,,-627.2
2419,8.91,3.16,97.6,869.6,308.4,0,74,,1.207777778,,,,,,,,-561.2
2420,8.99,3.29,97.6,877.4,321.1,0,74,,1.218611111,,,,,,,,-556.3
2421,9.36,2.8,97.7,914.5,273.6,0,75,,1.270138889,,,,,,,,-640.9
2422,9.3,2.69,97.7,908.6,262.8,0,75,,1.261944444,,,,,,,,-645.8
2423,9.29,2.5,97.6,906.7,244,0,75,,1.259305556,,,,,,,,-662.7
2424,9.43,2.49,97.7,921.3,243.3,0,75,,1.279583333,,,,,,,,-678
2425,9.34,2.89,97.6,911.6,282.1,0,74,,1.266111111,,,,,,,,-629.5
2426,9.4,3.25,97.6,917.4,317.2,0,73,,1.274166667,,,,,,,,-600.2
2427,9.44,3.18,97.5,920.4,310.1,0,72,,1.278333333,,,,,,,,-610.3
2428,9.34,3.27,97.5,910.7,318.8,0,70,,1.264861111,,,,,,,,-591.9
2429,9.04,3.5,97.5,881.4,341.3,0,68,,1.224166667,,,,,,,,-540.1
2430,9.08,3.45,97.5,885.3,336.4,0,67,,1.229583333,,,,,,,,-548.9
2431,9.15,3.41,97.4,891.2,332.1,0,65,,1.237777778,,,,,,,,-559.1
2432,9.04,3.5,97.5,881.4,341.3,0,63,,1.224166667,,,,,,,,-540.1
2433,9.06,3.47,97.4,882.4,338,0,63,,1.225555556,,,,,,,,-544.4
2434,8.95,3.55,97.4,871.7,345.8,0,63,,1.210694444,,,,,,,,-525.9
2435,9.17,3.38,97.4,893.2,329.2,0,63,,1.240555556,,,,,,,,-564
2436,9.14,3.4,97.4,890.2,331.2,0,65,,1.236388889,,,,,,,,-559
2437,9.22,3.33,97.5,899,324.7,0,67,,1.248611111,,,,,,,,-574.3
2438,9.16,3.36,97.4,892.2,327.3,0,69,,1.239166667,,,,,,,,-564.9
2439,9.39,3.3,97.4,914.6,321.4,0,73,,1.270277778,,,,,,,,-593.2
2440,9.3,2.31,97.6,907.7,225.5,0,75,,1.260694444,,,,,,,,-682.2
2441,9.22,-0.01,98,903.6,-1,0,77,,1.255,,,,,,,,-904.6
2442,9.26,-1.06,98.1,908.4,-104,0,78,,1.261666667,,,,,,,,-1012.4
2443,9.34,-1.25,98.2,917.2,-122.8,0,78,,1.273888889,,,,,,,,-1040
2444,9.62,-1.97,98.2,944.7,-193.5,0,79,,1.312083333,,,,,,,,-1138.2
2445,9.68,-2.61,98.4,952.5,-256.8,0,79,,1.322916667,,,,,,,,-1209.3
2446,9.74,-2.62,98.4,958.4,-257.8,0,79,,1.331111111,,,,,,,,-1216.2
2447,9.74,-2.81,98.5,959.4,-276.8,0,79,,1.3325,,,,,,,,-1236.2
2448,9.72,-2.42,98.4,956.4,-238.1,0,79,,1.328333333,,,,,,,,-1194.5
2449,9.67,-3.11,98.5,952.5,-306.3,0,79,,1.322916667,,,,,,,,-1258.8
2450,9.64,-4.83,98.8,952.4,-477.2,0,80,,1.322777778,,,,,,,,-1429.6
2451,9.54,-6.67,99,944.5,-660.3,0,81,,1.311805556,,,,,,,,-1604.8
2452,9.48,-7.34,99.2,940.4,-728.1,0,82,,1.306111111,,,,,,,,-1668.5
2453,9.64,-4.74,98.9,953.4,-468.8,0,80,,1.324166667,,,,,,,,-1422.2
2454,9.86,-0.28,98.2,968.3,-27.5,0,77,,1.344861111,,,,,,,,-995.8
2455,10.06,4.76,97.4,979.8,463.6,0,74,,1.360833333,,,,,,,,-516.2
2456,10.04,2.56,97.7,980.9,250.1,0,72,,1.362361111,,,,,,,,-730.8
2457,10,2.55,97.7,977,249.1,0,70,,1.356944444,,,,,,,,-727.9
2458,10.05,2.56,97.7,981.9,250.1,0,70,,1.36375,,,,,,,,-731.8
2459,10.01,2.58,97.7,978,252.1,0,70,,1.358333333,,,,,,,,-725.9
2460,9.99,2.63,97.7,976,257,0,71,,1.355555556,,,,,,,,-719
2461,9.93,2.62,97.6,969.2,255.7,0,72,,1.346111111,,,,,,,,-713.5
2462,9.9,2.53,97.6,966.2,246.9,0,74,,1.341944444,,,,,,,,-719.3
2463,9.78,0.94,97.8,956.5,91.9,0,77,,1.328472222,,,,,,,,-864.6
2464,9.79,-1.17,98.2,961.4,-114.9,0,78,,1.335277778,,,,,,,,-1076.3
2465,9.87,-1.2,98.3,970.2,-118,0,78,,1.3475,,,,,,,,-1088.2
2466,9.89,0.44,98,969.2,43.1,0,77,,1.346111111,,,,,,,,-926.1
2467,9.91,1.7,97.8,969.2,166.3,0,75,,1.346111111,,,,,,,,-802.9
2468,9.86,2.31,97.7,963.3,225.7,0,75,,1.337916667,,,,,,,,-737.6
2469,9.87,2.7,97.6,963.3,263.5,0,74,,1.337916667,,,,,,,,-699.8
2470,9.91,2.95,97.5,966.2,287.6,0,73,,1.341944444,,,,,,,,-678.6
2471,9.21,3.12,97.5,898,304.2,0,73,,1.247222222,,,,,,,,-593.8
2472,9.96,2.66,97.6,972.1,259.6,0,72,,1.350138889,,,,,,,,-712.5
2473,9.85,2.81,97.5,960.4,274,0,71,,1.333888889,,,,,,,,-686.4
2474,9.83,2.84,97.5,958.4,276.9,0,71,,1.331111111,,,,,,,,-681.5
2475,9.87,2.74,97.5,962.3,267.2,0,71,,1.336527778,,,,,,,,-695.1
2476,9.81,2.9,97.5,956.5,282.8,0,72,,1.328472222,,,,,,,,-673.7
2477,9.78,2.92,97.5,953.6,284.7,0,72,,1.324444444,,,,,,,,-668.9
2478,9.84,2.85,97.5,959.4,277.9,0,72,,1.3325,,,,,,,,-681.5
2479,9.71,3.11,97.5,946.7,303.2,0,73,,1.314861111,,,,,,,,-643.5
2480,9.65,2.61,97.5,940.9,254.5,0,75,,1.306805556,,,,,,,,-686.4
2481,9.48,1.91,97.7,926.2,186.6,0,76,,1.286388889,,,,,,,,-739.6
2482,9.35,0.89,97.8,914.4,87,0,77,,1.27,,,,,,,,-827.4
2483,9.14,-0.84,98.1,896.6,-82.4,0,78,,1.245277778,,,,,,,,-979
2484,9.03,-1.92,98.2,886.7,-188.5,0,79,,1.231527778,,,,,,,,-1075.2
2485,9.16,-2.74,98.4,901.3,-269.6,0,79,,1.251805556,,,,,,,,-1170.9
2486,9.26,-2.6,98.4,911.2,-255.8,0,79,,1.265555556,,,,,,,,-1167
2487,9.03,-1.27,98.2,886.7,-124.7,0,78,,1.231527778,,,,,,,,-1011.4
2488,9.06,-0.43,98.1,888.8,-42.2,0,78,,1.234444444,,,,,,,,-931
2489,9.16,0.71,97.9,896.8,69.5,0,77,,1.245555556,,,,,,,,-827.3
2490,9.24,1.58,97.7,902.7,154.4,0,76,,1.25375,,,,,,,,-748.3
2491,9.41,1.97,97.7,919.4,192.5,0,76,,1.276944444,,,,,,,,-726.9
2492,9.14,2.71,97.6,892.1,264.5,0,75,,1.239027778,,,,,,,,-627.6
2493,9.34,2.93,97.5,910.7,285.7,0,74,,1.264861111,,,,,,,,-625
2494,9.2,3.37,97.4,896.1,328.2,0,74,,1.244583333,,,,,,,,-567.9
2495,9.38,3.03,97.5,914.6,295.4,0,73,,1.270277778,,,,,,,,-619.2
2496,9.37,3.21,97.4,912.6,312.7,0,73,,1.2675,,,,,,,,-599.9
2497,9.39,3.19,97.4,914.6,310.7,0,73,,1.270277778,,,,,,,,-603.9
2498,9.36,3.13,97.4,911.7,304.9,0,73,,1.26625,,,,,,,,-606.8
2499,9.33,3.01,97.4,908.7,293.2,0,74,,1.262083333,,,,,,,,-615.5
2500,9.25,2.78,97.5,901.9,271.1,0,74,,1.252638889,,,,,,,,-630.8
2501,9.29,2.89,97.4,904.8,281.5,0,74,,1.256666667,,,,,,,,-623.3
2502,9.38,2.42,97.6,915.5,236.2,0,75,,1.271527778,,,,,,,,-679.3
2503,9.2,2.21,97.5,897,215.5,0,76,,1.245833333,,,,,,,,-681.5
2504,9.19,1.43,97.7,897.9,139.7,0,77,,1.247083333,,,,,,,,-758.2
2505,9.24,-0.97,98,905.5,-95.1,0,78,,1.257638889,,,,,,,,-1000.6
2506,9.24,-1.97,98.2,907.4,-193.5,0,79,,1.260277778,,,,,,,,-1100.9
2507,8.99,-0.92,98.1,881.9,-90.3,0,78,,1.224861111,,,,,,,,-972.2
2508,9.23,1.5,97.7,901.8,146.6,0,76,,1.2525,,,,,,,,-755.2
2509,9.31,4,97.3,905.9,389.2,0,74,,1.258194444,,,,,,,,-516.7
2510,9.45,4.1,97.3,919.5,398.9,0,72,,1.277083333,,,,,,,,-520.6
2511,9.36,4.2,97.3,910.7,408.7,0,70,,1.264861111,,,,,,,,-502
2512,9.53,4.05,97.3,927.3,394.1,0,68,,1.287916667,,,,,,,,-533.2
2513,9.43,4.11,97.3,917.5,399.9,0,67,,1.274305556,,,,,,,,-517.6
2514,9.31,3.22,97.4,906.8,313.6,0,67,,1.259444444,,,,,,,,-593.2
2515,9.36,3.18,97.4,911.7,309.7,0,67,,1.26625,,,,,,,,-602
2516,9.37,3.16,97.4,912.6,307.8,0,68,,1.2675,,,,,,,,-604.8
2517,9.45,3.09,97.4,920.4,301,0,69,,1.278333333,,,,,,,,-619.4
2518,9.31,3.2,97.4,906.8,311.7,0,69,,1.259444444,,,,,,,,-595.1
2519,9.37,3.16,97.4,912.6,307.8,0,68,,1.2675,,,,,,,,-604.8
2520,9.36,3.17,97.4,911.7,308.8,0,66,,1.26625,,,,,,,,-602.9
2521,9.36,3.18,97.4,911.7,309.7,0,66,,1.26625,,,,,,,,-602
2522,9.36,3.18,97.4,911.7,309.7,0,66,,1.26625,,,,,,,,-602
2523,9.27,3.23,97.4,902.9,314.6,0,67,,1.254027778,,,,,,,,-588.3
2524,9.46,3.08,97.4,921.4,300,0,68,,1.279722222,,,,,,,,-621.4
2525,9.41,3.16,97.4,916.5,307.8,0,71,,1.272916667,,,,,,,,-608.7
2526,9.44,2.93,97.3,918.5,285.1,0,73,,1.275694444,,,,,,,,-633.4
2527,9.31,1.69,97.6,908.7,164.9,0,76,,1.262083333,,,,,,,,-743.8
2528,9.28,-0.36,97.8,907.6,-35.2,0,78,,1.260555556,,,,,,,,-942.8
2529,9.22,-1.17,98.1,904.5,-114.8,0,78,,1.25625,,,,,,,,-1019.3
2530,9.31,-1.01,98,912.4,-99,0,78,,1.267222222,,,,,,,,-1011.4
2531,9.25,0.5,97.8,904.7,48.9,0,77,,1.256527778,,,,,,,,-855.8
2532,9.42,1.67,97.6,919.4,163,0,76,,1.276944444,,,,,,,,-756.4
2533,9.47,2.7,97.5,923.3,263.3,0,74,,1.282361111,,,,,,,,-660
2534,9.47,3.34,97.3,921.4,325,0,73,,1.279722222,,,,,,,,-596.4
2535,9.35,3.21,97.4,910.7,312.7,0,71,,1.264861111,,,,,,,,-598
2536,9.35,3.21,97.4,910.7,312.7,0,71,,1.264861111,,,,,,,,-598
2537,9.51,3.07,97.4,926.3,299,0,71,,1.286527778,,,,,,,,-627.3
2538,9.5,2.92,97.4,925.3,284.4,0,72,,1.285138889,,,,,,,,-640.9
2539,9.59,2.85,97.3,933.1,277.3,0,74,,1.295972222,,,,,,,,-655.8
2540,9.46,1.67,97.5,922.4,162.8,0,76,,1.281111111,,,,,,,,-759.6
2541,9.31,-1.17,97.9,911.4,-114.5,0,78,,1.265833333,,,,,,,,-1025.9
2542,9.29,-4.01,98.4,914.1,-394.6,0,80,,1.269583333,,,,,,,,-1308.7
2543,9.2,-4.78,98.6,907.1,-471.3,0,80,,1.259861111,,,,,,,,-1378.4
2544,9.16,-5.44,98.6,903.2,-536.4,0,81,,1.254444444,,,,,,,,-1439.6
2545,9.28,-4.38,98.5,914.1,-431.4,0,80,,1.269583333,,,,,,,,-1345.5
2546,9.3,-3.99,98.6,917,-393.4,0,80,,1.273611111,,,,,,,,-1310.4
2547,9.31,-2.93,98.4,916.1,-288.3,0,79,,1.272361111,,,,,,,,-1204.4
2548,9.5,-1.59,98.2,932.9,-156.1,0,78,,1.295694444,,,,,,,,-1089
2549,9.47,-0.07,98,928.1,-6.9,0,77,,1.289027778,,,,,,,,-935
2550,9.49,1.43,97.7,927.2,139.7,0,76,,1.287777778,,,,,,,,-787.5
2551,9.56,1.91,97.7,934,186.6,0,76,,1.297222222,,,,,,,,-747.4
2552,9.57,2.94,97.4,932.1,286.4,0,74,,1.294583333,,,,,,,,-645.7
2553,9.56,3.09,97.4,931.1,301,0,73,,1.293194444,,,,,,,,-630.1
2554,9.54,3.1,97.4,929.2,301.9,0,72,,1.290555556,,,,,,,,-627.3
2555,9.61,3.04,97.4,936,296.1,0,71,,1.3,,,,,,,,-639.9
2556,9.54,3.08,97.4,929.2,300,0,71,,1.290555556,,,,,,,,-629.2
2557,9.62,3.04,97.4,937,296.1,0,71,,1.301388889,,,,,,,,-640.9
2558,9.58,2.97,97.3,932.1,289,0,72,,1.294583333,,,,,,,,-643.1
2559,9.61,2.79,97.4,936,271.7,0,74,,1.3,,,,,,,,-664.3
2560,9.3,1.83,97.5,906.8,178.4,0,76,,1.259444444,,,,,,,,-728.4
2561,9.17,-0.47,97.9,897.7,-46,0,78,,1.246805556,,,,,,,,-943.7
2562,9.02,-3.75,98.4,887.6,-369,0,80,,1.232777778,,,,,,,,-1256.6
2563,8.97,-5.79,98.7,885.3,-571.5,0,81,,1.229583333,,,,,,,,-1456.8
2564,8.95,-5.18,98.6,882.5,-510.7,0,81,,1.225694444,,,,,,,,-1393.2
2565,9.07,-2.39,98.3,891.6,-234.9,0,79,,1.238333333,,,,,,,,-1126.5
2566,9.14,0.68,97.8,893.9,66.5,0,77,,1.241527778,,,,,,,,-827.4
2567,9.21,1.67,97.6,898.9,163,0,76,,1.248472222,,,,,,,,-735.9
2568,9.17,1.39,97.6,895,135.7,0,77,,1.243055556,,,,,,,,-759.3
2569,9.16,0.41,97.8,895.8,40.1,0,77,,1.244166667,,,,,,,,-855.7
2570,9.09,0.86,97.7,888.1,84,0,77,,1.233472222,,,,,,,,-804.1
2571,9.16,1.86,97.6,894,181.5,0,76,,1.241666667,,,,,,,,-712.5
2572,9.25,2.82,97.5,901.9,275,0,74,,1.252638889,,,,,,,,-626.9
2573,9.25,3.37,97.3,900,327.9,0,74,,1.25,,,,,,,,-572.1
2574,9.33,3.19,97.3,907.8,310.4,0,74,,1.260833333,,,,,,,,-597.4
2575,9.23,2.37,97.4,899,230.8,0,75,,1.248611111,,,,,,,,-668.2
2576,9.17,2.06,97.5,894.1,200.9,0,76,,1.241805556,,,,,,,,-693.2
2577,9.29,3.02,97.4,904.8,294.1,0,74,,1.256666667,,,,,,,,-610.7
2578,9.26,3.35,97.3,901,326,0,71,,1.251388889,,,,,,,,-575
2579,9.29,3.24,97.4,904.8,315.6,0,69,,1.256666667,,,,,,,,-589.2
2580,9.37,3.19,97.3,911.7,310.4,0,67,,1.26625,,,,,,,,-601.3
2581,9.44,3.14,97.4,919.5,305.8,0,65,,1.277083333,,,,,,,,-613.7
2582,9.42,3.17,97.3,916.6,308.4,0,64,,1.273055556,,,,,,,,-608.2
2583,9.39,3.2,97.3,913.6,311.4,0,64,,1.268888889,,,,,,,,-602.2
2584,9.35,3.22,97.3,909.8,313.3,0,64,,1.263611111,,,,,,,,-596.5
2585,9.38,3.17,97.3,912.7,308.4,0,64,,1.267638889,,,,,,,,-604.3
2586,9.32,3.23,97.2,905.9,314,0,64,,1.258194444,,,,,,,,-591.9
2587,9.4,3.16,97.3,914.6,307.5,0,65,,1.270277778,,,,,,,,-607.1
2588,9.4,3.14,97.2,913.7,305.2,0,65,,1.269027778,,,,,,,,-608.5
2589,9.33,3.22,97.2,906.9,313,0,67,,1.259583333,,,,,,,,-593.9
2590,9.37,3.19,97.2,910.8,310.1,0,68,,1.265,,,,,,,,-600.7
2591,9.49,3.11,97.3,923.4,302.6,0,70,,1.2825,,,,,,,,-620.8
2592,9.78,2.85,97.3,951.6,277.3,0,71,,1.321666667,,,,,,,,-674.3
2593,9.89,2.78,97.3,962.3,270.5,0,71,,1.336527778,,,,,,,,-691.8
2594,9.86,2.83,97.3,959.4,275.4,0,72,,1.3325,,,,,,,,-684
2595,9.93,2.79,97.3,966.2,271.5,0,72,,1.341944444,,,,,,,,-694.7
2596,9.94,2.74,97.4,968.2,266.9,0,71,,1.344722222,,,,,,,,-701.3
2597,9.86,2.79,97.3,959.4,271.5,0,70,,1.3325,,,,,,,,-687.9
2598,9.89,2.76,97.3,962.3,268.5,0,70,,1.336527778,,,,,,,,-693.8
2599,9.91,2.73,97.3,964.2,265.6,0,69,,1.339166667,,,,,,,,-698.6
2600,9.85,2.81,97.3,958.4,273.4,0,70,,1.331111111,,,,,,,,-685
2601,9.77,2.91,97.2,949.6,282.9,0,71,,1.318888889,,,,,,,,-666.7
2602,9.97,2.55,97.4,971.1,248.4,0,73,,1.34875,,,,,,,,-722.7
2603,9.93,1.86,97.4,967.2,181.2,0,75,,1.343333333,,,,,,,,-786
2604,9.82,0.7,97.6,958.4,68.3,0,76,,1.331111111,,,,,,,,-890.1
2605,9.77,0.2,97.7,954.5,19.5,0,77,,1.325694444,,,,,,,,-935
2606,9.81,0.49,97.6,957.5,47.8,0,76,,1.329861111,,,,,,,,-909.7
2607,9.78,1.82,97.4,952.6,177.3,0,75,,1.323055556,,,,,,,,-775.3
2608,9.61,2.27,97.4,936,221.1,0,74,,1.3,,,,,,,,-714.9
2609,9.47,3.07,97.2,920.5,298.4,0,73,,1.278472222,,,,,,,,-622.1
2610,9.58,3.11,97.2,931.2,302.3,0,71,,1.293333333,,,,,,,,-628.9
2611,9.72,2.94,97.2,944.8,285.8,0,69,,1.312222222,,,,,,,,-659
2612,9.46,3.12,97.2,919.5,303.3,0,66,,1.277083333,,,,,,,,-616.2
2613,9.64,2.98,97.2,937,289.7,0,64,,1.301388889,,,,,,,,-647.3
2614,9.83,2.87,97.2,955.5,279,0,62,,1.327083333,,,,,,,,-676.5
2615,9.23,3.34,97.1,896.2,324.3,0,61,,1.244722222,,,,,,,,-571.9
2616,9.21,3.37,97.1,894.3,327.2,0,60,,1.242083333,,,,,,,,-567.1
2617,9.77,2.86,97.2,949.6,278,0,60,,1.318888889,,,,,,,,-671.6
2618,9.9,2.75,97.2,962.3,267.3,0,60,,1.336527778,,,,,,,,-695
2619,9.89,2.74,97.2,961.3,266.3,0,60,,1.335138889,,,,,,,,-695
2620,9.91,2.77,97.2,963.3,269.2,0,59,,1.337916667,,,,,,,,-694.1
2621,9.81,2.84,97.2,953.5,276,0,60,,1.324305556,,,,,,,,-677.5
2622,10,2.67,97.2,972,259.5,0,59,,1.35,,,,,,,,-712.5
2623,9.99,2.7,97.2,971,262.4,0,60,,1.348611111,,,,,,,,-708.6
2624,9.98,2.73,97.2,970.1,265.4,0,60,,1.347361111,,,,,,,,-704.7
2625,9.89,2.79,97.1,960.3,270.9,0,60,,1.33375,,,,,,,,-689.4
2626,9.74,2.93,97.1,945.8,284.5,0,60,,1.313611111,,,,,,,,-661.3
2627,9.94,2.74,97.2,966.2,266.3,0,60,,1.341944444,,,,,,,,-699.9
2628,9.93,2.74,97.2,965.2,266.3,0,60,,1.340555556,,,,,,,,-698.9
2629,9.87,2.81,97.2,959.4,273.1,0,60,,1.3325,,,,,,,,-686.3
2630,9.94,2.73,97.2,966.2,265.4,0,61,,1.341944444,,,,,,,,-700.8
2631,9.93,2.76,97.2,965.2,268.3,0,62,,1.340555556,,,,,,,,-696.9
2632,9.94,2.74,97.2,966.2,266.3,0,65,,1.341944444,,,,,,,,-699.9
2633,9.88,2.76,97.1,959.3,268,0,68,,1.332361111,,,,,,,,-691.3
2634,9.57,3.11,97.1,929.2,302,0,72,,1.290555556,,,,,,,,-627.2
2635,9.67,1.12,97.4,941.9,109.1,0,76,,1.308194444,,,,,,,,-832.8
2636,9.62,-2.82,98,942.8,-276.4,0,79,,1.309444444,,,,,,,,-1219.2
2637,8.17,-2.29,98,800.7,-224.4,0,79,,1.112083333,,,,,,,,-1025.1
2638,9.92,-1.5,97.9,971.2,-146.9,0,78,,1.348888889,,,,,,,,-1118.1
2639,9.87,2.57,97.3,960.4,250.1,0,75,,1.333888889,,,,,,,,-710.3
2640,9.93,2.76,97.2,965.2,268.3,0,72,,1.340555556,,,,,,,,-696.9
2641,9.88,2.76,97.2,960.3,268.3,0,68,,1.33375,,,,,,,,-692
2642,9.94,2.72,97.2,966.2,264.4,0,65,,1.341944444,,,,,,,,-701.8
2643,9.96,2.68,97.2,968.1,260.5,0,62,,1.344583333,,,,,,,,-707.6
2644,9.92,2.75,97.2,964.2,267.3,0,60,,1.339166667,,,,,,,,-696.9
2645,10.01,2.63,97.2,973,255.6,0,60,,1.351388889,,,,,,,,-717.4
2646,9.8,2.85,97.2,952.6,277,0,62,,1.323055556,,,,,,,,-675.6
2647,9.78,2.82,97.1,949.6,273.8,0,64,,1.318888889,,,,,,,,-675.8
2648,9.91,2.75,97.1,962.3,267,0,68,,1.336527778,,,,,,,,-695.3
2649,9.89,2.86,97.1,960.3,277.7,0,73,,1.33375,,,,,,,,-682.6
2650,9.67,-2.09,97.9,946.7,-204.6,0,79,,1.314861111,,,,,,,,-1151.3
2651,9.6,-6.59,98.5,945.6,-649.1,0,81,,1.313333333,,,,,,,,-1594.7
2652,9.75,-5.68,98.5,960.4,-559.5,0,80,,1.333888889,,,,,,,,-1519.9
2653,9.79,-1.79,98,959.4,-175.4,0,78,,1.3325,,,,,,,,-1134.8
2654,9.82,1.39,97.5,957.5,135.5,0,76,,1.329861111,,,,,,,,-822
2655,9.71,1.37,97.5,946.7,133.6,0,76,,1.314861111,,,,,,,,-813.1
2656,9.68,0.82,97.6,944.8,80,0,76,,1.312222222,,,,,,,,-864.8
2657,9.65,-0.89,97.7,942.8,-87,0,78,,1.309444444,,,,,,,,-1029.8
2658,9.52,-3.69,98.2,934.9,-362.4,0,79,,1.298472222,,,,,,,,-1297.3
2659,7.69,-32.22,102.5,788.2,-3302.6,0,68,,1.094722222,,,,,,,,-4090.8
2660,9.76,-5.17,98.6,962.3,-509.8,0,63,,1.336527778,,,,,,,,-1472.1
2661,9.72,-4.97,98.6,958.4,-490,0,65,,1.331111111,,,,,,,,-1448.4
2662,9.58,-8.48,99.1,949.4,-840.4,0,65,,1.318611111,,,,,,,,-1789.8
2663,9.26,-13.23,99.9,925.1,-1321.7,0,64,,1.284861111,,,,,,,,-2246.8
2664,7.59,-30.32,102.5,778,-3107.8,0,49,,1.080555556,,,,,,,,-3885.8
2665,9.15,-18.27,100.8,922.3,-1841.6,0,36,,1.280972222,,,,,,,,-2763.9
2666,9.6,-14.54,100.3,962.9,-1458.4,0,27,,1.337361111,,,,,,,,-2421.3
2667,9.93,-8.97,99.5,988,-892.5,0,24,,1.372222222,,,,,,,,-1880.5
2668,10.03,-9.04,99.4,997,-898.6,0,25,,1.384722222,,,,,,,,-1895.6
2669,9.66,-15.04,100.4,969.9,-1510,0,27,,1.347083333,,,,,,,,-2479.9
2670,9.46,-8.52,99.4,940.3,-846.9,0,24,,1.305972222,,,,,,,,-1787.2
2671,9.49,-12.53,100,949,-1253,0,23,,1.318055556,,,,,,,,-2202
2672,9.53,-10.43,99.7,950.1,-1039.9,0,13,,1.319583333,,,,,,,,-1990
2673,8.9,-8.03,99.3,883.8,-797.4,0,6,,1.2275,,,,,,,,-1681.2
2674,8.29,-7.45,99.3,823.2,-739.8,0,0,,1.143333333,,,,,,,,-1563
2675,8.33,-7.49,99.3,827.2,-743.8,0,0,,1.148888889,,,,,,,,-1571
2676,7.77,-6.97,99.2,770.8,-691.4,0,0,,1.070555556,,,,,,,,-1462.2
2677,7.74,-6.95,99.2,767.8,-689.4,0,0,,1.066388889,,,,,,,,-1457.2
2678,7.1,-6.36,99.2,704.3,-630.9,0,0,,0.978194444,,,,,,,,-1335.2
2679,7.27,-6.51,99.2,721.2,-645.8,0,0,,1.001666667,,,,,,,,-1367
2680,7.69,-6.9,99.2,762.8,-684.5,0,0,,1.059444444,,,,,,,,-1447.3
2681,6.94,-6.19,99.2,688.4,-614,0,0,,0.956111111,,,,,,,,-1302.4
2682,6.83,-6.11,99.1,676.9,-605.5,0,0,,0.940138889,,,,,,,,-1282.4
2683,6.66,-5.94,99,659.3,-588.1,0,0,,0.915694444,,,,,,,,-1247.4
2684,4.7,-4.11,98.9,464.8,-406.5,0,0,,0.645555556,,,,,,,,-871.3
2685,3.98,-3.44,98.7,392.8,-339.5,0,0,,0.545555556,,,,,,,,-732.3
2686,4.26,-3.71,98.7,420.5,-366.2,0,0,,0.584027778,,,,,,,,-786.7
2687,4.39,-3.83,98.7,433.3,-378,0,0,,0.601805556,,,,,,,,-811.3
2688,4.53,-3.96,98.8,447.6,-391.2,0,0,,0.621666667,,,,,,,,-838.8
2689,4.64,-4.07,98.9,458.9,-402.5,0,0,,0.637361111,,,,,,,,-861.4
2690,4.36,-3.8,98.7,430.3,-375.1,0,0,,0.597638889,,,,,,,,-805.4
2691,4.27,-3.72,98.7,421.4,-367.2,0,0,,0.585277778,,,,,,,,-788.6
2692,4.28,-3.73,98.7,422.4,-368.2,0,0,,0.586666667,,,,,,,,-790.6
2693,4.32,-3.76,98.7,426.4,-371.1,0,0,,0.592222222,,,,,,,,-797.5
2694,4.35,-3.79,98.7,429.3,-374.1,0,0,,0.59625,,,,,,,,-803.4
2695,4.34,-3.77,98.7,428.4,-372.1,0,0,,0.595,,,,,,,,-800.5
2696,4.37,-3.8,98.7,431.3,-375.1,0,0,,0.599027778,,,,,,,,-806.4
2697,4.34,-3.78,98.7,428.4,-373.1,0,0,,0.595,,,,,,,,-801.5
2698,4.08,-3.55,98.7,402.7,-350.4,0,0,,0.559305556,,,,,,,,-753.1
2699,4.36,-3.8,98.7,430.3,-375.1,0,0,,0.597638889,,,,,,,,-805.4
2700,4.29,-3.73,98.7,423.4,-368.2,0,0,,0.588055556,,,,,,,,-791.6
2701,3.35,-2.86,98.6,330.3,-282,0,0,,0.45875,,,,,,,,-612.3
2702,3.55,-3.05,98.6,350,-300.7,0,0,,0.486111111,,,,,,,,-650.7
2703,4.26,-3.71,98.7,420.5,-366.2,0,0,,0.584027778,,,,,,,,-786.7
2704,4.18,-3.63,98.7,412.6,-358.3,0,0,,0.573055556,,,,,,,,-770.9
2705,4.32,-3.76,98.7,426.4,-371.1,0,0,,0.592222222,,,,,,,,-797.5
2706,3.77,-3.25,98.6,371.7,-320.5,0,0,,0.51625,,,,,,,,-692.2
2707,3.79,-3.27,98.6,373.7,-322.4,0,0,,0.519027778,,,,,,,,-696.1
2708,4.17,-3.62,98.7,411.6,-357.3,0,0,,0.571666667,,,,,,,,-768.9
2709,3.52,-3.02,98.6,347.1,-297.8,0,0,,0.482083333,,,,,,,,-644.9
2710,4.27,-3.72,98.8,421.9,-367.5,0,0,,0.585972222,,,,,,,,-789.4
2711,4,-3.47,98.7,394.8,-342.5,0,0,,0.548333333,,,,,,,,-737.3
2712,3.84,-3.31,98.7,379,-326.7,0,0,,0.526388889,,,,,,,,-705.7
2713,3.87,-3.34,98.7,382,-329.7,0,0,,0.530555556,,,,,,,,-711.7
2714,4.3,-3.74,98.8,424.8,-369.5,0,0,,0.59,,,,,,,,-794.3
2715,4.33,-3.77,98.9,428.2,-372.9,0,0,,0.594722222,,,,,,,,-801.1
2716,4.4,-3.83,98.8,434.7,-378.4,0,0,,0.60375,,,,,,,,-813.1
2717,4.39,-3.82,98.9,434.2,-377.8,0,0,,0.603055556,,,,,,,,-812
2718,4.33,-3.77,98.8,427.8,-372.5,0,0,,0.594166667,,,,,,,,-800.3
2719,4.38,-3.83,98.8,432.7,-378.4,0,0,,0.600972222,,,,,,,,-811.1
2720,4.31,-3.76,98.9,426.3,-371.9,0,0,,0.592083333,,,,,,,,-798.2
2721,4.34,-3.78,98.9,429.2,-373.8,0,0,,0.596111111,,,,,,,,-803
2722,4.32,-3.77,98.9,427.2,-372.9,0,0,,0.593333333,,,,,,,,-800.1
2723,4.34,-3.77,98.9,429.2,-372.9,0,0,,0.596111111,,,,,,,,-802.1
2724,4.21,-3.66,98.8,415.9,-361.6,0,0,,0.577638889,,,,,,,,-777.5
2725,4.48,-3.9,98.9,443.1,-385.7,0,0,,0.615416667,,,,,,,,-828.8
2726,4.51,-3.94,98.9,446,-389.7,0,0,,0.619444444,,,,,,,,-835.7
2727,4.79,-4.19,98.9,473.7,-414.4,0,0,,0.657916667,,,,,,,,-888.1
2728,4.83,-4.23,98.9,477.7,-418.3,0,0,,0.663472222,,,,,,,,-896
2729,4.93,-4.33,98.9,487.6,-428.2,0,0,,0.677222222,,,,,,,,-915.8
2730,5.49,-4.86,99,543.5,-481.1,0,0,,0.754861111,,,,,,,,-1024.6
2731,6,-5.32,99.1,594.6,-527.2,0,0,,0.825833333,,,,,,,,-1121.8
2732,6.52,-5.81,99.1,646.1,-575.8,0,0,,0.897361111,,,,,,,,-1221.9
2733,7.05,-6.31,99.2,699.4,-626,0,0,,0.971388889,,,,,,,,-1325.4
2734,8.37,-7.53,99.4,832,-748.5,0,0,,1.155555556,,,,,,,,-1580.5
2735,8.9,-8.01,99.5,885.6,-797,0,0,,1.23,,,,,,,,-1682.6
2736,9.12,-8.23,99.5,907.4,-818.9,0,0,,1.260277778,,,,,,,,-1726.3
2737,9.16,-8.26,99.6,912.3,-822.7,0,0,,1.267083333,,,,,,,,-1735
2738,9.15,-8.25,99.5,910.4,-820.9,0,0,,1.264444444,,,,,,,,-1731.3
2739,9.13,-8.23,99.6,909.3,-819.7,0,0,,1.262916667,,,,,,,,-1729
2740,9.12,-8.22,99.6,908.4,-818.7,0,0,,1.261666667,,,,,,,,-1727.1
2741,9.12,-8.23,99.6,908.4,-819.7,0,0,,1.261666667,,,,,,,,-1728.1
2742,9.11,-8.21,99.6,907.4,-817.7,0,0,,1.260277778,,,,,,,,-1725.1
2743,9.11,-8.21,99.6,907.4,-817.7,0,0,,1.260277778,,,,,,,,-1725.1
2744,9.08,-8.18,99.7,905.3,-815.5,0,0,,1.257361111,,,,,,,,-1720.8
2745,9.11,-8.22,99.7,908.3,-819.5,0,0,,1.261527778,,,,,,,,-1727.8
2746,9.15,-8.25,99.7,912.3,-822.5,0,0,,1.267083333,,,,,,,,-1734.8
2747,8.96,-8.08,99.7,893.3,-805.6,0,0,,1.240694444,,,,,,,,-1698.9
2748,9.38,-8.46,99.8,936.1,-844.3,0,0,,1.300138889,,,,,,,,-1780.4
2749,9.15,-8.25,99.8,913.2,-823.4,0,0,,1.268333333,,,,,,,,-1736.6
2750,9.38,-8.46,99.8,936.1,-844.3,0,0,,1.300138889,,,,,,,,-1780.4
2751,9.88,-8.95,99.8,986,-893.2,0,0,,1.369444444,,,,,,,,-1879.2
2752,9.98,-9.01,99.9,997,-900.1,0,0,,1.384722222,,,,,,,,-1897.1
2753,10.04,-9.06,99.9,1003,-905.1,0,0,,1.393055556,,,,,,,,-1908.1
2754,10.05,-9.06,99.9,1004,-905.1,0,0,,1.394444444,,,,,,,,-1909.1
2755,10.04,-9.06,99.9,1003,-905.1,0,0,,1.393055556,,,,,,,,-1908.1
2756,10.15,-9.16,100,1015,-916,0,0,,1.409722222,,,,,,,,-1931
2757,10.24,-9.25,99.9,1023,-924.1,0,0,,1.420833333,,,,,,,,-1947.1
2758,9.99,-9.08,100,999,-908,0,3,,1.3875,,,,,,,,-1907
2759,9.54,-8.6,100,954,-860,0,3,,1.325,,,,,,,,-1814
2760,8.86,-7.95,99.8,884.2,-793.4,0,2,,1.228055556,,,,,,,,-1677.6
2761,8.87,-7.98,99.8,885.2,-796.4,0,3,,1.229444444,,,,,,,,-1681.6
2762,8.77,-7.88,99.8,875.2,-786.4,0,0,,1.215555556,,,,,,,,-1661.6
2763,8.72,-7.85,99.8,870.3,-783.4,0,3,,1.20875,,,,,,,,-1653.7
2764,9.22,-8.31,99.9,921.1,-830.2,0,2,,1.279305556,,,,,,,,-1751.3
2765,8.49,-7.62,99.8,847.3,-760.5,0,0,,1.176805556,,,,,,,,-1607.8
2766,9.83,-8.87,100,983,-887,0,0,,1.365277778,,,,,,,,-1870
2767,9.9,-8.92,100,990,-892,0,0,,1.375,,,,,,,,-1882
2768,9.69,-4.66,99.4,963.2,-463.2,0,0,,1.337777778,,,,,,,,-1426.4
2769,9.75,-0.76,98.8,963.3,-75.1,0,11,,1.337916667,,,,,,,,-1038.4
2770,9.72,0.93,98.6,958.4,91.7,0,19,,1.331111111,,,,,,,,-866.7
2771,9.6,1.03,98.5,945.6,101.5,0,24,,1.313333333,,,,,,,,-844.1
2772,9.51,-9.13,99.9,950,-912.1,0,26,,1.319444444,,,,,,,,-1862.1
2773,8.13,0.7,98.5,800.8,69,0,25,,1.112222222,,,,,,,,-731.8
2774,9.82,-8.85,100,982,-885,0,25,,1.363888889,,,,,,,,-1867
2775,9.77,-8.81,99.9,976,-880.1,0,22,,1.355555556,,,,,,,,-1856.1
2776,9.75,-8.79,100,975,-879,0,15,,1.354166667,,,,,,,,-1854
2777,9.93,2.08,98.4,977.1,204.7,0,18,,1.357083333,,,,,,,,-772.4
2778,9.91,2.67,98.3,974.2,262.5,0,29,,1.353055556,,,,,,,,-711.7
2779,9.94,1.75,98.3,977.1,172,0,38,,1.357083333,,,,,,,,-805.1
2780,8.12,3.26,98.1,796.6,319.8,0,44,,1.106388889,,,,,,,,-476.8
2781,9.64,1.96,98.3,947.6,192.7,0,50,,1.316111111,,,,,,,,-754.9
2782,10,1.66,98.3,983,163.2,0,55,,1.365277778,,,,,,,,-819.8
2783,9.95,1.75,98.3,978.1,172,0,59,,1.358472222,,,,,,,,-806.1
2784,9.93,2.52,98.1,974.1,247.2,0,62,,1.352916667,,,,,,,,-726.9
2785,9.38,3.2,98,919.2,313.6,0,64,,1.276666667,,,,,,,,-605.6
2786,9.33,3.27,98,914.3,320.5,0,65,,1.269861111,,,,,,,,-593.8
2787,9.45,3.15,98,926.1,308.7,0,66,,1.28625,,,,,,,,-617.4
2788,9.54,3.06,98,934.9,299.9,0,67,,1.298472222,,,,,,,,-635
2789,9.18,-8.44,99.6,914.3,-840.6,0,66,,1.269861111,,,,,,,,-1754.9
2790,9.14,-8.23,99.7,911.3,-820.5,0,58,,1.265694444,,,,,,,,-1731.8
2791,9.45,1.06,98.4,929.9,104.3,0,58,,1.291527778,,,,,,,,-825.6
2792,9.67,2.08,98.3,950.6,204.5,0,60,,1.320277778,,,,,,,,-746.1
2793,9.82,1.97,98.3,965.3,193.7,0,62,,1.340694444,,,,,,,,-771.6
2794,9.92,2.8,98.2,974.1,275,0,63,,1.352916667,,,,,,,,-699.1
2795,10,2.76,98.1,981,270.8,0,64,,1.3625,,,,,,,,-710.2
2796,10.14,2.6,98.1,994.7,255.1,0,63,,1.381527778,,,,,,,,-739.6
2797,10.25,2.57,98.1,1005.5,252.1,0,62,,1.396527778,,,,,,,,-753.4
2798,10.37,2.48,98.1,1017.3,243.3,0,63,,1.412916667,,,,,,,,-774
2799,10.4,2.4,98.1,1020.2,235.4,0,64,,1.416944444,,,,,,,,-784.8
2800,10.36,2.41,98.1,1016.3,236.4,0,66,,1.411527778,,,,,,,,-779.9
2801,10.52,2.28,98.1,1032,223.7,0,69,,1.433333333,,,,,,,,-808.3
2802,10.67,1.13,98.3,1048.9,111.1,0,71,,1.456805556,,,,,,,,-937.8
2803,10.7,1.3,98.2,1050.7,127.7,0,74,,1.459305556,,,,,,,,-923
2804,10.69,1.05,98.3,1050.8,103.2,0,75,,1.459444444,,,,,,,,-947.6
2805,10.69,0.72,98.3,1050.8,70.8,0,76,,1.459444444,,,,,,,,-980
2806,10.62,0.19,98.4,1045,18.7,0,77,,1.451388889,,,,,,,,-1026.3
2807,10.52,-1.8,98.7,1038.3,-177.7,0,78,,1.442083333,,,,,,,,-1216
2808,10.03,-2.78,98.9,992,-274.9,0,79,,1.377777778,,,,,,,,-1266.9
2809,10.38,-1.52,98.7,1024.5,-150,0,78,,1.422916667,,,,,,,,-1174.5
2810,10.43,-0.28,98.5,1027.4,-27.6,0,77,,1.426944444,,,,,,,,-1055
2811,10.34,0.16,98.5,1018.5,15.8,0,76,,1.414583333,,,,,,,,-1002.7
2812,10.32,-0.07,98.5,1016.5,-6.9,0,77,,1.411805556,,,,,,,,-1023.4
2813,10.26,-0.9,98.6,1011.6,-88.7,0,78,,1.405,,,,,,,,-1100.3
2814,10.37,-1.31,98.6,1022.5,-129.2,0,78,,1.420138889,,,,,,,,-1151.7
2815,9.96,-1.72,98.7,983.1,-169.8,0,79,,1.365416667,,,,,,,,-1152.9
2816,9.84,-1.77,98.7,971.2,-174.7,0,79,,1.348888889,,,,,,,,-1145.9
2817,10.28,-0.79,98.6,1013.6,-77.9,0,78,,1.407777778,,,,,,,,-1091.5
2818,10.58,0.16,98.5,1042.1,15.8,0,75,,1.447361111,,,,,,,,-1026.3
2819,10.71,0.19,98.5,1054.9,18.7,0,73,,1.465138889,,,,,,,,-1036.2
2820,10.69,0.19,98.5,1053,18.7,0,71,,1.4625,,,,,,,,-1034.3
2821,10.68,0.18,98.5,1052,17.7,0,71,,1.461111111,,,,,,,,-1034.3
2822,10.63,0.24,98.5,1047.1,23.6,0,73,,1.454305556,,,,,,,,-1023.5
2823,10.58,0.22,98.4,1041.1,21.6,0,75,,1.445972222,,,,,,,,-1019.5
2824,10.57,-1.6,98.7,1043.3,-157.9,0,78,,1.449027778,,,,,,,,-1201.2
2825,10.72,-1.44,98.6,1057,-142,0,78,,1.468055556,,,,,,,,-1199
2826,10.76,-0.79,98.6,1060.9,-77.9,0,77,,1.473472222,,,,,,,,-1138.8
2827,10.68,-0.41,98.5,1052,-40.4,0,76,,1.461111111,,,,,,,,-1092.4
2828,10.45,-0.46,98.5,1029.3,-45.3,0,77,,1.429583333,,,,,,,,-1074.6
2829,10.57,-1.83,98.7,1043.3,-180.6,0,78,,1.449027778,,,,,,,,-1223.9
2830,10.67,-3.25,98.9,1055.3,-321.4,0,78,,1.465694444,,,,,,,,-1376.7
2831,10.58,-4.06,99.1,1048.5,-402.3,0,76,,1.45625,,,,,,,,-1450.8
2832,10.73,-1.96,98.8,1060.1,-193.6,0,72,,1.472361111,,,,,,,,-1253.7
2833,10.78,0.17,98.6,1062.9,16.8,0,70,,1.47625,,,,,,,,-1046.1
2834,10.79,1.1,98.3,1060.7,108.1,0,69,,1.473194444,,,,,,,,-952.6
2835,10.76,1.14,98.3,1057.7,112.1,0,70,,1.469027778,,,,,,,,-945.6
2836,10.72,1.13,98.3,1053.8,111.1,0,70,,1.463611111,,,,,,,,-942.7
2837,10.75,1.12,98.3,1056.7,110.1,0,72,,1.467638889,,,,,,,,-946.6
2838,10.66,1.25,98.3,1047.9,122.9,0,73,,1.455416667,,,,,,,,-925
2839,10.67,1.16,98.3,1048.9,114,0,74,,1.456805556,,,,,,,,-934.9
2840,10.65,-0.11,98.5,1049,-10.8,0,76,,1.456944444,,,,,,,,-1059.8
2841,10.52,-1.04,98.6,1037.3,-102.5,0,78,,1.440694444,,,,,,,,-1139.8
2842,10.38,-3.63,99,1027.6,-359.4,0,80,,1.427222222,,,,,,,,-1387
2843,10.29,-6.02,99.3,1021.8,-597.8,0,81,,1.419166667,,,,,,,,-1619.6
2844,10.36,-5.44,99.3,1028.7,-540.2,0,81,,1.42875,,,,,,,,-1568.9
2845,10.43,-3.47,99,1032.6,-343.5,0,80,,1.434166667,,,,,,,,-1376.1
2846,10.56,-1.43,98.7,1042.3,-141.1,0,78,,1.447638889,,,,,,,,-1183.4
2847,10.57,-0.57,98.7,1043.3,-56.3,0,77,,1.449027778,,,,,,,,-1099.6
2848,10.62,-0.12,98.5,1046.1,-11.8,0,76,,1.452916667,,,,,,,,-1057.9
2849,10.65,0.28,98.5,1049,27.6,0,75,,1.456944444,,,,,,,,-1021.4
2850,10.62,0.31,98.5,1046.1,30.5,0,75,,1.452916667,,,,,,,,-1015.6
2851,10.57,0.35,98.4,1040.1,34.4,0,75,,1.444583333,,,,,,,,-1005.7
2852,10.56,-0.22,98.5,1040.2,-21.7,0,76,,1.444722222,,,,,,,,-1061.9
2853,10.62,-0.22,98.5,1046.1,-21.7,0,76,,1.452916667,,,,,,,,-1067.8
2854,10.65,0.08,98.5,1049,7.9,0,75,,1.456944444,,,,,,,,-1041.1
2855,10.68,0.31,98.4,1050.9,30.5,0,74,,1.459583333,,,,,,,,-1020.4
2856,10.74,0.18,98.5,1057.9,17.7,0,72,,1.469305556,,,,,,,,-1040.2
2857,10.76,0.16,98.5,1059.9,15.8,0,70,,1.472083333,,,,,,,,-1044.1
2858,10.73,0.16,98.5,1056.9,15.8,0,67,,1.467916667,,,,,,,,-1041.1
2859,10.73,0.23,98.5,1056.9,22.7,0,64,,1.467916667,,,,,,,,-1034.2
2860,10.72,0.19,98.5,1055.9,18.7,0,64,,1.466527778,,,,,,,,-1037.2
2861,10.74,0.19,98.5,1057.9,18.7,0,63,,1.469305556,,,,,,,,-1039.2
2862,10.71,0.18,98.4,1053.9,17.7,0,63,,1.46375,,,,,,,,-1036.2
2863,10.73,0.14,98.5,1056.9,13.8,0,63,,1.467916667,,,,,,,,-1043.1
2864,10.73,0.12,98.5,1056.9,11.8,0,64,,1.467916667,,,,,,,,-1045.1
2865,10.69,0.17,98.5,1053,16.7,0,64,,1.4625,,,,,,,,-1036.3
2866,10.67,0.21,98.5,1051,20.7,0,66,,1.459722222,,,,,,,,-1030.3
2867,10.67,0.21,98.5,1051,20.7,0,69,,1.459722222,,,,,,,,-1030.3
2868,10.26,-9.27,99.8,1023.9,-925.1,0,69,,1.422083333,,,,,,,,-1949
2869,10.25,-9.26,99.9,1024,-925.1,0,70,,1.422222222,,,,,,,,-1949.1
2870,10.25,-9.25,100,1025,-925,0,71,,1.423611111,,,,,,,,-1950
2871,10.22,-9.22,100,1022,-922,0,71,,1.419444444,,,,,,,,-1944
2872,10.26,-9.26,100,1026,-926,0,71,,1.425,,,,,,,,-1952
2873,10.69,1.24,98.5,1053,122.1,0,72,,1.4625,,,,,,,,-930.9
2874,10.71,1.2,98.5,1054.9,118.2,0,72,,1.465138889,,,,,,,,-936.7
2875,10.73,1.17,98.4,1055.8,115.1,0,71,,1.466388889,,,,,,,,-940.7
2876,10.72,1.19,98.4,1054.8,117.1,0,71,,1.465,,,,,,,,-937.7
2877,10.68,1.2,98.4,1050.9,118.1,0,72,,1.459583333,,,,,,,,-932.8
2878,10.69,1.21,98.3,1050.8,118.9,0,72,,1.459444444,,,,,,,,-931.9
2879,10.66,1.25,98.3,1047.9,122.9,0,72,,1.455416667,,,,,,,,-925
2880,10.69,1.23,98.3,1050.8,120.9,0,71,,1.459444444,,,,,,,,-929.9
2881,10.6,1.29,98.3,1042,126.8,0,70,,1.447222222,,,,,,,,-915.2
2882,10.63,1.25,98.3,1044.9,122.9,0,70,,1.45125,,,,,,,,-922
2883,10.61,1.3,98.3,1043,127.8,0,70,,1.448611111,,,,,,,,-915.2
2884,10.55,1.33,98.3,1037.1,130.7,0,71,,1.440416667,,,,,,,,-906.4
2885,10.62,1.31,98.3,1043.9,128.8,0,72,,1.449861111,,,,,,,,-915.1
2886,10.32,1.54,98.3,1014.5,151.4,0,73,,1.409027778,,,,,,,,-863.1
2887,10.51,1.37,98.3,1033.1,134.7,0,72,,1.434861111,,,,,,,,-898.4
2888,10.45,-0.61,98.6,1030.4,-60.1,0,73,,1.431111111,,,,,,,,-1090.5
2889,10.49,-0.62,98.6,1034.3,-61.1,0,73,,1.436527778,,,,,,,,-1095.4
2890,10.4,-0.49,98.6,1025.4,-48.3,0,73,,1.424166667,,,,,,,,-1073.7
2891,10.11,-9.12,99.8,1009,-910.2,0,73,,1.401388889,,,,,,,,-1919.2
2892,9.18,-16.71,101.1,928.1,-1689.4,0,64,,1.289027778,,,,,,,,-2617.5
2893,10.09,-9.1,100,1009,-910,0,64,,1.401388889,,,,,,,,-1919
2894,10.23,-2.87,99.1,1013.8,-284.4,0,64,,1.408055556,,,,,,,,-1298.2
2895,10.23,-2.33,99,1012.8,-230.7,0,66,,1.406666667,,,,,,,,-1243.5
2896,10.3,-2.4,99,1019.7,-237.6,0,68,,1.41625,,,,,,,,-1257.3
2897,10.34,-2.43,99,1023.7,-240.6,0,71,,1.421805556,,,,,,,,-1264.3
2898,10.25,-2.36,99,1014.8,-233.6,0,73,,1.409444444,,,,,,,,-1248.4
2899,10.25,-2.39,99,1014.8,-236.6,0,76,,1.409444444,,,,,,,,-1251.4
2900,10.28,-2.34,99,1017.7,-231.7,0,76,,1.413472222,,,,,,,,-1249.4
2901,10.3,-2.46,99,1019.7,-243.5,0,73,,1.41625,,,,,,,,-1263.2
2902,10.32,-2.49,99,1021.7,-246.5,0,71,,1.419027778,,,,,,,,-1268.2
2903,10.28,-1.32,98.9,1016.7,-130.5,0,69,,1.412083333,,,,,,,,-1147.2
2904,10.03,-1.07,98.8,991,-105.7,0,67,,1.376388889,,,,,,,,-1096.7
2905,10.16,-1.27,98.9,1004.8,-125.6,0,66,,1.395555556,,,,,,,,-1130.4
2906,10.28,-1.37,98.9,1016.7,-135.5,0,65,,1.412083333,,,,,,,,-1152.2
2907,10.29,-1.3,98.9,1017.7,-128.6,0,64,,1.413472222,,,,,,,,-1146.3
2908,10.31,-1.39,98.9,1019.7,-137.5,0,64,,1.41625,,,,,,,,-1157.2
2909,10.22,-1.3,98.9,1010.8,-128.6,0,65,,1.403888889,,,,,,,,-1139.4
2910,10.29,-1.38,98.9,1017.7,-136.5,0,67,,1.413472222,,,,,,,,-1154.2
2911,10.18,-1.25,98.8,1005.8,-123.5,0,69,,1.396944444,,,,,,,,-1129.3
2912,10.2,-1.24,98.9,1008.8,-122.6,0,71,,1.401111111,,,,,,,,-1131.4
2913,10.24,-1.29,98.8,1011.7,-127.5,0,72,,1.405138889,,,,,,,,-1139.2
2914,10.05,-1.12,98.9,993.9,-110.8,0,72,,1.380416667,,,,,,,,-1104.7
2915,10.31,-1.37,98.9,1019.7,-135.5,0,72,,1.41625,,,,,,,,-1155.2
2916,10.39,-1.44,98.9,1027.6,-142.4,0,71,,1.427222222,,,,,,,,-1170
2917,10.35,-1.43,98.9,1023.6,-141.4,0,69,,1.421666667,,,,,,,,-1165
2918,10.34,-1.38,98.9,1022.6,-136.5,0,68,,1.420277778,,,,,,,,-1159.1
2919,10.34,-1.41,98.9,1022.6,-139.4,0,68,,1.420277778,,,,,,,,-1162
2920,10.08,-1.15,98.8,995.9,-113.6,0,68,,1.383194444,,,,,,,,-1109.5
2921,10.18,-1.22,98.9,1006.8,-120.7,0,68,,1.398333333,,,,,,,,-1127.5
2922,10.26,-1.31,98.9,1014.7,-129.6,0,69,,1.409305556,,,,,,,,-1144.3
2923,10.02,-1.13,98.8,990,-111.6,0,70,,1.375,,,,,,,,-1101.6
2924,10.25,-1.32,98.9,1013.7,-130.5,0,72,,1.407916667,,,,,,,,-1144.2
2925,10.32,-1.36,98.9,1020.6,-134.5,0,73,,1.4175,,,,,,,,-1155.1
2926,10.36,0.62,98.5,1020.5,61.1,0,75,,1.417361111,,,,,,,,-959.4
2927,10.17,0.43,98.5,1001.7,42.4,0,76,,1.39125,,,,,,,,-959.3
2928,10.36,-0.73,98.7,1022.5,-72.1,0,77,,1.420138889,,,,,,,,-1094.6
2929,10.08,-0.61,98.7,994.9,-60.2,0,77,,1.381805556,,,,,,,,-1055.1
2930,10.24,-0.49,98.7,1010.7,-48.4,0,76,,1.40375,,,,,,,,-1059.1
2931,10.16,-1.36,98.8,1003.8,-134.4,0,76,,1.394166667,,,,,,,,-1138.2
2932,10.27,-1.43,98.8,1014.7,-141.3,0,76,,1.409305556,,,,,,,,-1156
2933,10.3,-1.53,98.9,1018.7,-151.3,0,76,,1.414861111,,,,,,,,-1170
2934,10.33,-1.52,98.8,1020.6,-150.2,0,76,,1.4175,,,,,,,,-1170.8
2935,10.31,-1.45,98.8,1018.6,-143.3,0,76,,1.414722222,,,,,,,,-1161.9
2936,10.22,-1.29,98.8,1009.7,-127.5,0,76,,1.402361111,,,,,,,,-1137.2
2937,10.36,-1.47,98.9,1024.6,-145.4,0,76,,1.423055556,,,,,,,,-1170
2938,10.44,-1.68,98.8,1031.5,-166,0,76,,1.432638889,,,,,,,,-1197.5
2939,10.11,-9.14,100,1011,-914,0,74,,1.404166667,,,,,,,,-1925
2940,10.05,-9.06,100,1005,-906,0,71,,1.395833333,,,,,,,,-1911
2941,10.36,0.35,98.7,1022.5,34.5,0,69,,1.420138889,,,,,,,,-988
2942,10.35,0.58,98.6,1020.5,57.2,0,69,,1.417361111,,,,,,,,-963.3
2943,10.37,0.56,98.6,1022.5,55.2,0,70,,1.420138889,,,,,,,,-967.3
2944,10.39,0.53,98.6,1024.5,52.3,0,70,,1.422916667,,,,,,,,-972.2
2945,10.34,0.57,98.6,1019.5,56.2,0,72,,1.415972222,,,,,,,,-963.3
2946,10.43,0.52,98.6,1028.4,51.3,0,73,,1.428333333,,,,,,,,-977.1
2947,10.22,0.65,98.5,1006.7,64,0,75,,1.398194444,,,,,,,,-942.7
2948,10.1,0.79,98.5,994.9,77.8,0,75,,1.381805556,,,,,,,,-917.1
2949,9.93,0.98,98.5,978.1,96.5,0,74,,1.358472222,,,,,,,,-881.6
2950,10.16,0.74,98.5,1000.8,72.9,0,72,,1.39,,,,,,,,-927.9
2951,10.16,0.71,98.6,1001.8,70,0,70,,1.391388889,,,,,,,,-931.8
2952,10.26,0.62,98.5,1010.6,61.1,0,68,,1.403611111,,,,,,,,-949.5
2953,10.33,0.54,98.6,1018.5,53.2,0,68,,1.414583333,,,,,,,,-965.3
2954,10.32,0.57,98.6,1017.6,56.2,0,69,,1.413333333,,,,,,,,-961.4
2955,10.36,0.53,98.6,1021.5,52.3,0,71,,1.41875,,,,,,,,-969.2
2956,10.45,0.42,98.6,1030.4,41.4,0,71,,1.431111111,,,,,,,,-989
2957,10.49,0.4,98.6,1034.3,39.4,0,72,,1.436527778,,,,,,,,-994.9
2958,10.52,0.4,98.6,1037.3,39.4,0,72,,1.440694444,,,,,,,,-997.9
2959,10.51,0.4,98.6,1036.3,39.4,0,71,,1.439305556,,,,,,,,-996.9
2960,10.47,0.4,98.6,1032.3,39.4,0,72,,1.43375,,,,,,,,-992.9
2961,10.61,0.33,98.6,1046.1,32.5,0,73,,1.452916667,,,,,,,,-1013.6
2962,10.46,0.37,98.5,1030.3,36.4,0,74,,1.430972222,,,,,,,,-993.9
2963,10.52,0.48,98.6,1037.3,47.3,0,73,,1.440694444,,,,,,,,-990
2964,10.72,0.2,98.6,1057,19.7,0,72,,1.468055556,,,,,,,,-1037.3
2965,10.52,0.38,98.6,1037.3,37.5,0,70,,1.440694444,,,,,,,,-999.8
2966,10.58,0.32,98.6,1043.2,31.6,0,69,,1.448888889,,,,,,,,-1011.6
2967,10.65,0.28,98.6,1050.1,27.6,0,70,,1.458472222,,,,,,,,-1022.5
2968,10.52,0.34,98.6,1037.3,33.5,0,71,,1.440694444,,,,,,,,-1003.8
2969,10.46,0.48,98.6,1031.4,47.3,0,73,,1.4325,,,,,,,,-984.1
2970,10.48,0.46,98.5,1032.3,45.3,0,75,,1.43375,,,,,,,,-987
2971,10.46,-0.03,98.6,1031.4,-3,0,76,,1.4325,,,,,,,,-1034.4
2972,10.48,0.11,98.6,1033.3,10.8,0,76,,1.435138889,,,,,,,,-1022.5
2973,10.6,0.39,98.5,1044.1,38.4,0,74,,1.450138889,,,,,,,,-1005.7
2974,10.5,0.45,98.6,1035.3,44.4,0,73,,1.437916667,,,,,,,,-990.9
2975,10.49,0.49,98.5,1033.3,48.3,0,74,,1.435138889,,,,,,,,-985
2976,10.39,-0.12,98.6,1024.5,-11.8,0,76,,1.422916667,,,,,,,,-1036.3
2977,10.32,-1.04,98.7,1018.6,-102.6,0,78,,1.414722222,,,,,,,,-1121.2
2978,10.33,-2.79,99,1022.7,-276.2,0,79,,1.420416667,,,,,,,,-1298.9
2979,10.1,-4.1,99.2,1001.9,-406.7,0,80,,1.391527778,,,,,,,,-1408.6
2980,10.37,-2.96,99,1026.6,-293,0,79,,1.425833333,,,,,,,,-1319.6
2981,10.58,-0.1,98.6,1043.2,-9.9,0,76,,1.448888889,,,,,,,,-1053.1
2982,10.61,0.38,98.5,1045.1,37.4,0,72,,1.451527778,,,,,,,,-1007.7
2983,10.63,0.26,98.6,1048.1,25.6,0,68,,1.455694444,,,,,,,,-1022.5
2984,10.63,0.21,98.6,1048.1,20.7,0,66,,1.455694444,,,,,,,,-1027.4
2985,10.61,0.27,98.6,1046.1,26.6,0,65,,1.452916667,,,,,,,,-1019.5
2986,10.58,0.24,98.6,1043.2,23.7,0,64,,1.448888889,,,,,,,,-1019.5
2987,10.56,0.27,98.6,1041.2,26.6,0,63,,1.446111111,,,,,,,,-1014.6
2988,10.56,0.28,98.6,1041.2,27.6,0,64,,1.446111111,,,,,,,,-1013.6
2989,10.51,0.33,98.6,1036.3,32.5,0,66,,1.439305556,,,,,,,,-1003.8
2990,10.52,0.34,98.6,1037.3,33.5,0,69,,1.440694444,,,,,,,,-1003.8
2991,10.58,0.29,98.6,1043.2,28.6,0,72,,1.448888889,,,,,,,,-1014.6
2992,10.41,0.45,98.5,1025.4,44.3,0,75,,1.424166667,,,,,,,,-981.1
2993,10.37,-0.42,98.7,1023.5,-41.5,0,77,,1.421527778,,,,,,,,-1065
2994,10.38,-0.78,98.7,1024.5,-77,0,78,,1.422916667,,,,,,,,-1101.5
2995,10.54,-0.37,98.6,1039.2,-36.5,0,76,,1.443333333,,,,,,,,-1075.7
2996,10.62,0.38,98.6,1047.1,37.5,0,74,,1.454305556,,,,,,,,-1009.6
2997,10.65,0.24,98.6,1050.1,23.7,0,70,,1.458472222,,,,,,,,-1026.4
2998,10.56,0.35,98.6,1041.2,34.5,0,67,,1.446111111,,,,,,,,-1006.7
2999,10.62,0.25,98.6,1047.1,24.7,0,65,,1.454305556,,,,,,,,-1022.4
3000,10.57,0.29,98.6,1042.2,28.6,0,65,,1.4475,,,,,,,,-1013.6
3001,10.49,0.4,98.6,1034.3,39.4,0,66,,1.436527778,,,,,,,,-994.9
3002,10.61,2.27,98.3,1043,223.1,0,67,,1.448611111,,,,,,,,-819.9
3003,10.68,2.2,98.3,1049.8,216.3,0,67,,1.458055556,,,,,,,,-833.5
3004,10.72,2.19,98.3,1053.8,215.3,0,67,,1.463611111,,,,,,,,-838.5
3005,10.75,2.16,98.3,1056.7,212.3,0,66,,1.467638889,,,,,,,,-844.4
3006,10.63,2.24,98.2,1043.9,220,0,66,,1.449861111,,,,,,,,-823.9
3007,10.67,2.23,98.3,1048.9,219.2,0,66,,1.456805556,,,,,,,,-829.7
3008,10.68,2.19,98.3,1049.8,215.3,0,65,,1.458055556,,,,,,,,-834.5
3009,10.72,2.15,98.3,1053.8,211.3,0,65,,1.463611111,,,,,,,,-842.5
3010,10.64,2.23,98.3,1045.9,219.2,0,65,,1.452638889,,,,,,,,-826.7
3011,10.65,2.24,98.2,1045.8,220,0,67,,1.4525,,,,,,,,-825.8
3012,10.75,2.14,98.3,1056.7,210.4,0,68,,1.467638889,,,,,,,,-846.3
3013,10.67,2.2,98.2,1047.8,216,0,70,,1.455277778,,,,,,,,-831.8
3014,10.59,1.25,98.3,1041,122.9,0,72,,1.445833333,,,,,,,,-918.1
3015,10.44,-3.72,99.1,1034.6,-368.7,0,72,,1.436944444,,,,,,,,-1403.3
3016,10.46,-0.6,98.6,1031.4,-59.2,0,72,,1.4325,,,,,,,,-1090.6
3017,10.62,-0.73,98.6,1047.1,-72,0,73,,1.454305556,,,,,,,,-1119.1
3018,10.54,-0.64,98.6,1039.2,-63.1,0,74,,1.443333333,,,,,,,,-1102.3
3019,10.52,-0.59,98.6,1037.3,-58.2,0,74,,1.440694444,,,,,,,,-1095.5
3020,10.39,-0.5,98.6,1024.5,-49.3,0,75,,1.422916667,,,,,,,,-1073.8
3021,10.41,-0.54,98.7,1027.5,-53.3,0,75,,1.427083333,,,,,,,,-1080.8
3022,10.45,-0.54,98.6,1030.4,-53.2,0,76,,1.431111111,,,,,,,,-1083.6
3023,10.47,-0.86,98.7,1033.4,-84.9,0,76,,1.435277778,,,,,,,,-1118.3
3024,10.56,-0.85,98.7,1042.3,-83.9,0,76,,1.447638889,,,,,,,,-1126.2
3025,10.63,-0.86,98.7,1049.2,-84.9,0,76,,1.457222222,,,,,,,,-1134.1
3026,10.58,-1.7,98.8,1045.3,-168,0,76,,1.451805556,,,,,,,,-1213.3
3027,10.49,-3.88,99.2,1040.6,-384.9,0,75,,1.445277778,,,,,,,,-1425.5
3028,10.25,-9.17,99.9,1024,-916.1,0,76,,1.422222222,,,,,,,,-1940.1
3029,10.14,-9.24,100,1014,-924,0,76,,1.408333333,,,,,,,,-1938
3030,10.17,-9.27,100,1017,-927,0,76,,1.4125,,,,,,,,-1944
3031,10.26,-9.33,100.1,1027,-933.9,0,75,,1.426388889,,,,,,,,-1960.9
3032,10.27,-9.36,100.1,1028,-936.9,0,76,,1.427777778,,,,,,,,-1964.9
3033,10.25,-9.33,100.1,1026,-933.9,0,75,,1.425,,,,,,,,-1959.9
3034,10.23,-9.3,100.1,1024,-930.9,0,75,,1.422222222,,,,,,,,-1954.9
3035,10.31,-2.6,99.2,1022.8,-257.9,0,76,,1.420555556,,,,,,,,-1280.7
3036,10.52,-2.86,99.2,1043.6,-283.7,0,77,,1.449444444,,,,,,,,-1327.3
3037,10.52,-2.86,99.2,1043.6,-283.7,0,77,,1.449444444,,,,,,,,-1327.3
3038,10.48,-2.61,99.1,1038.6,-258.7,0,77,,1.4425,,,,,,,,-1297.3
3039,10.51,-2.71,99.2,1042.6,-268.8,0,77,,1.448055556,,,,,,,,-1311.4
3040,10.54,-2.88,99.2,1045.6,-285.7,0,76,,1.452222222,,,,,,,,-1331.3
3041,10.55,-2.82,99.2,1046.6,-279.7,0,74,,1.453611111,,,,,,,,-1326.3
3042,10.6,-2.82,99.2,1051.5,-279.7,0,72,,1.460416667,,,,,,,,-1331.2
3043,10.54,-2.79,99.2,1045.6,-276.8,0,70,,1.452222222,,,,,,,,-1322.4
3044,10.51,-2.76,99.2,1042.6,-273.8,0,70,,1.448055556,,,,,,,,-1316.4
3045,10.51,-2.78,99.2,1042.6,-275.8,0,71,,1.448055556,,,,,,,,-1318.4
3046,10.6,-0.67,98.9,1048.3,-66.3,0,72,,1.455972222,,,,,,,,-1114.6
3047,10.67,-0.72,98.9,1055.3,-71.2,0,72,,1.465694444,,,,,,,,-1126.5
3048,10.67,-0.72,98.8,1054.2,-71.1,0,70,,1.464166667,,,,,,,,-1125.3
3049,10.7,-0.76,98.9,1058.2,-75.2,0,69,,1.469722222,,,,,,,,-1133.4
3050,10.38,-9.36,100.1,1039,-936.9,0,66,,1.443055556,,,,,,,,-1975.9
3051,10.4,-9.39,100.1,1041,-939.9,0,63,,1.445833333,,,,,,,,-1980.9
3052,10.38,-9.38,100.2,1040.1,-939.9,0,59,,1.444583333,,,,,,,,-1980
3053,10.57,-2.84,99.3,1049.6,-282,0,58,,1.457777778,,,,,,,,-1331.6
3054,10.79,3.11,98.3,1060.7,305.7,0,59,,1.473194444,,,,,,,,-755
3055,10.8,2.05,98.5,1063.8,201.9,0,61,,1.4775,,,,,,,,-861.9
3056,10.76,2.08,98.4,1058.8,204.7,0,62,,1.470555556,,,,,,,,-854.1
3057,10.69,2.12,98.4,1051.9,208.6,0,64,,1.460972222,,,,,,,,-843.3
3058,10.77,2.05,98.4,1059.8,201.7,0,66,,1.471944444,,,,,,,,-858.1
3059,10.33,-9.32,100.1,1034,-932.9,0,67,,1.436111111,,,,,,,,-1966.9
3060,10.25,-9.25,100.1,1026,-925.9,0,65,,1.425,,,,,,,,-1951.9
3061,10.26,-9.27,100.2,1028.1,-928.9,0,63,,1.427916667,,,,,,,,-1957
3062,10.29,-9.29,100.2,1031.1,-930.9,0,62,,1.432083333,,,,,,,,-1962
3063,10.17,-9.18,100.2,1019,-919.8,0,62,,1.415277778,,,,,,,,-1938.8
3064,10.29,-4.77,99.6,1024.9,-475.1,0,65,,1.423472222,,,,,,,,-1500
3065,10.38,-4.8,99.5,1032.8,-477.6,0,68,,1.434444444,,,,,,,,-1510.4
3066,9.49,-4.01,99.5,944.3,-399,0,68,,1.311527778,,,,,,,,-1343.3
3067,10.43,-4.89,99.6,1038.8,-487,0,66,,1.442777778,,,,,,,,-1525.8
3068,10.35,-9.35,100.3,1038.1,-937.8,0,60,,1.441805556,,,,,,,,-1975.9
3069,10.62,-0.74,99,1051.4,-73.3,0,58,,1.460277778,,,,,,,,-1124.7
3070,10.53,-0.64,99,1042.5,-63.4,0,59,,1.447916667,,,,,,,,-1105.9
3071,10.32,-0.47,98.9,1020.6,-46.5,0,60,,1.4175,,,,,,,,-1067.1
3072,10.14,-2.29,99.2,1005.9,-227.2,0,63,,1.397083333,,,,,,,,-1233.1
3073,10.01,-9.03,100.3,1004,-905.7,0,63,,1.394444444,,,,,,,,-1909.7
3074,9.97,-9,100.3,1000,-902.7,0,65,,1.388888889,,,,,,,,-1902.7
3075,9.35,-8.42,100.2,936.9,-843.7,0,64,,1.30125,,,,,,,,-1780.6
3076,9.87,1.81,98.7,974.2,178.6,0,64,,1.353055556,,,,,,,,-795.6
3077,9.98,1.83,98.6,984,180.4,0,63,,1.366666667,,,,,,,,-803.6
3078,9.89,1.89,98.6,975.2,186.4,0,59,,1.354444444,,,,,,,,-788.8
3079,9.99,1.8,98.6,985,177.5,0,55,,1.368055556,,,,,,,,-807.5
3080,9.98,2.82,98.4,982,277.5,0,53,,1.363888889,,,,,,,,-704.5
3081,9.87,2.86,98.4,971.2,281.4,0,53,,1.348888889,,,,,,,,-689.8
3082,9.96,2.77,98.4,980.1,272.6,0,53,,1.36125,,,,,,,,-707.5
3083,10.18,2.58,98.4,1001.7,253.9,0,55,,1.39125,,,,,,,,-747.8
3084,10.35,3.46,98.3,1017.4,340.1,0,57,,1.413055556,,,,,,,,-677.3
3085,10.48,3.36,98.3,1030.2,330.3,0,61,,1.430833333,,,,,,,,-699.9
3086,10.49,1.25,98.6,1034.3,123.3,0,64,,1.436527778,,,,,,,,-911
3087,10.44,1.39,98.5,1028.3,136.9,0,66,,1.428194444,,,,,,,,-891.4
3088,10.53,1.28,98.6,1038.3,126.2,0,68,,1.442083333,,,,,,,,-912.1
3089,10.55,0.45,98.6,1040.2,44.4,0,69,,1.444722222,,,,,,,,-995.8
3090,10.22,-9.21,100.1,1023,-921.9,0,70,,1.420833333,,,,,,,,-1944.9
3091,10.21,-9.22,100.1,1022,-922.9,0,68,,1.419444444,,,,,,,,-1944.9
3092,10.1,-9.81,100.3,1013,-983.9,0,68,,1.406944444,,,,,,,,-1996.9
3093,10.25,-9.25,100.3,1028.1,-927.8,0,65,,1.427916667,,,,,,,,-1955.9
3094,10.43,0.27,98.9,1031.5,26.7,0,63,,1.432638889,,,,,,,,-1004.8
3095,10.59,1.44,98.6,1044.2,142,0,62,,1.450277778,,,,,,,,-902.2
3096,10.44,2.19,98.6,1029.4,215.9,0,61,,1.429722222,,,,,,,,-813.5
3097,10.72,3.88,98.3,1053.8,381.4,0,59,,1.463611111,,,,,,,,-672.4
3098,10.76,3.85,98.2,1056.6,378.1,0,57,,1.4675,,,,,,,,-678.5
3099,10.81,3.8,98.3,1062.6,373.5,0,55,,1.475833333,,,,,,,,-689.1
3100,10.71,3.88,98.2,1051.7,381,0,53,,1.460694444,,,,,,,,-670.7
3101,10.55,4,98.1,1035,392.4,0,53,,1.4375,,,,,,,,-642.6
3102,10.42,4.1,98.1,1022.2,402.2,0,54,,1.419722222,,,,,,,,-620
3103,10.46,4.03,98.1,1026.1,395.3,0,55,,1.425138889,,,,,,,,-630.8
3104,10.37,4.09,98.1,1017.3,401.2,0,56,,1.412916667,,,,,,,,-616.1
3105,10.59,6.81,97.7,1034.6,665.3,0,59,,1.436944444,,,,,,,,-369.3
3106,10.66,6.7,97.7,1041.5,654.6,0,62,,1.446527778,,,,,,,,-386.9
3107,10.68,6.69,97.7,1043.4,653.6,0,65,,1.449166667,,,,,,,,-389.8
3108,10.63,5.34,97.8,1039.6,522.3,0,67,,1.443888889,,,,,,,,-517.3
3109,10.56,2.84,98.2,1037,278.9,0,68,,1.440277778,,,,,,,,-758.1
3110,10.32,-9.32,100,1032,-932,0,68,,1.433333333,,,,,,,,-1964
3111,10.6,-3.16,99.1,1050.5,-313.2,0,66,,1.459027778,,,,,,,,-1363.7
3112,10.41,-9.4,100.1,1042,-940.9,0,64,,1.447222222,,,,,,,,-1982.9
3113,10.58,-3.79,99.3,1050.6,-376.3,0,65,,1.459166667,,,,,,,,-1426.9
3114,10.73,-0.86,98.9,1061.2,-85.1,0,66,,1.473888889,,,,,,,,-1146.3
3115,10.72,-0.28,98.8,1059.1,-27.7,0,69,,1.470972222,,,,,,,,-1086.8
3116,10.86,3.93,98.2,1066.5,385.9,0,71,,1.48125,,,,,,,,-680.6
3117,10.79,2.94,98.3,1060.7,289,0,75,,1.473194444,,,,,,,,-771.7
3118,10.68,0.36,98.6,1053,35.5,0,77,,1.4625,,,,,,,,-1017.5
3119,7.07,-28.56,103,728.2,-2941.7,0,72,,1.011388889,,,,,,,,-3669.9
3120,10.56,-1.01,99,1045.4,-100,0,70,,1.451944444,,,,,,,,-1145.4
3121,10.82,5.55,98,1060.4,543.9,0,71,,1.472777778,,,,,,,,-516.5
3122,10.8,4.41,98.1,1059.5,432.6,0,74,,1.471527778,,,,,,,,-626.9
3123,10.54,3.31,98.3,1036.1,325.4,0,75,,1.439027778,,,,,,,,-710.7
3124,10.09,-6.81,99.7,1006,-679,0,74,,1.397222222,,,,,,,,-1685
3125,10.28,-1.46,99,1017.7,-144.5,0,74,,1.413472222,,,,,,,,-1162.2
3126,10.22,-1.47,98.9,1010.8,-145.4,0,73,,1.403888889,,,,,,,,-1156.2
3127,10.37,-3.83,99.3,1029.7,-380.3,0,73,,1.430138889,,,,,,,,-1410
3128,10.17,-8.93,100,1017,-893,0,72,,1.4125,,,,,,,,-1910
3129,9.97,-9,100.1,998,-900.9,0,71,,1.386111111,,,,,,,,-1898.9
3130,9.73,-8.77,100.2,974.9,-878.8,0,71,,1.354027778,,,,,,,,-1853.7
3131,9.97,-4.51,99.5,992,-448.7,0,75,,1.377777778,,,,,,,,-1440.7
3132,9.66,-9.79,100.3,968.9,-981.9,0,80,,1.345694444,,,,,,,,-1950.8
3133,6.64,-28.29,103.1,684.6,-2916.7,0,78,,0.950833333,,,,,,,,-3601.3
3134,6.43,-28.1,103.3,664.2,-2902.7,0,68,,0.9225,,,,,,,,-3566.9
3135,10.04,-9.06,100.5,1009,-910.5,0,60,,1.401388889,,,,,,,,-1919.5
3136,10.25,-3.41,99.6,1020.9,-339.6,0,58,,1.417916667,,,,,,,,-1360.5
3137,10.29,-2.42,99.5,1023.9,-240.8,0,58,,1.422083333,,,,,,,,-1264.7
3138,10.52,1.48,98.8,1039.4,146.2,0,60,,1.443611111,,,,,,,,-893.2
3139,10.84,3.93,98.4,1066.7,386.7,0,62,,1.481527778,,,,,,,,-680
3140,10.85,3.92,98.4,1067.6,385.7,0,61,,1.482777778,,,,,,,,-681.9
3141,10.59,4.13,98.4,1042.1,406.4,0,60,,1.447361111,,,,,,,,-635.7
3142,10.46,4.22,98.3,1028.2,414.8,0,60,,1.428055556,,,,,,,,-613.4
3143,10.22,4.41,98.3,1004.6,433.5,0,61,,1.395277778,,,,,,,,-571.1
3144,10.28,1.35,98.7,1014.6,133.2,0,63,,1.409166667,,,,,,,,-881.4
3145,10.26,1.39,98.6,1011.6,137.1,0,66,,1.405,,,,,,,,-874.5
3146,9.95,1.67,98.6,981.1,164.7,0,70,,1.362638889,,,,,,,,-816.4
3147,9.19,-8.28,100.1,919.9,-828.8,0,72,,1.277638889,,,,,,,,-1748.7
3148,9.21,-8.33,100.1,921.9,-833.8,0,75,,1.280416667,,,,,,,,-1755.7
3149,9.59,-3.01,99.5,954.2,-299.5,0,74,,1.325277778,,,,,,,,-1253.7
3150,9.79,-2.56,99.3,972.1,-254.2,0,73,,1.350138889,,,,,,,,-1226.3
3151,10.04,-0.86,99.1,995,-85.2,0,72,,1.381944444,,,,,,,,-1080.2
3152,10.11,1.65,98.7,997.9,162.9,0,70,,1.385972222,,,,,,,,-835
3153,10,1.7,98.7,987,167.8,0,69,,1.370833333,,,,,,,,-819.2
3154,10.22,1.5,98.7,1008.7,148.1,0,68,,1.400972222,,,,,,,,-860.6
3155,10.24,1.52,98.7,1010.7,150,0,65,,1.40375,,,,,,,,-860.7
3156,10.38,2.42,98.5,1022.4,238.4,0,62,,1.42,,,,,,,,-784
3157,10.49,4.24,98.2,1030.1,416.4,0,60,,1.430694444,,,,,,,,-613.7
3158,10.53,4.22,98.2,1034,414.4,0,59,,1.436111111,,,,,,,,-619.6
3159,10.5,3.2,98.3,1032.2,314.6,0,60,,1.433611111,,,,,,,,-717.6
3160,10.16,-9.18,100.1,1017,-918.9,0,58,,1.4125,,,,,,,,-1935.9
3161,10.28,-2.65,99.3,1020.8,-263.1,0,56,,1.417777778,,,,,,,,-1283.9
3162,10.37,0.78,98.8,1024.6,77.1,0,58,,1.423055556,,,,,,,,-947.5
3163,10.44,4.25,98.2,1025.2,417.4,0,63,,1.423888889,,,,,,,,-607.8
3164,10.49,4.21,98.3,1031.2,413.8,0,68,,1.432222222,,,,,,,,-617.4
3165,10.49,4.37,98.1,1029.1,428.7,0,74,,1.429305556,,,,,,,,-600.4
3166,10.52,2.14,98.5,1036.2,210.8,0,76,,1.439166667,,,,,,,,-825.4
3167,10.51,1.38,98.6,1036.3,136.1,0,76,,1.439305556,,,,,,,,-900.2
3168,10.52,1.34,98.6,1037.3,132.1,0,76,,1.440694444,,,,,,,,-905.2
3169,10.52,0.88,98.7,1038.3,86.9,0,76,,1.442083333,,,,,,,,-951.4
3170,10.49,1.01,98.6,1034.3,99.6,0,76,,1.436527778,,,,,,,,-934.7
3171,10.53,0.77,98.7,1039.3,76,0,76,,1.443472222,,,,,,,,-963.3
3172,10.56,1.14,98.6,1041.2,112.4,0,75,,1.446111111,,,,,,,,-928.8
3173,10.57,1.17,98.6,1042.2,115.4,0,74,,1.4475,,,,,,,,-926.8
3174,10.6,1.18,98.6,1045.2,116.3,0,72,,1.451666667,,,,,,,,-928.9
3175,10.64,2.15,98.5,1048,211.8,0,70,,1.455555556,,,,,,,,-836.2
3176,10.62,2.11,98.5,1046.1,207.8,0,69,,1.452916667,,,,,,,,-838.3
3177,10.59,2.16,98.4,1042.1,212.5,0,69,,1.447361111,,,,,,,,-829.6
3178,10.38,-3.96,99.3,1030.7,-393.2,0,70,,1.431527778,,,,,,,,-1423.9
3179,10.41,-1.76,99,1030.6,-174.2,0,70,,1.431388889,,,,,,,,-1204.8
3180,10.51,2.25,98.5,1035.2,221.6,0,71,,1.437777778,,,,,,,,-813.6
3181,10.62,2.14,98.5,1046.1,210.8,0,71,,1.452916667,,,,,,,,-835.3
3182,10.68,3.06,98.3,1049.8,300.8,0,72,,1.458055556,,,,,,,,-749
3183,10.64,3.13,98.3,1045.9,307.7,0,72,,1.452638889,,,,,,,,-738.2
3184,10.66,3.13,98.3,1047.9,307.7,0,72,,1.455416667,,,,,,,,-740.2
3185,10.66,3.21,98.2,1046.8,315.2,0,73,,1.453888889,,,,,,,,-731.6
3186,10.78,3.06,98.3,1059.7,300.8,0,72,,1.471805556,,,,,,,,-758.9
3187,10.67,2.96,98.3,1048.9,291,0,73,,1.456805556,,,,,,,,-757.9
3188,10.66,3.23,98.2,1046.8,317.2,0,73,,1.453888889,,,,,,,,-729.6
3189,10.66,2.96,98.2,1046.8,290.7,0,73,,1.453888889,,,,,,,,-756.1
3190,10.73,2.98,98.3,1054.8,292.9,0,73,,1.465,,,,,,,,-761.9
3191,11.03,2.76,98.3,1084.2,271.3,0,71,,1.505833333,,,,,,,,-812.9
3192,10.98,2.82,98.3,1079.3,277.2,0,69,,1.499027778,,,,,,,,-802.1
3193,10.96,2.83,98.3,1077.4,278.2,0,67,,1.496388889,,,,,,,,-799.2
3194,10.96,2.85,98.3,1077.4,280.2,0,66,,1.496388889,,,,,,,,-797.2
3195,10.99,2.84,98.3,1080.3,279.2,0,65,,1.500416667,,,,,,,,-801.1
3196,11.07,5.72,97.8,1082.6,559.4,0,66,,1.503611111,,,,,,,,-523.2
3197,11.13,6.56,97.6,1086.3,640.3,0,68,,1.50875,,,,,,,,-446
3198,11.17,7.47,97.5,1089.1,728.3,0,70,,1.512638889,,,,,,,,-360.8
3199,10.92,2.8,98.2,1072.3,275,0,70,,1.489305556,,,,,,,,-797.3
3200,10.94,3.76,98,1072.1,368.5,0,69,,1.489027778,,,,,,,,-703.6
3201,10.87,3.8,98,1065.3,372.4,0,70,,1.479583333,,,,,,,,-692.9
3202,10.71,3.93,98,1049.6,385.1,0,71,,1.457777778,,,,,,,,-664.5
3203,10.78,3.67,98.1,1057.5,360,0,73,,1.46875,,,,,,,,-697.5
3204,10.77,3.17,98.1,1056.5,311,0,74,,1.467361111,,,,,,,,-745.5
3205,10.69,0.94,98.4,1051.9,92.5,0,75,,1.460972222,,,,,,,,-959.4
3206,10.24,-9.33,100,1024,-933,0,75,,1.422222222,,,,,,,,-1957
3207,10.25,-9.35,100.1,1026,-935.9,0,76,,1.425,,,,,,,,-1961.9
3208,10.27,-9.58,100.1,1028,-959,0,77,,1.427777778,,,,,,,,-1987
3209,10.32,-9.58,100.1,1033,-959,0,77,,1.434722222,,,,,,,,-1992
3210,10.33,-9.37,100.2,1035.1,-938.9,0,75,,1.437638889,,,,,,,,-1974
3211,10.74,0.15,98.8,1061.1,14.8,0,74,,1.47375,,,,,,,,-1046.3
3212,10.71,0.09,98.8,1058.1,8.9,0,74,,1.469583333,,,,,,,,-1049.2
3213,10.65,0.12,98.8,1052.2,11.9,0,75,,1.461388889,,,,,,,,-1040.3
3214,10.27,-9.46,100.1,1028,-946.9,0,76,,1.427777778,,,,,,,,-1974.9
3215,10.23,-9.52,100.2,1025,-953.9,0,77,,1.423611111,,,,,,,,-1978.9
3216,10.27,-9.53,100.3,1030.1,-955.9,0,77,,1.430694444,,,,,,,,-1986
3217,10.58,-4.01,99.5,1052.7,-399,0,75,,1.462083333,,,,,,,,-1451.7
3218,10.65,-4.12,99.5,1059.7,-409.9,0,70,,1.471805556,,,,,,,,-1469.6
3219,10.77,-0.96,99,1066.2,-95,0,66,,1.480833333,,,,,,,,-1161.2
3220,10.77,-0.93,99,1066.2,-92.1,0,64,,1.480833333,,,,,,,,-1158.3
3221,10.76,-1,99.1,1066.3,-99.1,0,64,,1.480972222,,,,,,,,-1165.4
3222,10.86,2.94,98.4,1068.6,289.3,0,67,,1.484166667,,,,,,,,-779.3
3223,10.84,2.95,98.3,1065.6,290,0,70,,1.48,,,,,,,,-775.6
3224,10.88,3.08,98.3,1069.5,302.8,0,73,,1.485416667,,,,,,,,-766.7
3225,10.73,1,98.6,1058,98.6,0,74,,1.469444444,,,,,,,,-959.4
3226,10.72,-0.31,98.8,1059.1,-30.6,0,75,,1.470972222,,,,,,,,-1089.7
3227,10.48,-5.09,99.5,1042.8,-506.5,0,75,,1.448333333,,,,,,,,-1549.3
3228,10.5,-5.08,99.5,1044.8,-505.5,0,75,,1.451111111,,,,,,,,-1550.3
3229,10.48,-5.09,99.6,1043.8,-507,0,75,,1.449722222,,,,,,,,-1550.8
3230,10.44,-5,99.6,1039.8,-498,0,76,,1.444166667,,,,,,,,-1537.8
3231,10.38,-4.94,99.6,1033.8,-492,0,78,,1.435833333,,,,,,,,-1525.8
3232,10.28,-5.62,99.7,1024.9,-560.3,0,80,,1.423472222,,,,,,,,-1585.2
3233,10.36,-4.55,99.6,1031.9,-453.2,0,80,,1.433194444,,,,,,,,-1485.1
3234,10.59,-2.4,99.3,1051.6,-238.3,0,79,,1.460555556,,,,,,,,-1289.9
3235,10.7,-0.33,98.9,1058.2,-32.6,0,76,,1.469722222,,,,,,,,-1090.8
3236,10.74,0.16,98.9,1062.2,15.8,0,75,,1.475277778,,,,,,,,-1046.4
3237,10.74,0.22,98.9,1062.2,21.8,0,74,,1.475277778,,,,,,,,-1040.4
3238,10.72,0.16,98.9,1060.2,15.8,0,74,,1.4725,,,,,,,,-1044.4
3239,10.67,0.14,98.8,1054.2,13.8,0,75,,1.464166667,,,,,,,,-1040.4
3240,10.64,-0.01,98.9,1052.3,-1,0,76,,1.461527778,,,,,,,,-1053.3
3241,10.67,0,98.9,1055.3,0,0,76,,1.465694444,,,,,,,,-1055.3
3242,10.77,0.12,98.8,1064.1,11.9,0,74,,1.477916667,,,,,,,,-1052.2
3243,10.77,0.11,98.8,1064.1,10.9,0,73,,1.477916667,,,,,,,,-1053.2
3244,10.69,0.17,98.8,1056.2,16.8,0,73,,1.466944444,,,,,,,,-1039.4
3245,10.65,0.21,98.9,1053.3,20.8,0,73,,1.462916667,,,,,,,,-1032.5
3246,10.63,0.2,98.8,1050.2,19.8,0,75,,1.458611111,,,,,,,,-1030.4
3247,10.62,-0.48,98.9,1050.3,-47.5,0,77,,1.45875,,,,,,,,-1097.8
3248,10.59,-1.34,99,1048.4,-132.7,0,78,,1.456111111,,,,,,,,-1181.1
3249,10.59,-0.96,99,1048.4,-95,0,78,,1.456111111,,,,,,,,-1143.4
3250,10.61,-1.37,99.1,1051.5,-135.8,0,78,,1.460416667,,,,,,,,-1187.3
3251,10.6,-1.3,99,1049.4,-128.7,0,78,,1.4575,,,,,,,,-1178.1
3252,10.61,-1.08,99,1050.4,-106.9,0,78,,1.458888889,,,,,,,,-1157.3
3253,10.59,-1.41,99.1,1049.5,-139.7,0,78,,1.457638889,,,,,,,,-1189.2
3254,10.57,-0.98,99,1046.4,-97,0,78,,1.453333333,,,,,,,,-1143.4
3255,10.55,-0.84,99,1044.5,-83.2,0,78,,1.450694444,,,,,,,,-1127.7
3256,10.62,-0.9,99,1051.4,-89.1,0,78,,1.460277778,,,,,,,,-1140.5
3257,10.66,-0.87,99,1055.3,-86.1,0,77,,1.465694444,,,,,,,,-1141.4
3258,10.69,-0.46,98.9,1057.2,-45.5,0,77,,1.468333333,,,,,,,,-1102.7
3259,10.66,-0.61,98.9,1054.3,-60.3,0,77,,1.464305556,,,,,,,,-1114.6
3260,10.65,-0.96,99,1054.4,-95,0,77,,1.464444444,,,,,,,,-1149.4
3261,10.7,-0.15,98.8,1057.2,-14.8,0,76,,1.468333333,,,,,,,,-1072
3262,10.81,0.08,98.8,1068,7.9,0,74,,1.483333333,,,,,,,,-1060.1
3263,10.82,0.05,98.8,1069,4.9,0,73,,1.484722222,,,,,,,,-1064.1
3264,10.75,0.17,98.8,1062.1,16.8,0,73,,1.475138889,,,,,,,,-1045.3
3265,10.77,0.18,98.8,1064.1,17.8,0,74,,1.477916667,,,,,,,,-1046.3
3266,10.5,0.19,98.8,1037.4,18.8,0,75,,1.440833333,,,,,,,,-1018.6
3267,10.25,-0.53,98.9,1013.7,-52.4,0,76,,1.407916667,,,,,,,,-1066.1
3268,10.45,-1.5,99,1034.6,-148.5,0,78,,1.436944444,,,,,,,,-1183.1
3269,10.4,-2.47,99.2,1031.7,-245,0,79,,1.432916667,,,,,,,,-1276.7
3270,10.43,-3.41,99.3,1035.7,-338.6,0,80,,1.438472222,,,,,,,,-1374.3
3271,10.47,-2.93,99.3,1039.7,-290.9,0,79,,1.444027778,,,,,,,,-1330.6
3272,10.43,-1.8,99.2,1034.7,-178.6,0,78,,1.437083333,,,,,,,,-1213.3
3273,10.5,-0.64,99,1039.5,-63.4,0,77,,1.44375,,,,,,,,-1102.9
3274,10.37,-0.49,99,1026.6,-48.5,0,76,,1.425833333,,,,,,,,-1075.1
3275,10.38,-0.8,99,1027.6,-79.2,0,77,,1.427222222,,,,,,,,-1106.8
3276,9.99,-1.38,99.1,990,-136.8,0,78,,1.375,,,,,,,,-1126.8
3277,10.05,-3.47,99.4,999,-344.9,0,80,,1.3875,,,,,,,,-1343.9
3278,9.92,-5.18,99.7,989,-516.4,0,81,,1.373611111,,,,,,,,-1505.4
3279,10.04,-5.94,99.7,1001,-592.2,0,82,,1.390277778,,,,,,,,-1593.2
3280,9.91,-10.42,100.6,996.9,-1048.3,0,80,,1.384583333,,,,,,,,-2045.2
3281,9.97,-9.6,100.4,1001,-963.8,0,78,,1.390277778,,,,,,,,-1964.8
3282,10.02,-9.1,100.3,1005,-912.7,0,75,,1.395833333,,,,,,,,-1917.7
3283,10.3,-1.47,99.3,1022.8,-146,0,73,,1.420555556,,,,,,,,-1168.8
3284,10.45,-0.62,99.2,1036.6,-61.5,0,71,,1.439722222,,,,,,,,-1098.1
3285,10.72,2.79,98.6,1057,275.1,0,70,,1.468055556,,,,,,,,-781.9
3286,10.71,3.09,98.6,1056,304.7,0,70,,1.466666667,,,,,,,,-751.3
3287,10.73,3.08,98.5,1056.9,303.4,0,69,,1.467916667,,,,,,,,-753.5
3288,10.73,3.07,98.4,1055.8,302.1,0,70,,1.466388889,,,,,,,,-753.7
3289,10.77,3.04,98.4,1059.8,299.1,0,70,,1.471944444,,,,,,,,-760.7
3290,10.81,3.29,98.4,1063.7,323.7,0,69,,1.477361111,,,,,,,,-740
3291,10.87,3.93,98.3,1068.5,386.3,0,69,,1.484027778,,,,,,,,-682.2
3292,10.95,5.78,98,1073.1,566.4,0,69,,1.490416667,,,,,,,,-506.7
3293,10.97,5.77,98,1075.1,565.5,0,69,,1.493194444,,,,,,,,-509.6
3294,10.96,5.78,98,1074.1,566.4,0,69,,1.491805556,,,,,,,,-507.7
3295,10.96,5.75,97.9,1073,562.9,0,70,,1.490277778,,,,,,,,-510.1
3296,10.85,3.84,98.2,1065.5,377.1,0,70,,1.479861111,,,,,,,,-688.4
3297,10.59,-0.55,98.8,1046.3,-54.3,0,71,,1.453194444,,,,,,,,-1100.6
3298,10.34,-6.65,99.8,1031.9,-663.7,0,70,,1.433194444,,,,,,,,-1695.6
3299,10.28,-6.88,99.8,1025.9,-686.6,0,70,,1.424861111,,,,,,,,-1712.5
3300,10.36,-3.87,99.4,1029.8,-384.7,0,71,,1.430277778,,,,,,,,-1414.5
3301,10.34,-2.75,99.3,1026.8,-273.1,0,74,,1.426111111,,,,,,,,-1299.9
3302,10.46,-2.82,99.3,1038.7,-280,0,76,,1.442638889,,,,,,,,-1318.7
3303,10.49,-2.87,99.3,1041.7,-285,0,76,,1.446805556,,,,,,,,-1326.7
3304,10.48,-2.86,99.3,1040.7,-284,0,73,,1.445416667,,,,,,,,-1324.7
3305,10.57,0.27,98.9,1045.4,26.7,0,73,,1.451944444,,,,,,,,-1018.7
3306,10.56,1.27,98.7,1042.3,125.3,0,74,,1.447638889,,,,,,,,-917
3307,10.7,1.11,98.7,1056.1,109.6,0,74,,1.466805556,,,,,,,,-946.5
3308,10.78,1.01,98.7,1064,99.7,0,71,,1.477777778,,,,,,,,-964.3
3309,10.78,1.05,98.7,1064,103.6,0,67,,1.477777778,,,,,,,,-960.4
3310,10.85,3.92,98.3,1066.6,385.3,0,65,,1.481388889,,,,,,,,-681.3
3311,10.82,3.91,98.3,1063.6,384.4,0,66,,1.477222222,,,,,,,,-679.2
3312,10.79,3.95,98.3,1060.7,388.3,0,67,,1.473194444,,,,,,,,-672.4
3313,10.8,3.93,98.3,1061.6,386.3,0,68,,1.474444444,,,,,,,,-675.3
3314,10.8,3.94,98.1,1059.5,386.5,0,70,,1.471527778,,,,,,,,-673
3315,10.82,3.96,98.2,1062.5,388.9,0,71,,1.475694444,,,,,,,,-673.6
3316,10.85,4.09,98.1,1064.4,401.2,0,72,,1.478333333,,,,,,,,-663.2
3317,10.8,3.98,98.1,1059.5,390.4,0,73,,1.471527778,,,,,,,,-669.1
3318,10.84,3.98,98.1,1063.4,390.4,0,74,,1.476944444,,,,,,,,-673
3319,10.85,3.74,98.2,1065.5,367.3,0,73,,1.479861111,,,,,,,,-698.2
3320,10.91,4.96,97.9,1068.1,485.6,0,73,,1.483472222,,,,,,,,-582.5
3321,10.98,5.26,97.9,1074.9,515,0,72,,1.492916667,,,,,,,,-559.9
3322,10.95,5.98,97.8,1070.9,584.8,0,72,,1.487361111,,,,,,,,-486.1
3323,10.98,5.53,97.8,1073.8,540.8,0,72,,1.491388889,,,,,,,,-533
3324,10.97,5.66,97.8,1072.9,553.5,0,71,,1.490138889,,,,,,,,-519.4
3325,11,5.61,97.8,1075.8,548.7,0,71,,1.494166667,,,,,,,,-527.1
3326,10.95,5.63,97.7,1069.8,550.1,0,72,,1.485833333,,,,,,,,-519.7
3327,10.83,4.98,97.9,1060.3,487.5,0,74,,1.472638889,,,,,,,,-572.8
3328,10.66,2.56,98.2,1046.8,251.4,0,76,,1.453888889,,,,,,,,-795.4
3329,10.49,-2.49,99,1038.5,-246.5,0,77,,1.442361111,,,,,,,,-1285
3330,10.57,-2.2,99,1046.4,-217.8,0,77,,1.453333333,,,,,,,,-1264.2
3331,10.32,-9.32,100.1,1033,-932.9,0,73,,1.434722222,,,,,,,,-1965.9
3332,7.68,-26.2,102.6,788,-2688.1,0,67,,1.094444444,,,,,,,,-3476.1
3333,6.78,-28.38,103.1,699,-2926,0,50,,0.970833333,,,,,,,,-3625
3334,9.44,-20.14,102,962.9,-2054.3,0,33,,1.337361111,,,,,,,,-3017.2
3335,10.04,-13.72,101.1,1015,-1387.1,0,21,,1.409722222,,,,,,,,-2402.1
3336,10.14,-10.97,100.7,1021.1,-1104.7,0,13,,1.418194444,,,,,,,,-2125.8
3337,10.19,-9.21,100.4,1023.1,-924.7,0,9,,1.420972222,,,,,,,,-1947.8
3338,10.17,-9.19,100.4,1021.1,-922.7,0,6,,1.418194444,,,,,,,,-1943.8
3339,10.16,-9.18,100.4,1020.1,-921.7,0,4,,1.416805556,,,,,,,,-1941.8
3340,10.17,-9.18,100.5,1022.1,-922.6,0,0,,1.419583333,,,,,,,,-1944.7
3341,10.15,-9.17,100.5,1020.1,-921.6,0,0,,1.416805556,,,,,,,,-1941.7
3342,10.14,-9.15,100.5,1019.1,-919.6,0,0,,1.415416667,,,,,,,,-1938.7
3343,10.14,-9.16,100.6,1020.1,-921.5,0,0,,1.416805556,,,,,,,,-1941.6
3344,10.13,-9.15,100.6,1019.1,-920.5,0,0,,1.415416667,,,,,,,,-1939.6
3345,10.12,-9.15,100.6,1018.1,-920.5,0,0,,1.414027778,,,,,,,,-1938.6
3346,10.11,-9.15,100.6,1017.1,-920.5,0,0,,1.412638889,,,,,,,,-1937.6
3347,10.13,-9.16,100.6,1019.1,-921.5,0,0,,1.415416667,,,,,,,,-1940.6
3348,10.09,-9.12,100.6,1015.1,-917.5,0,0,,1.409861111,,,,,,,,-1932.6
3349,10.1,-9.12,100.6,1016.1,-917.5,0,0,,1.41125,,,,,,,,-1933.6
3350,10.09,-9.12,100.6,1015.1,-917.5,0,0,,1.409861111,,,,,,,,-1932.6
3351,10.08,-9.1,100.6,1014,-915.5,0,0,,1.408333333,,,,,,,,-1929.5
3352,10.07,-9.08,100.6,1013,-913.4,0,0,,1.406944444,,,,,,,,-1926.4
3353,10.06,-9.07,100.6,1012,-912.4,0,0,,1.405555556,,,,,,,,-1924.4
3354,10.06,-9.06,100.6,1012,-911.4,0,0,,1.405555556,,,,,,,,-1923.4
3355,10.05,-9.06,100.6,1011,-911.4,0,0,,1.404166667,,,,,,,,-1922.4
3356,10.03,-9.05,100.6,1009,-910.4,0,0,,1.401388889,,,,,,,,-1919.4
3357,10.03,-9.05,100.6,1009,-910.4,0,0,,1.401388889,,,,,,,,-1919.4
3358,10.03,-9.06,100.6,1009,-911.4,0,0,,1.401388889,,,,,,,,-1920.4
3359,10.04,-9.06,100.7,1011,-912.3,0,0,,1.404166667,,,,,,,,-1923.3
3360,10.04,-9.05,100.7,1011,-911.3,0,0,,1.404166667,,,,,,,,-1922.3
3361,10.04,-9.05,100.6,1010,-910.4,0,0,,1.402777778,,,,,,,,-1920.4
3362,10.24,-3.55,99.9,1023,-354.6,0,0,,1.420833333,,,,,,,,-1377.6
3363,10.28,0.64,99.2,1019.8,63.5,0,15,,1.416388889,,,,,,,,-956.3
3364,10.51,2.97,98.9,1039.4,293.7,0,24,,1.443611111,,,,,,,,-745.7
3365,10.09,-9.1,100.6,1015.1,-915.5,0,29,,1.409861111,,,,,,,,-1930.6
3366,10.1,-9.09,100.6,1016.1,-914.5,0,26,,1.41125,,,,,,,,-1930.6
3367,10.03,-9.88,100.8,1011,-995.9,0,19,,1.404166667,,,,,,,,-2006.9
3368,10.39,-0.45,99.4,1032.8,-44.7,0,22,,1.434444444,,,,,,,,-1077.5
3369,10.44,0.41,99.2,1035.6,40.7,0,28,,1.438333333,,,,,,,,-994.9
3370,10.07,-9.09,100.6,1013,-914.5,0,25,,1.406944444,,,,,,,,-1927.5
3371,10.02,-9.04,100.7,1009,-910.3,0,24,,1.401388889,,,,,,,,-1919.3
3372,10.11,-3.48,99.9,1010,-347.7,0,25,,1.402777778,,,,,,,,-1357.7
3373,10.01,-9.03,100.7,1008,-909.3,0,27,,1.4,,,,,,,,-1917.3
3374,9.99,-9.02,100.7,1006,-908.3,0,27,,1.397222222,,,,,,,,-1914.3
3375,9.96,-8.99,100.7,1003,-905.3,0,29,,1.393055556,,,,,,,,-1908.3
3376,10.14,-2.84,99.8,1012,-283.4,0,33,,1.405555556,,,,,,,,-1295.4
3377,9.97,-9,100.7,1004,-906.3,0,37,,1.394444444,,,,,,,,-1910.3
3378,10.22,-3.6,99.9,1021,-359.6,0,39,,1.418055556,,,,,,,,-1380.6
3379,10.3,-3.66,100,1030,-366,0,41,,1.430555556,,,,,,,,-1396
3380,10.48,-0.54,99.5,1042.8,-53.7,0,42,,1.448333333,,,,,,,,-1096.5
3381,10.61,1.29,99.2,1052.5,128,0,43,,1.461805556,,,,,,,,-924.5
3382,10.72,2.15,99,1061.3,212.9,0,44,,1.474027778,,,,,,,,-848.4
3383,10.75,4,98.7,1061,394.8,0,45,,1.473611111,,,,,,,,-666.2
3384,10.87,6.77,98.3,1068.5,665.5,0,48,,1.484027778,,,,,,,,-403
3385,10.86,6.77,98.2,1066.5,664.8,0,52,,1.48125,,,,,,,,-401.7
3386,10.92,6.77,98.1,1071.3,664.1,0,55,,1.487916667,,,,,,,,-407.2
3387,10.82,6.81,98.1,1061.4,668.1,0,58,,1.474166667,,,,,,,,-393.3
3388,10.83,6.88,98.1,1062.4,674.9,0,60,,1.475555556,,,,,,,,-387.5
3389,10.96,9.34,97.7,1070.8,912.5,0,62,,1.487222222,,,,,,,,-158.3
3390,11.05,9.49,97.7,1079.6,927.2,0,64,,1.499444444,,,,,,,,-152.4
3391,11.04,9.53,97.6,1077.5,930.1,0,64,,1.496527778,,,,,,,,-147.4
3392,11.07,9.44,97.5,1079.3,920.4,0,62,,1.499027778,,,,,,,,-158.9
3393,11.12,9.39,97.5,1084.2,915.5,0,61,,1.505833333,,,,,,,,-168.7
3394,11.11,9.46,97.5,1083.2,922.4,0,61,,1.504444444,,,,,,,,-160.8
3395,10.92,8.72,97.6,1065.8,851.1,0,62,,1.480277778,,,,,,,,-214.7
3396,10.91,6.66,97.9,1068.1,652,0,64,,1.483472222,,,,,,,,-416.1
3397,10.92,7.67,97.8,1068,750.1,0,65,,1.483333333,,,,,,,,-317.9
3398,10.96,7.62,97.7,1070.8,744.5,0,67,,1.487222222,,,,,,,,-326.3
3399,11.06,7.57,97.7,1080.6,739.6,0,69,,1.500833333,,,,,,,,-341
3400,11.02,7.58,97.7,1076.7,740.6,0,69,,1.495416667,,,,,,,,-336.1
3401,11.03,8.48,97.6,1076.5,827.6,0,69,,1.495138889,,,,,,,,-248.9
3402,11.1,8.45,97.5,1082.3,823.9,0,69,,1.503194444,,,,,,,,-258.4
3403,11.07,8.46,97.5,1079.3,824.9,0,69,,1.499027778,,,,,,,,-254.4
3404,11.09,8.58,97.5,1081.3,836.6,0,70,,1.501805556,,,,,,,,-244.7
3405,10.65,8.39,97.5,1038.4,818,0,71,,1.442222222,,,,,,,,-220.4
3406,10.57,7.92,97.6,1031.6,773,0,72,,1.432777778,,,,,,,,-258.6
3407,10.47,5.63,97.9,1025,551.2,0,74,,1.423611111,,,,,,,,-473.8
3408,10.49,4.03,98.2,1030.1,395.7,0,75,,1.430694444,,,,,,,,-634.4
3409,10.42,3.03,98.3,1024.3,297.8,0,76,,1.422638889,,,,,,,,-726.5
3410,10.4,2.09,98.5,1024.4,205.9,0,77,,1.422777778,,,,,,,,-818.5
3411,10.29,0.18,98.8,1016.7,17.8,0,78,,1.412083333,,,,,,,,-998.9
3412,10.14,-4.34,99.4,1007.9,-431.4,0,78,,1.399861111,,,,,,,,-1439.3
3413,10.02,-9.53,100.3,1005,-955.9,0,78,,1.395833333,,,,,,,,-1960.9
3414,10.06,-9.21,100.3,1009,-923.8,0,76,,1.401388889,,,,,,,,-1932.8
3415,10.46,-3.87,99.5,1040.8,-385.1,0,74,,1.445555556,,,,,,,,-1425.9
3416,10.61,0.24,98.9,1049.3,23.7,0,72,,1.457361111,,,,,,,,-1025.6
3417,10.56,0.24,98.9,1044.4,23.7,0,72,,1.450555556,,,,,,,,-1020.7
3418,10.52,0.29,98.9,1040.4,28.7,0,73,,1.445,,,,,,,,-1011.7
3419,10.47,0.34,98.9,1035.5,33.6,0,75,,1.438194444,,,,,,,,-1001.9
3420,10.48,0.23,98.9,1036.5,22.7,0,76,,1.439583333,,,,,,,,-1013.8
3421,10.58,0.1,98.9,1046.4,9.9,0,76,,1.453333333,,,,,,,,-1036.5
3422,10.63,0.19,98.9,1051.3,18.8,0,74,,1.460138889,,,,,,,,-1032.5
3423,10.7,0.12,99,1059.3,11.9,0,71,,1.47125,,,,,,,,-1047.4
3424,10.83,3,98.6,1067.8,295.8,0,67,,1.483055556,,,,,,,,-772
3425,10.89,2.91,98.6,1073.8,286.9,0,63,,1.491388889,,,,,,,,-786.9
3426,10.86,2.94,98.6,1070.8,289.9,0,60,,1.487222222,,,,,,,,-780.9
3427,10.81,2.97,98.5,1064.8,292.5,0,58,,1.478888889,,,,,,,,-772.3
3428,10.85,4.85,98.2,1065.5,476.3,0,59,,1.479861111,,,,,,,,-589.2
3429,10.86,5.82,98,1064.3,570.4,0,61,,1.478194444,,,,,,,,-493.9
3430,10.83,5.82,98,1061.3,570.4,0,65,,1.474027778,,,,,,,,-490.9
3431,10.77,5.86,98,1055.5,574.3,0,70,,1.465972222,,,,,,,,-481.2
3432,10.51,0.77,98.7,1037.3,76,0,75,,1.440694444,,,,,,,,-961.3
3433,10.36,-2.31,99.2,1027.7,-229.2,0,79,,1.427361111,,,,,,,,-1256.9
3434,10.43,-2.99,99.3,1035.7,-296.9,0,80,,1.438472222,,,,,,,,-1332.6
3435,10.57,-1.61,99.1,1047.5,-159.6,0,78,,1.454861111,,,,,,,,-1207.1
3436,10.68,0,98.9,1056.3,0,0,76,,1.467083333,,,,,,,,-1056.3
3437,10.64,0.91,98.8,1051.2,89.9,0,76,,1.46,,,,,,,,-961.3
3438,10.31,-5.35,99.7,1027.9,-533.4,0,77,,1.427638889,,,,,,,,-1561.3
3439,10.15,-9.29,100.3,1018,-931.8,0,76,,1.413888889,,,,,,,,-1949.8
3440,10.13,-9.16,100.3,1016,-918.7,0,75,,1.411111111,,,,,,,,-1934.7
3441,10.12,-9.14,100.3,1015,-916.7,0,74,,1.409722222,,,,,,,,-1931.7
3442,10.4,-2.76,99.5,1034.8,-274.6,0,74,,1.437222222,,,,,,,,-1309.4
3443,10.53,-0.73,99.2,1044.6,-72.4,0,73,,1.450833333,,,,,,,,-1117
3444,10.57,0.25,99,1046.4,24.8,0,72,,1.453333333,,,,,,,,-1021.6
3445,10.6,0.2,99,1049.4,19.8,0,72,,1.4575,,,,,,,,-1029.6
3446,10.75,2.04,98.7,1061,201.3,0,71,,1.473611111,,,,,,,,-859.7
3447,10.85,1.95,98.7,1070.9,192.5,0,68,,1.487361111,,,,,,,,-878.4
3448,10.88,1.88,98.7,1073.9,185.6,0,63,,1.491527778,,,,,,,,-888.3
3449,10.82,1.97,98.7,1067.9,194.4,0,59,,1.483194444,,,,,,,,-873.5
3450,10.8,1.97,98.7,1066,194.4,0,57,,1.480555556,,,,,,,,-871.6
3451,10.93,6.71,98,1071.1,657.6,0,58,,1.487638889,,,,,,,,-413.5
3452,10.91,6.7,97.9,1068.1,655.9,0,60,,1.483472222,,,,,,,,-412.2
3453,10.87,6.75,97.9,1064.2,660.8,0,64,,1.478055556,,,,,,,,-403.4
3454,10.62,2.86,98.4,1045,281.4,0,68,,1.451388889,,,,,,,,-763.6
3455,10.47,0.19,98.9,1035.5,18.8,0,72,,1.438194444,,,,,,,,-1016.7
3456,10.55,0.03,98.9,1043.4,3,0,73,,1.449166667,,,,,,,,-1040.4
3457,10.7,2.06,98.6,1055,203.1,0,72,,1.465277778,,,,,,,,-851.9
3458,10.7,2.01,98.6,1055,198.2,0,71,,1.465277778,,,,,,,,-856.8
3459,10.64,2.09,98.6,1049.1,206.1,0,71,,1.457083333,,,,,,,,-843
3460,10.59,2.11,98.6,1044.2,208,0,73,,1.450277778,,,,,,,,-836.2
3461,10.48,1.64,98.6,1033.3,161.7,0,76,,1.435138889,,,,,,,,-871.6
3462,10.5,0.24,98.9,1038.5,23.7,0,77,,1.442361111,,,,,,,,-1014.8
3463,10.52,0.91,98.8,1039.4,89.9,0,77,,1.443611111,,,,,,,,-949.5
3464,10.44,0.45,98.8,1031.5,44.5,0,77,,1.432638889,,,,,,,,-987
3465,10.3,-2.23,99.2,1021.8,-221.2,0,79,,1.419166667,,,,,,,,-1243
3466,10.24,-1.13,99,1013.8,-111.9,0,78,,1.408055556,,,,,,,,-1125.7
3467,10.37,2.09,98.6,1022.5,206.1,0,75,,1.420138889,,,,,,,,-816.4
3468,10.65,6.04,98,1043.7,591.9,0,70,,1.449583333,,,,,,,,-451.8
3469,10.56,6.04,98,1034.9,591.9,0,67,,1.437361111,,,,,,,,-443
3470,10.36,6.26,97.9,1014.2,612.9,0,64,,1.408611111,,,,,,,,-401.3
3471,10.29,6.31,97.8,1006.4,617.1,0,62,,1.397777778,,,,,,,,-389.3
3472,10.47,7.14,97.7,1022.9,697.6,0,62,,1.420694444,,,,,,,,-325.3
3473,10.34,7.21,97.7,1010.2,704.4,0,63,,1.403055556,,,,,,,,-305.8
3474,10.15,10.69,97.1,985.6,1038,0,64,,1.368888889,,,,,,,,52.4
3475,10.08,10.78,97.1,978.8,1046.7,0,66,,1.359444444,,,,,,,,67.9
3476,10.25,10.62,97,994.3,1030.1,0,68,,1.380972222,,,,,,,,35.8
3477,10.09,10.31,97.1,979.7,1001.1,0,70,,1.360694444,,,,,,,,21.4
3478,10.18,10.2,97.1,988.5,990.4,0,71,,1.372916667,,,,,,,,1.9
3479,10.28,8.87,97.3,1000.2,863.1,0,72,,1.389166667,,,,,,,,-137.1
3480,9.82,7.8,97.4,956.5,759.7,0,73,,1.328472222,,,,,,,,-196.8
3481,9.72,5.86,97.7,949.6,572.5,0,74,,1.318888889,,,,,,,,-377.1
3482,10.05,4.15,98,984.9,406.7,0,75,,1.367916667,,,,,,,,-578.2
3483,10.16,4.07,98,995.7,398.9,0,75,,1.382916667,,,,,,,,-596.8
3484,10.25,4.93,97.9,1003.5,482.6,0,75,,1.39375,,,,,,,,-520.9
3485,10.4,4.78,97.9,1018.2,468,0,75,,1.414166667,,,,,,,,-550.2
3486,10.6,4.31,97.9,1037.7,421.9,0,75,,1.44125,,,,,,,,-615.8
3487,10.66,5.07,97.8,1042.5,495.8,0,74,,1.447916667,,,,,,,,-546.7
3488,10.77,6.99,97.6,1051.2,682.2,0,73,,1.46,,,,,,,,-369
3489,10.73,6.85,97.5,1046.2,667.9,0,73,,1.453055556,,,,,,,,-378.3
3490,10.59,5.19,97.8,1035.7,507.6,0,74,,1.438472222,,,,,,,,-528.1
3491,10.39,1.76,98.3,1021.3,173,0,77,,1.418472222,,,,,,,,-848.3
3492,10.05,-6.71,99.6,1001,-668.3,0,79,,1.390277778,,,,,,,,-1669.3
3493,9.87,-9.76,100.1,988,-977,0,79,,1.372222222,,,,,,,,-1965
3494,9.84,-10.22,100.3,987,-1025.1,0,80,,1.370833333,,,,,,,,-2012.1
3495,9.77,-11.81,100.6,982.9,-1188.1,0,82,,1.365138889,,,,,,,,-2171
3496,9.98,-12.5,100.7,1005,-1258.8,0,82,,1.395833333,,,,,,,,-2263.8
3497,10.13,-6.88,99.8,1011,-686.6,0,82,,1.404166667,,,,,,,,-1697.6
3498,10.19,-7.61,100,1019,-761,0,82,,1.415277778,,,,,,,,-1780
3499,10.03,-8.67,100.1,1004,-867.9,0,83,,1.394444444,,,,,,,,-1871.9
3500,10.2,-7.98,100.1,1021,-798.8,0,83,,1.418055556,,,,,,,,-1819.8
3501,10.36,-4.39,99.6,1031.9,-437.2,0,80,,1.433194444,,,,,,,,-1469.1
3502,10.35,-3.14,99.4,1028.8,-312.1,0,79,,1.428888889,,,,,,,,-1340.9
3503,10.37,-2.51,99.3,1029.7,-249.2,0,77,,1.430138889,,,,,,,,-1278.9
3504,10.47,-2.77,99.3,1039.7,-275.1,0,75,,1.444027778,,,,,,,,-1314.8
3505,10.72,1.14,98.8,1059.1,112.6,0,71,,1.470972222,,,,,,,,-946.5
3506,10.84,3.98,98.3,1065.6,391.2,0,67,,1.48,,,,,,,,-674.4
3507,10.86,5.57,98,1064.3,545.9,0,65,,1.478194444,,,,,,,,-518.4
3508,10.9,5.86,98,1068.2,574.3,0,64,,1.483611111,,,,,,,,-493.9
3509,10.82,5.87,98,1060.4,575.3,0,65,,1.472777778,,,,,,,,-485.1
3510,10.85,5.88,97.9,1062.2,575.7,0,66,,1.475277778,,,,,,,,-486.5
3511,10.77,5.93,97.8,1053.3,580,0,68,,1.462916667,,,,,,,,-473.3
3512,10.74,5.95,97.8,1050.4,581.9,0,71,,1.458888889,,,,,,,,-468.5
3513,10.34,5.37,97.9,1012.3,525.7,0,74,,1.405972222,,,,,,,,-486.6
3514,10.48,3.44,98.2,1029.1,337.8,0,76,,1.429305556,,,,,,,,-691.3
3515,10.38,0.78,98.5,1022.4,76.8,0,77,,1.42,,,,,,,,-945.6
3516,10.32,-1.67,99,1021.7,-165.3,0,79,,1.419027778,,,,,,,,-1187
3517,10.12,-3.79,99.3,1004.9,-376.3,0,80,,1.395694444,,,,,,,,-1381.2
3518,9.94,-5,99.5,989,-497.5,0,81,,1.373611111,,,,,,,,-1486.5
3519,9.85,-6.05,99.7,982,-603.2,0,82,,1.363888889,,,,,,,,-1585.2
3520,9.69,-10.99,100.5,973.8,-1104.5,0,81,,1.3525,,,,,,,,-2078.3
3521,9.92,-9.92,100.3,995,-995,0,79,,1.381944444,,,,,,,,-1990
3522,10,-9.73,100.4,1004,-976.9,0,78,,1.394444444,,,,,,,,-1980.9
3523,10.17,-5.45,99.7,1013.9,-543.4,0,80,,1.408194444,,,,,,,,-1557.3
3524,10.21,-5.08,99.7,1017.9,-506.5,0,78,,1.41375,,,,,,,,-1524.4
3525,10.19,-4.63,99.6,1014.9,-461.1,0,77,,1.409583333,,,,,,,,-1476
3526,10.25,-4.03,99.5,1019.9,-401,0,78,,1.416527778,,,,,,,,-1420.9
3527,10.55,0,98.9,1043.4,0,0,76,,1.449166667,,,,,,,,-1043.4
3528,10.78,3.02,98.5,1061.8,297.5,0,72,,1.474722222,,,,,,,,-764.3
3529,10.66,3.1,98.4,1048.9,305,0,70,,1.456805556,,,,,,,,-743.9
3530,10.64,3.1,98.4,1047,305,0,69,,1.454166667,,,,,,,,-742
3531,10.58,3.15,98.4,1041.1,310,0,70,,1.445972222,,,,,,,,-731.1
3532,10.53,3.16,98.4,1036.2,310.9,0,71,,1.439166667,,,,,,,,-725.3
3533,10.47,3.27,98.3,1029.2,321.4,0,73,,1.429444444,,,,,,,,-707.8
3534,10.35,2.95,98.4,1018.4,290.3,0,75,,1.414444444,,,,,,,,-728.1
3535,10.4,0.91,98.7,1026.5,89.8,0,77,,1.425694444,,,,,,,,-936.7
3536,10.34,-0.71,98.9,1022.6,-70.2,0,78,,1.420277778,,,,,,,,-1092.8
3537,10.3,-1.85,99.1,1020.7,-183.3,0,78,,1.417638889,,,,,,,,-1204
3538,10.18,-1.34,99,1007.8,-132.7,0,78,,1.399722222,,,,,,,,-1140.5
3539,10.21,-1.18,99,1010.8,-116.8,0,77,,1.403888889,,,,,,,,-1127.6
3540,10.15,-1.47,99,1004.9,-145.5,0,78,,1.395694444,,,,,,,,-1150.4
3541,10.04,-3.98,99.4,998,-395.6,0,80,,1.386111111,,,,,,,,-1393.6
3542,9.79,-10.96,100.6,984.9,-1102.6,0,81,,1.367916667,,,,,,,,-2087.5
3543,9.86,-10.81,100.6,991.9,-1087.5,0,81,,1.377638889,,,,,,,,-2079.4
3544,10.34,-1.54,99.2,1025.7,-152.8,0,79,,1.424583333,,,,,,,,-1178.5
3545,10.63,4.61,98.3,1044.9,453.2,0,74,,1.45125,,,,,,,,-591.7
3546,10.62,6.15,98,1040.8,602.7,0,71,,1.445555556,,,,,,,,-438.1
3547,10.54,6.14,97.9,1031.9,601.1,0,71,,1.433194444,,,,,,,,-430.8
3548,10.62,6.01,97.9,1039.7,588.4,0,72,,1.444027778,,,,,,,,-451.3
3549,10.55,4.81,98.1,1035,471.9,0,75,,1.4375,,,,,,,,-563.1
3550,10.06,-7.88,99.9,1005,-787.2,0,76,,1.395833333,,,,,,,,-1792.2
3551,10.14,-4.89,99.5,1008.9,-486.6,0,78,,1.40125,,,,,,,,-1495.5
3552,10.21,-4.74,99.5,1015.9,-471.6,0,77,,1.410972222,,,,,,,,-1487.5
3553,10.32,-3.76,99.5,1026.8,-374.1,0,75,,1.426111111,,,,,,,,-1400.9
3554,10.49,0.34,98.9,1037.5,33.6,0,73,,1.440972222,,,,,,,,-1003.9
3555,10.63,3.13,98.4,1046,308,0,73,,1.452777778,,,,,,,,-738
3556,10.64,3.07,98.4,1047,302.1,0,71,,1.454166667,,,,,,,,-744.9
3557,10.58,3.13,98.3,1040,307.7,0,72,,1.444444444,,,,,,,,-732.3
3558,10.54,2.11,98.5,1038.2,207.8,0,73,,1.441944444,,,,,,,,-830.4
3559,10.05,-9.07,100.1,1006,-907.9,0,73,,1.397222222,,,,,,,,-1913.9
3560,9.97,-9,100.2,999,-901.8,0,73,,1.3875,,,,,,,,-1900.8
3561,9.9,-8.97,100.2,992,-898.8,0,75,,1.377777778,,,,,,,,-1890.8
3562,10.02,-9.08,100.3,1005,-910.7,0,75,,1.395833333,,,,,,,,-1915.7
3563,10.48,1.34,98.8,1035.4,132.4,0,74,,1.438055556,,,,,,,,-903
3564,10.46,2.31,98.6,1031.4,227.8,0,73,,1.4325,,,,,,,,-803.6
3565,10.6,2.16,98.6,1045.2,213,0,72,,1.451666667,,,,,,,,-832.2
3566,10.29,2.41,98.6,1014.6,237.6,0,72,,1.409166667,,,,,,,,-777
3567,10.23,1.37,98.7,1009.7,135.2,0,73,,1.402361111,,,,,,,,-874.5
3568,10.19,-2.64,99.3,1011.9,-262.2,0,74,,1.405416667,,,,,,,,-1274.1
3569,9.87,-6.7,99.8,985,-668.7,0,75,,1.368055556,,,,,,,,-1653.7
3570,9.91,-6.53,99.9,990,-652.3,0,75,,1.375,,,,,,,,-1642.3
3571,10.02,-3.48,99.5,997,-346.3,0,74,,1.384722222,,,,,,,,-1343.3
3572,9.98,-3.47,99.5,993,-345.3,0,75,,1.379166667,,,,,,,,-1338.3
3573,9.92,-3.74,99.5,987,-372.1,0,78,,1.370833333,,,,,,,,-1359.1
3574,9.96,-4.41,99.6,992,-439.2,0,80,,1.377777778,,,,,,,,-1431.2
3575,10.1,-2.69,99.4,1003.9,-267.4,0,80,,1.394305556,,,,,,,,-1271.3
3576,10.17,-0.87,99.1,1007.8,-86.2,0,78,,1.399722222,,,,,,,,-1094
3577,10.26,0.35,98.9,1014.7,34.6,0,76,,1.409305556,,,,,,,,-980.1
3578,10.35,0.42,98.9,1023.6,41.5,0,71,,1.421666667,,,,,,,,-982.1
3579,10.26,0.49,98.9,1014.7,48.5,0,68,,1.409305556,,,,,,,,-966.2
3580,10.23,0.5,98.9,1011.7,49.5,0,66,,1.405138889,,,,,,,,-962.2
3581,10.19,0.56,98.9,1007.8,55.4,0,66,,1.399722222,,,,,,,,-952.4
3582,10.34,3.4,98.4,1017.5,334.6,0,64,,1.413194444,,,,,,,,-682.9
3583,10.3,4.35,98.3,1012.5,427.6,0,63,,1.40625,,,,,,,,-584.9
3584,10.24,4.42,98.3,1006.6,434.5,0,64,,1.398055556,,,,,,,,-572.1
3585,10.2,4.45,98.2,1001.6,437,0,67,,1.391111111,,,,,,,,-564.6
3586,10.49,4.22,98.3,1031.2,414.8,0,69,,1.432222222,,,,,,,,-616.4
3587,10.48,4.21,98.2,1029.1,413.4,0,69,,1.429305556,,,,,,,,-615.7
3588,10.35,5.28,98,1014.3,517.4,0,69,,1.40875,,,,,,,,-496.9
3589,10.41,5.26,98,1020.2,515.5,0,70,,1.416944444,,,,,,,,-504.7
3590,10.32,5.07,98,1011.4,496.9,0,73,,1.404722222,,,,,,,,-514.5
3591,10.25,3.05,98.3,1007.6,299.8,0,76,,1.399444444,,,,,,,,-707.8
3592,10.08,-0.23,98.8,995.9,-22.7,0,78,,1.383194444,,,,,,,,-1018.6
3593,10.05,-0.74,98.9,993.9,-73.2,0,78,,1.380416667,,,,,,,,-1067.1
3594,10.13,-2.28,99.1,1003.9,-225.9,0,80,,1.394305556,,,,,,,,-1229.8
3595,10.15,-1.32,99,1004.9,-130.7,0,79,,1.395694444,,,,,,,,-1135.6
3596,10.2,-0.18,98.8,1007.8,-17.8,0,78,,1.399722222,,,,,,,,-1025.6
3597,10.08,0.47,98.8,995.9,46.4,0,77,,1.383194444,,,,,,,,-949.5
3598,10.17,0.83,98.8,1004.8,82,0,76,,1.395555556,,,,,,,,-922.8
3599,10.26,1.28,98.6,1011.6,126.2,0,76,,1.405,,,,,,,,-885.4
3600,10.26,1.57,98.6,1011.6,154.8,0,75,,1.405,,,,,,,,-856.8
3601,10.26,1.49,98.6,1011.6,146.9,0,75,,1.405,,,,,,,,-864.7
3602,10.29,1.49,98.6,1014.6,146.9,0,74,,1.409166667,,,,,,,,-867.7
3603,10.18,1.54,98.6,1003.7,151.8,0,75,,1.394027778,,,,,,,,-851.9
3604,10.17,1.45,98.5,1001.7,142.8,0,75,,1.39125,,,,,,,,-858.9
3605,9.99,1.39,98.6,985,137.1,0,76,,1.368055556,,,,,,,,-847.9
3606,10.01,0.85,98.6,987,83.8,0,77,,1.370833333,,,,,,,,-903.2
3607,10.15,-0.04,98.8,1002.8,-4,0,78,,1.392777778,,,,,,,,-1006.8
3608,10.2,-1.02,99,1009.8,-101,0,78,,1.4025,,,,,,,,-1110.8
3609,10.11,-2.48,99.2,1002.9,-246,0,80,,1.392916667,,,,,,,,-1248.9
3610,10.18,-2.88,99.2,1009.9,-285.7,0,80,,1.402638889,,,,,,,,-1295.6
3611,9.96,-9.38,100.2,998,-939.9,0,79,,1.386111111,,,,,,,,-1937.9
3612,10.03,-7.42,100,1003,-742,0,78,,1.393055556,,,,,,,,-1745
3613,10.17,-6.34,99.8,1015,-632.7,0,75,,1.409722222,,,,,,,,-1647.7
3614,10.25,-3.64,99.5,1019.9,-362.2,0,73,,1.416527778,,,,,,,,-1382.1
3615,10.34,-1.47,99.1,1024.7,-145.7,0,72,,1.423194444,,,,,,,,-1170.4
3616,10.41,0.43,98.9,1029.5,42.5,0,72,,1.429861111,,,,,,,,-987
3617,10.42,0.43,98.9,1030.5,42.5,0,71,,1.43125,,,,,,,,-988
3618,10.49,2.28,98.6,1034.3,224.8,0,72,,1.436527778,,,,,,,,-809.5
3619,10.57,4.16,98.3,1039,408.9,0,71,,1.443055556,,,,,,,,-630.1
3620,10.58,4.24,98.3,1040,416.8,0,72,,1.444444444,,,,,,,,-623.2
3621,10.09,-9.09,100.1,1010,-909.9,0,69,,1.402777778,,,,,,,,-1919.9
3622,10.05,-9.06,100.2,1007,-907.8,0,63,,1.398611111,,,,,,,,-1914.8
3623,9.53,-12.29,100.8,960.6,-1238.8,0,53,,1.334166667,,,,,,,,-2199.4
3624,10.36,-1.52,99.3,1028.7,-150.9,0,49,,1.42875,,,,,,,,-1179.6
3625,10.49,1.41,98.9,1037.5,139.4,0,48,,1.440972222,,,,,,,,-898.1
3626,10.49,1.36,98.8,1036.4,134.4,0,49,,1.439444444,,,,,,,,-902
3627,10.7,5.34,98.2,1050.7,524.4,0,49,,1.459305556,,,,,,,,-526.3
3628,10.84,9.62,97.5,1056.9,938,0,52,,1.467916667,,,,,,,,-118.9
3629,10.82,9.6,97.4,1053.9,935,0,57,,1.46375,,,,,,,,-118.9
3630,10.84,9.6,97.4,1055.8,935,0,61,,1.466388889,,,,,,,,-120.8
3631,10.83,9.64,97.4,1054.8,938.9,0,66,,1.465,,,,,,,,-115.9
3632,10.88,9.73,97.3,1058.6,946.7,0,69,,1.470277778,,,,,,,,-111.9
3633,10.8,8.8,97.4,1051.9,857.1,0,71,,1.460972222,,,,,,,,-194.8
3634,10.79,8.02,97.4,1050.9,781.1,0,73,,1.459583333,,,,,,,,-269.8
3635,10.44,5.01,97.9,1022.1,490.5,0,75,,1.419583333,,,,,,,,-531.6
3636,10.35,3.09,98.2,1016.4,303.4,0,76,,1.411666667,,,,,,,,-713
3637,10.23,2.21,98.3,1005.6,217.2,0,76,,1.396666667,,,,,,,,-788.4
3638,10.03,0.49,98.6,989,48.3,0,78,,1.373611111,,,,,,,,-940.7
3639,10.06,-0.57,98.8,993.9,-56.3,0,78,,1.380416667,,,,,,,,-1050.2
3640,9.92,-2.19,99,982.1,-216.8,0,79,,1.364027778,,,,,,,,-1198.9
3641,9.79,-3.04,99.2,971.2,-301.6,0,79,,1.348888889,,,,,,,,-1272.8
3642,9.81,-3.59,99.3,974.1,-356.5,0,80,,1.352916667,,,,,,,,-1330.6
3643,9.69,-3.11,99.2,961.2,-308.5,0,79,,1.335,,,,,,,,-1269.7
3644,9.68,-8.99,100.1,969,-899.9,0,77,,1.345833333,,,,,,,,-1868.9
3645,9.71,-8.78,100.1,972,-878.9,0,75,,1.35,,,,,,,,-1850.9
3646,9.54,-8.59,100.1,955,-859.9,0,73,,1.326388889,,,,,,,,-1814.9
3647,10.04,4.05,98.3,986.9,398.1,0,72,,1.370694444,,,,,,,,-588.8
3648,10.29,6.33,98,1008.4,620.3,0,72,,1.400555556,,,,,,,,-388.1
3649,10.28,6.28,97.9,1006.4,614.8,0,69,,1.397777778,,,,,,,,-391.6
3650,10.52,6.06,98,1031,593.9,0,67,,1.431944444,,,,,,,,-437.1
3651,10.44,7.15,97.7,1020,698.6,0,67,,1.416666667,,,,,,,,-321.4
3652,10.31,5.64,97.9,1009.3,552.2,0,69,,1.401805556,,,,,,,,-457.1
3653,9.71,-8.74,100,971,-874,0,68,,1.348611111,,,,,,,,-1845
3654,9.66,-8.71,100.1,967,-871.9,0,64,,1.343055556,,,,,,,,-1838.9
3655,9.48,-3.71,99.5,943.3,-369.1,0,66,,1.310138889,,,,,,,,-1312.4
3656,9.48,-0.55,99,938.5,-54.5,0,71,,1.303472222,,,,,,,,-993
3657,9.66,-2.8,99.3,959.2,-278,0,72,,1.332222222,,,,,,,,-1237.2
3658,9.72,-3.01,99.4,966.2,-299.2,0,71,,1.341944444,,,,,,,,-1265.4
3659,9.86,-2.02,99.2,978.1,-200.4,0,70,,1.358472222,,,,,,,,-1178.5
3660,9.91,0.09,98.9,980.1,8.9,0,70,,1.36125,,,,,,,,-971.2
3661,10.02,1.85,98.6,988,182.4,0,72,,1.372222222,,,,,,,,-805.6
3662,10.25,1.69,98.6,1010.7,166.6,0,74,,1.40375,,,,,,,,-844.1
3663,10.44,1.62,98.6,1029.4,159.7,0,72,,1.429722222,,,,,,,,-869.7
3664,10.54,2.32,98.6,1039.2,228.8,0,69,,1.443333333,,,,,,,,-810.4
3665,10.59,2.28,98.6,1044.2,224.8,0,67,,1.450277778,,,,,,,,-819.4
3666,10.49,2.35,98.5,1033.3,231.5,0,66,,1.435138889,,,,,,,,-801.8
3667,10.41,2.4,98.5,1025.4,236.4,0,68,,1.424166667,,,,,,,,-789
3668,10.53,4.25,98.2,1034,417.4,0,70,,1.436111111,,,,,,,,-616.6
3669,10.5,4.03,98.2,1031.1,395.7,0,73,,1.432083333,,,,,,,,-635.4
3670,10.43,2.89,98.3,1025.3,284.1,0,74,,1.424027778,,,,,,,,-741.2
3671,10.28,-0.53,98.9,1016.7,-52.4,0,76,,1.412083333,,,,,,,,-1069.1
3672,10.34,-0.72,98.9,1022.6,-71.2,0,77,,1.420277778,,,,,,,,-1093.8
3673,10.29,-3.76,99.3,1021.8,-373.4,0,75,,1.419166667,,,,,,,,-1395.2
3674,10.27,-1.55,99,1016.7,-153.5,0,75,,1.412083333,,,,,,,,-1170.2
3675,10.26,-1.56,99.1,1016.8,-154.6,0,75,,1.412222222,,,,,,,,-1171.4
3676,10.29,-1.53,99.1,1019.7,-151.6,0,75,,1.41625,,,,,,,,-1171.3
3677,10.23,-1.47,99.1,1013.8,-145.7,0,76,,1.408055556,,,,,,,,-1159.5
3678,10.25,-1.56,99.1,1015.8,-154.6,0,75,,1.410833333,,,,,,,,-1170.4
3679,10.28,-1.56,99.1,1018.7,-154.6,0,75,,1.414861111,,,,,,,,-1173.3
3680,10.29,-0.46,98.9,1017.7,-45.5,0,74,,1.413472222,,,,,,,,-1063.2
3681,10.27,-0.46,98.9,1015.7,-45.5,0,73,,1.410694444,,,,,,,,-1061.2
3682,10.26,-0.4,98.9,1014.7,-39.6,0,73,,1.409305556,,,,,,,,-1054.3
3683,10.3,0.54,98.9,1018.7,53.4,0,73,,1.414861111,,,,,,,,-965.3
3684,10.38,0.45,98.9,1026.6,44.5,0,71,,1.425833333,,,,,,,,-982.1
3685,10.26,0.55,98.8,1013.7,54.3,0,71,,1.407916667,,,,,,,,-959.4
3686,10.11,0.67,98.8,998.9,66.2,0,72,,1.387361111,,,,,,,,-932.7
3687,9.98,0.72,98.8,986,71.1,0,74,,1.369444444,,,,,,,,-914.9
3688,9.96,0.33,98.8,984,32.6,0,77,,1.366666667,,,,,,,,-951.4
3689,9.97,-0.44,98.9,986,-43.5,0,78,,1.369444444,,,,,,,,-1029.5
3690,9.99,-1.29,99,989,-127.7,0,78,,1.373611111,,,,,,,,-1116.7
3691,9.98,-0.86,99,988,-85.1,0,78,,1.372222222,,,,,,,,-1073.1
3692,9.98,-0.6,98.9,987,-59.3,0,78,,1.370833333,,,,,,,,-1046.3
3693,9.86,-0.33,98.9,975.2,-32.6,0,78,,1.354444444,,,,,,,,-1007.8
3694,9.89,-0.11,98.9,978.1,-10.9,0,78,,1.358472222,,,,,,,,-989
3695,9.93,0.04,98.8,981.1,4,0,77,,1.362638889,,,,,,,,-977.1
3696,9.97,0.24,98.8,985,23.7,0,76,,1.368055556,,,,,,,,-961.3
3697,9.91,0.8,98.7,978.1,79,0,75,,1.358472222,,,,,,,,-899.1
3698,9.92,0.84,98.7,979.1,82.9,0,73,,1.359861111,,,,,,,,-896.2
3699,9.84,0.9,98.7,971.2,88.8,0,72,,1.348888889,,,,,,,,-882.4
3700,9.84,0.91,98.7,971.2,89.8,0,73,,1.348888889,,,,,,,,-881.4
3701,9.93,0.86,98.7,980.1,84.9,0,74,,1.36125,,,,,,,,-895.2
3702,9.81,0.92,98.7,968.2,90.8,0,75,,1.344722222,,,,,,,,-877.4
3703,9.67,0.67,98.7,954.4,66.1,0,76,,1.325555556,,,,,,,,-888.3
3704,9.59,0.44,98.8,947.5,43.5,0,76,,1.315972222,,,,,,,,-904
3705,9.63,0.43,98.8,951.4,42.5,0,76,,1.321388889,,,,,,,,-908.9
3706,9.8,0.38,98.8,968.2,37.5,0,76,,1.344722222,,,,,,,,-930.7
3707,9.97,0.48,98.7,984,47.4,0,76,,1.366666667,,,,,,,,-936.6
3708,9.96,0.42,98.7,983.1,41.5,0,76,,1.365416667,,,,,,,,-941.6
3709,9.98,0.28,98.8,986,27.7,0,76,,1.369444444,,,,,,,,-958.3
3710,9.93,-0.11,98.8,981.1,-10.9,0,77,,1.362638889,,,,,,,,-992
3711,9.82,-1.58,99,972.2,-156.4,0,79,,1.350277778,,,,,,,,-1128.6
3712,9.74,-1.25,99,964.3,-123.8,0,79,,1.339305556,,,,,,,,-1088.1
3713,9.95,-0.46,98.9,984.1,-45.5,0,78,,1.366805556,,,,,,,,-1029.6
3714,10.03,-0.28,98.9,992,-27.7,0,77,,1.377777778,,,,,,,,-1019.7
3715,10.03,-0.72,98.9,992,-71.2,0,78,,1.377777778,,,,,,,,-1063.2
3716,10.11,-0.56,98.9,999.9,-55.4,0,78,,1.38875,,,,,,,,-1055.3
3717,10.23,-0.38,98.9,1011.7,-37.6,0,78,,1.405138889,,,,,,,,-1049.3
3718,10.24,-0.12,98.8,1011.7,-11.9,0,77,,1.405138889,,,,,,,,-1023.6
3719,10.27,0.07,98.9,1015.7,6.9,0,76,,1.410694444,,,,,,,,-1008.8
3720,10.29,0.46,98.8,1016.7,45.4,0,76,,1.412083333,,,,,,,,-971.3
3721,10.27,0.41,98.8,1014.7,40.5,0,76,,1.409305556,,,,,,,,-974.2
3722,10.22,0.09,98.9,1010.8,8.9,0,76,,1.403888889,,,,,,,,-1001.9
3723,9.31,1,98.7,918.9,98.7,0,76,,1.27625,,,,,,,,-820.2
3724,9.06,-0.64,99,896.9,-63.4,0,77,,1.245694444,,,,,,,,-960.3
3725,10.25,-1.57,99.1,1015.8,-155.6,0,76,,1.410833333,,,,,,,,-1171.4
3726,10.28,-0.18,98.9,1016.7,-17.8,0,77,,1.412083333,,,,,,,,-1034.5
3727,10.25,-0.25,98.8,1012.7,-24.7,0,77,,1.406527778,,,,,,,,-1037.4
3728,9.94,-9.06,100.1,995,-906.9,0,76,,1.381944444,,,,,,,,-1901.9
3729,9.89,-8.93,100.2,991,-894.8,0,73,,1.376388889,,,,,,,,-1885.8
3730,10.1,-3.48,99.5,1005,-346.3,0,72,,1.395833333,,,,,,,,-1351.3
3731,9.12,-2.85,99.4,906.5,-283.3,0,72,,1.259027778,,,,,,,,-1189.8
3732,6.75,-27.5,103,695.3,-2832.5,0,63,,0.965694444,,,,,,,,-3527.8
3733,9.89,-8.92,100.4,993,-895.6,0,58,,1.379166667,,,,,,,,-1888.6
3734,9.83,-8.87,100.4,986.9,-890.5,0,56,,1.370694444,,,,,,,,-1877.4
3735,10.08,-4.32,99.7,1005,-430.7,0,54,,1.395833333,,,,,,,,-1435.7
3736,10.27,-0.31,99.2,1018.8,-30.8,0,55,,1.415,,,,,,,,-1049.6
3737,10.23,-0.24,99.1,1013.8,-23.8,0,56,,1.408055556,,,,,,,,-1037.6
3738,9.37,0.44,99,927.6,43.6,0,57,,1.288333333,,,,,,,,-884
3739,8.94,-8.04,100.2,895.8,-805.6,0,55,,1.244166667,,,,,,,,-1701.4
3740,9.84,-8.87,100.4,987.9,-890.5,0,52,,1.372083333,,,,,,,,-1878.4
3741,5.6,-24.89,102.7,575.1,-2556.2,0,43,,0.79875,,,,,,,,-3131.3
3742,9.82,-8.85,100.4,985.9,-888.5,0,37,,1.369305556,,,,,,,,-1874.4
3743,9.85,-8.89,100.5,989.9,-893.4,0,36,,1.374861111,,,,,,,,-1883.3
3744,10,-3.22,99.6,996,-320.7,0,36,,1.383333333,,,,,,,,-1316.7
3745,7.62,-2.24,99.5,758.2,-222.9,0,39,,1.053055556,,,,,,,,-981.1
3746,9.88,-7.18,100.3,991,-720.2,0,41,,1.376388889,,,,,,,,-1711.2
3747,9.8,-8.84,100.4,983.9,-887.5,0,41,,1.366527778,,,,,,,,-1871.4
3748,9.74,-8.78,100.5,978.9,-882.4,0,40,,1.359583333,,,,,,,,-1861.3
3749,9.78,-8.82,100.5,982.9,-886.4,0,39,,1.365138889,,,,,,,,-1869.3
3750,9.7,-8.74,100.5,974.9,-878.4,0,38,,1.354027778,,,,,,,,-1853.3
3751,9.66,-8.71,100.5,970.8,-875.4,0,36,,1.348333333,,,,,,,,-1846.2
3752,9.61,-8.43,100.5,965.8,-847.2,0,35,,1.341388889,,,,,,,,-1813
3753,9.93,-3.17,99.8,991,-316.4,0,36,,1.376388889,,,,,,,,-1307.4
3754,9.76,-3.03,99.7,973.1,-302.1,0,39,,1.351527778,,,,,,,,-1275.2
3755,9.54,-8.59,100.5,958.8,-863.3,0,39,,1.331666667,,,,,,,,-1822.1
3756,9.65,-8.7,100.6,970.8,-875.2,0,38,,1.348333333,,,,,,,,-1846
3757,9.56,-8.62,100.5,960.8,-866.3,0,37,,1.334444444,,,,,,,,-1827.1
3758,9.52,-8.58,100.6,957.7,-863.1,0,36,,1.330138889,,,,,,,,-1820.8
3759,9.92,0.89,99.2,984.1,88.3,0,39,,1.366805556,,,,,,,,-895.8
3760,10.16,0.73,99.2,1007.9,72.4,0,43,,1.399861111,,,,,,,,-935.5
3761,10.09,0.73,99.1,999.9,72.3,0,47,,1.38875,,,,,,,,-927.6
3762,9.85,-1.12,99.4,979.1,-111.3,0,49,,1.359861111,,,,,,,,-1090.4
3763,9.86,-0.01,99.2,978.1,-1,0,51,,1.358472222,,,,,,,,-979.1
3764,9.94,0.89,99.1,985.1,88.2,0,53,,1.368194444,,,,,,,,-896.9
3765,9.77,1.04,99,967.2,103,0,55,,1.343333333,,,,,,,,-864.2
3766,9.85,0.96,99,975.2,95,0,57,,1.354444444,,,,,,,,-880.2
3767,9.89,2.85,98.7,976.1,281.3,0,58,,1.355694444,,,,,,,,-694.8
3768,9.72,3,98.7,959.4,296.1,0,61,,1.3325,,,,,,,,-663.3
3769,9.68,3.04,98.6,954.4,299.7,0,63,,1.325555556,,,,,,,,-654.7
3770,8.81,-7.92,100.2,882.8,-793.6,0,64,,1.226111111,,,,,,,,-1676.4
3771,5.97,-27.3,103.1,615.5,-2814.6,0,54,,0.854861111,,,,,,,,-3430.1
3772,5.99,-20.59,102.3,612.8,-2106.4,0,38,,0.851111111,,,,,,,,-2719.2
3773,9.16,-8.25,100.6,921.5,-830,0,32,,1.279861111,,,,,,,,-1751.5
3774,8.93,-8.02,100.5,897.5,-806,0,31,,1.246527778,,,,,,,,-1703.5
3775,9.69,1.14,99.2,961.2,113.1,0,34,,1.335,,,,,,,,-848.1
3776,9.83,4.4,98.6,969.2,433.8,0,40,,1.346111111,,,,,,,,-535.4
3777,9.93,8.54,98,973.1,836.9,0,45,,1.351527778,,,,,,,,-136.2
3778,9.92,8.52,97.9,971.2,834.1,0,51,,1.348888889,,,,,,,,-137.1
3779,8.99,9.96,97.6,877.4,972.1,0,56,,1.218611111,,,,,,,,94.7
3780,9.97,11.77,97.4,971.1,1146.4,0,61,,1.34875,,,,,,,,175.3
3781,10.01,10.75,97.5,976,1048.1,0,63,,1.355555556,,,,,,,,72.1
3782,10.01,10.75,97.4,975,1047.1,0,66,,1.354166667,,,,,,,,72.1
3783,10.07,10.71,97.4,980.8,1043.2,0,69,,1.362222222,,,,,,,,62.4
3784,10,6.46,97.9,979,632.4,0,71,,1.359722222,,,,,,,,-346.6
3785,9.6,1.87,98.6,946.6,184.4,0,72,,1.314722222,,,,,,,,-762.2
3786,6.53,-27.59,103,672.6,-2841.8,0,65,,0.934166667,,,,,,,,-3514.4
3787,9.42,-8.39,100.3,944.8,-841.5,0,60,,1.312222222,,,,,,,,-1786.3
3788,9.65,-0.16,99.2,957.3,-15.9,0,61,,1.329583333,,,,,,,,-973.2
3789,9.84,2.03,98.8,972.2,200.6,0,63,,1.350277778,,,,,,,,-771.6
3790,9.79,1.18,98.9,968.2,116.7,0,65,,1.344722222,,,,,,,,-851.5
3791,8.63,3.64,98.5,850.1,358.5,0,66,,1.180694444,,,,,,,,-491.6
3792,9.77,2.88,98.6,963.3,284,0,67,,1.337916667,,,,,,,,-679.3
3793,9.98,2.74,98.6,984,270.2,0,68,,1.366666667,,,,,,,,-713.8
3794,10.04,2.69,98.6,989.9,265.2,0,69,,1.374861111,,,,,,,,-724.7
3795,9.6,3.04,98.6,946.6,299.7,0,70,,1.314722222,,,,,,,,-646.9
3796,9.52,3.14,98.6,938.7,309.6,0,72,,1.30375,,,,,,,,-629.1
3797,9.46,3.19,98.5,931.8,314.2,0,73,,1.294166667,,,,,,,,-617.6
3798,9.47,3.28,98.5,932.8,323.1,0,74,,1.295555556,,,,,,,,-609.7
3799,9.81,2.95,98.5,966.3,290.6,0,74,,1.342083333,,,,,,,,-675.7
3800,9.46,2.96,98.5,931.8,291.6,0,75,,1.294166667,,,,,,,,-640.2
3801,8.35,-7.49,100,835,-749,0,72,,1.159722222,,,,,,,,-1584
3802,9.23,0.5,98.9,912.8,49.5,0,70,,1.267777778,,,,,,,,-863.3
3803,9.53,0.3,99,943.5,29.7,0,68,,1.310416667,,,,,,,,-913.8
3804,9.53,0.3,98.9,942.5,29.7,0,67,,1.309027778,,,,,,,,-912.8
3805,9.77,0.06,99,967.2,5.9,0,67,,1.343333333,,,,,,,,-961.3
3806,9.9,-1.65,99.3,983.1,-163.8,0,64,,1.365416667,,,,,,,,-1146.9
3807,9.91,0.88,98.9,980.1,87,0,65,,1.36125,,,,,,,,-893.1
3808,9.79,-0.4,99.2,971.2,-39.7,0,66,,1.348888889,,,,,,,,-1010.9
3809,9.62,-3.87,99.6,958.2,-385.5,0,65,,1.330833333,,,,,,,,-1343.7
3810,9.7,-0.94,99.2,962.2,-93.2,0,65,,1.336388889,,,,,,,,-1055.4
3811,9.66,-0.83,99.2,958.3,-82.3,0,65,,1.330972222,,,,,,,,-1040.6
3812,9.59,-0.84,99.2,951.3,-83.3,0,65,,1.32125,,,,,,,,-1034.6
3813,9.67,-0.95,99.2,959.3,-94.2,0,66,,1.332361111,,,,,,,,-1053.5
3814,9.77,1.05,98.9,966.3,103.8,0,66,,1.342083333,,,,,,,,-862.5
3815,9.84,0.99,98.9,973.2,97.9,0,67,,1.351666667,,,,,,,,-875.3
3816,9.78,1.06,98.9,967.2,104.8,0,67,,1.343333333,,,,,,,,-862.4
3817,9.95,0.9,98.9,984.1,89,0,68,,1.366805556,,,,,,,,-895.1
3818,9.83,0.97,98.9,972.2,95.9,0,68,,1.350277778,,,,,,,,-876.3
3819,9.79,1.02,98.9,968.2,100.9,0,68,,1.344722222,,,,,,,,-867.3
3820,6.69,3.6,98.5,659,354.6,0,68,,0.915277778,,,,,,,,-304.4
3821,9.66,1.11,98.9,955.4,109.8,0,69,,1.326944444,,,,,,,,-845.6
3822,9.62,1.15,98.8,950.5,113.6,0,69,,1.320138889,,,,,,,,-836.9
3823,9.65,1.15,98.9,954.4,113.7,0,69,,1.325555556,,,,,,,,-840.7
3824,9.87,5.77,98.1,968.2,566,0,71,,1.344722222,,,,,,,,-402.2
3825,9.9,5.78,98.1,971.2,567,0,73,,1.348888889,,,,,,,,-404.2
3826,9.87,3.82,98.4,971.2,375.9,0,74,,1.348888889,,,,,,,,-595.3
3827,9.68,-8.72,100.2,969.9,-873.7,0,73,,1.347083333,,,,,,,,-1843.6
3828,9.88,-3.21,99.4,982.1,-319.1,0,72,,1.364027778,,,,,,,,-1301.2
3829,6.33,-27.96,103.1,652.6,-2882.7,0,59,,0.906388889,,,,,,,,-3535.3
3830,9.58,-5.42,100.1,959,-542.5,0,48,,1.331944444,,,,,,,,-1501.5
3831,7.23,-23.4,102.6,741.8,-2400.8,0,40,,1.030277778,,,,,,,,-3142.6
3832,9.45,-8.52,100.6,950.7,-857.1,0,34,,1.320416667,,,,,,,,-1807.8
3833,9.74,-6.89,100.3,976.9,-691.1,0,30,,1.356805556,,,,,,,,-1668
3834,9.62,-6.2,100.2,963.9,-621.2,0,31,,1.33875,,,,,,,,-1585.1
3835,9.24,-8.31,100.5,928.6,-835.2,0,30,,1.289722222,,,,,,,,-1763.8
3836,9.32,-8.4,100.6,937.6,-845,0,29,,1.302222222,,,,,,,,-1782.6
3837,9.38,-8.45,100.6,943.6,-850.1,0,27,,1.310555556,,,,,,,,-1793.7
3838,8.16,-13.07,101.3,826.6,-1324,0,23,,1.148055556,,,,,,,,-2150.6
3839,7.9,-1.27,99.5,786.1,-126.4,0,22,,1.091805556,,,,,,,,-912.5
3840,8.67,-7.79,100.5,871.3,-782.9,0,20,,1.210138889,,,,,,,,-1654.2
3841,8.99,-9.94,100.8,906.2,-1002,0,18,,1.258611111,,,,,,,,-1908.2
3842,9.18,-8.25,100.6,923.5,-830,0,17,,1.282638889,,,,,,,,-1753.5
3843,9.49,-9.96,100.8,956.6,-1004,0,12,,1.328611111,,,,,,,,-1960.6
3844,9.57,-8.66,100.7,963.7,-872.1,0,0,,1.338472222,,,,,,,,-1835.8
3845,9.67,-8.74,100.7,973.8,-880.1,0,0,,1.3525,,,,,,,,-1853.9
3846,9.68,-8.75,100.7,974.8,-881.1,0,0,,1.353888889,,,,,,,,-1855.9
3847,9.66,-8.73,100.7,972.8,-879.1,0,0,,1.351111111,,,,,,,,-1851.9
3848,9.66,-8.73,100.7,972.8,-879.1,0,0,,1.351111111,,,,,,,,-1851.9
3849,8.8,-7.93,100.6,885.3,-797.8,0,0,,1.229583333,,,,,,,,-1683.1
3850,9.11,-8.22,100.7,917.4,-827.8,0,0,,1.274166667,,,,,,,,-1745.2
3851,9.11,-8.22,100.7,917.4,-827.8,0,0,,1.274166667,,,,,,,,-1745.2
3852,8.9,-8.02,100.6,895.3,-806.8,0,0,,1.243472222,,,,,,,,-1702.1
3853,9.03,-8.15,100.7,909.3,-820.7,0,0,,1.262916667,,,,,,,,-1730
3854,9.05,-8.16,100.7,911.3,-821.7,0,0,,1.265694444,,,,,,,,-1733
3855,9.1,-8.2,100.7,916.4,-825.7,0,0,,1.272777778,,,,,,,,-1742.1
3856,8.96,-8.08,100.7,902.3,-813.7,0,0,,1.253194444,,,,,,,,-1716
3857,9.05,-8.16,100.7,911.3,-821.7,0,0,,1.265694444,,,,,,,,-1733
3858,8.73,-7.86,100.7,879.1,-791.5,0,0,,1.220972222,,,,,,,,-1670.6
3859,8.94,-8.07,100.7,900.3,-812.6,0,0,,1.250416667,,,,,,,,-1712.9
3860,8.66,-7.8,100.7,872.1,-785.5,0,0,,1.21125,,,,,,,,-1657.6
3861,8.26,-7.43,100.6,831,-747.5,0,0,,1.154166667,,,,,,,,-1578.5
3862,9.16,-8.26,100.8,923.3,-832.6,0,0,,1.282361111,,,,,,,,-1755.9
3863,9.48,-8.56,100.8,955.6,-862.8,0,0,,1.327222222,,,,,,,,-1818.4
3864,9.53,-8.6,100.8,960.6,-866.9,0,0,,1.334166667,,,,,,,,-1827.5
3865,9.54,-8.61,100.9,962.6,-868.7,0,0,,1.336944444,,,,,,,,-1831.3
3866,9.53,-8.61,100.9,961.6,-868.7,0,0,,1.335555556,,,,,,,,-1830.3
3867,9.53,-8.61,100.9,961.6,-868.7,0,0,,1.335555556,,,,,,,,-1830.3
3868,9.53,-8.61,100.9,961.6,-868.7,0,0,,1.335555556,,,,,,,,-1830.3
3869,9.53,-8.61,100.9,961.6,-868.7,0,0,,1.335555556,,,,,,,,-1830.3
3870,9.52,-8.6,100.9,960.6,-867.7,0,0,,1.334166667,,,,,,,,-1828.3
3871,9.44,-8.54,100.9,952.5,-861.7,0,0,,1.322916667,,,,,,,,-1814.2
3872,9.5,-8.58,100.9,958.6,-865.7,0,0,,1.331388889,,,,,,,,-1824.3
3873,9.49,-8.57,100.9,957.5,-864.7,0,0,,1.329861111,,,,,,,,-1822.2
3874,9.49,-8.56,100.9,957.5,-863.7,0,0,,1.329861111,,,,,,,,-1821.2
3875,9.48,-8.56,100.9,956.5,-863.7,0,0,,1.328472222,,,,,,,,-1820.2
3876,9.46,-8.54,100.9,954.5,-861.7,0,0,,1.325694444,,,,,,,,-1816.2
3877,9.45,-8.53,100.9,953.5,-860.7,0,0,,1.324305556,,,,,,,,-1814.2
3878,9.43,-8.52,100.9,951.5,-859.7,0,0,,1.321527778,,,,,,,,-1811.2
3879,9.43,-8.52,100.9,951.5,-859.7,0,0,,1.321527778,,,,,,,,-1811.2
3880,9.43,-8.52,101,952.4,-860.5,0,0,,1.322777778,,,,,,,,-1812.9
3881,9.43,-8.51,101,952.4,-859.5,0,0,,1.322777778,,,,,,,,-1811.9
3882,9.42,-8.51,101,951.4,-859.5,0,0,,1.321388889,,,,,,,,-1810.9
3883,9.42,-8.5,101,951.4,-858.5,0,0,,1.321388889,,,,,,,,-1809.9
3884,9.41,-8.5,101,950.4,-858.5,0,0,,1.32,,,,,,,,-1808.9
3885,9.4,-8.5,101,949.4,-858.5,0,0,,1.318611111,,,,,,,,-1807.9
3886,9.4,-8.5,101,949.4,-858.5,0,0,,1.318611111,,,,,,,,-1807.9
3887,9.39,-8.49,101,948.4,-857.5,0,0,,1.317222222,,,,,,,,-1805.9
3888,9.4,-8.48,101,949.4,-856.5,0,0,,1.318611111,,,,,,,,-1805.9
3889,9.4,-8.49,101,949.4,-857.5,0,0,,1.318611111,,,,,,,,-1806.9
3890,9.4,-8.5,101,949.4,-858.5,0,0,,1.318611111,,,,,,,,-1807.9
3891,9.39,-8.47,101,948.4,-855.5,0,0,,1.317222222,,,,,,,,-1803.9
3892,9.39,-8.47,101,948.4,-855.5,0,0,,1.317222222,,,,,,,,-1803.9
3893,9.37,-8.47,101,946.4,-855.5,0,0,,1.314444444,,,,,,,,-1801.9
3894,9.36,-8.45,101.1,946.3,-854.3,0,0,,1.314305556,,,,,,,,-1800.6
3895,9.35,-8.45,101,944.4,-853.5,0,0,,1.311666667,,,,,,,,-1797.9
3896,9.35,-8.44,101,944.4,-852.4,0,0,,1.311666667,,,,,,,,-1796.8
3897,9.35,-8.44,101,944.4,-852.4,0,0,,1.311666667,,,,,,,,-1796.8
3898,9.36,-8.45,101.1,946.3,-854.3,0,0,,1.314305556,,,,,,,,-1800.6
3899,9.36,-8.45,101.1,946.3,-854.3,0,0,,1.314305556,,,,,,,,-1800.6
3900,9.37,-8.45,101.1,947.3,-854.3,0,0,,1.315694444,,,,,,,,-1801.6
3901,9.37,-8.46,101.1,947.3,-855.3,0,0,,1.315694444,,,,,,,,-1802.6
3902,9.36,-8.45,101.1,946.3,-854.3,0,0,,1.314305556,,,,,,,,-1800.6
3903,9.37,-8.47,101.1,947.3,-856.3,0,0,,1.315694444,,,,,,,,-1803.6
3904,9.37,-8.46,101.2,948.2,-856.2,0,0,,1.316944444,,,,,,,,-1804.4
3905,9.37,-8.46,101.2,948.2,-856.2,0,0,,1.316944444,,,,,,,,-1804.4
3906,9.36,-8.45,101.2,947.2,-855.1,0,0,,1.315555556,,,,,,,,-1802.3
3907,9.37,-8.46,101.2,948.2,-856.2,0,0,,1.316944444,,,,,,,,-1804.4
3908,9.35,-8.45,101.2,946.2,-855.1,0,0,,1.314166667,,,,,,,,-1801.3
3909,9.34,-8.43,101.2,945.2,-853.1,0,0,,1.312777778,,,,,,,,-1798.3
3910,9.33,-8.43,101.2,944.2,-853.1,0,0,,1.311388889,,,,,,,,-1797.3
3911,9.33,-8.44,101.2,944.2,-854.1,0,0,,1.311388889,,,,,,,,-1798.3
3912,9.32,-8.42,101.2,943.2,-852.1,0,0,,1.31,,,,,,,,-1795.3
3913,9.31,-8.41,101.2,942.2,-851.1,0,0,,1.308611111,,,,,,,,-1793.3
3914,9.3,-8.4,101.2,941.2,-850.1,0,0,,1.307222222,,,,,,,,-1791.3
3915,9.29,-8.39,101.2,940.1,-849.1,0,0,,1.305694444,,,,,,,,-1789.2
3916,9.29,-8.38,101.2,940.1,-848.1,0,0,,1.305694444,,,,,,,,-1788.2
3917,9.29,-8.39,101.2,940.1,-849.1,0,0,,1.305694444,,,,,,,,-1789.2
3918,9.29,-8.39,101.2,940.1,-849.1,0,0,,1.305694444,,,,,,,,-1789.2
3919,9.3,-8.4,101.2,941.2,-850.1,0,0,,1.307222222,,,,,,,,-1791.3
3920,9.3,-8.4,101.2,941.2,-850.1,0,0,,1.307222222,,,,,,,,-1791.3
3921,9.31,-8.41,101.2,942.2,-851.1,0,0,,1.308611111,,,,,,,,-1793.3
3922,9.31,-8.42,101.2,942.2,-852.1,0,0,,1.308611111,,,,,,,,-1794.3
3923,9.31,-8.41,101.2,942.2,-851.1,0,0,,1.308611111,,,,,,,,-1793.3
3924,9.31,-8.4,101.2,942.2,-850.1,0,0,,1.308611111,,,,,,,,-1792.3
3925,9.29,-8.39,101.2,940.1,-849.1,0,0,,1.305694444,,,,,,,,-1789.2
3926,9.29,-8.39,101.3,941.1,-849.9,0,0,,1.307083333,,,,,,,,-1791
3927,9.28,-8.39,101.2,939.1,-849.1,0,0,,1.304305556,,,,,,,,-1788.2
3928,9.27,-8.38,101.3,939.1,-848.9,0,0,,1.304305556,,,,,,,,-1788
3929,9.24,-8.33,101.3,936,-843.8,0,0,,1.3,,,,,,,,-1779.8
3930,9.22,-8.31,101.3,934,-841.8,0,0,,1.297222222,,,,,,,,-1775.8
3931,9.21,-8.31,101.3,933,-841.8,0,0,,1.295833333,,,,,,,,-1774.8
3932,9.21,-8.31,101.3,933,-841.8,0,0,,1.295833333,,,,,,,,-1774.8
3933,9.21,-8.31,101.3,933,-841.8,0,0,,1.295833333,,,,,,,,-1774.8
3934,9.2,-8.29,101.3,932,-839.8,0,0,,1.294444444,,,,,,,,-1771.8
3935,9.2,-8.29,101.2,931,-838.9,0,0,,1.293055556,,,,,,,,-1769.9
3936,9.2,-8.29,101.3,932,-839.8,0,0,,1.294444444,,,,,,,,-1771.8
3937,9.2,-8.29,101.3,932,-839.8,0,0,,1.294444444,,,,,,,,-1771.8
3938,9.19,-8.29,101.3,930.9,-839.8,0,0,,1.292916667,,,,,,,,-1770.7
3939,9.21,-8.3,101.3,933,-840.8,0,0,,1.295833333,,,,,,,,-1773.8
3940,9.21,-8.3,101.3,933,-840.8,0,0,,1.295833333,,,,,,,,-1773.8
3941,9.2,-8.3,101.3,932,-840.8,0,0,,1.294444444,,,,,,,,-1772.8
3942,9.2,-8.29,101.3,932,-839.8,0,0,,1.294444444,,,,,,,,-1771.8
3943,9.2,-8.29,101.3,932,-839.8,0,0,,1.294444444,,,,,,,,-1771.8
3944,9.2,-8.3,101.3,932,-840.8,0,0,,1.294444444,,,,,,,,-1772.8
3945,9.18,-8.28,101.3,929.9,-838.8,0,0,,1.291527778,,,,,,,,-1768.7
3946,9.17,-8.27,101.3,928.9,-837.8,0,0,,1.290138889,,,,,,,,-1766.7
3947,9.17,-8.28,101.3,928.9,-838.8,0,0,,1.290138889,,,,,,,,-1767.7
3948,9.18,-8.29,101.3,929.9,-839.8,0,0,,1.291527778,,,,,,,,-1769.7
3949,9.17,-8.28,101.3,928.9,-838.8,0,0,,1.290138889,,,,,,,,-1767.7
3950,9.16,-8.26,101.3,927.9,-836.7,0,0,,1.28875,,,,,,,,-1764.6
3951,9.16,-8.26,101.4,928.8,-837.6,0,0,,1.29,,,,,,,,-1766.4
3952,9.15,-8.26,101.4,927.8,-837.6,0,0,,1.288611111,,,,,,,,-1765.4
3953,9.16,-8.27,101.3,927.9,-837.8,0,0,,1.28875,,,,,,,,-1765.7
3954,9.15,-8.26,101.4,927.8,-837.6,0,0,,1.288611111,,,,,,,,-1765.4
3955,9.15,-8.26,101.4,927.8,-837.6,0,0,,1.288611111,,,,,,,,-1765.4
3956,9.14,-8.25,101.4,926.8,-836.6,0,0,,1.287222222,,,,,,,,-1763.4
3957,9.12,-8.24,101.5,925.7,-836.4,0,0,,1.285694444,,,,,,,,-1762.1
3958,9.13,-8.25,101.5,926.7,-837.4,0,0,,1.287083333,,,,,,,,-1764.1
3959,9.13,-8.25,101.4,925.8,-836.6,0,0,,1.285833333,,,,,,,,-1762.4
3960,9.12,-8.24,101.5,925.7,-836.4,0,0,,1.285694444,,,,,,,,-1762.1
3961,9.11,-8.22,101.5,924.7,-834.3,0,0,,1.284305556,,,,,,,,-1759
3962,9.11,-8.23,101.5,924.7,-835.3,0,0,,1.284305556,,,,,,,,-1760
3963,9.11,-8.22,101.5,924.7,-834.3,0,0,,1.284305556,,,,,,,,-1759
3964,9.1,-8.2,101.5,923.7,-832.3,0,0,,1.282916667,,,,,,,,-1756
3965,9.1,-8.21,101.5,923.7,-833.3,0,0,,1.282916667,,,,,,,,-1757
3966,9.1,-8.2,101.5,923.7,-832.3,0,0,,1.282916667,,,,,,,,-1756
3967,9.1,-8.21,101.5,923.7,-833.3,0,0,,1.282916667,,,,,,,,-1757
3968,9.12,-8.23,101.5,925.7,-835.3,0,0,,1.285694444,,,,,,,,-1761
3969,9.13,-8.24,101.5,926.7,-836.4,0,0,,1.287083333,,,,,,,,-1763.1
3970,9.14,-8.24,101.5,927.7,-836.4,0,0,,1.288472222,,,,,,,,-1764.1
3971,9.14,-8.25,101.5,927.7,-837.4,0,0,,1.288472222,,,,,,,,-1765.1
3972,9.13,-8.23,101.5,926.7,-835.3,0,0,,1.287083333,,,,,,,,-1762
3973,9.13,-8.25,101.5,926.7,-837.4,0,0,,1.287083333,,,,,,,,-1764.1
3974,9.13,-8.25,101.5,926.7,-837.4,0,0,,1.287083333,,,,,,,,-1764.1
3975,9.13,-8.25,101.5,926.7,-837.4,0,0,,1.287083333,,,,,,,,-1764.1
3976,9.12,-8.24,101.5,925.7,-836.4,0,0,,1.285694444,,,,,,,,-1762.1
3977,9.13,-8.24,101.5,926.7,-836.4,0,0,,1.287083333,,,,,,,,-1763.1
3978,9.12,-8.23,101.5,925.7,-835.3,0,0,,1.285694444,,,,,,,,-1761
3979,9.13,-8.24,101.5,926.7,-836.4,0,0,,1.287083333,,,,,,,,-1763.1
3980,9.15,-8.26,101.5,928.7,-838.4,0,0,,1.289861111,,,,,,,,-1767.1
3981,9.14,-8.26,101.5,927.7,-838.4,0,0,,1.288472222,,,,,,,,-1766.1
3982,9.13,-8.24,101.5,926.7,-836.4,0,0,,1.287083333,,,,,,,,-1763.1
3983,9.13,-8.24,101.5,926.7,-836.4,0,0,,1.287083333,,,,,,,,-1763.1
3984,9.12,-8.24,101.6,926.6,-837.2,0,0,,1.286944444,,,,,,,,-1763.8
3985,9.12,-8.22,101.5,925.7,-834.3,0,0,,1.285694444,,,,,,,,-1760
3986,9.11,-8.21,101.5,924.7,-833.3,0,0,,1.284305556,,,,,,,,-1758
3987,9.1,-8.2,101.6,924.6,-833.1,0,0,,1.284166667,,,,,,,,-1757.7
3988,9.08,-8.19,101.6,922.5,-832.1,0,0,,1.28125,,,,,,,,-1754.6
3989,9.08,-8.19,101.5,921.6,-831.3,0,0,,1.28,,,,,,,,-1752.9
3990,9.07,-8.18,101.6,921.5,-831.1,0,0,,1.279861111,,,,,,,,-1752.6
3991,9.08,-8.19,101.6,922.5,-832.1,0,0,,1.28125,,,,,,,,-1754.6
3992,9.08,-8.19,101.6,922.5,-832.1,0,0,,1.28125,,,,,,,,-1754.6
3993,9.08,-8.19,101.5,921.6,-831.3,0,0,,1.28,,,,,,,,-1752.9
3994,9.08,-8.19,101.5,921.6,-831.3,0,0,,1.28,,,,,,,,-1752.9
3995,9.07,-8.18,101.6,921.5,-831.1,0,0,,1.279861111,,,,,,,,-1752.6
3996,9.07,-8.18,101.6,921.5,-831.1,0,0,,1.279861111,,,,,,,,-1752.6
3997,9.08,-8.19,101.6,922.5,-832.1,0,0,,1.28125,,,,,,,,-1754.6
3998,9.07,-8.18,101.6,921.5,-831.1,0,0,,1.279861111,,,,,,,,-1752.6
3999,9.07,-8.19,101.6,921.5,-832.1,0,0,,1.279861111,,,,,,,,-1753.6
4000,9.07,-8.18,101.6,921.5,-831.1,0,0,,1.279861111,,,,,,,,-1752.6
4001,9.06,-8.18,101.6,920.5,-831.1,0,0,,1.278472222,,,,,,,,-1751.6
4002,9.06,-8.18,101.6,920.5,-831.1,0,0,,1.278472222,,,,,,,,-1751.6
4003,9.07,-8.18,101.6,921.5,-831.1,0,0,,1.279861111,,,,,,,,-1752.6
4004,9.07,-8.18,101.6,921.5,-831.1,0,0,,1.279861111,,,,,,,,-1752.6
4005,9.07,-8.18,101.6,921.5,-831.1,0,0,,1.279861111,,,,,,,,-1752.6
4006,9.06,-8.17,101.6,920.5,-830.1,0,0,,1.278472222,,,,,,,,-1750.6
4007,9.07,-8.19,101.6,921.5,-832.1,0,0,,1.279861111,,,,,,,,-1753.6
4008,9.06,-8.18,101.6,920.5,-831.1,0,0,,1.278472222,,,,,,,,-1751.6
4009,9.06,-8.16,101.6,920.5,-829.1,0,0,,1.278472222,,,,,,,,-1749.6
4010,9.05,-8.16,101.6,919.5,-829.1,0,0,,1.277083333,,,,,,,,-1748.6
4011,9.05,-8.17,101.6,919.5,-830.1,0,0,,1.277083333,,,,,,,,-1749.6
4012,9.04,-8.16,101.7,919.4,-829.9,0,0,,1.276944444,,,,,,,,-1749.3
4013,9.02,-8.14,101.7,917.3,-827.8,0,0,,1.274027778,,,,,,,,-1745.1
4014,9.02,-8.13,101.7,917.3,-826.8,0,0,,1.274027778,,,,,,,,-1744.1
4015,9.03,-8.15,101.7,918.4,-828.9,0,0,,1.275555556,,,,,,,,-1747.3
4016,9.02,-8.14,101.7,917.3,-827.8,0,0,,1.274027778,,,,,,,,-1745.1
4017,9.02,-8.13,101.7,917.3,-826.8,0,0,,1.274027778,,,,,,,,-1744.1
4018,9.01,-8.13,101.8,917.2,-827.6,0,0,,1.273888889,,,,,,,,-1744.8
4019,9,-8.12,101.7,915.3,-825.8,0,0,,1.27125,,,,,,,,-1741.1
4020,8.98,-8.11,101.7,913.3,-824.8,0,0,,1.268472222,,,,,,,,-1738.1
4021,8.97,-8.1,101.7,912.2,-823.8,0,0,,1.266944444,,,,,,,,-1736
4022,8.96,-8.08,101.7,911.2,-821.7,0,0,,1.265555556,,,,,,,,-1732.9
4023,8.95,-8.08,101.7,910.2,-821.7,0,0,,1.264166667,,,,,,,,-1731.9
4024,8.94,-8.06,101.7,909.2,-819.7,0,0,,1.262777778,,,,,,,,-1728.9
4025,8.93,-8.05,101.8,909.1,-819.5,0,0,,1.262638889,,,,,,,,-1728.6
4026,8.92,-8.05,101.8,908.1,-819.5,0,0,,1.26125,,,,,,,,-1727.6
4027,8.93,-8.05,101.8,909.1,-819.5,0,0,,1.262638889,,,,,,,,-1728.6
4028,8.92,-8.05,101.8,908.1,-819.5,0,0,,1.26125,,,,,,,,-1727.6
4029,8.91,-8.03,101.8,907,-817.5,0,0,,1.259722222,,,,,,,,-1724.5
4030,8.89,-8.02,101.8,905,-816.4,0,0,,1.256944444,,,,,,,,-1721.4
4031,8.88,-8,101.7,903.1,-813.6,0,0,,1.254305556,,,,,,,,-1716.7
4032,8.87,-8,101.8,903,-814.4,0,0,,1.254166667,,,,,,,,-1717.4
4033,8.86,-7.99,101.8,901.9,-813.4,0,0,,1.252638889,,,,,,,,-1715.3
4034,8.86,-7.98,101.8,901.9,-812.4,0,0,,1.252638889,,,,,,,,-1714.3
4035,8.84,-7.97,101.8,899.9,-811.3,0,0,,1.249861111,,,,,,,,-1711.2
4036,8.83,-7.96,101.8,898.9,-810.3,0,0,,1.248472222,,,,,,,,-1709.2
4037,8.82,-7.95,101.8,897.9,-809.3,0,0,,1.247083333,,,,,,,,-1707.2
4038,8.81,-7.94,101.8,896.9,-808.3,0,0,,1.245694444,,,,,,,,-1705.2
4039,8.8,-7.94,101.8,895.8,-808.3,0,0,,1.244166667,,,,,,,,-1704.1
4040,8.8,-7.93,101.8,895.8,-807.3,0,0,,1.244166667,,,,,,,,-1703.1
4041,8.77,-7.9,101.8,892.8,-804.2,0,0,,1.24,,,,,,,,-1697
4042,8.77,-7.9,101.7,891.9,-803.4,0,0,,1.23875,,,,,,,,-1695.3
4043,8.76,-7.89,101.8,891.8,-803.2,0,0,,1.238611111,,,,,,,,-1695
4044,8.74,-7.88,101.8,889.7,-802.2,0,0,,1.235694444,,,,,,,,-1691.9
4045,8.73,-7.87,101.8,888.7,-801.2,0,0,,1.234305556,,,,,,,,-1689.9
4046,8.73,-7.86,101.8,888.7,-800.1,0,0,,1.234305556,,,,,,,,-1688.8
4047,8.72,-7.86,101.8,887.7,-800.1,0,0,,1.232916667,,,,,,,,-1687.8
4048,8.71,-7.84,101.8,886.7,-798.1,0,0,,1.231527778,,,,,,,,-1684.8
4049,8.7,-7.84,101.8,885.7,-798.1,0,0,,1.230138889,,,,,,,,-1683.8
4050,8.7,-7.84,101.8,885.7,-798.1,0,0,,1.230138889,,,,,,,,-1683.8
4051,8.69,-7.83,101.8,884.6,-797.1,0,0,,1.228611111,,,,,,,,-1681.7
4052,8.69,-7.83,101.8,884.6,-797.1,0,0,,1.228611111,,,,,,,,-1681.7
4053,8.68,-7.83,101.8,883.6,-797.1,0,0,,1.227222222,,,,,,,,-1680.7
4054,8.68,-7.81,101.8,883.6,-795.1,0,0,,1.227222222,,,,,,,,-1678.7
4055,8.67,-7.8,101.8,882.6,-794,0,0,,1.225833333,,,,,,,,-1676.6
4056,8.66,-7.8,101.8,881.6,-794,0,0,,1.224444444,,,,,,,,-1675.6
4057,8.64,-7.8,101.8,879.6,-794,0,0,,1.221666667,,,,,,,,-1673.6
4058,8.63,-7.77,101.8,878.5,-791,0,0,,1.220138889,,,,,,,,-1669.5
4059,8.63,-7.77,101.8,878.5,-791,0,0,,1.220138889,,,,,,,,-1669.5
4060,8.62,-7.76,101.8,877.5,-790,0,0,,1.21875,,,,,,,,-1667.5
4061,8.62,-7.75,101.8,877.5,-789,0,0,,1.21875,,,,,,,,-1666.5
4062,8.61,-7.75,101.8,876.5,-789,0,0,,1.217361111,,,,,,,,-1665.5
4063,8.6,-7.74,101.8,875.5,-787.9,0,0,,1.215972222,,,,,,,,-1663.4
4064,8.69,-7.83,101.8,884.6,-797.1,0,0,,1.228611111,,,,,,,,-1681.7
4065,8.68,-7.82,101.8,883.6,-796.1,0,0,,1.227222222,,,,,,,,-1679.7
4066,8.68,-7.82,101.8,883.6,-796.1,0,0,,1.227222222,,,,,,,,-1679.7
4067,8.68,-7.81,101.8,883.6,-795.1,0,0,,1.227222222,,,,,,,,-1678.7
4068,8.67,-7.81,101.8,882.6,-795.1,0,0,,1.225833333,,,,,,,,-1677.7
4069,8.67,-7.79,101.8,882.6,-793,0,0,,1.225833333,,,,,,,,-1675.6
4070,8.65,-7.79,101.8,880.6,-793,0,0,,1.223055556,,,,,,,,-1673.6
4071,8.64,-7.78,101.8,879.6,-792,0,0,,1.221666667,,,,,,,,-1671.6
4072,8.63,-7.77,101.8,878.5,-791,0,0,,1.220138889,,,,,,,,-1669.5
4073,8.62,-7.76,101.8,877.5,-790,0,0,,1.21875,,,,,,,,-1667.5
4074,8.59,-7.73,101.8,874.5,-786.9,0,0,,1.214583333,,,,,,,,-1661.4
4075,8.58,-7.73,101.8,873.4,-786.9,0,0,,1.213055556,,,,,,,,-1660.3
4076,8.55,-7.7,101.8,870.4,-783.9,0,0,,1.208888889,,,,,,,,-1654.3
4077,8.54,-7.69,101.8,869.4,-782.8,0,0,,1.2075,,,,,,,,-1652.2
4078,8.53,-7.67,101.8,868.4,-780.8,0,0,,1.206111111,,,,,,,,-1649.2
4079,8.53,-7.67,101.8,868.4,-780.8,0,0,,1.206111111,,,,,,,,-1649.2
4080,8.53,-7.67,101.8,868.4,-780.8,0,0,,1.206111111,,,,,,,,-1649.2
4081,8.51,-7.67,101.8,866.3,-780.8,0,0,,1.203194444,,,,,,,,-1647.1
4082,8.51,-7.67,101.8,866.3,-780.8,0,0,,1.203194444,,,,,,,,-1647.1
4083,8.5,-7.66,101.8,865.3,-779.8,0,0,,1.201805556,,,,,,,,-1645.1
4084,8.49,-7.66,101.8,864.3,-779.8,0,0,,1.200416667,,,,,,,,-1644.1
4085,8.49,-7.65,101.8,864.3,-778.8,0,0,,1.200416667,,,,,,,,-1643.1
4086,8.48,-7.63,101.8,863.3,-776.7,0,0,,1.199027778,,,,,,,,-1640
4087,8.46,-7.61,101.9,862.1,-775.5,0,0,,1.197361111,,,,,,,,-1637.6
4088,8.46,-7.62,101.8,861.2,-775.7,0,0,,1.196111111,,,,,,,,-1636.9
4089,8.44,-7.6,101.8,859.2,-773.7,0,0,,1.193333333,,,,,,,,-1632.9
4090,8.43,-7.59,101.8,858.2,-772.7,0,0,,1.191944444,,,,,,,,-1630.9
4091,8.41,-7.57,101.9,857,-771.4,0,0,,1.190277778,,,,,,,,-1628.4
4092,8.4,-7.56,101.8,855.1,-769.6,0,0,,1.187638889,,,,,,,,-1624.7
4093,8.39,-7.54,101.8,854.1,-767.6,0,0,,1.18625,,,,,,,,-1621.7
4094,8.36,-7.53,101.8,851,-766.6,0,0,,1.181944444,,,,,,,,-1617.6
4095,8.36,-7.52,101.8,851,-765.5,0,0,,1.181944444,,,,,,,,-1616.5
4096,8.35,-7.51,101.9,850.9,-765.3,0,0,,1.181805556,,,,,,,,-1616.2
4097,8.34,-7.5,101.9,849.8,-764.3,0,0,,1.180277778,,,,,,,,-1614.1
4098,8.32,-7.49,101.9,847.8,-763.2,0,0,,1.1775,,,,,,,,-1611
4099,8.32,-7.49,101.9,847.8,-763.2,0,0,,1.1775,,,,,,,,-1611
4100,8.32,-7.49,101.9,847.8,-763.2,0,0,,1.1775,,,,,,,,-1611
4101,8.32,-7.49,101.9,847.8,-763.2,0,0,,1.1775,,,,,,,,-1611
4102,8.31,-7.49,101.9,846.8,-763.2,0,0,,1.176111111,,,,,,,,-1610
4103,8.3,-7.47,101.9,845.8,-761.2,0,0,,1.174722222,,,,,,,,-1607
4104,8.28,-7.45,101.9,843.7,-759.2,0,0,,1.171805556,,,,,,,,-1602.9
4105,8.26,-7.43,101.9,841.7,-757.1,0,0,,1.169027778,,,,,,,,-1598.8
4106,8.25,-7.42,101.9,840.7,-756.1,0,0,,1.167638889,,,,,,,,-1596.8
4107,8.24,-7.41,101.9,839.7,-755.1,0,0,,1.16625,,,,,,,,-1594.8
4108,8.25,-7.42,101.9,840.7,-756.1,0,0,,1.167638889,,,,,,,,-1596.8
4109,8.25,-7.42,101.9,840.7,-756.1,0,0,,1.167638889,,,,,,,,-1596.8
4110,8.25,-7.42,101.9,840.7,-756.1,0,0,,1.167638889,,,,,,,,-1596.8
4111,8.25,-7.41,101.9,840.7,-755.1,0,0,,1.167638889,,,,,,,,-1595.8
4112,8.25,-7.41,101.9,840.7,-755.1,0,0,,1.167638889,,,,,,,,-1595.8
4113,8.25,-7.42,101.9,840.7,-756.1,0,0,,1.167638889,,,,,,,,-1596.8
4114,8.26,-7.43,101.9,841.7,-757.1,0,0,,1.169027778,,,,,,,,-1598.8
4115,8.28,-7.44,101.9,843.7,-758.1,0,0,,1.171805556,,,,,,,,-1601.8
4116,8.27,-7.43,101.9,842.7,-757.1,0,0,,1.170416667,,,,,,,,-1599.8
4117,8.26,-7.43,101.9,841.7,-757.1,0,0,,1.169027778,,,,,,,,-1598.8
4118,8.25,-7.42,101.9,840.7,-756.1,0,0,,1.167638889,,,,,,,,-1596.8
4119,8.24,-7.4,101.9,839.7,-754.1,0,0,,1.16625,,,,,,,,-1593.8
4120,8.24,-7.41,101.9,839.7,-755.1,0,0,,1.16625,,,,,,,,-1594.8
4121,8.23,-7.41,101.9,838.6,-755.1,0,0,,1.164722222,,,,,,,,-1593.7
4122,8.24,-7.4,101.9,839.7,-754.1,0,0,,1.16625,,,,,,,,-1593.8
4123,8.26,-7.42,101.9,841.7,-756.1,0,0,,1.169027778,,,,,,,,-1597.8
4124,8.25,-7.42,101.9,840.7,-756.1,0,0,,1.167638889,,,,,,,,-1596.8
4125,8.25,-7.42,101.9,840.7,-756.1,0,0,,1.167638889,,,,,,,,-1596.8
4126,8.24,-7.41,101.9,839.7,-755.1,0,0,,1.16625,,,,,,,,-1594.8
4127,8.23,-7.41,101.9,838.6,-755.1,0,0,,1.164722222,,,,,,,,-1593.7
4128,8.24,-7.41,101.9,839.7,-755.1,0,0,,1.16625,,,,,,,,-1594.8
4129,8.25,-7.42,101.9,840.7,-756.1,0,0,,1.167638889,,,,,,,,-1596.8
4130,8.24,-7.41,101.9,839.7,-755.1,0,0,,1.16625,,,,,,,,-1594.8
4131,8.22,-7.4,101.9,837.6,-754.1,0,0,,1.163333333,,,,,,,,-1591.7
4132,8.21,-7.39,101.9,836.6,-753,0,0,,1.161944444,,,,,,,,-1589.6
4133,8.19,-7.36,101.9,834.6,-750,0,0,,1.159166667,,,,,,,,-1584.6
4134,8.17,-7.35,101.9,832.5,-749,0,0,,1.15625,,,,,,,,-1581.5
4135,8.17,-7.35,101.9,832.5,-749,0,0,,1.15625,,,,,,,,-1581.5
4136,8.17,-7.35,101.9,832.5,-749,0,0,,1.15625,,,,,,,,-1581.5
4137,8.17,-7.35,101.9,832.5,-749,0,0,,1.15625,,,,,,,,-1581.5
4138,8.15,-7.34,101.9,830.5,-747.9,0,0,,1.153472222,,,,,,,,-1578.4
4139,8.14,-7.31,101.9,829.5,-744.9,0,0,,1.152083333,,,,,,,,-1574.4
4140,8.12,-7.31,102,828.2,-745.6,0,0,,1.150277778,,,,,,,,-1573.8
4141,8.11,-7.28,101.9,826.4,-741.8,0,0,,1.147777778,,,,,,,,-1568.2
4142,8.09,-7.26,101.9,824.4,-739.8,0,0,,1.145,,,,,,,,-1564.2
4143,8.07,-7.26,101.9,822.3,-739.8,0,0,,1.142083333,,,,,,,,-1562.1
4144,8.07,-7.25,101.9,822.3,-738.8,0,0,,1.142083333,,,,,,,,-1561.1
4145,8.07,-7.25,101.9,822.3,-738.8,0,0,,1.142083333,,,,,,,,-1561.1
4146,8.06,-7.24,101.9,821.3,-737.8,0,0,,1.140694444,,,,,,,,-1559.1
4147,8.06,-7.24,101.9,821.3,-737.8,0,0,,1.140694444,,,,,,,,-1559.1
4148,8.06,-7.24,102,822.1,-738.5,0,0,,1.141805556,,,,,,,,-1560.6
4149,8.06,-7.24,102,822.1,-738.5,0,0,,1.141805556,,,,,,,,-1560.6
4150,8.05,-7.23,101.9,820.3,-736.7,0,0,,1.139305556,,,,,,,,-1557
4151,8.05,-7.23,102,821.1,-737.5,0,0,,1.140416667,,,,,,,,-1558.6
4152,8.06,-7.24,102,822.1,-738.5,0,0,,1.141805556,,,,,,,,-1560.6
4153,8.05,-7.24,102,821.1,-738.5,0,0,,1.140416667,,,,,,,,-1559.6
4154,8.06,-7.23,102.1,822.9,-738.2,0,0,,1.142916667,,,,,,,,-1561.1
4155,8.05,-7.24,102,821.1,-738.5,0,0,,1.140416667,,,,,,,,-1559.6
4156,8.05,-7.23,102,821.1,-737.5,0,0,,1.140416667,,,,,,,,-1558.6
4157,8.03,-7.22,102.1,819.9,-737.2,0,0,,1.13875,,,,,,,,-1557.1
4158,8.02,-7.21,102.1,818.8,-736.1,0,0,,1.137222222,,,,,,,,-1554.9
4159,8,-7.2,102.1,816.8,-735.1,0,0,,1.134444444,,,,,,,,-1551.9
4160,7.97,-7.17,102,812.9,-731.3,0,0,,1.129027778,,,,,,,,-1544.2
4161,7.97,-7.17,102.1,813.7,-732.1,0,0,,1.130138889,,,,,,,,-1545.8
4162,7.95,-7.15,102.1,811.7,-730,0,0,,1.127361111,,,,,,,,-1541.7
4163,7.93,-7.13,102,808.9,-727.3,0,0,,1.123472222,,,,,,,,-1536.2
4164,7.93,-7.12,102.1,809.7,-727,0,0,,1.124583333,,,,,,,,-1536.7
4165,7.92,-7.11,102.1,808.6,-725.9,0,0,,1.123055556,,,,,,,,-1534.5
4166,7.9,-7.09,102.1,806.6,-723.9,0,0,,1.120277778,,,,,,,,-1530.5
4167,7.89,-7.09,102.1,805.6,-723.9,0,0,,1.118888889,,,,,,,,-1529.5
4168,7.88,-7.08,102.1,804.5,-722.9,0,0,,1.117361111,,,,,,,,-1527.4
4169,7.89,-7.09,102.1,805.6,-723.9,0,0,,1.118888889,,,,,,,,-1529.5
4170,7.88,-7.09,102.1,804.5,-723.9,0,0,,1.117361111,,,,,,,,-1528.4
4171,7.87,-7.07,102.1,803.5,-721.8,0,0,,1.115972222,,,,,,,,-1525.3
4172,7.84,-7.06,102,799.7,-720.1,0,0,,1.110694444,,,,,,,,-1519.8
4173,7.83,-7.04,102.1,799.4,-718.8,0,0,,1.110277778,,,,,,,,-1518.2
4174,7.83,-7.02,102.1,799.4,-716.7,0,0,,1.110277778,,,,,,,,-1516.1
4175,7.81,-7.02,102.1,797.4,-716.7,0,0,,1.1075,,,,,,,,-1514.1
4176,7.78,-6.98,102.1,794.3,-712.7,0,0,,1.103194444,,,,,,,,-1507
4177,7.74,-6.96,102.1,790.3,-710.6,0,0,,1.097638889,,,,,,,,-1500.9
4178,7.73,-6.94,102.1,789.2,-708.6,0,0,,1.096111111,,,,,,,,-1497.8
4179,7.7,-6.91,102,785.4,-704.8,0,0,,1.090833333,,,,,,,,-1490.2
4180,7.7,-6.91,102.1,786.2,-705.5,0,0,,1.091944444,,,,,,,,-1491.7
4181,7.7,-6.91,102.1,786.2,-705.5,0,0,,1.091944444,,,,,,,,-1491.7
4182,7.7,-6.91,102.1,786.2,-705.5,0,0,,1.091944444,,,,,,,,-1491.7
4183,7.69,-6.91,102.1,785.1,-705.5,0,0,,1.090416667,,,,,,,,-1490.6
4184,7.68,-6.9,102.1,784.1,-704.5,0,0,,1.089027778,,,,,,,,-1488.6
4185,7.67,-6.89,102.1,783.1,-703.5,0,0,,1.087638889,,,,,,,,-1486.6
4186,7.65,-6.87,102.1,781.1,-701.4,0,0,,1.084861111,,,,,,,,-1482.5
4187,7.66,-6.87,102.1,782.1,-701.4,0,0,,1.08625,,,,,,,,-1483.5
4188,7.67,-6.87,102.1,783.1,-701.4,0,0,,1.087638889,,,,,,,,-1484.5
4189,7.65,-6.87,102.1,781.1,-701.4,0,0,,1.084861111,,,,,,,,-1482.5
4190,7.64,-6.85,102.1,780,-699.4,0,0,,1.083333333,,,,,,,,-1479.4
4191,7.62,-6.83,102.1,778,-697.3,0,0,,1.080555556,,,,,,,,-1475.3
4192,7.63,-6.84,102.1,779,-698.4,0,0,,1.081944444,,,,,,,,-1477.4
4193,7.62,-6.83,102.1,778,-697.3,0,0,,1.080555556,,,,,,,,-1475.3
4194,7.62,-6.83,102.1,778,-697.3,0,0,,1.080555556,,,,,,,,-1475.3
4195,7.63,-6.84,102.1,779,-698.4,0,0,,1.081944444,,,,,,,,-1477.4
4196,7.62,-6.83,102.1,778,-697.3,0,0,,1.080555556,,,,,,,,-1475.3
4197,7.62,-6.83,102.1,778,-697.3,0,0,,1.080555556,,,,,,,,-1475.3
4198,7.6,-6.82,102.1,776,-696.3,0,0,,1.077777778,,,,,,,,-1472.3
4199,7.58,-6.8,102.1,773.9,-694.3,0,0,,1.074861111,,,,,,,,-1468.2
4200,7.58,-6.8,102.1,773.9,-694.3,0,0,,1.074861111,,,,,,,,-1468.2
4201,7.58,-6.8,102.1,773.9,-694.3,0,0,,1.074861111,,,,,,,,-1468.2
4202,6.96,-6.22,102.1,710.6,-635.1,0,0,,0.986944444,,,,,,,,-1345.7
4203,7.28,-6.52,102.1,743.3,-665.7,0,0,,1.032361111,,,,,,,,-1409
4204,6.73,-6.02,102,686.5,-614,0,0,,0.953472222,,,,,,,,-1300.5
4205,7.22,-6.47,102.1,737.2,-660.6,0,0,,1.023888889,,,,,,,,-1397.8
4206,7.28,-6.51,102.1,743.3,-664.7,0,0,,1.032361111,,,,,,,,-1408
4207,7.27,-6.51,102.1,742.3,-664.7,0,0,,1.030972222,,,,,,,,-1407
4208,6.68,-5.97,102,681.4,-608.9,0,0,,0.946388889,,,,,,,,-1290.3
4209,7.24,-6.48,102.1,739.2,-661.6,0,0,,1.026666667,,,,,,,,-1400.8
4210,7.23,-6.48,102.1,738.2,-661.6,0,0,,1.025277778,,,,,,,,-1399.8
4211,7.23,-6.47,102.1,738.2,-660.6,0,0,,1.025277778,,,,,,,,-1398.8
4212,7.22,-6.47,102.1,737.2,-660.6,0,0,,1.023888889,,,,,,,,-1397.8
4213,7.23,-6.48,102.1,738.2,-661.6,0,0,,1.025277778,,,,,,,,-1399.8
4214,6.63,-5.92,102,676.3,-603.8,0,0,,0.939305556,,,,,,,,-1280.1
4215,6.77,-6.05,102.1,691.2,-617.7,0,0,,0.96,,,,,,,,-1308.9
4216,6.7,-5.99,102.1,684.1,-611.6,0,0,,0.950138889,,,,,,,,-1295.7
4217,6.66,-5.95,102.1,680,-607.5,0,0,,0.944444444,,,,,,,,-1287.5
4218,6.91,-6.18,102.1,705.5,-631,0,0,,0.979861111,,,,,,,,-1336.5
4219,6.9,-6.17,102.1,704.5,-630,0,0,,0.978472222,,,,,,,,-1334.5
4220,7.27,-6.52,102.1,742.3,-665.7,0,0,,1.030972222,,,,,,,,-1408
4221,7.38,-6.61,102.1,753.5,-674.9,0,0,,1.046527778,,,,,,,,-1428.4
4222,7.37,-6.62,102.1,752.5,-675.9,0,0,,1.045138889,,,,,,,,-1428.4
4223,7.36,-6.6,102.2,752.2,-674.5,0,0,,1.044722222,,,,,,,,-1426.7
4224,7.3,-6.54,102.2,746.1,-668.4,0,0,,1.03625,,,,,,,,-1414.5
4225,7.3,-6.53,102.2,746.1,-667.4,0,0,,1.03625,,,,,,,,-1413.5
4226,7.28,-6.51,102.1,743.3,-664.7,0,0,,1.032361111,,,,,,,,-1408
4227,7.31,-6.54,102.2,747.1,-668.4,0,0,,1.037638889,,,,,,,,-1415.5
4228,7.32,-6.56,102.2,748.1,-670.4,0,0,,1.039027778,,,,,,,,-1418.5
4229,7.32,-6.52,102.2,748.1,-666.3,0,0,,1.039027778,,,,,,,,-1414.4
4230,6.95,-6.2,102.1,709.6,-633,0,0,,0.985555556,,,,,,,,-1342.6
4231,7.29,-6.52,102.2,745,-666.3,0,0,,1.034722222,,,,,,,,-1411.3
4232,7.34,-6.58,102.2,750.1,-672.5,0,0,,1.041805556,,,,,,,,-1422.6
4233,7.36,-6.59,102.2,752.2,-673.5,0,0,,1.044722222,,,,,,,,-1425.7
4234,7.37,-6.62,102.2,753.2,-676.6,0,0,,1.046111111,,,,,,,,-1429.8
4235,7.35,-6.59,102.2,751.2,-673.5,0,0,,1.043333333,,,,,,,,-1424.7
4236,7.32,-6.56,102.2,748.1,-670.4,0,0,,1.039027778,,,,,,,,-1418.5
4237,7.32,-6.55,102.2,748.1,-669.4,0,0,,1.039027778,,,,,,,,-1417.5
4238,7.29,-6.52,102.2,745,-666.3,0,0,,1.034722222,,,,,,,,-1411.3
4239,7.29,-6.5,102.1,744.3,-663.7,0,0,,1.03375,,,,,,,,-1408
4240,7.26,-6.5,102.2,742,-664.3,0,0,,1.030555556,,,,,,,,-1406.3
4241,7.26,-6.5,102.2,742,-664.3,0,0,,1.030555556,,,,,,,,-1406.3
4242,7.25,-6.48,102.2,741,-662.3,0,0,,1.029166667,,,,,,,,-1403.3
4243,7.25,-6.48,102.2,741,-662.3,0,0,,1.029166667,,,,,,,,-1403.3
4244,7.21,-6.46,102.2,736.9,-660.2,0,0,,1.023472222,,,,,,,,-1397.1
4245,7.21,-6.4,102.1,736.1,-653.4,0,0,,1.022361111,,,,,,,,-1389.5
4246,7.19,-6.41,102.2,734.8,-655.1,0,0,,1.020555556,,,,,,,,-1389.9
4247,7.67,-5.19,102,782.3,-529.4,0,0,,1.086527778,,,,,,,,-1311.7
4248,7.91,-2.56,101.7,804.4,-260.4,0,8,,1.117222222,,,,,,,,-1064.8
4249,8.28,-1.65,101.5,840.4,-167.5,0,14,,1.167222222,,,,,,,,-1007.9
4250,7.62,-5.72,102,777.2,-583.4,0,19,,1.079444444,,,,,,,,-1360.6
4251,7.32,-6.53,102.2,748.1,-667.4,0,18,,1.039027778,,,,,,,,-1415.5
4252,8.61,2.04,101,869.6,206,0,25,,1.207777778,,,,,,,,-663.6
4253,8.83,1.82,101,891.8,183.8,0,31,,1.238611111,,,,,,,,-708
4254,7.6,-6.81,102.2,776.7,-696,0,29,,1.07875,,,,,,,,-1472.7
4255,8.81,1.84,101,889.8,185.8,0,31,,1.235833333,,,,,,,,-704
4256,8.66,1.92,100.9,873.8,193.7,0,36,,1.213611111,,,,,,,,-680.1
4257,8.74,1.87,100.9,881.9,188.7,0,40,,1.224861111,,,,,,,,-693.2
4258,8.73,1.87,100.9,880.9,188.7,0,44,,1.223472222,,,,,,,,-692.2
4259,7.89,-7.07,102.1,805.6,-721.8,0,43,,1.118888889,,,,,,,,-1527.4
4260,5.1,-18.1,103.8,529.4,-1878.8,0,36,,0.735277778,,,,,,,,-2408.2
4261,8.54,-3.49,101.8,869.4,-355.3,0,27,,1.2075,,,,,,,,-1224.7
4262,8.64,2.94,100.8,870.9,296.4,0,33,,1.209583333,,,,,,,,-574.5
4263,8.82,2.75,100.8,889.1,277.2,0,38,,1.234861111,,,,,,,,-611.9
4264,8.71,2.84,100.7,877.1,286,0,43,,1.218194444,,,,,,,,-591.1
4265,8.87,2.69,100.7,893.2,270.9,0,46,,1.240555556,,,,,,,,-622.3
4266,8.88,2.68,100.7,894.2,269.9,0,49,,1.241944444,,,,,,,,-624.3
4267,8.96,2.62,100.7,902.3,263.8,0,52,,1.253194444,,,,,,,,-638.5
4268,8.91,2.69,100.7,897.2,270.9,0,53,,1.246111111,,,,,,,,-626.3
4269,8.9,2.7,100.7,896.2,271.9,0,54,,1.244722222,,,,,,,,-624.3
4270,8.9,2.83,100.6,895.3,284.7,0,56,,1.243472222,,,,,,,,-610.6
4271,8.89,3.7,100.5,893.4,371.9,0,58,,1.240833333,,,,,,,,-521.5
4272,8.84,3.72,100.5,888.4,373.9,0,60,,1.233888889,,,,,,,,-514.5
4273,8.75,3.84,100.4,878.5,385.5,0,62,,1.220138889,,,,,,,,-493
4274,8.63,3.92,100.4,866.5,393.6,0,64,,1.203472222,,,,,,,,-472.9
4275,8.58,3.93,100.4,861.4,394.6,0,66,,1.196388889,,,,,,,,-466.8
4276,8.29,-7.43,102.1,846.4,-758.6,0,57,,1.175555556,,,,,,,,-1605
4277,8.11,-6.73,102,827.2,-686.5,0,45,,1.148888889,,,,,,,,-1513.7
4278,8.2,5.25,100.3,822.5,526.6,0,49,,1.142361111,,,,,,,,-295.9
4279,8.1,5.29,100.3,812.4,530.6,0,54,,1.128333333,,,,,,,,-281.8
4280,7.89,5.49,100.1,789.8,549.5,0,58,,1.096944444,,,,,,,,-240.3
4281,7.8,5.56,100.1,780.8,556.6,0,61,,1.084444444,,,,,,,,-224.2
4282,7.79,5.58,100.1,779.8,558.6,0,63,,1.083055556,,,,,,,,-221.2
4283,7.7,5.65,100.1,770.8,565.6,0,65,,1.070555556,,,,,,,,-205.2
4284,7.82,5.53,100.1,782.8,553.6,0,67,,1.087222222,,,,,,,,-229.2
4285,7.78,5.58,100.1,778.8,558.6,0,69,,1.081666667,,,,,,,,-220.2
4286,8.07,5.33,100.1,807.8,533.5,0,70,,1.121944444,,,,,,,,-274.3
4287,8.08,4.06,100.3,810.4,407.2,0,71,,1.125555556,,,,,,,,-403.2
4288,7.99,-0.48,101,807,-48.5,0,70,,1.120833333,,,,,,,,-855.5
4289,7.88,-1.29,101.1,796.7,-130.4,0,68,,1.106527778,,,,,,,,-927.1
4290,8.04,2.44,100.6,808.8,245.5,0,68,,1.123333333,,,,,,,,-563.3
4291,7.85,4.56,100.3,787.4,457.4,0,68,,1.093611111,,,,,,,,-330
4292,7.64,4.74,100.1,764.8,474.5,0,69,,1.062222222,,,,,,,,-290.3
4293,7.78,5.61,100,778,561,0,69,,1.080555556,,,,,,,,-217
4294,7.86,5.56,100,786,556,0,70,,1.091666667,,,,,,,,-230
4295,7.89,5.52,100,789,552,0,70,,1.095833333,,,,,,,,-237
4296,7.91,5.48,100,791,548,0,70,,1.098611111,,,,,,,,-243
4297,7.88,5.52,100,788,552,0,71,,1.094444444,,,,,,,,-236
4298,8.04,5.4,100,804,540,0,71,,1.116666667,,,,,,,,-264
4299,8.11,5.33,100,811,533,0,71,,1.126388889,,,,,,,,-278
4300,8.25,5.25,100,825,525,0,70,,1.145833333,,,,,,,,-300
4301,8.33,5.14,100,833,514,0,70,,1.156944444,,,,,,,,-319
4302,8.4,5.09,100,840,509,0,70,,1.166666667,,,,,,,,-331
4303,8.44,5.03,100,844,503,0,70,,1.172222222,,,,,,,,-341
4304,8.55,4.96,100,855,496,0,70,,1.1875,,,,,,,,-359
4305,8.07,5.37,99.9,806.2,536.5,0,71,,1.119722222,,,,,,,,-269.7
4306,8.21,5.26,100,821,526,0,71,,1.140277778,,,,,,,,-295
4307,8.6,4.85,100,860,485,0,72,,1.194444444,,,,,,,,-375
4308,8.9,4.6,100,890,460,0,74,,1.236111111,,,,,,,,-430
4309,7.74,5.52,99.9,773.2,551.4,0,75,,1.073888889,,,,,,,,-221.8
4310,8.19,5.11,99.9,818.2,510.5,0,76,,1.136388889,,,,,,,,-307.7
4311,8.86,4.11,100.1,886.9,411.4,0,76,,1.231805556,,,,,,,,-475.5
4312,8.87,4,100.1,887.9,400.4,0,77,,1.233194444,,,,,,,,-487.5
4313,8.8,3.47,100.2,881.8,347.7,0,77,,1.224722222,,,,,,,,-534.1
4314,8.78,3.83,100.2,879.8,383.8,0,77,,1.221944444,,,,,,,,-496
4315,8.23,3.66,100.1,823.8,366.4,0,77,,1.144166667,,,,,,,,-457.4
4316,8.87,3.62,100.2,888.8,362.7,0,76,,1.234444444,,,,,,,,-526.1
4317,8.84,3.73,100.2,885.8,373.7,0,76,,1.230277778,,,,,,,,-512.1
4318,8.99,3.54,100.2,900.8,354.7,0,75,,1.251111111,,,,,,,,-546.1
4319,8.95,3.6,100.2,896.8,360.7,0,74,,1.245555556,,,,,,,,-536.1
4320,8.96,3.6,100.2,897.8,360.7,0,75,,1.246944444,,,,,,,,-537.1
4321,8.85,3.64,100.2,886.8,364.7,0,75,,1.231666667,,,,,,,,-522.1
4322,8.86,3.66,100.2,887.8,366.7,0,75,,1.233055556,,,,,,,,-521.1
4323,8.88,3.66,100.1,888.9,366.4,0,75,,1.234583333,,,,,,,,-522.5
4324,8.76,3.78,100.1,876.9,378.4,0,75,,1.217916667,,,,,,,,-498.5
4325,8.66,3.93,100.1,866.9,393.4,0,76,,1.204027778,,,,,,,,-473.5
4326,8.75,3.55,100.2,876.8,355.7,0,76,,1.217777778,,,,,,,,-521.1
4327,8.74,3.41,100.2,875.7,341.7,0,77,,1.21625,,,,,,,,-534
4328,8.71,2.44,100.4,874.5,245,0,77,,1.214583333,,,,,,,,-629.5
4329,8.63,2.79,100.3,865.6,279.8,0,77,,1.202222222,,,,,,,,-585.8
4330,8.66,2.88,100.3,868.6,288.9,0,77,,1.206388889,,,,,,,,-579.7
4331,8.78,2.76,100.3,880.6,276.8,0,76,,1.223055556,,,,,,,,-603.8
4332,8.86,2.78,100.3,888.7,278.8,0,76,,1.234305556,,,,,,,,-609.9
4333,8.89,2.62,100.3,891.7,262.8,0,75,,1.238472222,,,,,,,,-628.9
4334,8.81,2.71,100.3,883.6,271.8,0,75,,1.227222222,,,,,,,,-611.8
4335,8.77,2.76,100.3,879.6,276.8,0,75,,1.221666667,,,,,,,,-602.8
4336,8.77,2.77,100.3,879.6,277.8,0,75,,1.221666667,,,,,,,,-601.8
4337,8.77,2.74,100.3,879.6,274.8,0,75,,1.221666667,,,,,,,,-604.8
4338,8.84,2.7,100.3,886.7,270.8,0,74,,1.231527778,,,,,,,,-615.9
4339,8.76,2.74,100.3,878.6,274.8,0,74,,1.220277778,,,,,,,,-603.8
4340,8.97,2.59,100.3,899.7,259.8,0,73,,1.249583333,,,,,,,,-639.9
4341,9.02,2.59,100.3,904.7,259.8,0,73,,1.256527778,,,,,,,,-644.9
4342,9.03,2.49,100.3,905.7,249.7,0,73,,1.257916667,,,,,,,,-656
4343,9.05,2.48,100.3,907.7,248.7,0,73,,1.260694444,,,,,,,,-659
4344,9.02,2.54,100.3,904.7,254.8,0,73,,1.256527778,,,,,,,,-649.9
4345,9.07,2.5,100.3,909.7,250.8,0,73,,1.263472222,,,,,,,,-658.9
4346,9.04,2.54,100.3,906.7,254.8,0,73,,1.259305556,,,,,,,,-651.9
4347,9.22,2.34,100.3,924.8,234.7,0,73,,1.284444444,,,,,,,,-690.1
4348,9.21,2.35,100.3,923.8,235.7,0,73,,1.283055556,,,,,,,,-688.1
4349,9.24,2.33,100.4,927.7,233.9,0,73,,1.288472222,,,,,,,,-693.8
4350,9.29,2.28,100.3,931.8,228.7,0,73,,1.294166667,,,,,,,,-703.1
4351,9.31,2.29,100.3,933.8,229.7,0,73,,1.296944444,,,,,,,,-704.1
4352,9.29,2.28,100.4,932.7,228.9,0,73,,1.295416667,,,,,,,,-703.8
4353,9.36,2.24,100.4,939.7,224.9,0,72,,1.305138889,,,,,,,,-714.8
4354,9.38,2.22,100.3,940.8,222.7,0,72,,1.306666667,,,,,,,,-718.1
4355,9.45,4.24,100,945,424,0,73,,1.3125,,,,,,,,-521
4356,9.51,4.2,100,951,420,0,74,,1.320833333,,,,,,,,-531
4357,9.5,4.12,100,950,412,0,75,,1.319444444,,,,,,,,-538
4358,9.53,4.07,100,953,407,0,75,,1.323611111,,,,,,,,-546
4359,9.5,3.94,100,950,394,0,76,,1.319444444,,,,,,,,-556
4360,9.5,3.66,100.1,951,366.4,0,76,,1.320833333,,,,,,,,-584.6
4361,9.53,4.62,99.9,952,461.5,0,76,,1.322222222,,,,,,,,-490.5
4362,9.58,5.11,99.8,956.1,510,0,76,,1.327916667,,,,,,,,-446.1
4363,9.56,5.47,99.8,954.1,545.9,0,75,,1.325138889,,,,,,,,-408.2
4364,9.56,5.67,99.7,953.1,565.3,0,75,,1.32375,,,,,,,,-387.8
4365,9.57,6.1,99.7,954.1,608.2,0,74,,1.325138889,,,,,,,,-345.9
4366,9.54,6.13,99.6,950.2,610.5,0,73,,1.319722222,,,,,,,,-339.7
4367,9.54,6.02,99.6,950.2,599.6,0,73,,1.319722222,,,,,,,,-350.6
4368,9.5,5.89,99.6,946.2,586.6,0,73,,1.314166667,,,,,,,,-359.6
4369,9.52,6.01,99.6,948.2,598.6,0,72,,1.316944444,,,,,,,,-349.6
4370,9.51,6.04,99.6,947.2,601.6,0,72,,1.315555556,,,,,,,,-345.6
4371,9.52,6.03,99.6,948.2,600.6,0,72,,1.316944444,,,,,,,,-347.6
4372,9.46,6,99.6,942.2,597.6,0,73,,1.308611111,,,,,,,,-344.6
4373,9.45,5.44,99.7,942.2,542.4,0,75,,1.308611111,,,,,,,,-399.8
4374,9.41,4.71,99.8,939.1,470.1,0,77,,1.304305556,,,,,,,,-469
4375,9.36,3.33,100,936,333,0,77,,1.3,,,,,,,,-603
4376,9.31,2.79,100.1,931.9,279.3,0,78,,1.294305556,,,,,,,,-652.6
4377,9.32,2.84,100.1,932.9,284.3,0,78,,1.295694444,,,,,,,,-648.6
4378,9.33,2.34,100.2,934.9,234.5,0,78,,1.298472222,,,,,,,,-700.4
4379,9.29,2.59,100.2,930.9,259.5,0,78,,1.292916667,,,,,,,,-671.4
4380,9.28,2.08,100.2,929.9,208.4,0,78,,1.291527778,,,,,,,,-721.5
4381,9.39,3.39,100.1,939.9,339.3,0,78,,1.305416667,,,,,,,,-600.6
4382,9.45,4.86,99.7,942.2,484.5,0,76,,1.308611111,,,,,,,,-457.7
4383,9.45,5.39,99.7,942.2,537.4,0,75,,1.308611111,,,,,,,,-404.8
4384,9.39,5.99,99.6,935.2,596.6,0,74,,1.298888889,,,,,,,,-338.6
4385,9.42,6.15,99.6,938.2,612.5,0,73,,1.303055556,,,,,,,,-325.7
4386,9.45,6.02,99.6,941.2,599.6,0,73,,1.307222222,,,,,,,,-341.6
4387,9.49,6.05,99.5,944.3,602,0,72,,1.311527778,,,,,,,,-342.3
4388,9.53,6.01,99.5,948.2,598,0,72,,1.316944444,,,,,,,,-350.2
4389,9.54,6,99.6,950.2,597.6,0,72,,1.319722222,,,,,,,,-352.6
4390,9.53,5.98,99.5,948.2,595,0,72,,1.316944444,,,,,,,,-353.2
4391,9.49,6.12,99.5,944.3,608.9,0,73,,1.311527778,,,,,,,,-335.4
4392,9.49,6.06,99.5,944.3,603,0,72,,1.311527778,,,,,,,,-341.3
4393,9.43,6.12,99.5,938.3,608.9,0,72,,1.303194444,,,,,,,,-329.4
4394,9.28,6.19,99.5,923.4,615.9,0,72,,1.2825,,,,,,,,-307.5
4395,9.32,6.2,99.5,927.3,616.9,0,72,,1.287916667,,,,,,,,-310.4
4396,9.12,6.22,99.4,906.5,618.3,0,73,,1.259027778,,,,,,,,-288.2
4397,9.18,6.25,99.5,913.4,621.9,0,74,,1.268611111,,,,,,,,-291.5
4398,9.12,5.78,99.5,907.4,575.1,0,75,,1.260277778,,,,,,,,-332.3
4399,9.04,4.98,99.7,901.3,496.5,0,77,,1.251805556,,,,,,,,-404.8
4400,8.93,2.9,100,893,290,0,78,,1.240277778,,,,,,,,-603
4401,8.87,2.18,100.1,887.9,218.2,0,79,,1.233194444,,,,,,,,-669.7
4402,8.82,0.99,100.3,884.6,99.3,0,79,,1.228611111,,,,,,,,-785.3
4403,8.7,0.32,100.4,873.5,32.1,0,80,,1.213194444,,,,,,,,-841.4
4404,8.66,-0.58,100.6,871.2,-58.3,0,80,,1.21,,,,,,,,-929.5
4405,8.56,-1.54,100.7,862,-155.1,0,81,,1.197222222,,,,,,,,-1017.1
4406,8.55,-2.65,100.9,862.7,-267.4,0,82,,1.198194444,,,,,,,,-1130.1
4407,8.52,-2.62,100.9,859.7,-264.4,0,82,,1.194027778,,,,,,,,-1124.1
4408,8.57,-1.8,100.8,863.9,-181.4,0,81,,1.199861111,,,,,,,,-1045.3
4409,8.58,-0.95,100.7,864,-95.7,0,81,,1.2,,,,,,,,-959.7
4410,8.6,-0.58,100.7,866,-58.4,0,80,,1.202777778,,,,,,,,-924.4
4411,8.55,-1.15,100.7,861,-115.8,0,81,,1.195833333,,,,,,,,-976.8
4412,8.48,-2.21,100.9,855.6,-223,0,82,,1.188333333,,,,,,,,-1078.6
4413,8.45,-2.99,101,853.5,-302,0,82,,1.185416667,,,,,,,,-1155.5
4414,8.56,-3.12,101,864.6,-315.1,0,82,,1.200833333,,,,,,,,-1179.7
4415,8.49,-0.86,100.7,854.9,-86.6,0,81,,1.187361111,,,,,,,,-941.5
4416,8.48,-0.2,100.6,853.1,-20.1,0,80,,1.184861111,,,,,,,,-873.2
4417,8.47,0.03,100.6,852.1,3,0,80,,1.183472222,,,,,,,,-849.1
4418,8.35,0.39,100.5,839.2,39.2,0,80,,1.165555556,,,,,,,,-800
4419,8.31,0.89,100.5,835.2,89.4,0,80,,1.16,,,,,,,,-745.8
4420,8.17,0.71,100.5,821.1,71.4,0,80,,1.140416667,,,,,,,,-749.7
4421,7.9,0.05,100.5,794,5,0,80,,1.102777778,,,,,,,,-789
4422,7.57,-0.54,100.7,762.3,-54.4,0,81,,1.05875,,,,,,,,-816.7
4423,7.08,-0.58,100.7,713,-58.4,0,81,,0.990277778,,,,,,,,-771.4
4424,6.45,0.37,100.5,648.2,37.2,0,81,,0.900277778,,,,,,,,-611
4425,6.15,1.97,100.3,616.8,197.6,0,80,,0.856666667,,,,,,,,-419.2
4426,6.03,3.42,100.1,603.6,342.3,0,79,,0.838333333,,,,,,,,-261.3
4427,5.58,4.54,99.9,557.4,453.5,0,78,,0.774166667,,,,,,,,-103.9
4428,5.31,5.27,99.7,529.4,525.4,0,78,,0.735277778,,,,,,,,-4
4429,5.5,4.94,99.8,548.9,493,0,78,,0.762361111,,,,,,,,-55.9
4430,5.61,5.07,99.7,559.3,505.5,0,78,,0.776805556,,,,,,,,-53.8
4431,5.62,5.48,99.7,560.3,546.4,0,78,,0.778194444,,,,,,,,-13.9
4432,5.9,4.94,99.7,588.2,492.5,0,78,,0.816944444,,,,,,,,-95.7
4433,6.12,5.58,99.7,610.2,556.3,0,77,,0.8475,,,,,,,,-53.9
4434,6.53,7.06,99.4,649.1,701.8,0,76,,0.901527778,,,,,,,,52.7
4435,6.69,7.28,99.3,664.3,722.9,0,75,,0.922638889,,,,,,,,58.6
4436,6.73,6.99,99.3,668.3,694.1,0,76,,0.928194444,,,,,,,,25.8
4437,6.86,5.45,99.6,683.3,542.8,0,77,,0.949027778,,,,,,,,-140.5
4438,7.06,5.29,99.6,703.2,526.9,0,77,,0.976666667,,,,,,,,-176.3
4439,7.26,6.05,99.5,722.4,602,0,76,,1.003333333,,,,,,,,-120.4
4440,7.49,6.46,99.4,744.5,642.1,0,76,,1.034027778,,,,,,,,-102.4
4441,7.63,6.99,99.3,757.7,694.1,0,75,,1.052361111,,,,,,,,-63.6
4442,7.83,7.48,99.2,776.7,742,0,74,,1.07875,,,,,,,,-34.7
4443,8.06,7.27,99.2,799.6,721.2,0,73,,1.110555556,,,,,,,,-78.4
4444,8.14,7.12,99.3,808.3,707,0,74,,1.122638889,,,,,,,,-101.3
4445,8.19,6.51,99.3,813.3,646.4,0,75,,1.129583333,,,,,,,,-166.9
4446,8.15,6.23,99.4,810.1,619.3,0,75,,1.125138889,,,,,,,,-190.8
4447,8.25,5.88,99.4,820.1,584.5,0,76,,1.139027778,,,,,,,,-235.6
4448,8.07,4.54,99.7,804.6,452.6,0,77,,1.1175,,,,,,,,-352
4449,7.95,2,100.1,795.8,200.2,0,79,,1.105277778,,,,,,,,-595.6
4450,7.94,0.47,100.3,796.4,47.1,0,80,,1.106111111,,,,,,,,-749.3
4451,7.92,0.24,100.4,795.2,24.1,0,80,,1.104444444,,,,,,,,-771.1
4452,7.97,-0.31,100.4,800.2,-31.1,0,80,,1.111388889,,,,,,,,-831.3
4453,8.06,0.72,100.4,809.2,72.3,0,80,,1.123888889,,,,,,,,-736.9
4454,7.95,1.85,100.2,796.6,185.4,0,79,,1.106388889,,,,,,,,-611.2
4455,7.89,2.55,100,789,255,0,79,,1.095833333,,,,,,,,-534
4456,7.99,3.7,99.9,798.2,369.6,0,78,,1.108611111,,,,,,,,-428.6
4457,8.11,5.67,99.5,806.9,564.2,0,77,,1.120694444,,,,,,,,-242.7
4458,8.1,6.66,99.4,805.1,662,0,75,,1.118194444,,,,,,,,-143.1
4459,8.17,7.9,99.2,810.5,783.7,0,74,,1.125694444,,,,,,,,-26.8
4460,8.23,8.11,99.1,815.6,803.7,0,73,,1.132777778,,,,,,,,-11.9
4461,8.2,8.11,99.1,812.6,803.7,0,71,,1.128611111,,,,,,,,-8.9
4462,8.16,8.14,99.1,808.7,806.7,0,70,,1.123194444,,,,,,,,-2
4463,8.12,8.16,99.1,804.7,808.7,0,69,,1.117638889,,,,,,,,4
4464,7.98,8.29,99.1,790.8,821.5,0,68,,1.098333333,,,,,,,,30.7
4465,7.86,8.37,99,778.1,828.6,0,69,,1.080694444,,,,,,,,50.5
4466,7.84,8.4,99,776.2,831.6,0,71,,1.078055556,,,,,,,,55.4
4467,7.72,8.46,99,764.3,837.5,0,73,,1.061527778,,,,,,,,73.2
4468,7.58,5.63,99.4,753.5,559.6,0,77,,1.046527778,,,,,,,,-193.9
4469,7.41,2,100,741,200,0,79,,1.029166667,,,,,,,,-541
4470,7.23,-0.28,100.4,725.9,-28.1,0,81,,1.008194444,,,,,,,,-754
4471,7.11,-1.87,100.6,715.3,-188.1,0,82,,0.993472222,,,,,,,,-903.4
4472,6.98,-2.65,100.8,703.6,-267.1,0,82,,0.977222222,,,,,,,,-970.7
4473,7.03,-2.15,100.7,707.9,-216.5,0,82,,0.983194444,,,,,,,,-924.4
4474,7.19,0.2,100.4,721.9,20.1,0,80,,1.002638889,,,,,,,,-701.8
4475,7.23,2.09,100.1,723.7,209.2,0,79,,1.005138889,,,,,,,,-514.5
4476,7.23,2.94,100,723,294,0,79,,1.004166667,,,,,,,,-429
4477,7.2,4.07,99.8,718.6,406.2,0,78,,0.998055556,,,,,,,,-312.4
4478,7.41,4.24,99.8,739.5,423.2,0,78,,1.027083333,,,,,,,,-316.3
4479,7.48,6.65,99.4,743.5,661,0,76,,1.032638889,,,,,,,,-82.5
4480,7.53,7.24,99.2,747,718.2,0,75,,1.0375,,,,,,,,-28.8
4481,7.42,5.89,99.5,738.3,586.1,0,74,,1.025416667,,,,,,,,-152.2
4482,7.33,0.84,100.2,734.5,84.2,0,73,,1.020138889,,,,,,,,-650.3
4483,7.3,2.29,100,730,229,0,73,,1.013888889,,,,,,,,-501
4484,7.29,1.96,100.1,729.7,196.2,0,72,,1.013472222,,,,,,,,-533.5
4485,7.48,2.8,100,748,280,0,71,,1.038888889,,,,,,,,-468
4486,7.71,3.28,99.8,769.5,327.3,0,70,,1.06875,,,,,,,,-442.2
4487,7.85,4.47,99.7,782.6,445.7,0,70,,1.086944444,,,,,,,,-336.9
4488,7.98,5.34,99.5,794,531.3,0,70,,1.102777778,,,,,,,,-262.7
4489,7.99,6.26,99.4,794.2,622.2,0,70,,1.103055556,,,,,,,,-172
4490,7.95,6.82,99.2,788.6,676.5,0,70,,1.095277778,,,,,,,,-112.1
4491,7.82,6.44,99.3,776.5,639.5,0,71,,1.078472222,,,,,,,,-137
4492,7.62,6.62,99.3,756.7,657.4,0,72,,1.050972222,,,,,,,,-99.3
4493,7.5,6.72,99.3,744.8,667.3,0,72,,1.034444444,,,,,,,,-77.5
4494,7.34,6.98,99.2,728.1,692.4,0,74,,1.01125,,,,,,,,-35.7
4495,7.64,6.17,99.3,758.7,612.7,0,75,,1.05375,,,,,,,,-146
4496,7.77,5.48,99.4,772.3,544.7,0,76,,1.072638889,,,,,,,,-227.6
4497,7.71,4.45,99.5,767.1,442.8,0,77,,1.065416667,,,,,,,,-324.3
4498,7.6,3.28,99.7,757.7,327,0,78,,1.052361111,,,,,,,,-430.7
4499,7.62,2.36,99.9,761.2,235.8,0,79,,1.057222222,,,,,,,,-525.4
4500,7.65,1.83,100,765,183,0,79,,1.0625,,,,,,,,-582
4501,7.83,1.63,100.1,783.8,163.2,0,79,,1.088611111,,,,,,,,-620.6
4502,7.95,1.61,100.1,795.8,161.2,0,79,,1.105277778,,,,,,,,-634.6
4503,7.97,1.34,100.1,797.8,134.1,0,79,,1.108055556,,,,,,,,-663.7
4504,6.92,1.1,100.2,693.4,110.2,0,80,,0.963055556,,,,,,,,-583.2
4505,8.05,1.08,100.2,806.6,108.2,0,80,,1.120277778,,,,,,,,-698.4
4506,8.02,1.62,100.1,802.8,162.2,0,79,,1.115,,,,,,,,-640.6
4507,8,3.28,99.8,798.4,327.3,0,78,,1.108888889,,,,,,,,-471.1
4508,8.03,3.8,99.8,801.4,379.2,0,78,,1.113055556,,,,,,,,-422.2
4509,7.98,5.13,99.6,794.8,510.9,0,76,,1.103888889,,,,,,,,-283.9
4510,7.93,5.62,99.4,788.2,558.6,0,76,,1.094722222,,,,,,,,-229.6
4511,7.86,5.68,99.4,781.3,564.6,0,75,,1.085138889,,,,,,,,-216.7
4512,7.96,5.64,99.4,791.2,560.6,0,76,,1.098888889,,,,,,,,-230.6
4513,7.85,5.18,99.5,781.1,515.4,0,77,,1.084861111,,,,,,,,-265.7
4514,7.92,4.95,99.5,788,492.5,0,77,,1.094444444,,,,,,,,-295.5
4515,7.8,5.26,99.5,776.1,523.4,0,76,,1.077916667,,,,,,,,-252.7
4516,7.8,6.1,99.3,774.5,605.7,0,75,,1.075694444,,,,,,,,-168.8
4517,7.78,6.52,99.2,771.8,646.8,0,74,,1.071944444,,,,,,,,-125
4518,7.61,6.69,99.2,754.9,663.6,0,74,,1.048472222,,,,,,,,-91.3
4519,6.89,7.31,99.1,682.8,724.4,0,73,,0.948333333,,,,,,,,41.6
4520,7.5,6.77,99.2,744,671.6,0,73,,1.033333333,,,,,,,,-72.4
4521,7.22,6.97,99.2,716.2,691.4,0,72,,0.994722222,,,,,,,,-24.8
4522,6.8,7.3,99.1,673.9,723.4,0,72,,0.935972222,,,,,,,,49.5
4523,8.36,5.97,99.3,830.1,592.8,0,73,,1.152916667,,,,,,,,-237.3
4524,8.25,6,99.3,819.2,595.8,0,73,,1.137777778,,,,,,,,-223.4
4525,8.55,6.34,99.2,848.2,628.9,0,75,,1.178055556,,,,,,,,-219.3
4526,8.51,6.13,99.2,844.2,608.1,0,75,,1.1725,,,,,,,,-236.1
4527,8.68,5.81,99.3,861.9,576.9,0,75,,1.197083333,,,,,,,,-285
4528,8.62,5.71,99.3,856,567,0,75,,1.188888889,,,,,,,,-289
4529,8.61,5.72,99.3,855,568,0,76,,1.1875,,,,,,,,-287
4530,8.57,5.29,99.4,851.9,525.8,0,76,,1.183194444,,,,,,,,-326.1
4531,8.69,4.56,99.5,864.7,453.7,0,77,,1.200972222,,,,,,,,-411
4532,8.61,3.82,99.6,857.6,380.5,0,78,,1.191111111,,,,,,,,-477.1
4533,8.62,3.44,99.6,858.6,342.6,0,78,,1.1925,,,,,,,,-516
4534,8.6,4.76,99.4,854.8,473.1,0,77,,1.187222222,,,,,,,,-381.7
4535,8.24,6,99.3,818.2,595.8,0,75,,1.136388889,,,,,,,,-222.4
4536,8.3,6.12,99.2,823.4,607.1,0,75,,1.143611111,,,,,,,,-216.3
4537,8.25,5.81,99.3,819.2,576.9,0,76,,1.137777778,,,,,,,,-242.3
4538,8.32,4.22,99.5,827.8,419.9,0,77,,1.149722222,,,,,,,,-407.9
4539,8.44,3.93,99.5,839.8,391,0,77,,1.166388889,,,,,,,,-448.8
4540,8.55,3.47,99.7,852.4,346,0,78,,1.183888889,,,,,,,,-506.4
4541,8.56,3.57,99.6,852.6,355.6,0,78,,1.184166667,,,,,,,,-497
4542,8.42,3.42,99.7,839.5,341,0,78,,1.165972222,,,,,,,,-498.5
4543,8.41,4.3,99.5,836.8,427.9,0,77,,1.162222222,,,,,,,,-408.9
4544,8.5,4.76,99.5,845.8,473.6,0,77,,1.174722222,,,,,,,,-372.2
4545,8.53,4.89,99.4,847.9,486.1,0,77,,1.177638889,,,,,,,,-361.8
4546,8.57,4.86,99.4,851.9,483.1,0,77,,1.183194444,,,,,,,,-368.8
4547,8.49,4.49,99.5,844.8,446.8,0,77,,1.173333333,,,,,,,,-398
4548,8.35,4.83,99.4,830,480.1,0,77,,1.152777778,,,,,,,,-349.9
4549,8.35,4.03,99.6,831.7,401.4,0,77,,1.155138889,,,,,,,,-430.3
4550,8.23,2.89,99.8,821.4,288.4,0,78,,1.140833333,,,,,,,,-533
4551,8.13,1.82,99.9,812.2,181.8,0,79,,1.128055556,,,,,,,,-630.4
4552,8.04,1.95,99.9,803.2,194.8,0,79,,1.115555556,,,,,,,,-608.4
4553,7.99,1.39,100,799,139,0,79,,1.109722222,,,,,,,,-660
4554,7.88,0.62,100.1,788.8,62.1,0,80,,1.095555556,,,,,,,,-726.7
4555,7.89,0.53,100.1,789.8,53.1,0,80,,1.096944444,,,,,,,,-736.7
4556,8.01,0.72,100.1,801.8,72.1,0,80,,1.113611111,,,,,,,,-729.7
4557,7.96,0.88,100.1,796.8,88.1,0,79,,1.106666667,,,,,,,,-708.7
4558,7.96,0.81,100.1,796.8,81.1,0,80,,1.106666667,,,,,,,,-715.7
4559,7.98,0.37,100.2,799.6,37.1,0,80,,1.110555556,,,,,,,,-762.5
4560,7.89,0.31,100.2,790.6,31.1,0,80,,1.098055556,,,,,,,,-759.5
4561,7.71,-0.81,100.3,773.3,-81.2,0,81,,1.074027778,,,,,,,,-854.5
4562,7.72,-1.08,100.4,775.1,-108.4,0,81,,1.076527778,,,,,,,,-883.5
4563,7.64,-0.2,100.3,766.3,-20.1,0,80,,1.064305556,,,,,,,,-786.4
4564,7.4,0.48,100.2,741.5,48.1,0,80,,1.029861111,,,,,,,,-693.4
4565,7.22,0.54,100.2,723.4,54.1,0,80,,1.004722222,,,,,,,,-669.3
4566,7.06,0.83,100.2,707.4,83.2,0,80,,0.9825,,,,,,,,-624.2
4567,6.84,0.82,100.2,685.4,82.2,0,80,,0.951944444,,,,,,,,-603.2
4568,6.69,1.15,100.1,669.7,115.1,0,80,,0.930138889,,,,,,,,-554.6
4569,6.59,2.24,99.9,658.3,223.8,0,79,,0.914305556,,,,,,,,-434.5
4570,6.44,2.69,99.8,642.7,268.5,0,79,,0.892638889,,,,,,,,-374.2
4571,6.4,2.03,100,640,203,0,79,,0.888888889,,,,,,,,-437
4572,6.32,1.68,100,632,168,0,80,,0.877777778,,,,,,,,-464
4573,6.31,0.85,100.1,631.6,85.1,0,80,,0.877222222,,,,,,,,-546.5
4574,6.44,1.39,100,644,139,0,80,,0.894444444,,,,,,,,-505
4575,6.63,2.22,99.9,662.3,221.8,0,79,,0.919861111,,,,,,,,-440.5
4576,6.82,2.75,99.9,681.3,274.7,0,79,,0.94625,,,,,,,,-406.6
4577,7.02,2.79,99.8,700.6,278.4,0,79,,0.973055556,,,,,,,,-422.2
4578,7.25,3.21,99.7,722.8,320,0,78,,1.003888889,,,,,,,,-402.8
4579,7.37,2.67,99.8,735.5,266.5,0,78,,1.021527778,,,,,,,,-469
4580,7.44,3.22,99.7,741.8,321,0,78,,1.030277778,,,,,,,,-420.8
4581,7.51,2.67,99.8,749.5,266.5,0,78,,1.040972222,,,,,,,,-483
4582,7.62,3.08,99.8,760.5,307.4,0,78,,1.05625,,,,,,,,-453.1
4583,7.68,2.46,99.8,766.5,245.5,0,79,,1.064583333,,,,,,,,-521
4584,7.76,1.78,99.9,775.2,177.8,0,79,,1.076666667,,,,,,,,-597.4
4585,7.86,3.08,99.8,784.4,307.4,0,78,,1.089444444,,,,,,,,-477
4586,7.9,4.15,99.5,786.1,412.9,0,77,,1.091805556,,,,,,,,-373.2
4587,7.94,4.46,99.6,790.8,444.2,0,77,,1.098333333,,,,,,,,-346.6
4588,7.98,5.03,99.4,793.2,500,0,77,,1.101666667,,,,,,,,-293.2
4589,8.03,4.57,99.5,799,454.7,0,77,,1.109722222,,,,,,,,-344.3
4590,8.12,4.68,99.4,807.1,465.2,0,77,,1.120972222,,,,,,,,-341.9
4591,8.16,4.27,99.5,811.9,424.9,0,77,,1.127638889,,,,,,,,-387
4592,8.13,3.95,99.6,809.7,393.4,0,77,,1.124583333,,,,,,,,-416.3
4593,8.14,3.95,99.6,810.7,393.4,0,77,,1.125972222,,,,,,,,-417.3
4594,8.17,3.13,99.7,814.5,312.1,0,78,,1.13125,,,,,,,,-502.4
4595,8.2,2.87,99.7,817.5,286.1,0,78,,1.135416667,,,,,,,,-531.4
4596,8.27,3.77,99.5,822.9,375.1,0,77,,1.142916667,,,,,,,,-447.8
4597,8.27,4.8,99.4,822,477.1,0,77,,1.141666667,,,,,,,,-344.9
4598,8.29,4.49,99.5,824.9,446.8,0,77,,1.145694444,,,,,,,,-378.1
4599,8.17,3.9,99.5,812.9,388.1,0,77,,1.129027778,,,,,,,,-424.8
4600,8.15,2.02,99.8,813.4,201.6,0,79,,1.129722222,,,,,,,,-611.8
4601,8.17,1.73,99.9,816.2,172.8,0,79,,1.133611111,,,,,,,,-643.4
4602,8.23,2.26,99.8,821.4,225.5,0,78,,1.140833333,,,,,,,,-595.9
4603,8.23,2.17,99.8,821.4,216.6,0,79,,1.140833333,,,,,,,,-604.8
4604,8.27,2.36,99.8,825.3,235.5,0,78,,1.14625,,,,,,,,-589.8
4605,8.25,3.41,99.6,821.7,339.6,0,77,,1.14125,,,,,,,,-482.1
4606,8.36,4.53,99.5,831.8,450.7,0,77,,1.155277778,,,,,,,,-381.1
4607,8.35,5.35,99.3,829.2,531.3,0,76,,1.151666667,,,,,,,,-297.9
4608,8.32,4.84,99.4,827,481.1,0,77,,1.148611111,,,,,,,,-345.9
4609,8.34,4.57,99.4,829,454.3,0,77,,1.151388889,,,,,,,,-374.7
4610,8.36,4.41,99.5,831.8,438.8,0,77,,1.155277778,,,,,,,,-393
4611,8.31,4.93,99.4,826,490,0,77,,1.147222222,,,,,,,,-336
4612,8.28,5.53,99.3,822.2,549.1,0,76,,1.141944444,,,,,,,,-273.1
4613,8.32,5.77,99.2,825.3,572.4,0,75,,1.14625,,,,,,,,-252.9
4614,8.28,6.56,99.1,820.5,650.1,0,74,,1.139583333,,,,,,,,-170.4
4615,8.26,6.66,99,817.7,659.3,0,74,,1.135694444,,,,,,,,-158.4
4616,8.22,6.92,99,813.8,685.1,0,73,,1.130277778,,,,,,,,-128.7
4617,8.29,6.91,99,820.7,684.1,0,73,,1.139861111,,,,,,,,-136.6
4618,8.22,7.26,98.9,813,718,0,73,,1.129166667,,,,,,,,-95
4619,7.99,7.06,98.9,790.2,698.2,0,74,,1.0975,,,,,,,,-92
4620,7.96,6.97,98.9,787.2,689.3,0,74,,1.093333333,,,,,,,,-97.9
4621,8,7.19,98.9,791.2,711.1,0,74,,1.098888889,,,,,,,,-80.1
4622,7.95,7.18,98.9,786.3,710.1,0,73,,1.092083333,,,,,,,,-76.2
4623,8.03,7.12,98.9,794.2,704.2,0,74,,1.103055556,,,,,,,,-90
4624,8.23,6.7,99,814.8,663.3,0,74,,1.131666667,,,,,,,,-151.5
4625,8.15,5.91,99.1,807.7,585.7,0,76,,1.121805556,,,,,,,,-222
4626,8.26,4.7,99.2,819.4,466.2,0,77,,1.138055556,,,,,,,,-353.2
4627,8.31,3.67,99.5,826.8,365.2,0,77,,1.148333333,,,,,,,,-461.6
4628,8.25,1.46,99.8,823.4,145.7,0,79,,1.143611111,,,,,,,,-677.7
4629,8.21,-0.77,100.1,821.8,-77.1,0,80,,1.141388889,,,,,,,,-898.9
4630,8.29,-1.01,100.2,830.7,-101.2,0,80,,1.15375,,,,,,,,-931.9
4631,8.43,1.46,99.9,842.2,145.9,0,79,,1.169722222,,,,,,,,-696.3
4632,8.48,2.42,99.7,845.5,241.3,0,78,,1.174305556,,,,,,,,-604.2
4633,8.52,3.52,99.5,847.7,350.2,0,77,,1.177361111,,,,,,,,-497.5
4634,8.54,3.86,99.4,848.9,383.7,0,77,,1.179027778,,,,,,,,-465.2
4635,8.72,5.97,99.2,865,592.2,0,76,,1.201388889,,,,,,,,-272.8
4636,8.62,6.37,99.1,854.2,631.3,0,75,,1.186388889,,,,,,,,-222.9
4637,8.54,5.46,99.2,847.2,541.6,0,76,,1.176666667,,,,,,,,-305.6
4638,8.47,4.65,99.3,841.1,461.7,0,77,,1.168194444,,,,,,,,-379.4
4639,8.53,4.09,99.4,847.9,406.5,0,77,,1.177638889,,,,,,,,-441.4
4640,8.48,4.18,99.4,842.9,415.5,0,77,,1.170694444,,,,,,,,-427.4
4641,8.41,3.48,99.4,836,345.9,0,78,,1.161111111,,,,,,,,-490.1
4642,8.41,1.89,99.7,838.5,188.4,0,78,,1.164583333,,,,,,,,-650.1
4643,8.39,2.3,99.7,836.5,229.3,0,78,,1.161805556,,,,,,,,-607.2
4644,8.1,-7.25,101.2,819.7,-733.7,0,71,,1.138472222,,,,,,,,-1553.4
4645,8.32,-0.56,100.3,834.5,-56.2,0,69,,1.159027778,,,,,,,,-890.7
4646,8.49,3.14,99.7,846.5,313.1,0,69,,1.175694444,,,,,,,,-533.4
4647,8.62,3.94,99.5,857.7,392,0,68,,1.19125,,,,,,,,-465.7
4648,8.61,3.92,99.5,856.7,390,0,66,,1.189861111,,,,,,,,-466.7
4649,8.48,4.04,99.5,843.8,402,0,65,,1.171944444,,,,,,,,-441.8
4650,8.4,3.14,99.6,836.6,312.7,0,66,,1.161944444,,,,,,,,-523.9
4651,8.34,2.07,99.8,832.3,206.6,0,67,,1.155972222,,,,,,,,-625.7
4652,8.24,-0.81,100.3,826.5,-81.2,0,67,,1.147916667,,,,,,,,-907.7
4653,8.14,-4.54,100.8,820.5,-457.6,0,67,,1.139583333,,,,,,,,-1278.1
4654,8.16,-1.73,100.4,819.3,-173.7,0,66,,1.137916667,,,,,,,,-993
4655,8.06,-4.5,100.8,812.4,-453.6,0,66,,1.128333333,,,,,,,,-1266
4656,8.02,-4.47,100.8,808.4,-450.6,0,66,,1.122777778,,,,,,,,-1259
4657,7.97,-4.71,100.9,804.2,-475.2,0,66,,1.116944444,,,,,,,,-1279.4
4658,7.96,-5.04,100.9,803.2,-508.5,0,67,,1.115555556,,,,,,,,-1311.7
4659,7.92,-7.1,101.2,801.5,-718.5,0,66,,1.113194444,,,,,,,,-1520
4660,7.95,-7.06,101.2,804.5,-714.5,0,64,,1.117361111,,,,,,,,-1519
4661,7.99,-7.15,101.2,808.6,-723.6,0,60,,1.123055556,,,,,,,,-1532.2
4662,8.01,-7.18,101.3,811.4,-727.3,0,56,,1.126944444,,,,,,,,-1538.7
4663,8.18,1.33,100.1,818.8,133.1,0,56,,1.137222222,,,,,,,,-685.7
4664,8.16,1.4,100.1,816.8,140.1,0,56,,1.134444444,,,,,,,,-676.7
4665,8.27,3.3,99.7,824.5,329,0,57,,1.145138889,,,,,,,,-495.5
4666,8.25,3.24,99.8,823.4,323.4,0,58,,1.143611111,,,,,,,,-500
4667,8.34,5.12,99.4,829,508.9,0,58,,1.151388889,,,,,,,,-320.1
4668,8.37,5.07,99.4,832,504,0,58,,1.155555556,,,,,,,,-328
4669,8.32,5.12,99.3,826.2,508.4,0,58,,1.1475,,,,,,,,-317.8
4670,8.26,5.17,99.3,820.2,513.4,0,59,,1.139166667,,,,,,,,-306.8
4671,8.21,5.2,99.3,815.3,516.4,0,61,,1.132361111,,,,,,,,-298.9
4672,8.22,5.17,99.3,816.2,513.4,0,64,,1.133611111,,,,,,,,-302.8
4673,8.27,6.14,99.1,819.6,608.5,0,67,,1.138333333,,,,,,,,-211.1
4674,8.28,6.12,99.2,821.4,607.1,0,69,,1.140833333,,,,,,,,-214.3
4675,8.27,6.11,99.2,820.4,606.1,0,71,,1.139444444,,,,,,,,-214.3
4676,8.33,6.85,99,824.7,678.2,0,73,,1.145416667,,,,,,,,-146.5
4677,8.29,6.61,99,820.7,654.4,0,74,,1.139861111,,,,,,,,-166.3
4678,8.27,5.67,99.1,819.6,561.9,0,76,,1.138333333,,,,,,,,-257.7
4679,8.25,4.43,99.3,819.2,439.9,0,77,,1.137777778,,,,,,,,-379.3
4680,8.2,3.43,99.5,815.9,341.3,0,78,,1.133194444,,,,,,,,-474.6
4681,8.09,2.72,99.6,805.8,270.9,0,78,,1.119166667,,,,,,,,-534.9
4682,8.22,3.15,99.5,817.9,313.4,0,78,,1.135972222,,,,,,,,-504.5
4683,7.93,4.14,99.4,788.2,411.5,0,77,,1.094722222,,,,,,,,-376.7
4684,7.8,4.74,99.3,774.5,470.7,0,77,,1.075694444,,,,,,,,-303.8
4685,7.57,4.98,99.2,750.9,494,0,77,,1.042916667,,,,,,,,-256.9
4686,7.76,5.36,99.2,769.8,531.7,0,77,,1.069166667,,,,,,,,-238.1
4687,7.78,5.31,99.2,771.8,526.8,0,77,,1.071944444,,,,,,,,-245
4688,7.63,5.18,99.2,756.9,513.9,0,77,,1.05125,,,,,,,,-243
4689,7.96,4.56,99.2,789.6,452.4,0,77,,1.096666667,,,,,,,,-337.2
4690,8.01,4.13,99.3,795.4,410.1,0,77,,1.104722222,,,,,,,,-385.3
4691,8.03,4.6,99.3,797.4,456.8,0,77,,1.1075,,,,,,,,-340.6
4692,8.06,4.04,99.3,800.4,401.2,0,77,,1.111666667,,,,,,,,-399.2
4693,8.12,3.22,99.5,807.9,320.4,0,78,,1.122083333,,,,,,,,-487.5
4694,8.16,2.07,99.7,813.6,206.4,0,78,,1.13,,,,,,,,-607.2
4695,8.24,0.93,99.8,822.4,92.8,0,79,,1.142222222,,,,,,,,-729.6
4696,8.32,0.98,99.9,831.2,97.9,0,79,,1.154444444,,,,,,,,-733.3
4697,8.3,0.97,99.9,829.2,96.9,0,79,,1.151666667,,,,,,,,-732.3
4698,7.87,1.71,99.8,785.4,170.7,0,79,,1.090833333,,,,,,,,-614.7
4699,7.97,1.43,99.8,795.4,142.7,0,79,,1.104722222,,,,,,,,-652.7
4700,8.31,1.24,99.9,830.2,123.9,0,79,,1.153055556,,,,,,,,-706.3
4701,8.38,0.59,100,838,59,0,79,,1.163888889,,,,,,,,-779
4702,7.89,0.83,99.9,788.2,82.9,0,79,,1.094722222,,,,,,,,-705.3
4703,7.31,1.77,99.8,729.5,176.6,0,79,,1.013194444,,,,,,,,-552.9
4704,7.15,2.69,99.6,712.1,267.9,0,79,,0.989027778,,,,,,,,-444.2
4705,7.7,2.24,99.7,767.7,223.3,0,79,,1.06625,,,,,,,,-544.4
4706,7.81,1.77,99.7,778.7,176.5,0,79,,1.081527778,,,,,,,,-602.2
4707,7.9,1.58,99.8,788.4,157.7,0,79,,1.095,,,,,,,,-630.7
4708,7.87,2,99.7,784.6,199.4,0,79,,1.089722222,,,,,,,,-585.2
4709,7.91,2.03,99.7,788.6,202.4,0,79,,1.095277778,,,,,,,,-586.2
4710,8.09,1.93,99.7,806.6,192.4,0,78,,1.120277778,,,,,,,,-614.2
4711,8.16,2.61,99.6,812.7,260,0,78,,1.12875,,,,,,,,-552.7
4712,8.29,2.18,99.7,826.5,217.3,0,78,,1.147916667,,,,,,,,-609.2
4713,8.4,2.51,99.6,836.6,250,0,78,,1.161944444,,,,,,,,-586.6
4714,8.46,1.93,99.7,843.5,192.4,0,78,,1.171527778,,,,,,,,-651.1
4715,8.48,2.56,99.6,844.6,255,0,78,,1.173055556,,,,,,,,-589.6
4716,8.52,2.67,99.6,848.6,265.9,0,78,,1.178611111,,,,,,,,-582.7
4717,8.45,2.87,99.6,841.6,285.9,0,78,,1.168888889,,,,,,,,-555.7
4718,8.54,3.44,99.5,849.7,342.3,0,77,,1.180138889,,,,,,,,-507.4
4719,8.42,2.35,99.6,838.6,234.1,0,78,,1.164722222,,,,,,,,-604.5
4720,8.23,-1.4,100.2,824.6,-140.3,0,79,,1.145277778,,,,,,,,-964.9
4721,6.57,-14.76,102.1,670.8,-1507,0,72,,0.931666667,,,,,,,,-2177.8
4722,8.11,-7.26,101.2,820.7,-734.7,0,70,,1.139861111,,,,,,,,-1555.4
4723,8.14,-7.3,101.2,823.8,-738.8,0,68,,1.144166667,,,,,,,,-1562.6
4724,8.41,0.4,100.1,841.8,40,0,67,,1.169166667,,,,,,,,-801.8
4725,8.48,3.13,99.7,845.5,312.1,0,68,,1.174305556,,,,,,,,-533.4
4726,8.48,4.12,99.5,843.8,409.9,0,69,,1.171944444,,,,,,,,-433.9
4727,8.44,5.06,99.3,838.1,502.5,0,71,,1.164027778,,,,,,,,-335.6
4728,8.44,5.03,99.3,838.1,499.5,0,73,,1.164027778,,,,,,,,-338.6
4729,8.38,5.25,99.3,832.1,521.3,0,74,,1.155694444,,,,,,,,-310.8
4730,8.4,4.93,99.2,833.3,489.1,0,75,,1.157361111,,,,,,,,-344.2
4731,8.42,4.64,99.3,836.1,460.8,0,75,,1.16125,,,,,,,,-375.3
4732,8.42,4.47,99.3,836.1,443.9,0,76,,1.16125,,,,,,,,-392.2
4733,8.33,3.87,99.4,828,384.7,0,77,,1.15,,,,,,,,-443.3
4734,8.4,3.86,99.4,835,383.7,0,77,,1.159722222,,,,,,,,-451.3
4735,8.4,3.91,99.4,835,388.7,0,77,,1.159722222,,,,,,,,-446.3
4736,8.44,4.15,99.3,838.1,412.1,0,76,,1.164027778,,,,,,,,-426
4737,8.39,4.26,99.3,833.1,423,0,76,,1.157083333,,,,,,,,-410.1
4738,8.35,4.38,99.3,829.2,434.9,0,76,,1.151666667,,,,,,,,-394.3
4739,5.06,-26.6,103.7,524.7,-2758.4,0,71,,0.72875,,,,,,,,-3283.1
4740,8.03,-7.19,101,811,-726.2,0,66,,1.126388889,,,,,,,,-1537.2
4741,8.12,-2.45,100.5,816.1,-246.2,0,64,,1.133472222,,,,,,,,-1062.3
4742,8.14,0.6,100,814,60,0,64,,1.130555556,,,,,,,,-754
4743,8.3,2.26,99.8,828.3,225.5,0,65,,1.150416667,,,,,,,,-602.8
4744,8.41,4.1,99.5,836.8,408,0,66,,1.162222222,,,,,,,,-428.8
4745,8.5,4.06,99.5,845.8,404,0,66,,1.174722222,,,,,,,,-441.8
4746,8.51,4,99.5,846.7,398,0,66,,1.175972222,,,,,,,,-448.7
4747,8.44,4.07,99.5,839.8,405,0,66,,1.166388889,,,,,,,,-434.8
4748,8.45,4.09,99.4,839.9,406.5,0,67,,1.166527778,,,,,,,,-433.4
4749,8.43,4.1,99.3,837.1,407.1,0,68,,1.162638889,,,,,,,,-430
4750,8.47,5.03,99.2,840.2,499,0,69,,1.166944444,,,,,,,,-341.2
4751,8.49,5.01,99.2,842.2,497,0,70,,1.169722222,,,,,,,,-345.2
4752,8.55,5.03,99.2,848.2,499,0,70,,1.178055556,,,,,,,,-349.2
4753,8.53,4.91,99.2,846.2,487.1,0,70,,1.175277778,,,,,,,,-359.1
4754,8.55,5.97,99,846.5,591,0,70,,1.175694444,,,,,,,,-255.5
4755,8.54,5.91,99,845.5,585.1,0,71,,1.174305556,,,,,,,,-260.4
4756,8.44,5.98,99,835.6,592,0,71,,1.160555556,,,,,,,,-243.6
4757,8.43,6.07,98.9,833.7,600.3,0,72,,1.157916667,,,,,,,,-233.4
4758,8.35,6.22,99,826.7,615.8,0,73,,1.148194444,,,,,,,,-210.9
4759,8.39,5.44,99.1,831.4,539.1,0,75,,1.154722222,,,,,,,,-292.3
4760,8.33,4.12,99.3,827.2,409.1,0,77,,1.148888889,,,,,,,,-418.1
4761,8.34,3.58,99.3,828.2,355.5,0,77,,1.150277778,,,,,,,,-472.7
4762,8.24,2.65,99.5,819.9,263.7,0,78,,1.13875,,,,,,,,-556.2
4763,8.14,1.14,99.7,811.6,113.7,0,79,,1.127222222,,,,,,,,-697.9
4764,8.1,-0.59,100,810,-59,0,80,,1.125,,,,,,,,-869
4765,8.06,-1.34,100.1,806.8,-134.1,0,81,,1.120555556,,,,,,,,-940.9
4766,8.12,-0.63,100,812,-63,0,80,,1.127777778,,,,,,,,-875
4767,8.22,0.63,99.9,821.2,62.9,0,79,,1.140555556,,,,,,,,-758.3
4768,8.33,2.36,99.6,829.7,235.1,0,78,,1.152361111,,,,,,,,-594.6
4769,8.46,4.67,99.2,839.2,463.3,0,77,,1.165555556,,,,,,,,-375.9
4770,8.51,5.86,99.1,843.3,580.7,0,76,,1.17125,,,,,,,,-262.6
4771,8.5,6.16,99,841.5,609.8,0,75,,1.16875,,,,,,,,-231.7
4772,8.44,5.96,99,835.6,590,0,76,,1.160555556,,,,,,,,-245.6
4773,8.41,4.74,99.1,833.4,469.7,0,77,,1.1575,,,,,,,,-363.7
4774,8.29,2.88,99.4,824,286.3,0,78,,1.144444444,,,,,,,,-537.7
4775,8.23,1.62,99.7,820.5,161.5,0,79,,1.139583333,,,,,,,,-659
4776,8.14,0.65,99.8,812.4,64.9,0,79,,1.128333333,,,,,,,,-747.5
4777,8.06,-0.19,99.9,805.2,-19,0,80,,1.118333333,,,,,,,,-824.2
4778,7.96,-1.47,100.2,797.6,-147.3,0,81,,1.107777778,,,,,,,,-944.9
4779,8.12,-1.19,100.1,812.8,-119.1,0,80,,1.128888889,,,,,,,,-931.9
4780,8.22,0.6,99.9,821.2,59.9,0,79,,1.140555556,,,,,,,,-761.3
4781,8.32,2.51,99.6,828.7,250,0,78,,1.150972222,,,,,,,,-578.7
4782,8.31,2.4,99.6,827.7,239,0,78,,1.149583333,,,,,,,,-588.7
4783,8.28,2.72,99.5,823.9,270.6,0,78,,1.144305556,,,,,,,,-553.3
4784,8.22,2.21,99.6,818.7,220.1,0,78,,1.137083333,,,,,,,,-598.6
4785,8.12,1.17,99.7,809.6,116.6,0,79,,1.124444444,,,,,,,,-693
4786,8.05,-0.35,100,805,-35,0,80,,1.118055556,,,,,,,,-840
4787,8.08,-0.18,100,808,-18,0,80,,1.122222222,,,,,,,,-826
4788,8.11,1.28,99.8,809.4,127.7,0,79,,1.124166667,,,,,,,,-681.7
4789,8.15,1.9,99.7,812.6,189.4,0,79,,1.128611111,,,,,,,,-623.2
4790,8.15,1.91,99.7,812.6,190.4,0,78,,1.128611111,,,,,,,,-622.2
4791,8.11,1.57,99.8,809.4,156.7,0,79,,1.124166667,,,,,,,,-652.7
4792,8.11,2.32,99.6,807.8,231.1,0,78,,1.121944444,,,,,,,,-576.7
4793,8.03,2.16,99.6,799.8,215.1,0,78,,1.110833333,,,,,,,,-584.7
4794,7.96,1.32,99.8,794.4,131.7,0,79,,1.103333333,,,,,,,,-662.7
4795,7.9,0.23,99.9,789.2,23,0,80,,1.096111111,,,,,,,,-766.2
4796,7.91,-0.28,100,791,-28,0,80,,1.098611111,,,,,,,,-819
4797,8,0.46,99.9,799.2,46,0,79,,1.11,,,,,,,,-753.2
4798,8.03,1.21,99.8,801.4,120.8,0,79,,1.113055556,,,,,,,,-680.6
4799,8.04,1.43,99.8,802.4,142.7,0,79,,1.114444444,,,,,,,,-659.7
4800,8.05,1.57,99.7,802.6,156.5,0,79,,1.114722222,,,,,,,,-646.1
4801,8.19,1.73,99.7,816.5,172.5,0,79,,1.134027778,,,,,,,,-644
4802,8.15,2.34,99.6,811.7,233.1,0,78,,1.127361111,,,,,,,,-578.6
4803,8.22,1.43,99.7,819.5,142.6,0,79,,1.138194444,,,,,,,,-676.9
4804,8.13,1.06,99.8,811.4,105.8,0,79,,1.126944444,,,,,,,,-705.6
4805,8.13,1.5,99.7,810.6,149.6,0,79,,1.125833333,,,,,,,,-661
4806,8.07,1.88,99.6,803.8,187.2,0,78,,1.116388889,,,,,,,,-616.6
4807,8.2,3.55,99.4,815.1,352.9,0,77,,1.132083333,,,,,,,,-462.2
4808,8.24,3.92,99.3,818.2,389.3,0,77,,1.136388889,,,,,,,,-428.9
4809,8.21,3.69,99.4,816.1,366.8,0,77,,1.133472222,,,,,,,,-449.3
4810,8.24,3.26,99.4,819.1,324,0,78,,1.137638889,,,,,,,,-495.1
4811,8.18,2.77,99.5,813.9,275.6,0,78,,1.130416667,,,,,,,,-538.3
4812,8.07,2.8,99.5,803,278.6,0,78,,1.115277778,,,,,,,,-524.4
4813,7.91,3.06,99.4,786.3,304.2,0,78,,1.092083333,,,,,,,,-482.1
4814,7.78,2.91,99.4,773.3,289.3,0,78,,1.074027778,,,,,,,,-484
4815,7.77,2.28,99.5,773.1,226.9,0,78,,1.07375,,,,,,,,-546.2
4816,7.8,2.95,99.4,775.3,293.2,0,78,,1.076805556,,,,,,,,-482.1
4817,7.77,2.73,99.5,773.1,271.6,0,78,,1.07375,,,,,,,,-501.5
4818,7.73,3,99.4,768.4,298.2,0,78,,1.067222222,,,,,,,,-470.2
4819,7.72,3.53,99.4,767.4,350.9,0,78,,1.065833333,,,,,,,,-416.5
4820,7.62,3.56,99.3,756.7,353.5,0,78,,1.050972222,,,,,,,,-403.2
4821,7.54,3.81,99.2,748,378,0,77,,1.038888889,,,,,,,,-370
4822,7.63,3.77,99.3,757.7,374.4,0,77,,1.052361111,,,,,,,,-383.3
4823,7.67,3.47,99.3,761.6,344.6,0,77,,1.057777778,,,,,,,,-417
4824,7.73,3.53,99.3,767.6,350.5,0,77,,1.066111111,,,,,,,,-417.1
4825,7.75,3.66,99.3,769.6,363.4,0,77,,1.068888889,,,,,,,,-406.2
4826,7.81,3.97,99.2,774.8,393.8,0,77,,1.076111111,,,,,,,,-381
4827,7.74,4.21,99.2,767.8,417.6,0,77,,1.066388889,,,,,,,,-350.2
4828,7.84,3.85,99.2,777.7,381.9,0,77,,1.080138889,,,,,,,,-395.8
4829,7.82,4.11,99.2,775.7,407.7,0,77,,1.077361111,,,,,,,,-368
4830,7.88,4.02,99.2,781.7,398.8,0,77,,1.085694444,,,,,,,,-382.9
4831,7.73,4.1,99.1,766,406.3,0,77,,1.063888889,,,,,,,,-359.7
4832,7.85,3.77,99.2,778.7,374,0,77,,1.081527778,,,,,,,,-404.7
4833,8.16,4.23,99.2,809.5,419.6,0,77,,1.124305556,,,,,,,,-389.9
4834,8.33,3.87,99.2,826.3,383.9,0,77,,1.147638889,,,,,,,,-442.4
4835,8.11,3.26,99.3,805.3,323.7,0,77,,1.118472222,,,,,,,,-481.6
4836,7.86,2.77,99.4,781.3,275.3,0,78,,1.085138889,,,,,,,,-506
4837,7.79,2.89,99.4,774.3,287.3,0,78,,1.075416667,,,,,,,,-487
4838,7.74,3.2,99.3,768.6,317.8,0,78,,1.0675,,,,,,,,-450.8
4839,7.72,3.05,99.3,766.6,302.9,0,78,,1.064722222,,,,,,,,-463.7
4840,7.88,2.65,99.4,783.3,263.4,0,78,,1.087916667,,,,,,,,-519.9
4841,7.22,3.91,99.2,716.2,387.9,0,77,,0.994722222,,,,,,,,-328.3
4842,6.94,4.32,99.1,687.8,428.1,0,77,,0.955277778,,,,,,,,-259.7
4843,7.25,4.09,99.1,718.5,405.3,0,77,,0.997916667,,,,,,,,-313.2
4844,8.03,2.47,99.4,798.2,245.5,0,78,,1.108611111,,,,,,,,-552.7
4845,8.08,2.31,99.4,803.2,229.6,0,78,,1.115555556,,,,,,,,-573.6
4846,8.17,3.11,99.3,811.3,308.8,0,78,,1.126805556,,,,,,,,-502.5
4847,8.25,3.63,99.2,818.4,360.1,0,77,,1.136666667,,,,,,,,-458.3
4848,8.4,4.7,99.1,832.4,465.8,0,76,,1.156111111,,,,,,,,-366.6
4849,8.35,4.49,99.1,827.5,445,0,77,,1.149305556,,,,,,,,-382.5
4850,8.23,4.73,99,814.8,468.3,0,77,,1.131666667,,,,,,,,-346.5
4851,8.03,4.81,99,795,476.2,0,77,,1.104166667,,,,,,,,-318.8
4852,8.13,4.72,99,804.9,467.3,0,76,,1.117916667,,,,,,,,-337.6
4853,8.25,4.41,99.1,817.6,437,0,77,,1.135555556,,,,,,,,-380.6
4854,8.28,3.94,99.1,820.5,390.5,0,77,,1.139583333,,,,,,,,-430
4855,8.23,3.47,99.2,816.4,344.2,0,77,,1.133888889,,,,,,,,-472.2
4856,8.24,1.72,99.5,819.9,171.1,0,78,,1.13875,,,,,,,,-648.8
4857,8.18,0.57,99.7,815.5,56.8,0,79,,1.132638889,,,,,,,,-758.7
4858,8.13,-1.49,100,813,-149,0,81,,1.129166667,,,,,,,,-962
4859,8.2,-0.9,99.9,819.2,-89.9,0,80,,1.137777778,,,,,,,,-909.1
4860,8.32,1.16,99.6,828.7,115.5,0,79,,1.150972222,,,,,,,,-713.2
4861,8.38,2.23,99.5,833.8,221.9,0,78,,1.158055556,,,,,,,,-611.9
4862,8.4,3.02,99.3,834.1,299.9,0,78,,1.158472222,,,,,,,,-534.2
4863,8.36,2.12,99.5,831.8,210.9,0,78,,1.155277778,,,,,,,,-620.9
4864,8.36,2.73,99.3,830.1,271.1,0,78,,1.152916667,,,,,,,,-559
4865,8.38,2.47,99.4,833,245.5,0,78,,1.156944444,,,,,,,,-587.5
4866,8.42,2.41,99.4,836.9,239.6,0,78,,1.162361111,,,,,,,,-597.3
4867,8.4,2.92,99.3,834.1,290,0,78,,1.158472222,,,,,,,,-544.1
4868,8.46,3.08,99.3,840.1,305.8,0,77,,1.166805556,,,,,,,,-534.3
4869,8.41,3.46,99.2,834.3,343.2,0,77,,1.15875,,,,,,,,-491.1
4870,8.44,3.96,99.2,837.2,392.8,0,77,,1.162777778,,,,,,,,-444.4
4871,8.5,4.35,99.1,842.4,431.1,0,77,,1.17,,,,,,,,-411.3
4872,8.53,4.93,99,844.5,488.1,0,76,,1.172916667,,,,,,,,-356.4
4873,8.55,5.13,98.9,845.6,507.4,0,76,,1.174444444,,,,,,,,-338.2
4874,8.56,5.25,98.9,846.6,519.2,0,76,,1.175833333,,,,,,,,-327.4
4875,8.57,5.09,98.9,847.6,503.4,0,76,,1.177222222,,,,,,,,-344.2
4876,8.64,5.2,98.9,854.5,514.3,0,76,,1.186805556,,,,,,,,-340.2
4877,8.73,6.19,98.8,862.5,611.6,0,75,,1.197916667,,,,,,,,-250.9
4878,8.82,7.4,98.5,868.8,728.9,0,74,,1.206666667,,,,,,,,-139.9
4879,8.82,7.72,98.5,868.8,760.4,0,74,,1.206666667,,,,,,,,-108.4
4880,8.74,7.17,98.6,861.8,707,0,75,,1.196944444,,,,,,,,-154.8
4881,8.65,6,98.7,853.8,592.2,0,75,,1.185833333,,,,,,,,-261.6
4882,8.54,3.8,99,845.5,376.2,0,77,,1.174305556,,,,,,,,-469.3
4883,8.26,1.59,99.4,821,158,0,78,,1.140277778,,,,,,,,-663
4884,8.11,0.78,99.5,806.9,77.6,0,79,,1.120694444,,,,,,,,-729.3
4885,7.54,-0.15,99.7,751.7,-15,0,80,,1.044027778,,,,,,,,-766.7
4886,7.78,-0.62,99.8,776.4,-61.9,0,80,,1.078333333,,,,,,,,-838.3
4887,7.94,-0.82,99.8,792.4,-81.8,0,80,,1.100555556,,,,,,,,-874.2
4888,8.01,-0.3,99.8,799.4,-29.9,0,80,,1.110277778,,,,,,,,-829.3
4889,8.04,-0.09,99.7,801.6,-9,0,80,,1.113333333,,,,,,,,-810.6
4890,8.07,0.31,99.7,804.6,30.9,0,79,,1.1175,,,,,,,,-773.7
4891,8.06,1.02,99.6,802.8,101.6,0,79,,1.115,,,,,,,,-701.2
4892,8.11,1.73,99.5,806.9,172.1,0,79,,1.120694444,,,,,,,,-634.8
4893,8.14,2.67,99.2,807.5,264.9,0,78,,1.121527778,,,,,,,,-542.6
4894,8.17,3.16,99.2,810.5,313.5,0,78,,1.125694444,,,,,,,,-497
4895,8.27,4.29,99.1,819.6,425.1,0,77,,1.138333333,,,,,,,,-394.5
4896,8.3,5.47,98.9,820.9,541,0,76,,1.140138889,,,,,,,,-279.9
4897,8.35,6.44,98.7,824.1,635.6,0,75,,1.144583333,,,,,,,,-188.5
4898,8.38,7.19,98.6,826.3,708.9,0,75,,1.147638889,,,,,,,,-117.4
4899,8.37,6.65,98.6,825.3,655.7,0,75,,1.14625,,,,,,,,-169.6
4900,8.24,5.62,98.8,814.1,555.3,0,76,,1.130694444,,,,,,,,-258.8
4901,8.18,4.21,98.9,809,416.4,0,77,,1.123611111,,,,,,,,-392.6
4902,8.17,2.5,99.2,810.5,248,0,78,,1.125694444,,,,,,,,-562.5
4903,7.94,2.57,99.2,787.6,254.9,0,78,,1.093888889,,,,,,,,-532.7
4904,7.98,3.07,99.2,791.6,304.5,0,78,,1.099444444,,,,,,,,-487.1
4905,8,3.13,99.2,793.6,310.5,0,78,,1.102222222,,,,,,,,-483.1
4906,8.02,3.53,99.1,794.8,349.8,0,77,,1.103888889,,,,,,,,-445
4907,7.99,4.08,99,791,403.9,0,77,,1.098611111,,,,,,,,-387.1
4908,8.3,4.27,99,821.7,422.7,0,77,,1.14125,,,,,,,,-399
4909,8.39,5.41,98.8,828.9,534.5,0,76,,1.15125,,,,,,,,-294.4
4910,8.38,6.64,98.6,826.3,654.7,0,75,,1.147638889,,,,,,,,-171.6
4911,8.35,6.32,98.6,823.3,623.2,0,75,,1.143472222,,,,,,,,-200.1
4912,8.27,4.86,98.8,817.1,480.2,0,76,,1.134861111,,,,,,,,-336.9
4913,8.21,3.57,99,812.8,353.4,0,77,,1.128888889,,,,,,,,-459.4
4914,8.11,2,99.3,805.3,198.6,0,78,,1.118472222,,,,,,,,-606.7
4915,8.12,0.91,99.4,807.1,90.5,0,79,,1.120972222,,,,,,,,-716.6
4916,8.11,0.34,99.5,806.9,33.8,0,79,,1.120694444,,,,,,,,-773.1
4917,8.08,0.39,99.6,804.8,38.8,0,79,,1.117777778,,,,,,,,-766
4918,8.06,0.39,99.6,802.8,38.8,0,79,,1.115,,,,,,,,-764
4919,8.01,-0.21,99.7,798.6,-20.9,0,80,,1.109166667,,,,,,,,-819.5
4920,8.05,0.45,99.5,801,44.8,0,79,,1.1125,,,,,,,,-756.2
4921,8.04,1.28,99.4,799.2,127.2,0,79,,1.11,,,,,,,,-672
4922,8.09,2.27,99.3,803.3,225.4,0,78,,1.115694444,,,,,,,,-577.9
4923,8.12,2.78,99.2,805.5,275.8,0,78,,1.11875,,,,,,,,-529.7
4924,8.16,2.89,99.2,809.5,286.7,0,78,,1.124305556,,,,,,,,-522.8
4925,8.16,3.06,99.1,808.7,303.2,0,77,,1.123194444,,,,,,,,-505.5
4926,8.13,2.65,99.2,806.5,262.9,0,78,,1.120138889,,,,,,,,-543.6
4927,8.07,2.69,99.2,800.5,266.8,0,78,,1.111805556,,,,,,,,-533.7
4928,8.04,2.69,99.2,797.6,266.8,0,78,,1.107777778,,,,,,,,-530.8
4929,8,2.65,99.2,793.6,262.9,0,78,,1.102222222,,,,,,,,-530.7
4930,8.03,2.84,99.2,796.6,281.7,0,77,,1.106388889,,,,,,,,-514.9
4931,7.99,2.84,99.2,792.6,281.7,0,78,,1.100833333,,,,,,,,-510.9
4932,7.96,3.37,99.1,788.8,334,0,77,,1.095555556,,,,,,,,-454.8
4933,8.08,4.54,98.9,799.1,449,0,77,,1.109861111,,,,,,,,-350.1
4934,8.14,4.96,98.8,804.2,490,0,76,,1.116944444,,,,,,,,-314.2
4935,8.08,4.59,98.8,798.3,453.5,0,77,,1.10875,,,,,,,,-344.8
4936,7.96,3.28,99.1,788.8,325,0,77,,1.095555556,,,,,,,,-463.8
4937,7.88,1.54,99.3,782.5,152.9,0,78,,1.086805556,,,,,,,,-629.6
4938,7.84,0.57,99.5,780.1,56.7,0,79,,1.083472222,,,,,,,,-723.4
4939,7.93,1.26,99.4,788.2,125.2,0,78,,1.094722222,,,,,,,,-663
4940,7.97,2.95,99.1,789.8,292.3,0,78,,1.096944444,,,,,,,,-497.5
4941,8.01,3.43,99,793,339.6,0,77,,1.101388889,,,,,,,,-453.4
4942,8.05,3.49,99.1,797.8,345.9,0,77,,1.108055556,,,,,,,,-451.9
4943,8.08,4.59,98.9,799.1,454,0,77,,1.109861111,,,,,,,,-345.1
4944,8.04,4.46,98.9,795.2,441.1,0,77,,1.104444444,,,,,,,,-354.1
4945,8.03,4.59,98.8,793.4,453.5,0,77,,1.101944444,,,,,,,,-339.9
4946,8.02,4.42,98.8,792.4,436.7,0,77,,1.100555556,,,,,,,,-355.7
4947,8.02,4.59,98.8,792.4,453.5,0,77,,1.100555556,,,,,,,,-338.9
4948,7.99,4.09,98.9,790.2,404.5,0,77,,1.0975,,,,,,,,-385.7
4949,7.97,4.11,98.9,788.2,406.5,0,77,,1.094722222,,,,,,,,-381.7
4950,7.96,3.94,98.9,787.2,389.7,0,77,,1.093333333,,,,,,,,-397.5
4951,7.9,3.98,98.9,781.3,393.6,0,77,,1.085138889,,,,,,,,-387.7
4952,7.88,4.02,98.9,779.3,397.6,0,77,,1.082361111,,,,,,,,-381.7
4953,7.89,3.87,98.9,780.3,382.7,0,77,,1.08375,,,,,,,,-397.6
4954,7.93,3.25,99,785.1,321.8,0,77,,1.090416667,,,,,,,,-463.3
4955,7.96,3.52,99,788,348.5,0,77,,1.094444444,,,,,,,,-439.5
4956,7.94,3.62,99,786.1,358.4,0,77,,1.091805556,,,,,,,,-427.7
4957,7.93,3.14,99,785.1,310.9,0,77,,1.090416667,,,,,,,,-474.2
4958,7.74,3.04,99,766.3,301,0,77,,1.064305556,,,,,,,,-465.3
4959,7.42,3.71,99,734.6,367.3,0,77,,1.020277778,,,,,,,,-367.3
4960,7.32,4.28,98.8,723.2,422.9,0,77,,1.004444444,,,,,,,,-300.3
4961,7.42,4.17,98.9,733.8,412.4,0,77,,1.019166667,,,,,,,,-321.4
4962,7.42,4.27,98.8,733.1,421.9,0,77,,1.018194444,,,,,,,,-311.2
4963,7.31,4.16,98.8,722.2,411,0,77,,1.003055556,,,,,,,,-311.2
4964,7.31,3.61,98.9,723,357,0,77,,1.004166667,,,,,,,,-366
4965,7.32,3.27,99,724.7,323.7,0,78,,1.006527778,,,,,,,,-401
4966,7.28,2.84,99,720.7,281.2,0,78,,1.000972222,,,,,,,,-439.5
4967,7.4,2.68,99,732.6,265.3,0,78,,1.0175,,,,,,,,-467.3
4968,7.28,3.12,99,720.7,308.9,0,78,,1.000972222,,,,,,,,-411.8
4969,7.49,3.3,98.9,740.8,326.4,0,78,,1.028888889,,,,,,,,-414.4
4970,7.36,3.21,98.9,727.9,317.5,0,78,,1.010972222,,,,,,,,-410.4
4971,7.13,3.61,98.9,705.2,357,0,77,,0.979444444,,,,,,,,-348.2
4972,7.22,4.37,98.9,714.1,432.2,0,77,,0.991805556,,,,,,,,-281.9
4973,7.48,5.97,98.6,737.5,588.6,0,76,,1.024305556,,,,,,,,-148.9
4974,7.71,7.73,98.3,757.9,759.9,0,75,,1.052638889,,,,,,,,2
4975,7.8,8.05,98.2,766,790.5,0,74,,1.063888889,,,,,,,,24.5
4976,7.9,7.54,98.2,775.8,740.4,0,75,,1.0775,,,,,,,,-35.4
4977,7.93,6.14,98.4,780.3,604.2,0,75,,1.08375,,,,,,,,-176.1
4978,7.88,4.89,98.6,777,482.2,0,76,,1.079166667,,,,,,,,-294.8
4979,7.82,2.76,98.9,773.4,273,0,78,,1.074166667,,,,,,,,-500.4
4980,7.78,1.36,99.1,771,134.8,0,79,,1.070833333,,,,,,,,-636.2
4981,7.78,0.56,99.3,772.6,55.6,0,79,,1.073055556,,,,,,,,-717
4982,7.82,0.16,99.4,777.3,15.9,0,79,,1.079583333,,,,,,,,-761.4
4983,7.79,0.7,99.4,774.3,69.6,0,79,,1.075416667,,,,,,,,-704.7
4984,7.77,2.07,99.2,770.8,205.3,0,78,,1.070555556,,,,,,,,-565.5
4985,7.43,2.4,99,735.6,237.6,0,78,,1.021666667,,,,,,,,-498
4986,7.25,2.97,98.9,717,293.7,0,78,,0.995833333,,,,,,,,-423.3
4987,7.56,3.29,98.9,747.7,325.4,0,78,,1.038472222,,,,,,,,-422.3
4988,7.68,4.07,98.8,758.8,402.1,0,77,,1.053888889,,,,,,,,-356.7
4989,7.7,5.78,98.5,758.5,569.3,0,76,,1.053472222,,,,,,,,-189.2
4990,7.79,6.67,98.4,766.5,656.3,0,75,,1.064583333,,,,,,,,-110.2
4991,7.49,7.13,98.3,736.3,700.9,0,75,,1.022638889,,,,,,,,-35.4
4992,7.67,7.46,98.2,753.2,732.6,0,75,,1.046111111,,,,,,,,-20.6
4993,7.59,6.81,98.3,746.1,669.4,0,75,,1.03625,,,,,,,,-76.7
4994,7.49,5.6,98.5,737.8,551.6,0,76,,1.024722222,,,,,,,,-186.2
4995,7.39,4.11,98.7,729.4,405.7,0,77,,1.013055556,,,,,,,,-323.7
4996,7.29,3.05,98.8,720.3,301.3,0,78,,1.000416667,,,,,,,,-419
4997,7.2,2.02,99,712.8,200,0,78,,0.99,,,,,,,,-512.8
4998,7.15,2.01,99,707.9,199,0,79,,0.983194444,,,,,,,,-508.9
4999,7.13,1.71,99.1,706.6,169.5,0,79,,0.981388889,,,,,,,,-537.1
5000,7.13,1.71,99.1,706.6,169.5,0,78,,0.981388889,,,,,,,,-537.1
5001,7.18,2.4,99,710.8,237.6,0,78,,0.987222222,,,,,,,,-473.2
5002,7.23,2.25,99,715.8,222.8,0,78,,0.994166667,,,,,,,,-493
5003,7.26,2.6,98.9,718,257.1,0,78,,0.997222222,,,,,,,,-460.9
5004,7.39,3.04,98.9,730.9,300.7,0,78,,1.015138889,,,,,,,,-430.2
5005,7.27,3.21,98.8,718.3,317.1,0,78,,0.997638889,,,,,,,,-401.2
5006,7.29,3.38,98.8,720.3,333.9,0,77,,1.000416667,,,,,,,,-386.4
5007,7.31,3.54,98.8,722.2,349.8,0,77,,1.003055556,,,,,,,,-372.4
5008,7.29,3.96,98.7,719.5,390.9,0,77,,0.999305556,,,,,,,,-328.6
5009,7.23,4.43,98.7,713.6,437.2,0,77,,0.991111111,,,,,,,,-276.4
5010,7.26,4.07,98.7,716.6,401.7,0,77,,0.995277778,,,,,,,,-314.9
5011,7.22,3.82,98.8,713.3,377.4,0,77,,0.990694444,,,,,,,,-335.9
5012,7.15,4.13,98.7,705.7,407.6,0,77,,0.980138889,,,,,,,,-298.1
5013,7.15,3.71,98.7,705.7,366.2,0,77,,0.980138889,,,,,,,,-339.5
5014,7.23,4.05,98.7,713.6,399.7,0,77,,0.991111111,,,,,,,,-313.9
5015,7.2,4.46,98.6,709.9,439.8,0,77,,0.985972222,,,,,,,,-270.1
5016,7.13,4.25,98.7,703.7,419.5,0,77,,0.977361111,,,,,,,,-284.2
5017,7.06,4,98.7,696.8,394.8,0,77,,0.967777778,,,,,,,,-302
5018,7.13,4.28,98.6,703,422,0,77,,0.976388889,,,,,,,,-281
5019,7.05,3.63,98.7,695.8,358.3,0,77,,0.966388889,,,,,,,,-337.5
5020,7,3.4,98.7,690.9,335.6,0,77,,0.959583333,,,,,,,,-355.3
5021,7.07,3.08,98.8,698.5,304.3,0,77,,0.970138889,,,,,,,,-394.2
5022,7,3.17,98.8,691.6,313.2,0,78,,0.960555556,,,,,,,,-378.4
5023,6.92,3.43,98.8,683.7,338.9,0,77,,0.949583333,,,,,,,,-344.8
5024,6.79,3.32,98.8,670.9,328,0,78,,0.931805556,,,,,,,,-342.9
5025,6.85,2.68,98.9,677.5,265.1,0,78,,0.940972222,,,,,,,,-412.4
5026,6.78,2.32,98.9,670.5,229.4,0,78,,0.93125,,,,,,,,-441.1
5027,6.9,1.48,99.1,683.8,146.7,0,79,,0.949722222,,,,,,,,-537.1
5028,6.87,1.29,99.1,680.8,127.8,0,79,,0.945555556,,,,,,,,-553
5029,6.82,1.06,99.1,675.9,105,0,79,,0.93875,,,,,,,,-570.9
5030,6.84,1.47,99.1,677.8,145.7,0,79,,0.941388889,,,,,,,,-532.1
5031,6.81,2.74,98.9,673.5,271,0,78,,0.935416667,,,,,,,,-402.5
5032,6.88,3.06,98.9,680.4,302.6,0,78,,0.945,,,,,,,,-377.8
5033,6.85,3.5,98.8,676.8,345.8,0,77,,0.94,,,,,,,,-331
5034,6.82,3.92,98.7,673.1,386.9,0,77,,0.934861111,,,,,,,,-286.2
5035,6.8,3.91,98.7,671.2,385.9,0,77,,0.932222222,,,,,,,,-285.3
5036,6.83,3.98,98.6,673.4,392.4,0,77,,0.935277778,,,,,,,,-281
5037,6.87,4,98.7,678.1,394.8,0,77,,0.941805556,,,,,,,,-283.3
5038,6.89,4.44,98.5,678.7,437.3,0,77,,0.942638889,,,,,,,,-241.4
5039,6.86,3.72,98.7,677.1,367.2,0,77,,0.940416667,,,,,,,,-309.9
5040,6.92,4.02,98.6,682.3,396.4,0,77,,0.947638889,,,,,,,,-285.9
5041,7.01,4.12,98.6,691.2,406.2,0,77,,0.96,,,,,,,,-285
5042,7.05,5.27,98.4,693.7,518.6,0,76,,0.963472222,,,,,,,,-175.1
5043,7.04,5.52,98.4,692.7,543.2,0,76,,0.962083333,,,,,,,,-149.5
5044,6.88,5.09,98.4,677,500.9,0,76,,0.940277778,,,,,,,,-176.1
5045,6.98,4.37,98.5,687.5,430.4,0,77,,0.954861111,,,,,,,,-257.1
5046,6.93,2.94,98.7,684,290.2,0,78,,0.95,,,,,,,,-393.8
5047,6.87,1.52,99,680.1,150.5,0,79,,0.944583333,,,,,,,,-529.6
5048,7.08,0,99.2,702.3,0,0,80,,0.975416667,,,,,,,,-702.3
5049,7.1,0.68,99.1,703.6,67.4,0,79,,0.977222222,,,,,,,,-636.2
5050,7.15,1.94,98.9,707.1,191.9,0,78,,0.982083333,,,,,,,,-515.2
5051,7.2,2.74,98.9,712.1,271,0,78,,0.989027778,,,,,,,,-441.1
5052,7.19,3.63,98.7,709.7,358.3,0,77,,0.985694444,,,,,,,,-351.4
5053,7.1,4.03,98.6,700.1,397.4,0,77,,0.972361111,,,,,,,,-302.7
5054,7.14,3.56,98.7,704.7,351.4,0,77,,0.97875,,,,,,,,-353.3
5055,7.13,4.09,98.6,703,403.3,0,77,,0.976388889,,,,,,,,-299.7
5056,7.1,3.8,98.6,700.1,374.7,0,77,,0.972361111,,,,,,,,-325.4
5057,7.13,4.26,98.5,702.3,419.6,0,77,,0.975416667,,,,,,,,-282.7
5058,7.14,3.83,98.6,704,377.6,0,77,,0.977777778,,,,,,,,-326.4
5059,7.13,4.28,98.5,702.3,421.6,0,77,,0.975416667,,,,,,,,-280.7
5060,7.1,3.97,98.6,700.1,391.4,0,77,,0.972361111,,,,,,,,-308.7
5061,7.15,4.21,98.5,704.3,414.7,0,77,,0.978194444,,,,,,,,-289.6
5062,7.29,5.37,98.3,716.6,527.9,0,76,,0.995277778,,,,,,,,-188.7
5063,7.37,6.92,98.1,723,678.9,0,75,,1.004166667,,,,,,,,-44.1
5064,7.39,7.61,97.9,723.5,745,0,74,,1.004861111,,,,,,,,21.5
5065,7.39,8.43,97.8,722.7,824.5,0,74,,1.00375,,,,,,,,101.8
5066,7.41,8.91,97.7,724,870.5,0,74,,1.005555556,,,,,,,,146.5
5067,7.35,8.25,97.8,718.8,806.9,0,74,,0.998333333,,,,,,,,88.1
5068,7.29,7.17,97.9,713.7,701.9,0,75,,0.99125,,,,,,,,-11.8
5069,7.21,5.91,98.1,707.3,579.8,0,76,,0.982361111,,,,,,,,-127.5
5070,7.15,4.97,98.2,702.1,488.1,0,76,,0.975138889,,,,,,,,-214
5071,7.11,4.77,98.3,698.9,468.9,0,77,,0.970694444,,,,,,,,-230
5072,7.02,4.35,98.4,690.8,428,0,77,,0.959444444,,,,,,,,-262.8
5073,6.57,3.86,98.4,646.5,379.8,0,77,,0.897916667,,,,,,,,-266.7
5074,6.42,4.14,98.4,631.7,407.4,0,77,,0.877361111,,,,,,,,-224.3
5075,6.61,4.08,98.4,650.4,401.5,0,77,,0.903333333,,,,,,,,-248.9
5076,6.83,3.58,98.5,672.8,352.6,0,77,,0.934444444,,,,,,,,-320.2
5077,6.79,3.8,98.5,668.8,374.3,0,77,,0.928888889,,,,,,,,-294.5
5078,6.78,3.94,98.4,667.2,387.7,0,77,,0.926666667,,,,,,,,-279.5
5079,6.77,3.77,98.5,666.8,371.3,0,77,,0.926111111,,,,,,,,-295.5
5080,6.77,3.71,98.5,666.8,365.4,0,77,,0.926111111,,,,,,,,-301.4
5081,6.71,3.6,98.5,660.9,354.6,0,77,,0.917916667,,,,,,,,-306.3
5082,6.7,3.22,98.5,660,317.2,0,78,,0.916666667,,,,,,,,-342.8
5083,6.63,3.12,98.5,653.1,307.3,0,78,,0.907083333,,,,,,,,-345.8
5084,6.62,3.08,98.6,652.7,303.7,0,78,,0.906527778,,,,,,,,-349
5085,6.63,3.41,98.5,653.1,335.9,0,78,,0.907083333,,,,,,,,-317.2
5086,6.6,3.46,98.5,650.1,340.8,0,78,,0.902916667,,,,,,,,-309.3
5087,6.61,3.94,98.4,650.4,387.7,0,77,,0.903333333,,,,,,,,-262.7
5088,6.58,4.32,98.4,647.5,425.1,0,77,,0.899305556,,,,,,,,-222.4
5089,6.51,4.29,98.4,640.6,422.1,0,77,,0.889722222,,,,,,,,-218.5
5090,6.46,3.9,98.4,635.7,383.8,0,77,,0.882916667,,,,,,,,-251.9
5091,6.35,4.32,98.3,624.2,424.7,0,77,,0.866944444,,,,,,,,-199.5
5092,6.38,3.62,98.4,627.8,356.2,0,77,,0.871944444,,,,,,,,-271.6
5093,6.42,2.88,98.5,632.4,283.7,0,78,,0.878333333,,,,,,,,-348.7
5094,6.44,3.76,98.4,633.7,370,0,77,,0.880138889,,,,,,,,-263.7
5095,6.43,4.31,98.3,632.1,423.7,0,77,,0.877916667,,,,,,,,-208.4
5096,6.4,4.46,98.3,629.1,438.4,0,77,,0.87375,,,,,,,,-190.7
5097,6.35,4.78,98.2,623.6,469.4,0,77,,0.866111111,,,,,,,,-154.2
5098,6.26,4.49,98.3,615.4,441.4,0,77,,0.854722222,,,,,,,,-174
5099,6.18,4.6,98.3,607.5,452.2,0,77,,0.84375,,,,,,,,-155.3
5100,6.23,4.06,98.4,613,399.5,0,77,,0.851388889,,,,,,,,-213.5
5101,6.39,4.12,98.3,628.1,405,0,77,,0.872361111,,,,,,,,-223.1
5102,6.42,4.25,98.4,631.7,418.2,0,77,,0.877361111,,,,,,,,-213.5
5103,6.44,4.92,98.2,632.4,483.1,0,76,,0.878333333,,,,,,,,-149.3
5104,6.37,4.58,98.2,625.5,449.8,0,77,,0.86875,,,,,,,,-175.7
5105,6.47,3.88,98.4,636.6,381.8,0,77,,0.884166667,,,,,,,,-254.8
5106,6.44,3.81,98.3,633.1,374.5,0,77,,0.879305556,,,,,,,,-258.6
5107,6.31,3.98,98.3,620.3,391.2,0,77,,0.861527778,,,,,,,,-229.1
5108,6.26,4.34,98.3,615.4,426.6,0,77,,0.854722222,,,,,,,,-188.8
5109,6.14,4.77,98.2,602.9,468.4,0,77,,0.837361111,,,,,,,,-134.5
5110,6.12,4.98,98.2,601,489,0,77,,0.834722222,,,,,,,,-112
5111,6.11,4.8,98.2,600,471.4,0,77,,0.833333333,,,,,,,,-128.6
5112,6.13,5.17,98.2,602,507.7,0,76,,0.836111111,,,,,,,,-94.3
5113,6.19,6.48,97.9,606,634.4,0,76,,0.841666667,,,,,,,,28.4
5114,6.24,7.7,97.7,609.6,752.3,0,75,,0.846666667,,,,,,,,142.7
5115,6.26,8.78,97.5,610.4,856.1,0,74,,0.847777778,,,,,,,,245.7
5116,6.24,9.64,97.4,607.8,938.9,0,74,,0.844166667,,,,,,,,331.1
5117,6.17,10.2,97.3,600.3,992.5,0,73,,0.83375,,,,,,,,392.2
5118,6.07,9.75,97.3,590.6,948.7,0,74,,0.820277778,,,,,,,,358.1
5119,6.09,8.68,97.4,593.2,845.4,0,74,,0.823888889,,,,,,,,252.2
5120,6.23,8.08,97.5,607.4,787.8,0,74,,0.843611111,,,,,,,,180.4
5121,6.13,6.75,97.7,598.9,659.5,0,75,,0.831805556,,,,,,,,60.6
5122,6.04,4.9,98,591.9,480.2,0,76,,0.822083333,,,,,,,,-111.7
5123,5.95,5.19,97.9,582.5,508.1,0,76,,0.809027778,,,,,,,,-74.4
5124,5.91,5.5,97.9,578.6,538.5,0,76,,0.803611111,,,,,,,,-40.1
5125,5.87,6.32,97.8,574.1,618.1,0,76,,0.797361111,,,,,,,,44
5126,5.89,6.75,97.7,575.5,659.5,0,75,,0.799305556,,,,,,,,84
5127,5.9,6.75,97.7,576.4,659.5,0,75,,0.800555556,,,,,,,,83.1
5128,5.92,6.43,97.8,579,628.9,0,76,,0.804166667,,,,,,,,49.9
5129,6.04,6.04,97.8,590.7,590.7,0,76,,0.820416667,,,,,,,,0
5130,6.08,5.8,97.8,594.6,567.2,0,76,,0.825833333,,,,,,,,-27.4
5131,6.09,5.08,97.9,596.2,497.3,0,76,,0.828055556,,,,,,,,-98.9
5132,6.02,4.64,98,590,454.7,0,77,,0.819444444,,,,,,,,-135.3
5133,6.02,5.33,98,590,522.3,0,76,,0.819444444,,,,,,,,-67.7
5134,6.07,4.6,98,594.9,450.8,0,77,,0.82625,,,,,,,,-144.1
5135,6.04,3.68,98.1,592.5,361,0,77,,0.822916667,,,,,,,,-231.5
5136,6.1,2.87,98.3,599.6,282.1,0,78,,0.832777778,,,,,,,,-317.5
5137,6.09,2.74,98.3,598.6,269.3,0,78,,0.831388889,,,,,,,,-329.3
5138,6.11,2.38,98.3,600.6,234,0,78,,0.834166667,,,,,,,,-366.6
5139,6.09,1.74,98.5,599.9,171.4,0,78,,0.833194444,,,,,,,,-428.5
5140,6.16,2.67,98.3,605.5,262.5,0,78,,0.840972222,,,,,,,,-343
5141,6.06,3.09,98.3,595.7,303.7,0,78,,0.827361111,,,,,,,,-292
5142,6.23,4.17,98.1,611.2,409.1,0,77,,0.848888889,,,,,,,,-202.1
5143,6.25,4.22,98.1,613.1,414,0,77,,0.851527778,,,,,,,,-199.1
5144,6.36,4.41,98.1,623.9,432.6,0,77,,0.866527778,,,,,,,,-191.3
5145,6.46,5.68,97.9,632.4,556.1,0,76,,0.878333333,,,,,,,,-76.3
5146,6.54,6.79,97.7,639,663.4,0,75,,0.8875,,,,,,,,24.4
5147,6.5,7.16,97.6,634.4,698.8,0,75,,0.881111111,,,,,,,,64.4
5148,6.5,6.62,97.7,635.1,646.8,0,75,,0.882083333,,,,,,,,11.7
5149,6.47,6.43,97.6,631.5,627.6,0,75,,0.877083333,,,,,,,,-3.9
5150,6.48,5.77,97.8,633.7,564.3,0,76,,0.880138889,,,,,,,,-69.4
5151,6.46,5.37,97.8,631.8,525.2,0,76,,0.8775,,,,,,,,-106.6
5152,6.45,5.57,97.8,630.8,544.7,0,76,,0.876111111,,,,,,,,-86.1
5153,6.42,5.8,97.7,627.2,566.7,0,76,,0.871111111,,,,,,,,-60.5
5154,6.44,5.83,97.7,629.2,569.6,0,76,,0.873888889,,,,,,,,-59.6
5155,6.42,5.66,97.8,627.9,553.5,0,76,,0.872083333,,,,,,,,-74.4
5156,6.45,4.75,97.9,631.5,465,0,76,,0.877083333,,,,,,,,-166.5
5157,6.4,4.58,97.9,626.6,448.4,0,76,,0.870277778,,,,,,,,-178.2
5158,6.42,4.99,97.9,628.5,488.5,0,76,,0.872916667,,,,,,,,-140
5159,6.43,4.22,98,630.1,413.6,0,77,,0.875138889,,,,,,,,-216.5
5160,6.42,3.71,98,629.2,363.6,0,77,,0.873888889,,,,,,,,-265.6
5161,6.34,3.18,98.2,622.6,312.3,0,77,,0.864722222,,,,,,,,-310.3
5162,6.24,3.34,98.1,612.1,327.7,0,77,,0.850138889,,,,,,,,-284.4
5163,6.3,4.46,97.9,616.8,436.6,0,77,,0.856666667,,,,,,,,-180.2
5164,6.33,4.62,97.9,619.7,452.3,0,77,,0.860694444,,,,,,,,-167.4
5165,6.33,6.24,97.7,618.4,609.6,0,75,,0.858888889,,,,,,,,-8.8
5166,6.31,6.93,97.5,615.2,675.7,0,75,,0.854444444,,,,,,,,60.5
5167,6.33,7.98,97.3,615.9,776.5,0,74,,0.855416667,,,,,,,,160.6
5168,6.33,7.78,97.4,616.5,757.8,0,74,,0.85625,,,,,,,,141.3
5169,6.34,7.84,97.3,616.9,762.8,0,74,,0.856805556,,,,,,,,145.9
5170,6.37,8.25,97.3,619.8,802.7,0,74,,0.860833333,,,,,,,,182.9
5171,6.38,7.39,97.4,621.4,719.8,0,75,,0.863055556,,,,,,,,98.4
5172,6.25,5.43,97.6,610,530,0,76,,0.847222222,,,,,,,,-80
5173,6.11,4,97.9,598.2,391.6,0,77,,0.830833333,,,,,,,,-206.6
5174,6.05,3.42,98,592.9,335.2,0,77,,0.823472222,,,,,,,,-257.7
5175,6.13,3.67,98,600.7,359.7,0,77,,0.834305556,,,,,,,,-241
5176,6.15,3.36,98,602.7,329.3,0,77,,0.837083333,,,,,,,,-273.4
5177,6.05,2.63,98.1,593.5,258,0,78,,0.824305556,,,,,,,,-335.5
5178,5.78,1.9,98.3,568.2,186.8,0,78,,0.789166667,,,,,,,,-381.4
5179,5.34,1.84,98.2,524.4,180.7,0,79,,0.728333333,,,,,,,,-343.7
5180,5.48,1.68,98.3,538.7,165.1,0,79,,0.748194444,,,,,,,,-373.6
5181,5.55,1.44,98.3,545.6,141.6,0,79,,0.757777778,,,,,,,,-404
5182,5.61,0.68,98.4,552,66.9,0,79,,0.766666667,,,,,,,,-485.1
5183,5.79,2.58,98.2,568.6,253.4,0,78,,0.789722222,,,,,,,,-315.2
5184,5.81,3.23,98.1,570,316.9,0,77,,0.791666667,,,,,,,,-253.1
5185,5.78,3.39,98.1,567,332.6,0,77,,0.7875,,,,,,,,-234.4
5186,5.71,3.87,98,559.6,379.3,0,77,,0.777222222,,,,,,,,-180.3
5187,5.93,3.62,98,581.1,354.8,0,77,,0.807083333,,,,,,,,-226.3
5188,6.02,4.37,97.9,589.4,427.8,0,77,,0.818611111,,,,,,,,-161.6
5189,6.03,5.21,97.7,589.1,509,0,76,,0.818194444,,,,,,,,-80.1
5190,6.24,5.49,97.7,609.6,536.4,0,75,,0.846666667,,,,,,,,-73.2
5191,6.3,5.89,97.6,614.9,574.9,0,75,,0.854027778,,,,,,,,-40
5192,6.29,5.8,97.6,613.9,566.1,0,75,,0.852638889,,,,,,,,-47.8
5193,6.32,5.59,97.6,616.8,545.6,0,75,,0.856666667,,,,,,,,-71.2
5194,5.56,-26.99,102.3,568.8,-2761.1,0,69,,0.79,,,,,,,,-3329.9
5195,5.99,-5.29,99.5,596,-526.4,0,61,,0.827777778,,,,,,,,-1122.4
5196,5.98,-5.29,99.5,595,-526.4,0,58,,0.826388889,,,,,,,,-1121.4
5197,5.85,-5.16,99.5,582.1,-513.4,0,56,,0.808472222,,,,,,,,-1095.5
5198,5.81,-5.12,99.5,578.1,-509.4,0,54,,0.802916667,,,,,,,,-1087.5
5199,5.92,-5.22,99.5,589,-519.4,0,52,,0.818055556,,,,,,,,-1108.4
5200,5.89,-5.19,99.5,586.1,-516.4,0,51,,0.814027778,,,,,,,,-1102.5
5201,5.89,-5.2,99.5,586.1,-517.4,0,48,,0.814027778,,,,,,,,-1103.5
5202,5.91,-5.22,99.5,588,-519.4,0,45,,0.816666667,,,,,,,,-1107.4
5203,5.86,-5.12,99.5,583.1,-509.4,0,41,,0.809861111,,,,,,,,-1092.5
5204,6.02,1.27,98.6,593.6,125.2,0,42,,0.824444444,,,,,,,,-468.4
5205,0.75,5.67,98,73.5,555.7,0,44,,0.102083333,,,,,,,,482.2
5206,5.58,1.64,98.5,549.6,161.5,0,47,,0.763333333,,,,,,,,-388.1
5207,5.55,1.69,98.5,546.7,166.5,0,49,,0.759305556,,,,,,,,-380.2
5208,5.61,1.7,98.6,553.1,167.6,0,51,,0.768194444,,,,,,,,-385.5
5209,5.52,1.73,98.4,543.2,170.2,0,53,,0.754444444,,,,,,,,-373
5210,5.54,0.68,98.6,546.2,67,0,54,,0.758611111,,,,,,,,-479.2
5211,5.58,-0.36,98.8,551.3,-35.6,0,54,,0.765694444,,,,,,,,-586.9
5212,5.6,-0.33,98.8,553.3,-32.6,0,54,,0.768472222,,,,,,,,-585.9
5213,5.72,-0.34,98.7,564.6,-33.6,0,54,,0.784166667,,,,,,,,-598.2
5214,5.67,-0.39,98.8,560.2,-38.5,0,54,,0.778055556,,,,,,,,-598.7
5215,5.25,2.01,98.4,516.6,197.8,0,54,,0.7175,,,,,,,,-318.8
5216,5.37,2.92,98.3,527.9,287,0,55,,0.733194444,,,,,,,,-240.9
5217,5.52,2.66,98.3,542.6,261.5,0,56,,0.753611111,,,,,,,,-281.1
5218,5.72,2.54,98.3,562.3,249.7,0,57,,0.780972222,,,,,,,,-312.6
5219,5.61,2.65,98.3,551.5,260.5,0,59,,0.765972222,,,,,,,,-291
5220,5.66,6.64,97.7,553,648.7,0,60,,0.768055556,,,,,,,,95.7
5221,5.59,12.21,96.8,541.1,1181.9,0,63,,0.751527778,,,,,,,,640.8
5222,5.88,16.36,96.2,565.7,1573.8,0,67,,0.785694444,,,,,,,,1008.1
5223,1.6,17.38,95.9,153.4,1666.7,0,71,,0.213055556,,,,,,,,1513.3
5224,4.91,11.27,96.7,474.8,1089.8,0,73,,0.659444444,,,,,,,,615
5225,5.2,9.89,96.9,503.9,958.3,0,74,,0.699861111,,,,,,,,454.4
5226,5.25,10.03,96.9,508.7,971.9,0,73,,0.706527778,,,,,,,,463.2
5227,5.18,9.53,96.9,501.9,923.5,0,74,,0.697083333,,,,,,,,421.6
5228,5.16,8.16,97.1,501,792.3,0,74,,0.695833333,,,,,,,,291.3
5229,5.03,6.94,97.2,488.9,674.6,0,75,,0.679027778,,,,,,,,185.7
5230,4.61,6.8,97.3,448.6,661.6,0,75,,0.623055556,,,,,,,,213
5231,4.7,6.73,97.3,457.3,654.8,0,76,,0.635138889,,,,,,,,197.5
5232,4.94,6.24,97.4,481.2,607.8,0,76,,0.668333333,,,,,,,,126.6
5233,4.86,6.43,97.3,472.9,625.6,0,76,,0.656805556,,,,,,,,152.7
5234,4.98,6.83,97.3,484.6,664.6,0,75,,0.673055556,,,,,,,,180
5235,4.83,7.05,97.2,469.5,685.3,0,75,,0.652083333,,,,,,,,215.8
5236,4.89,6.55,97.3,475.8,637.3,0,76,,0.660833333,,,,,,,,161.5
5237,5.27,6.3,97.3,512.8,613,0,75,,0.712222222,,,,,,,,100.2
5238,5.34,6.85,97.2,519,665.8,0,75,,0.720833333,,,,,,,,146.8
5239,5.46,7.17,97.2,530.7,696.9,0,75,,0.737083333,,,,,,,,166.2
5240,5.52,7.94,97.1,536,771,0,74,,0.744444444,,,,,,,,235
5241,5.46,8.34,97,529.6,809,0,74,,0.735555556,,,,,,,,279.4
5242,5.51,8.61,96.9,533.9,834.3,0,74,,0.741527778,,,,,,,,300.4
5243,5.36,8.77,96.9,519.4,849.8,0,74,,0.721388889,,,,,,,,330.4
5244,5.28,9.13,96.9,511.6,884.7,0,74,,0.710555556,,,,,,,,373.1
5245,5.28,9.04,96.9,511.6,876,0,74,,0.710555556,,,,,,,,364.4
5246,5.41,8.37,96.9,524.2,811.1,0,74,,0.728055556,,,,,,,,286.9
5247,5.5,8.2,96.9,533,794.6,0,74,,0.740277778,,,,,,,,261.6
5248,5.32,7.96,96.9,515.5,771.3,0,74,,0.715972222,,,,,,,,255.8
5249,2.78,9.1,96.8,269.1,880.9,0,75,,0.37375,,,,,,,,611.8
5250,5.28,7.54,97,512.2,731.4,0,75,,0.711388889,,,,,,,,219.2
5251,5.32,7.48,97,516,725.6,0,75,,0.716666667,,,,,,,,209.6
5252,5.27,6.57,97.1,511.7,637.9,0,75,,0.710694444,,,,,,,,126.2
5253,5.2,5.94,97.2,505.4,577.4,0,76,,0.701944444,,,,,,,,72
5254,5.35,5.19,97.3,520.6,505,0,76,,0.723055556,,,,,,,,-15.6
5255,5.36,5.63,97.3,521.5,547.8,0,76,,0.724305556,,,,,,,,26.3
5256,5.42,5.89,97.2,526.8,572.5,0,75,,0.731666667,,,,,,,,45.7
5257,5.4,5.62,97.3,525.4,546.8,0,76,,0.729722222,,,,,,,,21.4
5258,3.96,7.55,97,384.1,732.4,0,75,,0.533472222,,,,,,,,348.3
5259,5.34,7.57,96.9,517.4,733.5,0,74,,0.718611111,,,,,,,,216.1
5260,5.34,6.9,97,518,669.3,0,75,,0.719444444,,,,,,,,151.3
5261,5.22,6.13,97.2,507.4,595.8,0,76,,0.704722222,,,,,,,,88.4
5262,5.16,6.69,97.1,501,649.6,0,75,,0.695833333,,,,,,,,148.6
5263,4.9,7.04,97,475.3,682.9,0,75,,0.660138889,,,,,,,,207.6
5264,5.01,7.83,96.9,485.5,758.7,0,75,,0.674305556,,,,,,,,273.2
5265,5.17,7.84,96.8,500.5,758.9,0,74,,0.695138889,,,,,,,,258.4
5266,4.94,8.37,96.8,478.2,810.2,0,74,,0.664166667,,,,,,,,332
5267,5.03,8.1,96.8,486.9,784.1,0,74,,0.67625,,,,,,,,297.2
5268,5.11,8.38,96.7,494.1,810.3,0,74,,0.68625,,,,,,,,316.2
5269,5.05,8.59,96.7,488.3,830.7,0,74,,0.678194444,,,,,,,,342.4
5270,5.14,7.12,96.9,498.1,689.9,0,75,,0.691805556,,,,,,,,191.8
5271,5.16,6.94,96.9,500,672.5,0,75,,0.694444444,,,,,,,,172.5
5272,5.49,4.68,97.3,534.2,455.4,0,76,,0.741944444,,,,,,,,-78.8
5273,5.32,3.65,97.5,518.7,355.9,0,77,,0.720416667,,,,,,,,-162.8
5274,5.03,3.72,97.4,489.9,362.3,0,77,,0.680416667,,,,,,,,-127.6
5275,5.04,3.29,97.6,491.9,321.1,0,77,,0.683194444,,,,,,,,-170.8
5276,5.13,2.91,97.6,500.7,284,0,78,,0.695416667,,,,,,,,-216.7
5277,5.02,3.09,97.6,490,301.6,0,78,,0.680555556,,,,,,,,-188.4
5278,5.1,2.41,97.7,498.3,235.5,0,78,,0.692083333,,,,,,,,-262.8
5279,4.82,1.96,97.8,471.4,191.7,0,78,,0.654722222,,,,,,,,-279.7
5280,5,0.09,98,490,8.8,0,79,,0.680555556,,,,,,,,-481.2
5281,5,0.04,98.1,490.5,3.9,0,79,,0.68125,,,,,,,,-486.6
5282,5.1,-1.44,98.3,501.3,-141.6,0,80,,0.69625,,,,,,,,-642.9
5283,4.82,-0.68,98.3,473.8,-66.8,0,80,,0.658055556,,,,,,,,-540.6
5284,4.78,-1.71,98.4,470.4,-168.3,0,81,,0.653333333,,,,,,,,-638.7
5285,4.84,-1.04,98.3,475.8,-102.2,0,80,,0.660833333,,,,,,,,-578
5286,4.88,1.59,97.9,477.8,155.7,0,79,,0.663611111,,,,,,,,-322.1
5287,5.14,2.07,97.9,503.2,202.7,0,78,,0.698888889,,,,,,,,-300.5
5288,4.98,3.91,97.6,486,381.6,0,77,,0.675,,,,,,,,-104.4
5289,5.06,4.9,97.4,492.8,477.3,0,76,,0.684444444,,,,,,,,-15.5
5290,5.02,3.51,97.6,490,342.6,0,77,,0.680555556,,,,,,,,-147.4
5291,4.84,3.07,97.7,472.9,299.9,0,78,,0.656805556,,,,,,,,-173
5292,4.32,3.23,97.6,421.6,315.2,0,78,,0.585555556,,,,,,,,-106.4
5293,4.9,1.8,97.8,479.2,176,0,78,,0.665555556,,,,,,,,-303.2
5294,5.03,1.17,97.9,492.4,114.5,0,79,,0.683888889,,,,,,,,-377.9
5295,5.02,1.74,97.9,491.5,170.3,0,78,,0.682638889,,,,,,,,-321.2
5296,4.84,2.61,97.7,472.9,255,0,78,,0.656805556,,,,,,,,-217.9
5297,4.68,3.89,97.6,456.8,379.7,0,77,,0.634444444,,,,,,,,-77.1
5298,4.6,4.72,97.4,448,459.7,0,77,,0.622222222,,,,,,,,11.7
5299,4.34,5.56,97.2,421.8,540.4,0,76,,0.585833333,,,,,,,,118.6
5300,4.92,5.84,97.2,478.2,567.6,0,76,,0.664166667,,,,,,,,89.4
5301,4.85,6.05,97.1,470.9,587.5,0,76,,0.654027778,,,,,,,,116.6
5302,4.83,6.03,97.1,469,585.5,0,75,,0.651388889,,,,,,,,116.5
5303,4.77,7.48,96.9,462.2,724.8,0,75,,0.641944444,,,,,,,,262.6
5304,4.65,10.36,96.5,448.7,999.7,0,73,,0.623194444,,,,,,,,551
5305,4.88,11.26,96.3,469.9,1084.3,0,72,,0.652638889,,,,,,,,614.4
5306,4.96,12.83,96.1,476.7,1233,0,72,,0.662083333,,,,,,,,756.3
5307,4.99,13.6,95.9,478.5,1304.2,0,71,,0.664583333,,,,,,,,825.7
5308,4.82,14.95,95.7,461.3,1430.7,0,71,,0.640694444,,,,,,,,969.4
5309,4.87,14.45,95.7,466.1,1382.9,0,71,,0.647361111,,,,,,,,916.8
5310,4.82,14.39,95.7,461.3,1377.1,0,71,,0.640694444,,,,,,,,915.8
5311,5.1,13.36,95.8,488.6,1279.9,0,71,,0.678611111,,,,,,,,791.3
5312,4.98,10.41,96.1,478.6,1000.4,0,73,,0.664722222,,,,,,,,521.8
5313,4.94,8.38,96.4,476.2,807.8,0,74,,0.661388889,,,,,,,,331.6
5314,4.94,6.11,96.8,478.2,591.4,0,75,,0.664166667,,,,,,,,113.2
5315,4.83,4.48,97,468.5,434.6,0,77,,0.650694444,,,,,,,,-33.9
5316,4.75,2.69,97.3,462.2,261.7,0,77,,0.641944444,,,,,,,,-200.5
5317,4.06,2.67,97.4,395.4,260.1,0,78,,0.549166667,,,,,,,,-135.3
5318,3.72,3.39,97.3,362,329.8,0,77,,0.502777778,,,,,,,,-32.2
5319,4.4,4.39,97.1,427.2,426.3,0,77,,0.593333333,,,,,,,,-0.9
5320,4.68,5.25,97,454,509.3,0,76,,0.630555556,,,,,,,,55.3
5321,4.49,5.91,96.9,435.1,572.7,0,76,,0.604305556,,,,,,,,137.6
5322,4.51,6.91,96.8,436.6,668.9,0,75,,0.606388889,,,,,,,,232.3
5323,4.65,8.52,96.5,448.7,822.2,0,74,,0.623194444,,,,,,,,373.5
5324,4.72,8.89,96.4,455,857,0,74,,0.631944444,,,,,,,,402
5325,4.52,8.42,96.5,436.2,812.5,0,74,,0.605833333,,,,,,,,376.3
5326,4.72,7.27,96.6,456,702.3,0,75,,0.633333333,,,,,,,,246.3
5327,4.73,5.98,96.8,457.9,578.9,0,75,,0.635972222,,,,,,,,121
5328,4.71,4.64,97,456.9,450.1,0,76,,0.634583333,,,,,,,,-6.8
5329,4.48,4.07,97.1,435,395.2,0,77,,0.604166667,,,,,,,,-39.8
5330,4.59,3.82,97.1,445.7,370.9,0,77,,0.619027778,,,,,,,,-74.8
5331,4.66,4.81,97,452,466.6,0,76,,0.627777778,,,,,,,,14.6
5332,4.69,5.79,96.8,454,560.5,0,76,,0.630555556,,,,,,,,106.5
5333,4.56,6.19,96.8,441.4,599.2,0,75,,0.613055556,,,,,,,,157.8
5334,4.54,6.85,96.7,439,662.4,0,75,,0.609722222,,,,,,,,223.4
5335,4.42,7.64,96.5,426.5,737.3,0,75,,0.592361111,,,,,,,,310.8
5336,4.63,7.66,96.5,446.8,739.2,0,74,,0.620555556,,,,,,,,292.4
5337,4.61,8.3,96.4,444.4,800.1,0,74,,0.617222222,,,,,,,,355.7
5338,4.46,8.48,96.3,429.5,816.6,0,74,,0.596527778,,,,,,,,387.1
5339,4.48,8.79,96.3,431.4,846.5,0,74,,0.599166667,,,,,,,,415.1
5340,4.38,8.46,96.3,421.8,814.7,0,74,,0.585833333,,,,,,,,392.9
5341,4.33,7.59,96.4,417.4,731.7,0,75,,0.579722222,,,,,,,,314.3
5342,4.33,6.94,96.5,417.8,669.7,0,75,,0.580277778,,,,,,,,251.9
5343,4.44,6.57,96.6,428.9,634.7,0,75,,0.595694444,,,,,,,,205.8
5344,4.38,6.17,96.6,423.1,596,0,75,,0.587638889,,,,,,,,172.9
5345,4.3,5.6,96.7,415.8,541.5,0,76,,0.5775,,,,,,,,125.7
5346,4.33,5.8,96.7,418.7,560.9,0,76,,0.581527778,,,,,,,,142.2
5347,4.43,6.19,96.7,428.4,598.6,0,75,,0.595,,,,,,,,170.2
5348,4.33,5.42,96.7,418.7,524.1,0,76,,0.581527778,,,,,,,,105.4
5349,4.41,4.61,96.9,427.3,446.7,0,76,,0.593472222,,,,,,,,19.4
5350,4.26,4.3,96.9,412.8,416.7,0,77,,0.573333333,,,,,,,,3.9
5351,4.33,4.05,97,420,392.9,0,77,,0.583333333,,,,,,,,-27.1
5352,4.4,4.07,97,426.8,394.8,0,77,,0.592777778,,,,,,,,-32
5353,4.47,4.84,96.8,432.7,468.5,0,76,,0.600972222,,,,,,,,35.8
5354,4.45,5.69,96.7,430.3,550.2,0,76,,0.597638889,,,,,,,,119.9
5355,4.54,6.51,96.6,438.6,628.9,0,75,,0.609166667,,,,,,,,190.3
5356,4.17,7.31,96.5,402.4,705.4,0,75,,0.558888889,,,,,,,,303
5357,4.3,7.58,96.4,414.5,730.7,0,75,,0.575694444,,,,,,,,316.2
5358,4.48,7.13,96.4,431.9,687.3,0,75,,0.599861111,,,,,,,,255.4
5359,4.64,6.43,96.5,447.8,620.5,0,75,,0.621944444,,,,,,,,172.7
5360,4.41,5.39,96.7,426.4,521.2,0,76,,0.592222222,,,,,,,,94.8
5361,4.56,4.36,96.9,441.9,422.5,0,76,,0.61375,,,,,,,,-19.4
5362,4.37,3.2,97,423.9,310.4,0,77,,0.58875,,,,,,,,-113.5
5363,1.85,4.37,96.9,179.3,423.5,0,78,,0.249027778,,,,,,,,244.2
5364,4.49,1.3,97.3,436.9,126.5,0,78,,0.606805556,,,,,,,,-310.4
5365,3.68,0.42,97.5,358.8,41,0,79,,0.498333333,,,,,,,,-317.8
5366,4.42,-0.74,97.7,431.8,-72.3,0,80,,0.599722222,,,,,,,,-504.1
5367,4.34,-0.97,97.8,424.5,-94.9,0,80,,0.589583333,,,,,,,,-519.4
5368,4.5,-1.38,97.8,440.1,-135,0,80,,0.61125,,,,,,,,-575.1
5369,4.15,-1.23,97.8,405.9,-120.3,0,80,,0.56375,,,,,,,,-526.2
5370,4.47,-1.26,97.9,437.6,-123.4,0,80,,0.607777778,,,,,,,,-561
5371,4.51,-0.64,97.8,441.1,-62.6,0,80,,0.612638889,,,,,,,,-503.7
5372,4.58,0.7,97.6,447,68.3,0,79,,0.620833333,,,,,,,,-378.7
5373,4.27,1.71,97.4,415.9,166.6,0,78,,0.577638889,,,,,,,,-249.3
5374,4.54,2.86,97.2,441.3,278,0,78,,0.612916667,,,,,,,,-163.3
5375,4.05,3.49,97.1,393.3,338.9,0,77,,0.54625,,,,,,,,-54.4
5376,4.42,3.26,97.2,429.6,316.9,0,77,,0.596666667,,,,,,,,-112.7
5377,4.51,3.6,97.1,437.9,349.6,0,77,,0.608194444,,,,,,,,-88.3
5378,4.43,3.38,97.1,430.2,328.2,0,77,,0.5975,,,,,,,,-102
5379,4.56,2.94,97.2,443.2,285.8,0,77,,0.615555556,,,,,,,,-157.4
5380,4.68,3.14,97.2,454.9,305.2,0,77,,0.631805556,,,,,,,,-149.7
5381,4.64,3.6,97.1,450.5,349.6,0,77,,0.625694444,,,,,,,,-100.9
5382,4.67,4.76,96.8,452.1,460.8,0,76,,0.627916667,,,,,,,,8.7
5383,4.57,4.9,96.9,442.8,474.8,0,76,,0.615,,,,,,,,32
5384,4.59,5.02,96.8,444.3,485.9,0,76,,0.617083333,,,,,,,,41.6
5385,4.57,5.57,96.7,441.9,538.6,0,76,,0.61375,,,,,,,,96.7
5386,4.6,5.73,96.7,444.8,554.1,0,75,,0.617777778,,,,,,,,109.3
5387,4.67,5.62,96.7,451.6,543.5,0,76,,0.627222222,,,,,,,,91.9
5388,4.57,5.37,96.7,441.9,519.3,0,76,,0.61375,,,,,,,,77.4
5389,4.7,5.35,96.7,454.5,517.3,0,76,,0.63125,,,,,,,,62.8
5390,4.78,4.4,96.8,462.7,425.9,0,76,,0.642638889,,,,,,,,-36.8
5391,4.75,3.44,97,460.8,333.7,0,77,,0.64,,,,,,,,-127.1
5392,4.64,2.56,97.1,450.5,248.6,0,77,,0.625694444,,,,,,,,-201.9
5393,5.04,1.27,97.4,490.9,123.7,0,78,,0.681805556,,,,,,,,-367.2
5394,5.03,1.24,97.4,489.9,120.8,0,78,,0.680416667,,,,,,,,-369.1
5395,5,1.94,97.2,486,188.6,0,78,,0.675,,,,,,,,-297.4
5396,4.97,2.62,97.1,482.6,254.4,0,77,,0.670277778,,,,,,,,-228.2
5397,5.01,2.56,97.2,487,248.8,0,77,,0.676388889,,,,,,,,-238.2
5398,4.91,3.1,97.1,476.8,301,0,77,,0.662222222,,,,,,,,-175.8
5399,5.06,3.75,97,490.8,363.8,0,77,,0.681666667,,,,,,,,-127
5400,4.6,5.59,96.7,444.8,540.6,0,76,,0.617777778,,,,,,,,95.8
5401,4.63,5.92,96.7,447.7,572.5,0,75,,0.621805556,,,,,,,,124.8
5402,4.54,6.32,96.5,438.1,609.9,0,75,,0.608472222,,,,,,,,171.8
5403,5.03,5.87,96.6,485.9,567,0,75,,0.674861111,,,,,,,,81.1
5404,4.77,5.94,96.6,460.8,573.8,0,75,,0.64,,,,,,,,113
5405,4.45,5.7,96.6,429.9,550.6,0,76,,0.597083333,,,,,,,,120.7
5406,4.25,5.48,96.6,410.6,529.4,0,76,,0.570277778,,,,,,,,118.8
5407,4.14,5.48,96.6,399.9,529.4,0,76,,0.555416667,,,,,,,,129.5
5408,4.13,5.07,96.7,399.4,490.3,0,76,,0.554722222,,,,,,,,90.9
5409,4.4,5.3,96.7,425.5,512.5,0,76,,0.590972222,,,,,,,,87
5410,4.28,6.13,96.5,413,591.5,0,75,,0.573611111,,,,,,,,178.5
5411,3.58,7.21,96.3,344.8,694.3,0,75,,0.478888889,,,,,,,,349.5
5412,3.57,7.01,96.3,343.8,675.1,0,75,,0.4775,,,,,,,,331.3
5413,4.06,6.43,96.4,391.4,619.9,0,75,,0.543611111,,,,,,,,228.5
5414,4.09,6.5,96.4,394.3,626.6,0,75,,0.547638889,,,,,,,,232.3
5415,3.78,6.59,96.3,364,634.6,0,75,,0.505555556,,,,,,,,270.6
5416,4.1,6.37,96.3,394.8,613.4,0,75,,0.548333333,,,,,,,,218.6
5417,4.45,5.9,96.4,429,568.8,0,75,,0.595833333,,,,,,,,139.8
5418,4.42,5.67,96.5,426.5,547.2,0,75,,0.592361111,,,,,,,,120.7
5419,4.33,5.42,96.5,417.8,523,0,76,,0.580277778,,,,,,,,105.2
5420,4.19,5.51,96.5,404.3,531.7,0,76,,0.561527778,,,,,,,,127.4
5421,4.13,5.51,96.5,398.5,531.7,0,75,,0.553472222,,,,,,,,133.2
5422,4.27,5.58,96.5,412.1,538.5,0,75,,0.572361111,,,,,,,,126.4
5423,4.28,5.3,96.5,413,511.5,0,76,,0.573611111,,,,,,,,98.5
5424,4.43,5.21,96.5,427.5,502.8,0,76,,0.59375,,,,,,,,75.3
5425,4.39,5.33,96.5,423.6,514.3,0,76,,0.588333333,,,,,,,,90.7
5426,4.4,5.49,96.4,424.2,529.2,0,76,,0.589166667,,,,,,,,105
5427,4.41,5.48,96.5,425.6,528.8,0,75,,0.591111111,,,,,,,,103.2
5428,4.51,5.33,96.5,435.2,514.3,0,75,,0.604444444,,,,,,,,79.1
5429,4.44,5.26,96.5,428.5,507.6,0,76,,0.595138889,,,,,,,,79.1
5430,4.47,5.66,96.5,431.4,546.2,0,75,,0.599166667,,,,,,,,114.8
5431,4.32,5.4,96.4,416.4,520.6,0,76,,0.578333333,,,,,,,,104.2
5432,4.63,5.55,96.4,446.3,535,0,75,,0.619861111,,,,,,,,88.7
5433,4.54,5.65,96.4,437.7,544.7,0,75,,0.607916667,,,,,,,,107
5434,4.59,5.72,96.4,442.5,551.4,0,75,,0.614583333,,,,,,,,108.9
5435,4.66,5.56,96.4,449.2,536,0,75,,0.623888889,,,,,,,,86.8
5436,4.52,5.83,96.4,435.7,562,0,75,,0.605138889,,,,,,,,126.3
5437,4.48,5.73,96.4,431.9,552.4,0,75,,0.599861111,,,,,,,,120.5
5438,4.66,5.82,96.4,449.2,561,0,75,,0.623888889,,,,,,,,111.8
5439,4.68,5.68,96.3,450.7,547,0,75,,0.625972222,,,,,,,,96.3
5440,4.79,5.34,96.4,461.8,514.8,0,75,,0.641388889,,,,,,,,53
5441,4.74,6.2,96.3,456.5,597.1,0,75,,0.634027778,,,,,,,,140.6
5442,4.84,6.74,96.2,465.6,648.4,0,74,,0.646666667,,,,,,,,182.8
5443,4.77,7.25,96.1,458.4,696.7,0,74,,0.636666667,,,,,,,,238.3
5444,4.92,7.66,96,472.3,735.4,0,74,,0.655972222,,,,,,,,263.1
5445,5.06,8.15,95.9,485.3,781.6,0,73,,0.674027778,,,,,,,,296.3
5446,5.04,8.63,95.9,483.3,827.6,0,73,,0.67125,,,,,,,,344.3
5447,4.98,9.41,95.7,476.6,900.5,0,73,,0.661944444,,,,,,,,423.9
5448,5.01,9.91,95.6,479,947.4,0,73,,0.665277778,,,,,,,,468.4
5449,5.02,10.42,95.5,479.4,995.1,0,72,,0.665833333,,,,,,,,515.7
5450,5.05,10.54,95.5,482.3,1006.6,0,72,,0.669861111,,,,,,,,524.3
5451,5.03,10.15,95.5,480.4,969.3,0,72,,0.667222222,,,,,,,,488.9
5452,4.99,9.6,95.6,477,917.8,0,72,,0.6625,,,,,,,,440.8
5453,4.99,9.68,95.6,477,925.4,0,72,,0.6625,,,,,,,,448.4
5454,4.97,9.7,95.5,474.6,926.4,0,73,,0.659166667,,,,,,,,451.8
5455,4.98,9.96,95.5,475.6,951.2,0,72,,0.660555556,,,,,,,,475.6
5456,5.02,10.34,95.5,479.4,987.5,0,72,,0.665833333,,,,,,,,508.1
5457,4.96,11.32,95.3,472.7,1078.8,0,72,,0.656527778,,,,,,,,606.1
5458,5.02,12.11,95.2,477.9,1152.9,0,71,,0.66375,,,,,,,,675
5459,5.08,13.29,94.9,482.1,1261.2,0,71,,0.669583333,,,,,,,,779.1
5460,4.91,13.42,94.9,466,1273.6,0,70,,0.647222222,,,,,,,,807.6
5461,4.98,13.56,94.8,472.1,1285.5,0,70,,0.655694444,,,,,,,,813.4
5462,4.95,11.84,95.1,470.7,1126,0,71,,0.65375,,,,,,,,655.3
5463,4.91,10.53,95.2,467.4,1002.5,0,72,,0.649166667,,,,,,,,535.1
5464,5.03,8.54,95.5,480.4,815.6,0,73,,0.667222222,,,,,,,,335.2
5465,4.89,6.84,95.7,468,654.6,0,74,,0.65,,,,,,,,186.6
5466,4.71,5.09,96.1,452.6,489.1,0,75,,0.628611111,,,,,,,,36.5
5467,4.73,3.27,96.3,455.5,314.9,0,76,,0.632638889,,,,,,,,-140.6
5468,4.63,2.38,96.5,446.8,229.7,0,77,,0.620555556,,,,,,,,-217.1
5469,4.73,1.61,96.7,457.4,155.7,0,77,,0.635277778,,,,,,,,-301.7
5470,4.38,2.69,96.5,422.7,259.6,0,77,,0.587083333,,,,,,,,-163.1
5471,4.73,3.01,96.5,456.4,290.5,0,77,,0.633888889,,,,,,,,-165.9
5472,4.72,3.64,96.4,455,350.9,0,76,,0.631944444,,,,,,,,-104.1
5473,4.79,4,96.4,461.8,385.6,0,76,,0.641388889,,,,,,,,-76.2
5474,4.89,4.27,96.3,470.9,411.2,0,76,,0.654027778,,,,,,,,-59.7
5475,4.89,3.97,96.4,471.4,382.7,0,76,,0.654722222,,,,,,,,-88.7
5476,4.85,4,96.4,467.5,385.6,0,76,,0.649305556,,,,,,,,-81.9
5477,4.21,4.73,96.3,405.4,455.5,0,76,,0.563055556,,,,,,,,50.1
5478,4.82,5.01,96.2,463.7,482,0,75,,0.644027778,,,,,,,,18.3
5479,4.75,5.71,96.1,456.5,548.7,0,75,,0.634027778,,,,,,,,92.2
5480,4.79,5.8,96.1,460.3,557.4,0,75,,0.639305556,,,,,,,,97.1
5481,4.77,5.87,96,457.9,563.5,0,75,,0.635972222,,,,,,,,105.6
5482,4.9,6.01,96.1,470.9,577.6,0,75,,0.654027778,,,,,,,,106.7
5483,4.92,6.49,95.9,471.8,622.4,0,74,,0.655277778,,,,,,,,150.6
5484,4.91,7.1,95.9,470.9,680.9,0,74,,0.654027778,,,,,,,,210
5485,4.89,7.44,95.8,468.5,712.8,0,74,,0.650694444,,,,,,,,244.3
5486,4.88,7.26,95.8,467.5,695.5,0,74,,0.649305556,,,,,,,,228
5487,4.91,7.02,95.8,470.4,672.5,0,74,,0.653333333,,,,,,,,202.1
5488,4.92,6.73,95.8,471.3,644.7,0,74,,0.654583333,,,,,,,,173.4
5489,4.92,6.65,95.8,471.3,637.1,0,74,,0.654583333,,,,,,,,165.8
5490,4.88,7.99,95.6,466.5,763.8,0,73,,0.647916667,,,,,,,,297.3
5491,4.92,7.99,95.6,470.4,763.8,0,73,,0.653333333,,,,,,,,293.4
5492,4.92,7.09,95.8,471.3,679.2,0,74,,0.654583333,,,,,,,,207.9
5493,4.69,6.43,95.8,449.3,616,0,74,,0.624027778,,,,,,,,166.7
5494,4.57,5.95,95.9,438.3,570.6,0,75,,0.60875,,,,,,,,132.3
5495,4.43,5.83,95.9,424.8,559.1,0,75,,0.59,,,,,,,,134.3
5496,3.44,4.61,96.1,330.6,443,0,76,,0.459166667,,,,,,,,112.4
5497,4.07,4.23,96.2,391.5,406.9,0,76,,0.54375,,,,,,,,15.4
5498,4.28,4.7,96.1,411.3,451.7,0,76,,0.57125,,,,,,,,40.4
5499,3.7,5.88,95.9,354.8,563.9,0,75,,0.492777778,,,,,,,,209.1
5500,3.74,6.62,95.8,358.3,634.2,0,75,,0.497638889,,,,,,,,275.9
5501,4.51,6.69,95.8,432.1,640.9,0,74,,0.600138889,,,,,,,,208.8
5502,3.35,7.28,95.7,320.6,696.7,0,74,,0.445277778,,,,,,,,376.1
5503,3.33,6.4,95.8,319,613.1,0,75,,0.443055556,,,,,,,,294.1
5504,3.35,5.57,95.9,321.3,534.2,0,75,,0.44625,,,,,,,,212.9
5505,4.38,5.16,96,420.5,495.4,0,75,,0.584027778,,,,,,,,74.9
5506,4.55,7.77,95.6,435,742.8,0,73,,0.604166667,,,,,,,,307.8
5507,4.24,10.8,95.2,403.6,1028.2,0,72,,0.560555556,,,,,,,,624.6
5508,3.66,7.97,95.5,349.5,761.1,0,74,,0.485416667,,,,,,,,411.6
5509,4.01,3.42,96.1,385.4,328.7,0,77,,0.535277778,,,,,,,,-56.7
5510,4.28,1.52,96.5,413,146.7,0,77,,0.573611111,,,,,,,,-266.3
5511,4.47,3.27,96.3,430.5,314.9,0,76,,0.597916667,,,,,,,,-115.6
5512,3.22,4.67,96.1,309.4,448.8,0,76,,0.429722222,,,,,,,,139.4
5513,4.41,4.37,96.1,423.8,420,0,76,,0.588611111,,,,,,,,-3.8
5514,4.05,5.3,96,388.8,508.8,0,75,,0.54,,,,,,,,120
5515,3.44,6.62,95.7,329.2,633.5,0,75,,0.457222222,,,,,,,,304.3
5516,4.58,6.22,95.8,438.8,595.9,0,74,,0.609444444,,,,,,,,157.1
5517,4.27,6.63,95.8,409.1,635.2,0,74,,0.568194444,,,,,,,,226.1
5518,4.45,6.24,95.8,426.3,597.8,0,75,,0.592083333,,,,,,,,171.5
5519,4.5,5.18,95.9,431.6,496.8,0,75,,0.599444444,,,,,,,,65.2
5520,3.08,6.32,95.8,295.1,605.5,0,75,,0.409861111,,,,,,,,310.4
5521,2.55,6.97,95.6,243.8,666.3,0,75,,0.338611111,,,,,,,,422.5
5522,3.93,6.09,95.8,376.5,583.4,0,75,,0.522916667,,,,,,,,206.9
5523,2.93,6.36,95.7,280.4,608.7,0,75,,0.389444444,,,,,,,,328.3
5524,2.54,7.28,95.6,242.8,696,0,75,,0.337222222,,,,,,,,453.2
5525,3.74,6.41,95.7,357.9,613.4,0,75,,0.497083333,,,,,,,,255.5
5526,3.23,6.96,95.6,308.8,665.4,0,75,,0.428888889,,,,,,,,356.6
5527,2.99,7.21,95.5,285.5,688.6,0,74,,0.396527778,,,,,,,,403.1
5528,3.56,7.39,95.5,340,705.7,0,74,,0.472222222,,,,,,,,365.7
5529,2.75,8.26,95.4,262.4,788,0,74,,0.364444444,,,,,,,,525.6
5530,4.57,6.67,95.6,436.9,637.7,0,74,,0.606805556,,,,,,,,200.8
5531,3.2,7.62,95.5,305.6,727.7,0,74,,0.424444444,,,,,,,,422.1
5532,4.62,7.08,95.5,441.2,676.1,0,74,,0.612777778,,,,,,,,234.9
5533,2.99,7.87,95.4,285.2,750.8,0,74,,0.396111111,,,,,,,,465.6
5534,4.54,6.79,95.5,433.6,648.4,0,74,,0.602222222,,,,,,,,214.8
5535,3.52,6.85,95.6,336.5,654.9,0,74,,0.467361111,,,,,,,,318.4
5536,3.56,6.68,95.5,340,637.9,0,75,,0.472222222,,,,,,,,297.9
5537,4.54,5.98,95.7,434.5,572.3,0,75,,0.603472222,,,,,,,,137.8
5538,2.22,7.5,95.4,211.8,715.5,0,75,,0.294166667,,,,,,,,503.7
5539,4.75,5.79,95.7,454.6,554.1,0,74,,0.631388889,,,,,,,,99.5
5540,4.53,6.07,95.7,433.5,580.9,0,74,,0.602083333,,,,,,,,147.4
5541,3.21,7.29,95.4,306.2,695.5,0,74,,0.425277778,,,,,,,,389.3
5542,3.6,7.37,95.4,343.4,703.1,0,74,,0.476944444,,,,,,,,359.7
5543,4.79,6.49,95.5,457.4,619.8,0,74,,0.635277778,,,,,,,,162.4
5544,3.75,7.18,95.5,358.1,685.7,0,74,,0.497361111,,,,,,,,327.6
5545,4.75,6.24,95.6,454.1,596.5,0,74,,0.630694444,,,,,,,,142.4
5546,3.58,7.96,95.3,341.2,758.6,0,74,,0.473888889,,,,,,,,417.4
5547,4.23,8.3,95.3,403.1,791,0,73,,0.559861111,,,,,,,,387.9
5548,4.79,9.31,95.1,455.5,885.4,0,72,,0.632638889,,,,,,,,429.9
5549,4.74,9.49,95,450.3,901.6,0,72,,0.625416667,,,,,,,,451.3
5550,1.4,11.78,94.7,132.6,1115.6,0,72,,0.184166667,,,,,,,,983
5551,4.68,9.3,95,444.6,883.5,0,72,,0.6175,,,,,,,,438.9
5552,4.6,9.16,95,437,870.2,0,72,,0.606944444,,,,,,,,433.2
5553,4.73,9.12,95,449.4,866.4,0,72,,0.624166667,,,,,,,,417
5554,4.77,9.8,95,453.2,931,0,72,,0.629444444,,,,,,,,477.8
5555,4.71,10.28,94.8,446.5,974.5,0,72,,0.620138889,,,,,,,,528
5556,4.52,8.95,95,429.4,850.3,0,73,,0.596388889,,,,,,,,420.9
5557,4.61,7.64,95.2,438.9,727.3,0,74,,0.609583333,,,,,,,,288.4
5558,3.99,6.1,95.5,381,582.6,0,75,,0.529166667,,,,,,,,201.6
5559,3.44,4.36,95.7,329.2,417.3,0,76,,0.457222222,,,,,,,,88.1
5560,2.49,3.09,95.9,238.8,296.3,0,77,,0.331666667,,,,,,,,57.5
5561,3.81,2.03,96.1,366.1,195.1,0,77,,0.508472222,,,,,,,,-171
5562,4.44,2.44,96.1,426.7,234.5,0,77,,0.592638889,,,,,,,,-192.2
5563,4.37,3.17,96,419.5,304.3,0,76,,0.582638889,,,,,,,,-115.2
5564,4.22,3.3,96,405.1,316.8,0,76,,0.562638889,,,,,,,,-88.3
5565,4.5,2.45,96.1,432.5,235.4,0,77,,0.600694444,,,,,,,,-197.1
5566,4.44,0.61,96.4,428,58.8,0,78,,0.594444444,,,,,,,,-369.2
5567,3.32,0.45,96.4,320,43.4,0,79,,0.444444444,,,,,,,,-276.6
5568,3.28,1.46,96.3,315.9,140.6,0,78,,0.43875,,,,,,,,-175.3
5569,4.31,1.76,96.3,415.1,169.5,0,77,,0.576527778,,,,,,,,-245.6
5570,4.39,2.98,96.1,421.9,286.4,0,77,,0.585972222,,,,,,,,-135.5
5571,2.86,4.64,95.9,274.3,445,0,76,,0.380972222,,,,,,,,170.7
5572,2.84,4.97,95.8,272.1,476.1,0,76,,0.377916667,,,,,,,,204
5573,4.22,4.94,95.8,404.3,473.3,0,75,,0.561527778,,,,,,,,69
5574,2.63,6.36,95.5,251.2,607.4,0,75,,0.348888889,,,,,,,,356.2
5575,2.71,6.83,95.5,258.8,652.3,0,75,,0.359444444,,,,,,,,393.5
5576,3.97,6.34,95.5,379.1,605.5,0,74,,0.526527778,,,,,,,,226.4
5577,4.26,6.01,95.6,407.3,574.6,0,74,,0.565694444,,,,,,,,167.3
5578,3.51,6.77,95.5,335.2,646.5,0,74,,0.465555556,,,,,,,,311.3
5579,4.26,6.17,95.5,406.8,589.2,0,74,,0.565,,,,,,,,182.4
5580,4.32,6.14,95.5,412.6,586.4,0,74,,0.573055556,,,,,,,,173.8
5581,3.65,6.79,95.4,348.2,647.8,0,74,,0.483611111,,,,,,,,299.6
5582,4.01,6.69,95.4,382.6,638.2,0,74,,0.531388889,,,,,,,,255.6
5583,4.39,6.83,95.4,418.8,651.6,0,74,,0.581666667,,,,,,,,232.8
5584,3.68,7.73,95.2,350.3,735.9,0,74,,0.486527778,,,,,,,,385.6
5585,4.19,7.99,95.1,398.5,759.8,0,73,,0.553472222,,,,,,,,361.3
5586,4.31,8.2,95.1,409.9,779.8,0,73,,0.569305556,,,,,,,,369.9
5587,4.4,7.52,95.2,418.9,715.9,0,73,,0.581805556,,,,,,,,297
5588,4.39,6.17,95.4,418.8,588.6,0,74,,0.581666667,,,,,,,,169.8
5589,4.48,5.55,95.4,427.4,529.5,0,75,,0.593611111,,,,,,,,102.1
5590,4.48,5.86,95.4,427.4,559,0,75,,0.593611111,,,,,,,,131.6
5591,4.4,6.31,95.4,419.8,602,0,74,,0.583055556,,,,,,,,182.2
5592,4.49,6.09,95.4,428.3,581,0,74,,0.594861111,,,,,,,,152.7
5593,3.99,6.43,95.3,380.2,612.8,0,74,,0.528055556,,,,,,,,232.6
5594,4.46,7.6,95.2,424.6,723.5,0,73,,0.589722222,,,,,,,,298.9
5595,4,7.29,95.1,380.4,693.3,0,74,,0.528333333,,,,,,,,312.9
5596,4.67,6.32,95.3,445.1,602.3,0,74,,0.618194444,,,,,,,,157.2
5597,4.61,5.78,95.5,440.3,552,0,73,,0.611527778,,,,,,,,111.7
5598,4.43,11.59,94.6,419.1,1096.4,0,73,,0.582083333,,,,,,,,677.3
5599,4.7,10.39,94.7,445.1,983.9,0,75,,0.618194444,,,,,,,,538.8
5600,4.6,10.5,94.6,435.2,993.3,0,75,,0.604444444,,,,,,,,558.1
5601,4.47,12.42,94.4,422,1172.4,0,75,,0.586111111,,,,,,,,750.4
5602,4.49,12.23,94.3,423.4,1153.3,0,75,,0.588055556,,,,,,,,729.9
5603,4.52,11.21,94.5,427.1,1059.3,0,77,,0.593194444,,,,,,,,632.2
5604,4.3,9.14,94.7,407.2,865.6,0,78,,0.565555556,,,,,,,,458.4
5605,4.36,8.83,94.8,413.3,837.1,0,79,,0.574027778,,,,,,,,423.8
5606,4.58,8.96,94.7,433.7,848.5,0,79,,0.602361111,,,,,,,,414.8
5607,4.3,9.24,94.7,407.2,875,0,79,,0.565555556,,,,,,,,467.8
5608,4.4,8.81,94.7,416.7,834.3,0,78,,0.57875,,,,,,,,417.6
5609,4.46,8.25,94.8,422.8,782.1,0,79,,0.587222222,,,,,,,,359.3
5610,3.95,9.1,94.7,374.1,861.8,0,78,,0.519583333,,,,,,,,487.7
5611,3.68,10.86,94.4,347.4,1025.2,0,78,,0.4825,,,,,,,,677.8
5612,4.43,10.91,94.4,418.2,1029.9,0,77,,0.580833333,,,,,,,,611.7
5613,3.16,12.23,94.2,297.7,1152.1,0,77,,0.413472222,,,,,,,,854.4
5614,4.36,11.89,94.2,410.7,1120,0,76,,0.570416667,,,,,,,,709.3
5615,4.47,11.61,94.2,421.1,1093.7,0,76,,0.584861111,,,,,,,,672.6
5616,4.33,11.28,94.3,408.3,1063.7,0,77,,0.567083333,,,,,,,,655.4
5617,4.43,10.74,94.3,417.7,1012.8,0,78,,0.580138889,,,,,,,,595.1
5618,4.32,7.94,94.7,409.1,751.9,0,79,,0.568194444,,,,,,,,342.8
5619,4.43,6.72,94.9,420.4,637.7,0,80,,0.583888889,,,,,,,,217.3
5620,4.47,6.32,94.9,424.2,599.8,0,80,,0.589166667,,,,,,,,175.6
5621,4.5,6.59,94.9,427.1,625.4,0,80,,0.593194444,,,,,,,,198.3
5622,2.98,7.79,94.8,282.5,738.5,0,80,,0.392361111,,,,,,,,456
5623,4.3,7.9,94.8,407.6,748.9,0,79,,0.566111111,,,,,,,,341.3
5624,4.29,6.94,94.9,407.1,658.6,0,80,,0.565416667,,,,,,,,251.5
5625,4.51,6.05,95,428.5,574.8,0,80,,0.595138889,,,,,,,,146.3
5626,4.52,5.56,95.1,429.9,528.8,0,80,,0.597083333,,,,,,,,98.9
5627,4.49,5.46,95.1,427,519.2,0,81,,0.593055556,,,,,,,,92.2
5628,4.49,4.72,95.3,427.9,449.8,0,81,,0.594305556,,,,,,,,21.9
5629,3.98,5.3,95.2,378.9,504.6,0,81,,0.52625,,,,,,,,125.7
5630,4.35,5.29,95.2,414.1,503.6,0,81,,0.575138889,,,,,,,,89.5
5631,4.81,5.03,95.2,457.9,478.9,0,81,,0.635972222,,,,,,,,21
5632,4.09,5.64,95.2,389.4,536.9,0,81,,0.540833333,,,,,,,,147.5
5633,3.22,5.53,95.2,306.5,526.5,0,81,,0.425694444,,,,,,,,220
5634,2.56,5.58,95.2,243.7,531.2,0,82,,0.338472222,,,,,,,,287.5
5635,1.83,6.02,95.1,174,572.5,0,82,,0.241666667,,,,,,,,398.5
5636,2.14,5.92,95.1,203.5,563,0,82,,0.282638889,,,,,,,,359.5
5637,3.62,5.5,95.2,344.6,523.6,0,81,,0.478611111,,,,,,,,179
5638,2.27,7.5,94.9,215.4,711.8,0,80,,0.299166667,,,,,,,,496.4
5639,1.73,8.49,94.8,164,804.9,0,80,,0.227777778,,,,,,,,640.9
5640,3.22,7.84,94.7,304.9,742.4,0,80,,0.423472222,,,,,,,,437.5
5641,2.91,7.9,94.8,275.9,748.9,0,80,,0.383194444,,,,,,,,473
5642,2.2,8.76,94.7,208.3,829.6,0,80,,0.289305556,,,,,,,,621.3
5643,1.62,9.55,94.5,153.1,902.5,0,79,,0.212638889,,,,,,,,749.4
5644,2.84,9.11,94.5,268.4,860.9,0,79,,0.372777778,,,,,,,,592.5
5645,4.04,8.1,94.7,382.6,767.1,0,79,,0.531388889,,,,,,,,384.5
5646,2.97,8.12,94.7,281.3,769,0,79,,0.390694444,,,,,,,,487.7
5647,2.83,8.65,94.5,267.4,817.4,0,79,,0.371388889,,,,,,,,550
5648,4.35,8.41,94.6,411.5,795.6,0,79,,0.571527778,,,,,,,,384.1
5649,4.29,8.26,94.6,405.8,781.4,0,79,,0.563611111,,,,,,,,375.6
5650,2.73,9.02,94.5,258,852.4,0,79,,0.358333333,,,,,,,,594.4
5651,2.44,8.9,94.5,230.6,841.1,0,79,,0.320277778,,,,,,,,610.5
5652,4.55,7.56,94.7,430.9,715.9,0,79,,0.598472222,,,,,,,,285
5653,4.18,7.99,94.6,395.4,755.9,0,79,,0.549166667,,,,,,,,360.5
5654,2.28,11.5,94.1,214.5,1082.2,0,78,,0.297916667,,,,,,,,867.7
5655,4.3,7.9,94.6,406.8,747.3,0,79,,0.565,,,,,,,,340.5
5656,3.69,7.48,94.6,349.1,707.6,0,79,,0.484861111,,,,,,,,358.5
5657,4.46,6.76,94.8,422.8,640.8,0,80,,0.587222222,,,,,,,,218
5658,1.32,9.27,94.4,124.6,875.1,0,80,,0.173055556,,,,,,,,750.5
5659,4.5,7.82,94.6,425.7,739.8,0,79,,0.59125,,,,,,,,314.1
5660,4.16,7.51,94.7,394,711.2,0,79,,0.547222222,,,,,,,,317.2
5661,4.15,5.45,95,394.3,517.8,0,81,,0.547638889,,,,,,,,123.5
5662,4.15,5.14,95,394.3,488.3,0,81,,0.547638889,,,,,,,,94
5663,4.15,5.64,94.9,393.8,535.2,0,81,,0.546944444,,,,,,,,141.4
5664,4.54,4.99,95,431.3,474.1,0,80,,0.599027778,,,,,,,,42.8
5665,2.03,7.57,94.6,192,716.1,0,80,,0.266666667,,,,,,,,524.1
5666,4.45,6.3,94.8,421.9,597.2,0,80,,0.585972222,,,,,,,,175.3
5667,4.68,6.84,94.7,443.2,647.7,0,79,,0.615555556,,,,,,,,204.5
5668,4.19,7.48,94.6,396.4,707.6,0,79,,0.550555556,,,,,,,,311.2
5669,4.56,9.27,94.4,430.5,875.1,0,78,,0.597916667,,,,,,,,444.6
5670,4.3,11.59,94,404.2,1089.5,0,76,,0.561388889,,,,,,,,685.3
5671,4.42,10.96,94,415.5,1030.2,0,77,,0.577083333,,,,,,,,614.7
5672,3,11.4,94,282,1071.6,0,78,,0.391666667,,,,,,,,789.6
5673,4.38,10.38,94.1,412.2,976.8,0,77,,0.5725,,,,,,,,564.6
5674,1.13,11.6,93.9,106.1,1089.2,0,78,,0.147361111,,,,,,,,983.1
5675,4.22,8.23,94.3,397.9,776.1,0,79,,0.552638889,,,,,,,,378.2
5676,4.2,7.56,94.5,396.9,714.4,0,79,,0.55125,,,,,,,,317.5
5677,2.87,8.46,94.3,270.6,797.8,0,79,,0.375833333,,,,,,,,527.2
5678,4.35,7.69,94.4,410.6,725.9,0,79,,0.570277778,,,,,,,,315.3
5679,1.8,9.45,94.1,169.4,889.2,0,79,,0.235277778,,,,,,,,719.8
5680,3.47,8.57,94.3,327.2,808.2,0,79,,0.454444444,,,,,,,,481
5681,3.62,6.66,94.6,342.5,630,0,80,,0.475694444,,,,,,,,287.5
5682,4.39,5.79,94.8,416.2,548.9,0,80,,0.578055556,,,,,,,,132.7
5683,3.04,5.67,94.8,288.2,537.5,0,81,,0.400277778,,,,,,,,249.3
5684,4.22,4.94,94.9,400.5,468.8,0,81,,0.55625,,,,,,,,68.3
5685,4.31,4.81,94.9,409,456.5,0,81,,0.568055556,,,,,,,,47.5
5686,3.32,6.41,94.7,314.4,607,0,80,,0.436666667,,,,,,,,292.6
5687,1.8,8.06,94.4,169.9,760.9,0,80,,0.235972222,,,,,,,,591
5688,4.25,6.92,94.5,401.6,653.9,0,79,,0.557777778,,,,,,,,252.3
5689,2.35,0.94,95.5,224.4,89.8,0,78,,0.311666667,,,,,,,,-134.6
5690,4.12,2.39,95.4,393,228,0,76,,0.545833333,,,,,,,,-165
5691,3.08,5.96,94.8,292,565,0,75,,0.405555556,,,,,,,,273
5692,4.5,5.16,94.9,427.1,489.7,0,74,,0.593194444,,,,,,,,62.6
5693,4.44,6.75,94.7,420.5,639.2,0,73,,0.584027778,,,,,,,,218.7
5694,4.1,7.28,94.5,387.5,688,0,73,,0.538194444,,,,,,,,300.5
5695,4.2,8.32,94.4,396.5,785.4,0,73,,0.550694444,,,,,,,,388.9
5696,4.5,5.81,94.7,426.2,550.2,0,74,,0.591944444,,,,,,,,124
5697,4.4,4.66,94.9,417.6,442.2,0,75,,0.58,,,,,,,,24.6
5698,1.77,5.98,94.8,167.8,566.9,0,75,,0.233055556,,,,,,,,399.1
5699,4.52,4.03,95.1,429.9,383.3,0,75,,0.597083333,,,,,,,,-46.6
5700,1.85,6.38,94.7,175.2,604.2,0,75,,0.243333333,,,,,,,,429
5701,3.25,5.48,94.8,308.1,519.5,0,75,,0.427916667,,,,,,,,211.4
5702,3.28,4.72,94.9,311.3,447.9,0,75,,0.432361111,,,,,,,,136.6
5703,2.33,5.58,94.8,220.9,529,0,75,,0.306805556,,,,,,,,308.1
5704,3.79,4.08,95,360.1,387.6,0,75,,0.500138889,,,,,,,,27.5
5705,2.64,4.56,95,250.8,433.2,0,75,,0.348333333,,,,,,,,182.4
5706,2.33,5.75,94.8,220.9,545.1,0,75,,0.306805556,,,,,,,,324.2
5707,2.96,5.66,94.8,280.6,536.6,0,75,,0.389722222,,,,,,,,256
5708,4.05,4.89,94.9,384.3,464.1,0,75,,0.53375,,,,,,,,79.8
5709,3.58,4.56,95,340.1,433.2,0,75,,0.472361111,,,,,,,,93.1
5710,3.19,4.56,95,303.1,433.2,0,75,,0.420972222,,,,,,,,130.1
5711,3.24,4.86,94.9,307.5,461.2,0,75,,0.427083333,,,,,,,,153.7
5712,2.16,5.41,94.8,204.8,512.9,0,75,,0.284444444,,,,,,,,308.1
5713,2.17,5.04,94.9,205.9,478.3,0,75,,0.285972222,,,,,,,,272.4
5714,4.56,4.02,95,433.2,381.9,0,75,,0.601666667,,,,,,,,-51.3
5715,3.72,5.27,94.9,353,500.1,0,74,,0.490277778,,,,,,,,147.1
5716,3.99,4.6,94.9,378.7,436.5,0,75,,0.525972222,,,,,,,,57.8
5717,2.83,4.89,94.9,268.6,464.1,0,75,,0.373055556,,,,,,,,195.5
5718,4.3,4.54,94.9,408.1,430.8,0,75,,0.566805556,,,,,,,,22.7
5719,4.33,5.28,94.8,410.5,500.5,0,74,,0.570138889,,,,,,,,90
5720,4.33,5.21,94.8,410.5,493.9,0,74,,0.570138889,,,,,,,,83.4
5721,4.38,5.58,94.7,414.8,528.4,0,74,,0.576111111,,,,,,,,113.6
5722,3.54,6.75,94.6,334.9,638.6,0,74,,0.465138889,,,,,,,,303.7
5723,3.47,6.56,94.6,328.3,620.6,0,74,,0.455972222,,,,,,,,292.3
5724,4.25,6.65,94.6,402.1,629.1,0,73,,0.558472222,,,,,,,,227
5725,1.62,8.92,94.2,152.6,840.3,0,73,,0.211944444,,,,,,,,687.7
5726,3.93,7.38,94.4,371,696.7,0,73,,0.515277778,,,,,,,,325.7
5727,4.2,6.57,94.5,396.9,620.9,0,73,,0.55125,,,,,,,,224
5728,4.2,6.28,94.5,396.9,593.5,0,74,,0.55125,,,,,,,,196.6
5729,2.58,6.77,94.5,243.8,639.8,0,74,,0.338611111,,,,,,,,396
5730,4.26,5.28,94.7,403.4,500,0,74,,0.560277778,,,,,,,,96.6
5731,3.6,5.87,94.6,340.6,555.3,0,74,,0.473055556,,,,,,,,214.7
5732,2.88,6.27,94.5,272.2,592.5,0,74,,0.378055556,,,,,,,,320.3
5733,1.38,7.74,94.3,130.1,729.9,0,74,,0.180694444,,,,,,,,599.8
5734,1.34,8.25,94.2,126.2,777.2,0,73,,0.175277778,,,,,,,,651
5735,1.66,7.78,94.3,156.5,733.7,0,74,,0.217361111,,,,,,,,577.2
5736,1.19,7.94,94.2,112.1,747.9,0,74,,0.155694444,,,,,,,,635.8
5737,3.97,6.19,94.5,375.2,585,0,74,,0.521111111,,,,,,,,209.8
5738,4.14,6.03,94.5,391.2,569.8,0,74,,0.543333333,,,,,,,,178.6
5739,3.4,6.3,94.5,321.3,595.4,0,74,,0.44625,,,,,,,,274.1
5740,1.98,7.21,94.3,186.7,679.9,0,74,,0.259305556,,,,,,,,493.2
5741,3.35,7.17,94.3,315.9,676.1,0,73,,0.43875,,,,,,,,360.2
5742,2.49,7.72,94.2,234.6,727.2,0,73,,0.325833333,,,,,,,,492.6
5743,2.55,7.51,94.3,240.5,708.2,0,73,,0.334027778,,,,,,,,467.7
5744,4.06,6.38,94.4,383.3,602.3,0,74,,0.532361111,,,,,,,,219
5745,3.38,6.44,94.4,319.1,607.9,0,74,,0.443194444,,,,,,,,288.8
5746,3.5,7.26,94.2,329.7,683.9,0,73,,0.457916667,,,,,,,,354.2
5747,3.94,6.77,94.3,371.5,638.4,0,73,,0.515972222,,,,,,,,266.9
5748,2.19,7.1,94.3,206.5,669.5,0,74,,0.286805556,,,,,,,,463
5749,2.97,6.27,94.4,280.4,591.9,0,74,,0.389444444,,,,,,,,311.5
5750,3.3,5.6,94.5,311.9,529.2,0,74,,0.433194444,,,,,,,,217.3
5751,2.63,6.31,94.4,248.3,595.7,0,74,,0.344861111,,,,,,,,347.4
5752,2.29,6.74,94.3,215.9,635.6,0,74,,0.299861111,,,,,,,,419.7
5753,3.9,6.03,94.4,368.2,569.2,0,74,,0.511388889,,,,,,,,201
5754,1.34,8.38,94.1,126.1,788.6,0,73,,0.175138889,,,,,,,,662.5
5755,2.12,8.31,94.1,199.5,782,0,73,,0.277083333,,,,,,,,582.5
5756,2.64,7.99,94.1,248.4,751.9,0,73,,0.345,,,,,,,,503.5
5757,3.37,6.33,94.3,317.8,596.9,0,74,,0.441388889,,,,,,,,279.1
5758,3.88,5.99,94.4,366.3,565.5,0,74,,0.50875,,,,,,,,199.2
5759,1.6,7.43,94.2,150.7,699.9,0,74,,0.209305556,,,,,,,,549.2
5760,2.81,7.1,94.2,264.7,668.8,0,74,,0.367638889,,,,,,,,404.1
5761,3.19,6.52,94.3,300.8,614.8,0,74,,0.417777778,,,,,,,,314
5762,2.46,6.85,94.2,231.7,645.3,0,74,,0.321805556,,,,,,,,413.6
5763,2.84,7.07,94.2,267.5,666,0,74,,0.371527778,,,,,,,,398.5
5764,3.74,6.31,94.3,352.7,595,0,73,,0.489861111,,,,,,,,242.3
5765,3.73,6.53,94.2,351.4,615.1,0,73,,0.488055556,,,,,,,,263.7
5766,3.74,7.07,94.1,351.9,665.3,0,73,,0.48875,,,,,,,,313.4
5767,3.76,6.41,94.3,354.6,604.5,0,73,,0.4925,,,,,,,,249.9
5768,1.99,9.12,93.9,186.9,856.4,0,73,,0.259583333,,,,,,,,669.5
5769,3.88,8.94,93.8,363.9,838.6,0,72,,0.505416667,,,,,,,,474.7
5770,3.99,8.65,93.9,374.7,812.2,0,72,,0.520416667,,,,,,,,437.5
5771,1.52,10.81,93.6,142.3,1011.8,0,72,,0.197638889,,,,,,,,869.5
5772,3.89,8.01,93.9,365.3,752.1,0,72,,0.507361111,,,,,,,,386.8
5773,3.79,8.76,93.8,355.5,821.7,0,72,,0.49375,,,,,,,,466.2
5774,3.89,8.51,93.8,364.9,798.2,0,72,,0.506805556,,,,,,,,433.3
5775,3.81,8.05,93.9,357.8,755.9,0,72,,0.496944444,,,,,,,,398.1
5776,2.38,7.62,93.9,223.5,715.5,0,73,,0.310416667,,,,,,,,492
5777,3.21,5.86,94.3,302.7,552.6,0,74,,0.420416667,,,,,,,,249.9
5778,3.78,5.31,94.3,356.5,500.7,0,74,,0.495138889,,,,,,,,144.2
5779,3.64,4.72,94.4,343.6,445.6,0,75,,0.477222222,,,,,,,,102
5780,3.82,4.01,94.5,361,378.9,0,75,,0.501388889,,,,,,,,17.9
5781,3.35,4.83,94.4,316.2,456,0,75,,0.439166667,,,,,,,,139.8
5782,3.82,4.3,94.5,361,406.4,0,75,,0.501388889,,,,,,,,45.4
5783,2.43,6.62,94.2,228.9,623.6,0,74,,0.317916667,,,,,,,,394.7
5784,3.08,6.82,94.1,289.8,641.8,0,74,,0.4025,,,,,,,,352
5785,3.77,5.94,94.2,355.1,559.5,0,74,,0.493194444,,,,,,,,204.4
5786,1.93,7.03,94.1,181.6,661.5,0,74,,0.252222222,,,,,,,,479.9
5787,3.4,6.59,94.1,319.9,620.1,0,73,,0.444305556,,,,,,,,300.2
5788,3.33,7.81,93.9,312.7,733.4,0,73,,0.434305556,,,,,,,,420.7
5789,3.54,7.35,94,332.8,690.9,0,73,,0.462222222,,,,,,,,358.1
5790,2.03,-1.67,95.4,193.7,-159.3,0,71,,0.269027778,,,,,,,,-353
5791,2.6,-2.14,95.5,248.3,-204.4,0,67,,0.344861111,,,,,,,,-452.7
5792,3.71,-3.16,95.7,355,-302.4,0,64,,0.493055556,,,,,,,,-657.4
5793,3.29,-2.79,95.6,314.5,-266.7,0,63,,0.436805556,,,,,,,,-581.2
5794,3.97,-3.41,95.9,380.7,-327,0,60,,0.52875,,,,,,,,-707.7
5795,2.45,-2.01,95.7,234.5,-192.4,0,58,,0.325694444,,,,,,,,-426.9
5796,1.65,-1.27,95.6,157.7,-121.4,0,55,,0.219027778,,,,,,,,-279.1
5797,3.96,21.01,92.4,365.9,1941.3,0,60,,0.508194444,,,,,,,,1575.4
5798,3.87,20.07,92.3,357.2,1852.5,0,66,,0.496111111,,,,,,,,1495.3
5799,3.55,14.11,93,330.2,1312.2,0,69,,0.458611111,,,,,,,,982
5800,2.83,11.91,93.3,264,1111.2,0,71,,0.366666667,,,,,,,,847.2
5801,2.69,11.47,93.3,251,1070.2,0,71,,0.348611111,,,,,,,,819.2
5802,3.47,10.75,93.4,324.1,1004.1,0,71,,0.450138889,,,,,,,,680
5803,3.39,9.01,93.6,317.3,843.3,0,72,,0.440694444,,,,,,,,526
5804,2.87,9.1,93.6,268.6,851.8,0,72,,0.373055556,,,,,,,,583.2
5805,3.21,7.84,93.7,300.8,734.6,0,72,,0.417777778,,,,,,,,433.8
5806,2.71,9.26,93.6,253.7,866.7,0,72,,0.352361111,,,,,,,,613
5807,3.21,8.26,93.6,300.5,773.1,0,73,,0.417361111,,,,,,,,472.6
5808,3.63,7.06,93.8,340.5,662.2,0,73,,0.472916667,,,,,,,,321.7
5809,2.35,9.05,93.6,220,847.1,0,72,,0.305555556,,,,,,,,627.1
5810,3.62,8.02,93.7,339.2,751.5,0,73,,0.471111111,,,,,,,,412.3
5811,3.57,6.39,93.9,335.2,600,0,73,,0.465555556,,,,,,,,264.8
5812,1.11,5.92,94,104.3,556.5,0,75,,0.144861111,,,,,,,,452.2
5813,2.18,4.29,94.3,205.6,404.5,0,75,,0.285555556,,,,,,,,198.9
5814,2.53,5.12,94.2,238.3,482.3,0,75,,0.330972222,,,,,,,,244
5815,3.38,5.53,94.1,318.1,520.4,0,74,,0.441805556,,,,,,,,202.3
5816,3.6,5.91,94.1,338.8,556.1,0,74,,0.470555556,,,,,,,,217.3
5817,3.67,6.76,93.9,344.6,634.8,0,73,,0.478611111,,,,,,,,290.2
5818,1.92,6.84,93.9,180.3,642.3,0,74,,0.250416667,,,,,,,,462
5819,3.58,5.81,94,336.5,546.1,0,73,,0.467361111,,,,,,,,209.6
5820,1.98,6.68,93.9,185.9,627.3,0,74,,0.258194444,,,,,,,,441.4
5821,1.04,7.42,93.8,97.6,696,0,74,,0.135555556,,,,,,,,598.4
5822,1.43,7.59,93.7,134,711.2,0,73,,0.186111111,,,,,,,,577.2
5823,1.12,7.57,93.8,105.1,710.1,0,74,,0.145972222,,,,,,,,605
5824,1.6,7.28,93.8,150.1,682.9,0,73,,0.208472222,,,,,,,,532.8
5825,2.45,7.54,93.7,229.6,706.5,0,73,,0.318888889,,,,,,,,476.9
5826,2.86,6.93,93.8,268.3,650,0,73,,0.372638889,,,,,,,,381.7
5827,2.93,7.53,93.7,274.5,705.6,0,73,,0.38125,,,,,,,,431.1
5828,3.69,7.21,93.8,346.1,676.3,0,73,,0.480694444,,,,,,,,330.2
5829,1.76,7.7,93.7,164.9,721.5,0,73,,0.229027778,,,,,,,,556.6
5830,1.4,8.33,93.6,131,779.7,0,73,,0.181944444,,,,,,,,648.7
5831,2.99,7.3,93.7,280.2,684,0,73,,0.389166667,,,,,,,,403.8
5832,2.09,7.59,93.7,195.8,711.2,0,73,,0.271944444,,,,,,,,515.4
5833,1.32,8.31,93.5,123.4,777,0,73,,0.171388889,,,,,,,,653.6
5834,2.07,8.14,93.5,193.5,761.1,0,73,,0.26875,,,,,,,,567.6
5835,2.99,7.82,93.6,279.9,732,0,73,,0.38875,,,,,,,,452.1
5836,1.21,9.38,93.3,112.9,875.2,0,73,,0.156805556,,,,,,,,762.3
5837,1.98,8.87,93.4,184.9,828.5,0,73,,0.256805556,,,,,,,,643.6
5838,2.51,8.45,93.5,234.7,790.1,0,73,,0.325972222,,,,,,,,555.4
5839,1.34,9.27,93.3,125,864.9,0,73,,0.173611111,,,,,,,,739.9
5840,3.13,8.11,93.5,292.7,758.3,0,72,,0.406527778,,,,,,,,465.6
5841,3.03,8.12,93.4,283,758.4,0,72,,0.393055556,,,,,,,,475.4
5842,2.77,7.89,93.5,259,737.7,0,72,,0.359722222,,,,,,,,478.7
5843,2.75,7.58,93.6,257.4,709.5,0,72,,0.3575,,,,,,,,452.1
5844,3.39,7.02,93.6,317.3,657.1,0,73,,0.440694444,,,,,,,,339.8
5845,3.74,6.96,93.6,350.1,651.5,0,72,,0.48625,,,,,,,,301.4
5846,3.88,7.57,93.5,362.8,707.8,0,72,,0.503888889,,,,,,,,345
5847,3.84,8.22,93.4,358.7,767.7,0,72,,0.498194444,,,,,,,,409
5848,3.64,9.37,93.3,339.6,874.2,0,71,,0.471666667,,,,,,,,534.6
5849,2.16,12.2,92.8,200.4,1132.2,0,70,,0.278333333,,,,,,,,931.8
5850,4.01,12.32,92.8,372.1,1143.3,0,70,,0.516805556,,,,,,,,771.2
5851,3.78,11.88,92.9,351.2,1103.7,0,70,,0.487777778,,,,,,,,752.5
5852,3.21,11.74,92.8,297.9,1089.5,0,70,,0.41375,,,,,,,,791.6
5853,1.22,10.48,93,113.5,974.6,0,71,,0.157638889,,,,,,,,861.1
5854,3.58,7.82,93.4,334.4,730.4,0,72,,0.464444444,,,,,,,,396
5855,3.95,7.25,93.4,368.9,677.2,0,72,,0.512361111,,,,,,,,308.3
5856,2.45,7.48,93.4,228.8,698.6,0,73,,0.317777778,,,,,,,,469.8
5857,3.68,6.78,93.5,344.1,633.9,0,73,,0.477916667,,,,,,,,289.8
5858,2.55,7.04,93.5,238.4,658.2,0,73,,0.331111111,,,,,,,,419.8
5859,3.65,5.78,93.6,341.6,541,0,74,,0.474444444,,,,,,,,199.4
5860,3.61,5.46,93.7,338.3,511.6,0,73,,0.469861111,,,,,,,,173.3
5861,3.49,5.88,93.7,327,551,0,73,,0.454166667,,,,,,,,224
5862,2.99,5.89,93.6,279.9,551.3,0,74,,0.38875,,,,,,,,271.4
5863,3.62,5.07,93.8,339.6,475.6,0,74,,0.471666667,,,,,,,,136
5864,3.56,5.33,93.7,333.6,499.4,0,73,,0.463333333,,,,,,,,165.8
5865,2.89,5.82,93.7,270.8,545.3,0,74,,0.376111111,,,,,,,,274.5
5866,2.72,6.65,93.5,254.3,621.8,0,73,,0.353194444,,,,,,,,367.5
5867,3.27,5.31,93.7,306.4,497.5,0,74,,0.425555556,,,,,,,,191.1
5868,3.4,4.35,93.9,319.3,408.5,0,74,,0.443472222,,,,,,,,89.2
5869,2.47,5.03,93.8,231.7,471.8,0,74,,0.321805556,,,,,,,,240.1
5870,3.31,5.63,93.7,310.1,527.5,0,74,,0.430694444,,,,,,,,217.4
5871,3.2,4.5,93.9,300.5,422.6,0,74,,0.417361111,,,,,,,,122.1
5872,2.99,4.97,93.8,280.5,466.2,0,74,,0.389583333,,,,,,,,185.7
5873,2.73,5.59,93.7,255.8,523.8,0,74,,0.355277778,,,,,,,,268
5874,2.83,5.88,93.7,265.2,551,0,74,,0.368333333,,,,,,,,285.8
5875,2.77,5.62,93.7,259.5,526.6,0,74,,0.360416667,,,,,,,,267.1
5876,2.16,5.95,93.6,202.2,556.9,0,74,,0.280833333,,,,,,,,354.7
5877,2.85,5.63,93.7,267,527.5,0,74,,0.370833333,,,,,,,,260.5
5878,2.05,6.63,93.5,191.7,619.9,0,73,,0.26625,,,,,,,,428.2
5879,3.57,5.26,93.8,334.9,493.4,0,74,,0.465138889,,,,,,,,158.5
5880,1.71,6.96,93.5,159.9,650.8,0,73,,0.222083333,,,,,,,,490.9
5881,2.89,6.66,93.5,270.2,622.7,0,73,,0.375277778,,,,,,,,352.5
5882,1.9,7.09,93.5,177.7,662.9,0,73,,0.246805556,,,,,,,,485.2
5883,3.65,5.52,93.7,342,517.2,0,74,,0.475,,,,,,,,175.2
5884,2.02,5.89,93.6,189.1,551.3,0,74,,0.262638889,,,,,,,,362.2
5885,1.61,6.35,93.5,150.5,593.7,0,74,,0.209027778,,,,,,,,443.2
5886,2.42,5.89,93.6,226.5,551.3,0,74,,0.314583333,,,,,,,,324.8
5887,1.21,6.87,93.4,113,641.7,0,74,,0.156944444,,,,,,,,528.7
5888,2.67,5.72,93.7,250.2,536,0,74,,0.3475,,,,,,,,285.8
5889,1.01,7.49,93.4,94.3,699.6,0,73,,0.130972222,,,,,,,,605.3
5890,2.06,6.77,93.4,192.4,632.3,0,73,,0.267222222,,,,,,,,439.9
5891,3.04,5.92,93.6,284.5,554.1,0,73,,0.395138889,,,,,,,,269.6
5892,2.53,6.74,93.4,236.3,629.5,0,73,,0.328194444,,,,,,,,393.2
5893,1.75,6.82,93.4,163.5,637,0,73,,0.227083333,,,,,,,,473.5
5894,2.53,6.54,93.5,236.6,611.5,0,73,,0.328611111,,,,,,,,374.9
5895,2.54,5.94,93.5,237.5,555.4,0,73,,0.329861111,,,,,,,,317.9
5896,1.42,6.81,93.4,132.6,636.1,0,73,,0.184166667,,,,,,,,503.5
5897,1.03,7.75,93.2,96,722.3,0,73,,0.133333333,,,,,,,,626.3
5898,3.72,6.45,93.4,347.4,602.4,0,73,,0.4825,,,,,,,,255
5899,2.87,6.43,93.4,268.1,600.6,0,73,,0.372361111,,,,,,,,332.5
5900,3.42,6.5,93.4,319.4,607.1,0,73,,0.443611111,,,,,,,,287.7
5901,3.61,6.82,93.3,336.8,636.3,0,73,,0.467777778,,,,,,,,299.5
5902,3.02,6.79,93.4,282.1,634.2,0,73,,0.391805556,,,,,,,,352.1
5903,2.7,5.71,93.5,252.5,533.9,0,74,,0.350694444,,,,,,,,281.4
5904,3.16,5.07,93.6,295.8,474.6,0,74,,0.410833333,,,,,,,,178.8
5905,2.01,6.2,93.4,187.7,579.1,0,73,,0.260694444,,,,,,,,391.4
5906,2.77,6.58,93.4,258.7,614.6,0,73,,0.359305556,,,,,,,,355.9
5907,1.05,-0.96,94.5,99.2,-90.7,0,72,,0.137777778,,,,,,,,-189.9
5908,1.67,-1.28,94.6,158,-121.1,0,69,,0.219444444,,,,,,,,-279.1
5909,1.99,-1.58,94.7,188.5,-149.6,0,66,,0.261805556,,,,,,,,-338.1
5910,2.72,-2.26,94.8,257.9,-214.2,0,63,,0.358194444,,,,,,,,-472.1
5911,2.99,14.22,92.5,276.6,1315.4,0,64,,0.384166667,,,,,,,,1038.8
5912,3.57,15.27,92.2,329.2,1407.9,0,68,,0.457222222,,,,,,,,1078.7
5913,3.27,10.94,92.7,303.1,1014.1,0,70,,0.420972222,,,,,,,,711
5914,3.43,7.72,93.1,319.3,718.7,0,72,,0.443472222,,,,,,,,399.4
5915,2.44,6.95,93.3,227.7,648.4,0,73,,0.31625,,,,,,,,420.7
5916,3.45,5.78,93.4,322.2,539.9,0,73,,0.4475,,,,,,,,217.7
5917,3.4,4.93,93.5,317.9,461,0,74,,0.441527778,,,,,,,,143.1
5918,2.03,6.51,93.3,189.4,607.4,0,73,,0.263055556,,,,,,,,418
5919,2.47,6.22,93.3,230.5,580.3,0,73,,0.320138889,,,,,,,,349.8
5920,3.35,5.41,93.4,312.9,505.3,0,73,,0.434583333,,,,,,,,192.4
5921,2.15,6.74,93.3,200.6,628.8,0,73,,0.278611111,,,,,,,,428.2
5922,3.41,5.66,93.4,318.5,528.6,0,73,,0.442361111,,,,,,,,210.1
5923,2.2,6.7,93.2,205,624.4,0,73,,0.284722222,,,,,,,,419.4
5924,3.46,5.79,93.4,323.2,540.8,0,73,,0.448888889,,,,,,,,217.6
5925,3.68,5.69,93.4,343.7,531.4,0,73,,0.477361111,,,,,,,,187.7
5926,3.72,6.97,93.1,346.3,648.9,0,72,,0.480972222,,,,,,,,302.6
5927,3.76,7.81,93.1,350.1,727.1,0,72,,0.48625,,,,,,,,377
5928,3.81,7.94,93,354.3,738.4,0,71,,0.492083333,,,,,,,,384.1
5929,3.04,8.64,92.9,282.4,802.7,0,71,,0.392222222,,,,,,,,520.3
5930,3.72,7.63,93,346,709.6,0,72,,0.480555556,,,,,,,,363.6
5931,3.34,6.43,93.2,311.3,599.3,0,73,,0.432361111,,,,,,,,288
5932,3.38,-24.56,97.5,329.6,-2394.6,0,70,,0.457777778,,,,,,,,-2724.2
5933,0.95,-0.63,94.6,89.9,-59.6,0,59,,0.124861111,,,,,,,,-149.5
5934,3.67,-0.6,94.5,346.8,-56.7,0,58,,0.481666667,,,,,,,,-403.5
5935,3.48,1.65,94.2,327.8,155.4,0,60,,0.455277778,,,,,,,,-172.4
5936,3.51,0.67,94.3,331,63.2,0,62,,0.459722222,,,,,,,,-267.8
5937,3.51,-7.91,95.6,335.6,-756.2,0,59,,0.466111111,,,,,,,,-1091.8
5938,3.68,-3.14,95,349.6,-298.3,0,57,,0.485555556,,,,,,,,-647.9
5939,3.74,-3.2,95,355.3,-304,0,56,,0.493472222,,,,,,,,-659.3
5940,1.16,0.67,94.5,109.6,63.3,0,55,,0.152222222,,,,,,,,-46.3
5941,3.59,1.53,94.4,338.9,144.4,0,55,,0.470694444,,,,,,,,-194.5
5942,3.6,1.51,94.3,339.5,142.4,0,55,,0.471527778,,,,,,,,-197.1
5943,3.43,1.64,94.3,323.4,154.7,0,55,,0.449166667,,,,,,,,-168.7
5944,3.52,2.18,94.2,331.6,205.4,0,55,,0.460555556,,,,,,,,-126.2
5945,3.57,3.44,94,335.6,323.4,0,56,,0.466111111,,,,,,,,-12.2
5946,3.58,3.42,94,336.5,321.5,0,56,,0.467361111,,,,,,,,-15
5947,3.65,3.36,94,343.1,315.8,0,57,,0.476527778,,,,,,,,-27.3
5948,3.65,3.36,94,343.1,315.8,0,57,,0.476527778,,,,,,,,-27.3
5949,3.68,3.3,94,345.9,310.2,0,57,,0.480416667,,,,,,,,-35.7
5950,3.74,4.79,93.8,350.8,449.3,0,56,,0.487222222,,,,,,,,98.5
5951,3.83,12.65,92.7,355,1172.7,0,58,,0.493055556,,,,,,,,817.7
5952,3.88,21.84,91.3,354.2,1994,0,62,,0.491944444,,,,,,,,1639.8
5953,3.82,18.92,91.6,349.9,1733.1,0,66,,0.485972222,,,,,,,,1383.2
5954,3.78,6.01,93.2,352.3,560.1,0,68,,0.489305556,,,,,,,,207.8
5955,3.46,-2.92,94.6,327.3,-276.2,0,64,,0.454583333,,,,,,,,-603.5
5956,3.35,17.75,91.7,307.2,1627.7,0,66,,0.426666667,,,,,,,,1320.5
5957,3.53,10.91,92.6,326.9,1010.3,0,70,,0.454027778,,,,,,,,683.4
5958,3.47,6.55,93.1,323.1,609.8,0,73,,0.44875,,,,,,,,286.7
5959,1.95,5.76,93.3,181.9,537.4,0,74,,0.252638889,,,,,,,,355.5
5960,3.37,3.67,93.6,315.4,343.5,0,74,,0.438055556,,,,,,,,28.1
5961,3.43,3.44,93.6,321,322,0,75,,0.445833333,,,,,,,,1
5962,1.4,5.26,93.4,130.8,491.3,0,74,,0.181666667,,,,,,,,360.5
5963,3.43,4.18,93.6,321,391.2,0,74,,0.445833333,,,,,,,,70.2
5964,3.37,4.77,93.5,315.1,446,0,74,,0.437638889,,,,,,,,130.9
5965,3.49,5.47,93.3,325.6,510.4,0,73,,0.452222222,,,,,,,,184.8
5966,3.54,5.45,93.3,330.3,508.5,0,73,,0.45875,,,,,,,,178.2
5967,3.54,6.33,93.2,329.9,590,0,73,,0.458194444,,,,,,,,260.1
5968,3.65,6.43,93.2,340.2,599.3,0,73,,0.4725,,,,,,,,259.1
5969,3.71,6.97,93.1,345.4,648.9,0,72,,0.479722222,,,,,,,,303.5
5970,3.47,7.65,92.9,322.4,710.7,0,72,,0.447777778,,,,,,,,388.3
5971,3.57,7.78,93,332,723.5,0,72,,0.461111111,,,,,,,,391.5
5972,3.43,7.43,93,319,691,0,72,,0.443055556,,,,,,,,372
5973,3.44,7.03,93,319.9,653.8,0,72,,0.444305556,,,,,,,,333.9
5974,3.52,6.61,93.1,327.7,615.4,0,72,,0.455138889,,,,,,,,287.7
5975,3.43,5.43,93.2,319.7,506.1,0,73,,0.444027778,,,,,,,,186.4
5976,3.45,5.79,93.2,321.5,539.6,0,73,,0.446527778,,,,,,,,218.1
5977,3.45,6.02,93.1,321.2,560.5,0,73,,0.446111111,,,,,,,,239.3
5978,3.5,4.51,93.4,326.9,421.2,0,74,,0.454027778,,,,,,,,94.3
5979,3.48,2.98,93.6,325.7,278.9,0,75,,0.452361111,,,,,,,,-46.8
5980,3.68,0.71,93.9,345.6,66.7,0,76,,0.48,,,,,,,,-278.9
5981,3.8,-0.83,94.2,358,-78.2,0,77,,0.497222222,,,,,,,,-436.2
5982,3.83,0.28,94,360,26.3,0,76,,0.5,,,,,,,,-333.7
5983,3.91,3.49,93.6,366,326.7,0,74,,0.508333333,,,,,,,,-39.3
5984,4.03,6.62,93.2,375.6,617,0,72,,0.521666667,,,,,,,,241.4
5985,4.06,8.77,92.8,376.8,813.9,0,71,,0.523333333,,,,,,,,437.1
5986,4.01,8.71,92.8,372.1,808.3,0,71,,0.516805556,,,,,,,,436.2
5987,3.93,7.85,92.9,365.1,729.3,0,72,,0.507083333,,,,,,,,364.2
5988,3.77,6.9,93,350.6,641.7,0,72,,0.486944444,,,,,,,,291.1
5989,3.92,7.67,92.9,364.2,712.5,0,72,,0.505833333,,,,,,,,348.3
5990,4.01,10.02,92.5,370.9,926.9,0,70,,0.515138889,,,,,,,,556
5991,4.07,11.33,92.3,375.7,1045.8,0,69,,0.521805556,,,,,,,,670.1
5992,3.95,10.79,92.4,365,997,0,70,,0.506944444,,,,,,,,632
5993,3.86,9.17,92.6,357.4,849.1,0,71,,0.496388889,,,,,,,,491.7
5994,3.79,7.24,92.8,351.7,671.9,0,72,,0.488472222,,,,,,,,320.2
5995,3.82,5.59,93,355.3,519.9,0,73,,0.493472222,,,,,,,,164.6
5996,3.69,3.12,93.4,344.6,291.4,0,74,,0.478611111,,,,,,,,-53.2
5997,3.67,1.03,93.8,344.2,96.6,0,76,,0.478055556,,,,,,,,-247.6
5998,3.79,1.14,93.8,355.5,106.9,0,76,,0.49375,,,,,,,,-248.6
5999,3.89,2.97,93.5,363.7,277.7,0,74,,0.505138889,,,,,,,,-86
6000,3.8,5.64,93.1,353.8,525.1,0,73,,0.491388889,,,,,,,,171.3
6001,3.78,5.66,93.1,351.9,526.9,0,73,,0.48875,,,,,,,,175
6002,3.76,4.58,93.2,350.4,426.9,0,73,,0.486666667,,,,,,,,76.5
6003,3.66,3.68,93.4,341.8,343.7,0,74,,0.474722222,,,,,,,,1.9
6004,3.79,3.07,93.5,354.4,287,0,75,,0.492222222,,,,,,,,-67.4
6005,3.72,2.8,93.6,348.2,262.1,0,75,,0.483611111,,,,,,,,-86.1
6006,3.75,3.43,93.4,350.3,320.4,0,74,,0.486527778,,,,,,,,-29.9
6007,3.81,4.4,93.3,355.5,410.5,0,74,,0.49375,,,,,,,,55
6008,3.84,5.17,93.2,357.9,481.8,0,73,,0.497083333,,,,,,,,123.9
6009,3.87,5.52,93.1,360.3,513.9,0,73,,0.500416667,,,,,,,,153.6
6010,3.84,5.75,93.1,357.5,535.3,0,73,,0.496527778,,,,,,,,177.8
6011,3.78,5.85,93.1,351.9,544.6,0,72,,0.48875,,,,,,,,192.7
6012,3.89,6.41,93,361.8,596.1,0,72,,0.5025,,,,,,,,234.3
6013,3.79,6.94,92.8,351.7,644,0,72,,0.488472222,,,,,,,,292.3
6014,3.81,6.27,92.9,353.9,582.5,0,72,,0.491527778,,,,,,,,228.6
6015,3.79,5.84,93,352.5,543.1,0,72,,0.489583333,,,,,,,,190.6
6016,3.79,5.76,93,352.5,535.7,0,72,,0.489583333,,,,,,,,183.2
6017,3.76,6.42,92.9,349.3,596.4,0,72,,0.485138889,,,,,,,,247.1
6018,3.79,6.55,92.9,352.1,608.5,0,72,,0.489027778,,,,,,,,256.4
6019,3.75,6.44,92.9,348.4,598.3,0,72,,0.483888889,,,,,,,,249.9
6020,3.85,6.3,92.9,357.7,585.3,0,72,,0.496805556,,,,,,,,227.6
6021,3.71,6.24,92.8,344.3,579.1,0,72,,0.478194444,,,,,,,,234.8
6022,3.73,6.07,92.9,346.5,563.9,0,72,,0.48125,,,,,,,,217.4
6023,3.8,5.49,93,353.4,510.6,0,73,,0.490833333,,,,,,,,157.2
6024,3.78,5.66,93,351.5,526.4,0,73,,0.488194444,,,,,,,,174.9
6025,3.66,5.77,92.9,340,536,0,73,,0.472222222,,,,,,,,196
6026,3.67,5.96,92.9,340.9,553.7,0,73,,0.473472222,,,,,,,,212.8
6027,3.73,6.51,92.8,346.1,604.1,0,72,,0.480694444,,,,,,,,258
6028,3.72,6.88,92.7,344.8,637.8,0,72,,0.478888889,,,,,,,,293
6029,3.75,7.06,92.7,347.6,654.5,0,72,,0.482777778,,,,,,,,306.9
6030,3.6,6.84,92.7,333.7,634.1,0,72,,0.463472222,,,,,,,,300.4
6031,3.64,6.64,92.8,337.8,616.2,0,72,,0.469166667,,,,,,,,278.4
6032,3.55,6.31,92.8,329.4,585.6,0,73,,0.4575,,,,,,,,256.2
6033,3.58,5.66,92.9,332.6,525.8,0,73,,0.461944444,,,,,,,,193.2
6034,3.64,5.98,92.8,337.8,554.9,0,72,,0.469166667,,,,,,,,217.1
6035,3.68,7.08,92.7,341.1,656.3,0,72,,0.47375,,,,,,,,315.2
6036,3.66,7.37,92.6,338.9,682.5,0,71,,0.470694444,,,,,,,,343.6
6037,3.66,9.01,92.4,338.2,832.5,0,71,,0.469722222,,,,,,,,494.3
6038,3.7,9.35,92.3,341.5,863,0,70,,0.474305556,,,,,,,,521.5
6039,3.68,9.8,92.2,339.3,903.6,0,70,,0.47125,,,,,,,,564.3
6040,1.68,9.96,92.2,154.9,918.3,0,71,,0.215138889,,,,,,,,763.4
6041,3.66,7.85,92.4,338.2,725.3,0,71,,0.469722222,,,,,,,,387.1
6042,3.56,6.03,92.7,330,559,0,72,,0.458333333,,,,,,,,229
6043,3.39,4.36,93,315.3,405.5,0,74,,0.437916667,,,,,,,,90.2
6044,3.4,2.98,93.2,316.9,277.7,0,74,,0.440138889,,,,,,,,-39.2
6045,3.51,2.73,93.2,327.1,254.4,0,75,,0.454305556,,,,,,,,-72.7
6046,1.06,5.48,92.9,98.5,509.1,0,74,,0.136805556,,,,,,,,410.6
6047,3.57,5.04,92.9,331.7,468.2,0,73,,0.460694444,,,,,,,,136.5
6048,3.18,5.49,92.8,295.1,509.5,0,73,,0.409861111,,,,,,,,214.4
6049,3.67,5.37,92.8,340.6,498.3,0,73,,0.473055556,,,,,,,,157.7
6050,3.29,5.56,92.8,305.3,516,0,73,,0.424027778,,,,,,,,210.7
6051,3.61,5.78,92.8,335,536.4,0,72,,0.465277778,,,,,,,,201.4
6052,3.65,7.49,92.5,337.6,692.8,0,72,,0.468888889,,,,,,,,355.2
6053,3.59,7.61,92.4,331.7,703.2,0,71,,0.460694444,,,,,,,,371.5
6054,3.53,6.51,92.6,326.9,602.8,0,72,,0.454027778,,,,,,,,275.9
6055,2.86,5.95,92.7,265.1,551.6,0,73,,0.368194444,,,,,,,,286.5
6056,0.9,6.48,92.6,83.3,600,0,73,,0.115694444,,,,,,,,516.7
6057,3.68,5.29,92.7,341.1,490.4,0,73,,0.47375,,,,,,,,149.3
6058,3.48,5.79,92.7,322.6,536.7,0,72,,0.448055556,,,,,,,,214.1
6059,3.49,6.1,92.7,323.5,565.5,0,72,,0.449305556,,,,,,,,242
6060,3.5,5.72,92.6,324.1,529.7,0,73,,0.450138889,,,,,,,,205.6
6061,3.49,4.68,92.8,323.9,434.3,0,73,,0.449861111,,,,,,,,110.4
6062,3.53,4.39,92.9,327.9,407.8,0,73,,0.455416667,,,,,,,,79.9
6063,3.56,4.13,92.9,330.7,383.7,0,73,,0.459305556,,,,,,,,53
6064,3.5,5.37,92.7,324.5,497.8,0,73,,0.450694444,,,,,,,,173.3
6065,3.67,5.82,92.7,340.2,539.5,0,73,,0.4725,,,,,,,,199.3
6066,3.77,6.23,92.6,349.1,576.9,0,72,,0.484861111,,,,,,,,227.8
6067,3.72,5.76,92.6,344.5,533.4,0,72,,0.478472222,,,,,,,,188.9
6068,3.72,5.75,92.7,344.8,533,0,72,,0.478888889,,,,,,,,188.2
6069,3.62,6.72,92.5,334.9,621.6,0,72,,0.465138889,,,,,,,,286.7
6070,3.61,7.21,92.4,333.6,666.2,0,71,,0.463333333,,,,,,,,332.6
6071,3.23,9.96,92,297.2,916.3,0,70,,0.412777778,,,,,,,,619.1
6072,3.23,10.01,92,297.2,920.9,0,70,,0.412777778,,,,,,,,623.7
6073,3.13,8.96,92.1,288.3,825.2,0,71,,0.400416667,,,,,,,,536.9
6074,0.83,9.4,92.1,76.4,865.7,0,71,,0.106111111,,,,,,,,789.3
6075,2.95,5.96,92.5,272.9,551.3,0,72,,0.379027778,,,,,,,,278.4
6076,2.96,5.03,92.6,274.1,465.8,0,73,,0.380694444,,,,,,,,191.7
6077,2.51,4.22,92.8,232.9,391.6,0,74,,0.323472222,,,,,,,,158.7
6078,2.92,3.62,92.9,271.3,336.3,0,74,,0.376805556,,,,,,,,65
6079,2.95,3.64,92.9,274.1,338.2,0,74,,0.380694444,,,,,,,,64.1
6080,3.02,4.47,92.8,280.3,414.8,0,73,,0.389305556,,,,,,,,134.5
6081,3,5.11,92.7,278.1,473.7,0,73,,0.38625,,,,,,,,195.6
6082,2.98,6.43,92.4,275.4,594.1,0,72,,0.3825,,,,,,,,318.7
6083,3.1,6.32,92.5,286.8,584.6,0,72,,0.398333333,,,,,,,,297.8
6084,2.99,7.08,92.3,276,653.5,0,72,,0.383333333,,,,,,,,377.5
6085,2.96,6.61,92.4,273.5,610.8,0,72,,0.379861111,,,,,,,,337.3
6086,2.98,7.01,92.4,275.4,647.7,0,72,,0.3825,,,,,,,,372.3
6087,2.92,5.58,92.5,270.1,516.2,0,73,,0.375138889,,,,,,,,246.1
6088,2.87,3.65,92.8,266.3,338.7,0,74,,0.369861111,,,,,,,,72.4
6089,3.12,2.72,93,290.2,253,0,74,,0.403055556,,,,,,,,-37.2
6090,3.16,3.85,92.8,293.2,357.3,0,74,,0.407222222,,,,,,,,64.1
6091,3.32,4.83,92.7,307.8,447.7,0,73,,0.4275,,,,,,,,139.9
6092,3.47,5.65,92.5,321,522.6,0,72,,0.445833333,,,,,,,,201.6
6093,3.48,6.46,92.4,321.6,596.9,0,72,,0.446666667,,,,,,,,275.3
6094,3.64,6.08,92.4,336.3,561.8,0,72,,0.467083333,,,,,,,,225.5
6095,3.77,7.35,92.2,347.6,677.7,0,71,,0.482777778,,,,,,,,330.1
6096,3.8,7.97,92.1,350,734,0,71,,0.486111111,,,,,,,,384
6097,3.8,7.73,92.1,350,711.9,0,71,,0.486111111,,,,,,,,361.9
6098,3.8,7.33,92.2,350.4,675.8,0,71,,0.486666667,,,,,,,,325.4
6099,3.81,7.36,92.2,351.3,678.6,0,71,,0.487916667,,,,,,,,327.3
6100,3.8,8.24,92.1,350,758.9,0,71,,0.486111111,,,,,,,,408.9
6101,3.75,7.57,92.1,345.4,697.2,0,71,,0.479722222,,,,,,,,351.8
6102,3.72,7.05,92.2,343,650,0,71,,0.476388889,,,,,,,,307
6103,3.75,7.11,92.2,345.8,655.5,0,72,,0.480277778,,,,,,,,309.7
6104,3.84,6.17,92.3,354.4,569.5,0,72,,0.492222222,,,,,,,,215.1
6105,3.86,6.02,92.3,356.3,555.6,0,72,,0.494861111,,,,,,,,199.3
6106,3.8,6.7,92.2,350.4,617.7,0,72,,0.486666667,,,,,,,,267.3
6107,3.74,6.9,92.2,344.8,636.2,0,72,,0.478888889,,,,,,,,291.4
6108,3.79,6.12,92.3,349.8,564.9,0,72,,0.485833333,,,,,,,,215.1
6109,3.73,6.24,92.2,343.9,575.3,0,72,,0.477638889,,,,,,,,231.4
6110,3.59,6.54,92.2,331,603,0,72,,0.459722222,,,,,,,,272
6111,1.43,7.67,92.1,131.7,706.4,0,72,,0.182916667,,,,,,,,574.7
6112,3.31,6.56,92.2,305.2,604.8,0,72,,0.423888889,,,,,,,,299.6
6113,3.25,6.98,92.1,299.3,642.9,0,72,,0.415694444,,,,,,,,343.6
6114,3.07,6.88,92.1,282.7,633.6,0,72,,0.392638889,,,,,,,,350.9
6115,1.07,7.67,92,98.4,705.6,0,72,,0.136666667,,,,,,,,607.2
6116,1.53,7.93,92,140.8,729.6,0,72,,0.195555556,,,,,,,,588.8
6117,1.14,8.22,91.9,104.8,755.4,0,72,,0.145555556,,,,,,,,650.6
6118,1.74,8.16,91.9,159.9,749.9,0,71,,0.222083333,,,,,,,,590
6119,2.79,9.45,91.7,255.8,866.6,0,70,,0.355277778,,,,,,,,610.8
6120,1.9,9.87,91.7,174.2,905.1,0,70,,0.241944444,,,,,,,,730.9
6121,2.81,7.82,91.9,258.2,718.7,0,71,,0.358611111,,,,,,,,460.5
6122,2.9,6.94,92,266.8,638.5,0,72,,0.370555556,,,,,,,,371.7
6123,3.01,6.28,92.1,277.2,578.4,0,72,,0.385,,,,,,,,301.2
6124,3.14,6.05,92.1,289.2,557.2,0,72,,0.401666667,,,,,,,,268
6125,2.3,5.86,92.2,212.1,540.3,0,72,,0.294583333,,,,,,,,328.2
6126,3.37,5.83,92.2,310.7,537.5,0,72,,0.431527778,,,,,,,,226.8
6127,3.42,5.85,92.2,315.3,539.4,0,72,,0.437916667,,,,,,,,224.1
6128,3.46,5.37,92.2,319,495.1,0,72,,0.443055556,,,,,,,,176.1
6129,3.57,6.06,92.1,328.8,558.1,0,72,,0.456666667,,,,,,,,229.3
6130,3.61,5.42,92.2,332.8,499.7,0,72,,0.462222222,,,,,,,,166.9
6131,3.65,5.61,92.2,336.5,517.2,0,72,,0.467361111,,,,,,,,180.7
6132,3.63,5.96,92.1,334.3,548.9,0,72,,0.464305556,,,,,,,,214.6
6133,3.71,5.55,92.2,342.1,511.7,0,72,,0.475138889,,,,,,,,169.6
6134,3.68,6.05,92.1,338.9,557.2,0,72,,0.470694444,,,,,,,,218.3
6135,3.68,5.32,92.2,339.3,490.5,0,72,,0.47125,,,,,,,,151.2
6136,3.66,5.7,92.2,337.5,525.5,0,72,,0.46875,,,,,,,,188
6137,3.65,5.37,92.2,336.5,495.1,0,72,,0.467361111,,,,,,,,158.6
6138,3.64,5.26,92.2,335.6,485,0,72,,0.466111111,,,,,,,,149.4
6139,3.63,5.82,92.1,334.3,536,0,72,,0.464305556,,,,,,,,201.7
6140,3.62,5.4,92.2,333.8,497.9,0,72,,0.463611111,,,,,,,,164.1
6141,3.59,4.07,92.3,331.4,375.7,0,73,,0.460277778,,,,,,,,44.3
6142,3.52,2.18,92.7,326.3,202.1,0,74,,0.453194444,,,,,,,,-124.2
6143,3.66,2.47,92.6,338.9,228.7,0,74,,0.470694444,,,,,,,,-110.2
6144,3.57,3.85,92.5,330.2,356.1,0,73,,0.458611111,,,,,,,,25.9
6145,3.4,4.64,92.4,314.2,428.7,0,73,,0.436388889,,,,,,,,114.5
6146,3.49,5.66,92.2,321.8,521.9,0,72,,0.446944444,,,,,,,,200.1
6147,2.07,7.72,91.9,190.2,709.5,0,71,,0.264166667,,,,,,,,519.3
6148,3.31,8.47,91.8,303.9,777.5,0,70,,0.422083333,,,,,,,,473.6
6149,3.36,8.2,91.8,308.4,752.8,0,70,,0.428333333,,,,,,,,444.4
6150,3.37,8.66,91.6,308.7,793.3,0,70,,0.42875,,,,,,,,484.6
6151,3.3,7.78,91.8,302.9,714.2,0,71,,0.420694444,,,,,,,,411.3
6152,3.28,7.1,91.9,301.4,652.5,0,71,,0.418611111,,,,,,,,351.1
6153,3.27,6.19,92,300.8,569.5,0,72,,0.417777778,,,,,,,,268.7
6154,3.26,5.95,92,299.9,547.4,0,72,,0.416527778,,,,,,,,247.5
6155,2.76,6.76,91.9,253.6,621.2,0,72,,0.352222222,,,,,,,,367.6
6156,3.33,5.79,92,306.4,532.7,0,72,,0.425555556,,,,,,,,226.3
6157,3.34,6.34,91.9,306.9,582.6,0,72,,0.42625,,,,,,,,275.7
6158,3.28,6.9,91.8,301.1,633.4,0,72,,0.418194444,,,,,,,,332.3
6159,3.31,7.21,91.8,303.9,661.9,0,71,,0.422083333,,,,,,,,358
6160,3.29,7.36,91.8,302,675.6,0,71,,0.419444444,,,,,,,,373.6
6161,3.27,7.4,91.8,300.2,679.3,0,71,,0.416944444,,,,,,,,379.1
6162,3.26,7.53,91.7,298.9,690.5,0,71,,0.415138889,,,,,,,,391.6
6163,3.28,7.27,91.8,301.1,667.4,0,71,,0.418194444,,,,,,,,366.3
6164,3.26,7.54,91.7,298.9,691.4,0,71,,0.415138889,,,,,,,,392.5
6165,3.26,7.92,91.6,298.6,725.5,0,71,,0.414722222,,,,,,,,426.9
6166,3.28,7.16,91.7,300.8,656.6,0,71,,0.417777778,,,,,,,,355.8
6167,3.27,7.57,91.7,299.9,694.2,0,71,,0.416527778,,,,,,,,394.3
6168,3.31,7.05,91.7,303.5,646.5,0,71,,0.421527778,,,,,,,,343
6169,3.33,5.49,91.9,306,504.5,0,72,,0.425,,,,,,,,198.5
6170,3.15,5.51,91.9,289.5,506.4,0,72,,0.402083333,,,,,,,,216.9
6171,2.82,5.24,92,259.4,482.1,0,73,,0.360277778,,,,,,,,222.7
6172,2.24,5.27,92,206.1,484.8,0,73,,0.28625,,,,,,,,278.7
6173,3.1,4.8,92,285.2,441.6,0,73,,0.396111111,,,,,,,,156.4
6174,2.99,5.5,91.9,274.8,505.5,0,72,,0.381666667,,,,,,,,230.7
6175,1.6,6.47,91.8,146.9,593.9,0,72,,0.204027778,,,,,,,,447
6176,2.95,5.27,92,271.4,484.8,0,72,,0.376944444,,,,,,,,213.4
6177,2.25,6.61,91.8,206.6,606.8,0,72,,0.286944444,,,,,,,,400.2
6178,2.93,5.71,91.9,269.3,524.7,0,72,,0.374027778,,,,,,,,255.4
6179,0.79,7.93,91.5,72.3,725.6,0,72,,0.100416667,,,,,,,,653.3
6180,2.96,7.12,91.7,271.4,652.9,0,71,,0.376944444,,,,,,,,381.5
6181,1.39,8.33,91.5,127.2,762.2,0,71,,0.176666667,,,,,,,,635
6182,3.05,7.28,91.7,279.7,667.6,0,71,,0.388472222,,,,,,,,387.9
6183,3.14,7.12,91.7,287.9,652.9,0,71,,0.399861111,,,,,,,,365
6184,2.96,7.45,91.5,270.8,681.7,0,71,,0.376111111,,,,,,,,410.9
6185,2.99,7.14,91.6,273.9,654,0,71,,0.380416667,,,,,,,,380.1
6186,2.96,6.82,91.7,271.4,625.4,0,71,,0.376944444,,,,,,,,354
6187,3.01,6.73,91.7,276,617.1,0,71,,0.383333333,,,,,,,,341.1
6188,2.86,7.01,91.6,262,642.1,0,71,,0.363888889,,,,,,,,380.1
6189,2.51,7.33,91.6,229.9,671.4,0,71,,0.319305556,,,,,,,,441.5
6190,3.12,7.22,91.6,285.8,661.4,0,71,,0.396944444,,,,,,,,375.6
6191,2.86,7.35,91.5,261.7,672.5,0,71,,0.363472222,,,,,,,,410.8
6192,2.91,7.12,91.5,266.3,651.5,0,71,,0.369861111,,,,,,,,385.2
6193,2.85,7,91.6,261.1,641.2,0,71,,0.362638889,,,,,,,,380.1
6194,2.87,7.26,91.5,262.6,664.3,0,71,,0.364722222,,,,,,,,401.7
6195,2.22,7.77,91.4,202.9,710.2,0,71,,0.281805556,,,,,,,,507.3
6196,2.67,7.36,91.4,244,672.7,0,71,,0.338888889,,,,,,,,428.7
6197,2.81,7.04,91.5,257.1,644.2,0,71,,0.357083333,,,,,,,,387.1
6198,2.81,6.39,91.6,257.4,585.3,0,71,,0.3575,,,,,,,,327.9
6199,2.79,6.63,91.5,255.3,606.6,0,71,,0.354583333,,,,,,,,351.3
6200,2.73,6.7,91.6,250.1,613.7,0,71,,0.347361111,,,,,,,,363.6
6201,1.2,7.68,91.5,109.8,702.7,0,71,,0.1525,,,,,,,,592.9
6202,2.84,6.53,91.6,260.1,598.1,0,71,,0.36125,,,,,,,,338
6203,2.26,6.44,91.6,207,589.9,0,72,,0.2875,,,,,,,,382.9
6204,2.77,5.89,91.6,253.7,539.5,0,72,,0.352361111,,,,,,,,285.8
6205,2.75,6.15,91.6,251.9,563.3,0,72,,0.349861111,,,,,,,,311.4
6206,2.84,5.17,91.8,260.7,474.6,0,72,,0.362083333,,,,,,,,213.9
6207,1.26,7.25,91.4,115.2,662.7,0,72,,0.16,,,,,,,,547.5
6208,2.92,5.97,91.6,267.5,546.9,0,72,,0.371527778,,,,,,,,279.4
6209,2.84,5.78,91.6,260.1,529.4,0,72,,0.36125,,,,,,,,269.3
6210,1.27,7.47,91.4,116.1,682.8,0,72,,0.16125,,,,,,,,566.7
6211,1.02,7.57,91.4,93.2,691.9,0,72,,0.129444444,,,,,,,,598.7
6212,0.83,7.74,91.4,75.9,707.4,0,71,,0.105416667,,,,,,,,631.5
6213,1.32,6.74,91.5,120.8,616.7,0,72,,0.167777778,,,,,,,,495.9
6214,1.6,7.19,91.4,146.2,657.2,0,71,,0.203055556,,,,,,,,511
6215,1.36,7.88,91.3,124.2,719.4,0,71,,0.1725,,,,,,,,595.2
6216,1.44,9.97,91,131,907.3,0,70,,0.181944444,,,,,,,,776.3
6217,1.59,12.44,90.6,144.1,1127.1,0,69,,0.200138889,,,,,,,,983
6218,1.74,12.57,90.6,157.6,1138.8,0,68,,0.218888889,,,,,,,,981.2
6219,1.62,10.48,90.9,147.3,952.6,0,70,,0.204583333,,,,,,,,805.3
6220,1.91,6.66,91.3,174.4,608.1,0,71,,0.242222222,,,,,,,,433.7
6221,1.55,4.5,91.7,142.1,412.7,0,73,,0.197361111,,,,,,,,270.6
6222,1.49,5.12,91.6,136.5,469,0,73,,0.189583333,,,,,,,,332.5
6223,1.27,6.91,91.4,116.1,631.6,0,72,,0.16125,,,,,,,,515.5
6224,1.23,6.9,91.3,112.3,630,0,72,,0.155972222,,,,,,,,517.7
6225,1.38,6.64,91.4,126.1,606.9,0,72,,0.175138889,,,,,,,,480.8
6226,1.09,7.28,91.3,99.5,664.7,0,72,,0.138194444,,,,,,,,565.2
6227,1.87,7.34,91.3,170.7,670.1,0,71,,0.237083333,,,,,,,,499.4
6228,1.71,7.22,91.2,156,658.5,0,71,,0.216666667,,,,,,,,502.5
6229,1.8,7.18,91.2,164.2,654.8,0,71,,0.228055556,,,,,,,,490.6
6230,1.83,8.63,91.1,166.7,786.2,0,70,,0.231527778,,,,,,,,619.5
6231,2.28,7.76,91.2,207.9,707.7,0,70,,0.28875,,,,,,,,499.8
6232,1.7,7.49,91.2,155,683.1,0,71,,0.215277778,,,,,,,,528.1
6233,2.13,5.93,91.4,194.7,542,0,72,,0.270416667,,,,,,,,347.3
6234,1.25,6.46,91.3,114.1,589.8,0,72,,0.158472222,,,,,,,,475.7
6235,0.73,7.66,91.2,66.6,698.6,0,72,,0.0925,,,,,,,,632
6236,1.16,6.2,91.4,106,566.7,0,72,,0.147222222,,,,,,,,460.7
6237,2.07,5.93,91.4,189.2,542,0,72,,0.262777778,,,,,,,,352.8
6238,2.1,4.89,91.5,192.2,447.4,0,72,,0.266944444,,,,,,,,255.2
6239,1.55,3.47,91.7,142.1,318.2,0,74,,0.197361111,,,,,,,,176.1
6240,1.46,2.9,91.8,134,266.2,0,74,,0.186111111,,,,,,,,132.2
6241,1.75,3.46,91.8,160.7,317.6,0,73,,0.223194444,,,,,,,,156.9
6242,2.16,4.7,91.5,197.6,430.1,0,73,,0.274444444,,,,,,,,232.5
6243,1.81,5.28,91.5,165.6,483.1,0,72,,0.23,,,,,,,,317.5
6244,2.06,5.44,91.5,188.5,497.8,0,72,,0.261805556,,,,,,,,309.3
6245,1.85,5.64,91.4,169.1,515.5,0,72,,0.234861111,,,,,,,,346.4
6246,1.96,6.16,91.4,179.1,563,0,72,,0.24875,,,,,,,,383.9
6247,2.02,6.64,91.3,184.4,606.2,0,71,,0.256111111,,,,,,,,421.8
6248,1.83,6.75,91.2,166.9,615.6,0,71,,0.231805556,,,,,,,,448.7
6249,1.37,7.24,91.2,124.9,660.3,0,71,,0.173472222,,,,,,,,535.4
6250,1.96,7.14,91.2,178.8,651.2,0,71,,0.248333333,,,,,,,,472.4
6251,1.58,8.11,91.1,143.9,738.8,0,71,,0.199861111,,,,,,,,594.9
6252,1.77,7.6,91,161.1,691.6,0,71,,0.22375,,,,,,,,530.5
6253,1.47,6.93,91.2,134.1,632,0,71,,0.18625,,,,,,,,497.9
6254,2.03,6.37,91.2,185.1,580.9,0,71,,0.257083333,,,,,,,,395.8
6255,2.19,6.46,91.2,199.7,589.2,0,71,,0.277361111,,,,,,,,389.5
6256,1.27,7.14,91.1,115.7,650.5,0,71,,0.160694444,,,,,,,,534.8
6257,2.09,6.68,91.2,190.6,609.2,0,71,,0.264722222,,,,,,,,418.6
6258,1.78,7.08,91.1,162.2,645,0,71,,0.225277778,,,,,,,,482.8
6259,2.08,7.03,91.1,189.5,640.4,0,71,,0.263194444,,,,,,,,450.9
6260,1.5,7.33,91.1,136.7,667.8,0,71,,0.189861111,,,,,,,,531.1
6261,1.73,7.31,91.1,157.6,665.9,0,71,,0.218888889,,,,,,,,508.3
6262,1.47,7.72,91,133.8,702.5,0,71,,0.185833333,,,,,,,,568.7
6263,1.58,7.44,91,143.8,677,0,71,,0.199722222,,,,,,,,533.2
6264,1.04,7.8,90.9,94.5,709,0,71,,0.13125,,,,,,,,614.5
6265,1.24,8.74,90.8,112.6,793.6,0,71,,0.156388889,,,,,,,,681
6266,1.79,8.04,90.9,162.7,730.8,0,70,,0.225972222,,,,,,,,568.1
6267,1.46,8.11,90.8,132.6,736.4,0,70,,0.184166667,,,,,,,,603.8
6268,2.01,7.39,91,182.9,672.5,0,71,,0.254027778,,,,,,,,489.6
6269,0.9,7.51,91,81.9,683.4,0,71,,0.11375,,,,,,,,601.5
6270,2.25,6.94,91,204.8,631.5,0,71,,0.284444444,,,,,,,,426.7
6271,1.89,7.43,90.9,171.8,675.4,0,71,,0.238611111,,,,,,,,503.6
6272,1.67,8.58,90.8,151.6,779.1,0,70,,0.210555556,,,,,,,,627.5
6273,2.15,8.29,90.8,195.2,752.7,0,70,,0.271111111,,,,,,,,557.5
6274,2.13,8.01,90.9,193.6,728.1,0,70,,0.268888889,,,,,,,,534.5
6275,2.2,8.44,90.8,199.8,766.4,0,70,,0.2775,,,,,,,,566.6
6276,1.62,10.75,90.5,146.6,972.9,0,69,,0.203611111,,,,,,,,826.3
6277,2.33,11.27,90.4,210.6,1018.8,0,69,,0.2925,,,,,,,,808.2
6278,1.76,10.13,90.5,159.3,916.8,0,69,,0.22125,,,,,,,,757.5
6279,1.19,10.32,90.5,107.7,934,0,69,,0.149583333,,,,,,,,826.3
6280,2.17,11.09,90.3,196,1001.4,0,69,,0.272222222,,,,,,,,805.4
6281,2.15,9.96,90.5,194.6,901.4,0,69,,0.270277778,,,,,,,,706.8
6282,2.11,9.35,90.5,191,846.2,0,70,,0.265277778,,,,,,,,655.2
6283,2.13,8.77,90.6,193,794.6,0,70,,0.268055556,,,,,,,,601.6
6284,2.05,9.38,90.6,185.7,849.8,0,70,,0.257916667,,,,,,,,664.1
6285,2.21,9.43,90.5,200,853.4,0,69,,0.277777778,,,,,,,,653.4
6286,2.18,8.61,90.6,197.5,780.1,0,70,,0.274305556,,,,,,,,582.6
6287,1.37,7.99,90.6,124.1,723.9,0,70,,0.172361111,,,,,,,,599.8
6288,1.57,7.2,90.8,142.6,653.8,0,71,,0.198055556,,,,,,,,511.2
6289,1.62,5.14,91.1,147.6,468.3,0,72,,0.205,,,,,,,,320.7
6290,1.99,3.25,91.4,181.9,297.1,0,73,,0.252638889,,,,,,,,115.2
6291,1.77,3.39,91.3,161.6,309.5,0,73,,0.224444444,,,,,,,,147.9
6292,0.85,5.99,91,77.4,545.1,0,72,,0.1075,,,,,,,,467.7
6293,1.13,7.09,90.9,102.7,644.5,0,71,,0.142638889,,,,,,,,541.8
6294,2.01,8.38,90.7,182.3,760.1,0,70,,0.253194444,,,,,,,,577.8
6295,0.86,12.21,90.2,77.6,1101.3,0,68,,0.107777778,,,,,,,,1023.7
6296,1.91,11.66,90.2,172.3,1051.7,0,68,,0.239305556,,,,,,,,879.4
6297,2.12,10.78,90.3,191.4,973.4,0,69,,0.265833333,,,,,,,,782
6298,2.17,10.32,90.3,196,931.9,0,69,,0.272222222,,,,,,,,735.9
6299,2.24,9.64,90.4,202.5,871.5,0,69,,0.28125,,,,,,,,669
6300,2.12,8.99,90.5,191.9,813.6,0,70,,0.266527778,,,,,,,,621.7
6301,2.28,8.1,90.6,206.6,733.9,0,70,,0.286944444,,,,,,,,527.3
6302,2.22,8.31,90.5,200.9,752.1,0,70,,0.279027778,,,,,,,,551.2
6303,2.29,8.03,90.6,207.5,727.5,0,70,,0.288194444,,,,,,,,520
6304,2.23,6.14,90.8,202.5,557.5,0,71,,0.28125,,,,,,,,355
6305,1.86,4.93,91,169.3,448.6,0,72,,0.235138889,,,,,,,,279.3
6306,2.25,4.14,91.2,205.2,377.6,0,72,,0.285,,,,,,,,172.4
6307,1.58,6.44,90.8,143.5,584.8,0,71,,0.199305556,,,,,,,,441.3
6308,1.01,7.36,90.7,91.6,667.6,0,71,,0.127222222,,,,,,,,576
6309,2.07,6.92,90.8,188,628.3,0,71,,0.261111111,,,,,,,,440.3
6310,1.77,9.83,90.3,159.8,887.6,0,69,,0.221944444,,,,,,,,727.8
6311,1.59,10.78,90.2,143.4,972.4,0,69,,0.199166667,,,,,,,,829
6312,2.14,8.17,90.5,193.7,739.4,0,70,,0.269027778,,,,,,,,545.7
6313,2.01,5.84,90.8,182.5,530.3,0,72,,0.253472222,,,,,,,,347.8
6314,1.04,6.81,90.7,94.3,617.7,0,72,,0.130972222,,,,,,,,523.4
6315,1.29,7.04,90.7,117,638.5,0,71,,0.1625,,,,,,,,521.5
6316,0.83,7.55,90.6,75.2,684,0,71,,0.104444444,,,,,,,,608.8
6317,2,6.62,90.7,181.4,600.4,0,71,,0.251944444,,,,,,,,419
6318,2.46,6.28,90.8,223.4,570.2,0,71,,0.310277778,,,,,,,,346.8
6319,1.52,7.33,90.7,137.9,664.8,0,71,,0.191527778,,,,,,,,526.9
6320,2.11,6.6,90.7,191.4,598.6,0,71,,0.265833333,,,,,,,,407.2
6321,1.45,6.58,90.8,131.7,597.5,0,71,,0.182916667,,,,,,,,465.8
6322,1.02,6.66,90.7,92.5,604.1,0,71,,0.128472222,,,,,,,,511.6
6323,1.9,5.82,90.8,172.5,528.5,0,71,,0.239583333,,,,,,,,356
6324,1.18,6.14,90.8,107.1,557.5,0,71,,0.14875,,,,,,,,450.4
6325,0.92,6.11,90.8,83.5,554.8,0,71,,0.115972222,,,,,,,,471.3
6326,1.68,5.59,90.9,152.7,508.1,0,71,,0.212083333,,,,,,,,355.4
6327,1.14,5.7,90.8,103.5,517.6,0,72,,0.14375,,,,,,,,414.1
6328,1.82,5.19,90.9,165.4,471.8,0,72,,0.229722222,,,,,,,,306.4
6329,1.93,5.3,90.9,175.4,481.8,0,72,,0.243611111,,,,,,,,306.4
6330,1.48,5.89,90.8,134.4,534.8,0,71,,0.186666667,,,,,,,,400.4
6331,1.28,6.48,90.7,116.1,587.7,0,71,,0.16125,,,,,,,,471.6
6332,1.31,-26.55,95.5,125.1,-2535.5,0,60,,0.17375,,,,,,,,-2660.6
6333,1.71,-1.32,92.1,157.5,-121.6,0,49,,0.21875,,,,,,,,-279.1
6334,1.9,-1.5,92.1,175,-138.2,0,48,,0.243055556,,,,,,,,-313.2
6335,1.76,-1.37,92.1,162.1,-126.2,0,45,,0.225138889,,,,,,,,-288.3
6336,0.44,-9.94,93.3,41.1,-927.4,0,31,,0.057083333,,,,,,,,-968.5
6337,1.89,-2.74,92.4,174.6,-253.2,0,8,,0.2425,Solar[A]*5/360,BA[A]*5/3600,,,,,,-427.8
6338,1.98,-1.59,92.2,182.6,-146.6,0,0,停車後発電,0.253611111,0.0275,-0.002208333,,,,,,-329.2
6339,2.01,-1.61,92.2,185.3,-148.4,0,0,,0.257361111,0.027916667,-0.002236111,,,,,,-333.7
6340,2.03,-1.63,92.2,187.2,-150.3,0,0,,0.26,0.028194444,-0.002263889,,,,,,-337.5
6341,1.98,-1.59,92.2,182.6,-146.6,0,0,,0.253611111,0.0275,-0.002208333,,,,,,-329.2
6342,2.02,-1.62,92.2,186.2,-149.4,0,0,,0.258611111,0.028055556,-0.00225,,,,,,-335.6
6343,2.05,-1.65,92.2,189,-152.1,0,0,,0.2625,0.028472222,-0.002291667,,,,,,-341.1
6344,2.02,-1.63,92.2,186.2,-150.3,0,0,,0.258611111,0.028055556,-0.002263889,,,,,,-336.5
6345,1.92,-1.53,92.2,177,-141.1,0,0,,0.245833333,0.026666667,-0.002125,,,,,,-318.1
6346,2.05,-1.65,92.2,189,-152.1,0,0,,0.2625,0.028472222,-0.002291667,,,,,,-341.1
6347,2.11,-1.71,92.2,194.5,-157.7,0,0,,0.270138889,0.029305556,-0.002375,,,,,,-352.2
6348,2.06,-1.66,92.2,189.9,-153.1,0,0,,0.26375,0.028611111,-0.002305556,,,,,,-343
6349,1.83,-1.45,92.2,168.7,-133.7,0,0,,0.234305556,0.025416667,-0.002013889,,,,,,-302.4
6350,2.06,-1.67,92.2,189.9,-154,0,0,,0.26375,0.028611111,-0.002319444,,,,,,-343.9
6351,1.93,-1.54,92.2,177.9,-142,0,0,,0.247083333,0.026805556,-0.002138889,,,,,,-319.9
6352,1.91,-1.52,92.2,176.1,-140.1,0,0,,0.244583333,0.026527778,-0.002111111,,,,,,-316.2
6353,2.35,-1.94,92.3,216.9,-179.1,0,0,,0.30125,0.032638889,-0.002694444,,,,,,-396
6354,3.1,-2.63,92.4,286.4,-243,0,0,,0.397777778,0.043055556,-0.003652778,,,,,,-529.4
6355,3.66,-3.14,92.4,338.2,-290.1,0,0,,0.469722222,0.050833333,-0.004361111,,,,,,-628.3
6356,5.29,-4.66,92.7,490.4,-432,0,0,,0.681111111,0.073472222,-0.006472222,,,,,,-922.4
6357,6.44,-5.73,92.8,597.6,-531.7,0,0,,0.83,0.089444444,-0.007958333,,,,,,-1129.3
6358,7.24,-6.47,92.9,672.6,-601.1,0,0,,0.934166667,0.100555556,-0.008986111,,,,,,-1273.7
6359,7.77,-6.97,93,722.6,-648.2,0,0,,1.003611111,0.107916667,-0.009680556,,,,,,-1370.8
6360,7.87,-7.06,93,731.9,-656.6,0,0,,1.016527778,0.109305556,-0.009805556,,,,,,-1388.5
6361,7.57,-6.77,93,704,-629.6,0,0,,0.977777778,0.105138889,-0.009402778,,,,,,-1333.6
6362,8.13,-7.3,93.1,756.9,-679.6,0,0,,1.05125,0.112916667,-0.010138889,,,,,,-1436.5
6363,7.57,-6.79,93,704,-631.5,0,0,,0.977777778,0.105138889,-0.009430556,,,,,,-1335.5
6364,6.26,-5.56,92.9,581.6,-516.5,0,0,,0.807777778,0.086944444,-0.007722222,,,,,,-1098.1
6365,5.3,-4.66,92.8,491.8,-432.4,0,0,,0.683055556,0.073611111,-0.006472222,,,,,,-924.2
6366,3.95,-3.41,92.6,365.8,-315.8,0,0,,0.508055556,0.054861111,-0.004736111,,,,,,-681.6
6367,5.27,-4.64,92.8,489.1,-430.6,0,0,,0.679305556,0.073194444,-0.006444444,,,,,,-919.7
6368,5.98,-5.3,92.8,554.9,-491.8,0,0,,0.770694444,0.083055556,-0.007361111,,,,,,-1046.7
6369,5.8,-5.13,92.9,538.8,-476.6,0,0,,0.748333333,0.080555556,-0.007125,,,,,,-1015.4
6370,5.91,-5.23,92.9,549,-485.9,0,0,,0.7625,0.082083333,-0.007263889,,,,,,-1034.9
6371,5.76,-5.1,92.9,535.1,-473.8,0,0,,0.743194444,0.08,-0.007083333,,,,,,-1008.9
6372,7.34,-6.57,93.1,683.4,-611.7,0,0,,0.949166667,0.101944444,-0.009125,,,,,,-1295.1
6373,6.15,-5.46,92.9,571.3,-507.2,0,0,,0.793472222,0.085416667,-0.007583333,,,,,,-1078.5
6374,7.29,-6.53,93.1,678.7,-607.9,0,0,,0.942638889,0.10125,-0.009069444,,,,,,-1286.6
6375,6.98,-6.24,93.1,649.8,-580.9,0,0,,0.9025,0.096944444,-0.008666667,,,,,,-1230.7
6376,8.48,-7.62,93.2,790.3,-710.2,0,0,,1.097638889,0.117777778,-0.010583333,,,,,,-1500.5
6377,8.48,-7.62,93.3,791.2,-710.9,0,0,,1.098888889,0.117777778,-0.010583333,,,,,,-1502.1
6378,8.7,-7.84,93.3,811.7,-731.5,0,0,,1.127361111,0.120833333,-0.010888889,,,,,,-1543.2
6379,8.77,-7.89,93.3,818.2,-736.1,0,0,,1.136388889,0.121805556,-0.010958333,,,,,,-1554.3
6380,8.85,-7.97,93.4,826.6,-744.4,0,0,,1.148055556,0.122916667,-0.011069444,,,,,,-1571
6381,8.84,-7.96,93.4,825.7,-743.5,0,0,,1.146805556,0.122777778,-0.011055556,,,,,,-1569.2
6382,8.83,-7.95,93.4,824.7,-742.5,0,0,,1.145416667,0.122638889,-0.011041667,,,,,,-1567.2
6383,8.82,-7.94,93.4,823.8,-741.6,0,0,,1.144166667,0.1225,-0.011027778,,,,,,-1565.4
6384,8.83,-7.94,93.4,824.7,-741.6,0,0,,1.145416667,0.122638889,-0.011027778,,,,,,-1566.3
6385,7.06,-6.31,93.2,658,-588.1,0,0,,0.913888889,0.098055556,-0.008763889,,,,,,-1246.1
6386,8.59,-7.73,93.4,802.3,-722,0,0,,1.114305556,0.119305556,-0.010736111,,,,,,-1524.3
6387,8.62,-7.75,93.4,805.1,-723.9,0,0,,1.118194444,0.119722222,-0.010763889,,,,,,-1529
6388,8.73,-7.86,93.4,815.4,-734.1,0,0,,1.1325,0.12125,-0.010916667,,,,,,-1549.5
6389,8.72,-7.85,93.4,814.4,-733.2,0,0,,1.131111111,0.121111111,-0.010902778,,,,,,-1547.6
6390,8.72,-7.84,93.4,814.4,-732.3,0,0,,1.131111111,0.121111111,-0.010888889,,,,,,-1546.7
6391,8.72,-7.84,93.4,814.4,-732.3,0,0,,1.131111111,0.121111111,-0.010888889,,,,,,-1546.7
6392,8.72,-7.85,93.5,815.3,-734,0,0,,1.132361111,0.121111111,-0.010902778,,,,,,-1549.3
6393,8.7,-7.83,93.5,813.5,-732.1,0,0,,1.129861111,0.120833333,-0.010875,,,,,,-1545.6
6394,8.69,-7.82,93.5,812.5,-731.2,0,0,,1.128472222,0.120694444,-0.010861111,,,,,,-1543.7
6395,8.68,-7.81,93.6,812.4,-731,0,0,,1.128333333,0.120555556,-0.010847222,,,,,,-1543.4
6396,8.65,-7.78,93.6,809.6,-728.2,0,0,,1.124444444,0.120138889,-0.010805556,,,,,,-1537.8
6397,8.66,-7.79,93.6,810.6,-729.1,0,0,,1.125833333,0.120277778,-0.010819444,,,,,,-1539.7
6398,8.66,-7.79,93.6,810.6,-729.1,0,0,,1.125833333,0.120277778,-0.010819444,,,,,,-1539.7
6399,8.64,-7.78,93.6,808.7,-728.2,0,0,,1.123194444,0.12,-0.010805556,,,,,,-1536.9
6400,8.64,-7.78,93.6,808.7,-728.2,0,0,,1.123194444,0.12,-0.010805556,,,,,,-1536.9
6401,8.62,-7.75,93.6,806.8,-725.4,0,0,,1.120555556,0.119722222,-0.010763889,,,,,,-1532.2
6402,8.62,-7.75,93.6,806.8,-725.4,0,0,,1.120555556,0.119722222,-0.010763889,,,,,,-1532.2
6403,7.02,-6.27,93.4,655.7,-585.6,0,0,,0.910694444,0.0975,-0.008708333,,,,,,-1241.3
6404,8.59,-7.72,93.6,804,-722.6,0,0,,1.116666667,0.119305556,-0.010722222,,,,,,-1526.6
6405,8.57,-7.71,93.6,802.2,-721.7,0,0,,1.114166667,0.119027778,-0.010708333,,,,,,-1523.9
6406,8.57,-7.71,93.6,802.2,-721.7,0,0,,1.114166667,0.119027778,-0.010708333,,,,,,-1523.9
6407,8.57,-7.71,93.6,802.2,-721.7,0,0,,1.114166667,0.119027778,-0.010708333,,,,,,-1523.9
6408,8.57,-7.7,93.6,802.2,-720.7,0,0,,1.114166667,0.119027778,-0.010694444,,,,,,-1522.9
6409,8.55,-7.7,93.6,800.3,-720.7,0,0,,1.111527778,0.11875,-0.010694444,,,,,,-1521
6410,8.57,-7.71,93.7,803,-722.4,0,0,,1.115277778,0.119027778,-0.010708333,,,,,,-1525.4
6411,8.55,-7.69,93.7,801.1,-720.6,0,0,,1.112638889,0.11875,-0.010680556,,,,,,-1521.7
6412,8.55,-7.69,93.7,801.1,-720.6,0,0,,1.112638889,0.11875,-0.010680556,,,,,,-1521.7
6413,8.53,-7.67,93.7,799.3,-718.7,0,0,,1.110138889,0.118472222,-0.010652778,,,,,,-1518
6414,8.54,-7.68,93.7,800.2,-719.6,0,0,,1.111388889,0.118611111,-0.010666667,,,,,,-1519.8
6415,8.53,-7.68,93.7,799.3,-719.6,0,0,,1.110138889,0.118472222,-0.010666667,,,,,,-1518.9
6416,8.53,-7.68,93.7,799.3,-719.6,0,0,,1.110138889,0.118472222,-0.010666667,,,,,,-1518.9
6417,8.51,-7.66,93.7,797.4,-717.7,0,0,,1.1075,0.118194444,-0.010638889,,,,,,-1515.1
6418,8.53,-7.67,93.7,799.3,-718.7,0,0,,1.110138889,0.118472222,-0.010652778,,,,,,-1518
6419,8.51,-7.66,93.7,797.4,-717.7,0,0,,1.1075,0.118194444,-0.010638889,,,,,,-1515.1
6420,8.49,-7.64,93.7,795.5,-715.9,0,0,,1.104861111,0.117916667,-0.010611111,,,,,,-1511.4
6421,8.48,-7.63,93.7,794.6,-714.9,0,0,,1.103611111,0.117777778,-0.010597222,,,,,,-1509.5
6422,8.48,-7.64,93.7,794.6,-715.9,0,0,,1.103611111,0.117777778,-0.010611111,,,,,,-1510.5
6423,8.48,-7.63,93.7,794.6,-714.9,0,0,,1.103611111,0.117777778,-0.010597222,,,,,,-1509.5
6424,8.48,-7.63,93.7,794.6,-714.9,0,0,,1.103611111,0.117777778,-0.010597222,,,,,,-1509.5
6425,8.49,-7.64,93.8,796.4,-716.6,0,0,,1.106111111,0.117916667,-0.010611111,,,,,,-1513
6426,8.47,-7.62,93.8,794.5,-714.8,0,0,,1.103472222,0.117638889,-0.010583333,,,,,,-1509.3
6427,8.45,-7.61,93.8,792.6,-713.8,0,0,,1.100833333,0.117361111,-0.010569444,,,,,,-1506.4
6428,8.44,-7.59,93.9,792.5,-712.7,0,0,,1.100694444,0.117222222,-0.010541667,,,,,,-1505.2
6429,8.43,-7.58,93.9,791.6,-711.8,0,0,,1.099444444,0.117083333,-0.010527778,,,,,,-1503.4
6430,8.42,-7.57,93.9,790.6,-710.8,0,0,,1.098055556,0.116944444,-0.010513889,,,,,,-1501.4
6431,8.43,-7.57,93.9,791.6,-710.8,0,0,,1.099444444,0.117083333,-0.010513889,,,,,,-1502.4
6432,8.43,-7.57,93.9,791.6,-710.8,0,0,,1.099444444,0.117083333,-0.010513889,,,,,,-1502.4
6433,8.41,-7.56,93.9,789.7,-709.9,0,0,,1.096805556,0.116805556,-0.0105,,,,,,-1499.6
6434,8.41,-7.56,93.9,789.7,-709.9,0,0,,1.096805556,0.116805556,-0.0105,,,,,,-1499.6
6435,8.39,-7.55,93.9,787.8,-708.9,0,0,,1.094166667,0.116527778,-0.010486111,,,,,,-1496.7
6436,8.38,-7.54,93.9,786.9,-708,0,0,,1.092916667,0.116388889,-0.010472222,,,,,,-1494.9
6437,8.39,-7.53,93.9,787.8,-707.1,0,0,,1.094166667,0.116527778,-0.010458333,,,,,,-1494.9
6438,8.37,-7.52,93.9,785.9,-706.1,0,0,,1.091527778,0.11625,-0.010444444,,,,,,-1492
6439,8.36,-7.52,93.9,785,-706.1,0,0,,1.090277778,0.116111111,-0.010444444,,,,,,-1491.1
6440,8.36,-7.52,93.9,785,-706.1,0,0,,1.090277778,0.116111111,-0.010444444,,,,,,-1491.1
6441,8.34,-7.51,94,784,-705.9,0,0,,1.088888889,0.115833333,-0.010430556,,,,,,-1489.9
6442,8.34,-7.5,93.9,783.1,-704.3,0,0,,1.087638889,0.115833333,-0.010416667,,,,,,-1487.4
6443,8.34,-7.5,93.9,783.1,-704.3,0,0,,1.087638889,0.115833333,-0.010416667,,,,,,-1487.4
6444,8.34,-7.5,93.9,783.1,-704.3,0,0,,1.087638889,0.115833333,-0.010416667,,,,,,-1487.4
6445,8.33,-7.5,94,783,-705,0,0,,1.0875,0.115694444,-0.010416667,,,,,,-1488
6446,8.32,-7.48,94,782.1,-703.1,0,0,,1.08625,0.115555556,-0.010388889,,,,,,-1485.2
6447,8.32,-7.48,94,782.1,-703.1,0,0,,1.08625,0.115555556,-0.010388889,,,,,,-1485.2
6448,8.32,-7.48,94,782.1,-703.1,0,0,,1.08625,0.115555556,-0.010388889,,,,,,-1485.2
6449,8.31,-7.46,94,781.1,-701.2,0,0,,1.084861111,0.115416667,-0.010361111,,,,,,-1482.3
6450,8.32,-7.48,94,782.1,-703.1,0,0,,1.08625,0.115555556,-0.010388889,,,,,,-1485.2
6451,8.3,-7.46,94,780.2,-701.2,0,0,,1.083611111,0.115277778,-0.010361111,,,,,,-1481.4
6452,8.29,-7.46,94,779.3,-701.2,0,0,,1.082361111,0.115138889,-0.010361111,,,,,,-1480.5
6453,8.29,-7.45,94,779.3,-700.3,0,0,,1.082361111,0.115138889,-0.010347222,,,,,,-1479.6
6454,8.27,-7.43,94,777.4,-698.4,0,0,,1.079722222,0.114861111,-0.010319444,,,,,,-1475.8
6455,8.26,-7.42,94,776.4,-697.5,0,0,,1.078333333,0.114722222,-0.010305556,,,,,,-1473.9
6456,8.27,-7.42,94,777.4,-697.5,0,0,,1.079722222,0.114861111,-0.010305556,,,,,,-1474.9
6457,8.13,-7.31,94,764.2,-687.1,0,0,,1.061388889,0.112916667,-0.010152778,,,,,,-1451.3
6458,8.13,-7.3,94.1,765,-686.9,0,0,,1.0625,0.112916667,-0.010138889,,,,,,-1451.9
6459,8.25,-7.41,94.2,777.2,-698,0,0,,1.079444444,0.114583333,-0.010291667,,,,,,-1475.2
6460,8.23,-7.39,94.2,775.3,-696.1,0,0,,1.076805556,0.114305556,-0.010263889,,,,,,-1471.4
6461,8.24,-7.4,94.1,775.4,-696.3,0,0,,1.076944444,0.114444444,-0.010277778,,,,,,-1471.7
6462,8.22,-7.39,94.2,774.3,-696.1,0,0,,1.075416667,0.114166667,-0.010263889,,,,,,-1470.4
6463,8.22,-7.39,94.2,774.3,-696.1,0,0,,1.075416667,0.114166667,-0.010263889,,,,,,-1470.4
6464,8.2,-7.37,94.2,772.4,-694.3,0,0,,1.072777778,0.113888889,-0.010236111,,,,,,-1466.7
6465,8.19,-7.36,94.2,771.5,-693.3,0,0,,1.071527778,0.11375,-0.010222222,,,,,,-1464.8
6466,8.18,-7.36,94.2,770.6,-693.3,0,0,,1.070277778,0.113611111,-0.010222222,,,,,,-1463.9
6467,8.18,-7.36,94.2,770.6,-693.3,0,0,,1.070277778,0.113611111,-0.010222222,,,,,,-1463.9
6468,8.17,-7.35,94.2,769.6,-692.4,0,0,,1.068888889,0.113472222,-0.010208333,,,,,,-1462
6469,8.17,-7.35,94.2,769.6,-692.4,0,0,,1.068888889,0.113472222,-0.010208333,,,,,,-1462
6470,8.17,-7.35,94.2,769.6,-692.4,0,0,,1.068888889,0.113472222,-0.010208333,,,,,,-1462
6471,8.15,-7.32,94.2,767.7,-689.5,0,0,,1.06625,0.113194444,-0.010166667,,,,,,-1457.2
6472,8.13,-7.32,94.2,765.8,-689.5,0,0,,1.063611111,0.112916667,-0.010166667,,,,,,-1455.3
6473,8.13,-7.31,94.2,765.8,-688.6,0,0,,1.063611111,0.112916667,-0.010152778,,,,,,-1454.4
6474,8.13,-7.3,94.2,765.8,-687.7,0,0,,1.063611111,0.112916667,-0.010138889,,,,,,-1453.5
6475,8.1,-7.27,94.2,763,-684.8,0,0,,1.059722222,0.1125,-0.010097222,,,,,,-1447.8
6476,8.09,-7.27,94.3,762.9,-685.6,0,0,,1.059583333,0.112361111,-0.010097222,,,,,,-1448.5
6477,8.09,-7.26,94.3,762.9,-684.6,0,0,,1.059583333,0.112361111,-0.010083333,,,,,,-1447.5
6478,8.09,-7.26,94.3,762.9,-684.6,0,0,,1.059583333,0.112361111,-0.010083333,,,,,,-1447.5
6479,8.08,-7.26,94.3,761.9,-684.6,0,0,,1.058194444,0.112222222,-0.010083333,,,,,,-1446.5
6480,8.06,-7.24,94.3,760.1,-682.7,0,0,,1.055694444,0.111944444,-0.010055556,,,,,,-1442.8
6481,8.06,-7.23,94.3,760.1,-681.8,0,0,,1.055694444,0.111944444,-0.010041667,,,,,,-1441.9
6482,8.04,-7.22,94.3,758.2,-680.8,0,0,,1.053055556,0.111666667,-0.010027778,,,,,,-1439
6483,8.05,-7.23,94.3,759.1,-681.8,0,0,,1.054305556,0.111805556,-0.010041667,,,,,,-1440.9
6484,8.02,-7.2,94.3,756.3,-679,0,0,,1.050416667,0.111388889,-0.01,,,,,,-1435.3
6485,8.04,-7.22,94.3,758.2,-680.8,0,0,,1.053055556,0.111666667,-0.010027778,,,,,,-1439
6486,8.02,-7.21,94.3,756.3,-679.9,0,0,,1.050416667,0.111388889,-0.010013889,,,,,,-1436.2
6487,8,-7.19,94.3,754.4,-678,0,0,,1.047777778,0.111111111,-0.009986111,,,,,,-1432.4
6488,7.98,-7.17,94.3,752.5,-676.1,0,0,,1.045138889,0.110833333,-0.009958333,,,,,,-1428.6
6489,7.99,-7.17,94.3,753.5,-676.1,0,0,,1.046527778,0.110972222,-0.009958333,,,,,,-1429.6
6490,7.98,-7.16,94.3,752.5,-675.2,0,0,,1.045138889,0.110833333,-0.009944444,,,,,,-1427.7
6491,7.96,-7.16,94.4,751.4,-675.9,0,0,,1.043611111,0.110555556,-0.009944444,,,,,,-1427.3
6492,7.95,-7.13,94.5,751.3,-673.8,0,0,,1.043472222,0.110416667,-0.009902778,,,,,,-1425.1
6493,8.12,-7.29,94.5,767.3,-688.9,0,0,,1.065694444,0.112777778,-0.010125,,,,,,-1456.2
6494,8.23,-7.4,94.5,777.7,-699.3,0,0,,1.080138889,0.114305556,-0.010277778,,,,,,-1477
6495,8.21,-7.37,94.5,775.8,-696.5,0,0,,1.0775,0.114027778,-0.010236111,,,,,,-1472.3
6496,8.19,-7.35,94.5,774,-694.6,0,0,,1.075,0.11375,-0.010208333,,,,,,-1468.6
6497,8.2,-7.37,94.5,774.9,-696.5,0,0,,1.07625,0.113888889,-0.010236111,,,,,,-1471.4
6498,7.88,-7.07,94.5,744.7,-668.1,0,0,,1.034305556,0.109444444,-0.009819444,,,,,,-1412.8
6499,7.89,-7.09,94.5,745.6,-670,0,0,,1.035555556,0.109583333,-0.009847222,,,,,,-1415.6
6500,8.15,-7.32,94.5,770.2,-691.7,0,0,,1.069722222,0.113194444,-0.010166667,,,,,,-1461.9
6501,8.19,-7.36,94.5,774,-695.5,0,0,,1.075,0.11375,-0.010222222,,,,,,-1469.5
6502,8.17,-7.35,94.5,772.1,-694.6,0,0,,1.072361111,0.113472222,-0.010208333,,,,,,-1466.7
6503,8.17,-7.35,94.5,772.1,-694.6,0,0,,1.072361111,0.113472222,-0.010208333,,,,,,-1466.7
6504,8.15,-7.33,94.5,770.2,-692.7,0,0,,1.069722222,0.113194444,-0.010180556,,,,,,-1462.9
6505,8.16,-7.34,94.5,771.1,-693.6,0,0,,1.070972222,0.113333333,-0.010194444,,,,,,-1464.7
6506,8.14,-7.32,94.5,769.2,-691.7,0,0,,1.068333333,0.113055556,-0.010166667,,,,,,-1460.9
6507,8.11,-7.28,94.5,766.4,-688,0,0,,1.064444444,0.112638889,-0.010111111,,,,,,-1454.4
6508,8.11,-7.28,94.5,766.4,-688,0,0,,1.064444444,0.112638889,-0.010111111,,,,,,-1454.4
6509,8.1,-7.27,94.5,765.5,-687,0,0,,1.063194444,0.1125,-0.010097222,,,,,,-1452.5
6510,8.09,-7.26,94.6,765.3,-686.8,0,0,,1.062916667,0.112361111,-0.010083333,,,,,,-1452.1
6511,8.07,-7.24,94.5,762.6,-684.2,0,0,,1.059166667,0.112083333,-0.010055556,,,,,,-1446.8
6512,8.06,-7.24,94.6,762.5,-684.9,0,0,,1.059027778,0.111944444,-0.010055556,,,,,,-1447.4
6513,8.07,-7.25,94.6,763.4,-685.9,0,0,,1.060277778,0.112083333,-0.010069444,,,,,,-1449.3
6514,8.05,-7.23,94.6,761.5,-684,0,0,,1.057638889,0.111805556,-0.010041667,,,,,,-1445.5
6515,8.04,-7.22,94.6,760.6,-683,0,0,,1.056388889,0.111666667,-0.010027778,,,,,,-1443.6
6516,8.04,-7.22,94.6,760.6,-683,0,0,,1.056388889,0.111666667,-0.010027778,,,,,,-1443.6
6517,8.02,-7.21,94.6,758.7,-682.1,0,0,,1.05375,0.111388889,-0.010013889,,,,,,-1440.8
6518,8.02,-7.21,94.6,758.7,-682.1,0,0,,1.05375,0.111388889,-0.010013889,,,,,,-1440.8
6519,8.06,-7.24,94.6,762.5,-684.9,0,0,,1.059027778,0.111944444,-0.010055556,,,,,,-1447.4
6520,8.12,-7.29,94.6,768.2,-689.6,0,0,,1.066944444,0.112777778,-0.010125,,,,,,-1457.8
6521,8.14,-7.31,94.6,770,-691.5,0,0,,1.069444444,0.113055556,-0.010152778,,,,,,-1461.5
6522,8.15,-7.32,94.6,771,-692.5,0,0,,1.070833333,0.113194444,-0.010166667,,,,,,-1463.5
6523,8.15,-7.32,94.6,771,-692.5,0,0,,1.070833333,0.113194444,-0.010166667,,,,,,-1463.5
6524,8.14,-7.32,94.7,770.9,-693.2,0,0,,1.070694444,0.113055556,-0.010166667,,,,,,-1464.1
6525,8.13,-7.3,94.7,769.9,-691.3,0,0,,1.069305556,0.112916667,-0.010138889,,,,,,-1461.2
6526,8.14,-7.31,94.7,770.9,-692.3,0,0,,1.070694444,0.113055556,-0.010152778,,,,,,-1463.2
6527,8.13,-7.31,94.7,769.9,-692.3,0,0,,1.069305556,0.112916667,-0.010152778,,,,,,-1462.2
6528,8.12,-7.3,94.7,769,-691.3,0,0,,1.068055556,0.112777778,-0.010138889,,,,,,-1460.3
6529,8.12,-7.3,94.8,769.8,-692,0,0,,1.069166667,0.112777778,-0.010138889,,,,,,-1461.8
6530,8.11,-7.28,94.7,768,-689.4,0,0,,1.066666667,0.112638889,-0.010111111,,,,,,-1457.4
6531,8.11,-7.28,94.8,768.8,-690.1,0,0,,1.067777778,0.112638889,-0.010111111,,,,,,-1458.9
6532,8.11,-7.29,94.8,768.8,-691.1,0,0,,1.067777778,0.112638889,-0.010125,,,,,,-1459.9
6533,8.1,-7.26,94.8,767.9,-688.2,0,0,,1.066527778,0.1125,-0.010083333,,,,,,-1456.1
6534,8.09,-7.26,94.8,766.9,-688.2,0,0,,1.065138889,0.112361111,-0.010083333,,,,,,-1455.1
6535,8.09,-7.26,94.8,766.9,-688.2,0,0,,1.065138889,0.112361111,-0.010083333,,,,,,-1455.1
6536,8.09,-7.26,94.8,766.9,-688.2,0,0,,1.065138889,0.112361111,-0.010083333,,,,,,-1455.1
6537,8.08,-7.26,94.9,766.8,-689,0,0,,1.065,0.112222222,-0.010083333,,,,,,-1455.8
6538,8.07,-7.24,94.8,765,-686.4,0,0,,1.0625,0.112083333,-0.010055556,,,,,,-1451.4
6539,8.06,-7.23,94.8,764.1,-685.4,0,0,,1.06125,0.111944444,-0.010041667,,,,,,-1449.5
6540,8.05,-7.23,94.9,763.9,-686.1,0,0,,1.060972222,0.111805556,-0.010041667,,,,,,-1450
6541,8.05,-7.23,94.9,763.9,-686.1,0,0,,1.060972222,0.111805556,-0.010041667,,,,,,-1450
6542,8.04,-7.22,94.9,763,-685.2,0,0,,1.059722222,0.111666667,-0.010027778,,,,,,-1448.2
6543,8.04,-7.22,94.9,763,-685.2,0,0,,1.059722222,0.111666667,-0.010027778,,,,,,-1448.2
6544,8.02,-7.2,94.9,761.1,-683.3,0,0,,1.057083333,0.111388889,-0.01,,,,,,-1444.4
6545,8.02,-7.2,94.9,761.1,-683.3,0,0,,1.057083333,0.111388889,-0.01,,,,,,-1444.4
6546,8.02,-7.2,95,761.9,-684,0,0,,1.058194444,0.111388889,-0.01,,,,,,-1445.9
6547,8.01,-7.19,95,761,-683.1,0,0,,1.056944444,0.11125,-0.009986111,,,,,,-1444.1
6548,8,-7.17,95,760,-681.2,0,0,,1.055555556,0.111111111,-0.009958333,,,,,,-1441.2
6549,7.99,-7.18,95,759.1,-682.1,0,0,,1.054305556,0.110972222,-0.009972222,,,,,,-1441.2
6550,7.99,-7.17,95,759.1,-681.2,0,0,,1.054305556,0.110972222,-0.009958333,,,,,,-1440.3
6551,7.98,-7.16,95,758.1,-680.2,0,0,,1.052916667,0.110833333,-0.009944444,,,,,,-1438.3
6552,7.97,-7.16,95,757.2,-680.2,0,0,,1.051666667,0.110694444,-0.009944444,,,,,,-1437.4
6553,7.97,-7.16,95,757.2,-680.2,0,0,,1.051666667,0.110694444,-0.009944444,,,,,,-1437.4
6554,7.95,-7.15,95,755.3,-679.3,0,0,,1.049027778,0.110416667,-0.009930556,,,,,,-1434.6
6555,7.96,-7.15,95,756.2,-679.3,0,0,,1.050277778,0.110555556,-0.009930556,,,,,,-1435.5
6556,7.96,-7.14,95,756.2,-678.3,0,0,,1.050277778,0.110555556,-0.009916667,,,,,,-1434.5
6557,7.95,-7.13,95,755.3,-677.4,0,0,,1.049027778,0.110416667,-0.009902778,,,,,,-1432.7
6558,7.94,-7.12,95,754.3,-676.4,0,0,,1.047638889,0.110277778,-0.009888889,,,,,,-1430.7
6559,7.94,-7.14,95,754.3,-678.3,0,0,,1.047638889,0.110277778,-0.009916667,,,,,,-1432.6
6560,7.93,-7.12,95,753.4,-676.4,0,0,,1.046388889,0.110138889,-0.009888889,,,,,,-1429.8
6561,7.92,-7.1,95,752.4,-674.5,0,0,,1.045,0.11,-0.009861111,,,,,,-1426.9
6562,7.91,-7.1,95,751.5,-674.5,0,0,,1.04375,0.109861111,-0.009861111,,,,,,-1426
6563,7.91,-7.1,95,751.5,-674.5,0,0,,1.04375,0.109861111,-0.009861111,,,,,,-1426
6564,7.9,-7.08,95,750.5,-672.6,0,0,,1.042361111,0.109722222,-0.009833333,,,,,,-1423.1
6565,7.89,-7.09,95,749.6,-673.6,0,0,,1.041111111,0.109583333,-0.009847222,,,,,,-1423.2
6566,7.88,-7.08,95,748.6,-672.6,0,0,,1.039722222,0.109444444,-0.009833333,,,,,,-1421.2
6567,7.87,-7.07,95,747.7,-671.7,0,0,,1.038472222,0.109305556,-0.009819444,,,,,,-1419.4
6568,7.86,-7.05,95,746.7,-669.8,0,0,,1.037083333,0.109166667,-0.009791667,,,,,,-1416.5
6569,7.84,-7.03,95,744.8,-667.9,0,0,,1.034444444,0.108888889,-0.009763889,,,,,,-1412.7
6570,7.83,-7.02,95,743.9,-666.9,0,0,,1.033194444,0.10875,-0.00975,,,,,,-1410.8
6571,7.83,-7.02,95.1,744.6,-667.6,0,0,,1.034166667,0.10875,-0.00975,,,,,,-1412.2
6572,7.82,-7.02,95.1,743.7,-667.6,0,0,,1.032916667,0.108611111,-0.00975,,,,,,-1411.3
6573,7.81,-7,95.1,742.7,-665.7,0,0,,1.031527778,0.108472222,-0.009722222,,,,,,-1408.4
6574,7.8,-6.99,95.1,741.8,-664.7,0,0,,1.030277778,0.108333333,-0.009708333,,,,,,-1406.5
6575,7.79,-6.98,95.1,740.8,-663.8,0,0,,1.028888889,0.108194444,-0.009694444,,,,,,-1404.6
6576,7.81,-6.99,95.1,742.7,-664.7,0,0,,1.031527778,0.108472222,-0.009708333,,,,,,-1407.4
6577,7.8,-6.99,95.1,741.8,-664.7,0,0,,1.030277778,0.108333333,-0.009708333,,,,,,-1406.5
6578,7.8,-6.98,95.1,741.8,-663.8,0,0,,1.030277778,0.108333333,-0.009694444,,,,,,-1405.6
6579,7.79,-6.98,95.1,740.8,-663.8,0,0,,1.028888889,0.108194444,-0.009694444,,,,,,-1404.6
6580,7.79,-6.98,95.1,740.8,-663.8,0,0,,1.028888889,0.108194444,-0.009694444,,,,,,-1404.6
6581,7.78,-6.98,95.1,739.9,-663.8,0,0,,1.027638889,0.108055556,-0.009694444,,,,,,-1403.7
6582,7.77,-6.97,95.2,739.7,-663.5,0,0,,1.027361111,0.107916667,-0.009680556,,,,,,-1403.2
6583,7.78,-6.97,95.2,740.7,-663.5,0,0,,1.02875,0.108055556,-0.009680556,,,,,,-1404.2
6584,7.77,-6.96,95.1,738.9,-661.9,0,0,,1.02625,0.107916667,-0.009666667,,,,,,-1400.8
6585,7.74,-6.95,95.2,736.8,-661.6,0,0,,1.023333333,0.1075,-0.009652778,,,,,,-1398.4
6586,7.76,-6.96,95.2,738.8,-662.6,0,0,,1.026111111,0.107777778,-0.009666667,,,,,,-1401.4
6587,7.75,-6.96,95.3,738.6,-663.3,0,0,,1.025833333,0.107638889,-0.009666667,,,,,,-1401.9
6588,7.75,-6.96,95.2,737.8,-662.6,0,0,,1.024722222,0.107638889,-0.009666667,,,,,,-1400.4
6589,7.75,-6.95,95.2,737.8,-661.6,0,0,,1.024722222,0.107638889,-0.009652778,,,,,,-1399.4
6590,7.74,-6.95,95.3,737.6,-662.3,0,0,,1.024444444,0.1075,-0.009652778,,,,,,-1399.9
6591,7.73,-6.93,95.3,736.7,-660.4,0,0,,1.023194444,0.107361111,-0.009625,,,,,,-1397.1
6592,7.71,-6.92,95.3,734.8,-659.5,0,0,,1.020555556,0.107083333,-0.009611111,,,,,,-1394.3
6593,7.68,-6.9,95.3,731.9,-657.6,0,0,,1.016527778,0.106666667,-0.009583333,,,,,,-1389.5
6594,7.65,-6.87,95.3,729,-654.7,0,0,,1.0125,0.10625,-0.009541667,,,,,,-1383.7
6595,7.62,-6.82,95.3,726.2,-649.9,0,0,,1.008611111,0.105833333,-0.009472222,,,,,,-1376.1
6596,7.59,-6.79,95.3,723.3,-647.1,0,0,,1.004583333,0.105416667,-0.009430556,,,,,,-1370.4
6597,7.56,-6.77,95.3,720.5,-645.2,0,0,,1.000694444,0.105,-0.009402778,,,,,,-1365.7
6598,7.54,-6.76,95.3,718.6,-644.2,0,0,,0.998055556,0.104722222,-0.009388889,,,,,,-1362.8
6599,7.52,-6.74,95.3,716.7,-642.3,0,0,,0.995416667,0.104444444,-0.009361111,,,,,,-1359
6600,7.51,-6.73,95.3,715.7,-641.4,0,0,,0.994027778,0.104305556,-0.009347222,,,,,,-1357.1
6601,7.5,-6.73,95.3,714.8,-641.4,0,0,,0.992777778,0.104166667,-0.009347222,,,,,,-1356.2
6602,7.49,-6.71,95.3,713.8,-639.5,0,0,,0.991388889,0.104027778,-0.009319444,,,,,,-1353.3
6603,7.49,-6.71,95.3,713.8,-639.5,0,0,,0.991388889,0.104027778,-0.009319444,,,,,,-1353.3
6604,7.46,-6.68,95.3,710.9,-636.6,0,0,,0.987361111,0.103611111,-0.009277778,,,,,,-1347.5
6605,7.45,-6.68,95.3,710,-636.6,0,0,,0.986111111,0.103472222,-0.009277778,,,,,,-1346.6
6606,7.44,-6.66,95.3,709,-634.7,0,0,,0.984722222,0.103333333,-0.00925,,,,,,-1343.7
6607,7.43,-6.65,95.3,708.1,-633.7,0,0,,0.983472222,0.103194444,-0.009236111,,,,,,-1341.8
6608,7.4,-6.63,95.3,705.2,-631.8,0,0,,0.979444444,0.102777778,-0.009208333,,,,,,-1337
6609,7.38,-6.61,95.3,703.3,-629.9,0,0,,0.976805556,0.1025,-0.009180556,,,,,,-1333.2
6610,7.39,-6.62,95.3,704.3,-630.9,0,0,,0.978194444,0.102638889,-0.009194444,,,,,,-1335.2
6611,7.4,-6.63,95.3,705.2,-631.8,0,0,,0.979444444,0.102777778,-0.009208333,,,,,,-1337
6612,7.42,-6.64,95.3,707.1,-632.8,0,0,,0.982083333,0.103055556,-0.009222222,,,,,,-1339.9
6613,7.43,-6.65,95.3,708.1,-633.7,0,0,,0.983472222,0.103194444,-0.009236111,,,,,,-1341.8
6614,7.45,-6.66,95.3,710,-634.7,0,0,,0.986111111,0.103472222,-0.00925,,,,,,-1344.7
6615,7.43,-6.65,95.3,708.1,-633.7,0,0,,0.983472222,0.103194444,-0.009236111,,,,,,-1341.8
6616,7.42,-6.64,95.3,707.1,-632.8,0,0,,0.982083333,0.103055556,-0.009222222,,,,,,-1339.9
6617,7.4,-6.63,95.3,705.2,-631.8,0,0,,0.979444444,0.102777778,-0.009208333,,,,,,-1337
6618,7.38,-6.61,95.3,703.3,-629.9,0,0,,0.976805556,0.1025,-0.009180556,,,,,,-1333.2
6619,7.33,-6.56,95.3,698.5,-625.2,0,0,,0.970138889,0.101805556,-0.009111111,,,,,,-1323.7
6620,7.3,-6.53,95.3,695.7,-622.3,0,0,,0.96625,0.101388889,-0.009069444,,,,,,-1318
6621,7.25,-6.48,95.3,690.9,-617.5,0,0,,0.959583333,0.100694444,-0.009,,,,,,-1308.4
6622,7.19,-6.43,95.3,685.2,-612.8,0,0,,0.951666667,0.099861111,-0.008930556,,,,,,-1298
6623,6.17,-5.49,95.2,587.4,-522.6,0,0,,0.815833333,0.085694444,-0.007625,,,,,,-1110
6624,6.66,-5.93,95.2,634,-564.5,0,0,,0.880555556,0.0925,-0.008236111,,,,,,-1198.5
6625,7.07,-6.32,95.3,673.8,-602.3,0,0,,0.935833333,0.098194444,-0.008777778,,,,,,-1276.1
6626,6.99,-6.23,95.3,666.1,-593.7,0,0,,0.925138889,0.097083333,-0.008652778,,,,,,-1259.8
6627,6.87,-6.13,95.3,654.7,-584.2,0,0,,0.909305556,0.095416667,-0.008513889,,,,,,-1238.9
6628,6.79,-6.05,95.3,647.1,-576.6,0,0,,0.89875,0.094305556,-0.008402778,,,,,,-1223.7
6629,6.73,-6,95.3,641.4,-571.8,0,0,,0.890833333,0.093472222,-0.008333333,,,,,,-1213.2
6630,6.72,-5.99,95.3,640.4,-570.8,0,0,,0.889444444,0.093333333,-0.008319444,,,,,,-1211.2
6631,6.67,-5.94,95.3,635.7,-566.1,0,0,,0.882916667,0.092638889,-0.00825,,,,,,-1201.8
6632,6.65,-5.93,95.3,633.7,-565.1,0,0,,0.880138889,0.092361111,-0.008236111,,,,,,-1198.8
6633,6.68,-5.96,95.3,636.6,-568,0,0,,0.884166667,0.092777778,-0.008277778,,,,,,-1204.6
6634,6.51,-5.8,95.3,620.4,-552.7,0,0,,0.861666667,0.090416667,-0.008055556,,,,,,-1173.1
6635,6.55,-5.83,95.3,624.2,-555.6,0,0,,0.866944444,0.090972222,-0.008097222,,,,,,-1179.8
6636,6.51,-5.8,95.3,620.4,-552.7,0,0,,0.861666667,0.090416667,-0.008055556,,,,,,-1173.1
6637,6.83,-6.09,95.3,650.9,-580.4,0,0,,0.904027778,0.094861111,-0.008458333,,,,,,-1231.3
6638,6.65,-5.92,95.4,634.4,-564.8,0,0,,0.881111111,0.092361111,-0.008222222,,,,,,-1199.2
6639,6.61,-5.88,95.3,629.9,-560.4,0,0,,0.874861111,0.091805556,-0.008166667,,,,,,-1190.3
6640,6.62,-5.89,95.4,631.5,-561.9,0,0,,0.877083333,0.091944444,-0.008180556,,,,,,-1193.4
6641,6.63,-5.91,95.3,631.8,-563.2,0,0,,0.8775,0.092083333,-0.008208333,,,,,,-1195
6642,6.76,-6.04,95.4,644.9,-576.2,0,0,,0.895694444,0.093888889,-0.008388889,,,,,,-1221.1
6643,6.82,-6.07,95.4,650.6,-579.1,0,0,,0.903611111,0.094722222,-0.008430556,,,,,,-1229.7
6644,6.85,-6.11,95.4,653.5,-582.9,0,0,,0.907638889,0.095138889,-0.008486111,,,,,,-1236.4
6645,6.82,-6.09,95.4,650.6,-581,0,0,,0.903611111,0.094722222,-0.008458333,,,,,,-1231.6
6646,6.81,-6.07,95.4,649.7,-579.1,0,0,,0.902361111,0.094583333,-0.008430556,,,,,,-1228.8
6647,6.83,-6.08,95.4,651.6,-580,0,0,,0.905,0.094861111,-0.008444444,,,,,,-1231.6
6648,6.79,-6.05,95.4,647.8,-577.2,0,0,,0.899722222,0.094305556,-0.008402778,,,,,,-1225
6649,6.81,-6.07,95.4,649.7,-579.1,0,0,,0.902361111,0.094583333,-0.008430556,,,,,,-1228.8
6650,6.81,-6.07,95.4,649.7,-579.1,0,0,,0.902361111,0.094583333,-0.008430556,,,,,,-1228.8
6651,6.81,-6.07,95.5,650.4,-579.7,0,0,,0.903333333,0.094583333,-0.008430556,,,,,,-1230.1
6652,6.81,-6.06,95.4,649.7,-578.1,0,0,,0.902361111,0.094583333,-0.008416667,,,,,,-1227.8
6653,6.81,-6.07,95.4,649.7,-579.1,0,0,,0.902361111,0.094583333,-0.008430556,,,,,,-1228.8
6654,6.78,-6.06,95.4,646.8,-578.1,0,0,,0.898333333,0.094166667,-0.008416667,,,,,,-1224.9
6655,6.76,-6.02,95.5,645.6,-574.9,0,0,,0.896666667,0.093888889,-0.008361111,,,,,,-1220.5
6656,6.72,-6,95.4,641.1,-572.4,0,0,,0.890416667,0.093333333,-0.008333333,,,,,,-1213.5
6657,6.69,-5.95,95.4,638.2,-567.6,0,0,,0.886388889,0.092916667,-0.008263889,,,,,,-1205.8
6658,6.65,-5.92,95.4,634.4,-564.8,0,0,,0.881111111,0.092361111,-0.008222222,,,,,,-1199.2
6659,6.63,-5.92,95.5,633.2,-565.4,0,0,,0.879444444,0.092083333,-0.008222222,,,,,,-1198.6
6660,6.6,-5.88,95.5,630.3,-561.5,0,0,,0.875416667,0.091666667,-0.008166667,,,,,,-1191.8
6661,6.68,-5.95,95.5,637.9,-568.2,0,0,,0.885972222,0.092777778,-0.008263889,,,,,,-1206.1
6662,6.48,-5.75,95.5,618.8,-549.1,0,0,,0.859444444,0.09,-0.007986111,,,,,,-1167.9
6663,6.42,-5.71,95.5,613.1,-545.3,0,0,,0.851527778,0.089166667,-0.007930556,,,,,,-1158.4
6664,6.36,-5.66,95.5,607.4,-540.5,0,0,,0.843611111,0.088333333,-0.007861111,,,,,,-1147.9
6665,6.31,-5.61,95.5,602.6,-535.8,0,0,,0.836944444,0.087638889,-0.007791667,,,,,,-1138.4
6666,6.25,-5.55,95.4,596.3,-529.5,0,0,,0.828194444,0.086805556,-0.007708333,,,,,,-1125.8
6667,6.19,-5.5,95.4,590.5,-524.7,0,0,,0.820138889,0.085972222,-0.007638889,,,,,,-1115.2
6668,6.13,-5.44,95.4,584.8,-519,0,0,,0.812222222,0.085138889,-0.007555556,,,,,,-1103.8
6669,6.06,-5.38,95.4,578.1,-513.3,0,0,,0.802916667,0.084166667,-0.007472222,,,,,,-1091.4
6670,6,-5.32,95.4,572.4,-507.5,0,0,,0.795,0.083333333,-0.007388889,,,,,,-1079.9
6671,5.92,-5.25,95.4,564.8,-500.9,0,0,,0.784444444,0.082222222,-0.007291667,,,,,,-1065.7
6672,5.84,-5.17,95.4,557.1,-493.2,0,0,,0.77375,0.081111111,-0.007180556,,,,,,-1050.3
6673,5.78,-5.13,95.4,551.4,-489.4,0,0,,0.765833333,0.080277778,-0.007125,,,,,,-1040.8
6674,5.72,-5.07,95.4,545.7,-483.7,0,0,,0.757916667,0.079444444,-0.007041667,,,,,,-1029.4
6675,5.68,-5.03,95.4,541.9,-479.9,0,0,,0.752638889,0.078888889,-0.006986111,,,,,,-1021.8
6676,5.63,-4.97,95.4,537.1,-474.1,0,0,,0.745972222,0.078194444,-0.006902778,,,,,,-1011.2
6677,5.55,-4.91,95.4,529.5,-468.4,0,0,,0.735416667,0.077083333,-0.006819444,,,,,,-997.9
6678,5.54,-4.89,95.4,528.5,-466.5,0,0,,0.734027778,0.076944444,-0.006791667,,,,,,-995
6679,5.53,-4.87,95.4,527.6,-464.6,0,0,,0.732777778,0.076805556,-0.006763889,,,,,,-992.2
6680,5.54,-4.89,95.4,528.5,-466.5,0,0,,0.734027778,0.076944444,-0.006791667,,,,,,-995
6681,5.55,-4.91,95.4,529.5,-468.4,0,0,,0.735416667,0.077083333,-0.006819444,,,,,,-997.9
6682,5.56,-4.91,95.4,530.4,-468.4,0,0,,0.736666667,0.077222222,-0.006819444,,,,,,-998.8
6683,5.54,-4.88,95.4,528.5,-465.6,0,0,,0.734027778,0.076944444,-0.006777778,,,,,,-994.1
6684,5.55,-4.9,95.4,529.5,-467.5,0,0,,0.735416667,0.077083333,-0.006805556,,,,,,-997
6685,5.56,-4.91,95.4,530.4,-468.4,0,0,,0.736666667,0.077222222,-0.006819444,,,,,,-998.8
6686,5.62,-4.96,95.4,536.1,-473.2,0,0,,0.744583333,0.078055556,-0.006888889,,,,,,-1009.3
6687,5.67,-5.02,95.4,540.9,-478.9,0,0,,0.75125,0.07875,-0.006972222,,,,,,-1019.8
6688,5.71,-5.06,95.5,545.3,-483.2,0,0,,0.757361111,0.079305556,-0.007027778,,,,,,-1028.5
6689,5.74,-5.09,95.5,548.2,-486.1,0,0,,0.761388889,0.079722222,-0.007069444,,,,,,-1034.3
6690,5.79,-5.14,95.5,552.9,-490.9,0,0,,0.767916667,0.080416667,-0.007138889,,,,,,-1043.8
6691,5.83,-5.17,95.5,556.8,-493.7,0,0,,0.773333333,0.080972222,-0.007180556,,,,,,-1050.5
6692,5.87,-5.2,95.5,560.6,-496.6,0,0,,0.778611111,0.081527778,-0.007222222,,,,,,-1057.2
6693,5.9,-5.22,95.6,564,-499,0,0,,0.783333333,0.081944444,-0.00725,,,,,,-1063
6694,5.92,-5.25,95.6,566,-501.9,0,0,,0.786111111,0.082222222,-0.007291667,,,,,,-1067.9
6695,5.93,-5.27,95.6,566.9,-503.8,0,0,,0.787361111,0.082361111,-0.007319444,,,,,,-1070.7
6696,5.96,-5.29,95.6,569.8,-505.7,0,0,,0.791388889,0.082777778,-0.007347222,,,,,,-1075.5
6697,5.96,-5.29,95.6,569.8,-505.7,0,0,,0.791388889,0.082777778,-0.007347222,,,,,,-1075.5
6698,5.97,-5.29,95.6,570.7,-505.7,0,0,,0.792638889,0.082916667,-0.007347222,,,,,,-1076.4
6699,5.97,-5.3,95.6,570.7,-506.7,0,0,,0.792638889,0.082916667,-0.007361111,,,,,,-1077.4
6700,5.97,-5.29,95.6,570.7,-505.7,0,0,,0.792638889,0.082916667,-0.007347222,,,,,,-1076.4
6701,5.97,-5.3,95.6,570.7,-506.7,0,0,,0.792638889,0.082916667,-0.007361111,,,,,,-1077.4
6702,5.97,-5.29,95.6,570.7,-505.7,0,0,,0.792638889,0.082916667,-0.007347222,,,,,,-1076.4
6703,5.97,-5.29,95.6,570.7,-505.7,0,0,,0.792638889,0.082916667,-0.007347222,,,,,,-1076.4
6704,5.99,-5.31,95.6,572.6,-507.6,0,0,,0.795277778,0.083194444,-0.007375,,,,,,-1080.2
6705,6.01,-5.33,95.6,574.6,-509.5,0,0,,0.798055556,0.083472222,-0.007402778,,,,,,-1084.1
6706,6.04,-5.36,95.6,577.4,-512.4,0,0,,0.801944444,0.083888889,-0.007444444,,,,,,-1089.8
6707,6.06,-5.38,95.6,579.3,-514.3,0,0,,0.804583333,0.084166667,-0.007472222,,,,,,-1093.6
6708,6.09,-5.41,95.6,582.2,-517.2,0,0,,0.808611111,0.084583333,-0.007513889,,,,,,-1099.4
6709,6.11,-5.43,95.6,584.1,-519.1,0,0,,0.81125,0.084861111,-0.007541667,,,,,,-1103.2
6710,6.14,-5.45,95.6,587,-521,0,0,,0.815277778,0.085277778,-0.007569444,,,,,,-1108
6711,6.14,-5.45,95.6,587,-521,0,0,,0.815277778,0.085277778,-0.007569444,,,,,,-1108
6712,6.17,-5.47,95.6,589.9,-522.9,0,0,,0.819305556,0.085694444,-0.007597222,,,,,,-1112.8
6713,6.18,-5.49,95.6,590.8,-524.8,0,0,,0.820555556,0.085833333,-0.007625,,,,,,-1115.6
6714,6.2,-5.5,95.7,593.3,-526.4,0,0,,0.824027778,0.086111111,-0.007638889,,,,,,-1119.7
6715,6.23,-5.54,95.7,596.2,-530.2,0,0,,0.828055556,0.086527778,-0.007694444,,,,,,-1126.4
6716,6.24,-5.55,95.7,597.2,-531.1,0,0,,0.829444444,0.086666667,-0.007708333,,,,,,-1128.3
6717,6.27,-5.58,95.7,600,-534,0,0,,0.833333333,0.087083333,-0.00775,,,,,,-1134
6718,6.3,-5.6,95.7,602.9,-535.9,0,0,,0.837361111,0.0875,-0.007777778,,,,,,-1138.8
6719,6.33,-5.62,95.7,605.8,-537.8,0,0,,0.841388889,0.087916667,-0.007805556,,,,,,-1143.6
6720,6.34,-5.63,95.7,606.7,-538.8,0,0,,0.842638889,0.088055556,-0.007819444,,,,,,-1145.5
6721,6.38,-5.68,95.7,610.6,-543.6,0,0,,0.848055556,0.088611111,-0.007888889,,,,,,-1154.2
6722,6.41,-5.7,95.7,613.4,-545.5,0,0,,0.851944444,0.089027778,-0.007916667,,,,,,-1158.9
6723,6.43,-5.72,95.7,615.4,-547.4,0,0,,0.854722222,0.089305556,-0.007944444,,,,,,-1162.8
6724,6.45,-5.73,95.7,617.3,-548.4,0,0,,0.857361111,0.089583333,-0.007958333,,,,,,-1165.7
6725,6.48,-5.76,95.7,620.1,-551.2,0,0,,0.86125,0.09,-0.008,,,,,,-1171.3
6726,6.49,-5.77,95.7,621.1,-552.2,0,0,,0.862638889,0.090138889,-0.008013889,,,,,,-1173.3
6727,6.5,-5.78,95.7,622.1,-553.1,0,0,,0.864027778,0.090277778,-0.008027778,,,,,,-1175.2
6728,6.53,-5.81,95.8,625.6,-556.6,0,0,,0.868888889,0.090694444,-0.008069444,,,,,,-1182.2
6729,6.52,-5.8,95.7,624,-555.1,0,0,,0.866666667,0.090555556,-0.008055556,,,,,,-1179.1
6730,6.5,-5.78,95.8,622.7,-553.7,0,0,,0.864861111,0.090277778,-0.008027778,,,,,,-1176.4
6731,6.52,-5.8,95.8,624.6,-555.6,0,0,,0.8675,0.090555556,-0.008055556,,,,,,-1180.2
6732,6.51,-5.79,95.8,623.7,-554.7,0,0,,0.86625,0.090416667,-0.008041667,,,,,,-1178.4
6733,6.49,-5.77,95.8,621.7,-552.8,0,0,,0.863472222,0.090138889,-0.008013889,,,,,,-1174.5
6734,6.49,-5.78,95.8,621.7,-553.7,0,0,,0.863472222,0.090138889,-0.008027778,,,,,,-1175.4
6735,6.48,-5.77,95.8,620.8,-552.8,0,0,,0.862222222,0.09,-0.008013889,,,,,,-1173.6
6736,6.47,-5.76,95.9,620.5,-552.4,0,0,,0.861805556,0.089861111,-0.008,,,,,,-1172.9
6737,6.47,-5.75,95.8,619.8,-550.9,0,0,,0.860833333,0.089861111,-0.007986111,,,,,,-1170.7
6738,6.45,-5.73,95.8,617.9,-548.9,0,0,,0.858194444,0.089583333,-0.007958333,,,,,,-1166.8
6739,6.44,-5.73,95.9,617.6,-549.5,0,0,,0.857777778,0.089444444,-0.007958333,,,,,,-1167.1
6740,6.41,-5.7,95.9,614.7,-546.6,0,0,,0.85375,0.089027778,-0.007916667,,,,,,-1161.3
6741,6.41,-5.71,95.9,614.7,-547.6,0,0,,0.85375,0.089027778,-0.007930556,,,,,,-1162.3
6742,6.4,-5.69,95.9,613.8,-545.7,0,0,,0.8525,0.088888889,-0.007902778,,,,,,-1159.5
6743,6.4,-5.69,95.9,613.8,-545.7,0,0,,0.8525,0.088888889,-0.007902778,,,,,,-1159.5
6744,6.39,-5.68,95.9,612.8,-544.7,0,0,,0.851111111,0.08875,-0.007888889,,,,,,-1157.5
6745,6.38,-5.67,95.9,611.8,-543.8,0,0,,0.849722222,0.088611111,-0.007875,,,,,,-1155.6
6746,6.37,-5.68,95.9,610.9,-544.7,0,0,,0.848472222,0.088472222,-0.007888889,,,,,,-1155.6
6747,6.36,-5.65,95.9,609.9,-541.8,0,0,,0.847083333,0.088333333,-0.007847222,,,,,,-1151.7
6748,6.35,-5.65,95.9,609,-541.8,0,0,,0.845833333,0.088194444,-0.007847222,,,,,,-1150.8
6749,6.34,-5.63,95.9,608,-539.9,0,0,,0.844444444,0.088055556,-0.007819444,,,,,,-1147.9
6750,6.34,-5.62,95.9,608,-539,0,0,,0.844444444,0.088055556,-0.007805556,,,,,,-1147
6751,6.31,-5.62,95.9,605.1,-539,0,0,,0.840416667,0.087638889,-0.007805556,,,,,,-1144.1
6752,6.31,-5.61,95.9,605.1,-538,0,0,,0.840416667,0.087638889,-0.007791667,,,,,,-1143.1
6753,6.29,-5.59,95.9,603.2,-536.1,0,0,,0.837777778,0.087361111,-0.007763889,,,,,,-1139.3
6754,6.3,-5.59,95.9,604.2,-536.1,0,0,,0.839166667,0.0875,-0.007763889,,,,,,-1140.3
6755,6.29,-5.59,95.9,603.2,-536.1,0,0,,0.837777778,0.087361111,-0.007763889,,,,,,-1139.3
6756,6.28,-5.58,95.9,602.3,-535.1,0,0,,0.836527778,0.087222222,-0.00775,,,,,,-1137.4
6757,6.26,-5.56,95.9,600.3,-533.2,0,0,,0.83375,0.086944444,-0.007722222,,,,,,-1133.5
6758,6.25,-5.56,95.9,599.4,-533.2,0,0,,0.8325,0.086805556,-0.007722222,,,,,,-1132.6
6759,6.25,-5.55,95.9,599.4,-532.2,0,0,,0.8325,0.086805556,-0.007708333,,,,,,-1131.6
6760,6.25,-5.55,95.9,599.4,-532.2,0,0,,0.8325,0.086805556,-0.007708333,,,,,,-1131.6
6761,6.24,-5.55,95.9,598.4,-532.2,0,0,,0.831111111,0.086666667,-0.007708333,,,,,,-1130.6
6762,6.22,-5.53,95.9,596.5,-530.3,0,0,,0.828472222,0.086388889,-0.007680556,,,,,,-1126.8
6763,6.21,-5.51,95.9,595.5,-528.4,0,0,,0.827083333,0.08625,-0.007652778,,,,,,-1123.9
6764,6.2,-5.51,95.9,594.6,-528.4,0,0,,0.825833333,0.086111111,-0.007652778,,,,,,-1123
6765,6.2,-5.5,95.9,594.6,-527.5,0,0,,0.825833333,0.086111111,-0.007638889,,,,,,-1122.1
6766,6.2,-5.51,95.9,594.6,-528.4,0,0,,0.825833333,0.086111111,-0.007652778,,,,,,-1123
6767,6.19,-5.49,95.9,593.6,-526.5,0,0,,0.824444444,0.085972222,-0.007625,,,,,,-1120.1
6768,6.18,-5.49,95.9,592.7,-526.5,0,0,,0.823194444,0.085833333,-0.007625,,,,,,-1119.2
6769,6.18,-5.48,95.9,592.7,-525.5,0,0,,0.823194444,0.085833333,-0.007611111,,,,,,-1118.2
6770,6.17,-5.48,95.9,591.7,-525.5,0,0,,0.821805556,0.085694444,-0.007611111,,,,,,-1117.2
6771,6.16,-5.47,95.9,590.7,-524.6,0,0,,0.820416667,0.085555556,-0.007597222,,,,,,-1115.3
6772,6.16,-5.47,95.9,590.7,-524.6,0,0,,0.820416667,0.085555556,-0.007597222,,,,,,-1115.3
6773,6.15,-5.46,95.9,589.8,-523.6,0,0,,0.819166667,0.085416667,-0.007583333,,,,,,-1113.4
6774,6.14,-5.46,95.9,588.8,-523.6,0,0,,0.817777778,0.085277778,-0.007583333,,,,,,-1112.4
6775,6.13,-5.45,95.9,587.9,-522.7,0,0,,0.816527778,0.085138889,-0.007569444,,,,,,-1110.6
6776,6.12,-5.43,95.9,586.9,-520.7,0,0,,0.815138889,0.085,-0.007541667,,,,,,-1107.6
6777,6.12,-5.44,95.9,586.9,-521.7,0,0,,0.815138889,0.085,-0.007555556,,,,,,-1108.6
6778,6.11,-5.43,95.9,585.9,-520.7,0,0,,0.81375,0.084861111,-0.007541667,,,,,,-1106.6
6779,6.11,-5.42,95.9,585.9,-519.8,0,0,,0.81375,0.084861111,-0.007527778,,,,,,-1105.7
6780,6.1,-5.41,95.9,585,-518.8,0,0,,0.8125,0.084722222,-0.007513889,,,,,,-1103.8
6781,6.09,-5.41,95.9,584,-518.8,0,0,,0.811111111,0.084583333,-0.007513889,,,,,,-1102.8
6782,6.08,-5.4,95.9,583.1,-517.9,0,0,,0.809861111,0.084444444,-0.0075,,,,,,-1101
6783,6.07,-5.39,95.9,582.1,-516.9,0,0,,0.808472222,0.084305556,-0.007486111,,,,,,-1099
6784,6.07,-5.38,96,582.7,-516.5,0,0,,0.809305556,0.084305556,-0.007472222,,,,,,-1099.2
6785,6.05,-5.37,95.9,580.2,-515,0,0,,0.805833333,0.084027778,-0.007458333,,,,,,-1095.2
6786,6.04,-5.36,95.9,579.2,-514,0,0,,0.804444444,0.083888889,-0.007444444,,,,,,-1093.2
6787,6.04,-5.36,96,579.8,-514.6,0,0,,0.805277778,0.083888889,-0.007444444,,,,,,-1094.4
6788,6.04,-5.35,96,579.8,-513.6,0,0,,0.805277778,0.083888889,-0.007430556,,,,,,-1093.4
6789,6.03,-5.34,96,578.9,-512.6,0,0,,0.804027778,0.08375,-0.007416667,,,,,,-1091.5
6790,6.02,-5.34,95.9,577.3,-512.1,0,0,,0.801805556,0.083611111,-0.007416667,,,,,,-1089.4
6791,6.02,-5.34,96,577.9,-512.6,0,0,,0.802638889,0.083611111,-0.007416667,,,,,,-1090.5
6792,6,-5.31,96,576,-509.8,0,0,,0.8,0.083333333,-0.007375,,,,,,-1085.8
6793,6,-5.32,96,576,-510.7,0,0,,0.8,0.083333333,-0.007388889,,,,,,-1086.7
6794,5.98,-5.3,95.9,573.5,-508.3,0,0,,0.796527778,0.083055556,-0.007361111,,,,,,-1081.8
6795,6,-5.31,96,576,-509.8,0,0,,0.8,0.083333333,-0.007375,,,,,,-1085.8
6796,5.97,-5.29,96,573.1,-507.8,0,0,,0.795972222,0.082916667,-0.007347222,,,,,,-1080.9
6797,5.96,-5.29,96,572.2,-507.8,0,0,,0.794722222,0.082777778,-0.007347222,,,,,,-1080
6798,5.95,-5.28,96,571.2,-506.9,0,0,,0.793333333,0.082638889,-0.007333333,,,,,,-1078.1
6799,5.95,-5.28,96,571.2,-506.9,0,0,,0.793333333,0.082638889,-0.007333333,,,,,,-1078.1
6800,5.94,-5.27,96,570.2,-505.9,0,0,,0.791944444,0.0825,-0.007319444,,,,,,-1076.1
6801,5.94,-5.26,96,570.2,-505,0,0,,0.791944444,0.0825,-0.007305556,,,,,,-1075.2
6802,5.93,-5.26,96,569.3,-505,0,0,,0.790694444,0.082361111,-0.007305556,,,,,,-1074.3
6803,5.93,-5.26,96,569.3,-505,0,0,,0.790694444,0.082361111,-0.007305556,,,,,,-1074.3
6804,5.92,-5.25,96,568.3,-504,0,0,,0.789305556,0.082222222,-0.007291667,,,,,,-1072.3
6805,5.92,-5.25,96,568.3,-504,0,0,,0.789305556,0.082222222,-0.007291667,,,,,,-1072.3
6806,5.9,-5.23,96,566.4,-502.1,0,0,,0.786666667,0.081944444,-0.007263889,,,,,,-1068.5
6807,5.89,-5.21,96,565.4,-500.2,0,0,,0.785277778,0.081805556,-0.007236111,,,,,,-1065.6
6808,5.88,-5.21,96,564.5,-500.2,0,0,,0.784027778,0.081666667,-0.007236111,,,,,,-1064.7
6809,5.87,-5.19,96,563.5,-498.2,0,0,,0.782638889,0.081527778,-0.007208333,,,,,,-1061.7
6810,5.87,-5.19,96,563.5,-498.2,0,0,,0.782638889,0.081527778,-0.007208333,,,,,,-1061.7
6811,5.87,-5.19,96,563.5,-498.2,0,0,,0.782638889,0.081527778,-0.007208333,,,,,,-1061.7
6812,5.86,-5.18,96.1,563.1,-497.8,0,0,,0.782083333,0.081388889,-0.007194444,,,,,,-1060.9
6813,5.85,-5.17,96,561.6,-496.3,0,0,,0.78,0.08125,-0.007180556,,,,,,-1057.9
6814,5.85,-5.17,96,561.6,-496.3,0,0,,0.78,0.08125,-0.007180556,,,,,,-1057.9
6815,5.83,-5.16,96.1,560.3,-495.9,0,0,,0.778194444,0.080972222,-0.007166667,,,,,,-1056.2
6816,5.82,-5.16,96.1,559.3,-495.9,0,0,,0.776805556,0.080833333,-0.007166667,,,,,,-1055.2
6817,5.81,-5.14,96.1,558.3,-494,0,0,,0.775416667,0.080694444,-0.007138889,,,,,,-1052.3
6818,5.82,-5.15,96.1,559.3,-494.9,0,0,,0.776805556,0.080833333,-0.007152778,,,,,,-1054.2
6819,5.81,-5.15,96.1,558.3,-494.9,0,0,,0.775416667,0.080694444,-0.007152778,,,,,,-1053.2
6820,5.81,-5.13,96.1,558.3,-493,0,0,,0.775416667,0.080694444,-0.007125,,,,,,-1051.3
6821,5.78,-5.12,96.1,555.5,-492,0,0,,0.771527778,0.080277778,-0.007111111,,,,,,-1047.5
6822,5.78,-5.11,96.1,555.5,-491.1,0,0,,0.771527778,0.080277778,-0.007097222,,,,,,-1046.6
6823,5.78,-5.11,96.1,555.5,-491.1,0,0,,0.771527778,0.080277778,-0.007097222,,,,,,-1046.6
6824,5.77,-5.11,96.1,554.5,-491.1,0,0,,0.770138889,0.080138889,-0.007097222,,,,,,-1045.6
6825,5.77,-5.1,96.1,554.5,-490.1,0,0,,0.770138889,0.080138889,-0.007083333,,,,,,-1044.6
6826,5.75,-5.09,96.1,552.6,-489.1,0,0,,0.7675,0.079861111,-0.007069444,,,,,,-1041.7
6827,5.74,-5.09,96.2,552.2,-489.7,0,0,,0.766944444,0.079722222,-0.007069444,,,,,,-1041.9
6828,5.71,-5.06,96.1,548.7,-486.3,0,0,,0.762083333,0.079305556,-0.007027778,,,,,,-1035
6829,5.72,-5.06,96.2,550.3,-486.8,0,0,,0.764305556,0.079444444,-0.007027778,,,,,,-1037.1
6830,5.72,-5.05,96.2,550.3,-485.8,0,0,,0.764305556,0.079444444,-0.007013889,,,,,,-1036.1
6831,5.7,-5.03,96.2,548.3,-483.9,0,0,,0.761527778,0.079166667,-0.006986111,,,,,,-1032.2
6832,5.68,-5.02,96.1,545.8,-482.4,0,0,,0.758055556,0.078888889,-0.006972222,,,,,,-1028.2
6833,5.66,-5,96.2,544.5,-481,0,0,,0.75625,0.078611111,-0.006944444,,,,,,-1025.5
6834,5.65,-4.99,96.2,543.5,-480,0,0,,0.754861111,0.078472222,-0.006930556,,,,,,-1023.5
6835,5.64,-4.98,96.2,542.6,-479.1,0,0,,0.753611111,0.078333333,-0.006916667,,,,,,-1021.7
6836,5.64,-4.98,96.1,542,-478.6,0,0,,0.752777778,0.078333333,-0.006916667,,,,,,-1020.6
6837,5.64,-4.98,96.1,542,-478.6,0,0,,0.752777778,0.078333333,-0.006916667,,,,,,-1020.6
6838,5.62,-4.96,96.2,540.6,-477.2,0,0,,0.750833333,0.078055556,-0.006888889,,,,,,-1017.8
6839,5.61,-4.94,96.2,539.7,-475.2,0,0,,0.749583333,0.077916667,-0.006861111,,,,,,-1014.9
6840,5.6,-4.94,96.2,538.7,-475.2,0,0,,0.748194444,0.077777778,-0.006861111,,,,,,-1013.9
6841,5.59,-4.93,96.2,537.8,-474.3,0,0,,0.746944444,0.077638889,-0.006847222,,,,,,-1012.1
6842,5.57,-4.93,96.2,535.8,-474.3,0,0,,0.744166667,0.077361111,-0.006847222,,,,,,-1010.1
6843,5.59,-4.93,96.2,537.8,-474.3,0,0,,0.746944444,0.077638889,-0.006847222,,,,,,-1012.1
6844,5.58,-4.93,96.2,536.8,-474.3,0,0,,0.745555556,0.0775,-0.006847222,,,,,,-1011.1
6845,5.58,-4.93,96.2,536.8,-474.3,0,0,,0.745555556,0.0775,-0.006847222,,,,,,-1011.1
6846,5.58,-4.93,96.2,536.8,-474.3,0,0,,0.745555556,0.0775,-0.006847222,,,,,,-1011.1
6847,5.58,-4.92,96.2,536.8,-473.3,0,0,,0.745555556,0.0775,-0.006833333,,,,,,-1010.1
6848,5.58,-4.93,96.2,536.8,-474.3,0,0,,0.745555556,0.0775,-0.006847222,,,,,,-1011.1
6849,5.58,-4.93,96.2,536.8,-474.3,0,0,,0.745555556,0.0775,-0.006847222,,,,,,-1011.1
6850,5.57,-4.93,96.2,535.8,-474.3,0,0,,0.744166667,0.077361111,-0.006847222,,,,,,-1010.1
6851,5.55,-4.9,96.2,533.9,-471.4,0,0,,0.741527778,0.077083333,-0.006805556,,,,,,-1005.3
6852,5.54,-4.9,96.2,532.9,-471.4,0,0,,0.740138889,0.076944444,-0.006805556,,,,,,-1004.3
6853,5.54,-4.88,96.2,532.9,-469.5,0,0,,0.740138889,0.076944444,-0.006777778,,,,,,-1002.4
6854,5.49,-4.85,96.2,528.1,-466.6,0,0,,0.733472222,0.07625,-0.006736111,,,,,,-994.7
6855,5.46,-4.82,96.2,525.3,-463.7,0,0,,0.729583333,0.075833333,-0.006694444,,,,,,-989
6856,5.44,-4.8,96.2,523.3,-461.8,0,0,,0.726805556,0.075555556,-0.006666667,,,,,,-985.1
6857,5.48,-4.83,96.2,527.2,-464.6,0,0,,0.732222222,0.076111111,-0.006708333,,,,,,-991.8
6858,5.42,-4.78,96.2,521.4,-459.8,0,0,,0.724166667,0.075277778,-0.006638889,,,,,,-981.2
6859,5.46,-4.83,96.2,525.3,-464.6,0,0,,0.729583333,0.075833333,-0.006708333,,,,,,-989.9
6860,5.44,-4.8,96.2,523.3,-461.8,0,0,,0.726805556,0.075555556,-0.006666667,,,,,,-985.1
6861,5.43,-4.79,96.2,522.4,-460.8,0,0,,0.725555556,0.075416667,-0.006652778,,,,,,-983.2
6862,5.41,-4.77,96.2,520.4,-458.9,0,0,,0.722777778,0.075138889,-0.006625,,,,,,-979.3
6863,5.4,-4.77,96.2,519.5,-458.9,0,0,,0.721527778,0.075,-0.006625,,,,,,-978.4
6864,5.37,-4.74,96.2,516.6,-456,0,0,,0.7175,0.074583333,-0.006583333,,,,,,-972.6
6865,5.35,-4.71,96.2,514.7,-453.1,0,0,,0.714861111,0.074305556,-0.006541667,,,,,,-967.8
6866,5.2,-4.58,96.1,499.7,-440.1,0,0,,0.694027778,0.072222222,-0.006361111,,,,,,-939.8
6867,5.42,-4.78,96.2,521.4,-459.8,0,0,,0.724166667,0.075277778,-0.006638889,,,,,,-981.2
6868,5.39,-4.74,96.2,518.5,-456,0,0,,0.720138889,0.074861111,-0.006583333,,,,,,-974.5
6869,5.36,-4.72,96.2,515.6,-454.1,0,0,,0.716111111,0.074444444,-0.006555556,,,,,,-969.7
6870,5.34,-4.7,96.2,513.7,-452.1,0,0,,0.713472222,0.074166667,-0.006527778,,,,,,-965.8
6871,5.31,-4.66,96.2,510.8,-448.3,0,0,,0.709444444,0.07375,-0.006472222,,,,,,-959.1
6872,5.3,-4.66,96.2,509.9,-448.3,0,0,,0.708194444,0.073611111,-0.006472222,,,,,,-958.2
6873,5.28,-4.65,96.2,507.9,-447.3,0,0,,0.705416667,0.073333333,-0.006458333,,,,,,-955.2
6874,5.21,-4.59,96.2,501.2,-441.6,0,0,,0.696111111,0.072361111,-0.006375,,,,,,-942.8
6875,5.2,-4.58,96.2,500.2,-440.6,0,0,,0.694722222,0.072222222,-0.006361111,,,,,,-940.8
6876,5.2,-4.57,96.2,500.2,-439.6,0,0,,0.694722222,0.072222222,-0.006347222,,,,,,-939.8
6877,5.1,-4.48,96.2,490.6,-431,0,0,,0.681388889,0.070833333,-0.006222222,,,,,,-921.6
6878,5.08,-4.46,96.2,488.7,-429.1,0,0,,0.67875,0.070555556,-0.006194444,,,,,,-917.8
6879,5.1,-4.48,96.2,490.6,-431,0,0,,0.681388889,0.070833333,-0.006222222,,,,,,-921.6
6880,5.03,-4.4,96.2,483.9,-423.3,0,0,,0.672083333,0.069861111,-0.006111111,,,,,,-907.2
6881,4.99,-4.38,96.2,480,-421.4,0,0,,0.666666667,0.069305556,-0.006083333,,,,,,-901.4
6882,4.96,-4.35,96.2,477.2,-418.5,0,0,,0.662777778,0.068888889,-0.006041667,,,,,,-895.7
6883,4.9,-4.29,96.2,471.4,-412.7,0,0,,0.654722222,0.068055556,-0.005958333,,,,,,-884.1
6884,4.91,-4.31,96.2,472.3,-414.6,0,0,,0.655972222,0.068194444,-0.005986111,,,,,,-886.9
6885,4.88,-4.27,96.2,469.5,-410.8,0,0,,0.652083333,0.067777778,-0.005930556,,,,,,-880.3
6886,4.86,-4.27,96.2,467.5,-410.8,0,0,,0.649305556,0.0675,-0.005930556,,,,,,-878.3
6887,4.81,-4.22,96.2,462.7,-406,0,0,,0.642638889,0.066805556,-0.005861111,,,,,,-868.7
6888,4.81,-4.22,96.2,462.7,-406,0,0,,0.642638889,0.066805556,-0.005861111,,,,,,-868.7
6889,4.78,-4.19,96.2,459.8,-403.1,0,0,,0.638611111,0.066388889,-0.005819444,,,,,,-862.9
6890,4.76,-4.16,96.2,457.9,-400.2,0,0,,0.635972222,0.066111111,-0.005777778,,,,,,-858.1
6891,4.75,-4.16,96.2,457,-400.2,0,0,,0.634722222,0.065972222,-0.005777778,,,,,,-857.2
6892,4.72,-4.13,96.2,454.1,-397.3,0,0,,0.630694444,0.065555556,-0.005736111,,,,,,-851.4
6893,4.7,-4.1,96.2,452.1,-394.4,0,0,,0.627916667,0.065277778,-0.005694444,,,,,,-846.5
6894,4.78,-4.18,96.2,459.8,-402.1,0,0,,0.638611111,0.066388889,-0.005805556,,,,,,-861.9
6895,4.75,-4.16,96.2,457,-400.2,0,0,,0.634722222,0.065972222,-0.005777778,,,,,,-857.2
6896,4.73,-4.14,96.2,455,-398.3,0,0,,0.631944444,0.065694444,-0.00575,,,,,,-853.3
6897,4.61,-4.03,96.2,443.5,-387.7,0,0,,0.615972222,0.064027778,-0.005597222,,,,,,-831.2
6898,4.66,-4.08,96.2,448.3,-392.5,0,0,,0.622638889,0.064722222,-0.005666667,,,,,,-840.8
6899,4.67,-4.07,96.2,449.3,-391.5,0,0,,0.624027778,0.064861111,-0.005652778,,,,,,-840.8
6900,4.64,-4.07,96.2,446.4,-391.5,0,0,,0.62,0.064444444,-0.005652778,,,,,,-837.9
6901,4.62,-4.04,96.2,444.4,-388.6,0,0,,0.617222222,0.064166667,-0.005611111,,,,,,-833
6902,4.58,-4,96.2,440.6,-384.8,0,0,,0.611944444,0.063611111,-0.005555556,,,,,,-825.4
6903,4.51,-3.93,96.2,433.9,-378.1,0,0,,0.602638889,0.062638889,-0.005458333,,,,,,-812
6904,4.45,-3.88,96.2,428.1,-373.3,0,0,,0.594583333,0.061805556,-0.005388889,,,,,,-801.4
6905,4.41,-3.83,96.2,424.2,-368.4,0,0,,0.589166667,0.06125,-0.005319444,,,,,,-792.6
6906,4.31,-3.75,96.2,414.6,-360.8,0,0,,0.575833333,0.059861111,-0.005208333,,,,,,-775.4
6907,4.26,-3.7,96.2,409.8,-355.9,0,0,,0.569166667,0.059166667,-0.005138889,,,,,,-765.7
6908,4.3,-3.74,96.2,413.7,-359.8,0,0,,0.574583333,0.059722222,-0.005194444,,,,,,-773.5
6909,4.3,-3.74,96.2,413.7,-359.8,0,0,,0.574583333,0.059722222,-0.005194444,,,,,,-773.5
6910,3.91,-3.37,96.2,376.1,-324.2,0,0,,0.522361111,0.054305556,-0.004680556,,,,,,-700.3
6911,4.21,-3.65,96.2,405,-351.1,0,0,,0.5625,0.058472222,-0.005069444,,,,,,-756.1
6912,4.02,-3.49,96.1,386.3,-335.4,0,0,,0.536527778,0.055833333,-0.004847222,,,,,,-721.7
6913,4.08,-3.54,96.1,392.1,-340.2,0,0,,0.544583333,0.056666667,-0.004916667,,,,,,-732.3
6914,4.21,-3.66,96.2,405,-352.1,0,0,,0.5625,0.058472222,-0.005083333,,,,,,-757.1
6915,4.19,-3.63,96.2,403.1,-349.2,0,0,,0.559861111,0.058194444,-0.005041667,,,,,,-752.3
6916,4.19,-3.63,96.2,403.1,-349.2,0,0,,0.559861111,0.058194444,-0.005041667,,,,,,-752.3
6917,4.12,-3.56,96.2,396.3,-342.5,0,0,,0.550416667,0.057222222,-0.004944444,,,,,,-738.8
6918,4.11,-3.56,96.2,395.4,-342.5,0,0,,0.549166667,0.057083333,-0.004944444,,,,,,-737.9
6919,4.14,-3.59,96.2,398.3,-345.4,0,0,,0.553194444,0.0575,-0.004986111,,,,,,-743.7
6920,4.1,-3.55,96.2,394.4,-341.5,0,0,,0.547777778,0.056944444,-0.004930556,,,,,,-735.9
6921,4.09,-3.54,96.2,393.5,-340.5,0,0,,0.546527778,0.056805556,-0.004916667,,,,,,-734
6922,4.05,-3.5,96.2,389.6,-336.7,0,0,,0.541111111,0.05625,-0.004861111,,,,,,-726.3
6923,4.04,-3.5,96.2,388.6,-336.7,0,0,,0.539722222,0.056111111,-0.004861111,,,,,,-725.3
6924,4,-3.46,96.2,384.8,-332.9,0,0,,0.534444444,0.055555556,-0.004805556,,,,,,-717.7
6925,3.88,-3.35,96.2,373.3,-322.3,0,0,,0.518472222,0.053888889,-0.004652778,,,,,,-695.6
6926,3.84,-3.31,96.2,369.4,-318.4,0,0,,0.513055556,0.053333333,-0.004597222,,,,,,-687.8
6927,3.79,-3.26,96.2,364.6,-313.6,0,0,,0.506388889,0.052638889,-0.004527778,,,,,,-678.2
6928,3.91,-3.38,96.2,376.1,-325.2,0,0,,0.522361111,0.054305556,-0.004694444,,,,,,-701.3
6929,3.86,-3.34,96.2,371.3,-321.3,0,0,,0.515694444,0.053611111,-0.004638889,,,,,,-692.6
6930,3.83,-3.31,96.2,368.4,-318.4,0,0,,0.511666667,0.053194444,-0.004597222,,,,,,-686.8
6931,3.76,-3.24,96.2,361.7,-311.7,0,0,,0.502361111,0.052222222,-0.0045,,,,,,-673.4
6932,3.75,-3.23,96.2,360.8,-310.7,0,0,,0.501111111,0.052083333,-0.004486111,,,,,,-671.5
6933,3.78,-3.26,96.2,363.6,-313.6,0,0,,0.505,0.0525,-0.004527778,,,,,,-677.2
6934,3.72,-3.2,96.2,357.9,-307.8,0,0,,0.497083333,0.051666667,-0.004444444,,,,,,-665.7
6935,3.7,-3.18,96.2,355.9,-305.9,0,0,,0.494305556,0.051388889,-0.004416667,,,,,,-661.8
6936,3.81,-3.29,96.2,366.5,-316.5,0,0,,0.509027778,0.052916667,-0.004569444,,,,,,-683
6937,3.78,-3.26,96.2,363.6,-313.6,0,0,,0.505,0.0525,-0.004527778,,,,,,-677.2
6938,3.8,-3.28,96.2,365.6,-315.5,0,0,,0.507777778,0.052777778,-0.004555556,,,,,,-681.1
6939,3.87,-3.34,96.2,372.3,-321.3,0,0,,0.517083333,0.05375,-0.004638889,,,,,,-693.6
6940,3.74,-3.22,96.2,359.8,-309.8,0,0,,0.499722222,0.051944444,-0.004472222,,,,,,-669.6
6941,3.65,-3.14,96.2,351.1,-302.1,0,0,,0.487638889,0.050694444,-0.004361111,,,,,,-653.2
6942,3.55,-3.05,96.2,341.5,-293.4,0,0,,0.474305556,0.049305556,-0.004236111,,,,,,-634.9
6943,3.44,-2.95,96.2,330.9,-283.8,0,0,,0.459583333,0.047777778,-0.004097222,,,,,,-614.7
6944,3.35,-2.85,96.2,322.3,-274.2,0,0,,0.447638889,0.046527778,-0.003958333,,,,,,-596.5
6945,3.28,-2.8,96.2,315.5,-269.4,0,0,,0.438194444,0.045555556,-0.003888889,,,,,,-584.9
6946,3.2,-2.72,96.2,307.8,-261.7,0,0,,0.4275,0.044444444,-0.003777778,,,,,,-569.5
6947,3.1,-2.62,96.2,298.2,-252,0,0,,0.414166667,0.043055556,-0.003638889,,,,,,-550.2
6948,3.02,-2.56,96.1,290.2,-246,0,0,,0.403055556,0.041944444,-0.003555556,,,,,,-536.2
6949,2.91,-2.45,96.1,279.7,-235.4,0,0,,0.388472222,0.040416667,-0.003402778,,,,,,-515.1
6950,2.91,-2.45,96.1,279.7,-235.4,0,0,,0.388472222,0.040416667,-0.003402778,,,,,,-515.1
6951,2.74,-2.29,96.1,263.3,-220.1,0,0,,0.365694444,0.038055556,-0.003180556,,,,,,-483.4
6952,2.67,-2.23,96,256.3,-214.1,0,0,,0.355972222,0.037083333,-0.003097222,,,,,,-470.4
6953,2.81,-2.35,96.1,270,-225.8,0,0,,0.375,0.039027778,-0.003263889,,,,,,-495.8
6954,2.61,-2.17,96,250.6,-208.3,0,0,,0.348055556,0.03625,-0.003013889,,,,,,-458.9
6955,2.66,-2.23,96,255.4,-214.1,0,0,,0.354722222,0.036944444,-0.003097222,,,,,,-469.5
6956,2.58,-2.14,96.1,247.9,-205.7,0,0,,0.344305556,0.035833333,-0.002972222,,,,,,-453.6
6957,2.59,-2.15,96,248.6,-206.4,0,0,,0.345277778,0.035972222,-0.002986111,,,,,,-455
6958,2.74,-2.29,96.1,263.3,-220.1,0,0,,0.365694444,0.038055556,-0.003180556,,,,,,-483.4
6959,2.63,-2.19,96.1,252.7,-210.5,0,0,,0.350972222,0.036527778,-0.003041667,,,,,,-463.2
6960,2.56,-2.12,96,245.8,-203.5,0,0,,0.341388889,0.035555556,-0.002944444,,,,,,-449.3
6961,2.46,-2.03,96,236.2,-194.9,0,0,,0.328055556,0.034166667,-0.002819444,,,,,,-431.1
6962,2.43,-2,96,233.3,-192,0,0,,0.324027778,0.03375,-0.002777778,,,,,,-425.3
6963,2.4,-1.98,96,230.4,-190.1,0,0,,0.32,0.033333333,-0.00275,,,,,,-420.5
6964,2.33,-1.91,96,223.7,-183.4,0,0,,0.310694444,0.032361111,-0.002652778,,,,,,-407.1
6965,2.27,-1.86,96,217.9,-178.6,0,0,,0.302638889,0.031527778,-0.002583333,,,,,,-396.5
6966,2.2,-1.79,96,211.2,-171.8,0,0,,0.293333333,0.030555556,-0.002486111,,,,,,-383
6967,2.15,-1.75,96,206.4,-168,0,0,,0.286666667,0.029861111,-0.002430556,,,,,,-374.4
6968,2.15,-1.75,96,206.4,-168,0,0,,0.286666667,0.029861111,-0.002430556,,,,,,-374.4
6969,2.11,-1.72,96,202.6,-165.1,0,0,,0.281388889,0.029305556,-0.002388889,,,,,,-367.7
6970,1.28,-0.94,95.9,122.8,-90.1,0,0,,0.170555556,0.017777778,-0.001305556,,,,,,-212.9
6971,2.02,-1.62,96,193.9,-155.5,0,0,,0.269305556,0.028055556,-0.00225,,,,,,-349.4
6972,1.97,-1.58,96,189.1,-151.7,0,0,,0.262638889,0.027361111,-0.002194444,,,,,,-340.8
6973,1.93,-1.55,96,185.3,-148.8,0,0,,0.257361111,0.026805556,-0.002152778,,,,,,-334.1
6974,1.92,-1.54,96,184.3,-147.8,0,0,,0.255972222,0.026666667,-0.002138889,,,,,,-332.1
6975,1.9,-1.51,95.9,182.2,-144.8,0,0,,0.253055556,0.026388889,-0.002097222,,,,,,-327
6976,1.85,-1.47,95.9,177.4,-141,0,0,,0.246388889,0.025694444,-0.002041667,,,,,,-318.4
6977,1.8,-1.42,95.9,172.6,-136.2,0,0,,0.239722222,0.025,-0.001972222,,,,,,-308.8
6978,1.81,-1.43,95.9,173.6,-137.1,0,0,,0.241111111,0.025138889,-0.001986111,,,,,,-310.7
6979,0.77,-0.47,95.9,73.8,-45.1,0,0,,0.1025,0.010694444,-0.000652778,,,,,,-118.9
6980,1.14,-0.81,95.9,109.3,-77.7,0,0,,0.151805556,0.015833333,-0.001125,,,,,,-187
6981,1.74,-1.37,95.9,166.9,-131.4,0,0,,0.231805556,0.024166667,-0.001902778,,,,,,-298.3
6982,1.69,-1.32,95.9,162.1,-126.6,0,0,,0.225138889,0.023472222,-0.001833333,,,,,,-288.7
6983,1.65,-1.28,95.9,158.2,-122.8,0,0,,0.219722222,0.022916667,-0.001777778,,,,,,-281
6984,1.64,-1.27,95.9,157.3,-121.8,0,0,,0.218472222,0.022777778,-0.001763889,,,,,,-279.1
6985,1.63,-1.27,95.9,156.3,-121.8,0,0,,0.217083333,0.022638889,-0.001763889,,,,,,-278.1
6986,1.32,-0.98,95.9,126.6,-94,0,0,,0.175833333,0.018333333,-0.001361111,,,,,,-220.6
6987,0.34,-0.08,95.8,32.6,-7.7,0,0,,0.045277778,0.004722222,-0.000111111,,,,,,-40.3
6988,0.37,-0.1,95.8,35.4,-9.6,0,0,,0.049166667,0.005138889,-0.000138889,,,,,,-45
6989,0.4,-0.14,95.8,38.3,-13.4,0,0,,0.053194444,0.005555556,-0.000194444,,,,,,-51.7
6990,0.48,-0.21,95.8,46,-20.1,0,0,,0.063888889,0.006666667,-0.000291667,,,,,,-66.1
6991,0.68,-0.39,95.9,65.2,-37.4,0,0,,0.090555556,0.009444444,-0.000541667,,,,,,-102.6
6992,0.52,-0.24,95.8,49.8,-23,0,0,,0.069166667,0.007222222,-0.000333333,,,,,,-72.8
6993,0.53,-0.25,95.8,50.8,-24,0,0,,0.070555556,0.007361111,-0.000347222,,,,,,-74.8
6994,0.55,-0.27,95.8,52.7,-25.9,0,0,,0.073194444,0.007638889,-0.000375,,,,,,-78.6
6995,0.57,-0.28,95.9,54.7,-26.9,0,0,,0.075972222,0.007916667,-0.000388889,,,,,,-81.6
6996,0.59,-0.3,95.8,56.5,-28.7,0,0,,0.078472222,0.008194444,-0.000416667,,,,,,-85.2
6997,0.6,-0.32,95.8,57.5,-30.7,0,0,,0.079861111,0.008333333,-0.000444444,,,,,,-88.2
6998,0.59,-0.32,95.8,56.5,-30.7,0,0,,0.078472222,0.008194444,-0.000444444,,,,,,-87.2
6999,0.61,-0.33,95.8,58.4,-31.6,0,0,,0.081111111,0.008472222,-0.000458333,,,,,,-90
7000,0.61,-0.33,95.9,58.5,-31.6,0,0,,0.08125,0.008472222,-0.000458333,,,,,,-90.1
7001,0.64,-0.35,95.8,61.3,-33.5,0,0,,0.085138889,0.008888889,-0.000486111,,,,,,-94.8
7002,0.64,-0.35,95.8,61.3,-33.5,0,0,,0.085138889,0.008888889,-0.000486111,,,,,,-94.8
7003,0.65,-0.36,95.8,62.3,-34.5,0,0,,0.086527778,0.009027778,-0.0005,,,,,,-96.8
7004,0.65,-0.37,95.8,62.3,-35.4,0,0,,0.086527778,0.009027778,-0.000513889,,,,,,-97.7
7005,0.65,-0.37,95.8,62.3,-35.4,0,0,,0.086527778,0.009027778,-0.000513889,,,,,,-97.7
7006,0.65,-0.37,95.8,62.3,-35.4,0,0,,0.086527778,0.009027778,-0.000513889,,,,,,-97.7
7007,0.65,-0.36,95.8,62.3,-34.5,0,0,,0.086527778,0.009027778,-0.0005,,,,,,-96.8
7008,0.65,-0.37,95.8,62.3,-35.4,0,0,,0.086527778,0.009027778,-0.000513889,,,,,,-97.7
7009,0.63,-0.35,95.8,60.4,-33.5,0,0,,0.083888889,0.00875,-0.000486111,,,,,,-93.9
7010,0.63,-0.35,95.8,60.4,-33.5,0,0,,0.083888889,0.00875,-0.000486111,,,,,,-93.9
7011,0.65,-0.36,95.8,62.3,-34.5,0,0,,0.086527778,0.009027778,-0.0005,,,,,,-96.8
7012,0.65,-0.36,95.8,62.3,-34.5,0,0,,0.086527778,0.009027778,-0.0005,,,,,,-96.8
7013,0.65,-0.36,95.8,62.3,-34.5,0,0,,0.086527778,0.009027778,-0.0005,,,,,,-96.8
7014,0.66,-0.37,95.8,63.2,-35.4,0,0,,0.087777778,0.009166667,-0.000513889,,,,,,-98.6
7015,0.64,-0.35,95.8,61.3,-33.5,0,0,,0.085138889,0.008888889,-0.000486111,,,,,,-94.8
7016,0.64,-0.36,95.8,61.3,-34.5,0,0,,0.085138889,0.008888889,-0.0005,,,,,,-95.8
7017,0.64,-0.36,95.8,61.3,-34.5,0,0,,0.085138889,0.008888889,-0.0005,,,,,,-95.8
7018,0.64,-0.35,95.8,61.3,-33.5,0,0,,0.085138889,0.008888889,-0.000486111,,,,,,-94.8
7019,0.62,-0.34,95.8,59.4,-32.6,0,0,,0.0825,0.008611111,-0.000472222,,,,,,-92
7020,0.6,-0.31,95.8,57.5,-29.7,0,0,,0.079861111,0.008333333,-0.000430556,,,,,,-87.2
7021,0.63,-0.35,95.8,60.4,-33.5,0,0,,0.083888889,0.00875,-0.000486111,,,,,,-93.9
7022,0.62,-0.33,95.8,59.4,-31.6,0,0,,0.0825,0.008611111,-0.000458333,,,,,,-91
7023,0.64,-0.35,95.8,61.3,-33.5,0,0,,0.085138889,0.008888889,-0.000486111,,,,,,-94.8
7024,0.68,-0.39,95.8,65.1,-37.4,0,0,,0.090416667,0.009444444,-0.000541667,,,,,,-102.5
7025,0.7,-0.42,95.9,67.1,-40.3,0,0,,0.093194444,0.009722222,-0.000583333,,,,,,-107.4
7026,0.71,-0.42,95.8,68,-40.2,0,0,,0.094444444,0.009861111,-0.000583333,,,,,,-108.2
7027,0.71,-0.42,95.8,68,-40.2,0,0,,0.094444444,0.009861111,-0.000583333,,,,,,-108.2
7028,0.73,-0.44,95.8,69.9,-42.2,0,0,,0.097083333,0.010138889,-0.000611111,,,,,,-112.1
7029,0.73,-0.44,95.9,70,-42.2,0,0,,0.097222222,0.010138889,-0.000611111,,,,,,-112.2
7030,0.7,-0.41,95.8,67.1,-39.3,0,0,,0.093194444,0.009722222,-0.000569444,,,,,,-106.4
7031,0.7,-0.41,95.9,67.1,-39.3,0,0,,0.093194444,0.009722222,-0.000569444,,,,,,-106.4
7032,0.69,-0.41,95.8,66.1,-39.3,0,0,,0.091805556,0.009583333,-0.000569444,,,,,,-105.4
7033,0.7,-0.42,95.8,67.1,-40.2,0,0,,0.093194444,0.009722222,-0.000583333,,,,,,-107.3
7034,0.69,-0.4,95.8,66.1,-38.3,0,0,,0.091805556,0.009583333,-0.000555556,,,,,,-104.4
7035,0.69,-0.4,95.8,66.1,-38.3,0,0,,0.091805556,0.009583333,-0.000555556,,,,,,-104.4
7036,0.7,-0.4,95.8,67.1,-38.3,0,0,,0.093194444,0.009722222,-0.000555556,,,,,,-105.4
7037,0.69,-0.39,95.8,66.1,-37.4,0,0,,0.091805556,0.009583333,-0.000541667,,,,,,-103.5
7038,0.72,-0.43,95.8,69,-41.2,0,0,,0.095833333,0.01,-0.000597222,,,,,,-110.2
7039,0.72,-0.43,95.8,69,-41.2,0,0,,0.095833333,0.01,-0.000597222,,,,,,-110.2
7040,0.68,-0.39,95.8,65.1,-37.4,0,0,,0.090416667,0.009444444,-0.000541667,,,,,,-102.5
7041,0.66,-0.37,95.8,63.2,-35.4,0,0,,0.087777778,0.009166667,-0.000513889,,,,,,-98.6
7042,0.65,-0.37,95.8,62.3,-35.4,0,0,,0.086527778,0.009027778,-0.000513889,,,,,,-97.7
7043,0.64,-0.35,95.8,61.3,-33.5,0,0,,0.085138889,0.008888889,-0.000486111,,,,,,-94.8
7044,0.63,-0.34,95.8,60.4,-32.6,0,0,,0.083888889,0.00875,-0.000472222,,,,,,-93
7045,0.62,-0.33,95.8,59.4,-31.6,0,0,,0.0825,0.008611111,-0.000458333,,,,,,-91
7046,0.62,-0.34,95.8,59.4,-32.6,0,0,,0.0825,0.008611111,-0.000472222,,,,,,-92
7047,0.59,-0.31,95.8,56.5,-29.7,0,0,,0.078472222,0.008194444,-0.000430556,,,,,,-86.2
7048,0.59,-0.3,95.8,56.5,-28.7,0,0,,0.078472222,0.008194444,-0.000416667,,,,,,-85.2
7049,0.59,-0.31,95.8,56.5,-29.7,0,0,,0.078472222,0.008194444,-0.000430556,,,,,,-86.2
7050,0.57,-0.28,95.8,54.6,-26.8,0,0,,0.075833333,0.007916667,-0.000388889,,,,,,-81.4
7051,0.56,-0.29,95.8,53.6,-27.8,0,0,,0.074444444,0.007777778,-0.000402778,,,,,,-81.4
7052,0.55,-0.27,95.8,52.7,-25.9,0,0,,0.073194444,0.007638889,-0.000375,,,,,,-78.6
7053,0.54,-0.25,95.8,51.7,-24,0,0,,0.071805556,0.0075,-0.000347222,,,,,,-75.7
7054,0.52,-0.25,95.8,49.8,-24,0,0,,0.069166667,0.007222222,-0.000347222,,,,,,-73.8
7055,0.51,-0.23,95.8,48.9,-22,0,0,,0.067916667,0.007083333,-0.000319444,,,,,,-70.9
7056,0.51,-0.23,95.8,48.9,-22,0,0,,0.067916667,0.007083333,-0.000319444,,,,,,-70.9
7057,0.49,-0.23,95.8,46.9,-22,0,0,,0.065138889,0.006805556,-0.000319444,,,,,,-68.9
7058,0.48,-0.22,95.7,45.9,-21.1,0,0,,0.06375,0.006666667,-0.000305556,,,,,,-67
7059,0.47,-0.2,95.8,45,-19.2,0,0,,0.0625,0.006527778,-0.000277778,,,,,,-64.2
7060,0.46,-0.19,95.8,44.1,-18.2,0,0,,0.06125,0.006388889,-0.000263889,,,,,,-62.3
7061,0.44,-0.17,95.7,42.1,-16.3,0,0,,0.058472222,0.006111111,-0.000236111,,,,,,-58.4
7062,0.43,-0.17,95.8,41.2,-16.3,0,0,,0.057222222,0.005972222,-0.000236111,,,,,,-57.5
7063,0.42,-0.15,95.7,40.2,-14.4,0,0,,0.055833333,0.005833333,-0.000208333,,,,,,-54.6
7064,0.41,-0.14,95.7,39.2,-13.4,0,0,,0.054444444,0.005694444,-0.000194444,,,,,,-52.6
7065,0.39,-0.14,95.7,37.3,-13.4,0,0,,0.051805556,0.005416667,-0.000194444,,,,,,-50.7
7066,0.39,-0.12,95.7,37.3,-11.5,0,0,,0.051805556,0.005416667,-0.000166667,,,,,,-48.8
7067,0.37,-0.11,95.7,35.4,-10.5,0,0,,0.049166667,0.005138889,-0.000152778,,,,,,-45.9
7068,0.37,-0.11,95.7,35.4,-10.5,0,0,,0.049166667,0.005138889,-0.000152778,,,,,,-45.9
7069,0.36,-0.1,95.7,34.5,-9.6,0,0,,0.047916667,0.005,-0.000138889,,,,,,-44.1
7070,0.36,-0.09,95.7,34.5,-8.6,0,0,,0.047916667,0.005,-0.000125,,,,,,-43.1
7071,0.35,-0.08,95.7,33.5,-7.7,0,0,,0.046527778,0.004861111,-0.000111111,,,,,,-41.2
7072,0.34,-0.08,95.8,32.6,-7.7,0,0,,0.045277778,0.004722222,-0.000111111,,,,,,-40.3
7073,0.33,-0.08,95.7,31.6,-7.7,0,0,,0.043888889,0.004583333,-0.000111111,,,,,,-39.3
7074,0.33,-0.07,95.7,31.6,-6.7,0,0,,0.043888889,0.004583333,-9.72E-05,,,,,,-38.3
7075,0.33,-0.07,95.7,31.6,-6.7,0,0,,0.043888889,0.004583333,-9.72E-05,,,,,,-38.3
7076,0.33,-0.07,95.7,31.6,-6.7,0,0,,0.043888889,0.004583333,-9.72E-05,,,,,,-38.3
7077,0.32,-0.07,95.7,30.6,-6.7,0,0,,0.0425,0.004444444,-9.72E-05,,,,,,-37.3
7078,0.32,-0.06,95.7,30.6,-5.7,0,0,,0.0425,0.004444444,-8.33E-05,,,,,,-36.3
7079,0.31,-0.05,95.7,29.7,-4.8,0,0,,0.04125,0.004305556,-6.94E-05,,,,,,-34.5
7080,0.31,-0.06,95.7,29.7,-5.7,0,0,,0.04125,0.004305556,-8.33E-05,,,,,,-35.4
7081,0.31,-0.05,95.7,29.7,-4.8,0,0,,0.04125,0.004305556,-6.94E-05,,,,,,-34.5
7082,0.3,-0.05,95.7,28.7,-4.8,0,0,,0.039861111,0.004166667,-6.94E-05,,,,,,-33.5
7083,0.3,-0.05,95.7,28.7,-4.8,0,0,,0.039861111,0.004166667,-6.94E-05,,,,,,-33.5
7084,0.3,-0.05,95.7,28.7,-4.8,0,0,,0.039861111,0.004166667,-6.94E-05,,,,,,-33.5
7085,0.29,-0.04,95.7,27.8,-3.8,0,0,,0.038611111,0.004027778,-5.56E-05,,,,,,-31.6
7086,0.29,-0.04,95.7,27.8,-3.8,0,0,,0.038611111,0.004027778,-5.56E-05,,,,,,-31.6
7087,0.29,-0.04,95.7,27.8,-3.8,0,0,,0.038611111,0.004027778,-5.56E-05,,,,,,-31.6
7088,0.28,-0.03,95.7,26.8,-2.9,0,0,,0.037222222,0.003888889,-4.17E-05,,,,,,-29.7
7089,0.28,-0.03,95.7,26.8,-2.9,0,0,,0.037222222,0.003888889,-4.17E-05,,,,,,-29.7
7090,0.28,-0.03,95.7,26.8,-2.9,0,0,,0.037222222,0.003888889,-4.17E-05,,,,,,-29.7
7091,0.28,-0.02,95.7,26.8,-1.9,0,0,,0.037222222,0.003888889,-2.78E-05,,,,,,-28.7
7092,0.27,-0.02,95.7,25.8,-1.9,0,0,,0.035833333,0.00375,-2.78E-05,,,,,,-27.7
7093,0.27,-0.02,95.7,25.8,-1.9,0,0,,0.035833333,0.00375,-2.78E-05,,,,,,-27.7
7094,0.27,-0.02,95.8,25.9,-1.9,0,0,,0.035972222,0.00375,-2.78E-05,,,,,,-27.8
7095,0.26,-0.01,95.7,24.9,-1,0,0,,0.034583333,0.003611111,-1.39E-05,,,,,,-25.9
7096,0.26,-0.01,95.7,24.9,-1,0,0,,0.034583333,0.003611111,-1.39E-05,,,,,,-25.9
7097,0.26,-0.01,95.7,24.9,-1,0,0,,0.034583333,0.003611111,-1.39E-05,,,,,,-25.9
7098,0.26,-0.01,95.7,24.9,-1,0,0,,0.034583333,0.003611111,-1.39E-05,,,,,,-25.9
7099,0.26,-0.01,95.7,24.9,-1,0,0,,0.034583333,0.003611111,-1.39E-05,,,,,,-25.9
7100,0.25,-0.01,95.7,23.9,-1,0,0,,0.033194444,0.003472222,-1.39E-05,,,,,,-24.9
7101,0.25,-0.01,95.7,23.9,-1,0,0,,0.033194444,0.003472222,-1.39E-05,,,,,,-24.9
7102,0.25,-0.01,95.7,23.9,-1,0,0,,0.033194444,0.003472222,-1.39E-05,,,,,,-24.9
7103,0.25,-0.01,95.7,23.9,-1,0,0,,0.033194444,0.003472222,-1.39E-05,,,,,,-24.9
7104,0.25,-0.01,95.7,23.9,-1,0,0,,0.033194444,0.003472222,-1.39E-05,,,,,,-24.9
7105,0.25,-0.01,95.7,23.9,-1,0,0,,0.033194444,0.003472222,-1.39E-05,,,,,,-24.9
7106,0.24,-0.01,95.7,23,-1,0,0,,0.031944444,0.003333333,-1.39E-05,,,,,,-24
7107,0.24,-0.01,95.7,23,-1,0,0,,0.031944444,0.003333333,-1.39E-05,,,,,,-24
7108,0.24,0,95.7,23,0,0,0,,0.031944444,0.003333333,0,,,,,,-23
7109,0.24,0,95.7,23,0,0,0,,0.031944444,0.003333333,0,,,,,,-23
7110,0.24,0,95.7,23,0,0,0,,0.031944444,0.003333333,0,,,,,,-23
7111,0.24,0,95.7,23,0,0,0,,0.031944444,0.003333333,0,,,,,,-23
7112,0.24,0,95.7,23,0,0,0,,0.031944444,0.003333333,0,,,,,,-23
7113,0.24,0,95.7,23,0,0,0,,0.031944444,0.003333333,0,,,,,,-23
7114,0.23,0,95.7,22,0,0,0,,0.030555556,0.003194444,0,,,,,,-22
7115,0.23,0,95.7,22,0,0,0,,0.030555556,0.003194444,0,,,,,,-22
7116,0.23,0,95.7,22,0,0,0,,0.030555556,0.003194444,0,,,,,,-22
7117,0.23,0,95.7,22,0,0,0,,0.030555556,0.003194444,0,,,,,,-22
7118,0.23,0,95.7,22,0,0,0,,0.030555556,0.003194444,0,,,,,,-22
7119,0.23,0,95.7,22,0,0,0,,0.030555556,0.003194444,0,,,,,,-22
7120,0.23,0,95.7,22,0,0,0,,0.030555556,0.003194444,0,,,,,,-22
7121,0.22,0,95.7,21.1,0,0,0,,0.029305556,0.003055556,0,,,,,,-21.1
7122,0.22,0,95.7,21.1,0,0,0,,0.029305556,0.003055556,0,,,,,,-21.1
7123,0.22,0.01,95.7,21.1,1,0,0,,0.029305556,0.003055556,1.39E-05,,,,,,-20.1
7124,0.22,0.01,95.7,21.1,1,0,0,,0.029305556,0.003055556,1.39E-05,,,,,,-20.1
7125,0.22,0.01,95.7,21.1,1,0,0,,0.029305556,0.003055556,1.39E-05,,,,,,-20.1
7126,0.22,0.01,95.7,21.1,1,0,0,,0.029305556,0.003055556,1.39E-05,,,,,,-20.1
7127,0.22,0.01,95.7,21.1,1,0,0,,0.029305556,0.003055556,1.39E-05,,,,,,-20.1
7128,0.22,0.01,95.7,21.1,1,0,0,,0.029305556,0.003055556,1.39E-05,,,,,,-20.1
7129,0.21,0.01,95.7,20.1,1,0,0,,0.027916667,0.002916667,1.39E-05,,,,,,-19.1
7130,0.21,0.01,95.7,20.1,1,0,0,,0.027916667,0.002916667,1.39E-05,,,,,,-19.1
7131,0.21,0.01,95.7,20.1,1,0,0,,0.027916667,0.002916667,1.39E-05,,,,,,-19.1
7132,0.21,0.01,95.7,20.1,1,0,0,,0.027916667,0.002916667,1.39E-05,,,,,,-19.1
7133,0.21,0.01,95.7,20.1,1,0,0,,0.027916667,0.002916667,1.39E-05,,,,,,-19.1
7134,0.21,0.01,95.7,20.1,1,0,0,,0.027916667,0.002916667,1.39E-05,,,,,,-19.1
7135,0.21,0.02,95.7,20.1,1.9,0,0,,0.027916667,0.002916667,2.78E-05,,,,,,-18.2
7136,0.21,0.02,95.7,20.1,1.9,0,0,,0.027916667,0.002916667,2.78E-05,,,,,,-18.2
7137,0.21,0.01,95.7,20.1,1,0,0,,0.027916667,0.002916667,1.39E-05,,,,,,-19.1
7138,0.21,0.01,95.7,20.1,1,0,0,,0.027916667,0.002916667,1.39E-05,,,,,,-19.1
7139,0.21,0.03,95.7,20.1,2.9,0,0,,0.027916667,0.002916667,4.17E-05,,,,,,-17.2
7140,0.2,0.02,95.7,19.1,1.9,0,0,,0.026527778,0.002777778,2.78E-05,,,,,,-17.2
7141,0.2,0.02,95.7,19.1,1.9,0,0,,0.026527778,0.002777778,2.78E-05,,,,,,-17.2
7142,0.2,0.02,95.7,19.1,1.9,0,0,,0.026527778,0.002777778,2.78E-05,,,,,,-17.2
7143,0.21,0.02,95.7,20.1,1.9,0,0,,0.027916667,0.002916667,2.78E-05,,,,,,-18.2
7144,0.21,0.02,95.7,20.1,1.9,0,0,,0.027916667,0.002916667,2.78E-05,,,,,,-18.2
7145,0.21,0.02,95.7,20.1,1.9,0,0,,0.027916667,0.002916667,2.78E-05,,,,,,-18.2
7146,0.2,0.02,95.7,19.1,1.9,0,0,,0.026527778,0.002777778,2.78E-05,,,,,,-17.2
7147,0.2,0.02,95.7,19.1,1.9,0,0,,0.026527778,0.002777778,2.78E-05,,,,,,-17.2
7148,0.2,0.02,95.7,19.1,1.9,0,0,,0.026527778,0.002777778,2.78E-05,,,,,,-17.2
7149,0.2,0.02,95.7,19.1,1.9,0,0,,0.026527778,0.002777778,2.78E-05,,,,,,-17.2
7150,0.2,0.02,95.7,19.1,1.9,0,0,,0.026527778,0.002777778,2.78E-05,,,,,,-17.2
7151,0.2,0.02,95.7,19.1,1.9,0,0,,0.026527778,0.002777778,2.78E-05,,,,,,-17.2
7152,0.2,0.02,95.7,19.1,1.9,0,0,,0.026527778,0.002777778,2.78E-05,,,,,,-17.2
7153,0.2,0.02,95.7,19.1,1.9,0,0,,0.026527778,0.002777778,2.78E-05,,,,,,-17.2
7154,0.2,0.02,95.7,19.1,1.9,0,0,,0.026527778,0.002777778,2.78E-05,,,,,,-17.2
7155,0.19,0.02,95.7,18.2,1.9,0,0,,0.025277778,0.002638889,2.78E-05,,,,,,-16.3
7156,0.19,0.02,95.7,18.2,1.9,0,0,,0.025277778,0.002638889,2.78E-05,,,,,,-16.3
7157,0.19,0.02,95.7,18.2,1.9,0,0,,0.025277778,0.002638889,2.78E-05,,,,,,-16.3
7158,0.19,0.02,95.7,18.2,1.9,0,0,,0.025277778,0.002638889,2.78E-05,,,,,,-16.3
7159,0.19,0.02,95.7,18.2,1.9,0,0,,0.025277778,0.002638889,2.78E-05,,,,,,-16.3
7160,0.19,0.03,95.7,18.2,2.9,0,0,,0.025277778,0.002638889,4.17E-05,,,,,,-15.3
,,,,,,,,sum,6319.423194,57.8675,-5.093166667,,,,,,
温度データ記録=,1分間隔,,,,,,,,,,0,,,,,,
データ数=,599,,,出走から停車までの発電,,,,,,,0,,,,,,
No,Temp[℃],,,5769.461111,,,,,,,0,,,,,,
1,26,,,,,,,,,,0,,,,,,
2,26,,,,,,,,,,0,,,,,,
3,26,,,,,,,,,,0,,,,,,
4,26,,,,,,,,,,0,,,,,,
5,26,,,,,,,,,,0,,,,,,
6,26,,,,,,,,,,0,,,,,,
7,26,,,,,,,,,,0,,,,,,
8,26,,,,,,,,,,0,,,,,,
9,26,,,,,,,,,,0,,,,,,
10,26,,,,,,,,,,0,,,,,,
11,26,,,,,,,,,,0,,,,,,
12,26,,,,,,,,,,0,,,,,,
13,26,,,,,,,,,,0,,,,,,
14,26,,,,,,,,,,0,,,,,,
15,26,,,,,,,,,,0,,,,,,
16,26,,,,,,,,,,0,,,,,,
17,26,,,,,,,,,,0,,,,,,
18,26,,,,,,,,,,0,,,,,,
19,27,,,,,,,,,,0,,,,,,
20,27,,,,,,,,,,0,,,,,,
21,27,,,,,,,,,,0,,,,,,
22,27,,,,,,,,,,0,,,,,,
23,27,,,,,,,,,,0,,,,,,
24,27,,,,,,,,,,0,,,,,,
25,27,,,,,,,,,,0,,,,,,
26,27,,,,,,,,,,0,,,,,,
27,27,,,,,,,,,,0,,,,,,
28,27,,,,,,,,,,0,,,,,,
29,27,,,,,,,,,,0,,,,,,
30,27,,,,,,,,,,0,,,,,,
31,27,,,,,,,,,,0,,,,,,
32,28,,,,,,,,,,0,,,,,,
33,28,,,,,,,,,,0,,,,,,
34,27,,,,,,,,,,0,,,,,,
35,28,,,,,,,,,,0,,,,,,
36,28,,,,,,,,,,0,,,,,,
37,28,,,,,,,,,,0,,,,,,
38,28,,,,,,,,,,0,,,,,,
39,28,,,,,,,,,,0,,,,,,
40,28,,,,,,,,,,0,,,,,,
41,28,,,,,,,,,,0,,,,,,
42,28,,,,,,,,,,0,,,,,,
43,27,,,,,,,,,,0,,,,,,
44,28,,,,,,,,,,0,,,,,,
45,28,,,,,,,,,,0,,,,,,
46,27,,,,,,,,,,0,,,,,,
47,28,,,,,,,,,,0,,,,,,
48,27,,,,,,,,,,0,,,,,,
49,28,,,,,,,,,,0,,,,,,
50,28,,,,,,,,,,0,,,,,,
51,28,,,,,,,,,,0,,,,,,
52,28,,,,,,,,,,0,,,,,,
53,27,,,,,,,,,,0,,,,,,
54,27,,,,,,,,,,0,,,,,,
55,27,,,,,,,,,,0,,,,,,
56,27,,,,,,,,,,0,,,,,,
57,27,,,,,,,,,,0,,,,,,
58,27,,,,,,,,,,0,,,,,,
59,27,,,,,,,,,,0,,,,,,
60,27,,,,,,,,,,0,,,,,,
61,27,,,,,,,,,,0,,,,,,
62,27,,,,,,,,,,0,,,,,,
63,27,,,,,,,,,,0,,,,,,
64,27,,,,,,,,,,0,,,,,,
65,27,,,,,,,,,,0,,,,,,
66,28,,,,,,,,,,0,,,,,,
67,28,,,,,,,,,,0,,,,,,
68,28,,,,,,,,,,0,,,,,,
69,28,,,,,,,,,,0,,,,,,
70,28,,,,,,,,,,0,,,,,,
71,28,,,,,,,,,,0,,,,,,
72,28,,,,,,,,,,0,,,,,,
73,28,,,,,,,,,,0,,,,,,
74,29,,,,,,,,,,0,,,,,,
75,29,,,,,,,,,,0,,,,,,
76,29,,,,,,,,,,0,,,,,,
77,29,,,,,,,,,,0,,,,,,
78,29,,,,,,,,,,0,,,,,,
79,29,,,,,,,,,,0,,,,,,
80,29,,,,,,,,,,0,,,,,,
81,29,,,,,,,,,,0,,,,,,
82,29,,,,,,,,,,0,,,,,,
83,29,,,,,,,,,,0,,,,,,
84,29,,,,,,,,,,0,,,,,,
85,30,,,,,,,,,,0,,,,,,
86,30,,,,,,,,,,0,,,,,,
87,30,,,,,,,,,,0,,,,,,
88,30,,,,,,,,,,0,,,,,,
89,30,,,,,,,,,,0,,,,,,
90,30,,,,,,,,,,0,,,,,,
91,30,,,,,,,,,,0,,,,,,
92,30,,,,,,,,,,0,,,,,,
93,30,,,,,,,,,,0,,,,,,
94,30,,,,,,,,,,0,,,,,,
95,30,,,,,,,,,,0,,,,,,
96,30,,,,,,,,,,0,,,,,,
97,30,,,,,,,,,,0,,,,,,
98,30,,,,,,,,,,0,,,,,,
99,30,,,,,,,,,,0,,,,,,
100,30,,,,,,,,,,0,,,,,,
101,30,,,,,,,,,,0,,,,,,
102,31,,,,,,,,,,0,,,,,,
103,31,,,,,,,,,,0,,,,,,
104,31,,,,,,,,,,0,,,,,,
105,31,,,,,,,,,,0,,,,,,
106,31,,,,,,,,,,0,,,,,,
107,31,,,,,,,,,,0,,,,,,
108,31,,,,,,,,,,0,,,,,,
109,31,,,,,,,,,,0,,,,,,
110,31,,,,,,,,,,0,,,,,,
111,31,,,,,,,,,,0,,,,,,
112,31,,,,,,,,,,0,,,,,,
113,31,,,,,,,,,,0,,,,,,
114,31,,,,,,,,,,0,,,,,,
115,31,,,,,,,,,,0,,,,,,
116,31,,,,,,,,,,0,,,,,,
117,31,,,,,,,,,,0,,,,,,
118,31,,,,,,,,,,0,,,,,,
119,31,,,,,,,,,,0,,,,,,
120,32,,,,,,,,,,0,,,,,,
121,32,,,,,,,,,,0,,,,,,
122,32,,,,,,,,,,0,,,,,,
123,32,,,,,,,,,,0,,,,,,
124,32,,,,,,,,,,0,,,,,,
125,32,,,,,,,,,,0,,,,,,
126,32,,,,,,,,,,0,,,,,,
127,32,,,,,,,,,,0,,,,,,
128,32,,,,,,,,,,0,,,,,,
129,32,,,,,,,,,,0,,,,,,
130,32,,,,,,,,,,0,,,,,,
131,32,,,,,,,,,,0,,,,,,
132,32,,,,,,,,,,0,,,,,,
133,32,,,,,,,,,,0,,,,,,
134,32,,,,,,,,,,0,,,,,,
135,32,,,,,,,,,,0,,,,,,
136,32,,,,,,,,,,0,,,,,,
137,32,,,,,,,,,,0,,,,,,
138,32,,,,,,,,,,0,,,,,,
139,33,,,,,,,,,,0,,,,,,
140,33,,,,,,,,,,0,,,,,,
141,33,,,,,,,,,,0,,,,,,
142,33,,,,,,,,,,0,,,,,,
143,33,,,,,,,,,,0,,,,,,
144,33,,,,,,,,,,0,,,,,,
145,33,,,,,,,,,,0,,,,,,
146,33,,,,,,,,,,0,,,,,,
147,33,,,,,,,,,,0,,,,,,
148,33,,,,,,,,,,0,,,,,,
149,33,,,,,,,,,,0,,,,,,
150,33,,,,,,,,,,0,,,,,,
151,33,,,,,,,,,,0,,,,,,
152,33,,,,,,,,,,0,,,,,,
153,33,,,,,,,,,,0,,,,,,
154,33,,,,,,,,,,0,,,,,,
155,33,,,,,,,,,,0,,,,,,
156,33,,,,,,,,,,0,,,,,,
157,33,,,,,,,,,,0,,,,,,
158,33,,,,,,,,,,0,,,,,,
159,33,,,,,,,,,,0,,,,,,
160,33,,,,,,,,,,0,,,,,,
161,33,,,,,,,,,,0,,,,,,
162,33,,,,,,,,,,0,,,,,,
163,34,,,,,,,,,,0,,,,,,
164,34,,,,,,,,,,0,,,,,,
165,34,,,,,,,,,,0,,,,,,
166,34,,,,,,,,,,0,,,,,,
167,34,,,,,,,,,,0,,,,,,
168,34,,,,,,,,,,0,,,,,,
169,34,,,,,,,,,,0,,,,,,
170,34,,,,,,,,,,0,,,,,,
171,34,,,,,,,,,,0,,,,,,
172,34,,,,,,,,,,0,,,,,,
173,34,,,,,,,,,,0,,,,,,
174,34,,,,,,,,,,0,,,,,,
175,34,,,,,,,,,,0,,,,,,
176,34,,,,,,,,,,0,,,,,,
177,34,,,,,,,,,,0,,,,,,
178,34,,,,,,,,,,0,,,,,,
179,34,,,,,,,,,,0,,,,,,
180,34,,,,,,,,,,0,,,,,,
181,34,,,,,,,,,,0,,,,,,
182,34,,,,,,,,,,0,,,,,,
183,34,,,,,,,,,,0,,,,,,
184,34,,,,,,,,,,0,,,,,,
185,34,,,,,,,,,,0,,,,,,
186,34,,,,,,,,,,0,,,,,,
187,35,,,,,,,,,,0,,,,,,
188,34,,,,,,,,,,0,,,,,,
189,35,,,,,,,,,,0,,,,,,
190,35,,,,,,,,,,0,,,,,,
191,35,,,,,,,,,,0,,,,,,
192,35,,,,,,,,,,0,,,,,,
193,35,,,,,,,,,,0,,,,,,
194,35,,,,,,,,,,0,,,,,,
195,35,,,,,,,,,,0,,,,,,
196,35,,,,,,,,,,0,,,,,,
197,35,,,,,,,,,,0,,,,,,
198,35,,,,,,,,,,0,,,,,,
199,35,,,,,,,,,,0,,,,,,
200,35,,,,,,,,,,0,,,,,,
201,35,,,,,,,,,,0,,,,,,
202,35,,,,,,,,,,0,,,,,,
203,35,,,,,,,,,,0,,,,,,
204,35,,,,,,,,,,0,,,,,,
205,35,,,,,,,,,,0,,,,,,
206,35,,,,,,,,,,0,,,,,,
207,35,,,,,,,,,,0,,,,,,
208,35,,,,,,,,,,0,,,,,,
209,35,,,,,,,,,,0,,,,,,
210,35,,,,,,,,,,0,,,,,,
211,35,,,,,,,,,,0,,,,,,
212,35,,,,,,,,,,0,,,,,,
213,35,,,,,,,,,,0,,,,,,
214,35,,,,,,,,,,0,,,,,,
215,35,,,,,,,,,,0,,,,,,
216,35,,,,,,,,,,0,,,,,,
217,35,,,,,,,,,,0,,,,,,
218,35,,,,,,,,,,0,,,,,,
219,35,,,,,,,,,,0,,,,,,
220,35,,,,,,,,,,0,,,,,,
221,35,,,,,,,,,,0,,,,,,
222,35,,,,,,,,,,0,,,,,,
223,35,,,,,,,,,,0,,,,,,
224,35,,,,,,,,,,0,,,,,,
225,38,,,,,,,,,,0,,,,,,
226,42,,,,,,,,,,0,,,,,,
227,44,,,,,,,,,,0,,,,,,
228,47,,,,,,,,,,0,,,,,,
229,46,,,,,,,,,,0,,,,,,
230,45,,,,,,,,,,0,,,,,,
231,44,,,,,,,,,,0,,,,,,
232,42,,,,,,,,,,0,,,,,,
233,41,,,,,,,,,,0,,,,,,
234,41,,,,,,,,,,0,,,,,,
235,40,,,,,,,,,,0,,,,,,
236,39,,,,,,,,,,0,,,,,,
237,39,,,,,,,,,,0,,,,,,
238,38,,,,,,,,,,0,,,,,,
239,38,,,,,,,,,,0,,,,,,
240,38,,,,,,,,,,0,,,,,,
241,38,,,,,,,,,,0,,,,,,
242,37,,,,,,,,,,0,,,,,,
243,37,,,,,,,,,,0,,,,,,
244,37,,,,,,,,,,0,,,,,,
245,37,,,,,,,,,,0,,,,,,
246,37,,,,,,,,,,0,,,,,,
247,37,,,,,,,,,,0,,,,,,
248,37,,,,,,,,,,0,,,,,,
249,37,,,,,,,,,,0,,,,,,
250,37,,,,,,,,,,0,,,,,,
251,37,,,,,,,,,,0,,,,,,
252,37,,,,,,,,,,0,,,,,,
253,37,,,,,,,,,,0,,,,,,
254,37,,,,,,,,,,0,,,,,,
255,37,,,,,,,,,,0,,,,,,
256,37,,,,,,,,,,0,,,,,,
257,37,,,,,,,,,,0,,,,,,
258,37,,,,,,,,,,0,,,,,,
259,37,,,,,,,,,,0,,,,,,
260,37,,,,,,,,,,0,,,,,,
261,37,,,,,,,,,,0,,,,,,
262,37,,,,,,,,,,0,,,,,,
263,37,,,,,,,,,,0,,,,,,
264,37,,,,,,,,,,0,,,,,,
265,37,,,,,,,,,,0,,,,,,
266,37,,,,,,,,,,0,,,,,,
267,37,,,,,,,,,,0,,,,,,
268,37,,,,,,,,,,0,,,,,,
269,37,,,,,,,,,,0,,,,,,
270,37,,,,,,,,,,0,,,,,,
271,37,,,,,,,,,,0,,,,,,
272,37,,,,,,,,,,0,,,,,,
273,37,,,,,,,,,,0,,,,,,
274,37,,,,,,,,,,0,,,,,,
275,37,,,,,,,,,,0,,,,,,
276,37,,,,,,,,,,0,,,,,,
277,37,,,,,,,,,,0,,,,,,
278,37,,,,,,,,,,0,,,,,,
279,38,,,,,,,,,,0,,,,,,
280,38,,,,,,,,,,0,,,,,,
281,38,,,,,,,,,,0,,,,,,
282,37,,,,,,,,,,0,,,,,,
283,38,,,,,,,,,,0,,,,,,
284,38,,,,,,,,,,0,,,,,,
285,38,,,,,,,,,,0,,,,,,
286,38,,,,,,,,,,0,,,,,,
287,38,,,,,,,,,,0,,,,,,
288,37,,,,,,,,,,0,,,,,,
289,37,,,,,,,,,,0,,,,,,
290,37,,,,,,,,,,0,,,,,,
291,37,,,,,,,,,,0,,,,,,
292,37,,,,,,,,,,0,,,,,,
293,37,,,,,,,,,,0,,,,,,
294,37,,,,,,,,,,0,,,,,,
295,37,,,,,,,,,,0,,,,,,
296,37,,,,,,,,,,0,,,,,,
297,37,,,,,,,,,,0,,,,,,
298,37,,,,,,,,,,0,,,,,,
299,37,,,,,,,,,,0,,,,,,
300,37,,,,,,,,,,0,,,,,,
301,37,,,,,,,,,,0,,,,,,
302,37,,,,,,,,,,0,,,,,,
303,38,,,,,,,,,,0,,,,,,
304,37,,,,,,,,,,0,,,,,,
305,37,,,,,,,,,,0,,,,,,
306,38,,,,,,,,,,0,,,,,,
307,38,,,,,,,,,,0,,,,,,
308,38,,,,,,,,,,0,,,,,,
309,38,,,,,,,,,,0,,,,,,
310,38,,,,,,,,,,0,,,,,,
311,38,,,,,,,,,,0,,,,,,
312,38,,,,,,,,,,0,,,,,,
313,38,,,,,,,,,,0,,,,,,
314,38,,,,,,,,,,0,,,,,,
315,38,,,,,,,,,,0,,,,,,
316,38,,,,,,,,,,0,,,,,,
317,38,,,,,,,,,,0,,,,,,
318,38,,,,,,,,,,0,,,,,,
319,38,,,,,,,,,,0,,,,,,
320,38,,,,,,,,,,0,,,,,,
321,38,,,,,,,,,,0,,,,,,
322,38,,,,,,,,,,0,,,,,,
323,38,,,,,,,,,,0,,,,,,
324,38,,,,,,,,,,0,,,,,,
325,38,,,,,,,,,,0,,,,,,
326,38,,,,,,,,,,0,,,,,,
327,38,,,,,,,,,,0,,,,,,
328,38,,,,,,,,,,0,,,,,,
329,38,,,,,,,,,,0,,,,,,
330,38,,,,,,,,,,0,,,,,,
331,38,,,,,,,,,,0,,,,,,
332,39,,,,,,,,,,0,,,,,,
333,39,,,,,,,,,,0,,,,,,
334,39,,,,,,,,,,0,,,,,,
335,39,,,,,,,,,,0,,,,,,
336,39,,,,,,,,,,0,,,,,,
337,39,,,,,,,,,,0,,,,,,
338,39,,,,,,,,,,0,,,,,,
339,39,,,,,,,,,,0,,,,,,
340,39,,,,,,,,,,0,,,,,,
341,39,,,,,,,,,,0,,,,,,
342,39,,,,,,,,,,0,,,,,,
343,39,,,,,,,,,,0,,,,,,
344,40,,,,,,,,,,0,,,,,,
345,40,,,,,,,,,,0,,,,,,
346,39,,,,,,,,,,0,,,,,,
347,39,,,,,,,,,,0,,,,,,
348,39,,,,,,,,,,0,,,,,,
349,39,,,,,,,,,,0,,,,,,
350,39,,,,,,,,,,0,,,,,,
351,40,,,,,,,,,,0,,,,,,
352,40,,,,,,,,,,0,,,,,,
353,40,,,,,,,,,,0,,,,,,
354,40,,,,,,,,,,0,,,,,,
355,40,,,,,,,,,,0,,,,,,
356,40,,,,,,,,,,0,,,,,,
357,40,,,,,,,,,,0,,,,,,
358,40,,,,,,,,,,0,,,,,,
359,40,,,,,,,,,,0,,,,,,
360,40,,,,,,,,,,0,,,,,,
361,40,,,,,,,,,,0,,,,,,
362,40,,,,,,,,,,0,,,,,,
363,40,,,,,,,,,,0,,,,,,
364,39,,,,,,,,,,0,,,,,,
365,39,,,,,,,,,,0,,,,,,
366,39,,,,,,,,,,0,,,,,,
367,39,,,,,,,,,,0,,,,,,
368,39,,,,,,,,,,0,,,,,,
369,39,,,,,,,,,,0,,,,,,
370,39,,,,,,,,,,0,,,,,,
371,39,,,,,,,,,,0,,,,,,
372,38,,,,,,,,,,0,,,,,,
373,38,,,,,,,,,,0,,,,,,
374,38,,,,,,,,,,0,,,,,,
375,38,,,,,,,,,,0,,,,,,
376,38,,,,,,,,,,0,,,,,,
377,38,,,,,,,,,,0,,,,,,
378,38,,,,,,,,,,0,,,,,,
379,38,,,,,,,,,,0,,,,,,
380,37,,,,,,,,,,0,,,,,,
381,37,,,,,,,,,,0,,,,,,
382,37,,,,,,,,,,0,,,,,,
383,37,,,,,,,,,,0,,,,,,
384,37,,,,,,,,,,0,,,,,,
385,37,,,,,,,,,,0,,,,,,
386,37,,,,,,,,,,0,,,,,,
387,37,,,,,,,,,,0,,,,,,
388,37,,,,,,,,,,0,,,,,,
389,37,,,,,,,,,,0,,,,,,
390,37,,,,,,,,,,0,,,,,,
391,37,,,,,,,,,,0,,,,,,
392,37,,,,,,,,,,0,,,,,,
393,37,,,,,,,,,,0,,,,,,
394,37,,,,,,,,,,0,,,,,,
395,37,,,,,,,,,,0,,,,,,
396,37,,,,,,,,,,0,,,,,,
397,37,,,,,,,,,,0,,,,,,
398,37,,,,,,,,,,0,,,,,,
399,37,,,,,,,,,,0,,,,,,
400,37,,,,,,,,,,0,,,,,,
401,37,,,,,,,,,,0,,,,,,
402,37,,,,,,,,,,0,,,,,,
403,37,,,,,,,,,,0,,,,,,
404,37,,,,,,,,,,0,,,,,,
405,37,,,,,,,,,,0,,,,,,
406,37,,,,,,,,,,0,,,,,,
407,37,,,,,,,,,,0,,,,,,
408,37,,,,,,,,,,0,,,,,,
409,37,,,,,,,,,,0,,,,,,
410,37,,,,,,,,,,0,,,,,,
411,37,,,,,,,,,,0,,,,,,
412,37,,,,,,,,,,0,,,,,,
413,37,,,,,,,,,,0,,,,,,
414,37,,,,,,,,,,0,,,,,,
415,37,,,,,,,,,,0,,,,,,
416,37,,,,,,,,,,0,,,,,,
417,37,,,,,,,,,,0,,,,,,
418,37,,,,,,,,,,0,,,,,,
419,37,,,,,,,,,,0,,,,,,
420,37,,,,,,,,,,0,,,,,,
421,37,,,,,,,,,,0,,,,,,
422,37,,,,,,,,,,0,,,,,,
423,37,,,,,,,,,,0,,,,,,
424,37,,,,,,,,,,0,,,,,,
425,37,,,,,,,,,,0,,,,,,
426,37,,,,,,,,,,0,,,,,,
427,37,,,,,,,,,,0,,,,,,
428,37,,,,,,,,,,0,,,,,,
429,37,,,,,,,,,,0,,,,,,
430,37,,,,,,,,,,0,,,,,,
431,37,,,,,,,,,,0,,,,,,
432,37,,,,,,,,,,0,,,,,,
433,37,,,,,,,,,,0,,,,,,
434,37,,,,,,,,,,0,,,,,,
435,37,,,,,,,,,,0,,,,,,
436,37,,,,,,,,,,0,,,,,,
437,37,,,,,,,,,,0,,,,,,
438,37,,,,,,,,,,0,,,,,,
439,37,,,,,,,,,,0,,,,,,
440,37,,,,,,,,,,0,,,,,,
441,37,,,,,,,,,,0,,,,,,
442,37,,,,,,,,,,0,,,,,,
443,37,,,,,,,,,,0,,,,,,
444,37,,,,,,,,,,0,,,,,,
445,37,,,,,,,,,,0,,,,,,
446,37,,,,,,,,,,0,,,,,,
447,37,,,,,,,,,,0,,,,,,
448,37,,,,,,,,,,0,,,,,,
449,37,,,,,,,,,,0,,,,,,
450,37,,,,,,,,,,0,,,,,,
451,37,,,,,,,,,,0,,,,,,
452,37,,,,,,,,,,0,,,,,,
453,37,,,,,,,,,,0,,,,,,
454,37,,,,,,,,,,0,,,,,,
455,37,,,,,,,,,,0,,,,,,
456,37,,,,,,,,,,0,,,,,,
457,37,,,,,,,,,,0,,,,,,
458,37,,,,,,,,,,0,,,,,,
459,37,,,,,,,,,,0,,,,,,
460,37,,,,,,,,,,0,,,,,,
461,37,,,,,,,,,,0,,,,,,
462,37,,,,,,,,,,0,,,,,,
463,37,,,,,,,,,,0,,,,,,
464,37,,,,,,,,,,0,,,,,,
465,37,,,,,,,,,,0,,,,,,
466,37,,,,,,,,,,0,,,,,,
467,37,,,,,,,,,,0,,,,,,
468,37,,,,,,,,,,0,,,,,,
469,37,,,,,,,,,,0,,,,,,
470,37,,,,,,,,,,0,,,,,,
471,37,,,,,,,,,,0,,,,,,
472,37,,,,,,,,,,0,,,,,,
473,37,,,,,,,,,,0,,,,,,
474,37,,,,,,,,,,0,,,,,,
475,37,,,,,,,,,,0,,,,,,
476,37,,,,,,,,,,0,,,,,,
477,37,,,,,,,,,,0,,,,,,
478,37,,,,,,,,,,0,,,,,,
479,37,,,,,,,,,,0,,,,,,
480,37,,,,,,,,,,0,,,,,,
481,37,,,,,,,,,,0,,,,,,
482,37,,,,,,,,,,0,,,,,,
483,37,,,,,,,,,,0,,,,,,
484,37,,,,,,,,,,0,,,,,,
485,37,,,,,,,,,,0,,,,,,
486,37,,,,,,,,,,0,,,,,,
487,37,,,,,,,,,,0,,,,,,
488,37,,,,,,,,,,0,,,,,,
489,37,,,,,,,,,,0,,,,,,
490,37,,,,,,,,,,0,,,,,,
491,37,,,,,,,,,,0,,,,,,
492,37,,,,,,,,,,0,,,,,,
493,37,,,,,,,,,,0,,,,,,
494,37,,,,,,,,,,0,,,,,,
495,37,,,,,,,,,,0,,,,,,
496,37,,,,,,,,,,0,,,,,,
497,37,,,,,,,,,,0,,,,,,
498,37,,,,,,,,,,0,,,,,,
499,37,,,,,,,,,,0,,,,,,
500,37,,,,,,,,,,0,,,,,,
501,37,,,,,,,,,,0,,,,,,
502,37,,,,,,,,,,0,,,,,,
503,37,,,,,,,,,,0,,,,,,
504,37,,,,,,,,,,0,,,,,,
505,37,,,,,,,,,,0,,,,,,
506,36,,,,,,,,,,0,,,,,,
507,36,,,,,,,,,,0,,,,,,
508,36,,,,,,,,,,0,,,,,,
509,36,,,,,,,,,,0,,,,,,
510,36,,,,,,,,,,0,,,,,,
511,36,,,,,,,,,,0,,,,,,
512,36,,,,,,,,,,0,,,,,,
513,36,,,,,,,,,,0,,,,,,
514,36,,,,,,,,,,0,,,,,,
515,36,,,,,,,,,,0,,,,,,
516,36,,,,,,,,,,0,,,,,,
517,36,,,,,,,,,,0,,,,,,
518,36,,,,,,,,,,0,,,,,,
519,36,,,,,,,,,,0,,,,,,
520,36,,,,,,,,,,0,,,,,,
521,36,,,,,,,,,,0,,,,,,
522,36,,,,,,,,,,0,,,,,,
523,36,,,,,,,,,,0,,,,,,
524,36,,,,,,,,,,0,,,,,,
525,36,,,,,,,,,,0,,,,,,
526,36,,,,,,,,,,0,,,,,,
527,36,,,,,,,,,,0,,,,,,
528,36,,,,,,,,,,0,,,,,,
529,36,,,,,,,,,,0,,,,,,
530,36,,,,,,,,,,0,,,,,,
531,36,,,,,,,,,,0,,,,,,
532,36,,,,,,,,,,0,,,,,,
533,36,,,,,,,,,,0,,,,,,
534,36,,,,,,,,,,0,,,,,,
535,36,,,,,,,,,,0,,,,,,
536,36,,,,,,,,,,0,,,,,,
537,35,,,,,,,,,,0,,,,,,
538,35,,,,,,,,,,0,,,,,,
539,35,,,,,,,,,,0,,,,,,
540,35,,,,,,,,,,0,,,,,,
541,35,,,,,,,,,,0,,,,,,
542,35,,,,,,,,,,0,,,,,,
543,35,,,,,,,,,,0,,,,,,
544,35,,,,,,,,,,0,,,,,,
545,35,,,,,,,,,,0,,,,,,
546,35,,,,,,,,,,0,,,,,,
547,35,,,,,,,,,,0,,,,,,
548,35,,,,,,,,,,0,,,,,,
549,35,,,,,,,,,,0,,,,,,
550,35,,,,,,,,,,0,,,,,,
551,35,,,,,,,,,,0,,,,,,
552,35,,,,,,,,,,0,,,,,,
553,35,,,,,,,,,,0,,,,,,
554,34,,,,,,,,,,0,,,,,,
555,34,,,,,,,,,,0,,,,,,
556,34,,,,,,,,,,0,,,,,,
557,34,,,,,,,,,,0,,,,,,
558,34,,,,,,,,,,0,,,,,,
559,34,,,,,,,,,,0,,,,,,
560,34,,,,,,,,,,0,,,,,,
561,34,,,,,,,,,,0,,,,,,
562,34,,,,,,,,,,0,,,,,,
563,34,,,,,,,,,,0,,,,,,
564,34,,,,,,,,,,0,,,,,,
565,33,,,,,,,,,,0,,,,,,
566,33,,,,,,,,,,0,,,,,,
567,33,,,,,,,,,,0,,,,,,
568,33,,,,,,,,,,0,,,,,,
569,33,,,,,,,,,,0,,,,,,
570,33,,,,,,,,,,0,,,,,,
571,33,,,,,,,,,,0,,,,,,
572,33,,,,,,,,,,0,,,,,,
573,33,,,,,,,,,,0,,,,,,
574,33,,,,,,,,,,0,,,,,,
575,33,,,,,,,,,,0,,,,,,
576,33,,,,,,,,,,0,,,,,,
577,33,,,,,,,,,,0,,,,,,
578,33,,,,,,,,,,0,,,,,,
579,33,,,,,,,,,,0,,,,,,
580,33,,,,,,,,,,0,,,,,,
581,33,,,,,,,,,,0,,,,,,
582,32,,,,,,,,,,0,,,,,,
583,32,,,,,,,,,,0,,,,,,
584,32,,,,,,,,,,0,,,,,,
585,32,,,,,,,,,,0,,,,,,
586,32,,,,,,,,,,0,,,,,,
587,32,,,,,,,,,,0,,,,,,
588,32,,,,,,,,,,0,,,,,,
589,32,,,,,,,,,,0,,,,,,
590,32,,,,,,,,,,0,,,,,,
591,32,,,,,,,,,,0,,,,,,
592,32,,,,,,,,,,0,,,,,,
593,32,,,,,,,,,,0,,,,,,
594,31,,,,,,,,,,0,,,,,,
595,31,,,,,,,,,,0,,,,,,
596,31,,,,,,,,,,0,,,,,,
597,31,,,,,,,,,,0,,,,,,
598,31,,,,,,,,,,0,,,,,,
599,31,,,,,,,,,,0,,,,,,
,,,,,,,,,,,,,,,,,
周回回数=,51,,,,,,,,,,,,,,,,
No,LapTime_sec[秒],Lap_Motort_Wh[Wh],,,,,,,,,,,,,,,
1,727,128.2,,,,,,,,,,,,,,,
2,749,91.3,,,,,,,,,,,,,,,
3,646,101.8,,,,,,,,,,,,,,,
4,538,84.1,,,,,,,,,,,,,,,
5,612,144,,,,,,,,,,,,,,,
6,455,89,,,,,,,,,,,,,,,
7,568,124.8,,,,,,,,,,,,,,,
8,538,122.9,,,,,,,,,,,,,,,
9,583,90,,,,,,,,,,,,,,,
10,551,123.9,,,,,,,,,,,,,,,
11,571,102.8,,,,,,,,,,,,,,,
12,533,86,,,,,,,,,,,,,,,
13,539,125.4,,,,,,,,,,,,,,,
14,539,140.3,,,,,,,,,,,,,,,
15,527,142,,,,,,,,,,,,,,,
16,508,149.1,,,,,,,,,,,,,,,
17,512,136.4,,,,,,,,,,,,,,,
18,517,167.5,,,,,,,,,,,,,,,
19,1888,330.8,,,,,,,,,,,,,,,
20,481,141.1,,,,,,,,,,,,,,,
21,1585,297.9,,,,,,,,,,,,,,,
22,503,122.9,,,,,,,,,,,,,,,
23,534,139.4,,,,,,,,,,,,,,,
24,529,123.4,,,,,,,,,,,,,,,
25,514,148,,,,,,,,,,,,,,,
26,765,189.6,,,,,,,,,,,,,,,
27,460,150,,,,,,,,,,,,,,,
28,453,120.3,,,,,,,,,,,,,,,
29,532,146.1,,,,,,,,,,,,,,,
30,600,129.4,,,,,,,,,,,,,,,
31,2566,188.9,,,,,,,,,,,,,,,
32,516,173.2,,,,,,,,,,,,,,,
33,450,153.4,,,,,,,,,,,,,,,
34,475,149.2,,,,,,,,,,,,,,,
35,496,135.2,,,,,,,,,,,,,,,
36,499,147.7,,,,,,,,,,,,,,,
37,515,161.7,,,,,,,,,,,,,,,
38,496,151.7,,,,,,,,,,,,,,,
39,385,115.4,,,,,,,,,,,,,,,
40,500,133.9,,,,,,,,,,,,,,,
41,463,131.5,,,,,,,,,,,,,,,
42,477,128.2,,,,,,,,,,,,,,,
43,484,145.4,,,,,,,,,,,,,,,
44,482,129.5,,,,,,,,,,,,,,,
45,468,146,,,,,,,,,,,,,,,
46,478,120.8,,,,,,,,,,,,,,,
47,525,133.3,,,,,,,,,,,,,,,
48,493,104.4,,,,,,,,,,,,,,,
49,504,124.8,,,,,,,,,,,,,,,
50,498,122,,,,,,,,,,,,,,,
51,509,119.7,,,,,,,,,,,,,,,
,,,,,,,,,,,,,,,,,
sum,,7104.3,,,,,,,,,,,,,,,
